id,tipo,subtipo,escala,comuna,barrio_cod,barrio,lat,lon,area_m2,estado_cualitativo,grado_cercania,inund_fluvial,inund_pluvial,zona_inund_rio_cauca,dist_dique_cauca_m,micro_sismica_zona,micro_sismica_Aa,licuacion,corrimiento_lateral,danos_sismo_500m,danos_graves_500m,ips_cercana,dist_ips_m,socorro_cercano,dist_socorro_m,indice_afectacion_comuna,street_view
EPE_02-8413,Parque,Parque damero,Zonal,02,0294,Vipasa,3.479966,-76.51919,5292,Adecuado,Media,Sin amenaza,Sin amenaza,No,3738,Zona 4B,0.28,No,No,0,0,CENTRO ESPECIALIZADO EN FRACTURAS Y LESIONES DEPORTIVAS,247,Defensa Civil La Flora,1311,37.0,"https://www.google.com/maps/@?api=1&map_action=pano&viewpoint=3.47996562350704,-76.5191896717876"
EPE_03-8414,Parque,Parque damero,Local,02,0294,Vipasa,3.481197,-76.517145,1841,Adecuado,Alta,Sin amenaza,Sin amenaza,No,3474,Zona 4B,0.28,No,No,0,0,CENTRO ESPECIALIZADO EN FRACTURAS Y LESIONES DEPORTIVAS,468,Defensa Civil La Flora,1105,37.0,"https://www.google.com/maps/@?api=1&map_action=pano&viewpoint=3.48119673736053,-76.51714457908"
EPE_04-8415,Parque,Parque damero,Local,02,0217,Ciudad de Los Alamos,3.48457,-76.508416,2396,Medio,Alta,Sin amenaza,Sin amenaza,No,2483,Zona 4B,0.28,No,No,1,0,PUESTO DE SALUD CALIMA,720,Bomberos Estacion X8,923,37.0,"https://www.google.com/maps/@?api=1&map_action=pano&viewpoint=3.48457022744978,-76.5084158034525"
EPE_05-8416,Zona verde,No aplica,Local,02,0212,La Flora,3.482613,-76.522329,1063,Medio,Alta,Sin amenaza,Sin amenaza,No,3872,Zona 4B,0.28,No,No,8,0,RTS - SERVICIOS DE TERAPIA RENAL DEL VALLE,89,Defensa Civil La Flora,1259,37.0,"https://www.google.com/maps/@?api=1&map_action=pano&viewpoint=3.48261305235119,-76.5223289492553"
EPE_06-8417,Parque,Parque damero,Local,02,0294,Vipasa,3.482035,-76.516617,2263,Adecuado,Alta,Sin amenaza,Sin amenaza,No,3372,Zona 4B,0.28,No,No,0,0,IPS CFA LA FLORA,424,Defensa Civil La Flora,1000,37.0,"https://www.google.com/maps/@?api=1&map_action=pano&viewpoint=3.48203462136725,-76.5166171614433"
EPE_07-8418,Parque,Parque damero,Local,03,0301,El Nacional,3.443462,-76.546372,682,Medio,Alta,Sin amenaza,Sin amenaza,No,7717,Zona 3,0.35,No,No,16,0,CARLOS EDUARDO ROJAS MARTINEZ,390,Bomberos Estacion X2,1320,25.5,"https://www.google.com/maps/@?api=1&map_action=pano&viewpoint=3.4434623186548,-76.5463716443112"
EPE_08-8419,Plaza,Plaza de estancia,Local,03,0311,San Pedro,3.453644,-76.532146,2354,Adecuado,Alta,Sin amenaza,Sin amenaza,No,6051,Zona 2,0.35,No,No,2,0,ORTHOMANIA CALI CENTRO,141,Gestion del Riesgo Oficina,429,25.5,"https://www.google.com/maps/@?api=1&map_action=pano&viewpoint=3.45364423744232,-76.5321463084283"
EPE_09-8420,Parque,Parque irregular,Zonal,03,0303,San Antonio,3.444803,-76.546905,33501,Medio,Baja,Sin amenaza,Sin amenaza,No,7760,Zona 2,0.35,No,No,16,0,E.S.E. RED DE SALUD DE LADERA EMPRESA SOCIAL DEL ESTADO HOSPITAL CAÑAVERALEJO,425,Bomberos Estacion X2,1461,25.5,"https://www.google.com/maps/@?api=1&map_action=pano&viewpoint=3.44480277309522,-76.5469049127625"
EPE_10-8421,Plazoleta,Plazoleta de enlace,Local,03,0306,San Juan Bosco,3.442471,-76.532722,2415,Medio,Media,Sin amenaza,Sin amenaza,No,6228,Zona 3,0.35,No,No,6,2,Instituto Santa Maria,372,Bomberos Estacion X2,868,25.5,"https://www.google.com/maps/@?api=1&map_action=pano&viewpoint=3.44247138617291,-76.5327220758873"
EPE_100-8509,Zona verde,No aplica,Local,02,0294,Vipasa,3.477465,-76.52154,1832,Medio,Alta,Sin amenaza,Sin amenaza,No,4113,Zona 4B,0.28,No,No,0,0,FERNANDO URIBE SATIZÁBAL,285,Defensa Civil La Flora,1675,37.0,"https://www.google.com/maps/@?api=1&map_action=pano&viewpoint=3.47746455535485,-76.5215397668783"
EPE_1000-9402,Zona verde,No aplica,Local,18,1809,Horizontes,3.374653,-76.549413,2015,Insuficiente,Alta,Sin amenaza,Sin amenaza,No,8561,Zona 2,0.35,No,No,1,0,TANIA PATRICIA GOMEZ BENAVIDEZ,285,Bomberos Estacion X11,804,4.0,"https://www.google.com/maps/@?api=1&map_action=pano&viewpoint=3.37465259200207,-76.549413326879"
EPE_1001-9403,Parque,Parque en serie,Zonal,19,1923,Camino Real - Los Fundadores,3.409674,-76.541388,6517,Adecuado,Alta,Sin amenaza,Sin amenaza,No,8158,Zona 4C,0.4,No,No,1,0,Juan Carlos Posada Gaviria,206,Bomberos Estacion X5,1697,170.0,"https://www.google.com/maps/@?api=1&map_action=pano&viewpoint=3.40967391016334,-76.5413882632264"
EPE_1002-9404,Parque,Parque para la recreación especializada,Zonal,18,1803,Los Chorros,3.394375,-76.554306,5054,Medio,Alta,Sin amenaza,Sin amenaza,No,9275,Zona 3,0.35,No,No,0,0,E.S.E. HOSPITAL GERIATRICO ANCIANATO SAN MIGUEL,303,Bomberos Estacion X11,1944,4.0,"https://www.google.com/maps/@?api=1&map_action=pano&viewpoint=3.39437511319081,-76.5543055551902"
EPE_1003-9405,Parque,Parque irregular,Local,18,1897,Sector Alto Jordán,3.376028,-76.558748,334,Regular,Media,Sin amenaza,Sin amenaza,No,9591,Zona 2,0.35,No,No,0,0,E.S.E. HOSPITAL DEPARTAMENTAL MARIO CORREA RENGIFO,1149,Bomberos Estacion X11,1645,4.0,"https://www.google.com/maps/@?api=1&map_action=pano&viewpoint=3.37602820180403,-76.5587480438554"
EPE_1004-9406,Parque,Parque en serie,Local,19,1918,Urbanización Militar,3.413168,-76.538866,1506,Adecuado,Alta,Sin amenaza,Sin amenaza,No,7779,Zona 4C,0.4,No,No,22,1,SANACION Y VIDA IPS S.A.S,145,Cruz Roja San Fernando,1695,170.0,"https://www.google.com/maps/@?api=1&map_action=pano&viewpoint=3.41316801650009,-76.5388662643222"
EPE_1005-9407,Zona verde,No aplica,Local,19,1905,Eucaristico,3.425209,-76.541169,631,Regular,Media,Sin amenaza,Sin amenaza,No,7553,Zona 4C,0.4,No,No,28,3,OMAR FERNANDO VALDERRUTEN BUENO,122,Cruz Roja San Fernando,460,170.0,"https://www.google.com/maps/@?api=1&map_action=pano&viewpoint=3.42520922906466,-76.5411691063848"
EPE_1006-9408,Parque,Parque para la recreación especializada,Zonal,19,1921,Nueva Tequendama,3.41299,-76.545281,22532,Medio,Alta,Sin amenaza,Sin amenaza,No,8436,Zona 4C,0.4,No,No,17,2,Martha Cecilia Bermúdez Vallecilla,350,Bomberos Estacion X5,1152,170.0,"https://www.google.com/maps/@?api=1&map_action=pano&viewpoint=3.41299011598092,-76.5452813246329"
EPE_1007-9409,Zona verde,No aplica,Zonal,19,1984,Unidad Residencial Santiago de Cali,3.417002,-76.545269,5457,Adecuado,Alta,Sin amenaza,Sin amenaza,No,8268,Zona 4C,0.4,No,No,17,3,ANGEL DIAGNOSTICA S.A. SEDE 12,145,Bomberos Estacion X5,1082,170.0,"https://www.google.com/maps/@?api=1&map_action=pano&viewpoint=3.41700215612288,-76.5452690548136"
EPE_1008-9410,Parque,Parque con colindancia,Local,18,1898,Alto Nápoles,3.386888,-76.5527,1214,Regular,Alta,Sin amenaza,Sin amenaza,No,8971,Zona 2,0.35,No,No,0,0,Sede Prados de sur,127,Bomberos Estacion X11,1200,4.0,"https://www.google.com/maps/@?api=1&map_action=pano&viewpoint=3.38688827777653,-76.5526996173994"
EPE_1009-9411,Parque,Parque en serie,Zonal,19,1902,La Cascada,3.401279,-76.551398,6991,Medio,Alta,Sin amenaza,Sin amenaza,No,9145,Zona 4C,0.4,No,No,3,1,BIENESTAR UNIVERSATARIO UNIVERSIDAD SANTIAGO DE CALI SEDE PAMPALINDA,573,Bomberos Estacion X5,1752,170.0,"https://www.google.com/maps/@?api=1&map_action=pano&viewpoint=3.40127930464117,-76.5513984974304"
EPE_101-8510,Zona verde,No aplica,Local,02,0294,Vipasa,3.484055,-76.519718,2799,Medio,Alta,Sin amenaza,Sin amenaza,No,3541,Zona 4B,0.28,No,No,6,0,RTS - SERVICIOS DE TERAPIA RENAL DEL VALLE,317,Defensa Civil La Flora,947,37.0,"https://www.google.com/maps/@?api=1&map_action=pano&viewpoint=3.48405455484877,-76.5197176153134"
EPE_1010-9412,Parque,Parque en serie,Zonal,19,1902,La Cascada,3.400289,-76.554127,23094,Optimo,Alta,Sin amenaza,Sin amenaza,No,9407,Zona 3,0.35,No,No,1,0,E.S.E. HOSPITAL GERIATRICO ANCIANATO SAN MIGUEL,792,Bomberos Estacion X5,1818,170.0,"https://www.google.com/maps/@?api=1&map_action=pano&viewpoint=3.40028867576248,-76.5541273993666"
EPE_1011-9413,Parque,Parque en serie,Local,19,1906,San Fernando Nuevo,3.424753,-76.545408,2525,Medio,Alta,Sin amenaza,Sin amenaza,No,8021,Zona 4C,0.4,No,No,44,8,CLAUDIA JULIANA DIAZ GOMEZ,41,Cruz Roja San Fernando,283,170.0,"https://www.google.com/maps/@?api=1&map_action=pano&viewpoint=3.42475335795933,-76.5454078046642"
EPE_1012-9414,Zona verde,No aplica,Local,19,1909,Bellavista,3.445984,-76.554241,798,Regular,Media,Sin amenaza,Sin amenaza,No,8560,Zona 2,0.35,No,No,6,0,LASKIN TIENDA DERMATOLOGICA OESTE,867,Bomberos Estacion X6,1609,170.0,"https://www.google.com/maps/@?api=1&map_action=pano&viewpoint=3.44598405626697,-76.5542412872804"
EPE_1013-9415,Zona verde,No aplica,Local,18,1890,Sector Alto de los Chorros,3.394979,-76.561256,138,Insuficiente,Media,Sin amenaza,Sin amenaza,No,10045,Zona 1,0.22,No,No,0,0,E.S.E. HOSPITAL DEPARTAMENTAL MARIO CORREA RENGIFO,995,Bomberos Estacion X5,2504,4.0,"https://www.google.com/maps/@?api=1&map_action=pano&viewpoint=3.39497923827458,-76.5612561251487"
EPE_1014-9416,Zona verde,No aplica,Zonal,18,1816,Cuarteles de Nápoles,3.381775,-76.557693,11120,Regular,Alta,Sin amenaza,Sin amenaza,No,9481,Zona 2,0.35,No,No,1,0,E.S.E. HOSPITAL DEPARTAMENTAL MARIO CORREA RENGIFO,525,Bomberos Estacion X11,1484,4.0,"https://www.google.com/maps/@?api=1&map_action=pano&viewpoint=3.38177493191554,-76.5576929978998"
EPE_1015-9417,Parque,Parque con colindancia,Local,18,1897,Sector Alto Jordán,3.37807,-76.560023,368,Medio,Media,Sin amenaza,Sin amenaza,No,9730,Zona 2,0.35,No,No,1,0,E.S.E. HOSPITAL DEPARTAMENTAL MARIO CORREA RENGIFO,932,Bomberos Estacion X11,1740,4.0,"https://www.google.com/maps/@?api=1&map_action=pano&viewpoint=3.37807010143594,-76.5600230171544"
EPE_1016-9418,Parque,Parque con colindancia,Local,19,1981,Sector Altos de Santa Isabel,3.427276,-76.554096,314,Insuficiente,Media,Sin amenaza,Sin amenaza,No,8897,Zona 1,0.22,No,No,32,1,LUZ MARINA MENESES BARANDICA,526,Cruz Roja San Fernando,1033,170.0,"https://www.google.com/maps/@?api=1&map_action=pano&viewpoint=3.42727563359482,-76.5540955478865"
EPE_1017-9419,Zona verde,No aplica,Local,19,1983,Tejares - Cristales,3.439333,-76.547908,396,Regular,Alta,Sin amenaza,Sin amenaza,No,7946,Zona 1,0.22,No,No,20,1,CARLOS EDUARDO ROJAS MARTINEZ,223,Bomberos Estacion X2,1253,170.0,"https://www.google.com/maps/@?api=1&map_action=pano&viewpoint=3.43933347064525,-76.5479080352377"
EPE_1018-9420,Parque,Parque en serie,Zonal,19,1994,Pampa Linda,3.405523,-76.554511,5154,Adecuado,Alta,Sin amenaza,Sin amenaza,No,9587,Zona 3,0.35,No,No,1,0,JULIAN ALONSO CORONEL ARROYO,263,Bomberos Estacion X5,1234,170.0,"https://www.google.com/maps/@?api=1&map_action=pano&viewpoint=3.405523116794,-76.5545108915996"
EPE_1019-9421,Parque,Parque irregular,Zonal,18,1807,Francisco Eladio Ramírez,3.388435,-76.54793,10315,Adecuado,Alta,Sin amenaza,Sin amenaza,No,8467,Zona 4D,0.28,No,No,0,0,UCI DUMIAN LOS CHORROS,307,Bomberos Estacion X11,1023,4.0,"https://www.google.com/maps/@?api=1&map_action=pano&viewpoint=3.38843499914548,-76.5479297461787"
EPE_102-8511,Zona verde,No aplica,Local,02,0294,Vipasa,3.483059,-76.520074,2806,Adecuado,Alta,Sin amenaza,Sin amenaza,No,3631,Zona 4B,0.28,No,No,4,0,RTS - SERVICIOS DE TERAPIA RENAL DEL VALLE,217,Defensa Civil La Flora,1060,37.0,"https://www.google.com/maps/@?api=1&map_action=pano&viewpoint=3.48305880349659,-76.5200735003235"
EPE_1020-9422,Parque,Parque en serie,Local,19,1988,Cañaveralejo - Seguros Patria,3.403063,-76.542687,4196,Adecuado,Alta,Sin amenaza,Sin amenaza,No,8271,Zona 4C,0.4,No,No,4,1,IPS FICADES SAS,150,Bomberos Estacion X5,2035,170.0,"https://www.google.com/maps/@?api=1&map_action=pano&viewpoint=3.4030627263067,-76.5426869903664"
EPE_1021-9423,Zona verde,No aplica,Local,19,1983,Tejares - Cristales,3.434627,-76.549981,3350,Regular,Alta,Sin amenaza,Sin amenaza,No,8264,Zona 1,0.22,No,No,0,0,Centro Medico Santuario,447,Cruz Roja San Fernando,1005,170.0,"https://www.google.com/maps/@?api=1&map_action=pano&viewpoint=3.43462720714994,-76.5499809056157"
EPE_1022-9424,Zona verde,No aplica,Local,19,1981,Sector Altos de Santa Isabel,3.434527,-76.550197,2562,Insuficiente,Alta,Sin amenaza,Sin amenaza,No,8290,Zona 1,0.22,No,No,0,0,Centro Medico Santuario,468,Cruz Roja San Fernando,1010,170.0,"https://www.google.com/maps/@?api=1&map_action=pano&viewpoint=3.43452699467871,-76.5501972164508"
EPE_1023-9425,Parque,Parque en serie,Local,19,1994,Pampa Linda,3.405776,-76.552006,3987,Optimo,Alta,Sin amenaza,Sin amenaza,No,9310,Zona 4C,0.4,No,No,11,5,JULIAN ALONSO CORONEL ARROYO,226,Bomberos Estacion X5,1250,170.0,"https://www.google.com/maps/@?api=1&map_action=pano&viewpoint=3.40577550067546,-76.5520061550838"
EPE_1024-9426,Parque,Parque irregular,Zonal,19,1983,Tejares - Cristales,3.436547,-76.547052,20075,Regular,Alta,Sin amenaza,Sin amenaza,No,7904,Zona 1,0.22,No,No,2,1,CORPUS Y ROSTRUM,139,Cruz Roja San Fernando,1067,170.0,"https://www.google.com/maps/@?api=1&map_action=pano&viewpoint=3.43654706813326,-76.5470524301849"
EPE_1025-9427,Parque,Parque irregular,Zonal,19,1909,Bellavista,3.440107,-76.552217,5386,Insuficiente,Alta,Sin amenaza,Sin amenaza,No,8408,Zona 1,0.22,No,No,18,1,CARLOS EDUARDO ROJAS MARTINEZ,689,Cruz Roja San Fernando,1653,170.0,"https://www.google.com/maps/@?api=1&map_action=pano&viewpoint=3.44010726574763,-76.5522173001884"
EPE_1026-9428,Parque,Parque irregular,Local,19,1917,El Mortiñal,3.441337,-76.551066,246,Insuficiente,Media,Sin amenaza,Sin amenaza,No,8264,Zona 1,0.22,No,No,18,1,CARLOS EDUARDO ROJAS MARTINEZ,581,Bomberos Estacion X2,1658,170.0,"https://www.google.com/maps/@?api=1&map_action=pano&viewpoint=3.44133735823577,-76.5510659439941"
EPE_1027-9429,Parque,Parque irregular,Local,19,1917,El Mortiñal,3.44121,-76.551616,3878,Medio,Alta,Sin amenaza,Sin amenaza,No,8326,Zona 1,0.22,No,No,18,1,CARLOS EDUARDO ROJAS MARTINEZ,637,Bomberos Estacion X2,1710,170.0,"https://www.google.com/maps/@?api=1&map_action=pano&viewpoint=3.44120952434447,-76.5516162372851"
EPE_1028-9430,Parque,Parque en serie,Local,19,1911,Miraflores,3.438535,-76.539692,1226,Adecuado,Baja,Sin amenaza,Sin amenaza,No,7060,Zona 3,0.35,No,No,9,2,FUNDACION CENTRO TERAPEUTICO IMPRONTA IPS ROOSEVELT,163,Bomberos Estacion X2,400,170.0,"https://www.google.com/maps/@?api=1&map_action=pano&viewpoint=3.4385347001636,-76.5396923987346"
EPE_1029-9431,Parque,Parque en serie,Local,19,1911,Miraflores,3.438079,-76.539077,818,Adecuado,Baja,Sin amenaza,Sin amenaza,No,7002,Zona 3,0.35,No,No,8,1,FUNDACION CENTRO TERAPEUTICO IMPRONTA IPS ROOSEVELT,78,Bomberos Estacion X2,316,170.0,"https://www.google.com/maps/@?api=1&map_action=pano&viewpoint=3.43807904371153,-76.5390768532146"
EPE_103-8512,Zona verde,No aplica,Local,02,0295,Urbanización La Flora,3.485155,-76.519322,745,Adecuado,Alta,Sin amenaza,Sin amenaza,No,3444,Zona 4B,0.28,No,No,6,0,IPS CFA LA FLORA,337,Defensa Civil La Flora,825,37.0,"https://www.google.com/maps/@?api=1&map_action=pano&viewpoint=3.48515489178835,-76.5193216189609"
EPE_1030-9432,Parque,Parque damero,Zonal,19,1906,San Fernando Nuevo,3.431639,-76.542533,13465,Adecuado,Alta,Sin amenaza,Sin amenaza,No,7539,Zona 3,0.35,No,No,14,5,AMPARO SANCHEZ CARDENAS,116,Cruz Roja San Fernando,551,170.0,"https://www.google.com/maps/@?api=1&map_action=pano&viewpoint=3.4316393449515,-76.5425331661929"
EPE_1031-9433,Parque,Parque en serie,Local,19,1908,Santa Isabel,3.427827,-76.548088,503,Insuficiente,Media,Sin amenaza,Sin amenaza,No,8231,Zona 1,0.22,No,No,20,3,Karen Tatiana Marin Ceballos,167,Cruz Roja San Fernando,373,170.0,"https://www.google.com/maps/@?api=1&map_action=pano&viewpoint=3.42782703696444,-76.5480883362704"
EPE_1032-9434,Parque,Parque en serie,Local,19,1908,Santa Isabel,3.427043,-76.548278,1518,Regular,Baja,Sin amenaza,Sin amenaza,No,8270,Zona 1,0.22,No,No,38,6,Karen Tatiana Marin Ceballos,165,Cruz Roja San Fernando,388,170.0,"https://www.google.com/maps/@?api=1&map_action=pano&viewpoint=3.42704308840593,-76.5482778620516"
EPE_1033-9435,Parque,Parque en serie,Local,19,1914,Champagnat,3.427969,-76.534858,410,Medio,Media,Sin amenaza,Sin amenaza,No,6797,Zona 4C,0.4,No,No,12,4,Fundacion Equipo Scout de Emergencia,180,Bomberos Estacion X2,929,170.0,"https://www.google.com/maps/@?api=1&map_action=pano&viewpoint=3.42796898170499,-76.534858300055"
EPE_1034-9436,Parque,Parque en serie,Local,19,1914,Champagnat,3.427578,-76.53492,1005,Adecuado,Baja,Sin amenaza,Sin amenaza,No,6815,Zona 4C,0.4,No,No,13,4,Fundacion Equipo Scout de Emergencia,220,Bomberos Estacion X2,969,170.0,"https://www.google.com/maps/@?api=1&map_action=pano&viewpoint=3.42757820349777,-76.5349204587781"
EPE_1035-9437,Parque,Parque en serie,Local,19,1914,Champagnat,3.427128,-76.534972,888,Medio,Media,Sin amenaza,Sin amenaza,No,6833,Zona 4C,0.4,No,No,13,4,KAMEX FISIOTERAPIA,229,Bomberos Estacion X2,1016,170.0,"https://www.google.com/maps/@?api=1&map_action=pano&viewpoint=3.42712816766552,-76.5349723647445"
EPE_1036-9438,Parque,Parque en serie,Local,19,1914,Champagnat,3.427018,-76.534685,229,Malo,Alta,Sin amenaza,Sin amenaza,No,6806,Zona 4C,0.4,No,No,13,4,KAMEX FISIOTERAPIA,196,Bomberos Estacion X2,1036,170.0,"https://www.google.com/maps/@?api=1&map_action=pano&viewpoint=3.42701846831371,-76.5346845756996"
EPE_1037-9439,Parque,Parque en serie,Local,19,1915,Urbanización Colseguros,3.432183,-76.534038,945,Adecuado,Media,Sin amenaza,Sin amenaza,No,6607,Zona 4A,0.33,No,No,17,7,S.A.M.U. LTDA SERVICIO Y ATENCION MEDICA DE URGENCIAS LIMITADA,41,Bomberos Estacion X2,546,170.0,"https://www.google.com/maps/@?api=1&map_action=pano&viewpoint=3.43218316502277,-76.5340377538888"
EPE_1038-9440,Parque,Parque en serie,Local,19,1914,Champagnat,3.432177,-76.534131,919,Adecuado,Media,Sin amenaza,Sin amenaza,No,6617,Zona 4A,0.33,No,No,17,7,S.A.M.U. LTDA SERVICIO Y ATENCION MEDICA DE URGENCIAS LIMITADA,35,Bomberos Estacion X2,540,170.0,"https://www.google.com/maps/@?api=1&map_action=pano&viewpoint=3.432177218418,-76.5341306008673"
EPE_1039-9441,Parque,Parque en serie,Local,19,1915,Urbanización Colseguros,3.431384,-76.533824,968,Adecuado,Media,Sin amenaza,Sin amenaza,No,6601,Zona 4A,0.33,No,No,17,7,S.A.M.U. LTDA SERVICIO Y ATENCION MEDICA DE URGENCIAS LIMITADA,128,Bomberos Estacion X2,631,170.0,"https://www.google.com/maps/@?api=1&map_action=pano&viewpoint=3.43138363320507,-76.5338241533112"
EPE_104-8513,Zona verde,No aplica,Local,02,0294,Vipasa,3.48491,-76.519394,1648,Medio,Alta,Sin amenaza,Sin amenaza,No,3464,Zona 4B,0.28,No,No,6,0,IPS CFA LA FLORA,352,Defensa Civil La Flora,851,37.0,"https://www.google.com/maps/@?api=1&map_action=pano&viewpoint=3.48490986721311,-76.5193937932786"
EPE_1040-9442,Parque,Parque en serie,Local,19,1914,Champagnat,3.431365,-76.53393,1013,Adecuado,Media,Sin amenaza,Sin amenaza,No,6613,Zona 4A,0.33,No,No,17,7,S.A.M.U. LTDA SERVICIO Y ATENCION MEDICA DE URGENCIAS LIMITADA,126,Bomberos Estacion X2,626,170.0,"https://www.google.com/maps/@?api=1&map_action=pano&viewpoint=3.43136483050718,-76.5339303442065"
EPE_1041-9443,Parque,Parque en serie,Local,19,1915,Urbanización Colseguros,3.430671,-76.53366,668,Adecuado,Media,Sin amenaza,Sin amenaza,No,6599,Zona 4A,0.33,No,No,12,5,S.A.M.U. LTDA SERVICIO Y ATENCION MEDICA DE URGENCIAS LIMITADA,209,Bomberos Estacion X2,707,170.0,"https://www.google.com/maps/@?api=1&map_action=pano&viewpoint=3.43067118738868,-76.5336601199421"
EPE_1042-9444,Parque,Parque en serie,Local,19,1914,Champagnat,3.430654,-76.533747,521,Adecuado,Media,Sin amenaza,Sin amenaza,No,6609,Zona 4A,0.33,No,No,12,5,S.A.M.U. LTDA SERVICIO Y ATENCION MEDICA DE URGENCIAS LIMITADA,207,Bomberos Estacion X2,704,170.0,"https://www.google.com/maps/@?api=1&map_action=pano&viewpoint=3.430654029025,-76.533746553991"
EPE_1044-9445,Parque,Parque en serie,Local,19,1905,Eucaristico,3.426156,-76.539549,3677,Adecuado,Baja,Sin amenaza,Sin amenaza,No,7352,Zona 4C,0.4,No,No,16,1,CLINICA REY DAVID,175,Cruz Roja San Fernando,593,170.0,"https://www.google.com/maps/@?api=1&map_action=pano&viewpoint=3.42615563947033,-76.5395488375986"
EPE_1045-9446,Parque,Parque en serie,Local,19,1905,Eucaristico,3.425643,-76.539121,1933,Adecuado,Baja,Sin amenaza,Sin amenaza,No,7321,Zona 4C,0.4,No,No,16,1,CLINICA REY DAVID,206,Cruz Roja San Fernando,653,170.0,"https://www.google.com/maps/@?api=1&map_action=pano&viewpoint=3.42564275286672,-76.5391205094822"
EPE_1046-9447,Zona verde,No aplica,Local,19,1905,Eucaristico,3.425202,-76.53878,235,Insuficiente,Media,Sin amenaza,Sin amenaza,No,7298,Zona 4C,0.4,No,No,15,0,CLINICA REY DAVID,248,Cruz Roja San Fernando,703,170.0,"https://www.google.com/maps/@?api=1&map_action=pano&viewpoint=3.42520188864914,-76.5387804826018"
EPE_1047-9448,Zona verde,No aplica,Local,19,1905,Eucaristico,3.425174,-76.539165,215,Malo,Media,Sin amenaza,Sin amenaza,No,7340,Zona 4C,0.4,No,No,15,0,CLINICA REY DAVID,258,Cruz Roja San Fernando,664,170.0,"https://www.google.com/maps/@?api=1&map_action=pano&viewpoint=3.42517441642,-76.5391650711572"
EPE_1048-9449,Parque,Parque en serie,Local,19,1904,Urbanización Tequendama,3.418425,-76.545794,2405,Adecuado,Baja,Sin amenaza,Sin amenaza,No,8268,Zona 4C,0.4,No,No,15,4,"""COOPERATIVA DE SERVICIOS SOLIDARIOS DE SALUD EMSSANAR LTDA """"COOEMSSANAR IPS"""" - CALI TEQUENDAMA 44""",68,Cruz Roja San Fernando,985,170.0,"https://www.google.com/maps/@?api=1&map_action=pano&viewpoint=3.41842492751612,-76.5457938634221"
EPE_1049-9450,Parque,Parque en serie,Zonal,19,1901,El Refugio,3.396685,-76.549276,11272,Adecuado,Alta,Sin amenaza,Sin amenaza,No,8785,Zona 4D,0.28,No,No,11,4,ANGIOGRAFIA DE OCCIDENTE S.A.-IPS CAPITOLIO,369,Bomberos Estacion X11,1940,170.0,"https://www.google.com/maps/@?api=1&map_action=pano&viewpoint=3.39668477912356,-76.5492760631498"
EPE_105-8514,Zona verde,No aplica,Local,02,0294,Vipasa,3.482994,-76.51602,1909,Adecuado,Alta,Sin amenaza,Sin amenaza,No,3256,Zona 4B,0.28,No,No,0,0,IPS CFA LA FLORA,319,Defensa Civil La Flora,882,37.0,"https://www.google.com/maps/@?api=1&map_action=pano&viewpoint=3.48299364994571,-76.51602029879"
EPE_1050-9451,Parque,Parque en serie,Local,19,1901,El Refugio,3.397123,-76.54697,1351,Medio,Alta,Sin amenaza,Sin amenaza,No,8549,Zona 4D,0.28,No,No,14,5,ANGIOGRAFIA DE OCCIDENTE S.A.-IPS CAPITOLIO,143,Bomberos Estacion X11,1934,170.0,"https://www.google.com/maps/@?api=1&map_action=pano&viewpoint=3.39712330657051,-76.5469699571531"
EPE_1051-9452,Parque,Parque en serie,Local,19,1901,El Refugio,3.397081,-76.547563,431,Medio,Media,Sin amenaza,Sin amenaza,No,8611,Zona 4D,0.28,No,No,13,5,ANGIOGRAFIA DE OCCIDENTE S.A.-IPS CAPITOLIO,196,Bomberos Estacion X11,1940,170.0,"https://www.google.com/maps/@?api=1&map_action=pano&viewpoint=3.39708058480805,-76.547563366079"
EPE_1052-9453,Parque,Parque en serie,Local,19,1901,El Refugio,3.397049,-76.548079,536,Regular,Media,Sin amenaza,Sin amenaza,No,8666,Zona 4D,0.28,No,No,13,5,ANGIOGRAFIA DE OCCIDENTE S.A.-IPS CAPITOLIO,248,Bomberos Estacion X11,1947,170.0,"https://www.google.com/maps/@?api=1&map_action=pano&viewpoint=3.39704936040531,-76.5480790003563"
EPE_1053-9454,Parque,Parque en serie,Local,19,1901,El Refugio,3.396854,-76.550702,4485,Medio,Baja,Sin amenaza,Sin amenaza,No,8944,Zona 4D,0.28,No,No,10,3,E.S.E. HOSPITAL GERIATRICO ANCIANATO SAN MIGUEL,378,Bomberos Estacion X11,2007,170.0,"https://www.google.com/maps/@?api=1&map_action=pano&viewpoint=3.39685373567914,-76.5507024230078"
EPE_1054-9455,Zona verde,No aplica,Local,18,1805,Los Farallones,3.391458,-76.5532,549,Regular,Media,Sin amenaza,Sin amenaza,No,9096,Zona 4D,0.28,No,No,0,0,E.S.E. HOSPITAL GERIATRICO ANCIANATO SAN MIGUEL,292,Bomberos Estacion X11,1609,4.0,"https://www.google.com/maps/@?api=1&map_action=pano&viewpoint=3.39145820871206,-76.5532003714008"
EPE_1055-9456,Zona verde,No aplica,Local,18,1805,Los Farallones,3.39138,-76.552266,354,Regular,Media,Sin amenaza,Sin amenaza,No,8992,Zona 4D,0.28,No,No,0,0,E.S.E. HOSPITAL GERIATRICO ANCIANATO SAN MIGUEL,255,Bomberos Estacion X11,1542,4.0,"https://www.google.com/maps/@?api=1&map_action=pano&viewpoint=3.39137960366462,-76.5522659904093"
EPE_1056-9457,Zona verde,No aplica,Local,18,1805,Los Farallones,3.391158,-76.553197,545,Regular,Media,Sin amenaza,Sin amenaza,No,9090,Zona 4D,0.28,No,No,0,0,E.S.E. HOSPITAL GERIATRICO ANCIANATO SAN MIGUEL,319,Bomberos Estacion X11,1583,4.0,"https://www.google.com/maps/@?api=1&map_action=pano&viewpoint=3.39115770897261,-76.5531973849671"
EPE_1057-9458,Zona verde,No aplica,Local,18,1805,Los Farallones,3.391067,-76.552077,539,Regular,Media,Sin amenaza,Sin amenaza,No,8966,Zona 4D,0.28,No,No,0,0,E.S.E. HOSPITAL GERIATRICO ANCIANATO SAN MIGUEL,285,Bomberos Estacion X11,1501,4.0,"https://www.google.com/maps/@?api=1&map_action=pano&viewpoint=3.39106710351749,-76.552077297808"
EPE_1058-9459,Zona verde,No aplica,Local,18,1805,Los Farallones,3.390859,-76.553221,600,Regular,Media,Sin amenaza,Sin amenaza,No,9088,Zona 4D,0.28,No,No,0,0,E.S.E. HOSPITAL GERIATRICO ANCIANATO SAN MIGUEL,349,Bomberos Estacion X11,1558,4.0,"https://www.google.com/maps/@?api=1&map_action=pano&viewpoint=3.39085868248734,-76.5532211333784"
EPE_1059-9460,Zona verde,No aplica,Local,18,1805,Los Farallones,3.39076,-76.552049,705,Regular,Media,Sin amenaza,Sin amenaza,No,8957,Zona 4D,0.28,No,No,0,0,E.S.E. HOSPITAL GERIATRICO ANCIANATO SAN MIGUEL,318,Bomberos Estacion X11,1471,4.0,"https://www.google.com/maps/@?api=1&map_action=pano&viewpoint=3.39076001769382,-76.5520493122441"
EPE_106-8515,Zona verde,No aplica,Local,02,0294,Vipasa,3.482848,-76.518426,2757,Adecuado,Alta,Sin amenaza,Sin amenaza,No,3488,Zona 4B,0.28,No,No,0,0,RTS - SERVICIOS DE TERAPIA RENAL DEL VALLE,380,Defensa Civil La Flora,984,37.0,"https://www.google.com/maps/@?api=1&map_action=pano&viewpoint=3.48284809386136,-76.5184259392544"
EPE_1060-9461,Zona verde,No aplica,Local,18,1805,Los Farallones,3.390556,-76.55321,578,Regular,Media,Sin amenaza,Sin amenaza,No,9081,Zona 4D,0.28,No,No,0,0,E.S.E. HOSPITAL GERIATRICO ANCIANATO SAN MIGUEL,378,Bomberos Estacion X11,1531,4.0,"https://www.google.com/maps/@?api=1&map_action=pano&viewpoint=3.39055633891886,-76.553209987892"
EPE_1061-9462,Zona verde,No aplica,Local,18,1805,Los Farallones,3.390462,-76.552078,733,Regular,Media,Sin amenaza,Sin amenaza,No,8955,Zona 4D,0.28,No,No,0,0,E.S.E. HOSPITAL GERIATRICO ANCIANATO SAN MIGUEL,352,Bomberos Estacion X11,1446,4.0,"https://www.google.com/maps/@?api=1&map_action=pano&viewpoint=3.39046200434601,-76.5520777168213"
EPE_1062-9463,Zona verde,No aplica,Local,18,1805,Los Farallones,3.391748,-76.553179,498,Regular,Media,Sin amenaza,Sin amenaza,No,9099,Zona 4D,0.28,No,No,0,0,E.S.E. HOSPITAL GERIATRICO ANCIANATO SAN MIGUEL,264,Bomberos Estacion X11,1634,4.0,"https://www.google.com/maps/@?api=1&map_action=pano&viewpoint=3.39174771159498,-76.5531788093734"
EPE_1063-9464,Zona verde,No aplica,Local,18,1805,Los Farallones,3.391678,-76.552382,132,Regular,Media,Sin amenaza,Sin amenaza,No,9010,Zona 4D,0.28,No,No,0,0,E.S.E. HOSPITAL GERIATRICO ANCIANATO SAN MIGUEL,227,Bomberos Estacion X11,1576,4.0,"https://www.google.com/maps/@?api=1&map_action=pano&viewpoint=3.39167779106842,-76.5523819217111"
EPE_1064-9465,Parque,Parque en serie,Local,18,1812,Colinas del Sur,3.389704,-76.552434,445,Malo,Baja,Sin amenaza,Sin amenaza,No,8982,Zona 4D,0.28,No,No,0,0,UCI DUMIAN LOS CHORROS,345,Bomberos Estacion X11,1403,4.0,"https://www.google.com/maps/@?api=1&map_action=pano&viewpoint=3.38970402965818,-76.5524343571462"
EPE_1065-9466,Parque,Parque en serie,Local,18,1812,Colinas del Sur,3.389662,-76.551864,383,Malo,Baja,Sin amenaza,Sin amenaza,No,8919,Zona 4D,0.28,No,No,0,0,UCI DUMIAN LOS CHORROS,304,Bomberos Estacion X11,1361,4.0,"https://www.google.com/maps/@?api=1&map_action=pano&viewpoint=3.38966154932676,-76.5518643702059"
EPE_1066-9467,Parque,Parque en serie,Local,18,1812,Colinas del Sur,3.389255,-76.551785,367,Regular,Baja,Sin amenaza,Sin amenaza,No,8903,Zona 4D,0.28,No,No,0,0,UCI DUMIAN LOS CHORROS,261,Bomberos Estacion X11,1319,4.0,"https://www.google.com/maps/@?api=1&map_action=pano&viewpoint=3.38925472040638,-76.5517854465053"
EPE_1067-9468,Parque,Parque damero,Local,18,1897,Sector Alto Jordán,3.376064,-76.556552,982,Malo,Media,Sin amenaza,Sin amenaza,No,9347,Zona 2,0.35,No,No,0,0,TANIA PATRICIA GOMEZ BENAVIDEZ,1032,Bomberos Estacion X11,1410,4.0,"https://www.google.com/maps/@?api=1&map_action=pano&viewpoint=3.3760641066072,-76.5565521896357"
EPE_1068-9469,Parque,Parque irregular,Local,18,1897,Sector Alto Jordán,3.377443,-76.558551,809,Medio,Media,Sin amenaza,Sin amenaza,No,9567,Zona 2,0.35,No,No,0,0,E.S.E. HOSPITAL DEPARTAMENTAL MARIO CORREA RENGIFO,992,Bomberos Estacion X11,1589,4.0,"https://www.google.com/maps/@?api=1&map_action=pano&viewpoint=3.37744322103808,-76.5585512693599"
EPE_1069-9470,Parque,Parque irregular,Local,18,1897,Sector Alto Jordán,3.377761,-76.558686,348,Insuficiente,Media,Sin amenaza,Sin amenaza,No,9582,Zona 2,0.35,No,No,0,0,E.S.E. HOSPITAL DEPARTAMENTAL MARIO CORREA RENGIFO,957,Bomberos Estacion X11,1598,4.0,"https://www.google.com/maps/@?api=1&map_action=pano&viewpoint=3.37776122988511,-76.5586861312265"
EPE_107-8516,Zona verde,No aplica,Zonal,02,0219,Brisas de Los Alamos,3.496252,-76.501242,6878,Adecuado,Alta,Sin amenaza,Sin amenaza,No,1102,Zona 6,0.25,Sí,No,1,0,PUESTO DE SALUD CALIMA,1283,Bomberos Estacion X8,1546,37.0,"https://www.google.com/maps/@?api=1&map_action=pano&viewpoint=3.49625166385563,-76.5012418583392"
EPE_1070-9471,Parque,Parque en serie,Local,19,1988,Cañaveralejo - Seguros Patria,3.401105,-76.54247,2262,Regular,Alta,Sin amenaza,Sin amenaza,No,8193,Zona 4C,0.4,No,No,5,3,IPS FICADES SAS,153,Bomberos Estacion X5,2216,170.0,"https://www.google.com/maps/@?api=1&map_action=pano&viewpoint=3.40110474579929,-76.5424702667796"
EPE_1071-9472,Parque,Parque en serie,Local,19,1988,Cañaveralejo - Seguros Patria,3.401389,-76.541994,337,Regular,Media,Sin amenaza,Sin amenaza,No,8153,Zona 4C,0.4,No,No,4,2,IPS FICADES SAS,183,Bomberos Estacion X5,2225,170.0,"https://www.google.com/maps/@?api=1&map_action=pano&viewpoint=3.40138857130669,-76.5419935267287"
EPE_1072-9473,Parque,Parque en serie,Local,19,1904,Urbanización Tequendama,3.418976,-76.547495,621,Adecuado,Media,Sin amenaza,Sin amenaza,No,8427,Zona 4C,0.4,No,No,28,8,UNIDAD QUIRURGICA CALIDA SAS,110,Bomberos Estacion X5,874,170.0,"https://www.google.com/maps/@?api=1&map_action=pano&viewpoint=3.4189758929384,-76.5474952306695"
EPE_1073-9474,Parque,Parque en serie,Local,19,1984,Unidad Residencial Santiago de Cali,3.417746,-76.54633,4667,Adecuado,Media,Sin amenaza,Sin amenaza,No,8350,Zona 4C,0.4,No,No,6,2,"""COOPERATIVA DE SERVICIOS SOLIDARIOS DE SALUD EMSSANAR LTDA """"COOEMSSANAR IPS"""" - CALI TEQUENDAMA 44""",145,Bomberos Estacion X5,971,170.0,"https://www.google.com/maps/@?api=1&map_action=pano&viewpoint=3.41774640521523,-76.5463296481205"
EPE_1074-9475,Parque,Parque en serie,Local,19,1901,El Refugio,3.397035,-76.548566,567,Regular,Media,Sin amenaza,Sin amenaza,No,8718,Zona 4D,0.28,No,No,12,4,ANGIOGRAFIA DE OCCIDENTE S.A.-IPS CAPITOLIO,299,Bomberos Estacion X11,1957,170.0,"https://www.google.com/maps/@?api=1&map_action=pano&viewpoint=3.39703518398355,-76.5485656911652"
EPE_1075-9476,Parque,Parque en serie,Local,19,1901,El Refugio,3.396861,-76.552356,1883,Adecuado,Media,Sin amenaza,Sin amenaza,No,9122,Zona 4D,0.28,No,No,6,3,E.S.E. HOSPITAL GERIATRICO ANCIANATO SAN MIGUEL,370,Bomberos Estacion X11,2078,170.0,"https://www.google.com/maps/@?api=1&map_action=pano&viewpoint=3.39686101988366,-76.5523561520925"
EPE_1076-9477,Parque,Parque damero,Local,19,1905,Eucaristico,3.423517,-76.538317,1107,Adecuado,Baja,Sin amenaza,Sin amenaza,No,7302,Zona 4C,0.4,No,No,23,1,MEDICAMENTOS ESPECIALIZADOS S.A.,219,Cruz Roja San Fernando,828,170.0,"https://www.google.com/maps/@?api=1&map_action=pano&viewpoint=3.42351681808574,-76.5383173882321"
EPE_1077-9478,Parque,Parque damero,Local,19,1912,3 de Julio,3.431712,-76.539888,623,Medio,Media,Sin amenaza,Sin amenaza,No,7254,Zona 4C,0.4,No,No,12,3,FUNDACIÓN UNIÓN PARA EL CONTROL DEL CÁNCER - UNICÁNCER,91,Bomberos Estacion X2,569,170.0,"https://www.google.com/maps/@?api=1&map_action=pano&viewpoint=3.43171210508502,-76.5398875276704"
EPE_1078-9479,Parque,Parque en serie,Zonal,19,1922,Camino Real - Joaquin Borrero Sinisterra,3.409,-76.545588,6277,Adecuado,Alta,Sin amenaza,Sin amenaza,No,8617,,,No,No,12,5,REMY IPS CALI,455,Bomberos Estacion X5,1345,170.0,"https://www.google.com/maps/@?api=1&map_action=pano&viewpoint=3.40899992803577,-76.5455876262078"
EPE_1079-9480,Zona verde,No aplica,Local,19,1984,Unidad Residencial Santiago de Cali,3.413072,-76.547441,1305,Medio,Alta,Sin amenaza,Sin amenaza,No,8653,Zona 4C,0.4,No,No,3,1,DIANA PATRICIA ARBELAEZ FLOREZ,565,Bomberos Estacion X5,927,170.0,"https://www.google.com/maps/@?api=1&map_action=pano&viewpoint=3.41307216401271,-76.5474406678586"
EPE_108-8517,Zona verde,No aplica,Local,02,0219,Brisas de Los Alamos,3.497089,-76.498865,2001,Medio,Alta,Sin amenaza,Sin amenaza,No,822,Zona 6,0.25,Sí,No,11,0,CENTRO DE SALUD SAN LUIS II,1404,Bomberos Estacion X8,1825,37.0,"https://www.google.com/maps/@?api=1&map_action=pano&viewpoint=3.49708906696522,-76.4988651258632"
EPE_1080-9481,Parque,Parque en serie,Local,05,0599,Villa del Prado - El Guabito,3.469165,-76.487091,1660,Adecuado,Alta,Alta,Sin amenaza,No,1180,Zona 6,0.25,Sí,No,3,0,E.S.E. RED DE SALUD DEL NORTE EMPRESA SOCIAL DEL ESTADO HOSPITAL JOAQUIN PAZ BORRERO,782,Gestion del Riesgo Punto De Atención,1294,11.5,"https://www.google.com/maps/@?api=1&map_action=pano&viewpoint=3.46916460258453,-76.4870906772486"
EPE_1081-9482,Parque,Parque con colindancia,Local,05,0594,Los Parques Barranquilla,3.475806,-76.494073,2348,Adecuado,Alta,Sin amenaza,Sin amenaza,No,1568,Zona 5,0.28,Sí,No,3,0,emergroup sas,241,Gestion del Riesgo Punto De Atención,2356,11.5,"https://www.google.com/maps/@?api=1&map_action=pano&viewpoint=3.47580553253409,-76.494072826289"
EPE_1082-9483,Parque,Parque en serie,Local,05,0594,Los Parques Barranquilla,3.479345,-76.498477,2550,Medio,Alta,Sin amenaza,Sin amenaza,No,1885,Zona 4B,0.28,No,No,9,0,IPS COMFANDI TORRES,298,Bomberos Estacion X8,2138,11.5,"https://www.google.com/maps/@?api=1&map_action=pano&viewpoint=3.47934463912747,-76.4984766111887"
EPE_1083-9484,Parque,Parque en serie,Local,05,0595,Villa del Sol,3.482478,-76.494742,1413,Medio,Alta,Alta,Sin amenaza,No,1396,Zona 6,0.25,Sí,No,1,0,CENTRO DE SALUD LA RIVERA,233,Bomberos Estacion X8,2327,11.5,"https://www.google.com/maps/@?api=1&map_action=pano&viewpoint=3.48247840343592,-76.4947423641588"
EPE_1084-9485,Parque,Parque en serie,Local,05,0504,Chiminangos II,3.479843,-76.492423,3339,Adecuado,Alta,Alta,Sin amenaza,No,1224,Zona 6,0.25,Sí,No,3,0,emergroup sas,414,Gestion del Riesgo Punto De Atención,2610,11.5,"https://www.google.com/maps/@?api=1&map_action=pano&viewpoint=3.47984296310973,-76.4924230125774"
EPE_1085-9486,Parque,Parque irregular,Local,05,0503,Los Guayacanes,3.474772,-76.490692,4847,Adecuado,Alta,Alta,Sin amenaza,No,1315,Zona 5,0.28,Sí,No,3,0,emergroup sas,604,Gestion del Riesgo Punto De Atención,2033,11.5,"https://www.google.com/maps/@?api=1&map_action=pano&viewpoint=3.47477204962796,-76.4906920134509"
EPE_1086-9487,Parque,Parque con colindancia,Zonal,05,0599,Villa del Prado - El Guabito,3.463757,-76.493872,8066,Adecuado,Alta,Sin amenaza,Sin amenaza,No,1776,Zona 5,0.28,Sí,No,3,0,PUESTO DE SALUD LAS CEIBAS,749,Gestion del Riesgo Punto De Atención,1586,11.5,"https://www.google.com/maps/@?api=1&map_action=pano&viewpoint=3.46375745816449,-76.4938721176728"
EPE_1087-9488,Parque,Parque en serie,Local,05,0502,Los Andes,3.470898,-76.495302,744,Adecuado,Alta,Sin amenaza,Sin amenaza,No,1935,Zona 5,0.28,Sí,No,3,0,GRUPO MEDICO ODONTOLOGICO COLOMBIANO DE SALUD COLSALUD SAS,331,Gestion del Riesgo Punto De Atención,2085,11.5,"https://www.google.com/maps/@?api=1&map_action=pano&viewpoint=3.47089842306021,-76.4953017388392"
EPE_1088-9489,Parque,Parque con colindancia,Zonal,04,0497,La Alianza,3.474332,-76.504088,5834,Adecuado,Alta,Sin amenaza,Sin amenaza,No,2649,Zona 4B,0.28,No,No,7,1,Ambulancias Unidad Soporte Asistencial S.A.S,371,Bomberos Estacion X8,2129,21.0,"https://www.google.com/maps/@?api=1&map_action=pano&viewpoint=3.47433153016909,-76.5040876683409"
EPE_1089-9490,Parque,Parque en serie,Zonal,05,0504,Chiminangos II,3.477866,-76.494347,6364,Adecuado,Alta,Baja,Sin amenaza,No,1498,Zona 5,0.28,Sí,No,9,0,emergroup sas,119,Gestion del Riesgo Punto De Atención,2552,11.5,"https://www.google.com/maps/@?api=1&map_action=pano&viewpoint=3.47786562035949,-76.4943471508581"
EPE_109-8518,Zona verde,No aplica,Local,02,0213,La Campiña,3.4811,-76.52658,540,Regular,Alta,Sin amenaza,Sin amenaza,No,4367,Zona 3,0.35,No,No,4,0,CORPUDESA CALI,86,Defensa Civil La Flora,1722,37.0,"https://www.google.com/maps/@?api=1&map_action=pano&viewpoint=3.48110006523377,-76.5265798178605"
EPE_1090-9491,Parque,Parque damero,Zonal,05,0598,Torres de Comfandi,3.47386,-76.498958,23395,Adecuado,Alta,Sin amenaza,Sin amenaza,No,2149,Zona 4B,0.28,No,No,4,0,Ambulancias Unidad Soporte Asistencial S.A.S,212,Bomberos Estacion X8,2511,11.5,"https://www.google.com/maps/@?api=1&map_action=pano&viewpoint=3.47386006043488,-76.4989580595542"
EPE_1091-9492,Parque,Parque damero,Zonal,05,0502,Los Andes,3.470155,-76.50104,5005,Adecuado,Alta,Sin amenaza,Sin amenaza,No,2552,Zona 4B,0.28,No,No,3,1,GRUPO MEDICO ODONTOLOGICO COLOMBIANO DE SALUD COLSALUD SAS,328,Gestion del Riesgo Punto De Atención,2589,11.5,"https://www.google.com/maps/@?api=1&map_action=pano&viewpoint=3.47015506388185,-76.5010397792511"
EPE_1092-9493,Parque,Parque en serie,Local,05,0598,Torres de Comfandi,3.473939,-76.503519,2026,Malo,Alta,Sin amenaza,Sin amenaza,No,2606,Zona 4B,0.28,No,No,7,1,Ambulancias Unidad Soporte Asistencial S.A.S,301,Bomberos Estacion X8,2199,11.5,"https://www.google.com/maps/@?api=1&map_action=pano&viewpoint=3.47393903033243,-76.5035192306961"
EPE_1093-9494,Parque,Parque en serie,Local,04,0497,La Alianza,3.474161,-76.503643,2944,Adecuado,Alta,Sin amenaza,Sin amenaza,No,2609,Zona 4B,0.28,No,No,7,1,Ambulancias Unidad Soporte Asistencial S.A.S,319,Bomberos Estacion X8,2171,21.0,"https://www.google.com/maps/@?api=1&map_action=pano&viewpoint=3.47416116262463,-76.5036427325974"
EPE_1094-9495,Parque,Parque en serie,Local,05,0501,El Sena,3.464618,-76.503469,776,Medio,Alta,Sin amenaza,Sin amenaza,No,2845,Zona 4B,0.28,No,No,1,0,JDC El Troncal,708,Bomberos Estacion X3,2110,11.5,"https://www.google.com/maps/@?api=1&map_action=pano&viewpoint=3.46461797447127,-76.5034694903227"
EPE_1095-9496,Parque,Parque con colindancia,Zonal,04,0418,Olaya Herrera,3.478336,-76.509918,9291,Medio,Alta,Sin amenaza,Sin amenaza,No,3094,Zona 4B,0.28,No,No,2,0,GRUPO ALIANZA PREHOSPITALARIA,334,Bomberos Estacion X8,1450,21.0,"https://www.google.com/maps/@?api=1&map_action=pano&viewpoint=3.47833573172523,-76.5099180637616"
EPE_1096-9497,Parque,Parque con colindancia,Local,05,0595,Villa del Sol,3.483757,-76.496152,383,Regular,Media,Sin amenaza,Sin amenaza,No,1508,Zona 6,0.25,Sí,No,4,0,CENTRO DE SALUD LA RIVERA,28,Bomberos Estacion X8,2128,11.5,"https://www.google.com/maps/@?api=1&map_action=pano&viewpoint=3.48375706746498,-76.4961522432785"
EPE_1097-9498,Parque,Parque damero,Zonal,05,0504,Chiminangos II,3.479021,-76.495318,14201,Medio,Alta,Alta,Sin amenaza,No,1558,Zona 5,0.28,Sí,No,7,0,emergroup sas,164,Bomberos Estacion X8,2449,11.5,"https://www.google.com/maps/@?api=1&map_action=pano&viewpoint=3.47902127434612,-76.4953179920378"
EPE_1098-9499,Parque,Parque en serie,Local,05,0595,Villa del Sol,3.482887,-76.495402,2173,Regular,Alta,Alta,Sin amenaza,No,1453,Zona 6,0.25,Sí,No,2,0,CENTRO DE SALUD LA RIVERA,148,Bomberos Estacion X8,2242,11.5,"https://www.google.com/maps/@?api=1&map_action=pano&viewpoint=3.48288719499119,-76.4954017186193"
EPE_1099-9500,Parque,Parque en serie,Local,05,0594,Los Parques Barranquilla,3.48007,-76.498661,1006,Regular,Alta,Sin amenaza,Sin amenaza,No,1883,Zona 4B,0.28,No,No,10,0,IPS COMFANDI TORRES,305,Bomberos Estacion X8,2075,11.5,"https://www.google.com/maps/@?api=1&map_action=pano&viewpoint=3.48006978257486,-76.4986613420411"
EPE_11-8422,Zona verde,No aplica,Local,02,0215,El Bosque,3.484622,-76.528364,158,Insuficiente,Alta,Sin amenaza,Sin amenaza,No,4377,Zona 3,0.35,No,No,17,0,PUESTO DE SALUD LA CAMPIÑA,242,Defensa Civil La Flora,1687,37.0,"https://www.google.com/maps/@?api=1&map_action=pano&viewpoint=3.48462168770428,-76.5283635502922"
EPE_110-8519,Zona verde,No aplica,Zonal,01,0199,Aguacatal,3.457601,-76.557281,13013,Medio,Alta,Sin amenaza,Sin amenaza,No,8633,Zona 1,0.22,No,No,9,0,LASKIN TIENDA DERMATOLOGICA OESTE,1096,Bomberos Estacion X6,391,29.0,"https://www.google.com/maps/@?api=1&map_action=pano&viewpoint=3.45760067701178,-76.5572805702306"
EPE_1100-9501,Parque,Parque irregular,Local,05,0598,Torres de Comfandi,3.477482,-76.498822,3127,Optimo,Alta,Sin amenaza,Sin amenaza,No,1981,Zona 4B,0.28,No,No,11,0,IPS COMFANDI TORRES,295,Bomberos Estacion X8,2238,11.5,"https://www.google.com/maps/@?api=1&map_action=pano&viewpoint=3.4774824025987,-76.4988217224173"
EPE_1101-9502,Parque,Parque con colindancia,Local,05,0503,Los Guayacanes,3.473704,-76.492175,99,Regular,Alta,Alta,Sin amenaza,No,1508,Zona 5,0.28,Sí,No,5,0,emergroup sas,555,Gestion del Riesgo Punto De Atención,2041,11.5,"https://www.google.com/maps/@?api=1&map_action=pano&viewpoint=3.47370389258907,-76.4921746069555"
EPE_1102-9503,Parque,Parque con colindancia,Local,04,0406,Salomia,3.466479,-76.505152,494,Medio,Alta,Sin amenaza,Sin amenaza,No,3060,Zona 4B,0.28,No,No,2,0,JDC El Troncal,431,Bomberos Estacion X3,2233,21.0,"https://www.google.com/maps/@?api=1&map_action=pano&viewpoint=3.46647909848634,-76.5051524400781"
EPE_1103-9504,Zona verde,No aplica,Local,04,0406,Salomia,3.466529,-76.507133,930,Medio,Alta,Sin amenaza,Sin amenaza,No,3278,Zona 4B,0.28,No,No,2,2,JDC El Troncal,290,Bomberos Estacion X3,2179,21.0,"https://www.google.com/maps/@?api=1&map_action=pano&viewpoint=3.4665290945741,-76.5071326818368"
EPE_1104-9505,Parque,Parque con colindancia,Local,04,0406,Salomia,3.467038,-76.506749,1644,Medio,Alta,Sin amenaza,Sin amenaza,No,3246,Zona 4B,0.28,No,No,0,0,JDC El Troncal,262,Bomberos Estacion X3,2244,21.0,"https://www.google.com/maps/@?api=1&map_action=pano&viewpoint=3.46703763229985,-76.5067489400479"
EPE_1105-9506,Zona verde,No aplica,Local,05,0599,Villa del Prado - El Guabito,3.468036,-76.492551,982,Regular,Media,Sin amenaza,Sin amenaza,No,1762,Zona 5,0.28,Sí,No,5,0,GRUPO MEDICO ODONTOLOGICO COLOMBIANO DE SALUD COLSALUD SAS,649,Gestion del Riesgo Punto De Atención,1653,11.5,"https://www.google.com/maps/@?api=1&map_action=pano&viewpoint=3.46803603495535,-76.4925512566068"
EPE_1106-9507,Parque,Parque con colindancia,Local,04,0497,La Alianza,3.472729,-76.503529,1303,Regular,Alta,Sin amenaza,Sin amenaza,No,2660,Zona 4B,0.28,No,No,7,1,Ambulancias Unidad Soporte Asistencial S.A.S,312,Bomberos Estacion X8,2314,21.0,"https://www.google.com/maps/@?api=1&map_action=pano&viewpoint=3.47272921904521,-76.5035288316222"
EPE_1107-9508,Parque,Parque en serie,Local,04,0408,Sultana - Berlín - San Francisco,3.464805,-76.516841,3724,Adecuado,Media,Sin amenaza,Sin amenaza,No,4323,,,No,No,3,0,VITAL CENTER CALI S.A.S.,134,Bomberos Estacion X1,1267,21.0,"https://www.google.com/maps/@?api=1&map_action=pano&viewpoint=3.46480542200425,-76.5168406401841"
EPE_1108-9509,Parque,Parque damero,Local,04,0413,La Isla,3.470167,-76.516085,749,Medio,Media,Sin amenaza,Sin amenaza,No,4058,Zona 4B,0.28,No,No,2,0,PUESTO DE SALUD LA ISLA,46,Bomberos Estacion X1,1660,21.0,"https://www.google.com/maps/@?api=1&map_action=pano&viewpoint=3.47016707580034,-76.5160851356758"
EPE_1109-9510,Parque,Parque irregular,Zonal,04,0419,Unidad Residencial Bueno Madrid,3.467999,-76.515117,5143,Optimo,Alta,Sin amenaza,Sin amenaza,No,4049,,,No,No,2,0,ALBERTO LOPEZ SOLIS,76,Bomberos Estacion X1,1602,21.0,"https://www.google.com/maps/@?api=1&map_action=pano&viewpoint=3.46799890480153,-76.5151170845146"
EPE_111-8520,Zona verde,No aplica,Local,01,0199,Aguacatal,3.45856,-76.557585,4181,Medio,Alta,Sin amenaza,Sin amenaza,No,8604,,,No,No,7,0,LASKIN TIENDA DERMATOLOGICA OESTE,1187,Bomberos Estacion X6,338,29.0,"https://www.google.com/maps/@?api=1&map_action=pano&viewpoint=3.45856046815546,-76.5575854407201"
EPE_1110-9511,Parque,Parque damero,Local,04,0417,Bolivariano,3.466824,-76.514558,422,Insuficiente,Media,Sin amenaza,Sin amenaza,No,4047,,,No,No,2,0,ALBERTO LOPEZ SOLIS,71,Bomberos Estacion X1,1592,21.0,"https://www.google.com/maps/@?api=1&map_action=pano&viewpoint=3.46682449927637,-76.5145579381082"
EPE_1111-9512,Parque,Parque con colindancia,Zonal,04,0419,Unidad Residencial Bueno Madrid,3.468574,-76.51663,6592,Medio,Baja,Sin amenaza,Sin amenaza,No,4178,Zona 4B,0.28,No,No,2,0,ALBERTO LOPEZ SOLIS,232,Bomberos Estacion X1,1500,21.0,"https://www.google.com/maps/@?api=1&map_action=pano&viewpoint=3.46857385030157,-76.5166302451673"
EPE_1112-9513,Plazoleta,Plazoleta de enlace,Local,04,0410,Popular,3.469227,-76.511813,171,Insuficiente,Media,Sin amenaza,Sin amenaza,No,3658,Zona 4B,0.28,No,No,0,0,SERVICIO MEDICO EMPRESARIAL,106,Bomberos Estacion X1,1987,21.0,"https://www.google.com/maps/@?api=1&map_action=pano&viewpoint=3.46922688960096,-76.5118131953116"
EPE_1113-9514,Zona verde,No aplica,Local,04,0419,Unidad Residencial Bueno Madrid,3.46653,-76.516023,196,Medio,Alta,Sin amenaza,Sin amenaza,No,4208,,,No,No,2,0,VITAL CENTER CALI S.A.S.,81,Bomberos Estacion X1,1432,21.0,"https://www.google.com/maps/@?api=1&map_action=pano&viewpoint=3.46653006675843,-76.5160233625383"
EPE_1114-9515,Parque,Parque en serie,Local,04,0408,Sultana - Berlín - San Francisco,3.465762,-76.516551,2098,Adecuado,Media,Sin amenaza,Sin amenaza,No,4298,,,No,No,2,0,VITAL CENTER CALI S.A.S.,42,Bomberos Estacion X1,1341,21.0,"https://www.google.com/maps/@?api=1&map_action=pano&viewpoint=3.46576224329557,-76.5165506395286"
EPE_1115-9516,Parque,Parque con colindancia,Local,04,0406,Salomia,3.464312,-76.505617,1209,Regular,Alta,Sin amenaza,Sin amenaza,No,3078,Zona 4B,0.28,No,No,1,0,INSTITUTO DE DIAGNOSTICO MEDICO DESA SEDE LA PRIMERA,508,Bomberos Estacion X3,1989,21.0,"https://www.google.com/maps/@?api=1&map_action=pano&viewpoint=3.46431182250767,-76.5056167394994"
EPE_1116-9517,Parque,Parque en serie,Local,05,0501,El Sena,3.462763,-76.496717,2416,Regular,Media,Sin amenaza,Sin amenaza,No,2079,Zona 4B,0.28,No,No,2,0,GRUPO MEDICO ODONTOLOGICO COLOMBIANO DE SALUD COLSALUD SAS,805,Gestion del Riesgo Punto De Atención,1869,11.5,"https://www.google.com/maps/@?api=1&map_action=pano&viewpoint=3.46276303745295,-76.4967172409833"
EPE_1117-9518,Zona verde,No aplica,Local,05,0599,Villa del Prado - El Guabito,3.464852,-76.490426,3456,Medio,Media,Sin amenaza,Sin amenaza,No,1425,Zona 5,0.28,Sí,No,2,0,PUESTO DE SALUD LAS CEIBAS,534,Gestion del Riesgo Punto De Atención,1271,11.5,"https://www.google.com/maps/@?api=1&map_action=pano&viewpoint=3.46485183587269,-76.4904256874554"
EPE_1118-9519,Parque,Parque con colindancia,Local,05,0599,Villa del Prado - El Guabito,3.464937,-76.487282,566,Medio,Alta,Alta,Sin amenaza,No,1093,Zona 6,0.25,Sí,No,1,0,PUESTO DE SALUD LAS CEIBAS,461,Gestion del Riesgo Punto De Atención,976,11.5,"https://www.google.com/maps/@?api=1&map_action=pano&viewpoint=3.46493680565707,-76.4872820766327"
EPE_1119-9520,Parque,Parque irregular,Local,05,0504,Chiminangos II,3.479564,-76.494368,2169,Regular,Media,Alta,Sin amenaza,No,1440,Zona 5,0.28,Sí,No,9,0,emergroup sas,250,Bomberos Estacion X8,2508,11.5,"https://www.google.com/maps/@?api=1&map_action=pano&viewpoint=3.4795644561827,-76.4943679036696"
EPE_112-8521,Parque,Parque damero,Zonal,01,0199,Aguacatal,3.45922,-76.557068,5078,Adecuado,Alta,Sin amenaza,Sin amenaza,No,8517,,,No,No,6,0,LASKIN TIENDA DERMATOLOGICA OESTE,1191,Bomberos Estacion X6,248,29.0,"https://www.google.com/maps/@?api=1&map_action=pano&viewpoint=3.45921983839289,-76.557068441308"
EPE_1120-9521,Parque,Parque en serie,Local,05,0504,Chiminangos II,3.478653,-76.494244,1975,Regular,Media,Alta,Sin amenaza,No,1458,Zona 5,0.28,Sí,No,9,0,emergroup sas,175,Bomberos Estacion X8,2572,11.5,"https://www.google.com/maps/@?api=1&map_action=pano&viewpoint=3.47865296545013,-76.4942436926793"
EPE_1121-9522,Parque,Parque en serie,Local,05,0504,Chiminangos II,3.477312,-76.493718,1866,Regular,Media,Media,Sin amenaza,No,1458,Zona 5,0.28,Sí,No,6,0,emergroup sas,185,Gestion del Riesgo Punto De Atención,2460,11.5,"https://www.google.com/maps/@?api=1&map_action=pano&viewpoint=3.47731212550734,-76.4937180383071"
EPE_1122-9523,Parque,Parque en serie,Local,05,0504,Chiminangos II,3.479827,-76.493193,1474,Regular,Media,Alta,Sin amenaza,No,1307,Zona 5,0.28,Sí,No,3,0,emergroup sas,350,Bomberos Estacion X8,2609,11.5,"https://www.google.com/maps/@?api=1&map_action=pano&viewpoint=3.47982697321406,-76.4931926335964"
EPE_1123-9524,Parque,Parque en serie,Local,05,0504,Chiminangos II,3.477428,-76.49231,3007,Regular,Media,Alta,Sin amenaza,No,1311,Zona 5,0.28,Sí,No,3,0,emergroup sas,340,Gestion del Riesgo Punto De Atención,2378,11.5,"https://www.google.com/maps/@?api=1&map_action=pano&viewpoint=3.47742841507977,-76.4923100185699"
EPE_1124-9525,Parque,Parque en serie,Local,05,0504,Chiminangos II,3.479897,-76.493695,1138,Regular,Media,Alta,Sin amenaza,No,1359,Zona 5,0.28,Sí,No,7,0,emergroup sas,320,Bomberos Estacion X8,2556,11.5,"https://www.google.com/maps/@?api=1&map_action=pano&viewpoint=3.47989725644699,-76.4936945280872"
EPE_1125-9526,Parque,Parque en serie,Local,05,0504,Chiminangos II,3.475769,-76.493099,1724,Regular,Media,Baja,Sin amenaza,No,1475,Zona 5,0.28,Sí,No,3,0,emergroup sas,320,Gestion del Riesgo Punto De Atención,2283,11.5,"https://www.google.com/maps/@?api=1&map_action=pano&viewpoint=3.4757685510163,-76.4930991826926"
EPE_1126-9527,Parque,Parque en serie,Local,05,0504,Chiminangos II,3.475601,-76.492445,2001,Regular,Media,Alta,Sin amenaza,No,1422,Zona 5,0.28,Sí,No,2,0,emergroup sas,390,Gestion del Riesgo Punto De Atención,2223,11.5,"https://www.google.com/maps/@?api=1&map_action=pano&viewpoint=3.47560076776847,-76.4924448684647"
EPE_1127-9528,Parque,Parque en serie,Local,05,0504,Chiminangos II,3.47523,-76.492945,3053,Regular,Alta,Baja,Sin amenaza,No,1491,Zona 5,0.28,Sí,No,2,0,emergroup sas,373,Gestion del Riesgo Punto De Atención,2226,11.5,"https://www.google.com/maps/@?api=1&map_action=pano&viewpoint=3.47522972485541,-76.4929446631708"
EPE_1128-9529,Parque,Parque con colindancia,Local,05,0503,Los Guayacanes,3.473109,-76.488827,413,Medio,Alta,Alta,Sin amenaza,No,1176,Zona 6,0.25,Sí,No,2,0,emergroup sas,878,Gestion del Riesgo Punto De Atención,1764,11.5,"https://www.google.com/maps/@?api=1&map_action=pano&viewpoint=3.473109196698,-76.4888268474829"
EPE_1129-9530,Zona verde,No aplica,Local,05,0505,Chiminangos I,3.475856,-76.49068,1046,Medio,Baja,Alta,Sin amenaza,No,1243,Zona 5,0.28,Sí,No,3,0,emergroup sas,553,Gestion del Riesgo Punto De Atención,2132,11.5,"https://www.google.com/maps/@?api=1&map_action=pano&viewpoint=3.47585583327003,-76.4906800711094"
EPE_1130-9531,Parque,Parque damero,Local,04,0419,Unidad Residencial Bueno Madrid,3.467404,-76.516015,1515,Medio,Baja,Sin amenaza,Sin amenaza,No,4167,Zona 4B,0.28,No,No,2,0,ALBERTO LOPEZ SOLIS,119,Bomberos Estacion X1,1482,21.0,"https://www.google.com/maps/@?api=1&map_action=pano&viewpoint=3.46740389782195,-76.5160151534343"
EPE_1131-9532,Parque,Parque con colindancia,Local,04,0419,Unidad Residencial Bueno Madrid,3.466982,-76.515462,202,Medio,Baja,Sin amenaza,Sin amenaza,No,4130,,,No,No,2,0,ALBERTO LOPEZ SOLIS,69,Bomberos Estacion X1,1511,21.0,"https://www.google.com/maps/@?api=1&map_action=pano&viewpoint=3.46698234977778,-76.5154620938858"
EPE_1132-9533,Parque,Parque en serie,Local,04,0419,Unidad Residencial Bueno Madrid,3.466565,-76.516248,981,Medio,Baja,Sin amenaza,Sin amenaza,No,4229,Zona 4B,0.28,No,No,2,0,VITAL CENTER CALI S.A.S.,84,Bomberos Estacion X1,1412,21.0,"https://www.google.com/maps/@?api=1&map_action=pano&viewpoint=3.46656521052378,-76.516247895552"
EPE_1133-9534,Parque,Parque damero,Zonal,04,0408,Sultana - Berlín - San Francisco,3.466602,-76.517194,11241,Medio,Alta,Sin amenaza,Sin amenaza,No,4323,Zona 4B,0.28,No,No,2,0,VITAL CENTER CALI S.A.S.,143,Bomberos Estacion X1,1324,21.0,"https://www.google.com/maps/@?api=1&map_action=pano&viewpoint=3.46660189357851,-76.51719413086"
EPE_1134-9535,Parque,Parque damero,Local,06,0608,Los Guaduales,3.487764,-76.501202,2445,Malo,Media,Sin amenaza,Sin amenaza,No,1668,Zona 6,0.25,Sí,No,6,0,PUESTO DE SALUD CALIMA,347,Bomberos Estacion X8,1459,28.0,"https://www.google.com/maps/@?api=1&map_action=pano&viewpoint=3.4877641096757,-76.5012021792977"
EPE_1135-9536,Parque,Parque damero,Local,04,0421,Calima,3.487555,-76.501312,4011,Regular,Media,Sin amenaza,Sin amenaza,No,1694,Zona 6,0.25,Sí,No,6,0,PUESTO DE SALUD CALIMA,321,Bomberos Estacion X8,1453,21.0,"https://www.google.com/maps/@?api=1&map_action=pano&viewpoint=3.48755473390365,-76.5013115962213"
EPE_1136-9537,Parque,Parque con colindancia,Local,04,0421,Calima,3.485571,-76.502385,1594,Adecuado,Alta,Sin amenaza,Sin amenaza,No,1939,Zona 4B,0.28,No,No,7,0,PUESTO DE SALUD CALIMA,106,Bomberos Estacion X8,1412,21.0,"https://www.google.com/maps/@?api=1&map_action=pano&viewpoint=3.48557084675199,-76.5023854914696"
EPE_1137-9538,Parque,Parque con colindancia,Zonal,05,0597,Los Andes B - La Riviera,3.470176,-76.492805,19536,Medio,Alta,Sin amenaza,Sin amenaza,No,1710,Zona 5,0.28,Sí,No,4,0,GRUPO MEDICO ODONTOLOGICO COLOMBIANO DE SALUD COLSALUD SAS,588,Gestion del Riesgo Punto De Atención,1817,11.5,"https://www.google.com/maps/@?api=1&map_action=pano&viewpoint=3.4701759918321,-76.4928053431848"
EPE_1138-9539,Parque,Parque con colindancia,Zonal,05,0502,Los Andes,3.471832,-76.49718,25429,Adecuado,Alta,Sin amenaza,Sin amenaza,No,2091,Zona 5,0.28,Sí,No,3,0,GRUPO MEDICO ODONTOLOGICO COLOMBIANO DE SALUD COLSALUD SAS,240,Gestion del Riesgo Punto De Atención,2315,11.5,"https://www.google.com/maps/@?api=1&map_action=pano&viewpoint=3.47183198941235,-76.4971800878026"
EPE_1139-9540,Parque,Parque para la recreación especializada,Zonal,05,0594,Los Parques Barranquilla,3.477634,-76.497364,15876,Medio,Alta,Sin amenaza,Sin amenaza,No,1822,Zona 5,0.28,Sí,No,9,0,emergroup sas,222,Bomberos Estacion X8,2352,11.5,"https://www.google.com/maps/@?api=1&map_action=pano&viewpoint=3.47763430690767,-76.4973642145287"
EPE_114-8522,Zona verde,No aplica,Zonal,02,0203,Arboledas,3.447741,-76.551373,8429,Insuficiente,Alta,Sin amenaza,Sin amenaza,No,8230,Zona 2,0.35,No,No,4,0,LASKIN TIENDA DERMATOLOGICA OESTE,525,Bomberos Estacion X6,1472,37.0,"https://www.google.com/maps/@?api=1&map_action=pano&viewpoint=3.44774051415548,-76.5513730271238"
EPE_1140-9541,Parque,Parque en serie,Local,05,0504,Chiminangos II,3.479326,-76.494815,75,Insuficiente,Alta,Alta,Sin amenaza,No,1495,Zona 5,0.28,Sí,No,9,0,emergroup sas,207,Bomberos Estacion X8,2479,11.5,"https://www.google.com/maps/@?api=1&map_action=pano&viewpoint=3.47932559836201,-76.4948154875773"
EPE_1141-9542,Parque,Parque en serie,Local,05,0596,Paseo de Los Almendros,3.47307,-76.49361,4080,Adecuado,Alta,Sin amenaza,Sin amenaza,No,1681,Zona 5,0.28,Sí,No,2,0,emergroup sas,535,Gestion del Riesgo Punto De Atención,2099,11.5,"https://www.google.com/maps/@?api=1&map_action=pano&viewpoint=3.47306993166588,-76.4936104571514"
EPE_1142-9543,Parque,Parque en serie,Zonal,05,0501,El Sena,3.46408,-76.502909,5670,Adecuado,Alta,Sin amenaza,Sin amenaza,No,2776,Zona 4B,0.28,No,No,1,0,JDC El Troncal,794,Bomberos Estacion X3,2084,11.5,"https://www.google.com/maps/@?api=1&map_action=pano&viewpoint=3.46407963923649,-76.502908886726"
EPE_1143-9544,Parque,Parque damero,Zonal,05,0503,Los Guayacanes,3.471649,-76.488107,11314,Adecuado,Alta,Alta,Sin amenaza,No,1170,Zona 6,0.25,Sí,No,2,0,E.S.E. RED DE SALUD DEL NORTE EMPRESA SOCIAL DEL ESTADO HOSPITAL JOAQUIN PAZ BORRERO,1011,Gestion del Riesgo Punto De Atención,1584,11.5,"https://www.google.com/maps/@?api=1&map_action=pano&viewpoint=3.47164868014219,-76.4881065501992"
EPE_1144-9545,Parque,Parque en serie,Local,05,0594,Los Parques Barranquilla,3.47611,-76.497203,2032,Adecuado,Alta,Sin amenaza,Sin amenaza,No,1866,Zona 5,0.28,Sí,No,6,0,emergroup sas,259,Bomberos Estacion X8,2474,11.5,"https://www.google.com/maps/@?api=1&map_action=pano&viewpoint=3.47611037812368,-76.4972029047363"
EPE_1145-9546,Parque,Parque en serie,Local,05,0594,Los Parques Barranquilla,3.475857,-76.496508,3870,Medio,Alta,Sin amenaza,Sin amenaza,No,1807,Zona 5,0.28,Sí,No,6,0,emergroup sas,227,Gestion del Riesgo Punto De Atención,2545,11.5,"https://www.google.com/maps/@?api=1&map_action=pano&viewpoint=3.47585744495267,-76.4965078898394"
EPE_1146-9547,Parque,Parque en serie,Local,05,0501,El Sena,3.465157,-76.498588,2366,Adecuado,Alta,Sin amenaza,Sin amenaza,No,2317,Zona 4B,0.28,No,No,2,0,GRUPO MEDICO ODONTOLOGICO COLOMBIANO DE SALUD COLSALUD SAS,527,Gestion del Riesgo Punto De Atención,2132,11.5,"https://www.google.com/maps/@?api=1&map_action=pano&viewpoint=3.46515669523788,-76.4985881481465"
EPE_1147-9548,Parque,Parque en serie,Local,05,0501,El Sena,3.464387,-76.498223,3556,Adecuado,Alta,Sin amenaza,Sin amenaza,No,2264,Zona 4B,0.28,No,No,2,0,GRUPO MEDICO ODONTOLOGICO COLOMBIANO DE SALUD COLSALUD SAS,610,Gestion del Riesgo Punto De Atención,2070,11.5,"https://www.google.com/maps/@?api=1&map_action=pano&viewpoint=3.46438706949857,-76.4982230836276"
EPE_1148-9549,Parque,Parque en serie,Local,04,0401,Jorge Isaacs,3.455259,-76.518319,3791,Regular,Baja,Sin amenaza,Sin amenaza,No,4505,Zona 4B,0.28,No,No,3,0,Ambulancias Emergencia Medica Criticas S.A.S,131,Bomberos Estacion X1,1150,21.0,"https://www.google.com/maps/@?api=1&map_action=pano&viewpoint=3.45525898522133,-76.5183185085617"
EPE_1149-9550,Parque,Parque en serie,Local,04,0401,Jorge Isaacs,3.454855,-76.517985,638,Regular,Media,Sin amenaza,Sin amenaza,No,4475,Zona 4B,0.28,No,No,3,0,Ambulancias Emergencia Medica Criticas S.A.S,186,Bomberos Estacion X3,1096,21.0,"https://www.google.com/maps/@?api=1&map_action=pano&viewpoint=3.45485530607554,-76.5179850711685"
EPE_115-8523,Zona verde,No aplica,Local,02,0219,Brisas de Los Alamos,3.495271,-76.502634,2461,Adecuado,Alta,Sin amenaza,Sin amenaza,No,1286,Zona 6,0.25,Sí,No,1,0,PUESTO DE SALUD CALIMA,1174,Bomberos Estacion X8,1361,37.0,"https://www.google.com/maps/@?api=1&map_action=pano&viewpoint=3.49527106671058,-76.5026343314414"
EPE_1150-9551,Parque,Parque en serie,Local,04,0406,Salomia,3.462723,-76.503191,932,Regular,Media,Sin amenaza,Sin amenaza,No,2796,Zona 4B,0.28,No,No,1,0,PRÓVIDA FARMACÉUTICA SAS - SEDE AMBULATORIA,724,Bomberos Estacion X3,1936,21.0,"https://www.google.com/maps/@?api=1&map_action=pano&viewpoint=3.46272325069332,-76.5031914419392"
EPE_1151-9552,Parque,Parque en serie,Local,04,0406,Salomia,3.462427,-76.504063,1084,Regular,Media,Sin amenaza,Sin amenaza,No,2891,Zona 4B,0.28,No,No,1,0,PRÓVIDA FARMACÉUTICA SAS - SEDE AMBULATORIA,622,Bomberos Estacion X3,1862,21.0,"https://www.google.com/maps/@?api=1&map_action=pano&viewpoint=3.46242711050146,-76.5040632092607"
EPE_1152-9553,Parque,Parque en serie,Local,04,0406,Salomia,3.462059,-76.504068,681,Medio,Alta,Sin amenaza,Sin amenaza,No,2890,Zona 4B,0.28,No,No,1,0,PRÓVIDA FARMACÉUTICA SAS - SEDE AMBULATORIA,611,Bomberos Estacion X3,1825,21.0,"https://www.google.com/maps/@?api=1&map_action=pano&viewpoint=3.46205883243834,-76.5040678526369"
EPE_1153-9554,Zona verde,No aplica,Local,04,0419,Unidad Residencial Bueno Madrid,3.46668,-76.515559,153,Regular,Baja,Sin amenaza,Sin amenaza,No,4155,,,No,No,2,0,ALBERTO LOPEZ SOLIS,100,Bomberos Estacion X1,1486,21.0,"https://www.google.com/maps/@?api=1&map_action=pano&viewpoint=3.46668004634857,-76.5155591322554"
EPE_1154-9555,Parque,Parque para la recreación especializada,Zonal,05,0506,Metropolitano del Norte,3.480557,-76.489239,5528,Adecuado,Baja,Alta,Baja,No,863,Zona 6,0.25,Sí,No,3,0,INMEDIATA ASISTENCIA MEDICA S.A.S I.A.M,280,Gestion del Riesgo Punto De Atención,2517,11.5,"https://www.google.com/maps/@?api=1&map_action=pano&viewpoint=3.48055721767282,-76.4892392537379"
EPE_1155-9556,Parque,Parque para la recreación especializada,Local,06,0601,San Luis,3.480535,-76.489025,4689,Medio,Baja,Alta,Baja,No,842,Zona 6,0.25,Sí,No,3,0,INMEDIATA ASISTENCIA MEDICA S.A.S I.A.M,272,Gestion del Riesgo Punto De Atención,2505,28.0,"https://www.google.com/maps/@?api=1&map_action=pano&viewpoint=3.48053492765298,-76.4890245232893"
EPE_1156-9557,Parque,Parque con colindancia,Local,05,0599,Villa del Prado - El Guabito,3.466464,-76.491952,2887,Medio,Alta,Sin amenaza,Sin amenaza,No,1639,Zona 5,0.28,Sí,No,3,0,PUESTO DE SALUD LAS CEIBAS,778,Gestion del Riesgo Punto De Atención,1505,11.5,"https://www.google.com/maps/@?api=1&map_action=pano&viewpoint=3.46646405229961,-76.491951799597"
EPE_1157-9558,Parque,Parque en serie,Local,05,0599,Villa del Prado - El Guabito,3.4673,-76.492346,4493,Medio,Alta,Sin amenaza,Sin amenaza,No,1711,Zona 5,0.28,Sí,No,5,0,GRUPO MEDICO ODONTOLOGICO COLOMBIANO DE SALUD COLSALUD SAS,699,Gestion del Riesgo Punto De Atención,1590,11.5,"https://www.google.com/maps/@?api=1&map_action=pano&viewpoint=3.46729953472881,-76.4923463959219"
EPE_1158-9559,Parque,Parque con colindancia,Local,05,0599,Villa del Prado - El Guabito,3.467375,-76.494546,4965,Regular,Alta,Sin amenaza,Sin amenaza,No,1944,Zona 5,0.28,Sí,No,5,0,GRUPO MEDICO ODONTOLOGICO COLOMBIANO DE SALUD COLSALUD SAS,482,Gestion del Riesgo Punto De Atención,1806,11.5,"https://www.google.com/maps/@?api=1&map_action=pano&viewpoint=3.46737453888756,-76.4945459828457"
EPE_1159-9560,Parque,Parque en serie,Local,05,0599,Villa del Prado - El Guabito,3.466637,-76.494185,3324,Adecuado,Alta,Sin amenaza,Sin amenaza,No,1880,Zona 5,0.28,Sí,No,5,0,GRUPO MEDICO ODONTOLOGICO COLOMBIANO DE SALUD COLSALUD SAS,564,Gestion del Riesgo Punto De Atención,1733,11.5,"https://www.google.com/maps/@?api=1&map_action=pano&viewpoint=3.46663697952693,-76.4941846810962"
EPE_116-8524,Zona verde,No aplica,Local,02,0219,Brisas de Los Alamos,3.494508,-76.502906,3559,Medio,Alta,Sin amenaza,Sin amenaza,No,1348,Zona 6,0.25,Sí,No,0,0,PUESTO DE SALUD CALIMA,1092,Bomberos Estacion X8,1303,37.0,"https://www.google.com/maps/@?api=1&map_action=pano&viewpoint=3.49450805277008,-76.5029060370923"
EPE_1160-9561,Parque,Parque en serie,Local,05,0599,Villa del Prado - El Guabito,3.465859,-76.493767,3616,Medio,Alta,Sin amenaza,Sin amenaza,No,1812,Zona 5,0.28,Sí,No,3,0,GRUPO MEDICO ODONTOLOGICO COLOMBIANO DE SALUD COLSALUD SAS,656,Gestion del Riesgo Punto De Atención,1655,11.5,"https://www.google.com/maps/@?api=1&map_action=pano&viewpoint=3.4658589947201,-76.49376684341"
EPE_1161-9562,Parque,Parque irregular,Local,05,0599,Villa del Prado - El Guabito,3.465235,-76.494859,2086,Medio,Alta,Sin amenaza,Sin amenaza,No,1913,Zona 5,0.28,Sí,No,3,0,GRUPO MEDICO ODONTOLOGICO COLOMBIANO DE SALUD COLSALUD SAS,629,Gestion del Riesgo Punto De Atención,1741,11.5,"https://www.google.com/maps/@?api=1&map_action=pano&viewpoint=3.46523535617709,-76.4948586823998"
EPE_1162-9563,Parque,Parque con colindancia,Local,05,0599,Villa del Prado - El Guabito,3.465271,-76.495845,2012,Adecuado,Alta,Sin amenaza,Sin amenaza,No,2021,Zona 5,0.28,Sí,No,3,0,GRUPO MEDICO ODONTOLOGICO COLOMBIANO DE SALUD COLSALUD SAS,569,Gestion del Riesgo Punto De Atención,1845,11.5,"https://www.google.com/maps/@?api=1&map_action=pano&viewpoint=3.46527051953098,-76.4958452772001"
EPE_1163-9564,Parque,Parque irregular,Local,05,0599,Villa del Prado - El Guabito,3.466412,-76.495676,2271,Adecuado,Alta,Sin amenaza,Sin amenaza,No,2033,Zona 5,0.28,Sí,No,3,0,GRUPO MEDICO ODONTOLOGICO COLOMBIANO DE SALUD COLSALUD SAS,469,Gestion del Riesgo Punto De Atención,1874,11.5,"https://www.google.com/maps/@?api=1&map_action=pano&viewpoint=3.4664120862426,-76.4956760247611"
EPE_1164-9565,Parque,Parque en serie,Local,05,0599,Villa del Prado - El Guabito,3.462278,-76.496137,2946,Adecuado,Alta,Sin amenaza,Sin amenaza,No,2012,Zona 5,0.28,Sí,No,2,0,GRUPO MEDICO ODONTOLOGICO COLOMBIANO DE SALUD COLSALUD SAS,872,Gestion del Riesgo Punto De Atención,1796,11.5,"https://www.google.com/maps/@?api=1&map_action=pano&viewpoint=3.46227763979712,-76.496137019628"
EPE_1165-9566,Parque,Parque con colindancia,Local,05,0599,Villa del Prado - El Guabito,3.466829,-76.490139,4894,Adecuado,Alta,Alta,Sin amenaza,No,1463,Zona 5,0.28,Sí,No,2,0,PUESTO DE SALUD LAS CEIBAS,716,Gestion del Riesgo Punto De Atención,1356,11.5,"https://www.google.com/maps/@?api=1&map_action=pano&viewpoint=3.46682909172983,-76.4901385380853"
EPE_1166-9567,Zona verde,No aplica,Local,05,0599,Villa del Prado - El Guabito,3.466949,-76.487312,1872,Medio,Alta,Alta,Sin amenaza,No,1183,Zona 6,0.25,Sí,No,2,0,PUESTO DE SALUD LAS CEIBAS,683,Gestion del Riesgo Punto De Atención,1123,11.5,"https://www.google.com/maps/@?api=1&map_action=pano&viewpoint=3.46694924644421,-76.4873118035209"
EPE_1167-9568,Parque,Parque con colindancia,Zonal,05,0599,Villa del Prado - El Guabito,3.46567,-76.486788,10225,Adecuado,Alta,Alta,Sin amenaza,No,1070,Zona 6,0.25,Sí,No,1,0,PUESTO DE SALUD LAS CEIBAS,550,Gestion del Riesgo Punto De Atención,983,11.5,"https://www.google.com/maps/@?api=1&map_action=pano&viewpoint=3.46567022950167,-76.4867880213396"
EPE_1168-9569,Parque,Parque con colindancia,Zonal,05,0599,Villa del Prado - El Guabito,3.464938,-76.488052,6973,Adecuado,Alta,Media,Sin amenaza,No,1174,Zona 6,0.25,Sí,No,2,0,PUESTO DE SALUD LAS CEIBAS,458,Gestion del Riesgo Punto De Atención,1046,11.5,"https://www.google.com/maps/@?api=1&map_action=pano&viewpoint=3.46493809242017,-76.4880518948948"
EPE_1169-9570,Parque,Parque con colindancia,Local,05,0599,Villa del Prado - El Guabito,3.467461,-76.485772,1679,Medio,Alta,Alta,Sin amenaza,No,1058,Zona 6,0.25,Sí,No,2,0,E.S.E. RED DE SALUD DEL NORTE EMPRESA SOCIAL DEL ESTADO HOSPITAL JOAQUIN PAZ BORRERO,590,Gestion del Riesgo Punto De Atención,1054,11.5,"https://www.google.com/maps/@?api=1&map_action=pano&viewpoint=3.46746096991019,-76.4857720540274"
EPE_117-8525,Zona verde,No aplica,Local,02,0219,Brisas de Los Alamos,3.495014,-76.503164,2917,Medio,Alta,Sin amenaza,Sin amenaza,No,1351,Zona 6,0.25,Sí,No,0,0,PUESTO DE SALUD CALIMA,1151,Bomberos Estacion X8,1296,37.0,"https://www.google.com/maps/@?api=1&map_action=pano&viewpoint=3.4950142722819,-76.5031642400997"
EPE_1170-9571,Parque,Parque en serie,Local,05,0599,Villa del Prado - El Guabito,3.467982,-76.490445,3473,Adecuado,Alta,Alta,Sin amenaza,No,1546,Zona 5,0.28,Sí,No,4,0,PUESTO DE SALUD LAS CEIBAS,848,Gestion del Riesgo Punto De Atención,1460,11.5,"https://www.google.com/maps/@?api=1&map_action=pano&viewpoint=3.46798191117853,-76.4904451874022"
EPE_1171-9572,Parque,Parque con colindancia,Local,05,0503,Los Guayacanes,3.470574,-76.490983,1099,Adecuado,Alta,Media,Sin amenaza,No,1508,Zona 5,0.28,Sí,No,5,0,GRUPO MEDICO ODONTOLOGICO COLOMBIANO DE SALUD COLSALUD SAS,793,Gestion del Riesgo Punto De Atención,1696,11.5,"https://www.google.com/maps/@?api=1&map_action=pano&viewpoint=3.47057427635687,-76.4909827513697"
EPE_1172-9573,Zona verde,No aplica,Local,05,0503,Los Guayacanes,3.471442,-76.490478,337,Regular,Alta,Alta,Sin amenaza,No,1416,Zona 5,0.28,Sí,No,4,0,GRUPO MEDICO ODONTOLOGICO COLOMBIANO DE SALUD COLSALUD SAS,863,Gestion del Riesgo Punto De Atención,1728,11.5,"https://www.google.com/maps/@?api=1&map_action=pano&viewpoint=3.47144199871244,-76.4904778782632"
EPE_1173-9574,Parque,Parque con colindancia,Local,05,0503,Los Guayacanes,3.471343,-76.489648,1386,Optimo,Alta,Alta,Sin amenaza,No,1338,Zona 5,0.28,Sí,No,2,0,emergroup sas,938,Gestion del Riesgo Punto De Atención,1660,11.5,"https://www.google.com/maps/@?api=1&map_action=pano&viewpoint=3.47134273688368,-76.4896478700358"
EPE_1174-9575,Parque,Parque en serie,Local,05,0503,Los Guayacanes,3.471632,-76.491021,378,Regular,Alta,Media,Sin amenaza,No,1463,Zona 5,0.28,Sí,No,4,0,GRUPO MEDICO ODONTOLOGICO COLOMBIANO DE SALUD COLSALUD SAS,809,Gestion del Riesgo Punto De Atención,1784,11.5,"https://www.google.com/maps/@?api=1&map_action=pano&viewpoint=3.47163184339328,-76.4910214062019"
EPE_1175-9576,Parque,Parque en serie,Local,05,0503,Los Guayacanes,3.471809,-76.490796,310,Insuficiente,Alta,Media,Sin amenaza,No,1433,Zona 5,0.28,Sí,No,4,0,emergroup sas,816,Gestion del Riesgo Punto De Atención,1782,11.5,"https://www.google.com/maps/@?api=1&map_action=pano&viewpoint=3.47180884081165,-76.4907955057815"
EPE_1176-9577,Parque,Parque con colindancia,Local,05,0503,Los Guayacanes,3.471994,-76.491363,365,Regular,Alta,Media,Sin amenaza,No,1483,Zona 5,0.28,Sí,No,4,0,emergroup sas,761,Gestion del Riesgo Punto De Atención,1839,11.5,"https://www.google.com/maps/@?api=1&map_action=pano&viewpoint=3.47199426927129,-76.4913631481365"
EPE_1177-9578,Parque,Parque damero,Local,05,0503,Los Guayacanes,3.472655,-76.490353,1381,Regular,Alta,Media,Sin amenaza,No,1352,Zona 5,0.28,Sí,No,4,0,emergroup sas,778,Gestion del Riesgo Punto De Atención,1822,11.5,"https://www.google.com/maps/@?api=1&map_action=pano&viewpoint=3.47265460568949,-76.4903530914925"
EPE_1178-9579,Zona verde,No aplica,Local,05,0599,Villa del Prado - El Guabito,3.468578,-76.488978,3425,Medio,Alta,Alta,Sin amenaza,No,1395,Zona 6,0.25,Sí,No,4,0,PUESTO DE SALUD LAS CEIBAS,872,Gestion del Riesgo Punto De Atención,1382,11.5,"https://www.google.com/maps/@?api=1&map_action=pano&viewpoint=3.46857757192059,-76.4889777048237"
EPE_1179-9580,Parque,Parque en serie,Local,05,0599,Villa del Prado - El Guabito,3.468895,-76.487951,3846,Optimo,Alta,Alta,Sin amenaza,No,1278,Zona 6,0.25,Sí,No,3,0,E.S.E. RED DE SALUD DEL NORTE EMPRESA SOCIAL DEL ESTADO HOSPITAL JOAQUIN PAZ BORRERO,863,Gestion del Riesgo Punto De Atención,1330,11.5,"https://www.google.com/maps/@?api=1&map_action=pano&viewpoint=3.46889534927858,-76.487950765761"
EPE_118-8526,Zona verde,No aplica,Local,01,0199,Aguacatal,3.457206,-76.563135,53,Insuficiente,Alta,Sin amenaza,Sin amenaza,No,9208,,,No,No,7,0,LASKIN TIENDA DERMATOLOGICA OESTE,1654,Bomberos Estacion X6,952,29.0,"https://www.google.com/maps/@?api=1&map_action=pano&viewpoint=3.45720609534302,-76.5631353610959"
EPE_1180-9581,Parque,Parque damero,Local,05,0503,Los Guayacanes,3.472979,-76.490458,1330,Regular,Alta,Media,Sin amenaza,No,1350,Zona 5,0.28,Sí,No,6,0,emergroup sas,745,Gestion del Riesgo Punto De Atención,1858,11.5,"https://www.google.com/maps/@?api=1&map_action=pano&viewpoint=3.47297854615184,-76.4904579753221"
EPE_1181-9582,Parque,Parque con colindancia,Local,05,0503,Los Guayacanes,3.473517,-76.489919,336,Insuficiente,Alta,Alta,Sin amenaza,No,1274,Zona 5,0.28,Sí,No,4,0,emergroup sas,753,Gestion del Riesgo Punto De Atención,1870,11.5,"https://www.google.com/maps/@?api=1&map_action=pano&viewpoint=3.47351748825859,-76.4899192999295"
EPE_1182-9583,Parque,Parque en serie,Local,05,0503,Los Guayacanes,3.473976,-76.489833,306,Malo,Alta,Alta,Sin amenaza,No,1250,Zona 5,0.28,Sí,No,4,0,emergroup sas,732,Gestion del Riesgo Punto De Atención,1906,11.5,"https://www.google.com/maps/@?api=1&map_action=pano&viewpoint=3.47397648855315,-76.4898325445424"
EPE_1183-9584,Parque,Parque en serie,Local,05,0503,Los Guayacanes,3.474121,-76.489401,337,Regular,Alta,Alta,Sin amenaza,No,1199,Zona 6,0.25,Sí,No,4,0,emergroup sas,764,Gestion del Riesgo Punto De Atención,1893,11.5,"https://www.google.com/maps/@?api=1&map_action=pano&viewpoint=3.47412131398982,-76.4894010728785"
EPE_1184-9585,Parque,Parque en serie,Local,05,0503,Los Guayacanes,3.474281,-76.489455,412,Regular,Alta,Alta,Sin amenaza,No,1200,Zona 6,0.25,Sí,No,4,0,emergroup sas,750,Gestion del Riesgo Punto De Atención,1911,11.5,"https://www.google.com/maps/@?api=1&map_action=pano&viewpoint=3.47428131198423,-76.4894552666174"
EPE_1185-9586,Parque,Parque con colindancia,Local,05,0503,Los Guayacanes,3.473754,-76.489066,249,Insuficiente,Alta,Alta,Sin amenaza,No,1176,Zona 6,0.25,Sí,No,4,0,emergroup sas,817,Gestion del Riesgo Punto De Atención,1839,11.5,"https://www.google.com/maps/@?api=1&map_action=pano&viewpoint=3.47375387320476,-76.4890655076375"
EPE_1186-9587,Parque,Parque con colindancia,Local,05,0503,Los Guayacanes,3.472466,-76.487152,498,Regular,Alta,Alta,Sin amenaza,No,1034,Zona 6,0.25,Sí,No,2,0,PUESTO DE SALUD PETECUY II,930,Gestion del Riesgo Punto De Atención,1607,11.5,"https://www.google.com/maps/@?api=1&map_action=pano&viewpoint=3.4724657438802,-76.4871518163596"
EPE_1187-9588,Plazoleta,Plazoleta de enlace,Local,05,0503,Los Guayacanes,3.472892,-76.487263,534,Adecuado,Alta,Alta,Sin amenaza,No,1025,Zona 6,0.25,Sí,No,2,0,PUESTO DE SALUD PETECUY II,896,Gestion del Riesgo Punto De Atención,1654,11.5,"https://www.google.com/maps/@?api=1&map_action=pano&viewpoint=3.47289166986517,-76.4872628376494"
EPE_1188-9589,Parque,Parque con colindancia,Local,05,0503,Los Guayacanes,3.474779,-76.489368,287,Medio,Alta,Alta,Sin amenaza,No,1177,Zona 6,0.25,Sí,No,3,0,emergroup sas,734,Gestion del Riesgo Punto De Atención,1953,11.5,"https://www.google.com/maps/@?api=1&map_action=pano&viewpoint=3.47477863512629,-76.489367876362"
EPE_1189-9590,Parque,Parque con colindancia,Local,05,0503,Los Guayacanes,3.475246,-76.488944,1127,Regular,Alta,Alta,Sin amenaza,No,1121,Zona 6,0.25,Sí,No,3,0,emergroup sas,758,Gestion del Riesgo Punto De Atención,1974,11.5,"https://www.google.com/maps/@?api=1&map_action=pano&viewpoint=3.47524596505537,-76.4889442190789"
EPE_119-8527,Parque,Parque damero,Local,01,0199,Aguacatal,3.457229,-76.559366,1303,Regular,Alta,Sin amenaza,Sin amenaza,No,8851,Zona 1,0.22,No,No,9,0,LASKIN TIENDA DERMATOLOGICA OESTE,1273,Bomberos Estacion X6,585,29.0,"https://www.google.com/maps/@?api=1&map_action=pano&viewpoint=3.45722912107999,-76.559365666736"
EPE_1190-9591,Parque,Parque en serie,Local,05,0505,Chiminangos I,3.476147,-76.490339,1133,Adecuado,Alta,Alta,Sin amenaza,No,1194,Zona 5,0.28,Sí,No,3,0,emergroup sas,580,Gestion del Riesgo Punto De Atención,2139,11.5,"https://www.google.com/maps/@?api=1&map_action=pano&viewpoint=3.47614671745644,-76.4903385870019"
EPE_1191-9592,Zona verde,No aplica,Local,05,0505,Chiminangos I,3.476183,-76.489313,1587,Medio,Alta,Alta,Sin amenaza,No,1098,Zona 6,0.25,Sí,No,3,0,emergroup sas,689,Gestion del Riesgo Punto De Atención,2085,11.5,"https://www.google.com/maps/@?api=1&map_action=pano&viewpoint=3.4761832187967,-76.4893129164584"
EPE_1192-9593,Zona verde,No aplica,Local,05,0506,Metropolitano del Norte,3.476446,-76.488673,2643,Regular,Baja,Alta,Sin amenaza,No,1024,Zona 6,0.25,Sí,No,2,0,INMEDIATA ASISTENCIA MEDICA S.A.S I.A.M,710,Gestion del Riesgo Punto De Atención,2077,11.5,"https://www.google.com/maps/@?api=1&map_action=pano&viewpoint=3.47644586081712,-76.4886725295082"
EPE_1193-9594,Parque,Parque con colindancia,Local,05,0505,Chiminangos I,3.47762,-76.489557,609,Regular,Alta,Alta,Sin amenaza,No,1032,Zona 6,0.25,Sí,No,2,0,INMEDIATA ASISTENCIA MEDICA S.A.S I.A.M,599,Gestion del Riesgo Punto De Atención,2238,11.5,"https://www.google.com/maps/@?api=1&map_action=pano&viewpoint=3.4776195492085,-76.4895571935236"
EPE_1194-9595,Parque,Parque en serie,Local,05,0505,Chiminangos I,3.478818,-76.490823,785,Insuficiente,Alta,Alta,Sin amenaza,No,1096,Zona 6,0.25,Sí,No,3,0,emergroup sas,524,Gestion del Riesgo Punto De Atención,2422,11.5,"https://www.google.com/maps/@?api=1&map_action=pano&viewpoint=3.47881847544411,-76.4908230453966"
EPE_1195-9596,Parque,Parque en serie,Local,05,0505,Chiminangos I,3.478439,-76.490848,752,Medio,Alta,Alta,Sin amenaza,No,1116,Zona 6,0.25,Sí,No,3,0,emergroup sas,511,Gestion del Riesgo Punto De Atención,2387,11.5,"https://www.google.com/maps/@?api=1&map_action=pano&viewpoint=3.47843948991283,-76.490847828179"
EPE_1196-9597,Parque,Parque en serie,Local,05,0505,Chiminangos I,3.478991,-76.491243,3151,Medio,Alta,Alta,Sin amenaza,No,1132,Zona 6,0.25,Sí,No,3,0,emergroup sas,485,Gestion del Riesgo Punto De Atención,2462,11.5,"https://www.google.com/maps/@?api=1&map_action=pano&viewpoint=3.47899071838252,-76.4912429026578"
EPE_1197-9598,Parque,Parque con colindancia,Local,05,0505,Chiminangos I,3.476477,-76.491655,688,Adecuado,Alta,Alta,Sin amenaza,No,1297,Zona 5,0.28,Sí,No,3,0,emergroup sas,429,Gestion del Riesgo Punto De Atención,2250,11.5,"https://www.google.com/maps/@?api=1&map_action=pano&viewpoint=3.47647733193685,-76.4916548725073"
EPE_1198-9599,Parque,Parque con colindancia,Local,05,0505,Chiminangos I,3.476314,-76.491322,578,Regular,Alta,Alta,Sin amenaza,No,1275,Zona 5,0.28,Sí,No,3,0,emergroup sas,470,Gestion del Riesgo Punto De Atención,2214,11.5,"https://www.google.com/maps/@?api=1&map_action=pano&viewpoint=3.47631426804326,-76.4913216195558"
EPE_1199-9600,Parque,Parque damero,Local,05,0503,Los Guayacanes,3.474364,-76.491822,1035,Adecuado,Alta,Alta,Sin amenaza,No,1443,Zona 5,0.28,Sí,No,5,0,emergroup sas,530,Gestion del Riesgo Punto De Atención,2072,11.5,"https://www.google.com/maps/@?api=1&map_action=pano&viewpoint=3.47436390435916,-76.4918216939383"
EPE_12-8423,Zona verde,No aplica,Local,02,0215,El Bosque,3.487163,-76.530895,300,Malo,Baja,Sin amenaza,Sin amenaza,No,4543,Zona 1,0.22,No,No,14,0,PUESTO DE SALUD LA CAMPIÑA,406,Defensa Civil La Flora,1867,37.0,"https://www.google.com/maps/@?api=1&map_action=pano&viewpoint=3.48716332124748,-76.5308951554072"
EPE_120-8528,Parque,Parque irregular,Zonal,02,0210,Santa Mónica,3.46566,-76.533143,12808,Optimo,Alta,Sin amenaza,Sin amenaza,No,5937,,,No,No,9,0,Instituto Ocular De Occidente,142,Bomberos Estacion X1,874,37.0,"https://www.google.com/maps/@?api=1&map_action=pano&viewpoint=3.46565954635526,-76.5331427689969"
EPE_1200-9601,Parque,Parque con colindancia,Local,05,0503,Los Guayacanes,3.474209,-76.492676,208,Regular,Alta,Media,Sin amenaza,No,1530,Zona 5,0.28,Sí,No,5,0,emergroup sas,477,Gestion del Riesgo Punto De Atención,2120,11.5,"https://www.google.com/maps/@?api=1&map_action=pano&viewpoint=3.47420944905715,-76.4926757883836"
EPE_1201-9602,Zona verde,No aplica,Local,05,0503,Los Guayacanes,3.473957,-76.492412,173,Regular,Alta,Alta,Sin amenaza,No,1522,Zona 5,0.28,Sí,No,5,0,emergroup sas,517,Gestion del Riesgo Punto De Atención,2080,11.5,"https://www.google.com/maps/@?api=1&map_action=pano&viewpoint=3.47395712281741,-76.4924123798089"
EPE_1202-9603,Parque,Parque damero,Local,05,0503,Los Guayacanes,3.473099,-76.491808,2208,Optimo,Alta,Alta,Sin amenaza,No,1488,Zona 5,0.28,Sí,No,5,0,emergroup sas,633,Gestion del Riesgo Punto De Atención,1964,11.5,"https://www.google.com/maps/@?api=1&map_action=pano&viewpoint=3.47309909670703,-76.4918080410349"
EPE_1203-9604,Parque,Parque separador,Local,05,0501,El Sena,3.46513,-76.501217,1228,Medio,Baja,Sin amenaza,Sin amenaza,No,2605,Zona 4B,0.28,No,No,1,0,GRUPO MEDICO ODONTOLOGICO COLOMBIANO DE SALUD COLSALUD SAS,631,Bomberos Estacion X3,2276,11.5,"https://www.google.com/maps/@?api=1&map_action=pano&viewpoint=3.46512986586836,-76.5012166744616"
EPE_1204-9605,Parque,Parque separador,Local,05,0501,El Sena,3.463881,-76.500887,3173,Medio,Baja,Sin amenaza,Sin amenaza,No,2550,Zona 4B,0.28,No,No,1,0,GRUPO MEDICO ODONTOLOGICO COLOMBIANO DE SALUD COLSALUD SAS,735,Bomberos Estacion X3,2177,11.5,"https://www.google.com/maps/@?api=1&map_action=pano&viewpoint=3.4638814778684,-76.5008866927758"
EPE_1205-9606,Parque,Parque damero,Local,05,0501,El Sena,3.469219,-76.503366,2322,Regular,Alta,Sin amenaza,Sin amenaza,No,2827,Zona 4B,0.28,No,No,3,1,JDC El Troncal,533,Bomberos Estacion X3,2587,11.5,"https://www.google.com/maps/@?api=1&map_action=pano&viewpoint=3.46921874909475,-76.5033660847219"
EPE_1206-9607,Zona verde,No aplica,Local,05,0502,Los Andes,3.470464,-76.497526,1075,Regular,Alta,Sin amenaza,Sin amenaza,No,2183,Zona 5,0.28,Sí,No,3,0,GRUPO MEDICO ODONTOLOGICO COLOMBIANO DE SALUD COLSALUD SAS,91,Gestion del Riesgo Punto De Atención,2264,11.5,"https://www.google.com/maps/@?api=1&map_action=pano&viewpoint=3.47046390481687,-76.4975264868816"
EPE_1207-9608,Zona verde,No aplica,Local,05,0502,Los Andes,3.473309,-76.496014,1040,Medio,Alta,Sin amenaza,Sin amenaza,No,1893,Zona 5,0.28,Sí,No,2,0,GRUPO MEDICO ODONTOLOGICO COLOMBIANO DE SALUD COLSALUD SAS,447,Gestion del Riesgo Punto De Atención,2314,11.5,"https://www.google.com/maps/@?api=1&map_action=pano&viewpoint=3.4733091803279,-76.4960137317608"
EPE_1208-9609,Parque,Parque en serie,Zonal,05,0502,Los Andes,3.472037,-76.495652,6009,Adecuado,Alta,Sin amenaza,Sin amenaza,No,1930,Zona 5,0.28,Sí,No,3,0,GRUPO MEDICO ODONTOLOGICO COLOMBIANO DE SALUD COLSALUD SAS,363,Gestion del Riesgo Punto De Atención,2193,11.5,"https://www.google.com/maps/@?api=1&map_action=pano&viewpoint=3.47203673344198,-76.4956524741422"
EPE_1209-9610,Parque,Parque en serie,Local,05,0596,Paseo de Los Almendros,3.472101,-76.493517,1939,Adecuado,Alta,Sin amenaza,Sin amenaza,No,1703,Zona 5,0.28,Sí,No,2,0,GRUPO MEDICO ODONTOLOGICO COLOMBIANO DE SALUD COLSALUD SAS,565,Gestion del Riesgo Punto De Atención,2017,11.5,"https://www.google.com/maps/@?api=1&map_action=pano&viewpoint=3.47210103182196,-76.4935173149035"
EPE_121-8529,Zona verde,No aplica,Local,02,0210,Santa Mónica,3.465153,-76.532236,1321,Regular,Alta,Sin amenaza,Sin amenaza,No,5895,,,No,No,9,0,Instituto Ocular De Occidente,28,Bomberos Estacion X1,762,37.0,"https://www.google.com/maps/@?api=1&map_action=pano&viewpoint=3.46515327389309,-76.5322360801045"
EPE_1210-9611,Parque,Parque en serie,Local,05,0596,Paseo de Los Almendros,3.473366,-76.494232,2042,Adecuado,Alta,Sin amenaza,Sin amenaza,No,1725,Zona 5,0.28,Sí,No,2,0,emergroup sas,482,Gestion del Riesgo Punto De Atención,2171,11.5,"https://www.google.com/maps/@?api=1&map_action=pano&viewpoint=3.47336618394789,-76.4942315735778"
EPE_1211-9612,Parque,Parque en serie,Local,05,0594,Los Parques Barranquilla,3.474471,-76.495166,2285,Adecuado,Alta,Sin amenaza,Sin amenaza,No,1746,Zona 5,0.28,Sí,No,2,0,emergroup sas,343,Gestion del Riesgo Punto De Atención,2331,11.5,"https://www.google.com/maps/@?api=1&map_action=pano&viewpoint=3.47447088343443,-76.4951664951572"
EPE_1212-9613,Parque,Parque en serie,Local,05,0594,Los Parques Barranquilla,3.474808,-76.496182,3119,Adecuado,Alta,Sin amenaza,Sin amenaza,No,1827,Zona 5,0.28,Sí,No,8,0,emergroup sas,318,Gestion del Riesgo Punto De Atención,2439,11.5,"https://www.google.com/maps/@?api=1&map_action=pano&viewpoint=3.47480772655011,-76.4961820884454"
EPE_1213-9614,Parque,Parque en serie,Local,05,0598,Torres de Comfandi,3.472998,-76.500315,1388,Regular,Alta,Sin amenaza,Sin amenaza,No,2327,Zona 4B,0.28,No,No,4,0,Ambulancias Unidad Soporte Asistencial S.A.S,84,Bomberos Estacion X8,2488,11.5,"https://www.google.com/maps/@?api=1&map_action=pano&viewpoint=3.47299774490568,-76.5003146886162"
EPE_1214-9615,Parque,Parque en serie,Local,05,0598,Torres de Comfandi,3.473394,-76.50042,1411,Medio,Alta,Sin amenaza,Sin amenaza,No,2317,Zona 4B,0.28,No,No,4,0,Ambulancias Unidad Soporte Asistencial S.A.S,49,Bomberos Estacion X8,2447,11.5,"https://www.google.com/maps/@?api=1&map_action=pano&viewpoint=3.47339403305902,-76.5004199953541"
EPE_1215-9616,Parque,Parque en serie,Local,05,0598,Torres de Comfandi,3.473787,-76.50054,1655,Regular,Alta,Sin amenaza,Sin amenaza,No,2310,Zona 4B,0.28,No,No,3,0,Ambulancias Unidad Soporte Asistencial S.A.S,43,Bomberos Estacion X8,2404,11.5,"https://www.google.com/maps/@?api=1&map_action=pano&viewpoint=3.47378663296819,-76.5005403713805"
EPE_1216-9617,Parque,Parque en serie,Local,05,0598,Torres de Comfandi,3.474183,-76.500634,1647,Medio,Alta,Sin amenaza,Sin amenaza,No,2301,Zona 4B,0.28,No,No,4,0,Ambulancias Unidad Soporte Asistencial S.A.S,75,Bomberos Estacion X8,2363,11.5,"https://www.google.com/maps/@?api=1&map_action=pano&viewpoint=3.47418293316227,-76.5006335880725"
EPE_1217-9618,Parque,Parque en serie,Local,05,0598,Torres de Comfandi,3.474577,-76.500985,1176,Medio,Alta,Sin amenaza,Sin amenaza,No,2319,Zona 4B,0.28,No,No,3,0,Ambulancias Unidad Soporte Asistencial S.A.S,116,Bomberos Estacion X8,2304,11.5,"https://www.google.com/maps/@?api=1&map_action=pano&viewpoint=3.47457720827165,-76.5009850743292"
EPE_1218-9619,Parque,Parque en serie,Local,05,0598,Torres de Comfandi,3.474967,-76.501103,1137,Medio,Alta,Sin amenaza,Sin amenaza,No,2314,Zona 4B,0.28,No,No,4,0,Ambulancias Unidad Soporte Asistencial S.A.S,161,Bomberos Estacion X8,2263,11.5,"https://www.google.com/maps/@?api=1&map_action=pano&viewpoint=3.47496673943457,-76.5011025111268"
EPE_1219-9620,Parque,Parque en serie,Local,05,0598,Torres de Comfandi,3.475361,-76.501194,1156,Medio,Alta,Sin amenaza,Sin amenaza,No,2308,Zona 4B,0.28,No,No,4,0,Ambulancias Unidad Soporte Asistencial S.A.S,206,Bomberos Estacion X8,2222,11.5,"https://www.google.com/maps/@?api=1&map_action=pano&viewpoint=3.47536053246933,-76.501193533101"
EPE_122-8530,Zona verde,No aplica,Zonal,02,0295,Urbanización La Flora,3.484455,-76.517045,5044,Adecuado,Alta,Sin amenaza,Sin amenaza,No,3263,Zona 4B,0.28,No,No,0,0,IPS CFA LA FLORA,171,Defensa Civil La Flora,758,37.0,"https://www.google.com/maps/@?api=1&map_action=pano&viewpoint=3.48445468898634,-76.517045077044"
EPE_1220-9621,Parque,Parque en serie,Local,05,0598,Torres de Comfandi,3.47342,-76.501388,2076,Adecuado,Alta,Sin amenaza,Sin amenaza,No,2412,Zona 4B,0.28,No,No,5,1,Ambulancias Unidad Soporte Asistencial S.A.S,62,Bomberos Estacion X8,2379,11.5,"https://www.google.com/maps/@?api=1&map_action=pano&viewpoint=3.47342031171409,-76.501387659859"
EPE_1221-9622,Parque,Parque en serie,Local,05,0598,Torres de Comfandi,3.47445,-76.502497,1718,Regular,Alta,Sin amenaza,Sin amenaza,No,2479,Zona 4B,0.28,No,No,7,1,Ambulancias Unidad Soporte Asistencial S.A.S,210,Bomberos Estacion X8,2215,11.5,"https://www.google.com/maps/@?api=1&map_action=pano&viewpoint=3.47444966109843,-76.5024971294782"
EPE_1222-9623,Parque,Parque en serie,Local,05,0598,Torres de Comfandi,3.474667,-76.503077,1027,Adecuado,Alta,Sin amenaza,Sin amenaza,No,2530,Zona 4B,0.28,No,No,7,1,Ambulancias Unidad Soporte Asistencial S.A.S,278,Bomberos Estacion X8,2158,11.5,"https://www.google.com/maps/@?api=1&map_action=pano&viewpoint=3.47466732084487,-76.5030765824804"
EPE_1223-9624,Parque,Parque en serie,Zonal,05,0506,Metropolitano del Norte,3.48315,-76.492867,7488,Regular,Alta,Alta,Sin amenaza,No,1175,Zona 6,0.25,Sí,No,1,0,CEDILAB CALIMA,373,Bomberos Estacion X8,2493,11.5,"https://www.google.com/maps/@?api=1&map_action=pano&viewpoint=3.48315024682586,-76.4928666377881"
EPE_1224-9625,Parque,Parque en serie,Local,05,0506,Metropolitano del Norte,3.483779,-76.493558,3068,Medio,Alta,Alta,Sin amenaza,No,1231,Zona 6,0.25,Sí,No,1,0,CEDILAB CALIMA,281,Bomberos Estacion X8,2398,11.5,"https://www.google.com/maps/@?api=1&map_action=pano&viewpoint=3.48377882254439,-76.4935582690224"
EPE_1225-9626,Parque,Parque en serie,Local,05,0595,Villa del Sol,3.483011,-76.496026,1839,Malo,Alta,Baja,Sin amenaza,No,1517,Zona 6,0.25,Sí,No,3,0,CENTRO DE SALUD LA RIVERA,94,Bomberos Estacion X8,2172,11.5,"https://www.google.com/maps/@?api=1&map_action=pano&viewpoint=3.48301148444358,-76.4960259788956"
EPE_1226-9627,Parque,Parque en serie,Zonal,05,0595,Villa del Sol,3.480279,-76.49532,9511,Adecuado,Alta,Alta,Sin amenaza,No,1519,Zona 5,0.28,Sí,No,7,0,emergroup sas,303,Bomberos Estacion X8,2377,11.5,"https://www.google.com/maps/@?api=1&map_action=pano&viewpoint=3.48027914252697,-76.4953195360541"
EPE_1227-9628,Parque,Parque en serie,Local,05,0595,Villa del Sol,3.481064,-76.493763,4051,Adecuado,Alta,Alta,Sin amenaza,No,1329,Zona 5,0.28,Sí,No,1,0,CENTRO DE SALUD LA RIVERA,420,Bomberos Estacion X8,2491,11.5,"https://www.google.com/maps/@?api=1&map_action=pano&viewpoint=3.48106370802898,-76.4937625759187"
EPE_1228-9629,Parque,Parque con colindancia,Local,05,0594,Los Parques Barranquilla,3.479851,-76.497483,1209,Regular,Alta,Sin amenaza,Sin amenaza,No,1763,Zona 5,0.28,Sí,No,10,0,emergroup sas,347,Bomberos Estacion X8,2197,11.5,"https://www.google.com/maps/@?api=1&map_action=pano&viewpoint=3.47985137034716,-76.4974831823597"
EPE_1229-9630,Parque,Parque en serie,Local,05,0504,Chiminangos II,3.476643,-76.493701,2029,Adecuado,Alta,Media,Sin amenaza,No,1488,Zona 5,0.28,Sí,No,3,0,emergroup sas,211,Gestion del Riesgo Punto De Atención,2401,11.5,"https://www.google.com/maps/@?api=1&map_action=pano&viewpoint=3.47664338561263,-76.4937010356718"
EPE_123-8531,Plaza,Plaza de estancia,Local,02,0206,Centenario,3.455451,-76.534089,1345,Adecuado,Baja,Sin amenaza,Sin amenaza,No,6244,,,No,No,4,0,CLINICA VALLE SALUD,267,Gestion del Riesgo Oficina,547,37.0,"https://www.google.com/maps/@?api=1&map_action=pano&viewpoint=3.45545075134636,-76.534089093556"
EPE_1230-9631,Parque,Parque en serie,Local,05,0505,Chiminangos I,3.476057,-76.489827,1803,Adecuado,Baja,Alta,Sin amenaza,No,1153,Zona 6,0.25,Sí,No,3,0,emergroup sas,637,Gestion del Riesgo Punto De Atención,2101,11.5,"https://www.google.com/maps/@?api=1&map_action=pano&viewpoint=3.47605745232695,-76.4898270555052"
EPE_1231-9632,Parque,Parque con colindancia,Local,05,0503,Los Guayacanes,3.475478,-76.489823,609,Adecuado,Alta,Alta,Sin amenaza,No,1191,Zona 6,0.25,Sí,No,3,0,emergroup sas,657,Gestion del Riesgo Punto De Atención,2046,11.5,"https://www.google.com/maps/@?api=1&map_action=pano&viewpoint=3.47547808240645,-76.4898227499866"
EPE_1232-9633,Parque,Parque con colindancia,Local,05,0503,Los Guayacanes,3.475865,-76.488196,455,Regular,Alta,Alta,Sin amenaza,No,1025,Zona 6,0.25,Sí,No,3,0,PUESTO DE SALUD PETECUY II,724,Gestion del Riesgo Punto De Atención,1995,11.5,"https://www.google.com/maps/@?api=1&map_action=pano&viewpoint=3.47586464056009,-76.4881962322198"
EPE_1233-9634,Parque,Parque en serie,Local,05,0594,Los Parques Barranquilla,3.479851,-76.499066,2542,Medio,Alta,Sin amenaza,Sin amenaza,No,1933,Zona 4B,0.28,No,No,10,0,IPS COMFANDI TORRES,254,Bomberos Estacion X8,2052,11.5,"https://www.google.com/maps/@?api=1&map_action=pano&viewpoint=3.4798513116501,-76.4990661447521"
EPE_1234-9635,Parque,Parque para la recreación especializada,Zonal,05,0505,Chiminangos I,3.477678,-76.490254,13743,Adecuado,Alta,Alta,Sin amenaza,No,1096,Zona 6,0.25,Sí,No,3,0,emergroup sas,568,Gestion del Riesgo Punto De Atención,2281,11.5,"https://www.google.com/maps/@?api=1&map_action=pano&viewpoint=3.47767821957017,-76.4902537566746"
EPE_1235-9636,Parque,Parque damero,Zonal,05,0506,Metropolitano del Norte,3.478472,-76.489929,6497,Adecuado,Alta,Alta,Sin amenaza,No,1023,Zona 6,0.25,Sí,No,3,0,INMEDIATA ASISTENCIA MEDICA S.A.S I.A.M,523,Gestion del Riesgo Punto De Atención,2341,11.5,"https://www.google.com/maps/@?api=1&map_action=pano&viewpoint=3.47847231984402,-76.4899288505144"
EPE_1236-9637,Parque,Parque en serie,Zonal,05,0504,Chiminangos II,3.480533,-76.493032,7457,Adecuado,Alta,Alta,Sin amenaza,No,1269,Zona 6,0.25,Sí,No,3,0,emergroup sas,421,Bomberos Estacion X8,2589,11.5,"https://www.google.com/maps/@?api=1&map_action=pano&viewpoint=3.48053276041806,-76.4930322931823"
EPE_1237-9638,Zona verde,No aplica,Local,05,0506,Metropolitano del Norte,3.480826,-76.49105,91,Insuficiente,Alta,Alta,Sin amenaza,No,1049,Zona 6,0.25,Sí,No,3,0,INMEDIATA ASISTENCIA MEDICA S.A.S I.A.M,394,Gestion del Riesgo Punto De Atención,2631,11.5,"https://www.google.com/maps/@?api=1&map_action=pano&viewpoint=3.4808259256468,-76.4910497042288"
EPE_1238-9639,Parque,Parque con colindancia,Local,04,0416,La Esmeralda,3.458744,-76.508051,4053,Regular,Alta,Sin amenaza,Sin amenaza,No,3334,Zona 4B,0.28,No,No,0,0,PRÓVIDA FARMACÉUTICA SAS - SEDE AMBULATORIA,274,Bomberos Estacion X3,1316,21.0,"https://www.google.com/maps/@?api=1&map_action=pano&viewpoint=3.45874396871179,-76.5080511157228"
EPE_1239-9640,Parque,Parque en serie,Local,04,0406,Salomia,3.462089,-76.505179,1345,Medio,Baja,Sin amenaza,Sin amenaza,No,3013,Zona 4B,0.28,No,No,1,0,PRÓVIDA FARMACÉUTICA SAS - SEDE AMBULATORIA,493,Bomberos Estacion X3,1776,21.0,"https://www.google.com/maps/@?api=1&map_action=pano&viewpoint=3.46208858441374,-76.5051791527133"
EPE_124-8532,Plaza,Plaza de encuentro,Zonal,02,0206,Centenario,3.455069,-76.534853,6346,Adecuado,Baja,Sin amenaza,Sin amenaza,No,6332,,,No,No,7,0,CLINICA COLSANITAS S.A SEBASTIAN DEL BELALCAZAR,271,Gestion del Riesgo Oficina,505,37.0,"https://www.google.com/maps/@?api=1&map_action=pano&viewpoint=3.4550691309375,-76.5348534279708"
EPE_1240-9641,Parque,Parque en serie,Local,04,0406,Salomia,3.462994,-76.504402,2457,Adecuado,Alta,Sin amenaza,Sin amenaza,No,2932,Zona 4B,0.28,No,No,1,0,PRÓVIDA FARMACÉUTICA SAS - SEDE AMBULATORIA,609,Bomberos Estacion X3,1903,21.0,"https://www.google.com/maps/@?api=1&map_action=pano&viewpoint=3.46299352851707,-76.5044016427732"
EPE_1241-9642,Zona verde,No aplica,Local,04,0406,Salomia,3.467203,-76.505469,533,Insuficiente,Alta,Sin amenaza,Sin amenaza,No,3110,Zona 4B,0.28,No,No,2,0,JDC El Troncal,355,Bomberos Estacion X3,2299,21.0,"https://www.google.com/maps/@?api=1&map_action=pano&viewpoint=3.46720299391588,-76.50546941373"
EPE_1242-9643,Parque,Parque damero,Local,04,0406,Salomia,3.467733,-76.50567,2225,Adecuado,Alta,Sin amenaza,Sin amenaza,No,3131,Zona 4B,0.28,No,No,2,1,JDC El Troncal,307,Bomberos Estacion X3,2349,21.0,"https://www.google.com/maps/@?api=1&map_action=pano&viewpoint=3.46773300887062,-76.5056700099612"
EPE_1243-9644,Parque,Parque con colindancia,Local,04,0406,Salomia,3.466897,-76.506332,382,Insuficiente,Alta,Sin amenaza,Sin amenaza,No,3198,Zona 4B,0.28,No,No,1,0,JDC El Troncal,304,Bomberos Estacion X3,2240,21.0,"https://www.google.com/maps/@?api=1&map_action=pano&viewpoint=3.46689735438985,-76.5063316939255"
EPE_1244-9645,Zona verde,No aplica,Local,04,0406,Salomia,3.466892,-76.505323,407,Medio,Alta,Sin amenaza,Sin amenaza,No,3088,Zona 4B,0.28,No,No,2,0,JDC El Troncal,388,Bomberos Estacion X3,2271,21.0,"https://www.google.com/maps/@?api=1&map_action=pano&viewpoint=3.46689196622131,-76.5053230752428"
EPE_1245-9646,Parque,Parque en serie,Local,04,0406,Salomia,3.468034,-76.506931,1390,Adecuado,Alta,Sin amenaza,Sin amenaza,No,3235,Zona 4B,0.28,No,No,1,0,JDC El Troncal,169,Bomberos Estacion X3,2348,21.0,"https://www.google.com/maps/@?api=1&map_action=pano&viewpoint=3.46803425314485,-76.5069313559758"
EPE_1246-9647,Parque,Parque irregular,Local,04,0406,Salomia,3.46907,-76.506135,3962,Medio,Alta,Sin amenaza,Sin amenaza,No,3102,Zona 4B,0.28,No,No,2,1,JDC El Troncal,225,Bomberos Estacion X3,2480,21.0,"https://www.google.com/maps/@?api=1&map_action=pano&viewpoint=3.46907019701242,-76.5061347684777"
EPE_1247-9648,Parque,Parque en serie,Local,04,0406,Salomia,3.46738,-76.50749,2554,Adecuado,Alta,Sin amenaza,Sin amenaza,No,3325,Zona 4B,0.28,No,No,0,0,JDC El Troncal,188,Bomberos Estacion X3,2263,21.0,"https://www.google.com/maps/@?api=1&map_action=pano&viewpoint=3.46737972844911,-76.5074898652913"
EPE_1248-9649,Parque,Parque damero,Local,04,0410,Popular,3.469646,-76.511825,3571,Adecuado,Baja,Sin amenaza,Sin amenaza,No,3641,Zona 4B,0.28,No,No,0,0,SERVICIO MEDICO EMPRESARIAL,150,Bomberos Estacion X1,2009,21.0,"https://www.google.com/maps/@?api=1&map_action=pano&viewpoint=3.46964586679955,-76.5118250228881"
EPE_1249-9650,Zona verde,No aplica,Local,04,0417,Bolivariano,3.466654,-76.515238,138,Regular,Media,Sin amenaza,Sin amenaza,No,4124,,,No,No,2,0,ALBERTO LOPEZ SOLIS,82,Bomberos Estacion X1,1516,21.0,"https://www.google.com/maps/@?api=1&map_action=pano&viewpoint=3.46665448186175,-76.5152381341634"
EPE_125-8533,Zona verde,No aplica,Local,02,0210,Santa Mónica,3.466366,-76.533985,4094,Regular,Alta,Sin amenaza,Sin amenaza,No,5960,,,No,No,9,0,Instituto Ocular De Occidente,264,Bomberos Estacion X1,996,37.0,"https://www.google.com/maps/@?api=1&map_action=pano&viewpoint=3.46636586882472,-76.5339851963659"
EPE_1250-9651,Parque,Parque damero,Local,04,0408,Sultana - Berlín - San Francisco,3.464717,-76.518336,4794,Medio,Baja,Sin amenaza,Sin amenaza,No,4488,,,No,No,3,0,VITAL CENTER CALI S.A.S.,269,Bomberos Estacion X1,1112,21.0,"https://www.google.com/maps/@?api=1&map_action=pano&viewpoint=3.46471661056171,-76.5183356700752"
EPE_1251-9652,Parque,Parque con colindancia,Local,04,0407,Fátima,3.464086,-76.519148,269,Medio,Media,Sin amenaza,Sin amenaza,No,4573,Zona 4B,0.28,No,No,3,0,VITAL CENTER CALI S.A.S.,382,Bomberos Estacion X1,1000,21.0,"https://www.google.com/maps/@?api=1&map_action=pano&viewpoint=3.46408597065709,-76.5191478183631"
EPE_1252-9653,Parque,Parque damero,Local,04,0402,Santander,3.462955,-76.515015,3699,Adecuado,Alta,Sin amenaza,Sin amenaza,No,4108,Zona 4B,0.28,No,No,1,0,VITAL CENTER CALI S.A.S.,343,Bomberos Estacion X1,1399,21.0,"https://www.google.com/maps/@?api=1&map_action=pano&viewpoint=3.46295454539915,-76.5150148342389"
EPE_1253-9654,Parque,Parque damero,Zonal,04,0421,Calima,3.484344,-76.500496,8393,Adecuado,Alta,Sin amenaza,Sin amenaza,No,1928,Zona 4B,0.28,No,No,10,0,PUESTO DE SALUD CALIMA,165,Bomberos Estacion X8,1659,21.0,"https://www.google.com/maps/@?api=1&map_action=pano&viewpoint=3.48434375877178,-76.5004963838474"
EPE_1254-9655,Parque,Parque damero,Zonal,04,0421,Calima,3.485546,-76.496311,5878,Adecuado,Alta,Sin amenaza,Sin amenaza,No,1472,Zona 6,0.25,Sí,No,5,0,CEDILAB CALIMA,144,Bomberos Estacion X8,2047,21.0,"https://www.google.com/maps/@?api=1&map_action=pano&viewpoint=3.48554569490781,-76.4963112620569"
EPE_1255-9656,Parque,Parque con colindancia,Local,05,0501,El Sena,3.463732,-76.500037,990,Medio,Media,Sin amenaza,Sin amenaza,No,2455,Zona 4B,0.28,No,No,1,0,GRUPO MEDICO ODONTOLOGICO COLOMBIANO DE SALUD COLSALUD SAS,716,Bomberos Estacion X3,2216,11.5,"https://www.google.com/maps/@?api=1&map_action=pano&viewpoint=3.46373247952271,-76.5000371182605"
EPE_1256-9657,Parque,Parque con colindancia,Local,05,0501,El Sena,3.4659,-76.502384,1160,Adecuado,Media,Sin amenaza,Sin amenaza,No,2747,Zona 4B,0.28,No,No,1,0,GRUPO MEDICO ODONTOLOGICO COLOMBIANO DE SALUD COLSALUD SAS,649,Bomberos Estacion X3,2291,11.5,"https://www.google.com/maps/@?api=1&map_action=pano&viewpoint=3.46590044823552,-76.5023835689419"
EPE_1257-9658,Parque,Parque separador,Zonal,05,0501,El Sena,3.466732,-76.501624,5439,Medio,Baja,Sin amenaza,Sin amenaza,No,2682,Zona 4B,0.28,No,No,3,0,GRUPO MEDICO ODONTOLOGICO COLOMBIANO DE SALUD COLSALUD SAS,525,Bomberos Estacion X3,2411,11.5,"https://www.google.com/maps/@?api=1&map_action=pano&viewpoint=3.46673246139004,-76.5016239107519"
EPE_1258-9659,Parque,Parque separador,Local,05,0502,Los Andes,3.470006,-76.502419,3177,Optimo,Baja,Sin amenaza,Sin amenaza,No,2692,Zona 4B,0.28,No,No,3,1,Ambulancias Unidad Soporte Asistencial S.A.S,430,Bomberos Estacion X8,2638,11.5,"https://www.google.com/maps/@?api=1&map_action=pano&viewpoint=3.47000578497886,-76.5024194917897"
EPE_1259-9660,Parque,Parque separador,Local,05,0501,El Sena,3.469997,-76.502511,4037,Optimo,Baja,Sin amenaza,Sin amenaza,No,2701,Zona 4B,0.28,No,No,3,1,Ambulancias Unidad Soporte Asistencial S.A.S,435,Bomberos Estacion X8,2634,11.5,"https://www.google.com/maps/@?api=1&map_action=pano&viewpoint=3.46999698134028,-76.5025113947494"
EPE_126-8534,Plazoleta,Plazoleta de enlace,Local,02,0298,Senderos de La Flora,3.489188,-76.523612,1066,Regular,Alta,Sin amenaza,Sin amenaza,No,3705,Zona 4B,0.28,No,No,14,0,angelica maria restrepo aguirre,524,Defensa Civil La Flora,1030,37.0,"https://www.google.com/maps/@?api=1&map_action=pano&viewpoint=3.48918798083143,-76.5236123659841"
EPE_1260-9661,Parque,Parque con colindancia,Zonal,05,0598,Torres de Comfandi,3.472427,-76.502274,6285,Adecuado,Alta,Sin amenaza,Sin amenaza,No,2549,Zona 4B,0.28,No,No,5,1,Ambulancias Unidad Soporte Asistencial S.A.S,202,Bomberos Estacion X8,2415,11.5,"https://www.google.com/maps/@?api=1&map_action=pano&viewpoint=3.47242713118215,-76.5022735992721"
EPE_1261-9662,Parque,Parque irregular,Local,05,0503,Los Guayacanes,3.474139,-76.490892,1168,Regular,Alta,Alta,Sin amenaza,No,1358,Zona 5,0.28,Sí,No,3,0,emergroup sas,625,Gestion del Riesgo Punto De Atención,1989,11.5,"https://www.google.com/maps/@?api=1&map_action=pano&viewpoint=3.47413868610207,-76.4908924289549"
EPE_1262-9663,Parque,Parque en serie,Local,05,0506,Metropolitano del Norte,3.479731,-76.490216,436,Regular,Alta,Alta,Baja,No,996,Zona 6,0.25,Sí,No,3,0,INMEDIATA ASISTENCIA MEDICA S.A.S I.A.M,414,Gestion del Riesgo Punto De Atención,2480,11.5,"https://www.google.com/maps/@?api=1&map_action=pano&viewpoint=3.4797308324887,-76.4902159139689"
EPE_1263-9664,Parque,Parque con colindancia,Local,05,0506,Metropolitano del Norte,3.480355,-76.490909,259,Medio,Alta,Alta,Sin amenaza,No,1047,Zona 6,0.25,Sí,No,3,0,INMEDIATA ASISTENCIA MEDICA S.A.S I.A.M,413,Gestion del Riesgo Punto De Atención,2577,11.5,"https://www.google.com/maps/@?api=1&map_action=pano&viewpoint=3.48035509029619,-76.4909087270574"
EPE_1264-9665,Parque,Parque para la recreación especializada,Zonal,05,0506,Metropolitano del Norte,3.47939,-76.490595,8399,Adecuado,Alta,Alta,Sin amenaza,No,1049,Zona 6,0.25,Sí,No,3,0,INMEDIATA ASISTENCIA MEDICA S.A.S I.A.M,469,Gestion del Riesgo Punto De Atención,2466,11.5,"https://www.google.com/maps/@?api=1&map_action=pano&viewpoint=3.47939039612147,-76.4905950109917"
EPE_1265-9666,Parque,Parque en serie,Local,05,0504,Chiminangos II,3.480209,-76.494176,1493,Medio,Alta,Alta,Sin amenaza,No,1401,Zona 5,0.28,Sí,No,8,0,emergroup sas,324,Bomberos Estacion X8,2492,11.5,"https://www.google.com/maps/@?api=1&map_action=pano&viewpoint=3.48020933496562,-76.4941762683351"
EPE_1266-9667,Parque,Parque en serie,Local,05,0503,Los Guayacanes,3.472164,-76.48927,432,Regular,Alta,Alta,Sin amenaza,No,1261,Zona 6,0.25,Sí,No,2,0,emergroup sas,904,Gestion del Riesgo Punto De Atención,1706,11.5,"https://www.google.com/maps/@?api=1&map_action=pano&viewpoint=3.47216381524113,-76.489270176832"
EPE_1267-9668,Parque,Parque con colindancia,Local,05,0505,Chiminangos I,3.476967,-76.489101,3203,Adecuado,Alta,Alta,Sin amenaza,No,1029,Zona 6,0.25,Sí,No,2,0,INMEDIATA ASISTENCIA MEDICA S.A.S I.A.M,659,Gestion del Riesgo Punto De Atención,2150,11.5,"https://www.google.com/maps/@?api=1&map_action=pano&viewpoint=3.47696731008931,-76.4891008483657"
EPE_1268-9669,Parque,Parque con colindancia,Local,05,0503,Los Guayacanes,3.47487,-76.487882,432,Regular,Alta,Alta,Sin amenaza,No,1015,Zona 6,0.25,Sí,No,4,0,PUESTO DE SALUD PETECUY II,768,Gestion del Riesgo Punto De Atención,1881,11.5,"https://www.google.com/maps/@?api=1&map_action=pano&viewpoint=3.47486957354274,-76.4878816956836"
EPE_1269-9670,Parque,Parque con colindancia,Local,05,0503,Los Guayacanes,3.473859,-76.487559,492,Regular,Alta,Alta,Sin amenaza,No,1014,Zona 6,0.25,Sí,No,2,0,PUESTO DE SALUD PETECUY II,828,Gestion del Riesgo Punto De Atención,1764,11.5,"https://www.google.com/maps/@?api=1&map_action=pano&viewpoint=3.47385873250802,-76.4875589967563"
EPE_127-8535,Plazoleta,Plazoleta de enlace,Local,02,0298,Senderos de La Flora,3.488912,-76.522905,376,Regular,Alta,Sin amenaza,Sin amenaza,No,3641,Zona 4B,0.28,No,No,14,0,angelica maria restrepo aguirre,543,Defensa Civil La Flora,959,37.0,"https://www.google.com/maps/@?api=1&map_action=pano&viewpoint=3.4889123678849,-76.5229048465353"
EPE_1270-9671,Parque,Parque en serie,Local,05,0594,Los Parques Barranquilla,3.477816,-76.496333,3837,Adecuado,Alta,Sin amenaza,Sin amenaza,No,1707,Zona 5,0.28,Sí,No,7,0,emergroup sas,111,Bomberos Estacion X8,2431,11.5,"https://www.google.com/maps/@?api=1&map_action=pano&viewpoint=3.47781561416097,-76.49633339476"
EPE_1271-9672,Parque,Parque en serie,Local,05,0594,Los Parques Barranquilla,3.478801,-76.497347,3440,Adecuado,Alta,Sin amenaza,Sin amenaza,No,1782,Zona 5,0.28,Sí,No,10,0,emergroup sas,260,Bomberos Estacion X8,2275,11.5,"https://www.google.com/maps/@?api=1&map_action=pano&viewpoint=3.47880101401262,-76.497347315745"
EPE_1272-9673,Parque,Parque damero,Zonal,05,0506,Metropolitano del Norte,3.484465,-76.492373,15992,Adecuado,Alta,Alta,Sin amenaza,No,1083,Zona 6,0.25,Sí,No,1,0,CEDILAB CALIMA,407,Bomberos Estacion X8,2500,11.5,"https://www.google.com/maps/@?api=1&map_action=pano&viewpoint=3.48446488747314,-76.4923729557359"
EPE_1273-9674,Parque,Parque con colindancia,Local,05,0503,Los Guayacanes,3.471194,-76.487308,4311,Medio,Alta,Alta,Sin amenaza,No,1119,Zona 6,0.25,Sí,No,2,0,E.S.E. RED DE SALUD DEL NORTE EMPRESA SOCIAL DEL ESTADO HOSPITAL JOAQUIN PAZ BORRERO,910,Gestion del Riesgo Punto De Atención,1494,11.5,"https://www.google.com/maps/@?api=1&map_action=pano&viewpoint=3.47119436895888,-76.4873075307577"
EPE_1274-9675,Parque,Parque con colindancia,Local,05,0501,El Sena,3.470011,-76.505495,1018,Regular,Alta,Sin amenaza,Sin amenaza,No,2990,Zona 4B,0.28,No,No,2,1,JDC El Troncal,319,Bomberos Estacion X8,2489,11.5,"https://www.google.com/maps/@?api=1&map_action=pano&viewpoint=3.47001076931004,-76.5054948388044"
EPE_1275-9676,Parque,Parque con colindancia,Local,04,0420,Flora Industrial,3.48261,-76.503652,4572,Adecuado,Alta,Sin amenaza,Sin amenaza,No,2285,Zona 4B,0.28,No,No,8,0,PUESTO DE SALUD CALIMA,304,Bomberos Estacion X8,1461,21.0,"https://www.google.com/maps/@?api=1&map_action=pano&viewpoint=3.48261020540035,-76.5036517409951"
EPE_1276-9677,Parque,Parque con colindancia,Local,04,0418,Olaya Herrera,3.480175,-76.508348,769,Regular,Media,Sin amenaza,Sin amenaza,No,2825,Zona 4B,0.28,No,No,1,0,GRUPO ALIANZA PREHOSPITALARIA,566,Bomberos Estacion X8,1330,21.0,"https://www.google.com/maps/@?api=1&map_action=pano&viewpoint=3.4801748484774,-76.508347556727"
EPE_1277-9678,Parque,Parque damero,Local,14,1401,Alfonso Bonilla Aragón,3.42111,-76.480252,2244,Medio,Alta,Alta,Sin amenaza,No,1763,Zona 6,0.25,Sí,No,7,0,RVP RESCATE VIDA PROPOSITO SAS,215,Bomberos Estacion X7,708,22.5,"https://www.google.com/maps/@?api=1&map_action=pano&viewpoint=3.42111041241494,-76.4802523550867"
EPE_1278-9679,Parque,Parque damero,Local,15,1598,Mojica,3.416932,-76.488111,1300,Medio,Alta,Media,Sin amenaza,No,2420,Zona 6,0.25,Sí,No,17,0,HOSPITAL ISAIAS DUARTE CANCINO EMPRESA SOCIAL DEL ESTADO,528,Bomberos Estacion X7,1138,8.5,"https://www.google.com/maps/@?api=1&map_action=pano&viewpoint=3.41693218876962,-76.4881112199886"
EPE_1279-9680,Parque,Parque con colindancia,Local,15,1502,Los Comuneros I,3.409539,-76.493508,996,Medio,Alta,Alta,Sin amenaza,No,2897,Zona 6,0.25,Sí,No,2,0,HOSPITAL ISAIAS DUARTE CANCINO EMPRESA SOCIAL DEL ESTADO,842,Bomberos Estacion X10,1079,8.5,"https://www.google.com/maps/@?api=1&map_action=pano&viewpoint=3.40953871264375,-76.4935082790575"
EPE_128-8536,Zona verde,No aplica,Zonal,02,0298,Senderos de La Flora,3.491601,-76.523402,15055,Medio,Alta,Sin amenaza,Sin amenaza,No,3607,Zona 3,0.35,No,No,9,0,angelica maria restrepo aguirre,777,Defensa Civil La Flora,996,37.0,"https://www.google.com/maps/@?api=1&map_action=pano&viewpoint=3.49160142227409,-76.5234018717436"
EPE_1280-9681,Parque,Parque con colindancia,Local,15,1598,Mojica,3.415378,-76.486685,2296,Adecuado,Alta,Baja,Sin amenaza,No,2225,Zona 6,0.25,Sí,No,14,0,HOSPITAL ISAIAS DUARTE CANCINO EMPRESA SOCIAL DEL ESTADO,325,Bomberos Estacion X7,1251,8.5,"https://www.google.com/maps/@?api=1&map_action=pano&viewpoint=3.41537800722671,-76.486685287481"
EPE_1281-9682,Zona verde,No aplica,Local,15,1598,Mojica,3.413153,-76.487012,1357,Medio,Alta,Baja,Sin amenaza,No,2219,Zona 6,0.25,Sí,No,13,0,HOSPITAL ISAIAS DUARTE CANCINO EMPRESA SOCIAL DEL ESTADO,95,Bomberos Estacion X7,1500,8.5,"https://www.google.com/maps/@?api=1&map_action=pano&viewpoint=3.41315279449754,-76.4870120803407"
EPE_1282-9683,Zona verde,No aplica,Local,15,1501,El Retiro,3.412566,-76.497859,1187,Medio,Alta,Alta,Sin amenaza,No,3413,Zona 6,0.25,Sí,No,1,0,CENTRO MEDICO IP SALUD SAS,753,Bomberos Estacion X10,1033,8.5,"https://www.google.com/maps/@?api=1&map_action=pano&viewpoint=3.41256642844483,-76.4978588140154"
EPE_1283-9684,Parque,Parque damero,Local,15,1504,El Vallado,3.407127,-76.495509,2213,Optimo,Alta,Media,Sin amenaza,No,3064,Zona 6,0.25,Sí,No,1,0,HOSPITAL ISAIAS DUARTE CANCINO EMPRESA SOCIAL DEL ESTADO,1161,Bomberos Estacion X10,749,8.5,"https://www.google.com/maps/@?api=1&map_action=pano&viewpoint=3.40712706839519,-76.4955088734076"
EPE_1284-9685,Parque,Parque damero,Local,15,1504,El Vallado,3.408735,-76.501598,2393,Medio,Alta,Alta,Sin amenaza,No,3759,Zona 6,0.25,Sí,No,2,0,HOSPITAL A CASA SAS,887,Bomberos Estacion X10,525,8.5,"https://www.google.com/maps/@?api=1&map_action=pano&viewpoint=3.40873515035463,-76.5015982461035"
EPE_1285-9686,Parque,Parque con colindancia,Local,15,1504,El Vallado,3.408246,-76.502739,2393,Adecuado,Alta,Alta,Sin amenaza,No,3876,Zona 6,0.25,Sí,No,1,0,HOSPITAL A CASA SAS,752,Bomberos Estacion X10,490,8.5,"https://www.google.com/maps/@?api=1&map_action=pano&viewpoint=3.40824646110002,-76.5027390218891"
EPE_1286-9687,Parque,Parque con colindancia,Local,15,1596,Ciudad Córdoba,3.406274,-76.504583,4023,Adecuado,Alta,Media,Sin amenaza,No,4055,Zona 6,0.25,Sí,No,0,0,HOSPITAL A CASA SAS,539,Bomberos Estacion X10,425,8.5,"https://www.google.com/maps/@?api=1&map_action=pano&viewpoint=3.40627421919734,-76.5045832020308"
EPE_1287-9688,Zona verde,No aplica,Zonal,15,1599,El Morichal,3.398845,-76.503037,5961,Medio,Alta,Alta,Sin amenaza,No,3896,Zona 6,0.25,Sí,No,0,0,IPS COMFANDI MORICHAL,476,Bomberos Estacion X10,600,8.5,"https://www.google.com/maps/@?api=1&map_action=pano&viewpoint=3.39884498872797,-76.503036644699"
EPE_1288-9689,Parque,Parque con colindancia,Zonal,15,1599,El Morichal,3.396095,-76.503552,7584,Optimo,Alta,Media,Sin amenaza,No,3969,Zona 6,0.25,Sí,No,0,0,IPS COMFANDI MORICHAL,522,Bomberos Estacion X10,910,8.5,"https://www.google.com/maps/@?api=1&map_action=pano&viewpoint=3.39609541877256,-76.5035518645614"
EPE_1289-9690,Parque,Parque damero,Zonal,15,1599,El Morichal,3.39616,-76.506488,11535,Adecuado,Alta,Alta,Sin amenaza,No,4263,Zona 6,0.25,Sí,No,0,0,IPS COMFANDI MORICHAL,318,Bomberos Estacion X10,1034,8.5,"https://www.google.com/maps/@?api=1&map_action=pano&viewpoint=3.39615958108896,-76.5064877508119"
EPE_129-8537,Zona verde,No aplica,Local,02,0216,Menga,3.491611,-76.525739,3571,Insuficiente,Alta,Sin amenaza,Sin amenaza,No,3858,Zona 1,0.22,No,No,10,0,angelica maria restrepo aguirre,725,Defensa Civil La Flora,1255,37.0,"https://www.google.com/maps/@?api=1&map_action=pano&viewpoint=3.49161144742765,-76.5257391000781"
EPE_1290-9691,Parque,Parque damero,Zonal,15,1599,El Morichal,3.389516,-76.50929,8026,Medio,Alta,Sin amenaza,Sin amenaza,No,4293,Zona 5,0.28,Sí,No,0,0,REHABILITAMOS SEDE CANEY,939,Bomberos Estacion X10,1830,8.5,"https://www.google.com/maps/@?api=1&map_action=pano&viewpoint=3.38951588073438,-76.509289511716"
EPE_1291-9692,Parque,Parque en serie,Local,15,1599,El Morichal,3.392628,-76.509415,2624,Adecuado,Alta,Sin amenaza,Sin amenaza,No,4413,Zona 5,0.28,Sí,No,0,0,IPS COMFANDI MORICHAL,735,Bomberos Estacion X10,1541,8.5,"https://www.google.com/maps/@?api=1&map_action=pano&viewpoint=3.39262793405663,-76.5094152925845"
EPE_1292-9693,Parque,Parque en serie,Local,15,1599,El Morichal,3.391671,-76.508748,2490,Adecuado,Alta,Sin amenaza,Sin amenaza,No,4309,Zona 5,0.28,Sí,No,0,0,IPS COMFANDI MORICHAL,819,Bomberos Estacion X10,1591,8.5,"https://www.google.com/maps/@?api=1&map_action=pano&viewpoint=3.39167146595029,-76.5087479952296"
EPE_1293-9694,Parque,Parque en serie,Local,15,1599,El Morichal,3.392136,-76.510502,299,Regular,Alta,Sin amenaza,Sin amenaza,No,4510,Zona 5,0.28,Sí,No,0,0,IPS COMFANDI MORICHAL,831,Bomberos Estacion X10,1657,8.5,"https://www.google.com/maps/@?api=1&map_action=pano&viewpoint=3.39213567683282,-76.5105018164744"
EPE_1294-9695,Parque,Parque en serie,Local,15,1599,El Morichal,3.391677,-76.510588,1548,Adecuado,Alta,Sin amenaza,Sin amenaza,No,4504,Zona 5,0.28,Sí,No,0,0,IPS COMFANDI MORICHAL,881,Bomberos Estacion X10,1703,8.5,"https://www.google.com/maps/@?api=1&map_action=pano&viewpoint=3.39167739087848,-76.5105876631378"
EPE_1295-9696,Zona verde,No aplica,Local,15,1599,El Morichal,3.392584,-76.511199,2350,Medio,Alta,Sin amenaza,Sin amenaza,No,4599,Zona 5,0.28,Sí,No,0,0,IPS COMFANDI MORICHAL,823,Bomberos Estacion X10,1666,8.5,"https://www.google.com/maps/@?api=1&map_action=pano&viewpoint=3.39258393391881,-76.5111992827177"
EPE_1296-9697,Parque,Parque damero,Zonal,15,1599,El Morichal,3.393166,-76.511452,9971,Adecuado,Alta,Sin amenaza,Sin amenaza,No,4647,Zona 5,0.28,Sí,No,0,0,IPS COMFANDI MORICHAL,785,Bomberos Estacion X10,1636,8.5,"https://www.google.com/maps/@?api=1&map_action=pano&viewpoint=3.39316608994537,-76.511452416137"
EPE_1297-9698,Zona verde,No aplica,Zonal,15,1599,El Morichal,3.392739,-76.510414,5474,Medio,Alta,Sin amenaza,Sin amenaza,No,4522,Zona 5,0.28,Sí,No,0,0,IPS COMFANDI MORICHAL,766,Bomberos Estacion X10,1598,8.5,"https://www.google.com/maps/@?api=1&map_action=pano&viewpoint=3.39273903222952,-76.5104137262597"
EPE_1298-9699,Parque,Parque damero,Local,13,1306,Ricardo Balcázar,3.43454,-76.493152,4382,Medio,Alta,Alta,Sin amenaza,No,2176,Zona 6,0.25,Sí,No,6,0,SISTEMA INTEGRADO EN SALUD MEDICA Y OCUPACIONAL SAS,400,Bomberos Estacion X7,1372,35.5,"https://www.google.com/maps/@?api=1&map_action=pano&viewpoint=3.43454043811296,-76.4931520458393"
EPE_1299-9700,Parque,Parque con colindancia,Local,13,1306,Ricardo Balcázar,3.434006,-76.491856,2903,Adecuado,Alta,Alta,Sin amenaza,No,2076,,,Sí,No,12,0,SISTEMA INTEGRADO EN SALUD MEDICA Y OCUPACIONAL SAS,552,Bomberos Estacion X7,1226,35.5,"https://www.google.com/maps/@?api=1&map_action=pano&viewpoint=3.4340063032887,-76.4918555513915"
EPE_13-8424,Zona verde,No aplica,Local,02,0212,La Flora,3.485352,-76.525164,92,Insuficiente,Media,Sin amenaza,Sin amenaza,No,4019,Zona 3,0.35,No,No,17,0,angelica maria restrepo aguirre,93,Defensa Civil La Flora,1332,37.0,"https://www.google.com/maps/@?api=1&map_action=pano&viewpoint=3.48535158372802,-76.5251640398982"
EPE_130-8538,Zona verde,No aplica,Zonal,02,0216,Menga,3.489971,-76.524881,20400,Regular,Alta,Sin amenaza,Sin amenaza,No,3813,Zona 1,0.22,No,No,22,0,angelica maria restrepo aguirre,555,Defensa Civil La Flora,1160,37.0,"https://www.google.com/maps/@?api=1&map_action=pano&viewpoint=3.48997118349233,-76.5248811215421"
EPE_1300-9701,Parque,Parque con colindancia,Local,13,1305,Los Comuneros II,3.425311,-76.492604,561,Regular,Alta,Alta,Sin amenaza,No,2709,Zona 6,0.25,Sí,No,25,0,E.S.E. RED DE SALUD DEL ORIENTE EMPRESA SOCIAL DEL ESTADO HOSPITAL CARLOS HOLMES TRUJILLO,535,Bomberos Estacion X7,966,35.5,"https://www.google.com/maps/@?api=1&map_action=pano&viewpoint=3.42531053980795,-76.4926043366561"
EPE_1301-9702,Parque,Parque en serie,Local,13,1315,Calipso,3.424861,-76.4976,3606,Optimo,Alta,Alta,Sin amenaza,No,3170,Zona 6,0.25,Sí,No,4,0,E.S.E. RED DE SALUD DEL ORIENTE EMPRESA SOCIAL DEL ESTADO HOSPITAL CARLOS HOLMES TRUJILLO,719,Bomberos Estacion X7,1522,35.5,"https://www.google.com/maps/@?api=1&map_action=pano&viewpoint=3.42486122458819,-76.4975996601212"
EPE_1302-9703,Parque,Parque en serie,Zonal,13,1315,Calipso,3.425847,-76.499301,7853,Adecuado,Alta,Media,Sin amenaza,No,3257,Zona 6,0.25,Sí,No,8,0,SERVICIO ASISTENCIAL INMEDIATO S.A.S,677,Bomberos Estacion X7,1703,35.5,"https://www.google.com/maps/@?api=1&map_action=pano&viewpoint=3.42584723017149,-76.4993010546281"
EPE_1303-9704,Parque,Parque damero,Local,13,1303,El Poblado I,3.419375,-76.496451,1365,Medio,Alta,Sin amenaza,Sin amenaza,No,3384,Zona 6,0.25,Sí,No,0,0,CENTRO MEDICO IP SALUD SAS,259,Bomberos Estacion X7,1586,35.5,"https://www.google.com/maps/@?api=1&map_action=pano&viewpoint=3.41937480098605,-76.4964511885236"
EPE_1304-9705,Parque,Parque con colindancia,Local,13,1311,Los Robles,3.421482,-76.495663,393,Medio,Alta,Baja,Sin amenaza,No,3247,Zona 6,0.25,Sí,No,4,0,E.S.E. RED DE SALUD DEL ORIENTE EMPRESA SOCIAL DEL ESTADO HOSPITAL CARLOS HOLMES TRUJILLO,335,Bomberos Estacion X7,1405,35.5,"https://www.google.com/maps/@?api=1&map_action=pano&viewpoint=3.42148208226006,-76.495662899227"
EPE_1305-9706,Zona verde,No aplica,Local,13,1393,Lleras Restrepo II,3.433765,-76.495381,262,Regular,Alta,Baja,Sin amenaza,No,2436,Zona 6,0.25,Sí,No,6,0,SISTEMA INTEGRADO EN SALUD MEDICA Y OCUPACIONAL SAS,335,Bomberos Estacion X7,1515,35.5,"https://www.google.com/maps/@?api=1&map_action=pano&viewpoint=3.43376494652518,-76.4953806446483"
EPE_1306-9707,Zona verde,No aplica,Local,13,1306,Ricardo Balcázar,3.433765,-76.495262,741,Regular,Alta,Baja,Sin amenaza,No,2424,Zona 6,0.25,Sí,No,6,0,SISTEMA INTEGRADO EN SALUD MEDICA Y OCUPACIONAL SAS,338,Bomberos Estacion X7,1504,35.5,"https://www.google.com/maps/@?api=1&map_action=pano&viewpoint=3.43376463035549,-76.4952623921693"
EPE_1307-9708,Parque,Parque irregular,Local,14,1401,Alfonso Bonilla Aragón,3.421803,-76.483912,1841,Medio,Alta,Alta,Sin amenaza,No,2167,Zona 6,0.25,Sí,No,5,0,RVP RESCATE VIDA PROPOSITO SAS,320,Bomberos Estacion X7,499,22.5,"https://www.google.com/maps/@?api=1&map_action=pano&viewpoint=3.4218029499986,-76.4839117325176"
EPE_1308-9709,Parque,Parque con colindancia,Local,14,1403,Manuela Beltrán,3.423347,-76.46881,2809,Regular,Alta,Alta,Sin amenaza,No,719,Zona 6,0.25,Sí,No,3,0,CENTRO DE SALUD DECEPAZ,589,Bomberos Estacion X7,1713,22.5,"https://www.google.com/maps/@?api=1&map_action=pano&viewpoint=3.42334736879497,-76.4688103465429"
EPE_1309-9710,Parque,Parque en serie,Local,14,1495,Puerta del Sol,3.428316,-76.473773,3894,Insuficiente,Alta,Alta,Sin amenaza,No,1355,Zona 6,0.25,Sí,No,13,0,VIDAMED AMBULANCIAS S.A.S,249,Bomberos Estacion X7,1153,22.5,"https://www.google.com/maps/@?api=1&map_action=pano&viewpoint=3.42831644523111,-76.4737732349262"
EPE_131-8539,Zona verde,No aplica,Zonal,02,0298,Senderos de La Flora,3.490178,-76.519012,6486,Adecuado,Alta,Sin amenaza,Sin amenaza,No,3187,Zona 4B,0.28,No,No,7,0,IPS CFA LA FLORA,565,Defensa Civil La Flora,509,37.0,"https://www.google.com/maps/@?api=1&map_action=pano&viewpoint=3.49017795590338,-76.5190119150049"
EPE_1310-9711,Parque,Parque en serie,Zonal,14,1495,Puerta del Sol,3.429902,-76.471704,6294,Insuficiente,Alta,Alta,Sin amenaza,No,1083,Zona 6,0.25,Sí,No,6,0,VIDAMED AMBULANCIAS S.A.S,527,Bomberos Estacion X7,1418,22.5,"https://www.google.com/maps/@?api=1&map_action=pano&viewpoint=3.42990156172412,-76.4717035758703"
EPE_1311-9712,Zona verde,No aplica,Local,14,1498,Promociones Populares B,3.427087,-76.474684,1158,Regular,Alta,Alta,Sin amenaza,No,1464,Zona 6,0.25,Sí,No,11,0,VIDAMED AMBULANCIAS S.A.S,84,Bomberos Estacion X7,1033,22.5,"https://www.google.com/maps/@?api=1&map_action=pano&viewpoint=3.42708719952042,-76.4746842468228"
EPE_1312-9713,Parque,Parque con colindancia,Local,14,1498,Promociones Populares B,3.427976,-76.475359,1358,Medio,Alta,Alta,Sin amenaza,No,1417,Zona 6,0.25,Sí,No,15,0,VIDAMED AMBULANCIAS S.A.S,191,Bomberos Estacion X7,973,22.5,"https://www.google.com/maps/@?api=1&map_action=pano&viewpoint=3.42797642927637,-76.4753589935057"
EPE_1313-9714,Parque,Parque en serie,Local,14,1495,Puerta del Sol,3.430299,-76.473826,3884,Adecuado,Alta,Alta,Sin amenaza,No,1136,Zona 6,0.25,Sí,No,13,0,VIDAMED AMBULANCIAS S.A.S,454,Bomberos Estacion X7,1210,22.5,"https://www.google.com/maps/@?api=1&map_action=pano&viewpoint=3.43029936687017,-76.4738257045471"
EPE_1314-9715,Parque,Parque en serie,Zonal,14,1495,Puerta del Sol,3.430868,-76.474441,12259,Adecuado,Alta,Alta,Sin amenaza,No,1084,Zona 6,0.25,Sí,No,13,0,VIDAMED AMBULANCIAS S.A.S,505,Bomberos Estacion X7,1173,22.5,"https://www.google.com/maps/@?api=1&map_action=pano&viewpoint=3.43086770956601,-76.4744413459013"
EPE_1315-9716,Zona verde,No aplica,Local,13,1301,Ulpiano Lloreda,3.441324,-76.488574,675,Adecuado,Alta,Alta,Sin amenaza,No,1462,Zona 6,0.25,Sí,No,6,0,EMERGENCIA MEDICA ESPECIALIZADA S.A.S,623,Bomberos Estacion X7,1748,35.5,"https://www.google.com/maps/@?api=1&map_action=pano&viewpoint=3.44132416572626,-76.4885740544045"
EPE_1316-9717,Parque,Parque damero,Local,13,1306,Ricardo Balcázar,3.434348,-76.493772,745,Medio,Alta,Alta,Sin amenaza,No,2247,,,Sí,No,6,0,SISTEMA INTEGRADO EN SALUD MEDICA Y OCUPACIONAL SAS,362,Bomberos Estacion X7,1410,35.5,"https://www.google.com/maps/@?api=1&map_action=pano&viewpoint=3.43434822179911,-76.4937721927087"
EPE_1317-9718,Parque,Parque en serie,Local,13,1398,El Pondaje,3.430961,-76.495965,1121,Adecuado,Alta,Alta,Sin amenaza,No,2640,,,Sí,No,13,0,SISTEMA INTEGRADO EN SALUD MEDICA Y OCUPACIONAL SAS,639,Bomberos Estacion X7,1430,35.5,"https://www.google.com/maps/@?api=1&map_action=pano&viewpoint=3.43096051308549,-76.4959652319114"
EPE_1318-9719,Parque,Parque en serie,Local,13,1398,El Pondaje,3.430237,-76.496317,3186,Medio,Alta,Alta,Sin amenaza,No,2714,Zona 6,0.25,Sí,No,13,0,SISTEMA INTEGRADO EN SALUD MEDICA Y OCUPACIONAL SAS,720,Bomberos Estacion X7,1440,35.5,"https://www.google.com/maps/@?api=1&map_action=pano&viewpoint=3.43023651003564,-76.4963171657278"
EPE_1319-9720,Parque,Parque en serie,Local,13,1398,El Pondaje,3.429489,-76.496711,2402,Medio,Alta,Alta,Sin amenaza,No,2794,Zona 6,0.25,Sí,No,11,0,SISTEMA INTEGRADO EN SALUD MEDICA Y OCUPACIONAL SAS,806,Bomberos Estacion X7,1459,35.5,"https://www.google.com/maps/@?api=1&map_action=pano&viewpoint=3.42948866543581,-76.4967106921171"
EPE_132-8540,Zona verde,No aplica,Local,02,0298,Senderos de La Flora,3.491589,-76.518475,1964,Adecuado,Alta,Sin amenaza,Sin amenaza,No,3081,Zona 4B,0.28,No,No,2,0,IPS CFA LA FLORA,681,Defensa Civil La Flora,454,37.0,"https://www.google.com/maps/@?api=1&map_action=pano&viewpoint=3.49158945741865,-76.5184746521674"
EPE_1320-9721,Parque,Parque en serie,Local,13,1398,El Pondaje,3.428744,-76.497085,2586,Adecuado,Alta,Alta,Sin amenaza,No,2873,Zona 6,0.25,Sí,No,6,0,SISTEMA INTEGRADO EN SALUD MEDICA Y OCUPACIONAL SAS,893,Bomberos Estacion X7,1482,35.5,"https://www.google.com/maps/@?api=1&map_action=pano&viewpoint=3.42874429128072,-76.4970849087769"
EPE_1321-9722,Parque,Parque damero,Zonal,14,1403,Manuela Beltrán,3.421002,-76.46955,7732,Regular,Alta,Alta,Sin amenaza,No,755,Zona 6,0.25,Sí,No,7,0,CENTRO DE SALUD DECEPAZ,727,Bomberos Estacion X7,1704,22.5,"https://www.google.com/maps/@?api=1&map_action=pano&viewpoint=3.42100185512295,-76.4695495120838"
EPE_1322-9723,Parque,Parque damero,Zonal,15,1599,El Morichal,3.394948,-76.510506,5849,Adecuado,Alta,Sin amenaza,Sin amenaza,No,4617,Zona 5,0.28,Sí,No,0,0,IPS COMFANDI MORICHAL,564,Bomberos Estacion X10,1420,8.5,"https://www.google.com/maps/@?api=1&map_action=pano&viewpoint=3.39494770399083,-76.5105058185303"
EPE_1323-9724,Zona verde,No aplica,Local,15,1599,El Morichal,3.394132,-76.508138,4720,Regular,Alta,Sin amenaza,Sin amenaza,No,4340,Zona 6,0.25,Sí,No,0,0,IPS COMFANDI MORICHAL,537,Bomberos Estacion X10,1323,8.5,"https://www.google.com/maps/@?api=1&map_action=pano&viewpoint=3.39413222123714,-76.5081381160563"
EPE_1324-9725,Zona verde,No aplica,Local,15,1599,El Morichal,3.394812,-76.507566,2377,Regular,Alta,Baja,Sin amenaza,No,4310,Zona 6,0.25,Sí,No,0,0,IPS COMFANDI MORICHAL,455,Bomberos Estacion X10,1225,8.5,"https://www.google.com/maps/@?api=1&map_action=pano&viewpoint=3.39481158843007,-76.5075659954387"
EPE_1325-9726,Zona verde,No aplica,Local,14,1404,Las Orquídeas,3.415372,-76.478985,1247,Regular,Alta,Baja,Sin amenaza,No,1399,Zona 6,0.25,Sí,No,2,0,RVP RESCATE VIDA PROPOSITO SAS,861,Bomberos Estacion X7,1334,22.5,"https://www.google.com/maps/@?api=1&map_action=pano&viewpoint=3.41537229225132,-76.478984951574"
EPE_1326-9727,Parque,Parque damero,Local,14,1403,Manuela Beltrán,3.425293,-76.47022,4287,Regular,Alta,Alta,Sin amenaza,No,932,Zona 6,0.25,Sí,No,6,0,VIDAMED AMBULANCIAS S.A.S,525,Bomberos Estacion X7,1529,22.5,"https://www.google.com/maps/@?api=1&map_action=pano&viewpoint=3.4252929220947,-76.4702199368885"
EPE_1327-9728,Parque,Parque damero,Local,14,1403,Manuela Beltrán,3.424321,-76.4736,3710,Regular,Alta,Alta,Sin amenaza,No,1260,Zona 6,0.25,Sí,No,7,0,VIDAMED AMBULANCIAS S.A.S,263,Bomberos Estacion X7,1171,22.5,"https://www.google.com/maps/@?api=1&map_action=pano&viewpoint=3.42432116245584,-76.4736000331845"
EPE_1328-9729,Zona verde,No aplica,Local,15,1598,Mojica,3.419104,-76.48866,262,Adecuado,Alta,Alta,Sin amenaza,No,2550,Zona 6,0.25,Sí,No,18,0,E.S.E. RED DE SALUD DEL ORIENTE EMPRESA SOCIAL DEL ESTADO HOSPITAL CARLOS HOLMES TRUJILLO,486,Bomberos Estacion X7,955,8.5,"https://www.google.com/maps/@?api=1&map_action=pano&viewpoint=3.4191043817114,-76.4886602967733"
EPE_1329-9730,Parque,Parque con colindancia,Zonal,15,1502,Los Comuneros I,3.40895,-76.492372,6948,Adecuado,Alta,Media,Sin amenaza,No,2759,Zona 6,0.25,Sí,No,1,0,HOSPITAL ISAIAS DUARTE CANCINO EMPRESA SOCIAL DEL ESTADO,758,Bomberos Estacion X10,1152,8.5,"https://www.google.com/maps/@?api=1&map_action=pano&viewpoint=3.40895029636849,-76.4923719289521"
EPE_133-8541,Parque,Parque con colindancia,Zonal,02,0295,Urbanización La Flora,3.489219,-76.517755,20744,Adecuado,Alta,Sin amenaza,Sin amenaza,No,3094,Zona 4B,0.28,No,No,4,0,IPS CFA LA FLORA,406,Defensa Civil La Flora,404,37.0,"https://www.google.com/maps/@?api=1&map_action=pano&viewpoint=3.48921926987568,-76.517755156458"
EPE_1330-9731,Parque,Parque en serie,Local,15,1599,El Morichal,3.394692,-76.504795,678,Medio,Alta,Media,Sin amenaza,No,4024,Zona 6,0.25,Sí,No,0,0,IPS COMFANDI MORICHAL,545,Bomberos Estacion X10,1100,8.5,"https://www.google.com/maps/@?api=1&map_action=pano&viewpoint=3.39469213208271,-76.5047949955663"
EPE_1331-9732,Parque,Parque en serie,Local,15,1599,El Morichal,3.393965,-76.504934,4109,Medio,Alta,Sin amenaza,Sin amenaza,No,4005,Zona 6,0.25,Sí,No,0,0,IPS COMFANDI MORICHAL,609,Bomberos Estacion X10,1181,8.5,"https://www.google.com/maps/@?api=1&map_action=pano&viewpoint=3.39396451936773,-76.504934062357"
EPE_1332-9733,Parque,Parque en serie,Local,15,1599,El Morichal,3.395166,-76.505045,2650,Medio,Alta,Media,Sin amenaza,No,4071,Zona 6,0.25,Sí,No,0,0,IPS COMFANDI MORICHAL,486,Bomberos Estacion X10,1060,8.5,"https://www.google.com/maps/@?api=1&map_action=pano&viewpoint=3.39516586380775,-76.5050451787151"
EPE_1333-9734,Zona verde,No aplica,Local,15,1599,El Morichal,3.392439,-76.506577,4862,Adecuado,Alta,Sin amenaza,Sin amenaza,No,4110,Zona 6,0.25,Sí,No,0,0,IPS COMFANDI MORICHAL,723,Bomberos Estacion X10,1405,8.5,"https://www.google.com/maps/@?api=1&map_action=pano&viewpoint=3.39243908152113,-76.5065771023636"
EPE_1334-9735,Zona verde,No aplica,Local,15,1599,El Morichal,3.391037,-76.507119,2144,Medio,Alta,Sin amenaza,Sin amenaza,No,4115,Zona 5,0.28,Sí,No,0,0,IPS COMFANDI MORICHAL,874,Bomberos Estacion X10,1572,8.5,"https://www.google.com/maps/@?api=1&map_action=pano&viewpoint=3.39103689036914,-76.507118849233"
EPE_1335-9736,Zona verde,No aplica,Local,15,1599,El Morichal,3.39065,-76.50936,575,Regular,Alta,Sin amenaza,Sin amenaza,No,4339,Zona 5,0.28,Sí,No,0,0,IPS COMFANDI MORICHAL,944,Bomberos Estacion X10,1724,8.5,"https://www.google.com/maps/@?api=1&map_action=pano&viewpoint=3.39064973656717,-76.5093597519077"
EPE_1336-9737,Parque,Parque damero,Zonal,15,1599,El Morichal,3.395663,-76.509326,6073,Adecuado,Alta,Sin amenaza,Sin amenaza,No,4527,Zona 6,0.25,Sí,No,0,0,IPS COMFANDI MORICHAL,423,Bomberos Estacion X10,1272,8.5,"https://www.google.com/maps/@?api=1&map_action=pano&viewpoint=3.39566273809226,-76.5093263756907"
EPE_1337-9738,Parque,Parque en serie,Zonal,15,1596,Ciudad Córdoba,3.401523,-76.508011,25279,Adecuado,Alta,Sin amenaza,Sin amenaza,No,4425,Zona 6,0.25,Sí,No,0,0,IPS COMFANDI MORICHAL,302,Bomberos Estacion X10,774,8.5,"https://www.google.com/maps/@?api=1&map_action=pano&viewpoint=3.40152304300641,-76.5080105736085"
EPE_1338-9739,Zona verde,No aplica,Zonal,15,1596,Ciudad Córdoba,3.401097,-76.50753,5488,Regular,Alta,Sin amenaza,Sin amenaza,No,4374,Zona 6,0.25,Sí,No,0,0,IPS COMFANDI MORICHAL,246,Bomberos Estacion X10,744,8.5,"https://www.google.com/maps/@?api=1&map_action=pano&viewpoint=3.4010966693767,-76.5075304423433"
EPE_1339-9740,Parque,Parque con colindancia,Local,13,1309,Lleras Restrepo,3.437149,-76.492594,2695,Adecuado,Alta,Alta,Sin amenaza,No,2007,Zona 6,0.25,Sí,No,9,0,SISTEMA INTEGRADO EN SALUD MEDICA Y OCUPACIONAL SAS,384,Bomberos Estacion X7,1541,35.5,"https://www.google.com/maps/@?api=1&map_action=pano&viewpoint=3.43714935974291,-76.4925943987299"
EPE_134-8542,Parque,Parque con colindancia,Local,02,0295,Urbanización La Flora,3.486855,-76.514022,1833,Adecuado,Alta,Sin amenaza,Sin amenaza,No,2838,Zona 4B,0.28,No,No,0,0,IPS CFA LA FLORA,283,Bomberos Estacion X8,429,37.0,"https://www.google.com/maps/@?api=1&map_action=pano&viewpoint=3.48685538424626,-76.5140219395238"
EPE_1340-9741,Parque,Parque damero,Local,15,1501,El Retiro,3.411426,-76.499047,4509,Medio,Alta,Alta,Sin amenaza,No,3540,Zona 6,0.25,Sí,No,1,0,CENTRO MEDICO IP SALUD SAS,931,Bomberos Estacion X10,868,8.5,"https://www.google.com/maps/@?api=1&map_action=pano&viewpoint=3.41142627497773,-76.4990471353824"
EPE_1341-9742,Parque,Parque en serie,Zonal,15,1596,Ciudad Córdoba,3.405597,-76.503611,7693,Medio,Alta,Media,Sin amenaza,No,3942,Zona 6,0.25,Sí,No,0,0,HOSPITAL A CASA SAS,659,Bomberos Estacion X10,293,8.5,"https://www.google.com/maps/@?api=1&map_action=pano&viewpoint=3.40559738286212,-76.5036105378576"
EPE_1342-9743,Parque,Parque en serie,Local,15,1596,Ciudad Córdoba,3.40481,-76.503449,3962,Medio,Alta,Media,Sin amenaza,No,3920,Zona 6,0.25,Sí,No,0,0,HOSPITAL A CASA SAS,702,Bomberos Estacion X10,234,8.5,"https://www.google.com/maps/@?api=1&map_action=pano&viewpoint=3.40481029826613,-76.5034487565237"
EPE_1343-9744,Parque,Parque con colindancia,Zonal,14,1404,Las Orquídeas,3.41337,-76.474356,6709,Adecuado,Alta,Alta,Sin amenaza,No,843,Zona 6,0.25,Sí,No,0,0,RVP RESCATE VIDA PROPOSITO SAS,1295,Bomberos Estacion X7,1789,22.5,"https://www.google.com/maps/@?api=1&map_action=pano&viewpoint=3.41336997914194,-76.4743558351553"
EPE_1344-9745,Parque,Parque damero,Zonal,15,1598,Mojica,3.415443,-76.489886,6132,Regular,Alta,Media,Sin amenaza,No,2574,Zona 6,0.25,Sí,No,12,0,HOSPITAL ISAIAS DUARTE CANCINO EMPRESA SOCIAL DEL ESTADO,500,Bomberos Estacion X7,1374,8.5,"https://www.google.com/maps/@?api=1&map_action=pano&viewpoint=3.41544276708861,-76.4898860565766"
EPE_1345-9746,Parque,Parque en serie,Zonal,15,1596,Ciudad Córdoba,3.398473,-76.511354,41511,Adecuado,Alta,Sin amenaza,Sin amenaza,No,4818,Zona 5,0.28,Sí,No,0,0,IPS COMFANDI MORICHAL,450,Bomberos Estacion X10,1256,8.5,"https://www.google.com/maps/@?api=1&map_action=pano&viewpoint=3.39847348164867,-76.5113542205474"
EPE_1346-9747,Parque,Parque damero,Zonal,14,1401,Alfonso Bonilla Aragón,3.41982,-76.482085,7125,Medio,Alta,Alta,Sin amenaza,No,1897,Zona 6,0.25,Sí,No,3,0,RVP RESCATE VIDA PROPOSITO SAS,345,Bomberos Estacion X7,749,22.5,"https://www.google.com/maps/@?api=1&map_action=pano&viewpoint=3.41981972727354,-76.4820852917076"
EPE_1347-9748,Zona verde,No aplica,Local,14,1498,Promociones Populares B,3.426449,-76.475494,1276,Regular,Alta,Alta,Sin amenaza,No,1529,Zona 6,0.25,Sí,No,8,0,VIDAMED AMBULANCIAS S.A.S,74,Bomberos Estacion X7,940,22.5,"https://www.google.com/maps/@?api=1&map_action=pano&viewpoint=3.4264493774498,-76.4754936382575"
EPE_1348-9749,Zona verde,No aplica,Local,14,1498,Promociones Populares B,3.428327,-76.476595,2969,Regular,Alta,Alta,Sin amenaza,No,1408,Zona 6,0.25,Sí,No,8,0,VIDAMED AMBULANCIAS S.A.S,295,Bomberos Estacion X7,848,22.5,"https://www.google.com/maps/@?api=1&map_action=pano&viewpoint=3.42832666465532,-76.4765954911917"
EPE_1349-9750,Parque,Parque para la recreación especializada,Zonal,14,1498,Promociones Populares B,3.425599,-76.471728,14959,Adecuado,Alta,Alta,Sin amenaza,No,1102,Zona 6,0.25,Sí,No,10,0,VIDAMED AMBULANCIAS S.A.S,355,Bomberos Estacion X7,1360,22.5,"https://www.google.com/maps/@?api=1&map_action=pano&viewpoint=3.42559861343197,-76.4717283551892"
EPE_135-8543,Parque,Parque para la recreación especializada,Zonal,02,0217,Ciudad de Los Alamos,3.483297,-76.510787,6472,Medio,Alta,Sin amenaza,Sin amenaza,No,2775,Zona 4B,0.28,No,No,1,0,IPS CFA LA FLORA,681,Bomberos Estacion X8,899,37.0,"https://www.google.com/maps/@?api=1&map_action=pano&viewpoint=3.48329682264587,-76.5107865936841"
EPE_1350-9751,Parque,Parque con colindancia,Zonal,14,1404,Las Orquídeas,3.41315,-76.478904,7079,Medio,Alta,Baja,Sin amenaza,No,1329,Zona 6,0.25,Sí,No,1,0,HOSPITAL ISAIAS DUARTE CANCINO EMPRESA SOCIAL DEL ESTADO,848,Bomberos Estacion X7,1566,22.5,"https://www.google.com/maps/@?api=1&map_action=pano&viewpoint=3.41314971547356,-76.4789036265046"
EPE_1351-9752,Parque,Parque con colindancia,Local,14,1406,José Manuel Marroquín I,3.420283,-76.478668,1018,Medio,Alta,Alta,Sin amenaza,No,1565,Zona 6,0.25,Sí,No,7,0,RVP RESCATE VIDA PROPOSITO SAS,397,Bomberos Estacion X7,890,22.5,"https://www.google.com/maps/@?api=1&map_action=pano&viewpoint=3.42028255749737,-76.4786676758807"
EPE_1352-9753,Parque,Parque en serie,Zonal,15,1504,El Vallado,3.406944,-76.502096,7998,Medio,Alta,Baja,Sin amenaza,No,3787,Zona 6,0.25,Sí,No,0,0,HOSPITAL A CASA SAS,810,Bomberos Estacion X10,332,8.5,"https://www.google.com/maps/@?api=1&map_action=pano&viewpoint=3.40694401765977,-76.5020957483716"
EPE_1353-9754,Zona verde,No aplica,Local,15,1596,Ciudad Córdoba,3.400184,-76.508538,1980,Medio,Alta,Sin amenaza,Sin amenaza,No,4491,Zona 6,0.25,Sí,No,0,0,IPS COMFANDI MORICHAL,197,Bomberos Estacion X10,890,8.5,"https://www.google.com/maps/@?api=1&map_action=pano&viewpoint=3.40018356699071,-76.5085384963636"
EPE_1354-9755,Zona verde,No aplica,Local,14,1401,Alfonso Bonilla Aragón,3.417286,-76.483256,1637,Insuficiente,Alta,Baja,Sin amenaza,No,1917,Zona 6,0.25,Sí,No,11,0,HOSPITAL ISAIAS DUARTE CANCINO EMPRESA SOCIAL DEL ESTADO,647,Bomberos Estacion X7,1005,22.5,"https://www.google.com/maps/@?api=1&map_action=pano&viewpoint=3.41728580675109,-76.4832555801562"
EPE_1355-9756,Parque,Parque para la recreación especializada,Zonal,14,1403,Manuela Beltrán,3.416282,-76.472236,8683,Adecuado,Alta,Alta,Sin amenaza,No,737,Zona 6,0.25,Sí,No,5,0,VIDAMED AMBULANCIAS S.A.S,1155,Bomberos Estacion X7,1713,22.5,"https://www.google.com/maps/@?api=1&map_action=pano&viewpoint=3.4162820281451,-76.4722356785956"
EPE_1356-9757,Parque,Parque para la recreación especializada,Zonal,13,1308,El Diamante,3.420306,-76.502867,17695,Adecuado,Alta,Media,Sin amenaza,No,3943,Zona 6,0.25,Sí,No,3,0,SERVICIO ASISTENCIAL INMEDIATO S.A.S,645,Bomberos Estacion X10,1818,35.5,"https://www.google.com/maps/@?api=1&map_action=pano&viewpoint=3.4203055894314,-76.502866712811"
EPE_1357-9758,Parque,Parque con colindancia,Local,14,1405,José Manuel Marroquín II,3.42809,-76.480582,4805,Medio,Alta,Alta,Sin amenaza,No,1607,Zona 6,0.25,Sí,No,11,0,RVP RESCATE VIDA PROPOSITO SAS,593,Bomberos Estacion X7,425,22.5,"https://www.google.com/maps/@?api=1&map_action=pano&viewpoint=3.42808976086608,-76.4805822112572"
EPE_1358-9759,Plazoleta,Plazoleta de enlace,Local,14,1401,Alfonso Bonilla Aragón,3.42044,-76.486026,488,Insuficiente,Alta,Baja,Sin amenaza,No,2329,Zona 6,0.25,Sí,No,12,0,RVP RESCATE VIDA PROPOSITO SAS,596,Bomberos Estacion X7,690,22.5,"https://www.google.com/maps/@?api=1&map_action=pano&viewpoint=3.42043995477544,-76.4860260766715"
EPE_1359-9760,Plazoleta,Plazoleta de enlace,Local,13,1398,El Pondaje,3.428306,-76.497601,3831,Adecuado,Alta,Alta,Sin amenaza,No,2948,Zona 6,0.25,Sí,No,2,0,SERVICIO ASISTENCIAL INMEDIATO S.A.S,918,Bomberos Estacion X7,1530,35.5,"https://www.google.com/maps/@?api=1&map_action=pano&viewpoint=3.42830643670097,-76.4976007471361"
EPE_136-8544,Parque,Parque irregular,Zonal,02,0203,Arboledas,3.447368,-76.546994,13043,Optimo,Baja,Sin amenaza,Sin amenaza,No,7747,Zona 2,0.35,No,No,6,0,E.S.E. RED DE SALUD DE LADERA EMPRESA SOCIAL DEL ESTADO HOSPITAL CAÑAVERALEJO,495,Gestion del Riesgo Oficina,1437,37.0,"https://www.google.com/maps/@?api=1&map_action=pano&viewpoint=3.44736844390069,-76.5469935905095"
EPE_1360-9761,Zona verde,No aplica,Local,15,1502,Los Comuneros I,3.410467,-76.490105,2090,Insuficiente,Alta,Media,Sin amenaza,No,2548,Zona 6,0.25,Sí,No,2,0,HOSPITAL ISAIAS DUARTE CANCINO EMPRESA SOCIAL DEL ESTADO,456,Bomberos Estacion X10,1454,8.5,"https://www.google.com/maps/@?api=1&map_action=pano&viewpoint=3.4104674014909,-76.4901052357179"
EPE_1361-9762,Parque,Parque damero,Local,14,1496,Los Naranjos,3.433967,-76.482301,3866,Medio,Alta,Alta,Sin amenaza,No,1216,Zona 6,0.25,Sí,No,7,0,VIRREY SOLIS IPS S.A. ORIENTE,995,Bomberos Estacion X7,873,22.5,"https://www.google.com/maps/@?api=1&map_action=pano&viewpoint=3.43396678510298,-76.4823012941645"
EPE_1362-9763,Zona verde,No aplica,Local,13,1306,Ricardo Balcázar,3.431591,-76.494119,1498,Adecuado,Alta,Alta,Sin amenaza,No,2427,Zona 6,0.25,Sí,No,19,0,SISTEMA INTEGRADO EN SALUD MEDICA Y OCUPACIONAL SAS,607,Bomberos Estacion X7,1272,35.5,"https://www.google.com/maps/@?api=1&map_action=pano&viewpoint=3.43159089302429,-76.4941189538769"
EPE_1363-9764,Parque,Parque damero,Local,15,1598,Mojica,3.416712,-76.492683,1143,Medio,Alta,Alta,Sin amenaza,No,2907,Zona 6,0.25,Sí,No,0,0,CENTRO MEDICO IP SALUD SAS,260,Bomberos Estacion X7,1440,8.5,"https://www.google.com/maps/@?api=1&map_action=pano&viewpoint=3.41671166376643,-76.4926832683037"
EPE_1364-9765,Parque,Parque damero,Local,15,1502,Los Comuneros I,3.416183,-76.493729,653,Adecuado,Alta,Alta,Sin amenaza,No,3009,Zona 6,0.25,Sí,No,0,0,CENTRO MEDICO IP SALUD SAS,251,Bomberos Estacion X7,1562,8.5,"https://www.google.com/maps/@?api=1&map_action=pano&viewpoint=3.4161828597841,-76.4937285108153"
EPE_1365-9766,Parque,Parque para la recreación especializada,Local,13,1303,El Poblado I,3.419266,-76.499062,3886,Adecuado,Alta,Baja,Sin amenaza,No,3661,Zona 6,0.25,Sí,No,4,0,CENTRO MEDICO IP SALUD SAS,533,Bomberos Estacion X10,1717,35.5,"https://www.google.com/maps/@?api=1&map_action=pano&viewpoint=3.41926647840637,-76.4990624532957"
EPE_1366-9767,Parque,Parque en serie,Local,14,1403,Manuela Beltrán,3.420942,-76.474031,4802,Adecuado,Alta,Alta,Sin amenaza,No,1151,Zona 6,0.25,Sí,No,13,0,VIDAMED AMBULANCIAS S.A.S,607,Bomberos Estacion X7,1253,22.5,"https://www.google.com/maps/@?api=1&map_action=pano&viewpoint=3.42094170958726,-76.4740310388035"
EPE_1367-9768,Parque,Parque damero,Local,13,1315,Calipso,3.423902,-76.49708,1634,Optimo,Alta,Alta,Sin amenaza,No,3191,Zona 6,0.25,Sí,No,6,0,E.S.E. RED DE SALUD DEL ORIENTE EMPRESA SOCIAL DEL ESTADO HOSPITAL CARLOS HOLMES TRUJILLO,606,Bomberos Estacion X7,1480,35.5,"https://www.google.com/maps/@?api=1&map_action=pano&viewpoint=3.42390152829446,-76.4970803595561"
EPE_1368-9769,Parque,Parque para la recreación especializada,Zonal,15,1504,El Vallado,3.405219,-76.499654,19461,Adecuado,Alta,Media,Sin amenaza,No,3501,Zona 6,0.25,Sí,No,0,0,HOSPITAL A CASA SAS,1098,Bomberos Estacion X10,244,8.5,"https://www.google.com/maps/@?api=1&map_action=pano&viewpoint=3.40521880419365,-76.4996541837055"
EPE_1369-9770,Parque,Parque separador,Local,13,1305,Los Comuneros II,3.425832,-76.494331,1084,Medio,Alta,Alta,Sin amenaza,No,2819,Zona 6,0.25,Sí,No,19,0,E.S.E. RED DE SALUD DEL ORIENTE EMPRESA SOCIAL DEL ESTADO HOSPITAL CARLOS HOLMES TRUJILLO,616,Bomberos Estacion X7,1152,35.5,"https://www.google.com/maps/@?api=1&map_action=pano&viewpoint=3.42583170219038,-76.4943305865492"
EPE_137-8545,Parque,Parque irregular,Zonal,02,0203,Arboledas,3.448623,-76.545601,18876,Optimo,Baja,Sin amenaza,Sin amenaza,No,7585,Zona 2,0.35,No,No,2,0,E.S.E. RED DE SALUD DE LADERA EMPRESA SOCIAL DEL ESTADO HOSPITAL CAÑAVERALEJO,470,Gestion del Riesgo Oficina,1257,37.0,"https://www.google.com/maps/@?api=1&map_action=pano&viewpoint=3.44862282791006,-76.5456007993427"
EPE_1370-9771,Parque,Parque separador,Local,13,1305,Los Comuneros II,3.426875,-76.493411,1201,Regular,Alta,Alta,Sin amenaza,No,2667,Zona 6,0.25,Sí,No,21,0,E.S.E. RED DE SALUD DEL ORIENTE EMPRESA SOCIAL DEL ESTADO HOSPITAL CARLOS HOLMES TRUJILLO,711,Bomberos Estacion X7,1051,35.5,"https://www.google.com/maps/@?api=1&map_action=pano&viewpoint=3.4268747443285,-76.4934108791715"
EPE_1371-9772,Zona verde,No aplica,Local,15,1599,El Morichal,3.394872,-76.511314,299,Insuficiente,Alta,Sin amenaza,Sin amenaza,No,4698,Zona 5,0.28,Sí,No,0,0,IPS COMFANDI MORICHAL,630,Bomberos Estacion X10,1490,8.5,"https://www.google.com/maps/@?api=1&map_action=pano&viewpoint=3.39487185398801,-76.5113137977021"
EPE_1372-9773,Zona verde,No aplica,Zonal,15,1599,El Morichal,3.395992,-76.502561,15253,Regular,Alta,Baja,Sin amenaza,No,3866,Zona 6,0.25,Sí,No,0,0,IPS COMFANDI MORICHAL,619,Bomberos Estacion X10,900,8.5,"https://www.google.com/maps/@?api=1&map_action=pano&viewpoint=3.39599184751079,-76.5025606102957"
EPE_1373-9774,Zona verde,No aplica,Zonal,15,1599,El Morichal,3.389631,-76.507755,15357,Regular,Alta,Sin amenaza,Sin amenaza,No,4134,Zona 5,0.28,Sí,No,0,0,IPS COMFANDI MORICHAL,1031,Bomberos Estacion X10,1744,8.5,"https://www.google.com/maps/@?api=1&map_action=pano&viewpoint=3.38963128703915,-76.507755410047"
EPE_1374-9775,Zona verde,No aplica,Zonal,15,1599,El Morichal,3.392484,-76.504786,12703,Medio,Alta,Sin amenaza,Sin amenaza,No,3926,Zona 6,0.25,Sí,No,0,0,IPS COMFANDI MORICHAL,767,Bomberos Estacion X10,1333,8.5,"https://www.google.com/maps/@?api=1&map_action=pano&viewpoint=3.39248392838439,-76.5047862395799"
EPE_1375-9776,Parque,Parque damero,Local,13,1315,Calipso,3.424288,-76.496111,3270,Adecuado,Alta,Alta,Sin amenaza,No,3080,Zona 6,0.25,Sí,No,7,0,E.S.E. RED DE SALUD DEL ORIENTE EMPRESA SOCIAL DEL ESTADO HOSPITAL CARLOS HOLMES TRUJILLO,558,Bomberos Estacion X7,1367,35.5,"https://www.google.com/maps/@?api=1&map_action=pano&viewpoint=3.42428845347004,-76.4961105992059"
EPE_1376-9777,Zona verde,No aplica,Local,13,1314,Villablanca,3.427528,-76.496584,2099,Medio,Alta,Alta,Sin amenaza,No,2902,Zona 6,0.25,Sí,No,13,0,E.S.E. RED DE SALUD DEL ORIENTE EMPRESA SOCIAL DEL ESTADO HOSPITAL CARLOS HOLMES TRUJILLO,886,Bomberos Estacion X7,1408,35.5,"https://www.google.com/maps/@?api=1&map_action=pano&viewpoint=3.4275281199774,-76.4965839594255"
EPE_1377-9778,Parque,Parque con colindancia,Local,15,1504,El Vallado,3.407067,-76.500025,2014,Adecuado,Alta,Alta,Sin amenaza,No,3561,Zona 6,0.25,Sí,No,1,0,HOSPITAL A CASA SAS,1040,Bomberos Estacion X10,377,8.5,"https://www.google.com/maps/@?api=1&map_action=pano&viewpoint=3.40706692387834,-76.5000246984819"
EPE_1378-9779,Zona verde,No aplica,Local,15,1504,El Vallado,3.406232,-76.500908,2311,Adecuado,Alta,Media,Sin amenaza,No,3649,Zona 6,0.25,Sí,No,0,0,HOSPITAL A CASA SAS,945,Bomberos Estacion X10,255,8.5,"https://www.google.com/maps/@?api=1&map_action=pano&viewpoint=3.40623197928571,-76.5009083709742"
EPE_1379-9780,Parque,Parque irregular,Zonal,14,1499,Los Naranjos II,3.431294,-76.475856,28921,Adecuado,Media,Alta,Sin amenaza,No,1068,Zona 6,0.25,Sí,No,14,0,VIDAMED AMBULANCIAS S.A.S,562,Bomberos Estacion X7,1058,22.5,"https://www.google.com/maps/@?api=1&map_action=pano&viewpoint=3.43129407556119,-76.4758557039435"
EPE_138-8546,Zona verde,No aplica,Local,02,0202,Santa Teresita,3.448497,-76.543793,3748,Regular,Alta,Sin amenaza,Sin amenaza,No,7385,Zona 2,0.35,No,No,2,0,Giancarlo Paz Caro,316,Gestion del Riesgo Oficina,1063,37.0,"https://www.google.com/maps/@?api=1&map_action=pano&viewpoint=3.44849747739378,-76.5437933896582"
EPE_1380-9781,Parque,Parque irregular,Zonal,14,1495,Puerta del Sol,3.432895,-76.474653,5503,Medio,Alta,Alta,Sin amenaza,No,864,Zona 6,0.25,Sí,No,10,0,CARLOS FERNANDO JARAMILLO QUIROZ,572,Bomberos Estacion X7,1267,22.5,"https://www.google.com/maps/@?api=1&map_action=pano&viewpoint=3.43289460017698,-76.474653381561"
EPE_1381-9782,Parque,Parque para la recreación especializada,Zonal,13,1397,Sector Laguna del Pondaje,3.436561,-76.488499,13979,Adecuado,Baja,Alta,Sin amenaza,No,1613,Zona 6,0.25,Sí,No,18,0,SISTEMA INTEGRADO EN SALUD MEDICA Y OCUPACIONAL SAS,836,Bomberos Estacion X7,1248,35.5,"https://www.google.com/maps/@?api=1&map_action=pano&viewpoint=3.43656149702038,-76.4884985434832"
EPE_1382-9783,Parque,Parque en serie,Zonal,14,1402,Alirio Mora Beltrán,3.435635,-76.476107,5137,Adecuado,Alta,Alta,Sin amenaza,No,632,Zona 6,0.25,Sí,No,2,0,CARLOS FERNANDO JARAMILLO QUIROZ,676,Bomberos Estacion X7,1356,22.5,"https://www.google.com/maps/@?api=1&map_action=pano&viewpoint=3.43563475431401,-76.4761073228682"
EPE_1383-9784,Parque,Parque damero,Local,14,1498,Promociones Populares B,3.424065,-76.466782,2743,Medio,Baja,Alta,Sin amenaza,No,528,Zona 6,0.25,Sí,No,3,0,CENTRO DE SALUD DECEPAZ,369,Bomberos Estacion X7,1923,22.5,"https://www.google.com/maps/@?api=1&map_action=pano&viewpoint=3.42406462446803,-76.466781920484"
EPE_1384-9785,Zona verde,No aplica,Local,15,1598,Mojica,3.417455,-76.486763,134,Regular,Media,Media,Sin amenaza,No,2292,Zona 6,0.25,Sí,No,14,0,HOSPITAL ISAIAS DUARTE CANCINO EMPRESA SOCIAL DEL ESTADO,556,Bomberos Estacion X7,1031,8.5,"https://www.google.com/maps/@?api=1&map_action=pano&viewpoint=3.4174550284471,-76.4867626992355"
EPE_1385-9786,Parque,Parque en serie,Zonal,13,1304,El Poblado II,3.418969,-76.491972,9982,Regular,Media,Media,Sin amenaza,No,2895,Zona 6,0.25,Sí,No,3,0,E.S.E. RED DE SALUD DEL ORIENTE EMPRESA SOCIAL DEL ESTADO HOSPITAL CARLOS HOLMES TRUJILLO,195,Bomberos Estacion X7,1206,35.5,"https://www.google.com/maps/@?api=1&map_action=pano&viewpoint=3.4189687494712,-76.4919721344835"
EPE_1386-9787,Parque,Parque con colindancia,Local,13,1304,El Poblado II,3.420967,-76.489736,1231,Regular,Media,Alta,Sin amenaza,No,2736,Zona 6,0.25,Sí,No,11,0,E.S.E. RED DE SALUD DEL ORIENTE EMPRESA SOCIAL DEL ESTADO HOSPITAL CARLOS HOLMES TRUJILLO,345,Bomberos Estacion X7,873,35.5,"https://www.google.com/maps/@?api=1&map_action=pano&viewpoint=3.42096687885747,-76.4897361020414"
EPE_1387-9788,Parque,Parque irregular,Local,15,1598,Mojica,3.417461,-76.491966,1872,Regular,Alta,Alta,Sin amenaza,No,2848,Zona 6,0.25,Sí,No,6,0,CENTRO MEDICO IP SALUD SAS,282,Bomberos Estacion X7,1325,8.5,"https://www.google.com/maps/@?api=1&map_action=pano&viewpoint=3.41746053025777,-76.4919664537964"
EPE_1388-9789,Zona verde,No aplica,Local,15,1598,Mojica,3.417715,-76.48774,277,Insuficiente,Alta,Alta,Sin amenaza,No,2405,Zona 6,0.25,Sí,No,17,0,HOSPITAL ISAIAS DUARTE CANCINO EMPRESA SOCIAL DEL ESTADO,600,Bomberos Estacion X7,1042,8.5,"https://www.google.com/maps/@?api=1&map_action=pano&viewpoint=3.41771546113346,-76.4877401264786"
EPE_1389-9790,Zona verde,No aplica,Local,15,1598,Mojica,3.412754,-76.488788,1940,Regular,Alta,Baja,Sin amenaza,No,2410,Zona 6,0.25,Sí,No,14,0,HOSPITAL ISAIAS DUARTE CANCINO EMPRESA SOCIAL DEL ESTADO,254,Bomberos Estacion X7,1598,8.5,"https://www.google.com/maps/@?api=1&map_action=pano&viewpoint=3.41275437648522,-76.4887880273698"
EPE_139-8547,Zona verde,No aplica,Local,02,0211,Prados del Norte,3.474175,-76.521502,2913,Adecuado,Alta,Sin amenaza,Sin amenaza,No,4338,Zona 4B,0.28,No,No,1,0,LUZ ADRIANA SOTO DIAZ,105,Bomberos Estacion X1,1669,37.0,"https://www.google.com/maps/@?api=1&map_action=pano&viewpoint=3.47417502064362,-76.5215017288832"
EPE_1390-9791,Parque,Parque con colindancia,Local,13,1311,Los Robles,3.420478,-76.494812,772,Medio,Alta,Baja,Sin amenaza,No,3246,Zona 6,0.25,Sí,No,0,0,E.S.E. RED DE SALUD DEL ORIENTE EMPRESA SOCIAL DEL ESTADO HOSPITAL CARLOS HOLMES TRUJILLO,222,Bomberos Estacion X7,1367,35.5,"https://www.google.com/maps/@?api=1&map_action=pano&viewpoint=3.42047778415678,-76.4948122491615"
EPE_1391-9792,Parque,Parque damero,Local,13,1304,El Poblado II,3.422463,-76.489428,4542,Adecuado,Media,Alta,Sin amenaza,No,2688,,,Sí,No,15,0,E.S.E. RED DE SALUD DEL ORIENTE EMPRESA SOCIAL DEL ESTADO HOSPITAL CARLOS HOLMES TRUJILLO,434,Bomberos Estacion X7,741,35.5,"https://www.google.com/maps/@?api=1&map_action=pano&viewpoint=3.42246280872794,-76.4894276558336"
EPE_1392-9793,Parque,Parque con colindancia,Local,13,1311,Los Robles,3.42203,-76.496505,916,Regular,Baja,Sin amenaza,Sin amenaza,No,3275,Zona 6,0.25,Sí,No,2,0,E.S.E. RED DE SALUD DEL ORIENTE EMPRESA SOCIAL DEL ESTADO HOSPITAL CARLOS HOLMES TRUJILLO,444,Bomberos Estacion X7,1471,35.5,"https://www.google.com/maps/@?api=1&map_action=pano&viewpoint=3.42203048102953,-76.4965047932325"
EPE_1393-9794,Parque,Parque con colindancia,Local,13,1311,Los Robles,3.423145,-76.495827,1047,Medio,Baja,Media,Sin amenaza,No,3137,Zona 6,0.25,Sí,No,7,0,E.S.E. RED DE SALUD DEL ORIENTE EMPRESA SOCIAL DEL ESTADO HOSPITAL CARLOS HOLMES TRUJILLO,445,Bomberos Estacion X7,1363,35.5,"https://www.google.com/maps/@?api=1&map_action=pano&viewpoint=3.42314457043444,-76.4958274401173"
EPE_1394-9795,Parque,Parque damero,Local,13,1305,Los Comuneros II,3.424745,-76.4959,1841,Medio,Baja,Alta,Sin amenaza,No,3030,Zona 6,0.25,Sí,No,7,0,E.S.E. RED DE SALUD DEL ORIENTE EMPRESA SOCIAL DEL ESTADO HOSPITAL CARLOS HOLMES TRUJILLO,583,Bomberos Estacion X7,1336,35.5,"https://www.google.com/maps/@?api=1&map_action=pano&viewpoint=3.42474487956858,-76.4959002484023"
EPE_1395-9796,Parque,Parque con colindancia,Local,13,1390,Yira Castro,3.42659,-76.496832,1591,Adecuado,Baja,Alta,Sin amenaza,No,2986,Zona 6,0.25,Sí,No,8,0,E.S.E. RED DE SALUD DEL ORIENTE EMPRESA SOCIAL DEL ESTADO HOSPITAL CARLOS HOLMES TRUJILLO,810,Bomberos Estacion X7,1429,35.5,"https://www.google.com/maps/@?api=1&map_action=pano&viewpoint=3.42659009833294,-76.4968320665759"
EPE_1396-9797,Parque,Parque con colindancia,Local,13,1315,Calipso,3.424368,-76.499455,328,Insuficiente,Media,Sin amenaza,Sin amenaza,No,3367,Zona 6,0.25,Sí,No,8,0,SERVICIO ASISTENCIAL INMEDIATO S.A.S,672,Bomberos Estacion X7,1733,35.5,"https://www.google.com/maps/@?api=1&map_action=pano&viewpoint=3.42436815842899,-76.4994548391139"
EPE_1397-9798,Zona verde,No aplica,Local,13,1390,Yira Castro,3.426526,-76.497414,161,Insuficiente,Media,Alta,Sin amenaza,No,3042,Zona 6,0.25,Sí,No,4,0,E.S.E. RED DE SALUD DEL ORIENTE EMPRESA SOCIAL DEL ESTADO HOSPITAL CARLOS HOLMES TRUJILLO,842,Bomberos Estacion X7,1493,35.5,"https://www.google.com/maps/@?api=1&map_action=pano&viewpoint=3.42652567226904,-76.4974138161645"
EPE_1398-9799,Zona verde,No aplica,Local,13,1390,Yira Castro,3.425952,-76.49766,145,Insuficiente,Media,Alta,Sin amenaza,No,3102,Zona 6,0.25,Sí,No,4,0,E.S.E. RED DE SALUD DEL ORIENTE EMPRESA SOCIAL DEL ESTADO HOSPITAL CARLOS HOLMES TRUJILLO,810,Bomberos Estacion X7,1521,35.5,"https://www.google.com/maps/@?api=1&map_action=pano&viewpoint=3.42595200828679,-76.4976596827245"
EPE_1399-9800,Parque,Parque con colindancia,Local,13,1390,Yira Castro,3.426851,-76.499016,847,Insuficiente,Media,Media,Sin amenaza,No,3168,Zona 6,0.25,Sí,No,8,0,SERVICIO ASISTENCIAL INMEDIATO S.A.S,723,Bomberos Estacion X7,1672,35.5,"https://www.google.com/maps/@?api=1&map_action=pano&viewpoint=3.42685050937465,-76.4990160131254"
EPE_14-8425,Zona verde,No aplica,Local,02,0212,La Flora,3.488467,-76.523643,428,Regular,Media,Sin amenaza,Sin amenaza,No,3735,Zona 4B,0.28,No,No,14,0,angelica maria restrepo aguirre,455,Defensa Civil La Flora,1050,37.0,"https://www.google.com/maps/@?api=1&map_action=pano&viewpoint=3.48846657229388,-76.5236430766117"
EPE_140-8548,Zona verde,No aplica,Zonal,02,0294,Vipasa,3.48073,-76.519059,6374,Regular,Alta,Sin amenaza,Sin amenaza,No,3677,Zona 4B,0.28,No,No,0,0,CENTRO ESPECIALIZADO EN FRACTURAS Y LESIONES DEPORTIVAS,251,Defensa Civil La Flora,1227,37.0,"https://www.google.com/maps/@?api=1&map_action=pano&viewpoint=3.48073049715231,-76.5190593736043"
EPE_1400-9801,Parque,Parque con colindancia,Local,13,1315,Calipso,3.426796,-76.499015,493,Insuficiente,Media,Media,Sin amenaza,No,3171,Zona 6,0.25,Sí,No,8,0,SERVICIO ASISTENCIAL INMEDIATO S.A.S,722,Bomberos Estacion X7,1672,35.5,"https://www.google.com/maps/@?api=1&map_action=pano&viewpoint=3.42679558554892,-76.499014972938"
EPE_1401-9802,Zona verde,No aplica,Local,13,1390,Yira Castro,3.427557,-76.498536,1971,Insuficiente,Baja,Alta,Sin amenaza,No,3080,Zona 6,0.25,Sí,No,4,0,SERVICIO ASISTENCIAL INMEDIATO S.A.S,794,Bomberos Estacion X7,1624,35.5,"https://www.google.com/maps/@?api=1&map_action=pano&viewpoint=3.42755743550398,-76.4985363638419"
EPE_1402-9803,Zona verde,No aplica,Local,15,1596,Ciudad Córdoba,3.400661,-76.506752,324,Insuficiente,Alta,Sin amenaza,Sin amenaza,No,4290,Zona 6,0.25,Sí,No,0,0,IPS COMFANDI MORICHAL,206,Bomberos Estacion X10,692,8.5,"https://www.google.com/maps/@?api=1&map_action=pano&viewpoint=3.40066101671416,-76.506751799499"
EPE_1403-9804,Zona verde,No aplica,Local,15,1596,Ciudad Córdoba,3.403,-76.507974,248,Insuficiente,Alta,Sin amenaza,Sin amenaza,No,4418,Zona 6,0.25,Sí,No,1,0,IPS COMFANDI MORICHAL,462,Bomberos Estacion X10,728,8.5,"https://www.google.com/maps/@?api=1&map_action=pano&viewpoint=3.40299977138254,-76.5079737737221"
EPE_1404-9805,Zona verde,No aplica,Local,15,1596,Ciudad Córdoba,3.402875,-76.50876,301,Insuficiente,Alta,Sin amenaza,Sin amenaza,No,4506,Zona 6,0.25,Sí,No,1,0,HOSPITAL A CASA SAS,459,Bomberos Estacion X10,816,8.5,"https://www.google.com/maps/@?api=1&map_action=pano&viewpoint=3.40287491132527,-76.5087595548851"
EPE_1405-9806,Zona verde,No aplica,Local,15,1596,Ciudad Córdoba,3.402538,-76.508461,335,Insuficiente,Alta,Sin amenaza,Sin amenaza,No,4473,Zona 6,0.25,Sí,No,1,0,IPS COMFANDI MORICHAL,424,Bomberos Estacion X10,790,8.5,"https://www.google.com/maps/@?api=1&map_action=pano&viewpoint=3.40253810566252,-76.508460537528"
EPE_1406-9807,Zona verde,No aplica,Local,15,1596,Ciudad Córdoba,3.405616,-76.505755,356,Insuficiente,Alta,Media,Sin amenaza,No,4180,Zona 6,0.25,Sí,No,0,0,HOSPITAL A CASA SAS,430,Bomberos Estacion X10,505,8.5,"https://www.google.com/maps/@?api=1&map_action=pano&viewpoint=3.40561574950641,-76.5057550471109"
EPE_1407-9808,Zona verde,No aplica,Local,15,1596,Ciudad Córdoba,3.40553,-76.505189,324,Insuficiente,Alta,Media,Sin amenaza,No,4117,Zona 6,0.25,Sí,No,0,0,HOSPITAL A CASA SAS,493,Bomberos Estacion X10,443,8.5,"https://www.google.com/maps/@?api=1&map_action=pano&viewpoint=3.40552982485257,-76.5051889751145"
EPE_1408-9809,Parque,Parque con colindancia,Local,13,1301,Ulpiano Lloreda,3.44217,-76.487209,357,Regular,Media,Alta,Sin amenaza,No,1299,Zona 6,0.25,Sí,No,6,0,EMERGENCIA MEDICA ESPECIALIZADA S.A.S,537,Bomberos Estacion X7,1802,35.5,"https://www.google.com/maps/@?api=1&map_action=pano&viewpoint=3.44216997434854,-76.4872086771099"
EPE_1409-9810,Zona verde,No aplica,Local,15,1504,El Vallado,3.40644,-76.49702,2092,Adecuado,Alta,Baja,Sin amenaza,No,3221,Zona 6,0.25,Sí,No,1,0,HOSPITAL ISAIAS DUARTE CANCINO EMPRESA SOCIAL DEL ESTADO,1345,Bomberos Estacion X10,565,8.5,"https://www.google.com/maps/@?api=1&map_action=pano&viewpoint=3.40644001775255,-76.4970201962253"
EPE_141-8549,Zona verde,No aplica,Zonal,02,0212,La Flora,3.482471,-76.523443,6622,Adecuado,Alta,Sin amenaza,Sin amenaza,No,3988,Zona 4B,0.28,No,No,7,0,RTS - SERVICIOS DE TERAPIA RENAL DEL VALLE,193,Defensa Civil La Flora,1358,37.0,"https://www.google.com/maps/@?api=1&map_action=pano&viewpoint=3.48247062246027,-76.5234433758528"
EPE_1410-9811,Zona verde,No aplica,Local,15,1504,El Vallado,3.404752,-76.497697,1872,Regular,Alta,Baja,Sin amenaza,No,3282,Zona 6,0.25,Sí,No,0,0,IPS COMFANDI MORICHAL,1251,Bomberos Estacion X10,430,8.5,"https://www.google.com/maps/@?api=1&map_action=pano&viewpoint=3.40475197520382,-76.4976973561956"
EPE_1411-9812,Parque,Parque con colindancia,Zonal,13,1305,Los Comuneros II,3.427152,-76.494533,5551,Medio,Alta,Alta,Sin amenaza,No,2745,Zona 6,0.25,Sí,No,21,0,E.S.E. RED DE SALUD DEL ORIENTE EMPRESA SOCIAL DEL ESTADO HOSPITAL CARLOS HOLMES TRUJILLO,763,Bomberos Estacion X7,1177,35.5,"https://www.google.com/maps/@?api=1&map_action=pano&viewpoint=3.42715223774318,-76.4945326364312"
EPE_1412-9813,Zona verde,No aplica,Local,13,1399,Sector Asprosocial - Diamante,3.42313,-76.497511,3972,Medio,Baja,Sin amenaza,Sin amenaza,No,3282,Zona 6,0.25,Sí,No,4,0,E.S.E. RED DE SALUD DEL ORIENTE EMPRESA SOCIAL DEL ESTADO HOSPITAL CARLOS HOLMES TRUJILLO,598,Bomberos Estacion X7,1545,35.5,"https://www.google.com/maps/@?api=1&map_action=pano&viewpoint=3.4231295100603,-76.4975110741756"
EPE_1413-9814,Parque,Parque damero,Zonal,14,1496,Los Naranjos,3.432499,-76.480654,5560,Medio,Alta,Alta,Sin amenaza,No,1207,Zona 6,0.25,Sí,No,11,0,VIDAMED AMBULANCIAS S.A.S,941,Bomberos Estacion X7,781,22.5,"https://www.google.com/maps/@?api=1&map_action=pano&viewpoint=3.43249860960112,-76.4806541376543"
EPE_1414-9815,Zona verde,No aplica,Zonal,13,1397,Sector Laguna del Pondaje,3.429958,-76.493586,9958,Medio,Media,Alta,Sin amenaza,No,2475,Zona 6,0.25,Sí,No,17,0,SISTEMA INTEGRADO EN SALUD MEDICA Y OCUPACIONAL SAS,798,Bomberos Estacion X7,1143,35.5,"https://www.google.com/maps/@?api=1&map_action=pano&viewpoint=3.42995847304201,-76.4935856353782"
EPE_1416-9816,Parque,Parque en serie,Local,15,1598,Mojica,3.414137,-76.483822,1176,Adecuado,Alta,Baja,Sin amenaza,No,1886,Zona 6,0.25,Sí,No,11,0,HOSPITAL ISAIAS DUARTE CANCINO EMPRESA SOCIAL DEL ESTADO,352,Bomberos Estacion X7,1352,8.5,"https://www.google.com/maps/@?api=1&map_action=pano&viewpoint=3.41413650949162,-76.4838222031221"
EPE_1417-9817,Zona verde,No aplica,Zonal,15,1599,El Morichal,3.394539,-76.508645,9376,Regular,Alta,Sin amenaza,Sin amenaza,No,4409,Zona 5,0.28,Sí,No,0,0,IPS COMFANDI MORICHAL,506,Bomberos Estacion X10,1319,8.5,"https://www.google.com/maps/@?api=1&map_action=pano&viewpoint=3.39453870745474,-76.5086446930087"
EPE_1418-9818,Parque,Parque con colindancia,Zonal,15,1599,El Morichal,3.398459,-76.506235,5726,Optimo,Alta,Media,Sin amenaza,No,4254,Zona 6,0.25,Sí,No,0,0,IPS COMFANDI MORICHAL,130,Bomberos Estacion X10,811,8.5,"https://www.google.com/maps/@?api=1&map_action=pano&viewpoint=3.39845885823187,-76.5062346460123"
EPE_1419-9819,Parque,Parque con colindancia,Zonal,15,1599,El Morichal,3.399968,-76.504593,5228,Adecuado,Alta,Alta,Sin amenaza,No,4056,Zona 6,0.25,Sí,No,0,0,IPS COMFANDI MORICHAL,326,Bomberos Estacion X10,566,8.5,"https://www.google.com/maps/@?api=1&map_action=pano&viewpoint=3.39996759390681,-76.5045926199289"
EPE_142-8550,Parque,Parque damero,Local,02,0214,La Paz,3.483636,-76.526947,2690,Adecuado,Alta,Sin amenaza,Sin amenaza,No,4277,Zona 3,0.35,No,No,11,0,angelica maria restrepo aguirre,196,Defensa Civil La Flora,1597,37.0,"https://www.google.com/maps/@?api=1&map_action=pano&viewpoint=3.48363554847696,-76.5269473746519"
EPE_1420-9820,Zona verde,No aplica,Local,15,1599,El Morichal,3.396594,-76.502586,492,Medio,Alta,Baja,Sin amenaza,No,3883,Zona 6,0.25,Sí,No,0,0,IPS COMFANDI MORICHAL,585,Bomberos Estacion X10,834,8.5,"https://www.google.com/maps/@?api=1&map_action=pano&viewpoint=3.39659385012209,-76.5025863111406"
EPE_1421-9821,Zona verde,No aplica,Local,15,1599,El Morichal,3.39735,-76.502183,364,Medio,Alta,Media,Sin amenaza,No,3825,Zona 6,0.25,Sí,No,0,0,IPS COMFANDI MORICHAL,596,Bomberos Estacion X10,745,8.5,"https://www.google.com/maps/@?api=1&map_action=pano&viewpoint=3.39735011449842,-76.5021826617191"
EPE_1422-9822,Zona verde,No aplica,Local,15,1504,El Vallado,3.408128,-76.496027,2115,Regular,Media,Media,Sin amenaza,No,3138,Zona 6,0.25,Sí,No,1,0,CENTRO MEDICO IP SALUD SAS,1153,Bomberos Estacion X10,760,8.5,"https://www.google.com/maps/@?api=1&map_action=pano&viewpoint=3.40812752789753,-76.4960268210804"
EPE_1423-9823,Parque,Parque en serie,Local,14,1406,José Manuel Marroquín I,3.420558,-76.475057,1931,Malo,Alta,Alta,Sin amenaza,No,1225,,,Sí,No,14,0,VIDAMED AMBULANCIAS S.A.S,644,Bomberos Estacion X7,1176,22.5,"https://www.google.com/maps/@?api=1&map_action=pano&viewpoint=3.42055825054727,-76.4750574593886"
EPE_1424-9824,Parque,Parque en serie,Local,14,1403,Manuela Beltrán,3.420519,-76.474963,3221,Medio,Alta,Alta,Sin amenaza,No,1213,,,Sí,No,13,0,VIDAMED AMBULANCIAS S.A.S,648,Bomberos Estacion X7,1187,22.5,"https://www.google.com/maps/@?api=1&map_action=pano&viewpoint=3.42051894002281,-76.4749630070935"
EPE_1425-9825,Parque,Parque con colindancia,Local,14,1403,Manuela Beltrán,3.423302,-76.471707,4810,Adecuado,Alta,Alta,Sin amenaza,No,1029,Zona 6,0.25,Sí,No,11,0,VIDAMED AMBULANCIAS S.A.S,485,Bomberos Estacion X7,1400,22.5,"https://www.google.com/maps/@?api=1&map_action=pano&viewpoint=3.42330241953073,-76.4717071176436"
EPE_1426-9826,Parque,Parque damero,Local,14,1498,Promociones Populares B,3.424301,-76.476633,1731,Medio,Alta,Alta,Sin amenaza,No,1587,,,Sí,No,11,0,VIDAMED AMBULANCIAS S.A.S,302,Bomberos Estacion X7,843,22.5,"https://www.google.com/maps/@?api=1&map_action=pano&viewpoint=3.42430050635856,-76.4766332639219"
EPE_1427-9827,Parque,Parque damero,Local,14,1406,José Manuel Marroquín I,3.424211,-76.476725,1420,Medio,Alta,Alta,Sin amenaza,No,1595,,,Sí,No,11,0,VIDAMED AMBULANCIAS S.A.S,317,Bomberos Estacion X7,836,22.5,"https://www.google.com/maps/@?api=1&map_action=pano&viewpoint=3.42421141204894,-76.4767250577322"
EPE_1428-9828,Parque,Parque damero,Local,14,1406,José Manuel Marroquín I,3.42517,-76.477686,2954,Adecuado,Media,Alta,Sin amenaza,No,1723,Zona 6,0.25,Sí,No,10,0,VIDAMED AMBULANCIAS S.A.S,342,Bomberos Estacion X7,708,22.5,"https://www.google.com/maps/@?api=1&map_action=pano&viewpoint=3.42517049515744,-76.4776859867029"
EPE_1429-9829,Parque,Parque damero,Local,14,1498,Promociones Populares B,3.426417,-76.477491,2201,Insuficiente,Media,Alta,Sin amenaza,No,1640,,,Sí,No,12,0,VIDAMED AMBULANCIAS S.A.S,295,Bomberos Estacion X7,718,22.5,"https://www.google.com/maps/@?api=1&map_action=pano&viewpoint=3.42641693938568,-76.4774908932621"
EPE_143-8551,Parque,Parque en serie,Zonal,02,0212,La Flora,3.484821,-76.522887,22634,Optimo,Alta,Sin amenaza,Sin amenaza,No,3814,Zona 4B,0.28,No,No,12,0,RTS - SERVICIOS DE TERAPIA RENAL DEL VALLE,332,Defensa Civil La Flora,1145,37.0,"https://www.google.com/maps/@?api=1&map_action=pano&viewpoint=3.48482107804516,-76.5228867403431"
EPE_1430-9830,Parque,Parque damero,Local,14,1406,José Manuel Marroquín I,3.426513,-76.477628,1400,Insuficiente,Media,Alta,Sin amenaza,No,1634,,,Sí,No,12,0,VIDAMED AMBULANCIAS S.A.S,311,Bomberos Estacion X7,703,22.5,"https://www.google.com/maps/@?api=1&map_action=pano&viewpoint=3.42651341626472,-76.4776279410128"
EPE_1431-9831,Parque,Parque irregular,Local,14,1405,José Manuel Marroquín II,3.429495,-76.477859,956,Insuficiente,Media,Alta,Sin amenaza,No,1331,,,Sí,No,9,0,VIDAMED AMBULANCIAS S.A.S,485,Bomberos Estacion X7,765,22.5,"https://www.google.com/maps/@?api=1&map_action=pano&viewpoint=3.42949477978502,-76.4778585565436"
EPE_1432-9832,Parque,Parque irregular,Local,14,1499,Los Naranjos II,3.429628,-76.477816,791,Insuficiente,Media,Alta,Sin amenaza,No,1315,,,Sí,No,9,0,VIDAMED AMBULANCIAS S.A.S,493,Bomberos Estacion X7,776,22.5,"https://www.google.com/maps/@?api=1&map_action=pano&viewpoint=3.42962779641875,-76.4778158856653"
EPE_1433-9833,Parque,Parque irregular,Local,14,1498,Promociones Populares B,3.42849,-76.477517,2179,Insuficiente,Media,Alta,Sin amenaza,No,1422,,,Sí,No,10,0,VIDAMED AMBULANCIAS S.A.S,382,Bomberos Estacion X7,756,22.5,"https://www.google.com/maps/@?api=1&map_action=pano&viewpoint=3.42849043193386,-76.4775171622076"
EPE_1434-9834,Plazoleta,Plazoleta de recorrido,Zonal,14,1406,José Manuel Marroquín I,3.422312,-76.480725,8386,Medio,Alta,Alta,Sin amenaza,No,1868,,,Sí,No,5,0,RVP RESCATE VIDA PROPOSITO SAS,76,Bomberos Estacion X7,570,22.5,"https://www.google.com/maps/@?api=1&map_action=pano&viewpoint=3.42231178979694,-76.4807247514105"
EPE_1435-9835,Plazoleta,Plazoleta de recorrido,Zonal,14,1401,Alfonso Bonilla Aragón,3.423308,-76.481638,16700,Medio,Alta,Alta,Sin amenaza,No,2009,Zona 6,0.25,Sí,No,5,0,RVP RESCATE VIDA PROPOSITO SAS,75,Bomberos Estacion X7,420,22.5,"https://www.google.com/maps/@?api=1&map_action=pano&viewpoint=3.42330839384086,-76.4816384333898"
EPE_1436-9836,Parque,Parque en serie,Zonal,14,1401,Alfonso Bonilla Aragón,3.416449,-76.482208,9278,Medio,Alta,Media,Sin amenaza,No,1777,Zona 6,0.25,Sí,No,2,0,HOSPITAL ISAIAS DUARTE CANCINO EMPRESA SOCIAL DEL ESTADO,652,Bomberos Estacion X7,1112,22.5,"https://www.google.com/maps/@?api=1&map_action=pano&viewpoint=3.4164494785189,-76.4822080271078"
EPE_1437-9837,Parque,Parque damero,Local,14,1401,Alfonso Bonilla Aragón,3.41477,-76.479711,2432,Regular,Alta,Baja,Sin amenaza,No,1457,,,Sí,No,1,0,HOSPITAL ISAIAS DUARTE CANCINO EMPRESA SOCIAL DEL ESTADO,798,Bomberos Estacion X7,1366,22.5,"https://www.google.com/maps/@?api=1&map_action=pano&viewpoint=3.41476981158795,-76.4797110428621"
EPE_1438-9838,Parque,Parque damero,Local,13,1304,El Poblado II,3.419556,-76.492103,3962,Adecuado,Alta,Alta,Sin amenaza,No,2928,Zona 6,0.25,Sí,No,9,0,E.S.E. RED DE SALUD DEL ORIENTE EMPRESA SOCIAL DEL ESTADO HOSPITAL CARLOS HOLMES TRUJILLO,132,Bomberos Estacion X7,1174,35.5,"https://www.google.com/maps/@?api=1&map_action=pano&viewpoint=3.41955587082165,-76.4921027696354"
EPE_1439-9839,Parque,Parque irregular,Local,14,1404,Las Orquídeas,3.412048,-76.474718,2648,Adecuado,Alta,Alta,Sin amenaza,No,850,Zona 6,0.25,Sí,No,0,0,HOSPITAL ISAIAS DUARTE CANCINO EMPRESA SOCIAL DEL ESTADO,1310,Bomberos Estacion X7,1887,22.5,"https://www.google.com/maps/@?api=1&map_action=pano&viewpoint=3.41204767092717,-76.4747181910322"
EPE_144-8552,Zona verde,No aplica,Local,02,0212,La Flora,3.485083,-76.5209,994,Insuficiente,Media,Sin amenaza,Sin amenaza,No,3603,Zona 4B,0.28,No,No,11,0,RTS - SERVICIOS DE TERAPIA RENAL DEL VALLE,350,Defensa Civil La Flora,954,37.0,"https://www.google.com/maps/@?api=1&map_action=pano&viewpoint=3.48508332048532,-76.5209004472167"
EPE_1440-9840,Parque,Parque con colindancia,Local,14,1401,Alfonso Bonilla Aragón,3.417412,-76.480845,4257,Medio,Alta,Alta,Sin amenaza,No,1673,Zona 6,0.25,Sí,No,2,0,RVP RESCATE VIDA PROPOSITO SAS,600,Bomberos Estacion X7,1046,22.5,"https://www.google.com/maps/@?api=1&map_action=pano&viewpoint=3.41741202297087,-76.480845373035"
EPE_1441-9841,Zona verde,No aplica,Local,15,1504,El Vallado,3.404224,-76.499066,2152,Adecuado,Alta,Baja,Sin amenaza,No,3431,Zona 6,0.25,Sí,No,0,0,IPS COMFANDI MORICHAL,1091,Bomberos Estacion X10,271,8.5,"https://www.google.com/maps/@?api=1&map_action=pano&viewpoint=3.40422406155025,-76.4990656536194"
EPE_1442-9842,Parque,Parque en serie,Local,15,1501,El Retiro,3.410223,-76.500136,588,Medio,Alta,Alta,Sin amenaza,No,3631,Zona 6,0.25,Sí,No,2,0,HOSPITAL A CASA SAS,1090,Bomberos Estacion X10,707,8.5,"https://www.google.com/maps/@?api=1&map_action=pano&viewpoint=3.41022339022381,-76.5001356772531"
EPE_1443-9843,Parque,Parque en serie,Zonal,15,1599,El Morichal,3.402851,-76.499878,7924,Medio,Alta,Media,Sin amenaza,No,3520,Zona 6,0.25,Sí,No,0,0,IPS COMFANDI MORICHAL,936,Bomberos Estacion X10,222,8.5,"https://www.google.com/maps/@?api=1&map_action=pano&viewpoint=3.40285138680113,-76.4998781533253"
EPE_1444-9844,Parque,Parque en serie,Zonal,15,1599,El Morichal,3.403459,-76.501105,12560,Adecuado,Alta,Baja,Sin amenaza,No,3656,Zona 6,0.25,Sí,No,0,0,IPS COMFANDI MORICHAL,857,Bomberos Estacion X10,76,8.5,"https://www.google.com/maps/@?api=1&map_action=pano&viewpoint=3.40345939520197,-76.5011049152947"
EPE_1445-9845,Parque,Parque en serie,Zonal,13,1315,Calipso,3.425048,-76.500518,5019,Adecuado,Alta,Sin amenaza,Sin amenaza,No,3418,Zona 6,0.25,Sí,No,8,0,SERVICIO ASISTENCIAL INMEDIATO S.A.S,544,Bomberos Estacion X7,1843,35.5,"https://www.google.com/maps/@?api=1&map_action=pano&viewpoint=3.4250476362089,-76.5005182950132"
EPE_1446-9846,Parque,Parque en serie,Local,13,1303,El Poblado I,3.420841,-76.497385,1577,Medio,Alta,Sin amenaza,Sin amenaza,No,3436,Zona 6,0.25,Sí,No,3,0,CENTRO MEDICO IP SALUD SAS,436,Bomberos Estacion X7,1609,35.5,"https://www.google.com/maps/@?api=1&map_action=pano&viewpoint=3.42084086923148,-76.4973846534328"
EPE_1447-9847,Parque,Parque en serie,Local,13,1303,El Poblado I,3.42061,-76.497618,1539,Medio,Alta,Sin amenaza,Sin amenaza,No,3472,Zona 6,0.25,Sí,No,3,0,CENTRO MEDICO IP SALUD SAS,441,Bomberos Estacion X7,1642,35.5,"https://www.google.com/maps/@?api=1&map_action=pano&viewpoint=3.42061018039138,-76.4976179399144"
EPE_1448-9848,Zona verde,No aplica,Local,14,1498,Promociones Populares B,3.429084,-76.475942,1381,Adecuado,Alta,Alta,Sin amenaza,No,1309,Zona 6,0.25,Sí,No,12,0,VIDAMED AMBULANCIAS S.A.S,329,Bomberos Estacion X7,943,22.5,"https://www.google.com/maps/@?api=1&map_action=pano&viewpoint=3.4290840117878,-76.4759418426143"
EPE_1449-9849,Parque,Parque damero,Local,14,1406,José Manuel Marroquín I,3.425093,-76.479889,2519,Medio,Alta,Alta,Sin amenaza,No,1870,Zona 6,0.25,Sí,No,7,0,RVP RESCATE VIDA PROPOSITO SAS,294,Bomberos Estacion X7,471,22.5,"https://www.google.com/maps/@?api=1&map_action=pano&viewpoint=3.42509327804755,-76.4798886537704"
EPE_145-8553,Parque,Parque con colindancia,Local,02,0215,El Bosque,3.485569,-76.53045,1125,Adecuado,Alta,Sin amenaza,Sin amenaza,No,4555,Zona 3,0.35,No,No,12,0,PUESTO DE SALUD LA CAMPIÑA,224,Defensa Civil La Flora,1866,37.0,"https://www.google.com/maps/@?api=1&map_action=pano&viewpoint=3.48556868730293,-76.5304499462172"
EPE_1450-9850,Parque,Parque damero,Local,14,1496,Los Naranjos,3.433319,-76.479994,2720,Adecuado,Alta,Alta,Sin amenaza,No,1090,Zona 6,0.25,Sí,No,11,0,VIDAMED AMBULANCIAS S.A.S,964,Bomberos Estacion X7,897,22.5,"https://www.google.com/maps/@?api=1&map_action=pano&viewpoint=3.43331859062011,-76.4799935159447"
EPE_1451-9851,Parque,Parque damero,Local,14,1498,Promociones Populares B,3.426368,-76.474184,3805,Adecuado,Alta,Alta,Sin amenaza,No,1387,Zona 6,0.25,Sí,No,10,0,VIDAMED AMBULANCIAS S.A.S,72,Bomberos Estacion X7,1085,22.5,"https://www.google.com/maps/@?api=1&map_action=pano&viewpoint=3.42636834181813,-76.4741841566625"
EPE_1452-9852,Parque,Parque damero,Zonal,15,1598,Mojica,3.417496,-76.49127,5237,Medio,Alta,Alta,Sin amenaza,No,2775,Zona 6,0.25,Sí,No,6,0,CENTRO MEDICO IP SALUD SAS,355,Bomberos Estacion X7,1271,8.5,"https://www.google.com/maps/@?api=1&map_action=pano&viewpoint=3.41749577604599,-76.4912702830852"
EPE_1453-9853,Parque,Parque con colindancia,Local,15,1502,Los Comuneros I,3.413732,-76.493167,2264,Adecuado,Alta,Media,Sin amenaza,No,2905,Zona 6,0.25,Sí,No,1,0,CENTRO MEDICO IP SALUD SAS,531,Bomberos Estacion X10,1422,8.5,"https://www.google.com/maps/@?api=1&map_action=pano&viewpoint=3.41373195506603,-76.4931665219845"
EPE_1454-9854,Parque,Parque con colindancia,Local,15,1503,Laureano Gómez,3.414095,-76.4952,2894,Medio,Alta,Media,Sin amenaza,No,3134,Zona 6,0.25,Sí,No,2,0,CENTRO MEDICO IP SALUD SAS,483,Bomberos Estacion X10,1321,8.5,"https://www.google.com/maps/@?api=1&map_action=pano&viewpoint=3.41409488411441,-76.4951999742834"
EPE_1455-9855,Parque,Parque en serie,Zonal,15,1596,Ciudad Córdoba,3.404095,-76.505257,13788,Adecuado,Alta,Media,Sin amenaza,No,4118,Zona 6,0.25,Sí,No,0,0,HOSPITAL A CASA SAS,558,Bomberos Estacion X10,417,8.5,"https://www.google.com/maps/@?api=1&map_action=pano&viewpoint=3.40409533503202,-76.5052572845474"
EPE_1456-9856,Parque,Parque damero,Zonal,13,1301,Ulpiano Lloreda,3.441795,-76.489219,8976,Medio,Alta,Alta,Sin amenaza,No,1526,Zona 6,0.25,Sí,No,6,0,EMERGENCIA MEDICA ESPECIALIZADA S.A.S,582,Bomberos Estacion X7,1820,35.5,"https://www.google.com/maps/@?api=1&map_action=pano&viewpoint=3.44179470753751,-76.4892187569673"
EPE_1457-9857,Parque,Parque damero,Zonal,14,1401,Alfonso Bonilla Aragón,3.423941,-76.48353,5218,Medio,Alta,Alta,Sin amenaza,No,2171,Zona 6,0.25,Sí,No,6,0,RVP RESCATE VIDA PROPOSITO SAS,288,Bomberos Estacion X7,266,22.5,"https://www.google.com/maps/@?api=1&map_action=pano&viewpoint=3.42394122019805,-76.483529526375"
EPE_1458-9858,Parque,Parque damero,Zonal,13,1306,Ricardo Balcázar,3.432692,-76.493873,6017,Medio,Alta,Alta,Sin amenaza,No,2343,Zona 6,0.25,Sí,No,12,0,SISTEMA INTEGRADO EN SALUD MEDICA Y OCUPACIONAL SAS,506,Bomberos Estacion X7,1310,35.5,"https://www.google.com/maps/@?api=1&map_action=pano&viewpoint=3.43269221178051,-76.4938727483719"
EPE_1459-9859,Parque,Parque damero,Local,13,1304,El Poblado II,3.42089,-76.493698,2958,Adecuado,Alta,Baja,Sin amenaza,No,3137,Zona 6,0.25,Sí,No,5,0,E.S.E. RED DE SALUD DEL ORIENTE EMPRESA SOCIAL DEL ESTADO HOSPITAL CARLOS HOLMES TRUJILLO,107,Bomberos Estacion X7,1237,35.5,"https://www.google.com/maps/@?api=1&map_action=pano&viewpoint=3.4208904204808,-76.4936979304823"
EPE_146-8554,Zona verde,No aplica,Local,02,0215,El Bosque,3.486264,-76.529256,432,Regular,Alta,Sin amenaza,Sin amenaza,No,4404,Zona 3,0.35,No,No,9,0,PUESTO DE SALUD LA CAMPIÑA,321,Defensa Civil La Flora,1716,37.0,"https://www.google.com/maps/@?api=1&map_action=pano&viewpoint=3.48626399073522,-76.529255549151"
EPE_1460-9860,Parque,Parque en serie,Local,13,1313,Charco Azul,3.442652,-76.485769,822,Regular,Media,Alta,Sin amenaza,No,1134,Zona 6,0.25,Sí,No,6,0,VIRREY SOLIS IPS S.A. ORIENTE,442,Bomberos Estacion X7,1830,35.5,"https://www.google.com/maps/@?api=1&map_action=pano&viewpoint=3.44265185999414,-76.485768559515"
EPE_1461-9861,Parque,Parque en serie,Local,13,1393,Lleras Restrepo II,3.442618,-76.485903,390,Insuficiente,Media,Alta,Sin amenaza,No,1150,,,Sí,No,6,0,VIRREY SOLIS IPS S.A. ORIENTE,457,Bomberos Estacion X7,1828,35.5,"https://www.google.com/maps/@?api=1&map_action=pano&viewpoint=3.44261801848547,-76.4859032425634"
EPE_1462-9862,Parque,Parque en serie,Local,13,1313,Charco Azul,3.441493,-76.485288,4352,Adecuado,Alta,Media,Sin amenaza,No,1098,Zona 6,0.25,Sí,No,6,0,VIRREY SOLIS IPS S.A. ORIENTE,418,Bomberos Estacion X7,1696,35.5,"https://www.google.com/maps/@?api=1&map_action=pano&viewpoint=3.44149300811162,-76.4852879389814"
EPE_1463-9863,Parque,Parque con colindancia,Zonal,14,1498,Promociones Populares B,3.428427,-76.471238,6449,Insuficiente,Baja,Alta,Sin amenaza,No,1081,Zona 6,0.25,Sí,No,5,0,VIDAMED AMBULANCIAS S.A.S,461,Bomberos Estacion X7,1432,22.5,"https://www.google.com/maps/@?api=1&map_action=pano&viewpoint=3.42842651186715,-76.4712383237309"
EPE_1464-9864,Parque,Parque en serie,Local,14,1402,Alirio Mora Beltrán,3.436824,-76.476022,319,Regular,Alta,Alta,Sin amenaza,No,516,Zona 6,0.25,Sí,No,1,0,CARLOS FERNANDO JARAMILLO QUIROZ,689,Bomberos Estacion X7,1465,22.5,"https://www.google.com/maps/@?api=1&map_action=pano&viewpoint=3.43682351766844,-76.4760221048615"
EPE_1465-9865,Parque,Parque en serie,Local,14,1402,Alirio Mora Beltrán,3.436578,-76.476185,402,Regular,Alta,Alta,Sin amenaza,No,549,Zona 6,0.25,Sí,No,1,0,CARLOS FERNANDO JARAMILLO QUIROZ,700,Bomberos Estacion X7,1433,22.5,"https://www.google.com/maps/@?api=1&map_action=pano&viewpoint=3.43657824772139,-76.4761850375793"
EPE_1466-9866,Parque,Parque en serie,Local,14,1402,Alirio Mora Beltrán,3.436317,-76.47636,436,Adecuado,Alta,Alta,Sin amenaza,No,584,Zona 6,0.25,Sí,No,1,0,CARLOS FERNANDO JARAMILLO QUIROZ,713,Bomberos Estacion X7,1398,22.5,"https://www.google.com/maps/@?api=1&map_action=pano&viewpoint=3.43631702767596,-76.4763595666822"
EPE_1467-9867,Parque,Parque en serie,Local,14,1402,Alirio Mora Beltrán,3.436048,-76.476541,473,Adecuado,Alta,Alta,Sin amenaza,No,620,Zona 6,0.25,Sí,No,1,0,CARLOS FERNANDO JARAMILLO QUIROZ,728,Bomberos Estacion X7,1362,22.5,"https://www.google.com/maps/@?api=1&map_action=pano&viewpoint=3.43604810762674,-76.4765412985886"
EPE_1468-9868,Parque,Parque en serie,Local,14,1402,Alirio Mora Beltrán,3.435737,-76.476753,488,Adecuado,Alta,Alta,Sin amenaza,No,662,Zona 6,0.25,Sí,No,1,0,CARLOS FERNANDO JARAMILLO QUIROZ,748,Bomberos Estacion X7,1320,22.5,"https://www.google.com/maps/@?api=1&map_action=pano&viewpoint=3.43573690664922,-76.4767530718551"
EPE_1469-9869,Parque,Parque damero,Zonal,14,1498,Promociones Populares B,3.424488,-76.468215,6555,Regular,Baja,Alta,Sin amenaza,No,693,Zona 6,0.25,Sí,No,1,0,CENTRO DE SALUD DECEPAZ,534,Bomberos Estacion X7,1759,22.5,"https://www.google.com/maps/@?api=1&map_action=pano&viewpoint=3.42448776191773,-76.4682147377033"
EPE_147-8555,Zona verde,No aplica,Local,02,0215,El Bosque,3.48752,-76.53124,367,Malo,Alta,Sin amenaza,Sin amenaza,No,4568,Zona 1,0.22,No,No,15,0,PUESTO DE SALUD LA CAMPIÑA,453,Defensa Civil La Flora,1897,37.0,"https://www.google.com/maps/@?api=1&map_action=pano&viewpoint=3.48752003528765,-76.5312396266891"
EPE_1470-9870,Parque,Parque con colindancia,Local,14,1404,Las Orquídeas,3.414592,-76.476655,3480,Adecuado,Alta,Alta,Sin amenaza,No,1127,Zona 6,0.25,Sí,No,2,0,RVP RESCATE VIDA PROPOSITO SAS,1043,Bomberos Estacion X7,1533,22.5,"https://www.google.com/maps/@?api=1&map_action=pano&viewpoint=3.4145915841534,-76.4766548039092"
EPE_1471-9871,Zona verde,No aplica,Local,15,1598,Mojica,3.418465,-76.488471,287,Regular,Alta,Alta,Sin amenaza,No,2507,Zona 6,0.25,Sí,No,24,0,E.S.E. RED DE SALUD DEL ORIENTE EMPRESA SOCIAL DEL ESTADO HOSPITAL CARLOS HOLMES TRUJILLO,532,Bomberos Estacion X7,1004,8.5,"https://www.google.com/maps/@?api=1&map_action=pano&viewpoint=3.41846510008181,-76.4884714555922"
EPE_1472-9872,Zona verde,No aplica,Local,15,1598,Mojica,3.418228,-76.48824,236,Regular,Alta,Alta,Sin amenaza,No,2475,Zona 6,0.25,Sí,No,17,0,E.S.E. RED DE SALUD DEL ORIENTE EMPRESA SOCIAL DEL ESTADO HOSPITAL CARLOS HOLMES TRUJILLO,567,Bomberos Estacion X7,1015,8.5,"https://www.google.com/maps/@?api=1&map_action=pano&viewpoint=3.41822788002527,-76.4882396236136"
EPE_1473-9873,Zona verde,No aplica,Local,15,1598,Mojica,3.417482,-76.487517,211,Insuficiente,Alta,Alta,Sin amenaza,No,2374,Zona 6,0.25,Sí,No,17,0,HOSPITAL ISAIAS DUARTE CANCINO EMPRESA SOCIAL DEL ESTADO,569,Bomberos Estacion X7,1056,8.5,"https://www.google.com/maps/@?api=1&map_action=pano&viewpoint=3.41748170554753,-76.487516988063"
EPE_1474-9874,Zona verde,No aplica,Local,15,1598,Mojica,3.417246,-76.487299,211,Insuficiente,Alta,Media,Sin amenaza,No,2343,Zona 6,0.25,Sí,No,14,0,HOSPITAL ISAIAS DUARTE CANCINO EMPRESA SOCIAL DEL ESTADO,539,Bomberos Estacion X7,1072,8.5,"https://www.google.com/maps/@?api=1&map_action=pano&viewpoint=3.41724589787313,-76.4872987861737"
EPE_1476-9875,Parque,Parque para la recreación especializada,Zonal,15,1598,Mojica,3.417465,-76.485157,10029,Adecuado,Alta,Baja,Sin amenaza,No,2123,Zona 6,0.25,Sí,No,14,0,HOSPITAL ISAIAS DUARTE CANCINO EMPRESA SOCIAL DEL ESTADO,576,Bomberos Estacion X7,991,8.5,"https://www.google.com/maps/@?api=1&map_action=pano&viewpoint=3.41746532146932,-76.4851574128615"
EPE_1477-9876,Parque,Parque en serie,Local,13,1303,El Poblado I,3.41716,-76.49457,3041,Insuficiente,Alta,Alta,Sin amenaza,No,3122,Zona 6,0.25,Sí,No,0,0,CENTRO MEDICO IP SALUD SAS,135,Bomberos Estacion X7,1555,35.5,"https://www.google.com/maps/@?api=1&map_action=pano&viewpoint=3.41716004699808,-76.4945703470857"
EPE_1478-9877,Parque,Parque en serie,Local,13,1303,El Poblado I,3.417809,-76.494076,323,Insuficiente,Alta,Baja,Sin amenaza,No,3085,,,Sí,No,0,0,CENTRO MEDICO IP SALUD SAS,68,Bomberos Estacion X7,1467,35.5,"https://www.google.com/maps/@?api=1&map_action=pano&viewpoint=3.4178085260847,-76.4940763799255"
EPE_1479-9878,Parque,Parque en serie,Local,15,1598,Mojica,3.414981,-76.485156,205,Insuficiente,Alta,Baja,Sin amenaza,No,2049,Zona 6,0.25,Sí,No,15,0,HOSPITAL ISAIAS DUARTE CANCINO EMPRESA SOCIAL DEL ESTADO,318,Bomberos Estacion X7,1265,8.5,"https://www.google.com/maps/@?api=1&map_action=pano&viewpoint=3.41498095008395,-76.4851560966112"
EPE_148-8556,Zona verde,No aplica,Local,02,0212,La Flora,3.487224,-76.523978,645,Regular,Baja,Sin amenaza,Sin amenaza,No,3818,Zona 4B,0.28,No,No,16,0,angelica maria restrepo aguirre,323,Defensa Civil La Flora,1127,37.0,"https://www.google.com/maps/@?api=1&map_action=pano&viewpoint=3.48722447173001,-76.5239777161029"
EPE_1480-9879,Parque,Parque en serie,Local,15,1598,Mojica,3.414742,-76.484932,224,Insuficiente,Alta,Baja,Sin amenaza,No,2020,Zona 6,0.25,Sí,No,15,0,HOSPITAL ISAIAS DUARTE CANCINO EMPRESA SOCIAL DEL ESTADO,308,Bomberos Estacion X7,1289,8.5,"https://www.google.com/maps/@?api=1&map_action=pano&viewpoint=3.41474210044555,-76.4849318681914"
EPE_1481-9880,Parque,Parque en serie,Local,15,1598,Mojica,3.414515,-76.484711,200,Insuficiente,Alta,Baja,Sin amenaza,No,1991,Zona 6,0.25,Sí,No,14,0,HOSPITAL ISAIAS DUARTE CANCINO EMPRESA SOCIAL DEL ESTADO,304,Bomberos Estacion X7,1312,8.5,"https://www.google.com/maps/@?api=1&map_action=pano&viewpoint=3.41451485026303,-76.4847111647751"
EPE_1482-9881,Parque,Parque en serie,Local,15,1598,Mojica,3.414275,-76.484484,213,Insuficiente,Alta,Baja,Sin amenaza,No,1961,Zona 6,0.25,Sí,No,14,0,HOSPITAL ISAIAS DUARTE CANCINO EMPRESA SOCIAL DEL ESTADO,302,Bomberos Estacion X7,1338,8.5,"https://www.google.com/maps/@?api=1&map_action=pano&viewpoint=3.41427453924149,-76.4844844496286"
EPE_1483-9882,Zona verde,No aplica,Local,13,1311,Los Robles,3.422653,-76.494567,524,Medio,Alta,Baja,Sin amenaza,No,3069,Zona 6,0.25,Sí,No,5,0,E.S.E. RED DE SALUD DEL ORIENTE EMPRESA SOCIAL DEL ESTADO HOSPITAL CARLOS HOLMES TRUJILLO,308,Bomberos Estacion X7,1245,35.5,"https://www.google.com/maps/@?api=1&map_action=pano&viewpoint=3.42265319000881,-76.4945672723841"
EPE_1484-9883,Zona verde,No aplica,Local,13,1311,Los Robles,3.422672,-76.493957,441,Regular,Baja,Media,Sin amenaza,No,3019,Zona 6,0.25,Sí,No,8,0,E.S.E. RED DE SALUD DEL ORIENTE EMPRESA SOCIAL DEL ESTADO HOSPITAL CARLOS HOLMES TRUJILLO,272,Bomberos Estacion X7,1180,35.5,"https://www.google.com/maps/@?api=1&map_action=pano&viewpoint=3.42267226000681,-76.4939569462193"
EPE_1485-9884,Parque,Parque en serie,Local,15,1598,Mojica,3.411934,-76.488227,2561,Regular,Alta,Baja,Sin amenaza,No,2342,Zona 6,0.25,Sí,No,14,0,HOSPITAL ISAIAS DUARTE CANCINO EMPRESA SOCIAL DEL ESTADO,199,Bomberos Estacion X7,1666,8.5,"https://www.google.com/maps/@?api=1&map_action=pano&viewpoint=3.41193356599319,-76.4882270777487"
EPE_1486-9885,Parque,Parque en serie,Local,15,1598,Mojica,3.412557,-76.487667,293,Regular,Alta,Baja,Sin amenaza,No,2285,Zona 6,0.25,Sí,No,13,0,HOSPITAL ISAIAS DUARTE CANCINO EMPRESA SOCIAL DEL ESTADO,128,Bomberos Estacion X7,1582,8.5,"https://www.google.com/maps/@?api=1&map_action=pano&viewpoint=3.41255652040542,-76.4876674710503"
EPE_1487-9886,Parque,Parque en serie,Local,15,1598,Mojica,3.412549,-76.487178,1873,Regular,Alta,Baja,Sin amenaza,No,2230,Zona 6,0.25,Sí,No,13,0,HOSPITAL ISAIAS DUARTE CANCINO EMPRESA SOCIAL DEL ESTADO,74,Bomberos Estacion X7,1570,8.5,"https://www.google.com/maps/@?api=1&map_action=pano&viewpoint=3.4125492884945,-76.4871777527655"
EPE_1488-9887,Parque,Parque en serie,Local,15,1598,Mojica,3.412937,-76.486291,1562,Adecuado,Alta,Baja,Sin amenaza,No,2137,Zona 6,0.25,Sí,No,13,0,HOSPITAL ISAIAS DUARTE CANCINO EMPRESA SOCIAL DEL ESTADO,58,Bomberos Estacion X7,1508,8.5,"https://www.google.com/maps/@?api=1&map_action=pano&viewpoint=3.41293701463638,-76.4862914583444"
EPE_1489-9888,Parque,Parque en serie,Local,15,1598,Mojica,3.413367,-76.485881,354,Regular,Alta,Baja,Sin amenaza,No,2097,Zona 6,0.25,Sí,No,13,0,HOSPITAL ISAIAS DUARTE CANCINO EMPRESA SOCIAL DEL ESTADO,123,Bomberos Estacion X7,1453,8.5,"https://www.google.com/maps/@?api=1&map_action=pano&viewpoint=3.41336673841903,-76.4858808955664"
EPE_149-8557,Parque,Parque damero,Local,02,0209,San Vicente,3.473112,-76.525735,3851,Adecuado,Baja,Sin amenaza,Sin amenaza,No,4777,Zona 4A,0.33,No,No,0,0,ALEXANDRA GUARIN NARVAEZ,165,Bomberos Estacion X1,1431,37.0,"https://www.google.com/maps/@?api=1&map_action=pano&viewpoint=3.47311176214623,-76.5257350992251"
EPE_1490-9889,Parque,Parque en serie,Local,15,1598,Mojica,3.413626,-76.4861,215,Regular,Alta,Baja,Sin amenaza,No,2125,Zona 6,0.25,Sí,No,13,0,HOSPITAL ISAIAS DUARTE CANCINO EMPRESA SOCIAL DEL ESTADO,137,Bomberos Estacion X7,1429,8.5,"https://www.google.com/maps/@?api=1&map_action=pano&viewpoint=3.41362568587198,-76.4861004364935"
EPE_1491-9890,Parque,Parque en serie,Local,15,1598,Mojica,3.413544,-76.484876,3868,Adecuado,Alta,Baja,Sin amenaza,No,1990,Zona 6,0.25,Sí,No,13,0,HOSPITAL ISAIAS DUARTE CANCINO EMPRESA SOCIAL DEL ESTADO,218,Bomberos Estacion X7,1421,8.5,"https://www.google.com/maps/@?api=1&map_action=pano&viewpoint=3.41354419379705,-76.4848755046253"
EPE_1492-9891,Parque,Parque en serie,Local,14,1499,Los Naranjos II,3.43422,-76.475987,3418,Regular,Baja,Alta,Sin amenaza,No,766,Zona 6,0.25,Sí,No,4,0,CARLOS FERNANDO JARAMILLO QUIROZ,669,Bomberos Estacion X7,1249,22.5,"https://www.google.com/maps/@?api=1&map_action=pano&viewpoint=3.4342195823946,-76.475987187984"
EPE_1493-9892,Parque,Parque en serie,Local,14,1499,Los Naranjos II,3.433902,-76.474918,3532,Adecuado,Baja,Alta,Sin amenaza,No,761,Zona 6,0.25,Sí,No,4,0,CARLOS FERNANDO JARAMILLO QUIROZ,560,Bomberos Estacion X7,1313,22.5,"https://www.google.com/maps/@?api=1&map_action=pano&viewpoint=3.43390211415583,-76.4749181432937"
EPE_1494-9893,Parque,Parque en serie,Local,14,1499,Los Naranjos II,3.433623,-76.4751,2843,Regular,Baja,Alta,Sin amenaza,No,796,Zona 6,0.25,Sí,No,4,0,CARLOS FERNANDO JARAMILLO QUIROZ,588,Bomberos Estacion X7,1277,22.5,"https://www.google.com/maps/@?api=1&map_action=pano&viewpoint=3.4336229647234,-76.4750999877718"
EPE_1495-9894,Parque,Parque con colindancia,Local,13,1309,Lleras Restrepo,3.435493,-76.493837,2548,Medio,Baja,Alta,Sin amenaza,No,2202,Zona 6,0.25,Sí,No,6,0,SISTEMA INTEGRADO EN SALUD MEDICA Y OCUPACIONAL SAS,278,Bomberos Estacion X7,1499,35.5,"https://www.google.com/maps/@?api=1&map_action=pano&viewpoint=3.43549271448856,-76.4938366100388"
EPE_1496-9895,Zona verde,No aplica,Local,13,1315,Calipso,3.423913,-76.496266,476,Malo,Media,Alta,Sin amenaza,No,3120,Zona 6,0.25,Sí,No,7,0,E.S.E. RED DE SALUD DEL ORIENTE EMPRESA SOCIAL DEL ESTADO HOSPITAL CARLOS HOLMES TRUJILLO,539,Bomberos Estacion X7,1391,35.5,"https://www.google.com/maps/@?api=1&map_action=pano&viewpoint=3.42391313374445,-76.496265893003"
EPE_1497-9896,Zona verde,No aplica,Local,13,1315,Calipso,3.424012,-76.496557,304,Regular,Media,Alta,Sin amenaza,No,3138,Zona 6,0.25,Sí,No,7,0,E.S.E. RED DE SALUD DEL ORIENTE EMPRESA SOCIAL DEL ESTADO HOSPITAL CARLOS HOLMES TRUJILLO,570,Bomberos Estacion X7,1421,35.5,"https://www.google.com/maps/@?api=1&map_action=pano&viewpoint=3.42401206925854,-76.4965568858746"
EPE_1498-9897,Parque,Parque con colindancia,Zonal,15,1599,El Morichal,3.401102,-76.501708,9135,Adecuado,Alta,Alta,Sin amenaza,No,3728,Zona 6,0.25,Sí,No,0,0,IPS COMFANDI MORICHAL,670,Bomberos Estacion X10,325,8.5,"https://www.google.com/maps/@?api=1&map_action=pano&viewpoint=3.40110236617243,-76.5017081117722"
EPE_1499-9898,Parque,Parque en serie,Local,14,1403,Manuela Beltrán,3.418253,-76.470863,875,Medio,Alta,Alta,Sin amenaza,No,694,Zona 6,0.25,Sí,No,7,0,VIDAMED AMBULANCIAS S.A.S,1002,Bomberos Estacion X7,1707,22.5,"https://www.google.com/maps/@?api=1&map_action=pano&viewpoint=3.4182533260017,-76.47086330427"
EPE_15-8426,Zona verde,No aplica,Local,02,0212,La Flora,3.487855,-76.52386,210,Insuficiente,Media,Sin amenaza,Sin amenaza,No,3780,Zona 4B,0.28,No,No,15,0,angelica maria restrepo aguirre,386,Defensa Civil La Flora,1092,37.0,"https://www.google.com/maps/@?api=1&map_action=pano&viewpoint=3.48785482475931,-76.5238595664183"
EPE_150-8558,Parque,Parque damero,Zonal,02,0209,San Vicente,3.464521,-76.526511,8099,Adecuado,Baja,Sin amenaza,Sin amenaza,No,5364,Zona 4A,0.33,No,No,0,0,Jose Gustavo Corredor Perdomo,57,Bomberos Estacion X1,474,37.0,"https://www.google.com/maps/@?api=1&map_action=pano&viewpoint=3.46452115875444,-76.5265106049032"
EPE_1500-9899,Parque,Parque en serie,Local,14,1403,Manuela Beltrán,3.418765,-76.470863,3858,Adecuado,Alta,Alta,Sin amenaza,No,724,Zona 6,0.25,Sí,No,7,0,VIDAMED AMBULANCIAS S.A.S,951,Bomberos Estacion X7,1678,22.5,"https://www.google.com/maps/@?api=1&map_action=pano&viewpoint=3.41876471713752,-76.4708626724989"
EPE_1501-9900,Zona verde,No aplica,Local,15,1596,Ciudad Córdoba,3.395842,-76.51409,1659,Regular,Alta,Sin amenaza,Sin amenaza,No,5024,Zona 5,0.28,Sí,No,0,0,IPS COMFANDI MORICHAL,824,Bomberos Estacion X10,1667,8.5,"https://www.google.com/maps/@?api=1&map_action=pano&viewpoint=3.39584221728441,-76.5140903481636"
EPE_1502-9901,Zona verde,No aplica,Local,13,1305,Los Comuneros II,3.424224,-76.491298,681,Regular,Alta,Baja,Sin amenaza,No,2687,Zona 6,0.25,Sí,No,21,0,E.S.E. RED DE SALUD DEL ORIENTE EMPRESA SOCIAL DEL ESTADO HOSPITAL CARLOS HOLMES TRUJILLO,446,Bomberos Estacion X7,846,35.5,"https://www.google.com/maps/@?api=1&map_action=pano&viewpoint=3.42422383024202,-76.4912982954704"
EPE_1503-9902,Zona verde,No aplica,Local,13,1390,Yira Castro,3.42568,-76.497284,102,Insuficiente,Media,Alta,Sin amenaza,No,3087,Zona 6,0.25,Sí,No,5,0,E.S.E. RED DE SALUD DEL ORIENTE EMPRESA SOCIAL DEL ESTADO HOSPITAL CARLOS HOLMES TRUJILLO,760,Bomberos Estacion X7,1480,35.5,"https://www.google.com/maps/@?api=1&map_action=pano&viewpoint=3.42567993438078,-76.4972841664866"
EPE_1504-9903,Parque,Parque en serie,Local,14,1495,Puerta del Sol,3.428935,-76.472922,3686,Insuficiente,Alta,Alta,Sin amenaza,No,1254,Zona 6,0.25,Sí,No,8,0,VIDAMED AMBULANCIAS S.A.S,358,Bomberos Estacion X7,1260,22.5,"https://www.google.com/maps/@?api=1&map_action=pano&viewpoint=3.42893528128294,-76.4729216231096"
EPE_1505-9904,Parque,Parque damero,Zonal,06,0607,La Rivera I,3.474468,-76.485489,9367,Regular,Alta,Alta,Baja,No,776,Zona 6,0.25,Sí,No,5,0,PUESTO DE SALUD PETECUY II,647,Gestion del Riesgo Punto De Atención,1733,28.0,"https://www.google.com/maps/@?api=1&map_action=pano&viewpoint=3.47446761806233,-76.4854886951534"
EPE_1506-9905,Parque,Parque en serie,Local,06,0603,Paso del Comercio,3.494327,-76.48938,3268,Adecuado,Alta,Alta,Sin amenaza,No,367,Zona 6,0.25,Sí,No,7,0,CENTRO DE SALUD SAN LUIS II,538,Bomberos Estacion X8,2763,28.0,"https://www.google.com/maps/@?api=1&map_action=pano&viewpoint=3.49432729664484,-76.4893796800659"
EPE_1507-9906,Zona verde,No aplica,Local,06,0604,Los Alcazares Primera Etapa,3.485055,-76.489598,1684,Insuficiente,Alta,Alta,Media,No,770,Zona 6,0.25,Sí,No,2,0,INMEDIATA ASISTENCIA MEDICA S.A.S I.A.M,299,Bomberos Estacion X8,2782,28.0,"https://www.google.com/maps/@?api=1&map_action=pano&viewpoint=3.4850545285946,-76.4895978625964"
EPE_1508-9907,Parque,Parque de borde,Zonal,06,0610,Ciudadela Floralia,3.501154,-76.493292,15240,Optimo,Alta,Alta,Sin amenaza,No,129,Zona 6,0.25,Sí,No,24,2,CENTRO DE SALUD SAN LUIS II,1388,Bomberos Estacion X8,2576,28.0,"https://www.google.com/maps/@?api=1&map_action=pano&viewpoint=3.50115363967785,-76.4932917923903"
EPE_1509-9908,Zona verde,No aplica,Local,08,0818,Urbanización La Nueva Base,3.448885,-76.49127,1334,Regular,Alta,Sin amenaza,Sin amenaza,No,1576,Zona 5,0.28,Sí,No,3,0,EMERGENCIA MEDICA ESPECIALIZADA S.A.S,414,Gestion del Riesgo Punto De Atención,1734,19.0,"https://www.google.com/maps/@?api=1&map_action=pano&viewpoint=3.44888474042676,-76.4912698448419"
EPE_151-8559,Parque,Parque damero,Local,02,0211,Prados del Norte,3.474097,-76.517459,2222,Adecuado,Alta,Sin amenaza,Sin amenaza,No,4011,Zona 4B,0.28,No,No,0,0,LUZ ADRIANA SOTO DIAZ,349,Bomberos Estacion X1,1882,37.0,"https://www.google.com/maps/@?api=1&map_action=pano&viewpoint=3.47409728941762,-76.5174592815242"
EPE_1510-9909,Zona verde,No aplica,Local,07,0710,Las Ceibas,3.457304,-76.488029,800,Regular,Alta,Sin amenaza,Sin amenaza,No,1153,Zona 5,0.28,Sí,No,3,0,PUESTO DE SALUD LAS CEIBAS,392,Gestion del Riesgo Punto De Atención,919,10.0,"https://www.google.com/maps/@?api=1&map_action=pano&viewpoint=3.45730350540105,-76.4880285553688"
EPE_1511-9910,Parque,Parque con colindancia,Local,07,0798,Fepicol,3.46196,-76.4859,3133,Regular,Alta,Alta,Sin amenaza,No,875,Zona 6,0.25,Sí,No,2,0,PUESTO DE SALUD LAS CEIBAS,246,Gestion del Riesgo Punto De Atención,682,10.0,"https://www.google.com/maps/@?api=1&map_action=pano&viewpoint=3.46196010932221,-76.4859002725071"
EPE_1512-9911,Parque,Parque en serie,Local,06,0603,Paso del Comercio,3.493635,-76.48767,4665,Medio,Alta,Alta,Sin amenaza,No,327,Zona 6,0.25,Sí,No,11,0,CENTRO DE SALUD SAN LUIS II,471,Bomberos Estacion X8,2942,28.0,"https://www.google.com/maps/@?api=1&map_action=pano&viewpoint=3.49363520527154,-76.4876696140115"
EPE_1513-9912,Parque,Parque en serie,Local,06,0603,Paso del Comercio,3.494236,-76.486883,2107,Optimo,Alta,Alta,Sin amenaza,No,217,Zona 6,0.25,Sí,No,11,0,CENTRO DE SALUD SAN LUIS II,561,Bomberos Estacion X8,3037,28.0,"https://www.google.com/maps/@?api=1&map_action=pano&viewpoint=3.49423630016494,-76.4868827888482"
EPE_1514-9913,Parque,Parque en serie,Local,06,0603,Paso del Comercio,3.494091,-76.48776,2107,Regular,Alta,Alta,Sin amenaza,No,300,Zona 6,0.25,Sí,No,11,0,CENTRO DE SALUD SAN LUIS II,518,Bomberos Estacion X8,2938,28.0,"https://www.google.com/maps/@?api=1&map_action=pano&viewpoint=3.4940912865216,-76.4877602059126"
EPE_1515-9914,Parque,Parque irregular,Local,06,0606,Petecuy Segunda Etapa,3.481731,-76.483393,2606,Regular,Alta,Alta,Alta,No,213,Zona 6,0.25,Sí,No,1,0,PUESTO DE SALUD PETECUY II,234,Gestion del Riesgo Punto De Atención,2462,28.0,"https://www.google.com/maps/@?api=1&map_action=pano&viewpoint=3.48173077015432,-76.4833927250461"
EPE_1516-9915,Parque,Parque con colindancia,Zonal,06,0608,Los Guaduales,3.491323,-76.49873,5527,Adecuado,Alta,Media,Sin amenaza,No,1189,Zona 6,0.25,Sí,No,2,0,PUESTO DE SALUD CALIMA,814,Bomberos Estacion X8,1698,28.0,"https://www.google.com/maps/@?api=1&map_action=pano&viewpoint=3.49132339788475,-76.4987297198839"
EPE_1517-9916,Parque,Parque con colindancia,Local,06,0610,Ciudadela Floralia,3.49076,-76.49322,2548,Adecuado,Alta,Alta,Sin amenaza,No,918,Zona 6,0.25,Sí,No,2,0,CENTRO DE SALUD SAN LUIS II,517,Bomberos Estacion X8,2308,28.0,"https://www.google.com/maps/@?api=1&map_action=pano&viewpoint=3.49076002214354,-76.4932196324946"
EPE_1518-9917,Parque,Parque con colindancia,Local,06,0608,Los Guaduales,3.493059,-76.497576,2348,Medio,Alta,Alta,Sin amenaza,No,960,Zona 6,0.25,Sí,No,2,0,CEDILAB CALIMA,991,Bomberos Estacion X8,1843,28.0,"https://www.google.com/maps/@?api=1&map_action=pano&viewpoint=3.49305907251936,-76.4975760620829"
EPE_1519-9918,Parque,Parque damero,Local,06,0603,Paso del Comercio,3.492623,-76.489212,4360,Medio,Alta,Alta,Sin amenaza,No,529,Zona 6,0.25,Sí,No,5,0,CENTRO DE SALUD SAN LUIS II,347,Bomberos Estacion X8,2761,28.0,"https://www.google.com/maps/@?api=1&map_action=pano&viewpoint=3.49262340616157,-76.4892118108675"
EPE_152-8560,Parque,Parque damero,Zonal,02,0294,Vipasa,3.475358,-76.51648,8205,Adecuado,Alta,Sin amenaza,Sin amenaza,No,3836,Zona 4B,0.28,No,No,0,0,LUZ ADRIANA SOTO DIAZ,468,Defensa Civil La Flora,1728,37.0,"https://www.google.com/maps/@?api=1&map_action=pano&viewpoint=3.47535801110339,-76.5164795780888"
EPE_1520-9919,Parque,Parque damero,Local,06,0605,Petecuy Primera Etapa,3.475547,-76.479556,1825,Medio,Alta,Alta,Alta,No,140,Zona 6,0.25,Sí,No,4,0,PUESTO DE SALUD PETECUY II,592,Gestion del Riesgo Punto De Atención,1749,28.0,"https://www.google.com/maps/@?api=1&map_action=pano&viewpoint=3.47554689981923,-76.4795558075255"
EPE_1521-9920,Parque,Parque damero,Local,06,0609,Petecuy Tercera Etapa,3.478004,-76.480403,1129,Regular,Alta,Alta,Alta,No,141,Zona 6,0.25,Sí,No,1,0,PUESTO DE SALUD PETECUY II,336,Gestion del Riesgo Punto De Atención,2022,28.0,"https://www.google.com/maps/@?api=1&map_action=pano&viewpoint=3.4780036321026,-76.4804026654835"
EPE_1522-9921,Zona verde,No aplica,Local,06,0601,San Luis,3.483277,-76.488658,509,Medio,Alta,Alta,Alta,No,723,Zona 6,0.25,Sí,No,2,0,INMEDIATA ASISTENCIA MEDICA S.A.S I.A.M,80,Gestion del Riesgo Punto De Atención,2774,28.0,"https://www.google.com/maps/@?api=1&map_action=pano&viewpoint=3.48327731193653,-76.4886582591348"
EPE_1523-9922,Zona verde,No aplica,Local,06,0604,Los Alcazares Primera Etapa,3.485407,-76.489991,515,Adecuado,Alta,Alta,Alta,No,800,Zona 6,0.25,Sí,No,2,0,INMEDIATA ASISTENCIA MEDICA S.A.S I.A.M,356,Bomberos Estacion X8,2731,28.0,"https://www.google.com/maps/@?api=1&map_action=pano&viewpoint=3.4854069994551,-76.4899905054837"
EPE_1524-9923,Parque,Parque con colindancia,Local,06,0604,Los Alcazares Primera Etapa,3.485731,-76.489416,576,Regular,Alta,Alta,Alta,No,728,Zona 6,0.25,Sí,No,2,0,INMEDIATA ASISTENCIA MEDICA S.A.S I.A.M,356,Bomberos Estacion X8,2786,28.0,"https://www.google.com/maps/@?api=1&map_action=pano&viewpoint=3.48573070236187,-76.4894160286794"
EPE_1525-9924,Zona verde,No aplica,Local,06,0604,Los Alcazares Primera Etapa,3.486331,-76.489741,511,Regular,Alta,Alta,Alta,No,745,Zona 6,0.25,Sí,No,2,0,CENTRO DE SALUD SAN LUIS II,374,Bomberos Estacion X8,2738,28.0,"https://www.google.com/maps/@?api=1&map_action=pano&viewpoint=3.48633079731072,-76.4897406389465"
EPE_1526-9925,Zona verde,No aplica,Local,06,0604,Los Alcazares Primera Etapa,3.485999,-76.490342,488,Regular,Alta,Alta,Alta,No,819,Zona 6,0.25,Sí,No,0,0,CENTRO DE SALUD SAN LUIS II,432,Bomberos Estacion X8,2679,28.0,"https://www.google.com/maps/@?api=1&map_action=pano&viewpoint=3.48599880005604,-76.4903418768685"
EPE_1527-9926,Zona verde,No aplica,Local,06,0604,Los Alcazares Primera Etapa,3.486455,-76.490433,724,Insuficiente,Alta,Alta,Alta,No,816,Zona 6,0.25,Sí,No,0,0,CENTRO DE SALUD SAN LUIS II,392,Bomberos Estacion X8,2660,28.0,"https://www.google.com/maps/@?api=1&map_action=pano&viewpoint=3.48645498004451,-76.4904327325613"
EPE_1528-9927,Zona verde,No aplica,Local,06,0604,Los Alcazares Primera Etapa,3.486743,-76.489924,1823,Medio,Alta,Alta,Alta,No,753,Zona 6,0.25,Sí,No,2,0,CENTRO DE SALUD SAN LUIS II,338,Bomberos Estacion X8,2710,28.0,"https://www.google.com/maps/@?api=1&map_action=pano&viewpoint=3.48674331579174,-76.4899241677643"
EPE_1529-9928,Zona verde,No aplica,Local,06,0604,Los Alcazares Primera Etapa,3.487057,-76.49022,639,Regular,Alta,Alta,Alta,No,776,Zona 6,0.25,Sí,No,2,0,CENTRO DE SALUD SAN LUIS II,322,Bomberos Estacion X8,2672,28.0,"https://www.google.com/maps/@?api=1&map_action=pano&viewpoint=3.48705736889184,-76.4902198665893"
EPE_153-8561,Parque,Parque irregular,Zonal,01,0102,Vista Hermosa,3.456202,-76.578913,7220,Regular,Alta,Sin amenaza,Sin amenaza,No,10798,Zona 1,0.22,No,No,20,0,Casa Hogar de Proteccion Fundacion Amor y Fe,612,Bomberos Estacion X6,2675,29.0,"https://www.google.com/maps/@?api=1&map_action=pano&viewpoint=3.45620163959365,-76.5789132356799"
EPE_1530-9929,Parque,Parque en serie,Local,06,0604,Los Alcazares Primera Etapa,3.486152,-76.490979,1901,Adecuado,Alta,Alta,Alta,No,882,Zona 6,0.25,Sí,No,0,0,CENTRO DE SALUD SAN LUIS II,452,Bomberos Estacion X8,2606,28.0,"https://www.google.com/maps/@?api=1&map_action=pano&viewpoint=3.48615207147128,-76.4909793629283"
EPE_1531-9930,Parque,Parque en serie,Local,06,0604,Los Alcazares Primera Etapa,3.486411,-76.491442,268,Medio,Alta,Alta,Alta,No,925,Zona 6,0.25,Sí,No,0,0,CENTRO DE SALUD SAN LUIS II,460,Bomberos Estacion X8,2550,28.0,"https://www.google.com/maps/@?api=1&map_action=pano&viewpoint=3.48641103664617,-76.4914424842659"
EPE_1532-9931,Zona verde,No aplica,Local,06,0604,Los Alcazares Primera Etapa,3.487617,-76.490538,622,Regular,Alta,Alta,Alta,No,792,Zona 6,0.25,Sí,No,0,0,CENTRO DE SALUD SAN LUIS II,293,Bomberos Estacion X8,2628,28.0,"https://www.google.com/maps/@?api=1&map_action=pano&viewpoint=3.48761708994855,-76.4905382500475"
EPE_1533-9932,Parque,Parque en serie,Local,06,0604,Los Alcazares Primera Etapa,3.488172,-76.49084,680,Medio,Alta,Alta,Alta,No,807,Zona 6,0.25,Sí,No,2,0,CENTRO DE SALUD SAN LUIS II,280,Bomberos Estacion X8,2587,28.0,"https://www.google.com/maps/@?api=1&map_action=pano&viewpoint=3.4881724975939,-76.4908402361861"
EPE_1534-9933,Parque,Parque en serie,Local,06,0604,Los Alcazares Primera Etapa,3.487955,-76.491274,720,Adecuado,Alta,Alta,Alta,No,860,Zona 6,0.25,Sí,No,2,0,CENTRO DE SALUD SAN LUIS II,333,Bomberos Estacion X8,2542,28.0,"https://www.google.com/maps/@?api=1&map_action=pano&viewpoint=3.48795451125051,-76.4912741505813"
EPE_1535-9934,Zona verde,No aplica,Local,06,0604,Los Alcazares Primera Etapa,3.488663,-76.491132,695,Regular,Alta,Alta,Alta,No,827,Zona 6,0.25,Sí,No,2,0,CENTRO DE SALUD SAN LUIS II,284,Bomberos Estacion X8,2550,28.0,"https://www.google.com/maps/@?api=1&map_action=pano&viewpoint=3.48866300232842,-76.4911321744058"
EPE_1536-9935,Parque,Parque en serie,Local,06,0604,Los Alcazares Primera Etapa,3.486643,-76.490945,607,Regular,Alta,Alta,Alta,No,865,Zona 6,0.25,Sí,No,0,0,CENTRO DE SALUD SAN LUIS II,405,Bomberos Estacion X8,2600,28.0,"https://www.google.com/maps/@?api=1&map_action=pano&viewpoint=3.48664345621628,-76.4909445430058"
EPE_1537-9936,Parque,Parque en serie,Local,06,0604,Los Alcazares Primera Etapa,3.487199,-76.491275,563,Medio,Alta,Alta,Alta,No,884,Zona 6,0.25,Sí,No,2,0,CENTRO DE SALUD SAN LUIS II,384,Bomberos Estacion X8,2554,28.0,"https://www.google.com/maps/@?api=1&map_action=pano&viewpoint=3.48719851123553,-76.4912749299613"
EPE_1538-9937,Zona verde,No aplica,Local,06,0608,Los Guaduales,3.493384,-76.49851,583,Malo,Alta,Alta,Sin amenaza,No,1010,Zona 6,0.25,Sí,No,0,0,PUESTO DE SALUD CALIMA,1034,Bomberos Estacion X8,1746,28.0,"https://www.google.com/maps/@?api=1&map_action=pano&viewpoint=3.49338429990677,-76.4985097246586"
EPE_1539-9938,Parque,Parque damero,Local,06,0606,Petecuy Segunda Etapa,3.482063,-76.482525,4851,Regular,Alta,Alta,Alta,No,112,Zona 6,0.25,Sí,No,1,0,PUESTO DE SALUD PETECUY II,268,Gestion del Riesgo Punto De Atención,2487,28.0,"https://www.google.com/maps/@?api=1&map_action=pano&viewpoint=3.4820633685733,-76.4825252312395"
EPE_154-8562,Parque,Parque damero,Local,01,0199,Aguacatal,3.455449,-76.548457,4813,Optimo,Alta,Sin amenaza,Sin amenaza,No,7833,,,No,No,5,0,FURINKAZAN OESTE,343,Bomberos Estacion X6,929,29.0,"https://www.google.com/maps/@?api=1&map_action=pano&viewpoint=3.4554485703162,-76.5484570148082"
EPE_1540-9939,Parque,Parque con colindancia,Zonal,06,0601,San Luis,3.478729,-76.486566,6301,Regular,Alta,Alta,Baja,No,686,Zona 6,0.25,Sí,No,1,0,PUESTO DE SALUD PETECUY II,419,Gestion del Riesgo Punto De Atención,2220,28.0,"https://www.google.com/maps/@?api=1&map_action=pano&viewpoint=3.47872922246608,-76.4865664538094"
EPE_1541-9940,Parque,Parque damero,Zonal,06,0696,San Luis II,3.487613,-76.487445,9454,Medio,Alta,Alta,Alta,No,462,Zona 6,0.25,Sí,No,2,0,CENTRO DE SALUD SAN LUIS II,257,Bomberos Estacion X8,2969,28.0,"https://www.google.com/maps/@?api=1&map_action=pano&viewpoint=3.48761294531743,-76.4874450095731"
EPE_1542-9941,Parque,Parque con colindancia,Zonal,06,0610,Ciudadela Floralia,3.496431,-76.49164,8670,Adecuado,Alta,Alta,Sin amenaza,No,277,Zona 6,0.25,Sí,No,5,0,CENTRO DE SALUD SAN LUIS II,832,Bomberos Estacion X8,2563,28.0,"https://www.google.com/maps/@?api=1&map_action=pano&viewpoint=3.49643114912078,-76.4916399584752"
EPE_1543-9942,Parque,Parque damero,Zonal,06,0605,Petecuy Primera Etapa,3.472307,-76.48034,6630,Adecuado,Alta,Alta,Alta,No,442,Zona 6,0.25,Sí,No,3,0,E.S.E. RED DE SALUD DEL NORTE EMPRESA SOCIAL DEL ESTADO HOSPITAL JOAQUIN PAZ BORRERO,634,Gestion del Riesgo Punto De Atención,1388,28.0,"https://www.google.com/maps/@?api=1&map_action=pano&viewpoint=3.47230668195976,-76.4803399430372"
EPE_1544-9943,Parque,Parque con colindancia,Local,06,0602,Jorge Eliécer Gaitán,3.468224,-76.483346,1558,Medio,Alta,Media,Sin amenaza,No,783,Zona 6,0.25,Sí,No,5,0,E.S.E. RED DE SALUD DEL NORTE EMPRESA SOCIAL DEL ESTADO HOSPITAL JOAQUIN PAZ BORRERO,361,Gestion del Riesgo Punto De Atención,1000,28.0,"https://www.google.com/maps/@?api=1&map_action=pano&viewpoint=3.4682244341495,-76.4833461475575"
EPE_1545-9944,Parque,Parque con colindancia,Local,08,0809,Industrial,3.449985,-76.514577,1676,Adecuado,Alta,Sin amenaza,Sin amenaza,No,4138,Zona 4B,0.28,No,No,2,0,Ambulancias Traumamedic S.A.S,373,Bomberos Estacion X3,444,19.0,"https://www.google.com/maps/@?api=1&map_action=pano&viewpoint=3.44998545248799,-76.5145772400608"
EPE_1546-9945,Parque,Parque en serie,Zonal,08,0811,Las Américas,3.447083,-76.505354,5275,Adecuado,Alta,Sin amenaza,Sin amenaza,No,3151,Zona 4B,0.28,No,No,5,0,s.i.a.p servicio imediato a pacientes s.a.s,468,Bomberos Estacion X3,684,19.0,"https://www.google.com/maps/@?api=1&map_action=pano&viewpoint=3.447083050281,-76.5053539015629"
EPE_1547-9946,Parque,Parque damero,Local,08,0815,Villa Colombia,3.445864,-76.498932,2615,Optimo,Alta,Sin amenaza,Sin amenaza,No,2463,Zona 5,0.28,Sí,No,9,0,CENTRO DE SALUD DIEGO LALINDE,203,Bomberos Estacion X3,1406,19.0,"https://www.google.com/maps/@?api=1&map_action=pano&viewpoint=3.44586444787569,-76.498932357695"
EPE_1548-9947,Parque,Parque en serie,Local,08,0818,Urbanización La Nueva Base,3.443985,-76.491969,1538,Medio,Alta,Alta,Sin amenaza,No,1773,Zona 6,0.25,Sí,No,7,0,AMBULANCIAS PRIMER TRABAJO MEDICO S.A.S,363,Bomberos Estacion X7,2159,19.0,"https://www.google.com/maps/@?api=1&map_action=pano&viewpoint=3.4439850254565,-76.4919689458909"
EPE_1549-9948,Parque,Parque en serie,Local,08,0818,Urbanización La Nueva Base,3.443747,-76.492634,1406,Medio,Alta,Alta,Sin amenaza,No,1851,Zona 5,0.28,Sí,No,5,0,AMBULANCIAS PRIMER TRABAJO MEDICO S.A.S,285,Bomberos Estacion X3,2134,19.0,"https://www.google.com/maps/@?api=1&map_action=pano&viewpoint=3.44374667138705,-76.492634302778"
EPE_155-8563,Zona verde,No aplica,Local,02,0294,Vipasa,3.474954,-76.517571,878,Medio,Alta,Sin amenaza,Sin amenaza,No,3954,Zona 4B,0.28,No,No,0,0,LUZ ADRIANA SOTO DIAZ,340,Defensa Civil La Flora,1792,37.0,"https://www.google.com/maps/@?api=1&map_action=pano&viewpoint=3.47495393681267,-76.5175708888691"
EPE_1550-9949,Parque,Parque damero,Local,08,0818,Urbanización La Nueva Base,3.448049,-76.489404,1537,Regular,Alta,Sin amenaza,Sin amenaza,No,1380,Zona 5,0.28,Sí,No,3,0,EMERGENCIA MEDICA ESPECIALIZADA S.A.S,192,Gestion del Riesgo Punto De Atención,1665,19.0,"https://www.google.com/maps/@?api=1&map_action=pano&viewpoint=3.44804904434107,-76.4894037019697"
EPE_1551-9950,Parque,Parque con colindancia,Local,07,0703,Alfonso Lopez P. 3a Etapa,3.45633,-76.481286,1459,Adecuado,Alta,Alta,Baja,No,432,Zona 6,0.25,Sí,No,5,0,PUESTO DE SALUD ALFONSO LOPEZ III,42,Gestion del Riesgo Punto De Atención,409,10.0,"https://www.google.com/maps/@?api=1&map_action=pano&viewpoint=3.45632987457138,-76.4812856624734"
EPE_1552-9951,Parque,Parque damero,Local,07,0701,Alfonso Lopez P. 1a Etapa,3.462684,-76.48135,1885,Medio,Alta,Alta,Baja,No,389,Zona 6,0.25,Sí,No,0,0,E.S.E. RED DE SALUD DEL NORTE EMPRESA SOCIAL DEL ESTADO HOSPITAL JOAQUIN PAZ BORRERO,446,Gestion del Riesgo Punto De Atención,345,10.0,"https://www.google.com/maps/@?api=1&map_action=pano&viewpoint=3.46268434698137,-76.4813495350206"
EPE_1553-9952,Parque,Parque damero,Local,07,0701,Alfonso Lopez P. 1a Etapa,3.466724,-76.477748,1871,Regular,Alta,Alta,Baja,No,277,Zona 6,0.25,Sí,No,0,0,E.S.E. RED DE SALUD DEL NORTE EMPRESA SOCIAL DEL ESTADO HOSPITAL JOAQUIN PAZ BORRERO,308,Gestion del Riesgo Punto De Atención,812,10.0,"https://www.google.com/maps/@?api=1&map_action=pano&viewpoint=3.46672433484257,-76.477747672324"
EPE_1554-9953,Parque,Parque con colindancia,Local,07,0710,Las Ceibas,3.455021,-76.486853,4096,Adecuado,Alta,Sin amenaza,Sin amenaza,No,1063,Zona 5,0.28,Sí,No,2,0,PUESTO DE SALUD ALFONSO LOPEZ III,648,Gestion del Riesgo Punto De Atención,917,10.0,"https://www.google.com/maps/@?api=1&map_action=pano&viewpoint=3.45502116975062,-76.486853085077"
EPE_1555-9954,Parque,Parque en serie,Local,08,0818,Urbanización La Nueva Base,3.44682,-76.491581,2190,Adecuado,Alta,Sin amenaza,Sin amenaza,No,1642,Zona 5,0.28,Sí,No,4,0,EMERGENCIA MEDICA ESPECIALIZADA S.A.S,386,Gestion del Riesgo Punto De Atención,1925,19.0,"https://www.google.com/maps/@?api=1&map_action=pano&viewpoint=3.44682006009019,-76.4915814644414"
EPE_1556-9955,Parque,Parque en serie,Local,08,0818,Urbanización La Nueva Base,3.448246,-76.491187,1386,Medio,Alta,Sin amenaza,Sin amenaza,No,1574,Zona 5,0.28,Sí,No,3,0,EMERGENCIA MEDICA ESPECIALIZADA S.A.S,373,Gestion del Riesgo Punto De Atención,1778,19.0,"https://www.google.com/maps/@?api=1&map_action=pano&viewpoint=3.44824550738638,-76.4911874816013"
EPE_1557-9956,Parque,Parque en serie,Local,08,0818,Urbanización La Nueva Base,3.446869,-76.490733,1574,Medio,Alta,Sin amenaza,Sin amenaza,No,1549,Zona 5,0.28,Sí,No,3,0,EMERGENCIA MEDICA ESPECIALIZADA S.A.S,292,Gestion del Riesgo Punto De Atención,1860,19.0,"https://www.google.com/maps/@?api=1&map_action=pano&viewpoint=3.44686916062453,-76.4907333376527"
EPE_1558-9957,Parque,Parque en serie,Zonal,08,0818,Urbanización La Nueva Base,3.447941,-76.492053,5289,Medio,Alta,Sin amenaza,Sin amenaza,No,1673,Zona 5,0.28,Sí,No,4,0,EMERGENCIA MEDICA ESPECIALIZADA S.A.S,453,Gestion del Riesgo Punto De Atención,1869,19.0,"https://www.google.com/maps/@?api=1&map_action=pano&viewpoint=3.44794141716155,-76.4920527692498"
EPE_1559-9958,Parque,Parque en serie,Local,08,0818,Urbanización La Nueva Base,3.448953,-76.491879,3174,Adecuado,Alta,Sin amenaza,Sin amenaza,No,1642,Zona 5,0.28,Sí,No,3,0,TRAUMAORIENTE DEL VALLE,446,Gestion del Riesgo Punto De Atención,1777,19.0,"https://www.google.com/maps/@?api=1&map_action=pano&viewpoint=3.4489532491401,-76.4918787572127"
EPE_156-8564,Zona verde,No aplica,Local,02,0210,Santa Mónica,3.467787,-76.53308,466,Regular,Alta,Sin amenaza,Sin amenaza,No,5784,,,No,No,14,0,ORTHOPEDIC JOIN S.A.S.,245,Bomberos Estacion X1,1045,37.0,"https://www.google.com/maps/@?api=1&map_action=pano&viewpoint=3.46778653917347,-76.5330801875999"
EPE_1560-9959,Parque,Parque con colindancia,Local,08,0818,Urbanización La Nueva Base,3.448732,-76.489851,2172,Adecuado,Alta,Sin amenaza,Sin amenaza,No,1420,Zona 5,0.28,Sí,No,3,0,EMERGENCIA MEDICA ESPECIALIZADA S.A.S,280,Gestion del Riesgo Punto De Atención,1638,19.0,"https://www.google.com/maps/@?api=1&map_action=pano&viewpoint=3.4487321890166,-76.4898510249427"
EPE_1561-9960,Parque,Parque con colindancia,Local,06,0698,Sector Puente del Comercio,3.486851,-76.495722,2582,Regular,Alta,Baja,Sin amenaza,No,1369,Zona 6,0.25,Sí,No,4,0,CEDILAB CALIMA,288,Bomberos Estacion X8,2075,28.0,"https://www.google.com/maps/@?api=1&map_action=pano&viewpoint=3.48685137397199,-76.4957223915149"
EPE_1562-9961,Parque,Parque con colindancia,Local,08,0813,Santa Fé,3.441845,-76.506344,1987,Regular,Alta,Sin amenaza,Sin amenaza,No,3365,Zona 4B,0.28,No,No,6,0,CUIDADO INTEGRAL EN URGENCIAS MEDICAS SAS,200,Bomberos Estacion X3,844,19.0,"https://www.google.com/maps/@?api=1&map_action=pano&viewpoint=3.44184469777216,-76.5063436337875"
EPE_1563-9962,Parque,Parque con colindancia,Local,06,0603,Paso del Comercio,3.492963,-76.485208,2374,Insuficiente,Alta,Alta,Sin amenaza,No,130,Zona 6,0.25,Sí,No,13,0,CENTRO DE SALUD SAN LUIS II,545,Bomberos Estacion X8,3207,28.0,"https://www.google.com/maps/@?api=1&map_action=pano&viewpoint=3.49296323344681,-76.4852077366364"
EPE_1564-9963,Parque,Parque en serie,Local,06,0603,Paso del Comercio,3.495826,-76.486415,201,Insuficiente,Alta,Alta,Sin amenaza,No,59,Zona 6,0.25,Sí,No,17,0,CENTRO DE SALUD SAN LUIS II,745,Bomberos Estacion X8,3116,28.0,"https://www.google.com/maps/@?api=1&map_action=pano&viewpoint=3.49582626222331,-76.4864145339964"
EPE_1565-9964,Parque,Parque en serie,Local,06,0603,Paso del Comercio,3.49603,-76.486822,631,Regular,Alta,Media,Sin amenaza,No,68,Zona 6,0.25,Sí,No,17,0,CENTRO DE SALUD SAN LUIS II,752,Bomberos Estacion X8,3075,28.0,"https://www.google.com/maps/@?api=1&map_action=pano&viewpoint=3.49602950425926,-76.4868218184954"
EPE_1566-9965,Parque,Parque en serie,Local,06,0603,Paso del Comercio,3.495678,-76.4873,591,Adecuado,Alta,Alta,Sin amenaza,No,130,Zona 6,0.25,Sí,No,11,0,CENTRO DE SALUD SAN LUIS II,701,Bomberos Estacion X8,3016,28.0,"https://www.google.com/maps/@?api=1&map_action=pano&viewpoint=3.49567841416703,-76.4872998227899"
EPE_1567-9966,Parque,Parque con colindancia,Local,06,0602,Jorge Eliécer Gaitán,3.467894,-76.484295,1902,Adecuado,Alta,Media,Sin amenaza,No,894,Zona 6,0.25,Sí,No,2,0,E.S.E. RED DE SALUD DEL NORTE EMPRESA SOCIAL DEL ESTADO HOSPITAL JOAQUIN PAZ BORRERO,442,Gestion del Riesgo Punto De Atención,1009,28.0,"https://www.google.com/maps/@?api=1&map_action=pano&viewpoint=3.46789429047083,-76.4842948276203"
EPE_1568-9967,Parque,Parque en serie,Local,06,0602,Jorge Eliécer Gaitán,3.4682,-76.482162,2303,Regular,Alta,Alta,Sin amenaza,No,656,Zona 6,0.25,Sí,No,3,0,E.S.E. RED DE SALUD DEL NORTE EMPRESA SOCIAL DEL ESTADO HOSPITAL JOAQUIN PAZ BORRERO,254,Gestion del Riesgo Punto De Atención,958,28.0,"https://www.google.com/maps/@?api=1&map_action=pano&viewpoint=3.46820037876439,-76.4821618768482"
EPE_1569-9968,Parque,Parque en serie,Zonal,06,0602,Jorge Eliécer Gaitán,3.467991,-76.481018,7670,Optimo,Alta,Media,Sin amenaza,No,540,Zona 6,0.25,Sí,No,3,0,E.S.E. RED DE SALUD DEL NORTE EMPRESA SOCIAL DEL ESTADO HOSPITAL JOAQUIN PAZ BORRERO,164,Gestion del Riesgo Punto De Atención,913,28.0,"https://www.google.com/maps/@?api=1&map_action=pano&viewpoint=3.46799085477642,-76.4810175748052"
EPE_157-8565,Parque,Parque con colindancia,Zonal,02,0293,Urbanización La Merced,3.480354,-76.513059,5728,Regular,Alta,Sin amenaza,Sin amenaza,No,3180,Zona 4B,0.28,No,No,0,0,GRUPO ALIANZA PREHOSPITALARIA,660,Bomberos Estacion X8,1157,37.0,"https://www.google.com/maps/@?api=1&map_action=pano&viewpoint=3.48035358559264,-76.5130587729369"
EPE_1570-9969,Parque,Parque en serie,Zonal,06,0602,Jorge Eliécer Gaitán,3.468021,-76.480565,7415,Regular,Alta,Alta,Sin amenaza,No,491,Zona 6,0.25,Sí,No,3,0,E.S.E. RED DE SALUD DEL NORTE EMPRESA SOCIAL DEL ESTADO HOSPITAL JOAQUIN PAZ BORRERO,157,Gestion del Riesgo Punto De Atención,913,28.0,"https://www.google.com/maps/@?api=1&map_action=pano&viewpoint=3.46802124235902,-76.4805648563679"
EPE_1571-9970,Parque,Parque en serie,Local,06,0602,Jorge Eliécer Gaitán,3.467552,-76.484179,1810,Adecuado,Alta,Alta,Sin amenaza,No,891,Zona 6,0.25,Sí,No,2,0,E.S.E. RED DE SALUD DEL NORTE EMPRESA SOCIAL DEL ESTADO HOSPITAL JOAQUIN PAZ BORRERO,419,Gestion del Riesgo Punto De Atención,969,28.0,"https://www.google.com/maps/@?api=1&map_action=pano&viewpoint=3.46755184584387,-76.4841791287538"
EPE_1572-9971,Parque,Parque en serie,Local,06,0602,Jorge Eliécer Gaitán,3.467882,-76.483177,2392,Medio,Alta,Alta,Sin amenaza,No,774,Zona 6,0.25,Sí,No,2,0,E.S.E. RED DE SALUD DEL NORTE EMPRESA SOCIAL DEL ESTADO HOSPITAL JOAQUIN PAZ BORRERO,327,Gestion del Riesgo Punto De Atención,957,28.0,"https://www.google.com/maps/@?api=1&map_action=pano&viewpoint=3.46788223927624,-76.4831765746262"
EPE_1573-9972,Parque,Parque en serie,Local,06,0602,Jorge Eliécer Gaitán,3.46911,-76.480928,1530,Medio,Alta,Alta,Media,No,501,Zona 6,0.25,Sí,No,3,0,E.S.E. RED DE SALUD DEL NORTE EMPRESA SOCIAL DEL ESTADO HOSPITAL JOAQUIN PAZ BORRERO,282,Gestion del Riesgo Punto De Atención,1036,28.0,"https://www.google.com/maps/@?api=1&map_action=pano&viewpoint=3.46910973173775,-76.480927619559"
EPE_1574-9973,Parque,Parque en serie,Local,06,0602,Jorge Eliécer Gaitán,3.468858,-76.481383,1923,Medio,Alta,Alta,Baja,No,556,Zona 6,0.25,Sí,No,3,0,E.S.E. RED DE SALUD DEL NORTE EMPRESA SOCIAL DEL ESTADO HOSPITAL JOAQUIN PAZ BORRERO,268,Gestion del Riesgo Punto De Atención,1014,28.0,"https://www.google.com/maps/@?api=1&map_action=pano&viewpoint=3.4688578479442,-76.4813826428041"
EPE_1575-9974,Parque,Parque con colindancia,Zonal,06,0606,Petecuy Segunda Etapa,3.479479,-76.482097,6377,Regular,Alta,Alta,Alta,No,258,Zona 6,0.25,Sí,No,2,0,PUESTO DE SALUD PETECUY II,94,Gestion del Riesgo Punto De Atención,2196,28.0,"https://www.google.com/maps/@?api=1&map_action=pano&viewpoint=3.4794786869203,-76.4820967991487"
EPE_1576-9975,Parque,Parque para la recreación especializada,Local,07,0703,Alfonso Lopez P. 3a Etapa,3.453055,-76.480019,2773,Adecuado,Alta,Alta,Sin amenaza,No,308,Zona 6,0.25,Sí,No,5,0,PUESTO DE SALUD ALFONSO LOPEZ III,349,Gestion del Riesgo Punto De Atención,753,10.0,"https://www.google.com/maps/@?api=1&map_action=pano&viewpoint=3.45305494401264,-76.4800191341072"
EPE_1577-9976,Parque,Parque para la recreación especializada,Zonal,08,0816,El Trébol,3.445042,-76.494812,5508,Medio,Alta,Sin amenaza,Sin amenaza,No,2036,Zona 5,0.28,Sí,No,8,0,cuidado de vida sas,181,Bomberos Estacion X3,1872,19.0,"https://www.google.com/maps/@?api=1&map_action=pano&viewpoint=3.44504177615803,-76.4948118952158"
EPE_1578-9977,Parque,Parque para la recreación especializada,Local,08,0816,El Trébol,3.445285,-76.495537,2180,Medio,Alta,Sin amenaza,Sin amenaza,No,2108,Zona 5,0.28,Sí,No,9,0,cuidado de vida sas,96,Bomberos Estacion X3,1788,19.0,"https://www.google.com/maps/@?api=1&map_action=pano&viewpoint=3.44528502806671,-76.4955365100291"
EPE_1579-9978,Parque,Parque para la recreación especializada,Zonal,06,0609,Petecuy Tercera Etapa,3.476678,-76.480372,5416,Regular,Alta,Alta,Alta,No,158,Zona 6,0.25,Sí,No,1,0,PUESTO DE SALUD PETECUY II,438,Gestion del Riesgo Punto De Atención,1874,28.0,"https://www.google.com/maps/@?api=1&map_action=pano&viewpoint=3.47667759203235,-76.4803717769011"
EPE_158-8566,Parque,Parque en serie,Local,02,0209,San Vicente,3.47068,-76.527138,509,Insuficiente,Baja,Sin amenaza,Sin amenaza,No,5067,Zona 4A,0.33,No,No,5,0,CENTRO MÉDICO COLSUBSIDIO CALI,121,Bomberos Estacion X1,1150,37.0,"https://www.google.com/maps/@?api=1&map_action=pano&viewpoint=3.47067965109457,-76.5271382238654"
EPE_1580-9979,Parque,Parque para la recreación especializada,Zonal,06,0697,Urbanización Calimio,3.490063,-76.485108,14649,Regular,Alta,Alta,Alta,No,143,Zona 6,0.25,Sí,No,8,0,CENTRO DE SALUD SAN LUIS II,406,Bomberos Estacion X8,3209,28.0,"https://www.google.com/maps/@?api=1&map_action=pano&viewpoint=3.49006310931657,-76.4851076254503"
EPE_1581-9980,Parque,Parque damero,Zonal,06,0695,Fonaviemcali,3.483907,-76.489772,6319,Adecuado,Alta,Alta,Baja,No,822,Zona 6,0.25,Sí,No,0,0,INMEDIATA ASISTENCIA MEDICA S.A.S I.A.M,221,Bomberos Estacion X8,2795,28.0,"https://www.google.com/maps/@?api=1&map_action=pano&viewpoint=3.48390700052351,-76.4897716522697"
EPE_1582-9981,Parque,Parque para la recreación especializada,Zonal,07,0707,Siete de Agosto,3.450506,-76.484774,5486,Adecuado,Alta,Alta,Sin amenaza,No,836,Zona 6,0.25,Sí,No,2,0,PUESTO DE SALUD 7 DE AGOSTO,288,Gestion del Riesgo Punto De Atención,1157,10.0,"https://www.google.com/maps/@?api=1&map_action=pano&viewpoint=3.45050647785924,-76.4847743858774"
EPE_1583-9982,Plazoleta,Plazoleta de enlace,Local,08,0818,Urbanización La Nueva Base,3.446763,-76.490312,949,Insuficiente,Alta,Sin amenaza,Sin amenaza,No,1505,Zona 5,0.28,Sí,No,3,0,EMERGENCIA MEDICA ESPECIALIZADA S.A.S,246,Gestion del Riesgo Punto De Atención,1840,19.0,"https://www.google.com/maps/@?api=1&map_action=pano&viewpoint=3.44676341500623,-76.4903122319874"
EPE_1584-9983,Plazoleta,Plazoleta de enlace,Local,06,0695,Fonaviemcali,3.484444,-76.490339,1123,Medio,Alta,Alta,Baja,No,866,Zona 6,0.25,Sí,No,0,0,INMEDIATA ASISTENCIA MEDICA S.A.S I.A.M,307,Bomberos Estacion X8,2719,28.0,"https://www.google.com/maps/@?api=1&map_action=pano&viewpoint=3.48444384579633,-76.4903385138863"
EPE_1585-9984,Zona verde,No aplica,Local,06,0697,Urbanización Calimio,3.485088,-76.483821,3925,Adecuado,Alta,Alta,Alta,No,152,Zona 6,0.25,Sí,No,6,0,INMEDIATA ASISTENCIA MEDICA S.A.S I.A.M,540,Gestion del Riesgo Punto De Atención,2839,28.0,"https://www.google.com/maps/@?api=1&map_action=pano&viewpoint=3.48508846439486,-76.4838206962064"
EPE_1586-9985,Zona verde,No aplica,Local,06,0601,San Luis,3.478926,-76.48445,2241,Regular,Alta,Alta,Baja,No,489,Zona 6,0.25,Sí,No,1,0,PUESTO DE SALUD PETECUY II,190,Gestion del Riesgo Punto De Atención,2177,28.0,"https://www.google.com/maps/@?api=1&map_action=pano&viewpoint=3.47892551126158,-76.4844496072065"
EPE_1587-9986,Zona verde,No aplica,Local,06,0601,San Luis,3.479989,-76.484792,4268,Medio,Alta,Alta,Media,No,445,Zona 6,0.25,Sí,No,0,0,PUESTO DE SALUD PETECUY II,211,Gestion del Riesgo Punto De Atención,2301,28.0,"https://www.google.com/maps/@?api=1&map_action=pano&viewpoint=3.47998937425141,-76.4847923742035"
EPE_1588-9987,Zona verde,No aplica,Local,06,0601,San Luis,3.481073,-76.485131,2578,Medio,Alta,Alta,Alta,No,417,Zona 6,0.25,Sí,No,0,0,PUESTO DE SALUD PETECUY II,290,Gestion del Riesgo Punto De Atención,2427,28.0,"https://www.google.com/maps/@?api=1&map_action=pano&viewpoint=3.48107342874553,-76.4851313691724"
EPE_1589-9988,Zona verde,No aplica,Local,06,0601,San Luis,3.482037,-76.485434,2834,Medio,Alta,Alta,Alta,No,411,Zona 6,0.25,Sí,No,0,0,INMEDIATA ASISTENCIA MEDICA S.A.S I.A.M,309,Gestion del Riesgo Punto De Atención,2539,28.0,"https://www.google.com/maps/@?api=1&map_action=pano&viewpoint=3.48203726364511,-76.4854340325325"
EPE_159-8567,Zona verde,No aplica,Local,02,0217,Ciudad de Los Alamos,3.484967,-76.506382,203,Insuficiente,Alta,Sin amenaza,Sin amenaza,No,2287,Zona 4B,0.28,No,No,4,0,PUESTO DE SALUD CALIMA,494,Bomberos Estacion X8,1061,37.0,"https://www.google.com/maps/@?api=1&map_action=pano&viewpoint=3.48496680328849,-76.5063822784953"
EPE_1590-9989,Zona verde,No aplica,Local,06,0601,San Luis,3.478225,-76.484227,1373,Regular,Alta,Alta,Media,No,523,Zona 6,0.25,Sí,No,1,0,PUESTO DE SALUD PETECUY II,218,Gestion del Riesgo Punto De Atención,2096,28.0,"https://www.google.com/maps/@?api=1&map_action=pano&viewpoint=3.47822493126019,-76.484227492794"
EPE_1591-9990,Zona verde,No aplica,Zonal,07,0701,Alfonso Lopez P. 1a Etapa,3.466137,-76.482179,7692,Regular,Alta,Alta,Sin amenaza,No,646,Zona 6,0.25,Sí,No,0,0,E.S.E. RED DE SALUD DEL NORTE EMPRESA SOCIAL DEL ESTADO HOSPITAL JOAQUIN PAZ BORRERO,191,Gestion del Riesgo Punto De Atención,738,10.0,"https://www.google.com/maps/@?api=1&map_action=pano&viewpoint=3.46613729002161,-76.4821788525716"
EPE_1592-9991,Zona verde,No aplica,Local,07,0798,Fepicol,3.465088,-76.485385,2718,Regular,Alta,Alta,Sin amenaza,No,902,Zona 6,0.25,Sí,No,1,0,PUESTO DE SALUD LAS CEIBAS,545,Gestion del Riesgo Punto De Atención,826,10.0,"https://www.google.com/maps/@?api=1&map_action=pano&viewpoint=3.46508787457539,-76.485385091123"
EPE_1593-9992,Parque,Parque en serie,Local,07,0710,Las Ceibas,3.454774,-76.489794,3120,Regular,Alta,Sin amenaza,Sin amenaza,No,1391,Zona 5,0.28,Sí,No,1,0,TRAUMAORIENTE DEL VALLE,517,Gestion del Riesgo Punto De Atención,1210,10.0,"https://www.google.com/maps/@?api=1&map_action=pano&viewpoint=3.45477441904744,-76.489793588954"
EPE_1594-9993,Plazoleta,Plazoleta de remate,Local,07,0710,Las Ceibas,3.45282,-76.489667,1821,Medio,Alta,Sin amenaza,Sin amenaza,No,1371,Zona 5,0.28,Sí,No,0,0,TRAUMAORIENTE DEL VALLE,464,Gestion del Riesgo Punto De Atención,1313,10.0,"https://www.google.com/maps/@?api=1&map_action=pano&viewpoint=3.45281969315824,-76.4896667794753"
EPE_1596-9994,Parque,Parque con colindancia,Zonal,06,0697,Urbanización Calimio,3.490311,-76.484616,6400,Regular,Alta,Alta,Alta,No,85,Zona 6,0.25,Sí,No,8,0,CENTRO DE SALUD SAN LUIS II,464,Bomberos Estacion X8,3263,28.0,"https://www.google.com/maps/@?api=1&map_action=pano&viewpoint=3.49031131202324,-76.4846164342265"
EPE_1597-9995,Parque,Parque con colindancia,Local,07,0702,Alfonso Lopez P. 2a Etapa,3.460313,-76.479859,2179,Adecuado,Alta,Alta,Sin amenaza,No,200,Zona 6,0.25,Sí,No,2,0,PUESTO DE SALUD ALFONSO LOPEZ III,499,Gestion del Riesgo Punto De Atención,63,10.0,"https://www.google.com/maps/@?api=1&map_action=pano&viewpoint=3.46031348757713,-76.4798585252243"
EPE_1598-9996,Parque,Parque en serie,Local,07,0707,Siete de Agosto,3.448106,-76.487903,1088,Medio,Alta,Baja,Sin amenaza,No,1214,Zona 6,0.25,Sí,No,1,0,EMERGENCIA MEDICA ESPECIALIZADA S.A.S,135,Gestion del Riesgo Punto De Atención,1562,10.0,"https://www.google.com/maps/@?api=1&map_action=pano&viewpoint=3.44810599485363,-76.4879034968528"
EPE_1599-9997,Parque,Parque en serie,Local,07,0707,Siete de Agosto,3.44816,-76.487119,4282,Adecuado,Alta,Baja,Sin amenaza,No,1127,Zona 6,0.25,Sí,No,1,0,PUESTO DE SALUD 7 DE AGOSTO,92,Gestion del Riesgo Punto De Atención,1511,10.0,"https://www.google.com/maps/@?api=1&map_action=pano&viewpoint=3.44815979612627,-76.4871185472839"
EPE_160-8568,Zona verde,No aplica,Local,02,0217,Ciudad de Los Alamos,3.485871,-76.505576,117,Insuficiente,Media,Sin amenaza,Sin amenaza,No,2153,Zona 4B,0.28,No,No,4,0,PUESTO DE SALUD CALIMA,424,Bomberos Estacion X8,1080,37.0,"https://www.google.com/maps/@?api=1&map_action=pano&viewpoint=3.48587096862135,-76.5055764054048"
EPE_1600-9998,Parque,Parque en serie,Local,07,0707,Siete de Agosto,3.448159,-76.485992,4220,Adecuado,Alta,Alta,Sin amenaza,No,1004,Zona 6,0.25,Sí,No,1,0,PUESTO DE SALUD 7 DE AGOSTO,50,Gestion del Riesgo Punto De Atención,1451,10.0,"https://www.google.com/maps/@?api=1&map_action=pano&viewpoint=3.4481588338497,-76.4859922147638"
EPE_1601-9999,Parque,Parque en serie,Local,06,0604,Los Alcazares Primera Etapa,3.488089,-76.4921,655,Medio,Alta,Alta,Alta,No,945,Zona 6,0.25,Sí,No,2,0,CENTRO DE SALUD SAN LUIS II,408,Bomberos Estacion X8,2450,28.0,"https://www.google.com/maps/@?api=1&map_action=pano&viewpoint=3.48808895151559,-76.4921002534911"
EPE_1602-10000,Parque,Parque en serie,Local,08,0818,Urbanización La Nueva Base,3.44718,-76.492218,2269,Insuficiente,Alta,Sin amenaza,Sin amenaza,No,1704,Zona 5,0.28,Sí,No,5,0,EMERGENCIA MEDICA ESPECIALIZADA S.A.S,458,Gestion del Riesgo Punto De Atención,1943,19.0,"https://www.google.com/maps/@?api=1&map_action=pano&viewpoint=3.44717972023114,-76.4922180170659"
EPE_1603-10001,Parque,Parque con colindancia,Local,06,0607,La Rivera I,3.471322,-76.485354,1251,Adecuado,Media,Alta,Alta,No,935,Zona 6,0.25,Sí,No,5,0,E.S.E. RED DE SALUD DEL NORTE EMPRESA SOCIAL DEL ESTADO HOSPITAL JOAQUIN PAZ BORRERO,750,Gestion del Riesgo Punto De Atención,1403,28.0,"https://www.google.com/maps/@?api=1&map_action=pano&viewpoint=3.47132248430277,-76.4853536885436"
EPE_1604-10002,Parque,Parque con colindancia,Local,06,0607,La Rivera I,3.473057,-76.485697,1136,Regular,Media,Alta,Media,No,860,Zona 6,0.25,Sí,No,5,0,PUESTO DE SALUD PETECUY II,799,Gestion del Riesgo Punto De Atención,1595,28.0,"https://www.google.com/maps/@?api=1&map_action=pano&viewpoint=3.47305653702048,-76.4856974880432"
EPE_1605-10003,Parque,Parque en serie,Local,06,0602,Jorge Eliécer Gaitán,3.468996,-76.483963,2313,Adecuado,Alta,Media,Sin amenaza,No,837,Zona 6,0.25,Sí,No,5,0,E.S.E. RED DE SALUD DEL NORTE EMPRESA SOCIAL DEL ESTADO HOSPITAL JOAQUIN PAZ BORRERO,465,Gestion del Riesgo Punto De Atención,1105,28.0,"https://www.google.com/maps/@?api=1&map_action=pano&viewpoint=3.46899616816557,-76.4839631565763"
EPE_1606-10004,Zona verde,No aplica,Local,06,0602,Jorge Eliécer Gaitán,3.471536,-76.482093,1368,Regular,Alta,Alta,Baja,No,638,Zona 6,0.25,Sí,No,3,0,E.S.E. RED DE SALUD DEL NORTE EMPRESA SOCIAL DEL ESTADO HOSPITAL JOAQUIN PAZ BORRERO,575,Gestion del Riesgo Punto De Atención,1320,28.0,"https://www.google.com/maps/@?api=1&map_action=pano&viewpoint=3.47153626631178,-76.4820932083893"
EPE_1607-10005,Parque,Parque en serie,Local,06,0604,Los Alcazares Primera Etapa,3.488392,-76.491693,685,Regular,Alta,Alta,Alta,No,894,Zona 6,0.25,Sí,No,2,0,CENTRO DE SALUD SAN LUIS II,353,Bomberos Estacion X8,2491,28.0,"https://www.google.com/maps/@?api=1&map_action=pano&viewpoint=3.48839199058241,-76.4916929941271"
EPE_1608-10006,Parque,Parque damero,Local,08,0811,Las Américas,3.447273,-76.506368,1935,Adecuado,Alta,Sin amenaza,Sin amenaza,No,3260,Zona 4B,0.28,No,No,3,0,CUIDADO INTEGRAL EN URGENCIAS MEDICAS SAS,529,Bomberos Estacion X3,570,19.0,"https://www.google.com/maps/@?api=1&map_action=pano&viewpoint=3.44727278373672,-76.506368106581"
EPE_1609-10007,Parque,Parque damero,Local,08,0814,Chapinero,3.445768,-76.503516,918,Optimo,Alta,Sin amenaza,Sin amenaza,No,2967,Zona 4B,0.28,No,No,8,0,CENTRO DE SALUD DIEGO LALINDE,313,Bomberos Estacion X3,906,19.0,"https://www.google.com/maps/@?api=1&map_action=pano&viewpoint=3.44576825894067,-76.5035157117441"
EPE_161-8569,Parque,Parque damero,Local,02,0219,Brisas de Los Alamos,3.492053,-76.504562,1329,Adecuado,Alta,Sin amenaza,Sin amenaza,No,1640,Zona 6,0.25,Sí,No,0,0,PUESTO DE SALUD CALIMA,864,Bomberos Estacion X8,1060,37.0,"https://www.google.com/maps/@?api=1&map_action=pano&viewpoint=3.49205266935164,-76.504562287758"
EPE_1610-10008,Parque,Parque separador,Local,08,0813,Santa Fé,3.440435,-76.508387,1333,Regular,Alta,Sin amenaza,Sin amenaza,No,3626,Zona 4B,0.28,No,No,8,0,E.S.E. RED DE SALUD DEL CENTRO EMPRESA SOCIAL DEL ESTADO HOSPITAL PRIMITIVO IGLESIAS,388,Bomberos Estacion X3,851,19.0,"https://www.google.com/maps/@?api=1&map_action=pano&viewpoint=3.44043549783383,-76.5083869320934"
EPE_1611-10009,Zona verde,No aplica,Zonal,06,0603,Paso del Comercio,3.491203,-76.491332,8835,Adecuado,Alta,Alta,Sin amenaza,No,776,Zona 6,0.25,Sí,No,6,0,CENTRO DE SALUD SAN LUIS II,344,Bomberos Estacion X8,2518,28.0,"https://www.google.com/maps/@?api=1&map_action=pano&viewpoint=3.49120348390493,-76.4913319220201"
EPE_1612-10010,Zona verde,No aplica,Local,06,0601,San Luis,3.483644,-76.485901,1764,Regular,Alta,Alta,Alta,No,414,Zona 6,0.25,Sí,No,2,0,INMEDIATA ASISTENCIA MEDICA S.A.S I.A.M,262,Gestion del Riesgo Punto De Atención,2725,28.0,"https://www.google.com/maps/@?api=1&map_action=pano&viewpoint=3.48364373280718,-76.4859011739483"
EPE_1613-10011,Zona verde,No aplica,Local,06,0601,San Luis,3.482912,-76.485707,1812,Medio,Alta,Alta,Alta,No,414,Zona 6,0.25,Sí,No,2,0,INMEDIATA ASISTENCIA MEDICA S.A.S I.A.M,267,Gestion del Riesgo Punto De Atención,2640,28.0,"https://www.google.com/maps/@?api=1&map_action=pano&viewpoint=3.48291195620452,-76.4857069749561"
EPE_1614-10012,Zona verde,No aplica,Zonal,07,0798,Fepicol,3.463339,-76.488169,14042,Adecuado,Alta,Alta,Sin amenaza,No,1143,Zona 5,0.28,Sí,No,3,0,PUESTO DE SALUD LAS CEIBAS,283,Gestion del Riesgo Punto De Atención,973,10.0,"https://www.google.com/maps/@?api=1&map_action=pano&viewpoint=3.46333921758065,-76.4881689240777"
EPE_1615-10013,Zona verde,No aplica,Local,07,0707,Siete de Agosto,3.443727,-76.487509,3377,Regular,Alta,Alta,Sin amenaza,No,1314,,,Sí,No,6,0,EMERGENCIA MEDICA ESPECIALIZADA S.A.S,360,Gestion del Riesgo Punto De Atención,1968,10.0,"https://www.google.com/maps/@?api=1&map_action=pano&viewpoint=3.44372691477965,-76.4875088022488"
EPE_1616-10014,Parque,Parque en serie,Local,06,0604,Los Alcazares Primera Etapa,3.488278,-76.492892,274,Insuficiente,Alta,Alta,Baja,No,1027,Zona 6,0.25,Sí,No,2,0,CENTRO DE SALUD SAN LUIS II,483,Bomberos Estacion X8,2360,28.0,"https://www.google.com/maps/@?api=1&map_action=pano&viewpoint=3.48827812223365,-76.4928920182413"
EPE_1617-10015,Parque,Parque en serie,Local,06,0604,Los Alcazares Primera Etapa,3.488662,-76.49244,620,Adecuado,Alta,Alta,Alta,No,970,Zona 6,0.25,Sí,No,2,0,CENTRO DE SALUD SAN LUIS II,424,Bomberos Estacion X8,2405,28.0,"https://www.google.com/maps/@?api=1&map_action=pano&viewpoint=3.48866181471449,-76.4924401813046"
EPE_1618-10016,Parque,Parque en serie,Local,06,0604,Los Alcazares Primera Etapa,3.488865,-76.491973,426,Medio,Alta,Alta,Alta,No,915,Zona 6,0.25,Sí,No,2,0,CENTRO DE SALUD SAN LUIS II,368,Bomberos Estacion X8,2455,28.0,"https://www.google.com/maps/@?api=1&map_action=pano&viewpoint=3.48886542706545,-76.4919727016244"
EPE_1619-10017,Parque,Parque en serie,Local,06,0604,Los Alcazares Primera Etapa,3.489228,-76.49144,622,Adecuado,Alta,Alta,Alta,No,851,Zona 6,0.25,Sí,No,2,0,CENTRO DE SALUD SAN LUIS II,303,Bomberos Estacion X8,2511,28.0,"https://www.google.com/maps/@?api=1&map_action=pano&viewpoint=3.48922755085145,-76.491439750482"
EPE_162-8570,Parque,Parque con colindancia,Local,02,0217,Ciudad de Los Alamos,3.483598,-76.507782,142,Insuficiente,Alta,Sin amenaza,Sin amenaza,No,2505,Zona 4B,0.28,No,No,1,0,PUESTO DE SALUD CALIMA,661,Bomberos Estacion X8,1051,37.0,"https://www.google.com/maps/@?api=1&map_action=pano&viewpoint=3.48359763894497,-76.5077819264396"
EPE_1620-10018,Parque,Parque damero,Local,08,0812,Atanasio Girardot,3.443291,-76.503736,994,Adecuado,Alta,Sin amenaza,Sin amenaza,No,3044,Zona 5,0.28,Sí,No,6,0,CUIDADO INTEGRAL EN URGENCIAS MEDICAS SAS,132,Bomberos Estacion X3,977,19.0,"https://www.google.com/maps/@?api=1&map_action=pano&viewpoint=3.44329112133072,-76.5037362290607"
EPE_1621-10019,Parque,Parque en serie,Zonal,06,0698,Sector Puente del Comercio,3.488599,-76.498001,5988,Medio,Baja,Alta,Sin amenaza,No,1380,Zona 6,0.25,Sí,No,5,0,CEDILAB CALIMA,528,Bomberos Estacion X8,1793,28.0,"https://www.google.com/maps/@?api=1&map_action=pano&viewpoint=3.48859943144879,-76.4980007085313"
EPE_1622-10020,Parque,Parque con colindancia,Local,06,0610,Ciudadela Floralia,3.499539,-76.492706,4770,Adecuado,Alta,Alta,Sin amenaza,No,87,Zona 6,0.25,Sí,No,7,1,CENTRO DE SALUD SAN LUIS II,1197,Bomberos Estacion X8,2560,28.0,"https://www.google.com/maps/@?api=1&map_action=pano&viewpoint=3.49953882302034,-76.4927060674547"
EPE_1623-10021,Parque,Parque con colindancia,Local,06,0698,Sector Puente del Comercio,3.490133,-76.49689,465,Insuficiente,Media,Alta,Sin amenaza,No,1170,Zona 6,0.25,Sí,No,2,0,CEDILAB CALIMA,658,Bomberos Estacion X8,1902,28.0,"https://www.google.com/maps/@?api=1&map_action=pano&viewpoint=3.49013253853625,-76.4968895564209"
EPE_1624-10022,Parque,Parque con colindancia,Local,06,0610,Ciudadela Floralia,3.491689,-76.492182,569,Medio,Media,Alta,Sin amenaza,No,774,Zona 6,0.25,Sí,No,6,0,CENTRO DE SALUD SAN LUIS II,452,Bomberos Estacion X8,2425,28.0,"https://www.google.com/maps/@?api=1&map_action=pano&viewpoint=3.49168919965242,-76.4921822270484"
EPE_1625-10023,Parque,Parque para la recreación especializada,Zonal,06,0610,Ciudadela Floralia,3.49194,-76.495546,24110,Medio,Baja,Alta,Sin amenaza,No,921,Zona 6,0.25,Sí,No,2,0,CENTRO DE SALUD SAN LUIS II,803,Bomberos Estacion X8,2054,28.0,"https://www.google.com/maps/@?api=1&map_action=pano&viewpoint=3.49193973577137,-76.4955460904527"
EPE_1626-10024,Parque,Parque en serie,Zonal,06,0699,Portada de Comfandi - Las Encinas,3.486269,-76.492338,7451,Medio,Alta,Alta,Alta,No,1025,Zona 6,0.25,Sí,No,2,0,CEDILAB CALIMA,466,Bomberos Estacion X8,2456,28.0,"https://www.google.com/maps/@?api=1&map_action=pano&viewpoint=3.48626890522219,-76.4923377418398"
EPE_1627-10025,Parque,Parque con colindancia,Local,06,0604,Los Alcazares Primera Etapa,3.487548,-76.492849,169,Regular,Media,Alta,Media,No,1041,Zona 6,0.25,Sí,No,2,0,CEDILAB CALIMA,507,Bomberos Estacion X8,2375,28.0,"https://www.google.com/maps/@?api=1&map_action=pano&viewpoint=3.48754832950707,-76.4928488313804"
EPE_1628-10026,Parque,Parque con colindancia,Local,06,0604,Los Alcazares Primera Etapa,3.485125,-76.490442,697,Adecuado,Alta,Alta,Alta,No,857,Zona 6,0.25,Sí,No,0,0,INMEDIATA ASISTENCIA MEDICA S.A.S I.A.M,365,Bomberos Estacion X8,2689,28.0,"https://www.google.com/maps/@?api=1&map_action=pano&viewpoint=3.48512478087238,-76.4904422306635"
EPE_1629-10027,Zona verde,No aplica,Local,06,0604,Los Alcazares Primera Etapa,3.485783,-76.490858,715,Insuficiente,Alta,Alta,Alta,No,881,Zona 6,0.25,Sí,No,0,0,INMEDIATA ASISTENCIA MEDICA S.A.S I.A.M,450,Bomberos Estacion X8,2628,28.0,"https://www.google.com/maps/@?api=1&map_action=pano&viewpoint=3.48578252377611,-76.4908576760732"
EPE_163-8571,Zona verde,No aplica,Local,02,0212,La Flora,3.483126,-76.522147,1680,Medio,Alta,Sin amenaza,Sin amenaza,No,3827,Zona 4B,0.28,No,No,11,0,RTS - SERVICIOS DE TERAPIA RENAL DEL VALLE,127,Defensa Civil La Flora,1204,37.0,"https://www.google.com/maps/@?api=1&map_action=pano&viewpoint=3.48312625209662,-76.5221470115949"
EPE_1630-10028,Parque,Parque con colindancia,Local,06,0697,Urbanización Calimio,3.489057,-76.484174,385,Insuficiente,Media,Alta,Sin amenaza,No,72,Zona 6,0.25,Sí,No,6,0,CENTRO DE SALUD SAN LUIS II,508,Gestion del Riesgo Punto De Atención,3281,28.0,"https://www.google.com/maps/@?api=1&map_action=pano&viewpoint=3.48905672237596,-76.4841742583648"
EPE_1631-10029,Parque,Parque con colindancia,Local,06,0697,Urbanización Calimio,3.489248,-76.484237,365,Insuficiente,Media,Alta,Sin amenaza,No,73,Zona 6,0.25,Sí,No,6,0,CENTRO DE SALUD SAN LUIS II,499,Gestion del Riesgo Punto De Atención,3303,28.0,"https://www.google.com/maps/@?api=1&map_action=pano&viewpoint=3.48924847707235,-76.4842367877574"
EPE_1632-10030,Parque,Parque damero,Local,06,0607,La Rivera I,3.475751,-76.486004,2422,Medio,Baja,Alta,Sin amenaza,No,790,Zona 6,0.25,Sí,No,0,0,PUESTO DE SALUD PETECUY II,556,Gestion del Riesgo Punto De Atención,1887,28.0,"https://www.google.com/maps/@?api=1&map_action=pano&viewpoint=3.47575128982302,-76.4860041158584"
EPE_1633-10031,Parque,Parque con colindancia,Local,06,0607,La Rivera I,3.47499,-76.486101,634,Insuficiente,Media,Alta,Sin amenaza,No,821,Zona 6,0.25,Sí,No,1,0,PUESTO DE SALUD PETECUY II,630,Gestion del Riesgo Punto De Atención,1811,28.0,"https://www.google.com/maps/@?api=1&map_action=pano&viewpoint=3.47498952268954,-76.486101279209"
EPE_1634-10032,Parque,Parque en serie,Local,06,0602,Jorge Eliécer Gaitán,3.470622,-76.483974,3542,Medio,Alta,Alta,Sin amenaza,No,833,Zona 6,0.25,Sí,No,4,0,E.S.E. RED DE SALUD DEL NORTE EMPRESA SOCIAL DEL ESTADO HOSPITAL JOAQUIN PAZ BORRERO,588,Gestion del Riesgo Punto De Atención,1274,28.0,"https://www.google.com/maps/@?api=1&map_action=pano&viewpoint=3.47062230081595,-76.4839744159515"
EPE_1635-10033,Parque,No aplica,Local,08,0809,Industrial,3.450964,-76.512001,1944,Optimo,Alta,Sin amenaza,Sin amenaza,No,3848,Zona 4B,0.28,No,No,3,0,SERVICIO DE EMERGENCIA Y URGENCIA SEU E.U,249,Bomberos Estacion X3,398,19.0,"https://www.google.com/maps/@?api=1&map_action=pano&viewpoint=3.45096370387226,-76.512001374108"
EPE_1637-10034,Parque,Parque en serie,Zonal,07,0709,San Marino,3.461353,-76.489657,5171,Regular,Media,Media,Sin amenaza,No,1289,Zona 5,0.28,Sí,No,2,0,PUESTO DE SALUD LAS CEIBAS,214,Gestion del Riesgo Punto De Atención,1070,10.0,"https://www.google.com/maps/@?api=1&map_action=pano&viewpoint=3.46135281298088,-76.4896569043199"
EPE_1638-10035,Plazoleta,Plazoleta de recorrido,Zonal,08,0809,Industrial,3.453815,-76.514997,8802,Adecuado,Media,Sin amenaza,Sin amenaza,No,4165,Zona 4B,0.28,No,No,3,0,SERVICIO DE EMERGENCIA Y URGENCIA SEU E.U,277,Bomberos Estacion X3,810,19.0,"https://www.google.com/maps/@?api=1&map_action=pano&viewpoint=3.45381527599606,-76.5149965845969"
EPE_1639-10036,Plazoleta,Plazoleta de recorrido,Local,08,0809,Industrial,3.454303,-76.511412,2311,Adecuado,Media,Sin amenaza,Sin amenaza,No,3764,Zona 4B,0.28,No,No,1,0,SERVICIO DE EMERGENCIA Y URGENCIA SEU E.U,186,Bomberos Estacion X3,765,19.0,"https://www.google.com/maps/@?api=1&map_action=pano&viewpoint=3.45430284979011,-76.5114121688794"
EPE_164-8572,Parque,Parque para la recreación especializada,Zonal,02,0219,Brisas de Los Alamos,3.493167,-76.505112,5351,Medio,Alta,Sin amenaza,Sin amenaza,No,1634,Zona 6,0.25,Sí,No,0,0,PUESTO DE SALUD CALIMA,1002,Bomberos Estacion X8,1025,37.0,"https://www.google.com/maps/@?api=1&map_action=pano&viewpoint=3.49316683163829,-76.5051115998631"
EPE_1640-10037,Plazoleta,Plazoleta de recorrido,Local,08,0809,Industrial,3.454102,-76.50978,686,Adecuado,Media,Sin amenaza,Sin amenaza,No,3589,Zona 4B,0.28,No,No,1,0,RED DE URGENCIAS DE LA COSTA PACIFICA S.A.S,61,Bomberos Estacion X3,767,19.0,"https://www.google.com/maps/@?api=1&map_action=pano&viewpoint=3.45410153062381,-76.5097796456675"
EPE_1641-10038,Plazoleta,Plazoleta de recorrido,Local,07,0797,Parque de la Caña,3.453943,-76.509036,753,Adecuado,Media,Sin amenaza,Sin amenaza,No,3512,Zona 4B,0.28,No,No,1,0,RED DE URGENCIAS DE LA COSTA PACIFICA S.A.S,40,Bomberos Estacion X3,775,10.0,"https://www.google.com/maps/@?api=1&map_action=pano&viewpoint=3.45394329278662,-76.5090357210713"
EPE_1642-10039,Plazoleta,Plazoleta de recorrido,Local,07,0797,Parque de la Caña,3.453842,-76.508048,1431,Adecuado,Media,Sin amenaza,Sin amenaza,No,3406,Zona 4B,0.28,No,No,1,0,RED DE URGENCIAS DE LA COSTA PACIFICA S.A.S,144,Bomberos Estacion X3,810,10.0,"https://www.google.com/maps/@?api=1&map_action=pano&viewpoint=3.45384179939012,-76.5080481497565"
EPE_1643-10040,Plazoleta,Plazoleta de recorrido,Zonal,07,0711,Base Aérea,3.452925,-76.498175,20978,Adecuado,Media,Sin amenaza,Sin amenaza,No,2315,Zona 4B,0.28,No,No,0,0,SERVICIOS INTEGRADOS DE SALUD SAS,163,Bomberos Estacion X3,1601,10.0,"https://www.google.com/maps/@?api=1&map_action=pano&viewpoint=3.45292529508109,-76.4981747099025"
EPE_1644-10041,Plazoleta,Plazoleta de recorrido,Local,08,0815,Villa Colombia,3.452679,-76.498021,866,Insuficiente,Media,Sin amenaza,Sin amenaza,No,2297,Zona 4B,0.28,No,No,0,0,SERVICIOS INTEGRADOS DE SALUD SAS,140,Bomberos Estacion X3,1607,19.0,"https://www.google.com/maps/@?api=1&map_action=pano&viewpoint=3.45267867163387,-76.4980207401147"
EPE_1645-10042,Parque,Parque con colindancia,Zonal,08,0817,La Base,3.448971,-76.495326,15302,Adecuado,Alta,Sin amenaza,Sin amenaza,No,2020,Zona 5,0.28,Sí,No,6,0,cuidado de vida sas,386,Bomberos Estacion X3,1804,19.0,"https://www.google.com/maps/@?api=1&map_action=pano&viewpoint=3.44897085945464,-76.4953257299018"
EPE_1646-10043,Parque,Parque con colindancia,Local,08,0809,Industrial,3.451404,-76.516657,312,Insuficiente,Media,Sin amenaza,Sin amenaza,No,4364,Zona 4B,0.28,No,No,3,0,Ambulancias Traumamedic S.A.S,388,Bomberos Estacion X3,723,19.0,"https://www.google.com/maps/@?api=1&map_action=pano&viewpoint=3.45140404470348,-76.5166567784187"
EPE_1647-10044,Parque,Parque damero,Local,08,0806,La Floresta,3.444506,-76.512447,2993,Medio,Baja,Sin amenaza,Sin amenaza,No,3968,Zona 4B,0.28,No,No,6,0,PARAMEDICOS CALI E.U.,187,Bomberos Estacion X3,341,19.0,"https://www.google.com/maps/@?api=1&map_action=pano&viewpoint=3.44450633019868,-76.5124470514859"
EPE_1648-10045,Parque,Parque damero,Local,08,0808,Municipal,3.447484,-76.512159,1913,Medio,Baja,Sin amenaza,Sin amenaza,No,3894,Zona 4B,0.28,No,No,3,0,GRUPO SERVICIO INTEGRAL MEDICO S.A.S GRUPO SIM S.A.S,160,Bomberos Estacion X3,73,19.0,"https://www.google.com/maps/@?api=1&map_action=pano&viewpoint=3.44748373368535,-76.512159099756"
EPE_1649-10046,Parque,Parque damero,Local,08,0806,La Floresta,3.441857,-76.510917,1459,Medio,Baja,Sin amenaza,Sin amenaza,No,3857,Zona 4B,0.28,No,No,9,0,E.S.E. RED DE SALUD DEL CENTRO EMPRESA SOCIAL DEL ESTADO HOSPITAL PRIMITIVO IGLESIAS,176,Bomberos Estacion X3,622,19.0,"https://www.google.com/maps/@?api=1&map_action=pano&viewpoint=3.44185704439314,-76.5109171501166"
EPE_165-8573,Parque,Parque irregular,Local,01,0199,Aguacatal,3.455988,-76.558354,1273,Insuficiente,Alta,Sin amenaza,Sin amenaza,No,8831,Zona 2,0.35,No,No,9,0,LASKIN TIENDA DERMATOLOGICA OESTE,1112,Bomberos Estacion X6,606,29.0,"https://www.google.com/maps/@?api=1&map_action=pano&viewpoint=3.45598771713707,-76.5583539099377"
EPE_1650-10047,Parque,Parque para la recreación especializada,Local,08,0815,Villa Colombia,3.450986,-76.500554,2993,Adecuado,Baja,Sin amenaza,Sin amenaza,No,2578,Zona 4B,0.28,No,No,3,0,ANGIOGRAFIA DE OCCIDENTE S.A. IPS NORORIENTE,180,Bomberos Estacion X3,1279,19.0,"https://www.google.com/maps/@?api=1&map_action=pano&viewpoint=3.45098586338788,-76.5005535647938"
EPE_1651-10048,Parque,Parque con colindancia,Zonal,08,0811,Las Américas,3.446668,-76.507608,6578,Adecuado,Alta,Sin amenaza,Sin amenaza,No,3404,Zona 4B,0.28,No,No,4,0,GRUPO SERVICIO INTEGRAL MEDICO S.A.S GRUPO SIM S.A.S,431,Bomberos Estacion X3,441,19.0,"https://www.google.com/maps/@?api=1&map_action=pano&viewpoint=3.44666750544594,-76.5076084770329"
EPE_1652-10049,Parque,Parque con colindancia,Local,07,0709,San Marino,3.460773,-76.487974,1733,Adecuado,Baja,Sin amenaza,Sin amenaza,No,1100,Zona 5,0.28,Sí,No,3,0,PUESTO DE SALUD LAS CEIBAS,20,Gestion del Riesgo Punto De Atención,876,10.0,"https://www.google.com/maps/@?api=1&map_action=pano&viewpoint=3.46077274606521,-76.4879737825887"
EPE_1653-10050,Zona verde,No aplica,Local,07,0709,San Marino,3.460364,-76.488991,1021,Regular,Media,Sin amenaza,Sin amenaza,No,1213,Zona 5,0.28,Sí,No,3,0,PUESTO DE SALUD LAS CEIBAS,142,Gestion del Riesgo Punto De Atención,984,10.0,"https://www.google.com/maps/@?api=1&map_action=pano&viewpoint=3.46036359106192,-76.4889911354427"
EPE_1654-10051,Parque,Parque damero,Local,07,0708,Los Pinos,3.458466,-76.485245,745,Insuficiente,Baja,Alta,Sin amenaza,No,824,Zona 5,0.28,Sí,No,3,0,PUESTO DE SALUD LAS CEIBAS,386,Gestion del Riesgo Punto De Atención,587,10.0,"https://www.google.com/maps/@?api=1&map_action=pano&viewpoint=3.45846596336471,-76.4852452937702"
EPE_1655-10052,Parque,Parque con colindancia,Local,07,0701,Alfonso Lopez P. 1a Etapa,3.465578,-76.479994,1021,Malo,Media,Alta,Media,No,422,Zona 6,0.25,Sí,No,0,0,E.S.E. RED DE SALUD DEL NORTE EMPRESA SOCIAL DEL ESTADO HOSPITAL JOAQUIN PAZ BORRERO,129,Gestion del Riesgo Punto De Atención,640,10.0,"https://www.google.com/maps/@?api=1&map_action=pano&viewpoint=3.46557750742053,-76.4799942859064"
EPE_1656-10053,Plazoleta,Plazoleta de enlace,Local,08,0818,Urbanización La Nueva Base,3.451976,-76.487132,2226,Medio,Media,Media,Sin amenaza,No,1087,Zona 6,0.25,Sí,No,2,0,PUESTO DE SALUD 7 DE AGOSTO,402,Gestion del Riesgo Punto De Atención,1168,19.0,"https://www.google.com/maps/@?api=1&map_action=pano&viewpoint=3.45197598183672,-76.4871319348217"
EPE_1657-10054,Plazoleta,Plazoleta de enlace,Zonal,07,0710,Las Ceibas,3.452829,-76.486772,9257,Medio,Media,Sin amenaza,Sin amenaza,No,1051,Zona 6,0.25,Sí,No,2,0,PUESTO DE SALUD 7 DE AGOSTO,490,Gestion del Riesgo Punto De Atención,1071,10.0,"https://www.google.com/maps/@?api=1&map_action=pano&viewpoint=3.45282875057512,-76.4867724473207"
EPE_1658-10055,Parque,Parque damero,Local,07,0705,Puerto Mallarino,3.448942,-76.479278,2979,Medio,Alta,Alta,Sin amenaza,No,260,Zona 6,0.25,Sí,No,6,0,CENTRO DE SALUD PUERTO MALLARINO,83,Gestion del Riesgo Punto De Atención,1214,10.0,"https://www.google.com/maps/@?api=1&map_action=pano&viewpoint=3.44894152679892,-76.4792777840506"
EPE_1659-10056,Parque,Parque damero,Zonal,07,0703,Alfonso Lopez P. 3a Etapa,3.45288,-76.477959,5292,Medio,Baja,Alta,Sin amenaza,No,80,Zona 6,0.25,Sí,No,12,0,PUESTO DE SALUD ALFONSO LOPEZ III,492,Gestion del Riesgo Punto De Atención,809,10.0,"https://www.google.com/maps/@?api=1&map_action=pano&viewpoint=3.45288019653561,-76.4779586085787"
EPE_166-8574,Parque,Parque irregular,Zonal,01,0101,Terron Colorado,3.454449,-76.558071,6837,Adecuado,Alta,Sin amenaza,Sin amenaza,No,8901,Zona 2,0.35,No,No,11,0,LASKIN TIENDA DERMATOLOGICA OESTE,1024,Bomberos Estacion X6,738,29.0,"https://www.google.com/maps/@?api=1&map_action=pano&viewpoint=3.45444863312894,-76.5580709981196"
EPE_1660-10057,Parque,Parque con colindancia,Zonal,07,0704,Puerto Nuevo,3.453671,-76.476874,6598,Regular,Baja,No mitigable,Sin amenaza,Sí,29,Zona 6,0.25,Sí,No,12,0,PUESTO DE SALUD ALFONSO LOPEZ III,536,Gestion del Riesgo Punto De Atención,774,10.0,"https://www.google.com/maps/@?api=1&map_action=pano&viewpoint=3.4536712498569,-76.4768742499444"
EPE_1661-10058,Zona verde,No aplica,Local,07,0703,Alfonso Lopez P. 3a Etapa,3.450357,-76.478531,87,Malo,Media,Baja,Sin amenaza,No,153,Zona 6,0.25,Sí,No,8,0,CENTRO DE SALUD PUERTO MALLARINO,257,Gestion del Riesgo Punto De Atención,1068,10.0,"https://www.google.com/maps/@?api=1&map_action=pano&viewpoint=3.45035739844467,-76.4785309063508"
EPE_1662-10059,Parque,Parque en serie,Local,07,0703,Alfonso Lopez P. 3a Etapa,3.450559,-76.477446,957,Malo,Media,Alta,Sin amenaza,No,35,Zona 6,0.25,Sí,No,10,0,CENTRO DE SALUD PUERTO MALLARINO,354,Gestion del Riesgo Punto De Atención,1073,10.0,"https://www.google.com/maps/@?api=1&map_action=pano&viewpoint=3.45055929830082,-76.4774460334325"
EPE_1663-10060,Parque,Parque en serie,Local,07,0703,Alfonso Lopez P. 3a Etapa,3.450442,-76.477804,468,Malo,Media,Alta,Sin amenaza,No,73,Zona 6,0.25,Sí,No,10,0,CENTRO DE SALUD PUERTO MALLARINO,316,Gestion del Riesgo Punto De Atención,1075,10.0,"https://www.google.com/maps/@?api=1&map_action=pano&viewpoint=3.450442286839,-76.4778038803453"
EPE_1664-10061,Parque,Parque en serie,Local,06,0604,Los Alcazares Primera Etapa,3.489379,-76.492178,2419,Regular,Media,Alta,Alta,No,930,Zona 6,0.25,Sí,No,2,0,CENTRO DE SALUD SAN LUIS II,384,Bomberos Estacion X8,2428,28.0,"https://www.google.com/maps/@?api=1&map_action=pano&viewpoint=3.48937918635261,-76.4921784941655"
EPE_1665-10062,Zona verde,No aplica,Local,08,0801,Primitivo Crespo,3.43667,-76.519003,1481,Regular,Media,Sin amenaza,Sin amenaza,No,4875,Zona 4B,0.28,No,No,6,0,AMBULANCIAS J1,215,Bomberos Estacion X3,1457,19.0,"https://www.google.com/maps/@?api=1&map_action=pano&viewpoint=3.43667013506519,-76.5190032443322"
EPE_1666-10063,Parque,Parque en serie,Local,08,0803,Saavedra Galindo,3.439569,-76.513111,548,Medio,Baja,Sin amenaza,Sin amenaza,No,4156,Zona 4B,0.28,No,No,6,0,E.S.E. RED DE SALUD DEL CENTRO EMPRESA SOCIAL DEL ESTADO HOSPITAL PRIMITIVO IGLESIAS,519,Bomberos Estacion X3,891,19.0,"https://www.google.com/maps/@?api=1&map_action=pano&viewpoint=3.43956855226072,-76.5131110991298"
EPE_1667-10064,Parque,Parque en serie,Zonal,06,0602,Jorge Eliécer Gaitán,3.467055,-76.480597,5768,Regular,Alta,Alta,Sin amenaza,No,534,Zona 6,0.25,Sí,No,0,0,E.S.E. RED DE SALUD DEL NORTE EMPRESA SOCIAL DEL ESTADO HOSPITAL JOAQUIN PAZ BORRERO,51,Gestion del Riesgo Punto De Atención,806,28.0,"https://www.google.com/maps/@?api=1&map_action=pano&viewpoint=3.46705518863046,-76.4805974496695"
EPE_1668-10065,Parque,Parque con colindancia,Local,06,0610,Ciudadela Floralia,3.491277,-76.494179,3220,Adecuado,Alta,Alta,Sin amenaza,No,915,Zona 6,0.25,Sí,No,2,0,CENTRO DE SALUD SAN LUIS II,636,Bomberos Estacion X8,2202,28.0,"https://www.google.com/maps/@?api=1&map_action=pano&viewpoint=3.49127747375382,-76.4941790940691"
EPE_1669-10066,Parque,Parque con colindancia,Local,06,0696,San Luis II,3.490355,-76.488698,2989,Adecuado,Alta,Alta,Media,No,538,Zona 6,0.25,Sí,No,5,0,CENTRO DE SALUD SAN LUIS II,91,Bomberos Estacion X8,2810,28.0,"https://www.google.com/maps/@?api=1&map_action=pano&viewpoint=3.49035533294337,-76.4886977641923"
EPE_167-8575,Parque,Parque irregular,Local,01,0101,Terron Colorado,3.455336,-76.556911,4507,Medio,Alta,Sin amenaza,Sin amenaza,No,8739,Zona 2,0.35,No,No,10,0,LASKIN TIENDA DERMATOLOGICA OESTE,936,Bomberos Estacion X6,597,29.0,"https://www.google.com/maps/@?api=1&map_action=pano&viewpoint=3.45533612351264,-76.5569112994876"
EPE_1670-10067,Parque,Parque para la recreación especializada,Zonal,07,0706,Urbanización El Angel del Hogar,3.447851,-76.481005,18344,Adecuado,Alta,Media,Sin amenaza,No,484,Zona 6,0.25,Sí,No,1,0,CENTRO DE SALUD PUERTO MALLARINO,146,Gestion del Riesgo Punto De Atención,1335,10.0,"https://www.google.com/maps/@?api=1&map_action=pano&viewpoint=3.44785063212635,-76.4810048048995"
EPE_1671-10068,Parque,Parque para la recreación especializada,Zonal,07,0703,Alfonso Lopez P. 3a Etapa,3.451319,-76.4784,8808,Adecuado,Alta,Media,Sin amenaza,No,123,Zona 6,0.25,Sí,No,10,0,CENTRO DE SALUD PUERTO MALLARINO,357,Gestion del Riesgo Punto De Atención,965,10.0,"https://www.google.com/maps/@?api=1&map_action=pano&viewpoint=3.45131919360814,-76.4783995038917"
EPE_1672-10069,Parque,Parque con colindancia,Local,07,0701,Alfonso Lopez P. 1a Etapa,3.464309,-76.477713,1480,Regular,Alta,Alta,Baja,No,144,Zona 6,0.25,Sí,No,0,0,E.S.E. RED DE SALUD DEL NORTE EMPRESA SOCIAL DEL ESTADO HOSPITAL JOAQUIN PAZ BORRERO,403,Gestion del Riesgo Punto De Atención,567,10.0,"https://www.google.com/maps/@?api=1&map_action=pano&viewpoint=3.4643090175272,-76.4777129478032"
EPE_1673-10070,Parque,Parque en serie,Local,06,0602,Jorge Eliécer Gaitán,3.470293,-76.485049,2820,Regular,Alta,Alta,Sin amenaza,No,950,Zona 6,0.25,Sí,No,6,0,E.S.E. RED DE SALUD DEL NORTE EMPRESA SOCIAL DEL ESTADO HOSPITAL JOAQUIN PAZ BORRERO,648,Gestion del Riesgo Punto De Atención,1285,28.0,"https://www.google.com/maps/@?api=1&map_action=pano&viewpoint=3.47029311193869,-76.4850492287531"
EPE_1674-10071,Plazoleta,Plazoleta de enlace,Local,06,0607,La Rivera I,3.473326,-76.4863,330,Malo,Alta,Alta,Sin amenaza,No,907,Zona 6,0.25,Sí,No,2,0,PUESTO DE SALUD PETECUY II,801,Gestion del Riesgo Punto De Atención,1650,28.0,"https://www.google.com/maps/@?api=1&map_action=pano&viewpoint=3.47332560592929,-76.4863002736094"
EPE_1675-10072,Parque,Parque de borde,Zonal,06,0608,Los Guaduales,3.492508,-76.500233,18962,Adecuado,Alta,No mitigable,Sin amenaza,No,1219,Zona 6,0.25,Sí,No,0,0,PUESTO DE SALUD CALIMA,885,Bomberos Estacion X8,1542,28.0,"https://www.google.com/maps/@?api=1&map_action=pano&viewpoint=3.49250763970229,-76.5002331010327"
EPE_1676-10073,Parque,Parque para la recreación especializada,Local,06,0696,San Luis II,3.489632,-76.488109,2836,Medio,Alta,Alta,Alta,No,479,Zona 6,0.25,Sí,No,7,0,CENTRO DE SALUD SAN LUIS II,69,Bomberos Estacion X8,2878,28.0,"https://www.google.com/maps/@?api=1&map_action=pano&viewpoint=3.48963210353928,-76.4881087622202"
EPE_1677-10074,Parque,Parque con colindancia,Local,07,0703,Alfonso Lopez P. 3a Etapa,3.451949,-76.478522,4570,Insuficiente,Alta,Alta,Sin amenaza,No,131,Zona 6,0.25,Sí,No,10,0,CENTRO DE SALUD PUERTO MALLARINO,416,Gestion del Riesgo Punto De Atención,894,10.0,"https://www.google.com/maps/@?api=1&map_action=pano&viewpoint=3.45194906779693,-76.478522358414"
EPE_1678-10075,Parque,Parque con colindancia,Zonal,06,0698,Sector Puente del Comercio,3.488555,-76.495492,9136,Adecuado,Alta,Alta,Sin amenaza,No,1251,Zona 6,0.25,Sí,No,2,0,CEDILAB CALIMA,479,Bomberos Estacion X8,2070,28.0,"https://www.google.com/maps/@?api=1&map_action=pano&viewpoint=3.48855491210269,-76.4954917275503"
EPE_1679-10076,Parque,Parque con colindancia,Zonal,06,0610,Ciudadela Floralia,3.498182,-76.494506,11135,Adecuado,Alta,Alta,Sin amenaza,No,332,Zona 6,0.25,Sí,No,12,0,CENTRO DE SALUD SAN LUIS II,1156,Bomberos Estacion X8,2319,28.0,"https://www.google.com/maps/@?api=1&map_action=pano&viewpoint=3.49818230905422,-76.4945058135797"
EPE_168-8576,Zona verde,No aplica,Local,02,0219,Brisas de Los Alamos,3.491053,-76.505589,3033,Malo,Alta,Sin amenaza,Sin amenaza,No,1796,Zona 6,0.25,Sí,No,0,0,PUESTO DE SALUD CALIMA,811,Bomberos Estacion X8,936,37.0,"https://www.google.com/maps/@?api=1&map_action=pano&viewpoint=3.49105331506273,-76.5055891970904"
EPE_1680-10077,Parque,Parque en serie,Local,06,0610,Ciudadela Floralia,3.496255,-76.487367,791,Medio,Alta,Alta,Sin amenaza,No,76,Zona 6,0.25,Sí,No,11,0,CENTRO DE SALUD SAN LUIS II,762,Bomberos Estacion X8,3021,28.0,"https://www.google.com/maps/@?api=1&map_action=pano&viewpoint=3.4962553536047,-76.4873671230953"
EPE_1681-10078,Parque,Parque en serie,Local,06,0610,Ciudadela Floralia,3.495944,-76.487823,371,Regular,Alta,Alta,Sin amenaza,No,129,Zona 6,0.25,Sí,No,11,0,CENTRO DE SALUD SAN LUIS II,719,Bomberos Estacion X8,2965,28.0,"https://www.google.com/maps/@?api=1&map_action=pano&viewpoint=3.49594370827789,-76.4878227947585"
EPE_1682-10079,Parque,Parque en serie,Local,06,0610,Ciudadela Floralia,3.49578,-76.488291,1166,Medio,Alta,Alta,Sin amenaza,No,169,Zona 6,0.25,Sí,No,11,0,CENTRO DE SALUD SAN LUIS II,696,Bomberos Estacion X8,2910,28.0,"https://www.google.com/maps/@?api=1&map_action=pano&viewpoint=3.49578029531143,-76.4882905125456"
EPE_1683-10080,Parque,Parque en serie,Zonal,06,0610,Ciudadela Floralia,3.495436,-76.489282,5131,Medio,Alta,Alta,Sin amenaza,No,255,Zona 6,0.25,Sí,No,7,0,CENTRO DE SALUD SAN LUIS II,659,Bomberos Estacion X8,2795,28.0,"https://www.google.com/maps/@?api=1&map_action=pano&viewpoint=3.49543645036377,-76.4892823224401"
EPE_1684-10081,Parque,Parque en serie,Local,06,0603,Paso del Comercio,3.496177,-76.487074,567,Regular,Alta,Alta,Sin amenaza,No,69,Zona 6,0.25,Sí,No,11,0,CENTRO DE SALUD SAN LUIS II,761,Bomberos Estacion X8,3051,28.0,"https://www.google.com/maps/@?api=1&map_action=pano&viewpoint=3.49617700252385,-76.4870739827357"
EPE_1685-10082,Parque,Parque para la recreación especializada,Zonal,07,0710,Las Ceibas,3.453978,-76.487773,10365,Regular,Alta,Sin amenaza,Sin amenaza,No,1175,Zona 5,0.28,Sí,No,1,0,PUESTO DE SALUD 7 DE AGOSTO,635,Gestion del Riesgo Punto De Atención,1068,10.0,"https://www.google.com/maps/@?api=1&map_action=pano&viewpoint=3.45397808286838,-76.4877734705003"
EPE_1686-10083,Parque,Parque con colindancia,Zonal,06,0610,Ciudadela Floralia,3.495259,-76.496194,11771,Adecuado,Alta,Alta,Sin amenaza,No,679,Zona 6,0.25,Sí,No,11,0,CENTRO DE SALUD SAN LUIS II,1045,Bomberos Estacion X8,2041,28.0,"https://www.google.com/maps/@?api=1&map_action=pano&viewpoint=3.49525940506599,-76.4961943264176"
EPE_1687-10084,Parque,Parque para la recreación especializada,Zonal,06,0605,Petecuy Primera Etapa,3.472781,-76.478827,5996,Adecuado,Alta,Alta,Alta,No,282,Zona 6,0.25,Sí,No,3,0,E.S.E. RED DE SALUD DEL NORTE EMPRESA SOCIAL DEL ESTADO HOSPITAL JOAQUIN PAZ BORRERO,712,Gestion del Riesgo Punto De Atención,1448,28.0,"https://www.google.com/maps/@?api=1&map_action=pano&viewpoint=3.47278076212653,-76.4788267639465"
EPE_1688-10085,Parque,Parque en serie,Local,06,0604,Los Alcazares Primera Etapa,3.486929,-76.491821,584,Adecuado,Alta,Alta,Alta,No,951,Zona 6,0.25,Sí,No,2,0,CENTRO DE SALUD SAN LUIS II,450,Bomberos Estacion X8,2499,28.0,"https://www.google.com/maps/@?api=1&map_action=pano&viewpoint=3.48692882268996,-76.4918214711811"
EPE_1689-10086,Parque,Parque en serie,Local,06,0604,Los Alcazares Primera Etapa,3.487445,-76.492091,2957,Adecuado,Alta,Alta,Alta,No,963,Zona 6,0.25,Sí,No,2,0,CENTRO DE SALUD SAN LUIS II,440,Bomberos Estacion X8,2460,28.0,"https://www.google.com/maps/@?api=1&map_action=pano&viewpoint=3.48744482185629,-76.4920910105657"
EPE_169-8577,Parque,Parque en serie,Local,02,0219,Brisas de Los Alamos,3.490214,-76.506372,3082,Optimo,Alta,Sin amenaza,Sin amenaza,No,1919,Zona 6,0.25,Sí,No,0,0,PUESTO DE SALUD CALIMA,784,Bomberos Estacion X8,850,37.0,"https://www.google.com/maps/@?api=1&map_action=pano&viewpoint=3.49021437739031,-76.5063720267145"
EPE_1690-10087,Parque,Parque en serie,Local,06,0604,Los Alcazares Primera Etapa,3.487812,-76.492617,566,Regular,Alta,Alta,Media,No,1008,Zona 6,0.25,Sí,No,2,0,CENTRO DE SALUD SAN LUIS II,473,Bomberos Estacion X8,2397,28.0,"https://www.google.com/maps/@?api=1&map_action=pano&viewpoint=3.48781228047723,-76.4926172983407"
EPE_1691-10088,Parque,Parque en serie,Local,06,0698,Sector Puente del Comercio,3.488172,-76.498692,2844,Regular,Baja,Sin amenaza,Sin amenaza,No,1462,Zona 6,0.25,Sí,No,5,0,CEDILAB CALIMA,524,Bomberos Estacion X8,1724,28.0,"https://www.google.com/maps/@?api=1&map_action=pano&viewpoint=3.48817219863758,-76.4986924346663"
EPE_1692-10089,Parque,Parque en serie,Local,06,0698,Sector Puente del Comercio,3.487598,-76.498983,1845,Regular,Baja,Sin amenaza,Sin amenaza,No,1533,Zona 6,0.25,Sí,No,6,0,PUESTO DE SALUD CALIMA,457,Bomberos Estacion X8,1704,28.0,"https://www.google.com/maps/@?api=1&map_action=pano&viewpoint=3.48759786573593,-76.4989832339051"
EPE_1693-10090,Parque,Parque con colindancia,Zonal,06,0610,Ciudadela Floralia,3.493634,-76.493185,12527,Adecuado,Alta,Alta,Sin amenaza,No,632,Zona 6,0.25,Sí,No,5,0,CENTRO DE SALUD SAN LUIS II,673,Bomberos Estacion X8,2334,28.0,"https://www.google.com/maps/@?api=1&map_action=pano&viewpoint=3.49363365331449,-76.4931854149275"
EPE_1694-10091,Parque,Parque en serie,Local,06,0697,Urbanización Calimio,3.492151,-76.484869,1035,Regular,Alta,Alta,Sin amenaza,No,105,Zona 6,0.25,Sí,No,8,0,CENTRO DE SALUD SAN LUIS II,517,Bomberos Estacion X8,3239,28.0,"https://www.google.com/maps/@?api=1&map_action=pano&viewpoint=3.49215109697034,-76.4848687347978"
EPE_1695-10092,Parque,Parque en serie,Zonal,06,0696,San Luis II,3.491724,-76.485952,6690,Malo,Alta,Alta,Sin amenaza,No,230,Zona 6,0.25,Sí,No,9,0,CENTRO DE SALUD SAN LUIS II,392,Bomberos Estacion X8,3117,28.0,"https://www.google.com/maps/@?api=1&map_action=pano&viewpoint=3.49172428945747,-76.4859518308825"
EPE_1696-10093,Parque,Parque en serie,Zonal,06,0696,San Luis II,3.491478,-76.487508,6591,Medio,Media,Alta,Sin amenaza,No,402,Zona 6,0.25,Sí,No,5,0,CENTRO DE SALUD SAN LUIS II,255,Bomberos Estacion X8,2943,28.0,"https://www.google.com/maps/@?api=1&map_action=pano&viewpoint=3.49147794226076,-76.4875079963229"
EPE_1697-10094,Parque,Parque en serie,Local,06,0696,San Luis II,3.491246,-76.486122,485,Insuficiente,Media,Alta,Media,No,250,Zona 6,0.25,Sí,No,9,0,CENTRO DE SALUD SAN LUIS II,346,Bomberos Estacion X8,3096,28.0,"https://www.google.com/maps/@?api=1&map_action=pano&viewpoint=3.49124617672357,-76.4861216347477"
EPE_1698-10095,Parque,Parque en serie,Local,06,0696,San Luis II,3.49109,-76.486988,1436,Regular,Media,Alta,Media,No,348,Zona 6,0.25,Sí,No,5,0,CENTRO DE SALUD SAN LUIS II,259,Bomberos Estacion X8,3000,28.0,"https://www.google.com/maps/@?api=1&map_action=pano&viewpoint=3.49108974967836,-76.4869879107427"
EPE_1699-10096,Parque,Parque en serie,Local,06,0696,San Luis II,3.490966,-76.486024,426,Insuficiente,Media,Alta,Alta,No,242,Zona 6,0.25,Sí,No,4,0,CENTRO DE SALUD SAN LUIS II,339,Bomberos Estacion X8,3107,28.0,"https://www.google.com/maps/@?api=1&map_action=pano&viewpoint=3.49096637796764,-76.4860235820293"
EPE_17-8427,Plazoleta,Plazoleta de enlace,Local,02,0210,Santa Mónica,3.469027,-76.530877,245,Insuficiente,Media,Sin amenaza,Sin amenaza,No,5506,Zona 4A,0.33,No,No,14,0,ORTHOPEDIC JOIN S.A.S.,43,Bomberos Estacion X1,1042,37.0,"https://www.google.com/maps/@?api=1&map_action=pano&viewpoint=3.4690267480637,-76.5308767279192"
EPE_170-8578,Zona verde,No aplica,Local,02,0219,Brisas de Los Alamos,3.494888,-76.500805,105,Insuficiente,Alta,Sin amenaza,Sin amenaza,No,1121,Zona 6,0.25,Sí,No,1,0,PUESTO DE SALUD CALIMA,1136,Bomberos Estacion X8,1538,37.0,"https://www.google.com/maps/@?api=1&map_action=pano&viewpoint=3.49488751308955,-76.5008054167007"
EPE_1700-10097,Plazoleta,Plazoleta de recorrido,Local,08,0809,Industrial,3.45418,-76.510311,1185,Adecuado,Media,Sin amenaza,Sin amenaza,No,3646,Zona 4B,0.28,No,No,1,0,RED DE URGENCIAS DE LA COSTA PACIFICA S.A.S,117,Bomberos Estacion X3,763,19.0,"https://www.google.com/maps/@?api=1&map_action=pano&viewpoint=3.45417969616314,-76.5103110107551"
EPE_1701-10098,Plazoleta,Plazoleta de recorrido,Zonal,07,0797,Parque de la Caña,3.453669,-76.506565,6298,Adecuado,Media,Sin amenaza,Sin amenaza,No,3246,Zona 4B,0.28,No,No,1,0,RED DE URGENCIAS DE LA COSTA PACIFICA S.A.S,309,Bomberos Estacion X3,885,10.0,"https://www.google.com/maps/@?api=1&map_action=pano&viewpoint=3.4536685207091,-76.50656479351"
EPE_1702-10099,Zona verde,No aplica,Local,07,0709,San Marino,3.460078,-76.489472,62,Insuficiente,Media,Sin amenaza,Sin amenaza,No,1268,Zona 5,0.28,Sí,No,3,0,PUESTO DE SALUD LAS CEIBAS,203,Gestion del Riesgo Punto De Atención,1036,10.0,"https://www.google.com/maps/@?api=1&map_action=pano&viewpoint=3.46007805053339,-76.489472490894"
EPE_1703-10100,Zona verde,No aplica,Local,07,0709,San Marino,3.459978,-76.489438,116,Insuficiente,Media,Sin amenaza,Sin amenaza,No,1264,Zona 5,0.28,Sí,No,3,0,PUESTO DE SALUD LAS CEIBAS,205,Gestion del Riesgo Punto De Atención,1032,10.0,"https://www.google.com/maps/@?api=1&map_action=pano&viewpoint=3.4599782861989,-76.4894376733462"
EPE_1704-10101,Zona verde,No aplica,Local,07,0709,San Marino,3.459853,-76.489868,633,Regular,Media,Sin amenaza,Sin amenaza,No,1313,Zona 5,0.28,Sí,No,3,0,PUESTO DE SALUD LAS CEIBAS,254,Gestion del Riesgo Punto De Atención,1080,10.0,"https://www.google.com/maps/@?api=1&map_action=pano&viewpoint=3.45985259115467,-76.4898678117286"
EPE_1705-10102,Parque,Parque damero,Local,07,0708,Los Pinos,3.458532,-76.484612,2447,Insuficiente,Baja,Alta,Sin amenaza,No,754,Zona 6,0.25,Sí,No,3,0,PUESTO DE SALUD LAS CEIBAS,436,Gestion del Riesgo Punto De Atención,517,10.0,"https://www.google.com/maps/@?api=1&map_action=pano&viewpoint=3.45853248342913,-76.48461215893"
EPE_1706-10103,Parque,Parque en serie,Local,07,0701,Alfonso Lopez P. 1a Etapa,3.462514,-76.478967,632,Insuficiente,Media,Alta,Sin amenaza,No,135,Zona 6,0.25,Sí,No,0,0,E.S.E. RED DE SALUD DEL NORTE EMPRESA SOCIAL DEL ESTADO HOSPITAL JOAQUIN PAZ BORRERO,487,Gestion del Riesgo Punto De Atención,326,10.0,"https://www.google.com/maps/@?api=1&map_action=pano&viewpoint=3.46251359804889,-76.4789668605378"
EPE_1707-10104,Parque,Parque en serie,Local,07,0701,Alfonso Lopez P. 1a Etapa,3.462558,-76.479321,96,Insuficiente,Media,Alta,Sin amenaza,No,172,Zona 6,0.25,Sí,No,0,0,E.S.E. RED DE SALUD DEL NORTE EMPRESA SOCIAL DEL ESTADO HOSPITAL JOAQUIN PAZ BORRERO,469,Gestion del Riesgo Punto De Atención,317,10.0,"https://www.google.com/maps/@?api=1&map_action=pano&viewpoint=3.46255770122023,-76.4793207998295"
EPE_1708-10105,Parque,Parque en serie,Zonal,07,0701,Alfonso Lopez P. 1a Etapa,3.463339,-76.479384,5815,Medio,Baja,Alta,Sin amenaza,No,216,Zona 6,0.25,Sí,No,0,0,E.S.E. RED DE SALUD DEL NORTE EMPRESA SOCIAL DEL ESTADO HOSPITAL JOAQUIN PAZ BORRERO,385,Gestion del Riesgo Punto De Atención,400,10.0,"https://www.google.com/maps/@?api=1&map_action=pano&viewpoint=3.46333888230522,-76.4793842725381"
EPE_1709-10106,Parque,Parque en serie,Zonal,07,0702,Alfonso Lopez P. 2a Etapa,3.460309,-76.478994,11423,Regular,Baja,Alta,Sin amenaza,No,105,Zona 6,0.25,Sí,No,9,0,PUESTO DE SALUD ALFONSO LOPEZ III,533,Gestion del Riesgo Punto De Atención,138,10.0,"https://www.google.com/maps/@?api=1&map_action=pano&viewpoint=3.46030949351143,-76.478994199984"
EPE_171-8579,Parque,Parque para la recreación especializada,Zonal,02,0217,Ciudad de Los Alamos,3.486784,-76.509206,8134,Medio,Alta,Sin amenaza,Sin amenaza,No,2396,Zona 4B,0.28,No,No,1,0,IPS CFA LA FLORA,801,Bomberos Estacion X8,690,37.0,"https://www.google.com/maps/@?api=1&map_action=pano&viewpoint=3.48678350715334,-76.5092057456814"
EPE_1710-10107,Parque,Parque en serie,Zonal,07,0702,Alfonso Lopez P. 2a Etapa,3.457774,-76.478642,6166,Medio,Baja,Alta,Sin amenaza,No,115,Zona 6,0.25,Sí,No,15,0,PUESTO DE SALUD ALFONSO LOPEZ III,337,Gestion del Riesgo Punto De Atención,282,10.0,"https://www.google.com/maps/@?api=1&map_action=pano&viewpoint=3.45777380631382,-76.4786418933261"
EPE_1711-10108,Parque,Parque en serie,Zonal,07,0710,Las Ceibas,3.457506,-76.489456,9333,Regular,Alta,Sin amenaza,Sin amenaza,No,1304,Zona 5,0.28,Sí,No,3,0,PUESTO DE SALUD LAS CEIBAS,412,Gestion del Riesgo Punto De Atención,1066,10.0,"https://www.google.com/maps/@?api=1&map_action=pano&viewpoint=3.45750631440063,-76.4894561024233"
EPE_1712-10109,Parque,Parque en serie,Local,07,0710,Las Ceibas,3.45819,-76.489258,537,Insuficiente,Alta,Sin amenaza,Sin amenaza,No,1267,Zona 5,0.28,Sí,No,3,0,PUESTO DE SALUD LAS CEIBAS,335,Gestion del Riesgo Punto De Atención,1028,10.0,"https://www.google.com/maps/@?api=1&map_action=pano&viewpoint=3.4581901316833,-76.4892582090609"
EPE_1713-10110,Parque,Parque en serie,Zonal,07,0703,Alfonso Lopez P. 3a Etapa,3.455626,-76.478359,8079,Medio,Baja,Alta,Sin amenaza,No,123,Zona 6,0.25,Sí,No,15,0,PUESTO DE SALUD ALFONSO LOPEZ III,307,Gestion del Riesgo Punto De Atención,507,10.0,"https://www.google.com/maps/@?api=1&map_action=pano&viewpoint=3.45562606900092,-76.478359098603"
EPE_1714-10111,Parque,Parque en serie,Local,07,0703,Alfonso Lopez P. 3a Etapa,3.454043,-76.478127,2912,Medio,Baja,Alta,Sin amenaza,No,116,Zona 6,0.25,Sí,No,8,0,PUESTO DE SALUD ALFONSO LOPEZ III,395,Gestion del Riesgo Punto De Atención,681,10.0,"https://www.google.com/maps/@?api=1&map_action=pano&viewpoint=3.45404277842705,-76.4781265323394"
EPE_1715-10112,Parque,Parque en serie,Local,08,0804,Rafael Uribe Uribe,3.439282,-76.512614,607,Regular,Baja,Sin amenaza,Sin amenaza,No,4112,Zona 4B,0.28,No,No,6,0,E.S.E. RED DE SALUD DEL CENTRO EMPRESA SOCIAL DEL ESTADO HOSPITAL PRIMITIVO IGLESIAS,516,Bomberos Estacion X3,913,19.0,"https://www.google.com/maps/@?api=1&map_action=pano&viewpoint=3.43928236556055,-76.5126137132382"
EPE_1716-10113,Parque,Parque en serie,Local,08,0804,Rafael Uribe Uribe,3.438978,-76.51216,685,Regular,Baja,Sin amenaza,Sin amenaza,No,4074,Zona 4B,0.28,No,No,6,0,E.S.E. RED DE SALUD DEL CENTRO EMPRESA SOCIAL DEL ESTADO HOSPITAL PRIMITIVO IGLESIAS,524,Bomberos Estacion X3,942,19.0,"https://www.google.com/maps/@?api=1&map_action=pano&viewpoint=3.4389775659071,-76.5121601120185"
EPE_1717-10114,Parque,Parque en serie,Local,08,0804,Rafael Uribe Uribe,3.438663,-76.511689,603,Medio,Baja,Sin amenaza,Sin amenaza,No,4034,Zona 4B,0.28,No,No,6,0,E.S.E. RED DE SALUD DEL CENTRO EMPRESA SOCIAL DEL ESTADO HOSPITAL PRIMITIVO IGLESIAS,540,Bomberos Estacion X3,974,19.0,"https://www.google.com/maps/@?api=1&map_action=pano&viewpoint=3.43866326449925,-76.5116885417494"
EPE_1718-10115,Parque,Parque en serie,Local,06,0603,Paso del Comercio,3.495225,-76.488375,16,Insuficiente,Media,Alta,Sin amenaza,No,228,Zona 6,0.25,Sí,No,11,0,CENTRO DE SALUD SAN LUIS II,634,Bomberos Estacion X8,2889,28.0,"https://www.google.com/maps/@?api=1&map_action=pano&viewpoint=3.49522487621055,-76.4883749830314"
EPE_1719-10116,Parque,Parque en serie,Local,06,0603,Paso del Comercio,3.49529,-76.488208,281,Regular,Media,Alta,Sin amenaza,No,213,Zona 6,0.25,Sí,No,11,0,CENTRO DE SALUD SAN LUIS II,642,Bomberos Estacion X8,2909,28.0,"https://www.google.com/maps/@?api=1&map_action=pano&viewpoint=3.49529046171891,-76.4882077153375"
EPE_172-8580,Parque,Parque damero,Local,02,0210,Santa Mónica,3.461808,-76.530969,1497,Adecuado,Baja,Sin amenaza,Sin amenaza,No,5874,Zona 4A,0.33,No,No,0,0,MARY PATRICIA ROSERO LASPRILLA,55,Bomberos Estacion X1,434,37.0,"https://www.google.com/maps/@?api=1&map_action=pano&viewpoint=3.46180829197267,-76.5309690093874"
EPE_1720-10117,Parque,Parque en serie,Local,06,0603,Paso del Comercio,3.495406,-76.487983,101,Insuficiente,Media,Alta,Sin amenaza,No,192,Zona 6,0.25,Sí,No,11,0,CENTRO DE SALUD SAN LUIS II,658,Bomberos Estacion X8,2936,28.0,"https://www.google.com/maps/@?api=1&map_action=pano&viewpoint=3.49540562369558,-76.4879833206149"
EPE_1721-10118,Parque,Parque para la recreación especializada,Zonal,06,0608,Los Guaduales,3.489892,-76.501868,28171,Optimo,Alta,No mitigable,Sin amenaza,No,1547,Zona 6,0.25,Sí,No,0,0,PUESTO DE SALUD CALIMA,574,Bomberos Estacion X8,1351,28.0,"https://www.google.com/maps/@?api=1&map_action=pano&viewpoint=3.4898918121617,-76.5018678513433"
EPE_1722-10119,Parque,Parque irregular,Local,07,0710,Las Ceibas,3.457904,-76.487518,3993,Regular,Alta,Media,Sin amenaza,No,1084,Zona 5,0.28,Sí,No,3,0,PUESTO DE SALUD LAS CEIBAS,326,Gestion del Riesgo Punto De Atención,846,10.0,"https://www.google.com/maps/@?api=1&map_action=pano&viewpoint=3.45790350535125,-76.487518047723"
EPE_1723-10120,Parque,Parque en serie,Local,06,0603,Paso del Comercio,3.493758,-76.486832,4490,Adecuado,Alta,Alta,Sin amenaza,No,244,Zona 6,0.25,Sí,No,11,0,CENTRO DE SALUD SAN LUIS II,514,Bomberos Estacion X8,3036,28.0,"https://www.google.com/maps/@?api=1&map_action=pano&viewpoint=3.49375804785992,-76.4868321845694"
EPE_1724-10121,Zona verde,No aplica,Local,06,0603,Paso del Comercio,3.491171,-76.491971,237,Insuficiente,Alta,Alta,Sin amenaza,No,813,Zona 6,0.25,Sí,No,6,0,CENTRO DE SALUD SAN LUIS II,403,Bomberos Estacion X8,2447,28.0,"https://www.google.com/maps/@?api=1&map_action=pano&viewpoint=3.49117082490936,-76.4919709918976"
EPE_1725-10122,Plazoleta,Plazoleta de enlace,Local,08,0809,Industrial,3.454319,-76.512318,1289,Adecuado,Media,Sin amenaza,Sin amenaza,No,3862,Zona 4B,0.28,No,No,2,0,SERVICIO DE EMERGENCIA Y URGENCIA SEU E.U,137,Bomberos Estacion X3,772,19.0,"https://www.google.com/maps/@?api=1&map_action=pano&viewpoint=3.45431939455884,-76.5123179842377"
EPE_1726-10123,Zona verde,No aplica,Local,18,1891,Polvorines,3.369476,-76.555988,3016,Regular,Alta,Sin amenaza,Sin amenaza,No,9331,Zona 2,0.35,No,No,0,0,TANIA PATRICIA GOMEZ BENAVIDEZ,1213,Bomberos Estacion X11,1728,4.0,"https://www.google.com/maps/@?api=1&map_action=pano&viewpoint=3.36947558380542,-76.5559877289089"
EPE_1727-10124,Parque,Parque con colindancia,Local,19,1992,Cañaveral,3.409861,-76.562874,649,Insuficiente,Media,Sin amenaza,Sin amenaza,No,10376,Zona 3,0.35,No,No,1,0,JULIAN ALONSO CORONEL ARROYO,1112,Bomberos Estacion X5,1152,170.0,"https://www.google.com/maps/@?api=1&map_action=pano&viewpoint=3.40986114248045,-76.5628739396657"
EPE_1728-10125,Parque,Parque en serie,Zonal,19,1922,Camino Real - Joaquin Borrero Sinisterra,3.410446,-76.543822,5405,Adecuado,Alta,Sin amenaza,Sin amenaza,No,8406,Zona 4C,0.4,No,No,1,0,Martha Cecilia Bermúdez Vallecilla,362,Bomberos Estacion X5,1418,170.0,"https://www.google.com/maps/@?api=1&map_action=pano&viewpoint=3.41044583368103,-76.5438223869721"
EPE_1729-10126,Zona verde,No aplica,Local,18,1813,Alférez Real,3.38944,-76.547474,384,Insuficiente,Alta,Sin amenaza,Sin amenaza,No,8433,Zona 4D,0.28,No,No,1,0,UCI DUMIAN LOS CHORROS,407,Bomberos Estacion X11,1111,4.0,"https://www.google.com/maps/@?api=1&map_action=pano&viewpoint=3.38944025410354,-76.5474735629316"
EPE_173-8581,Zona verde,No aplica,Local,02,0217,Ciudad de Los Alamos,3.485095,-76.504937,158,Insuficiente,Alta,Sin amenaza,Sin amenaza,No,2165,Zona 4B,0.28,No,No,4,0,PUESTO DE SALUD CALIMA,336,Bomberos Estacion X8,1185,37.0,"https://www.google.com/maps/@?api=1&map_action=pano&viewpoint=3.48509520371146,-76.5049367271977"
EPE_1730-10127,Parque,Parque damero,Local,14,1499,Los Naranjos II,3.432311,-76.47594,4324,Medio,Alta,Alta,Sin amenaza,No,963,Zona 6,0.25,Sí,No,9,0,VIDAMED AMBULANCIAS S.A.S,675,Bomberos Estacion X7,1114,22.5,"https://www.google.com/maps/@?api=1&map_action=pano&viewpoint=3.43231145192664,-76.4759399305571"
EPE_1731-10128,Parque,Parque damero,Zonal,17,1786,Cañaverales - Los Samanes,3.400402,-76.524333,8539,Regular,Alta,Sin amenaza,Sin amenaza,No,6241,Zona 4D,0.28,No,No,0,0,AMBULANCIAS S.P.I S.A.S,985,Bomberos Estacion X4,1364,10.0,"https://www.google.com/maps/@?api=1&map_action=pano&viewpoint=3.40040209666528,-76.524333125899"
EPE_1732-10129,Parque,Parque de borde,Zonal,19,1999,U. D. A. Galindo Plaza de Toros,3.409873,-76.547971,5367,Adecuado,Alta,Sin amenaza,Sin amenaza,No,8850,Zona 4C,0.4,No,No,12,5,REMY IPS CALI,251,Bomberos Estacion X5,1082,170.0,"https://www.google.com/maps/@?api=1&map_action=pano&viewpoint=3.40987256102917,-76.5479713378498"
EPE_1733-10130,Plazoleta,Plazoleta de enlace,Zonal,03,0308,La Merced,3.45183,-76.536464,6069,Optimo,Alta,Sin amenaza,Sin amenaza,No,6553,,,No,No,0,0,EMPRESA DE MEDICINA INTEGRAL EMI S.A. SERVICIO DE AMBULANCIA PREPAGADA SUCURSAL CALI,125,Gestion del Riesgo Oficina,266,25.5,"https://www.google.com/maps/@?api=1&map_action=pano&viewpoint=3.45182956360694,-76.5364639307873"
EPE_1734-10131,Zona verde,No aplica,Zonal,15,1504,El Vallado,3.405721,-76.495663,7573,Regular,Alta,Baja,Sin amenaza,No,3064,Zona 6,0.25,Sí,No,0,0,HOSPITAL ISAIAS DUARTE CANCINO EMPRESA SOCIAL DEL ESTADO,1262,Bomberos Estacion X10,675,8.5,"https://www.google.com/maps/@?api=1&map_action=pano&viewpoint=3.40572138418293,-76.4956627671925"
EPE_1735-10132,Zona verde,No aplica,Zonal,15,1504,El Vallado,3.403942,-76.497881,10433,Medio,Alta,Baja,Sin amenaza,No,3299,Zona 6,0.25,Sí,No,0,0,IPS COMFANDI MORICHAL,1189,Bomberos Estacion X10,402,8.5,"https://www.google.com/maps/@?api=1&map_action=pano&viewpoint=3.40394171270801,-76.497880752676"
EPE_1736-10133,Zona verde,No aplica,Zonal,22,2201,Urbanización Ciudad Jardín,3.366407,-76.540655,16738,Regular,Alta,Sin amenaza,Sin amenaza,No,7690,Zona 4D,0.28,No,No,0,0,UNIVERSIDAD DE VALLE DIRECCION SERVICIOS DE SALUD,603,Bomberos Estacion X11,1560,0,"https://www.google.com/maps/@?api=1&map_action=pano&viewpoint=3.36640720228311,-76.5406548412305"
EPE_1737-10134,Zona verde,No aplica,Local,22,2298,Ciudad Campestre,3.367747,-76.53926,2664,Regular,Alta,Sin amenaza,Sin amenaza,No,7513,Zona 4D,0.28,No,No,0,0,UNIVERSIDAD DE VALLE DIRECCION SERVICIOS DE SALUD,391,Bomberos Estacion X11,1471,0,"https://www.google.com/maps/@?api=1&map_action=pano&viewpoint=3.36774699980663,-76.5392602248152"
EPE_1738-10135,Zona verde,No aplica,Local,22,2298,Ciudad Campestre,3.367917,-76.540529,2667,Regular,Alta,Sin amenaza,Sin amenaza,No,7649,Zona 4D,0.28,No,No,0,0,UNIVERSIDAD DE VALLE DIRECCION SERVICIOS DE SALUD,474,Bomberos Estacion X11,1404,0,"https://www.google.com/maps/@?api=1&map_action=pano&viewpoint=3.36791729277199,-76.5405287024105"
EPE_1739-10136,Zona verde,No aplica,Local,17,1793,Ciudadela Pasoancho,3.385712,-76.534094,871,Malo,Alta,Sin amenaza,Sin amenaza,No,6905,,,No,No,0,0,GIOVANNA CAROLINE SANCHEZ ERASO,228,Bomberos Estacion X11,1318,10.0,"https://www.google.com/maps/@?api=1&map_action=pano&viewpoint=3.38571182131337,-76.5340938039618"
EPE_174-8582,Zona verde,No aplica,Local,02,0217,Ciudad de Los Alamos,3.485451,-76.504824,487,Insuficiente,Alta,Sin amenaza,Sin amenaza,No,2128,Zona 4B,0.28,No,No,4,0,PUESTO DE SALUD CALIMA,330,Bomberos Estacion X8,1176,37.0,"https://www.google.com/maps/@?api=1&map_action=pano&viewpoint=3.48545112380297,-76.504824177709"
EPE_1740-10137,Parque,Parque irregular,Local,20,2003,Siloé,3.424486,-76.557563,1684,Regular,Baja,Sin amenaza,Sin amenaza,No,9338,Zona 1,0.22,No,No,63,0,LUZ MARINA MENESES BARANDICA,781,Bomberos Estacion X5,920,53.0,"https://www.google.com/maps/@?api=1&map_action=pano&viewpoint=3.42448640574313,-76.5575630797361"
EPE_1741-10138,Parque,Parque damero,Local,13,1312,Rodrigo Lara Bonilla,3.426524,-76.489927,1993,Regular,Alta,Alta,Sin amenaza,No,2399,Zona 6,0.25,Sí,No,28,0,E.S.E. RED DE SALUD DEL ORIENTE EMPRESA SOCIAL DEL ESTADO HOSPITAL CARLOS HOLMES TRUJILLO,742,Bomberos Estacion X7,663,35.5,"https://www.google.com/maps/@?api=1&map_action=pano&viewpoint=3.42652441094703,-76.4899267883048"
EPE_1742-10139,Parque,Parque para la recreación especializada,Zonal,20,2003,Siloé,3.424848,-76.558569,18652,Adecuado,Baja,Sin amenaza,Sin amenaza,No,9438,Zona 1,0.22,No,No,64,0,LUZ MARINA MENESES BARANDICA,895,Bomberos Estacion X5,997,53.0,"https://www.google.com/maps/@?api=1&map_action=pano&viewpoint=3.42484769631543,-76.5585691823955"
EPE_1743-10140,Parque,Parque con colindancia,Local,20,2003,Siloé,3.424601,-76.557092,687,Regular,Media,Sin amenaza,Sin amenaza,No,9284,Zona 1,0.22,No,No,63,0,LUZ MARINA MENESES BARANDICA,729,Bomberos Estacion X5,918,53.0,"https://www.google.com/maps/@?api=1&map_action=pano&viewpoint=3.42460095804502,-76.5570916920199"
EPE_1744-10141,Plazoleta,Plazoleta de recorrido,Local,03,0311,San Pedro,3.453463,-76.532492,698,Regular,Alta,Sin amenaza,Sin amenaza,No,6091,Zona 2,0.35,No,No,4,0,ORTHOMANIA CALI CENTRO,151,Gestion del Riesgo Oficina,390,25.5,"https://www.google.com/maps/@?api=1&map_action=pano&viewpoint=3.45346293770048,-76.5324917474202"
EPE_1745-10142,Plazoleta,Plazoleta de recorrido,Local,03,0311,San Pedro,3.452852,-76.532341,1072,Adecuado,Alta,Sin amenaza,Sin amenaza,No,6083,Zona 2,0.35,No,No,2,0,ORTHOMANIA CALI CENTRO,102,Gestion del Riesgo Oficina,347,25.5,"https://www.google.com/maps/@?api=1&map_action=pano&viewpoint=3.45285232374828,-76.5323405832212"
EPE_1746-10143,Plazoleta,Plazoleta de recorrido,Local,02,0207,Granada,3.454236,-76.532894,415,Insuficiente,Alta,Sin amenaza,Sin amenaza,No,6125,,,No,No,4,0,ORTHOMANIA CALI CENTRO,244,Gestion del Riesgo Oficina,445,37.0,"https://www.google.com/maps/@?api=1&map_action=pano&viewpoint=3.45423602936613,-76.532893688896"
EPE_1747-10144,Plazoleta,Plazoleta de recorrido,Local,03,0311,San Pedro,3.45382,-76.532695,320,Insuficiente,Alta,Sin amenaza,Sin amenaza,No,6109,,,No,No,4,0,ORTHOMANIA CALI CENTRO,195,Gestion del Riesgo Oficina,413,25.5,"https://www.google.com/maps/@?api=1&map_action=pano&viewpoint=3.45382036090299,-76.5326948372122"
EPE_1748-10145,Plazoleta,Plazoleta de recorrido,Local,02,0206,Centenario,3.454641,-76.533231,2846,Medio,Alta,Sin amenaza,Sin amenaza,No,6157,,,No,No,4,0,CLINICA VALLE SALUD,289,Gestion del Riesgo Oficina,475,37.0,"https://www.google.com/maps/@?api=1&map_action=pano&viewpoint=3.45464122374979,-76.5332308951226"
EPE_1749-10146,Zona verde,No aplica,Local,17,1781,Mayapan - Las Vegas,3.385972,-76.538813,1964,Insuficiente,Alta,Sin amenaza,Sin amenaza,No,7428,Zona 4D,0.28,No,No,0,0,EUROESTETICA EU,201,Bomberos Estacion X11,919,10.0,"https://www.google.com/maps/@?api=1&map_action=pano&viewpoint=3.38597219382298,-76.5388127115347"
EPE_175-8583,Parque,Parque para la recreación especializada,Zonal,02,0217,Ciudad de Los Alamos,3.487698,-76.507008,28495,Medio,Alta,Sin amenaza,Sin amenaza,No,2140,Zona 4B,0.28,No,No,0,0,PUESTO DE SALUD CALIMA,652,Bomberos Estacion X8,847,37.0,"https://www.google.com/maps/@?api=1&map_action=pano&viewpoint=3.4876977174116,-76.5070080257612"
EPE_1750-10147,Zona verde,No aplica,Local,17,1775,Lili,3.370878,-76.520812,1098,Regular,Alta,Sin amenaza,Sin amenaza,No,5436,Zona 4D,0.28,No,No,0,0,LASKIN JARDIN PLAZA,525,Bomberos Estacion X11,2810,10.0,"https://www.google.com/maps/@?api=1&map_action=pano&viewpoint=3.3708777919142,-76.5208123263719"
EPE_1751-10148,Zona verde,No aplica,Local,17,1775,Lili,3.370873,-76.520483,1891,Regular,Alta,Sin amenaza,Sin amenaza,No,5400,Zona 4D,0.28,No,No,0,0,LASKIN JARDIN PLAZA,562,Bomberos Estacion X11,2844,10.0,"https://www.google.com/maps/@?api=1&map_action=pano&viewpoint=3.37087258645611,-76.5204833401334"
EPE_1752-10149,Zona verde,No aplica,Local,17,1775,Lili,3.375317,-76.520687,1098,Malo,Alta,Sin amenaza,Sin amenaza,No,5372,Zona 4D,0.28,No,No,0,0,MG MEDICAL GROUP SAS,262,Bomberos Estacion X11,2687,10.0,"https://www.google.com/maps/@?api=1&map_action=pano&viewpoint=3.37531745334126,-76.5206874306918"
EPE_1753-10150,Zona verde,No aplica,Zonal,22,2298,Ciudad Campestre,3.36787,-76.539899,5345,Regular,Alta,Sin amenaza,Sin amenaza,No,7581,Zona 4D,0.28,No,No,0,0,UNIVERSIDAD DE VALLE DIRECCION SERVICIOS DE SALUD,426,Bomberos Estacion X11,1432,0,"https://www.google.com/maps/@?api=1&map_action=pano&viewpoint=3.36787047810999,-76.5398988851424"
EPE_1754-10151,Zona verde,No aplica,Local,22,2298,Ciudad Campestre,3.367772,-76.538538,978,Regular,Alta,Sin amenaza,Sin amenaza,No,7433,Zona 4D,0.28,No,No,0,0,UNIVERSIDAD DE VALLE DIRECCION SERVICIOS DE SALUD,348,Bomberos Estacion X11,1502,0,"https://www.google.com/maps/@?api=1&map_action=pano&viewpoint=3.36777181188871,-76.5385375614711"
EPE_1755-10152,Zona verde,No aplica,Local,22,2201,Urbanización Ciudad Jardín,3.367495,-76.538587,221,Regular,Alta,Sin amenaza,Sin amenaza,No,7444,,,No,No,0,0,UNIVERSIDAD DE VALLE DIRECCION SERVICIOS DE SALUD,378,Bomberos Estacion X11,1527,0,"https://www.google.com/maps/@?api=1&map_action=pano&viewpoint=3.36749490989606,-76.5385874884955"
EPE_1756-10153,Zona verde,No aplica,Local,22,2298,Ciudad Campestre,3.367592,-76.541282,1075,Regular,Alta,Sin amenaza,Sin amenaza,No,7738,,,No,No,0,0,ANDRES VILLEGAS ZULUAGA,542,Bomberos Estacion X11,1415,0,"https://www.google.com/maps/@?api=1&map_action=pano&viewpoint=3.36759182795967,-76.5412820486145"
EPE_1757-10154,Zona verde,No aplica,Local,22,2298,Ciudad Campestre,3.368064,-76.537526,1759,Regular,Alta,Sin amenaza,Sin amenaza,No,7317,Zona 4D,0.28,No,No,0,0,UNIVERSIDAD DE VALLE DIRECCION SERVICIOS DE SALUD,285,Bomberos Estacion X11,1526,0,"https://www.google.com/maps/@?api=1&map_action=pano&viewpoint=3.36806414752823,-76.5375262951834"
EPE_1758-10155,Zona verde,No aplica,Local,22,2298,Ciudad Campestre,3.367868,-76.541066,1507,Regular,Alta,Sin amenaza,Sin amenaza,No,7709,,,No,No,0,0,ANDRES VILLEGAS ZULUAGA,505,Bomberos Estacion X11,1392,0,"https://www.google.com/maps/@?api=1&map_action=pano&viewpoint=3.36786783236313,-76.5410657686836"
EPE_1759-10156,Zona verde,No aplica,Local,22,2299,Club Campestre,3.372201,-76.54415,1517,Regular,Alta,Sin amenaza,Sin amenaza,No,7995,,,No,No,0,0,LASKIN UNICENTRO,401,Bomberos Estacion X11,859,0,"https://www.google.com/maps/@?api=1&map_action=pano&viewpoint=3.3722009593294,-76.5441500968433"
EPE_176-8584,Parque,Parque en serie,Local,02,0210,Santa Mónica,3.468369,-76.529535,1352,Adecuado,Baja,Sin amenaza,Sin amenaza,No,5436,Zona 4A,0.33,No,No,14,0,ORTHOPEDIC JOIN S.A.S.,174,Bomberos Estacion X1,925,37.0,"https://www.google.com/maps/@?api=1&map_action=pano&viewpoint=3.46836943764916,-76.529534995975"
EPE_1760-10157,Zona verde,No aplica,Local,22,2298,Ciudad Campestre,3.367816,-76.538237,2146,Regular,Alta,Sin amenaza,Sin amenaza,No,7400,,,No,No,0,0,UNIVERSIDAD DE VALLE DIRECCION SERVICIOS DE SALUD,331,Bomberos Estacion X11,1512,0,"https://www.google.com/maps/@?api=1&map_action=pano&viewpoint=3.36781596820429,-76.5382369044902"
EPE_1761-10158,Zona verde,No aplica,Local,22,2201,Urbanización Ciudad Jardín,3.367579,-76.538264,395,Regular,Alta,Sin amenaza,Sin amenaza,No,7407,,,No,No,0,0,UNIVERSIDAD DE VALLE DIRECCION SERVICIOS DE SALUD,357,Bomberos Estacion X11,1534,0,"https://www.google.com/maps/@?api=1&map_action=pano&viewpoint=3.36757932215986,-76.5382641176423"
EPE_1762-10159,Zona verde,No aplica,Local,22,2298,Ciudad Campestre,3.367899,-76.537876,1089,Regular,Alta,Sin amenaza,Sin amenaza,No,7359,,,No,No,0,0,UNIVERSIDAD DE VALLE DIRECCION SERVICIOS DE SALUD,310,Bomberos Estacion X11,1523,0,"https://www.google.com/maps/@?api=1&map_action=pano&viewpoint=3.3678989875253,-76.5378764061612"
EPE_1763-10160,Zona verde,No aplica,Local,22,2201,Urbanización Ciudad Jardín,3.367746,-76.537799,258,Regular,Alta,Sin amenaza,Sin amenaza,No,7353,,,No,No,0,0,UNIVERSIDAD DE VALLE DIRECCION SERVICIOS DE SALUD,325,Bomberos Estacion X11,1542,0,"https://www.google.com/maps/@?api=1&map_action=pano&viewpoint=3.36774564847597,-76.5377987627921"
EPE_1764-10161,Zona verde,No aplica,Local,18,1896,Sector Meléndez,3.372222,-76.547879,644,Regular,Alta,Sin amenaza,Sin amenaza,No,8407,Zona 2,0.35,No,No,0,0,TANIA PATRICIA GOMEZ BENAVIDEZ,430,Bomberos Estacion X11,936,4.0,"https://www.google.com/maps/@?api=1&map_action=pano&viewpoint=3.37222195219071,-76.5478792342425"
EPE_1765-10162,Zona verde,No aplica,Local,22,2298,Ciudad Campestre,3.367883,-76.540866,2356,Regular,Alta,Sin amenaza,Sin amenaza,No,7687,Zona 4D,0.28,No,No,0,0,ANDRES VILLEGAS ZULUAGA,497,Bomberos Estacion X11,1396,0,"https://www.google.com/maps/@?api=1&map_action=pano&viewpoint=3.36788329983475,-76.5408658991358"
EPE_1766-10163,Zona verde,No aplica,Local,22,2298,Ciudad Campestre,3.36845,-76.541497,615,Regular,Alta,Sin amenaza,Sin amenaza,No,7747,Zona 4D,0.28,No,No,0,0,ANDRES VILLEGAS ZULUAGA,464,Bomberos Estacion X11,1317,0,"https://www.google.com/maps/@?api=1&map_action=pano&viewpoint=3.36844977288324,-76.541496863742"
EPE_1767-10164,Zona verde,No aplica,Local,22,2299,Club Campestre,3.372048,-76.544493,1861,Regular,Alta,Sin amenaza,Sin amenaza,No,8034,,,No,No,0,0,LASKIN UNICENTRO,442,Bomberos Estacion X11,875,0,"https://www.google.com/maps/@?api=1&map_action=pano&viewpoint=3.37204846272949,-76.5444931322968"
EPE_1768-10165,Zona verde,No aplica,Local,22,2298,Ciudad Campestre,3.368049,-76.541329,3079,Regular,Alta,Sin amenaza,Sin amenaza,No,7735,Zona 4D,0.28,No,No,0,0,ANDRES VILLEGAS ZULUAGA,496,Bomberos Estacion X11,1364,0,"https://www.google.com/maps/@?api=1&map_action=pano&viewpoint=3.36804937215522,-76.5413292061463"
EPE_1769-10166,Zona verde,No aplica,Local,22,2299,Club Campestre,3.373421,-76.544214,443,Insuficiente,Alta,Sin amenaza,Sin amenaza,No,7992,,,No,No,0,0,CHRISTIAN FERNANDO BOLAÑOS JOJOA,369,Bomberos Estacion X11,723,0,"https://www.google.com/maps/@?api=1&map_action=pano&viewpoint=3.37342091559102,-76.5442139032998"
EPE_177-8585,Parque,Parque damero,Local,02,0211,Prados del Norte,3.471959,-76.518512,3471,Medio,Alta,Sin amenaza,Sin amenaza,No,4250,Zona 4B,0.28,No,No,1,0,PUESTO DE SALUD LA ISLA,321,Bomberos Estacion X1,1622,37.0,"https://www.google.com/maps/@?api=1&map_action=pano&viewpoint=3.47195944006028,-76.5185120193723"
EPE_1770-10167,Zona verde,No aplica,Zonal,22,2201,Urbanización Ciudad Jardín,3.363584,-76.542994,21971,Malo,Alta,Sin amenaza,Sin amenaza,No,8003,Zona 2,0.35,No,No,0,0,RUBEN DARIO ARCINIEGAS MARTINEZ,876,Bomberos Estacion X11,1823,0,"https://www.google.com/maps/@?api=1&map_action=pano&viewpoint=3.36358382504461,-76.5429936265023"
EPE_1771-10168,Zona verde,No aplica,Local,18,1891,Polvorines,3.370302,-76.549238,1325,Malo,Alta,Sin amenaza,Sin amenaza,No,8576,Zona 2,0.35,No,No,0,0,TANIA PATRICIA GOMEZ BENAVIDEZ,674,Bomberos Estacion X11,1194,4.0,"https://www.google.com/maps/@?api=1&map_action=pano&viewpoint=3.37030241052077,-76.5492376528036"
EPE_1772-10169,Zona verde,No aplica,Local,18,1896,Sector Meléndez,3.371073,-76.549167,3642,Regular,Alta,Sin amenaza,Sin amenaza,No,8560,Zona 2,0.35,No,No,0,0,TANIA PATRICIA GOMEZ BENAVIDEZ,591,Bomberos Estacion X11,1114,4.0,"https://www.google.com/maps/@?api=1&map_action=pano&viewpoint=3.37107278494056,-76.5491666171013"
EPE_1773-10170,Zona verde,No aplica,Local,18,1891,Polvorines,3.369901,-76.549228,1011,Malo,Alta,Sin amenaza,Sin amenaza,No,8580,,,No,No,0,0,TANIA PATRICIA GOMEZ BENAVIDEZ,716,Bomberos Estacion X11,1233,4.0,"https://www.google.com/maps/@?api=1&map_action=pano&viewpoint=3.36990063027878,-76.549227967567"
EPE_1774-10171,Zona verde,No aplica,Local,18,1891,Polvorines,3.369593,-76.549331,2688,Malo,Alta,Sin amenaza,Sin amenaza,No,8595,,,No,No,0,0,TANIA PATRICIA GOMEZ BENAVIDEZ,752,Bomberos Estacion X11,1269,4.0,"https://www.google.com/maps/@?api=1&map_action=pano&viewpoint=3.36959283460264,-76.5493307788242"
EPE_1775-10172,Zona verde,No aplica,Local,18,1896,Sector Meléndez,3.371146,-76.548314,1331,Regular,Alta,Sin amenaza,Sin amenaza,No,8465,,,No,No,0,0,TANIA PATRICIA GOMEZ BENAVIDEZ,556,Bomberos Estacion X11,1065,4.0,"https://www.google.com/maps/@?api=1&map_action=pano&viewpoint=3.3711459661383,-76.5483141915331"
EPE_1776-10173,Zona verde,No aplica,Local,18,1896,Sector Meléndez,3.371677,-76.547857,1471,Regular,Alta,Sin amenaza,Sin amenaza,No,8409,,,No,No,0,0,TANIA PATRICIA GOMEZ BENAVIDEZ,489,Bomberos Estacion X11,991,4.0,"https://www.google.com/maps/@?api=1&map_action=pano&viewpoint=3.3716765171559,-76.5478566481505"
EPE_1777-10174,Zona verde,No aplica,Local,18,1896,Sector Meléndez,3.371323,-76.547818,617,Malo,Alta,Sin amenaza,Sin amenaza,No,8409,,,No,No,0,0,TANIA PATRICIA GOMEZ BENAVIDEZ,528,Bomberos Estacion X11,1026,4.0,"https://www.google.com/maps/@?api=1&map_action=pano&viewpoint=3.37132292307109,-76.5478183793985"
EPE_1778-10175,Zona verde,No aplica,Local,18,1891,Polvorines,3.36852,-76.552828,4586,Regular,Alta,Sin amenaza,Sin amenaza,No,8994,Zona 2,0.35,No,No,0,0,TANIA PATRICIA GOMEZ BENAVIDEZ,1040,Bomberos Estacion X11,1572,4.0,"https://www.google.com/maps/@?api=1&map_action=pano&viewpoint=3.3685196346613,-76.5528275772498"
EPE_1779-10176,Zona verde,No aplica,Local,22,2298,Ciudad Campestre,3.368411,-76.541323,275,Malo,Alta,Sin amenaza,Sin amenaza,No,7729,Zona 4D,0.28,No,No,0,0,ANDRES VILLEGAS ZULUAGA,459,Bomberos Estacion X11,1326,0,"https://www.google.com/maps/@?api=1&map_action=pano&viewpoint=3.36841059371931,-76.5413228203474"
EPE_178-8586,Zona verde,No aplica,Local,02,0210,Santa Mónica,3.462892,-76.533624,1555,Regular,Media,Sin amenaza,Sin amenaza,No,6165,,,No,No,9,0,MARY PATRICIA ROSERO LASPRILLA,273,Bomberos Estacion X1,753,37.0,"https://www.google.com/maps/@?api=1&map_action=pano&viewpoint=3.46289221903272,-76.5336237525419"
EPE_1780-10177,Zona verde,No aplica,Local,22,2298,Ciudad Campestre,3.36777,-76.538814,2024,Regular,Alta,Sin amenaza,Sin amenaza,No,7464,Zona 4D,0.28,No,No,0,0,UNIVERSIDAD DE VALLE DIRECCION SERVICIOS DE SALUD,362,Bomberos Estacion X11,1489,0,"https://www.google.com/maps/@?api=1&map_action=pano&viewpoint=3.36777027649117,-76.53881359211"
EPE_1781-10178,Zona verde,No aplica,Local,22,2201,Urbanización Ciudad Jardín,3.367494,-76.538777,271,Regular,Alta,Sin amenaza,Sin amenaza,No,7464,,,No,No,0,0,UNIVERSIDAD DE VALLE DIRECCION SERVICIOS DE SALUD,387,Bomberos Estacion X11,1518,0,"https://www.google.com/maps/@?api=1&map_action=pano&viewpoint=3.36749370407059,-76.5387766719762"
EPE_1782-10179,Zona verde,No aplica,Zonal,22,2299,Club Campestre,3.373303,-76.544681,9539,Regular,Alta,Sin amenaza,Sin amenaza,No,8044,,,No,No,0,0,CHRISTIAN FERNANDO BOLAÑOS JOJOA,355,Bomberos Estacion X11,736,0,"https://www.google.com/maps/@?api=1&map_action=pano&viewpoint=3.37330344112837,-76.5446805700952"
EPE_1783-10180,Zona verde,No aplica,Zonal,22,2299,Club Campestre,3.37466,-76.543331,6085,Malo,Alta,Sin amenaza,Sin amenaza,No,7886,,,No,No,0,0,CHRISTIAN FERNANDO BOLAÑOS JOJOA,344,Bomberos Estacion X11,598,0,"https://www.google.com/maps/@?api=1&map_action=pano&viewpoint=3.37465954310056,-76.5433314680907"
EPE_1784-10181,Zona verde,No aplica,Local,22,2298,Ciudad Campestre,3.367351,-76.541404,830,Regular,Alta,Sin amenaza,Sin amenaza,No,7755,,,No,No,0,0,ANDRES VILLEGAS ZULUAGA,572,Bomberos Estacion X11,1438,0,"https://www.google.com/maps/@?api=1&map_action=pano&viewpoint=3.36735078088691,-76.5414038283606"
EPE_1785-10182,Zona verde,No aplica,Zonal,18,1896,Sector Meléndez,3.372987,-76.545323,5159,Medio,Alta,Sin amenaza,Sin amenaza,No,8118,,,No,No,0,0,CHRISTIAN FERNANDO BOLAÑOS JOJOA,366,Bomberos Estacion X11,777,4.0,"https://www.google.com/maps/@?api=1&map_action=pano&viewpoint=3.37298689977108,-76.5453230360969"
EPE_1786-10183,Zona verde,No aplica,Urbano,22,2296,Parcelaciones Pance,3.352983,-76.534365,60106,Malo,Alta,Sin amenaza,Sin amenaza,No,7425,Zona 2,0.35,No,No,0,0,LASKIN PANCE,656,Bomberos Estacion X11,3197,0,"https://www.google.com/maps/@?api=1&map_action=pano&viewpoint=3.35298305048506,-76.5343645415946"
EPE_1787-10184,Zona verde,No aplica,Zonal,22,2296,Parcelaciones Pance,3.350945,-76.535514,8647,Malo,Alta,Sin amenaza,Sin amenaza,No,7630,Zona 4E,0.25,No,No,0,0,LASKIN PANCE,446,Bomberos Estacion X11,3371,0,"https://www.google.com/maps/@?api=1&map_action=pano&viewpoint=3.35094455286808,-76.5355142825846"
EPE_1788-10185,Zona verde,No aplica,Local,22,2296,Parcelaciones Pance,3.350512,-76.534611,1653,Insuficiente,Alta,Sin amenaza,Sin amenaza,No,7557,Zona 4E,0.25,No,No,0,0,LASKIN PANCE,382,Bomberos Estacion X11,3447,0,"https://www.google.com/maps/@?api=1&map_action=pano&viewpoint=3.35051174263646,-76.5346111184166"
EPE_1789-10186,Zona verde,No aplica,Local,22,2296,Parcelaciones Pance,3.349969,-76.535949,2319,Insuficiente,Alta,Sin amenaza,Sin amenaza,No,7717,Zona 4E,0.25,No,No,0,0,LASKIN PANCE,363,Bomberos Estacion X11,3461,0,"https://www.google.com/maps/@?api=1&map_action=pano&viewpoint=3.34996885521259,-76.5359489378485"
EPE_179-8587,Zona verde,No aplica,Local,02,0215,El Bosque,3.487345,-76.533255,2251,Adecuado,Alta,Sin amenaza,Sin amenaza,No,4787,Zona 3,0.35,No,No,21,0,PUESTO DE SALUD LA CAMPIÑA,535,Defensa Civil La Flora,2120,37.0,"https://www.google.com/maps/@?api=1&map_action=pano&viewpoint=3.48734520657707,-76.5332551083169"
EPE_1790-10187,Zona verde,No aplica,Local,22,2296,Parcelaciones Pance,3.360188,-76.525747,2623,Malo,Alta,Sin amenaza,Sin amenaza,No,6249,Zona 4D,0.28,No,No,0,0,LASKIN CIUDAD JARDIN,941,Bomberos Estacion X11,3021,0,"https://www.google.com/maps/@?api=1&map_action=pano&viewpoint=3.36018803112403,-76.5257468783065"
EPE_1791-10188,Zona verde,No aplica,Zonal,22,2296,Parcelaciones Pance,3.337545,-76.532182,12054,Regular,Alta,Sin amenaza,Sin amenaza,No,8023,Zona 4E,0.25,No,No,0,0,Grupo Mentesana S.A.S.,813,Bomberos Estacion X11,4904,0,"https://www.google.com/maps/@?api=1&map_action=pano&viewpoint=3.33754485408614,-76.5321823438273"
EPE_1792-10189,Zona verde,No aplica,Local,22,2296,Parcelaciones Pance,3.340087,-76.537058,1305,Insuficiente,Alta,Sin amenaza,Sin amenaza,No,8329,Zona 4E,0.25,No,No,0,0,LASKIN PANCE,831,Bomberos Estacion X11,4504,0,"https://www.google.com/maps/@?api=1&map_action=pano&viewpoint=3.34008743390842,-76.5370578902839"
EPE_1793-10190,Zona verde,No aplica,Local,22,2296,Parcelaciones Pance,3.346736,-76.541149,3118,Malo,Alta,Sin amenaza,Sin amenaza,No,8391,Zona 4E,0.25,No,No,0,0,LASKIN PANCE,747,Bomberos Estacion X11,3708,0,"https://www.google.com/maps/@?api=1&map_action=pano&viewpoint=3.34673571294302,-76.5411489218282"
EPE_1794-10191,Zona verde,No aplica,Local,22,2296,Parcelaciones Pance,3.346568,-76.541472,1456,Regular,Alta,Sin amenaza,Sin amenaza,No,8431,Zona 4E,0.25,No,No,0,0,LASKIN PANCE,784,Bomberos Estacion X11,3723,0,"https://www.google.com/maps/@?api=1&map_action=pano&viewpoint=3.34656828276442,-76.541472298323"
EPE_1795-10192,Zona verde,No aplica,Zonal,22,2296,Parcelaciones Pance,3.362507,-76.526382,10381,Regular,Alta,Sin amenaza,Sin amenaza,No,6240,Zona 4D,0.28,No,No,0,0,LASKIN CIUDAD JARDIN,743,Bomberos Estacion X11,2788,0,"https://www.google.com/maps/@?api=1&map_action=pano&viewpoint=3.36250684964403,-76.5263824903336"
EPE_1796-10193,Zona verde,No aplica,Local,22,2296,Parcelaciones Pance,3.343518,-76.534879,1102,Insuficiente,Alta,Sin amenaza,Sin amenaza,No,7930,Zona 4E,0.25,No,No,0,0,LASKIN PANCE,399,Bomberos Estacion X11,4185,0,"https://www.google.com/maps/@?api=1&map_action=pano&viewpoint=3.34351781943053,-76.5348793495382"
EPE_1797-10194,Zona verde,No aplica,Local,22,2296,Parcelaciones Pance,3.351914,-76.541432,1204,Regular,Alta,Sin amenaza,Sin amenaza,No,8198,Zona 2,0.35,No,No,0,0,LASKIN PANCE,945,Bomberos Estacion X11,3132,0,"https://www.google.com/maps/@?api=1&map_action=pano&viewpoint=3.3519144836221,-76.5414317281894"
EPE_1798-10195,Zona verde,No aplica,Local,22,2296,Parcelaciones Pance,3.351587,-76.541851,2328,Malo,Alta,Sin amenaza,Sin amenaza,No,8255,Zona 4E,0.25,No,No,0,0,LASKIN PANCE,964,Bomberos Estacion X11,3163,0,"https://www.google.com/maps/@?api=1&map_action=pano&viewpoint=3.35158737584225,-76.5418512149414"
EPE_1799-10196,Zona verde,No aplica,Zonal,22,2296,Parcelaciones Pance,3.346544,-76.540758,5642,Malo,Alta,Sin amenaza,Sin amenaza,No,8361,Zona 4E,0.25,No,No,0,0,LASKIN PANCE,705,Bomberos Estacion X11,3733,0,"https://www.google.com/maps/@?api=1&map_action=pano&viewpoint=3.34654434683007,-76.5407584057361"
EPE_18-8428,Parque,Parque con colindancia,Local,02,0217,Ciudad de Los Alamos,3.484111,-76.507302,307,Insuficiente,Alta,Sin amenaza,Sin amenaza,No,2427,Zona 4B,0.28,No,No,1,0,PUESTO DE SALUD CALIMA,600,Bomberos Estacion X8,1046,37.0,"https://www.google.com/maps/@?api=1&map_action=pano&viewpoint=3.48411096136519,-76.5073021101819"
EPE_180-8588,Zona verde,No aplica,Local,02,0215,El Bosque,3.486658,-76.533125,440,Malo,Alta,Sin amenaza,Sin amenaza,No,4796,Zona 3,0.35,No,No,12,0,PUESTO DE SALUD LA CAMPIÑA,468,Defensa Civil La Flora,2121,37.0,"https://www.google.com/maps/@?api=1&map_action=pano&viewpoint=3.4866576397573,-76.5331251784999"
EPE_1800-10197,Zona verde,No aplica,Local,22,2296,Parcelaciones Pance,3.334831,-76.536522,2517,Malo,Alta,Sin amenaza,Sin amenaza,No,8591,Zona 4E,0.25,No,No,0,0,Grupo Mentesana S.A.S.,1239,Bomberos Estacion X11,5090,0,"https://www.google.com/maps/@?api=1&map_action=pano&viewpoint=3.33483094739826,-76.5365222633011"
EPE_1801-10198,Zona verde,No aplica,Local,19,1902,La Cascada,3.401684,-76.555481,2711,Regular,Alta,Sin amenaza,Sin amenaza,No,9593,Zona 3,0.35,No,No,1,0,JULIAN ALONSO CORONEL ARROYO,693,Bomberos Estacion X5,1661,170.0,"https://www.google.com/maps/@?api=1&map_action=pano&viewpoint=3.40168363555153,-76.5554806721918"
EPE_1802-10199,Zona verde,No aplica,Local,19,1995,Sector Cañaveralejo Guadalupe,3.400369,-76.556916,4054,Regular,Alta,Sin amenaza,Sin amenaza,No,9708,Zona 3,0.35,No,No,1,0,JULIAN ALONSO CORONEL ARROYO,893,Bomberos Estacion X5,1819,170.0,"https://www.google.com/maps/@?api=1&map_action=pano&viewpoint=3.40036877495857,-76.5569158413714"
EPE_1803-10200,Zona verde,No aplica,Local,19,1995,Sector Cañaveralejo Guadalupe,3.400526,-76.557039,2410,Insuficiente,Alta,Sin amenaza,Sin amenaza,No,9726,Zona 3,0.35,No,No,1,0,JULIAN ALONSO CORONEL ARROYO,884,Bomberos Estacion X5,1803,170.0,"https://www.google.com/maps/@?api=1&map_action=pano&viewpoint=3.40052571968132,-76.5570385145886"
EPE_1804-10201,Parque,Parque con colindancia,Zonal,17,1789,El Gran Limonar - Cataya,3.396596,-76.539836,9523,Optimo,Alta,Sin amenaza,Sin amenaza,No,7768,Zona 4D,0.28,No,No,4,2,ANA LUCIA ARBELAEZ RIVERA,222,Bomberos Estacion X11,1924,10.0,"https://www.google.com/maps/@?api=1&map_action=pano&viewpoint=3.39659553456953,-76.5398361562633"
EPE_1805-10202,Zona verde,No aplica,Local,20,2002,Belisario Caicedo,3.416691,-76.554986,4145,Regular,Alta,Sin amenaza,Sin amenaza,No,9296,Zona 3,0.35,No,No,12,1,CENTRO DE SALUD SILOE,151,Bomberos Estacion X5,9,53.0,"https://www.google.com/maps/@?api=1&map_action=pano&viewpoint=3.41669066467532,-76.554985698632"
EPE_1806-10203,Zona verde,No aplica,Local,20,2002,Belisario Caicedo,3.412447,-76.556196,2219,Adecuado,Alta,Sin amenaza,Sin amenaza,No,9581,,,No,No,1,0,LUIS ALFREDO LONDOÑO CARVAJAL,484,Bomberos Estacion X5,482,53.0,"https://www.google.com/maps/@?api=1&map_action=pano&viewpoint=3.41244702257206,-76.55619642595"
EPE_1807-10204,Zona verde,No aplica,Local,19,1995,Sector Cañaveralejo Guadalupe,3.413405,-76.559304,1360,Malo,Alta,Sin amenaza,Sin amenaza,No,9868,,,No,No,9,0,CENTRO DE SALUD SILOE,750,Bomberos Estacion X5,596,170.0,"https://www.google.com/maps/@?api=1&map_action=pano&viewpoint=3.41340544757169,-76.5593037137138"
EPE_1808-10205,Zona verde,No aplica,Local,20,2002,Belisario Caicedo,3.412425,-76.556656,1352,Malo,Alta,Sin amenaza,Sin amenaza,No,9630,,,No,No,1,0,LUIS ALFREDO LONDOÑO CARVAJAL,524,Bomberos Estacion X5,501,53.0,"https://www.google.com/maps/@?api=1&map_action=pano&viewpoint=3.41242507710624,-76.5566562902654"
EPE_1809-10206,Zona verde,No aplica,Local,19,1995,Sector Cañaveralejo Guadalupe,3.412143,-76.556503,3629,Insuficiente,Alta,Sin amenaza,Sin amenaza,No,9625,,,No,No,1,0,LUIS ALFREDO LONDOÑO CARVAJAL,492,Bomberos Estacion X5,524,170.0,"https://www.google.com/maps/@?api=1&map_action=pano&viewpoint=3.41214327922917,-76.5565028673563"
EPE_181-8589,Parque,Parque con colindancia,Local,02,0215,El Bosque,3.484496,-76.529994,1565,Adecuado,Alta,Sin amenaza,Sin amenaza,No,4550,Zona 3,0.35,No,No,10,0,PUESTO DE SALUD LA CAMPIÑA,108,Defensa Civil La Flora,1860,37.0,"https://www.google.com/maps/@?api=1&map_action=pano&viewpoint=3.48449586325556,-76.5299942111571"
EPE_1810-10207,Zona verde,No aplica,Local,19,1919,Cuarto de Legua - Guadalupe,3.411746,-76.555182,788,Malo,Alta,Sin amenaza,Sin amenaza,No,9504,,,No,No,0,0,LUIS ALFREDO LONDOÑO CARVAJAL,347,Bomberos Estacion X5,542,170.0,"https://www.google.com/maps/@?api=1&map_action=pano&viewpoint=3.41174648154745,-76.5551821278961"
EPE_1811-10208,Zona verde,No aplica,Local,20,2098,Venezuela - Urbanización Cañaveralejo,3.413695,-76.559672,1708,Malo,Alta,Avenida torrencial,Sin amenaza,No,9896,,,No,No,9,0,CENTRO DE SALUD SILOE,763,Bomberos Estacion X5,611,53.0,"https://www.google.com/maps/@?api=1&map_action=pano&viewpoint=3.41369533311527,-76.5596723651359"
EPE_1812-10209,Zona verde,No aplica,Local,19,1995,Sector Cañaveralejo Guadalupe,3.413533,-76.559898,2081,Malo,Alta,Avenida torrencial,Sin amenaza,No,9926,,,No,No,9,0,CENTRO DE SALUD SILOE,794,Bomberos Estacion X5,642,170.0,"https://www.google.com/maps/@?api=1&map_action=pano&viewpoint=3.41353262022916,-76.559898163233"
EPE_1813-10210,Zona verde,No aplica,Local,19,1995,Sector Cañaveralejo Guadalupe,3.412995,-76.560885,4032,Malo,Alta,Avenida torrencial,Sin amenaza,No,10049,,,No,No,9,0,CENTRO DE SALUD SILOE,918,Bomberos Estacion X5,767,170.0,"https://www.google.com/maps/@?api=1&map_action=pano&viewpoint=3.41299534252679,-76.5608846550808"
EPE_1814-10211,Zona verde,No aplica,Local,19,1995,Sector Cañaveralejo Guadalupe,3.413542,-76.558632,1932,Regular,Alta,Sin amenaza,Sin amenaza,No,9793,,,No,No,8,0,CENTRO DE SALUD SILOE,684,Bomberos Estacion X5,528,170.0,"https://www.google.com/maps/@?api=1&map_action=pano&viewpoint=3.41354249420215,-76.558632447895"
EPE_1815-10212,Zona verde,No aplica,Zonal,19,1981,Sector Altos de Santa Isabel,3.433186,-76.552793,7392,Insuficiente,Alta,Sin amenaza,Sin amenaza,No,8603,Zona 1,0.22,No,No,0,0,Centro Medico Santuario,748,Cruz Roja San Fernando,1109,170.0,"https://www.google.com/maps/@?api=1&map_action=pano&viewpoint=3.43318624732327,-76.5527927520894"
EPE_1816-10213,Zona verde,No aplica,Local,19,1981,Sector Altos de Santa Isabel,3.429457,-76.552471,1229,Insuficiente,Alta,Sin amenaza,Sin amenaza,No,8667,,,No,No,13,1,LUZ MARINA MENESES BARANDICA,628,Cruz Roja San Fernando,888,170.0,"https://www.google.com/maps/@?api=1&map_action=pano&viewpoint=3.42945692129449,-76.5524712432828"
EPE_1817-10214,Zona verde,No aplica,Local,20,2005,Belén,3.429,-76.552465,1416,Malo,Alta,Sin amenaza,Sin amenaza,No,8680,Zona 1,0.22,No,No,13,1,LUZ MARINA MENESES BARANDICA,581,Cruz Roja San Fernando,875,53.0,"https://www.google.com/maps/@?api=1&map_action=pano&viewpoint=3.42899965642227,-76.5524649127649"
EPE_1818-10215,Zona verde,No aplica,Local,19,1908,Santa Isabel,3.430137,-76.54691,2245,Regular,Alta,Sin amenaza,Sin amenaza,No,8052,Zona 1,0.22,No,No,5,2,MARTHA INES ARIAS ESCOBAR,279,Cruz Roja San Fernando,401,170.0,"https://www.google.com/maps/@?api=1&map_action=pano&viewpoint=3.43013666581024,-76.5469097227336"
EPE_1819-10216,Zona verde,No aplica,Local,19,1983,Tejares - Cristales,3.435323,-76.551315,2536,Malo,Alta,Sin amenaza,Sin amenaza,No,8394,Zona 1,0.22,No,No,0,0,Centro Medico Santuario,610,Cruz Roja San Fernando,1156,170.0,"https://www.google.com/maps/@?api=1&map_action=pano&viewpoint=3.43532280753981,-76.5513145560956"
EPE_182-8590,Zona verde,No aplica,Zonal,01,0199,Aguacatal,3.459031,-76.553034,17401,Insuficiente,Alta,Sin amenaza,Sin amenaza,No,8152,,,No,No,3,0,LASKIN TIENDA DERMATOLOGICA OESTE,897,Bomberos Estacion X6,285,29.0,"https://www.google.com/maps/@?api=1&map_action=pano&viewpoint=3.4590305985292,-76.5530339603722"
EPE_1820-10217,Zona verde,No aplica,Local,19,1983,Tejares - Cristales,3.435423,-76.552286,567,Insuficiente,Alta,Sin amenaza,Sin amenaza,No,8498,Zona 1,0.22,No,No,0,0,Centro Medico Santuario,717,Cruz Roja San Fernando,1235,170.0,"https://www.google.com/maps/@?api=1&map_action=pano&viewpoint=3.4354230109963,-76.5522858346857"
EPE_1821-10218,Zona verde,No aplica,Zonal,19,1983,Tejares - Cristales,3.435636,-76.554018,6441,Insuficiente,Alta,Sin amenaza,Sin amenaza,No,8682,Zona 1,0.22,No,No,0,0,Centro Medico Santuario,909,Cruz Roja San Fernando,1388,170.0,"https://www.google.com/maps/@?api=1&map_action=pano&viewpoint=3.43563567043123,-76.5540180436786"
EPE_1822-10219,Zona verde,No aplica,Zonal,19,1983,Tejares - Cristales,3.43601,-76.555029,6387,Insuficiente,Alta,Sin amenaza,Sin amenaza,No,8785,Zona 1,0.22,No,No,0,0,CORPUS Y ROSTRUM,1021,Cruz Roja San Fernando,1499,170.0,"https://www.google.com/maps/@?api=1&map_action=pano&viewpoint=3.43601045556255,-76.5550293987882"
EPE_1823-10220,Zona verde,No aplica,Local,19,1983,Tejares - Cristales,3.435717,-76.549682,1766,Insuficiente,Alta,Sin amenaza,Sin amenaza,No,8208,Zona 1,0.22,No,No,1,1,CORPUS Y ROSTRUM,431,Cruz Roja San Fernando,1090,170.0,"https://www.google.com/maps/@?api=1&map_action=pano&viewpoint=3.43571730805694,-76.5496815688883"
EPE_1824-10221,Zona verde,No aplica,Local,19,1983,Tejares - Cristales,3.434354,-76.548102,1366,Regular,Alta,Sin amenaza,Sin amenaza,No,8066,Zona 1,0.22,No,No,1,0,Centro Medico Santuario,238,Cruz Roja San Fernando,874,170.0,"https://www.google.com/maps/@?api=1&map_action=pano&viewpoint=3.4343538449523,-76.5481019945541"
EPE_1825-10222,Zona verde,No aplica,Local,19,1909,Bellavista,3.44675,-76.558457,2209,Insuficiente,Alta,Sin amenaza,Sin amenaza,No,9021,Zona 1,0.22,No,No,2,0,LASKIN TIENDA DERMATOLOGICA OESTE,1179,Bomberos Estacion X6,1563,170.0,"https://www.google.com/maps/@?api=1&map_action=pano&viewpoint=3.44675003676687,-76.5584566998962"
EPE_1826-10223,Zona verde,No aplica,Local,19,1909,Bellavista,3.446494,-76.557217,1823,Regular,Alta,Sin amenaza,Sin amenaza,No,8886,Zona 1,0.22,No,No,2,0,LASKIN TIENDA DERMATOLOGICA OESTE,1077,Bomberos Estacion X6,1565,170.0,"https://www.google.com/maps/@?api=1&map_action=pano&viewpoint=3.4464942668671,-76.5572174066647"
EPE_1827-10224,Parque,Parque irregular,Local,19,1909,Bellavista,3.446911,-76.55673,1724,Malo,Alta,Sin amenaza,Sin amenaza,No,8829,Zona 1,0.22,No,No,2,0,LASKIN TIENDA DERMATOLOGICA OESTE,1006,Bomberos Estacion X6,1512,170.0,"https://www.google.com/maps/@?api=1&map_action=pano&viewpoint=3.4469107940534,-76.5567299261308"
EPE_1828-10225,Zona verde,No aplica,Local,02,0203,Arboledas,3.448227,-76.550989,422,Insuficiente,Alta,Sin amenaza,Sin amenaza,No,8184,Zona 2,0.35,No,No,4,0,LASKIN TIENDA DERMATOLOGICA OESTE,458,Bomberos Estacion X6,1434,37.0,"https://www.google.com/maps/@?api=1&map_action=pano&viewpoint=3.44822741791599,-76.5509890623422"
EPE_1829-10226,Zona verde,No aplica,Local,02,0203,Arboledas,3.44943,-76.551742,2121,Insuficiente,Alta,Sin amenaza,Sin amenaza,No,8262,Zona 2,0.35,No,No,4,0,LASKIN TIENDA DERMATOLOGICA OESTE,397,Bomberos Estacion X6,1281,37.0,"https://www.google.com/maps/@?api=1&map_action=pano&viewpoint=3.44943049941091,-76.5517415050373"
EPE_183-8591,Zona verde,No aplica,Local,02,0202,Santa Teresita,3.449489,-76.55312,2187,Malo,Baja,Sin amenaza,Sin amenaza,No,8415,Zona 2,0.35,No,No,6,0,LASKIN TIENDA DERMATOLOGICA OESTE,514,Bomberos Estacion X6,1237,37.0,"https://www.google.com/maps/@?api=1&map_action=pano&viewpoint=3.44948944968134,-76.5531195361645"
EPE_1830-10227,Zona verde,No aplica,Zonal,02,0203,Arboledas,3.449128,-76.55115,9842,Malo,Alta,Sin amenaza,Sin amenaza,No,8198,Zona 2,0.35,No,No,4,0,LASKIN TIENDA DERMATOLOGICA OESTE,380,Bomberos Estacion X6,1334,37.0,"https://www.google.com/maps/@?api=1&map_action=pano&viewpoint=3.44912831424346,-76.5511503846317"
EPE_1831-10228,Zona verde,No aplica,Local,02,0203,Arboledas,3.448827,-76.550549,2131,Insuficiente,Alta,Sin amenaza,Sin amenaza,No,8133,Zona 2,0.35,No,No,4,0,LASKIN TIENDA DERMATOLOGICA OESTE,377,Bomberos Estacion X6,1388,37.0,"https://www.google.com/maps/@?api=1&map_action=pano&viewpoint=3.44882745852696,-76.5505487849586"
EPE_1832-10229,Zona verde,No aplica,Local,02,0203,Arboledas,3.449032,-76.549809,3655,Insuficiente,Alta,Sin amenaza,Sin amenaza,No,8050,Zona 2,0.35,No,No,4,0,LASKIN TIENDA DERMATOLOGICA OESTE,330,Bomberos Estacion X6,1400,37.0,"https://www.google.com/maps/@?api=1&map_action=pano&viewpoint=3.44903193544693,-76.5498086565436"
EPE_1833-10230,Zona verde,No aplica,Local,02,0204,Normandia,3.451306,-76.545083,2130,Medio,Alta,Sin amenaza,Sin amenaza,No,7508,,,No,No,3,0,FURINKAZAN OESTE,379,Gestion del Riesgo Oficina,1184,37.0,"https://www.google.com/maps/@?api=1&map_action=pano&viewpoint=3.45130562758872,-76.545083377299"
EPE_1834-10231,Zona verde,No aplica,Local,02,0204,Normandia,3.45143,-76.544758,842,Medio,Alta,Sin amenaza,Sin amenaza,No,7470,,,No,No,3,0,Giancarlo Paz Caro,352,Gestion del Riesgo Oficina,1149,37.0,"https://www.google.com/maps/@?api=1&map_action=pano&viewpoint=3.45142950934198,-76.5447578466348"
EPE_1835-10232,Zona verde,No aplica,Local,01,0199,Aguacatal,3.459236,-76.555071,3855,Insuficiente,Alta,Sin amenaza,Sin amenaza,No,8329,,,No,No,0,0,LASKIN TIENDA DERMATOLOGICA OESTE,1041,Bomberos Estacion X6,133,29.0,"https://www.google.com/maps/@?api=1&map_action=pano&viewpoint=3.45923614935035,-76.5550708485267"
EPE_1836-10233,Zona verde,No aplica,Zonal,01,0199,Aguacatal,3.457708,-76.555919,11948,Regular,Alta,Sin amenaza,Sin amenaza,No,8500,Zona 2,0.35,No,No,7,0,LASKIN TIENDA DERMATOLOGICA OESTE,984,Bomberos Estacion X6,313,29.0,"https://www.google.com/maps/@?api=1&map_action=pano&viewpoint=3.45770779155526,-76.5559186080388"
EPE_1837-10234,Zona verde,No aplica,Local,01,0199,Aguacatal,3.45803,-76.5522,476,Insuficiente,Alta,Sin amenaza,Sin amenaza,No,8138,Zona 1,0.22,No,No,3,0,LASKIN TIENDA DERMATOLOGICA OESTE,755,Bomberos Estacion X6,425,29.0,"https://www.google.com/maps/@?api=1&map_action=pano&viewpoint=3.45803047485426,-76.5522000088243"
EPE_1838-10235,Zona verde,No aplica,Local,01,0199,Aguacatal,3.456465,-76.549112,4189,Regular,Alta,Sin amenaza,Sin amenaza,No,7899,,,No,No,5,0,FURINKAZAN OESTE,464,Bomberos Estacion X6,805,29.0,"https://www.google.com/maps/@?api=1&map_action=pano&viewpoint=3.4564653613739,-76.5491119230422"
EPE_1839-10236,Zona verde,No aplica,Local,01,0101,Terron Colorado,3.455728,-76.549123,830,Insuficiente,Alta,Sin amenaza,Sin amenaza,No,7905,,,No,No,5,0,FURINKAZAN OESTE,384,Bomberos Estacion X6,852,29.0,"https://www.google.com/maps/@?api=1&map_action=pano&viewpoint=3.45572804414243,-76.5491233021742"
EPE_184-8592,Parque,Parque irregular,Local,02,0202,Santa Teresita,3.450387,-76.545869,1443,Medio,Alta,Sin amenaza,Sin amenaza,No,7608,Zona 2,0.35,No,No,3,0,FURINKAZAN OESTE,350,Gestion del Riesgo Oficina,1269,37.0,"https://www.google.com/maps/@?api=1&map_action=pano&viewpoint=3.45038706381145,-76.545868596543"
EPE_1840-10237,Zona verde,No aplica,Local,01,0101,Terron Colorado,3.455439,-76.551998,1440,Insuficiente,Alta,Sin amenaza,Sin amenaza,No,8226,Zona 2,0.35,No,No,7,0,LASKIN TIENDA DERMATOLOGICA OESTE,498,Bomberos Estacion X6,658,29.0,"https://www.google.com/maps/@?api=1&map_action=pano&viewpoint=3.45543874071885,-76.5519980016296"
EPE_1841-10238,Zona verde,No aplica,Local,02,0204,Normandia,3.455823,-76.54806,1819,Insuficiente,Alta,Sin amenaza,Sin amenaza,No,7787,,,No,No,5,0,FURINKAZAN OESTE,386,Bomberos Estacion X6,942,37.0,"https://www.google.com/maps/@?api=1&map_action=pano&viewpoint=3.45582261129437,-76.5480603735521"
EPE_1842-10239,Zona verde,No aplica,Local,01,0199,Aguacatal,3.456189,-76.549716,1168,Regular,Alta,Sin amenaza,Sin amenaza,No,7968,Zona 1,0.22,No,No,7,0,FURINKAZAN OESTE,452,Bomberos Estacion X6,768,29.0,"https://www.google.com/maps/@?api=1&map_action=pano&viewpoint=3.45618906734651,-76.5497155595262"
EPE_1843-10240,Parque,Parque irregular,Zonal,01,0199,Aguacatal,3.456368,-76.555109,23092,Insuficiente,Alta,Sin amenaza,Sin amenaza,No,8509,Zona 2,0.35,No,No,7,0,LASKIN TIENDA DERMATOLOGICA OESTE,821,Bomberos Estacion X6,451,29.0,"https://www.google.com/maps/@?api=1&map_action=pano&viewpoint=3.45636757535244,-76.5551086590576"
EPE_1844-10241,Zona verde,No aplica,Zonal,01,0199,Aguacatal,3.455666,-76.563984,7379,Medio,Alta,Sin amenaza,Sin amenaza,No,9378,,,No,No,10,0,LASKIN TIENDA DERMATOLOGICA OESTE,1693,Bomberos Estacion X6,1111,29.0,"https://www.google.com/maps/@?api=1&map_action=pano&viewpoint=3.45566626376864,-76.563983536403"
EPE_1845-10242,Zona verde,No aplica,Local,01,0199,Aguacatal,3.45768,-76.562994,507,Insuficiente,Alta,Sin amenaza,Sin amenaza,No,9168,,,No,No,7,0,LASKIN TIENDA DERMATOLOGICA OESTE,1659,Bomberos Estacion X6,919,29.0,"https://www.google.com/maps/@?api=1&map_action=pano&viewpoint=3.45768044535665,-76.5629935191186"
EPE_1846-10243,Zona verde,No aplica,Local,01,0199,Aguacatal,3.456207,-76.563504,1176,Medio,Alta,Sin amenaza,Sin amenaza,No,9301,,,No,No,11,0,LASKIN TIENDA DERMATOLOGICA OESTE,1658,Bomberos Estacion X6,1036,29.0,"https://www.google.com/maps/@?api=1&map_action=pano&viewpoint=3.45620744572836,-76.5635036977462"
EPE_1847-10244,Zona verde,No aplica,Zonal,01,0199,Aguacatal,3.457686,-76.561874,9405,Malo,Alta,Sin amenaza,Sin amenaza,No,9061,,,No,No,7,0,LASKIN TIENDA DERMATOLOGICA OESTE,1546,Bomberos Estacion X6,803,29.0,"https://www.google.com/maps/@?api=1&map_action=pano&viewpoint=3.45768588225672,-76.5618735796361"
EPE_1848-10245,Plazoleta,Plazoleta de recorrido,Local,03,0311,San Pedro,3.453067,-76.534148,4789,Medio,Alta,Sin amenaza,Sin amenaza,No,6279,Zona 2,0.35,No,No,3,0,Victor Andres Romero Rojas,293,Gestion del Riesgo Oficina,283,25.5,"https://www.google.com/maps/@?api=1&map_action=pano&viewpoint=3.45306675382902,-76.5341478254338"
EPE_1849-10246,Plazoleta,Plazoleta de recorrido,Local,03,0308,La Merced,3.452601,-76.53529,3248,Optimo,Alta,Sin amenaza,Sin amenaza,No,6412,,,No,No,3,0,EMPRESA DE MEDICINA INTEGRAL EMI S.A. SERVICIO DE AMBULANCIA PREPAGADA SUCURSAL CALI,275,Gestion del Riesgo Oficina,248,25.5,"https://www.google.com/maps/@?api=1&map_action=pano&viewpoint=3.45260069300306,-76.5352904411667"
EPE_185-8593,Zona verde,No aplica,Local,02,0203,Arboledas,3.447763,-76.550056,1026,Insuficiente,Alta,Sin amenaza,Sin amenaza,No,8084,Zona 2,0.35,No,No,4,0,LASKIN TIENDA DERMATOLOGICA OESTE,474,Bomberos Estacion X6,1519,37.0,"https://www.google.com/maps/@?api=1&map_action=pano&viewpoint=3.44776260830783,-76.5500561514734"
EPE_1850-10247,Plazoleta,Plazoleta de recorrido,Local,03,0311,San Pedro,3.453906,-76.53243,4220,Optimo,Alta,Sin amenaza,Sin amenaza,No,6078,,,No,No,4,0,ORTHOMANIA CALI CENTRO,183,Gestion del Riesgo Oficina,436,25.5,"https://www.google.com/maps/@?api=1&map_action=pano&viewpoint=3.45390641633067,-76.5324296664612"
EPE_1851-10248,Zona verde,No aplica,Local,02,0215,El Bosque,3.486247,-76.532914,4025,Regular,Alta,Sin amenaza,Sin amenaza,No,4788,Zona 3,0.35,No,No,12,0,PUESTO DE SALUD LA CAMPIÑA,418,Defensa Civil La Flora,2109,37.0,"https://www.google.com/maps/@?api=1&map_action=pano&viewpoint=3.48624665216522,-76.5329143305787"
EPE_1852-10249,Zona verde,No aplica,Local,02,0215,El Bosque,3.484821,-76.532432,2741,Insuficiente,Alta,Sin amenaza,Sin amenaza,No,4790,Zona 1,0.22,No,No,12,0,PUESTO DE SALUD LA CAMPIÑA,278,Defensa Civil La Flora,2101,37.0,"https://www.google.com/maps/@?api=1&map_action=pano&viewpoint=3.48482050170474,-76.5324320488358"
EPE_1853-10250,Zona verde,No aplica,Local,02,0215,El Bosque,3.485266,-76.525948,1672,Regular,Alta,Sin amenaza,Sin amenaza,No,4103,Zona 3,0.35,No,No,15,0,angelica maria restrepo aguirre,19,Defensa Civil La Flora,1414,37.0,"https://www.google.com/maps/@?api=1&map_action=pano&viewpoint=3.48526553701208,-76.5259483032314"
EPE_1854-10251,Zona verde,No aplica,Local,02,0215,El Bosque,3.483394,-76.530358,2090,Malo,Alta,Sin amenaza,Sin amenaza,No,4634,Zona 3,0.35,No,No,5,0,PUESTO DE SALUD LA CAMPIÑA,21,Defensa Civil La Flora,1945,37.0,"https://www.google.com/maps/@?api=1&map_action=pano&viewpoint=3.48339434164149,-76.53035823377"
EPE_1855-10252,Zona verde,No aplica,Local,02,0213,La Campiña,3.48304,-76.529812,470,Malo,Alta,Sin amenaza,Sin amenaza,No,4594,Zona 3,0.35,No,No,5,0,PUESTO DE SALUD LA CAMPIÑA,77,Defensa Civil La Flora,1908,37.0,"https://www.google.com/maps/@?api=1&map_action=pano&viewpoint=3.48304029921524,-76.5298116343479"
EPE_1856-10253,Zona verde,No aplica,Local,02,0215,El Bosque,3.483402,-76.528855,785,Regular,Alta,Sin amenaza,Sin amenaza,No,4481,Zona 3,0.35,No,No,6,0,PUESTO DE SALUD LA CAMPIÑA,158,Defensa Civil La Flora,1795,37.0,"https://www.google.com/maps/@?api=1&map_action=pano&viewpoint=3.48340191942573,-76.5288551392727"
EPE_1857-10254,Zona verde,No aplica,Local,02,0214,La Paz,3.483283,-76.528871,1725,Regular,Alta,Sin amenaza,Sin amenaza,No,4488,Zona 3,0.35,No,No,5,0,PUESTO DE SALUD LA CAMPIÑA,158,Defensa Civil La Flora,1803,37.0,"https://www.google.com/maps/@?api=1&map_action=pano&viewpoint=3.4832832089886,-76.5288714759384"
EPE_1858-10255,Zona verde,No aplica,Zonal,02,0295,Urbanización La Flora,3.49101,-76.514064,8005,Insuficiente,Alta,Sin amenaza,Sin amenaza,No,2640,Zona 4B,0.28,No,No,2,0,IPS CFA LA FLORA,629,Bomberos Estacion X8,33,37.0,"https://www.google.com/maps/@?api=1&map_action=pano&viewpoint=3.491010107925,-76.5140640644082"
EPE_1859-10256,Parque,Parque con colindancia,Zonal,02,0217,Ciudad de Los Alamos,3.488463,-76.508949,18367,Medio,Alta,Sin amenaza,Sin amenaza,No,2265,Zona 4B,0.28,No,No,0,0,IPS CFA LA FLORA,873,Bomberos Estacion X8,615,37.0,"https://www.google.com/maps/@?api=1&map_action=pano&viewpoint=3.48846307835379,-76.5089491313441"
EPE_186-8594,Zona verde,No aplica,Zonal,02,0219,Brisas de Los Alamos,3.496371,-76.49851,6775,Regular,Alta,No mitigable,Sin amenaza,No,819,Zona 6,0.25,Sí,No,11,0,CENTRO DE SALUD SAN LUIS II,1325,Bomberos Estacion X8,1832,37.0,"https://www.google.com/maps/@?api=1&map_action=pano&viewpoint=3.49637060634697,-76.4985095558416"
EPE_1860-10257,Parque,Parque separador,Zonal,02,0217,Ciudad de Los Alamos,3.483831,-76.50916,7138,Adecuado,Alta,Sin amenaza,Sin amenaza,No,2599,Zona 4B,0.28,No,No,1,0,PUESTO DE SALUD CALIMA,808,Bomberos Estacion X8,936,37.0,"https://www.google.com/maps/@?api=1&map_action=pano&viewpoint=3.48383104911583,-76.5091597450644"
EPE_1861-10258,Parque,Parque de borde,Urbano,02,0217,Ciudad de Los Alamos,3.484517,-76.504914,56105,Medio,Alta,Sin amenaza,Sin amenaza,No,2211,Zona 4B,0.28,No,No,5,0,PUESTO DE SALUD CALIMA,332,Bomberos Estacion X8,1223,37.0,"https://www.google.com/maps/@?api=1&map_action=pano&viewpoint=3.48451707925163,-76.5049144702282"
EPE_1862-10259,Parque,Parque de borde,Local,04,0421,Calima,3.485539,-76.503861,1619,Malo,Alta,Sin amenaza,Sin amenaza,No,2048,,,No,No,7,0,PUESTO DE SALUD CALIMA,232,Bomberos Estacion X8,1265,21.0,"https://www.google.com/maps/@?api=1&map_action=pano&viewpoint=3.48553914744047,-76.5038610466819"
EPE_1863-10260,Parque,Parque de borde,Zonal,04,0420,Flora Industrial,3.48249,-76.506021,16481,Regular,Alta,Avenida torrencial,Sin amenaza,No,2461,,,No,No,5,0,PUESTO DE SALUD CALIMA,518,Bomberos Estacion X8,1274,21.0,"https://www.google.com/maps/@?api=1&map_action=pano&viewpoint=3.48249019026389,-76.5060208094433"
EPE_1865-10261,Zona verde,No aplica,Local,21,2103,Calimio Desepaz,3.417744,-76.469555,4482,Adecuado,Alta,Alta,Sin amenaza,No,540,Zona 6,0.25,Sí,No,6,0,CENTRO DE SALUD DECEPAZ,929,Bomberos Estacion X7,1860,3.5,"https://www.google.com/maps/@?api=1&map_action=pano&viewpoint=3.41774389838272,-76.4695550191871"
EPE_1866-10262,Zona verde,No aplica,Local,21,2103,Calimio Desepaz,3.415252,-76.470234,3321,Adecuado,Alta,Alta,Sin amenaza,No,489,Zona 6,0.25,Sí,No,4,0,CENTRO DE SALUD DECEPAZ,1184,Bomberos Estacion X7,1957,3.5,"https://www.google.com/maps/@?api=1&map_action=pano&viewpoint=3.41525196537374,-76.4702339121812"
EPE_1867-10263,Zona verde,No aplica,Zonal,21,2103,Calimio Desepaz,3.415445,-76.470854,7157,Adecuado,Alta,Alta,Sin amenaza,No,560,Zona 6,0.25,Sí,No,4,0,CENTRO DE SALUD DECEPAZ,1213,Bomberos Estacion X7,1890,3.5,"https://www.google.com/maps/@?api=1&map_action=pano&viewpoint=3.41544466977372,-76.4708541386724"
EPE_1868-10264,Zona verde,No aplica,Local,21,2103,Calimio Desepaz,3.417494,-76.468957,3076,Regular,Alta,Alta,Sin amenaza,No,470,Zona 6,0.25,Sí,No,5,0,CENTRO DE SALUD DECEPAZ,902,Bomberos Estacion X7,1932,3.5,"https://www.google.com/maps/@?api=1&map_action=pano&viewpoint=3.41749361209421,-76.4689565800802"
EPE_1869-10265,Zona verde,No aplica,Local,21,2198,Valle Grande,3.433998,-76.472321,213,Insuficiente,Alta,Alta,Sin amenaza,No,716,Zona 6,0.25,Sí,No,7,0,CARLOS FERNANDO JARAMILLO QUIROZ,286,Bomberos Estacion X7,1550,3.5,"https://www.google.com/maps/@?api=1&map_action=pano&viewpoint=3.43399796173213,-76.4723210608182"
EPE_187-8595,Zona verde,No aplica,Local,02,0219,Brisas de Los Alamos,3.496166,-76.500061,4870,Regular,Alta,Sin amenaza,Sin amenaza,No,984,Zona 6,0.25,Sí,No,11,0,PUESTO DE SALUD CALIMA,1288,Bomberos Estacion X8,1663,37.0,"https://www.google.com/maps/@?api=1&map_action=pano&viewpoint=3.49616623031827,-76.5000607353021"
EPE_1870-10266,Zona verde,No aplica,Zonal,21,2108,Ciudad Talanga,3.433029,-76.471583,9809,Medio,Alta,Alta,Sin amenaza,No,826,Zona 6,0.25,Sí,No,8,0,CARLOS FERNANDO JARAMILLO QUIROZ,295,Bomberos Estacion X7,1565,3.5,"https://www.google.com/maps/@?api=1&map_action=pano&viewpoint=3.43302867706893,-76.4715833452209"
EPE_1871-10267,Zona verde,No aplica,Local,21,2108,Ciudad Talanga,3.431863,-76.471473,667,Insuficiente,Alta,Alta,Sin amenaza,No,911,Zona 6,0.25,Sí,No,9,0,CARLOS FERNANDO JARAMILLO QUIROZ,402,Bomberos Estacion X7,1518,3.5,"https://www.google.com/maps/@?api=1&map_action=pano&viewpoint=3.43186267358996,-76.4714734787628"
EPE_1872-10268,Zona verde,No aplica,Zonal,21,2107,Compartir,3.430856,-76.470698,6042,Medio,Alta,Alta,Sin amenaza,No,930,Zona 6,0.25,Sí,No,7,0,CARLOS FERNANDO JARAMILLO QUIROZ,487,Bomberos Estacion X7,1557,3.5,"https://www.google.com/maps/@?api=1&map_action=pano&viewpoint=3.4308558022518,-76.4706980402107"
EPE_1873-10269,Zona verde,No aplica,Local,21,2199,Planta de Tratamiento,3.439206,-76.476994,2097,Regular,Alta,Alta,Sin amenaza,No,388,Zona 6,0.25,Sí,No,1,0,VIRREY SOLIS IPS S.A. ORIENTE,673,Bomberos Estacion X7,1631,3.5,"https://www.google.com/maps/@?api=1&map_action=pano&viewpoint=3.43920576176194,-76.4769940255902"
EPE_1874-10270,Zona verde,No aplica,Local,21,2104,El Remanso,3.419455,-76.468677,1474,Malo,Alta,Alta,Sin amenaza,No,593,Zona 6,0.25,Sí,No,6,0,CENTRO DE SALUD DECEPAZ,730,Bomberos Estacion X7,1859,3.5,"https://www.google.com/maps/@?api=1&map_action=pano&viewpoint=3.41945503719077,-76.4686773133882"
EPE_1875-10271,Zona verde,No aplica,Local,21,2198,Valle Grande,3.433866,-76.472695,271,Insuficiente,Alta,Alta,Sin amenaza,No,731,Zona 6,0.25,Sí,No,7,0,CARLOS FERNANDO JARAMILLO QUIROZ,329,Bomberos Estacion X7,1507,3.5,"https://www.google.com/maps/@?api=1&map_action=pano&viewpoint=3.4338659140636,-76.47269503801"
EPE_1876-10272,Zona verde,No aplica,Zonal,21,2108,Ciudad Talanga,3.43294,-76.471957,10189,Regular,Alta,Alta,Sin amenaza,No,835,Zona 6,0.25,Sí,No,7,0,CARLOS FERNANDO JARAMILLO QUIROZ,328,Bomberos Estacion X7,1524,3.5,"https://www.google.com/maps/@?api=1&map_action=pano&viewpoint=3.43293979626525,-76.4719565484762"
EPE_1877-10273,Zona verde,No aplica,Local,21,2199,Planta de Tratamiento,3.439649,-76.47775,2184,Insuficiente,Alta,Alta,Sin amenaza,No,422,Zona 6,0.25,Sí,No,1,0,VIRREY SOLIS IPS S.A. ORIENTE,576,Bomberos Estacion X7,1637,3.5,"https://www.google.com/maps/@?api=1&map_action=pano&viewpoint=3.43964886165742,-76.4777500249121"
EPE_1878-10274,Zona verde,No aplica,Local,21,2198,Valle Grande,3.434346,-76.47323,3133,Regular,Alta,Alta,Sin amenaza,No,682,Zona 6,0.25,Sí,No,3,0,CARLOS FERNANDO JARAMILLO QUIROZ,366,Bomberos Estacion X7,1490,3.5,"https://www.google.com/maps/@?api=1&map_action=pano&viewpoint=3.43434628518812,-76.4732300795093"
EPE_1879-10275,Zona verde,No aplica,Local,21,2199,Planta de Tratamiento,3.438895,-76.477339,1478,Regular,Alta,Alta,Sin amenaza,No,439,Zona 6,0.25,Sí,No,1,0,VIRREY SOLIS IPS S.A. ORIENTE,665,Bomberos Estacion X7,1582,3.5,"https://www.google.com/maps/@?api=1&map_action=pano&viewpoint=3.43889506057089,-76.47733929249"
EPE_188-8596,Parque,Parque damero,Local,02,0298,Senderos de La Flora,3.488377,-76.519578,4182,Adecuado,Alta,Sin amenaza,Sin amenaza,No,3317,Zona 4B,0.28,No,No,8,0,IPS CFA LA FLORA,455,Defensa Civil La Flora,627,37.0,"https://www.google.com/maps/@?api=1&map_action=pano&viewpoint=3.48837731488488,-76.5195776459542"
EPE_1880-10276,Zona verde,No aplica,Local,21,2104,El Remanso,3.419165,-76.468089,904,Regular,Alta,Alta,Sin amenaza,No,525,Zona 6,0.25,Sí,No,6,0,CENTRO DE SALUD DECEPAZ,702,Bomberos Estacion X7,1932,3.5,"https://www.google.com/maps/@?api=1&map_action=pano&viewpoint=3.41916525587737,-76.4680885340273"
EPE_1881-10277,Zona verde,No aplica,Zonal,21,2198,Valle Grande,3.434972,-76.47301,5926,Regular,Alta,Alta,Sin amenaza,No,610,Zona 6,0.25,Sí,No,1,0,CARLOS FERNANDO JARAMILLO QUIROZ,331,Bomberos Estacion X7,1552,3.5,"https://www.google.com/maps/@?api=1&map_action=pano&viewpoint=3.43497196313598,-76.4730101776466"
EPE_1882-10278,Zona verde,No aplica,Local,21,2199,Planta de Tratamiento,3.439475,-76.478183,4541,Regular,Alta,Alta,Sin amenaza,No,472,Zona 6,0.25,Sí,No,1,0,VIRREY SOLIS IPS S.A. ORIENTE,553,Bomberos Estacion X7,1600,3.5,"https://www.google.com/maps/@?api=1&map_action=pano&viewpoint=3.43947497391283,-76.4781826395"
EPE_1883-10279,Zona verde,No aplica,Zonal,15,1598,Mojica,3.41206,-76.487437,6514,Adecuado,Alta,Baja,Sin amenaza,No,2255,Zona 6,0.25,Sí,No,13,0,HOSPITAL ISAIAS DUARTE CANCINO EMPRESA SOCIAL DEL ESTADO,112,Bomberos Estacion X7,1629,8.5,"https://www.google.com/maps/@?api=1&map_action=pano&viewpoint=3.41205952518177,-76.4874370768168"
EPE_1884-10280,Zona verde,No aplica,Local,15,1598,Mojica,3.412592,-76.486359,3199,Medio,Alta,Baja,Sin amenaza,No,2140,Zona 6,0.25,Sí,No,13,0,HOSPITAL ISAIAS DUARTE CANCINO EMPRESA SOCIAL DEL ESTADO,23,Bomberos Estacion X7,1547,8.5,"https://www.google.com/maps/@?api=1&map_action=pano&viewpoint=3.41259192381385,-76.486358770642"
EPE_1885-10281,Zona verde,No aplica,Zonal,15,1598,Mojica,3.413688,-76.484219,16428,Regular,Alta,Baja,Sin amenaza,No,1920,Zona 6,0.25,Sí,No,13,0,HOSPITAL ISAIAS DUARTE CANCINO EMPRESA SOCIAL DEL ESTADO,289,Bomberos Estacion X7,1402,8.5,"https://www.google.com/maps/@?api=1&map_action=pano&viewpoint=3.41368824856271,-76.484218528952"
EPE_1886-10282,Zona verde,No aplica,Local,15,1504,El Vallado,3.402772,-76.498875,1909,Regular,Alta,Baja,Sin amenaza,No,3409,Zona 6,0.25,Sí,No,0,0,IPS COMFANDI MORICHAL,1032,Bomberos Estacion X10,322,8.5,"https://www.google.com/maps/@?api=1&map_action=pano&viewpoint=3.40277167747979,-76.498875352809"
EPE_1887-10283,Zona verde,No aplica,Zonal,15,1599,El Morichal,3.400421,-76.500229,16525,Regular,Alta,Media,Sin amenaza,No,3569,Zona 6,0.25,Sí,No,0,0,IPS COMFANDI MORICHAL,805,Bomberos Estacion X10,424,8.5,"https://www.google.com/maps/@?api=1&map_action=pano&viewpoint=3.40042073188739,-76.5002290796309"
EPE_1888-10284,Zona verde,No aplica,Local,18,1897,Sector Alto Jordán,3.379526,-76.558045,4404,Regular,Alta,Sin amenaza,Sin amenaza,No,9512,Zona 2,0.35,No,No,1,0,E.S.E. HOSPITAL DEPARTAMENTAL MARIO CORREA RENGIFO,765,Bomberos Estacion X11,1509,4.0,"https://www.google.com/maps/@?api=1&map_action=pano&viewpoint=3.37952570912491,-76.5580451575443"
EPE_1889-10285,Zona verde,No aplica,Local,18,1898,Alto Nápoles,3.382204,-76.560074,2023,Insuficiente,Alta,Sin amenaza,Sin amenaza,No,9747,Zona 2,0.35,No,No,1,0,E.S.E. HOSPITAL DEPARTAMENTAL MARIO CORREA RENGIFO,483,Bomberos Estacion X11,1753,4.0,"https://www.google.com/maps/@?api=1&map_action=pano&viewpoint=3.38220406498813,-76.5600743464964"
EPE_189-8597,Parque,Parque para la recreación especializada,Zonal,02,0211,Prados del Norte,3.471026,-76.516509,47898,Adecuado,Alta,Sin amenaza,Sin amenaza,No,4070,Zona 4B,0.28,No,No,2,0,PUESTO DE SALUD LA ISLA,78,Bomberos Estacion X1,1690,37.0,"https://www.google.com/maps/@?api=1&map_action=pano&viewpoint=3.47102627323385,-76.5165086102009"
EPE_1890-10286,Zona verde,No aplica,Local,18,1898,Alto Nápoles,3.382153,-76.560949,826,Insuficiente,Alta,Sin amenaza,Sin amenaza,No,9843,Zona 2,0.35,No,No,1,0,E.S.E. HOSPITAL DEPARTAMENTAL MARIO CORREA RENGIFO,524,Bomberos Estacion X11,1848,4.0,"https://www.google.com/maps/@?api=1&map_action=pano&viewpoint=3.3821525122474,-76.5609489429387"
EPE_1891-10287,Zona verde,No aplica,Local,18,1898,Alto Nápoles,3.381842,-76.560627,1816,Insuficiente,Alta,Sin amenaza,Sin amenaza,No,9806,Zona 2,0.35,No,No,1,0,E.S.E. HOSPITAL DEPARTAMENTAL MARIO CORREA RENGIFO,541,Bomberos Estacion X11,1808,4.0,"https://www.google.com/maps/@?api=1&map_action=pano&viewpoint=3.38184233518129,-76.5606270511334"
EPE_1892-10288,Zona verde,No aplica,Local,16,1697,Ciudad 2000,3.398862,-76.519298,2581,Regular,Alta,Sin amenaza,Sin amenaza,No,5685,Zona 5,0.28,Sí,No,0,0,AMBULANCIAS S.P.I S.A.S,1144,Bomberos Estacion X4,1335,7.0,"https://www.google.com/maps/@?api=1&map_action=pano&viewpoint=3.39886206209545,-76.5192976305247"
EPE_1893-10289,Zona verde,No aplica,Local,18,1891,Polvorines,3.370716,-76.554532,914,Regular,Alta,Sin amenaza,Sin amenaza,No,9157,Zona 2,0.35,No,No,0,0,TANIA PATRICIA GOMEZ BENAVIDEZ,1001,Bomberos Estacion X11,1516,4.0,"https://www.google.com/maps/@?api=1&map_action=pano&viewpoint=3.37071607135661,-76.5545315095821"
EPE_1894-10290,Zona verde,No aplica,Local,18,1891,Polvorines,3.370196,-76.554325,267,Regular,Alta,Sin amenaza,Sin amenaza,No,9139,Zona 2,0.35,No,No,0,0,TANIA PATRICIA GOMEZ BENAVIDEZ,1019,Bomberos Estacion X11,1539,4.0,"https://www.google.com/maps/@?api=1&map_action=pano&viewpoint=3.37019608973654,-76.5543247369487"
EPE_1895-10291,Zona verde,No aplica,Local,18,1891,Polvorines,3.370906,-76.555275,1473,Regular,Alta,Sin amenaza,Sin amenaza,No,9237,Zona 2,0.35,No,No,0,0,TANIA PATRICIA GOMEZ BENAVIDEZ,1057,Bomberos Estacion X11,1564,4.0,"https://www.google.com/maps/@?api=1&map_action=pano&viewpoint=3.37090641916051,-76.5552751336471"
EPE_1896-10292,Zona verde,No aplica,Local,18,1891,Polvorines,3.37135,-76.555907,2866,Insuficiente,Alta,Sin amenaza,Sin amenaza,No,9303,Zona 2,0.35,No,No,0,0,TANIA PATRICIA GOMEZ BENAVIDEZ,1093,Bomberos Estacion X11,1589,4.0,"https://www.google.com/maps/@?api=1&map_action=pano&viewpoint=3.37134974897675,-76.5559071394542"
EPE_1897-10293,Zona verde,No aplica,Zonal,18,1891,Polvorines,3.371486,-76.554536,13902,Regular,Alta,Sin amenaza,Sin amenaza,No,9150,Zona 2,0.35,No,No,0,0,TANIA PATRICIA GOMEZ BENAVIDEZ,953,Bomberos Estacion X11,1460,4.0,"https://www.google.com/maps/@?api=1&map_action=pano&viewpoint=3.37148630122635,-76.5545362234832"
EPE_1898-10294,Zona verde,No aplica,Local,18,1891,Polvorines,3.3699,-76.55561,2097,Regular,Alta,Sin amenaza,Sin amenaza,No,9284,Zona 2,0.35,No,No,0,0,TANIA PATRICIA GOMEZ BENAVIDEZ,1151,Bomberos Estacion X11,1666,4.0,"https://www.google.com/maps/@?api=1&map_action=pano&viewpoint=3.36989980712809,-76.5556095198015"
EPE_1899-10295,Zona verde,No aplica,Local,18,1891,Polvorines,3.372443,-76.555561,2046,Insuficiente,Alta,Sin amenaza,Sin amenaza,No,9256,Zona 2,0.35,No,No,0,0,TANIA PATRICIA GOMEZ BENAVIDEZ,1005,Bomberos Estacion X11,1487,4.0,"https://www.google.com/maps/@?api=1&map_action=pano&viewpoint=3.3724428673544,-76.5555605917177"
EPE_19-8429,Parque,Parque damero,Local,03,0314,El Piloto,3.461829,-76.522495,214,Medio,Media,Sin amenaza,Sin amenaza,No,4933,Zona 4A,0.33,No,No,1,0,CLINICA NUESTRA SEÑORA DE LOS REMEDIOS,93,Bomberos Estacion X1,563,25.5,"https://www.google.com/maps/@?api=1&map_action=pano&viewpoint=3.46182899019451,-76.5224947595263"
EPE_1900-10296,Zona verde,No aplica,Local,18,1891,Polvorines,3.369287,-76.555252,3625,Regular,Alta,Sin amenaza,Sin amenaza,No,9252,Zona 2,0.35,No,No,0,0,TANIA PATRICIA GOMEZ BENAVIDEZ,1162,Bomberos Estacion X11,1683,4.0,"https://www.google.com/maps/@?api=1&map_action=pano&viewpoint=3.36928745528796,-76.5552523179785"
EPE_1901-10297,Zona verde,No aplica,Local,18,1891,Polvorines,3.371056,-76.554726,624,Regular,Alta,Sin amenaza,Sin amenaza,No,9175,Zona 2,0.35,No,No,0,0,TANIA PATRICIA GOMEZ BENAVIDEZ,997,Bomberos Estacion X11,1507,4.0,"https://www.google.com/maps/@?api=1&map_action=pano&viewpoint=3.37105649366748,-76.5547256552619"
EPE_1902-10298,Zona verde,No aplica,Local,18,1891,Polvorines,3.371276,-76.555225,1029,Regular,Alta,Sin amenaza,Sin amenaza,No,9228,Zona 2,0.35,No,No,0,0,TANIA PATRICIA GOMEZ BENAVIDEZ,1031,Bomberos Estacion X11,1534,4.0,"https://www.google.com/maps/@?api=1&map_action=pano&viewpoint=3.37127565926978,-76.5552245621419"
EPE_1903-10299,Zona verde,No aplica,Local,18,1891,Polvorines,3.370936,-76.556679,857,Insuficiente,Alta,Sin amenaza,Sin amenaza,No,9392,Zona 2,0.35,No,No,0,0,TANIA PATRICIA GOMEZ BENAVIDEZ,1190,Bomberos Estacion X11,1685,4.0,"https://www.google.com/maps/@?api=1&map_action=pano&viewpoint=3.37093596459433,-76.5566785652534"
EPE_1904-10300,Zona verde,No aplica,Local,18,1891,Polvorines,3.370014,-76.55395,1962,Regular,Alta,Sin amenaza,Sin amenaza,No,9100,Zona 2,0.35,No,No,0,0,TANIA PATRICIA GOMEZ BENAVIDEZ,1000,Bomberos Estacion X11,1524,4.0,"https://www.google.com/maps/@?api=1&map_action=pano&viewpoint=3.37001364224811,-76.5539498829749"
EPE_1905-10301,Zona verde,No aplica,Local,18,1891,Polvorines,3.37056,-76.555885,1012,Regular,Alta,Sin amenaza,Sin amenaza,No,9308,Zona 2,0.35,No,No,0,0,TANIA PATRICIA GOMEZ BENAVIDEZ,1135,Bomberos Estacion X11,1641,4.0,"https://www.google.com/maps/@?api=1&map_action=pano&viewpoint=3.37056015446246,-76.5558854699905"
EPE_1906-10302,Zona verde,No aplica,Zonal,18,1891,Polvorines,3.370169,-76.557289,13259,Regular,Alta,Sin amenaza,Sin amenaza,No,9467,Zona 2,0.35,No,No,0,0,TANIA PATRICIA GOMEZ BENAVIDEZ,1291,Bomberos Estacion X11,1790,4.0,"https://www.google.com/maps/@?api=1&map_action=pano&viewpoint=3.37016899523382,-76.5572887838042"
EPE_1907-10303,Zona verde,No aplica,Local,18,1891,Polvorines,3.369889,-76.554817,426,Insuficiente,Alta,Sin amenaza,Sin amenaza,No,9197,Zona 2,0.35,No,No,0,0,TANIA PATRICIA GOMEZ BENAVIDEZ,1082,Bomberos Estacion X11,1602,4.0,"https://www.google.com/maps/@?api=1&map_action=pano&viewpoint=3.36988948725687,-76.5548169126869"
EPE_1908-10304,Zona verde,No aplica,Local,18,1891,Polvorines,3.370139,-76.556623,837,Regular,Alta,Sin amenaza,Sin amenaza,No,9394,Zona 2,0.35,No,No,0,0,TANIA PATRICIA GOMEZ BENAVIDEZ,1229,Bomberos Estacion X11,1734,4.0,"https://www.google.com/maps/@?api=1&map_action=pano&viewpoint=3.37013863601256,-76.5566230743919"
EPE_1909-10305,Zona verde,No aplica,Local,18,1891,Polvorines,3.370294,-76.555296,997,Regular,Alta,Sin amenaza,Sin amenaza,No,9246,Zona 2,0.35,No,No,0,0,TANIA PATRICIA GOMEZ BENAVIDEZ,1097,Bomberos Estacion X11,1610,4.0,"https://www.google.com/maps/@?api=1&map_action=pano&viewpoint=3.37029363804023,-76.5552959024277"
EPE_1910-10306,Zona verde,No aplica,Local,18,1891,Polvorines,3.370479,-76.554048,1445,Regular,Alta,Sin amenaza,Sin amenaza,No,9106,Zona 2,0.35,No,No,0,0,TANIA PATRICIA GOMEZ BENAVIDEZ,975,Bomberos Estacion X11,1495,4.0,"https://www.google.com/maps/@?api=1&map_action=pano&viewpoint=3.37047911267646,-76.5540481018741"
EPE_1911-10307,Zona verde,No aplica,Local,18,1891,Polvorines,3.370352,-76.556888,453,Regular,Alta,Sin amenaza,Sin amenaza,No,9421,Zona 2,0.35,No,No,0,0,TANIA PATRICIA GOMEZ BENAVIDEZ,1242,Bomberos Estacion X11,1743,4.0,"https://www.google.com/maps/@?api=1&map_action=pano&viewpoint=3.37035152166651,-76.5568880654124"
EPE_1912-10308,Zona verde,No aplica,Local,18,1891,Polvorines,3.370316,-76.556142,1170,Regular,Alta,Sin amenaza,Sin amenaza,No,9339,Zona 2,0.35,No,No,0,0,TANIA PATRICIA GOMEZ BENAVIDEZ,1174,Bomberos Estacion X11,1680,4.0,"https://www.google.com/maps/@?api=1&map_action=pano&viewpoint=3.37031558772734,-76.5561418728326"
EPE_1913-10309,Zona verde,No aplica,Local,18,1891,Polvorines,3.37083,-76.557001,1178,Regular,Alta,Sin amenaza,Sin amenaza,No,9429,Zona 2,0.35,No,No,0,0,TANIA PATRICIA GOMEZ BENAVIDEZ,1227,Bomberos Estacion X11,1721,4.0,"https://www.google.com/maps/@?api=1&map_action=pano&viewpoint=3.3708304612533,-76.5570013744215"
EPE_1914-10310,Zona verde,No aplica,Local,18,1891,Polvorines,3.369685,-76.557778,3761,Insuficiente,Alta,Sin amenaza,Sin amenaza,No,9526,Zona 2,0.35,No,No,0,0,TANIA PATRICIA GOMEZ BENAVIDEZ,1365,Bomberos Estacion X11,1866,4.0,"https://www.google.com/maps/@?api=1&map_action=pano&viewpoint=3.3696851637273,-76.5577778489853"
EPE_1915-10311,Zona verde,No aplica,Local,22,2296,Parcelaciones Pance,3.335573,-76.540784,926,Insuficiente,Alta,Sin amenaza,Sin amenaza,No,8943,,,No,No,0,0,LASKIN PANCE,1461,Bomberos Estacion X11,4948,0,"https://www.google.com/maps/@?api=1&map_action=pano&viewpoint=3.33557344130623,-76.5407835275289"
EPE_1916-10312,Parque,Parque con colindancia,Local,17,1787,El Limonar,3.401125,-76.528706,2188,Regular,Alta,Sin amenaza,Sin amenaza,No,6723,Zona 4D,0.28,No,No,0,0,AMBULANCIAS EMERTRAUMA,646,Bomberos Estacion X4,1620,10.0,"https://www.google.com/maps/@?api=1&map_action=pano&viewpoint=3.40112508612619,-76.5287061519141"
EPE_1917-10313,Parque,Parque de borde,Zonal,13,1397,Sector Laguna del Pondaje,3.434669,-76.490461,8738,Adecuado,Alta,Alta,Sin amenaza,No,1905,Zona 6,0.25,Sí,No,14,0,SISTEMA INTEGRADO EN SALUD MEDICA Y OCUPACIONAL SAS,658,Bomberos Estacion X7,1178,35.5,"https://www.google.com/maps/@?api=1&map_action=pano&viewpoint=3.43466904411008,-76.4904611378884"
EPE_1918-10314,Zona verde,No aplica,Zonal,65,6599,Sector Geográfico Tres Cruces,3.478947,-76.530098,48825,Insuficiente,Alta,Sin amenaza,Sin amenaza,No,4824,Zona 1,0.22,No,No,3,0,LASKIN CHIPICHAPE,398,Bomberos Estacion X1,2091,0,"https://www.google.com/maps/@?api=1&map_action=pano&viewpoint=3.47894728628666,-76.5300975305849"
EPE_1919-10315,Zona verde,No aplica,Zonal,65,6599,Sector Geográfico Tres Cruces,3.480952,-76.531112,5655,Insuficiente,Alta,Sin amenaza,Sin amenaza,No,4823,Zona 1,0.22,No,No,4,0,PUESTO DE SALUD LA CAMPIÑA,305,Defensa Civil La Flora,2146,0,"https://www.google.com/maps/@?api=1&map_action=pano&viewpoint=3.48095209550589,-76.531111996439"
EPE_1920-10316,Zona verde,No aplica,Zonal,06,0608,Los Guaduales,3.495609,-76.498203,7141,Medio,Alta,No mitigable,Sin amenaza,No,832,Zona 6,0.25,Sí,No,11,0,CENTRO DE SALUD SAN LUIS II,1250,Bomberos Estacion X8,1837,28.0,"https://www.google.com/maps/@?api=1&map_action=pano&viewpoint=3.49560895937625,-76.498202602158"
EPE_1921-10317,Zona verde,No aplica,Zonal,06,0610,Ciudadela Floralia,3.502384,-76.493258,12087,Regular,Alta,Alta,Sin amenaza,No,114,Zona 6,0.25,Sí,No,49,2,CENTRO DE SALUD SAN LUIS II,1515,Bomberos Estacion X8,2644,28.0,"https://www.google.com/maps/@?api=1&map_action=pano&viewpoint=3.50238415326897,-76.4932577333566"
EPE_1923-10319,Zona verde,No aplica,Zonal,54,5406,La Riverita,3.359487,-76.544257,36987,Malo,Alta,Sin amenaza,Sin amenaza,No,8242,Zona 2,0.35,No,No,0,0,RUBEN DARIO ARCINIEGAS MARTINEZ,1155,Bomberos Estacion X11,2272,0,"https://www.google.com/maps/@?api=1&map_action=pano&viewpoint=3.35948653761009,-76.5442572914957"
EPE_1924-10320,Zona verde,No aplica,Zonal,54,5406,La Riverita,3.362402,-76.546777,16727,Malo,Alta,Sin amenaza,Sin amenaza,No,8441,,,No,No,0,0,RUBEN DARIO ARCINIEGAS MARTINEZ,1311,Bomberos Estacion X11,1965,0,"https://www.google.com/maps/@?api=1&map_action=pano&viewpoint=3.36240181459757,-76.546777243672"
EPE_1925-10321,Zona verde,No aplica,Local,54,5406,La Riverita,3.362986,-76.544526,1064,Malo,Alta,Sin amenaza,Sin amenaza,No,8183,,,No,No,0,0,RUBEN DARIO ARCINIEGAS MARTINEZ,1054,Bomberos Estacion X11,1883,0,"https://www.google.com/maps/@?api=1&map_action=pano&viewpoint=3.36298602651501,-76.5445263160179"
EPE_1926-10322,Parque,Parque con colindancia,Local,02,0217,Ciudad de Los Alamos,3.484466,-76.506899,138,Insuficiente,Alta,Sin amenaza,Sin amenaza,No,2367,Zona 4B,0.28,No,No,1,0,PUESTO DE SALUD CALIMA,552,Bomberos Estacion X8,1052,37.0,"https://www.google.com/maps/@?api=1&map_action=pano&viewpoint=3.48446581242072,-76.5068985747472"
EPE_1927-10323,Parque,Parque en serie,Local,02,0217,Ciudad de Los Alamos,3.428902,-76.511187,308,Regular,Alta,Sin amenaza,Sin amenaza,No,4262,Zona 5,0.28,Sí,No,9,0,CENTRO DE SALUD LUIS H. GARCES,143,Bomberos Estacion X3,2060,37.0,"https://www.google.com/maps/@?api=1&map_action=pano&viewpoint=3.42890176199476,-76.5111866471134"
EPE_1929-10325,Parque,Parque damero,Local,01,0196,Sector Patio Bonito,0.0,0.0,979,Insuficiente,Alta,Sin amenaza,Sin amenaza,No,,,,No,No,0,0,,,,,29.0,
EPE_193-10503,Zona verde,No aplica,Zonal,02,0295,Urbanización La Flora,3.473799,-76.514637,88942,Medio,Alta,Sin amenaza,Sin amenaza,No,3780,Zona 4B,0.28,No,No,0,0,PUESTO DE SALUD LA ISLA,389,Bomberos Estacion X8,1882,37.0,"https://www.google.com/maps/@?api=1&map_action=pano&viewpoint=3.47379862261127,-76.5146366167535"
EPE_1930-10326,Parque,Parque damero,Local,18,1897,Sector Alto Jordán,865198.113632,0.0,798,Insuficiente,Alta,Sin amenaza,Sin amenaza,No,,,,No,No,0,0,,,,,4.0,
EPE_1931-10327,Parque,Parque damero,Local,10,1004,Santa Elena,870980.292387,0.0,2527,Adecuado,Alta,Sin amenaza,Sin amenaza,No,,,,No,No,0,0,,,,,22.5,
EPE_1932-10328,Plazoleta,Plazoleta de remate,Local,03,0302,El Peñón,0.0,0.0,1181,Regular,Alta,Sin amenaza,Sin amenaza,No,,,,No,No,0,0,,,,,25.5,
EPE_1933-10329,Parque,Parque en serie,Local,17,1790,El Gran Limonar,0.0,0.0,3164,Medio,Alta,Sin amenaza,Sin amenaza,No,,,,No,No,0,0,,,,,10.0,
EPE_1934-10330,Parque,Parque para la recreación especializada,Zonal,01,0101,Terron Colorado,3.45154,-76.558464,9208,Adecuado,Alta,Sin amenaza,Sin amenaza,No,8979,Zona 2,0.35,No,No,4,0,LASKIN TIENDA DERMATOLOGICA OESTE,1030,Bomberos Estacion X6,1053,29.0,"https://www.google.com/maps/@?api=1&map_action=pano&viewpoint=3.45154031204324,-76.5584644124099"
EPE_1935-10331,Parque,Parque en serie,Local,19,1994,Pampa Linda,3.405776,-76.552006,3116,Optimo,Alta,Sin amenaza,Sin amenaza,No,9310,Zona 4C,0.4,No,No,11,5,JULIAN ALONSO CORONEL ARROYO,226,Bomberos Estacion X5,1250,170.0,"https://www.google.com/maps/@?api=1&map_action=pano&viewpoint=3.40577550067546,-76.5520061550838"
EPE_1936-10332,Parque,Parque irregular,Local,20,2006,Brisas de Mayo,3.415792,-76.562678,726,Regular,Alta,Sin amenaza,Sin amenaza,No,10139,Zona 2,0.35,No,No,20,0,CENTRO DE SALUD SILOE,975,Bomberos Estacion X5,857,53.0,"https://www.google.com/maps/@?api=1&map_action=pano&viewpoint=3.41579188563303,-76.5626779409089"
EPE_1937-10333,Parque,Parque irregular,Local,20,2006,Brisas de Mayo,3.415792,-76.562678,839,Regular,Alta,Sin amenaza,Sin amenaza,No,10139,Zona 2,0.35,No,No,20,0,CENTRO DE SALUD SILOE,975,Bomberos Estacion X5,857,53.0,"https://www.google.com/maps/@?api=1&map_action=pano&viewpoint=3.41579188563303,-76.5626779409089"
EPE_1938-10334,Parque,Parque damero,Local,13,1305,Los Comuneros II,3.42332,-76.490664,2479,Adecuado,Alta,Media,Sin amenaza,No,2708,Zona 6,0.25,Sí,No,14,0,E.S.E. RED DE SALUD DEL ORIENTE EMPRESA SOCIAL DEL ESTADO HOSPITAL CARLOS HOLMES TRUJILLO,393,Bomberos Estacion X7,814,35.5,"https://www.google.com/maps/@?api=1&map_action=pano&viewpoint=3.42332043843552,-76.4906644193998"
EPE_1939-10335,Parque,Parque para la recreación especializada,Local,19,1984,Unidad Residencial Santiago de Cali,0.0,0.0,3429,Adecuado,Alta,Sin amenaza,Sin amenaza,No,,,,No,No,0,0,,,,,170.0,
EPE_194-8598,Parque,Parque de borde,Zonal,02,0211,Prados del Norte,3.464689,-76.51956,23192,Medio,Alta,Sin amenaza,Sin amenaza,No,4623,Zona 4B,0.28,No,No,3,0,CLINICA NUESTRA SEÑORA DE LOS REMEDIOS,387,Bomberos Estacion X1,990,37.0,"https://www.google.com/maps/@?api=1&map_action=pano&viewpoint=3.46468938837318,-76.5195596408524"
EPE_1940-10336,Zona verde,No aplica,Zonal,17,1774,Caney,3.388821,-76.514536,12400,Medio,Alta,Sin amenaza,Sin amenaza,No,4832,Zona 5,0.28,Sí,No,0,0,REHABILITAMOS SEDE CANEY,467,Bomberos Estacion X10,2225,10.0,"https://www.google.com/maps/@?api=1&map_action=pano&viewpoint=3.38882076354764,-76.5145363710947"
EPE_1941-10337,Zona verde,No aplica,Local,17,1774,Caney,3.387912,-76.514586,150,Regular,Alta,Sin amenaza,Sin amenaza,No,4813,Zona 5,0.28,Sí,No,0,0,REHABILITAMOS SEDE CANEY,377,Bomberos Estacion X10,2306,10.0,"https://www.google.com/maps/@?api=1&map_action=pano&viewpoint=3.38791180136995,-76.5145863764377"
EPE_1942-10338,Parque,Parque para la recreación especializada,Zonal,17,1703,Ciudadela Comfandi,3.387277,-76.52343,6174,Regular,Alta,Sin amenaza,Sin amenaza,No,5761,Zona 4D,0.28,No,No,0,0,LINA MARIA RENDON RICO,406,Bomberos Estacion X11,2473,10.0,"https://www.google.com/maps/@?api=1&map_action=pano&viewpoint=3.38727651537182,-76.5234298582809"
EPE_1943-10339,Zona verde,No aplica,Local,18,1890,Sector Alto de los Chorros,3.393523,-76.559527,1932,Regular,Alta,Sin amenaza,Sin amenaza,No,9827,,,No,No,0,0,E.S.E. HOSPITAL DEPARTAMENTAL MARIO CORREA RENGIFO,800,Bomberos Estacion X11,2256,4.0,"https://www.google.com/maps/@?api=1&map_action=pano&viewpoint=3.39352265594537,-76.5595267235527"
EPE_1944-10340,Zona verde,No aplica,Local,17,1785,Los Portales - Nuevo Rey,3.395503,-76.538857,1670,Adecuado,Alta,Sin amenaza,Sin amenaza,No,7632,Zona 4D,0.28,No,No,3,1,ANA LUCIA ARBELAEZ RIVERA,223,Bomberos Estacion X11,1841,10.0,"https://www.google.com/maps/@?api=1&map_action=pano&viewpoint=3.39550315915918,-76.5388574643755"
EPE_1945-10341,Zona verde,No aplica,Local,17,1785,Los Portales - Nuevo Rey,3.395503,-76.538857,278,Adecuado,Alta,Sin amenaza,Sin amenaza,No,7632,Zona 4D,0.28,No,No,3,1,ANA LUCIA ARBELAEZ RIVERA,223,Bomberos Estacion X11,1841,10.0,"https://www.google.com/maps/@?api=1&map_action=pano&viewpoint=3.39550315915918,-76.5388574643755"
EPE_1946-10342,Zona verde,No aplica,Local,19,1995,Sector Cañaveralejo Guadalupe,0.0,0.0,3696,Regular,Alta,Sin amenaza,Sin amenaza,No,,,,No,No,0,0,,,,,170.0,
EPE_1947-10343,Parque,Parque de borde,Zonal,19,1981,Sector Altos de Santa Isabel,3.431315,-76.55375,5498,Adecuado,Alta,Sin amenaza,Sin amenaza,No,8753,Zona 1,0.22,No,No,5,0,LUZ MARINA MENESES BARANDICA,873,Cruz Roja San Fernando,1094,170.0,"https://www.google.com/maps/@?api=1&map_action=pano&viewpoint=3.43131486334164,-76.5537501820578"
EPE_1948-10344,Parque,Parque de borde,Zonal,19,1981,Sector Altos de Santa Isabel,3.431315,-76.55375,9078,Adecuado,Alta,Sin amenaza,Sin amenaza,No,8753,Zona 1,0.22,No,No,5,0,LUZ MARINA MENESES BARANDICA,873,Cruz Roja San Fernando,1094,170.0,"https://www.google.com/maps/@?api=1&map_action=pano&viewpoint=3.43131486334164,-76.5537501820578"
EPE_1949-10345,Parque,Parque de borde,Zonal,19,1981,Sector Altos de Santa Isabel,3.431315,-76.55375,7392,Adecuado,Alta,Sin amenaza,Sin amenaza,No,8753,Zona 1,0.22,No,No,5,0,LUZ MARINA MENESES BARANDICA,873,Cruz Roja San Fernando,1094,170.0,"https://www.google.com/maps/@?api=1&map_action=pano&viewpoint=3.43131486334164,-76.5537501820578"
EPE_195-8599,Parque,Parque para la recreación especializada,Urbano,02,0298,Senderos de La Flora,3.493147,-76.520389,60024,Medio,Alta,Sin amenaza,Sin amenaza,No,3241,Zona 4B,0.28,No,No,2,0,IPS CFA LA FLORA,927,Defensa Civil La Flora,709,37.0,"https://www.google.com/maps/@?api=1&map_action=pano&viewpoint=3.49314700022274,-76.5203885779697"
EPE_1950-10346,Zona verde,No aplica,Local,19,1983,Tejares - Cristales,3.439333,-76.547908,825,Regular,Alta,Sin amenaza,Sin amenaza,No,7946,Zona 1,0.22,No,No,20,1,CARLOS EDUARDO ROJAS MARTINEZ,223,Bomberos Estacion X2,1253,170.0,"https://www.google.com/maps/@?api=1&map_action=pano&viewpoint=3.43933347064525,-76.5479080352377"
EPE_1951-10347,Parque,Parque en serie,Local,19,1919,Cuarto de Legua - Guadalupe,3.440031,-76.546522,4177,Adecuado,Alta,Sin amenaza,Sin amenaza,No,7782,Zona 2,0.35,No,No,18,2,CARLOS EDUARDO ROJAS MARTINEZ,57,Bomberos Estacion X2,1135,170.0,"https://www.google.com/maps/@?api=1&map_action=pano&viewpoint=3.44003099631649,-76.5465217456053"
EPE_1952-10348,Zona verde,No aplica,Zonal,65,6599,Sector Geográfico Tres Cruces,0.0,0.0,21997,Regular,Alta,Sin amenaza,Sin amenaza,No,,,,No,No,0,0,,,,,0,
EPE_1953-10349,Zona verde,No aplica,Local,65,6599,Sector Geográfico Tres Cruces,0.0,0.0,3855,Regular,Alta,Sin amenaza,Sin amenaza,No,,,,No,No,0,0,,,,,0,
EPE_1954-10350,Zona verde,No aplica,Zonal,65,6599,Sector Geográfico Tres Cruces,3.478947,-76.530098,7850,Insuficiente,Alta,Sin amenaza,Sin amenaza,No,4824,Zona 1,0.22,No,No,3,0,LASKIN CHIPICHAPE,398,Bomberos Estacion X1,2091,0,"https://www.google.com/maps/@?api=1&map_action=pano&viewpoint=3.47894728628666,-76.5300975305849"
EPE_1955-10351,Zona verde,No aplica,Zonal,65,6599,Sector Geográfico Tres Cruces,3.478947,-76.530098,10668,Insuficiente,Alta,Sin amenaza,Sin amenaza,No,4824,Zona 1,0.22,No,No,3,0,LASKIN CHIPICHAPE,398,Bomberos Estacion X1,2091,0,"https://www.google.com/maps/@?api=1&map_action=pano&viewpoint=3.47894728628666,-76.5300975305849"
EPE_196-8600,Parque,Parque de borde,Zonal,02,0219,Brisas de Los Alamos,3.491952,-76.501333,44059,Optimo,Alta,No mitigable,Sin amenaza,No,1353,Zona 6,0.25,Sí,No,0,0,PUESTO DE SALUD CALIMA,805,Bomberos Estacion X8,1414,37.0,"https://www.google.com/maps/@?api=1&map_action=pano&viewpoint=3.49195159572793,-76.5013333060604"
EPE_1962-10358,Parque,Parque de borde,Zonal,17,1775,Lili,0.0,0.0,17182,Medio,Alta,Sin amenaza,Sin amenaza,No,,,,No,No,0,0,,,,,10.0,
EPE_1963-10359,Zona verde,No aplica,Zonal,17,1775,Lili,0.0,0.0,22806,Medio,Alta,Sin amenaza,Sin amenaza,No,,,,No,No,0,0,,,,,10.0,
EPE_1964-10360,Zona verde,No aplica,Zonal,17,1775,Lili,0.0,0.0,30189,Medio,Alta,Sin amenaza,Sin amenaza,No,,,,No,No,0,0,,,,,10.0,
EPE_1965-10361,Zona verde,No aplica,Zonal,17,1775,Lili,0.0,0.0,12523,Medio,Alta,Sin amenaza,Sin amenaza,No,,,,No,No,0,0,,,,,10.0,
EPE_1966-10362,Zona verde,No aplica,Zonal,17,1775,Lili,0.0,0.0,23859,Medio,Alta,Sin amenaza,Sin amenaza,No,,,,No,No,0,0,,,,,10.0,
EPE_1967-10363,Zona verde,No aplica,Local,17,1774,Caney,0.0,0.0,1299,Adecuado,Alta,Sin amenaza,Sin amenaza,No,,,,No,No,0,0,,,,,10.0,
EPE_197-8601,Parque,Parque para la recreación especializada,Zonal,02,0294,Vipasa,3.478409,-76.520053,5902,Medio,Alta,Sin amenaza,Sin amenaza,No,3918,Zona 4B,0.28,No,No,0,0,CENTRO ESPECIALIZADO EN FRACTURAS Y LESIONES DEPORTIVAS,284,Defensa Civil La Flora,1508,37.0,"https://www.google.com/maps/@?api=1&map_action=pano&viewpoint=3.47840906276907,-76.5200532480816"
EPE_198-8602,Parque,Parque irregular,Zonal,03,0303,San Antonio,3.447339,-76.541478,21851,Optimo,Alta,Sin amenaza,Sin amenaza,No,7136,Zona 2,0.35,No,No,2,0,Hogares Maria Goretti,207,Gestion del Riesgo Oficina,859,25.5,"https://www.google.com/maps/@?api=1&map_action=pano&viewpoint=3.44733883387676,-76.5414784961109"
EPE_199-8603,Parque,Parque de borde,Zonal,02,0206,Centenario,3.453538,-76.535043,17313,Optimo,Alta,Sin amenaza,Sin amenaza,No,6371,,,No,No,3,0,CLINICA COLSANITAS S.A SEBASTIAN DEL BELALCAZAR,266,Gestion del Riesgo Oficina,340,37.0,"https://www.google.com/maps/@?api=1&map_action=pano&viewpoint=3.45353752082154,-76.5350430360976"
EPE_20-8430,Zona verde,No aplica,Local,02,0205,Juanambú,3.454565,-76.538858,312,Insuficiente,Media,Sin amenaza,Sin amenaza,No,6780,,,No,No,11,0,HELPHARMA SIGLO XXI,111,Gestion del Riesgo Oficina,664,37.0,"https://www.google.com/maps/@?api=1&map_action=pano&viewpoint=3.45456495357937,-76.5388578051115"
EPE_200-8604,Parque,Parque en serie,Local,11,1117,José María Córdoba,3.421936,-76.51025,3297,Adecuado,Alta,Sin amenaza,Sin amenaza,No,4515,Zona 6,0.25,Sí,No,9,0,SERVICIO ASISTENCIAL INMEDIATO S.A.S,671,Bomberos Estacion X4,1496,21.5,"https://www.google.com/maps/@?api=1&map_action=pano&viewpoint=3.4219358376345,-76.5102496793834"
EPE_201-8605,Parque,Parque en serie,Zonal,11,1122,Primavera,3.421814,-76.509714,6093,Adecuado,Alta,Sin amenaza,Sin amenaza,No,4471,Zona 6,0.25,Sí,No,9,0,SERVICIO ASISTENCIAL INMEDIATO S.A.S,633,Bomberos Estacion X4,1519,21.5,"https://www.google.com/maps/@?api=1&map_action=pano&viewpoint=3.42181372351173,-76.5097140697867"
EPE_202-8606,Parque,Parque damero,Local,11,1122,Primavera,3.422138,-76.508275,2634,Medio,Alta,Sin amenaza,Sin amenaza,No,4316,Zona 6,0.25,Sí,No,9,0,SERVICIO ASISTENCIAL INMEDIATO S.A.S,495,Bomberos Estacion X4,1646,21.5,"https://www.google.com/maps/@?api=1&map_action=pano&viewpoint=3.4221381324922,-76.5082751581882"
EPE_2028-10424,Zona verde,No aplica,Local,22,2296,Parcelaciones Pance,0.0,0.0,500,Adecuado,Alta,Sin amenaza,Sin amenaza,No,,,,No,No,0,0,,,,,0,
EPE_2029-10425,Zona verde,No aplica,Local,22,2296,Parcelaciones Pance,0.0,0.0,2000,Adecuado,Alta,Sin amenaza,Sin amenaza,No,,,,No,No,0,0,,,,,0,
EPE_203-8607,Zona verde,No aplica,Local,16,1601,Mariano Ramos,3.405895,-76.519944,752,Medio,Alta,Sin amenaza,Sin amenaza,No,5754,Zona 5,0.28,Sí,No,1,0,AMBULANCIAS S.P.I S.A.S,384,Bomberos Estacion X4,594,7.0,"https://www.google.com/maps/@?api=1&map_action=pano&viewpoint=3.40589484696049,-76.5199442864228"
EPE_2030-10426,Zona verde,No aplica,Zonal,22,2296,Parcelaciones Pance,0.0,0.0,12656,Adecuado,Alta,Sin amenaza,Sin amenaza,No,,,,No,No,0,0,,,,,0,
EPE_2031-10427,Zona verde,No aplica,Local,22,2296,Parcelaciones Pance,0.0,0.0,497,Adecuado,Alta,Sin amenaza,Sin amenaza,No,,,,No,No,0,0,,,,,0,
EPE_204-8608,Parque,Parque damero,Local,11,1106,El Jardín,3.422939,-76.516903,923,Medio,Alta,Sin amenaza,Sin amenaza,No,5111,Zona 5,0.28,Sí,No,11,0,CENTRO DE SALUD LUIS H. GARCES,792,Bomberos Estacion X4,1356,21.5,"https://www.google.com/maps/@?api=1&map_action=pano&viewpoint=3.42293915063778,-76.5169030680518"
EPE_205-8609,Parque,Parque con colindancia,Local,11,1101,San Carlos,3.422658,-76.512879,2680,Medio,Alta,Sin amenaza,Sin amenaza,No,4729,Zona 5,0.28,Sí,No,6,0,CENTRO DE SALUD LUIS H. GARCES,648,Bomberos Estacion X4,1429,21.5,"https://www.google.com/maps/@?api=1&map_action=pano&viewpoint=3.422658025953,-76.5128791080407"
EPE_206-8610,Parque,Parque damero,Local,11,1122,Primavera,3.423043,-76.508645,1653,Adecuado,Alta,Sin amenaza,Sin amenaza,No,4299,Zona 6,0.25,Sí,No,10,0,SERVICIO ASISTENCIAL INMEDIATO S.A.S,455,Bomberos Estacion X4,1699,21.5,"https://www.google.com/maps/@?api=1&map_action=pano&viewpoint=3.42304327786309,-76.5086449326817"
EPE_207-8611,Parque,Parque damero,Local,11,1106,El Jardín,3.424515,-76.517204,1161,Adecuado,Alta,Sin amenaza,Sin amenaza,No,5067,Zona 5,0.28,Sí,No,8,0,CENTRO DE SALUD LUIS H. GARCES,691,Bomberos Estacion X4,1529,21.5,"https://www.google.com/maps/@?api=1&map_action=pano&viewpoint=3.42451507935921,-76.5172042628857"
EPE_2077-10500,Zona verde,No aplica,Zonal,22,2296,Parcelaciones Pance,3.344352,-76.549605,11637,Regular,Alta,Sin amenaza,Sin amenaza,No,9356,Zona 4E,0.25,No,No,0,0,LASKIN PANCE,1712,Bomberos Estacion X11,3996,0,"https://www.google.com/maps/@?api=1&map_action=pano&viewpoint=3.34435174367595,-76.5496045700778"
EPE_2077-10473,Zona verde,No aplica,Zonal,22,2296,Parcelaciones Pance,3.344352,-76.549605,129674,Regular,Alta,Sin amenaza,Sin amenaza,No,9356,Zona 4E,0.25,No,No,0,0,LASKIN PANCE,1712,Bomberos Estacion X11,3996,0,"https://www.google.com/maps/@?api=1&map_action=pano&viewpoint=3.34435174367595,-76.5496045700778"
EPE_208-8612,Parque,Parque damero,Local,11,1106,El Jardín,3.427885,-76.515325,777,Regular,Alta,Sin amenaza,Sin amenaza,No,4731,Zona 5,0.28,Sí,No,6,0,CENTRO DE SALUD LUIS H. GARCES,331,Bomberos Estacion X4,1922,21.5,"https://www.google.com/maps/@?api=1&map_action=pano&viewpoint=3.42788534951931,-76.5153245644591"
EPE_209-8613,Parque,Parque con colindancia,Local,11,1108,El Recuerdo,3.431522,-76.515356,1188,Optimo,Alta,Sin amenaza,Sin amenaza,No,4605,Zona 4B,0.28,No,No,8,0,IPS COMFANDI EL PRADO,452,Bomberos Estacion X3,1819,21.5,"https://www.google.com/maps/@?api=1&map_action=pano&viewpoint=3.43152203699654,-76.515356249092"
EPE_2099-10495,Parque,Parque de borde,Zonal,02,0207,Granada,3.456087,-76.531452,26933,Optimo,Alta,Sin amenaza,Sin amenaza,No,5946,,,No,No,4,0,CLINICA VALLE SALUD,148,Bomberos Estacion X1,657,37.0,"https://www.google.com/maps/@?api=1&map_action=pano&viewpoint=3.45608707902806,-76.5314516283341"
EPE_21-8431,Parque,Parque con colindancia,Local,03,0313,El Hoyo,3.455823,-76.53032,1233,Adecuado,Alta,Sin amenaza,Sin amenaza,No,5823,Zona 4A,0.33,No,No,2,0,CLINICA DE OTORRINOLARINGOLOGIA CIRUGIA PLASTICA,262,Bomberos Estacion X1,601,25.5,"https://www.google.com/maps/@?api=1&map_action=pano&viewpoint=3.45582250644973,-76.5303198087239"
EPE_210-8614,Zona verde,No aplica,Local,11,1101,San Carlos,3.421027,-76.514858,2114,Medio,Alta,Sin amenaza,Sin amenaza,No,5009,Zona 5,0.28,Sí,No,9,0,CENTRO DE SALUD LUIS H. GARCES,871,Bomberos Estacion X4,1185,21.5,"https://www.google.com/maps/@?api=1&map_action=pano&viewpoint=3.42102656952794,-76.5148579863332"
EPE_2100-10496,Parque,Parque de borde,Zonal,03,0311,San Pedro,3.456087,-76.531452,18809,Optimo,Alta,Sin amenaza,Sin amenaza,No,5946,,,No,No,4,0,CLINICA VALLE SALUD,148,Bomberos Estacion X1,657,25.5,"https://www.google.com/maps/@?api=1&map_action=pano&viewpoint=3.45608707902806,-76.5314516283341"
EPE_2101-10497,Zona verde,No aplica,Local,02,0205,Juanambú,3.45858,-76.538219,4659,Insuficiente,Alta,Sin amenaza,Sin amenaza,No,6681,Zona 1,0.22,No,No,15,0,CLINICA COLSANITAS S.A SEBASTIAN DEL BELALCAZAR,464,Gestion del Riesgo Oficina,987,37.0,"https://www.google.com/maps/@?api=1&map_action=pano&viewpoint=3.45857957942545,-76.5382190382309"
EPE_211-8615,Parque,Parque en serie,Local,11,1121,San Benito,3.430095,-76.510183,2627,Adecuado,Alta,Sin amenaza,Sin amenaza,No,4110,Zona 5,0.28,Sí,No,8,0,CENTRO DE SALUD LUIS H. GARCES,306,Bomberos Estacion X3,1932,21.5,"https://www.google.com/maps/@?api=1&map_action=pano&viewpoint=3.43009485615114,-76.5101829560759"
EPE_212-8616,Parque,Parque con colindancia,Zonal,11,1101,San Carlos,3.422589,-76.514417,12366,Medio,Alta,Sin amenaza,Sin amenaza,No,4883,Zona 5,0.28,Sí,No,10,0,CENTRO DE SALUD LUIS H. GARCES,691,Bomberos Estacion X4,1366,21.5,"https://www.google.com/maps/@?api=1&map_action=pano&viewpoint=3.42258922535157,-76.5144167724742"
EPE_213-8617,Parque,Parque con colindancia,Local,12,1202,Asturias,3.438326,-76.501217,1058,Medio,Baja,Sin amenaza,Sin amenaza,No,2901,Zona 5,0.28,Sí,No,6,0,CENTRO DE SALUD EL RODEO,476,Bomberos Estacion X3,1525,8.5,"https://www.google.com/maps/@?api=1&map_action=pano&viewpoint=3.43832640140498,-76.501217060743"
EPE_214-8618,Parque,Parque con colindancia,Local,12,1202,Asturias,3.438068,-76.502005,994,Adecuado,Baja,Sin amenaza,Sin amenaza,No,2992,Zona 5,0.28,Sí,No,7,0,CENTRO DE SALUD EL RODEO,408,Bomberos Estacion X3,1481,8.5,"https://www.google.com/maps/@?api=1&map_action=pano&viewpoint=3.43806810843014,-76.5020048043118"
EPE_215-8619,Parque,Parque damero,Local,09,0906,Manuel Maria Buenaventura,3.438447,-76.522953,3138,Optimo,Alta,Sin amenaza,Sin amenaza,No,5244,Zona 4A,0.33,No,No,3,0,MEDIC AMB SAS,258,Bomberos Estacion X2,1595,34.0,"https://www.google.com/maps/@?api=1&map_action=pano&viewpoint=3.43844682731825,-76.5229534337886"
EPE_216-8620,Parque,Parque con colindancia,Local,10,1007,Jorge Zawadsky,3.408457,-76.531879,2015,Adecuado,Alta,Sin amenaza,Sin amenaza,No,7095,Zona 4C,0.4,No,No,1,0,IPS SURA PASO ANCHO CALI,397,Bomberos Estacion X4,1587,22.5,"https://www.google.com/maps/@?api=1&map_action=pano&viewpoint=3.40845710789947,-76.5318788581868"
EPE_217-8621,Parque,Parque para la recreación especializada,Zonal,10,1014,Colseguros Andes,3.427846,-76.529588,13156,Adecuado,Alta,Sin amenaza,Sin amenaza,No,6236,Zona 4A,0.33,No,No,3,0,SOPORTE VITAL CALI,146,Bomberos Estacion X2,1234,22.5,"https://www.google.com/maps/@?api=1&map_action=pano&viewpoint=3.42784647553128,-76.529587929802"
EPE_218-8622,Parque,Parque con colindancia,Local,10,1014,Colseguros Andes,3.429188,-76.528066,4892,Optimo,Alta,Sin amenaza,Sin amenaza,No,6034,Zona 4A,0.33,No,No,4,0,ADRIANA SANTAMARIA GIRALDO,235,Bomberos Estacion X2,1259,22.5,"https://www.google.com/maps/@?api=1&map_action=pano&viewpoint=3.42918831938225,-76.5280664747291"
EPE_219-8623,Zona verde,No aplica,Local,10,1001,El Dorado,3.418609,-76.527933,2291,Regular,Alta,Sin amenaza,Sin amenaza,No,6423,Zona 4C,0.4,No,No,6,0,LEONOR ANDREA LOPEZ GUTIERREZ,565,Bomberos Estacion X4,1425,22.5,"https://www.google.com/maps/@?api=1&map_action=pano&viewpoint=3.41860921624496,-76.5279325598635"
EPE_22-8432,Parque,Parque damero,Local,02,0205,Juanambú,3.455902,-76.537514,213,Regular,Media,Sin amenaza,Sin amenaza,No,6618,,,No,No,14,0,CLINICA COLSANITAS S.A SEBASTIAN DEL BELALCAZAR,157,Gestion del Riesgo Oficina,687,37.0,"https://www.google.com/maps/@?api=1&map_action=pano&viewpoint=3.45590201509026,-76.5375139454706"
EPE_220-8624,Zona verde,No aplica,Local,10,1001,El Dorado,3.420324,-76.529951,457,Insuficiente,Alta,Sin amenaza,Sin amenaza,No,6551,Zona 4C,0.4,No,No,7,1,LEONOR ANDREA LOPEZ GUTIERREZ,570,Bomberos Estacion X4,1719,22.5,"https://www.google.com/maps/@?api=1&map_action=pano&viewpoint=3.42032411757461,-76.5299511751654"
EPE_221-8625,Parque,Parque con colindancia,Local,10,1012,Pasoancho,3.41916,-76.532787,3415,Adecuado,Alta,Sin amenaza,Sin amenaza,No,6891,Zona 4C,0.4,No,No,14,3,LEONOR ANDREA LOPEZ GUTIERREZ,398,Cruz Roja San Fernando,1605,22.5,"https://www.google.com/maps/@?api=1&map_action=pano&viewpoint=3.41916003523275,-76.5327870055593"
EPE_222-8626,Parque,Parque para la recreación especializada,Local,10,1001,El Dorado,3.419061,-76.528692,1579,Medio,Alta,Sin amenaza,Sin amenaza,No,6479,Zona 4C,0.4,No,No,7,1,LEONOR ANDREA LOPEZ GUTIERREZ,533,Bomberos Estacion X4,1522,22.5,"https://www.google.com/maps/@?api=1&map_action=pano&viewpoint=3.41906054798407,-76.5286923487354"
EPE_223-8627,Parque,Parque con colindancia,Local,10,1011,Departamental,3.413399,-76.536522,269,Malo,Alta,Sin amenaza,Sin amenaza,No,7533,Zona 4C,0.4,No,No,7,1,SANACION Y VIDA IPS S.A.S,158,Cruz Roja San Fernando,1790,22.5,"https://www.google.com/maps/@?api=1&map_action=pano&viewpoint=3.41339936181778,-76.5365216160437"
EPE_224-8628,Parque,Parque con colindancia,Local,10,1011,Departamental,3.413639,-76.536611,1246,Medio,Alta,Sin amenaza,Sin amenaza,No,7530,Zona 4C,0.4,No,No,8,1,SANACION Y VIDA IPS S.A.S,167,Cruz Roja San Fernando,1762,22.5,"https://www.google.com/maps/@?api=1&map_action=pano&viewpoint=3.41363911981091,-76.5366113379306"
EPE_225-8629,Parque,Parque con colindancia,Local,16,1604,Antonio Nariño,3.412964,-76.505567,1797,Medio,Alta,Alta,Sin amenaza,No,4270,Zona 6,0.25,Sí,No,2,0,HOSPITAL A CASA SAS,792,Bomberos Estacion X10,1093,7.0,"https://www.google.com/maps/@?api=1&map_action=pano&viewpoint=3.41296432041483,-76.5055671561606"
EPE_226-8630,Parque,Parque con colindancia,Local,16,1604,Antonio Nariño,3.415974,-76.508616,2625,Medio,Alta,Baja,Sin amenaza,No,4637,Zona 6,0.25,Sí,No,7,0,E.S.E. HOSPITAL CARLOS CARMONA MONTOYA IPS,948,Bomberos Estacion X4,1169,7.0,"https://www.google.com/maps/@?api=1&map_action=pano&viewpoint=3.4159738935196,-76.5086162129299"
EPE_227-8631,Parque,Parque con colindancia,Local,16,1602,República de Israel,3.408836,-76.513891,4084,Medio,Alta,Sin amenaza,Sin amenaza,No,5112,Zona 5,0.28,Sí,No,3,0,E.S.E. HOSPITAL CARLOS CARMONA MONTOYA IPS,111,Bomberos Estacion X4,482,7.0,"https://www.google.com/maps/@?api=1&map_action=pano&viewpoint=3.40883553952399,-76.5138906572208"
EPE_228-8632,Parque,Parque con colindancia,Zonal,16,1602,República de Israel,3.409191,-76.515779,6300,Adecuado,Alta,Sin amenaza,Sin amenaza,No,5325,Zona 5,0.28,Sí,No,2,0,E.S.E. HOSPITAL CARLOS CARMONA MONTOYA IPS,163,Bomberos Estacion X4,283,7.0,"https://www.google.com/maps/@?api=1&map_action=pano&viewpoint=3.40919060671204,-76.5157787640751"
EPE_229-8633,Parque,Parque con colindancia,Zonal,16,1601,Mariano Ramos,3.406101,-76.518084,6863,Adecuado,Alta,Sin amenaza,Sin amenaza,No,5549,Zona 5,0.28,Sí,No,1,0,AMBULANCIAS S.P.I S.A.S,507,Bomberos Estacion X4,521,7.0,"https://www.google.com/maps/@?api=1&map_action=pano&viewpoint=3.40610147783251,-76.5180835928364"
EPE_23-8433,Zona verde,No aplica,Local,02,0207,Granada,3.458616,-76.531958,164,Insuficiente,Media,Sin amenaza,Sin amenaza,No,5986,Zona 4A,0.33,No,No,3,0,CLINICA DE OTORRINOLARINGOLOGIA CIRUGIA PLASTICA,169,Bomberos Estacion X1,547,37.0,"https://www.google.com/maps/@?api=1&map_action=pano&viewpoint=3.45861595750463,-76.5319580902247"
EPE_230-8634,Parque,Parque damero,Zonal,16,1697,Ciudad 2000,3.391443,-76.517003,9197,Adecuado,Alta,Sin amenaza,Sin amenaza,No,5174,Zona 5,0.28,Sí,No,0,0,REHABILITAMOS SEDE CANEY,705,Bomberos Estacion X4,2151,7.0,"https://www.google.com/maps/@?api=1&map_action=pano&viewpoint=3.39144327127418,-76.5170033346216"
EPE_231-8635,Parque,Parque damero,Zonal,16,1697,Ciudad 2000,3.393005,-76.516475,5645,Adecuado,Alta,Sin amenaza,Sin amenaza,No,5171,Zona 5,0.28,Sí,No,0,0,REHABILITAMOS SEDE CANEY,877,Bomberos Estacion X4,1981,7.0,"https://www.google.com/maps/@?api=1&map_action=pano&viewpoint=3.39300461372484,-76.5164749213046"
EPE_232-8636,Parque,Parque damero,Zonal,16,1697,Ciudad 2000,3.393904,-76.517771,8016,Adecuado,Alta,Sin amenaza,Sin amenaza,No,5339,Zona 5,0.28,Sí,No,0,0,REHABILITAMOS SEDE CANEY,987,Bomberos Estacion X4,1876,7.0,"https://www.google.com/maps/@?api=1&map_action=pano&viewpoint=3.39390411470114,-76.5177714458539"
EPE_233-8637,Parque,Parque damero,Zonal,16,1697,Ciudad 2000,3.396567,-76.520074,5963,Optimo,Alta,Sin amenaza,Sin amenaza,No,5675,Zona 5,0.28,Sí,No,0,0,REHABILITAMOS SEDE CANEY,1333,Bomberos Estacion X4,1600,7.0,"https://www.google.com/maps/@?api=1&map_action=pano&viewpoint=3.3965672189276,-76.5200735141713"
EPE_234-8638,Parque,Parque damero,Local,16,1697,Ciudad 2000,3.395401,-76.522455,4339,Adecuado,Alta,Sin amenaza,Sin amenaza,No,5884,Zona 4D,0.28,No,No,0,0,LINA MARIA RENDON RICO,1302,Bomberos Estacion X4,1787,7.0,"https://www.google.com/maps/@?api=1&map_action=pano&viewpoint=3.3954006377414,-76.5224553103712"
EPE_235-8639,Zona verde,No aplica,Local,16,1697,Ciudad 2000,3.398344,-76.520927,967,Regular,Alta,Sin amenaza,Sin amenaza,No,5832,Zona 5,0.28,Sí,No,0,0,AMBULANCIAS S.P.I S.A.S,1173,Bomberos Estacion X4,1426,7.0,"https://www.google.com/maps/@?api=1&map_action=pano&viewpoint=3.39834446216772,-76.5209271345416"
EPE_236-8640,Zona verde,No aplica,Local,16,1697,Ciudad 2000,3.398235,-76.521321,1116,Regular,Alta,Sin amenaza,Sin amenaza,No,5869,Zona 4D,0.28,No,No,0,0,AMBULANCIAS S.P.I S.A.S,1183,Bomberos Estacion X4,1449,7.0,"https://www.google.com/maps/@?api=1&map_action=pano&viewpoint=3.39823467339229,-76.5213209091444"
EPE_237-8641,Zona verde,No aplica,Local,16,1697,Ciudad 2000,3.393824,-76.518944,2756,Medio,Alta,Sin amenaza,Sin amenaza,No,5460,Zona 5,0.28,Sí,No,0,0,REHABILITAMOS SEDE CANEY,1005,Bomberos Estacion X4,1889,7.0,"https://www.google.com/maps/@?api=1&map_action=pano&viewpoint=3.39382387580232,-76.5189437439347"
EPE_238-8642,Zona verde,No aplica,Local,16,1697,Ciudad 2000,3.394373,-76.515278,4072,Medio,Alta,Sin amenaza,Sin amenaza,No,5092,Zona 5,0.28,Sí,No,0,0,IPS COMFANDI MORICHAL,1016,Bomberos Estacion X4,1845,7.0,"https://www.google.com/maps/@?api=1&map_action=pano&viewpoint=3.39437330144445,-76.5152782747418"
EPE_239-8643,Zona verde,No aplica,Zonal,16,1697,Ciudad 2000,3.396262,-76.517855,6099,Adecuado,Alta,Sin amenaza,Sin amenaza,No,5432,Zona 5,0.28,Sí,No,0,0,IPS COMFANDI MORICHAL,1205,Bomberos Estacion X4,1614,7.0,"https://www.google.com/maps/@?api=1&map_action=pano&viewpoint=3.39626243226618,-76.5178552036567"
EPE_24-8434,Plazoleta,Plazoleta de enlace,Local,02,0208,Versalles,3.461385,-76.530016,779,Adecuado,Media,Sin amenaza,Sin amenaza,No,5767,Zona 4A,0.33,No,No,0,0,CLINICA DE OCCIDENTE CENTRO DE ESPECIALISTAS,42,Bomberos Estacion X1,319,37.0,"https://www.google.com/maps/@?api=1&map_action=pano&viewpoint=3.46138510594119,-76.530016052054"
EPE_240-8644,Zona verde,No aplica,Zonal,16,1697,Ciudad 2000,3.39519,-76.520507,5014,Regular,Alta,Sin amenaza,Sin amenaza,No,5671,Zona 5,0.28,Sí,No,0,0,REHABILITAMOS SEDE CANEY,1205,Bomberos Estacion X4,1759,7.0,"https://www.google.com/maps/@?api=1&map_action=pano&viewpoint=3.39519030304156,-76.5205068213067"
EPE_241-8645,Zona verde,No aplica,Zonal,16,1697,Ciudad 2000,3.396855,-76.522302,6734,Adecuado,Alta,Sin amenaza,Sin amenaza,No,5919,Zona 4D,0.28,No,No,0,0,AMBULANCIAS S.P.I S.A.S,1337,Bomberos Estacion X4,1627,7.0,"https://www.google.com/maps/@?api=1&map_action=pano&viewpoint=3.39685490067551,-76.5223015479311"
EPE_242-8646,Parque,Parque con colindancia,Local,16,1601,Mariano Ramos,3.398898,-76.516818,3927,Adecuado,Alta,Sin amenaza,Sin amenaza,No,5418,Zona 5,0.28,Sí,No,0,0,IPS COMFANDI MORICHAL,1054,Bomberos Estacion X4,1325,7.0,"https://www.google.com/maps/@?api=1&map_action=pano&viewpoint=3.39889762087394,-76.5168184095113"
EPE_243-8647,Zona verde,No aplica,Local,16,1697,Ciudad 2000,3.391453,-76.518538,3838,Regular,Alta,Sin amenaza,Sin amenaza,No,5338,Zona 5,0.28,Sí,No,0,0,REHABILITAMOS SEDE CANEY,739,Bomberos Estacion X4,2150,7.0,"https://www.google.com/maps/@?api=1&map_action=pano&viewpoint=3.39145299946653,-76.5185380780264"
EPE_244-8648,Parque,Parque en serie,Zonal,16,1697,Ciudad 2000,3.397669,-76.519006,5027,Medio,Alta,Sin amenaza,Sin amenaza,No,5606,Zona 5,0.28,Sí,No,0,0,AMBULANCIAS S.P.I S.A.S,1281,Bomberos Estacion X4,1464,7.0,"https://www.google.com/maps/@?api=1&map_action=pano&viewpoint=3.39766905026353,-76.5190063773448"
EPE_245-8649,Parque,Parque con colindancia,Local,10,1002,El Guabal,3.412985,-76.526748,876,Insuficiente,Alta,Sin amenaza,Sin amenaza,No,6591,Zona 5,0.28,Sí,No,1,0,WILLIAM JARAMILLO GALLEGO,656,Bomberos Estacion X4,1026,22.5,"https://www.google.com/maps/@?api=1&map_action=pano&viewpoint=3.4129851773896,-76.5267484623791"
EPE_246-8650,Parque,Parque con colindancia,Local,16,1602,República de Israel,3.406619,-76.510496,4952,Regular,Alta,Sin amenaza,Sin amenaza,No,4713,Zona 6,0.25,Sí,No,2,0,UNIDAD MEDICA INMEDIATA SAS,83,Bomberos Estacion X4,931,7.0,"https://www.google.com/maps/@?api=1&map_action=pano&viewpoint=3.40661911150676,-76.5104962776871"
EPE_247-8651,Zona verde,No aplica,Local,16,1603,Unión de Vivienda Popular,3.409191,-76.506809,1952,Insuficiente,Alta,Alta,Sin amenaza,No,4339,Zona 6,0.25,Sí,No,2,0,HOSPITAL A CASA SAS,379,Bomberos Estacion X10,824,7.0,"https://www.google.com/maps/@?api=1&map_action=pano&viewpoint=3.40919088900482,-76.5068088538125"
EPE_248-8652,Parque,Parque damero,Local,16,1697,Ciudad 2000,3.393345,-76.520887,4370,Insuficiente,Alta,Sin amenaza,Sin amenaza,No,5648,Zona 5,0.28,Sí,No,0,0,REHABILITAMOS SEDE CANEY,1036,Bomberos Estacion X4,1969,7.0,"https://www.google.com/maps/@?api=1&map_action=pano&viewpoint=3.39334513716146,-76.5208869800744"
EPE_249-8653,Zona verde,No aplica,Zonal,16,1697,Ciudad 2000,3.392283,-76.520998,6007,Insuficiente,Alta,Sin amenaza,Sin amenaza,No,5626,Zona 5,0.28,Sí,No,0,0,REHABILITAMOS SEDE CANEY,939,Bomberos Estacion X4,2087,7.0,"https://www.google.com/maps/@?api=1&map_action=pano&viewpoint=3.39228255055234,-76.5209981356265"
EPE_25-8435,Plazoleta,Plazoleta de enlace,Local,02,0210,Santa Mónica,3.46211,-76.530804,358,Medio,Media,Sin amenaza,Sin amenaza,No,5856,Zona 4A,0.33,No,No,0,0,MARY PATRICIA ROSERO LASPRILLA,52,Bomberos Estacion X1,432,37.0,"https://www.google.com/maps/@?api=1&map_action=pano&viewpoint=3.46210957704762,-76.5308041299624"
EPE_250-8654,Parque,Parque para la recreación especializada,Zonal,10,1002,El Guabal,3.416386,-76.529984,19727,Medio,Alta,Sin amenaza,Sin amenaza,No,6735,Zona 4C,0.4,No,No,3,2,LEONOR ANDREA LOPEZ GUTIERREZ,245,Bomberos Estacion X4,1492,22.5,"https://www.google.com/maps/@?api=1&map_action=pano&viewpoint=3.4163862059095,-76.5299839507863"
EPE_251-8655,Parque,Parque para la recreación especializada,Zonal,10,1018,San Judas Tadeo II,3.414005,-76.52301,7404,Regular,Alta,Sin amenaza,Sin amenaza,No,6183,Zona 5,0.28,Sí,No,0,0,CEDIMA 2,543,Bomberos Estacion X4,683,22.5,"https://www.google.com/maps/@?api=1&map_action=pano&viewpoint=3.41400462639567,-76.5230102355157"
EPE_252-8656,Zona verde,No aplica,Local,10,1009,Cristóbal Colón,3.423927,-76.524904,673,Regular,Alta,Sin amenaza,Sin amenaza,No,5881,Zona 5,0.28,Sí,No,6,0,Haydee Tatiana Romero Bonilla,741,Bomberos Estacion X4,1663,22.5,"https://www.google.com/maps/@?api=1&map_action=pano&viewpoint=3.4239267069211,-76.5249038174286"
EPE_253-8657,Parque,Parque para la recreación especializada,Urbano,16,1601,Mariano Ramos,3.404773,-76.520471,62048,Adecuado,Alta,Sin amenaza,Sin amenaza,No,5808,Zona 5,0.28,Sí,No,1,0,AMBULANCIAS S.P.I S.A.S,476,Bomberos Estacion X4,731,7.0,"https://www.google.com/maps/@?api=1&map_action=pano&viewpoint=3.40477250192476,-76.5204707735051"
EPE_254-8658,Parque,Parque para la recreación especializada,Zonal,11,1113,Los Sauces,3.415914,-76.512864,18936,Adecuado,Alta,Sin amenaza,Sin amenaza,No,5105,Zona 5,0.28,Sí,No,6,0,E.S.E. HOSPITAL CARLOS CARMONA MONTOYA IPS,712,Bomberos Estacion X4,790,21.5,"https://www.google.com/maps/@?api=1&map_action=pano&viewpoint=3.41591403840818,-76.5128643618559"
EPE_255-8659,Parque,Parque para la recreación especializada,Local,10,1012,Pasoancho,3.417951,-76.533161,4830,Regular,Alta,Sin amenaza,Sin amenaza,No,6982,Zona 4C,0.4,No,No,13,3,LEONOR ANDREA LOPEZ GUTIERREZ,283,Cruz Roja San Fernando,1652,22.5,"https://www.google.com/maps/@?api=1&map_action=pano&viewpoint=3.41795063953383,-76.5331608665021"
EPE_256-8660,Parque,Parque para la recreación especializada,Zonal,10,1011,Departamental,3.417816,-76.53548,10392,Adecuado,Alta,Sin amenaza,Sin amenaza,No,7224,Zona 4C,0.4,No,No,19,3,DAVITA CALI,366,Cruz Roja San Fernando,1470,22.5,"https://www.google.com/maps/@?api=1&map_action=pano&viewpoint=3.41781635459096,-76.5354797007807"
EPE_257-8661,Zona verde,No aplica,Local,12,1207,Nueva Floresta,3.442671,-76.500348,1155,Regular,Alta,Sin amenaza,Sin amenaza,No,2700,Zona 5,0.28,Sí,No,4,0,CENTRO DE SALUD DIEGO LALINDE,397,Bomberos Estacion X3,1346,8.5,"https://www.google.com/maps/@?api=1&map_action=pano&viewpoint=3.44267063250354,-76.5003479475339"
EPE_258-8662,Parque,Parque en serie,Local,10,1002,El Guabal,3.415644,-76.531033,974,Regular,Alta,Sin amenaza,Sin amenaza,No,6876,Zona 4C,0.4,No,No,4,2,LEONOR ANDREA LOPEZ GUTIERREZ,115,Bomberos Estacion X4,1568,22.5,"https://www.google.com/maps/@?api=1&map_action=pano&viewpoint=3.4156437859548,-76.5310329586169"
EPE_259-8663,Parque,Parque en serie,Local,10,1002,El Guabal,3.415215,-76.531185,957,Adecuado,Alta,Sin amenaza,Sin amenaza,No,6913,Zona 4C,0.4,No,No,4,2,LEONOR ANDREA LOPEZ GUTIERREZ,109,Bomberos Estacion X4,1568,22.5,"https://www.google.com/maps/@?api=1&map_action=pano&viewpoint=3.4152147220467,-76.5311845624846"
EPE_26-8436,Plazoleta,Plazoleta de enlace,Local,02,0208,Versalles,3.461922,-76.530621,167,Medio,Media,Sin amenaza,Sin amenaza,No,5835,Zona 4A,0.33,No,No,0,0,MARY PATRICIA ROSERO LASPRILLA,78,Bomberos Estacion X1,404,37.0,"https://www.google.com/maps/@?api=1&map_action=pano&viewpoint=3.46192199552243,-76.5306210812119"
EPE_260-8664,Parque,Parque en serie,Local,10,1002,El Guabal,3.414779,-76.531335,1006,Adecuado,Alta,Sin amenaza,Sin amenaza,No,6949,Zona 4C,0.4,No,No,4,2,LEONOR ANDREA LOPEZ GUTIERREZ,126,Bomberos Estacion X4,1570,22.5,"https://www.google.com/maps/@?api=1&map_action=pano&viewpoint=3.41477905641275,-76.531335212417"
EPE_261-8665,Parque,Parque con colindancia,Local,16,1604,Antonio Nariño,3.41592,-76.50902,2325,Adecuado,Alta,Baja,Sin amenaza,No,4681,Zona 6,0.25,Sí,No,6,0,E.S.E. HOSPITAL CARLOS CARMONA MONTOYA IPS,914,Bomberos Estacion X4,1128,7.0,"https://www.google.com/maps/@?api=1&map_action=pano&viewpoint=3.41592008275282,-76.509020358973"
EPE_262-8666,Zona verde,No aplica,Local,11,1114,Villa del Sur,3.410953,-76.5195,462,Regular,Alta,Sin amenaza,Sin amenaza,No,5761,Zona 5,0.28,Sí,No,1,0,CEDIMA 2,300,Bomberos Estacion X4,192,21.5,"https://www.google.com/maps/@?api=1&map_action=pano&viewpoint=3.41095252804856,-76.5194995415195"
EPE_263-8667,Parque,Parque damero,Local,10,1002,El Guabal,3.414982,-76.524869,922,Medio,Media,Sin amenaza,Sin amenaza,No,6307,Zona 5,0.28,Sí,No,1,0,CEDIMA 2,725,Bomberos Estacion X4,916,22.5,"https://www.google.com/maps/@?api=1&map_action=pano&viewpoint=3.4149815173651,-76.5248691411879"
EPE_264-8668,Parque,Parque en serie,Local,10,1002,El Guabal,3.41555,-76.525598,4843,Medio,Alta,Sin amenaza,Sin amenaza,No,6347,Zona 5,0.28,Sí,No,3,0,LEONOR ANDREA LOPEZ GUTIERREZ,718,Bomberos Estacion X4,1018,22.5,"https://www.google.com/maps/@?api=1&map_action=pano&viewpoint=3.41555037013311,-76.5255981772249"
EPE_265-8669,Parque,Parque separador,Local,11,1122,Primavera,3.421655,-76.507672,2675,Regular,Alta,Sin amenaza,Sin amenaza,No,4288,Zona 6,0.25,Sí,No,7,0,SERVICIO ASISTENCIAL INMEDIATO S.A.S,500,Bomberos Estacion X4,1650,21.5,"https://www.google.com/maps/@?api=1&map_action=pano&viewpoint=3.42165462423514,-76.5076721643481"
EPE_266-8670,Parque,Parque separador,Local,11,1120,La Gran Colombia,3.422514,-76.507169,1735,Regular,Alta,Sin amenaza,Sin amenaza,No,4190,Zona 6,0.25,Sí,No,10,0,SERVICIO ASISTENCIAL INMEDIATO S.A.S,389,Bomberos Estacion X4,1758,21.5,"https://www.google.com/maps/@?api=1&map_action=pano&viewpoint=3.42251438611384,-76.5071691442102"
EPE_267-8671,Parque,Parque para la recreación especializada,Zonal,10,1008,Olímpico,3.421856,-76.531976,29280,Optimo,Alta,Sin amenaza,Sin amenaza,No,6696,Zona 4C,0.4,No,No,17,2,CLINICA NUESTRA,436,Cruz Roja San Fernando,1542,22.5,"https://www.google.com/maps/@?api=1&map_action=pano&viewpoint=3.42185604241531,-76.5319757446652"
EPE_268-8672,Parque,Parque para la recreación especializada,Local,12,1211,Sindical,3.430045,-76.50192,2121,Medio,Baja,Sin amenaza,Sin amenaza,No,3270,Zona 6,0.25,Sí,No,5,0,CENTRO DE SALUD EL RODEO,554,Bomberos Estacion X7,2037,8.5,"https://www.google.com/maps/@?api=1&map_action=pano&viewpoint=3.43004485400066,-76.5019202190597"
EPE_269-8673,Parque,Parque para la recreación especializada,Zonal,12,1209,Doce de Octubre,3.427898,-76.503311,12247,Medio,Baja,Sin amenaza,Sin amenaza,No,3517,Zona 6,0.25,Sí,No,6,0,SERVICIO ASISTENCIAL INMEDIATO S.A.S,350,Bomberos Estacion X7,2155,8.5,"https://www.google.com/maps/@?api=1&map_action=pano&viewpoint=3.42789775141554,-76.5033105440438"
EPE_27-8437,Plazoleta,Plazoleta de enlace,Local,02,0206,Centenario,3.453757,-76.536059,410,Medio,Media,Sin amenaza,Sin amenaza,No,6480,,,No,No,2,0,CLINICA COLSANITAS S.A SEBASTIAN DEL BELALCAZAR,155,Gestion del Riesgo Oficina,400,37.0,"https://www.google.com/maps/@?api=1&map_action=pano&viewpoint=3.45375747442614,-76.5360594274743"
EPE_270-8674,Parque,Parque con colindancia,Local,12,1207,Nueva Floresta,3.432614,-76.49905,2433,Regular,Alta,Baja,Sin amenaza,No,2860,Zona 6,0.25,Sí,No,2,0,CENTRO DE SALUD EL RODEO,555,Bomberos Estacion X7,1816,8.5,"https://www.google.com/maps/@?api=1&map_action=pano&viewpoint=3.43261435099176,-76.4990504367586"
EPE_271-8675,Parque,Parque damero,Local,12,1207,Nueva Floresta,3.436713,-76.499751,4596,Regular,Baja,Sin amenaza,Sin amenaza,No,2781,Zona 5,0.28,Sí,No,6,0,SISTEMA INTEGRADO EN SALUD MEDICA Y OCUPACIONAL SAS,413,Bomberos Estacion X3,1766,8.5,"https://www.google.com/maps/@?api=1&map_action=pano&viewpoint=3.43671252319723,-76.4997505276389"
EPE_272-8676,Parque,Parque damero,Zonal,12,1207,Nueva Floresta,3.441308,-76.495044,5233,Medio,Alta,Baja,Sin amenaza,No,2174,Zona 5,0.28,Sí,No,5,0,AMBULANCIAS PRIMER TRABAJO MEDICO S.A.S,222,Bomberos Estacion X3,1950,8.5,"https://www.google.com/maps/@?api=1&map_action=pano&viewpoint=3.4413075443792,-76.4950438328923"
EPE_273-8677,Parque,Parque para la recreación especializada,Local,12,1206,Fenalco Kennedy,3.437296,-76.50022,3061,Adecuado,Alta,Sin amenaza,Sin amenaza,No,2816,Zona 5,0.28,Sí,No,8,0,CENTRO DE SALUD EL RODEO,467,Bomberos Estacion X3,1684,8.5,"https://www.google.com/maps/@?api=1&map_action=pano&viewpoint=3.43729596853487,-76.5002195335525"
EPE_274-8678,Parque,Parque en serie,Local,12,1207,Nueva Floresta,3.438956,-76.493952,1843,Insuficiente,Alta,Alta,Sin amenaza,No,2097,Zona 6,0.25,Sí,No,2,0,SISTEMA INTEGRADO EN SALUD MEDICA Y OCUPACIONAL SAS,340,Bomberos Estacion X7,1792,8.5,"https://www.google.com/maps/@?api=1&map_action=pano&viewpoint=3.43895607189905,-76.4939524918501"
EPE_275-8679,Parque,Parque en serie,Local,12,1207,Nueva Floresta,3.442691,-76.498865,2019,Adecuado,Alta,Sin amenaza,Sin amenaza,No,2542,Zona 5,0.28,Sí,No,6,0,GRUPO EMERGENCIAS MEDICAS(GEM),389,Bomberos Estacion X3,1498,8.5,"https://www.google.com/maps/@?api=1&map_action=pano&viewpoint=3.44269083298407,-76.4988645914866"
EPE_276-8680,Parque,Parque damero,Local,12,1208,Julio Rincón,3.42535,-76.502649,467,Regular,Alta,Sin amenaza,Sin amenaza,No,3597,Zona 6,0.25,Sí,No,6,0,SERVICIO ASISTENCIAL INMEDIATO S.A.S,305,Bomberos Estacion X7,2077,8.5,"https://www.google.com/maps/@?api=1&map_action=pano&viewpoint=3.42534999682329,-76.5026489006217"
EPE_277-8681,Parque,Parque con colindancia,Local,12,1208,Julio Rincón,3.426433,-76.501717,227,Medio,Alta,Sin amenaza,Sin amenaza,No,3446,Zona 6,0.25,Sí,No,5,0,SERVICIO ASISTENCIAL INMEDIATO S.A.S,420,Bomberos Estacion X7,1971,8.5,"https://www.google.com/maps/@?api=1&map_action=pano&viewpoint=3.42643253869674,-76.501717190998"
EPE_278-8682,Zona verde,No aplica,Local,12,1208,Julio Rincón,3.424955,-76.502863,406,Regular,Alta,Sin amenaza,Sin amenaza,No,3641,Zona 6,0.25,Sí,No,6,0,SERVICIO ASISTENCIAL INMEDIATO S.A.S,288,Bomberos Estacion X7,2103,8.5,"https://www.google.com/maps/@?api=1&map_action=pano&viewpoint=3.42495493505964,-76.5028632956516"
EPE_279-8683,Parque,Parque damero,Local,09,0902,Bretaña,3.434355,-76.530523,1086,Adecuado,Media,Sin amenaza,Sin amenaza,No,6174,Zona 4A,0.33,No,No,12,2,SERVICIOS MEDICOS INTEGRALES SEMI,127,Bomberos Estacion X2,755,34.0,"https://www.google.com/maps/@?api=1&map_action=pano&viewpoint=3.43435538561884,-76.5305229983927"
EPE_28-8438,Parque,Parque damero,Zonal,03,0312,San Nicolás,3.454077,-76.525625,6217,Medio,Baja,Sin amenaza,Sin amenaza,No,5327,Zona 4A,0.33,No,No,3,1,IPS COMFANDI SAN NICOLAS,242,Bomberos Estacion X1,722,25.5,"https://www.google.com/maps/@?api=1&map_action=pano&viewpoint=3.45407666026218,-76.5256253062008"
EPE_280-8684,Parque,Parque con colindancia,Local,09,0902,Bretaña,3.436135,-76.531042,397,Adecuado,Baja,Sin amenaza,Sin amenaza,No,6178,Zona 4A,0.33,No,No,12,2,SERVICIOS MEDICOS INTEGRALES SEMI,220,Bomberos Estacion X2,674,34.0,"https://www.google.com/maps/@?api=1&map_action=pano&viewpoint=3.43613475805614,-76.5310423136595"
EPE_281-8685,Parque,Parque con colindancia,Local,10,1002,El Guabal,3.418836,-76.530467,2368,Adecuado,Alta,Sin amenaza,Sin amenaza,No,6669,Zona 4C,0.4,No,No,4,1,LEONOR ANDREA LOPEZ GUTIERREZ,396,Bomberos Estacion X4,1670,22.5,"https://www.google.com/maps/@?api=1&map_action=pano&viewpoint=3.41883600604418,-76.530467411662"
EPE_282-8686,Parque,Parque para la recreación especializada,Zonal,10,1001,El Dorado,3.42074,-76.529109,7437,Adecuado,Baja,Sin amenaza,Sin amenaza,No,6447,Zona 4C,0.4,No,No,8,1,LEONOR ANDREA LOPEZ GUTIERREZ,654,Bomberos Estacion X4,1676,22.5,"https://www.google.com/maps/@?api=1&map_action=pano&viewpoint=3.42073997976317,-76.529108672259"
EPE_283-8687,Parque,Parque con colindancia,Zonal,10,1011,Departamental,3.412003,-76.537497,6026,Adecuado,Alta,Sin amenaza,Sin amenaza,No,7699,Zona 4C,0.4,No,No,1,0,SANACION Y VIDA IPS S.A.S,69,Cruz Roja San Fernando,1876,22.5,"https://www.google.com/maps/@?api=1&map_action=pano&viewpoint=3.41200311355507,-76.5374973023979"
EPE_284-8688,Parque,Parque con colindancia,Local,10,1002,El Guabal,3.415033,-76.527878,1046,Medio,Alta,Sin amenaza,Sin amenaza,No,6596,Zona 5,0.28,Sí,No,1,0,LEONOR ANDREA LOPEZ GUTIERREZ,470,Bomberos Estacion X4,1217,22.5,"https://www.google.com/maps/@?api=1&map_action=pano&viewpoint=3.41503277011152,-76.5278775885335"
EPE_285-8689,Parque,Parque en serie,Local,10,1002,El Guabal,3.415059,-76.529406,969,Adecuado,Alta,Sin amenaza,Sin amenaza,No,6745,Zona 4C,0.4,No,No,4,2,LEONOR ANDREA LOPEZ GUTIERREZ,303,Bomberos Estacion X4,1376,22.5,"https://www.google.com/maps/@?api=1&map_action=pano&viewpoint=3.41505858086566,-76.5294063774937"
EPE_286-8690,Parque,Parque para la recreación especializada,Local,10,1013,Panamericano,3.410773,-76.53551,4640,Adecuado,Baja,Sin amenaza,Sin amenaza,No,7521,Zona 4C,0.4,No,No,1,0,IPS SURA PASO ANCHO CALI,196,Bomberos Estacion X4,1969,22.5,"https://www.google.com/maps/@?api=1&map_action=pano&viewpoint=3.4107734456946,-76.535510034683"
EPE_287-8691,Parque,Parque con colindancia,Local,10,1007,Jorge Zawadsky,3.410632,-76.531175,1549,Medio,Alta,Sin amenaza,Sin amenaza,No,7041,Zona 4C,0.4,No,No,2,1,WILLIAM JARAMILLO GALLEGO,425,Bomberos Estacion X4,1487,22.5,"https://www.google.com/maps/@?api=1&map_action=pano&viewpoint=3.41063223454002,-76.5311752322492"
EPE_288-8692,Parque,Parque con colindancia,Local,10,1016,Las Granjas,3.408621,-76.526626,402,Adecuado,Alta,Sin amenaza,Sin amenaza,No,6515,Zona 5,0.28,Sí,No,0,0,AMBULANCIAS S.P.I S.A.S,546,Bomberos Estacion X4,1011,22.5,"https://www.google.com/maps/@?api=1&map_action=pano&viewpoint=3.40862082436828,-76.5266256566928"
EPE_289-8693,Zona verde,No aplica,Local,10,1017,San Judas Tadeo I,3.4071,-76.526245,1700,Adecuado,Alta,Sin amenaza,Sin amenaza,No,6460,Zona 5,0.28,Sí,No,0,0,AMBULANCIAS S.P.I S.A.S,540,Bomberos Estacion X4,1025,22.5,"https://www.google.com/maps/@?api=1&map_action=pano&viewpoint=3.40709981716953,-76.5262452091521"
EPE_29-8439,Plazoleta,Plazoleta de enlace,Local,03,0308,La Merced,3.450463,-76.535277,1407,Regular,Media,Sin amenaza,Sin amenaza,No,6432,Zona 2,0.35,No,No,2,2,EMPRESA DE MEDICINA INTEGRAL EMI S.A. SERVICIO DE AMBULANCIA PREPAGADA SUCURSAL CALI,286,Gestion del Riesgo Oficina,93,25.5,"https://www.google.com/maps/@?api=1&map_action=pano&viewpoint=3.45046349369267,-76.5352769220644"
EPE_290-8694,Parque,Parque damero,Local,09,0903,Junín,3.434653,-76.525115,1624,Optimo,Media,Sin amenaza,Sin amenaza,No,5584,Zona 4A,0.33,No,No,5,0,ABC COLOMBIA E.U.,93,Bomberos Estacion X2,1341,34.0,"https://www.google.com/maps/@?api=1&map_action=pano&viewpoint=3.43465294657639,-76.5251148477312"
EPE_291-8695,Parque,Parque con colindancia,Local,09,0906,Manuel Maria Buenaventura,3.440774,-76.52464,518,Adecuado,Media,Sin amenaza,Sin amenaza,No,5372,Zona 4A,0.33,No,No,6,3,MEDIC AMB SAS,525,Bomberos Estacion X2,1483,34.0,"https://www.google.com/maps/@?api=1&map_action=pano&viewpoint=3.44077404798079,-76.5246403606242"
EPE_292-8696,Parque,Parque damero,Local,10,1005,Las Acacias,3.435163,-76.519723,1160,Adecuado,Media,Sin amenaza,Sin amenaza,No,4985,Zona 4B,0.28,No,No,6,0,AMBULANCIAS J1,174,Bomberos Estacion X3,1640,22.5,"https://www.google.com/maps/@?api=1&map_action=pano&viewpoint=3.43516347189377,-76.519722609489"
EPE_293-8697,Parque,Parque con colindancia,Local,11,1110,El Prado,3.435397,-76.5189,208,Medio,Media,Sin amenaza,Sin amenaza,No,4890,Zona 4B,0.28,No,No,6,0,AMBULANCIAS J1,238,Bomberos Estacion X3,1569,21.5,"https://www.google.com/maps/@?api=1&map_action=pano&viewpoint=3.43539706311792,-76.5188995577981"
EPE_294-8698,Plazoleta,Plazoleta de enlace,Local,11,1110,El Prado,3.435616,-76.516303,2930,Adecuado,Media,Sin amenaza,Sin amenaza,No,4602,Zona 4B,0.28,No,No,6,0,IPS COMFANDI EL PRADO,34,Bomberos Estacion X3,1417,21.5,"https://www.google.com/maps/@?api=1&map_action=pano&viewpoint=3.43561568968088,-76.5163032049769"
EPE_295-8699,Plazoleta,Plazoleta de enlace,Local,08,0801,Primitivo Crespo,3.436159,-76.516156,129,Insuficiente,Media,Sin amenaza,Sin amenaza,No,4575,Zona 4B,0.28,No,No,5,0,IPS COMFANDI EL PRADO,93,Bomberos Estacion X3,1355,19.0,"https://www.google.com/maps/@?api=1&map_action=pano&viewpoint=3.43615929879342,-76.5161555211774"
EPE_296-8700,Plazoleta,Plazoleta de enlace,Local,11,1110,El Prado,3.436032,-76.516053,456,Insuficiente,Media,Sin amenaza,Sin amenaza,No,4567,Zona 4B,0.28,No,No,5,0,IPS COMFANDI EL PRADO,87,Bomberos Estacion X3,1363,21.5,"https://www.google.com/maps/@?api=1&map_action=pano&viewpoint=3.43603151965255,-76.5160530387528"
EPE_297-8701,Plazoleta,Plazoleta de enlace,Local,08,0801,Primitivo Crespo,3.436128,-76.516346,210,Insuficiente,Media,Sin amenaza,Sin amenaza,No,4597,Zona 4B,0.28,No,No,5,0,IPS COMFANDI EL PRADO,82,Bomberos Estacion X3,1366,19.0,"https://www.google.com/maps/@?api=1&map_action=pano&viewpoint=3.43612780299408,-76.5163455615895"
EPE_298-8702,Plazoleta,Plazoleta de enlace,Local,11,1110,El Prado,3.436024,-76.51633,321,Regular,Media,Sin amenaza,Sin amenaza,No,4597,Zona 4B,0.28,No,No,5,0,IPS COMFANDI EL PRADO,71,Bomberos Estacion X3,1376,21.5,"https://www.google.com/maps/@?api=1&map_action=pano&viewpoint=3.43602437530854,-76.5163304261974"
EPE_299-8703,Plaza,Plaza de estancia,Local,09,0908,Belalcázar,3.440532,-76.523802,1866,Adecuado,Media,Sin amenaza,Sin amenaza,No,5286,Zona 4A,0.33,No,No,3,0,MEDIC AMB SAS,433,Bomberos Estacion X2,1561,34.0,"https://www.google.com/maps/@?api=1&map_action=pano&viewpoint=3.44053177641178,-76.5238019720057"
EPE_30-8440,Plazoleta,Plazoleta de enlace,Local,03,0310,El Calvario,3.447841,-76.530202,433,Regular,Media,Sin amenaza,Sin amenaza,No,5884,Zona 2,0.35,No,No,9,1,Victor Andres Romero Rojas,476,Gestion del Riesgo Oficina,558,25.5,"https://www.google.com/maps/@?api=1&map_action=pano&viewpoint=3.44784088930452,-76.5302015218805"
EPE_300-8704,Parque,Parque para la recreación especializada,Local,11,1106,El Jardín,3.419897,-76.518423,2931,Medio,Alta,Sin amenaza,Sin amenaza,No,5416,Zona 5,0.28,Sí,No,8,0,CENTRO DE SALUD LUIS H. GARCES,1164,Bomberos Estacion X4,1017,21.5,"https://www.google.com/maps/@?api=1&map_action=pano&viewpoint=3.41989665646063,-76.5184232160609"
EPE_301-8705,Parque,Parque para la recreación especializada,Local,10,1009,Cristóbal Colón,3.420226,-76.521567,1531,Medio,Baja,Sin amenaza,Sin amenaza,No,5709,Zona 5,0.28,Sí,No,10,0,yinniva celmira chavez umaña,1208,Bomberos Estacion X4,1132,22.5,"https://www.google.com/maps/@?api=1&map_action=pano&viewpoint=3.42022590958738,-76.5215671156927"
EPE_302-8706,Parque,Parque para la recreación especializada,Zonal,10,1015,San Cristóbal,3.430435,-76.52042,5755,Adecuado,Alta,Sin amenaza,Sin amenaza,No,5179,Zona 4B,0.28,No,No,1,0,yinniva celmira chavez umaña,424,Bomberos Estacion X2,1954,22.5,"https://www.google.com/maps/@?api=1&map_action=pano&viewpoint=3.43043465886576,-76.5204204300219"
EPE_303-8707,Parque,Parque con colindancia,Zonal,11,1107,La Fortaleza,3.426872,-76.513195,7233,Medio,Alta,Sin amenaza,Sin amenaza,No,4554,Zona 5,0.28,Sí,No,11,0,CENTRO DE SALUD LUIS H. GARCES,198,Bomberos Estacion X4,1861,21.5,"https://www.google.com/maps/@?api=1&map_action=pano&viewpoint=3.42687239383134,-76.5131950479737"
EPE_304-8708,Parque,Parque damero,Local,12,1204,Alfonso Barberena A.,3.43381,-76.509539,4276,Adecuado,Baja,Sin amenaza,Sin amenaza,No,3914,Zona 5,0.28,Sí,No,1,0,CENTRO DE SALUD EL RODEO,671,Bomberos Estacion X3,1529,8.5,"https://www.google.com/maps/@?api=1&map_action=pano&viewpoint=3.43381016869487,-76.5095386595741"
EPE_305-8709,Parque,Parque en serie,Local,11,1109,Aguablanca,3.432516,-76.517974,4013,Adecuado,Alta,Sin amenaza,Sin amenaza,No,4857,Zona 4B,0.28,No,No,6,0,IPS COMFANDI EL PRADO,360,Bomberos Estacion X3,1806,21.5,"https://www.google.com/maps/@?api=1&map_action=pano&viewpoint=3.43251623804029,-76.5179738474349"
EPE_306-8710,Parque,Parque con colindancia,Local,11,1103,La Independencia,3.416022,-76.515437,1743,Medio,Alta,Sin amenaza,Sin amenaza,No,5352,Zona 5,0.28,Sí,No,6,0,E.S.E. HOSPITAL CARLOS CARMONA MONTOYA IPS,712,Bomberos Estacion X4,639,21.5,"https://www.google.com/maps/@?api=1&map_action=pano&viewpoint=3.41602206244128,-76.5154374775222"
EPE_307-8711,Parque,Parque para la recreación especializada,Zonal,11,1114,Villa del Sur,3.412669,-76.519486,35493,Optimo,Alta,Sin amenaza,Sin amenaza,No,5790,Zona 5,0.28,Sí,No,0,0,CEDIMA 2,444,Bomberos Estacion X4,284,21.5,"https://www.google.com/maps/@?api=1&map_action=pano&viewpoint=3.41266911613639,-76.5194861133773"
EPE_308-8712,Parque,Parque para la recreación especializada,Zonal,16,1603,Unión de Vivienda Popular,3.41306,-76.512051,10600,Adecuado,Alta,Sin amenaza,Sin amenaza,No,4989,Zona 5,0.28,Sí,No,6,0,E.S.E. HOSPITAL CARLOS CARMONA MONTOYA IPS,456,Bomberos Estacion X4,684,7.0,"https://www.google.com/maps/@?api=1&map_action=pano&viewpoint=3.41306033917827,-76.5120506519749"
EPE_309-8713,Parque,Parque en serie,Zonal,11,1113,Los Sauces,3.418694,-76.510779,7420,Regular,Alta,Sin amenaza,Sin amenaza,No,4757,Zona 6,0.25,Sí,No,10,0,SERVICIO ASISTENCIAL INMEDIATO S.A.S,967,Bomberos Estacion X4,1174,21.5,"https://www.google.com/maps/@?api=1&map_action=pano&viewpoint=3.41869397443783,-76.5107786337757"
EPE_31-8441,Plazoleta,Plazoleta de enlace,Local,03,0310,El Calvario,3.448075,-76.53077,834,Regular,Media,Sin amenaza,Sin amenaza,No,5945,Zona 2,0.35,No,No,9,1,Victor Andres Romero Rojas,430,Gestion del Riesgo Oficina,491,25.5,"https://www.google.com/maps/@?api=1&map_action=pano&viewpoint=3.44807527098782,-76.5307702504688"
EPE_310-8714,Parque,Parque en serie,Local,11,1115,José Holguín Garcés,3.406985,-76.521665,2017,Medio,Baja,Sin amenaza,Sin amenaza,No,5952,Zona 5,0.28,Sí,No,1,0,AMBULANCIAS S.P.I S.A.S,209,Bomberos Estacion X4,603,21.5,"https://www.google.com/maps/@?api=1&map_action=pano&viewpoint=3.40698496108132,-76.5216652224682"
EPE_311-8715,Parque,Parque con colindancia,Local,10,1017,San Judas Tadeo I,3.406528,-76.523703,3101,Malo,Baja,Sin amenaza,Sin amenaza,No,6175,Zona 5,0.28,Sí,No,0,0,AMBULANCIAS S.P.I S.A.S,341,Bomberos Estacion X4,810,22.5,"https://www.google.com/maps/@?api=1&map_action=pano&viewpoint=3.40652793645033,-76.5237027923176"
EPE_312-8716,Parque,Parque en serie,Local,11,1115,José Holguín Garcés,3.407384,-76.521785,525,Regular,Media,Sin amenaza,Sin amenaza,No,5968,Zona 5,0.28,Sí,No,1,0,AMBULANCIAS S.P.I S.A.S,165,Bomberos Estacion X4,583,21.5,"https://www.google.com/maps/@?api=1&map_action=pano&viewpoint=3.40738382953283,-76.5217845323535"
EPE_313-8717,Zona verde,No aplica,Zonal,16,1697,Ciudad 2000,3.390136,-76.517946,21526,Malo,Alta,Sin amenaza,Sin amenaza,No,5235,Zona 5,0.28,Sí,No,0,0,REHABILITAMOS SEDE CANEY,580,Bomberos Estacion X4,2295,7.0,"https://www.google.com/maps/@?api=1&map_action=pano&viewpoint=3.39013588252342,-76.5179455730093"
EPE_314-8718,Parque,Parque damero,Zonal,16,1697,Ciudad 2000,3.395656,-76.516092,6414,Adecuado,Alta,Sin amenaza,Sin amenaza,No,5225,Zona 5,0.28,Sí,No,0,0,IPS COMFANDI MORICHAL,1038,Bomberos Estacion X4,1691,7.0,"https://www.google.com/maps/@?api=1&map_action=pano&viewpoint=3.3956564332301,-76.516091690552"
EPE_315-8719,Parque,Parque damero,Local,16,1605,Brisas del Limonar,3.401549,-76.522779,166,Regular,Baja,Sin amenaza,Sin amenaza,No,6064,Zona 4D,0.28,No,No,0,0,AMBULANCIAS S.P.I S.A.S,822,Bomberos Estacion X4,1167,7.0,"https://www.google.com/maps/@?api=1&map_action=pano&viewpoint=3.4015488459003,-76.5227792380331"
EPE_316-8720,Parque,Parque con colindancia,Local,16,1605,Brisas del Limonar,3.40159,-76.522063,1983,Regular,Alta,Sin amenaza,Sin amenaza,No,5984,Zona 4D,0.28,No,No,0,0,AMBULANCIAS S.P.I S.A.S,810,Bomberos Estacion X4,1127,7.0,"https://www.google.com/maps/@?api=1&map_action=pano&viewpoint=3.40158977264105,-76.5220627465236"
EPE_317-8721,Parque,Parque con colindancia,Local,16,1605,Brisas del Limonar,3.400786,-76.521098,1254,Medio,Alta,Sin amenaza,Sin amenaza,No,5880,Zona 4D,0.28,No,No,0,0,AMBULANCIAS S.P.I S.A.S,901,Bomberos Estacion X4,1170,7.0,"https://www.google.com/maps/@?api=1&map_action=pano&viewpoint=3.40078552151396,-76.5210975518694"
EPE_318-8722,Parque,Parque damero,Local,09,0901,Alameda,3.435544,-76.536037,335,Insuficiente,Baja,Sin amenaza,Sin amenaza,No,6732,Zona 3,0.35,No,No,12,2,BENEMERITO CUERPO DE BOMBEROS VOLUNTARIOS DE CALI VALLE,151,Bomberos Estacion X2,131,34.0,"https://www.google.com/maps/@?api=1&map_action=pano&viewpoint=3.43554360331309,-76.5360370883459"
EPE_319-8723,Parque,Parque damero,Local,11,1119,Los Conquistadores,3.426908,-76.506447,3420,Adecuado,Alta,Sin amenaza,Sin amenaza,No,3876,Zona 5,0.28,Sí,No,11,0,SERVICIO ASISTENCIAL INMEDIATO S.A.S,193,Bomberos Estacion X4,2191,21.5,"https://www.google.com/maps/@?api=1&map_action=pano&viewpoint=3.42690833367898,-76.5064465466073"
EPE_32-8442,Parque,Parque irregular,Zonal,03,0303,San Antonio,3.447614,-76.544915,36782,Adecuado,Baja,Sin amenaza,Sin amenaza,No,7515,Zona 2,0.35,No,No,2,0,E.S.E. RED DE SALUD DE LADERA EMPRESA SOCIAL DEL ESTADO HOSPITAL CAÑAVERALEJO,335,Gestion del Riesgo Oficina,1207,25.5,"https://www.google.com/maps/@?api=1&map_action=pano&viewpoint=3.44761411903877,-76.5449154972609"
EPE_320-8724,Parque,Parque en serie,Local,11,1101,San Carlos,3.424274,-76.514474,1124,Adecuado,Alta,Sin amenaza,Sin amenaza,No,4804,Zona 5,0.28,Sí,No,7,0,CENTRO DE SALUD LUIS H. GARCES,520,Bomberos Estacion X4,1545,21.5,"https://www.google.com/maps/@?api=1&map_action=pano&viewpoint=3.42427426024905,-76.5144740705174"
EPE_321-8725,Parque,Parque en serie,Local,11,1101,San Carlos,3.423872,-76.514523,961,Regular,Alta,Sin amenaza,Sin amenaza,No,4828,Zona 5,0.28,Sí,No,7,0,CENTRO DE SALUD LUIS H. GARCES,563,Bomberos Estacion X4,1500,21.5,"https://www.google.com/maps/@?api=1&map_action=pano&viewpoint=3.42387195339792,-76.514523197555"
EPE_322-8726,Parque,Parque en serie,Local,11,1101,San Carlos,3.424123,-76.512802,696,Adecuado,Alta,Sin amenaza,Sin amenaza,No,4645,Zona 5,0.28,Sí,No,8,0,CENTRO DE SALUD LUIS H. GARCES,485,Bomberos Estacion X4,1584,21.5,"https://www.google.com/maps/@?api=1&map_action=pano&viewpoint=3.42412322513401,-76.5128021360049"
EPE_323-8727,Parque,Parque en serie,Local,11,1101,San Carlos,3.423684,-76.512819,1030,Regular,Alta,Sin amenaza,Sin amenaza,No,4669,Zona 5,0.28,Sí,No,5,0,CENTRO DE SALUD LUIS H. GARCES,534,Bomberos Estacion X4,1537,21.5,"https://www.google.com/maps/@?api=1&map_action=pano&viewpoint=3.42368413162514,-76.5128190951737"
EPE_324-8728,Parque,Parque en serie,Local,11,1101,San Carlos,3.423584,-76.511796,1289,Medio,Alta,Sin amenaza,Sin amenaza,No,4574,Zona 5,0.28,Sí,No,10,0,CENTRO DE SALUD LUIS H. GARCES,547,Bomberos Estacion X4,1571,21.5,"https://www.google.com/maps/@?api=1&map_action=pano&viewpoint=3.4235835072979,-76.511796251257"
EPE_325-8729,Parque,Parque en serie,Local,11,1101,San Carlos,3.423184,-76.511844,1377,Adecuado,Alta,Sin amenaza,Sin amenaza,No,4600,Zona 5,0.28,Sí,No,7,0,CENTRO DE SALUD LUIS H. GARCES,591,Bomberos Estacion X4,1529,21.5,"https://www.google.com/maps/@?api=1&map_action=pano&viewpoint=3.42318381405519,-76.5118435982042"
EPE_326-8730,Parque,Parque en serie,Local,11,1121,San Benito,3.428677,-76.508815,957,Adecuado,Alta,Sin amenaza,Sin amenaza,No,4028,Zona 5,0.28,Sí,No,7,0,CENTRO DE SALUD LUIS H. GARCES,399,Bomberos Estacion X3,2106,21.5,"https://www.google.com/maps/@?api=1&map_action=pano&viewpoint=3.42867740699772,-76.5088147306205"
EPE_327-8731,Parque,Parque en serie,Local,11,1121,San Benito,3.429052,-76.508906,1831,Adecuado,Alta,Sin amenaza,Sin amenaza,No,4021,Zona 5,0.28,Sí,No,7,0,CENTRO DE SALUD LUIS H. GARCES,393,Bomberos Estacion X3,2063,21.5,"https://www.google.com/maps/@?api=1&map_action=pano&viewpoint=3.42905217633742,-76.5089062137502"
EPE_328-8732,Parque,Parque en serie,Local,10,1002,El Guabal,3.417666,-76.525702,988,Regular,Alta,Sin amenaza,Sin amenaza,No,6247,Zona 5,0.28,Sí,No,4,0,LEONOR ANDREA LOPEZ GUTIERREZ,741,Bomberos Estacion X4,1167,22.5,"https://www.google.com/maps/@?api=1&map_action=pano&viewpoint=3.41766559638849,-76.5257022670145"
EPE_329-8733,Parque,Parque en serie,Local,10,1002,El Guabal,3.417371,-76.527042,776,Medio,Alta,Sin amenaza,Sin amenaza,No,6394,Zona 5,0.28,Sí,No,2,0,LEONOR ANDREA LOPEZ GUTIERREZ,590,Bomberos Estacion X4,1263,22.5,"https://www.google.com/maps/@?api=1&map_action=pano&viewpoint=3.41737055577898,-76.5270421987846"
EPE_33-8443,Parque,Parque irregular,Local,03,0302,El Peñón,3.450289,-76.53995,1443,Regular,Baja,Sin amenaza,Sin amenaza,No,6951,,,No,No,2,0,Giancarlo Paz Caro,200,Gestion del Riesgo Oficina,612,25.5,"https://www.google.com/maps/@?api=1&map_action=pano&viewpoint=3.45028904609881,-76.5399503613555"
EPE_330-8734,Parque,Parque en serie,Local,10,1002,El Guabal,3.416902,-76.527078,680,Medio,Alta,Sin amenaza,Sin amenaza,No,6421,Zona 5,0.28,Sí,No,2,0,LEONOR ANDREA LOPEZ GUTIERREZ,571,Bomberos Estacion X4,1237,22.5,"https://www.google.com/maps/@?api=1&map_action=pano&viewpoint=3.41690182563635,-76.5270780067699"
EPE_331-8735,Parque,Parque en serie,Local,10,1002,El Guabal,3.416446,-76.527104,679,Medio,Alta,Sin amenaza,Sin amenaza,No,6447,Zona 5,0.28,Sí,No,2,0,LEONOR ANDREA LOPEZ GUTIERREZ,558,Bomberos Estacion X4,1212,22.5,"https://www.google.com/maps/@?api=1&map_action=pano&viewpoint=3.41644612570176,-76.5271036803299"
EPE_332-8736,Parque,Parque en serie,Local,10,1002,El Guabal,3.415979,-76.527132,608,Medio,Alta,Sin amenaza,Sin amenaza,No,6474,Zona 5,0.28,Sí,No,1,0,LEONOR ANDREA LOPEZ GUTIERREZ,549,Bomberos Estacion X4,1189,22.5,"https://www.google.com/maps/@?api=1&map_action=pano&viewpoint=3.41597864419157,-76.527131548057"
EPE_333-8737,Parque,Parque en serie,Local,10,1002,El Guabal,3.417297,-76.528663,924,Adecuado,Alta,Sin amenaza,Sin amenaza,No,6559,Zona 4C,0.4,No,No,2,1,LEONOR ANDREA LOPEZ GUTIERREZ,420,Bomberos Estacion X4,1409,22.5,"https://www.google.com/maps/@?api=1&map_action=pano&viewpoint=3.41729746793233,-76.5286625395233"
EPE_334-8738,Parque,Parque con colindancia,Zonal,10,1010,La Selva,3.41028,-76.530526,13419,Medio,Alta,Sin amenaza,Sin amenaza,No,6965,Zona 4C,0.4,No,No,1,0,WILLIAM JARAMILLO GALLEGO,490,Bomberos Estacion X4,1416,22.5,"https://www.google.com/maps/@?api=1&map_action=pano&viewpoint=3.41028035352364,-76.5305256412176"
EPE_335-8739,Parque,Parque para la recreación especializada,Zonal,10,1002,El Guabal,3.418363,-76.521759,7943,Regular,Alta,Sin amenaza,Sin amenaza,No,5823,Zona 5,0.28,Sí,No,8,0,CEDIMA 2,1006,Bomberos Estacion X4,953,22.5,"https://www.google.com/maps/@?api=1&map_action=pano&viewpoint=3.41836259356537,-76.5217591582245"
EPE_336-8740,Parque,Parque con colindancia,Zonal,16,1603,Unión de Vivienda Popular,3.408439,-76.507629,12568,Adecuado,Alta,Alta,Sin amenaza,No,4417,Zona 6,0.25,Sí,No,2,0,HOSPITAL A CASA SAS,256,Bomberos Estacion X10,840,7.0,"https://www.google.com/maps/@?api=1&map_action=pano&viewpoint=3.40843850762971,-76.5076291421881"
EPE_337-8741,Parque,Parque con colindancia,Zonal,16,1602,República de Israel,3.405534,-76.510954,18404,Adecuado,Alta,Sin amenaza,Sin amenaza,No,4755,Zona 6,0.25,Sí,No,1,0,UNIDAD MEDICA INMEDIATA SAS,212,Bomberos Estacion X4,955,7.0,"https://www.google.com/maps/@?api=1&map_action=pano&viewpoint=3.40553404496748,-76.5109535401452"
EPE_338-8742,Parque,Parque damero,Zonal,16,1697,Ciudad 2000,3.395827,-76.51958,5968,Adecuado,Alta,Sin amenaza,Sin amenaza,No,5596,Zona 5,0.28,Sí,No,0,0,REHABILITAMOS SEDE CANEY,1238,Bomberos Estacion X4,1674,7.0,"https://www.google.com/maps/@?api=1&map_action=pano&viewpoint=3.39582686837736,-76.519579601767"
EPE_339-8743,Parque,Parque con colindancia,Zonal,16,1604,Antonio Nariño,3.411958,-76.5044,12763,Medio,Alta,Alta,Sin amenaza,No,4135,Zona 6,0.25,Sí,No,2,0,HOSPITAL A CASA SAS,785,Bomberos Estacion X10,940,7.0,"https://www.google.com/maps/@?api=1&map_action=pano&viewpoint=3.41195784552974,-76.5044002494873"
EPE_34-8444,Parque,Parque con colindancia,Local,03,0307,Santa Rosa,3.446103,-76.536036,2145,Medio,Alta,Sin amenaza,Sin amenaza,No,6545,Zona 2,0.35,No,No,6,3,Instituto Santa Maria,181,Gestion del Riesgo Oficina,524,25.5,"https://www.google.com/maps/@?api=1&map_action=pano&viewpoint=3.44610305473797,-76.5360361553106"
EPE_340-8744,Parque,Parque damero,Local,11,1112,Prados de Oriente,3.432304,-76.515191,4896,Adecuado,Alta,Sin amenaza,Sin amenaza,No,4564,Zona 4B,0.28,No,No,8,0,IPS COMFANDI EL PRADO,377,Bomberos Estacion X3,1730,21.5,"https://www.google.com/maps/@?api=1&map_action=pano&viewpoint=3.43230435679733,-76.5151907395381"
EPE_341-8745,Parque,Parque damero,Zonal,09,0910,Barrio Obrero,3.44933,-76.520553,5710,Optimo,Alta,Sin amenaza,Sin amenaza,No,4805,Zona 4A,0.33,No,No,5,3,Ambulancias Traumamedic S.A.S,394,Bomberos Estacion X3,1026,34.0,"https://www.google.com/maps/@?api=1&map_action=pano&viewpoint=3.44932962751533,-76.5205532984374"
EPE_342-8746,Parque,Parque con colindancia,Local,12,1211,Sindical,3.430438,-76.502688,2630,Optimo,Baja,Sin amenaza,Sin amenaza,No,3328,Zona 6,0.25,Sí,No,1,0,CENTRO DE SALUD EL RODEO,490,Bomberos Estacion X3,2127,8.5,"https://www.google.com/maps/@?api=1&map_action=pano&viewpoint=3.43043799728978,-76.5026876856982"
EPE_344-8747,Parque,Parque en serie,Local,12,1207,Nueva Floresta,3.442773,-76.491974,161,Insuficiente,Baja,Alta,Sin amenaza,No,1816,Zona 6,0.25,Sí,No,8,0,AMBULANCIAS PRIMER TRABAJO MEDICO S.A.S,359,Bomberos Estacion X7,2037,8.5,"https://www.google.com/maps/@?api=1&map_action=pano&viewpoint=3.44277269238867,-76.4919735268995"
EPE_345-8748,Parque,Parque en serie,Local,12,1207,Nueva Floresta,3.441052,-76.492845,1883,Insuficiente,Alta,Media,Sin amenaza,No,1936,Zona 6,0.25,Sí,No,10,0,AMBULANCIAS PRIMER TRABAJO MEDICO S.A.S,359,Bomberos Estacion X7,1914,8.5,"https://www.google.com/maps/@?api=1&map_action=pano&viewpoint=3.44105209809162,-76.4928447143026"
EPE_346-8749,Parque,Parque en serie,Local,12,1207,Nueva Floresta,3.439577,-76.493586,1694,Medio,Alta,Media,Sin amenaza,No,2043,Zona 6,0.25,Sí,No,6,0,SISTEMA INTEGRADO EN SALUD MEDICA Y OCUPACIONAL SAS,419,Bomberos Estacion X7,1823,8.5,"https://www.google.com/maps/@?api=1&map_action=pano&viewpoint=3.43957673885325,-76.4935862123718"
EPE_347-8750,Parque,Parque en serie,Local,12,1207,Nueva Floresta,3.438488,-76.49437,1505,Medio,Alta,Alta,Sin amenaza,No,2154,Zona 6,0.25,Sí,No,4,0,SISTEMA INTEGRADO EN SALUD MEDICA Y OCUPACIONAL SAS,271,Bomberos Estacion X7,1781,8.5,"https://www.google.com/maps/@?api=1&map_action=pano&viewpoint=3.43848754688123,-76.4943695862989"
EPE_348-8751,Parque,Parque en serie,Local,12,1208,Julio Rincón,3.425953,-76.502111,454,Medio,Alta,Sin amenaza,Sin amenaza,No,3511,Zona 6,0.25,Sí,No,4,0,SERVICIO ASISTENCIAL INMEDIATO S.A.S,367,Bomberos Estacion X7,2015,8.5,"https://www.google.com/maps/@?api=1&map_action=pano&viewpoint=3.42595340556879,-76.5021108864234"
EPE_349-8752,Parque,Parque damero,Local,11,1118,San Pedro Claver,3.424843,-76.504599,3270,Medio,Baja,Sin amenaza,Sin amenaza,No,3811,Zona 6,0.25,Sí,No,9,0,SERVICIO ASISTENCIAL INMEDIATO S.A.S,117,Bomberos Estacion X4,2141,21.5,"https://www.google.com/maps/@?api=1&map_action=pano&viewpoint=3.42484288786185,-76.5045994037229"
EPE_35-8445,Plazoleta,Plazoleta de enlace,Local,03,0307,Santa Rosa,3.44695,-76.536122,3483,Optimo,Alta,Sin amenaza,Sin amenaza,No,6547,Zona 2,0.35,No,No,5,3,INSTITUTO DE DIAGNOSTICO MEDICO S.A SEDE DESA CLINICIA NUEVA DE CALI,93,Gestion del Riesgo Oficina,441,25.5,"https://www.google.com/maps/@?api=1&map_action=pano&viewpoint=3.44695042982194,-76.5361218403738"
EPE_350-8753,Parque,Parque con colindancia,Local,11,1120,La Gran Colombia,3.422296,-76.50633,3009,Medio,Alta,Sin amenaza,Sin amenaza,No,4124,Zona 6,0.25,Sí,No,8,0,SERVICIO ASISTENCIAL INMEDIATO S.A.S,375,Bomberos Estacion X4,1804,21.5,"https://www.google.com/maps/@?api=1&map_action=pano&viewpoint=3.42229610956123,-76.5063297946336"
EPE_351-8754,Plaza,Plaza de encuentro,Zonal,09,0908,Belalcázar,3.442079,-76.52482,6294,Adecuado,Media,Sin amenaza,Sin amenaza,No,5366,Zona 4A,0.33,No,No,10,4,MEDIC AMB SAS,629,Gestion del Riesgo Oficina,1423,34.0,"https://www.google.com/maps/@?api=1&map_action=pano&viewpoint=3.44207860454568,-76.5248202581665"
EPE_352-8755,Parque,Parque damero,Zonal,09,0901,Alameda,3.437131,-76.536391,5929,Adecuado,Baja,Sin amenaza,Sin amenaza,No,6731,Zona 3,0.35,No,No,9,2,BENEMERITO CUERPO DE BOMBEROS VOLUNTARIOS DE CALI VALLE,123,Bomberos Estacion X2,148,34.0,"https://www.google.com/maps/@?api=1&map_action=pano&viewpoint=3.43713113349689,-76.5363907994861"
EPE_353-8756,Zona verde,No aplica,Local,10,1008,Olímpico,3.424069,-76.533291,468,Medio,Media,Sin amenaza,Sin amenaza,No,6752,Zona 4C,0.4,No,No,14,1,CLINICA NUESTRA,159,Cruz Roja San Fernando,1323,22.5,"https://www.google.com/maps/@?api=1&map_action=pano&viewpoint=3.42406944091358,-76.5332912279382"
EPE_354-8757,Zona verde,No aplica,Local,10,1008,Olímpico,3.423618,-76.533437,440,Medio,Media,Sin amenaza,Sin amenaza,No,6783,Zona 4C,0.4,No,No,14,1,CLINICA NUESTRA,208,Cruz Roja San Fernando,1322,22.5,"https://www.google.com/maps/@?api=1&map_action=pano&viewpoint=3.42361846557529,-76.5334372730093"
EPE_355-8758,Zona verde,No aplica,Local,10,1008,Olímpico,3.423168,-76.533583,401,Medio,Media,Sin amenaza,Sin amenaza,No,6815,Zona 4C,0.4,No,No,14,1,CLINICA NUESTRA,258,Cruz Roja San Fernando,1323,22.5,"https://www.google.com/maps/@?api=1&map_action=pano&viewpoint=3.42316848664948,-76.533583455438"
EPE_356-8759,Zona verde,No aplica,Local,10,1008,Olímpico,3.422724,-76.53373,422,Medio,Media,Sin amenaza,Sin amenaza,No,6846,Zona 4C,0.4,No,No,16,1,CLINICA NUESTRA,309,Cruz Roja San Fernando,1325,22.5,"https://www.google.com/maps/@?api=1&map_action=pano&viewpoint=3.42272446505816,-76.5337301623871"
EPE_357-8760,Zona verde,No aplica,Local,10,1008,Olímpico,3.422188,-76.533847,374,Regular,Media,Sin amenaza,Sin amenaza,No,6879,Zona 4C,0.4,No,No,18,2,CLINICA NUESTRA,370,Cruz Roja San Fernando,1337,22.5,"https://www.google.com/maps/@?api=1&map_action=pano&viewpoint=3.42218808439037,-76.5338471891082"
EPE_358-8761,Zona verde,No aplica,Local,10,1008,Olímpico,3.421714,-76.534073,202,Regular,Media,Sin amenaza,Sin amenaza,No,6920,Zona 4C,0.4,No,No,19,2,CLINICA NUESTRA,425,Cruz Roja San Fernando,1338,22.5,"https://www.google.com/maps/@?api=1&map_action=pano&viewpoint=3.42171409053476,-76.5340732542366"
EPE_359-8762,Zona verde,No aplica,Local,10,1008,Olímpico,3.421695,-76.534036,104,Malo,Media,Sin amenaza,Sin amenaza,No,6917,Zona 4C,0.4,No,No,19,2,CLINICA NUESTRA,427,Cruz Roja San Fernando,1342,22.5,"https://www.google.com/maps/@?api=1&map_action=pano&viewpoint=3.42169465123518,-76.5340363690715"
EPE_36-8446,Plazoleta,Plazoleta de enlace,Local,03,0308,La Merced,3.450511,-76.53641,868,Medio,Media,Sin amenaza,Sin amenaza,No,6558,Zona 2,0.35,No,No,2,2,EMPRESA DE MEDICINA INTEGRAL EMI S.A. SERVICIO DE AMBULANCIA PREPAGADA SUCURSAL CALI,180,Gestion del Riesgo Oficina,219,25.5,"https://www.google.com/maps/@?api=1&map_action=pano&viewpoint=3.45051081071146,-76.5364101950819"
EPE_360-8763,Zona verde,No aplica,Local,10,1008,Olímpico,3.421268,-76.534204,351,Regular,Media,Sin amenaza,Sin amenaza,No,6951,Zona 4C,0.4,No,No,19,2,SERVICIO DE SALUD INMEDIATO IPS S.A.S,461,Cruz Roja San Fernando,1348,22.5,"https://www.google.com/maps/@?api=1&map_action=pano&viewpoint=3.42126807161,-76.5342042699915"
EPE_361-8764,Parque,Parque para la recreación especializada,Zonal,10,1002,El Guabal,3.417971,-76.530844,6396,Medio,Alta,Sin amenaza,Sin amenaza,No,6746,Zona 4C,0.4,No,No,4,2,LEONOR ANDREA LOPEZ GUTIERREZ,292,Bomberos Estacion X4,1657,22.5,"https://www.google.com/maps/@?api=1&map_action=pano&viewpoint=3.41797115126645,-76.5308438928871"
EPE_362-8765,Parque,Parque en serie,Local,10,1006,Santo Domingo,3.413287,-76.531835,872,Adecuado,Alta,Sin amenaza,Sin amenaza,No,7075,Zona 4C,0.4,No,No,3,1,WILLIAM JARAMILLO GALLEGO,128,Bomberos Estacion X4,1585,22.5,"https://www.google.com/maps/@?api=1&map_action=pano&viewpoint=3.41328732899263,-76.5318347018388"
EPE_363-8766,Parque,Parque en serie,Local,10,1006,Santo Domingo,3.412852,-76.531967,879,Adecuado,Alta,Sin amenaza,Sin amenaza,No,7111,Zona 4C,0.4,No,No,3,1,WILLIAM JARAMILLO GALLEGO,163,Bomberos Estacion X4,1592,22.5,"https://www.google.com/maps/@?api=1&map_action=pano&viewpoint=3.41285247391409,-76.5319673304732"
EPE_364-8767,Zona verde,No aplica,Local,10,1010,La Selva,3.412819,-76.529534,1406,Malo,Media,Sin amenaza,Sin amenaza,No,6876,Zona 4C,0.4,No,No,2,1,WILLIAM JARAMILLO GALLEGO,367,Bomberos Estacion X4,1325,22.5,"https://www.google.com/maps/@?api=1&map_action=pano&viewpoint=3.41281922609698,-76.5295338515907"
EPE_365-8768,Zona verde,No aplica,Local,10,1010,La Selva,3.412474,-76.529607,1319,Insuficiente,Alta,Sin amenaza,Sin amenaza,No,6895,Zona 4C,0.4,No,No,2,1,WILLIAM JARAMILLO GALLEGO,378,Bomberos Estacion X4,1327,22.5,"https://www.google.com/maps/@?api=1&map_action=pano&viewpoint=3.41247428883675,-76.5296069684254"
EPE_366-8769,Zona verde,No aplica,Local,10,1010,La Selva,3.412103,-76.529762,1419,Insuficiente,Alta,Sin amenaza,Sin amenaza,No,6906,Zona 4C,0.4,No,No,2,1,WILLIAM JARAMILLO GALLEGO,386,Bomberos Estacion X4,1339,22.5,"https://www.google.com/maps/@?api=1&map_action=pano&viewpoint=3.41210272485744,-76.5297624918509"
EPE_367-8770,Parque,Parque en serie,Local,11,1110,El Prado,3.43502,-76.517036,1082,Adecuado,Media,Sin amenaza,Sin amenaza,No,4694,Zona 4B,0.28,No,No,7,0,IPS COMFANDI EL PRADO,71,Bomberos Estacion X3,1509,21.5,"https://www.google.com/maps/@?api=1&map_action=pano&viewpoint=3.43502028677181,-76.5170355958828"
EPE_368-8771,Plazoleta,Plazoleta de enlace,Local,09,0908,Belalcázar,3.440116,-76.522676,2461,Adecuado,Media,Sin amenaza,Sin amenaza,No,5173,Zona 4A,0.33,No,No,3,0,MEDIC AMB SAS,306,Bomberos Estacion X3,1482,34.0,"https://www.google.com/maps/@?api=1&map_action=pano&viewpoint=3.44011584183203,-76.5226763474895"
EPE_369-8772,Parque,Parque para la recreación especializada,Local,10,1009,Cristóbal Colón,3.422256,-76.521364,3477,Regular,Baja,Sin amenaza,Sin amenaza,No,5591,Zona 5,0.28,Sí,No,11,0,yinniva celmira chavez umaña,998,Bomberos Estacion X4,1337,22.5,"https://www.google.com/maps/@?api=1&map_action=pano&viewpoint=3.42225644149159,-76.5213641168054"
EPE_37-8447,Plazoleta,Plazoleta de enlace,Local,03,0308,La Merced,3.449551,-76.53592,457,Insuficiente,Media,Sin amenaza,Sin amenaza,No,6507,Zona 2,0.35,No,No,3,2,INSTITUTO DE DIAGNOSTICO MEDICO S.A SEDE DESA CLINICIA NUEVA DE CALI,197,Gestion del Riesgo Oficina,198,25.5,"https://www.google.com/maps/@?api=1&map_action=pano&viewpoint=3.44955057732294,-76.5359199422289"
EPE_370-8773,Parque,Parque en serie,Local,11,1107,La Fortaleza,3.425988,-76.512902,780,Adecuado,Alta,Sin amenaza,Sin amenaza,No,4564,Zona 5,0.28,Sí,No,10,0,CENTRO DE SALUD LUIS H. GARCES,281,Bomberos Estacion X4,1776,21.5,"https://www.google.com/maps/@?api=1&map_action=pano&viewpoint=3.4259881836959,-76.5129021468833"
EPE_371-8774,Parque,Parque en serie,Local,11,1107,La Fortaleza,3.425586,-76.512952,780,Medio,Alta,Sin amenaza,Sin amenaza,No,4588,Zona 5,0.28,Sí,No,10,0,CENTRO DE SALUD LUIS H. GARCES,326,Bomberos Estacion X4,1732,21.5,"https://www.google.com/maps/@?api=1&map_action=pano&viewpoint=3.4255857749834,-76.5129524437053"
EPE_372-8775,Parque,Parque en serie,Local,11,1121,San Benito,3.42929,-76.510983,307,Regular,Alta,Sin amenaza,Sin amenaza,No,4225,Zona 5,0.28,Sí,No,9,0,CENTRO DE SALUD LUIS H. GARCES,182,Bomberos Estacion X3,2017,21.5,"https://www.google.com/maps/@?api=1&map_action=pano&viewpoint=3.42929011749821,-76.5109833849112"
EPE_373-8776,Parque,Parque con colindancia,Local,11,1112,Prados de Oriente,3.430323,-76.514204,1510,Medio,Alta,Sin amenaza,Sin amenaza,No,4522,Zona 4B,0.28,No,No,10,0,CENTRO DE SALUD LUIS H. GARCES,287,Bomberos Estacion X3,1925,21.5,"https://www.google.com/maps/@?api=1&map_action=pano&viewpoint=3.43032265399541,-76.514204034103"
EPE_374-8777,Parque,Parque con colindancia,Local,11,1112,Prados de Oriente,3.429592,-76.514228,2706,Medio,Alta,Sin amenaza,Sin amenaza,No,4551,Zona 5,0.28,Sí,No,7,0,CENTRO DE SALUD LUIS H. GARCES,238,Bomberos Estacion X3,2006,21.5,"https://www.google.com/maps/@?api=1&map_action=pano&viewpoint=3.42959179042243,-76.5142278103198"
EPE_375-8778,Parque,Parque con colindancia,Local,11,1111,20 de Julio,3.435535,-76.513611,2139,Adecuado,Alta,Sin amenaza,Sin amenaza,No,4310,Zona 4B,0.28,No,No,8,0,IPS COMFANDI EL PRADO,324,Bomberos Estacion X3,1342,21.5,"https://www.google.com/maps/@?api=1&map_action=pano&viewpoint=3.43553502020631,-76.5136114196323"
EPE_376-8779,Parque,Parque en serie,Local,11,1109,Aguablanca,3.43304,-76.517738,2014,Medio,Baja,Sin amenaza,Sin amenaza,No,4817,Zona 4B,0.28,No,No,6,0,IPS COMFANDI EL PRADO,296,Bomberos Estacion X3,1742,21.5,"https://www.google.com/maps/@?api=1&map_action=pano&viewpoint=3.43303999678654,-76.5177378495914"
EPE_377-8780,Parque,Parque en serie,Local,11,1109,Aguablanca,3.43193,-76.517604,557,Regular,Baja,Sin amenaza,Sin amenaza,No,4833,Zona 4B,0.28,No,No,8,0,IPS COMFANDI EL PRADO,406,Bomberos Estacion X3,1851,21.5,"https://www.google.com/maps/@?api=1&map_action=pano&viewpoint=3.43193023591672,-76.5176044964846"
EPE_378-8781,Zona verde,No aplica,Local,11,1114,Villa del Sur,3.409995,-76.518638,1907,Medio,Alta,Sin amenaza,Sin amenaza,No,5651,Zona 5,0.28,Sí,No,2,0,CEDIMA 2,342,Bomberos Estacion X4,129,21.5,"https://www.google.com/maps/@?api=1&map_action=pano&viewpoint=3.40999545337517,-76.5186376210552"
EPE_379-8782,Parque,Parque en serie,Local,11,1101,San Carlos,3.420403,-76.51351,3198,Adecuado,Alta,Sin amenaza,Sin amenaza,No,4913,Zona 5,0.28,Sí,No,7,0,CENTRO DE SALUD LUIS H. GARCES,905,Bomberos Estacion X4,1171,21.5,"https://www.google.com/maps/@?api=1&map_action=pano&viewpoint=3.42040307616231,-76.5135102883396"
EPE_38-8448,Parque,Parque damero,Local,03,0303,San Antonio,3.448902,-76.541292,794,Adecuado,Baja,Sin amenaza,Sin amenaza,No,7106,Zona 2,0.35,No,No,2,0,Giancarlo Paz Caro,181,Gestion del Riesgo Oficina,782,25.5,"https://www.google.com/maps/@?api=1&map_action=pano&viewpoint=3.4489019497761,-76.5412924748435"
EPE_380-8783,Parque,Parque en serie,Zonal,11,1101,San Carlos,3.420465,-76.515157,9836,Adecuado,Alta,Sin amenaza,Sin amenaza,No,5068,Zona 5,0.28,Sí,No,10,0,CENTRO DE SALUD LUIS H. GARCES,941,Bomberos Estacion X4,1116,21.5,"https://www.google.com/maps/@?api=1&map_action=pano&viewpoint=3.42046457264833,-76.5151573348381"
EPE_381-8784,Parque,Parque en serie,Local,11,1101,San Carlos,3.420581,-76.511738,4604,Regular,Alta,Sin amenaza,Sin amenaza,No,4734,Zona 5,0.28,Sí,No,11,0,CENTRO DE SALUD LUIS H. GARCES,880,Bomberos Estacion X4,1280,21.5,"https://www.google.com/maps/@?api=1&map_action=pano&viewpoint=3.42058105742808,-76.5117383828476"
EPE_382-8785,Parque,Parque en serie,Local,11,1115,José Holguín Garcés,3.409374,-76.51912,1397,Adecuado,Baja,Sin amenaza,Sin amenaza,No,5695,Zona 5,0.28,Sí,No,1,0,CEDIMA 2,280,Bomberos Estacion X4,216,21.5,"https://www.google.com/maps/@?api=1&map_action=pano&viewpoint=3.40937382178038,-76.5191197110832"
EPE_383-8786,Parque,Parque en serie,Local,11,1115,José Holguín Garcés,3.408955,-76.519483,1283,Adecuado,Baja,Sin amenaza,Sin amenaza,No,5730,Zona 5,0.28,Sí,No,1,0,CEDIMA 2,243,Bomberos Estacion X4,277,21.5,"https://www.google.com/maps/@?api=1&map_action=pano&viewpoint=3.40895491216334,-76.5194825972962"
EPE_384-8787,Parque,Parque en serie,Local,11,1115,José Holguín Garcés,3.408521,-76.519871,492,Regular,Baja,Sin amenaza,Sin amenaza,No,5768,Zona 5,0.28,Sí,No,1,0,AMBULANCIAS S.P.I S.A.S,208,Bomberos Estacion X4,342,21.5,"https://www.google.com/maps/@?api=1&map_action=pano&viewpoint=3.40852139844494,-76.5198710997965"
EPE_385-8788,Parque,Parque en serie,Local,11,1115,José Holguín Garcés,3.408155,-76.520304,904,Adecuado,Baja,Sin amenaza,Sin amenaza,No,5812,Zona 5,0.28,Sí,No,1,0,AMBULANCIAS S.P.I S.A.S,175,Bomberos Estacion X4,405,21.5,"https://www.google.com/maps/@?api=1&map_action=pano&viewpoint=3.40815475670356,-76.520304198547"
EPE_386-8789,Parque,Parque en serie,Local,11,1115,José Holguín Garcés,3.40776,-76.520707,576,Adecuado,Baja,Sin amenaza,Sin amenaza,No,5853,Zona 5,0.28,Sí,No,1,0,AMBULANCIAS S.P.I S.A.S,166,Bomberos Estacion X4,467,21.5,"https://www.google.com/maps/@?api=1&map_action=pano&viewpoint=3.40775998090689,-76.5207073489404"
EPE_387-8790,Parque,Parque con colindancia,Zonal,16,1601,Mariano Ramos,3.401791,-76.515249,14076,Adecuado,Alta,Sin amenaza,Sin amenaza,No,5228,Zona 6,0.25,Sí,No,0,0,UNIDAD MEDICA INMEDIATA SAS,835,Bomberos Estacion X4,1038,7.0,"https://www.google.com/maps/@?api=1&map_action=pano&viewpoint=3.4017906641851,-76.5152493438672"
EPE_388-8791,Parque,Parque en serie,Local,10,1001,El Dorado,3.421863,-76.528238,1141,Regular,Alta,Sin amenaza,Sin amenaza,No,6310,Zona 4C,0.4,No,No,9,0,Haydee Tatiana Romero Bonilla,620,Bomberos Estacion X4,1694,22.5,"https://www.google.com/maps/@?api=1&map_action=pano&viewpoint=3.42186345670462,-76.528237635423"
EPE_389-8792,Parque,Parque en serie,Local,10,1001,El Dorado,3.422137,-76.527822,1167,Regular,Alta,Sin amenaza,Sin amenaza,No,6255,Zona 4C,0.4,No,No,9,0,Haydee Tatiana Romero Bonilla,618,Bomberos Estacion X4,1685,22.5,"https://www.google.com/maps/@?api=1&map_action=pano&viewpoint=3.42213700717304,-76.5278220246093"
EPE_39-8449,Plaza,Plaza de encuentro,Zonal,02,0206,Centenario,3.454404,-76.533834,18658,Optimo,Alta,Sin amenaza,Sin amenaza,No,6227,,,No,No,4,0,ORTHOMANIA CALI CENTRO,333,Gestion del Riesgo Oficina,435,37.0,"https://www.google.com/maps/@?api=1&map_action=pano&viewpoint=3.45440409341384,-76.5338341456718"
EPE_390-8793,Zona verde,No aplica,Local,11,1122,Primavera,3.423746,-76.507234,106,Insuficiente,Alta,Sin amenaza,Sin amenaza,No,4124,Zona 5,0.28,Sí,No,7,0,SERVICIO ASISTENCIAL INMEDIATO S.A.S,285,Bomberos Estacion X4,1857,21.5,"https://www.google.com/maps/@?api=1&map_action=pano&viewpoint=3.42374574070838,-76.5072341497881"
EPE_391-8794,Parque,Parque en serie,Local,12,1208,Julio Rincón,3.425774,-76.501936,439,Regular,Alta,Sin amenaza,Sin amenaza,No,3505,Zona 6,0.25,Sí,No,6,0,SERVICIO ASISTENCIAL INMEDIATO S.A.S,385,Bomberos Estacion X7,1996,8.5,"https://www.google.com/maps/@?api=1&map_action=pano&viewpoint=3.42577389824386,-76.5019355118691"
EPE_392-8795,Parque,Parque irregular,Local,10,1016,Las Granjas,3.406867,-76.527228,853,Medio,Alta,Sin amenaza,Sin amenaza,No,6567,Zona 5,0.28,Sí,No,0,0,AMBULANCIAS S.P.I S.A.S,652,Bomberos Estacion X4,1136,22.5,"https://www.google.com/maps/@?api=1&map_action=pano&viewpoint=3.40686668661741,-76.5272280859625"
EPE_393-8796,Parque,Parque en serie,Local,11,1110,El Prado,3.435526,-76.516777,396,Medio,Media,Sin amenaza,Sin amenaza,No,4656,Zona 4B,0.28,No,No,6,0,IPS COMFANDI EL PRADO,30,Bomberos Estacion X3,1446,21.5,"https://www.google.com/maps/@?api=1&map_action=pano&viewpoint=3.43552559436271,-76.5167772130965"
EPE_394-8797,Parque,Parque en serie,Local,11,1121,San Benito,3.429679,-76.51078,308,Regular,Alta,Sin amenaza,Sin amenaza,No,4188,Zona 5,0.28,Sí,No,9,0,CENTRO DE SALUD LUIS H. GARCES,225,Bomberos Estacion X3,1975,21.5,"https://www.google.com/maps/@?api=1&map_action=pano&viewpoint=3.42967853164775,-76.5107795096782"
EPE_395-8798,Parque,Parque en serie,Local,11,1121,San Benito,3.428497,-76.511407,282,Regular,Alta,Sin amenaza,Sin amenaza,No,4301,Zona 5,0.28,Sí,No,9,0,CENTRO DE SALUD LUIS H. GARCES,110,Bomberos Estacion X4,2093,21.5,"https://www.google.com/maps/@?api=1&map_action=pano&viewpoint=3.42849660845225,-76.511406969266"
EPE_396-8799,Zona verde,No aplica,Local,11,1120,La Gran Colombia,3.422327,-76.506001,219,Regular,Alta,Sin amenaza,Sin amenaza,No,4092,Zona 6,0.25,Sí,No,6,0,SERVICIO ASISTENCIAL INMEDIATO S.A.S,363,Bomberos Estacion X4,1832,21.5,"https://www.google.com/maps/@?api=1&map_action=pano&viewpoint=3.42232664914724,-76.5060009158027"
EPE_397-8800,Parque,Parque damero,Local,09,0902,Bretaña,3.4387,-76.532748,613,Medio,Baja,Sin amenaza,Sin amenaza,No,6299,Zona 4A,0.33,No,No,5,1,AMBULANCIAS SANTA RITA S.A.S,99,Bomberos Estacion X2,569,34.0,"https://www.google.com/maps/@?api=1&map_action=pano&viewpoint=3.43869959550715,-76.5327478536255"
EPE_398-8801,Zona verde,No aplica,Local,09,0908,Belalcázar,3.439156,-76.520672,368,Regular,Media,Sin amenaza,Sin amenaza,No,4980,Zona 4B,0.28,No,No,3,0,MEDIC AMB SAS,100,Bomberos Estacion X3,1371,34.0,"https://www.google.com/maps/@?api=1&map_action=pano&viewpoint=3.43915589237694,-76.5206716863893"
EPE_399-8802,Zona verde,No aplica,Local,09,0908,Belalcázar,3.43904,-76.520351,250,Regular,Media,Sin amenaza,Sin amenaza,No,4948,Zona 4B,0.28,No,No,2,0,MEDIC AMB SAS,92,Bomberos Estacion X3,1354,34.0,"https://www.google.com/maps/@?api=1&map_action=pano&viewpoint=3.43903951121997,-76.5203512845312"
EPE_40-8450,Parque,Parque de borde,Local,02,0206,Centenario,3.451399,-76.537476,891,Malo,Alta,Sin amenaza,Sin amenaza,No,6671,,,No,No,0,0,EMPRESA DE MEDICINA INTEGRAL EMI S.A. SERVICIO DE AMBULANCIA PREPAGADA SUCURSAL CALI,29,Gestion del Riesgo Oficina,350,37.0,"https://www.google.com/maps/@?api=1&map_action=pano&viewpoint=3.45139874595585,-76.5374758614621"
EPE_400-8803,Zona verde,No aplica,Local,11,1113,Los Sauces,3.417527,-76.513836,283,Insuficiente,Alta,Sin amenaza,Sin amenaza,No,5112,Zona 5,0.28,Sí,No,7,0,E.S.E. HOSPITAL CARLOS CARMONA MONTOYA IPS,873,Bomberos Estacion X4,869,21.5,"https://www.google.com/maps/@?api=1&map_action=pano&viewpoint=3.41752683726079,-76.5138364327603"
EPE_401-8804,Parque,Parque en serie,Local,12,1207,Nueva Floresta,3.441948,-76.49239,3468,Medio,Alta,Media,Sin amenaza,No,1873,Zona 6,0.25,Sí,No,8,0,AMBULANCIAS PRIMER TRABAJO MEDICO S.A.S,343,Bomberos Estacion X7,1976,8.5,"https://www.google.com/maps/@?api=1&map_action=pano&viewpoint=3.44194757720064,-76.4923901081252"
EPE_402-8805,Parque,Parque en serie,Local,12,1207,Nueva Floresta,3.440394,-76.493155,1668,Medio,Alta,Alta,Sin amenaza,No,1980,Zona 6,0.25,Sí,No,9,0,AMBULANCIAS PRIMER TRABAJO MEDICO S.A.S,393,Bomberos Estacion X7,1871,8.5,"https://www.google.com/maps/@?api=1&map_action=pano&viewpoint=3.44039445128221,-76.4931553641248"
EPE_403-8806,Parque,Parque damero,Local,16,1605,Brisas del Limonar,3.402586,-76.522377,386,Regular,Baja,Sin amenaza,Sin amenaza,No,6018,Zona 4D,0.28,No,No,0,0,AMBULANCIAS S.P.I S.A.S,702,Bomberos Estacion X4,1044,7.0,"https://www.google.com/maps/@?api=1&map_action=pano&viewpoint=3.40258612709739,-76.522377358432"
EPE_404-8807,Zona verde,No aplica,Local,09,0902,Bretaña,3.435579,-76.530849,177,Regular,Baja,Sin amenaza,Sin amenaza,No,6172,Zona 4A,0.33,No,No,12,2,SERVICIOS MEDICOS INTEGRALES SEMI,168,Bomberos Estacion X2,697,34.0,"https://www.google.com/maps/@?api=1&map_action=pano&viewpoint=3.43557870374315,-76.5308491716911"
EPE_405-8808,Zona verde,No aplica,Local,10,1003,La Libertad,3.423723,-76.524179,274,Regular,Alta,Sin amenaza,Sin amenaza,No,5814,Zona 5,0.28,Sí,No,6,0,yinniva celmira chavez umaña,783,Bomberos Estacion X4,1606,22.5,"https://www.google.com/maps/@?api=1&map_action=pano&viewpoint=3.42372331216922,-76.5241785493586"
EPE_406-8809,Zona verde,No aplica,Local,10,1003,La Libertad,3.423231,-76.524155,279,Regular,Alta,Sin amenaza,Sin amenaza,No,5833,Zona 5,0.28,Sí,No,6,0,yinniva celmira chavez umaña,837,Bomberos Estacion X4,1556,22.5,"https://www.google.com/maps/@?api=1&map_action=pano&viewpoint=3.42323092446291,-76.5241553089594"
EPE_407-8810,Zona verde,No aplica,Local,10,1003,La Libertad,3.424212,-76.524205,280,Regular,Alta,Sin amenaza,Sin amenaza,No,5797,Zona 5,0.28,Sí,No,4,0,yinniva celmira chavez umaña,728,Bomberos Estacion X4,1656,22.5,"https://www.google.com/maps/@?api=1&map_action=pano&viewpoint=3.42421233898517,-76.5242047268557"
EPE_408-8811,Parque,Parque damero,Local,11,1122,Primavera,3.420176,-76.5089,640,Medio,Alta,Sin amenaza,Sin amenaza,No,4492,Zona 6,0.25,Sí,No,5,0,SERVICIO ASISTENCIAL INMEDIATO S.A.S,712,Bomberos Estacion X4,1436,21.5,"https://www.google.com/maps/@?api=1&map_action=pano&viewpoint=3.42017608997777,-76.5089002906196"
EPE_409-8812,Parque,Parque damero,Local,10,1013,Panamericano,3.413493,-76.534102,2829,Optimo,Alta,Sin amenaza,Sin amenaza,No,7288,Zona 4C,0.4,No,No,3,1,WILLIAM JARAMILLO GALLEGO,191,Bomberos Estacion X4,1837,22.5,"https://www.google.com/maps/@?api=1&map_action=pano&viewpoint=3.41349315388109,-76.5341020470344"
EPE_41-8451,Parque,Parque irregular,Local,01,0101,Terron Colorado,3.4522,-76.570498,1076,Adecuado,Media,Sin amenaza,Sin amenaza,No,10196,Zona 1,0.22,No,No,10,0,Casa Hogar de Proteccion Fundacion Amor y Fe,1646,Bomberos Estacion X6,1930,29.0,"https://www.google.com/maps/@?api=1&map_action=pano&viewpoint=3.45219977789004,-76.5704978836805"
EPE_410-8813,Parque,Parque damero,Local,11,1106,El Jardín,3.421142,-76.51705,1592,Adecuado,Alta,Sin amenaza,Sin amenaza,No,5216,Zona 5,0.28,Sí,No,7,0,CENTRO DE SALUD LUIS H. GARCES,964,Bomberos Estacion X4,1156,21.5,"https://www.google.com/maps/@?api=1&map_action=pano&viewpoint=3.42114166433038,-76.517050266405"
EPE_411-8814,Parque,Parque damero,Local,11,1106,El Jardín,3.422958,-76.517321,1259,Adecuado,Alta,Sin amenaza,Sin amenaza,No,5152,Zona 5,0.28,Sí,No,9,0,CENTRO DE SALUD LUIS H. GARCES,821,Bomberos Estacion X4,1356,21.5,"https://www.google.com/maps/@?api=1&map_action=pano&viewpoint=3.42295811859259,-76.5173206212118"
EPE_412-8815,Zona verde,No aplica,Local,11,1106,El Jardín,3.42607,-76.516717,1148,Medio,Alta,Sin amenaza,Sin amenaza,No,4949,Zona 5,0.28,Sí,No,4,0,CENTRO DE SALUD LUIS H. GARCES,548,Bomberos Estacion X4,1705,21.5,"https://www.google.com/maps/@?api=1&map_action=pano&viewpoint=3.42606952721609,-76.5167166401787"
EPE_413-8816,Parque,Parque damero,Local,11,1106,El Jardín,3.427593,-76.516562,1173,Regular,Alta,Sin amenaza,Sin amenaza,No,4871,Zona 5,0.28,Sí,No,7,0,CENTRO DE SALUD LUIS H. GARCES,472,Bomberos Estacion X4,1875,21.5,"https://www.google.com/maps/@?api=1&map_action=pano&viewpoint=3.42759335347701,-76.5165619700874"
EPE_414-8817,Parque,Parque irregular,Zonal,11,1106,El Jardín,3.420684,-76.518044,6757,Adecuado,Alta,Sin amenaza,Sin amenaza,No,5337,Zona 5,0.28,Sí,No,7,0,CENTRO DE SALUD LUIS H. GARCES,1068,Bomberos Estacion X4,1102,21.5,"https://www.google.com/maps/@?api=1&map_action=pano&viewpoint=3.42068400903431,-76.5180437096587"
EPE_415-8818,Parque,Parque en serie,Local,10,1002,El Guabal,3.417919,-76.528449,1700,Medio,Alta,Sin amenaza,Sin amenaza,No,6508,Zona 4C,0.4,No,No,5,1,LEONOR ANDREA LOPEZ GUTIERREZ,474,Bomberos Estacion X4,1426,22.5,"https://www.google.com/maps/@?api=1&map_action=pano&viewpoint=3.41791901869068,-76.5284490254989"
EPE_416-8819,Parque,Parque en serie,Local,10,1002,El Guabal,3.416872,-76.528803,839,Adecuado,Alta,Sin amenaza,Sin amenaza,No,6594,Zona 4C,0.4,No,No,2,1,LEONOR ANDREA LOPEZ GUTIERREZ,387,Bomberos Estacion X4,1399,22.5,"https://www.google.com/maps/@?api=1&map_action=pano&viewpoint=3.41687202566818,-76.5288027767684"
EPE_417-8820,Parque,Parque damero,Local,11,1113,Los Sauces,3.417002,-76.51316,1095,Adecuado,Alta,Sin amenaza,Sin amenaza,No,5081,Zona 5,0.28,Sí,No,7,0,E.S.E. HOSPITAL CARLOS CARMONA MONTOYA IPS,823,Bomberos Estacion X4,861,21.5,"https://www.google.com/maps/@?api=1&map_action=pano&viewpoint=3.41700185823975,-76.5131602846396"
EPE_418-8821,Zona verde,No aplica,Zonal,10,1002,El Guabal,3.417524,-76.523323,7151,Regular,Alta,Sin amenaza,Sin amenaza,No,6020,Zona 5,0.28,Sí,No,5,0,CEDIMA 2,932,Bomberos Estacion X4,971,22.5,"https://www.google.com/maps/@?api=1&map_action=pano&viewpoint=3.4175244205389,-76.5233228443007"
EPE_419-8822,Parque,Parque con colindancia,Local,12,1208,Julio Rincón,3.426962,-76.501284,1825,Adecuado,Alta,Sin amenaza,Sin amenaza,No,3374,Zona 6,0.25,Sí,No,6,0,SERVICIO ASISTENCIAL INMEDIATO S.A.S,483,Bomberos Estacion X7,1924,8.5,"https://www.google.com/maps/@?api=1&map_action=pano&viewpoint=3.42696151255046,-76.5012837389253"
EPE_42-8452,Plazoleta,Plazoleta de enlace,Local,03,0309,San Pascual,3.442841,-76.526848,2048,Regular,Media,Sin amenaza,Sin amenaza,No,5576,Zona 4A,0.33,No,No,11,3,REDSALUD 24/7,692,Gestion del Riesgo Oficina,1201,25.5,"https://www.google.com/maps/@?api=1&map_action=pano&viewpoint=3.44284059378561,-76.5268478033525"
EPE_420-8823,Parque,Parque en serie,Local,10,1002,El Guabal,3.414623,-76.529549,968,Medio,Alta,Sin amenaza,Sin amenaza,No,6781,Zona 4C,0.4,No,No,2,1,LEONOR ANDREA LOPEZ GUTIERREZ,302,Bomberos Estacion X4,1375,22.5,"https://www.google.com/maps/@?api=1&map_action=pano&viewpoint=3.41462314612942,-76.5295485910949"
EPE_421-8824,Parque,Parque en serie,Local,10,1002,El Guabal,3.414212,-76.529686,814,Medio,Alta,Sin amenaza,Sin amenaza,No,6816,Zona 4C,0.4,No,No,2,1,LEONOR ANDREA LOPEZ GUTIERREZ,309,Bomberos Estacion X4,1376,22.5,"https://www.google.com/maps/@?api=1&map_action=pano&viewpoint=3.41421169726897,-76.5296857083628"
EPE_422-8825,Zona verde,No aplica,Zonal,16,1697,Ciudad 2000,3.389875,-76.52253,38403,Malo,Alta,Sin amenaza,Sin amenaza,No,5722,Zona 4D,0.28,No,No,0,0,LINA MARIA RENDON RICO,688,Bomberos Estacion X4,2383,7.0,"https://www.google.com/maps/@?api=1&map_action=pano&viewpoint=3.38987536623439,-76.5225302188948"
EPE_423-8826,Zona verde,No aplica,Local,17,1774,Caney,3.390449,-76.521291,703,Insuficiente,Alta,Sin amenaza,Sin amenaza,No,5603,Zona 5,0.28,Sí,No,0,0,LINA MARIA RENDON RICO,768,Bomberos Estacion X4,2294,10.0,"https://www.google.com/maps/@?api=1&map_action=pano&viewpoint=3.39044856526146,-76.5212908167579"
EPE_424-8827,Parque,Parque con colindancia,Zonal,11,1114,Villa del Sur,3.412315,-76.521334,5331,Regular,Alta,Sin amenaza,Sin amenaza,No,5986,Zona 5,0.28,Sí,No,0,0,CEDIMA 2,336,Bomberos Estacion X4,431,21.5,"https://www.google.com/maps/@?api=1&map_action=pano&viewpoint=3.41231487950408,-76.5213340361328"
EPE_425-8828,Parque,Parque en serie,Local,11,1114,Villa del Sur,3.411532,-76.517303,2621,Optimo,Alta,Sin amenaza,Sin amenaza,No,5530,Zona 5,0.28,Sí,No,2,0,E.S.E. HOSPITAL CARLOS CARMONA MONTOYA IPS,381,Bomberos Estacion X4,99,21.5,"https://www.google.com/maps/@?api=1&map_action=pano&viewpoint=3.41153215122321,-76.5173025856639"
EPE_426-8829,Parque,Parque en serie,Local,10,1002,El Guabal,3.417198,-76.525616,974,Medio,Alta,Sin amenaza,Sin amenaza,No,6262,Zona 5,0.28,Sí,No,3,0,LEONOR ANDREA LOPEZ GUTIERREZ,736,Bomberos Estacion X4,1126,22.5,"https://www.google.com/maps/@?api=1&map_action=pano&viewpoint=3.41719798399113,-76.525616112579"
EPE_427-8830,Parque,Parque en serie,Local,10,1002,El Guabal,3.416758,-76.525532,887,Medio,Alta,Sin amenaza,Sin amenaza,No,6276,Zona 5,0.28,Sí,No,3,0,LEONOR ANDREA LOPEZ GUTIERREZ,736,Bomberos Estacion X4,1088,22.5,"https://www.google.com/maps/@?api=1&map_action=pano&viewpoint=3.41675776091757,-76.5255324589603"
EPE_428-8831,Parque,Parque en serie,Local,10,1002,El Guabal,3.416328,-76.525455,835,Medio,Alta,Sin amenaza,Sin amenaza,No,6291,Zona 5,0.28,Sí,No,3,0,LEONOR ANDREA LOPEZ GUTIERREZ,738,Bomberos Estacion X4,1053,22.5,"https://www.google.com/maps/@?api=1&map_action=pano&viewpoint=3.41632769677372,-76.525454860389"
EPE_429-8832,Parque,Parque en serie,Local,11,1112,Prados de Oriente,3.429001,-76.511883,1537,Regular,Alta,Sin amenaza,Sin amenaza,No,4330,Zona 5,0.28,Sí,No,7,0,CENTRO DE SALUD LUIS H. GARCES,83,Bomberos Estacion X3,2049,21.5,"https://www.google.com/maps/@?api=1&map_action=pano&viewpoint=3.42900067041967,-76.5118832262835"
EPE_43-8453,Plazoleta,Plazoleta de enlace,Local,03,0309,San Pascual,3.442909,-76.528233,901,Regular,Media,Sin amenaza,Sin amenaza,No,5728,Zona 4A,0.33,No,No,12,4,REDSALUD 24/7,597,Gestion del Riesgo Oficina,1093,25.5,"https://www.google.com/maps/@?api=1&map_action=pano&viewpoint=3.44290908098459,-76.528232547998"
EPE_430-8833,Parque,Parque en serie,Zonal,11,1114,Villa del Sur,3.412925,-76.516745,7973,Optimo,Alta,Sin amenaza,Sin amenaza,No,5497,Zona 5,0.28,Sí,No,3,0,E.S.E. HOSPITAL CARLOS CARMONA MONTOYA IPS,443,Bomberos Estacion X4,265,21.5,"https://www.google.com/maps/@?api=1&map_action=pano&viewpoint=3.41292538425837,-76.5167450268002"
EPE_431-8834,Zona verde,No aplica,Local,10,1004,Santa Elena,3.428725,-76.524664,591,Adecuado,Alta,Sin amenaza,Sin amenaza,No,5684,Zona 4B,0.28,No,No,1,0,yinniva celmira chavez umaña,232,Bomberos Estacion X2,1602,22.5,"https://www.google.com/maps/@?api=1&map_action=pano&viewpoint=3.42872524734268,-76.5246638559978"
EPE_432-8835,Parque,Parque en serie,Local,11,1114,Villa del Sur,3.413006,-76.517442,444,Regular,Alta,Sin amenaza,Sin amenaza,No,5574,Zona 5,0.28,Sí,No,3,0,E.S.E. HOSPITAL CARLOS CARMONA MONTOYA IPS,499,Bomberos Estacion X4,251,21.5,"https://www.google.com/maps/@?api=1&map_action=pano&viewpoint=3.41300554049415,-76.5174421209398"
EPE_433-8836,Parque,Parque con colindancia,Local,21,2104,El Remanso,3.417409,-76.465348,2465,Adecuado,Alta,Alta,Sin amenaza,No,191,Zona 6,0.25,Sí,No,12,0,CENTRO DE SALUD DECEPAZ,709,Bomberos Estacion X7,2290,3.5,"https://www.google.com/maps/@?api=1&map_action=pano&viewpoint=3.41740923336333,-76.4653480540991"
EPE_434-8837,Parque,Parque en serie,Zonal,21,2198,Valle Grande,3.439852,-76.474445,9217,Adecuado,Alta,Alta,Sin amenaza,No,139,Zona 6,0.25,Sí,No,0,0,CARLOS FERNANDO JARAMILLO QUIROZ,713,Bomberos Estacion X7,1841,3.5,"https://www.google.com/maps/@?api=1&map_action=pano&viewpoint=3.43985247421219,-76.4744445665333"
EPE_435-8838,Parque,Parque en serie,Local,21,2198,Valle Grande,3.438967,-76.475387,3982,Adecuado,Alta,Alta,Sin amenaza,No,280,Zona 6,0.25,Sí,No,0,0,CARLOS FERNANDO JARAMILLO QUIROZ,728,Bomberos Estacion X7,1700,3.5,"https://www.google.com/maps/@?api=1&map_action=pano&viewpoint=3.43896689655431,-76.4753865734616"
EPE_436-8839,Parque,Parque damero,Local,21,2107,Compartir,3.430686,-76.467122,1548,Adecuado,Alta,Alta,Sin amenaza,No,586,Zona 6,0.25,Sí,No,3,0,CARLOS FERNANDO JARAMILLO QUIROZ,596,Bomberos Estacion X7,1932,3.5,"https://www.google.com/maps/@?api=1&map_action=pano&viewpoint=3.43068563597384,-76.4671218621698"
EPE_437-8840,Parque,Parque damero,Local,21,2107,Compartir,3.430691,-76.465854,1557,Medio,Alta,Alta,Sin amenaza,No,447,Zona 6,0.25,Sí,No,9,0,CARLOS FERNANDO JARAMILLO QUIROZ,682,Bomberos Estacion X7,2068,3.5,"https://www.google.com/maps/@?api=1&map_action=pano&viewpoint=3.4306909306128,-76.4658536487849"
EPE_438-8841,Parque,Parque damero,Local,21,2107,Compartir,3.431337,-76.463617,1561,Medio,Alta,Alta,Sin amenaza,No,191,Zona 6,0.25,Sí,No,17,0,CARLOS FERNANDO JARAMILLO QUIROZ,831,Bomberos Estacion X7,2327,3.5,"https://www.google.com/maps/@?api=1&map_action=pano&viewpoint=3.43133708994938,-76.4636169559521"
EPE_439-8842,Parque,Parque en serie,Local,21,2197,Ciudadela del Rio - CVC,3.421616,-76.46486,2078,Adecuado,Alta,Alta,Sin amenaza,No,248,Zona 6,0.25,Sí,No,8,0,CENTRO DE SALUD DECEPAZ,259,Bomberos Estacion X7,2183,3.5,"https://www.google.com/maps/@?api=1&map_action=pano&viewpoint=3.421615982323,-76.4648595933217"
EPE_44-8454,Parque,Parque con colindancia,Local,03,0304,San Cayetano,3.4438,-76.541946,2051,Adecuado,Baja,Sin amenaza,Sin amenaza,No,7225,Zona 2,0.35,No,No,7,2,E.S.E. RED DE SALUD DE LADERA EMPRESA SOCIAL DEL ESTADO HOSPITAL CAÑAVERALEJO,203,Bomberos Estacion X2,1018,25.5,"https://www.google.com/maps/@?api=1&map_action=pano&viewpoint=3.44379972357551,-76.5419460060762"
EPE_440-8843,Parque,Parque en serie,Local,21,2106,Desepaz Invicali,3.421921,-76.464735,1676,Adecuado,Alta,Alta,Sin amenaza,No,241,Zona 6,0.25,Sí,No,8,0,CENTRO DE SALUD DECEPAZ,224,Bomberos Estacion X7,2189,3.5,"https://www.google.com/maps/@?api=1&map_action=pano&viewpoint=3.42192068187058,-76.4647350658415"
EPE_441-8844,Parque,Parque en serie,Local,21,2197,Ciudadela del Rio - CVC,3.423276,-76.46497,3803,Optimo,Alta,Alta,Sin amenaza,No,310,Zona 6,0.25,Sí,No,4,0,CENTRO DE SALUD DECEPAZ,165,Bomberos Estacion X7,2134,3.5,"https://www.google.com/maps/@?api=1&map_action=pano&viewpoint=3.42327589200176,-76.4649702245726"
EPE_442-8845,Parque,Parque con colindancia,Local,21,2104,El Remanso,3.419438,-76.463534,3470,Adecuado,Alta,Baja,Sin amenaza,No,83,Zona 6,0.25,Sí,No,12,0,CENTRO DE SALUD DECEPAZ,453,Bomberos Estacion X7,2392,3.5,"https://www.google.com/maps/@?api=1&map_action=pano&viewpoint=3.41943835642842,-76.4635336527609"
EPE_443-8846,Zona verde,No aplica,Local,21,2104,El Remanso,3.41834,-76.463638,1691,Adecuado,Alta,Media,Sin amenaza,No,85,Zona 6,0.25,Sí,No,12,0,CENTRO DE SALUD DECEPAZ,575,Bomberos Estacion X7,2423,3.5,"https://www.google.com/maps/@?api=1&map_action=pano&viewpoint=3.41834041871423,-76.4636383667367"
EPE_444-8847,Zona verde,No aplica,Local,21,2104,El Remanso,3.417348,-76.463793,1529,Adecuado,Alta,Alta,Sin amenaza,No,85,Zona 6,0.25,Sí,No,12,0,CENTRO DE SALUD DECEPAZ,686,Bomberos Estacion X7,2450,3.5,"https://www.google.com/maps/@?api=1&map_action=pano&viewpoint=3.41734754302585,-76.463793236534"
EPE_445-8848,Parque,Parque con colindancia,Local,21,2103,Calimio Desepaz,3.414103,-76.467017,284,Regular,Alta,Alta,Sin amenaza,No,112,Zona 6,0.25,Sí,No,8,0,CENTRO DE SALUD DECEPAZ,1117,Bomberos Estacion X7,2318,3.5,"https://www.google.com/maps/@?api=1&map_action=pano&viewpoint=3.41410342496341,-76.4670172682241"
EPE_446-8849,Parque,Parque con colindancia,Local,21,2103,Calimio Desepaz,3.41461,-76.467896,211,Malo,Alta,Alta,Sin amenaza,No,221,Zona 6,0.25,Sí,No,8,0,CENTRO DE SALUD DECEPAZ,1103,Bomberos Estacion X7,2206,3.5,"https://www.google.com/maps/@?api=1&map_action=pano&viewpoint=3.41460997592534,-76.4678961649275"
EPE_447-8850,Parque,Parque damero,Local,21,2103,Calimio Desepaz,3.410787,-76.468724,1848,Adecuado,Alta,Alta,Sin amenaza,No,174,Zona 6,0.25,Sí,No,0,0,CENTRO DE SALUD DECEPAZ,1529,Bomberos Estacion X7,2415,3.5,"https://www.google.com/maps/@?api=1&map_action=pano&viewpoint=3.41078669653932,-76.4687240646168"
EPE_448-8851,Parque,Parque con colindancia,Zonal,21,2108,Ciudad Talanga,3.434707,-76.466636,9958,Adecuado,Alta,Alta,Sin amenaza,No,313,Zona 6,0.25,Sí,No,3,0,CARLOS FERNANDO JARAMILLO QUIROZ,381,Bomberos Estacion X7,2138,3.5,"https://www.google.com/maps/@?api=1&map_action=pano&viewpoint=3.43470656871863,-76.4666361676994"
EPE_449-8852,Parque,Parque en serie,Zonal,21,2197,Ciudadela del Rio - CVC,3.426979,-76.464711,5961,Adecuado,Alta,Alta,Sin amenaza,No,405,Zona 6,0.25,Sí,No,4,0,CENTRO DE SALUD DECEPAZ,408,Bomberos Estacion X7,2138,3.5,"https://www.google.com/maps/@?api=1&map_action=pano&viewpoint=3.42697930317644,-76.4647109920741"
EPE_45-8455,Plazoleta,Plazoleta de remate,Local,03,0306,San Juan Bosco,3.440863,-76.536518,1966,Medio,Baja,Sin amenaza,Sin amenaza,No,6670,Zona 3,0.35,No,No,4,1,FUNDACION CLINICA INFANTIL CLUB NOEL,134,Bomberos Estacion X2,543,25.5,"https://www.google.com/maps/@?api=1&map_action=pano&viewpoint=3.44086258266603,-76.5365181264525"
EPE_450-8853,Parque,Parque con colindancia,Local,21,2107,Compartir,3.431445,-76.466416,2578,Medio,Alta,Alta,Sin amenaza,No,492,Zona 6,0.25,Sí,No,2,0,CARLOS FERNANDO JARAMILLO QUIROZ,578,Bomberos Estacion X7,2030,3.5,"https://www.google.com/maps/@?api=1&map_action=pano&viewpoint=3.43144513305709,-76.4664161729336"
EPE_451-8854,Parque,Parque con colindancia,Local,22,2296,Parcelaciones Pance,3.336803,-76.536127,2907,Adecuado,Alta,Sin amenaza,Sin amenaza,No,8433,Zona 4E,0.25,No,No,0,0,LASKIN PANCE,1158,Bomberos Estacion X11,4882,0,"https://www.google.com/maps/@?api=1&map_action=pano&viewpoint=3.33680295619086,-76.5361266199556"
EPE_452-8855,Zona verde,No aplica,Local,22,2296,Parcelaciones Pance,3.354005,-76.541132,3861,Medio,Alta,Sin amenaza,Sin amenaza,No,8087,Zona 2,0.35,No,No,0,0,LASKIN PANCE,1071,Bomberos Estacion X11,2905,0,"https://www.google.com/maps/@?api=1&map_action=pano&viewpoint=3.35400469187958,-76.5411315320156"
EPE_453-8856,Zona verde,No aplica,Zonal,22,2296,Parcelaciones Pance,3.342118,-76.539919,5980,Medio,Alta,Sin amenaza,Sin amenaza,No,8496,Zona 4E,0.25,No,No,0,0,LASKIN PANCE,822,Bomberos Estacion X11,4233,0,"https://www.google.com/maps/@?api=1&map_action=pano&viewpoint=3.34211798338113,-76.5399193897687"
EPE_454-8857,Zona verde,No aplica,Zonal,22,2296,Parcelaciones Pance,3.34731,-76.53864,5650,Medio,Alta,Sin amenaza,Sin amenaza,No,8111,Zona 4E,0.25,No,No,0,0,LASKIN PANCE,468,Bomberos Estacion X11,3683,0,"https://www.google.com/maps/@?api=1&map_action=pano&viewpoint=3.34730974482798,-76.5386395353971"
EPE_455-8858,Zona verde,No aplica,Local,22,2296,Parcelaciones Pance,3.340792,-76.531703,1068,Insuficiente,Alta,Sin amenaza,Sin amenaza,No,7780,Zona 4E,0.25,No,No,0,0,PONTIFICIA UNIVERSIDAD JAVERIANA,720,Bomberos Estacion X11,4575,0,"https://www.google.com/maps/@?api=1&map_action=pano&viewpoint=3.34079218770553,-76.5317026319235"
EPE_456-8859,Parque,Parque en serie,Zonal,22,2296,Parcelaciones Pance,3.355658,-76.529105,19160,Adecuado,Alta,Sin amenaza,Sin amenaza,No,6772,Zona 4E,0.25,No,No,0,0,COOMEVA MEDICINA PREPAGADA S.A - CEM COOMEVA EMERGENCIA MEDICA,850,Bomberos Estacion X11,3190,0,"https://www.google.com/maps/@?api=1&map_action=pano&viewpoint=3.35565774380349,-76.5291048771763"
EPE_457-8860,Zona verde,No aplica,Local,22,2296,Parcelaciones Pance,3.355317,-76.528609,1540,Insuficiente,Alta,Sin amenaza,Sin amenaza,No,6735,Zona 4E,0.25,No,No,0,0,COOMEVA MEDICINA PREPAGADA S.A - CEM COOMEVA EMERGENCIA MEDICA,826,Bomberos Estacion X11,3252,0,"https://www.google.com/maps/@?api=1&map_action=pano&viewpoint=3.35531717484882,-76.5286085725834"
EPE_458-8861,Parque,Parque en serie,Zonal,22,2296,Parcelaciones Pance,3.35169,-76.529083,12124,Adecuado,Alta,Sin amenaza,Sin amenaza,No,6944,Zona 4E,0.25,No,No,0,0,COOMEVA MEDICINA PREPAGADA S.A - CEM COOMEVA EMERGENCIA MEDICA,428,Bomberos Estacion X11,3572,0,"https://www.google.com/maps/@?api=1&map_action=pano&viewpoint=3.35168971705399,-76.5290833312256"
EPE_459-8862,Parque,Parque en serie,Zonal,22,2296,Parcelaciones Pance,3.353219,-76.529093,11229,Adecuado,Alta,Sin amenaza,Sin amenaza,No,6875,Zona 4E,0.25,No,No,0,0,COOMEVA MEDICINA PREPAGADA S.A - CEM COOMEVA EMERGENCIA MEDICA,587,Bomberos Estacion X11,3423,0,"https://www.google.com/maps/@?api=1&map_action=pano&viewpoint=3.35321948695493,-76.5290934982654"
EPE_46-8456,Plazoleta,Plazoleta de remate,Local,03,0305,Los Libertadores,3.440791,-76.536743,1642,Medio,Baja,Sin amenaza,Sin amenaza,No,6696,Zona 3,0.35,No,No,4,1,FUNDACION CLINICA INFANTIL CLUB NOEL,111,Bomberos Estacion X2,533,25.5,"https://www.google.com/maps/@?api=1&map_action=pano&viewpoint=3.44079083566211,-76.5367427157141"
EPE_460-8863,Zona verde,No aplica,Local,22,2296,Parcelaciones Pance,3.356893,-76.528119,1570,Regular,Alta,Sin amenaza,Sin amenaza,No,6620,Zona 4E,0.25,No,No,0,0,COOMEVA MEDICINA PREPAGADA S.A - CEM COOMEVA EMERGENCIA MEDICA,1010,Bomberos Estacion X11,3137,0,"https://www.google.com/maps/@?api=1&map_action=pano&viewpoint=3.35689300428296,-76.5281192507825"
EPE_461-8864,Zona verde,No aplica,Zonal,22,2296,Parcelaciones Pance,3.333287,-76.536721,6406,Medio,Alta,Sin amenaza,Sin amenaza,No,8706,Zona 4E,0.25,No,No,0,0,Grupo Mentesana S.A.S.,1274,Bomberos Estacion X11,5256,0,"https://www.google.com/maps/@?api=1&map_action=pano&viewpoint=3.33328657007468,-76.5367208448415"
EPE_462-8865,Zona verde,No aplica,Local,22,2296,Parcelaciones Pance,3.333945,-76.544191,375,Insuficiente,Alta,Sin amenaza,Sin amenaza,No,9360,Zona 4E,0.25,No,No,0,0,LASKIN PANCE,1819,Bomberos Estacion X11,5112,0,"https://www.google.com/maps/@?api=1&map_action=pano&viewpoint=3.33394478949951,-76.5441912643316"
EPE_463-8866,Zona verde,No aplica,Zonal,22,2296,Parcelaciones Pance,3.335495,-76.534832,6383,Medio,Alta,Sin amenaza,Sin amenaza,No,8394,Zona 4E,0.25,No,No,0,0,Grupo Mentesana S.A.S.,1054,Bomberos Estacion X11,5054,0,"https://www.google.com/maps/@?api=1&map_action=pano&viewpoint=3.33549530760304,-76.5348320543679"
EPE_464-8867,Zona verde,No aplica,Local,22,2296,Parcelaciones Pance,3.341168,-76.536933,1155,Regular,Alta,Sin amenaza,Sin amenaza,No,8257,Zona 4E,0.25,No,No,0,0,LASKIN PANCE,714,Bomberos Estacion X11,4389,0,"https://www.google.com/maps/@?api=1&map_action=pano&viewpoint=3.34116849097958,-76.5369331563424"
EPE_465-8868,Parque,Parque con colindancia,Zonal,22,2296,Parcelaciones Pance,3.342474,-76.536826,5310,Medio,Alta,Sin amenaza,Sin amenaza,No,8175,Zona 4E,0.25,No,No,0,0,LASKIN PANCE,577,Bomberos Estacion X11,4249,0,"https://www.google.com/maps/@?api=1&map_action=pano&viewpoint=3.34247398155095,-76.5368264609121"
EPE_466-8869,Zona verde,No aplica,Local,22,2296,Parcelaciones Pance,3.338038,-76.530092,2675,Insuficiente,Alta,Sin amenaza,Sin amenaza,No,7800,Zona 4E,0.25,No,No,0,0,Grupo Mentesana S.A.S.,632,Bomberos Estacion X11,4922,0,"https://www.google.com/maps/@?api=1&map_action=pano&viewpoint=3.33803804651194,-76.5300923837229"
EPE_467-8870,Zona verde,No aplica,Local,22,2296,Parcelaciones Pance,3.341899,-76.546328,2293,Malo,Alta,Sin amenaza,Sin amenaza,No,9141,Zona 4E,0.25,No,No,0,0,LASKIN PANCE,1441,Bomberos Estacion X11,4233,0,"https://www.google.com/maps/@?api=1&map_action=pano&viewpoint=3.34189875237934,-76.5463283748464"
EPE_468-8871,Zona verde,No aplica,Local,22,2296,Parcelaciones Pance,3.347597,-76.540051,3357,Insuficiente,Alta,Sin amenaza,Sin amenaza,No,8241,Zona 4E,0.25,No,No,0,0,LASKIN PANCE,627,Bomberos Estacion X11,3627,0,"https://www.google.com/maps/@?api=1&map_action=pano&viewpoint=3.34759723052649,-76.5400512704506"
EPE_469-8872,Parque,Parque irregular,Local,22,2296,Parcelaciones Pance,3.352373,-76.531043,1446,Regular,Alta,Sin amenaza,Sin amenaza,No,7111,Zona 4E,0.25,No,No,0,0,COOMEVA MEDICINA PREPAGADA S.A - CEM COOMEVA EMERGENCIA MEDICA,470,Bomberos Estacion X11,3405,0,"https://www.google.com/maps/@?api=1&map_action=pano&viewpoint=3.35237328846821,-76.5310431183858"
EPE_47-8457,Plazoleta,Plazoleta de enlace,Local,03,0306,San Juan Bosco,3.440913,-76.536175,1104,Regular,Alta,Sin amenaza,Sin amenaza,No,6632,Zona 3,0.35,No,No,4,1,FUNDACION CLINICA INFANTIL CLUB NOEL,166,Bomberos Estacion X2,555,25.5,"https://www.google.com/maps/@?api=1&map_action=pano&viewpoint=3.4409134248746,-76.5361745091723"
EPE_470-8873,Parque,Parque irregular,Local,22,2296,Parcelaciones Pance,3.35221,-76.5306,2549,Malo,Alta,Sin amenaza,Sin amenaza,No,7073,Zona 4E,0.25,No,No,0,0,COOMEVA MEDICINA PREPAGADA S.A - CEM COOMEVA EMERGENCIA MEDICA,450,Bomberos Estacion X11,3443,0,"https://www.google.com/maps/@?api=1&map_action=pano&viewpoint=3.3522096318676,-76.5306004390612"
EPE_471-8874,Parque,Parque con colindancia,Local,21,2107,Compartir,3.430113,-76.46372,2642,Adecuado,Alta,Alta,Sin amenaza,No,226,Zona 6,0.25,Sí,No,17,0,CENTRO DE SALUD DECEPAZ,734,Bomberos Estacion X7,2286,3.5,"https://www.google.com/maps/@?api=1&map_action=pano&viewpoint=3.43011347359851,-76.463719989075"
EPE_472-8875,Zona verde,No aplica,Local,22,2296,Parcelaciones Pance,3.345913,-76.537376,1148,Regular,Alta,Sin amenaza,Sin amenaza,No,8052,Zona 4E,0.25,No,No,0,0,LASKIN PANCE,352,Bomberos Estacion X11,3862,0,"https://www.google.com/maps/@?api=1&map_action=pano&viewpoint=3.34591335913698,-76.5373756926289"
EPE_473-8876,Parque,Parque con colindancia,Local,22,2296,Parcelaciones Pance,3.335299,-76.5334,3057,Insuficiente,Alta,Sin amenaza,Sin amenaza,No,8276,Zona 4E,0.25,No,No,0,0,Grupo Mentesana S.A.S.,894,Bomberos Estacion X11,5111,0,"https://www.google.com/maps/@?api=1&map_action=pano&viewpoint=3.33529928341204,-76.5334003497173"
EPE_474-8877,Zona verde,No aplica,Local,22,2296,Parcelaciones Pance,3.334268,-76.546627,1849,Regular,Alta,Sin amenaza,Sin amenaza,No,9573,Zona 4E,0.25,No,No,0,0,LASKIN PANCE,1965,Bomberos Estacion X11,5082,0,"https://www.google.com/maps/@?api=1&map_action=pano&viewpoint=3.33426848614342,-76.54662654936"
EPE_475-8878,Zona verde,No aplica,Local,22,2296,Parcelaciones Pance,3.335046,-76.546688,1846,Regular,Alta,Sin amenaza,Sin amenaza,No,9535,Zona 4E,0.25,No,No,0,0,LASKIN PANCE,1908,Bomberos Estacion X11,4996,0,"https://www.google.com/maps/@?api=1&map_action=pano&viewpoint=3.33504606701159,-76.5466880843715"
EPE_476-8879,Parque,Parque en serie,Local,21,2198,Valle Grande,3.436418,-76.466262,1509,Regular,Alta,Alta,Sin amenaza,No,143,Zona 6,0.25,Sí,No,3,0,CARLOS FERNANDO JARAMILLO QUIROZ,441,Bomberos Estacion X7,2264,3.5,"https://www.google.com/maps/@?api=1&map_action=pano&viewpoint=3.43641818612365,-76.4662624312905"
EPE_477-8880,Parque,Parque en serie,Zonal,21,2108,Ciudad Talanga,3.435602,-76.464598,8303,Regular,Alta,Alta,Sin amenaza,No,115,Zona 6,0.25,Sí,No,5,0,CARLOS FERNANDO JARAMILLO QUIROZ,605,Bomberos Estacion X7,2385,3.5,"https://www.google.com/maps/@?api=1&map_action=pano&viewpoint=3.43560171507626,-76.4645979445832"
EPE_478-8881,Parque,Parque en serie,Local,21,2108,Ciudad Talanga,3.434925,-76.463881,2895,Medio,Alta,Alta,Sin amenaza,No,124,Zona 6,0.25,Sí,No,15,0,CARLOS FERNANDO JARAMILLO QUIROZ,684,Bomberos Estacion X7,2427,3.5,"https://www.google.com/maps/@?api=1&map_action=pano&viewpoint=3.43492547105621,-76.4638814937049"
EPE_479-8882,Parque,Parque en serie,Local,21,2108,Ciudad Talanga,3.434688,-76.465244,3094,Medio,Alta,Alta,Sin amenaza,No,237,Zona 6,0.25,Sí,No,7,0,CARLOS FERNANDO JARAMILLO QUIROZ,535,Bomberos Estacion X7,2278,3.5,"https://www.google.com/maps/@?api=1&map_action=pano&viewpoint=3.43468815872337,-76.4652443245941"
EPE_48-8458,Parque,Parque con colindancia,Local,03,0305,Los Libertadores,3.442935,-76.542868,591,Regular,Alta,Sin amenaza,Sin amenaza,No,7339,Zona 2,0.35,No,No,8,2,E.S.E. RED DE SALUD DE LADERA EMPRESA SOCIAL DEL ESTADO HOSPITAL CAÑAVERALEJO,255,Bomberos Estacion X2,1000,25.5,"https://www.google.com/maps/@?api=1&map_action=pano&viewpoint=3.44293511586668,-76.5428681532302"
EPE_480-8883,Zona verde,No aplica,Local,22,2296,Parcelaciones Pance,3.359713,-76.528849,2002,Insuficiente,Alta,Sin amenaza,Sin amenaza,No,6593,Zona 4E,0.25,No,No,0,0,LASKIN CIUDAD JARDIN,748,Bomberos Estacion X11,2837,0,"https://www.google.com/maps/@?api=1&map_action=pano&viewpoint=3.35971296598389,-76.5288492996907"
EPE_481-8884,Parque,Parque en serie,Local,21,2107,Compartir,3.431887,-76.464169,2390,Adecuado,Alta,Alta,Sin amenaza,No,238,Zona 6,0.25,Sí,No,17,0,CARLOS FERNANDO JARAMILLO QUIROZ,747,Bomberos Estacion X7,2283,3.5,"https://www.google.com/maps/@?api=1&map_action=pano&viewpoint=3.43188703014556,-76.4641688044018"
EPE_482-8885,Zona verde,No aplica,Urbano,21,2197,Ciudadela del Rio - CVC,3.42495,-76.466545,61147,Adecuado,Alta,Alta,Sin amenaza,No,532,Zona 6,0.25,Sí,No,4,0,CENTRO DE SALUD DECEPAZ,374,Bomberos Estacion X7,1939,3.5,"https://www.google.com/maps/@?api=1&map_action=pano&viewpoint=3.42495018000845,-76.4665447226659"
EPE_483-8886,Parque,Parque para la recreación especializada,Zonal,21,2103,Calimio Desepaz,3.414965,-76.469029,16197,Adecuado,Alta,Alta,Sin amenaza,No,352,Zona 6,0.25,Sí,No,6,0,CENTRO DE SALUD DECEPAZ,1131,Bomberos Estacion X7,2082,3.5,"https://www.google.com/maps/@?api=1&map_action=pano&viewpoint=3.41496536895143,-76.4690289207409"
EPE_484-8887,Zona verde,No aplica,Local,21,2196,Potrero Grande,3.408709,-76.470672,2233,Medio,Alta,Alta,Sin amenaza,No,427,Zona 6,0.25,Sí,No,0,0,HOSPITAL ISAIAS DUARTE CANCINO EMPRESA SOCIAL DEL ESTADO,1807,Bomberos Estacion X7,2449,3.5,"https://www.google.com/maps/@?api=1&map_action=pano&viewpoint=3.40870931705551,-76.4706724274199"
EPE_485-8888,Parque,Parque irregular,Local,22,2296,Parcelaciones Pance,3.353363,-76.532559,1489,Medio,Alta,Sin amenaza,Sin amenaza,No,7223,Zona 4E,0.25,No,No,0,0,COOMEVA MEDICINA PREPAGADA S.A - CEM COOMEVA EMERGENCIA MEDICA,617,Bomberos Estacion X11,3234,0,"https://www.google.com/maps/@?api=1&map_action=pano&viewpoint=3.35336304186107,-76.5325586699131"
EPE_486-8889,Parque,Parque en serie,Local,21,2198,Valle Grande,3.436696,-76.473681,2665,Adecuado,Alta,Alta,Sin amenaza,No,430,Zona 6,0.25,Sí,No,1,0,CARLOS FERNANDO JARAMILLO QUIROZ,438,Bomberos Estacion X7,1625,3.5,"https://www.google.com/maps/@?api=1&map_action=pano&viewpoint=3.43669611302416,-76.4736807730275"
EPE_487-8890,Zona verde,No aplica,Local,22,2201,Urbanización Ciudad Jardín,3.364871,-76.534404,1842,Adecuado,Alta,Sin amenaza,Sin amenaza,No,7040,Zona 4D,0.28,No,No,0,0,RUBEN DARIO ARCINIEGAS MARTINEZ,92,Bomberos Estacion X11,2011,0,"https://www.google.com/maps/@?api=1&map_action=pano&viewpoint=3.36487065389554,-76.5344037441998"
EPE_488-8891,Parque,Parque en serie,Local,22,2201,Urbanización Ciudad Jardín,3.363848,-76.534715,4894,Adecuado,Alta,Sin amenaza,Sin amenaza,No,7098,Zona 4D,0.28,No,No,0,0,RUBEN DARIO ARCINIEGAS MARTINEZ,90,Bomberos Estacion X11,2088,0,"https://www.google.com/maps/@?api=1&map_action=pano&viewpoint=3.36384767376114,-76.5347150263221"
EPE_489-8892,Zona verde,No aplica,Local,22,2201,Urbanización Ciudad Jardín,3.362929,-76.534911,3511,Medio,Alta,Sin amenaza,Sin amenaza,No,7143,Zona 4D,0.28,No,No,0,0,RUBEN DARIO ARCINIEGAS MARTINEZ,180,Bomberos Estacion X11,2166,0,"https://www.google.com/maps/@?api=1&map_action=pano&viewpoint=3.36292920086452,-76.5349110110075"
EPE_49-8459,Parque,Parque en serie,Local,03,0301,El Nacional,3.443107,-76.544814,514,Regular,Media,Sin amenaza,Sin amenaza,No,7550,Zona 3,0.35,No,No,6,2,E.S.E. RED DE SALUD DE LADERA EMPRESA SOCIAL DEL ESTADO HOSPITAL CAÑAVERALEJO,302,Bomberos Estacion X2,1163,25.5,"https://www.google.com/maps/@?api=1&map_action=pano&viewpoint=3.44310739230089,-76.5448139100775"
EPE_490-8893,Zona verde,No aplica,Local,22,2201,Urbanización Ciudad Jardín,3.365962,-76.534167,3976,Medio,Alta,Sin amenaza,Sin amenaza,No,6990,Zona 4D,0.28,No,No,0,0,RUBEN DARIO ARCINIEGAS MARTINEZ,194,Bomberos Estacion X11,1927,0,"https://www.google.com/maps/@?api=1&map_action=pano&viewpoint=3.36596176794951,-76.5341669136483"
EPE_492-8894,Parque,Parque irregular,Local,20,2004,Lleras Camargo,3.422265,-76.562043,1166,Regular,Baja,Sin amenaza,Sin amenaza,No,9879,Zona 2,0.35,No,No,21,0,CENTRO DE SALUD SILOE,1015,Bomberos Estacion X5,1002,53.0,"https://www.google.com/maps/@?api=1&map_action=pano&viewpoint=3.42226500827263,-76.5620426512221"
EPE_493-8895,Parque,Parque de borde,Zonal,20,2098,Venezuela - Urbanización Cañaveralejo,3.413671,-76.560866,14042,Regular,Media,Avenida torrencial,Sin amenaza,No,10022,Zona 3,0.35,No,No,9,0,CENTRO DE SALUD SILOE,875,Bomberos Estacion X5,728,53.0,"https://www.google.com/maps/@?api=1&map_action=pano&viewpoint=3.41367148112886,-76.5608655116072"
EPE_494-8896,Zona verde,No aplica,Local,20,2008,Pueblo Joven,3.416069,-76.566229,1778,Regular,Baja,Sin amenaza,Sin amenaza,No,10507,Zona 2,0.35,No,No,13,0,CENTRO DE SALUD SILOE,1358,Bomberos Estacion X5,1247,53.0,"https://www.google.com/maps/@?api=1&map_action=pano&viewpoint=3.41606920488933,-76.5662285975406"
EPE_495-8897,Zona verde,No aplica,Local,22,2296,Parcelaciones Pance,3.354665,-76.541448,3783,Malo,Alta,Sin amenaza,Sin amenaza,No,8097,Zona 2,0.35,No,No,0,0,LASKIN PANCE,1148,Bomberos Estacion X11,2828,0,"https://www.google.com/maps/@?api=1&map_action=pano&viewpoint=3.35466510466305,-76.5414476059861"
EPE_496-8898,Zona verde,No aplica,Zonal,22,2296,Parcelaciones Pance,3.350555,-76.537081,15879,Regular,Alta,Sin amenaza,Sin amenaza,No,7807,Zona 4E,0.25,No,No,0,0,LASKIN PANCE,486,Bomberos Estacion X11,3366,0,"https://www.google.com/maps/@?api=1&map_action=pano&viewpoint=3.35055510363532,-76.537080753151"
EPE_497-8899,Zona verde,No aplica,Local,22,2201,Urbanización Ciudad Jardín,3.357169,-76.536933,744,Malo,Alta,Sin amenaza,Sin amenaza,No,7533,Zona 2,0.35,No,No,0,0,RUBEN DARIO ARCINIEGAS MARTINEZ,842,Bomberos Estacion X11,2664,0,"https://www.google.com/maps/@?api=1&map_action=pano&viewpoint=3.3571685365077,-76.5369334123382"
EPE_498-8900,Zona verde,No aplica,Zonal,22,2296,Parcelaciones Pance,3.3505,-76.546124,34008,Medio,Alta,Sin amenaza,Sin amenaza,No,8741,Zona 4E,0.25,No,No,0,0,LASKIN PANCE,1353,Bomberos Estacion X11,3276,0,"https://www.google.com/maps/@?api=1&map_action=pano&viewpoint=3.35050049118699,-76.5461241974675"
EPE_499-8901,Zona verde,No aplica,Zonal,22,2296,Parcelaciones Pance,3.353408,-76.543219,7996,Malo,Alta,Sin amenaza,Sin amenaza,No,8328,Zona 2,0.35,No,No,0,0,LASKIN PANCE,1203,Bomberos Estacion X11,2951,0,"https://www.google.com/maps/@?api=1&map_action=pano&viewpoint=3.35340818846341,-76.5432185316326"
EPE_50-8460,Parque,Parque en serie,Local,03,0315,Navarro - La Chanca,3.443098,-76.543783,457,Adecuado,Media,Sin amenaza,Sin amenaza,No,7437,Zona 3,0.35,No,No,7,2,E.S.E. RED DE SALUD DE LADERA EMPRESA SOCIAL DEL ESTADO HOSPITAL CAÑAVERALEJO,247,Bomberos Estacion X2,1081,25.5,"https://www.google.com/maps/@?api=1&map_action=pano&viewpoint=3.44309776095644,-76.5437831601801"
EPE_500-8902,Zona verde,No aplica,Local,22,2296,Parcelaciones Pance,3.354515,-76.541941,3828,Medio,Alta,Sin amenaza,Sin amenaza,No,8154,Zona 2,0.35,No,No,0,0,LASKIN PANCE,1174,Bomberos Estacion X11,2838,0,"https://www.google.com/maps/@?api=1&map_action=pano&viewpoint=3.35451512221765,-76.541940527764"
EPE_501-8903,Zona verde,No aplica,Local,22,2296,Parcelaciones Pance,3.354636,-76.540941,4859,Medio,Alta,Sin amenaza,Sin amenaza,No,8044,Zona 2,0.35,No,No,0,0,LASKIN PANCE,1108,Bomberos Estacion X11,2838,0,"https://www.google.com/maps/@?api=1&map_action=pano&viewpoint=3.35463638943938,-76.5409405991277"
EPE_502-8904,Zona verde,No aplica,Zonal,22,2296,Parcelaciones Pance,3.355196,-76.546376,6061,Malo,Alta,Sin amenaza,Sin amenaza,No,8599,Zona 2,0.35,No,No,0,0,LASKIN PANCE,1604,Bomberos Estacion X11,2757,0,"https://www.google.com/maps/@?api=1&map_action=pano&viewpoint=3.35519573082687,-76.54637593504"
EPE_503-8905,Zona verde,No aplica,Local,22,2201,Urbanización Ciudad Jardín,3.357481,-76.538196,3078,Medio,Alta,Sin amenaza,Sin amenaza,No,7656,Zona 2,0.35,No,No,0,0,RUBEN DARIO ARCINIEGAS MARTINEZ,853,Bomberos Estacion X11,2590,0,"https://www.google.com/maps/@?api=1&map_action=pano&viewpoint=3.35748140834759,-76.5381963108897"
EPE_504-8906,Parque,Parque con colindancia,Zonal,22,2296,Parcelaciones Pance,3.347236,-76.528892,10264,Optimo,Alta,Sin amenaza,Sin amenaza,No,7149,Zona 4E,0.25,No,No,0,0,PONTIFICIA UNIVERSIDAD JAVERIANA,200,Bomberos Estacion X11,4024,0,"https://www.google.com/maps/@?api=1&map_action=pano&viewpoint=3.34723570690291,-76.528892248804"
EPE_505-8907,Zona verde,No aplica,Zonal,22,2296,Parcelaciones Pance,3.347883,-76.525858,39271,Medio,Alta,Sin amenaza,Sin amenaza,No,6819,Zona 4E,0.25,No,No,0,0,COOMEVA MEDICINA PREPAGADA S.A - CEM COOMEVA EMERGENCIA MEDICA,530,Bomberos Estacion X11,4117,0,"https://www.google.com/maps/@?api=1&map_action=pano&viewpoint=3.34788293356758,-76.5258581154018"
EPE_506-8908,Zona verde,No aplica,Zonal,22,2296,Parcelaciones Pance,3.35942,-76.527632,11598,Adecuado,Alta,Sin amenaza,Sin amenaza,No,6475,Zona 4E,0.25,No,No,0,0,LASKIN CIUDAD JARDIN,853,Bomberos Estacion X11,2946,0,"https://www.google.com/maps/@?api=1&map_action=pano&viewpoint=3.35942019045537,-76.5276324386806"
EPE_507-8909,Zona verde,No aplica,Local,22,2296,Parcelaciones Pance,3.358013,-76.52606,3081,Regular,Alta,Sin amenaza,Sin amenaza,No,6362,Zona 4E,0.25,No,No,0,0,LASKIN CIUDAD JARDIN,1085,Bomberos Estacion X11,3178,0,"https://www.google.com/maps/@?api=1&map_action=pano&viewpoint=3.35801292265585,-76.5260595621425"
EPE_508-8910,Zona verde,No aplica,Local,22,2296,Parcelaciones Pance,3.358003,-76.524753,3495,Regular,Alta,Sin amenaza,Sin amenaza,No,6227,Zona 4E,0.25,No,No,0,0,LASKIN CIUDAD JARDIN,1185,Bomberos Estacion X11,3274,0,"https://www.google.com/maps/@?api=1&map_action=pano&viewpoint=3.35800255209521,-76.524752559824"
EPE_509-8911,Zona verde,No aplica,Zonal,22,2201,Urbanización Ciudad Jardín,3.362153,-76.529076,12698,Adecuado,Alta,Sin amenaza,Sin amenaza,No,6538,Zona 4D,0.28,No,No,0,0,LASKIN CIUDAD JARDIN,519,Bomberos Estacion X11,2611,0,"https://www.google.com/maps/@?api=1&map_action=pano&viewpoint=3.36215299253654,-76.5290760171964"
EPE_51-8461,Plazoleta,Plazoleta de enlace,Local,02,0202,Santa Teresita,3.450314,-76.545305,2282,Medio,Alta,Sin amenaza,Sin amenaza,No,7545,,,No,No,3,0,Giancarlo Paz Caro,396,Gestion del Riesgo Oficina,1206,37.0,"https://www.google.com/maps/@?api=1&map_action=pano&viewpoint=3.45031448837295,-76.5453045794157"
EPE_510-8912,Zona verde,No aplica,Zonal,22,2296,Parcelaciones Pance,3.35912,-76.525165,8094,Medio,Alta,Sin amenaza,Sin amenaza,No,6227,Zona 4E,0.25,No,No,0,0,LASKIN CIUDAD JARDIN,1067,Bomberos Estacion X11,3151,0,"https://www.google.com/maps/@?api=1&map_action=pano&viewpoint=3.35911955716128,-76.5251651869782"
EPE_511-8913,Zona verde,No aplica,Local,22,2201,Urbanización Ciudad Jardín,3.36232,-76.536182,1759,Regular,Alta,Sin amenaza,Sin amenaza,No,7296,Zona 2,0.35,No,No,0,0,RUBEN DARIO ARCINIEGAS MARTINEZ,270,Bomberos Estacion X11,2161,0,"https://www.google.com/maps/@?api=1&map_action=pano&viewpoint=3.36231960539225,-76.5361823599485"
EPE_512-8914,Zona verde,No aplica,Local,22,2296,Parcelaciones Pance,3.332725,-76.544414,1551,Medio,Alta,Sin amenaza,Sin amenaza,No,9452,Zona 4E,0.25,No,No,0,0,LASKIN PANCE,1943,Bomberos Estacion X11,5247,0,"https://www.google.com/maps/@?api=1&map_action=pano&viewpoint=3.33272542933433,-76.5444138284155"
EPE_513-8915,Zona verde,No aplica,Local,22,2296,Parcelaciones Pance,3.339145,-76.541806,3846,Medio,Alta,Sin amenaza,Sin amenaza,No,8838,Zona 4E,0.25,No,No,0,0,LASKIN PANCE,1204,Bomberos Estacion X11,4543,0,"https://www.google.com/maps/@?api=1&map_action=pano&viewpoint=3.33914525307153,-76.5418058946109"
EPE_514-8916,Parque,Parque con colindancia,Zonal,21,2199,Planta de Tratamiento,3.447862,-76.477838,21982,Adecuado,Media,Baja,Sin amenaza,No,203,Zona 6,0.25,Sí,No,8,0,CENTRO DE SALUD PUERTO MALLARINO,231,Gestion del Riesgo Punto De Atención,1355,3.5,"https://www.google.com/maps/@?api=1&map_action=pano&viewpoint=3.44786177789322,-76.477837541068"
EPE_515-8917,Parque,Parque en serie,Local,21,2198,Valle Grande,3.43935,-76.471626,4673,Regular,Alta,Alta,Sin amenaza,No,124,Zona 6,0.25,Sí,No,0,0,CARLOS FERNANDO JARAMILLO QUIROZ,496,Bomberos Estacion X7,1996,3.5,"https://www.google.com/maps/@?api=1&map_action=pano&viewpoint=3.43935033944617,-76.4716259493537"
EPE_516-8918,Zona verde,No aplica,Zonal,21,2199,Planta de Tratamiento,3.44099,-76.474838,6642,Regular,Alta,Alta,Sin amenaza,No,78,Zona 6,0.25,Sí,No,0,0,VIRREY SOLIS IPS S.A. ORIENTE,801,Bomberos Estacion X7,1922,3.5,"https://www.google.com/maps/@?api=1&map_action=pano&viewpoint=3.44098966621466,-76.4748377568677"
EPE_517-8919,Zona verde,No aplica,Local,21,2198,Valle Grande,3.436619,-76.465124,130,Insuficiente,Baja,Media,Sin amenaza,No,48,Zona 6,0.25,Sí,No,3,0,CARLOS FERNANDO JARAMILLO QUIROZ,568,Bomberos Estacion X7,2385,3.5,"https://www.google.com/maps/@?api=1&map_action=pano&viewpoint=3.43661907898557,-76.4651236927192"
EPE_518-8920,Zona verde,No aplica,Local,21,2107,Compartir,3.430608,-76.46883,2681,Regular,Alta,Alta,Sin amenaza,No,774,Zona 6,0.25,Sí,No,7,0,CARLOS FERNANDO JARAMILLO QUIROZ,526,Bomberos Estacion X7,1747,3.5,"https://www.google.com/maps/@?api=1&map_action=pano&viewpoint=3.43060828389938,-76.4688304653088"
EPE_519-8921,Zona verde,No aplica,Local,21,2107,Compartir,3.431464,-76.469067,474,Regular,Alta,Alta,Sin amenaza,No,763,Zona 6,0.25,Sí,No,7,0,CARLOS FERNANDO JARAMILLO QUIROZ,427,Bomberos Estacion X7,1750,3.5,"https://www.google.com/maps/@?api=1&map_action=pano&viewpoint=3.43146428542403,-76.4690671002733"
EPE_52-8462,Parque,Parque damero,Local,03,0306,San Juan Bosco,3.44222,-76.536375,130,Regular,Media,Sin amenaza,Sin amenaza,No,6634,Zona 2,0.35,No,No,5,1,SOPORTE ATENCION Y RESCATE SAS,234,Bomberos Estacion X2,695,25.5,"https://www.google.com/maps/@?api=1&map_action=pano&viewpoint=3.44222024590714,-76.5363746727559"
EPE_520-8922,Zona verde,No aplica,Local,21,2107,Compartir,3.430104,-76.46742,204,Regular,Alta,Alta,Sin amenaza,No,631,Zona 6,0.25,Sí,No,3,0,CARLOS FERNANDO JARAMILLO QUIROZ,635,Bomberos Estacion X7,1884,3.5,"https://www.google.com/maps/@?api=1&map_action=pano&viewpoint=3.43010423143275,-76.4674203242905"
EPE_521-8923,Zona verde,No aplica,Local,21,2197,Ciudadela del Rio - CVC,3.429999,-76.467369,232,Insuficiente,Alta,Alta,Sin amenaza,No,628,Zona 6,0.25,Sí,No,3,0,CARLOS FERNANDO JARAMILLO QUIROZ,648,Bomberos Estacion X7,1887,3.5,"https://www.google.com/maps/@?api=1&map_action=pano&viewpoint=3.42999902764936,-76.4673687608885"
EPE_522-8924,Plazoleta,Plazoleta de enlace,Local,21,2107,Compartir,3.431126,-76.469588,3734,Adecuado,Alta,Alta,Sin amenaza,No,828,Zona 6,0.25,Sí,No,7,0,CARLOS FERNANDO JARAMILLO QUIROZ,454,Bomberos Estacion X7,1683,3.5,"https://www.google.com/maps/@?api=1&map_action=pano&viewpoint=3.43112594867277,-76.4695878810928"
EPE_523-8925,Zona verde,No aplica,Local,21,2197,Ciudadela del Rio - CVC,3.426141,-76.465066,348,Regular,Alta,Alta,Sin amenaza,No,417,Zona 6,0.25,Sí,No,4,0,CENTRO DE SALUD DECEPAZ,340,Bomberos Estacion X7,2097,3.5,"https://www.google.com/maps/@?api=1&map_action=pano&viewpoint=3.4261412182449,-76.4650664526528"
EPE_524-8926,Parque,Parque con colindancia,Zonal,21,2196,Potrero Grande,3.410444,-76.471571,5788,Adecuado,Alta,Alta,Sin amenaza,No,491,Zona 6,0.25,Sí,No,0,0,HOSPITAL ISAIAS DUARTE CANCINO EMPRESA SOCIAL DEL ESTADO,1674,Bomberos Estacion X7,2236,3.5,"https://www.google.com/maps/@?api=1&map_action=pano&viewpoint=3.41044368766423,-76.4715713493156"
EPE_525-8927,Parque,Parque con colindancia,Local,21,2194,Villamercedes I - Villa Luz - Las Garzas,3.407951,-76.478155,1115,Medio,Baja,Media,Sin amenaza,No,1214,Zona 6,0.25,Sí,No,0,0,HOSPITAL ISAIAS DUARTE CANCINO EMPRESA SOCIAL DEL ESTADO,1055,Bomberos Estacion X7,2139,3.5,"https://www.google.com/maps/@?api=1&map_action=pano&viewpoint=3.40795061594593,-76.4781549228362"
EPE_526-8928,Parque,Parque con colindancia,Local,21,2195,Pizamos III - Las Dalias,3.409088,-76.47493,1480,Adecuado,Alta,Alta,Sin amenaza,No,878,Zona 6,0.25,Sí,No,0,0,HOSPITAL ISAIAS DUARTE CANCINO EMPRESA SOCIAL DEL ESTADO,1340,Bomberos Estacion X7,2160,3.5,"https://www.google.com/maps/@?api=1&map_action=pano&viewpoint=3.40908814265437,-76.4749299080093"
EPE_527-8929,Zona verde,No aplica,Local,21,2196,Potrero Grande,3.410437,-76.472247,3064,Regular,Media,Alta,Sin amenaza,No,566,Zona 6,0.25,Sí,No,0,0,HOSPITAL ISAIAS DUARTE CANCINO EMPRESA SOCIAL DEL ESTADO,1600,Bomberos Estacion X7,2191,3.5,"https://www.google.com/maps/@?api=1&map_action=pano&viewpoint=3.41043731376264,-76.4722473779923"
EPE_528-8930,Zona verde,No aplica,Local,21,2196,Potrero Grande,3.408175,-76.466866,3596,Regular,Media,Baja,Sin amenaza,No,68,Zona 6,0.25,Sí,No,0,0,CENTRO DE SALUD DECEPAZ,1746,Bomberos Estacion X7,2768,3.5,"https://www.google.com/maps/@?api=1&map_action=pano&viewpoint=3.40817472928975,-76.466865679226"
EPE_529-8931,Zona verde,No aplica,Local,21,2196,Potrero Grande,3.406866,-76.467509,2639,Regular,Media,Baja,Sin amenaza,No,178,Zona 6,0.25,Sí,No,0,0,CENTRO DE SALUD DECEPAZ,1904,Bomberos Estacion X7,2829,3.5,"https://www.google.com/maps/@?api=1&map_action=pano&viewpoint=3.40686593287611,-76.4675094727196"
EPE_53-8463,Parque,Parque irregular,Local,03,0308,La Merced,3.450597,-76.537483,1651,Medio,Media,Sin amenaza,Sin amenaza,No,6677,Zona 2,0.35,No,No,2,2,EMPRESA DE MEDICINA INTEGRAL EMI S.A. SERVICIO DE AMBULANCIA PREPAGADA SUCURSAL CALI,116,Gestion del Riesgo Oficina,338,25.5,"https://www.google.com/maps/@?api=1&map_action=pano&viewpoint=3.4505966265449,-76.5374825310622"
EPE_530-8932,Zona verde,No aplica,Zonal,21,2196,Potrero Grande,3.404932,-76.471164,5994,Adecuado,Baja,Alta,Sin amenaza,No,369,Zona 6,0.25,Sí,No,0,0,HOSPITAL ISAIAS DUARTE CANCINO EMPRESA SOCIAL DEL ESTADO,1899,Bomberos Estacion X7,2768,3.5,"https://www.google.com/maps/@?api=1&map_action=pano&viewpoint=3.40493184359169,-76.4711635720013"
EPE_531-8933,Zona verde,No aplica,Local,21,2102,Pizamos II,3.405695,-76.475207,2898,Regular,Alta,Alta,Sin amenaza,No,823,Zona 6,0.25,Sí,No,0,0,HOSPITAL ISAIAS DUARTE CANCINO EMPRESA SOCIAL DEL ESTADO,1463,Bomberos Estacion X7,2488,3.5,"https://www.google.com/maps/@?api=1&map_action=pano&viewpoint=3.40569491584117,-76.4752065346735"
EPE_532-8934,Zona verde,No aplica,Zonal,21,2101,Pizamos I,3.405075,-76.47518,7515,Regular,Alta,Alta,Sin amenaza,No,803,Zona 6,0.25,Sí,No,0,0,HOSPITAL ISAIAS DUARTE CANCINO EMPRESA SOCIAL DEL ESTADO,1503,Bomberos Estacion X7,2553,3.5,"https://www.google.com/maps/@?api=1&map_action=pano&viewpoint=3.40507459985267,-76.4751799395419"
EPE_533-8935,Parque,Parque con colindancia,Zonal,21,2195,Pizamos III - Las Dalias,3.407748,-76.474727,25337,Medio,Alta,Alta,Sin amenaza,No,862,Zona 6,0.25,Sí,No,0,0,HOSPITAL ISAIAS DUARTE CANCINO EMPRESA SOCIAL DEL ESTADO,1409,Bomberos Estacion X7,2303,3.5,"https://www.google.com/maps/@?api=1&map_action=pano&viewpoint=3.40774822234102,-76.4747274685897"
EPE_534-8936,Zona verde,No aplica,Local,21,2194,Villamercedes I - Villa Luz - Las Garzas,3.40871,-76.477533,4726,Insuficiente,Media,Alta,Sin amenaza,No,1170,Zona 6,0.25,Sí,No,0,0,HOSPITAL ISAIAS DUARTE CANCINO EMPRESA SOCIAL DEL ESTADO,1081,Bomberos Estacion X7,2081,3.5,"https://www.google.com/maps/@?api=1&map_action=pano&viewpoint=3.40870990654853,-76.4775332825356"
EPE_535-8937,Plazoleta,Plazoleta de enlace,Local,21,2196,Potrero Grande,3.406509,-76.471547,1070,Insuficiente,Media,Alta,Sin amenaza,No,489,Zona 6,0.25,Sí,No,0,0,HOSPITAL ISAIAS DUARTE CANCINO EMPRESA SOCIAL DEL ESTADO,1788,Bomberos Estacion X7,2596,3.5,"https://www.google.com/maps/@?api=1&map_action=pano&viewpoint=3.40650922848879,-76.4715468679559"
EPE_536-8938,Zona verde,No aplica,Local,21,2196,Potrero Grande,3.403815,-76.46987,4259,Regular,Media,Media,Sin amenaza,No,197,Zona 6,0.25,Sí,No,0,0,HOSPITAL ISAIAS DUARTE CANCINO EMPRESA SOCIAL DEL ESTADO,2083,Bomberos Estacion X7,2949,3.5,"https://www.google.com/maps/@?api=1&map_action=pano&viewpoint=3.40381494073321,-76.4698699427042"
EPE_537-8939,Parque,Parque en serie,Zonal,21,2196,Potrero Grande,3.405845,-76.468988,6085,Regular,Media,Media,Sin amenaza,No,224,Zona 6,0.25,Sí,No,0,0,CENTRO DE SALUD DECEPAZ,2057,Bomberos Estacion X7,2816,3.5,"https://www.google.com/maps/@?api=1&map_action=pano&viewpoint=3.40584527352894,-76.4689883307285"
EPE_538-8940,Zona verde,No aplica,Local,21,2102,Pizamos II,3.403377,-76.472975,4719,Adecuado,Alta,Baja,Sin amenaza,No,534,Zona 6,0.25,Sí,No,0,0,HOSPITAL ISAIAS DUARTE CANCINO EMPRESA SOCIAL DEL ESTADO,1811,Bomberos Estacion X7,2825,3.5,"https://www.google.com/maps/@?api=1&map_action=pano&viewpoint=3.40337668638276,-76.4729749627922"
EPE_539-8941,Zona verde,No aplica,Zonal,21,2196,Potrero Grande,3.402098,-76.470355,10942,Regular,Baja,Baja,Sin amenaza,No,256,Zona 6,0.25,Sí,No,0,0,HOSPITAL ISAIAS DUARTE CANCINO EMPRESA SOCIAL DEL ESTADO,2132,Bomberos Estacion X7,3085,3.5,"https://www.google.com/maps/@?api=1&map_action=pano&viewpoint=3.40209825809064,-76.4703552426114"
EPE_54-8464,Zona verde,No aplica,Local,03,0308,La Merced,3.450724,-76.537778,424,Insuficiente,Media,Sin amenaza,Sin amenaza,No,6709,,,No,No,2,2,EMPRESA DE MEDICINA INTEGRAL EMI S.A. SERVICIO DE AMBULANCIA PREPAGADA SUCURSAL CALI,104,Gestion del Riesgo Oficina,371,25.5,"https://www.google.com/maps/@?api=1&map_action=pano&viewpoint=3.45072444677951,-76.5377777626941"
EPE_540-8942,Parque,Parque con colindancia,Zonal,21,2101,Pizamos I,3.400545,-76.474522,15675,Adecuado,Baja,Baja,Sin amenaza,No,750,Zona 6,0.25,Sí,No,0,0,HOSPITAL ISAIAS DUARTE CANCINO EMPRESA SOCIAL DEL ESTADO,1878,Bomberos Estacion X10,3019,3.5,"https://www.google.com/maps/@?api=1&map_action=pano&viewpoint=3.40054486919728,-76.4745224252511"
EPE_541-8943,Zona verde,No aplica,Local,21,2196,Potrero Grande,3.402999,-76.471002,1170,Regular,Baja,Media,Sin amenaza,No,316,Zona 6,0.25,Sí,No,0,0,HOSPITAL ISAIAS DUARTE CANCINO EMPRESA SOCIAL DEL ESTADO,2018,Bomberos Estacion X7,2963,3.5,"https://www.google.com/maps/@?api=1&map_action=pano&viewpoint=3.40299906570006,-76.4710021789446"
EPE_542-8944,Zona verde,No aplica,Local,20,2005,Belén,3.428497,-76.551886,1911,Malo,Media,Sin amenaza,Sin amenaza,No,8630,Zona 1,0.22,No,No,13,1,LUZ MARINA MENESES BARANDICA,507,Cruz Roja San Fernando,801,53.0,"https://www.google.com/maps/@?api=1&map_action=pano&viewpoint=3.42849693966145,-76.5518857081837"
EPE_543-8945,Zona verde,No aplica,Local,20,2005,Belén,3.427474,-76.551299,954,Insuficiente,Media,Sin amenaza,Sin amenaza,No,8588,Zona 1,0.22,No,No,10,1,LUZ MARINA MENESES BARANDICA,380,Cruz Roja San Fernando,723,53.0,"https://www.google.com/maps/@?api=1&map_action=pano&viewpoint=3.42747370883772,-76.55129879207"
EPE_544-8946,Parque,Parque irregular,Local,20,2008,Pueblo Joven,3.416318,-76.56466,1648,Regular,Media,Sin amenaza,Sin amenaza,No,10332,Zona 2,0.35,No,No,23,0,CENTRO DE SALUD SILOE,1182,Bomberos Estacion X5,1072,53.0,"https://www.google.com/maps/@?api=1&map_action=pano&viewpoint=3.41631761231725,-76.5646603540694"
EPE_545-8947,Zona verde,No aplica,Zonal,20,2008,Pueblo Joven,3.416663,-76.565989,7338,Regular,Media,Sin amenaza,Sin amenaza,No,10463,Zona 2,0.35,No,No,18,0,CENTRO DE SALUD SILOE,1324,Bomberos Estacion X5,1219,53.0,"https://www.google.com/maps/@?api=1&map_action=pano&viewpoint=3.41666343210313,-76.5659889740322"
EPE_546-8948,Parque,Parque irregular,Local,20,2008,Pueblo Joven,3.415385,-76.564517,1611,Regular,Media,Sin amenaza,Sin amenaza,No,10348,Zona 2,0.35,No,No,19,0,CENTRO DE SALUD SILOE,1184,Bomberos Estacion X5,1065,53.0,"https://www.google.com/maps/@?api=1&map_action=pano&viewpoint=3.41538497155974,-76.5645173307637"
EPE_547-8949,Zona verde,No aplica,Local,22,2297,Urbanización Rio Lili,3.364693,-76.52607,4043,Regular,Alta,Sin amenaza,Sin amenaza,No,6143,Zona 4D,0.28,No,No,0,0,LASKIN JARDIN PLAZA,708,Bomberos Estacion X11,2651,0,"https://www.google.com/maps/@?api=1&map_action=pano&viewpoint=3.36469329471418,-76.5260700185434"
EPE_548-8950,Zona verde,No aplica,Zonal,22,2297,Urbanización Rio Lili,3.364348,-76.525564,17960,Regular,Media,Sin amenaza,Sin amenaza,No,6098,Zona 4D,0.28,No,No,0,0,LASKIN JARDIN PLAZA,744,Bomberos Estacion X11,2719,0,"https://www.google.com/maps/@?api=1&map_action=pano&viewpoint=3.36434778448138,-76.5255635746732"
EPE_549-8951,Zona verde,No aplica,Local,22,2296,Parcelaciones Pance,3.359668,-76.529699,1424,Insuficiente,Alta,Sin amenaza,Sin amenaza,No,6684,Zona 4E,0.25,No,No,0,0,LASKIN CIUDAD JARDIN,708,Bomberos Estacion X11,2784,0,"https://www.google.com/maps/@?api=1&map_action=pano&viewpoint=3.35966782152333,-76.5296989048872"
EPE_55-8465,Zona verde,No aplica,Local,03,0302,El Peñón,3.450617,-76.53799,668,Insuficiente,Media,Sin amenaza,Sin amenaza,No,6733,,,No,No,2,2,SANDRA LILIANA VALDERRAMA CARDENAS,111,Gestion del Riesgo Oficina,394,25.5,"https://www.google.com/maps/@?api=1&map_action=pano&viewpoint=3.45061693897966,-76.5379897649469"
EPE_550-8952,Zona verde,No aplica,Local,22,2296,Parcelaciones Pance,3.349806,-76.539103,1719,Insuficiente,Alta,Sin amenaza,Sin amenaza,No,8046,Zona 4E,0.25,No,No,0,0,LASKIN PANCE,601,Bomberos Estacion X11,3400,0,"https://www.google.com/maps/@?api=1&map_action=pano&viewpoint=3.34980579981376,-76.5391034117489"
EPE_551-8953,Zona verde,No aplica,Zonal,22,2296,Parcelaciones Pance,3.34988,-76.524105,18727,Medio,Alta,Sin amenaza,Sin amenaza,No,6541,Zona 4E,0.25,No,No,0,0,COOMEVA MEDICINA PREPAGADA S.A - CEM COOMEVA EMERGENCIA MEDICA,749,Bomberos Estacion X11,4032,0,"https://www.google.com/maps/@?api=1&map_action=pano&viewpoint=3.34987969938233,-76.5241047044418"
EPE_552-8954,Parque,Parque con colindancia,Local,22,2296,Parcelaciones Pance,3.35686,-76.537086,2451,Insuficiente,Alta,Sin amenaza,Sin amenaza,No,7560,Zona 2,0.35,No,No,0,0,RUBEN DARIO ARCINIEGAS MARTINEZ,879,Bomberos Estacion X11,2691,0,"https://www.google.com/maps/@?api=1&map_action=pano&viewpoint=3.35685976637589,-76.5370864435679"
EPE_553-8955,Parque,Parque irregular,Local,20,2008,Pueblo Joven,3.41582,-76.563308,3199,Regular,Alta,Sin amenaza,Sin amenaza,No,10205,Zona 2,0.35,No,No,19,0,CENTRO DE SALUD SILOE,1043,Bomberos Estacion X5,926,53.0,"https://www.google.com/maps/@?api=1&map_action=pano&viewpoint=3.41581996613016,-76.5633079556083"
EPE_554-8956,Parque,Parque irregular,Local,20,2006,Brisas de Mayo,3.415912,-76.563282,963,Insuficiente,Alta,Sin amenaza,Sin amenaza,No,10199,Zona 2,0.35,No,No,19,0,CENTRO DE SALUD SILOE,1038,Bomberos Estacion X5,922,53.0,"https://www.google.com/maps/@?api=1&map_action=pano&viewpoint=3.41591249456053,-76.5632816192488"
EPE_555-8957,Parque,Parque irregular,Local,20,2098,Venezuela - Urbanización Cañaveralejo,3.414926,-76.562423,1502,Regular,Media,Sin amenaza,Sin amenaza,No,10141,Zona 2,0.35,No,No,19,0,CENTRO DE SALUD SILOE,974,Bomberos Estacion X5,844,53.0,"https://www.google.com/maps/@?api=1&map_action=pano&viewpoint=3.41492601013799,-76.5624225090228"
EPE_556-8958,Zona verde,No aplica,Local,21,2103,Calimio Desepaz,3.410824,-76.469813,103,Insuficiente,Alta,Alta,Sin amenaza,No,295,Zona 6,0.25,Sí,No,0,0,CENTRO DE SALUD DECEPAZ,1575,Bomberos Estacion X7,2329,3.5,"https://www.google.com/maps/@?api=1&map_action=pano&viewpoint=3.41082356461618,-76.4698129578203"
EPE_557-8959,Parque,Parque con colindancia,Local,21,2105,Los Lideres,3.419306,-76.466442,2867,Adecuado,Baja,Alta,Sin amenaza,No,404,Zona 6,0.25,Sí,No,12,0,CENTRO DE SALUD DECEPAZ,570,Bomberos Estacion X7,2094,3.5,"https://www.google.com/maps/@?api=1&map_action=pano&viewpoint=3.41930626030324,-76.4664421643719"
EPE_558-8960,Parque,Parque en serie,Local,21,2106,Desepaz Invicali,3.42048,-76.464728,196,Malo,Media,Alta,Sin amenaza,No,217,Zona 6,0.25,Sí,No,4,0,CENTRO DE SALUD DECEPAZ,363,Bomberos Estacion X7,2231,3.5,"https://www.google.com/maps/@?api=1&map_action=pano&viewpoint=3.42048033320524,-76.4647276073272"
EPE_559-8961,Parque,Parque en serie,Local,21,2105,Los Lideres,3.420194,-76.464804,844,Adecuado,Media,Alta,Sin amenaza,No,224,Zona 6,0.25,Sí,No,10,0,CENTRO DE SALUD DECEPAZ,396,Bomberos Estacion X7,2232,3.5,"https://www.google.com/maps/@?api=1&map_action=pano&viewpoint=3.42019363026258,-76.464803734904"
EPE_56-8466,Parque,Parque damero,Local,01,0101,Terron Colorado,3.454952,-76.555741,195,Insuficiente,Alta,Sin amenaza,Sin amenaza,No,8644,Zona 2,0.35,No,No,10,0,LASKIN TIENDA DERMATOLOGICA OESTE,800,Bomberos Estacion X6,612,29.0,"https://www.google.com/maps/@?api=1&map_action=pano&viewpoint=3.45495180551874,-76.5557410882492"
EPE_560-8962,Zona verde,No aplica,Local,21,2104,El Remanso,3.420234,-76.463749,1235,Regular,Alta,Alta,Sin amenaza,No,107,Zona 6,0.25,Sí,No,6,0,CENTRO DE SALUD DECEPAZ,366,Bomberos Estacion X7,2342,3.5,"https://www.google.com/maps/@?api=1&map_action=pano&viewpoint=3.42023417879045,-76.4637491207573"
EPE_561-8963,Parque,Parque damero,Local,21,2107,Compartir,3.43277,-76.46378,1529,Medio,Alta,Alta,Sin amenaza,No,180,Zona 6,0.25,Sí,No,18,0,CARLOS FERNANDO JARAMILLO QUIROZ,745,Bomberos Estacion X7,2353,3.5,"https://www.google.com/maps/@?api=1&map_action=pano&viewpoint=3.43276964989614,-76.4637798433886"
EPE_562-8964,Zona verde,No aplica,Zonal,22,2201,Urbanización Ciudad Jardín,3.367234,-76.534003,26398,Adecuado,Alta,Sin amenaza,Sin amenaza,No,6946,,,No,No,0,0,LASKIN CIUDAD JARDIN,268,Bomberos Estacion X11,1826,0,"https://www.google.com/maps/@?api=1&map_action=pano&viewpoint=3.36723392177296,-76.5340025510748"
EPE_563-8965,Zona verde,No aplica,Zonal,22,2201,Urbanización Ciudad Jardín,3.366088,-76.540636,7744,Adecuado,Alta,Sin amenaza,Sin amenaza,No,7694,Zona 4D,0.28,No,No,0,0,UNIVERSIDAD DE VALLE DIRECCION SERVICIOS DE SALUD,630,Bomberos Estacion X11,1595,0,"https://www.google.com/maps/@?api=1&map_action=pano&viewpoint=3.36608844124354,-76.5406361709973"
EPE_564-8966,Zona verde,No aplica,Local,22,2201,Urbanización Ciudad Jardín,3.363193,-76.541658,3257,Regular,Alta,Sin amenaza,Sin amenaza,No,7867,Zona 4D,0.28,No,No,0,0,RUBEN DARIO ARCINIEGAS MARTINEZ,736,Bomberos Estacion X11,1885,0,"https://www.google.com/maps/@?api=1&map_action=pano&viewpoint=3.36319271980678,-76.5416582527034"
EPE_565-8967,Zona verde,No aplica,Local,21,2197,Ciudadela del Rio - CVC,3.428657,-76.466262,339,Medio,Alta,Alta,Sin amenaza,No,536,Zona 6,0.25,Sí,No,2,0,CENTRO DE SALUD DECEPAZ,649,Bomberos Estacion X7,1982,3.5,"https://www.google.com/maps/@?api=1&map_action=pano&viewpoint=3.42865714203107,-76.4662620196564"
EPE_566-8968,Parque,Parque con colindancia,Local,21,2106,Desepaz Invicali,3.427296,-76.464024,1199,Regular,Alta,Alta,Sin amenaza,No,322,Zona 6,0.25,Sí,No,7,0,CENTRO DE SALUD DECEPAZ,425,Bomberos Estacion X7,2216,3.5,"https://www.google.com/maps/@?api=1&map_action=pano&viewpoint=3.42729555009609,-76.4640237149248"
EPE_567-8969,Parque,Parque en serie,Local,21,2198,Valle Grande,3.439031,-76.473552,1864,Adecuado,Alta,Alta,Sin amenaza,No,171,Zona 6,0.25,Sí,No,0,0,CARLOS FERNANDO JARAMILLO QUIROZ,579,Bomberos Estacion X7,1828,3.5,"https://www.google.com/maps/@?api=1&map_action=pano&viewpoint=3.43903098075976,-76.4735518932339"
EPE_568-8970,Parque,Parque en serie,Local,21,2198,Valle Grande,3.438594,-76.473741,1886,Adecuado,Alta,Alta,Sin amenaza,No,223,Zona 6,0.25,Sí,No,1,0,CARLOS FERNANDO JARAMILLO QUIROZ,559,Bomberos Estacion X7,1777,3.5,"https://www.google.com/maps/@?api=1&map_action=pano&viewpoint=3.43859442461213,-76.4737413822713"
EPE_569-8971,Parque,Parque en serie,Local,21,2197,Ciudadela del Rio - CVC,3.428626,-76.464121,1201,Malo,Alta,Alta,Sin amenaza,No,303,Zona 6,0.25,Sí,No,17,0,CENTRO DE SALUD DECEPAZ,573,Bomberos Estacion X7,2217,3.5,"https://www.google.com/maps/@?api=1&map_action=pano&viewpoint=3.4286260060087,-76.4641214898544"
EPE_57-8467,Zona verde,No aplica,Local,02,0202,Santa Teresita,3.452072,-76.548259,278,Insuficiente,Media,Sin amenaza,Sin amenaza,No,7847,Zona 2,0.35,No,No,4,0,FURINKAZAN OESTE,33,Bomberos Estacion X6,1206,37.0,"https://www.google.com/maps/@?api=1&map_action=pano&viewpoint=3.45207240453523,-76.5482590282542"
EPE_570-8972,Parque,Parque con colindancia,Zonal,21,2198,Valle Grande,3.435447,-76.471578,7554,Adecuado,Alta,Alta,Sin amenaza,No,558,Zona 6,0.25,Sí,No,1,0,CARLOS FERNANDO JARAMILLO QUIROZ,174,Bomberos Estacion X7,1710,3.5,"https://www.google.com/maps/@?api=1&map_action=pano&viewpoint=3.43544721262902,-76.4715783733464"
EPE_571-8973,Parque,Parque para la recreación especializada,Local,21,2108,Ciudad Talanga,3.43349,-76.46855,4581,Adecuado,Alta,Alta,Sin amenaza,No,553,Zona 6,0.25,Sí,No,4,0,CARLOS FERNANDO JARAMILLO QUIROZ,250,Bomberos Estacion X7,1888,3.5,"https://www.google.com/maps/@?api=1&map_action=pano&viewpoint=3.43349025804098,-76.4685503036266"
EPE_572-8974,Zona verde,No aplica,Local,22,2296,Parcelaciones Pance,3.342344,-76.551444,820,Malo,Alta,Sin amenaza,Sin amenaza,No,9634,,,No,No,0,0,LASKIN PANCE,1961,Bomberos Estacion X11,4249,0,"https://www.google.com/maps/@?api=1&map_action=pano&viewpoint=3.34234396132407,-76.5514440315811"
EPE_573-8975,Parque,Parque con colindancia,Local,21,2196,Potrero Grande,3.40916,-76.471401,3851,Adecuado,Media,Alta,Sin amenaza,No,491,Zona 6,0.25,Sí,No,0,0,HOSPITAL ISAIAS DUARTE CANCINO EMPRESA SOCIAL DEL ESTADO,1717,Bomberos Estacion X7,2361,3.5,"https://www.google.com/maps/@?api=1&map_action=pano&viewpoint=3.40915980318674,-76.4714008061414"
EPE_574-8976,Parque,Parque en serie,Local,21,2199,Planta de Tratamiento,3.440178,-76.476974,1269,Insuficiente,Alta,Alta,Sin amenaza,No,318,Zona 6,0.25,Sí,No,1,0,VIRREY SOLIS IPS S.A. ORIENTE,615,Bomberos Estacion X7,1728,3.5,"https://www.google.com/maps/@?api=1&map_action=pano&viewpoint=3.44017823531635,-76.4769737580104"
EPE_575-8977,Parque,Parque en serie,Local,21,2199,Planta de Tratamiento,3.440424,-76.476773,1368,Medio,Alta,Alta,Sin amenaza,No,284,Zona 6,0.25,Sí,No,1,0,VIRREY SOLIS IPS S.A. ORIENTE,622,Bomberos Estacion X7,1762,3.5,"https://www.google.com/maps/@?api=1&map_action=pano&viewpoint=3.44042364929164,-76.4767728178003"
EPE_576-8978,Parque,Parque en serie,Local,21,2198,Valle Grande,3.436887,-76.469653,1917,Adecuado,Alta,Alta,Sin amenaza,No,387,Zona 6,0.25,Sí,No,1,0,CARLOS FERNANDO JARAMILLO QUIROZ,194,Bomberos Estacion X7,1977,3.5,"https://www.google.com/maps/@?api=1&map_action=pano&viewpoint=3.43688690763484,-76.4696533759209"
EPE_577-8979,Parque,Parque en serie,Local,21,2198,Valle Grande,3.436429,-76.469863,1811,Adecuado,Alta,Alta,Sin amenaza,No,439,Zona 6,0.25,Sí,No,1,0,CARLOS FERNANDO JARAMILLO QUIROZ,140,Bomberos Estacion X7,1928,3.5,"https://www.google.com/maps/@?api=1&map_action=pano&viewpoint=3.43642944247142,-76.4698631688912"
EPE_578-8980,Parque,Parque en serie,Local,21,2198,Valle Grande,3.437392,-76.470786,1923,Adecuado,Alta,Alta,Sin amenaza,No,350,Zona 6,0.25,Sí,No,1,0,CARLOS FERNANDO JARAMILLO QUIROZ,259,Bomberos Estacion X7,1913,3.5,"https://www.google.com/maps/@?api=1&map_action=pano&viewpoint=3.43739197110764,-76.4707863149322"
EPE_579-8981,Parque,Parque en serie,Local,21,2198,Valle Grande,3.436921,-76.470991,1803,Adecuado,Alta,Alta,Sin amenaza,No,398,Zona 6,0.25,Sí,No,2,0,CARLOS FERNANDO JARAMILLO QUIROZ,220,Bomberos Estacion X7,1862,3.5,"https://www.google.com/maps/@?api=1&map_action=pano&viewpoint=3.43692110661296,-76.4709913377232"
EPE_58-10501,Parque,Parque damero,Zonal,02,0295,Urbanización La Flora,3.490684,-76.520897,8292,Adecuado,Alta,Sin amenaza,Sin amenaza,No,3367,Zona 4B,0.28,No,No,7,0,IPS CFA LA FLORA,737,Defensa Civil La Flora,714,37.0,"https://www.google.com/maps/@?api=1&map_action=pano&viewpoint=3.49068421556739,-76.5208969005948"
EPE_580-8982,Parque,Parque en serie,Local,21,2198,Valle Grande,3.437774,-76.471652,1751,Adecuado,Alta,Alta,Sin amenaza,No,299,Zona 6,0.25,Sí,No,0,0,CARLOS FERNANDO JARAMILLO QUIROZ,339,Bomberos Estacion X7,1870,3.5,"https://www.google.com/maps/@?api=1&map_action=pano&viewpoint=3.43777358433401,-76.4716516119818"
EPE_581-8983,Parque,Parque en serie,Local,21,2198,Valle Grande,3.437335,-76.471847,1789,Adecuado,Alta,Alta,Sin amenaza,No,347,Zona 6,0.25,Sí,No,1,0,CARLOS FERNANDO JARAMILLO QUIROZ,312,Bomberos Estacion X7,1821,3.5,"https://www.google.com/maps/@?api=1&map_action=pano&viewpoint=3.43733455779765,-76.471847271251"
EPE_582-8984,Parque,Parque en serie,Local,21,2198,Valle Grande,3.43833,-76.472769,1743,Adecuado,Alta,Alta,Sin amenaza,No,236,Zona 6,0.25,Sí,No,1,0,CARLOS FERNANDO JARAMILLO QUIROZ,463,Bomberos Estacion X7,1826,3.5,"https://www.google.com/maps/@?api=1&map_action=pano&viewpoint=3.4383300121212,-76.4727688900692"
EPE_583-8985,Parque,Parque en serie,Local,21,2198,Valle Grande,3.437849,-76.472962,1785,Adecuado,Alta,Alta,Sin amenaza,No,292,Zona 6,0.25,Sí,No,1,0,CARLOS FERNANDO JARAMILLO QUIROZ,440,Bomberos Estacion X7,1772,3.5,"https://www.google.com/maps/@?api=1&map_action=pano&viewpoint=3.43784855159378,-76.4729618967508"
EPE_584-8986,Parque,Parque con colindancia,Local,21,2198,Valle Grande,3.439548,-76.469716,1702,Adecuado,Alta,Alta,Sin amenaza,No,138,Zona 6,0.25,Sí,No,0,0,CARLOS FERNANDO JARAMILLO QUIROZ,487,Bomberos Estacion X7,2161,3.5,"https://www.google.com/maps/@?api=1&map_action=pano&viewpoint=3.43954801797639,-76.4697159741094"
EPE_585-8987,Parque,Parque con colindancia,Local,21,2198,Valle Grande,3.43896,-76.468623,1685,Adecuado,Alta,Alta,Sin amenaza,No,148,Zona 6,0.25,Sí,No,1,0,CARLOS FERNANDO JARAMILLO QUIROZ,448,Bomberos Estacion X7,2210,3.5,"https://www.google.com/maps/@?api=1&map_action=pano&viewpoint=3.43896037436934,-76.4686227227333"
EPE_586-8988,Parque,Parque en serie,Local,21,2198,Valle Grande,3.438549,-76.467075,2971,Adecuado,Alta,Baja,Sin amenaza,No,50,Zona 6,0.25,Sí,No,3,0,CARLOS FERNANDO JARAMILLO QUIROZ,498,Bomberos Estacion X7,2317,3.5,"https://www.google.com/maps/@?api=1&map_action=pano&viewpoint=3.43854851304893,-76.4670745228516"
EPE_587-8989,Parque,Parque en serie,Local,21,2198,Valle Grande,3.438478,-76.467807,1505,Adecuado,Alta,Alta,Sin amenaza,No,120,Zona 6,0.25,Sí,No,1,0,CARLOS FERNANDO JARAMILLO QUIROZ,442,Bomberos Estacion X7,2247,3.5,"https://www.google.com/maps/@?api=1&map_action=pano&viewpoint=3.43847846359256,-76.4678068981357"
EPE_588-8990,Parque,Parque con colindancia,Local,21,2198,Valle Grande,3.436133,-76.468041,1934,Adecuado,Alta,Alta,Sin amenaza,No,310,Zona 6,0.25,Sí,No,3,0,CARLOS FERNANDO JARAMILLO QUIROZ,245,Bomberos Estacion X7,2078,3.5,"https://www.google.com/maps/@?api=1&map_action=pano&viewpoint=3.43613251936789,-76.468041458141"
EPE_589-8991,Parque,Parque para la recreación especializada,Local,21,2106,Desepaz Invicali,3.427528,-76.462651,2961,Adecuado,Baja,Alta,Sin amenaza,No,169,Zona 6,0.25,Sí,No,7,0,CENTRO DE SALUD DECEPAZ,456,Bomberos Estacion X7,2369,3.5,"https://www.google.com/maps/@?api=1&map_action=pano&viewpoint=3.42752822225057,-76.4626511147321"
EPE_59-8468,Zona verde,No aplica,Local,01,0196,Sector Patio Bonito,3.458223,-76.583735,847,Insuficiente,Alta,Sin amenaza,Sin amenaza,No,11185,Zona 1,0.22,No,No,6,0,Casa Hogar de Proteccion Fundacion Amor y Fe,33,Bomberos Estacion X6,3178,29.0,"https://www.google.com/maps/@?api=1&map_action=pano&viewpoint=3.45822286437536,-76.5837349179882"
EPE_590-8992,Parque,Parque para la recreación especializada,Local,21,2106,Desepaz Invicali,3.427637,-76.461808,2371,Regular,Baja,Media,Sin amenaza,No,79,Zona 6,0.25,Sí,No,11,0,CENTRO DE SALUD DECEPAZ,496,Bomberos Estacion X7,2463,3.5,"https://www.google.com/maps/@?api=1&map_action=pano&viewpoint=3.42763724486938,-76.4618078055659"
EPE_591-8993,Parque,Parque damero,Zonal,21,2102,Pizamos II,3.408118,-76.473648,7737,Medio,Baja,Alta,Sin amenaza,No,761,Zona 6,0.25,Sí,No,0,0,HOSPITAL ISAIAS DUARTE CANCINO EMPRESA SOCIAL DEL ESTADO,1508,Bomberos Estacion X7,2323,3.5,"https://www.google.com/maps/@?api=1&map_action=pano&viewpoint=3.40811807333079,-76.4736476595822"
EPE_592-8994,Zona verde,No aplica,Zonal,21,2196,Potrero Grande,3.410129,-76.46783,5214,Adecuado,Media,Media,Sin amenaza,No,85,Zona 6,0.25,Sí,No,0,0,CENTRO DE SALUD DECEPAZ,1564,Bomberos Estacion X7,2537,3.5,"https://www.google.com/maps/@?api=1&map_action=pano&viewpoint=3.41012894324279,-76.4678300555997"
EPE_593-8995,Zona verde,No aplica,Local,21,2196,Potrero Grande,3.409185,-76.468485,4624,Regular,Media,Media,Sin amenaza,No,183,Zona 6,0.25,Sí,No,0,0,CENTRO DE SALUD DECEPAZ,1686,Bomberos Estacion X7,2563,3.5,"https://www.google.com/maps/@?api=1&map_action=pano&viewpoint=3.40918499918495,-76.4684845163774"
EPE_594-8996,Parque,Parque en serie,Local,21,2194,Villamercedes I - Villa Luz - Las Garzas,3.409555,-76.476675,1545,Malo,Media,Alta,Sin amenaza,No,1063,Zona 6,0.25,Sí,No,0,0,HOSPITAL ISAIAS DUARTE CANCINO EMPRESA SOCIAL DEL ESTADO,1139,Bomberos Estacion X7,2029,3.5,"https://www.google.com/maps/@?api=1&map_action=pano&viewpoint=3.40955541908565,-76.4766749994029"
EPE_595-8997,Parque,Parque en serie,Local,21,2194,Villamercedes I - Villa Luz - Las Garzas,3.40954,-76.476175,3413,Insuficiente,Media,Alta,Sin amenaza,No,1008,Zona 6,0.25,Sí,No,0,0,HOSPITAL ISAIAS DUARTE CANCINO EMPRESA SOCIAL DEL ESTADO,1193,Bomberos Estacion X7,2054,3.5,"https://www.google.com/maps/@?api=1&map_action=pano&viewpoint=3.40953951767891,-76.4761746685322"
EPE_596-8998,Parque,Parque en serie,Local,21,2196,Potrero Grande,3.409165,-76.473161,324,Insuficiente,Media,Alta,Sin amenaza,No,684,Zona 6,0.25,Sí,No,0,0,HOSPITAL ISAIAS DUARTE CANCINO EMPRESA SOCIAL DEL ESTADO,1527,Bomberos Estacion X7,2251,3.5,"https://www.google.com/maps/@?api=1&map_action=pano&viewpoint=3.40916470253764,-76.4731610160405"
EPE_597-8999,Parque,Parque en serie,Local,21,2196,Potrero Grande,3.409112,-76.4734,238,Insuficiente,Media,Alta,Sin amenaza,No,711,Zona 6,0.25,Sí,No,0,0,HOSPITAL ISAIAS DUARTE CANCINO EMPRESA SOCIAL DEL ESTADO,1503,Bomberos Estacion X7,2242,3.5,"https://www.google.com/maps/@?api=1&map_action=pano&viewpoint=3.40911214967664,-76.4734001205334"
EPE_598-9000,Parque,Parque en serie,Local,21,2196,Potrero Grande,3.408803,-76.472659,1903,Regular,Media,Alta,Sin amenaza,No,636,Zona 6,0.25,Sí,No,0,0,HOSPITAL ISAIAS DUARTE CANCINO EMPRESA SOCIAL DEL ESTADO,1591,Bomberos Estacion X7,2314,3.5,"https://www.google.com/maps/@?api=1&map_action=pano&viewpoint=3.40880339632906,-76.4726588277152"
EPE_599-9001,Parque,Parque en serie,Zonal,21,2196,Potrero Grande,3.406826,-76.469633,6571,Medio,Alta,Alta,Sin amenaza,No,352,Zona 6,0.25,Sí,No,0,0,HOSPITAL ISAIAS DUARTE CANCINO EMPRESA SOCIAL DEL ESTADO,1976,Bomberos Estacion X7,2686,3.5,"https://www.google.com/maps/@?api=1&map_action=pano&viewpoint=3.40682629833437,-76.4696329427046"
EPE_60-8469,Plazoleta,Plazoleta de recorrido,Zonal,03,0313,El Hoyo,3.457281,-76.530314,6143,Regular,Media,Sin amenaza,Sin amenaza,No,5811,,,No,No,2,0,CARLOS EUGENIO ORTEGA POVEDA,180,Bomberos Estacion X1,474,25.5,"https://www.google.com/maps/@?api=1&map_action=pano&viewpoint=3.45728076585329,-76.5303143941119"
EPE_600-9002,Parque,Parque en serie,Zonal,21,2196,Potrero Grande,3.404585,-76.468602,8218,Regular,Media,Baja,Sin amenaza,No,99,Zona 6,0.25,Sí,No,0,0,HOSPITAL ISAIAS DUARTE CANCINO EMPRESA SOCIAL DEL ESTADO,2173,Bomberos Estacion X7,2955,3.5,"https://www.google.com/maps/@?api=1&map_action=pano&viewpoint=3.40458477649695,-76.4686016249487"
EPE_601-9003,Parque,Parque en serie,Local,21,2196,Potrero Grande,3.403369,-76.468574,2619,Regular,Media,Baja,Sin amenaza,No,45,Zona 6,0.25,Sí,No,0,0,HOSPITAL ISAIAS DUARTE CANCINO EMPRESA SOCIAL DEL ESTADO,2233,Bomberos Estacion X7,3068,3.5,"https://www.google.com/maps/@?api=1&map_action=pano&viewpoint=3.40336901308749,-76.4685740332663"
EPE_602-9004,Parque,Parque en serie,Local,21,2196,Potrero Grande,3.408163,-76.471518,2278,Adecuado,Media,Alta,Sin amenaza,No,537,Zona 6,0.25,Sí,No,0,0,HOSPITAL ISAIAS DUARTE CANCINO EMPRESA SOCIAL DEL ESTADO,1732,Bomberos Estacion X7,2444,3.5,"https://www.google.com/maps/@?api=1&map_action=pano&viewpoint=3.4081629296721,-76.4715180584889"
EPE_603-9005,Parque,Parque en serie,Local,21,2196,Potrero Grande,3.407493,-76.470542,4042,Adecuado,Media,Alta,Sin amenaza,No,467,Zona 6,0.25,Sí,No,0,0,HOSPITAL ISAIAS DUARTE CANCINO EMPRESA SOCIAL DEL ESTADO,1857,Bomberos Estacion X7,2567,3.5,"https://www.google.com/maps/@?api=1&map_action=pano&viewpoint=3.40749334219526,-76.4705420275539"
EPE_604-9006,Parque,Parque en serie,Zonal,21,2196,Potrero Grande,3.407076,-76.472176,6870,Insuficiente,Media,Alta,Sin amenaza,No,582,Zona 6,0.25,Sí,No,0,0,HOSPITAL ISAIAS DUARTE CANCINO EMPRESA SOCIAL DEL ESTADO,1701,Bomberos Estacion X7,2506,3.5,"https://www.google.com/maps/@?api=1&map_action=pano&viewpoint=3.40707592674113,-76.472176363658"
EPE_605-9007,Parque,Parque en serie,Local,21,2196,Potrero Grande,3.406738,-76.471037,4590,Regular,Media,Alta,Sin amenaza,No,458,Zona 6,0.25,Sí,No,0,0,HOSPITAL ISAIAS DUARTE CANCINO EMPRESA SOCIAL DEL ESTADO,1832,Bomberos Estacion X7,2605,3.5,"https://www.google.com/maps/@?api=1&map_action=pano&viewpoint=3.40673816972362,-76.4710374173388"
EPE_606-9008,Parque,Parque en serie,Local,21,2196,Potrero Grande,3.405822,-76.471524,2505,Insuficiente,Media,Alta,Sin amenaza,No,447,Zona 6,0.25,Sí,No,0,0,HOSPITAL ISAIAS DUARTE CANCINO EMPRESA SOCIAL DEL ESTADO,1820,Bomberos Estacion X7,2662,3.5,"https://www.google.com/maps/@?api=1&map_action=pano&viewpoint=3.40582192294676,-76.4715241277121"
EPE_607-9009,Parque,Parque damero,Zonal,21,2103,Calimio Desepaz,3.412703,-76.472103,24540,Adecuado,Alta,Alta,Sin amenaza,No,582,Zona 6,0.25,Sí,No,0,0,RVP RESCATE VIDA PROPOSITO SAS,1510,Bomberos Estacion X7,2004,3.5,"https://www.google.com/maps/@?api=1&map_action=pano&viewpoint=3.4127033604744,-76.4721034461263"
EPE_608-9010,Parque,Parque damero,Local,21,2194,Villamercedes I - Villa Luz - Las Garzas,3.411325,-76.473618,818,Malo,Alta,Alta,Sin amenaza,No,719,Zona 6,0.25,Sí,No,0,0,HOSPITAL ISAIAS DUARTE CANCINO EMPRESA SOCIAL DEL ESTADO,1437,Bomberos Estacion X7,2022,3.5,"https://www.google.com/maps/@?api=1&map_action=pano&viewpoint=3.41132506038071,-76.4736182624574"
EPE_609-9011,Parque,Parque damero,Zonal,21,2196,Potrero Grande,3.410664,-76.473448,27798,Adecuado,Alta,Alta,Sin amenaza,No,699,Zona 6,0.25,Sí,No,0,0,HOSPITAL ISAIAS DUARTE CANCINO EMPRESA SOCIAL DEL ESTADO,1464,Bomberos Estacion X7,2093,3.5,"https://www.google.com/maps/@?api=1&map_action=pano&viewpoint=3.41066377320913,-76.4734482861461"
EPE_61-8470,Parque,Plazoleta de recorrido,Local,02,0208,Versalles,3.458854,-76.527838,4553,Adecuado,Media,Sin amenaza,Sin amenaza,No,5528,,,No,No,1,0,FUNDACION SERVICIOS INTEGRALES PARA LA MUJER SI MUJER,106,Bomberos Estacion X1,174,37.0,"https://www.google.com/maps/@?api=1&map_action=pano&viewpoint=3.45885395811278,-76.5278381214113"
EPE_610-9012,Parque,Parque damero,Zonal,21,2102,Pizamos II,3.402664,-76.47247,10560,Adecuado,Baja,Baja,Sin amenaza,No,478,Zona 6,0.25,Sí,No,0,0,HOSPITAL ISAIAS DUARTE CANCINO EMPRESA SOCIAL DEL ESTADO,1902,Bomberos Estacion X7,2921,3.5,"https://www.google.com/maps/@?api=1&map_action=pano&viewpoint=3.4026637970254,-76.4724696497969"
EPE_611-9013,Zona verde,No aplica,Local,21,2102,Pizamos II,3.401679,-76.469268,534,Insuficiente,Media,Baja,Sin amenaza,No,159,Zona 6,0.25,Sí,No,0,0,HOSPITAL ISAIAS DUARTE CANCINO EMPRESA SOCIAL DEL ESTADO,2259,Bomberos Estacion X7,3186,3.5,"https://www.google.com/maps/@?api=1&map_action=pano&viewpoint=3.40167908307525,-76.4692682947625"
EPE_612-9014,Parque,Parque para la recreación especializada,Zonal,20,2003,Siloé,3.419093,-76.553998,5485,Medio,Media,Sin amenaza,Sin amenaza,No,9110,Zona 3,0.35,No,No,39,1,CENTRO DE SALUD SILOE,153,Bomberos Estacion X5,298,53.0,"https://www.google.com/maps/@?api=1&map_action=pano&viewpoint=3.4190933680974,-76.5539980414161"
EPE_613-9015,Parque,Parque irregular,Local,20,2004,Lleras Camargo,3.423706,-76.56339,3384,Regular,Baja,Sin amenaza,Sin amenaza,No,9988,Zona 2,0.35,No,No,18,0,CENTRO DE SALUD SILOE,1226,Bomberos Estacion X5,1220,53.0,"https://www.google.com/maps/@?api=1&map_action=pano&viewpoint=3.42370553701884,-76.5633897759105"
EPE_614-9016,Parque,Parque para la recreación especializada,Zonal,22,2297,Urbanización Rio Lili,3.364023,-76.529304,15061,Adecuado,Alta,Sin amenaza,Sin amenaza,No,6510,,,No,No,0,0,LASKIN CIUDAD JARDIN,378,Bomberos Estacion X11,2440,0,"https://www.google.com/maps/@?api=1&map_action=pano&viewpoint=3.36402252630135,-76.5293037711602"
EPE_615-9017,Parque,Parque con colindancia,Local,21,2104,El Remanso,3.418449,-76.467217,3092,Medio,Alta,Alta,Sin amenaza,No,402,Zona 6,0.25,Sí,No,12,0,CENTRO DE SALUD DECEPAZ,698,Bomberos Estacion X7,2053,3.5,"https://www.google.com/maps/@?api=1&map_action=pano&viewpoint=3.4184490019894,-76.4672169779383"
EPE_616-9018,Parque,Parque en serie,Local,21,2197,Ciudadela del Rio - CVC,3.420678,-76.466285,650,Regular,Alta,Alta,Sin amenaza,No,391,Zona 6,0.25,Sí,No,1,0,CENTRO DE SALUD DECEPAZ,441,Bomberos Estacion X7,2059,3.5,"https://www.google.com/maps/@?api=1&map_action=pano&viewpoint=3.42067794884559,-76.4662845964976"
EPE_617-9019,Parque,Parque en serie,Local,21,2197,Ciudadela del Rio - CVC,3.420683,-76.466695,496,Medio,Alta,Alta,Sin amenaza,No,436,Zona 6,0.25,Sí,No,0,0,CENTRO DE SALUD DECEPAZ,474,Bomberos Estacion X7,2015,3.5,"https://www.google.com/maps/@?api=1&map_action=pano&viewpoint=3.42068261806334,-76.4666951567368"
EPE_618-9020,Parque,Parque en serie,Local,21,2197,Ciudadela del Rio - CVC,3.420609,-76.465677,506,Regular,Alta,Alta,Sin amenaza,No,323,Zona 6,0.25,Sí,No,4,0,CENTRO DE SALUD DECEPAZ,403,Bomberos Estacion X7,2126,3.5,"https://www.google.com/maps/@?api=1&map_action=pano&viewpoint=3.42060932948429,-76.4656771217199"
EPE_619-9021,Zona verde,No aplica,Local,21,2107,Compartir,3.43126,-76.462275,432,Malo,Alta,Alta,Sin amenaza,No,47,Zona 6,0.25,Sí,No,15,0,CENTRO DE SALUD DECEPAZ,872,Bomberos Estacion X7,2470,3.5,"https://www.google.com/maps/@?api=1&map_action=pano&viewpoint=3.43126001230241,-76.4622753530319"
EPE_62-8471,Parque,Plazoleta de recorrido,Local,02,0207,Granada,3.457906,-76.529185,398,Insuficiente,Media,Sin amenaza,Sin amenaza,No,5682,,,No,No,1,0,CARLOS EUGENIO ORTEGA POVEDA,160,Bomberos Estacion X1,339,37.0,"https://www.google.com/maps/@?api=1&map_action=pano&viewpoint=3.45790620365522,-76.5291845769812"
EPE_620-9022,Zona verde,No aplica,Local,21,2107,Compartir,3.430728,-76.462386,235,Malo,Alta,Alta,Sin amenaza,No,74,Zona 6,0.25,Sí,No,15,0,CENTRO DE SALUD DECEPAZ,812,Bomberos Estacion X7,2445,3.5,"https://www.google.com/maps/@?api=1&map_action=pano&viewpoint=3.43072792033504,-76.4623862515858"
EPE_621-9023,Parque,Parque en serie,Local,21,2197,Ciudadela del Rio - CVC,3.427387,-76.46431,648,Medio,Alta,Alta,Sin amenaza,No,351,Zona 6,0.25,Sí,No,7,0,CENTRO DE SALUD DECEPAZ,440,Bomberos Estacion X7,2185,3.5,"https://www.google.com/maps/@?api=1&map_action=pano&viewpoint=3.42738695745798,-76.4643099641513"
EPE_622-9024,Parque,Parque en serie,Local,21,2197,Ciudadela del Rio - CVC,3.429618,-76.464291,2367,Adecuado,Alta,Alta,Sin amenaza,No,302,Zona 6,0.25,Sí,No,17,0,CENTRO DE SALUD DECEPAZ,684,Bomberos Estacion X7,2214,3.5,"https://www.google.com/maps/@?api=1&map_action=pano&viewpoint=3.42961761635123,-76.4642908040913"
EPE_623-9025,Parque,Parque con colindancia,Local,21,2198,Valle Grande,3.437055,-76.472767,1666,Adecuado,Alta,Alta,Sin amenaza,No,377,Zona 6,0.25,Sí,No,1,0,CARLOS FERNANDO JARAMILLO QUIROZ,368,Bomberos Estacion X7,1725,3.5,"https://www.google.com/maps/@?api=1&map_action=pano&viewpoint=3.437055439766,-76.472766792122"
EPE_624-9026,Zona verde,No aplica,Local,21,2102,Pizamos II,3.405615,-76.473479,917,Insuficiente,Media,Alta,Sin amenaza,No,637,Zona 6,0.25,Sí,No,0,0,HOSPITAL ISAIAS DUARTE CANCINO EMPRESA SOCIAL DEL ESTADO,1635,Bomberos Estacion X7,2577,3.5,"https://www.google.com/maps/@?api=1&map_action=pano&viewpoint=3.40561480814802,-76.4734786125334"
EPE_625-9027,Zona verde,No aplica,Local,21,2102,Pizamos II,3.406131,-76.473711,87,Insuficiente,Media,Alta,Sin amenaza,No,681,Zona 6,0.25,Sí,No,0,0,HOSPITAL ISAIAS DUARTE CANCINO EMPRESA SOCIAL DEL ESTADO,1586,Bomberos Estacion X7,2514,3.5,"https://www.google.com/maps/@?api=1&map_action=pano&viewpoint=3.40613137230673,-76.4737112875613"
EPE_626-9028,Parque,Parque en serie,Local,21,2103,Calimio Desepaz,3.411309,-76.470817,1194,Adecuado,Alta,Alta,Sin amenaza,No,410,Zona 6,0.25,Sí,No,0,0,CENTRO DE SALUD DECEPAZ,1581,Bomberos Estacion X7,2215,3.5,"https://www.google.com/maps/@?api=1&map_action=pano&viewpoint=3.41130933029474,-76.4708171572212"
EPE_627-9029,Parque,Parque en serie,Local,21,2196,Potrero Grande,3.410898,-76.470448,863,Regular,Alta,Alta,Sin amenaza,No,365,Zona 6,0.25,Sí,No,0,0,CENTRO DE SALUD DECEPAZ,1601,Bomberos Estacion X7,2276,3.5,"https://www.google.com/maps/@?api=1&map_action=pano&viewpoint=3.41089795306424,-76.4704483031518"
EPE_628-9030,Zona verde,No aplica,Local,21,2197,Ciudadela del Rio - CVC,3.421532,-76.467503,2177,Regular,Alta,Alta,Sin amenaza,No,535,Zona 6,0.25,Sí,No,4,0,CENTRO DE SALUD DECEPAZ,496,Bomberos Estacion X7,1902,3.5,"https://www.google.com/maps/@?api=1&map_action=pano&viewpoint=3.42153234419664,-76.4675034395967"
EPE_629-9031,Parque,Parque damero,Local,21,2107,Compartir,3.432344,-76.466026,1533,Medio,Alta,Alta,Sin amenaza,No,432,Zona 6,0.25,Sí,No,7,0,CARLOS FERNANDO JARAMILLO QUIROZ,546,Bomberos Estacion X7,2101,3.5,"https://www.google.com/maps/@?api=1&map_action=pano&viewpoint=3.43234446749081,-76.4660260381196"
EPE_63-8472,Parque,Plazoleta de recorrido,Zonal,03,0313,El Hoyo,3.458314,-76.527868,6530,Optimo,Media,Sin amenaza,Sin amenaza,No,5534,,,No,No,1,0,FUNDACION SERVICIOS INTEGRALES PARA LA MUJER SI MUJER,145,Bomberos Estacion X1,233,25.5,"https://www.google.com/maps/@?api=1&map_action=pano&viewpoint=3.45831444104731,-76.5278684466872"
EPE_630-9032,Parque,Parque damero,Local,21,2107,Compartir,3.432107,-76.467277,1578,Medio,Alta,Alta,Sin amenaza,No,573,Zona 6,0.25,Sí,No,3,0,CARLOS FERNANDO JARAMILLO QUIROZ,459,Bomberos Estacion X7,1961,3.5,"https://www.google.com/maps/@?api=1&map_action=pano&viewpoint=3.43210738122015,-76.4672774972581"
EPE_631-9033,Parque,Parque en serie,Local,21,2107,Compartir,3.432107,-76.462893,2640,Medio,Alta,Alta,Sin amenaza,No,95,Zona 6,0.25,Sí,No,17,0,CARLOS FERNANDO JARAMILLO QUIROZ,863,Bomberos Estacion X7,2426,3.5,"https://www.google.com/maps/@?api=1&map_action=pano&viewpoint=3.43210732573321,-76.462893357447"
EPE_632-9034,Parque,Parque con colindancia,Local,21,2107,Compartir,3.431662,-76.465193,2562,Medio,Alta,Alta,Sin amenaza,No,354,Zona 6,0.25,Sí,No,17,0,CARLOS FERNANDO JARAMILLO QUIROZ,665,Bomberos Estacion X7,2167,3.5,"https://www.google.com/maps/@?api=1&map_action=pano&viewpoint=3.43166242298621,-76.4651930778899"
EPE_633-9035,Zona verde,No aplica,Local,21,2107,Compartir,3.430891,-76.462188,92,Insuficiente,Alta,Alta,Sin amenaza,No,62,Zona 6,0.25,Sí,No,15,0,CENTRO DE SALUD DECEPAZ,833,Bomberos Estacion X7,2470,3.5,"https://www.google.com/maps/@?api=1&map_action=pano&viewpoint=3.43089064288029,-76.4621879617958"
EPE_634-9036,Zona verde,No aplica,Local,21,2106,Desepaz Invicali,3.428303,-76.463593,335,Medio,Baja,Alta,Sin amenaza,No,253,Zona 6,0.25,Sí,No,17,0,CENTRO DE SALUD DECEPAZ,533,Bomberos Estacion X7,2272,3.5,"https://www.google.com/maps/@?api=1&map_action=pano&viewpoint=3.42830263456161,-76.4635925642447"
EPE_635-9037,Parque,Parque con colindancia,Local,21,2107,Compartir,3.431213,-76.467715,2338,Regular,Alta,Alta,Sin amenaza,No,639,Zona 6,0.25,Sí,No,5,0,CARLOS FERNANDO JARAMILLO QUIROZ,511,Bomberos Estacion X7,1884,3.5,"https://www.google.com/maps/@?api=1&map_action=pano&viewpoint=3.43121311648109,-76.4677147741141"
EPE_636-9038,Parque,Parque en serie,Local,21,2198,Valle Grande,3.438774,-76.474935,2310,Adecuado,Alta,Alta,Sin amenaza,No,270,Zona 6,0.25,Sí,No,1,0,CARLOS FERNANDO JARAMILLO QUIROZ,675,Bomberos Estacion X7,1712,3.5,"https://www.google.com/maps/@?api=1&map_action=pano&viewpoint=3.43877380810813,-76.4749351352722"
EPE_637-9039,Parque,Parque en serie,Local,21,2198,Valle Grande,3.4389,-76.475094,2044,Adecuado,Alta,Alta,Sin amenaza,No,267,Zona 6,0.25,Sí,No,0,0,CARLOS FERNANDO JARAMILLO QUIROZ,697,Bomberos Estacion X7,1713,3.5,"https://www.google.com/maps/@?api=1&map_action=pano&viewpoint=3.43889972084517,-76.4750942177284"
EPE_638-9040,Zona verde,No aplica,Local,21,2196,Potrero Grande,3.408422,-76.470658,967,Medio,Alta,Alta,Sin amenaza,No,438,Zona 6,0.25,Sí,No,0,0,HOSPITAL ISAIAS DUARTE CANCINO EMPRESA SOCIAL DEL ESTADO,1817,Bomberos Estacion X7,2476,3.5,"https://www.google.com/maps/@?api=1&map_action=pano&viewpoint=3.40842235817852,-76.4706577413093"
EPE_639-9041,Zona verde,No aplica,Local,21,2196,Potrero Grande,3.405266,-76.470427,1893,Regular,Media,Alta,Sin amenaza,No,311,Zona 6,0.25,Sí,No,0,0,HOSPITAL ISAIAS DUARTE CANCINO EMPRESA SOCIAL DEL ESTADO,1957,Bomberos Estacion X7,2779,3.5,"https://www.google.com/maps/@?api=1&map_action=pano&viewpoint=3.40526604999649,-76.4704270235412"
EPE_64-8473,Plazoleta,Plazoleta de recorrido,Zonal,02,0209,San Vicente,3.462152,-76.523975,8338,Adecuado,Media,Sin amenaza,Sin amenaza,No,5099,Zona 4A,0.33,No,No,1,0,IPS OCUPACIONAL SANTA CLARA S.A.S,100,Bomberos Estacion X1,425,37.0,"https://www.google.com/maps/@?api=1&map_action=pano&viewpoint=3.46215244016566,-76.5239745536107"
EPE_640-9042,Parque,Parque en serie,Local,21,2102,Pizamos II,3.402368,-76.468442,244,Regular,Media,Baja,Sin amenaza,No,46,Zona 6,0.25,Sí,No,0,0,HOSPITAL ISAIAS DUARTE CANCINO EMPRESA SOCIAL DEL ESTADO,2299,Bomberos Estacion X7,3169,3.5,"https://www.google.com/maps/@?api=1&map_action=pano&viewpoint=3.40236820743252,-76.4684421440996"
EPE_641-9043,Parque,Parque con colindancia,Local,21,2196,Potrero Grande,3.409363,-76.471083,4928,Adecuado,Alta,Alta,Sin amenaza,No,452,Zona 6,0.25,Sí,No,0,0,HOSPITAL ISAIAS DUARTE CANCINO EMPRESA SOCIAL DEL ESTADO,1747,Bomberos Estacion X7,2364,3.5,"https://www.google.com/maps/@?api=1&map_action=pano&viewpoint=3.40936294512249,-76.4710827820973"
EPE_642-9044,Parque,Parque en serie,Local,21,2198,Valle Grande,3.438745,-76.471779,1906,Adecuado,Alta,Alta,Sin amenaza,No,191,Zona 6,0.25,Sí,No,0,0,CARLOS FERNANDO JARAMILLO QUIROZ,441,Bomberos Estacion X7,1935,3.5,"https://www.google.com/maps/@?api=1&map_action=pano&viewpoint=3.43874549436848,-76.4717790299183"
EPE_643-9045,Parque,Parque en serie,Local,21,2198,Valle Grande,3.438832,-76.471964,1866,Adecuado,Alta,Alta,Sin amenaza,No,180,Zona 6,0.25,Sí,No,0,0,CARLOS FERNANDO JARAMILLO QUIROZ,459,Bomberos Estacion X7,1928,3.5,"https://www.google.com/maps/@?api=1&map_action=pano&viewpoint=3.43883210710169,-76.4719639757287"
EPE_644-9046,Zona verde,No aplica,Local,21,2195,Pizamos III - Las Dalias,3.408338,-76.475585,1481,Adecuado,Alta,Alta,Sin amenaza,No,965,Zona 6,0.25,Sí,No,0,0,HOSPITAL ISAIAS DUARTE CANCINO EMPRESA SOCIAL DEL ESTADO,1297,Bomberos Estacion X7,2202,3.5,"https://www.google.com/maps/@?api=1&map_action=pano&viewpoint=3.40833843219277,-76.4755853061333"
EPE_645-9047,Parque,Parque con colindancia,Zonal,21,2196,Potrero Grande,3.406679,-76.466645,8194,Adecuado,Baja,Baja,Sin amenaza,No,89,Zona 6,0.25,Sí,No,0,0,CENTRO DE SALUD DECEPAZ,1904,Bomberos Estacion X7,2907,3.5,"https://www.google.com/maps/@?api=1&map_action=pano&viewpoint=3.4066793128096,-76.4666450739638"
EPE_646-9048,Parque,Parque con colindancia,Local,21,2198,Valle Grande,3.43699,-76.472572,1767,Adecuado,Alta,Alta,Sin amenaza,No,383,Zona 6,0.25,Sí,No,1,0,CARLOS FERNANDO JARAMILLO QUIROZ,346,Bomberos Estacion X7,1736,3.5,"https://www.google.com/maps/@?api=1&map_action=pano&viewpoint=3.4369901021973,-76.4725720602912"
EPE_647-9049,Zona verde,No aplica,Local,21,2102,Pizamos II,3.401253,-76.469241,1793,Medio,Baja,Baja,Sin amenaza,No,169,Zona 6,0.25,Sí,No,0,0,HOSPITAL ISAIAS DUARTE CANCINO EMPRESA SOCIAL DEL ESTADO,2287,Bomberos Estacion X7,3228,3.5,"https://www.google.com/maps/@?api=1&map_action=pano&viewpoint=3.40125306602101,-76.4692412101099"
EPE_648-9050,Zona verde,No aplica,Local,17,1785,Los Portales - Nuevo Rey,3.392472,-76.53938,1153,Insuficiente,Media,Sin amenaza,Sin amenaza,No,7610,Zona 4D,0.28,No,No,1,0,LASKIN PASOANCHO,111,Bomberos Estacion X11,1505,10.0,"https://www.google.com/maps/@?api=1&map_action=pano&viewpoint=3.39247183513403,-76.5393795467824"
EPE_649-9051,Plaza,Plaza de estancia,Local,17,1790,El Gran Limonar,3.395049,-76.545648,2002,Regular,Alta,Sin amenaza,Sin amenaza,No,8351,Zona 4D,0.28,No,No,12,5,ANGIOGRAFIA DE OCCIDENTE S.A.-IPS CAPITOLIO,145,Bomberos Estacion X11,1688,10.0,"https://www.google.com/maps/@?api=1&map_action=pano&viewpoint=3.39504864670159,-76.5456484232397"
EPE_65-8474,Plazoleta,Plazoleta de recorrido,Local,02,0208,Versalles,3.46064,-76.526346,1783,Regular,Media,Sin amenaza,Sin amenaza,No,5359,,,No,No,0,0,CENTRO DE ORTOPEDIA Y FRACTURAS,29,Bomberos Estacion X1,115,37.0,"https://www.google.com/maps/@?api=1&map_action=pano&viewpoint=3.46063984791658,-76.5263464022489"
EPE_650-9052,Plazoleta,Plazoleta de enlace,Local,17,1790,El Gran Limonar,3.39487,-76.544161,3991,Medio,Media,Sin amenaza,Sin amenaza,No,8186,Zona 4D,0.28,No,No,11,4,ANGIOGRAFIA DE OCCIDENTE S.A.-IPS CAPITOLIO,257,Bomberos Estacion X11,1663,10.0,"https://www.google.com/maps/@?api=1&map_action=pano&viewpoint=3.39486969939299,-76.5441609637241"
EPE_651-9053,Zona verde,No aplica,Local,17,1787,El Limonar,3.40552,-76.527788,639,Insuficiente,Alta,Sin amenaza,Sin amenaza,No,6622,Zona 5,0.28,Sí,No,0,0,AMBULANCIAS S.P.I S.A.S,770,Bomberos Estacion X4,1256,10.0,"https://www.google.com/maps/@?api=1&map_action=pano&viewpoint=3.40552011025667,-76.5277876975892"
EPE_652-9054,Parque,Parque con colindancia,Zonal,17,1787,El Limonar,3.39815,-76.5294,21476,Adecuado,Alta,Sin amenaza,Sin amenaza,No,6712,Zona 4D,0.28,No,No,0,0,AMBULANCIAS EMERTRAUMA,592,Bomberos Estacion X4,1907,10.0,"https://www.google.com/maps/@?api=1&map_action=pano&viewpoint=3.39815039239235,-76.5293998556408"
EPE_653-9055,Parque,Parque con colindancia,Local,17,1787,El Limonar,3.401388,-76.53116,4579,Adecuado,Alta,Sin amenaza,Sin amenaza,No,6994,Zona 4D,0.28,No,No,0,0,AMBULANCIAS EMERTRAUMA,393,Bomberos Estacion X4,1816,10.0,"https://www.google.com/maps/@?api=1&map_action=pano&viewpoint=3.40138813472559,-76.5311604823596"
EPE_654-9056,Parque,Parque con colindancia,Local,17,1787,El Limonar,3.400371,-76.531088,2155,Regular,Alta,Sin amenaza,Sin amenaza,No,6968,Zona 4D,0.28,No,No,0,0,AMBULANCIAS EMERTRAUMA,371,Bomberos Estacion X4,1877,10.0,"https://www.google.com/maps/@?api=1&map_action=pano&viewpoint=3.40037108624078,-76.5310877580967"
EPE_655-9057,Parque,Parque con colindancia,Local,17,1786,Cañaverales - Los Samanes,3.397959,-76.527491,1518,Regular,Alta,Sin amenaza,Sin amenaza,No,6504,Zona 4D,0.28,No,No,0,0,AMBULANCIAS EMERTRAUMA,800,Bomberos Estacion X4,1787,10.0,"https://www.google.com/maps/@?api=1&map_action=pano&viewpoint=3.39795892467862,-76.5274910988914"
EPE_656-9058,Parque,Parque en serie,Zonal,17,1784,La Hacienda,3.395231,-76.530732,18015,Adecuado,Alta,Sin amenaza,Sin amenaza,No,6755,Zona 4D,0.28,No,No,0,0,SOLIS BAHAMON MARIA ALEJANDRA,481,Bomberos Estacion X4,2249,10.0,"https://www.google.com/maps/@?api=1&map_action=pano&viewpoint=3.3952305681844,-76.530732196341"
EPE_657-9059,Parque,Parque en serie,Zonal,17,1784,La Hacienda,3.394954,-76.529626,13458,Adecuado,Alta,Sin amenaza,Sin amenaza,No,6628,Zona 4D,0.28,No,No,0,0,SOLIS BAHAMON MARIA ALEJANDRA,604,Bomberos Estacion X4,2197,10.0,"https://www.google.com/maps/@?api=1&map_action=pano&viewpoint=3.39495408230561,-76.5296257272541"
EPE_658-9060,Parque,Parque con colindancia,Zonal,17,1788,Bosques del Limonar,3.396546,-76.536521,8017,Regular,Alta,Sin amenaza,Sin amenaza,No,7413,Zona 4D,0.28,No,No,2,0,ANA LUCIA ARBELAEZ RIVERA,181,Bomberos Estacion X11,2048,10.0,"https://www.google.com/maps/@?api=1&map_action=pano&viewpoint=3.39654564330133,-76.5365210180686"
EPE_659-9061,Parque,Parque con colindancia,Zonal,17,1796,Urbanización San Joaquin,3.375246,-76.526787,11116,Optimo,Alta,Sin amenaza,Sin amenaza,No,6049,Zona 4D,0.28,No,No,0,0,FUNDACION VALLE DEL LILI,440,Bomberos Estacion X11,2029,10.0,"https://www.google.com/maps/@?api=1&map_action=pano&viewpoint=3.37524562628351,-76.5267865878089"
EPE_66-8475,Plazoleta,Plazoleta de recorrido,Zonal,03,0314,El Piloto,3.461133,-76.524409,8632,Optimo,Media,Sin amenaza,Sin amenaza,No,5144,Zona 4A,0.33,No,No,0,0,Endosalud de Occidente S.A.,126,Bomberos Estacion X1,337,25.5,"https://www.google.com/maps/@?api=1&map_action=pano&viewpoint=3.46113295744967,-76.5244085714798"
EPE_660-9062,Parque,Parque con colindancia,Zonal,17,1796,Urbanización San Joaquin,3.374764,-76.52805,20444,Optimo,Alta,Sin amenaza,Sin amenaza,No,6192,Zona 4D,0.28,No,No,0,0,FUNDACION VALLE DEL LILI,425,Bomberos Estacion X11,1909,10.0,"https://www.google.com/maps/@?api=1&map_action=pano&viewpoint=3.37476407935685,-76.5280502357513"
EPE_661-9063,Parque,Parque con colindancia,Local,17,1796,Urbanización San Joaquin,3.376576,-76.527488,1849,Adecuado,Alta,Sin amenaza,Sin amenaza,No,6121,Zona 4D,0.28,No,No,0,0,FUNDACION VALLE DEL LILI,598,Bomberos Estacion X11,1919,10.0,"https://www.google.com/maps/@?api=1&map_action=pano&viewpoint=3.37657595577248,-76.5274878457582"
EPE_662-9064,Parque,Parque damero,Zonal,17,1781,Mayapan - Las Vegas,3.383747,-76.541614,12262,Optimo,Alta,Sin amenaza,Sin amenaza,No,7713,Zona 4D,0.28,No,No,0,0,emilse medina manrrique,338,Bomberos Estacion X11,530,10.0,"https://www.google.com/maps/@?api=1&map_action=pano&viewpoint=3.38374693105487,-76.5416137577728"
EPE_663-9065,Parque,Parque en serie,Local,17,1780,El Ingenio,3.383126,-76.52623,3968,Adecuado,Alta,Sin amenaza,Sin amenaza,No,6006,Zona 4D,0.28,No,No,0,0,LINA MARIA RENDON RICO,394,Bomberos Estacion X11,2054,10.0,"https://www.google.com/maps/@?api=1&map_action=pano&viewpoint=3.38312594709499,-76.5262298757641"
EPE_664-9066,Parque,Parque en serie,Local,17,1780,El Ingenio,3.381559,-76.530103,2163,Adecuado,Alta,Sin amenaza,Sin amenaza,No,6421,Zona 4D,0.28,No,No,0,0,GIOVANNA CAROLINE SANCHEZ ERASO,413,Bomberos Estacion X11,1603,10.0,"https://www.google.com/maps/@?api=1&map_action=pano&viewpoint=3.38155916348353,-76.5301025166879"
EPE_665-9067,Parque,Parque en serie,Local,17,1780,El Ingenio,3.381683,-76.532163,2175,Adecuado,Alta,Sin amenaza,Sin amenaza,No,6650,Zona 4D,0.28,No,No,0,0,GIOVANNA CAROLINE SANCHEZ ERASO,301,Bomberos Estacion X11,1378,10.0,"https://www.google.com/maps/@?api=1&map_action=pano&viewpoint=3.38168252823106,-76.5321630576851"
EPE_666-9068,Parque,Parque en serie,Local,17,1780,El Ingenio,3.38397,-76.532027,2124,Adecuado,Alta,Sin amenaza,Sin amenaza,No,6655,Zona 4D,0.28,No,No,0,0,GIOVANNA CAROLINE SANCHEZ ERASO,72,Bomberos Estacion X11,1451,10.0,"https://www.google.com/maps/@?api=1&map_action=pano&viewpoint=3.38396956808812,-76.5320274352284"
EPE_667-9069,Parque,Parque en serie,Local,17,1780,El Ingenio,3.38497,-76.529898,2176,Adecuado,Alta,Sin amenaza,Sin amenaza,No,6433,Zona 4D,0.28,No,No,0,0,GIOVANNA CAROLINE SANCHEZ ERASO,302,Bomberos Estacion X11,1710,10.0,"https://www.google.com/maps/@?api=1&map_action=pano&viewpoint=3.38496961759674,-76.5298983265608"
EPE_668-9070,Parque,Parque en serie,Local,17,1780,El Ingenio,3.384444,-76.530446,2150,Regular,Alta,Sin amenaza,Sin amenaza,No,6486,Zona 4D,0.28,No,No,0,0,GIOVANNA CAROLINE SANCHEZ ERASO,233,Bomberos Estacion X11,1634,10.0,"https://www.google.com/maps/@?api=1&map_action=pano&viewpoint=3.38444360771036,-76.5304455627717"
EPE_669-9071,Parque,Parque en serie,Local,17,1780,El Ingenio,3.384509,-76.531473,2150,Adecuado,Alta,Sin amenaza,Sin amenaza,No,6600,Zona 4D,0.28,No,No,0,0,GIOVANNA CAROLINE SANCHEZ ERASO,120,Bomberos Estacion X11,1529,10.0,"https://www.google.com/maps/@?api=1&map_action=pano&viewpoint=3.38450896847672,-76.5314734161498"
EPE_67-8476,Parque,Parque de borde,Zonal,02,0293,Urbanización La Merced,3.480568,-76.509847,10206,Adecuado,Alta,Sin amenaza,Sin amenaza,No,2905,Zona 4B,0.28,No,No,1,0,GRUPO ALIANZA PREHOSPITALARIA,583,Bomberos Estacion X8,1219,37.0,"https://www.google.com/maps/@?api=1&map_action=pano&viewpoint=3.48056824013387,-76.5098469882151"
EPE_670-9072,Parque,Parque en serie,Local,17,1780,El Ingenio,3.383833,-76.529967,2317,Regular,Alta,Sin amenaza,Sin amenaza,No,6426,Zona 4D,0.28,No,No,0,0,GIOVANNA CAROLINE SANCHEZ ERASO,292,Bomberos Estacion X11,1666,10.0,"https://www.google.com/maps/@?api=1&map_action=pano&viewpoint=3.38383295033609,-76.5299666570903"
EPE_671-9073,Parque,Parque en serie,Zonal,17,1780,El Ingenio,3.383328,-76.531027,7913,Adecuado,Alta,Sin amenaza,Sin amenaza,No,6538,Zona 4D,0.28,No,No,0,0,GIOVANNA CAROLINE SANCHEZ ERASO,204,Bomberos Estacion X11,1538,10.0,"https://www.google.com/maps/@?api=1&map_action=pano&viewpoint=3.38332828871935,-76.5310266494085"
EPE_672-9074,Parque,Parque en serie,Local,17,1780,El Ingenio,3.382704,-76.530031,2148,Regular,Alta,Sin amenaza,Sin amenaza,No,6422,Zona 4D,0.28,No,No,0,0,GIOVANNA CAROLINE SANCHEZ ERASO,334,Bomberos Estacion X11,1631,10.0,"https://www.google.com/maps/@?api=1&map_action=pano&viewpoint=3.38270376481198,-76.5300305748046"
EPE_673-9075,Parque,Parque en serie,Local,17,1780,El Ingenio,3.382826,-76.532099,2140,Regular,Alta,Sin amenaza,Sin amenaza,No,6652,Zona 4D,0.28,No,No,0,0,GIOVANNA CAROLINE SANCHEZ ERASO,178,Bomberos Estacion X11,1409,10.0,"https://www.google.com/maps/@?api=1&map_action=pano&viewpoint=3.38282597017894,-76.5320991509602"
EPE_674-9076,Parque,Parque en serie,Local,17,1780,El Ingenio,3.38218,-76.530585,2186,Adecuado,Alta,Sin amenaza,Sin amenaza,No,6479,Zona 4D,0.28,No,No,0,0,GIOVANNA CAROLINE SANCHEZ ERASO,326,Bomberos Estacion X11,1560,10.0,"https://www.google.com/maps/@?api=1&map_action=pano&viewpoint=3.38217987196631,-76.5305853042813"
EPE_675-9077,Parque,Parque en serie,Local,17,1780,El Ingenio,3.382243,-76.531611,2175,Adecuado,Alta,Sin amenaza,Sin amenaza,No,6593,Zona 4D,0.28,No,No,0,0,GIOVANNA CAROLINE SANCHEZ ERASO,257,Bomberos Estacion X11,1449,10.0,"https://www.google.com/maps/@?api=1&map_action=pano&viewpoint=3.38224288552837,-76.5316111539604"
EPE_676-9078,Parque,Parque con colindancia,Zonal,17,1794,Prados del Limonar,3.389931,-76.526903,9548,Medio,Alta,Sin amenaza,Sin amenaza,No,6197,Zona 4D,0.28,No,No,0,0,LINA MARIA RENDON RICO,835,Bomberos Estacion X11,2244,10.0,"https://www.google.com/maps/@?api=1&map_action=pano&viewpoint=3.38993137418826,-76.5269034439039"
EPE_677-9079,Parque,Parque con colindancia,Zonal,17,1782,Las Quintas de Don Simón,3.389308,-76.534303,9754,Medio,Alta,Sin amenaza,Sin amenaza,No,6988,Zona 4D,0.28,No,No,0,0,CLINICA DE ESTETICA SPLENDOR DE GLORIA JARAMILLO,324,Bomberos Estacion X11,1536,10.0,"https://www.google.com/maps/@?api=1&map_action=pano&viewpoint=3.38930780340477,-76.5343031599949"
EPE_678-9080,Parque,Parque con colindancia,Local,17,1774,Caney,3.386184,-76.514114,345,Malo,Alta,Sin amenaza,Sin amenaza,No,4722,Zona 5,0.28,Sí,No,0,0,REHABILITAMOS SEDE CANEY,291,Bomberos Estacion X10,2428,10.0,"https://www.google.com/maps/@?api=1&map_action=pano&viewpoint=3.38618424788894,-76.5141140522557"
EPE_679-9081,Zona verde,No aplica,Local,17,1774,Caney,3.387575,-76.514647,212,Regular,Alta,Sin amenaza,Sin amenaza,No,4812,Zona 5,0.28,Sí,No,0,0,REHABILITAMOS SEDE CANEY,343,Bomberos Estacion X10,2339,10.0,"https://www.google.com/maps/@?api=1&map_action=pano&viewpoint=3.38757535889512,-76.5146465554747"
EPE_68-8477,Zona verde,No aplica,Local,02,0212,La Flora,3.487083,-76.525321,461,Medio,Media,Sin amenaza,Sin amenaza,No,3962,Zona 3,0.35,No,No,20,0,angelica maria restrepo aguirre,232,Defensa Civil La Flora,1273,37.0,"https://www.google.com/maps/@?api=1&map_action=pano&viewpoint=3.48708302285984,-76.5253209774954"
EPE_680-9082,Zona verde,No aplica,Local,17,1774,Caney,3.387912,-76.514586,290,Regular,Alta,Sin amenaza,Sin amenaza,No,4813,Zona 5,0.28,Sí,No,0,0,REHABILITAMOS SEDE CANEY,377,Bomberos Estacion X10,2306,10.0,"https://www.google.com/maps/@?api=1&map_action=pano&viewpoint=3.38791180136995,-76.5145863764377"
EPE_681-9083,Parque,Parque con colindancia,Local,17,1774,Caney,3.386859,-76.514629,391,Malo,Alta,Sin amenaza,Sin amenaza,No,4793,Zona 5,0.28,Sí,No,0,0,REHABILITAMOS SEDE CANEY,285,Bomberos Estacion X10,2401,10.0,"https://www.google.com/maps/@?api=1&map_action=pano&viewpoint=3.38685925133717,-76.5146289669013"
EPE_682-9084,Parque,Parque con colindancia,Local,17,1774,Caney,3.38766,-76.513984,534,Malo,Alta,Sin amenaza,Sin amenaza,No,4742,Zona 5,0.28,Sí,No,0,0,REHABILITAMOS SEDE CANEY,398,Bomberos Estacion X10,2287,10.0,"https://www.google.com/maps/@?api=1&map_action=pano&viewpoint=3.38766034253642,-76.5139842041465"
EPE_683-9085,Parque,Parque con colindancia,Local,17,1774,Caney,3.386507,-76.514373,361,Regular,Alta,Sin amenaza,Sin amenaza,No,4757,Zona 5,0.28,Sí,No,0,0,REHABILITAMOS SEDE CANEY,283,Bomberos Estacion X10,2415,10.0,"https://www.google.com/maps/@?api=1&map_action=pano&viewpoint=3.38650728940577,-76.5143730385537"
EPE_684-9086,Parque,Parque con colindancia,Local,17,1774,Caney,3.387893,-76.513553,408,Malo,Alta,Sin amenaza,Sin amenaza,No,4701,Zona 5,0.28,Sí,No,0,0,REHABILITAMOS SEDE CANEY,451,Bomberos Estacion X10,2237,10.0,"https://www.google.com/maps/@?api=1&map_action=pano&viewpoint=3.38789289918764,-76.5135534001458"
EPE_685-9087,Parque,Parque damero,Local,17,1774,Caney,3.387205,-76.51508,2305,Adecuado,Alta,Sin amenaza,Sin amenaza,No,4850,Zona 5,0.28,Sí,No,0,0,REHABILITAMOS SEDE CANEY,281,Bomberos Estacion X10,2402,10.0,"https://www.google.com/maps/@?api=1&map_action=pano&viewpoint=3.38720478378268,-76.5150803879747"
EPE_686-9088,Parque,Parque con colindancia,Local,17,1774,Caney,3.387445,-76.514423,393,Regular,Alta,Sin amenaza,Sin amenaza,No,4784,Zona 5,0.28,Sí,No,0,0,REHABILITAMOS SEDE CANEY,348,Bomberos Estacion X10,2335,10.0,"https://www.google.com/maps/@?api=1&map_action=pano&viewpoint=3.38744513377184,-76.5144226474528"
EPE_687-9089,Parque,Parque damero,Zonal,17,1703,Ciudadela Comfandi,3.382402,-76.522507,6364,Adecuado,Alta,Sin amenaza,Sin amenaza,No,5587,Zona 5,0.28,Sí,No,0,0,LINA MARIA RENDON RICO,145,Bomberos Estacion X11,2452,10.0,"https://www.google.com/maps/@?api=1&map_action=pano&viewpoint=3.38240164292823,-76.5225067959127"
EPE_688-9090,Parque,Parque damero,Zonal,17,1703,Ciudadela Comfandi,3.384372,-76.521737,5929,Adecuado,Alta,Sin amenaza,Sin amenaza,No,5525,Zona 5,0.28,Sí,No,0,0,LINA MARIA RENDON RICO,133,Bomberos Estacion X11,2570,10.0,"https://www.google.com/maps/@?api=1&map_action=pano&viewpoint=3.38437227510374,-76.521736991452"
EPE_689-9091,Parque,Parque con colindancia,Zonal,17,1703,Ciudadela Comfandi,3.387147,-76.521633,5849,Optimo,Alta,Sin amenaza,Sin amenaza,No,5562,Zona 5,0.28,Sí,No,0,0,LINA MARIA RENDON RICO,403,Bomberos Estacion X11,2657,10.0,"https://www.google.com/maps/@?api=1&map_action=pano&viewpoint=3.38714673477542,-76.5216334590157"
EPE_69-8478,Parque,Parque en serie,Local,03,0314,El Piloto,3.461042,-76.524399,424,Medio,Alta,Sin amenaza,Sin amenaza,No,5143,Zona 4A,0.33,No,No,0,0,Endosalud de Occidente S.A.,135,Bomberos Estacion X1,336,25.5,"https://www.google.com/maps/@?api=1&map_action=pano&viewpoint=3.46104163363651,-76.5243992101063"
EPE_690-9092,Parque,Parque con colindancia,Local,17,1787,El Limonar,3.404004,-76.528863,1428,Regular,Alta,Sin amenaza,Sin amenaza,No,6737,Zona 4D,0.28,No,No,0,0,AMBULANCIAS EMERTRAUMA,761,Bomberos Estacion X4,1443,10.0,"https://www.google.com/maps/@?api=1&map_action=pano&viewpoint=3.40400366662635,-76.528863446061"
EPE_691-9093,Zona verde,No aplica,Local,17,1787,El Limonar,3.403516,-76.528948,367,Insuficiente,Alta,Sin amenaza,Sin amenaza,No,6747,Zona 4D,0.28,No,No,0,0,AMBULANCIAS EMERTRAUMA,722,Bomberos Estacion X4,1480,10.0,"https://www.google.com/maps/@?api=1&map_action=pano&viewpoint=3.40351607068729,-76.528948437086"
EPE_692-9094,Parque,Parque damero,Zonal,17,1778,Santa Anita - La Selva,3.408356,-76.537866,6635,Adecuado,Alta,Sin amenaza,Sin amenaza,No,7757,Zona 4C,0.4,No,No,0,0,ATENCION MEDICA & PREHOSPITALARIA DEL VALLE SAS,83,Bomberos Estacion X5,2112,10.0,"https://www.google.com/maps/@?api=1&map_action=pano&viewpoint=3.40835556593191,-76.5378658176621"
EPE_693-9095,Parque,Parque con colindancia,Local,17,1778,Santa Anita - La Selva,3.408318,-76.535906,2164,Regular,Alta,Sin amenaza,Sin amenaza,No,7539,Zona 4C,0.4,No,No,0,0,IPS SURA PASO ANCHO CALI,95,Bomberos Estacion X4,2031,10.0,"https://www.google.com/maps/@?api=1&map_action=pano&viewpoint=3.40831824746814,-76.5359055714809"
EPE_694-9096,Parque,Parque irregular,Local,17,1788,Bosques del Limonar,3.40133,-76.535663,2956,Medio,Alta,Sin amenaza,Sin amenaza,No,7483,Zona 4D,0.28,No,No,2,0,SERVIMEDIC QUIRON S.A.S.,195,Bomberos Estacion X4,2246,10.0,"https://www.google.com/maps/@?api=1&map_action=pano&viewpoint=3.40132993657833,-76.5356634469188"
EPE_695-9097,Zona verde,No aplica,Local,17,1784,La Hacienda,3.397141,-76.52702,1666,Regular,Alta,Sin amenaza,Sin amenaza,No,6426,Zona 4D,0.28,No,No,0,0,AMBULANCIAS EMERTRAUMA,879,Bomberos Estacion X4,1831,10.0,"https://www.google.com/maps/@?api=1&map_action=pano&viewpoint=3.39714122166254,-76.5270201459727"
EPE_696-9098,Parque,Parque en serie,Zonal,17,1784,La Hacienda,3.394745,-76.525735,12702,Medio,Alta,Sin amenaza,Sin amenaza,No,6209,Zona 4D,0.28,No,No,0,0,SOLIS BAHAMON MARIA ALEJANDRA,1036,Bomberos Estacion X4,1989,10.0,"https://www.google.com/maps/@?api=1&map_action=pano&viewpoint=3.39474543049809,-76.5257350682487"
EPE_697-9099,Parque,Parque en serie,Zonal,17,1784,La Hacienda,3.394867,-76.527012,26823,Medio,Alta,Sin amenaza,Sin amenaza,No,6348,Zona 4D,0.28,No,No,0,0,SOLIS BAHAMON MARIA ALEJANDRA,894,Bomberos Estacion X4,2045,10.0,"https://www.google.com/maps/@?api=1&map_action=pano&viewpoint=3.39486679537182,-76.5270123758894"
EPE_698-9100,Zona verde,No aplica,Local,17,1787,El Limonar,3.399217,-76.531181,2250,Regular,Alta,Sin amenaza,Sin amenaza,No,6937,Zona 4D,0.28,No,No,0,0,AMBULANCIAS EMERTRAUMA,368,Bomberos Estacion X4,1966,10.0,"https://www.google.com/maps/@?api=1&map_action=pano&viewpoint=3.39921707936568,-76.5311812325746"
EPE_699-9101,Parque,Parque con colindancia,Local,17,1785,Los Portales - Nuevo Rey,3.394748,-76.53745,2536,Regular,Alta,Sin amenaza,Sin amenaza,No,7460,Zona 4D,0.28,No,No,2,0,SOLIS BAHAMON MARIA ALEJANDRA,267,Bomberos Estacion X11,1823,10.0,"https://www.google.com/maps/@?api=1&map_action=pano&viewpoint=3.39474832402684,-76.5374498849104"
EPE_70-8479,Parque,Parque en serie,Local,03,0314,El Piloto,3.460824,-76.524628,188,Medio,Media,Sin amenaza,Sin amenaza,No,5168,Zona 4A,0.33,No,No,0,0,ANGEL DIAGNOSTICA S.A. SEDE 10,132,Bomberos Estacion X1,306,25.5,"https://www.google.com/maps/@?api=1&map_action=pano&viewpoint=3.4608241323655,-76.524627767326"
EPE_700-9102,Parque,Parque con colindancia,Local,17,1785,Los Portales - Nuevo Rey,3.395503,-76.538857,1295,Malo,Alta,Sin amenaza,Sin amenaza,No,7632,Zona 4D,0.28,No,No,3,1,ANA LUCIA ARBELAEZ RIVERA,223,Bomberos Estacion X11,1841,10.0,"https://www.google.com/maps/@?api=1&map_action=pano&viewpoint=3.39550315915918,-76.5388574643755"
EPE_701-9103,Zona verde,No aplica,Local,17,1783,Ciudad Capri,3.390293,-76.542027,924,Adecuado,Alta,Sin amenaza,Sin amenaza,No,7852,Zona 4D,0.28,No,No,0,0,juan miguel mera seidel,366,Bomberos Estacion X11,1185,10.0,"https://www.google.com/maps/@?api=1&map_action=pano&viewpoint=3.39029282733234,-76.5420274433775"
EPE_702-9104,Parque,Parque con colindancia,Local,17,1780,El Ingenio,3.381753,-76.536122,3284,Optimo,Alta,Sin amenaza,Sin amenaza,No,7089,Zona 4D,0.28,No,No,0,0,GIOVANNA CAROLINE SANCHEZ ERASO,492,Bomberos Estacion X11,947,10.0,"https://www.google.com/maps/@?api=1&map_action=pano&viewpoint=3.38175266855706,-76.5361219260991"
EPE_703-9105,Parque,Parque con colindancia,Local,17,1780,El Ingenio,3.381543,-76.534142,3523,Adecuado,Alta,Sin amenaza,Sin amenaza,No,6868,Zona 4D,0.28,No,No,0,0,GIOVANNA CAROLINE SANCHEZ ERASO,360,Bomberos Estacion X11,1159,10.0,"https://www.google.com/maps/@?api=1&map_action=pano&viewpoint=3.38154343839726,-76.5341424358589"
EPE_704-9106,Zona verde,No aplica,Local,17,1780,El Ingenio,3.384255,-76.526212,4013,Adecuado,Alta,Sin amenaza,Sin amenaza,No,6017,Zona 4D,0.28,No,No,0,0,LINA MARIA RENDON RICO,392,Bomberos Estacion X11,2081,10.0,"https://www.google.com/maps/@?api=1&map_action=pano&viewpoint=3.3842549345642,-76.526211615115"
EPE_705-9107,Parque,Parque en serie,Local,17,1780,El Ingenio,3.382008,-76.526253,4010,Adecuado,Alta,Sin amenaza,Sin amenaza,No,5998,Zona 4D,0.28,No,No,0,0,LINA MARIA RENDON RICO,434,Bomberos Estacion X11,2034,10.0,"https://www.google.com/maps/@?api=1&map_action=pano&viewpoint=3.38200770189789,-76.5262527344741"
EPE_706-9108,Parque,Parque en serie,Zonal,17,1782,Las Quintas de Don Simón,3.388455,-76.536794,12158,Medio,Alta,Sin amenaza,Sin amenaza,No,7245,Zona 4D,0.28,No,No,0,0,CLINICA DE ESTETICA SPLENDOR DE GLORIA JARAMILLO,130,Bomberos Estacion X11,1274,10.0,"https://www.google.com/maps/@?api=1&map_action=pano&viewpoint=3.38845500644015,-76.536793538396"
EPE_707-9109,Parque,Parque en serie,Zonal,17,1782,Las Quintas de Don Simón,3.390854,-76.53666,8665,Medio,Alta,Sin amenaza,Sin amenaza,No,7278,Zona 4D,0.28,No,No,0,0,LASKIN PASOANCHO,240,Bomberos Estacion X11,1492,10.0,"https://www.google.com/maps/@?api=1&map_action=pano&viewpoint=3.39085375697421,-76.5366600968527"
EPE_708-9110,Parque,Parque en serie,Local,17,1782,Las Quintas de Don Simón,3.389698,-76.536729,4996,Medio,Alta,Sin amenaza,Sin amenaza,No,7261,Zona 4D,0.28,No,No,0,0,CLINICA DE ESTETICA SPLENDOR DE GLORIA JARAMILLO,264,Bomberos Estacion X11,1385,10.0,"https://www.google.com/maps/@?api=1&map_action=pano&viewpoint=3.38969806891851,-76.5367289171761"
EPE_709-9111,Zona verde,No aplica,Local,17,1796,Urbanización San Joaquin,3.377075,-76.525569,2258,Adecuado,Alta,Sin amenaza,Sin amenaza,No,5907,Zona 4D,0.28,No,No,0,0,MG MEDICAL GROUP SAS,429,Bomberos Estacion X11,2120,10.0,"https://www.google.com/maps/@?api=1&map_action=pano&viewpoint=3.37707468680274,-76.525568939701"
EPE_71-8480,Zona verde,No aplica,Local,02,0210,Santa Mónica,3.463128,-76.53379,94,Insuficiente,Media,Sin amenaza,Sin amenaza,No,6173,,,No,No,9,0,Instituto Ocular De Occidente,281,Bomberos Estacion X1,780,37.0,"https://www.google.com/maps/@?api=1&map_action=pano&viewpoint=3.46312814528204,-76.5337897909437"
EPE_710-9112,Zona verde,No aplica,Local,17,1796,Urbanización San Joaquin,3.378454,-76.525533,2221,Adecuado,Alta,Sin amenaza,Sin amenaza,No,5902,Zona 4D,0.28,No,No,0,0,MG MEDICAL GROUP SAS,438,Bomberos Estacion X11,2106,10.0,"https://www.google.com/maps/@?api=1&map_action=pano&viewpoint=3.37845419375653,-76.5255332099566"
EPE_711-9113,Parque,Parque irregular,Local,17,1786,Cañaverales - Los Samanes,3.403962,-76.526452,1848,Adecuado,Alta,Sin amenaza,Sin amenaza,No,6470,Zona 4D,0.28,No,No,0,0,AMBULANCIAS S.P.I S.A.S,758,Bomberos Estacion X4,1225,10.0,"https://www.google.com/maps/@?api=1&map_action=pano&viewpoint=3.40396207415672,-76.5264517479384"
EPE_712-9114,Zona verde,No aplica,Local,17,1787,El Limonar,3.404508,-76.528341,1225,Regular,Alta,Sin amenaza,Sin amenaza,No,6680,Zona 4D,0.28,No,No,0,0,AMBULANCIAS EMERTRAUMA,841,Bomberos Estacion X4,1364,10.0,"https://www.google.com/maps/@?api=1&map_action=pano&viewpoint=3.40450758590518,-76.5283411700959"
EPE_713-9115,Zona verde,No aplica,Local,17,1787,El Limonar,3.404959,-76.527577,902,Regular,Alta,Sin amenaza,Sin amenaza,No,6597,Zona 4D,0.28,No,No,0,0,AMBULANCIAS S.P.I S.A.S,783,Bomberos Estacion X4,1266,10.0,"https://www.google.com/maps/@?api=1&map_action=pano&viewpoint=3.40495942416475,-76.5275767041101"
EPE_714-9116,Zona verde,No aplica,Local,17,1787,El Limonar,3.405023,-76.528278,1114,Medio,Alta,Sin amenaza,Sin amenaza,No,6675,Zona 4D,0.28,No,No,0,0,AMBULANCIAS S.P.I S.A.S,845,Bomberos Estacion X4,1330,10.0,"https://www.google.com/maps/@?api=1&map_action=pano&viewpoint=3.40502306514242,-76.5282780658853"
EPE_715-9117,Zona verde,No aplica,Local,17,1787,El Limonar,3.40459,-76.529836,409,Malo,Alta,Sin amenaza,Sin amenaza,No,6846,Zona 4D,0.28,No,No,0,0,AMBULANCIAS EMERTRAUMA,721,Bomberos Estacion X4,1505,10.0,"https://www.google.com/maps/@?api=1&map_action=pano&viewpoint=3.40459042762643,-76.5298358442083"
EPE_716-9118,Zona verde,No aplica,Local,17,1787,El Limonar,3.403953,-76.529817,1455,Malo,Alta,Sin amenaza,Sin amenaza,No,6843,Zona 4D,0.28,No,No,0,0,AMBULANCIAS EMERTRAUMA,674,Bomberos Estacion X4,1537,10.0,"https://www.google.com/maps/@?api=1&map_action=pano&viewpoint=3.40395317459854,-76.5298166539897"
EPE_717-9119,Zona verde,No aplica,Local,17,1787,El Limonar,3.403402,-76.530986,1884,Malo,Alta,Sin amenaza,Sin amenaza,No,6973,Zona 4D,0.28,No,No,0,0,AMBULANCIAS EMERTRAUMA,538,Bomberos Estacion X4,1680,10.0,"https://www.google.com/maps/@?api=1&map_action=pano&viewpoint=3.4034018351051,-76.5309855669142"
EPE_718-9120,Parque,Parque con colindancia,Local,17,1778,Santa Anita - La Selva,3.40856,-76.536344,1302,Regular,Alta,Sin amenaza,Sin amenaza,No,7590,Zona 4C,0.4,No,No,0,0,IPS SURA PASO ANCHO CALI,115,Bomberos Estacion X4,2076,10.0,"https://www.google.com/maps/@?api=1&map_action=pano&viewpoint=3.40855972966769,-76.5363443398461"
EPE_719-9121,Zona verde,No aplica,Local,17,1787,El Limonar,3.40186,-76.528828,691,Insuficiente,Alta,Sin amenaza,Sin amenaza,No,6734,Zona 4D,0.28,No,No,0,0,AMBULANCIAS EMERTRAUMA,654,Bomberos Estacion X4,1577,10.0,"https://www.google.com/maps/@?api=1&map_action=pano&viewpoint=3.40186025279412,-76.5288278885119"
EPE_72-8481,Parque,Parque en serie,Local,02,0206,Centenario,3.453688,-76.535983,844,Medio,Media,Sin amenaza,Sin amenaza,No,6473,,,No,No,2,0,CLINICA COLSANITAS S.A SEBASTIAN DEL BELALCAZAR,167,Gestion del Riesgo Oficina,389,37.0,"https://www.google.com/maps/@?api=1&map_action=pano&viewpoint=3.45368815636659,-76.5359826880695"
EPE_720-9122,Zona verde,No aplica,Local,17,1787,El Limonar,3.402066,-76.529146,1603,Malo,Alta,Sin amenaza,Sin amenaza,No,6769,Zona 4D,0.28,No,No,0,0,AMBULANCIAS EMERTRAUMA,629,Bomberos Estacion X4,1591,10.0,"https://www.google.com/maps/@?api=1&map_action=pano&viewpoint=3.40206554393948,-76.5291455120758"
EPE_721-9123,Parque,Parque con colindancia,Local,17,1783,Ciudad Capri,3.392002,-76.541045,2350,Regular,Alta,Sin amenaza,Sin amenaza,No,7780,Zona 4D,0.28,No,No,1,0,juan miguel mera seidel,184,Bomberos Estacion X11,1396,10.0,"https://www.google.com/maps/@?api=1&map_action=pano&viewpoint=3.39200242210133,-76.5410454472757"
EPE_722-9124,Parque,Parque con colindancia,Local,17,1785,Los Portales - Nuevo Rey,3.393052,-76.535754,2023,Regular,Alta,Sin amenaza,Sin amenaza,No,7231,Zona 4D,0.28,No,No,0,0,SOLIS BAHAMON MARIA ALEJANDRA,234,Bomberos Estacion X11,1751,10.0,"https://www.google.com/maps/@?api=1&map_action=pano&viewpoint=3.39305237436459,-76.5357536668043"
EPE_723-9125,Parque,Parque con colindancia,Local,17,1781,Mayapan - Las Vegas,3.381696,-76.541432,4438,Adecuado,Alta,Sin amenaza,Sin amenaza,No,7677,Zona 4D,0.28,No,No,0,0,leydis paola campo colon,336,Bomberos Estacion X11,389,10.0,"https://www.google.com/maps/@?api=1&map_action=pano&viewpoint=3.38169554683465,-76.5414323232787"
EPE_724-9126,Parque,Parque con colindancia,Local,17,1783,Ciudad Capri,3.390802,-76.542044,201,Medio,Alta,Sin amenaza,Sin amenaza,No,7864,Zona 4D,0.28,No,No,0,0,juan miguel mera seidel,310,Bomberos Estacion X11,1240,10.0,"https://www.google.com/maps/@?api=1&map_action=pano&viewpoint=3.39080228260379,-76.5420442098853"
EPE_725-9127,Parque,Parque con colindancia,Local,17,1787,El Limonar,3.398989,-76.529304,1491,Malo,Alta,Sin amenaza,Sin amenaza,No,6731,Zona 4D,0.28,No,No,0,0,AMBULANCIAS EMERTRAUMA,577,Bomberos Estacion X4,1832,10.0,"https://www.google.com/maps/@?api=1&map_action=pano&viewpoint=3.39898902659905,-76.5293044236666"
EPE_726-9128,Parque,Parque con colindancia,Local,17,1784,La Hacienda,3.392879,-76.533408,596,Insuficiente,Alta,Sin amenaza,Sin amenaza,No,6974,Zona 4D,0.28,No,No,0,0,SOLIS BAHAMON MARIA ALEJANDRA,302,Bomberos Estacion X11,1892,10.0,"https://www.google.com/maps/@?api=1&map_action=pano&viewpoint=3.39287886735358,-76.53340821137"
EPE_727-9129,Parque,Parque para la recreación especializada,Zonal,17,1703,Ciudadela Comfandi,3.386802,-76.522854,22902,Regular,Alta,Sin amenaza,Sin amenaza,No,5688,Zona 4D,0.28,No,No,0,0,LINA MARIA RENDON RICO,346,Bomberos Estacion X11,2517,10.0,"https://www.google.com/maps/@?api=1&map_action=pano&viewpoint=3.38680164174511,-76.5228536648714"
EPE_728-9130,Parque,Parque en serie,Zonal,17,1783,Ciudad Capri,3.389022,-76.541723,19209,Optimo,Alta,Sin amenaza,Sin amenaza,No,7795,Zona 4D,0.28,No,No,0,0,emilse medina manrrique,266,Bomberos Estacion X11,1057,10.0,"https://www.google.com/maps/@?api=1&map_action=pano&viewpoint=3.38902236906214,-76.5417229969415"
EPE_729-9131,Zona verde,No aplica,Local,17,1783,Ciudad Capri,3.38966,-76.543907,3377,Adecuado,Alta,Sin amenaza,Sin amenaza,No,8046,Zona 4D,0.28,No,No,1,0,E.S.E. HOSPITAL DEPARTAMENTAL PSIQUIATRICO UNIVERSITARIO DEL VALLE,439,Bomberos Estacion X11,1085,10.0,"https://www.google.com/maps/@?api=1&map_action=pano&viewpoint=3.38965956271947,-76.5439069832682"
EPE_73-8482,Parque,Parque en serie,Local,02,0206,Centenario,3.453201,-76.536109,269,Insuficiente,Media,Sin amenaza,Sin amenaza,No,6493,,,No,No,2,0,CLINICA COLSANITAS S.A SEBASTIAN DEL BELALCAZAR,193,Gestion del Riesgo Oficina,349,37.0,"https://www.google.com/maps/@?api=1&map_action=pano&viewpoint=3.45320067737051,-76.536109357639"
EPE_730-9132,Zona verde,No aplica,Local,17,1783,Ciudad Capri,3.388514,-76.540542,2151,Adecuado,Alta,Sin amenaza,Sin amenaza,No,7657,Zona 4D,0.28,No,No,0,0,emilse medina manrrique,205,Bomberos Estacion X11,1050,10.0,"https://www.google.com/maps/@?api=1&map_action=pano&viewpoint=3.38851357723404,-76.5405416371243"
EPE_731-9133,Zona verde,No aplica,Local,17,1783,Ciudad Capri,3.387815,-76.541658,3510,Adecuado,Alta,Sin amenaza,Sin amenaza,No,7768,Zona 4D,0.28,No,No,0,0,emilse medina manrrique,139,Bomberos Estacion X11,931,10.0,"https://www.google.com/maps/@?api=1&map_action=pano&viewpoint=3.38781483127876,-76.5416583364282"
EPE_732-9134,Zona verde,No aplica,Local,17,1787,El Limonar,3.404474,-76.530272,806,Regular,Alta,Sin amenaza,Sin amenaza,No,6895,Zona 4D,0.28,No,No,0,0,AMBULANCIAS EMERTRAUMA,678,Bomberos Estacion X4,1554,10.0,"https://www.google.com/maps/@?api=1&map_action=pano&viewpoint=3.40447370171414,-76.530272437062"
EPE_733-9135,Parque,Parque con colindancia,Local,17,1784,La Hacienda,3.392943,-76.527517,1922,Medio,Alta,Sin amenaza,Sin amenaza,No,6342,Zona 4D,0.28,No,No,0,0,SOLIS BAHAMON MARIA ALEJANDRA,870,Bomberos Estacion X4,2259,10.0,"https://www.google.com/maps/@?api=1&map_action=pano&viewpoint=3.39294287684979,-76.5275173173423"
EPE_734-9136,Parque,Parque con colindancia,Local,17,1784,La Hacienda,3.392826,-76.526785,1308,Medio,Alta,Sin amenaza,Sin amenaza,No,6260,Zona 4D,0.28,No,No,0,0,SOLIS BAHAMON MARIA ALEJANDRA,951,Bomberos Estacion X4,2232,10.0,"https://www.google.com/maps/@?api=1&map_action=pano&viewpoint=3.39282563134643,-76.5267851302565"
EPE_735-9137,Parque,Parque con colindancia,Local,17,1782,Las Quintas de Don Simón,3.39097,-76.535377,1687,Insuficiente,Alta,Sin amenaza,Sin amenaza,No,7141,Zona 4D,0.28,No,No,0,0,LASKIN PASOANCHO,367,Bomberos Estacion X11,1589,10.0,"https://www.google.com/maps/@?api=1&map_action=pano&viewpoint=3.39097018735318,-76.5353770080445"
EPE_736-9138,Zona verde,No aplica,Local,17,1774,Caney,3.383345,-76.515423,1383,Regular,Alta,Sin amenaza,Sin amenaza,No,4816,Zona 5,0.28,Sí,No,0,0,REHABILITAMOS SEDE CANEY,231,Bomberos Estacion X10,2770,10.0,"https://www.google.com/maps/@?api=1&map_action=pano&viewpoint=3.383345217672,-76.5154226811985"
EPE_737-9139,Zona verde,No aplica,Local,17,1774,Caney,3.38253,-76.515439,1403,Adecuado,Alta,Sin amenaza,Sin amenaza,No,4807,Zona 5,0.28,Sí,No,0,0,REHABILITAMOS SEDE CANEY,311,Bomberos Estacion X10,2847,10.0,"https://www.google.com/maps/@?api=1&map_action=pano&viewpoint=3.38253011699482,-76.5154385480431"
EPE_738-9140,Zona verde,No aplica,Local,17,1774,Caney,3.379862,-76.515251,2385,Regular,Alta,Sin amenaza,Sin amenaza,No,4765,Zona 5,0.28,Sí,No,0,0,REHABILITAMOS SEDE CANEY,601,Bomberos Estacion X10,3089,10.0,"https://www.google.com/maps/@?api=1&map_action=pano&viewpoint=3.37986247771593,-76.5152509830513"
EPE_739-9141,Zona verde,No aplica,Local,17,1774,Caney,3.381079,-76.515442,1325,Regular,Alta,Sin amenaza,Sin amenaza,No,4793,Zona 5,0.28,Sí,No,0,0,REHABILITAMOS SEDE CANEY,465,Bomberos Estacion X10,2984,10.0,"https://www.google.com/maps/@?api=1&map_action=pano&viewpoint=3.38107863855215,-76.5154421108105"
EPE_74-8483,Plaza,Plaza de encuentro,Local,03,0311,San Pedro,3.449618,-76.53355,4887,Medio,Baja,Sin amenaza,Sin amenaza,No,6244,Zona 2,0.35,No,No,2,2,Victor Andres Romero Rojas,308,Gestion del Riesgo Oficina,143,25.5,"https://www.google.com/maps/@?api=1&map_action=pano&viewpoint=3.44961752523414,-76.5335495768643"
EPE_740-9142,Zona verde,No aplica,Local,17,1774,Caney,3.381881,-76.515437,1408,Regular,Alta,Sin amenaza,Sin amenaza,No,4800,Zona 5,0.28,Sí,No,0,0,REHABILITAMOS SEDE CANEY,379,Bomberos Estacion X10,2907,10.0,"https://www.google.com/maps/@?api=1&map_action=pano&viewpoint=3.38188067741601,-76.5154374167159"
EPE_741-9143,Parque,Parque con colindancia,Local,17,1774,Caney,3.380573,-76.515634,3281,Regular,Alta,Sin amenaza,Sin amenaza,No,4811,Zona 5,0.28,Sí,No,0,0,REHABILITAMOS SEDE CANEY,515,Bomberos Estacion X10,3043,10.0,"https://www.google.com/maps/@?api=1&map_action=pano&viewpoint=3.3805733441932,-76.5156340731173"
EPE_742-9144,Parque,Parque en serie,Local,17,1774,Caney,3.380826,-76.517381,1850,Medio,Alta,Sin amenaza,Sin amenaza,No,5006,Zona 5,0.28,Sí,No,0,0,REHABILITAMOS SEDE CANEY,487,Bomberos Estacion X11,3007,10.0,"https://www.google.com/maps/@?api=1&map_action=pano&viewpoint=3.38082605404385,-76.5173814429857"
EPE_743-9145,Parque,Parque en serie,Local,17,1774,Caney,3.381583,-76.517371,1736,Medio,Alta,Sin amenaza,Sin amenaza,No,5011,Zona 5,0.28,Sí,No,0,0,REHABILITAMOS SEDE CANEY,404,Bomberos Estacion X11,3012,10.0,"https://www.google.com/maps/@?api=1&map_action=pano&viewpoint=3.38158325546647,-76.5173709395667"
EPE_744-9146,Parque,Parque en serie,Local,17,1774,Caney,3.382686,-76.517504,4725,Adecuado,Alta,Sin amenaza,Sin amenaza,No,5037,Zona 5,0.28,Sí,No,0,0,REHABILITAMOS SEDE CANEY,292,Bomberos Estacion X10,2964,10.0,"https://www.google.com/maps/@?api=1&map_action=pano&viewpoint=3.38268594703661,-76.5175043216717"
EPE_745-9147,Parque,Parque en serie,Local,17,1774,Caney,3.382728,-76.519139,3366,Adecuado,Alta,Sin amenaza,Sin amenaza,No,5218,Zona 5,0.28,Sí,No,0,0,REHABILITAMOS SEDE CANEY,395,Bomberos Estacion X11,2827,10.0,"https://www.google.com/maps/@?api=1&map_action=pano&viewpoint=3.38272821653157,-76.519139476724"
EPE_746-9148,Parque,Parque en serie,Zonal,17,1774,Caney,3.380278,-76.51933,7027,Medio,Alta,Sin amenaza,Sin amenaza,No,5219,Zona 5,0.28,Sí,No,0,0,MG MEDICAL GROUP SAS,412,Bomberos Estacion X11,2789,10.0,"https://www.google.com/maps/@?api=1&map_action=pano&viewpoint=3.38027781317292,-76.5193296543194"
EPE_747-9149,Parque,Parque en serie,Local,17,1774,Caney,3.379703,-76.51755,2269,Medio,Alta,Sin amenaza,Sin amenaza,No,5019,Zona 5,0.28,Sí,No,0,0,MG MEDICAL GROUP SAS,527,Bomberos Estacion X11,2986,10.0,"https://www.google.com/maps/@?api=1&map_action=pano&viewpoint=3.37970327417267,-76.5175501671619"
EPE_748-9150,Parque,Parque en serie,Local,17,1774,Caney,3.38645,-76.518863,2948,Adecuado,Alta,Sin amenaza,Sin amenaza,No,5245,Zona 5,0.28,Sí,No,0,0,REHABILITAMOS SEDE CANEY,300,Bomberos Estacion X4,2708,10.0,"https://www.google.com/maps/@?api=1&map_action=pano&viewpoint=3.38645005319758,-76.5188626302334"
EPE_749-9151,Parque,Parque en serie,Local,17,1774,Caney,3.385723,-76.517374,2960,Adecuado,Alta,Sin amenaza,Sin amenaza,No,5069,Zona 5,0.28,Sí,No,0,0,REHABILITAMOS SEDE CANEY,117,Bomberos Estacion X10,2691,10.0,"https://www.google.com/maps/@?api=1&map_action=pano&viewpoint=3.38572327793508,-76.5173741336078"
EPE_75-8484,Parque,Parque en serie,Local,02,0212,La Flora,3.485812,-76.521948,526,Malo,Media,Sin amenaza,Sin amenaza,No,3672,Zona 4B,0.28,No,No,11,0,RTS - SERVICIOS DE TERAPIA RENAL DEL VALLE,418,Defensa Civil La Flora,997,37.0,"https://www.google.com/maps/@?api=1&map_action=pano&viewpoint=3.48581196834081,-76.5219475374377"
EPE_750-9152,Parque,Parque en serie,Zonal,17,1774,Caney,3.386645,-76.517628,5640,Adecuado,Alta,Sin amenaza,Sin amenaza,No,5114,Zona 5,0.28,Sí,No,0,0,REHABILITAMOS SEDE CANEY,210,Bomberos Estacion X10,2634,10.0,"https://www.google.com/maps/@?api=1&map_action=pano&viewpoint=3.38664526041696,-76.5176278045104"
EPE_751-9153,Parque,Parque en serie,Local,17,1774,Caney,3.387916,-76.517366,3150,Medio,Alta,Sin amenaza,Sin amenaza,No,5114,Zona 5,0.28,Sí,No,0,0,REHABILITAMOS SEDE CANEY,325,Bomberos Estacion X10,2512,10.0,"https://www.google.com/maps/@?api=1&map_action=pano&viewpoint=3.3879161816636,-76.5173661579714"
EPE_752-9154,Parque,Parque en serie,Zonal,17,1774,Caney,3.384821,-76.517633,6063,Adecuado,Alta,Sin amenaza,Sin amenaza,No,5081,Zona 5,0.28,Sí,No,0,0,REHABILITAMOS SEDE CANEY,129,Bomberos Estacion X10,2786,10.0,"https://www.google.com/maps/@?api=1&map_action=pano&viewpoint=3.38482112746991,-76.517632877105"
EPE_753-9155,Parque,Parque en serie,Local,17,1774,Caney,3.384849,-76.519054,4688,Adecuado,Alta,Sin amenaza,Sin amenaza,No,5237,Zona 5,0.28,Sí,No,0,0,REHABILITAMOS SEDE CANEY,284,Bomberos Estacion X11,2872,10.0,"https://www.google.com/maps/@?api=1&map_action=pano&viewpoint=3.38484911770361,-76.5190536001502"
EPE_754-9156,Zona verde,No aplica,Local,17,1774,Caney,3.385482,-76.515433,2262,Medio,Alta,Sin amenaza,Sin amenaza,No,4852,Zona 5,0.28,Sí,No,0,0,REHABILITAMOS SEDE CANEY,126,Bomberos Estacion X10,2577,10.0,"https://www.google.com/maps/@?api=1&map_action=pano&viewpoint=3.3854815257439,-76.5154329963749"
EPE_755-9157,Zona verde,No aplica,Local,17,1774,Caney,3.384416,-76.515449,1971,Regular,Alta,Sin amenaza,Sin amenaza,No,4835,Zona 5,0.28,Sí,No,0,0,REHABILITAMOS SEDE CANEY,142,Bomberos Estacion X10,2674,10.0,"https://www.google.com/maps/@?api=1&map_action=pano&viewpoint=3.38441586646938,-76.5154486596375"
EPE_756-9158,Parque,Parque con colindancia,Zonal,17,1791,Unicentro Cali,3.376138,-76.53905,15404,Adecuado,Alta,Sin amenaza,Sin amenaza,No,7405,Zona 4D,0.28,No,No,0,0,LASKIN UNICENTRO,403,Bomberos Estacion X11,732,10.0,"https://www.google.com/maps/@?api=1&map_action=pano&viewpoint=3.3761381243466,-76.5390498748592"
EPE_757-9159,Parque,Parque con colindancia,Local,17,1701,La Playa,3.375896,-76.540636,1470,Regular,Alta,Sin amenaza,Sin amenaza,No,7582,,,No,No,0,0,LASKIN UNICENTRO,338,Bomberos Estacion X11,616,10.0,"https://www.google.com/maps/@?api=1&map_action=pano&viewpoint=3.37589601233898,-76.5406357227288"
EPE_758-9160,Parque,Parque de borde,Zonal,17,1781,Mayapan - Las Vegas,3.379371,-76.540898,15874,Medio,Alta,Sin amenaza,Sin amenaza,No,7609,,,No,No,0,0,leydis paola campo colon,223,Bomberos Estacion X11,399,10.0,"https://www.google.com/maps/@?api=1&map_action=pano&viewpoint=3.37937134420341,-76.5408978598837"
EPE_759-9161,Parque,Parque de borde,Zonal,17,1781,Mayapan - Las Vegas,3.381948,-76.539874,7238,Medio,Alta,Sin amenaza,Sin amenaza,No,7506,Zona 4D,0.28,No,No,0,0,leydis paola campo colon,464,Bomberos Estacion X11,556,10.0,"https://www.google.com/maps/@?api=1&map_action=pano&viewpoint=3.3819475019021,-76.5398738654531"
EPE_76-8485,Parque,Parque en serie,Local,02,0212,La Flora,3.486427,-76.521781,820,Insuficiente,Media,Sin amenaza,Sin amenaza,No,3627,Zona 4B,0.28,No,No,11,0,RTS - SERVICIOS DE TERAPIA RENAL DEL VALLE,486,Defensa Civil La Flora,945,37.0,"https://www.google.com/maps/@?api=1&map_action=pano&viewpoint=3.48642687500553,-76.5217811802321"
EPE_760-9162,Zona verde,No aplica,Zonal,17,1781,Mayapan - Las Vegas,3.376866,-76.541468,7727,Regular,Alta,Sin amenaza,Sin amenaza,No,7672,,,No,No,0,0,leydis paola campo colon,288,Bomberos Estacion X11,474,10.0,"https://www.google.com/maps/@?api=1&map_action=pano&viewpoint=3.37686633680738,-76.5414676461226"
EPE_761-9163,Zona verde,No aplica,Local,17,1778,Santa Anita - La Selva,3.403802,-76.539158,1614,Medio,Alta,Sin amenaza,Sin amenaza,No,7880,Zona 4C,0.4,No,No,1,0,LUZ DAISY COBO RODRIGUEZ,123,Bomberos Estacion X5,2264,10.0,"https://www.google.com/maps/@?api=1&map_action=pano&viewpoint=3.40380200230922,-76.5391577322961"
EPE_762-9164,Parque,Parque con colindancia,Local,17,1703,Ciudadela Comfandi,3.382604,-76.521143,718,Medio,Alta,Sin amenaza,Sin amenaza,No,5438,Zona 5,0.28,Sí,No,0,0,LINA MARIA RENDON RICO,213,Bomberos Estacion X11,2605,10.0,"https://www.google.com/maps/@?api=1&map_action=pano&viewpoint=3.3826041516813,-76.5211431047048"
EPE_763-9165,Parque,Parque con colindancia,Local,17,1703,Ciudadela Comfandi,3.383082,-76.522437,755,Medio,Media,Sin amenaza,Sin amenaza,No,5586,Zona 5,0.28,Sí,No,0,0,LINA MARIA RENDON RICO,75,Bomberos Estacion X11,2469,10.0,"https://www.google.com/maps/@?api=1&map_action=pano&viewpoint=3.38308191087267,-76.522437290322"
EPE_764-9166,Parque,Parque con colindancia,Local,17,1703,Ciudadela Comfandi,3.383099,-76.523079,856,Medio,Alta,Sin amenaza,Sin amenaza,No,5657,Zona 4D,0.28,No,No,0,0,LINA MARIA RENDON RICO,77,Bomberos Estacion X11,2399,10.0,"https://www.google.com/maps/@?api=1&map_action=pano&viewpoint=3.38309882618607,-76.5230787326052"
EPE_765-9167,Zona verde,No aplica,Local,17,1703,Ciudadela Comfandi,3.383293,-76.52173,566,Regular,Media,Sin amenaza,Sin amenaza,No,5511,Zona 5,0.28,Sí,No,0,0,LINA MARIA RENDON RICO,119,Bomberos Estacion X11,2550,10.0,"https://www.google.com/maps/@?api=1&map_action=pano&viewpoint=3.38329313532031,-76.5217295806672"
EPE_766-9168,Zona verde,No aplica,Local,17,1703,Ciudadela Comfandi,3.384313,-76.522787,580,Regular,Alta,Sin amenaza,Sin amenaza,No,5640,Zona 5,0.28,Sí,No,0,0,LINA MARIA RENDON RICO,70,Bomberos Estacion X11,2454,10.0,"https://www.google.com/maps/@?api=1&map_action=pano&viewpoint=3.38431328613757,-76.5227870186405"
EPE_767-9169,Zona verde,No aplica,Local,17,1703,Ciudadela Comfandi,3.384309,-76.523323,392,Regular,Media,Sin amenaza,Sin amenaza,No,5699,Zona 4D,0.28,No,No,0,0,LINA MARIA RENDON RICO,96,Bomberos Estacion X11,2396,10.0,"https://www.google.com/maps/@?api=1&map_action=pano&viewpoint=3.38430870085617,-76.5233234416422"
EPE_768-9170,Parque,Parque con colindancia,Local,17,1703,Ciudadela Comfandi,3.385166,-76.520745,628,Regular,Media,Sin amenaza,Sin amenaza,No,5428,Zona 5,0.28,Sí,No,0,0,LINA MARIA RENDON RICO,274,Bomberos Estacion X11,2696,10.0,"https://www.google.com/maps/@?api=1&map_action=pano&viewpoint=3.38516626052698,-76.5207453743646"
EPE_769-9171,Zona verde,No aplica,Local,17,1703,Ciudadela Comfandi,3.385182,-76.521656,745,Regular,Media,Sin amenaza,Sin amenaza,No,5529,Zona 5,0.28,Sí,No,0,0,LINA MARIA RENDON RICO,204,Bomberos Estacion X11,2597,10.0,"https://www.google.com/maps/@?api=1&map_action=pano&viewpoint=3.38518230352967,-76.5216561508404"
EPE_77-8486,Plazoleta,Plazoleta de enlace,Local,03,0307,Santa Rosa,3.447372,-76.532047,3070,Medio,Baja,Sin amenaza,Sin amenaza,No,6092,Zona 2,0.35,No,No,8,3,Instituto Santa Maria,382,Gestion del Riesgo Oficina,441,25.5,"https://www.google.com/maps/@?api=1&map_action=pano&viewpoint=3.44737195773055,-76.5320469737709"
EPE_770-9172,Zona verde,No aplica,Local,17,1703,Ciudadela Comfandi,3.384975,-76.522972,480,Regular,Alta,Sin amenaza,Sin amenaza,No,5670,Zona 4D,0.28,No,No,0,0,LINA MARIA RENDON RICO,145,Bomberos Estacion X11,2450,10.0,"https://www.google.com/maps/@?api=1&map_action=pano&viewpoint=3.38497512999908,-76.5229720283236"
EPE_771-9173,Zona verde,No aplica,Local,17,1786,Cañaverales - Los Samanes,3.403068,-76.526367,554,Malo,Alta,Sin amenaza,Sin amenaza,No,6460,Zona 4D,0.28,No,No,0,0,AMBULANCIAS S.P.I S.A.S,826,Bomberos Estacion X4,1282,10.0,"https://www.google.com/maps/@?api=1&map_action=pano&viewpoint=3.40306779613856,-76.5263669319328"
EPE_772-9174,Parque,Parque con colindancia,Local,17,1786,Cañaverales - Los Samanes,3.403362,-76.52593,1047,Medio,Alta,Sin amenaza,Sin amenaza,No,6411,Zona 4D,0.28,No,No,0,0,AMBULANCIAS S.P.I S.A.S,771,Bomberos Estacion X4,1224,10.0,"https://www.google.com/maps/@?api=1&map_action=pano&viewpoint=3.40336183454004,-76.525930352144"
EPE_773-9175,Parque,Parque para la recreación especializada,Local,17,1702,Primero de Mayo,3.40723,-76.530939,3129,Adecuado,Baja,Sin amenaza,Sin amenaza,No,6981,Zona 4C,0.4,No,No,1,0,IPS SURA PASO ANCHO CALI,535,Bomberos Estacion X4,1513,10.0,"https://www.google.com/maps/@?api=1&map_action=pano&viewpoint=3.40723043347552,-76.5309392585629"
EPE_774-9176,Parque,Parque con colindancia,Local,17,1702,Primero de Mayo,3.406617,-76.531592,590,Adecuado,Media,Sin amenaza,Sin amenaza,No,7049,Zona 4C,0.4,No,No,0,0,IPS SURA PASO ANCHO CALI,501,Bomberos Estacion X4,1602,10.0,"https://www.google.com/maps/@?api=1&map_action=pano&viewpoint=3.40661705841909,-76.5315918495041"
EPE_775-9177,Zona verde,No aplica,Local,17,1702,Primero de Mayo,3.407278,-76.533547,436,Regular,Media,Sin amenaza,Sin amenaza,No,7270,Zona 4C,0.4,No,No,0,0,IPS SURA PASO ANCHO CALI,283,Bomberos Estacion X4,1793,10.0,"https://www.google.com/maps/@?api=1&map_action=pano&viewpoint=3.40727848125044,-76.5335469541866"
EPE_776-9178,Parque,Parque damero,Zonal,17,1789,El Gran Limonar - Cataya,3.39988,-76.538974,12821,Medio,Baja,Sin amenaza,Sin amenaza,No,7782,Zona 4D,0.28,No,No,4,1,SERVIMEDIC QUIRON S.A.S.,239,Bomberos Estacion X11,2302,10.0,"https://www.google.com/maps/@?api=1&map_action=pano&viewpoint=3.39988002650786,-76.5389741548194"
EPE_777-9179,Zona verde,No aplica,Local,17,1790,El Gran Limonar,3.392615,-76.545107,2344,Medio,Media,Sin amenaza,Sin amenaza,No,8235,Zona 4D,0.28,No,No,2,0,juan miguel mera seidel,401,Bomberos Estacion X11,1414,10.0,"https://www.google.com/maps/@?api=1&map_action=pano&viewpoint=3.39261504023318,-76.5451072582294"
EPE_778-9180,Parque,Parque damero,Local,17,1789,El Gran Limonar - Cataya,3.395985,-76.54201,2996,Regular,Alta,Sin amenaza,Sin amenaza,No,7984,Zona 4D,0.28,No,No,4,3,Paula Andrea Rojo Aguirre,180,Bomberos Estacion X11,1807,10.0,"https://www.google.com/maps/@?api=1&map_action=pano&viewpoint=3.3959853448615,-76.5420102531012"
EPE_779-9181,Parque,Parque con colindancia,Local,17,1784,La Hacienda,3.393565,-76.534814,1399,Medio,Baja,Sin amenaza,Sin amenaza,No,7144,Zona 4D,0.28,No,No,0,0,SOLIS BAHAMON MARIA ALEJANDRA,166,Bomberos Estacion X11,1857,10.0,"https://www.google.com/maps/@?api=1&map_action=pano&viewpoint=3.3935647287738,-76.5348142250433"
EPE_78-8487,Plaza,Plaza de estancia,Zonal,03,0311,San Pedro,3.451852,-76.532462,6442,Adecuado,Alta,Sin amenaza,Sin amenaza,No,6113,Zona 2,0.35,No,No,2,0,Victor Andres Romero Rojas,69,Gestion del Riesgo Oficina,264,25.5,"https://www.google.com/maps/@?api=1&map_action=pano&viewpoint=3.45185224961133,-76.5324617029769"
EPE_780-9182,Parque,Parque con colindancia,Zonal,17,1788,Bosques del Limonar,3.398968,-76.534238,11243,Adecuado,Alta,Sin amenaza,Sin amenaza,No,7251,Zona 4D,0.28,No,No,1,0,AMBULANCIAS EMERTRAUMA,114,Bomberos Estacion X4,2250,10.0,"https://www.google.com/maps/@?api=1&map_action=pano&viewpoint=3.39896849070258,-76.5342380359491"
EPE_781-9183,Zona verde,No aplica,Local,17,1781,Mayapan - Las Vegas,3.385664,-76.544003,1834,Medio,Baja,Sin amenaza,Sin amenaza,No,7997,Zona 4D,0.28,No,No,0,0,E.S.E. HOSPITAL DEPARTAMENTAL PSIQUIATRICO UNIVERSITARIO DEL VALLE,101,Bomberos Estacion X11,641,10.0,"https://www.google.com/maps/@?api=1&map_action=pano&viewpoint=3.38566425466685,-76.5440028208732"
EPE_782-9184,Parque,Parque con colindancia,Zonal,17,1794,Prados del Limonar,3.388296,-76.532008,5282,Insuficiente,Alta,Sin amenaza,Sin amenaza,No,6718,Zona 4D,0.28,No,No,0,0,GIOVANNA CAROLINE SANCHEZ ERASO,442,Bomberos Estacion X11,1666,10.0,"https://www.google.com/maps/@?api=1&map_action=pano&viewpoint=3.38829618481651,-76.5320084519449"
EPE_783-9185,Zona verde,No aplica,Local,17,1780,El Ingenio,3.383155,-76.527938,2197,Medio,Alta,Sin amenaza,Sin amenaza,No,6195,Zona 4D,0.28,No,No,0,0,GIOVANNA CAROLINE SANCHEZ ERASO,529,Bomberos Estacion X11,1868,10.0,"https://www.google.com/maps/@?api=1&map_action=pano&viewpoint=3.38315519280419,-76.5279383307663"
EPE_784-9186,Zona verde,No aplica,Local,17,1780,El Ingenio,3.384281,-76.527917,2174,Adecuado,Alta,Sin amenaza,Sin amenaza,No,6205,Zona 4D,0.28,No,No,0,0,GIOVANNA CAROLINE SANCHEZ ERASO,514,Bomberos Estacion X11,1899,10.0,"https://www.google.com/maps/@?api=1&map_action=pano&viewpoint=3.3842812803916,-76.5279171181367"
EPE_785-9187,Parque,Parque en serie,Zonal,17,1775,Lili,3.37309,-76.52055,23942,Medio,Alta,Sin amenaza,Sin amenaza,No,5377,Zona 4D,0.28,No,No,0,0,MG MEDICAL GROUP SAS,501,Bomberos Estacion X11,2760,10.0,"https://www.google.com/maps/@?api=1&map_action=pano&viewpoint=3.373090059273,-76.5205501861132"
EPE_786-9188,Parque,Parque en serie,Zonal,17,1775,Lili,3.369373,-76.519681,5350,Adecuado,Alta,Sin amenaza,Sin amenaza,No,5340,Zona 4D,0.28,No,No,0,0,LASKIN JARDIN PLAZA,677,Bomberos Estacion X11,2989,10.0,"https://www.google.com/maps/@?api=1&map_action=pano&viewpoint=3.36937271559406,-76.5196805885784"
EPE_787-9189,Parque,Parque con colindancia,Zonal,17,1786,Cañaverales - Los Samanes,3.402766,-76.52358,7725,Regular,Alta,Sin amenaza,Sin amenaza,No,6151,Zona 4D,0.28,No,No,0,0,AMBULANCIAS S.P.I S.A.S,710,Bomberos Estacion X4,1099,10.0,"https://www.google.com/maps/@?api=1&map_action=pano&viewpoint=3.40276588033804,-76.5235803067671"
EPE_788-9190,Parque,Parque con colindancia,Zonal,17,1786,Cañaverales - Los Samanes,3.398977,-76.52547,5058,Optimo,Alta,Sin amenaza,Sin amenaza,No,6329,Zona 4D,0.28,No,No,0,0,AMBULANCIAS EMERTRAUMA,999,Bomberos Estacion X4,1565,10.0,"https://www.google.com/maps/@?api=1&map_action=pano&viewpoint=3.39897695720291,-76.5254700866738"
EPE_789-9191,Zona verde,No aplica,Local,17,1787,El Limonar,3.402243,-76.530037,909,Malo,Alta,Sin amenaza,Sin amenaza,No,6868,Zona 4D,0.28,No,No,0,0,AMBULANCIAS EMERTRAUMA,547,Bomberos Estacion X4,1659,10.0,"https://www.google.com/maps/@?api=1&map_action=pano&viewpoint=3.40224281136796,-76.5300368640754"
EPE_79-8488,Parque,Parque damero,Local,03,0302,El Peñón,3.450125,-76.542772,1398,Medio,Baja,Sin amenaza,Sin amenaza,No,7265,,,No,No,3,0,Giancarlo Paz Caro,121,Gestion del Riesgo Oficina,926,25.5,"https://www.google.com/maps/@?api=1&map_action=pano&viewpoint=3.45012494567053,-76.5427724859773"
EPE_790-9192,Parque,Parque en serie,Local,17,1775,Lili,3.378303,-76.515223,4648,Regular,Alta,Sin amenaza,Sin amenaza,No,4757,Zona 5,0.28,Sí,No,0,0,MG MEDICAL GROUP SAS,727,Bomberos Estacion X10,3240,10.0,"https://www.google.com/maps/@?api=1&map_action=pano&viewpoint=3.37830305281961,-76.5152234558038"
EPE_791-9193,Parque,Parque en serie,Local,17,1775,Lili,3.370198,-76.515212,3524,Medio,Alta,Sin amenaza,Sin amenaza,No,4835,Zona 5,0.28,Sí,No,0,0,MG MEDICAL GROUP SAS,1082,Bomberos Estacion X11,3421,10.0,"https://www.google.com/maps/@?api=1&map_action=pano&viewpoint=3.37019766385635,-76.515212144882"
EPE_792-9194,Parque,Parque en serie,Local,17,1775,Lili,3.375976,-76.515219,3643,Adecuado,Alta,Sin amenaza,Sin amenaza,No,4762,Zona 5,0.28,Sí,No,0,0,MG MEDICAL GROUP SAS,740,Bomberos Estacion X11,3274,10.0,"https://www.google.com/maps/@?api=1&map_action=pano&viewpoint=3.37597580619381,-76.5152191952386"
EPE_793-9195,Parque,Parque en serie,Local,17,1775,Lili,3.377051,-76.515212,2669,Adecuado,Alta,Sin amenaza,Sin amenaza,No,4757,Zona 5,0.28,Sí,No,0,0,MG MEDICAL GROUP SAS,723,Bomberos Estacion X11,3261,10.0,"https://www.google.com/maps/@?api=1&map_action=pano&viewpoint=3.37705078654513,-76.5152124694208"
EPE_794-9196,Parque,Parque en serie,Zonal,17,1775,Lili,3.369209,-76.517913,7529,Adecuado,Alta,Sin amenaza,Sin amenaza,No,5150,Zona 5,0.28,Sí,No,0,0,LASKIN JARDIN PLAZA,871,Bomberos Estacion X11,3177,10.0,"https://www.google.com/maps/@?api=1&map_action=pano&viewpoint=3.36920906513394,-76.5179128712289"
EPE_795-9197,Parque,Parque en serie,Local,17,1775,Lili,3.369026,-76.515212,3275,Adecuado,Alta,Sin amenaza,Sin amenaza,No,4860,Zona 5,0.28,Sí,No,0,0,LASKIN JARDIN PLAZA,1168,Bomberos Estacion X11,3464,10.0,"https://www.google.com/maps/@?api=1&map_action=pano&viewpoint=3.36902597122949,-76.515212105061"
EPE_796-9198,Parque,Parque damero,Local,17,1774,Caney,3.387194,-76.515839,937,Medio,Alta,Sin amenaza,Sin amenaza,No,4932,Zona 5,0.28,Sí,No,0,0,REHABILITAMOS SEDE CANEY,243,Bomberos Estacion X10,2456,10.0,"https://www.google.com/maps/@?api=1&map_action=pano&viewpoint=3.38719433346634,-76.5158387857536"
EPE_797-9199,Parque,Parque con colindancia,Local,17,1703,Ciudadela Comfandi,3.3845,-76.521116,940,Medio,Media,Sin amenaza,Sin amenaza,No,5459,Zona 5,0.28,Sí,No,0,0,LINA MARIA RENDON RICO,200,Bomberos Estacion X11,2640,10.0,"https://www.google.com/maps/@?api=1&map_action=pano&viewpoint=3.38449995635317,-76.5211164158952"
EPE_798-9200,Parque,Parque con colindancia,Local,17,1703,Ciudadela Comfandi,3.385742,-76.522183,727,Medio,Alta,Sin amenaza,Sin amenaza,No,5596,Zona 5,0.28,Sí,No,0,0,LINA MARIA RENDON RICO,236,Bomberos Estacion X11,2555,10.0,"https://www.google.com/maps/@?api=1&map_action=pano&viewpoint=3.3857423775503,-76.5221826347361"
EPE_799-9201,Zona verde,No aplica,Local,17,1703,Ciudadela Comfandi,3.383258,-76.520747,538,Regular,Media,Sin amenaza,Sin amenaza,No,5402,Zona 5,0.28,Sí,No,0,0,LINA MARIA RENDON RICO,224,Bomberos Estacion X11,2657,10.0,"https://www.google.com/maps/@?api=1&map_action=pano&viewpoint=3.38325789803689,-76.5207472410534"
EPE_80-8489,Parque,Parque en serie,Local,03,0301,El Nacional,3.443211,-76.545355,1086,Adecuado,Alta,Sin amenaza,Sin amenaza,No,7608,Zona 3,0.35,No,No,10,2,E.S.E. RED DE SALUD DE LADERA EMPRESA SOCIAL DEL ESTADO HOSPITAL CAÑAVERALEJO,335,Bomberos Estacion X2,1215,25.5,"https://www.google.com/maps/@?api=1&map_action=pano&viewpoint=3.44321111024734,-76.5453545948943"
EPE_800-9202,Parque,Parque con colindancia,Local,17,1703,Ciudadela Comfandi,3.387393,-76.520558,1008,Medio,Media,Sin amenaza,Sin amenaza,No,5450,Zona 5,0.28,Sí,No,0,0,LINA MARIA RENDON RICO,477,Bomberos Estacion X4,2618,10.0,"https://www.google.com/maps/@?api=1&map_action=pano&viewpoint=3.38739272830065,-76.5205578700037"
EPE_801-9203,Parque,Parque con colindancia,Local,17,1703,Ciudadela Comfandi,3.386385,-76.520711,733,Medio,Media,Sin amenaza,Sin amenaza,No,5446,Zona 5,0.28,Sí,No,0,0,LINA MARIA RENDON RICO,374,Bomberos Estacion X4,2732,10.0,"https://www.google.com/maps/@?api=1&map_action=pano&viewpoint=3.38638483907984,-76.5207114638942"
EPE_802-9204,Parque,Parque con colindancia,Local,17,1703,Ciudadela Comfandi,3.386408,-76.521627,759,Medio,Media,Sin amenaza,Sin amenaza,No,5547,Zona 5,0.28,Sí,No,0,0,LINA MARIA RENDON RICO,326,Bomberos Estacion X11,2634,10.0,"https://www.google.com/maps/@?api=1&map_action=pano&viewpoint=3.38640806922053,-76.5216271052171"
EPE_803-9205,Zona verde,No aplica,Local,17,1703,Ciudadela Comfandi,3.384967,-76.52237,450,Regular,Media,Sin amenaza,Sin amenaza,No,5604,Zona 5,0.28,Sí,No,0,0,LINA MARIA RENDON RICO,147,Bomberos Estacion X11,2515,10.0,"https://www.google.com/maps/@?api=1&map_action=pano&viewpoint=3.38496689424464,-76.5223697700428"
EPE_804-9206,Parque,Parque con colindancia,Local,17,1703,Ciudadela Comfandi,3.385982,-76.523228,680,Adecuado,Media,Sin amenaza,Sin amenaza,No,5714,Zona 4D,0.28,No,No,0,0,LINA MARIA RENDON RICO,261,Bomberos Estacion X11,2451,10.0,"https://www.google.com/maps/@?api=1&map_action=pano&viewpoint=3.38598192514425,-76.5232283884226"
EPE_805-9207,Parque,Parque de borde,Zonal,17,1794,Prados del Limonar,3.38731,-76.526866,29879,Adecuado,Alta,Sin amenaza,Sin amenaza,No,6137,Zona 4D,0.28,No,No,0,0,LINA MARIA RENDON RICO,611,Bomberos Estacion X11,2118,10.0,"https://www.google.com/maps/@?api=1&map_action=pano&viewpoint=3.38730998304585,-76.5268664524818"
EPE_806-9208,Plaza,Plaza de estancia,Local,17,1794,Prados del Limonar,3.387319,-76.532079,2690,Medio,Alta,Sin amenaza,Sin amenaza,No,6708,,,No,No,0,0,GIOVANNA CAROLINE SANCHEZ ERASO,333,Bomberos Estacion X11,1601,10.0,"https://www.google.com/maps/@?api=1&map_action=pano&viewpoint=3.38731891904521,-76.5320791421516"
EPE_807-9209,Zona verde,No aplica,Zonal,17,1794,Prados del Limonar,3.387466,-76.53016,13285,Medio,Alta,Sin amenaza,Sin amenaza,No,6500,Zona 4D,0.28,No,No,0,0,GIOVANNA CAROLINE SANCHEZ ERASO,435,Bomberos Estacion X11,1795,10.0,"https://www.google.com/maps/@?api=1&map_action=pano&viewpoint=3.38746626399121,-76.5301602189467"
EPE_808-9210,Parque,Parque de borde,Zonal,17,1774,Caney,3.389446,-76.521961,30583,Adecuado,Alta,Sin amenaza,Sin amenaza,No,5649,Zona 5,0.28,Sí,No,0,0,LINA MARIA RENDON RICO,645,Bomberos Estacion X4,2417,10.0,"https://www.google.com/maps/@?api=1&map_action=pano&viewpoint=3.38944611099935,-76.5219610473489"
EPE_809-9211,Parque,Parque de borde,Zonal,17,1780,El Ingenio,3.384115,-76.535877,34223,Adecuado,Alta,Sin amenaza,Sin amenaza,No,7082,,,No,No,0,0,CLINICA DE ESTETICA SPLENDOR DE GLORIA JARAMILLO,364,Bomberos Estacion X11,1060,10.0,"https://www.google.com/maps/@?api=1&map_action=pano&viewpoint=3.38411472672359,-76.5358770135323"
EPE_81-8490,Parque,Parque irregular,Zonal,03,0304,San Cayetano,3.442925,-76.53737,5829,Adecuado,Alta,Sin amenaza,Sin amenaza,No,6734,Zona 2,0.35,No,No,6,2,SOPORTE ATENCION Y RESCATE SAS,234,Bomberos Estacion X2,769,25.5,"https://www.google.com/maps/@?api=1&map_action=pano&viewpoint=3.44292454451998,-76.5373704539173"
EPE_810-9212,Parque,Parque de borde,Zonal,17,1780,El Ingenio,3.386606,-76.533038,8865,Regular,Alta,Sin amenaza,Sin amenaza,No,6802,Zona 4D,0.28,No,No,0,0,GIOVANNA CAROLINE SANCHEZ ERASO,256,Bomberos Estacion X11,1469,10.0,"https://www.google.com/maps/@?api=1&map_action=pano&viewpoint=3.38660618873705,-76.5330382436912"
EPE_811-9213,Parque,Parque de borde,Zonal,17,1780,El Ingenio,3.386059,-76.532359,13980,Optimo,Alta,Sin amenaza,Sin amenaza,No,6719,Zona 4D,0.28,No,No,0,0,GIOVANNA CAROLINE SANCHEZ ERASO,190,Bomberos Estacion X11,1506,10.0,"https://www.google.com/maps/@?api=1&map_action=pano&viewpoint=3.38605852636328,-76.5323585412774"
EPE_812-9214,Parque,Parque de borde,Urbano,17,1780,El Ingenio,3.386599,-76.530344,52284,Optimo,Alta,Sin amenaza,Sin amenaza,No,6506,Zona 4D,0.28,No,No,0,0,GIOVANNA CAROLINE SANCHEZ ERASO,349,Bomberos Estacion X11,1733,10.0,"https://www.google.com/maps/@?api=1&map_action=pano&viewpoint=3.38659927277874,-76.5303435292061"
EPE_813-9215,Zona verde,No aplica,Zonal,17,1774,Caney,3.389297,-76.518351,38829,Medio,Alta,Sin amenaza,Sin amenaza,No,5256,Zona 5,0.28,Sí,No,0,0,REHABILITAMOS SEDE CANEY,508,Bomberos Estacion X4,2389,10.0,"https://www.google.com/maps/@?api=1&map_action=pano&viewpoint=3.38929742216632,-76.5183508150729"
EPE_814-9216,Zona verde,No aplica,Zonal,17,1780,El Ingenio,3.386517,-76.527356,17172,Medio,Alta,Sin amenaza,Sin amenaza,No,6176,,,No,No,0,0,LINA MARIA RENDON RICO,603,Bomberos Estacion X11,2035,10.0,"https://www.google.com/maps/@?api=1&map_action=pano&viewpoint=3.38651718031736,-76.5273559529622"
EPE_815-9217,Parque,Parque en serie,Zonal,17,1775,Lili,3.373827,-76.515228,10554,Medio,Alta,Sin amenaza,Sin amenaza,No,4781,Zona 5,0.28,Sí,No,0,0,MG MEDICAL GROUP SAS,825,Bomberos Estacion X11,3314,10.0,"https://www.google.com/maps/@?api=1&map_action=pano&viewpoint=3.37382722896034,-76.5152280112983"
EPE_816-9218,Parque,Parque en serie,Zonal,17,1774,Caney,3.380276,-76.517496,6513,Medio,Alta,Sin amenaza,Sin amenaza,No,5016,Zona 5,0.28,Sí,No,0,0,REHABILITAMOS SEDE CANEY,549,Bomberos Estacion X11,2993,10.0,"https://www.google.com/maps/@?api=1&map_action=pano&viewpoint=3.38027576745796,-76.5174955793852"
EPE_817-9219,Parque,Parque con colindancia,Zonal,17,1778,Santa Anita - La Selva,3.40161,-76.538913,7373,Adecuado,Alta,Sin amenaza,Sin amenaza,No,7835,Zona 4C,0.4,No,No,3,1,LUZ DAISY COBO RODRIGUEZ,160,Bomberos Estacion X5,2444,10.0,"https://www.google.com/maps/@?api=1&map_action=pano&viewpoint=3.40160964728753,-76.5389133650617"
EPE_818-9220,Parque,Parque con colindancia,Zonal,17,1789,El Gran Limonar - Cataya,3.401403,-76.539027,10649,Adecuado,Alta,Sin amenaza,Sin amenaza,No,7840,Zona 4C,0.4,No,No,3,1,SERVIMEDIC QUIRON S.A.S.,179,Bomberos Estacion X5,2451,10.0,"https://www.google.com/maps/@?api=1&map_action=pano&viewpoint=3.40140341753325,-76.5390266420831"
EPE_819-9221,Parque,Parque irregular,Zonal,17,1788,Bosques del Limonar,3.402777,-76.532949,23362,Adecuado,Alta,Sin amenaza,Sin amenaza,No,7191,Zona 4D,0.28,No,No,0,0,AMBULANCIAS EMERTRAUMA,351,Bomberos Estacion X4,1905,10.0,"https://www.google.com/maps/@?api=1&map_action=pano&viewpoint=3.40277738709373,-76.5329490493365"
EPE_82-8491,Zona verde,No aplica,Local,02,0217,Ciudad de Los Alamos,3.485406,-76.507454,1938,Adecuado,Alta,Sin amenaza,Sin amenaza,No,2341,Zona 4B,0.28,No,No,1,0,PUESTO DE SALUD CALIMA,617,Bomberos Estacion X8,937,37.0,"https://www.google.com/maps/@?api=1&map_action=pano&viewpoint=3.48540561131325,-76.5074538832723"
EPE_820-9222,Parque,Parque con colindancia,Local,17,1787,El Limonar,3.402991,-76.529467,2504,Regular,Alta,Sin amenaza,Sin amenaza,No,6804,Zona 4D,0.28,No,No,0,0,AMBULANCIAS EMERTRAUMA,643,Bomberos Estacion X4,1560,10.0,"https://www.google.com/maps/@?api=1&map_action=pano&viewpoint=3.40299131416185,-76.5294672707603"
EPE_821-9223,Parque,Parque con colindancia,Zonal,17,1787,El Limonar,3.400772,-76.529945,28406,Adecuado,Alta,Sin amenaza,Sin amenaza,No,6861,Zona 4D,0.28,No,No,0,0,AMBULANCIAS EMERTRAUMA,503,Bomberos Estacion X4,1750,10.0,"https://www.google.com/maps/@?api=1&map_action=pano&viewpoint=3.40077166746463,-76.5299454606467"
EPE_822-9224,Parque,Parque en serie,Local,17,1796,Urbanización San Joaquin,3.376051,-76.52861,3992,Adecuado,Alta,Sin amenaza,Sin amenaza,No,6247,Zona 4D,0.28,No,No,0,0,FUNDACION VALLE DEL LILI,581,Bomberos Estacion X11,1810,10.0,"https://www.google.com/maps/@?api=1&map_action=pano&viewpoint=3.37605052811235,-76.5286095550139"
EPE_823-9225,Parque,Parque irregular,Zonal,17,1774,Caney,3.380517,-76.520824,5296,Adecuado,Alta,Sin amenaza,Sin amenaza,No,5386,Zona 5,0.28,Sí,No,0,0,MG MEDICAL GROUP SAS,356,Bomberos Estacion X11,2624,10.0,"https://www.google.com/maps/@?api=1&map_action=pano&viewpoint=3.38051748780457,-76.5208243166289"
EPE_824-9226,Zona verde,No aplica,Local,17,1787,El Limonar,3.404179,-76.527636,1107,Regular,Alta,Sin amenaza,Sin amenaza,No,6602,Zona 4D,0.28,No,No,0,0,AMBULANCIAS S.P.I S.A.S,839,Bomberos Estacion X4,1318,10.0,"https://www.google.com/maps/@?api=1&map_action=pano&viewpoint=3.40417853628746,-76.5276364979594"
EPE_825-9227,Parque,Parque en serie,Local,17,1790,El Gran Limonar,3.400486,-76.543356,1047,Medio,Alta,Sin amenaza,Sin amenaza,No,8266,Zona 4C,0.4,No,No,6,3,IPS FICADES SAS,170,Bomberos Estacion X5,2211,10.0,"https://www.google.com/maps/@?api=1&map_action=pano&viewpoint=3.40048563589757,-76.5433560795207"
EPE_826-9228,Parque,Parque en serie,Local,17,1790,El Gran Limonar,3.400056,-76.543317,1347,Medio,Alta,Sin amenaza,Sin amenaza,No,8247,Zona 4C,0.4,No,No,6,3,IPS FICADES SAS,217,Bomberos Estacion X11,2243,10.0,"https://www.google.com/maps/@?api=1&map_action=pano&viewpoint=3.40005638626309,-76.5433170448453"
EPE_827-9229,Parque,Parque en serie,Local,17,1790,El Gran Limonar,3.399266,-76.543361,1171,Regular,Alta,Sin amenaza,Sin amenaza,No,8226,Zona 4C,0.4,No,No,5,3,MEDICINA DOMICILIARIA DE COLOMBIA SAS AGENCIA CALI,181,Bomberos Estacion X11,2155,10.0,"https://www.google.com/maps/@?api=1&map_action=pano&viewpoint=3.39926641271121,-76.5433606809452"
EPE_828-9230,Parque,Parque en serie,Local,17,1790,El Gran Limonar,3.398665,-76.543333,1712,Adecuado,Alta,Sin amenaza,Sin amenaza,No,8204,Zona 4C,0.4,No,No,6,3,MEDICINA DOMICILIARIA DE COLOMBIA SAS AGENCIA CALI,140,Bomberos Estacion X11,2088,10.0,"https://www.google.com/maps/@?api=1&map_action=pano&viewpoint=3.3986651223705,-76.5433327392741"
EPE_829-9231,Parque,Parque en serie,Local,17,1790,El Gran Limonar,3.39772,-76.544511,3177,Adecuado,Alta,Sin amenaza,Sin amenaza,No,8302,Zona 4D,0.28,No,No,12,6,MEDICINA DOMICILIARIA DE COLOMBIA SAS AGENCIA CALI,34,Bomberos Estacion X11,1980,10.0,"https://www.google.com/maps/@?api=1&map_action=pano&viewpoint=3.3977202326996,-76.5445112773365"
EPE_83-8492,Parque,Parque en serie,Local,02,0219,Brisas de Los Alamos,3.493868,-76.502106,1387,Adecuado,Alta,Sin amenaza,Sin amenaza,No,1303,Zona 6,0.25,Sí,No,0,0,PUESTO DE SALUD CALIMA,1016,Bomberos Estacion X8,1367,37.0,"https://www.google.com/maps/@?api=1&map_action=pano&viewpoint=3.49386796028988,-76.5021064357288"
EPE_830-9232,Parque,Parque en serie,Local,17,1790,El Gran Limonar,3.397215,-76.544497,2165,Regular,Alta,Sin amenaza,Sin amenaza,No,8286,Zona 4D,0.28,No,No,12,6,MEDICINA DOMICILIARIA DE COLOMBIA SAS AGENCIA CALI,89,Bomberos Estacion X11,1924,10.0,"https://www.google.com/maps/@?api=1&map_action=pano&viewpoint=3.39721533155591,-76.5444968115897"
EPE_831-9233,Parque,Parque en serie,Local,17,1790,El Gran Limonar,3.400219,-76.545323,3657,Regular,Alta,Sin amenaza,Sin amenaza,No,8466,Zona 4C,0.4,No,No,10,5,Alfonso Bautista Lora,108,Bomberos Estacion X5,2116,10.0,"https://www.google.com/maps/@?api=1&map_action=pano&viewpoint=3.40021927592854,-76.5453227815734"
EPE_832-9234,Parque,Parque en serie,Local,17,1790,El Gran Limonar,3.399825,-76.545288,1540,Regular,Alta,Sin amenaza,Sin amenaza,No,8449,Zona 4C,0.4,No,No,14,7,Alfonso Bautista Lora,69,Bomberos Estacion X5,2156,10.0,"https://www.google.com/maps/@?api=1&map_action=pano&viewpoint=3.39982502683787,-76.545288472113"
EPE_833-9235,Parque,Parque en serie,Local,17,1790,El Gran Limonar,3.398525,-76.545295,1668,Regular,Alta,Sin amenaza,Sin amenaza,No,8410,Zona 4C,0.4,No,No,13,6,Alfonso Bautista Lora,93,Bomberos Estacion X11,2071,10.0,"https://www.google.com/maps/@?api=1&map_action=pano&viewpoint=3.39852460373912,-76.5452950261123"
EPE_834-9236,Parque,Parque con colindancia,Zonal,17,1785,Los Portales - Nuevo Rey,3.392941,-76.540315,8903,Regular,Baja,Sin amenaza,Sin amenaza,No,7722,Zona 4D,0.28,No,No,1,0,juan miguel mera seidel,160,Bomberos Estacion X11,1519,10.0,"https://www.google.com/maps/@?api=1&map_action=pano&viewpoint=3.39294082513613,-76.5403146187148"
EPE_835-9237,Parque,Parque con colindancia,Local,17,1789,El Gran Limonar - Cataya,3.397756,-76.539174,2477,Adecuado,Baja,Sin amenaza,Sin amenaza,No,7733,Zona 4D,0.28,No,No,4,1,ANA LUCIA ARBELAEZ RIVERA,144,Bomberos Estacion X11,2068,10.0,"https://www.google.com/maps/@?api=1&map_action=pano&viewpoint=3.39775601856351,-76.5391744933261"
EPE_836-9238,Parque,Parque en serie,Zonal,17,1781,Mayapan - Las Vegas,3.384944,-76.540884,16213,Optimo,Baja,Sin amenaza,Sin amenaza,No,7644,Zona 4D,0.28,No,No,0,0,emilse medina manrrique,199,Bomberos Estacion X11,685,10.0,"https://www.google.com/maps/@?api=1&map_action=pano&viewpoint=3.38494353976675,-76.5408843901503"
EPE_837-9239,Parque,Parque en serie,Zonal,17,1781,Mayapan - Las Vegas,3.385189,-76.542581,12120,Optimo,Baja,Sin amenaza,Sin amenaza,No,7834,Zona 4D,0.28,No,No,0,0,emilse medina manrrique,243,Bomberos Estacion X11,622,10.0,"https://www.google.com/maps/@?api=1&map_action=pano&viewpoint=3.38518940033189,-76.5425814227528"
EPE_838-9240,Parque,Parque en serie,Zonal,17,1794,Prados del Limonar,3.388845,-76.529499,8083,Medio,Alta,Sin amenaza,Sin amenaza,No,6455,Zona 4D,0.28,No,No,0,0,GIOVANNA CAROLINE SANCHEZ ERASO,603,Bomberos Estacion X11,1934,10.0,"https://www.google.com/maps/@?api=1&map_action=pano&viewpoint=3.38884482729298,-76.5294990897786"
EPE_839-9241,Parque,Parque en serie,Local,17,1794,Prados del Limonar,3.388562,-76.530597,4862,Adecuado,Alta,Sin amenaza,Sin amenaza,No,6569,Zona 4D,0.28,No,No,0,0,GIOVANNA CAROLINE SANCHEZ ERASO,515,Bomberos Estacion X11,1814,10.0,"https://www.google.com/maps/@?api=1&map_action=pano&viewpoint=3.38856152646778,-76.530597342765"
EPE_84-8493,Parque,Parque en serie,Local,02,0219,Brisas de Los Alamos,3.493599,-76.502326,1114,Adecuado,Alta,Sin amenaza,Sin amenaza,No,1339,Zona 6,0.25,Sí,No,0,0,PUESTO DE SALUD CALIMA,987,Bomberos Estacion X8,1336,37.0,"https://www.google.com/maps/@?api=1&map_action=pano&viewpoint=3.49359940655104,-76.5023262782467"
EPE_840-9242,Parque,Parque con colindancia,Local,17,1796,Urbanización San Joaquin,3.379243,-76.528321,3777,Adecuado,Alta,Sin amenaza,Sin amenaza,No,6213,Zona 4D,0.28,No,No,0,0,GIOVANNA CAROLINE SANCHEZ ERASO,737,Bomberos Estacion X11,1792,10.0,"https://www.google.com/maps/@?api=1&map_action=pano&viewpoint=3.37924303403305,-76.5283214432951"
EPE_841-9243,Parque,Parque con colindancia,Local,17,1796,Urbanización San Joaquin,3.379197,-76.527317,3236,Adecuado,Alta,Sin amenaza,Sin amenaza,No,6101,Zona 4D,0.28,No,No,0,0,MG MEDICAL GROUP SAS,651,Bomberos Estacion X11,1904,10.0,"https://www.google.com/maps/@?api=1&map_action=pano&viewpoint=3.37919699963637,-76.5273165801723"
EPE_842-9244,Parque,Parque en serie,Local,17,1780,El Ingenio,3.382026,-76.527956,2175,Adecuado,Alta,Sin amenaza,Sin amenaza,No,6187,Zona 4D,0.28,No,No,0,0,GIOVANNA CAROLINE SANCHEZ ERASO,572,Bomberos Estacion X11,1846,10.0,"https://www.google.com/maps/@?api=1&map_action=pano&viewpoint=3.38202606648566,-76.5279560631865"
EPE_843-9245,Parque,Parque en serie,Local,17,1780,El Ingenio,3.381456,-76.527227,4821,Medio,Alta,Sin amenaza,Sin amenaza,No,6102,Zona 4D,0.28,No,No,0,0,LINA MARIA RENDON RICO,558,Bomberos Estacion X11,1920,10.0,"https://www.google.com/maps/@?api=1&map_action=pano&viewpoint=3.38145567656977,-76.5272270065778"
EPE_844-9246,Parque,Parque en serie,Zonal,17,1775,Lili,3.377793,-76.521309,7716,Medio,Alta,Sin amenaza,Sin amenaza,No,5433,Zona 4D,0.28,No,No,0,0,MG MEDICAL GROUP SAS,60,Bomberos Estacion X11,2580,10.0,"https://www.google.com/maps/@?api=1&map_action=pano&viewpoint=3.37779340546239,-76.5213094507962"
EPE_845-9247,Parque,Parque en serie,Zonal,17,1775,Lili,3.377789,-76.522699,6138,Adecuado,Alta,Sin amenaza,Sin amenaza,No,5587,Zona 4D,0.28,No,No,0,0,MG MEDICAL GROUP SAS,116,Bomberos Estacion X11,2426,10.0,"https://www.google.com/maps/@?api=1&map_action=pano&viewpoint=3.37778881148387,-76.5226989867775"
EPE_846-9248,Parque,Parque en serie,Local,17,1775,Lili,3.377046,-76.523417,2624,Medio,Alta,Sin amenaza,Sin amenaza,No,5668,Zona 4D,0.28,No,No,0,0,MG MEDICAL GROUP SAS,194,Bomberos Estacion X11,2357,10.0,"https://www.google.com/maps/@?api=1&map_action=pano&viewpoint=3.37704581389445,-76.5234170872017"
EPE_847-9249,Parque,Parque en serie,Local,17,1775,Lili,3.375964,-76.523408,3526,Medio,Alta,Sin amenaza,Sin amenaza,No,5670,Zona 4D,0.28,No,No,0,0,MG MEDICAL GROUP SAS,249,Bomberos Estacion X11,2377,10.0,"https://www.google.com/maps/@?api=1&map_action=pano&viewpoint=3.37596377394931,-76.5234080942248"
EPE_848-9250,Parque,Parque en serie,Zonal,17,1775,Lili,3.36997,-76.520628,6307,Adecuado,Alta,Sin amenaza,Sin amenaza,No,5432,Zona 4D,0.28,No,No,0,0,LASKIN JARDIN PLAZA,558,Bomberos Estacion X11,2867,10.0,"https://www.google.com/maps/@?api=1&map_action=pano&viewpoint=3.36997046438129,-76.5206281582562"
EPE_849-9251,Parque,Parque en serie,Local,17,1775,Lili,3.370189,-76.51752,3593,Malo,Alta,Sin amenaza,Sin amenaza,No,5088,Zona 5,0.28,Sí,No,0,0,LASKIN JARDIN PLAZA,896,Bomberos Estacion X11,3179,10.0,"https://www.google.com/maps/@?api=1&map_action=pano&viewpoint=3.37018943366661,-76.5175200488321"
EPE_85-8494,Parque,Parque con colindancia,Local,01,0102,Vista Hermosa,3.455291,-76.577313,1567,Optimo,Alta,Sin amenaza,Sin amenaza,No,10686,Zona 2,0.35,No,No,22,0,Casa Hogar de Proteccion Fundacion Amor y Fe,815,Bomberos Estacion X6,2522,29.0,"https://www.google.com/maps/@?api=1&map_action=pano&viewpoint=3.45529141439343,-76.5773128247684"
EPE_850-9252,Parque,Parque en serie,Zonal,17,1775,Lili,3.374147,-76.52228,7262,Medio,Alta,Sin amenaza,Sin amenaza,No,5557,Zona 4D,0.28,No,No,0,0,MG MEDICAL GROUP SAS,372,Bomberos Estacion X11,2543,10.0,"https://www.google.com/maps/@?api=1&map_action=pano&viewpoint=3.37414735310651,-76.522280053544"
EPE_851-9253,Parque,Parque en serie,Zonal,17,1775,Lili,3.371994,-76.522281,7317,Adecuado,Alta,Sin amenaza,Sin amenaza,No,5581,Zona 4D,0.28,No,No,0,0,LASKIN JARDIN PLAZA,377,Bomberos Estacion X11,2614,10.0,"https://www.google.com/maps/@?api=1&map_action=pano&viewpoint=3.37199411773706,-76.5222813496402"
EPE_852-9254,Parque,Parque en serie,Local,17,1775,Lili,3.374632,-76.51753,3559,Medio,Alta,Sin amenaza,Sin amenaza,No,5028,Zona 5,0.28,Sí,No,0,0,MG MEDICAL GROUP SAS,560,Bomberos Estacion X11,3046,10.0,"https://www.google.com/maps/@?api=1&map_action=pano&viewpoint=3.37463218180529,-76.5175295267989"
EPE_853-9255,Parque,Parque en serie,Local,17,1775,Lili,3.373549,-76.517519,2625,Regular,Alta,Sin amenaza,Sin amenaza,No,5037,Zona 5,0.28,Sí,No,0,0,MG MEDICAL GROUP SAS,636,Bomberos Estacion X11,3072,10.0,"https://www.google.com/maps/@?api=1&map_action=pano&viewpoint=3.37354918343461,-76.5175194591718"
EPE_854-9256,Parque,Parque en serie,Local,17,1775,Lili,3.372612,-76.517511,2797,Regular,Alta,Sin amenaza,Sin amenaza,No,5047,Zona 5,0.28,Sí,No,0,0,MG MEDICAL GROUP SAS,712,Bomberos Estacion X11,3099,10.0,"https://www.google.com/maps/@?api=1&map_action=pano&viewpoint=3.37261151936458,-76.5175113143165"
EPE_855-9257,Parque,Parque en serie,Local,17,1775,Lili,3.371515,-76.51752,3608,Regular,Alta,Sin amenaza,Sin amenaza,No,5064,Zona 5,0.28,Sí,No,0,0,MG MEDICAL GROUP SAS,807,Bomberos Estacion X11,3132,10.0,"https://www.google.com/maps/@?api=1&map_action=pano&viewpoint=3.3715153430432,-76.5175200892687"
EPE_856-9258,Parque,Parque en serie,Zonal,17,1775,Lili,3.378029,-76.517917,11687,Medio,Alta,Sin amenaza,Sin amenaza,No,5056,Zona 5,0.28,Sí,No,0,0,MG MEDICAL GROUP SAS,427,Bomberos Estacion X11,2953,10.0,"https://www.google.com/maps/@?api=1&map_action=pano&viewpoint=3.37802883232825,-76.5179169975383"
EPE_857-9259,Parque,Parque en serie,Zonal,17,1775,Lili,3.377794,-76.519584,6935,Adecuado,Alta,Sin amenaza,Sin amenaza,No,5241,Zona 5,0.28,Sí,No,0,0,MG MEDICAL GROUP SAS,240,Bomberos Estacion X11,2771,10.0,"https://www.google.com/maps/@?api=1&map_action=pano&viewpoint=3.37779397409057,-76.5195837416042"
EPE_858-9260,Parque,Parque en serie,Zonal,17,1775,Lili,3.376639,-76.520437,11820,Medio,Alta,Sin amenaza,Sin amenaza,No,5338,Zona 4D,0.28,No,No,0,0,MG MEDICAL GROUP SAS,168,Bomberos Estacion X11,2691,10.0,"https://www.google.com/maps/@?api=1&map_action=pano&viewpoint=3.37663871911964,-76.5204365859095"
EPE_859-9261,Parque,Parque en serie,Local,17,1775,Lili,3.377044,-76.51752,2514,Regular,Alta,Sin amenaza,Sin amenaza,No,5013,Zona 5,0.28,Sí,No,0,0,MG MEDICAL GROUP SAS,468,Bomberos Estacion X11,3007,10.0,"https://www.google.com/maps/@?api=1&map_action=pano&viewpoint=3.37704377078699,-76.5175197906569"
EPE_86-8495,Parque,Parque irregular,Local,01,0102,Vista Hermosa,3.455838,-76.577538,4094,Optimo,Alta,Sin amenaza,Sin amenaza,No,10680,Zona 1,0.22,No,No,22,0,Casa Hogar de Proteccion Fundacion Amor y Fe,769,Bomberos Estacion X6,2533,29.0,"https://www.google.com/maps/@?api=1&map_action=pano&viewpoint=3.45583820004755,-76.5775378284041"
EPE_860-9262,Parque,Parque en serie,Local,17,1775,Lili,3.375957,-76.517521,3529,Regular,Alta,Sin amenaza,Sin amenaza,No,5018,Zona 5,0.28,Sí,No,0,0,MG MEDICAL GROUP SAS,494,Bomberos Estacion X11,3022,10.0,"https://www.google.com/maps/@?api=1&map_action=pano&viewpoint=3.37595706468454,-76.5175211928629"
EPE_861-9263,Parque,Parque en serie,Local,17,1775,Lili,3.370184,-76.522284,3941,Regular,Alta,Sin amenaza,Sin amenaza,No,5609,Zona 4D,0.28,No,No,0,0,LASKIN JARDIN PLAZA,374,Bomberos Estacion X11,2688,10.0,"https://www.google.com/maps/@?api=1&map_action=pano&viewpoint=3.37018360909163,-76.5222844422172"
EPE_862-9264,Parque,Parque en serie,Zonal,17,1775,Lili,3.368781,-76.522271,5277,Adecuado,Alta,Sin amenaza,Sin amenaza,No,5634,Zona 4D,0.28,No,No,0,0,LASKIN JARDIN PLAZA,442,Bomberos Estacion X11,2756,10.0,"https://www.google.com/maps/@?api=1&map_action=pano&viewpoint=3.36878060840289,-76.5222710777963"
EPE_863-9265,Parque,Parque con colindancia,Zonal,17,1786,Cañaverales - Los Samanes,3.400925,-76.526709,6370,Optimo,Alta,Sin amenaza,Sin amenaza,No,6502,Zona 4D,0.28,No,No,0,0,AMBULANCIAS EMERTRAUMA,861,Bomberos Estacion X4,1478,10.0,"https://www.google.com/maps/@?api=1&map_action=pano&viewpoint=3.40092469239431,-76.5267091133789"
EPE_864-9266,Parque,Parque con colindancia,Local,17,1786,Cañaverales - Los Samanes,3.399547,-76.526735,3274,Adecuado,Alta,Sin amenaza,Sin amenaza,No,6483,Zona 4D,0.28,No,No,0,0,AMBULANCIAS EMERTRAUMA,853,Bomberos Estacion X4,1596,10.0,"https://www.google.com/maps/@?api=1&map_action=pano&viewpoint=3.39954696883299,-76.5267351066801"
EPE_865-9267,Parque,Parque en serie,Local,17,1775,Lili,3.367598,-76.515213,3940,Medio,Alta,Sin amenaza,Sin amenaza,No,4896,Zona 5,0.28,Sí,No,0,0,LASKIN JARDIN PLAZA,1209,Bomberos Estacion X11,3523,10.0,"https://www.google.com/maps/@?api=1&map_action=pano&viewpoint=3.36759817071935,-76.515213318994"
EPE_866-9268,Parque,Parque en serie,Local,17,1775,Lili,3.366429,-76.515219,3241,Regular,Alta,Sin amenaza,Sin amenaza,No,4929,Zona 5,0.28,Sí,No,0,0,LASKIN JARDIN PLAZA,1255,Bomberos Estacion X11,3575,10.0,"https://www.google.com/maps/@?api=1&map_action=pano&viewpoint=3.36642909223234,-76.5152187851536"
EPE_867-9269,Parque,Parque en serie,Local,17,1775,Lili,3.365307,-76.51522,3249,Regular,Alta,Sin amenaza,Sin amenaza,No,4963,Zona 4D,0.28,No,No,0,0,LASKIN JARDIN PLAZA,1311,Bomberos Estacion X11,3629,10.0,"https://www.google.com/maps/@?api=1&map_action=pano&viewpoint=3.36530738044601,-76.5152199016622"
EPE_868-9270,Parque,Parque en serie,Zonal,17,1775,Lili,3.367388,-76.517948,9589,Adecuado,Alta,Sin amenaza,Sin amenaza,No,5196,Zona 4D,0.28,No,No,0,0,LASKIN JARDIN PLAZA,936,Bomberos Estacion X11,3255,10.0,"https://www.google.com/maps/@?api=1&map_action=pano&viewpoint=3.36738768017905,-76.5179484481991"
EPE_869-9271,Parque,Parque en serie,Zonal,17,1775,Lili,3.367223,-76.519683,6850,Adecuado,Alta,Sin amenaza,Sin amenaza,No,5388,Zona 4D,0.28,No,No,0,0,LASKIN JARDIN PLAZA,777,Bomberos Estacion X11,3091,10.0,"https://www.google.com/maps/@?api=1&map_action=pano&viewpoint=3.36722331913588,-76.51968264626"
EPE_87-8496,Parque,Parque damero,Zonal,01,0101,Terron Colorado,3.45314,-76.553578,8902,Medio,Alta,Sin amenaza,Sin amenaza,No,8421,Zona 1,0.22,No,No,3,0,LASKIN TIENDA DERMATOLOGICA OESTE,505,Bomberos Estacion X6,829,29.0,"https://www.google.com/maps/@?api=1&map_action=pano&viewpoint=3.45314031372199,-76.553578454331"
EPE_870-9272,Parque,Parque en serie,Local,17,1775,Lili,3.366426,-76.517514,3531,Medio,Alta,Sin amenaza,Sin amenaza,No,5175,Zona 4D,0.28,No,No,0,0,LASKIN JARDIN PLAZA,1028,Bomberos Estacion X11,3345,10.0,"https://www.google.com/maps/@?api=1&map_action=pano&viewpoint=3.36642598139135,-76.5175143395645"
EPE_871-9273,Parque,Parque en serie,Local,17,1775,Lili,3.36529,-76.51752,3253,Medio,Alta,Sin amenaza,Sin amenaza,No,5209,Zona 4D,0.28,No,No,0,0,LASKIN JARDIN PLAZA,1096,Bomberos Estacion X11,3403,10.0,"https://www.google.com/maps/@?api=1&map_action=pano&viewpoint=3.36529007941078,-76.517520232889"
EPE_872-9274,Parque,Parque en serie,Local,17,1775,Lili,3.374911,-76.515209,1656,Regular,Alta,Sin amenaza,Sin amenaza,No,4768,Zona 5,0.28,Sí,No,0,0,MG MEDICAL GROUP SAS,775,Bomberos Estacion X11,3293,10.0,"https://www.google.com/maps/@?api=1&map_action=pano&viewpoint=3.37491143012308,-76.5152089240587"
EPE_873-9275,Parque,Parque en serie,Local,17,1775,Lili,3.372575,-76.51521,2336,Regular,Alta,Sin amenaza,Sin amenaza,No,4794,Zona 5,0.28,Sí,No,0,0,MG MEDICAL GROUP SAS,903,Bomberos Estacion X11,3347,10.0,"https://www.google.com/maps/@?api=1&map_action=pano&viewpoint=3.37257486669357,-76.5152102588412"
EPE_874-9276,Parque,Parque en serie,Local,17,1775,Lili,3.371539,-76.51522,3747,Medio,Alta,Sin amenaza,Sin amenaza,No,4811,Zona 5,0.28,Sí,No,0,0,MG MEDICAL GROUP SAS,975,Bomberos Estacion X11,3376,10.0,"https://www.google.com/maps/@?api=1&map_action=pano&viewpoint=3.3715385397203,-76.5152197341845"
EPE_875-9277,Parque,Parque con colindancia,Local,17,1786,Cañaverales - Los Samanes,3.403479,-76.525302,4295,Adecuado,Alta,Sin amenaza,Sin amenaza,No,6342,Zona 4D,0.28,No,No,0,0,AMBULANCIAS S.P.I S.A.S,720,Bomberos Estacion X4,1165,10.0,"https://www.google.com/maps/@?api=1&map_action=pano&viewpoint=3.40347891821866,-76.5253017624273"
EPE_876-9278,Parque,Parque en serie,Zonal,17,1786,Cañaverales - Los Samanes,3.404183,-76.523966,6066,Adecuado,Alta,Sin amenaza,Sin amenaza,No,6194,Zona 4D,0.28,No,No,0,0,AMBULANCIAS S.P.I S.A.S,578,Bomberos Estacion X4,1005,10.0,"https://www.google.com/maps/@?api=1&map_action=pano&viewpoint=3.40418252515429,-76.5239657560544"
EPE_877-9279,Parque,Parque en serie,Local,17,1774,Caney,3.388711,-76.520338,1897,Medio,Alta,Sin amenaza,Sin amenaza,No,5456,Zona 5,0.28,Sí,No,0,0,REHABILITAMOS SEDE CANEY,583,Bomberos Estacion X4,2470,10.0,"https://www.google.com/maps/@?api=1&map_action=pano&viewpoint=3.38871088558294,-76.52033786912"
EPE_878-9280,Parque,Parque en serie,Local,17,1774,Caney,3.388719,-76.52118,3136,Medio,Alta,Sin amenaza,Sin amenaza,No,5547,Zona 5,0.28,Sí,No,0,0,LINA MARIA RENDON RICO,585,Bomberos Estacion X4,2481,10.0,"https://www.google.com/maps/@?api=1&map_action=pano&viewpoint=3.3887187896428,-76.5211801185018"
EPE_879-9281,Parque,Parque en serie,Local,17,1774,Caney,3.388732,-76.522202,3095,Medio,Alta,Sin amenaza,Sin amenaza,No,5658,Zona 4D,0.28,No,No,0,0,LINA MARIA RENDON RICO,563,Bomberos Estacion X4,2500,10.0,"https://www.google.com/maps/@?api=1&map_action=pano&viewpoint=3.38873220398844,-76.5222020753309"
EPE_88-8497,Zona verde,No aplica,Local,02,0204,Normandia,3.454464,-76.545756,531,Insuficiente,Alta,Sin amenaza,Sin amenaza,No,7543,,,No,No,13,0,FURINKAZAN OESTE,369,Bomberos Estacion X6,1239,37.0,"https://www.google.com/maps/@?api=1&map_action=pano&viewpoint=3.45446350470047,-76.5457563349366"
EPE_880-9282,Parque,Parque con colindancia,Local,17,1703,Ciudadela Comfandi,3.382621,-76.521696,658,Regular,Media,Sin amenaza,Sin amenaza,No,5499,Zona 5,0.28,Sí,No,0,0,LINA MARIA RENDON RICO,165,Bomberos Estacion X11,2544,10.0,"https://www.google.com/maps/@?api=1&map_action=pano&viewpoint=3.3826210957733,-76.5216962234355"
EPE_881-9283,Parque,Parque en serie,Local,17,1790,El Gran Limonar,3.399042,-76.545334,840,Regular,Alta,Sin amenaza,Sin amenaza,No,8430,Zona 4C,0.4,No,No,14,7,Alfonso Bautista Lora,42,Bomberos Estacion X11,2129,10.0,"https://www.google.com/maps/@?api=1&map_action=pano&viewpoint=3.39904209933583,-76.5453343698079"
EPE_882-9284,Parque,Parque con colindancia,Local,18,1811,Lourdes,3.390693,-76.554676,1805,Adecuado,Alta,Sin amenaza,Sin amenaza,No,9244,Zona 3,0.35,No,No,0,0,Sede Prados de sur,457,Bomberos Estacion X11,1650,4.0,"https://www.google.com/maps/@?api=1&map_action=pano&viewpoint=3.3906927612859,-76.5546761722233"
EPE_883-9285,Parque,Parque damero,Local,18,1801,Buenos Aires,3.393221,-76.547911,2296,Adecuado,Alta,Sin amenaza,Sin amenaza,No,8554,Zona 4D,0.28,No,No,9,3,ANGIOGRAFIA DE OCCIDENTE S.A.-IPS CAPITOLIO,406,Bomberos Estacion X11,1528,4.0,"https://www.google.com/maps/@?api=1&map_action=pano&viewpoint=3.39322076551002,-76.5479114758192"
EPE_884-9286,Parque,Parque en serie,Local,19,1994,Pampa Linda,3.40647,-76.554415,3778,Adecuado,Alta,Sin amenaza,Sin amenaza,No,9580,Zona 3,0.35,No,No,0,0,JULIAN ALONSO CORONEL ARROYO,179,Bomberos Estacion X5,1130,170.0,"https://www.google.com/maps/@?api=1&map_action=pano&viewpoint=3.40646950333601,-76.5544148943225"
EPE_885-9287,Zona verde,No aplica,Local,19,1995,Sector Cañaveralejo Guadalupe,3.406505,-76.556894,4624,Insuficiente,Alta,Sin amenaza,Sin amenaza,No,9855,,,No,No,0,0,JULIAN ALONSO CORONEL ARROYO,430,Bomberos Estacion X5,1143,170.0,"https://www.google.com/maps/@?api=1&map_action=pano&viewpoint=3.4065052407934,-76.5568942036317"
EPE_886-9288,Zona verde,No aplica,Local,19,1995,Sector Cañaveralejo Guadalupe,3.406333,-76.556363,3809,Medio,Alta,Sin amenaza,Sin amenaza,No,9795,,,No,No,0,0,JULIAN ALONSO CORONEL ARROYO,379,Bomberos Estacion X5,1153,170.0,"https://www.google.com/maps/@?api=1&map_action=pano&viewpoint=3.40633273358086,-76.5563629876511"
EPE_887-9289,Zona verde,No aplica,Local,19,1995,Sector Cañaveralejo Guadalupe,3.407276,-76.556493,858,Regular,Alta,Sin amenaza,Sin amenaza,No,9814,Zona 1,0.22,No,No,0,0,JULIAN ALONSO CORONEL ARROYO,372,Bomberos Estacion X5,1051,170.0,"https://www.google.com/maps/@?api=1&map_action=pano&viewpoint=3.40727608626992,-76.5564933718862"
EPE_888-9290,Zona verde,No aplica,Local,19,1995,Sector Cañaveralejo Guadalupe,3.407704,-76.556465,797,Medio,Alta,Sin amenaza,Sin amenaza,No,9809,Zona 1,0.22,No,No,0,0,JULIAN ALONSO CORONEL ARROYO,370,Bomberos Estacion X5,1004,170.0,"https://www.google.com/maps/@?api=1&map_action=pano&viewpoint=3.40770398665001,-76.5564645571725"
EPE_889-9291,Parque,Parque con colindancia,Local,18,1898,Alto Nápoles,3.38794,-76.552839,1838,Regular,Alta,Sin amenaza,Sin amenaza,No,9000,Zona 2,0.35,No,No,0,0,Sede Prados de sur,178,Bomberos Estacion X11,1289,4.0,"https://www.google.com/maps/@?api=1&map_action=pano&viewpoint=3.38794047001384,-76.5528391405199"
EPE_89-8498,Zona verde,No aplica,Zonal,01,0199,Aguacatal,3.456174,-76.550745,9102,Insuficiente,Alta,Sin amenaza,Sin amenaza,No,8082,Zona 1,0.22,No,No,7,0,FURINKAZAN OESTE,502,Bomberos Estacion X6,683,29.0,"https://www.google.com/maps/@?api=1&map_action=pano&viewpoint=3.45617358621778,-76.5507453731255"
EPE_890-9292,Parque,Parque con colindancia,Zonal,18,1898,Alto Nápoles,3.387842,-76.552143,7088,Regular,Alta,Sin amenaza,Sin amenaza,No,8922,Zona 4D,0.28,No,No,0,0,UCI DUMIAN LOS CHORROS,196,Bomberos Estacion X11,1227,4.0,"https://www.google.com/maps/@?api=1&map_action=pano&viewpoint=3.38784226803183,-76.5521427987543"
EPE_891-9293,Zona verde,No aplica,Local,18,1890,Sector Alto de los Chorros,3.394604,-76.560358,541,Insuficiente,Alta,Sin amenaza,Sin amenaza,No,9939,Zona 1,0.22,No,No,0,0,E.S.E. HOSPITAL DEPARTAMENTAL MARIO CORREA RENGIFO,932,Bomberos Estacion X11,2405,4.0,"https://www.google.com/maps/@?api=1&map_action=pano&viewpoint=3.39460444597308,-76.5603581963799"
EPE_892-9294,Zona verde,No aplica,Local,18,1801,Buenos Aires,3.392512,-76.550604,693,Adecuado,Alta,Sin amenaza,Sin amenaza,No,8832,Zona 4D,0.28,No,No,2,0,E.S.E. HOSPITAL GERIATRICO ANCIANATO SAN MIGUEL,170,Bomberos Estacion X11,1558,4.0,"https://www.google.com/maps/@?api=1&map_action=pano&viewpoint=3.39251225754428,-76.550604302687"
EPE_893-9295,Zona verde,No aplica,Local,18,1813,Alférez Real,3.391805,-76.546138,1750,Adecuado,Alta,Sin amenaza,Sin amenaza,No,8331,Zona 4D,0.28,No,No,2,0,ANGIOGRAFIA DE OCCIDENTE S.A.-IPS CAPITOLIO,501,Bomberos Estacion X11,1335,4.0,"https://www.google.com/maps/@?api=1&map_action=pano&viewpoint=3.39180454832572,-76.546138491225"
EPE_894-9296,Zona verde,No aplica,Local,18,1813,Alférez Real,3.389464,-76.545571,1409,Medio,Alta,Sin amenaza,Sin amenaza,No,8225,Zona 4D,0.28,No,No,1,0,E.S.E. HOSPITAL DEPARTAMENTAL PSIQUIATRICO UNIVERSITARIO DEL VALLE,410,Bomberos Estacion X11,1069,4.0,"https://www.google.com/maps/@?api=1&map_action=pano&viewpoint=3.38946363311599,-76.5455710241761"
EPE_895-9297,Zona verde,No aplica,Local,18,1816,Cuarteles de Nápoles,3.379186,-76.554619,363,Insuficiente,Alta,Sin amenaza,Sin amenaza,No,9131,Zona 2,0.35,No,No,1,0,Sede Prados de sur,837,Bomberos Estacion X11,1131,4.0,"https://www.google.com/maps/@?api=1&map_action=pano&viewpoint=3.3791855080546,-76.5546186503634"
EPE_896-9298,Zona verde,No aplica,Zonal,18,1897,Sector Alto Jordán,3.378839,-76.554997,7351,Regular,Alta,Sin amenaza,Sin amenaza,No,9173,Zona 2,0.35,No,No,1,0,Sede Prados de sur,881,Bomberos Estacion X11,1177,4.0,"https://www.google.com/maps/@?api=1&map_action=pano&viewpoint=3.3788387219354,-76.5549965929252"
EPE_897-9299,Parque,Parque con colindancia,Local,18,1809,Horizontes,3.375746,-76.548786,2285,Adecuado,Alta,Sin amenaza,Sin amenaza,No,8487,Zona 2,0.35,No,No,1,0,TANIA PATRICIA GOMEZ BENAVIDEZ,173,Bomberos Estacion X11,668,4.0,"https://www.google.com/maps/@?api=1&map_action=pano&viewpoint=3.37574555582764,-76.548785727608"
EPE_898-9300,Parque,Parque con colindancia,Local,18,1813,Alférez Real,3.391019,-76.547278,1214,Medio,Alta,Sin amenaza,Sin amenaza,No,8440,Zona 4D,0.28,No,No,2,0,UCI DUMIAN LOS CHORROS,542,Bomberos Estacion X11,1274,4.0,"https://www.google.com/maps/@?api=1&map_action=pano&viewpoint=3.3910191812426,-76.5472775973274"
EPE_899-9301,Parque,Parque con colindancia,Local,18,1801,Buenos Aires,3.393239,-76.549586,1193,Regular,Alta,Sin amenaza,Sin amenaza,No,8737,Zona 4D,0.28,No,No,8,2,E.S.E. HOSPITAL GERIATRICO ANCIANATO SAN MIGUEL,236,Bomberos Estacion X11,1587,4.0,"https://www.google.com/maps/@?api=1&map_action=pano&viewpoint=3.39323895293546,-76.5495859431406"
EPE_90-8499,Zona verde,No aplica,Zonal,01,0101,Terron Colorado,3.455519,-76.549712,6858,Insuficiente,Alta,Sin amenaza,Sin amenaza,No,7972,Zona 1,0.22,No,No,7,0,FURINKAZAN OESTE,383,Bomberos Estacion X6,816,29.0,"https://www.google.com/maps/@?api=1&map_action=pano&viewpoint=3.45551900856217,-76.5497117380495"
EPE_900-9302,Parque,Parque con colindancia,Local,18,1813,Alférez Real,3.390865,-76.548597,1288,Regular,Alta,Sin amenaza,Sin amenaza,No,8581,Zona 4D,0.28,No,No,2,0,UCI DUMIAN LOS CHORROS,445,Bomberos Estacion X11,1301,4.0,"https://www.google.com/maps/@?api=1&map_action=pano&viewpoint=3.39086472392366,-76.548596674615"
EPE_901-9303,Parque,Parque irregular,Zonal,19,1922,Camino Real - Joaquin Borrero Sinisterra,3.407507,-76.543612,5853,Medio,Alta,Sin amenaza,Sin amenaza,No,8387,Zona 4C,0.4,No,No,2,0,Juan Carlos Posada Gaviria,541,Bomberos Estacion X5,1620,170.0,"https://www.google.com/maps/@?api=1&map_action=pano&viewpoint=3.40750741339362,-76.5436117578509"
EPE_902-9304,Parque,Parque en serie,Local,19,1988,Cañaveralejo - Seguros Patria,3.402325,-76.542841,2629,Medio,Alta,Sin amenaza,Sin amenaza,No,8274,Zona 4C,0.4,No,No,4,1,IPS FICADES SAS,84,Bomberos Estacion X5,2085,170.0,"https://www.google.com/maps/@?api=1&map_action=pano&viewpoint=3.40232460886083,-76.5428405572358"
EPE_903-9305,Zona verde,No aplica,Local,19,1916,Los Cámbulos,3.419425,-76.541685,1437,Medio,Alta,Sin amenaza,Sin amenaza,No,7801,Zona 4C,0.4,No,No,26,2,ASOCIACION PROBIENESTAR DE LA FAMILIA COLOMBIANA PROFAMILIA - CAMBULOS,94,Cruz Roja San Fernando,933,170.0,"https://www.google.com/maps/@?api=1&map_action=pano&viewpoint=3.41942480434304,-76.5416850719838"
EPE_904-9306,Zona verde,No aplica,Local,19,1916,Los Cámbulos,3.41941,-76.542044,3348,Adecuado,Alta,Sin amenaza,Sin amenaza,No,7839,Zona 4C,0.4,No,No,25,2,CLINICA DE FRACTURAS DE CALI S.A.S,108,Cruz Roja San Fernando,920,170.0,"https://www.google.com/maps/@?api=1&map_action=pano&viewpoint=3.41941042081507,-76.5420436817686"
EPE_905-9307,Parque,Parque irregular,Local,19,1909,Bellavista,3.444546,-76.553298,570,Regular,Alta,Sin amenaza,Sin amenaza,No,8469,Zona 2,0.35,No,No,13,0,LASKIN TIENDA DERMATOLOGICA OESTE,939,Bomberos Estacion X6,1778,170.0,"https://www.google.com/maps/@?api=1&map_action=pano&viewpoint=3.4445463867502,-76.5532976537555"
EPE_906-9308,Zona verde,No aplica,Local,19,1902,La Cascada,3.399059,-76.552738,3209,Regular,Alta,Sin amenaza,Sin amenaza,No,9222,Zona 4D,0.28,No,No,2,0,E.S.E. HOSPITAL GERIATRICO ANCIANATO SAN MIGUEL,618,Bomberos Estacion X5,1968,170.0,"https://www.google.com/maps/@?api=1&map_action=pano&viewpoint=3.3990594370147,-76.5527378937138"
EPE_907-9309,Parque,Parque con colindancia,Local,19,1923,Camino Real - Los Fundadores,3.407351,-76.540546,1792,Medio,Alta,Sin amenaza,Sin amenaza,No,8046,Zona 4C,0.4,No,No,0,0,ATENCION MEDICA & PREHOSPITALARIA DEL VALLE SAS,330,Bomberos Estacion X5,1907,170.0,"https://www.google.com/maps/@?api=1&map_action=pano&viewpoint=3.40735075279996,-76.5405456744109"
EPE_908-9310,Zona verde,No aplica,Local,19,1984,Unidad Residencial Santiago de Cali,3.415389,-76.545231,790,Regular,Alta,Sin amenaza,Sin amenaza,No,8328,Zona 4C,0.4,No,No,16,2,DIANA PATRICIA ARBELAEZ FLOREZ,220,Bomberos Estacion X5,1094,170.0,"https://www.google.com/maps/@?api=1&map_action=pano&viewpoint=3.41538868864753,-76.5452306508486"
EPE_909-9311,Parque,Parque irregular,Local,19,1910,San Fernando Viejo,3.436021,-76.546713,1734,Adecuado,Alta,Sin amenaza,Sin amenaza,No,7878,Zona 2,0.35,No,No,5,3,CORPUS Y ROSTRUM,100,Cruz Roja San Fernando,1002,170.0,"https://www.google.com/maps/@?api=1&map_action=pano&viewpoint=3.43602133399889,-76.5467133155306"
EPE_91-8500,Parque,Parque irregular,Local,01,0101,Terron Colorado,3.455003,-76.556773,291,Insuficiente,Alta,Sin amenaza,Sin amenaza,No,8747,Zona 2,0.35,No,No,9,0,LASKIN TIENDA DERMATOLOGICA OESTE,907,Bomberos Estacion X6,628,29.0,"https://www.google.com/maps/@?api=1&map_action=pano&viewpoint=3.45500273110466,-76.556772875119"
EPE_910-9312,Zona verde,No aplica,Local,18,1813,Alférez Real,3.389577,-76.550102,1347,Medio,Alta,Sin amenaza,Sin amenaza,No,8724,Zona 4D,0.28,No,No,0,0,UCI DUMIAN LOS CHORROS,255,Bomberos Estacion X11,1244,4.0,"https://www.google.com/maps/@?api=1&map_action=pano&viewpoint=3.3895765122476,-76.5501019626193"
EPE_911-9313,Parque,Parque con colindancia,Local,18,1896,Sector Meléndez,3.372629,-76.548704,1226,Malo,Alta,Sin amenaza,Sin amenaza,No,8495,Zona 2,0.35,No,No,0,0,TANIA PATRICIA GOMEZ BENAVIDEZ,411,Bomberos Estacion X11,938,4.0,"https://www.google.com/maps/@?api=1&map_action=pano&viewpoint=3.37262912678125,-76.5487041274415"
EPE_912-9314,Parque,Parque con colindancia,Local,19,1901,El Refugio,3.39529,-76.555599,3799,Regular,Alta,Sin amenaza,Sin amenaza,No,9436,Zona 3,0.35,No,No,0,0,E.S.E. HOSPITAL GERIATRICO ANCIANATO SAN MIGUEL,473,Bomberos Estacion X11,2110,170.0,"https://www.google.com/maps/@?api=1&map_action=pano&viewpoint=3.39528999451751,-76.5555991532435"
EPE_913-9315,Parque,Parque con colindancia,Zonal,18,1898,Alto Nápoles,3.386323,-76.551227,15014,Adecuado,Alta,Sin amenaza,Sin amenaza,No,8802,Zona 2,0.35,No,No,0,0,UCI DUMIAN LOS CHORROS,140,Bomberos Estacion X11,1036,4.0,"https://www.google.com/maps/@?api=1&map_action=pano&viewpoint=3.3863226060762,-76.5512269352105"
EPE_914-9316,Zona verde,No aplica,Local,19,1983,Tejares - Cristales,3.435573,-76.550536,599,Insuficiente,Alta,Sin amenaza,Sin amenaza,No,8304,Zona 1,0.22,No,No,1,1,CORPUS Y ROSTRUM,527,Cruz Roja San Fernando,1127,170.0,"https://www.google.com/maps/@?api=1&map_action=pano&viewpoint=3.43557318140596,-76.5505364531611"
EPE_915-9317,Zona verde,No aplica,Local,19,1983,Tejares - Cristales,3.436229,-76.549694,2433,Insuficiente,Alta,Sin amenaza,Sin amenaza,No,8198,Zona 1,0.22,No,No,2,1,CORPUS Y ROSTRUM,428,Cruz Roja San Fernando,1140,170.0,"https://www.google.com/maps/@?api=1&map_action=pano&viewpoint=3.43622909166306,-76.5496938760066"
EPE_916-9318,Zona verde,No aplica,Local,19,1983,Tejares - Cristales,3.435462,-76.550033,998,Regular,Alta,Sin amenaza,Sin amenaza,No,8251,Zona 1,0.22,No,No,1,1,CORPUS Y ROSTRUM,474,Cruz Roja San Fernando,1086,170.0,"https://www.google.com/maps/@?api=1&map_action=pano&viewpoint=3.43546240259465,-76.5500332161696"
EPE_917-9319,Parque,Parque con colindancia,Local,19,1918,Urbanización Militar,3.411404,-76.540843,4864,Adecuado,Alta,Sin amenaza,Sin amenaza,No,8062,Zona 4C,0.4,No,No,14,1,Juan Carlos Posada Gaviria,176,Bomberos Estacion X5,1675,170.0,"https://www.google.com/maps/@?api=1&map_action=pano&viewpoint=3.41140350128939,-76.5408433755435"
EPE_918-9320,Zona verde,No aplica,Zonal,18,1891,Polvorines,3.372211,-76.553166,5655,Regular,Alta,Sin amenaza,Sin amenaza,No,8992,Zona 2,0.35,No,No,0,0,TANIA PATRICIA GOMEZ BENAVIDEZ,782,Bomberos Estacion X11,1292,4.0,"https://www.google.com/maps/@?api=1&map_action=pano&viewpoint=3.37221076550898,-76.553166172121"
EPE_919-9321,Zona verde,No aplica,Local,18,1891,Polvorines,3.371275,-76.55251,4732,Medio,Alta,Sin amenaza,Sin amenaza,No,8928,Zona 2,0.35,No,No,0,0,TANIA PATRICIA GOMEZ BENAVIDEZ,788,Bomberos Estacion X11,1313,4.0,"https://www.google.com/maps/@?api=1&map_action=pano&viewpoint=3.3712746004396,-76.5525101759182"
EPE_92-8501,Parque,Parque irregular,Local,01,0101,Terron Colorado,3.454737,-76.556686,193,Insuficiente,Alta,Sin amenaza,Sin amenaza,No,8750,Zona 2,0.35,No,No,9,0,LASKIN TIENDA DERMATOLOGICA OESTE,888,Bomberos Estacion X6,654,29.0,"https://www.google.com/maps/@?api=1&map_action=pano&viewpoint=3.45473681708673,-76.5566863104071"
EPE_920-9322,Zona verde,No aplica,Local,18,1813,Alférez Real,3.390245,-76.548906,1658,Regular,Alta,Sin amenaza,Sin amenaza,No,8604,Zona 4D,0.28,No,No,1,0,UCI DUMIAN LOS CHORROS,369,Bomberos Estacion X11,1250,4.0,"https://www.google.com/maps/@?api=1&map_action=pano&viewpoint=3.39024519647547,-76.5489063478319"
EPE_921-9323,Zona verde,No aplica,Zonal,19,1909,Bellavista,3.442829,-76.553553,5964,Regular,Alta,Sin amenaza,Sin amenaza,No,8517,Zona 2,0.35,No,No,17,0,CARLOS EDUARDO ROJAS MARTINEZ,895,Bomberos Estacion X6,1965,170.0,"https://www.google.com/maps/@?api=1&map_action=pano&viewpoint=3.44282884776255,-76.5535527650363"
EPE_922-9324,Parque,Parque con colindancia,Local,19,1909,Bellavista,3.442664,-76.554159,979,Insuficiente,Alta,Sin amenaza,Sin amenaza,No,8586,Zona 2,0.35,No,No,11,0,CARLOS EDUARDO ROJAS MARTINEZ,953,Bomberos Estacion X6,1978,170.0,"https://www.google.com/maps/@?api=1&map_action=pano&viewpoint=3.44266427350995,-76.5541590842605"
EPE_923-9325,Parque,Parque damero,Zonal,18,1805,Los Farallones,3.392155,-76.552992,5856,Adecuado,Alta,Sin amenaza,Sin amenaza,No,9086,Zona 4D,0.28,No,No,0,0,E.S.E. HOSPITAL GERIATRICO ANCIANATO SAN MIGUEL,216,Bomberos Estacion X11,1658,4.0,"https://www.google.com/maps/@?api=1&map_action=pano&viewpoint=3.3921551181767,-76.5529918819596"
EPE_924-9326,Zona verde,No aplica,Local,18,1898,Alto Nápoles,3.389874,-76.553677,101,Insuficiente,Alta,Sin amenaza,Sin amenaza,No,9121,Zona 4D,0.28,No,No,0,0,Sede Prados de sur,357,Bomberos Estacion X11,1508,4.0,"https://www.google.com/maps/@?api=1&map_action=pano&viewpoint=3.38987438207875,-76.553677113186"
EPE_925-9327,Zona verde,No aplica,Local,19,1921,Nueva Tequendama,3.409512,-76.545508,575,Regular,Alta,Sin amenaza,Sin amenaza,No,8612,,,No,No,11,4,REMY IPS CALI,476,Bomberos Estacion X5,1317,170.0,"https://www.google.com/maps/@?api=1&map_action=pano&viewpoint=3.40951235792955,-76.5455075319057"
EPE_926-9328,Zona verde,No aplica,Local,19,1921,Nueva Tequendama,3.411734,-76.542881,809,Malo,Alta,Sin amenaza,Sin amenaza,No,8250,Zona 4C,0.4,No,No,15,1,Martha Cecilia Bermúdez Vallecilla,186,Bomberos Estacion X5,1451,170.0,"https://www.google.com/maps/@?api=1&map_action=pano&viewpoint=3.41173354744459,-76.5428811046044"
EPE_927-9329,Parque,Parque de borde,Local,18,1891,Polvorines,3.368226,-76.554811,1846,Adecuado,Alta,Sin amenaza,Sin amenaza,No,9216,,,No,No,0,0,TANIA PATRICIA GOMEZ BENAVIDEZ,1207,Bomberos Estacion X11,1735,4.0,"https://www.google.com/maps/@?api=1&map_action=pano&viewpoint=3.36822609632228,-76.5548107212776"
EPE_928-9330,Parque,Parque en serie,Local,19,1901,El Refugio,3.401193,-76.549352,3849,Adecuado,Alta,Sin amenaza,Sin amenaza,No,8925,Zona 4C,0.4,No,No,5,2,BIENESTAR UNIVERSATARIO UNIVERSIDAD SANTIAGO DE CALI SEDE PAMPALINDA,408,Bomberos Estacion X5,1826,170.0,"https://www.google.com/maps/@?api=1&map_action=pano&viewpoint=3.40119302139607,-76.5493520987739"
EPE_929-9331,Parque,Parque con colindancia,Zonal,19,1919,Cuarto de Legua - Guadalupe,3.408035,-76.55453,8655,Adecuado,Alta,Sin amenaza,Sin amenaza,No,9597,Zona 3,0.35,No,No,0,0,JULIAN ALONSO CORONEL ARROYO,167,Bomberos Estacion X5,955,170.0,"https://www.google.com/maps/@?api=1&map_action=pano&viewpoint=3.40803504076388,-76.5545299407557"
EPE_93-8502,Zona verde,No aplica,Local,01,0199,Aguacatal,3.458752,-76.561773,1994,Insuficiente,Alta,Sin amenaza,Sin amenaza,No,8991,Zona 1,0.22,No,No,7,0,LASKIN TIENDA DERMATOLOGICA OESTE,1588,Bomberos Estacion X6,755,29.0,"https://www.google.com/maps/@?api=1&map_action=pano&viewpoint=3.45875197021093,-76.5617729802966"
EPE_930-9332,Parque,Parque en serie,Zonal,19,1919,Cuarto de Legua - Guadalupe,3.407774,-76.551789,9361,Optimo,Alta,Sin amenaza,Sin amenaza,No,9295,Zona 4C,0.4,No,No,11,5,JULIAN ALONSO CORONEL ARROYO,154,Bomberos Estacion X5,1046,170.0,"https://www.google.com/maps/@?api=1&map_action=pano&viewpoint=3.40777429515319,-76.5517892946889"
EPE_931-9333,Parque,Parque con colindancia,Local,19,1994,Pampa Linda,3.40326,-76.549924,2685,Regular,Alta,Sin amenaza,Sin amenaza,No,9054,Zona 4C,0.4,No,No,10,5,BIENESTAR UNIVERSATARIO UNIVERSIDAD SANTIAGO DE CALI SEDE PAMPALINDA,330,Bomberos Estacion X5,1588,170.0,"https://www.google.com/maps/@?api=1&map_action=pano&viewpoint=3.40326035174363,-76.5499238898986"
EPE_932-9334,Parque,Parque en serie,Local,19,1902,La Cascada,3.401451,-76.550198,901,Regular,Media,Sin amenaza,Sin amenaza,No,9023,Zona 4C,0.4,No,No,5,2,BIENESTAR UNIVERSATARIO UNIVERSIDAD SANTIAGO DE CALI SEDE PAMPALINDA,454,Bomberos Estacion X5,1768,170.0,"https://www.google.com/maps/@?api=1&map_action=pano&viewpoint=3.40145082491347,-76.5501984469403"
EPE_933-9335,Parque,Parque con colindancia,Local,19,1901,El Refugio,3.400367,-76.548019,2918,Adecuado,Alta,Sin amenaza,Sin amenaza,No,8757,Zona 4C,0.4,No,No,12,5,Alfonso Bautista Lora,292,Bomberos Estacion X5,1966,170.0,"https://www.google.com/maps/@?api=1&map_action=pano&viewpoint=3.40036738853144,-76.5480187471229"
EPE_934-9336,Parque,Parque con colindancia,Zonal,19,1922,Camino Real - Joaquin Borrero Sinisterra,3.408698,-76.543461,5242,Medio,Alta,Sin amenaza,Sin amenaza,No,8379,Zona 4C,0.4,No,No,2,0,Juan Carlos Posada Gaviria,460,Bomberos Estacion X5,1555,170.0,"https://www.google.com/maps/@?api=1&map_action=pano&viewpoint=3.4086979212546,-76.5434609463576"
EPE_935-9337,Parque,Parque en serie,Local,19,1923,Camino Real - Los Fundadores,3.410636,-76.541125,1102,Insuficiente,Alta,Sin amenaza,Sin amenaza,No,8127,Zona 4C,0.4,No,No,15,1,Juan Carlos Posada Gaviria,165,Bomberos Estacion X5,1678,170.0,"https://www.google.com/maps/@?api=1&map_action=pano&viewpoint=3.41063583935808,-76.5411250763657"
EPE_936-9338,Parque,Parque en serie,Local,19,1988,Cañaveralejo - Seguros Patria,3.401715,-76.542763,1485,Regular,Alta,Sin amenaza,Sin amenaza,No,8245,Zona 4C,0.4,No,No,4,2,IPS FICADES SAS,90,Bomberos Estacion X5,2143,170.0,"https://www.google.com/maps/@?api=1&map_action=pano&viewpoint=3.40171453497855,-76.5427625169392"
EPE_937-9339,Zona verde,No aplica,Local,19,1909,Bellavista,3.447498,-76.555847,612,Insuficiente,Alta,Sin amenaza,Sin amenaza,No,8727,Zona 2,0.35,No,No,2,0,LASKIN TIENDA DERMATOLOGICA OESTE,888,Bomberos Estacion X6,1439,170.0,"https://www.google.com/maps/@?api=1&map_action=pano&viewpoint=3.44749766822786,-76.5558470259875"
EPE_938-9340,Zona verde,No aplica,Local,19,1917,El Mortiñal,3.44371,-76.549914,1149,Regular,Media,Sin amenaza,Sin amenaza,No,8105,Zona 1,0.22,No,No,22,0,CARLOS EDUARDO ROJAS MARTINEZ,600,Bomberos Estacion X2,1658,170.0,"https://www.google.com/maps/@?api=1&map_action=pano&viewpoint=3.4437103968467,-76.549914204322"
EPE_939-9341,Plazoleta,Plazoleta de enlace,Local,19,1916,Los Cámbulos,3.41599,-76.537218,670,Medio,Media,Sin amenaza,Sin amenaza,No,7482,Zona 4C,0.4,No,No,13,0,DAVITA CALI,117,Cruz Roja San Fernando,1505,170.0,"https://www.google.com/maps/@?api=1&map_action=pano&viewpoint=3.41598960682683,-76.537217587173"
EPE_94-8503,Zona verde,No aplica,Local,02,0206,Centenario,3.454503,-76.535499,345,Insuficiente,Alta,Sin amenaza,Sin amenaza,No,6410,,,No,No,3,0,CLINICA COLSANITAS S.A SEBASTIAN DEL BELALCAZAR,192,Gestion del Riesgo Oficina,456,37.0,"https://www.google.com/maps/@?api=1&map_action=pano&viewpoint=3.45450308333298,-76.5354993809667"
EPE_940-9342,Plazoleta,Plazoleta de enlace,Local,19,1918,Urbanización Militar,3.415789,-76.537295,762,Medio,Media,Sin amenaza,Sin amenaza,No,7499,Zona 4C,0.4,No,No,19,0,Susan Angelica Perez Sanchez,100,Cruz Roja San Fernando,1519,170.0,"https://www.google.com/maps/@?api=1&map_action=pano&viewpoint=3.41578929355096,-76.5372947166449"
EPE_941-9343,Parque,Parque en serie,Local,19,1918,Urbanización Militar,3.413362,-76.539332,1093,Adecuado,Alta,Sin amenaza,Sin amenaza,No,7816,Zona 4C,0.4,No,No,22,1,JUAN MIGUEL SANCHEZ COELLO,182,Cruz Roja San Fernando,1656,170.0,"https://www.google.com/maps/@?api=1&map_action=pano&viewpoint=3.41336195851172,-76.5393319417527"
EPE_942-9344,Zona verde,No aplica,Local,19,1988,Cañaveralejo - Seguros Patria,3.400709,-76.545391,746,Medio,Alta,Sin amenaza,Sin amenaza,No,8489,Zona 4C,0.4,No,No,8,5,Alfonso Bautista Lora,159,Bomberos Estacion X5,2066,170.0,"https://www.google.com/maps/@?api=1&map_action=pano&viewpoint=3.40070929522845,-76.5453913024945"
EPE_943-9345,Parque,Parque con colindancia,Local,18,1802,Caldas,3.395012,-76.548777,1585,Adecuado,Baja,Sin amenaza,Sin amenaza,No,8689,Zona 4D,0.28,No,No,10,3,ANGIOGRAFIA DE OCCIDENTE S.A.-IPS CAPITOLIO,343,Bomberos Estacion X11,1746,4.0,"https://www.google.com/maps/@?api=1&map_action=pano&viewpoint=3.39501174797206,-76.5487773157577"
EPE_944-9346,Zona verde,No aplica,Local,19,1983,Tejares - Cristales,3.43928,-76.547889,391,Insuficiente,Alta,Sin amenaza,Sin amenaza,No,7944,Zona 1,0.22,No,No,20,1,CARLOS EDUARDO ROJAS MARTINEZ,223,Bomberos Estacion X2,1250,170.0,"https://www.google.com/maps/@?api=1&map_action=pano&viewpoint=3.43927958072763,-76.5478887929875"
EPE_945-9347,Parque,Parque en serie,Zonal,19,1994,Pampa Linda,3.403217,-76.552291,15900,Optimo,Alta,Sin amenaza,Sin amenaza,No,9303,Zona 4C,0.4,No,No,3,1,JULIAN ALONSO CORONEL ARROYO,481,Bomberos Estacion X5,1520,170.0,"https://www.google.com/maps/@?api=1&map_action=pano&viewpoint=3.403216999435,-76.5522911806344"
EPE_946-9348,Plazoleta,Plazoleta de enlace,Local,19,1912,3 de Julio,3.436643,-76.538996,1887,Insuficiente,Media,Sin amenaza,Sin amenaza,No,7025,Zona 3,0.35,No,No,9,2,FUNDACION CENTRO TERAPEUTICO IMPRONTA IPS ROOSEVELT,118,Bomberos Estacion X2,220,170.0,"https://www.google.com/maps/@?api=1&map_action=pano&viewpoint=3.43664300807656,-76.5389957974924"
EPE_947-9349,Parque,Parque damero,Zonal,19,1910,San Fernando Viejo,3.435864,-76.545469,7201,Adecuado,Alta,Sin amenaza,Sin amenaza,No,7746,Zona 3,0.35,No,No,7,2,Lina Maria Triana Lloreda,55,Bomberos Estacion X2,927,170.0,"https://www.google.com/maps/@?api=1&map_action=pano&viewpoint=3.43586432821909,-76.5454687995931"
EPE_948-9350,Parque,Parque damero,Local,19,1910,San Fernando Viejo,3.435465,-76.541988,1148,Adecuado,Baja,Sin amenaza,Sin amenaza,No,7377,Zona 3,0.35,No,No,6,2,OPORTUNIDAD DE VIDA - SAN FERNANDO,172,Bomberos Estacion X2,544,170.0,"https://www.google.com/maps/@?api=1&map_action=pano&viewpoint=3.43546536673165,-76.5419876000303"
EPE_949-9351,Zona verde,No aplica,Local,19,1910,San Fernando Viejo,3.433082,-76.544155,1776,Medio,Baja,Sin amenaza,Sin amenaza,No,7672,Zona 3,0.35,No,No,8,3,JULIO CESAR PEREZ MARQUEZ,92,Cruz Roja San Fernando,655,170.0,"https://www.google.com/maps/@?api=1&map_action=pano&viewpoint=3.43308224336924,-76.5441546528958"
EPE_95-8504,Parque,Parque con colindancia,Local,02,0211,Prados del Norte,3.472664,-76.52284,1633,Adecuado,Alta,Sin amenaza,Sin amenaza,No,4560,Zona 4B,0.28,No,No,1,0,SANTANGEL CONSULTA EXTERNA,224,Bomberos Estacion X1,1458,37.0,"https://www.google.com/maps/@?api=1&map_action=pano&viewpoint=3.4726640201516,-76.5228397071119"
EPE_950-9352,Plaza,Plaza de encuentro,Local,19,1906,San Fernando Nuevo,3.431666,-76.542403,3709,Insuficiente,Alta,Sin amenaza,Sin amenaza,No,7524,Zona 3,0.35,No,No,14,5,AMPARO SANCHEZ CARDENAS,112,Cruz Roja San Fernando,560,170.0,"https://www.google.com/maps/@?api=1&map_action=pano&viewpoint=3.4316657873438,-76.5424029549503"
EPE_951-9353,Plazoleta,Plazoleta de enlace,Local,19,1906,San Fernando Nuevo,3.426974,-76.545324,1544,Regular,Alta,Sin amenaza,Sin amenaza,No,7952,Zona 4C,0.4,No,No,9,4,CRUZ ROJA COLOMBIANA SECCIONAL VALLE DEL CAUCA,27,Cruz Roja San Fernando,66,170.0,"https://www.google.com/maps/@?api=1&map_action=pano&viewpoint=3.42697398704763,-76.54532412995"
EPE_952-9354,Parque,Parque irregular,Local,19,1981,Sector Altos de Santa Isabel,3.430345,-76.552877,4499,Insuficiente,Alta,Sin amenaza,Sin amenaza,No,8685,Zona 1,0.22,No,No,10,0,LUZ MARINA MENESES BARANDICA,737,Cruz Roja San Fernando,963,170.0,"https://www.google.com/maps/@?api=1&map_action=pano&viewpoint=3.43034526938209,-76.5528771789431"
EPE_953-9355,Parque,Parque con colindancia,Local,19,1906,San Fernando Nuevo,3.426792,-76.545439,783,Regular,Alta,Sin amenaza,Sin amenaza,No,7969,Zona 4C,0.4,No,No,23,5,CRUZ ROJA COLOMBIANA SECCIONAL VALLE DEL CAUCA,49,Cruz Roja San Fernando,87,170.0,"https://www.google.com/maps/@?api=1&map_action=pano&viewpoint=3.42679168821778,-76.5454385889428"
EPE_954-9356,Parque,Parque damero,Local,19,1915,Urbanización Colseguros,3.431766,-76.52857,4380,Adecuado,Alta,Sin amenaza,Sin amenaza,No,6021,Zona 4A,0.33,No,No,5,0,ADRIANA SANTAMARIA GIRALDO,68,Bomberos Estacion X2,1060,170.0,"https://www.google.com/maps/@?api=1&map_action=pano&viewpoint=3.43176623933868,-76.5285703892889"
EPE_955-9357,Parque,Parque damero,Local,19,1915,Urbanización Colseguros,3.428369,-76.532901,4589,Adecuado,Alta,Sin amenaza,Sin amenaza,No,6576,Zona 4A,0.33,No,No,8,4,KAMEX FISIOTERAPIA,161,Bomberos Estacion X2,970,170.0,"https://www.google.com/maps/@?api=1&map_action=pano&viewpoint=3.42836942798852,-76.5329006877892"
EPE_956-9358,Parque,Parque con colindancia,Local,19,1982,Santa Bárbara,3.442245,-76.546737,1384,Insuficiente,Media,Sin amenaza,Sin amenaza,No,7774,Zona 2,0.35,No,No,22,1,CARLOS EDUARDO ROJAS MARTINEZ,265,Bomberos Estacion X2,1273,170.0,"https://www.google.com/maps/@?api=1&map_action=pano&viewpoint=3.44224517082655,-76.5467368598083"
EPE_957-9359,Zona verde,No aplica,Local,19,1983,Tejares - Cristales,3.440721,-76.547932,1696,Medio,Alta,Sin amenaza,Sin amenaza,No,7927,Zona 1,0.22,No,No,22,1,CARLOS EDUARDO ROJAS MARTINEZ,229,Bomberos Estacion X2,1310,170.0,"https://www.google.com/maps/@?api=1&map_action=pano&viewpoint=3.44072065579613,-76.5479316751501"
EPE_958-9360,Parque,Parque en serie,Local,19,1910,San Fernando Viejo,3.440373,-76.546141,1057,Regular,Alta,Sin amenaza,Sin amenaza,No,7735,Zona 2,0.35,No,No,12,2,CARLOS EDUARDO ROJAS MARTINEZ,47,Bomberos Estacion X2,1113,170.0,"https://www.google.com/maps/@?api=1&map_action=pano&viewpoint=3.44037300971439,-76.5461409401595"
EPE_959-9361,Zona verde,No aplica,Zonal,19,1981,Sector Altos de Santa Isabel,3.434144,-76.551015,13063,Regular,Alta,Sin amenaza,Sin amenaza,No,8387,Zona 1,0.22,No,No,0,0,Centro Medico Santuario,551,Cruz Roja San Fernando,1035,170.0,"https://www.google.com/maps/@?api=1&map_action=pano&viewpoint=3.43414431124033,-76.5510150531252"
EPE_96-8505,Parque,Parque en serie,Local,02,0211,Prados del Norte,3.474895,-76.522722,1582,Optimo,Alta,Sin amenaza,Sin amenaza,No,4392,Zona 4B,0.28,No,No,0,0,SANTANGEL CONSULTA EXTERNA,35,Bomberos Estacion X1,1698,37.0,"https://www.google.com/maps/@?api=1&map_action=pano&viewpoint=3.47489458818265,-76.5227219575059"
EPE_960-9362,Parque,Parque en serie,Local,19,1906,San Fernando Nuevo,3.424765,-76.544475,4161,Adecuado,Alta,Sin amenaza,Sin amenaza,No,7920,Zona 4C,0.4,No,No,51,9,Carlos Alberto Sejnaui Sejnaui,62,Cruz Roja San Fernando,275,170.0,"https://www.google.com/maps/@?api=1&map_action=pano&viewpoint=3.4247648618897,-76.5444748290268"
EPE_961-9363,Parque,Parque en serie,Local,19,1906,San Fernando Nuevo,3.425311,-76.542739,2795,Adecuado,Baja,Sin amenaza,Sin amenaza,No,7718,Zona 4C,0.4,No,No,32,4,OMAR FERNANDO VALDERRUTEN BUENO,68,Cruz Roja San Fernando,311,170.0,"https://www.google.com/maps/@?api=1&map_action=pano&viewpoint=3.42531114458571,-76.5427386367015"
EPE_962-9364,Zona verde,No aplica,Local,19,1908,Santa Isabel,3.426008,-76.550337,1054,Regular,Media,Sin amenaza,Sin amenaza,No,8519,Zona 1,0.22,No,No,40,5,LUZ MARINA MENESES BARANDICA,208,Cruz Roja San Fernando,631,170.0,"https://www.google.com/maps/@?api=1&map_action=pano&viewpoint=3.42600820098578,-76.5503369870556"
EPE_963-9365,Zona verde,No aplica,Local,19,1908,Santa Isabel,3.425307,-76.549357,283,Insuficiente,Media,Sin amenaza,Sin amenaza,No,8431,Zona 3,0.35,No,No,42,7,LUZ MARINA MENESES BARANDICA,184,Cruz Roja San Fernando,550,170.0,"https://www.google.com/maps/@?api=1&map_action=pano&viewpoint=3.42530704381981,-76.549356862919"
EPE_964-9366,Parque,Parque con colindancia,Local,19,1908,Santa Isabel,3.426069,-76.551659,120,Insuficiente,Media,Sin amenaza,Sin amenaza,No,8660,Zona 1,0.22,No,No,32,2,LUZ MARINA MENESES BARANDICA,248,Cruz Roja San Fernando,774,170.0,"https://www.google.com/maps/@?api=1&map_action=pano&viewpoint=3.42606930690149,-76.5516587747525"
EPE_965-9367,Plazoleta,Plazoleta de enlace,Local,19,1913,El Cedro,3.426553,-76.537486,1027,Regular,Media,Sin amenaza,Sin amenaza,No,7119,Zona 4C,0.4,No,No,20,4,CLINICA REY DAVID,158,Cruz Roja San Fernando,814,170.0,"https://www.google.com/maps/@?api=1&map_action=pano&viewpoint=3.42655261572198,-76.5374862605892"
EPE_966-9368,Parque,Parque con colindancia,Local,19,1916,Los Cámbulos,3.417812,-76.537639,4382,Adecuado,Alta,Sin amenaza,Sin amenaza,No,7446,Zona 4C,0.4,No,No,11,0,DAVITA CALI,207,Cruz Roja San Fernando,1313,170.0,"https://www.google.com/maps/@?api=1&map_action=pano&viewpoint=3.41781203674854,-76.5376393145521"
EPE_967-9369,Parque,Parque damero,Zonal,19,1904,Urbanización Tequendama,3.420875,-76.545332,6637,Adecuado,Alta,Sin amenaza,Sin amenaza,No,8133,Zona 4C,0.4,No,No,47,9,NAYIBEL STELLA JACOME MANOSALVA,46,Cruz Roja San Fernando,708,170.0,"https://www.google.com/maps/@?api=1&map_action=pano&viewpoint=3.42087538870584,-76.5453316316579"
EPE_968-9370,Parque,Parque en serie,Local,19,1905,Eucaristico,3.425213,-76.542016,845,Adecuado,Baja,Sin amenaza,Sin amenaza,No,7644,Zona 4C,0.4,No,No,31,3,OMAR FERNANDO VALDERRUTEN BUENO,38,Cruz Roja San Fernando,380,170.0,"https://www.google.com/maps/@?api=1&map_action=pano&viewpoint=3.42521273314629,-76.5420164692749"
EPE_969-9371,Parque,Parque en serie,Local,19,1905,Eucaristico,3.426018,-76.540289,1063,Adecuado,Baja,Sin amenaza,Sin amenaza,No,7435,Zona 4C,0.4,No,No,20,2,IPS ESPECIALIZADA SAN FERNANDO,158,Cruz Roja San Fernando,517,170.0,"https://www.google.com/maps/@?api=1&map_action=pano&viewpoint=3.426018001557,-76.5402894527934"
EPE_97-8506,Parque,Parque en serie,Local,02,0211,Prados del Norte,3.47429,-76.522674,1773,Optimo,Alta,Sin amenaza,Sin amenaza,No,4430,Zona 4B,0.28,No,No,0,0,SANTANGEL CONSULTA EXTERNA,53,Bomberos Estacion X1,1635,37.0,"https://www.google.com/maps/@?api=1&map_action=pano&viewpoint=3.474289705693,-76.5226744739462"
EPE_970-9372,Zona verde,No aplica,Local,19,1905,Eucaristico,3.425013,-76.541149,260,Malo,Media,Sin amenaza,Sin amenaza,No,7557,Zona 4C,0.4,No,No,31,3,OMAR FERNANDO VALDERRUTEN BUENO,121,Cruz Roja San Fernando,473,170.0,"https://www.google.com/maps/@?api=1&map_action=pano&viewpoint=3.42501330978564,-76.5411492265741"
EPE_971-9373,Parque,Parque en serie,Local,19,1905,Eucaristico,3.425491,-76.540441,148,Regular,Media,Sin amenaza,Sin amenaza,No,7467,Zona 4C,0.4,No,No,23,2,IPS ESPECIALIZADA SAN FERNANDO,163,Cruz Roja San Fernando,519,170.0,"https://www.google.com/maps/@?api=1&map_action=pano&viewpoint=3.42549084672288,-76.5404414535561"
EPE_972-9374,Parque,Parque con colindancia,Local,19,1994,Pampa Linda,3.40694,-76.55472,245,Regular,Media,Sin amenaza,Sin amenaza,No,9616,Zona 3,0.35,No,No,0,0,JULIAN ALONSO CORONEL ARROYO,184,Bomberos Estacion X5,1076,170.0,"https://www.google.com/maps/@?api=1&map_action=pano&viewpoint=3.40694008942934,-76.5547201898175"
EPE_973-9375,Plazoleta,Plazoleta de enlace,Local,19,1994,Pampa Linda,3.406209,-76.55505,166,Insuficiente,Media,Sin amenaza,Sin amenaza,No,9649,Zona 3,0.35,No,No,1,0,JULIAN ALONSO CORONEL ARROYO,253,Bomberos Estacion X5,1157,170.0,"https://www.google.com/maps/@?api=1&map_action=pano&viewpoint=3.40620862284894,-76.5550498561254"
EPE_974-9376,Parque,Parque con colindancia,Local,19,1921,Nueva Tequendama,3.412967,-76.541325,1040,Medio,Alta,Sin amenaza,Sin amenaza,No,8036,Zona 4C,0.4,No,No,20,1,Martha Cecilia Bermúdez Vallecilla,95,Bomberos Estacion X5,1572,170.0,"https://www.google.com/maps/@?api=1&map_action=pano&viewpoint=3.4129665534686,-76.541324999856"
EPE_975-9377,Zona verde,No aplica,Local,19,1921,Nueva Tequendama,3.414071,-76.541945,1856,Regular,Alta,Sin amenaza,Sin amenaza,No,8048,Zona 4C,0.4,No,No,21,1,Martha Cecilia Bermúdez Vallecilla,96,Bomberos Estacion X5,1477,170.0,"https://www.google.com/maps/@?api=1&map_action=pano&viewpoint=3.41407064102251,-76.5419450513529"
EPE_976-9378,Zona verde,No aplica,Local,19,1918,Urbanización Militar,3.412369,-76.538452,1543,Adecuado,Alta,Sin amenaza,Sin amenaza,No,7776,Zona 4C,0.4,No,No,17,1,SANACION Y VIDA IPS S.A.S,88,Cruz Roja San Fernando,1795,170.0,"https://www.google.com/maps/@?api=1&map_action=pano&viewpoint=3.41236881717812,-76.5384523154078"
EPE_977-9379,Zona verde,No aplica,Local,19,1922,Camino Real - Joaquin Borrero Sinisterra,3.411016,-76.542552,3396,Adecuado,Baja,Sin amenaza,Sin amenaza,No,8251,Zona 4C,0.4,No,No,15,1,Martha Cecilia Bermúdez Vallecilla,251,Bomberos Estacion X5,1516,170.0,"https://www.google.com/maps/@?api=1&map_action=pano&viewpoint=3.41101641391531,-76.5425517592434"
EPE_978-9380,Parque,Parque irregular,Local,19,1922,Camino Real - Joaquin Borrero Sinisterra,3.407985,-76.544868,412,Insuficiente,Media,Sin amenaza,Sin amenaza,No,8529,Zona 4C,0.4,No,No,12,5,BIENESTAR UNIVERSATARIO UNIVERSIDAD SANTIAGO DE CALI SEDE PAMPALINDA,499,Bomberos Estacion X5,1479,170.0,"https://www.google.com/maps/@?api=1&map_action=pano&viewpoint=3.40798486689542,-76.544868292717"
EPE_979-9381,Parque,Parque con colindancia,Local,19,1988,Cañaveralejo - Seguros Patria,3.403928,-76.545665,1813,Medio,Alta,Sin amenaza,Sin amenaza,No,8602,Zona 4C,0.4,No,No,10,4,BIENESTAR UNIVERSATARIO UNIVERSIDAD SANTIAGO DE CALI SEDE PAMPALINDA,156,Bomberos Estacion X5,1751,170.0,"https://www.google.com/maps/@?api=1&map_action=pano&viewpoint=3.40392799716515,-76.5456651307296"
EPE_98-8507,Parque,Parque con colindancia,Local,02,0294,Vipasa,3.476511,-76.519998,1962,Optimo,Alta,Sin amenaza,Sin amenaza,No,4044,Zona 4B,0.28,No,No,0,0,LUZ ADRIANA SOTO DIAZ,241,Defensa Civil La Flora,1700,37.0,"https://www.google.com/maps/@?api=1&map_action=pano&viewpoint=3.47651086036187,-76.5199980913085"
EPE_980-9382,Parque,Parque damero,Local,19,1922,Camino Real - Joaquin Borrero Sinisterra,3.406002,-76.545875,2990,Adecuado,Baja,Sin amenaza,Sin amenaza,No,8630,Zona 4C,0.4,No,No,13,6,BIENESTAR UNIVERSATARIO UNIVERSIDAD SANTIAGO DE CALI SEDE PAMPALINDA,252,Bomberos Estacion X5,1555,170.0,"https://www.google.com/maps/@?api=1&map_action=pano&viewpoint=3.40600239239325,-76.5458746910214"
EPE_981-9383,Parque,Parque con colindancia,Zonal,19,1923,Camino Real - Los Fundadores,3.405994,-76.541385,7101,Medio,Alta,Sin amenaza,Sin amenaza,No,8132,Zona 4C,0.4,No,No,2,0,ATENCION MEDICA & PREHOSPITALARIA DEL VALLE SAS,461,Bomberos Estacion X5,1918,170.0,"https://www.google.com/maps/@?api=1&map_action=pano&viewpoint=3.40599376417434,-76.541384651069"
EPE_982-9384,Parque,Parque irregular,Zonal,19,1988,Cañaveralejo - Seguros Patria,3.404722,-76.542133,6919,Optimo,Alta,Sin amenaza,Sin amenaza,No,8211,Zona 4C,0.4,No,No,2,0,IPS FICADES SAS,339,Bomberos Estacion X5,1947,170.0,"https://www.google.com/maps/@?api=1&map_action=pano&viewpoint=3.40472161405142,-76.5421325658072"
EPE_983-9385,Parque,Parque para la recreación especializada,Zonal,19,1988,Cañaveralejo - Seguros Patria,3.404463,-76.545013,6285,Regular,Alta,Sin amenaza,Sin amenaza,No,8531,Zona 4C,0.4,No,No,9,4,BIENESTAR UNIVERSATARIO UNIVERSIDAD SANTIAGO DE CALI SEDE PAMPALINDA,232,Bomberos Estacion X5,1748,170.0,"https://www.google.com/maps/@?api=1&map_action=pano&viewpoint=3.40446285790534,-76.5450126655347"
EPE_984-9386,Parque,Parque en serie,Local,18,1808,Prados del Sur,3.388434,-76.554351,4654,Medio,Baja,Sin amenaza,Sin amenaza,No,9174,Zona 3,0.35,No,No,0,0,Sede Prados de sur,205,Bomberos Estacion X11,1451,4.0,"https://www.google.com/maps/@?api=1&map_action=pano&viewpoint=3.3884337575973,-76.5543509667337"
EPE_985-9387,Parque,Parque en serie,Local,18,1898,Alto Nápoles,3.388025,-76.553577,1531,Regular,Alta,Sin amenaza,Sin amenaza,No,9083,Zona 2,0.35,No,No,0,0,Sede Prados de sur,153,Bomberos Estacion X11,1356,4.0,"https://www.google.com/maps/@?api=1&map_action=pano&viewpoint=3.38802479478449,-76.553576709771"
EPE_986-9388,Parque,Parque damero,Local,18,1802,Caldas,3.394892,-76.552157,1225,Regular,Alta,Sin amenaza,Sin amenaza,No,9053,Zona 4D,0.28,No,No,4,2,E.S.E. HOSPITAL GERIATRICO ANCIANATO SAN MIGUEL,153,Bomberos Estacion X11,1872,4.0,"https://www.google.com/maps/@?api=1&map_action=pano&viewpoint=3.39489172815669,-76.5521566889941"
EPE_987-9389,Parque,Parque para la recreación especializada,Zonal,18,1811,Lourdes,3.392765,-76.554798,15151,Adecuado,Alta,Sin amenaza,Sin amenaza,No,9295,Zona 3,0.35,No,No,0,0,E.S.E. HOSPITAL GERIATRICO ANCIANATO SAN MIGUEL,358,Bomberos Estacion X11,1833,4.0,"https://www.google.com/maps/@?api=1&map_action=pano&viewpoint=3.39276461081563,-76.5547984371338"
EPE_988-9390,Zona verde,No aplica,Local,18,1890,Sector Alto de los Chorros,3.394222,-76.558252,1719,Medio,Media,Sin amenaza,Sin amenaza,No,9702,Zona 3,0.35,No,No,0,0,E.S.E. HOSPITAL GERIATRICO ANCIANATO SAN MIGUEL,732,Bomberos Estacion X11,2208,4.0,"https://www.google.com/maps/@?api=1&map_action=pano&viewpoint=3.3942218269977,-76.5582524997037"
EPE_989-9391,Parque,Parque con colindancia,Local,19,1995,Sector Cañaveralejo Guadalupe,3.395039,-76.557815,833,Insuficiente,Media,Sin amenaza,Sin amenaza,No,9671,Zona 3,0.35,No,No,0,0,E.S.E. HOSPITAL GERIATRICO ANCIANATO SAN MIGUEL,699,Bomberos Estacion X11,2242,170.0,"https://www.google.com/maps/@?api=1&map_action=pano&viewpoint=3.39503883026267,-76.557814501389"
EPE_99-8508,Parque,Parque damero,Local,02,0211,Prados del Norte,3.473129,-76.517768,3340,Adecuado,Alta,Sin amenaza,Sin amenaza,No,4112,Zona 4B,0.28,No,No,0,0,LUZ ADRIANA SOTO DIAZ,345,Bomberos Estacion X1,1775,37.0,"https://www.google.com/maps/@?api=1&map_action=pano&viewpoint=3.47312853640879,-76.5177681104453"
EPE_990-9392,Zona verde,No aplica,Local,18,1890,Sector Alto de los Chorros,3.395169,-76.559806,676,Insuficiente,Baja,Sin amenaza,Sin amenaza,No,9891,Zona 1,0.22,No,No,0,0,E.S.E. HOSPITAL GERIATRICO ANCIANATO SAN MIGUEL,918,Bomberos Estacion X11,2404,4.0,"https://www.google.com/maps/@?api=1&map_action=pano&viewpoint=3.39516855962004,-76.5598064192661"
EPE_991-9393,Parque,Parque damero,Local,18,1811,Lourdes,3.391494,-76.556884,675,Adecuado,Media,Sin amenaza,Sin amenaza,No,9500,Zona 3,0.35,No,No,0,0,E.S.E. HOSPITAL DEPARTAMENTAL MARIO CORREA RENGIFO,610,Bomberos Estacion X11,1887,4.0,"https://www.google.com/maps/@?api=1&map_action=pano&viewpoint=3.39149449151507,-76.5568837125818"
EPE_992-9394,Parque,Parque con colindancia,Local,18,1814,Nápoles,3.386748,-76.547275,1909,Medio,Alta,Sin amenaza,Sin amenaza,No,8371,Zona 4D,0.28,No,No,0,0,E.S.E. HOSPITAL DEPARTAMENTAL PSIQUIATRICO UNIVERSITARIO DEL VALLE,283,Bomberos Estacion X11,822,4.0,"https://www.google.com/maps/@?api=1&map_action=pano&viewpoint=3.3867484700232,-76.5472754730292"
EPE_993-9395,Parque,Parque para la recreación especializada,Zonal,18,1809,Horizontes,3.375946,-76.547882,10934,Adecuado,Alta,Sin amenaza,Sin amenaza,No,8386,Zona 2,0.35,No,No,1,0,TANIA PATRICIA GOMEZ BENAVIDEZ,70,Bomberos Estacion X11,583,4.0,"https://www.google.com/maps/@?api=1&map_action=pano&viewpoint=3.37594565374645,-76.5478815654478"
EPE_994-9396,Parque,Parque damero,Local,18,1804,Meléndez,3.376792,-76.54651,1547,Adecuado,Alta,Sin amenaza,Sin amenaza,No,8231,Zona 2,0.35,No,No,0,0,CHRISTIAN FERNANDO BOLAÑOS JOJOA,85,Bomberos Estacion X11,416,4.0,"https://www.google.com/maps/@?api=1&map_action=pano&viewpoint=3.37679215899933,-76.5465100955097"
EPE_995-9397,Zona verde,No aplica,Local,18,1815,El Jordán,3.374806,-76.552062,4333,Regular,Alta,Sin amenaza,Sin amenaza,No,8854,Zona 2,0.35,No,No,1,0,TANIA PATRICIA GOMEZ BENAVIDEZ,551,Bomberos Estacion X11,1018,4.0,"https://www.google.com/maps/@?api=1&map_action=pano&viewpoint=3.37480562347517,-76.5520624260455"
EPE_996-9398,Parque,Parque damero,Local,18,1891,Polvorines,3.371143,-76.55073,1904,Adecuado,Alta,Sin amenaza,Sin amenaza,No,8732,Zona 2,0.35,No,No,0,0,TANIA PATRICIA GOMEZ BENAVIDEZ,667,Bomberos Estacion X11,1199,4.0,"https://www.google.com/maps/@?api=1&map_action=pano&viewpoint=3.37114252395545,-76.5507301799791"
EPE_997-9399,Zona verde,No aplica,Local,18,1891,Polvorines,3.371699,-76.551623,1889,Regular,Baja,Sin amenaza,Sin amenaza,No,8826,Zona 2,0.35,No,No,0,0,TANIA PATRICIA GOMEZ BENAVIDEZ,684,Bomberos Estacion X11,1212,4.0,"https://www.google.com/maps/@?api=1&map_action=pano&viewpoint=3.37169888065712,-76.5516228862497"
EPE_998-9400,Parque,Parque irregular,Local,18,1898,Alto Nápoles,3.383846,-76.55894,793,Medio,Baja,Sin amenaza,Sin amenaza,No,9631,Zona 2,0.35,No,No,1,0,E.S.E. HOSPITAL DEPARTAMENTAL MARIO CORREA RENGIFO,280,Bomberos Estacion X11,1666,4.0,"https://www.google.com/maps/@?api=1&map_action=pano&viewpoint=3.38384594944493,-76.558939660226"
EPE_999-9401,Zona verde,No aplica,Local,18,1891,Polvorines,3.370958,-76.55866,3715,Insuficiente,Alta,Sin amenaza,Sin amenaza,No,9611,Zona 2,0.35,No,No,0,0,TANIA PATRICIA GOMEZ BENAVIDEZ,1386,Bomberos Estacion X11,1865,4.0,"https://www.google.com/maps/@?api=1&map_action=pano&viewpoint=3.37095827427256,-76.5586598746227"
,Zona verde,No aplica,Local,81,8111,Cachipay,0.0,0.0,2772,Regular,Alta,Sin amenaza,Sin amenaza,No,,,,No,No,0,0,,,,,0,
,Zona verde,No aplica,Local,81,8111,Cachipay,0.0,0.0,2366,Regular,Alta,Sin amenaza,Sin amenaza,No,,,,No,No,0,0,,,,,0,
,Zona verde,No aplica,Local,81,8111,Cachipay,0.0,0.0,2842,Regular,Alta,Sin amenaza,Sin amenaza,No,,,,No,No,0,0,,,,,0,
,Zona verde,No aplica,Local,81,8111,Cachipay,0.0,0.0,984,Regular,Alta,Sin amenaza,Sin amenaza,No,,,,No,No,0,0,,,,,0,
,Zona verde,No aplica,Local,81,8111,Cachipay,0.0,0.0,3001,Regular,Alta,Sin amenaza,Sin amenaza,No,,,,No,No,0,0,,,,,0,
,Zona verde,No aplica,Local,81,8111,Cachipay,0.0,0.0,5015,Regular,Alta,Sin amenaza,Sin amenaza,No,,,,No,No,0,0,,,,,0,
,Zona verde,No aplica,Local,81,8111,Cachipay,0.0,0.0,519,Regular,Alta,Sin amenaza,Sin amenaza,No,,,,No,No,0,0,,,,,0,
,Zona verde,No aplica,Local,81,8111,Cachipay,0.0,0.0,7968,Regular,Alta,Sin amenaza,Sin amenaza,No,,,,No,No,0,0,,,,,0,
,Zona verde,No aplica,Local,81,8111,Cachipay,0.0,0.0,5010,Regular,Alta,Sin amenaza,Sin amenaza,No,,,,No,No,0,0,,,,,0,
,Zona verde,No aplica,Local,81,8111,Cachipay,0.0,0.0,9454,Regular,Alta,Sin amenaza,Sin amenaza,No,,,,No,No,0,0,,,,,0,
,Zona verde,No aplica,Local,81,8111,Cachipay,0.0,0.0,6312,Regular,Alta,Sin amenaza,Sin amenaza,No,,,,No,No,0,0,,,,,0,
,Zona verde,No aplica,Local,54,5401,Buitrera (Cabecera),0.0,0.0,14172,,Alta,Sin amenaza,Sin amenaza,No,,,,No,No,0,0,,,,,0,
,Zona verde,No aplica,Local,81,8111,Cachipay,0.0,0.0,8671,Regular,Alta,Sin amenaza,Sin amenaza,No,,,,No,No,0,0,,,,,0,
,Zona verde,No aplica,Local,21,2199,Planta de Tratamiento,0.0,0.0,93,Insuficiente,Alta,Sin amenaza,Sin amenaza,No,,,,No,No,0,0,,,,,3.5,
,Zona verde,No aplica,Zonal,21,2198,Valle Grande,3.439649,-76.47775,1845,Insuficiente,Alta,Alta,Sin amenaza,No,422,Zona 6,0.25,Sí,No,1,0,VIRREY SOLIS IPS S.A. ORIENTE,576,Bomberos Estacion X7,1637,3.5,"https://www.google.com/maps/@?api=1&map_action=pano&viewpoint=3.43964886165742,-76.4777500249121"
,Zona verde,No aplica,Local,02,0293,Urbanización La Merced,3.480354,-76.513059,1161,Medio,Alta,Sin amenaza,Sin amenaza,No,3180,Zona 4B,0.28,No,No,0,0,GRUPO ALIANZA PREHOSPITALARIA,660,Bomberos Estacion X8,1157,37.0,"https://www.google.com/maps/@?api=1&map_action=pano&viewpoint=3.48035358559264,-76.5130587729369"
