cod_dane,snapshot_date,cod_establecimiento,nombre_establecimiento,nombre_sede,sede_principal,sector,correo_institucional,direccion,telefono,niveles,zona,cod_dep,nom_dep,cod_mun,nom_mun,cat_mun,mun_pdet,mun_zomac,nom_reg,cod_etc,nom_etc,total_matricula,matricula_prel,estado_fisico,confianza_geo,lat,lon,ausente_desde,first_seen
176001001001,2026-08-29,176001001745,INSTITUCION EDUCATIVA  LICEO DEPARTAMENTAL,SEDE LA PRESENTACION,N,OFICIAL,IE.LICEODEPARTAMENTAL@CALI.EDU.CO,IND CALLE 5B1#29-06,3002620526,"PREESCOLAR,BÁSICA PRIMARIA",URBANA,76,VALLE DEL CAUCA,76001,SANTIAGO DE CALI,MUNICIPIO,NO,NO,NO APLICA,3818,SECRETARÍA DE EDUCACIÓN DE CALI,211.0,211.0,Reporta afectación sin definir el impacto,2 - MEDIA,3.4266392236952634,-76.51461651237332,\N,2026-08-29T08:58:22Z
176001001290,2026-08-29,176001003586,INSTITUCION EDUCATIVA JUAN DE AMPUDIA,JARDIN NACIONAL NO.1,N,OFICIAL,IE.JUANAMPUDIA@CALI.EDU.CO,CL 58 11 B 48,3160259320,"PREESCOLAR,BÁSICA PRIMARIA",URBANA,76,VALLE DEL CAUCA,76001,SANTIAGO DE CALI,MUNICIPIO,NO,NO,NO APLICA,3818,SECRETARÍA DE EDUCACIÓN DE CALI,95.0,95.0,No aporta información,2 - MEDIA,3.4481807296058538,-76.4947565401057,\N,2026-08-29T08:58:22Z
176001001656,2026-08-29,176001001656,INSTITUCION EDUCATIVA GUILLERMO VALENCIA,INSTITUCION EDUCATIVA GUILLERMO VALENCIA,S,OFICIAL,IE_GVALENCIA@CALI.GOV.CO,KR 7 NORTE 45 A 08,3164537569,"PREESCOLAR,MEDIA,BÁSICA SECUNDARIA,BÁSICA PRIMARIA",URBANA,76,VALLE DEL CAUCA,76001,SANTIAGO DE CALI,MUNICIPIO,NO,NO,NO APLICA,3818,SECRETARÍA DE EDUCACIÓN DE CALI,207.0,207.0,No aporta información,2 - MEDIA,3.4742374889247745,-76.51143731080244,\N,2026-08-29T08:58:22Z
176001001664,2026-08-29,176001001664,INSTITUCION EDUCATIVA  VICENTE BORRERO COSTA,INSTITUCION EDUCATIVA VICENTE BORRERO COSTA,S,OFICIAL,JBORRERO@VALLEDELCAUCA.GOV.CO,CL 76 KR 7 S 00 EQ,6620161,"MEDIA,BÁSICA SECUNDARIA,BÁSICA PRIMARIA",URBANA,76,VALLE DEL CAUCA,76001,SANTIAGO DE CALI,MUNICIPIO,NO,NO,NO APLICA,3818,SECRETARÍA DE EDUCACIÓN DE CALI,909.0,685.0,No aporta información,3 - BAJA,\N,\N,\N,2026-08-29T08:58:26Z
176001001672,2026-08-29,176001001672,INSTITUCION EDUCATIVA TECNICO DE COMERCIO SANTA CECILIA,INSTITUCION EDUCATIVA TECNICO DE COMERCIO SANTA CECILIA - SEDE PRINCIPAL,S,OFICIAL,SANTACECILIA1960@HOTMAIL.COM,IND CALLE 61AN # 2GN-62,6642088 - 6653521,"PREESCOLAR,MEDIA,BÁSICA SECUNDARIA,BÁSICA PRIMARIA",URBANA,76,VALLE DEL CAUCA,76001,SANTIAGO DE CALI,MUNICIPIO,NO,NO,NO APLICA,3818,SECRETARÍA DE EDUCACIÓN DE CALI,680.0,680.0,No aporta información,2 - MEDIA,3.488201536942422,-76.50857321577533,\N,2026-08-29T08:58:22Z
176001001681,2026-08-29,176001001681,INSTITUCION EDUCATIVA ALBERTO CARVAJAL BORRERO,INSTITUCION EDUCATIVA ALBERTO CARVAJAL BORRERO,S,OFICIAL,IEALCOBO@HOTMAIL.COM,IND KR 14 58 00,3206180085,"MEDIA,BÁSICA SECUNDARIA,BÁSICA PRIMARIA",URBANA,76,VALLE DEL CAUCA,76001,SANTIAGO DE CALI,MUNICIPIO,NO,NO,NO APLICA,3818,SECRETARÍA DE EDUCACIÓN DE CALI,503.0,503.0,Reporta afectación sin definir el impacto,2 - MEDIA,3.444460000190023,-76.49486300034833,\N,2026-08-29T08:58:26Z
176001001699,2026-08-29,176001001699,INSTITUCION EDUCATIVA LA MERCED,INSTITUCION EDUCATIVA LA MERCED,S,OFICIAL,IE_LAMERCED@CALI.GOV.CO,CL 47 4 E 30,3206966514,"MEDIA,BÁSICA SECUNDARIA,BÁSICA PRIMARIA",URBANA,76,VALLE DEL CAUCA,76001,SANTIAGO DE CALI,MUNICIPIO,NO,NO,NO APLICA,3818,SECRETARÍA DE EDUCACIÓN DE CALI,534.0,534.0,No aporta información,2 - MEDIA,3.462375994616765,-76.50309470526786,\N,2026-08-29T08:58:26Z
176001001702,2026-08-29,176001001702,INSTITUCION EDUCATIVA GENERAL ALFREDO VASQUEZ COBO,INSTITUCION EDUCATIVA GENERAL ALFREDO VASQUEZ COBO,S,OFICIAL,ADMINISTRADOR@IEAVASQUEZCOBOCALI.EDU.CO,CL 15 A 22 A 37,3108179601,"PREESCOLAR,MEDIA,BÁSICA SECUNDARIA,BÁSICA PRIMARIA",URBANA,76,VALLE DEL CAUCA,76001,SANTIAGO DE CALI,MUNICIPIO,NO,NO,NO APLICA,3818,SECRETARÍA DE EDUCACIÓN DE CALI,519.0,519.0,Reporta afectación sin definir el impacto,2 - MEDIA,3.436811599559659,-76.52518860978064,\N,2026-08-29T08:58:22Z
176001001729,2026-08-29,176001001729,INSTITUCION EDUCATIVA TECNICA DE COMERCIO SIMON RODRIGUEZ,INSTITUCION EDUCATIVA TECNICA DE COMERCIO SIMON RODRIGUEZ,S,OFICIAL,IE.SIMONRODRIGUEZ@CALI.EDU.CO,KR 1 D BIS 49 98,6023998001,"MEDIA,BÁSICA SECUNDARIA,BÁSICA PRIMARIA",URBANA,76,VALLE DEL CAUCA,76001,SANTIAGO DE CALI,MUNICIPIO,NO,NO,NO APLICA,3818,SECRETARÍA DE EDUCACIÓN DE CALI,687.0,646.0,Reporta afectación sin definir el impacto,2 - MEDIA,3.470444060434076,-76.50374570986268,\N,2026-08-29T08:58:22Z
176001001745,2026-08-29,176001001745,INSTITUCION EDUCATIVA  LICEO DEPARTAMENTAL,INSTITUCION EDUCATIVA LICEO DEPARTAMENTAL - SEDE PRINCIPAL,S,OFICIAL,IE_LICEODEPARTAMENTAL@CALI.GOV,KR 37 A 8 38,3002620526,"MEDIA,BÁSICA SECUNDARIA",URBANA,76,VALLE DEL CAUCA,76001,SANTIAGO DE CALI,MUNICIPIO,NO,NO,NO APLICA,3818,SECRETARÍA DE EDUCACIÓN DE CALI,1293.0,1293.0,Reporta afectación sin definir el impacto,2 - MEDIA,3.423031900045886,-76.53888541964866,\N,2026-08-29T08:58:22Z
176001001753,2026-08-29,176001001753,INSTITUCION EDUCATIVA TECNICO INDUSTRIAL ANTONIO JOSE CAMACHO,INSTITUCION EDUCATIVA TECNICA INDUSTRIAL ANTONIO JOSE CAMACHO,S,OFICIAL,IE.ANTONIOJOSECAMACHO@CALI.EDU.CO,KR 16 12 00,5582689 / 5587194,"MEDIA,BÁSICA SECUNDARIA,BÁSICA PRIMARIA",URBANA,76,VALLE DEL CAUCA,76001,SANTIAGO DE CALI,MUNICIPIO,NO,NO,NO APLICA,3818,SECRETARÍA DE EDUCACIÓN DE CALI,862.0,862.0,Reporta afectación sin definir el impacto,2 - MEDIA,3.4413909997590473,-76.52949000027918,\N,2026-08-29T08:58:22Z
176001001770,2026-08-29,176001001770,INSTITUCION EDUCATIVA EUSTAQUIO PALACIOS,INSTITUCION EDUCATIVA EUSTAQUIO PALACIOS - SEDE PRINCIPAL,S,OFICIAL,JBORRERO@VALLEDELCAUCA.GOV.CO,KR 52 2 51,3217006463,"PREESCOLAR,MEDIA,BÁSICA SECUNDARIA,BÁSICA PRIMARIA",URBANA,76,VALLE DEL CAUCA,76001,SANTIAGO DE CALI,MUNICIPIO,NO,NO,NO APLICA,3818,SECRETARÍA DE EDUCACIÓN DE CALI,1991.0,1939.0,No aporta información,2 - MEDIA,3.4284609997418523,-76.55319099981843,\N,2026-08-29T08:58:22Z
176001001788,2026-08-29,176001002253,INSTITUCION EDUCATIVA NORMAL SUPERIOR LOS FARALLONES,MARTIN RESTREPO MEJIA,N,OFICIAL,IE.NORMALFARALLONES@CALI.EDU.CO,KR 22 OESTE 2 65,3146160577 - 6025577936,"PREESCOLAR,BÁSICA PRIMARIA",URBANA,76,VALLE DEL CAUCA,76001,SANTIAGO DE CALI,MUNICIPIO,NO,NO,NO APLICA,3818,SECRETARÍA DE EDUCACIÓN DE CALI,357.0,357.0,No aporta información,2 - MEDIA,3.4423551395874092,-76.54395868036856,\N,2026-08-29T08:58:22Z
176001001796,2026-08-29,176001001796,INSTITUCION EDUCATIVA TECNICO COMERCIAL JOSE MARIA VIVAS BALCAZAR,INSTITUCION EDUCATIVA TECNICO COMERCIAL JOSE MARIA VIVAS BALCAZAR,S,OFICIAL,IE.JOSEMARIAVIVASBALCAZAR@CALI.EDU.CO,CL 14 48 A 32,3351363,"MEDIA,BÁSICA SECUNDARIA,BÁSICA PRIMARIA",URBANA,76,VALLE DEL CAUCA,76001,SANTIAGO DE CALI,MUNICIPIO,NO,NO,NO APLICA,3818,SECRETARÍA DE EDUCACIÓN DE CALI,1118.0,1064.0,Reporta afectación sin definir el impacto,2 - MEDIA,3.411300000060079,-76.53031600028461,\N,2026-08-29T08:58:26Z
176001001800,2026-08-29,176001001800,INSTITUCION EDUCATIVA VILLACOLOMBIA,INSTITUCION EDUCATIVA VILLACOLOMBIA,S,OFICIAL,IE_VILLACOLOMBIA@CALI.GOV.CO,KR 12 E 48 36,4421486,"MEDIA,BÁSICA SECUNDARIA",URBANA,76,VALLE DEL CAUCA,76001,SANTIAGO DE CALI,MUNICIPIO,NO,NO,NO APLICA,3818,SECRETARÍA DE EDUCACIÓN DE CALI,609.0,609.0,No aporta información,2 - MEDIA,3.4461728086236674,-76.50194275335821,\N,2026-08-29T08:58:22Z
176001001818,2026-08-29,176001001818,INSTITUCION EDUCATIVA DE SANTA LIBRADA,COLEGIO DE SANTA LIBRADA,S,OFICIAL,RECTORIA@SANTALIBRADA.EDU.CO,IND CL 7 # 14 A - 106,3106713870,"PREESCOLAR,MEDIA,BÁSICA SECUNDARIA,BÁSICA PRIMARIA",URBANA,76,VALLE DEL CAUCA,76001,SANTIAGO DE CALI,MUNICIPIO,NO,NO,NO APLICA,3818,SECRETARÍA DE EDUCACIÓN DE CALI,1065.0,952.0,No aporta información,2 - MEDIA,3.4417561439089157,-76.53455744889919,\N,2026-08-29T08:58:26Z
176001001826,2026-08-29,176001001826,INSTITUCION EDUCATIVA JOSE MANUEL SAAVEDRA GALINDO,INSTITUCION EDUCATIVA JOSE MANUEL SAAVEDRA GALINDO,S,OFICIAL,IE_SAAVEDRAGALINDO@CALI.GOV.CO,KR 11 A 28 25,6024431819 - 3174963346 - 3154418225,"MEDIA,BÁSICA SECUNDARIA,BÁSICA PRIMARIA",URBANA,76,VALLE DEL CAUCA,76001,SANTIAGO DE CALI,MUNICIPIO,NO,NO,NO APLICA,3818,SECRETARÍA DE EDUCACIÓN DE CALI,407.0,407.0,No aporta información,2 - MEDIA,3.450164000006604,-76.51563300013476,\N,2026-08-29T08:58:22Z
176001002253,2026-08-29,176001002253,INSTITUCION EDUCATIVA NORMAL SUPERIOR LOS FARALLONES,INSTITUCION EDUCATIVA NORMAL SUPERIOR LOS FARALLONES,S,OFICIAL,IE.NORMALFARALLONES@CALI.EDU.CO,KR 22 2 65 OESTE,6025577936,"MEDIA,BÁSICA SECUNDARIA,BÁSICA PRIMARIA",URBANA,76,VALLE DEL CAUCA,76001,SANTIAGO DE CALI,MUNICIPIO,NO,NO,NO APLICA,3818,SECRETARÍA DE EDUCACIÓN DE CALI,1070.0,1070.0,Reporta afectación sin definir el impacto,2 - MEDIA,3.442312699934093,-76.54401092009726,\N,2026-08-29T08:58:22Z
176001002555,2026-08-29,176001002555,INSTITUCION EDUCATIVA TECNICA COMERCIAL HERNANDO NAVIA VARON,INSTITUCION EDUCATIVA TECNICA COMERCIAL HERNANDO NAVIA VARON - SEDE PRINCIPAL,S,OFICIAL,HERNAVA1970@YAHOO.COM,KR 26 P 50 39,3104221701 - (602)4445594,"PREESCOLAR,MEDIA,BÁSICA SECUNDARIA,BÁSICA PRIMARIA",URBANA,76,VALLE DEL CAUCA,76001,SANTIAGO DE CALI,MUNICIPIO,NO,NO,NO APLICA,3818,SECRETARÍA DE EDUCACIÓN DE CALI,793.0,689.0,No aporta información,2 - MEDIA,3.432967689570111,-76.4993980498388,\N,2026-08-29T08:58:22Z
176001002733,2026-08-29,176001003951,INSTITUCION EDUCATIVA JULIO CAICEDO Y TELLEZ,BATALLA DE CARABOBO,N,OFICIAL,JBORRERO@VALLEDELCAUCA.GOV.CO,CL 16 51 00,3164632759,"PREESCOLAR,BÁSICA PRIMARIA",URBANA,76,VALLE DEL CAUCA,76001,SANTIAGO DE CALI,MUNICIPIO,NO,NO,NO APLICA,3818,SECRETARÍA DE EDUCACIÓN DE CALI,173.0,173.0,No aporta información,2 - MEDIA,3.441145405624892,-76.49576931962164,\N,2026-08-29T08:58:22Z
176001002741,2026-08-29,176001022360,INSTITUCION EDUCATIVA TECNICA COMERCIAL LAS AMERICAS,RAFAEL URIBE URIBE,N,OFICIAL,IE.LASAMERICAS@CALI.EDU.CO,KR 12 38 62,3028002320,"PREESCOLAR,MEDIA,BÁSICA PRIMARIA",URBANA,76,VALLE DEL CAUCA,76001,SANTIAGO DE CALI,MUNICIPIO,NO,NO,NO APLICA,3818,SECRETARÍA DE EDUCACIÓN DE CALI,243.0,243.0,No aporta información,3 - BAJA,\N,\N,\N,2026-08-29T08:58:22Z
176001002750,2026-08-29,176001022360,INSTITUCION EDUCATIVA TECNICA COMERCIAL LAS AMERICAS,NUESTRA SEÑORA DE LORETO,N,OFICIAL,IE.LASAMERICAS@CALI.EDU.CO,KR 8 38 55,3028002320,"PREESCOLAR,BÁSICA PRIMARIA",URBANA,76,VALLE DEL CAUCA,76001,SANTIAGO DE CALI,MUNICIPIO,NO,NO,NO APLICA,3818,SECRETARÍA DE EDUCACIÓN DE CALI,175.0,175.0,No aporta información,2 - MEDIA,3.4472386641129433,-76.5068725989413,\N,2026-08-29T08:58:22Z
176001002768,2026-08-29,176001003161,INSTITUCION EDUCATIVA BARTOLOMÉ LOBOGUERRERO,ENRIQUE OLAYA HERRERA,N,OFICIAL,IE.BARTOLOMELOBOGUERRERO@CALI.EDU.CO,CL 71 25 A 15,3014481812,"PREESCOLAR,MEDIA,BÁSICA SECUNDARIA,BÁSICA PRIMARIA",URBANA,76,VALLE DEL CAUCA,76001,SANTIAGO DE CALI,MUNICIPIO,NO,NO,NO APLICA,3818,SECRETARÍA DE EDUCACIÓN DE CALI,882.0,882.0,No aporta información,2 - MEDIA,3.4392005802704535,-76.49174850981727,\N,2026-08-29T08:58:22Z
176001002776,2026-08-29,176001003951,INSTITUCION EDUCATIVA JULIO CAICEDO Y TELLEZ,FRANCISCO DE PAULA SANTANDER,N,OFICIAL,JBORRERO@VALLEDELCAUCA.GOV.CO,KR 26 H 50 53,3164632759,"MEDIA,BÁSICA SECUNDARIA,BÁSICA PRIMARIA",URBANA,76,VALLE DEL CAUCA,76001,SANTIAGO DE CALI,MUNICIPIO,NO,NO,NO APLICA,3818,SECRETARÍA DE EDUCACIÓN DE CALI,550.0,550.0,No aporta información,2 - MEDIA,3.436409000148762,-76.49768199994816,\N,2026-08-29T08:58:22Z
176001002784,2026-08-29,176001002881,INSTITUCION EDUCATIVA TECNICO INDUSTRIAL DIEZ DE  MAYO,REPUBLICA DE ITALIA,S,OFICIAL,JBORRERO@VALLEDELCAUCA.GOV.CO,KR 24 B CL 26 B,6023345871/6023342174,"PREESCOLAR,BÁSICA PRIMARIA",URBANA,76,VALLE DEL CAUCA,76001,SANTIAGO DE CALI,MUNICIPIO,NO,NO,NO APLICA,3818,SECRETARÍA DE EDUCACIÓN DE CALI,282.0,282.0,No aporta información,3 - BAJA,\N,\N,\N,2026-08-29T08:58:26Z
176001002792,2026-08-29,176001007875,INSTITUCION EDUCATIVA TECNICO INDUSTRIAL PEDRO ANTONIO MOLINA,JORGE ELIECER GAITAN,N,OFICIAL,IE.PEDROANTONIOMOLINA@CALI.EDU.CO,IND CL 71 Y 72 - KR 2 C Y 2 D,3165402335,"PREESCOLAR,MEDIA,BÁSICA SECUNDARIA,BÁSICA PRIMARIA",URBANA,76,VALLE DEL CAUCA,76001,SANTIAGO DE CALI,MUNICIPIO,NO,NO,NO APLICA,3818,SECRETARÍA DE EDUCACIÓN DE CALI,756.0,756.0,No aporta información,2 - MEDIA,3.471989999838485,-76.48464199958836,\N,2026-08-29T08:58:22Z
176001002806,2026-08-29,176001006119,INSTITUCION EDUCATIVA GENERAL FRANCISCO DE PAULA SANTANDER,JOSE VICENTE CONCHA,N,OFICIAL,JBORRERO@VALLEDELCAUCA.GOV.CO,KR 30 A 30 A 27,\N,"PREESCOLAR,MEDIA,BÁSICA SECUNDARIA,BÁSICA PRIMARIA,PRIMERA INFANCIA",URBANA,76,VALLE DEL CAUCA,76001,SANTIAGO DE CALI,MUNICIPIO,NO,NO,NO APLICA,3818,SECRETARÍA DE EDUCACIÓN DE CALI,489.0,453.0,No aporta información,2 - MEDIA,3.426753740630427,-76.51369217199709,\N,2026-08-29T08:58:22Z
176001002814,2026-08-29,176001004256,INSTITUCION EDUCATIVA CRISTOBAL COLON,ANTONIA SANTOS,N,OFICIAL,IE.CRISTOBALCOLON@CALI.EDU.CO,CL 43 43 04,3325710,"PREESCOLAR,BÁSICA PRIMARIA",URBANA,76,VALLE DEL CAUCA,76001,SANTIAGO DE CALI,MUNICIPIO,NO,NO,NO APLICA,3818,SECRETARÍA DE EDUCACIÓN DE CALI,196.0,196.0,No aporta información,2 - MEDIA,3.407025227698247,-76.51192353383144,\N,2026-08-29T08:58:22Z
176001002822,2026-08-29,176001004329,INSTITUCION EDUCATIVA EVARISTO GARCIA,FERNANDO DE ARAGON,N,OFICIAL,IE.EVARISTOGARCIACALI@GMAIL.COM,IND CARRRERA 17 F 5 NO 33A - 80,3158345792,"PREESCOLAR,BÁSICA PRIMARIA",URBANA,76,VALLE DEL CAUCA,76001,SANTIAGO DE CALI,MUNICIPIO,NO,NO,NO APLICA,3818,SECRETARÍA DE EDUCACIÓN DE CALI,199.0,199.0,Reporta afectación sin definir el impacto,3 - BAJA,\N,\N,\N,2026-08-29T08:58:22Z
176001002831,2026-08-29,176001004329,INSTITUCION EDUCATIVA EVARISTO GARCIA,JOSE HILARIO LOPEZ,N,OFICIAL,IE.EVARISTOGARCIACALI@GMAIL.COM,CL 27 17 G 19,3158345792,"PREESCOLAR,BÁSICA SECUNDARIA,BÁSICA PRIMARIA",URBANA,76,VALLE DEL CAUCA,76001,SANTIAGO DE CALI,MUNICIPIO,NO,NO,NO APLICA,3818,SECRETARÍA DE EDUCACIÓN DE CALI,143.0,143.0,Reporta afectación sin definir el impacto,2 - MEDIA,3.43853520991779,-76.51768094967508,\N,2026-08-29T08:58:22Z
176001002849,2026-08-29,176001002911,INSTITUCION EDUCATIVA EVA RIASCOS PLATA,ALFONSO BARBERENA,N,OFICIAL,JBORRERO@VALLEDELCAUCA.GOV.CO,CL 33 C 25 BIS 00,6024443046 - 3128878684,"PREESCOLAR,BÁSICA PRIMARIA",URBANA,76,VALLE DEL CAUCA,76001,SANTIAGO DE CALI,MUNICIPIO,NO,NO,NO APLICA,3818,SECRETARÍA DE EDUCACIÓN DE CALI,416.0,416.0,No aporta información,2 - MEDIA,3.4328484791370055,-76.51059727102742,\N,2026-08-29T08:58:22Z
176001002873,2026-08-29,176001003951,INSTITUCION EDUCATIVA JULIO CAICEDO Y TELLEZ,ESTHER ZORRILLA,N,OFICIAL,JBORRERO@VALLEDELCAUCA.GOV.CO,CL 59 24 00,3164632759,BÁSICA PRIMARIA,URBANA,76,VALLE DEL CAUCA,76001,SANTIAGO DE CALI,MUNICIPIO,NO,NO,NO APLICA,3818,SECRETARÍA DE EDUCACIÓN DE CALI,143.0,143.0,No aporta información,2 - MEDIA,3.4408726442332993,-76.49459369979921,\N,2026-08-29T08:58:22Z
176001002881,2026-08-29,176001002881,INSTITUCION EDUCATIVA TECNICO INDUSTRIAL DIEZ DE  MAYO,INSTITUCION EDUCATIVA TECNICO INDUSTRIAL DIEZ DE MAYO - SEDE PRINCIPAL,S,OFICIAL,IE_DIEZDEMAYO@SEMCALI.GOV.CO,KR 25 A 26 A 13,6023345871/6023342174,"MEDIA,BÁSICA SECUNDARIA,BÁSICA PRIMARIA",URBANA,76,VALLE DEL CAUCA,76001,SANTIAGO DE CALI,MUNICIPIO,NO,NO,NO APLICA,3818,SECRETARÍA DE EDUCACIÓN DE CALI,1193.0,1151.0,Reporta afectación sin definir el impacto,2 - MEDIA,3.4317258766557317,-76.51830423226025,\N,2026-08-29T08:58:26Z
176001002890,2026-08-29,176001002555,INSTITUCION EDUCATIVA TECNICA COMERCIAL HERNANDO NAVIA VARON,FRAY JOSE IGNACIO ORTIZ,N,OFICIAL,IE.HERNANDONAVIAVARON@CALI.EDU.CO,KR 26 52 58,3104221701-(602) 4445594,"PREESCOLAR,BÁSICA PRIMARIA",URBANA,76,VALLE DEL CAUCA,76001,SANTIAGO DE CALI,MUNICIPIO,NO,NO,NO APLICA,3818,SECRETARÍA DE EDUCACIÓN DE CALI,541.0,541.0,No aporta información,2 - MEDIA,3.4332245753011383,-76.49934867573583,\N,2026-08-29T08:58:22Z
176001002903,2026-08-29,176001040119,INSTITUCION EDUCATIVA RODRIGO LLOREDA CAICEDO,SEDE MICAELA CASTRO BORRERO,N,OFICIAL,IE.RODRIGOLLOREDAC@CALI.EDU.CO,KR 46 C 38 A 39,3233063812,"PREESCOLAR,MEDIA,BÁSICA SECUNDARIA,BÁSICA PRIMARIA",URBANA,76,VALLE DEL CAUCA,76001,SANTIAGO DE CALI,MUNICIPIO,NO,NO,NO APLICA,3818,SECRETARÍA DE EDUCACIÓN DE CALI,285.0,250.0,No aporta información,2 - MEDIA,3.406624451374907,-76.51871638200754,\N,2026-08-29T08:58:22Z
176001002911,2026-08-29,176001002911,INSTITUCION EDUCATIVA EVA RIASCOS PLATA,INSTITUCION EDUCATIVA EVA RIASCOS PLATA - SEDE PRINCIPAL,S,OFICIAL,JBORRERO@VALLEDELCAUCA.GOV.CO,IND TRANVERSAL 25 NO 31B 69,6024443046 - 3128878684,"MEDIA,BÁSICA SECUNDARIA,BÁSICA PRIMARIA",URBANA,76,VALLE DEL CAUCA,76001,SANTIAGO DE CALI,MUNICIPIO,NO,NO,NO APLICA,3818,SECRETARÍA DE EDUCACIÓN DE CALI,409.0,409.0,No aporta información,2 - MEDIA,3.432845129949773,-76.51098099987577,\N,2026-08-29T08:58:26Z
176001002920,2026-08-29,176001029411,INSTITUCION EDUCATIVA AGUSTIN NIETO CABALLERO,JOSE MARIA VIVAS BALCAZAR,N,OFICIAL,IE.AGUSTINNIETO@CALI.EDU.CO,KR 36 26 B 28,\N,"PREESCOLAR,MEDIA,BÁSICA SECUNDARIA,BÁSICA PRIMARIA",URBANA,76,VALLE DEL CAUCA,76001,SANTIAGO DE CALI,MUNICIPIO,NO,NO,NO APLICA,3818,SECRETARÍA DE EDUCACIÓN DE CALI,505.0,488.0,Reporta afectación sin definir el impacto,2 - MEDIA,3.420702008303556,-76.51815619888457,\N,2026-08-29T08:58:22Z
176001002938,2026-08-29,176001005341,INSTITUCION EDUCATIVA TECNICA CIUDAD DE CALI,GENERAL ALFREDO VASQUEZ COBO,N,OFICIAL,IE.CIUDADDECALI@CALI.EDU.CO,DG 23 25 T 25,3044352819,"PREESCOLAR,MEDIA,BÁSICA SECUNDARIA,BÁSICA PRIMARIA",URBANA,76,VALLE DEL CAUCA,76001,SANTIAGO DE CALI,MUNICIPIO,NO,NO,NO APLICA,3818,SECRETARÍA DE EDUCACIÓN DE CALI,284.0,284.0,No aporta información,2 - MEDIA,3.4350750000592285,-76.51388800023746,\N,2026-08-29T08:58:22Z
176001002946,2026-08-29,176001004256,INSTITUCION EDUCATIVA CRISTOBAL COLON,JOSE JOAQUIN JARAMILLO,N,OFICIAL,IE.CRISTOBALCOLON@CALI.EDU.CO,KR 44 44 64,3374746,"PREESCOLAR,BÁSICA PRIMARIA",URBANA,76,VALLE DEL CAUCA,76001,SANTIAGO DE CALI,MUNICIPIO,NO,NO,NO APLICA,3818,SECRETARÍA DE EDUCACIÓN DE CALI,167.0,167.0,No aporta información,2 - MEDIA,3.404767659626163,-76.5123007696569,\N,2026-08-29T08:58:22Z
176001002962,2026-08-29,176001005121,INSTITUCION EDUCATIVA TECNICO COMERCIAL VILLA DEL SUR,SUSANA VINASCO DE QUINTANA,N,OFICIAL,IE.VILLADELSUR@CALI.EDU.CO,CL 31 33 A 00,3192341222,"PREESCOLAR,BÁSICA PRIMARIA",URBANA,76,VALLE DEL CAUCA,76001,SANTIAGO DE CALI,MUNICIPIO,NO,NO,NO APLICA,3818,SECRETARÍA DE EDUCACIÓN DE CALI,386.0,386.0,Reporta afectación sin definir el impacto,2 - MEDIA,3.4146631532336738,-76.51422232713507,\N,2026-08-29T08:58:22Z
176001002989,2026-08-29,176001002989,INSTITUCION EDUCATIVA INDUSTRIAL MARICE SINISTERRA,INSTITUCION EDUCATIVA INDUSTRIAL  MARICE SINISTERRA - SEDE PRINCIPAL,S,OFICIAL,UDMARICE@COL2.TELECOM.COM,CL 39 25 A 43,3015050677  -  3015050283  -  3008978333,"PREESCOLAR,MEDIA,BÁSICA SECUNDARIA,BÁSICA PRIMARIA",URBANA,76,VALLE DEL CAUCA,76001,SANTIAGO DE CALI,MUNICIPIO,NO,NO,NO APLICA,3818,SECRETARÍA DE EDUCACIÓN DE CALI,379.0,336.0,No aporta información,2 - MEDIA,3.435189272080842,-76.50346873231112,\N,2026-08-29T08:58:22Z
176001003004,2026-08-29,176001003918,INSTITUCION EDUCATIVA TECNICO COMERCIAL JUAN XXIII,BELLO HORIZONTE,N,OFICIAL,JBORRERO@VALLEDELCAUCA.GOV.CO,CL 36 A 27 A 30,6024416028,"PREESCOLAR,BÁSICA SECUNDARIA,BÁSICA PRIMARIA,PRIMERA INFANCIA",URBANA,76,VALLE DEL CAUCA,76001,SANTIAGO DE CALI,MUNICIPIO,NO,NO,NO APLICA,3818,SECRETARÍA DE EDUCACIÓN DE CALI,67.0,67.0,No aporta información,2 - MEDIA,3.4331893841892804,-76.50426299573587,\N,2026-08-29T08:58:22Z
176001003012,2026-08-29,176001029411,INSTITUCION EDUCATIVA AGUSTIN NIETO CABALLERO,MARINO RENGIFO SALCEDO,N,OFICIAL,IE.AGUSTINNIETO@CALI.EDU.CO,CL 26 C 44 00,\N,"PREESCOLAR,MEDIA,BÁSICA SECUNDARIA,BÁSICA PRIMARIA",URBANA,76,VALLE DEL CAUCA,76001,SANTIAGO DE CALI,MUNICIPIO,NO,NO,NO APLICA,3818,SECRETARÍA DE EDUCACIÓN DE CALI,497.0,497.0,Reporta afectación sin definir el impacto,2 - MEDIA,3.4204994090268426,-76.51820694740991,\N,2026-08-29T08:58:22Z
176001003021,2026-08-29,176001008791,INSTITUCION EDUCATIVA BOYACA,LA INDEPENDENCIA,N,OFICIAL,IE.BOYACA@CALI.EDU.CO,KR 39 26 C 30,3353916 - 3104645500,"PREESCOLAR,MEDIA,BÁSICA SECUNDARIA,BÁSICA PRIMARIA,PRIMERA INFANCIA",URBANA,76,VALLE DEL CAUCA,76001,SANTIAGO DE CALI,MUNICIPIO,NO,NO,NO APLICA,3818,SECRETARÍA DE EDUCACIÓN DE CALI,223.0,223.0,No aporta información,2 - MEDIA,3.41850944040138,-76.51842684960158,\N,2026-08-29T08:58:22Z
176001003039,2026-08-29,176001008791,INSTITUCION EDUCATIVA BOYACA,SANTO DOMINGO,N,OFICIAL,IE.BOYACA@CALI.EDU.CO,KR 24 A 26 B 64,3353916 - 3104645500,"PREESCOLAR,BÁSICA PRIMARIA",URBANA,76,VALLE DEL CAUCA,76001,SANTIAGO DE CALI,MUNICIPIO,NO,NO,NO APLICA,3818,SECRETARÍA DE EDUCACIÓN DE CALI,154.0,154.0,No aporta información,2 - MEDIA,3.4280290098998663,-76.51777556024082,\N,2026-08-29T08:58:22Z
176001003055,2026-08-29,176001028970,INSTITUCION EDUCATIVA TECNICO INDUSTRIAL DONALD RODRIGO TAFUR,SEDE ALEJANDRO MONTAÑO,N,OFICIAL,IE.TIDONALDRTAFUR@CALI.EDU.CO,KR 41 H 38 44,3025936029/6023271425,"PREESCOLAR,BÁSICA PRIMARIA",URBANA,76,VALLE DEL CAUCA,76001,SANTIAGO DE CALI,MUNICIPIO,NO,NO,NO APLICA,3818,SECRETARÍA DE EDUCACIÓN DE CALI,690.0,690.0,No aporta información,2 - MEDIA,3.41293599997996,-76.51292499996468,\N,2026-08-29T08:58:22Z
176001003063,2026-08-29,176001003918,INSTITUCION EDUCATIVA TECNICO COMERCIAL JUAN XXIII,JUAN XXIII,N,OFICIAL,JBORRERO@VALLEDELCAUCA.GOV.CO,KR 28 C 50 16,6024416028,"PREESCOLAR,MEDIA,BÁSICA SECUNDARIA,BÁSICA PRIMARIA,PRIMERA INFANCIA",URBANA,76,VALLE DEL CAUCA,76001,SANTIAGO DE CALI,MUNICIPIO,NO,NO,NO APLICA,3818,SECRETARÍA DE EDUCACIÓN DE CALI,332.0,332.0,No aporta información,2 - MEDIA,3.4297957102919736,-76.50141103964322,\N,2026-08-29T08:58:22Z
176001003071,2026-08-29,176001006071,INSTITUCION EDUCATIVA SANTA FE,RICARDO NIETO,N,OFICIAL,JBORRERO@VALLEDELCAUCA.GOV.CO,KR 17 CON CL 36,3719880,"PREESCOLAR,BÁSICA SECUNDARIA,BÁSICA PRIMARIA",URBANA,76,VALLE DEL CAUCA,76001,SANTIAGO DE CALI,MUNICIPIO,NO,NO,NO APLICA,3818,SECRETARÍA DE EDUCACIÓN DE CALI,365.0,365.0,Reporta afectación sin definir el impacto,2 - MEDIA,3.4418450458368004,-76.50688074666093,\N,2026-08-29T08:58:22Z
176001003080,2026-08-29,276001005184,INSTITUCION EDUCATIVA LA BUITRERA,CENTRO DOCENTE SOLEDAD ACOSTA DE SAMPER,S,OFICIAL,IE.LABUITRERA@CALI.EDU.CO,KM 18 VEREDA EL OTOÑO,312 6660068,"PREESCOLAR,BÁSICA SECUNDARIA,BÁSICA PRIMARIA",RURAL,76,VALLE DEL CAUCA,76001,SANTIAGO DE CALI,MUNICIPIO,NO,NO,NO APLICA,3818,SECRETARÍA DE EDUCACIÓN DE CALI,20.0,20.0,No aporta información,3 - BAJA,\N,\N,\N,2026-08-29T08:58:26Z
176001003098,2026-08-29,176001005091,INSTITUCION EDUCATIVA REPUBLICA DE ISRAEL,SAN JOSE,N,OFICIAL,JBORRERO@VALLEDELCAUCA.GOV.CO,CL 40 2 C 21,6024422485,"PREESCOLAR,BÁSICA PRIMARIA",URBANA,76,VALLE DEL CAUCA,76001,SANTIAGO DE CALI,MUNICIPIO,NO,NO,NO APLICA,3818,SECRETARÍA DE EDUCACIÓN DE CALI,154.0,154.0,No aporta información,2 - MEDIA,3.4632410001010827,-76.5095320002545,\N,2026-08-29T08:58:22Z
176001003101,2026-08-29,176001004329,INSTITUCION EDUCATIVA EVARISTO GARCIA,SAAVEDRA GALINDO,N,OFICIAL,IE.EVARISTOGARCIACALI@GMAIL.COM,IND KR 17 F TRANSV 31 18,3158345792,"PREESCOLAR,BÁSICA PRIMARIA",URBANA,76,VALLE DEL CAUCA,76001,SANTIAGO DE CALI,MUNICIPIO,NO,NO,NO APLICA,3818,SECRETARÍA DE EDUCACIÓN DE CALI,251.0,251.0,Reporta afectación sin definir el impacto,2 - MEDIA,3.440886711597859,-76.5132590744357,\N,2026-08-29T08:58:22Z
176001003128,2026-08-29,176001001681,INSTITUCION EDUCATIVA ALBERTO CARVAJAL BORRERO,CACIQUE DE GUATAVITA,S,OFICIAL,JBORRERO@VALLEDELCAUCA.GOV.CO,IND CL 54 15 A 20,3206180085,"PREESCOLAR,MEDIA,BÁSICA SECUNDARIA,BÁSICA PRIMARIA",URBANA,76,VALLE DEL CAUCA,76001,SANTIAGO DE CALI,MUNICIPIO,NO,NO,NO APLICA,3818,SECRETARÍA DE EDUCACIÓN DE CALI,292.0,292.0,Reporta afectación sin definir el impacto,2 - MEDIA,3.443060260400055,-76.49864615994599,\N,2026-08-29T08:58:26Z
176001003161,2026-08-29,176001003161,INSTITUCION EDUCATIVA BARTOLOMÉ LOBOGUERRERO,INSTITUCION EDUCATIVA BARTOLOMÉ LOBOGUERRERO - SEDE PRINCIPAL,S,OFICIAL,IE.BARTOLOMELOBOGUERRERO@CALI.EDU.CO,CL 71 26 E 25,3014481812,"PREESCOLAR,MEDIA,BÁSICA SECUNDARIA,BÁSICA PRIMARIA",URBANA,76,VALLE DEL CAUCA,76001,SANTIAGO DE CALI,MUNICIPIO,NO,NO,NO APLICA,3818,SECRETARÍA DE EDUCACIÓN DE CALI,832.0,802.0,No aporta información,2 - MEDIA,3.4351127727045774,-76.49322169657755,\N,2026-08-29T08:58:22Z
176001003195,2026-08-29,176001003195,INSTITUCION EDUCATIVA JOSE ANTONIO GALAN,INSTITUCION EDUCATIVA JOSE ANTONIO GALAN,S,OFICIAL,IE_JOSEGALAN@CALI.GOV.CO,IND CL 41 3N - 11,310 4014605,"PREESCOLAR,MEDIA,BÁSICA SECUNDARIA,BÁSICA PRIMARIA",URBANA,76,VALLE DEL CAUCA,76001,SANTIAGO DE CALI,MUNICIPIO,NO,NO,NO APLICA,3818,SECRETARÍA DE EDUCACIÓN DE CALI,486.0,367.0,No aporta información,2 - MEDIA,3.469167949592018,-76.51279906604333,\N,2026-08-29T08:58:22Z
176001003209,2026-08-29,176001001753,INSTITUCION EDUCATIVA TECNICO INDUSTRIAL ANTONIO JOSE CAMACHO,OLGA LUCIA LLOREDA,N,OFICIAL,JBORRERO@VALLEDELCAUCA.GOV.CO,KR 23 A 13 B 11,5574175,"PREESCOLAR,BÁSICA PRIMARIA",URBANA,76,VALLE DEL CAUCA,76001,SANTIAGO DE CALI,MUNICIPIO,NO,NO,NO APLICA,3818,SECRETARÍA DE EDUCACIÓN DE CALI,196.0,196.0,No aporta información,2 - MEDIA,3.4353078903989753,-76.52684575983304,\N,2026-08-29T08:58:22Z
176001003225,2026-08-29,176001007166,INSTITUCION EDUCATIVA TECNICO INDUSTRIAL JOSE MARIA CARBONELL,ISABEL DE CASTILLA,N,OFICIAL,IE.JOSEMARIACARBONELL@CALI.EDU.CO,KR 33 15 82,3173315328 - (602) 3369128,"PREESCOLAR,BÁSICA PRIMARIA",URBANA,76,VALLE DEL CAUCA,76001,SANTIAGO DE CALI,MUNICIPIO,NO,NO,NO APLICA,3818,SECRETARÍA DE EDUCACIÓN DE CALI,484.0,484.0,Reporta afectación sin definir el impacto,2 - MEDIA,3.423926706719841,-76.52490381688611,\N,2026-08-29T08:58:22Z
176001003268,2026-08-29,176001037600,INSTITUCION EDUCATIVA TECNICO INDUSTRIAL  MULTIPROPOSITO,LUIS ALBERTO ROSALES,N,OFICIAL,IE.TIMULTIPROPOSITO@CALI.EDU.CO,IND KR 51B 6H - 00 OESTE,6025135949  3016989227,"PREESCOLAR,BÁSICA PRIMARIA",URBANA,76,VALLE DEL CAUCA,76001,SANTIAGO DE CALI,MUNICIPIO,NO,NO,NO APLICA,3818,SECRETARÍA DE EDUCACIÓN DE CALI,118.0,118.0,No aporta información,2 - MEDIA,3.4110994612635923,-76.56112240871822,\N,2026-08-29T08:58:22Z
176001003292,2026-08-29,176001001818,INSTITUCION EDUCATIVA DE SANTA LIBRADA,SEDE CARLOS ALBERTO SARDI GARCES,N,OFICIAL,IE.SANTALIBRADA@CALI.EDU.CO,KR 5 2 69,3106713870,"PREESCOLAR,BÁSICA PRIMARIA",URBANA,76,VALLE DEL CAUCA,76001,SANTIAGO DE CALI,MUNICIPIO,NO,NO,NO APLICA,3818,SECRETARÍA DE EDUCACIÓN DE CALI,306.0,306.0,No aporta información,2 - MEDIA,3.4484128402093512,-76.5394729304209,\N,2026-08-29T08:58:22Z
176001003322,2026-08-29,176001040079,INSTITUCION EDUCATIVA SANTO TOMAS,MANUELA BELTRAN,N,OFICIAL,IE.SANTOTOMAS@CALI.EDU.CO,KR 2 A 34 23,3045672406,"PREESCOLAR,BÁSICA SECUNDARIA,BÁSICA PRIMARIA",URBANA,76,VALLE DEL CAUCA,76001,SANTIAGO DE CALI,MUNICIPIO,NO,NO,NO APLICA,3818,SECRETARÍA DE EDUCACIÓN DE CALI,202.0,202.0,No aporta información,2 - MEDIA,3.4674882420355844,-76.51563563489348,\N,2026-08-29T08:58:22Z
176001003331,2026-08-29,176001005091,INSTITUCION EDUCATIVA REPUBLICA DE ISRAEL,MANUEL SANTIAGO VALLECILLA,N,OFICIAL,ADMINISTRADOR@IERDEISRAELCALI.EDU.CO,CL 43 4 B 33,6024422485,"PREESCOLAR,BÁSICA SECUNDARIA,BÁSICA PRIMARIA",URBANA,76,VALLE DEL CAUCA,76001,SANTIAGO DE CALI,MUNICIPIO,NO,NO,NO APLICA,3818,SECRETARÍA DE EDUCACIÓN DE CALI,194.0,194.0,No aporta información,2 - MEDIA,3.4612840000688925,-76.5077520001971,\N,2026-08-29T08:58:22Z
176001003365,2026-08-29,276001043884,INSTITUCION EDUCATIVA ISAIAS GAMBOA - EL AGUACATAL,JOSE CELESTINO MUTIS,N,OFICIAL,JBORRERO@VALLEDELCAUCA.GOV.CO,AV 7 B OESTE 18 02,3108626600-3108655222-3108741222-3108700223,"PREESCOLAR,MEDIA,BÁSICA SECUNDARIA,BÁSICA PRIMARIA",URBANA,76,VALLE DEL CAUCA,76001,SANTIAGO DE CALI,MUNICIPIO,NO,NO,NO APLICA,3818,SECRETARÍA DE EDUCACIÓN DE CALI,352.0,352.0,No aporta información,2 - MEDIA,3.4408686297259083,-76.54865319968657,\N,2026-08-29T08:58:25Z
176001003373,2026-08-29,176001020359,INSTITUCION EDUCATIVA RAFAEL NAVIA VARON,FRANCISCO MONTES IDROBO,N,OFICIAL,IE.RAFAELNAVIA@CALI.EDU.CO,CL 12 46 40,\N,"PREESCOLAR,BÁSICA PRIMARIA",URBANA,76,VALLE DEL CAUCA,76001,SANTIAGO DE CALI,MUNICIPIO,NO,NO,NO APLICA,3818,SECRETARÍA DE EDUCACIÓN DE CALI,314.0,314.0,No aporta información,2 - MEDIA,3.4134007197894856,-76.53580188955385,\N,2026-08-29T08:58:22Z
176001003381,2026-08-29,176001001753,INSTITUCION EDUCATIVA TECNICO INDUSTRIAL ANTONIO JOSE CAMACHO,MARCO FIDEL SUAREZ,N,OFICIAL,JBORRERO@VALLEDELCAUCA.GOV.CO,KR 16 6 61,5572533,"PREESCOLAR,BÁSICA SECUNDARIA,BÁSICA PRIMARIA",URBANA,76,VALLE DEL CAUCA,76001,SANTIAGO DE CALI,MUNICIPIO,NO,NO,NO APLICA,3818,SECRETARÍA DE EDUCACIÓN DE CALI,237.0,237.0,No aporta información,2 - MEDIA,3.440629340127343,-76.53497138988716,\N,2026-08-29T08:58:22Z
176001003403,2026-08-29,176001028970,INSTITUCION EDUCATIVA TECNICO INDUSTRIAL DONALD RODRIGO TAFUR,SEDE FRANCISCO JOSE RUIZ,N,OFICIAL,IE.TIDONALDRTAFUR@CALI.EDU.CO,KR 43 B 38 A 16,3025936029/6023271425,"PREESCOLAR,BÁSICA PRIMARIA",URBANA,76,VALLE DEL CAUCA,76001,SANTIAGO DE CALI,MUNICIPIO,NO,NO,NO APLICA,3818,SECRETARÍA DE EDUCACIÓN DE CALI,588.0,588.0,No aporta información,2 - MEDIA,3.4086747727639417,-76.5140702908665,\N,2026-08-29T08:58:22Z
176001003411,2026-08-29,176001028872,INSTITUCION EDUCATIVA TECNICO INDUSTRIAL CARLOS HOLGUIN MALLARINO,MIGUEL DE POMBO,N,OFICIAL,IE.TICARLOSHMALLARINO@CALI.EDU.CO,IND CL 92 28D4 - 13,3177043130,"PREESCOLAR,MEDIA,BÁSICA SECUNDARIA,BÁSICA PRIMARIA",URBANA,76,VALLE DEL CAUCA,76001,SANTIAGO DE CALI,MUNICIPIO,NO,NO,NO APLICA,3818,SECRETARÍA DE EDUCACIÓN DE CALI,668.0,668.0,No aporta información,2 - MEDIA,3.4144147302569348,-76.4858880904482,\N,2026-08-29T08:58:22Z
176001003586,2026-08-29,176001003586,INSTITUCION EDUCATIVA JUAN DE AMPUDIA,INSTITUCION EDUCATIVA JUAN DE AMPUDIA,S,OFICIAL,IE.JUANAMPUDIA@CALI.EDU.CO,KR 12 57 13,3160259320,"MEDIA,BÁSICA SECUNDARIA,BÁSICA PRIMARIA",URBANA,76,VALLE DEL CAUCA,76001,SANTIAGO DE CALI,MUNICIPIO,NO,NO,NO APLICA,3818,SECRETARÍA DE EDUCACIÓN DE CALI,588.0,588.0,No aporta información,2 - MEDIA,3.448362100177931,-76.49518413009609,\N,2026-08-29T08:58:22Z
176001003837,2026-08-29,176001005813,INSTITUCION EDUCATIVA INEM JORGE ISAACS,PABLO EMILIO CAICEDO,N,OFICIAL,IE.INEMJORGEISAACS@CALI.EDU.CO,KR 5 DG 7 39,4470128 320 6180085,"PREESCOLAR,BÁSICA PRIMARIA",URBANA,76,VALLE DEL CAUCA,76001,SANTIAGO DE CALI,MUNICIPIO,NO,NO,NO APLICA,3818,SECRETARÍA DE EDUCACIÓN DE CALI,449.0,449.0,No aporta información,2 - MEDIA,3.482219016587224,-76.5022425148803,\N,2026-08-29T08:58:22Z
176001003861,2026-08-29,176001002989,INSTITUCION EDUCATIVA INDUSTRIAL MARICE SINISTERRA,FENALCO ASTURIAS,N,OFICIAL,IE.MARICESINISTERRA@CALI.EDU.CO,CL 44 25 A 12,3015050677  -  3015050283  -  3008978333,"PREESCOLAR,BÁSICA PRIMARIA",URBANA,76,VALLE DEL CAUCA,76001,SANTIAGO DE CALI,MUNICIPIO,NO,NO,NO APLICA,3818,SECRETARÍA DE EDUCACIÓN DE CALI,138.0,138.0,Reporta afectación sin definir el impacto,2 - MEDIA,3.4372974797447045,-76.49996176693409,\N,2026-08-29T08:58:22Z
176001003870,2026-08-29,176001001664,INSTITUCION EDUCATIVA  VICENTE BORRERO COSTA,ALFONSO LOPEZ PUMAREJO,N,OFICIAL,JBORRERO@VALLEDELCAUCA.GOV.CO,CL 84 KR 7 A BIS EQ,6620161,"PREESCOLAR,BÁSICA SECUNDARIA,BÁSICA PRIMARIA,PRIMERA INFANCIA",URBANA,76,VALLE DEL CAUCA,76001,SANTIAGO DE CALI,MUNICIPIO,NO,NO,NO APLICA,3818,SECRETARÍA DE EDUCACIÓN DE CALI,106.0,106.0,No aporta información,2 - MEDIA,3.4535102537476297,-76.48033909902183,\N,2026-08-29T08:58:22Z
176001003888,2026-08-29,176001040101,INSTITUCION EDUCATIVA  ALFONSO LOPEZ PUMAREJO,LOS FARALLONES,N,OFICIAL,IE.ALFONSOLPUMAREJO@CALI.EDU.CO,KR 7 J BIS 72 00,\N,"PREESCOLAR,BÁSICA SECUNDARIA,BÁSICA PRIMARIA",URBANA,76,VALLE DEL CAUCA,76001,SANTIAGO DE CALI,MUNICIPIO,NO,NO,NO APLICA,3818,SECRETARÍA DE EDUCACIÓN DE CALI,756.0,756.0,Reporta afectación sin definir el impacto,2 - MEDIA,3.4581802834452118,-76.48193051126003,\N,2026-08-29T08:58:22Z
176001003896,2026-08-29,176001006071,INSTITUCION EDUCATIVA SANTA FE,CROYDON,S,OFICIAL,JBORRERO@VALLEDELCAUCA.GOV.CO,KR 16 42 54,3719880,"PREESCOLAR,BÁSICA PRIMARIA",URBANA,76,VALLE DEL CAUCA,76001,SANTIAGO DE CALI,MUNICIPIO,NO,NO,NO APLICA,3818,SECRETARÍA DE EDUCACIÓN DE CALI,163.0,163.0,Reporta afectación sin definir el impacto,2 - MEDIA,3.4431738697046543,-76.5044099098107,\N,2026-08-29T08:58:26Z
176001003918,2026-08-29,176001003918,INSTITUCION EDUCATIVA TECNICO COMERCIAL JUAN XXIII,CIUDAD DE CALI - SEDE PRINCIPAL,S,OFICIAL,JBORRERO@VALLEDELCAUCA.GOV.CO,CL 46 28 F 31,6024416028,"PREESCOLAR,MEDIA,BÁSICA SECUNDARIA,BÁSICA PRIMARIA",URBANA,76,VALLE DEL CAUCA,76001,SANTIAGO DE CALI,MUNICIPIO,NO,NO,NO APLICA,3818,SECRETARÍA DE EDUCACIÓN DE CALI,353.0,353.0,No aporta información,2 - MEDIA,3.427869080234707,-76.50329368030664,\N,2026-08-29T08:58:22Z
176001003934,2026-08-29,176001005341,INSTITUCION EDUCATIVA TECNICA CIUDAD DE CALI,EL RECUERDO,N,OFICIAL,CIDECA_CALI@HOTMAIL.COM,KR 27 29 25,3044352819,"PREESCOLAR,BÁSICA PRIMARIA",URBANA,76,VALLE DEL CAUCA,76001,SANTIAGO DE CALI,MUNICIPIO,NO,NO,NO APLICA,3818,SECRETARÍA DE EDUCACIÓN DE CALI,135.0,135.0,No aporta información,2 - MEDIA,3.433791999855816,-76.51034400001622,\N,2026-08-29T08:58:22Z
176001003942,2026-08-29,176001040101,INSTITUCION EDUCATIVA  ALFONSO LOPEZ PUMAREJO,CENTRAL PROVIVIENDA,N,OFICIAL,LUZAM1@HOTMAIL.COM,CL 72 A 7 C BIS 10,\N,"PREESCOLAR,MEDIA,BÁSICA SECUNDARIA,BÁSICA PRIMARIA",URBANA,76,VALLE DEL CAUCA,76001,SANTIAGO DE CALI,MUNICIPIO,NO,NO,NO APLICA,3818,SECRETARÍA DE EDUCACIÓN DE CALI,277.0,277.0,No aporta información,2 - MEDIA,3.463086999787876,-76.48143899984895,\N,2026-08-29T08:58:22Z
176001003951,2026-08-29,176001003951,INSTITUCION EDUCATIVA JULIO CAICEDO Y TELLEZ,INSTITUCION EDUCATIVA JULIO CAICEDO Y TELLEZ - SEDE PRINCIPAL,S,OFICIAL,IEJULIOCAICEDOYTELLEZ@YAHOO.COM,KR 24 C 57 25,3174361830,"MEDIA,BÁSICA SECUNDARIA,BÁSICA PRIMARIA",URBANA,76,VALLE DEL CAUCA,76001,SANTIAGO DE CALI,MUNICIPIO,NO,NO,NO APLICA,3818,SECRETARÍA DE EDUCACIÓN DE CALI,579.0,579.0,No aporta información,2 - MEDIA,3.4404309998984273,-76.494361000208,\N,2026-08-29T08:58:26Z
176001003969,2026-08-29,176001022360,INSTITUCION EDUCATIVA TECNICA COMERCIAL LAS AMERICAS,GABRIEL MONTAÑO,N,OFICIAL,IE.LASAMERICAS@CALI.EDU.CO,KR 11 C 38 60,3028002320,"PREESCOLAR,MEDIA,BÁSICA SECUNDARIA,BÁSICA PRIMARIA",URBANA,76,VALLE DEL CAUCA,76001,SANTIAGO DE CALI,MUNICIPIO,NO,NO,NO APLICA,3818,SECRETARÍA DE EDUCACIÓN DE CALI,395.0,395.0,No aporta información,2 - MEDIA,3.4503210897111183,-76.50737157984396,\N,2026-08-29T08:58:22Z
176001003985,2026-08-29,176001001800,INSTITUCION EDUCATIVA VILLACOLOMBIA,REPUBLICA DE COLOMBIA,N,OFICIAL,IE.VILLACOLOMBIA@CALI.EDU.CO,CL 53 12 E 11,6024421486,"PREESCOLAR,BÁSICA PRIMARIA",URBANA,76,VALLE DEL CAUCA,76001,SANTIAGO DE CALI,MUNICIPIO,NO,NO,NO APLICA,3818,SECRETARÍA DE EDUCACIÓN DE CALI,266.0,266.0,No aporta información,2 - MEDIA,3.446053804287401,-76.50176227193614,\N,2026-08-29T08:58:22Z
176001003993,2026-08-29,176001007875,INSTITUCION EDUCATIVA TECNICO INDUSTRIAL PEDRO ANTONIO MOLINA,ATANASIO GIRARDOT,N,OFICIAL,IE.PEDROANTONIOMOLINA@CALI.EDU.CO,IND KR 1A3 70B 00,3165402335,"PREESCOLAR,BÁSICA PRIMARIA",URBANA,76,VALLE DEL CAUCA,76001,SANTIAGO DE CALI,MUNICIPIO,NO,NO,NO APLICA,3818,SECRETARÍA DE EDUCACIÓN DE CALI,401.0,348.0,No aporta información,2 - MEDIA,3.487075000066917,-76.49121299982188,\N,2026-08-29T08:58:22Z
176001004001,2026-08-29,176001004001,INSTITUCION EDUCATIVA SAN JUAN BAUTISTA DE LA SALLE,MANUEL MARIA MALLARINO,N,OFICIAL,IE_JUANBAUTISTA@IEJUANBAUTISTACALI.EDU.CO,KR 9 A 78 14,6629986,"PREESCOLAR,MEDIA,BÁSICA SECUNDARIA,BÁSICA PRIMARIA",URBANA,76,VALLE DEL CAUCA,76001,SANTIAGO DE CALI,MUNICIPIO,NO,NO,NO APLICA,3818,SECRETARÍA DE EDUCACIÓN DE CALI,237.0,237.0,No aporta información,2 - MEDIA,3.447939999969109,-76.47967600040833,\N,2026-08-29T08:58:22Z
176001004019,2026-08-29,176001001826,INSTITUCION EDUCATIVA JOSE MANUEL SAAVEDRA GALINDO,BENJAMIN HERRERA,N,OFICIAL,IE.JOSEMANUELSAAVEDRA@CALI.EDU.CO,CL 26 12 34,3174963346 - 3154418225 - 6024431819,"PREESCOLAR,BÁSICA PRIMARIA",URBANA,76,VALLE DEL CAUCA,76001,SANTIAGO DE CALI,MUNICIPIO,NO,NO,NO APLICA,3818,SECRETARÍA DE EDUCACIÓN DE CALI,317.0,317.0,No aporta información,2 - MEDIA,3.44978858663161,-76.5158243906976,\N,2026-08-29T08:58:22Z
176001004035,2026-08-29,176001001800,INSTITUCION EDUCATIVA VILLACOLOMBIA,SANTISIMA TRINIDAD,N,OFICIAL,IE.VILLACOLOMBIA@CALI.EDU.CO,CL 48 12 84,6024421486,"PREESCOLAR,BÁSICA PRIMARIA",URBANA,76,VALLE DEL CAUCA,76001,SANTIAGO DE CALI,MUNICIPIO,NO,NO,NO APLICA,3818,SECRETARÍA DE EDUCACIÓN DE CALI,182.0,182.0,No aporta información,2 - MEDIA,3.4422151440502806,-76.50187274944474,\N,2026-08-29T08:58:22Z
176001004043,2026-08-29,176001008723,INSTITUCION ETNOEDUCATIVA MANUEL MARIA MALLARINO,CARLOS HOLGUIN SARDI,N,OFICIAL,JBORRERO@VALLEDELCAUCA.GOV.CO,IND PASAJE 7M BIS 64-00,3122022309,"PREESCOLAR,BÁSICA PRIMARIA",URBANA,76,VALLE DEL CAUCA,76001,SANTIAGO DE CALI,MUNICIPIO,NO,NO,NO APLICA,3818,SECRETARÍA DE EDUCACIÓN DE CALI,150.0,150.0,No aporta información,3 - BAJA,\N,\N,\N,2026-08-29T08:58:22Z
176001004060,2026-08-29,176001007131,INSTITUCION EDUCATIVA CARLOS HOLMES TRUJILLO,LIZANDRO FRANKY,N,OFICIAL,JBORRERO@VALLEDELCAUCA.GOV.CO,CL 46 KR 40 EQ,6023384945- 6023384737- 3136065645,"PREESCOLAR,MEDIA,BÁSICA SECUNDARIA,BÁSICA PRIMARIA",URBANA,76,VALLE DEL CAUCA,76001,SANTIAGO DE CALI,MUNICIPIO,NO,NO,NO APLICA,3818,SECRETARÍA DE EDUCACIÓN DE CALI,470.0,441.0,Reporta afectación sin definir el impacto,2 - MEDIA,3.4111206920950394,-76.5041604647243,\N,2026-08-29T08:58:22Z
176001004078,2026-08-29,176001030796,INSTITUCION EDUCATIVA TECNICO INDUSTRIAL VEINTE DE JULIO,IGNACIO RENGIFO,N,OFICIAL,IE.VEINTEDEJULIO@CALI.EDU.CO,CL 41 5 23,3217547920,"PREESCOLAR,BÁSICA PRIMARIA,PRIMERA INFANCIA",URBANA,76,VALLE DEL CAUCA,76001,SANTIAGO DE CALI,MUNICIPIO,NO,NO,NO APLICA,3818,SECRETARÍA DE EDUCACIÓN DE CALI,264.0,264.0,No aporta información,2 - MEDIA,3.4708334348094056,-76.51373410715121,\N,2026-08-29T08:58:22Z
176001004094,2026-08-29,176001001699,INSTITUCION EDUCATIVA LA MERCED,SAN PEDRO ALEJANDRINO,S,OFICIAL,JBORRERO@VALLEDELCAUCA.GOV.CO,KR 4 E 46 04,3206966514,"BÁSICA SECUNDARIA,BÁSICA PRIMARIA",URBANA,76,VALLE DEL CAUCA,76001,SANTIAGO DE CALI,MUNICIPIO,NO,NO,NO APLICA,3818,SECRETARÍA DE EDUCACIÓN DE CALI,415.0,415.0,No aporta información,2 - MEDIA,3.462188462077448,-76.50367549843838,\N,2026-08-29T08:58:26Z
176001004108,2026-08-29,176001005813,INSTITUCION EDUCATIVA INEM JORGE ISAACS,FRAY DOMINGO DE LAS CASAS,N,OFICIAL,IE.INEMJORGEISAACS@CALI.EDU.CO,CL 65 6 40,6023904695,"PREESCOLAR,BÁSICA PRIMARIA",URBANA,76,VALLE DEL CAUCA,76001,SANTIAGO DE CALI,MUNICIPIO,NO,NO,NO APLICA,3818,SECRETARÍA DE EDUCACIÓN DE CALI,455.0,455.0,No aporta información,2 - MEDIA,3.4826247787724203,-76.50208174608886,\N,2026-08-29T08:58:22Z
176001004116,2026-08-29,176001030796,INSTITUCION EDUCATIVA TECNICO INDUSTRIAL VEINTE DE JULIO,CRISTINA SERRANO DE LOURIDO,N,OFICIAL,IE.VEINTEDEJULIO@CALI.EDU.CO,KR 5 NORTE 33 03,3217547920,"PREESCOLAR,BÁSICA PRIMARIA",URBANA,76,VALLE DEL CAUCA,76001,SANTIAGO DE CALI,MUNICIPIO,NO,NO,NO APLICA,3818,SECRETARÍA DE EDUCACIÓN DE CALI,181.0,181.0,Reporta afectación sin definir el impacto,2 - MEDIA,3.4674761818143423,-76.5170913027091,\N,2026-08-29T08:58:22Z
176001004124,2026-08-29,176001030796,INSTITUCION EDUCATIVA TECNICO INDUSTRIAL VEINTE DE JULIO,ADAN CORDOVEZ CORDOBA,N,OFICIAL,IE.VEINTEDEJULIO@CALI.EDU.CO,KR 5 A 34 31,3217547920,"MEDIA,BÁSICA SECUNDARIA,BÁSICA PRIMARIA",URBANA,76,VALLE DEL CAUCA,76001,SANTIAGO DE CALI,MUNICIPIO,NO,NO,NO APLICA,3818,SECRETARÍA DE EDUCACIÓN DE CALI,204.0,204.0,Reporta afectación sin definir el impacto,2 - MEDIA,3.4585259999698987,-76.51297600001831,\N,2026-08-29T08:58:22Z
176001004132,2026-08-29,176001040079,INSTITUCION EDUCATIVA SANTO TOMAS,SANTO TOMAS DE AQUINO,N,OFICIAL,IE.SANTOTOMAS@CALI.EDU.CO,IND CL 33 2N -11,3045672406,"PREESCOLAR,MEDIA,BÁSICA SECUNDARIA,BÁSICA PRIMARIA",URBANA,76,VALLE DEL CAUCA,76001,SANTIAGO DE CALI,MUNICIPIO,NO,NO,NO APLICA,3818,SECRETARÍA DE EDUCACIÓN DE CALI,300.0,300.0,Reporta afectación sin definir el impacto,2 - MEDIA,3.466666667132029,-76.51722222228031,\N,2026-08-29T08:58:22Z
176001004141,2026-08-29,176001003195,INSTITUCION EDUCATIVA JOSE ANTONIO GALAN,RAFAEL ZAMORANO,N,OFICIAL,IE.JOSEAGALAN@CALI.EDU.CO,IND KR 2N 45A - 12,310 4014605,"PREESCOLAR,MEDIA,BÁSICA SECUNDARIA,BÁSICA PRIMARIA,PRIMERA INFANCIA",URBANA,76,VALLE DEL CAUCA,76001,SANTIAGO DE CALI,MUNICIPIO,NO,NO,NO APLICA,3818,SECRETARÍA DE EDUCACIÓN DE CALI,327.0,302.0,No aporta información,3 - BAJA,\N,\N,\N,2026-08-29T08:58:22Z
176001004159,2026-08-29,176001001656,INSTITUCION EDUCATIVA GUILLERMO VALENCIA,PRESBITERO ANGEL PIEDRAHITA,N,OFICIAL,IE.GUILLERMOVALENCIA@CALI.EDU.CO,KR 8 NORTE 51 35,6024465000,"PREESCOLAR,MEDIA,BÁSICA SECUNDARIA,BÁSICA PRIMARIA,PRIMERA INFANCIA",URBANA,76,VALLE DEL CAUCA,76001,SANTIAGO DE CALI,MUNICIPIO,NO,NO,NO APLICA,3818,SECRETARÍA DE EDUCACIÓN DE CALI,279.0,279.0,No aporta información,2 - MEDIA,3.479321772593766,-76.50888190655138,\N,2026-08-29T08:58:22Z
176001004191,2026-08-29,176001001681,INSTITUCION EDUCATIVA ALBERTO CARVAJAL BORRERO,ABRAHAN DOMINGUEZ,S,OFICIAL,JBORRERO@VALLEDELCAUCA.GOV.CO,KR 14 57 19,3206180085,"PREESCOLAR,MEDIA,BÁSICA SECUNDARIA,BÁSICA PRIMARIA",URBANA,76,VALLE DEL CAUCA,76001,SANTIAGO DE CALI,MUNICIPIO,NO,NO,NO APLICA,3818,SECRETARÍA DE EDUCACIÓN DE CALI,143.0,104.0,Reporta afectación sin definir el impacto,2 - MEDIA,3.4445429998361137,-76.49560599961478,\N,2026-08-29T08:58:26Z
176001004221,2026-08-29,176001005970,INSTITUCION EDUCATIVA SIETE DE AGOSTO,ELEAZAR LIBREROS,S,OFICIAL,IE.SIETEDEAGOSTO@CALI.EDU.CO,CL 72 11 C 27,3167017087,"PREESCOLAR,MEDIA,BÁSICA SECUNDARIA,BÁSICA PRIMARIA",URBANA,76,VALLE DEL CAUCA,76001,SANTIAGO DE CALI,MUNICIPIO,NO,NO,NO APLICA,3818,SECRETARÍA DE EDUCACIÓN DE CALI,861.0,722.0,Reporta afectación sin definir el impacto,3 - BAJA,\N,\N,\N,2026-08-29T08:58:26Z
176001004230,2026-08-29,176001028970,INSTITUCION EDUCATIVA TECNICO INDUSTRIAL DONALD RODRIGO TAFUR,SEDE ANTONIO NARIÑO,N,OFICIAL,IE.TIDONALDRTAFUR@CALI.EDU.CO,KR 40 A 38 38,3025936029/6023271425,"PREESCOLAR,MEDIA,BÁSICA SECUNDARIA,BÁSICA PRIMARIA,PRIMERA INFANCIA",URBANA,76,VALLE DEL CAUCA,76001,SANTIAGO DE CALI,MUNICIPIO,NO,NO,NO APLICA,3818,SECRETARÍA DE EDUCACIÓN DE CALI,448.0,448.0,No aporta información,2 - MEDIA,3.4085935616653855,-76.51402858298619,\N,2026-08-29T08:58:22Z
176001004248,2026-08-29,176001003586,INSTITUCION EDUCATIVA JUAN DE AMPUDIA,ONCE DE NOVIEMBRE,N,OFICIAL,IE.JUANAMPUDIA@CALI.EDU.CO,KR 11 D 52 09,3160259320,"PREESCOLAR,BÁSICA SECUNDARIA,BÁSICA PRIMARIA",URBANA,76,VALLE DEL CAUCA,76001,SANTIAGO DE CALI,MUNICIPIO,NO,NO,NO APLICA,3818,SECRETARÍA DE EDUCACIÓN DE CALI,400.0,400.0,No aporta información,2 - MEDIA,3.449186295820403,-76.49833972214469,\N,2026-08-29T08:58:22Z
176001004256,2026-08-29,176001004256,INSTITUCION EDUCATIVA CRISTOBAL COLON,INSTITUCION EDUCATIVA CRISTOBAL COLON - SEDE PRINCIPAL,S,OFICIAL,IE_CRISTOBALCOLON@CALI.GOV.CO,KR 47 A 44 62,3017742887,"MEDIA,BÁSICA SECUNDARIA,BÁSICA PRIMARIA",URBANA,76,VALLE DEL CAUCA,76001,SANTIAGO DE CALI,MUNICIPIO,NO,NO,NO APLICA,3818,SECRETARÍA DE EDUCACIÓN DE CALI,815.0,743.0,No aporta información,2 - MEDIA,3.4030993105864638,-76.51543346993711,\N,2026-08-29T08:58:22Z
176001004264,2026-08-29,176001002911,INSTITUCION EDUCATIVA EVA RIASCOS PLATA,HERNANDO CAICEDO,N,OFICIAL,JBORRERO@VALLEDELCAUCA.GOV.CO,IND TRANSVERSAL 29 32 66,6024443046 - 3128878684,"PREESCOLAR,MEDIA,BÁSICA SECUNDARIA,BÁSICA PRIMARIA",URBANA,76,VALLE DEL CAUCA,76001,SANTIAGO DE CALI,MUNICIPIO,NO,NO,NO APLICA,3818,SECRETARÍA DE EDUCACIÓN DE CALI,217.0,189.0,No aporta información,2 - MEDIA,3.4327176160267214,-76.51095649473314,\N,2026-08-29T08:58:22Z
176001004272,2026-08-29,176001001729,INSTITUCION EDUCATIVA TECNICA DE COMERCIO SIMON RODRIGUEZ,MARIA PANESSO,N,OFICIAL,IE.SIMONRODRIGUEZ@CALI.EDU.CO,CL 46 C 3 00,6023998001,"PREESCOLAR,BÁSICA SECUNDARIA,BÁSICA PRIMARIA",URBANA,76,VALLE DEL CAUCA,76001,SANTIAGO DE CALI,MUNICIPIO,NO,NO,NO APLICA,3818,SECRETARÍA DE EDUCACIÓN DE CALI,557.0,557.0,No aporta información,2 - MEDIA,3.4653481403648527,-76.50374776969961,\N,2026-08-29T08:58:22Z
176001004281,2026-08-29,176001001729,INSTITUCION EDUCATIVA TECNICA DE COMERCIO SIMON RODRIGUEZ,MARIO LLOREDA,S,NO OFICIAL,IE.SIMONRODRIGUEZ@CALI.EDU.CO,KR 1 D 51 16,6023998001,"PREESCOLAR,BÁSICA PRIMARIA",URBANA,76,VALLE DEL CAUCA,76001,SANTIAGO DE CALI,MUNICIPIO,NO,NO,NO APLICA,3818,SECRETARÍA DE EDUCACIÓN DE CALI,373.0,373.0,No aporta información,2 - MEDIA,3.471179360118526,-76.50335858987413,\N,2026-08-29T08:58:22Z
176001004302,2026-08-29,176001005970,INSTITUCION EDUCATIVA SIETE DE AGOSTO,ANA MARIA VERNAZA,N,OFICIAL,IE.SIETEDEAGOSTO@CALI.EDU.CO,CL 72 B 8 B 32,3167017087,"PREESCOLAR,BÁSICA PRIMARIA",URBANA,76,VALLE DEL CAUCA,76001,SANTIAGO DE CALI,MUNICIPIO,NO,NO,NO APLICA,3818,SECRETARÍA DE EDUCACIÓN DE CALI,374.0,374.0,Reporta afectación sin definir el impacto,2 - MEDIA,3.4504428902796014,-76.48455435006775,\N,2026-08-29T08:58:22Z
176001004311,2026-08-29,176001006071,INSTITUCION EDUCATIVA SANTA FE,MANUEL REBOLLEDO,N,OFICIAL,JBORRERO@VALLEDELCAUCA.GOV.CO,DG 23 17 F 00,3719880,"PREESCOLAR,MEDIA,BÁSICA SECUNDARIA,BÁSICA PRIMARIA",URBANA,76,VALLE DEL CAUCA,76001,SANTIAGO DE CALI,MUNICIPIO,NO,NO,NO APLICA,3818,SECRETARÍA DE EDUCACIÓN DE CALI,273.0,273.0,Reporta afectación sin definir el impacto,2 - MEDIA,3.4400152672029387,-76.51057974489623,\N,2026-08-29T08:58:22Z
176001004329,2026-08-29,176001004329,INSTITUCION EDUCATIVA EVARISTO GARCIA,INSTITUCION EDUCATIVA EVARISTO GARCIA,S,OFICIAL,IE.EVARISTOGARCIACALI@GMAIL.COM,CL 32 17 41,3173722512,"PREESCOLAR,MEDIA,BÁSICA SECUNDARIA,BÁSICA PRIMARIA",URBANA,76,VALLE DEL CAUCA,76001,SANTIAGO DE CALI,MUNICIPIO,NO,NO,NO APLICA,3818,SECRETARÍA DE EDUCACIÓN DE CALI,385.0,385.0,No aporta información,2 - MEDIA,3.4427148852690594,-76.51353399304861,\N,2026-08-29T08:58:22Z
176001004345,2026-08-29,176001006071,INSTITUCION EDUCATIVA SANTA FE,ESTADO DE PUERTO RICO,N,OFICIAL,JBORRERO@VALLEDELCAUCA.GOV.CO,KR 17 33 D 10,4411626,"PREESCOLAR,BÁSICA PRIMARIA",URBANA,76,VALLE DEL CAUCA,76001,SANTIAGO DE CALI,MUNICIPIO,NO,NO,NO APLICA,3818,SECRETARÍA DE EDUCACIÓN DE CALI,82.0,82.0,Reporta afectación sin definir el impacto,2 - MEDIA,3.4425600001765058,-76.5103420003664,\N,2026-08-29T08:58:22Z
176001004353,2026-08-29,176001001664,INSTITUCION EDUCATIVA  VICENTE BORRERO COSTA,JOSE MARIA VILLEGAS,N,OFICIAL,JBORRERO@VALLEDELCAUCA.GOV.CO,CL 82 KR 7 D 1,6620161,"PREESCOLAR,BÁSICA PRIMARIA",URBANA,76,VALLE DEL CAUCA,76001,SANTIAGO DE CALI,MUNICIPIO,NO,NO,NO APLICA,3818,SECRETARÍA DE EDUCACIÓN DE CALI,126.0,126.0,No aporta información,2 - MEDIA,3.46375499992863,-76.47774900003785,\N,2026-08-29T08:58:22Z
176001004361,2026-08-29,176001004001,INSTITUCION EDUCATIVA SAN JUAN BAUTISTA DE LA SALLE,JUAN BAUTISTA DE LA SALLE,S,OFICIAL,IE_JUANBAUTISTA@IEJUANBAUTISTACALIEDU.CO,CL 74 9 19,6629986,"PREESCOLAR,MEDIA,BÁSICA SECUNDARIA,BÁSICA PRIMARIA",URBANA,76,VALLE DEL CAUCA,76001,SANTIAGO DE CALI,MUNICIPIO,NO,NO,NO APLICA,3818,SECRETARÍA DE EDUCACIÓN DE CALI,250.0,225.0,No aporta información,2 - MEDIA,3.447927440043313,-76.48121500044128,\N,2026-08-29T08:58:22Z
176001004396,2026-08-29,176001004485,INSTITUCION EDUCATIVA JUANA DE CAICEDO Y CUERO,SEDE SIMON BOLIVAR,N,OFICIAL,IE.JUANADECAYCEDOYCUERO@CALI.EDU.CO,CL 1 OESTE 42 A 94,5190421 - 317 5109138,"PREESCOLAR,BÁSICA SECUNDARIA,BÁSICA PRIMARIA",URBANA,76,VALLE DEL CAUCA,76001,SANTIAGO DE CALI,MUNICIPIO,NO,NO,NO APLICA,3818,SECRETARÍA DE EDUCACIÓN DE CALI,251.0,251.0,No aporta información,2 - MEDIA,3.422201000404291,-76.55318300032081,\N,2026-08-29T08:58:22Z
176001004426,2026-08-29,176001008669,INSTITUCION EDUCATIVA JOSE HOLGUIN GARCES,MARICE SINISTERRA,N,OFICIAL,JBORRERO@VALLEDELCAUCA.GOV.CO,CL 30 BIS OESTE 4 A 00,8942323 - 8942223,"PREESCOLAR,MEDIA,BÁSICA SECUNDARIA,BÁSICA PRIMARIA",URBANA,76,VALLE DEL CAUCA,76001,SANTIAGO DE CALI,MUNICIPIO,NO,NO,NO APLICA,3818,SECRETARÍA DE EDUCACIÓN DE CALI,160.0,160.0,Reporta afectación sin definir el impacto,2 - MEDIA,3.4525575821697063,-76.57637970632081,\N,2026-08-29T08:58:22Z
176001004434,2026-08-29,176001008669,INSTITUCION EDUCATIVA JOSE HOLGUIN GARCES,ANA MARIA LLOREDA,N,NO OFICIAL,JBORRERO@VALLEDELCAUCA.GOV.CO,AV 4 OESTE CL 25,8942323 - 8942223,"PREESCOLAR,MEDIA,BÁSICA PRIMARIA",URBANA,76,VALLE DEL CAUCA,76001,SANTIAGO DE CALI,MUNICIPIO,NO,NO,NO APLICA,3818,SECRETARÍA DE EDUCACIÓN DE CALI,378.0,378.0,Reporta afectación sin definir el impacto,2 - MEDIA,3.4521101148050715,-76.56767461170445,\N,2026-08-29T08:58:22Z
176001004442,2026-08-29,176001013310,INSTITUCION EDUCATIVA POLITECNICO MUNICIPAL DE CALI,JHON F. KENNEDY,N,OFICIAL,IE.POLITECNICOMUNICIPALCALI@CALI.EDU.CO,KR 68 3 83,3102129995,"PREESCOLAR,MEDIA,BÁSICA SECUNDARIA,BÁSICA PRIMARIA,PRIMERA INFANCIA",URBANA,76,VALLE DEL CAUCA,76001,SANTIAGO DE CALI,MUNICIPIO,NO,NO,NO APLICA,3818,SECRETARÍA DE EDUCACIÓN DE CALI,344.0,344.0,Reporta afectación sin definir el impacto,2 - MEDIA,3.3949240796753473,-76.5491939100291,\N,2026-08-29T08:58:22Z
176001004451,2026-08-29,176001001770,INSTITUCION EDUCATIVA EUSTAQUIO PALACIOS,FRAY CRISTOBAL DE TORRES,N,OFICIAL,JBORRERO@VALLEDELCAUCA.GOV.CO,KR 48 OESTE CL 14 OESTE,3217006463,"PREESCOLAR,BÁSICA PRIMARIA",URBANA,76,VALLE DEL CAUCA,76001,SANTIAGO DE CALI,MUNICIPIO,NO,NO,NO APLICA,3818,SECRETARÍA DE EDUCACIÓN DE CALI,168.0,168.0,No aporta información,2 - MEDIA,3.4224935575847217,-76.56172271958495,\N,2026-08-29T08:58:22Z
176001004469,2026-08-29,176001013310,INSTITUCION EDUCATIVA POLITECNICO MUNICIPAL DE CALI,GENERAL SANTANDER,N,OFICIAL,IE.POLITECNICOMUNICIPALCALI@CALI.EDU.CO,CL 5 70 160,3102129995,"PREESCOLAR,BÁSICA PRIMARIA",URBANA,76,VALLE DEL CAUCA,76001,SANTIAGO DE CALI,MUNICIPIO,NO,NO,NO APLICA,3818,SECRETARÍA DE EDUCACIÓN DE CALI,180.0,180.0,Reporta afectación sin definir el impacto,2 - MEDIA,3.3927260501862477,-76.54618276977317,\N,2026-08-29T08:58:22Z
176001004485,2026-08-29,176001004485,INSTITUCION EDUCATIVA JUANA DE CAICEDO Y CUERO,INSTITUCION EDUCATIVA JUANA DE CAICEDO Y CUERO,S,OFICIAL,IE_JUANADECAICEDO@GOV.CO,KR 50 1 85,3117904929-3104214420-3142948941,"PREESCOLAR,MEDIA,BÁSICA SECUNDARIA,BÁSICA PRIMARIA",URBANA,76,VALLE DEL CAUCA,76001,SANTIAGO DE CALI,MUNICIPIO,NO,NO,NO APLICA,3818,SECRETARÍA DE EDUCACIÓN DE CALI,1437.0,1301.0,No aporta información,2 - MEDIA,3.417064560370413,-76.55391786803732,\N,2026-08-29T08:58:22Z
176001004493,2026-08-29,176001037600,INSTITUCION EDUCATIVA TECNICO INDUSTRIAL  MULTIPROPOSITO,REPUBLICA DE PANAMA,N,OFICIAL,IE.TIMULTIPROPOSITO@CALI.EDU.CO,IND DG. 48 12 06 OESTE,6025135949  3016989227,"PREESCOLAR,MEDIA,BÁSICA SECUNDARIA,BÁSICA PRIMARIA",URBANA,76,VALLE DEL CAUCA,76001,SANTIAGO DE CALI,MUNICIPIO,NO,NO,NO APLICA,3818,SECRETARÍA DE EDUCACIÓN DE CALI,295.0,295.0,Reporta afectación sin definir el impacto,2 - MEDIA,3.4149810002213714,-76.56306799972351,\N,2026-08-29T08:58:22Z
176001004507,2026-08-29,176001008669,INSTITUCION EDUCATIVA JOSE HOLGUIN GARCES,ULPIANO LLOREDA,N,OFICIAL,JBORRERO@VALLEDELCAUCA.GOV.CO,AV 4 BIS 25 08,8942323 - 8942223,"PREESCOLAR,BÁSICA PRIMARIA",URBANA,76,VALLE DEL CAUCA,76001,SANTIAGO DE CALI,MUNICIPIO,NO,NO,NO APLICA,3818,SECRETARÍA DE EDUCACIÓN DE CALI,373.0,373.0,Reporta afectación sin definir el impacto,2 - MEDIA,3.452693725820327,-76.56892900479414,\N,2026-08-29T08:58:22Z
176001004515,2026-08-29,176001012101,INSTITUCION EDUCATIVA JUAN PABLO II,PORTETE DE TARQUI,N,OFICIAL,IE.JUANPII@CALI.EDU.CO,CL 1 A OESTE 73 00,6023231730,"PREESCOLAR,MEDIA,BÁSICA SECUNDARIA,BÁSICA PRIMARIA",URBANA,76,VALLE DEL CAUCA,76001,SANTIAGO DE CALI,MUNICIPIO,NO,NO,NO APLICA,3818,SECRETARÍA DE EDUCACIÓN DE CALI,1366.0,1195.0,No aporta información,2 - MEDIA,3.390685515122831,-76.55747080469901,\N,2026-08-29T08:58:22Z
176001004523,2026-08-29,176001002253,INSTITUCION EDUCATIVA NORMAL SUPERIOR LOS FARALLONES,SALVADOR IGLESIAS,N,OFICIAL,IE.NORMALFARALLONES@CALI.EDU.CO,CL 2 B 22 70,60255577936,"PREESCOLAR,BÁSICA PRIMARIA",URBANA,76,VALLE DEL CAUCA,76001,SANTIAGO DE CALI,MUNICIPIO,NO,NO,NO APLICA,3818,SECRETARÍA DE EDUCACIÓN DE CALI,186.0,186.0,No aporta información,2 - MEDIA,3.44071286019093,-76.54021579044846,\N,2026-08-29T08:58:22Z
176001004531,2026-08-29,176001004531,ESCUELA NORMAL SUPERIOR SANTIAGO DE CALI,ESCUELA NORMAL SUPERIOR SANTIAGO DE CALI,S,OFICIAL,IE.NORMALSUPERIOR@CALI.EDU.CO,KR 33 A 12 60,3104004388,"PREESCOLAR,MEDIA,BÁSICA SECUNDARIA",URBANA,76,VALLE DEL CAUCA,76001,SANTIAGO DE CALI,MUNICIPIO,NO,NO,NO APLICA,3818,SECRETARÍA DE EDUCACIÓN DE CALI,1312.0,1312.0,Reporta afectación sin definir el impacto,2 - MEDIA,3.424073109252246,-76.53090703604602,\N,2026-08-29T08:58:22Z
176001004558,2026-08-29,176001001818,INSTITUCION EDUCATIVA DE SANTA LIBRADA,SEDE LUIS CARLOS PEÑA,N,OFICIAL,IE.SANTALIBRADA@CALI.EDU.CO,CL 7 14 36,3106713870,"PREESCOLAR,BÁSICA PRIMARIA",URBANA,76,VALLE DEL CAUCA,76001,SANTIAGO DE CALI,MUNICIPIO,NO,NO,NO APLICA,3818,SECRETARÍA DE EDUCACIÓN DE CALI,73.0,73.0,No aporta información,2 - MEDIA,3.4431332503760874,-76.5348606895964,\N,2026-08-29T08:58:22Z
176001004574,2026-08-29,176001014138,INSTITUCION EDUCATIVA LA ESPERANZA,MONSEÑOR LUIS ADRIANO DIAZ,N,OFICIAL,IE.LAESPERANZA@CALI.EDU.CO,KR 94 C 2 111,3174282357,"PREESCOLAR,BÁSICA SECUNDARIA,BÁSICA PRIMARIA",URBANA,76,VALLE DEL CAUCA,76001,SANTIAGO DE CALI,MUNICIPIO,NO,NO,NO APLICA,3818,SECRETARÍA DE EDUCACIÓN DE CALI,155.0,155.0,No aporta información,2 - MEDIA,3.3743931792752067,-76.55218793917554,\N,2026-08-29T08:58:22Z
176001004582,2026-08-29,176001001818,INSTITUCION EDUCATIVA DE SANTA LIBRADA,SEDE EUSTAQUIO PALACIOS,N,OFICIAL,IE.SANTALIBRADA@CALI.EDU.CO,KR 17 3 A 55,3106713870,"PREESCOLAR,BÁSICA SECUNDARIA,BÁSICA PRIMARIA",URBANA,76,VALLE DEL CAUCA,76001,SANTIAGO DE CALI,MUNICIPIO,NO,NO,NO APLICA,3818,SECRETARÍA DE EDUCACIÓN DE CALI,133.0,133.0,No aporta información,2 - MEDIA,3.4410321556533425,-76.53574565142381,\N,2026-08-29T08:58:22Z
176001004591,2026-08-29,176001002253,INSTITUCION EDUCATIVA NORMAL SUPERIOR LOS FARALLONES,FRANCISCO JOSE DE CALDAS,N,OFICIAL,IE.NORMALFARALLONES@CALI.EDU.CO,KR 4 OESTE 12 A 59,6025577936,"PREESCOLAR,BÁSICA PRIMARIA",URBANA,76,VALLE DEL CAUCA,76001,SANTIAGO DE CALI,MUNICIPIO,NO,NO,NO APLICA,3818,SECRETARÍA DE EDUCACIÓN DE CALI,166.0,166.0,No aporta información,2 - MEDIA,3.4450899999803712,-76.5519859996963,\N,2026-08-29T08:58:22Z
176001004612,2026-08-29,176001008642,INSTITUCION EDUCATIVA CARLOS HOLGUIN LLOREDA,SANTA ELENA,S,OFICIAL,JBORRERO@VALLEDELCAUCA.GOV.CO,CL 23 32 79,6023344750-6023362302-6023362316,"PREESCOLAR,MEDIA,BÁSICA SECUNDARIA,BÁSICA PRIMARIA",URBANA,76,VALLE DEL CAUCA,76001,SANTIAGO DE CALI,MUNICIPIO,NO,NO,NO APLICA,3818,SECRETARÍA DE EDUCACIÓN DE CALI,170.0,170.0,No aporta información,2 - MEDIA,3.4240959996098006,-76.52107600023906,\N,2026-08-29T08:58:26Z
176001004655,2026-08-29,176001001672,INSTITUCION EDUCATIVA TECNICO DE COMERCIO SANTA CECILIA,REPUBLICA  DE BRASIL,N,OFICIAL,IE.SANTACECILIA@CALI.EDU.CO,CL 43 7 03,6650489,"PREESCOLAR,MEDIA,BÁSICA SECUNDARIA,BÁSICA PRIMARIA",URBANA,76,VALLE DEL CAUCA,76001,SANTIAGO DE CALI,MUNICIPIO,NO,NO,NO APLICA,3818,SECRETARÍA DE EDUCACIÓN DE CALI,480.0,428.0,No aporta información,2 - MEDIA,3.4882242383526374,-76.50856344839325,\N,2026-08-29T08:58:22Z
176001004663,2026-08-29,176001005970,INSTITUCION EDUCATIVA SIETE DE AGOSTO,UNIDAD VECINAL SIETE DE AGOSTO,S,OFICIAL,IE.SIETEDEAGOSTO@CALI.EDU.CO,CL 71 DG 17 20,3167017087,"PREESCOLAR,BÁSICA SECUNDARIA,BÁSICA PRIMARIA",URBANA,76,VALLE DEL CAUCA,76001,SANTIAGO DE CALI,MUNICIPIO,NO,NO,NO APLICA,3818,SECRETARÍA DE EDUCACIÓN DE CALI,238.0,238.0,No aporta información,3 - BAJA,\N,\N,\N,2026-08-29T08:58:26Z
176001004671,2026-08-29,176001005368,INSTITUCION EDUCATIVA REPUBLICA DE ARGENTINA,POLICARPA SALAVARRIETA,N,OFICIAL,JBORRERO@VALLEDELCAUCA.GOV.CO,KR 11 22 A 30,3183778046-3172426985-3173186497-3116026836,"PREESCOLAR,MEDIA,BÁSICA SECUNDARIA,BÁSICA PRIMARIA",URBANA,76,VALLE DEL CAUCA,76001,SANTIAGO DE CALI,MUNICIPIO,NO,NO,NO APLICA,3818,SECRETARÍA DE EDUCACIÓN DE CALI,382.0,305.0,Reporta afectación sin definir el impacto,2 - MEDIA,3.448792969811956,-76.52034519021272,\N,2026-08-29T08:58:22Z
176001004680,2026-08-29,176001001702,INSTITUCION EDUCATIVA GENERAL ALFREDO VASQUEZ COBO,NUESTRA SEÑORA DE LOS REMEDIOS,N,OFICIAL,ADMINISTRADOR@IEAVASQUEZCOBOCALI.EDU.CO,KR 17 D 18 46,3108179601,"PREESCOLAR,BÁSICA SECUNDARIA,BÁSICA PRIMARIA,PRIMERA INFANCIA",URBANA,76,VALLE DEL CAUCA,76001,SANTIAGO DE CALI,MUNICIPIO,NO,NO,NO APLICA,3818,SECRETARÍA DE EDUCACIÓN DE CALI,331.0,331.0,Reporta afectación sin definir el impacto,2 - MEDIA,3.439656000234932,-76.52163100008286,\N,2026-08-29T08:58:22Z
176001004698,2026-08-29,176001001818,INSTITUCION EDUCATIVA DE SANTA LIBRADA,SEDE SANTIAGO DE CALI,N,OFICIAL,IE.SANTALIBRADA@CALI.EDU.CO,CL 17 7 74,3106713870,"PREESCOLAR,BÁSICA PRIMARIA",URBANA,76,VALLE DEL CAUCA,76001,SANTIAGO DE CALI,MUNICIPIO,NO,NO,NO APLICA,3818,SECRETARÍA DE EDUCACIÓN DE CALI,115.0,100.0,No aporta información,2 - MEDIA,3.4511836098147946,-76.52706792038931,\N,2026-08-29T08:58:22Z
176001004701,2026-08-29,176001005716,INSTITUCION EDUCATIVA JOAQUIN DE CAYCEDO Y CUERO,CAMILO TORRES,S,OFICIAL,IE.JOAQUINCCUERO@CALI.EDU.CO,KR 24 10 A 98,3332348276/3172892553,"PREESCOLAR,MEDIA,BÁSICA SECUNDARIA,BÁSICA PRIMARIA",URBANA,76,VALLE DEL CAUCA,76001,SANTIAGO DE CALI,MUNICIPIO,NO,NO,NO APLICA,3818,SECRETARÍA DE EDUCACIÓN DE CALI,366.0,366.0,Reporta afectación sin definir el impacto,2 - MEDIA,3.4321165796749304,-76.53023749022373,\N,2026-08-29T08:58:26Z
176001004710,2026-08-29,176001005716,INSTITUCION EDUCATIVA JOAQUIN DE CAYCEDO Y CUERO,GENERAL CARLOS ALBAN,S,OFICIAL,IE.JOAQUINCCUERO@CALI.EDU.CO,CL 18 A 24 65,3332348276/3172892553,"PREESCOLAR,BÁSICA SECUNDARIA,BÁSICA PRIMARIA",URBANA,76,VALLE DEL CAUCA,76001,SANTIAGO DE CALI,MUNICIPIO,NO,NO,NO APLICA,3818,SECRETARÍA DE EDUCACIÓN DE CALI,155.0,155.0,Reporta afectación sin definir el impacto,2 - MEDIA,3.4320927802513514,-76.52495689025142,\N,2026-08-29T08:58:26Z
176001004728,2026-08-29,176001007166,INSTITUCION EDUCATIVA TECNICO INDUSTRIAL JOSE MARIA CARBONELL,HONORIO VILLEGAS,N,OFICIAL,IE.JOSEMARIACARBONELL@CALI.EDU.CO,KR 35 13 A 20,3369128 - 317 3315328,"PREESCOLAR,BÁSICA PRIMARIA",URBANA,76,VALLE DEL CAUCA,76001,SANTIAGO DE CALI,MUNICIPIO,NO,NO,NO APLICA,3818,SECRETARÍA DE EDUCACIÓN DE CALI,362.0,362.0,Reporta afectación sin definir el impacto,2 - MEDIA,3.4221658079901998,-76.52878372503987,\N,2026-08-29T08:58:22Z
176001004744,2026-08-29,176001001796,INSTITUCION EDUCATIVA TECNICO COMERCIAL JOSE MARIA VIVAS BALCAZAR,SANTO DOMINGO,N,OFICIAL,IE.JOSEMARIAVIVASBALCAZAR@CALI.EDU.CO,KR 47 13 C 100,3351363,"PREESCOLAR,BÁSICA PRIMARIA",URBANA,76,VALLE DEL CAUCA,76001,SANTIAGO DE CALI,MUNICIPIO,NO,NO,NO APLICA,3818,SECRETARÍA DE EDUCACIÓN DE CALI,339.0,339.0,No aporta información,2 - MEDIA,3.411380421813383,-76.53034101656864,\N,2026-08-29T08:58:22Z
176001004761,2026-08-29,176001020359,INSTITUCION EDUCATIVA RAFAEL NAVIA VARON,PANAMERICANA,N,OFICIAL,IE.RAFAELNAVIA@CALI.EDU.CO,CL 12 A 48 A 12,\N,"PREESCOLAR,BÁSICA PRIMARIA",URBANA,76,VALLE DEL CAUCA,76001,SANTIAGO DE CALI,MUNICIPIO,NO,NO,NO APLICA,3818,SECRETARÍA DE EDUCACIÓN DE CALI,248.0,248.0,No aporta información,2 - MEDIA,3.4111235499535946,-76.53485765957893,\N,2026-08-29T08:58:22Z
176001004779,2026-08-29,176001002253,INSTITUCION EDUCATIVA NORMAL SUPERIOR LOS FARALLONES,MANUEL SINISTERRA PATIÑO,N,OFICIAL,IE.NORMALFARALLONES@CALI.EDU.CO,IND KR 14 CON CL 3 OESTE  NO. 3-50,60255577936,"PREESCOLAR,BÁSICA PRIMARIA",URBANA,76,VALLE DEL CAUCA,76001,SANTIAGO DE CALI,MUNICIPIO,NO,NO,NO APLICA,3818,SECRETARÍA DE EDUCACIÓN DE CALI,158.0,158.0,No aporta información,2 - MEDIA,3.443898559339581,-76.5432753310336,\N,2026-08-29T08:58:22Z
176001004825,2026-08-29,176001001770,INSTITUCION EDUCATIVA EUSTAQUIO PALACIOS,SANTIAGO RENGIFO SALCEDO,N,OFICIAL,JBORRERO@VALLEDELCAUCA.GOV.CO,CL 23 OESTE 47 06,3217006463,"PREESCOLAR,BÁSICA SECUNDARIA,BÁSICA PRIMARIA",URBANA,76,VALLE DEL CAUCA,76001,SANTIAGO DE CALI,MUNICIPIO,NO,NO,NO APLICA,3818,SECRETARÍA DE EDUCACIÓN DE CALI,320.0,320.0,No aporta información,2 - MEDIA,3.4222589998242343,-76.56482100001672,\N,2026-08-29T08:58:22Z
176001004841,2026-08-29,176001001770,INSTITUCION EDUCATIVA EUSTAQUIO PALACIOS,LUIS LOPEZ DE MESA,N,OFICIAL,JBORRERO@VALLEDELCAUCA.GOV.CO,CL 3 A OESTE 42 44,3217006463,"PREESCOLAR,BÁSICA PRIMARIA",URBANA,76,VALLE DEL CAUCA,76001,SANTIAGO DE CALI,MUNICIPIO,NO,NO,NO APLICA,3818,SECRETARÍA DE EDUCACIÓN DE CALI,148.0,148.0,No aporta información,2 - MEDIA,3.422864935730884,-76.55440855389665,\N,2026-08-29T08:58:22Z
176001004850,2026-08-29,176001011163,INSTITUCION EDUCATIVA ALVARO ECHEVERRY PEREA,EDUARDO RIASCOS GRUESO,N,OFICIAL,IE.ALVAROECHEVERRYPEREA@CALI.EDU.CO,KR 93 2 A 02,3505456781,"PREESCOLAR,BÁSICA PRIMARIA",URBANA,76,VALLE DEL CAUCA,76001,SANTIAGO DE CALI,MUNICIPIO,NO,NO,NO APLICA,3818,SECRETARÍA DE EDUCACIÓN DE CALI,314.0,314.0,Reporta afectación sin definir el impacto,2 - MEDIA,3.3768213462091206,-76.55112327566373,\N,2026-08-29T08:58:22Z
176001004868,2026-08-29,176001013310,INSTITUCION EDUCATIVA POLITECNICO MUNICIPAL DE CALI,CELIMO RUEDA,N,OFICIAL,IE.POLITECNICOMUNICIPALCALI@CALI.EDU.CO,KR 73 3 94,3102129995,"PREESCOLAR,MEDIA,BÁSICA SECUNDARIA,BÁSICA PRIMARIA",URBANA,76,VALLE DEL CAUCA,76001,SANTIAGO DE CALI,MUNICIPIO,NO,NO,NO APLICA,3818,SECRETARÍA DE EDUCACIÓN DE CALI,411.0,369.0,Reporta afectación sin definir el impacto,3 - BAJA,\N,\N,\N,2026-08-29T08:58:22Z
176001004876,2026-08-29,176001001770,INSTITUCION EDUCATIVA EUSTAQUIO PALACIOS,GENERAL ANZOATEGUI,N,OFICIAL,JBORRERO@VALLEDELCAUCA.GOV.CO,CL 1 A 43 68,3217006463,"PREESCOLAR,BÁSICA SECUNDARIA,BÁSICA PRIMARIA,PRIMERA INFANCIA",URBANA,76,VALLE DEL CAUCA,76001,SANTIAGO DE CALI,MUNICIPIO,NO,NO,NO APLICA,3818,SECRETARÍA DE EDUCACIÓN DE CALI,192.0,192.0,No aporta información,2 - MEDIA,3.4226723648523394,-76.55253762816282,\N,2026-08-29T08:58:22Z
176001004914,2026-08-29,176001032055,INSTITUCION EDUCATIVA TECNICO INDUSTRIAL COMUNA 17,SEDE LUIS CARLOS ROJAS GARCÉS,N,OFICIAL,IE.IETICOMUNA17@CALI.EDU.CO,KR 56 13 F 40,3006118835,"PREESCOLAR,MEDIA,BÁSICA SECUNDARIA,BÁSICA PRIMARIA",URBANA,76,VALLE DEL CAUCA,76001,SANTIAGO DE CALI,MUNICIPIO,NO,NO,NO APLICA,3818,SECRETARÍA DE EDUCACIÓN DE CALI,484.0,473.0,No aporta información,2 - MEDIA,3.4039049784065405,-76.5323998878262,\N,2026-08-29T08:58:22Z
176001004922,2026-08-29,176001001796,INSTITUCION EDUCATIVA TECNICO COMERCIAL JOSE MARIA VIVAS BALCAZAR,FERNANDO VELASCO,S,OFICIAL,IE.JOSEMARIAVIVASBALCAZAR@CALI.EDU.CO,CL 23 44 A 16,3351363,"PREESCOLAR,BÁSICA PRIMARIA",URBANA,76,VALLE DEL CAUCA,76001,SANTIAGO DE CALI,MUNICIPIO,NO,NO,NO APLICA,3818,SECRETARÍA DE EDUCACIÓN DE CALI,378.0,378.0,No aporta información,2 - MEDIA,3.410779999785144,-76.52309399994782,\N,2026-08-29T08:58:26Z
176001004949,2026-08-29,176001001753,INSTITUCION EDUCATIVA TECNICO INDUSTRIAL ANTONIO JOSE CAMACHO,REPUBLICA DEL PERU,N,OFICIAL,JBORRERO@VALLEDELCAUCA.GOV.CO,CL 9 E 23 02,3102157,"PREESCOLAR,BÁSICA SECUNDARIA,BÁSICA PRIMARIA",URBANA,76,VALLE DEL CAUCA,76001,SANTIAGO DE CALI,MUNICIPIO,NO,NO,NO APLICA,3818,SECRETARÍA DE EDUCACIÓN DE CALI,227.0,227.0,No aporta información,2 - MEDIA,3.4405138501473638,-76.52958930364396,\N,2026-08-29T08:58:22Z
176001004965,2026-08-29,176001001702,INSTITUCION EDUCATIVA GENERAL ALFREDO VASQUEZ COBO,REPUBLICA DEL ECUADOR,N,OFICIAL,ADMINISTRADOR@IEAVASQUEZCOBOCALI.EDU.CO,CL 16 18 A 54,3108179601,"PREESCOLAR,MEDIA,BÁSICA SECUNDARIA,BÁSICA PRIMARIA",URBANA,76,VALLE DEL CAUCA,76001,SANTIAGO DE CALI,MUNICIPIO,NO,NO,NO APLICA,3818,SECRETARÍA DE EDUCACIÓN DE CALI,260.0,195.0,Reporta afectación sin definir el impacto,2 - MEDIA,3.43939204039736,-76.5249847299404,\N,2026-08-29T08:58:22Z
176001004973,2026-08-29,276001043884,INSTITUCION EDUCATIVA ISAIAS GAMBOA - EL AGUACATAL,INSTITUCION EDUCATIVA ISAIAS GAMBOA,N,OFICIAL,JBORRERO@VALLEDELCAUCA.GOV.CO,AV 4 OESTE 12 05,3108626600-3108655222-3108741222-3108700223,"PREESCOLAR,BÁSICA SECUNDARIA,BÁSICA PRIMARIA",URBANA,76,VALLE DEL CAUCA,76001,SANTIAGO DE CALI,MUNICIPIO,NO,NO,NO APLICA,3818,SECRETARÍA DE EDUCACIÓN DE CALI,115.0,115.0,No aporta información,2 - MEDIA,3.4516863502188926,-76.55437261769201,\N,2026-08-29T08:58:25Z
176001004981,2026-08-29,176001037600,INSTITUCION EDUCATIVA TECNICO INDUSTRIAL  MULTIPROPOSITO,JORGE ELIESER GONZALEZ RUBIO,N,OFICIAL,IE.TIMULTIPROPOSITO@CALI.EDU.CO,CL 8 OESTE 52 16,6025135949  3016989227,"PREESCOLAR,MEDIA,BÁSICA SECUNDARIA,BÁSICA PRIMARIA",URBANA,76,VALLE DEL CAUCA,76001,SANTIAGO DE CALI,MUNICIPIO,NO,NO,NO APLICA,3818,SECRETARÍA DE EDUCACIÓN DE CALI,316.0,277.0,No aporta información,2 - MEDIA,3.4165213695876804,-76.559742089792,\N,2026-08-29T08:58:22Z
176001004990,2026-08-29,176001001745,INSTITUCION EDUCATIVA  LICEO DEPARTAMENTAL,SEDE LA GRAN COLOMBIA,N,OFICIAL,IE.LICEODEPARTAMENTAL@CALI.EDU.CO,KR 24 7 74,3002620526,"PREESCOLAR,BÁSICA PRIMARIA",URBANA,76,VALLE DEL CAUCA,76001,SANTIAGO DE CALI,MUNICIPIO,NO,NO,NO APLICA,3818,SECRETARÍA DE EDUCACIÓN DE CALI,582.0,582.0,Reporta afectación sin definir el impacto,2 - MEDIA,3.435738999976564,-76.53708900018451,\N,2026-08-29T08:58:22Z
176001005015,2026-08-29,176001008642,INSTITUCION EDUCATIVA CARLOS HOLGUIN LLOREDA,REPUBLICA DE COSTA RICA,S,OFICIAL,JBORRERO@VALLEDELCAUCA.GOV.CO,CL 14 C 41 A 05,6023344750-6023362302-6023362316,"PREESCOLAR,MEDIA,BÁSICA SECUNDARIA,BÁSICA PRIMARIA",URBANA,76,VALLE DEL CAUCA,76001,SANTIAGO DE CALI,MUNICIPIO,NO,NO,NO APLICA,3818,SECRETARÍA DE EDUCACIÓN DE CALI,606.0,560.0,No aporta información,2 - MEDIA,3.4147340192532414,-76.52751831770647,\N,2026-08-29T08:58:26Z
176001005023,2026-08-29,176001014138,INSTITUCION EDUCATIVA LA ESPERANZA,MAGDALENA ORTEGA DE NARIÑO,N,OFICIAL,IE.LAESPERANZA@CALI.EDU.CO,CL 4 OESTE 94 A 54,3174282357,"PREESCOLAR,MEDIA,BÁSICA SECUNDARIA,BÁSICA PRIMARIA",URBANA,76,VALLE DEL CAUCA,76001,SANTIAGO DE CALI,MUNICIPIO,NO,NO,NO APLICA,3818,SECRETARÍA DE EDUCACIÓN DE CALI,559.0,494.0,No aporta información,2 - MEDIA,3.37482422106842,-76.55907503679462,\N,2026-08-29T08:58:22Z
176001005031,2026-08-29,176001017374,INSTITUCION EDUCATIVA GABRIELA MISTRAL,DAMASO ZAPATA,N,OFICIAL,IE.GABRIELAMISTRAL@CALI.EDU.CO,CL 92 28 C 12,4264495,"PREESCOLAR,BÁSICA PRIMARIA",URBANA,76,VALLE DEL CAUCA,76001,SANTIAGO DE CALI,MUNICIPIO,NO,NO,NO APLICA,3818,SECRETARÍA DE EDUCACIÓN DE CALI,291.0,291.0,No aporta información,2 - MEDIA,3.4158429702698707,-76.48367130973674,\N,2026-08-29T08:58:22Z
176001005058,2026-08-29,176001001770,INSTITUCION EDUCATIVA EUSTAQUIO PALACIOS,SOFIA CAMARGO DE LLERAS,N,OFICIAL,JBORRERO@VALLEDELCAUCA.GOV.CO,CL 12 A OESTE KR 51,3217006463,"PREESCOLAR,MEDIA,BÁSICA SECUNDARIA,BÁSICA PRIMARIA",URBANA,76,VALLE DEL CAUCA,76001,SANTIAGO DE CALI,MUNICIPIO,NO,NO,NO APLICA,3818,SECRETARÍA DE EDUCACIÓN DE CALI,99.0,99.0,No aporta información,2 - MEDIA,3.4221647830467465,-76.5644821581865,\N,2026-08-29T08:58:22Z
176001005066,2026-08-29,176001008669,INSTITUCION EDUCATIVA JOSE HOLGUIN GARCES,JOSE ACEVEDO Y GOMEZ,N,OFICIAL,JBORRERO@VALLEDELCAUCA.GOV.CO,AV 5 OESTE 30 164,8942323 - 8942223,"PREESCOLAR,MEDIA,BÁSICA SECUNDARIA,BÁSICA PRIMARIA",URBANA,76,VALLE DEL CAUCA,76001,SANTIAGO DE CALI,MUNICIPIO,NO,NO,NO APLICA,3818,SECRETARÍA DE EDUCACIÓN DE CALI,292.0,292.0,Reporta afectación sin definir el impacto,2 - MEDIA,3.4543685188836126,-76.5773603333361,\N,2026-08-29T08:58:22Z
176001005074,2026-08-29,176001011163,INSTITUCION EDUCATIVA ALVARO ECHEVERRY PEREA,LUIS EDUARDO NIETO CABALLERO,N,OFICIAL,IE.ALVAROECHEVERRYPEREA@CALI.EDU.CO,KR 92 4 119,3505456781,"PREESCOLAR,BÁSICA SECUNDARIA,BÁSICA PRIMARIA",URBANA,76,VALLE DEL CAUCA,76001,SANTIAGO DE CALI,MUNICIPIO,NO,NO,NO APLICA,3818,SECRETARÍA DE EDUCACIÓN DE CALI,626.0,626.0,No aporta información,2 - MEDIA,3.377239889744554,-76.54570469985369,\N,2026-08-29T08:58:22Z
176001005082,2026-08-29,176001011163,INSTITUCION EDUCATIVA ALVARO ECHEVERRY PEREA,RUFINO JOSE CUERVO,N,OFICIAL,IE.ALVAROECHEVERRYPEREA@CALI.EDU.CO,CL 4 92 04,3505456781,"PREESCOLAR,MEDIA,BÁSICA SECUNDARIA,BÁSICA PRIMARIA",URBANA,76,VALLE DEL CAUCA,76001,SANTIAGO DE CALI,MUNICIPIO,NO,NO,NO APLICA,3818,SECRETARÍA DE EDUCACIÓN DE CALI,572.0,553.0,No aporta información,2 - MEDIA,3.3773089712779645,-76.54734280562205,\N,2026-08-29T08:58:22Z
176001005091,2026-08-29,176001005091,INSTITUCION EDUCATIVA REPUBLICA DE ISRAEL,INSTITUCION EDUCATIVA REPUBLICA DE ISRAEL,S,OFICIAL,IERICENTRAL@HOTMAIL.COM,KR 3 43 49,4422485,"MEDIA,BÁSICA SECUNDARIA",URBANA,76,VALLE DEL CAUCA,76001,SANTIAGO DE CALI,MUNICIPIO,NO,NO,NO APLICA,3818,SECRETARÍA DE EDUCACIÓN DE CALI,241.0,241.0,No aporta información,2 - MEDIA,3.463395239801333,-76.50873381029363,\N,2026-08-29T08:58:26Z
176001005112,2026-08-29,176001005716,INSTITUCION EDUCATIVA JOAQUIN DE CAYCEDO Y CUERO,SAN ROQUE,N,OFICIAL,IE.JOAQUINCCUERO@CALI.EDU.CO,KR 32 A 15 A 59,3332348276/3172892553,"PREESCOLAR,BÁSICA SECUNDARIA,BÁSICA PRIMARIA",URBANA,76,VALLE DEL CAUCA,76001,SANTIAGO DE CALI,MUNICIPIO,NO,NO,NO APLICA,3818,SECRETARÍA DE EDUCACIÓN DE CALI,340.0,320.0,No aporta información,2 - MEDIA,3.42525268963459,-76.52541783019676,\N,2026-08-29T08:58:22Z
176001005121,2026-08-29,176001005121,INSTITUCION EDUCATIVA TECNICO COMERCIAL VILLA DEL SUR,INSTITUCION EDUCATIVA TECNICO COMERCIAL VILLA DEL SUR,S,OFICIAL,IE_VILLADELSUR@CALI.GOV.CO,CL 30 A 41 E 99,3192341222,"MEDIA,BÁSICA SECUNDARIA,BÁSICA PRIMARIA",URBANA,76,VALLE DEL CAUCA,76001,SANTIAGO DE CALI,MUNICIPIO,NO,NO,NO APLICA,3818,SECRETARÍA DE EDUCACIÓN DE CALI,966.0,966.0,No aporta información,2 - MEDIA,3.41472423962091,-76.51408776309879,\N,2026-08-29T08:58:22Z
176001005210,2026-08-29,176001002253,INSTITUCION EDUCATIVA NORMAL SUPERIOR LOS FARALLONES,MARIA PERLAZA,N,OFICIAL,IE.NORMALFARALLONES@CALI.EDU.CO,CL 5 OESTE 18 02,3146160577 - 6025577936,"PREESCOLAR,BÁSICA PRIMARIA",URBANA,76,VALLE DEL CAUCA,76001,SANTIAGO DE CALI,MUNICIPIO,NO,NO,NO APLICA,3818,SECRETARÍA DE EDUCACIÓN DE CALI,146.0,146.0,No aporta información,2 - MEDIA,3.442827025830045,-76.54505499781602,\N,2026-08-29T08:58:22Z
176001005261,2026-08-29,176001001770,INSTITUCION EDUCATIVA EUSTAQUIO PALACIOS,MARISCAL JORGE ROBLEDO,N,OFICIAL,JBORRERO@VALLEDELCAUCA.GOV.CO,KR 49 OESTE 9 02,3217006463,"PREESCOLAR,BÁSICA PRIMARIA",URBANA,76,VALLE DEL CAUCA,76001,SANTIAGO DE CALI,MUNICIPIO,NO,NO,NO APLICA,3818,SECRETARÍA DE EDUCACIÓN DE CALI,162.0,162.0,No aporta información,2 - MEDIA,3.421737327735539,-76.55975759561213,\N,2026-08-29T08:58:22Z
176001005309,2026-08-29,176001006356,INSTITUCION EDUCATIVA  LIBARDO MADRID VALDERRAMA,SEDE ANGELICA SIERRA ARIZABALETA,N,OFICIAL,IE.LIBARDOMVALDERRAMA@CALI.EDU.CO,IND CARRERA 41F 39 58,6023273564,"PREESCOLAR,BÁSICA PRIMARIA",URBANA,76,VALLE DEL CAUCA,76001,SANTIAGO DE CALI,MUNICIPIO,NO,NO,NO APLICA,3818,SECRETARÍA DE EDUCACIÓN DE CALI,265.0,265.0,No aporta información,3 - BAJA,\N,\N,\N,2026-08-29T08:58:22Z
176001005333,2026-08-29,176001029411,INSTITUCION EDUCATIVA AGUSTIN NIETO CABALLERO,ANTONIO RICAURTE,N,OFICIAL,IE.AGUSTINNIETO@CALI.EDU.CO,CL 26 B KR 46,\N,"PREESCOLAR,BÁSICA SECUNDARIA,BÁSICA PRIMARIA",URBANA,76,VALLE DEL CAUCA,76001,SANTIAGO DE CALI,MUNICIPIO,NO,NO,NO APLICA,3818,SECRETARÍA DE EDUCACIÓN DE CALI,69.0,69.0,Reporta afectación sin definir el impacto,2 - MEDIA,3.4204923357390746,-76.51826919886247,\N,2026-08-29T08:58:22Z
176001005341,2026-08-29,176001005341,INSTITUCION EDUCATIVA TECNICA CIUDAD DE CALI,INSTITUCION EDUCATIVA TECNICA CIUDAD DE CALI,S,OFICIAL,IE.CIUDADDECALI@CALI.EDU.CO,CL 30 25 00,3044352819,"MEDIA,BÁSICA SECUNDARIA,BÁSICA PRIMARIA",URBANA,76,VALLE DEL CAUCA,76001,SANTIAGO DE CALI,MUNICIPIO,NO,NO,NO APLICA,3818,SECRETARÍA DE EDUCACIÓN DE CALI,981.0,530.0,No aporta información,2 - MEDIA,3.4322350342779555,-76.51428725017729,\N,2026-08-29T08:58:26Z
176001005368,2026-08-29,176001005368,INSTITUCION EDUCATIVA REPUBLICA DE ARGENTINA,INSTITUCION EDUCATIVA REPUBLICA DE ARGENTINA,S,OFICIAL,IE_ARGENTINA@CALI.GOV.CO,KR 11 D 23 49,3183778046-3172426985-3173186497-3116026836,"PREESCOLAR,MEDIA,BÁSICA SECUNDARIA,BÁSICA PRIMARIA",URBANA,76,VALLE DEL CAUCA,76001,SANTIAGO DE CALI,MUNICIPIO,NO,NO,NO APLICA,3818,SECRETARÍA DE EDUCACIÓN DE CALI,285.0,285.0,Reporta afectación sin definir el impacto,3 - BAJA,\N,\N,\N,2026-08-29T08:58:26Z
176001005406,2026-08-29,176001005368,INSTITUCION EDUCATIVA REPUBLICA DE ARGENTINA,JOSE MARIA CORDOBA,N,OFICIAL,JBORRERO@VALLEDELCAUCA.GOV.CO,CL 18 8 A 15,3183778046-3172426985-3173186497-3116026836,"PREESCOLAR,BÁSICA PRIMARIA",URBANA,76,VALLE DEL CAUCA,76001,SANTIAGO DE CALI,MUNICIPIO,NO,NO,NO APLICA,3818,SECRETARÍA DE EDUCACIÓN DE CALI,145.0,145.0,No aporta información,2 - MEDIA,3.4500512003486223,-76.52516256043404,\N,2026-08-29T08:58:22Z
176001005414,2026-08-29,176001005368,INSTITUCION EDUCATIVA REPUBLICA DE ARGENTINA,SEBASTIAN DE BELALCAZAR,N,OFICIAL,JBORRERO@VALLEDELCAUCA.GOV.CO,CL 17 14 57,3183778046-3172426985-3173186497-3116026836,"PREESCOLAR,MEDIA,BÁSICA SECUNDARIA,BÁSICA PRIMARIA",URBANA,76,VALLE DEL CAUCA,76001,SANTIAGO DE CALI,MUNICIPIO,NO,NO,NO APLICA,3818,SECRETARÍA DE EDUCACIÓN DE CALI,118.0,97.0,No aporta información,2 - MEDIA,3.443326999868073,-76.5241400000613,\N,2026-08-29T08:58:22Z
176001005431,2026-08-29,176001001818,INSTITUCION EDUCATIVA DE SANTA LIBRADA,SEDE REPUBLICA DE MEXICO,N,OFICIAL,IE.SANTALIBRADA@CALI.EDU.CO,CL 20 5 65,3106713870,"PREESCOLAR,BÁSICA PRIMARIA",URBANA,76,VALLE DEL CAUCA,76001,SANTIAGO DE CALI,MUNICIPIO,NO,NO,NO APLICA,3818,SECRETARÍA DE EDUCACIÓN DE CALI,119.0,119.0,No aporta información,2 - MEDIA,3.454237470427471,-76.52496453042292,\N,2026-08-29T08:58:22Z
176001005643,2026-08-29,176001003918,INSTITUCION EDUCATIVA TECNICO COMERCIAL JUAN XXIII,NIÑO JESUS DE PRAGA,N,OFICIAL,JBORRERO@VALLEDELCAUCA.GOV.CO,KR 28 C 44 90,6024416028,"MEDIA,BÁSICA SECUNDARIA,BÁSICA PRIMARIA",URBANA,76,VALLE DEL CAUCA,76001,SANTIAGO DE CALI,MUNICIPIO,NO,NO,NO APLICA,3818,SECRETARÍA DE EDUCACIÓN DE CALI,318.0,292.0,No aporta información,2 - MEDIA,3.4301339998454363,-76.50181100015044,\N,2026-08-29T08:58:22Z
176001005716,2026-08-29,176001005716,INSTITUCION EDUCATIVA JOAQUIN DE CAYCEDO Y CUERO,INSTITUCION EDUCATIVA JOAQUIN DE CAYCEDO Y CUERO,S,OFICIAL,IE.JOAQUINCCUERO@CALI.EDU.CO,KR 35 15 33,3332348276/3172892553,"MEDIA,BÁSICA SECUNDARIA,BÁSICA PRIMARIA",URBANA,76,VALLE DEL CAUCA,76001,SANTIAGO DE CALI,MUNICIPIO,NO,NO,NO APLICA,3818,SECRETARÍA DE EDUCACIÓN DE CALI,482.0,384.0,Reporta afectación sin definir el impacto,2 - MEDIA,3.421868169929923,-76.52540758041935,\N,2026-08-29T08:58:26Z
176001005805,2026-08-29,176001005805,INSTITUCION EDUCATIVA CIUDAD MODELO,INSTITUCION EDUCATIVA CIUDAD MODELO,S,OFICIAL,IE.CIUDADMODELO@CALI.EDU.CO,IND KR 40 B CL 31 C -00,3113856846- 3124555947,"PREESCOLAR,MEDIA,BÁSICA SECUNDARIA,BÁSICA PRIMARIA",URBANA,76,VALLE DEL CAUCA,76001,SANTIAGO DE CALI,MUNICIPIO,NO,NO,NO APLICA,3818,SECRETARÍA DE EDUCACIÓN DE CALI,819.0,819.0,No aporta información,2 - MEDIA,3.418719000413156,-76.51445899997476,\N,2026-08-29T08:58:26Z
176001005813,2026-08-29,176001005813,INSTITUCION EDUCATIVA INEM JORGE ISAACS,INSTITUCION EDUCATIVA INEM JORGE ISAACS,S,OFICIAL,RECTORNEM@EMCALI.NET.CO,KR 5 NORTE 61 126,6023904695,"MEDIA,BÁSICA SECUNDARIA,BÁSICA PRIMARIA",URBANA,76,VALLE DEL CAUCA,76001,SANTIAGO DE CALI,MUNICIPIO,NO,NO,NO APLICA,3818,SECRETARÍA DE EDUCACIÓN DE CALI,2303.0,2303.0,Reporta afectación sin definir el impacto,2 - MEDIA,3.482522828045005,-76.50185609378107,\N,2026-08-29T08:58:22Z
176001006062,2026-08-29,276001043884,INSTITUCION EDUCATIVA ISAIAS GAMBOA - EL AGUACATAL,LA INMACULADA,N,OFICIAL,JBORRERO@VALLEDELCAUCA.GOV.CO,CL 10 OESTE 5 45,3108626600-3108655222-3108741222-3108700223,"PREESCOLAR,MEDIA,BÁSICA SECUNDARIA,BÁSICA PRIMARIA",URBANA,76,VALLE DEL CAUCA,76001,SANTIAGO DE CALI,MUNICIPIO,NO,NO,NO APLICA,3818,SECRETARÍA DE EDUCACIÓN DE CALI,332.0,246.0,Reporta afectación sin definir el impacto,2 - MEDIA,3.45520739966151,-76.55209310043773,\N,2026-08-29T08:58:25Z
176001006071,2026-08-29,176001006071,INSTITUCION EDUCATIVA SANTA FE,INSTITUCION EDUCATIVA SANTA FE,S,OFICIAL,IE_SANTAFE@CALI.GOV.CO,CL 34 17 B 41,3719880,"MEDIA,BÁSICA SECUNDARIA,BÁSICA PRIMARIA",URBANA,76,VALLE DEL CAUCA,76001,SANTIAGO DE CALI,MUNICIPIO,NO,NO,NO APLICA,3818,SECRETARÍA DE EDUCACIÓN DE CALI,402.0,319.0,Reporta afectación sin definir el impacto,2 - MEDIA,3.4405694130290447,-76.5298484433489,\N,2026-08-29T08:58:22Z
176001006119,2026-08-29,176001006119,INSTITUCION EDUCATIVA GENERAL FRANCISCO DE PAULA SANTANDER,INSTITUCION EDUCATIVA GENERAL FRANCISCO DE PAULA SANTANDER - SEDE PRINCIPAL,S,OFICIAL,IE_FRANCISCOPSANTANDER@CALI.GOV,CL 27 31 A 60,\N,"MEDIA,BÁSICA SECUNDARIA,BÁSICA PRIMARIA",URBANA,76,VALLE DEL CAUCA,76001,SANTIAGO DE CALI,MUNICIPIO,NO,NO,NO APLICA,3818,SECRETARÍA DE EDUCACIÓN DE CALI,251.0,198.0,No aporta información,2 - MEDIA,3.4255639996807807,-76.51706300038778,\N,2026-08-29T08:58:26Z
176001006356,2026-08-29,176001006356,INSTITUCION EDUCATIVA  LIBARDO MADRID VALDERRAMA,INSTITUCION EDUCATIVA LIBARDO MADRID VALDERRAMA - SEDE PRINCIPAL,S,OFICIAL,COLIBARDO@HOTMAIL.COM,KR 41 H 39 73,6023273564,"MEDIA,BÁSICA SECUNDARIA,BÁSICA PRIMARIA",URBANA,76,VALLE DEL CAUCA,76001,SANTIAGO DE CALI,MUNICIPIO,NO,NO,NO APLICA,3818,SECRETARÍA DE EDUCACIÓN DE CALI,760.0,702.0,No aporta información,2 - MEDIA,3.4123469995825935,-76.511700999576,\N,2026-08-29T08:58:22Z
176001006445,2026-08-29,176001001664,INSTITUCION EDUCATIVA  VICENTE BORRERO COSTA,PRESBITERO ELOY VALENZUELA,N,OFICIAL,JBORRERO@VALLEDELCAUCA.GOV.CO,IND CALLE 74 7 PBIS-46,6620161,"PREESCOLAR,MEDIA,BÁSICA SECUNDARIA,BÁSICA PRIMARIA",URBANA,76,VALLE DEL CAUCA,76001,SANTIAGO DE CALI,MUNICIPIO,NO,NO,NO APLICA,3818,SECRETARÍA DE EDUCACIÓN DE CALI,710.0,652.0,No aporta información,2 - MEDIA,3.453586233362216,-76.48030038612464,\N,2026-08-29T08:58:22Z
176001006453,2026-08-29,176001040079,INSTITUCION EDUCATIVA SANTO TOMAS,JORGE ISAACS,N,OFICIAL,IE.SANTOTOMAS@CALI.EDU.CO,CL 30 5 33,3045672406 / 6024441670,"PREESCOLAR,BÁSICA PRIMARIA,PRIMERA INFANCIA",URBANA,76,VALLE DEL CAUCA,76001,SANTIAGO DE CALI,MUNICIPIO,NO,NO,NO APLICA,3818,SECRETARÍA DE EDUCACIÓN DE CALI,175.0,175.0,No aporta información,2 - MEDIA,3.4570880500292223,-76.51664644979388,\N,2026-08-29T08:58:22Z
176001006461,2026-08-29,176001007875,INSTITUCION EDUCATIVA TECNICO INDUSTRIAL PEDRO ANTONIO MOLINA,SAN LUIS,N,OFICIAL,IE.PEDROANTONIOMOLINA@CALI.EDU.CO,CL 72 1 B 03,3165402335,"PREESCOLAR,MEDIA,BÁSICA SECUNDARIA,BÁSICA PRIMARIA",URBANA,76,VALLE DEL CAUCA,76001,SANTIAGO DE CALI,MUNICIPIO,NO,NO,NO APLICA,3818,SECRETARÍA DE EDUCACIÓN DE CALI,542.0,542.0,No aporta información,2 - MEDIA,3.4790660004427165,-76.48608600008505,\N,2026-08-29T08:58:22Z
176001006470,2026-08-29,176001040101,INSTITUCION EDUCATIVA  ALFONSO LOPEZ PUMAREJO,RAFAEL POMBO,N,OFICIAL,IE.ALFONSOLPUMAREJO@CALI.EDU.CO,KR 7 R BIS 72 124,\N,"PREESCOLAR,BÁSICA SECUNDARIA,BÁSICA PRIMARIA",URBANA,76,VALLE DEL CAUCA,76001,SANTIAGO DE CALI,MUNICIPIO,NO,NO,NO APLICA,3818,SECRETARÍA DE EDUCACIÓN DE CALI,433.0,433.0,Reporta afectación sin definir el impacto,2 - MEDIA,3.4540697404286105,-76.48319137042314,\N,2026-08-29T08:58:22Z
176001006488,2026-08-29,176001006119,INSTITUCION EDUCATIVA GENERAL FRANCISCO DE PAULA SANTANDER,JULIO ARBOLEDA,N,OFICIAL,JBORRERO@VALLEDELCAUCA.GOV.CO,CL 35 E 30 24,\N,"PREESCOLAR,BÁSICA SECUNDARIA,BÁSICA PRIMARIA,PRIMERA INFANCIA",URBANA,76,VALLE DEL CAUCA,76001,SANTIAGO DE CALI,MUNICIPIO,NO,NO,NO APLICA,3818,SECRETARÍA DE EDUCACIÓN DE CALI,153.0,153.0,No aporta información,2 - MEDIA,3.425632999737464,-76.50650600006712,\N,2026-08-29T08:58:22Z
176001006496,2026-08-29,176001007131,INSTITUCION EDUCATIVA CARLOS HOLMES TRUJILLO,POLICARPA SALAVARRIETA,N,OFICIAL,JBORRERO@VALLEDELCAUCA.GOV.CO,CL 44 KR 40,6023384945- 6023384737- 3136065645,"PREESCOLAR,BÁSICA SECUNDARIA,BÁSICA PRIMARIA,PRIMERA INFANCIA",URBANA,76,VALLE DEL CAUCA,76001,SANTIAGO DE CALI,MUNICIPIO,NO,NO,NO APLICA,3818,SECRETARÍA DE EDUCACIÓN DE CALI,395.0,372.0,Reporta afectación sin definir el impacto,2 - MEDIA,3.412711768329761,-76.50565142465248,\N,2026-08-29T08:58:22Z
176001007093,2026-08-29,176001008723,INSTITUCION ETNOEDUCATIVA MANUEL MARIA MALLARINO,LOS PINOS,N,OFICIAL,JBORRERO@VALLEDELCAUCA.GOV.CO,IND CL 69A 7MBIS 00,3122022309,"PREESCOLAR,BÁSICA PRIMARIA",URBANA,76,VALLE DEL CAUCA,76001,SANTIAGO DE CALI,MUNICIPIO,NO,NO,NO APLICA,3818,SECRETARÍA DE EDUCACIÓN DE CALI,130.0,130.0,No aporta información,2 - MEDIA,3.4572546120166017,-76.48861151559001,\N,2026-08-29T08:58:22Z
176001007115,2026-08-29,176001007115,INSTITUCION EDUCATIVA  EL DIAMANTE,INSTITUCION EDUCATIVA EL DIAMANTE - SEDE PRINCIPAL,S,OFICIAL,IE.ELDIAMANTE@CALI.EDU.CO,KR 31 41 00,3236451502 - 3155737260,"PREESCOLAR,MEDIA,BÁSICA SECUNDARIA,BÁSICA PRIMARIA",URBANA,76,VALLE DEL CAUCA,76001,SANTIAGO DE CALI,MUNICIPIO,NO,NO,NO APLICA,3818,SECRETARÍA DE EDUCACIÓN DE CALI,1434.0,1342.0,Reporta afectación sin definir el impacto,2 - MEDIA,3.4197007333598313,-76.50127428102267,\N,2026-08-29T08:58:22Z
176001007131,2026-08-29,176001007131,INSTITUCION EDUCATIVA CARLOS HOLMES TRUJILLO,INSTITUCION EDUCATIVA CARLOS HOLMES TRUJILLO - SEDE PRINCIPAL,S,OFICIAL,IE_HOLMESTRUJILLO@CALI.GOV.CO,IND CL 44 KR 43 ESQUINA,6023384945- 6023384737- 3136065645,"PREESCOLAR,MEDIA,BÁSICA SECUNDARIA,BÁSICA PRIMARIA,PRIMERA INFANCIA",URBANA,76,VALLE DEL CAUCA,76001,SANTIAGO DE CALI,MUNICIPIO,NO,NO,NO APLICA,3818,SECRETARÍA DE EDUCACIÓN DE CALI,985.0,951.0,Reporta afectación sin definir el impacto,2 - MEDIA,3.4061527149780995,-76.51055570328428,\N,2026-08-29T08:58:26Z
176001007166,2026-08-29,176001007166,INSTITUCION EDUCATIVA TECNICO INDUSTRIAL JOSE MARIA CARBONELL,INSTITUCION EDUCATIVA TECNICO INDUSTRIAL JOSE MARIA CARBONELL,S,OFICIAL,JOSEMARIACARBONELL@TELESAT.COM,CL 13 32 88,3369128 - 317 3315328,"PREESCOLAR,MEDIA,BÁSICA SECUNDARIA,BÁSICA PRIMARIA",URBANA,76,VALLE DEL CAUCA,76001,SANTIAGO DE CALI,MUNICIPIO,NO,NO,NO APLICA,3818,SECRETARÍA DE EDUCACIÓN DE CALI,1091.0,1065.0,Reporta afectación sin definir el impacto,2 - MEDIA,3.424695000087751,-76.52966400035646,\N,2026-08-29T08:58:22Z
176001007298,2026-08-29,176001028970,INSTITUCION EDUCATIVA TECNICO INDUSTRIAL DONALD RODRIGO TAFUR,SEDE JOSE MARIA CARBONELL,N,OFICIAL,IE.TIDONALDRTAFUR@CALI.EDU.CO,KR 39 D 39 36,3025936029/6023271425,"PREESCOLAR,BÁSICA PRIMARIA",URBANA,76,VALLE DEL CAUCA,76001,SANTIAGO DE CALI,MUNICIPIO,NO,NO,NO APLICA,3818,SECRETARÍA DE EDUCACIÓN DE CALI,185.0,185.0,No aporta información,2 - MEDIA,3.4085407166984893,-76.51414017979559,\N,2026-08-29T08:58:22Z
176001007336,2026-08-29,176001040101,INSTITUCION EDUCATIVA  ALFONSO LOPEZ PUMAREJO,PURIFICACION TRUJILLO,N,OFICIAL,IE.ALFONSOLPUMAREJO@CALI.EDU.CO,KR 7 J BIS 73 00,\N,"PREESCOLAR,MEDIA,BÁSICA SECUNDARIA,BÁSICA PRIMARIA",URBANA,76,VALLE DEL CAUCA,76001,SANTIAGO DE CALI,MUNICIPIO,NO,NO,NO APLICA,3818,SECRETARÍA DE EDUCACIÓN DE CALI,394.0,394.0,Reporta afectación sin definir el impacto,2 - MEDIA,3.458070634775399,-76.48203332524092,\N,2026-08-29T08:58:22Z
176001007611,2026-08-29,176001006119,INSTITUCION EDUCATIVA GENERAL FRANCISCO DE PAULA SANTANDER,LEON XIII,N,OFICIAL,JBORRERO@VALLEDELCAUCA.GOV.CO,CL 35 KR 29 B,\N,"PREESCOLAR,BÁSICA SECUNDARIA,BÁSICA PRIMARIA",URBANA,76,VALLE DEL CAUCA,76001,SANTIAGO DE CALI,MUNICIPIO,NO,NO,NO APLICA,3818,SECRETARÍA DE EDUCACIÓN DE CALI,220.0,220.0,No aporta información,2 - MEDIA,3.426476295201567,-76.51375149314522,\N,2026-08-29T08:58:22Z
176001007638,2026-08-29,176001008766,INSTITUCION EDUCATIVA LUIS FERNANDO CAICEDO,CECILIA CABALLERO DE LOPEZ,N,OFICIAL,JBORRERO@VALLEDELCAUCA.GOV.CO,AV 5 A OESTE 34 100,6028944361,"PREESCOLAR,MEDIA,BÁSICA SECUNDARIA,BÁSICA PRIMARIA",URBANA,76,VALLE DEL CAUCA,76001,SANTIAGO DE CALI,MUNICIPIO,NO,NO,NO APLICA,3818,SECRETARÍA DE EDUCACIÓN DE CALI,135.0,135.0,No aporta información,2 - MEDIA,3.458304669925334,-76.58379954981915,\N,2026-08-29T08:58:22Z
176001007875,2026-08-29,176001007875,INSTITUCION EDUCATIVA TECNICO INDUSTRIAL PEDRO ANTONIO MOLINA,INSTITUCION EDUCATIVA TECNICO INDUSTRIAL PEDRO ANTONIO MOLINA,S,OFICIAL,ITIPAN2002@HOTMAIL.COM,IND CRA 1A 10 #71 00,3165402335,"MEDIA,BÁSICA SECUNDARIA,BÁSICA PRIMARIA",URBANA,76,VALLE DEL CAUCA,76001,SANTIAGO DE CALI,MUNICIPIO,NO,NO,NO APLICA,3818,SECRETARÍA DE EDUCACIÓN DE CALI,950.0,842.0,No aporta información,2 - MEDIA,3.482401999996457,-76.48744400036806,\N,2026-08-29T08:58:26Z
176001007883,2026-08-29,176001004256,INSTITUCION EDUCATIVA CRISTOBAL COLON,BIENESTAR SOCIAL,N,OFICIAL,IE.CRISTOBALCOLON@CALI.EDU.CO,KR 47 B 45 74,3377969,"PREESCOLAR,BÁSICA PRIMARIA",URBANA,76,VALLE DEL CAUCA,76001,SANTIAGO DE CALI,MUNICIPIO,NO,NO,NO APLICA,3818,SECRETARÍA DE EDUCACIÓN DE CALI,480.0,480.0,No aporta información,2 - MEDIA,3.40156398716087,-76.51506859313332,\N,2026-08-29T08:58:22Z
176001007891,2026-08-29,176001002989,INSTITUCION EDUCATIVA INDUSTRIAL MARICE SINISTERRA,ASTURIAS,N,OFICIAL,IE.MARICESINISTERRA@CALI.EDU.CO,KR 24 B 43 40,3015050677  -  3015050283  -  3008978333,"PREESCOLAR,MEDIA,BÁSICA SECUNDARIA,BÁSICA PRIMARIA",URBANA,76,VALLE DEL CAUCA,76001,SANTIAGO DE CALI,MUNICIPIO,NO,NO,NO APLICA,3818,SECRETARÍA DE EDUCACIÓN DE CALI,114.0,114.0,Reporta afectación sin definir el impacto,2 - MEDIA,3.4384583099857386,-76.50178747956134,\N,2026-08-29T08:58:22Z
176001007905,2026-08-29,176001040119,INSTITUCION EDUCATIVA RODRIGO LLOREDA CAICEDO,SEDE LUIS ENRIQUE MONTOYA,N,OFICIAL,IE.RODRIGOLLOREDAC@CALI.EDU.CO,KR 46 C 38 A 50,3233063812,"PREESCOLAR,BÁSICA PRIMARIA",URBANA,76,VALLE DEL CAUCA,76001,SANTIAGO DE CALI,MUNICIPIO,NO,NO,NO APLICA,3818,SECRETARÍA DE EDUCACIÓN DE CALI,413.0,413.0,Reporta afectación sin definir el impacto,2 - MEDIA,3.4069870002017986,-76.51793899972358,\N,2026-08-29T08:58:22Z
176001008421,2026-08-29,176001001770,INSTITUCION EDUCATIVA EUSTAQUIO PALACIOS,MIGUEL ANTONIO CARO,N,OFICIAL,JBORRERO@VALLEDELCAUCA.GOV.CO,IND CALLE 6 OESTE 42B ESQUINA,3217006463,"PREESCOLAR,BÁSICA PRIMARIA",URBANA,76,VALLE DEL CAUCA,76001,SANTIAGO DE CALI,MUNICIPIO,NO,NO,NO APLICA,3818,SECRETARÍA DE EDUCACIÓN DE CALI,146.0,146.0,No aporta información,2 - MEDIA,3.4231581724166067,-76.55671338567561,\N,2026-08-29T08:58:22Z
176001008642,2026-08-29,176001008642,INSTITUCION EDUCATIVA CARLOS HOLGUIN LLOREDA,INSTITUCION EDUCATIVA CARLOS HOLGUIN LLOREDA - SEDE PRINCIPAL,S,OFICIAL,JBORRERO@VALLEDELCAUCA.GOV.CO,KR 40 18 85,6023362316-6023362302-6023344750,"MEDIA,BÁSICA SECUNDARIA",URBANA,76,VALLE DEL CAUCA,76001,SANTIAGO DE CALI,MUNICIPIO,NO,NO,NO APLICA,3818,SECRETARÍA DE EDUCACIÓN DE CALI,483.0,483.0,Reporta afectación sin definir el impacto,2 - MEDIA,3.418538149687207,-76.52265271963249,\N,2026-08-29T08:58:26Z
176001008669,2026-08-29,176001008669,INSTITUCION EDUCATIVA JOSE HOLGUIN GARCES,INSTITUCION EDUCATIVA  JOSE HOLGUIN GARCES - SEDE PRINCIPAL,S,OFICIAL,JBORRERO@VALLEDELCAUCA.GOV.CO,AV 4 A OESTE 23 108,8942323 - 8942223,"MEDIA,BÁSICA SECUNDARIA,BÁSICA PRIMARIA",URBANA,76,VALLE DEL CAUCA,76001,SANTIAGO DE CALI,MUNICIPIO,NO,NO,NO APLICA,3818,SECRETARÍA DE EDUCACIÓN DE CALI,1287.0,1136.0,Reporta afectación sin definir el impacto,2 - MEDIA,3.4522130300579583,-76.56738395909933,\N,2026-08-29T08:58:22Z
176001008677,2026-08-29,176001020693,INSTITUCION EDUCATIVA HUMBERTO JORDAN MAZUERA,CHARCO AZUL,N,OFICIAL,JBORRERO@VALLEDELCAUCA.GOV.CO,IND DG 70 B1  22 B BIS 01,6561290,"PREESCOLAR,MEDIA,BÁSICA SECUNDARIA,BÁSICA PRIMARIA",URBANA,76,VALLE DEL CAUCA,76001,SANTIAGO DE CALI,MUNICIPIO,NO,NO,NO APLICA,3818,SECRETARÍA DE EDUCACIÓN DE CALI,102.0,102.0,No aporta información,2 - MEDIA,3.42359878006669,-76.56126356998197,\N,2026-08-29T08:58:22Z
176001008723,2026-08-29,176001008723,INSTITUCION ETNOEDUCATIVA MANUEL MARIA MALLARINO,INSTITUCION EDUCATIVA MANUEL MARIA MALLARINO,S,OFICIAL,IEMANUELMARIAMALLARINO@CALI.EDU.CO,IND  CALLE 63 CR 7 L BIS # 63-10,3173775262,"MEDIA,BÁSICA SECUNDARIA,BÁSICA PRIMARIA",URBANA,76,VALLE DEL CAUCA,76001,SANTIAGO DE CALI,MUNICIPIO,NO,NO,NO APLICA,3818,SECRETARÍA DE EDUCACIÓN DE CALI,701.0,684.0,Reporta afectación sin definir el impacto,2 - MEDIA,3.457362626132572,-76.48727784617648,\N,2026-08-29T08:58:22Z
176001008766,2026-08-29,176001008766,INSTITUCION EDUCATIVA LUIS FERNANDO CAICEDO,INSTITUCION EDUCATIVA LUIS FERNANDO CAICEDO - SEDE PRINCIPAL,S,OFICIAL,JBORRERO@VALLEDELCAUCA.GOV.CO,AV 5 A OESTE 47 04,6028944361,"PREESCOLAR,MEDIA,BÁSICA SECUNDARIA,BÁSICA PRIMARIA",URBANA,76,VALLE DEL CAUCA,76001,SANTIAGO DE CALI,MUNICIPIO,NO,NO,NO APLICA,3818,SECRETARÍA DE EDUCACIÓN DE CALI,214.0,214.0,No aporta información,2 - MEDIA,3.4639619998484203,-76.58929800023098,\N,2026-08-29T08:58:26Z
176001008791,2026-08-29,176001008791,INSTITUCION EDUCATIVA BOYACA,INSTITUCION EDUCATIVA BOYACA,S,OFICIAL,IE.BOYACA@CALI.EDU.CO,KR 33 A 25 25,3353916,"MEDIA,BÁSICA SECUNDARIA,BÁSICA PRIMARIA",URBANA,76,VALLE DEL CAUCA,76001,SANTIAGO DE CALI,MUNICIPIO,NO,NO,NO APLICA,3818,SECRETARÍA DE EDUCACIÓN DE CALI,200.0,200.0,Reporta afectación sin definir el impacto,2 - MEDIA,3.42397390514262,-76.51993626721392,\N,2026-08-29T08:58:22Z
176001008995,2026-08-29,176001008642,INSTITUCION EDUCATIVA CARLOS HOLGUIN LLOREDA,JARDIN INFANTIL NACIONAL NO. 2,S,OFICIAL,JBORRERO@VALLEDELCAUCA.GOV.CO,KR 42 A 14 B 15,6023344750-6023362302-6023362316,"PREESCOLAR,BÁSICA PRIMARIA",URBANA,76,VALLE DEL CAUCA,76001,SANTIAGO DE CALI,MUNICIPIO,NO,NO,NO APLICA,3818,SECRETARÍA DE EDUCACIÓN DE CALI,172.0,172.0,No aporta información,2 - MEDIA,3.4147539999762073,-76.5271400003094,\N,2026-08-29T08:58:26Z
176001009011,2026-08-29,176001005813,INSTITUCION EDUCATIVA INEM JORGE ISAACS,CENTRO EDUCATIVO DEL NORTE,N,OFICIAL,IE.INEMJORGEISAACS@CALI.EDU.CO,IND KR 4N  51AN 33,6023904695,"PREESCOLAR,BÁSICA PRIMARIA",URBANA,76,VALLE DEL CAUCA,76001,SANTIAGO DE CALI,MUNICIPIO,NO,NO,NO APLICA,3818,SECRETARÍA DE EDUCACIÓN DE CALI,185.0,185.0,No aporta información,2 - MEDIA,3.4771204001663585,-76.50619202001069,\N,2026-08-29T08:58:22Z
176001009045,2026-08-29,176001005805,INSTITUCION EDUCATIVA CIUDAD MODELO,SEDE PRIMAVERA,N,NO OFICIAL,JBORRERO@VALLEDELCAUCA.GOV.CO,KR 35 34 C 21,3113856846- 3124555947,"PREESCOLAR,MEDIA,BÁSICA SECUNDARIA,BÁSICA PRIMARIA",URBANA,76,VALLE DEL CAUCA,76001,SANTIAGO DE CALI,MUNICIPIO,NO,NO,NO APLICA,3818,SECRETARÍA DE EDUCACIÓN DE CALI,722.0,686.0,Reporta afectación sin definir el impacto,2 - MEDIA,3.42118799979654,-76.50897099966461,\N,2026-08-29T08:58:22Z
176001011163,2026-08-29,176001011163,INSTITUCION EDUCATIVA ALVARO ECHEVERRY PEREA,INSTITUCION EDUCATIVA ALVARO ECHEVERRY - SEDE PRINCIPAL,S,OFICIAL,ALVACOL@HOTMAIL.COM,CL 4 92 04,3505456781,"MEDIA,BÁSICA SECUNDARIA,BÁSICA PRIMARIA",URBANA,76,VALLE DEL CAUCA,76001,SANTIAGO DE CALI,MUNICIPIO,NO,NO,NO APLICA,3818,SECRETARÍA DE EDUCACIÓN DE CALI,443.0,390.0,No aporta información,2 - MEDIA,3.3772767060280757,-76.54725347984514,\N,2026-08-29T08:58:22Z
176001011724,2026-08-29,176001012101,INSTITUCION EDUCATIVA JUAN PABLO II,ALVARO ESCOBAR NAVIA,N,OFICIAL,IE.JUANPII@CALI.EDU.CO,KR 73 1 B 65,6023231730,"PREESCOLAR,MEDIA,BÁSICA SECUNDARIA,BÁSICA PRIMARIA",URBANA,76,VALLE DEL CAUCA,76001,SANTIAGO DE CALI,MUNICIPIO,NO,NO,NO APLICA,3818,SECRETARÍA DE EDUCACIÓN DE CALI,494.0,469.0,No aporta información,2 - MEDIA,3.3901610002855813,-76.55419500009909,\N,2026-08-29T08:58:22Z
176001012089,2026-08-29,176001007875,INSTITUCION EDUCATIVA TECNICO INDUSTRIAL PEDRO ANTONIO MOLINA,LOS VENCEDORES,N,OFICIAL,IE.PEDROANTONIOMOLINA@CALI.EDU.CO,IND KR 1A4 72D 19,3165402335,"PREESCOLAR,MEDIA,BÁSICA SECUNDARIA,BÁSICA PRIMARIA",URBANA,76,VALLE DEL CAUCA,76001,SANTIAGO DE CALI,MUNICIPIO,NO,NO,NO APLICA,3818,SECRETARÍA DE EDUCACIÓN DE CALI,995.0,995.0,No aporta información,2 - MEDIA,3.4881399997809597,-76.48835400003908,\N,2026-08-29T08:58:22Z
176001012101,2026-08-29,176001012101,INSTITUCION EDUCATIVA JUAN PABLO II,INSTITUCION EDUCATIVA JUAN PABLO II - SEDE PRINCIPAL,S,OFICIAL,IE.JUANPII@CALI.EDU.CO,CL 1 A 78 23,6023231730,"PREESCOLAR,MEDIA,BÁSICA SECUNDARIA,BÁSICA PRIMARIA",URBANA,76,VALLE DEL CAUCA,76001,SANTIAGO DE CALI,MUNICIPIO,NO,NO,NO APLICA,3818,SECRETARÍA DE EDUCACIÓN DE CALI,750.0,730.0,No aporta información,2 - MEDIA,3.386423389702064,-76.55576963989263,\N,2026-08-29T08:58:22Z
176001012119,2026-08-29,176001001699,INSTITUCION EDUCATIVA LA MERCED,SAN VICENTE DE PAUL,N,OFICIAL,JBORRERO@VALLEDELCAUCA.GOV.CO,KR 2 B 45 A 20,3206966514,"PREESCOLAR,BÁSICA PRIMARIA",URBANA,76,VALLE DEL CAUCA,76001,SANTIAGO DE CALI,MUNICIPIO,NO,NO,NO APLICA,3818,SECRETARÍA DE EDUCACIÓN DE CALI,230.0,230.0,No aporta información,2 - MEDIA,3.465211080338669,-76.50591902019923,\N,2026-08-29T08:58:22Z
176001012216,2026-08-29,176001007875,INSTITUCION EDUCATIVA TECNICO INDUSTRIAL PEDRO ANTONIO MOLINA,TRES DE JULIO,N,OFICIAL,IE.PEDROANTONIOMOLINA@CALI.EDU.CO,CL 70 C 1 F 00,3165402335,"PREESCOLAR,BÁSICA PRIMARIA",URBANA,76,VALLE DEL CAUCA,76001,SANTIAGO DE CALI,MUNICIPIO,NO,NO,NO APLICA,3818,SECRETARÍA DE EDUCACIÓN DE CALI,330.0,330.0,No aporta información,2 - MEDIA,3.4816826776301864,-76.48804780388458,\N,2026-08-29T08:58:22Z
176001012488,2026-08-29,176001003951,INSTITUCION EDUCATIVA JULIO CAICEDO Y TELLEZ,JARDÍN INFANTIL MI BOSQUESITO,N,OFICIAL,JBORRERO@VALLEDELCAUCA.GOV.CO,CL 57 24 A 03,3164632759,"PREESCOLAR,PRIMERA INFANCIA",URBANA,76,VALLE DEL CAUCA,76001,SANTIAGO DE CALI,MUNICIPIO,NO,NO,NO APLICA,3818,SECRETARÍA DE EDUCACIÓN DE CALI,108.0,108.0,No aporta información,2 - MEDIA,3.4408069998170925,-76.49516200009909,\N,2026-08-29T08:58:22Z
176001012763,2026-08-29,176001006119,INSTITUCION EDUCATIVA GENERAL FRANCISCO DE PAULA SANTANDER,SAN PEDRO CODENAL,N,OFICIAL,JBORRERO@VALLEDELCAUCA.GOV.CO,KR 31 D 31 10,\N,"PREESCOLAR,BÁSICA PRIMARIA",URBANA,76,VALLE DEL CAUCA,76001,SANTIAGO DE CALI,MUNICIPIO,NO,NO,NO APLICA,3818,SECRETARÍA DE EDUCACIÓN DE CALI,152.0,152.0,No aporta información,2 - MEDIA,3.4284330000491106,-76.53360400041281,\N,2026-08-29T08:58:22Z
176001012798,2026-08-29,176001020065,INSTITUCION EDUCATIVA CELMIRA BUENO DE OREJUELA,MARIANO OSPINA PEREZ,N,OFICIAL,IE.CELMIRABUENODEOREJUELA@CALI.EDU.CO,KR 2 CL 67 EQ,6024470928 - 3102138240,"PREESCOLAR,BÁSICA PRIMARIA",URBANA,76,VALLE DEL CAUCA,76001,SANTIAGO DE CALI,MUNICIPIO,NO,NO,NO APLICA,3818,SECRETARÍA DE EDUCACIÓN DE CALI,549.0,549.0,Reporta afectación sin definir el impacto,2 - MEDIA,3.4719081099782634,-76.48892278902248,\N,2026-08-29T08:58:22Z
176001012844,2026-08-29,176001013310,INSTITUCION EDUCATIVA POLITECNICO MUNICIPAL DE CALI,25 DE JULIO,N,OFICIAL,IE.POLITECNICOMUNICIPALCALI@CALI.EDU.CO,CL 6 59 A 51,3102129995,"PREESCOLAR,BÁSICA PRIMARIA",URBANA,76,VALLE DEL CAUCA,76001,SANTIAGO DE CALI,MUNICIPIO,NO,NO,NO APLICA,3818,SECRETARÍA DE EDUCACIÓN DE CALI,125.0,125.0,Reporta afectación sin definir el impacto,2 - MEDIA,3.405608300270955,-76.54517294032462,\N,2026-08-29T08:58:22Z
176001012976,2026-08-29,176001032063,INSTITUCIÓN ETNOEDUCATIVA TÉCNICO INDUSTRIAL LUZ HAYDEE GUERRERO MOLINA,RODRIGO LLOREDA CAICEDO,N,OFICIAL,JBORRERO@VALLEDELCAUCA.GOV.CO,KR 30 44 A 21,3154815672,"PREESCOLAR,BÁSICA PRIMARIA,PRIMERA INFANCIA",URBANA,76,VALLE DEL CAUCA,76001,SANTIAGO DE CALI,MUNICIPIO,NO,NO,NO APLICA,3818,SECRETARÍA DE EDUCACIÓN DE CALI,823.0,823.0,No aporta información,2 - MEDIA,3.4182780004479505,-76.4985280000451,\N,2026-08-29T08:58:22Z
176001013018,2026-08-29,176001004531,ESCUELA NORMAL SUPERIOR SANTIAGO DE CALI,JOAQUIN DE CAICEDO Y CUERO,N,OFICIAL,IE.NORMALSUPERIOR@CALI.EDU.CO,IND KR 36A NO. 12C - 00,3104004388,"PREESCOLAR,BÁSICA PRIMARIA",URBANA,76,VALLE DEL CAUCA,76001,SANTIAGO DE CALI,MUNICIPIO,NO,NO,NO APLICA,3818,SECRETARÍA DE EDUCACIÓN DE CALI,776.0,776.0,Reporta afectación sin definir el impacto,2 - MEDIA,3.4217647707648142,-76.53097058376753,\N,2026-08-29T08:58:22Z
176001013026,2026-08-29,176001007115,INSTITUCION EDUCATIVA  EL DIAMANTE,JUAN PABLO II,N,OFICIAL,IE.ELDIAMANTE@CALI.EDU.CO,KR 33 42 C 09,3236451502 - 315 5737260,"PREESCOLAR,BÁSICA SECUNDARIA,BÁSICA PRIMARIA",URBANA,76,VALLE DEL CAUCA,76001,SANTIAGO DE CALI,MUNICIPIO,NO,NO,NO APLICA,3818,SECRETARÍA DE EDUCACIÓN DE CALI,809.0,809.0,No aporta información,2 - MEDIA,3.417511168966366,-76.5010201125945,\N,2026-08-29T08:58:22Z
176001013271,2026-08-29,176001001818,INSTITUCION EDUCATIVA DE SANTA LIBRADA,SEDE EL PILOTO,N,OFICIAL,IE.SANTALIBRADA@CALI.EDU.CO,KR 4 24 40,3106713870,"PREESCOLAR,BÁSICA PRIMARIA",URBANA,76,VALLE DEL CAUCA,76001,SANTIAGO DE CALI,MUNICIPIO,NO,NO,NO APLICA,3818,SECRETARÍA DE EDUCACIÓN DE CALI,38.0,38.0,No aporta información,2 - MEDIA,3.441258669033394,-76.53591982218097,\N,2026-08-29T08:58:22Z
176001013301,2026-08-29,176001013301,INSTITUCION EDUCATIVA TECNICA DE BALLET CLASICO INCOLBALLET,INSTITUCION EDUCATIVA TECNICA DE BALLET CLASICO INCOLBALLET - SEDE PRINCIPAL,S,OFICIAL,INCOLBALLET@TELESAT.COM.CO,KM 4 VIA JAMUNDI,3155591468,"MEDIA,BÁSICA SECUNDARIA,BÁSICA PRIMARIA",RURAL,76,VALLE DEL CAUCA,76001,SANTIAGO DE CALI,MUNICIPIO,NO,NO,NO APLICA,3818,SECRETARÍA DE EDUCACIÓN DE CALI,262.0,262.0,No aporta información,2 - MEDIA,3.3513529996296194,-76.51537299984376,\N,2026-08-29T08:58:22Z
176001013310,2026-08-29,176001013310,INSTITUCION EDUCATIVA POLITECNICO MUNICIPAL DE CALI,INSTITUCION EDUCATIVA POLITECNICO MUNICIPAL DE CALI - SEDE PRINCIPAL,S,OFICIAL,POLITECNICO@EMCALI.NET.CO,KR 62 2 28,3102129995,"MEDIA,BÁSICA SECUNDARIA,BÁSICA PRIMARIA",URBANA,76,VALLE DEL CAUCA,76001,SANTIAGO DE CALI,MUNICIPIO,NO,NO,NO APLICA,3818,SECRETARÍA DE EDUCACIÓN DE CALI,1117.0,1117.0,Reporta afectación sin definir el impacto,2 - MEDIA,3.4019550001753753,-76.55382000018037,\N,2026-08-29T08:58:22Z
176001014120,2026-08-29,276001043884,INSTITUCION EDUCATIVA ISAIAS GAMBOA - EL AGUACATAL,ALEJANDRO CABAL POMBO,N,OFICIAL,JBORRERO@VALLEDELCAUCA.GOV.CO,CL 26 OESTE 8 17,3108626600-3108655222-3108741222-3108700223,"PREESCOLAR,MEDIA,BÁSICA SECUNDARIA,BÁSICA PRIMARIA",URBANA,76,VALLE DEL CAUCA,76001,SANTIAGO DE CALI,MUNICIPIO,NO,NO,NO APLICA,3818,SECRETARÍA DE EDUCACIÓN DE CALI,170.0,170.0,Reporta afectación sin definir el impacto,2 - MEDIA,3.4554660001243334,-76.57043599965016,\N,2026-08-29T08:58:22Z
176001014138,2026-08-29,176001014138,INSTITUCION EDUCATIVA LA ESPERANZA,INSTITUCION EDUCATIVA LA ESPERANZA,N,OFICIAL,IE.LAESPERANZA@CALI.EDU.CO,IND KR 94 A OESTE 1A 1 46,3174282357,"PREESCOLAR,MEDIA,BÁSICA SECUNDARIA,BÁSICA PRIMARIA",URBANA,76,VALLE DEL CAUCA,76001,SANTIAGO DE CALI,MUNICIPIO,NO,NO,NO APLICA,3818,SECRETARÍA DE EDUCACIÓN DE CALI,464.0,429.0,No aporta información,2 - MEDIA,3.375609000070211,-76.55475400014083,\N,2026-08-29T08:58:22Z
176001014359,2026-08-29,176001014359,INSTITUCION EDUCATIVA LA ANUNCIACION,INSTITUCION EDUCATIVA LA ANUNCIACION - SEDE PRINCIPAL,S,OFICIAL,LAANUNCIACION@HOTMAIL.COM,KR 26 A 74 00,3146850795,"PREESCOLAR,MEDIA,BÁSICA SECUNDARIA,BÁSICA PRIMARIA",URBANA,76,VALLE DEL CAUCA,76001,SANTIAGO DE CALI,MUNICIPIO,NO,NO,NO APLICA,3818,SECRETARÍA DE EDUCACIÓN DE CALI,879.0,781.0,Reporta afectación sin definir el impacto,2 - MEDIA,3.4398209996433393,-76.4801530004343,\N,2026-08-29T08:58:22Z
176001015860,2026-08-29,176001003918,INSTITUCION EDUCATIVA TECNICO COMERCIAL JUAN XXIII,SAN BUENAVENTURA,N,OFICIAL,JBORRERO@VALLEDELCAUCA.GOV.CO,IND DG 29B T29 30,6024416028,PREESCOLAR,URBANA,76,VALLE DEL CAUCA,76001,SANTIAGO DE CALI,MUNICIPIO,NO,NO,NO APLICA,3818,SECRETARÍA DE EDUCACIÓN DE CALI,42.0,42.0,No aporta información,2 - MEDIA,3.4273327742288644,-76.50486027928008,\N,2026-08-29T08:58:22Z
176001015941,2026-08-29,176001007875,INSTITUCION EDUCATIVA TECNICO INDUSTRIAL PEDRO ANTONIO MOLINA,SAN JORGE,N,OFICIAL,IE.PEDROANTONIOMOLINA@CALI.EDU.CO,KR 1 I 74 23,3165402335,"PREESCOLAR,MEDIA,BÁSICA SECUNDARIA,BÁSICA PRIMARIA",URBANA,76,VALLE DEL CAUCA,76001,SANTIAGO DE CALI,MUNICIPIO,NO,NO,NO APLICA,3818,SECRETARÍA DE EDUCACIÓN DE CALI,395.0,395.0,No aporta información,2 - MEDIA,3.4799779970881657,-76.48248856537579,\N,2026-08-29T08:58:22Z
176001015959,2026-08-29,176001015975,INSTITUCION EDUCATIVA CIUDAD CORDOBA,SEDE ENRIQUE OLAYA HERRERA,N,OFICIAL,IE.CIUDADCORDOBA@CALI.EDU.CO,CL 51 40 A 08,3108861818,"PREESCOLAR,MEDIA,BÁSICA SECUNDARIA,BÁSICA PRIMARIA",URBANA,76,VALLE DEL CAUCA,76001,SANTIAGO DE CALI,MUNICIPIO,NO,NO,NO APLICA,3818,SECRETARÍA DE EDUCACIÓN DE CALI,1259.0,1157.0,No aporta información,2 - MEDIA,3.397565732294467,-76.51524050642418,\N,2026-08-29T08:58:22Z
176001015975,2026-08-29,176001015975,INSTITUCION EDUCATIVA CIUDAD CORDOBA,INSTITUCION EDUCATIVA CIUDAD CORDOBA - SEDE PRINCIPAL,S,OFICIAL,IE.CIUDADCORDOBA@CALI.EDU.CO,CL 50 49 C 100,3108861818,"PREESCOLAR,MEDIA,BÁSICA SECUNDARIA,BÁSICA PRIMARIA",URBANA,76,VALLE DEL CAUCA,76001,SANTIAGO DE CALI,MUNICIPIO,NO,NO,NO APLICA,3818,SECRETARÍA DE EDUCACIÓN DE CALI,1192.0,1065.0,No aporta información,2 - MEDIA,3.396305999824628,-76.51402700015464,\N,2026-08-29T08:58:22Z
176001015983,2026-08-29,176001016491,INSTITUCION EDUCATIVA TECNICA GABRIEL GARCIA MARQUEZ,SEDE MARTHA LUCIA AGUDELO MARTINEZ,N,OFICIAL,IE.GABRIELGMARQUEZ@CALI.EDU.CO,KR 32 Q 49 00,6024264409,"PREESCOLAR,MEDIA,BÁSICA SECUNDARIA,BÁSICA PRIMARIA",URBANA,76,VALLE DEL CAUCA,76001,SANTIAGO DE CALI,MUNICIPIO,NO,NO,NO APLICA,3818,SECRETARÍA DE EDUCACIÓN DE CALI,1436.0,1312.0,No aporta información,3 - BAJA,\N,\N,\N,2026-08-29T08:58:22Z
176001015991,2026-08-29,176001007875,INSTITUCION EDUCATIVA TECNICO INDUSTRIAL PEDRO ANTONIO MOLINA,INMACULADA CONCEPCION,N,OFICIAL,IE.PEDROANTONIOMOLINA@CALI.EDU.CO,IND CLL 73A 1A 14 21,3165402335,"PREESCOLAR,BÁSICA SECUNDARIA,BÁSICA PRIMARIA",URBANA,76,VALLE DEL CAUCA,76001,SANTIAGO DE CALI,MUNICIPIO,NO,NO,NO APLICA,3818,SECRETARÍA DE EDUCACIÓN DE CALI,410.0,410.0,No aporta información,2 - MEDIA,3.4810640000769397,-76.48448400030291,\N,2026-08-29T08:58:22Z
176001016009,2026-08-29,176001005813,INSTITUCION EDUCATIVA INEM JORGE ISAACS,LAS AMERICAS,N,OFICIAL,IE.INEMJORGEISAACS@CALI.EDU.CO,IND CL 82  3AN -03,4470128 320 6180085,"PREESCOLAR,MEDIA,BÁSICA SECUNDARIA,BÁSICA PRIMARIA",URBANA,76,VALLE DEL CAUCA,76001,SANTIAGO DE CALI,MUNICIPIO,NO,NO,NO APLICA,3818,SECRETARÍA DE EDUCACIÓN DE CALI,970.0,874.0,No aporta información,2 - MEDIA,3.4971529999134643,-76.49177299968854,\N,2026-08-29T08:58:22Z
176001016491,2026-08-29,176001016491,INSTITUCION EDUCATIVA TECNICA GABRIEL GARCIA MARQUEZ,INSTITUCION EDUCATIVA TECNICA GABRIEL GARCIA MARQUEZ - SEDE PRINCIPAL,S,OFICIAL,IE.GABRIELGMARQUEZ@CALI.EDU.CO,KR 29 B 54 00,6024264409,"MEDIA,BÁSICA SECUNDARIA,BÁSICA PRIMARIA",URBANA,76,VALLE DEL CAUCA,76001,SANTIAGO DE CALI,MUNICIPIO,NO,NO,NO APLICA,3818,SECRETARÍA DE EDUCACIÓN DE CALI,1554.0,1256.0,No aporta información,3 - BAJA,\N,\N,\N,2026-08-29T08:58:26Z
176001017374,2026-08-29,176001017374,INSTITUCION EDUCATIVA GABRIELA MISTRAL,INSTITUCION EDUCATIVA GABRIELA MISTRAL,S,OFICIAL,IE.GABRIELAMISTRAL@CALI.EDU.CO,KR 27 D 96 06,3900731,"PREESCOLAR,MEDIA,BÁSICA SECUNDARIA,BÁSICA PRIMARIA",URBANA,76,VALLE DEL CAUCA,76001,SANTIAGO DE CALI,MUNICIPIO,NO,NO,NO APLICA,3818,SECRETARÍA DE EDUCACIÓN DE CALI,1452.0,1238.0,Reporta afectación sin definir el impacto,2 - MEDIA,3.4192905118334798,-76.4765421350132,\N,2026-08-29T08:58:22Z
176001020065,2026-08-29,176001020065,INSTITUCION EDUCATIVA CELMIRA BUENO DE OREJUELA,INSTITUCION EDUCATIVA CELMIRA BUENO DE OREJUELA,S,OFICIAL,CBOL133@HOTMAIL.COM,IND CL 62B 1A9-250,6024470928 - 3102138240,"PREESCOLAR,MEDIA,BÁSICA SECUNDARIA,BÁSICA PRIMARIA",URBANA,76,VALLE DEL CAUCA,76001,SANTIAGO DE CALI,MUNICIPIO,NO,NO,NO APLICA,3818,SECRETARÍA DE EDUCACIÓN DE CALI,1182.0,1032.0,Reporta afectación sin definir el impacto,3 - BAJA,\N,\N,\N,2026-08-29T08:58:22Z
176001020359,2026-08-29,176001020359,INSTITUCION EDUCATIVA RAFAEL NAVIA VARON,INSTITUCION EDUCATIVA RAFAEL NAVIA VARON,S,OFICIAL,IE.RAFAELNAVIA@CALI.EDU.CO,CL 11 46 45,\N,"MEDIA,BÁSICA SECUNDARIA",URBANA,76,VALLE DEL CAUCA,76001,SANTIAGO DE CALI,MUNICIPIO,NO,NO,NO APLICA,3818,SECRETARÍA DE EDUCACIÓN DE CALI,930.0,930.0,Reporta afectación sin definir el impacto,2 - MEDIA,3.413774456245967,-76.53601129672803,\N,2026-08-29T08:58:22Z
176001020383,2026-08-29,176001025946,INSTITUCION EDUCATIVA SANTA ROSA,JOSE CARDONA HOYOS,N,OFICIAL,IE.SANTAROSA@CALI.EDU.CO,IND CL 72M1 NO 28B1 - 22,6024376659,"PREESCOLAR,MEDIA,BÁSICA SECUNDARIA,BÁSICA PRIMARIA",URBANA,76,VALLE DEL CAUCA,76001,SANTIAGO DE CALI,MUNICIPIO,NO,NO,NO APLICA,3818,SECRETARÍA DE EDUCACIÓN DE CALI,291.0,291.0,Reporta afectación sin definir el impacto,2 - MEDIA,3.4253579428202996,-76.49239888379476,\N,2026-08-29T08:58:22Z
176001020693,2026-08-29,176001020693,INSTITUCION EDUCATIVA HUMBERTO JORDAN MAZUERA,INSTITUCION EDUCATIVA HUMBERTO JORDAN MAZUERA - SEDE PRINCIPAL,S,OFICIAL,JBORRERO@VALLEDELCAUCA.GOV.CO,IND KR 26 I NO 72H2 - 25,6561290,"PREESCOLAR,MEDIA,BÁSICA SECUNDARIA,BÁSICA PRIMARIA",URBANA,76,VALLE DEL CAUCA,76001,SANTIAGO DE CALI,MUNICIPIO,NO,NO,NO APLICA,3818,SECRETARÍA DE EDUCACIÓN DE CALI,866.0,734.0,Reporta afectación sin definir el impacto,3 - BAJA,\N,\N,\N,2026-08-29T08:58:26Z
176001021461,2026-08-29,176001013301,INSTITUCION EDUCATIVA TECNICA DE BALLET CLASICO INCOLBALLET,SEDE CAÑASGORDAS,N,OFICIAL,IE.INCOLBALLET@CALI.EDU.CO,CRA 102 21-81,6025551080,"PREESCOLAR,BÁSICA PRIMARIA",RURAL,76,VALLE DEL CAUCA,76001,SANTIAGO DE CALI,MUNICIPIO,NO,NO,NO APLICA,3818,SECRETARÍA DE EDUCACIÓN DE CALI,171.0,171.0,No aporta información,2 - MEDIA,3.363263999598067,-76.5264010003426,\N,2026-08-29T08:58:22Z
176001021843,2026-08-29,176001001753,INSTITUCION EDUCATIVA TECNICO INDUSTRIAL ANTONIO JOSE CAMACHO,JARDIN INFANTIL DIVINO SALVADOR,N,OFICIAL,JBORRERO@VALLEDELCAUCA.GOV.CO,KR 15 6 110,5573549,"PREESCOLAR,PRIMERA INFANCIA",URBANA,76,VALLE DEL CAUCA,76001,SANTIAGO DE CALI,MUNICIPIO,NO,NO,NO APLICA,3818,SECRETARÍA DE EDUCACIÓN DE CALI,57.0,57.0,No aporta información,2 - MEDIA,3.4405463813882236,-76.53551777937895,\N,2026-08-29T08:58:22Z
176001022360,2026-08-29,176001022360,INSTITUCION EDUCATIVA TECNICA COMERCIAL LAS AMERICAS,INSTITUCION EDUCATIVA TECNICA COMERCIAL LAS AMERICAS - SEDE PRINCIPAL,S,OFICIAL,IE.LASAMERICAS@CALI.EDU.CO,KR 12 38 58,3028002320,"MEDIA,BÁSICA SECUNDARIA,BÁSICA PRIMARIA",URBANA,76,VALLE DEL CAUCA,76001,SANTIAGO DE CALI,MUNICIPIO,NO,NO,NO APLICA,3818,SECRETARÍA DE EDUCACIÓN DE CALI,474.0,391.0,No aporta información,3 - BAJA,\N,\N,\N,2026-08-29T08:58:22Z
176001022416,2026-08-29,176001027001,INSTITUCION EDUCATIVA  MONSEÑOR RAMON ARCILA,RAUL SILVA HOLGUIN,S,OFICIAL,IE.MONSENORRARCILA@CALI.EDU.CO,DG 26 K 83 24,3102921831,"PREESCOLAR,MEDIA,BÁSICA SECUNDARIA,BÁSICA PRIMARIA",URBANA,76,VALLE DEL CAUCA,76001,SANTIAGO DE CALI,MUNICIPIO,NO,NO,NO APLICA,3818,SECRETARÍA DE EDUCACIÓN DE CALI,862.0,862.0,No aporta información,2 - MEDIA,3.428136155730401,-76.4809547540119,\N,2026-08-29T08:58:26Z
176001022441,2026-08-29,176001017374,INSTITUCION EDUCATIVA GABRIELA MISTRAL,ISAIAS HERNAN IBARRA,N,OFICIAL,IE.GABRIELAMISTRAL@CALI.EDU.CO,IND CRA 27F CALLE 112 Y 113,4227890,"PREESCOLAR,MEDIA,BÁSICA SECUNDARIA,BÁSICA PRIMARIA",URBANA,76,VALLE DEL CAUCA,76001,SANTIAGO DE CALI,MUNICIPIO,NO,NO,NO APLICA,3818,SECRETARÍA DE EDUCACIÓN DE CALI,656.0,656.0,Reporta afectación sin definir el impacto,2 - MEDIA,3.4156917833791174,-76.48076556072822,\N,2026-08-29T08:58:22Z
176001022572,2026-08-29,176001012101,INSTITUCION EDUCATIVA JUAN PABLO II,TEMPLO DEL SABER,N,OFICIAL,IE.JUANPII@CALI.EDU.CO,CL 2 C OESTE 75 10,6023231730,"PREESCOLAR,MEDIA,BÁSICA SECUNDARIA,BÁSICA PRIMARIA",URBANA,76,VALLE DEL CAUCA,76001,SANTIAGO DE CALI,MUNICIPIO,NO,NO,NO APLICA,3818,SECRETARÍA DE EDUCACIÓN DE CALI,376.0,376.0,No aporta información,2 - MEDIA,3.3881467003655605,-76.55984576974883,\N,2026-08-29T08:58:22Z
176001023285,2026-08-29,176001003918,INSTITUCION EDUCATIVA TECNICO COMERCIAL JUAN XXIII,JULIO RINCON,N,OFICIAL,JBORRERO@VALLEDELCAUCA.GOV.CO,CL 70 28 E BIS 00,6024416028,"PREESCOLAR,BÁSICA PRIMARIA",URBANA,76,VALLE DEL CAUCA,76001,SANTIAGO DE CALI,MUNICIPIO,NO,NO,NO APLICA,3818,SECRETARÍA DE EDUCACIÓN DE CALI,239.0,239.0,No aporta información,2 - MEDIA,3.4268720918796483,-76.50140636930205,\N,2026-08-29T08:58:22Z
176001023811,2026-08-29,176001027001,INSTITUCION EDUCATIVA  MONSEÑOR RAMON ARCILA,ALFONSO REYES ECHANDIA,S,OFICIAL,IE.MONSENORRARCILA@CALI.EDU.CO,IND DIAGONAL 26 P 16 NO 105 - 04,3102921831,"PREESCOLAR,MEDIA,BÁSICA SECUNDARIA,BÁSICA PRIMARIA",URBANA,76,VALLE DEL CAUCA,76001,SANTIAGO DE CALI,MUNICIPIO,NO,NO,NO APLICA,3818,SECRETARÍA DE EDUCACIÓN DE CALI,401.0,401.0,No aporta información,2 - MEDIA,3.4283677152540104,-76.48134503427362,\N,2026-08-29T08:58:26Z
176001024273,2026-08-29,176001024273,INSTITUCION EDUCATIVA  JESUS VILLAFANE FRANCO,INSTITUCION EDUCATIVA JESUS VILLAFANE FRANCO - SEDE PRINCIPAL,S,OFICIAL,IE.JESUSVFRANCO@CALI.EDU.CO,IND CL 72 P TRANSV. 72 S ESQUINA,3104703056 / 3170961991,"PREESCOLAR,MEDIA,BÁSICA SECUNDARIA,BÁSICA PRIMARIA",URBANA,76,VALLE DEL CAUCA,76001,SANTIAGO DE CALI,MUNICIPIO,NO,NO,NO APLICA,3818,SECRETARÍA DE EDUCACIÓN DE CALI,1228.0,1134.0,No aporta información,2 - MEDIA,3.432613786719772,-76.48741857535057,\N,2026-08-29T08:58:26Z
176001025661,2026-08-29,176001007131,INSTITUCION EDUCATIVA CARLOS HOLMES TRUJILLO,CRISTO MAESTRO,N,OFICIAL,JBORRERO@VALLEDELCAUCA.GOV.CO,CL 44 KR 41 F,6023384945- 6023384737- 3136065645,"PREESCOLAR,BÁSICA SECUNDARIA,BÁSICA PRIMARIA,PRIMERA INFANCIA",URBANA,76,VALLE DEL CAUCA,76001,SANTIAGO DE CALI,MUNICIPIO,NO,NO,NO APLICA,3818,SECRETARÍA DE EDUCACIÓN DE CALI,476.0,476.0,No aporta información,2 - MEDIA,3.4093072737693095,-76.50822196282115,\N,2026-08-29T08:58:22Z
176001025849,2026-08-29,176001017374,INSTITUCION EDUCATIVA GABRIELA MISTRAL,ELIAS SALAZAR GARCIA,S,OFICIAL,IE.GABRIELAMISTRAL@CALI.EDU.CO,IND KR 26 I CALLE 106 - 108,3900731,"PREESCOLAR,MEDIA,BÁSICA SECUNDARIA,BÁSICA PRIMARIA",URBANA,76,VALLE DEL CAUCA,76001,SANTIAGO DE CALI,MUNICIPIO,NO,NO,NO APLICA,3818,SECRETARÍA DE EDUCACIÓN DE CALI,525.0,502.0,Reporta afectación sin definir el impacto,3 - BAJA,\N,\N,\N,2026-08-29T08:58:26Z
176001025946,2026-08-29,176001025946,INSTITUCION EDUCATIVA SANTA ROSA,INSTITUCION EDUCATIVA SANTA ROSA - SEDE PRINCIPAL,S,OFICIAL,IE.SANTAROSA@CALI.EDU.CO,IND CL 72 X 28-3 - 35,6024376659,"PREESCOLAR,MEDIA,BÁSICA SECUNDARIA,BÁSICA PRIMARIA",URBANA,76,VALLE DEL CAUCA,76001,SANTIAGO DE CALI,MUNICIPIO,NO,NO,NO APLICA,3818,SECRETARÍA DE EDUCACIÓN DE CALI,1170.0,1043.0,Reporta afectación sin definir el impacto,2 - MEDIA,3.422723000437448,-76.48799300036406,\N,2026-08-29T08:58:26Z
176001025962,2026-08-29,176001020693,INSTITUCION EDUCATIVA HUMBERTO JORDAN MAZUERA,VILLABLANCA,S,OFICIAL,JBORRERO@VALLEDELCAUCA.GOV.CO,DG 72 F 28 A 05,6561290,"PREESCOLAR,MEDIA,BÁSICA SECUNDARIA,BÁSICA PRIMARIA",URBANA,76,VALLE DEL CAUCA,76001,SANTIAGO DE CALI,MUNICIPIO,NO,NO,NO APLICA,3818,SECRETARÍA DE EDUCACIÓN DE CALI,473.0,421.0,Reporta afectación sin definir el impacto,2 - MEDIA,3.434221481706941,-76.49223482088115,\N,2026-08-29T08:58:26Z
176001027001,2026-08-29,176001027001,INSTITUCION EDUCATIVA  MONSEÑOR RAMON ARCILA,INSTITUCION EDUCATIVA MONSEÑOR RAMON ARCILA - SEDE PRINCIPAL,S,OFICIAL,COLMORA@HOTMAIL.COM,IND DG 26I3 T 80 A 18,3102921831,"MEDIA,BÁSICA SECUNDARIA,BÁSICA PRIMARIA",URBANA,76,VALLE DEL CAUCA,76001,SANTIAGO DE CALI,MUNICIPIO,NO,NO,NO APLICA,3818,SECRETARÍA DE EDUCACIÓN DE CALI,1044.0,865.0,No aporta información,2 - MEDIA,3.4281597696339685,-76.48118318391056,\N,2026-08-29T08:58:26Z
176001028040,2026-08-29,176001014359,INSTITUCION EDUCATIVA LA ANUNCIACION,LOS NARANJOS,N,OFICIAL,IE.LAANUNCIACION@CALI.EDU.CO,IND CR 23 G3 78 00,3146850795,"PREESCOLAR,MEDIA,BÁSICA SECUNDARIA,BÁSICA PRIMARIA",URBANA,76,VALLE DEL CAUCA,76001,SANTIAGO DE CALI,MUNICIPIO,NO,NO,NO APLICA,3818,SECRETARÍA DE EDUCACIÓN DE CALI,363.0,363.0,No aporta información,2 - MEDIA,3.4336867099370916,-76.48105873670099,\N,2026-08-29T08:58:22Z
176001028171,2026-08-29,176001005813,INSTITUCION EDUCATIVA INEM JORGE ISAACS,CECILIA MUÑOZ RICAURTE,N,OFICIAL,IE.INEMJORGEISAACS@CALI.EDU.CO,CL 77 KR 8 NORTE,6023904695,"PREESCOLAR,BÁSICA PRIMARIA",URBANA,76,VALLE DEL CAUCA,76001,SANTIAGO DE CALI,MUNICIPIO,NO,NO,NO APLICA,3818,SECRETARÍA DE EDUCACIÓN DE CALI,323.0,323.0,No aporta información,2 - MEDIA,3.4825914877154434,-76.50233734104168,\N,2026-08-29T08:58:22Z
176001028872,2026-08-29,176001028872,INSTITUCION EDUCATIVA TECNICO INDUSTRIAL CARLOS HOLGUIN MALLARINO,INSTITUCION EDUCATIVA TECNICO INDUSTRIAL CARLOS HOLGUIN MALLARINO - SEDE PRINCIPAL,S,OFICIAL,IE.TICARLOSHMALLARINO@CALI.EDU.CO,CL 55 A 30 B 50,3177043130,"MEDIA,BÁSICA SECUNDARIA,BÁSICA PRIMARIA",URBANA,76,VALLE DEL CAUCA,76001,SANTIAGO DE CALI,MUNICIPIO,NO,NO,NO APLICA,3818,SECRETARÍA DE EDUCACIÓN DE CALI,722.0,543.0,Reporta afectación sin definir el impacto,2 - MEDIA,3.4115243010874123,-76.49227319780842,\N,2026-08-29T08:58:26Z
176001028970,2026-08-29,176001028970,INSTITUCION EDUCATIVA TECNICO INDUSTRIAL DONALD RODRIGO TAFUR,INSTITUCION EDUCATIVA TECNICO INDUSTRIAL DONALD RODRIGO TAFUR - SEDE PRINCIPAL,S,OFICIAL,IE_RODRIGO@CALI.GOV.CO,KR 43 B 40 11,3025936029/6023271425,"MEDIA,BÁSICA SECUNDARIA,BÁSICA PRIMARIA",URBANA,76,VALLE DEL CAUCA,76001,SANTIAGO DE CALI,MUNICIPIO,NO,NO,NO APLICA,3818,SECRETARÍA DE EDUCACIÓN DE CALI,1472.0,1176.0,Reporta afectación sin definir el impacto,2 - MEDIA,3.408727999728724,-76.51441399976893,\N,2026-08-29T08:58:26Z
176001029411,2026-08-29,176001029411,INSTITUCION EDUCATIVA AGUSTIN NIETO CABALLERO,INSTITUCION EDUCATIVA AGUSTIN NIETO CABALLERO,S,OFICIAL,IE.AGUSTINNIETO@CALI.EDU.CO,KR 37 26 C 51,\N,"MEDIA,BÁSICA SECUNDARIA",URBANA,76,VALLE DEL CAUCA,76001,SANTIAGO DE CALI,MUNICIPIO,NO,NO,NO APLICA,3818,SECRETARÍA DE EDUCACIÓN DE CALI,821.0,821.0,No aporta información,2 - MEDIA,3.419627096855235,-76.51857936018062,\N,2026-08-29T08:58:26Z
176001030117,2026-08-29,176001014359,INSTITUCION EDUCATIVA LA ANUNCIACION,PUERTA DEL SOL,N,OFICIAL,CDPUERTADELSOL@YAHOO.COM,CL 84 26 C 04,3146850795,"PREESCOLAR,MEDIA,BÁSICA SECUNDARIA,BÁSICA PRIMARIA",URBANA,76,VALLE DEL CAUCA,76001,SANTIAGO DE CALI,MUNICIPIO,NO,NO,NO APLICA,3818,SECRETARÍA DE EDUCACIÓN DE CALI,724.0,724.0,Reporta afectación sin definir el impacto,2 - MEDIA,3.4311596300408533,-76.47568227031819,\N,2026-08-29T08:58:22Z
176001030125,2026-08-29,176001005813,INSTITUCION EDUCATIVA INEM JORGE ISAACS,CAMILO TORRES,N,OFICIAL,IE.INEMJORGEISAACS@CALI.EDU.CO,IND KR 9N  56BN 57,602-3904695,"PREESCOLAR,BÁSICA SECUNDARIA,BÁSICA PRIMARIA",URBANA,76,VALLE DEL CAUCA,76001,SANTIAGO DE CALI,MUNICIPIO,NO,NO,NO APLICA,3818,SECRETARÍA DE EDUCACIÓN DE CALI,14.0,14.0,No aporta información,2 - MEDIA,3.482366959554637,-76.50241826667238,\N,2026-08-29T08:58:22Z
176001030478,2026-08-29,176001028872,INSTITUCION EDUCATIVA TECNICO INDUSTRIAL CARLOS HOLGUIN MALLARINO,NIÑO JESUS DE ATOCHA,S,OFICIAL,IE.TICARLOSHMALLARINO@CALI.EDU.CO,IND CL 83 28E3 - 05,3177043130,"PREESCOLAR,MEDIA,BÁSICA SECUNDARIA,BÁSICA PRIMARIA",URBANA,76,VALLE DEL CAUCA,76001,SANTIAGO DE CALI,MUNICIPIO,NO,NO,NO APLICA,3818,SECRETARÍA DE EDUCACIÓN DE CALI,669.0,630.0,No aporta información,2 - MEDIA,3.4147047700279534,-76.48935549491843,\N,2026-08-29T08:58:26Z
176001030699,2026-08-29,176001001770,INSTITUCION EDUCATIVA EUSTAQUIO PALACIOS,MANUEL MARIA BUENAVENTURA,N,OFICIAL,JBORRERO@VALLEDELCAUCA.GOV.CO,KR 40 B OESTE 6 52,3217006463,"PREESCOLAR,BÁSICA PRIMARIA",URBANA,76,VALLE DEL CAUCA,76001,SANTIAGO DE CALI,MUNICIPIO,NO,NO,NO APLICA,3818,SECRETARÍA DE EDUCACIÓN DE CALI,72.0,72.0,No aporta información,2 - MEDIA,3.426583713805631,-76.55703499332712,\N,2026-08-29T08:58:22Z
176001030745,2026-08-29,176001040119,INSTITUCION EDUCATIVA RODRIGO LLOREDA CAICEDO,SEDE PRIMITIVO CRESPO,N,OFICIAL,IE.RODRIGOLLOREDAC@CALI.EDU.CO,CL 41 51 A 30,3233063812,"PREESCOLAR,BÁSICA PRIMARIA",URBANA,76,VALLE DEL CAUCA,76001,SANTIAGO DE CALI,MUNICIPIO,NO,NO,NO APLICA,3818,SECRETARÍA DE EDUCACIÓN DE CALI,286.0,264.0,No aporta información,2 - MEDIA,3.4013989999984884,-76.5220920002153,\N,2026-08-29T08:58:22Z
176001030788,2026-08-29,176001030788,INSTITUCION EDUCATIVA TECNICA CIUDADELA DESEPAZ,INSTITUCION EDUCATIVA TECNICA CIUDADELA DESEPAZ - SEDE PRINCIPAL,S,OFICIAL,IETECDESEPAZ@HOTMAIL.COM,KR 23 120 G 16,3135866428 WHATSAPP ATENCIÓN AL USUARIO,"PREESCOLAR,MEDIA,BÁSICA SECUNDARIA,BÁSICA PRIMARIA",URBANA,76,VALLE DEL CAUCA,76001,SANTIAGO DE CALI,MUNICIPIO,NO,NO,NO APLICA,3818,SECRETARÍA DE EDUCACIÓN DE CALI,1000.0,557.0,No aporta información,2 - MEDIA,3.4271519995559574,-76.46357399987609,\N,2026-08-29T08:58:26Z
176001030796,2026-08-29,176001030796,INSTITUCION EDUCATIVA TECNICO INDUSTRIAL VEINTE DE JULIO,INSTITUCION EDUCATIVA TECNICO INDUSTRIAL VEINTE DE JULIO - SEDE PRINCIPAL,S,OFICIAL,IE_VEINTEDEJULIO@CALI.GOV.CO,KR 5 NORTE 33 01,3217547920,"MEDIA,BÁSICA SECUNDARIA",URBANA,76,VALLE DEL CAUCA,76001,SANTIAGO DE CALI,MUNICIPIO,NO,NO,NO APLICA,3818,SECRETARÍA DE EDUCACIÓN DE CALI,327.0,327.0,No aporta información,2 - MEDIA,3.4570040202962256,-76.5165319523244,\N,2026-08-29T08:58:22Z
176001032055,2026-08-29,176001032055,INSTITUCION EDUCATIVA TECNICO INDUSTRIAL COMUNA 17,INSTITUCION EDUCATIVA TECNICO INDUSTRIAL COMUNA 17 - SEDE PRINCIPAL,S,OFICIAL,IE_TICOMUNA17@CALI.GOV.CO,KR 53 18 A 25,3006118835,"PREESCOLAR,MEDIA,BÁSICA SECUNDARIA,BÁSICA PRIMARIA",URBANA,76,VALLE DEL CAUCA,76001,SANTIAGO DE CALI,MUNICIPIO,NO,NO,NO APLICA,3818,SECRETARÍA DE EDUCACIÓN DE CALI,853.0,835.0,No aporta información,2 - MEDIA,3.403942375652992,-76.52362596788603,\N,2026-08-29T08:58:22Z
176001032063,2026-08-29,176001032063,INSTITUCIÓN ETNOEDUCATIVA TÉCNICO INDUSTRIAL LUZ HAYDEE GUERRERO MOLINA,INSTITUCION EDUCATIVA TECNICO INDUSTRIAL LUZ HAYDEE GUERRERO MOLINA - SEDE PRINCIPAL,S,OFICIAL,IELUZHAYDEE@CALI-GOV.CO,IND KR 28E2 72 S 02,3154815672,"MEDIA,BÁSICA SECUNDARIA,BÁSICA PRIMARIA,PRIMERA INFANCIA",URBANA,76,VALLE DEL CAUCA,76001,SANTIAGO DE CALI,MUNICIPIO,NO,NO,NO APLICA,3818,SECRETARÍA DE EDUCACIÓN DE CALI,770.0,703.0,No aporta información,2 - MEDIA,3.4225255899699176,-76.49613029683877,\N,2026-08-29T08:58:22Z
176001037600,2026-08-29,176001037600,INSTITUCION EDUCATIVA TECNICO INDUSTRIAL  MULTIPROPOSITO,INSTITUCION EDUCATIVA TECNICO INDUSTRIAL  MULTIPROPOSITO - SEDE PRINCIPAL,S,OFICIAL,IE.TIMULTIPROPOSITO@CALI.EDU.CO,IND KR 56 7 OESTE - 190,6025135949 - 3016989227,"MEDIA,BÁSICA SECUNDARIA,BÁSICA PRIMARIA",URBANA,76,VALLE DEL CAUCA,76001,SANTIAGO DE CALI,MUNICIPIO,NO,NO,NO APLICA,3818,SECRETARÍA DE EDUCACIÓN DE CALI,519.0,519.0,Reporta afectación sin definir el impacto,2 - MEDIA,3.4122851642807444,-76.56026245059843,\N,2026-08-29T08:58:22Z
176001038070,2026-08-29,176001008723,INSTITUCION ETNOEDUCATIVA MANUEL MARIA MALLARINO,LAURA VICUÑA,N,OFICIAL,JBORRERO@VALLEDELCAUCA.GOV.CO,IND CALLE 63 CR 7 L BIS # 63-10,3122022309,"PREESCOLAR,BÁSICA PRIMARIA",URBANA,76,VALLE DEL CAUCA,76001,SANTIAGO DE CALI,MUNICIPIO,NO,NO,NO APLICA,3818,SECRETARÍA DE EDUCACIÓN DE CALI,217.0,217.0,No aporta información,2 - MEDIA,3.4573381862137893,-76.48862970467788,\N,2026-08-29T08:58:22Z
176001040079,2026-08-29,176001040079,INSTITUCION EDUCATIVA SANTO TOMAS,INSTITUCION EDUCATIVA SANTO TOMAS  CASD,S,OFICIAL,CASDCALI@UNIWEB.NET.CO,IND CL 34 NO 3N 15,3045672406,"MEDIA,BÁSICA SECUNDARIA,BÁSICA PRIMARIA",URBANA,76,VALLE DEL CAUCA,76001,SANTIAGO DE CALI,MUNICIPIO,NO,NO,NO APLICA,3818,SECRETARÍA DE EDUCACIÓN DE CALI,270.0,218.0,No aporta información,2 - MEDIA,3.466743648170388,-76.51708157215796,\N,2026-08-29T08:58:22Z
176001040101,2026-08-29,176001040101,INSTITUCION EDUCATIVA  ALFONSO LOPEZ PUMAREJO,INSTITUCION EDUCATIVA ALFONSO LOPEZ PUMAREJO,S,OFICIAL,IE.ALFONSOLPUMAREJO@CALI.EDU.CO,KR 7 S BIS CL 72 Y 73,\N,"PREESCOLAR,MEDIA,BÁSICA SECUNDARIA,BÁSICA PRIMARIA",URBANA,76,VALLE DEL CAUCA,76001,SANTIAGO DE CALI,MUNICIPIO,NO,NO,NO APLICA,3818,SECRETARÍA DE EDUCACIÓN DE CALI,407.0,323.0,No aporta información,2 - MEDIA,3.4541124458721915,-76.4833097629877,\N,2026-08-29T08:58:26Z
176001040119,2026-08-29,176001040119,INSTITUCION EDUCATIVA RODRIGO LLOREDA CAICEDO,INSTITUCION EDUCATIVA RODRIGO LLOREDA CAICEDO - SEDE PRINCIPAL,S,OFICIAL,IE.RODRIGOLLOREDAC@CALI.EDU.CO,CL 38 A 47 A 45,3233063812,"MEDIA,BÁSICA SECUNDARIA,BÁSICA PRIMARIA",URBANA,76,VALLE DEL CAUCA,76001,SANTIAGO DE CALI,MUNICIPIO,NO,NO,NO APLICA,3818,SECRETARÍA DE EDUCACIÓN DE CALI,776.0,776.0,No aporta información,2 - MEDIA,3.4065446497597422,-76.51848705020033,\N,2026-08-29T08:58:22Z
176001041781,2026-08-29,176001041781,LICEO INFANTIL ESTRELLITAS CREATIVAS,LICEO INFANTIL ESTRELLITAS CREATIVAS,S,NO OFICIAL,LORENASANTAS@YAHOO.COM,IND CL 62 6N 20,6023197501 - 3006117371,"PREESCOLAR,BÁSICA PRIMARIA",URBANA,76,VALLE DEL CAUCA,76001,SANTIAGO DE CALI,MUNICIPIO,NO,NO,NO APLICA,3818,SECRETARÍA DE EDUCACIÓN DE CALI,27.0,27.0,No aporta información,2 - MEDIA,3.4837123101959953,-76.50289891026515,\N,2026-08-29T08:58:22Z
176001042280,2026-08-29,176001027001,INSTITUCION EDUCATIVA  MONSEÑOR RAMON ARCILA,PUERTAS DEL SOL IV Y V,S,OFICIAL,IE.MONSENORRARCILA@CALI.EDU.CO,DG 108 26 I 40,3102921831,"PREESCOLAR,BÁSICA SECUNDARIA,BÁSICA PRIMARIA",URBANA,76,VALLE DEL CAUCA,76001,SANTIAGO DE CALI,MUNICIPIO,NO,NO,NO APLICA,3818,SECRETARÍA DE EDUCACIÓN DE CALI,439.0,439.0,No aporta información,3 - BAJA,\N,\N,\N,2026-08-29T08:58:26Z
176001042409,2026-08-29,176001001672,INSTITUCION EDUCATIVA TECNICO DE COMERCIO SANTA CECILIA,ALTO MENGA,N,OFICIAL,IE.SANTACECILIA@CALI.EDU.CO,CL 53 AN 8 27,6540699,"PREESCOLAR,BÁSICA PRIMARIA",URBANA,76,VALLE DEL CAUCA,76001,SANTIAGO DE CALI,MUNICIPIO,NO,NO,NO APLICA,3818,SECRETARÍA DE EDUCACIÓN DE CALI,273.0,273.0,No aporta información,2 - MEDIA,3.4881932716133055,-76.50857763728317,\N,2026-08-29T08:58:22Z
176001042760,2026-08-29,176001001672,INSTITUCION EDUCATIVA TECNICO DE COMERCIO SANTA CECILIA,BRISAS DE LOS ALAMOS,N,OFICIAL,IE.SANTACECILIA@CALI.EDU.CO,AV 2 BN CL 72,6650489,"PREESCOLAR,MEDIA,BÁSICA SECUNDARIA,BÁSICA PRIMARIA",URBANA,76,VALLE DEL CAUCA,76001,SANTIAGO DE CALI,MUNICIPIO,NO,NO,NO APLICA,3818,SECRETARÍA DE EDUCACIÓN DE CALI,564.0,509.0,No aporta información,2 - MEDIA,3.4882182980397807,-76.50860277034819,\N,2026-08-29T08:58:22Z
176001042778,2026-08-29,176001006356,INSTITUCION EDUCATIVA  LIBARDO MADRID VALDERRAMA,SEDE PABLO NERUDA,N,OFICIAL,IE.LIBARDOMVALDERRAMA@CALI.EDU.CO,KR 39 D 38 44,6023273564,"PREESCOLAR,BÁSICA PRIMARIA",URBANA,76,VALLE DEL CAUCA,76001,SANTIAGO DE CALI,MUNICIPIO,NO,NO,NO APLICA,3818,SECRETARÍA DE EDUCACIÓN DE CALI,198.0,198.0,No aporta información,3 - BAJA,\N,\N,\N,2026-08-29T08:58:22Z
176001042786,2026-08-29,176001004485,INSTITUCION EDUCATIVA JUANA DE CAICEDO Y CUERO,SEDE ANTONIA SANTOS,N,OFICIAL,IE.JUANADECAYCEDOYCUERO@CALI.EDU.CO,KR 38 A 3 A 14,5190421 - 317 5109138,"PREESCOLAR,BÁSICA PRIMARIA",URBANA,76,VALLE DEL CAUCA,76001,SANTIAGO DE CALI,MUNICIPIO,NO,NO,NO APLICA,3818,SECRETARÍA DE EDUCACIÓN DE CALI,132.0,132.0,No aporta información,2 - MEDIA,3.4172880081692596,-76.55343053828388,\N,2026-08-29T08:58:22Z
176001043791,2026-08-29,176001043791,INSTITUCION EDUCATIVA NUEVO LATIR,INSTITUCION EDUCATIVA NUEVO LATIR - SEDE PRINCIPAL,S,OFICIAL,IE.NUEVOLATIR@CALI.EDU.CO,CL 76 28 20,3183892024,"PREESCOLAR,MEDIA,BÁSICA SECUNDARIA,BÁSICA PRIMARIA",URBANA,76,VALLE DEL CAUCA,76001,SANTIAGO DE CALI,MUNICIPIO,NO,NO,NO APLICA,3818,SECRETARÍA DE EDUCACIÓN DE CALI,1557.0,1408.0,Reporta afectación sin definir el impacto,2 - MEDIA,3.420330999662558,-76.48665099997459,\N,2026-08-29T08:58:26Z
176001043987,2026-08-29,176001022360,INSTITUCION EDUCATIVA TECNICA COMERCIAL LAS AMERICAS,ATANASIO GIRARDOT,N,OFICIAL,IE.LASAMERICAS@CALI.EDU.CO,KR 11 B 35 00,3028002320,BÁSICA SECUNDARIA,URBANA,76,VALLE DEL CAUCA,76001,SANTIAGO DE CALI,MUNICIPIO,NO,NO,NO APLICA,3818,SECRETARÍA DE EDUCACIÓN DE CALI,234.0,234.0,No aporta información,2 - MEDIA,3.4495198197709547,-76.50939757994864,\N,2026-08-29T08:58:22Z
176001800001,2026-08-29,176001028872,INSTITUCION EDUCATIVA TECNICO INDUSTRIAL CARLOS HOLGUIN MALLARINO,EL RETIRO,N,OFICIAL,IE.TICARLOSHMALLARINO@CALI.EDU.CO,KR 37 54 A 10,3177043130,"PREESCOLAR,MEDIA,BÁSICA SECUNDARIA,BÁSICA PRIMARIA",URBANA,76,VALLE DEL CAUCA,76001,SANTIAGO DE CALI,MUNICIPIO,NO,NO,NO APLICA,3818,SECRETARÍA DE EDUCACIÓN DE CALI,293.0,262.0,No aporta información,2 - MEDIA,3.408759687333765,-76.49629503977705,\N,2026-08-29T08:58:22Z
176001800036,2026-08-29,176001014138,INSTITUCION EDUCATIVA LA ESPERANZA,ESCUELA MINUTO DE DIOS,N,OFICIAL,IE.LAESPERANZA@CALI.EDU.CO,KR 93 3 00,3174282357,"PREESCOLAR,BÁSICA SECUNDARIA,BÁSICA PRIMARIA",URBANA,76,VALLE DEL CAUCA,76001,SANTIAGO DE CALI,MUNICIPIO,NO,NO,NO APLICA,3818,SECRETARÍA DE EDUCACIÓN DE CALI,151.0,151.0,No aporta información,2 - MEDIA,3.375388124387805,-76.54869850082802,\N,2026-08-29T08:58:22Z
176001800052,2026-08-29,176001800052,INSTITUCION EDUCATIVA OFICIAL  LLANO VERDE,INSTITUCION EDUCATIVA OFICIAL LLANO VERDE  - SEDE PRINCIPAL,N,OFICIAL,FUNCOL.ILLANOVERDE@ARQUIDIOCESANOS.EDU.CO,CL 57 KR 47 50,3187348070 - 3174299270 - 6024850227 EXT 6000,"PREESCOLAR,MEDIA,BÁSICA SECUNDARIA,BÁSICA PRIMARIA",URBANA,76,VALLE DEL CAUCA,76001,SANTIAGO DE CALI,MUNICIPIO,NO,NO,NO APLICA,3818,SECRETARÍA DE EDUCACIÓN DE CALI,1803.0,1803.0,No aporta información,2 - MEDIA,3.3941138507111885,-76.50403052970665,\N,2026-08-29T08:58:22Z
176001800061,2026-08-29,176001007115,INSTITUCION EDUCATIVA  EL DIAMANTE,SEÑOR DE LOS MILAGROS,N,OFICIAL,IE.ELDIAMANTE@CALI.EDU.CO,KR 36 51 A 02,323 6451502 - 315 5737260,"PREESCOLAR,BÁSICA SECUNDARIA,BÁSICA PRIMARIA",URBANA,76,VALLE DEL CAUCA,76001,SANTIAGO DE CALI,MUNICIPIO,NO,NO,NO APLICA,3818,SECRETARÍA DE EDUCACIÓN DE CALI,439.0,424.0,Reporta afectación sin definir el impacto,2 - MEDIA,3.410406000320568,-76.49755700027471,\N,2026-08-29T08:58:22Z
176001800079,2026-08-29,176001800052,INSTITUCION EDUCATIVA OFICIAL  LLANO VERDE,AGUACATAL,N,OFICIAL,FUNCOL.ILLANOVERDE@ARQUIDIOCESANOS.EDU.CO,IND AV 9 OESTE 19C1 - 100,3187348070 - 3165247893 - EXT. 4850227 4301 - 4310,"PREESCOLAR,MEDIA,BÁSICA SECUNDARIA,BÁSICA PRIMARIA",URBANA,76,VALLE DEL CAUCA,76001,SANTIAGO DE CALI,MUNICIPIO,NO,NO,NO APLICA,3818,SECRETARÍA DE EDUCACIÓN DE CALI,495.0,495.0,No aporta información,2 - MEDIA,3.4558189995910396,-76.56279499991204,\N,2026-08-29T08:58:22Z
176001800087,2026-08-29,176001800052,INSTITUCION EDUCATIVA OFICIAL  LLANO VERDE,CALIMIO DESEPAZ,N,OFICIAL,FUNCOL.ILLANOVERDE@ARQUIDIOCESANOS.EDU.CO,IND CL 123 26M3 01,3187348070 - 3162824060 - 4850227 EXT 3600 - 3621,"PREESCOLAR,MEDIA,BÁSICA SECUNDARIA,BÁSICA PRIMARIA",URBANA,76,VALLE DEL CAUCA,76001,SANTIAGO DE CALI,MUNICIPIO,NO,NO,NO APLICA,3818,SECRETARÍA DE EDUCACIÓN DE CALI,2192.0,2192.0,No aporta información,2 - MEDIA,3.4142420003204563,-76.4680090004001,\N,2026-08-29T08:58:22Z
176001800095,2026-08-29,176001800052,INSTITUCION EDUCATIVA OFICIAL  LLANO VERDE,CALIMIO NORTE,N,OFICIAL,FUNCOL.ILLANOVERDE@ARQUIDIOCESANOS.EDU.CO,IND CL 73 A NO 1A2 - 165,3187348070 - 3165278775 - 4850227 EXT. 3701 - 3720,"PREESCOLAR,MEDIA,BÁSICA SECUNDARIA,BÁSICA PRIMARIA",URBANA,76,VALLE DEL CAUCA,76001,SANTIAGO DE CALI,MUNICIPIO,NO,NO,NO APLICA,3818,SECRETARÍA DE EDUCACIÓN DE CALI,858.0,858.0,No aporta información,2 - MEDIA,3.4899920002709637,-76.48678900006684,\N,2026-08-29T08:58:22Z
176001800109,2026-08-29,176001800052,INSTITUCION EDUCATIVA OFICIAL  LLANO VERDE,COMUNEROS II,N,OFICIAL,FUNCOL.ILLANOVERDE@ARQUIDIOCESANOS.EDU.CO,IND CL 72 L 28 3 24,3187348070 - 3164677048 - EXT. 48502275000 - 5010,"PREESCOLAR,MEDIA,BÁSICA SECUNDARIA,BÁSICA PRIMARIA",URBANA,76,VALLE DEL CAUCA,76001,SANTIAGO DE CALI,MUNICIPIO,NO,NO,NO APLICA,3818,SECRETARÍA DE EDUCACIÓN DE CALI,1044.0,1044.0,No aporta información,2 - MEDIA,3.4256179995696114,-76.49271000002204,\N,2026-08-29T08:58:22Z
176001800117,2026-08-29,176001800052,INSTITUCION EDUCATIVA OFICIAL  LLANO VERDE,SAN FELIPE,N,OFICIAL,FUNCOL.ILLANOVERDE@ARQUIDIOCESANOS.EDU.CO,CL 119 KR 23 EQSQUINA,3187348070 - 3165277785 - 4850227 EXT. 4100 - 4110,"PREESCOLAR,MEDIA,BÁSICA SECUNDARIA,BÁSICA PRIMARIA",URBANA,76,VALLE DEL CAUCA,76001,SANTIAGO DE CALI,MUNICIPIO,NO,NO,NO APLICA,3818,SECRETARÍA DE EDUCACIÓN DE CALI,1472.0,1415.0,No aporta información,2 - MEDIA,3.427962264339867,-76.46426409915208,\N,2026-08-29T08:58:22Z
176001800125,2026-08-29,176001800052,INSTITUCION EDUCATIVA OFICIAL  LLANO VERDE,INVICALI DESEPAZ,N,OFICIAL,FUNCOL.ILLANOVERDE@ARQUIDIOCESANOS.EDU.CO,KR 23 120 F 22,3187348070 - 3162730195 - EXT. 4000,"PREESCOLAR,MEDIA,BÁSICA SECUNDARIA,BÁSICA PRIMARIA",URBANA,76,VALLE DEL CAUCA,76001,SANTIAGO DE CALI,MUNICIPIO,NO,NO,NO APLICA,3818,SECRETARÍA DE EDUCACIÓN DE CALI,1492.0,1492.0,No aporta información,2 - MEDIA,3.4274509998672436,-76.46354799993685,\N,2026-08-29T08:58:22Z
176001800133,2026-08-29,176001800052,INSTITUCION EDUCATIVA OFICIAL  LLANO VERDE,SAN LUIS,N,OFICIAL,FUNCOL.ILLANOVERDE@ARQUIDIOCESANOS.EDU.CO,IND CL 72C 1A2 49,3187348070 - 3164784577 - 4850227 EXT. 4200 - 4210,"PREESCOLAR,MEDIA,BÁSICA SECUNDARIA,BÁSICA PRIMARIA",URBANA,76,VALLE DEL CAUCA,76001,SANTIAGO DE CALI,MUNICIPIO,NO,NO,NO APLICA,3818,SECRETARÍA DE EDUCACIÓN DE CALI,904.0,904.0,No aporta información,2 - MEDIA,3.489455000432003,-76.48895900011158,\N,2026-08-29T08:58:22Z
176001800141,2026-08-29,176001800052,INSTITUCION EDUCATIVA OFICIAL  LLANO VERDE,NARIÑO,N,OFICIAL,FUNCOL.ILLANOVERDE@ARQUIDIOCESANOS.EDU.CO,IND KR 24F 82 90,3187348070 - 3186104911 - 4850227 EXT. 1500 - 1520,"PREESCOLAR,MEDIA,BÁSICA SECUNDARIA,BÁSICA PRIMARIA",URBANA,76,VALLE DEL CAUCA,76001,SANTIAGO DE CALI,MUNICIPIO,NO,NO,NO APLICA,3818,SECRETARÍA DE EDUCACIÓN DE CALI,1599.0,1599.0,No aporta información,2 - MEDIA,3.436203588560589,-76.47180617820777,\N,2026-08-29T08:58:22Z
176001800206,2026-08-29,176001800206,INSTITUCION EDUCATIVA GENERAL JOSE MARIA CABAL,INSTITUCION EDUCATIVA GENERAL JOSE MARIA CABAL-SEDE PRINCIPAL,N,OFICIAL,IE.JOSEMARIACABAL@CALI.EDU.CO,IND CL 2 C 83 30,3206959502,"PREESCOLAR,MEDIA,BÁSICA SECUNDARIA,BÁSICA PRIMARIA",URBANA,76,VALLE DEL CAUCA,76001,SANTIAGO DE CALI,MUNICIPIO,NO,NO,NO APLICA,3818,SECRETARÍA DE EDUCACIÓN DE CALI,1759.0,1687.0,Reporta afectación sin definir el impacto,2 - MEDIA,3.3823059846495127,-76.5592545318665,\N,2026-08-29T08:58:22Z
176001800214,2026-08-29,176001043791,INSTITUCION EDUCATIVA NUEVO LATIR,ISAIAS DUARTE CANCINO,N,OFICIAL,IE.NUEVOLATIR@CALI.EDU.CO,IND CALLE 96 KR 28 E3 - 02,3183892024,"PREESCOLAR,MEDIA,BÁSICA SECUNDARIA,BÁSICA PRIMARIA",URBANA,76,VALLE DEL CAUCA,76001,SANTIAGO DE CALI,MUNICIPIO,NO,NO,NO APLICA,3818,SECRETARÍA DE EDUCACIÓN DE CALI,1635.0,1585.0,Reporta afectación sin definir el impacto,2 - MEDIA,3.4111536296540628,-76.4861935472892,\N,2026-08-29T08:58:22Z
176001800231,2026-08-29,176001005341,INSTITUCION EDUCATIVA TECNICA CIUDAD DE CALI,CENTRO DE FORMACION JUVENIL BUEN PASTOR,N,OFICIAL,IE.CIUDADDECALI@CALI.EDU.CO,IND CL 31A 28M1 - 34,3044352819,"MEDIA,BÁSICA SECUNDARIA,BÁSICA PRIMARIA",URBANA,76,VALLE DEL CAUCA,76001,SANTIAGO DE CALI,MUNICIPIO,NO,NO,NO APLICA,3818,SECRETARÍA DE EDUCACIÓN DE CALI,162.0,162.0,No aporta información,2 - MEDIA,3.4286212628832082,-76.51273772638078,\N,2026-08-29T08:58:22Z
176001800249,2026-08-29,176001005341,INSTITUCION EDUCATIVA TECNICA CIUDAD DE CALI,CENTRO DE ATENCIÓN ESPECIALIZADA DEL VALLE DEL LILI,N,OFICIAL,IE.CIUDADDECALI@CALI.EDU.CO,KR 108 48 91,3044352819,"MEDIA,BÁSICA SECUNDARIA,BÁSICA PRIMARIA",URBANA,76,VALLE DEL CAUCA,76001,SANTIAGO DE CALI,MUNICIPIO,NO,NO,NO APLICA,3818,SECRETARÍA DE EDUCACIÓN DE CALI,215.0,215.0,No aporta información,2 - MEDIA,3.3611199996582894,-76.51331273979078,\N,2026-08-29T08:58:22Z
176001800281,2026-08-29,176001800052,INSTITUCION EDUCATIVA OFICIAL  LLANO VERDE,LA PROVIDENCIA,N,OFICIAL,FUNCOL.ILLANOVERDE@ARQUIDIOCESANOS.EDU.CO,IND CL 80 KR 27 C ESQUINA,3187348070 - 3173771646 - 4850227 EXT. 9900 - 9910,"PREESCOLAR,MEDIA,BÁSICA SECUNDARIA,BÁSICA PRIMARIA",URBANA,76,VALLE DEL CAUCA,76001,SANTIAGO DE CALI,MUNICIPIO,NO,NO,NO APLICA,3818,SECRETARÍA DE EDUCACIÓN DE CALI,1101.0,1101.0,No aporta información,2 - MEDIA,3.4214620912534555,-76.48398479571975,\N,2026-08-29T08:58:22Z
176001800338,2026-08-29,176001800052,INSTITUCION EDUCATIVA OFICIAL  LLANO VERDE,BARTOLOME MITRE,N,OFICIAL,FUNCOL.ILLANOVERDE@ARQUIDIOCESANOS.EDU.CO,IND DG 26 B 73 25,3187348070 - 3173870703 - EXT. 1300 - 1310,"PREESCOLAR,MEDIA,BÁSICA SECUNDARIA,BÁSICA PRIMARIA",URBANA,76,VALLE DEL CAUCA,76001,SANTIAGO DE CALI,MUNICIPIO,NO,NO,NO APLICA,3818,SECRETARÍA DE EDUCACIÓN DE CALI,1258.0,1258.0,No aporta información,2 - MEDIA,3.4398495970989047,-76.48362994231789,\N,2026-08-29T08:58:22Z
176001800401,2026-08-29,176001030788,INSTITUCION EDUCATIVA TECNICA CIUDADELA DESEPAZ,PROGRESANDO JUNTOS,N,OFICIAL,IE.TCIUDADELADESEPAZ@CALI.EDU.CO,IND KR 82 24 F 30,3135866428 WHATSAPP ATENCIÓN AL USUARIO,"PREESCOLAR,BÁSICA SECUNDARIA,BÁSICA PRIMARIA",URBANA,76,VALLE DEL CAUCA,76001,SANTIAGO DE CALI,MUNICIPIO,NO,NO,NO APLICA,3818,SECRETARÍA DE EDUCACIÓN DE CALI,1224.0,1195.0,Reporta afectación sin definir el impacto,3 - BAJA,\N,\N,\N,2026-08-29T08:58:22Z
176001800419,2026-08-29,176001030788,INSTITUCION EDUCATIVA TECNICA CIUDADELA DESEPAZ,NUEVO AMANECER,N,OFICIAL,IE.TCIUDADELADESEPAZ@CALI.EDU.CO,IND CL 123 28D4 - 54,3135866428 WHATSAPP ATENCIÓN AL USUARIO,"PREESCOLAR,BÁSICA PRIMARIA",URBANA,76,VALLE DEL CAUCA,76001,SANTIAGO DE CALI,MUNICIPIO,NO,NO,NO APLICA,3818,SECRETARÍA DE EDUCACIÓN DE CALI,459.0,459.0,No aporta información,2 - MEDIA,3.406114951055575,-76.4710726813204,\N,2026-08-29T08:58:22Z
176001800541,2026-08-29,176001017374,INSTITUCION EDUCATIVA GABRIELA MISTRAL,MARISOL,N,OFICIAL,IE.GABRIELAMISTRAL@CALI.EDU.CO,IND KR 26 J 106 60,3158309430,"PREESCOLAR,MEDIA,BÁSICA SECUNDARIA,BÁSICA PRIMARIA",URBANA,76,VALLE DEL CAUCA,76001,SANTIAGO DE CALI,MUNICIPIO,NO,NO,NO APLICA,3818,SECRETARÍA DE EDUCACIÓN DE CALI,712.0,712.0,No aporta información,2 - MEDIA,3.4215312449437536,-76.47361939616772,\N,2026-08-29T08:58:22Z
276001003238,2026-08-29,276001003289,INSTITUCION EDUCATIVA NAVARRO,SEDE JUAN DEL CORRAL,N,OFICIAL,JBORRERO@VALLEDELCAUCA.GOV.CO,VEREDA EL ESTERO CORREGIMIENTO NAVARRO,3246166744,"PREESCOLAR,MEDIA,BÁSICA SECUNDARIA,BÁSICA PRIMARIA",RURAL,76,VALLE DEL CAUCA,76001,SANTIAGO DE CALI,MUNICIPIO,NO,NO,NO APLICA,3818,SECRETARÍA DE EDUCACIÓN DE CALI,34.0,34.0,No aporta información,2 - MEDIA,3.36893748311977,-76.47552630032698,\N,2026-08-29T08:58:25Z
276001003271,2026-08-29,276001012831,INSTITUCION EDUCATIVA FELIDIA,CRISTOBAL COLON,N,OFICIAL,IE.FELIDIA@CALI.EDU.CO,CORREGIMIENTO FELIDIA/VEREDA EL DIAMANTE,321 6426294,"PREESCOLAR,BÁSICA PRIMARIA",RURAL,76,VALLE DEL CAUCA,76001,SANTIAGO DE CALI,MUNICIPIO,NO,NO,NO APLICA,3818,SECRETARÍA DE EDUCACIÓN DE CALI,14.0,14.0,No aporta información,2 - MEDIA,3.4453637868759195,-76.68036507956955,\N,2026-08-29T08:58:25Z
276001003289,2026-08-29,276001003289,INSTITUCION EDUCATIVA NAVARRO,INSTITUCION EDUCATIVA NAVARRO - JUAN BAUTISTA DE LA SALLE,S,OFICIAL,JBORRERO@VALLEDELCAUCA.GOV.CO,CABECERA CORREGIMIENTO NAVARRO,3246166744,"PREESCOLAR,MEDIA,BÁSICA SECUNDARIA,BÁSICA PRIMARIA",RURAL,76,VALLE DEL CAUCA,76001,SANTIAGO DE CALI,MUNICIPIO,NO,NO,NO APLICA,3818,SECRETARÍA DE EDUCACIÓN DE CALI,651.0,551.0,No aporta información,2 - MEDIA,3.391650000022674,-76.46520400014565,\N,2026-08-29T08:58:26Z
276001003394,2026-08-29,276001005184,INSTITUCION EDUCATIVA LA BUITRERA,CENTRO DOCENTE NUESTRA SEÑORA DE LAS LAJAS,S,OFICIAL,IE.LABUITRERA@CALI.EDU.CO,KM 5 5 VIA LA BUITRERA,312 6660068,"PREESCOLAR,MEDIA,BÁSICA SECUNDARIA,BÁSICA PRIMARIA",RURAL,76,VALLE DEL CAUCA,76001,SANTIAGO DE CALI,MUNICIPIO,NO,NO,NO APLICA,3818,SECRETARÍA DE EDUCACIÓN DE CALI,328.0,328.0,Reporta afectación sin definir el impacto,3 - BAJA,\N,\N,\N,2026-08-29T08:58:26Z
276001004838,2026-08-29,276001008574,INSTITUCION EDUCATIVA PANCE,SAN FRANCISCO,N,OFICIAL,IE.PANCE@CALI.EDU.CO,VEREDA SAN FRANCISCO CORREGIMIENTO,3105149206,"PREESCOLAR,BÁSICA PRIMARIA",RURAL,76,VALLE DEL CAUCA,76001,SANTIAGO DE CALI,MUNICIPIO,NO,NO,NO APLICA,3818,SECRETARÍA DE EDUCACIÓN DE CALI,53.0,53.0,No aporta información,2 - MEDIA,3.3292213246476208,-76.62211885014653,\N,2026-08-29T08:58:25Z
276001004889,2026-08-29,276001004889,INSTITUCION EDUCATIVA EL HORMIGUERO,INSTITUCION EDUCATIVA EL HORMIGUERO - PANTANO DE VARGAS,S,OFICIAL,IE.ELHORMIGUERO@CALI.EDU.CO,CRA 143 - CALLE CASCAJAL 2-10 CASA 210,3023192726,"PREESCOLAR,MEDIA,BÁSICA SECUNDARIA,BÁSICA PRIMARIA",RURAL,76,VALLE DEL CAUCA,76001,SANTIAGO DE CALI,MUNICIPIO,NO,NO,NO APLICA,3818,SECRETARÍA DE EDUCACIÓN DE CALI,386.0,386.0,No aporta información,2 - MEDIA,3.3165619995564684,-76.50149499978292,\N,2026-08-29T08:58:26Z
276001004897,2026-08-29,276001008574,INSTITUCION EDUCATIVA PANCE,PIO XII,N,OFICIAL,IE.PANCE@CALI.EDU.CO,CORREGIMIENTO PANCE VEREDA LA VORAGINE,3105149206,"PREESCOLAR,BÁSICA PRIMARIA",RURAL,76,VALLE DEL CAUCA,76001,SANTIAGO DE CALI,MUNICIPIO,NO,NO,NO APLICA,3818,SECRETARÍA DE EDUCACIÓN DE CALI,59.0,59.0,No aporta información,2 - MEDIA,3.3438280003322585,-76.59151799960613,\N,2026-08-29T08:58:25Z
276001005133,2026-08-29,276001005133,INSTITUCION EDUCATIVA VILLACARMELO,INSTITUCION EDUCATIVA VILLACARMELO -CACIQUE CALARCA,S,OFICIAL,IE_VILLACARMELO@CALI.GOV.CO,VEREDA LA FONDA,3102940043 -  3145049414,"PREESCOLAR,MEDIA,BÁSICA SECUNDARIA,BÁSICA PRIMARIA",RURAL,76,VALLE DEL CAUCA,76001,SANTIAGO DE CALI,MUNICIPIO,NO,NO,NO APLICA,3818,SECRETARÍA DE EDUCACIÓN DE CALI,231.0,231.0,No aporta información,1 - ALTA,3.392060000173361,-76.59194399957848,\N,2026-08-29T08:58:25Z
276001005141,2026-08-29,276001005184,INSTITUCION EDUCATIVA LA BUITRERA,CENTRO DOCENTE LOS COMUNEROS,S,OFICIAL,IE.LABUITRERA@CALI.EDU.CO,KM 14 ALTOS DEL ROSARIO VIA LA BUITRERA,312 6660068,"PREESCOLAR,MEDIA,BÁSICA SECUNDARIA,BÁSICA PRIMARIA",RURAL,76,VALLE DEL CAUCA,76001,SANTIAGO DE CALI,MUNICIPIO,NO,NO,NO APLICA,3818,SECRETARÍA DE EDUCACIÓN DE CALI,155.0,155.0,No aporta información,2 - MEDIA,3.375908280015852,-76.59476525215302,\N,2026-08-29T08:58:26Z
276001005150,2026-08-29,276001010994,INSTITUCION EDUCATIVA FRANCISCO JOSE LLOREDA MERA,IGNACIO HERRERA Y VERGARA,N,OFICIAL,IE.FRANCISCOJLLOREDAM@CALI.EDU.CO,VEREDA ALTO AGUACATAL CORREGIMIENTO LA ELVIRA,3023605513,"PREESCOLAR,MEDIA,BÁSICA SECUNDARIA,BÁSICA PRIMARIA",RURAL,76,VALLE DEL CAUCA,76001,SANTIAGO DE CALI,MUNICIPIO,NO,NO,NO APLICA,3818,SECRETARÍA DE EDUCACIÓN DE CALI,70.0,62.0,No aporta información,2 - MEDIA,3.522244796649093,-76.59293655981399,\N,2026-08-29T08:58:25Z
276001005168,2026-08-29,276001010994,INSTITUCION EDUCATIVA FRANCISCO JOSE LLOREDA MERA,LUIS FERNANDO LLOREDA ZAMORANO,N,OFICIAL,IE.FRANCISCOJLLOREDAM@CALI.EDU.CO,KM 14 VIA AL MAR CORREGIMIENTO SALADITO CABECERA,3023605513,"PREESCOLAR,BÁSICA SECUNDARIA,BÁSICA PRIMARIA",RURAL,76,VALLE DEL CAUCA,76001,SANTIAGO DE CALI,MUNICIPIO,NO,NO,NO APLICA,3818,SECRETARÍA DE EDUCACIÓN DE CALI,238.0,238.0,No aporta información,2 - MEDIA,3.482511736404886,-76.60670540019474,\N,2026-08-29T08:58:25Z
276001005184,2026-08-29,276001005184,INSTITUCION EDUCATIVA LA BUITRERA,INSTITUCION EDUCATIVA LA BUITRERA JOSE MARIA GARCIA DE TOLEDO,S,OFICIAL,IE.LABUITRERA@CALI.EDU.CO,K.3 CORREGIMIENTO LA BIUTRERA,312 6660068,"PREESCOLAR,MEDIA,BÁSICA SECUNDARIA,BÁSICA PRIMARIA",RURAL,76,VALLE DEL CAUCA,76001,SANTIAGO DE CALI,MUNICIPIO,NO,NO,NO APLICA,3818,SECRETARÍA DE EDUCACIÓN DE CALI,485.0,430.0,No aporta información,3 - BAJA,\N,\N,\N,2026-08-29T08:58:26Z
276001005231,2026-08-29,276001008574,INSTITUCION EDUCATIVA PANCE,REPÚBLICA DE SANTO DOMINGO,N,OFICIAL,IE.PANCE@CALI.EDU.CO,CORREGIMIENTO PANCE PUEBLO PANCE,3105149206,"PREESCOLAR,MEDIA,BÁSICA SECUNDARIA,BÁSICA PRIMARIA",RURAL,76,VALLE DEL CAUCA,76001,SANTIAGO DE CALI,MUNICIPIO,NO,NO,NO APLICA,3818,SECRETARÍA DE EDUCACIÓN DE CALI,212.0,212.0,No aporta información,2 - MEDIA,3.3436859996562998,-76.59096399958726,\N,2026-08-29T08:58:25Z
276001005371,2026-08-29,476001020719,INSTITUCION EDUCATIVA LA LEONERA,JORGE ELIECER GAITAN,N,OFICIAL,IE.LALEONERA@CALI.EDU.CO,CORREGIMIENTO LA LEONERA VEREDA EL PORVENIR,3137408628,"PREESCOLAR,BÁSICA PRIMARIA",RURAL,76,VALLE DEL CAUCA,76001,SANTIAGO DE CALI,MUNICIPIO,NO,NO,NO APLICA,3818,SECRETARÍA DE EDUCACIÓN DE CALI,52.0,52.0,No aporta información,2 - MEDIA,3.4824330001027337,-76.60622199967239,\N,2026-08-29T08:58:26Z
276001005427,2026-08-29,276001004889,INSTITUCION EDUCATIVA EL HORMIGUERO,SEDE ANTONIO VILLAVICENCIO,N,OFICIAL,IE.ELHORMIGUERO@CALI.EDU.CO,CORREGIMIENTO EL HORMIGUERO - CASA 203,3023192726,"PREESCOLAR,MEDIA,BÁSICA SECUNDARIA,BÁSICA PRIMARIA",RURAL,76,VALLE DEL CAUCA,76001,SANTIAGO DE CALI,MUNICIPIO,NO,NO,NO APLICA,3818,SECRETARÍA DE EDUCACIÓN DE CALI,298.0,197.0,No aporta información,3 - BAJA,\N,\N,\N,2026-08-29T08:58:25Z
276001005443,2026-08-29,276001004889,INSTITUCION EDUCATIVA EL HORMIGUERO,SEDE TULIA BORRERO MERCADO,N,OFICIAL,IE.ELHORMIGUERO@CALI.EDU.CO,VEREDA MORGAN CASA 05,3023192726,"PREESCOLAR,MEDIA,BÁSICA SECUNDARIA,BÁSICA PRIMARIA,PRIMERA INFANCIA",RURAL,76,VALLE DEL CAUCA,76001,SANTIAGO DE CALI,MUNICIPIO,NO,NO,NO APLICA,3818,SECRETARÍA DE EDUCACIÓN DE CALI,94.0,94.0,No aporta información,2 - MEDIA,3.350602378275489,-76.47459174969924,\N,2026-08-29T08:58:25Z
276001005451,2026-08-29,276001012831,INSTITUCION EDUCATIVA FELIDIA,REPUBLICA DE CUBA,N,OFICIAL,IE.FELIDIA@CALI.EDU.CO,CORREGIMIENTO  FELIDIA,321 6426294,"PREESCOLAR,BÁSICA PRIMARIA",RURAL,76,VALLE DEL CAUCA,76001,SANTIAGO DE CALI,MUNICIPIO,NO,NO,NO APLICA,3818,SECRETARÍA DE EDUCACIÓN DE CALI,140.0,140.0,No aporta información,2 - MEDIA,3.4674660001181445,-76.62742199962909,\N,2026-08-29T08:58:25Z
276001005460,2026-08-29,276001010994,INSTITUCION EDUCATIVA FRANCISCO JOSE LLOREDA MERA,BOYACÁ,N,OFICIAL,IE.FRANCISCOJLLOREDAM@CALI.EDU.CO,CORREGIMIENTO LA ELVIRA,3023605513,"PREESCOLAR,MEDIA,BÁSICA SECUNDARIA,BÁSICA PRIMARIA",RURAL,76,VALLE DEL CAUCA,76001,SANTIAGO DE CALI,MUNICIPIO,NO,NO,NO APLICA,3818,SECRETARÍA DE EDUCACIÓN DE CALI,122.0,122.0,No aporta información,2 - MEDIA,3.481653999841507,-76.60611500044057,\N,2026-08-29T08:58:25Z
276001005478,2026-08-29,276001022267,INSTITUCION EDUCATIVA PICHINDE,SERGIO CANTILLO,N,OFICIAL,ADMINISTRADOR@IEPICHINDECALI.EDU.CO,CORREGIMIENTO PICHINDE,3167800931,"PREESCOLAR,BÁSICA SECUNDARIA,BÁSICA PRIMARIA",RURAL,76,VALLE DEL CAUCA,76001,SANTIAGO DE CALI,MUNICIPIO,NO,NO,NO APLICA,3818,SECRETARÍA DE EDUCACIÓN DE CALI,27.0,27.0,No aporta información,2 - MEDIA,3.440844999996168,-76.6207049998057,\N,2026-08-29T08:58:25Z
276001005494,2026-08-29,276001022267,INSTITUCION EDUCATIVA PICHINDE,LA INMACULADA CONCEPCION,N,OFICIAL,ADMINISTRADOR@IEPICHINDECALI.EDU.CO,CORREGIMIENTO PICHINDE,3167800931,"PREESCOLAR,BÁSICA PRIMARIA",RURAL,76,VALLE DEL CAUCA,76001,SANTIAGO DE CALI,MUNICIPIO,NO,NO,NO APLICA,3818,SECRETARÍA DE EDUCACIÓN DE CALI,103.0,103.0,No aporta información,2 - MEDIA,3.4411169122249134,-76.61978601967678,\N,2026-08-29T08:58:25Z
276001005508,2026-08-29,276001022232,INSTITUCION EDUCATIVA GOLONDRINAS,ANTONIO BARBERENA,N,OFICIAL,JBORRERO@VALLEDELCAUCA.GOV.CO,CORREGIMIENTO GOLONDRINAS,3146922501,"PREESCOLAR,BÁSICA SECUNDARIA,BÁSICA PRIMARIA",RURAL,76,VALLE DEL CAUCA,76001,SANTIAGO DE CALI,MUNICIPIO,NO,NO,NO APLICA,3818,SECRETARÍA DE EDUCACIÓN DE CALI,265.0,265.0,No aporta información,2 - MEDIA,3.498339999568322,-76.5513439998139,\N,2026-08-29T08:58:25Z
276001005524,2026-08-29,276001011184,INSTITUCION EDUCATIVA LOS ANDES,FRANCISCO JOSE DE CALDAS,N,OFICIAL,IE.LOSANDES@CALI.EDU.CO,CORREGIMIENTO LOS ANDES CABECERA,\N,"PREESCOLAR,MEDIA,BÁSICA SECUNDARIA,BÁSICA PRIMARIA",RURAL,76,VALLE DEL CAUCA,76001,SANTIAGO DE CALI,MUNICIPIO,NO,NO,NO APLICA,3818,SECRETARÍA DE EDUCACIÓN DE CALI,32.0,32.0,Reporta afectación sin definir el impacto,2 - MEDIA,3.4243140108017367,-76.61649783719056,\N,2026-08-29T08:58:25Z
276001005532,2026-08-29,476001020719,INSTITUCION EDUCATIVA LA LEONERA,JUAN DE LOS BARRIOS,N,OFICIAL,IE.LALEONERA@CALI.EDU.CO,CORREGIMIENTO LA LEONERA VEREDA EL PAJUIL,3137408628,"PREESCOLAR,BÁSICA PRIMARIA",RURAL,76,VALLE DEL CAUCA,76001,SANTIAGO DE CALI,MUNICIPIO,NO,NO,NO APLICA,3818,SECRETARÍA DE EDUCACIÓN DE CALI,40.0,40.0,No aporta información,2 - MEDIA,3.4824349996467774,-76.60623799956589,\N,2026-08-29T08:58:26Z
276001005541,2026-08-29,276001042756,INSTITUCION EDUCATIVA LA PAZ,SEDE JORGE ROBLEDO,N,OFICIAL,IE.LAPAZ@CALI.EDU.CO,CORREGIMIENTO LA PAZ CABECERA,3173798577,"PREESCOLAR,BÁSICA PRIMARIA",RURAL,76,VALLE DEL CAUCA,76001,SANTIAGO DE CALI,MUNICIPIO,NO,NO,NO APLICA,3818,SECRETARÍA DE EDUCACIÓN DE CALI,75.0,75.0,No aporta información,2 - MEDIA,3.516370999700251,-76.56741500038397,\N,2026-08-29T08:58:25Z
276001005559,2026-08-29,276001042756,INSTITUCION EDUCATIVA LA PAZ,SEDE SAGRADO CORAZON DE JESUS,N,OFICIAL,IE.LAPAZ@CALI.EDU.CO,CORREGIMIENTO LA CASTILLA VEREDA EL FILO,3173798577,"PREESCOLAR,MEDIA,BÁSICA SECUNDARIA,BÁSICA PRIMARIA",RURAL,76,VALLE DEL CAUCA,76001,SANTIAGO DE CALI,MUNICIPIO,NO,NO,NO APLICA,3818,SECRETARÍA DE EDUCACIÓN DE CALI,66.0,66.0,No aporta información,2 - MEDIA,3.4939790003524256,-76.57644000034436,\N,2026-08-29T08:58:25Z
276001005877,2026-08-29,176001037600,INSTITUCION EDUCATIVA TECNICO INDUSTRIAL  MULTIPROPOSITO,SANTA LUISA,N,OFICIAL,IE.TIMULTIPROPOSITO@CALI.EDU.CO,CALLE PRINCIPAL VEREDA LA SIRENA,6025135949  3016989227,"PREESCOLAR,MEDIA,BÁSICA SECUNDARIA,BÁSICA PRIMARIA,PRIMERA INFANCIA",RURAL,76,VALLE DEL CAUCA,76001,SANTIAGO DE CALI,MUNICIPIO,NO,NO,NO APLICA,3818,SECRETARÍA DE EDUCACIÓN DE CALI,399.0,336.0,No aporta información,2 - MEDIA,3.406091819049399,-76.57513019018478,\N,2026-08-29T08:58:22Z
276001006032,2026-08-29,276001005133,INSTITUCION EDUCATIVA VILLACARMELO,SEDE NUESTRA SEÑORA DEL CARMEN,N,OFICIAL,IE.VILLACARMELO@CALI.EDU.CO,CABECERA CORREGIMIENTO VILLACARMELO,3102940043 -  3145049414,"PREESCOLAR,MEDIA,BÁSICA SECUNDARIA,BÁSICA PRIMARIA",RURAL,76,VALLE DEL CAUCA,76001,SANTIAGO DE CALI,MUNICIPIO,NO,NO,NO APLICA,3818,SECRETARÍA DE EDUCACIÓN DE CALI,257.0,257.0,No aporta información,2 - MEDIA,3.3789960002520454,-76.6157279998567,\N,2026-08-29T08:58:25Z
276001007641,2026-08-29,276001010994,INSTITUCION EDUCATIVA FRANCISCO JOSE LLOREDA MERA,FRANCISCO MIRANDA,N,OFICIAL,IE.FRANCISCOJLLOREDAM@CALI.EDU.CO,KM 17 VIA AL MAR CORREGIMIENTO LA ELVIRA,3023605513,"PREESCOLAR,BÁSICA SECUNDARIA,BÁSICA PRIMARIA",RURAL,76,VALLE DEL CAUCA,76001,SANTIAGO DE CALI,MUNICIPIO,NO,NO,NO APLICA,3818,SECRETARÍA DE EDUCACIÓN DE CALI,128.0,128.0,No aporta información,2 - MEDIA,3.4825489996525714,-76.60633899984825,\N,2026-08-29T08:58:25Z
276001007659,2026-08-29,276001008574,INSTITUCION EDUCATIVA PANCE,LAUREANO GOMEZ,N,OFICIAL,IE.PANCE@CALI.EDU.CO,VEREDA EL BANQUEO CORREGIMIENTO PANCE,3105149206,"PREESCOLAR,BÁSICA PRIMARIA",RURAL,76,VALLE DEL CAUCA,76001,SANTIAGO DE CALI,MUNICIPIO,NO,NO,NO APLICA,3818,SECRETARÍA DE EDUCACIÓN DE CALI,28.0,28.0,No aporta información,2 - MEDIA,3.3225450156494705,-76.59067409977033,\N,2026-08-29T08:58:25Z
276001008434,2026-08-29,276001011184,INSTITUCION EDUCATIVA LOS ANDES,JUAN PABLO I,N,OFICIAL,IE.LOSANDES@CALI.EDU.CO,CORREGIMIENTO LOS ANDES VEREDE PEÑAS BLANCAS,\N,"PREESCOLAR,MEDIA,BÁSICA SECUNDARIA,BÁSICA PRIMARIA",RURAL,76,VALLE DEL CAUCA,76001,SANTIAGO DE CALI,MUNICIPIO,NO,NO,NO APLICA,3818,SECRETARÍA DE EDUCACIÓN DE CALI,95.0,95.0,No aporta información,2 - MEDIA,3.4278240000285987,-76.65111600039396,\N,2026-08-29T08:58:25Z
276001008574,2026-08-29,276001008574,INSTITUCION EDUCATIVA PANCE,INSTITUCION EDUCATIVA PANCE,S,OFICIAL,RECTORIA@SANTALIBRADA.EDUC.CO,IND KILOMETRO 1 VIA LA VORAGINE,3105149206,"MEDIA,BÁSICA SECUNDARIA",RURAL,76,VALLE DEL CAUCA,76001,SANTIAGO DE CALI,MUNICIPIO,NO,NO,NO APLICA,3818,SECRETARÍA DE EDUCACIÓN DE CALI,133.0,133.0,No aporta información,1 - ALTA,3.34369200005159,-76.59104899997605,\N,2026-08-29T08:58:25Z
276001010994,2026-08-29,276001010994,INSTITUCION EDUCATIVA FRANCISCO JOSE LLOREDA MERA,INSTITUCION EDUCATIVA FRANCISCO JOSE LLOREDA MERA - SEDE PRINCIPAL,S,OFICIAL,IE.FRANCISCOJLLOREDAM@CALI.EDU.CO,EL SALADITO KM. 14 VIA AL MAR,3023605513,"PREESCOLAR,MEDIA,BÁSICA SECUNDARIA,BÁSICA PRIMARIA",RURAL,76,VALLE DEL CAUCA,76001,SANTIAGO DE CALI,MUNICIPIO,NO,NO,NO APLICA,3818,SECRETARÍA DE EDUCACIÓN DE CALI,360.0,347.0,No aporta información,2 - MEDIA,3.481476669712017,-76.60670540019474,\N,2026-08-29T08:58:25Z
276001011184,2026-08-29,276001011184,INSTITUCION EDUCATIVA LOS ANDES,TIERRA DE HOMBRES SEDE PRINCIPAL,S,OFICIAL,IE.LOSANDES@CALI.EDU.CO,CORREGIMIENTO LOS ANDES VEREDA EL CABUYAL SECTOR VENTIADEROS,\N,"PREESCOLAR,MEDIA,BÁSICA SECUNDARIA,BÁSICA PRIMARIA",RURAL,76,VALLE DEL CAUCA,76001,SANTIAGO DE CALI,MUNICIPIO,NO,NO,NO APLICA,3818,SECRETARÍA DE EDUCACIÓN DE CALI,177.0,177.0,Reporta afectación sin definir el impacto,2 - MEDIA,3.4392000987439273,-76.58775320965772,\N,2026-08-29T08:58:26Z
276001011354,2026-08-29,276001011354,INSTITUCION EDUCATIVA MONTEBELLO,ANTONIO RICAURTE - SEDE PRINCIPAL,S,OFICIAL,MONTEBELLO@CALI.GOV.CO,AVENIDA 43 OESTE 5A 49,3173825701,"MEDIA,BÁSICA SECUNDARIA,BÁSICA PRIMARIA",RURAL,76,VALLE DEL CAUCA,76001,SANTIAGO DE CALI,MUNICIPIO,NO,NO,NO APLICA,3818,SECRETARÍA DE EDUCACIÓN DE CALI,565.0,423.0,Reporta afectación sin definir el impacto,2 - MEDIA,3.4841880000581735,-76.54770699970622,\N,2026-08-29T08:58:25Z
276001011745,2026-08-29,176001001672,INSTITUCION EDUCATIVA TECNICO DE COMERCIO SANTA CECILIA,LA INMACULADA - BATACLAN,N,OFICIAL,IE.SANTACECILIA@CALI.EDU.CO,VEREDA BATACLAN CERRO TRES CRUCES,6540699,"PREESCOLAR,MEDIA,BÁSICA SECUNDARIA,BÁSICA PRIMARIA",RURAL,76,VALLE DEL CAUCA,76001,SANTIAGO DE CALI,MUNICIPIO,NO,NO,NO APLICA,3818,SECRETARÍA DE EDUCACIÓN DE CALI,30.0,30.0,No aporta información,2 - MEDIA,3.4881810000472835,-76.50858300022541,\N,2026-08-29T08:58:22Z
276001011753,2026-08-29,276001010994,INSTITUCION EDUCATIVA FRANCISCO JOSE LLOREDA MERA,NUEVA SAN FRANCISCO,N,OFICIAL,IE.FRANCISCOJLLOREDAM@CALI.EDU.CO,VDA. LOS LAURELES CORREGIMIENTO LA ELVIRA,3023605513,"PREESCOLAR,BÁSICA PRIMARIA",RURAL,76,VALLE DEL CAUCA,76001,SANTIAGO DE CALI,MUNICIPIO,NO,NO,NO APLICA,3818,SECRETARÍA DE EDUCACIÓN DE CALI,13.0,13.0,No aporta información,2 - MEDIA,3.503775244235419,-76.61078992031571,\N,2026-08-29T08:58:25Z
276001011770,2026-08-29,276001011354,INSTITUCION EDUCATIVA MONTEBELLO,SEDE ANDRES JOAQUIN LENIS,N,OFICIAL,IE.MONTEBELLO@CALI.EDU.CO,VEREDA CAMPOALEGRE,3173825701,"PREESCOLAR,MEDIA,BÁSICA SECUNDARIA,BÁSICA PRIMARIA",RURAL,76,VALLE DEL CAUCA,76001,SANTIAGO DE CALI,MUNICIPIO,NO,NO,NO APLICA,3818,SECRETARÍA DE EDUCACIÓN DE CALI,164.0,164.0,Reporta afectación sin definir el impacto,2 - MEDIA,3.4673175580587396,-76.55282314959103,\N,2026-08-29T08:58:25Z
276001012831,2026-08-29,276001012831,INSTITUCION EDUCATIVA FELIDIA,JOSE HOLGUIN GARCES,S,OFICIAL,IE.FELIDIA@CALI.EDU.CO,CORREGIMIENTO FELIDIA,3012934924,"MEDIA,BÁSICA SECUNDARIA,BÁSICA PRIMARIA",RURAL,76,VALLE DEL CAUCA,76001,SANTIAGO DE CALI,MUNICIPIO,NO,NO,NO APLICA,3818,SECRETARÍA DE EDUCACIÓN DE CALI,158.0,141.0,Reporta afectación sin definir el impacto,3 - BAJA,\N,\N,\N,2026-08-29T08:58:25Z
276001019193,2026-08-29,176001001770,INSTITUCION EDUCATIVA EUSTAQUIO PALACIOS,TULIO ENRIQUE TASCON,N,OFICIAL,IE.EUSTAQUIOPALACIOS@CALI.EDU.CO,IND KM 5 VIA CRISTO REY,3217006463,"PREESCOLAR,BÁSICA PRIMARIA",RURAL,76,VALLE DEL CAUCA,76001,SANTIAGO DE CALI,MUNICIPIO,NO,NO,NO APLICA,3818,SECRETARÍA DE EDUCACIÓN DE CALI,9.0,9.0,No aporta información,2 - MEDIA,3.3896412683948833,-76.57998131999278,\N,2026-08-29T08:58:22Z
276001020434,2026-08-29,276001042756,INSTITUCION EDUCATIVA LA PAZ,SEDE VILLA DEL ROSARIO,N,OFICIAL,IE.LAPAZ@CALI.EDU.CO,CORREGIMIENTO LA PAZ VEREDA VILLA DEL ROSARIO,3173798577,MEDIA,RURAL,76,VALLE DEL CAUCA,76001,SANTIAGO DE CALI,MUNICIPIO,NO,NO,NO APLICA,3818,SECRETARÍA DE EDUCACIÓN DE CALI,27.0,27.0,No aporta información,2 - MEDIA,3.5072174912513634,-76.5629550401698,\N,2026-08-29T08:58:25Z
276001022232,2026-08-29,276001022232,INSTITUCION EDUCATIVA GOLONDRINAS,INSTITUCION EDUCATIVA GOLONDRINAS,S,OFICIAL,JBORRERO@VALLEDELCAUCA.GOV.CO,CORREGIMIENTO GOLONDRINAS,314 6922501,"MEDIA,BÁSICA SECUNDARIA",RURAL,76,VALLE DEL CAUCA,76001,SANTIAGO DE CALI,MUNICIPIO,NO,NO,NO APLICA,3818,SECRETARÍA DE EDUCACIÓN DE CALI,297.0,297.0,No aporta información,2 - MEDIA,3.4981969996109865,-76.5511820003305,\N,2026-08-29T08:58:26Z
276001022267,2026-08-29,276001022267,INSTITUCION EDUCATIVA PICHINDE,JOSE HOLGUIN GARCES,S,OFICIAL,ADMINISTRADOR@IEPICHINDECALI.EDU.CO,CORREGIMIENTO PICHINDE,3167800931,"MEDIA,BÁSICA SECUNDARIA,BÁSICA PRIMARIA",RURAL,76,VALLE DEL CAUCA,76001,SANTIAGO DE CALI,MUNICIPIO,NO,NO,NO APLICA,3818,SECRETARÍA DE EDUCACIÓN DE CALI,172.0,154.0,Reporta afectación sin definir el impacto,2 - MEDIA,3.43707700021074,-76.61359299997206,\N,2026-08-29T08:58:26Z
276001025452,2026-08-29,276001011354,INSTITUCION EDUCATIVA MONTEBELLO,SEDE SAN PEDRO APOSTOL,N,OFICIAL,IE.MONTEBELLO@CALI.EDU.CO,AV LOS ESTUDIANTES SECTOR LA ESCUELA,3173825701,"PREESCOLAR,MEDIA,BÁSICA SECUNDARIA,BÁSICA PRIMARIA",RURAL,76,VALLE DEL CAUCA,76001,SANTIAGO DE CALI,MUNICIPIO,NO,NO,NO APLICA,3818,SECRETARÍA DE EDUCACIÓN DE CALI,463.0,463.0,Reporta afectación sin definir el impacto,3 - BAJA,\N,\N,\N,2026-08-29T08:58:25Z
276001042756,2026-08-29,276001042756,INSTITUCION EDUCATIVA LA PAZ,INSTITUCION EDUCATIVA LA PAZ- SAAVEDRA GALINDO,S,OFICIAL,IE_LAPAZ@CALI.GOV.CO,CORREGIMIENTO LA PAZ CABECERA,3173798577,"PREESCOLAR,MEDIA,BÁSICA SECUNDARIA",RURAL,76,VALLE DEL CAUCA,76001,SANTIAGO DE CALI,MUNICIPIO,NO,NO,NO APLICA,3818,SECRETARÍA DE EDUCACIÓN DE CALI,66.0,66.0,No aporta información,2 - MEDIA,3.516328872715472,-76.56730028462387,\N,2026-08-29T08:58:26Z
276001043302,2026-08-29,276001042756,INSTITUCION EDUCATIVA LA PAZ,LA GRANJA,N,OFICIAL,IE.LAPAZ@CALI.EDU.CO,VEREDA LA GRANJA,3173798577,"MEDIA,BÁSICA SECUNDARIA",RURAL,76,VALLE DEL CAUCA,76001,SANTIAGO DE CALI,MUNICIPIO,NO,NO,NO APLICA,3818,SECRETARÍA DE EDUCACIÓN DE CALI,70.0,70.0,No aporta información,2 - MEDIA,3.5163590001806577,-76.56736699980509,\N,2026-08-29T08:58:25Z
276001043884,2026-08-29,276001043884,INSTITUCION EDUCATIVA ISAIAS GAMBOA - EL AGUACATAL,INSTITUCION EDUCATIVA ISAIAS GAMBOA -  EL AGUACATAL,S,OFICIAL,JBORRERO@VALLEDELCAUCA.GOV.CO,IND KILOMETRO 2 VIA AGUACATAL,3108626600-3108655222-3108741222-3108700223,"PREESCOLAR,MEDIA,BÁSICA SECUNDARIA,BÁSICA PRIMARIA",URBANA,76,VALLE DEL CAUCA,76001,SANTIAGO DE CALI,MUNICIPIO,NO,NO,NO APLICA,3818,SECRETARÍA DE EDUCACIÓN DE CALI,514.0,514.0,Reporta afectación sin definir el impacto,3 - BAJA,\N,\N,\N,2026-08-29T08:58:26Z
276001800260,2026-08-29,276001005184,INSTITUCION EDUCATIVA LA BUITRERA,SAN GABRIEL,S,OFICIAL,IE.LABUITRERA@CALI.EDU.CO,KM 4 SECTOR POLVORINES,312 6660068,"PREESCOLAR,MEDIA,BÁSICA SECUNDARIA,BÁSICA PRIMARIA",RURAL,76,VALLE DEL CAUCA,76001,SANTIAGO DE CALI,MUNICIPIO,NO,NO,NO APLICA,3818,SECRETARÍA DE EDUCACIÓN DE CALI,434.0,415.0,Reporta afectación sin definir el impacto,3 - BAJA,\N,\N,\N,2026-08-29T08:58:26Z
276001800481,2026-08-29,276001004889,INSTITUCION EDUCATIVA EL HORMIGUERO,HOGAR JUVENIL CAMPESINO EL HORMIGUERO,N,OFICIAL,DUE_SEMCALI@CALI.GOV.CO,VDA CASCAJAL,3023192726,"PREESCOLAR,BÁSICA SECUNDARIA,BÁSICA PRIMARIA",RURAL,76,VALLE DEL CAUCA,76001,SANTIAGO DE CALI,MUNICIPIO,NO,NO,NO APLICA,3818,SECRETARÍA DE EDUCACIÓN DE CALI,165.0,150.0,No aporta información,3 - BAJA,\N,\N,\N,2026-08-29T08:58:25Z
376001000012,2026-08-29,376001000012,COLEGIO CLARETIANO SANTA DOROTEA,COLEGIO CLARETIANO SANTA DOROTEA,S,NO OFICIAL,SANTADOROTEA@TELESAT.CO.COM,IND KR 29 A NO.10-55 CALLE 9C NO.23C-27/35/43 CRA 23C NO.9C-56,3137970005 - 6025582940,"PREESCOLAR,MEDIA,BÁSICA SECUNDARIA,BÁSICA PRIMARIA",URBANA,76,VALLE DEL CAUCA,76001,SANTIAGO DE CALI,MUNICIPIO,NO,NO,NO APLICA,3818,SECRETARÍA DE EDUCACIÓN DE CALI,476.0,476.0,No aporta información,2 - MEDIA,3.4301599998341397,-76.53212200028128,\N,2026-08-29T08:58:25Z
376001000039,2026-08-29,376001000039,CENTRO DOCENTE CASITA DE BELEN,CENTRO DOCENTE CASITA DE BELEN,S,NO OFICIAL,RECTORIA@CASITADEBELEN.ORG,KR 4 36 A 45,3758858 EXT: 117 - 3154976991,"PREESCOLAR,BÁSICA PRIMARIA",URBANA,76,VALLE DEL CAUCA,76001,SANTIAGO DE CALI,MUNICIPIO,NO,NO,NO APLICA,3818,SECRETARÍA DE EDUCACIÓN DE CALI,132.0,132.0,No aporta información,2 - MEDIA,3.4615090004107505,-76.51162000028346,\N,2026-08-29T08:58:25Z
376001000128,2026-08-29,376001000128,COLEGIO MAYOR SANTIAGO DE CALI,COLEGIO MAYOR SANTIAGO DE CALI,S,NO OFICIAL,COMASACA@CALIPSO.COM.CO,CL 35 10 20,3153360204 - 4850227 EXT. 4900 - 4910,"MEDIA,BÁSICA SECUNDARIA,BÁSICA PRIMARIA",URBANA,76,VALLE DEL CAUCA,76001,SANTIAGO DE CALI,MUNICIPIO,NO,NO,NO APLICA,3818,SECRETARÍA DE EDUCACIÓN DE CALI,407.0,407.0,No aporta información,2 - MEDIA,3.450238060978575,-76.51018388160504,\N,2026-08-29T08:58:25Z
376001000241,2026-08-29,376001000241,COLEGIO MIGUEL CAMACHO PEREA,COLEGIO MIGUEL CAMACHO PEREA,S,NO OFICIAL,CAMACHOPEREA@UMIWEB.NET.CO,AV 3 N #44 - 100,6662097 - 6802525,"MEDIA,BÁSICA SECUNDARIA,BÁSICA PRIMARIA",URBANA,76,VALLE DEL CAUCA,76001,SANTIAGO DE CALI,MUNICIPIO,NO,NO,NO APLICA,3818,SECRETARÍA DE EDUCACIÓN DE CALI,5.0,5.0,No aporta información,2 - MEDIA,3.4785887298715528,-76.516239290188,\N,2026-08-29T08:58:25Z
376001000276,2026-08-29,376001000276,COLEGIO BERCHMANS,COL BERCHMANS,S,NO OFICIAL,ORGANIZACIONAL@BERCHMANS.EDU.CO,KR 120 A 16 86,3175156030 - 6023211000,"PREESCOLAR,MEDIA,BÁSICA SECUNDARIA,BÁSICA PRIMARIA",URBANA,76,VALLE DEL CAUCA,76001,SANTIAGO DE CALI,MUNICIPIO,NO,NO,NO APLICA,3818,SECRETARÍA DE EDUCACIÓN DE CALI,1152.0,1152.0,No aporta información,2 - MEDIA,3.350502409754074,-76.53367592043278,\N,2026-08-29T08:58:25Z
376001000284,2026-08-29,376001000284,COLEGIO COMFANDI SAN  NICOLÁS,COLEGIO COMFANDI SAN NICOLÁS - SEDE PRINCIPAL,S,NO OFICIAL,COLEGIOSANNICOLAS@COMFANDI.COM,KR 7 BIS 21 67,3165133796 - 602 4866565,"PREESCOLAR,BÁSICA PRIMARIA",URBANA,76,VALLE DEL CAUCA,76001,SANTIAGO DE CALI,MUNICIPIO,NO,NO,NO APLICA,3818,SECRETARÍA DE EDUCACIÓN DE CALI,439.0,439.0,No aporta información,3 - BAJA,\N,\N,\N,2026-08-29T08:58:25Z
376001000306,2026-08-29,376001000306,COLEGIO LEONÍSTICO LA MERCED,COLEGIO LEONÍSTICO LA MERCED,S,NO OFICIAL,COLEGIOLEONISTICO@LEONISTICOLAMERCED.EDU.CO,IND CALLE 44 NO 3DN-41,3104325413 - 6024847288,"PREESCOLAR,MEDIA,BÁSICA SECUNDARIA,BÁSICA PRIMARIA",URBANA,76,VALLE DEL CAUCA,76001,SANTIAGO DE CALI,MUNICIPIO,NO,NO,NO APLICA,3818,SECRETARÍA DE EDUCACIÓN DE CALI,778.0,778.0,No aporta información,2 - MEDIA,3.479366000321528,-76.5197480000933,\N,2026-08-29T08:58:25Z
376001000314,2026-08-29,376001000314,COLEGIO PARROQUIAL SANTIAGO APOSTOL,COLEGIO PARROQUIAL SANTIAGO APOSTOL,S,NO OFICIAL,SANTI99@TELESAT.COM.CO,CL 29 KR 34 EQ,4850227 EXT 2300-2310 - 3155778814,"PREESCOLAR,MEDIA,BÁSICA SECUNDARIA,BÁSICA PRIMARIA",URBANA,76,VALLE DEL CAUCA,76001,SANTIAGO DE CALI,MUNICIPIO,NO,NO,NO APLICA,3818,SECRETARÍA DE EDUCACIÓN DE CALI,817.0,817.0,No aporta información,3 - BAJA,\N,\N,\N,2026-08-29T08:58:25Z
376001000322,2026-08-29,376001000322,LICEO SAN ANTONIO,LICEO SAN ANTONIO,S,NO OFICIAL,LICEOSAN@HOTMAIL.COM,CL 33 C 22 02,3017284941-3177944253-6023963418,"PREESCOLAR,MEDIA,BÁSICA SECUNDARIA,BÁSICA PRIMARIA",URBANA,76,VALLE DEL CAUCA,76001,SANTIAGO DE CALI,MUNICIPIO,NO,NO,NO APLICA,3818,SECRETARÍA DE EDUCACIÓN DE CALI,339.0,339.0,No aporta información,3 - BAJA,\N,\N,\N,2026-08-29T08:58:25Z
376001000390,2026-08-29,376001000390,COLEGIO SAN JOSE - CHAMPAGNAT,COLEGIO SAN JOSE - CHAMPAGNAT,S,NO OFICIAL,SANJOSEREFUGIO@HOTMAIL.COM,KR 27 9 C BIS 47,5140708 - 3103670742,"PREESCOLAR,MEDIA,BÁSICA SECUNDARIA,BÁSICA PRIMARIA",URBANA,76,VALLE DEL CAUCA,76001,SANTIAGO DE CALI,MUNICIPIO,NO,NO,NO APLICA,3818,SECRETARÍA DE EDUCACIÓN DE CALI,302.0,302.0,No aporta información,2 - MEDIA,3.3965473602869394,-76.55175042998776,\N,2026-08-29T08:58:25Z
376001000411,2026-08-29,376001000411,COLEGIO MIGUEL ANGEL BUONARROTTI,COLEGIO MIGUEL ANGEL BUONARROTI,S,NO OFICIAL,COL.MAB@HOTMAIL.COM,IND CRA 6 NORTE NO. 65 94,3205304998,"PREESCOLAR,MEDIA,BÁSICA SECUNDARIA,BÁSICA PRIMARIA,PRIMERA INFANCIA",URBANA,76,VALLE DEL CAUCA,76001,SANTIAGO DE CALI,MUNICIPIO,NO,NO,NO APLICA,3818,SECRETARÍA DE EDUCACIÓN DE CALI,191.0,191.0,No aporta información,3 - BAJA,\N,\N,\N,2026-08-29T08:58:26Z
376001000454,2026-08-29,376001000454,COLEGIO MILITAR JOSE ACEVEDO Y GOMEZ,COLEGIO MILITAR JOSE ACEVEDO Y GOMEZ,S,NO OFICIAL,DAELGA1975@YAHOO.COM,CL 52 11 31,6023742424 - 3154024551,"PREESCOLAR,MEDIA,BÁSICA SECUNDARIA,BÁSICA PRIMARIA",URBANA,76,VALLE DEL CAUCA,76001,SANTIAGO DE CALI,MUNICIPIO,NO,NO,NO APLICA,3818,SECRETARÍA DE EDUCACIÓN DE CALI,410.0,410.0,No aporta información,2 - MEDIA,3.4495567597172925,-76.49856992980929,\N,2026-08-29T08:58:25Z
376001000519,2026-08-29,376001000519,COLEGIO DE LA SAGRADA FAMILIA,COL DE LA SAGRADA FAMILIA,S,NO OFICIAL,SECRETARIA@SAGRADAFAMILIA.EDU.CO,KR 118 AV BERCHMANS,3137197112 - 3117796859 - 6025552195 - 6025552796,"PREESCOLAR,MEDIA,BÁSICA SECUNDARIA,BÁSICA PRIMARIA",URBANA,76,VALLE DEL CAUCA,76001,SANTIAGO DE CALI,MUNICIPIO,NO,NO,NO APLICA,3818,SECRETARÍA DE EDUCACIÓN DE CALI,198.0,198.0,No aporta información,3 - BAJA,\N,\N,\N,2026-08-29T08:58:25Z
376001000543,2026-08-29,376001000543,COLEGIO SAN FRANCISCO DE ASIS,COLEGIO SAN FRANCISCO DE ASIS,S,NO OFICIAL,COSFACALI@YAHOO.COM.MX,CL 52 14 40,3165292210,"PREESCOLAR,MEDIA,BÁSICA SECUNDARIA,BÁSICA PRIMARIA",URBANA,76,VALLE DEL CAUCA,76001,SANTIAGO DE CALI,MUNICIPIO,NO,NO,NO APLICA,3818,SECRETARÍA DE EDUCACIÓN DE CALI,762.0,762.0,No aporta información,2 - MEDIA,3.445954669714001,-76.4997206402472,\N,2026-08-29T08:58:25Z
376001000551,2026-08-29,376001000551,COLEGIO  DE NUESTRA SEÑORA DE CHIQUINQUIRA,COLEGIO  DE NUESTRA SEÑORA DE CHIQUINQUIRA,S,NO OFICIAL,SANJOSE@COL2.TELECOM.COM.CO,CL 7 OESTE 54 95,3185241934 - 4850227 EXT. 7000 - 7020,"PREESCOLAR,MEDIA,BÁSICA SECUNDARIA,BÁSICA PRIMARIA",URBANA,76,VALLE DEL CAUCA,76001,SANTIAGO DE CALI,MUNICIPIO,NO,NO,NO APLICA,3818,SECRETARÍA DE EDUCACIÓN DE CALI,348.0,348.0,No aporta información,2 - MEDIA,3.4126161346902104,-76.55800335294889,\N,2026-08-29T08:58:25Z
376001000560,2026-08-29,376001000560,INSTITUTO NUESTRA SEÑORA DE LA ASUNCION,INSTITUTO NUESTRA SEÑORA DE LA ASUNCION,S,NO OFICIAL,INSACALICOL@GMAIL.COM,KR 14 74 01,3157840414,"PREESCOLAR,MEDIA,BÁSICA SECUNDARIA,BÁSICA PRIMARIA",URBANA,76,VALLE DEL CAUCA,76001,SANTIAGO DE CALI,MUNICIPIO,NO,NO,NO APLICA,3818,SECRETARÍA DE EDUCACIÓN DE CALI,680.0,680.0,No aporta información,2 - MEDIA,3.447229200448033,-76.48205241983061,\N,2026-08-29T08:58:25Z
376001000586,2026-08-29,376001000586,COLEGIO SAN PEDRO CLAVER,COLEGIO SAN PEDRO CLAVER,S,NO OFICIAL,SANPEDROCLAVER@UNIWEB.NET.CO,KR 1 D 49 30,6024061216 - 318735489,"PREESCOLAR,MEDIA,BÁSICA SECUNDARIA,BÁSICA PRIMARIA",URBANA,76,VALLE DEL CAUCA,76001,SANTIAGO DE CALI,MUNICIPIO,NO,NO,NO APLICA,3818,SECRETARÍA DE EDUCACIÓN DE CALI,577.0,577.0,No aporta información,2 - MEDIA,3.4709993398108123,-76.50393789992613,\N,2026-08-29T08:58:25Z
376001000608,2026-08-29,376001000608,CORPORACION EDUCATIVA ADVENTISTA- C.E.A,CORPORACION EDUCATIVA ADVENTISTA C.E.A,S,NO OFICIAL,INFO@CEA.EDU.CO,KR 44 9 25,3148714906,"PREESCOLAR,MEDIA,BÁSICA SECUNDARIA,BÁSICA PRIMARIA",URBANA,76,VALLE DEL CAUCA,76001,SANTIAGO DE CALI,MUNICIPIO,NO,NO,NO APLICA,3818,SECRETARÍA DE EDUCACIÓN DE CALI,306.0,306.0,No aporta información,2 - MEDIA,3.416793440278263,-76.53938146036539,\N,2026-08-29T08:58:25Z
376001000721,2026-08-29,376001000721,COLEGIO FRANCISCANO DE FRAY DAMIAN GONZALEZ,COLEGIO FRANCISCANO DE FRAY DAMIAN GONZALEZ,S,NO OFICIAL,FFRAYDAMIAN@FRAYDAMIAN.EDU.CO,KILOMETRO 4 VIA PUERTO TEJADA,3153176829 - 5504413,"PREESCOLAR,MEDIA,BÁSICA SECUNDARIA,BÁSICA PRIMARIA",RURAL,76,VALLE DEL CAUCA,76001,SANTIAGO DE CALI,MUNICIPIO,NO,NO,NO APLICA,3818,SECRETARÍA DE EDUCACIÓN DE CALI,1042.0,1042.0,No aporta información,3 - BAJA,\N,\N,\N,2026-08-29T08:58:25Z
376001000802,2026-08-29,376001000802,COLEGIO PARROQUIAL SAN JOAQUIN,COLEGIO PARROQUIAL SAN JOAQUIN,S,NO OFICIAL,SANJOAQUIN@ARQUIDIOCESANOS.EDU.CO,IND CL 42 KR 46 ESQUINA-           KM 6 VÍA PUERTO TEJADA CASAS 119 /121 CORREGIMIENTO EL HORMIGUERO,3158175663 - 4850227 EXT. 2100 - 2120,"PREESCOLAR,MEDIA,BÁSICA SECUNDARIA,BÁSICA PRIMARIA",URBANA,76,VALLE DEL CAUCA,76001,SANTIAGO DE CALI,MUNICIPIO,NO,NO,NO APLICA,3818,SECRETARÍA DE EDUCACIÓN DE CALI,887.0,887.0,No aporta información,2 - MEDIA,3.4052268980896963,-76.51468451394202,\N,2026-08-29T08:58:25Z
376001000829,2026-08-29,376001000829,LICEO BENALCAZAR,LICEO BENALCAZAR,S,NO OFICIAL,LBENALCAZR@EMCALI.NET.CO,KR 2 OESTE 10 83,8931402 - 3108263774,"PREESCOLAR,MEDIA,BÁSICA SECUNDARIA,BÁSICA PRIMARIA",URBANA,76,VALLE DEL CAUCA,76001,SANTIAGO DE CALI,MUNICIPIO,NO,NO,NO APLICA,3818,SECRETARÍA DE EDUCACIÓN DE CALI,262.0,262.0,No aporta información,2 - MEDIA,3.450381359626419,-76.55090568034574,\N,2026-08-29T08:58:25Z
376001000861,2026-08-29,376001000861,COLEGIO DE SAN LUIS GONZAGA,COLEGIO DE SAN LUIS GONZAGA,S,NO OFICIAL,COLEGIOCALI@HOTMAIL.COM,AV 10 A NORTE 14 85,3183305156,"PREESCOLAR,MEDIA,BÁSICA SECUNDARIA,BÁSICA PRIMARIA",URBANA,76,VALLE DEL CAUCA,76001,SANTIAGO DE CALI,MUNICIPIO,NO,NO,NO APLICA,3818,SECRETARÍA DE EDUCACIÓN DE CALI,745.0,745.0,No aporta información,3 - BAJA,\N,\N,\N,2026-08-29T08:58:25Z
376001000870,2026-08-29,376001000870,ESCUELA DE LA TRINIDAD,ESCUELA DE LA TRINIDAD,S,NO OFICIAL,TRINITYSCHOOL@TELESAT.COM.CO,KR 3 OESTE 13 35,3103824196 - 6023816958,"PREESCOLAR,MEDIA,BÁSICA SECUNDARIA,BÁSICA PRIMARIA",URBANA,76,VALLE DEL CAUCA,76001,SANTIAGO DE CALI,MUNICIPIO,NO,NO,NO APLICA,3818,SECRETARÍA DE EDUCACIÓN DE CALI,233.0,233.0,No aporta información,2 - MEDIA,3.448668893236622,-76.54717476766331,\N,2026-08-29T08:58:25Z
376001000888,2026-08-29,376001000888,COLEGIO PARROQUIAL SAN PEDRO CLAVER,COLEGIO PARROQUIAL SAN PEDRO CLAVER,S,NO OFICIAL,COLSANPEDROCLAVER@ARQUIDIOCESANOS.EDU.CO,CL 26 40 B 28,3164806820 - 4850227 EXT 2200,"PREESCOLAR,MEDIA,BÁSICA SECUNDARIA,BÁSICA PRIMARIA",URBANA,76,VALLE DEL CAUCA,76001,SANTIAGO DE CALI,MUNICIPIO,NO,NO,NO APLICA,3818,SECRETARÍA DE EDUCACIÓN DE CALI,457.0,457.0,No aporta información,2 - MEDIA,3.4170914197699016,-76.52086182031577,\N,2026-08-29T08:58:25Z
376001000900,2026-08-29,376001000900,COLEGIO PARROQUIAL SAN JUAN BAUTISTA,COLEGIO PARROQUIAL SAN JUAN BAUTISTA,S,NO OFICIAL,COLPARSANJUANBAUTISTA@ARQUIDIOCESANOS.EDU.CO,KR 42 A 13 B 25,6024850227 EXT 2400 - 3153084256,"PREESCOLAR,MEDIA,BÁSICA SECUNDARIA,BÁSICA PRIMARIA",URBANA,76,VALLE DEL CAUCA,76001,SANTIAGO DE CALI,MUNICIPIO,NO,NO,NO APLICA,3818,SECRETARÍA DE EDUCACIÓN DE CALI,859.0,859.0,No aporta información,2 - MEDIA,3.416278660088063,-76.52995065006867,\N,2026-08-29T08:58:25Z
376001000951,2026-08-29,376001000951,CORPORACIÓN CULTURAL COLEGIO ALEMÁN,CORPORACIÓN CULTURAL COLEGIO ALEMÁN - SEDE PRICIPAL,S,NO OFICIAL,COLALALEMAN@UNIWEB.NET.CO,IND AV GUALÍ CASA NO. 31,3175136387 - 4868000,"PREESCOLAR,MEDIA,BÁSICA SECUNDARIA,BÁSICA PRIMARIA",URBANA,76,VALLE DEL CAUCA,76001,SANTIAGO DE CALI,MUNICIPIO,NO,NO,NO APLICA,3818,SECRETARÍA DE EDUCACIÓN DE CALI,652.0,652.0,No aporta información,3 - BAJA,\N,\N,\N,2026-08-29T08:58:25Z
376001001094,2026-08-29,376001001094,COLEGIO CASA EVANGELICA,COLEGIO CASA EVANGELICA,S,NO OFICIAL,CASAEVANGELICA@HOTMAIL.COM,CL 18 21 75,3005352885,"PREESCOLAR,BÁSICA PRIMARIA",URBANA,76,VALLE DEL CAUCA,76001,SANTIAGO DE CALI,MUNICIPIO,NO,NO,NO APLICA,3818,SECRETARÍA DE EDUCACIÓN DE CALI,77.0,77.0,No aporta información,2 - MEDIA,3.4372508702146267,-76.52277659012364,\N,2026-08-29T08:58:25Z
376001001116,2026-08-29,376001001116,COLEGIO AMERICANO,COLEGIO AMERICANO,S,NO OFICIAL,COLAMER@TELESAT.COM.CO,KR 89 4 C 35,3004840560 - 6043325840,"PREESCOLAR,MEDIA,BÁSICA SECUNDARIA,BÁSICA PRIMARIA",URBANA,76,VALLE DEL CAUCA,76001,SANTIAGO DE CALI,MUNICIPIO,NO,NO,NO APLICA,3818,SECRETARÍA DE EDUCACIÓN DE CALI,1404.0,1404.0,No aporta información,2 - MEDIA,3.378935249679897,-76.54431497017654,\N,2026-08-29T08:58:25Z
376001001132,2026-08-29,376001001132,COLEGIO SANTA ISABEL DE HUNGRIA SEDE ALFONSO LOPEZ,COLEGIO SANTA ISABEL DE HUNGRIA SEDE ALFONSO LOPEZ,S,NO OFICIAL,FUNCOLSIH@HOTMAIL.COM,KR 7 H BIS 76 25,4850227 EXT 3500  3520 / 318 7348070 - 3162784605,"PREESCOLAR,MEDIA,BÁSICA SECUNDARIA,BÁSICA PRIMARIA",URBANA,76,VALLE DEL CAUCA,76001,SANTIAGO DE CALI,MUNICIPIO,NO,NO,NO APLICA,3818,SECRETARÍA DE EDUCACIÓN DE CALI,1526.0,1526.0,No aporta información,2 - MEDIA,3.4590760004189796,-76.47977299959439,\N,2026-08-29T08:58:25Z
376001001221,2026-08-29,376001001221,COLEGIO BOLIVAR,COL BOLIVAR,S,NO OFICIAL,RECTORIA@COLEGIOBOLIVAR.EDU.CO,CL 5 122 21,4855050 - 3155544010,"PREESCOLAR,MEDIA,BÁSICA SECUNDARIA,BÁSICA PRIMARIA",URBANA,76,VALLE DEL CAUCA,76001,SANTIAGO DE CALI,MUNICIPIO,NO,NO,NO APLICA,3818,SECRETARÍA DE EDUCACIÓN DE CALI,1284.0,1284.0,No aporta información,2 - MEDIA,3.340111150259163,-76.5452147101887,\N,2026-08-29T08:58:25Z
376001001337,2026-08-29,376001001337,COLEGIO EL AMPARO,COLEGIO EL AMPARO,S,NO OFICIAL,COLEGIOELAMPARO@TELESAT.COM.CO,IND KR 56 1 OESTE 75,3164999928 - 6025514231,"PREESCOLAR,MEDIA,BÁSICA SECUNDARIA,BÁSICA PRIMARIA",URBANA,76,VALLE DEL CAUCA,76001,SANTIAGO DE CALI,MUNICIPIO,NO,NO,NO APLICA,3818,SECRETARÍA DE EDUCACIÓN DE CALI,547.0,547.0,No aporta información,2 - MEDIA,3.4109959497445757,-76.55605571019149,\N,2026-08-29T08:58:25Z
376001001353,2026-08-29,376001001353,INSTITUTO CENTRAL DE COMERCIO Y BACHILLERATO,INSTITUTO CENTRAL DEL COMERCIO Y BACHILLERATO,S,NO OFICIAL,CENTRALDECOMERCIO@HOTMAIL.COM,KR 73 3 C 65,3158211514 - 6023991364,"PREESCOLAR,MEDIA,BÁSICA SECUNDARIA,BÁSICA PRIMARIA",URBANA,76,VALLE DEL CAUCA,76001,SANTIAGO DE CALI,MUNICIPIO,NO,NO,NO APLICA,3818,SECRETARÍA DE EDUCACIÓN DE CALI,447.0,447.0,No aporta información,2 - MEDIA,3.3923479841695166,-76.54691665922431,\N,2026-08-29T08:58:25Z
376001001388,2026-08-29,376001001388,COLEGIO BILINGUE LACORDAIRE,COLEGIO BILINGUE LACORDAIRE,S,NO OFICIAL,SACADEMICA@LACORDAIRE.EDU.CO,CL 5 89 70,3126731652 WHATSAPP - 6023325706,"PREESCOLAR,MEDIA,BÁSICA SECUNDARIA,BÁSICA PRIMARIA",URBANA,76,VALLE DEL CAUCA,76001,SANTIAGO DE CALI,MUNICIPIO,NO,NO,NO APLICA,3818,SECRETARÍA DE EDUCACIÓN DE CALI,976.0,976.0,No aporta información,2 - MEDIA,3.377171999993989,-76.54328600032424,\N,2026-08-29T08:58:25Z
376001001426,2026-08-29,376001001426,COLEGIO NUESTRA SEÑORA DE LA CONSOLACION,COLEGIO NUESTRA SEÑORA DE LA CONSOLACION,S,NO OFICIAL,COLCONCALI@HOTMAIL.COM,KR 68 10 B 64,(602) 3904863 - 3104130033,"PREESCOLAR,MEDIA,BÁSICA SECUNDARIA,BÁSICA PRIMARIA",URBANA,76,VALLE DEL CAUCA,76001,SANTIAGO DE CALI,MUNICIPIO,NO,NO,NO APLICA,3818,SECRETARÍA DE EDUCACIÓN DE CALI,542.0,542.0,No aporta información,2 - MEDIA,3.3947148202707202,-76.54020413031608,\N,2026-08-29T08:58:25Z
376001001451,2026-08-29,376001001451,COLEGIO EL HOGAR,COLEGIO EL HOGAR,S,NO OFICIAL,COLELHOGAR@COLDECON.NET.CO,IND CARRERA 75 # 3C29,3006079062 - 3042509467,"PREESCOLAR,MEDIA,BÁSICA SECUNDARIA,BÁSICA PRIMARIA",URBANA,76,VALLE DEL CAUCA,76001,SANTIAGO DE CALI,MUNICIPIO,NO,NO,NO APLICA,3818,SECRETARÍA DE EDUCACIÓN DE CALI,720.0,662.0,No aporta información,2 - MEDIA,3.390434190381837,-76.54774103956727,\N,2026-08-29T08:58:25Z
376001001477,2026-08-29,376001001477,LICEO NAPOLITANO,LICEO NAPOLITANO,S,NO OFICIAL,LICEONAPOLITANO@YAHOO.COM,KR 11 47 22,3183302668 - 6024013379,"PREESCOLAR,MEDIA,BÁSICA SECUNDARIA,BÁSICA PRIMARIA",URBANA,76,VALLE DEL CAUCA,76001,SANTIAGO DE CALI,MUNICIPIO,NO,NO,NO APLICA,3818,SECRETARÍA DE EDUCACIÓN DE CALI,410.0,410.0,No aporta información,2 - MEDIA,3.4498639998374463,-76.5022870003515,\N,2026-08-29T08:58:25Z
376001001523,2026-08-29,376001001523,COLEGIO SANTA MARIA STELLA MARIS,COLEGO SANTA MARIA STELLA MARIS,S,NO OFICIAL,STELLAMARIS@EMCALI.NET.CO,IND KR 38 B DIAGONAL 37A - 90,3865780 - 311 4302661,"PREESCOLAR,MEDIA,BÁSICA SECUNDARIA,BÁSICA PRIMARIA",URBANA,76,VALLE DEL CAUCA,76001,SANTIAGO DE CALI,MUNICIPIO,NO,NO,NO APLICA,3818,SECRETARÍA DE EDUCACIÓN DE CALI,435.0,435.0,No aporta información,2 - MEDIA,3.426588260121662,-76.54940257968647,\N,2026-08-29T08:58:26Z
376001001558,2026-08-29,376001001558,COLEGIO LOS ANGELES DE SAN FERNANDO,COLEGIO LOS ANGELES SAN FERNANDO,S,NO OFICIAL,COANGEL56@HOTMAIL.COM,KR 30 5 C 16,3205476060,"PREESCOLAR,MEDIA,BÁSICA SECUNDARIA,BÁSICA PRIMARIA",URBANA,76,VALLE DEL CAUCA,76001,SANTIAGO DE CALI,MUNICIPIO,NO,NO,NO APLICA,3818,SECRETARÍA DE EDUCACIÓN DE CALI,412.0,412.0,No aporta información,2 - MEDIA,3.3899999998894113,-76.54694444411605,\N,2026-08-29T08:58:25Z
376001001566,2026-08-29,376001001566,COLEGIO MAYOR ALFEREZ REAL,COLEGIO MAYOR ALFEREZ REAL,S,NO OFICIAL,LCTH59@YAHOO.COM,AVENIDA ALFEREZ REAL # 05 PANCE,5554046 5554049,"PREESCOLAR,MEDIA,BÁSICA SECUNDARIA,BÁSICA PRIMARIA",URBANA,76,VALLE DEL CAUCA,76001,SANTIAGO DE CALI,MUNICIPIO,NO,NO,NO APLICA,3818,SECRETARÍA DE EDUCACIÓN DE CALI,482.0,482.0,No aporta información,2 - MEDIA,3.450302331916427,-76.50041283529276,\N,2026-08-29T08:58:25Z
376001001582,2026-08-29,376001001582,COLEGIO PARROQUIAL DIVINO SALVADOR,COLEGIO PARROQUIAL DIVINO SALVADOR,S,NO OFICIAL,CDIVINOS@TELESAT.COM.CO,KR 67 3 12,6023245038 - 3226377810,"PREESCOLAR,MEDIA,BÁSICA SECUNDARIA,BÁSICA PRIMARIA",URBANA,76,VALLE DEL CAUCA,76001,SANTIAGO DE CALI,MUNICIPIO,NO,NO,NO APLICA,3818,SECRETARÍA DE EDUCACIÓN DE CALI,328.0,328.0,No aporta información,2 - MEDIA,3.3956792096816986,-76.54909501988939,\N,2026-08-29T08:58:25Z
376001001868,2026-08-29,376001001868,LICEO SAN JUAN XXIII,LICEO SAN JUAN  XXIII,S,NO OFICIAL,LJUANXXIII@HOTMAIL.COM,IND AV 3 F NORTE 42N ¿ 48/40 NORTE ¿ 135 / 40N-157 / 40N-167,3154825215 - 6646873,"PREESCOLAR,MEDIA,BÁSICA SECUNDARIA,BÁSICA PRIMARIA",URBANA,76,VALLE DEL CAUCA,76001,SANTIAGO DE CALI,MUNICIPIO,NO,NO,NO APLICA,3818,SECRETARÍA DE EDUCACIÓN DE CALI,360.0,360.0,No aporta información,2 - MEDIA,3.4809840522689406,-76.48450706095457,\N,2026-08-29T08:58:25Z
376001002066,2026-08-29,376001002066,INSTITUTO TÉCNICO INDUSTRIAL SAN JUAN BOSCO,INSTITUTO TÉCNICO INDUSTRIAL SAN JUAN BOSCO,S,NO OFICIAL,PMARIOR@HOTMAIL.COM,CL 8 14 75,3146189538 - 8811330,"PREESCOLAR,MEDIA,BÁSICA SECUNDARIA,BÁSICA PRIMARIA",URBANA,76,VALLE DEL CAUCA,76001,SANTIAGO DE CALI,MUNICIPIO,NO,NO,NO APLICA,3818,SECRETARÍA DE EDUCACIÓN DE CALI,427.0,427.0,No aporta información,2 - MEDIA,3.4427394197167516,-76.53380592012913,\N,2026-08-29T08:58:25Z
376001002074,2026-08-29,376001002074,CORPORACION COLEGIO AMERICAS UNIDAS,CORPORACION COLEGIO AMERICAS UNIDAS,S,NO OFICIAL,CORPOCAU@HOTMAIL.COM,KR 56 1 B 71,3156126087,"PREESCOLAR,MEDIA,BÁSICA SECUNDARIA,BÁSICA PRIMARIA",URBANA,76,VALLE DEL CAUCA,76001,SANTIAGO DE CALI,MUNICIPIO,NO,NO,NO APLICA,3818,SECRETARÍA DE EDUCACIÓN DE CALI,308.0,308.0,No aporta información,2 - MEDIA,3.410236549881909,-76.55375809996907,\N,2026-08-29T08:58:25Z
376001002121,2026-08-29,376001002121,COLEGIO BENNETT,COLEGIO BENNETT,S,NO OFICIAL,JBORRERO@VALLEDELCAUCA.GOV.CO,IND CLL AVENIDA CASCAJAL ALFEREZ REAL CIUDAD JARDIN,3167588413 - 6023332353,"PREESCOLAR,MEDIA,BÁSICA SECUNDARIA,BÁSICA PRIMARIA",URBANA,76,VALLE DEL CAUCA,76001,SANTIAGO DE CALI,MUNICIPIO,NO,NO,NO APLICA,3818,SECRETARÍA DE EDUCACIÓN DE CALI,549.0,549.0,No aporta información,3 - BAJA,\N,\N,\N,2026-08-29T08:58:25Z
376001002279,2026-08-29,376001002279,COLEGIO COLOMBO BRITÁNICO,COLEGIO COLOMBO BRITÁNICO,S,NO OFICIAL,INFOCENTRO@COLOMBOBRITANICO.ED,IND AV LA MARIA 69 PANCE,3174018814 - 6025555385,"PREESCOLAR,MEDIA,BÁSICA SECUNDARIA,BÁSICA PRIMARIA",URBANA,76,VALLE DEL CAUCA,76001,SANTIAGO DE CALI,MUNICIPIO,NO,NO,NO APLICA,3818,SECRETARÍA DE EDUCACIÓN DE CALI,1161.0,1161.0,No aporta información,3 - BAJA,\N,\N,\N,2026-08-29T08:58:25Z
376001002350,2026-08-29,376001002350,COLEGIO FRANCISCANO  DE PÍO XII,COLEGIO FRANCISCANO DE  PÍO XII,S,NO OFICIAL,COLFRANCISCOPIOXII@TELESAT.COM,IND KILOMETRO 4 VÍA JAMUNDÍ,3175386969  -  3166171578 - 5552727,"PREESCOLAR,MEDIA,BÁSICA SECUNDARIA,BÁSICA PRIMARIA",URBANA,76,VALLE DEL CAUCA,76001,SANTIAGO DE CALI,MUNICIPIO,NO,NO,NO APLICA,3818,SECRETARÍA DE EDUCACIÓN DE CALI,534.0,534.0,No aporta información,3 - BAJA,\N,\N,\N,2026-08-29T08:58:25Z
376001002376,2026-08-29,376001002376,COLEGIO HISPANOAMERICANO,COLEGIO HISPANOAMERICANO,S,NO OFICIAL,FUNDHISPANO@EMCALI.NET.CO,AV 3 C NORTE 35 55,3116348291 - 4896888,"PREESCOLAR,MEDIA,BÁSICA SECUNDARIA,BÁSICA PRIMARIA",URBANA,76,VALLE DEL CAUCA,76001,SANTIAGO DE CALI,MUNICIPIO,NO,NO,NO APLICA,3818,SECRETARÍA DE EDUCACIÓN DE CALI,637.0,637.0,No aporta información,3 - BAJA,\N,\N,\N,2026-08-29T08:58:25Z
376001002392,2026-08-29,376001002392,COLEGIO NUESTRA SEÑORA DE LA GRACIA,COL. NUESTRA SEÑORA DE LA GRACIA,S,NO OFICIAL,COLGRACIA62@TELESAT.COM.CO,KR 125 22 150,3176676024-3114184849-5551535-5551536,"PREESCOLAR,MEDIA,BÁSICA SECUNDARIA,BÁSICA PRIMARIA",URBANA,76,VALLE DEL CAUCA,76001,SANTIAGO DE CALI,MUNICIPIO,NO,NO,NO APLICA,3818,SECRETARÍA DE EDUCACIÓN DE CALI,399.0,399.0,No aporta información,2 - MEDIA,3.3381353196840142,-76.52693928972548,\N,2026-08-29T08:58:25Z
376001002406,2026-08-29,376001002406,COLEGIO BAUTISTA BETANIA,COLEGIO BAUTISTA BETANIA,S,NO OFICIAL,DIRECTIVOS@COLBETANIA.EDU.CO,KR 37 26 03,3738080 - 3187451877,"PREESCOLAR,BÁSICA PRIMARIA",URBANA,76,VALLE DEL CAUCA,76001,SANTIAGO DE CALI,MUNICIPIO,NO,NO,NO APLICA,3818,SECRETARÍA DE EDUCACIÓN DE CALI,63.0,63.0,No aporta información,2 - MEDIA,3.4204426442770313,-76.51980482392491,\N,2026-08-29T08:58:25Z
376001002546,2026-08-29,376001002546,COLEGIO NUESTRA SEÑORA DE FATIMA,COLEGIO NUESTRA SEÑORA DE FATIMA,S,NO OFICIAL,MECAL.GUBIE-RECTORIA@POLICIA.GOV.CO,CL 62 6 31,350 5511564,"PREESCOLAR,MEDIA,BÁSICA SECUNDARIA,BÁSICA PRIMARIA",URBANA,76,VALLE DEL CAUCA,76001,SANTIAGO DE CALI,MUNICIPIO,NO,NO,NO APLICA,3818,SECRETARÍA DE EDUCACIÓN DE CALI,778.0,778.0,No aporta información,2 - MEDIA,3.483387069949973,-76.50339986027493,\N,2026-08-29T08:58:25Z
376001003437,2026-08-29,376001003437,COLEGIO SAN ALBERTO MAGNO,COLEGIO SAN ALBERTO MAGNO,S,NO OFICIAL,CSAM-CALI@HOTMAIL.COM,CL 12 A 23 D 66,6023707171 - 3126623508,"PREESCOLAR,MEDIA,BÁSICA SECUNDARIA,BÁSICA PRIMARIA",URBANA,76,VALLE DEL CAUCA,76001,SANTIAGO DE CALI,MUNICIPIO,NO,NO,NO APLICA,3818,SECRETARÍA DE EDUCACIÓN DE CALI,218.0,218.0,No aporta información,2 - MEDIA,3.4325815896788887,-76.5290446200529,\N,2026-08-29T08:58:25Z
376001003461,2026-08-29,376001003461,COLEGIO SAN ANTONIO MARIA CLARET,COLEGIO SAN ANTONIO MARIA CLARET,S,NO OFICIAL,CLARCALI@TELESAT.COM.CO,KR 122 CL 15 16,5552075 - 3157977483,"PREESCOLAR,MEDIA,BÁSICA SECUNDARIA,BÁSICA PRIMARIA",URBANA,76,VALLE DEL CAUCA,76001,SANTIAGO DE CALI,MUNICIPIO,NO,NO,NO APLICA,3818,SECRETARÍA DE EDUCACIÓN DE CALI,1089.0,1089.0,No aporta información,2 - MEDIA,3.3429099996409417,-76.53710099988008,\N,2026-08-29T08:58:25Z
376001003500,2026-08-29,376001003500,JARDIN INFANTIL PIRUETAS SEDE SANTA ISABEL,JARDIN INFANTIL PIRUETAS SEDE SANTA ISABEL,S,NO OFICIAL,HELENKELLER@EMCALI.NET.CO,KR 37 A 4 21,3104928465,PREESCOLAR,URBANA,76,VALLE DEL CAUCA,76001,SANTIAGO DE CALI,MUNICIPIO,NO,NO,NO APLICA,3818,SECRETARÍA DE EDUCACIÓN DE CALI,81.0,81.0,No aporta información,2 - MEDIA,3.4087942695689746,-76.56986254032563,\N,2026-08-29T08:58:25Z
376001003526,2026-08-29,376001003526,COLEGIO CATOLICO ROSALBA SANTANDER,COLEGIO CATOLICO ROSALBA SANTANDER,S,NO OFICIAL,COLCATOLICO@YAHOO.COM,KR 49 9 B 42,5520795 - 3155497690,"PREESCOLAR,MEDIA,BÁSICA SECUNDARIA,BÁSICA PRIMARIA",URBANA,76,VALLE DEL CAUCA,76001,SANTIAGO DE CALI,MUNICIPIO,NO,NO,NO APLICA,3818,SECRETARÍA DE EDUCACIÓN DE CALI,219.0,219.0,No aporta información,2 - MEDIA,3.4120976900447477,-76.5395784303645,\N,2026-08-29T08:58:25Z
376001003551,2026-08-29,376001003551,COLEGIO LA PIEDAD,COLEGIO LA PIEDAD,S,NO OFICIAL,COLEGIOLAPIEDAD22@GMAIL.COM,IND CL 55B 47 79,3148636454 - 3481263,"PREESCOLAR,MEDIA,BÁSICA SECUNDARIA,BÁSICA PRIMARIA",URBANA,76,VALLE DEL CAUCA,76001,SANTIAGO DE CALI,MUNICIPIO,NO,NO,NO APLICA,3818,SECRETARÍA DE EDUCACIÓN DE CALI,159.0,159.0,No aporta información,2 - MEDIA,3.4769444437661945,-76.50222222193803,\N,2026-08-29T08:58:25Z
376001003577,2026-08-29,376001003577,COLEGIO SANTA MARIANA DE JESÚS,SANTA MARIANA DE JESÚS,S,NO OFICIAL,COLMARIANITASCALI@HOTMAIL.COM,KR 27 4 08,3166005668 - (602)5563151,"PREESCOLAR,MEDIA,BÁSICA SECUNDARIA,BÁSICA PRIMARIA",URBANA,76,VALLE DEL CAUCA,76001,SANTIAGO DE CALI,MUNICIPIO,NO,NO,NO APLICA,3818,SECRETARÍA DE EDUCACIÓN DE CALI,322.0,322.0,No aporta información,2 - MEDIA,3.4345370930012167,-76.54266980903994,\N,2026-08-29T08:58:25Z
376001005596,2026-08-29,376001005596,COLEGIO NUESTRA SEÑORA DE LA ANUNCIACION,COLEGIO NUESTRA SEÑORA DE LA ANUNCIACION,S,NO OFICIAL,CONSAC@UNIWEB.NET.CO,CL 56 13 55,3145791394 - 6024380547,"PREESCOLAR,MEDIA,BÁSICA SECUNDARIA,BÁSICA PRIMARIA",URBANA,76,VALLE DEL CAUCA,76001,SANTIAGO DE CALI,MUNICIPIO,NO,NO,NO APLICA,3818,SECRETARÍA DE EDUCACIÓN DE CALI,537.0,537.0,No aporta información,2 - MEDIA,3.444703670064526,-76.49627386019759,\N,2026-08-29T08:58:25Z
376001005626,2026-08-29,376001005626,COLEGIO COOPERATIVO COOMEVA,COLEGIO COOPERATIVO COOMEVA,S,NO OFICIAL,SECREACADEM@COLEGIOCOOMEVA.EDU.CO,IND AV CAÑASGORDAS CON AV EL BANCO,3103747411 - 6025551088,"PREESCOLAR,MEDIA,BÁSICA SECUNDARIA,BÁSICA PRIMARIA",URBANA,76,VALLE DEL CAUCA,76001,SANTIAGO DE CALI,MUNICIPIO,NO,NO,NO APLICA,3818,SECRETARÍA DE EDUCACIÓN DE CALI,463.0,463.0,No aporta información,3 - BAJA,\N,\N,\N,2026-08-29T08:58:25Z
376001005758,2026-08-29,376001005758,INSTITUTO TECNICO HERMANO MIGUEL,INSTITUTO TECNICO HERMANO MIGUEL,S,NO OFICIAL,COLEGIOHERMANOMIGUEL@HOTMAIL.COM,KR 23 3 A 102,5146105 315 6957576,"PREESCOLAR,MEDIA,BÁSICA SECUNDARIA,BÁSICA PRIMARIA",URBANA,76,VALLE DEL CAUCA,76001,SANTIAGO DE CALI,MUNICIPIO,NO,NO,NO APLICA,3818,SECRETARÍA DE EDUCACIÓN DE CALI,59.0,59.0,No aporta información,2 - MEDIA,3.4386203496014343,-76.53823144971507,\N,2026-08-29T08:58:25Z
376001005910,2026-08-29,376001005910,COLEGIO DE LA SANTÍSIMA TRINIDAD,COLEGIO DE LA SANTÍSIMA TRINIDAD,S,NO OFICIAL,COLSANTRIN@TELESAT.COM.CO,KR 18 15 41,3102058085,"PREESCOLAR,MEDIA,BÁSICA SECUNDARIA,BÁSICA PRIMARIA",URBANA,76,VALLE DEL CAUCA,76001,SANTIAGO DE CALI,MUNICIPIO,NO,NO,NO APLICA,3818,SECRETARÍA DE EDUCACIÓN DE CALI,187.0,187.0,No aporta información,2 - MEDIA,3.4392528604195385,-76.53603208015046,\N,2026-08-29T08:58:25Z
376001005928,2026-08-29,376001005928,COLEGIO SAN FERNANDO REY,COLEGIO SAN FERNANDO REY,S,NO OFICIAL,CARBORRE@HOTMAIL.COM,KR 25 5 80,3156997852,"PREESCOLAR,MEDIA,BÁSICA SECUNDARIA,BÁSICA PRIMARIA",URBANA,76,VALLE DEL CAUCA,76001,SANTIAGO DE CALI,MUNICIPIO,NO,NO,NO APLICA,3818,SECRETARÍA DE EDUCACIÓN DE CALI,61.0,61.0,No aporta información,2 - MEDIA,3.435004800000968,-76.53965802020035,\N,2026-08-29T08:58:25Z
376001005936,2026-08-29,376001005936,JUAN JACOBO ROUSSEAU,JUAN JACOBO ROUSSEAU,S,NO OFICIAL,JUANJACOBOCALI@HOTMAIL.COM,KR 45 43 12,3162336288 - (602)5218736,"PREESCOLAR,BÁSICA SECUNDARIA,BÁSICA PRIMARIA",URBANA,76,VALLE DEL CAUCA,76001,SANTIAGO DE CALI,MUNICIPIO,NO,NO,NO APLICA,3818,SECRETARÍA DE EDUCACIÓN DE CALI,101.0,101.0,No aporta información,2 - MEDIA,3.4055039999363252,-76.51354299955766,\N,2026-08-29T08:58:25Z
376001005944,2026-08-29,376001005944,COLEGIO INTERNADO SAN CARLOS,COLEGIO INTERNADO SAN CARLOS,S,NO OFICIAL,COBERO@EDUNET.EDU.CO,IND CL 30 12 70,3113010797,"PREESCOLAR,MEDIA,BÁSICA SECUNDARIA,BÁSICA PRIMARIA",URBANA,76,VALLE DEL CAUCA,76001,SANTIAGO DE CALI,MUNICIPIO,NO,NO,NO APLICA,3818,SECRETARÍA DE EDUCACIÓN DE CALI,116.0,116.0,No aporta información,2 - MEDIA,3.4467389996945474,-76.5137910001531,\N,2026-08-29T08:58:25Z
376001006231,2026-08-29,376001006231,COLEGIO PANAMERICANO,COLEGIO PANAMERICANO,S,NO OFICIAL,COLPANA70@HOTMAIL.COM,IND CL 72U NO. 26H3-15,3232225270,"PREESCOLAR,MEDIA,BÁSICA SECUNDARIA,BÁSICA PRIMARIA",URBANA,76,VALLE DEL CAUCA,76001,SANTIAGO DE CALI,MUNICIPIO,NO,NO,NO APLICA,3818,SECRETARÍA DE EDUCACIÓN DE CALI,403.0,394.0,No aporta información,2 - MEDIA,3.4305930001971503,-76.4855749997239,\N,2026-08-29T08:58:25Z
376001006509,2026-08-29,376001006509,CORPORACIÓN EDUCATIVA POPULAR LICEO DE LA AMISTAD,CORPORACIÓN EDUCATIVA POPULAR LICEO DE LA AMISTAD - SEDE PRINCIPAL,S,NO OFICIAL,CEP.CORPORACIONEDUCATIVAPOPULAR@GMAIL.COM,AV 4 OESTE 15 95,3113828418 - 3156319225,"PREESCOLAR,MEDIA,BÁSICA SECUNDARIA,BÁSICA PRIMARIA",URBANA,76,VALLE DEL CAUCA,76001,SANTIAGO DE CALI,MUNICIPIO,NO,NO,NO APLICA,3818,SECRETARÍA DE EDUCACIÓN DE CALI,796.0,796.0,No aporta información,2 - MEDIA,3.4509516998489556,-76.55749663036511,\N,2026-08-29T08:58:25Z
376001006983,2026-08-29,376001006983,COLEGIO NUESTRA SEÑORA DEL ROSARIO,COLEGIO NUESTRA SEÑORA DEL ROSARIO,S,NO OFICIAL,CORODOCALI@COLROSARIO.CALI.EDU,KR 125 22 17,6025551137 - 3117038149,"PREESCOLAR,MEDIA,BÁSICA SECUNDARIA,BÁSICA PRIMARIA",URBANA,76,VALLE DEL CAUCA,76001,SANTIAGO DE CALI,MUNICIPIO,NO,NO,NO APLICA,3818,SECRETARÍA DE EDUCACIÓN DE CALI,219.0,219.0,No aporta información,3 - BAJA,\N,\N,\N,2026-08-29T08:58:26Z
376001007009,2026-08-29,376001007009,COLEGIO LA PRESENTACION EL PARAISO,COLEGIO LA PRESENTACION EL PARAISO,S,NO OFICIAL,COLPRENSAPAR@TELESAT.COM.CO,KR 28 B 33 E 29,3133105266,"PREESCOLAR,MEDIA,BÁSICA SECUNDARIA,BÁSICA PRIMARIA",URBANA,76,VALLE DEL CAUCA,76001,SANTIAGO DE CALI,MUNICIPIO,NO,NO,NO APLICA,3818,SECRETARÍA DE EDUCACIÓN DE CALI,304.0,304.0,No aporta información,2 - MEDIA,3.4311382821849423,-76.50619891458048,\N,2026-08-29T08:58:26Z
376001007301,2026-08-29,376001007301,INSTITUTO SINTRAEMCALI,INSTITUTO SINTRAEMCALI - SEDE PRINCIPAL,S,NO OFICIAL,\N,CL 18 6 54,3147943487- 3163455613 - 6028835368,"MEDIA,BÁSICA SECUNDARIA,BÁSICA PRIMARIA",URBANA,76,VALLE DEL CAUCA,76001,SANTIAGO DE CALI,MUNICIPIO,NO,NO,NO APLICA,3818,SECRETARÍA DE EDUCACIÓN DE CALI,7.0,0.0,No aporta información,2 - MEDIA,3.4526739996529914,-76.52666400010834,\N,2026-08-29T08:58:25Z
376001007513,2026-08-29,376001007513,CORPORACION EDUCATIVA ADVENTISTA C.E.A,CORPORACION EDUCATIVA ADVENTISTA C.E.A,S,NO OFICIAL,ALFONSO.LOPEZ@CEA.EDU.CO,CL 72 7 T BIS 05,3183228852,"PREESCOLAR,MEDIA,BÁSICA SECUNDARIA,BÁSICA PRIMARIA",URBANA,76,VALLE DEL CAUCA,76001,SANTIAGO DE CALI,MUNICIPIO,NO,NO,NO APLICA,3818,SECRETARÍA DE EDUCACIÓN DE CALI,199.0,199.0,No aporta información,2 - MEDIA,3.4528199996440905,-76.48428699976111,\N,2026-08-29T08:58:25Z
376001007670,2026-08-29,376001007670,COLEGIO LEON DE GREIFF,COLEGIO LEON DE GREIFF,S,NO OFICIAL,AIDINANA@HOTMAIL.COM,IND CL 51 12A 30 Y KR 12A 50 35,3128332092 - 3117519385,"PREESCOLAR,MEDIA,BÁSICA SECUNDARIA,BÁSICA PRIMARIA",URBANA,76,VALLE DEL CAUCA,76001,SANTIAGO DE CALI,MUNICIPIO,NO,NO,NO APLICA,3818,SECRETARÍA DE EDUCACIÓN DE CALI,1312.0,1312.0,No aporta información,2 - MEDIA,3.447300000387824,-76.50010399988797,\N,2026-08-29T08:58:25Z
376001007751,2026-08-29,376001007751,COLEGIO HERNANDO CAICEDO,COLEGIO HERNANDO CAICEDO,S,NO OFICIAL,COLHERCA@HOTMAIL.COM,KR 46 42 25,3156561604 - 3047770,"PREESCOLAR,MEDIA,BÁSICA SECUNDARIA,BÁSICA PRIMARIA",URBANA,76,VALLE DEL CAUCA,76001,SANTIAGO DE CALI,MUNICIPIO,NO,NO,NO APLICA,3818,SECRETARÍA DE EDUCACIÓN DE CALI,17.0,17.0,No aporta información,2 - MEDIA,3.4071032304382216,-76.5160726598893,\N,2026-08-29T08:58:25Z
376001007769,2026-08-29,376001007769,JARDÍN INFANTIL Y ESCUELA MATERNAL EL PATICO,JARDÍN INFANTIL Y ESCUELA MATERNAL EL PATICO,S,NO OFICIAL,JBORRERO@VALLEDELCAUCA.GOV.CO,CL 37 3 107,3054584734,PREESCOLAR,URBANA,76,VALLE DEL CAUCA,76001,SANTIAGO DE CALI,MUNICIPIO,NO,NO,NO APLICA,3818,SECRETARÍA DE EDUCACIÓN DE CALI,9.0,9.0,No aporta información,3 - BAJA,\N,\N,\N,2026-08-29T08:58:25Z
376001007840,2026-08-29,376001007840,COLEGIO MICROEMPRESARIAL JOSÉ PARDO LÓPEZ,COLEGIO MICROEMPRESARIAL JOSÉ PARDO LÓPEZ - SEDE PRINCIPAL,S,NO OFICIAL,COLJOSEPARDOLOPEZ@GMAIL.COM,IND AV 7 C  OESTE 20-54,3011441547,"PREESCOLAR,MEDIA,BÁSICA SECUNDARIA,BÁSICA PRIMARIA",URBANA,76,VALLE DEL CAUCA,76001,SANTIAGO DE CALI,MUNICIPIO,NO,NO,NO APLICA,3818,SECRETARÍA DE EDUCACIÓN DE CALI,11.0,11.0,No aporta información,2 - MEDIA,3.4546113029853793,-76.56205344064499,\N,2026-08-29T08:58:25Z
376001008447,2026-08-29,376001008447,JARDIN INFANTIL CAROLINA,JARDIN INFANTIL CAROLINA - SEDE PRINCIPAL,S,NO OFICIAL,INFO@JARDINCAROLINA.EDU.CO,IND CL 23 122 305,3015464419 - 6025551142,PREESCOLAR,URBANA,76,VALLE DEL CAUCA,76001,SANTIAGO DE CALI,MUNICIPIO,NO,NO,NO APLICA,3818,SECRETARÍA DE EDUCACIÓN DE CALI,37.0,37.0,No aporta información,2 - MEDIA,3.3365560002415604,-76.52633600004528,\N,2026-08-29T08:58:25Z
376001008498,2026-08-29,376001008498,COLEGIO REYES CATOLICOS,COLEGIO REYES CATOLICOS,S,NO OFICIAL,COLEGIOREYESCATOLICOSCALI@HOTMAIL.COM,CL 13 D 70 72,3176546371 - 6023087657,"PREESCOLAR,MEDIA,BÁSICA SECUNDARIA,BÁSICA PRIMARIA",URBANA,76,VALLE DEL CAUCA,76001,SANTIAGO DE CALI,MUNICIPIO,NO,NO,NO APLICA,3818,SECRETARÍA DE EDUCACIÓN DE CALI,748.0,748.0,No aporta información,2 - MEDIA,3.3929057695904614,-76.53468452996917,\N,2026-08-29T08:58:25Z
376001008501,2026-08-29,376001008501,COLEGIO  NUEVO SALOMIA,COLEGIO TECNICO NUEVO SALOMIA,S,NO OFICIAL,COLEGIONUEVOSALOMIA@HOTMAIL.COM,CALLE 52 A # 4 E 16,4474830,"PREESCOLAR,MEDIA,BÁSICA SECUNDARIA,BÁSICA PRIMARIA",URBANA,76,VALLE DEL CAUCA,76001,SANTIAGO DE CALI,MUNICIPIO,NO,NO,NO APLICA,3818,SECRETARÍA DE EDUCACIÓN DE CALI,124.0,124.0,No aporta información,2 - MEDIA,3.4632569304244547,-76.5002408878659,\N,2026-08-29T08:58:25Z
376001008544,2026-08-29,376001008544,COLEGIO LOS ANDES,COLEGIO LOS ANDES,S,NO OFICIAL,SECRETARIAACADEMICACLA@GMAIL.COM,KR 70 12 55,3185572798,"PREESCOLAR,MEDIA,BÁSICA SECUNDARIA,BÁSICA PRIMARIA",URBANA,76,VALLE DEL CAUCA,76001,SANTIAGO DE CALI,MUNICIPIO,NO,NO,NO APLICA,3818,SECRETARÍA DE EDUCACIÓN DE CALI,890.0,890.0,No aporta información,2 - MEDIA,3.3942557041387627,-76.53899446614099,\N,2026-08-29T08:58:25Z
376001008595,2026-08-29,376001008595,LICEO COMPUTARIZADO SISTEVALLE,LICEO COMPUTARIZADO SISTEVALLE,S,NO OFICIAL,\N,CL 61 KR 1 C 31,3991731 - 3234756786,"PREESCOLAR,MEDIA,BÁSICA SECUNDARIA,BÁSICA PRIMARIA",URBANA,76,VALLE DEL CAUCA,76001,SANTIAGO DE CALI,MUNICIPIO,NO,NO,NO APLICA,3818,SECRETARÍA DE EDUCACIÓN DE CALI,249.0,249.0,No aporta información,2 - MEDIA,3.474901830867129,-76.49544872437147,\N,2026-08-29T08:58:25Z
376001008617,2026-08-29,376001008617,COLEGIO TECNICO COMERCIAL SAN MARCOS DE LEON,COLEGIO TECNICO COMERCIAL SAN MARCOS DE LEON,S,NO OFICIAL,SANMARCOS@TELESAT.COM,IND CRA 27G NO. 72W 04,4374258 - 3127761895,"PREESCOLAR,MEDIA,BÁSICA SECUNDARIA,BÁSICA PRIMARIA",URBANA,76,VALLE DEL CAUCA,76001,SANTIAGO DE CALI,MUNICIPIO,NO,NO,NO APLICA,3818,SECRETARÍA DE EDUCACIÓN DE CALI,254.0,254.0,No aporta información,2 - MEDIA,3.423857700263233,-76.48846861967944,\N,2026-08-29T08:58:25Z
376001008625,2026-08-29,376001008625,INSTITUTO NUESTRA SEÑORA DEL CARMEN,INSTITUTO NUESTRA SEÑORA DEL CARMEN,S,NO OFICIAL,JBORRERO@VALLEDELCAUCA.GOV.CO,KR 4 BN 72 A 15,4404195 / 3858634,"PREESCOLAR,MEDIA,BÁSICA SECUNDARIA,BÁSICA PRIMARIA",URBANA,76,VALLE DEL CAUCA,76001,SANTIAGO DE CALI,MUNICIPIO,NO,NO,NO APLICA,3818,SECRETARÍA DE EDUCACIÓN DE CALI,616.0,616.0,No aporta información,3 - BAJA,\N,\N,\N,2026-08-29T08:58:25Z
376001008641,2026-08-29,376001008641,LICEO MIXTO EMPERADOR DE CALI,LICEO MIXTO EMPERADOR DE CALI,S,NO OFICIAL,EMPERADORDECALI@HOTMAIL.COM,IND DIAG 26P15  93-32,318 7373755 - 3048403 - 3063701,"PREESCOLAR,MEDIA,BÁSICA SECUNDARIA,BÁSICA PRIMARIA",URBANA,76,VALLE DEL CAUCA,76001,SANTIAGO DE CALI,MUNICIPIO,NO,NO,NO APLICA,3818,SECRETARÍA DE EDUCACIÓN DE CALI,357.0,357.0,No aporta información,2 - MEDIA,3.4204420004356297,-76.47901699990916,\N,2026-08-29T08:58:25Z
376001008749,2026-08-29,376001008749,COLEGIO COMFANDI LAS DELICIAS,COLEGIO COMFANDI LAS DELICIAS,S,NO OFICIAL,COLEGIODELICIAS@COMFANDI.COM.CO,KR 4 B 36 A 28,3165133951 - 4866565 EXT 13256,"PREESCOLAR,BÁSICA PRIMARIA",URBANA,76,VALLE DEL CAUCA,76001,SANTIAGO DE CALI,MUNICIPIO,NO,NO,NO APLICA,3818,SECRETARÍA DE EDUCACIÓN DE CALI,444.0,444.0,No aporta información,2 - MEDIA,3.4601339999778724,-76.51112499981582,\N,2026-08-29T08:58:25Z
376001008811,2026-08-29,376001008811,ESCUELA PILOTO HAROLD H. EDER,ESCUELA PILOTO FUNDACION HAROLD H. EDER,S,NO OFICIAL,UMENGALTDA@TELESAT.COM.CO,IND CALLE 31N NO. 2AN-23,3183551114 - 6024487515,"PREESCOLAR,BÁSICA PRIMARIA",URBANA,76,VALLE DEL CAUCA,76001,SANTIAGO DE CALI,MUNICIPIO,NO,NO,NO APLICA,3818,SECRETARÍA DE EDUCACIÓN DE CALI,59.0,59.0,No aporta información,2 - MEDIA,3.463550000444303,-76.51824500004535,\N,2026-08-29T08:58:25Z
376001008854,2026-08-29,376001008854,COLEGIO ADVENTISTA EL CORTIJO,COLEGIO ADVENTISTA EL CORTIJO,S,NO OFICIAL,CORTIJO@CEA.EDU.CO,IND   KR 52 A OESTE 5 50,3154089176 - 5538661,"PREESCOLAR,BÁSICA SECUNDARIA,BÁSICA PRIMARIA",URBANA,76,VALLE DEL CAUCA,76001,SANTIAGO DE CALI,MUNICIPIO,NO,NO,NO APLICA,3818,SECRETARÍA DE EDUCACIÓN DE CALI,77.0,77.0,No aporta información,3 - BAJA,\N,\N,\N,2026-08-29T08:58:25Z
376001008871,2026-08-29,376001008871,COLEGIO MIXTO SAN VICENTE,COLEGIO MIXTO SAN VICENTE,S,NO OFICIAL,CMSV2006@HOTMAIL.COM,IND CL 64 4 A NORTE 39,3027438020 - 6024470257,"PREESCOLAR,MEDIA,BÁSICA SECUNDARIA,BÁSICA PRIMARIA",URBANA,76,VALLE DEL CAUCA,76001,SANTIAGO DE CALI,MUNICIPIO,NO,NO,NO APLICA,3818,SECRETARÍA DE EDUCACIÓN DE CALI,302.0,302.0,No aporta información,3 - BAJA,\N,\N,\N,2026-08-29T08:58:25Z
376001009168,2026-08-29,376001009168,COLEGIO Y CENTRO DE ARTE JUVENILIA,COLEGIO CENTRO DE ARTE JUVENILIA,S,NO OFICIAL,COLEGIOJUVENILIA@IESPANA.ES,IND KM 3 CALLEJON JAULA VALLE DEL LILI,(602) 4851288 - 3009109880,"PREESCOLAR,MEDIA,BÁSICA SECUNDARIA,BÁSICA PRIMARIA",URBANA,76,VALLE DEL CAUCA,76001,SANTIAGO DE CALI,MUNICIPIO,NO,NO,NO APLICA,3818,SECRETARÍA DE EDUCACIÓN DE CALI,437.0,437.0,No aporta información,3 - BAJA,\N,\N,\N,2026-08-29T08:58:25Z
376001009176,2026-08-29,376001009176,COLEGIO LAURETTA BENDER,COLEGIO LAURETTA BENDER,S,NO OFICIAL,COLBENDER@YAHOO.COM,CL 11 128 200,625551311 - 3176487998,"PREESCOLAR,MEDIA,BÁSICA SECUNDARIA,BÁSICA PRIMARIA",URBANA,76,VALLE DEL CAUCA,76001,SANTIAGO DE CALI,MUNICIPIO,NO,NO,NO APLICA,3818,SECRETARÍA DE EDUCACIÓN DE CALI,609.0,609.0,No aporta información,3 - BAJA,\N,\N,\N,2026-08-29T08:58:25Z
376001010221,2026-08-29,376001010221,ACADEMIA MILITAR JOAQUÍN DE CAYZEDO Y CUERO,ACADEMIA MILITAR JOAQUÍN DE CAYZEDO Y CUERO,S,NO OFICIAL,INFO@ACAMILCAYZEDO.EDU.CO,IND KM 14 VIA A JAMUNDÍ,3017680219,"PREESCOLAR,MEDIA,BÁSICA SECUNDARIA,BÁSICA PRIMARIA",URBANA,76,VALLE DEL CAUCA,76001,SANTIAGO DE CALI,MUNICIPIO,NO,NO,NO APLICA,3818,SECRETARÍA DE EDUCACIÓN DE CALI,233.0,233.0,No aporta información,2 - MEDIA,3.3955555557656325,-76.50416666669302,\N,2026-08-29T08:58:26Z
376001010298,2026-08-29,376001010298,CENTRO EDUCATIVO SENDERITOS,CENTRO EDUCATIVO SENDERITOS,S,NO OFICIAL,SECRETARIASENDERITOS@GMAIL.COM,CL 45 B 1 F 70,4462854,"PREESCOLAR,BÁSICA SECUNDARIA,BÁSICA PRIMARIA",URBANA,76,VALLE DEL CAUCA,76001,SANTIAGO DE CALI,MUNICIPIO,NO,NO,NO APLICA,3818,SECRETARÍA DE EDUCACIÓN DE CALI,201.0,201.0,No aporta información,2 - MEDIA,3.465811000034224,-76.5024210002458,\N,2026-08-29T08:58:25Z
376001010417,2026-08-29,376001010417,COLEGIO LOS ANGELES DEL NORTE,COLEGIO LOS ANGELES DEL NORTE,S,NO OFICIAL,INFO@CLAN.EDU.CO,CL 44 NTE 6 B 22,310 6454541 - 6026642222,"PREESCOLAR,MEDIA,BÁSICA SECUNDARIA,BÁSICA PRIMARIA",URBANA,76,VALLE DEL CAUCA,76001,SANTIAGO DE CALI,MUNICIPIO,NO,NO,NO APLICA,3818,SECRETARÍA DE EDUCACIÓN DE CALI,476.0,476.0,No aporta información,3 - BAJA,\N,\N,\N,2026-08-29T08:58:25Z
376001010794,2026-08-29,376001010794,COLEGIO REPÚBLICA DEL SALVADOR,COLEGIO REPÚBLICA DEL SALVADOR,S,NO OFICIAL,COLREPUBLICADELSALVADOR@HOTMAIL.COM,CL 40 A 49 16,405 24 90,"PREESCOLAR,BÁSICA SECUNDARIA,BÁSICA PRIMARIA",URBANA,76,VALLE DEL CAUCA,76001,SANTIAGO DE CALI,MUNICIPIO,NO,NO,NO APLICA,3818,SECRETARÍA DE EDUCACIÓN DE CALI,2.0,2.0,No aporta información,2 - MEDIA,3.403399999759195,-76.51972299997894,\N,2026-08-29T08:58:25Z
376001010808,2026-08-29,376001010808,LICEO CAMPESTRE MI EDAD FELIZ,LICEO CAMPESTRE MI EDAD FELIZ - SEDE PRINCIPAL,S,NO OFICIAL,CONTACTOS@MIEDADFELIZ.COM,IND AVENIDA LA MARÍA CALLE ALAHAMBRA  PANCE,5554283 / 3747269 / 315 5267865 315 4364385,"PREESCOLAR,BÁSICA PRIMARIA",URBANA,76,VALLE DEL CAUCA,76001,SANTIAGO DE CALI,MUNICIPIO,NO,NO,NO APLICA,3818,SECRETARÍA DE EDUCACIÓN DE CALI,46.0,46.0,No aporta información,3 - BAJA,\N,\N,\N,2026-08-29T08:58:26Z
376001010841,2026-08-29,376001010841,COLEGIO TECNICO COMERCIAL SANTA MARIA GORETTY,COLEGIO TECNICO COMERCIAL SANTA MARIA GORETTY,S,NO OFICIAL,ADMINISTRADOR@COLEGIOGORETTY.EDU.CO,CL 34 28 59,4454321 / 3168726585,"PREESCOLAR,MEDIA,BÁSICA SECUNDARIA,BÁSICA PRIMARIA",URBANA,76,VALLE DEL CAUCA,76001,SANTIAGO DE CALI,MUNICIPIO,NO,NO,NO APLICA,3818,SECRETARÍA DE EDUCACIÓN DE CALI,451.0,451.0,No aporta información,2 - MEDIA,3.4319089702378136,-76.50475176998027,\N,2026-08-29T08:58:25Z
376001010867,2026-08-29,376001010867,COLEGIO LA SAGRADA FAMILIA,COLEGIO LA SAGRADA FAMILIA,S,NO OFICIAL,COINMACULADAASOCAT@YAHOO.COM,IND CL 46 C NORTE 5N - 29,3182450319 - 6024463066,"PREESCOLAR,MEDIA,BÁSICA SECUNDARIA,BÁSICA PRIMARIA",URBANA,76,VALLE DEL CAUCA,76001,SANTIAGO DE CALI,MUNICIPIO,NO,NO,NO APLICA,3818,SECRETARÍA DE EDUCACIÓN DE CALI,25.0,25.0,No aporta información,2 - MEDIA,3.4750508500826323,-76.50978125040648,\N,2026-08-29T08:58:25Z
376001011243,2026-08-29,376001011243,INSTITUTO LA RIVERA S.A.S,INSTITUTO LA RIVERA S.A.S,S,NO OFICIAL,INSTITUTOLARIVERA@LATINMAIL.CO,KR 2 63 22,3136641564 - 3054655487 - 4461130,"PREESCOLAR,MEDIA,BÁSICA SECUNDARIA,BÁSICA PRIMARIA",URBANA,76,VALLE DEL CAUCA,76001,SANTIAGO DE CALI,MUNICIPIO,NO,NO,NO APLICA,3818,SECRETARÍA DE EDUCACIÓN DE CALI,298.0,193.0,No aporta información,2 - MEDIA,3.471380858257426,-76.49092208311207,\N,2026-08-29T08:58:26Z
376001011316,2026-08-29,376001011316,COLEGIO COMUNAL NUEVA GRANADA,COL COMUNAL NUEVA GRANADA,S,NO OFICIAL,COLEGIO.CNG@HOTMAIL.COM,KR 40 14 B 21,3108421344,"MEDIA,BÁSICA SECUNDARIA,BÁSICA PRIMARIA",URBANA,76,VALLE DEL CAUCA,76001,SANTIAGO DE CALI,MUNICIPIO,NO,NO,NO APLICA,3818,SECRETARÍA DE EDUCACIÓN DE CALI,76.0,76.0,No aporta información,2 - MEDIA,3.417913919804412,-76.52694992038855,\N,2026-08-29T08:58:25Z
376001011421,2026-08-29,376001011421,CENTRO EDUCATIVO ETIEVAN -  COLEGIO ENCUENTROS,CENTRO EDUCATIVO ETIEVAN -  COLEGIO ENCUENTROS,S,NO OFICIAL,COLENCUENTROS@TELESAT.COM.CO,IND KM. 3 CALLEJON JAUJA VIA AL VALLE DEL LILI,5555264-65 / 5553854-39 / 311 3103288 / 319 387315,"PREESCOLAR,MEDIA,BÁSICA SECUNDARIA,BÁSICA PRIMARIA",RURAL,76,VALLE DEL CAUCA,76001,SANTIAGO DE CALI,MUNICIPIO,NO,NO,NO APLICA,3818,SECRETARÍA DE EDUCACIÓN DE CALI,217.0,217.0,No aporta información,3 - BAJA,\N,\N,\N,2026-08-29T08:58:25Z
376001011464,2026-08-29,376001011464,COLEGIO GIMNASIO LA COLINA,COLEGIO GIMNASIO LA COLINA,S,NO OFICIAL,LACOLINA@UNIWEB.NET,IND AV 9 NORTE 56N - 81,3116294346 - 602 4862555,"PREESCOLAR,MEDIA,BÁSICA SECUNDARIA,BÁSICA PRIMARIA",URBANA,76,VALLE DEL CAUCA,76001,SANTIAGO DE CALI,MUNICIPIO,NO,NO,NO APLICA,3818,SECRETARÍA DE EDUCACIÓN DE CALI,434.0,434.0,No aporta información,2 - MEDIA,3.4901021303194066,-76.52798484966443,\N,2026-08-29T08:58:26Z
376001011634,2026-08-29,376001011634,JARDIN INFANTIL  Y ESCUELA MATERNAL EL PRINCIPITO,JARDIN INFANTIL  Y ESCUELA MATERNAL EL PRINCIPITO,S,NO OFICIAL,INFO@JARDININFANTILELPRINCIPITO.COM.CO,CL 5 OESTE 25 339,6023906051 - 3218560610,PREESCOLAR,URBANA,76,VALLE DEL CAUCA,76001,SANTIAGO DE CALI,MUNICIPIO,NO,NO,NO APLICA,3818,SECRETARÍA DE EDUCACIÓN DE CALI,21.0,21.0,No aporta información,2 - MEDIA,3.4390722861730763,-76.5463049936524,\N,2026-08-29T08:58:25Z
376001011839,2026-08-29,376001011839,TALLER DE ANIK JARDÍN INFANTIL,TALLER DE ANIK JARDÍN INFANTIL,S,NO OFICIAL,TALLERDEANIK@TALLERDEANIK.EDU.CO,IND CALLE INÉS DE LARA CASA 10A,3136565075 - 6024082469,PREESCOLAR,URBANA,76,VALLE DEL CAUCA,76001,SANTIAGO DE CALI,MUNICIPIO,NO,NO,NO APLICA,3818,SECRETARÍA DE EDUCACIÓN DE CALI,41.0,41.0,No aporta información,2 - MEDIA,3.3765914853094903,-76.55125911171449,\N,2026-08-29T08:58:25Z
376001011898,2026-08-29,376001011898,JARDIN INFANTIL EL PEQUEÑO MUNDO,JARDIN INFANTIL EL PEQUEÑO MUNDO,S,NO OFICIAL,ELPEQUENOMUNDO@LIVE.COM,KR 56 9 60,3015402108,PREESCOLAR,URBANA,76,VALLE DEL CAUCA,76001,SANTIAGO DE CALI,MUNICIPIO,NO,NO,NO APLICA,3818,SECRETARÍA DE EDUCACIÓN DE CALI,19.0,19.0,No aporta información,2 - MEDIA,3.4055800004039383,-76.54251499967208,\N,2026-08-29T08:58:25Z
376001011936,2026-08-29,376001011936,COLEGIO EL BOSQUE S.A.S.,COLEGIO EL BOSQUE S.A.S.,S,NO OFICIAL,INFO@COLEGIOELBOSQUE.COM,CL 47 BN 3 C 101,3206321366 - 6026641557,"PREESCOLAR,MEDIA,BÁSICA SECUNDARIA,BÁSICA PRIMARIA",URBANA,76,VALLE DEL CAUCA,76001,SANTIAGO DE CALI,MUNICIPIO,NO,NO,NO APLICA,3818,SECRETARÍA DE EDUCACIÓN DE CALI,296.0,296.0,No aporta información,3 - BAJA,\N,\N,\N,2026-08-29T08:58:25Z
376001012029,2026-08-29,376001012029,COLEGIO SANTA LUCIA,COLEGIO SANTA LUCIA,S,NO OFICIAL,COLEGIOSANTALUCIA1982@HOTMAIL.COM,KR 28 E 72 W 55,3174518626 - 6024368962,"PREESCOLAR,MEDIA,BÁSICA SECUNDARIA,BÁSICA PRIMARIA",URBANA,76,VALLE DEL CAUCA,76001,SANTIAGO DE CALI,MUNICIPIO,NO,NO,NO APLICA,3818,SECRETARÍA DE EDUCACIÓN DE CALI,196.0,196.0,No aporta información,2 - MEDIA,3.4191050000840826,-76.491023999676,\N,2026-08-29T08:58:25Z
376001012053,2026-08-29,376001012053,LICEO SANTA CLARA,LICEO SANTA CLARA,S,NO OFICIAL,AVALMO55@HOTMAIL.COM,KR 1 B 72 23,3148615907 - 3218288897880,"PREESCOLAR,MEDIA,BÁSICA SECUNDARIA,BÁSICA PRIMARIA",URBANA,76,VALLE DEL CAUCA,76001,SANTIAGO DE CALI,MUNICIPIO,NO,NO,NO APLICA,3818,SECRETARÍA DE EDUCACIÓN DE CALI,625.0,625.0,No aporta información,2 - MEDIA,3.480491709842346,-76.48608054012477,\N,2026-08-29T08:58:25Z
376001012169,2026-08-29,376001012169,COLEGIO LORENCITA VILLEGAS,COLEGIO LORENCITA VILLEGAS,S,NO OFICIAL,FUNSACECOLOMBIA2023@GMAIL.COM,KR 77 1 B 63,3238022563 - 60233703800,"PREESCOLAR,BÁSICA SECUNDARIA,BÁSICA PRIMARIA",URBANA,76,VALLE DEL CAUCA,76001,SANTIAGO DE CALI,MUNICIPIO,NO,NO,NO APLICA,3818,SECRETARÍA DE EDUCACIÓN DE CALI,166.0,166.0,No aporta información,2 - MEDIA,3.3876215097992786,-76.55440379013068,\N,2026-08-29T08:58:25Z
376001012266,2026-08-29,376001012266,LICEO MODERNO CIUDAD DE CALI,LICEO MODERNO CIUDAD DE CALI,S,NO OFICIAL,GOSAR1012@HOTMAIL.COM,KR 9 A 73 108,6626073,"PREESCOLAR,MEDIA,BÁSICA SECUNDARIA,BÁSICA PRIMARIA",URBANA,76,VALLE DEL CAUCA,76001,SANTIAGO DE CALI,MUNICIPIO,NO,NO,NO APLICA,3818,SECRETARÍA DE EDUCACIÓN DE CALI,6.0,6.0,No aporta información,2 - MEDIA,3.4486246703513057,-76.48207574009538,\N,2026-08-29T08:58:25Z
376001012321,2026-08-29,376001012321,LICEO INFANTIL LOS PEQUEÑOS CISNES,LICEO INFANTIL LOS PEQUEÑOS CISNES,S,NO OFICIAL,LOSCISNES@HOTMAIL.COM,CRA 1G NO 68-08,4467961,"PREESCOLAR,BÁSICA PRIMARIA",URBANA,76,VALLE DEL CAUCA,76001,SANTIAGO DE CALI,MUNICIPIO,NO,NO,NO APLICA,3818,SECRETARÍA DE EDUCACIÓN DE CALI,51.0,51.0,No aporta información,2 - MEDIA,3.474160920065972,-76.4891190789969,\N,2026-08-29T08:58:25Z
376001012479,2026-08-29,376001012479,JARDIN INFANTIL MI CASITA ENCANTADA,JARDIN INFANTIL MI CASITA ENCANTADA,S,NO OFICIAL,LILIANACASTANO999@GMAIL.COM,CL 11 B 60 10,3166913989,PREESCOLAR,URBANA,76,VALLE DEL CAUCA,76001,SANTIAGO DE CALI,MUNICIPIO,NO,NO,NO APLICA,3818,SECRETARÍA DE EDUCACIÓN DE CALI,31.0,31.0,No aporta información,2 - MEDIA,3.402438500162835,-76.53916688967496,\N,2026-08-29T08:58:25Z
376001012509,2026-08-29,376001012509,INSTITUTO  NIÑA MARIA,INSTITUTO NIÑA MARIA,S,NO OFICIAL,ALEXESPECIALISTAINFO@GMAIL.COM,IND CALLE 6 # 13-22,3184358179 - 6028855092,"PREESCOLAR,BÁSICA PRIMARIA",URBANA,76,VALLE DEL CAUCA,76001,SANTIAGO DE CALI,MUNICIPIO,NO,NO,NO APLICA,3818,SECRETARÍA DE EDUCACIÓN DE CALI,6.0,6.0,No aporta información,2 - MEDIA,3.444289050236049,-76.53597062999512,\N,2026-08-29T08:58:25Z
376001012576,2026-08-29,376001012576,COLEGIO MIS RETOÑITOS,COLEGIO MIS RETOÑITOS,S,NO OFICIAL,COLEGIOMISRETONITOS@HOTMAIL.COM,CALLE 26B N° 32B-41,3361589,"PREESCOLAR,BÁSICA PRIMARIA",URBANA,76,VALLE DEL CAUCA,76001,SANTIAGO DE CALI,MUNICIPIO,NO,NO,NO APLICA,3818,SECRETARÍA DE EDUCACIÓN DE CALI,101.0,101.0,No aporta información,2 - MEDIA,3.4239295896481643,-76.51861872974627,\N,2026-08-29T08:58:25Z
376001012606,2026-08-29,376001012606,ASPAEN LICEO TACURÍ,ASPAEN LICEO TACURÍ,S,NO OFICIAL,TACURI@COLOMBIANET.NET,IND CALLE 22 # 142 ¿ 280 / CARRERA 146 # 21 - 83,3003961398 - 3133717036,"PREESCOLAR,MEDIA,BÁSICA SECUNDARIA,BÁSICA PRIMARIA",URBANA,76,VALLE DEL CAUCA,76001,SANTIAGO DE CALI,MUNICIPIO,NO,NO,NO APLICA,3818,SECRETARÍA DE EDUCACIÓN DE CALI,362.0,362.0,No aporta información,3 - BAJA,\N,\N,\N,2026-08-29T08:58:26Z
376001012657,2026-08-29,376001012657,COLEGIO COMFANDI MUNICIPAL,COLEGIO COMFANDI MUNICIPAL  - SEDE PRINCIPAL,S,NO OFICIAL,COLEGIOMUNICIPAL@COMFANDI.COM.CO,KR 11 F 33 A 86,3165133757 - 4866565,"PREESCOLAR,BÁSICA SECUNDARIA,BÁSICA PRIMARIA",URBANA,76,VALLE DEL CAUCA,76001,SANTIAGO DE CALI,MUNICIPIO,NO,NO,NO APLICA,3818,SECRETARÍA DE EDUCACIÓN DE CALI,502.0,502.0,No aporta información,2 - MEDIA,3.44731600002393,-76.51088799998935,\N,2026-08-29T08:58:25Z
376001012673,2026-08-29,376001012673,CENTRO EDUCATIVO INDUSTRIAL LUIS MADINA,CENTRO EDUCATIVO INDUSTRIAL LUIS MADINA,S,NO OFICIAL,MICASA@EMCALI.NET.CO,KR 94 4 C 04,3120038 EXT 8001/8002 / 314 8870175,"PREESCOLAR,MEDIA,BÁSICA SECUNDARIA,BÁSICA PRIMARIA",URBANA,76,VALLE DEL CAUCA,76001,SANTIAGO DE CALI,MUNICIPIO,NO,NO,NO APLICA,3818,SECRETARÍA DE EDUCACIÓN DE CALI,1307.0,1307.0,No aporta información,2 - MEDIA,3.378857699320418,-76.54575603587722,\N,2026-08-29T08:58:25Z
376001012789,2026-08-29,376001012789,COL TECNICO MARIA ELVINIA,COL TECNICO MARIA ELVINIA,S,NO OFICIAL,MARIAELVINIA@HOTMAIL.COM,KR 3 59 C 160,6024495565 - 3014092453,"PREESCOLAR,MEDIA,BÁSICA SECUNDARIA,BÁSICA PRIMARIA",URBANA,76,VALLE DEL CAUCA,76001,SANTIAGO DE CALI,MUNICIPIO,NO,NO,NO APLICA,3818,SECRETARÍA DE EDUCACIÓN DE CALI,832.0,832.0,No aporta información,2 - MEDIA,3.467720999792281,-76.49363899995964,\N,2026-08-29T08:58:25Z
376001013114,2026-08-29,376001013114,COLEGIO SANTA TERESITA DE AVILA,COLEGIO SANTA TERESITA DE AVILA,S,NO OFICIAL,TERESITADEAVILA.COLEGIO@YAHOO.COM,KR 8 A 54 26,4032359 - 3213641359,"PREESCOLAR,BÁSICA PRIMARIA",URBANA,76,VALLE DEL CAUCA,76001,SANTIAGO DE CALI,MUNICIPIO,NO,NO,NO APLICA,3818,SECRETARÍA DE EDUCACIÓN DE CALI,79.0,79.0,No aporta información,2 - MEDIA,3.452016280273693,-76.4963213900593,\N,2026-08-29T08:58:26Z
376001013131,2026-08-29,376001013131,COLEGIO MIXTO PEDRO MORALES PINO,COLEGIO MIXTO PEDRO MORALES PINO,S,NO OFICIAL,PEDROMORALESPINO@CALIESCALI.CO,KR 28 D 72 L 32,3042334256 - 3128183745 - 6023574764,"PREESCOLAR,MEDIA,BÁSICA SECUNDARIA,BÁSICA PRIMARIA",URBANA,76,VALLE DEL CAUCA,76001,SANTIAGO DE CALI,MUNICIPIO,NO,NO,NO APLICA,3818,SECRETARÍA DE EDUCACIÓN DE CALI,252.0,252.0,No aporta información,2 - MEDIA,3.423753000183845,-76.49349599984451,\N,2026-08-29T08:58:25Z
376001013149,2026-08-29,376001013149,COLEGIO CESAR CONTO,COLEGIO CESAR CONTO - SEDE PRINCIPAL,S,NO OFICIAL,AVALMO55@HOTMAIL.COM,IND KR 1 G 72 50/23/41/61/67,4330835 - 314 8615907,"PREESCOLAR,MEDIA,BÁSICA SECUNDARIA,BÁSICA PRIMARIA",URBANA,76,VALLE DEL CAUCA,76001,SANTIAGO DE CALI,MUNICIPIO,NO,NO,NO APLICA,3818,SECRETARÍA DE EDUCACIÓN DE CALI,440.0,440.0,No aporta información,2 - MEDIA,3.475765971264809,-76.48445639058266,\N,2026-08-29T08:58:25Z
376001013157,2026-08-29,376001013157,ASPAEN COLEGIO JUANAMBÚ,ASPAEN COLEGIO JUANAMBÚ - SEDE PRINCIPAL,S,NO OFICIAL,NESTOR.ACEVEDO@ASPAEN.EDU.CO,KR 126 5 100,6025551170 6025551177 6025551344 3206905809,"PREESCOLAR,MEDIA,BÁSICA SECUNDARIA,BÁSICA PRIMARIA",URBANA,76,VALLE DEL CAUCA,76001,SANTIAGO DE CALI,MUNICIPIO,NO,NO,NO APLICA,3818,SECRETARÍA DE EDUCACIÓN DE CALI,277.0,277.0,No aporta información,3 - BAJA,\N,\N,\N,2026-08-29T08:58:25Z
376001013173,2026-08-29,376001013173,COLEGIO ACADEMICO EL POBLADO,COLEGIO ACADEMICO EL POBLADO,S,NO OFICIAL,\N,IND KR 28 F #72O 08 Y KR 28F #72P-21/27,3105045896 - (602)4370688,"PREESCOLAR,MEDIA,BÁSICA SECUNDARIA,BÁSICA PRIMARIA",URBANA,76,VALLE DEL CAUCA,76001,SANTIAGO DE CALI,MUNICIPIO,NO,NO,NO APLICA,3818,SECRETARÍA DE EDUCACIÓN DE CALI,453.0,453.0,No aporta información,2 - MEDIA,3.420440178310712,-76.49645106276887,\N,2026-08-29T08:58:25Z
376001013181,2026-08-29,376001013181,COLEGIO ANDINO,COLEGIO ANDINO,S,NO OFICIAL,COLEGIOANDINOCALI@YAHOO.COM,IND CL 38 NORTE 4N 10,6026644179,"PREESCOLAR,MEDIA,BÁSICA SECUNDARIA,BÁSICA PRIMARIA",URBANA,76,VALLE DEL CAUCA,76001,SANTIAGO DE CALI,MUNICIPIO,NO,NO,NO APLICA,3818,SECRETARÍA DE EDUCACIÓN DE CALI,196.0,196.0,No aporta información,3 - BAJA,\N,\N,\N,2026-08-29T08:58:25Z
376001013190,2026-08-29,376001013190,COLEGIO SANTA JUANA DE ARCO,COLEGIO SANTA JUANA DE ARCO,S,NO OFICIAL,COLASAJARCO@TELESAT.COM.CO,IND CALLE 72A · 7EBIS 58,3202659157,"PREESCOLAR,MEDIA,BÁSICA SECUNDARIA,BÁSICA PRIMARIA",URBANA,76,VALLE DEL CAUCA,76001,SANTIAGO DE CALI,MUNICIPIO,NO,NO,NO APLICA,3818,SECRETARÍA DE EDUCACIÓN DE CALI,209.0,209.0,No aporta información,2 - MEDIA,3.4607579995673383,-76.48117500025832,\N,2026-08-29T08:58:25Z
376001013203,2026-08-29,376001013203,COLEGIO PARROQUIAL NUESTRA SEÑORA DE GUADALUPE,COLEGIO PARROQUIAL NUESTRA SEÑORA DE GUADALUPE,S,NO OFICIAL,NSGUADALUPE@007MUNDO.COM.CO,KR 26 52 60,3165238723 - 602 4850227 EXT. 2600 - 2610,"PREESCOLAR,MEDIA,BÁSICA SECUNDARIA,BÁSICA PRIMARIA",URBANA,76,VALLE DEL CAUCA,76001,SANTIAGO DE CALI,MUNICIPIO,NO,NO,NO APLICA,3818,SECRETARÍA DE EDUCACIÓN DE CALI,511.0,511.0,No aporta información,2 - MEDIA,3.436815999664968,-76.49769399964374,\N,2026-08-29T08:58:25Z
376001013220,2026-08-29,376001013220,COLEGIO BAUTISTA,COLEGIO BAUTISTA,S,NO OFICIAL,COLB@EMCALI.NET.CO,KR 3 16 54,3163872947,"PREESCOLAR,MEDIA,BÁSICA SECUNDARIA,BÁSICA PRIMARIA",URBANA,76,VALLE DEL CAUCA,76001,SANTIAGO DE CALI,MUNICIPIO,NO,NO,NO APLICA,3818,SECRETARÍA DE EDUCACIÓN DE CALI,170.0,170.0,No aporta información,2 - MEDIA,3.4548193602976087,-76.52871304020341,\N,2026-08-29T08:58:25Z
376001013246,2026-08-29,376001013246,COLEGIO BILINGÜE DEL SAGRADO CORAZON DE JESUS - VALLE DEL LILI,COLEGIO DEL SAGRADO CORAZÓN DE JESÚS-VALLE DEL LILI,S,NO OFICIAL,COLSAGRA@CALI.CETCOL.NET.CO,IND KM 2 VIA A JAMUNDI,3217201610,"PREESCOLAR,MEDIA,BÁSICA SECUNDARIA,BÁSICA PRIMARIA",URBANA,76,VALLE DEL CAUCA,76001,SANTIAGO DE CALI,MUNICIPIO,NO,NO,NO APLICA,3818,SECRETARÍA DE EDUCACIÓN DE CALI,138.0,138.0,No aporta información,3 - BAJA,\N,\N,\N,2026-08-29T08:58:25Z
376001013432,2026-08-29,376001013432,LOS PITUFOS JARDIN INFANTIL,LOS PITUFOS JARDIN INFANTIL,S,NO OFICIAL,DAPITUFOS@TELESAT.COM.CO,IND CL 50N 2AN-13,3187827964,PREESCOLAR,URBANA,76,VALLE DEL CAUCA,76001,SANTIAGO DE CALI,MUNICIPIO,NO,NO,NO APLICA,3818,SECRETARÍA DE EDUCACIÓN DE CALI,29.0,29.0,No aporta información,3 - BAJA,\N,\N,\N,2026-08-29T08:58:25Z
376001013441,2026-08-29,376001013441,COLEGIO BILINGUE DIANA OESE,COLEGIO BILINGUE DIANA OESE,S,NO OFICIAL,COLDIANA@COLDIANAOESE.EDU.CO,LA BUITRERA   KM.3,3152702577 - 6023259000,"PREESCOLAR,MEDIA,BÁSICA SECUNDARIA,BÁSICA PRIMARIA",RURAL,76,VALLE DEL CAUCA,76001,SANTIAGO DE CALI,MUNICIPIO,NO,NO,NO APLICA,3818,SECRETARÍA DE EDUCACIÓN DE CALI,924.0,924.0,No aporta información,3 - BAJA,\N,\N,\N,2026-08-29T08:58:25Z
376001013521,2026-08-29,376001013521,LICEOS DEL EJERCITO PICHINCHA,LICEOS DEL EJERCITO PICHINCHA,S,NO OFICIAL,RECTORIA.LIPIC@LICEOSEJERCITO.EDU.CO,IND CL 5 NO. 83 00,3166211224,"PREESCOLAR,MEDIA,BÁSICA SECUNDARIA,BÁSICA PRIMARIA",URBANA,76,VALLE DEL CAUCA,76001,SANTIAGO DE CALI,MUNICIPIO,NO,NO,NO APLICA,3818,SECRETARÍA DE EDUCACIÓN DE CALI,317.0,317.0,No aporta información,2 - MEDIA,3.4463888886815766,-76.53999999984586,\N,2026-08-29T08:58:25Z
376001013688,2026-08-29,376001013688,COLEGIO LA FLORALIA,COLEGIO LA FLORALIA,S,NO OFICIAL,COLEGIOLAFLORALIA2013@HOTMAIL.COM,KR 4 72 K 16,3759639 - 3226391330,"PREESCOLAR,BÁSICA PRIMARIA",URBANA,76,VALLE DEL CAUCA,76001,SANTIAGO DE CALI,MUNICIPIO,NO,NO,NO APLICA,3818,SECRETARÍA DE EDUCACIÓN DE CALI,328.0,328.0,No aporta información,2 - MEDIA,3.4265148402535126,-76.49707810839674,\N,2026-08-29T08:58:25Z
376001013718,2026-08-29,376001013718,COLEGIO SAN FRANCISCO SOLANO,COL SAN FRANCISCO SOLANO,S,NO OFICIAL,SANFRAN-88@HOTMAIL.COM,KR 7 C 72 C 03,6623019 - 3137670529,"PREESCOLAR,BÁSICA PRIMARIA",URBANA,76,VALLE DEL CAUCA,76001,SANTIAGO DE CALI,MUNICIPIO,NO,NO,NO APLICA,3818,SECRETARÍA DE EDUCACIÓN DE CALI,181.0,181.0,No aporta información,2 - MEDIA,3.4178911243513017,-76.46689081885694,\N,2026-08-29T08:58:26Z
376001013734,2026-08-29,376001013734,COLEGIO TOMAS CARRASQUILLA CALI,COLEGIO TOMAS CARRASQUILLA CALI,S,NO OFICIAL,ELIZABETH.ANDRADE.P@HOTMAIL.COM,IND CALLE 41 N° 42 C 17,3156683145 - 3789612,"PREESCOLAR,BÁSICA PRIMARIA",URBANA,76,VALLE DEL CAUCA,76001,SANTIAGO DE CALI,MUNICIPIO,NO,NO,NO APLICA,3818,SECRETARÍA DE EDUCACIÓN DE CALI,26.0,26.0,No aporta información,2 - MEDIA,3.4089539997545786,-76.51283600027622,\N,2026-08-29T08:58:25Z
376001013793,2026-08-29,376001013793,COLEGIO COMUNITARIO TECNICO INDUSTRIAL UNIDAD BOLIVARIANA,COLEGIO COMUNITARIO TECNICO INDUSTRIAL UNIDAD BOLIVARIANA,S,NO OFICIAL,BOLIVARIANAINTERACTIVO@GMAIL.COM,IND CALLE 72 F3 NO 28D 1 A 52,3044302287,"PREESCOLAR,MEDIA,BÁSICA SECUNDARIA,BÁSICA PRIMARIA",URBANA,76,VALLE DEL CAUCA,76001,SANTIAGO DE CALI,MUNICIPIO,NO,NO,NO APLICA,3818,SECRETARÍA DE EDUCACIÓN DE CALI,80.0,80.0,No aporta información,2 - MEDIA,3.427025899880107,-76.49740301017037,\N,2026-08-29T08:58:26Z
376001013831,2026-08-29,376001013831,INSTITUTO TECNICO SALOMIA,INSTITUTO TECNICO SALOMIA,S,NO OFICIAL,AMASOBA@HOTMAIL.COM,CL 46 1 E 50,3122540563,"PREESCOLAR,MEDIA,BÁSICA SECUNDARIA,BÁSICA PRIMARIA",URBANA,76,VALLE DEL CAUCA,76001,SANTIAGO DE CALI,MUNICIPIO,NO,NO,NO APLICA,3818,SECRETARÍA DE EDUCACIÓN DE CALI,185.0,185.0,No aporta información,2 - MEDIA,3.467751925060602,-76.50659594118999,\N,2026-08-29T08:58:25Z
376001013971,2026-08-29,376001013971,COLEGIO RECUERDOS DEL NIÑO,COL RECUERDOS DEL NIÑO,S,NO OFICIAL,COLEGIORECUERDOS@HOTMAIL.COM,KR 6 B 41 105,3148209430 - 3971332,"PREESCOLAR,BÁSICA PRIMARIA",URBANA,76,VALLE DEL CAUCA,76001,SANTIAGO DE CALI,MUNICIPIO,NO,NO,NO APLICA,3818,SECRETARÍA DE EDUCACIÓN DE CALI,46.0,46.0,No aporta información,2 - MEDIA,3.459551880232153,-76.50752477044769,\N,2026-08-29T08:58:25Z
376001014048,2026-08-29,376001014048,LICEO BELLA SUIZA,LICEO BELLA SUIZA,S,NO OFICIAL,LICBELLASUIZA@HOTMAIL.COM,CL 19 OESTE 55 69,3113893226,"PREESCOLAR,MEDIA,BÁSICA SECUNDARIA,BÁSICA PRIMARIA",URBANA,76,VALLE DEL CAUCA,76001,SANTIAGO DE CALI,MUNICIPIO,NO,NO,NO APLICA,3818,SECRETARÍA DE EDUCACIÓN DE CALI,90.0,90.0,No aporta información,2 - MEDIA,3.4093080001169076,-76.56834500014648,\N,2026-08-29T08:58:25Z
376001014439,2026-08-29,376001014439,COLEGIO MIXTO LUZ Y VIDA,COLEGIO MIXTO LUZ Y VIDA,S,NO OFICIAL,COLEGIO.MIXTOLUZYVIDA@HOTMAIL.COM,IND CALLE 79 # 28E6-84,3105789137,"PREESCOLAR,MEDIA,BÁSICA SECUNDARIA,BÁSICA PRIMARIA",URBANA,76,VALLE DEL CAUCA,76001,SANTIAGO DE CALI,MUNICIPIO,NO,NO,NO APLICA,3818,SECRETARÍA DE EDUCACIÓN DE CALI,569.0,569.0,No aporta información,2 - MEDIA,3.414943404332296,-76.49085185911137,\N,2026-08-29T08:58:25Z
376001014463,2026-08-29,376001014463,COLEGIO  SANTA  ISABEL,COLEGIO  SANTA  ISABEL,S,NO OFICIAL,COLSANISA@TELESAT.COM.CO,KR 41 C 49 47,6023278799 - 3206168797 - 3184014432,"PREESCOLAR,BÁSICA PRIMARIA",URBANA,76,VALLE DEL CAUCA,76001,SANTIAGO DE CALI,MUNICIPIO,NO,NO,NO APLICA,3818,SECRETARÍA DE EDUCACIÓN DE CALI,375.0,375.0,No aporta información,2 - MEDIA,3.4067650000166014,-76.5033230004192,\N,2026-08-29T08:58:25Z
376001014480,2026-08-29,376001014480,CENTRO DOCENTE PARROQUIAL SAN MARCOS,CENTRO DOCENTE PARROQUIAL SAN MARCOS,S,NO OFICIAL,SANMARCOS@ANDINET.COM,IND CARRERA 1C2 CALLE 79,3175165504 - 4850227  EXT 3200 - 3210,"PREESCOLAR,MEDIA,BÁSICA SECUNDARIA,BÁSICA PRIMARIA",URBANA,76,VALLE DEL CAUCA,76001,SANTIAGO DE CALI,MUNICIPIO,NO,NO,NO APLICA,3818,SECRETARÍA DE EDUCACIÓN DE CALI,454.0,454.0,No aporta información,2 - MEDIA,3.4793710000945324,-76.4801669997797,\N,2026-08-29T08:58:25Z
376001014536,2026-08-29,376001014536,COLEGIO PARROQUIAL SAN FRANCISCO JAVIER,COLEGIO PARROQUIAL SAN FRANCISCO JAVIER,S,NO OFICIAL,COLPARSF@HOTMAIL.COM,KR 27 D 107 B 16,3154712732 - 4850227 EXT. 4600 - 4610,"PREESCOLAR,MEDIA,BÁSICA SECUNDARIA,BÁSICA PRIMARIA",URBANA,76,VALLE DEL CAUCA,76001,SANTIAGO DE CALI,MUNICIPIO,NO,NO,NO APLICA,3818,SECRETARÍA DE EDUCACIÓN DE CALI,1207.0,1207.0,No aporta información,2 - MEDIA,3.4149443297475037,-76.47711627975231,\N,2026-08-29T08:58:25Z
376001014609,2026-08-29,376001014609,JARDIN INFANTIL ANEXO FACULTAD  DE EDUCACION  U.S.B.,JARDIN INFANTIL ANEXO FACULTAD DE EDUCACION U.S.B.,S,NO OFICIAL,IMORENO@USB.EDU.CO,CL 6 OESTE 50 15,3185358661 - 488-22-22 EXT 597-596,PREESCOLAR,URBANA,76,VALLE DEL CAUCA,76001,SANTIAGO DE CALI,MUNICIPIO,NO,NO,NO APLICA,3818,SECRETARÍA DE EDUCACIÓN DE CALI,59.0,59.0,No aporta información,2 - MEDIA,3.4187484799722547,-76.55677734033395,\N,2026-08-29T08:58:25Z
376001014714,2026-08-29,376001014714,CENTRO EDUCATIVO SAN JUAN DE LA CRUZ,CENTRO EDUCATIVO SAN JUAN DE LA CRUZ,S,NO OFICIAL,CARLOSPARRADTB@GMAIL.COM,KR 7 U 61 15,3146737448 - 6026631561,"PREESCOLAR,BÁSICA PRIMARIA",URBANA,76,VALLE DEL CAUCA,76001,SANTIAGO DE CALI,MUNICIPIO,NO,NO,NO APLICA,3818,SECRETARÍA DE EDUCACIÓN DE CALI,29.0,29.0,No aporta información,2 - MEDIA,3.454098000302824,-76.48961900043567,\N,2026-08-29T08:58:25Z
376001014846,2026-08-29,376001014846,INSTITUTO COLOMBIANO DE BACHILLERATO,INSTITUTO COLOMBIANO DE BACHILLERATO,S,NO OFICIAL,MARCLA77@HOTMAIL.COM,IND KR 96 1 21 Y 1W - 17,3226828635 - 3157480886,"PREESCOLAR,MEDIA,BÁSICA SECUNDARIA,BÁSICA PRIMARIA",URBANA,76,VALLE DEL CAUCA,76001,SANTIAGO DE CALI,MUNICIPIO,NO,NO,NO APLICA,3818,SECRETARÍA DE EDUCACIÓN DE CALI,170.0,170.0,No aporta información,2 - MEDIA,3.3729117396158066,-76.55484994021317,\N,2026-08-29T08:58:26Z
376001014871,2026-08-29,376001014871,LICEO  EL JARDIN,LIC   EL JARDIN,S,NO OFICIAL,LICEOELJARDIN@HOTMAIL.COM,IND CR 33B N° 27-31,3176769769 - 6023364796,PREESCOLAR,URBANA,76,VALLE DEL CAUCA,76001,SANTIAGO DE CALI,MUNICIPIO,NO,NO,NO APLICA,3818,SECRETARÍA DE EDUCACIÓN DE CALI,68.0,68.0,No aporta información,2 - MEDIA,3.422782820152841,-76.51653128038458,\N,2026-08-29T08:58:25Z
376001014897,2026-08-29,376001014897,LICEO QUIAL,LICEO QUIAL - SEDE PRINCIPAL,S,NO OFICIAL,ACADEMICO@LICEOQUIAL.EDU.CO,IND CARRERA 122 (CALLEJÓN DE LAS CHUCHAS) CALLE 15 (CALLEJON SILVA) CASA 23 PANCE,3154882835 - 5552073,"PREESCOLAR,MEDIA,BÁSICA SECUNDARIA,BÁSICA PRIMARIA",URBANA,76,VALLE DEL CAUCA,76001,SANTIAGO DE CALI,MUNICIPIO,NO,NO,NO APLICA,3818,SECRETARÍA DE EDUCACIÓN DE CALI,427.0,427.0,No aporta información,3 - BAJA,\N,\N,\N,2026-08-29T08:58:25Z
376001015176,2026-08-29,376001015176,CENTRO DOCENTE LA VICTORIA,CENTRO DOCENTE LA VICTORIA,S,NO OFICIAL,COLEGIOLAVICTORIA@HOTMAIL.COM,IND DIAG 26 H4  93-03,3225410792,"PREESCOLAR,MEDIA,BÁSICA SECUNDARIA,BÁSICA PRIMARIA",URBANA,76,VALLE DEL CAUCA,76001,SANTIAGO DE CALI,MUNICIPIO,NO,NO,NO APLICA,3818,SECRETARÍA DE EDUCACIÓN DE CALI,25.0,25.0,No aporta información,2 - MEDIA,3.4298241986497042,-76.4831724303437,\N,2026-08-29T08:58:25Z
376001015371,2026-08-29,376001015371,CENTRO EDUCATIVO LEONARDO DA VINCI,CENTRO EDUCATIVO LEONARDO DA VINCI,S,NO OFICIAL,CELDAVINCI@CELDAVINCI.EDU.CO,IND CALLE 48  N° 48-30,3016222810 - 3022559146,"PREESCOLAR,MEDIA,BÁSICA SECUNDARIA,BÁSICA PRIMARIA",URBANA,76,VALLE DEL CAUCA,76001,SANTIAGO DE CALI,MUNICIPIO,NO,NO,NO APLICA,3818,SECRETARÍA DE EDUCACIÓN DE CALI,421.0,421.0,No aporta información,2 - MEDIA,3.3460994702804436,-76.5421093698971,\N,2026-08-29T08:58:25Z
376001015460,2026-08-29,376001015460,INSTITUTO CAMILO TERREROS,INSTITUTO CAMILO TERREROS,S,NO OFICIAL,PIEDRAHITA@UNIWED.NET.CO,KR 4 NTE 71 B 37,3106008344,"PREESCOLAR,MEDIA,BÁSICA SECUNDARIA,BÁSICA PRIMARIA",URBANA,76,VALLE DEL CAUCA,76001,SANTIAGO DE CALI,MUNICIPIO,NO,NO,NO APLICA,3818,SECRETARÍA DE EDUCACIÓN DE CALI,401.0,397.0,No aporta información,2 - MEDIA,3.488993989605709,-76.49852497990912,\N,2026-08-29T08:58:25Z
376001015478,2026-08-29,376001015478,JARDIN INFANTIL CHISPITAS,JARDIN INFANTIL CHISPITAS,S,NO OFICIAL,ALICIAGOMEZ621@HOTMAIL.COM,CL 29 25 B 42,3137599711,PREESCOLAR,URBANA,76,VALLE DEL CAUCA,76001,SANTIAGO DE CALI,MUNICIPIO,NO,NO,NO APLICA,3818,SECRETARÍA DE EDUCACIÓN DE CALI,17.0,17.0,No aporta información,2 - MEDIA,3.4308092003571677,-76.51531954020287,\N,2026-08-29T08:58:25Z
376001015508,2026-08-29,376001015508,JARDIN INFANTIL PARAISO DE LOS NIÑOS,JARDIN INFANTIL PARAISO DE LOS NIÑOS,S,NO OFICIAL,MARIADELAPAZDOSMAN@HOTMAIL.COM,IND CL 5 B4 37 29,3007378604 - 3810541,PREESCOLAR,URBANA,76,VALLE DEL CAUCA,76001,SANTIAGO DE CALI,MUNICIPIO,NO,NO,NO APLICA,3818,SECRETARÍA DE EDUCACIÓN DE CALI,7.0,7.0,No aporta información,2 - MEDIA,3.4254416803265406,-76.54229875991184,\N,2026-08-29T08:58:25Z
376001015613,2026-08-29,376001015613,INSTITUTO LOPEZ,INSTITUTO LOPEZ,S,NO OFICIAL,FUNDAPROG@EMCALI.NET.CO,KR 29 B 42 A 60,4497682,"PREESCOLAR,MEDIA,BÁSICA SECUNDARIA,BÁSICA PRIMARIA",URBANA,76,VALLE DEL CAUCA,76001,SANTIAGO DE CALI,MUNICIPIO,NO,NO,NO APLICA,3818,SECRETARÍA DE EDUCACIÓN DE CALI,250.0,250.0,No aporta información,2 - MEDIA,3.41970653959409,-76.49894097983571,\N,2026-08-29T08:58:25Z
376001015702,2026-08-29,376001015702,CENTRO DOCENTE SANTIAGO DE CALI,CENTRO DOCENTE SANTIAGO DE CALI,S,NO OFICIAL,CENDOCASA@LATINMAIL.COM,IND CL 85 26 P 77/83/86 Y CL 86 26 P 80,3027985230 - 3182723855,"PREESCOLAR,MEDIA,BÁSICA SECUNDARIA,BÁSICA PRIMARIA",URBANA,76,VALLE DEL CAUCA,76001,SANTIAGO DE CALI,MUNICIPIO,NO,NO,NO APLICA,3818,SECRETARÍA DE EDUCACIÓN DE CALI,219.0,218.0,No aporta información,2 - MEDIA,3.4219202797547705,-76.48135812003235,\N,2026-08-29T08:58:25Z
376001015737,2026-08-29,376001015737,COLEGIO NUESTRA SEÑORA DE FATIMA,COLEGIO NUESTRA SEÑORA DE FATIMA,S,NO OFICIAL,ZC_CNSF@HOTMAIL.COM,CL 29 11 G 47,3103996141,"PREESCOLAR,BÁSICA PRIMARIA",URBANA,76,VALLE DEL CAUCA,76001,SANTIAGO DE CALI,MUNICIPIO,NO,NO,NO APLICA,3818,SECRETARÍA DE EDUCACIÓN DE CALI,79.0,79.0,No aporta información,2 - MEDIA,3.447219370036912,-76.51532965972454,\N,2026-08-29T08:58:25Z
376001015923,2026-08-29,376001015923,COLEGIO SAN JOSÉ,COLEGIO SAN JOSÉ,S,NO OFICIAL,COLEGIO_SANJOSE_CALI@YAHOO.COM,CL 2 B 66 A 46,3103897735 - 6023925106,"PREESCOLAR,MEDIA,BÁSICA SECUNDARIA,BÁSICA PRIMARIA",URBANA,76,VALLE DEL CAUCA,76001,SANTIAGO DE CALI,MUNICIPIO,NO,NO,NO APLICA,3818,SECRETARÍA DE EDUCACIÓN DE CALI,290.0,290.0,No aporta información,2 - MEDIA,3.4327620745865346,-76.5347222538212,\N,2026-08-29T08:58:25Z
376001016016,2026-08-29,376001016016,COLEGIO SANTA FILOMENA,COLEGIO SANTA FILOMENA - SEDE PRINCIPAL,S,NO OFICIAL,COLEGIO-SANTAFILOMENA@HOTMAIL.COM,KR 46 48 A 41,3386431 317 8052720,"PREESCOLAR,BÁSICA PRIMARIA",URBANA,76,VALLE DEL CAUCA,76001,SANTIAGO DE CALI,MUNICIPIO,NO,NO,NO APLICA,3818,SECRETARÍA DE EDUCACIÓN DE CALI,123.0,123.0,No aporta información,2 - MEDIA,3.401293409706271,-76.50997878993748,\N,2026-08-29T08:58:25Z
376001016041,2026-08-29,376001016041,CENTRO EDUCATIVO COMUNITARIO OMAR TORRIJOS,CENTRO EDUCATIVO COMUNITARIO OMAR TORRIJOS,S,NO OFICIAL,CECOT2008@HOTMAIL.COM,CL 72 X 27 04,6024850093 - 3127801480,"PREESCOLAR,MEDIA,BÁSICA SECUNDARIA,BÁSICA PRIMARIA",URBANA,76,VALLE DEL CAUCA,76001,SANTIAGO DE CALI,MUNICIPIO,NO,NO,NO APLICA,3818,SECRETARÍA DE EDUCACIÓN DE CALI,275.0,275.0,No aporta información,2 - MEDIA,3.4251959995934254,-76.48653399979874,\N,2026-08-29T08:58:25Z
376001016059,2026-08-29,376001016059,ASPAEN GUARDERIA PREESCOLAR TAYANA,ASPAEN GUARDERIA PREESCOLAR TAYANA,S,NO OFICIAL,TAYANA@TELESAT.COM.CO,KR 56 1 B 211,3165296924,PREESCOLAR,URBANA,76,VALLE DEL CAUCA,76001,SANTIAGO DE CALI,MUNICIPIO,NO,NO,NO APLICA,3818,SECRETARÍA DE EDUCACIÓN DE CALI,63.0,63.0,No aporta información,2 - MEDIA,3.4101559495847327,-76.55535072044135,\N,2026-08-29T08:58:25Z
376001016130,2026-08-29,376001016130,COLEGIO DANTE ALIGHIERI,COLEGIO DANTE ALIGHIERI,S,NO OFICIAL,COLDANTEALIAHIERI@HOTMAIL.COM,IND DG 26M # T87-11,3152835741,"PREESCOLAR,MEDIA,BÁSICA SECUNDARIA,BÁSICA PRIMARIA",URBANA,76,VALLE DEL CAUCA,76001,SANTIAGO DE CALI,MUNICIPIO,NO,NO,NO APLICA,3818,SECRETARÍA DE EDUCACIÓN DE CALI,549.0,549.0,No aporta información,2 - MEDIA,3.427667131691123,-76.48028122416133,\N,2026-08-29T08:58:25Z
376001016172,2026-08-29,376001016172,COLEGIO GRACE,COLEGIO GRACE,S,NO OFICIAL,COLEGIOGRACECALI@GMAIL.COM,IND CL. 3 OESTE NO. D51-116,3173581865,"PREESCOLAR,MEDIA,BÁSICA SECUNDARIA,BÁSICA PRIMARIA",URBANA,76,VALLE DEL CAUCA,76001,SANTIAGO DE CALI,MUNICIPIO,NO,NO,NO APLICA,3818,SECRETARÍA DE EDUCACIÓN DE CALI,119.0,119.0,No aporta información,2 - MEDIA,3.417659054752914,-76.55658739875365,\N,2026-08-29T08:58:25Z
376001016211,2026-08-29,376001016211,COLEGIO DE JESÚS,COLEGIO DE JESÚS - SEDE PRINCIPAL,S,NO OFICIAL,COLEGIODEJESUS1955@GMAIL.COM,CL 21 A OESTE 6 93,8942556,"PREESCOLAR,BÁSICA PRIMARIA",URBANA,76,VALLE DEL CAUCA,76001,SANTIAGO DE CALI,MUNICIPIO,NO,NO,NO APLICA,3818,SECRETARÍA DE EDUCACIÓN DE CALI,2.0,2.0,No aporta información,2 - MEDIA,3.4289297579665146,-76.49224199303039,\N,2026-08-29T08:58:25Z
376001016253,2026-08-29,376001016253,COLEGIO ULPIANO LLOREDA,COLEGIO ULPIANO LLOREDA,S,NO OFICIAL,CULLOREDA@GMAIL.COM,KR 26 B CL 71 08,3160654605 - 3244879312,"PREESCOLAR,BÁSICA PRIMARIA",URBANA,76,VALLE DEL CAUCA,76001,SANTIAGO DE CALI,MUNICIPIO,NO,NO,NO APLICA,3818,SECRETARÍA DE EDUCACIÓN DE CALI,17.0,17.0,No aporta información,3 - BAJA,\N,\N,\N,2026-08-29T08:58:25Z
376001016261,2026-08-29,376001016261,COLEGIO MIXTO SANTO TOMAS,COLEGIO MIXTO SANTO TOMAS - SEDE PRINCIPAL,S,NO OFICIAL,INTERNOSANTOTOMAS@GMAIL.COM,IND CL 72 I NO. 3N-19/22,3017027116 - 4336845,"PREESCOLAR,MEDIA,BÁSICA SECUNDARIA,BÁSICA PRIMARIA",URBANA,76,VALLE DEL CAUCA,76001,SANTIAGO DE CALI,MUNICIPIO,NO,NO,NO APLICA,3818,SECRETARÍA DE EDUCACIÓN DE CALI,104.0,104.0,No aporta información,2 - MEDIA,3.4932629999524067,-76.49210900014752,\N,2026-08-29T08:58:25Z
376001016334,2026-08-29,376001016334,COLEGIO BILINGÜE INGLES DE LOS ANDES,COLEGIO BILINGÜE INGLES DE LOS ANDES,S,NO OFICIAL,DIRECCION@INGLESDELOSANDES.EDU,KM 4 VIA PTO TEJADA,3108900088 - 5504311,"PREESCOLAR,MEDIA,BÁSICA SECUNDARIA,BÁSICA PRIMARIA",RURAL,76,VALLE DEL CAUCA,76001,SANTIAGO DE CALI,MUNICIPIO,NO,NO,NO APLICA,3818,SECRETARÍA DE EDUCACIÓN DE CALI,295.0,295.0,No aporta información,3 - BAJA,\N,\N,\N,2026-08-29T08:58:25Z
376001016393,2026-08-29,376001016393,COLEGIO PORFIRIO BARBA JACOB,COLEGIO PORFIRIO BARBA JACOB,S,NO OFICIAL,ASODISVALLE@HOTMAIL.COM,IND DG 71 26 I 75 CR 26 J D 71 - 21 CR 26 J D 71 - 15 CR 26 J D 71 - 09,3174036190-3185157316,"PREESCOLAR,MEDIA,BÁSICA SECUNDARIA,BÁSICA PRIMARIA",URBANA,76,VALLE DEL CAUCA,76001,SANTIAGO DE CALI,MUNICIPIO,NO,NO,NO APLICA,3818,SECRETARÍA DE EDUCACIÓN DE CALI,319.0,319.0,No aporta información,3 - BAJA,\N,\N,\N,2026-08-29T08:58:25Z
376001016407,2026-08-29,376001016407,LICEO PORVENIR SEDE POBLADO II,ICEO PORVENIR SEDE POBLADO II,S,NO OFICIAL,RECTORIA@LICEOPORVENIR.EDU.CO,KR 28 B 72 W 31,3152876127 - 6024368670,"PREESCOLAR,MEDIA,BÁSICA SECUNDARIA,BÁSICA PRIMARIA",URBANA,76,VALLE DEL CAUCA,76001,SANTIAGO DE CALI,MUNICIPIO,NO,NO,NO APLICA,3818,SECRETARÍA DE EDUCACIÓN DE CALI,8.0,8.0,No aporta información,2 - MEDIA,3.4213226629651246,-76.48914195279897,\N,2026-08-29T08:58:25Z
376001016610,2026-08-29,376001016610,C.E. SAN CARLOS,C.E. SAN CARLOS - SEDE PRINCIPAL,S,NO OFICIAL,CENTROEDUCATIVOSANCARLOS01@GMAIL.COM,CL 29 35 17,3367129  -  3341382,"PREESCOLAR,BÁSICA PRIMARIA",URBANA,76,VALLE DEL CAUCA,76001,SANTIAGO DE CALI,MUNICIPIO,NO,NO,NO APLICA,3818,SECRETARÍA DE EDUCACIÓN DE CALI,75.0,75.0,No aporta información,2 - MEDIA,3.421398000406192,-76.51565999989893,\N,2026-08-29T08:58:25Z
376001016636,2026-08-29,376001016636,CENTRO DOCENTE BARTOLOME MITRE,CENTRO DOCENTE BARTOLOME MITRE,S,NO OFICIAL,ALDEMARIN@HOTMAIL.COM,IND DG 26 C #73 73 - DG 26 C #73 A 45,4021876 - 3164671795,"PREESCOLAR,MEDIA,BÁSICA SECUNDARIA,BÁSICA PRIMARIA",URBANA,76,VALLE DEL CAUCA,76001,SANTIAGO DE CALI,MUNICIPIO,NO,NO,NO APLICA,3818,SECRETARÍA DE EDUCACIÓN DE CALI,736.0,736.0,No aporta información,2 - MEDIA,3.4383591423407016,-76.48295522938609,\N,2026-08-29T08:58:25Z
376001016750,2026-08-29,376001016750,JARDÍN TIA NORA Y LICEO LOS ALPES,JARDÍN TIA NORA Y LICEO LOS ALPES,S,NO OFICIAL,LICEOLSALPES@UNIWEB.NET.CO,AV 8 66 05,3160257838 - 3160257810,"PREESCOLAR,MEDIA,BÁSICA SECUNDARIA,BÁSICA PRIMARIA",URBANA,76,VALLE DEL CAUCA,76001,SANTIAGO DE CALI,MUNICIPIO,NO,NO,NO APLICA,3818,SECRETARÍA DE EDUCACIÓN DE CALI,363.0,363.0,No aporta información,2 - MEDIA,3.4351925638709706,-76.51609808939837,\N,2026-08-29T08:58:25Z
376001016806,2026-08-29,376001016806,LICEO SUPERIOR JUAN PABLO II,LICEO SUPERIOR JUAN PABLO II - SEDE PRINCIPAL,S,NO OFICIAL,LC6408@HOTMAIL.COM,KR 26 51 04,3113387401 - 6023482587,"PREESCOLAR,MEDIA,BÁSICA SECUNDARIA,BÁSICA PRIMARIA",URBANA,76,VALLE DEL CAUCA,76001,SANTIAGO DE CALI,MUNICIPIO,NO,NO,NO APLICA,3818,SECRETARÍA DE EDUCACIÓN DE CALI,868.0,868.0,No aporta información,2 - MEDIA,3.436641630120021,-76.49795384991609,\N,2026-08-29T08:58:25Z
376001016822,2026-08-29,376001016822,LICEO MIXTO LAS LAJAS,LICEO MIXTO LAS LAJAS,S,NO OFICIAL,MIXTO.82920@YAHOO.ES,IND DG 26P-9 T 93- 19,3173657839,"PREESCOLAR,MEDIA,BÁSICA SECUNDARIA,BÁSICA PRIMARIA",URBANA,76,VALLE DEL CAUCA,76001,SANTIAGO DE CALI,MUNICIPIO,NO,NO,NO APLICA,3818,SECRETARÍA DE EDUCACIÓN DE CALI,63.0,63.0,No aporta información,2 - MEDIA,3.422895650832656,-76.47612693279056,\N,2026-08-29T08:58:25Z
376001016903,2026-08-29,376001016903,INSTITUTO NUESTRA SEÑORA DEL PERPETUO SOCORRO,INSTITUTO NUESTRA SEÑORA DEL PERPETUO SOCORRO,S,NO OFICIAL,PSOCORRO28@HOTMAIL.COM,KR 39 12 A 05,301 3349514 - 3361438,"PREESCOLAR,BÁSICA PRIMARIA",URBANA,76,VALLE DEL CAUCA,76001,SANTIAGO DE CALI,MUNICIPIO,NO,NO,NO APLICA,3818,SECRETARÍA DE EDUCACIÓN DE CALI,48.0,48.0,No aporta información,2 - MEDIA,3.4209855638245794,-76.53367236220595,\N,2026-08-29T08:58:25Z
376001016920,2026-08-29,376001016920,LICEO PORVENIR,LICEO PORVENIR,S,NO OFICIAL,LICEOPORVENIR2022@GMAIL.COM,IND CRA 29 B # 38-04 Y 12,3183866278,"PREESCOLAR,MEDIA,BÁSICA SECUNDARIA,BÁSICA PRIMARIA",URBANA,76,VALLE DEL CAUCA,76001,SANTIAGO DE CALI,MUNICIPIO,NO,NO,NO APLICA,3818,SECRETARÍA DE EDUCACIÓN DE CALI,679.0,678.0,No aporta información,2 - MEDIA,3.42294563987611,-76.50255054988617,\N,2026-08-29T08:58:25Z
376001017284,2026-08-29,376001017284,COLEGIO MAYOR DEL NORTE,COLEGIO MAYOR DEL NORTE,S,NO OFICIAL,MAYORDELNORTE@YAHOO.ES,CL 72 I 4 79,6023903897 - 3214434093,"PREESCOLAR,BÁSICA SECUNDARIA,BÁSICA PRIMARIA",URBANA,76,VALLE DEL CAUCA,76001,SANTIAGO DE CALI,MUNICIPIO,NO,NO,NO APLICA,3818,SECRETARÍA DE EDUCACIÓN DE CALI,248.0,248.0,No aporta información,2 - MEDIA,3.495263741842353,-76.49543047868973,\N,2026-08-29T08:58:25Z
376001017438,2026-08-29,176001016491,INSTITUCION EDUCATIVA TECNICA GABRIEL GARCIA MARQUEZ,SEDE ALFONSO BONILLA NAAR,N,OFICIAL,IE.GABRIELGMARQUEZ@CALI.EDU.CO,CL 57 33 11,6024264409,"PREESCOLAR,MEDIA,BÁSICA SECUNDARIA,BÁSICA PRIMARIA",URBANA,76,VALLE DEL CAUCA,76001,SANTIAGO DE CALI,MUNICIPIO,NO,NO,NO APLICA,3818,SECRETARÍA DE EDUCACIÓN DE CALI,664.0,627.0,No aporta información,3 - BAJA,\N,\N,\N,2026-08-29T08:58:22Z
376001017551,2026-08-29,376001017551,LICEO MANUELA BELTRAN 2,LICEO MANUELA BELTRAN 2,S,NO OFICIAL,LICEO_MANUELA@HOTMAIL.COM,CL 120 P 23 61,3427420 - 3128017032 -3215580760,"PREESCOLAR,MEDIA,BÁSICA SECUNDARIA,BÁSICA PRIMARIA",URBANA,76,VALLE DEL CAUCA,76001,SANTIAGO DE CALI,MUNICIPIO,NO,NO,NO APLICA,3818,SECRETARÍA DE EDUCACIÓN DE CALI,61.0,52.0,No aporta información,2 - MEDIA,3.425647835807117,-76.46405460933288,\N,2026-08-29T08:58:25Z
376001017608,2026-08-29,176001020693,INSTITUCION EDUCATIVA HUMBERTO JORDAN MAZUERA,MIGUEL CAMACHO PEREA,N,OFICIAL,JBORRERO@VALLEDELCAUCA.GOV.CO,KR 28 A 72 F 09,6561290,"PREESCOLAR,MEDIA,BÁSICA SECUNDARIA,BÁSICA PRIMARIA",URBANA,76,VALLE DEL CAUCA,76001,SANTIAGO DE CALI,MUNICIPIO,NO,NO,NO APLICA,3818,SECRETARÍA DE EDUCACIÓN DE CALI,801.0,709.0,No aporta información,2 - MEDIA,3.4277865786047155,-76.49370005934782,\N,2026-08-29T08:58:22Z
376001019201,2026-08-29,376001019201,INSTITUTO COMERCIAL ARQUIDIOCESANO,INSTITUTO COMERCIAL ARQUIDIOCESANO,S,NO OFICIAL,ARQUIDIOCESANO@TELESAT.COM.CO,IND CL 52 8N 33,3165268469 - 4850227 EXT. 2900 - 2920,"PREESCOLAR,MEDIA,BÁSICA SECUNDARIA,BÁSICA PRIMARIA",URBANA,76,VALLE DEL CAUCA,76001,SANTIAGO DE CALI,MUNICIPIO,NO,NO,NO APLICA,3818,SECRETARÍA DE EDUCACIÓN DE CALI,503.0,503.0,No aporta información,2 - MEDIA,3.4801438682017416,-76.5084365505796,\N,2026-08-29T08:58:25Z
376001019279,2026-08-29,376001019279,LICEO JUVENIL COLOMBIA,LICEO JUVENIL COLOMBIA,S,NO OFICIAL,LICEOJCOLOMBIA@HOTMAIL.COM,IND CRA 25L N0 72X-16,3173774216 - 3165259490,"PREESCOLAR,BÁSICA SECUNDARIA,BÁSICA PRIMARIA",URBANA,76,VALLE DEL CAUCA,76001,SANTIAGO DE CALI,MUNICIPIO,NO,NO,NO APLICA,3818,SECRETARÍA DE EDUCACIÓN DE CALI,140.0,140.0,No aporta información,2 - MEDIA,3.442727696337967,-76.48440749168849,\N,2026-08-29T08:58:25Z
376001020111,2026-08-29,376001020111,COLEGIO MIXTO CARLOS PAYAN,COLEGIO MIXTO CARLOS PAYAN,S,NO OFICIAL,PAYAN_65@HOTMAIL.COM,IND KR 28-1 # 72T - 87,3183234563 - 3235011750 - 6023300313,"PREESCOLAR,MEDIA,BÁSICA SECUNDARIA,BÁSICA PRIMARIA",URBANA,76,VALLE DEL CAUCA,76001,SANTIAGO DE CALI,MUNICIPIO,NO,NO,NO APLICA,3818,SECRETARÍA DE EDUCACIÓN DE CALI,179.0,179.0,No aporta información,2 - MEDIA,3.418401492725734,-76.49559630858948,\N,2026-08-29T08:58:25Z
376001020129,2026-08-29,376001020129,LICEO MAYOR MIXTO TERCER MILENIO,LICEO MAYOR MIXTO TERCER MILENIO,S,OFICIAL,RECTORATERCERMILENIO@GMAIL.COM,IND CL 41 44 39 - KR 45 40 84,3174408251,"PREESCOLAR,MEDIA,BÁSICA SECUNDARIA,BÁSICA PRIMARIA",URBANA,76,VALLE DEL CAUCA,76001,SANTIAGO DE CALI,MUNICIPIO,NO,NO,NO APLICA,3818,SECRETARÍA DE EDUCACIÓN DE CALI,241.0,241.0,No aporta información,2 - MEDIA,3.407419680134535,-76.5145218901295,\N,2026-08-29T08:58:25Z
376001020145,2026-08-29,376001020145,LICEO MI REFUGIO,LICEO MI REFUGIO,S,NO OFICIAL,LICEOMIREFUGIO@HOTMAIL.COM,KR 87 4 47,3008564739,"PREESCOLAR,BÁSICA PRIMARIA",URBANA,76,VALLE DEL CAUCA,76001,SANTIAGO DE CALI,MUNICIPIO,NO,NO,NO APLICA,3818,SECRETARÍA DE EDUCACIÓN DE CALI,37.0,37.0,No aporta información,2 - MEDIA,3.3796440999783934,-76.54581986027985,\N,2026-08-29T08:58:25Z
376001020170,2026-08-29,376001020170,LICEO COMERCIAL Y TECNOLOGICO DEL VALLE,LICEO COMERCIAL Y TECNOLOGICO DEL VALLE - SEDE PRINCIPAL,S,NO OFICIAL,LICOMTECVALLE@HOTMAIL.COM,KR 41 C 30 D 05,3425174 / 317 6261170,"PREESCOLAR,MEDIA,BÁSICA SECUNDARIA,BÁSICA PRIMARIA",URBANA,76,VALLE DEL CAUCA,76001,SANTIAGO DE CALI,MUNICIPIO,NO,NO,NO APLICA,3818,SECRETARÍA DE EDUCACIÓN DE CALI,71.0,71.0,No aporta información,2 - MEDIA,3.424750900156191,-76.48029310977086,\N,2026-08-29T08:58:25Z
376001020218,2026-08-29,376001020218,COLEGIO PRINCIPE DE PAZ,PRINCIPE DE PAZ,S,NO OFICIAL,COLEGIOPRINCIPEDEPAZCALI@GMAIL.COM,CL 36 41 B 121,314 811 1081,"PREESCOLAR,MEDIA,BÁSICA SECUNDARIA,BÁSICA PRIMARIA,PRIMERA INFANCIA",URBANA,76,VALLE DEL CAUCA,76001,SANTIAGO DE CALI,MUNICIPIO,NO,NO,NO APLICA,3818,SECRETARÍA DE EDUCACIÓN DE CALI,157.0,157.0,No aporta información,2 - MEDIA,3.414890270073914,-76.51224495014178,\N,2026-08-29T08:58:25Z
376001020293,2026-08-29,376001020293,LICEO ANDALUZ,LIC ANDALUZ,S,NO OFICIAL,LICEOANDALUZ@HOTMAIL.COM,KR 7 R 65 42,3104903932 - 60238125544,"PREESCOLAR,BÁSICA PRIMARIA",URBANA,76,VALLE DEL CAUCA,76001,SANTIAGO DE CALI,MUNICIPIO,NO,NO,NO APLICA,3818,SECRETARÍA DE EDUCACIÓN DE CALI,27.0,27.0,No aporta información,2 - MEDIA,3.455571929658291,-76.48660626477175,\N,2026-08-29T08:58:25Z
376001020331,2026-08-29,376001020331,JARDIN INFANTIL Y ESCUELA MATERNAL LOS BULLICIOSOS,JARD INF LOS BULLICIOSOS,S,NO OFICIAL,JIEMLOSBULLICIOSOS@GMAIL.COM,CL 59 C 2 140,3182193203,PREESCOLAR,URBANA,76,VALLE DEL CAUCA,76001,SANTIAGO DE CALI,MUNICIPIO,NO,NO,NO APLICA,3818,SECRETARÍA DE EDUCACIÓN DE CALI,37.0,37.0,No aporta información,2 - MEDIA,3.468964660332553,-76.49445050025808,\N,2026-08-29T08:58:25Z
376001020391,2026-08-29,376001020391,COLEGIO COMFANDI CALIPSO,COL. COMFANDI CALIPSO - SEDE PRINCIPAL,S,NO OFICIAL,COLEGIOCALIPSO@COMFANDI.COM.CO,IND CL 70 # 28D3- 129,3182575557,"PREESCOLAR,MEDIA,BÁSICA SECUNDARIA,BÁSICA PRIMARIA",URBANA,76,VALLE DEL CAUCA,76001,SANTIAGO DE CALI,MUNICIPIO,NO,NO,NO APLICA,3818,SECRETARÍA DE EDUCACIÓN DE CALI,1031.0,1031.0,No aporta información,2 - MEDIA,3.4261890002335518,-76.50038900029332,\N,2026-08-29T08:58:25Z
376001020404,2026-08-29,376001020404,CENTRO EDUCATIVO FANTASIAS DEL SABER,CENTRO EDUCATIVO FANTASIAS DEL SABER,S,NO OFICIAL,CEFANTASIASDELSABER@HOTMAIL.COM,CL 26 B 23 37,3263067 / 311 6195992,PREESCOLAR,URBANA,76,VALLE DEL CAUCA,76001,SANTIAGO DE CALI,MUNICIPIO,NO,NO,NO APLICA,3818,SECRETARÍA DE EDUCACIÓN DE CALI,68.0,68.0,No aporta información,2 - MEDIA,3.4354677497730877,-76.51656139999774,\N,2026-08-29T08:58:25Z
376001020455,2026-08-29,376001020455,CENTRO DOCENTE TOMAS CIPRIANO  MOSQUERA,CENTRO DOCENTE TOMAS CIPRIANO  MOSQUERA,S,NO OFICIAL,COLEGIOTCMOS@GMAIL.COM,IND CR 82 NO 28 - 11,3104086452,"PREESCOLAR,MEDIA,BÁSICA SECUNDARIA,BÁSICA PRIMARIA",URBANA,76,VALLE DEL CAUCA,76001,SANTIAGO DE CALI,MUNICIPIO,NO,NO,NO APLICA,3818,SECRETARÍA DE EDUCACIÓN DE CALI,189.0,189.0,No aporta información,2 - MEDIA,3.3855179997406757,-76.52227499961509,\N,2026-08-29T08:58:26Z
376001020501,2026-08-29,176001008669,INSTITUCION EDUCATIVA JOSE HOLGUIN GARCES,VILLA DEL MAR,N,OFICIAL,JBORRERO@VALLEDELCAUCA.GOV.CO,AV 8 OESTE 30 C 40,8942323 - 8942223,"PREESCOLAR,BÁSICA PRIMARIA",URBANA,76,VALLE DEL CAUCA,76001,SANTIAGO DE CALI,MUNICIPIO,NO,NO,NO APLICA,3818,SECRETARÍA DE EDUCACIÓN DE CALI,176.0,176.0,No aporta información,2 - MEDIA,3.4557400001307728,-76.57713900012818,\N,2026-08-29T08:58:22Z
376001020528,2026-08-29,376001020528,COLEGIO EL SENDERO DEL FUTURO,COLEGIO EL SENDERO DEL FUTURO,S,NO OFICIAL,GABIARAUJO@TELESAT.COM.CO,IND DG 26 G6 TR 72 S1 - 80,3208009 - 3162819393,"PREESCOLAR,MEDIA,BÁSICA SECUNDARIA,BÁSICA PRIMARIA",URBANA,76,VALLE DEL CAUCA,76001,SANTIAGO DE CALI,MUNICIPIO,NO,NO,NO APLICA,3818,SECRETARÍA DE EDUCACIÓN DE CALI,318.0,318.0,No aporta información,2 - MEDIA,3.4333626702510243,-76.48469503971597,\N,2026-08-29T08:58:25Z
376001020536,2026-08-29,376001020536,COLEGIO NUESTRA SEÑORA DE LA PROVIDENCIA,COLEGIO  NUESTRA  SEÑORA  DE  LA PROVIDENCIA,S,NO OFICIAL,COLEGIOSPG@TELESAT.COM.CO,KR 29 B 43 A 29,3017881766 - 4497140,"PREESCOLAR,MEDIA,BÁSICA SECUNDARIA,BÁSICA PRIMARIA",URBANA,76,VALLE DEL CAUCA,76001,SANTIAGO DE CALI,MUNICIPIO,NO,NO,NO APLICA,3818,SECRETARÍA DE EDUCACIÓN DE CALI,353.0,353.0,No aporta información,2 - MEDIA,3.4193128400642907,-76.49831396025897,\N,2026-08-29T08:58:25Z
376001020544,2026-08-29,376001020544,COLEGIO AMOR Y CIENCIA,COLEGIO AMOR Y CIENCIA,S,NO OFICIAL,AMOR_Y_CIENCIA@YAHOO.COM,KR 25 E DG 70 B 71,6026633696 - 3206429726,"PREESCOLAR,MEDIA,BÁSICA SECUNDARIA,BÁSICA PRIMARIA",URBANA,76,VALLE DEL CAUCA,76001,SANTIAGO DE CALI,MUNICIPIO,NO,NO,NO APLICA,3818,SECRETARÍA DE EDUCACIÓN DE CALI,202.0,202.0,No aporta información,2 - MEDIA,3.4373615991172684,-76.48985900333011,\N,2026-08-29T08:58:25Z
376001020617,2026-08-29,376001020617,COLEGIO NUEVO EDEN,COLEGIO NUEVO EDEN,S,NO OFICIAL,COLNUEVOEDEN@VOLE.COM,CL 13 43 39,3234297533 - 3103826884,"PREESCOLAR,MEDIA,BÁSICA SECUNDARIA,BÁSICA PRIMARIA",URBANA,76,VALLE DEL CAUCA,76001,SANTIAGO DE CALI,MUNICIPIO,NO,NO,NO APLICA,3818,SECRETARÍA DE EDUCACIÓN DE CALI,90.0,90.0,No aporta información,2 - MEDIA,3.4148693998073334,-76.53220759984637,\N,2026-08-29T08:58:25Z
376001020633,2026-08-29,376001020633,COLEGIO LOS SAUCES,COLEGIO LOS SAUCES,S,NO OFICIAL,COLSA1@TELESAT.COM,KR 42 BIS 13 92,3853179 - 3026683224,"PREESCOLAR,BÁSICA PRIMARIA",URBANA,76,VALLE DEL CAUCA,76001,SANTIAGO DE CALI,MUNICIPIO,NO,NO,NO APLICA,3818,SECRETARÍA DE EDUCACIÓN DE CALI,41.0,41.0,No aporta información,2 - MEDIA,3.4161429999563824,-76.53106100009919,\N,2026-08-29T08:58:25Z
376001020731,2026-08-29,376001020731,INSTITUTO DE BACHILLERATO TECNOLOGICO DANIEL GILLARD,INSTITUTO DE BACHILLERATO TECNOLOGICO DANIEL GILLARD,S,NO OFICIAL,COLCECAN@TELESAT.COM.CO,KR 39 D 39 40,3151979295 - 3385966,"PREESCOLAR,MEDIA,BÁSICA SECUNDARIA,BÁSICA PRIMARIA",URBANA,76,VALLE DEL CAUCA,76001,SANTIAGO DE CALI,MUNICIPIO,NO,NO,NO APLICA,3818,SECRETARÍA DE EDUCACIÓN DE CALI,118.0,118.0,No aporta información,2 - MEDIA,3.415980999576111,-76.50764300041716,\N,2026-08-29T08:58:26Z
376001020803,2026-08-29,376001020803,COLEGIO MI FORTALEZA,COLEGIO MI FORTALEZA,S,NO OFICIAL,MIFORTALEZA@CALIESCALI.COM,KR 31 32 96,3162284615,"PREESCOLAR,BÁSICA PRIMARIA",URBANA,76,VALLE DEL CAUCA,76001,SANTIAGO DE CALI,MUNICIPIO,NO,NO,NO APLICA,3818,SECRETARÍA DE EDUCACIÓN DE CALI,58.0,58.0,No aporta información,2 - MEDIA,3.425448779582329,-76.51089104976975,\N,2026-08-29T08:58:26Z
376001020811,2026-08-29,376001020811,JARDIN INFANTIL LA PANDILLA DE LULU,JARDIN INFANTIL LA PANDILLA DE LULU,S,NO OFICIAL,JIPDLULU@HOTMAIL.COM,CL 29 33 B 18,3163736295,PREESCOLAR,URBANA,76,VALLE DEL CAUCA,76001,SANTIAGO DE CALI,MUNICIPIO,NO,NO,NO APLICA,3818,SECRETARÍA DE EDUCACIÓN DE CALI,29.0,29.0,No aporta información,2 - MEDIA,3.4223672196663184,-76.51588757999131,\N,2026-08-29T08:58:26Z
376001020960,2026-08-29,376001020960,JARDIN INFANTIL PEQUEÑOS CONSTRUCTORES,JARDIN INFANTIL PEQUEÑOS CONSTRUCTORES,S,NO OFICIAL,LUZH6334@LATINMAIL.COM,KR 24 51 34,4100979 311 3235189,PREESCOLAR,URBANA,76,VALLE DEL CAUCA,76001,SANTIAGO DE CALI,MUNICIPIO,NO,NO,NO APLICA,3818,SECRETARÍA DE EDUCACIÓN DE CALI,101.0,101.0,No aporta información,2 - MEDIA,3.439953370023296,-76.49922327002386,\N,2026-08-29T08:58:26Z
376001020978,2026-08-29,376001020978,LICEO SANTA CATALINA LABOURE,LICEO SANTA CATALINA LABOURE,S,NO OFICIAL,LICEOSANTACATALINA2009@HOTMAIL.COM,KR 30 27 44,336 31 58,"PREESCOLAR,MEDIA,BÁSICA SECUNDARIA,BÁSICA PRIMARIA",URBANA,76,VALLE DEL CAUCA,76001,SANTIAGO DE CALI,MUNICIPIO,NO,NO,NO APLICA,3818,SECRETARÍA DE EDUCACIÓN DE CALI,117.0,117.0,No aporta información,2 - MEDIA,3.4267372896047843,-76.5163170196129,\N,2026-08-29T08:58:26Z
376001021028,2026-08-29,376001021028,COLEGIO SANTA CRUZ,COLEGIO SANTA CRUZ,S,NO OFICIAL,CUREYDEREYES@HOTMAIL.COM,CL 79 27 D 03,3148636454 - 6023481263,"PREESCOLAR,MEDIA,BÁSICA SECUNDARIA,BÁSICA PRIMARIA",URBANA,76,VALLE DEL CAUCA,76001,SANTIAGO DE CALI,MUNICIPIO,NO,NO,NO APLICA,3818,SECRETARÍA DE EDUCACIÓN DE CALI,96.0,96.0,No aporta información,2 - MEDIA,3.4958410407014857,-76.49061921701234,\N,2026-08-29T08:58:26Z
376001021109,2026-08-29,376001021109,LICEO CAÑAVERAL DE OCCIDENTE,LICEO CAÑAVERAL DE OCCIDENTE,S,NO OFICIAL,LICEOCANAVERAL@HOTMAIL.COM,KR 53 2 17,3206388157,"PREESCOLAR,MEDIA,BÁSICA SECUNDARIA,BÁSICA PRIMARIA",URBANA,76,VALLE DEL CAUCA,76001,SANTIAGO DE CALI,MUNICIPIO,NO,NO,NO APLICA,3818,SECRETARÍA DE EDUCACIÓN DE CALI,104.0,104.0,No aporta información,2 - MEDIA,3.4150130203034186,-76.55586769998905,\N,2026-08-29T08:58:26Z
376001021231,2026-08-29,376001021231,LICEO COMERCIAL SANTA LUCIA,LICEO COMERCIAL SANTA LUCIA,S,NO OFICIAL,LICEO-COMERCIAL-SANTA-LUCIA@HOTMAIL.COM,IND CL 51A 32A 95/96 Y CALLE 51A 32A 88,3142131930,"PREESCOLAR,MEDIA,BÁSICA SECUNDARIA,BÁSICA PRIMARIA",URBANA,76,VALLE DEL CAUCA,76001,SANTIAGO DE CALI,MUNICIPIO,NO,NO,NO APLICA,3818,SECRETARÍA DE EDUCACIÓN DE CALI,181.0,181.0,No aporta información,2 - MEDIA,3.4122929998432494,-76.49527400025207,\N,2026-08-29T08:58:26Z
376001021273,2026-08-29,376001021273,ASOCIACION EDUCATIVA COLEGIO ARANGO Y CUERO,ASOCIACION EDUCATIVA COLEGIO ARANGO Y CUERO,S,NO OFICIAL,ARANGOYCUERO1@HOTMAIL.COM,CL 82 27 D 111,3225197456 - 6024230071,"PREESCOLAR,MEDIA,BÁSICA SECUNDARIA,BÁSICA PRIMARIA",URBANA,76,VALLE DEL CAUCA,76001,SANTIAGO DE CALI,MUNICIPIO,NO,NO,NO APLICA,3818,SECRETARÍA DE EDUCACIÓN DE CALI,207.0,207.0,No aporta información,2 - MEDIA,3.4199391503132217,-76.48433298002892,\N,2026-08-29T08:58:26Z
376001021303,2026-08-29,376001021303,COLEGIO PUERTA DEL SOL,COLEGIO PUERTA DEL SOL,S,NO OFICIAL,COLEGIOPUERTADELSOL@HOTMAIL.COM,CL 84 26 35,3042920744,"PREESCOLAR,MEDIA,BÁSICA SECUNDARIA,BÁSICA PRIMARIA",URBANA,76,VALLE DEL CAUCA,76001,SANTIAGO DE CALI,MUNICIPIO,NO,NO,NO APLICA,3818,SECRETARÍA DE EDUCACIÓN DE CALI,767.0,703.0,No aporta información,2 - MEDIA,3.432504890128753,-76.47319216011354,\N,2026-08-29T08:58:26Z
376001021362,2026-08-29,376001021362,COLEGIO RICHARD BACH,COLEGIO RICHARD BACH,S,NO OFICIAL,COLRICHARDBACH1988@GMAIL.COM,IND CL 72 Z1 28 A1 04 - S CL 72Z 28AL 03 Y KR 26 AL 72Z 21,4364350 - 4360894,"PREESCOLAR,MEDIA,BÁSICA SECUNDARIA,BÁSICA PRIMARIA",URBANA,76,VALLE DEL CAUCA,76001,SANTIAGO DE CALI,MUNICIPIO,NO,NO,NO APLICA,3818,SECRETARÍA DE EDUCACIÓN DE CALI,173.0,173.0,No aporta información,2 - MEDIA,3.4160589997958266,-76.4925159998533,\N,2026-08-29T08:58:26Z
376001021478,2026-08-29,376001021478,COLEGIO BILINGUE WASHINGTON,COLEGIO BILINGUE WASHINGTON,S,NO OFICIAL,COLBILWAS@HOTMAIL.COM,IND CALLEJON DE LAS CHUCHAS PREDIO NO. 39,5552790 / 6200613 / 316 8660847,"PREESCOLAR,MEDIA,BÁSICA SECUNDARIA,BÁSICA PRIMARIA",URBANA,76,VALLE DEL CAUCA,76001,SANTIAGO DE CALI,MUNICIPIO,NO,NO,NO APLICA,3818,SECRETARÍA DE EDUCACIÓN DE CALI,1.0,1.0,No aporta información,3 - BAJA,\N,\N,\N,2026-08-29T08:58:26Z
376001021524,2026-08-29,376001021524,CENTRO EDUCATIVO NUESTRO AMANECER,CENTRO EDUCATIVO NUESTRO AMANECER,S,NO OFICIAL,NUESTROAMANECER2009@GMAIL.COM,IND DG 71A1 # 25C-04,6633705 / 312 2428249,"PREESCOLAR,BÁSICA PRIMARIA",URBANA,76,VALLE DEL CAUCA,76001,SANTIAGO DE CALI,MUNICIPIO,NO,NO,NO APLICA,3818,SECRETARÍA DE EDUCACIÓN DE CALI,101.0,101.0,No aporta información,2 - MEDIA,3.4360825797505976,-76.4901473499599,\N,2026-08-29T08:58:26Z
376001021583,2026-08-29,376001021583,INSTITUTO TECNICO LA RIVIERA,INSTITUTO TECNICO LA RIVIERA,S,NO OFICIAL,ITR317@TELESAT.COM.CO,CL 59 2 C 91,3017827215 - 6023921722,"PREESCOLAR,MEDIA,BÁSICA SECUNDARIA,BÁSICA PRIMARIA",URBANA,76,VALLE DEL CAUCA,76001,SANTIAGO DE CALI,MUNICIPIO,NO,NO,NO APLICA,3818,SECRETARÍA DE EDUCACIÓN DE CALI,186.0,186.0,No aporta información,2 - MEDIA,3.467660000192942,-76.49518332969718,\N,2026-08-29T08:58:26Z
376001021621,2026-08-29,376001021621,LICEO INFANTIL ALEGRE DESPERTAR,LICEO INFANTIL ALEGRE DESPERTAR,S,NO OFICIAL,ASISTENTEDESPERTAR55@GMAIL.COM,KR 29 7 79,3163032965,PREESCOLAR,URBANA,76,VALLE DEL CAUCA,76001,SANTIAGO DE CALI,MUNICIPIO,NO,NO,NO APLICA,3818,SECRETARÍA DE EDUCACIÓN DE CALI,81.0,81.0,No aporta información,2 - MEDIA,3.431669290119282,-76.53677049980558,\N,2026-08-29T08:58:26Z
376001021648,2026-08-29,376001021648,COLEGIO LA FONTAINE LIDO,COLEGIO LA FONTAINE LIDO,S,NO OFICIAL,INTECOSIS@HOTMAIL.COM,CL 1 A 42 29,3184111960,"PREESCOLAR,MEDIA,BÁSICA SECUNDARIA,BÁSICA PRIMARIA",URBANA,76,VALLE DEL CAUCA,76001,SANTIAGO DE CALI,MUNICIPIO,NO,NO,NO APLICA,3818,SECRETARÍA DE EDUCACIÓN DE CALI,417.0,417.0,No aporta información,2 - MEDIA,3.423224809809428,-76.55200840008624,\N,2026-08-29T08:58:26Z
376001021737,2026-08-29,376001021737,LICEO FARALLONES DEL NORTE,LICEO FARALLONES DEL NORTE,S,NO OFICIAL,IFN@TELESAT.COM.CO,IND KR 4 A NO 71 E 39 - CL 71D 4N 20 - CL 71E 4N 19,3148636454-3163566933,"PREESCOLAR,MEDIA,BÁSICA SECUNDARIA,BÁSICA PRIMARIA",URBANA,76,VALLE DEL CAUCA,76001,SANTIAGO DE CALI,MUNICIPIO,NO,NO,NO APLICA,3818,SECRETARÍA DE EDUCACIÓN DE CALI,248.0,248.0,No aporta información,3 - BAJA,\N,\N,\N,2026-08-29T08:58:26Z
376001021907,2026-08-29,376001021907,JARDIN INFANTIL MUNDO MIEL,JARDIN INFANTIL MUNDO MIEL,S,NO OFICIAL,LICEOQUETZAL@HOTMAIL.COM,IND AV. 2GN NO 52A - 44,3188698407 - 6026662437,PREESCOLAR,URBANA,76,VALLE DEL CAUCA,76001,SANTIAGO DE CALI,MUNICIPIO,NO,NO,NO APLICA,3818,SECRETARÍA DE EDUCACIÓN DE CALI,40.0,40.0,No aporta información,3 - BAJA,\N,\N,\N,2026-08-29T08:58:26Z
376001021966,2026-08-29,376001021966,CENTRO DE EDUCACION EN TECNOLOGIA CENTEC - CÓRDOBA,CENTRO DE EDUCACION EN TECNOLOGIA CENTEC,S,NO OFICIAL,COLEGIOCENTEC@HOTMAIL.COM,IND CALLE 54 NO. 41E3-57,3168271902,"PREESCOLAR,MEDIA,BÁSICA SECUNDARIA,BÁSICA PRIMARIA",URBANA,76,VALLE DEL CAUCA,76001,SANTIAGO DE CALI,MUNICIPIO,NO,NO,NO APLICA,3818,SECRETARÍA DE EDUCACIÓN DE CALI,1234.0,1234.0,No aporta información,2 - MEDIA,3.402379737324478,-76.50347188090619,\N,2026-08-29T08:58:26Z
376001022008,2026-08-29,376001022008,INSTITUTO TECNICO COMERCIAL SANTA ROSA,INSTITUTO TECNICO COMERCIAL SANTA ROSA,S,NO OFICIAL,SANTA_ROSA04@HOTMAIL.COM,CLL 71 NO 27-91,4451641,"PREESCOLAR,MEDIA,BÁSICA SECUNDARIA,BÁSICA PRIMARIA",URBANA,76,VALLE DEL CAUCA,76001,SANTIAGO DE CALI,MUNICIPIO,NO,NO,NO APLICA,3818,SECRETARÍA DE EDUCACIÓN DE CALI,19.0,19.0,No aporta información,2 - MEDIA,3.437222221569268,-76.49222222200929,\N,2026-08-29T08:58:26Z
376001022024,2026-08-29,376001022024,LICEO COMERCIAL LA MILAGROSA,LICEO COMERCIAL LA MILAGROSA,S,NO OFICIAL,LICOLAMILAGROSA@YAHOO.ES,KR 28 H 41 51,3206725937 -3117078345 - 3148120058 - 6023929298,"PREESCOLAR,MEDIA,BÁSICA SECUNDARIA,BÁSICA PRIMARIA",URBANA,76,VALLE DEL CAUCA,76001,SANTIAGO DE CALI,MUNICIPIO,NO,NO,NO APLICA,3818,SECRETARÍA DE EDUCACIÓN DE CALI,935.0,900.0,No aporta información,2 - MEDIA,3.4220677398190498,-76.49923514036203,\N,2026-08-29T08:58:26Z
376001022148,2026-08-29,376001022148,LICEO NUEVA FLORESTA,LICEO NUEVA FLORESTA,S,NO OFICIAL,BLANCA_INF@HOTMAIL.COM,KR 23 49 30,3104700907 - 6023967018,"PREESCOLAR,MEDIA,BÁSICA SECUNDARIA,BÁSICA PRIMARIA",URBANA,76,VALLE DEL CAUCA,76001,SANTIAGO DE CALI,MUNICIPIO,NO,NO,NO APLICA,3818,SECRETARÍA DE EDUCACIÓN DE CALI,144.0,144.0,No aporta información,2 - MEDIA,3.4402230004139236,-76.50018699972865,\N,2026-08-29T08:58:26Z
376001022300,2026-08-29,376001022300,COLEGIO LUIS HORACIO GOMEZ,COLEGIO LUIS HORACIO GOMEZ,S,NO OFICIAL,STEINER@TELESAT.COM.CO,CL 18 127 249,5551093 - 3148620847,"PREESCOLAR,MEDIA,BÁSICA SECUNDARIA,BÁSICA PRIMARIA",URBANA,76,VALLE DEL CAUCA,76001,SANTIAGO DE CALI,MUNICIPIO,NO,NO,NO APLICA,3818,SECRETARÍA DE EDUCACIÓN DE CALI,396.0,396.0,No aporta información,3 - BAJA,\N,\N,\N,2026-08-29T08:58:26Z
376001022326,2026-08-29,376001022326,LICEO TALLER DE LOS TRAVIESOS ABP,LICEO TALLER DE LOS TRAVIESOS ABP,S,NO OFICIAL,ELTALLERDELOSTRAVIESOS@MSN.COM,CL 33 B 10 35,3006716742,PREESCOLAR,URBANA,76,VALLE DEL CAUCA,76001,SANTIAGO DE CALI,MUNICIPIO,NO,NO,NO APLICA,3818,SECRETARÍA DE EDUCACIÓN DE CALI,55.0,55.0,No aporta información,2 - MEDIA,3.4510270098435534,-76.5112507998882,\N,2026-08-29T08:58:26Z
376001022334,2026-08-29,376001022334,COLEGIO COOPERATIVO LINO GIL JARAMILLO,COLEGIO COOPERATIVO LINO GIL JARAMILLO,S,NO OFICIAL,COLEGIO.LIINOGIL@GMAIL.COM,IND KR 37 CL 26B,3365436 - 3352344 - 301 7842600,"MEDIA,BÁSICA SECUNDARIA",URBANA,76,VALLE DEL CAUCA,76001,SANTIAGO DE CALI,MUNICIPIO,NO,NO,NO APLICA,3818,SECRETARÍA DE EDUCACIÓN DE CALI,16.0,0.0,No aporta información,2 - MEDIA,3.4824219855740184,-76.48720966763968,\N,2026-08-29T08:58:26Z
376001022351,2026-08-29,376001022351,LICEO ETNO EDUCATIVO COMUNITARIO RENACER,LICEO ETNO EDUCATIVO COMUNITARIO RENACER,S,NO OFICIAL,FUNDARENACER200@HOTMAIL.COM,IND KR 26 K 115 50 / 32 Y KR 26K1 112 - 127,3154346786 - 3176877058,"PREESCOLAR,MEDIA,BÁSICA SECUNDARIA,BÁSICA PRIMARIA",URBANA,76,VALLE DEL CAUCA,76001,SANTIAGO DE CALI,MUNICIPIO,NO,NO,NO APLICA,3818,SECRETARÍA DE EDUCACIÓN DE CALI,478.0,478.0,No aporta información,2 - MEDIA,3.4186415097447496,-76.47133619043089,\N,2026-08-29T08:58:26Z
376001022377,2026-08-29,376001022377,LICEO PEDAGÓGICO SURORIENTAL,LICEO PEDAGÓGICO SURORIENTAL,S,NO OFICIAL,FNARANJO@EMCALI.NET.COM,IND CL 72B  # 28D3-116,3103830697,"PREESCOLAR,MEDIA,BÁSICA SECUNDARIA,BÁSICA PRIMARIA",URBANA,76,VALLE DEL CAUCA,76001,SANTIAGO DE CALI,MUNICIPIO,NO,NO,NO APLICA,3818,SECRETARÍA DE EDUCACIÓN DE CALI,361.0,361.0,No aporta información,2 - MEDIA,3.42583599965444,-76.49831899980772,\N,2026-08-29T08:58:26Z
376001022580,2026-08-29,376001022580,LICEO NUESTRA SEÑORA DE LOURDES,LICEO NUESTRA SEÑORA DE LOURDES,S,NO OFICIAL,LICEO8953@HOTMAIL.COM,IND CL 38 #· 80 B-70,3323862  300 6526278,"PREESCOLAR,MEDIA,BÁSICA SECUNDARIA,BÁSICA PRIMARIA",URBANA,76,VALLE DEL CAUCA,76001,SANTIAGO DE CALI,MUNICIPIO,NO,NO,NO APLICA,3818,SECRETARÍA DE EDUCACIÓN DE CALI,78.0,78.0,No aporta información,3 - BAJA,\N,\N,\N,2026-08-29T08:58:26Z
376001023101,2026-08-29,376001023101,LICEO LAS AMERICAS,LICEO LAS AMERICAS,S,NO OFICIAL,LICEOAMERICA@LATINMAIL.COM,KR 26 B 78 82,3242793166,"PREESCOLAR,BÁSICA SECUNDARIA,BÁSICA PRIMARIA",URBANA,76,VALLE DEL CAUCA,76001,SANTIAGO DE CALI,MUNICIPIO,NO,NO,NO APLICA,3818,SECRETARÍA DE EDUCACIÓN DE CALI,181.0,181.0,No aporta información,2 - MEDIA,3.435890230329152,-76.47677939984267,\N,2026-08-29T08:58:26Z
376001023454,2026-08-29,376001023454,COLEGIO CRISTIANO AMOR Y PAZ,COLEGIO CRISTIANO AMOR Y PAZ,S,NO OFICIAL,COLEGIOCRISTIANOAMORYPAZ@HOTMAIL.COM,IND KR 41D2 54 48,3152007605 - 6023490426,"PREESCOLAR,MEDIA,BÁSICA SECUNDARIA,BÁSICA PRIMARIA",URBANA,76,VALLE DEL CAUCA,76001,SANTIAGO DE CALI,MUNICIPIO,NO,NO,NO APLICA,3818,SECRETARÍA DE EDUCACIÓN DE CALI,247.0,247.0,No aporta información,3 - BAJA,\N,\N,\N,2026-08-29T08:58:26Z
376001023667,2026-08-29,176001024273,INSTITUCION EDUCATIVA  JESUS VILLAFANE FRANCO,OMAIRA SANCHEZ,N,OFICIAL,IE.JESUSVFRANCO@CALI.EDU.CO,IND CARRERA 27G1 72M2 - 10,4266119,"PREESCOLAR,MEDIA,BÁSICA SECUNDARIA,BÁSICA PRIMARIA,PRIMERA INFANCIA",URBANA,76,VALLE DEL CAUCA,76001,SANTIAGO DE CALI,MUNICIPIO,NO,NO,NO APLICA,3818,SECRETARÍA DE EDUCACIÓN DE CALI,165.0,165.0,Reporta afectación sin definir el impacto,2 - MEDIA,3.4327303339727537,-76.4873705577037,\N,2026-08-29T08:58:22Z
376001023870,2026-08-29,376001023870,COLEGIO FE Y ALEGRIA FRAY LUIS AMIGÓ,COLEGIO FE Y ALEGRIA FRAY LUIS AMIGÓ,S,NO OFICIAL,FRAYLUISAMIGO@FEYALEGRIA.ORG.CO,IND CLL 116 Nª  26 K1-15,402 55 54 - 422 60 86,"PREESCOLAR,MEDIA,BÁSICA SECUNDARIA,BÁSICA PRIMARIA",URBANA,76,VALLE DEL CAUCA,76001,SANTIAGO DE CALI,MUNICIPIO,NO,NO,NO APLICA,3818,SECRETARÍA DE EDUCACIÓN DE CALI,300.0,300.0,No aporta información,2 - MEDIA,3.4183869999864758,-76.47127400006377,\N,2026-08-29T08:58:26Z
376001023918,2026-08-29,376001023918,COLEGIO COMERCIAL MARIA INMACULADA,COLEGIO COMERCIAL MARIA INMACULADA,S,NO OFICIAL,COINMACULADAASOCAT@YAHOO.COM,CL. 46C # 5N-29,4464009,"MEDIA,BÁSICA SECUNDARIA,BÁSICA PRIMARIA",URBANA,76,VALLE DEL CAUCA,76001,SANTIAGO DE CALI,MUNICIPIO,NO,NO,NO APLICA,3818,SECRETARÍA DE EDUCACIÓN DE CALI,5.0,5.0,No aporta información,2 - MEDIA,3.420407640108509,-76.46953545366348,\N,2026-08-29T08:58:26Z
376001024175,2026-08-29,376001024175,COLEGIO SANTA  JUANA DE ARCO,COLEGIO SANTA  JUANA DE ARCO,S,NO OFICIAL,COLSAJARCO@HOTMAIL.COM,IND KR 1 B 73 03   73 25,320 265 9157 - 4861253,"PREESCOLAR,MEDIA,BÁSICA SECUNDARIA,BÁSICA PRIMARIA",URBANA,76,VALLE DEL CAUCA,76001,SANTIAGO DE CALI,MUNICIPIO,NO,NO,NO APLICA,3818,SECRETARÍA DE EDUCACIÓN DE CALI,550.0,550.0,No aporta información,2 - MEDIA,3.4809218798016293,-76.48458494039814,\N,2026-08-29T08:58:26Z
376001024264,2026-08-29,376001024264,COLEGIO IDEAS,COLEGIO IDEAS,S,NO OFICIAL,COLEGIOIDEAS@YAHOO.COM,IND PROLONGACIÓN AVENIDA GUADALUPE,3155723756 - 6025531275,"PREESCOLAR,MEDIA,BÁSICA SECUNDARIA,BÁSICA PRIMARIA",URBANA,76,VALLE DEL CAUCA,76001,SANTIAGO DE CALI,MUNICIPIO,NO,NO,NO APLICA,3818,SECRETARÍA DE EDUCACIÓN DE CALI,286.0,286.0,No aporta información,3 - BAJA,\N,\N,\N,2026-08-29T08:58:26Z
376001024485,2026-08-29,376001024485,INSTITUTO SANTA ANITA,INSTITUTO SANTA ANITA,S,NO OFICIAL,INSTITUTOSANTAANITA@GMAIL.COM,IND CL 71 B NO. 28D3-02,3050632 - 312 8066981,"PREESCOLAR,BÁSICA PRIMARIA",URBANA,76,VALLE DEL CAUCA,76001,SANTIAGO DE CALI,MUNICIPIO,NO,NO,NO APLICA,3818,SECRETARÍA DE EDUCACIÓN DE CALI,19.0,19.0,No aporta información,2 - MEDIA,3.425741000401011,-76.49967799991562,\N,2026-08-29T08:58:26Z
376001024612,2026-08-29,376001024612,COLEGIO EL PINAR,COLEGIO EL PINAR,S,NO OFICIAL,ELPINAR@ANDINET.COM,IND KR 146 23 12 CALLEJON LA VIGA,3187305812,"PREESCOLAR,MEDIA,BÁSICA SECUNDARIA,BÁSICA PRIMARIA",URBANA,76,VALLE DEL CAUCA,76001,SANTIAGO DE CALI,MUNICIPIO,NO,NO,NO APLICA,3818,SECRETARÍA DE EDUCACIÓN DE CALI,180.0,180.0,No aporta información,3 - BAJA,\N,\N,\N,2026-08-29T08:58:26Z
376001024680,2026-08-29,376001024680,LICEO MIXTO LA MILAGROSA,LICEO MIXTO LA MILAGROSA,S,NO OFICIAL,LICEOMIXTOLAMILAGROSA@HOTMAIL.COM,IND KR 46C N° 49-06,3164394506,"PREESCOLAR,MEDIA,BÁSICA SECUNDARIA,BÁSICA PRIMARIA",URBANA,76,VALLE DEL CAUCA,76001,SANTIAGO DE CALI,MUNICIPIO,NO,NO,NO APLICA,3818,SECRETARÍA DE EDUCACIÓN DE CALI,516.0,516.0,No aporta información,2 - MEDIA,3.400219990245121,-76.51094498012783,\N,2026-08-29T08:58:26Z
376001024949,2026-08-29,376001024949,COLEGIO LOS TURPIALES,COLEGIO LOS TURPIALES,S,NO OFICIAL,EXIELI@HOTMAIL.COM,CALLE 18 OESTE NO. 49B-18,554 65 75,"PREESCOLAR,BÁSICA PRIMARIA",URBANA,76,VALLE DEL CAUCA,76001,SANTIAGO DE CALI,MUNICIPIO,NO,NO,NO APLICA,3818,SECRETARÍA DE EDUCACIÓN DE CALI,21.0,21.0,No aporta información,2 - MEDIA,3.4222925700805806,-76.56308778960923,\N,2026-08-29T08:58:26Z
376001025015,2026-08-29,376001025015,COLEGIO CIUDAD CÓRDOBA,COLEGIO CIUDAD CÓRDOBA,S,NO OFICIAL,COLEGIOCIUDADCORDOBA@HOTMAIL.COM,KR 42 B 51 35,3104280125 - 3731398 - 3450411,"PREESCOLAR,MEDIA,BÁSICA SECUNDARIA,BÁSICA PRIMARIA",URBANA,76,VALLE DEL CAUCA,76001,SANTIAGO DE CALI,MUNICIPIO,NO,NO,NO APLICA,3818,SECRETARÍA DE EDUCACIÓN DE CALI,1350.0,1350.0,No aporta información,2 - MEDIA,3.4028826002204005,-76.50543111013411,\N,2026-08-29T08:58:26Z
376001025112,2026-08-29,376001025112,LICEO BRILLANTE JUVENTUD,LICEO BRILLANTE JUVENTUD,S,NO OFICIAL,BRILLANTEJUVENTUD@YAHOO.COM,IND CALLE 43A 6N-59,317 6694228,"PREESCOLAR,MEDIA,BÁSICA SECUNDARIA,BÁSICA PRIMARIA",URBANA,76,VALLE DEL CAUCA,76001,SANTIAGO DE CALI,MUNICIPIO,NO,NO,NO APLICA,3818,SECRETARÍA DE EDUCACIÓN DE CALI,402.0,402.0,No aporta información,3 - BAJA,\N,\N,\N,2026-08-29T08:58:26Z
376001025244,2026-08-29,376001025244,CENTRO EDUCATIVO SEBASTIAN DE BELALCAZAR,CENTRO EDUCATIVO SEBASTIAN DE BELALCAZAR,S,NO OFICIAL,CES-1982@HOTMAIL.COM,CL 45 B 1 G 30,3155804077 - 3217838579,"PREESCOLAR,MEDIA,BÁSICA SECUNDARIA,BÁSICA PRIMARIA",URBANA,76,VALLE DEL CAUCA,76001,SANTIAGO DE CALI,MUNICIPIO,NO,NO,NO APLICA,3818,SECRETARÍA DE EDUCACIÓN DE CALI,222.0,222.0,No aporta información,2 - MEDIA,3.467500000078662,-76.50750000030203,\N,2026-08-29T08:58:26Z
376001025325,2026-08-29,376001025325,INSTITUTO MAX SEIDEL 1,INSTITUTO MAX SEIDEL 1,S,NO OFICIAL,MAXSEIDEL@HOTMAIL.COM,IND KR 26 I3 99 26,3183781525 - 6024230745,"PREESCOLAR,BÁSICA SECUNDARIA,BÁSICA PRIMARIA",URBANA,76,VALLE DEL CAUCA,76001,SANTIAGO DE CALI,MUNICIPIO,NO,NO,NO APLICA,3818,SECRETARÍA DE EDUCACIÓN DE CALI,246.0,246.0,No aporta información,2 - MEDIA,3.428152410353001,-76.46919033979594,\N,2026-08-29T08:58:26Z
376001025520,2026-08-29,376001025520,JARDIN INFANTIL RETOÑITOS,JARDIN INFANTIL RETOÑITOS,S,NO OFICIAL,MARININ1959@HOTMAIL.COM,IND CR 6 N #51N-41,4463486,PREESCOLAR,URBANA,76,VALLE DEL CAUCA,76001,SANTIAGO DE CALI,MUNICIPIO,NO,NO,NO APLICA,3818,SECRETARÍA DE EDUCACIÓN DE CALI,24.0,24.0,No aporta información,2 - MEDIA,3.478038460120683,-76.50756248980815,\N,2026-08-29T08:58:26Z
376001025619,2026-08-29,376001025619,JARDIN PARROQUIAL CORAZON DE MARIA,JARDIN PARROQUIAL CORAZON DE MARIA,S,NO OFICIAL,JARDINCM@CLARET.EDU.CO,CL 15 33 71,3137977510 - 6023251528,PREESCOLAR,URBANA,76,VALLE DEL CAUCA,76001,SANTIAGO DE CALI,MUNICIPIO,NO,NO,NO APLICA,3818,SECRETARÍA DE EDUCACIÓN DE CALI,58.0,58.0,No aporta información,3 - BAJA,\N,\N,\N,2026-08-29T08:58:26Z
376001025651,2026-08-29,376001025651,COLEGIO COMUNITARIO FUCOMABE,COLEGIO COMUNITARIO FUCOMABE,S,NO OFICIAL,FUCOMABE2007@HOTMAIL.COM,IND CRA 26I 2 NO. 117 - 14,3168599483 - 4050592,"PREESCOLAR,MEDIA,BÁSICA SECUNDARIA,BÁSICA PRIMARIA",URBANA,76,VALLE DEL CAUCA,76001,SANTIAGO DE CALI,MUNICIPIO,NO,NO,NO APLICA,3818,SECRETARÍA DE EDUCACIÓN DE CALI,445.0,445.0,No aporta información,2 - MEDIA,3.42006285400189,-76.46967339985683,\N,2026-08-29T08:58:26Z
376001025864,2026-08-29,376001025864,COLEGIO FRANCISCO ELADIO RAMIREZ,COLEGIO FRANCISCO ELADIO RAMIREZ,S,NO OFICIAL,COLEGIO-FER@HOTMAIL.COM,IND KR 26 C1 76 36,3225186874 - 3173900863,"PREESCOLAR,MEDIA,BÁSICA SECUNDARIA,BÁSICA PRIMARIA",URBANA,76,VALLE DEL CAUCA,76001,SANTIAGO DE CALI,MUNICIPIO,NO,NO,NO APLICA,3818,SECRETARÍA DE EDUCACIÓN DE CALI,993.0,993.0,No aporta información,2 - MEDIA,3.436109999950691,-76.47947700021669,\N,2026-08-29T08:58:26Z
376001026054,2026-08-29,376001026054,COLEGIO NUESTRA SEÑORA DE GUADALAJARA,NUESTRA SEÑORA DE GUADALAJARA,S,NO OFICIAL,GUADALAJARA1262@HOTMAIL.COM,CL 55 A 39 83,3046680708,"PREESCOLAR,BÁSICA PRIMARIA",URBANA,76,VALLE DEL CAUCA,76001,SANTIAGO DE CALI,MUNICIPIO,NO,NO,NO APLICA,3818,SECRETARÍA DE EDUCACIÓN DE CALI,102.0,102.0,No aporta información,2 - MEDIA,3.406793670197343,-76.4970193199496,\N,2026-08-29T08:58:26Z
376001026402,2026-08-29,376001026402,JARDIN INFANTIL PEQUEÑOS GENIOS INTERNACIONAL,JARDIN INFANTIL PEQUEÑOS GENIOS,S,NO OFICIAL,SECRETARIA@PEQUENOSGENIOS.EDU.CO,CL 5 C 40 60,3136729088,PREESCOLAR,URBANA,76,VALLE DEL CAUCA,76001,SANTIAGO DE CALI,MUNICIPIO,NO,NO,NO APLICA,3818,SECRETARÍA DE EDUCACIÓN DE CALI,20.0,20.0,No aporta información,2 - MEDIA,3.421795259929981,-76.54442469040534,\N,2026-08-29T08:58:26Z
376001026518,2026-08-29,376001026518,INSTITUTO LA CAMPIÑA,INSTITUTO LA CAMPIÑA,S,NO OFICIAL,LACAMPINA17@HOTMAIL.COM,KR 24 12 A 31,3113725622 - 6025585425,"MEDIA,BÁSICA SECUNDARIA,BÁSICA PRIMARIA",URBANA,76,VALLE DEL CAUCA,76001,SANTIAGO DE CALI,MUNICIPIO,NO,NO,NO APLICA,3818,SECRETARÍA DE EDUCACIÓN DE CALI,240.0,0.0,No aporta información,2 - MEDIA,3.4322479997206696,-76.52837499967043,\N,2026-08-29T08:58:26Z
376001026569,2026-08-29,376001026569,FUNDACION EDUCATIVA LIDERES,FUNDACION EDUCATIVA LIDERES,S,NO OFICIAL,LIDERES@TELESAT.COM.CO,IND CALLEJON DE LAS CHUCHAS CASA NO. 1,555 25 35 - 3145733272,"MEDIA,BÁSICA SECUNDARIA,BÁSICA PRIMARIA",URBANA,76,VALLE DEL CAUCA,76001,SANTIAGO DE CALI,MUNICIPIO,NO,NO,NO APLICA,3818,SECRETARÍA DE EDUCACIÓN DE CALI,39.0,39.0,No aporta información,3 - BAJA,\N,\N,\N,2026-08-29T08:58:26Z
376001026631,2026-08-29,376001026631,COLEGIO CULTURAL ENMANUEL,COLEGIO CULTURAL ENMANUEL,S,NO OFICIAL,FUNDECCE@GMAIL.COM,CL 77 26 B 21,3164756752,"PREESCOLAR,BÁSICA SECUNDARIA,BÁSICA PRIMARIA",URBANA,76,VALLE DEL CAUCA,76001,SANTIAGO DE CALI,MUNICIPIO,NO,NO,NO APLICA,3818,SECRETARÍA DE EDUCACIÓN DE CALI,205.0,205.0,No aporta información,2 - MEDIA,3.4367529697459025,-76.47827569037375,\N,2026-08-29T08:58:26Z
376001026739,2026-08-29,376001026739,CENTRO DOCENTE MIXTO NUEVO HORIZONTE,CENTRO DOCENTE MIXTO NUEVO HORIZONTE,S,NO OFICIAL,MIXTOHORIZONTE@GMAIL.COM,IND CALLE 79  NO. 26G3-70,3142800207,"PREESCOLAR,BÁSICA SECUNDARIA,BÁSICA PRIMARIA",URBANA,76,VALLE DEL CAUCA,76001,SANTIAGO DE CALI,MUNICIPIO,NO,NO,NO APLICA,3818,SECRETARÍA DE EDUCACIÓN DE CALI,158.0,158.0,No aporta información,2 - MEDIA,3.4320800004242566,-76.47891800017496,\N,2026-08-29T08:58:26Z
376001026755,2026-08-29,376001026755,LICEO CARLOS CASTRO SAAVEDRA,LICEO CARLOS CASTRO SAAVEDRA,S,NO OFICIAL,MATTYLICEO@GMAIL.COM,KR 30 18 24,3148610978,"PREESCOLAR,MEDIA,BÁSICA SECUNDARIA,BÁSICA PRIMARIA",URBANA,76,VALLE DEL CAUCA,76001,SANTIAGO DE CALI,MUNICIPIO,NO,NO,NO APLICA,3818,SECRETARÍA DE EDUCACIÓN DE CALI,70.0,70.0,No aporta información,2 - MEDIA,3.427352269569811,-76.52317773011882,\N,2026-08-29T08:58:26Z
376001026763,2026-08-29,376001026763,JARDIN INFANTIL PIOLIN,JARDIN INFANTIL PIOLIN,S,NO OFICIAL,JIPIOLINCALI@GMAIL.COM,CRA 32A Nº 10A-124,3350324,PREESCOLAR,URBANA,76,VALLE DEL CAUCA,76001,SANTIAGO DE CALI,MUNICIPIO,NO,NO,NO APLICA,3818,SECRETARÍA DE EDUCACIÓN DE CALI,5.0,5.0,No aporta información,2 - MEDIA,3.4247605371092464,-76.53254087212184,\N,2026-08-29T08:58:26Z
376001026798,2026-08-29,376001026798,LICEO LAS ACACIAS,LICEO LAS ACACIAS,S,NO OFICIAL,LICEOLASACACIAS2014@HOTMAIL.COM,KR 25 19 B 27,3207333345,"PREESCOLAR,BÁSICA PRIMARIA",URBANA,76,VALLE DEL CAUCA,76001,SANTIAGO DE CALI,MUNICIPIO,NO,NO,NO APLICA,3818,SECRETARÍA DE EDUCACIÓN DE CALI,66.0,66.0,No aporta información,2 - MEDIA,3.4325400803691517,-76.52076637970673,\N,2026-08-29T08:58:26Z
376001026810,2026-08-29,376001026810,COLEGIO NUESTRO FUTURO,COLEGIO NUESTRO FUTURO,S,NO OFICIAL,MYDELCAS957@HOTMAIL.COM,KR 28 C 33 E 16,3115931795,"PREESCOLAR,BÁSICA PRIMARIA",URBANA,76,VALLE DEL CAUCA,76001,SANTIAGO DE CALI,MUNICIPIO,NO,NO,NO APLICA,3818,SECRETARÍA DE EDUCACIÓN DE CALI,45.0,45.0,No aporta información,2 - MEDIA,3.4301699998986046,-76.50684699965065,\N,2026-08-29T08:58:26Z
376001026861,2026-08-29,376001026861,JARDIN INFANTIL JOSÈ MIEL,JARDIN INFANTIL JOSÈ MIEL,S,NO OFICIAL,PJMIEL@HOTMAIL.COM,KR 71 10 A 16,3164494668,PREESCOLAR,URBANA,76,VALLE DEL CAUCA,76001,SANTIAGO DE CALI,MUNICIPIO,NO,NO,NO APLICA,3818,SECRETARÍA DE EDUCACIÓN DE CALI,26.0,26.0,No aporta información,2 - MEDIA,3.393111330332375,-76.54168396011791,\N,2026-08-29T08:58:26Z
376001026887,2026-08-29,376001026887,INSTITUTO CALIMA,INSTITUTO CALIMA,S,NO OFICIAL,INSTITUTOCALIMA@YAHOO.COM,KR 5 NORTE 61 08,3104992078,"MEDIA,BÁSICA SECUNDARIA",URBANA,76,VALLE DEL CAUCA,76001,SANTIAGO DE CALI,MUNICIPIO,NO,NO,NO APLICA,3818,SECRETARÍA DE EDUCACIÓN DE CALI,71.0,0.0,No aporta información,3 - BAJA,\N,\N,\N,2026-08-29T08:58:26Z
376001026925,2026-08-29,376001026925,COLEGIO COMFANDI MIRAFLORES,COMFANDI MIRAFLORES,S,NO OFICIAL,COLEGIOMIRAFLORES@COMFANDI.COM,CL 3 A 23 B 18,3184153724 - 6024866565,"PREESCOLAR,MEDIA,BÁSICA SECUNDARIA,BÁSICA PRIMARIA",URBANA,76,VALLE DEL CAUCA,76001,SANTIAGO DE CALI,MUNICIPIO,NO,NO,NO APLICA,3818,SECRETARÍA DE EDUCACIÓN DE CALI,1591.0,1591.0,No aporta información,2 - MEDIA,3.4395549998655626,-76.54032299988604,\N,2026-08-29T08:58:26Z
376001026968,2026-08-29,376001026968,COLEGIO FREINET,COLEGIO FREINET,S,NO OFICIAL,CFREINET@EPM.NET.CO,KM 3 LA BUITRERA,3174156421 - 6023981966,"PREESCOLAR,MEDIA,BÁSICA SECUNDARIA,BÁSICA PRIMARIA",RURAL,76,VALLE DEL CAUCA,76001,SANTIAGO DE CALI,MUNICIPIO,NO,NO,NO APLICA,3818,SECRETARÍA DE EDUCACIÓN DE CALI,915.0,915.0,No aporta información,2 - MEDIA,3.36662722558653,-76.56493871974313,\N,2026-08-29T08:58:26Z
376001027115,2026-08-29,376001027115,COLEGIO VALORES ILAMA,COLEGIO VALORES ILAMA,S,NO OFICIAL,COLEGIOILAMA@HOTMAIL.COM,KR 128 CL 22  IND KR 128 CL 22 AUTOPISTA VIA CALI JAMUNDI,5558155 - 3165513690,"PREESCOLAR,MEDIA,BÁSICA SECUNDARIA,BÁSICA PRIMARIA",URBANA,76,VALLE DEL CAUCA,76001,SANTIAGO DE CALI,MUNICIPIO,NO,NO,NO APLICA,3818,SECRETARÍA DE EDUCACIÓN DE CALI,72.0,72.0,No aporta información,2 - MEDIA,3.4073496197335147,-76.56544315431788,\N,2026-08-29T08:58:26Z
376001027247,2026-08-29,376001027247,LICEO INFANTIL LUCERITOS,LICEO INFANTIL LUCERITOS,S,NO OFICIAL,LUCERITOSSEDEDOS@GMAIL.COM,KR 51 OESTE 10 78,3243943554 - 3132844109,"PREESCOLAR,BÁSICA PRIMARIA",URBANA,76,VALLE DEL CAUCA,76001,SANTIAGO DE CALI,MUNICIPIO,NO,NO,NO APLICA,3818,SECRETARÍA DE EDUCACIÓN DE CALI,105.0,105.0,No aporta información,2 - MEDIA,3.4185049899957005,-76.56154706031934,\N,2026-08-29T08:58:26Z
376001027280,2026-08-29,376001027280,INSTITUTO EDUCATIVO ALFA,INSTITUTO EDUCATIVO ALFA,S,NO OFICIAL,INSTITUTOALFA@LATINMAIL.COM,IND CL 54A 32A 11 Y CL 54B 32A 32,4363002 - 3218039950 - 3187953381,"PREESCOLAR,MEDIA,BÁSICA SECUNDARIA,BÁSICA PRIMARIA",URBANA,76,VALLE DEL CAUCA,76001,SANTIAGO DE CALI,MUNICIPIO,NO,NO,NO APLICA,3818,SECRETARÍA DE EDUCACIÓN DE CALI,336.0,336.0,No aporta información,2 - MEDIA,3.4110791603342383,-76.49381438973067,\N,2026-08-29T08:58:26Z
376001027379,2026-08-29,376001027379,LICEO INFANTIL CARITAS FELICES,LICEO INFANTIL CARITAS FELICES,S,NO OFICIAL,AMPAROLOPEZ56@HOTMAIL.COM,CL 65 A 7 J 01,3153318777 - 602 3713380,"PREESCOLAR,BÁSICA PRIMARIA",URBANA,76,VALLE DEL CAUCA,76001,SANTIAGO DE CALI,MUNICIPIO,NO,NO,NO APLICA,3818,SECRETARÍA DE EDUCACIÓN DE CALI,140.0,140.0,No aporta información,2 - MEDIA,3.4579929796255615,-76.48656255993654,\N,2026-08-29T08:58:26Z
376001027395,2026-08-29,376001027395,JARDIN INFANTIL MIRRINGA MIRRONGA,JARDIN INFANTIL MIRRINGA MIRRONGA,S,NO OFICIAL,MYRQUIN@HOTMAIL.COM,KR 55 11 A 86,3317041,PREESCOLAR,URBANA,76,VALLE DEL CAUCA,76001,SANTIAGO DE CALI,MUNICIPIO,NO,NO,NO APLICA,3818,SECRETARÍA DE EDUCACIÓN DE CALI,18.0,18.0,No aporta información,2 - MEDIA,3.4064334626547397,-76.53720739544401,\N,2026-08-29T08:58:26Z
376001027476,2026-08-29,376001027476,JARDIN INFANTIL COLORIN COLORADO,JARDIN INFANTIL COLORIN COLORADO,S,NO OFICIAL,JARDINCOLORIN@HOTMAIL.COM,CL 69 AV 5 21,3053432770- 3155683720 - 6026651411,PREESCOLAR,URBANA,76,VALLE DEL CAUCA,76001,SANTIAGO DE CALI,MUNICIPIO,NO,NO,NO APLICA,3818,SECRETARÍA DE EDUCACIÓN DE CALI,31.0,31.0,No aporta información,2 - MEDIA,3.487027049801697,-76.50106747986112,\N,2026-08-29T08:58:26Z
376001027549,2026-08-29,376001027549,LICEO INFANTIL DANNY,LICEO INFANTIL DANNY - SEDE PRINCIPAL,S,NO OFICIAL,MAFRATE66@HOTMAIL.COM,AV 6 OES 19 40,3188937867 - 3937982,"PREESCOLAR,BÁSICA PRIMARIA",URBANA,76,VALLE DEL CAUCA,76001,SANTIAGO DE CALI,MUNICIPIO,NO,NO,NO APLICA,3818,SECRETARÍA DE EDUCACIÓN DE CALI,139.0,139.0,No aporta información,2 - MEDIA,3.453624999695427,-76.56009767981239,\N,2026-08-29T08:58:26Z
376001027565,2026-08-29,376001027565,JARDIN INFANTIL MICKEY MOUSE,JARDIN INFANTIL MICKEY MOUSE,S,NO OFICIAL,JIMICKEYMOUSE@YAHOO.COM,AV 2 G NORTE 44 46,(602) 3594713 - 3332911418,PREESCOLAR,URBANA,76,VALLE DEL CAUCA,76001,SANTIAGO DE CALI,MUNICIPIO,NO,NO,NO APLICA,3818,SECRETARÍA DE EDUCACIÓN DE CALI,14.0,14.0,No aporta información,2 - MEDIA,3.477766050077435,-76.51580055030828,\N,2026-08-29T08:58:26Z
376001027786,2026-08-29,376001027786,LICEO MUNDO DINAMICO,LICEO MUNDO DINAMICO,S,NO OFICIAL,OLGADINAMICA@HOTMAIL.COM,KR 43 B 26 E 05,3136008241,"PREESCOLAR,BÁSICA PRIMARIA",URBANA,76,VALLE DEL CAUCA,76001,SANTIAGO DE CALI,MUNICIPIO,NO,NO,NO APLICA,3818,SECRETARÍA DE EDUCACIÓN DE CALI,71.0,71.0,No aporta información,2 - MEDIA,3.4116785446668447,-76.51856382561442,\N,2026-08-29T08:58:26Z
376001027875,2026-08-29,376001027875,COLEGIO COOPERATIVO NUESTRA SEÑORA DE LOS REMEDIOS,COLEGIO COOPERATIVO NUESTRA SEÑORA DE LOS REMEDIOS,S,NO OFICIAL,COOPINSR@ERT.COM.CO,DG 28 B 42 A 90,6844921,"PREESCOLAR,MEDIA,BÁSICA SECUNDARIA,BÁSICA PRIMARIA",URBANA,76,VALLE DEL CAUCA,76001,SANTIAGO DE CALI,MUNICIPIO,NO,NO,NO APLICA,3818,SECRETARÍA DE EDUCACIÓN DE CALI,123.0,123.0,No aporta información,3 - BAJA,\N,\N,\N,2026-08-29T08:58:26Z
376001028065,2026-08-29,376001028065,COLEGIO LAS PALMAS,COLEGIO LAS PALMAS,S,NO OFICIAL,COLEGIOLASPALMAS@HOTMAIL.COM,CL 73 26 M 16,4366164 / 314 8177546,"PREESCOLAR,MEDIA,BÁSICA SECUNDARIA,BÁSICA PRIMARIA",URBANA,76,VALLE DEL CAUCA,76001,SANTIAGO DE CALI,MUNICIPIO,NO,NO,NO APLICA,3818,SECRETARÍA DE EDUCACIÓN DE CALI,303.0,303.0,No aporta información,2 - MEDIA,3.426900340006432,-76.48474978035445,\N,2026-08-29T08:58:26Z
376001028081,2026-08-29,376001028081,INSTITUTO DE EDUCACION TECNICA ICET,INSTITUTO DE EDUCACION TECNICA ICET,S,NO OFICIAL,ICETMARROQUIN@GMAIL.COM,IND D26P6 T80 03,3165281708,"PREESCOLAR,MEDIA,BÁSICA SECUNDARIA,BÁSICA PRIMARIA",URBANA,76,VALLE DEL CAUCA,76001,SANTIAGO DE CALI,MUNICIPIO,NO,NO,NO APLICA,3818,SECRETARÍA DE EDUCACIÓN DE CALI,25.0,25.0,No aporta información,3 - BAJA,\N,\N,\N,2026-08-29T08:58:26Z
376001028103,2026-08-29,376001028103,COLEGIO CARLOS CASTRO SAAVEDRA,COLEGIO CARLOS CASTRO SAAVEDRA,S,NO OFICIAL,MAJUALMA@GMAIL.COM,CL 18 A 5 150,3158137936 - 3155315,PREESCOLAR,URBANA,76,VALLE DEL CAUCA,76001,SANTIAGO DE CALI,MUNICIPIO,NO,NO,NO APLICA,3818,SECRETARÍA DE EDUCACIÓN DE CALI,31.0,31.0,No aporta información,3 - BAJA,\N,\N,\N,2026-08-29T08:58:26Z
376001028219,2026-08-29,376001028219,COLEGIO COMFANDI EL PRADO,COLEGIO COMFANDI EL PRADO,S,NO OFICIAL,COLEGIOELPRADO@COMFANDI.COM.CO,IND KR 23 26B 20 Y CL 29 25A 29,3348668 318 4153721,"PREESCOLAR,MEDIA,BÁSICA SECUNDARIA,BÁSICA PRIMARIA",URBANA,76,VALLE DEL CAUCA,76001,SANTIAGO DE CALI,MUNICIPIO,NO,NO,NO APLICA,3818,SECRETARÍA DE EDUCACIÓN DE CALI,1766.0,1766.0,No aporta información,2 - MEDIA,3.4348093459815123,-76.5161113215825,\N,2026-08-29T08:58:26Z
376001028375,2026-08-29,376001028375,CENTRO INFANTIL MI BEBE FELIZ-LICEO GALEON EU,CENTRO INFANTIL MI BEBE FELIZ-LICEO GALEON EU - SEDE PRINCIPAL,S,NO OFICIAL,INESGA@TELESAT.COM.CO,CL 7 OESTE 1 34,8930795 - 3183284490,"PREESCOLAR,MEDIA,BÁSICA SECUNDARIA,BÁSICA PRIMARIA",URBANA,76,VALLE DEL CAUCA,76001,SANTIAGO DE CALI,MUNICIPIO,NO,NO,NO APLICA,3818,SECRETARÍA DE EDUCACIÓN DE CALI,319.0,319.0,No aporta información,2 - MEDIA,3.453255000074053,-76.54915700005071,\N,2026-08-29T08:58:26Z
376001028413,2026-08-29,376001028413,COLEGIO LA DIVINA ENSEÑANZA,COLEGIO LA DIVINA ENSEÑANZA,S,NO OFICIAL,MARIEL2164@HOTMAIL.COM,IND CRA 26 M2 NO. 44 - 56 /CRA 26 M2 NO. 49 - 22,3242134542,"PREESCOLAR,MEDIA,BÁSICA SECUNDARIA,BÁSICA PRIMARIA",URBANA,76,VALLE DEL CAUCA,76001,SANTIAGO DE CALI,MUNICIPIO,NO,NO,NO APLICA,3818,SECRETARÍA DE EDUCACIÓN DE CALI,141.0,141.0,No aporta información,2 - MEDIA,3.4342391503252236,-76.49998272013809,\N,2026-08-29T08:58:26Z
376001028430,2026-08-29,376001028430,LICEO EDUCATIVO CHICATOS,LICEO EDUCATIVO CHICATOS,S,NO OFICIAL,CHICATOS1993@GMAIL.COM,IND IND CRA 26 M 1 # 50 - 37,3506279037 - 6023744797,PREESCOLAR,URBANA,76,VALLE DEL CAUCA,76001,SANTIAGO DE CALI,MUNICIPIO,NO,NO,NO APLICA,3818,SECRETARÍA DE EDUCACIÓN DE CALI,44.0,44.0,No aporta información,3 - BAJA,\N,\N,\N,2026-08-29T08:58:26Z
376001028448,2026-08-29,376001028448,LICEO MIXTO EMPERADOR DE CALI SEDE 1,LICEO MIXTO EMPERADOR DE CALI SEDE 1,S,NO OFICIAL,CDESARROLLOCOMUNITARIO2022@GMAIL.COM,DG 26 P 100 06,3174520435,"PREESCOLAR,MEDIA,BÁSICA SECUNDARIA,BÁSICA PRIMARIA",URBANA,76,VALLE DEL CAUCA,76001,SANTIAGO DE CALI,MUNICIPIO,NO,NO,NO APLICA,3818,SECRETARÍA DE EDUCACIÓN DE CALI,304.0,304.0,No aporta información,3 - BAJA,\N,\N,\N,2026-08-29T08:58:26Z
376001028481,2026-08-29,376001028481,JARDIN INFANTIL PEPE GRILLO,JARDIN INFANTIL Y ESCUELA MATERNAL PEPE GRILLO,S,NO OFICIAL,JARDININFANTILPEPEGRILLO@GMAIL.COM,KR 28 A 10 40,3187988858,PREESCOLAR,URBANA,76,VALLE DEL CAUCA,76001,SANTIAGO DE CALI,MUNICIPIO,NO,NO,NO APLICA,3818,SECRETARÍA DE EDUCACIÓN DE CALI,23.0,23.0,No aporta información,2 - MEDIA,3.4308060000158864,-76.53214700039563,\N,2026-08-29T08:58:26Z
376001028499,2026-08-29,376001028499,LICEO CARLOS A GARCIA S,LICEO CARLOS A GARCIA S - SEDE PRINCIPAL,S,NO OFICIAL,LICEOCARLOSAGARCIAS@HOTMAIL.COM,IND CRA 1A5-1# 71-43,4403496 / 316 8119278,"PREESCOLAR,BÁSICA PRIMARIA",URBANA,76,VALLE DEL CAUCA,76001,SANTIAGO DE CALI,MUNICIPIO,NO,NO,NO APLICA,3818,SECRETARÍA DE EDUCACIÓN DE CALI,128.0,128.0,No aporta información,2 - MEDIA,3.4857049998521688,-76.48852200026856,\N,2026-08-29T08:58:26Z
376001028626,2026-08-29,376001028626,INSTITUTO TÉCNICO EN SISTEMAS CARO Y CUERVO,INSTITUTO TÉCNICO EN SISTEMAS CARO Y CUERVO,S,NO OFICIAL,TECSISTCAROY@ETB.NET.CO,IND CALLE 72Z NRO. 28F - 11,4364515,"PREESCOLAR,MEDIA,BÁSICA SECUNDARIA,BÁSICA PRIMARIA",URBANA,76,VALLE DEL CAUCA,76001,SANTIAGO DE CALI,MUNICIPIO,NO,NO,NO APLICA,3818,SECRETARÍA DE EDUCACIÓN DE CALI,102.0,102.0,No aporta información,2 - MEDIA,3.4163264596890337,-76.49275666031453,\N,2026-08-29T08:58:26Z
376001028685,2026-08-29,376001028685,VERNOT SCHOOL,VERNOT SCHOOL,S,NO OFICIAL,SECRETARIAACADEMICA@VERNOTSCHOOL.EDU.CO,KM 3 CASA 99 VIA LA BUITRERA,3168306264 - 3150527561 - 6023259010,"PREESCOLAR,MEDIA,BÁSICA SECUNDARIA,BÁSICA PRIMARIA",RURAL,76,VALLE DEL CAUCA,76001,SANTIAGO DE CALI,MUNICIPIO,NO,NO,NO APLICA,3818,SECRETARÍA DE EDUCACIÓN DE CALI,228.0,228.0,No aporta información,2 - MEDIA,3.45333333260816,-76.4844444438877,\N,2026-08-29T08:58:26Z
376001028693,2026-08-29,376001028693,LICEO IGUAZU,LICEO IGUAZU,S,NO OFICIAL,LICEOIGUAZU@HOTMAIL.COM,IND CL 52 1B2-07 - 1B2-03,3154901096 - 3155773281,"PREESCOLAR,BÁSICA PRIMARIA",URBANA,76,VALLE DEL CAUCA,76001,SANTIAGO DE CALI,MUNICIPIO,NO,NO,NO APLICA,3818,SECRETARÍA DE EDUCACIÓN DE CALI,229.0,229.0,No aporta información,2 - MEDIA,3.4743260004482868,-76.50150499982867,\N,2026-08-29T08:58:26Z
376001028766,2026-08-29,376001028766,JARDIN INFANTIL CASITA DE LOS SUEÑOS,JARDIN INFANTIL CASITA DE LOS SUEÑOS - SEDE PRINCIPAL,S,NO OFICIAL,ORANCYLOZANO@GMAIL.COM,KR 1 G 51 25,3128314008 - 6023490478,PREESCOLAR,URBANA,76,VALLE DEL CAUCA,76001,SANTIAGO DE CALI,MUNICIPIO,NO,NO,NO APLICA,3818,SECRETARÍA DE EDUCACIÓN DE CALI,46.0,46.0,No aporta información,2 - MEDIA,3.4689173798548345,-76.50266435026299,\N,2026-08-29T08:58:26Z
376001028791,2026-08-29,376001028791,JARDIN INFANTIL TRAVESURAS DE WINNY,JARDIN INFANTIL TRAVESURAS DE WINNY - SEDE PRINCIPAL,S,NO OFICIAL,TRAVESURASWINNY@GMAIL.COM,KR 1 H 59 124,3184905890 - 3821041,PREESCOLAR,URBANA,76,VALLE DEL CAUCA,76001,SANTIAGO DE CALI,MUNICIPIO,NO,NO,NO APLICA,3818,SECRETARÍA DE EDUCACIÓN DE CALI,26.0,26.0,No aporta información,2 - MEDIA,3.4717781498131406,-76.49535865029793,\N,2026-08-29T08:58:26Z
376001028804,2026-08-29,376001028804,COLEGIO SAN AGUSTIN,COLEGIO SAN AGUSTIN,S,NO OFICIAL,COLEGIOSANAGUSTINCALI@GMAIL.COM,IND KR 1 KN 80 77 DIAGONAL 7 5N-395,3113516647 - 4887052,"PREESCOLAR,BÁSICA SECUNDARIA,BÁSICA PRIMARIA",URBANA,76,VALLE DEL CAUCA,76001,SANTIAGO DE CALI,MUNICIPIO,NO,NO,NO APLICA,3818,SECRETARÍA DE EDUCACIÓN DE CALI,238.0,238.0,No aporta información,2 - MEDIA,3.4951485355989313,-76.48766414600315,\N,2026-08-29T08:58:26Z
376001028901,2026-08-29,376001028901,EL CARRUSEL DEL SABER,EL CARRUSEL DEL SABER,S,NO OFICIAL,CARRUSELDELSABER@YAHOO.COM,IND CL 72C 3BN-51,3016332137 - 3155406908,"PREESCOLAR,BÁSICA PRIMARIA",URBANA,76,VALLE DEL CAUCA,76001,SANTIAGO DE CALI,MUNICIPIO,NO,NO,NO APLICA,3818,SECRETARÍA DE EDUCACIÓN DE CALI,51.0,51.0,No aporta información,2 - MEDIA,3.49192665007686,-76.49562860032901,\N,2026-08-29T08:58:26Z
376001028936,2026-08-29,376001028936,LICEO SAN MIGUEL,LICEO SAN MIGUEL,S,NO OFICIAL,SANMIGUEL.DIRECCION.GENERAL@GMAIL.COM,KR 26 I 96 A 17,3994464,"PREESCOLAR,MEDIA,BÁSICA SECUNDARIA,BÁSICA PRIMARIA",URBANA,76,VALLE DEL CAUCA,76001,SANTIAGO DE CALI,MUNICIPIO,NO,NO,NO APLICA,3818,SECRETARÍA DE EDUCACIÓN DE CALI,3.0,3.0,No aporta información,2 - MEDIA,3.4256142898795714,-76.47484642028566,\N,2026-08-29T08:58:26Z
376001029282,2026-08-29,376001029282,COLEGIO SEBASTIAN I,COLEGIO SEBASTIAN I,S,NO OFICIAL,SOFIA5279@HOTMAIL.COM,KR 7 E 70 55,3214931738,"PREESCOLAR,BÁSICA PRIMARIA",URBANA,76,VALLE DEL CAUCA,76001,SANTIAGO DE CALI,MUNICIPIO,NO,NO,NO APLICA,3818,SECRETARÍA DE EDUCACIÓN DE CALI,13.0,13.0,No aporta información,2 - MEDIA,3.462194042987257,-76.4796750931099,\N,2026-08-29T08:58:26Z
376001029291,2026-08-29,376001029291,LICEO INFANTIL LAS TRAVESURAS DE GUILLE,LICEO INFANTIL LAS TRAVESURAS DE GUILLE,S,NO OFICIAL,PILYDELGADO98@HOTMAIL.COM,KR 7 T BIS 72 117,3054589871 - 3104275090,"PREESCOLAR,BÁSICA PRIMARIA",URBANA,76,VALLE DEL CAUCA,76001,SANTIAGO DE CALI,MUNICIPIO,NO,NO,NO APLICA,3818,SECRETARÍA DE EDUCACIÓN DE CALI,32.0,32.0,No aporta información,2 - MEDIA,3.452988669588994,-76.48335012968332,\N,2026-08-29T08:58:26Z
376001029321,2026-08-29,376001029321,LICEO ANGLO DEL VALLE,LICEO ANGLO DEL VALLE,S,NO OFICIAL,ANGLODELVALLE@TELESAT.COM,CL 46 81 A 12,3321582 - 3117032425,"PREESCOLAR,MEDIA,BÁSICA SECUNDARIA,BÁSICA PRIMARIA",URBANA,76,VALLE DEL CAUCA,76001,SANTIAGO DE CALI,MUNICIPIO,NO,NO,NO APLICA,3818,SECRETARÍA DE EDUCACIÓN DE CALI,569.0,569.0,No aporta información,2 - MEDIA,3.3810039997886903,-76.51969600021476,\N,2026-08-29T08:58:26Z
376001029339,2026-08-29,376001029339,LICEO INFANTIL Y ACADEMIA EL PALACIO DE LOS SABIOS,LICEO INFANTIL Y ACADEMIA  EL PALACIO DE LOS SABIOS - SEDE PRINCIPAL,S,NO OFICIAL,VIVIANAPAREDES@HOTMAIL.COM,KR 59 1 82,3164226690 - 6023770477,PREESCOLAR,URBANA,76,VALLE DEL CAUCA,76001,SANTIAGO DE CALI,MUNICIPIO,NO,NO,NO APLICA,3818,SECRETARÍA DE EDUCACIÓN DE CALI,40.0,40.0,No aporta información,2 - MEDIA,3.4073290003868215,-76.554047999786,\N,2026-08-29T08:58:26Z
376001029363,2026-08-29,376001029363,COLEGIO LOS MARINERITOS,COLEGIO LOS MARINERITOS,S,NO OFICIAL,COLEGIOLOSMARINERITOS@HOTMAIL.COM,AV 8 49 50,3162319085,"PREESCOLAR,BÁSICA PRIMARIA",URBANA,76,VALLE DEL CAUCA,76001,SANTIAGO DE CALI,MUNICIPIO,NO,NO,NO APLICA,3818,SECRETARÍA DE EDUCACIÓN DE CALI,71.0,71.0,No aporta información,2 - MEDIA,3.391173577998856,-76.56290131372928,\N,2026-08-29T08:58:26Z
376001029428,2026-08-29,376001029428,CENTRO DOCENTE NICOLAS  BORRERO,CENTRO DOCENTE NICOLAS  BORRERO,S,NO OFICIAL,NICOLASBORRERO1@HOTMAIL.COM,DG 26 P 77 17,3153657343 - (602)3084983,"PREESCOLAR,BÁSICA SECUNDARIA,BÁSICA PRIMARIA",URBANA,76,VALLE DEL CAUCA,76001,SANTIAGO DE CALI,MUNICIPIO,NO,NO,NO APLICA,3818,SECRETARÍA DE EDUCACIÓN DE CALI,95.0,95.0,No aporta información,3 - BAJA,\N,\N,\N,2026-08-29T08:58:26Z
376001029436,2026-08-29,376001029436,COLEGIO FE Y ESPERANZA MISION PANAMERICANA,COLEGIO FE Y ESPERANZA MISION PANAMERICANA,S,NO OFICIAL,COLFEYESPERANZA@HOTMAIL.COM,KR 23 A 13 60,3125248353,"PREESCOLAR,MEDIA,BÁSICA SECUNDARIA,BÁSICA PRIMARIA",URBANA,76,VALLE DEL CAUCA,76001,SANTIAGO DE CALI,MUNICIPIO,NO,NO,NO APLICA,3818,SECRETARÍA DE EDUCACIÓN DE CALI,201.0,201.0,No aporta información,2 - MEDIA,3.4352469999092645,-76.52745499995368,\N,2026-08-29T08:58:26Z
376001029452,2026-08-29,376001029452,COLEGIO TECNICO JUVENIL DEL SUR,COLEGIO TECNICO JUVENIL DEL SUR,S,NO OFICIAL,COLTECNICO@HOTMAIL.COM,CL 4 C 85 80,3147911003,"PREESCOLAR,MEDIA,BÁSICA SECUNDARIA,BÁSICA PRIMARIA",URBANA,76,VALLE DEL CAUCA,76001,SANTIAGO DE CALI,MUNICIPIO,NO,NO,NO APLICA,3818,SECRETARÍA DE EDUCACIÓN DE CALI,655.0,581.0,No aporta información,2 - MEDIA,3.3801444001224836,-76.54528981024477,\N,2026-08-29T08:58:26Z
376001029479,2026-08-29,376001029479,JARDIN ARMONIA INFANTIL,JARDIN ARMONIA INFANTIL,S,NO OFICIAL,JARDINARMONIAINFANTIL@GMAIL.COM,CL 10 A 78 24,3016491570 - 3143460913 - 6023922122,PREESCOLAR,URBANA,76,VALLE DEL CAUCA,76001,SANTIAGO DE CALI,MUNICIPIO,NO,NO,NO APLICA,3818,SECRETARÍA DE EDUCACIÓN DE CALI,31.0,31.0,No aporta información,2 - MEDIA,3.3882550002648775,-76.54272300008454,\N,2026-08-29T08:58:26Z
376001029533,2026-08-29,376001029533,INSTITUTO ELIZABETH LORZA,INSTITUTO ELIZABETH LORZA,S,NO OFICIAL,LORZA78@HOTMAIL.COM,CL 5 OESTE DG 51 64,3176429919,"PREESCOLAR,BÁSICA SECUNDARIA,BÁSICA PRIMARIA",URBANA,76,VALLE DEL CAUCA,76001,SANTIAGO DE CALI,MUNICIPIO,NO,NO,NO APLICA,3818,SECRETARÍA DE EDUCACIÓN DE CALI,193.0,193.0,No aporta información,2 - MEDIA,3.415472923723229,-76.55731623607963,\N,2026-08-29T08:58:26Z
376001029606,2026-08-29,376001029606,COLEGIO INVESTIGADORES,COLEGIO INVESTIGADORES,S,NO OFICIAL,CLAVIMANO@HOTMAIL.COM,KR 41 B 31 B 40,3187243676 - 6024073317,"PREESCOLAR,BÁSICA PRIMARIA",URBANA,76,VALLE DEL CAUCA,76001,SANTIAGO DE CALI,MUNICIPIO,NO,NO,NO APLICA,3818,SECRETARÍA DE EDUCACIÓN DE CALI,150.0,150.0,No aporta información,2 - MEDIA,3.4162880003123126,-76.51310200041502,\N,2026-08-29T08:58:26Z
376001029746,2026-08-29,376001029746,COLEGIO TECNICO SAN SEBASTIAN,COLEGIO TECNICO SAN SEBASTIAN,S,NO OFICIAL,AARISTIZAR@HOTMAIL.COM,KR 13 42 30,3187126126,"PREESCOLAR,MEDIA,BÁSICA SECUNDARIA,BÁSICA PRIMARIA",URBANA,76,VALLE DEL CAUCA,76001,SANTIAGO DE CALI,MUNICIPIO,NO,NO,NO APLICA,3818,SECRETARÍA DE EDUCACIÓN DE CALI,192.0,192.0,No aporta información,3 - BAJA,\N,\N,\N,2026-08-29T08:58:26Z
376001029754,2026-08-29,376001029754,LICEO LUIGI ORIONE,LICEO LUIGI ORIONE,S,NO OFICIAL,LICEODIASFELICES@HOTMAIL.COM,CL 44 B 4 11,3012211569,"PREESCOLAR,BÁSICA PRIMARIA",URBANA,76,VALLE DEL CAUCA,76001,SANTIAGO DE CALI,MUNICIPIO,NO,NO,NO APLICA,3818,SECRETARÍA DE EDUCACIÓN DE CALI,12.0,12.0,No aporta información,2 - MEDIA,3.4627455396513436,-76.50644123961996,\N,2026-08-29T08:58:26Z
376001029771,2026-08-29,376001029771,LICEO EL ENCUENTRO DE LA ALIANZA CRISTIANA COLOMBIANA,LICEO EL ENCUENTRO DE LA ALIANZA CRISTIANA COLOMBIANA,S,NO OFICIAL,LICEOELENCUENTRO@HOTMAIL.COM,IND KR 26M2 122 38,318 2380685,"PREESCOLAR,MEDIA,BÁSICA SECUNDARIA,BÁSICA PRIMARIA",URBANA,76,VALLE DEL CAUCA,76001,SANTIAGO DE CALI,MUNICIPIO,NO,NO,NO APLICA,3818,SECRETARÍA DE EDUCACIÓN DE CALI,358.0,358.0,No aporta información,2 - MEDIA,3.399043723059324,-76.5764925886194,\N,2026-08-29T08:58:26Z
376001029797,2026-08-29,376001029797,LICEO COMERCIAL SANTIAGO NIAMPIRA,LICEO COMERCIAL SANTIAGO NIAMPIRA,S,NO OFICIAL,NIAMPIRA4143@GMAIL.COM,KR 40 C 51 47,3232345264,"PREESCOLAR,BÁSICA SECUNDARIA,BÁSICA PRIMARIA",URBANA,76,VALLE DEL CAUCA,76001,SANTIAGO DE CALI,MUNICIPIO,NO,NO,NO APLICA,3818,SECRETARÍA DE EDUCACIÓN DE CALI,246.0,246.0,No aporta información,2 - MEDIA,3.4066947996783883,-76.50122632985112,\N,2026-08-29T08:58:26Z
376001029819,2026-08-29,376001029819,LICEO INFANTIL LAS MARGARITAS,LICEO INFANTIL LAS MARGARITAS,S,NO OFICIAL,EDUMARGARITAS70@LATINMAIL.COM,IND CALLE 70C BIS NO.1A 3-42,3182372576,"PREESCOLAR,BÁSICA PRIMARIA",URBANA,76,VALLE DEL CAUCA,76001,SANTIAGO DE CALI,MUNICIPIO,NO,NO,NO APLICA,3818,SECRETARÍA DE EDUCACIÓN DE CALI,117.0,117.0,No aporta información,2 - MEDIA,3.4865979998619205,-76.49087100041343,\N,2026-08-29T08:58:26Z
376001029827,2026-08-29,376001029827,LICEO INFANTIL MELOSITOS,LICEO INFANTIL MELOSITOS,S,NO OFICIAL,MELOSITOS90@HOTMAIL.COM,KR 1 BIS 61 A 107,3146818064-3105630863,PREESCOLAR,URBANA,76,VALLE DEL CAUCA,76001,SANTIAGO DE CALI,MUNICIPIO,NO,NO,NO APLICA,3818,SECRETARÍA DE EDUCACIÓN DE CALI,101.0,101.0,No aporta información,2 - MEDIA,3.4795246301224485,-76.49704659998815,\N,2026-08-29T08:58:26Z
376001029878,2026-08-29,376001029878,CENTRO DE EDUCACION INDIVIDUALIZADA,CENTRO DE EDUCACION INDIVIDUALIZADA,S,NO OFICIAL,DELIMCA@GMAIL.COM,CL 44 19 10,3113720534,"PREESCOLAR,MEDIA,BÁSICA SECUNDARIA,BÁSICA PRIMARIA",URBANA,76,VALLE DEL CAUCA,76001,SANTIAGO DE CALI,MUNICIPIO,NO,NO,NO APLICA,3818,SECRETARÍA DE EDUCACIÓN DE CALI,103.0,103.0,No aporta información,2 - MEDIA,3.4416702396244427,-76.50186639027085,\N,2026-08-29T08:58:26Z
376001029908,2026-08-29,376001029908,LICEO  JUVENIL  EL  RODEO,LICEO  JUVENIL  EL  RODEO,S,NO OFICIAL,LJR1330@HOTMAIL.COM,CL 34 25 15,3196618386 - 6024824299,"PREESCOLAR,MEDIA,BÁSICA SECUNDARIA,BÁSICA PRIMARIA",URBANA,76,VALLE DEL CAUCA,76001,SANTIAGO DE CALI,MUNICIPIO,NO,NO,NO APLICA,3818,SECRETARÍA DE EDUCACIÓN DE CALI,200.0,200.0,No aporta información,2 - MEDIA,3.43535200002147,-76.50593199995676,\N,2026-08-29T08:58:26Z
376001029916,2026-08-29,376001029916,CENTRO DOCENTE HORIZONTES DEL FUTURO,CENTRO DOCENTE HORIZONTES DEL FUTURO,S,NO OFICIAL,HORIZONTESDELFUTURO.SECRETARIA@GMAIL.COM,CL 72 W 26 Q 16,3174240153,"PREESCOLAR,BÁSICA SECUNDARIA,BÁSICA PRIMARIA",URBANA,76,VALLE DEL CAUCA,76001,SANTIAGO DE CALI,MUNICIPIO,NO,NO,NO APLICA,3818,SECRETARÍA DE EDUCACIÓN DE CALI,301.0,301.0,No aporta información,2 - MEDIA,3.4263716653519682,-76.4868736384346,\N,2026-08-29T08:58:26Z
376001029932,2026-08-29,376001029932,COLEGIO BILINGUE MONTESSORI,COLEGIO BILINGUE MONTESSORI,S,NO OFICIAL,MONTESSORICALI@HOTMAIL.COM,AVENIDA LA MARIA CASA 35 PANCE,6843118,"PREESCOLAR,MEDIA,BÁSICA SECUNDARIA,BÁSICA PRIMARIA",URBANA,76,VALLE DEL CAUCA,76001,SANTIAGO DE CALI,MUNICIPIO,NO,NO,NO APLICA,3818,SECRETARÍA DE EDUCACIÓN DE CALI,301.0,301.0,No aporta información,3 - BAJA,\N,\N,\N,2026-08-29T08:58:26Z
376001030141,2026-08-29,376001030141,COLEGIO EKKLESIA,COLEGIO EKKLESIA,S,NO OFICIAL,COLEGIOEKKLESIA@YAHOO.COM,KR 56 7 197 OESTE,3041697810,"PREESCOLAR,MEDIA,BÁSICA SECUNDARIA,BÁSICA PRIMARIA",URBANA,76,VALLE DEL CAUCA,76001,SANTIAGO DE CALI,MUNICIPIO,NO,NO,NO APLICA,3818,SECRETARÍA DE EDUCACIÓN DE CALI,153.0,153.0,No aporta información,2 - MEDIA,3.4114964596200905,-76.55998706036999,\N,2026-08-29T08:58:26Z
376001030230,2026-08-29,376001030230,CENTRO EDUCACIONAL CRISTIANO SION,CENTRO EDUCACIONAL CRISTIANO SION,S,NO OFICIAL,CRISTIANOSION@HOTMAIL.COM,IND CALLE 72L  NO 28J-06,3148636454 - 6023481263,"PREESCOLAR,MEDIA,BÁSICA SECUNDARIA,BÁSICA PRIMARIA",URBANA,76,VALLE DEL CAUCA,76001,SANTIAGO DE CALI,MUNICIPIO,NO,NO,NO APLICA,3818,SECRETARÍA DE EDUCACIÓN DE CALI,168.0,168.0,No aporta información,2 - MEDIA,3.421736474063963,-76.49662090364635,\N,2026-08-29T08:58:26Z
376001030272,2026-08-29,376001030272,JARDIN INFANTIL MI CASITA DE AZUCAR,JARDIN INFANTIL MI CASITA DE AZUCAR,S,NO OFICIAL,MICASITADEAZUCR@YAHOO.COM,AV 6 33 06,3015915086,"PREESCOLAR,BÁSICA PRIMARIA",URBANA,76,VALLE DEL CAUCA,76001,SANTIAGO DE CALI,MUNICIPIO,NO,NO,NO APLICA,3818,SECRETARÍA DE EDUCACIÓN DE CALI,30.0,30.0,No aporta información,2 - MEDIA,3.4172222222459134,-76.4697222223942,\N,2026-08-29T08:58:26Z
376001030302,2026-08-29,376001030302,COLEGIO ANGLO AMERICANO,COLEGIO ANGLO AMERICANO,S,NO OFICIAL,SECRETARIA@COLEGIOANGLOAMERICANO.EDU.CO,CL 22 B 121 111,3175897163-3188372644-3731543-3749271-3748895,"PREESCOLAR,MEDIA,BÁSICA SECUNDARIA,BÁSICA PRIMARIA",URBANA,76,VALLE DEL CAUCA,76001,SANTIAGO DE CALI,MUNICIPIO,NO,NO,NO APLICA,3818,SECRETARÍA DE EDUCACIÓN DE CALI,676.0,676.0,No aporta información,3 - BAJA,\N,\N,\N,2026-08-29T08:58:26Z
376001030396,2026-08-29,376001030396,COLEGIO VIDA NUEVA,COLEGIO VIDA NUEVA,S,NO OFICIAL,COLVIDANUEVAWQO@GMAIL.COM,IND KR 28D1 72P  18-46-52-53,3154988306 -3057767520,"PREESCOLAR,MEDIA,BÁSICA SECUNDARIA,BÁSICA PRIMARIA",URBANA,76,VALLE DEL CAUCA,76001,SANTIAGO DE CALI,MUNICIPIO,NO,NO,NO APLICA,3818,SECRETARÍA DE EDUCACIÓN DE CALI,1217.0,565.0,No aporta información,2 - MEDIA,3.4177310001992565,-76.49051200038825,\N,2026-08-29T08:58:26Z
376001030469,2026-08-29,376001030469,JARDIN INFANTIL BUHO SOÑADOR,JARDIN INFANTIL BUHO SOÑADOR,S,NO OFICIAL,ORQUIDEA122@HOTMAIL.COM,KR 24 A 33 B 103,3216441732,PREESCOLAR,URBANA,76,VALLE DEL CAUCA,76001,SANTIAGO DE CALI,MUNICIPIO,NO,NO,NO APLICA,3818,SECRETARÍA DE EDUCACIÓN DE CALI,17.0,17.0,No aporta información,2 - MEDIA,3.4366532101016913,-76.51047860986661,\N,2026-08-29T08:58:26Z
376001030582,2026-08-29,376001030582,INSTITUTO LOS ANGELES DE DIOS,INSTITUTO LOS ANGELES DE DIOS,S,NO OFICIAL,INSTITUTOANGELESDEDIOS@HOTMAIL.COM,CL 108 26 H 04,3206862323 - 4205617,"PREESCOLAR,MEDIA,BÁSICA SECUNDARIA,BÁSICA PRIMARIA",URBANA,76,VALLE DEL CAUCA,76001,SANTIAGO DE CALI,MUNICIPIO,NO,NO,NO APLICA,3818,SECRETARÍA DE EDUCACIÓN DE CALI,1335.0,1335.0,No aporta información,2 - MEDIA,3.4242423303793883,-76.47182965028783,\N,2026-08-29T08:58:26Z
376001030779,2026-08-29,376001030779,COLEGIO TECNICO JUVENIL DEL VALLE,COLEGIO TECNICO JUVENIL DEL VALLE,S,NO OFICIAL,COTJUVALLE@HOTMAIL.COM,IND KR 26H3 72 W 57 Y DIAG 26H 73 - 53,4374904 - 3232225252,"PREESCOLAR,MEDIA,BÁSICA SECUNDARIA,BÁSICA PRIMARIA",URBANA,76,VALLE DEL CAUCA,76001,SANTIAGO DE CALI,MUNICIPIO,NO,NO,NO APLICA,3818,SECRETARÍA DE EDUCACIÓN DE CALI,375.0,375.0,No aporta información,2 - MEDIA,3.4083970001822474,-76.49106700023201,\N,2026-08-29T08:58:26Z
376001030825,2026-08-29,376001030825,INSTITUTO TECNOLOGICO REY DE REYES I,INSTITUTO TECNOLOGICO REY DE REYES I,S,NO OFICIAL,CUREYDEREYES@LATINMAIL.COM,IND CR 26 B1 75 19,3148636454 - 6023481263,"PREESCOLAR,MEDIA,BÁSICA SECUNDARIA,BÁSICA PRIMARIA",URBANA,76,VALLE DEL CAUCA,76001,SANTIAGO DE CALI,MUNICIPIO,NO,NO,NO APLICA,3818,SECRETARÍA DE EDUCACIÓN DE CALI,175.0,0.0,No aporta información,2 - MEDIA,3.4376694323036987,-76.4790817486782,\N,2026-08-29T08:58:26Z
376001030833,2026-08-29,376001030833,LICEO INFANTIL SEMILLITAS,LICEO INFANTIL SEMILLITAS,S,NO OFICIAL,LICEO.INFANTIL.SEMILLITAS@HOTMAIL.COM,IND CRA 1 A 8 # 61 A -116,3152333777,"PREESCOLAR,BÁSICA PRIMARIA",URBANA,76,VALLE DEL CAUCA,76001,SANTIAGO DE CALI,MUNICIPIO,NO,NO,NO APLICA,3818,SECRETARÍA DE EDUCACIÓN DE CALI,233.0,233.0,No aporta información,2 - MEDIA,3.4354870297398854,-76.54287457102579,\N,2026-08-29T08:58:26Z
376001030884,2026-08-29,376001030884,LICEO SUPERIOR DEL VALLE,LICEO SUPERIOR DEL VALLE,S,NO OFICIAL,LISUVALLECOLEGIOS@GMAIL.COM,IND CALLE 54 D # 41  E 3 - 05,3108336046 - 3167494789 - 3380346,"PREESCOLAR,MEDIA,BÁSICA SECUNDARIA,BÁSICA PRIMARIA",URBANA,76,VALLE DEL CAUCA,76001,SANTIAGO DE CALI,MUNICIPIO,NO,NO,NO APLICA,3818,SECRETARÍA DE EDUCACIÓN DE CALI,378.0,378.0,No aporta información,2 - MEDIA,3.4015153761799426,-76.50263414441156,\N,2026-08-29T08:58:26Z
376001030892,2026-08-29,376001030892,ESC. MATER. Y JAR. INF. PILATUNAS,ESC. MATER. Y JAR. INF. PILATUNAS,S,NO OFICIAL,FAMYPILATUNAS@GMAIL.COM,CL 8 G 51 82,3113602805,PREESCOLAR,URBANA,76,VALLE DEL CAUCA,76001,SANTIAGO DE CALI,MUNICIPIO,NO,NO,NO APLICA,3818,SECRETARÍA DE EDUCACIÓN DE CALI,15.0,15.0,No aporta información,2 - MEDIA,3.4092089002945785,-76.54343774014878,\N,2026-08-29T08:58:26Z
376001030906,2026-08-29,376001030906,LICEO JUAN CAMILO,LICEO JUAN CAMILO,S,NO OFICIAL,LICEOJUANCAMILO@GMAIL.COM,IND DG. 26 P 19 #105-67,3145361417 - 3175134101,"PREESCOLAR,MEDIA,BÁSICA SECUNDARIA,BÁSICA PRIMARIA",URBANA,76,VALLE DEL CAUCA,76001,SANTIAGO DE CALI,MUNICIPIO,NO,NO,NO APLICA,3818,SECRETARÍA DE EDUCACIÓN DE CALI,477.0,477.0,No aporta información,2 - MEDIA,3.424481359553195,-76.48204110015972,\N,2026-08-29T08:58:26Z
376001030922,2026-08-29,376001030922,INSTITUTO MODERNO DESEPAZ,INSTITUTO MODERNO DESEPAZ,S,NO OFICIAL,INMODE12@YAHOO.ES,KR 25 122 18,3154663617 - 3798003,"PREESCOLAR,MEDIA,BÁSICA SECUNDARIA,BÁSICA PRIMARIA",URBANA,76,VALLE DEL CAUCA,76001,SANTIAGO DE CALI,MUNICIPIO,NO,NO,NO APLICA,3818,SECRETARÍA DE EDUCACIÓN DE CALI,991.0,975.0,No aporta información,2 - MEDIA,3.4255998268408416,-76.4641194326621,\N,2026-08-29T08:58:26Z
376001030965,2026-08-29,376001030965,LICEO PIGMALION,LICEO PIGMALION,S,NO OFICIAL,FUNDAPIGMALION@HOTMAIL.COM,KR 27 B 78 A 11,3103507429  - 3117538934 - 3144034912,"PREESCOLAR,MEDIA,BÁSICA SECUNDARIA,BÁSICA PRIMARIA",URBANA,76,VALLE DEL CAUCA,76001,SANTIAGO DE CALI,MUNICIPIO,NO,NO,NO APLICA,3818,SECRETARÍA DE EDUCACIÓN DE CALI,564.0,564.0,No aporta información,2 - MEDIA,3.4220880996990566,-76.48380998985367,\N,2026-08-29T08:58:26Z
376001031007,2026-08-29,376001031007,INSTITUTO SER INTERNACIONAL,INSTITUTO SER INTERNACIONAL,S,NO OFICIAL,SERINTERNACIONALNORTE@HOTMAIL.COM,CL 5 88 17,3107428387,"MEDIA,BÁSICA SECUNDARIA,BÁSICA PRIMARIA",URBANA,76,VALLE DEL CAUCA,76001,SANTIAGO DE CALI,MUNICIPIO,NO,NO,NO APLICA,3818,SECRETARÍA DE EDUCACIÓN DE CALI,194.0,0.0,No aporta información,2 - MEDIA,3.378178018969225,-76.54255574006685,\N,2026-08-29T08:58:26Z
376001031023,2026-08-29,376001031023,CENTRO DOCENTE MARIA DEL CARMEN,CENTRO DOCENTE MARIA DEL CARMEN,S,NO OFICIAL,CENDOMACEDU@GMAIL.COM,CL 85 27 50,3042920744 - 3224956285,"PREESCOLAR,BÁSICA PRIMARIA",URBANA,76,VALLE DEL CAUCA,76001,SANTIAGO DE CALI,MUNICIPIO,NO,NO,NO APLICA,3818,SECRETARÍA DE EDUCACIÓN DE CALI,297.0,297.0,No aporta información,2 - MEDIA,3.4208454799685493,-76.48236067043214,\N,2026-08-29T08:58:26Z
376001031031,2026-08-29,376001031031,COLEGIO DE LA CAJA DE COMPENSACION FAMILIAR DEL VALLE DEL CAUCA  COMFANDI,COLEGIO DE LA CAJA DE COMPENSACIÓN FAMILIAR DEL VALLE DEL CAUCA  COMFANDI,S,NO OFICIAL,COLEGIOADULTOSCALI@COMFANDI.CO,IND CRA 7A # 21 - 67,3165135521 - PBX (602) 4866565 EXT. 13278 - 13283,"MEDIA,BÁSICA SECUNDARIA,BÁSICA PRIMARIA",URBANA,76,VALLE DEL CAUCA,76001,SANTIAGO DE CALI,MUNICIPIO,NO,NO,NO APLICA,3818,SECRETARÍA DE EDUCACIÓN DE CALI,255.0,0.0,No aporta información,3 - BAJA,\N,\N,\N,2026-08-29T08:58:26Z
376001031121,2026-08-29,376001031121,COLEGIO POLITECNICO SIGLO XXI,COLEGIO POLITECNICO SIGLO XXI,S,NO OFICIAL,COLEGIOPOLITECNICOSIGLO21@HOTMAIL.COM,CL 1 A OESTE 70 68,3108487003 - 6023730022,"PREESCOLAR,MEDIA,BÁSICA SECUNDARIA,BÁSICA PRIMARIA",URBANA,76,VALLE DEL CAUCA,76001,SANTIAGO DE CALI,MUNICIPIO,NO,NO,NO APLICA,3818,SECRETARÍA DE EDUCACIÓN DE CALI,397.0,397.0,No aporta información,2 - MEDIA,3.3919332798345923,-76.5567384396889,\N,2026-08-29T08:58:26Z
376001031139,2026-08-29,376001031139,CENTRO DE ESTIMULACION PRECOZ CRECER,CENTRO DE ESTIMULACION PRECOZ CRECER,S,NO OFICIAL,CIGU05@HOTMAIL.COM,KR 65 C 13 F 34,3300096 / 313 2080883,PREESCOLAR,URBANA,76,VALLE DEL CAUCA,76001,SANTIAGO DE CALI,MUNICIPIO,NO,NO,NO APLICA,3818,SECRETARÍA DE EDUCACIÓN DE CALI,30.0,30.0,No aporta información,2 - MEDIA,3.398487000228531,-76.53284399963131,\N,2026-08-29T08:58:26Z
376001031171,2026-08-29,376001031171,INSTITUTO TÉCNICO INDUSTRIAL MANUEL ELKIN PATARROYO,INSTITUTO TÉCNICO INDUSTRIAL MANUEL ELKIN PATARROYO,S,NO OFICIAL,ITIMEP@EDUNET.EDU.CO,KR 27 A 124 92,3045248390,"PREESCOLAR,MEDIA,BÁSICA SECUNDARIA,BÁSICA PRIMARIA",URBANA,76,VALLE DEL CAUCA,76001,SANTIAGO DE CALI,MUNICIPIO,NO,NO,NO APLICA,3818,SECRETARÍA DE EDUCACIÓN DE CALI,324.0,324.0,No aporta información,2 - MEDIA,3.411352520261452,-76.46765865025277,\N,2026-08-29T08:58:26Z
376001031279,2026-08-29,376001031279,LICEO COLOMBO IRLANDES,LICEO COLOMBO IRLANDES,S,NO OFICIAL,COLOMBOIRLANDES@HOTMAIL.COM,KR 25 A 122 42,4013789-3087455,"PREESCOLAR,MEDIA,BÁSICA SECUNDARIA,BÁSICA PRIMARIA",URBANA,76,VALLE DEL CAUCA,76001,SANTIAGO DE CALI,MUNICIPIO,NO,NO,NO APLICA,3818,SECRETARÍA DE EDUCACIÓN DE CALI,718.0,718.0,No aporta información,2 - MEDIA,3.4248583897940508,-76.4639213397689,\N,2026-08-29T08:58:26Z
376001031341,2026-08-29,376001031341,COLEGIO BRITÁNICO-THE BRITISH SCHOOL,COLEGIO BRITÁNICO-THE BRITISH SCHOOL,S,NO OFICIAL,THEBRITISH@TELESAT.COM.CO,CL 18 142 255,3164451939,"PREESCOLAR,MEDIA,BÁSICA SECUNDARIA,BÁSICA PRIMARIA",URBANA,76,VALLE DEL CAUCA,76001,SANTIAGO DE CALI,MUNICIPIO,NO,NO,NO APLICA,3818,SECRETARÍA DE EDUCACIÓN DE CALI,134.0,134.0,No aporta información,2 - MEDIA,3.3341832699596896,-76.54032374009783,\N,2026-08-29T08:58:26Z
376001031431,2026-08-29,376001031431,INSTITUTO COMERCIAL SANTO TOMÁS,INSTITUTO COMERCIAL SANTO TOMÁS,S,NO OFICIAL,WEOS7@HOTMAIL.COM,IND CALLE 84C  NO 20-30-36,3136468703/3152779073,"PREESCOLAR,MEDIA,BÁSICA SECUNDARIA,BÁSICA PRIMARIA",URBANA,76,VALLE DEL CAUCA,76001,SANTIAGO DE CALI,MUNICIPIO,NO,NO,NO APLICA,3818,SECRETARÍA DE EDUCACIÓN DE CALI,211.0,211.0,No aporta información,2 - MEDIA,3.4156469303668997,-76.46810288961865,\N,2026-08-29T08:58:26Z
376001031465,2026-08-29,376001031465,INSTITUTO PEDAGOGICO EMANUEL,INSTITUTO PEDAGOGICO EMANUEL,S,NO OFICIAL,INSTITUTOEMANUEL@YAHOO.ES,KR 36 40 29,3147240638,"PREESCOLAR,MEDIA,BÁSICA SECUNDARIA,BÁSICA PRIMARIA",URBANA,76,VALLE DEL CAUCA,76001,SANTIAGO DE CALI,MUNICIPIO,NO,NO,NO APLICA,3818,SECRETARÍA DE EDUCACIÓN DE CALI,95.0,95.0,No aporta información,2 - MEDIA,3.417651000435103,-76.50484900003339,\N,2026-08-29T08:58:26Z
376001031473,2026-08-29,376001031473,LICEO LA DIVINA PROVIDENCIA,LICEO LA DIVINA PROVIDENCIA,S,NO OFICIAL,FFUDECAFRO@GMAIL.COM,KR 88 4 100,3117717343 - 6023813934,"PREESCOLAR,BÁSICA SECUNDARIA,BÁSICA PRIMARIA",URBANA,76,VALLE DEL CAUCA,76001,SANTIAGO DE CALI,MUNICIPIO,NO,NO,NO APLICA,3818,SECRETARÍA DE EDUCACIÓN DE CALI,350.0,350.0,No aporta información,2 - MEDIA,3.3784790001621796,-76.54605499969536,\N,2026-08-29T08:58:26Z
376001031601,2026-08-29,376001031601,LICEO SAN FRANCISCO,LICEO SAN FRANCISCO - SEDE PRINCIPAL,S,NO OFICIAL,LICEOSANFRANCISCO96@HOTMAIL.COM,IND AV 4 OESTE 21 120,3168074213,"PREESCOLAR,BÁSICA PRIMARIA",URBANA,76,VALLE DEL CAUCA,76001,SANTIAGO DE CALI,MUNICIPIO,NO,NO,NO APLICA,3818,SECRETARÍA DE EDUCACIÓN DE CALI,99.0,99.0,No aporta información,2 - MEDIA,3.4522963446604353,-76.56236343667314,\N,2026-08-29T08:58:26Z
376001032038,2026-08-29,376001032038,COLEGIO EMPRESARIAL MODERNO,COLEGIO EMPRESARIAL MODERNO - SEDE PRINCIPAL,S,NO OFICIAL,COLEGIOEMPRESARIALM@GMAIL.COM,CL 17 OESTE 16 06,5578015 / 301 5645940,"PREESCOLAR,MEDIA,BÁSICA SECUNDARIA,BÁSICA PRIMARIA",URBANA,76,VALLE DEL CAUCA,76001,SANTIAGO DE CALI,MUNICIPIO,NO,NO,NO APLICA,3818,SECRETARÍA DE EDUCACIÓN DE CALI,113.0,113.0,No aporta información,2 - MEDIA,3.454311769599541,-76.55773971987088,\N,2026-08-29T08:58:26Z
376001032089,2026-08-29,376001032089,JARDIN INFANTIL SENDEROS DE  SABIDURIA,JARDIN INFANTIL SENDEROS DE  SABIDURIA,S,NO OFICIAL,JARSENSAB@GMAIL.COM,IND CALLE 54 NO. 1C1-47,3122464952,PREESCOLAR,URBANA,76,VALLE DEL CAUCA,76001,SANTIAGO DE CALI,MUNICIPIO,NO,NO,NO APLICA,3818,SECRETARÍA DE EDUCACIÓN DE CALI,28.0,28.0,No aporta información,2 - MEDIA,3.4737149997949257,-76.50120100005505,\N,2026-08-29T08:58:26Z
376001032399,2026-08-29,376001032399,JARDIN INFANTIL ESCUELA MATERNAL PATY PATICOS,JARDIN INFANTIL ESCUELA MATERNAL PATY PATICOS,S,NO OFICIAL,PATYPATICOS@YAHOO.COM,KR 1 B 54 18,3155130413 - 3142240440,PREESCOLAR,URBANA,76,VALLE DEL CAUCA,76001,SANTIAGO DE CALI,MUNICIPIO,NO,NO,NO APLICA,3818,SECRETARÍA DE EDUCACIÓN DE CALI,12.0,12.0,No aporta información,2 - MEDIA,3.475380980020448,-76.50145111977623,\N,2026-08-29T08:58:26Z
376001032429,2026-08-29,376001032429,CENTRO DOCENTE SANTA ANITA,CENTRO DOCENTE SANTA ANITA - SEDE PRINCIPAL,S,NO OFICIAL,CEDO.SANTAANITA.EDU@HOTMAIL.COM,KR 28 6 46,3122130788-3218261671-6023451863,"MEDIA,BÁSICA SECUNDARIA,BÁSICA PRIMARIA",URBANA,76,VALLE DEL CAUCA,76001,SANTIAGO DE CALI,MUNICIPIO,NO,NO,NO APLICA,3818,SECRETARÍA DE EDUCACIÓN DE CALI,345.0,6.0,No aporta información,2 - MEDIA,3.432286429761837,-76.53839017034768,\N,2026-08-29T08:58:26Z
376001032445,2026-08-29,376001032445,LICEO INFANTIL LEÓN DE JUDÁ,LICEO INFANTIL LEÓN DE JUDÁ,S,NO OFICIAL,LICEOLEONDEJUDA@HOTMAIL.COM,CL 48 12 C 41,3023748024 - 3167953301 - 6024481241,"PREESCOLAR,BÁSICA SECUNDARIA,BÁSICA PRIMARIA",URBANA,76,VALLE DEL CAUCA,76001,SANTIAGO DE CALI,MUNICIPIO,NO,NO,NO APLICA,3818,SECRETARÍA DE EDUCACIÓN DE CALI,48.0,48.0,No aporta información,2 - MEDIA,3.446811270242877,-76.50208387958766,\N,2026-08-29T08:58:26Z
376001032453,2026-08-29,376001032453,LICEO SUPERIOR STEVEN,LICEO SUPERIOR STEVEN - SEDE PRINCIPAL,S,NO OFICIAL,LICEOSUPERIORSTEVEN@HOTMAIL.COM,IND CLL 98 # 26G2 - 09,3163247115,"PREESCOLAR,BÁSICA SECUNDARIA,BÁSICA PRIMARIA",URBANA,76,VALLE DEL CAUCA,76001,SANTIAGO DE CALI,MUNICIPIO,NO,NO,NO APLICA,3818,SECRETARÍA DE EDUCACIÓN DE CALI,619.0,619.0,No aporta información,2 - MEDIA,3.425437000395204,-76.47397600038605,\N,2026-08-29T08:58:26Z
376001032496,2026-08-29,376001032496,ESCUELA MATERNAL Y PREESCOLAR COMETAS,ESCUELA MATERNAL Y PREESCOLAR COMETAS,S,NO OFICIAL,MATERNALCOMETAS@HOTMAIL.COM,KR 124 9 10,3187346799 - 6025554298,PREESCOLAR,URBANA,76,VALLE DEL CAUCA,76001,SANTIAGO DE CALI,MUNICIPIO,NO,NO,NO APLICA,3818,SECRETARÍA DE EDUCACIÓN DE CALI,33.0,33.0,No aporta información,2 - MEDIA,3.339320750350129,-76.54337611033039,\N,2026-08-29T08:58:26Z
376001032674,2026-08-29,376001032674,JARDIN INFANTIL UN MUNDO POR CREAR,JARDIN INFANTIL UN MUNDO POR CREAR,S,NO OFICIAL,UNMUNDOPORCREAR22@GMAIL.COM,CARRERA 1D  #  59B-10,4491725,PREESCOLAR,URBANA,76,VALLE DEL CAUCA,76001,SANTIAGO DE CALI,MUNICIPIO,NO,NO,NO APLICA,3818,SECRETARÍA DE EDUCACIÓN DE CALI,45.0,45.0,No aporta información,2 - MEDIA,3.4734039996245287,-76.4967120000027,\N,2026-08-29T08:58:26Z
376001032691,2026-08-29,376001032691,HOGAR DE ACOGIDA INFANTIL EL JARDIN DE JESUS,HOGAR DE ACOGIDA INFANTIL EL JARDIN DE JESUS,S,NO OFICIAL,COLJARDINDEJESUS@HOTMAIL.COM,CL 77 1 B 05,3148474032-3504027072,"PREESCOLAR,BÁSICA PRIMARIA",URBANA,76,VALLE DEL CAUCA,76001,SANTIAGO DE CALI,MUNICIPIO,NO,NO,NO APLICA,3818,SECRETARÍA DE EDUCACIÓN DE CALI,36.0,36.0,No aporta información,2 - MEDIA,3.4813812402504647,-76.4822384995535,\N,2026-08-29T08:58:26Z
376001032721,2026-08-29,376001032721,ESCUELA MATERNAL BILINGUE TATAS,ESCUELA MATERNAL BILINGUE TATAS,S,NO OFICIAL,TATAS@TELESAT.COM.CO,CL 16 A 121 A 124,3112118735 - 3708806,PREESCOLAR,URBANA,76,VALLE DEL CAUCA,76001,SANTIAGO DE CALI,MUNICIPIO,NO,NO,NO APLICA,3818,SECRETARÍA DE EDUCACIÓN DE CALI,58.0,58.0,No aporta información,3 - BAJA,\N,\N,\N,2026-08-29T08:58:26Z
376001032844,2026-08-29,376001032844,LICEO SAN JUAN APOSTOL,LICEO SAN JUAN APOSTOL,S,NO OFICIAL,LICEOSANJUANAPOSTOLCALI@GMAIL.COM,DG 26 C 73 A 39,4021876 - 3164671795,"PREESCOLAR,BÁSICA PRIMARIA",URBANA,76,VALLE DEL CAUCA,76001,SANTIAGO DE CALI,MUNICIPIO,NO,NO,NO APLICA,3818,SECRETARÍA DE EDUCACIÓN DE CALI,229.0,229.0,No aporta información,2 - MEDIA,3.413899626868411,-76.55635067740494,\N,2026-08-29T08:58:26Z
376001032895,2026-08-29,376001032895,LICEO LOS GUAYUPINES,LICEO LOS GUAYUPINES,S,NO OFICIAL,GUAYUPINES@GMAIL.COM,KR 3 C 70 10,3817688  315 2626881,"PREESCOLAR,BÁSICA PRIMARIA",URBANA,76,VALLE DEL CAUCA,76001,SANTIAGO DE CALI,MUNICIPIO,NO,NO,NO APLICA,3818,SECRETARÍA DE EDUCACIÓN DE CALI,136.0,136.0,No aporta información,2 - MEDIA,3.4695994903405096,-76.48518023956387,\N,2026-08-29T08:58:26Z
376001032917,2026-08-29,376001032917,LICEO INFANTIL CANGURITOS ALEGRES,LICEO INFANTIL CANGURITOS ALEGRES,S,NO OFICIAL,RUBIELAAYALA21@HOTMAIL.COM,IND CL 62B # 1A 9-80,3136804784 - 3108368689,"PREESCOLAR,BÁSICA PRIMARIA",URBANA,76,VALLE DEL CAUCA,76001,SANTIAGO DE CALI,MUNICIPIO,NO,NO,NO APLICA,3818,SECRETARÍA DE EDUCACIÓN DE CALI,8.0,8.0,No aporta información,3 - BAJA,\N,\N,\N,2026-08-29T08:58:26Z
376001032984,2026-08-29,376001032984,LICEO CERROS DEL VALLE,LICEO CERROS DEL VALLE,S,NO OFICIAL,LICEOCERROSDELVALLE@GMAIL.COM,CL 3 OESTE 53 A 16,3217922165 - 6025529429,"PREESCOLAR,MEDIA,BÁSICA SECUNDARIA,BÁSICA PRIMARIA",URBANA,76,VALLE DEL CAUCA,76001,SANTIAGO DE CALI,MUNICIPIO,NO,NO,NO APLICA,3818,SECRETARÍA DE EDUCACIÓN DE CALI,438.0,438.0,No aporta información,2 - MEDIA,3.4138369998616946,-76.55662600025971,\N,2026-08-29T08:58:26Z
376001032992,2026-08-29,376001032992,LICEO MELVIN JONES,LICEO MELVIN JONES,S,NO OFICIAL,LICEOMELVINJONES@HOTMAIL.COM,CL 94 22 88,3168697089 - 6023738538,"PREESCOLAR,MEDIA,BÁSICA SECUNDARIA,BÁSICA PRIMARIA",URBANA,76,VALLE DEL CAUCA,76001,SANTIAGO DE CALI,MUNICIPIO,NO,NO,NO APLICA,3818,SECRETARÍA DE EDUCACIÓN DE CALI,200.0,200.0,No aporta información,2 - MEDIA,3.4346863203126774,-76.46901414962602,\N,2026-08-29T08:58:26Z
376001033026,2026-08-29,376001033026,LICEO LATINO,LICEO LATINO,S,NO OFICIAL,LICLATINO@TELESAT.COM.CO,IND KR 36 5B2 30,5582858 - 4837131,"MEDIA,BÁSICA SECUNDARIA,BÁSICA PRIMARIA",URBANA,76,VALLE DEL CAUCA,76001,SANTIAGO DE CALI,MUNICIPIO,NO,NO,NO APLICA,3818,SECRETARÍA DE EDUCACIÓN DE CALI,347.0,0.0,No aporta información,3 - BAJA,\N,\N,\N,2026-08-29T08:58:26Z
376001033034,2026-08-29,376001033034,LICEO INFANTIL SAUCES DEL VALLE,LICEO INFANTIL SAUCES DEL VALLE,S,NO OFICIAL,SAUCESDELVALLE@GMAIL.COM,KR 61 18 A 35,3321924,"PREESCOLAR,BÁSICA PRIMARIA",URBANA,76,VALLE DEL CAUCA,76001,SANTIAGO DE CALI,MUNICIPIO,NO,NO,NO APLICA,3818,SECRETARÍA DE EDUCACIÓN DE CALI,65.0,65.0,No aporta información,2 - MEDIA,3.4004049702876813,-76.52433918979743,\N,2026-08-29T08:58:26Z
376001033093,2026-08-29,376001033093,COLEGIO TECNICO COMERCIAL DANA MARIA PAZ AMOR Y JUSTICIA,COLEGIO TECNICO COMERCIAL DANA MARIA PAZ AMOR Y JUSTICIA,S,NO OFICIAL,COLEGIODANAMARIA905@GMAIL.COM,IND CL 108 26 K1 10,3148615907 - 3218288897,"PREESCOLAR,BÁSICA SECUNDARIA,BÁSICA PRIMARIA",URBANA,76,VALLE DEL CAUCA,76001,SANTIAGO DE CALI,MUNICIPIO,NO,NO,NO APLICA,3818,SECRETARÍA DE EDUCACIÓN DE CALI,691.0,691.0,No aporta información,2 - MEDIA,3.419979918585854,-76.47425740393702,\N,2026-08-29T08:58:26Z
376001033107,2026-08-29,376001033107,LICEO NUEVA ERA,LICEO NUEVA ERA,S,NO OFICIAL,LLICEONERA@HOTMAIL.COM,KR 42 A BIS 54 C 72,3108183246,"PREESCOLAR,BÁSICA SECUNDARIA,BÁSICA PRIMARIA",URBANA,76,VALLE DEL CAUCA,76001,SANTIAGO DE CALI,MUNICIPIO,NO,NO,NO APLICA,3818,SECRETARÍA DE EDUCACIÓN DE CALI,317.0,317.0,No aporta información,2 - MEDIA,3.4008300506718254,-76.50327840894683,\N,2026-08-29T08:58:26Z
376001033115,2026-08-29,376001033115,LICEO MIS PRIMEROS TRIUNFOS,LICEO MIS PRIMEROS TRIUNFOS,S,NO OFICIAL,FUNDAOSPINA@GMAIL.COM,IND CL 79 28 D2 75,3147602733 - 4363612,"PREESCOLAR,BÁSICA SECUNDARIA,BÁSICA PRIMARIA",URBANA,76,VALLE DEL CAUCA,76001,SANTIAGO DE CALI,MUNICIPIO,NO,NO,NO APLICA,3818,SECRETARÍA DE EDUCACIÓN DE CALI,325.0,325.0,No aporta información,2 - MEDIA,3.417722999685133,-76.48833899997047,\N,2026-08-29T08:58:26Z
376001033123,2026-08-29,376001033123,LICEO INFANTIL LOS TOPITOS,LICEO INFANTIL LOS TOPITOS - SEDE PRINCIPAL,S,NO OFICIAL,ILIVI09@HOTMAIL.COM,CRA 4A NO 59 CBIS 59 VPRADO,4306629,PREESCOLAR,URBANA,76,VALLE DEL CAUCA,76001,SANTIAGO DE CALI,MUNICIPIO,NO,NO,NO APLICA,3818,SECRETARÍA DE EDUCACIÓN DE CALI,24.0,24.0,No aporta información,2 - MEDIA,3.466953899662842,-76.49355129025193,\N,2026-08-29T08:58:26Z
376001033336,2026-08-29,376001033336,CENTRO EDUCATIVO ALFA Y OMEGA,CENTRO EDUCATIVO ALFA Y OMEGA,S,NO OFICIAL,ALFAYOMEGACE@YAHOO.ES,IND CARRERA 27D NO. T 103 - 42,6024217509 - 3164893297,"PREESCOLAR,MEDIA,BÁSICA SECUNDARIA,BÁSICA PRIMARIA",URBANA,76,VALLE DEL CAUCA,76001,SANTIAGO DE CALI,MUNICIPIO,NO,NO,NO APLICA,3818,SECRETARÍA DE EDUCACIÓN DE CALI,202.0,202.0,No aporta información,2 - MEDIA,3.4161433972029296,-76.47857595135918,\N,2026-08-29T08:58:26Z
376001033344,2026-08-29,376001033344,JARDÍN INFANTIL JUEGOS  ARTES Y LETRAS,JARDÍN INFANTIL JUEGOS ARTES Y LETRAS,S,NO OFICIAL,JUEGOSARTESYLETRAS@HOTMAIL.COM,KR 85 A 14 36,3165264808 - 6023317091,PREESCOLAR,URBANA,76,VALLE DEL CAUCA,76001,SANTIAGO DE CALI,MUNICIPIO,NO,NO,NO APLICA,3818,SECRETARÍA DE EDUCACIÓN DE CALI,5.0,5.0,No aporta información,2 - MEDIA,3.3817159997586312,-76.53250800007065,\N,2026-08-29T08:58:26Z
376001033441,2026-08-29,376001033441,LICEO CALIMIO DESEPAZ,LICEO CALIMIO DESEPAZ,S,NO OFICIAL,CADESEPAZ@YAHOO.ES,KR 27 B 122 03,3114171296 - 6025214688,"PREESCOLAR,MEDIA,BÁSICA SECUNDARIA,BÁSICA PRIMARIA",URBANA,76,VALLE DEL CAUCA,76001,SANTIAGO DE CALI,MUNICIPIO,NO,NO,NO APLICA,3818,SECRETARÍA DE EDUCACIÓN DE CALI,464.0,464.0,No aporta información,2 - MEDIA,3.4126580098292423,-76.4703014902254,\N,2026-08-29T08:58:26Z
376001033492,2026-08-29,376001033492,LICEO LOS PINOS,LICEO LOS PINOS,S,NO OFICIAL,LICEOLOSPINOSCALI@GMAIL.COM,KR 7 J 69 17,3182601686 - 3167556629 - 6023704090,"MEDIA,BÁSICA SECUNDARIA",URBANA,76,VALLE DEL CAUCA,76001,SANTIAGO DE CALI,MUNICIPIO,NO,NO,NO APLICA,3818,SECRETARÍA DE EDUCACIÓN DE CALI,771.0,0.0,No aporta información,2 - MEDIA,3.4589887302650943,-76.48421543996558,\N,2026-08-29T08:58:26Z
376001033638,2026-08-29,376001033638,INSTITUTO TECNICO COMERCIAL DEL NORTE,INSTITUTO TECNICO COMERCIAL DEL NORTE - SEDE PRINCIPAL,S,NO OFICIAL,FHOGARCRISTOREY@GMAIL.COM,KR 1 GN 81 57,3154524302 - 6023336753,"PREESCOLAR,MEDIA,BÁSICA SECUNDARIA,BÁSICA PRIMARIA",URBANA,76,VALLE DEL CAUCA,76001,SANTIAGO DE CALI,MUNICIPIO,NO,NO,NO APLICA,3818,SECRETARÍA DE EDUCACIÓN DE CALI,353.0,353.0,No aporta información,2 - MEDIA,3.494414893702785,-76.48677072474071,\N,2026-08-29T08:58:26Z
376001033808,2026-08-29,376001033808,COLEGIO TÉCNICO INPROVACC,COLEGIO TÉCNICO INPROVACC,S,NO OFICIAL,ADMINISTRACION@COLEGIOTECNICOINPROVACC.EDU.CO,KR 2 B 63 02,3137490539 - 3188315737,"PREESCOLAR,MEDIA,BÁSICA SECUNDARIA,BÁSICA PRIMARIA",URBANA,76,VALLE DEL CAUCA,76001,SANTIAGO DE CALI,MUNICIPIO,NO,NO,NO APLICA,3818,SECRETARÍA DE EDUCACIÓN DE CALI,271.0,271.0,No aporta información,2 - MEDIA,3.470564930364651,-76.49077900035194,\N,2026-08-29T08:58:26Z
376001033859,2026-08-29,376001033859,COLEGIO PARROQUIAL NUESTRA SEÑORA DE LOS ANDES,COLEGIO PARROQUIAL NUESTRA SEÑORA DE LOS ANDES,S,NO OFICIAL,COLEGIO_NSA@YAHOO.ES,IND CARRERA 1D2 NUMERO 52-109,3156292790 - 6024850227 EXT. 3000 - 3020,"PREESCOLAR,MEDIA,BÁSICA SECUNDARIA,BÁSICA PRIMARIA",URBANA,76,VALLE DEL CAUCA,76001,SANTIAGO DE CALI,MUNICIPIO,NO,NO,NO APLICA,3818,SECRETARÍA DE EDUCACIÓN DE CALI,358.0,358.0,No aporta información,3 - BAJA,\N,\N,\N,2026-08-29T08:58:26Z
376001033867,2026-08-29,376001033867,COLEGIO EL SABER,COLEGIO EL SABER,S,NO OFICIAL,COLEGIOELSABER10@YAHOO.COM,CL 34 11 H 23,3044038834 - 6023840047,"PREESCOLAR,BÁSICA PRIMARIA",URBANA,76,VALLE DEL CAUCA,76001,SANTIAGO DE CALI,MUNICIPIO,NO,NO,NO APLICA,3818,SECRETARÍA DE EDUCACIÓN DE CALI,1.0,1.0,No aporta información,2 - MEDIA,3.4469682699356325,-76.50942646976819,\N,2026-08-29T08:58:26Z
376001033964,2026-08-29,376001033964,CENTRO EDUCATIVO HOMBRES DEL FUTURO,CENTRO EDUCATIVO HOMBRES DEL FUTURO,S,NO OFICIAL,CEHF2020@GMAIL.COM,IND CALLE 70 1A12,314 5423748,"PREESCOLAR,BÁSICA PRIMARIA",URBANA,76,VALLE DEL CAUCA,76001,SANTIAGO DE CALI,MUNICIPIO,NO,NO,NO APLICA,3818,SECRETARÍA DE EDUCACIÓN DE CALI,4.0,4.0,No aporta información,2 - MEDIA,3.4806696104318746,-76.48858972964773,\N,2026-08-29T08:58:26Z
376001034006,2026-08-29,376001034006,CENTRO EDUCATIVO VALLE DEL CAUCA,CENTRO EDUCATIVO VALLE DEL CAUCA - SEDE PRINCIPAL,S,NO OFICIAL,CEVALLE10@GMAIL.COM,DG 30 A 31 75,3206917410 - 3155905597 - 6023268817 - 3164512446,"PREESCOLAR,BÁSICA PRIMARIA",URBANA,76,VALLE DEL CAUCA,76001,SANTIAGO DE CALI,MUNICIPIO,NO,NO,NO APLICA,3818,SECRETARÍA DE EDUCACIÓN DE CALI,70.0,70.0,No aporta información,3 - BAJA,\N,\N,\N,2026-08-29T08:58:26Z
376001034090,2026-08-29,376001034090,COLEGIO COMPARTIR,COLEGIO COMPARTIR,S,NO OFICIAL,COLEGIOCOMPARTIR@HOTMAIL.COM,KR 25 A 89 A 16,3165288959 - 4850227 EXT. 3300 - 3310,"PREESCOLAR,MEDIA,BÁSICA SECUNDARIA,BÁSICA PRIMARIA",URBANA,76,VALLE DEL CAUCA,76001,SANTIAGO DE CALI,MUNICIPIO,NO,NO,NO APLICA,3818,SECRETARÍA DE EDUCACIÓN DE CALI,2276.0,2276.0,No aporta información,2 - MEDIA,3.4313758802881313,-76.47032613999679,\N,2026-08-29T08:58:26Z
376001034162,2026-08-29,376001034162,CENTRO EDUCATIVO TERRA NOVA,CENTRO EDUCATIVO TERRA NOVA,S,NO OFICIAL,COLEGIO_GZAMPINI@HOTMAIL.COM,CL 72 28 B 03,3127994907,"PREESCOLAR,BÁSICA PRIMARIA",URBANA,76,VALLE DEL CAUCA,76001,SANTIAGO DE CALI,MUNICIPIO,NO,NO,NO APLICA,3818,SECRETARÍA DE EDUCACIÓN DE CALI,71.0,71.0,No aporta información,2 - MEDIA,3.4206350003920942,-76.48845100012345,\N,2026-08-29T08:58:26Z
376001034171,2026-08-29,376001034171,INSTITUTO REMANSOS DE COMFANDI,INSTITUTO REMANSOS DE COMFANDI,S,NO OFICIAL,FEPSOL@HOTMAIL.COM,IND KR 26 J 122 03 - CR 26 J NO. 122 - 15,3042920744,"PREESCOLAR,MEDIA,BÁSICA SECUNDARIA,BÁSICA PRIMARIA",URBANA,76,VALLE DEL CAUCA,76001,SANTIAGO DE CALI,MUNICIPIO,NO,NO,NO APLICA,3818,SECRETARÍA DE EDUCACIÓN DE CALI,743.0,728.0,No aporta información,2 - MEDIA,3.417877330147205,-76.46668662011476,\N,2026-08-29T08:58:26Z
376001034219,2026-08-29,376001034219,COLEGIO CREAD,COLEGIO CREAD,S,NO OFICIAL,COLEGIOCREAD@GMAIL.COM,CL 27 32 77,3107862075,"PREESCOLAR,MEDIA,BÁSICA SECUNDARIA,BÁSICA PRIMARIA",URBANA,76,VALLE DEL CAUCA,76001,SANTIAGO DE CALI,MUNICIPIO,NO,NO,NO APLICA,3818,SECRETARÍA DE EDUCACIÓN DE CALI,150.0,150.0,No aporta información,2 - MEDIA,3.424456620186232,-76.51675230996193,\N,2026-08-29T08:58:26Z
376001034243,2026-08-29,376001034243,COLEGIO LOS ALMENDROS,COLEGIO LOS ALMENDROS,S,NO OFICIAL,FRANS848@HOTMAIL.COM,KR 85 D 42 05,333 21 05 - 300 6129162,"PREESCOLAR,BÁSICA PRIMARIA",URBANA,76,VALLE DEL CAUCA,76001,SANTIAGO DE CALI,MUNICIPIO,NO,NO,NO APLICA,3818,SECRETARÍA DE EDUCACIÓN DE CALI,173.0,173.0,No aporta información,2 - MEDIA,3.380609839669104,-76.520159980059,\N,2026-08-29T08:58:26Z
376001035568,2026-08-29,376001035568,COLEGIO MIXTO LAWRENCE KOHLBERG,COLEGIO MIXTO LAWRENCE KOHLBERG,S,NO OFICIAL,SECRETARIALAWRENCEKOHLBERG@GMAIL.COM,KR 83 E 42 60,3334748  311 3302117,"PREESCOLAR,BÁSICA SECUNDARIA,BÁSICA PRIMARIA",URBANA,76,VALLE DEL CAUCA,76001,SANTIAGO DE CALI,MUNICIPIO,NO,NO,NO APLICA,3818,SECRETARÍA DE EDUCACIÓN DE CALI,122.0,122.0,No aporta información,2 - MEDIA,3.382540999612738,-76.51982099988822,\N,2026-08-29T08:58:26Z
376001035614,2026-08-29,376001035614,LICEO EDUCATIVO APOSENTO ALTO,LICEO EDUCATIVO APOSENTO ALTO,S,NO OFICIAL,APOSENTOALTO@LATINMAIL.COM,KR 7 L BIS 76 118,3166865235,"PREESCOLAR,BÁSICA PRIMARIA",URBANA,76,VALLE DEL CAUCA,76001,SANTIAGO DE CALI,MUNICIPIO,NO,NO,NO APLICA,3818,SECRETARÍA DE EDUCACIÓN DE CALI,18.0,18.0,No aporta información,2 - MEDIA,3.4566285898988007,-76.47904061032978,\N,2026-08-29T08:58:26Z
376001035681,2026-08-29,376001035681,LICEO COLOMBIANITOS DEL MAÑANA,LICEO COLOMBIANITOS DEL MAÑANA - SEDE PRINCIPAL,S,NO OFICIAL,LICCOMBI@GMAIL.COM,KR 40 A 51 77,3380413 - 3213520445,"PREESCOLAR,BÁSICA PRIMARIA",URBANA,76,VALLE DEL CAUCA,76001,SANTIAGO DE CALI,MUNICIPIO,NO,NO,NO APLICA,3818,SECRETARÍA DE EDUCACIÓN DE CALI,42.0,42.0,No aporta información,2 - MEDIA,3.406974099878575,-76.50060124973709,\N,2026-08-29T08:58:26Z
376001035789,2026-08-29,376001035789,COLEGIO MORICHAL DEL SABER,COLEGIO MORICHAL DEL SABER,S,NO OFICIAL,MORICHALDELSABER@GMAIL.COM,IND KR 45A N. 56F1-61,4015109 - 3145923482,"PREESCOLAR,BÁSICA SECUNDARIA,BÁSICA PRIMARIA",URBANA,76,VALLE DEL CAUCA,76001,SANTIAGO DE CALI,MUNICIPIO,NO,NO,NO APLICA,3818,SECRETARÍA DE EDUCACIÓN DE CALI,31.0,31.0,No aporta información,2 - MEDIA,3.395421723853512,-76.50465964864621,\N,2026-08-29T08:58:26Z
376001035843,2026-08-29,376001035843,COLEGIO MAYOR SAN FRANCISCO DE ASIS,COLEGIO MAYOR SAN FRANCISCO DE ASIS - SEDE PRINCIPAL,S,NO OFICIAL,ANGELMATOR@HOTMAIL.COM,IND KR 106 15 74 - CL 18 132 00 AVENIDA CAÑAS GORDAS,3017665259- 3017665382 -6023323854,"PREESCOLAR,MEDIA,BÁSICA SECUNDARIA,BÁSICA PRIMARIA",URBANA,76,VALLE DEL CAUCA,76001,SANTIAGO DE CALI,MUNICIPIO,NO,NO,NO APLICA,3818,SECRETARÍA DE EDUCACIÓN DE CALI,1636.0,1636.0,No aporta información,2 - MEDIA,3.3630629100991096,-76.53371247018673,\N,2026-08-29T08:58:26Z
376001035878,2026-08-29,376001035878,LICEO CRISTIANO GENIOS DEL MAÑANA,LICEO CRISTIANO GENIOS DEL MAÑANA,S,NO OFICIAL,LABONILLA@TELESAT.COM.CO,KR 42 B 46 103,3168477244 - 4862778,"PREESCOLAR,BÁSICA PRIMARIA",URBANA,76,VALLE DEL CAUCA,76001,SANTIAGO DE CALI,MUNICIPIO,NO,NO,NO APLICA,3818,SECRETARÍA DE EDUCACIÓN DE CALI,89.0,89.0,No aporta información,2 - MEDIA,3.4056999997613935,-76.50796899993209,\N,2026-08-29T08:58:26Z
376001035894,2026-08-29,376001035894,INSTITUTO EDUCATIVO GUALANDAY,INSTITUTO EDUCATIVO GUALANDAY,S,NO OFICIAL,INSTEDUGUALANDAY@HOTMAIL.COM,IND CL 100 24 35 Y CL 100 24 89,6024206831 - 3168284041,"PREESCOLAR,BÁSICA PRIMARIA",URBANA,76,VALLE DEL CAUCA,76001,SANTIAGO DE CALI,MUNICIPIO,NO,NO,NO APLICA,3818,SECRETARÍA DE EDUCACIÓN DE CALI,141.0,141.0,No aporta información,2 - MEDIA,3.4338750004306413,-76.46734499987807,\N,2026-08-29T08:58:26Z
376001035908,2026-08-29,376001035908,FUNDACION ESCOLAR NELSON MANDELA,FUNDACION ESCOLAR NELSON MANDELA,S,NO OFICIAL,FENMANDELA2020@GMAIL.COM,CL 114 22 04,4029007,"PREESCOLAR,MEDIA,BÁSICA SECUNDARIA,BÁSICA PRIMARIA",URBANA,76,VALLE DEL CAUCA,76001,SANTIAGO DE CALI,MUNICIPIO,NO,NO,NO APLICA,3818,SECRETARÍA DE EDUCACIÓN DE CALI,495.0,495.0,No aporta información,2 - MEDIA,3.429980569858125,-76.46311693975449,\N,2026-08-29T08:58:26Z
376001035924,2026-08-29,376001035924,INSTITUTO ADONAY,INSTITUTO ADONAY,S,NO OFICIAL,INSTITUTOADONAY99@GMAIL.COM,CL 116 22 56,4042810 4037886,"PREESCOLAR,BÁSICA SECUNDARIA,BÁSICA PRIMARIA",URBANA,76,VALLE DEL CAUCA,76001,SANTIAGO DE CALI,MUNICIPIO,NO,NO,NO APLICA,3818,SECRETARÍA DE EDUCACIÓN DE CALI,184.0,184.0,No aporta información,2 - MEDIA,3.430742899757086,-76.46528784979259,\N,2026-08-29T08:58:26Z
376001035975,2026-08-29,376001035975,INSTITUTO IPANA,INSTITUTO IPANA,S,NO OFICIAL,LI-PANA@HOTMAIL.COM,CL 91 27 D 144,4023812 - 318 4024989,"MEDIA,BÁSICA SECUNDARIA,BÁSICA PRIMARIA",URBANA,76,VALLE DEL CAUCA,76001,SANTIAGO DE CALI,MUNICIPIO,NO,NO,NO APLICA,3818,SECRETARÍA DE EDUCACIÓN DE CALI,1.0,0.0,No aporta información,2 - MEDIA,3.417970680220349,-76.4825495097796,\N,2026-08-29T08:58:26Z
376001036033,2026-08-29,376001036033,LICEO MATERNO INFANTIL GENESIS,LICEO MATERNO INFANTIL GENESIS,S,NO OFICIAL,LICEOGENESIS@HOTMAIL.COM,IND DIAGONAL 23 NO. 22_19,3166627422,PREESCOLAR,URBANA,76,VALLE DEL CAUCA,76001,SANTIAGO DE CALI,MUNICIPIO,NO,NO,NO APLICA,3818,SECRETARÍA DE EDUCACIÓN DE CALI,36.0,36.0,No aporta información,2 - MEDIA,3.4372439997047888,-76.51214300034017,\N,2026-08-29T08:58:26Z
376001036092,2026-08-29,376001036092,MATERNAL Y JARDIN INFANTIL ESTRELLITA DE MAR,MATERNAL Y JARDIN INFANTIL ESTRELLITA DE MAR  - SEDE PRINCIPAL,S,NO OFICIAL,ESTRELLITA.CATALINA@GMAIL.COM,AV 15 OESTE 7 04,8930343 - 3164081438,PREESCOLAR,URBANA,76,VALLE DEL CAUCA,76001,SANTIAGO DE CALI,MUNICIPIO,NO,NO,NO APLICA,3818,SECRETARÍA DE EDUCACIÓN DE CALI,36.0,36.0,No aporta información,2 - MEDIA,3.4499180951927375,-76.55381500824234,\N,2026-08-29T08:58:26Z
376001036173,2026-08-29,376001036173,INSTITUTO EDUCATIVO VOZ DE PAZ,INSTITUTO EDUCATIVO VOZ DE PAZ,S,NO OFICIAL,DAMARISPALENCIA@HOTMAIL.COM,IND CARRERA 25A # 36A 40/46,3153573275 - 3058915931,"PREESCOLAR,BÁSICA SECUNDARIA,BÁSICA PRIMARIA",URBANA,76,VALLE DEL CAUCA,76001,SANTIAGO DE CALI,MUNICIPIO,NO,NO,NO APLICA,3818,SECRETARÍA DE EDUCACIÓN DE CALI,6.0,6.0,No aporta información,2 - MEDIA,3.435214476558,-76.5043524751247,\N,2026-08-29T08:58:26Z
376001036203,2026-08-29,376001036203,COLEGIO SOCIEDAD DE CRISTO,COLEGIO SOCIEDAD DE CRISTO,S,NO OFICIAL,OLGALUCIA123@GMAIL.COM,IND TRANSVERSAL 33 G DIAG. 28 E 15,3006185100 - 3126556897 - 624451450,"PREESCOLAR,BÁSICA PRIMARIA",URBANA,76,VALLE DEL CAUCA,76001,SANTIAGO DE CALI,MUNICIPIO,NO,NO,NO APLICA,3818,SECRETARÍA DE EDUCACIÓN DE CALI,119.0,119.0,No aporta información,2 - MEDIA,3.4185909331273283,-76.56651856527374,\N,2026-08-29T08:58:26Z
376001036220,2026-08-29,376001036220,COLEGIO JOHANNES GUTENBERG,COLEGIO JOHANNES GUTENBERG,S,NO OFICIAL,COLJOHANNESGUTENBERG@YAHOO.ES,IND CL 79 26C1 28,6025222368 - 3188157950,"PREESCOLAR,MEDIA,BÁSICA SECUNDARIA,BÁSICA PRIMARIA",URBANA,76,VALLE DEL CAUCA,76001,SANTIAGO DE CALI,MUNICIPIO,NO,NO,NO APLICA,3818,SECRETARÍA DE EDUCACIÓN DE CALI,363.0,363.0,No aporta información,2 - MEDIA,3.4340830004025973,-76.47785100014508,\N,2026-08-29T08:58:26Z
376001036271,2026-08-29,376001036271,COLEGIO SENDEROS DE PAZ,COLEGIO SENDERO DE PAZ,S,NO OFICIAL,SENDEROSPAZ7@GMAIL.COM,IND TRANSV. 101 NO. 26 O - 18,3188789660,"MEDIA,BÁSICA SECUNDARIA",URBANA,76,VALLE DEL CAUCA,76001,SANTIAGO DE CALI,MUNICIPIO,NO,NO,NO APLICA,3818,SECRETARÍA DE EDUCACIÓN DE CALI,95.0,0.0,No aporta información,2 - MEDIA,3.437725999653834,-76.47830300005671,\N,2026-08-29T08:58:26Z
376001036289,2026-08-29,376001036289,COLEGIO  REAL  SUIZO,COLEGIO  REAL  SUIZO,S,NO OFICIAL,COLEGIOREALSUIZO@HOTMAIL.COM,CL 51 A 29 A 04,3156247239 - 6023322522,"PREESCOLAR,BÁSICA PRIMARIA",URBANA,76,VALLE DEL CAUCA,76001,SANTIAGO DE CALI,MUNICIPIO,NO,NO,NO APLICA,3818,SECRETARÍA DE EDUCACIÓN DE CALI,297.0,297.0,No aporta información,2 - MEDIA,3.4141178098585683,-76.49338079989248,\N,2026-08-29T08:58:26Z
376001036386,2026-08-29,376001036386,INSTITUTO EDUCATIVO GALILEO GALILEI,INSTITUTO EDUCATIVO GALILEO GALILEI,S,NO OFICIAL,LICEOGALILEO@TELESAT.COM.CO,IND CL 66A 1A 6 - 04,3156434962,"PREESCOLAR,MEDIA,BÁSICA SECUNDARIA,BÁSICA PRIMARIA",URBANA,76,VALLE DEL CAUCA,76001,SANTIAGO DE CALI,MUNICIPIO,NO,NO,NO APLICA,3818,SECRETARÍA DE EDUCACIÓN DE CALI,320.0,320.0,No aporta información,2 - MEDIA,3.480898999780292,-76.49226599960804,\N,2026-08-29T08:58:26Z
376001036416,2026-08-29,376001036416,COLEGIO TECNICO Y MILITAR ALMIRANTE COLON DE CALI,COLEGIO TECNICO Y MILITAR ALMIRANTE COLON DE CALI,S,NO OFICIAL,COTEMIALCOCALI@HOTMAIL.COM,IND CL IND 53 1 D 127 / CL 52A 1F 04,3147584160-3023880321 -6024467374-6024467376,"PREESCOLAR,MEDIA,BÁSICA SECUNDARIA,BÁSICA PRIMARIA",URBANA,76,VALLE DEL CAUCA,76001,SANTIAGO DE CALI,MUNICIPIO,NO,NO,NO APLICA,3818,SECRETARÍA DE EDUCACIÓN DE CALI,678.0,678.0,No aporta información,2 - MEDIA,3.4710652923848935,-76.5008599178265,\N,2026-08-29T08:58:26Z
376001036459,2026-08-29,376001036459,LICEO Y SALA MATERNAL LA FUENTE DEL SABER,LICEO Y SALA MATERNAL  LA FUENTE DEL SABER,S,NO OFICIAL,CONYMUR@TELESAT.COM.CO,IND CL 52 1C2 - 25,3167039192 - 6024304299,"PREESCOLAR,BÁSICA PRIMARIA",URBANA,76,VALLE DEL CAUCA,76001,SANTIAGO DE CALI,MUNICIPIO,NO,NO,NO APLICA,3818,SECRETARÍA DE EDUCACIÓN DE CALI,19.0,19.0,No aporta información,2 - MEDIA,3.4727630004233925,-76.50293300043188,\N,2026-08-29T08:58:26Z
376001036467,2026-08-29,376001036467,CENTRO DOCENTE SANTIAGO DE CALI NO 3,CENTRO DOCENTE SANTIAGO DE CALI NO.3,S,NO OFICIAL,CENDOSACA@LATINMAIL.COM,KR 1 B 59 73,3027985230,"PREESCOLAR,MEDIA,BÁSICA SECUNDARIA,BÁSICA PRIMARIA",URBANA,76,VALLE DEL CAUCA,76001,SANTIAGO DE CALI,MUNICIPIO,NO,NO,NO APLICA,3818,SECRETARÍA DE EDUCACIÓN DE CALI,7.0,7.0,No aporta información,2 - MEDIA,3.4758914672937338,-76.49713620064952,\N,2026-08-29T08:58:26Z
376001036475,2026-08-29,376001036475,INSTITUTO COMERCIAL INDUSTRIAL Y TECNOLOGICO ICIT,INSTITUTO COMERCIAL INDUSTRIAL Y TECNOLOGICO ICIT,S,NO OFICIAL,ICIT@STARMEDIA.COM,KR 75 3 D 41,317 3683264,"PREESCOLAR,MEDIA,BÁSICA SECUNDARIA,BÁSICA PRIMARIA",URBANA,76,VALLE DEL CAUCA,76001,SANTIAGO DE CALI,MUNICIPIO,NO,NO,NO APLICA,3818,SECRETARÍA DE EDUCACIÓN DE CALI,800.0,800.0,No aporta información,2 - MEDIA,3.3903349998425947,-76.54700999957224,\N,2026-08-29T08:58:26Z
376001036530,2026-08-29,376001036530,LICEO MIXTO EMPERADOR DE CALI SEDE III,LICEO MIXTO EMPERADOR DE CALI SEDE III,S,NO OFICIAL,EMPERADORTRES3@GMAIL.COM,IND KR 26 L 121 91 / 96 / 85,3168321874,"PREESCOLAR,BÁSICA SECUNDARIA,BÁSICA PRIMARIA",URBANA,76,VALLE DEL CAUCA,76001,SANTIAGO DE CALI,MUNICIPIO,NO,NO,NO APLICA,3818,SECRETARÍA DE EDUCACIÓN DE CALI,230.0,230.0,No aporta información,2 - MEDIA,3.416573589999486,-76.46818935965128,\N,2026-08-29T08:58:26Z
376001036670,2026-08-29,376001036670,CORPORACION EDUCATIVA ANTONIO MACEO,CORPORACION EDUCATIVA ANTONIO MACEO,S,NO OFICIAL,AVALMO55@HOTMAIL.COM,IND KR 11-1 NO. 65-04,3148615907 - 3218288897,"PREESCOLAR,MEDIA,BÁSICA SECUNDARIA,BÁSICA PRIMARIA",URBANA,76,VALLE DEL CAUCA,76001,SANTIAGO DE CALI,MUNICIPIO,NO,NO,NO APLICA,3818,SECRETARÍA DE EDUCACIÓN DE CALI,186.0,186.0,No aporta información,3 - BAJA,\N,\N,\N,2026-08-29T08:58:26Z
376001036696,2026-08-29,376001036696,LICEO DOCENTE LA PLAYA,LICEO DOCENTE LA PLAYA,S,NO OFICIAL,LICEOLAPLALICEOLAPLAYA@GMAIL.COM,CL 80 9A - 60,6628340,"PREESCOLAR,BÁSICA PRIMARIA",RURAL,76,VALLE DEL CAUCA,76001,SANTIAGO DE CALI,MUNICIPIO,NO,NO,NO APLICA,3818,SECRETARÍA DE EDUCACIÓN DE CALI,62.0,62.0,No aporta información,2 - MEDIA,3.4836111109836017,-76.48333333298413,\N,2026-08-29T08:58:26Z
376001036793,2026-08-29,376001036793,LICEO REAL MONTESSORI,LICEO REAL MONTESSORI,S,NO OFICIAL,LICEOREALMONTESSORI@HOTMAIL.COM,KR 41 13 B 31,3174231297 - 6024059216,"PREESCOLAR,BÁSICA PRIMARIA",URBANA,76,VALLE DEL CAUCA,76001,SANTIAGO DE CALI,MUNICIPIO,NO,NO,NO APLICA,3818,SECRETARÍA DE EDUCACIÓN DE CALI,91.0,91.0,No aporta información,2 - MEDIA,3.4169694598150326,-76.52938499979888,\N,2026-08-29T08:58:26Z
376001036815,2026-08-29,376001036815,JARDIN INFANTIL TALLER CREATIVO  SENDEROS DEL ARTE,JARDIN INFANTIL TALLER CREATIVO  SENDEROS DEL ARTE,S,NO OFICIAL,CENTROLUDICOENTREPEKES@GMAIL.COM,IND CALLE 3 NO. 65 A 40,3075584 - 317 3988026 / 318 3890374,PREESCOLAR,URBANA,76,VALLE DEL CAUCA,76001,SANTIAGO DE CALI,MUNICIPIO,NO,NO,NO APLICA,3818,SECRETARÍA DE EDUCACIÓN DE CALI,8.0,8.0,No aporta información,2 - MEDIA,3.399061550150613,-76.54122674009615,\N,2026-08-29T08:58:26Z
376001036831,2026-08-29,376001036831,PREESCOLAR BAM BAM,PREESCOLAR BAM BAM,S,NO OFICIAL,MATERNAL@MIBAMBAN.EDU.CO,VEREDA LA CAROLINA  EL SILENCIO,3154836276,PREESCOLAR,RURAL,76,VALLE DEL CAUCA,76001,SANTIAGO DE CALI,MUNICIPIO,NO,NO,NO APLICA,3818,SECRETARÍA DE EDUCACIÓN DE CALI,10.0,10.0,No aporta información,2 - MEDIA,3.410507166072318,-76.55399581126125,\N,2026-08-29T08:58:26Z
376001036874,2026-08-29,376001036874,CENTRO EDUCATIVO TERRANOVA,CENTRO EDUCATIVO TERRANOVA,S,NO OFICIAL,CETERRANOVA2011@HOTMAIL.COM,CL 114 26 04,3168417602,"PREESCOLAR,MEDIA,BÁSICA SECUNDARIA,BÁSICA PRIMARIA",URBANA,76,VALLE DEL CAUCA,76001,SANTIAGO DE CALI,MUNICIPIO,NO,NO,NO APLICA,3818,SECRETARÍA DE EDUCACIÓN DE CALI,252.0,252.0,No aporta información,2 - MEDIA,3.4266444900685316,-76.46802109980867,\N,2026-08-29T08:58:26Z
376001036882,2026-08-29,376001036882,CENTRO EDUCATIVO AUTONOMO,CENTRO EDUCATIVO AUTONOMO,S,NO OFICIAL,AUTONOMO.CO21@GMAIL.COM,CL 99 A 20 40,3117717343,"PREESCOLAR,MEDIA,BÁSICA SECUNDARIA,BÁSICA PRIMARIA",URBANA,76,VALLE DEL CAUCA,76001,SANTIAGO DE CALI,MUNICIPIO,NO,NO,NO APLICA,3818,SECRETARÍA DE EDUCACIÓN DE CALI,370.0,370.0,No aporta información,2 - MEDIA,3.4357440600585467,-76.46450405982574,\N,2026-08-29T08:58:26Z
376001036904,2026-08-29,376001036904,LICEO ILLARE,LICEO ILLARE,S,NO OFICIAL,LICEO.ILLARE@GMAIL.COM,KR 13 54 08,3944844 - 3016527805,"PREESCOLAR,BÁSICA PRIMARIA",URBANA,76,VALLE DEL CAUCA,76001,SANTIAGO DE CALI,MUNICIPIO,NO,NO,NO APLICA,3818,SECRETARÍA DE EDUCACIÓN DE CALI,32.0,32.0,No aporta información,2 - MEDIA,3.4452759980709673,-76.49773746912034,\N,2026-08-29T08:58:26Z
376001036939,2026-08-29,376001036939,COLEGIO EL TESORO DEL SABER,COLEGIO EL TESORO DEL SABER,S,NO OFICIAL,COLETESORO@HOTMAIL.COM,AV 6 OESTE 32 07,3174709171 - 3106083707,"PREESCOLAR,MEDIA,BÁSICA SECUNDARIA,BÁSICA PRIMARIA",URBANA,76,VALLE DEL CAUCA,76001,SANTIAGO DE CALI,MUNICIPIO,NO,NO,NO APLICA,3818,SECRETARÍA DE EDUCACIÓN DE CALI,185.0,185.0,No aporta información,2 - MEDIA,3.4566666665600514,-76.58027777840961,\N,2026-08-29T08:58:26Z
376001037013,2026-08-29,376001037013,INSTITUTO TÉCNICO FUTURO PROFESIONAL,INSTITUTO TÉCNICO FUTURO PROFESIONAL - SEDE PRICIPAL,S,NO OFICIAL,INSTITUTOTECNICOFUTUROPROFESIONAL@HOTMAIL.COM,KR 42 45 13,3158455969,"PREESCOLAR,MEDIA,BÁSICA SECUNDARIA,BÁSICA PRIMARIA",URBANA,76,VALLE DEL CAUCA,76001,SANTIAGO DE CALI,MUNICIPIO,NO,NO,NO APLICA,3818,SECRETARÍA DE EDUCACIÓN DE CALI,328.0,328.0,No aporta información,2 - MEDIA,3.4078953597145656,-76.5082577301425,\N,2026-08-29T08:58:26Z
376001037064,2026-08-29,376001037064,COLEGIO MIXTO JESUS DE NAZARENO,COLEGIO MIXTO JESUS DE NAZARENO,S,NO OFICIAL,ARIZALANAZARENO2011@HOTMAIL.COM,CL 91 28 C 46,3174860726 - 3052538948,"PREESCOLAR,BÁSICA SECUNDARIA,BÁSICA PRIMARIA",URBANA,76,VALLE DEL CAUCA,76001,SANTIAGO DE CALI,MUNICIPIO,NO,NO,NO APLICA,3818,SECRETARÍA DE EDUCACIÓN DE CALI,92.0,92.0,No aporta información,2 - MEDIA,3.4163610004028526,-76.48405168966569,\N,2026-08-29T08:58:26Z
376001037137,2026-08-29,376001037137,LICEO INFANTIL QUERUBINES,LICEO INFANTIL QUERUBINES,S,NO OFICIAL,LICEO.IQUERUBINES@GMAIL.COM,AV 2 72 07,6026542814 - 3182283021,PREESCOLAR,URBANA,76,VALLE DEL CAUCA,76001,SANTIAGO DE CALI,MUNICIPIO,NO,NO,NO APLICA,3818,SECRETARÍA DE EDUCACIÓN DE CALI,41.0,41.0,No aporta información,2 - MEDIA,3.490840449814653,-76.50266204967755,\N,2026-08-29T08:58:26Z
376001037153,2026-08-29,376001037153,LICEO RISAS INFANTILES,LICEO RISAS INFANTILES,S,NO OFICIAL,ORFENELLY@HOTMAIL.ES,IND AV 2 B 1 # 73 N 35,6542192  317 5128761,"PREESCOLAR,BÁSICA PRIMARIA",URBANA,76,VALLE DEL CAUCA,76001,SANTIAGO DE CALI,MUNICIPIO,NO,NO,NO APLICA,3818,SECRETARÍA DE EDUCACIÓN DE CALI,170.0,170.0,No aporta información,2 - MEDIA,3.491771000134122,-76.50490500010987,\N,2026-08-29T08:58:26Z
376001037234,2026-08-29,376001037234,LICEO SAN JOSÉ,LICEO SAN JOSÉ,S,NO OFICIAL,COLEGIOLICEOSANJOSECALI@GMAIL.COM,KR 1 F 71 A 25,433 - 09 - 21 / 311 7028719,"PREESCOLAR,MEDIA,BÁSICA SECUNDARIA,BÁSICA PRIMARIA",URBANA,76,VALLE DEL CAUCA,76001,SANTIAGO DE CALI,MUNICIPIO,NO,NO,NO APLICA,3818,SECRETARÍA DE EDUCACIÓN DE CALI,336.0,336.0,No aporta información,2 - MEDIA,3.4761155002463617,-76.48560311968724,\N,2026-08-29T08:58:26Z
376001037242,2026-08-29,376001037242,COLEGIO YIZFRED,COLEGIO YIZFRED,S,NO OFICIAL,YIZFRED@HOTMAIL.COM,KR 41 E 40 20,3017098411,"PREESCOLAR,MEDIA,BÁSICA SECUNDARIA,BÁSICA PRIMARIA",URBANA,76,VALLE DEL CAUCA,76001,SANTIAGO DE CALI,MUNICIPIO,NO,NO,NO APLICA,3818,SECRETARÍA DE EDUCACIÓN DE CALI,643.0,643.0,No aporta información,2 - MEDIA,3.412517014584314,-76.51039447275879,\N,2026-08-29T08:58:26Z
376001037277,2026-08-29,376001037277,JARDIN INFANTIL SEMILLITAS DEL FUTURO,JARDIN INFANTIL SEMILLITAS DEL FUTURO,S,NO OFICIAL,SEMILLITASDELFUTURO@TELESAT.CO,CL 28 11 A 31,3173803083,PREESCOLAR,URBANA,76,VALLE DEL CAUCA,76001,SANTIAGO DE CALI,MUNICIPIO,NO,NO,NO APLICA,3818,SECRETARÍA DE EDUCACIÓN DE CALI,2.0,2.0,No aporta información,2 - MEDIA,3.449540360196204,-76.51593561021463,\N,2026-08-29T08:58:26Z
376001037285,2026-08-29,376001037285,JARDIN INFANTIL CASITA DE CHOCOLATE,JARDIN INFANTIL CASITA DE CHOCOLATE,S,NO OFICIAL,JARDINCASITADCHOCOLATE@GMAIL.COM,KR 11 D 34 15,3136840398,PREESCOLAR,URBANA,76,VALLE DEL CAUCA,76001,SANTIAGO DE CALI,MUNICIPIO,NO,NO,NO APLICA,3818,SECRETARÍA DE EDUCACIÓN DE CALI,66.0,66.0,No aporta información,2 - MEDIA,3.448456100060839,-76.50978249996305,\N,2026-08-29T08:58:26Z
376001037528,2026-08-29,376001037528,LICEO LA TRINIDAD,LICEO LA TRINIDAD,S,NO OFICIAL,LICEOTRINIDAD@GMAIL.COM,IND KR 33B DIAG.30 - 27,3368557  316 3219993,"PREESCOLAR,BÁSICA PRIMARIA",URBANA,76,VALLE DEL CAUCA,76001,SANTIAGO DE CALI,MUNICIPIO,NO,NO,NO APLICA,3818,SECRETARÍA DE EDUCACIÓN DE CALI,80.0,80.0,No aporta información,2 - MEDIA,3.4217471602024814,-76.50709079972381,\N,2026-08-29T08:58:26Z
376001037536,2026-08-29,376001037536,CORPORACION NACIONAL DE ESTUDIOS,CORPORACION NACIONAL DE ESTUDIOS,S,NO OFICIAL,CORPORACIONNACIONALDEESTUDIOS@HOTMAIL.COM,KR 8 B 58 105,(602) 3931239 - 3008902854,"MEDIA,BÁSICA SECUNDARIA,BÁSICA PRIMARIA",URBANA,76,VALLE DEL CAUCA,76001,SANTIAGO DE CALI,MUNICIPIO,NO,NO,NO APLICA,3818,SECRETARÍA DE EDUCACIÓN DE CALI,233.0,0.0,No aporta información,3 - BAJA,\N,\N,\N,2026-08-29T08:58:26Z
376001037544,2026-08-29,376001037544,CENTRO EDUCATIVO CREAR,CENTRO EDUCATIVO CREAR,S,NO OFICIAL,CEDUCREAR@YAHOO.COM,KR 28 C 50 80,3128573499,"PREESCOLAR,BÁSICA PRIMARIA",URBANA,76,VALLE DEL CAUCA,76001,SANTIAGO DE CALI,MUNICIPIO,NO,NO,NO APLICA,3818,SECRETARÍA DE EDUCACIÓN DE CALI,16.0,16.0,No aporta información,2 - MEDIA,3.4296119097003968,-76.50087448041559,\N,2026-08-29T08:58:26Z
376001037617,2026-08-29,376001037617,COLEGIO ARQUIDIOCESANO JUAN PABLO II,COLEGIO ARQUIDIOCESANO JUAN PABLO II,S,NO OFICIAL,RECTOR.JP2@ARQUIDIOCESANOS.EDU.CO,DG 51 OESTE 10 96,3174033624 - 4850227 EXT. 2500 - 2510,"PREESCOLAR,MEDIA,BÁSICA SECUNDARIA,BÁSICA PRIMARIA",URBANA,76,VALLE DEL CAUCA,76001,SANTIAGO DE CALI,MUNICIPIO,NO,NO,NO APLICA,3818,SECRETARÍA DE EDUCACIÓN DE CALI,533.0,533.0,No aporta información,2 - MEDIA,3.4149000703291406,-76.56172861971974,\N,2026-08-29T08:58:26Z
376001037633,2026-08-29,376001037633,APRENDER CEA (CENTRO DE EDUCACIÓN Y ARTE),JARDIN INFANTIL APRENDAMOS - SEDE PRINCIPAL,S,NO OFICIAL,JARDINAPRENDAMOS@HOTMAIL.COM,IND CALLE INES DE LARA EL CALLEJONCITO CASA NO 13,3164280845,PREESCOLAR,URBANA,76,VALLE DEL CAUCA,76001,SANTIAGO DE CALI,MUNICIPIO,NO,NO,NO APLICA,3818,SECRETARÍA DE EDUCACIÓN DE CALI,61.0,61.0,No aporta información,3 - BAJA,\N,\N,\N,2026-08-29T08:58:26Z
376001037650,2026-08-29,376001037650,COLEGIO BILINGÜE LANCASTER,COLEGIO BILINGÜE LANCASTER,S,NO OFICIAL,SECRETARIAACADEMICA@LANCASTER.EDU.CO,KR 66 A 1 C 65,6023243960 - 3504230798,"PREESCOLAR,MEDIA,BÁSICA SECUNDARIA,BÁSICA PRIMARIA",URBANA,76,VALLE DEL CAUCA,76001,SANTIAGO DE CALI,MUNICIPIO,NO,NO,NO APLICA,3818,SECRETARÍA DE EDUCACIÓN DE CALI,875.0,875.0,No aporta información,2 - MEDIA,3.3976209999480678,-76.55348999956917,\N,2026-08-29T08:58:26Z
376001037803,2026-08-29,376001037803,INSTITUTO TECNOLOGICO LOS SABIOS DEL FUTURO,INST TEC LOS SABIOS DEL FUTURO,S,NO OFICIAL,INSTITUTOTECNOLOGIOLOSSABIOSDE@GMAIL.COM,IND KR 26D1 97 95,403-49-16,"PREESCOLAR,MEDIA,BÁSICA SECUNDARIA,BÁSICA PRIMARIA",URBANA,76,VALLE DEL CAUCA,76001,SANTIAGO DE CALI,MUNICIPIO,NO,NO,NO APLICA,3818,SECRETARÍA DE EDUCACIÓN DE CALI,457.0,457.0,No aporta información,2 - MEDIA,3.426857000266879,-76.47175199991466,\N,2026-08-29T08:58:26Z
376001037820,2026-08-29,376001037820,INSTITUTO TECNICO JUVENIL DEL VALLE,INSTITUTO TECNICO JUVENIL DEL VALLE,S,NO OFICIAL,TECJUVENIL@GMAIL.COM,IND KR 26Q # 123-65,3027751918 - 6024201228,"PREESCOLAR,MEDIA,BÁSICA SECUNDARIA,BÁSICA PRIMARIA",URBANA,76,VALLE DEL CAUCA,76001,SANTIAGO DE CALI,MUNICIPIO,NO,NO,NO APLICA,3818,SECRETARÍA DE EDUCACIÓN DE CALI,207.0,207.0,No aporta información,2 - MEDIA,3.4132984199893746,-76.46805343017574,\N,2026-08-29T08:58:26Z
376001037846,2026-08-29,376001037846,CENTRO EDUCATIVO JUAN CARLOS GARZON,CENTRO EDUCATIVO JUAN CARLOS GARZON,S,NO OFICIAL,CEJUANCARLOSGARZON@GMAIL.COM,IND CL 101 24 104 - CL 101 24 - 110 Y CL 100E 24 - 105,3508259666 - 4200770,"PREESCOLAR,MEDIA,BÁSICA SECUNDARIA,BÁSICA PRIMARIA",URBANA,76,VALLE DEL CAUCA,76001,SANTIAGO DE CALI,MUNICIPIO,NO,NO,NO APLICA,3818,SECRETARÍA DE EDUCACIÓN DE CALI,513.0,513.0,No aporta información,2 - MEDIA,3.4327765904224337,-76.467581909873,\N,2026-08-29T08:58:26Z
376001037901,2026-08-29,376001037901,CENTRO PEDAGOGICO AVENTURAS DEL SABER,CENTRO PEDAGOGICO AVENTURAS DEL SABER,S,NO OFICIAL,AVENTURASDELSABER@HOTMAIL.COM,CL 121 26 E BIS 17,4203518 / 323 5841030,"PREESCOLAR,BÁSICA SECUNDARIA,BÁSICA PRIMARIA",URBANA,76,VALLE DEL CAUCA,76001,SANTIAGO DE CALI,MUNICIPIO,NO,NO,NO APLICA,3818,SECRETARÍA DE EDUCACIÓN DE CALI,142.0,142.0,No aporta información,2 - MEDIA,3.42166666668407,-76.48000000027342,\N,2026-08-29T08:58:26Z
376001037943,2026-08-29,376001037943,INSTITUTO TECNICO INDUSTRIAL Y COMERCIAL SIGLO XXI,INSTITUTO TECNICO INDUSTRIAL Y COMERCIAL SIGLO XXI,S,NO OFICIAL,INTESIXXI@LATINMAIL.COM,KR 26 M 123 07,3005525643-6024016194,"PREESCOLAR,MEDIA,BÁSICA SECUNDARIA,BÁSICA PRIMARIA",URBANA,76,VALLE DEL CAUCA,76001,SANTIAGO DE CALI,MUNICIPIO,NO,NO,NO APLICA,3818,SECRETARÍA DE EDUCACIÓN DE CALI,175.0,175.0,No aporta información,2 - MEDIA,3.415391480052044,-76.46741165038057,\N,2026-08-29T08:58:26Z
376001038231,2026-08-29,376001038231,LICEO COMERCIAL SAN JUAN APOSTOL,LICEO COMERCIAL SAN JUAN APOSTOL,S,NO OFICIAL,ANGELAMARIA_TAVERACHARRY@YAHOO.COM,IND DG 26 P 12 # 103-14,3165382651,"PREESCOLAR,MEDIA,BÁSICA SECUNDARIA,BÁSICA PRIMARIA",URBANA,76,VALLE DEL CAUCA,76001,SANTIAGO DE CALI,MUNICIPIO,NO,NO,NO APLICA,3818,SECRETARÍA DE EDUCACIÓN DE CALI,232.0,232.0,No aporta información,2 - MEDIA,3.421795873282191,-76.47774256271052,\N,2026-08-29T08:58:26Z
376001038281,2026-08-29,376001038281,INSTITUTO GRAN COLOMBIA,INTITUTO GRAN COLOMBIA,S,NO OFICIAL,INSTITUTOGRANCOLOMBIA08@GMAIL.COM,IND CL 72F5 28D3-03,4379636,"PREESCOLAR,MEDIA,BÁSICA SECUNDARIA,BÁSICA PRIMARIA",URBANA,76,VALLE DEL CAUCA,76001,SANTIAGO DE CALI,MUNICIPIO,NO,NO,NO APLICA,3818,SECRETARÍA DE EDUCACIÓN DE CALI,895.0,175.0,No aporta información,2 - MEDIA,3.424368999833697,-76.49666900034498,\N,2026-08-29T08:58:26Z
376001038290,2026-08-29,376001038290,LICEO LUZ DEL SABER,LICEO LUZ DEL SABER,S,NO OFICIAL,LLDELSABER@HOTMAIL.COM,KR 45 15 A 32,3105214857,"PREESCOLAR,BÁSICA PRIMARIA",URBANA,76,VALLE DEL CAUCA,76001,SANTIAGO DE CALI,MUNICIPIO,NO,NO,NO APLICA,3818,SECRETARÍA DE EDUCACIÓN DE CALI,284.0,284.0,No aporta información,2 - MEDIA,3.4117444197455535,-76.52606355000275,\N,2026-08-29T08:58:26Z
376001038435,2026-08-29,376001038435,GENIOS DEL SABER,GENIOS DEL SABER,S,NO OFICIAL,HROES_BOYAC@YAHOO.ES,CL 107 B 26 H 16,3160694768,"PREESCOLAR,BÁSICA SECUNDARIA,BÁSICA PRIMARIA",URBANA,76,VALLE DEL CAUCA,76001,SANTIAGO DE CALI,MUNICIPIO,NO,NO,NO APLICA,3818,SECRETARÍA DE EDUCACIÓN DE CALI,24.0,24.0,No aporta información,2 - MEDIA,3.424328940149781,-76.47221780962714,\N,2026-08-29T08:58:26Z
376001038478,2026-08-29,376001038478,CENTRO DE ESTUDIOS ACADEMICOS,CENTRO DE ESTUDIOS ACADEMICOS C.E.A,S,NO OFICIAL,CEAARCHIVOS@GMAIL.COM,CALLE 36 Nº 46 - 19,3283433,"MEDIA,BÁSICA SECUNDARIA,BÁSICA PRIMARIA",URBANA,76,VALLE DEL CAUCA,76001,SANTIAGO DE CALI,MUNICIPIO,NO,NO,NO APLICA,3818,SECRETARÍA DE EDUCACIÓN DE CALI,93.0,0.0,No aporta información,2 - MEDIA,3.4089615080393427,-76.51843376034105,\N,2026-08-29T08:58:26Z
376001038524,2026-08-29,376001038524,LICEO PIAGET,LICEO PIAGET,S,NO OFICIAL,ESCUELAMATERNAL@LICEOPIAGET.EDU.CO,IND CARRERA 4CN 72-05,3014073628,"PREESCOLAR,BÁSICA PRIMARIA",URBANA,76,VALLE DEL CAUCA,76001,SANTIAGO DE CALI,MUNICIPIO,NO,NO,NO APLICA,3818,SECRETARÍA DE EDUCACIÓN DE CALI,95.0,95.0,No aporta información,2 - MEDIA,3.492038569606598,-76.49764119038312,\N,2026-08-29T08:58:26Z
376001038541,2026-08-29,376001038541,COLEGIO FRAY LUIS FERRER,COL FRAY LUIS FERRER,S,NO OFICIAL,COLFRAYLUIS@HOTMAIL.COM,IND KR 1CN 73-05,4335894 - 3176827485,"PREESCOLAR,MEDIA,BÁSICA SECUNDARIA,BÁSICA PRIMARIA",URBANA,76,VALLE DEL CAUCA,76001,SANTIAGO DE CALI,MUNICIPIO,NO,NO,NO APLICA,3818,SECRETARÍA DE EDUCACIÓN DE CALI,205.0,205.0,No aporta información,2 - MEDIA,3.4929783810966377,-76.48968371506874,\N,2026-08-29T08:58:26Z
376001038567,2026-08-29,376001038567,LICEO ANDREWS,LICEO ANDREWS,S,NO OFICIAL,ANBARTI@HOTMAIL.COM,KR 22 1 57 OESTE,3008325059,"PREESCOLAR,BÁSICA PRIMARIA",URBANA,76,VALLE DEL CAUCA,76001,SANTIAGO DE CALI,MUNICIPIO,NO,NO,NO APLICA,3818,SECRETARÍA DE EDUCACIÓN DE CALI,55.0,55.0,No aporta información,2 - MEDIA,3.441923498571142,-76.54163064869905,\N,2026-08-29T08:58:26Z
376001038648,2026-08-29,376001038648,INSTITUTO TECNICO COMERCIAL SANTO TOMAS,INSTITUTO TECNICO COMERCIAL SANTO TOMAS,S,NO OFICIAL,SANTOTOMAS_PHR@HOTMAIL.COM,IND CALLE 101E N. 24B-10  24B-97,4030111 - 318 5690227,"PREESCOLAR,MEDIA,BÁSICA SECUNDARIA,BÁSICA PRIMARIA",URBANA,76,VALLE DEL CAUCA,76001,SANTIAGO DE CALI,MUNICIPIO,NO,NO,NO APLICA,3818,SECRETARÍA DE EDUCACIÓN DE CALI,7.0,7.0,No aporta información,2 - MEDIA,3.4314423018994002,-76.46815394896109,\N,2026-08-29T08:58:26Z
376001038681,2026-08-29,376001038681,INSTITUTO TECNICO CONSTRUCTORES DEL FUTURO,INSTITUTO TECNICO CONSTRUCTORES DEL FUTURO,S,NO OFICIAL,CONFUTUROVIRTUAL@GMAIL.COM,IND DIAGONAL 26I 1 NO 96-11,3013751415,"MEDIA,BÁSICA SECUNDARIA",URBANA,76,VALLE DEL CAUCA,76001,SANTIAGO DE CALI,MUNICIPIO,NO,NO,NO APLICA,3818,SECRETARÍA DE EDUCACIÓN DE CALI,232.0,0.0,No aporta información,2 - MEDIA,3.4432490000796276,-76.53172470956707,\N,2026-08-29T08:58:26Z
376001038745,2026-08-29,376001038745,LICEO MODERNO LOS ROBLES 2,LICEO MODERNO LOS ROBLES 2,S,NO OFICIAL,LICEOMODERNOLOSROBLES@GMAIL.COM,IND CL 72 R 28 E2 62/16,3148344331 - 3177911597,"PREESCOLAR,BÁSICA SECUNDARIA,BÁSICA PRIMARIA",URBANA,76,VALLE DEL CAUCA,76001,SANTIAGO DE CALI,MUNICIPIO,NO,NO,NO APLICA,3818,SECRETARÍA DE EDUCACIÓN DE CALI,265.0,265.0,No aporta información,2 - MEDIA,3.4211640638005787,-76.49495497166374,\N,2026-08-29T08:58:26Z
376001038800,2026-08-29,376001038800,CENTRO EDUCATIVO SHALOM ALEJEM,CENTRO EDUCATIVO SHALOM ALEJEM,S,NO OFICIAL,JULIANITA_JULY@HOTMAIL.COM,IND AV 2 G NORTE 58N 100 Y CALLE 56 2 203,3177578312,"PREESCOLAR,BÁSICA PRIMARIA",URBANA,76,VALLE DEL CAUCA,76001,SANTIAGO DE CALI,MUNICIPIO,NO,NO,NO APLICA,3818,SECRETARÍA DE EDUCACIÓN DE CALI,79.0,79.0,No aporta información,3 - BAJA,\N,\N,\N,2026-08-29T08:58:26Z
376001038877,2026-08-29,376001038877,LICEO PAULO FREIRE,LICEO PAULO FREIRE,S,NO OFICIAL,PAULOFREIRELICEO@GMAIL.COM,IND AV 2 B NORTE # 75CN-61,3158703011 - 3158784433,"PREESCOLAR,BÁSICA PRIMARIA",URBANA,76,VALLE DEL CAUCA,76001,SANTIAGO DE CALI,MUNICIPIO,NO,NO,NO APLICA,3818,SECRETARÍA DE EDUCACIÓN DE CALI,66.0,66.0,No aporta información,3 - BAJA,\N,\N,\N,2026-08-29T08:58:26Z
376001039016,2026-08-29,376001039016,INSTITUTO  COLOMBIA,INSTITUTO  COLOMBIA,S,NO OFICIAL,INSTITUTOCOLOMBIA1@GMAIL.COM,CL 6 6 35,3505910544 - 6028839142,"MEDIA,BÁSICA SECUNDARIA",URBANA,76,VALLE DEL CAUCA,76001,SANTIAGO DE CALI,MUNICIPIO,NO,NO,NO APLICA,3818,SECRETARÍA DE EDUCACIÓN DE CALI,87.0,0.0,No aporta información,2 - MEDIA,3.448223000419984,-76.53595799968224,\N,2026-08-29T08:58:26Z
376001039024,2026-08-29,376001039024,CENTRO EDUCATIVO IDEAL,CENTRO EDUCATIVO IDEAL,S,NO OFICIAL,IDEAL@TELESAT.COM.CO,CL 50 10 A 08,3164690725 - 6024863732,"PREESCOLAR,BÁSICA PRIMARIA",URBANA,76,VALLE DEL CAUCA,76001,SANTIAGO DE CALI,MUNICIPIO,NO,NO,NO APLICA,3818,SECRETARÍA DE EDUCACIÓN DE CALI,64.0,64.0,No aporta información,2 - MEDIA,3.450219124741548,-76.49999137091429,\N,2026-08-29T08:58:26Z
376001039547,2026-08-29,376001039547,INSTITUTO MODERNO,INSTITUTO MODERNO,S,NO OFICIAL,\N,CALLE 4 71 44,3301340,"PREESCOLAR,MEDIA,BÁSICA SECUNDARIA,BÁSICA PRIMARIA",URBANA,76,VALLE DEL CAUCA,76001,SANTIAGO DE CALI,MUNICIPIO,NO,NO,NO APLICA,3818,SECRETARÍA DE EDUCACIÓN DE CALI,26.0,26.0,No aporta información,2 - MEDIA,3.3931344500955145,-76.54694424019847,\N,2026-08-29T08:58:26Z
376001040049,2026-08-29,376001040049,CENTRO DE CAPACITACION SANTA INES,CENTRO DE CAPACITACION SANTA INES,S,NO OFICIAL,SANTAINES_21@HOTMAIL.COM,CL 70 2 E 29,3176738933 - 6023449648,"MEDIA,BÁSICA SECUNDARIA,BÁSICA PRIMARIA",URBANA,76,VALLE DEL CAUCA,76001,SANTIAGO DE CALI,MUNICIPIO,NO,NO,NO APLICA,3818,SECRETARÍA DE EDUCACIÓN DE CALI,185.0,0.0,No aporta información,2 - MEDIA,3.4707997900491514,-76.48552875984298,\N,2026-08-29T08:58:26Z
376001040270,2026-08-29,376001040270,CENTRO DOCENTE SANTIAGO DE CALI NO.2,CENTRO DOCENTE SANTIAGO DE CALI NO.2,S,NO OFICIAL,CENDOSACA@LATINMAIL.COM,IND CL 55 43 A 09 / 15,3027817071 - 3207672090,"PREESCOLAR,MEDIA,BÁSICA SECUNDARIA,BÁSICA PRIMARIA",URBANA,76,VALLE DEL CAUCA,76001,SANTIAGO DE CALI,MUNICIPIO,NO,NO,NO APLICA,3818,SECRETARÍA DE EDUCACIÓN DE CALI,161.0,158.0,No aporta información,2 - MEDIA,3.398386208049671,-76.50497696684224,\N,2026-08-29T08:58:26Z
376001040303,2026-08-29,376001040303,INSTITUTO PARA NIÑOS CIEGOS Y SORDOS DEL VALLE DEL CAUCA,INSTITUTO PARA NIÑOS CIEGOS Y SORDOS DEL VALLE DEL CAUCA,S,NO OFICIAL,INSTITUTO@CIEGOSYSORDOS.ORG.CO,IND CARRERA 38 NO. 5B1-39,3174374900 - 3113548640 - 5552073 EXT.2214,"PREESCOLAR,BÁSICA PRIMARIA",URBANA,76,VALLE DEL CAUCA,76001,SANTIAGO DE CALI,MUNICIPIO,NO,NO,NO APLICA,3818,SECRETARÍA DE EDUCACIÓN DE CALI,81.0,81.0,No aporta información,2 - MEDIA,3.427729999905483,-76.54419799964508,\N,2026-08-29T08:58:26Z
376001040399,2026-08-29,376001040399,INSTITUTO NACIONAL EBENEZER,INSTITUTO NACIONAL EBENEZER,S,NO OFICIAL,INSTITUCIONNACIONALEBENEZER@HOTMAIL.COM,CL 50 A 32 A 12,3152777274,"PREESCOLAR,MEDIA,BÁSICA SECUNDARIA,BÁSICA PRIMARIA",URBANA,76,VALLE DEL CAUCA,76001,SANTIAGO DE CALI,MUNICIPIO,NO,NO,NO APLICA,3818,SECRETARÍA DE EDUCACIÓN DE CALI,107.0,0.0,No aporta información,2 - MEDIA,3.4127759996458655,-76.49558800007145,\N,2026-08-29T08:58:26Z
376001040407,2026-08-29,376001040407,COLEGIO MAYOR DEL NORTE NO 2 - PIZAMOS,COLEGIO MAYOR DEL NORTE 2 - PIZAMOS,N,OFICIAL,MAYORDELNORTE@YAHOO.ES,IND CRA. 28D4 NO. 120B-70,4209388 - 3214434093,"PREESCOLAR,MEDIA,BÁSICA SECUNDARIA,BÁSICA PRIMARIA",URBANA,76,VALLE DEL CAUCA,76001,SANTIAGO DE CALI,MUNICIPIO,NO,NO,NO APLICA,3818,SECRETARÍA DE EDUCACIÓN DE CALI,866.0,860.0,No aporta información,2 - MEDIA,3.4085919995685097,-76.47520800027235,\N,2026-08-29T08:58:26Z
376001040414,2026-08-29,376001040414,LICEO INFANTIL Y ESCUELA MATERNAL RINCÓN DE EXPERIENCIAS,LICEO INFANTIL RINCÓN DE EXPERIENCIAS,S,NO OFICIAL,RINCONDEEXPERIENCIAS@HOTMAIL.COM,IND KR 29A NO 9C BIS - 26,3056894 - 310 5101418,"PREESCOLAR,BÁSICA PRIMARIA",URBANA,76,VALLE DEL CAUCA,76001,SANTIAGO DE CALI,MUNICIPIO,NO,NO,NO APLICA,3818,SECRETARÍA DE EDUCACIÓN DE CALI,53.0,53.0,No aporta información,2 - MEDIA,3.4299253749062917,-76.53291513632034,\N,2026-08-29T08:58:26Z
376001040478,2026-08-29,376001040478,INSTITUTO TECNOLOGICO REY DE REYES II,INSTITUTO TECNOLOGICO REY DE REYES,S,NO OFICIAL,CUREYDEREYES@HOTMAIL.COM,IND CLL 78 # 28F72,3148636454 - 6023481263,"PREESCOLAR,MEDIA,BÁSICA SECUNDARIA,BÁSICA PRIMARIA",URBANA,76,VALLE DEL CAUCA,76001,SANTIAGO DE CALI,MUNICIPIO,NO,NO,NO APLICA,3818,SECRETARÍA DE EDUCACIÓN DE CALI,44.0,44.0,No aporta información,3 - BAJA,\N,\N,\N,2026-08-29T08:58:26Z
376001040532,2026-08-29,376001040532,LICEO COLOMBIA JOVEN,LICEO COLOMBIA JOVEN,S,NO OFICIAL,LICEOCOLOMBIAJOVEN@YAHOO.COM,KR 94 2 A 19,3184006769,"PREESCOLAR,MEDIA,BÁSICA SECUNDARIA,BÁSICA PRIMARIA",URBANA,76,VALLE DEL CAUCA,76001,SANTIAGO DE CALI,MUNICIPIO,NO,NO,NO APLICA,3818,SECRETARÍA DE EDUCACIÓN DE CALI,740.0,740.0,No aporta información,2 - MEDIA,3.376824500098464,-76.55125321966455,\N,2026-08-29T08:58:26Z
376001040596,2026-08-29,376001040596,CENTRO DE ESTUDIOS FUTUROS,CENTRO DE ESTUDIOS FUTUROS,S,NO OFICIAL,CENESFU@HOTMAIL.COM,KR 12 22 A 42,3175407400,"MEDIA,BÁSICA SECUNDARIA,BÁSICA PRIMARIA",URBANA,76,VALLE DEL CAUCA,76001,SANTIAGO DE CALI,MUNICIPIO,NO,NO,NO APLICA,3818,SECRETARÍA DE EDUCACIÓN DE CALI,181.0,0.0,No aporta información,2 - MEDIA,3.4462874101934546,-76.5198777096338,\N,2026-08-29T08:58:26Z
376001040611,2026-08-29,376001040611,INSTITUTO TÉCNICO DE CAPACITACIÓN ITECI,INSTITUTO TÉCNICO DE CAPACITACIÓN ITECI - SEDE PRINCIPAL,S,NO OFICIAL,COLEGIOITECI@GMAIL.COM,AV 6 OESTE 21 51,3165690324,"MEDIA,BÁSICA SECUNDARIA,BÁSICA PRIMARIA",URBANA,76,VALLE DEL CAUCA,76001,SANTIAGO DE CALI,MUNICIPIO,NO,NO,NO APLICA,3818,SECRETARÍA DE EDUCACIÓN DE CALI,27.0,0.0,No aporta información,2 - MEDIA,3.468881219868682,-76.4923684991786,\N,2026-08-29T08:58:26Z
376001040747,2026-08-29,376001040747,JARDÍN Y GUARDERÍA AFIRMANDO MIS PASOS,JARDÍN Y GUARDERÍA AFIRMANDO MIS PASOS - SEDE PRINCIPAL,N,OFICIAL,AFIRMANDOMISPASOS@YAHOO.COM,KR 47 12 B 07,3103877159,PREESCOLAR,URBANA,76,VALLE DEL CAUCA,76001,SANTIAGO DE CALI,MUNICIPIO,NO,NO,NO APLICA,3818,SECRETARÍA DE EDUCACIÓN DE CALI,41.0,41.0,No aporta información,2 - MEDIA,3.412558409981149,-76.53426315991378,\N,2026-08-29T08:58:26Z
376001040801,2026-08-29,376001040801,INSTITUTO DE TERAPIA ESPECIAL DE LOS SENTIDOS ITES,INSTITUTO DE TERAPIA ESPECIAL DE LOS SENTIDOS ITES,S,NO OFICIAL,CLEONESFDO@TELESAT.COM.CO,CL 3 26 51,5564793  5564789,"PREESCOLAR,BÁSICA SECUNDARIA,BÁSICA PRIMARIA",URBANA,76,VALLE DEL CAUCA,76001,SANTIAGO DE CALI,MUNICIPIO,NO,NO,NO APLICA,3818,SECRETARÍA DE EDUCACIÓN DE CALI,87.0,87.0,No aporta información,2 - MEDIA,3.4357677777913347,-76.54258083270769,\N,2026-08-29T08:58:26Z
376001040826,2026-08-29,376001040826,COLEGIO GENERAL PEDRO ALCÁNTARA HERRÁN,COLEGIO GENERAL PEDRO ALCÁNTARA HERRÁN - SEDE PRINCIPAL,S,NO OFICIAL,COL.GEPAH.CALI@GMAIL.COM,KR 3 BN 71 C 50,3147583416- 3185167011,"PREESCOLAR,MEDIA,BÁSICA SECUNDARIA,BÁSICA PRIMARIA",URBANA,76,VALLE DEL CAUCA,76001,SANTIAGO DE CALI,MUNICIPIO,NO,NO,NO APLICA,3818,SECRETARÍA DE EDUCACIÓN DE CALI,215.0,215.0,No aporta información,2 - MEDIA,3.4885414258994834,-76.49618569055245,\N,2026-08-29T08:58:26Z
376001040840,2026-08-29,376001040840,COLEGIO ECOLOGICO SCOUT,COLEGIO ECOLOGICO SCOUT,S,NO OFICIAL,RECTORIA@COLEGIOECOLOGICOSCOUT.EDU.CO,CL 17 A 122 33,3166913665 - 3008642896,"PREESCOLAR,MEDIA,BÁSICA SECUNDARIA,BÁSICA PRIMARIA",URBANA,76,VALLE DEL CAUCA,76001,SANTIAGO DE CALI,MUNICIPIO,NO,NO,NO APLICA,3818,SECRETARÍA DE EDUCACIÓN DE CALI,101.0,101.0,No aporta información,3 - BAJA,\N,\N,\N,2026-08-29T08:58:26Z
376001040881,2026-08-29,376001040881,LICEO SEMILLAS DE PAZ,LICEO SEMILLAS DE PAZ,S,NO OFICIAL,LICEOSEMILLASDEPAZ@GMAIL.COM,CL 66 1 A 13,3052536006,PREESCOLAR,URBANA,76,VALLE DEL CAUCA,76001,SANTIAGO DE CALI,MUNICIPIO,NO,NO,NO APLICA,3818,SECRETARÍA DE EDUCACIÓN DE CALI,28.0,28.0,No aporta información,2 - MEDIA,3.4793904002178135,-76.49059501011037,\N,2026-08-29T08:58:26Z
376001040951,2026-08-29,376001040951,COLEGIO PORTALES,COLEGIO PORTALES,S,NO OFICIAL,EDUPORTAL2011@GMAIL.COM,CL 64 B 2 D 99,4307372,"PREESCOLAR,BÁSICA PRIMARIA",URBANA,76,VALLE DEL CAUCA,76001,SANTIAGO DE CALI,MUNICIPIO,NO,NO,NO APLICA,3818,SECRETARÍA DE EDUCACIÓN DE CALI,110.0,110.0,No aporta información,2 - MEDIA,3.4694827655864326,-76.48941911809841,\N,2026-08-29T08:58:26Z
376001041018,2026-08-29,376001041018,COLEGIO MAYOR SAN ANTONIO DE PADUA,COLEGIO MAYOR SAN ANTONIO DE PADUA,S,NO OFICIAL,SECRETARIACADEMICA@FUNPADUA.ORG,CL 22 145 71,3206515621 - 6024893014,"PREESCOLAR,MEDIA,BÁSICA SECUNDARIA,BÁSICA PRIMARIA",URBANA,76,VALLE DEL CAUCA,76001,SANTIAGO DE CALI,MUNICIPIO,NO,NO,NO APLICA,3818,SECRETARÍA DE EDUCACIÓN DE CALI,200.0,200.0,No aporta información,3 - BAJA,\N,\N,\N,2026-08-29T08:58:26Z
376001041041,2026-08-29,376001041041,LICEO INFANTIL GENIOS DEL FUTURO,LICEO INFANTIL GENIOS DEL FUTURO - SEDE PRINCIPAL,S,NO OFICIAL,L.GENIOSDELFUTURO@HOTMAIL.COM,CL 40 11 D 40,4413695 / 313 6239755,PREESCOLAR,URBANA,76,VALLE DEL CAUCA,76001,SANTIAGO DE CALI,MUNICIPIO,NO,NO,NO APLICA,3818,SECRETARÍA DE EDUCACIÓN DE CALI,25.0,25.0,No aporta información,2 - MEDIA,3.44855467035641,-76.50642959026735,\N,2026-08-29T08:58:26Z
376001041129,2026-08-29,376001041129,LICEO INFANTIL Y GUARDERIA PIO PIO,LICEO INFANTIL Y GUARDERIA PIO PIO,S,NO OFICIAL,\N,KR 45 BIS 16 06,3369165 - 3022893831,PREESCOLAR,URBANA,76,VALLE DEL CAUCA,76001,SANTIAGO DE CALI,MUNICIPIO,NO,NO,NO APLICA,3818,SECRETARÍA DE EDUCACIÓN DE CALI,28.0,28.0,No aporta información,3 - BAJA,\N,\N,\N,2026-08-29T08:58:26Z
376001041136,2026-08-29,376001041136,LICEO INFANTIL CRECIENDO,LICEO INFANTIL CRECIENDO,S,NO OFICIAL,CRECIENDO888@HOTMAIL.COM,CL 15 42 A 48,3106943992,"PREESCOLAR,BÁSICA PRIMARIA",URBANA,76,VALLE DEL CAUCA,76001,SANTIAGO DE CALI,MUNICIPIO,NO,NO,NO APLICA,3818,SECRETARÍA DE EDUCACIÓN DE CALI,66.0,66.0,No aporta información,2 - MEDIA,3.413623999857443,-76.52584300012578,\N,2026-08-29T08:58:26Z
376001041191,2026-08-29,376001041191,CENT. MATERNO INFANTIL CARRUSEL DE LA ALEGRIA,CENT. MATERNO INFANTIL CARRUSEL DE LA ALEGRIA,S,NO OFICIAL,CARRUSELALEGRIAS@HOTMAIL.COM,CL 8 37 A 42,3012615797 - 6025141704,PREESCOLAR,URBANA,76,VALLE DEL CAUCA,76001,SANTIAGO DE CALI,MUNICIPIO,NO,NO,NO APLICA,3818,SECRETARÍA DE EDUCACIÓN DE CALI,6.0,6.0,No aporta información,2 - MEDIA,3.4234799002493173,-76.53988897975485,\N,2026-08-29T08:58:26Z
376001041222,2026-08-29,376001041222,LICEO INFANTIL LUCECITAS,LICEO INFANTIL LUCECITAS,S,NO OFICIAL,JARDLUCECITAS@HOTMAIL.COM,KR 11 54 63,3043544365,"PREESCOLAR,BÁSICA PRIMARIA",URBANA,76,VALLE DEL CAUCA,76001,SANTIAGO DE CALI,MUNICIPIO,NO,NO,NO APLICA,3818,SECRETARÍA DE EDUCACIÓN DE CALI,32.0,32.0,No aporta información,2 - MEDIA,3.449764000357797,-76.4967549996604,\N,2026-08-29T08:58:26Z
376001041231,2026-08-29,376001041231,INSTITUCION EDUCATIVA COLEGIO AOZORA LTDA,INSTITUCION EDUCATIVA COLEGIO AOZORA LTDA,S,NO OFICIAL,AOZORA@LATINMAIL.COM,IND TV 9B # 29A35,3209856839,PREESCOLAR,URBANA,76,VALLE DEL CAUCA,76001,SANTIAGO DE CALI,MUNICIPIO,NO,NO,NO APLICA,3818,SECRETARÍA DE EDUCACIÓN DE CALI,104.0,104.0,No aporta información,2 - MEDIA,3.429968599728397,-76.53314447980564,\N,2026-08-29T08:58:26Z
376001041279,2026-08-29,376001041279,INSTITUTO SER INTERNACIONAL NORTE,INSTITUTO SER INTERNACIONAL - SEDE PRINCIPAL,N,NO OFICIAL,SERINTERNACIONALNORTE@HOTMAIL.COM,IND IND AV 4 NORTE 39N 25,3872461 - 322 6581386,"MEDIA,BÁSICA SECUNDARIA,BÁSICA PRIMARIA",URBANA,76,VALLE DEL CAUCA,76001,SANTIAGO DE CALI,MUNICIPIO,NO,NO,NO APLICA,3818,SECRETARÍA DE EDUCACIÓN DE CALI,92.0,0.0,No aporta información,3 - BAJA,\N,\N,\N,2026-08-29T08:58:26Z
376001041358,2026-08-29,376001041358,LICEO MIXTO RAYO DE LUZ,LICEO MIXTO RAYO DE LUZ,S,NO OFICIAL,PATRICIA_PEDRAZA2010@HOTMAIL.COM,KR 46 C 42 34,3178350623,"PREESCOLAR,BÁSICA PRIMARIA",URBANA,76,VALLE DEL CAUCA,76001,SANTIAGO DE CALI,MUNICIPIO,NO,NO,NO APLICA,3818,SECRETARÍA DE EDUCACIÓN DE CALI,39.0,39.0,No aporta información,2 - MEDIA,3.404740999853044,-76.51541600039977,\N,2026-08-29T08:58:26Z
376001041412,2026-08-29,376001041412,INSTITUTO TECNICO LATINOAMERICANO,INSTITUTO TECNICO LATINOAMERICANO,S,NO OFICIAL,ITLATINOAMERICANO2020@GMAIL.COM,KR 26 R 107 C 10,3173798314 - 6023860211,"PREESCOLAR,MEDIA,BÁSICA SECUNDARIA,BÁSICA PRIMARIA",URBANA,76,VALLE DEL CAUCA,76001,SANTIAGO DE CALI,MUNICIPIO,NO,NO,NO APLICA,3818,SECRETARÍA DE EDUCACIÓN DE CALI,676.0,676.0,No aporta información,2 - MEDIA,3.4178173801016882,-76.47557079028974,\N,2026-08-29T08:58:26Z
376001041444,2026-08-29,376001041444,INSTITUTO DE EDUCACION COMFENALCO VALLE,INSTITUTO DE EDUCACION COMFENALCO VALLE,S,NO OFICIAL,ECALDERON@COMFENALCOVALLE.COM.CO,KR 6 6 12,3206323461 - 6028862727 EXT: 3937,"MEDIA,BÁSICA SECUNDARIA,BÁSICA PRIMARIA",URBANA,76,VALLE DEL CAUCA,76001,SANTIAGO DE CALI,MUNICIPIO,NO,NO,NO APLICA,3818,SECRETARÍA DE EDUCACIÓN DE CALI,195.0,0.0,No aporta información,2 - MEDIA,3.44859800014313,-76.53597299975085,\N,2026-08-29T08:58:26Z
376001041483,2026-08-29,376001041483,COLEGIO TÉCNICO SAN SEBASTIAN N°2,COLEGIO TECNICO SAN SEBASTIAN N°2,S,NO OFICIAL,AARISTIZAR@HOTMAIL.COM,IND CALLE 77B # 23 05,3830216 - 4210749,"PREESCOLAR,MEDIA,BÁSICA SECUNDARIA,BÁSICA PRIMARIA",URBANA,76,VALLE DEL CAUCA,76001,SANTIAGO DE CALI,MUNICIPIO,NO,NO,NO APLICA,3818,SECRETARÍA DE EDUCACIÓN DE CALI,2.0,2.0,No aporta información,2 - MEDIA,3.4782529996185882,-76.48737499987277,\N,2026-08-29T08:58:26Z
376001041509,2026-08-29,376001041509,COLEGIO LOS ANDES SAN FERNANDO,COLEGIO LOS ANDES SAN FERNANDO,S,NO OFICIAL,SACADEMICALOSANDESSF@GMAIL.COM,IND CALLE 5B2 # 36-55,6025240274 - 3105486057 - 3206788314,"MEDIA,BÁSICA SECUNDARIA",URBANA,76,VALLE DEL CAUCA,76001,SANTIAGO DE CALI,MUNICIPIO,NO,NO,NO APLICA,3818,SECRETARÍA DE EDUCACIÓN DE CALI,240.0,0.0,No aporta información,2 - MEDIA,3.427708000066116,-76.54208399967685,\N,2026-08-29T08:58:26Z
376001041602,2026-08-29,376001041602,CENTRO DE ESTUDIOS PARA LOS SISTEMAS DE INFORMACION CESI,CENTRO DE ESTUDIOS PARA LOS SISTEMAS DE INFORMACION CESI - SEDE PRINCIPAL,S,NO OFICIAL,CESI01@HOTMAIL.COM,KR 46 14 46,3155870427,"MEDIA,BÁSICA SECUNDARIA",URBANA,76,VALLE DEL CAUCA,76001,SANTIAGO DE CALI,MUNICIPIO,NO,NO,NO APLICA,3818,SECRETARÍA DE EDUCACIÓN DE CALI,115.0,0.0,No aporta información,2 - MEDIA,3.41035699971098,-76.52798499968308,\N,2026-08-29T08:58:26Z
376001041641,2026-08-29,376001041641,CENTRO EDUCATIVO PARA NIÑOS SORDOS MARÍA DE NURIA SACASAS-AS,CENTRO EDUCATIVO PARA NIÑOS SORDOS MARÍA DE NURIA SACASAS-AS,N,OFICIAL,\N,CL 12 NORTE 9 50,3104452506,"PREESCOLAR,BÁSICA PRIMARIA",URBANA,76,VALLE DEL CAUCA,76001,SANTIAGO DE CALI,MUNICIPIO,NO,NO,NO APLICA,3818,SECRETARÍA DE EDUCACIÓN DE CALI,57.0,57.0,No aporta información,2 - MEDIA,3.4354675704328934,-76.53824645966516,\N,2026-08-29T08:58:26Z
376001041659,2026-08-29,376001041659,MATERNO INFANTIL CARITA FELIZ,MATERNO INFANTIL CARITA FELIZ,S,NO OFICIAL,OLGA.CARITAFELIZ@HOTMAIL.COM,IND CL 58 NORTE 3 B BIS 116,602 4020622 - 305 3363551,PREESCOLAR,URBANA,76,VALLE DEL CAUCA,76001,SANTIAGO DE CALI,MUNICIPIO,NO,NO,NO APLICA,3818,SECRETARÍA DE EDUCACIÓN DE CALI,31.0,31.0,No aporta información,2 - MEDIA,3.4897699997385767,-76.51349300022726,\N,2026-08-29T08:58:26Z
376001041752,2026-08-29,376001041752,JARDÍN INFANTIL Y GUARDERÍA SANTA ISABEL,JARDÍN INFANTIL Y GUARDERÍA SANTA ISABEL - SEDE PRINCIPAL,S,NO OFICIAL,JISISABEL@HOTMAIL.COM,CALLE 29 NO. 32A 25,3374746,PREESCOLAR,URBANA,76,VALLE DEL CAUCA,76001,SANTIAGO DE CALI,MUNICIPIO,NO,NO,NO APLICA,3818,SECRETARÍA DE EDUCACIÓN DE CALI,42.0,42.0,No aporta información,2 - MEDIA,3.4243245498508093,-76.5153366800585,\N,2026-08-29T08:58:26Z
376001041761,2026-08-29,376001041761,COLEGIO SANTA ISABEL DE HUNGRIA - CIUDAD 2000,COLEGIO SANTA ISABEL DE HUNGRIA - CIUDAD 2000,S,NO OFICIAL,FUNCOLSIH2000@HOTMAIL.COM,KR 54 41 47,3165260723 - 6024850227 EXT. 3800,"PREESCOLAR,MEDIA,BÁSICA SECUNDARIA,BÁSICA PRIMARIA",URBANA,76,VALLE DEL CAUCA,76001,SANTIAGO DE CALI,MUNICIPIO,NO,NO,NO APLICA,3818,SECRETARÍA DE EDUCACIÓN DE CALI,1113.0,1113.0,No aporta información,2 - MEDIA,3.3970549995539727,-76.51741700039008,\N,2026-08-29T08:58:26Z
376001041777,2026-08-29,376001041777,COLEGIO PERSONALIZADO PENSARTE,COLEGIO PERSONALIZADO PENSARTE,S,NO OFICIAL,COLEGIOPENSARTE@GMAIL.COM,CL 40 2 D 03,3112250556,"PREESCOLAR,MEDIA,BÁSICA SECUNDARIA,BÁSICA PRIMARIA",URBANA,76,VALLE DEL CAUCA,76001,SANTIAGO DE CALI,MUNICIPIO,NO,NO,NO APLICA,3818,SECRETARÍA DE EDUCACIÓN DE CALI,54.0,54.0,No aporta información,2 - MEDIA,3.4744613196240475,-76.51675725967914,\N,2026-08-29T08:58:26Z
376001041856,2026-08-29,376001041856,LICEO INFANTIL UN MUNDO DE SUEÑOS,LICEO INFANTIL UN MUNDO DE SUEÑOS - SEDE PRINCIPAL,N,OFICIAL,LICEOINFANTILUNMUNDODESUENOS@GMAIL.COM,CL 16 48 05,3104281401 - 3369075,PREESCOLAR,URBANA,76,VALLE DEL CAUCA,76001,SANTIAGO DE CALI,MUNICIPIO,NO,NO,NO APLICA,3818,SECRETARÍA DE EDUCACIÓN DE CALI,38.0,38.0,No aporta información,2 - MEDIA,3.408136999743384,-76.5256349997133,\N,2026-08-29T08:58:26Z
376001041928,2026-08-29,376001041928,JARDIN INFANTIL TESOROS DEL SABER,JARDIN INFANTIL TESOROS DEL SABER,S,NO OFICIAL,TESOROSDELSABER1986@HOTMAIL.COM,KR 75 3 C 45,3147345002,PREESCOLAR,URBANA,76,VALLE DEL CAUCA,76001,SANTIAGO DE CALI,MUNICIPIO,NO,NO,NO APLICA,3818,SECRETARÍA DE EDUCACIÓN DE CALI,44.0,44.0,No aporta información,2 - MEDIA,3.3903083298066146,-76.54755919001106,\N,2026-08-29T08:58:26Z
376001042050,2026-08-29,376001042050,INSTITUTO ANDRES BELLO COLOMBO AMERICANO,INSTITUTO ANDRES BELLO COLOMBO AMERICANO,S,NO OFICIAL,ANDRESBELLO9@HOTMAIL.COM,IND CR 8 7 -47 /39  CL 77B  23-05,(602)8831963 - 3216441426,"MEDIA,BÁSICA SECUNDARIA,BÁSICA PRIMARIA",URBANA,76,VALLE DEL CAUCA,76001,SANTIAGO DE CALI,MUNICIPIO,NO,NO,NO APLICA,3818,SECRETARÍA DE EDUCACIÓN DE CALI,80.0,0.0,No aporta información,2 - MEDIA,3.446049830152954,-76.53461826035235,\N,2026-08-29T08:58:26Z
376001042149,2026-08-29,376001042149,COLEGIO CENTRAL DE COMERCIO SAS,COLEGIO CENTRAL DE COMERCIO SAS,S,NO OFICIAL,COLEGIOCENTRALDECOMERCIOSAS@GMAIL.COM,KR 73 3 C 65,3158211514 - 6023991364,"PREESCOLAR,MEDIA,BÁSICA SECUNDARIA,BÁSICA PRIMARIA",URBANA,76,VALLE DEL CAUCA,76001,SANTIAGO DE CALI,MUNICIPIO,NO,NO,NO APLICA,3818,SECRETARÍA DE EDUCACIÓN DE CALI,174.0,174.0,No aporta información,2 - MEDIA,3.3923349303077637,-76.5469684803381,\N,2026-08-29T08:58:26Z
376001042165,2026-08-29,376001042165,COLEGIO SAN AMBROSIO DE MILAN,COLEGIO SAN AMBROSIO DE MILAN - SEDE PRINCIPAL,S,NO OFICIAL,CSANAMBROSIO2010@HOTMAIL.COM,CL 57 2 A 40,3103794759 - 3167190721,"MEDIA,BÁSICA SECUNDARIA,BÁSICA PRIMARIA",URBANA,76,VALLE DEL CAUCA,76001,SANTIAGO DE CALI,MUNICIPIO,NO,NO,NO APLICA,3818,SECRETARÍA DE EDUCACIÓN DE CALI,286.0,286.0,No aporta información,2 - MEDIA,3.468387269674915,-76.49798850961469,\N,2026-08-29T08:58:26Z
376001042173,2026-08-29,376001042173,CENTRO DE APRENDIZAJE Y ESTIMULACION TEMPRANA CAET,CENTRO DE APRENDIZAJE Y ESTIMULACION TEMPRANA CAET,S,NO OFICIAL,CAETHUELLITAS@CALIESCALI.COM,KR 2 A 57 40,4478660 / 3704566 / 319 5029457,PREESCOLAR,URBANA,76,VALLE DEL CAUCA,76001,SANTIAGO DE CALI,MUNICIPIO,NO,NO,NO APLICA,3818,SECRETARÍA DE EDUCACIÓN DE CALI,2.0,2.0,No aporta información,2 - MEDIA,3.469254460225336,-76.49765995978268,\N,2026-08-29T08:58:26Z
376001042297,2026-08-29,376001042297,CENTRO EDUCATIVO PROGRESEMOS,CENTRO EDUCATIVO PROGRESEMOS,S,NO OFICIAL,CEPROGRESEMOS@HOTMAIL.ES,IND CRA 28 D NO. 42C - 21,4452734 / 312 2643329,"PREESCOLAR,MEDIA,BÁSICA SECUNDARIA,BÁSICA PRIMARIA",URBANA,76,VALLE DEL CAUCA,76001,SANTIAGO DE CALI,MUNICIPIO,NO,NO,NO APLICA,3818,SECRETARÍA DE EDUCACIÓN DE CALI,79.0,0.0,No aporta información,2 - MEDIA,3.431878180102241,-76.50114444032813,\N,2026-08-29T08:58:26Z
376001042319,2026-08-29,376001042319,INSTITUTO SER INTERNACIONAL DIAMANTE,INST SER INTERNACIONAL SEDE  DIAMANTE,S,NO OFICIAL,INSTITUTOSERDIAMANTE@HOTMAIL.COM,KR 34 36 99,3013718348,"MEDIA,BÁSICA SECUNDARIA,BÁSICA PRIMARIA",URBANA,76,VALLE DEL CAUCA,76001,SANTIAGO DE CALI,MUNICIPIO,NO,NO,NO APLICA,3818,SECRETARÍA DE EDUCACIÓN DE CALI,302.0,0.0,No aporta información,2 - MEDIA,3.4200979998640597,-76.50569500013029,\N,2026-08-29T08:58:26Z
376001042351,2026-08-29,376001042351,LICEO GENIOS EN ACCION,LICEO GENIOS EN ACCION,S,NO OFICIAL,LICEOGENIOSENACCION@HOTMAIL.COM,KR 34 31 82,3148591069,PREESCOLAR,URBANA,76,VALLE DEL CAUCA,76001,SANTIAGO DE CALI,MUNICIPIO,NO,NO,NO APLICA,3818,SECRETARÍA DE EDUCACIÓN DE CALI,11.0,11.0,No aporta información,2 - MEDIA,3.42165775962502,-76.51323079008066,\N,2026-08-29T08:58:26Z
376001042491,2026-08-29,376001042491,CENTRO DE ESTUDIOS INSCAT,CENTRO DE ESTUDIOS INSCAT,S,NO OFICIAL,JBORRERO@VALLEDELCAUCA.GOV.CO,KR 20 39 110,3147726073,"MEDIA,BÁSICA SECUNDARIA",URBANA,76,VALLE DEL CAUCA,76001,SANTIAGO DE CALI,MUNICIPIO,NO,NO,NO APLICA,3818,SECRETARÍA DE EDUCACIÓN DE CALI,135.0,0.0,No aporta información,2 - MEDIA,3.411148999869552,-76.46770800010123,\N,2026-08-29T08:58:26Z
376001042556,2026-08-29,376001042556,JARDÍN INFANTIL MI PEQUEÑO SAN FRANCISCO DE ASÍS,JARDÍN INFANTIL MI PEQUEÑO SAN FRANCISCO DE ASÍS,S,NO OFICIAL,MIPEQUENOSANFRANCISCODEASIS@HOTMAIL.COM,KR 26 A 4 35,3147847117 - 3188332423 - 3757641,PREESCOLAR,URBANA,76,VALLE DEL CAUCA,76001,SANTIAGO DE CALI,MUNICIPIO,NO,NO,NO APLICA,3818,SECRETARÍA DE EDUCACIÓN DE CALI,46.0,46.0,No aporta información,2 - MEDIA,3.4347770001622195,-76.54169399968951,\N,2026-08-29T08:58:26Z
376001042688,2026-08-29,376001042688,CENTRO EDUCATIVO LIDERES SOL NACIENTE,CENTRO EDUCATIVO LIDERES SOL NACIENTE,S,NO OFICIAL,SOLNACIENTE@HOTMAIL.COM,CL 43 19 30,3013104734 - 6026824867,"PREESCOLAR,BÁSICA PRIMARIA",URBANA,76,VALLE DEL CAUCA,76001,SANTIAGO DE CALI,MUNICIPIO,NO,NO,NO APLICA,3818,SECRETARÍA DE EDUCACIÓN DE CALI,35.0,35.0,No aporta información,2 - MEDIA,3.441118120073937,-76.5034108852984,\N,2026-08-29T08:58:26Z
376001042696,2026-08-29,376001042696,LICEO SANTA INES VALLEGRANDE,LICEO SANTA INES VALLEGRANDE,S,NO OFICIAL,SANTAINESVALLEGRANDE@GMAIL.COM,CL 86 22 38,4206926 - 3217410895,"PREESCOLAR,MEDIA,BÁSICA SECUNDARIA,BÁSICA PRIMARIA",URBANA,76,VALLE DEL CAUCA,76001,SANTIAGO DE CALI,MUNICIPIO,NO,NO,NO APLICA,3818,SECRETARÍA DE EDUCACIÓN DE CALI,263.0,263.0,No aporta información,2 - MEDIA,3.4364930003164935,-76.46816000001284,\N,2026-08-29T08:58:26Z
376001042700,2026-08-29,376001042700,CENTRO ETNOEDUCATIVO ANTONIO MACEO PIZAMOS 1,CENTRO ETNOEDUCATIVO ANTONIO MACEO PIZAMOS 1,S,NO OFICIAL,ETNOEDUCATIVO.EDU@GMAIL.COM,KR 28 G 122 D 00,314 6520830 / 319 2982405,"PREESCOLAR,MEDIA,BÁSICA SECUNDARIA,BÁSICA PRIMARIA",URBANA,76,VALLE DEL CAUCA,76001,SANTIAGO DE CALI,MUNICIPIO,NO,NO,NO APLICA,3818,SECRETARÍA DE EDUCACIÓN DE CALI,588.0,400.0,No aporta información,3 - BAJA,\N,\N,\N,2026-08-29T08:58:26Z
376001042726,2026-08-29,376001042726,CENTRO EDUCATIVO Y ESCUELA MATERNAL MANOS CREATIVAS,CENTRO EDUCATIVO Y ESCUELA MATERNAL MANOS CREATIVAS - SEDE PRINCIPAL,S,NO OFICIAL,CENTROEDUCATIVOMANOSCREATIVAS@HOTMAIL.COM,IND CRA 26M3 NO. 123-43,4205533 - 3186739166,"PREESCOLAR,BÁSICA PRIMARIA",URBANA,76,VALLE DEL CAUCA,76001,SANTIAGO DE CALI,MUNICIPIO,NO,NO,NO APLICA,3818,SECRETARÍA DE EDUCACIÓN DE CALI,64.0,64.0,No aporta información,2 - MEDIA,3.4138733466614792,-76.46764043960533,\N,2026-08-29T08:58:26Z
376001042823,2026-08-29,376001042823,CENTRO DE ESTUDIOS E INVESTIGACIÓN VIDA CEVIDA,CENTRO DE ESTUDIOS E INVESTIGACIÓN VIDA CEVIDA,S,NO OFICIAL,CEVIDA8@HOTMAIL.COM,IND CL 5 A 23 - 11/13,3214092132,"MEDIA,BÁSICA SECUNDARIA,BÁSICA PRIMARIA",URBANA,76,VALLE DEL CAUCA,76001,SANTIAGO DE CALI,MUNICIPIO,NO,NO,NO APLICA,3818,SECRETARÍA DE EDUCACIÓN DE CALI,2152.0,0.0,No aporta información,2 - MEDIA,3.4381608303338402,-76.5375334398747,\N,2026-08-29T08:58:26Z
376001042874,2026-08-29,376001042874,INSTITUTO POLITECNICO COMUNA 21,INSTITUTO POLITECNICO COMUNA 21 - SEDE PRINCIPAL,S,NO OFICIAL,POLCOMUNA21@GMAIL.COM,CL 82 20 07,3117717343,"PREESCOLAR,MEDIA,BÁSICA SECUNDARIA,BÁSICA PRIMARIA",URBANA,76,VALLE DEL CAUCA,76001,SANTIAGO DE CALI,MUNICIPIO,NO,NO,NO APLICA,3818,SECRETARÍA DE EDUCACIÓN DE CALI,489.0,489.0,No aporta información,2 - MEDIA,3.440145000371339,-76.46970200041885,\N,2026-08-29T08:58:26Z
376001042882,2026-08-29,376001042882,LICEO MIXTO EMPERADOR DE CALI 2,LICEO MIXTO EMPERADOR DE CALI 2 - SEDE PRINCIPAL,S,NO OFICIAL,SECRETARIAEMPERADOR@HOTMAIL.COM,IND TR 101 DG 26 O 18 - DG 26P NO 100 - 06,3183835230,"PREESCOLAR,MEDIA,BÁSICA SECUNDARIA,BÁSICA PRIMARIA",URBANA,76,VALLE DEL CAUCA,76001,SANTIAGO DE CALI,MUNICIPIO,NO,NO,NO APLICA,3818,SECRETARÍA DE EDUCACIÓN DE CALI,271.0,271.0,No aporta información,2 - MEDIA,3.4262707263475085,-76.4780288513,\N,2026-08-29T08:58:26Z
376001042998,2026-08-29,376001042998,LICEO INFANTIL MUNDO MÁGICO,LICEO INFANTIL MUNDO MÁGICO - SEDE PRINCIPAL,S,NO OFICIAL,LICEOINFANTILMUNDOMAGICO@HOTMAIL.COM,CL 25 OESTE 5 37,3103777480,PREESCOLAR,URBANA,76,VALLE DEL CAUCA,76001,SANTIAGO DE CALI,MUNICIPIO,NO,NO,NO APLICA,3818,SECRETARÍA DE EDUCACIÓN DE CALI,132.0,132.0,No aporta información,2 - MEDIA,3.4534871300616956,-76.56849250980433,\N,2026-08-29T08:58:26Z
376001043005,2026-08-29,376001043005,LICEO SANTA INES-ANDES,LICEO SANTA INES-ANDES - SEDE PRINCIPAL,S,NO OFICIAL,FUNSANTAINES@GMAIL.COM,IND CL 123A4 28D10 14 - CR 73 NO. 2A - 80 - CL 120 Q NO. 20 - 09,3186013196,"PREESCOLAR,MEDIA,BÁSICA SECUNDARIA,BÁSICA PRIMARIA",URBANA,76,VALLE DEL CAUCA,76001,SANTIAGO DE CALI,MUNICIPIO,NO,NO,NO APLICA,3818,SECRETARÍA DE EDUCACIÓN DE CALI,565.0,565.0,No aporta información,2 - MEDIA,3.469576000309853,-76.5016400004462,\N,2026-08-29T08:58:26Z
376001043048,2026-08-29,376001043048,MATERNAL Y JARDIN INFANTIL IDEAS CREATIVAS,MATERNAL Y JARDIN INFANTIL IDEAS CREATIVAS - SEDE PRINCIPAL,S,NO OFICIAL,MATERNALIDECREAR@HOTMAIL.COM,KR 88 17 06,3116171980,"PREESCOLAR,BÁSICA PRIMARIA",URBANA,76,VALLE DEL CAUCA,76001,SANTIAGO DE CALI,MUNICIPIO,NO,NO,NO APLICA,3818,SECRETARÍA DE EDUCACIÓN DE CALI,21.0,21.0,No aporta información,2 - MEDIA,3.378050800012456,-76.52771879023686,\N,2026-08-29T08:58:26Z
376001043102,2026-08-29,376001043102,CENTRO EDUCATIVO CAMINO HACIA EL FUTURO,CENTRO EDUCATIVO CAMINO HACIA EL FUTURO - SEDE PRINCIPAL,S,NO OFICIAL,TANAJENNY@HOTMAIL.COM,IND DIAG 26P 19 # 105B-67,401 97 65,"PREESCOLAR,BÁSICA SECUNDARIA,BÁSICA PRIMARIA",URBANA,76,VALLE DEL CAUCA,76001,SANTIAGO DE CALI,MUNICIPIO,NO,NO,NO APLICA,3818,SECRETARÍA DE EDUCACIÓN DE CALI,5.0,5.0,No aporta información,3 - BAJA,\N,\N,\N,2026-08-29T08:58:26Z
376001043226,2026-08-29,376001043226,COLEGIO SAN CAYETANO,COLEGIO SAN CAYETANO - SEDE PRINCIPAL,S,NO OFICIAL,COLEGIOSANCAYETANOCALI@GMAIL.COM,IND CR 28E4 NO 115-30 - KR 7 G BIS 79 21/81,6639202 - 316 8321749,"PREESCOLAR,MEDIA,BÁSICA SECUNDARIA,BÁSICA PRIMARIA",URBANA,76,VALLE DEL CAUCA,76001,SANTIAGO DE CALI,MUNICIPIO,NO,NO,NO APLICA,3818,SECRETARÍA DE EDUCACIÓN DE CALI,704.0,704.0,No aporta información,2 - MEDIA,3.4598539997756146,-76.47940400042175,\N,2026-08-29T08:58:26Z
376001043285,2026-08-29,376001043285,COLEGIO GUIAS,COLEGIO GUIAS - SEDE PRINCIPAL,S,NO OFICIAL,COLEGIOGUIAS@HOTMAIL.COM,CL 14 A OESTE 55 82,3057120121,"PREESCOLAR,MEDIA,BÁSICA SECUNDARIA,BÁSICA PRIMARIA",URBANA,76,VALLE DEL CAUCA,76001,SANTIAGO DE CALI,MUNICIPIO,NO,NO,NO APLICA,3818,SECRETARÍA DE EDUCACIÓN DE CALI,654.0,654.0,No aporta información,2 - MEDIA,3.40808299976761,-76.55271200014262,\N,2026-08-29T08:58:26Z
376001043315,2026-08-29,376001043315,LICEO SAGRADO CORAZON DE JESUS,LICEO  SAGRADO CORAZON DE JESUS - SEDE PRINCIPAL,S,NO OFICIAL,LICEOSCJ@GMAIL.COM,IND KR 25 86 11 / 21,3164754721,"PREESCOLAR,MEDIA,BÁSICA SECUNDARIA,BÁSICA PRIMARIA",URBANA,76,VALLE DEL CAUCA,76001,SANTIAGO DE CALI,MUNICIPIO,NO,NO,NO APLICA,3818,SECRETARÍA DE EDUCACIÓN DE CALI,365.0,365.0,No aporta información,2 - MEDIA,3.4330919502206707,-76.47101733970901,\N,2026-08-29T08:58:26Z
376001043331,2026-08-29,376001043331,ASOCIACIÓN DE DISCAPACITADOS DEL VALLE - ASODISVALLE,ASODISVALLE - SEDE PRINCIPAL,S,NO OFICIAL,ASODISVALLE@HOTMAIL.COM,IND DG 71A1  NO. 26I 68,3185157316-3183354195-3174036190,"PREESCOLAR,MEDIA,BÁSICA SECUNDARIA,BÁSICA PRIMARIA",URBANA,76,VALLE DEL CAUCA,76001,SANTIAGO DE CALI,MUNICIPIO,NO,NO,NO APLICA,3818,SECRETARÍA DE EDUCACIÓN DE CALI,377.0,377.0,No aporta información,2 - MEDIA,3.421390999758934,-76.4915309998392,\N,2026-08-29T08:58:26Z
376001043391,2026-08-29,376001043391,COLEGIO DE ADULTOS NUESTRA SEÑORA DE LAS MERCEDES,COLEGIO DE ADULTOS NUESTRA SEÑORA DE LAS MERCEDES - SEDE PRINCIPAL,S,NO OFICIAL,COLMERCEDES3@GMAIL.COM,KR 56 OESTE 7 353,\N,"MEDIA,BÁSICA SECUNDARIA,BÁSICA PRIMARIA",URBANA,76,VALLE DEL CAUCA,76001,SANTIAGO DE CALI,MUNICIPIO,NO,NO,NO APLICA,3818,SECRETARÍA DE EDUCACIÓN DE CALI,44.0,0.0,No aporta información,2 - MEDIA,3.416436609939406,-76.55922431972687,\N,2026-08-29T08:58:26Z
376001043404,2026-08-29,376001043404,COLEGIO CESAR CONTO SEDE PETECUY,COLEGIO CESAR CONTO PETECUY - SEDE PRINCIPAL,S,NO OFICIAL,AVALMO55@HOTMAIL.COM,KR 2 B 75 64,433 41 66 - 314 8615907,"PREESCOLAR,BÁSICA SECUNDARIA,BÁSICA PRIMARIA",URBANA,76,VALLE DEL CAUCA,76001,SANTIAGO DE CALI,MUNICIPIO,NO,NO,NO APLICA,3818,SECRETARÍA DE EDUCACIÓN DE CALI,341.0,341.0,No aporta información,2 - MEDIA,3.4745207603820374,-76.48034727009764,\N,2026-08-29T08:58:26Z
376001043455,2026-08-29,376001043455,INSTITUCION EDUCATIVA NELSON GARCÉS VERNAZA,INSTITUCION EDUCATIVA NELSON GARCÉS VERNAZA  - SEDE PRINCIPAL,S,NO OFICIAL,IE.NGVERNAZA@ARQUIDIOCESANOS.EDU.CO,IND CR 28 D 123 -75,3042390401 - 4850227 EXT. 9000,"PREESCOLAR,MEDIA,BÁSICA SECUNDARIA,BÁSICA PRIMARIA",URBANA,76,VALLE DEL CAUCA,76001,SANTIAGO DE CALI,MUNICIPIO,NO,NO,NO APLICA,3818,SECRETARÍA DE EDUCACIÓN DE CALI,1424.0,1424.0,No aporta información,3 - BAJA,\N,\N,\N,2026-08-29T08:58:26Z
376001043463,2026-08-29,376001043463,EDUCACION FORMAL POR CICLOS CETEC,EDUCACIÓN FORMAL POR CICLOS CETEC - SEDE PRINCIPAL.,S,NO OFICIAL,CETEC20@GMAIL.COM,KR 13 42 30,3187126126,"MEDIA,BÁSICA SECUNDARIA,BÁSICA PRIMARIA",URBANA,76,VALLE DEL CAUCA,76001,SANTIAGO DE CALI,MUNICIPIO,NO,NO,NO APLICA,3818,SECRETARÍA DE EDUCACIÓN DE CALI,46.0,0.0,No aporta información,3 - BAJA,\N,\N,\N,2026-08-29T08:58:26Z
376001043501,2026-08-29,376001043501,LICEO Y TALLER INFANTIL MI DULCE REFUGIO,LICEO Y TALLER INFANTIL MI DULCE REFUGIO REFUGIO - SEDE PRINCIPAL,S,NO OFICIAL,L.T.DULCEREFUGIO@HOTMAIL.COM,KR 2 C 45 C 04,3701219 / 315 8755742,PREESCOLAR,URBANA,76,VALLE DEL CAUCA,76001,SANTIAGO DE CALI,MUNICIPIO,NO,NO,NO APLICA,3818,SECRETARÍA DE EDUCACIÓN DE CALI,6.0,6.0,No aporta información,2 - MEDIA,3.466544037433283,-76.50628193328579,\N,2026-08-29T08:58:26Z
376001043528,2026-08-29,376001043528,ACADEMIA DARSHAN,ACADEMIA DARSHAN - SEDE PRINCIPAL,S,NO OFICIAL,ACADEMIADARSHAN2007@GMAIL.COM,IND CL 12 NORTE 8N 46,3218573530 - 4836885,"PREESCOLAR,BÁSICA SECUNDARIA,BÁSICA PRIMARIA",URBANA,76,VALLE DEL CAUCA,76001,SANTIAGO DE CALI,MUNICIPIO,NO,NO,NO APLICA,3818,SECRETARÍA DE EDUCACIÓN DE CALI,13.0,13.0,No aporta información,3 - BAJA,\N,\N,\N,2026-08-29T08:58:26Z
376001043595,2026-08-29,376001043595,INSTITUCION EDUCATIVA DEL VALLE,INSTITUCION EDUCATIVA DEL VALLE - SEDE PRINCIPAL,S,NO OFICIAL,INEV206@HOTMAIL.COM,KR 76 3 D 82,3226402208 - 6023043985,"MEDIA,BÁSICA SECUNDARIA,BÁSICA PRIMARIA",URBANA,76,VALLE DEL CAUCA,76001,SANTIAGO DE CALI,MUNICIPIO,NO,NO,NO APLICA,3818,SECRETARÍA DE EDUCACIÓN DE CALI,111.0,0.0,No aporta información,2 - MEDIA,3.389582999780221,-76.5508380003739,\N,2026-08-29T08:58:26Z
376001043609,2026-08-29,376001043609,LICEO NUEVA EUCARISTÍA,LICEO NUEVA EUCARISTÍA - SEDE PRINCIPAL,S,NO OFICIAL,LICEONUEVAEUCARISTIA@HOTMAIL.COM,CL 1 39 40,318 850 8713,"PREESCOLAR,BÁSICA PRIMARIA",URBANA,76,VALLE DEL CAUCA,76001,SANTIAGO DE CALI,MUNICIPIO,NO,NO,NO APLICA,3818,SECRETARÍA DE EDUCACIÓN DE CALI,90.0,90.0,No aporta información,2 - MEDIA,3.424938999616632,-76.55249600023255,\N,2026-08-29T08:58:26Z
376001043617,2026-08-29,376001043617,COLEGIO PHILADELPHIA INTERNACIONAL,COLEGIO PHILADELPHIA INTERNACIONAL - SEDE PRINCIPAL,S,NO OFICIAL,SECRETARIAACADEMICA@PHILADELPHIAINTERNACIONAL.EDU,CL 2 B 126 A 38,6025190206 EXT 112 - 3153049277,"PREESCOLAR,MEDIA,BÁSICA SECUNDARIA,BÁSICA PRIMARIA",URBANA,76,VALLE DEL CAUCA,76001,SANTIAGO DE CALI,MUNICIPIO,NO,NO,NO APLICA,3818,SECRETARÍA DE EDUCACIÓN DE CALI,1503.0,1503.0,No aporta información,3 - BAJA,\N,\N,\N,2026-08-29T08:58:26Z
376001043650,2026-08-29,376001043650,CENTRO EDUCATIVO INSCAT,CENTRO EDUCATIVO INSCAT - SEDE PRINCIPAL,S,NO OFICIAL,CENTROEDUCATIVOINSCAT@GMAIL.COM,CL 37 44 A 42,3245299786 - 6023062551,"MEDIA,BÁSICA SECUNDARIA,BÁSICA PRIMARIA",URBANA,76,VALLE DEL CAUCA,76001,SANTIAGO DE CALI,MUNICIPIO,NO,NO,NO APLICA,3818,SECRETARÍA DE EDUCACIÓN DE CALI,186.0,0.0,No aporta información,2 - MEDIA,3.4096852398762563,-76.51738294974925,\N,2026-08-29T08:58:26Z
376001043668,2026-08-29,376001043668,CENTRO EDUCATIVO PARA ADULTOS A.B.C,CENTRO EDUCATIVO PARA ADULTOS A.B.C. - SEDE PRINCIPAL,S,NO OFICIAL,LIZETH.LB.196@GMAIL.COM,IND CRA 36 #5 B1-52,3104097194 - 6025584875,"MEDIA,BÁSICA SECUNDARIA,BÁSICA PRIMARIA",URBANA,76,VALLE DEL CAUCA,76001,SANTIAGO DE CALI,MUNICIPIO,NO,NO,NO APLICA,3818,SECRETARÍA DE EDUCACIÓN DE CALI,149.0,0.0,No aporta información,2 - MEDIA,3.343280319581728,-76.53502602003284,\N,2026-08-29T08:58:26Z
376001043706,2026-08-29,376001043706,JARDÍN INFANTIL SANTIAGUITOS,JARDÍN INFANTIL SANTIAGUITOS - SEDE PRINCIPAL,S,NO OFICIAL,JARDINSANTIAGUITOS@USC.EDU.CO,CL 5 62 00,3148888817 - PBX: 602-5183000 EXT: 308 - 6542,PREESCOLAR,URBANA,76,VALLE DEL CAUCA,76001,SANTIAGO DE CALI,MUNICIPIO,NO,NO,NO APLICA,3818,SECRETARÍA DE EDUCACIÓN DE CALI,94.0,94.0,No aporta información,2 - MEDIA,3.402204000278049,-76.54886999999555,\N,2026-08-29T08:58:26Z
376001043722,2026-08-29,376001043722,CENTRO INTEGRAL DE ESTIMULACION APRENDER,CENTRO INTEGRAL DE ESTIMULACION APRENDER - SEDE PRINCIPAL,S,NO OFICIAL,CIEAPRENDER_2000@HOTMAIL.COM,CL 66 4 86,3176451038,"PREESCOLAR,BÁSICA PRIMARIA",URBANA,76,VALLE DEL CAUCA,76001,SANTIAGO DE CALI,MUNICIPIO,NO,NO,NO APLICA,3818,SECRETARÍA DE EDUCACIÓN DE CALI,2.0,2.0,No aporta información,2 - MEDIA,3.4256159192019613,-76.47364105724418,\N,2026-08-29T08:58:26Z
376001043731,2026-08-29,376001043731,COLEGIO SENDEROS DEL LILI,COLEGIO SENDEROS DEL LILI - SEDE PRINCIPAL,S,NO OFICIAL,DIRECCION@SENDEROSLILI.EDU.CO,KR 94 48 A 05 EQ,3171147 - 314 7739065 - 3054381279,"PREESCOLAR,BÁSICA SECUNDARIA,BÁSICA PRIMARIA",URBANA,76,VALLE DEL CAUCA,76001,SANTIAGO DE CALI,MUNICIPIO,NO,NO,NO APLICA,3818,SECRETARÍA DE EDUCACIÓN DE CALI,323.0,323.0,No aporta información,3 - BAJA,\N,\N,\N,2026-08-29T08:58:26Z
376001043765,2026-08-29,376001043765,INSTITUTO BOLIVARIANO ESDISEÑOS DEL VALLE,INSTITUTO BOLIVARIANO ESDISEÑOS DEL VALLE- SEDE PRINCIPAL,S,NO OFICIAL,COORDINACIONSEDE19@HOTMAIL.COM,IND CALLE 22  NORTE NO. 02 -04,3187353221-3187353237-3175178815,"MEDIA,BÁSICA SECUNDARIA,BÁSICA PRIMARIA",URBANA,76,VALLE DEL CAUCA,76001,SANTIAGO DE CALI,MUNICIPIO,NO,NO,NO APLICA,3818,SECRETARÍA DE EDUCACIÓN DE CALI,169.0,0.0,No aporta información,2 - MEDIA,3.4614482398236333,-76.52601254994914,\N,2026-08-29T08:58:26Z
376001043773,2026-08-29,376001043773,COLEGIO SANTA LUISA DE MARILLAC,SANTA LUISA DE MARILLAC - SEDE PRINCIPAL,S,NO OFICIAL,SANTA.LUISA@ARQUIDIOCESANOS.EDU.CO,KR 7 S BIS 81 29,3177518865 - 4850227,"PREESCOLAR,BÁSICA PRIMARIA",URBANA,76,VALLE DEL CAUCA,76001,SANTIAGO DE CALI,MUNICIPIO,NO,NO,NO APLICA,3818,SECRETARÍA DE EDUCACIÓN DE CALI,150.0,150.0,No aporta información,2 - MEDIA,3.453366498262939,-76.47774684318286,\N,2026-08-29T08:58:26Z
376001043820,2026-08-29,376001043820,CENTRO INTEGRAL DE APRENDIZAJE SAN JUANITO,CENTRO INTEGRAL DE APRENDIZAJE SAN JUANITO - SEDE PRINCIPAL,S,NO OFICIAL,MAZURY13@GMAIL.COM,IND KR 29 51 38 / 51-46 / 51-52,3218315927,PREESCOLAR,URBANA,76,VALLE DEL CAUCA,76001,SANTIAGO DE CALI,MUNICIPIO,NO,NO,NO APLICA,3818,SECRETARÍA DE EDUCACIÓN DE CALI,257.0,257.0,No aporta información,2 - MEDIA,3.4142577395642073,-76.49302404026561,\N,2026-08-29T08:58:26Z
376001043838,2026-08-29,376001043838,COLEGIO INFANTIL BELEN,COLEGIO INFANTIL BELEN - SEDE PRINCIPAL,S,NO OFICIAL,COLEGIOINFANTILBELEN1@GMAIL.COM,CL 10 A 125 A 179,5552227 - 3188097749,"PREESCOLAR,BÁSICA PRIMARIA",URBANA,76,VALLE DEL CAUCA,76001,SANTIAGO DE CALI,MUNICIPIO,NO,NO,NO APLICA,3818,SECRETARÍA DE EDUCACIÓN DE CALI,171.0,171.0,No aporta información,2 - MEDIA,3.3437538971174194,-76.53132929004363,\N,2026-08-29T08:58:26Z
376001043871,2026-08-29,376001043871,COLEGIO LOS ANGELES DEL NORTE DE OCCIDENTE,COLEGIO LOS ANGELES DEL NORTE DE OCCIDENTE - SEDE PRINCIPAL,S,NO OFICIAL,AMQH@HOTMAIL.COM,CL 44 6 B 22,3104366593 - 3106454541,"PREESCOLAR,MEDIA,BÁSICA SECUNDARIA,BÁSICA PRIMARIA",URBANA,76,VALLE DEL CAUCA,76001,SANTIAGO DE CALI,MUNICIPIO,NO,NO,NO APLICA,3818,SECRETARÍA DE EDUCACIÓN DE CALI,349.0,349.0,No aporta información,3 - BAJA,\N,\N,\N,2026-08-29T08:58:26Z
376001043897,2026-08-29,376001043897,ESCUELA DE GESTION Y FORMACION EMPRESARIAL,ESCUELA DE GESTION Y FORMACION EMPRESARIAL - SEDE PRINCIPAL,S,NO OFICIAL,DIRECCION@DEMPRESA.EDU.CO,IND KR 36 5B1 80,5581454 - 5560997 -  321 8015028 - 310 424 3466,"MEDIA,BÁSICA SECUNDARIA,BÁSICA PRIMARIA",URBANA,76,VALLE DEL CAUCA,76001,SANTIAGO DE CALI,MUNICIPIO,NO,NO,NO APLICA,3818,SECRETARÍA DE EDUCACIÓN DE CALI,267.0,0.0,No aporta información,2 - MEDIA,3.4295105495858285,-76.54196580025008,\N,2026-08-29T08:58:26Z
376001043901,2026-08-29,376001043901,REDCOL - COLEGIO NUEVO CAMBRIDGE CALI,REDCOL - COLEGIO NUEVO CAMBRIDGE - SEDE PRINCIPAL,S,NO OFICIAL,SECRETARIAACADEMICA@CAMBRIDGECALI.EDU.CO,IND KR 125 12 20 - AV 9A NORTE 9 24,3152624233 - 3241000489,"PREESCOLAR,MEDIA,BÁSICA SECUNDARIA,BÁSICA PRIMARIA",URBANA,76,VALLE DEL CAUCA,76001,SANTIAGO DE CALI,MUNICIPIO,NO,NO,NO APLICA,3818,SECRETARÍA DE EDUCACIÓN DE CALI,613.0,613.0,No aporta información,2 - MEDIA,3.33709700005564,-76.53802700034294,\N,2026-08-29T08:58:26Z
376001043960,2026-08-29,376001043960,CORPORACION EDUCATIVA ALEXANDER VON HUMBOLDT,CORPORACION EDUCATIVA ALEXANDER VON HUMBOLDT - SEDE PRINCIPAL,S,NO OFICIAL,CALISEDESUR@GMAIL.COM,IND CARRERA 36 # 5B2 - 30,6024016617 - 3158117496,"MEDIA,BÁSICA SECUNDARIA",URBANA,76,VALLE DEL CAUCA,76001,SANTIAGO DE CALI,MUNICIPIO,NO,NO,NO APLICA,3818,SECRETARÍA DE EDUCACIÓN DE CALI,101.0,0.0,No aporta información,2 - MEDIA,3.4257669996123874,-76.53992399967787,\N,2026-08-29T08:58:26Z
376001043978,2026-08-29,376001043978,GIMNASIO DEL NORTE CENTRO DE ESTIMULACION CHIQUIMIMOS,GIMNASIO DEL NORTE CENTRO DE ESTIMULACION CHIQUIMIMOS - SEDE PRINCIPAL,S,NO OFICIAL,\N,CL 48 5 62,3213150150 - 3177277578,PREESCOLAR,URBANA,76,VALLE DEL CAUCA,76001,SANTIAGO DE CALI,MUNICIPIO,NO,NO,NO APLICA,3818,SECRETARÍA DE EDUCACIÓN DE CALI,26.0,26.0,No aporta información,2 - MEDIA,3.4861575066412995,-76.52326602822305,\N,2026-08-29T08:58:26Z
376001044001,2026-08-29,376001044001,LICEO INFANTIL SOBRINITOS,LICEO INFANTIL SOBRINITOS - SEDE PRINCIPAL,S,NO OFICIAL,\N,KR 3 54 10,3104094503,PREESCOLAR,URBANA,76,VALLE DEL CAUCA,76001,SANTIAGO DE CALI,MUNICIPIO,NO,NO,NO APLICA,3818,SECRETARÍA DE EDUCACIÓN DE CALI,43.0,43.0,No aporta información,2 - MEDIA,3.466117349872531,-76.49901203028648,\N,2026-08-29T08:58:26Z
376001044028,2026-08-29,376001044028,JARDÍN INFANTIL MENTES PSICODINÁMICAS,JARDÍN INFANTIL MENTES PSICODINÁMICAS - SEDE PRINCIPAL,S,NO OFICIAL,MENTESPSICODINAMICAS@GMAIL.COM,KR 92 34 109,3183780414,PREESCOLAR,URBANA,76,VALLE DEL CAUCA,76001,SANTIAGO DE CALI,MUNICIPIO,NO,NO,NO APLICA,3818,SECRETARÍA DE EDUCACIÓN DE CALI,36.0,36.0,No aporta información,2 - MEDIA,3.376653999946828,-76.52083699986446,\N,2026-08-29T08:58:26Z
376001044036,2026-08-29,376001044036,EDUCACION FORMAL POR CICLOS CETEC NO. 2,EDUCACION FORMAL POR CICLOS CETEC NO. 2 - SEDE PRINCIPAL,S,NO OFICIAL,CETEC20@GMAIL.COM,IND CL 70 1 B 3 -14,3168316491,"MEDIA,BÁSICA SECUNDARIA,BÁSICA PRIMARIA",URBANA,76,VALLE DEL CAUCA,76001,SANTIAGO DE CALI,MUNICIPIO,NO,NO,NO APLICA,3818,SECRETARÍA DE EDUCACIÓN DE CALI,77.0,0.0,No aporta información,2 - MEDIA,3.479036999776861,-76.48938000006105,\N,2026-08-29T08:58:26Z
376001044052,2026-08-29,376001044052,LICEO PEDAGÓGICO LA ALEGRÍA DE NINI,LICEO PEDAGÓGICO LA ALEGRÍA DE NINI - SEDE PRINCIPAL,S,NO OFICIAL,LICEOPED.LAALEGRIADENINI@GMAIL.COM,KR 39 B 38 67,3148642180 - 6024830244,"PREESCOLAR,BÁSICA PRIMARIA",URBANA,76,VALLE DEL CAUCA,76001,SANTIAGO DE CALI,MUNICIPIO,NO,NO,NO APLICA,3818,SECRETARÍA DE EDUCACIÓN DE CALI,54.0,54.0,No aporta información,2 - MEDIA,3.417750132565023,-76.5073709887525,\N,2026-08-29T08:58:26Z
376001044061,2026-08-29,376001044061,LICEO INFANTIL MI PEQUEÑO MUNDO,LICEO INFANTIL MI PEQUEÑO MUNDO - SEDE PRINCIPAL,S,NO OFICIAL,MIPEQUENOMUNDOLICEOINFANTIL@GMAIL.COM,KR 45 B 56 C 82,3105083540,PREESCOLAR,URBANA,76,VALLE DEL CAUCA,76001,SANTIAGO DE CALI,MUNICIPIO,NO,NO,NO APLICA,3818,SECRETARÍA DE EDUCACIÓN DE CALI,39.0,39.0,No aporta información,2 - MEDIA,3.3982021001438807,-76.50180207987965,\N,2026-08-29T08:58:26Z
376001800027,2026-08-29,376001800027,CORPORACION EDUCATIVA INSTITUTO COLOMBIANO DE ESTUDIOS TECNICOS CE - ICET,CORPORACION EDUCATIVA INSTITUTO COLOMBIANO DE ESTUDIOS TECNICOS - SEDE PRINCIPAL,S,NO OFICIAL,ICETCENTRO@GMAIL.COM,IND DIAGONAL 29 P 6 80 03,4483257,"MEDIA,BÁSICA SECUNDARIA,BÁSICA PRIMARIA",URBANA,76,VALLE DEL CAUCA,76001,SANTIAGO DE CALI,MUNICIPIO,NO,NO,NO APLICA,3818,SECRETARÍA DE EDUCACIÓN DE CALI,46.0,0.0,No aporta información,2 - MEDIA,3.42369589308283,-76.48134332567794,\N,2026-08-29T08:58:26Z
376001800167,2026-08-29,376001800167,INSTITUTO ACADEMICO LA RIVIERA,INSTITUTO ACADEMICO LA RIVIERA - SEDE PRINCIPAL,S,NO OFICIAL,COLEGIOITR@GMAIL.COM,IND CL 59 2 C 89,6023921722 - 3053905861,"MEDIA,BÁSICA SECUNDARIA,BÁSICA PRIMARIA",URBANA,76,VALLE DEL CAUCA,76001,SANTIAGO DE CALI,MUNICIPIO,NO,NO,NO APLICA,3818,SECRETARÍA DE EDUCACIÓN DE CALI,106.0,0.0,No aporta información,2 - MEDIA,3.46773344019871,-76.49520588010576,\N,2026-08-29T08:58:26Z
376001800175,2026-08-29,376001800175,LICEO CRISTIANO DEJANDO HUELLA,LICEO CRISTIANO DEJANDO HUELLA - SEDE PRINCIPAL,S,NO OFICIAL,LICEOCRISTIANODEJANDOHUELLA@LIVE.COM,IND CL 70 27 65,3105172582 - 3105484050,"PREESCOLAR,BÁSICA PRIMARIA",URBANA,76,VALLE DEL CAUCA,76001,SANTIAGO DE CALI,MUNICIPIO,NO,NO,NO APLICA,3818,SECRETARÍA DE EDUCACIÓN DE CALI,91.0,91.0,No aporta información,2 - MEDIA,3.4302597996117226,-76.4972601304295,\N,2026-08-29T08:58:26Z
376001800183,2026-08-29,376001800183,JARDIN INFANTIL Y GUARDERIA PINTURITAS,JARDIN INFANTIL Y GUARDERIA PINTURITAS - SEDE PRINCIPAL,S,NO OFICIAL,JARDININFANTILPINTURITAS@GMAIL.COM,IND CR 90 28 88 Y CR 90 28 04,6023937435 - 3174380788,PREESCOLAR,URBANA,76,VALLE DEL CAUCA,76001,SANTIAGO DE CALI,MUNICIPIO,NO,NO,NO APLICA,3818,SECRETARÍA DE EDUCACIÓN DE CALI,51.0,51.0,No aporta información,2 - MEDIA,3.3773710599104216,-76.5221999804074,\N,2026-08-29T08:58:26Z
376001800221,2026-08-29,376001800221,CENTRO EDUCATIVO JARDÍN INFANTIL EXPLORADORES,CENTRO EDUCATIVO JARDÍN INFANTIL EXPLORADORES - SEDE PRINCIPAL,S,NO OFICIAL,JARDININFANTILEXPLORADORES@HOTMAIL.COM,IND CALLE 52 NORTE NO. 5AN -81,6659290 - 3156584040,PREESCOLAR,URBANA,76,VALLE DEL CAUCA,76001,SANTIAGO DE CALI,MUNICIPIO,NO,NO,NO APLICA,3818,SECRETARÍA DE EDUCACIÓN DE CALI,34.0,34.0,No aporta información,2 - MEDIA,3.4885495038255474,-76.52351141202607,\N,2026-08-29T08:58:26Z
376001800256,2026-08-29,376001800256,LICEO INFANTIL LA CASITA DE AIRE Y SOL,LICEO INFANTIL LA CASITA DE AIRE Y SOL - SEDE PRINCIPAL,S,NO OFICIAL,ISABELRICOPARRA@GMAIL.COM,IND KR 1 H BIS 69 69,3153822970,PREESCOLAR,URBANA,76,VALLE DEL CAUCA,76001,SANTIAGO DE CALI,MUNICIPIO,NO,NO,NO APLICA,3818,SECRETARÍA DE EDUCACIÓN DE CALI,18.0,18.0,No aporta información,3 - BAJA,\N,\N,\N,2026-08-29T08:58:26Z
376001800272,2026-08-29,376001800272,ESTIMULEMOS ESCUELA MATERNAL Y CENTRO DE ATENCION A LA PRIMERA INFANCIA,ESTIMULEMOS ESCUELA MATERNAL Y CENTRO DE ATENCION A LA PRIMERA INFANCIA - SEDE PRINCIPAL,S,NO OFICIAL,ESTIMULEMOSESCUELAMATERNAL@GMAIL.COM,IND KR 56 2 31,3125616 - 3174005903,PREESCOLAR,URBANA,76,VALLE DEL CAUCA,76001,SANTIAGO DE CALI,MUNICIPIO,NO,NO,NO APLICA,3818,SECRETARÍA DE EDUCACIÓN DE CALI,62.0,62.0,No aporta información,2 - MEDIA,3.41501378520565,-76.54845402162852,\N,2026-08-29T08:58:26Z
376001800299,2026-08-29,376001800299,JARDÍN INFANTIL LOS PEQUES DE JUAN,JARDÍN INFANTIL LOS PEQUES DE JUAN - SEDE PRINCIPAL,S,NO OFICIAL,JARDININFANTILLOSPEQUESDEJUAN@GMAIL.COM,IND CALLE 77 B NO. 20¿08 / 20-12,3164940124 - 3164083560,PREESCOLAR,URBANA,76,VALLE DEL CAUCA,76001,SANTIAGO DE CALI,MUNICIPIO,NO,NO,NO APLICA,3818,SECRETARÍA DE EDUCACIÓN DE CALI,26.0,26.0,No aporta información,2 - MEDIA,3.440518107660913,-76.47422227531784,\N,2026-08-29T08:58:26Z
376001800302,2026-08-29,376001800302,LICEO UN NUEVO AMANECER,LICEO UN NUEVO AMANECER - SEDE PRINCIPAL,S,NO OFICIAL,LICEOUNA@GMAIL.COM,IND KR 99 NO. 4 A - 98 - KR 99 NO. 4 A - 96,3017892295 WHATSAPP,"PREESCOLAR,BÁSICA PRIMARIA",URBANA,76,VALLE DEL CAUCA,76001,SANTIAGO DE CALI,MUNICIPIO,NO,NO,NO APLICA,3818,SECRETARÍA DE EDUCACIÓN DE CALI,85.0,85.0,No aporta información,2 - MEDIA,3.3712597598337095,-76.54559040989504,\N,2026-08-29T08:58:26Z
376001800345,2026-08-29,376001800345,JARDIN INFANTIL MIS OVEJITAS,JARDIN INFANTIL MIS OVEJITAS - SEDE PRINCIPAL,S,NO OFICIAL,PAHOLAOVEJITAS@HOTMAIL.COM,IND KR 40 A 32 A 30,3155841802 - 371 4030,PREESCOLAR,URBANA,76,VALLE DEL CAUCA,76001,SANTIAGO DE CALI,MUNICIPIO,NO,NO,NO APLICA,3818,SECRETARÍA DE EDUCACIÓN DE CALI,23.0,23.0,No aporta información,2 - MEDIA,3.418144530382269,-76.5115253699548,\N,2026-08-29T08:58:26Z
376001800361,2026-08-29,376001800361,INSTITUTO EDUCATIVO SER,INSTITUTO EDUCATIVO SER - SEDE PRINCIPAL,S,NO OFICIAL,INSTITUTOEDUCATIVOSER@GMAIL.COM,IND KR 27 73 97,3154004851-3164053849-3045755950-3339880,"MEDIA,BÁSICA SECUNDARIA",URBANA,76,VALLE DEL CAUCA,76001,SANTIAGO DE CALI,MUNICIPIO,NO,NO,NO APLICA,3818,SECRETARÍA DE EDUCACIÓN DE CALI,126.0,0.0,No aporta información,2 - MEDIA,3.4239428295973013,-76.48437961966016,\N,2026-08-29T08:58:26Z
376001800388,2026-08-29,376001800388,INSTITUTO ESTANISLAO ZULETA,INSTITUTO ESTANISLAO ZULETA - SEDE PRINCIPAL,S,NO OFICIAL,INSTITUTOESTANISLAOZULETA2019@GMAIL.COM,IND CL 70 7 L BIS 02 PI 2,3146030721,"MEDIA,BÁSICA SECUNDARIA,BÁSICA PRIMARIA",URBANA,76,VALLE DEL CAUCA,76001,SANTIAGO DE CALI,MUNICIPIO,NO,NO,NO APLICA,3818,SECRETARÍA DE EDUCACIÓN DE CALI,1.0,0.0,No aporta información,3 - BAJA,\N,\N,\N,2026-08-29T08:58:26Z
376001800396,2026-08-29,376001800396,COLEGIO CARMELITANO DEL VALLE,COLEGIO CARMELITANO DEL VALLE - SEDE PRINCIPAL,S,NO OFICIAL,COLCARMELITANODELVALLE@GMAIL.COM,IND KR 29 7 33,3215652869 - 6023450500,"MEDIA,BÁSICA SECUNDARIA",URBANA,76,VALLE DEL CAUCA,76001,SANTIAGO DE CALI,MUNICIPIO,NO,NO,NO APLICA,3818,SECRETARÍA DE EDUCACIÓN DE CALI,52.0,52.0,No aporta información,2 - MEDIA,3.431861889674852,-76.53712476031936,\N,2026-08-29T08:58:26Z
376001800426,2026-08-29,376001800426,JARDIN INFANTIL UPAYA KIDS,JARDIN INFANTIL UPAYA KIDS - SEDE PRINCIPAL,S,NO OFICIAL,UPAYAKIDS@GMAIL.COM,IND KR 84 6 A 124,3007621709 - 4065182,PREESCOLAR,URBANA,76,VALLE DEL CAUCA,76001,SANTIAGO DE CALI,MUNICIPIO,NO,NO,NO APLICA,3818,SECRETARÍA DE EDUCACIÓN DE CALI,29.0,29.0,No aporta información,2 - MEDIA,3.381769010298741,-76.54051350021845,\N,2026-08-29T08:58:26Z
376001800442,2026-08-29,376001800442,ESCUELA MATERNAL Y JARDIN INFANTIL MI GRAN MUNDO,ESCUELA MATERNAL Y JARDIN INFANTIL MI GRAN MUNDO - SEDE PRINCIPAL,S,NO OFICIAL,ESCUELAMATERNALMIGRANMUNDO@HOTMAIL.COM,IND AVENIDA 9 NO. 66 - 20,3165205028,PREESCOLAR,URBANA,76,VALLE DEL CAUCA,76001,SANTIAGO DE CALI,MUNICIPIO,NO,NO,NO APLICA,3818,SECRETARÍA DE EDUCACIÓN DE CALI,39.0,39.0,No aporta información,2 - MEDIA,3.4913950401983116,-76.5271123402835,\N,2026-08-29T08:58:26Z
376001800451,2026-08-29,376001800451,FORKIDS JARDIN INFANTIL Y CENTRO DE ESTIMULACION,FORKIDS JARDIN INFANTIL Y CENTRO DE ESTIMULACION - SEDE PRINCIPAL,S,NO OFICIAL,FORKIDS16@GMAIL.COM,IND AV 3 C NORTE 38 14,3234819746,PREESCOLAR,URBANA,76,VALLE DEL CAUCA,76001,SANTIAGO DE CALI,MUNICIPIO,NO,NO,NO APLICA,3818,SECRETARÍA DE EDUCACIÓN DE CALI,46.0,46.0,No aporta información,2 - MEDIA,3.47534799984974,-76.52085399958291,\N,2026-08-29T08:58:26Z
376001800469,2026-08-29,376001800469,FUNDACION EDUCATIVA JESUS DE NAZARETH,FUNDACION EDUCATIVA JESUS DE NAZARETH - SEDE PRINCIPAL,S,NO OFICIAL,PSICOPEDAGOGIA.JESUSDENAZARETH@GMAIL.COM,IND CL 13 OESTE 55 37,3155409396 - 6023703355,"PREESCOLAR,MEDIA,BÁSICA SECUNDARIA,BÁSICA PRIMARIA",URBANA,76,VALLE DEL CAUCA,76001,SANTIAGO DE CALI,MUNICIPIO,NO,NO,NO APLICA,3818,SECRETARÍA DE EDUCACIÓN DE CALI,119.0,119.0,No aporta información,2 - MEDIA,3.4094349602880487,-76.56391207023921,\N,2026-08-29T08:58:26Z
376001800477,2026-08-29,376001800477,JARDÍN INFANTIL Y CENTRO DE ESTIMULACIÓN EL JARDÍN ENCANTADO SAS,JARDÍN INFANTIL Y CENTRO DE ESTIMULACIÓN EL JARDÍN ENCANTADO SAS - SEDE PRINCIPAL,S,NO OFICIAL,JARDINENCANTADO15@GMAIL.COM,IND KR 101 15 131,301 6603551,PREESCOLAR,URBANA,76,VALLE DEL CAUCA,76001,SANTIAGO DE CALI,MUNICIPIO,NO,NO,NO APLICA,3818,SECRETARÍA DE EDUCACIÓN DE CALI,81.0,81.0,No aporta información,2 - MEDIA,3.3675622299635406,-76.53186314983382,\N,2026-08-29T08:58:26Z
376001800508,2026-08-29,376001800508,JARDIN INFANTIL ANGELITOS CREATIVOS CALI,JARDIN INFANTIL ANGELITOS CREATIVOS CALI  - SEDE PRINCIPAL,S,NO OFICIAL,ANGELITOSCREATIVOSCALI@GMAIL.COM,IND CRA 90 NO. 34 88,3176756696,PREESCOLAR,URBANA,76,VALLE DEL CAUCA,76001,SANTIAGO DE CALI,MUNICIPIO,NO,NO,NO APLICA,3818,SECRETARÍA DE EDUCACIÓN DE CALI,37.0,37.0,No aporta información,1 - ALTA,3.37736491982849,-76.52103532991289,\N,2026-08-29T08:58:26Z
376001800524,2026-08-29,376001800524,COLEGIO CASTELL,COLEGIO CASTELL - SEDE PRINCIPAL,S,NO OFICIAL,COLEGIOCASTELL1@YAHOO.COM,IND KR 99 4 49,6024843068 - 3183693084,"PREESCOLAR,BÁSICA PRIMARIA",URBANA,76,VALLE DEL CAUCA,76001,SANTIAGO DE CALI,MUNICIPIO,NO,NO,NO APLICA,3818,SECRETARÍA DE EDUCACIÓN DE CALI,111.0,111.0,No aporta información,2 - MEDIA,3.3714959997550142,-76.54644399985779,\N,2026-08-29T08:58:26Z
476001005957,2026-08-29,476001005957,GIMNASIO LOS FARALLONES VALLE DEL LILI,GIMNASIO LOS FARALLONES VALLE DEL LILI,S,NO OFICIAL,GIMNASIOLOSFARALLONES@HOTMAIL.COM,IND KM 2 VIA A JAMUNDÍ,3165292073,"PREESCOLAR,MEDIA,BÁSICA SECUNDARIA,BÁSICA PRIMARIA",URBANA,76,VALLE DEL CAUCA,76001,SANTIAGO DE CALI,MUNICIPIO,NO,NO,NO APLICA,3818,SECRETARÍA DE EDUCACIÓN DE CALI,264.0,264.0,No aporta información,3 - BAJA,\N,\N,\N,2026-08-29T08:58:26Z
476001020719,2026-08-29,476001020719,INSTITUCION EDUCATIVA LA LEONERA,INSTITUCION EDUCATIVA LA LEONERA,S,OFICIAL,IE.LALEONERA@CALI.EDU.CO,CORREGIMIENTO LA LEONERA,3137408628,"MEDIA,BÁSICA SECUNDARIA,BÁSICA PRIMARIA",RURAL,76,VALLE DEL CAUCA,76001,SANTIAGO DE CALI,MUNICIPIO,NO,NO,NO APLICA,3818,SECRETARÍA DE EDUCACIÓN DE CALI,152.0,119.0,No aporta información,2 - MEDIA,3.454530999647497,-76.63784300040562,\N,2026-08-29T08:58:26Z
476001021162,2026-08-29,476001021162,GRANJA ESCUELA NUEVA PBRO. SEBASTIAN ALDOMÁ BONJOCH - MIRAVALLE,GRANJA ESCUELA NUEVA PBRO. SEBASTIAN ALDOMÁ BONJOCH - MIRAVALLE,S,NO OFICIAL,GRANJAESCUELAPSAB@GMAIL.COM,IND VEREDA ALTO LOS MANGOS,3152891576 - 6025512262,"PREESCOLAR,MEDIA,BÁSICA SECUNDARIA,BÁSICA PRIMARIA",RURAL,76,VALLE DEL CAUCA,76001,SANTIAGO DE CALI,MUNICIPIO,NO,NO,NO APLICA,3818,SECRETARÍA DE EDUCACIÓN DE CALI,142.0,142.0,No aporta información,2 - MEDIA,3.404051000190393,-76.58400499991451,\N,2026-08-29T08:58:26Z
476001029180,2026-08-29,476001029180,COLEGIO CAMPESTRE ANGLO HISPANO,COLEGIO CAMPESTRE ANGLO HISPANO - SEDE PRINCIPAL,S,NO OFICIAL,SECRETARIAACADEMICA@CCAH.EDU.CO,IND KR 127 11 - 05 / 12 - 67 /11-130,6025551047 - 317 6697350,"PREESCOLAR,MEDIA,BÁSICA SECUNDARIA,BÁSICA PRIMARIA",URBANA,76,VALLE DEL CAUCA,76001,SANTIAGO DE CALI,MUNICIPIO,NO,NO,NO APLICA,3818,SECRETARÍA DE EDUCACIÓN DE CALI,469.0,469.0,No aporta información,2 - MEDIA,3.3328950002101005,-76.538904000402,\N,2026-08-29T08:58:26Z
476001029953,2026-08-29,476001029953,REDCOL - ARBOLEDA SCHOOL,REDCOL - COLEGIO LA ARBOLEDA,S,NO OFICIAL,ADMISIONES@LAARBOLEDA.EDU.CO,KR 125 2 80,3046820330 - 6025543405,"PREESCOLAR,MEDIA,BÁSICA SECUNDARIA,BÁSICA PRIMARIA",URBANA,76,VALLE DEL CAUCA,76001,SANTIAGO DE CALI,MUNICIPIO,NO,NO,NO APLICA,3818,SECRETARÍA DE EDUCACIÓN DE CALI,759.0,759.0,No aporta información,3 - BAJA,\N,\N,\N,2026-08-29T08:58:26Z
476001034183,2026-08-29,476001034183,EXPRESAR JARDIN INFANTIL,EXPRESAR JARDIN INFANTIL,S,NO OFICIAL,EXPRESAR@CALIESCALI.COM,LA BUITRERA KM 3 CALLEJON EXPRESAR,3155908922 - 3155240673,PREESCOLAR,RURAL,76,VALLE DEL CAUCA,76001,SANTIAGO DE CALI,MUNICIPIO,NO,NO,NO APLICA,3818,SECRETARÍA DE EDUCACIÓN DE CALI,48.0,48.0,No aporta información,3 - BAJA,\N,\N,\N,2026-08-29T08:58:26Z
476001038251,2026-08-29,476001038251,COLEGIO CIUDADELA EDUCATIVA LA PRESENTACIÓN,COLEGIO CIUDADELA EDUCATIVA LA PRESENTACIÓN,S,NO OFICIAL,REGISTROACADEMICO@CIUDADELAPRESENTACION.EDU.CO,IND CR 143 CL 40,3182801603,"PREESCOLAR,MEDIA,BÁSICA SECUNDARIA,BÁSICA PRIMARIA",RURAL,76,VALLE DEL CAUCA,76001,SANTIAGO DE CALI,MUNICIPIO,NO,NO,NO APLICA,3818,SECRETARÍA DE EDUCACIÓN DE CALI,330.0,330.0,No aporta información,3 - BAJA,\N,\N,\N,2026-08-29T08:58:26Z
476001043549,2026-08-29,476001043549,COLEGIO JARDÍN INFANTIL CREART,COLEGIO JARDÍN INFANTIL CREART - SEDE PRINCIPAL,S,NO OFICIAL,ANDRESFGARCIAN52@GMAIL.COM,IND KM 3 VÍA LA BUITRERA PARCELACIÓN 88,3128620529,PREESCOLAR,URBANA,76,VALLE DEL CAUCA,76001,SANTIAGO DE CALI,MUNICIPIO,NO,NO,NO APLICA,3818,SECRETARÍA DE EDUCACIÓN DE CALI,4.0,4.0,No aporta información,3 - BAJA,\N,\N,\N,2026-08-29T08:58:26Z
476001044049,2026-08-29,476001044049,LICEO CAMPESTRE INGLES DEL SUR,LICEO CAMPESTRE INGLES DEL SUR - SEDE PRINCIPAL,S,NO OFICIAL,LICEO.INGLESDELSUR@HOTMAIL.COM,IND KM 3.4 CORREGIMIENTO,3178147192 - 6023259321,"PREESCOLAR,MEDIA,BÁSICA SECUNDARIA,BÁSICA PRIMARIA",RURAL,76,VALLE DEL CAUCA,76001,SANTIAGO DE CALI,MUNICIPIO,NO,NO,NO APLICA,3818,SECRETARÍA DE EDUCACIÓN DE CALI,92.0,92.0,No aporta información,3 - BAJA,\N,\N,\N,2026-08-29T08:58:26Z
476001800153,2026-08-29,476001800153,LICEO ALTHAIR,LICEO ALTHAIR - SEDE PRINCIPAL,S,NO OFICIAL,ALTHAIRSCHOOL@GMAIL.COM,KILÓMETRO 4 LA BUITRERA,3147837263 - 3127518829,"PREESCOLAR,MEDIA,BÁSICA SECUNDARIA,BÁSICA PRIMARIA",RURAL,76,VALLE DEL CAUCA,76001,SANTIAGO DE CALI,MUNICIPIO,NO,NO,NO APLICA,3818,SECRETARÍA DE EDUCACIÓN DE CALI,43.0,43.0,No aporta información,2 - MEDIA,3.3654341436253183,-76.55870399485303,\N,2026-08-29T08:58:26Z
476001800196,2026-08-29,476001800196,JARDIN INFANTIL MICHIN,JARDIN INFANTIL MICHIN - SEDE PRINCIPAL,S,NO OFICIAL,DIR.ADMINISTRATIVA@MICHIN.EDU.CO,CR 127 16 A 35,3116242635 - 3173000554,PREESCOLAR,RURAL,76,VALLE DEL CAUCA,76001,SANTIAGO DE CALI,MUNICIPIO,NO,NO,NO APLICA,3818,SECRETARÍA DE EDUCACIÓN DE CALI,26.0,26.0,No aporta información,2 - MEDIA,3.3334169998409684,-76.53531599979982,\N,2026-08-29T08:58:26Z
476001800374,2026-08-29,476001800374,COLEGIO BILINGÜE AGORA,COLEGIO BILINGÜE AGORA - SEDE PRINCIPAL,S,NO OFICIAL,RECEPCION@AGORA.EDU.CO,KILOMETRO 4 CALLEJON RACHO PLATA,3155842927 - 6023998827,"PREESCOLAR,MEDIA,BÁSICA SECUNDARIA,BÁSICA PRIMARIA",RURAL,76,VALLE DEL CAUCA,76001,SANTIAGO DE CALI,MUNICIPIO,NO,NO,NO APLICA,3818,SECRETARÍA DE EDUCACIÓN DE CALI,126.0,126.0,No aporta información,3 - BAJA,\N,\N,\N,2026-08-29T08:58:26Z
476001800511,2026-08-29,476001800511,GIMNASIO CAMPESTRE PIERRE FAURE,GIMNASIO CAMPESTRE PIERRE FAURE - SEDE PRINCIPAL,S,NO OFICIAL,DIRECCION@GIMNASIOPIERREFAURE.COM,CRA 143 NO. 0 -47  VÍA CASCAJAL VEREDA CASCAJAL,3158901738 - 3115650276,"PREESCOLAR,MEDIA,BÁSICA SECUNDARIA,BÁSICA PRIMARIA",RURAL,76,VALLE DEL CAUCA,76001,SANTIAGO DE CALI,MUNICIPIO,NO,NO,NO APLICA,3818,SECRETARÍA DE EDUCACIÓN DE CALI,420.0,420.0,No aporta información,2 - MEDIA,3.317888393391325,-76.51175486974695,\N,2026-08-29T08:58:26Z
476001800537,2026-08-29,476001800537,MONTESSORI ESCUELA MATERNAL Y JARDÍN INFANTIL,MONTESORRI ESCUELA MATERNAL Y JARDÍN INFANTIL - SEDE PRINCIPAL,S,NO OFICIAL,JARDIN.MONTESSORI.CALI@GMAIL.COM,KILÓMETRO 2  VÍA A CRISTO REY  CALLEJÓN DE LA PELOTA,3159280004 - 6686662 - 3117880588,PREESCOLAR,RURAL,76,VALLE DEL CAUCA,76001,SANTIAGO DE CALI,MUNICIPIO,NO,NO,NO APLICA,3818,SECRETARÍA DE EDUCACIÓN DE CALI,48.0,48.0,No aporta información,2 - MEDIA,3.399043723059324,-76.5764925886194,\N,2026-08-29T08:58:26Z
