resource_id,fid,dataset,conjunto_huellas,municipio,departamento,huella_id,dano,pct_dano_0m,pct_dano_10m,pct_dano_20m,pct_construido_0m,pct_desconocido,confianza,subtipo,area_m2,estado_revision,origen_geometria,procedencia_dano,pct_vantor,estado_previo,lat,lon,first_seen,snapshot_date
a00eebfb-0590-456a-b46d-4633122330d9,526,cali,overture,Cali,Valle del Cauca,0b43879a-5c1c-4193-8289-7c0ceaec0497,1,0.1487303506650544,0.12555953446732318,0.052844762622456666,0.22007255139056833,0.0,\N,\N,\N,\N,\N,\N,\N,\N,3.4171929228439293,-76.51252858570324,2026-08-31T10:29:57Z,2026-08-31
a00eebfb-0590-456a-b46d-4633122330d9,701,cali,overture,Cali,Valle del Cauca,07c873ca-3290-495f-8562-09e62e67e506,1,0.5276243093922652,0.11027811366384523,0.04531001589825119,0.0,0.0,\N,\N,\N,\N,\N,\N,\N,\N,3.4180041896429305,-76.52036760893743,2026-08-31T10:29:57Z,2026-08-31
a00eebfb-0590-456a-b46d-4633122330d9,843,cali,overture,Cali,Valle del Cauca,81e7b6c9-3351-415a-b9d8-1cdeb339dc12,1,0.9346153846153846,0.4820769636267791,0.3469473243271547,0.0,0.0,\N,\N,\N,\N,\N,\N,\N,\N,3.4144924280604525,-76.54172012857113,2026-08-31T10:29:57Z,2026-08-31
a00eebfb-0590-456a-b46d-4633122330d9,858,cali,overture,Cali,Valle del Cauca,24be062c-dbf4-4333-9fc8-f7cd2753fcbe,1,0.9975247524752475,0.7001817080557238,0.3946553503842184,0.0,0.0,\N,\N,\N,\N,\N,\N,\N,\N,3.414585433519372,-76.54164392099116,2026-08-31T10:29:57Z,2026-08-31
a00eebfb-0590-456a-b46d-4633122330d9,860,cali,overture,Cali,Valle del Cauca,dac73c15-3c67-4c55-96f8-d83d6f9b9850,1,1.0,0.5578342904019689,0.40182270091135047,0.0,0.0,\N,\N,\N,\N,\N,\N,\N,\N,3.4146471822757243,-76.54159619843786,2026-08-31T10:29:57Z,2026-08-31
a00eebfb-0590-456a-b46d-4633122330d9,861,cali,overture,Cali,Valle del Cauca,f8b24428-ebbe-484f-b821-8c9892a54e7c,1,0.3712,0.42167135190391003,0.311526158291198,0.2352,0.0,\N,\N,\N,\N,\N,\N,\N,\N,3.4146408672677797,-76.54151979207462,2026-08-31T10:29:57Z,2026-08-31
a00eebfb-0590-456a-b46d-4633122330d9,1621,cali,overture,Cali,Valle del Cauca,cd83562d-dc9f-49b7-a076-3bd8e2b8425c,1,0.8151986183074266,0.47565614302015974,0.22225969645868465,0.0017271157167530224,0.0,\N,\N,\N,\N,\N,\N,\N,\N,3.4209592974914838,-76.54274142063245,2026-08-31T10:29:57Z,2026-08-31
a00eebfb-0590-456a-b46d-4633122330d9,1627,cali,overture,Cali,Valle del Cauca,cbc48eee-8f15-4069-b6e9-e2e531ffeec4,1,0.1741112123974476,0.2506833268254588,0.196553209823352,0.406563354603464,0.0,\N,\N,\N,\N,\N,\N,\N,\N,3.421106460180429,-76.54276072725389,2026-08-31T10:29:57Z,2026-08-31
a00eebfb-0590-456a-b46d-4633122330d9,2182,cali,overture,Cali,Valle del Cauca,4f571dbe-9a05-4a94-a8db-8d510c10fb6b,1,0.1307988232631817,0.10531614487415593,0.07394348116324051,0.5221090744512333,0.0,\N,\N,\N,\N,\N,\N,\N,\N,3.4168536897207,-76.538969469495,2026-08-31T10:29:57Z,2026-08-31
a00eebfb-0590-456a-b46d-4633122330d9,2670,cali,overture,Cali,Valle del Cauca,e87352c1-1aa9-40e4-b433-49e991d2fe51,1,0.7774133083411434,0.5771308128046371,0.29996789727126805,0.10121836925960637,0.0,\N,\N,\N,\N,\N,\N,\N,\N,3.4214339174882182,-76.53474603483369,2026-08-31T10:29:57Z,2026-08-31
a00eebfb-0590-456a-b46d-4633122330d9,2672,cali,overture,Cali,Valle del Cauca,50d26798-9b98-418a-9bc2-8f4edb274dd6,1,1.0,0.615686274509804,0.4903547821394847,0.0,0.0,\N,\N,\N,\N,\N,\N,\N,\N,3.4214981790942685,-76.53462285438974,2026-08-31T10:29:57Z,2026-08-31
a00eebfb-0590-456a-b46d-4633122330d9,3236,cali,overture,Cali,Valle del Cauca,929d91c1-e27c-4081-a6c4-8b04ec7ea886,1,0.35778175313059035,0.11332312404287902,0.050229085355506534,0.16279069767441862,0.0,\N,\N,\N,\N,\N,\N,\N,\N,3.424921108681386,-76.53329148510213,2026-08-31T10:29:57Z,2026-08-31
a00eebfb-0590-456a-b46d-4633122330d9,3696,cali,overture,Cali,Valle del Cauca,a159d158-d29e-4788-ade4-b6eda8ea099f,1,0.14043478260869566,0.1319521238535094,0.09371554575523705,0.5216666666666666,0.0,\N,\N,\N,\N,\N,\N,\N,\N,3.422082049146086,-76.54257680474694,2026-08-31T10:29:57Z,2026-08-31
a00eebfb-0590-456a-b46d-4633122330d9,3896,cali,overture,Cali,Valle del Cauca,0fce5ab6-8773-42a2-a62e-6bc820becbff,1,0.6074074074074074,0.6668126733829756,0.4407899081962882,0.08148148148148149,0.0,\N,\N,\N,\N,\N,\N,\N,\N,3.423237038162095,-76.54809381011185,2026-08-31T10:29:57Z,2026-08-31
a00eebfb-0590-456a-b46d-4633122330d9,3897,cali,overture,Cali,Valle del Cauca,5443a54c-41d2-4bf8-82fc-d7cf286e9c9c,1,0.15764705882352942,0.30936384631534747,0.26827184075600685,0.26529411764705885,0.0,\N,\N,\N,\N,\N,\N,\N,\N,3.423255917382853,-76.54823798494132,2026-08-31T10:29:57Z,2026-08-31
a00eebfb-0590-456a-b46d-4633122330d9,3909,cali,overture,Cali,Valle del Cauca,e8f53ed0-f3d8-4f16-9365-4cb5283edd70,1,0.5688575899843505,0.5343347639484979,0.4051656151419558,0.0782472613458529,0.0,\N,\N,\N,\N,\N,\N,\N,\N,3.423296858887787,-76.5479882916669,2026-08-31T10:29:57Z,2026-08-31
a00eebfb-0590-456a-b46d-4633122330d9,3911,cali,overture,Cali,Valle del Cauca,300a7e1f-7294-49c4-af4b-917d50b21b02,1,0.7976190476190477,0.6414117647058823,0.46326836581709147,0.0,0.0,\N,\N,\N,\N,\N,\N,\N,\N,3.42336616821496,-76.54797440530803,2026-08-31T10:29:57Z,2026-08-31
a00eebfb-0590-456a-b46d-4633122330d9,4369,cali,overture,Cali,Valle del Cauca,2c5e0031-e117-4bdb-9faf-da678bcbe35a,1,0.14013840830449828,0.04657313707451702,0.023769000528200013,0.31418685121107265,0.0,\N,\N,\N,\N,\N,\N,\N,\N,3.427565159722385,-76.54504869152986,2026-08-31T10:29:57Z,2026-08-31
a00eebfb-0590-456a-b46d-4633122330d9,5119,cali,overture,Cali,Valle del Cauca,069bc3d4-2b3f-4bd3-b811-44d96225fc29,1,0.21818181818181817,0.06517357222844344,0.027175943220022414,0.45194805194805193,0.0,\N,\N,\N,\N,\N,\N,\N,\N,3.431999774739656,-76.53819893796638,2026-08-31T10:29:57Z,2026-08-31
a00eebfb-0590-456a-b46d-4633122330d9,6464,cali,overture,Cali,Valle del Cauca,687207ac-94cb-4fa8-8238-2934ad72fb5e,1,0.17665615141955837,0.10469314079422383,0.04638801642908915,0.0,0.0,\N,\N,\N,\N,\N,\N,\N,\N,3.437200882580832,-76.5291163057805,2026-08-31T10:29:57Z,2026-08-31
a00eebfb-0590-456a-b46d-4633122330d9,7690,cali,overture,Cali,Valle del Cauca,bc081b1b-1094-45bf-9f46-b5d8ceed8858,1,0.5633270321361059,0.1944627554383652,0.09030381878013316,0.05356017643352237,0.0,\N,\N,\N,\N,\N,\N,\N,\N,3.43493829909075,-76.54134353442336,2026-08-31T10:29:57Z,2026-08-31
a00eebfb-0590-456a-b46d-4633122330d9,8203,cali,overture,Cali,Valle del Cauca,eae4cb34-046a-43e2-9962-6518a5c27aed,1,0.14666666666666667,0.20101522842639594,0.09036070417333497,0.0,0.0,\N,\N,\N,\N,\N,\N,\N,\N,3.4406806695351064,-76.55080642767709,2026-08-31T10:29:57Z,2026-08-31
a00eebfb-0590-456a-b46d-4633122330d9,8204,cali,overture,Cali,Valle del Cauca,f0ce0203-2fa3-4df9-a2c5-15041470d3a3,1,0.4312210200927357,0.13130590339892664,0.059404337973454194,0.12442040185471406,0.0,\N,\N,\N,\N,\N,\N,\N,\N,3.4407047880721207,-76.55095395174868,2026-08-31T10:29:57Z,2026-08-31
a00eebfb-0590-456a-b46d-4633122330d9,8609,cali,overture,Cali,Valle del Cauca,90722884-4d40-4fb4-9aee-a52ce5959dae,1,0.5819209039548022,0.07779074290159471,0.02675227394328518,0.0,0.0,\N,\N,\N,\N,\N,\N,\N,\N,3.4407707331576023,-76.5405420489612,2026-08-31T10:29:57Z,2026-08-31
a00eebfb-0590-456a-b46d-4633122330d9,9781,cali,overture,Cali,Valle del Cauca,9d086219-ed8c-419b-8e76-964ae9e8304c,1,0.10124826629680998,0.04945054945054945,0.022930821494749846,0.3245492371705964,0.0,\N,\N,\N,\N,\N,\N,\N,\N,3.416075708032391,-76.56551368791283,2026-08-31T10:29:57Z,2026-08-31
a00eebfb-0590-456a-b46d-4633122330d9,9891,cali,overture,Cali,Valle del Cauca,2f7468fd-32e6-45c4-9673-0590564dcb99,1,0.23353293413173654,0.09647718174539632,0.08727025187202178,0.0,0.0,\N,\N,\N,\N,\N,\N,\N,\N,3.4158089220608554,-76.56073780943385,2026-08-31T10:29:57Z,2026-08-31
a00eebfb-0590-456a-b46d-4633122330d9,9944,cali,overture,Cali,Valle del Cauca,fe258ff1-b926-4a36-ac32-284f85285f9a,1,0.9861111111111112,0.27606752730883816,0.14420693928128872,0.0,0.0,\N,\N,\N,\N,\N,\N,\N,\N,3.415634588474259,-76.56064125103771,2026-08-31T10:29:57Z,2026-08-31
a00eebfb-0590-456a-b46d-4633122330d9,9960,cali,overture,Cali,Valle del Cauca,aee48707-061a-42d0-9ea5-abf9f8dd5bc4,1,0.924956369982548,0.17658092175777063,0.06996496443359168,0.0,0.0,\N,\N,\N,\N,\N,\N,\N,\N,3.4156322881106633,-76.56145087699252,2026-08-31T10:29:57Z,2026-08-31
a00eebfb-0590-456a-b46d-4633122330d9,10540,cali,overture,Cali,Valle del Cauca,1742d5f3-38d1-43f0-b9e7-7cbe7a0f86d5,1,0.14285714285714285,0.05603140613847252,0.019989814107461167,0.1583011583011583,0.0,\N,\N,\N,\N,\N,\N,\N,\N,3.416033535096714,-76.55346130576382,2026-08-31T10:29:57Z,2026-08-31
a00eebfb-0590-456a-b46d-4633122330d9,11130,cali,overture,Cali,Valle del Cauca,552b6a05-b684-4b7d-a0d3-f33c80b834fa,1,0.3224852071005917,0.035172636334301385,0.013042957999282038,0.0,0.0,\N,\N,\N,\N,\N,\N,\N,\N,3.4192179193546344,-76.55696770162793,2026-08-31T10:29:57Z,2026-08-31
a00eebfb-0590-456a-b46d-4633122330d9,11575,cali,overture,Cali,Valle del Cauca,509e2173-cd4e-4056-bba2-385c27a2bb32,1,1.0,0.20726306465899025,0.0676398323457147,0.0,0.0,\N,\N,\N,\N,\N,\N,\N,\N,3.4180386438893064,-76.56414287601548,2026-08-31T10:29:57Z,2026-08-31
a00eebfb-0590-456a-b46d-4633122330d9,11688,cali,overture,Cali,Valle del Cauca,7f44859d-59a0-40c5-923b-cc999c88bed9,1,0.10569105691056911,0.016557433597792343,0.03860955927995034,0.012195121951219513,0.0,\N,\N,\N,\N,\N,\N,\N,\N,3.419219131897565,-76.56302396545155,2026-08-31T10:29:57Z,2026-08-31
a00eebfb-0590-456a-b46d-4633122330d9,12358,cali,overture,Cali,Valle del Cauca,3b6e7cdc-66d2-4a6d-ba04-f2d604f55d2d,1,0.3235294117647059,0.07774178621008793,0.024888888888888887,0.0,0.0,\N,\N,\N,\N,\N,\N,\N,\N,3.4212737516930076,-76.56717505548343,2026-08-31T10:29:57Z,2026-08-31
a00eebfb-0590-456a-b46d-4633122330d9,12786,cali,overture,Cali,Valle del Cauca,6cb6cf7c-dabf-49b7-b944-c291545da3d0,1,0.23513513513513515,0.11913669064748202,0.04551451187335093,0.2972972972972973,0.0,\N,\N,\N,\N,\N,\N,\N,\N,3.4217819727288545,-76.56181668769881,2026-08-31T10:29:57Z,2026-08-31
a00eebfb-0590-456a-b46d-4633122330d9,12801,cali,overture,Cali,Valle del Cauca,baae70e5-729e-4871-9dd1-8ddaa7a73da4,1,0.6324503311258278,0.13290529695024078,0.04896510940272028,0.0,0.0,\N,\N,\N,\N,\N,\N,\N,\N,3.4218559181147086,-76.5618212130943,2026-08-31T10:29:57Z,2026-08-31
a00eebfb-0590-456a-b46d-4633122330d9,13031,cali,overture,Cali,Valle del Cauca,4b981aff-e0ea-4df5-b109-bad7505b1f83,1,0.14883720930232558,0.014110657259561827,0.004949850201901785,0.0,0.0,\N,\N,\N,\N,\N,\N,\N,\N,3.422519306826327,-76.55725567979599,2026-08-31T10:29:57Z,2026-08-31
a00eebfb-0590-456a-b46d-4633122330d9,14550,cali,overture,Cali,Valle del Cauca,06845179-7823-4fd5-b497-c1914cc64e83,1,0.2052980132450331,0.10066555740432612,0.033789444289304665,0.0,0.0,\N,\N,\N,\N,\N,\N,\N,\N,3.4208475309043713,-76.5561458709343,2026-08-31T10:29:57Z,2026-08-31
a00eebfb-0590-456a-b46d-4633122330d9,14589,cali,overture,Cali,Valle del Cauca,762fa5d8-b54d-48de-9abf-61285436551b,1,0.8664688427299704,0.3069371727748691,0.12045427087108856,0.0,0.0,\N,\N,\N,\N,\N,\N,\N,\N,3.421438230309111,-76.5566052097074,2026-08-31T10:29:57Z,2026-08-31
a00eebfb-0590-456a-b46d-4633122330d9,14591,cali,overture,Cali,Valle del Cauca,e797e8cc-0316-4e19-9c07-8ca8fd0922aa,1,0.9897959183673469,0.42439703153988867,0.14827483640690065,0.0,0.0,\N,\N,\N,\N,\N,\N,\N,\N,3.421518664705444,-76.55656573007504,2026-08-31T10:29:57Z,2026-08-31
a00eebfb-0590-456a-b46d-4633122330d9,14594,cali,overture,Cali,Valle del Cauca,8b335c7b-cc64-4965-8ff5-5dfef75887be,1,0.10372340425531915,0.02794348508634223,0.037128422042063215,0.0,0.0,\N,\N,\N,\N,\N,\N,\N,\N,3.4216916867677223,-76.556778193289,2026-08-31T10:29:57Z,2026-08-31
a00eebfb-0590-456a-b46d-4633122330d9,14771,cali,overture,Cali,Valle del Cauca,78c5bb03-4a5c-4e56-829c-44e9b4f13e7f,1,0.31316397228637416,0.11859013584628564,0.0580970082139217,0.29422632794457276,0.0,\N,\N,\N,\N,\N,\N,\N,\N,3.4222749002414705,-76.55257312649368,2026-08-31T10:29:57Z,2026-08-31
a00eebfb-0590-456a-b46d-4633122330d9,14909,cali,overture,Cali,Valle del Cauca,4d6351b8-5014-411e-8078-4899b483f9ce,1,0.3978494623655914,0.10970464135021098,0.037623171095849506,0.0,0.0,\N,\N,\N,\N,\N,\N,\N,\N,3.4227404342841306,-76.55503968405101,2026-08-31T10:29:57Z,2026-08-31
a00eebfb-0590-456a-b46d-4633122330d9,14924,cali,overture,Cali,Valle del Cauca,f45ed7ee-eb2e-4c2f-b7d6-1afe4d877552,1,0.1111111111111111,0.22592592592592592,0.10674992566161165,0.0,0.0,\N,\N,\N,\N,\N,\N,\N,\N,3.422985314092089,-76.55621127610011,2026-08-31T10:29:57Z,2026-08-31
a00eebfb-0590-456a-b46d-4633122330d9,15051,cali,overture,Cali,Valle del Cauca,f4368835-7116-4d79-96a3-59ef4a3b4057,1,0.2938775510204082,0.16613076098606644,0.06855249745158003,0.0,0.0,\N,\N,\N,\N,\N,\N,\N,\N,3.4231883040151563,-76.55589057504297,2026-08-31T10:29:57Z,2026-08-31
a00eebfb-0590-456a-b46d-4633122330d9,15076,cali,overture,Cali,Valle del Cauca,c2ee5e90-db5a-4d1b-afc3-63089d7a1ecc,1,0.18008474576271186,0.05742176284811944,0.022214817283127845,0.038135593220338986,0.0,\N,\N,\N,\N,\N,\N,\N,\N,3.423639480193579,-76.55606666691129,2026-08-31T10:29:57Z,2026-08-31
a00eebfb-0590-456a-b46d-4633122330d9,15248,cali,overture,Cali,Valle del Cauca,479e9012-a818-45ec-8080-d41c2948372d,1,0.330749354005168,0.12027707808564232,0.05132568971694733,0.011627906976744186,0.0,\N,\N,\N,\N,\N,\N,\N,\N,3.424182203340687,-76.5578454377422,2026-08-31T10:29:57Z,2026-08-31
a00eebfb-0590-456a-b46d-4633122330d9,15254,cali,overture,Cali,Valle del Cauca,a2fb1761-8055-4702-9d34-63f8bd4384ca,1,0.32857142857142857,0.20034965034965035,0.0719216769172838,0.0,0.0,\N,\N,\N,\N,\N,\N,\N,\N,3.4242708224956275,-76.55793002394734,2026-08-31T10:29:57Z,2026-08-31
a00eebfb-0590-456a-b46d-4633122330d9,15373,cali,overture,Cali,Valle del Cauca,b1c1a963-12ff-4e99-93ae-c30df6ae29dc,1,0.1891891891891892,0.21580135440180587,0.07331378299120235,0.0,0.0,\N,\N,\N,\N,\N,\N,\N,\N,3.424630750816846,-76.55592003492748,2026-08-31T10:29:57Z,2026-08-31
a00eebfb-0590-456a-b46d-4633122330d9,15589,cali,overture,Cali,Valle del Cauca,90ed17a5-c6c6-4767-9892-a3f9fdb0c996,1,0.4158415841584158,0.1328006088280061,0.04618234749239116,0.0,0.0,\N,\N,\N,\N,\N,\N,\N,\N,3.4259631671626583,-76.55673121362936,2026-08-31T10:29:57Z,2026-08-31
a00eebfb-0590-456a-b46d-4633122330d9,15590,cali,overture,Cali,Valle del Cauca,d5707cc0-0d1d-4ca1-bd22-e68104527baf,1,0.5365853658536586,0.15381225209343324,0.05033895860377903,0.0,0.0,\N,\N,\N,\N,\N,\N,\N,\N,3.4259845602630374,-76.55667494140951,2026-08-31T10:29:57Z,2026-08-31
a00eebfb-0590-456a-b46d-4633122330d9,15720,cali,overture,Cali,Valle del Cauca,9e1c63b4-104d-4e91-bda3-55eda712e47b,1,0.2136602451838879,0.17297921478060047,0.08946815621120978,0.01576182136602452,0.0,\N,\N,\N,\N,\N,\N,\N,\N,3.427058492128144,-76.55607430266734,2026-08-31T10:29:57Z,2026-08-31
a00eebfb-0590-456a-b46d-4633122330d9,15970,cali,overture,Cali,Valle del Cauca,12ee0916-ff7d-4ad9-9a5d-dd8251e908e9,1,0.38565022421524664,0.19293078055964655,0.12126310340364954,0.0,0.0,\N,\N,\N,\N,\N,\N,\N,\N,3.427293011523559,-76.55603582569812,2026-08-31T10:29:57Z,2026-08-31
a00eebfb-0590-456a-b46d-4633122330d9,16090,cali,overture,Cali,Valle del Cauca,57ef1eef-93c5-411e-b706-5c9e6bfd30e2,1,0.575,0.19617224880382775,0.0767798309697751,0.0,0.0,\N,\N,\N,\N,\N,\N,\N,\N,3.428018414461868,-76.55209498752815,2026-08-31T10:29:57Z,2026-08-31
a00eebfb-0590-456a-b46d-4633122330d9,16443,cali,overture,Cali,Valle del Cauca,759fc99d-6962-4692-aee1-b41e767cd28b,1,0.1619047619047619,0.01432532347504621,0.0045987242248924495,0.0,0.0,\N,\N,\N,\N,\N,\N,\N,\N,3.4235488453356204,-76.56457567397962,2026-08-31T10:29:57Z,2026-08-31
a00eebfb-0590-456a-b46d-4633122330d9,17754,cali,overture,Cali,Valle del Cauca,4352a6ad-d3b5-46f9-b46e-f79a0462db2f,1,0.23333333333333334,0.24145583666222814,0.09745824255628177,0.0,0.0,\N,\N,\N,\N,\N,\N,\N,\N,3.44160783819054,-76.54951984124088,2026-08-31T10:29:57Z,2026-08-31
a00eebfb-0590-456a-b46d-4633122330d9,17818,cali,overture,Cali,Valle del Cauca,3b7feb86-0891-4ae8-be52-9b15a73e176d,1,0.20353982300884957,0.16529680365296803,0.09575721862109605,0.0,0.0,\N,\N,\N,\N,\N,\N,\N,\N,3.4421463194350794,-76.55050406149863,2026-08-31T10:29:57Z,2026-08-31
a00eebfb-0590-456a-b46d-4633122330d9,17819,cali,overture,Cali,Valle del Cauca,7da7404f-6a5e-455e-9005-fefd90f79250,1,0.13613724405091313,0.04242338251986379,0.03818713052931984,0.059767570558937465,0.0,\N,\N,\N,\N,\N,\N,\N,\N,3.4421708033566434,-76.55069272581733,2026-08-31T10:29:57Z,2026-08-31
a00eebfb-0590-456a-b46d-4633122330d9,17846,cali,overture,Cali,Valle del Cauca,d8417e6e-1018-4a49-9699-5a246632ee54,1,0.10138248847926268,0.025648097076668507,0.010026954177897575,0.0,0.0,\N,\N,\N,\N,\N,\N,\N,\N,3.442830885041963,-76.55026809873937,2026-08-31T10:29:57Z,2026-08-31
a00eebfb-0590-456a-b46d-4633122330d9,20040,cali,overture,Cali,Valle del Cauca,9fab0fb8-1435-4055-8ce8-d73f5efe3983,1,0.27758535378525484,0.08171428571428571,0.03951367781155015,0.0,0.0,\N,\N,\N,\N,\N,\N,\N,\N,3.4550971100138743,-76.51772349845804,2026-08-31T10:29:57Z,2026-08-31
a00eebfb-0590-456a-b46d-4633122330d9,20997,cali,overture,Cali,Valle del Cauca,6199f029-d251-460d-90e5-8db07358b907,1,0.29020234291799785,0.1684194482548392,0.08030523255813954,0.15175718849840256,0.0,\N,\N,\N,\N,\N,\N,\N,\N,3.4488374540244235,-76.54384023730813,2026-08-31T10:29:57Z,2026-08-31
a00eebfb-0590-456a-b46d-4633122330d9,21572,cali,overture,Cali,Valle del Cauca,68907303-4ead-49a6-96b4-740d648821ce,1,0.14309210526315788,0.049258377586522614,0.022143562726374712,0.328125,0.0,\N,\N,\N,\N,\N,\N,\N,\N,3.444961179944402,-76.52836144325545,2026-08-31T10:29:57Z,2026-08-31
a00eebfb-0590-456a-b46d-4633122330d9,21947,cali,overture,Cali,Valle del Cauca,95ec39bd-a28d-4cb7-b2e6-dac8e4c9edb1,1,0.4063097514340344,0.18225068618481244,0.08087697929354445,0.0,0.0,\N,\N,\N,\N,\N,\N,\N,\N,3.4476901150307935,-76.52784659516178,2026-08-31T10:29:57Z,2026-08-31
a00eebfb-0590-456a-b46d-4633122330d9,22370,cali,overture,Cali,Valle del Cauca,16d9d6dc-b24c-4cd8-b05c-aeb8f8a900ab,1,0.15384615384615385,0.03627671541057368,0.01397313691507799,0.04871794871794872,0.0,\N,\N,\N,\N,\N,\N,\N,\N,3.4471337331915834,-76.54997466805527,2026-08-31T10:29:57Z,2026-08-31
a00eebfb-0590-456a-b46d-4633122330d9,22373,cali,overture,Cali,Valle del Cauca,7fa48004-adcf-401f-ba41-8b52522a19b9,1,0.525,0.057769816390506046,0.01875,0.0,0.0,\N,\N,\N,\N,\N,\N,\N,\N,3.447168553938494,-76.55003543331908,2026-08-31T10:29:57Z,2026-08-31
a00eebfb-0590-456a-b46d-4633122330d9,22643,cali,overture,Cali,Valle del Cauca,cc6eb4bf-c4e8-4157-9ad8-b9db8d1da814,1,0.10003049710277524,0.06210547749949094,0.03273585918214018,0.37938395852394025,0.0,\N,\N,\N,\N,\N,\N,\N,\N,3.4475014662536827,-76.55658587756476,2026-08-31T10:29:57Z,2026-08-31
a00eebfb-0590-456a-b46d-4633122330d9,24420,cali,overture,Cali,Valle del Cauca,7d2bd36e-6451-49ee-80f2-8395af79a785,1,0.3411764705882353,0.21994408201304752,0.1623715179502458,0.0,0.0,\N,\N,\N,\N,\N,\N,\N,\N,3.458623467228194,-76.53735635605241,2026-08-31T10:29:57Z,2026-08-31
a00eebfb-0590-456a-b46d-4633122330d9,24758,cali,overture,Cali,Valle del Cauca,6b47314a-0ede-4b31-b31d-dc06c0683d06,1,0.1414141414141414,0.06393972012917115,0.030616921807681732,0.0,0.0,\N,\N,\N,\N,\N,\N,\N,\N,3.4599921624160306,-76.53773681897154,2026-08-31T10:29:57Z,2026-08-31
a00eebfb-0590-456a-b46d-4633122330d9,24761,cali,overture,Cali,Valle del Cauca,75be01b2-a64f-427c-a5fe-108f73d39dd5,1,0.26476578411405294,0.0912568306010929,0.03575634300396103,0.0,0.0,\N,\N,\N,\N,\N,\N,\N,\N,3.460155693838197,-76.53769917741512,2026-08-31T10:29:57Z,2026-08-31
a00eebfb-0590-456a-b46d-4633122330d9,25210,cali,overture,Cali,Valle del Cauca,bd0e3724-1fbc-4718-bd96-9b5bf342ae96,1,0.32793867120954,0.29462079452575557,0.2168062960142168,0.018739352640545145,0.0,\N,\N,\N,\N,\N,\N,\N,\N,3.4665113498548994,-76.5335246512264,2026-08-31T10:29:57Z,2026-08-31
a00eebfb-0590-456a-b46d-4633122330d9,25212,cali,overture,Cali,Valle del Cauca,d6ab6e08-93a2-411b-9a6f-c4f33f05a06d,1,1.0,0.6535524184216617,0.2972686034166586,0.0,0.0,\N,\N,\N,\N,\N,\N,\N,\N,3.466678385642072,-76.53341616790259,2026-08-31T10:29:57Z,2026-08-31
a00eebfb-0590-456a-b46d-4633122330d9,25522,cali,overture,Cali,Valle del Cauca,f0972c31-9c78-4b1b-b208-b8ea0751f21a,1,0.45808383233532934,0.09262025694651928,0.03474557274153777,0.02694610778443114,0.0,\N,\N,\N,\N,\N,\N,\N,\N,3.4556440034751565,-76.54154892673068,2026-08-31T10:29:57Z,2026-08-31
a00eebfb-0590-456a-b46d-4633122330d9,25805,cali,overture,Cali,Valle del Cauca,fa98a4c2-ff64-4eb8-837a-f21b02206f56,1,0.6778846153846154,0.08224163027656478,0.029004106776180698,0.0,0.0,\N,\N,\N,\N,\N,\N,\N,\N,3.457790778342528,-76.54288716766796,2026-08-31T10:29:57Z,2026-08-31
a00eebfb-0590-456a-b46d-4633122330d9,25925,cali,overture,Cali,Valle del Cauca,6f288341-4d22-4f92-9031-e6bad4e296de,1,0.4203137902559868,0.13006111535523301,0.0573521980798383,0.21965317919075145,0.0,\N,\N,\N,\N,\N,\N,\N,\N,3.459408380235218,-76.54154656610362,2026-08-31T10:29:57Z,2026-08-31
a00eebfb-0590-456a-b46d-4633122330d9,26052,cali,overture,Cali,Valle del Cauca,34897873-ffed-4564-92c7-3d086f572bae,1,0.17236981934112647,0.08306310800698428,0.045699908508691676,0.13538788522848033,0.0,\N,\N,\N,\N,\N,\N,\N,\N,3.4555529992812026,-76.54805388388723,2026-08-31T10:29:57Z,2026-08-31
a00eebfb-0590-456a-b46d-4633122330d9,26543,cali,overture,Cali,Valle del Cauca,74a60021-a48f-4e90-bf19-de0837f425ee,1,0.6211180124223602,0.41078669910786697,0.3451315245833907,0.0,0.0,\N,\N,\N,\N,\N,\N,\N,\N,3.466689662983304,-76.5335388888668,2026-08-31T10:29:57Z,2026-08-31
a00eebfb-0590-456a-b46d-4633122330d9,26727,cali,overture,Cali,Valle del Cauca,bbdcdadd-4421-43a0-9733-ca951bf5ca54,1,0.14877061935885466,0.09980509689993748,0.06464521353881333,0.46763149704326173,0.0,\N,\N,\N,\N,\N,\N,\N,\N,3.4711464848885507,-76.530409403279,2026-08-31T10:29:57Z,2026-08-31
a00eebfb-0590-456a-b46d-4633122330d9,26923,cali,overture,Cali,Valle del Cauca,52054dfa-51ee-4ca8-9c7a-2c46d3ac042a,1,0.12871287128712872,0.23600185099490975,0.09842869848799289,0.0,0.0,\N,\N,\N,\N,\N,\N,\N,\N,3.4877100250926296,-76.53543117024326,2026-08-31T10:29:57Z,2026-08-31
a00eebfb-0590-456a-b46d-4633122330d9,27118,cali,overture,Cali,Valle del Cauca,c9cd688a-499b-4358-a087-c272f7662b4d,1,0.699438202247191,0.10199757869249394,0.03844837421563035,0.0,0.0,\N,\N,\N,\N,\N,\N,\N,\N,3.486188330964851,-76.53466586645474,2026-08-31T10:29:57Z,2026-08-31
a00eebfb-0590-456a-b46d-4633122330d9,27179,cali,overture,Cali,Valle del Cauca,ddf019cd-8a18-4b2e-9937-7da75236cbcd,1,0.27873563218390807,0.07039407207814079,0.032448377581120944,0.27801724137931033,0.0,\N,\N,\N,\N,\N,\N,\N,\N,3.480823676142809,-76.52782037017738,2026-08-31T10:29:57Z,2026-08-31
a00eebfb-0590-456a-b46d-4633122330d9,27292,cali,overture,Cali,Valle del Cauca,681c914f-a729-4f34-ae02-1956ff1920ae,1,0.47085201793721976,0.054114158636026685,0.019017845512570013,0.0,0.0,\N,\N,\N,\N,\N,\N,\N,\N,3.4611941865827083,-76.54380139357838,2026-08-31T10:29:57Z,2026-08-31
a00eebfb-0590-456a-b46d-4633122330d9,28018,cali,overture,Cali,Valle del Cauca,308320c9-8d5c-416f-be31-2ed584b6c0f6,1,0.17798594847775176,0.022297488004515947,0.008658483121437965,0.01873536299765808,0.0,\N,\N,\N,\N,\N,\N,\N,\N,3.4870051938061786,-76.54988901895968,2026-08-31T10:29:57Z,2026-08-31
a00eebfb-0590-456a-b46d-4633122330d9,29098,cali,overture,Cali,Valle del Cauca,78211526-eec6-4241-8c48-497f94accb6b,1,0.10865701954810866,0.09775026159748866,0.0525575507524966,0.2361005331302361,0.0,\N,\N,\N,\N,\N,\N,\N,\N,3.487062791125479,-76.52190822303525,2026-08-31T10:29:57Z,2026-08-31
a00eebfb-0590-456a-b46d-4633122330d9,29100,cali,overture,Cali,Valle del Cauca,005e8233-b8b7-40ef-bf35-d69556efc03b,1,0.13675213675213677,0.21502384737678856,0.15179417738659445,0.0,0.0,\N,\N,\N,\N,\N,\N,\N,\N,3.487214179447297,-76.52173649900593,2026-08-31T10:29:57Z,2026-08-31
a00eebfb-0590-456a-b46d-4633122330d9,29686,cali,overture,Cali,Valle del Cauca,96bd2ac2-9813-48f7-9562-9bed1da94613,1,0.11052631578947368,0.14082885648503454,0.057567316620241414,0.0,0.0,\N,\N,\N,\N,\N,\N,\N,\N,3.4505751447742177,-76.5659258829231,2026-08-31T10:29:57Z,2026-08-31
a00eebfb-0590-456a-b46d-4633122330d9,29694,cali,overture,Cali,Valle del Cauca,4296e877-ab66-4fdc-84e4-596d7efb7648,1,0.33879781420765026,0.09295352323838081,0.039729036982790185,0.0,0.0,\N,\N,\N,\N,\N,\N,\N,\N,3.4506769122793526,-76.56597593191614,2026-08-31T10:29:57Z,2026-08-31
a00eebfb-0590-456a-b46d-4633122330d9,31099,cali,overture,Cali,Valle del Cauca,5c4e2c5a-c957-4368-a2cb-ad5f76757fc5,1,0.6125,0.21414821944177093,0.07999392835458409,0.0,0.0,\N,\N,\N,\N,\N,\N,\N,\N,3.4548791774340106,-76.57490329268533,2026-08-31T10:29:57Z,2026-08-31
a00eebfb-0590-456a-b46d-4633122330d9,31127,cali,overture,Cali,Valle del Cauca,0d3bdace-3c57-4216-b819-91c1744f60b9,1,0.25757575757575757,0.12388340385519511,0.05106589147286822,0.0,0.0,\N,\N,\N,\N,\N,\N,\N,\N,3.454972170492198,-76.57480560391824,2026-08-31T10:29:57Z,2026-08-31
a00eebfb-0590-456a-b46d-4633122330d9,31128,cali,overture,Cali,Valle del Cauca,5c5129c6-0bf0-439f-8dd5-54439074ae17,1,0.4915254237288136,0.21096877502001601,0.07194539249146757,0.0,0.0,\N,\N,\N,\N,\N,\N,\N,\N,3.454971904426793,-76.57492299934599,2026-08-31T10:29:57Z,2026-08-31
a00eebfb-0590-456a-b46d-4633122330d9,31818,cali,overture,Cali,Valle del Cauca,5751887d-bdb0-432a-8a97-916119c0eba8,1,0.22148760330578512,0.039832285115303984,0.01646288630018292,0.4578512396694215,0.0,\N,\N,\N,\N,\N,\N,\N,\N,3.4532420819352896,-76.55855878550517,2026-08-31T10:29:57Z,2026-08-31
a00eebfb-0590-456a-b46d-4633122330d9,32791,cali,overture,Cali,Valle del Cauca,df147ee2-1614-4994-9eab-65a03c0cc6f1,1,0.20930232558139536,0.12655836796373252,0.044113774032130626,0.0,0.0,\N,\N,\N,\N,\N,\N,\N,\N,3.454916709995145,-76.56778413249891,2026-08-31T10:29:57Z,2026-08-31
a00eebfb-0590-456a-b46d-4633122330d9,32820,cali,overture,Cali,Valle del Cauca,2c1603eb-a4da-4009-ab2f-cf6db019ecbc,1,0.35947712418300654,0.13975803087192323,0.04683349643506221,0.27450980392156865,0.0,\N,\N,\N,\N,\N,\N,\N,\N,3.4550068991244993,-76.56779271358646,2026-08-31T10:29:57Z,2026-08-31
a00eebfb-0590-456a-b46d-4633122330d9,33469,cali,overture,Cali,Valle del Cauca,20ae2659-f4f9-4cc1-b5b7-7bb1f119485d,1,0.13304721030042918,0.012790306294177045,0.004624558841426311,0.0,0.0,\N,\N,\N,\N,\N,\N,\N,\N,3.455716839388448,-76.5768500931926,2026-08-31T10:29:57Z,2026-08-31
a00eebfb-0590-456a-b46d-4633122330d9,33651,cali,overture,Cali,Valle del Cauca,41f9ba34-654a-47c1-9cee-ac3237d155d0,1,0.19656019656019655,0.1170018281535649,0.04434180138568129,0.0,0.0,\N,\N,\N,\N,\N,\N,\N,\N,3.4558186428290156,-76.5783422177284,2026-08-31T10:29:57Z,2026-08-31
a00eebfb-0590-456a-b46d-4633122330d9,33924,cali,overture,Cali,Valle del Cauca,f670d6bf-81eb-4543-8473-bd336e5befa7,1,0.42592592592592593,0.030663615560640733,0.00988929889298893,0.0,0.0,\N,\N,\N,\N,\N,\N,\N,\N,3.456996440093712,-76.57421658789768,2026-08-31T10:29:57Z,2026-08-31
a00eebfb-0590-456a-b46d-4633122330d9,34346,cali,overture,Cali,Valle del Cauca,10efda63-a4ae-44b5-88c4-ec9ca2545839,1,0.4939759036144578,0.04296506137865911,0.013665715572908846,0.0,0.0,\N,\N,\N,\N,\N,\N,\N,\N,3.454720125277892,-76.55396088350189,2026-08-31T10:29:57Z,2026-08-31
a00eebfb-0590-456a-b46d-4633122330d9,35281,cali,overture,Cali,Valle del Cauca,2e5d2d1f-a0ab-460b-bd09-abb080aa99e2,1,0.3160377358490566,0.140536456365697,0.04903770102820986,0.0,0.0,\N,\N,\N,\N,\N,\N,\N,\N,3.4591059129923174,-76.57622471518444,2026-08-31T10:29:57Z,2026-08-31
a00eebfb-0590-456a-b46d-4633122330d9,35333,cali,overture,Cali,Valle del Cauca,9d88f737-a4a9-4801-9288-92befd66c1fc,1,0.1590909090909091,0.07902125952667469,0.026930963773069035,0.0,0.0,\N,\N,\N,\N,\N,\N,\N,\N,3.4595014465254716,-76.57636277584798,2026-08-31T10:29:57Z,2026-08-31
a00eebfb-0590-456a-b46d-4633122330d9,35348,cali,overture,Cali,Valle del Cauca,d4214a9a-0386-4813-8f41-d2412f0594fb,1,0.18529130850047756,0.17394592550576668,0.0841858125104813,0.5682903533906399,0.0,\N,\N,\N,\N,\N,\N,\N,\N,3.4594306806343096,-76.58334892293875,2026-08-31T10:29:57Z,2026-08-31
a00eebfb-0590-456a-b46d-4633122330d9,35357,cali,overture,Cali,Valle del Cauca,5427fa2d-190a-49de-b98a-00981e333b1e,1,0.6275924256086565,0.18654095026807174,0.0897037158291046,0.0,0.0,\N,\N,\N,\N,\N,\N,\N,\N,3.459544336610952,-76.58328771120046,2026-08-31T10:29:57Z,2026-08-31
a00eebfb-0590-456a-b46d-4633122330d9,35388,cali,overture,Cali,Valle del Cauca,9455aab6-9ce6-4a13-9200-611651f322d3,1,0.1210762331838565,0.035201351731906506,0.08817723184908971,0.0,0.0,\N,\N,\N,\N,\N,\N,\N,\N,3.4597300804488547,-76.58325602773824,2026-08-31T10:29:57Z,2026-08-31
a00eebfb-0590-456a-b46d-4633122330d9,35758,cali,overture,Cali,Valle del Cauca,50500215-9841-4e75-b35e-e55c041cff59,1,0.19298245614035087,0.013311819281968536,0.004531722054380665,0.0,0.0,\N,\N,\N,\N,\N,\N,\N,\N,3.4632472920007205,-76.58769693236819,2026-08-31T10:29:57Z,2026-08-31
a00eebfb-0590-456a-b46d-4633122330d9,36024,cali,overture,Cali,Valle del Cauca,22f88cc8-c3a7-4630-9ec5-fdec4b120560,1,0.5797101449275363,0.1409295352323838,0.04700589512876202,0.0,0.0,\N,\N,\N,\N,\N,\N,\N,\N,3.4659842627369346,-76.58994313110398,2026-08-31T10:29:57Z,2026-08-31
a00eebfb-0590-456a-b46d-4633122330d9,36029,cali,overture,Cali,Valle del Cauca,f86beef8-2d7e-4e95-a088-6a68b8f15495,1,0.29346314325452016,0.04838339830314148,0.03326660947478791,0.17524339360222532,0.0,\N,\N,\N,\N,\N,\N,\N,\N,3.4660658805161835,-76.5896616788238,2026-08-31T10:29:57Z,2026-08-31
a00eebfb-0590-456a-b46d-4633122330d9,36031,cali,overture,Cali,Valle del Cauca,302801b8-6ca4-4371-ba94-eafec7495c2d,1,0.19824561403508772,0.07998944033790918,0.03195191395128124,0.07894736842105263,0.0,\N,\N,\N,\N,\N,\N,\N,\N,3.4660982361181745,-76.58995049899924,2026-08-31T10:29:57Z,2026-08-31
a00eebfb-0590-456a-b46d-4633122330d9,38486,cali,overture,Cali,Valle del Cauca,415833b2-81a0-4e24-a499-1518da91fa78,1,0.6534653465346535,0.21222410865874364,0.07723677706376668,0.0,0.0,\N,\N,\N,\N,\N,\N,\N,\N,3.4567473560958715,-76.55923161465714,2026-08-31T10:29:57Z,2026-08-31
a00eebfb-0590-456a-b46d-4633122330d9,38489,cali,overture,Cali,Valle del Cauca,54e510fd-3513-4ebb-85d8-5fa414a152fb,1,0.13694267515923567,0.17308970099667775,0.07608960311663014,0.5955414012738853,0.0,\N,\N,\N,\N,\N,\N,\N,\N,3.4568376636241083,-76.55914309598096,2026-08-31T10:29:57Z,2026-08-31
a00eebfb-0590-456a-b46d-4633122330d9,38528,cali,overture,Cali,Valle del Cauca,c9518027-57e3-436d-afb1-55e6a590d742,1,0.3896636587366694,0.0927584919746174,0.041551709723267286,0.0,0.0,\N,\N,\N,\N,\N,\N,\N,\N,3.4574229307919593,-76.56092045256149,2026-08-31T10:29:57Z,2026-08-31
a00eebfb-0590-456a-b46d-4633122330d9,38991,cali,overture,Cali,Valle del Cauca,8756921c-2d39-4266-a891-c4bd62cf73cd,1,0.4235294117647059,0.16406619385342788,0.06464737793851717,0.0,0.0,\N,\N,\N,\N,\N,\N,\N,\N,3.456443052178674,-76.56800797127268,2026-08-31T10:29:57Z,2026-08-31
a00eebfb-0590-456a-b46d-4633122330d9,39894,cali,overture,Cali,Valle del Cauca,e1ccc07d-8ed2-4dd0-b4b6-be1ea797495f,1,1.0,0.3491442542787286,0.1168811274509804,0.0,0.0,\N,\N,\N,\N,\N,\N,\N,\N,3.485986571827506,-76.52428497921704,2026-08-31T10:29:57Z,2026-08-31
a00eebfb-0590-456a-b46d-4633122330d9,39895,cali,overture,Cali,Valle del Cauca,011fd91b-e6b4-4a49-b7a1-e8e5e3db05cc,1,0.62,0.29367720465890185,0.10646016464350495,0.0,0.0,\N,\N,\N,\N,\N,\N,\N,\N,3.4859911728932027,-76.52434093904793,2026-08-31T10:29:57Z,2026-08-31
a00eebfb-0590-456a-b46d-4633122330d9,39899,cali,overture,Cali,Valle del Cauca,db56a5ac-48a1-44ca-be0d-2a48e41bc605,1,0.5865237366003063,0.1931645569620253,0.07820828208282082,0.0995405819295559,0.0,\N,\N,\N,\N,\N,\N,\N,\N,3.4860723093128017,-76.52431209202454,2026-08-31T10:29:57Z,2026-08-31
a00eebfb-0590-456a-b46d-4633122330d9,39961,cali,overture,Cali,Valle del Cauca,379dc556-4d30-4cdc-9cab-e79fda090547,1,0.11471861471861472,0.035597826086956524,0.013909534933106817,0.030303030303030304,0.0,\N,\N,\N,\N,\N,\N,\N,\N,3.4867327078112025,-76.5347919933208,2026-08-31T10:29:57Z,2026-08-31
a00eebfb-0590-456a-b46d-4633122330d9,40074,cali,overture,Cali,Valle del Cauca,8b328754-88d3-47be-a08a-c0675048592d,1,0.24075416968817984,0.07521815008726003,0.03438921247905529,0.10732414793328499,0.0,\N,\N,\N,\N,\N,\N,\N,\N,3.4882104627090116,-76.52859163072694,2026-08-31T10:29:57Z,2026-08-31
a00eebfb-0590-456a-b46d-4633122330d9,40128,cali,overture,Cali,Valle del Cauca,bdab276d-c3b8-4f83-8ca9-c21ef079cf9d,1,0.18354430379746836,0.04221204188481675,0.015547788357237555,0.0981012658227848,0.0,\N,\N,\N,\N,\N,\N,\N,\N,3.4884527651037085,-76.52621955057826,2026-08-31T10:29:57Z,2026-08-31
a00eebfb-0590-456a-b46d-4633122330d9,40167,cali,overture,Cali,Valle del Cauca,baad3bef-41aa-421c-92a2-dbe9aff65a6c,1,0.9090909090909091,0.23432475884244372,0.0796230538104343,0.0,0.0,\N,\N,\N,\N,\N,\N,\N,\N,3.4880672251256923,-76.53513422681142,2026-08-31T10:29:57Z,2026-08-31
a00eebfb-0590-456a-b46d-4633122330d9,40738,cali,overture,Cali,Valle del Cauca,cd1125e7-4d62-4df6-be90-3ce80da0af61,1,1.0,0.6196549137284321,0.4572364112639162,0.0,0.0,\N,\N,\N,\N,\N,\N,\N,\N,3.492560997223074,-76.52713084858446,2026-08-31T10:29:57Z,2026-08-31
a00eebfb-0590-456a-b46d-4633122330d9,40834,cali,overture,Cali,Valle del Cauca,70c02ddd-84fd-4120-93d0-303984fe68b5,1,0.7095238095238096,0.3603435399551904,0.14805126863719592,0.0,0.0,\N,\N,\N,\N,\N,\N,\N,\N,3.4912398000090334,-76.53431538045018,2026-08-31T10:29:57Z,2026-08-31
a00eebfb-0590-456a-b46d-4633122330d9,40928,cali,overture,Cali,Valle del Cauca,2e159905-2454-41d8-9d92-1fd994bc8dda,1,0.9363867684478372,0.32906976744186045,0.12614218854468465,0.0,0.0,\N,\N,\N,\N,\N,\N,\N,\N,3.491175784135141,-76.5342395744965,2026-08-31T10:29:57Z,2026-08-31
a00eebfb-0590-456a-b46d-4633122330d9,40931,cali,overture,Cali,Valle del Cauca,003b10b5-8451-4ea2-81e3-fa35bc4ac408,1,1.0,0.45041868664609963,0.16393917451122375,0.0,0.0,\N,\N,\N,\N,\N,\N,\N,\N,3.49126031123006,-76.53421925215453,2026-08-31T10:29:57Z,2026-08-31
a00eebfb-0590-456a-b46d-4633122330d9,41224,cali,overture,Cali,Valle del Cauca,9ecc2db9-eac1-4706-8dcd-e8595edbae4b,1,0.38551859099804303,0.09460834181078331,0.03795531068258341,0.0,0.0,\N,\N,\N,\N,\N,\N,\N,\N,3.4933029501193396,-76.53536164891419,2026-08-31T10:29:57Z,2026-08-31
a00eebfb-0590-456a-b46d-4633122330d9,41410,cali,overture,Cali,Valle del Cauca,e134fe7d-7d5b-4af2-918a-73ae104be883,1,0.16463414634146342,0.018354637823664373,0.006758387641805455,0.0,0.0,\N,\N,\N,\N,\N,\N,\N,\N,3.4892856191532213,-76.54679615695152,2026-08-31T10:29:57Z,2026-08-31
a00eebfb-0590-456a-b46d-4633122330d9,42483,cali,overture,Cali,Valle del Cauca,a39bb86a-cf48-4027-89c3-5c574370a108,1,1.0,0.7663608562691131,0.4188739823414746,0.0,0.0,\N,\N,\N,\N,\N,\N,\N,\N,3.492657767867953,-76.52712951558291,2026-08-31T10:29:57Z,2026-08-31
a00eebfb-0590-456a-b46d-4633122330d9,42484,cali,overture,Cali,Valle del Cauca,1325c816-29af-4290-a7f0-f0faec19329c,1,0.726159230096238,0.5826651393661703,0.3426083987709116,0.0,0.0,\N,\N,\N,\N,\N,\N,\N,\N,3.492689572537328,-76.52702307301682,2026-08-31T10:29:57Z,2026-08-31
a00eebfb-0590-456a-b46d-4633122330d9,43036,cali,overture,Cali,Valle del Cauca,5c36a639-f9a4-4a21-92f8-ce916f0a1567,1,0.3271939328277356,0.1448087431693989,0.07544951590594744,0.12080173347778982,0.0,\N,\N,\N,\N,\N,\N,\N,\N,3.5221814753467506,-76.52817975575165,2026-08-31T10:29:57Z,2026-08-31
a00eebfb-0590-456a-b46d-4633122330d9,43946,cali,overture,Cali,Valle del Cauca,3e01df1b-c627-4588-8aee-432b97f0ab99,1,0.506896551724138,0.06288659793814433,0.022659732540861812,0.0,0.0,\N,\N,\N,\N,\N,\N,\N,\N,3.4828197710454925,-76.54928768216953,2026-08-31T10:29:57Z,2026-08-31
a00eebfb-0590-456a-b46d-4633122330d9,44473,cali,overture,Cali,Valle del Cauca,6c25db5b-1adb-484c-afe1-7d263a2db727,1,0.34095238095238095,0.07935684647302904,0.031556151387026915,0.18857142857142858,0.0,\N,\N,\N,\N,\N,\N,\N,\N,3.4850558887613388,-76.55288242406766,2026-08-31T10:29:57Z,2026-08-31
a00eebfb-0590-456a-b46d-4633122330d9,44560,cali,overture,Cali,Valle del Cauca,98aaaf52-d54e-4633-a00d-3f33f24c4555,1,0.29064039408866993,0.03476033662641786,0.012215507265012216,0.39408866995073893,0.0,\N,\N,\N,\N,\N,\N,\N,\N,3.485452074663635,-76.5505080945446,2026-08-31T10:29:57Z,2026-08-31
a00eebfb-0590-456a-b46d-4633122330d9,44705,cali,overture,Cali,Valle del Cauca,50732fcc-52de-4fba-b300-ebd556475751,1,0.21995708154506438,0.07440287465652082,0.04413906079359301,0.4002145922746781,0.0,\N,\N,\N,\N,\N,\N,\N,\N,3.486480854677701,-76.5516824964321,2026-08-31T10:29:57Z,2026-08-31
a00eebfb-0590-456a-b46d-4633122330d9,45176,cali,overture,Cali,Valle del Cauca,73d49504-f175-47df-9164-65ed38285fcd,1,0.6028708133971292,0.13806254767353165,0.04794067010991922,0.0,0.0,\N,\N,\N,\N,\N,\N,\N,\N,3.4896393301528303,-76.54955765264243,2026-08-31T10:29:57Z,2026-08-31
a00eebfb-0590-456a-b46d-4633122330d9,48355,cali,overture,Cali,Valle del Cauca,c04d3333-92d4-4f96-85cd-7fabdcff7f17,1,0.7063492063492064,0.10306704707560628,0.03676844783715013,0.0,0.0,\N,\N,\N,\N,\N,\N,\N,\N,3.520198494192774,-76.60974092286325,2026-08-31T10:29:57Z,2026-08-31
a00eebfb-0590-456a-b46d-4633122330d9,49747,cali,overture,Cali,Valle del Cauca,f21e59ad-26f7-4661-9ef3-e93e1bd9eeb9,1,0.501951600312256,0.24375,0.11540108478447045,0.0,0.0,\N,\N,\N,\N,\N,\N,\N,\N,3.4150844938729836,-76.51451146208305,2026-08-31T10:29:57Z,2026-08-31
a00eebfb-0590-456a-b46d-4633122330d9,51177,cali,overture,Cali,Valle del Cauca,72af01c1-0a8e-49de-978a-5ada80b1c581,1,0.9139784946236559,0.21694378463974665,0.07423462476293688,0.0,0.0,\N,\N,\N,\N,\N,\N,\N,\N,3.422614124819068,-76.48928486972142,2026-08-31T10:29:57Z,2026-08-31
a00eebfb-0590-456a-b46d-4633122330d9,51219,cali,overture,Cali,Valle del Cauca,31b48193-6d94-4657-89d1-5f899fa260e8,1,0.15428571428571428,0.20265914585012088,0.07506849315068494,0.0,0.0,\N,\N,\N,\N,\N,\N,\N,\N,3.4226877976720713,-76.48919770285254,2026-08-31T10:29:57Z,2026-08-31
a00eebfb-0590-456a-b46d-4633122330d9,51220,cali,overture,Cali,Valle del Cauca,9550abd6-011c-410a-9cde-6ad7d26a8893,1,0.4142857142857143,0.2158447857720291,0.07481228668941979,0.0,0.0,\N,\N,\N,\N,\N,\N,\N,\N,3.422723158805267,-76.48925106760552,2026-08-31T10:29:57Z,2026-08-31
a00eebfb-0590-456a-b46d-4633122330d9,52741,cali,overture,Cali,Valle del Cauca,3602e7d0-b29a-4a2c-a228-db7972b2791c,1,0.1695059625212947,0.038784262539623346,0.01723280861640431,0.0,0.0,\N,\N,\N,\N,\N,\N,\N,\N,3.422641623620265,-76.51291056522672,2026-08-31T10:29:57Z,2026-08-31
a00eebfb-0590-456a-b46d-4633122330d9,53045,cali,overture,Cali,Valle del Cauca,81188dcc-53e9-4eb5-9fc5-46858f3541c9,1,0.4418604651162791,0.10803474484256244,0.03241042345276873,0.0,0.0,\N,\N,\N,\N,\N,\N,\N,\N,3.426395106444413,-76.51654896343335,2026-08-31T10:29:57Z,2026-08-31
a00eebfb-0590-456a-b46d-4633122330d9,53568,cali,overture,Cali,Valle del Cauca,5d1478ec-59e7-4f6e-b8ce-ade2bbf11d99,1,0.10416476806707373,0.04667896011859565,0.028903416468902522,0.2759500592363073,0.0,\N,\N,\N,\N,\N,\N,\N,\N,3.4279275957001856,-76.49218948242952,2026-08-31T10:29:57Z,2026-08-31
a00eebfb-0590-456a-b46d-4633122330d9,53618,cali,overture,Cali,Valle del Cauca,a75ad3cd-59a6-4ee3-8da8-112294045cb6,1,0.12080536912751678,0.04513064133016627,0.015386691861249831,0.0,0.0,\N,\N,\N,\N,\N,\N,\N,\N,3.4284607711690853,-76.49285850073052,2026-08-31T10:29:57Z,2026-08-31
a00eebfb-0590-456a-b46d-4633122330d9,53740,cali,overture,Cali,Valle del Cauca,3d0b00ed-1aea-41c5-8479-ebaaa7d97c74,1,0.6846394984326019,0.21315449256625726,0.09914311485267589,0.0,0.0,\N,\N,\N,\N,\N,\N,\N,\N,3.4266375595567387,-76.4968697415867,2026-08-31T10:29:57Z,2026-08-31
a00eebfb-0590-456a-b46d-4633122330d9,53902,cali,overture,Cali,Valle del Cauca,2f3681be-fdca-4d2d-94c4-0567c08629cf,1,0.46786632390745503,0.21316998468606432,0.08079056865464633,0.0,0.0,\N,\N,\N,\N,\N,\N,\N,\N,3.4297057604958914,-76.49229690926529,2026-08-31T10:29:57Z,2026-08-31
a00eebfb-0590-456a-b46d-4633122330d9,53906,cali,overture,Cali,Valle del Cauca,8dc85e58-fc30-4448-8701-896b997d0900,1,0.9375,0.3231347289318304,0.11292407108239096,0.0,0.0,\N,\N,\N,\N,\N,\N,\N,\N,3.429765000560993,-76.49232974382114,2026-08-31T10:29:57Z,2026-08-31
a00eebfb-0590-456a-b46d-4633122330d9,54190,cali,overture,Cali,Valle del Cauca,3c2148de-f013-4b5b-8aa7-9e2b7f160cd6,1,0.3189102564102564,0.1363746663431206,0.05643475664377426,0.05128205128205128,0.0,\N,\N,\N,\N,\N,\N,\N,\N,3.425744161990457,-76.50311855346084,2026-08-31T10:29:57Z,2026-08-31
a00eebfb-0590-456a-b46d-4633122330d9,54195,cali,overture,Cali,Valle del Cauca,b48d0f5d-5976-415a-8a91-163291575668,1,0.31790123456790126,0.138189448441247,0.0639161312140683,0.0,0.0,\N,\N,\N,\N,\N,\N,\N,\N,3.4258492161725456,-76.50305178587257,2026-08-31T10:29:57Z,2026-08-31
a00eebfb-0590-456a-b46d-4633122330d9,54385,cali,overture,Cali,Valle del Cauca,6db6b7e9-6608-4105-b53a-f5e4a66770b8,1,0.9261744966442953,0.15705311250713877,0.059698252469336806,0.0,0.0,\N,\N,\N,\N,\N,\N,\N,\N,3.4268433467394503,-76.50653631571696,2026-08-31T10:29:57Z,2026-08-31
a00eebfb-0590-456a-b46d-4633122330d9,54684,cali,overture,Cali,Valle del Cauca,77bbd994-5aec-4f54-97eb-cbc85caf1aaf,1,0.17879161528976573,0.034249662009914375,0.01437080457596672,0.0,0.0,\N,\N,\N,\N,\N,\N,\N,\N,3.430371298978604,-76.5139431008322,2026-08-31T10:29:57Z,2026-08-31
a00eebfb-0590-456a-b46d-4633122330d9,56085,cali,overture,Cali,Valle del Cauca,103827a4-3680-4d33-85e0-5e38ecf154ed,1,0.19287833827893175,0.16175071360608945,0.06012024048096192,0.2166172106824926,0.0,\N,\N,\N,\N,\N,\N,\N,\N,3.4352963042412465,-76.5009525369201,2026-08-31T10:29:57Z,2026-08-31
a00eebfb-0590-456a-b46d-4633122330d9,57449,cali,overture,Cali,Valle del Cauca,b51d6096-fe84-42c5-9535-b81dafaf4dbc,1,0.6534954407294833,0.1756797131759785,0.06625352112676057,0.060790273556231005,0.0,\N,\N,\N,\N,\N,\N,\N,\N,3.434836501616042,-76.50386653708469,2026-08-31T10:29:57Z,2026-08-31
a00eebfb-0590-456a-b46d-4633122330d9,59743,cali,overture,Cali,Valle del Cauca,1d0bb356-c23a-4cde-a415-76dc334ad7dd,1,0.35428571428571426,0.11021194605009633,0.03791594856158027,0.0,0.0,\N,\N,\N,\N,\N,\N,\N,\N,3.415735872679101,-76.46458561276499,2026-08-31T10:29:57Z,2026-08-31
a00eebfb-0590-456a-b46d-4633122330d9,59757,cali,overture,Cali,Valle del Cauca,4ef06221-94fa-4e88-868c-e68793e30708,1,0.5675675675675675,0.14271457085828343,0.04432047109871377,0.0,0.0,\N,\N,\N,\N,\N,\N,\N,\N,3.415790939179578,-76.46462763365682,2026-08-31T10:29:57Z,2026-08-31
a00eebfb-0590-456a-b46d-4633122330d9,59760,cali,overture,Cali,Valle del Cauca,1201a7f8-d74e-4fa2-acdf-8afec0ae666d,1,0.16806722689075632,0.12488928255093003,0.04131157012855698,0.0,0.0,\N,\N,\N,\N,\N,\N,\N,\N,3.4158320265211555,-76.4646613036424,2026-08-31T10:29:57Z,2026-08-31
a00eebfb-0590-456a-b46d-4633122330d9,60482,cali,overture,Cali,Valle del Cauca,b264595d-9164-4f31-9afa-6acc9e23fdd5,1,0.5907590759075908,0.2295234549516009,0.10665223545083673,0.0,0.0,\N,\N,\N,\N,\N,\N,\N,\N,3.4152939085096587,-76.4867622980515,2026-08-31T10:29:57Z,2026-08-31
a00eebfb-0590-456a-b46d-4633122330d9,60521,cali,overture,Cali,Valle del Cauca,6bf963bb-30b8-4184-9c19-af11ac3b8523,1,0.2589928057553957,0.10365649111036565,0.0380859375,0.07194244604316546,0.0,\N,\N,\N,\N,\N,\N,\N,\N,3.4189771066864534,-76.48540423171777,2026-08-31T10:29:57Z,2026-08-31
a00eebfb-0590-456a-b46d-4633122330d9,61228,cali,overture,Cali,Valle del Cauca,e6c258f4-4ee6-46c3-8368-c99c352b1b3a,1,0.21465968586387435,0.17665615141955837,0.06037735849056604,0.0,0.0,\N,\N,\N,\N,\N,\N,\N,\N,3.418392556845867,-76.46224798246725,2026-08-31T10:29:57Z,2026-08-31
a00eebfb-0590-456a-b46d-4633122330d9,62966,cali,overture,Cali,Valle del Cauca,331f1117-b9ac-49e1-bd71-60d00e5041a0,1,0.34513274336283184,0.15877034358047015,0.05618121320706424,0.26991150442477874,0.0,\N,\N,\N,\N,\N,\N,\N,\N,3.42462599803859,-76.46232063385503,2026-08-31T10:29:57Z,2026-08-31
a00eebfb-0590-456a-b46d-4633122330d9,63286,cali,overture,Cali,Valle del Cauca,9cc6a065-0d48-4507-b1b0-58031879d703,1,0.21535893155258765,0.06909025140170012,0.030951223464592448,0.0,0.0,\N,\N,\N,\N,\N,\N,\N,\N,3.4237601381339835,-76.47931150957994,2026-08-31T10:29:57Z,2026-08-31
a00eebfb-0590-456a-b46d-4633122330d9,63416,cali,overture,Cali,Valle del Cauca,e0f89c06-a382-4061-8d01-727d6d87448f,1,0.5607940446650124,0.1052335396736072,0.04062567890506191,0.0,0.0,\N,\N,\N,\N,\N,\N,\N,\N,3.424636491791992,-76.473801918186,2026-08-31T10:29:57Z,2026-08-31
a00eebfb-0590-456a-b46d-4633122330d9,63632,cali,overture,Cali,Valle del Cauca,0ad9dcfa-0189-478a-9091-2b1d6ae6c6fc,1,0.8424242424242424,0.2611674431351055,0.10201241704131878,0.052525252525252523,0.0,\N,\N,\N,\N,\N,\N,\N,\N,3.425666285312152,-76.48607591282328,2026-08-31T10:29:57Z,2026-08-31
a00eebfb-0590-456a-b46d-4633122330d9,64804,cali,overture,Cali,Valle del Cauca,8e676163-8984-46f4-ac6d-bd6bc46b93e1,1,0.17692307692307693,0.14285714285714285,0.04917817225509533,0.0,0.0,\N,\N,\N,\N,\N,\N,\N,\N,3.4296639056529865,-76.47218044497184,2026-08-31T10:29:57Z,2026-08-31
a00eebfb-0590-456a-b46d-4633122330d9,64812,cali,overture,Cali,Valle del Cauca,5b7d57a5-3170-4362-a1d7-a926963ce81f,1,0.1450381679389313,0.10368932038834952,0.07588039867109635,0.0,0.0,\N,\N,\N,\N,\N,\N,\N,\N,3.429836039117898,-76.471962970128,2026-08-31T10:29:57Z,2026-08-31
a00eebfb-0590-456a-b46d-4633122330d9,65077,cali,overture,Cali,Valle del Cauca,81577e27-150f-476a-9c23-e952eda7ca4d,1,0.1278825995807128,0.046146746654360866,0.02147612570692247,0.06219426974143955,0.0,\N,\N,\N,\N,\N,\N,\N,\N,3.430520631466366,-76.46162009555233,2026-08-31T10:29:57Z,2026-08-31
a00eebfb-0590-456a-b46d-4633122330d9,65422,cali,overture,Cali,Valle del Cauca,709c1742-3a78-4289-9234-6e5df97b8138,1,0.11403508771929824,0.27672955974842767,0.09868613138686132,0.0,0.0,\N,\N,\N,\N,\N,\N,\N,\N,3.4319596998585093,-76.46158495753355,2026-08-31T10:29:57Z,2026-08-31
a00eebfb-0590-456a-b46d-4633122330d9,65425,cali,overture,Cali,Valle del Cauca,8051c038-c40b-4f3d-8194-b84eab445d38,1,0.63671875,0.1890380313199105,0.0775626299092003,0.0,0.0,\N,\N,\N,\N,\N,\N,\N,\N,3.431987764335998,-76.46164668612973,2026-08-31T10:29:57Z,2026-08-31
a00eebfb-0590-456a-b46d-4633122330d9,65443,cali,overture,Cali,Valle del Cauca,f9fce379-ac5b-4d3f-be9e-3d9a4fa465ef,1,0.6962025316455697,0.46711303662859394,0.30596613813490997,0.03164556962025317,0.0,\N,\N,\N,\N,\N,\N,\N,\N,3.432144390412175,-76.46140003462892,2026-08-31T10:29:57Z,2026-08-31
a00eebfb-0590-456a-b46d-4633122330d9,65444,cali,overture,Cali,Valle del Cauca,30cf0406-2489-4e71-ba8f-f6842d630b87,1,1.0,0.5050968399592253,0.344180225281602,0.0,0.0,\N,\N,\N,\N,\N,\N,\N,\N,3.432151657337376,-76.46133630953649,2026-08-31T10:29:57Z,2026-08-31
a00eebfb-0590-456a-b46d-4633122330d9,65445,cali,overture,Cali,Valle del Cauca,3c872929-0c9f-4b9b-b922-a626a95cf3a8,1,1.0,0.6716309480566655,0.34964047252182845,0.0,0.0,\N,\N,\N,\N,\N,\N,\N,\N,3.4322004167805336,-76.46141486077741,2026-08-31T10:29:57Z,2026-08-31
a00eebfb-0590-456a-b46d-4633122330d9,65448,cali,overture,Cali,Valle del Cauca,bbce1104-3bf8-4748-bdb2-89b698434299,1,0.3909348441926346,0.34691319335631465,0.2579323264254771,0.0,0.0,\N,\N,\N,\N,\N,\N,\N,\N,3.432366455246853,-76.46147490104849,2026-08-31T10:29:57Z,2026-08-31
a00eebfb-0590-456a-b46d-4633122330d9,66216,cali,overture,Cali,Valle del Cauca,7b99c755-5870-4ab4-9ba7-0b350f727171,1,0.5,0.08623460096411355,0.02594681708299758,0.0,0.0,\N,\N,\N,\N,\N,\N,\N,\N,3.428580806999026,-76.47745796374552,2026-08-31T10:29:57Z,2026-08-31
a00eebfb-0590-456a-b46d-4633122330d9,66576,cali,overture,Cali,Valle del Cauca,ee73dea3-88d6-485e-9777-d0784db6f704,1,0.10147119483019387,0.05737234652897304,0.03394689197344598,0.4315963151381823,0.0,\N,\N,\N,\N,\N,\N,\N,\N,3.431467413020095,-76.48658600167754,2026-08-31T10:29:57Z,2026-08-31
a00eebfb-0590-456a-b46d-4633122330d9,66651,cali,overture,Cali,Valle del Cauca,c4a44667-28bb-4272-9975-cabbc18aad30,1,0.21628498727735368,0.08136986301369863,0.031545406266595855,0.0,0.0,\N,\N,\N,\N,\N,\N,\N,\N,3.4355871770635558,-76.48683885741984,2026-08-31T10:29:57Z,2026-08-31
a00eebfb-0590-456a-b46d-4633122330d9,67125,cali,overture,Cali,Valle del Cauca,ef6e7c57-6d25-47c4-8701-3d6204ca654b,1,0.42592592592592593,0.16711509715994022,0.06293627561360055,0.0,0.0,\N,\N,\N,\N,\N,\N,\N,\N,3.4347371426171533,-76.48727521894864,2026-08-31T10:29:57Z,2026-08-31
a00eebfb-0590-456a-b46d-4633122330d9,67373,cali,overture,Cali,Valle del Cauca,3c21a99d-e9e5-4c49-a834-2eec1a62cb9c,1,0.4090909090909091,0.009478672985781991,0.0028763183125599234,0.0,0.0,\N,\N,\N,\N,\N,\N,\N,\N,3.43498060214443,-76.48812813367944,2026-08-31T10:29:57Z,2026-08-31
a00eebfb-0590-456a-b46d-4633122330d9,67547,cali,overture,Cali,Valle del Cauca,a48d01d0-d1b0-4014-85bb-12603bf038f1,1,0.2334293948126801,0.02700576822233875,0.010438836525793048,0.24495677233429394,0.0,\N,\N,\N,\N,\N,\N,\N,\N,3.4390390000182984,-76.49629511942848,2026-08-31T10:29:57Z,2026-08-31
a00eebfb-0590-456a-b46d-4633122330d9,67584,cali,overture,Cali,Valle del Cauca,93454b35-b8c2-4bc6-98b8-e406565dceed,1,0.29545454545454547,0.07083233961364178,0.02914050235478807,0.0,0.0,\N,\N,\N,\N,\N,\N,\N,\N,3.435601093096581,-76.48677368842793,2026-08-31T10:29:57Z,2026-08-31
a00eebfb-0590-456a-b46d-4633122330d9,68004,cali,overture,Cali,Valle del Cauca,00ee5d6f-9f3f-43b3-adeb-750ca3f67078,1,0.34977578475336324,0.12324438202247191,0.044310927525347356,0.0,0.0,\N,\N,\N,\N,\N,\N,\N,\N,3.440157704764731,-76.48939349208796,2026-08-31T10:29:57Z,2026-08-31
a00eebfb-0590-456a-b46d-4633122330d9,68009,cali,overture,Cali,Valle del Cauca,301b5b97-aa2c-4f21-8dfd-7b285ff82ec0,1,0.7376425855513308,0.1193929173693086,0.04333986287952987,0.0,0.0,\N,\N,\N,\N,\N,\N,\N,\N,3.4402183849751866,-76.4894994002826,2026-08-31T10:29:57Z,2026-08-31
a00eebfb-0590-456a-b46d-4633122330d9,68707,cali,overture,Cali,Valle del Cauca,e1baf449-5ac5-4e1d-9c71-394b0da3f634,1,0.125,0.20234291799787008,0.12060682680151706,0.0,0.0,\N,\N,\N,\N,\N,\N,\N,\N,3.4405359626911047,-76.46343003876245,2026-08-31T10:29:57Z,2026-08-31
a00eebfb-0590-456a-b46d-4633122330d9,69030,cali,overture,Cali,Valle del Cauca,0598fdce-4010-4201-9383-67541d66f6eb,1,0.18120805369127516,0.09799833194328607,0.032857941834451905,0.0,0.0,\N,\N,\N,\N,\N,\N,\N,\N,3.4444924520239666,-76.46047180477419,2026-08-31T10:29:57Z,2026-08-31
a00eebfb-0590-456a-b46d-4633122330d9,69042,cali,overture,Cali,Valle del Cauca,279feb4a-b653-4c59-9175-6c7a67e164ea,1,0.7938144329896907,0.10799632352941177,0.03475817186806685,0.0,0.0,\N,\N,\N,\N,\N,\N,\N,\N,3.4445339871723264,-76.46041458911928,2026-08-31T10:29:57Z,2026-08-31
a00eebfb-0590-456a-b46d-4633122330d9,69047,cali,overture,Cali,Valle del Cauca,2fd88119-a347-4799-906c-ac910af90791,1,0.1875,0.11369134010643445,0.03580679567271065,0.0,0.0,\N,\N,\N,\N,\N,\N,\N,\N,3.444602806090027,-76.46043685058014,2026-08-31T10:29:57Z,2026-08-31
a00eebfb-0590-456a-b46d-4633122330d9,69278,cali,overture,Cali,Valle del Cauca,e0f47b2f-1c80-4e5f-8ffd-d416a1b8b537,1,0.6268221574344023,0.08621246367452373,0.03194544149318019,0.0,0.0,\N,\N,\N,\N,\N,\N,\N,\N,3.44064066079194,-76.48913266417111,2026-08-31T10:29:57Z,2026-08-31
a00eebfb-0590-456a-b46d-4633122330d9,70293,cali,overture,Cali,Valle del Cauca,de381d18-4c27-4260-b27f-9f97cafd6ca8,1,0.903125,0.1464761286131861,0.05400550832235661,0.0,0.0,\N,\N,\N,\N,\N,\N,\N,\N,3.443429824572824,-76.4639035874625,2026-08-31T10:29:57Z,2026-08-31
a00eebfb-0590-456a-b46d-4633122330d9,70513,cali,overture,Cali,Valle del Cauca,602e3d63-7bf4-49f3-9ea9-9ed198f6ccab,1,1.0,0.5724872626215841,0.3607604336848359,0.0,0.0,\N,\N,\N,\N,\N,\N,\N,\N,3.4504752940952854,-76.47207165890552,2026-08-31T10:29:57Z,2026-08-31
a00eebfb-0590-456a-b46d-4633122330d9,70526,cali,overture,Cali,Valle del Cauca,d374fba4-5002-47a9-b047-2b68ac7598c8,1,0.8529886914378029,0.5697143463948179,0.375453217165431,0.0,0.0,\N,\N,\N,\N,\N,\N,\N,\N,3.4506791077787415,-76.47202181656019,2026-08-31T10:29:57Z,2026-08-31
a00eebfb-0590-456a-b46d-4633122330d9,70527,cali,overture,Cali,Valle del Cauca,5d0d78f5-73a6-4ff0-8e5b-892d0c65b0de,1,0.2701612903225806,0.35707456978967494,0.3440955766192733,0.0,0.0,\N,\N,\N,\N,\N,\N,\N,\N,3.450690648512034,-76.47185790530504,2026-08-31T10:29:57Z,2026-08-31
a00eebfb-0590-456a-b46d-4633122330d9,70528,cali,overture,Cali,Valle del Cauca,465f04f5-9e56-4b90-925c-9cf9841f6473,1,0.25146198830409355,0.07608008429926238,0.0870105655686762,0.0,0.0,\N,\N,\N,\N,\N,\N,\N,\N,3.450697470189172,-76.47232794828442,2026-08-31T10:29:57Z,2026-08-31
a00eebfb-0590-456a-b46d-4633122330d9,70529,cali,overture,Cali,Valle del Cauca,22e39abe-0a8e-4eae-a252-ed3b64b79f34,1,0.9078947368421053,0.5760640539401601,0.5052602047973068,0.0,0.0,\N,\N,\N,\N,\N,\N,\N,\N,3.45073249443898,-76.47213772978748,2026-08-31T10:29:57Z,2026-08-31
a00eebfb-0590-456a-b46d-4633122330d9,70545,cali,overture,Cali,Valle del Cauca,1fb1b12c-8690-449c-8981-29e3a897a6e7,1,1.0,0.7091069849690539,0.5140254482359745,0.0,0.0,\N,\N,\N,\N,\N,\N,\N,\N,3.4507960388297167,-76.47212478160365,2026-08-31T10:29:57Z,2026-08-31
a00eebfb-0590-456a-b46d-4633122330d9,70548,cali,overture,Cali,Valle del Cauca,f4c20e9b-5de2-44df-9d8e-824714e0fb3f,1,1.0,0.7654848355403674,0.5716924825920137,0.0,0.0,\N,\N,\N,\N,\N,\N,\N,\N,3.4508458400214566,-76.47209089940733,2026-08-31T10:29:57Z,2026-08-31
a00eebfb-0590-456a-b46d-4633122330d9,70552,cali,overture,Cali,Valle del Cauca,be971bc9-228b-47fd-a82f-4b3b2a73cb36,1,1.0,0.7665450755601876,0.622500793398921,0.0,0.0,\N,\N,\N,\N,\N,\N,\N,\N,3.450873434757677,-76.47207563197608,2026-08-31T10:29:57Z,2026-08-31
a00eebfb-0590-456a-b46d-4633122330d9,70554,cali,overture,Cali,Valle del Cauca,840ec84a-de77-4394-a845-d348b154cdde,1,1.0,0.7898886827458256,0.6493158834027365,0.0,0.0,\N,\N,\N,\N,\N,\N,\N,\N,3.450896120847544,-76.47205009912436,2026-08-31T10:29:57Z,2026-08-31
a00eebfb-0590-456a-b46d-4633122330d9,70556,cali,overture,Cali,Valle del Cauca,54243cea-fed3-403a-91e9-068b0ffaa3e0,1,1.0,0.768526228143214,0.6380419580419581,0.0,0.0,\N,\N,\N,\N,\N,\N,\N,\N,3.450924157102943,-76.47201588121489,2026-08-31T10:29:57Z,2026-08-31
a00eebfb-0590-456a-b46d-4633122330d9,70559,cali,overture,Cali,Valle del Cauca,0f76bb56-b461-4733-9905-ecfaae366f44,1,0.5882352941176471,0.6478126380910296,0.5933429811866859,0.0,0.0,\N,\N,\N,\N,\N,\N,\N,\N,3.4509568408883613,-76.47194765503522,2026-08-31T10:29:57Z,2026-08-31
a00eebfb-0590-456a-b46d-4633122330d9,70602,cali,overture,Cali,Valle del Cauca,061027da-ce54-46ba-871b-d53f2447e086,1,1.0,0.7826817990752417,0.39446607341490547,0.0,0.0,\N,\N,\N,\N,\N,\N,\N,\N,3.4477899313391487,-76.46219245420065,2026-08-31T10:29:57Z,2026-08-31
a00eebfb-0590-456a-b46d-4633122330d9,70662,cali,overture,Cali,Valle del Cauca,8ed6e65c-ea6c-4f20-a220-03663f9d83b5,1,0.1564245810055866,0.31705364291433147,0.43661202185792347,0.0,0.0,\N,\N,\N,\N,\N,\N,\N,\N,3.4509700177518075,-76.47187633022885,2026-08-31T10:29:57Z,2026-08-31
a00eebfb-0590-456a-b46d-4633122330d9,70664,cali,overture,Cali,Valle del Cauca,5d2b9ea0-d16b-4045-8f76-91cdc7218e2d,1,0.25892857142857145,0.42689295039164493,0.44660471765546816,0.0,0.0,\N,\N,\N,\N,\N,\N,\N,\N,3.4509875892322963,-76.4721327344803,2026-08-31T10:29:57Z,2026-08-31
a00eebfb-0590-456a-b46d-4633122330d9,70666,cali,overture,Cali,Valle del Cauca,c0c6b72f-402f-4e54-88de-82882cfb1c49,1,0.8899082568807339,0.5405052264808362,0.48633957945930484,0.0,0.0,\N,\N,\N,\N,\N,\N,\N,\N,3.451008827824307,-76.47210631302981,2026-08-31T10:29:57Z,2026-08-31
a00eebfb-0590-456a-b46d-4633122330d9,70670,cali,overture,Cali,Valle del Cauca,c3cf5aa5-09b1-4781-9bbb-ed3b8a950a20,1,1.0,0.6650821089023337,0.521188850967008,0.0,0.0,\N,\N,\N,\N,\N,\N,\N,\N,3.451030101413161,-76.4720784019914,2026-08-31T10:29:57Z,2026-08-31
a00eebfb-0590-456a-b46d-4633122330d9,70671,cali,overture,Cali,Valle del Cauca,1e528c2e-0ad6-45ed-b2af-7d04664e3b24,1,1.0,0.9006690684508492,0.5870489995273358,0.0,0.0,\N,\N,\N,\N,\N,\N,\N,\N,3.451037238513553,-76.4720426852676,2026-08-31T10:29:57Z,2026-08-31
a00eebfb-0590-456a-b46d-4633122330d9,70674,cali,overture,Cali,Valle del Cauca,853ef45e-aa7e-45f1-9f31-3a6db6ea7489,1,1.0,0.9672289156626506,0.589003645200486,0.0,0.0,\N,\N,\N,\N,\N,\N,\N,\N,3.451051594047482,-76.47201415279483,2026-08-31T10:29:57Z,2026-08-31
a00eebfb-0590-456a-b46d-4633122330d9,70675,cali,overture,Cali,Valle del Cauca,56536bf6-d9aa-4737-8d51-1c84e1a1beb4,1,0.3230769230769231,0.2944693572496263,0.3204830469112866,0.0,0.0,\N,\N,\N,\N,\N,\N,\N,\N,3.451066136076356,-76.4721555121284,2026-08-31T10:29:57Z,2026-08-31
a00eebfb-0590-456a-b46d-4633122330d9,70677,cali,overture,Cali,Valle del Cauca,77da402e-b541-4dd1-b06e-e03997d49c35,1,1.0,0.9175170068027211,0.5480090369951991,0.0,0.0,\N,\N,\N,\N,\N,\N,\N,\N,3.4510813778274847,-76.47195596308138,2026-08-31T10:29:57Z,2026-08-31
a00eebfb-0590-456a-b46d-4633122330d9,70680,cali,overture,Cali,Valle del Cauca,88f95266-b6de-40fa-a49e-aaf2635e6810,1,0.7471264367816092,0.5329868052778889,0.44148936170212766,0.0,0.0,\N,\N,\N,\N,\N,\N,\N,\N,3.45109316552744,-76.47187764226031,2026-08-31T10:29:57Z,2026-08-31
a00eebfb-0590-456a-b46d-4633122330d9,70681,cali,overture,Cali,Valle del Cauca,066231ea-7d7b-4927-8882-e3bba81bb758,1,0.6931818181818182,0.5079962370649106,0.44163424124513617,0.0,0.0,\N,\N,\N,\N,\N,\N,\N,\N,3.451099339243803,-76.47210079055074,2026-08-31T10:29:57Z,2026-08-31
a00eebfb-0590-456a-b46d-4633122330d9,70683,cali,overture,Cali,Valle del Cauca,e7977b9c-259d-4659-891b-7e21faefc87e,1,0.9764705882352941,0.7392538523925385,0.5176632302405498,0.0,0.0,\N,\N,\N,\N,\N,\N,\N,\N,3.45112957618047,-76.47203546721836,2026-08-31T10:29:57Z,2026-08-31
a00eebfb-0590-456a-b46d-4633122330d9,70684,cali,overture,Cali,Valle del Cauca,4306aa26-5473-40c2-a522-30bc3d0e6e5f,1,1.0,0.8428109107720758,0.5729970326409496,0.0,0.0,\N,\N,\N,\N,\N,\N,\N,\N,3.451146650944876,-76.47198714423547,2026-08-31T10:29:57Z,2026-08-31
a00eebfb-0590-456a-b46d-4633122330d9,70685,cali,overture,Cali,Valle del Cauca,5f73c3c1-0535-416a-a1e4-7c53c5a8ea86,1,1.0,0.7618190004502476,0.5474729769208296,0.0,0.0,\N,\N,\N,\N,\N,\N,\N,\N,3.4511560910332246,-76.47192543680369,2026-08-31T10:29:57Z,2026-08-31
a00eebfb-0590-456a-b46d-4633122330d9,71161,cali,overture,Cali,Valle del Cauca,601e51b6-6184-48ed-8c91-515e63893d1b,1,0.3695652173913043,0.022267206477732792,0.0068248797890491705,0.5869565217391305,0.0,\N,\N,\N,\N,\N,\N,\N,\N,3.447785912573165,-76.4750883515995,2026-08-31T10:29:57Z,2026-08-31
a00eebfb-0590-456a-b46d-4633122330d9,71465,cali,overture,Cali,Valle del Cauca,6a50f87e-1050-4f28-a41a-4c12a42409c7,1,0.15224191866527634,0.031220613127703592,0.013918001173807327,0.0,0.0,\N,\N,\N,\N,\N,\N,\N,\N,3.449784782976765,-76.47631528391094,2026-08-31T10:29:57Z,2026-08-31
a00eebfb-0590-456a-b46d-4633122330d9,71560,cali,overture,Cali,Valle del Cauca,363a096f-4880-4e67-af28-00fba66d70fe,1,0.7023411371237458,0.2222766217870257,0.09090909090909091,0.0,0.0,\N,\N,\N,\N,\N,\N,\N,\N,3.451445749248778,-76.47539295673256,2026-08-31T10:29:57Z,2026-08-31
a00eebfb-0590-456a-b46d-4633122330d9,72025,cali,overture,Cali,Valle del Cauca,5f7ef8c5-4996-4459-93e8-ca06738ec5ed,1,0.9900497512437811,0.2789865871833085,0.106218792555606,0.0,0.0,\N,\N,\N,\N,\N,\N,\N,\N,3.4559764666186434,-76.47539016646138,2026-08-31T10:29:57Z,2026-08-31
a00eebfb-0590-456a-b46d-4633122330d9,73156,cali,overture,Cali,Valle del Cauca,4124c083-3256-4854-b1c0-cee6039be6d6,1,1.0,0.8792270531400966,0.39945197138072763,0.0,0.0,\N,\N,\N,\N,\N,\N,\N,\N,3.4582641235674805,-76.4755476473459,2026-08-31T10:29:57Z,2026-08-31
a00eebfb-0590-456a-b46d-4633122330d9,73158,cali,overture,Cali,Valle del Cauca,be49e708-1781-48ee-be60-d184e78246c8,1,0.22294022617124395,0.2868818105616094,0.2495632424877708,0.0,0.0,\N,\N,\N,\N,\N,\N,\N,\N,3.4583619731277992,-76.47556952545833,2026-08-31T10:29:57Z,2026-08-31
a00eebfb-0590-456a-b46d-4633122330d9,74355,cali,overture,Cali,Valle del Cauca,ae14594d-3898-44dc-bdfa-63ec3caf65ba,1,0.10714285714285714,0.020094057289439932,0.006635606381476775,0.6607142857142857,0.0,\N,\N,\N,\N,\N,\N,\N,\N,3.4706062829171014,-76.48714708493847,2026-08-31T10:29:57Z,2026-08-31
a00eebfb-0590-456a-b46d-4633122330d9,74437,cali,overture,Cali,Valle del Cauca,43da98b1-68e0-4a65-8a0f-2f407a41f35f,1,0.29023746701846964,0.07222725899063161,0.02726443075519051,0.029023746701846966,0.0,\N,\N,\N,\N,\N,\N,\N,\N,3.470878283825497,-76.49440126146506,2026-08-31T10:29:57Z,2026-08-31
a00eebfb-0590-456a-b46d-4633122330d9,76215,cali,overture,Cali,Valle del Cauca,b11f7d9e-c805-45c9-8475-d610e770e55f,1,0.8032904148783977,0.46533437534888916,0.332353957829243,0.006795422031473534,0.0,\N,\N,\N,\N,\N,\N,\N,\N,3.4828643583459864,-76.47945081015973,2026-08-31T10:29:57Z,2026-08-31
a00eebfb-0590-456a-b46d-4633122330d9,76356,cali,overture,Cali,Valle del Cauca,267a7a5c-535b-4226-9ca9-5da7a799f775,1,0.13664596273291926,0.027924294135898232,0.010454175862469509,0.046583850931677016,0.0,\N,\N,\N,\N,\N,\N,\N,\N,3.4866223341251157,-76.48575605757568,2026-08-31T10:29:57Z,2026-08-31
a00eebfb-0590-456a-b46d-4633122330d9,76470,cali,overture,Cali,Valle del Cauca,aae88898-f89e-4efc-a543-d9f91c4db646,1,0.5932203389830508,0.2952430196483971,0.16703609879670678,0.0,0.0,\N,\N,\N,\N,\N,\N,\N,\N,3.4868759477036515,-76.48207690732212,2026-08-31T10:29:57Z,2026-08-31
a00eebfb-0590-456a-b46d-4633122330d9,76471,cali,overture,Cali,Valle del Cauca,320483b8-9ede-49a2-a805-f5e5b44e1365,1,1.0,0.282,0.1416796267496112,0.0,0.0,\N,\N,\N,\N,\N,\N,\N,\N,3.4869096662153782,-76.48208819281844,2026-08-31T10:29:57Z,2026-08-31
a00eebfb-0590-456a-b46d-4633122330d9,76970,cali,overture,Cali,Valle del Cauca,3f1978f2-f59c-4692-9f1e-6505b1e6862d,1,0.10002415556181811,0.06889779776254842,0.051397336674278093,0.5729095374209912,0.0,\N,\N,\N,\N,\N,\N,\N,\N,3.4947093893135706,-76.47892964912843,2026-08-31T10:29:57Z,2026-08-31
a00eebfb-0590-456a-b46d-4633122330d9,78922,cali,overture,Cali,Valle del Cauca,b3e1e3a6-8744-42fc-8b6f-b4ec8a1ce13f,1,0.5010541110330288,0.1573170731707317,0.07191208091104563,0.025298664792691498,0.0,\N,\N,\N,\N,\N,\N,\N,\N,3.44408417380816,-76.50762218296423,2026-08-31T10:29:57Z,2026-08-31
a00eebfb-0590-456a-b46d-4633122330d9,81157,cali,overture,Cali,Valle del Cauca,7a8828e0-dda0-4861-9eba-1c98b0080e5e,1,0.15938069216757741,0.032473557246242346,0.014387897722601331,0.03642987249544627,0.0,\N,\N,\N,\N,\N,\N,\N,\N,3.4472538629295277,-76.49978655511887,2026-08-31T10:29:57Z,2026-08-31
a00eebfb-0590-456a-b46d-4633122330d9,82136,cali,overture,Cali,Valle del Cauca,690890e2-b350-4cdf-9c6f-820c2115bcde,1,0.10361575822989746,0.03686153846153846,0.021210297085797244,0.3684115848174132,0.0,\N,\N,\N,\N,\N,\N,\N,\N,3.447165581608017,-76.49329079655878,2026-08-31T10:29:57Z,2026-08-31
a00eebfb-0590-456a-b46d-4633122330d9,85595,cali,overture,Cali,Valle del Cauca,d0311917-a783-434f-a312-26f19a896ff0,1,0.2649855312112443,0.08644888833685256,0.04302404648575137,0.10665564282761472,0.0,\N,\N,\N,\N,\N,\N,\N,\N,3.475338202093086,-76.50269085025519,2026-08-31T10:29:57Z,2026-08-31
a00eebfb-0590-456a-b46d-4633122330d9,85883,cali,overture,Cali,Valle del Cauca,3afec0cb-628f-4859-9756-f004eea61a31,1,0.1188118811881188,0.05299118137761182,0.02979673888764798,0.2953795379537954,0.0,\N,\N,\N,\N,\N,\N,\N,\N,3.4787799629795746,-76.49810857486716,2026-08-31T10:29:57Z,2026-08-31
a00eebfb-0590-456a-b46d-4633122330d9,86020,cali,overture,Cali,Valle del Cauca,dab59100-ccd7-4f7e-88d9-bd252e144bdd,1,0.4960505529225908,0.27321620652563644,0.12675714978187105,0.0,0.0,\N,\N,\N,\N,\N,\N,\N,\N,3.4802049630516443,-76.5008160238753,2026-08-31T10:29:57Z,2026-08-31
a00eebfb-0590-456a-b46d-4633122330d9,86138,cali,overture,Cali,Valle del Cauca,e83255d0-3ea6-4efc-bce8-f4ba3a42c518,1,0.4110576923076923,0.264247150569886,0.11607347876004592,0.3076923076923077,0.0,\N,\N,\N,\N,\N,\N,\N,\N,3.475333541021903,-76.50681679282968,2026-08-31T10:29:57Z,2026-08-31
a00eebfb-0590-456a-b46d-4633122330d9,86262,cali,overture,Cali,Valle del Cauca,9419292e-ce55-47a1-897b-fdbc7508c7d3,1,0.12946801752098172,0.09060765383699415,0.06534250329518317,0.3916474403985689,0.0,\N,\N,\N,\N,\N,\N,\N,\N,3.476266715268368,-76.5053181991616,2026-08-31T10:29:57Z,2026-08-31
a00eebfb-0590-456a-b46d-4633122330d9,87305,cali,overture,Cali,Valle del Cauca,9b022bfe-e173-466a-83b1-7ec362d2c6d0,1,0.10112359550561797,0.17427385892116182,0.09423808898805618,0.2640449438202247,0.0,\N,\N,\N,\N,\N,\N,\N,\N,3.491580392783206,-76.51699879334393,2026-08-31T10:29:57Z,2026-08-31
a00eebfb-0590-456a-b46d-4633122330d9,88285,cali,overture,Cali,Valle del Cauca,7eeaabd5-b9c4-41c9-ae51-17894f0116f0,1,0.9003690036900369,0.5106531610199092,0.19126506024096385,0.0,0.0,\N,\N,\N,\N,\N,\N,\N,\N,3.4951962329702946,-76.48426819996973,2026-08-31T10:29:57Z,2026-08-31
a00eebfb-0590-456a-b46d-4633122330d9,88286,cali,overture,Cali,Valle del Cauca,694ce77c-8fd8-40cc-8146-880558c018b1,1,0.2198100407055631,0.23123402277480828,0.14555490993608367,0.1655359565807327,0.0,\N,\N,\N,\N,\N,\N,\N,\N,3.4952277830603244,-76.48441284289285,2026-08-31T10:29:57Z,2026-08-31
a00eebfb-0590-456a-b46d-4633122330d9,88887,cali,overture,Cali,Valle del Cauca,298b17df-bbdd-4f0e-8840-e81441dc9e7d,1,0.23986486486486486,0.04774448468883767,0.01750996256490762,0.0,0.0,\N,\N,\N,\N,\N,\N,\N,\N,3.497199914962744,-76.48776896463305,2026-08-31T10:29:57Z,2026-08-31
a00eebfb-0590-456a-b46d-4633122330d9,89317,cali,overture,Cali,Valle del Cauca,914a6e3d-af12-49f3-9897-df23fad954f0,1,0.16666666666666666,0.015139751552795032,0.005207637868874349,0.3273809523809524,0.0,\N,\N,\N,\N,\N,\N,\N,\N,3.4903296258640397,-76.47346610045324,2026-08-31T10:29:57Z,2026-08-31
a00eebfb-0590-456a-b46d-4633122330d9,89624,cali,overture,Cali,Valle del Cauca,407e7a14-912a-43c1-b964-3bd97a030bca,1,0.3282442748091603,0.12002341920374707,0.046088129496402876,0.0,0.0,\N,\N,\N,\N,\N,\N,\N,\N,3.497352002547338,-76.47046452533343,2026-08-31T10:29:57Z,2026-08-31
a00eebfb-0590-456a-b46d-4633122330d9,89677,cali,overture,Cali,Valle del Cauca,64adcfac-bc25-4aee-9ac4-3d0ff43b964e,1,0.4017857142857143,0.2922971114167813,0.14140537860949312,0.0,0.0,\N,\N,\N,\N,\N,\N,\N,\N,3.49843523993465,-76.4728627283191,2026-08-31T10:29:57Z,2026-08-31
a00eebfb-0590-456a-b46d-4633122330d9,89932,cali,overture,Cali,Valle del Cauca,b08dbff3-4239-4358-9015-3b77fd4045e4,1,0.17711046422552473,0.12040803150623022,0.08591244686404653,0.018844798529186458,0.0,\N,\N,\N,\N,\N,\N,\N,\N,3.5010760780512564,-76.472634506982,2026-08-31T10:29:57Z,2026-08-31
a00eebfb-0590-456a-b46d-4633122330d9,89936,cali,overture,Cali,Valle del Cauca,d4424493-2639-4515-8a11-896ff8e66afe,1,0.3815789473684211,0.33317001469867713,0.21527350952673632,0.0,0.0,\N,\N,\N,\N,\N,\N,\N,\N,3.501501063617208,-76.47261537961991,2026-08-31T10:29:57Z,2026-08-31
a00eebfb-0590-456a-b46d-4633122330d9,90087,cali,overture,Cali,Valle del Cauca,cccbc3cc-a06a-46e0-9fd1-516014cdb1a2,1,0.48854961832061067,0.33821070234113715,0.15771109560362875,0.0,0.0,\N,\N,\N,\N,\N,\N,\N,\N,3.4958629237561505,-76.48236621675252,2026-08-31T10:29:57Z,2026-08-31
a00eebfb-0590-456a-b46d-4633122330d9,90108,cali,overture,Cali,Valle del Cauca,aef2413f-465d-4681-b95e-b2cf01e95c57,1,0.4088050314465409,0.3400160384923817,0.15386710239651416,0.0,0.0,\N,\N,\N,\N,\N,\N,\N,\N,3.495961540779762,-76.48237535313395,2026-08-31T10:29:57Z,2026-08-31
a00eebfb-0590-456a-b46d-4633122330d9,90111,cali,overture,Cali,Valle del Cauca,2bbb1941-eb06-48a1-8932-4a94f3914fb2,1,0.8589743589743589,0.3180881747012773,0.1417432470064049,0.0,0.0,\N,\N,\N,\N,\N,\N,\N,\N,3.4965212388258915,-76.48236275841656,2026-08-31T10:29:57Z,2026-08-31
a00eebfb-0590-456a-b46d-4633122330d9,90881,cali,overture,Cali,Valle del Cauca,c279a05c-f035-4837-84e3-73ab3150bc8a,1,0.1836734693877551,0.5507791509940893,0.5402782271109673,0.0,0.0,\N,\N,\N,\N,\N,\N,\N,\N,3.5454235180211198,-76.47801199745912,2026-08-31T10:29:57Z,2026-08-31
a00eebfb-0590-456a-b46d-4633122330d9,93653,cali,overture,Cali,Valle del Cauca,d2f80970-66b6-4316-95e4-439ae9d19dc2,1,0.17827298050139276,0.03492157443030482,0.013252470799640611,0.0,0.0,\N,\N,\N,\N,\N,\N,\N,\N,3.5095703358293964,-76.51906617726719,2026-08-31T10:29:57Z,2026-08-31
a00eebfb-0590-456a-b46d-4633122330d9,94430,cali,overture,Cali,Valle del Cauca,cfc2c990-1fc2-4951-bde6-c100555c62ad,1,0.12454212454212454,0.18370165745856354,0.07670277674013198,0.0,0.0,\N,\N,\N,\N,\N,\N,\N,\N,3.4980284889300086,-76.49697293847868,2026-08-31T10:29:57Z,2026-08-31
a00eebfb-0590-456a-b46d-4633122330d9,94432,cali,overture,Cali,Valle del Cauca,fb9c8a5b-6bca-4205-b813-89983ee84477,1,0.957983193277311,0.2728077945084145,0.089236563812835,0.0,0.0,\N,\N,\N,\N,\N,\N,\N,\N,3.4980531816155436,-76.49703845889668,2026-08-31T10:29:57Z,2026-08-31
a00eebfb-0590-456a-b46d-4633122330d9,94434,cali,overture,Cali,Valle del Cauca,6994bddb-9caa-4e5d-b6a5-9b3c18d13693,1,0.1152542372881356,0.1581081081081081,0.07578740157480315,0.0,0.0,\N,\N,\N,\N,\N,\N,\N,\N,3.4980845025413503,-76.49695068335986,2026-08-31T10:29:57Z,2026-08-31
a00eebfb-0590-456a-b46d-4633122330d9,94435,cali,overture,Cali,Valle del Cauca,47ed31b8-9253-424b-874c-bb8c792c293b,1,0.4622356495468278,0.2014388489208633,0.07431535770297985,0.0,0.0,\N,\N,\N,\N,\N,\N,\N,\N,3.4980975731076613,-76.49710358017157,2026-08-31T10:29:57Z,2026-08-31
a00eebfb-0590-456a-b46d-4633122330d9,94436,cali,overture,Cali,Valle del Cauca,e2baa2c3-f30c-4e35-951b-6ad8588a207a,1,0.9042553191489362,0.2822921559417567,0.09224318658280922,0.0,0.0,\N,\N,\N,\N,\N,\N,\N,\N,3.498098998291528,-76.49702315769281,2026-08-31T10:29:57Z,2026-08-31
a00eebfb-0590-456a-b46d-4633122330d9,94668,cali,overture,Cali,Valle del Cauca,40924cc6-29eb-4f75-8071-391b3f4ffad2,1,0.10086455331412104,0.015107682417229186,0.005597903763696998,0.03170028818443804,0.0,\N,\N,\N,\N,\N,\N,\N,\N,3.5011916529995983,-76.49545296210724,2026-08-31T10:29:57Z,2026-08-31
a00eebfb-0590-456a-b46d-4633122330d9,94673,cali,overture,Cali,Valle del Cauca,9198dec2-c4e9-4ba3-a7cd-971059880ef6,1,1.0,0.8288414420721036,0.5686495983935743,0.0,0.0,\N,\N,\N,\N,\N,\N,\N,\N,3.5050035493895297,-76.4952846504662,2026-08-31T10:29:57Z,2026-08-31
a00eebfb-0590-456a-b46d-4633122330d9,94674,cali,overture,Cali,Valle del Cauca,707183ff-0e23-4f86-908a-4723f17d0f74,1,1.0,0.7788324632178453,0.5993068113321278,0.0,0.0,\N,\N,\N,\N,\N,\N,\N,\N,3.505068241090687,-76.49527856099472,2026-08-31T10:29:57Z,2026-08-31
a00eebfb-0590-456a-b46d-4633122330d9,94675,cali,overture,Cali,Valle del Cauca,63f518b9-78a3-4144-aa50-25811d75aa22,1,0.5735294117647058,0.6805349182763745,0.5313317936874519,0.0,0.0,\N,\N,\N,\N,\N,\N,\N,\N,3.5050704526156564,-76.49532936775083,2026-08-31T10:29:57Z,2026-08-31
a00eebfb-0590-456a-b46d-4633122330d9,94676,cali,overture,Cali,Valle del Cauca,011d4b5a-eea2-452b-91ff-840c37b2bdc9,1,1.0,0.8253968253968254,0.6424886191198786,0.0,0.0,\N,\N,\N,\N,\N,\N,\N,\N,3.5050723462284172,-76.4952456129326,2026-08-31T10:29:57Z,2026-08-31
a00eebfb-0590-456a-b46d-4633122330d9,94763,cali,overture,Cali,Valle del Cauca,aba0b416-6264-4386-8e6a-eeb7a479dea1,1,0.28,0.10472659870250231,0.03940943966519414,0.0,0.0,\N,\N,\N,\N,\N,\N,\N,\N,3.5041173179942255,-76.49325687009718,2026-08-31T10:29:57Z,2026-08-31
a00eebfb-0590-456a-b46d-4633122330d9,94801,cali,overture,Cali,Valle del Cauca,becb9331-2d65-459d-a57d-4da251bf0de2,1,0.84375,0.3317654437127626,0.17663683466792274,0.0,0.0,\N,\N,\N,\N,\N,\N,\N,\N,3.5050074174538906,-76.49372696128924,2026-08-31T10:29:57Z,2026-08-31
a00eebfb-0590-456a-b46d-4633122330d9,94802,cali,overture,Cali,Valle del Cauca,a5827a66-3818-428a-855d-c328ba7af4e8,1,1.0,0.4937062937062937,0.188040616773223,0.0,0.0,\N,\N,\N,\N,\N,\N,\N,\N,3.505010641147233,-76.49382313934228,2026-08-31T10:29:57Z,2026-08-31
a00eebfb-0590-456a-b46d-4633122330d9,94804,cali,overture,Cali,Valle del Cauca,bd3adfc4-b67e-4635-be21-6885cf28b5aa,1,0.3449367088607595,0.08191349934469201,0.03590794071574888,0.20253164556962025,0.0,\N,\N,\N,\N,\N,\N,\N,\N,3.505095688747005,-76.49322070232033,2026-08-31T10:29:57Z,2026-08-31
a00eebfb-0590-456a-b46d-4633122330d9,94805,cali,overture,Cali,Valle del Cauca,30699200-0b10-49df-9720-2af83d040249,1,0.1778846153846154,0.07514277126540427,0.03924700513405591,0.0,0.0,\N,\N,\N,\N,\N,\N,\N,\N,3.5051009416922403,-76.49330492154463,2026-08-31T10:29:57Z,2026-08-31
a00eebfb-0590-456a-b46d-4633122330d9,94816,cali,overture,Cali,Valle del Cauca,52eb90be-0d91-4796-913a-40085a32ca4c,1,0.2841409691629956,0.20272227048942948,0.08226364549614912,0.0,0.0,\N,\N,\N,\N,\N,\N,\N,\N,3.5053575710408076,-76.49392491212342,2026-08-31T10:29:57Z,2026-08-31
a00eebfb-0590-456a-b46d-4633122330d9,95425,cali,overture,Cali,Valle del Cauca,dd461bc2-237b-4847-ae33-84d8f3641096,1,1.0,0.935064935064935,0.7978695423461336,0.0,0.0,\N,\N,\N,\N,\N,\N,\N,\N,3.505482383951274,-76.49576732634004,2026-08-31T10:29:57Z,2026-08-31
a00eebfb-0590-456a-b46d-4633122330d9,96154,cali,overture,Cali,Valle del Cauca,a4e500a1-bd77-4184-9b52-791ab69bb2fa,1,0.9882352941176471,0.4878640776699029,0.20381479772342717,0.0,0.0,\N,\N,\N,\N,\N,\N,\N,\N,3.5455626245094414,-76.50011531834211,2026-08-31T10:29:57Z,2026-08-31
a00eebfb-0590-456a-b46d-4633122330d9,96155,cali,overture,Cali,Valle del Cauca,5144ab36-1d46-4e1e-bcc9-18c018e35426,1,0.6166134185303515,0.40147700570661293,0.17597560975609755,0.022364217252396165,0.0,\N,\N,\N,\N,\N,\N,\N,\N,3.5456260111769398,-76.50006774137047,2026-08-31T10:29:57Z,2026-08-31
a00eebfb-0590-456a-b46d-4633122330d9,97275,cali,overture,Cali,Valle del Cauca,bd1725be-89c5-4fb0-a9fc-b67e0b9bee4b,1,0.2746858168761221,0.07162534435261708,0.030079537237888646,0.0,0.0,\N,\N,\N,\N,\N,\N,\N,\N,3.5478350306284177,-76.4991205484907,2026-08-31T10:29:57Z,2026-08-31
a00eebfb-0590-456a-b46d-4633122330d9,97292,cali,overture,Cali,Valle del Cauca,8e9b34c1-93ac-434e-bf64-8b792f3f0cc1,1,0.497737556561086,0.09587020648967552,0.03674807779285391,0.0,0.0,\N,\N,\N,\N,\N,\N,\N,\N,3.5465929719173497,-76.50899817356387,2026-08-31T10:29:57Z,2026-08-31
a00eebfb-0590-456a-b46d-4633122330d9,97293,cali,overture,Cali,Valle del Cauca,27ce2101-d3c2-42e5-be0e-82a1c3365e44,1,0.1896551724137931,0.242450958783337,0.17478268997102533,0.5632183908045977,0.0,\N,\N,\N,\N,\N,\N,\N,\N,3.546678946856663,-76.50929656055317,2026-08-31T10:29:57Z,2026-08-31
a00eebfb-0590-456a-b46d-4633122330d9,97299,cali,overture,Cali,Valle del Cauca,5252347b-ab36-48ee-a5e4-abe53d0e7bd2,1,1.0,0.64977192093259,0.283890290037831,0.0,0.0,\N,\N,\N,\N,\N,\N,\N,\N,3.546637343095985,-76.50944915356305,2026-08-31T10:29:57Z,2026-08-31
a00eebfb-0590-456a-b46d-4633122330d9,97300,cali,overture,Cali,Valle del Cauca,73b55f72-7d65-40cd-850b-51a82982dc99,1,1.0,0.7505091649694501,0.2939965151275147,0.0,0.0,\N,\N,\N,\N,\N,\N,\N,\N,3.5466932345830857,-76.50944508980105,2026-08-31T10:29:57Z,2026-08-31
a00eebfb-0590-456a-b46d-4633122330d9,97301,cali,overture,Cali,Valle del Cauca,a61dcd02-4cca-429a-8202-855d55ad2896,1,1.0,0.656786271450858,0.2963909294155222,0.0,0.0,\N,\N,\N,\N,\N,\N,\N,\N,3.546733854427039,-76.50944559488212,2026-08-31T10:29:57Z,2026-08-31
d146b2a4-6794-4792-a0df-31841312b85c,1,cali,google,Cali,Valle del Cauca,3150833,1,\N,\N,\N,0.6557377049180327,0.0,\N,\N,\N,\N,\N,\N,\N,\N,3.4549997747104797,-76.46845161152766,2026-08-31T10:29:54Z,2026-08-31
d146b2a4-6794-4792-a0df-31841312b85c,235,cali,google,Cali,Valle del Cauca,3151067,1,0.9553571428571429,0.2626409603492179,0.0924100857545117,0.0,0.0,\N,\N,\N,\N,\N,\N,\N,\N,3.4560050277225103,-76.46538256230872,2026-08-31T10:29:54Z,2026-08-31
d146b2a4-6794-4792-a0df-31841312b85c,1156,cali,google,Cali,Valle del Cauca,3153118,1,0.25943396226415094,0.048287971905179985,0.020446096654275093,0.0,0.0,\N,\N,\N,\N,\N,\N,\N,\N,3.4549621604058296,-76.4799398989492,2026-08-31T10:29:54Z,2026-08-31
d146b2a4-6794-4792-a0df-31841312b85c,3413,cali,google,Cali,Valle del Cauca,3155375,1,0.8260869565217391,0.32317596566523604,0.1224460839954597,0.0,0.0,\N,\N,\N,\N,\N,\N,\N,\N,3.472110511938343,-76.48171468542557,2026-08-31T10:29:54Z,2026-08-31
d146b2a4-6794-4792-a0df-31841312b85c,3414,cali,google,Cali,Valle del Cauca,3155376,1,0.8071065989847716,0.26588525601480567,0.10034883720930232,0.0,0.0,\N,\N,\N,\N,\N,\N,\N,\N,3.4721919985199805,-76.48175291138841,2026-08-31T10:29:54Z,2026-08-31
d146b2a4-6794-4792-a0df-31841312b85c,4026,cali,google,Cali,Valle del Cauca,3155988,1,0.12720306513409962,0.08339665653495441,0.07101434530471055,0.030395913154533844,0.0,\N,\N,\N,\N,\N,\N,\N,\N,3.501029252700491,-76.4726198710266,2026-08-31T10:29:54Z,2026-08-31
d146b2a4-6794-4792-a0df-31841312b85c,4122,cali,google,Cali,Valle del Cauca,3156084,1,0.11279229711141678,0.10798429319371727,0.045770779934090074,0.5887207702888583,0.0,\N,\N,\N,\N,\N,\N,\N,\N,3.50050501154484,-76.47412079229126,2026-08-31T10:29:54Z,2026-08-31
d146b2a4-6794-4792-a0df-31841312b85c,4166,cali,google,Cali,Valle del Cauca,3156128,1,0.4017857142857143,0.2921966311447233,0.14138785625774472,0.0,0.0,\N,\N,\N,\N,\N,\N,\N,\N,3.498435171455767,-76.47286279573835,2026-08-31T10:29:54Z,2026-08-31
d146b2a4-6794-4792-a0df-31841312b85c,7520,cali,google,Cali,Valle del Cauca,3160410,1,0.6681931723563697,0.3336831748114136,0.1970636088943984,0.03746877601998335,0.0,\N,\N,\N,\N,\N,\N,\N,\N,3.495268898619661,-76.47871740605862,2026-08-31T10:29:54Z,2026-08-31
d146b2a4-6794-4792-a0df-31841312b85c,7555,cali,google,Cali,Valle del Cauca,3160445,1,0.16666666666666666,0.015145631067961166,0.005207637868874349,0.3273809523809524,0.0,\N,\N,\N,\N,\N,\N,\N,\N,3.490329491375103,-76.47346620183859,2026-08-31T10:29:54Z,2026-08-31
d146b2a4-6794-4792-a0df-31841312b85c,7620,cali,google,Cali,Valle del Cauca,3160510,1,1.0,0.2818590704647676,0.1416575960192816,0.0,0.0,\N,\N,\N,\N,\N,\N,\N,\N,3.4869097491951906,-76.48208813677212,2026-08-31T10:29:54Z,2026-08-31
d146b2a4-6794-4792-a0df-31841312b85c,7673,cali,google,Cali,Valle del Cauca,3160563,1,0.49230769230769234,0.33821070234113715,0.15775513053190005,0.0,0.0,\N,\N,\N,\N,\N,\N,\N,\N,3.4958629632359544,-76.48236621456654,2026-08-31T10:29:54Z,2026-08-31
d146b2a4-6794-4792-a0df-31841312b85c,7954,cali,google,Cali,Valle del Cauca,3160844,1,0.3322884012539185,0.3027675891963988,0.17472527472527472,0.025078369905956112,0.0,\N,\N,\N,\N,\N,\N,\N,\N,3.4952685175469274,-76.48438291686828,2026-08-31T10:29:54Z,2026-08-31
d146b2a4-6794-4792-a0df-31841312b85c,8203,cali,google,Cali,Valle del Cauca,3161093,1,0.3474903474903475,0.13277639530750088,0.06009654062751408,0.16525096525096525,0.0,\N,\N,\N,\N,\N,\N,\N,\N,3.4933954952036244,-76.48647540946193,2026-08-31T10:29:54Z,2026-08-31
d146b2a4-6794-4792-a0df-31841312b85c,8427,cali,google,Cali,Valle del Cauca,3162881,1,1.0,0.368609865470852,0.16764018691588786,0.0,0.0,\N,\N,\N,\N,\N,\N,\N,\N,3.5049527030038425,-76.49618989766277,2026-08-31T10:29:54Z,2026-08-31
d146b2a4-6794-4792-a0df-31841312b85c,8428,cali,google,Cali,Valle del Cauca,3162882,1,0.1016949152542373,0.3928386092371562,0.2479404309252218,0.0,0.0,\N,\N,\N,\N,\N,\N,\N,\N,3.5049679194876298,-76.49633123723628,2026-08-31T10:29:54Z,2026-08-31
d146b2a4-6794-4792-a0df-31841312b85c,8431,cali,google,Cali,Valle del Cauca,3162885,1,0.45161290322580644,0.5270114942528735,0.4084033613445378,0.0,0.0,\N,\N,\N,\N,\N,\N,\N,\N,3.505072278248199,-76.49652479076998,2026-08-31T10:29:54Z,2026-08-31
d146b2a4-6794-4792-a0df-31841312b85c,8432,cali,google,Cali,Valle del Cauca,3162886,1,0.631578947368421,0.3942912433478471,0.2753843811843507,0.0,0.0,\N,\N,\N,\N,\N,\N,\N,\N,3.5051072994029653,-76.49665884462776,2026-08-31T10:29:54Z,2026-08-31
d146b2a4-6794-4792-a0df-31841312b85c,8440,cali,google,Cali,Valle del Cauca,3162894,1,0.4262295081967213,0.37982501286670095,0.39782231339750673,0.0,0.0,\N,\N,\N,\N,\N,\N,\N,\N,3.505405923125491,-76.49673005698278,2026-08-31T10:29:54Z,2026-08-31
d146b2a4-6794-4792-a0df-31841312b85c,8441,cali,google,Cali,Valle del Cauca,3162895,1,0.12878787878787878,0.4240607513988809,0.41609101991060543,0.0,0.0,\N,\N,\N,\N,\N,\N,\N,\N,3.50565240915063,-76.49585422810797,2026-08-31T10:29:54Z,2026-08-31
d146b2a4-6794-4792-a0df-31841312b85c,8442,cali,google,Cali,Valle del Cauca,3162896,1,1.0,0.729740680713128,0.5751946455402267,0.0,0.0,\N,\N,\N,\N,\N,\N,\N,\N,3.505707211368432,-76.49621917812992,2026-08-31T10:29:54Z,2026-08-31
d146b2a4-6794-4792-a0df-31841312b85c,8473,cali,google,Cali,Valle del Cauca,3162927,1,0.6242171189979123,0.3869797962355379,0.2123007928245375,0.0013917884481558804,0.0,\N,\N,\N,\N,\N,\N,\N,\N,3.528933727294438,-76.4974236238064,2026-08-31T10:29:54Z,2026-08-31
d146b2a4-6794-4792-a0df-31841312b85c,8825,cali,google,Cali,Valle del Cauca,3163279,1,0.6128342245989304,0.47977657935285056,0.31637791243492364,0.09732620320855614,0.0,\N,\N,\N,\N,\N,\N,\N,\N,3.5247527972383677,-76.49905243010788,2026-08-31T10:29:54Z,2026-08-31
d146b2a4-6794-4792-a0df-31841312b85c,8826,cali,google,Cali,Valle del Cauca,3163280,1,0.504881450488145,0.3156279508970727,0.26316300757722944,0.19804741980474197,0.0,\N,\N,\N,\N,\N,\N,\N,\N,3.524754945012571,-76.49916490630577,2026-08-31T10:29:54Z,2026-08-31
d146b2a4-6794-4792-a0df-31841312b85c,8899,cali,google,Cali,Valle del Cauca,3163353,1,1.0,0.8253968253968254,0.6427812357674206,0.0,0.0,\N,\N,\N,\N,\N,\N,\N,\N,3.505072291623364,-76.49524566459782,2026-08-31T10:29:54Z,2026-08-31
d146b2a4-6794-4792-a0df-31841312b85c,8941,cali,google,Cali,Valle del Cauca,3163395,1,0.4622356495468278,0.2014388489208633,0.07433329310968988,0.0,0.0,\N,\N,\N,\N,\N,\N,\N,\N,3.4980976828863755,-76.49710345361683,2026-08-31T10:29:54Z,2026-08-31
d146b2a4-6794-4792-a0df-31841312b85c,9244,cali,google,Cali,Valle del Cauca,3163698,1,0.1407185628742515,0.015166182639561149,0.005608591885441528,0.0,0.0,\N,\N,\N,\N,\N,\N,\N,\N,3.501152735224019,-76.49543850945726,2026-08-31T10:29:54Z,2026-08-31
d146b2a4-6794-4792-a0df-31841312b85c,11480,cali,google,Cali,Valle del Cauca,3165934,1,0.7777777777777778,0.21129880919412905,0.08297085689430186,0.0,0.0,\N,\N,\N,\N,\N,\N,\N,\N,3.459774149207871,-76.48964775722247,2026-08-31T10:29:54Z,2026-08-31
d146b2a4-6794-4792-a0df-31841312b85c,11720,cali,google,Cali,Valle del Cauca,3166174,1,0.12280701754385964,0.006003430531732418,0.0019807583474816073,0.05263157894736842,0.0,\N,\N,\N,\N,\N,\N,\N,\N,3.4802436506882337,-76.4933852910721,2026-08-31T10:29:54Z,2026-08-31
d146b2a4-6794-4792-a0df-31841312b85c,11881,cali,google,Cali,Valle del Cauca,3166335,1,0.49387755102040815,0.13741438356164384,0.05779098028625439,0.16598639455782313,0.0,\N,\N,\N,\N,\N,\N,\N,\N,3.4847727534959083,-76.4995402548807,2026-08-31T10:29:54Z,2026-08-31
d146b2a4-6794-4792-a0df-31841312b85c,12160,cali,google,Cali,Valle del Cauca,3166614,1,0.14244186046511628,0.18468029860434923,0.07707082833133254,0.10465116279069768,0.0,\N,\N,\N,\N,\N,\N,\N,\N,3.484681758991112,-76.49949571142093,2026-08-31T10:29:54Z,2026-08-31
d146b2a4-6794-4792-a0df-31841312b85c,12692,cali,google,Cali,Valle del Cauca,3167146,1,0.8688524590163934,0.2983005366726297,0.09686320069706651,0.0,0.0,\N,\N,\N,\N,\N,\N,\N,\N,3.4787328222590324,-76.49791168348693,2026-08-31T10:29:54Z,2026-08-31
d146b2a4-6794-4792-a0df-31841312b85c,12714,cali,google,Cali,Valle del Cauca,3167168,1,0.49175824175824173,0.20187651331719128,0.07649959857781856,0.23351648351648352,0.0,\N,\N,\N,\N,\N,\N,\N,\N,3.4786749387347355,-76.49796206091655,2026-08-31T10:29:54Z,2026-08-31
d146b2a4-6794-4792-a0df-31841312b85c,12724,cali,google,Cali,Valle del Cauca,3167178,1,0.11808118081180811,0.011552837240910635,0.004185130477597243,0.0,0.0,\N,\N,\N,\N,\N,\N,\N,\N,3.4781775616001958,-76.49857618023,2026-08-31T10:29:54Z,2026-08-31
d146b2a4-6794-4792-a0df-31841312b85c,13415,cali,google,Cali,Valle del Cauca,3170117,1,0.5925925925925926,0.14567474048442908,0.05243492340266534,0.0,0.0,\N,\N,\N,\N,\N,\N,\N,\N,3.4938234309784333,-76.48962293294416,2026-08-31T10:29:54Z,2026-08-31
d146b2a4-6794-4792-a0df-31841312b85c,14384,cali,google,Cali,Valle del Cauca,3171086,1,0.8220779220779221,0.21797857475547275,0.09051348999129678,0.05844155844155844,0.0,\N,\N,\N,\N,\N,\N,\N,\N,3.4559554467735683,-76.47539526330881,2026-08-31T10:29:54Z,2026-08-31
d146b2a4-6794-4792-a0df-31841312b85c,14465,cali,google,Cali,Valle del Cauca,3171167,1,1.0,0.6020984665052461,0.3345668859649123,0.0,0.0,\N,\N,\N,\N,\N,\N,\N,\N,3.4581682316071447,-76.47567880720536,2026-08-31T10:29:54Z,2026-08-31
d146b2a4-6794-4792-a0df-31841312b85c,14467,cali,google,Cali,Valle del Cauca,3171169,1,0.9121621621621622,0.6204647370566653,0.3403170227429359,0.02702702702702703,0.0,\N,\N,\N,\N,\N,\N,\N,\N,3.45821847045074,-76.47570551808695,2026-08-31T10:29:54Z,2026-08-31
d146b2a4-6794-4792-a0df-31841312b85c,14468,cali,google,Cali,Valle del Cauca,3171170,1,0.9797297297297297,0.35907072087461567,0.2459117938553023,0.0,0.0,\N,\N,\N,\N,\N,\N,\N,\N,3.458146378647228,-76.47574267759447,2026-08-31T10:29:54Z,2026-08-31
d146b2a4-6794-4792-a0df-31841312b85c,14529,cali,google,Cali,Valle del Cauca,3171231,1,0.22294022617124395,0.2868217054263566,0.24958504411636237,0.0,0.0,\N,\N,\N,\N,\N,\N,\N,\N,3.458361910995189,-76.4755696257584,2026-08-31T10:29:54Z,2026-08-31
d146b2a4-6794-4792-a0df-31841312b85c,17011,cali,google,Cali,Valle del Cauca,3173713,1,0.1939655172413793,0.13749548899314326,0.05369897959183673,0.0,0.0,\N,\N,\N,\N,\N,\N,\N,\N,3.493818578497658,-76.48951866059622,2026-08-31T10:29:54Z,2026-08-31
d146b2a4-6794-4792-a0df-31841312b85c,18178,cali,google,Cali,Valle del Cauca,3174880,1,0.12217194570135746,0.10765191297824456,0.03766404199475066,0.0,0.0,\N,\N,\N,\N,\N,\N,\N,\N,3.4773515673963553,-76.49083487183418,2026-08-31T10:29:54Z,2026-08-31
d146b2a4-6794-4792-a0df-31841312b85c,18763,cali,google,Cali,Valle del Cauca,3175465,1,0.2676616915422886,0.06822867853795689,0.029971181556195964,0.15422885572139303,0.0,\N,\N,\N,\N,\N,\N,\N,\N,3.4664282272946956,-76.48702176342906,2026-08-31T10:29:54Z,2026-08-31
d146b2a4-6794-4792-a0df-31841312b85c,22763,cali,google,Cali,Valle del Cauca,3184435,1,0.16727272727272727,0.08858543417366947,0.031724137931034485,0.0,0.0,\N,\N,\N,\N,\N,\N,\N,\N,3.489713388082062,-76.494795107857,2026-08-31T10:29:54Z,2026-08-31
d146b2a4-6794-4792-a0df-31841312b85c,23485,cali,google,Cali,Valle del Cauca,3185157,1,0.4921875,0.285528596187175,0.10534591194968554,0.0,0.0,\N,\N,\N,\N,\N,\N,\N,\N,3.505369310487348,-76.49399363747119,2026-08-31T10:29:54Z,2026-08-31
d146b2a4-6794-4792-a0df-31841312b85c,23491,cali,google,Cali,Valle del Cauca,3185163,1,0.9546925566343042,0.3591644204851752,0.18466083959128402,0.0,0.0,\N,\N,\N,\N,\N,\N,\N,\N,3.504982455653568,-76.49373084127939,2026-08-31T10:29:54Z,2026-08-31
d146b2a4-6794-4792-a0df-31841312b85c,24102,cali,google,Cali,Valle del Cauca,3185774,1,1.0,0.9626794258373206,0.7190095123056017,0.0,0.0,\N,\N,\N,\N,\N,\N,\N,\N,3.5055701530086707,-76.49663967170348,2026-08-31T10:29:54Z,2026-08-31
d146b2a4-6794-4792-a0df-31841312b85c,24103,cali,google,Cali,Valle del Cauca,3185775,1,1.0,0.6460176991150443,0.32386799693016116,0.0,0.0,\N,\N,\N,\N,\N,\N,\N,\N,3.505078971824922,-76.49658819762308,2026-08-31T10:29:54Z,2026-08-31
d146b2a4-6794-4792-a0df-31841312b85c,24104,cali,google,Cali,Valle del Cauca,3185776,1,1.0,0.9871618523613022,0.7881642867657883,0.0,0.0,\N,\N,\N,\N,\N,\N,\N,\N,3.505585696684427,-76.496549315371,2026-08-31T10:29:54Z,2026-08-31
d146b2a4-6794-4792-a0df-31841312b85c,24107,cali,google,Cali,Valle del Cauca,3185779,1,0.9714285714285714,0.6885057471264368,0.5868532206969377,0.0,0.0,\N,\N,\N,\N,\N,\N,\N,\N,3.505464995097399,-76.49648917445039,2026-08-31T10:29:54Z,2026-08-31
d146b2a4-6794-4792-a0df-31841312b85c,24109,cali,google,Cali,Valle del Cauca,3185781,1,0.9580838323353293,0.8586326767091541,0.7731807902088599,0.0,0.0,\N,\N,\N,\N,\N,\N,\N,\N,3.505619104577144,-76.4964190013347,2026-08-31T10:29:54Z,2026-08-31
d146b2a4-6794-4792-a0df-31841312b85c,24110,cali,google,Cali,Valle del Cauca,3185782,1,0.26143790849673204,0.6223007459756577,0.5751038456384832,0.0,0.0,\N,\N,\N,\N,\N,\N,\N,\N,3.5057192658902117,-76.49637551224771,2026-08-31T10:29:54Z,2026-08-31
d146b2a4-6794-4792-a0df-31841312b85c,24111,cali,google,Cali,Valle del Cauca,3185783,1,0.32978723404255317,0.4053639846743295,0.45077514244070493,0.0,0.0,\N,\N,\N,\N,\N,\N,\N,\N,3.5054313995218647,-76.49637728548443,2026-08-31T10:29:54Z,2026-08-31
d146b2a4-6794-4792-a0df-31841312b85c,24114,cali,google,Cali,Valle del Cauca,3185786,1,0.248,0.3866943866943867,0.48136818687430477,0.0,0.0,\N,\N,\N,\N,\N,\N,\N,\N,3.5054416556699266,-76.49627396153458,2026-08-31T10:29:54Z,2026-08-31
d146b2a4-6794-4792-a0df-31841312b85c,24115,cali,google,Cali,Valle del Cauca,3185787,1,0.19480519480519481,0.4197834645669291,0.2533476989379714,0.0,0.0,\N,\N,\N,\N,\N,\N,\N,\N,3.5050044152677495,-76.49629887547455,2026-08-31T10:29:54Z,2026-08-31
d146b2a4-6794-4792-a0df-31841312b85c,24116,cali,google,Cali,Valle del Cauca,3185788,1,1.0,0.7780448717948718,0.6315932572050027,0.0,0.0,\N,\N,\N,\N,\N,\N,\N,\N,3.5056908345998843,-76.4962375381715,2026-08-31T10:29:54Z,2026-08-31
d146b2a4-6794-4792-a0df-31841312b85c,24117,cali,google,Cali,Valle del Cauca,3185789,1,1.0,0.4674486803519062,0.21369259447551261,0.0,0.0,\N,\N,\N,\N,\N,\N,\N,\N,3.504940727143913,-76.49623808878611,2026-08-31T10:29:54Z,2026-08-31
d146b2a4-6794-4792-a0df-31841312b85c,24118,cali,google,Cali,Valle del Cauca,3185790,1,0.8518518518518519,0.5820971867007673,0.5915094339622642,0.0,0.0,\N,\N,\N,\N,\N,\N,\N,\N,3.505474936652359,-76.49621012350975,2026-08-31T10:29:54Z,2026-08-31
d146b2a4-6794-4792-a0df-31841312b85c,24119,cali,google,Cali,Valle del Cauca,3185791,1,1.0,0.694074969770254,0.5908411468949586,0.0,0.0,\N,\N,\N,\N,\N,\N,\N,\N,3.505691179821014,-76.49609010858693,2026-08-31T10:29:54Z,2026-08-31
d146b2a4-6794-4792-a0df-31841312b85c,24121,cali,google,Cali,Valle del Cauca,3185793,1,0.7235772357723578,0.779472382522671,0.6756046993780235,0.0,0.0,\N,\N,\N,\N,\N,\N,\N,\N,3.50549642469618,-76.49599915829866,2026-08-31T10:29:54Z,2026-08-31
d146b2a4-6794-4792-a0df-31841312b85c,24123,cali,google,Cali,Valle del Cauca,3185795,1,1.0,0.9351145038167938,0.7978163641147067,0.0,0.0,\N,\N,\N,\N,\N,\N,\N,\N,3.5054830213291166,-76.49576682283633,2026-08-31T10:29:54Z,2026-08-31
d146b2a4-6794-4792-a0df-31841312b85c,24124,cali,google,Cali,Valle del Cauca,3185796,1,0.5735294117647058,0.6806930693069307,0.5314954566456184,0.0,0.0,\N,\N,\N,\N,\N,\N,\N,\N,3.505070773016945,-76.49532913351025,2026-08-31T10:29:54Z,2026-08-31
d146b2a4-6794-4792-a0df-31841312b85c,24125,cali,google,Cali,Valle del Cauca,3185797,1,1.0,0.7788324632178453,0.5993068113321278,0.0,0.0,\N,\N,\N,\N,\N,\N,\N,\N,3.505068424478156,-76.49527841126495,2026-08-31T10:29:54Z,2026-08-31
d146b2a4-6794-4792-a0df-31841312b85c,24183,cali,google,Cali,Valle del Cauca,3185855,1,0.183206106870229,0.10398773006134969,0.03927247451343837,0.0,0.0,\N,\N,\N,\N,\N,\N,\N,\N,3.504095543588919,-76.49325289796094,2026-08-31T10:29:54Z,2026-08-31
d146b2a4-6794-4792-a0df-31841312b85c,24242,cali,google,Cali,Valle del Cauca,3187924,1,1.0,0.1267519804996953,0.04271924419798727,0.0,0.0,\N,\N,\N,\N,\N,\N,\N,\N,3.5478646459212553,-76.4991128480309,2026-08-31T10:29:54Z,2026-08-31
d146b2a4-6794-4792-a0df-31841312b85c,24379,cali,google,Cali,Valle del Cauca,3188124,1,0.2732211047168289,0.1630713918849512,0.10998289636060533,0.04243532512235788,0.0,\N,\N,\N,\N,\N,\N,\N,\N,3.5399286424836096,-76.49401243183243,2026-08-31T10:29:54Z,2026-08-31
d146b2a4-6794-4792-a0df-31841312b85c,24506,cali,google,Cali,Valle del Cauca,3188850,1,0.29023746701846964,0.07222725899063161,0.02726443075519051,0.029023746701846966,0.0,\N,\N,\N,\N,\N,\N,\N,\N,3.4708781905319057,-76.49440134199465,2026-08-31T10:29:54Z,2026-08-31
d146b2a4-6794-4792-a0df-31841312b85c,26340,cali,google,Cali,Valle del Cauca,3202775,1,0.8432432432432433,0.29689343295320486,0.19851551956815114,0.0,0.0,\N,\N,\N,\N,\N,\N,\N,\N,3.51165233428155,-76.49734808070687,2026-08-31T10:29:54Z,2026-08-31
d146b2a4-6794-4792-a0df-31841312b85c,26444,cali,google,Cali,Valle del Cauca,3202964,1,0.3274924471299094,0.15098890496864448,0.08212269476853594,0.044108761329305135,0.0,\N,\N,\N,\N,\N,\N,\N,\N,3.522164058487354,-76.52817116753414,2026-08-31T10:29:54Z,2026-08-31
d146b2a4-6794-4792-a0df-31841312b85c,26501,cali,google,Cali,Valle del Cauca,3203685,1,0.3282442748091603,0.12002341920374707,0.04608294930875576,0.0,0.0,\N,\N,\N,\N,\N,\N,\N,\N,3.4973520873710338,-76.47046447708348,2026-08-31T10:29:54Z,2026-08-31
d146b2a4-6794-4792-a0df-31841312b85c,27112,cali,google,Cali,Valle del Cauca,3204317,1,0.12806539509536785,0.03799705449189985,0.014439220953660174,0.0,0.0,\N,\N,\N,\N,\N,\N,\N,\N,3.488553635881413,-76.5262115212686,2026-08-31T10:29:54Z,2026-08-31
d146b2a4-6794-4792-a0df-31841312b85c,30156,cali,google,Cali,Valle del Cauca,3210880,1,0.9764705882352941,0.7392538523925385,0.5175209564380926,0.0,0.0,\N,\N,\N,\N,\N,\N,\N,\N,3.451129424468789,-76.47203560877347,2026-08-31T10:29:54Z,2026-08-31
d146b2a4-6794-4792-a0df-31841312b85c,30158,cali,google,Cali,Valle del Cauca,3210882,1,1.0,0.8427382053654024,0.5730820596527675,0.0,0.0,\N,\N,\N,\N,\N,\N,\N,\N,3.4511467680019825,-76.4719870420601,2026-08-31T10:29:54Z,2026-08-31
d146b2a4-6794-4792-a0df-31841312b85c,30161,cali,google,Cali,Valle del Cauca,3210885,1,1.0,0.8792270531400966,0.39945197138072763,0.0,0.0,\N,\N,\N,\N,\N,\N,\N,\N,3.4582646454695536,-76.47554723556928,2026-08-31T10:29:54Z,2026-08-31
d146b2a4-6794-4792-a0df-31841312b85c,32450,cali,google,Cali,Valle del Cauca,3214334,1,0.2185430463576159,0.013692946058091286,0.004598021457433468,0.0,0.0,\N,\N,\N,\N,\N,\N,\N,\N,3.463227318197326,-76.5876958638379,2026-08-31T10:29:54Z,2026-08-31
d146b2a4-6794-4792-a0df-31841312b85c,32614,cali,google,Cali,Valle del Cauca,3214498,1,0.2903225806451613,0.02005730659025788,0.005857740585774059,0.0,0.0,\N,\N,\N,\N,\N,\N,\N,\N,3.4647487412160665,-76.58850517334326,2026-08-31T10:29:54Z,2026-08-31
d146b2a4-6794-4792-a0df-31841312b85c,32881,cali,google,Cali,Valle del Cauca,3214765,1,0.6310679611650486,0.1311120726958027,0.04313167259786477,0.0,0.0,\N,\N,\N,\N,\N,\N,\N,\N,3.4660554082477644,-76.58992473792286,2026-08-31T10:29:54Z,2026-08-31
d146b2a4-6794-4792-a0df-31841312b85c,32888,cali,google,Cali,Valle del Cauca,3214772,1,0.6023738872403561,0.06895424836601308,0.025446213217559095,0.0,0.0,\N,\N,\N,\N,\N,\N,\N,\N,3.4660335026800078,-76.5896317333146,2026-08-31T10:29:54Z,2026-08-31
d146b2a4-6794-4792-a0df-31841312b85c,32914,cali,google,Cali,Valle del Cauca,3214798,1,0.5797101449275363,0.14078881677483773,0.04700589512876202,0.0,0.0,\N,\N,\N,\N,\N,\N,\N,\N,3.4659841372954237,-76.58994323280898,2026-08-31T10:29:54Z,2026-08-31
d146b2a4-6794-4792-a0df-31841312b85c,32918,cali,google,Cali,Valle del Cauca,3214802,1,0.5737704918032787,0.15203211239337683,0.04710820895522388,0.0,0.0,\N,\N,\N,\N,\N,\N,\N,\N,3.466047217748432,-76.58995539026517,2026-08-31T10:29:54Z,2026-08-31
d146b2a4-6794-4792-a0df-31841312b85c,33413,cali,google,Cali,Valle del Cauca,3215297,1,0.11940298507462686,0.021331058020477817,0.0070731362286037625,0.0,0.0,\N,\N,\N,\N,\N,\N,\N,\N,3.4567642902883673,-76.57603320988613,2026-08-31T10:29:54Z,2026-08-31
d146b2a4-6794-4792-a0df-31841312b85c,33434,cali,google,Cali,Valle del Cauca,3215318,1,0.3108108108108108,0.11481481481481481,0.043280977312390924,0.0,0.0,\N,\N,\N,\N,\N,\N,\N,\N,3.459094271246787,-76.5762319038377,2026-08-31T10:29:54Z,2026-08-31
d146b2a4-6794-4792-a0df-31841312b85c,33450,cali,google,Cali,Valle del Cauca,3215334,1,0.29508196721311475,0.07783484788621098,0.026668471639366455,0.0,0.0,\N,\N,\N,\N,\N,\N,\N,\N,3.4595327580494635,-76.5763478757228,2026-08-31T10:29:54Z,2026-08-31
d146b2a4-6794-4792-a0df-31841312b85c,33618,cali,google,Cali,Valle del Cauca,3215502,1,0.1336206896551724,0.012794612794612794,0.0046251217137293086,0.0,0.0,\N,\N,\N,\N,\N,\N,\N,\N,3.455716938062791,-76.5768500211866,2026-08-31T10:29:54Z,2026-08-31
d146b2a4-6794-4792-a0df-31841312b85c,34085,cali,google,Cali,Valle del Cauca,3215969,1,0.5648648648648649,0.1189959714905485,0.0446927374301676,0.005405405405405406,0.0,\N,\N,\N,\N,\N,\N,\N,\N,3.455860535178765,-76.5784022680713,2026-08-31T10:29:54Z,2026-08-31
d146b2a4-6794-4792-a0df-31841312b85c,34202,cali,google,Cali,Valle del Cauca,3216086,1,0.37551020408163266,0.06224066390041494,0.022343594836146972,0.3306122448979592,0.0,\N,\N,\N,\N,\N,\N,\N,\N,3.4567971116486675,-76.57916859772504,2026-08-31T10:29:54Z,2026-08-31
d146b2a4-6794-4792-a0df-31841312b85c,36157,cali,google,Cali,Valle del Cauca,3218041,1,0.5933333333333334,0.10621848739495798,0.03882063882063882,0.0,0.0,\N,\N,\N,\N,\N,\N,\N,\N,3.4874102413838517,-76.55082127578346,2026-08-31T10:29:54Z,2026-08-31
d146b2a4-6794-4792-a0df-31841312b85c,36493,cali,google,Cali,Valle del Cauca,3218377,1,0.7738853503184714,0.10278804165267047,0.03744951658303757,0.0,0.0,\N,\N,\N,\N,\N,\N,\N,\N,3.4850019906728633,-76.55285633084871,2026-08-31T10:29:54Z,2026-08-31
d146b2a4-6794-4792-a0df-31841312b85c,36686,cali,google,Cali,Valle del Cauca,3218570,1,0.6964285714285714,0.16284300494826812,0.052777372794868056,0.0,0.0,\N,\N,\N,\N,\N,\N,\N,\N,3.489624705386357,-76.5495503937692,2026-08-31T10:29:54Z,2026-08-31
d146b2a4-6794-4792-a0df-31841312b85c,37956,cali,google,Cali,Valle del Cauca,3219840,1,0.22863247863247863,0.03411458333333333,0.013542851235397498,0.019230769230769232,0.0,\N,\N,\N,\N,\N,\N,\N,\N,3.486707013189767,-76.53477605957151,2026-08-31T10:29:54Z,2026-08-31
d146b2a4-6794-4792-a0df-31841312b85c,39107,cali,google,Cali,Valle del Cauca,3220991,1,1.0,0.8168193172356369,0.42923076923076925,0.0,0.0,\N,\N,\N,\N,\N,\N,\N,\N,3.466611202141468,-76.53343527530055,2026-08-31T10:29:54Z,2026-08-31
d146b2a4-6794-4792-a0df-31841312b85c,39110,cali,google,Cali,Valle del Cauca,3220994,1,0.9260869565217391,0.4730077120822622,0.3609636057505504,0.0,0.0,\N,\N,\N,\N,\N,\N,\N,\N,3.466640500896491,-76.5335257918057,2026-08-31T10:29:54Z,2026-08-31
d146b2a4-6794-4792-a0df-31841312b85c,39111,cali,google,Cali,Valle del Cauca,3220995,1,1.0,0.8524426719840479,0.36829922027290446,0.0,0.0,\N,\N,\N,\N,\N,\N,\N,\N,3.4666737475605625,-76.53340838651641,2026-08-31T10:29:54Z,2026-08-31
d146b2a4-6794-4792-a0df-31841312b85c,39119,cali,google,Cali,Valle del Cauca,3221003,1,0.3194029850746269,0.2515603328710125,0.19711956951808182,0.03283582089552239,0.0,\N,\N,\N,\N,\N,\N,\N,\N,3.4664914188236997,-76.53351177989859,2026-08-31T10:29:54Z,2026-08-31
d146b2a4-6794-4792-a0df-31841312b85c,39124,cali,google,Cali,Valle del Cauca,3221008,1,0.2175141242937853,0.31422236300285084,0.2678866587957497,0.2937853107344633,0.0,\N,\N,\N,\N,\N,\N,\N,\N,3.4668087627578354,-76.53335975550554,2026-08-31T10:29:54Z,2026-08-31
d146b2a4-6794-4792-a0df-31841312b85c,40084,cali,google,Cali,Valle del Cauca,3223856,1,0.9882352941176471,0.4878640776699029,0.20381479772342717,0.0,0.0,\N,\N,\N,\N,\N,\N,\N,\N,3.5455627161117285,-76.50011522011653,2026-08-31T10:29:54Z,2026-08-31
d146b2a4-6794-4792-a0df-31841312b85c,40106,cali,google,Cali,Valle del Cauca,3223881,1,0.515929203539823,0.40201482607869227,0.27275025278058646,0.10707964601769912,0.0,\N,\N,\N,\N,\N,\N,\N,\N,3.524948181087222,-76.49911468242834,2026-08-31T10:29:54Z,2026-08-31
d146b2a4-6794-4792-a0df-31841312b85c,40601,cali,google,Cali,Valle del Cauca,3226560,1,1.0,0.6502787633046123,0.28384554767533493,0.0,0.0,\N,\N,\N,\N,\N,\N,\N,\N,3.546636581246605,-76.50944975422088,2026-08-31T10:29:54Z,2026-08-31
d146b2a4-6794-4792-a0df-31841312b85c,41639,cali,google,Cali,Valle del Cauca,3227635,1,0.6139896373056994,0.21285051887833958,0.08949127367248422,0.07253886010362694,0.0,\N,\N,\N,\N,\N,\N,\N,\N,3.456757979413624,-76.53554974545136,2026-08-31T10:29:54Z,2026-08-31
d146b2a4-6794-4792-a0df-31841312b85c,41677,cali,google,Cali,Valle del Cauca,3227673,1,0.13513513513513514,0.12985455090718248,0.09244828563332388,0.08578143360752057,0.0,\N,\N,\N,\N,\N,\N,\N,\N,3.4534978877534135,-76.53109119480996,2026-08-31T10:29:54Z,2026-08-31
d146b2a4-6794-4792-a0df-31841312b85c,42047,cali,google,Cali,Valle del Cauca,3228043,1,0.4528605962933118,0.1111111111111111,0.0497246650776691,0.12731668009669622,0.0,\N,\N,\N,\N,\N,\N,\N,\N,3.445244200866329,-76.50599803057433,2026-08-31T10:29:54Z,2026-08-31
d146b2a4-6794-4792-a0df-31841312b85c,42548,cali,google,Cali,Valle del Cauca,3228544,1,0.1266816143497758,0.04169022046353872,0.020173698967380155,0.3609865470852018,0.0,\N,\N,\N,\N,\N,\N,\N,\N,3.455285480489274,-76.54186047736268,2026-08-31T10:29:54Z,2026-08-31
d146b2a4-6794-4792-a0df-31841312b85c,42782,cali,google,Cali,Valle del Cauca,3228778,1,0.8731988472622478,0.14745222929936305,0.05490986717267552,0.0,0.0,\N,\N,\N,\N,\N,\N,\N,\N,3.4564332047246022,-76.54228632262365,2026-08-31T10:29:54Z,2026-08-31
d146b2a4-6794-4792-a0df-31841312b85c,42905,cali,google,Cali,Valle del Cauca,3228901,1,0.4918032786885246,0.0511382382052128,0.018742442563482467,0.0,0.0,\N,\N,\N,\N,\N,\N,\N,\N,3.4593050944571075,-76.54212531542271,2026-08-31T10:29:54Z,2026-08-31
d146b2a4-6794-4792-a0df-31841312b85c,42954,cali,google,Cali,Valle del Cauca,3228950,1,0.14705882352941177,0.012690355329949238,0.004494670604854244,0.0,0.0,\N,\N,\N,\N,\N,\N,\N,\N,3.459982881660395,-76.54291875837752,2026-08-31T10:29:54Z,2026-08-31
d146b2a4-6794-4792-a0df-31841312b85c,43096,cali,google,Cali,Valle del Cauca,3229092,1,0.4413145539906103,0.08179515019905899,0.028911347064091084,0.0,0.0,\N,\N,\N,\N,\N,\N,\N,\N,3.457805944863246,-76.54289248887184,2026-08-31T10:29:54Z,2026-08-31
d146b2a4-6794-4792-a0df-31841312b85c,43111,cali,google,Cali,Valle del Cauca,3229107,1,0.3604060913705584,0.0815884476534296,0.02877881064561314,0.0,0.0,\N,\N,\N,\N,\N,\N,\N,\N,3.457753420696999,-76.54287907882787,2026-08-31T10:29:54Z,2026-08-31
d146b2a4-6794-4792-a0df-31841312b85c,43228,cali,google,Cali,Valle del Cauca,3229224,1,0.47085201793721976,0.054134223210975156,0.019015368585569157,0.0,0.0,\N,\N,\N,\N,\N,\N,\N,\N,3.4611940389909184,-76.54380148775574,2026-08-31T10:29:54Z,2026-08-31
d146b2a4-6794-4792-a0df-31841312b85c,43285,cali,google,Cali,Valle del Cauca,3229281,1,0.40913865546218486,0.22984441301272984,0.11319079172074595,0.23897058823529413,0.0,\N,\N,\N,\N,\N,\N,\N,\N,3.454110814446854,-76.54382133355601,2026-08-31T10:29:54Z,2026-08-31
d146b2a4-6794-4792-a0df-31841312b85c,43371,cali,google,Cali,Valle del Cauca,3229367,1,0.9186046511627907,0.3486910994764398,0.1247035326426164,0.05426356589147287,0.0,\N,\N,\N,\N,\N,\N,\N,\N,3.4553897884936373,-76.54791885289919,2026-08-31T10:29:54Z,2026-08-31
d146b2a4-6794-4792-a0df-31841312b85c,43373,cali,google,Cali,Valle del Cauca,3229369,1,0.4444444444444444,0.20716338713243423,0.09350430550355672,0.2233560090702948,0.0,\N,\N,\N,\N,\N,\N,\N,\N,3.455455501952221,-76.54799526223009,2026-08-31T10:29:54Z,2026-08-31
d146b2a4-6794-4792-a0df-31841312b85c,43380,cali,google,Cali,Valle del Cauca,3229376,1,0.32238805970149254,0.29607250755287007,0.12244147567103812,0.417910447761194,0.0,\N,\N,\N,\N,\N,\N,\N,\N,3.455350048628177,-76.54799799565194,2026-08-31T10:29:54Z,2026-08-31
d146b2a4-6794-4792-a0df-31841312b85c,45425,cali,google,Cali,Valle del Cauca,3231421,1,0.7567567567567568,0.15429599640125957,0.052708211997670354,0.0,0.0,\N,\N,\N,\N,\N,\N,\N,\N,3.489588829323148,-76.54955326810224,2026-08-31T10:29:54Z,2026-08-31
d146b2a4-6794-4792-a0df-31841312b85c,45772,cali,google,Cali,Valle del Cauca,3231768,1,0.21839080459770116,0.02135374697824335,0.007252326217843459,0.0,0.0,\N,\N,\N,\N,\N,\N,\N,\N,3.4930049410205037,-76.53575136244697,2026-08-31T10:29:54Z,2026-08-31
d146b2a4-6794-4792-a0df-31841312b85c,45835,cali,google,Cali,Valle del Cauca,3231831,1,0.9891304347826086,0.46150234741784035,0.1696642685851319,0.0,0.0,\N,\N,\N,\N,\N,\N,\N,\N,3.4911828566839698,-76.53429417131966,2026-08-31T10:29:54Z,2026-08-31
d146b2a4-6794-4792-a0df-31841312b85c,45999,cali,google,Cali,Valle del Cauca,3231995,1,0.1623931623931624,0.00850873264666368,0.002768468599737724,0.0,0.0,\N,\N,\N,\N,\N,\N,\N,\N,3.4906212350898667,-76.53529247999806,2026-08-31T10:29:54Z,2026-08-31
d146b2a4-6794-4792-a0df-31841312b85c,46134,cali,google,Cali,Valle del Cauca,3232130,1,0.16463414634146342,0.018354637823664373,0.006758387641805455,0.0,0.0,\N,\N,\N,\N,\N,\N,\N,\N,3.489285403715837,-76.54679633870995,2026-08-31T10:29:54Z,2026-08-31
d146b2a4-6794-4792-a0df-31841312b85c,46686,cali,google,Cali,Valle del Cauca,3232682,1,0.9085714285714286,0.2342306147047007,0.0796230538104343,0.0,0.0,\N,\N,\N,\N,\N,\N,\N,\N,3.488066765217732,-76.53513461644056,2026-08-31T10:29:54Z,2026-08-31
d146b2a4-6794-4792-a0df-31841312b85c,46772,cali,google,Cali,Valle del Cauca,3232768,1,0.16883116883116883,0.12919051512673754,0.04361026773392217,0.0,0.0,\N,\N,\N,\N,\N,\N,\N,\N,3.4874149030779344,-76.55076357175939,2026-08-31T10:29:54Z,2026-08-31
d146b2a4-6794-4792-a0df-31841312b85c,47338,cali,google,Cali,Valle del Cauca,3233334,1,0.506896551724138,0.0629082158817463,0.022673770288687896,0.0,0.0,\N,\N,\N,\N,\N,\N,\N,\N,3.4828198847199694,-76.54928756701678,2026-08-31T10:29:54Z,2026-08-31
d146b2a4-6794-4792-a0df-31841312b85c,47667,cali,google,Cali,Valle del Cauca,3233663,1,0.23193916349809887,0.02808389619623178,0.010022836843440752,0.08745247148288973,0.0,\N,\N,\N,\N,\N,\N,\N,\N,3.4869879198709945,-76.54989171113716,2026-08-31T10:29:54Z,2026-08-31
d146b2a4-6794-4792-a0df-31841312b85c,47749,cali,google,Cali,Valle del Cauca,3233745,1,0.30337078651685395,0.04453820909517112,0.014187574671445638,0.5280898876404494,0.0,\N,\N,\N,\N,\N,\N,\N,\N,3.485460251308082,-76.5505026937678,2026-08-31T10:29:54Z,2026-08-31
d146b2a4-6794-4792-a0df-31841312b85c,48033,cali,google,Cali,Valle del Cauca,3234029,1,0.1643835616438356,0.14509480626545754,0.06716521257443567,0.0,0.0,\N,\N,\N,\N,\N,\N,\N,\N,3.4865580412467465,-76.55166769137863,2026-08-31T10:29:54Z,2026-08-31
d146b2a4-6794-4792-a0df-31841312b85c,48034,cali,google,Cali,Valle del Cauca,3234030,1,0.5984251968503937,0.12508884150675195,0.06157166433921544,0.07874015748031496,0.0,\N,\N,\N,\N,\N,\N,\N,\N,3.486496710035274,-76.55166068034755,2026-08-31T10:29:54Z,2026-08-31
d146b2a4-6794-4792-a0df-31841312b85c,48759,cali,google,Cali,Valle del Cauca,3234755,1,0.0,0.003641545281823939,0.031408157189639775,0.5315139701104613,0.0,\N,\N,\N,\N,\N,\N,\N,\N,3.45862564669459,-76.53758769907749,2026-08-31T10:29:54Z,2026-08-31
d146b2a4-6794-4792-a0df-31841312b85c,48784,cali,google,Cali,Valle del Cauca,3234780,1,0.0,0.08965076660988075,0.09841618602947907,0.7032115171650055,0.0,\N,\N,\N,\N,\N,\N,\N,\N,3.4585100593555653,-76.53745576611226,2026-08-31T10:29:54Z,2026-08-31
d146b2a4-6794-4792-a0df-31841312b85c,48815,cali,google,Cali,Valle del Cauca,3234811,1,0.15358361774744028,0.09028727770177838,0.04141865079365079,0.0,0.0,\N,\N,\N,\N,\N,\N,\N,\N,3.4599933209899745,-76.53768800709963,2026-08-31T10:29:54Z,2026-08-31
d146b2a4-6794-4792-a0df-31841312b85c,48818,cali,google,Cali,Valle del Cauca,3234814,1,0.5183946488294314,0.1134125636672326,0.04124984562183525,0.0,0.0,\N,\N,\N,\N,\N,\N,\N,\N,3.460106147370937,-76.53769864247452,2026-08-31T10:29:54Z,2026-08-31
d146b2a4-6794-4792-a0df-31841312b85c,49346,cali,google,Cali,Valle del Cauca,3235342,1,0.4072,0.12812793979303858,0.056783123488701744,0.2208,0.0,\N,\N,\N,\N,\N,\N,\N,\N,3.459407645012702,-76.54154779004179,2026-08-31T10:29:54Z,2026-08-31
d146b2a4-6794-4792-a0df-31841312b85c,49445,cali,google,Cali,Valle del Cauca,3235441,1,0.20512820512820512,0.10513546300040437,0.040377771694497674,0.0,0.0,\N,\N,\N,\N,\N,\N,\N,\N,3.45524463919477,-76.54171789969539,2026-08-31T10:29:54Z,2026-08-31
d146b2a4-6794-4792-a0df-31841312b85c,49471,cali,google,Cali,Valle del Cauca,3235467,1,0.45808383233532934,0.09262025694651928,0.03474167880757593,0.02694610778443114,0.0,\N,\N,\N,\N,\N,\N,\N,\N,3.4556440266382498,-76.54154893091147,2026-08-31T10:29:54Z,2026-08-31
d146b2a4-6794-4792-a0df-31841312b85c,50466,cali,google,Cali,Valle del Cauca,3236462,1,0.4939759036144578,0.04296506137865911,0.013663663663663663,0.0,0.0,\N,\N,\N,\N,\N,\N,\N,\N,3.4547200637589675,-76.5539609531576,2026-08-31T10:29:54Z,2026-08-31
d146b2a4-6794-4792-a0df-31841312b85c,52172,cali,google,Cali,Valle del Cauca,3238168,1,0.11864406779661017,0.014219576719576719,0.005209595347710201,0.03389830508474576,0.0,\N,\N,\N,\N,\N,\N,\N,\N,3.4557013966101606,-76.55992155703119,2026-08-31T10:29:54Z,2026-08-31
d146b2a4-6794-4792-a0df-31841312b85c,53374,cali,google,Cali,Valle del Cauca,3239370,1,0.22185430463576158,0.03982300884955752,0.01645813282001925,0.45695364238410596,0.0,\N,\N,\N,\N,\N,\N,\N,\N,3.453241900591547,-76.55855898953682,2026-08-31T10:29:54Z,2026-08-31
d146b2a4-6794-4792-a0df-31841312b85c,53716,cali,google,Cali,Valle del Cauca,3239712,1,0.9214501510574018,0.19629396984924624,0.07324504863471229,0.0,0.0,\N,\N,\N,\N,\N,\N,\N,\N,3.4567341794736617,-76.55920950835012,2026-08-31T10:29:54Z,2026-08-31
d146b2a4-6794-4792-a0df-31841312b85c,54172,cali,google,Cali,Valle del Cauca,3240168,1,0.41006600660066006,0.09249953471058998,0.04146850229453484,0.0,0.0,\N,\N,\N,\N,\N,\N,\N,\N,3.4573840792895356,-76.56089941037575,2026-08-31T10:29:54Z,2026-08-31
d146b2a4-6794-4792-a0df-31841312b85c,54346,cali,google,Cali,Valle del Cauca,3240342,1,0.15666666666666668,0.1906523201075992,0.07658375199117755,0.21333333333333335,0.0,\N,\N,\N,\N,\N,\N,\N,\N,3.4568034917738086,-76.5591303699568,2026-08-31T10:29:54Z,2026-08-31
d146b2a4-6794-4792-a0df-31841312b85c,57427,cali,google,Cali,Valle del Cauca,3243423,1,0.4235294117647059,0.16406619385342788,0.06465712132629993,0.0,0.0,\N,\N,\N,\N,\N,\N,\N,\N,3.4564428842505213,-76.56800814517095,2026-08-31T10:29:54Z,2026-08-31
d146b2a4-6794-4792-a0df-31841312b85c,57733,cali,google,Cali,Valle del Cauca,3243729,1,0.21750663129973474,0.09855839952927331,0.037623539982030545,0.0,0.0,\N,\N,\N,\N,\N,\N,\N,\N,3.4549415807165658,-76.56783343056857,2026-08-31T10:29:54Z,2026-08-31
d146b2a4-6794-4792-a0df-31841312b85c,57737,cali,google,Cali,Valle del Cauca,3243733,1,0.6574074074074074,0.1264628161570404,0.044096353823877846,0.06481481481481481,0.0,\N,\N,\N,\N,\N,\N,\N,\N,3.454974105894883,-76.56777445586039,2026-08-31T10:29:54Z,2026-08-31
d146b2a4-6794-4792-a0df-31841312b85c,57741,cali,google,Cali,Valle del Cauca,3243737,1,0.3178294573643411,0.1425448185395715,0.0480562329651413,0.015503875968992248,0.0,\N,\N,\N,\N,\N,\N,\N,\N,3.4550135851042665,-76.56782154861153,2026-08-31T10:29:54Z,2026-08-31
d146b2a4-6794-4792-a0df-31841312b85c,58047,cali,google,Cali,Valle del Cauca,3244043,1,0.10069444444444445,0.03328998699609883,0.013318073041306836,0.2222222222222222,0.0,\N,\N,\N,\N,\N,\N,\N,\N,3.4535054215759904,-76.56890992281407,2026-08-31T10:29:54Z,2026-08-31
d146b2a4-6794-4792-a0df-31841312b85c,58629,cali,google,Cali,Valle del Cauca,3245424,1,0.42592592592592593,0.030649588289112534,0.00988929889298893,0.0,0.0,\N,\N,\N,\N,\N,\N,\N,\N,3.456996863301923,-76.5742162257047,2026-08-31T10:29:54Z,2026-08-31
d146b2a4-6794-4792-a0df-31841312b85c,58955,cali,google,Cali,Valle del Cauca,3245750,1,0.5679611650485437,0.15364431486880467,0.058849804578447795,0.012135922330097087,0.0,\N,\N,\N,\N,\N,\N,\N,\N,3.4549509722401277,-76.57491078329562,2026-08-31T10:29:54Z,2026-08-31
d146b2a4-6794-4792-a0df-31841312b85c,58957,cali,google,Cali,Valle del Cauca,3245752,1,0.13580246913580246,0.20408163265306123,0.08045801526717557,0.0,0.0,\N,\N,\N,\N,\N,\N,\N,\N,3.45492310807546,-76.57497183344556,2026-08-31T10:29:54Z,2026-08-31
d146b2a4-6794-4792-a0df-31841312b85c,58964,cali,google,Cali,Valle del Cauca,3245759,1,0.6125,0.21404521404521404,0.07998178782819851,0.0,0.0,\N,\N,\N,\N,\N,\N,\N,\N,3.4548795180735374,-76.57490299630112,2026-08-31T10:29:54Z,2026-08-31
d146b2a4-6794-4792-a0df-31841312b85c,59028,cali,google,Cali,Valle del Cauca,3245823,1,0.23976608187134502,0.18454067179279643,0.07233049684326105,0.0,0.0,\N,\N,\N,\N,\N,\N,\N,\N,3.4550092439780413,-76.57488593172323,2026-08-31T10:29:54Z,2026-08-31
d146b2a4-6794-4792-a0df-31841312b85c,60262,cali,google,Cali,Valle del Cauca,3253513,1,0.7063492063492064,0.10306704707560628,0.03676844783715013,0.0,0.0,\N,\N,\N,\N,\N,\N,\N,\N,3.5201984725039868,-76.60974092479626,2026-08-31T10:29:54Z,2026-08-31
d146b2a4-6794-4792-a0df-31841312b85c,62159,cali,google,Cali,Valle del Cauca,3261920,1,0.3372093023255814,0.025020177562550445,0.008500137098985467,0.0,0.0,\N,\N,\N,\N,\N,\N,\N,\N,3.455566982144919,-76.5817671605311,2026-08-31T10:29:54Z,2026-08-31
d146b2a4-6794-4792-a0df-31841312b85c,62201,cali,google,Cali,Valle del Cauca,3261962,1,0.8809523809523809,0.39473684210526316,0.1418371550185363,0.0,0.0,\N,\N,\N,\N,\N,\N,\N,\N,3.459479741006202,-76.58324954607602,2026-08-31T10:29:54Z,2026-08-31
d146b2a4-6794-4792-a0df-31841312b85c,62215,cali,google,Cali,Valle del Cauca,3261976,1,0.4620991253644315,0.17971500419111483,0.08507995652848936,0.03206997084548105,0.0,\N,\N,\N,\N,\N,\N,\N,\N,3.4595407503699085,-76.58333812860648,2026-08-31T10:29:54Z,2026-08-31
d146b2a4-6794-4792-a0df-31841312b85c,62780,cali,google,Cali,Valle del Cauca,3305476,1,0.8529886914378029,0.5697600339774899,0.3754735360969802,0.0,0.0,\N,\N,\N,\N,\N,\N,\N,\N,3.450679154459991,-76.47202177932779,2026-08-31T10:29:54Z,2026-08-31
d146b2a4-6794-4792-a0df-31841312b85c,62781,cali,google,Cali,Valle del Cauca,3305477,1,1.0,0.7655849701110162,0.5718141781503054,0.0,0.0,\N,\N,\N,\N,\N,\N,\N,\N,3.450845771793727,-76.47209096972053,2026-08-31T10:29:54Z,2026-08-31
d146b2a4-6794-4792-a0df-31841312b85c,62782,cali,google,Cali,Valle del Cauca,3305478,1,1.0,0.7667881311816762,0.622500793398921,0.0,0.0,\N,\N,\N,\N,\N,\N,\N,\N,3.450873251931675,-76.47207578118663,2026-08-31T10:29:54Z,2026-08-31
d146b2a4-6794-4792-a0df-31841312b85c,62783,cali,google,Cali,Valle del Cauca,3305479,1,1.0,0.572289156626506,0.36081402257872847,0.0,0.0,\N,\N,\N,\N,\N,\N,\N,\N,3.450475432737589,-76.47207152100161,2026-08-31T10:29:54Z,2026-08-31
d146b2a4-6794-4792-a0df-31841312b85c,62785,cali,google,Cali,Valle del Cauca,3305481,1,1.0,0.7898886827458256,0.6491671624033314,0.0,0.0,\N,\N,\N,\N,\N,\N,\N,\N,3.450895569150957,-76.47205058699122,2026-08-31T10:29:54Z,2026-08-31
d146b2a4-6794-4792-a0df-31841312b85c,62787,cali,google,Cali,Valle del Cauca,3305483,1,1.0,0.768429820907955,0.6379527338833729,0.0,0.0,\N,\N,\N,\N,\N,\N,\N,\N,3.4509243416735877,-76.47201574278822,2026-08-31T10:29:54Z,2026-08-31
d146b2a4-6794-4792-a0df-31841312b85c,62788,cali,google,Cali,Valle del Cauca,3305484,1,0.2802937576499388,0.3560364464692483,0.3390512697652132,0.0,0.0,\N,\N,\N,\N,\N,\N,\N,\N,3.4506872165576272,-76.47185838057158,2026-08-31T10:29:54Z,2026-08-31
d146b2a4-6794-4792-a0df-31841312b85c,62859,cali,google,Cali,Valle del Cauca,3305555,1,0.7023411371237458,0.2222222222222222,0.09089998998898789,0.0,0.0,\N,\N,\N,\N,\N,\N,\N,\N,3.451445803395969,-76.47539294624522,2026-08-31T10:29:54Z,2026-08-31
d146b2a4-6794-4792-a0df-31841312b85c,62885,cali,google,Cali,Valle del Cauca,3305581,1,0.5882352941176471,0.647656940760389,0.5932841221595021,0.0,0.0,\N,\N,\N,\N,\N,\N,\N,\N,3.4509569976428396,-76.47194753894983,2026-08-31T10:29:54Z,2026-08-31
d146b2a4-6794-4792-a0df-31841312b85c,62890,cali,google,Cali,Valle del Cauca,3305586,1,0.8888888888888888,0.5402699172834131,0.48641304347826086,0.0,0.0,\N,\N,\N,\N,\N,\N,\N,\N,3.451008830264287,-76.47210630553154,2026-08-31T10:29:54Z,2026-08-31
d146b2a4-6794-4792-a0df-31841312b85c,62893,cali,google,Cali,Valle del Cauca,3305589,1,1.0,0.6650821089023337,0.521188850967008,0.0,0.0,\N,\N,\N,\N,\N,\N,\N,\N,3.451030038075433,-76.47207840450243,2026-08-31T10:29:54Z,2026-08-31
d146b2a4-6794-4792-a0df-31841312b85c,62896,cali,google,Cali,Valle del Cauca,3305592,1,1.0,0.9672289156626506,0.5890660592255126,0.0,0.0,\N,\N,\N,\N,\N,\N,\N,\N,3.4510516774108955,-76.47201409510473,2026-08-31T10:29:54Z,2026-08-31
d146b2a4-6794-4792-a0df-31841312b85c,62897,cali,google,Cali,Valle del Cauca,3305593,1,1.0,0.9175170068027211,0.5479316673725823,0.0,0.0,\N,\N,\N,\N,\N,\N,\N,\N,3.4510814745453606,-76.47195587806318,2026-08-31T10:29:54Z,2026-08-31
d146b2a4-6794-4792-a0df-31841312b85c,62899,cali,google,Cali,Valle del Cauca,3305595,1,0.7011494252873564,0.5077647058823529,0.4415506660679539,0.0,0.0,\N,\N,\N,\N,\N,\N,\N,\N,3.451098803718822,-76.47210124605033,2026-08-31T10:29:54Z,2026-08-31
d146b2a4-6794-4792-a0df-31841312b85c,62903,cali,google,Cali,Valle del Cauca,3305599,1,1.0,0.7621621621621621,0.5475529583637692,0.0,0.0,\N,\N,\N,\N,\N,\N,\N,\N,3.4511553762344143,-76.47192607718827,2026-08-31T10:29:54Z,2026-08-31
d146b2a4-6794-4792-a0df-31841312b85c,62906,cali,google,Cali,Valle del Cauca,3305602,1,0.3230769230769231,0.2944693572496263,0.320427443085024,0.0,0.0,\N,\N,\N,\N,\N,\N,\N,\N,3.4510660156140425,-76.4721556474597,2026-08-31T10:29:54Z,2026-08-31
d146b2a4-6794-4792-a0df-31841312b85c,62907,cali,google,Cali,Valle del Cauca,3305603,1,0.25892857142857145,0.42689295039164493,0.4465894465894466,0.0,0.0,\N,\N,\N,\N,\N,\N,\N,\N,3.450987308234596,-76.47213298759837,2026-08-31T10:29:54Z,2026-08-31
d146b2a4-6794-4792-a0df-31841312b85c,62908,cali,google,Cali,Valle del Cauca,3305604,1,0.7471264367816092,0.5332,0.4415495839585323,0.0,0.0,\N,\N,\N,\N,\N,\N,\N,\N,3.451093257268649,-76.47187757294955,2026-08-31T10:29:54Z,2026-08-31
d146b2a4-6794-4792-a0df-31841312b85c,62909,cali,google,Cali,Valle del Cauca,3305605,1,0.15730337078651685,0.31705364291433147,0.43662933624692707,0.0,0.0,\N,\N,\N,\N,\N,\N,\N,\N,3.4509698265777606,-76.47187649517315,2026-08-31T10:29:54Z,2026-08-31
d146b2a4-6794-4792-a0df-31841312b85c,62910,cali,google,Cali,Valle del Cauca,3305606,1,1.0,0.9006179196704428,0.5869565217391305,0.0,0.0,\N,\N,\N,\N,\N,\N,\N,\N,3.45103662045644,-76.47204318758315,2026-08-31T10:29:54Z,2026-08-31
d146b2a4-6794-4792-a0df-31841312b85c,62922,cali,google,Cali,Valle del Cauca,3305618,1,0.25146198830409355,0.07608008429926238,0.0870105655686762,0.0,0.0,\N,\N,\N,\N,\N,\N,\N,\N,3.4506975728363036,-76.47232785847035,2026-08-31T10:29:54Z,2026-08-31
d146b2a4-6794-4792-a0df-31841312b85c,62929,cali,google,Cali,Valle del Cauca,3305625,1,0.44886363636363635,0.40899864682002707,0.2968313706446522,0.0,0.0,\N,\N,\N,\N,\N,\N,\N,\N,3.450492591336475,-76.47214812047987,2026-08-31T10:29:54Z,2026-08-31
d146b2a4-6794-4792-a0df-31841312b85c,62932,cali,google,Cali,Valle del Cauca,3305628,1,0.9072847682119205,0.575885328836425,0.5051907968574635,0.0,0.0,\N,\N,\N,\N,\N,\N,\N,\N,3.450733007646018,-76.47213729413511,2026-08-31T10:29:54Z,2026-08-31
d146b2a4-6794-4792-a0df-31841312b85c,62933,cali,google,Cali,Valle del Cauca,3305629,1,1.0,0.7091069849690539,0.5140295053514609,0.0,0.0,\N,\N,\N,\N,\N,\N,\N,\N,3.4507960975462098,-76.47212474185588,2026-08-31T10:29:54Z,2026-08-31
d146b2a4-6794-4792-a0df-31841312b85c,63051,cali,google,Cali,Valle del Cauca,3305747,1,0.171875,0.07152089616544594,0.023636622525986046,0.0,0.0,\N,\N,\N,\N,\N,\N,\N,\N,3.449802475657691,-76.47631327194604,2026-08-31T10:29:54Z,2026-08-31
d146b2a4-6794-4792-a0df-31841312b85c,63123,cali,google,Cali,Valle del Cauca,3305819,1,0.2808219178082192,0.2935936964713943,0.16097500618658747,0.0,0.0,\N,\N,\N,\N,\N,\N,\N,\N,3.4497899464700597,-76.4689533857018,2026-08-31T10:29:54Z,2026-08-31
d146b2a4-6794-4792-a0df-31841312b85c,63250,cali,google,Cali,Valle del Cauca,3305946,1,0.3695652173913043,0.022278481012658228,0.006821705426356589,0.5869565217391305,0.0,\N,\N,\N,\N,\N,\N,\N,\N,3.447784873574526,-76.47508924549149,2026-08-31T10:29:54Z,2026-08-31
d146b2a4-6794-4792-a0df-31841312b85c,63465,cali,google,Cali,Valle del Cauca,3306161,1,0.2849462365591398,0.13259668508287292,0.04658987964281092,0.0,0.0,\N,\N,\N,\N,\N,\N,\N,\N,3.4469277931867324,-76.4715661804154,2026-08-31T10:29:54Z,2026-08-31
d146b2a4-6794-4792-a0df-31841312b85c,64642,cali,google,Cali,Valle del Cauca,3309322,1,0.63671875,0.1890380313199105,0.0775626299092003,0.0,0.0,\N,\N,\N,\N,\N,\N,\N,\N,3.4319876954740445,-76.46164673954308,2026-08-31T10:29:54Z,2026-08-31
d146b2a4-6794-4792-a0df-31841312b85c,64651,cali,google,Cali,Valle del Cauca,3309331,1,0.11403508771929824,0.27685393258426966,0.09868613138686132,0.0,0.0,\N,\N,\N,\N,\N,\N,\N,\N,3.431959826081736,-76.46158485105833,2026-08-31T10:29:54Z,2026-08-31
d146b2a4-6794-4792-a0df-31841312b85c,64659,cali,google,Cali,Valle del Cauca,3309339,1,0.3909348441926346,0.34711779448621555,0.2579625292740047,0.0,0.0,\N,\N,\N,\N,\N,\N,\N,\N,3.432366456605072,-76.46147490437447,2026-08-31T10:29:54Z,2026-08-31
d146b2a4-6794-4792-a0df-31841312b85c,64665,cali,google,Cali,Valle del Cauca,3309345,1,1.0,0.6721192293711378,0.34959558351521375,0.0,0.0,\N,\N,\N,\N,\N,\N,\N,\N,3.432200464720957,-76.46141485726156,2026-08-31T10:29:54Z,2026-08-31
d146b2a4-6794-4792-a0df-31841312b85c,64677,cali,google,Cali,Valle del Cauca,3309357,1,1.0,0.5048395313295976,0.344180225281602,0.0,0.0,\N,\N,\N,\N,\N,\N,\N,\N,3.432152254571556,-76.46133580782798,2026-08-31T10:29:54Z,2026-08-31
d146b2a4-6794-4792-a0df-31841312b85c,66678,cali,google,Cali,Valle del Cauca,3313148,1,0.13157894736842105,0.09204857030943987,0.03161576752320732,0.0,0.0,\N,\N,\N,\N,\N,\N,\N,\N,3.4444743650321854,-76.46046283228978,2026-08-31T10:29:54Z,2026-08-31
d146b2a4-6794-4792-a0df-31841312b85c,66680,cali,google,Cali,Valle del Cauca,3313150,1,0.1875,0.11374636979670862,0.03581225236208473,0.0,0.0,\N,\N,\N,\N,\N,\N,\N,\N,3.444602669025309,-76.46043695314822,2026-08-31T10:29:54Z,2026-08-31
d146b2a4-6794-4792-a0df-31841312b85c,66683,cali,google,Cali,Valle del Cauca,3313153,1,0.7938144329896907,0.10794671566375746,0.03475303164744158,0.0,0.0,\N,\N,\N,\N,\N,\N,\N,\N,3.4445343370603467,-76.46041428639933,2026-08-31T10:29:54Z,2026-08-31
d146b2a4-6794-4792-a0df-31841312b85c,67363,cali,google,Cali,Valle del Cauca,3313833,1,0.23897911832946636,0.20526014865637507,0.1171101825379371,0.26218097447795824,0.0,\N,\N,\N,\N,\N,\N,\N,\N,3.4191753010949584,-76.47140344772428,2026-08-31T10:29:54Z,2026-08-31
d146b2a4-6794-4792-a0df-31841312b85c,67364,cali,google,Cali,Valle del Cauca,3313834,1,0.31784841075794623,0.19536231884057972,0.11813643926788686,0.05867970660146699,0.0,\N,\N,\N,\N,\N,\N,\N,\N,3.4192330724691256,-76.47137511565172,2026-08-31T10:29:54Z,2026-08-31
d146b2a4-6794-4792-a0df-31841312b85c,67369,cali,google,Cali,Valle del Cauca,3313839,1,0.9596977329974811,0.3056126946811637,0.11919418019026301,0.0,0.0,\N,\N,\N,\N,\N,\N,\N,\N,3.419100307249994,-76.47127496900592,2026-08-31T10:29:54Z,2026-08-31
d146b2a4-6794-4792-a0df-31841312b85c,67374,cali,google,Cali,Valle del Cauca,3313844,1,0.4361111111111111,0.2961661341853035,0.12725534711435058,0.0,0.0,\N,\N,\N,\N,\N,\N,\N,\N,3.4191581490025396,-76.47121308495095,2026-08-31T10:29:54Z,2026-08-31
d146b2a4-6794-4792-a0df-31841312b85c,68306,cali,google,Cali,Valle del Cauca,3315672,1,0.13064133016627077,0.01602097290999126,0.006140448810985821,0.0,0.0,\N,\N,\N,\N,\N,\N,\N,\N,3.4199638285381946,-76.47458645848253,2026-08-31T10:29:54Z,2026-08-31
d146b2a4-6794-4792-a0df-31841312b85c,69309,cali,google,Cali,Valle del Cauca,3317465,1,0.3026052104208417,0.13295880149812733,0.052692960135708226,0.06613226452905811,0.0,\N,\N,\N,\N,\N,\N,\N,\N,3.4302577304440454,-76.47158462134178,2026-08-31T10:29:54Z,2026-08-31
d146b2a4-6794-4792-a0df-31841312b85c,69711,cali,google,Cali,Valle del Cauca,3317867,1,0.1450381679389313,0.10372960372960373,0.0759106620579633,0.0,0.0,\N,\N,\N,\N,\N,\N,\N,\N,3.429835902790424,-76.47196311230319,2026-08-31T10:29:54Z,2026-08-31
d146b2a4-6794-4792-a0df-31841312b85c,69724,cali,google,Cali,Valle del Cauca,3317880,1,0.17829457364341086,0.14296636085626913,0.049210526315789475,0.0,0.0,\N,\N,\N,\N,\N,\N,\N,\N,3.4296638737154033,-76.47218044996167,2026-08-31T10:29:54Z,2026-08-31
d146b2a4-6794-4792-a0df-31841312b85c,72051,cali,google,Cali,Valle del Cauca,3320964,1,0.10139860139860139,0.025544959128065394,0.00926497838171711,0.08041958041958042,0.0,\N,\N,\N,\N,\N,\N,\N,\N,3.4323460102506647,-76.4673050677603,2026-08-31T10:29:54Z,2026-08-31
d146b2a4-6794-4792-a0df-31841312b85c,72186,cali,google,Cali,Valle del Cauca,3321099,1,0.10625,0.024777006937561942,0.009085402786190187,0.05,0.0,\N,\N,\N,\N,\N,\N,\N,\N,3.4324178027615515,-76.46732119101932,2026-08-31T10:29:54Z,2026-08-31
d146b2a4-6794-4792-a0df-31841312b85c,73118,cali,google,Cali,Valle del Cauca,3325712,1,0.14420062695924765,0.09852216748768473,0.03616200578592092,0.05329153605015674,0.0,\N,\N,\N,\N,\N,\N,\N,\N,3.4304727164013613,-76.46169021024546,2026-08-31T10:29:54Z,2026-08-31
d146b2a4-6794-4792-a0df-31841312b85c,73120,cali,google,Cali,Valle del Cauca,3325714,1,0.18826219512195122,0.05404431633939831,0.024404132433092005,0.0,0.0,\N,\N,\N,\N,\N,\N,\N,\N,3.4305273940325676,-76.46154953037852,2026-08-31T10:29:54Z,2026-08-31
d146b2a4-6794-4792-a0df-31841312b85c,73481,cali,google,Cali,Valle del Cauca,3326095,1,0.7569721115537849,0.1546863988724454,0.055289672544080605,0.00398406374501992,0.0,\N,\N,\N,\N,\N,\N,\N,\N,3.424603085365541,-76.46234753174005,2026-08-31T10:29:54Z,2026-08-31
d146b2a4-6794-4792-a0df-31841312b85c,73482,cali,google,Cali,Valle del Cauca,3326096,1,0.24829157175398633,0.13026706231454005,0.04977888649506747,0.025056947608200455,0.0,\N,\N,\N,\N,\N,\N,\N,\N,3.424602370340014,-76.46227094551018,2026-08-31T10:29:54Z,2026-08-31
d146b2a4-6794-4792-a0df-31841312b85c,73524,cali,google,Cali,Valle del Cauca,3326138,1,0.1871345029239766,0.09805427547363031,0.044763944121545836,0.21052631578947367,0.0,\N,\N,\N,\N,\N,\N,\N,\N,3.4246616955921527,-76.4623964134731,2026-08-31T10:29:54Z,2026-08-31
d146b2a4-6794-4792-a0df-31841312b85c,77011,cali,google,Cali,Valle del Cauca,3333183,1,0.4049586776859504,0.10233993314476729,0.04069945802229267,0.012396694214876033,0.0,\N,\N,\N,\N,\N,\N,\N,\N,3.415501249379834,-76.46497887740324,2026-08-31T10:29:54Z,2026-08-31
d146b2a4-6794-4792-a0df-31841312b85c,77014,cali,google,Cali,Valle del Cauca,3333186,1,0.21525885558583105,0.12421972534332085,0.04664791373652133,0.0,0.0,\N,\N,\N,\N,\N,\N,\N,\N,3.4153944140603056,-76.46490769971288,2026-08-31T10:29:54Z,2026-08-31
d146b2a4-6794-4792-a0df-31841312b85c,77687,cali,google,Cali,Valle del Cauca,3333902,1,0.21153846153846154,0.15994562754870864,0.06731662024141133,0.16783216783216784,0.0,\N,\N,\N,\N,\N,\N,\N,\N,3.4186882041406057,-76.46222538083703,2026-08-31T10:29:54Z,2026-08-31
d146b2a4-6794-4792-a0df-31841312b85c,77689,cali,google,Cali,Valle del Cauca,3333904,1,0.14049586776859505,0.18747281426707263,0.10424155283968368,0.0,0.0,\N,\N,\N,\N,\N,\N,\N,\N,3.4188085605483236,-76.46227945912585,2026-08-31T10:29:54Z,2026-08-31
d146b2a4-6794-4792-a0df-31841312b85c,77692,cali,google,Cali,Valle del Cauca,3333907,1,0.21465968586387435,0.17665615141955837,0.06037735849056604,0.0,0.0,\N,\N,\N,\N,\N,\N,\N,\N,3.4183927336796724,-76.46224782579216,2026-08-31T10:29:54Z,2026-08-31
d146b2a4-6794-4792-a0df-31841312b85c,77876,cali,google,Cali,Valle del Cauca,3334091,1,0.5675675675675675,0.14271457085828343,0.04433421175011626,0.0,0.0,\N,\N,\N,\N,\N,\N,\N,\N,3.4157904260829834,-76.46462811971487,2026-08-31T10:29:54Z,2026-08-31
d146b2a4-6794-4792-a0df-31841312b85c,77907,cali,google,Cali,Valle del Cauca,3334122,1,0.16806722689075632,0.12494461674789543,0.041317538283733024,0.0,0.0,\N,\N,\N,\N,\N,\N,\N,\N,3.4158317716004105,-76.464661519611,2026-08-31T10:29:54Z,2026-08-31
d146b2a4-6794-4792-a0df-31841312b85c,77918,cali,google,Cali,Valle del Cauca,3334133,1,0.35428571428571426,0.110254433307633,0.03791594856158027,0.0,0.0,\N,\N,\N,\N,\N,\N,\N,\N,3.41573594579181,-76.46458554529914,2026-08-31T10:29:54Z,2026-08-31
d146b2a4-6794-4792-a0df-31841312b85c,78039,cali,google,Cali,Valle del Cauca,3334349,1,1.0,0.7826817990752417,0.39446607341490547,0.0,0.0,\N,\N,\N,\N,\N,\N,\N,\N,3.447790178111558,-76.46219221544119,2026-08-31T10:29:54Z,2026-08-31
d146b2a4-6794-4792-a0df-31841312b85c,78426,cali,google,Cali,Valle del Cauca,3334736,1,0.125,0.20234291799787008,0.12059158134243458,0.0,0.0,\N,\N,\N,\N,\N,\N,\N,\N,3.4405359739041326,-76.46343002476222,2026-08-31T10:29:54Z,2026-08-31
d146b2a4-6794-4792-a0df-31841312b85c,78464,cali,google,Cali,Valle del Cauca,3334774,1,0.8929503916449086,0.1386838868388684,0.05229591836734694,0.0,0.0,\N,\N,\N,\N,\N,\N,\N,\N,3.4434330792468972,-76.46390601393233,2026-08-31T10:29:54Z,2026-08-31
d146b2a4-6794-4792-a0df-31841312b85c,78826,cali,google,Cali,Valle del Cauca,3335136,1,0.15047619047619049,0.07006789890607318,0.03765266305174074,0.30612244897959184,0.0,\N,\N,\N,\N,\N,\N,\N,\N,3.4362139963827896,-76.46657234207666,2026-08-31T10:29:54Z,2026-08-31
d146b2a4-6794-4792-a0df-31841312b85c,81866,cali,google,Cali,Valle del Cauca,3341902,1,0.17916666666666667,0.06581059390048154,0.024111973653258057,0.36666666666666664,0.0,\N,\N,\N,\N,\N,\N,\N,\N,3.421495977876897,-76.47175954522915,2026-08-31T10:29:54Z,2026-08-31
d146b2a4-6794-4792-a0df-31841312b85c,81867,cali,google,Cali,Valle del Cauca,3341903,1,0.21345707656612528,0.058772935779816515,0.022621937762083426,0.0,0.0,\N,\N,\N,\N,\N,\N,\N,\N,3.4215350974256684,-76.47173297345266,2026-08-31T10:29:54Z,2026-08-31
d146b2a4-6794-4792-a0df-31841312b85c,81902,cali,google,Cali,Valle del Cauca,3341938,1,0.1497005988023952,0.08272692454998085,0.028609271523178808,0.10179640718562874,0.0,\N,\N,\N,\N,\N,\N,\N,\N,3.4231594510943175,-76.47248717580608,2026-08-31T10:29:54Z,2026-08-31
d146b2a4-6794-4792-a0df-31841312b85c,82233,cali,google,Cali,Valle del Cauca,3342269,1,0.3233082706766917,0.0410958904109589,0.015547621789704019,0.002506265664160401,0.0,\N,\N,\N,\N,\N,\N,\N,\N,3.4242273150126157,-76.47419404901315,2026-08-31T10:29:54Z,2026-08-31
d146b2a4-6794-4792-a0df-31841312b85c,84398,cali,google,Cali,Valle del Cauca,3344760,1,0.4700460829493088,0.059705797519469285,0.02293628808864266,0.195852534562212,0.0,\N,\N,\N,\N,\N,\N,\N,\N,3.4343908958143152,-76.47464106366232,2026-08-31T10:29:54Z,2026-08-31
d146b2a4-6794-4792-a0df-31841312b85c,88582,cali,google,Cali,Valle del Cauca,3348944,1,0.5607940446650124,0.1052335396736072,0.04063450673620165,0.0,0.0,\N,\N,\N,\N,\N,\N,\N,\N,3.4246366933388677,-76.47380178003966,2026-08-31T10:29:54Z,2026-08-31
d146b2a4-6794-4792-a0df-31841312b85c,89293,cali,google,Cali,Valle del Cauca,3351121,1,0.13229571984435798,0.013844515441959531,0.004929844520288207,0.0,0.0,\N,\N,\N,\N,\N,\N,\N,\N,3.430933625626527,-76.47913097872569,2026-08-31T10:29:54Z,2026-08-31
d146b2a4-6794-4792-a0df-31841312b85c,89375,cali,google,Cali,Valle del Cauca,3351203,1,0.5,0.08618843683083512,0.025942636158556236,0.0,0.0,\N,\N,\N,\N,\N,\N,\N,\N,3.4285788073295107,-76.47745971158555,2026-08-31T10:29:54Z,2026-08-31
d146b2a4-6794-4792-a0df-31841312b85c,89443,cali,google,Cali,Valle del Cauca,3351271,1,0.8378378378378378,0.16703786191536749,0.05862428348097968,0.0,0.0,\N,\N,\N,\N,\N,\N,\N,\N,3.4311315181461017,-76.47719379878392,2026-08-31T10:29:54Z,2026-08-31
d146b2a4-6794-4792-a0df-31841312b85c,89444,cali,google,Cali,Valle del Cauca,3351272,1,0.14563106796116504,0.14354066985645933,0.05311614730878187,0.016181229773462782,0.0,\N,\N,\N,\N,\N,\N,\N,\N,3.431195605285172,-76.47719769096307,2026-08-31T10:29:54Z,2026-08-31
d146b2a4-6794-4792-a0df-31841312b85c,89815,cali,google,Cali,Valle del Cauca,3351643,1,0.10625,0.09639530174159579,0.03258488499452355,0.0,0.0,\N,\N,\N,\N,\N,\N,\N,\N,3.4300849749727944,-76.4781528828084,2026-08-31T10:29:54Z,2026-08-31
d146b2a4-6794-4792-a0df-31841312b85c,90230,cali,google,Cali,Valle del Cauca,3444237,1,0.1484480431848853,0.303956043956044,0.32668076887703484,0.5384615384615384,0.0,\N,\N,\N,\N,\N,\N,\N,\N,3.4166942060829903,-76.53909096324587,2026-08-31T10:29:54Z,2026-08-31
d146b2a4-6794-4792-a0df-31841312b85c,90944,cali,google,Cali,Valle del Cauca,3445086,1,0.7968036529680366,0.5522501906941266,0.3112750415853041,0.04965753424657534,0.0,\N,\N,\N,\N,\N,\N,\N,\N,3.4168297374592704,-76.53924444400195,2026-08-31T10:29:54Z,2026-08-31
d146b2a4-6794-4792-a0df-31841312b85c,90952,cali,google,Cali,Valle del Cauca,3445094,1,0.24865446716899892,0.2514792899408284,0.23574995694851042,0.10979547900968784,0.0,\N,\N,\N,\N,\N,\N,\N,\N,3.4167966445899323,-76.5390615472452,2026-08-31T10:29:54Z,2026-08-31
d146b2a4-6794-4792-a0df-31841312b85c,91419,cali,google,Cali,Valle del Cauca,3445586,1,0.0,0.0,0.0,0.5920461834509301,0.0,\N,\N,\N,\N,\N,\N,\N,\N,3.4233493442071325,-76.53399452674456,2026-08-31T10:29:54Z,2026-08-31
d146b2a4-6794-4792-a0df-31841312b85c,91713,cali,google,Cali,Valle del Cauca,3445880,1,0.9530638852672751,0.5253584421142735,0.37525996925580973,0.0,0.0,\N,\N,\N,\N,\N,\N,\N,\N,3.4214424936589336,-76.53464981385083,2026-08-31T10:29:54Z,2026-08-31
d146b2a4-6794-4792-a0df-31841312b85c,92654,cali,google,Cali,Valle del Cauca,3446821,1,0.11931119311193111,0.043522267206477734,0.01855687899188676,0.4797047970479705,0.0,\N,\N,\N,\N,\N,\N,\N,\N,3.444720866747338,-76.51609237963687,2026-08-31T10:29:54Z,2026-08-31
d146b2a4-6794-4792-a0df-31841312b85c,95789,cali,google,Cali,Valle del Cauca,3451815,1,0.2926829268292683,0.011450381679389313,0.003628666465074085,0.0,0.0,\N,\N,\N,\N,\N,\N,\N,\N,3.4234606942490324,-76.52701416901306,2026-08-31T10:29:54Z,2026-08-31
d146b2a4-6794-4792-a0df-31841312b85c,97123,cali,google,Cali,Valle del Cauca,3456148,1,1.0,0.18777643747486933,0.06369339879978178,0.0,0.0,\N,\N,\N,\N,\N,\N,\N,\N,3.42660809154365,-76.53869285888393,2026-08-31T10:29:54Z,2026-08-31
d146b2a4-6794-4792-a0df-31841312b85c,97124,cali,google,Cali,Valle del Cauca,3456149,1,0.7365269461077845,0.18732450862414762,0.06365866957470011,0.0,0.0,\N,\N,\N,\N,\N,\N,\N,\N,3.4266235265407214,-76.5387344518828,2026-08-31T10:29:54Z,2026-08-31
d146b2a4-6794-4792-a0df-31841312b85c,98050,cali,google,Cali,Valle del Cauca,3457075,1,0.6794871794871795,0.13066906151773686,0.04210069444444445,0.038461538461538464,0.0,\N,\N,\N,\N,\N,\N,\N,\N,3.4319507159946663,-76.53825738898763,2026-08-31T10:29:54Z,2026-08-31
d146b2a4-6794-4792-a0df-31841312b85c,98462,cali,google,Cali,Valle del Cauca,3457487,1,0.32952138924184665,0.10197928955302137,0.050545738045738045,0.0770859805167302,0.0,\N,\N,\N,\N,\N,\N,\N,\N,3.4314234544464024,-76.51454258930005,2026-08-31T10:29:54Z,2026-08-31
d146b2a4-6794-4792-a0df-31841312b85c,99081,cali,google,Cali,Valle del Cauca,3458106,1,0.10277777777777777,0.1125866050808314,0.04370321444297666,0.10277777777777777,0.0,\N,\N,\N,\N,\N,\N,\N,\N,3.433480106537949,-76.51701127132418,2026-08-31T10:29:54Z,2026-08-31
d146b2a4-6794-4792-a0df-31841312b85c,99087,cali,google,Cali,Valle del Cauca,3458112,1,0.7485380116959064,0.15783034257748776,0.05475106881809406,0.0,0.0,\N,\N,\N,\N,\N,\N,\N,\N,3.433389964770717,-76.51691910781406,2026-08-31T10:29:54Z,2026-08-31
d146b2a4-6794-4792-a0df-31841312b85c,99090,cali,google,Cali,Valle del Cauca,3458115,1,0.7258064516129032,0.20268872802481902,0.06274695748379959,0.0,0.0,\N,\N,\N,\N,\N,\N,\N,\N,3.433447343057353,-76.51690151700639,2026-08-31T10:29:54Z,2026-08-31
d146b2a4-6794-4792-a0df-31841312b85c,99099,cali,google,Cali,Valle del Cauca,3458124,1,0.3333333333333333,0.20682187330806714,0.0646053702196908,0.0,0.0,\N,\N,\N,\N,\N,\N,\N,\N,3.4333938582773107,-76.51697013696302,2026-08-31T10:29:54Z,2026-08-31
d146b2a4-6794-4792-a0df-31841312b85c,100128,cali,google,Cali,Valle del Cauca,3459153,1,0.4418604651162791,0.1079761258817146,0.03240514574173587,0.0,0.0,\N,\N,\N,\N,\N,\N,\N,\N,3.4263950549811457,-76.51654897575057,2026-08-31T10:29:54Z,2026-08-31
d146b2a4-6794-4792-a0df-31841312b85c,101006,cali,google,Cali,Valle del Cauca,3461910,1,0.6366782006920415,0.23581011351909184,0.0919147224456959,0.1522491349480969,0.0,\N,\N,\N,\N,\N,\N,\N,\N,3.434630699191708,-76.52574947067556,2026-08-31T10:29:54Z,2026-08-31
d146b2a4-6794-4792-a0df-31841312b85c,102610,cali,google,Cali,Valle del Cauca,3463514,1,0.8009950248756219,0.29199648197009676,0.11148421759570182,0.0,0.0,\N,\N,\N,\N,\N,\N,\N,\N,3.4476891878522595,-76.5277797436567,2026-08-31T10:29:54Z,2026-08-31
d146b2a4-6794-4792-a0df-31841312b85c,103179,cali,google,Cali,Valle del Cauca,3464083,1,0.6213592233009708,0.3475080018289895,0.11913889708050722,0.0,0.0,\N,\N,\N,\N,\N,\N,\N,\N,3.444526112889361,-76.52848671359551,2026-08-31T10:29:54Z,2026-08-31
d146b2a4-6794-4792-a0df-31841312b85c,103217,cali,google,Cali,Valle del Cauca,3464121,1,0.299057412167952,0.15065913370998116,0.06777386344573058,0.12082262210796915,0.0,\N,\N,\N,\N,\N,\N,\N,\N,3.4444461939501427,-76.52843508060842,2026-08-31T10:29:54Z,2026-08-31
d146b2a4-6794-4792-a0df-31841312b85c,103218,cali,google,Cali,Valle del Cauca,3464122,1,0.41232227488151657,0.17279821627647715,0.10493506493506494,0.0,0.0,\N,\N,\N,\N,\N,\N,\N,\N,3.4444607629226573,-76.52859139761561,2026-08-31T10:29:54Z,2026-08-31
d146b2a4-6794-4792-a0df-31841312b85c,104750,cali,google,Cali,Valle del Cauca,3465654,1,0.5819209039548022,0.07779074290159471,0.026755852842809364,0.0,0.0,\N,\N,\N,\N,\N,\N,\N,\N,3.440770421997464,-76.54054233702121,2026-08-31T10:29:54Z,2026-08-31
d146b2a4-6794-4792-a0df-31841312b85c,107026,cali,google,Cali,Valle del Cauca,3469453,1,0.24302325581395348,0.10212765957446808,0.0429823734564992,0.0,0.0,\N,\N,\N,\N,\N,\N,\N,\N,3.417954377157467,-76.52030485230277,2026-08-31T10:29:54Z,2026-08-31
d146b2a4-6794-4792-a0df-31841312b85c,107798,cali,google,Cali,Valle del Cauca,3470225,1,0.5015625,0.2437880918893577,0.11540108478447045,0.0,0.0,\N,\N,\N,\N,\N,\N,\N,\N,3.4150844056178946,-76.51451148364849,2026-08-31T10:29:54Z,2026-08-31
d146b2a4-6794-4792-a0df-31841312b85c,112831,cali,google,Cali,Valle del Cauca,3476467,1,0.18503937007874016,0.057062876830318694,0.02406247162444384,0.03674540682414698,0.0,\N,\N,\N,\N,\N,\N,\N,\N,3.4520505808269086,-76.52169615196499,2026-08-31T10:29:54Z,2026-08-31
d146b2a4-6794-4792-a0df-31841312b85c,119418,cali,google,Cali,Valle del Cauca,3485571,1,0.15625,0.12558575445173384,0.06912657636618402,0.0,0.0,\N,\N,\N,\N,\N,\N,\N,\N,3.4248292601123773,-76.53331152090347,2026-08-31T10:29:54Z,2026-08-31
d146b2a4-6794-4792-a0df-31841312b85c,119421,cali,google,Cali,Valle del Cauca,3485574,1,0.31225296442687744,0.20088225313878522,0.07262021589793916,0.0,0.0,\N,\N,\N,\N,\N,\N,\N,\N,3.4248811554540897,-76.53318074947295,2026-08-31T10:29:54Z,2026-08-31
d146b2a4-6794-4792-a0df-31841312b85c,119434,cali,google,Cali,Valle del Cauca,3485587,1,0.35778175313059035,0.11332312404287902,0.05023334747560458,0.16279069767441862,0.0,\N,\N,\N,\N,\N,\N,\N,\N,3.4249210947737994,-76.53329147050061,2026-08-31T10:29:54Z,2026-08-31
d146b2a4-6794-4792-a0df-31841312b85c,122536,cali,google,Cali,Valle del Cauca,3490962,1,0.21621621621621623,0.05006802721088435,0.019532908704883226,0.0,0.0,\N,\N,\N,\N,\N,\N,\N,\N,3.44539100331798,-76.5370588471186,2026-08-31T10:29:54Z,2026-08-31
d146b2a4-6794-4792-a0df-31841312b85c,124209,cali,google,Cali,Valle del Cauca,3492635,1,0.4109090909090909,0.3802718717323109,0.3088512241054614,0.02181818181818182,0.0,\N,\N,\N,\N,\N,\N,\N,\N,3.4342591465031758,-76.53471378660907,2026-08-31T10:29:54Z,2026-08-31
d146b2a4-6794-4792-a0df-31841312b85c,124212,cali,google,Cali,Valle del Cauca,3492638,1,1.0,0.6858519988658917,0.4138572679509632,0.0,0.0,\N,\N,\N,\N,\N,\N,\N,\N,3.434332649739076,-76.53476705266314,2026-08-31T10:29:54Z,2026-08-31
d146b2a4-6794-4792-a0df-31841312b85c,124214,cali,google,Cali,Valle del Cauca,3492640,1,1.0,0.9007727975270479,0.48670922809053974,0.0,0.0,\N,\N,\N,\N,\N,\N,\N,\N,3.434359274381245,-76.53482026708471,2026-08-31T10:29:54Z,2026-08-31
d146b2a4-6794-4792-a0df-31841312b85c,124809,cali,google,Cali,Valle del Cauca,3495527,1,0.25261044176706826,0.21405674937670663,0.11958775099212225,0.10080321285140562,0.0,\N,\N,\N,\N,\N,\N,\N,\N,3.4325801254287827,-76.52831388776045,2026-08-31T10:29:54Z,2026-08-31
d146b2a4-6794-4792-a0df-31841312b85c,124812,cali,google,Cali,Valle del Cauca,3495530,1,0.5598330241187384,0.2448876546326685,0.1244836303101301,0.002319109461966605,0.0,\N,\N,\N,\N,\N,\N,\N,\N,3.432719194948619,-76.52830041093608,2026-08-31T10:29:54Z,2026-08-31
d146b2a4-6794-4792-a0df-31841312b85c,126095,cali,google,Cali,Valle del Cauca,3496813,1,0.11304347826086956,0.05797610681658468,0.020718232044198894,0.0,0.0,\N,\N,\N,\N,\N,\N,\N,\N,3.4196925089985197,-76.5244494533081,2026-08-31T10:29:54Z,2026-08-31
d146b2a4-6794-4792-a0df-31841312b85c,126572,cali,google,Cali,Valle del Cauca,3497290,1,0.1437908496732026,0.03538494531417542,0.01470981545867879,0.27450980392156865,0.0,\N,\N,\N,\N,\N,\N,\N,\N,3.4195017505319156,-76.52445773775378,2026-08-31T10:29:54Z,2026-08-31
d146b2a4-6794-4792-a0df-31841312b85c,128482,cali,google,Cali,Valle del Cauca,3500956,1,0.14496314496314497,0.12599118942731277,0.04828362408553742,0.7002457002457002,0.0,\N,\N,\N,\N,\N,\N,\N,\N,3.4249026782579306,-76.54122216858511,2026-08-31T10:29:54Z,2026-08-31
d146b2a4-6794-4792-a0df-31841312b85c,128486,cali,google,Cali,Valle del Cauca,3500960,1,0.3502824858757062,0.13986013986013987,0.05359150530918176,0.11864406779661017,0.0,\N,\N,\N,\N,\N,\N,\N,\N,3.4248974882583703,-76.54116105241272,2026-08-31T10:29:54Z,2026-08-31
d146b2a4-6794-4792-a0df-31841312b85c,128680,cali,google,Cali,Valle del Cauca,3501154,1,0.18085106382978725,0.03919712175724294,0.017367228794361943,0.023936170212765957,0.0,\N,\N,\N,\N,\N,\N,\N,\N,3.427602833391942,-76.5405607036737,2026-08-31T10:29:54Z,2026-08-31
d146b2a4-6794-4792-a0df-31841312b85c,129973,cali,google,Cali,Valle del Cauca,3502476,1,0.8235294117647058,0.08960573476702509,0.03187555782226189,0.0,0.0,\N,\N,\N,\N,\N,\N,\N,\N,3.416608188422684,-76.54073714204004,2026-08-31T10:29:54Z,2026-08-31
d146b2a4-6794-4792-a0df-31841312b85c,129996,cali,google,Cali,Valle del Cauca,3502537,1,0.15357142857142858,0.16787314719062393,0.17933092898893171,0.15357142857142858,0.0,\N,\N,\N,\N,\N,\N,\N,\N,3.414448757052386,-76.5413888195425,2026-08-31T10:29:54Z,2026-08-31
d146b2a4-6794-4792-a0df-31841312b85c,129998,cali,google,Cali,Valle del Cauca,3502539,1,0.9368600682593856,0.5408660005124264,0.37081315057198805,0.0,0.0,\N,\N,\N,\N,\N,\N,\N,\N,3.41451565052595,-76.54170978527517,2026-08-31T10:29:54Z,2026-08-31
d146b2a4-6794-4792-a0df-31841312b85c,129999,cali,google,Cali,Valle del Cauca,3502540,1,0.9918367346938776,0.6079504011670314,0.41050733968580994,0.0,0.0,\N,\N,\N,\N,\N,\N,\N,\N,3.4144983433645884,-76.54150478353007,2026-08-31T10:29:54Z,2026-08-31
d146b2a4-6794-4792-a0df-31841312b85c,130000,cali,google,Cali,Valle del Cauca,3502541,1,0.12850467289719625,0.2099125364431487,0.20356063150822976,0.26635514018691586,0.0,\N,\N,\N,\N,\N,\N,\N,\N,3.4145406846550794,-76.54139907290408,2026-08-31T10:29:54Z,2026-08-31
d146b2a4-6794-4792-a0df-31841312b85c,130001,cali,google,Cali,Valle del Cauca,3502542,1,0.9975247524752475,0.7001817080557238,0.39474589881840083,0.0,0.0,\N,\N,\N,\N,\N,\N,\N,\N,3.4145853536434814,-76.54164399348491,2026-08-31T10:29:54Z,2026-08-31
d146b2a4-6794-4792-a0df-31841312b85c,130002,cali,google,Cali,Valle del Cauca,3502543,1,0.555045871559633,0.45454545454545453,0.32189168573607935,0.06651376146788991,0.0,\N,\N,\N,\N,\N,\N,\N,\N,3.414642123881193,-76.54153903218662,2026-08-31T10:29:54Z,2026-08-31
d146b2a4-6794-4792-a0df-31841312b85c,130005,cali,google,Cali,Valle del Cauca,3502546,1,1.0,0.5578342904019689,0.40182270091135047,0.0,0.0,\N,\N,\N,\N,\N,\N,\N,\N,3.414647040252782,-76.54159629332086,2026-08-31T10:29:54Z,2026-08-31
d146b2a4-6794-4792-a0df-31841312b85c,130655,cali,google,Cali,Valle del Cauca,3503250,1,0.6181818181818182,0.15942028985507245,0.05159020958522644,0.06363636363636363,0.0,\N,\N,\N,\N,\N,\N,\N,\N,3.4233813402187407,-76.54032960712472,2026-08-31T10:29:54Z,2026-08-31
d146b2a4-6794-4792-a0df-31841312b85c,130658,cali,google,Cali,Valle del Cauca,3503253,1,0.23958333333333334,0.13606494008504058,0.04702738810955244,0.5625,0.0,\N,\N,\N,\N,\N,\N,\N,\N,3.423359613198341,-76.54027638600489,2026-08-31T10:29:54Z,2026-08-31
d146b2a4-6794-4792-a0df-31841312b85c,130683,cali,google,Cali,Valle del Cauca,3503278,1,0.17395264116575593,0.2505370044913103,0.19653627434085819,0.40619307832422585,0.0,\N,\N,\N,\N,\N,\N,\N,\N,3.4211064622255587,-76.54276073132185,2026-08-31T10:29:54Z,2026-08-31
d146b2a4-6794-4792-a0df-31841312b85c,130945,cali,google,Cali,Valle del Cauca,3503540,1,1.0,0.7193930938262992,0.3574262139003491,0.0,0.0,\N,\N,\N,\N,\N,\N,\N,\N,3.422424950842737,-76.54300077806504,2026-08-31T10:29:54Z,2026-08-31
d146b2a4-6794-4792-a0df-31841312b85c,130946,cali,google,Cali,Valle del Cauca,3503541,1,0.6853002070393375,0.5125,0.3800043994720633,0.008281573498964804,0.0,\N,\N,\N,\N,\N,\N,\N,\N,3.4222949624215957,-76.54294909314699,2026-08-31T10:29:54Z,2026-08-31
d146b2a4-6794-4792-a0df-31841312b85c,131003,cali,google,Cali,Valle del Cauca,3503598,1,0.4659498207885305,0.3211534228483381,0.17580885087393083,0.08721624850657109,0.0,\N,\N,\N,\N,\N,\N,\N,\N,3.4222694730774603,-76.53850356780839,2026-08-31T10:29:54Z,2026-08-31
d146b2a4-6794-4792-a0df-31841312b85c,131060,cali,google,Cali,Valle del Cauca,3503655,1,0.49213483146067416,0.43238095238095237,0.33888240907645,0.5078651685393258,0.0,\N,\N,\N,\N,\N,\N,\N,\N,3.4213250083517015,-76.53474843436055,2026-08-31T10:29:54Z,2026-08-31
d146b2a4-6794-4792-a0df-31841312b85c,131061,cali,google,Cali,Valle del Cauca,3503656,1,0.1076923076923077,0.20750068436901178,0.22091152815013404,0.4307692307692308,0.0,\N,\N,\N,\N,\N,\N,\N,\N,3.4212683114303326,-76.53470207398692,2026-08-31T10:29:54Z,2026-08-31
d146b2a4-6794-4792-a0df-31841312b85c,131487,cali,google,Cali,Valle del Cauca,3504082,1,0.28640776699029125,0.12872782181955456,0.04623670038092736,0.009708737864077669,0.0,\N,\N,\N,\N,\N,\N,\N,\N,3.423438768157224,-76.54036860798867,2026-08-31T10:29:54Z,2026-08-31
d146b2a4-6794-4792-a0df-31841312b85c,131873,cali,google,Cali,Valle del Cauca,3504468,1,0.0,0.11192027596780375,0.08904837852206274,0.53,0.0,\N,\N,\N,\N,\N,\N,\N,\N,3.4196257471300338,-76.53682175050932,2026-08-31T10:29:54Z,2026-08-31
d146b2a4-6794-4792-a0df-31841312b85c,131874,cali,google,Cali,Valle del Cauca,3504469,1,0.0,0.13037109375,0.06682625174546179,0.6266666666666667,0.0,\N,\N,\N,\N,\N,\N,\N,\N,3.419658506216162,-76.53692625095492,2026-08-31T10:29:54Z,2026-08-31
d146b2a4-6794-4792-a0df-31841312b85c,131876,cali,google,Cali,Valle del Cauca,3504471,1,0.039473684210526314,0.171238570241064,0.09362772498602571,0.07894736842105263,0.0,\N,\N,\N,\N,\N,\N,\N,\N,3.419736577628251,-76.53696072380603,2026-08-31T10:29:54Z,2026-08-31
d146b2a4-6794-4792-a0df-31841312b85c,132925,cali,google,Cali,Valle del Cauca,3505520,1,0.25316455696202533,0.2619745845552297,0.17982523378813428,0.0,0.0,\N,\N,\N,\N,\N,\N,\N,\N,3.4349728016080734,-76.54139682027092,2026-08-31T10:29:54Z,2026-08-31
d146b2a4-6794-4792-a0df-31841312b85c,132929,cali,google,Cali,Valle del Cauca,3505524,1,1.0,0.5023676280671545,0.16797153024911032,0.0,0.0,\N,\N,\N,\N,\N,\N,\N,\N,3.4349413773094906,-76.54130287519018,2026-08-31T10:29:54Z,2026-08-31
d146b2a4-6794-4792-a0df-31841312b85c,136038,cali,google,Cali,Valle del Cauca,4025136,1,0.438752052545156,0.16031582560933746,0.08271342543393553,0.316256157635468,0.0,\N,\N,\N,\N,\N,\N,\N,\N,3.4618026086261846,-76.51988168370211,2026-08-31T10:29:55Z,2026-08-31
d146b2a4-6794-4792-a0df-31841312b85c,139306,cali,google,Cali,Valle del Cauca,4028979,1,0.12023038156947444,0.12935856241818397,0.06816247111759699,0.2958963282937365,0.0,\N,\N,\N,\N,\N,\N,\N,\N,3.4870715822774665,-76.52184658993035,2026-08-31T10:29:55Z,2026-08-31
d146b2a4-6794-4792-a0df-31841312b85c,139339,cali,google,Cali,Valle del Cauca,4029012,1,0.10744985673352435,0.223747591522158,0.11096812512373787,0.0,0.0,\N,\N,\N,\N,\N,\N,\N,\N,3.487277511125715,-76.5217564818457,2026-08-31T10:29:55Z,2026-08-31
d146b2a4-6794-4792-a0df-31841312b85c,139340,cali,google,Cali,Valle del Cauca,4029013,1,0.19869281045751633,0.20343903528360877,0.1051298883991372,0.0,0.0,\N,\N,\N,\N,\N,\N,\N,\N,3.4873479448219094,-76.52195980578874,2026-08-31T10:29:55Z,2026-08-31
d146b2a4-6794-4792-a0df-31841312b85c,139558,cali,google,Cali,Valle del Cauca,4029231,1,0.2519280205655527,0.03709765411893071,0.01445578231292517,0.0,0.0,\N,\N,\N,\N,\N,\N,\N,\N,3.4861853668226903,-76.52325963235698,2026-08-31T10:29:55Z,2026-08-31
d146b2a4-6794-4792-a0df-31841312b85c,139712,cali,google,Cali,Valle del Cauca,4029385,1,0.4082687338501292,0.059234507897934385,0.022403492647058824,0.028423772609819122,0.0,\N,\N,\N,\N,\N,\N,\N,\N,3.490595244242327,-76.52612524122776,2026-08-31T10:29:55Z,2026-08-31
d146b2a4-6794-4792-a0df-31841312b85c,139739,cali,google,Cali,Valle del Cauca,4029412,1,0.7154696132596685,0.18279827503593676,0.07546236771832658,0.022099447513812154,0.0,\N,\N,\N,\N,\N,\N,\N,\N,3.486052146498879,-76.52430832229676,2026-08-31T10:29:55Z,2026-08-31
d146b2a4-6794-4792-a0df-31841312b85c,139742,cali,google,Cali,Valle del Cauca,4029415,1,0.6352941176470588,0.2782316194137434,0.11578148710166919,0.0,0.0,\N,\N,\N,\N,\N,\N,\N,\N,3.4859596992882422,-76.52427500431624,2026-08-31T10:29:55Z,2026-08-31
d146b2a4-6794-4792-a0df-31841312b85c,139883,cali,google,Cali,Valle del Cauca,4029556,1,0.14985422740524781,0.11482056590752243,0.07573794762653835,0.4673469387755102,0.0,\N,\N,\N,\N,\N,\N,\N,\N,3.4877515726860095,-76.52813627208131,2026-08-31T10:29:55Z,2026-08-31
d146b2a4-6794-4792-a0df-31841312b85c,139995,cali,google,Cali,Valle del Cauca,4029668,1,0.2764026402640264,0.08179920288479788,0.03645436860356931,0.10808580858085809,0.0,\N,\N,\N,\N,\N,\N,\N,\N,3.488198748604946,-76.52858894555428,2026-08-31T10:29:55Z,2026-08-31
d146b2a4-6794-4792-a0df-31841312b85c,140020,cali,google,Cali,Valle del Cauca,4029693,1,0.20754716981132076,0.06857142857142857,0.020942408376963352,0.03773584905660377,0.0,\N,\N,\N,\N,\N,\N,\N,\N,3.4881327414718015,-76.52943026481717,2026-08-31T10:29:55Z,2026-08-31
d146b2a4-6794-4792-a0df-31841312b85c,140023,cali,google,Cali,Valle del Cauca,4029696,1,0.16176470588235295,0.05065234075211052,0.017564870259481037,0.35784313725490197,0.0,\N,\N,\N,\N,\N,\N,\N,\N,3.488172434046913,-76.5294564862445,2026-08-31T10:29:55Z,2026-08-31
d146b2a4-6794-4792-a0df-31841312b85c,141474,cali,google,Cali,Valle del Cauca,4031147,1,0.22448979591836735,0.044549266247379454,0.022509578544061302,0.0,0.0,\N,\N,\N,\N,\N,\N,\N,\N,3.498124557665605,-76.49920502890538,2026-08-31T10:29:55Z,2026-08-31
d146b2a4-6794-4792-a0df-31841312b85c,142470,cali,google,Cali,Valle del Cauca,4032541,1,0.4966139954853273,0.09584193453258626,0.03673976938729369,0.0,0.0,\N,\N,\N,\N,\N,\N,\N,\N,3.546592959507787,-76.5089981827491,2026-08-31T10:29:55Z,2026-08-31
d146b2a4-6794-4792-a0df-31841312b85c,142472,cali,google,Cali,Valle del Cauca,4032543,1,1.0,0.656786271450858,0.2963909294155222,0.0,0.0,\N,\N,\N,\N,\N,\N,\N,\N,3.546733198379025,-76.50944612880083,2026-08-31T10:29:55Z,2026-08-31
d146b2a4-6794-4792-a0df-31841312b85c,142478,cali,google,Cali,Valle del Cauca,4032563,1,0.1896551724137931,0.242450958783337,0.17478268997102533,0.5632183908045977,0.0,\N,\N,\N,\N,\N,\N,\N,\N,3.546678866029506,-76.5092966285002,2026-08-31T10:29:55Z,2026-08-31
d146b2a4-6794-4792-a0df-31841312b85c,143753,cali,google,Cali,Valle del Cauca,4034796,1,0.1483739837398374,0.058989556872706746,0.052099362497252145,0.4715447154471545,0.0,\N,\N,\N,\N,\N,\N,\N,\N,3.4653885967039244,-76.495026068052,2026-08-31T10:29:55Z,2026-08-31
d146b2a4-6794-4792-a0df-31841312b85c,144084,cali,google,Cali,Valle del Cauca,4035127,1,0.19248826291079812,0.025748502994011976,0.020203173153749573,0.08215962441314555,0.0,\N,\N,\N,\N,\N,\N,\N,\N,3.4662680959619925,-76.49223662053922,2026-08-31T10:29:55Z,2026-08-31
d146b2a4-6794-4792-a0df-31841312b85c,144501,cali,google,Cali,Valle del Cauca,4035544,1,0.3157894736842105,0.05542725173210162,0.020356234096692113,0.0,0.0,\N,\N,\N,\N,\N,\N,\N,\N,3.4701889141588467,-76.49965598698702,2026-08-31T10:29:55Z,2026-08-31
d146b2a4-6794-4792-a0df-31841312b85c,145250,cali,google,Cali,Valle del Cauca,4036293,1,0.6595059076262084,0.1504864864864865,0.0642481307117142,0.0,0.0,\N,\N,\N,\N,\N,\N,\N,\N,3.4753641386775165,-76.50259078390292,2026-08-31T10:29:55Z,2026-08-31
d146b2a4-6794-4792-a0df-31841312b85c,145372,cali,google,Cali,Valle del Cauca,4036415,1,0.21465968586387435,0.10708822029576746,0.04294478527607362,0.27225130890052357,0.0,\N,\N,\N,\N,\N,\N,\N,\N,3.4846681948879596,-76.50232882045849,2026-08-31T10:29:55Z,2026-08-31
d146b2a4-6794-4792-a0df-31841312b85c,145524,cali,google,Cali,Valle del Cauca,4036567,1,0.2637734687596183,0.15069721115537849,0.08109365309075874,0.34133579562942445,0.0,\N,\N,\N,\N,\N,\N,\N,\N,3.480189218370167,-76.50100187760428,2026-08-31T10:29:55Z,2026-08-31
d146b2a4-6794-4792-a0df-31841312b85c,145530,cali,google,Cali,Valle del Cauca,4036573,1,0.4960505529225908,0.27321620652563644,0.12675714978187105,0.0,0.0,\N,\N,\N,\N,\N,\N,\N,\N,3.4802049642391877,-76.50081600809942,2026-08-31T10:29:55Z,2026-08-31
d146b2a4-6794-4792-a0df-31841312b85c,148252,cali,google,Cali,Valle del Cauca,4039295,1,0.4727272727272727,0.2030319436924743,0.08161300673868863,0.0,0.0,\N,\N,\N,\N,\N,\N,\N,\N,3.459665722396147,-76.4896155145222,2026-08-31T10:29:55Z,2026-08-31
d146b2a4-6794-4792-a0df-31841312b85c,148720,cali,google,Cali,Valle del Cauca,4039763,1,0.7074235807860262,0.09666788722079825,0.034108527131782945,0.013100436681222707,0.0,\N,\N,\N,\N,\N,\N,\N,\N,3.463441913815703,-76.5032352956844,2026-08-31T10:29:55Z,2026-08-31
d146b2a4-6794-4792-a0df-31841312b85c,150562,cali,google,Cali,Valle del Cauca,4041605,1,0.46272493573264784,0.2750460971112477,0.117599162498546,0.30077120822622105,0.0,\N,\N,\N,\N,\N,\N,\N,\N,3.4753304277543013,-76.50682039361313,2026-08-31T10:29:55Z,2026-08-31
d146b2a4-6794-4792-a0df-31841312b85c,151269,cali,google,Cali,Valle del Cauca,4042312,1,0.1850828729281768,0.03114266086558278,0.012962256957682043,0.18922651933701656,0.0,\N,\N,\N,\N,\N,\N,\N,\N,3.483476422576984,-76.50919057742972,2026-08-31T10:29:55Z,2026-08-31
d146b2a4-6794-4792-a0df-31841312b85c,151401,cali,google,Cali,Valle del Cauca,4042444,1,0.2864963503649635,0.10749936012285641,0.04294478527607362,0.0,0.0,\N,\N,\N,\N,\N,\N,\N,\N,3.484682414255775,-76.50219804335272,2026-08-31T10:29:55Z,2026-08-31
d146b2a4-6794-4792-a0df-31841312b85c,154075,cali,google,Cali,Valle del Cauca,4045118,1,0.3321678321678322,0.14261460101867574,0.05171140113272593,0.0,0.0,\N,\N,\N,\N,\N,\N,\N,\N,3.48461923262195,-76.5022773148523,2026-08-31T10:29:55Z,2026-08-31
d146b2a4-6794-4792-a0df-31841312b85c,154805,cali,google,Cali,Valle del Cauca,4045856,1,0.3602941176470588,0.07324178110694965,0.024581005586592177,0.0,0.0,\N,\N,\N,\N,\N,\N,\N,\N,3.5256266434750345,-76.50272211993249,2026-08-31T10:29:55Z,2026-08-31
d146b2a4-6794-4792-a0df-31841312b85c,154899,cali,google,Cali,Valle del Cauca,4045950,1,0.0,0.0,0.0,0.36497956617415905,0.0,\N,\N,\N,\N,\N,\N,\N,\N,3.5455615444942286,-76.50159896142343,2026-08-31T10:29:55Z,2026-08-31
d146b2a4-6794-4792-a0df-31841312b85c,155063,cali,google,Cali,Valle del Cauca,4046114,1,0.2621359223300971,0.03011040481766477,0.011011868346996207,0.003236245954692557,0.0,\N,\N,\N,\N,\N,\N,\N,\N,3.4866453025769006,-76.48574794583938,2026-08-31T10:29:55Z,2026-08-31
d146b2a4-6794-4792-a0df-31841312b85c,155317,cali,google,Cali,Valle del Cauca,4046368,1,0.13650459129911185,0.09490534421904524,0.07471029817336351,0.44714737317477043,0.0,\N,\N,\N,\N,\N,\N,\N,\N,3.5283259221904224,-76.49760573318298,2026-08-31T10:29:55Z,2026-08-31
d146b2a4-6794-4792-a0df-31841312b85c,158148,cali,google,Cali,Valle del Cauca,4049199,1,0.7862318840579711,0.1569080636877247,0.0629702153972998,0.0,0.0,\N,\N,\N,\N,\N,\N,\N,\N,3.4526756966471206,-76.50885602124825,2026-08-31T10:29:55Z,2026-08-31
d146b2a4-6794-4792-a0df-31841312b85c,163023,cali,google,Cali,Valle del Cauca,4054074,1,0.10112359550561797,0.17427385892116182,0.0941886396431851,0.2640449438202247,0.0,\N,\N,\N,\N,\N,\N,\N,\N,3.4915800159442343,-76.51699912530557,2026-08-31T10:29:55Z,2026-08-31
d146b2a4-6794-4792-a0df-31841312b85c,164669,cali,google,Cali,Valle del Cauca,4055720,1,0.4150664697193501,0.10757946210268948,0.04507357049729931,0.2865583456425406,0.0,\N,\N,\N,\N,\N,\N,\N,\N,3.4698726909456843,-76.52094968239486,2026-08-31T10:29:55Z,2026-08-31
d146b2a4-6794-4792-a0df-31841312b85c,165755,cali,google,Cali,Valle del Cauca,4056806,1,0.8947368421052632,0.28202721726888785,0.09224318658280922,0.0,0.0,\N,\N,\N,\N,\N,\N,\N,\N,3.498099941764801,-76.4970224027562,2026-08-31T10:29:55Z,2026-08-31
d146b2a4-6794-4792-a0df-31841312b85c,165760,cali,google,Cali,Valle del Cauca,4056811,1,0.12454212454212454,0.1837651122625216,0.07670277674013198,0.0,0.0,\N,\N,\N,\N,\N,\N,\N,\N,3.4980284520981426,-76.49697296551383,2026-08-31T10:29:55Z,2026-08-31
d146b2a4-6794-4792-a0df-31841312b85c,166091,cali,google,Cali,Valle del Cauca,4057142,1,1.0,0.8592365371506476,0.5555693069306931,0.0,0.0,\N,\N,\N,\N,\N,\N,\N,\N,3.5049772758740745,-76.49526643801813,2026-08-31T10:29:55Z,2026-08-31
d146b2a4-6794-4792-a0df-31841312b85c,168958,cali,google,Cali,Valle del Cauca,4060208,1,0.36070381231671556,0.1494325346784363,0.06742897559825534,0.0,0.0,\N,\N,\N,\N,\N,\N,\N,\N,3.455027985197623,-76.51768502381731,2026-08-31T10:29:55Z,2026-08-31
d146b2a4-6794-4792-a0df-31841312b85c,168975,cali,google,Cali,Valle del Cauca,4060225,1,0.23107569721115537,0.08143507972665148,0.03899379644147522,0.0,0.0,\N,\N,\N,\N,\N,\N,\N,\N,3.455136336511914,-76.51768905040389,2026-08-31T10:29:55Z,2026-08-31
d146b2a4-6794-4792-a0df-31841312b85c,170539,cali,google,Cali,Valle del Cauca,4063704,1,1.0,0.7507629704984741,0.2939965151275147,0.0,0.0,\N,\N,\N,\N,\N,\N,\N,\N,3.54669300079218,-76.50944524741087,2026-08-31T10:29:55Z,2026-08-31
d146b2a4-6794-4792-a0df-31841312b85c,170910,cali,google,Cali,Valle del Cauca,4064144,1,0.3185745140388769,0.13649172243747798,0.060651119110971985,0.21814254859611232,0.0,\N,\N,\N,\N,\N,\N,\N,\N,3.455195480596877,-76.5297095516381,2026-08-31T10:29:55Z,2026-08-31
d146b2a4-6794-4792-a0df-31841312b85c,171857,cali,google,Cali,Valle del Cauca,4066592,1,0.3017057569296375,0.05690729941685099,0.03621992530183271,0.035181236673773986,0.0,\N,\N,\N,\N,\N,\N,\N,\N,3.471054091428973,-76.53025138848298,2026-08-31T10:29:55Z,2026-08-31
d146b2a4-6794-4792-a0df-31841312b85c,172341,cali,google,Cali,Valle del Cauca,4067076,1,0.8641975308641975,0.48993067018818093,0.2875166808200898,0.0,0.0,\N,\N,\N,\N,\N,\N,\N,\N,3.471381099853717,-76.53062530312475,2026-08-31T10:29:55Z,2026-08-31
d146b2a4-6794-4792-a0df-31841312b85c,172351,cali,google,Cali,Valle del Cauca,4067086,1,0.5464982778415615,0.32759319286871963,0.21176983435047952,0.15729047072330654,0.0,\N,\N,\N,\N,\N,\N,\N,\N,3.471272200920998,-76.53060776958984,2026-08-31T10:29:55Z,2026-08-31
d146b2a4-6794-4792-a0df-31841312b85c,172831,cali,google,Cali,Valle del Cauca,4067566,1,1.0,0.6612734864300627,0.38397965670692946,0.0,0.0,\N,\N,\N,\N,\N,\N,\N,\N,3.466721646211186,-76.53333210407264,2026-08-31T10:29:55Z,2026-08-31
d146b2a4-6794-4792-a0df-31841312b85c,174081,cali,google,Cali,Valle del Cauca,4068816,1,0.8201267828843106,0.6170921198668147,0.33480690633080323,0.0,0.0,\N,\N,\N,\N,\N,\N,\N,\N,3.492663486728833,-76.5270177311829,2026-08-31T10:29:55Z,2026-08-31
d146b2a4-6794-4792-a0df-31841312b85c,174105,cali,google,Cali,Valle del Cauca,4068840,1,0.6025917926565875,0.497,0.35805550009982035,0.0,0.0,\N,\N,\N,\N,\N,\N,\N,\N,3.4925192390250714,-76.52711982657566,2026-08-31T10:29:55Z,2026-08-31
d146b2a4-6794-4792-a0df-31841312b85c,174219,cali,google,Cali,Valle del Cauca,4068954,1,0.7095238095238096,0.36082089552238805,0.14810938113306293,0.0,0.0,\N,\N,\N,\N,\N,\N,\N,\N,3.4912398178494923,-76.53431534934954,2026-08-31T10:29:55Z,2026-08-31
d146b2a4-6794-4792-a0df-31841312b85c,174221,cali,google,Cali,Valle del Cauca,4068956,1,0.1590909090909091,0.26202783300198806,0.1536999321113374,0.005681818181818182,0.0,\N,\N,\N,\N,\N,\N,\N,\N,3.4913144266141907,-76.53422369343862,2026-08-31T10:29:55Z,2026-08-31
d146b2a4-6794-4792-a0df-31841312b85c,174223,cali,google,Cali,Valle del Cauca,4068958,1,0.966824644549763,0.41333333333333333,0.14963648380700595,0.0,0.0,\N,\N,\N,\N,\N,\N,\N,\N,3.4912388267166894,-76.53420277575333,2026-08-31T10:29:55Z,2026-08-31
d146b2a4-6794-4792-a0df-31841312b85c,174227,cali,google,Cali,Valle del Cauca,4068962,1,0.7265415549597856,0.31436233611442194,0.12835922440185962,0.0,0.0,\N,\N,\N,\N,\N,\N,\N,\N,3.4911508353318137,-76.53422330295419,2026-08-31T10:29:55Z,2026-08-31
d146b2a4-6794-4792-a0df-31841312b85c,175099,cali,google,Cali,Valle del Cauca,4069834,1,0.2119205298013245,0.1416076634735527,0.05832286870378122,0.0,0.0,\N,\N,\N,\N,\N,\N,\N,\N,3.480896415765072,-76.52785337655584,2026-08-31T10:29:55Z,2026-08-31
d146b2a4-6794-4792-a0df-31841312b85c,175118,cali,google,Cali,Valle del Cauca,4069853,1,0.6549165120593692,0.11334056399132321,0.04478251553460467,0.0,0.0,\N,\N,\N,\N,\N,\N,\N,\N,3.480806984599136,-76.52787719752084,2026-08-31T10:29:55Z,2026-08-31
d146b2a4-6794-4792-a0df-31841312b85c,175794,cali,google,Cali,Valle del Cauca,4070529,1,0.24096385542168675,0.04885854491145722,0.020703372208661062,0.2783132530120482,0.0,\N,\N,\N,\N,\N,\N,\N,\N,3.484156781231476,-76.5269482335353,2026-08-31T10:29:55Z,2026-08-31
d146b2a4-6794-4792-a0df-31841312b85c,176506,cali,google,Cali,Valle del Cauca,4071241,1,0.9795918367346939,0.10989611809732094,0.032534800906442216,0.0,0.0,\N,\N,\N,\N,\N,\N,\N,\N,3.4847199946772283,-76.53207624611433,2026-08-31T10:29:55Z,2026-08-31
d146b2a4-6794-4792-a0df-31841312b85c,177524,cali,google,Cali,Valle del Cauca,4072259,1,1.0,0.5794370229007634,0.2388250319284802,0.0,0.0,\N,\N,\N,\N,\N,\N,\N,\N,3.4713198991861236,-76.53052725309044,2026-08-31T10:29:55Z,2026-08-31
d146b2a4-6794-4792-a0df-31841312b85c,177941,cali,google,Cali,Valle del Cauca,4073726,1,0.5615763546798029,0.3245341614906832,0.12868775864370577,0.0,0.0,\N,\N,\N,\N,\N,\N,\N,\N,3.456781975320519,-76.53546140778202,2026-08-31T10:29:55Z,2026-08-31
d146b2a4-6794-4792-a0df-31841312b85c,178866,cali,google,Cali,Valle del Cauca,4074651,1,0.3411764705882353,0.21994408201304752,0.1623715179502458,0.0,0.0,\N,\N,\N,\N,\N,\N,\N,\N,3.4586235288132836,-76.5373562987297,2026-08-31T10:29:55Z,2026-08-31
d146b2a4-6794-4792-a0df-31841312b85c,179077,cali,google,Cali,Valle del Cauca,4076074,1,0.20098039215686275,0.14285714285714285,0.04951417542925596,0.0,0.0,\N,\N,\N,\N,\N,\N,\N,\N,3.4932136099472837,-76.53538519742334,2026-08-31T10:29:55Z,2026-08-31
d146b2a4-6794-4792-a0df-31841312b85c,179081,cali,google,Cali,Valle del Cauca,4076078,1,0.7485380116959064,0.15,0.051007815713698064,0.0,0.0,\N,\N,\N,\N,\N,\N,\N,\N,3.493253651754858,-76.53533356474354,2026-08-31T10:29:55Z,2026-08-31
d146b2a4-6794-4792-a0df-31841312b85c,179083,cali,google,Cali,Valle del Cauca,4076080,1,0.3100511073253833,0.08402981703185002,0.03486410496719775,0.0,0.0,\N,\N,\N,\N,\N,\N,\N,\N,3.4932898019587473,-76.53533715124033,2026-08-31T10:29:55Z,2026-08-31
d146b2a4-6794-4792-a0df-31841312b85c,179143,cali,google,Cali,Valle del Cauca,4076140,1,0.2366412213740458,0.03816466552315609,0.012651030561478323,0.0,0.0,\N,\N,\N,\N,\N,\N,\N,\N,3.492382608883014,-76.53471876108179,2026-08-31T10:29:55Z,2026-08-31
d146b2a4-6794-4792-a0df-31841312b85c,179146,cali,google,Cali,Valle del Cauca,4076143,1,0.19548872180451127,0.03795309168443497,0.012583062349780856,0.0,0.0,\N,\N,\N,\N,\N,\N,\N,\N,3.4924177381023878,-76.5346678212368,2026-08-31T10:29:55Z,2026-08-31
d146b2a4-6794-4792-a0df-31841312b85c,180144,cali,google,Cali,Valle del Cauca,4077266,1,0.8722222222222222,0.13399602385685885,0.04575695858791582,0.0,0.0,\N,\N,\N,\N,\N,\N,\N,\N,3.4861444878484122,-76.53465076447566,2026-08-31T10:29:55Z,2026-08-31
d146b2a4-6794-4792-a0df-31841312b85c,180148,cali,google,Cali,Valle del Cauca,4077270,1,0.625,0.13485394157663066,0.04593784078516903,0.0,0.0,\N,\N,\N,\N,\N,\N,\N,\N,3.486211987466965,-76.53467252820757,2026-08-31T10:29:55Z,2026-08-31
d146b2a4-6794-4792-a0df-31841312b85c,180181,cali,google,Cali,Valle del Cauca,4077303,1,0.3184713375796178,0.25414593698175786,0.09258226436140547,0.0,0.0,\N,\N,\N,\N,\N,\N,\N,\N,3.487695622479703,-76.53535055110326,2026-08-31T10:29:55Z,2026-08-31
d146b2a4-6794-4792-a0df-31841312b85c,181122,cali,google,Cali,Valle del Cauca,4080304,1,0.1836734693877551,0.5507791509940893,0.5403525796538897,0.0,0.0,\N,\N,\N,\N,\N,\N,\N,\N,3.5454235776324534,-76.4780119434868,2026-08-31T10:29:55Z,2026-08-31
d146b2a4-6794-4792-a0df-31841312b85c,182218,cali,google,Cali,Valle del Cauca,4089067,1,0.462882096069869,0.09120403749098774,0.03232400664366935,0.017467248908296942,0.0,\N,\N,\N,\N,\N,\N,\N,\N,3.4897405526299243,-76.49484177893613,2026-08-31T10:29:55Z,2026-08-31
d146b2a4-6794-4792-a0df-31841312b85c,182873,cali,google,Cali,Valle del Cauca,4090946,1,0.3605769230769231,0.37544802867383514,0.23048877748661273,0.0,0.0,\N,\N,\N,\N,\N,\N,\N,\N,3.501402013306407,-76.4726143949915,2026-08-31T10:29:55Z,2026-08-31
d146b2a4-6794-4792-a0df-31841312b85c,182884,cali,google,Cali,Valle del Cauca,4090957,1,0.3815789473684211,0.33317001469867713,0.21533968644328313,0.0,0.0,\N,\N,\N,\N,\N,\N,\N,\N,3.5015002259511796,-76.47261609871033,2026-08-31T10:29:55Z,2026-08-31
d146b2a4-6794-4792-a0df-31841312b85c,183228,cali,google,Cali,Valle del Cauca,4091301,1,0.8589743589743589,0.31821929101401486,0.1417432470064049,0.0,0.0,\N,\N,\N,\N,\N,\N,\N,\N,3.496520856478806,-76.48236310628859,2026-08-31T10:29:55Z,2026-08-31
d146b2a4-6794-4792-a0df-31841312b85c,183233,cali,google,Cali,Valle del Cauca,4091306,1,0.4088050314465409,0.3397513036502206,0.15384615384615385,0.0,0.0,\N,\N,\N,\N,\N,\N,\N,\N,3.495961580594855,-76.48237528202215,2026-08-31T10:29:55Z,2026-08-31
d146b2a4-6794-4792-a0df-31841312b85c,183305,cali,google,Cali,Valle del Cauca,4091378,1,0.9003690036900369,0.5106531610199092,0.19121706398996235,0.0,0.0,\N,\N,\N,\N,\N,\N,\N,\N,3.495196340435063,-76.48426812333659,2026-08-31T10:29:55Z,2026-08-31
d146b2a4-6794-4792-a0df-31841312b85c,183508,cali,google,Cali,Valle del Cauca,4094864,1,0.1671270718232044,0.04075446278208151,0.018716163959783448,0.0,0.0,\N,\N,\N,\N,\N,\N,\N,\N,3.4884643308888705,-76.45897495179975,2026-08-31T10:29:55Z,2026-08-31
d146b2a4-6794-4792-a0df-31841312b85c,183552,cali,google,Cali,Valle del Cauca,4094926,1,0.17300380228136883,0.0392504431501646,0.01564234534261782,0.13307984790874525,0.0,\N,\N,\N,\N,\N,\N,\N,\N,3.4831610020714368,-76.46162016320793,2026-08-31T10:29:55Z,2026-08-31
d146b2a4-6794-4792-a0df-31841312b85c,183558,cali,google,Cali,Valle del Cauca,4094932,1,0.1641025641025641,0.04491451753115039,0.01715550636413946,0.24358974358974358,0.0,\N,\N,\N,\N,\N,\N,\N,\N,3.483193482204978,-76.46168627580445,2026-08-31T10:29:55Z,2026-08-31
d146b2a4-6794-4792-a0df-31841312b85c,185213,cali,google,Cali,Valle del Cauca,4097783,1,0.4978540772532189,0.24324324324324326,0.11138358286009292,0.02145922746781116,0.0,\N,\N,\N,\N,\N,\N,\N,\N,3.4721769651727574,-76.48182030929514,2026-08-31T10:29:55Z,2026-08-31
d146b2a4-6794-4792-a0df-31841312b85c,187669,cali,google,Cali,Valle del Cauca,4100239,1,0.5932203389830508,0.2952430196483971,0.1670096564825075,0.0,0.0,\N,\N,\N,\N,\N,\N,\N,\N,3.486876547952887,-76.48207638589255,2026-08-31T10:29:55Z,2026-08-31
d146b2a4-6794-4792-a0df-31841312b85c,188284,cali,google,Cali,Valle del Cauca,4103373,1,0.5423728813559322,0.06498037505451373,0.03323823109843081,0.0,0.0,\N,\N,\N,\N,\N,\N,\N,\N,3.4546139940123646,-76.47691269140486,2026-08-31T10:29:55Z,2026-08-31
d146b2a4-6794-4792-a0df-31841312b85c,188285,cali,google,Cali,Valle del Cauca,4103374,1,0.4530386740331492,0.055410933432502786,0.030452248283011532,0.430939226519337,0.0,\N,\N,\N,\N,\N,\N,\N,\N,3.454635795568883,-76.47687901727062,2026-08-31T10:29:55Z,2026-08-31
d146b2a4-6794-4792-a0df-31841312b85c,188513,cali,google,Cali,Valle del Cauca,4103602,1,0.12712712712712712,0.1252707581227437,0.058038585209003214,0.02002002002002002,0.0,\N,\N,\N,\N,\N,\N,\N,\N,3.4559898034531153,-76.46546026840448,2026-08-31T10:29:55Z,2026-08-31
d146b2a4-6794-4792-a0df-31841312b85c,188551,cali,google,Cali,Valle del Cauca,4103640,1,1.0,0.24939550949913644,0.08972287809121411,0.0,0.0,\N,\N,\N,\N,\N,\N,\N,\N,3.4560528465755165,-76.46539361259198,2026-08-31T10:29:55Z,2026-08-31
d146b2a4-6794-4792-a0df-31841312b85c,189270,cali,google,Cali,Valle del Cauca,4104359,1,0.22193877551020408,0.06106633601983881,0.022987164527421236,0.15051020408163265,0.0,\N,\N,\N,\N,\N,\N,\N,\N,3.455360074648758,-76.47864202804095,2026-08-31T10:29:55Z,2026-08-31
d146b2a4-6794-4792-a0df-31841312b85c,195743,cali,google,Cali,Valle del Cauca,4112476,1,0.4646017699115044,0.04893303899926416,0.017236910316226022,0.0,0.0,\N,\N,\N,\N,\N,\N,\N,\N,3.4778022389453596,-76.48057279958897,2026-08-31T10:29:55Z,2026-08-31
d146b2a4-6794-4792-a0df-31841312b85c,196056,cali,google,Cali,Valle del Cauca,4112789,1,0.24067796610169492,0.047760210803689064,0.01750573463720874,0.0,0.0,\N,\N,\N,\N,\N,\N,\N,\N,3.497200236557298,-76.48776871429483,2026-08-31T10:29:55Z,2026-08-31
d146b2a4-6794-4792-a0df-31841312b85c,196428,cali,google,Cali,Valle del Cauca,4113161,1,0.6796875,0.11649122807017544,0.04172951231774761,0.0,0.0,\N,\N,\N,\N,\N,\N,\N,\N,3.4930585060432633,-76.48815270762472,2026-08-31T10:29:55Z,2026-08-31
d146b2a4-6794-4792-a0df-31841312b85c,196712,cali,google,Cali,Valle del Cauca,4113445,1,0.4954128440366973,0.15370573201898502,0.05407835581245986,0.0,0.0,\N,\N,\N,\N,\N,\N,\N,\N,3.4938297951054267,-76.4895746979108,2026-08-31T10:29:55Z,2026-08-31
d146b2a4-6794-4792-a0df-31841312b85c,196939,cali,google,Cali,Valle del Cauca,4113672,1,0.5264900662251656,0.05647615826851539,0.02056396995443911,0.0,0.0,\N,\N,\N,\N,\N,\N,\N,\N,3.5031086788834376,-76.49247712941681,2026-08-31T10:29:55Z,2026-08-31
d146b2a4-6794-4792-a0df-31841312b85c,197227,cali,google,Cali,Valle del Cauca,4113960,1,0.6767676767676768,0.6800751879699248,0.5909150412357639,0.0,0.0,\N,\N,\N,\N,\N,\N,\N,\N,3.505493772654494,-76.4963307855781,2026-08-31T10:29:55Z,2026-08-31
d146b2a4-6794-4792-a0df-31841312b85c,197228,cali,google,Cali,Valle del Cauca,4113961,1,1.0,0.8771220695230396,0.6976553980370774,0.0,0.0,\N,\N,\N,\N,\N,\N,\N,\N,3.505523591750966,-76.49642365644111,2026-08-31T10:29:55Z,2026-08-31
d146b2a4-6794-4792-a0df-31841312b85c,197240,cali,google,Cali,Valle del Cauca,4113973,1,0.44,0.6043010752688172,0.37311984473556525,0.0,0.0,\N,\N,\N,\N,\N,\N,\N,\N,3.505058187289713,-76.4965656107966,2026-08-31T10:29:55Z,2026-08-31
d146b2a4-6794-4792-a0df-31841312b85c,197245,cali,google,Cali,Valle del Cauca,4113978,1,1.0,0.510989010989011,0.19364833462432224,0.0,0.0,\N,\N,\N,\N,\N,\N,\N,\N,3.504982710270245,-76.49381689686788,2026-08-31T10:29:55Z,2026-08-31
d146b2a4-6794-4792-a0df-31841312b85c,197255,cali,google,Cali,Valle del Cauca,4113988,1,1.0,0.5719738276990185,0.31209256844850064,0.0,0.0,\N,\N,\N,\N,\N,\N,\N,\N,3.5050977991720145,-76.4966108247287,2026-08-31T10:29:55Z,2026-08-31
d146b2a4-6794-4792-a0df-31841312b85c,197261,cali,google,Cali,Valle del Cauca,4113994,1,1.0,0.7914375490966221,0.6720849005910801,0.0,0.0,\N,\N,\N,\N,\N,\N,\N,\N,3.5055295992881077,-76.49631522912988,2026-08-31T10:29:55Z,2026-08-31
d146b2a4-6794-4792-a0df-31841312b85c,197274,cali,google,Cali,Valle del Cauca,4114007,1,0.1152542372881356,0.1581081081081081,0.07576875768757688,0.0,0.0,\N,\N,\N,\N,\N,\N,\N,\N,3.4980846643524584,-76.49695054507534,2026-08-31T10:29:55Z,2026-08-31
d146b2a4-6794-4792-a0df-31841312b85c,197556,cali,google,Cali,Valle del Cauca,4118398,1,0.15368562773476943,0.10491604442254482,0.06836931284888603,0.3233927970380343,0.0,\N,\N,\N,\N,\N,\N,\N,\N,3.5417453505333354,-76.49564534553687,2026-08-31T10:29:55Z,2026-08-31
d146b2a4-6794-4792-a0df-31841312b85c,197653,cali,google,Cali,Valle del Cauca,4118546,1,0.18333333333333332,0.3331619537275064,0.12930217871802968,0.0,0.0,\N,\N,\N,\N,\N,\N,\N,\N,3.5119597751512512,-76.49752039582334,2026-08-31T10:29:55Z,2026-08-31
d146b2a4-6794-4792-a0df-31841312b85c,197683,cali,google,Cali,Valle del Cauca,4118670,1,0.2678729037952339,0.32984901277584205,0.19418970050663759,0.5039717563989409,0.0,\N,\N,\N,\N,\N,\N,\N,\N,3.528811951310677,-76.49720503371982,2026-08-31T10:29:55Z,2026-08-31
d146b2a4-6794-4792-a0df-31841312b85c,197796,cali,google,Cali,Valle del Cauca,4118796,1,0.4976228209191759,0.2575004601509295,0.11936471172139962,0.011093502377179081,0.0,\N,\N,\N,\N,\N,\N,\N,\N,3.5456243146153996,-76.5000253039935,2026-08-31T10:29:55Z,2026-08-31
d146b2a4-6794-4792-a0df-31841312b85c,198935,cali,google,Cali,Valle del Cauca,4120709,1,0.2971887550200803,0.1035727174305305,0.036771300448430494,0.04417670682730924,0.0,\N,\N,\N,\N,\N,\N,\N,\N,3.477365248509698,-76.49089632473586,2026-08-31T10:29:55Z,2026-08-31
d146b2a4-6794-4792-a0df-31841312b85c,200026,cali,google,Cali,Valle del Cauca,4121800,1,0.18181818181818182,0.07961904761904762,0.03415409054805401,0.0,0.0,\N,\N,\N,\N,\N,\N,\N,\N,3.465474121615086,-76.4950290770972,2026-08-31T10:29:55Z,2026-08-31
d146b2a4-6794-4792-a0df-31841312b85c,201588,cali,google,Cali,Valle del Cauca,4123362,1,0.527972027972028,0.2163978494623656,0.08155031177405551,0.013986013986013986,0.0,\N,\N,\N,\N,\N,\N,\N,\N,3.478792534004144,-76.4979596389228,2026-08-31T10:29:55Z,2026-08-31
d146b2a4-6794-4792-a0df-31841312b85c,201603,cali,google,Cali,Valle del Cauca,4123377,1,0.1891348088531187,0.15712187958883994,0.06586353312925841,0.1710261569416499,0.0,\N,\N,\N,\N,\N,\N,\N,\N,3.4787903059596728,-76.4980282070769,2026-08-31T10:29:55Z,2026-08-31
d146b2a4-6794-4792-a0df-31841312b85c,202492,cali,google,Cali,Valle del Cauca,4155187,1,0.36075949367088606,0.1338679827267119,0.05001152339248675,0.0,0.0,\N,\N,\N,\N,\N,\N,\N,\N,3.4506075333807433,-76.56596701930523,2026-08-31T10:29:55Z,2026-08-31
d146b2a4-6794-4792-a0df-31841312b85c,202511,cali,google,Cali,Valle del Cauca,4155206,1,0.4467713787085515,0.10822942643391521,0.04357429718875502,0.0,0.0,\N,\N,\N,\N,\N,\N,\N,\N,3.4506673844440603,-76.56594817559315,2026-08-31T10:29:55Z,2026-08-31
d146b2a4-6794-4792-a0df-31841312b85c,202512,cali,google,Cali,Valle del Cauca,4155207,1,0.19230769230769232,0.2131630648330059,0.06678978147122192,0.0,0.0,\N,\N,\N,\N,\N,\N,\N,\N,3.4506175014977467,-76.56587183201657,2026-08-31T10:29:55Z,2026-08-31
d146b2a4-6794-4792-a0df-31841312b85c,202765,cali,google,Cali,Valle del Cauca,4155460,1,0.19896373056994818,0.20506329113924052,0.10019040710853205,0.014507772020725389,0.0,\N,\N,\N,\N,\N,\N,\N,\N,3.448826152981588,-76.54385950467709,2026-08-31T10:29:55Z,2026-08-31
d146b2a4-6794-4792-a0df-31841312b85c,204369,cali,google,Cali,Valle del Cauca,4157064,1,0.5592485549132948,0.12027904738994467,0.04954910316123278,0.0,0.0,\N,\N,\N,\N,\N,\N,\N,\N,3.4245574528917007,-76.55590761992988,2026-08-31T10:29:55Z,2026-08-31
d146b2a4-6794-4792-a0df-31841312b85c,204642,cali,google,Cali,Valle del Cauca,4157337,1,0.5319148936170213,0.10565914295060516,0.038836118792833954,0.0,0.0,\N,\N,\N,\N,\N,\N,\N,\N,3.4267049692658365,-76.55201726001778,2026-08-31T10:29:55Z,2026-08-31
d146b2a4-6794-4792-a0df-31841312b85c,204882,cali,google,Cali,Valle del Cauca,4157577,1,0.10357142857142858,0.13511635984716916,0.0683049779458097,0.0035714285714285713,0.0,\N,\N,\N,\N,\N,\N,\N,\N,3.4228205997330723,-76.55571157599627,2026-08-31T10:29:55Z,2026-08-31
d146b2a4-6794-4792-a0df-31841312b85c,204913,cali,google,Cali,Valle del Cauca,4157608,1,0.41776937618147447,0.06944061724993111,0.027269775998268585,0.001890359168241966,0.0,\N,\N,\N,\N,\N,\N,\N,\N,3.4227993473448644,-76.5549860746057,2026-08-31T10:29:55Z,2026-08-31
d146b2a4-6794-4792-a0df-31841312b85c,205055,cali,google,Cali,Valle del Cauca,4157750,1,0.18565400843881857,0.057191878753217046,0.022143489813994686,0.0189873417721519,0.0,\N,\N,\N,\N,\N,\N,\N,\N,3.4236085693155993,-76.5560551165373,2026-08-31T10:29:55Z,2026-08-31
d146b2a4-6794-4792-a0df-31841312b85c,205057,cali,google,Cali,Valle del Cauca,4157752,1,0.16546762589928057,0.08322929671244278,0.027804810232170164,0.0,0.0,\N,\N,\N,\N,\N,\N,\N,\N,3.423648507809421,-76.55595046323661,2026-08-31T10:29:55Z,2026-08-31
d146b2a4-6794-4792-a0df-31841312b85c,205106,cali,google,Cali,Valle del Cauca,4157801,1,1.0,0.3089500860585198,0.10214824299331342,0.0,0.0,\N,\N,\N,\N,\N,\N,\N,\N,3.423022978753516,-76.5561261033435,2026-08-31T10:29:55Z,2026-08-31
d146b2a4-6794-4792-a0df-31841312b85c,205109,cali,google,Cali,Valle del Cauca,4157804,1,0.16,0.13092224231464739,0.09742268041237113,0.0,0.0,\N,\N,\N,\N,\N,\N,\N,\N,3.423080157528197,-76.55590639392418,2026-08-31T10:29:55Z,2026-08-31
d146b2a4-6794-4792-a0df-31841312b85c,205111,cali,google,Cali,Valle del Cauca,4157806,1,0.3356643356643357,0.27203389830508473,0.10125511211394726,0.11888111888111888,0.0,\N,\N,\N,\N,\N,\N,\N,\N,3.4230997255865385,-76.55612350319586,2026-08-31T10:29:55Z,2026-08-31
d146b2a4-6794-4792-a0df-31841312b85c,205119,cali,google,Cali,Valle del Cauca,4157814,1,0.8235294117647058,0.18430439952437574,0.0858729513747799,0.0,0.0,\N,\N,\N,\N,\N,\N,\N,\N,3.423186396028323,-76.55581786093096,2026-08-31T10:29:55Z,2026-08-31
d146b2a4-6794-4792-a0df-31841312b85c,205126,cali,google,Cali,Valle del Cauca,4157821,1,0.3125,0.2369146005509642,0.08944811261990782,0.0,0.0,\N,\N,\N,\N,\N,\N,\N,\N,3.423050668049085,-76.55619714774348,2026-08-31T10:29:55Z,2026-08-31
d146b2a4-6794-4792-a0df-31841312b85c,205129,cali,google,Cali,Valle del Cauca,4157824,1,0.33432835820895523,0.20552731893265566,0.09859487542803165,0.23283582089552238,0.0,\N,\N,\N,\N,\N,\N,\N,\N,3.423013177576769,-76.55605764392494,2026-08-31T10:29:55Z,2026-08-31
d146b2a4-6794-4792-a0df-31841312b85c,205130,cali,google,Cali,Valle del Cauca,4157825,1,0.2773109243697479,0.1537433155080214,0.08581871345029239,0.0,0.0,\N,\N,\N,\N,\N,\N,\N,\N,3.4230769180696647,-76.55583997159401,2026-08-31T10:29:55Z,2026-08-31
d146b2a4-6794-4792-a0df-31841312b85c,205208,cali,google,Cali,Valle del Cauca,4157903,1,0.3353658536585366,0.06422505307855626,0.025303220409870347,0.08536585365853659,0.0,\N,\N,\N,\N,\N,\N,\N,\N,3.422213808575766,-76.55648957137205,2026-08-31T10:29:55Z,2026-08-31
d146b2a4-6794-4792-a0df-31841312b85c,205278,cali,google,Cali,Valle del Cauca,4157973,1,0.2616279069767442,0.14078257361839452,0.047795124623390854,0.0,0.0,\N,\N,\N,\N,\N,\N,\N,\N,3.4258904867780493,-76.5566657039964,2026-08-31T10:29:55Z,2026-08-31
d146b2a4-6794-4792-a0df-31841312b85c,205281,cali,google,Cali,Valle del Cauca,4157976,1,0.12582781456953643,0.14463323663489433,0.048600473471661326,0.0,0.0,\N,\N,\N,\N,\N,\N,\N,\N,3.425937756626565,-76.55675960224528,2026-08-31T10:29:55Z,2026-08-31
d146b2a4-6794-4792-a0df-31841312b85c,205283,cali,google,Cali,Valle del Cauca,4157978,1,0.9572649572649573,0.1549733570159858,0.05065312046444122,0.0,0.0,\N,\N,\N,\N,\N,\N,\N,\N,3.4259646938396306,-76.55668432542873,2026-08-31T10:29:55Z,2026-08-31
d146b2a4-6794-4792-a0df-31841312b85c,206094,cali,google,Cali,Valle del Cauca,4159234,1,0.46543778801843316,0.07646622123236822,0.02684388845452176,0.0,0.0,\N,\N,\N,\N,\N,\N,\N,\N,3.4187854143986933,-76.55750868047876,2026-08-31T10:29:55Z,2026-08-31
d146b2a4-6794-4792-a0df-31841312b85c,206310,cali,google,Cali,Valle del Cauca,4159450,1,0.14285714285714285,0.05603140613847252,0.0199847250509165,0.1583011583011583,0.0,\N,\N,\N,\N,\N,\N,\N,\N,3.4160337250977775,-76.55346113859231,2026-08-31T10:29:55Z,2026-08-31
d146b2a4-6794-4792-a0df-31841312b85c,207578,cali,google,Cali,Valle del Cauca,4161886,1,0.40625,0.09721720274665703,0.06834991073705687,0.0,0.0,\N,\N,\N,\N,\N,\N,\N,\N,3.427845604603863,-76.55205737355516,2026-08-31T10:29:55Z,2026-08-31
d146b2a4-6794-4792-a0df-31841312b85c,207585,cali,google,Cali,Valle del Cauca,4161893,1,0.9451219512195121,0.2089125102207686,0.07406383860715766,0.0,0.0,\N,\N,\N,\N,\N,\N,\N,\N,3.4279618964206575,-76.55212545790522,2026-08-31T10:29:55Z,2026-08-31
d146b2a4-6794-4792-a0df-31841312b85c,207587,cali,google,Cali,Valle del Cauca,4161895,1,0.11151079136690648,0.1505449591280654,0.06573409259717752,0.0,0.0,\N,\N,\N,\N,\N,\N,\N,\N,3.428022803483389,-76.55218271425203,2026-08-31T10:29:55Z,2026-08-31
d146b2a4-6794-4792-a0df-31841312b85c,207588,cali,google,Cali,Valle del Cauca,4161896,1,0.575,0.19608695652173913,0.0767798309697751,0.0,0.0,\N,\N,\N,\N,\N,\N,\N,\N,3.4280180937940847,-76.55209525569352,2026-08-31T10:29:55Z,2026-08-31
d146b2a4-6794-4792-a0df-31841312b85c,208055,cali,google,Cali,Valle del Cauca,4162363,1,0.25477707006369427,0.031186715269339815,0.010565312843029638,0.0,0.0,\N,\N,\N,\N,\N,\N,\N,\N,3.425986351255766,-76.55528004534473,2026-08-31T10:29:55Z,2026-08-31
d146b2a4-6794-4792-a0df-31841312b85c,208360,cali,google,Cali,Valle del Cauca,4162668,1,0.2215909090909091,0.03577170418006431,0.01216678058783322,0.0,0.0,\N,\N,\N,\N,\N,\N,\N,\N,3.4255918655623883,-76.55579670422692,2026-08-31T10:29:55Z,2026-08-31
d146b2a4-6794-4792-a0df-31841312b85c,210422,cali,google,Cali,Valle del Cauca,4165494,1,0.370938298649142,0.1972368864427721,0.10143839177401652,0.2858707557502738,0.0,\N,\N,\N,\N,\N,\N,\N,\N,3.439008262178162,-76.54628525613957,2026-08-31T10:29:55Z,2026-08-31
d146b2a4-6794-4792-a0df-31841312b85c,211227,cali,google,Cali,Valle del Cauca,4166299,1,0.15631131458469588,0.07134541826043572,0.04706426973227375,0.2001308044473512,0.0,\N,\N,\N,\N,\N,\N,\N,\N,3.4474761879148095,-76.55642216078658,2026-08-31T10:29:55Z,2026-08-31
d146b2a4-6794-4792-a0df-31841312b85c,211800,cali,google,Cali,Valle del Cauca,4167849,1,0.4583333333333333,0.1498371335504886,0.052954719877206444,0.0,0.0,\N,\N,\N,\N,\N,\N,\N,\N,3.4218564064370516,-76.5618628510479,2026-08-31T10:29:55Z,2026-08-31
d146b2a4-6794-4792-a0df-31841312b85c,211810,cali,google,Cali,Valle del Cauca,4167859,1,0.23577235772357724,0.11913669064748202,0.045509508629218424,0.2953929539295393,0.0,\N,\N,\N,\N,\N,\N,\N,\N,3.4217819140824766,-76.5618167408092,2026-08-31T10:29:55Z,2026-08-31
d146b2a4-6794-4792-a0df-31841312b85c,211811,cali,google,Cali,Valle del Cauca,4167860,1,0.6920289855072463,0.14256198347107438,0.05138388978527988,0.0,0.0,\N,\N,\N,\N,\N,\N,\N,\N,3.4218173889073182,-76.56177244158097,2026-08-31T10:29:55Z,2026-08-31
d146b2a4-6794-4792-a0df-31841312b85c,212536,cali,google,Cali,Valle del Cauca,4168585,1,0.16140350877192983,0.15751295336787566,0.056935947059558,0.0,0.0,\N,\N,\N,\N,\N,\N,\N,\N,3.419454803641978,-76.562842086097,2026-08-31T10:29:55Z,2026-08-31
d146b2a4-6794-4792-a0df-31841312b85c,212643,cali,google,Cali,Valle del Cauca,4168692,1,0.4642857142857143,0.09403153153153153,0.03665496049165935,0.0,0.0,\N,\N,\N,\N,\N,\N,\N,\N,3.41966617452988,-76.55728375763856,2026-08-31T10:29:55Z,2026-08-31
d146b2a4-6794-4792-a0df-31841312b85c,212942,cali,google,Cali,Valle del Cauca,4168991,1,0.10476190476190476,0.019652650822669104,0.006348737634726118,0.01904761904761905,0.0,\N,\N,\N,\N,\N,\N,\N,\N,3.4219210438723104,-76.55669361169151,2026-08-31T10:29:55Z,2026-08-31
d146b2a4-6794-4792-a0df-31841312b85c,213067,cali,google,Cali,Valle del Cauca,4169116,1,0.27639751552795033,0.036044973544973546,0.013249057979822535,0.0,0.0,\N,\N,\N,\N,\N,\N,\N,\N,3.4192181553691734,-76.55698736567328,2026-08-31T10:29:55Z,2026-08-31
d146b2a4-6794-4792-a0df-31841312b85c,213374,cali,google,Cali,Valle del Cauca,4169423,1,0.18686868686868688,0.018597442851607904,0.006432591798445457,0.0,0.0,\N,\N,\N,\N,\N,\N,\N,\N,3.42173714400438,-76.55447637865387,2026-08-31T10:29:55Z,2026-08-31
d146b2a4-6794-4792-a0df-31841312b85c,213746,cali,google,Cali,Valle del Cauca,4169795,1,0.31547619047619047,0.09676129548180727,0.032947583390061264,0.0,0.0,\N,\N,\N,\N,\N,\N,\N,\N,3.4208391294361467,-76.55616454445855,2026-08-31T10:29:55Z,2026-08-31
d146b2a4-6794-4792-a0df-31841312b85c,213752,cali,google,Cali,Valle del Cauca,4169801,1,0.6666666666666666,0.11245353159851301,0.03601726447388004,0.041666666666666664,0.0,\N,\N,\N,\N,\N,\N,\N,\N,3.4207703641588334,-76.55615413251766,2026-08-31T10:29:55Z,2026-08-31
d146b2a4-6794-4792-a0df-31841312b85c,213767,cali,google,Cali,Valle del Cauca,4169816,1,0.11976047904191617,0.023644516918059518,0.008,0.0,0.0,\N,\N,\N,\N,\N,\N,\N,\N,3.421774211159573,-76.556244145223,2026-08-31T10:29:55Z,2026-08-31
d146b2a4-6794-4792-a0df-31841312b85c,213781,cali,google,Cali,Valle del Cauca,4169830,1,0.10344827586206896,0.02768496420047733,0.008782556026650516,0.0,0.0,\N,\N,\N,\N,\N,\N,\N,\N,3.421817132409621,-76.55622330711513,2026-08-31T10:29:55Z,2026-08-31
d146b2a4-6794-4792-a0df-31841312b85c,213866,cali,google,Cali,Valle del Cauca,4169915,1,0.8206896551724138,0.3005502063273728,0.12402040054733175,0.0,0.0,\N,\N,\N,\N,\N,\N,\N,\N,3.4214306851947,-76.55661843825375,2026-08-31T10:29:55Z,2026-08-31
d146b2a4-6794-4792-a0df-31841312b85c,213889,cali,google,Cali,Valle del Cauca,4169938,1,0.9897959183673469,0.42439703153988867,0.1482527881040892,0.0,0.0,\N,\N,\N,\N,\N,\N,\N,\N,3.4215175941060227,-76.55656663429555,2026-08-31T10:29:55Z,2026-08-31
d146b2a4-6794-4792-a0df-31841312b85c,213892,cali,google,Cali,Valle del Cauca,4169941,1,1.0,0.5020470829068577,0.16611452910553715,0.0,0.0,\N,\N,\N,\N,\N,\N,\N,\N,3.4214994717556397,-76.55662368674187,2026-08-31T10:29:55Z,2026-08-31
d146b2a4-6794-4792-a0df-31841312b85c,214004,cali,google,Cali,Valle del Cauca,4170053,1,0.10837438423645321,0.14838709677419354,0.08665259825903456,0.0,0.0,\N,\N,\N,\N,\N,\N,\N,\N,3.4199837404464026,-76.55755035656462,2026-08-31T10:29:55Z,2026-08-31
d146b2a4-6794-4792-a0df-31841312b85c,214008,cali,google,Cali,Valle del Cauca,4170057,1,0.714867617107943,0.17496671105193076,0.06918702611625947,0.0,0.0,\N,\N,\N,\N,\N,\N,\N,\N,3.419867149572192,-76.5574942574058,2026-08-31T10:29:55Z,2026-08-31
d146b2a4-6794-4792-a0df-31841312b85c,214284,cali,google,Cali,Valle del Cauca,4171712,1,0.16137566137566137,0.032082748948106594,0.01431924882629108,0.0,0.0,\N,\N,\N,\N,\N,\N,\N,\N,3.425615326999984,-76.54267925744665,2026-08-31T10:29:55Z,2026-08-31
d146b2a4-6794-4792-a0df-31841312b85c,214565,cali,google,Cali,Valle del Cauca,4171993,1,0.4581589958158996,0.272148800783162,0.26797961983147167,0.03765690376569038,0.0,\N,\N,\N,\N,\N,\N,\N,\N,3.4231199133757455,-76.5478943745205,2026-08-31T10:29:55Z,2026-08-31
d146b2a4-6794-4792-a0df-31841312b85c,214594,cali,google,Cali,Valle del Cauca,4172022,1,0.15964523281596452,0.34573254221816524,0.3692577872261762,0.37915742793791574,0.0,\N,\N,\N,\N,\N,\N,\N,\N,3.4232097543907707,-76.54790961774097,2026-08-31T10:29:55Z,2026-08-31
d146b2a4-6794-4792-a0df-31841312b85c,214618,cali,google,Cali,Valle del Cauca,4172046,1,0.422279792746114,0.2314947127750786,0.16227492314448835,0.5466321243523317,0.0,\N,\N,\N,\N,\N,\N,\N,\N,3.422944639613251,-76.5481745560745,2026-08-31T10:29:55Z,2026-08-31
d146b2a4-6794-4792-a0df-31841312b85c,214620,cali,google,Cali,Valle del Cauca,4172048,1,0.365768896611642,0.39961954931226223,0.3501174890902988,0.4309296264118158,0.0,\N,\N,\N,\N,\N,\N,\N,\N,3.42309172857949,-76.54812047739975,2026-08-31T10:29:55Z,2026-08-31
d146b2a4-6794-4792-a0df-31841312b85c,214622,cali,google,Cali,Valle del Cauca,4172050,1,0.6104129263913824,0.6046244104451858,0.4037871033776868,0.15798922800718132,0.0,\N,\N,\N,\N,\N,\N,\N,\N,3.4231843764817653,-76.54804079609126,2026-08-31T10:29:55Z,2026-08-31
d146b2a4-6794-4792-a0df-31841312b85c,214631,cali,google,Cali,Valle del Cauca,4172059,1,0.9620938628158845,0.6913235636194464,0.45009541984732826,0.0,0.0,\N,\N,\N,\N,\N,\N,\N,\N,3.4233770457388526,-76.54803941385913,2026-08-31T10:29:55Z,2026-08-31
d146b2a4-6794-4792-a0df-31841312b85c,214632,cali,google,Cali,Valle del Cauca,4172060,1,0.7333333333333333,0.4991869918699187,0.46249184605348986,0.0,0.0,\N,\N,\N,\N,\N,\N,\N,\N,3.423286395664571,-76.54824523894962,2026-08-31T10:29:55Z,2026-08-31
d146b2a4-6794-4792-a0df-31841312b85c,214633,cali,google,Cali,Valle del Cauca,4172061,1,1.0,0.6425641025641026,0.5226051217198862,0.0,0.0,\N,\N,\N,\N,\N,\N,\N,\N,3.4233150610505394,-76.54823399624487,2026-08-31T10:29:55Z,2026-08-31
d146b2a4-6794-4792-a0df-31841312b85c,214634,cali,google,Cali,Valle del Cauca,4172062,1,0.408675799086758,0.31317335945151814,0.2824621397166585,0.0,0.0,\N,\N,\N,\N,\N,\N,\N,\N,3.42341305602727,-76.54831946068079,2026-08-31T10:29:55Z,2026-08-31
d146b2a4-6794-4792-a0df-31841312b85c,214635,cali,google,Cali,Valle del Cauca,4172063,1,0.7976190476190477,0.6414117647058823,0.4633598081822269,0.0,0.0,\N,\N,\N,\N,\N,\N,\N,\N,3.4233659984354516,-76.54797455230694,2026-08-31T10:29:55Z,2026-08-31
d146b2a4-6794-4792-a0df-31841312b85c,214636,cali,google,Cali,Valle del Cauca,4172064,1,1.0,0.6180851063829788,0.4281049194143053,0.0,0.0,\N,\N,\N,\N,\N,\N,\N,\N,3.423426662522789,-76.54823724634241,2026-08-31T10:29:55Z,2026-08-31
d146b2a4-6794-4792-a0df-31841312b85c,215238,cali,google,Cali,Valle del Cauca,4172666,1,0.5118733509234829,0.42986003110419907,0.31897256275539987,0.2717678100263852,0.0,\N,\N,\N,\N,\N,\N,\N,\N,3.422332454932211,-76.5428560135332,2026-08-31T10:29:55Z,2026-08-31
d146b2a4-6794-4792-a0df-31841312b85c,215239,cali,google,Cali,Valle del Cauca,4172667,1,1.0,0.4482948294829483,0.32098360655737707,0.0,0.0,\N,\N,\N,\N,\N,\N,\N,\N,3.422377647708027,-76.54282372600609,2026-08-31T10:29:55Z,2026-08-31
d146b2a4-6794-4792-a0df-31841312b85c,215264,cali,google,Cali,Valle del Cauca,4172692,1,0.8151986183074266,0.47565614302015974,0.22225969645868465,0.0017271157167530224,0.0,\N,\N,\N,\N,\N,\N,\N,\N,3.420959267442143,-76.54274144651161,2026-08-31T10:29:55Z,2026-08-31
d146b2a4-6794-4792-a0df-31841312b85c,215387,cali,google,Cali,Valle del Cauca,4172815,1,0.2651331719128329,0.06829602558245775,0.05185255920550038,0.05205811138014528,0.0,\N,\N,\N,\N,\N,\N,\N,\N,3.4422525489414197,-76.5506792635514,2026-08-31T10:29:55Z,2026-08-31
d146b2a4-6794-4792-a0df-31841312b85c,216158,cali,google,Cali,Valle del Cauca,4173586,1,0.6162280701754386,0.19089615931721196,0.07372816174046808,0.0,0.0,\N,\N,\N,\N,\N,\N,\N,\N,3.441688685173534,-76.54960845744188,2026-08-31T10:29:55Z,2026-08-31
d146b2a4-6794-4792-a0df-31841312b85c,216160,cali,google,Cali,Valle del Cauca,4173588,1,0.10043668122270742,0.1925074183976261,0.08725617685305592,0.3406113537117904,0.0,\N,\N,\N,\N,\N,\N,\N,\N,3.441767522038196,-76.54960005518265,2026-08-31T10:29:55Z,2026-08-31
d146b2a4-6794-4792-a0df-31841312b85c,216161,cali,google,Cali,Valle del Cauca,4173589,1,0.41830065359477125,0.22496617050067658,0.08261511942871214,0.0784313725490196,0.0,\N,\N,\N,\N,\N,\N,\N,\N,3.441607635990687,-76.54959770870254,2026-08-31T10:29:55Z,2026-08-31
d146b2a4-6794-4792-a0df-31841312b85c,216165,cali,google,Cali,Valle del Cauca,4173593,1,0.4782608695652174,0.258804907004353,0.09097071583514099,0.0,0.0,\N,\N,\N,\N,\N,\N,\N,\N,3.4416719240108113,-76.5495163902283,2026-08-31T10:29:55Z,2026-08-31
d146b2a4-6794-4792-a0df-31841312b85c,216166,cali,google,Cali,Valle del Cauca,4173594,1,0.23333333333333334,0.24145583666222814,0.09745824255628177,0.0,0.0,\N,\N,\N,\N,\N,\N,\N,\N,3.4416079107552333,-76.54951977853423,2026-08-31T10:29:55Z,2026-08-31
d146b2a4-6794-4792-a0df-31841312b85c,216292,cali,google,Cali,Valle del Cauca,4173720,1,0.5236051502145923,0.21110152430255968,0.08153743612530549,0.0,0.0,\N,\N,\N,\N,\N,\N,\N,\N,3.4406940598597644,-76.55094317693897,2026-08-31T10:29:55Z,2026-08-31
d146b2a4-6794-4792-a0df-31841312b85c,216335,cali,google,Cali,Valle del Cauca,4173763,1,0.8385542168674699,0.22075187969924812,0.08392407957923623,0.0,0.0,\N,\N,\N,\N,\N,\N,\N,\N,3.4406722880849294,-76.55086402420473,2026-08-31T10:29:55Z,2026-08-31
d146b2a4-6794-4792-a0df-31841312b85c,216402,cali,google,Cali,Valle del Cauca,4173830,1,0.33712984054669703,0.1040308239478364,0.06191562143671608,0.004555808656036446,0.0,\N,\N,\N,\N,\N,\N,\N,\N,3.442060789481392,-76.55046706621509,2026-08-31T10:29:55Z,2026-08-31
d146b2a4-6794-4792-a0df-31841312b85c,216405,cali,google,Cali,Valle del Cauca,4173833,1,0.25357142857142856,0.0993025572899369,0.07696955050749155,0.26785714285714285,0.0,\N,\N,\N,\N,\N,\N,\N,\N,3.442148948626386,-76.55063744605346,2026-08-31T10:29:55Z,2026-08-31
d146b2a4-6794-4792-a0df-31841312b85c,216406,cali,google,Cali,Valle del Cauca,4173834,1,0.5637254901960784,0.13437978560490046,0.08684597885721933,0.0,0.0,\N,\N,\N,\N,\N,\N,\N,\N,3.4421517922686897,-76.5504697314059,2026-08-31T10:29:55Z,2026-08-31
d146b2a4-6794-4792-a0df-31841312b85c,216678,cali,google,Cali,Valle del Cauca,4174106,1,0.5289256198347108,0.05779569892473118,0.018760907504363003,0.0,0.0,\N,\N,\N,\N,\N,\N,\N,\N,3.4471680527559156,-76.55003583637945,2026-08-31T10:29:55Z,2026-08-31
d146b2a4-6794-4792-a0df-31841312b85c,216683,cali,google,Cali,Valle del Cauca,4174111,1,0.15601023017902813,0.03627671541057368,0.01397313691507799,0.04859335038363171,0.0,\N,\N,\N,\N,\N,\N,\N,\N,3.4471339471936893,-76.54997453898555,2026-08-31T10:29:55Z,2026-08-31
d146b2a4-6794-4792-a0df-31841312b85c,219144,cali,google,Cali,Valle del Cauca,4176572,1,0.3356643356643357,0.11893723252496434,0.05305798252581414,0.34353146853146854,0.0,\N,\N,\N,\N,\N,\N,\N,\N,3.430710940142226,-76.54538029378244,2026-08-31T10:29:55Z,2026-08-31
d146b2a4-6794-4792-a0df-31841312b85c,219419,cali,google,Cali,Valle del Cauca,4176931,1,0.1037463976945245,0.24479804161566707,0.10694972962147006,0.5662824207492796,0.0,\N,\N,\N,\N,\N,\N,\N,\N,3.4201179820604963,-76.54787038920487,2026-08-31T10:29:55Z,2026-08-31
d146b2a4-6794-4792-a0df-31841312b85c,219431,cali,google,Cali,Valle del Cauca,4176943,1,0.5459662288930581,0.20900195694716242,0.09158734242346282,0.08818011257035648,0.0,\N,\N,\N,\N,\N,\N,\N,\N,3.420212279947578,-76.5479441883716,2026-08-31T10:29:55Z,2026-08-31
d146b2a4-6794-4792-a0df-31841312b85c,220502,cali,google,Cali,Valle del Cauca,4178202,1,0.43577981651376146,0.14205816554809844,0.06531678641410843,0.0,0.0,\N,\N,\N,\N,\N,\N,\N,\N,3.424632037104231,-76.55586861727988,2026-08-31T10:29:55Z,2026-08-31
d146b2a4-6794-4792-a0df-31841312b85c,220658,cali,google,Cali,Valle del Cauca,4178358,1,0.9728682170542635,0.19513938527519656,0.08324834268230495,0.0,0.0,\N,\N,\N,\N,\N,\N,\N,\N,3.423408907606662,-76.5557520957644,2026-08-31T10:29:55Z,2026-08-31
d146b2a4-6794-4792-a0df-31841312b85c,220674,cali,google,Cali,Valle del Cauca,4178374,1,0.15514592933947774,0.1138035482475119,0.08825932988286571,0.027649769585253458,0.0,\N,\N,\N,\N,\N,\N,\N,\N,3.42343122873774,-76.55585233204337,2026-08-31T10:29:55Z,2026-08-31
d146b2a4-6794-4792-a0df-31841312b85c,220691,cali,google,Cali,Valle del Cauca,4178391,1,0.5828877005347594,0.181145305804441,0.06458109559613319,0.0,0.0,\N,\N,\N,\N,\N,\N,\N,\N,3.423171816951886,-76.55586895154916,2026-08-31T10:29:55Z,2026-08-31
d146b2a4-6794-4792-a0df-31841312b85c,220856,cali,google,Cali,Valle del Cauca,4178556,1,0.8979591836734694,0.21971252566735114,0.07535222415703657,0.0,0.0,\N,\N,\N,\N,\N,\N,\N,\N,3.423108345843055,-76.55584745992847,2026-08-31T10:29:55Z,2026-08-31
d146b2a4-6794-4792-a0df-31841312b85c,220864,cali,google,Cali,Valle del Cauca,4178564,1,0.45018450184501846,0.19329529243937232,0.06869455006337136,0.0,0.0,\N,\N,\N,\N,\N,\N,\N,\N,3.422888561508381,-76.55569832417383,2026-08-31T10:29:55Z,2026-08-31
d146b2a4-6794-4792-a0df-31841312b85c,221005,cali,google,Cali,Valle del Cauca,4178705,1,0.387360594795539,0.17475202885482416,0.07912787849093582,0.15390334572490708,0.0,\N,\N,\N,\N,\N,\N,\N,\N,3.4223277683275857,-76.5526456666614,2026-08-31T10:29:55Z,2026-08-31
d146b2a4-6794-4792-a0df-31841312b85c,221236,cali,google,Cali,Valle del Cauca,4180503,1,0.1523809523809524,0.1469924812030075,0.05130560293924682,0.0,0.0,\N,\N,\N,\N,\N,\N,\N,\N,3.42643636785733,-76.55705355008182,2026-08-31T10:29:55Z,2026-08-31
d146b2a4-6794-4792-a0df-31841312b85c,221241,cali,google,Cali,Valle del Cauca,4180508,1,0.2127659574468085,0.07340389211334927,0.0483372481147237,0.0,0.0,\N,\N,\N,\N,\N,\N,\N,\N,3.426536193931091,-76.55708146958133,2026-08-31T10:29:55Z,2026-08-31
d146b2a4-6794-4792-a0df-31841312b85c,221470,cali,google,Cali,Valle del Cauca,4180737,1,0.14883720930232558,0.01411589895988113,0.004949205522271425,0.0,0.0,\N,\N,\N,\N,\N,\N,\N,\N,3.4225193872009703,-76.5572555812394,2026-08-31T10:29:55Z,2026-08-31
d146b2a4-6794-4792-a0df-31841312b85c,221514,cali,google,Cali,Valle del Cauca,4180781,1,0.2860696517412935,0.17165967645296584,0.06515806231521491,0.0,0.0,\N,\N,\N,\N,\N,\N,\N,\N,3.4242478321448195,-76.55795239607389,2026-08-31T10:29:55Z,2026-08-31
d146b2a4-6794-4792-a0df-31841312b85c,221516,cali,google,Cali,Valle del Cauca,4180783,1,0.5093167701863354,0.19138276553106212,0.0699719135425571,0.0,0.0,\N,\N,\N,\N,\N,\N,\N,\N,3.424165625249905,-76.55788956730558,2026-08-31T10:29:55Z,2026-08-31
d146b2a4-6794-4792-a0df-31841312b85c,221517,cali,google,Cali,Valle del Cauca,4180784,1,0.7685714285714286,0.18365384615384617,0.06814127720299679,0.0,0.0,\N,\N,\N,\N,\N,\N,\N,\N,3.4242562731603945,-76.55788080223769,2026-08-31T10:29:55Z,2026-08-31
d146b2a4-6794-4792-a0df-31841312b85c,221738,cali,google,Cali,Valle del Cauca,4181005,1,0.13333333333333333,0.04752342704149933,0.01739343459088682,0.0,0.0,\N,\N,\N,\N,\N,\N,\N,\N,3.424117963337741,-76.55864502656208,2026-08-31T10:29:55Z,2026-08-31
d146b2a4-6794-4792-a0df-31841312b85c,222753,cali,google,Cali,Valle del Cauca,4183197,1,1.0,0.25965488907148726,0.089562569213732,0.0,0.0,\N,\N,\N,\N,\N,\N,\N,\N,3.420774870129715,-76.5584632950273,2026-08-31T10:29:55Z,2026-08-31
d146b2a4-6794-4792-a0df-31841312b85c,222769,cali,google,Cali,Valle del Cauca,4183213,1,0.9819819819819819,0.28545618789521227,0.09484022280856054,0.0,0.0,\N,\N,\N,\N,\N,\N,\N,\N,3.420757701829904,-76.55849712836316,2026-08-31T10:29:55Z,2026-08-31
d146b2a4-6794-4792-a0df-31841312b85c,223152,cali,google,Cali,Valle del Cauca,4183596,1,0.9,0.10920852359208523,0.038033395176252316,0.0,0.0,\N,\N,\N,\N,\N,\N,\N,\N,3.4207734285322466,-76.55809460300898,2026-08-31T10:29:55Z,2026-08-31
d146b2a4-6794-4792-a0df-31841312b85c,223175,cali,google,Cali,Valle del Cauca,4183619,1,0.211864406779661,0.12467419635099913,0.04101757896241246,0.0,0.0,\N,\N,\N,\N,\N,\N,\N,\N,3.42082470087521,-76.55804194354377,2026-08-31T10:29:55Z,2026-08-31
d146b2a4-6794-4792-a0df-31841312b85c,224122,cali,google,Cali,Valle del Cauca,4184566,1,0.273224043715847,0.08466453674121406,0.09046713168463327,0.0,0.0,\N,\N,\N,\N,\N,\N,\N,\N,3.4158003276950653,-76.56074134004338,2026-08-31T10:29:55Z,2026-08-31
d146b2a4-6794-4792-a0df-31841312b85c,224127,cali,google,Cali,Valle del Cauca,4184571,1,0.9861111111111112,0.27606752730883816,0.14420693928128872,0.0,0.0,\N,\N,\N,\N,\N,\N,\N,\N,3.4156357380423743,-76.56064027245884,2026-08-31T10:29:55Z,2026-08-31
d146b2a4-6794-4792-a0df-31841312b85c,226073,cali,google,Cali,Valle del Cauca,4186523,1,0.25,0.16274089935760172,0.06409767264402899,0.0,0.0,\N,\N,\N,\N,\N,\N,\N,\N,3.419305978318299,-76.5628566238029,2026-08-31T10:29:55Z,2026-08-31
d146b2a4-6794-4792-a0df-31841312b85c,226101,cali,google,Cali,Valle del Cauca,4186551,1,0.2926829268292683,0.13372434017595308,0.056782334384858045,0.004434589800443459,0.0,\N,\N,\N,\N,\N,\N,\N,\N,3.4193666822964195,-76.5629177099275,2026-08-31T10:29:55Z,2026-08-31
d146b2a4-6794-4792-a0df-31841312b85c,226426,cali,google,Cali,Valle del Cauca,4186876,1,0.45652173913043476,0.1626129256428075,0.05858054825384904,0.0,0.0,\N,\N,\N,\N,\N,\N,\N,\N,3.418035720104548,-76.56420097705733,2026-08-31T10:29:55Z,2026-08-31
d146b2a4-6794-4792-a0df-31841312b85c,226453,cali,google,Cali,Valle del Cauca,4186903,1,0.14935064935064934,0.1470295386657816,0.056962025316455694,0.0,0.0,\N,\N,\N,\N,\N,\N,\N,\N,3.4179743440821575,-76.56414650512977,2026-08-31T10:29:55Z,2026-08-31
d146b2a4-6794-4792-a0df-31841312b85c,226457,cali,google,Cali,Valle del Cauca,4186907,1,1.0,0.20717131474103587,0.0676398323457147,0.0,0.0,\N,\N,\N,\N,\N,\N,\N,\N,3.4180389201019,-76.56414259889205,2026-08-31T10:29:55Z,2026-08-31
d146b2a4-6794-4792-a0df-31841312b85c,227002,cali,google,Cali,Valle del Cauca,4187452,1,0.14736842105263157,0.21316614420062696,0.08904202134846642,0.1736842105263158,0.0,\N,\N,\N,\N,\N,\N,\N,\N,3.415698639320247,-76.56140071528169,2026-08-31T10:29:55Z,2026-08-31
d146b2a4-6794-4792-a0df-31841312b85c,227205,cali,google,Cali,Valle del Cauca,4187655,1,0.9250871080139372,0.17648634172469202,0.06995011145313661,0.0,0.0,\N,\N,\N,\N,\N,\N,\N,\N,3.4156322265102026,-76.56145093974246,2026-08-31T10:29:55Z,2026-08-31
d146b2a4-6794-4792-a0df-31841312b85c,229095,cali,google,Cali,Valle del Cauca,4189545,1,0.1781609195402299,0.01247987117552335,0.004228041462084015,0.0,0.0,\N,\N,\N,\N,\N,\N,\N,\N,3.42353219819653,-76.56457444034646,2026-08-31T10:29:55Z,2026-08-31
d146b2a4-6794-4792-a0df-31841312b85c,229268,cali,google,Cali,Valle del Cauca,4189718,1,0.12053571428571429,0.1449222985182508,0.05129845209159524,0.04017857142857143,0.0,\N,\N,\N,\N,\N,\N,\N,\N,3.4241156592996327,-76.56529091060852,2026-08-31T10:29:55Z,2026-08-31
d146b2a4-6794-4792-a0df-31841312b85c,229664,cali,google,Cali,Valle del Cauca,4190114,1,0.49612403100775193,0.25770122557138125,0.11372739410122587,0.2054263565891473,0.0,\N,\N,\N,\N,\N,\N,\N,\N,3.4272231015180057,-76.55598917098054,2026-08-31T10:29:55Z,2026-08-31
d146b2a4-6794-4792-a0df-31841312b85c,229665,cali,google,Cali,Valle del Cauca,4190115,1,0.45251396648044695,0.3417223751474636,0.12607642626480087,0.0,0.0,\N,\N,\N,\N,\N,\N,\N,\N,3.4271676947514025,-76.55599120725309,2026-08-31T10:29:55Z,2026-08-31
d146b2a4-6794-4792-a0df-31841312b85c,229676,cali,google,Cali,Valle del Cauca,4190126,1,0.17571059431524547,0.18997197134848956,0.10973181871413515,0.0,0.0,\N,\N,\N,\N,\N,\N,\N,\N,3.427087878107607,-76.55597631953756,2026-08-31T10:29:55Z,2026-08-31
d146b2a4-6794-4792-a0df-31841312b85c,232004,cali,google,Cali,Valle del Cauca,4192454,1,0.5738636363636364,0.11711356466876971,0.04011887072808321,0.0,0.0,\N,\N,\N,\N,\N,\N,\N,\N,3.4161382775568883,-76.56546395119436,2026-08-31T10:29:55Z,2026-08-31
d146b2a4-6794-4792-a0df-31841312b85c,232008,cali,google,Cali,Valle del Cauca,4192458,1,0.40404040404040403,0.11418685121107267,0.03953674121405751,0.0,0.0,\N,\N,\N,\N,\N,\N,\N,\N,3.416179761767829,-76.56550809544167,2026-08-31T10:29:55Z,2026-08-31
d146b2a4-6794-4792-a0df-31841312b85c,232014,cali,google,Cali,Valle del Cauca,4192464,1,0.11217948717948718,0.16601689408706952,0.1236816874400767,0.0,0.0,\N,\N,\N,\N,\N,\N,\N,\N,3.420415271287338,-76.56621010527132,2026-08-31T10:29:55Z,2026-08-31
d146b2a4-6794-4792-a0df-31841312b85c,232016,cali,google,Cali,Valle del Cauca,4192466,1,0.39080459770114945,0.38127090301003347,0.14733020723037363,0.0,0.0,\N,\N,\N,\N,\N,\N,\N,\N,3.420503999819812,-76.56622864636894,2026-08-31T10:29:55Z,2026-08-31
d146b2a4-6794-4792-a0df-31841312b85c,232017,cali,google,Cali,Valle del Cauca,4192467,1,1.0,0.36746522411128285,0.13791260189763463,0.0,0.0,\N,\N,\N,\N,\N,\N,\N,\N,3.4205175250793625,-76.56617338661181,2026-08-31T10:29:55Z,2026-08-31
d146b2a4-6794-4792-a0df-31841312b85c,232020,cali,google,Cali,Valle del Cauca,4192470,1,0.6220095693779905,0.3521821631878558,0.13623762376237625,0.0,0.0,\N,\N,\N,\N,\N,\N,\N,\N,3.4205498734768023,-76.56611407362935,2026-08-31T10:29:55Z,2026-08-31
d146b2a4-6794-4792-a0df-31841312b85c,232021,cali,google,Cali,Valle del Cauca,4192471,1,1.0,0.34553775743707094,0.12635905595332803,0.0,0.0,\N,\N,\N,\N,\N,\N,\N,\N,3.420584194893901,-76.56619139244272,2026-08-31T10:29:55Z,2026-08-31
d146b2a4-6794-4792-a0df-31841312b85c,232033,cali,google,Cali,Valle del Cauca,4192483,1,0.23684210526315788,0.23784006595218465,0.1319184352892218,0.0,0.0,\N,\N,\N,\N,\N,\N,\N,\N,3.420632129987511,-76.56621896230726,2026-08-31T10:29:55Z,2026-08-31
d146b2a4-6794-4792-a0df-31841312b85c,239698,cali,google,Cali,Valle del Cauca,4207139,1,0.1592356687898089,0.032467532467532464,0.0143890807432988,0.036396724294813464,0.0,\N,\N,\N,\N,\N,\N,\N,\N,3.447253844951861,-76.49978655615794,2026-08-31T10:29:55Z,2026-08-31
d146b2a4-6794-4792-a0df-31841312b85c,239903,cali,google,Cali,Valle del Cauca,4207344,1,0.3159379407616361,0.055811696190245084,0.0229197807673144,0.0,0.0,\N,\N,\N,\N,\N,\N,\N,\N,3.4453464301902055,-76.49956482941153,2026-08-31T10:29:55Z,2026-08-31
d146b2a4-6794-4792-a0df-31841312b85c,240551,cali,google,Cali,Valle del Cauca,4207992,1,0.22705314009661837,0.01800076599004213,0.006236730360934183,0.0,0.0,\N,\N,\N,\N,\N,\N,\N,\N,3.4199644562048443,-76.50586562584824,2026-08-31T10:29:55Z,2026-08-31
d146b2a4-6794-4792-a0df-31841312b85c,240853,cali,google,Cali,Valle del Cauca,4208294,1,0.3557692307692308,0.32157394843962006,0.1310658261252016,0.0,0.0,\N,\N,\N,\N,\N,\N,\N,\N,3.4184454531317043,-76.50856537044446,2026-08-31T10:29:55Z,2026-08-31
d146b2a4-6794-4792-a0df-31841312b85c,240854,cali,google,Cali,Valle del Cauca,4208295,1,1.0,0.29909668785547006,0.10901109620777955,0.0,0.0,\N,\N,\N,\N,\N,\N,\N,\N,3.418460228107669,-76.50851753064269,2026-08-31T10:29:55Z,2026-08-31
d146b2a4-6794-4792-a0df-31841312b85c,240855,cali,google,Cali,Valle del Cauca,4208296,1,0.6484641638225256,0.22205663189269748,0.0895074088906688,0.0,0.0,\N,\N,\N,\N,\N,\N,\N,\N,3.4185099097210756,-76.50848064917102,2026-08-31T10:29:55Z,2026-08-31
d146b2a4-6794-4792-a0df-31841312b85c,241586,cali,google,Cali,Valle del Cauca,4209027,1,0.26763110307414106,0.08540788969743393,0.03789938817131203,0.0,0.0,\N,\N,\N,\N,\N,\N,\N,\N,3.4477415275261323,-76.49707506823808,2026-08-31T10:29:55Z,2026-08-31
d146b2a4-6794-4792-a0df-31841312b85c,243551,cali,google,Cali,Valle del Cauca,4212273,1,0.15815815815815815,0.03237704918032787,0.014035711113085192,0.024024024024024024,0.0,\N,\N,\N,\N,\N,\N,\N,\N,3.4283325121494483,-76.51039075954266,2026-08-31T10:29:55Z,2026-08-31
d146b2a4-6794-4792-a0df-31841312b85c,243846,cali,google,Cali,Valle del Cauca,4212568,1,0.43184421534937,0.08388667552014166,0.03552680914885639,0.0,0.0,\N,\N,\N,\N,\N,\N,\N,\N,3.4276616297156717,-76.50997428940177,2026-08-31T10:29:55Z,2026-08-31
d146b2a4-6794-4792-a0df-31841312b85c,244930,cali,google,Cali,Valle del Cauca,4214911,1,0.3359683794466403,0.17666666666666667,0.06413359148112294,0.2450592885375494,0.0,\N,\N,\N,\N,\N,\N,\N,\N,3.4235880065800925,-76.49818301375092,2026-08-31T10:29:55Z,2026-08-31
d146b2a4-6794-4792-a0df-31841312b85c,244933,cali,google,Cali,Valle del Cauca,4214914,1,0.15489130434782608,0.16462841015992474,0.06233094202046337,0.26902173913043476,0.0,\N,\N,\N,\N,\N,\N,\N,\N,3.4236192422411253,-76.49825499805357,2026-08-31T10:29:55Z,2026-08-31
d146b2a4-6794-4792-a0df-31841312b85c,245213,cali,google,Cali,Valle del Cauca,4215194,1,0.1258741258741259,0.12153069806560135,0.04056140350877193,0.16783216783216784,0.0,\N,\N,\N,\N,\N,\N,\N,\N,3.436179577427296,-76.50518851550267,2026-08-31T10:29:55Z,2026-08-31
d146b2a4-6794-4792-a0df-31841312b85c,245834,cali,google,Cali,Valle del Cauca,4215815,1,0.1309823677581864,0.014976958525345621,0.005740147919196379,0.10327455919395466,0.0,\N,\N,\N,\N,\N,\N,\N,\N,3.432600809170141,-76.5049883721202,2026-08-31T10:29:55Z,2026-08-31
d146b2a4-6794-4792-a0df-31841312b85c,246484,cali,google,Cali,Valle del Cauca,4216465,1,0.11947318908748825,0.024704618689581095,0.010931558935361217,0.2041392285983067,0.0,\N,\N,\N,\N,\N,\N,\N,\N,3.433781198040586,-76.50900282256725,2026-08-31T10:29:55Z,2026-08-31
d146b2a4-6794-4792-a0df-31841312b85c,249026,cali,google,Cali,Valle del Cauca,4220161,1,0.6846394984326019,0.21315449256625726,0.09914311485267589,0.0,0.0,\N,\N,\N,\N,\N,\N,\N,\N,3.4266375594952807,-76.49686974164582,2026-08-31T10:29:55Z,2026-08-31
d146b2a4-6794-4792-a0df-31841312b85c,252593,cali,google,Cali,Valle del Cauca,4226847,1,0.2334293948126801,0.02700576822233875,0.010438836525793048,0.24495677233429394,0.0,\N,\N,\N,\N,\N,\N,\N,\N,3.439039065176968,-76.49629503370414,2026-08-31T10:29:55Z,2026-08-31
d146b2a4-6794-4792-a0df-31841312b85c,253307,cali,google,Cali,Valle del Cauca,4227561,1,0.1717557251908397,0.055537262649544505,0.02859241679380686,0.2356002775850104,0.0,\N,\N,\N,\N,\N,\N,\N,\N,3.423257073665299,-76.51248992118312,2026-08-31T10:29:55Z,2026-08-31
d146b2a4-6794-4792-a0df-31841312b85c,254057,cali,google,Cali,Valle del Cauca,4228311,1,0.10968102965864578,0.031678342978982636,0.015014798238648668,0.0,0.0,\N,\N,\N,\N,\N,\N,\N,\N,3.4226331138210315,-76.51292607462527,2026-08-31T10:29:55Z,2026-08-31
d146b2a4-6794-4792-a0df-31841312b85c,254129,cali,google,Cali,Valle del Cauca,4228383,1,0.1771523178807947,0.05058269278452765,0.0204020402040204,0.3509933774834437,0.0,\N,\N,\N,\N,\N,\N,\N,\N,3.4213309440561,-76.51421290065385,2026-08-31T10:29:55Z,2026-08-31
d146b2a4-6794-4792-a0df-31841312b85c,254680,cali,google,Cali,Valle del Cauca,4230939,1,0.43679599499374216,0.14584203928123693,0.06223807400802497,0.0688360450563204,0.0,\N,\N,\N,\N,\N,\N,\N,\N,3.4480713891812154,-76.51247307717425,2026-08-31T10:29:55Z,2026-08-31
d146b2a4-6794-4792-a0df-31841312b85c,254683,cali,google,Cali,Valle del Cauca,4230942,1,0.17772511848341233,0.1836509251587959,0.07483649619384583,0.009478672985781991,0.0,\N,\N,\N,\N,\N,\N,\N,\N,3.448194138391434,-76.51249152588719,2026-08-31T10:29:55Z,2026-08-31
d146b2a4-6794-4792-a0df-31841312b85c,255142,cali,google,Cali,Valle del Cauca,4231401,1,0.11228070175438597,0.015162283819000238,0.0061668915012526495,0.1,0.0,\N,\N,\N,\N,\N,\N,\N,\N,3.446310374042046,-76.51193397916285,2026-08-31T10:29:55Z,2026-08-31
d146b2a4-6794-4792-a0df-31841312b85c,256334,cali,google,Cali,Valle del Cauca,4232593,1,0.9259259259259259,0.15709797200799772,0.059698252469336806,0.0,0.0,\N,\N,\N,\N,\N,\N,\N,\N,3.4268433730520895,-76.5065362453035,2026-08-31T10:29:55Z,2026-08-31
d146b2a4-6794-4792-a0df-31841312b85c,260977,cali,google,Cali,Valle del Cauca,4240961,1,0.22679814385150812,0.0726643598615917,0.03427299703264095,0.4031322505800464,0.0,\N,\N,\N,\N,\N,\N,\N,\N,3.447292207624206,-76.50172596326138,2026-08-31T10:29:55Z,2026-08-31
d146b2a4-6794-4792-a0df-31841312b85c,261771,cali,google,Cali,Valle del Cauca,4241755,1,0.6515151515151515,0.17583732057416268,0.06623859411963501,0.06060606060606061,0.0,\N,\N,\N,\N,\N,\N,\N,\N,3.434836407713479,-76.50386664517887,2026-08-31T10:29:55Z,2026-08-31
d146b2a4-6794-4792-a0df-31841312b85c,262200,cali,google,Cali,Valle del Cauca,4242184,1,0.19469026548672566,0.1616994292961319,0.06012024048096192,0.2153392330383481,0.0,\N,\N,\N,\N,\N,\N,\N,\N,3.435296457377868,-76.50095237814425,2026-08-31T10:29:55Z,2026-08-31
d146b2a4-6794-4792-a0df-31841312b85c,263827,cali,google,Cali,Valle del Cauca,4243881,1,0.7825520833333334,0.16188714153561518,0.06732711359045879,0.0,0.0,\N,\N,\N,\N,\N,\N,\N,\N,3.4189170036481493,-76.50293698048283,2026-08-31T10:29:55Z,2026-08-31
d146b2a4-6794-4792-a0df-31841312b85c,264723,cali,google,Cali,Valle del Cauca,4244827,1,0.3189102564102564,0.13644088370963825,0.05642914012738853,0.05128205128205128,0.0,\N,\N,\N,\N,\N,\N,\N,\N,3.425744132812766,-76.50311854762992,2026-08-31T10:29:55Z,2026-08-31
d146b2a4-6794-4792-a0df-31841312b85c,266867,cali,google,Cali,Valle del Cauca,4251067,1,0.16646115906288533,0.03456902433477371,0.014484467314655993,0.0,0.0,\N,\N,\N,\N,\N,\N,\N,\N,3.4303577592231957,-76.51393469837609,2026-08-31T10:29:55Z,2026-08-31
d146b2a4-6794-4792-a0df-31841312b85c,267907,cali,google,Cali,Valle del Cauca,4252107,1,0.5581395348837209,0.17128224582701063,0.07540709812108559,0.06201550387596899,0.0,\N,\N,\N,\N,\N,\N,\N,\N,3.4440630421931777,-76.50758846804916,2026-08-31T10:29:55Z,2026-08-31
d146b2a4-6794-4792-a0df-31841312b85c,269628,cali,google,Cali,Valle del Cauca,4256782,1,0.42429906542056073,0.14689709347996857,0.05837061700135262,0.0,0.0,\N,\N,\N,\N,\N,\N,\N,\N,3.417184930752305,-76.51241803634329,2026-08-31T10:29:55Z,2026-08-31
d146b2a4-6794-4792-a0df-31841312b85c,270350,cali,google,Cali,Valle del Cauca,4257598,1,0.5254237288135594,0.1533678756476684,0.05469245402663285,0.0,0.0,\N,\N,\N,\N,\N,\N,\N,\N,3.4384259916535287,-76.51188405213048,2026-08-31T10:29:55Z,2026-08-31
d146b2a4-6794-4792-a0df-31841312b85c,271008,cali,google,Cali,Valle del Cauca,4258256,1,0.31881533101045295,0.08311250301132257,0.03371774824081313,0.03832752613240418,0.0,\N,\N,\N,\N,\N,\N,\N,\N,3.438480244915139,-76.51191269369008,2026-08-31T10:29:55Z,2026-08-31
d146b2a4-6794-4792-a0df-31841312b85c,271012,cali,google,Cali,Valle del Cauca,4258260,1,0.32038834951456313,0.11473229132025274,0.04200657494216486,0.003236245954692557,0.0,\N,\N,\N,\N,\N,\N,\N,\N,3.438511345363701,-76.51182433859468,2026-08-31T10:29:55Z,2026-08-31
d146b2a4-6794-4792-a0df-31841312b85c,271366,cali,google,Cali,Valle del Cauca,4258614,1,0.10422535211267606,0.14285714285714285,0.05313952102942929,0.0,0.0,\N,\N,\N,\N,\N,\N,\N,\N,3.426182561227763,-76.5082459262591,2026-08-31T10:29:55Z,2026-08-31
d146b2a4-6794-4792-a0df-31841312b85c,271710,cali,google,Cali,Valle del Cauca,4258958,1,0.2017167381974249,0.033539486203615604,0.013796477495107632,0.2246065808297568,0.0,\N,\N,\N,\N,\N,\N,\N,\N,3.425912852066212,-76.5088592992972,2026-08-31T10:29:55Z,2026-08-31
d146b2a4-6794-4792-a0df-31841312b85c,272620,cali,google,Cali,Valle del Cauca,4259868,1,0.2579185520361991,0.2606589147286822,0.2520381785643269,0.11161387631975868,0.0,\N,\N,\N,\N,\N,\N,\N,\N,3.4207184583521864,-76.49017191616477,2026-08-31T10:29:55Z,2026-08-31
d146b2a4-6794-4792-a0df-31841312b85c,272624,cali,google,Cali,Valle del Cauca,4259872,1,0.8103448275862069,0.5409067222511725,0.4169847328244275,0.0,0.0,\N,\N,\N,\N,\N,\N,\N,\N,3.420795680761648,-76.49012681730466,2026-08-31T10:29:55Z,2026-08-31
d146b2a4-6794-4792-a0df-31841312b85c,280387,cali,google,Cali,Valle del Cauca,4269444,1,0.9375,0.3231347289318304,0.11286936864201517,0.0,0.0,\N,\N,\N,\N,\N,\N,\N,\N,3.4297671704798742,-76.49232782635823,2026-08-31T10:29:55Z,2026-08-31
d146b2a4-6794-4792-a0df-31841312b85c,280408,cali,google,Cali,Valle del Cauca,4269465,1,0.46786632390745503,0.2131047152480098,0.08081859174471037,0.0,0.0,\N,\N,\N,\N,\N,\N,\N,\N,3.4297056485186133,-76.49229700003534,2026-08-31T10:29:55Z,2026-08-31
d146b2a4-6794-4792-a0df-31841312b85c,280566,cali,google,Cali,Valle del Cauca,4269623,1,0.136986301369863,0.018793273986152326,0.00586781964175417,0.0,0.0,\N,\N,\N,\N,\N,\N,\N,\N,3.430439688925719,-76.49307671651972,2026-08-31T10:29:55Z,2026-08-31
d146b2a4-6794-4792-a0df-31841312b85c,280741,cali,google,Cali,Valle del Cauca,4269798,1,0.6587837837837838,0.08729619565217392,0.031720562823994075,0.0,0.0,\N,\N,\N,\N,\N,\N,\N,\N,3.4304454952419188,-76.49272864984619,2026-08-31T10:29:55Z,2026-08-31
d146b2a4-6794-4792-a0df-31841312b85c,281035,cali,google,Cali,Valle del Cauca,4270092,1,0.12080536912751678,0.045077105575326216,0.015386691861249831,0.0,0.0,\N,\N,\N,\N,\N,\N,\N,\N,3.4284608081816828,-76.49285848719514,2026-08-31T10:29:55Z,2026-08-31
d146b2a4-6794-4792-a0df-31841312b85c,281276,cali,google,Cali,Valle del Cauca,4270333,1,0.40016570008285,0.23441966838193254,0.10937897144793697,0.028169014084507043,0.0,\N,\N,\N,\N,\N,\N,\N,\N,3.4278121206990178,-76.49232963802807,2026-08-31T10:29:55Z,2026-08-31
d146b2a4-6794-4792-a0df-31841312b85c,281279,cali,google,Cali,Valle del Cauca,4270336,1,0.16304347826086957,0.26806989674344717,0.15863099280184706,0.03260869565217391,0.0,\N,\N,\N,\N,\N,\N,\N,\N,3.42796358045314,-76.49225739024287,2026-08-31T10:29:55Z,2026-08-31
d146b2a4-6794-4792-a0df-31841312b85c,281286,cali,google,Cali,Valle del Cauca,4270343,1,0.11764705882352941,0.057908968003605225,0.09240284316440506,0.3286004056795132,0.0,\N,\N,\N,\N,\N,\N,\N,\N,3.4277155528181376,-76.49234535897195,2026-08-31T10:29:55Z,2026-08-31
d146b2a4-6794-4792-a0df-31841312b85c,281291,cali,google,Cali,Valle del Cauca,4270348,1,0.726027397260274,0.389351081530782,0.1654806753174271,0.07534246575342465,0.0,\N,\N,\N,\N,\N,\N,\N,\N,3.4279200765663322,-76.49221064831659,2026-08-31T10:29:55Z,2026-08-31
d146b2a4-6794-4792-a0df-31841312b85c,281294,cali,google,Cali,Valle del Cauca,4270351,1,0.6428571428571429,0.3107908351810791,0.16176661054267583,0.0,0.0,\N,\N,\N,\N,\N,\N,\N,\N,3.4278491216080496,-76.49215387709289,2026-08-31T10:29:55Z,2026-08-31
d146b2a4-6794-4792-a0df-31841312b85c,281989,cali,google,Cali,Valle del Cauca,4271046,1,0.7376425855513308,0.1193929173693086,0.04333986287952987,0.0,0.0,\N,\N,\N,\N,\N,\N,\N,\N,3.4402185392173927,-76.48949928448943,2026-08-31T10:29:55Z,2026-08-31
d146b2a4-6794-4792-a0df-31841312b85c,282010,cali,google,Cali,Valle del Cauca,4271067,1,0.6268221574344023,0.08626817447495962,0.03194926408998444,0.0,0.0,\N,\N,\N,\N,\N,\N,\N,\N,3.440640722175795,-76.48913260878236,2026-08-31T10:29:55Z,2026-08-31
d146b2a4-6794-4792-a0df-31841312b85c,282165,cali,google,Cali,Valle del Cauca,4271222,1,0.34977578475336324,0.1232011232011232,0.0443164747120681,0.0,0.0,\N,\N,\N,\N,\N,\N,\N,\N,3.4401579315201114,-76.48939325558636,2026-08-31T10:29:55Z,2026-08-31
d146b2a4-6794-4792-a0df-31841312b85c,282953,cali,google,Cali,Valle del Cauca,4272010,1,0.22083333333333333,0.04160636758321273,0.014739810305049988,0.016666666666666666,0.0,\N,\N,\N,\N,\N,\N,\N,\N,3.431835055312349,-76.48048691531687,2026-08-31T10:29:55Z,2026-08-31
d146b2a4-6794-4792-a0df-31841312b85c,283148,cali,google,Cali,Valle del Cauca,4272205,1,0.4756944444444444,0.08100748808713411,0.029429949301347843,0.0,0.0,\N,\N,\N,\N,\N,\N,\N,\N,3.430031821172091,-76.47812905463371,2026-08-31T10:29:55Z,2026-08-31
d146b2a4-6794-4792-a0df-31841312b85c,283202,cali,google,Cali,Valle del Cauca,4272259,1,0.103,0.02347024308466052,0.010135746606334841,0.033,0.0,\N,\N,\N,\N,\N,\N,\N,\N,3.4248180057362747,-76.47958481828137,2026-08-31T10:29:55Z,2026-08-31
d146b2a4-6794-4792-a0df-31841312b85c,284297,cali,google,Cali,Valle del Cauca,4273354,1,0.25225225225225223,0.16847977684797769,0.06555953543905352,0.17792792792792791,0.0,\N,\N,\N,\N,\N,\N,\N,\N,3.4322497403364407,-76.48186347693695,2026-08-31T10:29:55Z,2026-08-31
d146b2a4-6794-4792-a0df-31841312b85c,286058,cali,google,Cali,Valle del Cauca,4275930,1,0.8421052631578947,0.2612390350877193,0.10206704508942915,0.05263157894736842,0.0,\N,\N,\N,\N,\N,\N,\N,\N,3.425666268188731,-76.48607592059666,2026-08-31T10:29:55Z,2026-08-31
d146b2a4-6794-4792-a0df-31841312b85c,286765,cali,google,Cali,Valle del Cauca,4276637,1,0.4106666666666667,0.11757463835026162,0.04428985507246377,0.0,0.0,\N,\N,\N,\N,\N,\N,\N,\N,3.4237483400386335,-76.47939703070318,2026-08-31T10:29:55Z,2026-08-31
d146b2a4-6794-4792-a0df-31841312b85c,286769,cali,google,Cali,Valle del Cauca,4276641,1,0.34791252485089463,0.10400217805608494,0.04083377872795296,0.0,0.0,\N,\N,\N,\N,\N,\N,\N,\N,3.423731396293553,-76.47932975707774,2026-08-31T10:29:55Z,2026-08-31
d146b2a4-6794-4792-a0df-31841312b85c,287574,cali,google,Cali,Valle del Cauca,4277446,1,0.512987012987013,0.07481853713009493,0.02907039809089923,0.0,0.0,\N,\N,\N,\N,\N,\N,\N,\N,3.422506517061337,-76.47906174952196,2026-08-31T10:29:55Z,2026-08-31
d146b2a4-6794-4792-a0df-31841312b85c,289433,cali,google,Cali,Valle del Cauca,4280498,1,0.17801047120418848,0.021474172954149738,0.008200354609929078,0.04712041884816754,0.0,\N,\N,\N,\N,\N,\N,\N,\N,3.418910072536392,-76.47752295900123,2026-08-31T10:29:55Z,2026-08-31
d146b2a4-6794-4792-a0df-31841312b85c,290203,cali,google,Cali,Valle del Cauca,4281268,1,0.673469387755102,0.07484220018034266,0.024261911721718796,0.0,0.0,\N,\N,\N,\N,\N,\N,\N,\N,3.449755144375042,-76.47630822410916,2026-08-31T10:29:55Z,2026-08-31
d146b2a4-6794-4792-a0df-31841312b85c,290204,cali,google,Cali,Valle del Cauca,4281269,1,0.13812154696132597,0.06459143968871596,0.02221627408993576,0.0,0.0,\N,\N,\N,\N,\N,\N,\N,\N,3.449770682748495,-76.47623304685905,2026-08-31T10:29:55Z,2026-08-31
d146b2a4-6794-4792-a0df-31841312b85c,293867,cali,google,Cali,Valle del Cauca,4284932,1,0.4787234042553192,0.16292652935751614,0.06982658959537573,0.02925531914893617,0.0,\N,\N,\N,\N,\N,\N,\N,\N,3.4322350280058607,-76.48179865856373,2026-08-31T10:29:55Z,2026-08-31
d146b2a4-6794-4792-a0df-31841312b85c,294032,cali,google,Cali,Valle del Cauca,4285097,1,1.0,0.24666666666666667,0.09502831969792322,0.0,0.0,\N,\N,\N,\N,\N,\N,\N,\N,3.432320510369242,-76.48188074853407,2026-08-31T10:29:55Z,2026-08-31
d146b2a4-6794-4792-a0df-31841312b85c,294046,cali,google,Cali,Valle del Cauca,4285111,1,0.1534526854219949,0.11838868388683887,0.07001275066651211,0.017902813299232736,0.0,\N,\N,\N,\N,\N,\N,\N,\N,3.4323207247195677,-76.48194190605507,2026-08-31T10:29:55Z,2026-08-31
d146b2a4-6794-4792-a0df-31841312b85c,294332,cali,google,Cali,Valle del Cauca,4285397,1,0.11235955056179775,0.015121368881814564,0.005166553365057783,0.0,0.0,\N,\N,\N,\N,\N,\N,\N,\N,3.432903814597496,-76.48423026920547,2026-08-31T10:29:55Z,2026-08-31
d146b2a4-6794-4792-a0df-31841312b85c,295523,cali,google,Cali,Valle del Cauca,4286724,1,0.8963730569948186,0.20896628380881807,0.0847938144329897,0.0,0.0,\N,\N,\N,\N,\N,\N,\N,\N,3.414991796668437,-76.48666120020779,2026-08-31T10:29:55Z,2026-08-31
d146b2a4-6794-4792-a0df-31841312b85c,295536,cali,google,Cali,Valle del Cauca,4286748,1,0.2222222222222222,0.23607888631090487,0.11186671200272016,0.0,0.0,\N,\N,\N,\N,\N,\N,\N,\N,3.4149562865807526,-76.4865686473373,2026-08-31T10:29:55Z,2026-08-31
d146b2a4-6794-4792-a0df-31841312b85c,295538,cali,google,Cali,Valle del Cauca,4286754,1,0.125,0.19457659372026642,0.09869506524673766,0.5555555555555556,0.0,\N,\N,\N,\N,\N,\N,\N,\N,3.4149860244785746,-76.48670720631164,2026-08-31T10:29:55Z,2026-08-31
d146b2a4-6794-4792-a0df-31841312b85c,296456,cali,google,Cali,Valle del Cauca,4287681,1,0.37628865979381443,0.2465857359635812,0.1185926999604691,0.015463917525773196,0.0,\N,\N,\N,\N,\N,\N,\N,\N,3.4313917035630626,-76.4865858913326,2026-08-31T10:29:55Z,2026-08-31
d146b2a4-6794-4792-a0df-31841312b85c,296459,cali,google,Cali,Valle del Cauca,4287684,1,0.9548611111111112,0.29354207436399216,0.10792660990526443,0.0,0.0,\N,\N,\N,\N,\N,\N,\N,\N,3.4313486292097926,-76.48650073925407,2026-08-31T10:29:55Z,2026-08-31
d146b2a4-6794-4792-a0df-31841312b85c,296487,cali,google,Cali,Valle del Cauca,4287712,1,0.7301587301587301,0.233523611831863,0.09257354453816087,0.0,0.0,\N,\N,\N,\N,\N,\N,\N,\N,3.431417621168801,-76.48652069909528,2026-08-31T10:29:55Z,2026-08-31
d146b2a4-6794-4792-a0df-31841312b85c,296844,cali,google,Cali,Valle del Cauca,4288116,1,0.9852941176470589,0.2873362445414847,0.09401343049007001,0.0,0.0,\N,\N,\N,\N,\N,\N,\N,\N,3.4149922707553206,-76.4866058417884,2026-08-31T10:29:55Z,2026-08-31
d146b2a4-6794-4792-a0df-31841312b85c,296849,cali,google,Cali,Valle del Cauca,4288121,1,0.6282051282051282,0.2688039457459926,0.09080872205354679,0.0,0.0,\N,\N,\N,\N,\N,\N,\N,\N,3.415058859719473,-76.4866135593166,2026-08-31T10:29:55Z,2026-08-31
d146b2a4-6794-4792-a0df-31841312b85c,296869,cali,google,Cali,Valle del Cauca,4288141,1,0.4117647058823529,0.15749296906388108,0.08985388501980063,0.0,0.0,\N,\N,\N,\N,\N,\N,\N,\N,3.4150636632123605,-76.48655362557665,2026-08-31T10:29:55Z,2026-08-31
d146b2a4-6794-4792-a0df-31841312b85c,296873,cali,google,Cali,Valle del Cauca,4288145,1,0.2826086956521739,0.17521834061135372,0.10919822921790458,0.0,0.0,\N,\N,\N,\N,\N,\N,\N,\N,3.415112947403983,-76.48661310448541,2026-08-31T10:29:55Z,2026-08-31
d146b2a4-6794-4792-a0df-31841312b85c,297564,cali,google,Cali,Valle del Cauca,4288910,1,0.11013215859030837,0.099361249112846,0.035375868603916616,0.0,0.0,\N,\N,\N,\N,\N,\N,\N,\N,3.4159817463821907,-76.48799823881107,2026-08-31T10:29:55Z,2026-08-31
d146b2a4-6794-4792-a0df-31841312b85c,297580,cali,google,Cali,Valle del Cauca,4288926,1,0.19924098671726756,0.07518796992481203,0.029720836429253796,0.1461100569259962,0.0,\N,\N,\N,\N,\N,\N,\N,\N,3.4160235643619328,-76.4881186984309,2026-08-31T10:29:55Z,2026-08-31
d146b2a4-6794-4792-a0df-31841312b85c,297747,cali,google,Cali,Valle del Cauca,4289118,1,0.25,0.02344767694311767,0.007679180887372013,0.038461538461538464,0.0,\N,\N,\N,\N,\N,\N,\N,\N,3.4350720882927774,-76.48706034385549,2026-08-31T10:29:55Z,2026-08-31
d146b2a4-6794-4792-a0df-31841312b85c,297861,cali,google,Cali,Valle del Cauca,4289232,1,0.3333333333333333,0.23175787728026534,0.07784431137724551,0.0,0.0,\N,\N,\N,\N,\N,\N,\N,\N,3.434854936168157,-76.4873236422366,2026-08-31T10:29:55Z,2026-08-31
d146b2a4-6794-4792-a0df-31841312b85c,297867,cali,google,Cali,Valle del Cauca,4289238,1,0.42592592592592593,0.16711509715994022,0.06294336223398266,0.0,0.0,\N,\N,\N,\N,\N,\N,\N,\N,3.434736891328195,-76.48727543228311,2026-08-31T10:29:55Z,2026-08-31
d146b2a4-6794-4792-a0df-31841312b85c,297873,cali,google,Cali,Valle del Cauca,4289244,1,0.4090909090909091,0.009468700683850605,0.0028763183125599234,0.0,0.0,\N,\N,\N,\N,\N,\N,\N,\N,3.434980540725702,-76.48812818577498,2026-08-31T10:29:55Z,2026-08-31
d146b2a4-6794-4792-a0df-31841312b85c,298037,cali,google,Cali,Valle del Cauca,4289408,1,0.21628498727735368,0.08136986301369863,0.031545406266595855,0.0,0.0,\N,\N,\N,\N,\N,\N,\N,\N,3.4355871880863647,-76.48683884870654,2026-08-31T10:29:55Z,2026-08-31
d146b2a4-6794-4792-a0df-31841312b85c,298039,cali,google,Cali,Valle del Cauca,4289410,1,0.29545454545454547,0.07083233961364178,0.02914050235478807,0.0,0.0,\N,\N,\N,\N,\N,\N,\N,\N,3.4356010926226994,-76.48677368882379,2026-08-31T10:29:55Z,2026-08-31
d146b2a4-6794-4792-a0df-31841312b85c,298788,cali,google,Cali,Valle del Cauca,4290159,1,0.8236658932714617,0.15972618368511124,0.06159260888693357,0.0,0.0,\N,\N,\N,\N,\N,\N,\N,\N,3.4305299362052644,-76.4885537387828,2026-08-31T10:29:55Z,2026-08-31
d146b2a4-6794-4792-a0df-31841312b85c,298789,cali,google,Cali,Valle del Cauca,4290160,1,0.5219941348973607,0.16959418534221685,0.0638249373147937,0.0,0.0,\N,\N,\N,\N,\N,\N,\N,\N,3.4305876455614834,-76.48854750489453,2026-08-31T10:29:55Z,2026-08-31
d146b2a4-6794-4792-a0df-31841312b85c,298973,cali,google,Cali,Valle del Cauca,4290344,1,0.5337423312883436,0.04688136975132491,0.01586644591611479,0.0,0.0,\N,\N,\N,\N,\N,\N,\N,\N,3.430718235088931,-76.48822143841029,2026-08-31T10:29:55Z,2026-08-31
d146b2a4-6794-4792-a0df-31841312b85c,303515,cali,google,Cali,Valle del Cauca,4294886,1,0.41134751773049644,0.2158447857720291,0.07484293908768096,0.0,0.0,\N,\N,\N,\N,\N,\N,\N,\N,3.4227232345500003,-76.48925097638323,2026-08-31T10:29:55Z,2026-08-31
d146b2a4-6794-4792-a0df-31841312b85c,303516,cali,google,Cali,Valle del Cauca,4294887,1,0.2653061224489796,0.20154440154440154,0.07274658170715519,0.0,0.0,\N,\N,\N,\N,\N,\N,\N,\N,3.4226803609042435,-76.4891974930417,2026-08-31T10:29:55Z,2026-08-31
d146b2a4-6794-4792-a0df-31841312b85c,303528,cali,google,Cali,Valle del Cauca,4294899,1,0.918918918918919,0.21685793430945785,0.07422456995801165,0.0,0.0,\N,\N,\N,\N,\N,\N,\N,\N,3.4226145411109115,-76.48928450908927,2026-08-31T10:29:55Z,2026-08-31
d146b2a4-6794-4792-a0df-31841312b85c,305943,cali,google,Cali,Valle del Cauca,4300247,1,0.4292114695340502,0.09286821705426357,0.04185883997204752,0.08333333333333333,0.0,\N,\N,\N,\N,\N,\N,\N,\N,3.4471888248390936,-76.49344863283582,2026-08-31T10:29:55Z,2026-08-31
d146b2a4-6794-4792-a0df-31841312b85c,305944,cali,google,Cali,Valle del Cauca,4300248,1,0.15033557046979865,0.11895996318453751,0.057375478927203065,0.020134228187919462,0.0,\N,\N,\N,\N,\N,\N,\N,\N,3.447275053039913,-76.49353144365617,2026-08-31T10:29:55Z,2026-08-31
d146b2a4-6794-4792-a0df-31841312b85c,310187,cali,google,Cali,Valle del Cauca,4305371,1,0.40401785714285715,0.06868287167891464,0.026566087241718595,0.15178571428571427,0.0,\N,\N,\N,\N,\N,\N,\N,\N,3.424903476150712,-76.49287175830734,2026-08-31T10:29:55Z,2026-08-31
d146b2a4-6794-4792-a0df-31841312b85c,310202,cali,google,Cali,Valle del Cauca,4305386,1,0.22813688212927757,0.07776,0.028591599011648428,0.17870722433460076,0.0,\N,\N,\N,\N,\N,\N,\N,\N,3.4249417238351048,-76.49283949390599,2026-08-31T10:29:55Z,2026-08-31
d146b2a4-6794-4792-a0df-31841312b85c,310374,cali,google,Cali,Valle del Cauca,4306702,1,0.31117021276595747,0.05529522024367385,0.02072114258955748,0.1276595744680851,0.0,\N,\N,\N,\N,\N,\N,\N,\N,3.43132408879932,-76.49392419278914,2026-08-31T10:29:55Z,2026-08-31
d146b2a4-6794-4792-a0df-31841312b85c,310644,cali,google,Cali,Valle del Cauca,4306972,1,0.5623229461756374,0.1182844243792325,0.04911886014248219,0.039660056657223795,0.0,\N,\N,\N,\N,\N,\N,\N,\N,3.434436837901597,-76.49476141717871,2026-08-31T10:29:55Z,2026-08-31
d146b2a4-6794-4792-a0df-31841312b85c,310669,cali,google,Cali,Valle del Cauca,4306997,1,0.3231939163498099,0.17356740642596885,0.06326974160830717,0.0,0.0,\N,\N,\N,\N,\N,\N,\N,\N,3.434423961766106,-76.49469295356114,2026-08-31T10:29:55Z,2026-08-31
d146b2a4-6794-4792-a0df-31841312b85c,314449,cali,google,Cali,Valle del Cauca,4360314,1,1.0,0.796073717948718,0.6480727470141151,0.0,0.0,\N,\N,\N,\N,\N,\N,\N,\N,3.505674192684306,-76.49610565146025,2026-08-31T10:29:55Z,2026-08-31
d146b2a4-6794-4792-a0df-31841312b85c,314691,cali,google,Cali,Valle del Cauca,4360556,1,0.1282051282051282,0.2062904717853839,0.06608386427618906,0.0,0.0,\N,\N,\N,\N,\N,\N,\N,\N,3.447728037333103,-76.49699040335445,2026-08-31T10:29:55Z,2026-08-31
d146b2a4-6794-4792-a0df-31841312b85c,314992,cali,google,Cali,Valle del Cauca,4360902,1,1.0,0.8608187134502924,0.7363137464864141,0.0,0.0,\N,\N,\N,\N,\N,\N,\N,\N,3.5055618327013,-76.49630125004649,2026-08-31T10:29:55Z,2026-08-31
d146b2a4-6794-4792-a0df-31841312b85c,314995,cali,google,Cali,Valle del Cauca,4360905,1,1.0,0.7578814627994955,0.5828101018557277,0.0,0.0,\N,\N,\N,\N,\N,\N,\N,\N,3.505692509922659,-76.49649627101438,2026-08-31T10:29:55Z,2026-08-31
d146b2a4-6794-4792-a0df-31841312b85c,315085,cali,google,Cali,Valle del Cauca,4360995,1,0.957983193277311,0.2728077945084145,0.08924949290060852,0.0,0.0,\N,\N,\N,\N,\N,\N,\N,\N,3.498053018262275,-76.4970386112199,2026-08-31T10:29:55Z,2026-08-31
d146b2a4-6794-4792-a0df-31841312b85c,316544,cali,google,Cali,Valle del Cauca,4362458,1,0.6962025316455697,0.4675068924773533,0.30596613813490997,0.03164556962025317,0.0,\N,\N,\N,\N,\N,\N,\N,\N,3.4321444370821697,-76.46139998986632,2026-08-31T10:29:55Z,2026-08-31
d146b2a4-6794-4792-a0df-31841312b85c,318038,cali,google,Cali,Valle del Cauca,4367749,1,0.9162162162162162,0.3453778982234267,0.14727355692448094,0.0,0.0,\N,\N,\N,\N,\N,\N,\N,\N,3.4278812903173574,-76.4922504304792,2026-08-31T10:29:55Z,2026-08-31
d146b2a4-6794-4792-a0df-31841312b85c,318381,cali,google,Cali,Valle del Cauca,4368759,1,0.5546407185628742,0.21000177967609895,0.10269877181641887,0.0,0.0,\N,\N,\N,\N,\N,\N,\N,\N,3.415274888420236,-76.48679411989896,2026-08-31T10:29:55Z,2026-08-31
d146b2a4-6794-4792-a0df-31841312b85c,318389,cali,google,Cali,Valle del Cauca,4368767,1,0.8493150684931506,0.11647254575707154,0.03912253737599553,0.0,0.0,\N,\N,\N,\N,\N,\N,\N,\N,3.4159576463682075,-76.4880321302432,2026-08-31T10:29:55Z,2026-08-31
d146b2a4-6794-4792-a0df-31841312b85c,318490,cali,google,Cali,Valle del Cauca,4368869,1,0.32671081677704195,0.055259467040673214,0.021441010013060514,0.0,0.0,\N,\N,\N,\N,\N,\N,\N,\N,3.4264905547539346,-76.48850468162208,2026-08-31T10:29:55Z,2026-08-31
d146b2a4-6794-4792-a0df-31841312b85c,318638,cali,google,Cali,Valle del Cauca,4369017,1,0.8479834539813857,0.5254306808859721,0.3145569058813093,0.0,0.0,\N,\N,\N,\N,\N,\N,\N,\N,3.4208296661083337,-76.49027157189609,2026-08-31T10:29:55Z,2026-08-31
d146b2a4-6794-4792-a0df-31841312b85c,319777,cali,google,Cali,Valle del Cauca,4370194,1,0.326171875,0.1133130081300813,0.04551484845392387,0.0,0.0,\N,\N,\N,\N,\N,\N,\N,\N,3.426083545676338,-76.5082827481766,2026-08-31T10:29:55Z,2026-08-31
d146b2a4-6794-4792-a0df-31841312b85c,320246,cali,google,Cali,Valle del Cauca,4370669,1,0.1487303506650544,0.12550335570469798,0.05283978525007064,0.22007255139056833,0.0,\N,\N,\N,\N,\N,\N,\N,\N,3.4171929882202647,-76.51252854002976,2026-08-31T10:29:55Z,2026-08-31
d146b2a4-6794-4792-a0df-31841312b85c,320466,cali,google,Cali,Valle del Cauca,4372780,1,0.3198757763975155,0.13823088455772115,0.06392333709131905,0.0,0.0,\N,\N,\N,\N,\N,\N,\N,\N,3.4258491964983544,-76.50305178463287,2026-08-31T10:29:55Z,2026-08-31
