{"type":"FeatureCollection","features":[{"type":"Feature","id":"ads_ips_capacidad_reps.fid--215d4958_1a0d9e21907_3ee3","geometry":{"type":"Point","coordinates":[-76.51653168,3.43541644]},"geometry_name":"the_geom","properties":{"consec":1,"gid":2951,"habili":"7600100037","sede":"01","cod_hab":760010003701,"nombre_ips":"IPS COMFANDI EL PRADO","direccion":"KR 23 # 26B - 46","barrio":"El Prado","id_com_cor":"11","comu_corre":"Comuna 11","natu_ips":"Privada","cla_ips":"Instituciones - IPS","cod_capa_reps":25,"nom_capa_reps":"SALAS","cantidad":2,"serv_capa_reps":"Procedimientos","descrip_capa":"SALAS - Procedimientos"}},{"type":"Feature","id":"ads_ips_capacidad_reps.fid--215d4958_1a0d9e21907_3ee4","geometry":{"type":"Point","coordinates":[-76.52371018,3.45302838]},"geometry_name":"the_geom","properties":{"consec":2,"gid":3743,"habili":"7600100037","sede":"02","cod_hab":760010003702,"nombre_ips":"IPS COMFANDI SAN NICOLAS","direccion":"CL 21 # 7 - 50","barrio":"San Nicolás","id_com_cor":"03","comu_corre":"Comuna 03","natu_ips":"Privada","cla_ips":"Instituciones - IPS","cod_capa_reps":25,"nom_capa_reps":"SALAS","cantidad":5,"serv_capa_reps":"Procedimientos","descrip_capa":"SALAS - Procedimientos"}},{"type":"Feature","id":"ads_ips_capacidad_reps.fid--215d4958_1a0d9e21907_3ee5","geometry":{"type":"Point","coordinates":[-76.53810326,3.43804536]},"geometry_name":"the_geom","properties":{"consec":3,"gid":3367,"habili":"7600100037","sede":"05","cod_hab":760010003705,"nombre_ips":"IPS COMFANDI ALAMEDA","direccion":"CL 5 # 23B – 03","barrio":"Alameda","id_com_cor":"09","comu_corre":"Comuna 09","natu_ips":"Privada","cla_ips":"Instituciones - IPS","cod_capa_reps":25,"nom_capa_reps":"SALAS","cantidad":2,"serv_capa_reps":"Procedimientos","descrip_capa":"SALAS - Procedimientos"}},{"type":"Feature","id":"ads_ips_capacidad_reps.fid--215d4958_1a0d9e21907_3ee6","geometry":{"type":"Point","coordinates":[-76.5466993,3.42179786]},"geometry_name":"the_geom","properties":{"consec":4,"gid":1631,"habili":"7600100037","sede":"11","cod_hab":760010003711,"nombre_ips":"CLINICA COMFANDI TEQUENDAMA","direccion":"CL 5A #  42 – 15","barrio":"Urbanización Tequendama","id_com_cor":"19","comu_corre":"Comuna 19","natu_ips":"Privada","cla_ips":"Instituciones - IPS","cod_capa_reps":25,"nom_capa_reps":"SALAS","cantidad":10,"serv_capa_reps":"Procedimientos","descrip_capa":"SALAS - Procedimientos"}},{"type":"Feature","id":"ads_ips_capacidad_reps.fid--215d4958_1a0d9e21907_3ee7","geometry":{"type":"Point","coordinates":[-76.50732197,3.39889646]},"geometry_name":"the_geom","properties":{"consec":5,"gid":501,"habili":"7600100037","sede":"21","cod_hab":760010003721,"nombre_ips":"IPS COMFANDI MORICHAL","direccion":"CL 54 # 45 - 25","barrio":"El Morichal","id_com_cor":"15","comu_corre":"Comuna 15","natu_ips":"Privada","cla_ips":"Instituciones - IPS","cod_capa_reps":25,"nom_capa_reps":"SALAS","cantidad":1,"serv_capa_reps":"Procedimientos","descrip_capa":"SALAS - Procedimientos"}},{"type":"Feature","id":"ads_ips_capacidad_reps.fid--215d4958_1a0d9e21907_3ee8","geometry":{"type":"Point","coordinates":[-76.50111272,3.47882846]},"geometry_name":"the_geom","properties":{"consec":6,"gid":4650,"habili":"7600100037","sede":"30","cod_hab":760010003730,"nombre_ips":"IPS COMFANDI TORRES","direccion":"KR 1 # 56 - 90","barrio":"Torres de Comfandi","id_com_cor":"05","comu_corre":"Comuna 05","natu_ips":"Privada","cla_ips":"Instituciones - IPS","cod_capa_reps":25,"nom_capa_reps":"SALAS","cantidad":3,"serv_capa_reps":"Procedimientos","descrip_capa":"SALAS - Procedimientos"}},{"type":"Feature","id":"ads_ips_capacidad_reps.fid--215d4958_1a0d9e21907_3ee9","geometry":{"type":"Point","coordinates":[-76.54422086,3.4214345]},"geometry_name":"the_geom","properties":{"consec":7,"gid":1608,"habili":"7600100039","sede":"01","cod_hab":760010003901,"nombre_ips":"DINAMICA IPS TEQUENDAMA","direccion":"CL 5C  #  41 - 25","barrio":"Urbanización Tequendama","id_com_cor":"19","comu_corre":"Comuna 19","natu_ips":"Privada","cla_ips":"Instituciones - IPS","cod_capa_reps":25,"nom_capa_reps":"SALAS","cantidad":1,"serv_capa_reps":"Procedimientos","descrip_capa":"SALAS - Procedimientos"}},{"type":"Feature","id":"ads_ips_capacidad_reps.fid--215d4958_1a0d9e21907_3eea","geometry":{"type":"Point","coordinates":[-76.5396389,3.37218339]},"geometry_name":"the_geom","properties":{"consec":8,"gid":137,"habili":"7600100143","sede":"01","cod_hab":760010014301,"nombre_ips":"ANDRES VILLEGAS ZULUAGA","direccion":"KR 100 # 11 - 90","barrio":"Ciudad Campestre","id_com_cor":"22","comu_corre":"Comuna 22","natu_ips":"Privada","cla_ips":"Profesional Independiente","cod_capa_reps":25,"nom_capa_reps":"SALAS","cantidad":1,"serv_capa_reps":"Procedimientos","descrip_capa":"SALAS - Procedimientos"}},{"type":"Feature","id":"ads_ips_capacidad_reps.fid--215d4958_1a0d9e21907_3eeb","geometry":{"type":"Point","coordinates":[-76.53206109,3.46497146]},"geometry_name":"the_geom","properties":{"consec":9,"gid":4338,"habili":"7600100165","sede":"01","cod_hab":760010016501,"nombre_ips":"Instituto Ocular De Occidente","direccion":"AV 8  # 23 NORTE - 26","barrio":"Santa Mónica","id_com_cor":"02","comu_corre":"Comuna 02","natu_ips":"Privada","cla_ips":"Instituciones - IPS","cod_capa_reps":25,"nom_capa_reps":"SALAS","cantidad":1,"serv_capa_reps":"Procedimientos","descrip_capa":"SALAS - Procedimientos"}},{"type":"Feature","id":"ads_ips_capacidad_reps.fid--215d4958_1a0d9e21907_3eec","geometry":{"type":"Point","coordinates":[-76.53842038,3.41472165]},"geometry_name":"the_geom","properties":{"consec":10,"gid":1019,"habili":"7600100170","sede":"01","cod_hab":760010017001,"nombre_ips":"JUAN MIGUEL SANCHEZ COELLO","direccion":"KR 46 # 9C - 85","barrio":"Urbanización Militar","id_com_cor":"19","comu_corre":"Comuna 19","natu_ips":"Privada","cla_ips":"Profesional Independiente","cod_capa_reps":25,"nom_capa_reps":"SALAS","cantidad":1,"serv_capa_reps":"Procedimientos","descrip_capa":"SALAS - Procedimientos"}},{"type":"Feature","id":"ads_ips_capacidad_reps.fid--215d4958_1a0d9e21907_3eed","geometry":{"type":"Point","coordinates":[-76.54441371,3.42409488]},"geometry_name":"the_geom","properties":{"consec":11,"gid":2311,"habili":"7600100183","sede":"01","cod_hab":760010018301,"nombre_ips":"LUIS HERNANDO MORENO MACIAS","direccion":"KR 38A # 5A - 100","barrio":"San Fernando Nuevo","id_com_cor":"19","comu_corre":"Comuna 19","natu_ips":"Privada","cla_ips":"Profesional Independiente","cod_capa_reps":25,"nom_capa_reps":"SALAS","cantidad":1,"serv_capa_reps":"Procedimientos","descrip_capa":"SALAS - Procedimientos"}},{"type":"Feature","id":"ads_ips_capacidad_reps.fid--215d4958_1a0d9e21907_3eee","geometry":{"type":"Point","coordinates":[-76.54628071,3.42334881]},"geometry_name":"the_geom","properties":{"consec":12,"gid":2251,"habili":"7600100309","sede":"01","cod_hab":760010030901,"nombre_ips":"GRUPO MEDICO ESPECIALIZADO AIREC","direccion":"CL 5A # 40 - 06","barrio":"Urbanización Tequendama","id_com_cor":"19","comu_corre":"Comuna 19","natu_ips":"Privada","cla_ips":"Instituciones - IPS","cod_capa_reps":25,"nom_capa_reps":"SALAS","cantidad":3,"serv_capa_reps":"Procedimientos","descrip_capa":"SALAS - Procedimientos"}},{"type":"Feature","id":"ads_ips_capacidad_reps.fid--215d4958_1a0d9e21907_3eef","geometry":{"type":"Point","coordinates":[-76.54399458,3.4215293]},"geometry_name":"the_geom","properties":{"consec":13,"gid":1618,"habili":"7600100309","sede":"02","cod_hab":760010030902,"nombre_ips":"GRUPO MEDICO ESPECIALIZADO AIREC LTDA SEDE TERAPIAS","direccion":"KR 41 # 5C - 35","barrio":"Urbanización Tequendama","id_com_cor":"19","comu_corre":"Comuna 19","natu_ips":"Privada","cla_ips":"Instituciones - IPS","cod_capa_reps":25,"nom_capa_reps":"SALAS","cantidad":2,"serv_capa_reps":"Procedimientos","descrip_capa":"SALAS - Procedimientos"}},{"type":"Feature","id":"ads_ips_capacidad_reps.fid--215d4958_1a0d9e21907_3ef0","geometry":{"type":"Point","coordinates":[-76.54530657,3.428188]},"geometry_name":"the_geom","properties":{"consec":14,"gid":2982,"habili":"7600100311","sede":"01","cod_hab":760010031101,"nombre_ips":"Maria Alejandra Caycedo Rosales","direccion":"CL 5 # 38 - 14","barrio":"Santa Isabel","id_com_cor":"19","comu_corre":"Comuna 19","natu_ips":"Privada","cla_ips":"Profesional Independiente","cod_capa_reps":25,"nom_capa_reps":"SALAS","cantidad":1,"serv_capa_reps":"Procedimientos","descrip_capa":"SALAS - Procedimientos"}},{"type":"Feature","id":"ads_ips_capacidad_reps.fid--215d4958_1a0d9e21907_3ef1","geometry":{"type":"Point","coordinates":[-76.54530657,3.428188]},"geometry_name":"the_geom","properties":{"consec":15,"gid":2983,"habili":"7600100312","sede":"01","cod_hab":760010031201,"nombre_ips":"ANTONIO JOSE TORRES MUÑOZ","direccion":"CL 5 # 38 - 14","barrio":"Santa Isabel","id_com_cor":"19","comu_corre":"Comuna 19","natu_ips":"Privada","cla_ips":"Profesional Independiente","cod_capa_reps":25,"nom_capa_reps":"SALAS","cantidad":1,"serv_capa_reps":"Procedimientos","descrip_capa":"SALAS - Procedimientos"}},{"type":"Feature","id":"ads_ips_capacidad_reps.fid--215d4958_1a0d9e21907_3ef2","geometry":{"type":"Point","coordinates":[-76.52692228,3.46482695]},"geometry_name":"the_geom","properties":{"consec":16,"gid":4334,"habili":"7600100315","sede":"01","cod_hab":760010031501,"nombre_ips":"Jose Gustavo Corredor Perdomo","direccion":"CL 23B # 5 NORTE - 41","barrio":"San Vicente","id_com_cor":"02","comu_corre":"Comuna 02","natu_ips":"Privada","cla_ips":"Profesional Independiente","cod_capa_reps":25,"nom_capa_reps":"SALAS","cantidad":1,"serv_capa_reps":"Procedimientos","descrip_capa":"SALAS - Procedimientos"}},{"type":"Feature","id":"ads_ips_capacidad_reps.fid--215d4958_1a0d9e21907_3ef3","geometry":{"type":"Point","coordinates":[-76.54359323,3.43472676]},"geometry_name":"the_geom","properties":{"consec":17,"gid":3265,"habili":"7600100342","sede":"02","cod_hab":760010034202,"nombre_ips":"Carlos Enrique Triana Lopez","direccion":"CL 4 # 27 – 100","barrio":"San Fernando Viejo","id_com_cor":"19","comu_corre":"Comuna 19","natu_ips":"Privada","cla_ips":"Profesional Independiente","cod_capa_reps":25,"nom_capa_reps":"SALAS","cantidad":1,"serv_capa_reps":"Procedimientos","descrip_capa":"SALAS - Procedimientos"}},{"type":"Feature","id":"ads_ips_capacidad_reps.fid--215d4958_1a0d9e21907_3ef4","geometry":{"type":"Point","coordinates":[-76.54251533,3.43693118]},"geometry_name":"the_geom","properties":{"consec":18,"gid":3354,"habili":"7600100365","sede":"01","cod_hab":760010036501,"nombre_ips":"MARIA CLAUDIA GARCIA FORERO","direccion":"KR 25 2A - 12","barrio":"San Fernando Viejo","id_com_cor":"19","comu_corre":"Comuna 19","natu_ips":"Privada","cla_ips":"Profesional Independiente","cod_capa_reps":25,"nom_capa_reps":"SALAS","cantidad":1,"serv_capa_reps":"Procedimientos","descrip_capa":"SALAS - Procedimientos"}},{"type":"Feature","id":"ads_ips_capacidad_reps.fid--215d4958_1a0d9e21907_3ef5","geometry":{"type":"Point","coordinates":[-76.54458235,3.42249466]},"geometry_name":"the_geom","properties":{"consec":19,"gid":1764,"habili":"7600100373","sede":"01","cod_hab":760010037301,"nombre_ips":"XAVIER SANCHEZ ALVAREZ","direccion":"KR 40 # 5B - 100","barrio":"Urbanización Tequendama","id_com_cor":"19","comu_corre":"Comuna 19","natu_ips":"Privada","cla_ips":"Profesional Independiente","cod_capa_reps":25,"nom_capa_reps":"SALAS","cantidad":1,"serv_capa_reps":"Procedimientos","descrip_capa":"SALAS - Procedimientos"}},{"type":"Feature","id":"ads_ips_capacidad_reps.fid--215d4958_1a0d9e21907_3ef6","geometry":{"type":"Point","coordinates":[-76.54683064,3.42185883]},"geometry_name":"the_geom","properties":{"consec":20,"gid":1677,"habili":"7600100378","sede":"01","cod_hab":760010037801,"nombre_ips":"SERVICIO DE TERAPIA RENAL CALI S.A.S.","direccion":"CL  5A #42 - 10","barrio":"Urbanización Tequendama","id_com_cor":"19","comu_corre":"Comuna 19","natu_ips":"Privada","cla_ips":"Instituciones - IPS","cod_capa_reps":25,"nom_capa_reps":"SALAS","cantidad":1,"serv_capa_reps":"Procedimientos","descrip_capa":"SALAS - Procedimientos"}},{"type":"Feature","id":"ads_ips_capacidad_reps.fid--215d4958_1a0d9e21907_3ef7","geometry":{"type":"Point","coordinates":[-76.54404015,3.41914677]},"geometry_name":"the_geom","properties":{"consec":21,"gid":1296,"habili":"7600100391","sede":"01","cod_hab":760010039101,"nombre_ips":"ANTONIO JOAQUÍN GARCÍA SIERRA","direccion":"CL 5E # 43 - 10","barrio":"Urbanización Tequendama","id_com_cor":"19","comu_corre":"Comuna 19","natu_ips":"Privada","cla_ips":"Profesional Independiente","cod_capa_reps":25,"nom_capa_reps":"SALAS","cantidad":1,"serv_capa_reps":"Procedimientos","descrip_capa":"SALAS - Procedimientos"}},{"type":"Feature","id":"ads_ips_capacidad_reps.fid--215d4958_1a0d9e21907_3ef8","geometry":{"type":"Point","coordinates":[-76.53966243,3.41035196]},"geometry_name":"the_geom","properties":{"consec":22,"gid":695,"habili":"7600100397","sede":"01","cod_hab":760010039701,"nombre_ips":"Juan Carlos Posada Gaviria","direccion":"CL 9C # 50 - 25","barrio":"Camino Real - Los Fundadores","id_com_cor":"19","comu_corre":"Comuna 19","natu_ips":"Privada","cla_ips":"Profesional Independiente","cod_capa_reps":25,"nom_capa_reps":"SALAS","cantidad":1,"serv_capa_reps":"Procedimientos","descrip_capa":"SALAS - Procedimientos"}},{"type":"Feature","id":"ads_ips_capacidad_reps.fid--215d4958_1a0d9e21907_3ef9","geometry":{"type":"Point","coordinates":[-76.53206109,3.46497146]},"geometry_name":"the_geom","properties":{"consec":23,"gid":4339,"habili":"7600100404","sede":"01","cod_hab":760010040401,"nombre_ips":"JAIME MONTOYA PULIDO","direccion":"AV 8 # 23 NORTE – 26","barrio":"Santa Mónica","id_com_cor":"02","comu_corre":"Comuna 02","natu_ips":"Privada","cla_ips":"Profesional Independiente","cod_capa_reps":25,"nom_capa_reps":"SALAS","cantidad":1,"serv_capa_reps":"Procedimientos","descrip_capa":"SALAS - Procedimientos"}},{"type":"Feature","id":"ads_ips_capacidad_reps.fid--215d4958_1a0d9e21907_3efa","geometry":{"type":"Point","coordinates":[-76.53966243,3.41035196]},"geometry_name":"the_geom","properties":{"consec":24,"gid":833,"habili":"7600100419","sede":"01","cod_hab":760010041901,"nombre_ips":"MIGUEL ANGEL OSORIO RUIZ","direccion":"CL 9C # 50 - 25","barrio":"Camino Real - Los Fundadores","id_com_cor":"19","comu_corre":"Comuna 19","natu_ips":"Privada","cla_ips":"Profesional Independiente","cod_capa_reps":25,"nom_capa_reps":"SALAS","cantidad":1,"serv_capa_reps":"Procedimientos","descrip_capa":"SALAS - Procedimientos"}},{"type":"Feature","id":"ads_ips_capacidad_reps.fid--215d4958_1a0d9e21907_3efb","geometry":{"type":"Point","coordinates":[-76.52900948,3.46130375]},"geometry_name":"the_geom","properties":{"consec":25,"gid":4100,"habili":"7600100438","sede":"01","cod_hab":760010043801,"nombre_ips":"DIME CLINICA NEUROCARDIOVASCULAR S.A.","direccion":"AV 5  # 20 NORTE - 75","barrio":"Versalles","id_com_cor":"02","comu_corre":"Comuna 02","natu_ips":"Privada","cla_ips":"Instituciones - IPS","cod_capa_reps":2,"nom_capa_reps":"CAMAS","cantidad":22,"serv_capa_reps":"Adultos","descrip_capa":"CAMAS - Adultos"}},{"type":"Feature","id":"ads_ips_capacidad_reps.fid--215d4958_1a0d9e21907_3efc","geometry":{"type":"Point","coordinates":[-76.52900948,3.46130375]},"geometry_name":"the_geom","properties":{"consec":26,"gid":4100,"habili":"7600100438","sede":"01","cod_hab":760010043801,"nombre_ips":"DIME CLINICA NEUROCARDIOVASCULAR S.A.","direccion":"AV 5  # 20 NORTE - 75","barrio":"Versalles","id_com_cor":"02","comu_corre":"Comuna 02","natu_ips":"Privada","cla_ips":"Instituciones - IPS","cod_capa_reps":8,"nom_capa_reps":"CAMAS","cantidad":18,"serv_capa_reps":"Cuidado Intermedio Adulto","descrip_capa":"CAMAS - Cuidado Intermedio Adulto"}},{"type":"Feature","id":"ads_ips_capacidad_reps.fid--215d4958_1a0d9e21907_3efd","geometry":{"type":"Point","coordinates":[-76.52900948,3.46130375]},"geometry_name":"the_geom","properties":{"consec":27,"gid":4100,"habili":"7600100438","sede":"01","cod_hab":760010043801,"nombre_ips":"DIME CLINICA NEUROCARDIOVASCULAR S.A.","direccion":"AV 5  # 20 NORTE - 75","barrio":"Versalles","id_com_cor":"02","comu_corre":"Comuna 02","natu_ips":"Privada","cla_ips":"Instituciones - IPS","cod_capa_reps":9,"nom_capa_reps":"CAMAS","cantidad":12,"serv_capa_reps":"Cuidado Intensivo Adulto","descrip_capa":"CAMAS - Cuidado Intensivo Adulto"}},{"type":"Feature","id":"ads_ips_capacidad_reps.fid--215d4958_1a0d9e21907_3efe","geometry":{"type":"Point","coordinates":[-76.52900948,3.46130375]},"geometry_name":"the_geom","properties":{"consec":28,"gid":4100,"habili":"7600100438","sede":"01","cod_hab":760010043801,"nombre_ips":"DIME CLINICA NEUROCARDIOVASCULAR S.A.","direccion":"AV 5  # 20 NORTE - 75","barrio":"Versalles","id_com_cor":"02","comu_corre":"Comuna 02","natu_ips":"Privada","cla_ips":"Instituciones - IPS","cod_capa_reps":13,"nom_capa_reps":"SALAS","cantidad":2,"serv_capa_reps":"Quirófano","descrip_capa":"SALAS - Quirófano"}},{"type":"Feature","id":"ads_ips_capacidad_reps.fid--215d4958_1a0d9e21907_3eff","geometry":{"type":"Point","coordinates":[-76.52759323,3.46229429]},"geometry_name":"the_geom","properties":{"consec":29,"gid":4153,"habili":"7600100441","sede":"01","cod_hab":760010044101,"nombre_ips":"CLINICA DE LA VISION DEL VALLE","direccion":"CL 22  # 4 NORTE - 23","barrio":"Versalles","id_com_cor":"02","comu_corre":"Comuna 02","natu_ips":"Privada","cla_ips":"Instituciones - IPS","cod_capa_reps":25,"nom_capa_reps":"SALAS","cantidad":1,"serv_capa_reps":"Procedimientos","descrip_capa":"SALAS - Procedimientos"}},{"type":"Feature","id":"ads_ips_capacidad_reps.fid--215d4958_1a0d9e21907_3f00","geometry":{"type":"Point","coordinates":[-76.54404015,3.41914677]},"geometry_name":"the_geom","properties":{"consec":30,"gid":1298,"habili":"7600100476","sede":"01","cod_hab":760010047601,"nombre_ips":"LUIS FERNANDO ECHEVERRY MOLINA","direccion":"CL 5E # 43 - 10","barrio":"Urbanización Tequendama","id_com_cor":"19","comu_corre":"Comuna 19","natu_ips":"Privada","cla_ips":"Profesional Independiente","cod_capa_reps":25,"nom_capa_reps":"SALAS","cantidad":1,"serv_capa_reps":"Procedimientos","descrip_capa":"SALAS - Procedimientos"}},{"type":"Feature","id":"ads_ips_capacidad_reps.fid--215d4958_1a0d9e21907_3f01","geometry":{"type":"Point","coordinates":[-76.52701702,3.47739732]},"geometry_name":"the_geom","properties":{"consec":31,"gid":4629,"habili":"7600100476","sede":"05","cod_hab":760010047605,"nombre_ips":"LUIS FERNANDO ECHEVERRY MOLINA","direccion":"CL38  # 6 NORTE – 45","barrio":"Chipichape","id_com_cor":"02","comu_corre":"Comuna 02","natu_ips":"Privada","cla_ips":"Profesional Independiente","cod_capa_reps":25,"nom_capa_reps":"SALAS","cantidad":1,"serv_capa_reps":"Procedimientos","descrip_capa":"SALAS - Procedimientos"}},{"type":"Feature","id":"ads_ips_capacidad_reps.fid--215d4958_1a0d9e21907_3f02","geometry":{"type":"Point","coordinates":[-76.54052778,3.43221941]},"geometry_name":"the_geom","properties":{"consec":32,"gid":3156,"habili":"7600100678","sede":"01","cod_hab":760010067801,"nombre_ips":"FUNDACIÓN UNIÓN PARA EL CONTROL DEL CÁNCER - UNICÁNCER","direccion":"CL 5B # 29-01","barrio":"3 de Julio","id_com_cor":"19","comu_corre":"Comuna 19","natu_ips":"Privada","cla_ips":"Instituciones - IPS","cod_capa_reps":25,"nom_capa_reps":"SALAS","cantidad":2,"serv_capa_reps":"Procedimientos","descrip_capa":"SALAS - Procedimientos"}},{"type":"Feature","id":"ads_ips_capacidad_reps.fid--215d4958_1a0d9e21907_3f03","geometry":{"type":"Point","coordinates":[-76.52297662,3.46334764]},"geometry_name":"the_geom","properties":{"consec":33,"gid":4215,"habili":"7600100720","sede":"01","cod_hab":760010072001,"nombre_ips":"jorge enrique morales hernandez","direccion":"AV 2C # 24 NORTE - 120","barrio":"San Vicente","id_com_cor":"02","comu_corre":"Comuna 02","natu_ips":"Privada","cla_ips":"Profesional Independiente","cod_capa_reps":25,"nom_capa_reps":"SALAS","cantidad":1,"serv_capa_reps":"Procedimientos","descrip_capa":"SALAS - Procedimientos"}},{"type":"Feature","id":"ads_ips_capacidad_reps.fid--215d4958_1a0d9e21907_3f04","geometry":{"type":"Point","coordinates":[-76.55053916,3.42414406]},"geometry_name":"the_geom","properties":{"consec":34,"gid":2548,"habili":"7600100724","sede":"01","cod_hab":760010072401,"nombre_ips":"LUZ MARINA MENESES BARANDICA","direccion":"KR 40 # 2A - 36","barrio":"Urbanización Nueva Granada","id_com_cor":"19","comu_corre":"Comuna 19","natu_ips":"Privada","cla_ips":"Profesional Independiente","cod_capa_reps":25,"nom_capa_reps":"SALAS","cantidad":1,"serv_capa_reps":"Procedimientos","descrip_capa":"SALAS - Procedimientos"}},{"type":"Feature","id":"ads_ips_capacidad_reps.fid--215d4958_1a0d9e21907_3f05","geometry":{"type":"Point","coordinates":[-76.52175641,3.48205741]},"geometry_name":"the_geom","properties":{"consec":35,"gid":4686,"habili":"7600100729","sede":"01","cod_hab":760010072901,"nombre_ips":"RTS - SERVICIOS DE TERAPIA RENAL DEL VALLE","direccion":"CL 45NORTE # 4 - 32","barrio":"La Flora","id_com_cor":"02","comu_corre":"Comuna 02","natu_ips":"Privada","cla_ips":"Instituciones - IPS","cod_capa_reps":25,"nom_capa_reps":"SALAS","cantidad":1,"serv_capa_reps":"Procedimientos","descrip_capa":"SALAS - Procedimientos"}},{"type":"Feature","id":"ads_ips_capacidad_reps.fid--215d4958_1a0d9e21907_3f06","geometry":{"type":"Point","coordinates":[-76.51051133,3.4603322]},"geometry_name":"the_geom","properties":{"consec":36,"gid":3994,"habili":"7600100729","sede":"09","cod_hab":760010072909,"nombre_ips":"RTS AGENCIA SAN FERNANDO","direccion":"CL 38 BIS # 5 - 91","barrio":"Las Delicias","id_com_cor":"04","comu_corre":"Comuna 04","natu_ips":"Privada","cla_ips":"Instituciones - IPS","cod_capa_reps":25,"nom_capa_reps":"SALAS","cantidad":1,"serv_capa_reps":"Procedimientos","descrip_capa":"SALAS - Procedimientos"}},{"type":"Feature","id":"ads_ips_capacidad_reps.fid--215d4958_1a0d9e21907_3f07","geometry":{"type":"Point","coordinates":[-76.5311336,3.46476203]},"geometry_name":"the_geom","properties":{"consec":37,"gid":4300,"habili":"7600100730","sede":"01","cod_hab":760010073001,"nombre_ips":"DIEGO HUERTAS DAVEY","direccion":"CL 23 # 6A NORTE - 17","barrio":"Santa Mónica","id_com_cor":"02","comu_corre":"Comuna 02","natu_ips":"Privada","cla_ips":"Profesional Independiente","cod_capa_reps":25,"nom_capa_reps":"SALAS","cantidad":1,"serv_capa_reps":"Procedimientos","descrip_capa":"SALAS - Procedimientos"}},{"type":"Feature","id":"ads_ips_capacidad_reps.fid--215d4958_1a0d9e21907_3f08","geometry":{"type":"Point","coordinates":[-76.54441371,3.42409488]},"geometry_name":"the_geom","properties":{"consec":38,"gid":2341,"habili":"7600100768","sede":"01","cod_hab":760010076801,"nombre_ips":"MARTHA CECILIA GARCIA GUZMAN","direccion":"KR 38A # 5A - 100","barrio":"San Fernando Nuevo","id_com_cor":"19","comu_corre":"Comuna 19","natu_ips":"Privada","cla_ips":"Profesional Independiente","cod_capa_reps":25,"nom_capa_reps":"SALAS","cantidad":1,"serv_capa_reps":"Procedimientos","descrip_capa":"SALAS - Procedimientos"}},{"type":"Feature","id":"ads_ips_capacidad_reps.fid--215d4958_1a0d9e21907_3f09","geometry":{"type":"Point","coordinates":[-76.54346825,3.42534927]},"geometry_name":"the_geom","properties":{"consec":40,"gid":2714,"habili":"7600100772","sede":"02","cod_hab":760010077202,"nombre_ips":"ONCOLOGOS ASOCIADOS DE IMBANACO S.A.","direccion":"CL 5B 4 # 38 – 16","barrio":"San Fernando Nuevo","id_com_cor":"19","comu_corre":"Comuna 19","natu_ips":"Privada","cla_ips":"Instituciones - IPS","cod_capa_reps":25,"nom_capa_reps":"SALAS","cantidad":1,"serv_capa_reps":"Procedimientos","descrip_capa":"SALAS - Procedimientos"}},{"type":"Feature","id":"ads_ips_capacidad_reps.fid--215d4958_1a0d9e21907_3f0a","geometry":{"type":"Point","coordinates":[-76.54441371,3.42409488]},"geometry_name":"the_geom","properties":{"consec":41,"gid":2351,"habili":"7600100855","sede":"01","cod_hab":760010085501,"nombre_ips":"ROXANA COBO SEFAIR","direccion":"KR 38A # 5A - 100","barrio":"San Fernando Nuevo","id_com_cor":"19","comu_corre":"Comuna 19","natu_ips":"Privada","cla_ips":"Profesional Independiente","cod_capa_reps":25,"nom_capa_reps":"SALAS","cantidad":1,"serv_capa_reps":"Procedimientos","descrip_capa":"SALAS - Procedimientos"}},{"type":"Feature","id":"ads_ips_capacidad_reps.fid--215d4958_1a0d9e21907_3f0b","geometry":{"type":"Point","coordinates":[-76.54399298,3.42615444]},"geometry_name":"the_geom","properties":{"consec":42,"gid":2762,"habili":"7600100858","sede":"01","cod_hab":760010085801,"nombre_ips":"OSWALDO GERARDO MENDEZ QUINTERO","direccion":"CL 5B3 # 38 - 44","barrio":"San Fernando Nuevo","id_com_cor":"19","comu_corre":"Comuna 19","natu_ips":"Privada","cla_ips":"Profesional Independiente","cod_capa_reps":25,"nom_capa_reps":"SALAS","cantidad":1,"serv_capa_reps":"Procedimientos","descrip_capa":"SALAS - Procedimientos"}},{"type":"Feature","id":"ads_ips_capacidad_reps.fid--215d4958_1a0d9e21907_3f0c","geometry":{"type":"Point","coordinates":[-76.53019291,3.46014215]},"geometry_name":"the_geom","properties":{"consec":43,"gid":3934,"habili":"7600100866","sede":"01","cod_hab":760010086601,"nombre_ips":"ANGIOGRAFIA DE OCCIDENTE LTDA","direccion":"CL 18 NORTE  #  5 – 34","barrio":"Versalles","id_com_cor":"02","comu_corre":"Comuna 02","natu_ips":"Privada","cla_ips":"Instituciones - IPS","cod_capa_reps":25,"nom_capa_reps":"SALAS","cantidad":3,"serv_capa_reps":"Procedimientos","descrip_capa":"SALAS - Procedimientos"}},{"type":"Feature","id":"ads_ips_capacidad_reps.fid--215d4958_1a0d9e21907_3f0d","geometry":{"type":"Point","coordinates":[-76.50049693,3.45260763]},"geometry_name":"the_geom","properties":{"consec":44,"gid":3731,"habili":"7600100866","sede":"03","cod_hab":760010086603,"nombre_ips":"ANGIOGRAFIA DE OCCIDENTE S.A. IPS NORORIENTE","direccion":"KR 8 # 49 - 76","barrio":"Villa Colombia","id_com_cor":"08","comu_corre":"Comuna 08","natu_ips":"Privada","cla_ips":"Instituciones - IPS","cod_capa_reps":25,"nom_capa_reps":"SALAS","cantidad":1,"serv_capa_reps":"Procedimientos","descrip_capa":"SALAS - Procedimientos"}},{"type":"Feature","id":"ads_ips_capacidad_reps.fid--215d4958_1a0d9e21907_3f0e","geometry":{"type":"Point","coordinates":[-76.54597195,3.39631142]},"geometry_name":"the_geom","properties":{"consec":45,"gid":445,"habili":"7600100866","sede":"15","cod_hab":760010086615,"nombre_ips":"ANGIOGRAFIA DE OCCIDENTE S.A.-IPS CAPITOLIO","direccion":"CL 5 # 66B – 67","barrio":"El Gran Limonar","id_com_cor":"17","comu_corre":"Comuna 17","natu_ips":"Privada","cla_ips":"Instituciones - IPS","cod_capa_reps":25,"nom_capa_reps":"SALAS","cantidad":1,"serv_capa_reps":"Procedimientos","descrip_capa":"SALAS - Procedimientos"}},{"type":"Feature","id":"ads_ips_capacidad_reps.fid--215d4958_1a0d9e21907_3f0f","geometry":{"type":"Point","coordinates":[-76.52297662,3.46334764]},"geometry_name":"the_geom","properties":{"consec":46,"gid":4216,"habili":"7600100898","sede":"01","cod_hab":760010089801,"nombre_ips":"JUAN DIEGO RIVERA OSSA","direccion":"AV 2C # 24 NORTE – 120","barrio":"San Vicente","id_com_cor":"02","comu_corre":"Comuna 02","natu_ips":"Privada","cla_ips":"Profesional Independiente","cod_capa_reps":25,"nom_capa_reps":"SALAS","cantidad":1,"serv_capa_reps":"Procedimientos","descrip_capa":"SALAS - Procedimientos"}},{"type":"Feature","id":"ads_ips_capacidad_reps.fid--215d4958_1a0d9e21907_3f10","geometry":{"type":"Point","coordinates":[-76.52862576,3.46323836]},"geometry_name":"the_geom","properties":{"consec":47,"gid":4203,"habili":"7600100917","sede":"01","cod_hab":760010091701,"nombre_ips":"UNIDAD QUIRURGICA RAMÓN Y CAJAL","direccion":"AV 5A # 22 NORTE - 27","barrio":"San Vicente","id_com_cor":"02","comu_corre":"Comuna 02","natu_ips":"Privada","cla_ips":"Instituciones - IPS","cod_capa_reps":25,"nom_capa_reps":"SALAS","cantidad":1,"serv_capa_reps":"Procedimientos","descrip_capa":"SALAS - Procedimientos"}},{"type":"Feature","id":"ads_ips_capacidad_reps.fid--215d4958_1a0d9e21907_3f11","geometry":{"type":"Point","coordinates":[-76.54441371,3.42409488]},"geometry_name":"the_geom","properties":{"consec":48,"gid":2360,"habili":"7600100944","sede":"01","cod_hab":760010094401,"nombre_ips":"NORA BEATRIZ SANCHEZ CIFUENTES","direccion":"KR 38A # 5A - 100","barrio":"San Fernando Nuevo","id_com_cor":"19","comu_corre":"Comuna 19","natu_ips":"Privada","cla_ips":"Profesional Independiente","cod_capa_reps":25,"nom_capa_reps":"SALAS","cantidad":1,"serv_capa_reps":"Procedimientos","descrip_capa":"SALAS - Procedimientos"}},{"type":"Feature","id":"ads_ips_capacidad_reps.fid--215d4958_1a0d9e21907_3f12","geometry":{"type":"Point","coordinates":[-76.53126655,3.46220014]},"geometry_name":"the_geom","properties":{"consec":49,"gid":4149,"habili":"7600100979","sede":"01","cod_hab":760010097901,"nombre_ips":"MARY PATRICIA ROSERO LASPRILLA","direccion":"CL 20 # 6A NORTE – 34","barrio":"Santa Mónica","id_com_cor":"02","comu_corre":"Comuna 02","natu_ips":"Privada","cla_ips":"Profesional Independiente","cod_capa_reps":25,"nom_capa_reps":"SALAS","cantidad":1,"serv_capa_reps":"Procedimientos","descrip_capa":"SALAS - Procedimientos"}},{"type":"Feature","id":"ads_ips_capacidad_reps.fid--215d4958_1a0d9e21907_3f13","geometry":{"type":"Point","coordinates":[-76.52659856,3.46057296]},"geometry_name":"the_geom","properties":{"consec":50,"gid":4056,"habili":"7600101078","sede":"01","cod_hab":760010107801,"nombre_ips":"CENTRO DE ORTOPEDIA Y FRACTURAS","direccion":"AV 2 # 21NORTE – 65","barrio":"Versalles","id_com_cor":"02","comu_corre":"Comuna 02","natu_ips":"Privada","cla_ips":"Instituciones - IPS","cod_capa_reps":25,"nom_capa_reps":"SALAS","cantidad":2,"serv_capa_reps":"Procedimientos","descrip_capa":"SALAS - Procedimientos"}},{"type":"Feature","id":"ads_ips_capacidad_reps.fid--215d4958_1a0d9e21907_3f14","geometry":{"type":"Point","coordinates":[-76.52553027,3.46391176]},"geometry_name":"the_geom","properties":{"consec":51,"gid":4265,"habili":"7600101078","sede":"03","cod_hab":760010107803,"nombre_ips":"COF VERSALLES","direccion":"CL 23B # 3 NORTE - 57","barrio":"San Vicente","id_com_cor":"02","comu_corre":"Comuna 02","natu_ips":"Privada","cla_ips":"Instituciones - IPS","cod_capa_reps":25,"nom_capa_reps":"SALAS","cantidad":2,"serv_capa_reps":"Procedimientos","descrip_capa":"SALAS - Procedimientos"}},{"type":"Feature","id":"ads_ips_capacidad_reps.fid--215d4958_1a0d9e21907_3f15","geometry":{"type":"Point","coordinates":[-76.52553027,3.46391176]},"geometry_name":"the_geom","properties":{"consec":52,"gid":4266,"habili":"7600101079","sede":"01","cod_hab":760010107901,"nombre_ips":"FERNANDO MANUEL MEJIA LOPEZ","direccion":"CL 23B # 3 NORTE - 57","barrio":"San Vicente","id_com_cor":"02","comu_corre":"Comuna 02","natu_ips":"Privada","cla_ips":"Profesional Independiente","cod_capa_reps":25,"nom_capa_reps":"SALAS","cantidad":1,"serv_capa_reps":"Procedimientos","descrip_capa":"SALAS - Procedimientos"}},{"type":"Feature","id":"ads_ips_capacidad_reps.fid--215d4958_1a0d9e21907_3f16","geometry":{"type":"Point","coordinates":[-76.52553027,3.46391176]},"geometry_name":"the_geom","properties":{"consec":53,"gid":4268,"habili":"7600101083","sede":"01","cod_hab":760010108301,"nombre_ips":"ALBERTO FRANCISCO DOMINGUEZ VELASCO","direccion":"CL 23B # 3 NORTE - 57","barrio":"San Vicente","id_com_cor":"02","comu_corre":"Comuna 02","natu_ips":"Privada","cla_ips":"Profesional Independiente","cod_capa_reps":25,"nom_capa_reps":"SALAS","cantidad":1,"serv_capa_reps":"Procedimientos","descrip_capa":"SALAS - Procedimientos"}},{"type":"Feature","id":"ads_ips_capacidad_reps.fid--215d4958_1a0d9e21907_3f17","geometry":{"type":"Point","coordinates":[-76.54441371,3.42409488]},"geometry_name":"the_geom","properties":{"consec":54,"gid":2365,"habili":"7600101111","sede":"01","cod_hab":760010111101,"nombre_ips":"CENTRO MEDICO IMBANACO CMI","direccion":"KR 38A # 5A - 100","barrio":"San Fernando Nuevo","id_com_cor":"19","comu_corre":"Comuna 19","natu_ips":"Privada","cla_ips":"Instituciones - IPS","cod_capa_reps":13,"nom_capa_reps":"SALAS","cantidad":1,"serv_capa_reps":"Quirófano","descrip_capa":"SALAS - Quirófano"}},{"type":"Feature","id":"ads_ips_capacidad_reps.fid--215d4958_1a0d9e21907_3f18","geometry":{"type":"Point","coordinates":[-76.54441371,3.42409488]},"geometry_name":"the_geom","properties":{"consec":55,"gid":2365,"habili":"7600101111","sede":"01","cod_hab":760010111101,"nombre_ips":"CENTRO MEDICO IMBANACO CMI","direccion":"KR 38A # 5A - 100","barrio":"San Fernando Nuevo","id_com_cor":"19","comu_corre":"Comuna 19","natu_ips":"Privada","cla_ips":"Instituciones - IPS","cod_capa_reps":25,"nom_capa_reps":"SALAS","cantidad":4,"serv_capa_reps":"Procedimientos","descrip_capa":"SALAS - Procedimientos"}},{"type":"Feature","id":"ads_ips_capacidad_reps.fid--215d4958_1a0d9e21907_3f19","geometry":{"type":"Point","coordinates":[-76.54429116,3.42419553]},"geometry_name":"the_geom","properties":{"consec":56,"gid":2580,"habili":"7600101111","sede":"02","cod_hab":760010111102,"nombre_ips":"SEDE 02 CENTRO MEDICO IMBANACO C.M.I.","direccion":"KR 38A # 5A - 109","barrio":"San Fernando Nuevo","id_com_cor":"19","comu_corre":"Comuna 19","natu_ips":"Privada","cla_ips":"Instituciones - IPS","cod_capa_reps":13,"nom_capa_reps":"SALAS","cantidad":2,"serv_capa_reps":"Quirófano","descrip_capa":"SALAS - Quirófano"}},{"type":"Feature","id":"ads_ips_capacidad_reps.fid--215d4958_1a0d9e21907_3f1a","geometry":{"type":"Point","coordinates":[-76.54429116,3.42419553]},"geometry_name":"the_geom","properties":{"consec":57,"gid":2580,"habili":"7600101111","sede":"02","cod_hab":760010111102,"nombre_ips":"SEDE 02 CENTRO MEDICO IMBANACO C.M.I.","direccion":"KR 38A # 5A - 109","barrio":"San Fernando Nuevo","id_com_cor":"19","comu_corre":"Comuna 19","natu_ips":"Privada","cla_ips":"Instituciones - IPS","cod_capa_reps":25,"nom_capa_reps":"SALAS","cantidad":1,"serv_capa_reps":"Procedimientos","descrip_capa":"SALAS - Procedimientos"}},{"type":"Feature","id":"ads_ips_capacidad_reps.fid--215d4958_1a0d9e21907_3f1b","geometry":{"type":"Point","coordinates":[-76.54500593,3.42650218]},"geometry_name":"the_geom","properties":{"consec":58,"gid":2824,"habili":"7600101111","sede":"16","cod_hab":760010111116,"nombre_ips":"CENTRO MEDICO IMBANACO DE CALI SEDE 16","direccion":"KR 38BIS # 5B2 -04","barrio":"San Fernando Nuevo","id_com_cor":"19","comu_corre":"Comuna 19","natu_ips":"Privada","cla_ips":"Instituciones - IPS","cod_capa_reps":1,"nom_capa_reps":"CAMAS","cantidad":54,"serv_capa_reps":"Pediátrica","descrip_capa":"CAMAS - Pediátrica"}},{"type":"Feature","id":"ads_ips_capacidad_reps.fid--215d4958_1a0d9e21907_3f1c","geometry":{"type":"Point","coordinates":[-76.54500593,3.42650218]},"geometry_name":"the_geom","properties":{"consec":59,"gid":2824,"habili":"7600101111","sede":"16","cod_hab":760010111116,"nombre_ips":"CENTRO MEDICO IMBANACO DE CALI SEDE 16","direccion":"KR 38BIS # 5B2 -04","barrio":"San Fernando Nuevo","id_com_cor":"19","comu_corre":"Comuna 19","natu_ips":"Privada","cla_ips":"Instituciones - IPS","cod_capa_reps":2,"nom_capa_reps":"CAMAS","cantidad":168,"serv_capa_reps":"Adultos","descrip_capa":"CAMAS - Adultos"}},{"type":"Feature","id":"ads_ips_capacidad_reps.fid--215d4958_1a0d9e21907_3f1d","geometry":{"type":"Point","coordinates":[-76.54500593,3.42650218]},"geometry_name":"the_geom","properties":{"consec":60,"gid":2824,"habili":"7600101111","sede":"16","cod_hab":760010111116,"nombre_ips":"CENTRO MEDICO IMBANACO DE CALI SEDE 16","direccion":"KR 38BIS # 5B2 -04","barrio":"San Fernando Nuevo","id_com_cor":"19","comu_corre":"Comuna 19","natu_ips":"Privada","cla_ips":"Instituciones - IPS","cod_capa_reps":3,"nom_capa_reps":"CAMAS","cantidad":26,"serv_capa_reps":"Obstetricia","descrip_capa":"CAMAS - Obstetricia"}},{"type":"Feature","id":"ads_ips_capacidad_reps.fid--215d4958_1a0d9e21907_3f1e","geometry":{"type":"Point","coordinates":[-76.54500593,3.42650218]},"geometry_name":"the_geom","properties":{"consec":61,"gid":2824,"habili":"7600101111","sede":"16","cod_hab":760010111116,"nombre_ips":"CENTRO MEDICO IMBANACO DE CALI SEDE 16","direccion":"KR 38BIS # 5B2 -04","barrio":"San Fernando Nuevo","id_com_cor":"19","comu_corre":"Comuna 19","natu_ips":"Privada","cla_ips":"Instituciones - IPS","cod_capa_reps":4,"nom_capa_reps":"CAMAS","cantidad":10,"serv_capa_reps":"Cuidado Intermedio Neonatal","descrip_capa":"CAMAS - Cuidado Intermedio Neonatal"}},{"type":"Feature","id":"ads_ips_capacidad_reps.fid--215d4958_1a0d9e21907_3f1f","geometry":{"type":"Point","coordinates":[-76.54500593,3.42650218]},"geometry_name":"the_geom","properties":{"consec":62,"gid":2824,"habili":"7600101111","sede":"16","cod_hab":760010111116,"nombre_ips":"CENTRO MEDICO IMBANACO DE CALI SEDE 16","direccion":"KR 38BIS # 5B2 -04","barrio":"San Fernando Nuevo","id_com_cor":"19","comu_corre":"Comuna 19","natu_ips":"Privada","cla_ips":"Instituciones - IPS","cod_capa_reps":5,"nom_capa_reps":"CAMAS","cantidad":7,"serv_capa_reps":"Cuidado Intensivo Neonatal","descrip_capa":"CAMAS - Cuidado Intensivo Neonatal"}},{"type":"Feature","id":"ads_ips_capacidad_reps.fid--215d4958_1a0d9e21907_3f20","geometry":{"type":"Point","coordinates":[-76.54500593,3.42650218]},"geometry_name":"the_geom","properties":{"consec":63,"gid":2824,"habili":"7600101111","sede":"16","cod_hab":760010111116,"nombre_ips":"CENTRO MEDICO IMBANACO DE CALI SEDE 16","direccion":"KR 38BIS # 5B2 -04","barrio":"San Fernando Nuevo","id_com_cor":"19","comu_corre":"Comuna 19","natu_ips":"Privada","cla_ips":"Instituciones - IPS","cod_capa_reps":6,"nom_capa_reps":"CAMAS","cantidad":1,"serv_capa_reps":"Cuidado Intermedio Pediátrico","descrip_capa":"CAMAS - Cuidado Intermedio Pediátrico"}},{"type":"Feature","id":"ads_ips_capacidad_reps.fid--215d4958_1a0d9e21907_3f21","geometry":{"type":"Point","coordinates":[-76.54500593,3.42650218]},"geometry_name":"the_geom","properties":{"consec":64,"gid":2824,"habili":"7600101111","sede":"16","cod_hab":760010111116,"nombre_ips":"CENTRO MEDICO IMBANACO DE CALI SEDE 16","direccion":"KR 38BIS # 5B2 -04","barrio":"San Fernando Nuevo","id_com_cor":"19","comu_corre":"Comuna 19","natu_ips":"Privada","cla_ips":"Instituciones - IPS","cod_capa_reps":7,"nom_capa_reps":"CAMAS","cantidad":6,"serv_capa_reps":"Cuidado Intensivo Pediátrico","descrip_capa":"CAMAS - Cuidado Intensivo Pediátrico"}},{"type":"Feature","id":"ads_ips_capacidad_reps.fid--215d4958_1a0d9e21907_3f22","geometry":{"type":"Point","coordinates":[-76.54500593,3.42650218]},"geometry_name":"the_geom","properties":{"consec":65,"gid":2824,"habili":"7600101111","sede":"16","cod_hab":760010111116,"nombre_ips":"CENTRO MEDICO IMBANACO DE CALI SEDE 16","direccion":"KR 38BIS # 5B2 -04","barrio":"San Fernando Nuevo","id_com_cor":"19","comu_corre":"Comuna 19","natu_ips":"Privada","cla_ips":"Instituciones - IPS","cod_capa_reps":8,"nom_capa_reps":"CAMAS","cantidad":17,"serv_capa_reps":"Cuidado Intermedio Adulto","descrip_capa":"CAMAS - Cuidado Intermedio Adulto"}},{"type":"Feature","id":"ads_ips_capacidad_reps.fid--215d4958_1a0d9e21907_3f23","geometry":{"type":"Point","coordinates":[-76.54500593,3.42650218]},"geometry_name":"the_geom","properties":{"consec":66,"gid":2824,"habili":"7600101111","sede":"16","cod_hab":760010111116,"nombre_ips":"CENTRO MEDICO IMBANACO DE CALI SEDE 16","direccion":"KR 38BIS # 5B2 -04","barrio":"San Fernando Nuevo","id_com_cor":"19","comu_corre":"Comuna 19","natu_ips":"Privada","cla_ips":"Instituciones - IPS","cod_capa_reps":9,"nom_capa_reps":"CAMAS","cantidad":31,"serv_capa_reps":"Cuidado Intensivo Adulto","descrip_capa":"CAMAS - Cuidado Intensivo Adulto"}},{"type":"Feature","id":"ads_ips_capacidad_reps.fid--215d4958_1a0d9e21907_3f24","geometry":{"type":"Point","coordinates":[-76.54500593,3.42650218]},"geometry_name":"the_geom","properties":{"consec":69,"gid":2824,"habili":"7600101111","sede":"16","cod_hab":760010111116,"nombre_ips":"CENTRO MEDICO IMBANACO DE CALI SEDE 16","direccion":"KR 38BIS # 5B2 -04","barrio":"San Fernando Nuevo","id_com_cor":"19","comu_corre":"Comuna 19","natu_ips":"Privada","cla_ips":"Instituciones - IPS","cod_capa_reps":13,"nom_capa_reps":"SALAS","cantidad":18,"serv_capa_reps":"Quirófano","descrip_capa":"SALAS - Quirófano"}},{"type":"Feature","id":"ads_ips_capacidad_reps.fid--215d4958_1a0d9e21907_3f25","geometry":{"type":"Point","coordinates":[-76.54500593,3.42650218]},"geometry_name":"the_geom","properties":{"consec":70,"gid":2824,"habili":"7600101111","sede":"16","cod_hab":760010111116,"nombre_ips":"CENTRO MEDICO IMBANACO DE CALI SEDE 16","direccion":"KR 38BIS # 5B2 -04","barrio":"San Fernando Nuevo","id_com_cor":"19","comu_corre":"Comuna 19","natu_ips":"Privada","cla_ips":"Instituciones - IPS","cod_capa_reps":14,"nom_capa_reps":"SALAS","cantidad":2,"serv_capa_reps":"Partos","descrip_capa":"SALAS - Partos"}},{"type":"Feature","id":"ads_ips_capacidad_reps.fid--215d4958_1a0d9e21907_3f26","geometry":{"type":"Point","coordinates":[-76.54500593,3.42650218]},"geometry_name":"the_geom","properties":{"consec":67,"gid":2824,"habili":"7600101111","sede":"16","cod_hab":760010111116,"nombre_ips":"CENTRO MEDICO IMBANACO DE CALI SEDE 16","direccion":"KR 38BIS # 5B2 -04","barrio":"San Fernando Nuevo","id_com_cor":"19","comu_corre":"Comuna 19","natu_ips":"Privada","cla_ips":"Instituciones - IPS","cod_capa_reps":21,"nom_capa_reps":"CAMAS","cantidad":17,"serv_capa_reps":"Transplante de progenitores hematopoyeticos","descrip_capa":"CAMAS - Transplante de progenitores hematopoyeticos"}},{"type":"Feature","id":"ads_ips_capacidad_reps.fid--215d4958_1a0d9e21907_3f27","geometry":{"type":"Point","coordinates":[-76.54500593,3.42650218]},"geometry_name":"the_geom","properties":{"consec":68,"gid":2824,"habili":"7600101111","sede":"16","cod_hab":760010111116,"nombre_ips":"CENTRO MEDICO IMBANACO DE CALI SEDE 16","direccion":"KR 38BIS # 5B2 -04","barrio":"San Fernando Nuevo","id_com_cor":"19","comu_corre":"Comuna 19","natu_ips":"Privada","cla_ips":"Instituciones - IPS","cod_capa_reps":22,"nom_capa_reps":"CAMAS","cantidad":7,"serv_capa_reps":"Cuidado básico neonatal","descrip_capa":"CAMAS - Cuidado básico neonatal"}},{"type":"Feature","id":"ads_ips_capacidad_reps.fid--215d4958_1a0d9e21907_3f28","geometry":{"type":"Point","coordinates":[-76.54500593,3.42650218]},"geometry_name":"the_geom","properties":{"consec":71,"gid":2824,"habili":"7600101111","sede":"16","cod_hab":760010111116,"nombre_ips":"CENTRO MEDICO IMBANACO DE CALI SEDE 16","direccion":"KR 38BIS # 5B2 -04","barrio":"San Fernando Nuevo","id_com_cor":"19","comu_corre":"Comuna 19","natu_ips":"Privada","cla_ips":"Instituciones - IPS","cod_capa_reps":25,"nom_capa_reps":"SALAS","cantidad":6,"serv_capa_reps":"Procedimientos","descrip_capa":"SALAS - Procedimientos"}},{"type":"Feature","id":"ads_ips_capacidad_reps.fid--215d4958_1a0d9e21907_3f29","geometry":{"type":"Point","coordinates":[-76.52239531,3.46266253]},"geometry_name":"the_geom","properties":{"consec":73,"gid":4168,"habili":"7600101125","sede":"01","cod_hab":760010112501,"nombre_ips":"CLINICA NUESTRA SEÑORA DE LOS REMEDIOS","direccion":"AV 2 # 24 - 157","barrio":"San Vicente","id_com_cor":"02","comu_corre":"Comuna 02","natu_ips":"Privada","cla_ips":"Instituciones - IPS","cod_capa_reps":2,"nom_capa_reps":"CAMAS","cantidad":146,"serv_capa_reps":"Adultos","descrip_capa":"CAMAS - Adultos"}},{"type":"Feature","id":"ads_ips_capacidad_reps.fid--215d4958_1a0d9e21907_3f2a","geometry":{"type":"Point","coordinates":[-76.52239531,3.46266253]},"geometry_name":"the_geom","properties":{"consec":74,"gid":4168,"habili":"7600101125","sede":"01","cod_hab":760010112501,"nombre_ips":"CLINICA NUESTRA SEÑORA DE LOS REMEDIOS","direccion":"AV 2 # 24 - 157","barrio":"San Vicente","id_com_cor":"02","comu_corre":"Comuna 02","natu_ips":"Privada","cla_ips":"Instituciones - IPS","cod_capa_reps":3,"nom_capa_reps":"CAMAS","cantidad":10,"serv_capa_reps":"Obstetricia","descrip_capa":"CAMAS - Obstetricia"}},{"type":"Feature","id":"ads_ips_capacidad_reps.fid--215d4958_1a0d9e21907_3f2b","geometry":{"type":"Point","coordinates":[-76.52239531,3.46266253]},"geometry_name":"the_geom","properties":{"consec":75,"gid":4168,"habili":"7600101125","sede":"01","cod_hab":760010112501,"nombre_ips":"CLINICA NUESTRA SEÑORA DE LOS REMEDIOS","direccion":"AV 2 # 24 - 157","barrio":"San Vicente","id_com_cor":"02","comu_corre":"Comuna 02","natu_ips":"Privada","cla_ips":"Instituciones - IPS","cod_capa_reps":4,"nom_capa_reps":"CAMAS","cantidad":10,"serv_capa_reps":"Cuidado Intermedio Neonatal","descrip_capa":"CAMAS - Cuidado Intermedio Neonatal"}},{"type":"Feature","id":"ads_ips_capacidad_reps.fid--215d4958_1a0d9e21907_3f2c","geometry":{"type":"Point","coordinates":[-76.52239531,3.46266253]},"geometry_name":"the_geom","properties":{"consec":76,"gid":4168,"habili":"7600101125","sede":"01","cod_hab":760010112501,"nombre_ips":"CLINICA NUESTRA SEÑORA DE LOS REMEDIOS","direccion":"AV 2 # 24 - 157","barrio":"San Vicente","id_com_cor":"02","comu_corre":"Comuna 02","natu_ips":"Privada","cla_ips":"Instituciones - IPS","cod_capa_reps":5,"nom_capa_reps":"CAMAS","cantidad":10,"serv_capa_reps":"Cuidado Intensivo Neonatal","descrip_capa":"CAMAS - Cuidado Intensivo Neonatal"}},{"type":"Feature","id":"ads_ips_capacidad_reps.fid--215d4958_1a0d9e21907_3f2d","geometry":{"type":"Point","coordinates":[-76.52239531,3.46266253]},"geometry_name":"the_geom","properties":{"consec":77,"gid":4168,"habili":"7600101125","sede":"01","cod_hab":760010112501,"nombre_ips":"CLINICA NUESTRA SEÑORA DE LOS REMEDIOS","direccion":"AV 2 # 24 - 157","barrio":"San Vicente","id_com_cor":"02","comu_corre":"Comuna 02","natu_ips":"Privada","cla_ips":"Instituciones - IPS","cod_capa_reps":8,"nom_capa_reps":"CAMAS","cantidad":13,"serv_capa_reps":"Cuidado Intermedio Adulto","descrip_capa":"CAMAS - Cuidado Intermedio Adulto"}},{"type":"Feature","id":"ads_ips_capacidad_reps.fid--215d4958_1a0d9e21907_3f2e","geometry":{"type":"Point","coordinates":[-76.52239531,3.46266253]},"geometry_name":"the_geom","properties":{"consec":78,"gid":4168,"habili":"7600101125","sede":"01","cod_hab":760010112501,"nombre_ips":"CLINICA NUESTRA SEÑORA DE LOS REMEDIOS","direccion":"AV 2 # 24 - 157","barrio":"San Vicente","id_com_cor":"02","comu_corre":"Comuna 02","natu_ips":"Privada","cla_ips":"Instituciones - IPS","cod_capa_reps":9,"nom_capa_reps":"CAMAS","cantidad":38,"serv_capa_reps":"Cuidado Intensivo Adulto","descrip_capa":"CAMAS - Cuidado Intensivo Adulto"}},{"type":"Feature","id":"ads_ips_capacidad_reps.fid--215d4958_1a0d9e21907_3f2f","geometry":{"type":"Point","coordinates":[-76.52239531,3.46266253]},"geometry_name":"the_geom","properties":{"consec":80,"gid":4168,"habili":"7600101125","sede":"01","cod_hab":760010112501,"nombre_ips":"CLINICA NUESTRA SEÑORA DE LOS REMEDIOS","direccion":"AV 2 # 24 - 157","barrio":"San Vicente","id_com_cor":"02","comu_corre":"Comuna 02","natu_ips":"Privada","cla_ips":"Instituciones - IPS","cod_capa_reps":13,"nom_capa_reps":"SALAS","cantidad":8,"serv_capa_reps":"Quirófano","descrip_capa":"SALAS - Quirófano"}},{"type":"Feature","id":"ads_ips_capacidad_reps.fid--215d4958_1a0d9e21907_3f30","geometry":{"type":"Point","coordinates":[-76.52239531,3.46266253]},"geometry_name":"the_geom","properties":{"consec":81,"gid":4168,"habili":"7600101125","sede":"01","cod_hab":760010112501,"nombre_ips":"CLINICA NUESTRA SEÑORA DE LOS REMEDIOS","direccion":"AV 2 # 24 - 157","barrio":"San Vicente","id_com_cor":"02","comu_corre":"Comuna 02","natu_ips":"Privada","cla_ips":"Instituciones - IPS","cod_capa_reps":14,"nom_capa_reps":"SALAS","cantidad":1,"serv_capa_reps":"Partos","descrip_capa":"SALAS - Partos"}},{"type":"Feature","id":"ads_ips_capacidad_reps.fid--215d4958_1a0d9e21907_3f31","geometry":{"type":"Point","coordinates":[-76.52239531,3.46266253]},"geometry_name":"the_geom","properties":{"consec":79,"gid":4168,"habili":"7600101125","sede":"01","cod_hab":760010112501,"nombre_ips":"CLINICA NUESTRA SEÑORA DE LOS REMEDIOS","direccion":"AV 2 # 24 - 157","barrio":"San Vicente","id_com_cor":"02","comu_corre":"Comuna 02","natu_ips":"Privada","cla_ips":"Instituciones - IPS","cod_capa_reps":22,"nom_capa_reps":"CAMAS","cantidad":5,"serv_capa_reps":"Cuidado básico neonatal","descrip_capa":"CAMAS - Cuidado básico neonatal"}},{"type":"Feature","id":"ads_ips_capacidad_reps.fid--215d4958_1a0d9e21907_3f32","geometry":{"type":"Point","coordinates":[-76.52239531,3.46266253]},"geometry_name":"the_geom","properties":{"consec":82,"gid":4168,"habili":"7600101125","sede":"01","cod_hab":760010112501,"nombre_ips":"CLINICA NUESTRA SEÑORA DE LOS REMEDIOS","direccion":"AV 2 # 24 - 157","barrio":"San Vicente","id_com_cor":"02","comu_corre":"Comuna 02","natu_ips":"Privada","cla_ips":"Instituciones - IPS","cod_capa_reps":25,"nom_capa_reps":"SALAS","cantidad":4,"serv_capa_reps":"Procedimientos","descrip_capa":"SALAS - Procedimientos"}},{"type":"Feature","id":"ads_ips_capacidad_reps.fid--215d4958_1a0d9e21907_3f33","geometry":{"type":"Point","coordinates":[-76.54529232,3.42821829]},"geometry_name":"the_geom","properties":{"consec":83,"gid":3009,"habili":"7600101199","sede":"01","cod_hab":760010119901,"nombre_ips":"MARTHA INES ARIAS ESCOBAR","direccion":"CL 5 # 38 – 10","barrio":"Santa Isabel","id_com_cor":"19","comu_corre":"Comuna 19","natu_ips":"Privada","cla_ips":"Profesional Independiente","cod_capa_reps":25,"nom_capa_reps":"SALAS","cantidad":1,"serv_capa_reps":"Procedimientos","descrip_capa":"SALAS - Procedimientos"}},{"type":"Feature","id":"ads_ips_capacidad_reps.fid--215d4958_1a0d9e21907_3f34","geometry":{"type":"Point","coordinates":[-76.52320769,3.46266295]},"geometry_name":"the_geom","properties":{"consec":84,"gid":4173,"habili":"7600101229","sede":"01","cod_hab":760010122901,"nombre_ips":"\"EMERGENCIAS MEDICAS A DOMICILIO LTDA \"\"EMERDOM LTDA\"\"\"","direccion":"AV 2 # 24 NORTE –  77","barrio":"San Vicente","id_com_cor":"02","comu_corre":"Comuna 02","natu_ips":"Privada","cla_ips":"Transporte Especial de Pacientes","cod_capa_reps":15,"nom_capa_reps":"AMBULANCIAS","cantidad":1,"serv_capa_reps":"Básica","descrip_capa":"AMBULANCIAS - Básica"}},{"type":"Feature","id":"ads_ips_capacidad_reps.fid--215d4958_1a0d9e21907_3f35","geometry":{"type":"Point","coordinates":[-76.52320769,3.46266295]},"geometry_name":"the_geom","properties":{"consec":85,"gid":4173,"habili":"7600101229","sede":"01","cod_hab":760010122901,"nombre_ips":"\"EMERGENCIAS MEDICAS A DOMICILIO LTDA \"\"EMERDOM LTDA\"\"\"","direccion":"AV 2 # 24 NORTE –  77","barrio":"San Vicente","id_com_cor":"02","comu_corre":"Comuna 02","natu_ips":"Privada","cla_ips":"Transporte Especial de Pacientes","cod_capa_reps":15,"nom_capa_reps":"AMBULANCIAS","cantidad":1,"serv_capa_reps":"Básica","descrip_capa":"AMBULANCIAS - Básica"}},{"type":"Feature","id":"ads_ips_capacidad_reps.fid--215d4958_1a0d9e21907_3f36","geometry":{"type":"Point","coordinates":[-76.52964442,3.46050154]},"geometry_name":"the_geom","properties":{"consec":86,"gid":4019,"habili":"7600101246","sede":"01","cod_hab":760010124601,"nombre_ips":"GUILLERMO BARRIOS ARRAZOLA","direccion":"CL 19 #  5 NORTE - 35","barrio":"Versalles","id_com_cor":"02","comu_corre":"Comuna 02","natu_ips":"Privada","cla_ips":"Profesional Independiente","cod_capa_reps":25,"nom_capa_reps":"SALAS","cantidad":1,"serv_capa_reps":"Procedimientos","descrip_capa":"SALAS - Procedimientos"}},{"type":"Feature","id":"ads_ips_capacidad_reps.fid--215d4958_1a0d9e21907_3f37","geometry":{"type":"Point","coordinates":[-76.53144235,3.46023715]},"geometry_name":"the_geom","properties":{"consec":88,"gid":3943,"habili":"7600101276","sede":"01","cod_hab":760010127601,"nombre_ips":"dora alicia cabal tascòn","direccion":"AV 6 # 17 – 92","barrio":"Granada","id_com_cor":"02","comu_corre":"Comuna 02","natu_ips":"Privada","cla_ips":"Profesional Independiente","cod_capa_reps":25,"nom_capa_reps":"SALAS","cantidad":1,"serv_capa_reps":"Procedimientos","descrip_capa":"SALAS - Procedimientos"}},{"type":"Feature","id":"ads_ips_capacidad_reps.fid--215d4958_1a0d9e21907_3f38","geometry":{"type":"Point","coordinates":[-76.54253371,3.42323116]},"geometry_name":"the_geom","properties":{"consec":89,"gid":1895,"habili":"7600101327","sede":"01","cod_hab":760010132701,"nombre_ips":"jacqueline Beatriz linero salas","direccion":"CL 5D #  38A – 35","barrio":"Eucaristico","id_com_cor":"19","comu_corre":"Comuna 19","natu_ips":"Privada","cla_ips":"Profesional Independiente","cod_capa_reps":25,"nom_capa_reps":"SALAS","cantidad":1,"serv_capa_reps":"Procedimientos","descrip_capa":"SALAS - Procedimientos"}},{"type":"Feature","id":"ads_ips_capacidad_reps.fid--215d4958_1a0d9e21907_3f39","geometry":{"type":"Point","coordinates":[-76.53228226,3.45712887]},"geometry_name":"the_geom","properties":{"consec":90,"gid":3868,"habili":"7600101329","sede":"01","cod_hab":760010132901,"nombre_ips":"CLINICA DE OTORRINOLARINGOLOGIA CIRUGIA PLASTICA","direccion":"AV 4 # 14 NORTE - 38","barrio":"Granada","id_com_cor":"02","comu_corre":"Comuna 02","natu_ips":"Privada","cla_ips":"Instituciones - IPS","cod_capa_reps":25,"nom_capa_reps":"SALAS","cantidad":1,"serv_capa_reps":"Procedimientos","descrip_capa":"SALAS - Procedimientos"}},{"type":"Feature","id":"ads_ips_capacidad_reps.fid--215d4958_1a0d9e21907_3f3a","geometry":{"type":"Point","coordinates":[-76.54493488,3.43336772]},"geometry_name":"the_geom","properties":{"consec":92,"gid":3213,"habili":"7600101350","sede":"01","cod_hab":760010135001,"nombre_ips":"JULIO CESAR PEREZ MARQUEZ","direccion":"KR 35 # 4A - 46","barrio":"San Fernando Viejo","id_com_cor":"19","comu_corre":"Comuna 19","natu_ips":"Privada","cla_ips":"Profesional Independiente","cod_capa_reps":25,"nom_capa_reps":"SALAS","cantidad":1,"serv_capa_reps":"Procedimientos","descrip_capa":"SALAS - Procedimientos"}},{"type":"Feature","id":"ads_ips_capacidad_reps.fid--215d4958_1a0d9e21907_3f3b","geometry":{"type":"Point","coordinates":[-76.54239701,3.43267225]},"geometry_name":"the_geom","properties":{"consec":93,"gid":3178,"habili":"7600101361","sede":"01","cod_hab":760010136101,"nombre_ips":"AMPARO SANCHEZ CARDENAS","direccion":"KR 34 #  5 - 25","barrio":"3 de Julio","id_com_cor":"19","comu_corre":"Comuna 19","natu_ips":"Privada","cla_ips":"Profesional Independiente","cod_capa_reps":25,"nom_capa_reps":"SALAS","cantidad":1,"serv_capa_reps":"Procedimientos","descrip_capa":"SALAS - Procedimientos"}},{"type":"Feature","id":"ads_ips_capacidad_reps.fid--215d4958_1a0d9e21907_3f3c","geometry":{"type":"Point","coordinates":[-76.54441371,3.42409488]},"geometry_name":"the_geom","properties":{"consec":94,"gid":2389,"habili":"7600101400","sede":"01","cod_hab":760010140001,"nombre_ips":"ADRIANA WAGNER LOPEZ","direccion":"KR 38A #  5A – 100","barrio":"San Fernando Nuevo","id_com_cor":"19","comu_corre":"Comuna 19","natu_ips":"Privada","cla_ips":"Profesional Independiente","cod_capa_reps":25,"nom_capa_reps":"SALAS","cantidad":1,"serv_capa_reps":"Procedimientos","descrip_capa":"SALAS - Procedimientos"}},{"type":"Feature","id":"ads_ips_capacidad_reps.fid--215d4958_1a0d9e21907_3f3d","geometry":{"type":"Point","coordinates":[-76.5457837,3.42016862]},"geometry_name":"the_geom","properties":{"consec":95,"gid":1440,"habili":"7600101677","sede":"01","cod_hab":760010167701,"nombre_ips":"MARTHA LUCIA GHITIS CASTRILLON","direccion":"KR 43 # 5B - 63","barrio":"Urbanización Tequendama","id_com_cor":"19","comu_corre":"Comuna 19","natu_ips":"Privada","cla_ips":"Profesional Independiente","cod_capa_reps":25,"nom_capa_reps":"SALAS","cantidad":1,"serv_capa_reps":"Procedimientos","descrip_capa":"SALAS - Procedimientos"}},{"type":"Feature","id":"ads_ips_capacidad_reps.fid--215d4958_1a0d9e21907_3f3e","geometry":{"type":"Point","coordinates":[-76.52131857,3.48062644]},"geometry_name":"the_geom","properties":{"consec":96,"gid":4672,"habili":"7600101723","sede":"01","cod_hab":760010172301,"nombre_ips":"CENTRO ESPECIALIZADO EN FRACTURAS Y LESIONES DEPORTIVAS","direccion":"CL 44NORTE  # 3H - 20","barrio":"Vipasa","id_com_cor":"02","comu_corre":"Comuna 02","natu_ips":"Privada","cla_ips":"Instituciones - IPS","cod_capa_reps":25,"nom_capa_reps":"SALAS","cantidad":1,"serv_capa_reps":"Procedimientos","descrip_capa":"SALAS - Procedimientos"}},{"type":"Feature","id":"ads_ips_capacidad_reps.fid--215d4958_1a0d9e21907_3f3f","geometry":{"type":"Point","coordinates":[-76.5311336,3.46476203]},"geometry_name":"the_geom","properties":{"consec":97,"gid":4302,"habili":"7600101759","sede":"01","cod_hab":760010175901,"nombre_ips":"EMMA MINNIG CORREA","direccion":"CL 23  # 6A NORTE – 17","barrio":"Santa Mónica","id_com_cor":"02","comu_corre":"Comuna 02","natu_ips":"Privada","cla_ips":"Profesional Independiente","cod_capa_reps":25,"nom_capa_reps":"SALAS","cantidad":1,"serv_capa_reps":"Procedimientos","descrip_capa":"SALAS - Procedimientos"}},{"type":"Feature","id":"ads_ips_capacidad_reps.fid--215d4958_1a0d9e21907_3f40","geometry":{"type":"Point","coordinates":[-76.5311336,3.46476203]},"geometry_name":"the_geom","properties":{"consec":98,"gid":4303,"habili":"7600101760","sede":"01","cod_hab":760010176001,"nombre_ips":"ALEJANDRO POSADA GAVIRIA","direccion":"CL 23  # 6A NORTE – 17","barrio":"Santa Mónica","id_com_cor":"02","comu_corre":"Comuna 02","natu_ips":"Privada","cla_ips":"Profesional Independiente","cod_capa_reps":25,"nom_capa_reps":"SALAS","cantidad":1,"serv_capa_reps":"Procedimientos","descrip_capa":"SALAS - Procedimientos"}},{"type":"Feature","id":"ads_ips_capacidad_reps.fid--215d4958_1a0d9e21907_3f41","geometry":{"type":"Point","coordinates":[-76.5399095,3.37232377]},"geometry_name":"the_geom","properties":{"consec":99,"gid":156,"habili":"7600101760","sede":"02","cod_hab":760010176002,"nombre_ips":"ALEJANDRO POSADA GAVIRIA","direccion":"KR 100 # 11 - 60","barrio":"Ciudad Campestre","id_com_cor":"22","comu_corre":"Comuna 22","natu_ips":"Privada","cla_ips":"Profesional Independiente","cod_capa_reps":25,"nom_capa_reps":"SALAS","cantidad":1,"serv_capa_reps":"Procedimientos","descrip_capa":"SALAS - Procedimientos"}},{"type":"Feature","id":"ads_ips_capacidad_reps.fid--215d4958_1a0d9e21907_3f42","geometry":{"type":"Point","coordinates":[-76.54067536,3.41670802]},"geometry_name":"the_geom","properties":{"consec":100,"gid":1150,"habili":"7600101770","sede":"01","cod_hab":760010177001,"nombre_ips":"PATRICIA RIAÑO DUQUE","direccion":"CL 8A # 44 – 09","barrio":"Nueva Tequendama","id_com_cor":"19","comu_corre":"Comuna 19","natu_ips":"Privada","cla_ips":"Profesional Independiente","cod_capa_reps":25,"nom_capa_reps":"SALAS","cantidad":1,"serv_capa_reps":"Procedimientos","descrip_capa":"SALAS - Procedimientos"}},{"type":"Feature","id":"ads_ips_capacidad_reps.fid--215d4958_1a0d9e21907_3f43","geometry":{"type":"Point","coordinates":[-76.53754155,3.43133172]},"geometry_name":"the_geom","properties":{"consec":101,"gid":3128,"habili":"7600101788","sede":"01","cod_hab":760010178801,"nombre_ips":"Liliana Velasquez Merino","direccion":"CL 7 # 29 – 55","barrio":"El Cedro","id_com_cor":"19","comu_corre":"Comuna 19","natu_ips":"Privada","cla_ips":"Profesional Independiente","cod_capa_reps":25,"nom_capa_reps":"SALAS","cantidad":1,"serv_capa_reps":"Procedimientos","descrip_capa":"SALAS - Procedimientos"}},{"type":"Feature","id":"ads_ips_capacidad_reps.fid--215d4958_1a0d9e21907_3f44","geometry":{"type":"Point","coordinates":[-76.51651247,3.38511815]},"geometry_name":"the_geom","properties":{"consec":102,"gid":354,"habili":"7600101817","sede":"03","cod_hab":760010181703,"nombre_ips":"REHABILITAMOS SEDE CANEY","direccion":"CL 48 BIS # 83C - 05","barrio":"Caney","id_com_cor":"17","comu_corre":"Comuna 17","natu_ips":"Privada","cla_ips":"Instituciones - IPS","cod_capa_reps":25,"nom_capa_reps":"SALAS","cantidad":1,"serv_capa_reps":"Procedimientos","descrip_capa":"SALAS - Procedimientos"}},{"type":"Feature","id":"ads_ips_capacidad_reps.fid--215d4958_1a0d9e21907_3f45","geometry":{"type":"Point","coordinates":[-76.54458235,3.42249466]},"geometry_name":"the_geom","properties":{"consec":103,"gid":1767,"habili":"7600101884","sede":"01","cod_hab":760010188401,"nombre_ips":"CENTRO QUIRURGICO DE LA BELLEZA","direccion":"KR 40 # 5B - 100","barrio":"Urbanización Tequendama","id_com_cor":"19","comu_corre":"Comuna 19","natu_ips":"Privada","cla_ips":"Instituciones - IPS","cod_capa_reps":2,"nom_capa_reps":"CAMAS","cantidad":8,"serv_capa_reps":"Adultos","descrip_capa":"CAMAS - Adultos"}},{"type":"Feature","id":"ads_ips_capacidad_reps.fid--215d4958_1a0d9e21907_3f46","geometry":{"type":"Point","coordinates":[-76.54441371,3.42409488]},"geometry_name":"the_geom","properties":{"consec":104,"gid":2405,"habili":"7600101891","sede":"01","cod_hab":760010189101,"nombre_ips":"RICARDO AUGUSTO RUEDA PLATA","direccion":"KR 38A # 5A - 100","barrio":"San Fernando Nuevo","id_com_cor":"19","comu_corre":"Comuna 19","natu_ips":"Privada","cla_ips":"Profesional Independiente","cod_capa_reps":25,"nom_capa_reps":"SALAS","cantidad":1,"serv_capa_reps":"Procedimientos","descrip_capa":"SALAS - Procedimientos"}},{"type":"Feature","id":"ads_ips_capacidad_reps.fid--215d4958_1a0d9e21907_3f47","geometry":{"type":"Point","coordinates":[-76.54404015,3.41914677]},"geometry_name":"the_geom","properties":{"consec":105,"gid":1299,"habili":"7600101897","sede":"01","cod_hab":760010189701,"nombre_ips":"MARCO ANTONIO REVEIZ MONTES","direccion":"CL 5E # 43 - 10","barrio":"Urbanización Tequendama","id_com_cor":"19","comu_corre":"Comuna 19","natu_ips":"Privada","cla_ips":"Profesional Independiente","cod_capa_reps":25,"nom_capa_reps":"SALAS","cantidad":1,"serv_capa_reps":"Procedimientos","descrip_capa":"SALAS - Procedimientos"}},{"type":"Feature","id":"ads_ips_capacidad_reps.fid--215d4958_1a0d9e21907_3f48","geometry":{"type":"Point","coordinates":[-76.54404015,3.41914677]},"geometry_name":"the_geom","properties":{"consec":106,"gid":1300,"habili":"7600101897","sede":"02","cod_hab":760010189702,"nombre_ips":"MARCO ANTONIO REVEIZ MONTES","direccion":"CL 5E # 43 - 10","barrio":"Urbanización Tequendama","id_com_cor":"19","comu_corre":"Comuna 19","natu_ips":"Privada","cla_ips":"Profesional Independiente","cod_capa_reps":25,"nom_capa_reps":"SALAS","cantidad":1,"serv_capa_reps":"Procedimientos","descrip_capa":"SALAS - Procedimientos"}},{"type":"Feature","id":"ads_ips_capacidad_reps.fid--215d4958_1a0d9e21907_3f49","geometry":{"type":"Point","coordinates":[-76.4700367,3.43518282]},"geometry_name":"the_geom","properties":{"consec":107,"gid":3289,"habili":"7600101910","sede":"04","cod_hab":760010191004,"nombre_ips":"CARLOS FERNANDO JARAMILLO QUIROZ","direccion":"CL 84 # 24F - 22","barrio":"Valle Grande","id_com_cor":"21","comu_corre":"Comuna 21","natu_ips":"Privada","cla_ips":"Profesional Independiente","cod_capa_reps":25,"nom_capa_reps":"SALAS","cantidad":1,"serv_capa_reps":"Procedimientos","descrip_capa":"SALAS - Procedimientos"}},{"type":"Feature","id":"ads_ips_capacidad_reps.fid--215d4958_1a0d9e21907_3f4a","geometry":{"type":"Point","coordinates":[-76.49809701,3.46987232]},"geometry_name":"the_geom","properties":{"consec":108,"gid":4478,"habili":"7600102028","sede":"01","cod_hab":760010202801,"nombre_ips":"GRUPO MEDICO ODONTOLOGICO COLOMBIANO DE SALUD COLSALUD SAS","direccion":"CL 57 # 1J - 15","barrio":"Los Andes","id_com_cor":"05","comu_corre":"Comuna 05","natu_ips":"Privada","cla_ips":"Instituciones - IPS","cod_capa_reps":25,"nom_capa_reps":"SALAS","cantidad":1,"serv_capa_reps":"Procedimientos","descrip_capa":"SALAS - Procedimientos"}},{"type":"Feature","id":"ads_ips_capacidad_reps.fid--215d4958_1a0d9e21907_3f4b","geometry":{"type":"Point","coordinates":[-76.53966243,3.41035196]},"geometry_name":"the_geom","properties":{"consec":109,"gid":747,"habili":"7600102065","sede":"01","cod_hab":760010206501,"nombre_ips":"JEANNETHE DEL SOCORRO CADENA LOAIZA","direccion":"CL 9C # 50 - 25","barrio":"Camino Real - Los Fundadores","id_com_cor":"19","comu_corre":"Comuna 19","natu_ips":"Privada","cla_ips":"Profesional Independiente","cod_capa_reps":25,"nom_capa_reps":"SALAS","cantidad":1,"serv_capa_reps":"Procedimientos","descrip_capa":"SALAS - Procedimientos"}},{"type":"Feature","id":"ads_ips_capacidad_reps.fid--215d4958_1a0d9e21907_3f4c","geometry":{"type":"Point","coordinates":[-76.55314413,3.40746029]},"geometry_name":"the_geom","properties":{"consec":110,"gid":622,"habili":"7600102071","sede":"01","cod_hab":760010207101,"nombre_ips":"JULIAN ALONSO CORONEL ARROYO","direccion":"KR 59 # 1E - 21","barrio":"Cuarto de Legua - Guadalupe","id_com_cor":"19","comu_corre":"Comuna 19","natu_ips":"Privada","cla_ips":"Profesional Independiente","cod_capa_reps":25,"nom_capa_reps":"SALAS","cantidad":2,"serv_capa_reps":"Procedimientos","descrip_capa":"SALAS - Procedimientos"}},{"type":"Feature","id":"ads_ips_capacidad_reps.fid--215d4958_1a0d9e21907_3f4d","geometry":{"type":"Point","coordinates":[-76.54313696,3.42216355]},"geometry_name":"the_geom","properties":{"consec":111,"gid":1734,"habili":"7600102103","sede":"01","cod_hab":760010210301,"nombre_ips":"CLINICA LOS ANDES S.A.","direccion":"KR 39A # 5D - 106","barrio":"Urbanización Tequendama","id_com_cor":"19","comu_corre":"Comuna 19","natu_ips":"Privada","cla_ips":"Instituciones - IPS","cod_capa_reps":2,"nom_capa_reps":"CAMAS","cantidad":14,"serv_capa_reps":"Adultos","descrip_capa":"CAMAS - Adultos"}},{"type":"Feature","id":"ads_ips_capacidad_reps.fid--215d4958_1a0d9e21907_3f4e","geometry":{"type":"Point","coordinates":[-76.54313696,3.42216355]},"geometry_name":"the_geom","properties":{"consec":112,"gid":1734,"habili":"7600102103","sede":"01","cod_hab":760010210301,"nombre_ips":"CLINICA LOS ANDES S.A.","direccion":"KR 39A # 5D - 106","barrio":"Urbanización Tequendama","id_com_cor":"19","comu_corre":"Comuna 19","natu_ips":"Privada","cla_ips":"Instituciones - IPS","cod_capa_reps":25,"nom_capa_reps":"SALAS","cantidad":2,"serv_capa_reps":"Procedimientos","descrip_capa":"SALAS - Procedimientos"}},{"type":"Feature","id":"ads_ips_capacidad_reps.fid--215d4958_1a0d9e21907_3f4f","geometry":{"type":"Point","coordinates":[-76.54268298,3.42266246]},"geometry_name":"the_geom","properties":{"consec":113,"gid":1812,"habili":"7600102103","sede":"02","cod_hab":760010210302,"nombre_ips":"CLINICA LOS ANDES S.A.","direccion":"KR 39 # 5D - 45","barrio":"Eucaristico","id_com_cor":"19","comu_corre":"Comuna 19","natu_ips":"Privada","cla_ips":"Instituciones - IPS","cod_capa_reps":25,"nom_capa_reps":"SALAS","cantidad":1,"serv_capa_reps":"Procedimientos","descrip_capa":"SALAS - Procedimientos"}},{"type":"Feature","id":"ads_ips_capacidad_reps.fid--215d4958_1a0d9e21907_3f50","geometry":{"type":"Point","coordinates":[-76.52400068,3.47672024]},"geometry_name":"the_geom","properties":{"consec":114,"gid":4610,"habili":"7600102110","sede":"01","cod_hab":760010211001,"nombre_ips":"FERNANDO URIBE SATIZÁBAL","direccion":"CL 38 NORTE # 4 - 42","barrio":"La Flora","id_com_cor":"02","comu_corre":"Comuna 02","natu_ips":"Privada","cla_ips":"Profesional Independiente","cod_capa_reps":25,"nom_capa_reps":"SALAS","cantidad":3,"serv_capa_reps":"Procedimientos","descrip_capa":"SALAS - Procedimientos"}},{"type":"Feature","id":"ads_ips_capacidad_reps.fid--215d4958_1a0d9e21907_3f51","geometry":{"type":"Point","coordinates":[-76.54522797,3.42265264]},"geometry_name":"the_geom","properties":{"consec":115,"gid":1811,"habili":"7600102115","sede":"01","cod_hab":760010211501,"nombre_ips":"CLINICA PLASTICA ESTETICA MEDICENTER","direccion":"CL 5B # 40 - 50","barrio":"Urbanización Tequendama","id_com_cor":"19","comu_corre":"Comuna 19","natu_ips":"Privada","cla_ips":"Instituciones - IPS","cod_capa_reps":13,"nom_capa_reps":"SALAS","cantidad":1,"serv_capa_reps":"Quirófano","descrip_capa":"SALAS - Quirófano"}},{"type":"Feature","id":"ads_ips_capacidad_reps.fid--215d4958_1a0d9e21907_3f52","geometry":{"type":"Point","coordinates":[-76.55277834,3.40974526]},"geometry_name":"the_geom","properties":{"consec":116,"gid":662,"habili":"7600102134","sede":"01","cod_hab":760010213401,"nombre_ips":"LUIS ALFREDO LONDOÑO CARVAJAL","direccion":"KR 56 # 1B - 131","barrio":"Cuarto de Legua - Guadalupe","id_com_cor":"19","comu_corre":"Comuna 19","natu_ips":"Privada","cla_ips":"Profesional Independiente","cod_capa_reps":25,"nom_capa_reps":"SALAS","cantidad":1,"serv_capa_reps":"Procedimientos","descrip_capa":"SALAS - Procedimientos"}},{"type":"Feature","id":"ads_ips_capacidad_reps.fid--215d4958_1a0d9e21907_3f53","geometry":{"type":"Point","coordinates":[-76.52818501,3.43129565]},"geometry_name":"the_geom","properties":{"consec":117,"gid":3123,"habili":"7600102148","sede":"01","cod_hab":760010214801,"nombre_ips":"ADRIANA SANTAMARIA GIRALDO","direccion":"DG 23 # 12B - 22","barrio":"Colseguros Andes","id_com_cor":"10","comu_corre":"Comuna 10","natu_ips":"Privada","cla_ips":"Profesional Independiente","cod_capa_reps":25,"nom_capa_reps":"SALAS","cantidad":1,"serv_capa_reps":"Procedimientos","descrip_capa":"SALAS - Procedimientos"}},{"type":"Feature","id":"ads_ips_capacidad_reps.fid--215d4958_1a0d9e21907_3f54","geometry":{"type":"Point","coordinates":[-76.52964442,3.46050154]},"geometry_name":"the_geom","properties":{"consec":118,"gid":4027,"habili":"7600102239","sede":"01","cod_hab":760010223901,"nombre_ips":"FUNDALIVIO LTDA","direccion":"CL 19 NORTE # 5 - 35","barrio":"Versalles","id_com_cor":"02","comu_corre":"Comuna 02","natu_ips":"Privada","cla_ips":"Instituciones - IPS","cod_capa_reps":25,"nom_capa_reps":"SALAS","cantidad":1,"serv_capa_reps":"Procedimientos","descrip_capa":"SALAS - Procedimientos"}},{"type":"Feature","id":"ads_ips_capacidad_reps.fid--215d4958_1a0d9e21907_3f55","geometry":{"type":"Point","coordinates":[-76.49434721,3.41835805]},"geometry_name":"the_geom","properties":{"consec":124,"gid":1221,"habili":"7600102461","sede":"01","cod_hab":760010246101,"nombre_ips":"CENTRO MEDICO IP SALUD SAS","direccion":"KR 28F # 72U - 62","barrio":"El Poblado I","id_com_cor":"13","comu_corre":"Comuna 13","natu_ips":"Privada","cla_ips":"Instituciones - IPS","cod_capa_reps":2,"nom_capa_reps":"CAMAS","cantidad":17,"serv_capa_reps":"Adultos","descrip_capa":"CAMAS - Adultos"}},{"type":"Feature","id":"ads_ips_capacidad_reps.fid--215d4958_1a0d9e21907_3f56","geometry":{"type":"Point","coordinates":[-76.49434721,3.41835805]},"geometry_name":"the_geom","properties":{"consec":120,"gid":1221,"habili":"7600102461","sede":"01","cod_hab":760010246101,"nombre_ips":"CENTRO MEDICO IP SALUD SAS","direccion":"KR 28F # 72U - 62","barrio":"El Poblado I","id_com_cor":"13","comu_corre":"Comuna 13","natu_ips":"Privada","cla_ips":"Instituciones - IPS","cod_capa_reps":15,"nom_capa_reps":"AMBULANCIAS","cantidad":1,"serv_capa_reps":"Básica","descrip_capa":"AMBULANCIAS - Básica"}},{"type":"Feature","id":"ads_ips_capacidad_reps.fid--215d4958_1a0d9e21907_3f57","geometry":{"type":"Point","coordinates":[-76.49434721,3.41835805]},"geometry_name":"the_geom","properties":{"consec":123,"gid":1221,"habili":"7600102461","sede":"01","cod_hab":760010246101,"nombre_ips":"CENTRO MEDICO IP SALUD SAS","direccion":"KR 28F # 72U - 62","barrio":"El Poblado I","id_com_cor":"13","comu_corre":"Comuna 13","natu_ips":"Privada","cla_ips":"Instituciones - IPS","cod_capa_reps":15,"nom_capa_reps":"AMBULANCIAS","cantidad":1,"serv_capa_reps":"Básica","descrip_capa":"AMBULANCIAS - Básica"}},{"type":"Feature","id":"ads_ips_capacidad_reps.fid--215d4958_1a0d9e21907_3f58","geometry":{"type":"Point","coordinates":[-76.49434721,3.41835805]},"geometry_name":"the_geom","properties":{"consec":122,"gid":1221,"habili":"7600102461","sede":"01","cod_hab":760010246101,"nombre_ips":"CENTRO MEDICO IP SALUD SAS","direccion":"KR 28F # 72U - 62","barrio":"El Poblado I","id_com_cor":"13","comu_corre":"Comuna 13","natu_ips":"Privada","cla_ips":"Instituciones - IPS","cod_capa_reps":15,"nom_capa_reps":"AMBULANCIAS","cantidad":1,"serv_capa_reps":"Básica","descrip_capa":"AMBULANCIAS - Básica"}},{"type":"Feature","id":"ads_ips_capacidad_reps.fid--215d4958_1a0d9e21907_3f59","geometry":{"type":"Point","coordinates":[-76.49434721,3.41835805]},"geometry_name":"the_geom","properties":{"consec":119,"gid":1221,"habili":"7600102461","sede":"01","cod_hab":760010246101,"nombre_ips":"CENTRO MEDICO IP SALUD SAS","direccion":"KR 28F # 72U - 62","barrio":"El Poblado I","id_com_cor":"13","comu_corre":"Comuna 13","natu_ips":"Privada","cla_ips":"Instituciones - IPS","cod_capa_reps":15,"nom_capa_reps":"AMBULANCIAS","cantidad":1,"serv_capa_reps":"Básica","descrip_capa":"AMBULANCIAS - Básica"}},{"type":"Feature","id":"ads_ips_capacidad_reps.fid--215d4958_1a0d9e21907_3f5a","geometry":{"type":"Point","coordinates":[-76.49434721,3.41835805]},"geometry_name":"the_geom","properties":{"consec":121,"gid":1221,"habili":"7600102461","sede":"01","cod_hab":760010246101,"nombre_ips":"CENTRO MEDICO IP SALUD SAS","direccion":"KR 28F # 72U - 62","barrio":"El Poblado I","id_com_cor":"13","comu_corre":"Comuna 13","natu_ips":"Privada","cla_ips":"Instituciones - IPS","cod_capa_reps":15,"nom_capa_reps":"AMBULANCIAS","cantidad":1,"serv_capa_reps":"Básica","descrip_capa":"AMBULANCIAS - Básica"}},{"type":"Feature","id":"ads_ips_capacidad_reps.fid--215d4958_1a0d9e21907_3f5b","geometry":{"type":"Point","coordinates":[-76.49434721,3.41835805]},"geometry_name":"the_geom","properties":{"consec":125,"gid":1221,"habili":"7600102461","sede":"01","cod_hab":760010246101,"nombre_ips":"CENTRO MEDICO IP SALUD SAS","direccion":"KR 28F # 72U - 62","barrio":"El Poblado I","id_com_cor":"13","comu_corre":"Comuna 13","natu_ips":"Privada","cla_ips":"Instituciones - IPS","cod_capa_reps":25,"nom_capa_reps":"SALAS","cantidad":1,"serv_capa_reps":"Procedimientos","descrip_capa":"SALAS - Procedimientos"}},{"type":"Feature","id":"ads_ips_capacidad_reps.fid--215d4958_1a0d9e21907_3f5c","geometry":{"type":"Point","coordinates":[-76.54294381,3.41977226]},"geometry_name":"the_geom","properties":{"consec":126,"gid":1379,"habili":"7600102508","sede":"01","cod_hab":760010250801,"nombre_ips":"CLINICA DE FRACTURAS DE CALI S.A.S","direccion":"CL 6 # 42 - 38","barrio":"Urbanización Tequendama","id_com_cor":"19","comu_corre":"Comuna 19","natu_ips":"Privada","cla_ips":"Instituciones - IPS","cod_capa_reps":25,"nom_capa_reps":"SALAS","cantidad":1,"serv_capa_reps":"Procedimientos","descrip_capa":"SALAS - Procedimientos"}},{"type":"Feature","id":"ads_ips_capacidad_reps.fid--215d4958_1a0d9e21907_3f5d","geometry":{"type":"Point","coordinates":[-76.51439837,3.4097]},"geometry_name":"the_geom","properties":{"consec":127,"gid":655,"habili":"7600102523","sede":"01","cod_hab":760010252301,"nombre_ips":"E.S.E. HOSPITAL CARLOS CARMONA MONTOYA IPS","direccion":"KR 43 # 39A - 00","barrio":"República de Israel","id_com_cor":"16","comu_corre":"Comuna 16","natu_ips":"Pública","cla_ips":"Instituciones - IPS","cod_capa_reps":1,"nom_capa_reps":"CAMAS","cantidad":6,"serv_capa_reps":"Pediátrica","descrip_capa":"CAMAS - Pediátrica"}},{"type":"Feature","id":"ads_ips_capacidad_reps.fid--215d4958_1a0d9e21907_3f5e","geometry":{"type":"Point","coordinates":[-76.51439837,3.4097]},"geometry_name":"the_geom","properties":{"consec":128,"gid":655,"habili":"7600102523","sede":"01","cod_hab":760010252301,"nombre_ips":"E.S.E. HOSPITAL CARLOS CARMONA MONTOYA IPS","direccion":"KR 43 # 39A - 00","barrio":"República de Israel","id_com_cor":"16","comu_corre":"Comuna 16","natu_ips":"Pública","cla_ips":"Instituciones - IPS","cod_capa_reps":2,"nom_capa_reps":"CAMAS","cantidad":8,"serv_capa_reps":"Adultos","descrip_capa":"CAMAS - Adultos"}},{"type":"Feature","id":"ads_ips_capacidad_reps.fid--215d4958_1a0d9e21907_3f5f","geometry":{"type":"Point","coordinates":[-76.51439837,3.4097]},"geometry_name":"the_geom","properties":{"consec":129,"gid":655,"habili":"7600102523","sede":"01","cod_hab":760010252301,"nombre_ips":"E.S.E. HOSPITAL CARLOS CARMONA MONTOYA IPS","direccion":"KR 43 # 39A - 00","barrio":"República de Israel","id_com_cor":"16","comu_corre":"Comuna 16","natu_ips":"Pública","cla_ips":"Instituciones - IPS","cod_capa_reps":3,"nom_capa_reps":"CAMAS","cantidad":3,"serv_capa_reps":"Obstetricia","descrip_capa":"CAMAS - Obstetricia"}},{"type":"Feature","id":"ads_ips_capacidad_reps.fid--215d4958_1a0d9e21907_3f60","geometry":{"type":"Point","coordinates":[-76.51439837,3.4097]},"geometry_name":"the_geom","properties":{"consec":130,"gid":655,"habili":"7600102523","sede":"01","cod_hab":760010252301,"nombre_ips":"E.S.E. HOSPITAL CARLOS CARMONA MONTOYA IPS","direccion":"KR 43 # 39A - 00","barrio":"República de Israel","id_com_cor":"16","comu_corre":"Comuna 16","natu_ips":"Pública","cla_ips":"Instituciones - IPS","cod_capa_reps":14,"nom_capa_reps":"SALAS","cantidad":1,"serv_capa_reps":"Partos","descrip_capa":"SALAS - Partos"}},{"type":"Feature","id":"ads_ips_capacidad_reps.fid--215d4958_1a0d9e21907_3f61","geometry":{"type":"Point","coordinates":[-76.51439837,3.4097]},"geometry_name":"the_geom","properties":{"consec":131,"gid":655,"habili":"7600102523","sede":"01","cod_hab":760010252301,"nombre_ips":"E.S.E. HOSPITAL CARLOS CARMONA MONTOYA IPS","direccion":"KR 43 # 39A - 00","barrio":"República de Israel","id_com_cor":"16","comu_corre":"Comuna 16","natu_ips":"Pública","cla_ips":"Instituciones - IPS","cod_capa_reps":25,"nom_capa_reps":"SALAS","cantidad":3,"serv_capa_reps":"Procedimientos","descrip_capa":"SALAS - Procedimientos"}},{"type":"Feature","id":"ads_ips_capacidad_reps.fid--215d4958_1a0d9e21907_3f62","geometry":{"type":"Point","coordinates":[-76.53796248,3.39729804]},"geometry_name":"the_geom","properties":{"consec":132,"gid":452,"habili":"7600102532","sede":"01","cod_hab":760010253201,"nombre_ips":"ANA LUCIA ARBELAEZ RIVERA","direccion":"CL 13 # 66 BIS - 57","barrio":"El Gran Limonar - Cataya","id_com_cor":"17","comu_corre":"Comuna 17","natu_ips":"Privada","cla_ips":"Profesional Independiente","cod_capa_reps":25,"nom_capa_reps":"SALAS","cantidad":1,"serv_capa_reps":"Procedimientos","descrip_capa":"SALAS - Procedimientos"}},{"type":"Feature","id":"ads_ips_capacidad_reps.fid--215d4958_1a0d9e21907_3f63","geometry":{"type":"Point","coordinates":[-76.54492475,3.42434763]},"geometry_name":"the_geom","properties":{"consec":133,"gid":2628,"habili":"7600102534","sede":"01","cod_hab":760010253401,"nombre_ips":"IPS SURA SAN FERNANDO CALI","direccion":"KR 38A # 5A - 22","barrio":"San Fernando Nuevo","id_com_cor":"19","comu_corre":"Comuna 19","natu_ips":"Privada","cla_ips":"Instituciones - IPS","cod_capa_reps":25,"nom_capa_reps":"SALAS","cantidad":2,"serv_capa_reps":"Procedimientos","descrip_capa":"SALAS - Procedimientos"}},{"type":"Feature","id":"ads_ips_capacidad_reps.fid--215d4958_1a0d9e21907_3f64","geometry":{"type":"Point","coordinates":[-76.52451075,3.47690433]},"geometry_name":"the_geom","properties":{"consec":134,"gid":4614,"habili":"7600102534","sede":"02","cod_hab":760010253402,"nombre_ips":"IPS SURA LA FLORA CALI","direccion":"CL 38 NORTE # 4 - 102","barrio":"La Flora","id_com_cor":"02","comu_corre":"Comuna 02","natu_ips":"Privada","cla_ips":"Instituciones - IPS","cod_capa_reps":25,"nom_capa_reps":"SALAS","cantidad":3,"serv_capa_reps":"Procedimientos","descrip_capa":"SALAS - Procedimientos"}},{"type":"Feature","id":"ads_ips_capacidad_reps.fid--215d4958_1a0d9e21907_3f65","geometry":{"type":"Point","coordinates":[-76.53541355,3.40901656]},"geometry_name":"the_geom","properties":{"consec":135,"gid":639,"habili":"7600102534","sede":"06","cod_hab":760010253406,"nombre_ips":"IPS SURA PASO ANCHO CALI","direccion":"KR 50 # 12A - 90","barrio":"Santa Anita - La Selva","id_com_cor":"17","comu_corre":"Comuna 17","natu_ips":"Privada","cla_ips":"Instituciones - IPS","cod_capa_reps":25,"nom_capa_reps":"SALAS","cantidad":3,"serv_capa_reps":"Procedimientos","descrip_capa":"SALAS - Procedimientos"}},{"type":"Feature","id":"ads_ips_capacidad_reps.fid--215d4958_1a0d9e21907_3f66","geometry":{"type":"Point","coordinates":[-76.52771055,3.47392594]},"geometry_name":"the_geom","properties":{"consec":136,"gid":4536,"habili":"7600102534","sede":"07","cod_hab":760010253407,"nombre_ips":"IPS SALUD SURA CHIPICHAPE CALI","direccion":"AV 6A BIS # 35 NORTE - 64","barrio":"Chipichape","id_com_cor":"02","comu_corre":"Comuna 02","natu_ips":"Privada","cla_ips":"Instituciones - IPS","cod_capa_reps":25,"nom_capa_reps":"SALAS","cantidad":1,"serv_capa_reps":"Procedimientos","descrip_capa":"SALAS - Procedimientos"}},{"type":"Feature","id":"ads_ips_capacidad_reps.fid--215d4958_1a0d9e21907_3f67","geometry":{"type":"Point","coordinates":[-76.54253371,3.42323116]},"geometry_name":"the_geom","properties":{"consec":137,"gid":1919,"habili":"7600102534","sede":"08","cod_hab":760010253408,"nombre_ips":"IPS SURA AMI ATENCION MATERNO INFANTIL","direccion":"CL 5D # 38A - 35","barrio":"Eucaristico","id_com_cor":"19","comu_corre":"Comuna 19","natu_ips":"Privada","cla_ips":"Instituciones - IPS","cod_capa_reps":25,"nom_capa_reps":"SALAS","cantidad":2,"serv_capa_reps":"Procedimientos","descrip_capa":"SALAS - Procedimientos"}},{"type":"Feature","id":"ads_ips_capacidad_reps.fid--215d4958_1a0d9e21907_3f68","geometry":{"type":"Point","coordinates":[-76.52831889,3.46213602]},"geometry_name":"the_geom","properties":{"consec":138,"gid":4143,"habili":"7600102534","sede":"11","cod_hab":760010253411,"nombre_ips":"IPS SURA CASTELLANA","direccion":"AV 5 # 21 - 86","barrio":"Versalles","id_com_cor":"02","comu_corre":"Comuna 02","natu_ips":"Privada","cla_ips":"Instituciones - IPS","cod_capa_reps":25,"nom_capa_reps":"SALAS","cantidad":2,"serv_capa_reps":"Procedimientos","descrip_capa":"SALAS - Procedimientos"}},{"type":"Feature","id":"ads_ips_capacidad_reps.fid--215d4958_1a0d9e21907_3f69","geometry":{"type":"Point","coordinates":[-76.54710069,3.42253272]},"geometry_name":"the_geom","properties":{"consec":139,"gid":1786,"habili":"7600102534","sede":"12","cod_hab":760010253412,"nombre_ips":"IPS SURA TEQUENDAMA","direccion":"CL 5 # 39 - 173","barrio":"Urbanización Tequendama","id_com_cor":"19","comu_corre":"Comuna 19","natu_ips":"Privada","cla_ips":"Instituciones - IPS","cod_capa_reps":25,"nom_capa_reps":"SALAS","cantidad":5,"serv_capa_reps":"Procedimientos","descrip_capa":"SALAS - Procedimientos"}},{"type":"Feature","id":"ads_ips_capacidad_reps.fid--215d4958_1a0d9e21907_3f6a","geometry":{"type":"Point","coordinates":[-76.5163645,3.48583927]},"geometry_name":"the_geom","properties":{"consec":140,"gid":4734,"habili":"7600102534","sede":"13","cod_hab":760010253413,"nombre_ips":"IPS CFA LA FLORA","direccion":"AV 3F # 52 NORTE - 46","barrio":"Urbanización La Flora","id_com_cor":"02","comu_corre":"Comuna 02","natu_ips":"Privada","cla_ips":"Instituciones - IPS","cod_capa_reps":25,"nom_capa_reps":"SALAS","cantidad":1,"serv_capa_reps":"Procedimientos","descrip_capa":"SALAS - Procedimientos"}},{"type":"Feature","id":"ads_ips_capacidad_reps.fid--215d4958_1a0d9e21907_3f6b","geometry":{"type":"Point","coordinates":[-76.53734419,3.43998883]},"geometry_name":"the_geom","properties":{"consec":141,"gid":3395,"habili":"7600102541","sede":"01","cod_hab":760010254101,"nombre_ips":"FUNDACION CLINICA INFANTIL CLUB NOEL","direccion":"CL 5 # 22 - 76","barrio":"Los Libertadores","id_com_cor":"03","comu_corre":"Comuna 03","natu_ips":"Privada","cla_ips":"Instituciones - IPS","cod_capa_reps":1,"nom_capa_reps":"CAMAS","cantidad":75,"serv_capa_reps":"Pediátrica","descrip_capa":"CAMAS - Pediátrica"}},{"type":"Feature","id":"ads_ips_capacidad_reps.fid--215d4958_1a0d9e21907_3f6c","geometry":{"type":"Point","coordinates":[-76.53734419,3.43998883]},"geometry_name":"the_geom","properties":{"consec":142,"gid":3395,"habili":"7600102541","sede":"01","cod_hab":760010254101,"nombre_ips":"FUNDACION CLINICA INFANTIL CLUB NOEL","direccion":"CL 5 # 22 - 76","barrio":"Los Libertadores","id_com_cor":"03","comu_corre":"Comuna 03","natu_ips":"Privada","cla_ips":"Instituciones - IPS","cod_capa_reps":25,"nom_capa_reps":"SALAS","cantidad":1,"serv_capa_reps":"Procedimientos","descrip_capa":"SALAS - Procedimientos"}},{"type":"Feature","id":"ads_ips_capacidad_reps.fid--215d4958_1a0d9e21907_3f6d","geometry":{"type":"Point","coordinates":[-76.54449461,3.42261273]},"geometry_name":"the_geom","properties":{"consec":143,"gid":1800,"habili":"7600102630","sede":"01","cod_hab":760010263001,"nombre_ips":"CENTRO DE BIOMEDICINA REPRODUCTIVA DEL VALLE S.A.","direccion":"KR 40 # 5B - 105","barrio":"Urbanización Tequendama","id_com_cor":"19","comu_corre":"Comuna 19","natu_ips":"Privada","cla_ips":"Instituciones - IPS","cod_capa_reps":25,"nom_capa_reps":"SALAS","cantidad":2,"serv_capa_reps":"Procedimientos","descrip_capa":"SALAS - Procedimientos"}},{"type":"Feature","id":"ads_ips_capacidad_reps.fid--215d4958_1a0d9e21907_3f6e","geometry":{"type":"Point","coordinates":[-76.53344532,3.42548812]},"geometry_name":"the_geom","properties":{"consec":145,"gid":2717,"habili":"7600102657","sede":"01","cod_hab":760010265701,"nombre_ips":"CLINICA NUESTRA","direccion":"CL 10 # 33 - 51","barrio":"Urbanización Colseguros","id_com_cor":"19","comu_corre":"Comuna 19","natu_ips":"Privada","cla_ips":"Instituciones - IPS","cod_capa_reps":1,"nom_capa_reps":"CAMAS","cantidad":2,"serv_capa_reps":"Pediátrica","descrip_capa":"CAMAS - Pediátrica"}},{"type":"Feature","id":"ads_ips_capacidad_reps.fid--215d4958_1a0d9e21907_3f6f","geometry":{"type":"Point","coordinates":[-76.53344532,3.42548812]},"geometry_name":"the_geom","properties":{"consec":146,"gid":2717,"habili":"7600102657","sede":"01","cod_hab":760010265701,"nombre_ips":"CLINICA NUESTRA","direccion":"CL 10 # 33 - 51","barrio":"Urbanización Colseguros","id_com_cor":"19","comu_corre":"Comuna 19","natu_ips":"Privada","cla_ips":"Instituciones - IPS","cod_capa_reps":2,"nom_capa_reps":"CAMAS","cantidad":147,"serv_capa_reps":"Adultos","descrip_capa":"CAMAS - Adultos"}},{"type":"Feature","id":"ads_ips_capacidad_reps.fid--215d4958_1a0d9e21907_3f70","geometry":{"type":"Point","coordinates":[-76.53344532,3.42548812]},"geometry_name":"the_geom","properties":{"consec":147,"gid":2717,"habili":"7600102657","sede":"01","cod_hab":760010265701,"nombre_ips":"CLINICA NUESTRA","direccion":"CL 10 # 33 - 51","barrio":"Urbanización Colseguros","id_com_cor":"19","comu_corre":"Comuna 19","natu_ips":"Privada","cla_ips":"Instituciones - IPS","cod_capa_reps":8,"nom_capa_reps":"CAMAS","cantidad":11,"serv_capa_reps":"Cuidado Intermedio Adulto","descrip_capa":"CAMAS - Cuidado Intermedio Adulto"}},{"type":"Feature","id":"ads_ips_capacidad_reps.fid--215d4958_1a0d9e21907_3f71","geometry":{"type":"Point","coordinates":[-76.53344532,3.42548812]},"geometry_name":"the_geom","properties":{"consec":148,"gid":2717,"habili":"7600102657","sede":"01","cod_hab":760010265701,"nombre_ips":"CLINICA NUESTRA","direccion":"CL 10 # 33 - 51","barrio":"Urbanización Colseguros","id_com_cor":"19","comu_corre":"Comuna 19","natu_ips":"Privada","cla_ips":"Instituciones - IPS","cod_capa_reps":9,"nom_capa_reps":"CAMAS","cantidad":22,"serv_capa_reps":"Cuidado Intensivo Adulto","descrip_capa":"CAMAS - Cuidado Intensivo Adulto"}},{"type":"Feature","id":"ads_ips_capacidad_reps.fid--215d4958_1a0d9e21907_3f72","geometry":{"type":"Point","coordinates":[-76.53344532,3.42548812]},"geometry_name":"the_geom","properties":{"consec":149,"gid":2717,"habili":"7600102657","sede":"01","cod_hab":760010265701,"nombre_ips":"CLINICA NUESTRA","direccion":"CL 10 # 33 - 51","barrio":"Urbanización Colseguros","id_com_cor":"19","comu_corre":"Comuna 19","natu_ips":"Privada","cla_ips":"Instituciones - IPS","cod_capa_reps":13,"nom_capa_reps":"SALAS","cantidad":4,"serv_capa_reps":"Quirófano","descrip_capa":"SALAS - Quirófano"}},{"type":"Feature","id":"ads_ips_capacidad_reps.fid--215d4958_1a0d9e21907_3f73","geometry":{"type":"Point","coordinates":[-76.53344532,3.42548812]},"geometry_name":"the_geom","properties":{"consec":144,"gid":2717,"habili":"7600102657","sede":"01","cod_hab":760010265701,"nombre_ips":"CLINICA NUESTRA","direccion":"CL 10 # 33 - 51","barrio":"Urbanización Colseguros","id_com_cor":"19","comu_corre":"Comuna 19","natu_ips":"Privada","cla_ips":"Instituciones - IPS","cod_capa_reps":15,"nom_capa_reps":"AMBULANCIAS","cantidad":1,"serv_capa_reps":"Básica","descrip_capa":"AMBULANCIAS - Básica"}},{"type":"Feature","id":"ads_ips_capacidad_reps.fid--215d4958_1a0d9e21907_3f74","geometry":{"type":"Point","coordinates":[-76.53344532,3.42548812]},"geometry_name":"the_geom","properties":{"consec":150,"gid":2717,"habili":"7600102657","sede":"01","cod_hab":760010265701,"nombre_ips":"CLINICA NUESTRA","direccion":"CL 10 # 33 - 51","barrio":"Urbanización Colseguros","id_com_cor":"19","comu_corre":"Comuna 19","natu_ips":"Privada","cla_ips":"Instituciones - IPS","cod_capa_reps":25,"nom_capa_reps":"SALAS","cantidad":1,"serv_capa_reps":"Procedimientos","descrip_capa":"SALAS - Procedimientos"}},{"type":"Feature","id":"ads_ips_capacidad_reps.fid--215d4958_1a0d9e21907_3f75","geometry":{"type":"Point","coordinates":[-76.52553027,3.46391176]},"geometry_name":"the_geom","properties":{"consec":151,"gid":4271,"habili":"7600102762","sede":"01","cod_hab":760010276201,"nombre_ips":"MAURICIO CAYON ZULUAGA","direccion":"CL 23B # 3 NORTE - 57","barrio":"San Vicente","id_com_cor":"02","comu_corre":"Comuna 02","natu_ips":"Privada","cla_ips":"Profesional Independiente","cod_capa_reps":25,"nom_capa_reps":"SALAS","cantidad":1,"serv_capa_reps":"Procedimientos","descrip_capa":"SALAS - Procedimientos"}},{"type":"Feature","id":"ads_ips_capacidad_reps.fid--215d4958_1a0d9e21907_3f76","geometry":{"type":"Point","coordinates":[-76.5326701,3.46819017]},"geometry_name":"the_geom","properties":{"consec":152,"gid":4437,"habili":"7600102762","sede":"02","cod_hab":760010276202,"nombre_ips":"MAURICIO CAYON ZULUAGA","direccion":"AV 9 # 25B NORTE - 20","barrio":"Santa Mónica","id_com_cor":"02","comu_corre":"Comuna 02","natu_ips":"Privada","cla_ips":"Profesional Independiente","cod_capa_reps":25,"nom_capa_reps":"SALAS","cantidad":1,"serv_capa_reps":"Procedimientos","descrip_capa":"SALAS - Procedimientos"}},{"type":"Feature","id":"ads_ips_capacidad_reps.fid--215d4958_1a0d9e21907_3f77","geometry":{"type":"Point","coordinates":[-76.52641612,3.37130698]},"geometry_name":"the_geom","properties":{"consec":155,"gid":135,"habili":"7600102870","sede":"01","cod_hab":760010287001,"nombre_ips":"FUNDACION VALLE DEL LILI","direccion":"KR 98 # 18 - 49","barrio":"Urbanización San Joaquin","id_com_cor":"17","comu_corre":"Comuna 17","natu_ips":"Privada","cla_ips":"Instituciones - IPS","cod_capa_reps":1,"nom_capa_reps":"CAMAS","cantidad":67,"serv_capa_reps":"Pediátrica","descrip_capa":"CAMAS - Pediátrica"}},{"type":"Feature","id":"ads_ips_capacidad_reps.fid--215d4958_1a0d9e21907_3f78","geometry":{"type":"Point","coordinates":[-76.52641612,3.37130698]},"geometry_name":"the_geom","properties":{"consec":156,"gid":135,"habili":"7600102870","sede":"01","cod_hab":760010287001,"nombre_ips":"FUNDACION VALLE DEL LILI","direccion":"KR 98 # 18 - 49","barrio":"Urbanización San Joaquin","id_com_cor":"17","comu_corre":"Comuna 17","natu_ips":"Privada","cla_ips":"Instituciones - IPS","cod_capa_reps":2,"nom_capa_reps":"CAMAS","cantidad":200,"serv_capa_reps":"Adultos","descrip_capa":"CAMAS - Adultos"}},{"type":"Feature","id":"ads_ips_capacidad_reps.fid--215d4958_1a0d9e21907_3f79","geometry":{"type":"Point","coordinates":[-76.52641612,3.37130698]},"geometry_name":"the_geom","properties":{"consec":157,"gid":135,"habili":"7600102870","sede":"01","cod_hab":760010287001,"nombre_ips":"FUNDACION VALLE DEL LILI","direccion":"KR 98 # 18 - 49","barrio":"Urbanización San Joaquin","id_com_cor":"17","comu_corre":"Comuna 17","natu_ips":"Privada","cla_ips":"Instituciones - IPS","cod_capa_reps":3,"nom_capa_reps":"CAMAS","cantidad":4,"serv_capa_reps":"Obstetricia","descrip_capa":"CAMAS - Obstetricia"}},{"type":"Feature","id":"ads_ips_capacidad_reps.fid--215d4958_1a0d9e21907_3f7a","geometry":{"type":"Point","coordinates":[-76.52641612,3.37130698]},"geometry_name":"the_geom","properties":{"consec":158,"gid":135,"habili":"7600102870","sede":"01","cod_hab":760010287001,"nombre_ips":"FUNDACION VALLE DEL LILI","direccion":"KR 98 # 18 - 49","barrio":"Urbanización San Joaquin","id_com_cor":"17","comu_corre":"Comuna 17","natu_ips":"Privada","cla_ips":"Instituciones - IPS","cod_capa_reps":4,"nom_capa_reps":"CAMAS","cantidad":9,"serv_capa_reps":"Cuidado Intermedio Neonatal","descrip_capa":"CAMAS - Cuidado Intermedio Neonatal"}},{"type":"Feature","id":"ads_ips_capacidad_reps.fid--215d4958_1a0d9e21907_3f7b","geometry":{"type":"Point","coordinates":[-76.52641612,3.37130698]},"geometry_name":"the_geom","properties":{"consec":159,"gid":135,"habili":"7600102870","sede":"01","cod_hab":760010287001,"nombre_ips":"FUNDACION VALLE DEL LILI","direccion":"KR 98 # 18 - 49","barrio":"Urbanización San Joaquin","id_com_cor":"17","comu_corre":"Comuna 17","natu_ips":"Privada","cla_ips":"Instituciones - IPS","cod_capa_reps":5,"nom_capa_reps":"CAMAS","cantidad":30,"serv_capa_reps":"Cuidado Intensivo Neonatal","descrip_capa":"CAMAS - Cuidado Intensivo Neonatal"}},{"type":"Feature","id":"ads_ips_capacidad_reps.fid--215d4958_1a0d9e21907_3f7c","geometry":{"type":"Point","coordinates":[-76.52641612,3.37130698]},"geometry_name":"the_geom","properties":{"consec":160,"gid":135,"habili":"7600102870","sede":"01","cod_hab":760010287001,"nombre_ips":"FUNDACION VALLE DEL LILI","direccion":"KR 98 # 18 - 49","barrio":"Urbanización San Joaquin","id_com_cor":"17","comu_corre":"Comuna 17","natu_ips":"Privada","cla_ips":"Instituciones - IPS","cod_capa_reps":6,"nom_capa_reps":"CAMAS","cantidad":3,"serv_capa_reps":"Cuidado Intermedio Pediátrico","descrip_capa":"CAMAS - Cuidado Intermedio Pediátrico"}},{"type":"Feature","id":"ads_ips_capacidad_reps.fid--215d4958_1a0d9e21907_3f7d","geometry":{"type":"Point","coordinates":[-76.52641612,3.37130698]},"geometry_name":"the_geom","properties":{"consec":161,"gid":135,"habili":"7600102870","sede":"01","cod_hab":760010287001,"nombre_ips":"FUNDACION VALLE DEL LILI","direccion":"KR 98 # 18 - 49","barrio":"Urbanización San Joaquin","id_com_cor":"17","comu_corre":"Comuna 17","natu_ips":"Privada","cla_ips":"Instituciones - IPS","cod_capa_reps":7,"nom_capa_reps":"CAMAS","cantidad":27,"serv_capa_reps":"Cuidado Intensivo Pediátrico","descrip_capa":"CAMAS - Cuidado Intensivo Pediátrico"}},{"type":"Feature","id":"ads_ips_capacidad_reps.fid--215d4958_1a0d9e21907_3f7e","geometry":{"type":"Point","coordinates":[-76.52641612,3.37130698]},"geometry_name":"the_geom","properties":{"consec":162,"gid":135,"habili":"7600102870","sede":"01","cod_hab":760010287001,"nombre_ips":"FUNDACION VALLE DEL LILI","direccion":"KR 98 # 18 - 49","barrio":"Urbanización San Joaquin","id_com_cor":"17","comu_corre":"Comuna 17","natu_ips":"Privada","cla_ips":"Instituciones - IPS","cod_capa_reps":8,"nom_capa_reps":"CAMAS","cantidad":32,"serv_capa_reps":"Cuidado Intermedio Adulto","descrip_capa":"CAMAS - Cuidado Intermedio Adulto"}},{"type":"Feature","id":"ads_ips_capacidad_reps.fid--215d4958_1a0d9e21907_3f7f","geometry":{"type":"Point","coordinates":[-76.52641612,3.37130698]},"geometry_name":"the_geom","properties":{"consec":163,"gid":135,"habili":"7600102870","sede":"01","cod_hab":760010287001,"nombre_ips":"FUNDACION VALLE DEL LILI","direccion":"KR 98 # 18 - 49","barrio":"Urbanización San Joaquin","id_com_cor":"17","comu_corre":"Comuna 17","natu_ips":"Privada","cla_ips":"Instituciones - IPS","cod_capa_reps":9,"nom_capa_reps":"CAMAS","cantidad":85,"serv_capa_reps":"Cuidado Intensivo Adulto","descrip_capa":"CAMAS - Cuidado Intensivo Adulto"}},{"type":"Feature","id":"ads_ips_capacidad_reps.fid--215d4958_1a0d9e21907_3f80","geometry":{"type":"Point","coordinates":[-76.52641612,3.37130698]},"geometry_name":"the_geom","properties":{"consec":164,"gid":135,"habili":"7600102870","sede":"01","cod_hab":760010287001,"nombre_ips":"FUNDACION VALLE DEL LILI","direccion":"KR 98 # 18 - 49","barrio":"Urbanización San Joaquin","id_com_cor":"17","comu_corre":"Comuna 17","natu_ips":"Privada","cla_ips":"Instituciones - IPS","cod_capa_reps":11,"nom_capa_reps":"CAMAS","cantidad":2,"serv_capa_reps":"Psiquiatría","descrip_capa":"CAMAS - Psiquiatría"}},{"type":"Feature","id":"ads_ips_capacidad_reps.fid--215d4958_1a0d9e21907_3f81","geometry":{"type":"Point","coordinates":[-76.52641612,3.37130698]},"geometry_name":"the_geom","properties":{"consec":167,"gid":135,"habili":"7600102870","sede":"01","cod_hab":760010287001,"nombre_ips":"FUNDACION VALLE DEL LILI","direccion":"KR 98 # 18 - 49","barrio":"Urbanización San Joaquin","id_com_cor":"17","comu_corre":"Comuna 17","natu_ips":"Privada","cla_ips":"Instituciones - IPS","cod_capa_reps":13,"nom_capa_reps":"SALAS","cantidad":12,"serv_capa_reps":"Quirófano","descrip_capa":"SALAS - Quirófano"}},{"type":"Feature","id":"ads_ips_capacidad_reps.fid--215d4958_1a0d9e21907_3f82","geometry":{"type":"Point","coordinates":[-76.52641612,3.37130698]},"geometry_name":"the_geom","properties":{"consec":168,"gid":135,"habili":"7600102870","sede":"01","cod_hab":760010287001,"nombre_ips":"FUNDACION VALLE DEL LILI","direccion":"KR 98 # 18 - 49","barrio":"Urbanización San Joaquin","id_com_cor":"17","comu_corre":"Comuna 17","natu_ips":"Privada","cla_ips":"Instituciones - IPS","cod_capa_reps":14,"nom_capa_reps":"SALAS","cantidad":1,"serv_capa_reps":"Partos","descrip_capa":"SALAS - Partos"}},{"type":"Feature","id":"ads_ips_capacidad_reps.fid--215d4958_1a0d9e21907_3f83","geometry":{"type":"Point","coordinates":[-76.52641612,3.37130698]},"geometry_name":"the_geom","properties":{"consec":153,"gid":135,"habili":"7600102870","sede":"01","cod_hab":760010287001,"nombre_ips":"FUNDACION VALLE DEL LILI","direccion":"KR 98 # 18 - 49","barrio":"Urbanización San Joaquin","id_com_cor":"17","comu_corre":"Comuna 17","natu_ips":"Privada","cla_ips":"Instituciones - IPS","cod_capa_reps":15,"nom_capa_reps":"AMBULANCIAS","cantidad":1,"serv_capa_reps":"Básica","descrip_capa":"AMBULANCIAS - Básica"}},{"type":"Feature","id":"ads_ips_capacidad_reps.fid--215d4958_1a0d9e21907_3f84","geometry":{"type":"Point","coordinates":[-76.52641612,3.37130698]},"geometry_name":"the_geom","properties":{"consec":154,"gid":135,"habili":"7600102870","sede":"01","cod_hab":760010287001,"nombre_ips":"FUNDACION VALLE DEL LILI","direccion":"KR 98 # 18 - 49","barrio":"Urbanización San Joaquin","id_com_cor":"17","comu_corre":"Comuna 17","natu_ips":"Privada","cla_ips":"Instituciones - IPS","cod_capa_reps":16,"nom_capa_reps":"AMBULANCIAS","cantidad":1,"serv_capa_reps":"Medicalizada","descrip_capa":"AMBULANCIAS - Medicalizada"}},{"type":"Feature","id":"ads_ips_capacidad_reps.fid--215d4958_1a0d9e21907_3f85","geometry":{"type":"Point","coordinates":[-76.52641612,3.37130698]},"geometry_name":"the_geom","properties":{"consec":165,"gid":135,"habili":"7600102870","sede":"01","cod_hab":760010287001,"nombre_ips":"FUNDACION VALLE DEL LILI","direccion":"KR 98 # 18 - 49","barrio":"Urbanización San Joaquin","id_com_cor":"17","comu_corre":"Comuna 17","natu_ips":"Privada","cla_ips":"Instituciones - IPS","cod_capa_reps":21,"nom_capa_reps":"CAMAS","cantidad":13,"serv_capa_reps":"Transplante de progenitores hematopoyeticos","descrip_capa":"CAMAS - Transplante de progenitores hematopoyeticos"}},{"type":"Feature","id":"ads_ips_capacidad_reps.fid--215d4958_1a0d9e21907_3f86","geometry":{"type":"Point","coordinates":[-76.52641612,3.37130698]},"geometry_name":"the_geom","properties":{"consec":166,"gid":135,"habili":"7600102870","sede":"01","cod_hab":760010287001,"nombre_ips":"FUNDACION VALLE DEL LILI","direccion":"KR 98 # 18 - 49","barrio":"Urbanización San Joaquin","id_com_cor":"17","comu_corre":"Comuna 17","natu_ips":"Privada","cla_ips":"Instituciones - IPS","cod_capa_reps":22,"nom_capa_reps":"CAMAS","cantidad":2,"serv_capa_reps":"Cuidado básico neonatal","descrip_capa":"CAMAS - Cuidado básico neonatal"}},{"type":"Feature","id":"ads_ips_capacidad_reps.fid--215d4958_1a0d9e21907_3f87","geometry":{"type":"Point","coordinates":[-76.52641612,3.37130698]},"geometry_name":"the_geom","properties":{"consec":169,"gid":135,"habili":"7600102870","sede":"01","cod_hab":760010287001,"nombre_ips":"FUNDACION VALLE DEL LILI","direccion":"KR 98 # 18 - 49","barrio":"Urbanización San Joaquin","id_com_cor":"17","comu_corre":"Comuna 17","natu_ips":"Privada","cla_ips":"Instituciones - IPS","cod_capa_reps":25,"nom_capa_reps":"SALAS","cantidad":21,"serv_capa_reps":"Procedimientos","descrip_capa":"SALAS - Procedimientos"}},{"type":"Feature","id":"ads_ips_capacidad_reps.fid--215d4958_1a0d9e21907_3f88","geometry":{"type":"Point","coordinates":[-76.52582771,3.46557082]},"geometry_name":"the_geom","properties":{"consec":175,"gid":4772,"habili":"7600102870","sede":"11","cod_hab":760010287011,"nombre_ips":"Ips Valle del Lili sede Norte - AV Estacion","direccion":"C 23 D NORTE # 4 - 21","barrio":"San Vicente","id_com_cor":"02","comu_corre":"Comuna 02","natu_ips":"Privada","cla_ips":"Instituciones - IPS","cod_capa_reps":25,"nom_capa_reps":"SALAS","cantidad":6,"serv_capa_reps":"Procedimientos","descrip_capa":"SALAS - Procedimientos"}},{"type":"Feature","id":"ads_ips_capacidad_reps.fid--215d4958_1a0d9e21907_3f89","geometry":{"type":"Point","coordinates":[-76.54404015,3.41914677]},"geometry_name":"the_geom","properties":{"consec":178,"gid":1302,"habili":"7600102894","sede":"01","cod_hab":760010289401,"nombre_ips":"GABRIEL MANRIQUE GOMEZ","direccion":"CL 5E # 43 – 10","barrio":"Urbanización Tequendama","id_com_cor":"19","comu_corre":"Comuna 19","natu_ips":"Privada","cla_ips":"Profesional Independiente","cod_capa_reps":25,"nom_capa_reps":"SALAS","cantidad":1,"serv_capa_reps":"Procedimientos","descrip_capa":"SALAS - Procedimientos"}},{"type":"Feature","id":"ads_ips_capacidad_reps.fid--215d4958_1a0d9e21907_3f8a","geometry":{"type":"Point","coordinates":[-76.54359157,3.43687945]},"geometry_name":"the_geom","properties":{"consec":179,"gid":3349,"habili":"7600102925","sede":"01","cod_hab":760010292501,"nombre_ips":"JOSE FERNANDO GARCIA JARAMILLO","direccion":"KR 26 # 2 – 38","barrio":"San Fernando Viejo","id_com_cor":"19","comu_corre":"Comuna 19","natu_ips":"Privada","cla_ips":"Profesional Independiente","cod_capa_reps":25,"nom_capa_reps":"SALAS","cantidad":1,"serv_capa_reps":"Procedimientos","descrip_capa":"SALAS - Procedimientos"}},{"type":"Feature","id":"ads_ips_capacidad_reps.fid--215d4958_1a0d9e21907_3f8b","geometry":{"type":"Point","coordinates":[-76.51494477,3.46733447]},"geometry_name":"the_geom","properties":{"consec":180,"gid":4411,"habili":"7600102995","sede":"01","cod_hab":760010299501,"nombre_ips":"ALBERTO LOPEZ SOLIS","direccion":"CL 38 # 3 NORTE - 11","barrio":"Unidad Residencial Bueno Madrid","id_com_cor":"04","comu_corre":"Comuna 04","natu_ips":"Privada","cla_ips":"Profesional Independiente","cod_capa_reps":25,"nom_capa_reps":"SALAS","cantidad":1,"serv_capa_reps":"Procedimientos","descrip_capa":"SALAS - Procedimientos"}},{"type":"Feature","id":"ads_ips_capacidad_reps.fid--215d4958_1a0d9e21907_3f8c","geometry":{"type":"Point","coordinates":[-76.53722025,3.37061218]},"geometry_name":"the_geom","properties":{"consec":181,"gid":117,"habili":"7600103001","sede":"01","cod_hab":760010300101,"nombre_ips":"UNIVERSIDAD DE VALLE DIRECCION SERVICIOS DE SALUD","direccion":"CL 13 # 100 - 00","barrio":"Ciudad Campestre","id_com_cor":"22","comu_corre":"Comuna 22","natu_ips":"Pública","cla_ips":"Objeto Social Diferente a la Prestación de Servicios de Salu","cod_capa_reps":15,"nom_capa_reps":"AMBULANCIAS","cantidad":1,"serv_capa_reps":"Básica","descrip_capa":"AMBULANCIAS - Básica"}},{"type":"Feature","id":"ads_ips_capacidad_reps.fid--215d4958_1a0d9e21907_3f8d","geometry":{"type":"Point","coordinates":[-76.54542767,3.42793052]},"geometry_name":"the_geom","properties":{"consec":182,"gid":2930,"habili":"7600103013","sede":"01","cod_hab":760010301301,"nombre_ips":"CLINICA SAN FERNANDO S.A","direccion":"CL 5 # 38 - 48","barrio":"Santa Isabel","id_com_cor":"19","comu_corre":"Comuna 19","natu_ips":"Privada","cla_ips":"Instituciones - IPS","cod_capa_reps":1,"nom_capa_reps":"CAMAS","cantidad":2,"serv_capa_reps":"Pediátrica","descrip_capa":"CAMAS - Pediátrica"}},{"type":"Feature","id":"ads_ips_capacidad_reps.fid--215d4958_1a0d9e21907_3f8e","geometry":{"type":"Point","coordinates":[-76.54542767,3.42793052]},"geometry_name":"the_geom","properties":{"consec":183,"gid":2930,"habili":"7600103013","sede":"01","cod_hab":760010301301,"nombre_ips":"CLINICA SAN FERNANDO S.A","direccion":"CL 5 # 38 - 48","barrio":"Santa Isabel","id_com_cor":"19","comu_corre":"Comuna 19","natu_ips":"Privada","cla_ips":"Instituciones - IPS","cod_capa_reps":2,"nom_capa_reps":"CAMAS","cantidad":34,"serv_capa_reps":"Adultos","descrip_capa":"CAMAS - Adultos"}},{"type":"Feature","id":"ads_ips_capacidad_reps.fid--215d4958_1a0d9e21907_3f8f","geometry":{"type":"Point","coordinates":[-76.54497246,3.42811256]},"geometry_name":"the_geom","properties":{"consec":184,"gid":2948,"habili":"7600103040","sede":"01","cod_hab":760010304001,"nombre_ips":"JULIANA LOPEZ CRUZ","direccion":"CL 5 # 38 - 25","barrio":"San Fernando Nuevo","id_com_cor":"19","comu_corre":"Comuna 19","natu_ips":"Privada","cla_ips":"Profesional Independiente","cod_capa_reps":25,"nom_capa_reps":"SALAS","cantidad":1,"serv_capa_reps":"Procedimientos","descrip_capa":"SALAS - Procedimientos"}},{"type":"Feature","id":"ads_ips_capacidad_reps.fid--215d4958_1a0d9e21907_3f90","geometry":{"type":"Point","coordinates":[-76.53777067,3.43041424]},"geometry_name":"the_geom","properties":{"consec":185,"gid":3085,"habili":"7600103043","sede":"01","cod_hab":760010304301,"nombre_ips":"Carolina Agudelo Mañozca","direccion":"KR 30 # 7 – 09","barrio":"El Cedro","id_com_cor":"19","comu_corre":"Comuna 19","natu_ips":"Privada","cla_ips":"Profesional Independiente","cod_capa_reps":25,"nom_capa_reps":"SALAS","cantidad":1,"serv_capa_reps":"Procedimientos","descrip_capa":"SALAS - Procedimientos"}},{"type":"Feature","id":"ads_ips_capacidad_reps.fid--215d4958_1a0d9e21907_3f91","geometry":{"type":"Point","coordinates":[-76.53019291,3.46014215]},"geometry_name":"the_geom","properties":{"consec":186,"gid":3937,"habili":"7600103066","sede":"01","cod_hab":760010306601,"nombre_ips":"CLINICA DE OCCIDENTE","direccion":"CL 18 # 5 NORTE - 34","barrio":"Versalles","id_com_cor":"02","comu_corre":"Comuna 02","natu_ips":"Privada","cla_ips":"Instituciones - IPS","cod_capa_reps":1,"nom_capa_reps":"CAMAS","cantidad":10,"serv_capa_reps":"Pediátrica","descrip_capa":"CAMAS - Pediátrica"}},{"type":"Feature","id":"ads_ips_capacidad_reps.fid--215d4958_1a0d9e21907_3f92","geometry":{"type":"Point","coordinates":[-76.53019291,3.46014215]},"geometry_name":"the_geom","properties":{"consec":187,"gid":3937,"habili":"7600103066","sede":"01","cod_hab":760010306601,"nombre_ips":"CLINICA DE OCCIDENTE","direccion":"CL 18 # 5 NORTE - 34","barrio":"Versalles","id_com_cor":"02","comu_corre":"Comuna 02","natu_ips":"Privada","cla_ips":"Instituciones - IPS","cod_capa_reps":2,"nom_capa_reps":"CAMAS","cantidad":130,"serv_capa_reps":"Adultos","descrip_capa":"CAMAS - Adultos"}},{"type":"Feature","id":"ads_ips_capacidad_reps.fid--215d4958_1a0d9e21907_3f93","geometry":{"type":"Point","coordinates":[-76.53019291,3.46014215]},"geometry_name":"the_geom","properties":{"consec":188,"gid":3937,"habili":"7600103066","sede":"01","cod_hab":760010306601,"nombre_ips":"CLINICA DE OCCIDENTE","direccion":"CL 18 # 5 NORTE - 34","barrio":"Versalles","id_com_cor":"02","comu_corre":"Comuna 02","natu_ips":"Privada","cla_ips":"Instituciones - IPS","cod_capa_reps":3,"nom_capa_reps":"CAMAS","cantidad":4,"serv_capa_reps":"Obstetricia","descrip_capa":"CAMAS - Obstetricia"}},{"type":"Feature","id":"ads_ips_capacidad_reps.fid--215d4958_1a0d9e21907_3f94","geometry":{"type":"Point","coordinates":[-76.53019291,3.46014215]},"geometry_name":"the_geom","properties":{"consec":189,"gid":3937,"habili":"7600103066","sede":"01","cod_hab":760010306601,"nombre_ips":"CLINICA DE OCCIDENTE","direccion":"CL 18 # 5 NORTE - 34","barrio":"Versalles","id_com_cor":"02","comu_corre":"Comuna 02","natu_ips":"Privada","cla_ips":"Instituciones - IPS","cod_capa_reps":4,"nom_capa_reps":"CAMAS","cantidad":4,"serv_capa_reps":"Cuidado Intermedio Neonatal","descrip_capa":"CAMAS - Cuidado Intermedio Neonatal"}},{"type":"Feature","id":"ads_ips_capacidad_reps.fid--215d4958_1a0d9e21907_3f95","geometry":{"type":"Point","coordinates":[-76.53019291,3.46014215]},"geometry_name":"the_geom","properties":{"consec":190,"gid":3937,"habili":"7600103066","sede":"01","cod_hab":760010306601,"nombre_ips":"CLINICA DE OCCIDENTE","direccion":"CL 18 # 5 NORTE - 34","barrio":"Versalles","id_com_cor":"02","comu_corre":"Comuna 02","natu_ips":"Privada","cla_ips":"Instituciones - IPS","cod_capa_reps":5,"nom_capa_reps":"CAMAS","cantidad":6,"serv_capa_reps":"Cuidado Intensivo Neonatal","descrip_capa":"CAMAS - Cuidado Intensivo Neonatal"}},{"type":"Feature","id":"ads_ips_capacidad_reps.fid--215d4958_1a0d9e21907_3f96","geometry":{"type":"Point","coordinates":[-76.53019291,3.46014215]},"geometry_name":"the_geom","properties":{"consec":191,"gid":3937,"habili":"7600103066","sede":"01","cod_hab":760010306601,"nombre_ips":"CLINICA DE OCCIDENTE","direccion":"CL 18 # 5 NORTE - 34","barrio":"Versalles","id_com_cor":"02","comu_corre":"Comuna 02","natu_ips":"Privada","cla_ips":"Instituciones - IPS","cod_capa_reps":6,"nom_capa_reps":"CAMAS","cantidad":2,"serv_capa_reps":"Cuidado Intermedio Pediátrico","descrip_capa":"CAMAS - Cuidado Intermedio Pediátrico"}},{"type":"Feature","id":"ads_ips_capacidad_reps.fid--215d4958_1a0d9e21907_3f97","geometry":{"type":"Point","coordinates":[-76.53019291,3.46014215]},"geometry_name":"the_geom","properties":{"consec":192,"gid":3937,"habili":"7600103066","sede":"01","cod_hab":760010306601,"nombre_ips":"CLINICA DE OCCIDENTE","direccion":"CL 18 # 5 NORTE - 34","barrio":"Versalles","id_com_cor":"02","comu_corre":"Comuna 02","natu_ips":"Privada","cla_ips":"Instituciones - IPS","cod_capa_reps":7,"nom_capa_reps":"CAMAS","cantidad":2,"serv_capa_reps":"Cuidado Intensivo Pediátrico","descrip_capa":"CAMAS - Cuidado Intensivo Pediátrico"}},{"type":"Feature","id":"ads_ips_capacidad_reps.fid--215d4958_1a0d9e21907_3f98","geometry":{"type":"Point","coordinates":[-76.53019291,3.46014215]},"geometry_name":"the_geom","properties":{"consec":193,"gid":3937,"habili":"7600103066","sede":"01","cod_hab":760010306601,"nombre_ips":"CLINICA DE OCCIDENTE","direccion":"CL 18 # 5 NORTE - 34","barrio":"Versalles","id_com_cor":"02","comu_corre":"Comuna 02","natu_ips":"Privada","cla_ips":"Instituciones - IPS","cod_capa_reps":9,"nom_capa_reps":"CAMAS","cantidad":37,"serv_capa_reps":"Cuidado Intensivo Adulto","descrip_capa":"CAMAS - Cuidado Intensivo Adulto"}},{"type":"Feature","id":"ads_ips_capacidad_reps.fid--215d4958_1a0d9e21907_3f99","geometry":{"type":"Point","coordinates":[-76.53019291,3.46014215]},"geometry_name":"the_geom","properties":{"consec":195,"gid":3937,"habili":"7600103066","sede":"01","cod_hab":760010306601,"nombre_ips":"CLINICA DE OCCIDENTE","direccion":"CL 18 # 5 NORTE - 34","barrio":"Versalles","id_com_cor":"02","comu_corre":"Comuna 02","natu_ips":"Privada","cla_ips":"Instituciones - IPS","cod_capa_reps":13,"nom_capa_reps":"SALAS","cantidad":7,"serv_capa_reps":"Quirófano","descrip_capa":"SALAS - Quirófano"}},{"type":"Feature","id":"ads_ips_capacidad_reps.fid--215d4958_1a0d9e21907_3f9a","geometry":{"type":"Point","coordinates":[-76.53019291,3.46014215]},"geometry_name":"the_geom","properties":{"consec":196,"gid":3937,"habili":"7600103066","sede":"01","cod_hab":760010306601,"nombre_ips":"CLINICA DE OCCIDENTE","direccion":"CL 18 # 5 NORTE - 34","barrio":"Versalles","id_com_cor":"02","comu_corre":"Comuna 02","natu_ips":"Privada","cla_ips":"Instituciones - IPS","cod_capa_reps":14,"nom_capa_reps":"SALAS","cantidad":1,"serv_capa_reps":"Partos","descrip_capa":"SALAS - Partos"}},{"type":"Feature","id":"ads_ips_capacidad_reps.fid--215d4958_1a0d9e21907_3f9b","geometry":{"type":"Point","coordinates":[-76.53019291,3.46014215]},"geometry_name":"the_geom","properties":{"consec":194,"gid":3937,"habili":"7600103066","sede":"01","cod_hab":760010306601,"nombre_ips":"CLINICA DE OCCIDENTE","direccion":"CL 18 # 5 NORTE - 34","barrio":"Versalles","id_com_cor":"02","comu_corre":"Comuna 02","natu_ips":"Privada","cla_ips":"Instituciones - IPS","cod_capa_reps":22,"nom_capa_reps":"CAMAS","cantidad":4,"serv_capa_reps":"Cuidado básico neonatal","descrip_capa":"CAMAS - Cuidado básico neonatal"}},{"type":"Feature","id":"ads_ips_capacidad_reps.fid--215d4958_1a0d9e21907_3f9c","geometry":{"type":"Point","coordinates":[-76.53019291,3.46014215]},"geometry_name":"the_geom","properties":{"consec":197,"gid":3937,"habili":"7600103066","sede":"01","cod_hab":760010306601,"nombre_ips":"CLINICA DE OCCIDENTE","direccion":"CL 18 # 5 NORTE - 34","barrio":"Versalles","id_com_cor":"02","comu_corre":"Comuna 02","natu_ips":"Privada","cla_ips":"Instituciones - IPS","cod_capa_reps":25,"nom_capa_reps":"SALAS","cantidad":2,"serv_capa_reps":"Procedimientos","descrip_capa":"SALAS - Procedimientos"}},{"type":"Feature","id":"ads_ips_capacidad_reps.fid--215d4958_1a0d9e21907_3f9d","geometry":{"type":"Point","coordinates":[-76.52983594,3.46105394]},"geometry_name":"the_geom","properties":{"consec":198,"gid":4094,"habili":"7600103066","sede":"07","cod_hab":760010306607,"nombre_ips":"CLINICA DE OCCIDENTE CENTRO DE ESPECIALISTAS","direccion":"AV 5A # 19 Norte - 12","barrio":"Versalles","id_com_cor":"02","comu_corre":"Comuna 02","natu_ips":"Privada","cla_ips":"Instituciones - IPS","cod_capa_reps":25,"nom_capa_reps":"SALAS","cantidad":1,"serv_capa_reps":"Procedimientos","descrip_capa":"SALAS - Procedimientos"}},{"type":"Feature","id":"ads_ips_capacidad_reps.fid--215d4958_1a0d9e21907_3f9e","geometry":{"type":"Point","coordinates":[-76.52967156,3.46054186]},"geometry_name":"the_geom","properties":{"consec":199,"gid":4054,"habili":"7600103066","sede":"08","cod_hab":760010306608,"nombre_ips":"CLINICA DE OCCIDENTE CENTRO INTEGRAL DE CANCER","direccion":"CL 19 # 5N - 49","barrio":"Versalles","id_com_cor":"02","comu_corre":"Comuna 02","natu_ips":"Privada","cla_ips":"Instituciones - IPS","cod_capa_reps":25,"nom_capa_reps":"SALAS","cantidad":1,"serv_capa_reps":"Procedimientos","descrip_capa":"SALAS - Procedimientos"}},{"type":"Feature","id":"ads_ips_capacidad_reps.fid--215d4958_1a0d9e21907_3f9f","geometry":{"type":"Point","coordinates":[-76.54600858,3.43997521]},"geometry_name":"the_geom","properties":{"consec":200,"gid":3389,"habili":"7600103086","sede":"01","cod_hab":760010308601,"nombre_ips":"CARLOS EDUARDO ROJAS MARTINEZ","direccion":"CL 6 OESTE # 24F – 13","barrio":"San Fernando Viejo","id_com_cor":"19","comu_corre":"Comuna 19","natu_ips":"Privada","cla_ips":"Profesional Independiente","cod_capa_reps":25,"nom_capa_reps":"SALAS","cantidad":1,"serv_capa_reps":"Procedimientos","descrip_capa":"SALAS - Procedimientos"}},{"type":"Feature","id":"ads_ips_capacidad_reps.fid--215d4958_1a0d9e21907_3fa0","geometry":{"type":"Point","coordinates":[-76.54441371,3.42409488]},"geometry_name":"the_geom","properties":{"consec":201,"gid":2424,"habili":"7600103101","sede":"01","cod_hab":760010310101,"nombre_ips":"MARIA CECILIA ARTURO ROJAS","direccion":"KR 38A # 5A - 100","barrio":"San Fernando Nuevo","id_com_cor":"19","comu_corre":"Comuna 19","natu_ips":"Privada","cla_ips":"Profesional Independiente","cod_capa_reps":25,"nom_capa_reps":"SALAS","cantidad":1,"serv_capa_reps":"Procedimientos","descrip_capa":"SALAS - Procedimientos"}},{"type":"Feature","id":"ads_ips_capacidad_reps.fid--215d4958_1a0d9e21907_3fa1","geometry":{"type":"Point","coordinates":[-76.54583798,3.43625214]},"geometry_name":"the_geom","properties":{"consec":202,"gid":3326,"habili":"7600103180","sede":"01","cod_hab":760010318001,"nombre_ips":"CORPUS Y ROSTRUM","direccion":"CL 3OESTE # 34 - 96","barrio":"San Fernando Viejo","id_com_cor":"19","comu_corre":"Comuna 19","natu_ips":"Privada","cla_ips":"Instituciones - IPS","cod_capa_reps":2,"nom_capa_reps":"CAMAS","cantidad":6,"serv_capa_reps":"Adultos","descrip_capa":"CAMAS - Adultos"}},{"type":"Feature","id":"ads_ips_capacidad_reps.fid--215d4958_1a0d9e21907_3fa2","geometry":{"type":"Point","coordinates":[-76.54583798,3.43625214]},"geometry_name":"the_geom","properties":{"consec":203,"gid":3326,"habili":"7600103180","sede":"01","cod_hab":760010318001,"nombre_ips":"CORPUS Y ROSTRUM","direccion":"CL 3OESTE # 34 - 96","barrio":"San Fernando Viejo","id_com_cor":"19","comu_corre":"Comuna 19","natu_ips":"Privada","cla_ips":"Instituciones - IPS","cod_capa_reps":25,"nom_capa_reps":"SALAS","cantidad":1,"serv_capa_reps":"Procedimientos","descrip_capa":"SALAS - Procedimientos"}},{"type":"Feature","id":"ads_ips_capacidad_reps.fid--215d4958_1a0d9e21907_3fa3","geometry":{"type":"Point","coordinates":[-76.54511867,3.4270987]},"geometry_name":"the_geom","properties":{"consec":205,"gid":2884,"habili":"7600103322","sede":"01","cod_hab":760010332201,"nombre_ips":"CRUZ ROJA COLOMBIANA SECCIONAL VALLE DEL CAUCA","direccion":"KR 38 BIS # 5 – 91","barrio":"San Fernando Nuevo","id_com_cor":"19","comu_corre":"Comuna 19","natu_ips":"Privada","cla_ips":"Instituciones - IPS","cod_capa_reps":15,"nom_capa_reps":"AMBULANCIAS","cantidad":1,"serv_capa_reps":"Básica","descrip_capa":"AMBULANCIAS - Básica"}},{"type":"Feature","id":"ads_ips_capacidad_reps.fid--215d4958_1a0d9e21907_3fa4","geometry":{"type":"Point","coordinates":[-76.54511867,3.4270987]},"geometry_name":"the_geom","properties":{"consec":204,"gid":2884,"habili":"7600103322","sede":"01","cod_hab":760010332201,"nombre_ips":"CRUZ ROJA COLOMBIANA SECCIONAL VALLE DEL CAUCA","direccion":"KR 38 BIS # 5 – 91","barrio":"San Fernando Nuevo","id_com_cor":"19","comu_corre":"Comuna 19","natu_ips":"Privada","cla_ips":"Instituciones - IPS","cod_capa_reps":15,"nom_capa_reps":"AMBULANCIAS","cantidad":1,"serv_capa_reps":"Básica","descrip_capa":"AMBULANCIAS - Básica"}},{"type":"Feature","id":"ads_ips_capacidad_reps.fid--215d4958_1a0d9e21907_3fa5","geometry":{"type":"Point","coordinates":[-76.54511867,3.4270987]},"geometry_name":"the_geom","properties":{"consec":206,"gid":2884,"habili":"7600103322","sede":"01","cod_hab":760010332201,"nombre_ips":"CRUZ ROJA COLOMBIANA SECCIONAL VALLE DEL CAUCA","direccion":"KR 38 BIS # 5 – 91","barrio":"San Fernando Nuevo","id_com_cor":"19","comu_corre":"Comuna 19","natu_ips":"Privada","cla_ips":"Instituciones - IPS","cod_capa_reps":16,"nom_capa_reps":"AMBULANCIAS","cantidad":1,"serv_capa_reps":"Medicalizada","descrip_capa":"AMBULANCIAS - Medicalizada"}},{"type":"Feature","id":"ads_ips_capacidad_reps.fid--215d4958_1a0d9e21907_3fa6","geometry":{"type":"Point","coordinates":[-76.54523224,3.41973728]},"geometry_name":"the_geom","properties":{"consec":207,"gid":1371,"habili":"7600103338","sede":"01","cod_hab":760010333801,"nombre_ips":"clinica interplastica sas","direccion":"CL 5C # 43 – 10","barrio":"Urbanización Tequendama","id_com_cor":"19","comu_corre":"Comuna 19","natu_ips":"Privada","cla_ips":"Instituciones - IPS","cod_capa_reps":25,"nom_capa_reps":"SALAS","cantidad":3,"serv_capa_reps":"Procedimientos","descrip_capa":"SALAS - Procedimientos"}},{"type":"Feature","id":"ads_ips_capacidad_reps.fid--215d4958_1a0d9e21907_3fa7","geometry":{"type":"Point","coordinates":[-76.54504141,3.41906973]},"geometry_name":"the_geom","properties":{"consec":208,"gid":1286,"habili":"7600103347","sede":"01","cod_hab":760010334701,"nombre_ips":"CENTRO DE ACONDICIONAMIENTO FISICO Y FISIOTERAPIA E.U.","direccion":"KR 43A # 5C – 40","barrio":"Urbanización Tequendama","id_com_cor":"19","comu_corre":"Comuna 19","natu_ips":"Privada","cla_ips":"Instituciones - IPS","cod_capa_reps":25,"nom_capa_reps":"SALAS","cantidad":1,"serv_capa_reps":"Procedimientos","descrip_capa":"SALAS - Procedimientos"}},{"type":"Feature","id":"ads_ips_capacidad_reps.fid--215d4958_1a0d9e21907_3fa8","geometry":{"type":"Point","coordinates":[-76.52804263,3.46389019]},"geometry_name":"the_geom","properties":{"consec":209,"gid":4263,"habili":"7600103359","sede":"01","cod_hab":760010335901,"nombre_ips":"CLINICA VERSALLES S.A.","direccion":"AV 5A # 23 NORTE – 36","barrio":"San Vicente","id_com_cor":"02","comu_corre":"Comuna 02","natu_ips":"Privada","cla_ips":"Instituciones - IPS","cod_capa_reps":1,"nom_capa_reps":"CAMAS","cantidad":16,"serv_capa_reps":"Pediátrica","descrip_capa":"CAMAS - Pediátrica"}},{"type":"Feature","id":"ads_ips_capacidad_reps.fid--215d4958_1a0d9e21907_3fa9","geometry":{"type":"Point","coordinates":[-76.52804263,3.46389019]},"geometry_name":"the_geom","properties":{"consec":210,"gid":4263,"habili":"7600103359","sede":"01","cod_hab":760010335901,"nombre_ips":"CLINICA VERSALLES S.A.","direccion":"AV 5A # 23 NORTE – 36","barrio":"San Vicente","id_com_cor":"02","comu_corre":"Comuna 02","natu_ips":"Privada","cla_ips":"Instituciones - IPS","cod_capa_reps":2,"nom_capa_reps":"CAMAS","cantidad":28,"serv_capa_reps":"Adultos","descrip_capa":"CAMAS - Adultos"}},{"type":"Feature","id":"ads_ips_capacidad_reps.fid--215d4958_1a0d9e21907_3faa","geometry":{"type":"Point","coordinates":[-76.52804263,3.46389019]},"geometry_name":"the_geom","properties":{"consec":211,"gid":4263,"habili":"7600103359","sede":"01","cod_hab":760010335901,"nombre_ips":"CLINICA VERSALLES S.A.","direccion":"AV 5A # 23 NORTE – 36","barrio":"San Vicente","id_com_cor":"02","comu_corre":"Comuna 02","natu_ips":"Privada","cla_ips":"Instituciones - IPS","cod_capa_reps":6,"nom_capa_reps":"CAMAS","cantidad":7,"serv_capa_reps":"Cuidado Intermedio Pediátrico","descrip_capa":"CAMAS - Cuidado Intermedio Pediátrico"}},{"type":"Feature","id":"ads_ips_capacidad_reps.fid--215d4958_1a0d9e21907_3fab","geometry":{"type":"Point","coordinates":[-76.52804263,3.46389019]},"geometry_name":"the_geom","properties":{"consec":212,"gid":4263,"habili":"7600103359","sede":"01","cod_hab":760010335901,"nombre_ips":"CLINICA VERSALLES S.A.","direccion":"AV 5A # 23 NORTE – 36","barrio":"San Vicente","id_com_cor":"02","comu_corre":"Comuna 02","natu_ips":"Privada","cla_ips":"Instituciones - IPS","cod_capa_reps":7,"nom_capa_reps":"CAMAS","cantidad":12,"serv_capa_reps":"Cuidado Intensivo Pediátrico","descrip_capa":"CAMAS - Cuidado Intensivo Pediátrico"}},{"type":"Feature","id":"ads_ips_capacidad_reps.fid--215d4958_1a0d9e21907_3fac","geometry":{"type":"Point","coordinates":[-76.52804263,3.46389019]},"geometry_name":"the_geom","properties":{"consec":213,"gid":4263,"habili":"7600103359","sede":"01","cod_hab":760010335901,"nombre_ips":"CLINICA VERSALLES S.A.","direccion":"AV 5A # 23 NORTE – 36","barrio":"San Vicente","id_com_cor":"02","comu_corre":"Comuna 02","natu_ips":"Privada","cla_ips":"Instituciones - IPS","cod_capa_reps":25,"nom_capa_reps":"SALAS","cantidad":2,"serv_capa_reps":"Procedimientos","descrip_capa":"SALAS - Procedimientos"}},{"type":"Feature","id":"ads_ips_capacidad_reps.fid--215d4958_1a0d9e21907_3fad","geometry":{"type":"Point","coordinates":[-76.52752293,3.46366914]},"geometry_name":"the_geom","properties":{"consec":215,"gid":4260,"habili":"7600103359","sede":"07","cod_hab":760010335907,"nombre_ips":"CLINICA VERSALLES HOSPITALIZACION","direccion":"AV 5 # 23 NORTE – 57","barrio":"San Vicente","id_com_cor":"02","comu_corre":"Comuna 02","natu_ips":"Privada","cla_ips":"Instituciones - IPS","cod_capa_reps":1,"nom_capa_reps":"CAMAS","cantidad":1,"serv_capa_reps":"Pediátrica","descrip_capa":"CAMAS - Pediátrica"}},{"type":"Feature","id":"ads_ips_capacidad_reps.fid--215d4958_1a0d9e21907_3fae","geometry":{"type":"Point","coordinates":[-76.52752293,3.46366914]},"geometry_name":"the_geom","properties":{"consec":216,"gid":4260,"habili":"7600103359","sede":"07","cod_hab":760010335907,"nombre_ips":"CLINICA VERSALLES HOSPITALIZACION","direccion":"AV 5 # 23 NORTE – 57","barrio":"San Vicente","id_com_cor":"02","comu_corre":"Comuna 02","natu_ips":"Privada","cla_ips":"Instituciones - IPS","cod_capa_reps":2,"nom_capa_reps":"CAMAS","cantidad":44,"serv_capa_reps":"Adultos","descrip_capa":"CAMAS - Adultos"}},{"type":"Feature","id":"ads_ips_capacidad_reps.fid--215d4958_1a0d9e21907_3faf","geometry":{"type":"Point","coordinates":[-76.52752293,3.46366914]},"geometry_name":"the_geom","properties":{"consec":217,"gid":4260,"habili":"7600103359","sede":"07","cod_hab":760010335907,"nombre_ips":"CLINICA VERSALLES HOSPITALIZACION","direccion":"AV 5 # 23 NORTE – 57","barrio":"San Vicente","id_com_cor":"02","comu_corre":"Comuna 02","natu_ips":"Privada","cla_ips":"Instituciones - IPS","cod_capa_reps":3,"nom_capa_reps":"CAMAS","cantidad":58,"serv_capa_reps":"Obstetricia","descrip_capa":"CAMAS - Obstetricia"}},{"type":"Feature","id":"ads_ips_capacidad_reps.fid--215d4958_1a0d9e21907_3fb0","geometry":{"type":"Point","coordinates":[-76.52752293,3.46366914]},"geometry_name":"the_geom","properties":{"consec":218,"gid":4260,"habili":"7600103359","sede":"07","cod_hab":760010335907,"nombre_ips":"CLINICA VERSALLES HOSPITALIZACION","direccion":"AV 5 # 23 NORTE – 57","barrio":"San Vicente","id_com_cor":"02","comu_corre":"Comuna 02","natu_ips":"Privada","cla_ips":"Instituciones - IPS","cod_capa_reps":4,"nom_capa_reps":"CAMAS","cantidad":10,"serv_capa_reps":"Cuidado Intermedio Neonatal","descrip_capa":"CAMAS - Cuidado Intermedio Neonatal"}},{"type":"Feature","id":"ads_ips_capacidad_reps.fid--215d4958_1a0d9e21907_3fb1","geometry":{"type":"Point","coordinates":[-76.52752293,3.46366914]},"geometry_name":"the_geom","properties":{"consec":219,"gid":4260,"habili":"7600103359","sede":"07","cod_hab":760010335907,"nombre_ips":"CLINICA VERSALLES HOSPITALIZACION","direccion":"AV 5 # 23 NORTE – 57","barrio":"San Vicente","id_com_cor":"02","comu_corre":"Comuna 02","natu_ips":"Privada","cla_ips":"Instituciones - IPS","cod_capa_reps":5,"nom_capa_reps":"CAMAS","cantidad":20,"serv_capa_reps":"Cuidado Intensivo Neonatal","descrip_capa":"CAMAS - Cuidado Intensivo Neonatal"}},{"type":"Feature","id":"ads_ips_capacidad_reps.fid--215d4958_1a0d9e21907_3fb2","geometry":{"type":"Point","coordinates":[-76.52752293,3.46366914]},"geometry_name":"the_geom","properties":{"consec":220,"gid":4260,"habili":"7600103359","sede":"07","cod_hab":760010335907,"nombre_ips":"CLINICA VERSALLES HOSPITALIZACION","direccion":"AV 5 # 23 NORTE – 57","barrio":"San Vicente","id_com_cor":"02","comu_corre":"Comuna 02","natu_ips":"Privada","cla_ips":"Instituciones - IPS","cod_capa_reps":8,"nom_capa_reps":"CAMAS","cantidad":5,"serv_capa_reps":"Cuidado Intermedio Adulto","descrip_capa":"CAMAS - Cuidado Intermedio Adulto"}},{"type":"Feature","id":"ads_ips_capacidad_reps.fid--215d4958_1a0d9e21907_3fb3","geometry":{"type":"Point","coordinates":[-76.52752293,3.46366914]},"geometry_name":"the_geom","properties":{"consec":221,"gid":4260,"habili":"7600103359","sede":"07","cod_hab":760010335907,"nombre_ips":"CLINICA VERSALLES HOSPITALIZACION","direccion":"AV 5 # 23 NORTE – 57","barrio":"San Vicente","id_com_cor":"02","comu_corre":"Comuna 02","natu_ips":"Privada","cla_ips":"Instituciones - IPS","cod_capa_reps":9,"nom_capa_reps":"CAMAS","cantidad":25,"serv_capa_reps":"Cuidado Intensivo Adulto","descrip_capa":"CAMAS - Cuidado Intensivo Adulto"}},{"type":"Feature","id":"ads_ips_capacidad_reps.fid--215d4958_1a0d9e21907_3fb4","geometry":{"type":"Point","coordinates":[-76.52752293,3.46366914]},"geometry_name":"the_geom","properties":{"consec":223,"gid":4260,"habili":"7600103359","sede":"07","cod_hab":760010335907,"nombre_ips":"CLINICA VERSALLES HOSPITALIZACION","direccion":"AV 5 # 23 NORTE – 57","barrio":"San Vicente","id_com_cor":"02","comu_corre":"Comuna 02","natu_ips":"Privada","cla_ips":"Instituciones - IPS","cod_capa_reps":13,"nom_capa_reps":"SALAS","cantidad":4,"serv_capa_reps":"Quirófano","descrip_capa":"SALAS - Quirófano"}},{"type":"Feature","id":"ads_ips_capacidad_reps.fid--215d4958_1a0d9e21907_3fb5","geometry":{"type":"Point","coordinates":[-76.52752293,3.46366914]},"geometry_name":"the_geom","properties":{"consec":224,"gid":4260,"habili":"7600103359","sede":"07","cod_hab":760010335907,"nombre_ips":"CLINICA VERSALLES HOSPITALIZACION","direccion":"AV 5 # 23 NORTE – 57","barrio":"San Vicente","id_com_cor":"02","comu_corre":"Comuna 02","natu_ips":"Privada","cla_ips":"Instituciones - IPS","cod_capa_reps":14,"nom_capa_reps":"SALAS","cantidad":3,"serv_capa_reps":"Partos","descrip_capa":"SALAS - Partos"}},{"type":"Feature","id":"ads_ips_capacidad_reps.fid--215d4958_1a0d9e21907_3fb6","geometry":{"type":"Point","coordinates":[-76.52752293,3.46366914]},"geometry_name":"the_geom","properties":{"consec":214,"gid":4260,"habili":"7600103359","sede":"07","cod_hab":760010335907,"nombre_ips":"CLINICA VERSALLES HOSPITALIZACION","direccion":"AV 5 # 23 NORTE – 57","barrio":"San Vicente","id_com_cor":"02","comu_corre":"Comuna 02","natu_ips":"Privada","cla_ips":"Instituciones - IPS","cod_capa_reps":15,"nom_capa_reps":"AMBULANCIAS","cantidad":1,"serv_capa_reps":"Básica","descrip_capa":"AMBULANCIAS - Básica"}},{"type":"Feature","id":"ads_ips_capacidad_reps.fid--215d4958_1a0d9e21907_3fb7","geometry":{"type":"Point","coordinates":[-76.52752293,3.46366914]},"geometry_name":"the_geom","properties":{"consec":222,"gid":4260,"habili":"7600103359","sede":"07","cod_hab":760010335907,"nombre_ips":"CLINICA VERSALLES HOSPITALIZACION","direccion":"AV 5 # 23 NORTE – 57","barrio":"San Vicente","id_com_cor":"02","comu_corre":"Comuna 02","natu_ips":"Privada","cla_ips":"Instituciones - IPS","cod_capa_reps":22,"nom_capa_reps":"CAMAS","cantidad":10,"serv_capa_reps":"Cuidado básico neonatal","descrip_capa":"CAMAS - Cuidado básico neonatal"}},{"type":"Feature","id":"ads_ips_capacidad_reps.fid--215d4958_1a0d9e21907_3fb8","geometry":{"type":"Point","coordinates":[-76.52737079,3.46364157]},"geometry_name":"the_geom","properties":{"consec":225,"gid":4257,"habili":"7600103359","sede":"10","cod_hab":760010335910,"nombre_ips":"CLINICA VERSALLES SERVICIOS AMBULATORIOS","direccion":"AV 5 # 23 NORTE – 70","barrio":"San Vicente","id_com_cor":"02","comu_corre":"Comuna 02","natu_ips":"Privada","cla_ips":"Instituciones - IPS","cod_capa_reps":25,"nom_capa_reps":"SALAS","cantidad":1,"serv_capa_reps":"Procedimientos","descrip_capa":"SALAS - Procedimientos"}},{"type":"Feature","id":"ads_ips_capacidad_reps.fid--215d4958_1a0d9e21907_3fb9","geometry":{"type":"Point","coordinates":[-76.52863904,3.45936539]},"geometry_name":"the_geom","properties":{"consec":226,"gid":3921,"habili":"7600103373","sede":"01","cod_hab":760010337301,"nombre_ips":"FUNDACION SERVICIOS INTEGRALES PARA LA MUJER SI MUJER","direccion":"CL 19 # 3 NORTE – 50","barrio":"Versalles","id_com_cor":"02","comu_corre":"Comuna 02","natu_ips":"Privada","cla_ips":"Instituciones - IPS","cod_capa_reps":25,"nom_capa_reps":"SALAS","cantidad":2,"serv_capa_reps":"Procedimientos","descrip_capa":"SALAS - Procedimientos"}},{"type":"Feature","id":"ads_ips_capacidad_reps.fid--215d4958_1a0d9e21907_3fba","geometry":{"type":"Point","coordinates":[-76.54533644,3.42139258]},"geometry_name":"the_geom","properties":{"consec":227,"gid":1602,"habili":"7600103381","sede":"01","cod_hab":760010338101,"nombre_ips":"ENDOCIRUJANOS LTDA","direccion":"KR 42 # 5B – 53","barrio":"Urbanización Tequendama","id_com_cor":"19","comu_corre":"Comuna 19","natu_ips":"Privada","cla_ips":"Instituciones - IPS","cod_capa_reps":25,"nom_capa_reps":"SALAS","cantidad":1,"serv_capa_reps":"Procedimientos","descrip_capa":"SALAS - Procedimientos"}},{"type":"Feature","id":"ads_ips_capacidad_reps.fid--215d4958_1a0d9e21907_3fbb","geometry":{"type":"Point","coordinates":[-76.53025892,3.45331782]},"geometry_name":"the_geom","properties":{"consec":228,"gid":3749,"habili":"7600103591","sede":"01","cod_hab":760010359101,"nombre_ips":"JUAN CARLOS SIUFFI DIAZ","direccion":"KR 4 # 14 – 50","barrio":"San Pedro","id_com_cor":"03","comu_corre":"Comuna 03","natu_ips":"Privada","cla_ips":"Profesional Independiente","cod_capa_reps":25,"nom_capa_reps":"SALAS","cantidad":1,"serv_capa_reps":"Procedimientos","descrip_capa":"SALAS - Procedimientos"}},{"type":"Feature","id":"ads_ips_capacidad_reps.fid--215d4958_1a0d9e21907_3fbc","geometry":{"type":"Point","coordinates":[-76.53025892,3.45331782]},"geometry_name":"the_geom","properties":{"consec":229,"gid":3750,"habili":"7600103592","sede":"01","cod_hab":760010359201,"nombre_ips":"KATHERYN CAMPO OROZCO","direccion":"KR 4 # 14 – 50","barrio":"San Pedro","id_com_cor":"03","comu_corre":"Comuna 03","natu_ips":"Privada","cla_ips":"Profesional Independiente","cod_capa_reps":25,"nom_capa_reps":"SALAS","cantidad":1,"serv_capa_reps":"Procedimientos","descrip_capa":"SALAS - Procedimientos"}},{"type":"Feature","id":"ads_ips_capacidad_reps.fid--215d4958_1a0d9e21907_3fbd","geometry":{"type":"Point","coordinates":[-76.54489751,3.38584106]},"geometry_name":"the_geom","properties":{"consec":230,"gid":356,"habili":"7600103609","sede":"01","cod_hab":760010360901,"nombre_ips":"E.S.E. HOSPITAL DEPARTAMENTAL PSIQUIATRICO UNIVERSITARIO DEL VALLE","direccion":"CL 5 # 80 – 00","barrio":"Cuarteles de Nápoles","id_com_cor":"18","comu_corre":"Comuna 18","natu_ips":"Pública","cla_ips":"Instituciones - IPS","cod_capa_reps":15,"nom_capa_reps":"AMBULANCIAS","cantidad":1,"serv_capa_reps":"Básica","descrip_capa":"AMBULANCIAS - Básica"}},{"type":"Feature","id":"ads_ips_capacidad_reps.fid--215d4958_1a0d9e21907_3fbe","geometry":{"type":"Point","coordinates":[-76.54489751,3.38584106]},"geometry_name":"the_geom","properties":{"consec":231,"gid":356,"habili":"7600103609","sede":"01","cod_hab":760010360901,"nombre_ips":"E.S.E. HOSPITAL DEPARTAMENTAL PSIQUIATRICO UNIVERSITARIO DEL VALLE","direccion":"CL 5 # 80 – 00","barrio":"Cuarteles de Nápoles","id_com_cor":"18","comu_corre":"Comuna 18","natu_ips":"Pública","cla_ips":"Instituciones - IPS","cod_capa_reps":25,"nom_capa_reps":"SALAS","cantidad":1,"serv_capa_reps":"Procedimientos","descrip_capa":"SALAS - Procedimientos"}},{"type":"Feature","id":"ads_ips_capacidad_reps.fid--215d4958_1a0d9e21907_3fbf","geometry":{"type":"Point","coordinates":[-76.54533644,3.42139258]},"geometry_name":"the_geom","properties":{"consec":232,"gid":1603,"habili":"7600103614","sede":"04","cod_hab":760010361404,"nombre_ips":"HAROLD PADILLA RAMIREZ","direccion":"KR 42 # 5B – 53","barrio":"Urbanización Tequendama","id_com_cor":"19","comu_corre":"Comuna 19","natu_ips":"Privada","cla_ips":"Profesional Independiente","cod_capa_reps":25,"nom_capa_reps":"SALAS","cantidad":1,"serv_capa_reps":"Procedimientos","descrip_capa":"SALAS - Procedimientos"}},{"type":"Feature","id":"ads_ips_capacidad_reps.fid--215d4958_1a0d9e21907_3fc0","geometry":{"type":"Point","coordinates":[-76.54706275,3.40406917]},"geometry_name":"the_geom","properties":{"consec":233,"gid":585,"habili":"7600103646","sede":"02","cod_hab":760010364602,"nombre_ips":"BIENESTAR UNIVERSATARIO UNIVERSIDAD SANTIAGO DE CALI SEDE PAMPALINDA","direccion":"CL 5 # 62 – 00","barrio":"Pampa Linda","id_com_cor":"19","comu_corre":"Comuna 19","natu_ips":"Privada","cla_ips":"Objeto Social Diferente a la Prestación de Servicios de Salu","cod_capa_reps":25,"nom_capa_reps":"SALAS","cantidad":3,"serv_capa_reps":"Procedimientos","descrip_capa":"SALAS - Procedimientos"}},{"type":"Feature","id":"ads_ips_capacidad_reps.fid--215d4958_1a0d9e21907_3fc1","geometry":{"type":"Point","coordinates":[-76.54630442,3.42328736]},"geometry_name":"the_geom","properties":{"consec":234,"gid":2234,"habili":"7600103706","sede":"01","cod_hab":760010370601,"nombre_ips":"MARIA LIGIA DEL PILAR GARCIA CAMACHO","direccion":"CL 5A # 40 – 26","barrio":"Urbanización Tequendama","id_com_cor":"19","comu_corre":"Comuna 19","natu_ips":"Privada","cla_ips":"Profesional Independiente","cod_capa_reps":25,"nom_capa_reps":"SALAS","cantidad":2,"serv_capa_reps":"Procedimientos","descrip_capa":"SALAS - Procedimientos"}},{"type":"Feature","id":"ads_ips_capacidad_reps.fid--215d4958_1a0d9e21907_3fc2","geometry":{"type":"Point","coordinates":[-76.52893427,3.46749877]},"geometry_name":"the_geom","properties":{"consec":235,"gid":4414,"habili":"7600103706","sede":"02","cod_hab":760010370602,"nombre_ips":"MARIA LIGIA DEL PILAR GARCIA CAMACHO","direccion":"AV 5B 25 NORTE – 55","barrio":"San Vicente","id_com_cor":"02","comu_corre":"Comuna 02","natu_ips":"Privada","cla_ips":"Profesional Independiente","cod_capa_reps":25,"nom_capa_reps":"SALAS","cantidad":2,"serv_capa_reps":"Procedimientos","descrip_capa":"SALAS - Procedimientos"}},{"type":"Feature","id":"ads_ips_capacidad_reps.fid--215d4958_1a0d9e21907_3fc3","geometry":{"type":"Point","coordinates":[-76.52791295,3.45466188]},"geometry_name":"the_geom","properties":{"consec":236,"gid":3840,"habili":"7600103715","sede":"01","cod_hab":760010371501,"nombre_ips":"HOSPITAL SAN JUAN DE DIOS","direccion":"KR 4 # 17 – 67","barrio":"San Nicolás","id_com_cor":"03","comu_corre":"Comuna 03","natu_ips":"Privada","cla_ips":"Instituciones - IPS","cod_capa_reps":2,"nom_capa_reps":"CAMAS","cantidad":125,"serv_capa_reps":"Adultos","descrip_capa":"CAMAS - Adultos"}},{"type":"Feature","id":"ads_ips_capacidad_reps.fid--215d4958_1a0d9e21907_3fc4","geometry":{"type":"Point","coordinates":[-76.52791295,3.45466188]},"geometry_name":"the_geom","properties":{"consec":237,"gid":3840,"habili":"7600103715","sede":"01","cod_hab":760010371501,"nombre_ips":"HOSPITAL SAN JUAN DE DIOS","direccion":"KR 4 # 17 – 67","barrio":"San Nicolás","id_com_cor":"03","comu_corre":"Comuna 03","natu_ips":"Privada","cla_ips":"Instituciones - IPS","cod_capa_reps":3,"nom_capa_reps":"CAMAS","cantidad":27,"serv_capa_reps":"Obstetricia","descrip_capa":"CAMAS - Obstetricia"}},{"type":"Feature","id":"ads_ips_capacidad_reps.fid--215d4958_1a0d9e21907_3fc5","geometry":{"type":"Point","coordinates":[-76.52791295,3.45466188]},"geometry_name":"the_geom","properties":{"consec":238,"gid":3840,"habili":"7600103715","sede":"01","cod_hab":760010371501,"nombre_ips":"HOSPITAL SAN JUAN DE DIOS","direccion":"KR 4 # 17 – 67","barrio":"San Nicolás","id_com_cor":"03","comu_corre":"Comuna 03","natu_ips":"Privada","cla_ips":"Instituciones - IPS","cod_capa_reps":4,"nom_capa_reps":"CAMAS","cantidad":15,"serv_capa_reps":"Cuidado Intermedio Neonatal","descrip_capa":"CAMAS - Cuidado Intermedio Neonatal"}},{"type":"Feature","id":"ads_ips_capacidad_reps.fid--215d4958_1a0d9e21907_3fc6","geometry":{"type":"Point","coordinates":[-76.52791295,3.45466188]},"geometry_name":"the_geom","properties":{"consec":239,"gid":3840,"habili":"7600103715","sede":"01","cod_hab":760010371501,"nombre_ips":"HOSPITAL SAN JUAN DE DIOS","direccion":"KR 4 # 17 – 67","barrio":"San Nicolás","id_com_cor":"03","comu_corre":"Comuna 03","natu_ips":"Privada","cla_ips":"Instituciones - IPS","cod_capa_reps":8,"nom_capa_reps":"CAMAS","cantidad":15,"serv_capa_reps":"Cuidado Intermedio Adulto","descrip_capa":"CAMAS - Cuidado Intermedio Adulto"}},{"type":"Feature","id":"ads_ips_capacidad_reps.fid--215d4958_1a0d9e21907_3fc7","geometry":{"type":"Point","coordinates":[-76.52791295,3.45466188]},"geometry_name":"the_geom","properties":{"consec":241,"gid":3840,"habili":"7600103715","sede":"01","cod_hab":760010371501,"nombre_ips":"HOSPITAL SAN JUAN DE DIOS","direccion":"KR 4 # 17 – 67","barrio":"San Nicolás","id_com_cor":"03","comu_corre":"Comuna 03","natu_ips":"Privada","cla_ips":"Instituciones - IPS","cod_capa_reps":13,"nom_capa_reps":"SALAS","cantidad":7,"serv_capa_reps":"Quirófano","descrip_capa":"SALAS - Quirófano"}},{"type":"Feature","id":"ads_ips_capacidad_reps.fid--215d4958_1a0d9e21907_3fc8","geometry":{"type":"Point","coordinates":[-76.52791295,3.45466188]},"geometry_name":"the_geom","properties":{"consec":242,"gid":3840,"habili":"7600103715","sede":"01","cod_hab":760010371501,"nombre_ips":"HOSPITAL SAN JUAN DE DIOS","direccion":"KR 4 # 17 – 67","barrio":"San Nicolás","id_com_cor":"03","comu_corre":"Comuna 03","natu_ips":"Privada","cla_ips":"Instituciones - IPS","cod_capa_reps":14,"nom_capa_reps":"SALAS","cantidad":2,"serv_capa_reps":"Partos","descrip_capa":"SALAS - Partos"}},{"type":"Feature","id":"ads_ips_capacidad_reps.fid--215d4958_1a0d9e21907_3fc9","geometry":{"type":"Point","coordinates":[-76.52791295,3.45466188]},"geometry_name":"the_geom","properties":{"consec":240,"gid":3840,"habili":"7600103715","sede":"01","cod_hab":760010371501,"nombre_ips":"HOSPITAL SAN JUAN DE DIOS","direccion":"KR 4 # 17 – 67","barrio":"San Nicolás","id_com_cor":"03","comu_corre":"Comuna 03","natu_ips":"Privada","cla_ips":"Instituciones - IPS","cod_capa_reps":22,"nom_capa_reps":"CAMAS","cantidad":5,"serv_capa_reps":"Cuidado básico neonatal","descrip_capa":"CAMAS - Cuidado básico neonatal"}},{"type":"Feature","id":"ads_ips_capacidad_reps.fid--215d4958_1a0d9e21907_3fca","geometry":{"type":"Point","coordinates":[-76.54171722,3.42182999]},"geometry_name":"the_geom","properties":{"consec":243,"gid":1642,"habili":"7600103730","sede":"01","cod_hab":760010373001,"nombre_ips":"JORGE HERNAN VILLEGAS JARAMILLO","direccion":"CL 6 # 39 – 25","barrio":"Los Cámbulos","id_com_cor":"19","comu_corre":"Comuna 19","natu_ips":"Privada","cla_ips":"Profesional Independiente","cod_capa_reps":25,"nom_capa_reps":"SALAS","cantidad":1,"serv_capa_reps":"Procedimientos","descrip_capa":"SALAS - Procedimientos"}},{"type":"Feature","id":"ads_ips_capacidad_reps.fid--215d4958_1a0d9e21907_3fcb","geometry":{"type":"Point","coordinates":[-76.54253371,3.42323116]},"geometry_name":"the_geom","properties":{"consec":244,"gid":1934,"habili":"7600103762","sede":"01","cod_hab":760010376201,"nombre_ips":"JUAN GUILLERMO ZAPATA JARAMILLO","direccion":"CL 5D # 38A – 35","barrio":"Eucaristico","id_com_cor":"19","comu_corre":"Comuna 19","natu_ips":"Privada","cla_ips":"Profesional Independiente","cod_capa_reps":25,"nom_capa_reps":"SALAS","cantidad":1,"serv_capa_reps":"Procedimientos","descrip_capa":"SALAS - Procedimientos"}},{"type":"Feature","id":"ads_ips_capacidad_reps.fid--215d4958_1a0d9e21907_3fcc","geometry":{"type":"Point","coordinates":[-76.54397166,3.43068933]},"geometry_name":"the_geom","properties":{"consec":252,"gid":3108,"habili":"7600103799","sede":"01","cod_hab":760010379901,"nombre_ips":"E.S.E. HOSPITAL UNIVERSITARIO DEL VALLE EVARISTO GARCIA EMPRESA SOCIAL DEL ESTADO","direccion":"CL 5 # 36 – 08","barrio":"San Fernando Viejo","id_com_cor":"19","comu_corre":"Comuna 19","natu_ips":"Pública","cla_ips":"Instituciones - IPS","cod_capa_reps":1,"nom_capa_reps":"CAMAS","cantidad":81,"serv_capa_reps":"Pediátrica","descrip_capa":"CAMAS - Pediátrica"}},{"type":"Feature","id":"ads_ips_capacidad_reps.fid--215d4958_1a0d9e21907_3fcd","geometry":{"type":"Point","coordinates":[-76.54397166,3.43068933]},"geometry_name":"the_geom","properties":{"consec":253,"gid":3108,"habili":"7600103799","sede":"01","cod_hab":760010379901,"nombre_ips":"E.S.E. HOSPITAL UNIVERSITARIO DEL VALLE EVARISTO GARCIA EMPRESA SOCIAL DEL ESTADO","direccion":"CL 5 # 36 – 08","barrio":"San Fernando Viejo","id_com_cor":"19","comu_corre":"Comuna 19","natu_ips":"Pública","cla_ips":"Instituciones - IPS","cod_capa_reps":2,"nom_capa_reps":"CAMAS","cantidad":188,"serv_capa_reps":"Adultos","descrip_capa":"CAMAS - Adultos"}},{"type":"Feature","id":"ads_ips_capacidad_reps.fid--215d4958_1a0d9e21907_3fce","geometry":{"type":"Point","coordinates":[-76.54397166,3.43068933]},"geometry_name":"the_geom","properties":{"consec":254,"gid":3108,"habili":"7600103799","sede":"01","cod_hab":760010379901,"nombre_ips":"E.S.E. HOSPITAL UNIVERSITARIO DEL VALLE EVARISTO GARCIA EMPRESA SOCIAL DEL ESTADO","direccion":"CL 5 # 36 – 08","barrio":"San Fernando Viejo","id_com_cor":"19","comu_corre":"Comuna 19","natu_ips":"Pública","cla_ips":"Instituciones - IPS","cod_capa_reps":14,"nom_capa_reps":"SALAS","cantidad":2,"serv_capa_reps":"Partos","descrip_capa":"SALAS - Partos"}},{"type":"Feature","id":"ads_ips_capacidad_reps.fid--215d4958_1a0d9e21907_3fcf","geometry":{"type":"Point","coordinates":[-76.54397166,3.43068933]},"geometry_name":"the_geom","properties":{"consec":247,"gid":3108,"habili":"7600103799","sede":"01","cod_hab":760010379901,"nombre_ips":"E.S.E. HOSPITAL UNIVERSITARIO DEL VALLE EVARISTO GARCIA EMPRESA SOCIAL DEL ESTADO","direccion":"CL 5 # 36 – 08","barrio":"San Fernando Viejo","id_com_cor":"19","comu_corre":"Comuna 19","natu_ips":"Pública","cla_ips":"Instituciones - IPS","cod_capa_reps":15,"nom_capa_reps":"AMBULANCIAS","cantidad":1,"serv_capa_reps":"Básica","descrip_capa":"AMBULANCIAS - Básica"}},{"type":"Feature","id":"ads_ips_capacidad_reps.fid--215d4958_1a0d9e21907_3fd0","geometry":{"type":"Point","coordinates":[-76.54397166,3.43068933]},"geometry_name":"the_geom","properties":{"consec":245,"gid":3108,"habili":"7600103799","sede":"01","cod_hab":760010379901,"nombre_ips":"E.S.E. HOSPITAL UNIVERSITARIO DEL VALLE EVARISTO GARCIA EMPRESA SOCIAL DEL ESTADO","direccion":"CL 5 # 36 – 08","barrio":"San Fernando Viejo","id_com_cor":"19","comu_corre":"Comuna 19","natu_ips":"Pública","cla_ips":"Instituciones - IPS","cod_capa_reps":15,"nom_capa_reps":"AMBULANCIAS","cantidad":1,"serv_capa_reps":"Básica","descrip_capa":"AMBULANCIAS - Básica"}},{"type":"Feature","id":"ads_ips_capacidad_reps.fid--215d4958_1a0d9e21907_3fd1","geometry":{"type":"Point","coordinates":[-76.54397166,3.43068933]},"geometry_name":"the_geom","properties":{"consec":246,"gid":3108,"habili":"7600103799","sede":"01","cod_hab":760010379901,"nombre_ips":"E.S.E. HOSPITAL UNIVERSITARIO DEL VALLE EVARISTO GARCIA EMPRESA SOCIAL DEL ESTADO","direccion":"CL 5 # 36 – 08","barrio":"San Fernando Viejo","id_com_cor":"19","comu_corre":"Comuna 19","natu_ips":"Pública","cla_ips":"Instituciones - IPS","cod_capa_reps":15,"nom_capa_reps":"AMBULANCIAS","cantidad":1,"serv_capa_reps":"Básica","descrip_capa":"AMBULANCIAS - Básica"}},{"type":"Feature","id":"ads_ips_capacidad_reps.fid--215d4958_1a0d9e21907_3fd2","geometry":{"type":"Point","coordinates":[-76.54397166,3.43068933]},"geometry_name":"the_geom","properties":{"consec":248,"gid":3108,"habili":"7600103799","sede":"01","cod_hab":760010379901,"nombre_ips":"E.S.E. HOSPITAL UNIVERSITARIO DEL VALLE EVARISTO GARCIA EMPRESA SOCIAL DEL ESTADO","direccion":"CL 5 # 36 – 08","barrio":"San Fernando Viejo","id_com_cor":"19","comu_corre":"Comuna 19","natu_ips":"Pública","cla_ips":"Instituciones - IPS","cod_capa_reps":15,"nom_capa_reps":"AMBULANCIAS","cantidad":1,"serv_capa_reps":"Básica","descrip_capa":"AMBULANCIAS - Básica"}},{"type":"Feature","id":"ads_ips_capacidad_reps.fid--215d4958_1a0d9e21907_3fd3","geometry":{"type":"Point","coordinates":[-76.54397166,3.43068933]},"geometry_name":"the_geom","properties":{"consec":250,"gid":3108,"habili":"7600103799","sede":"01","cod_hab":760010379901,"nombre_ips":"E.S.E. HOSPITAL UNIVERSITARIO DEL VALLE EVARISTO GARCIA EMPRESA SOCIAL DEL ESTADO","direccion":"CL 5 # 36 – 08","barrio":"San Fernando Viejo","id_com_cor":"19","comu_corre":"Comuna 19","natu_ips":"Pública","cla_ips":"Instituciones - IPS","cod_capa_reps":16,"nom_capa_reps":"AMBULANCIAS","cantidad":1,"serv_capa_reps":"Medicalizada","descrip_capa":"AMBULANCIAS - Medicalizada"}},{"type":"Feature","id":"ads_ips_capacidad_reps.fid--215d4958_1a0d9e21907_3fd4","geometry":{"type":"Point","coordinates":[-76.54397166,3.43068933]},"geometry_name":"the_geom","properties":{"consec":251,"gid":3108,"habili":"7600103799","sede":"01","cod_hab":760010379901,"nombre_ips":"E.S.E. HOSPITAL UNIVERSITARIO DEL VALLE EVARISTO GARCIA EMPRESA SOCIAL DEL ESTADO","direccion":"CL 5 # 36 – 08","barrio":"San Fernando Viejo","id_com_cor":"19","comu_corre":"Comuna 19","natu_ips":"Pública","cla_ips":"Instituciones - IPS","cod_capa_reps":16,"nom_capa_reps":"AMBULANCIAS","cantidad":1,"serv_capa_reps":"Medicalizada","descrip_capa":"AMBULANCIAS - Medicalizada"}},{"type":"Feature","id":"ads_ips_capacidad_reps.fid--215d4958_1a0d9e21907_3fd5","geometry":{"type":"Point","coordinates":[-76.54397166,3.43068933]},"geometry_name":"the_geom","properties":{"consec":249,"gid":3108,"habili":"7600103799","sede":"01","cod_hab":760010379901,"nombre_ips":"E.S.E. HOSPITAL UNIVERSITARIO DEL VALLE EVARISTO GARCIA EMPRESA SOCIAL DEL ESTADO","direccion":"CL 5 # 36 – 08","barrio":"San Fernando Viejo","id_com_cor":"19","comu_corre":"Comuna 19","natu_ips":"Pública","cla_ips":"Instituciones - IPS","cod_capa_reps":16,"nom_capa_reps":"AMBULANCIAS","cantidad":1,"serv_capa_reps":"Medicalizada","descrip_capa":"AMBULANCIAS - Medicalizada"}},{"type":"Feature","id":"ads_ips_capacidad_reps.fid--215d4958_1a0d9e21907_3fd6","geometry":{"type":"Point","coordinates":[-76.54397166,3.43068933]},"geometry_name":"the_geom","properties":{"consec":255,"gid":3108,"habili":"7600103799","sede":"01","cod_hab":760010379901,"nombre_ips":"E.S.E. HOSPITAL UNIVERSITARIO DEL VALLE EVARISTO GARCIA EMPRESA SOCIAL DEL ESTADO","direccion":"CL 5 # 36 – 08","barrio":"San Fernando Viejo","id_com_cor":"19","comu_corre":"Comuna 19","natu_ips":"Pública","cla_ips":"Instituciones - IPS","cod_capa_reps":25,"nom_capa_reps":"SALAS","cantidad":17,"serv_capa_reps":"Procedimientos","descrip_capa":"SALAS - Procedimientos"}},{"type":"Feature","id":"ads_ips_capacidad_reps.fid--215d4958_1a0d9e21907_3fd7","geometry":{"type":"Point","coordinates":[-76.54560915,3.42055116]},"geometry_name":"the_geom","properties":{"consec":259,"gid":1495,"habili":"7600103848","sede":"01","cod_hab":760010384801,"nombre_ips":"Felipe Herrera Bedoya","direccion":"KR 42A # 5B – 68","barrio":"Urbanización Tequendama","id_com_cor":"19","comu_corre":"Comuna 19","natu_ips":"Privada","cla_ips":"Profesional Independiente","cod_capa_reps":25,"nom_capa_reps":"SALAS","cantidad":2,"serv_capa_reps":"Procedimientos","descrip_capa":"SALAS - Procedimientos"}},{"type":"Feature","id":"ads_ips_capacidad_reps.fid--215d4958_1a0d9e21907_3fd8","geometry":{"type":"Point","coordinates":[-76.53062519,3.34816383]},"geometry_name":"the_geom","properties":{"consec":262,"gid":39,"habili":"7600103849","sede":"01","cod_hab":760010384901,"nombre_ips":"COOMEVA MEDICINA PREPAGADA S.A - CEM COOMEVA EMERGENCIA MEDICA","direccion":"CL 18 # 118 – 150","barrio":"Parcelaciones Pance","id_com_cor":"22","comu_corre":"Comuna 22","natu_ips":"Privada","cla_ips":"Instituciones - IPS","cod_capa_reps":15,"nom_capa_reps":"AMBULANCIAS","cantidad":1,"serv_capa_reps":"Básica","descrip_capa":"AMBULANCIAS - Básica"}},{"type":"Feature","id":"ads_ips_capacidad_reps.fid--215d4958_1a0d9e21907_3fd9","geometry":{"type":"Point","coordinates":[-76.53062519,3.34816383]},"geometry_name":"the_geom","properties":{"consec":263,"gid":39,"habili":"7600103849","sede":"01","cod_hab":760010384901,"nombre_ips":"COOMEVA MEDICINA PREPAGADA S.A - CEM COOMEVA EMERGENCIA MEDICA","direccion":"CL 18 # 118 – 150","barrio":"Parcelaciones Pance","id_com_cor":"22","comu_corre":"Comuna 22","natu_ips":"Privada","cla_ips":"Instituciones - IPS","cod_capa_reps":15,"nom_capa_reps":"AMBULANCIAS","cantidad":1,"serv_capa_reps":"Básica","descrip_capa":"AMBULANCIAS - Básica"}},{"type":"Feature","id":"ads_ips_capacidad_reps.fid--215d4958_1a0d9e21907_3fda","geometry":{"type":"Point","coordinates":[-76.53062519,3.34816383]},"geometry_name":"the_geom","properties":{"consec":260,"gid":39,"habili":"7600103849","sede":"01","cod_hab":760010384901,"nombre_ips":"COOMEVA MEDICINA PREPAGADA S.A - CEM COOMEVA EMERGENCIA MEDICA","direccion":"CL 18 # 118 – 150","barrio":"Parcelaciones Pance","id_com_cor":"22","comu_corre":"Comuna 22","natu_ips":"Privada","cla_ips":"Instituciones - IPS","cod_capa_reps":15,"nom_capa_reps":"AMBULANCIAS","cantidad":1,"serv_capa_reps":"Básica","descrip_capa":"AMBULANCIAS - Básica"}},{"type":"Feature","id":"ads_ips_capacidad_reps.fid--215d4958_1a0d9e21907_3fdb","geometry":{"type":"Point","coordinates":[-76.53062519,3.34816383]},"geometry_name":"the_geom","properties":{"consec":261,"gid":39,"habili":"7600103849","sede":"01","cod_hab":760010384901,"nombre_ips":"COOMEVA MEDICINA PREPAGADA S.A - CEM COOMEVA EMERGENCIA MEDICA","direccion":"CL 18 # 118 – 150","barrio":"Parcelaciones Pance","id_com_cor":"22","comu_corre":"Comuna 22","natu_ips":"Privada","cla_ips":"Instituciones - IPS","cod_capa_reps":15,"nom_capa_reps":"AMBULANCIAS","cantidad":1,"serv_capa_reps":"Básica","descrip_capa":"AMBULANCIAS - Básica"}},{"type":"Feature","id":"ads_ips_capacidad_reps.fid--215d4958_1a0d9e21907_3fdc","geometry":{"type":"Point","coordinates":[-76.53062519,3.34816383]},"geometry_name":"the_geom","properties":{"consec":266,"gid":39,"habili":"7600103849","sede":"01","cod_hab":760010384901,"nombre_ips":"COOMEVA MEDICINA PREPAGADA S.A - CEM COOMEVA EMERGENCIA MEDICA","direccion":"CL 18 # 118 – 150","barrio":"Parcelaciones Pance","id_com_cor":"22","comu_corre":"Comuna 22","natu_ips":"Privada","cla_ips":"Instituciones - IPS","cod_capa_reps":16,"nom_capa_reps":"AMBULANCIAS","cantidad":1,"serv_capa_reps":"Medicalizada","descrip_capa":"AMBULANCIAS - Medicalizada"}},{"type":"Feature","id":"ads_ips_capacidad_reps.fid--215d4958_1a0d9e21907_3fdd","geometry":{"type":"Point","coordinates":[-76.53062519,3.34816383]},"geometry_name":"the_geom","properties":{"consec":264,"gid":39,"habili":"7600103849","sede":"01","cod_hab":760010384901,"nombre_ips":"COOMEVA MEDICINA PREPAGADA S.A - CEM COOMEVA EMERGENCIA MEDICA","direccion":"CL 18 # 118 – 150","barrio":"Parcelaciones Pance","id_com_cor":"22","comu_corre":"Comuna 22","natu_ips":"Privada","cla_ips":"Instituciones - IPS","cod_capa_reps":16,"nom_capa_reps":"AMBULANCIAS","cantidad":1,"serv_capa_reps":"Medicalizada","descrip_capa":"AMBULANCIAS - Medicalizada"}},{"type":"Feature","id":"ads_ips_capacidad_reps.fid--215d4958_1a0d9e21907_3fde","geometry":{"type":"Point","coordinates":[-76.53062519,3.34816383]},"geometry_name":"the_geom","properties":{"consec":265,"gid":39,"habili":"7600103849","sede":"01","cod_hab":760010384901,"nombre_ips":"COOMEVA MEDICINA PREPAGADA S.A - CEM COOMEVA EMERGENCIA MEDICA","direccion":"CL 18 # 118 – 150","barrio":"Parcelaciones Pance","id_com_cor":"22","comu_corre":"Comuna 22","natu_ips":"Privada","cla_ips":"Instituciones - IPS","cod_capa_reps":16,"nom_capa_reps":"AMBULANCIAS","cantidad":1,"serv_capa_reps":"Medicalizada","descrip_capa":"AMBULANCIAS - Medicalizada"}},{"type":"Feature","id":"ads_ips_capacidad_reps.fid--215d4958_1a0d9e21907_3fdf","geometry":{"type":"Point","coordinates":[-76.53777067,3.43041424]},"geometry_name":"the_geom","properties":{"consec":267,"gid":3087,"habili":"7600103896","sede":"01","cod_hab":760010389601,"nombre_ips":"FRANCISCO EMIRO COBO RAYO","direccion":"KR 30 # 7 – 09","barrio":"El Cedro","id_com_cor":"19","comu_corre":"Comuna 19","natu_ips":"Privada","cla_ips":"Profesional Independiente","cod_capa_reps":25,"nom_capa_reps":"SALAS","cantidad":1,"serv_capa_reps":"Procedimientos","descrip_capa":"SALAS - Procedimientos"}},{"type":"Feature","id":"ads_ips_capacidad_reps.fid--215d4958_1a0d9e21907_3fe0","geometry":{"type":"Point","coordinates":[-76.52854344,3.4633667]},"geometry_name":"the_geom","properties":{"consec":268,"gid":4243,"habili":"7600103931","sede":"01","cod_hab":760010393101,"nombre_ips":"CARLOS ALBERTO BUENO LEMOS","direccion":"AV 5A # 22 NORTE – 69","barrio":"San Vicente","id_com_cor":"02","comu_corre":"Comuna 02","natu_ips":"Privada","cla_ips":"Profesional Independiente","cod_capa_reps":25,"nom_capa_reps":"SALAS","cantidad":1,"serv_capa_reps":"Procedimientos","descrip_capa":"SALAS - Procedimientos"}},{"type":"Feature","id":"ads_ips_capacidad_reps.fid--215d4958_1a0d9e21907_3fe1","geometry":{"type":"Point","coordinates":[-76.55882318,3.38636335]},"geometry_name":"the_geom","properties":{"consec":272,"gid":361,"habili":"7600103954","sede":"01","cod_hab":760010395401,"nombre_ips":"E.S.E. HOSPITAL DEPARTAMENTAL MARIO CORREA RENGIFO","direccion":"KR 78 # 2A OESTE -00","barrio":"Sector Alto de los Chorros","id_com_cor":"18","comu_corre":"Comuna 18","natu_ips":"Pública","cla_ips":"Instituciones - IPS","cod_capa_reps":1,"nom_capa_reps":"CAMAS","cantidad":24,"serv_capa_reps":"Pediátrica","descrip_capa":"CAMAS - Pediátrica"}},{"type":"Feature","id":"ads_ips_capacidad_reps.fid--215d4958_1a0d9e21907_3fe2","geometry":{"type":"Point","coordinates":[-76.55882318,3.38636335]},"geometry_name":"the_geom","properties":{"consec":273,"gid":361,"habili":"7600103954","sede":"01","cod_hab":760010395401,"nombre_ips":"E.S.E. HOSPITAL DEPARTAMENTAL MARIO CORREA RENGIFO","direccion":"KR 78 # 2A OESTE -00","barrio":"Sector Alto de los Chorros","id_com_cor":"18","comu_corre":"Comuna 18","natu_ips":"Pública","cla_ips":"Instituciones - IPS","cod_capa_reps":2,"nom_capa_reps":"CAMAS","cantidad":54,"serv_capa_reps":"Adultos","descrip_capa":"CAMAS - Adultos"}},{"type":"Feature","id":"ads_ips_capacidad_reps.fid--215d4958_1a0d9e21907_3fe3","geometry":{"type":"Point","coordinates":[-76.55882318,3.38636335]},"geometry_name":"the_geom","properties":{"consec":269,"gid":361,"habili":"7600103954","sede":"01","cod_hab":760010395401,"nombre_ips":"E.S.E. HOSPITAL DEPARTAMENTAL MARIO CORREA RENGIFO","direccion":"KR 78 # 2A OESTE -00","barrio":"Sector Alto de los Chorros","id_com_cor":"18","comu_corre":"Comuna 18","natu_ips":"Pública","cla_ips":"Instituciones - IPS","cod_capa_reps":15,"nom_capa_reps":"AMBULANCIAS","cantidad":1,"serv_capa_reps":"Básica","descrip_capa":"AMBULANCIAS - Básica"}},{"type":"Feature","id":"ads_ips_capacidad_reps.fid--215d4958_1a0d9e21907_3fe4","geometry":{"type":"Point","coordinates":[-76.55882318,3.38636335]},"geometry_name":"the_geom","properties":{"consec":271,"gid":361,"habili":"7600103954","sede":"01","cod_hab":760010395401,"nombre_ips":"E.S.E. HOSPITAL DEPARTAMENTAL MARIO CORREA RENGIFO","direccion":"KR 78 # 2A OESTE -00","barrio":"Sector Alto de los Chorros","id_com_cor":"18","comu_corre":"Comuna 18","natu_ips":"Pública","cla_ips":"Instituciones - IPS","cod_capa_reps":16,"nom_capa_reps":"AMBULANCIAS","cantidad":1,"serv_capa_reps":"Medicalizada","descrip_capa":"AMBULANCIAS - Medicalizada"}},{"type":"Feature","id":"ads_ips_capacidad_reps.fid--215d4958_1a0d9e21907_3fe5","geometry":{"type":"Point","coordinates":[-76.55882318,3.38636335]},"geometry_name":"the_geom","properties":{"consec":270,"gid":361,"habili":"7600103954","sede":"01","cod_hab":760010395401,"nombre_ips":"E.S.E. HOSPITAL DEPARTAMENTAL MARIO CORREA RENGIFO","direccion":"KR 78 # 2A OESTE -00","barrio":"Sector Alto de los Chorros","id_com_cor":"18","comu_corre":"Comuna 18","natu_ips":"Pública","cla_ips":"Instituciones - IPS","cod_capa_reps":16,"nom_capa_reps":"AMBULANCIAS","cantidad":1,"serv_capa_reps":"Medicalizada","descrip_capa":"AMBULANCIAS - Medicalizada"}},{"type":"Feature","id":"ads_ips_capacidad_reps.fid--215d4958_1a0d9e21907_3fe6","geometry":{"type":"Point","coordinates":[-76.55882318,3.38636335]},"geometry_name":"the_geom","properties":{"consec":274,"gid":361,"habili":"7600103954","sede":"01","cod_hab":760010395401,"nombre_ips":"E.S.E. HOSPITAL DEPARTAMENTAL MARIO CORREA RENGIFO","direccion":"KR 78 # 2A OESTE -00","barrio":"Sector Alto de los Chorros","id_com_cor":"18","comu_corre":"Comuna 18","natu_ips":"Pública","cla_ips":"Instituciones - IPS","cod_capa_reps":25,"nom_capa_reps":"SALAS","cantidad":4,"serv_capa_reps":"Procedimientos","descrip_capa":"SALAS - Procedimientos"}},{"type":"Feature","id":"ads_ips_capacidad_reps.fid--215d4958_1a0d9e21907_3fe7","geometry":{"type":"Point","coordinates":[-76.48052388,3.46660549]},"geometry_name":"the_geom","properties":{"consec":275,"gid":4403,"habili":"7600103956","sede":"01","cod_hab":760010395601,"nombre_ips":"E.S.E. RED DE SALUD DEL NORTE EMPRESA SOCIAL DEL ESTADO HOSPITAL JOAQUIN PAZ BORRERO","direccion":"KR 7A BIS # 72 – 00","barrio":"Alfonso Lopez I","id_com_cor":"07","comu_corre":"Comuna 07","natu_ips":"Pública","cla_ips":"Instituciones - IPS","cod_capa_reps":1,"nom_capa_reps":"CAMAS","cantidad":8,"serv_capa_reps":"Pediátrica","descrip_capa":"CAMAS - Pediátrica"}},{"type":"Feature","id":"ads_ips_capacidad_reps.fid--215d4958_1a0d9e21907_3fe8","geometry":{"type":"Point","coordinates":[-76.48052388,3.46660549]},"geometry_name":"the_geom","properties":{"consec":276,"gid":4403,"habili":"7600103956","sede":"01","cod_hab":760010395601,"nombre_ips":"E.S.E. RED DE SALUD DEL NORTE EMPRESA SOCIAL DEL ESTADO HOSPITAL JOAQUIN PAZ BORRERO","direccion":"KR 7A BIS # 72 – 00","barrio":"Alfonso Lopez I","id_com_cor":"07","comu_corre":"Comuna 07","natu_ips":"Pública","cla_ips":"Instituciones - IPS","cod_capa_reps":2,"nom_capa_reps":"CAMAS","cantidad":14,"serv_capa_reps":"Adultos","descrip_capa":"CAMAS - Adultos"}},{"type":"Feature","id":"ads_ips_capacidad_reps.fid--215d4958_1a0d9e21907_3fe9","geometry":{"type":"Point","coordinates":[-76.48052388,3.46660549]},"geometry_name":"the_geom","properties":{"consec":277,"gid":4403,"habili":"7600103956","sede":"01","cod_hab":760010395601,"nombre_ips":"E.S.E. RED DE SALUD DEL NORTE EMPRESA SOCIAL DEL ESTADO HOSPITAL JOAQUIN PAZ BORRERO","direccion":"KR 7A BIS # 72 – 00","barrio":"Alfonso Lopez I","id_com_cor":"07","comu_corre":"Comuna 07","natu_ips":"Pública","cla_ips":"Instituciones - IPS","cod_capa_reps":14,"nom_capa_reps":"SALAS","cantidad":1,"serv_capa_reps":"Partos","descrip_capa":"SALAS - Partos"}},{"type":"Feature","id":"ads_ips_capacidad_reps.fid--215d4958_1a0d9e21907_3fea","geometry":{"type":"Point","coordinates":[-76.48052388,3.46660549]},"geometry_name":"the_geom","properties":{"consec":278,"gid":4403,"habili":"7600103956","sede":"01","cod_hab":760010395601,"nombre_ips":"E.S.E. RED DE SALUD DEL NORTE EMPRESA SOCIAL DEL ESTADO HOSPITAL JOAQUIN PAZ BORRERO","direccion":"KR 7A BIS # 72 – 00","barrio":"Alfonso Lopez I","id_com_cor":"07","comu_corre":"Comuna 07","natu_ips":"Pública","cla_ips":"Instituciones - IPS","cod_capa_reps":25,"nom_capa_reps":"SALAS","cantidad":3,"serv_capa_reps":"Procedimientos","descrip_capa":"SALAS - Procedimientos"}},{"type":"Feature","id":"ads_ips_capacidad_reps.fid--215d4958_1a0d9e21907_3feb","geometry":{"type":"Point","coordinates":[-76.47983471,3.44844706]},"geometry_name":"the_geom","properties":{"consec":279,"gid":3585,"habili":"7600103956","sede":"02","cod_hab":760010395602,"nombre_ips":"CENTRO DE SALUD PUERTO MALLARINO","direccion":"KR 9A # 76 – 35","barrio":"Puerto Mallarino","id_com_cor":"07","comu_corre":"Comuna 07","natu_ips":"Pública","cla_ips":"Instituciones - IPS","cod_capa_reps":25,"nom_capa_reps":"SALAS","cantidad":1,"serv_capa_reps":"Procedimientos","descrip_capa":"SALAS - Procedimientos"}},{"type":"Feature","id":"ads_ips_capacidad_reps.fid--215d4958_1a0d9e21907_3fec","geometry":{"type":"Point","coordinates":[-76.48109913,3.45600107]},"geometry_name":"the_geom","properties":{"consec":280,"gid":3849,"habili":"7600103956","sede":"03","cod_hab":760010395603,"nombre_ips":"PUESTO DE SALUD ALFONSO LOPEZ III","direccion":"CL 74 # 7M BIS – 00","barrio":"Alfonso Lopez III","id_com_cor":"07","comu_corre":"Comuna 07","natu_ips":"Pública","cla_ips":"Instituciones - IPS","cod_capa_reps":25,"nom_capa_reps":"SALAS","cantidad":1,"serv_capa_reps":"Procedimientos","descrip_capa":"SALAS - Procedimientos"}},{"type":"Feature","id":"ads_ips_capacidad_reps.fid--215d4958_1a0d9e21907_3fed","geometry":{"type":"Point","coordinates":[-76.48634263,3.44844742]},"geometry_name":"the_geom","properties":{"consec":281,"gid":3586,"habili":"7600103956","sede":"04","cod_hab":760010395604,"nombre_ips":"PUESTO DE SALUD 7 DE AGOSTO","direccion":"KR 11B # 72 – 00","barrio":"Siete de Agosto","id_com_cor":"07","comu_corre":"Comuna 07","natu_ips":"Pública","cla_ips":"Instituciones - IPS","cod_capa_reps":25,"nom_capa_reps":"SALAS","cantidad":1,"serv_capa_reps":"Procedimientos","descrip_capa":"SALAS - Procedimientos"}},{"type":"Feature","id":"ads_ips_capacidad_reps.fid--215d4958_1a0d9e21907_3fee","geometry":{"type":"Point","coordinates":[-76.48779899,3.4608247]},"geometry_name":"the_geom","properties":{"consec":282,"gid":4092,"habili":"7600103956","sede":"05","cod_hab":760010395605,"nombre_ips":"PUESTO DE SALUD LAS CEIBAS","direccion":"CL 65 # 7D BIS – 00","barrio":"San Marino","id_com_cor":"07","comu_corre":"Comuna 07","natu_ips":"Pública","cla_ips":"Instituciones - IPS","cod_capa_reps":25,"nom_capa_reps":"SALAS","cantidad":1,"serv_capa_reps":"Procedimientos","descrip_capa":"SALAS - Procedimientos"}},{"type":"Feature","id":"ads_ips_capacidad_reps.fid--215d4958_1a0d9e21907_3fef","geometry":{"type":"Point","coordinates":[-76.53027001,3.48356434]},"geometry_name":"the_geom","properties":{"consec":283,"gid":4706,"habili":"7600103956","sede":"07","cod_hab":760010395607,"nombre_ips":"PUESTO DE SALUD LA CAMPIÑA","direccion":"AV 9 # 47 NORTE - 00","barrio":"El Bosque","id_com_cor":"02","comu_corre":"Comuna 02","natu_ips":"Pública","cla_ips":"Instituciones - IPS","cod_capa_reps":25,"nom_capa_reps":"SALAS","cantidad":1,"serv_capa_reps":"Procedimientos","descrip_capa":"SALAS - Procedimientos"}},{"type":"Feature","id":"ads_ips_capacidad_reps.fid--215d4958_1a0d9e21907_3ff0","geometry":{"type":"Point","coordinates":[-76.5019344,3.4847343]},"geometry_name":"the_geom","properties":{"consec":285,"gid":4714,"habili":"7600103956","sede":"09","cod_hab":760010395609,"nombre_ips":"PUESTO DE SALUD CALIMA","direccion":"KR 6 NORTE # 67 – 00","barrio":"Calima","id_com_cor":"04","comu_corre":"Comuna 04","natu_ips":"Pública","cla_ips":"Instituciones - IPS","cod_capa_reps":25,"nom_capa_reps":"SALAS","cantidad":1,"serv_capa_reps":"Procedimientos","descrip_capa":"SALAS - Procedimientos"}},{"type":"Feature","id":"ads_ips_capacidad_reps.fid--215d4958_1a0d9e21907_3ff1","geometry":{"type":"Point","coordinates":[-76.51598082,3.47056876]},"geometry_name":"the_geom","properties":{"consec":286,"gid":4494,"habili":"7600103956","sede":"11","cod_hab":760010395611,"nombre_ips":"PUESTO DE SALUD LA ISLA","direccion":"CL 38B # 8 NORTE – 40","barrio":"La Isla","id_com_cor":"04","comu_corre":"Comuna 04","natu_ips":"Pública","cla_ips":"Instituciones - IPS","cod_capa_reps":25,"nom_capa_reps":"SALAS","cantidad":1,"serv_capa_reps":"Procedimientos","descrip_capa":"SALAS - Procedimientos"}},{"type":"Feature","id":"ads_ips_capacidad_reps.fid--215d4958_1a0d9e21907_3ff2","geometry":{"type":"Point","coordinates":[-76.4964,3.4837708]},"geometry_name":"the_geom","properties":{"consec":287,"gid":4707,"habili":"7600103956","sede":"12","cod_hab":760010395612,"nombre_ips":"CENTRO DE SALUD LA RIVERA","direccion":"KR 1AG # 65 – 35","barrio":"Villa del Sol","id_com_cor":"05","comu_corre":"Comuna 05","natu_ips":"Pública","cla_ips":"Instituciones - IPS","cod_capa_reps":25,"nom_capa_reps":"SALAS","cantidad":2,"serv_capa_reps":"Procedimientos","descrip_capa":"SALAS - Procedimientos"}},{"type":"Feature","id":"ads_ips_capacidad_reps.fid--215d4958_1a0d9e21907_3ff3","geometry":{"type":"Point","coordinates":[-76.48872504,3.48953689]},"geometry_name":"the_geom","properties":{"consec":288,"gid":4746,"habili":"7600103956","sede":"15","cod_hab":760010395615,"nombre_ips":"CENTRO DE SALUD SAN LUIS II","direccion":"CL 72C # 1A2 – 61","barrio":"San Luis II","id_com_cor":"06","comu_corre":"Comuna 06","natu_ips":"Pública","cla_ips":"Instituciones - IPS","cod_capa_reps":25,"nom_capa_reps":"SALAS","cantidad":1,"serv_capa_reps":"Procedimientos","descrip_capa":"SALAS - Procedimientos"}},{"type":"Feature","id":"ads_ips_capacidad_reps.fid--215d4958_1a0d9e21907_3ff4","geometry":{"type":"Point","coordinates":[-76.482916,3.47968444]},"geometry_name":"the_geom","properties":{"consec":289,"gid":4654,"habili":"7600103956","sede":"17","cod_hab":760010395617,"nombre_ips":"PUESTO DE SALUD PETECUY II","direccion":"CL 74 # 1C - 00","barrio":"Petecuy II","id_com_cor":"06","comu_corre":"Comuna 06","natu_ips":"Pública","cla_ips":"Instituciones - IPS","cod_capa_reps":25,"nom_capa_reps":"SALAS","cantidad":1,"serv_capa_reps":"Procedimientos","descrip_capa":"SALAS - Procedimientos"}},{"type":"Feature","id":"ads_ips_capacidad_reps.fid--215d4958_1a0d9e21907_3ff5","geometry":{"type":"Point","coordinates":[-76.49280976,3.420508]},"geometry_name":"the_geom","properties":{"consec":291,"gid":1489,"habili":"7600103957","sede":"01","cod_hab":760010395701,"nombre_ips":"E.S.E. RED DE SALUD DEL ORIENTE EMPRESA SOCIAL DEL ESTADO HOSPITAL CARLOS HOLMES TRUJILLO","direccion":"CL 72U # 28E -00","barrio":"El Poblado II","id_com_cor":"13","comu_corre":"Comuna 13","natu_ips":"Pública","cla_ips":"Instituciones - IPS","cod_capa_reps":1,"nom_capa_reps":"CAMAS","cantidad":11,"serv_capa_reps":"Pediátrica","descrip_capa":"CAMAS - Pediátrica"}},{"type":"Feature","id":"ads_ips_capacidad_reps.fid--215d4958_1a0d9e21907_3ff6","geometry":{"type":"Point","coordinates":[-76.49280976,3.420508]},"geometry_name":"the_geom","properties":{"consec":292,"gid":1489,"habili":"7600103957","sede":"01","cod_hab":760010395701,"nombre_ips":"E.S.E. RED DE SALUD DEL ORIENTE EMPRESA SOCIAL DEL ESTADO HOSPITAL CARLOS HOLMES TRUJILLO","direccion":"CL 72U # 28E -00","barrio":"El Poblado II","id_com_cor":"13","comu_corre":"Comuna 13","natu_ips":"Pública","cla_ips":"Instituciones - IPS","cod_capa_reps":2,"nom_capa_reps":"CAMAS","cantidad":20,"serv_capa_reps":"Adultos","descrip_capa":"CAMAS - Adultos"}},{"type":"Feature","id":"ads_ips_capacidad_reps.fid--215d4958_1a0d9e21907_3ff7","geometry":{"type":"Point","coordinates":[-76.49280976,3.420508]},"geometry_name":"the_geom","properties":{"consec":293,"gid":1489,"habili":"7600103957","sede":"01","cod_hab":760010395701,"nombre_ips":"E.S.E. RED DE SALUD DEL ORIENTE EMPRESA SOCIAL DEL ESTADO HOSPITAL CARLOS HOLMES TRUJILLO","direccion":"CL 72U # 28E -00","barrio":"El Poblado II","id_com_cor":"13","comu_corre":"Comuna 13","natu_ips":"Pública","cla_ips":"Instituciones - IPS","cod_capa_reps":14,"nom_capa_reps":"SALAS","cantidad":2,"serv_capa_reps":"Partos","descrip_capa":"SALAS - Partos"}},{"type":"Feature","id":"ads_ips_capacidad_reps.fid--215d4958_1a0d9e21907_3ff8","geometry":{"type":"Point","coordinates":[-76.49280976,3.420508]},"geometry_name":"the_geom","properties":{"consec":290,"gid":1489,"habili":"7600103957","sede":"01","cod_hab":760010395701,"nombre_ips":"E.S.E. RED DE SALUD DEL ORIENTE EMPRESA SOCIAL DEL ESTADO HOSPITAL CARLOS HOLMES TRUJILLO","direccion":"CL 72U # 28E -00","barrio":"El Poblado II","id_com_cor":"13","comu_corre":"Comuna 13","natu_ips":"Pública","cla_ips":"Instituciones - IPS","cod_capa_reps":15,"nom_capa_reps":"AMBULANCIAS","cantidad":1,"serv_capa_reps":"Básica","descrip_capa":"AMBULANCIAS - Básica"}},{"type":"Feature","id":"ads_ips_capacidad_reps.fid--215d4958_1a0d9e21907_3ff9","geometry":{"type":"Point","coordinates":[-76.49280976,3.420508]},"geometry_name":"the_geom","properties":{"consec":294,"gid":1489,"habili":"7600103957","sede":"01","cod_hab":760010395701,"nombre_ips":"E.S.E. RED DE SALUD DEL ORIENTE EMPRESA SOCIAL DEL ESTADO HOSPITAL CARLOS HOLMES TRUJILLO","direccion":"CL 72U # 28E -00","barrio":"El Poblado II","id_com_cor":"13","comu_corre":"Comuna 13","natu_ips":"Pública","cla_ips":"Instituciones - IPS","cod_capa_reps":25,"nom_capa_reps":"SALAS","cantidad":1,"serv_capa_reps":"Procedimientos","descrip_capa":"SALAS - Procedimientos"}},{"type":"Feature","id":"ads_ips_capacidad_reps.fid--215d4958_1a0d9e21907_3ffa","geometry":{"type":"Point","coordinates":[-76.46350332,3.42351232]},"geometry_name":"the_geom","properties":{"consec":295,"gid":2256,"habili":"7600103957","sede":"18","cod_hab":760010395718,"nombre_ips":"CENTRO DE SALUD DECEPAZ","direccion":"KR 26 # 123 - 10","barrio":"Desepaz Invicali","id_com_cor":"21","comu_corre":"Comuna 21","natu_ips":"Pública","cla_ips":"Instituciones - IPS","cod_capa_reps":25,"nom_capa_reps":"SALAS","cantidad":1,"serv_capa_reps":"Procedimientos","descrip_capa":"SALAS - Procedimientos"}},{"type":"Feature","id":"ads_ips_capacidad_reps.fid--215d4958_1a0d9e21907_3ffb","geometry":{"type":"Point","coordinates":[-76.51033781,3.44332943]},"geometry_name":"the_geom","properties":{"consec":296,"gid":3442,"habili":"7600103958","sede":"01","cod_hab":760010395801,"nombre_ips":"E.S.E. RED DE SALUD DEL CENTRO EMPRESA SOCIAL DEL ESTADO HOSPITAL PRIMITIVO IGLESIAS","direccion":"KR 16A # 33D - 20","barrio":"La Floresta","id_com_cor":"08","comu_corre":"Comuna 08","natu_ips":"Pública","cla_ips":"Instituciones - IPS","cod_capa_reps":1,"nom_capa_reps":"CAMAS","cantidad":8,"serv_capa_reps":"Pediátrica","descrip_capa":"CAMAS - Pediátrica"}},{"type":"Feature","id":"ads_ips_capacidad_reps.fid--215d4958_1a0d9e21907_3ffc","geometry":{"type":"Point","coordinates":[-76.51033781,3.44332943]},"geometry_name":"the_geom","properties":{"consec":297,"gid":3442,"habili":"7600103958","sede":"01","cod_hab":760010395801,"nombre_ips":"E.S.E. RED DE SALUD DEL CENTRO EMPRESA SOCIAL DEL ESTADO HOSPITAL PRIMITIVO IGLESIAS","direccion":"KR 16A # 33D - 20","barrio":"La Floresta","id_com_cor":"08","comu_corre":"Comuna 08","natu_ips":"Pública","cla_ips":"Instituciones - IPS","cod_capa_reps":2,"nom_capa_reps":"CAMAS","cantidad":8,"serv_capa_reps":"Adultos","descrip_capa":"CAMAS - Adultos"}},{"type":"Feature","id":"ads_ips_capacidad_reps.fid--215d4958_1a0d9e21907_3ffd","geometry":{"type":"Point","coordinates":[-76.51033781,3.44332943]},"geometry_name":"the_geom","properties":{"consec":298,"gid":3442,"habili":"7600103958","sede":"01","cod_hab":760010395801,"nombre_ips":"E.S.E. RED DE SALUD DEL CENTRO EMPRESA SOCIAL DEL ESTADO HOSPITAL PRIMITIVO IGLESIAS","direccion":"KR 16A # 33D - 20","barrio":"La Floresta","id_com_cor":"08","comu_corre":"Comuna 08","natu_ips":"Pública","cla_ips":"Instituciones - IPS","cod_capa_reps":14,"nom_capa_reps":"SALAS","cantidad":1,"serv_capa_reps":"Partos","descrip_capa":"SALAS - Partos"}},{"type":"Feature","id":"ads_ips_capacidad_reps.fid--215d4958_1a0d9e21907_3ffe","geometry":{"type":"Point","coordinates":[-76.51033781,3.44332943]},"geometry_name":"the_geom","properties":{"consec":299,"gid":3442,"habili":"7600103958","sede":"01","cod_hab":760010395801,"nombre_ips":"E.S.E. RED DE SALUD DEL CENTRO EMPRESA SOCIAL DEL ESTADO HOSPITAL PRIMITIVO IGLESIAS","direccion":"KR 16A # 33D - 20","barrio":"La Floresta","id_com_cor":"08","comu_corre":"Comuna 08","natu_ips":"Pública","cla_ips":"Instituciones - IPS","cod_capa_reps":25,"nom_capa_reps":"SALAS","cantidad":1,"serv_capa_reps":"Procedimientos","descrip_capa":"SALAS - Procedimientos"}},{"type":"Feature","id":"ads_ips_capacidad_reps.fid--215d4958_1a0d9e21907_3fff","geometry":{"type":"Point","coordinates":[-76.50072903,3.44622049]},"geometry_name":"the_geom","properties":{"consec":300,"gid":3513,"habili":"7600103958","sede":"02","cod_hab":760010395802,"nombre_ips":"CENTRO DE SALUD DIEGO LALINDE","direccion":"KR 12E # 50 - 18","barrio":"Villa Colombia","id_com_cor":"08","comu_corre":"Comuna 08","natu_ips":"Pública","cla_ips":"Instituciones - IPS","cod_capa_reps":25,"nom_capa_reps":"SALAS","cantidad":1,"serv_capa_reps":"Procedimientos","descrip_capa":"SALAS - Procedimientos"}},{"type":"Feature","id":"ads_ips_capacidad_reps.fid--215d4958_1a0d9e21907_4000","geometry":{"type":"Point","coordinates":[-76.50357011,3.43475141]},"geometry_name":"the_geom","properties":{"consec":301,"gid":3266,"habili":"7600103958","sede":"07","cod_hab":760010395807,"nombre_ips":"CENTRO DE SALUD EL RODEO","direccion":"CL 39 # 25B - 21","barrio":"El Rodeo","id_com_cor":"12","comu_corre":"Comuna 12","natu_ips":"Pública","cla_ips":"Instituciones - IPS","cod_capa_reps":25,"nom_capa_reps":"SALAS","cantidad":1,"serv_capa_reps":"Procedimientos","descrip_capa":"SALAS - Procedimientos"}},{"type":"Feature","id":"ads_ips_capacidad_reps.fid--215d4958_1a0d9e21907_4001","geometry":{"type":"Point","coordinates":[-76.51240163,3.42846727]},"geometry_name":"the_geom","properties":{"consec":321,"gid":3027,"habili":"7600103958","sede":"10","cod_hab":760010395810,"nombre_ips":"CENTRO DE SALUD LUIS H. GARCES","direccion":"KR 29 # 31A - 39","barrio":"Prados de Oriente","id_com_cor":"11","comu_corre":"Comuna 11","natu_ips":"Pública","cla_ips":"Instituciones - IPS","cod_capa_reps":15,"nom_capa_reps":"AMBULANCIAS","cantidad":1,"serv_capa_reps":"Básica","descrip_capa":"AMBULANCIAS - Básica"}},{"type":"Feature","id":"ads_ips_capacidad_reps.fid--215d4958_1a0d9e21907_4002","geometry":{"type":"Point","coordinates":[-76.51240163,3.42846727]},"geometry_name":"the_geom","properties":{"consec":302,"gid":3027,"habili":"7600103958","sede":"10","cod_hab":760010395810,"nombre_ips":"CENTRO DE SALUD LUIS H. GARCES","direccion":"KR 29 # 31A - 39","barrio":"Prados de Oriente","id_com_cor":"11","comu_corre":"Comuna 11","natu_ips":"Pública","cla_ips":"Instituciones - IPS","cod_capa_reps":15,"nom_capa_reps":"AMBULANCIAS","cantidad":1,"serv_capa_reps":"Básica","descrip_capa":"AMBULANCIAS - Básica"}},{"type":"Feature","id":"ads_ips_capacidad_reps.fid--215d4958_1a0d9e21907_4003","geometry":{"type":"Point","coordinates":[-76.51240163,3.42846727]},"geometry_name":"the_geom","properties":{"consec":303,"gid":3027,"habili":"7600103958","sede":"10","cod_hab":760010395810,"nombre_ips":"CENTRO DE SALUD LUIS H. GARCES","direccion":"KR 29 # 31A - 39","barrio":"Prados de Oriente","id_com_cor":"11","comu_corre":"Comuna 11","natu_ips":"Pública","cla_ips":"Instituciones - IPS","cod_capa_reps":15,"nom_capa_reps":"AMBULANCIAS","cantidad":1,"serv_capa_reps":"Básica","descrip_capa":"AMBULANCIAS - Básica"}},{"type":"Feature","id":"ads_ips_capacidad_reps.fid--215d4958_1a0d9e21907_4004","geometry":{"type":"Point","coordinates":[-76.51240163,3.42846727]},"geometry_name":"the_geom","properties":{"consec":304,"gid":3027,"habili":"7600103958","sede":"10","cod_hab":760010395810,"nombre_ips":"CENTRO DE SALUD LUIS H. GARCES","direccion":"KR 29 # 31A - 39","barrio":"Prados de Oriente","id_com_cor":"11","comu_corre":"Comuna 11","natu_ips":"Pública","cla_ips":"Instituciones - IPS","cod_capa_reps":15,"nom_capa_reps":"AMBULANCIAS","cantidad":1,"serv_capa_reps":"Básica","descrip_capa":"AMBULANCIAS - Básica"}},{"type":"Feature","id":"ads_ips_capacidad_reps.fid--215d4958_1a0d9e21907_4005","geometry":{"type":"Point","coordinates":[-76.51240163,3.42846727]},"geometry_name":"the_geom","properties":{"consec":305,"gid":3027,"habili":"7600103958","sede":"10","cod_hab":760010395810,"nombre_ips":"CENTRO DE SALUD LUIS H. GARCES","direccion":"KR 29 # 31A - 39","barrio":"Prados de Oriente","id_com_cor":"11","comu_corre":"Comuna 11","natu_ips":"Pública","cla_ips":"Instituciones - IPS","cod_capa_reps":15,"nom_capa_reps":"AMBULANCIAS","cantidad":1,"serv_capa_reps":"Básica","descrip_capa":"AMBULANCIAS - Básica"}},{"type":"Feature","id":"ads_ips_capacidad_reps.fid--215d4958_1a0d9e21907_4006","geometry":{"type":"Point","coordinates":[-76.51240163,3.42846727]},"geometry_name":"the_geom","properties":{"consec":306,"gid":3027,"habili":"7600103958","sede":"10","cod_hab":760010395810,"nombre_ips":"CENTRO DE SALUD LUIS H. GARCES","direccion":"KR 29 # 31A - 39","barrio":"Prados de Oriente","id_com_cor":"11","comu_corre":"Comuna 11","natu_ips":"Pública","cla_ips":"Instituciones - IPS","cod_capa_reps":15,"nom_capa_reps":"AMBULANCIAS","cantidad":1,"serv_capa_reps":"Básica","descrip_capa":"AMBULANCIAS - Básica"}},{"type":"Feature","id":"ads_ips_capacidad_reps.fid--215d4958_1a0d9e21907_4007","geometry":{"type":"Point","coordinates":[-76.51240163,3.42846727]},"geometry_name":"the_geom","properties":{"consec":307,"gid":3027,"habili":"7600103958","sede":"10","cod_hab":760010395810,"nombre_ips":"CENTRO DE SALUD LUIS H. GARCES","direccion":"KR 29 # 31A - 39","barrio":"Prados de Oriente","id_com_cor":"11","comu_corre":"Comuna 11","natu_ips":"Pública","cla_ips":"Instituciones - IPS","cod_capa_reps":15,"nom_capa_reps":"AMBULANCIAS","cantidad":1,"serv_capa_reps":"Básica","descrip_capa":"AMBULANCIAS - Básica"}},{"type":"Feature","id":"ads_ips_capacidad_reps.fid--215d4958_1a0d9e21907_4008","geometry":{"type":"Point","coordinates":[-76.51240163,3.42846727]},"geometry_name":"the_geom","properties":{"consec":308,"gid":3027,"habili":"7600103958","sede":"10","cod_hab":760010395810,"nombre_ips":"CENTRO DE SALUD LUIS H. GARCES","direccion":"KR 29 # 31A - 39","barrio":"Prados de Oriente","id_com_cor":"11","comu_corre":"Comuna 11","natu_ips":"Pública","cla_ips":"Instituciones - IPS","cod_capa_reps":15,"nom_capa_reps":"AMBULANCIAS","cantidad":1,"serv_capa_reps":"Básica","descrip_capa":"AMBULANCIAS - Básica"}},{"type":"Feature","id":"ads_ips_capacidad_reps.fid--215d4958_1a0d9e21907_4009","geometry":{"type":"Point","coordinates":[-76.51240163,3.42846727]},"geometry_name":"the_geom","properties":{"consec":309,"gid":3027,"habili":"7600103958","sede":"10","cod_hab":760010395810,"nombre_ips":"CENTRO DE SALUD LUIS H. GARCES","direccion":"KR 29 # 31A - 39","barrio":"Prados de Oriente","id_com_cor":"11","comu_corre":"Comuna 11","natu_ips":"Pública","cla_ips":"Instituciones - IPS","cod_capa_reps":15,"nom_capa_reps":"AMBULANCIAS","cantidad":1,"serv_capa_reps":"Básica","descrip_capa":"AMBULANCIAS - Básica"}},{"type":"Feature","id":"ads_ips_capacidad_reps.fid--215d4958_1a0d9e21907_400a","geometry":{"type":"Point","coordinates":[-76.51240163,3.42846727]},"geometry_name":"the_geom","properties":{"consec":310,"gid":3027,"habili":"7600103958","sede":"10","cod_hab":760010395810,"nombre_ips":"CENTRO DE SALUD LUIS H. GARCES","direccion":"KR 29 # 31A - 39","barrio":"Prados de Oriente","id_com_cor":"11","comu_corre":"Comuna 11","natu_ips":"Pública","cla_ips":"Instituciones - IPS","cod_capa_reps":15,"nom_capa_reps":"AMBULANCIAS","cantidad":1,"serv_capa_reps":"Básica","descrip_capa":"AMBULANCIAS - Básica"}},{"type":"Feature","id":"ads_ips_capacidad_reps.fid--215d4958_1a0d9e21907_400b","geometry":{"type":"Point","coordinates":[-76.51240163,3.42846727]},"geometry_name":"the_geom","properties":{"consec":311,"gid":3027,"habili":"7600103958","sede":"10","cod_hab":760010395810,"nombre_ips":"CENTRO DE SALUD LUIS H. GARCES","direccion":"KR 29 # 31A - 39","barrio":"Prados de Oriente","id_com_cor":"11","comu_corre":"Comuna 11","natu_ips":"Pública","cla_ips":"Instituciones - IPS","cod_capa_reps":15,"nom_capa_reps":"AMBULANCIAS","cantidad":1,"serv_capa_reps":"Básica","descrip_capa":"AMBULANCIAS - Básica"}},{"type":"Feature","id":"ads_ips_capacidad_reps.fid--215d4958_1a0d9e21907_400c","geometry":{"type":"Point","coordinates":[-76.51240163,3.42846727]},"geometry_name":"the_geom","properties":{"consec":312,"gid":3027,"habili":"7600103958","sede":"10","cod_hab":760010395810,"nombre_ips":"CENTRO DE SALUD LUIS H. GARCES","direccion":"KR 29 # 31A - 39","barrio":"Prados de Oriente","id_com_cor":"11","comu_corre":"Comuna 11","natu_ips":"Pública","cla_ips":"Instituciones - IPS","cod_capa_reps":15,"nom_capa_reps":"AMBULANCIAS","cantidad":1,"serv_capa_reps":"Básica","descrip_capa":"AMBULANCIAS - Básica"}},{"type":"Feature","id":"ads_ips_capacidad_reps.fid--215d4958_1a0d9e21907_400d","geometry":{"type":"Point","coordinates":[-76.51240163,3.42846727]},"geometry_name":"the_geom","properties":{"consec":313,"gid":3027,"habili":"7600103958","sede":"10","cod_hab":760010395810,"nombre_ips":"CENTRO DE SALUD LUIS H. GARCES","direccion":"KR 29 # 31A - 39","barrio":"Prados de Oriente","id_com_cor":"11","comu_corre":"Comuna 11","natu_ips":"Pública","cla_ips":"Instituciones - IPS","cod_capa_reps":15,"nom_capa_reps":"AMBULANCIAS","cantidad":1,"serv_capa_reps":"Básica","descrip_capa":"AMBULANCIAS - Básica"}},{"type":"Feature","id":"ads_ips_capacidad_reps.fid--215d4958_1a0d9e21907_400e","geometry":{"type":"Point","coordinates":[-76.51240163,3.42846727]},"geometry_name":"the_geom","properties":{"consec":314,"gid":3027,"habili":"7600103958","sede":"10","cod_hab":760010395810,"nombre_ips":"CENTRO DE SALUD LUIS H. GARCES","direccion":"KR 29 # 31A - 39","barrio":"Prados de Oriente","id_com_cor":"11","comu_corre":"Comuna 11","natu_ips":"Pública","cla_ips":"Instituciones - IPS","cod_capa_reps":15,"nom_capa_reps":"AMBULANCIAS","cantidad":1,"serv_capa_reps":"Básica","descrip_capa":"AMBULANCIAS - Básica"}},{"type":"Feature","id":"ads_ips_capacidad_reps.fid--215d4958_1a0d9e21907_400f","geometry":{"type":"Point","coordinates":[-76.51240163,3.42846727]},"geometry_name":"the_geom","properties":{"consec":315,"gid":3027,"habili":"7600103958","sede":"10","cod_hab":760010395810,"nombre_ips":"CENTRO DE SALUD LUIS H. GARCES","direccion":"KR 29 # 31A - 39","barrio":"Prados de Oriente","id_com_cor":"11","comu_corre":"Comuna 11","natu_ips":"Pública","cla_ips":"Instituciones - IPS","cod_capa_reps":15,"nom_capa_reps":"AMBULANCIAS","cantidad":1,"serv_capa_reps":"Básica","descrip_capa":"AMBULANCIAS - Básica"}},{"type":"Feature","id":"ads_ips_capacidad_reps.fid--215d4958_1a0d9e21907_4010","geometry":{"type":"Point","coordinates":[-76.51240163,3.42846727]},"geometry_name":"the_geom","properties":{"consec":316,"gid":3027,"habili":"7600103958","sede":"10","cod_hab":760010395810,"nombre_ips":"CENTRO DE SALUD LUIS H. GARCES","direccion":"KR 29 # 31A - 39","barrio":"Prados de Oriente","id_com_cor":"11","comu_corre":"Comuna 11","natu_ips":"Pública","cla_ips":"Instituciones - IPS","cod_capa_reps":15,"nom_capa_reps":"AMBULANCIAS","cantidad":1,"serv_capa_reps":"Básica","descrip_capa":"AMBULANCIAS - Básica"}},{"type":"Feature","id":"ads_ips_capacidad_reps.fid--215d4958_1a0d9e21907_4011","geometry":{"type":"Point","coordinates":[-76.51240163,3.42846727]},"geometry_name":"the_geom","properties":{"consec":317,"gid":3027,"habili":"7600103958","sede":"10","cod_hab":760010395810,"nombre_ips":"CENTRO DE SALUD LUIS H. GARCES","direccion":"KR 29 # 31A - 39","barrio":"Prados de Oriente","id_com_cor":"11","comu_corre":"Comuna 11","natu_ips":"Pública","cla_ips":"Instituciones - IPS","cod_capa_reps":15,"nom_capa_reps":"AMBULANCIAS","cantidad":1,"serv_capa_reps":"Básica","descrip_capa":"AMBULANCIAS - Básica"}},{"type":"Feature","id":"ads_ips_capacidad_reps.fid--215d4958_1a0d9e21907_4012","geometry":{"type":"Point","coordinates":[-76.51240163,3.42846727]},"geometry_name":"the_geom","properties":{"consec":318,"gid":3027,"habili":"7600103958","sede":"10","cod_hab":760010395810,"nombre_ips":"CENTRO DE SALUD LUIS H. GARCES","direccion":"KR 29 # 31A - 39","barrio":"Prados de Oriente","id_com_cor":"11","comu_corre":"Comuna 11","natu_ips":"Pública","cla_ips":"Instituciones - IPS","cod_capa_reps":15,"nom_capa_reps":"AMBULANCIAS","cantidad":1,"serv_capa_reps":"Básica","descrip_capa":"AMBULANCIAS - Básica"}},{"type":"Feature","id":"ads_ips_capacidad_reps.fid--215d4958_1a0d9e21907_4013","geometry":{"type":"Point","coordinates":[-76.51240163,3.42846727]},"geometry_name":"the_geom","properties":{"consec":319,"gid":3027,"habili":"7600103958","sede":"10","cod_hab":760010395810,"nombre_ips":"CENTRO DE SALUD LUIS H. GARCES","direccion":"KR 29 # 31A - 39","barrio":"Prados de Oriente","id_com_cor":"11","comu_corre":"Comuna 11","natu_ips":"Pública","cla_ips":"Instituciones - IPS","cod_capa_reps":15,"nom_capa_reps":"AMBULANCIAS","cantidad":1,"serv_capa_reps":"Básica","descrip_capa":"AMBULANCIAS - Básica"}},{"type":"Feature","id":"ads_ips_capacidad_reps.fid--215d4958_1a0d9e21907_4014","geometry":{"type":"Point","coordinates":[-76.51240163,3.42846727]},"geometry_name":"the_geom","properties":{"consec":320,"gid":3027,"habili":"7600103958","sede":"10","cod_hab":760010395810,"nombre_ips":"CENTRO DE SALUD LUIS H. GARCES","direccion":"KR 29 # 31A - 39","barrio":"Prados de Oriente","id_com_cor":"11","comu_corre":"Comuna 11","natu_ips":"Pública","cla_ips":"Instituciones - IPS","cod_capa_reps":15,"nom_capa_reps":"AMBULANCIAS","cantidad":1,"serv_capa_reps":"Básica","descrip_capa":"AMBULANCIAS - Básica"}},{"type":"Feature","id":"ads_ips_capacidad_reps.fid--215d4958_1a0d9e21907_4015","geometry":{"type":"Point","coordinates":[-76.51240163,3.42846727]},"geometry_name":"the_geom","properties":{"consec":322,"gid":3027,"habili":"7600103958","sede":"10","cod_hab":760010395810,"nombre_ips":"CENTRO DE SALUD LUIS H. GARCES","direccion":"KR 29 # 31A - 39","barrio":"Prados de Oriente","id_com_cor":"11","comu_corre":"Comuna 11","natu_ips":"Pública","cla_ips":"Instituciones - IPS","cod_capa_reps":15,"nom_capa_reps":"AMBULANCIAS","cantidad":1,"serv_capa_reps":"Básica","descrip_capa":"AMBULANCIAS - Básica"}},{"type":"Feature","id":"ads_ips_capacidad_reps.fid--215d4958_1a0d9e21907_4016","geometry":{"type":"Point","coordinates":[-76.51240163,3.42846727]},"geometry_name":"the_geom","properties":{"consec":323,"gid":3027,"habili":"7600103958","sede":"10","cod_hab":760010395810,"nombre_ips":"CENTRO DE SALUD LUIS H. GARCES","direccion":"KR 29 # 31A - 39","barrio":"Prados de Oriente","id_com_cor":"11","comu_corre":"Comuna 11","natu_ips":"Pública","cla_ips":"Instituciones - IPS","cod_capa_reps":15,"nom_capa_reps":"AMBULANCIAS","cantidad":1,"serv_capa_reps":"Básica","descrip_capa":"AMBULANCIAS - Básica"}},{"type":"Feature","id":"ads_ips_capacidad_reps.fid--215d4958_1a0d9e21907_4017","geometry":{"type":"Point","coordinates":[-76.51240163,3.42846727]},"geometry_name":"the_geom","properties":{"consec":324,"gid":3027,"habili":"7600103958","sede":"10","cod_hab":760010395810,"nombre_ips":"CENTRO DE SALUD LUIS H. GARCES","direccion":"KR 29 # 31A - 39","barrio":"Prados de Oriente","id_com_cor":"11","comu_corre":"Comuna 11","natu_ips":"Pública","cla_ips":"Instituciones - IPS","cod_capa_reps":15,"nom_capa_reps":"AMBULANCIAS","cantidad":1,"serv_capa_reps":"Básica","descrip_capa":"AMBULANCIAS - Básica"}},{"type":"Feature","id":"ads_ips_capacidad_reps.fid--215d4958_1a0d9e21907_4018","geometry":{"type":"Point","coordinates":[-76.51240163,3.42846727]},"geometry_name":"the_geom","properties":{"consec":325,"gid":3027,"habili":"7600103958","sede":"10","cod_hab":760010395810,"nombre_ips":"CENTRO DE SALUD LUIS H. GARCES","direccion":"KR 29 # 31A - 39","barrio":"Prados de Oriente","id_com_cor":"11","comu_corre":"Comuna 11","natu_ips":"Pública","cla_ips":"Instituciones - IPS","cod_capa_reps":15,"nom_capa_reps":"AMBULANCIAS","cantidad":1,"serv_capa_reps":"Básica","descrip_capa":"AMBULANCIAS - Básica"}},{"type":"Feature","id":"ads_ips_capacidad_reps.fid--215d4958_1a0d9e21907_4019","geometry":{"type":"Point","coordinates":[-76.51240163,3.42846727]},"geometry_name":"the_geom","properties":{"consec":326,"gid":3027,"habili":"7600103958","sede":"10","cod_hab":760010395810,"nombre_ips":"CENTRO DE SALUD LUIS H. GARCES","direccion":"KR 29 # 31A - 39","barrio":"Prados de Oriente","id_com_cor":"11","comu_corre":"Comuna 11","natu_ips":"Pública","cla_ips":"Instituciones - IPS","cod_capa_reps":15,"nom_capa_reps":"AMBULANCIAS","cantidad":1,"serv_capa_reps":"Básica","descrip_capa":"AMBULANCIAS - Básica"}},{"type":"Feature","id":"ads_ips_capacidad_reps.fid--215d4958_1a0d9e21907_401a","geometry":{"type":"Point","coordinates":[-76.51240163,3.42846727]},"geometry_name":"the_geom","properties":{"consec":327,"gid":3027,"habili":"7600103958","sede":"10","cod_hab":760010395810,"nombre_ips":"CENTRO DE SALUD LUIS H. GARCES","direccion":"KR 29 # 31A - 39","barrio":"Prados de Oriente","id_com_cor":"11","comu_corre":"Comuna 11","natu_ips":"Pública","cla_ips":"Instituciones - IPS","cod_capa_reps":16,"nom_capa_reps":"AMBULANCIAS","cantidad":1,"serv_capa_reps":"Medicalizada","descrip_capa":"AMBULANCIAS - Medicalizada"}},{"type":"Feature","id":"ads_ips_capacidad_reps.fid--215d4958_1a0d9e21907_401b","geometry":{"type":"Point","coordinates":[-76.51240163,3.42846727]},"geometry_name":"the_geom","properties":{"consec":332,"gid":3027,"habili":"7600103958","sede":"10","cod_hab":760010395810,"nombre_ips":"CENTRO DE SALUD LUIS H. GARCES","direccion":"KR 29 # 31A - 39","barrio":"Prados de Oriente","id_com_cor":"11","comu_corre":"Comuna 11","natu_ips":"Pública","cla_ips":"Instituciones - IPS","cod_capa_reps":16,"nom_capa_reps":"AMBULANCIAS","cantidad":1,"serv_capa_reps":"Medicalizada","descrip_capa":"AMBULANCIAS - Medicalizada"}},{"type":"Feature","id":"ads_ips_capacidad_reps.fid--215d4958_1a0d9e21907_401c","geometry":{"type":"Point","coordinates":[-76.51240163,3.42846727]},"geometry_name":"the_geom","properties":{"consec":331,"gid":3027,"habili":"7600103958","sede":"10","cod_hab":760010395810,"nombre_ips":"CENTRO DE SALUD LUIS H. GARCES","direccion":"KR 29 # 31A - 39","barrio":"Prados de Oriente","id_com_cor":"11","comu_corre":"Comuna 11","natu_ips":"Pública","cla_ips":"Instituciones - IPS","cod_capa_reps":16,"nom_capa_reps":"AMBULANCIAS","cantidad":1,"serv_capa_reps":"Medicalizada","descrip_capa":"AMBULANCIAS - Medicalizada"}},{"type":"Feature","id":"ads_ips_capacidad_reps.fid--215d4958_1a0d9e21907_401d","geometry":{"type":"Point","coordinates":[-76.51240163,3.42846727]},"geometry_name":"the_geom","properties":{"consec":330,"gid":3027,"habili":"7600103958","sede":"10","cod_hab":760010395810,"nombre_ips":"CENTRO DE SALUD LUIS H. GARCES","direccion":"KR 29 # 31A - 39","barrio":"Prados de Oriente","id_com_cor":"11","comu_corre":"Comuna 11","natu_ips":"Pública","cla_ips":"Instituciones - IPS","cod_capa_reps":16,"nom_capa_reps":"AMBULANCIAS","cantidad":1,"serv_capa_reps":"Medicalizada","descrip_capa":"AMBULANCIAS - Medicalizada"}},{"type":"Feature","id":"ads_ips_capacidad_reps.fid--215d4958_1a0d9e21907_401e","geometry":{"type":"Point","coordinates":[-76.51240163,3.42846727]},"geometry_name":"the_geom","properties":{"consec":329,"gid":3027,"habili":"7600103958","sede":"10","cod_hab":760010395810,"nombre_ips":"CENTRO DE SALUD LUIS H. GARCES","direccion":"KR 29 # 31A - 39","barrio":"Prados de Oriente","id_com_cor":"11","comu_corre":"Comuna 11","natu_ips":"Pública","cla_ips":"Instituciones - IPS","cod_capa_reps":16,"nom_capa_reps":"AMBULANCIAS","cantidad":1,"serv_capa_reps":"Medicalizada","descrip_capa":"AMBULANCIAS - Medicalizada"}},{"type":"Feature","id":"ads_ips_capacidad_reps.fid--215d4958_1a0d9e21907_401f","geometry":{"type":"Point","coordinates":[-76.51240163,3.42846727]},"geometry_name":"the_geom","properties":{"consec":328,"gid":3027,"habili":"7600103958","sede":"10","cod_hab":760010395810,"nombre_ips":"CENTRO DE SALUD LUIS H. GARCES","direccion":"KR 29 # 31A - 39","barrio":"Prados de Oriente","id_com_cor":"11","comu_corre":"Comuna 11","natu_ips":"Pública","cla_ips":"Instituciones - IPS","cod_capa_reps":16,"nom_capa_reps":"AMBULANCIAS","cantidad":1,"serv_capa_reps":"Medicalizada","descrip_capa":"AMBULANCIAS - Medicalizada"}},{"type":"Feature","id":"ads_ips_capacidad_reps.fid--215d4958_1a0d9e21907_4020","geometry":{"type":"Point","coordinates":[-76.51240163,3.42846727]},"geometry_name":"the_geom","properties":{"consec":333,"gid":3027,"habili":"7600103958","sede":"10","cod_hab":760010395810,"nombre_ips":"CENTRO DE SALUD LUIS H. GARCES","direccion":"KR 29 # 31A - 39","barrio":"Prados de Oriente","id_com_cor":"11","comu_corre":"Comuna 11","natu_ips":"Pública","cla_ips":"Instituciones - IPS","cod_capa_reps":25,"nom_capa_reps":"SALAS","cantidad":2,"serv_capa_reps":"Procedimientos","descrip_capa":"SALAS - Procedimientos"}},{"type":"Feature","id":"ads_ips_capacidad_reps.fid--215d4958_1a0d9e21907_4021","geometry":{"type":"Point","coordinates":[-76.54309532,3.44521469]},"geometry_name":"the_geom","properties":{"consec":334,"gid":3490,"habili":"7600103959","sede":"01","cod_hab":760010395901,"nombre_ips":"E.S.E. RED DE SALUD DE LADERA EMPRESA SOCIAL DEL ESTADO HOSPITAL CAÑAVERALEJO","direccion":"CL 3 OESTE # 12A - 20","barrio":"San Antonio","id_com_cor":"03","comu_corre":"Comuna 03","natu_ips":"Pública","cla_ips":"Instituciones - IPS","cod_capa_reps":25,"nom_capa_reps":"SALAS","cantidad":1,"serv_capa_reps":"Procedimientos","descrip_capa":"SALAS - Procedimientos"}},{"type":"Feature","id":"ads_ips_capacidad_reps.fid--215d4958_1a0d9e21907_4022","geometry":{"type":"Point","coordinates":[-76.55410875,3.41772446]},"geometry_name":"the_geom","properties":{"consec":335,"gid":1182,"habili":"7600103959","sede":"06","cod_hab":760010395906,"nombre_ips":"CENTRO DE SALUD SILOE","direccion":"CL 1 # 50 - 51","barrio":"El Lido","id_com_cor":"19","comu_corre":"Comuna 19","natu_ips":"Pública","cla_ips":"Instituciones - IPS","cod_capa_reps":1,"nom_capa_reps":"CAMAS","cantidad":6,"serv_capa_reps":"Pediátrica","descrip_capa":"CAMAS - Pediátrica"}},{"type":"Feature","id":"ads_ips_capacidad_reps.fid--215d4958_1a0d9e21907_4023","geometry":{"type":"Point","coordinates":[-76.55410875,3.41772446]},"geometry_name":"the_geom","properties":{"consec":336,"gid":1182,"habili":"7600103959","sede":"06","cod_hab":760010395906,"nombre_ips":"CENTRO DE SALUD SILOE","direccion":"CL 1 # 50 - 51","barrio":"El Lido","id_com_cor":"19","comu_corre":"Comuna 19","natu_ips":"Pública","cla_ips":"Instituciones - IPS","cod_capa_reps":2,"nom_capa_reps":"CAMAS","cantidad":15,"serv_capa_reps":"Adultos","descrip_capa":"CAMAS - Adultos"}},{"type":"Feature","id":"ads_ips_capacidad_reps.fid--215d4958_1a0d9e21907_4024","geometry":{"type":"Point","coordinates":[-76.55410875,3.41772446]},"geometry_name":"the_geom","properties":{"consec":337,"gid":1182,"habili":"7600103959","sede":"06","cod_hab":760010395906,"nombre_ips":"CENTRO DE SALUD SILOE","direccion":"CL 1 # 50 - 51","barrio":"El Lido","id_com_cor":"19","comu_corre":"Comuna 19","natu_ips":"Pública","cla_ips":"Instituciones - IPS","cod_capa_reps":14,"nom_capa_reps":"SALAS","cantidad":2,"serv_capa_reps":"Partos","descrip_capa":"SALAS - Partos"}},{"type":"Feature","id":"ads_ips_capacidad_reps.fid--215d4958_1a0d9e21907_4025","geometry":{"type":"Point","coordinates":[-76.55410875,3.41772446]},"geometry_name":"the_geom","properties":{"consec":338,"gid":1182,"habili":"7600103959","sede":"06","cod_hab":760010395906,"nombre_ips":"CENTRO DE SALUD SILOE","direccion":"CL 1 # 50 - 51","barrio":"El Lido","id_com_cor":"19","comu_corre":"Comuna 19","natu_ips":"Pública","cla_ips":"Instituciones - IPS","cod_capa_reps":25,"nom_capa_reps":"SALAS","cantidad":1,"serv_capa_reps":"Procedimientos","descrip_capa":"SALAS - Procedimientos"}},{"type":"Feature","id":"ads_ips_capacidad_reps.fid--215d4958_1a0d9e21907_4026","geometry":{"type":"Point","coordinates":[-76.54128714,3.42017305]},"geometry_name":"the_geom","properties":{"consec":339,"gid":1445,"habili":"7600104014","sede":"07","cod_hab":760010401407,"nombre_ips":"ASOCIACION PROBIENESTAR DE LA FAMILIA COLOMBIANA PROFAMILIA - CAMBULOS","direccion":"CL 7 # 41 - 34","barrio":"Los Cámbulos","id_com_cor":"19","comu_corre":"Comuna 19","natu_ips":"Privada","cla_ips":"Instituciones - IPS","cod_capa_reps":25,"nom_capa_reps":"SALAS","cantidad":2,"serv_capa_reps":"Procedimientos","descrip_capa":"SALAS - Procedimientos"}},{"type":"Feature","id":"ads_ips_capacidad_reps.fid--215d4958_1a0d9e21907_4027","geometry":{"type":"Point","coordinates":[-76.53861294,3.42742405]},"geometry_name":"the_geom","properties":{"consec":340,"gid":2903,"habili":"7600104064","sede":"27","cod_hab":760010406427,"nombre_ips":"CLINICA REY DAVID","direccion":"KR 34 # 7 - 00","barrio":"Eucaristico","id_com_cor":"19","comu_corre":"Comuna 19","natu_ips":"Privada","cla_ips":"Instituciones - IPS","cod_capa_reps":1,"nom_capa_reps":"CAMAS","cantidad":2,"serv_capa_reps":"Pediátrica","descrip_capa":"CAMAS - Pediátrica"}},{"type":"Feature","id":"ads_ips_capacidad_reps.fid--215d4958_1a0d9e21907_4028","geometry":{"type":"Point","coordinates":[-76.53861294,3.42742405]},"geometry_name":"the_geom","properties":{"consec":341,"gid":2903,"habili":"7600104064","sede":"27","cod_hab":760010406427,"nombre_ips":"CLINICA REY DAVID","direccion":"KR 34 # 7 - 00","barrio":"Eucaristico","id_com_cor":"19","comu_corre":"Comuna 19","natu_ips":"Privada","cla_ips":"Instituciones - IPS","cod_capa_reps":2,"nom_capa_reps":"CAMAS","cantidad":118,"serv_capa_reps":"Adultos","descrip_capa":"CAMAS - Adultos"}},{"type":"Feature","id":"ads_ips_capacidad_reps.fid--215d4958_1a0d9e21907_4029","geometry":{"type":"Point","coordinates":[-76.53861294,3.42742405]},"geometry_name":"the_geom","properties":{"consec":342,"gid":2903,"habili":"7600104064","sede":"27","cod_hab":760010406427,"nombre_ips":"CLINICA REY DAVID","direccion":"KR 34 # 7 - 00","barrio":"Eucaristico","id_com_cor":"19","comu_corre":"Comuna 19","natu_ips":"Privada","cla_ips":"Instituciones - IPS","cod_capa_reps":14,"nom_capa_reps":"SALAS","cantidad":1,"serv_capa_reps":"Partos","descrip_capa":"SALAS - Partos"}},{"type":"Feature","id":"ads_ips_capacidad_reps.fid--215d4958_1a0d9e21907_402a","geometry":{"type":"Point","coordinates":[-76.53861294,3.42742405]},"geometry_name":"the_geom","properties":{"consec":343,"gid":2903,"habili":"7600104064","sede":"27","cod_hab":760010406427,"nombre_ips":"CLINICA REY DAVID","direccion":"KR 34 # 7 - 00","barrio":"Eucaristico","id_com_cor":"19","comu_corre":"Comuna 19","natu_ips":"Privada","cla_ips":"Instituciones - IPS","cod_capa_reps":25,"nom_capa_reps":"SALAS","cantidad":1,"serv_capa_reps":"Procedimientos","descrip_capa":"SALAS - Procedimientos"}},{"type":"Feature","id":"ads_ips_capacidad_reps.fid--215d4958_1a0d9e21907_402b","geometry":{"type":"Point","coordinates":[-76.52297662,3.46334764]},"geometry_name":"the_geom","properties":{"consec":344,"gid":4230,"habili":"7600104091","sede":"01","cod_hab":760010409101,"nombre_ips":"MARCO EMILIO OCAMPO RESTREPO","direccion":"AV 2C # 24 NORTE - 120","barrio":"San Vicente","id_com_cor":"02","comu_corre":"Comuna 02","natu_ips":"Privada","cla_ips":"Profesional Independiente","cod_capa_reps":25,"nom_capa_reps":"SALAS","cantidad":1,"serv_capa_reps":"Procedimientos","descrip_capa":"SALAS - Procedimientos"}},{"type":"Feature","id":"ads_ips_capacidad_reps.fid--215d4958_1a0d9e21907_402c","geometry":{"type":"Point","coordinates":[-76.53253575,3.41420101]},"geometry_name":"the_geom","properties":{"consec":345,"gid":990,"habili":"7600104261","sede":"01","cod_hab":760010426101,"nombre_ips":"WILLIAM JARAMILLO GALLEGO","direccion":"CL 13 # 44 - 25","barrio":"Santo Domingo","id_com_cor":"10","comu_corre":"Comuna 10","natu_ips":"Privada","cla_ips":"Profesional Independiente","cod_capa_reps":25,"nom_capa_reps":"SALAS","cantidad":1,"serv_capa_reps":"Procedimientos","descrip_capa":"SALAS - Procedimientos"}},{"type":"Feature","id":"ads_ips_capacidad_reps.fid--215d4958_1a0d9e21907_402d","geometry":{"type":"Point","coordinates":[-76.53966243,3.41035196]},"geometry_name":"the_geom","properties":{"consec":346,"gid":767,"habili":"7600104327","sede":"01","cod_hab":760010432701,"nombre_ips":"JESUS ALBERTO VALENCIA VALDERRUTEN","direccion":"CL 9C # 50 -25","barrio":"Camino Real - Los Fundadores","id_com_cor":"19","comu_corre":"Comuna 19","natu_ips":"Privada","cla_ips":"Profesional Independiente","cod_capa_reps":25,"nom_capa_reps":"SALAS","cantidad":1,"serv_capa_reps":"Procedimientos","descrip_capa":"SALAS - Procedimientos"}},{"type":"Feature","id":"ads_ips_capacidad_reps.fid--215d4958_1a0d9e21907_402e","geometry":{"type":"Point","coordinates":[-76.53722992,3.45452292]},"geometry_name":"the_geom","properties":{"consec":347,"gid":3836,"habili":"7600104336","sede":"01","cod_hab":760010433601,"nombre_ips":"CLINICA COLSANITAS S.A SEBASTIAN DEL BELALCAZAR","direccion":"AV 4 # 7 NORTE - 81","barrio":"Juanambú","id_com_cor":"02","comu_corre":"Comuna 02","natu_ips":"Privada","cla_ips":"Instituciones - IPS","cod_capa_reps":1,"nom_capa_reps":"CAMAS","cantidad":4,"serv_capa_reps":"Pediátrica","descrip_capa":"CAMAS - Pediátrica"}},{"type":"Feature","id":"ads_ips_capacidad_reps.fid--215d4958_1a0d9e21907_402f","geometry":{"type":"Point","coordinates":[-76.53722992,3.45452292]},"geometry_name":"the_geom","properties":{"consec":348,"gid":3836,"habili":"7600104336","sede":"01","cod_hab":760010433601,"nombre_ips":"CLINICA COLSANITAS S.A SEBASTIAN DEL BELALCAZAR","direccion":"AV 4 # 7 NORTE - 81","barrio":"Juanambú","id_com_cor":"02","comu_corre":"Comuna 02","natu_ips":"Privada","cla_ips":"Instituciones - IPS","cod_capa_reps":2,"nom_capa_reps":"CAMAS","cantidad":50,"serv_capa_reps":"Adultos","descrip_capa":"CAMAS - Adultos"}},{"type":"Feature","id":"ads_ips_capacidad_reps.fid--215d4958_1a0d9e21907_4030","geometry":{"type":"Point","coordinates":[-76.53722992,3.45452292]},"geometry_name":"the_geom","properties":{"consec":349,"gid":3836,"habili":"7600104336","sede":"01","cod_hab":760010433601,"nombre_ips":"CLINICA COLSANITAS S.A SEBASTIAN DEL BELALCAZAR","direccion":"AV 4 # 7 NORTE - 81","barrio":"Juanambú","id_com_cor":"02","comu_corre":"Comuna 02","natu_ips":"Privada","cla_ips":"Instituciones - IPS","cod_capa_reps":25,"nom_capa_reps":"SALAS","cantidad":1,"serv_capa_reps":"Procedimientos","descrip_capa":"SALAS - Procedimientos"}},{"type":"Feature","id":"ads_ips_capacidad_reps.fid--215d4958_1a0d9e21907_4031","geometry":{"type":"Point","coordinates":[-76.52572885,3.46126558]},"geometry_name":"the_geom","properties":{"consec":350,"gid":4098,"habili":"7600104484","sede":"01","cod_hab":760010448401,"nombre_ips":"ANGEL DIAGNOSTICA S.A. SEDE 10","direccion":"AV 2 # 22 NORTE - 19","barrio":"San Vicente","id_com_cor":"02","comu_corre":"Comuna 02","natu_ips":"Privada","cla_ips":"Instituciones - IPS","cod_capa_reps":25,"nom_capa_reps":"SALAS","cantidad":1,"serv_capa_reps":"Procedimientos","descrip_capa":"SALAS - Procedimientos"}},{"type":"Feature","id":"ads_ips_capacidad_reps.fid--215d4958_1a0d9e21907_4032","geometry":{"type":"Point","coordinates":[-76.54498135,3.41827404]},"geometry_name":"the_geom","properties":{"consec":351,"gid":1215,"habili":"7600104484","sede":"02","cod_hab":760010448402,"nombre_ips":"ANGEL DIAGNOSTICA S.A. SEDE 12","direccion":"KR 44 # 5C - 92","barrio":"Urbanización Tequendama","id_com_cor":"19","comu_corre":"Comuna 19","natu_ips":"Privada","cla_ips":"Instituciones - IPS","cod_capa_reps":25,"nom_capa_reps":"SALAS","cantidad":1,"serv_capa_reps":"Procedimientos","descrip_capa":"SALAS - Procedimientos"}},{"type":"Feature","id":"ads_ips_capacidad_reps.fid--215d4958_1a0d9e21907_4033","geometry":{"type":"Point","coordinates":[-76.53733935,3.45447229]},"geometry_name":"the_geom","properties":{"consec":352,"gid":3817,"habili":"7600104563","sede":"01","cod_hab":760010456301,"nombre_ips":"Luis Felipe Reyes Henao","direccion":"AV 4 # 7 NORTE - 53","barrio":"Juanambú","id_com_cor":"02","comu_corre":"Comuna 02","natu_ips":"Privada","cla_ips":"Profesional Independiente","cod_capa_reps":25,"nom_capa_reps":"SALAS","cantidad":1,"serv_capa_reps":"Procedimientos","descrip_capa":"SALAS - Procedimientos"}},{"type":"Feature","id":"ads_ips_capacidad_reps.fid--215d4958_1a0d9e21907_4034","geometry":{"type":"Point","coordinates":[-76.53516001,3.36452768]},"geometry_name":"the_geom","properties":{"consec":353,"gid":58,"habili":"7600104578","sede":"01","cod_hab":760010457801,"nombre_ips":"RUBEN DARIO ARCINIEGAS MARTINEZ","direccion":"KR 105 # 14 - 125","barrio":"Urbanización Ciudad Jardín","id_com_cor":"22","comu_corre":"Comuna 22","natu_ips":"Privada","cla_ips":"Profesional Independiente","cod_capa_reps":25,"nom_capa_reps":"SALAS","cantidad":2,"serv_capa_reps":"Procedimientos","descrip_capa":"SALAS - Procedimientos"}},{"type":"Feature","id":"ads_ips_capacidad_reps.fid--215d4958_1a0d9e21907_4035","geometry":{"type":"Point","coordinates":[-76.53715499,3.436324]},"geometry_name":"the_geom","properties":{"consec":367,"gid":3334,"habili":"7600104650","sede":"01","cod_hab":760010465001,"nombre_ips":"BENEMERITO CUERPO DE BOMBEROS VOLUNTARIOS DE CALI VALLE","direccion":"KR 24 # 7 - 22","barrio":"El Cedro","id_com_cor":"19","comu_corre":"Comuna 19","natu_ips":"Privada","cla_ips":"Transporte Especial de Pacientes","cod_capa_reps":15,"nom_capa_reps":"AMBULANCIAS","cantidad":1,"serv_capa_reps":"Básica","descrip_capa":"AMBULANCIAS - Básica"}},{"type":"Feature","id":"ads_ips_capacidad_reps.fid--215d4958_1a0d9e21907_4036","geometry":{"type":"Point","coordinates":[-76.53715499,3.436324]},"geometry_name":"the_geom","properties":{"consec":354,"gid":3334,"habili":"7600104650","sede":"01","cod_hab":760010465001,"nombre_ips":"BENEMERITO CUERPO DE BOMBEROS VOLUNTARIOS DE CALI VALLE","direccion":"KR 24 # 7 - 22","barrio":"El Cedro","id_com_cor":"19","comu_corre":"Comuna 19","natu_ips":"Privada","cla_ips":"Transporte Especial de Pacientes","cod_capa_reps":15,"nom_capa_reps":"AMBULANCIAS","cantidad":1,"serv_capa_reps":"Básica","descrip_capa":"AMBULANCIAS - Básica"}},{"type":"Feature","id":"ads_ips_capacidad_reps.fid--215d4958_1a0d9e21907_4037","geometry":{"type":"Point","coordinates":[-76.53715499,3.436324]},"geometry_name":"the_geom","properties":{"consec":355,"gid":3334,"habili":"7600104650","sede":"01","cod_hab":760010465001,"nombre_ips":"BENEMERITO CUERPO DE BOMBEROS VOLUNTARIOS DE CALI VALLE","direccion":"KR 24 # 7 - 22","barrio":"El Cedro","id_com_cor":"19","comu_corre":"Comuna 19","natu_ips":"Privada","cla_ips":"Transporte Especial de Pacientes","cod_capa_reps":15,"nom_capa_reps":"AMBULANCIAS","cantidad":1,"serv_capa_reps":"Básica","descrip_capa":"AMBULANCIAS - Básica"}},{"type":"Feature","id":"ads_ips_capacidad_reps.fid--215d4958_1a0d9e21907_4038","geometry":{"type":"Point","coordinates":[-76.53715499,3.436324]},"geometry_name":"the_geom","properties":{"consec":356,"gid":3334,"habili":"7600104650","sede":"01","cod_hab":760010465001,"nombre_ips":"BENEMERITO CUERPO DE BOMBEROS VOLUNTARIOS DE CALI VALLE","direccion":"KR 24 # 7 - 22","barrio":"El Cedro","id_com_cor":"19","comu_corre":"Comuna 19","natu_ips":"Privada","cla_ips":"Transporte Especial de Pacientes","cod_capa_reps":15,"nom_capa_reps":"AMBULANCIAS","cantidad":1,"serv_capa_reps":"Básica","descrip_capa":"AMBULANCIAS - Básica"}},{"type":"Feature","id":"ads_ips_capacidad_reps.fid--215d4958_1a0d9e21907_4039","geometry":{"type":"Point","coordinates":[-76.53715499,3.436324]},"geometry_name":"the_geom","properties":{"consec":357,"gid":3334,"habili":"7600104650","sede":"01","cod_hab":760010465001,"nombre_ips":"BENEMERITO CUERPO DE BOMBEROS VOLUNTARIOS DE CALI VALLE","direccion":"KR 24 # 7 - 22","barrio":"El Cedro","id_com_cor":"19","comu_corre":"Comuna 19","natu_ips":"Privada","cla_ips":"Transporte Especial de Pacientes","cod_capa_reps":15,"nom_capa_reps":"AMBULANCIAS","cantidad":1,"serv_capa_reps":"Básica","descrip_capa":"AMBULANCIAS - Básica"}},{"type":"Feature","id":"ads_ips_capacidad_reps.fid--215d4958_1a0d9e21907_403a","geometry":{"type":"Point","coordinates":[-76.53715499,3.436324]},"geometry_name":"the_geom","properties":{"consec":358,"gid":3334,"habili":"7600104650","sede":"01","cod_hab":760010465001,"nombre_ips":"BENEMERITO CUERPO DE BOMBEROS VOLUNTARIOS DE CALI VALLE","direccion":"KR 24 # 7 - 22","barrio":"El Cedro","id_com_cor":"19","comu_corre":"Comuna 19","natu_ips":"Privada","cla_ips":"Transporte Especial de Pacientes","cod_capa_reps":15,"nom_capa_reps":"AMBULANCIAS","cantidad":1,"serv_capa_reps":"Básica","descrip_capa":"AMBULANCIAS - Básica"}},{"type":"Feature","id":"ads_ips_capacidad_reps.fid--215d4958_1a0d9e21907_403b","geometry":{"type":"Point","coordinates":[-76.53715499,3.436324]},"geometry_name":"the_geom","properties":{"consec":359,"gid":3334,"habili":"7600104650","sede":"01","cod_hab":760010465001,"nombre_ips":"BENEMERITO CUERPO DE BOMBEROS VOLUNTARIOS DE CALI VALLE","direccion":"KR 24 # 7 - 22","barrio":"El Cedro","id_com_cor":"19","comu_corre":"Comuna 19","natu_ips":"Privada","cla_ips":"Transporte Especial de Pacientes","cod_capa_reps":15,"nom_capa_reps":"AMBULANCIAS","cantidad":1,"serv_capa_reps":"Básica","descrip_capa":"AMBULANCIAS - Básica"}},{"type":"Feature","id":"ads_ips_capacidad_reps.fid--215d4958_1a0d9e21907_403c","geometry":{"type":"Point","coordinates":[-76.53715499,3.436324]},"geometry_name":"the_geom","properties":{"consec":360,"gid":3334,"habili":"7600104650","sede":"01","cod_hab":760010465001,"nombre_ips":"BENEMERITO CUERPO DE BOMBEROS VOLUNTARIOS DE CALI VALLE","direccion":"KR 24 # 7 - 22","barrio":"El Cedro","id_com_cor":"19","comu_corre":"Comuna 19","natu_ips":"Privada","cla_ips":"Transporte Especial de Pacientes","cod_capa_reps":15,"nom_capa_reps":"AMBULANCIAS","cantidad":1,"serv_capa_reps":"Básica","descrip_capa":"AMBULANCIAS - Básica"}},{"type":"Feature","id":"ads_ips_capacidad_reps.fid--215d4958_1a0d9e21907_403d","geometry":{"type":"Point","coordinates":[-76.53715499,3.436324]},"geometry_name":"the_geom","properties":{"consec":361,"gid":3334,"habili":"7600104650","sede":"01","cod_hab":760010465001,"nombre_ips":"BENEMERITO CUERPO DE BOMBEROS VOLUNTARIOS DE CALI VALLE","direccion":"KR 24 # 7 - 22","barrio":"El Cedro","id_com_cor":"19","comu_corre":"Comuna 19","natu_ips":"Privada","cla_ips":"Transporte Especial de Pacientes","cod_capa_reps":15,"nom_capa_reps":"AMBULANCIAS","cantidad":1,"serv_capa_reps":"Básica","descrip_capa":"AMBULANCIAS - Básica"}},{"type":"Feature","id":"ads_ips_capacidad_reps.fid--215d4958_1a0d9e21907_403e","geometry":{"type":"Point","coordinates":[-76.53715499,3.436324]},"geometry_name":"the_geom","properties":{"consec":362,"gid":3334,"habili":"7600104650","sede":"01","cod_hab":760010465001,"nombre_ips":"BENEMERITO CUERPO DE BOMBEROS VOLUNTARIOS DE CALI VALLE","direccion":"KR 24 # 7 - 22","barrio":"El Cedro","id_com_cor":"19","comu_corre":"Comuna 19","natu_ips":"Privada","cla_ips":"Transporte Especial de Pacientes","cod_capa_reps":15,"nom_capa_reps":"AMBULANCIAS","cantidad":1,"serv_capa_reps":"Básica","descrip_capa":"AMBULANCIAS - Básica"}},{"type":"Feature","id":"ads_ips_capacidad_reps.fid--215d4958_1a0d9e21907_403f","geometry":{"type":"Point","coordinates":[-76.53715499,3.436324]},"geometry_name":"the_geom","properties":{"consec":363,"gid":3334,"habili":"7600104650","sede":"01","cod_hab":760010465001,"nombre_ips":"BENEMERITO CUERPO DE BOMBEROS VOLUNTARIOS DE CALI VALLE","direccion":"KR 24 # 7 - 22","barrio":"El Cedro","id_com_cor":"19","comu_corre":"Comuna 19","natu_ips":"Privada","cla_ips":"Transporte Especial de Pacientes","cod_capa_reps":15,"nom_capa_reps":"AMBULANCIAS","cantidad":1,"serv_capa_reps":"Básica","descrip_capa":"AMBULANCIAS - Básica"}},{"type":"Feature","id":"ads_ips_capacidad_reps.fid--215d4958_1a0d9e21907_4040","geometry":{"type":"Point","coordinates":[-76.53715499,3.436324]},"geometry_name":"the_geom","properties":{"consec":364,"gid":3334,"habili":"7600104650","sede":"01","cod_hab":760010465001,"nombre_ips":"BENEMERITO CUERPO DE BOMBEROS VOLUNTARIOS DE CALI VALLE","direccion":"KR 24 # 7 - 22","barrio":"El Cedro","id_com_cor":"19","comu_corre":"Comuna 19","natu_ips":"Privada","cla_ips":"Transporte Especial de Pacientes","cod_capa_reps":15,"nom_capa_reps":"AMBULANCIAS","cantidad":1,"serv_capa_reps":"Básica","descrip_capa":"AMBULANCIAS - Básica"}},{"type":"Feature","id":"ads_ips_capacidad_reps.fid--215d4958_1a0d9e21907_4041","geometry":{"type":"Point","coordinates":[-76.53715499,3.436324]},"geometry_name":"the_geom","properties":{"consec":365,"gid":3334,"habili":"7600104650","sede":"01","cod_hab":760010465001,"nombre_ips":"BENEMERITO CUERPO DE BOMBEROS VOLUNTARIOS DE CALI VALLE","direccion":"KR 24 # 7 - 22","barrio":"El Cedro","id_com_cor":"19","comu_corre":"Comuna 19","natu_ips":"Privada","cla_ips":"Transporte Especial de Pacientes","cod_capa_reps":15,"nom_capa_reps":"AMBULANCIAS","cantidad":1,"serv_capa_reps":"Básica","descrip_capa":"AMBULANCIAS - Básica"}},{"type":"Feature","id":"ads_ips_capacidad_reps.fid--215d4958_1a0d9e21907_4042","geometry":{"type":"Point","coordinates":[-76.53715499,3.436324]},"geometry_name":"the_geom","properties":{"consec":366,"gid":3334,"habili":"7600104650","sede":"01","cod_hab":760010465001,"nombre_ips":"BENEMERITO CUERPO DE BOMBEROS VOLUNTARIOS DE CALI VALLE","direccion":"KR 24 # 7 - 22","barrio":"El Cedro","id_com_cor":"19","comu_corre":"Comuna 19","natu_ips":"Privada","cla_ips":"Transporte Especial de Pacientes","cod_capa_reps":15,"nom_capa_reps":"AMBULANCIAS","cantidad":1,"serv_capa_reps":"Básica","descrip_capa":"AMBULANCIAS - Básica"}},{"type":"Feature","id":"ads_ips_capacidad_reps.fid--215d4958_1a0d9e21907_4043","geometry":{"type":"Point","coordinates":[-76.54524672,3.42396067]},"geometry_name":"the_geom","properties":{"consec":369,"gid":2288,"habili":"7600104726","sede":"01","cod_hab":760010472601,"nombre_ips":"LASER DERMATOLOGICO IMBANACO S.A.","direccion":"KR 39 # 5A - 91","barrio":"San Fernando Nuevo","id_com_cor":"19","comu_corre":"Comuna 19","natu_ips":"Privada","cla_ips":"Instituciones - IPS","cod_capa_reps":25,"nom_capa_reps":"SALAS","cantidad":6,"serv_capa_reps":"Procedimientos","descrip_capa":"SALAS - Procedimientos"}},{"type":"Feature","id":"ads_ips_capacidad_reps.fid--215d4958_1a0d9e21907_4044","geometry":{"type":"Point","coordinates":[-76.54919581,3.45193643]},"geometry_name":"the_geom","properties":{"consec":370,"gid":3700,"habili":"7600104726","sede":"02","cod_hab":760010472602,"nombre_ips":"LASKIN TIENDA DERMATOLOGICA OESTE","direccion":"KR 2 # 7 OESTE - 130","barrio":"Santa Teresita","id_com_cor":"02","comu_corre":"Comuna 02","natu_ips":"Privada","cla_ips":"Instituciones - IPS","cod_capa_reps":25,"nom_capa_reps":"SALAS","cantidad":5,"serv_capa_reps":"Procedimientos","descrip_capa":"SALAS - Procedimientos"}},{"type":"Feature","id":"ads_ips_capacidad_reps.fid--215d4958_1a0d9e21907_4045","geometry":{"type":"Point","coordinates":[-76.53240494,3.36543106]},"geometry_name":"the_geom","properties":{"consec":371,"gid":76,"habili":"7600104726","sede":"03","cod_hab":760010472603,"nombre_ips":"LASKIN CIUDAD JARDIN","direccion":"CL 15A # 103 - 20","barrio":"Urbanización Ciudad Jardín","id_com_cor":"22","comu_corre":"Comuna 22","natu_ips":"Privada","cla_ips":"Instituciones - IPS","cod_capa_reps":25,"nom_capa_reps":"SALAS","cantidad":2,"serv_capa_reps":"Procedimientos","descrip_capa":"SALAS - Procedimientos"}},{"type":"Feature","id":"ads_ips_capacidad_reps.fid--215d4958_1a0d9e21907_4046","geometry":{"type":"Point","coordinates":[-76.52554333,3.37103817]},"geometry_name":"the_geom","properties":{"consec":372,"gid":127,"habili":"7600104726","sede":"04","cod_hab":760010472604,"nombre_ips":"LASKIN JARDIN PLAZA","direccion":"KR 98 # 16 - 200","barrio":"Urbanización San Joaquin","id_com_cor":"17","comu_corre":"Comuna 17","natu_ips":"Privada","cla_ips":"Instituciones - IPS","cod_capa_reps":25,"nom_capa_reps":"SALAS","cantidad":2,"serv_capa_reps":"Procedimientos","descrip_capa":"SALAS - Procedimientos"}},{"type":"Feature","id":"ads_ips_capacidad_reps.fid--215d4958_1a0d9e21907_4047","geometry":{"type":"Point","coordinates":[-76.53442976,3.34708053]},"geometry_name":"the_geom","properties":{"consec":373,"gid":37,"habili":"7600104726","sede":"05","cod_hab":760010472605,"nombre_ips":"LASKIN PANCE","direccion":"CL 16A # 121A - 34","barrio":"Parcelaciones Pance","id_com_cor":"22","comu_corre":"Comuna 22","natu_ips":"Privada","cla_ips":"Instituciones - IPS","cod_capa_reps":25,"nom_capa_reps":"SALAS","cantidad":3,"serv_capa_reps":"Procedimientos","descrip_capa":"SALAS - Procedimientos"}},{"type":"Feature","id":"ads_ips_capacidad_reps.fid--215d4958_1a0d9e21907_4048","geometry":{"type":"Point","coordinates":[-76.5254511,3.47861543]},"geometry_name":"the_geom","properties":{"consec":374,"gid":4646,"habili":"7600104726","sede":"07","cod_hab":760010472607,"nombre_ips":"LASKIN NORTE","direccion":"AV 6 # 39 - 30","barrio":"La Flora","id_com_cor":"02","comu_corre":"Comuna 02","natu_ips":"Privada","cla_ips":"Instituciones - IPS","cod_capa_reps":25,"nom_capa_reps":"SALAS","cantidad":3,"serv_capa_reps":"Procedimientos","descrip_capa":"SALAS - Procedimientos"}},{"type":"Feature","id":"ads_ips_capacidad_reps.fid--215d4958_1a0d9e21907_4049","geometry":{"type":"Point","coordinates":[-76.5405961,3.37285737]},"geometry_name":"the_geom","properties":{"consec":375,"gid":228,"habili":"7600104726","sede":"09","cod_hab":760010472609,"nombre_ips":"LASKIN UNICENTRO","direccion":"KR 100 # 5 - 169","barrio":"Club Campestre","id_com_cor":"22","comu_corre":"Comuna 22","natu_ips":"Privada","cla_ips":"Instituciones - IPS","cod_capa_reps":25,"nom_capa_reps":"SALAS","cantidad":2,"serv_capa_reps":"Procedimientos","descrip_capa":"SALAS - Procedimientos"}},{"type":"Feature","id":"ads_ips_capacidad_reps.fid--215d4958_1a0d9e21907_404a","geometry":{"type":"Point","coordinates":[-76.53853945,3.39192703]},"geometry_name":"the_geom","properties":{"consec":376,"gid":409,"habili":"7600104726","sede":"11","cod_hab":760010472611,"nombre_ips":"LASKIN PASOANCHO","direccion":"CL 13 # 72 - 06","barrio":"Ciudad Capri","id_com_cor":"17","comu_corre":"Comuna 17","natu_ips":"Privada","cla_ips":"Instituciones - IPS","cod_capa_reps":25,"nom_capa_reps":"SALAS","cantidad":4,"serv_capa_reps":"Procedimientos","descrip_capa":"SALAS - Procedimientos"}},{"type":"Feature","id":"ads_ips_capacidad_reps.fid--215d4958_1a0d9e21907_404b","geometry":{"type":"Point","coordinates":[-76.52688976,3.47734582]},"geometry_name":"the_geom","properties":{"consec":377,"gid":4619,"habili":"7600104726","sede":"13","cod_hab":760010472613,"nombre_ips":"LASKIN CHIPICHAPE","direccion":"CL 38 NORTE # 6 - 35","barrio":"Chipichape","id_com_cor":"02","comu_corre":"Comuna 02","natu_ips":"Privada","cla_ips":"Instituciones - IPS","cod_capa_reps":25,"nom_capa_reps":"SALAS","cantidad":2,"serv_capa_reps":"Procedimientos","descrip_capa":"SALAS - Procedimientos"}},{"type":"Feature","id":"ads_ips_capacidad_reps.fid--215d4958_1a0d9e21907_404c","geometry":{"type":"Point","coordinates":[-76.53114606,3.46616205]},"geometry_name":"the_geom","properties":{"consec":378,"gid":4389,"habili":"7600104726","sede":"14","cod_hab":760010472614,"nombre_ips":"LASKIN SANTA MONICA","direccion":"AV 6A # 24 NORTE - 45","barrio":"Santa Mónica","id_com_cor":"02","comu_corre":"Comuna 02","natu_ips":"Privada","cla_ips":"Instituciones - IPS","cod_capa_reps":25,"nom_capa_reps":"SALAS","cantidad":3,"serv_capa_reps":"Procedimientos","descrip_capa":"SALAS - Procedimientos"}},{"type":"Feature","id":"ads_ips_capacidad_reps.fid--215d4958_1a0d9e21907_404d","geometry":{"type":"Point","coordinates":[-76.54609167,3.42388131]},"geometry_name":"the_geom","properties":{"consec":379,"gid":2267,"habili":"7600104827","sede":"01","cod_hab":760010482701,"nombre_ips":"RECUPERAR SA IPS 08","direccion":"CL 5A # 39 - 52","barrio":"Urbanización Tequendama","id_com_cor":"19","comu_corre":"Comuna 19","natu_ips":"Privada","cla_ips":"Instituciones - IPS","cod_capa_reps":25,"nom_capa_reps":"SALAS","cantidad":1,"serv_capa_reps":"Procedimientos","descrip_capa":"SALAS - Procedimientos"}},{"type":"Feature","id":"ads_ips_capacidad_reps.fid--215d4958_1a0d9e21907_404e","geometry":{"type":"Point","coordinates":[-76.54616425,3.42325043]},"geometry_name":"the_geom","properties":{"consec":380,"gid":2229,"habili":"7600104827","sede":"05","cod_hab":760010482705,"nombre_ips":"RECUPERAR S.A. IPS - 3","direccion":"CL 5A # 40 - 21","barrio":"Urbanización Tequendama","id_com_cor":"19","comu_corre":"Comuna 19","natu_ips":"Privada","cla_ips":"Instituciones - IPS","cod_capa_reps":2,"nom_capa_reps":"CAMAS","cantidad":33,"serv_capa_reps":"Adultos","descrip_capa":"CAMAS - Adultos"}},{"type":"Feature","id":"ads_ips_capacidad_reps.fid--215d4958_1a0d9e21907_404f","geometry":{"type":"Point","coordinates":[-76.54616425,3.42325043]},"geometry_name":"the_geom","properties":{"consec":381,"gid":2229,"habili":"7600104827","sede":"05","cod_hab":760010482705,"nombre_ips":"RECUPERAR S.A. IPS - 3","direccion":"CL 5A # 40 - 21","barrio":"Urbanización Tequendama","id_com_cor":"19","comu_corre":"Comuna 19","natu_ips":"Privada","cla_ips":"Instituciones - IPS","cod_capa_reps":8,"nom_capa_reps":"CAMAS","cantidad":2,"serv_capa_reps":"Cuidado Intermedio Adulto","descrip_capa":"CAMAS - Cuidado Intermedio Adulto"}},{"type":"Feature","id":"ads_ips_capacidad_reps.fid--215d4958_1a0d9e21907_4050","geometry":{"type":"Point","coordinates":[-76.54616425,3.42325043]},"geometry_name":"the_geom","properties":{"consec":382,"gid":2229,"habili":"7600104827","sede":"05","cod_hab":760010482705,"nombre_ips":"RECUPERAR S.A. IPS - 3","direccion":"CL 5A # 40 - 21","barrio":"Urbanización Tequendama","id_com_cor":"19","comu_corre":"Comuna 19","natu_ips":"Privada","cla_ips":"Instituciones - IPS","cod_capa_reps":9,"nom_capa_reps":"CAMAS","cantidad":9,"serv_capa_reps":"Cuidado Intensivo Adulto","descrip_capa":"CAMAS - Cuidado Intensivo Adulto"}},{"type":"Feature","id":"ads_ips_capacidad_reps.fid--215d4958_1a0d9e21907_4051","geometry":{"type":"Point","coordinates":[-76.54616425,3.42325043]},"geometry_name":"the_geom","properties":{"consec":383,"gid":2229,"habili":"7600104827","sede":"05","cod_hab":760010482705,"nombre_ips":"RECUPERAR S.A. IPS - 3","direccion":"CL 5A # 40 - 21","barrio":"Urbanización Tequendama","id_com_cor":"19","comu_corre":"Comuna 19","natu_ips":"Privada","cla_ips":"Instituciones - IPS","cod_capa_reps":13,"nom_capa_reps":"SALAS","cantidad":1,"serv_capa_reps":"Quirófano","descrip_capa":"SALAS - Quirófano"}},{"type":"Feature","id":"ads_ips_capacidad_reps.fid--215d4958_1a0d9e21907_4052","geometry":{"type":"Point","coordinates":[-76.54616425,3.42325043]},"geometry_name":"the_geom","properties":{"consec":384,"gid":2229,"habili":"7600104827","sede":"05","cod_hab":760010482705,"nombre_ips":"RECUPERAR S.A. IPS - 3","direccion":"CL 5A # 40 - 21","barrio":"Urbanización Tequendama","id_com_cor":"19","comu_corre":"Comuna 19","natu_ips":"Privada","cla_ips":"Instituciones - IPS","cod_capa_reps":25,"nom_capa_reps":"SALAS","cantidad":1,"serv_capa_reps":"Procedimientos","descrip_capa":"SALAS - Procedimientos"}},{"type":"Feature","id":"ads_ips_capacidad_reps.fid--215d4958_1a0d9e21907_4053","geometry":{"type":"Point","coordinates":[-76.54499952,3.42201709]},"geometry_name":"the_geom","properties":{"consec":385,"gid":1713,"habili":"7600104827","sede":"16","cod_hab":760010482716,"nombre_ips":"RECUPERAR SA IPS SEDE 10","direccion":"KR 41 # 5B - 63","barrio":"Urbanización Tequendama","id_com_cor":"19","comu_corre":"Comuna 19","natu_ips":"Privada","cla_ips":"Instituciones - IPS","cod_capa_reps":2,"nom_capa_reps":"CAMAS","cantidad":8,"serv_capa_reps":"Adultos","descrip_capa":"CAMAS - Adultos"}},{"type":"Feature","id":"ads_ips_capacidad_reps.fid--215d4958_1a0d9e21907_4054","geometry":{"type":"Point","coordinates":[-76.5269011,3.47403341]},"geometry_name":"the_geom","properties":{"consec":386,"gid":4543,"habili":"7600104858","sede":"01","cod_hab":760010485801,"nombre_ips":"ALEXANDRA GUARIN NARVAEZ","direccion":"CL 36 NORTE # 6A - 45","barrio":"Chipichape","id_com_cor":"02","comu_corre":"Comuna 02","natu_ips":"Privada","cla_ips":"Profesional Independiente","cod_capa_reps":25,"nom_capa_reps":"SALAS","cantidad":1,"serv_capa_reps":"Procedimientos","descrip_capa":"SALAS - Procedimientos"}},{"type":"Feature","id":"ads_ips_capacidad_reps.fid--215d4958_1a0d9e21907_4055","geometry":{"type":"Point","coordinates":[-76.55168535,3.39360029]},"geometry_name":"the_geom","properties":{"consec":387,"gid":420,"habili":"7600104920","sede":"01","cod_hab":760010492001,"nombre_ips":"E.S.E. HOSPITAL GERIATRICO ANCIANATO SAN MIGUEL","direccion":"KR 70 # 2A - 04","barrio":"Buenos Aires","id_com_cor":"18","comu_corre":"Comuna 18","natu_ips":"Pública","cla_ips":"Instituciones - IPS","cod_capa_reps":2,"nom_capa_reps":"CAMAS","cantidad":13,"serv_capa_reps":"Adultos","descrip_capa":"CAMAS - Adultos"}},{"type":"Feature","id":"ads_ips_capacidad_reps.fid--215d4958_1a0d9e21907_4056","geometry":{"type":"Point","coordinates":[-76.54400235,3.42137137]},"geometry_name":"the_geom","properties":{"consec":388,"gid":1599,"habili":"7600105108","sede":"01","cod_hab":760010510801,"nombre_ips":"SALUD FAMILIAR S.A. I.P.S.","direccion":"KR 41 # 5C - 46","barrio":"Urbanización Tequendama","id_com_cor":"19","comu_corre":"Comuna 19","natu_ips":"Privada","cla_ips":"Instituciones - IPS","cod_capa_reps":25,"nom_capa_reps":"SALAS","cantidad":1,"serv_capa_reps":"Procedimientos","descrip_capa":"SALAS - Procedimientos"}},{"type":"Feature","id":"ads_ips_capacidad_reps.fid--215d4958_1a0d9e21907_4057","geometry":{"type":"Point","coordinates":[-76.48651488,3.412462]},"geometry_name":"the_geom","properties":{"consec":391,"gid":884,"habili":"7600105115","sede":"01","cod_hab":760010511501,"nombre_ips":"HOSPITAL ISAIAS DUARTE CANCINO EMPRESA SOCIAL DEL ESTADO","direccion":"CL 96 # 28E3 - 01","barrio":"Mojica","id_com_cor":"15","comu_corre":"Comuna 15","natu_ips":"Pública","cla_ips":"Instituciones - IPS","cod_capa_reps":2,"nom_capa_reps":"CAMAS","cantidad":40,"serv_capa_reps":"Adultos","descrip_capa":"CAMAS - Adultos"}},{"type":"Feature","id":"ads_ips_capacidad_reps.fid--215d4958_1a0d9e21907_4058","geometry":{"type":"Point","coordinates":[-76.48651488,3.412462]},"geometry_name":"the_geom","properties":{"consec":392,"gid":884,"habili":"7600105115","sede":"01","cod_hab":760010511501,"nombre_ips":"HOSPITAL ISAIAS DUARTE CANCINO EMPRESA SOCIAL DEL ESTADO","direccion":"CL 96 # 28E3 - 01","barrio":"Mojica","id_com_cor":"15","comu_corre":"Comuna 15","natu_ips":"Pública","cla_ips":"Instituciones - IPS","cod_capa_reps":13,"nom_capa_reps":"SALAS","cantidad":4,"serv_capa_reps":"Quirófano","descrip_capa":"SALAS - Quirófano"}},{"type":"Feature","id":"ads_ips_capacidad_reps.fid--215d4958_1a0d9e21907_4059","geometry":{"type":"Point","coordinates":[-76.48651488,3.412462]},"geometry_name":"the_geom","properties":{"consec":389,"gid":884,"habili":"7600105115","sede":"01","cod_hab":760010511501,"nombre_ips":"HOSPITAL ISAIAS DUARTE CANCINO EMPRESA SOCIAL DEL ESTADO","direccion":"CL 96 # 28E3 - 01","barrio":"Mojica","id_com_cor":"15","comu_corre":"Comuna 15","natu_ips":"Pública","cla_ips":"Instituciones - IPS","cod_capa_reps":15,"nom_capa_reps":"AMBULANCIAS","cantidad":1,"serv_capa_reps":"Básica","descrip_capa":"AMBULANCIAS - Básica"}},{"type":"Feature","id":"ads_ips_capacidad_reps.fid--215d4958_1a0d9e21907_405a","geometry":{"type":"Point","coordinates":[-76.48651488,3.412462]},"geometry_name":"the_geom","properties":{"consec":390,"gid":884,"habili":"7600105115","sede":"01","cod_hab":760010511501,"nombre_ips":"HOSPITAL ISAIAS DUARTE CANCINO EMPRESA SOCIAL DEL ESTADO","direccion":"CL 96 # 28E3 - 01","barrio":"Mojica","id_com_cor":"15","comu_corre":"Comuna 15","natu_ips":"Pública","cla_ips":"Instituciones - IPS","cod_capa_reps":16,"nom_capa_reps":"AMBULANCIAS","cantidad":1,"serv_capa_reps":"Medicalizada","descrip_capa":"AMBULANCIAS - Medicalizada"}},{"type":"Feature","id":"ads_ips_capacidad_reps.fid--215d4958_1a0d9e21907_405b","geometry":{"type":"Point","coordinates":[-76.54441887,3.42788537]},"geometry_name":"the_geom","properties":{"consec":393,"gid":2926,"habili":"7600105205","sede":"01","cod_hab":760010520501,"nombre_ips":"INSTITUTO PARA NIÑOS CIEGOS Y SORDOS DEL VALLE DEL CAUCA","direccion":"KR 38 # 5B1 - 39","barrio":"San Fernando Nuevo","id_com_cor":"19","comu_corre":"Comuna 19","natu_ips":"Privada","cla_ips":"Instituciones - IPS","cod_capa_reps":13,"nom_capa_reps":"SALAS","cantidad":5,"serv_capa_reps":"Quirófano","descrip_capa":"SALAS - Quirófano"}},{"type":"Feature","id":"ads_ips_capacidad_reps.fid--215d4958_1a0d9e21907_405c","geometry":{"type":"Point","coordinates":[-76.54530657,3.428188]},"geometry_name":"the_geom","properties":{"consec":394,"gid":2994,"habili":"7600105277","sede":"01","cod_hab":760010527701,"nombre_ips":"CLARA ELVIRA CABRALES OTERO","direccion":"CL 5 # 38 -14","barrio":"Santa Isabel","id_com_cor":"19","comu_corre":"Comuna 19","natu_ips":"Privada","cla_ips":"Profesional Independiente","cod_capa_reps":25,"nom_capa_reps":"SALAS","cantidad":1,"serv_capa_reps":"Procedimientos","descrip_capa":"SALAS - Procedimientos"}},{"type":"Feature","id":"ads_ips_capacidad_reps.fid--215d4958_1a0d9e21907_405d","geometry":{"type":"Point","coordinates":[-76.52217112,3.46958272]},"geometry_name":"the_geom","properties":{"consec":395,"gid":4471,"habili":"7600105305","sede":"03","cod_hab":760010530503,"nombre_ips":"Clinica Esimed Cali Norte","direccion":"AV 3 # 32A NORTE - 40","barrio":"Prados del Norte","id_com_cor":"02","comu_corre":"Comuna 02","natu_ips":"Privada","cla_ips":"Instituciones - IPS","cod_capa_reps":25,"nom_capa_reps":"SALAS","cantidad":1,"serv_capa_reps":"Procedimientos","descrip_capa":"SALAS - Procedimientos"}},{"type":"Feature","id":"ads_ips_capacidad_reps.fid--215d4958_1a0d9e21907_405e","geometry":{"type":"Point","coordinates":[-76.52938213,3.46505654]},"geometry_name":"the_geom","properties":{"consec":397,"gid":4351,"habili":"7600105352","sede":"01","cod_hab":760010535201,"nombre_ips":"Fundacion de Especialistas del Edificio Coomeva Norte IPS","direccion":"CL 23D # 5C NORTE - 56","barrio":"San Vicente","id_com_cor":"02","comu_corre":"Comuna 02","natu_ips":"Privada","cla_ips":"Instituciones - IPS","cod_capa_reps":25,"nom_capa_reps":"SALAS","cantidad":1,"serv_capa_reps":"Procedimientos","descrip_capa":"SALAS - Procedimientos"}},{"type":"Feature","id":"ads_ips_capacidad_reps.fid--215d4958_1a0d9e21907_405f","geometry":{"type":"Point","coordinates":[-76.49678276,3.45244781]},"geometry_name":"the_geom","properties":{"consec":398,"gid":3719,"habili":"7600105414","sede":"02","cod_hab":760010541402,"nombre_ips":"SERVICIOS INTEGRADOS DE SALUD SAS","direccion":"KR 8 # 52 - 164","barrio":"Villa Colombia","id_com_cor":"08","comu_corre":"Comuna 08","natu_ips":"Privada","cla_ips":"Instituciones - IPS","cod_capa_reps":25,"nom_capa_reps":"SALAS","cantidad":1,"serv_capa_reps":"Procedimientos","descrip_capa":"SALAS - Procedimientos"}},{"type":"Feature","id":"ads_ips_capacidad_reps.fid--215d4958_1a0d9e21907_4060","geometry":{"type":"Point","coordinates":[-76.54329261,3.42454404]},"geometry_name":"the_geom","properties":{"consec":399,"gid":2659,"habili":"7600105416","sede":"01","cod_hab":760010541601,"nombre_ips":"HEMATO-ONCOLOGOS S.A INSTITUTO DE ONCOLOGIA","direccion":"CL 5B5 # 38 - 10","barrio":"San Fernando Nuevo","id_com_cor":"19","comu_corre":"Comuna 19","natu_ips":"Privada","cla_ips":"Instituciones - IPS","cod_capa_reps":25,"nom_capa_reps":"SALAS","cantidad":1,"serv_capa_reps":"Procedimientos","descrip_capa":"SALAS - Procedimientos"}},{"type":"Feature","id":"ads_ips_capacidad_reps.fid--215d4958_1a0d9e21907_4061","geometry":{"type":"Point","coordinates":[-76.54253371,3.42323116]},"geometry_name":"the_geom","properties":{"consec":400,"gid":1953,"habili":"7600105416","sede":"03","cod_hab":760010541603,"nombre_ips":"UNIDAD DE SOPORTE HEMATOONCOLOGICO","direccion":"CL 5D # 38A - 35","barrio":"Eucaristico","id_com_cor":"19","comu_corre":"Comuna 19","natu_ips":"Privada","cla_ips":"Instituciones - IPS","cod_capa_reps":2,"nom_capa_reps":"CAMAS","cantidad":16,"serv_capa_reps":"Adultos","descrip_capa":"CAMAS - Adultos"}},{"type":"Feature","id":"ads_ips_capacidad_reps.fid--215d4958_1a0d9e21907_4062","geometry":{"type":"Point","coordinates":[-76.53752456,3.38724117]},"geometry_name":"the_geom","properties":{"consec":401,"gid":371,"habili":"7600105461","sede":"01","cod_hab":760010546101,"nombre_ips":"EUROESTETICA EU","direccion":"KR 80 # 13A - 13","barrio":"Las Quintas de Don Simón","id_com_cor":"17","comu_corre":"Comuna 17","natu_ips":"Privada","cla_ips":"Instituciones - IPS","cod_capa_reps":25,"nom_capa_reps":"SALAS","cantidad":1,"serv_capa_reps":"Procedimientos","descrip_capa":"SALAS - Procedimientos"}},{"type":"Feature","id":"ads_ips_capacidad_reps.fid--215d4958_1a0d9e21907_4063","geometry":{"type":"Point","coordinates":[-76.54399298,3.42615444]},"geometry_name":"the_geom","properties":{"consec":403,"gid":2774,"habili":"7600105478","sede":"01","cod_hab":760010547801,"nombre_ips":"AURELIO FALABELLA BOTERO","direccion":"CL 5B3 # 38 - 44","barrio":"San Fernando Nuevo","id_com_cor":"19","comu_corre":"Comuna 19","natu_ips":"Privada","cla_ips":"Profesional Independiente","cod_capa_reps":25,"nom_capa_reps":"SALAS","cantidad":1,"serv_capa_reps":"Procedimientos","descrip_capa":"SALAS - Procedimientos"}},{"type":"Feature","id":"ads_ips_capacidad_reps.fid--215d4958_1a0d9e21907_4064","geometry":{"type":"Point","coordinates":[-76.54458235,3.42249466]},"geometry_name":"the_geom","properties":{"consec":404,"gid":1771,"habili":"7600105499","sede":"01","cod_hab":760010549901,"nombre_ips":"alvaro villegas victoria","direccion":"KR 40 # 5B - 100","barrio":"Urbanización Tequendama","id_com_cor":"19","comu_corre":"Comuna 19","natu_ips":"Privada","cla_ips":"Profesional Independiente","cod_capa_reps":25,"nom_capa_reps":"SALAS","cantidad":1,"serv_capa_reps":"Procedimientos","descrip_capa":"SALAS - Procedimientos"}},{"type":"Feature","id":"ads_ips_capacidad_reps.fid--215d4958_1a0d9e21907_4065","geometry":{"type":"Point","coordinates":[-76.54441371,3.42409488]},"geometry_name":"the_geom","properties":{"consec":405,"gid":2467,"habili":"7600105500","sede":"01","cod_hab":760010550001,"nombre_ips":"MARIA ISABEL CADENA","direccion":"KR 38A # 5A - 100","barrio":"San Fernando Nuevo","id_com_cor":"19","comu_corre":"Comuna 19","natu_ips":"Privada","cla_ips":"Profesional Independiente","cod_capa_reps":25,"nom_capa_reps":"SALAS","cantidad":1,"serv_capa_reps":"Procedimientos","descrip_capa":"SALAS - Procedimientos"}},{"type":"Feature","id":"ads_ips_capacidad_reps.fid--215d4958_1a0d9e21907_4066","geometry":{"type":"Point","coordinates":[-76.5416345,3.41499213]},"geometry_name":"the_geom","properties":{"consec":406,"gid":1098,"habili":"7600105579","sede":"01","cod_hab":760010557901,"nombre_ips":"Mauricio Recio Gonzalez","direccion":"KR 45 # 9C - 85","barrio":"Nueva Tequendama","id_com_cor":"19","comu_corre":"Comuna 19","natu_ips":"Privada","cla_ips":"Profesional Independiente","cod_capa_reps":25,"nom_capa_reps":"SALAS","cantidad":1,"serv_capa_reps":"Procedimientos","descrip_capa":"SALAS - Procedimientos"}},{"type":"Feature","id":"ads_ips_capacidad_reps.fid--215d4958_1a0d9e21907_4067","geometry":{"type":"Point","coordinates":[-76.54542767,3.42793052]},"geometry_name":"the_geom","properties":{"consec":407,"gid":2932,"habili":"7600105705","sede":"01","cod_hab":760010570501,"nombre_ips":"OSTRAUMA VALLE S.A.S","direccion":"CL 5 # 38 - 48","barrio":"Santa Isabel","id_com_cor":"19","comu_corre":"Comuna 19","natu_ips":"Privada","cla_ips":"Instituciones - IPS","cod_capa_reps":2,"nom_capa_reps":"CAMAS","cantidad":4,"serv_capa_reps":"Adultos","descrip_capa":"CAMAS - Adultos"}},{"type":"Feature","id":"ads_ips_capacidad_reps.fid--215d4958_1a0d9e21907_4068","geometry":{"type":"Point","coordinates":[-76.54542767,3.42793052]},"geometry_name":"the_geom","properties":{"consec":408,"gid":2932,"habili":"7600105705","sede":"01","cod_hab":760010570501,"nombre_ips":"OSTRAUMA VALLE S.A.S","direccion":"CL 5 # 38 - 48","barrio":"Santa Isabel","id_com_cor":"19","comu_corre":"Comuna 19","natu_ips":"Privada","cla_ips":"Instituciones - IPS","cod_capa_reps":25,"nom_capa_reps":"SALAS","cantidad":1,"serv_capa_reps":"Procedimientos","descrip_capa":"SALAS - Procedimientos"}},{"type":"Feature","id":"ads_ips_capacidad_reps.fid--215d4958_1a0d9e21907_4069","geometry":{"type":"Point","coordinates":[-76.52505376,3.4710915]},"geometry_name":"the_geom","properties":{"consec":409,"gid":4502,"habili":"7600105722","sede":"01","cod_hab":760010572201,"nombre_ips":"ASOEMTRANS CALI","direccion":"CL 30 NORTE # 2A - 29","barrio":"San Vicente","id_com_cor":"02","comu_corre":"Comuna 02","natu_ips":"Privada","cla_ips":"Objeto Social Diferente a la Prestación de Servicios de Salu","cod_capa_reps":25,"nom_capa_reps":"SALAS","cantidad":1,"serv_capa_reps":"Procedimientos","descrip_capa":"SALAS - Procedimientos"}},{"type":"Feature","id":"ads_ips_capacidad_reps.fid--215d4958_1a0d9e21907_406a","geometry":{"type":"Point","coordinates":[-76.53966243,3.41035196]},"geometry_name":"the_geom","properties":{"consec":410,"gid":776,"habili":"7600105765","sede":"01","cod_hab":760010576501,"nombre_ips":"CLINICA FARALLONES S.A.","direccion":"CL 9C # 50 - 25","barrio":"Camino Real - Los Fundadores","id_com_cor":"19","comu_corre":"Comuna 19","natu_ips":"Privada","cla_ips":"Instituciones - IPS","cod_capa_reps":1,"nom_capa_reps":"CAMAS","cantidad":5,"serv_capa_reps":"Pediátrica","descrip_capa":"CAMAS - Pediátrica"}},{"type":"Feature","id":"ads_ips_capacidad_reps.fid--215d4958_1a0d9e21907_406b","geometry":{"type":"Point","coordinates":[-76.53966243,3.41035196]},"geometry_name":"the_geom","properties":{"consec":411,"gid":776,"habili":"7600105765","sede":"01","cod_hab":760010576501,"nombre_ips":"CLINICA FARALLONES S.A.","direccion":"CL 9C # 50 - 25","barrio":"Camino Real - Los Fundadores","id_com_cor":"19","comu_corre":"Comuna 19","natu_ips":"Privada","cla_ips":"Instituciones - IPS","cod_capa_reps":2,"nom_capa_reps":"CAMAS","cantidad":87,"serv_capa_reps":"Adultos","descrip_capa":"CAMAS - Adultos"}},{"type":"Feature","id":"ads_ips_capacidad_reps.fid--215d4958_1a0d9e21907_406c","geometry":{"type":"Point","coordinates":[-76.53966243,3.41035196]},"geometry_name":"the_geom","properties":{"consec":412,"gid":776,"habili":"7600105765","sede":"01","cod_hab":760010576501,"nombre_ips":"CLINICA FARALLONES S.A.","direccion":"CL 9C # 50 - 25","barrio":"Camino Real - Los Fundadores","id_com_cor":"19","comu_corre":"Comuna 19","natu_ips":"Privada","cla_ips":"Instituciones - IPS","cod_capa_reps":14,"nom_capa_reps":"SALAS","cantidad":1,"serv_capa_reps":"Partos","descrip_capa":"SALAS - Partos"}},{"type":"Feature","id":"ads_ips_capacidad_reps.fid--215d4958_1a0d9e21907_406d","geometry":{"type":"Point","coordinates":[-76.53966243,3.41035196]},"geometry_name":"the_geom","properties":{"consec":413,"gid":776,"habili":"7600105765","sede":"01","cod_hab":760010576501,"nombre_ips":"CLINICA FARALLONES S.A.","direccion":"CL 9C # 50 - 25","barrio":"Camino Real - Los Fundadores","id_com_cor":"19","comu_corre":"Comuna 19","natu_ips":"Privada","cla_ips":"Instituciones - IPS","cod_capa_reps":25,"nom_capa_reps":"SALAS","cantidad":1,"serv_capa_reps":"Procedimientos","descrip_capa":"SALAS - Procedimientos"}},{"type":"Feature","id":"ads_ips_capacidad_reps.fid--215d4958_1a0d9e21907_406e","geometry":{"type":"Point","coordinates":[-76.53741544,3.40136235]},"geometry_name":"the_geom","properties":{"consec":414,"gid":550,"habili":"7600105817","sede":"01","cod_hab":760010581701,"nombre_ips":"SERVIMEDIC QUIRON S.A.S.","direccion":"KR 64A # 12A - 149","barrio":"El Gran Limonar - Cataya","id_com_cor":"17","comu_corre":"Comuna 17","natu_ips":"Privada","cla_ips":"Instituciones - IPS","cod_capa_reps":25,"nom_capa_reps":"SALAS","cantidad":1,"serv_capa_reps":"Procedimientos","descrip_capa":"SALAS - Procedimientos"}},{"type":"Feature","id":"ads_ips_capacidad_reps.fid--215d4958_1a0d9e21907_406f","geometry":{"type":"Point","coordinates":[-76.54253371,3.42323116]},"geometry_name":"the_geom","properties":{"consec":415,"gid":1961,"habili":"7600105817","sede":"03","cod_hab":760010581703,"nombre_ips":"CISVIDA","direccion":"CL 5D # 38A - 35","barrio":"Eucaristico","id_com_cor":"19","comu_corre":"Comuna 19","natu_ips":"Privada","cla_ips":"Instituciones - IPS","cod_capa_reps":25,"nom_capa_reps":"SALAS","cantidad":1,"serv_capa_reps":"Procedimientos","descrip_capa":"SALAS - Procedimientos"}},{"type":"Feature","id":"ads_ips_capacidad_reps.fid--215d4958_1a0d9e21907_4070","geometry":{"type":"Point","coordinates":[-76.48147836,3.44384989]},"geometry_name":"the_geom","properties":{"consec":416,"gid":3460,"habili":"7600105817","sede":"05","cod_hab":760010581705,"nombre_ips":"IPS RÍO CAUCA","direccion":"CL 75A # 20 -81","barrio":"Planta de Tratamiento","id_com_cor":"21","comu_corre":"Comuna 21","natu_ips":"Privada","cla_ips":"Instituciones - IPS","cod_capa_reps":25,"nom_capa_reps":"SALAS","cantidad":1,"serv_capa_reps":"Procedimientos","descrip_capa":"SALAS - Procedimientos"}},{"type":"Feature","id":"ads_ips_capacidad_reps.fid--215d4958_1a0d9e21907_4071","geometry":{"type":"Point","coordinates":[-76.54656321,3.42172994]},"geometry_name":"the_geom","properties":{"consec":417,"gid":1628,"habili":"7600105924","sede":"01","cod_hab":760010592401,"nombre_ips":"RAMON EDUARDO UNZUETA HOFFMAN","direccion":"KR 42 # 5A - 36","barrio":"Urbanización Tequendama","id_com_cor":"19","comu_corre":"Comuna 19","natu_ips":"Privada","cla_ips":"Profesional Independiente","cod_capa_reps":25,"nom_capa_reps":"SALAS","cantidad":1,"serv_capa_reps":"Procedimientos","descrip_capa":"SALAS - Procedimientos"}},{"type":"Feature","id":"ads_ips_capacidad_reps.fid--215d4958_1a0d9e21907_4072","geometry":{"type":"Point","coordinates":[-76.53019291,3.46014215]},"geometry_name":"the_geom","properties":{"consec":418,"gid":3938,"habili":"7600106013","sede":"01","cod_hab":760010601301,"nombre_ips":"ENDOCCIDENTE LTDA","direccion":"CL 18 NORTE # 5 - 34","barrio":"Versalles","id_com_cor":"02","comu_corre":"Comuna 02","natu_ips":"Privada","cla_ips":"Instituciones - IPS","cod_capa_reps":25,"nom_capa_reps":"SALAS","cantidad":1,"serv_capa_reps":"Procedimientos","descrip_capa":"SALAS - Procedimientos"}},{"type":"Feature","id":"ads_ips_capacidad_reps.fid--215d4958_1a0d9e21907_4073","geometry":{"type":"Point","coordinates":[-76.54523418,3.42442798]},"geometry_name":"the_geom","properties":{"consec":419,"gid":2638,"habili":"7600106022","sede":"01","cod_hab":760010602201,"nombre_ips":"CLAUDIA JULIANA DIAZ GOMEZ","direccion":"CL 5B # 38 - 44","barrio":"San Fernando Nuevo","id_com_cor":"19","comu_corre":"Comuna 19","natu_ips":"Privada","cla_ips":"Profesional Independiente","cod_capa_reps":25,"nom_capa_reps":"SALAS","cantidad":1,"serv_capa_reps":"Procedimientos","descrip_capa":"SALAS - Procedimientos"}},{"type":"Feature","id":"ads_ips_capacidad_reps.fid--215d4958_1a0d9e21907_4074","geometry":{"type":"Point","coordinates":[-76.54497246,3.42811256]},"geometry_name":"the_geom","properties":{"consec":420,"gid":2960,"habili":"7600106029","sede":"01","cod_hab":760010602901,"nombre_ips":"GUSTAVO ADOLFO CUELLO BUENO","direccion":"CL 5 # 38 - 25","barrio":"San Fernando Nuevo","id_com_cor":"19","comu_corre":"Comuna 19","natu_ips":"Privada","cla_ips":"Profesional Independiente","cod_capa_reps":25,"nom_capa_reps":"SALAS","cantidad":1,"serv_capa_reps":"Procedimientos","descrip_capa":"SALAS - Procedimientos"}},{"type":"Feature","id":"ads_ips_capacidad_reps.fid--215d4958_1a0d9e21907_4075","geometry":{"type":"Point","coordinates":[-76.54497246,3.42811256]},"geometry_name":"the_geom","properties":{"consec":421,"gid":2975,"habili":"7600106029","sede":"03","cod_hab":760010602903,"nombre_ips":"GUSTAVO ADOLFO CUELLO BUENO","direccion":"CL 5 # 38 - 25","barrio":"San Fernando Nuevo","id_com_cor":"19","comu_corre":"Comuna 19","natu_ips":"Privada","cla_ips":"Profesional Independiente","cod_capa_reps":25,"nom_capa_reps":"SALAS","cantidad":1,"serv_capa_reps":"Procedimientos","descrip_capa":"SALAS - Procedimientos"}},{"type":"Feature","id":"ads_ips_capacidad_reps.fid--215d4958_1a0d9e21907_4076","geometry":{"type":"Point","coordinates":[-76.54441371,3.42409488]},"geometry_name":"the_geom","properties":{"consec":422,"gid":2471,"habili":"7600106043","sede":"02","cod_hab":760010604302,"nombre_ips":"CARMEN ADRIANA CABALLERO PRIETO","direccion":"KR 38A # 5A 100","barrio":"San Fernando Nuevo","id_com_cor":"19","comu_corre":"Comuna 19","natu_ips":"Privada","cla_ips":"Profesional Independiente","cod_capa_reps":25,"nom_capa_reps":"SALAS","cantidad":1,"serv_capa_reps":"Procedimientos","descrip_capa":"SALAS - Procedimientos"}},{"type":"Feature","id":"ads_ips_capacidad_reps.fid--215d4958_1a0d9e21907_4077","geometry":{"type":"Point","coordinates":[-76.54429116,3.42419553]},"geometry_name":"the_geom","properties":{"consec":423,"gid":2593,"habili":"7600106078","sede":"01","cod_hab":760010607801,"nombre_ips":"Carol Baptista Serrato","direccion":"KR 38A # 5A - 109","barrio":"San Fernando Nuevo","id_com_cor":"19","comu_corre":"Comuna 19","natu_ips":"Privada","cla_ips":"Profesional Independiente","cod_capa_reps":25,"nom_capa_reps":"SALAS","cantidad":1,"serv_capa_reps":"Procedimientos","descrip_capa":"SALAS - Procedimientos"}},{"type":"Feature","id":"ads_ips_capacidad_reps.fid--215d4958_1a0d9e21907_4078","geometry":{"type":"Point","coordinates":[-76.5405961,3.37285737]},"geometry_name":"the_geom","properties":{"consec":424,"gid":236,"habili":"7600106083","sede":"01","cod_hab":760010608301,"nombre_ips":"OSCAR ALVAREZ DUARTE","direccion":"KR 100 # 5 - 169","barrio":"Club Campestre","id_com_cor":"22","comu_corre":"Comuna 22","natu_ips":"Privada","cla_ips":"Profesional Independiente","cod_capa_reps":25,"nom_capa_reps":"SALAS","cantidad":1,"serv_capa_reps":"Procedimientos","descrip_capa":"SALAS - Procedimientos"}},{"type":"Feature","id":"ads_ips_capacidad_reps.fid--215d4958_1a0d9e21907_4079","geometry":{"type":"Point","coordinates":[-76.54399298,3.42615444]},"geometry_name":"the_geom","properties":{"consec":425,"gid":2777,"habili":"7600106143","sede":"01","cod_hab":760010614301,"nombre_ips":"JULIO CESAR VELEZ RIVERA","direccion":"CL 5B3 # 38 - 44","barrio":"San Fernando Nuevo","id_com_cor":"19","comu_corre":"Comuna 19","natu_ips":"Privada","cla_ips":"Profesional Independiente","cod_capa_reps":25,"nom_capa_reps":"SALAS","cantidad":1,"serv_capa_reps":"Procedimientos","descrip_capa":"SALAS - Procedimientos"}},{"type":"Feature","id":"ads_ips_capacidad_reps.fid--215d4958_1a0d9e21907_407a","geometry":{"type":"Point","coordinates":[-76.54520155,3.42195341]},"geometry_name":"the_geom","properties":{"consec":426,"gid":1689,"habili":"7600106164","sede":"01","cod_hab":760010616401,"nombre_ips":"CLINICA DE LASER DE PIEL S.A. CALI","direccion":"KR 41 # 5B - 34","barrio":"Urbanización Tequendama","id_com_cor":"19","comu_corre":"Comuna 19","natu_ips":"Privada","cla_ips":"Instituciones - IPS","cod_capa_reps":25,"nom_capa_reps":"SALAS","cantidad":5,"serv_capa_reps":"Procedimientos","descrip_capa":"SALAS - Procedimientos"}},{"type":"Feature","id":"ads_ips_capacidad_reps.fid--215d4958_1a0d9e21907_407b","geometry":{"type":"Point","coordinates":[-76.52171792,3.37744121]},"geometry_name":"the_geom","properties":{"consec":427,"gid":318,"habili":"7600106313","sede":"01","cod_hab":760010631301,"nombre_ips":"MG MEDICAL GROUP SAS","direccion":"KR 90 # 34 - 52","barrio":"Lili","id_com_cor":"17","comu_corre":"Comuna 17","natu_ips":"Privada","cla_ips":"Instituciones - IPS","cod_capa_reps":15,"nom_capa_reps":"AMBULANCIAS","cantidad":1,"serv_capa_reps":"Básica","descrip_capa":"AMBULANCIAS - Básica"}},{"type":"Feature","id":"ads_ips_capacidad_reps.fid--215d4958_1a0d9e21907_407c","geometry":{"type":"Point","coordinates":[-76.52171792,3.37744121]},"geometry_name":"the_geom","properties":{"consec":432,"gid":318,"habili":"7600106313","sede":"01","cod_hab":760010631301,"nombre_ips":"MG MEDICAL GROUP SAS","direccion":"KR 90 # 34 - 52","barrio":"Lili","id_com_cor":"17","comu_corre":"Comuna 17","natu_ips":"Privada","cla_ips":"Instituciones - IPS","cod_capa_reps":15,"nom_capa_reps":"AMBULANCIAS","cantidad":1,"serv_capa_reps":"Básica","descrip_capa":"AMBULANCIAS - Básica"}},{"type":"Feature","id":"ads_ips_capacidad_reps.fid--215d4958_1a0d9e21907_407d","geometry":{"type":"Point","coordinates":[-76.52171792,3.37744121]},"geometry_name":"the_geom","properties":{"consec":431,"gid":318,"habili":"7600106313","sede":"01","cod_hab":760010631301,"nombre_ips":"MG MEDICAL GROUP SAS","direccion":"KR 90 # 34 - 52","barrio":"Lili","id_com_cor":"17","comu_corre":"Comuna 17","natu_ips":"Privada","cla_ips":"Instituciones - IPS","cod_capa_reps":15,"nom_capa_reps":"AMBULANCIAS","cantidad":1,"serv_capa_reps":"Básica","descrip_capa":"AMBULANCIAS - Básica"}},{"type":"Feature","id":"ads_ips_capacidad_reps.fid--215d4958_1a0d9e21907_407e","geometry":{"type":"Point","coordinates":[-76.52171792,3.37744121]},"geometry_name":"the_geom","properties":{"consec":430,"gid":318,"habili":"7600106313","sede":"01","cod_hab":760010631301,"nombre_ips":"MG MEDICAL GROUP SAS","direccion":"KR 90 # 34 - 52","barrio":"Lili","id_com_cor":"17","comu_corre":"Comuna 17","natu_ips":"Privada","cla_ips":"Instituciones - IPS","cod_capa_reps":15,"nom_capa_reps":"AMBULANCIAS","cantidad":1,"serv_capa_reps":"Básica","descrip_capa":"AMBULANCIAS - Básica"}},{"type":"Feature","id":"ads_ips_capacidad_reps.fid--215d4958_1a0d9e21907_407f","geometry":{"type":"Point","coordinates":[-76.52171792,3.37744121]},"geometry_name":"the_geom","properties":{"consec":429,"gid":318,"habili":"7600106313","sede":"01","cod_hab":760010631301,"nombre_ips":"MG MEDICAL GROUP SAS","direccion":"KR 90 # 34 - 52","barrio":"Lili","id_com_cor":"17","comu_corre":"Comuna 17","natu_ips":"Privada","cla_ips":"Instituciones - IPS","cod_capa_reps":15,"nom_capa_reps":"AMBULANCIAS","cantidad":1,"serv_capa_reps":"Básica","descrip_capa":"AMBULANCIAS - Básica"}},{"type":"Feature","id":"ads_ips_capacidad_reps.fid--215d4958_1a0d9e21907_4080","geometry":{"type":"Point","coordinates":[-76.52171792,3.37744121]},"geometry_name":"the_geom","properties":{"consec":428,"gid":318,"habili":"7600106313","sede":"01","cod_hab":760010631301,"nombre_ips":"MG MEDICAL GROUP SAS","direccion":"KR 90 # 34 - 52","barrio":"Lili","id_com_cor":"17","comu_corre":"Comuna 17","natu_ips":"Privada","cla_ips":"Instituciones - IPS","cod_capa_reps":15,"nom_capa_reps":"AMBULANCIAS","cantidad":1,"serv_capa_reps":"Básica","descrip_capa":"AMBULANCIAS - Básica"}},{"type":"Feature","id":"ads_ips_capacidad_reps.fid--215d4958_1a0d9e21907_4081","geometry":{"type":"Point","coordinates":[-76.52171792,3.37744121]},"geometry_name":"the_geom","properties":{"consec":434,"gid":318,"habili":"7600106313","sede":"01","cod_hab":760010631301,"nombre_ips":"MG MEDICAL GROUP SAS","direccion":"KR 90 # 34 - 52","barrio":"Lili","id_com_cor":"17","comu_corre":"Comuna 17","natu_ips":"Privada","cla_ips":"Instituciones - IPS","cod_capa_reps":16,"nom_capa_reps":"AMBULANCIAS","cantidad":1,"serv_capa_reps":"Medicalizada","descrip_capa":"AMBULANCIAS - Medicalizada"}},{"type":"Feature","id":"ads_ips_capacidad_reps.fid--215d4958_1a0d9e21907_4082","geometry":{"type":"Point","coordinates":[-76.52171792,3.37744121]},"geometry_name":"the_geom","properties":{"consec":435,"gid":318,"habili":"7600106313","sede":"01","cod_hab":760010631301,"nombre_ips":"MG MEDICAL GROUP SAS","direccion":"KR 90 # 34 - 52","barrio":"Lili","id_com_cor":"17","comu_corre":"Comuna 17","natu_ips":"Privada","cla_ips":"Instituciones - IPS","cod_capa_reps":16,"nom_capa_reps":"AMBULANCIAS","cantidad":1,"serv_capa_reps":"Medicalizada","descrip_capa":"AMBULANCIAS - Medicalizada"}},{"type":"Feature","id":"ads_ips_capacidad_reps.fid--215d4958_1a0d9e21907_4083","geometry":{"type":"Point","coordinates":[-76.52171792,3.37744121]},"geometry_name":"the_geom","properties":{"consec":436,"gid":318,"habili":"7600106313","sede":"01","cod_hab":760010631301,"nombre_ips":"MG MEDICAL GROUP SAS","direccion":"KR 90 # 34 - 52","barrio":"Lili","id_com_cor":"17","comu_corre":"Comuna 17","natu_ips":"Privada","cla_ips":"Instituciones - IPS","cod_capa_reps":16,"nom_capa_reps":"AMBULANCIAS","cantidad":1,"serv_capa_reps":"Medicalizada","descrip_capa":"AMBULANCIAS - Medicalizada"}},{"type":"Feature","id":"ads_ips_capacidad_reps.fid--215d4958_1a0d9e21907_4084","geometry":{"type":"Point","coordinates":[-76.52171792,3.37744121]},"geometry_name":"the_geom","properties":{"consec":437,"gid":318,"habili":"7600106313","sede":"01","cod_hab":760010631301,"nombre_ips":"MG MEDICAL GROUP SAS","direccion":"KR 90 # 34 - 52","barrio":"Lili","id_com_cor":"17","comu_corre":"Comuna 17","natu_ips":"Privada","cla_ips":"Instituciones - IPS","cod_capa_reps":16,"nom_capa_reps":"AMBULANCIAS","cantidad":1,"serv_capa_reps":"Medicalizada","descrip_capa":"AMBULANCIAS - Medicalizada"}},{"type":"Feature","id":"ads_ips_capacidad_reps.fid--215d4958_1a0d9e21907_4085","geometry":{"type":"Point","coordinates":[-76.52171792,3.37744121]},"geometry_name":"the_geom","properties":{"consec":438,"gid":318,"habili":"7600106313","sede":"01","cod_hab":760010631301,"nombre_ips":"MG MEDICAL GROUP SAS","direccion":"KR 90 # 34 - 52","barrio":"Lili","id_com_cor":"17","comu_corre":"Comuna 17","natu_ips":"Privada","cla_ips":"Instituciones - IPS","cod_capa_reps":16,"nom_capa_reps":"AMBULANCIAS","cantidad":1,"serv_capa_reps":"Medicalizada","descrip_capa":"AMBULANCIAS - Medicalizada"}},{"type":"Feature","id":"ads_ips_capacidad_reps.fid--215d4958_1a0d9e21907_4086","geometry":{"type":"Point","coordinates":[-76.52171792,3.37744121]},"geometry_name":"the_geom","properties":{"consec":433,"gid":318,"habili":"7600106313","sede":"01","cod_hab":760010631301,"nombre_ips":"MG MEDICAL GROUP SAS","direccion":"KR 90 # 34 - 52","barrio":"Lili","id_com_cor":"17","comu_corre":"Comuna 17","natu_ips":"Privada","cla_ips":"Instituciones - IPS","cod_capa_reps":16,"nom_capa_reps":"AMBULANCIAS","cantidad":1,"serv_capa_reps":"Medicalizada","descrip_capa":"AMBULANCIAS - Medicalizada"}},{"type":"Feature","id":"ads_ips_capacidad_reps.fid--215d4958_1a0d9e21907_4087","geometry":{"type":"Point","coordinates":[-76.52519072,3.47786453]},"geometry_name":"the_geom","properties":{"consec":439,"gid":4640,"habili":"7600106357","sede":"03","cod_hab":760010635703,"nombre_ips":"CORAZON Y AORTA CENTRO MEDICO","direccion":"AV 5A # 38 NORTE - 31","barrio":"La Flora","id_com_cor":"02","comu_corre":"Comuna 02","natu_ips":"Privada","cla_ips":"Instituciones - IPS","cod_capa_reps":25,"nom_capa_reps":"SALAS","cantidad":1,"serv_capa_reps":"Procedimientos","descrip_capa":"SALAS - Procedimientos"}},{"type":"Feature","id":"ads_ips_capacidad_reps.fid--215d4958_1a0d9e21907_4088","geometry":{"type":"Point","coordinates":[-76.54547566,3.42048454]},"geometry_name":"the_geom","properties":{"consec":440,"gid":1485,"habili":"7600106369","sede":"01","cod_hab":760010636901,"nombre_ips":"NAYIBEL STELLA JACOME MANOSALVA","direccion":"KR 42A # 5B - 96","barrio":"Urbanización Tequendama","id_com_cor":"19","comu_corre":"Comuna 19","natu_ips":"Privada","cla_ips":"Profesional Independiente","cod_capa_reps":25,"nom_capa_reps":"SALAS","cantidad":1,"serv_capa_reps":"Procedimientos","descrip_capa":"SALAS - Procedimientos"}},{"type":"Feature","id":"ads_ips_capacidad_reps.fid--215d4958_1a0d9e21907_4089","geometry":{"type":"Point","coordinates":[-76.54399298,3.42615444]},"geometry_name":"the_geom","properties":{"consec":441,"gid":2780,"habili":"7600106459","sede":"01","cod_hab":760010645901,"nombre_ips":"CARDENAS CARDONA LUIS FERNANDO","direccion":"CL 5B3 # 38 - 44","barrio":"San Fernando Nuevo","id_com_cor":"19","comu_corre":"Comuna 19","natu_ips":"Privada","cla_ips":"Profesional Independiente","cod_capa_reps":25,"nom_capa_reps":"SALAS","cantidad":1,"serv_capa_reps":"Procedimientos","descrip_capa":"SALAS - Procedimientos"}},{"type":"Feature","id":"ads_ips_capacidad_reps.fid--215d4958_1a0d9e21907_408a","geometry":{"type":"Point","coordinates":[-76.53095903,3.42672897]},"geometry_name":"the_geom","properties":{"consec":442,"gid":2849,"habili":"7600106508","sede":"01","cod_hab":760010650801,"nombre_ips":"Haydee Tatiana Romero Bonilla","direccion":"CL 12 # 31A - 48","barrio":"Urbanización Colseguros","id_com_cor":"19","comu_corre":"Comuna 19","natu_ips":"Privada","cla_ips":"Profesional Independiente","cod_capa_reps":25,"nom_capa_reps":"SALAS","cantidad":1,"serv_capa_reps":"Procedimientos","descrip_capa":"SALAS - Procedimientos"}},{"type":"Feature","id":"ads_ips_capacidad_reps.fid--215d4958_1a0d9e21907_408b","geometry":{"type":"Point","coordinates":[-76.54419841,3.4208206]},"geometry_name":"the_geom","properties":{"consec":443,"gid":1529,"habili":"7600106515","sede":"01","cod_hab":760010651501,"nombre_ips":"CICLO VITAL COLOMBIA LIMITADA","direccion":"KR 42 # 5C - 53","barrio":"Urbanización Tequendama","id_com_cor":"19","comu_corre":"Comuna 19","natu_ips":"Privada","cla_ips":"Instituciones - IPS","cod_capa_reps":11,"nom_capa_reps":"CAMAS","cantidad":42,"serv_capa_reps":"Psiquiatría","descrip_capa":"CAMAS - Psiquiatría"}},{"type":"Feature","id":"ads_ips_capacidad_reps.fid--215d4958_1a0d9e21907_408c","geometry":{"type":"Point","coordinates":[-76.54419841,3.4208206]},"geometry_name":"the_geom","properties":{"consec":444,"gid":1529,"habili":"7600106515","sede":"01","cod_hab":760010651501,"nombre_ips":"CICLO VITAL COLOMBIA LIMITADA","direccion":"KR 42 # 5C - 53","barrio":"Urbanización Tequendama","id_com_cor":"19","comu_corre":"Comuna 19","natu_ips":"Privada","cla_ips":"Instituciones - IPS","cod_capa_reps":26,"nom_capa_reps":"CAMAS","cantidad":50,"serv_capa_reps":"Salud Mental","descrip_capa":"CAMAS - Salud Mental"}},{"type":"Feature","id":"ads_ips_capacidad_reps.fid--215d4958_1a0d9e21907_408d","geometry":{"type":"Point","coordinates":[-76.55045671,3.38731476]},"geometry_name":"the_geom","properties":{"consec":1057,"gid":372,"habili":"7600106527","sede":"04","cod_hab":760010652704,"nombre_ips":"UCI DUMIAN LOS CHORROS","direccion":"KR 78 # 2A - 00","barrio":"Nápoles","id_com_cor":"18","comu_corre":"Comuna 18","natu_ips":"Privada","cla_ips":"Instituciones - IPS","cod_capa_reps":8,"nom_capa_reps":"CAMAS","cantidad":4,"serv_capa_reps":"Cuidado Intermedio Adulto","descrip_capa":"CAMAS - Cuidado Intermedio Adulto"}},{"type":"Feature","id":"ads_ips_capacidad_reps.fid--215d4958_1a0d9e21907_408e","geometry":{"type":"Point","coordinates":[-76.55045671,3.38731476]},"geometry_name":"the_geom","properties":{"consec":1058,"gid":372,"habili":"7600106527","sede":"04","cod_hab":760010652704,"nombre_ips":"UCI DUMIAN LOS CHORROS","direccion":"KR 78 # 2A - 00","barrio":"Nápoles","id_com_cor":"18","comu_corre":"Comuna 18","natu_ips":"Privada","cla_ips":"Instituciones - IPS","cod_capa_reps":9,"nom_capa_reps":"CAMAS","cantidad":14,"serv_capa_reps":"Cuidado Intensivo Adulto","descrip_capa":"CAMAS - Cuidado Intensivo Adulto"}},{"type":"Feature","id":"ads_ips_capacidad_reps.fid--215d4958_1a0d9e21907_408f","geometry":{"type":"Point","coordinates":[-76.54523418,3.42442798]},"geometry_name":"the_geom","properties":{"consec":445,"gid":2639,"habili":"7600106568","sede":"01","cod_hab":760010656801,"nombre_ips":"Adriana Raquel Cruz Aconcha","direccion":"CL 5B # 38 - 44","barrio":"San Fernando Nuevo","id_com_cor":"19","comu_corre":"Comuna 19","natu_ips":"Privada","cla_ips":"Profesional Independiente","cod_capa_reps":25,"nom_capa_reps":"SALAS","cantidad":1,"serv_capa_reps":"Procedimientos","descrip_capa":"SALAS - Procedimientos"}},{"type":"Feature","id":"ads_ips_capacidad_reps.fid--215d4958_1a0d9e21907_4090","geometry":{"type":"Point","coordinates":[-76.54705646,3.42060907]},"geometry_name":"the_geom","properties":{"consec":446,"gid":1503,"habili":"7600106688","sede":"10","cod_hab":760010668810,"nombre_ips":"TODOMED LTDA DOMICILIARIA 2","direccion":"KR 43 # 5A - 22","barrio":"Urbanización Tequendama","id_com_cor":"19","comu_corre":"Comuna 19","natu_ips":"Privada","cla_ips":"Instituciones - IPS","cod_capa_reps":2,"nom_capa_reps":"CAMAS","cantidad":7,"serv_capa_reps":"Adultos","descrip_capa":"CAMAS - Adultos"}},{"type":"Feature","id":"ads_ips_capacidad_reps.fid--215d4958_1a0d9e21907_4091","geometry":{"type":"Point","coordinates":[-76.53916487,3.42173602]},"geometry_name":"the_geom","properties":{"consec":447,"gid":1629,"habili":"7600106709","sede":"01","cod_hab":760010670901,"nombre_ips":"MEDICAMENTOS ESPECIALIZADOS S.A.","direccion":"KR 39 # 8A - 09","barrio":"Eucaristico","id_com_cor":"19","comu_corre":"Comuna 19","natu_ips":"Privada","cla_ips":"Instituciones - IPS","cod_capa_reps":25,"nom_capa_reps":"SALAS","cantidad":1,"serv_capa_reps":"Procedimientos","descrip_capa":"SALAS - Procedimientos"}},{"type":"Feature","id":"ads_ips_capacidad_reps.fid--215d4958_1a0d9e21907_4092","geometry":{"type":"Point","coordinates":[-76.53430798,3.43243321]},"geometry_name":"the_geom","properties":{"consec":450,"gid":3171,"habili":"7600106718","sede":"01","cod_hab":760010671801,"nombre_ips":"S.A.M.U. LTDA SERVICIO Y ATENCION MEDICA DE URGENCIAS LIMITADA","direccion":"TV 9B # 27 - 40","barrio":"Champagnat","id_com_cor":"19","comu_corre":"Comuna 19","natu_ips":"Privada","cla_ips":"Transporte Especial de Pacientes","cod_capa_reps":15,"nom_capa_reps":"AMBULANCIAS","cantidad":1,"serv_capa_reps":"Básica","descrip_capa":"AMBULANCIAS - Básica"}},{"type":"Feature","id":"ads_ips_capacidad_reps.fid--215d4958_1a0d9e21907_4093","geometry":{"type":"Point","coordinates":[-76.53430798,3.43243321]},"geometry_name":"the_geom","properties":{"consec":449,"gid":3171,"habili":"7600106718","sede":"01","cod_hab":760010671801,"nombre_ips":"S.A.M.U. LTDA SERVICIO Y ATENCION MEDICA DE URGENCIAS LIMITADA","direccion":"TV 9B # 27 - 40","barrio":"Champagnat","id_com_cor":"19","comu_corre":"Comuna 19","natu_ips":"Privada","cla_ips":"Transporte Especial de Pacientes","cod_capa_reps":15,"nom_capa_reps":"AMBULANCIAS","cantidad":1,"serv_capa_reps":"Básica","descrip_capa":"AMBULANCIAS - Básica"}},{"type":"Feature","id":"ads_ips_capacidad_reps.fid--215d4958_1a0d9e21907_4094","geometry":{"type":"Point","coordinates":[-76.53430798,3.43243321]},"geometry_name":"the_geom","properties":{"consec":448,"gid":3171,"habili":"7600106718","sede":"01","cod_hab":760010671801,"nombre_ips":"S.A.M.U. LTDA SERVICIO Y ATENCION MEDICA DE URGENCIAS LIMITADA","direccion":"TV 9B # 27 - 40","barrio":"Champagnat","id_com_cor":"19","comu_corre":"Comuna 19","natu_ips":"Privada","cla_ips":"Transporte Especial de Pacientes","cod_capa_reps":15,"nom_capa_reps":"AMBULANCIAS","cantidad":1,"serv_capa_reps":"Básica","descrip_capa":"AMBULANCIAS - Básica"}},{"type":"Feature","id":"ads_ips_capacidad_reps.fid--215d4958_1a0d9e21907_4095","geometry":{"type":"Point","coordinates":[-76.53430798,3.43243321]},"geometry_name":"the_geom","properties":{"consec":451,"gid":3171,"habili":"7600106718","sede":"01","cod_hab":760010671801,"nombre_ips":"S.A.M.U. LTDA SERVICIO Y ATENCION MEDICA DE URGENCIAS LIMITADA","direccion":"TV 9B # 27 - 40","barrio":"Champagnat","id_com_cor":"19","comu_corre":"Comuna 19","natu_ips":"Privada","cla_ips":"Transporte Especial de Pacientes","cod_capa_reps":16,"nom_capa_reps":"AMBULANCIAS","cantidad":1,"serv_capa_reps":"Medicalizada","descrip_capa":"AMBULANCIAS - Medicalizada"}},{"type":"Feature","id":"ads_ips_capacidad_reps.fid--215d4958_1a0d9e21907_4096","geometry":{"type":"Point","coordinates":[-76.5436057,3.42524561]},"geometry_name":"the_geom","properties":{"consec":452,"gid":2707,"habili":"7600106722","sede":"01","cod_hab":760010672201,"nombre_ips":"ERNESTO DUEÑAS VANIN","direccion":"CL 5B4 # 38 - 54","barrio":"San Fernando Nuevo","id_com_cor":"19","comu_corre":"Comuna 19","natu_ips":"Privada","cla_ips":"Profesional Independiente","cod_capa_reps":25,"nom_capa_reps":"SALAS","cantidad":1,"serv_capa_reps":"Procedimientos","descrip_capa":"SALAS - Procedimientos"}},{"type":"Feature","id":"ads_ips_capacidad_reps.fid--215d4958_1a0d9e21907_4097","geometry":{"type":"Point","coordinates":[-76.54433576,3.40189942]},"geometry_name":"the_geom","properties":{"consec":455,"gid":555,"habili":"7600106760","sede":"01","cod_hab":760010676001,"nombre_ips":"EMERMEDICA SA","direccion":"CL 9 # 63 - 04","barrio":"Cañaveralejo - Seguros Patria","id_com_cor":"19","comu_corre":"Comuna 19","natu_ips":"Privada","cla_ips":"Instituciones - IPS","cod_capa_reps":15,"nom_capa_reps":"AMBULANCIAS","cantidad":1,"serv_capa_reps":"Básica","descrip_capa":"AMBULANCIAS - Básica"}},{"type":"Feature","id":"ads_ips_capacidad_reps.fid--215d4958_1a0d9e21907_4098","geometry":{"type":"Point","coordinates":[-76.54433576,3.40189942]},"geometry_name":"the_geom","properties":{"consec":453,"gid":555,"habili":"7600106760","sede":"01","cod_hab":760010676001,"nombre_ips":"EMERMEDICA SA","direccion":"CL 9 # 63 - 04","barrio":"Cañaveralejo - Seguros Patria","id_com_cor":"19","comu_corre":"Comuna 19","natu_ips":"Privada","cla_ips":"Instituciones - IPS","cod_capa_reps":15,"nom_capa_reps":"AMBULANCIAS","cantidad":1,"serv_capa_reps":"Básica","descrip_capa":"AMBULANCIAS - Básica"}},{"type":"Feature","id":"ads_ips_capacidad_reps.fid--215d4958_1a0d9e21907_4099","geometry":{"type":"Point","coordinates":[-76.54433576,3.40189942]},"geometry_name":"the_geom","properties":{"consec":454,"gid":555,"habili":"7600106760","sede":"01","cod_hab":760010676001,"nombre_ips":"EMERMEDICA SA","direccion":"CL 9 # 63 - 04","barrio":"Cañaveralejo - Seguros Patria","id_com_cor":"19","comu_corre":"Comuna 19","natu_ips":"Privada","cla_ips":"Instituciones - IPS","cod_capa_reps":15,"nom_capa_reps":"AMBULANCIAS","cantidad":1,"serv_capa_reps":"Básica","descrip_capa":"AMBULANCIAS - Básica"}},{"type":"Feature","id":"ads_ips_capacidad_reps.fid--215d4958_1a0d9e21907_409a","geometry":{"type":"Point","coordinates":[-76.54433576,3.40189942]},"geometry_name":"the_geom","properties":{"consec":456,"gid":555,"habili":"7600106760","sede":"01","cod_hab":760010676001,"nombre_ips":"EMERMEDICA SA","direccion":"CL 9 # 63 - 04","barrio":"Cañaveralejo - Seguros Patria","id_com_cor":"19","comu_corre":"Comuna 19","natu_ips":"Privada","cla_ips":"Instituciones - IPS","cod_capa_reps":16,"nom_capa_reps":"AMBULANCIAS","cantidad":1,"serv_capa_reps":"Medicalizada","descrip_capa":"AMBULANCIAS - Medicalizada"}},{"type":"Feature","id":"ads_ips_capacidad_reps.fid--215d4958_1a0d9e21907_409b","geometry":{"type":"Point","coordinates":[-76.54399298,3.42615444]},"geometry_name":"the_geom","properties":{"consec":457,"gid":2781,"habili":"7600106862","sede":"01","cod_hab":760010686201,"nombre_ips":"Victor Adolfo Benitez Campo","direccion":"CL 5B3 # 38 - 44","barrio":"San Fernando Nuevo","id_com_cor":"19","comu_corre":"Comuna 19","natu_ips":"Privada","cla_ips":"Profesional Independiente","cod_capa_reps":25,"nom_capa_reps":"SALAS","cantidad":1,"serv_capa_reps":"Procedimientos","descrip_capa":"SALAS - Procedimientos"}},{"type":"Feature","id":"ads_ips_capacidad_reps.fid--215d4958_1a0d9e21907_409c","geometry":{"type":"Point","coordinates":[-76.54590502,3.42067177]},"geometry_name":"the_geom","properties":{"consec":458,"gid":1520,"habili":"7600106892","sede":"01","cod_hab":760010689201,"nombre_ips":"LONGEVOS","direccion":"CL 5B # 42A - 27","barrio":"Urbanización Tequendama","id_com_cor":"19","comu_corre":"Comuna 19","natu_ips":"Privada","cla_ips":"Instituciones - IPS","cod_capa_reps":25,"nom_capa_reps":"SALAS","cantidad":1,"serv_capa_reps":"Procedimientos","descrip_capa":"SALAS - Procedimientos"}},{"type":"Feature","id":"ads_ips_capacidad_reps.fid--215d4958_1a0d9e21907_409d","geometry":{"type":"Point","coordinates":[-76.5307163,3.42851629]},"geometry_name":"the_geom","properties":{"consec":464,"gid":3029,"habili":"7600106915","sede":"01","cod_hab":760010691501,"nombre_ips":"SOPORTE VITAL CALI","direccion":"KR 29A1 # 10A - 63","barrio":"Urbanización Colseguros","id_com_cor":"19","comu_corre":"Comuna 19","natu_ips":"Privada","cla_ips":"Instituciones - IPS","cod_capa_reps":15,"nom_capa_reps":"AMBULANCIAS","cantidad":1,"serv_capa_reps":"Básica","descrip_capa":"AMBULANCIAS - Básica"}},{"type":"Feature","id":"ads_ips_capacidad_reps.fid--215d4958_1a0d9e21907_409e","geometry":{"type":"Point","coordinates":[-76.5307163,3.42851629]},"geometry_name":"the_geom","properties":{"consec":465,"gid":3029,"habili":"7600106915","sede":"01","cod_hab":760010691501,"nombre_ips":"SOPORTE VITAL CALI","direccion":"KR 29A1 # 10A - 63","barrio":"Urbanización Colseguros","id_com_cor":"19","comu_corre":"Comuna 19","natu_ips":"Privada","cla_ips":"Instituciones - IPS","cod_capa_reps":15,"nom_capa_reps":"AMBULANCIAS","cantidad":1,"serv_capa_reps":"Básica","descrip_capa":"AMBULANCIAS - Básica"}},{"type":"Feature","id":"ads_ips_capacidad_reps.fid--215d4958_1a0d9e21907_409f","geometry":{"type":"Point","coordinates":[-76.5307163,3.42851629]},"geometry_name":"the_geom","properties":{"consec":466,"gid":3029,"habili":"7600106915","sede":"01","cod_hab":760010691501,"nombre_ips":"SOPORTE VITAL CALI","direccion":"KR 29A1 # 10A - 63","barrio":"Urbanización Colseguros","id_com_cor":"19","comu_corre":"Comuna 19","natu_ips":"Privada","cla_ips":"Instituciones - IPS","cod_capa_reps":15,"nom_capa_reps":"AMBULANCIAS","cantidad":1,"serv_capa_reps":"Básica","descrip_capa":"AMBULANCIAS - Básica"}},{"type":"Feature","id":"ads_ips_capacidad_reps.fid--215d4958_1a0d9e21907_40a0","geometry":{"type":"Point","coordinates":[-76.5307163,3.42851629]},"geometry_name":"the_geom","properties":{"consec":467,"gid":3029,"habili":"7600106915","sede":"01","cod_hab":760010691501,"nombre_ips":"SOPORTE VITAL CALI","direccion":"KR 29A1 # 10A - 63","barrio":"Urbanización Colseguros","id_com_cor":"19","comu_corre":"Comuna 19","natu_ips":"Privada","cla_ips":"Instituciones - IPS","cod_capa_reps":15,"nom_capa_reps":"AMBULANCIAS","cantidad":1,"serv_capa_reps":"Básica","descrip_capa":"AMBULANCIAS - Básica"}},{"type":"Feature","id":"ads_ips_capacidad_reps.fid--215d4958_1a0d9e21907_40a1","geometry":{"type":"Point","coordinates":[-76.5307163,3.42851629]},"geometry_name":"the_geom","properties":{"consec":468,"gid":3029,"habili":"7600106915","sede":"01","cod_hab":760010691501,"nombre_ips":"SOPORTE VITAL CALI","direccion":"KR 29A1 # 10A - 63","barrio":"Urbanización Colseguros","id_com_cor":"19","comu_corre":"Comuna 19","natu_ips":"Privada","cla_ips":"Instituciones - IPS","cod_capa_reps":15,"nom_capa_reps":"AMBULANCIAS","cantidad":1,"serv_capa_reps":"Básica","descrip_capa":"AMBULANCIAS - Básica"}},{"type":"Feature","id":"ads_ips_capacidad_reps.fid--215d4958_1a0d9e21907_40a2","geometry":{"type":"Point","coordinates":[-76.5307163,3.42851629]},"geometry_name":"the_geom","properties":{"consec":469,"gid":3029,"habili":"7600106915","sede":"01","cod_hab":760010691501,"nombre_ips":"SOPORTE VITAL CALI","direccion":"KR 29A1 # 10A - 63","barrio":"Urbanización Colseguros","id_com_cor":"19","comu_corre":"Comuna 19","natu_ips":"Privada","cla_ips":"Instituciones - IPS","cod_capa_reps":15,"nom_capa_reps":"AMBULANCIAS","cantidad":1,"serv_capa_reps":"Básica","descrip_capa":"AMBULANCIAS - Básica"}},{"type":"Feature","id":"ads_ips_capacidad_reps.fid--215d4958_1a0d9e21907_40a3","geometry":{"type":"Point","coordinates":[-76.5307163,3.42851629]},"geometry_name":"the_geom","properties":{"consec":470,"gid":3029,"habili":"7600106915","sede":"01","cod_hab":760010691501,"nombre_ips":"SOPORTE VITAL CALI","direccion":"KR 29A1 # 10A - 63","barrio":"Urbanización Colseguros","id_com_cor":"19","comu_corre":"Comuna 19","natu_ips":"Privada","cla_ips":"Instituciones - IPS","cod_capa_reps":15,"nom_capa_reps":"AMBULANCIAS","cantidad":1,"serv_capa_reps":"Básica","descrip_capa":"AMBULANCIAS - Básica"}},{"type":"Feature","id":"ads_ips_capacidad_reps.fid--215d4958_1a0d9e21907_40a4","geometry":{"type":"Point","coordinates":[-76.5307163,3.42851629]},"geometry_name":"the_geom","properties":{"consec":462,"gid":3029,"habili":"7600106915","sede":"01","cod_hab":760010691501,"nombre_ips":"SOPORTE VITAL CALI","direccion":"KR 29A1 # 10A - 63","barrio":"Urbanización Colseguros","id_com_cor":"19","comu_corre":"Comuna 19","natu_ips":"Privada","cla_ips":"Instituciones - IPS","cod_capa_reps":15,"nom_capa_reps":"AMBULANCIAS","cantidad":1,"serv_capa_reps":"Básica","descrip_capa":"AMBULANCIAS - Básica"}},{"type":"Feature","id":"ads_ips_capacidad_reps.fid--215d4958_1a0d9e21907_40a5","geometry":{"type":"Point","coordinates":[-76.5307163,3.42851629]},"geometry_name":"the_geom","properties":{"consec":460,"gid":3029,"habili":"7600106915","sede":"01","cod_hab":760010691501,"nombre_ips":"SOPORTE VITAL CALI","direccion":"KR 29A1 # 10A - 63","barrio":"Urbanización Colseguros","id_com_cor":"19","comu_corre":"Comuna 19","natu_ips":"Privada","cla_ips":"Instituciones - IPS","cod_capa_reps":15,"nom_capa_reps":"AMBULANCIAS","cantidad":1,"serv_capa_reps":"Básica","descrip_capa":"AMBULANCIAS - Básica"}},{"type":"Feature","id":"ads_ips_capacidad_reps.fid--215d4958_1a0d9e21907_40a6","geometry":{"type":"Point","coordinates":[-76.5307163,3.42851629]},"geometry_name":"the_geom","properties":{"consec":461,"gid":3029,"habili":"7600106915","sede":"01","cod_hab":760010691501,"nombre_ips":"SOPORTE VITAL CALI","direccion":"KR 29A1 # 10A - 63","barrio":"Urbanización Colseguros","id_com_cor":"19","comu_corre":"Comuna 19","natu_ips":"Privada","cla_ips":"Instituciones - IPS","cod_capa_reps":15,"nom_capa_reps":"AMBULANCIAS","cantidad":1,"serv_capa_reps":"Básica","descrip_capa":"AMBULANCIAS - Básica"}},{"type":"Feature","id":"ads_ips_capacidad_reps.fid--215d4958_1a0d9e21907_40a7","geometry":{"type":"Point","coordinates":[-76.5307163,3.42851629]},"geometry_name":"the_geom","properties":{"consec":459,"gid":3029,"habili":"7600106915","sede":"01","cod_hab":760010691501,"nombre_ips":"SOPORTE VITAL CALI","direccion":"KR 29A1 # 10A - 63","barrio":"Urbanización Colseguros","id_com_cor":"19","comu_corre":"Comuna 19","natu_ips":"Privada","cla_ips":"Instituciones - IPS","cod_capa_reps":15,"nom_capa_reps":"AMBULANCIAS","cantidad":1,"serv_capa_reps":"Básica","descrip_capa":"AMBULANCIAS - Básica"}},{"type":"Feature","id":"ads_ips_capacidad_reps.fid--215d4958_1a0d9e21907_40a8","geometry":{"type":"Point","coordinates":[-76.5307163,3.42851629]},"geometry_name":"the_geom","properties":{"consec":463,"gid":3029,"habili":"7600106915","sede":"01","cod_hab":760010691501,"nombre_ips":"SOPORTE VITAL CALI","direccion":"KR 29A1 # 10A - 63","barrio":"Urbanización Colseguros","id_com_cor":"19","comu_corre":"Comuna 19","natu_ips":"Privada","cla_ips":"Instituciones - IPS","cod_capa_reps":15,"nom_capa_reps":"AMBULANCIAS","cantidad":1,"serv_capa_reps":"Básica","descrip_capa":"AMBULANCIAS - Básica"}},{"type":"Feature","id":"ads_ips_capacidad_reps.fid--215d4958_1a0d9e21907_40a9","geometry":{"type":"Point","coordinates":[-76.5307163,3.42851629]},"geometry_name":"the_geom","properties":{"consec":474,"gid":3029,"habili":"7600106915","sede":"01","cod_hab":760010691501,"nombre_ips":"SOPORTE VITAL CALI","direccion":"KR 29A1 # 10A - 63","barrio":"Urbanización Colseguros","id_com_cor":"19","comu_corre":"Comuna 19","natu_ips":"Privada","cla_ips":"Instituciones - IPS","cod_capa_reps":16,"nom_capa_reps":"AMBULANCIAS","cantidad":1,"serv_capa_reps":"Medicalizada","descrip_capa":"AMBULANCIAS - Medicalizada"}},{"type":"Feature","id":"ads_ips_capacidad_reps.fid--215d4958_1a0d9e21907_40aa","geometry":{"type":"Point","coordinates":[-76.5307163,3.42851629]},"geometry_name":"the_geom","properties":{"consec":471,"gid":3029,"habili":"7600106915","sede":"01","cod_hab":760010691501,"nombre_ips":"SOPORTE VITAL CALI","direccion":"KR 29A1 # 10A - 63","barrio":"Urbanización Colseguros","id_com_cor":"19","comu_corre":"Comuna 19","natu_ips":"Privada","cla_ips":"Instituciones - IPS","cod_capa_reps":16,"nom_capa_reps":"AMBULANCIAS","cantidad":1,"serv_capa_reps":"Medicalizada","descrip_capa":"AMBULANCIAS - Medicalizada"}},{"type":"Feature","id":"ads_ips_capacidad_reps.fid--215d4958_1a0d9e21907_40ab","geometry":{"type":"Point","coordinates":[-76.5307163,3.42851629]},"geometry_name":"the_geom","properties":{"consec":472,"gid":3029,"habili":"7600106915","sede":"01","cod_hab":760010691501,"nombre_ips":"SOPORTE VITAL CALI","direccion":"KR 29A1 # 10A - 63","barrio":"Urbanización Colseguros","id_com_cor":"19","comu_corre":"Comuna 19","natu_ips":"Privada","cla_ips":"Instituciones - IPS","cod_capa_reps":16,"nom_capa_reps":"AMBULANCIAS","cantidad":1,"serv_capa_reps":"Medicalizada","descrip_capa":"AMBULANCIAS - Medicalizada"}},{"type":"Feature","id":"ads_ips_capacidad_reps.fid--215d4958_1a0d9e21907_40ac","geometry":{"type":"Point","coordinates":[-76.5307163,3.42851629]},"geometry_name":"the_geom","properties":{"consec":473,"gid":3029,"habili":"7600106915","sede":"01","cod_hab":760010691501,"nombre_ips":"SOPORTE VITAL CALI","direccion":"KR 29A1 # 10A - 63","barrio":"Urbanización Colseguros","id_com_cor":"19","comu_corre":"Comuna 19","natu_ips":"Privada","cla_ips":"Instituciones - IPS","cod_capa_reps":16,"nom_capa_reps":"AMBULANCIAS","cantidad":1,"serv_capa_reps":"Medicalizada","descrip_capa":"AMBULANCIAS - Medicalizada"}},{"type":"Feature","id":"ads_ips_capacidad_reps.fid--215d4958_1a0d9e21907_40ad","geometry":{"type":"Point","coordinates":[-76.54307508,3.42237238]},"geometry_name":"the_geom","properties":{"consec":475,"gid":1748,"habili":"7600106938","sede":"01","cod_hab":760010693801,"nombre_ips":"SISANAR S.A.","direccion":"KR 39A # 5D - 75","barrio":"Urbanización Tequendama","id_com_cor":"19","comu_corre":"Comuna 19","natu_ips":"Privada","cla_ips":"Instituciones - IPS","cod_capa_reps":2,"nom_capa_reps":"CAMAS","cantidad":2,"serv_capa_reps":"Adultos","descrip_capa":"CAMAS - Adultos"}},{"type":"Feature","id":"ads_ips_capacidad_reps.fid--215d4958_1a0d9e21907_40ae","geometry":{"type":"Point","coordinates":[-76.51170779,3.47123039]},"geometry_name":"the_geom","properties":{"consec":477,"gid":4506,"habili":"7600107011","sede":"01","cod_hab":760010701101,"nombre_ips":"PSV PARAMEDICOS SALVANDO VIDAS E.U.","direccion":"CL 43A # 4 NORTE - 65","barrio":"Ignacio Rengifo","id_com_cor":"04","comu_corre":"Comuna 04","natu_ips":"Privada","cla_ips":"Transporte Especial de Pacientes","cod_capa_reps":15,"nom_capa_reps":"AMBULANCIAS","cantidad":1,"serv_capa_reps":"Básica","descrip_capa":"AMBULANCIAS - Básica"}},{"type":"Feature","id":"ads_ips_capacidad_reps.fid--215d4958_1a0d9e21907_40af","geometry":{"type":"Point","coordinates":[-76.51170779,3.47123039]},"geometry_name":"the_geom","properties":{"consec":476,"gid":4506,"habili":"7600107011","sede":"01","cod_hab":760010701101,"nombre_ips":"PSV PARAMEDICOS SALVANDO VIDAS E.U.","direccion":"CL 43A # 4 NORTE - 65","barrio":"Ignacio Rengifo","id_com_cor":"04","comu_corre":"Comuna 04","natu_ips":"Privada","cla_ips":"Transporte Especial de Pacientes","cod_capa_reps":15,"nom_capa_reps":"AMBULANCIAS","cantidad":1,"serv_capa_reps":"Básica","descrip_capa":"AMBULANCIAS - Básica"}},{"type":"Feature","id":"ads_ips_capacidad_reps.fid--215d4958_1a0d9e21907_40b0","geometry":{"type":"Point","coordinates":[-76.5247853,3.46255033]},"geometry_name":"the_geom","properties":{"consec":478,"gid":4162,"habili":"7600107047","sede":"01","cod_hab":760010704701,"nombre_ips":"IPS OCUPACIONAL SANTA CLARA S.A.S","direccion":"CL 23A NORTE # 2 - 75","barrio":"San Vicente","id_com_cor":"02","comu_corre":"Comuna 02","natu_ips":"Privada","cla_ips":"Instituciones - IPS","cod_capa_reps":25,"nom_capa_reps":"SALAS","cantidad":5,"serv_capa_reps":"Procedimientos","descrip_capa":"SALAS - Procedimientos"}},{"type":"Feature","id":"ads_ips_capacidad_reps.fid--215d4958_1a0d9e21907_40b1","geometry":{"type":"Point","coordinates":[-76.53905203,3.41655559]},"geometry_name":"the_geom","properties":{"consec":479,"gid":1147,"habili":"7600107049","sede":"01","cod_hab":760010704901,"nombre_ips":"VIVA 1A IPS CALI","direccion":"KR 44 # 9A - 31","barrio":"Los Cámbulos","id_com_cor":"19","comu_corre":"Comuna 19","natu_ips":"Privada","cla_ips":"Instituciones - IPS","cod_capa_reps":25,"nom_capa_reps":"SALAS","cantidad":1,"serv_capa_reps":"Procedimientos","descrip_capa":"SALAS - Procedimientos"}},{"type":"Feature","id":"ads_ips_capacidad_reps.fid--215d4958_1a0d9e21907_40b2","geometry":{"type":"Point","coordinates":[-76.54518162,3.41837119]},"geometry_name":"the_geom","properties":{"consec":482,"gid":1222,"habili":"7600107059","sede":"04","cod_hab":760010705904,"nombre_ips":"\"COOPERATIVA DE SERVICIOS SOLIDARIOS DE SALUD EMSSANAR LTDA \"\"COOEMSSANAR IPS\"\" - CALI TEQUENDAMA 44\"","direccion":"KR 44 # 5C - 62","barrio":"Urbanización Tequendama","id_com_cor":"19","comu_corre":"Comuna 19","natu_ips":"Privada","cla_ips":"Instituciones - IPS","cod_capa_reps":25,"nom_capa_reps":"SALAS","cantidad":1,"serv_capa_reps":"Procedimientos","descrip_capa":"SALAS - Procedimientos"}},{"type":"Feature","id":"ads_ips_capacidad_reps.fid--215d4958_1a0d9e21907_40b3","geometry":{"type":"Point","coordinates":[-76.54470465,3.42271489]},"geometry_name":"the_geom","properties":{"consec":483,"gid":1822,"habili":"7600107059","sede":"11","cod_hab":760010705911,"nombre_ips":"COOPERATIVA DE SERVICIOS SOLIDARIOS DE SALUD COOEMSSANAR IPS - TEQUENDAMA 40","direccion":"KR 40 # 5B - 63","barrio":"Urbanización Tequendama","id_com_cor":"19","comu_corre":"Comuna 19","natu_ips":"Privada","cla_ips":"Instituciones - IPS","cod_capa_reps":25,"nom_capa_reps":"SALAS","cantidad":1,"serv_capa_reps":"Procedimientos","descrip_capa":"SALAS - Procedimientos"}},{"type":"Feature","id":"ads_ips_capacidad_reps.fid--215d4958_1a0d9e21907_40b4","geometry":{"type":"Point","coordinates":[-76.54493241,3.42266493]},"geometry_name":"the_geom","properties":{"consec":484,"gid":1813,"habili":"7600107059","sede":"14","cod_hab":760010705914,"nombre_ips":"TEQUENDAMA CONTRIBUTIVO CONSULTA EXTERNA","direccion":"KR 40 # 5B - 30","barrio":"Urbanización Tequendama","id_com_cor":"19","comu_corre":"Comuna 19","natu_ips":"Privada","cla_ips":"Instituciones - IPS","cod_capa_reps":25,"nom_capa_reps":"SALAS","cantidad":1,"serv_capa_reps":"Procedimientos","descrip_capa":"SALAS - Procedimientos"}},{"type":"Feature","id":"ads_ips_capacidad_reps.fid--215d4958_1a0d9e21907_40b5","geometry":{"type":"Point","coordinates":[-76.5242912,3.43478257]},"geometry_name":"the_geom","properties":{"consec":485,"gid":3267,"habili":"7600107164","sede":"01","cod_hab":760010716401,"nombre_ips":"ABC COLOMBIA E.U.","direccion":"CL 16 # 23B - 16","barrio":"Junín","id_com_cor":"09","comu_corre":"Comuna 09","natu_ips":"Privada","cla_ips":"Transporte Especial de Pacientes","cod_capa_reps":15,"nom_capa_reps":"AMBULANCIAS","cantidad":1,"serv_capa_reps":"Básica","descrip_capa":"AMBULANCIAS - Básica"}},{"type":"Feature","id":"ads_ips_capacidad_reps.fid--215d4958_1a0d9e21907_40b6","geometry":{"type":"Point","coordinates":[-76.52518434,3.46196601]},"geometry_name":"the_geom","properties":{"consec":486,"gid":4136,"habili":"7600107184","sede":"01","cod_hab":760010718401,"nombre_ips":"Endosalud de Occidente S.A.","direccion":"CL 23 NORTE # 2 - 66","barrio":"San Vicente","id_com_cor":"02","comu_corre":"Comuna 02","natu_ips":"Privada","cla_ips":"Instituciones - IPS","cod_capa_reps":25,"nom_capa_reps":"SALAS","cantidad":1,"serv_capa_reps":"Procedimientos","descrip_capa":"SALAS - Procedimientos"}},{"type":"Feature","id":"ads_ips_capacidad_reps.fid--215d4958_1a0d9e21907_40b7","geometry":{"type":"Point","coordinates":[-76.51411702,3.44431969]},"geometry_name":"the_geom","properties":{"consec":491,"gid":3480,"habili":"7600107271","sede":"01","cod_hab":760010727101,"nombre_ips":"PARAMEDICOS CALI E.U.","direccion":"CL 31 # 16 - 15","barrio":"La Floresta","id_com_cor":"08","comu_corre":"Comuna 08","natu_ips":"Privada","cla_ips":"Transporte Especial de Pacientes","cod_capa_reps":15,"nom_capa_reps":"AMBULANCIAS","cantidad":1,"serv_capa_reps":"Básica","descrip_capa":"AMBULANCIAS - Básica"}},{"type":"Feature","id":"ads_ips_capacidad_reps.fid--215d4958_1a0d9e21907_40b8","geometry":{"type":"Point","coordinates":[-76.51411702,3.44431969]},"geometry_name":"the_geom","properties":{"consec":492,"gid":3480,"habili":"7600107271","sede":"01","cod_hab":760010727101,"nombre_ips":"PARAMEDICOS CALI E.U.","direccion":"CL 31 # 16 - 15","barrio":"La Floresta","id_com_cor":"08","comu_corre":"Comuna 08","natu_ips":"Privada","cla_ips":"Transporte Especial de Pacientes","cod_capa_reps":15,"nom_capa_reps":"AMBULANCIAS","cantidad":1,"serv_capa_reps":"Básica","descrip_capa":"AMBULANCIAS - Básica"}},{"type":"Feature","id":"ads_ips_capacidad_reps.fid--215d4958_1a0d9e21907_40b9","geometry":{"type":"Point","coordinates":[-76.51411702,3.44431969]},"geometry_name":"the_geom","properties":{"consec":487,"gid":3480,"habili":"7600107271","sede":"01","cod_hab":760010727101,"nombre_ips":"PARAMEDICOS CALI E.U.","direccion":"CL 31 # 16 - 15","barrio":"La Floresta","id_com_cor":"08","comu_corre":"Comuna 08","natu_ips":"Privada","cla_ips":"Transporte Especial de Pacientes","cod_capa_reps":15,"nom_capa_reps":"AMBULANCIAS","cantidad":1,"serv_capa_reps":"Básica","descrip_capa":"AMBULANCIAS - Básica"}},{"type":"Feature","id":"ads_ips_capacidad_reps.fid--215d4958_1a0d9e21907_40ba","geometry":{"type":"Point","coordinates":[-76.51411702,3.44431969]},"geometry_name":"the_geom","properties":{"consec":490,"gid":3480,"habili":"7600107271","sede":"01","cod_hab":760010727101,"nombre_ips":"PARAMEDICOS CALI E.U.","direccion":"CL 31 # 16 - 15","barrio":"La Floresta","id_com_cor":"08","comu_corre":"Comuna 08","natu_ips":"Privada","cla_ips":"Transporte Especial de Pacientes","cod_capa_reps":15,"nom_capa_reps":"AMBULANCIAS","cantidad":1,"serv_capa_reps":"Básica","descrip_capa":"AMBULANCIAS - Básica"}},{"type":"Feature","id":"ads_ips_capacidad_reps.fid--215d4958_1a0d9e21907_40bb","geometry":{"type":"Point","coordinates":[-76.51411702,3.44431969]},"geometry_name":"the_geom","properties":{"consec":488,"gid":3480,"habili":"7600107271","sede":"01","cod_hab":760010727101,"nombre_ips":"PARAMEDICOS CALI E.U.","direccion":"CL 31 # 16 - 15","barrio":"La Floresta","id_com_cor":"08","comu_corre":"Comuna 08","natu_ips":"Privada","cla_ips":"Transporte Especial de Pacientes","cod_capa_reps":15,"nom_capa_reps":"AMBULANCIAS","cantidad":1,"serv_capa_reps":"Básica","descrip_capa":"AMBULANCIAS - Básica"}},{"type":"Feature","id":"ads_ips_capacidad_reps.fid--215d4958_1a0d9e21907_40bc","geometry":{"type":"Point","coordinates":[-76.51411702,3.44431969]},"geometry_name":"the_geom","properties":{"consec":489,"gid":3480,"habili":"7600107271","sede":"01","cod_hab":760010727101,"nombre_ips":"PARAMEDICOS CALI E.U.","direccion":"CL 31 # 16 - 15","barrio":"La Floresta","id_com_cor":"08","comu_corre":"Comuna 08","natu_ips":"Privada","cla_ips":"Transporte Especial de Pacientes","cod_capa_reps":15,"nom_capa_reps":"AMBULANCIAS","cantidad":1,"serv_capa_reps":"Básica","descrip_capa":"AMBULANCIAS - Básica"}},{"type":"Feature","id":"ads_ips_capacidad_reps.fid--215d4958_1a0d9e21907_40bd","geometry":{"type":"Point","coordinates":[-76.538555,3.43760632]},"geometry_name":"the_geom","properties":{"consec":493,"gid":3361,"habili":"7600107275","sede":"02","cod_hab":760010727502,"nombre_ips":"FUNDACION CENTRO TERAPEUTICO IMPRONTA IPS ROOSEVELT","direccion":"CL 6 # 24 - 93","barrio":"El Cedro","id_com_cor":"19","comu_corre":"Comuna 19","natu_ips":"Privada","cla_ips":"Instituciones - IPS","cod_capa_reps":25,"nom_capa_reps":"SALAS","cantidad":1,"serv_capa_reps":"Procedimientos","descrip_capa":"SALAS - Procedimientos"}},{"type":"Feature","id":"ads_ips_capacidad_reps.fid--215d4958_1a0d9e21907_40be","geometry":{"type":"Point","coordinates":[-76.53757346,3.45163973]},"geometry_name":"the_geom","properties":{"consec":494,"gid":3681,"habili":"7600107293","sede":"01","cod_hab":760010729301,"nombre_ips":"EMPRESA DE MEDICINA INTEGRAL EMI S.A. SERVICIO DE AMBULANCIA PREPAGADA SUCURSAL CALI","direccion":"AV 1 # 5 NORTE - 55","barrio":"Centenario","id_com_cor":"02","comu_corre":"Comuna 02","natu_ips":"Privada","cla_ips":"Instituciones - IPS","cod_capa_reps":15,"nom_capa_reps":"AMBULANCIAS","cantidad":1,"serv_capa_reps":"Básica","descrip_capa":"AMBULANCIAS - Básica"}},{"type":"Feature","id":"ads_ips_capacidad_reps.fid--215d4958_1a0d9e21907_40bf","geometry":{"type":"Point","coordinates":[-76.53757346,3.45163973]},"geometry_name":"the_geom","properties":{"consec":496,"gid":3681,"habili":"7600107293","sede":"01","cod_hab":760010729301,"nombre_ips":"EMPRESA DE MEDICINA INTEGRAL EMI S.A. SERVICIO DE AMBULANCIA PREPAGADA SUCURSAL CALI","direccion":"AV 1 # 5 NORTE - 55","barrio":"Centenario","id_com_cor":"02","comu_corre":"Comuna 02","natu_ips":"Privada","cla_ips":"Instituciones - IPS","cod_capa_reps":15,"nom_capa_reps":"AMBULANCIAS","cantidad":1,"serv_capa_reps":"Básica","descrip_capa":"AMBULANCIAS - Básica"}},{"type":"Feature","id":"ads_ips_capacidad_reps.fid--215d4958_1a0d9e21907_40c0","geometry":{"type":"Point","coordinates":[-76.53757346,3.45163973]},"geometry_name":"the_geom","properties":{"consec":495,"gid":3681,"habili":"7600107293","sede":"01","cod_hab":760010729301,"nombre_ips":"EMPRESA DE MEDICINA INTEGRAL EMI S.A. SERVICIO DE AMBULANCIA PREPAGADA SUCURSAL CALI","direccion":"AV 1 # 5 NORTE - 55","barrio":"Centenario","id_com_cor":"02","comu_corre":"Comuna 02","natu_ips":"Privada","cla_ips":"Instituciones - IPS","cod_capa_reps":15,"nom_capa_reps":"AMBULANCIAS","cantidad":1,"serv_capa_reps":"Básica","descrip_capa":"AMBULANCIAS - Básica"}},{"type":"Feature","id":"ads_ips_capacidad_reps.fid--215d4958_1a0d9e21907_40c1","geometry":{"type":"Point","coordinates":[-76.53757346,3.45163973]},"geometry_name":"the_geom","properties":{"consec":498,"gid":3681,"habili":"7600107293","sede":"01","cod_hab":760010729301,"nombre_ips":"EMPRESA DE MEDICINA INTEGRAL EMI S.A. SERVICIO DE AMBULANCIA PREPAGADA SUCURSAL CALI","direccion":"AV 1 # 5 NORTE - 55","barrio":"Centenario","id_com_cor":"02","comu_corre":"Comuna 02","natu_ips":"Privada","cla_ips":"Instituciones - IPS","cod_capa_reps":15,"nom_capa_reps":"AMBULANCIAS","cantidad":1,"serv_capa_reps":"Básica","descrip_capa":"AMBULANCIAS - Básica"}},{"type":"Feature","id":"ads_ips_capacidad_reps.fid--215d4958_1a0d9e21907_40c2","geometry":{"type":"Point","coordinates":[-76.53757346,3.45163973]},"geometry_name":"the_geom","properties":{"consec":497,"gid":3681,"habili":"7600107293","sede":"01","cod_hab":760010729301,"nombre_ips":"EMPRESA DE MEDICINA INTEGRAL EMI S.A. SERVICIO DE AMBULANCIA PREPAGADA SUCURSAL CALI","direccion":"AV 1 # 5 NORTE - 55","barrio":"Centenario","id_com_cor":"02","comu_corre":"Comuna 02","natu_ips":"Privada","cla_ips":"Instituciones - IPS","cod_capa_reps":15,"nom_capa_reps":"AMBULANCIAS","cantidad":1,"serv_capa_reps":"Básica","descrip_capa":"AMBULANCIAS - Básica"}},{"type":"Feature","id":"ads_ips_capacidad_reps.fid--215d4958_1a0d9e21907_40c3","geometry":{"type":"Point","coordinates":[-76.53757346,3.45163973]},"geometry_name":"the_geom","properties":{"consec":499,"gid":3681,"habili":"7600107293","sede":"01","cod_hab":760010729301,"nombre_ips":"EMPRESA DE MEDICINA INTEGRAL EMI S.A. SERVICIO DE AMBULANCIA PREPAGADA SUCURSAL CALI","direccion":"AV 1 # 5 NORTE - 55","barrio":"Centenario","id_com_cor":"02","comu_corre":"Comuna 02","natu_ips":"Privada","cla_ips":"Instituciones - IPS","cod_capa_reps":16,"nom_capa_reps":"AMBULANCIAS","cantidad":1,"serv_capa_reps":"Medicalizada","descrip_capa":"AMBULANCIAS - Medicalizada"}},{"type":"Feature","id":"ads_ips_capacidad_reps.fid--215d4958_1a0d9e21907_40c4","geometry":{"type":"Point","coordinates":[-76.53757346,3.45163973]},"geometry_name":"the_geom","properties":{"consec":504,"gid":3681,"habili":"7600107293","sede":"01","cod_hab":760010729301,"nombre_ips":"EMPRESA DE MEDICINA INTEGRAL EMI S.A. SERVICIO DE AMBULANCIA PREPAGADA SUCURSAL CALI","direccion":"AV 1 # 5 NORTE - 55","barrio":"Centenario","id_com_cor":"02","comu_corre":"Comuna 02","natu_ips":"Privada","cla_ips":"Instituciones - IPS","cod_capa_reps":16,"nom_capa_reps":"AMBULANCIAS","cantidad":1,"serv_capa_reps":"Medicalizada","descrip_capa":"AMBULANCIAS - Medicalizada"}},{"type":"Feature","id":"ads_ips_capacidad_reps.fid--215d4958_1a0d9e21907_40c5","geometry":{"type":"Point","coordinates":[-76.53757346,3.45163973]},"geometry_name":"the_geom","properties":{"consec":503,"gid":3681,"habili":"7600107293","sede":"01","cod_hab":760010729301,"nombre_ips":"EMPRESA DE MEDICINA INTEGRAL EMI S.A. SERVICIO DE AMBULANCIA PREPAGADA SUCURSAL CALI","direccion":"AV 1 # 5 NORTE - 55","barrio":"Centenario","id_com_cor":"02","comu_corre":"Comuna 02","natu_ips":"Privada","cla_ips":"Instituciones - IPS","cod_capa_reps":16,"nom_capa_reps":"AMBULANCIAS","cantidad":1,"serv_capa_reps":"Medicalizada","descrip_capa":"AMBULANCIAS - Medicalizada"}},{"type":"Feature","id":"ads_ips_capacidad_reps.fid--215d4958_1a0d9e21907_40c6","geometry":{"type":"Point","coordinates":[-76.53757346,3.45163973]},"geometry_name":"the_geom","properties":{"consec":502,"gid":3681,"habili":"7600107293","sede":"01","cod_hab":760010729301,"nombre_ips":"EMPRESA DE MEDICINA INTEGRAL EMI S.A. SERVICIO DE AMBULANCIA PREPAGADA SUCURSAL CALI","direccion":"AV 1 # 5 NORTE - 55","barrio":"Centenario","id_com_cor":"02","comu_corre":"Comuna 02","natu_ips":"Privada","cla_ips":"Instituciones - IPS","cod_capa_reps":16,"nom_capa_reps":"AMBULANCIAS","cantidad":1,"serv_capa_reps":"Medicalizada","descrip_capa":"AMBULANCIAS - Medicalizada"}},{"type":"Feature","id":"ads_ips_capacidad_reps.fid--215d4958_1a0d9e21907_40c7","geometry":{"type":"Point","coordinates":[-76.53757346,3.45163973]},"geometry_name":"the_geom","properties":{"consec":501,"gid":3681,"habili":"7600107293","sede":"01","cod_hab":760010729301,"nombre_ips":"EMPRESA DE MEDICINA INTEGRAL EMI S.A. SERVICIO DE AMBULANCIA PREPAGADA SUCURSAL CALI","direccion":"AV 1 # 5 NORTE - 55","barrio":"Centenario","id_com_cor":"02","comu_corre":"Comuna 02","natu_ips":"Privada","cla_ips":"Instituciones - IPS","cod_capa_reps":16,"nom_capa_reps":"AMBULANCIAS","cantidad":1,"serv_capa_reps":"Medicalizada","descrip_capa":"AMBULANCIAS - Medicalizada"}},{"type":"Feature","id":"ads_ips_capacidad_reps.fid--215d4958_1a0d9e21907_40c8","geometry":{"type":"Point","coordinates":[-76.53757346,3.45163973]},"geometry_name":"the_geom","properties":{"consec":500,"gid":3681,"habili":"7600107293","sede":"01","cod_hab":760010729301,"nombre_ips":"EMPRESA DE MEDICINA INTEGRAL EMI S.A. SERVICIO DE AMBULANCIA PREPAGADA SUCURSAL CALI","direccion":"AV 1 # 5 NORTE - 55","barrio":"Centenario","id_com_cor":"02","comu_corre":"Comuna 02","natu_ips":"Privada","cla_ips":"Instituciones - IPS","cod_capa_reps":16,"nom_capa_reps":"AMBULANCIAS","cantidad":1,"serv_capa_reps":"Medicalizada","descrip_capa":"AMBULANCIAS - Medicalizada"}},{"type":"Feature","id":"ads_ips_capacidad_reps.fid--215d4958_1a0d9e21907_40c9","geometry":{"type":"Point","coordinates":[-76.5397108,3.44419688]},"geometry_name":"the_geom","properties":{"consec":505,"gid":3469,"habili":"7600107370","sede":"02","cod_hab":760010737002,"nombre_ips":"CENTRO ODONTOLOGICO ODONTOPEGA 2","direccion":"CL 2A # 13 - 06","barrio":"San Cayetano","id_com_cor":"03","comu_corre":"Comuna 03","natu_ips":"Privada","cla_ips":"Instituciones - IPS","cod_capa_reps":25,"nom_capa_reps":"SALAS","cantidad":1,"serv_capa_reps":"Procedimientos","descrip_capa":"SALAS - Procedimientos"}},{"type":"Feature","id":"ads_ips_capacidad_reps.fid--215d4958_1a0d9e21907_40ca","geometry":{"type":"Point","coordinates":[-76.54727215,3.42205621]},"geometry_name":"the_geom","properties":{"consec":506,"gid":1720,"habili":"7600107378","sede":"01","cod_hab":760010737801,"nombre_ips":"MEDICARTE S.A.","direccion":"CL 5 # 42 - 09","barrio":"Urbanización Tequendama","id_com_cor":"19","comu_corre":"Comuna 19","natu_ips":"Privada","cla_ips":"Instituciones - IPS","cod_capa_reps":25,"nom_capa_reps":"SALAS","cantidad":1,"serv_capa_reps":"Procedimientos","descrip_capa":"SALAS - Procedimientos"}},{"type":"Feature","id":"ads_ips_capacidad_reps.fid--215d4958_1a0d9e21907_40cb","geometry":{"type":"Point","coordinates":[-76.54458235,3.42249466]},"geometry_name":"the_geom","properties":{"consec":507,"gid":1774,"habili":"7600107396","sede":"01","cod_hab":760010739601,"nombre_ips":"ELIZABETH RUIZ CAMARGO","direccion":"KR 40 # 5B - 100","barrio":"Urbanización Tequendama","id_com_cor":"19","comu_corre":"Comuna 19","natu_ips":"Privada","cla_ips":"Profesional Independiente","cod_capa_reps":25,"nom_capa_reps":"SALAS","cantidad":1,"serv_capa_reps":"Procedimientos","descrip_capa":"SALAS - Procedimientos"}},{"type":"Feature","id":"ads_ips_capacidad_reps.fid--215d4958_1a0d9e21907_40cc","geometry":{"type":"Point","coordinates":[-76.50354823,3.45122353]},"geometry_name":"the_geom","properties":{"consec":511,"gid":3671,"habili":"7600107417","sede":"01","cod_hab":760010741701,"nombre_ips":"AMBULANCIA MISION VITAL E.U.","direccion":"CL 45 # 10 - 54","barrio":"El Troncal","id_com_cor":"08","comu_corre":"Comuna 08","natu_ips":"Privada","cla_ips":"Transporte Especial de Pacientes","cod_capa_reps":15,"nom_capa_reps":"AMBULANCIAS","cantidad":1,"serv_capa_reps":"Básica","descrip_capa":"AMBULANCIAS - Básica"}},{"type":"Feature","id":"ads_ips_capacidad_reps.fid--215d4958_1a0d9e21907_40cd","geometry":{"type":"Point","coordinates":[-76.50354823,3.45122353]},"geometry_name":"the_geom","properties":{"consec":512,"gid":3671,"habili":"7600107417","sede":"01","cod_hab":760010741701,"nombre_ips":"AMBULANCIA MISION VITAL E.U.","direccion":"CL 45 # 10 - 54","barrio":"El Troncal","id_com_cor":"08","comu_corre":"Comuna 08","natu_ips":"Privada","cla_ips":"Transporte Especial de Pacientes","cod_capa_reps":15,"nom_capa_reps":"AMBULANCIAS","cantidad":1,"serv_capa_reps":"Básica","descrip_capa":"AMBULANCIAS - Básica"}},{"type":"Feature","id":"ads_ips_capacidad_reps.fid--215d4958_1a0d9e21907_40ce","geometry":{"type":"Point","coordinates":[-76.50354823,3.45122353]},"geometry_name":"the_geom","properties":{"consec":513,"gid":3671,"habili":"7600107417","sede":"01","cod_hab":760010741701,"nombre_ips":"AMBULANCIA MISION VITAL E.U.","direccion":"CL 45 # 10 - 54","barrio":"El Troncal","id_com_cor":"08","comu_corre":"Comuna 08","natu_ips":"Privada","cla_ips":"Transporte Especial de Pacientes","cod_capa_reps":15,"nom_capa_reps":"AMBULANCIAS","cantidad":1,"serv_capa_reps":"Básica","descrip_capa":"AMBULANCIAS - Básica"}},{"type":"Feature","id":"ads_ips_capacidad_reps.fid--215d4958_1a0d9e21907_40cf","geometry":{"type":"Point","coordinates":[-76.50354823,3.45122353]},"geometry_name":"the_geom","properties":{"consec":508,"gid":3671,"habili":"7600107417","sede":"01","cod_hab":760010741701,"nombre_ips":"AMBULANCIA MISION VITAL E.U.","direccion":"CL 45 # 10 - 54","barrio":"El Troncal","id_com_cor":"08","comu_corre":"Comuna 08","natu_ips":"Privada","cla_ips":"Transporte Especial de Pacientes","cod_capa_reps":15,"nom_capa_reps":"AMBULANCIAS","cantidad":1,"serv_capa_reps":"Básica","descrip_capa":"AMBULANCIAS - Básica"}},{"type":"Feature","id":"ads_ips_capacidad_reps.fid--215d4958_1a0d9e21907_40d0","geometry":{"type":"Point","coordinates":[-76.50354823,3.45122353]},"geometry_name":"the_geom","properties":{"consec":509,"gid":3671,"habili":"7600107417","sede":"01","cod_hab":760010741701,"nombre_ips":"AMBULANCIA MISION VITAL E.U.","direccion":"CL 45 # 10 - 54","barrio":"El Troncal","id_com_cor":"08","comu_corre":"Comuna 08","natu_ips":"Privada","cla_ips":"Transporte Especial de Pacientes","cod_capa_reps":15,"nom_capa_reps":"AMBULANCIAS","cantidad":1,"serv_capa_reps":"Básica","descrip_capa":"AMBULANCIAS - Básica"}},{"type":"Feature","id":"ads_ips_capacidad_reps.fid--215d4958_1a0d9e21907_40d1","geometry":{"type":"Point","coordinates":[-76.50354823,3.45122353]},"geometry_name":"the_geom","properties":{"consec":510,"gid":3671,"habili":"7600107417","sede":"01","cod_hab":760010741701,"nombre_ips":"AMBULANCIA MISION VITAL E.U.","direccion":"CL 45 # 10 - 54","barrio":"El Troncal","id_com_cor":"08","comu_corre":"Comuna 08","natu_ips":"Privada","cla_ips":"Transporte Especial de Pacientes","cod_capa_reps":15,"nom_capa_reps":"AMBULANCIAS","cantidad":1,"serv_capa_reps":"Básica","descrip_capa":"AMBULANCIAS - Básica"}},{"type":"Feature","id":"ads_ips_capacidad_reps.fid--215d4958_1a0d9e21907_40d2","geometry":{"type":"Point","coordinates":[-76.53358037,3.43837938]},"geometry_name":"the_geom","properties":{"consec":527,"gid":3370,"habili":"7600107418","sede":"01","cod_hab":760010741801,"nombre_ips":"AMBULANCIAS SANTA RITA S.A.S","direccion":"CL 9 # 20 - 39","barrio":"Alameda","id_com_cor":"09","comu_corre":"Comuna 09","natu_ips":"Privada","cla_ips":"Transporte Especial de Pacientes","cod_capa_reps":15,"nom_capa_reps":"AMBULANCIAS","cantidad":1,"serv_capa_reps":"Básica","descrip_capa":"AMBULANCIAS - Básica"}},{"type":"Feature","id":"ads_ips_capacidad_reps.fid--215d4958_1a0d9e21907_40d3","geometry":{"type":"Point","coordinates":[-76.53358037,3.43837938]},"geometry_name":"the_geom","properties":{"consec":528,"gid":3370,"habili":"7600107418","sede":"01","cod_hab":760010741801,"nombre_ips":"AMBULANCIAS SANTA RITA S.A.S","direccion":"CL 9 # 20 - 39","barrio":"Alameda","id_com_cor":"09","comu_corre":"Comuna 09","natu_ips":"Privada","cla_ips":"Transporte Especial de Pacientes","cod_capa_reps":15,"nom_capa_reps":"AMBULANCIAS","cantidad":1,"serv_capa_reps":"Básica","descrip_capa":"AMBULANCIAS - Básica"}},{"type":"Feature","id":"ads_ips_capacidad_reps.fid--215d4958_1a0d9e21907_40d4","geometry":{"type":"Point","coordinates":[-76.53358037,3.43837938]},"geometry_name":"the_geom","properties":{"consec":529,"gid":3370,"habili":"7600107418","sede":"01","cod_hab":760010741801,"nombre_ips":"AMBULANCIAS SANTA RITA S.A.S","direccion":"CL 9 # 20 - 39","barrio":"Alameda","id_com_cor":"09","comu_corre":"Comuna 09","natu_ips":"Privada","cla_ips":"Transporte Especial de Pacientes","cod_capa_reps":15,"nom_capa_reps":"AMBULANCIAS","cantidad":1,"serv_capa_reps":"Básica","descrip_capa":"AMBULANCIAS - Básica"}},{"type":"Feature","id":"ads_ips_capacidad_reps.fid--215d4958_1a0d9e21907_40d5","geometry":{"type":"Point","coordinates":[-76.53358037,3.43837938]},"geometry_name":"the_geom","properties":{"consec":530,"gid":3370,"habili":"7600107418","sede":"01","cod_hab":760010741801,"nombre_ips":"AMBULANCIAS SANTA RITA S.A.S","direccion":"CL 9 # 20 - 39","barrio":"Alameda","id_com_cor":"09","comu_corre":"Comuna 09","natu_ips":"Privada","cla_ips":"Transporte Especial de Pacientes","cod_capa_reps":15,"nom_capa_reps":"AMBULANCIAS","cantidad":1,"serv_capa_reps":"Básica","descrip_capa":"AMBULANCIAS - Básica"}},{"type":"Feature","id":"ads_ips_capacidad_reps.fid--215d4958_1a0d9e21907_40d6","geometry":{"type":"Point","coordinates":[-76.53358037,3.43837938]},"geometry_name":"the_geom","properties":{"consec":531,"gid":3370,"habili":"7600107418","sede":"01","cod_hab":760010741801,"nombre_ips":"AMBULANCIAS SANTA RITA S.A.S","direccion":"CL 9 # 20 - 39","barrio":"Alameda","id_com_cor":"09","comu_corre":"Comuna 09","natu_ips":"Privada","cla_ips":"Transporte Especial de Pacientes","cod_capa_reps":15,"nom_capa_reps":"AMBULANCIAS","cantidad":1,"serv_capa_reps":"Básica","descrip_capa":"AMBULANCIAS - Básica"}},{"type":"Feature","id":"ads_ips_capacidad_reps.fid--215d4958_1a0d9e21907_40d7","geometry":{"type":"Point","coordinates":[-76.53358037,3.43837938]},"geometry_name":"the_geom","properties":{"consec":514,"gid":3370,"habili":"7600107418","sede":"01","cod_hab":760010741801,"nombre_ips":"AMBULANCIAS SANTA RITA S.A.S","direccion":"CL 9 # 20 - 39","barrio":"Alameda","id_com_cor":"09","comu_corre":"Comuna 09","natu_ips":"Privada","cla_ips":"Transporte Especial de Pacientes","cod_capa_reps":15,"nom_capa_reps":"AMBULANCIAS","cantidad":1,"serv_capa_reps":"Básica","descrip_capa":"AMBULANCIAS - Básica"}},{"type":"Feature","id":"ads_ips_capacidad_reps.fid--215d4958_1a0d9e21907_40d8","geometry":{"type":"Point","coordinates":[-76.53358037,3.43837938]},"geometry_name":"the_geom","properties":{"consec":517,"gid":3370,"habili":"7600107418","sede":"01","cod_hab":760010741801,"nombre_ips":"AMBULANCIAS SANTA RITA S.A.S","direccion":"CL 9 # 20 - 39","barrio":"Alameda","id_com_cor":"09","comu_corre":"Comuna 09","natu_ips":"Privada","cla_ips":"Transporte Especial de Pacientes","cod_capa_reps":15,"nom_capa_reps":"AMBULANCIAS","cantidad":1,"serv_capa_reps":"Básica","descrip_capa":"AMBULANCIAS - Básica"}},{"type":"Feature","id":"ads_ips_capacidad_reps.fid--215d4958_1a0d9e21907_40d9","geometry":{"type":"Point","coordinates":[-76.53358037,3.43837938]},"geometry_name":"the_geom","properties":{"consec":519,"gid":3370,"habili":"7600107418","sede":"01","cod_hab":760010741801,"nombre_ips":"AMBULANCIAS SANTA RITA S.A.S","direccion":"CL 9 # 20 - 39","barrio":"Alameda","id_com_cor":"09","comu_corre":"Comuna 09","natu_ips":"Privada","cla_ips":"Transporte Especial de Pacientes","cod_capa_reps":15,"nom_capa_reps":"AMBULANCIAS","cantidad":1,"serv_capa_reps":"Básica","descrip_capa":"AMBULANCIAS - Básica"}},{"type":"Feature","id":"ads_ips_capacidad_reps.fid--215d4958_1a0d9e21907_40da","geometry":{"type":"Point","coordinates":[-76.53358037,3.43837938]},"geometry_name":"the_geom","properties":{"consec":515,"gid":3370,"habili":"7600107418","sede":"01","cod_hab":760010741801,"nombre_ips":"AMBULANCIAS SANTA RITA S.A.S","direccion":"CL 9 # 20 - 39","barrio":"Alameda","id_com_cor":"09","comu_corre":"Comuna 09","natu_ips":"Privada","cla_ips":"Transporte Especial de Pacientes","cod_capa_reps":15,"nom_capa_reps":"AMBULANCIAS","cantidad":1,"serv_capa_reps":"Básica","descrip_capa":"AMBULANCIAS - Básica"}},{"type":"Feature","id":"ads_ips_capacidad_reps.fid--215d4958_1a0d9e21907_40db","geometry":{"type":"Point","coordinates":[-76.53358037,3.43837938]},"geometry_name":"the_geom","properties":{"consec":518,"gid":3370,"habili":"7600107418","sede":"01","cod_hab":760010741801,"nombre_ips":"AMBULANCIAS SANTA RITA S.A.S","direccion":"CL 9 # 20 - 39","barrio":"Alameda","id_com_cor":"09","comu_corre":"Comuna 09","natu_ips":"Privada","cla_ips":"Transporte Especial de Pacientes","cod_capa_reps":15,"nom_capa_reps":"AMBULANCIAS","cantidad":1,"serv_capa_reps":"Básica","descrip_capa":"AMBULANCIAS - Básica"}},{"type":"Feature","id":"ads_ips_capacidad_reps.fid--215d4958_1a0d9e21907_40dc","geometry":{"type":"Point","coordinates":[-76.53358037,3.43837938]},"geometry_name":"the_geom","properties":{"consec":516,"gid":3370,"habili":"7600107418","sede":"01","cod_hab":760010741801,"nombre_ips":"AMBULANCIAS SANTA RITA S.A.S","direccion":"CL 9 # 20 - 39","barrio":"Alameda","id_com_cor":"09","comu_corre":"Comuna 09","natu_ips":"Privada","cla_ips":"Transporte Especial de Pacientes","cod_capa_reps":15,"nom_capa_reps":"AMBULANCIAS","cantidad":1,"serv_capa_reps":"Básica","descrip_capa":"AMBULANCIAS - Básica"}},{"type":"Feature","id":"ads_ips_capacidad_reps.fid--215d4958_1a0d9e21907_40dd","geometry":{"type":"Point","coordinates":[-76.53358037,3.43837938]},"geometry_name":"the_geom","properties":{"consec":520,"gid":3370,"habili":"7600107418","sede":"01","cod_hab":760010741801,"nombre_ips":"AMBULANCIAS SANTA RITA S.A.S","direccion":"CL 9 # 20 - 39","barrio":"Alameda","id_com_cor":"09","comu_corre":"Comuna 09","natu_ips":"Privada","cla_ips":"Transporte Especial de Pacientes","cod_capa_reps":15,"nom_capa_reps":"AMBULANCIAS","cantidad":1,"serv_capa_reps":"Básica","descrip_capa":"AMBULANCIAS - Básica"}},{"type":"Feature","id":"ads_ips_capacidad_reps.fid--215d4958_1a0d9e21907_40de","geometry":{"type":"Point","coordinates":[-76.53358037,3.43837938]},"geometry_name":"the_geom","properties":{"consec":521,"gid":3370,"habili":"7600107418","sede":"01","cod_hab":760010741801,"nombre_ips":"AMBULANCIAS SANTA RITA S.A.S","direccion":"CL 9 # 20 - 39","barrio":"Alameda","id_com_cor":"09","comu_corre":"Comuna 09","natu_ips":"Privada","cla_ips":"Transporte Especial de Pacientes","cod_capa_reps":15,"nom_capa_reps":"AMBULANCIAS","cantidad":1,"serv_capa_reps":"Básica","descrip_capa":"AMBULANCIAS - Básica"}},{"type":"Feature","id":"ads_ips_capacidad_reps.fid--215d4958_1a0d9e21907_40df","geometry":{"type":"Point","coordinates":[-76.53358037,3.43837938]},"geometry_name":"the_geom","properties":{"consec":522,"gid":3370,"habili":"7600107418","sede":"01","cod_hab":760010741801,"nombre_ips":"AMBULANCIAS SANTA RITA S.A.S","direccion":"CL 9 # 20 - 39","barrio":"Alameda","id_com_cor":"09","comu_corre":"Comuna 09","natu_ips":"Privada","cla_ips":"Transporte Especial de Pacientes","cod_capa_reps":15,"nom_capa_reps":"AMBULANCIAS","cantidad":1,"serv_capa_reps":"Básica","descrip_capa":"AMBULANCIAS - Básica"}},{"type":"Feature","id":"ads_ips_capacidad_reps.fid--215d4958_1a0d9e21907_40e0","geometry":{"type":"Point","coordinates":[-76.53358037,3.43837938]},"geometry_name":"the_geom","properties":{"consec":523,"gid":3370,"habili":"7600107418","sede":"01","cod_hab":760010741801,"nombre_ips":"AMBULANCIAS SANTA RITA S.A.S","direccion":"CL 9 # 20 - 39","barrio":"Alameda","id_com_cor":"09","comu_corre":"Comuna 09","natu_ips":"Privada","cla_ips":"Transporte Especial de Pacientes","cod_capa_reps":15,"nom_capa_reps":"AMBULANCIAS","cantidad":1,"serv_capa_reps":"Básica","descrip_capa":"AMBULANCIAS - Básica"}},{"type":"Feature","id":"ads_ips_capacidad_reps.fid--215d4958_1a0d9e21907_40e1","geometry":{"type":"Point","coordinates":[-76.53358037,3.43837938]},"geometry_name":"the_geom","properties":{"consec":524,"gid":3370,"habili":"7600107418","sede":"01","cod_hab":760010741801,"nombre_ips":"AMBULANCIAS SANTA RITA S.A.S","direccion":"CL 9 # 20 - 39","barrio":"Alameda","id_com_cor":"09","comu_corre":"Comuna 09","natu_ips":"Privada","cla_ips":"Transporte Especial de Pacientes","cod_capa_reps":15,"nom_capa_reps":"AMBULANCIAS","cantidad":1,"serv_capa_reps":"Básica","descrip_capa":"AMBULANCIAS - Básica"}},{"type":"Feature","id":"ads_ips_capacidad_reps.fid--215d4958_1a0d9e21907_40e2","geometry":{"type":"Point","coordinates":[-76.53358037,3.43837938]},"geometry_name":"the_geom","properties":{"consec":525,"gid":3370,"habili":"7600107418","sede":"01","cod_hab":760010741801,"nombre_ips":"AMBULANCIAS SANTA RITA S.A.S","direccion":"CL 9 # 20 - 39","barrio":"Alameda","id_com_cor":"09","comu_corre":"Comuna 09","natu_ips":"Privada","cla_ips":"Transporte Especial de Pacientes","cod_capa_reps":15,"nom_capa_reps":"AMBULANCIAS","cantidad":1,"serv_capa_reps":"Básica","descrip_capa":"AMBULANCIAS - Básica"}},{"type":"Feature","id":"ads_ips_capacidad_reps.fid--215d4958_1a0d9e21907_40e3","geometry":{"type":"Point","coordinates":[-76.53358037,3.43837938]},"geometry_name":"the_geom","properties":{"consec":526,"gid":3370,"habili":"7600107418","sede":"01","cod_hab":760010741801,"nombre_ips":"AMBULANCIAS SANTA RITA S.A.S","direccion":"CL 9 # 20 - 39","barrio":"Alameda","id_com_cor":"09","comu_corre":"Comuna 09","natu_ips":"Privada","cla_ips":"Transporte Especial de Pacientes","cod_capa_reps":15,"nom_capa_reps":"AMBULANCIAS","cantidad":1,"serv_capa_reps":"Básica","descrip_capa":"AMBULANCIAS - Básica"}},{"type":"Feature","id":"ads_ips_capacidad_reps.fid--215d4958_1a0d9e21907_40e4","geometry":{"type":"Point","coordinates":[-76.53358037,3.43837938]},"geometry_name":"the_geom","properties":{"consec":532,"gid":3370,"habili":"7600107418","sede":"01","cod_hab":760010741801,"nombre_ips":"AMBULANCIAS SANTA RITA S.A.S","direccion":"CL 9 # 20 - 39","barrio":"Alameda","id_com_cor":"09","comu_corre":"Comuna 09","natu_ips":"Privada","cla_ips":"Transporte Especial de Pacientes","cod_capa_reps":16,"nom_capa_reps":"AMBULANCIAS","cantidad":1,"serv_capa_reps":"Medicalizada","descrip_capa":"AMBULANCIAS - Medicalizada"}},{"type":"Feature","id":"ads_ips_capacidad_reps.fid--215d4958_1a0d9e21907_40e5","geometry":{"type":"Point","coordinates":[-76.53358037,3.43837938]},"geometry_name":"the_geom","properties":{"consec":533,"gid":3370,"habili":"7600107418","sede":"01","cod_hab":760010741801,"nombre_ips":"AMBULANCIAS SANTA RITA S.A.S","direccion":"CL 9 # 20 - 39","barrio":"Alameda","id_com_cor":"09","comu_corre":"Comuna 09","natu_ips":"Privada","cla_ips":"Transporte Especial de Pacientes","cod_capa_reps":16,"nom_capa_reps":"AMBULANCIAS","cantidad":1,"serv_capa_reps":"Medicalizada","descrip_capa":"AMBULANCIAS - Medicalizada"}},{"type":"Feature","id":"ads_ips_capacidad_reps.fid--215d4958_1a0d9e21907_40e6","geometry":{"type":"Point","coordinates":[-76.53358037,3.43837938]},"geometry_name":"the_geom","properties":{"consec":534,"gid":3370,"habili":"7600107418","sede":"01","cod_hab":760010741801,"nombre_ips":"AMBULANCIAS SANTA RITA S.A.S","direccion":"CL 9 # 20 - 39","barrio":"Alameda","id_com_cor":"09","comu_corre":"Comuna 09","natu_ips":"Privada","cla_ips":"Transporte Especial de Pacientes","cod_capa_reps":16,"nom_capa_reps":"AMBULANCIAS","cantidad":1,"serv_capa_reps":"Medicalizada","descrip_capa":"AMBULANCIAS - Medicalizada"}},{"type":"Feature","id":"ads_ips_capacidad_reps.fid--215d4958_1a0d9e21907_40e7","geometry":{"type":"Point","coordinates":[-76.53358037,3.43837938]},"geometry_name":"the_geom","properties":{"consec":535,"gid":3370,"habili":"7600107418","sede":"01","cod_hab":760010741801,"nombre_ips":"AMBULANCIAS SANTA RITA S.A.S","direccion":"CL 9 # 20 - 39","barrio":"Alameda","id_com_cor":"09","comu_corre":"Comuna 09","natu_ips":"Privada","cla_ips":"Transporte Especial de Pacientes","cod_capa_reps":16,"nom_capa_reps":"AMBULANCIAS","cantidad":1,"serv_capa_reps":"Medicalizada","descrip_capa":"AMBULANCIAS - Medicalizada"}},{"type":"Feature","id":"ads_ips_capacidad_reps.fid--215d4958_1a0d9e21907_40e8","geometry":{"type":"Point","coordinates":[-76.53358037,3.43837938]},"geometry_name":"the_geom","properties":{"consec":536,"gid":3370,"habili":"7600107418","sede":"01","cod_hab":760010741801,"nombre_ips":"AMBULANCIAS SANTA RITA S.A.S","direccion":"CL 9 # 20 - 39","barrio":"Alameda","id_com_cor":"09","comu_corre":"Comuna 09","natu_ips":"Privada","cla_ips":"Transporte Especial de Pacientes","cod_capa_reps":16,"nom_capa_reps":"AMBULANCIAS","cantidad":1,"serv_capa_reps":"Medicalizada","descrip_capa":"AMBULANCIAS - Medicalizada"}},{"type":"Feature","id":"ads_ips_capacidad_reps.fid--215d4958_1a0d9e21907_40e9","geometry":{"type":"Point","coordinates":[-76.53358037,3.43837938]},"geometry_name":"the_geom","properties":{"consec":537,"gid":3370,"habili":"7600107418","sede":"01","cod_hab":760010741801,"nombre_ips":"AMBULANCIAS SANTA RITA S.A.S","direccion":"CL 9 # 20 - 39","barrio":"Alameda","id_com_cor":"09","comu_corre":"Comuna 09","natu_ips":"Privada","cla_ips":"Transporte Especial de Pacientes","cod_capa_reps":16,"nom_capa_reps":"AMBULANCIAS","cantidad":1,"serv_capa_reps":"Medicalizada","descrip_capa":"AMBULANCIAS - Medicalizada"}},{"type":"Feature","id":"ads_ips_capacidad_reps.fid--215d4958_1a0d9e21907_40ea","geometry":{"type":"Point","coordinates":[-76.53358037,3.43837938]},"geometry_name":"the_geom","properties":{"consec":538,"gid":3370,"habili":"7600107418","sede":"01","cod_hab":760010741801,"nombre_ips":"AMBULANCIAS SANTA RITA S.A.S","direccion":"CL 9 # 20 - 39","barrio":"Alameda","id_com_cor":"09","comu_corre":"Comuna 09","natu_ips":"Privada","cla_ips":"Transporte Especial de Pacientes","cod_capa_reps":16,"nom_capa_reps":"AMBULANCIAS","cantidad":1,"serv_capa_reps":"Medicalizada","descrip_capa":"AMBULANCIAS - Medicalizada"}},{"type":"Feature","id":"ads_ips_capacidad_reps.fid--215d4958_1a0d9e21907_40eb","geometry":{"type":"Point","coordinates":[-76.53069396,3.34718614]},"geometry_name":"the_geom","properties":{"consec":539,"gid":38,"habili":"7600107429","sede":"01","cod_hab":760010742901,"nombre_ips":"PONTIFICIA UNIVERSIDAD JAVERIANA","direccion":"CL 18 # 118 - 250","barrio":"Parcelaciones Pance","id_com_cor":"22","comu_corre":"Comuna 22","natu_ips":"Privada","cla_ips":"Objeto Social Diferente a la Prestación de Servicios de Salu","cod_capa_reps":25,"nom_capa_reps":"SALAS","cantidad":1,"serv_capa_reps":"Procedimientos","descrip_capa":"SALAS - Procedimientos"}},{"type":"Feature","id":"ads_ips_capacidad_reps.fid--215d4958_1a0d9e21907_40ec","geometry":{"type":"Point","coordinates":[-76.53836113,3.42121955]},"geometry_name":"the_geom","properties":{"consec":540,"gid":1576,"habili":"7600107452","sede":"01","cod_hab":760010745201,"nombre_ips":"SERVICIO DE SALUD INMEDIATO IPS S.A.S","direccion":"KR 39 # 9 - 22","barrio":"Los Cámbulos","id_com_cor":"19","comu_corre":"Comuna 19","natu_ips":"Privada","cla_ips":"Instituciones - IPS","cod_capa_reps":15,"nom_capa_reps":"AMBULANCIAS","cantidad":1,"serv_capa_reps":"Básica","descrip_capa":"AMBULANCIAS - Básica"}},{"type":"Feature","id":"ads_ips_capacidad_reps.fid--215d4958_1a0d9e21907_40ed","geometry":{"type":"Point","coordinates":[-76.53836113,3.42121955]},"geometry_name":"the_geom","properties":{"consec":543,"gid":1576,"habili":"7600107452","sede":"01","cod_hab":760010745201,"nombre_ips":"SERVICIO DE SALUD INMEDIATO IPS S.A.S","direccion":"KR 39 # 9 - 22","barrio":"Los Cámbulos","id_com_cor":"19","comu_corre":"Comuna 19","natu_ips":"Privada","cla_ips":"Instituciones - IPS","cod_capa_reps":15,"nom_capa_reps":"AMBULANCIAS","cantidad":1,"serv_capa_reps":"Básica","descrip_capa":"AMBULANCIAS - Básica"}},{"type":"Feature","id":"ads_ips_capacidad_reps.fid--215d4958_1a0d9e21907_40ee","geometry":{"type":"Point","coordinates":[-76.53836113,3.42121955]},"geometry_name":"the_geom","properties":{"consec":542,"gid":1576,"habili":"7600107452","sede":"01","cod_hab":760010745201,"nombre_ips":"SERVICIO DE SALUD INMEDIATO IPS S.A.S","direccion":"KR 39 # 9 - 22","barrio":"Los Cámbulos","id_com_cor":"19","comu_corre":"Comuna 19","natu_ips":"Privada","cla_ips":"Instituciones - IPS","cod_capa_reps":15,"nom_capa_reps":"AMBULANCIAS","cantidad":1,"serv_capa_reps":"Básica","descrip_capa":"AMBULANCIAS - Básica"}},{"type":"Feature","id":"ads_ips_capacidad_reps.fid--215d4958_1a0d9e21907_40ef","geometry":{"type":"Point","coordinates":[-76.53836113,3.42121955]},"geometry_name":"the_geom","properties":{"consec":541,"gid":1576,"habili":"7600107452","sede":"01","cod_hab":760010745201,"nombre_ips":"SERVICIO DE SALUD INMEDIATO IPS S.A.S","direccion":"KR 39 # 9 - 22","barrio":"Los Cámbulos","id_com_cor":"19","comu_corre":"Comuna 19","natu_ips":"Privada","cla_ips":"Instituciones - IPS","cod_capa_reps":15,"nom_capa_reps":"AMBULANCIAS","cantidad":1,"serv_capa_reps":"Básica","descrip_capa":"AMBULANCIAS - Básica"}},{"type":"Feature","id":"ads_ips_capacidad_reps.fid--215d4958_1a0d9e21907_40f0","geometry":{"type":"Point","coordinates":[-76.53836113,3.42121955]},"geometry_name":"the_geom","properties":{"consec":544,"gid":1576,"habili":"7600107452","sede":"01","cod_hab":760010745201,"nombre_ips":"SERVICIO DE SALUD INMEDIATO IPS S.A.S","direccion":"KR 39 # 9 - 22","barrio":"Los Cámbulos","id_com_cor":"19","comu_corre":"Comuna 19","natu_ips":"Privada","cla_ips":"Instituciones - IPS","cod_capa_reps":15,"nom_capa_reps":"AMBULANCIAS","cantidad":1,"serv_capa_reps":"Básica","descrip_capa":"AMBULANCIAS - Básica"}},{"type":"Feature","id":"ads_ips_capacidad_reps.fid--215d4958_1a0d9e21907_40f1","geometry":{"type":"Point","coordinates":[-76.53836113,3.42121955]},"geometry_name":"the_geom","properties":{"consec":545,"gid":1576,"habili":"7600107452","sede":"01","cod_hab":760010745201,"nombre_ips":"SERVICIO DE SALUD INMEDIATO IPS S.A.S","direccion":"KR 39 # 9 - 22","barrio":"Los Cámbulos","id_com_cor":"19","comu_corre":"Comuna 19","natu_ips":"Privada","cla_ips":"Instituciones - IPS","cod_capa_reps":16,"nom_capa_reps":"AMBULANCIAS","cantidad":1,"serv_capa_reps":"Medicalizada","descrip_capa":"AMBULANCIAS - Medicalizada"}},{"type":"Feature","id":"ads_ips_capacidad_reps.fid--215d4958_1a0d9e21907_40f2","geometry":{"type":"Point","coordinates":[-76.52164587,3.40931213]},"geometry_name":"the_geom","properties":{"consec":546,"gid":643,"habili":"7600107501","sede":"02","cod_hab":760010750102,"nombre_ips":"CEDIMA 2","direccion":"KR 46 # 25B - 88","barrio":"José Holguín Garcés","id_com_cor":"11","comu_corre":"Comuna 11","natu_ips":"Privada","cla_ips":"Instituciones - IPS","cod_capa_reps":25,"nom_capa_reps":"SALAS","cantidad":2,"serv_capa_reps":"Procedimientos","descrip_capa":"SALAS - Procedimientos"}},{"type":"Feature","id":"ads_ips_capacidad_reps.fid--215d4958_1a0d9e21907_40f3","geometry":{"type":"Point","coordinates":[-76.54477094,3.4191008]},"geometry_name":"the_geom","properties":{"consec":547,"gid":1291,"habili":"7600107501","sede":"04","cod_hab":760010750104,"nombre_ips":"CEDIMA 3","direccion":"KR 43A # 5C - 81","barrio":"Urbanización Tequendama","id_com_cor":"19","comu_corre":"Comuna 19","natu_ips":"Privada","cla_ips":"Instituciones - IPS","cod_capa_reps":25,"nom_capa_reps":"SALAS","cantidad":1,"serv_capa_reps":"Procedimientos","descrip_capa":"SALAS - Procedimientos"}},{"type":"Feature","id":"ads_ips_capacidad_reps.fid--215d4958_1a0d9e21907_40f4","geometry":{"type":"Point","coordinates":[-76.51617915,3.46581673]},"geometry_name":"the_geom","properties":{"consec":553,"gid":4378,"habili":"7600107510","sede":"01","cod_hab":760010751001,"nombre_ips":"VITAL CENTER CALI S.A.S.","direccion":"CL 34 # 2A NORTE - 12","barrio":"Bolivariano","id_com_cor":"04","comu_corre":"Comuna 04","natu_ips":"Privada","cla_ips":"Instituciones - IPS","cod_capa_reps":15,"nom_capa_reps":"AMBULANCIAS","cantidad":1,"serv_capa_reps":"Básica","descrip_capa":"AMBULANCIAS - Básica"}},{"type":"Feature","id":"ads_ips_capacidad_reps.fid--215d4958_1a0d9e21907_40f5","geometry":{"type":"Point","coordinates":[-76.51617915,3.46581673]},"geometry_name":"the_geom","properties":{"consec":548,"gid":4378,"habili":"7600107510","sede":"01","cod_hab":760010751001,"nombre_ips":"VITAL CENTER CALI S.A.S.","direccion":"CL 34 # 2A NORTE - 12","barrio":"Bolivariano","id_com_cor":"04","comu_corre":"Comuna 04","natu_ips":"Privada","cla_ips":"Instituciones - IPS","cod_capa_reps":15,"nom_capa_reps":"AMBULANCIAS","cantidad":1,"serv_capa_reps":"Básica","descrip_capa":"AMBULANCIAS - Básica"}},{"type":"Feature","id":"ads_ips_capacidad_reps.fid--215d4958_1a0d9e21907_40f6","geometry":{"type":"Point","coordinates":[-76.51617915,3.46581673]},"geometry_name":"the_geom","properties":{"consec":552,"gid":4378,"habili":"7600107510","sede":"01","cod_hab":760010751001,"nombre_ips":"VITAL CENTER CALI S.A.S.","direccion":"CL 34 # 2A NORTE - 12","barrio":"Bolivariano","id_com_cor":"04","comu_corre":"Comuna 04","natu_ips":"Privada","cla_ips":"Instituciones - IPS","cod_capa_reps":15,"nom_capa_reps":"AMBULANCIAS","cantidad":1,"serv_capa_reps":"Básica","descrip_capa":"AMBULANCIAS - Básica"}},{"type":"Feature","id":"ads_ips_capacidad_reps.fid--215d4958_1a0d9e21907_40f7","geometry":{"type":"Point","coordinates":[-76.51617915,3.46581673]},"geometry_name":"the_geom","properties":{"consec":551,"gid":4378,"habili":"7600107510","sede":"01","cod_hab":760010751001,"nombre_ips":"VITAL CENTER CALI S.A.S.","direccion":"CL 34 # 2A NORTE - 12","barrio":"Bolivariano","id_com_cor":"04","comu_corre":"Comuna 04","natu_ips":"Privada","cla_ips":"Instituciones - IPS","cod_capa_reps":15,"nom_capa_reps":"AMBULANCIAS","cantidad":1,"serv_capa_reps":"Básica","descrip_capa":"AMBULANCIAS - Básica"}},{"type":"Feature","id":"ads_ips_capacidad_reps.fid--215d4958_1a0d9e21907_40f8","geometry":{"type":"Point","coordinates":[-76.51617915,3.46581673]},"geometry_name":"the_geom","properties":{"consec":550,"gid":4378,"habili":"7600107510","sede":"01","cod_hab":760010751001,"nombre_ips":"VITAL CENTER CALI S.A.S.","direccion":"CL 34 # 2A NORTE - 12","barrio":"Bolivariano","id_com_cor":"04","comu_corre":"Comuna 04","natu_ips":"Privada","cla_ips":"Instituciones - IPS","cod_capa_reps":15,"nom_capa_reps":"AMBULANCIAS","cantidad":1,"serv_capa_reps":"Básica","descrip_capa":"AMBULANCIAS - Básica"}},{"type":"Feature","id":"ads_ips_capacidad_reps.fid--215d4958_1a0d9e21907_40f9","geometry":{"type":"Point","coordinates":[-76.51617915,3.46581673]},"geometry_name":"the_geom","properties":{"consec":549,"gid":4378,"habili":"7600107510","sede":"01","cod_hab":760010751001,"nombre_ips":"VITAL CENTER CALI S.A.S.","direccion":"CL 34 # 2A NORTE - 12","barrio":"Bolivariano","id_com_cor":"04","comu_corre":"Comuna 04","natu_ips":"Privada","cla_ips":"Instituciones - IPS","cod_capa_reps":15,"nom_capa_reps":"AMBULANCIAS","cantidad":1,"serv_capa_reps":"Básica","descrip_capa":"AMBULANCIAS - Básica"}},{"type":"Feature","id":"ads_ips_capacidad_reps.fid--215d4958_1a0d9e21907_40fa","geometry":{"type":"Point","coordinates":[-76.54168567,3.42627136]},"geometry_name":"the_geom","properties":{"consec":554,"gid":2811,"habili":"7600107513","sede":"01","cod_hab":760010751301,"nombre_ips":"IPS ESPECIALIZADA SAN FERNANDO","direccion":"KR 37 # 5B4 - 64","barrio":"San Fernando Nuevo","id_com_cor":"19","comu_corre":"Comuna 19","natu_ips":"Privada","cla_ips":"Instituciones - IPS","cod_capa_reps":25,"nom_capa_reps":"SALAS","cantidad":1,"serv_capa_reps":"Procedimientos","descrip_capa":"SALAS - Procedimientos"}},{"type":"Feature","id":"ads_ips_capacidad_reps.fid--215d4958_1a0d9e21907_40fb","geometry":{"type":"Point","coordinates":[-76.52556672,3.43309303]},"geometry_name":"the_geom","properties":{"consec":555,"gid":3201,"habili":"7600107596","sede":"01","cod_hab":760010759601,"nombre_ips":"SERVIAMBULANCIAS DEL PACIFICO LTDA","direccion":"DG 23 # 17A - 54","barrio":"Santa Elena","id_com_cor":"10","comu_corre":"Comuna 10","natu_ips":"Privada","cla_ips":"Transporte Especial de Pacientes","cod_capa_reps":15,"nom_capa_reps":"AMBULANCIAS","cantidad":1,"serv_capa_reps":"Básica","descrip_capa":"AMBULANCIAS - Básica"}},{"type":"Feature","id":"ads_ips_capacidad_reps.fid--215d4958_1a0d9e21907_40fc","geometry":{"type":"Point","coordinates":[-76.52556672,3.43309303]},"geometry_name":"the_geom","properties":{"consec":560,"gid":3201,"habili":"7600107596","sede":"01","cod_hab":760010759601,"nombre_ips":"SERVIAMBULANCIAS DEL PACIFICO LTDA","direccion":"DG 23 # 17A - 54","barrio":"Santa Elena","id_com_cor":"10","comu_corre":"Comuna 10","natu_ips":"Privada","cla_ips":"Transporte Especial de Pacientes","cod_capa_reps":15,"nom_capa_reps":"AMBULANCIAS","cantidad":1,"serv_capa_reps":"Básica","descrip_capa":"AMBULANCIAS - Básica"}},{"type":"Feature","id":"ads_ips_capacidad_reps.fid--215d4958_1a0d9e21907_40fd","geometry":{"type":"Point","coordinates":[-76.52556672,3.43309303]},"geometry_name":"the_geom","properties":{"consec":556,"gid":3201,"habili":"7600107596","sede":"01","cod_hab":760010759601,"nombre_ips":"SERVIAMBULANCIAS DEL PACIFICO LTDA","direccion":"DG 23 # 17A - 54","barrio":"Santa Elena","id_com_cor":"10","comu_corre":"Comuna 10","natu_ips":"Privada","cla_ips":"Transporte Especial de Pacientes","cod_capa_reps":15,"nom_capa_reps":"AMBULANCIAS","cantidad":1,"serv_capa_reps":"Básica","descrip_capa":"AMBULANCIAS - Básica"}},{"type":"Feature","id":"ads_ips_capacidad_reps.fid--215d4958_1a0d9e21907_40fe","geometry":{"type":"Point","coordinates":[-76.52556672,3.43309303]},"geometry_name":"the_geom","properties":{"consec":557,"gid":3201,"habili":"7600107596","sede":"01","cod_hab":760010759601,"nombre_ips":"SERVIAMBULANCIAS DEL PACIFICO LTDA","direccion":"DG 23 # 17A - 54","barrio":"Santa Elena","id_com_cor":"10","comu_corre":"Comuna 10","natu_ips":"Privada","cla_ips":"Transporte Especial de Pacientes","cod_capa_reps":15,"nom_capa_reps":"AMBULANCIAS","cantidad":1,"serv_capa_reps":"Básica","descrip_capa":"AMBULANCIAS - Básica"}},{"type":"Feature","id":"ads_ips_capacidad_reps.fid--215d4958_1a0d9e21907_40ff","geometry":{"type":"Point","coordinates":[-76.52556672,3.43309303]},"geometry_name":"the_geom","properties":{"consec":558,"gid":3201,"habili":"7600107596","sede":"01","cod_hab":760010759601,"nombre_ips":"SERVIAMBULANCIAS DEL PACIFICO LTDA","direccion":"DG 23 # 17A - 54","barrio":"Santa Elena","id_com_cor":"10","comu_corre":"Comuna 10","natu_ips":"Privada","cla_ips":"Transporte Especial de Pacientes","cod_capa_reps":15,"nom_capa_reps":"AMBULANCIAS","cantidad":1,"serv_capa_reps":"Básica","descrip_capa":"AMBULANCIAS - Básica"}},{"type":"Feature","id":"ads_ips_capacidad_reps.fid--215d4958_1a0d9e21907_4100","geometry":{"type":"Point","coordinates":[-76.52556672,3.43309303]},"geometry_name":"the_geom","properties":{"consec":559,"gid":3201,"habili":"7600107596","sede":"01","cod_hab":760010759601,"nombre_ips":"SERVIAMBULANCIAS DEL PACIFICO LTDA","direccion":"DG 23 # 17A - 54","barrio":"Santa Elena","id_com_cor":"10","comu_corre":"Comuna 10","natu_ips":"Privada","cla_ips":"Transporte Especial de Pacientes","cod_capa_reps":15,"nom_capa_reps":"AMBULANCIAS","cantidad":1,"serv_capa_reps":"Básica","descrip_capa":"AMBULANCIAS - Básica"}},{"type":"Feature","id":"ads_ips_capacidad_reps.fid--215d4958_1a0d9e21907_4101","geometry":{"type":"Point","coordinates":[-76.52556672,3.43309303]},"geometry_name":"the_geom","properties":{"consec":561,"gid":3201,"habili":"7600107596","sede":"01","cod_hab":760010759601,"nombre_ips":"SERVIAMBULANCIAS DEL PACIFICO LTDA","direccion":"DG 23 # 17A - 54","barrio":"Santa Elena","id_com_cor":"10","comu_corre":"Comuna 10","natu_ips":"Privada","cla_ips":"Transporte Especial de Pacientes","cod_capa_reps":16,"nom_capa_reps":"AMBULANCIAS","cantidad":1,"serv_capa_reps":"Medicalizada","descrip_capa":"AMBULANCIAS - Medicalizada"}},{"type":"Feature","id":"ads_ips_capacidad_reps.fid--215d4958_1a0d9e21907_4102","geometry":{"type":"Point","coordinates":[-76.54368022,3.42204997]},"geometry_name":"the_geom","properties":{"consec":1053,"gid":1719,"habili":"7600107598","sede":"09","cod_hab":760010759809,"nombre_ips":"CLAUDIA PATRICIA TAMAYO VEGA","direccion":"KR 40 # 5C - 46","barrio":"Urbanización Tequendama","id_com_cor":"19","comu_corre":"Comuna 19","natu_ips":"Privada","cla_ips":"Profesional Independiente","cod_capa_reps":25,"nom_capa_reps":"SALAS","cantidad":1,"serv_capa_reps":"Procedimientos","descrip_capa":"SALAS - Procedimientos"}},{"type":"Feature","id":"ads_ips_capacidad_reps.fid--215d4958_1a0d9e21907_4103","geometry":{"type":"Point","coordinates":[-76.52058867,3.4744287]},"geometry_name":"the_geom","properties":{"consec":568,"gid":4590,"habili":"7600107639","sede":"01","cod_hab":760010763901,"nombre_ips":"LUZ ADRIANA SOTO DIAZ","direccion":"CL 37 NORTE # 3N - 120","barrio":"Prados del Norte","id_com_cor":"02","comu_corre":"Comuna 02","natu_ips":"Privada","cla_ips":"Profesional Independiente","cod_capa_reps":25,"nom_capa_reps":"SALAS","cantidad":2,"serv_capa_reps":"Procedimientos","descrip_capa":"SALAS - Procedimientos"}},{"type":"Feature","id":"ads_ips_capacidad_reps.fid--215d4958_1a0d9e21907_4104","geometry":{"type":"Point","coordinates":[-76.5436057,3.42524561]},"geometry_name":"the_geom","properties":{"consec":569,"gid":2708,"habili":"7600107653","sede":"02","cod_hab":760010765302,"nombre_ips":"CENVASCULAR SUR","direccion":"CL 5B4 # 38 - 54","barrio":"San Fernando Nuevo","id_com_cor":"19","comu_corre":"Comuna 19","natu_ips":"Privada","cla_ips":"Instituciones - IPS","cod_capa_reps":25,"nom_capa_reps":"SALAS","cantidad":1,"serv_capa_reps":"Procedimientos","descrip_capa":"SALAS - Procedimientos"}},{"type":"Feature","id":"ads_ips_capacidad_reps.fid--215d4958_1a0d9e21907_4105","geometry":{"type":"Point","coordinates":[-76.54370915,3.41723007]},"geometry_name":"the_geom","properties":{"consec":570,"gid":1160,"habili":"7600107701","sede":"01","cod_hab":760010770101,"nombre_ips":"KAROL LORENA VELASCO BLANDON","direccion":"CL 6 # 44 - 63","barrio":"Nueva Tequendama","id_com_cor":"19","comu_corre":"Comuna 19","natu_ips":"Privada","cla_ips":"Profesional Independiente","cod_capa_reps":25,"nom_capa_reps":"SALAS","cantidad":1,"serv_capa_reps":"Procedimientos","descrip_capa":"SALAS - Procedimientos"}},{"type":"Feature","id":"ads_ips_capacidad_reps.fid--215d4958_1a0d9e21907_4106","geometry":{"type":"Point","coordinates":[-76.51259901,3.45311888]},"geometry_name":"the_geom","properties":{"consec":572,"gid":3745,"habili":"7600107722","sede":"01","cod_hab":760010772201,"nombre_ips":"SERVICIO DE EMERGENCIA Y URGENCIA SEU E.U","direccion":"KR 8A # 33 - 38","barrio":"Industrial","id_com_cor":"08","comu_corre":"Comuna 08","natu_ips":"Privada","cla_ips":"Transporte Especial de Pacientes","cod_capa_reps":15,"nom_capa_reps":"AMBULANCIAS","cantidad":1,"serv_capa_reps":"Básica","descrip_capa":"AMBULANCIAS - Básica"}},{"type":"Feature","id":"ads_ips_capacidad_reps.fid--215d4958_1a0d9e21907_4107","geometry":{"type":"Point","coordinates":[-76.51259901,3.45311888]},"geometry_name":"the_geom","properties":{"consec":575,"gid":3745,"habili":"7600107722","sede":"01","cod_hab":760010772201,"nombre_ips":"SERVICIO DE EMERGENCIA Y URGENCIA SEU E.U","direccion":"KR 8A # 33 - 38","barrio":"Industrial","id_com_cor":"08","comu_corre":"Comuna 08","natu_ips":"Privada","cla_ips":"Transporte Especial de Pacientes","cod_capa_reps":15,"nom_capa_reps":"AMBULANCIAS","cantidad":1,"serv_capa_reps":"Básica","descrip_capa":"AMBULANCIAS - Básica"}},{"type":"Feature","id":"ads_ips_capacidad_reps.fid--215d4958_1a0d9e21907_4108","geometry":{"type":"Point","coordinates":[-76.51259901,3.45311888]},"geometry_name":"the_geom","properties":{"consec":574,"gid":3745,"habili":"7600107722","sede":"01","cod_hab":760010772201,"nombre_ips":"SERVICIO DE EMERGENCIA Y URGENCIA SEU E.U","direccion":"KR 8A # 33 - 38","barrio":"Industrial","id_com_cor":"08","comu_corre":"Comuna 08","natu_ips":"Privada","cla_ips":"Transporte Especial de Pacientes","cod_capa_reps":15,"nom_capa_reps":"AMBULANCIAS","cantidad":1,"serv_capa_reps":"Básica","descrip_capa":"AMBULANCIAS - Básica"}},{"type":"Feature","id":"ads_ips_capacidad_reps.fid--215d4958_1a0d9e21907_4109","geometry":{"type":"Point","coordinates":[-76.51259901,3.45311888]},"geometry_name":"the_geom","properties":{"consec":571,"gid":3745,"habili":"7600107722","sede":"01","cod_hab":760010772201,"nombre_ips":"SERVICIO DE EMERGENCIA Y URGENCIA SEU E.U","direccion":"KR 8A # 33 - 38","barrio":"Industrial","id_com_cor":"08","comu_corre":"Comuna 08","natu_ips":"Privada","cla_ips":"Transporte Especial de Pacientes","cod_capa_reps":15,"nom_capa_reps":"AMBULANCIAS","cantidad":1,"serv_capa_reps":"Básica","descrip_capa":"AMBULANCIAS - Básica"}},{"type":"Feature","id":"ads_ips_capacidad_reps.fid--215d4958_1a0d9e21907_410a","geometry":{"type":"Point","coordinates":[-76.51259901,3.45311888]},"geometry_name":"the_geom","properties":{"consec":573,"gid":3745,"habili":"7600107722","sede":"01","cod_hab":760010772201,"nombre_ips":"SERVICIO DE EMERGENCIA Y URGENCIA SEU E.U","direccion":"KR 8A # 33 - 38","barrio":"Industrial","id_com_cor":"08","comu_corre":"Comuna 08","natu_ips":"Privada","cla_ips":"Transporte Especial de Pacientes","cod_capa_reps":15,"nom_capa_reps":"AMBULANCIAS","cantidad":1,"serv_capa_reps":"Básica","descrip_capa":"AMBULANCIAS - Básica"}},{"type":"Feature","id":"ads_ips_capacidad_reps.fid--215d4958_1a0d9e21907_410b","geometry":{"type":"Point","coordinates":[-76.52553027,3.46391176]},"geometry_name":"the_geom","properties":{"consec":576,"gid":4273,"habili":"7600107775","sede":"01","cod_hab":760010777501,"nombre_ips":"FRANCISCO ANDRES COBO GALVIS","direccion":"CL 23B NORTE # 3 - 57","barrio":"San Vicente","id_com_cor":"02","comu_corre":"Comuna 02","natu_ips":"Privada","cla_ips":"Profesional Independiente","cod_capa_reps":25,"nom_capa_reps":"SALAS","cantidad":1,"serv_capa_reps":"Procedimientos","descrip_capa":"SALAS - Procedimientos"}},{"type":"Feature","id":"ads_ips_capacidad_reps.fid--215d4958_1a0d9e21907_410c","geometry":{"type":"Point","coordinates":[-76.53107124,3.46869293]},"geometry_name":"the_geom","properties":{"consec":577,"gid":4462,"habili":"7600107793","sede":"02","cod_hab":760010779302,"nombre_ips":"ORTHOPEDIC JOIN S.A.S.","direccion":"AV 6B # 25A NORTE - 51","barrio":"Santa Mónica","id_com_cor":"02","comu_corre":"Comuna 02","natu_ips":"Privada","cla_ips":"Instituciones - IPS","cod_capa_reps":25,"nom_capa_reps":"SALAS","cantidad":1,"serv_capa_reps":"Procedimientos","descrip_capa":"SALAS - Procedimientos"}},{"type":"Feature","id":"ads_ips_capacidad_reps.fid--215d4958_1a0d9e21907_410d","geometry":{"type":"Point","coordinates":[-76.54399298,3.42615444]},"geometry_name":"the_geom","properties":{"consec":580,"gid":2788,"habili":"7600107803","sede":"01","cod_hab":760010780301,"nombre_ips":"NATALIA VARGAS NAVIA","direccion":"CL 5B3 # 38 - 44","barrio":"San Fernando Nuevo","id_com_cor":"19","comu_corre":"Comuna 19","natu_ips":"Privada","cla_ips":"Profesional Independiente","cod_capa_reps":25,"nom_capa_reps":"SALAS","cantidad":1,"serv_capa_reps":"Procedimientos","descrip_capa":"SALAS - Procedimientos"}},{"type":"Feature","id":"ads_ips_capacidad_reps.fid--215d4958_1a0d9e21907_410e","geometry":{"type":"Point","coordinates":[-76.54441371,3.42409488]},"geometry_name":"the_geom","properties":{"consec":581,"gid":2489,"habili":"7600107819","sede":"01","cod_hab":760010781901,"nombre_ips":"JOSE PABLO VELEZ LONDOÑO","direccion":"KR 38A # 5A - 100","barrio":"San Fernando Nuevo","id_com_cor":"19","comu_corre":"Comuna 19","natu_ips":"Privada","cla_ips":"Profesional Independiente","cod_capa_reps":25,"nom_capa_reps":"SALAS","cantidad":1,"serv_capa_reps":"Procedimientos","descrip_capa":"SALAS - Procedimientos"}},{"type":"Feature","id":"ads_ips_capacidad_reps.fid--215d4958_1a0d9e21907_410f","geometry":{"type":"Point","coordinates":[-76.54404015,3.41914677]},"geometry_name":"the_geom","properties":{"consec":582,"gid":1308,"habili":"7600107848","sede":"01","cod_hab":760010784801,"nombre_ips":"ANDRES FELIPE GARCIA ANGEL","direccion":"CL 5E # 43 - 10","barrio":"Urbanización Tequendama","id_com_cor":"19","comu_corre":"Comuna 19","natu_ips":"Privada","cla_ips":"Profesional Independiente","cod_capa_reps":25,"nom_capa_reps":"SALAS","cantidad":1,"serv_capa_reps":"Procedimientos","descrip_capa":"SALAS - Procedimientos"}},{"type":"Feature","id":"ads_ips_capacidad_reps.fid--215d4958_1a0d9e21907_4110","geometry":{"type":"Point","coordinates":[-76.54554486,3.43635703]},"geometry_name":"the_geom","properties":{"consec":584,"gid":3336,"habili":"7600107854","sede":"02","cod_hab":760010785402,"nombre_ips":"Lina Maria Triana Lloreda","direccion":"CL 3 OESTE # 34 - 19","barrio":"San Fernando Viejo","id_com_cor":"19","comu_corre":"Comuna 19","natu_ips":"Privada","cla_ips":"Profesional Independiente","cod_capa_reps":25,"nom_capa_reps":"SALAS","cantidad":2,"serv_capa_reps":"Procedimientos","descrip_capa":"SALAS - Procedimientos"}},{"type":"Feature","id":"ads_ips_capacidad_reps.fid--215d4958_1a0d9e21907_4111","geometry":{"type":"Point","coordinates":[-76.53292268,3.42692368]},"geometry_name":"the_geom","properties":{"consec":586,"gid":2863,"habili":"7600107934","sede":"01","cod_hab":760010793401,"nombre_ips":"KAMEX FISIOTERAPIA","direccion":"KR 32 # 10 - 35","barrio":"Urbanización Colseguros","id_com_cor":"19","comu_corre":"Comuna 19","natu_ips":"Privada","cla_ips":"Instituciones - IPS","cod_capa_reps":25,"nom_capa_reps":"SALAS","cantidad":1,"serv_capa_reps":"Procedimientos","descrip_capa":"SALAS - Procedimientos"}},{"type":"Feature","id":"ads_ips_capacidad_reps.fid--215d4958_1a0d9e21907_4112","geometry":{"type":"Point","coordinates":[-76.54623347,3.42024078]},"geometry_name":"the_geom","properties":{"consec":587,"gid":1458,"habili":"7600107942","sede":"01","cod_hab":760010794201,"nombre_ips":"FUNDACION REINA ISABEL","direccion":"CL 5B # 43 - 12","barrio":"Urbanización Tequendama","id_com_cor":"19","comu_corre":"Comuna 19","natu_ips":"Privada","cla_ips":"Instituciones - IPS","cod_capa_reps":25,"nom_capa_reps":"SALAS","cantidad":3,"serv_capa_reps":"Procedimientos","descrip_capa":"SALAS - Procedimientos"}},{"type":"Feature","id":"ads_ips_capacidad_reps.fid--215d4958_1a0d9e21907_4113","geometry":{"type":"Point","coordinates":[-76.52422292,3.43076235]},"geometry_name":"the_geom","properties":{"consec":588,"gid":3111,"habili":"7600107957","sede":"01","cod_hab":760010795701,"nombre_ips":"yinniva celmira chavez umaña","direccion":"CL 18A # 25 - 89","barrio":"Santa Elena","id_com_cor":"10","comu_corre":"Comuna 10","natu_ips":"Privada","cla_ips":"Profesional Independiente","cod_capa_reps":25,"nom_capa_reps":"SALAS","cantidad":1,"serv_capa_reps":"Procedimientos","descrip_capa":"SALAS - Procedimientos"}},{"type":"Feature","id":"ads_ips_capacidad_reps.fid--215d4958_1a0d9e21907_4114","geometry":{"type":"Point","coordinates":[-76.5311336,3.46476203]},"geometry_name":"the_geom","properties":{"consec":589,"gid":4314,"habili":"7600107974","sede":"01","cod_hab":760010797401,"nombre_ips":"Marcela Patricia Ramirez Velasquez","direccion":"CL 23 NORTE # 6A - 17","barrio":"Santa Mónica","id_com_cor":"02","comu_corre":"Comuna 02","natu_ips":"Privada","cla_ips":"Profesional Independiente","cod_capa_reps":25,"nom_capa_reps":"SALAS","cantidad":1,"serv_capa_reps":"Procedimientos","descrip_capa":"SALAS - Procedimientos"}},{"type":"Feature","id":"ads_ips_capacidad_reps.fid--215d4958_1a0d9e21907_4115","geometry":{"type":"Point","coordinates":[-76.53797127,3.4541124]},"geometry_name":"the_geom","properties":{"consec":590,"gid":3773,"habili":"7600107985","sede":"01","cod_hab":760010798501,"nombre_ips":"HELPHARMA SIGLO XXI","direccion":"AV 4 # 6 NORTE - 67","barrio":"Juanambú","id_com_cor":"02","comu_corre":"Comuna 02","natu_ips":"Privada","cla_ips":"Instituciones - IPS","cod_capa_reps":25,"nom_capa_reps":"SALAS","cantidad":1,"serv_capa_reps":"Procedimientos","descrip_capa":"SALAS - Procedimientos"}},{"type":"Feature","id":"ads_ips_capacidad_reps.fid--215d4958_1a0d9e21907_4116","geometry":{"type":"Point","coordinates":[-76.52955539,3.46277538]},"geometry_name":"the_geom","properties":{"consec":591,"gid":4181,"habili":"7600108005","sede":"01","cod_hab":760010800501,"nombre_ips":"jose helmer quintero hernandez","direccion":"AV 5B # 21 - 50","barrio":"Versalles","id_com_cor":"02","comu_corre":"Comuna 02","natu_ips":"Privada","cla_ips":"Profesional Independiente","cod_capa_reps":25,"nom_capa_reps":"SALAS","cantidad":1,"serv_capa_reps":"Procedimientos","descrip_capa":"SALAS - Procedimientos"}},{"type":"Feature","id":"ads_ips_capacidad_reps.fid--215d4958_1a0d9e21907_4117","geometry":{"type":"Point","coordinates":[-76.5444059,3.39801177]},"geometry_name":"the_geom","properties":{"consec":592,"gid":474,"habili":"7600108060","sede":"01","cod_hab":760010806001,"nombre_ips":"MEDICINA DOMICILIARIA DE COLOMBIA SAS AGENCIA CALI","direccion":"KR 66 # 9 - 10","barrio":"El Gran Limonar","id_com_cor":"17","comu_corre":"Comuna 17","natu_ips":"Privada","cla_ips":"Instituciones - IPS","cod_capa_reps":15,"nom_capa_reps":"AMBULANCIAS","cantidad":1,"serv_capa_reps":"Básica","descrip_capa":"AMBULANCIAS - Básica"}},{"type":"Feature","id":"ads_ips_capacidad_reps.fid--215d4958_1a0d9e21907_4118","geometry":{"type":"Point","coordinates":[-76.53842038,3.41472165]},"geometry_name":"the_geom","properties":{"consec":594,"gid":1063,"habili":"7600108077","sede":"01","cod_hab":760010807701,"nombre_ips":"CLINICA COLOMBIA ES","direccion":"KR 46 # 9C - 85","barrio":"Urbanización Militar","id_com_cor":"19","comu_corre":"Comuna 19","natu_ips":"Privada","cla_ips":"Instituciones - IPS","cod_capa_reps":2,"nom_capa_reps":"CAMAS","cantidad":198,"serv_capa_reps":"Adultos","descrip_capa":"CAMAS - Adultos"}},{"type":"Feature","id":"ads_ips_capacidad_reps.fid--215d4958_1a0d9e21907_4119","geometry":{"type":"Point","coordinates":[-76.53842038,3.41472165]},"geometry_name":"the_geom","properties":{"consec":595,"gid":1063,"habili":"7600108077","sede":"01","cod_hab":760010807701,"nombre_ips":"CLINICA COLOMBIA ES","direccion":"KR 46 # 9C - 85","barrio":"Urbanización Militar","id_com_cor":"19","comu_corre":"Comuna 19","natu_ips":"Privada","cla_ips":"Instituciones - IPS","cod_capa_reps":14,"nom_capa_reps":"SALAS","cantidad":2,"serv_capa_reps":"Partos","descrip_capa":"SALAS - Partos"}},{"type":"Feature","id":"ads_ips_capacidad_reps.fid--215d4958_1a0d9e21907_411a","geometry":{"type":"Point","coordinates":[-76.53842038,3.41472165]},"geometry_name":"the_geom","properties":{"consec":596,"gid":1063,"habili":"7600108077","sede":"01","cod_hab":760010807701,"nombre_ips":"CLINICA COLOMBIA ES","direccion":"KR 46 # 9C - 85","barrio":"Urbanización Militar","id_com_cor":"19","comu_corre":"Comuna 19","natu_ips":"Privada","cla_ips":"Instituciones - IPS","cod_capa_reps":25,"nom_capa_reps":"SALAS","cantidad":1,"serv_capa_reps":"Procedimientos","descrip_capa":"SALAS - Procedimientos"}},{"type":"Feature","id":"ads_ips_capacidad_reps.fid--215d4958_1a0d9e21907_411b","geometry":{"type":"Point","coordinates":[-76.53889038,3.41514233]},"geometry_name":"the_geom","properties":{"consec":597,"gid":1106,"habili":"7600108077","sede":"03","cod_hab":760010807703,"nombre_ips":"CLÍNICA COLOMBIA ES - CONSULTA EXTERNA","direccion":"CL 9C # 44A - 110","barrio":"Urbanización Militar","id_com_cor":"19","comu_corre":"Comuna 19","natu_ips":"Privada","cla_ips":"Instituciones - IPS","cod_capa_reps":25,"nom_capa_reps":"SALAS","cantidad":1,"serv_capa_reps":"Procedimientos","descrip_capa":"SALAS - Procedimientos"}},{"type":"Feature","id":"ads_ips_capacidad_reps.fid--215d4958_1a0d9e21907_411c","geometry":{"type":"Point","coordinates":[-76.54523418,3.42442798]},"geometry_name":"the_geom","properties":{"consec":599,"gid":2641,"habili":"7600108100","sede":"01","cod_hab":760010810001,"nombre_ips":"CENTRO DERMATOLOGICO DE CALI Y ESPECIALIDADES QUIRURGICAS","direccion":"CL 5B # 38 - 44","barrio":"San Fernando Nuevo","id_com_cor":"19","comu_corre":"Comuna 19","natu_ips":"Privada","cla_ips":"Instituciones - IPS","cod_capa_reps":2,"nom_capa_reps":"CAMAS","cantidad":5,"serv_capa_reps":"Adultos","descrip_capa":"CAMAS - Adultos"}},{"type":"Feature","id":"ads_ips_capacidad_reps.fid--215d4958_1a0d9e21907_411d","geometry":{"type":"Point","coordinates":[-76.54523418,3.42442798]},"geometry_name":"the_geom","properties":{"consec":600,"gid":2641,"habili":"7600108100","sede":"01","cod_hab":760010810001,"nombre_ips":"CENTRO DERMATOLOGICO DE CALI Y ESPECIALIDADES QUIRURGICAS","direccion":"CL 5B # 38 - 44","barrio":"San Fernando Nuevo","id_com_cor":"19","comu_corre":"Comuna 19","natu_ips":"Privada","cla_ips":"Instituciones - IPS","cod_capa_reps":8,"nom_capa_reps":"CAMAS","cantidad":2,"serv_capa_reps":"Cuidado Intermedio Adulto","descrip_capa":"CAMAS - Cuidado Intermedio Adulto"}},{"type":"Feature","id":"ads_ips_capacidad_reps.fid--215d4958_1a0d9e21907_411e","geometry":{"type":"Point","coordinates":[-76.54523418,3.42442798]},"geometry_name":"the_geom","properties":{"consec":601,"gid":2641,"habili":"7600108100","sede":"01","cod_hab":760010810001,"nombre_ips":"CENTRO DERMATOLOGICO DE CALI Y ESPECIALIDADES QUIRURGICAS","direccion":"CL 5B # 38 - 44","barrio":"San Fernando Nuevo","id_com_cor":"19","comu_corre":"Comuna 19","natu_ips":"Privada","cla_ips":"Instituciones - IPS","cod_capa_reps":13,"nom_capa_reps":"SALAS","cantidad":4,"serv_capa_reps":"Quirófano","descrip_capa":"SALAS - Quirófano"}},{"type":"Feature","id":"ads_ips_capacidad_reps.fid--215d4958_1a0d9e21907_411f","geometry":{"type":"Point","coordinates":[-76.54523418,3.42442798]},"geometry_name":"the_geom","properties":{"consec":598,"gid":2641,"habili":"7600108100","sede":"01","cod_hab":760010810001,"nombre_ips":"CENTRO DERMATOLOGICO DE CALI Y ESPECIALIDADES QUIRURGICAS","direccion":"CL 5B # 38 - 44","barrio":"San Fernando Nuevo","id_com_cor":"19","comu_corre":"Comuna 19","natu_ips":"Privada","cla_ips":"Instituciones - IPS","cod_capa_reps":16,"nom_capa_reps":"AMBULANCIAS","cantidad":1,"serv_capa_reps":"Medicalizada","descrip_capa":"AMBULANCIAS - Medicalizada"}},{"type":"Feature","id":"ads_ips_capacidad_reps.fid--215d4958_1a0d9e21907_4120","geometry":{"type":"Point","coordinates":[-76.54399298,3.42615444]},"geometry_name":"the_geom","properties":{"consec":602,"gid":2789,"habili":"7600108118","sede":"01","cod_hab":760010811801,"nombre_ips":"SARA MARIA LOZADA ORDOÑEZ","direccion":"CL 5B3 # 38 - 44","barrio":"San Fernando Nuevo","id_com_cor":"19","comu_corre":"Comuna 19","natu_ips":"Privada","cla_ips":"Profesional Independiente","cod_capa_reps":25,"nom_capa_reps":"SALAS","cantidad":1,"serv_capa_reps":"Procedimientos","descrip_capa":"SALAS - Procedimientos"}},{"type":"Feature","id":"ads_ips_capacidad_reps.fid--215d4958_1a0d9e21907_4121","geometry":{"type":"Point","coordinates":[-76.54630476,3.41970404]},"geometry_name":"the_geom","properties":{"consec":603,"gid":1363,"habili":"7600108136","sede":"01","cod_hab":760010813601,"nombre_ips":"Clinica Fiore","direccion":"KR 43A # 5B - 06","barrio":"Urbanización Tequendama","id_com_cor":"19","comu_corre":"Comuna 19","natu_ips":"Privada","cla_ips":"Instituciones - IPS","cod_capa_reps":2,"nom_capa_reps":"CAMAS","cantidad":5,"serv_capa_reps":"Adultos","descrip_capa":"CAMAS - Adultos"}},{"type":"Feature","id":"ads_ips_capacidad_reps.fid--215d4958_1a0d9e21907_4122","geometry":{"type":"Point","coordinates":[-76.54630476,3.41970404]},"geometry_name":"the_geom","properties":{"consec":604,"gid":1363,"habili":"7600108136","sede":"01","cod_hab":760010813601,"nombre_ips":"Clinica Fiore","direccion":"KR 43A # 5B - 06","barrio":"Urbanización Tequendama","id_com_cor":"19","comu_corre":"Comuna 19","natu_ips":"Privada","cla_ips":"Instituciones - IPS","cod_capa_reps":13,"nom_capa_reps":"SALAS","cantidad":3,"serv_capa_reps":"Quirófano","descrip_capa":"SALAS - Quirófano"}},{"type":"Feature","id":"ads_ips_capacidad_reps.fid--215d4958_1a0d9e21907_4123","geometry":{"type":"Point","coordinates":[-76.52354618,3.46748866]},"geometry_name":"the_geom","properties":{"consec":1050,"gid":4413,"habili":"7600108149","sede":"04","cod_hab":760010814904,"nombre_ips":"INSTITUTO DE DIAGNOSTICO MEDICO SEDE CLINICA RAFAEL URIBE URIBE CALI MARCA DESA","direccion":"AV 3 # 24 NORTE - 150","barrio":"San Vicente","id_com_cor":"02","comu_corre":"Comuna 02","natu_ips":"Privada","cla_ips":"Instituciones - IPS","cod_capa_reps":25,"nom_capa_reps":"SALAS","cantidad":1,"serv_capa_reps":"Procedimientos","descrip_capa":"SALAS - Procedimientos"}},{"type":"Feature","id":"ads_ips_capacidad_reps.fid--215d4958_1a0d9e21907_4124","geometry":{"type":"Point","coordinates":[-76.51003702,3.46548713]},"geometry_name":"the_geom","properties":{"consec":1051,"gid":4373,"habili":"7600108149","sede":"08","cod_hab":760010814908,"nombre_ips":"INSTITUTO DE DIAGNOSTICO MEDICO DESA SEDE LA PRIMERA","direccion":"KR 1 # 41 - 51","barrio":"Manzanares","id_com_cor":"04","comu_corre":"Comuna 04","natu_ips":"Privada","cla_ips":"Instituciones - IPS","cod_capa_reps":25,"nom_capa_reps":"SALAS","cantidad":1,"serv_capa_reps":"Procedimientos","descrip_capa":"SALAS - Procedimientos"}},{"type":"Feature","id":"ads_ips_capacidad_reps.fid--215d4958_1a0d9e21907_4125","geometry":{"type":"Point","coordinates":[-76.53601761,3.4477831]},"geometry_name":"the_geom","properties":{"consec":1052,"gid":3551,"habili":"7600108149","sede":"10","cod_hab":760010814910,"nombre_ips":"INSTITUTO DE DIAGNOSTICO MEDICO S.A SEDE DESA CLINICIA NUEVA DE CALI","direccion":"CL 6 # 8 - 16","barrio":"La Merced","id_com_cor":"03","comu_corre":"Comuna 03","natu_ips":"Privada","cla_ips":"Instituciones - IPS","cod_capa_reps":25,"nom_capa_reps":"SALAS","cantidad":1,"serv_capa_reps":"Procedimientos","descrip_capa":"SALAS - Procedimientos"}},{"type":"Feature","id":"ads_ips_capacidad_reps.fid--215d4958_1a0d9e21907_4126","geometry":{"type":"Point","coordinates":[-76.52808144,3.43644615]},"geometry_name":"the_geom","properties":{"consec":605,"gid":3340,"habili":"7600108245","sede":"01","cod_hab":760010824501,"nombre_ips":"CLINICA ODONTOLOGICA DE COLOMBIA PARISIEN","direccion":"CL 13 # 22B - 51","barrio":"Guayaquil","id_com_cor":"09","comu_corre":"Comuna 09","natu_ips":"Privada","cla_ips":"Instituciones - IPS","cod_capa_reps":13,"nom_capa_reps":"SALAS","cantidad":1,"serv_capa_reps":"Quirófano","descrip_capa":"SALAS - Quirófano"}},{"type":"Feature","id":"ads_ips_capacidad_reps.fid--215d4958_1a0d9e21907_4127","geometry":{"type":"Point","coordinates":[-76.50084003,3.47353974]},"geometry_name":"the_geom","properties":{"consec":606,"gid":4524,"habili":"7600108254","sede":"01","cod_hab":760010825401,"nombre_ips":"Ambulancias Unidad Soporte Asistencial S.A.S","direccion":"KR 1C2 BIS # 54 - 121","barrio":"Torres de Comfandi","id_com_cor":"05","comu_corre":"Comuna 05","natu_ips":"Privada","cla_ips":"Transporte Especial de Pacientes","cod_capa_reps":15,"nom_capa_reps":"AMBULANCIAS","cantidad":1,"serv_capa_reps":"Básica","descrip_capa":"AMBULANCIAS - Básica"}},{"type":"Feature","id":"ads_ips_capacidad_reps.fid--215d4958_1a0d9e21907_4128","geometry":{"type":"Point","coordinates":[-76.54242584,3.43398142]},"geometry_name":"the_geom","properties":{"consec":607,"gid":3230,"habili":"7600108260","sede":"04","cod_hab":760010826004,"nombre_ips":"OPORTUNIDAD DE VIDA - SAN FERNANDO","direccion":"CL 4B # 27 - 66","barrio":"San Fernando Viejo","id_com_cor":"19","comu_corre":"Comuna 19","natu_ips":"Privada","cla_ips":"Instituciones - IPS","cod_capa_reps":25,"nom_capa_reps":"SALAS","cantidad":2,"serv_capa_reps":"Procedimientos","descrip_capa":"SALAS - Procedimientos"}},{"type":"Feature","id":"ads_ips_capacidad_reps.fid--215d4958_1a0d9e21907_4129","geometry":{"type":"Point","coordinates":[-76.5405961,3.37285737]},"geometry_name":"the_geom","properties":{"consec":608,"gid":249,"habili":"7600108265","sede":"02","cod_hab":760010826502,"nombre_ips":"UNIDAD INTEGRAL EN SALUD UNICENTRO CALI","direccion":"KR 100 # 5 - 169","barrio":"Club Campestre","id_com_cor":"22","comu_corre":"Comuna 22","natu_ips":"Privada","cla_ips":"Instituciones - IPS","cod_capa_reps":25,"nom_capa_reps":"SALAS","cantidad":1,"serv_capa_reps":"Procedimientos","descrip_capa":"SALAS - Procedimientos"}},{"type":"Feature","id":"ads_ips_capacidad_reps.fid--215d4958_1a0d9e21907_412a","geometry":{"type":"Point","coordinates":[-76.53966243,3.41035196]},"geometry_name":"the_geom","properties":{"consec":609,"gid":794,"habili":"7600108277","sede":"01","cod_hab":760010827701,"nombre_ips":"MEDIESPECIALISTAS SAS","direccion":"CL 9C # 50 - 25","barrio":"Camino Real - Los Fundadores","id_com_cor":"19","comu_corre":"Comuna 19","natu_ips":"Privada","cla_ips":"Instituciones - IPS","cod_capa_reps":25,"nom_capa_reps":"SALAS","cantidad":1,"serv_capa_reps":"Procedimientos","descrip_capa":"SALAS - Procedimientos"}},{"type":"Feature","id":"ads_ips_capacidad_reps.fid--215d4958_1a0d9e21907_412b","geometry":{"type":"Point","coordinates":[-76.54774921,3.42077035]},"geometry_name":"the_geom","properties":{"consec":610,"gid":1528,"habili":"7600108307","sede":"01","cod_hab":760010830701,"nombre_ips":"CLINICA DE ARTRITIS TEMPRANA S.A.S.","direccion":"CL 5 # 43 - 65","barrio":"Urbanización Tequendama","id_com_cor":"19","comu_corre":"Comuna 19","natu_ips":"Privada","cla_ips":"Instituciones - IPS","cod_capa_reps":25,"nom_capa_reps":"SALAS","cantidad":1,"serv_capa_reps":"Procedimientos","descrip_capa":"SALAS - Procedimientos"}},{"type":"Feature","id":"ads_ips_capacidad_reps.fid--215d4958_1a0d9e21907_412c","geometry":{"type":"Point","coordinates":[-76.53984672,3.41655473]},"geometry_name":"the_geom","properties":{"consec":611,"gid":1146,"habili":"7600108337","sede":"01","cod_hab":760010833701,"nombre_ips":"Belman Galvis Maldonado","direccion":"CL 9 # 44 - 11","barrio":"Urbanización Militar","id_com_cor":"19","comu_corre":"Comuna 19","natu_ips":"Privada","cla_ips":"Profesional Independiente","cod_capa_reps":25,"nom_capa_reps":"SALAS","cantidad":1,"serv_capa_reps":"Procedimientos","descrip_capa":"SALAS - Procedimientos"}},{"type":"Feature","id":"ads_ips_capacidad_reps.fid--215d4958_1a0d9e21907_412d","geometry":{"type":"Point","coordinates":[-76.53240494,3.36543106]},"geometry_name":"the_geom","properties":{"consec":613,"gid":80,"habili":"7600108414","sede":"02","cod_hab":760010841402,"nombre_ips":"Juana Gabriela López Ramírez","direccion":"CL 15A # 103 - 20","barrio":"Urbanización Ciudad Jardín","id_com_cor":"22","comu_corre":"Comuna 22","natu_ips":"Privada","cla_ips":"Profesional Independiente","cod_capa_reps":25,"nom_capa_reps":"SALAS","cantidad":1,"serv_capa_reps":"Procedimientos","descrip_capa":"SALAS - Procedimientos"}},{"type":"Feature","id":"ads_ips_capacidad_reps.fid--215d4958_1a0d9e21907_412e","geometry":{"type":"Point","coordinates":[-76.54530657,3.428188]},"geometry_name":"the_geom","properties":{"consec":614,"gid":2997,"habili":"7600108416","sede":"01","cod_hab":760010841601,"nombre_ips":"VERONICA VERA CABRALES","direccion":"CL 5 # 38 - 14","barrio":"Santa Isabel","id_com_cor":"19","comu_corre":"Comuna 19","natu_ips":"Privada","cla_ips":"Profesional Independiente","cod_capa_reps":25,"nom_capa_reps":"SALAS","cantidad":1,"serv_capa_reps":"Procedimientos","descrip_capa":"SALAS - Procedimientos"}},{"type":"Feature","id":"ads_ips_capacidad_reps.fid--215d4958_1a0d9e21907_412f","geometry":{"type":"Point","coordinates":[-76.53183908,3.45179591]},"geometry_name":"the_geom","properties":{"consec":615,"gid":3688,"habili":"7600108451","sede":"01","cod_hab":760010845101,"nombre_ips":"Victor Andres Romero Rojas","direccion":"KR 5 # 12 - 39","barrio":"San Pedro","id_com_cor":"03","comu_corre":"Comuna 03","natu_ips":"Privada","cla_ips":"Profesional Independiente","cod_capa_reps":25,"nom_capa_reps":"SALAS","cantidad":1,"serv_capa_reps":"Procedimientos","descrip_capa":"SALAS - Procedimientos"}},{"type":"Feature","id":"ads_ips_capacidad_reps.fid--215d4958_1a0d9e21907_4130","geometry":{"type":"Point","coordinates":[-76.54145201,3.41726198]},"geometry_name":"the_geom","properties":{"consec":616,"gid":1162,"habili":"7600108455","sede":"01","cod_hab":760010845501,"nombre_ips":"PAOLA ANDREA LONDOÑO TREJOS","direccion":"KR 44 # 6B - 85","barrio":"Los Cámbulos","id_com_cor":"19","comu_corre":"Comuna 19","natu_ips":"Privada","cla_ips":"Profesional Independiente","cod_capa_reps":25,"nom_capa_reps":"SALAS","cantidad":1,"serv_capa_reps":"Procedimientos","descrip_capa":"SALAS - Procedimientos"}},{"type":"Feature","id":"ads_ips_capacidad_reps.fid--215d4958_1a0d9e21907_4131","geometry":{"type":"Point","coordinates":[-76.52995008,3.45937261]},"geometry_name":"the_geom","properties":{"consec":617,"gid":3922,"habili":"7600108502","sede":"01","cod_hab":760010850201,"nombre_ips":"SANTUARIO MEDICAL CENTER","direccion":"CL 18 NORTE # 4 - 39","barrio":"Granada","id_com_cor":"02","comu_corre":"Comuna 02","natu_ips":"Privada","cla_ips":"Instituciones - IPS","cod_capa_reps":25,"nom_capa_reps":"SALAS","cantidad":2,"serv_capa_reps":"Procedimientos","descrip_capa":"SALAS - Procedimientos"}},{"type":"Feature","id":"ads_ips_capacidad_reps.fid--215d4958_1a0d9e21907_4132","geometry":{"type":"Point","coordinates":[-76.54458235,3.42249466]},"geometry_name":"the_geom","properties":{"consec":618,"gid":1775,"habili":"7600108507","sede":"01","cod_hab":760010850701,"nombre_ips":"ROSALBA BEJARANO ARANA","direccion":"KR 40 # 5B - 100","barrio":"Urbanización Tequendama","id_com_cor":"19","comu_corre":"Comuna 19","natu_ips":"Privada","cla_ips":"Profesional Independiente","cod_capa_reps":25,"nom_capa_reps":"SALAS","cantidad":1,"serv_capa_reps":"Procedimientos","descrip_capa":"SALAS - Procedimientos"}},{"type":"Feature","id":"ads_ips_capacidad_reps.fid--215d4958_1a0d9e21907_4133","geometry":{"type":"Point","coordinates":[-76.53023573,3.45889434]},"geometry_name":"the_geom","properties":{"consec":619,"gid":3914,"habili":"7600108509","sede":"04","cod_hab":760010850904,"nombre_ips":"CARLOS EUGENIO ORTEGA POVEDA","direccion":"AV 4 # 17 NORTE - 76","barrio":"Granada","id_com_cor":"02","comu_corre":"Comuna 02","natu_ips":"Privada","cla_ips":"Profesional Independiente","cod_capa_reps":25,"nom_capa_reps":"SALAS","cantidad":1,"serv_capa_reps":"Procedimientos","descrip_capa":"SALAS - Procedimientos"}},{"type":"Feature","id":"ads_ips_capacidad_reps.fid--215d4958_1a0d9e21907_4134","geometry":{"type":"Point","coordinates":[-76.51137238,3.46837645]},"geometry_name":"the_geom","properties":{"consec":620,"gid":4446,"habili":"7600108537","sede":"01","cod_hab":760010853701,"nombre_ips":"SERVICIO MEDICO EMPRESARIAL","direccion":"KR 1 # 40 - 108","barrio":"Manzanares","id_com_cor":"04","comu_corre":"Comuna 04","natu_ips":"Privada","cla_ips":"Objeto Social Diferente a la Prestación de Servicios de Salu","cod_capa_reps":25,"nom_capa_reps":"SALAS","cantidad":1,"serv_capa_reps":"Procedimientos","descrip_capa":"SALAS - Procedimientos"}},{"type":"Feature","id":"ads_ips_capacidad_reps.fid--215d4958_1a0d9e21907_4135","geometry":{"type":"Point","coordinates":[-76.54708146,3.42115368]},"geometry_name":"the_geom","properties":{"consec":621,"gid":1567,"habili":"7600108552","sede":"01","cod_hab":760010855201,"nombre_ips":"CLINICA DALI","direccion":"CL 5A # 42A - 54","barrio":"Urbanización Tequendama","id_com_cor":"19","comu_corre":"Comuna 19","natu_ips":"Privada","cla_ips":"Instituciones - IPS","cod_capa_reps":13,"nom_capa_reps":"SALAS","cantidad":4,"serv_capa_reps":"Quirófano","descrip_capa":"SALAS - Quirófano"}},{"type":"Feature","id":"ads_ips_capacidad_reps.fid--215d4958_1a0d9e21907_4136","geometry":{"type":"Point","coordinates":[-76.54253371,3.42323116]},"geometry_name":"the_geom","properties":{"consec":622,"gid":2007,"habili":"7600108568","sede":"01","cod_hab":760010856801,"nombre_ips":"Paola Andrea Buitrago Perdomo","direccion":"CL 5D # 38A - 35","barrio":"Eucaristico","id_com_cor":"19","comu_corre":"Comuna 19","natu_ips":"Privada","cla_ips":"Profesional Independiente","cod_capa_reps":25,"nom_capa_reps":"SALAS","cantidad":1,"serv_capa_reps":"Procedimientos","descrip_capa":"SALAS - Procedimientos"}},{"type":"Feature","id":"ads_ips_capacidad_reps.fid--215d4958_1a0d9e21907_4137","geometry":{"type":"Point","coordinates":[-76.5374848,3.43390305]},"geometry_name":"the_geom","properties":{"consec":628,"gid":3229,"habili":"7600108584","sede":"01","cod_hab":760010858401,"nombre_ips":"T.U.M TRANSPORTE EN URGENCIAS MEDICAS","direccion":"CL 7 # 26 - 74","barrio":"El Cedro","id_com_cor":"19","comu_corre":"Comuna 19","natu_ips":"Privada","cla_ips":"Transporte Especial de Pacientes","cod_capa_reps":15,"nom_capa_reps":"AMBULANCIAS","cantidad":1,"serv_capa_reps":"Básica","descrip_capa":"AMBULANCIAS - Básica"}},{"type":"Feature","id":"ads_ips_capacidad_reps.fid--215d4958_1a0d9e21907_4138","geometry":{"type":"Point","coordinates":[-76.5374848,3.43390305]},"geometry_name":"the_geom","properties":{"consec":627,"gid":3229,"habili":"7600108584","sede":"01","cod_hab":760010858401,"nombre_ips":"T.U.M TRANSPORTE EN URGENCIAS MEDICAS","direccion":"CL 7 # 26 - 74","barrio":"El Cedro","id_com_cor":"19","comu_corre":"Comuna 19","natu_ips":"Privada","cla_ips":"Transporte Especial de Pacientes","cod_capa_reps":15,"nom_capa_reps":"AMBULANCIAS","cantidad":1,"serv_capa_reps":"Básica","descrip_capa":"AMBULANCIAS - Básica"}},{"type":"Feature","id":"ads_ips_capacidad_reps.fid--215d4958_1a0d9e21907_4139","geometry":{"type":"Point","coordinates":[-76.5374848,3.43390305]},"geometry_name":"the_geom","properties":{"consec":631,"gid":3229,"habili":"7600108584","sede":"01","cod_hab":760010858401,"nombre_ips":"T.U.M TRANSPORTE EN URGENCIAS MEDICAS","direccion":"CL 7 # 26 - 74","barrio":"El Cedro","id_com_cor":"19","comu_corre":"Comuna 19","natu_ips":"Privada","cla_ips":"Transporte Especial de Pacientes","cod_capa_reps":15,"nom_capa_reps":"AMBULANCIAS","cantidad":1,"serv_capa_reps":"Básica","descrip_capa":"AMBULANCIAS - Básica"}},{"type":"Feature","id":"ads_ips_capacidad_reps.fid--215d4958_1a0d9e21907_413a","geometry":{"type":"Point","coordinates":[-76.5374848,3.43390305]},"geometry_name":"the_geom","properties":{"consec":625,"gid":3229,"habili":"7600108584","sede":"01","cod_hab":760010858401,"nombre_ips":"T.U.M TRANSPORTE EN URGENCIAS MEDICAS","direccion":"CL 7 # 26 - 74","barrio":"El Cedro","id_com_cor":"19","comu_corre":"Comuna 19","natu_ips":"Privada","cla_ips":"Transporte Especial de Pacientes","cod_capa_reps":15,"nom_capa_reps":"AMBULANCIAS","cantidad":1,"serv_capa_reps":"Básica","descrip_capa":"AMBULANCIAS - Básica"}},{"type":"Feature","id":"ads_ips_capacidad_reps.fid--215d4958_1a0d9e21907_413b","geometry":{"type":"Point","coordinates":[-76.5374848,3.43390305]},"geometry_name":"the_geom","properties":{"consec":624,"gid":3229,"habili":"7600108584","sede":"01","cod_hab":760010858401,"nombre_ips":"T.U.M TRANSPORTE EN URGENCIAS MEDICAS","direccion":"CL 7 # 26 - 74","barrio":"El Cedro","id_com_cor":"19","comu_corre":"Comuna 19","natu_ips":"Privada","cla_ips":"Transporte Especial de Pacientes","cod_capa_reps":15,"nom_capa_reps":"AMBULANCIAS","cantidad":1,"serv_capa_reps":"Básica","descrip_capa":"AMBULANCIAS - Básica"}},{"type":"Feature","id":"ads_ips_capacidad_reps.fid--215d4958_1a0d9e21907_413c","geometry":{"type":"Point","coordinates":[-76.5374848,3.43390305]},"geometry_name":"the_geom","properties":{"consec":623,"gid":3229,"habili":"7600108584","sede":"01","cod_hab":760010858401,"nombre_ips":"T.U.M TRANSPORTE EN URGENCIAS MEDICAS","direccion":"CL 7 # 26 - 74","barrio":"El Cedro","id_com_cor":"19","comu_corre":"Comuna 19","natu_ips":"Privada","cla_ips":"Transporte Especial de Pacientes","cod_capa_reps":15,"nom_capa_reps":"AMBULANCIAS","cantidad":1,"serv_capa_reps":"Básica","descrip_capa":"AMBULANCIAS - Básica"}},{"type":"Feature","id":"ads_ips_capacidad_reps.fid--215d4958_1a0d9e21907_413d","geometry":{"type":"Point","coordinates":[-76.5374848,3.43390305]},"geometry_name":"the_geom","properties":{"consec":626,"gid":3229,"habili":"7600108584","sede":"01","cod_hab":760010858401,"nombre_ips":"T.U.M TRANSPORTE EN URGENCIAS MEDICAS","direccion":"CL 7 # 26 - 74","barrio":"El Cedro","id_com_cor":"19","comu_corre":"Comuna 19","natu_ips":"Privada","cla_ips":"Transporte Especial de Pacientes","cod_capa_reps":15,"nom_capa_reps":"AMBULANCIAS","cantidad":1,"serv_capa_reps":"Básica","descrip_capa":"AMBULANCIAS - Básica"}},{"type":"Feature","id":"ads_ips_capacidad_reps.fid--215d4958_1a0d9e21907_413e","geometry":{"type":"Point","coordinates":[-76.5374848,3.43390305]},"geometry_name":"the_geom","properties":{"consec":630,"gid":3229,"habili":"7600108584","sede":"01","cod_hab":760010858401,"nombre_ips":"T.U.M TRANSPORTE EN URGENCIAS MEDICAS","direccion":"CL 7 # 26 - 74","barrio":"El Cedro","id_com_cor":"19","comu_corre":"Comuna 19","natu_ips":"Privada","cla_ips":"Transporte Especial de Pacientes","cod_capa_reps":15,"nom_capa_reps":"AMBULANCIAS","cantidad":1,"serv_capa_reps":"Básica","descrip_capa":"AMBULANCIAS - Básica"}},{"type":"Feature","id":"ads_ips_capacidad_reps.fid--215d4958_1a0d9e21907_413f","geometry":{"type":"Point","coordinates":[-76.5374848,3.43390305]},"geometry_name":"the_geom","properties":{"consec":632,"gid":3229,"habili":"7600108584","sede":"01","cod_hab":760010858401,"nombre_ips":"T.U.M TRANSPORTE EN URGENCIAS MEDICAS","direccion":"CL 7 # 26 - 74","barrio":"El Cedro","id_com_cor":"19","comu_corre":"Comuna 19","natu_ips":"Privada","cla_ips":"Transporte Especial de Pacientes","cod_capa_reps":15,"nom_capa_reps":"AMBULANCIAS","cantidad":1,"serv_capa_reps":"Básica","descrip_capa":"AMBULANCIAS - Básica"}},{"type":"Feature","id":"ads_ips_capacidad_reps.fid--215d4958_1a0d9e21907_4140","geometry":{"type":"Point","coordinates":[-76.5374848,3.43390305]},"geometry_name":"the_geom","properties":{"consec":633,"gid":3229,"habili":"7600108584","sede":"01","cod_hab":760010858401,"nombre_ips":"T.U.M TRANSPORTE EN URGENCIAS MEDICAS","direccion":"CL 7 # 26 - 74","barrio":"El Cedro","id_com_cor":"19","comu_corre":"Comuna 19","natu_ips":"Privada","cla_ips":"Transporte Especial de Pacientes","cod_capa_reps":15,"nom_capa_reps":"AMBULANCIAS","cantidad":1,"serv_capa_reps":"Básica","descrip_capa":"AMBULANCIAS - Básica"}},{"type":"Feature","id":"ads_ips_capacidad_reps.fid--215d4958_1a0d9e21907_4141","geometry":{"type":"Point","coordinates":[-76.5374848,3.43390305]},"geometry_name":"the_geom","properties":{"consec":629,"gid":3229,"habili":"7600108584","sede":"01","cod_hab":760010858401,"nombre_ips":"T.U.M TRANSPORTE EN URGENCIAS MEDICAS","direccion":"CL 7 # 26 - 74","barrio":"El Cedro","id_com_cor":"19","comu_corre":"Comuna 19","natu_ips":"Privada","cla_ips":"Transporte Especial de Pacientes","cod_capa_reps":15,"nom_capa_reps":"AMBULANCIAS","cantidad":1,"serv_capa_reps":"Básica","descrip_capa":"AMBULANCIAS - Básica"}},{"type":"Feature","id":"ads_ips_capacidad_reps.fid--215d4958_1a0d9e21907_4142","geometry":{"type":"Point","coordinates":[-76.54496947,3.42184253]},"geometry_name":"the_geom","properties":{"consec":634,"gid":1667,"habili":"7600108614","sede":"01","cod_hab":760010861401,"nombre_ips":"\"FUNDACION PARA LA PROMOCION DE LA SALUD Y PREVENCION DE LA ENFERMEDAD RENAL \"\"PREVRENAL\"\"\"","direccion":"KR 41 # 5B - 82","barrio":"Urbanización Tequendama","id_com_cor":"19","comu_corre":"Comuna 19","natu_ips":"Privada","cla_ips":"Instituciones - IPS","cod_capa_reps":25,"nom_capa_reps":"SALAS","cantidad":1,"serv_capa_reps":"Procedimientos","descrip_capa":"SALAS - Procedimientos"}},{"type":"Feature","id":"ads_ips_capacidad_reps.fid--215d4958_1a0d9e21907_4143","geometry":{"type":"Point","coordinates":[-76.54656148,3.42198474]},"geometry_name":"the_geom","properties":{"consec":635,"gid":1707,"habili":"7600108656","sede":"01","cod_hab":760010865601,"nombre_ips":"ALEXIS GERMAN BUCHELLI REVELO","direccion":"KR 42 # 5A - 19","barrio":"Urbanización Tequendama","id_com_cor":"19","comu_corre":"Comuna 19","natu_ips":"Privada","cla_ips":"Profesional Independiente","cod_capa_reps":25,"nom_capa_reps":"SALAS","cantidad":1,"serv_capa_reps":"Procedimientos","descrip_capa":"SALAS - Procedimientos"}},{"type":"Feature","id":"ads_ips_capacidad_reps.fid--215d4958_1a0d9e21907_4144","geometry":{"type":"Point","coordinates":[-76.53769112,3.41259278]},"geometry_name":"the_geom","properties":{"consec":636,"gid":888,"habili":"7600108662","sede":"01","cod_hab":760010866201,"nombre_ips":"SANACION Y VIDA IPS S.A.S","direccion":"CL 10 # 48 - 07","barrio":"Departamental","id_com_cor":"10","comu_corre":"Comuna 10","natu_ips":"Privada","cla_ips":"Instituciones - IPS","cod_capa_reps":25,"nom_capa_reps":"SALAS","cantidad":1,"serv_capa_reps":"Procedimientos","descrip_capa":"SALAS - Procedimientos"}},{"type":"Feature","id":"ads_ips_capacidad_reps.fid--215d4958_1a0d9e21907_4145","geometry":{"type":"Point","coordinates":[-76.5405961,3.37285737]},"geometry_name":"the_geom","properties":{"consec":637,"gid":253,"habili":"7600108667","sede":"01","cod_hab":760010866701,"nombre_ips":"ALAN ALBEIRO GONZÁLEZ VARELA","direccion":"KR 100 # 5 - 169","barrio":"Club Campestre","id_com_cor":"22","comu_corre":"Comuna 22","natu_ips":"Privada","cla_ips":"Profesional Independiente","cod_capa_reps":25,"nom_capa_reps":"SALAS","cantidad":1,"serv_capa_reps":"Procedimientos","descrip_capa":"SALAS - Procedimientos"}},{"type":"Feature","id":"ads_ips_capacidad_reps.fid--215d4958_1a0d9e21907_4146","geometry":{"type":"Point","coordinates":[-76.50539169,3.42553285]},"geometry_name":"the_geom","properties":{"consec":638,"gid":2719,"habili":"7600108670","sede":"01","cod_hab":760010867001,"nombre_ips":"SERVICIO ASISTENCIAL INMEDIATO S.A.S","direccion":"DG 30 # 29B - 45","barrio":"San Pedro Claver","id_com_cor":"11","comu_corre":"Comuna 11","natu_ips":"Privada","cla_ips":"Instituciones - IPS","cod_capa_reps":15,"nom_capa_reps":"AMBULANCIAS","cantidad":1,"serv_capa_reps":"Básica","descrip_capa":"AMBULANCIAS - Básica"}},{"type":"Feature","id":"ads_ips_capacidad_reps.fid--215d4958_1a0d9e21907_4147","geometry":{"type":"Point","coordinates":[-76.50539169,3.42553285]},"geometry_name":"the_geom","properties":{"consec":641,"gid":2719,"habili":"7600108670","sede":"01","cod_hab":760010867001,"nombre_ips":"SERVICIO ASISTENCIAL INMEDIATO S.A.S","direccion":"DG 30 # 29B - 45","barrio":"San Pedro Claver","id_com_cor":"11","comu_corre":"Comuna 11","natu_ips":"Privada","cla_ips":"Instituciones - IPS","cod_capa_reps":15,"nom_capa_reps":"AMBULANCIAS","cantidad":1,"serv_capa_reps":"Básica","descrip_capa":"AMBULANCIAS - Básica"}},{"type":"Feature","id":"ads_ips_capacidad_reps.fid--215d4958_1a0d9e21907_4148","geometry":{"type":"Point","coordinates":[-76.50539169,3.42553285]},"geometry_name":"the_geom","properties":{"consec":640,"gid":2719,"habili":"7600108670","sede":"01","cod_hab":760010867001,"nombre_ips":"SERVICIO ASISTENCIAL INMEDIATO S.A.S","direccion":"DG 30 # 29B - 45","barrio":"San Pedro Claver","id_com_cor":"11","comu_corre":"Comuna 11","natu_ips":"Privada","cla_ips":"Instituciones - IPS","cod_capa_reps":15,"nom_capa_reps":"AMBULANCIAS","cantidad":1,"serv_capa_reps":"Básica","descrip_capa":"AMBULANCIAS - Básica"}},{"type":"Feature","id":"ads_ips_capacidad_reps.fid--215d4958_1a0d9e21907_4149","geometry":{"type":"Point","coordinates":[-76.50539169,3.42553285]},"geometry_name":"the_geom","properties":{"consec":639,"gid":2719,"habili":"7600108670","sede":"01","cod_hab":760010867001,"nombre_ips":"SERVICIO ASISTENCIAL INMEDIATO S.A.S","direccion":"DG 30 # 29B - 45","barrio":"San Pedro Claver","id_com_cor":"11","comu_corre":"Comuna 11","natu_ips":"Privada","cla_ips":"Instituciones - IPS","cod_capa_reps":15,"nom_capa_reps":"AMBULANCIAS","cantidad":1,"serv_capa_reps":"Básica","descrip_capa":"AMBULANCIAS - Básica"}},{"type":"Feature","id":"ads_ips_capacidad_reps.fid--215d4958_1a0d9e21907_414a","geometry":{"type":"Point","coordinates":[-76.53240494,3.36543106]},"geometry_name":"the_geom","properties":{"consec":642,"gid":82,"habili":"7600108714","sede":"02","cod_hab":760010871402,"nombre_ips":"CERIO IPS CIUDAD JARDÍN","direccion":"CL 15A # 103 - 20","barrio":"Urbanización Ciudad Jardín","id_com_cor":"22","comu_corre":"Comuna 22","natu_ips":"Privada","cla_ips":"Instituciones - IPS","cod_capa_reps":25,"nom_capa_reps":"SALAS","cantidad":1,"serv_capa_reps":"Procedimientos","descrip_capa":"SALAS - Procedimientos"}},{"type":"Feature","id":"ads_ips_capacidad_reps.fid--215d4958_1a0d9e21907_414b","geometry":{"type":"Point","coordinates":[-76.5018262,3.44938781]},"geometry_name":"the_geom","properties":{"consec":649,"gid":3607,"habili":"7600108723","sede":"01","cod_hab":760010872301,"nombre_ips":"s.i.a.p servicio imediato a pacientes s.a.s","direccion":"KR 11D # 48 - 16","barrio":"Villa Colombia","id_com_cor":"08","comu_corre":"Comuna 08","natu_ips":"Privada","cla_ips":"Transporte Especial de Pacientes","cod_capa_reps":15,"nom_capa_reps":"AMBULANCIAS","cantidad":1,"serv_capa_reps":"Básica","descrip_capa":"AMBULANCIAS - Básica"}},{"type":"Feature","id":"ads_ips_capacidad_reps.fid--215d4958_1a0d9e21907_414c","geometry":{"type":"Point","coordinates":[-76.5018262,3.44938781]},"geometry_name":"the_geom","properties":{"consec":648,"gid":3607,"habili":"7600108723","sede":"01","cod_hab":760010872301,"nombre_ips":"s.i.a.p servicio imediato a pacientes s.a.s","direccion":"KR 11D # 48 - 16","barrio":"Villa Colombia","id_com_cor":"08","comu_corre":"Comuna 08","natu_ips":"Privada","cla_ips":"Transporte Especial de Pacientes","cod_capa_reps":15,"nom_capa_reps":"AMBULANCIAS","cantidad":1,"serv_capa_reps":"Básica","descrip_capa":"AMBULANCIAS - Básica"}},{"type":"Feature","id":"ads_ips_capacidad_reps.fid--215d4958_1a0d9e21907_414d","geometry":{"type":"Point","coordinates":[-76.5018262,3.44938781]},"geometry_name":"the_geom","properties":{"consec":647,"gid":3607,"habili":"7600108723","sede":"01","cod_hab":760010872301,"nombre_ips":"s.i.a.p servicio imediato a pacientes s.a.s","direccion":"KR 11D # 48 - 16","barrio":"Villa Colombia","id_com_cor":"08","comu_corre":"Comuna 08","natu_ips":"Privada","cla_ips":"Transporte Especial de Pacientes","cod_capa_reps":15,"nom_capa_reps":"AMBULANCIAS","cantidad":1,"serv_capa_reps":"Básica","descrip_capa":"AMBULANCIAS - Básica"}},{"type":"Feature","id":"ads_ips_capacidad_reps.fid--215d4958_1a0d9e21907_414e","geometry":{"type":"Point","coordinates":[-76.5018262,3.44938781]},"geometry_name":"the_geom","properties":{"consec":646,"gid":3607,"habili":"7600108723","sede":"01","cod_hab":760010872301,"nombre_ips":"s.i.a.p servicio imediato a pacientes s.a.s","direccion":"KR 11D # 48 - 16","barrio":"Villa Colombia","id_com_cor":"08","comu_corre":"Comuna 08","natu_ips":"Privada","cla_ips":"Transporte Especial de Pacientes","cod_capa_reps":15,"nom_capa_reps":"AMBULANCIAS","cantidad":1,"serv_capa_reps":"Básica","descrip_capa":"AMBULANCIAS - Básica"}},{"type":"Feature","id":"ads_ips_capacidad_reps.fid--215d4958_1a0d9e21907_414f","geometry":{"type":"Point","coordinates":[-76.5018262,3.44938781]},"geometry_name":"the_geom","properties":{"consec":645,"gid":3607,"habili":"7600108723","sede":"01","cod_hab":760010872301,"nombre_ips":"s.i.a.p servicio imediato a pacientes s.a.s","direccion":"KR 11D # 48 - 16","barrio":"Villa Colombia","id_com_cor":"08","comu_corre":"Comuna 08","natu_ips":"Privada","cla_ips":"Transporte Especial de Pacientes","cod_capa_reps":15,"nom_capa_reps":"AMBULANCIAS","cantidad":1,"serv_capa_reps":"Básica","descrip_capa":"AMBULANCIAS - Básica"}},{"type":"Feature","id":"ads_ips_capacidad_reps.fid--215d4958_1a0d9e21907_4150","geometry":{"type":"Point","coordinates":[-76.5018262,3.44938781]},"geometry_name":"the_geom","properties":{"consec":644,"gid":3607,"habili":"7600108723","sede":"01","cod_hab":760010872301,"nombre_ips":"s.i.a.p servicio imediato a pacientes s.a.s","direccion":"KR 11D # 48 - 16","barrio":"Villa Colombia","id_com_cor":"08","comu_corre":"Comuna 08","natu_ips":"Privada","cla_ips":"Transporte Especial de Pacientes","cod_capa_reps":15,"nom_capa_reps":"AMBULANCIAS","cantidad":1,"serv_capa_reps":"Básica","descrip_capa":"AMBULANCIAS - Básica"}},{"type":"Feature","id":"ads_ips_capacidad_reps.fid--215d4958_1a0d9e21907_4151","geometry":{"type":"Point","coordinates":[-76.5018262,3.44938781]},"geometry_name":"the_geom","properties":{"consec":643,"gid":3607,"habili":"7600108723","sede":"01","cod_hab":760010872301,"nombre_ips":"s.i.a.p servicio imediato a pacientes s.a.s","direccion":"KR 11D # 48 - 16","barrio":"Villa Colombia","id_com_cor":"08","comu_corre":"Comuna 08","natu_ips":"Privada","cla_ips":"Transporte Especial de Pacientes","cod_capa_reps":15,"nom_capa_reps":"AMBULANCIAS","cantidad":1,"serv_capa_reps":"Básica","descrip_capa":"AMBULANCIAS - Básica"}},{"type":"Feature","id":"ads_ips_capacidad_reps.fid--215d4958_1a0d9e21907_4152","geometry":{"type":"Point","coordinates":[-76.54352089,3.40200172]},"geometry_name":"the_geom","properties":{"consec":650,"gid":557,"habili":"7600108742","sede":"01","cod_hab":760010874201,"nombre_ips":"IPS FICADES SAS","direccion":"KR 63 # 9 - 103","barrio":"Cañaveralejo - Seguros Patria","id_com_cor":"19","comu_corre":"Comuna 19","natu_ips":"Privada","cla_ips":"Instituciones - IPS","cod_capa_reps":2,"nom_capa_reps":"CAMAS","cantidad":1,"serv_capa_reps":"Adultos","descrip_capa":"CAMAS - Adultos"}},{"type":"Feature","id":"ads_ips_capacidad_reps.fid--215d4958_1a0d9e21907_4153","geometry":{"type":"Point","coordinates":[-76.54260355,3.4284269]},"geometry_name":"the_geom","properties":{"consec":651,"gid":3025,"habili":"7600108779","sede":"01","cod_hab":760010877901,"nombre_ips":"AMBULANCIA LINEA DE FE","direccion":"CL 5B2 # 36C - 38","barrio":"San Fernando Nuevo","id_com_cor":"19","comu_corre":"Comuna 19","natu_ips":"Privada","cla_ips":"Transporte Especial de Pacientes","cod_capa_reps":15,"nom_capa_reps":"AMBULANCIAS","cantidad":1,"serv_capa_reps":"Básica","descrip_capa":"AMBULANCIAS - Básica"}},{"type":"Feature","id":"ads_ips_capacidad_reps.fid--215d4958_1a0d9e21907_4154","geometry":{"type":"Point","coordinates":[-76.54260355,3.4284269]},"geometry_name":"the_geom","properties":{"consec":653,"gid":3025,"habili":"7600108779","sede":"01","cod_hab":760010877901,"nombre_ips":"AMBULANCIA LINEA DE FE","direccion":"CL 5B2 # 36C - 38","barrio":"San Fernando Nuevo","id_com_cor":"19","comu_corre":"Comuna 19","natu_ips":"Privada","cla_ips":"Transporte Especial de Pacientes","cod_capa_reps":16,"nom_capa_reps":"AMBULANCIAS","cantidad":1,"serv_capa_reps":"Medicalizada","descrip_capa":"AMBULANCIAS - Medicalizada"}},{"type":"Feature","id":"ads_ips_capacidad_reps.fid--215d4958_1a0d9e21907_4155","geometry":{"type":"Point","coordinates":[-76.54260355,3.4284269]},"geometry_name":"the_geom","properties":{"consec":652,"gid":3025,"habili":"7600108779","sede":"01","cod_hab":760010877901,"nombre_ips":"AMBULANCIA LINEA DE FE","direccion":"CL 5B2 # 36C - 38","barrio":"San Fernando Nuevo","id_com_cor":"19","comu_corre":"Comuna 19","natu_ips":"Privada","cla_ips":"Transporte Especial de Pacientes","cod_capa_reps":16,"nom_capa_reps":"AMBULANCIAS","cantidad":1,"serv_capa_reps":"Medicalizada","descrip_capa":"AMBULANCIAS - Medicalizada"}},{"type":"Feature","id":"ads_ips_capacidad_reps.fid--215d4958_1a0d9e21907_4156","geometry":{"type":"Point","coordinates":[-76.52923153,3.4622811]},"geometry_name":"the_geom","properties":{"consec":654,"gid":4152,"habili":"7600108814","sede":"01","cod_hab":760010881401,"nombre_ips":"LAFAM","direccion":"AV 5A # 21 NORTE - 07","barrio":"Versalles","id_com_cor":"02","comu_corre":"Comuna 02","natu_ips":"Privada","cla_ips":"Instituciones - IPS","cod_capa_reps":25,"nom_capa_reps":"SALAS","cantidad":1,"serv_capa_reps":"Procedimientos","descrip_capa":"SALAS - Procedimientos"}},{"type":"Feature","id":"ads_ips_capacidad_reps.fid--215d4958_1a0d9e21907_4157","geometry":{"type":"Point","coordinates":[-76.54684465,3.42012658]},"geometry_name":"the_geom","properties":{"consec":655,"gid":1434,"habili":"7600108824","sede":"01","cod_hab":760010882401,"nombre_ips":"Belezia Medical Group & Spa S.A.S","direccion":"KR 43A # 5A - 89","barrio":"Urbanización Tequendama","id_com_cor":"19","comu_corre":"Comuna 19","natu_ips":"Privada","cla_ips":"Instituciones - IPS","cod_capa_reps":25,"nom_capa_reps":"SALAS","cantidad":1,"serv_capa_reps":"Procedimientos","descrip_capa":"SALAS - Procedimientos"}},{"type":"Feature","id":"ads_ips_capacidad_reps.fid--215d4958_1a0d9e21907_4158","geometry":{"type":"Point","coordinates":[-76.54530657,3.428188]},"geometry_name":"the_geom","properties":{"consec":656,"gid":2998,"habili":"7600108841","sede":"01","cod_hab":760010884101,"nombre_ips":"JOHANNA LUNA HERNANDEZ","direccion":"CL 5 # 38 - 14","barrio":"Santa Isabel","id_com_cor":"19","comu_corre":"Comuna 19","natu_ips":"Privada","cla_ips":"Profesional Independiente","cod_capa_reps":25,"nom_capa_reps":"SALAS","cantidad":1,"serv_capa_reps":"Procedimientos","descrip_capa":"SALAS - Procedimientos"}},{"type":"Feature","id":"ads_ips_capacidad_reps.fid--215d4958_1a0d9e21907_4159","geometry":{"type":"Point","coordinates":[-76.53240494,3.36543106]},"geometry_name":"the_geom","properties":{"consec":657,"gid":83,"habili":"7600108841","sede":"02","cod_hab":760010884102,"nombre_ips":"Johanna Luna Hernández","direccion":"CL 15A # 103 - 20","barrio":"Urbanización Ciudad Jardín","id_com_cor":"22","comu_corre":"Comuna 22","natu_ips":"Privada","cla_ips":"Profesional Independiente","cod_capa_reps":25,"nom_capa_reps":"SALAS","cantidad":1,"serv_capa_reps":"Procedimientos","descrip_capa":"SALAS - Procedimientos"}},{"type":"Feature","id":"ads_ips_capacidad_reps.fid--215d4958_1a0d9e21907_415a","geometry":{"type":"Point","coordinates":[-76.52950713,3.4348875]},"geometry_name":"the_geom","properties":{"consec":658,"gid":3275,"habili":"7600108973","sede":"01","cod_hab":760010897301,"nombre_ips":"SERVICIOS MEDICOS INTEGRALES SEMI","direccion":"CL 12 # 23A - 40","barrio":"Junín","id_com_cor":"09","comu_corre":"Comuna 09","natu_ips":"Privada","cla_ips":"Instituciones - IPS","cod_capa_reps":15,"nom_capa_reps":"AMBULANCIAS","cantidad":1,"serv_capa_reps":"Básica","descrip_capa":"AMBULANCIAS - Básica"}},{"type":"Feature","id":"ads_ips_capacidad_reps.fid--215d4958_1a0d9e21907_415b","geometry":{"type":"Point","coordinates":[-76.52950713,3.4348875]},"geometry_name":"the_geom","properties":{"consec":660,"gid":3275,"habili":"7600108973","sede":"01","cod_hab":760010897301,"nombre_ips":"SERVICIOS MEDICOS INTEGRALES SEMI","direccion":"CL 12 # 23A - 40","barrio":"Junín","id_com_cor":"09","comu_corre":"Comuna 09","natu_ips":"Privada","cla_ips":"Instituciones - IPS","cod_capa_reps":16,"nom_capa_reps":"AMBULANCIAS","cantidad":1,"serv_capa_reps":"Medicalizada","descrip_capa":"AMBULANCIAS - Medicalizada"}},{"type":"Feature","id":"ads_ips_capacidad_reps.fid--215d4958_1a0d9e21907_415c","geometry":{"type":"Point","coordinates":[-76.52950713,3.4348875]},"geometry_name":"the_geom","properties":{"consec":659,"gid":3275,"habili":"7600108973","sede":"01","cod_hab":760010897301,"nombre_ips":"SERVICIOS MEDICOS INTEGRALES SEMI","direccion":"CL 12 # 23A - 40","barrio":"Junín","id_com_cor":"09","comu_corre":"Comuna 09","natu_ips":"Privada","cla_ips":"Instituciones - IPS","cod_capa_reps":16,"nom_capa_reps":"AMBULANCIAS","cantidad":1,"serv_capa_reps":"Medicalizada","descrip_capa":"AMBULANCIAS - Medicalizada"}},{"type":"Feature","id":"ads_ips_capacidad_reps.fid--215d4958_1a0d9e21907_415d","geometry":{"type":"Point","coordinates":[-76.5467784,3.42112792]},"geometry_name":"the_geom","properties":{"consec":662,"gid":1562,"habili":"7600108996","sede":"01","cod_hab":760010899601,"nombre_ips":"Elda Lucia Gutierrez Trejos","direccion":"KR 42A # 5A - 36","barrio":"Urbanización Tequendama","id_com_cor":"19","comu_corre":"Comuna 19","natu_ips":"Privada","cla_ips":"Profesional Independiente","cod_capa_reps":25,"nom_capa_reps":"SALAS","cantidad":1,"serv_capa_reps":"Procedimientos","descrip_capa":"SALAS - Procedimientos"}},{"type":"Feature","id":"ads_ips_capacidad_reps.fid--215d4958_1a0d9e21907_415e","geometry":{"type":"Point","coordinates":[-76.53827016,3.4160585]},"geometry_name":"the_geom","properties":{"consec":663,"gid":1125,"habili":"7600109018","sede":"01","cod_hab":760010901801,"nombre_ips":"DAVITA CALI","direccion":"KR 44 # 9C - 58","barrio":"Urbanización Militar","id_com_cor":"19","comu_corre":"Comuna 19","natu_ips":"Privada","cla_ips":"Instituciones - IPS","cod_capa_reps":25,"nom_capa_reps":"SALAS","cantidad":1,"serv_capa_reps":"Procedimientos","descrip_capa":"SALAS - Procedimientos"}},{"type":"Feature","id":"ads_ips_capacidad_reps.fid--215d4958_1a0d9e21907_415f","geometry":{"type":"Point","coordinates":[-76.52525247,3.46492144]},"geometry_name":"the_geom","properties":{"consec":664,"gid":4337,"habili":"7600109018","sede":"03","cod_hab":760010901803,"nombre_ips":"DAVITA CALI NORTE","direccion":"CL 23C # 3A NORTE - 35","barrio":"San Vicente","id_com_cor":"02","comu_corre":"Comuna 02","natu_ips":"Privada","cla_ips":"Instituciones - IPS","cod_capa_reps":25,"nom_capa_reps":"SALAS","cantidad":1,"serv_capa_reps":"Procedimientos","descrip_capa":"SALAS - Procedimientos"}},{"type":"Feature","id":"ads_ips_capacidad_reps.fid--215d4958_1a0d9e21907_4160","geometry":{"type":"Point","coordinates":[-76.54399298,3.42615444]},"geometry_name":"the_geom","properties":{"consec":669,"gid":2793,"habili":"7600109050","sede":"01","cod_hab":760010905001,"nombre_ips":"ONCODERMA S.A.S.","direccion":"CL 5B3 # 38 - 44","barrio":"San Fernando Nuevo","id_com_cor":"19","comu_corre":"Comuna 19","natu_ips":"Privada","cla_ips":"Instituciones - IPS","cod_capa_reps":25,"nom_capa_reps":"SALAS","cantidad":1,"serv_capa_reps":"Procedimientos","descrip_capa":"SALAS - Procedimientos"}},{"type":"Feature","id":"ads_ips_capacidad_reps.fid--215d4958_1a0d9e21907_4161","geometry":{"type":"Point","coordinates":[-76.51146563,3.44622344]},"geometry_name":"the_geom","properties":{"consec":670,"gid":3515,"habili":"7600109069","sede":"01","cod_hab":760010906901,"nombre_ips":"GRUPO SERVICIO INTEGRAL MEDICO S.A.S GRUPO SIM S.A.S","direccion":"KR 12 # 33 - 47","barrio":"Municipal","id_com_cor":"08","comu_corre":"Comuna 08","natu_ips":"Privada","cla_ips":"Transporte Especial de Pacientes","cod_capa_reps":15,"nom_capa_reps":"AMBULANCIAS","cantidad":1,"serv_capa_reps":"Básica","descrip_capa":"AMBULANCIAS - Básica"}},{"type":"Feature","id":"ads_ips_capacidad_reps.fid--215d4958_1a0d9e21907_4162","geometry":{"type":"Point","coordinates":[-76.51146563,3.44622344]},"geometry_name":"the_geom","properties":{"consec":671,"gid":3515,"habili":"7600109069","sede":"01","cod_hab":760010906901,"nombre_ips":"GRUPO SERVICIO INTEGRAL MEDICO S.A.S GRUPO SIM S.A.S","direccion":"KR 12 # 33 - 47","barrio":"Municipal","id_com_cor":"08","comu_corre":"Comuna 08","natu_ips":"Privada","cla_ips":"Transporte Especial de Pacientes","cod_capa_reps":15,"nom_capa_reps":"AMBULANCIAS","cantidad":1,"serv_capa_reps":"Básica","descrip_capa":"AMBULANCIAS - Básica"}},{"type":"Feature","id":"ads_ips_capacidad_reps.fid--215d4958_1a0d9e21907_4163","geometry":{"type":"Point","coordinates":[-76.51146563,3.44622344]},"geometry_name":"the_geom","properties":{"consec":672,"gid":3515,"habili":"7600109069","sede":"01","cod_hab":760010906901,"nombre_ips":"GRUPO SERVICIO INTEGRAL MEDICO S.A.S GRUPO SIM S.A.S","direccion":"KR 12 # 33 - 47","barrio":"Municipal","id_com_cor":"08","comu_corre":"Comuna 08","natu_ips":"Privada","cla_ips":"Transporte Especial de Pacientes","cod_capa_reps":15,"nom_capa_reps":"AMBULANCIAS","cantidad":1,"serv_capa_reps":"Básica","descrip_capa":"AMBULANCIAS - Básica"}},{"type":"Feature","id":"ads_ips_capacidad_reps.fid--215d4958_1a0d9e21907_4164","geometry":{"type":"Point","coordinates":[-76.51146563,3.44622344]},"geometry_name":"the_geom","properties":{"consec":673,"gid":3515,"habili":"7600109069","sede":"01","cod_hab":760010906901,"nombre_ips":"GRUPO SERVICIO INTEGRAL MEDICO S.A.S GRUPO SIM S.A.S","direccion":"KR 12 # 33 - 47","barrio":"Municipal","id_com_cor":"08","comu_corre":"Comuna 08","natu_ips":"Privada","cla_ips":"Transporte Especial de Pacientes","cod_capa_reps":15,"nom_capa_reps":"AMBULANCIAS","cantidad":1,"serv_capa_reps":"Básica","descrip_capa":"AMBULANCIAS - Básica"}},{"type":"Feature","id":"ads_ips_capacidad_reps.fid--215d4958_1a0d9e21907_4165","geometry":{"type":"Point","coordinates":[-76.49536718,3.47755035]},"geometry_name":"the_geom","properties":{"consec":674,"gid":4636,"habili":"7600109087","sede":"01","cod_hab":760010908701,"nombre_ips":"emergroup sas","direccion":"KR 1B # 61A - 115","barrio":"Los Parques Barranquilla","id_com_cor":"05","comu_corre":"Comuna 05","natu_ips":"Privada","cla_ips":"Transporte Especial de Pacientes","cod_capa_reps":15,"nom_capa_reps":"AMBULANCIAS","cantidad":1,"serv_capa_reps":"Básica","descrip_capa":"AMBULANCIAS - Básica"}},{"type":"Feature","id":"ads_ips_capacidad_reps.fid--215d4958_1a0d9e21907_4166","geometry":{"type":"Point","coordinates":[-76.49536718,3.47755035]},"geometry_name":"the_geom","properties":{"consec":675,"gid":4636,"habili":"7600109087","sede":"01","cod_hab":760010908701,"nombre_ips":"emergroup sas","direccion":"KR 1B # 61A - 115","barrio":"Los Parques Barranquilla","id_com_cor":"05","comu_corre":"Comuna 05","natu_ips":"Privada","cla_ips":"Transporte Especial de Pacientes","cod_capa_reps":15,"nom_capa_reps":"AMBULANCIAS","cantidad":1,"serv_capa_reps":"Básica","descrip_capa":"AMBULANCIAS - Básica"}},{"type":"Feature","id":"ads_ips_capacidad_reps.fid--215d4958_1a0d9e21907_4167","geometry":{"type":"Point","coordinates":[-76.49536718,3.47755035]},"geometry_name":"the_geom","properties":{"consec":676,"gid":4636,"habili":"7600109087","sede":"01","cod_hab":760010908701,"nombre_ips":"emergroup sas","direccion":"KR 1B # 61A - 115","barrio":"Los Parques Barranquilla","id_com_cor":"05","comu_corre":"Comuna 05","natu_ips":"Privada","cla_ips":"Transporte Especial de Pacientes","cod_capa_reps":15,"nom_capa_reps":"AMBULANCIAS","cantidad":1,"serv_capa_reps":"Básica","descrip_capa":"AMBULANCIAS - Básica"}},{"type":"Feature","id":"ads_ips_capacidad_reps.fid--215d4958_1a0d9e21907_4168","geometry":{"type":"Point","coordinates":[-76.53853704,3.45145046]},"geometry_name":"the_geom","properties":{"consec":677,"gid":3674,"habili":"7600109145","sede":"01","cod_hab":760010914501,"nombre_ips":"SANDRA LILIANA VALDERRAMA CARDENAS","direccion":"CL 4 NORTE # 1 NORTE - 10","barrio":"Centenario","id_com_cor":"02","comu_corre":"Comuna 02","natu_ips":"Privada","cla_ips":"Profesional Independiente","cod_capa_reps":25,"nom_capa_reps":"SALAS","cantidad":1,"serv_capa_reps":"Procedimientos","descrip_capa":"SALAS - Procedimientos"}},{"type":"Feature","id":"ads_ips_capacidad_reps.fid--215d4958_1a0d9e21907_4169","geometry":{"type":"Point","coordinates":[-76.52494346,3.46831781]},"geometry_name":"the_geom","properties":{"consec":678,"gid":4441,"habili":"7600109249","sede":"01","cod_hab":760010924901,"nombre_ips":"UNIDOLOR IPS S.A.S.","direccion":"CL 25 NORTE # 2B NORTE - 82","barrio":"San Vicente","id_com_cor":"02","comu_corre":"Comuna 02","natu_ips":"Privada","cla_ips":"Instituciones - IPS","cod_capa_reps":25,"nom_capa_reps":"SALAS","cantidad":1,"serv_capa_reps":"Procedimientos","descrip_capa":"SALAS - Procedimientos"}},{"type":"Feature","id":"ads_ips_capacidad_reps.fid--215d4958_1a0d9e21907_416a","geometry":{"type":"Point","coordinates":[-76.54530657,3.428188]},"geometry_name":"the_geom","properties":{"consec":679,"gid":2999,"habili":"7600109256","sede":"01","cod_hab":760010925601,"nombre_ips":"Juan Sebastian Tobar Gomez","direccion":"CL 5 # 38 - 14","barrio":"Santa Isabel","id_com_cor":"19","comu_corre":"Comuna 19","natu_ips":"Privada","cla_ips":"Profesional Independiente","cod_capa_reps":25,"nom_capa_reps":"SALAS","cantidad":1,"serv_capa_reps":"Procedimientos","descrip_capa":"SALAS - Procedimientos"}},{"type":"Feature","id":"ads_ips_capacidad_reps.fid--215d4958_1a0d9e21907_416b","geometry":{"type":"Point","coordinates":[-76.5447957,3.41966634]},"geometry_name":"the_geom","properties":{"consec":680,"gid":1355,"habili":"7600109258","sede":"01","cod_hab":760010925801,"nombre_ips":"Vanessa Eugenia Echeverry Morales","direccion":"KR 43 # 5C - 37","barrio":"Urbanización Tequendama","id_com_cor":"19","comu_corre":"Comuna 19","natu_ips":"Privada","cla_ips":"Profesional Independiente","cod_capa_reps":25,"nom_capa_reps":"SALAS","cantidad":1,"serv_capa_reps":"Procedimientos","descrip_capa":"SALAS - Procedimientos"}},{"type":"Feature","id":"ads_ips_capacidad_reps.fid--215d4958_1a0d9e21907_416c","geometry":{"type":"Point","coordinates":[-76.54274157,3.42269239]},"geometry_name":"the_geom","properties":{"consec":681,"gid":1816,"habili":"7600109285","sede":"01","cod_hab":760010928501,"nombre_ips":"Juan José Ruiz Castillo","direccion":"KR 39 # 5D - 25","barrio":"Eucaristico","id_com_cor":"19","comu_corre":"Comuna 19","natu_ips":"Privada","cla_ips":"Profesional Independiente","cod_capa_reps":25,"nom_capa_reps":"SALAS","cantidad":1,"serv_capa_reps":"Procedimientos","descrip_capa":"SALAS - Procedimientos"}},{"type":"Feature","id":"ads_ips_capacidad_reps.fid--215d4958_1a0d9e21907_416d","geometry":{"type":"Point","coordinates":[-76.54224181,3.42495931]},"geometry_name":"the_geom","properties":{"consec":682,"gid":2685,"habili":"7600109334","sede":"01","cod_hab":760010933401,"nombre_ips":"OMAR FERNANDO VALDERRUTEN BUENO","direccion":"KR 37A # 5B5 - 53","barrio":"Eucaristico","id_com_cor":"19","comu_corre":"Comuna 19","natu_ips":"Privada","cla_ips":"Profesional Independiente","cod_capa_reps":25,"nom_capa_reps":"SALAS","cantidad":1,"serv_capa_reps":"Procedimientos","descrip_capa":"SALAS - Procedimientos"}},{"type":"Feature","id":"ads_ips_capacidad_reps.fid--215d4958_1a0d9e21907_416e","geometry":{"type":"Point","coordinates":[-76.49602933,3.43670325]},"geometry_name":"the_geom","properties":{"consec":683,"gid":3346,"habili":"7600109371","sede":"01","cod_hab":760010937101,"nombre_ips":"SISTEMA INTEGRADO EN SALUD MEDICA Y OCUPACIONAL SAS","direccion":"KR 26F # 56A - 25","barrio":"La Nueva Floresta","id_com_cor":"12","comu_corre":"Comuna 12","natu_ips":"Privada","cla_ips":"Transporte Especial de Pacientes","cod_capa_reps":15,"nom_capa_reps":"AMBULANCIAS","cantidad":1,"serv_capa_reps":"Básica","descrip_capa":"AMBULANCIAS - Básica"}},{"type":"Feature","id":"ads_ips_capacidad_reps.fid--215d4958_1a0d9e21907_416f","geometry":{"type":"Point","coordinates":[-76.49602933,3.43670325]},"geometry_name":"the_geom","properties":{"consec":684,"gid":3346,"habili":"7600109371","sede":"01","cod_hab":760010937101,"nombre_ips":"SISTEMA INTEGRADO EN SALUD MEDICA Y OCUPACIONAL SAS","direccion":"KR 26F # 56A - 25","barrio":"La Nueva Floresta","id_com_cor":"12","comu_corre":"Comuna 12","natu_ips":"Privada","cla_ips":"Transporte Especial de Pacientes","cod_capa_reps":15,"nom_capa_reps":"AMBULANCIAS","cantidad":1,"serv_capa_reps":"Básica","descrip_capa":"AMBULANCIAS - Básica"}},{"type":"Feature","id":"ads_ips_capacidad_reps.fid--215d4958_1a0d9e21907_4170","geometry":{"type":"Point","coordinates":[-76.49602933,3.43670325]},"geometry_name":"the_geom","properties":{"consec":685,"gid":3346,"habili":"7600109371","sede":"01","cod_hab":760010937101,"nombre_ips":"SISTEMA INTEGRADO EN SALUD MEDICA Y OCUPACIONAL SAS","direccion":"KR 26F # 56A - 25","barrio":"La Nueva Floresta","id_com_cor":"12","comu_corre":"Comuna 12","natu_ips":"Privada","cla_ips":"Transporte Especial de Pacientes","cod_capa_reps":15,"nom_capa_reps":"AMBULANCIAS","cantidad":1,"serv_capa_reps":"Básica","descrip_capa":"AMBULANCIAS - Básica"}},{"type":"Feature","id":"ads_ips_capacidad_reps.fid--215d4958_1a0d9e21907_4171","geometry":{"type":"Point","coordinates":[-76.54530657,3.428188]},"geometry_name":"the_geom","properties":{"consec":686,"gid":3000,"habili":"7600109422","sede":"01","cod_hab":760010942201,"nombre_ips":"Maria Antonia Lemos Piñeros","direccion":"CL 5 # 38 - 14","barrio":"Santa Isabel","id_com_cor":"19","comu_corre":"Comuna 19","natu_ips":"Privada","cla_ips":"Profesional Independiente","cod_capa_reps":25,"nom_capa_reps":"SALAS","cantidad":1,"serv_capa_reps":"Procedimientos","descrip_capa":"SALAS - Procedimientos"}},{"type":"Feature","id":"ads_ips_capacidad_reps.fid--215d4958_1a0d9e21907_4172","geometry":{"type":"Point","coordinates":[-76.47483409,3.42634313]},"geometry_name":"the_geom","properties":{"consec":687,"gid":2813,"habili":"7600109424","sede":"01","cod_hab":760010942401,"nombre_ips":"VIDAMED AMBULANCIAS S.A.S","direccion":"KR 26H1 # 93 - 39","barrio":"Promociones Populares B","id_com_cor":"14","comu_corre":"Comuna 14","natu_ips":"Privada","cla_ips":"Transporte Especial de Pacientes","cod_capa_reps":15,"nom_capa_reps":"AMBULANCIAS","cantidad":1,"serv_capa_reps":"Básica","descrip_capa":"AMBULANCIAS - Básica"}},{"type":"Feature","id":"ads_ips_capacidad_reps.fid--215d4958_1a0d9e21907_4173","geometry":{"type":"Point","coordinates":[-76.47483409,3.42634313]},"geometry_name":"the_geom","properties":{"consec":688,"gid":2813,"habili":"7600109424","sede":"01","cod_hab":760010942401,"nombre_ips":"VIDAMED AMBULANCIAS S.A.S","direccion":"KR 26H1 # 93 - 39","barrio":"Promociones Populares B","id_com_cor":"14","comu_corre":"Comuna 14","natu_ips":"Privada","cla_ips":"Transporte Especial de Pacientes","cod_capa_reps":15,"nom_capa_reps":"AMBULANCIAS","cantidad":1,"serv_capa_reps":"Básica","descrip_capa":"AMBULANCIAS - Básica"}},{"type":"Feature","id":"ads_ips_capacidad_reps.fid--215d4958_1a0d9e21907_4174","geometry":{"type":"Point","coordinates":[-76.47483409,3.42634313]},"geometry_name":"the_geom","properties":{"consec":689,"gid":2813,"habili":"7600109424","sede":"01","cod_hab":760010942401,"nombre_ips":"VIDAMED AMBULANCIAS S.A.S","direccion":"KR 26H1 # 93 - 39","barrio":"Promociones Populares B","id_com_cor":"14","comu_corre":"Comuna 14","natu_ips":"Privada","cla_ips":"Transporte Especial de Pacientes","cod_capa_reps":15,"nom_capa_reps":"AMBULANCIAS","cantidad":1,"serv_capa_reps":"Básica","descrip_capa":"AMBULANCIAS - Básica"}},{"type":"Feature","id":"ads_ips_capacidad_reps.fid--215d4958_1a0d9e21907_4175","geometry":{"type":"Point","coordinates":[-76.47483409,3.42634313]},"geometry_name":"the_geom","properties":{"consec":690,"gid":2813,"habili":"7600109424","sede":"01","cod_hab":760010942401,"nombre_ips":"VIDAMED AMBULANCIAS S.A.S","direccion":"KR 26H1 # 93 - 39","barrio":"Promociones Populares B","id_com_cor":"14","comu_corre":"Comuna 14","natu_ips":"Privada","cla_ips":"Transporte Especial de Pacientes","cod_capa_reps":15,"nom_capa_reps":"AMBULANCIAS","cantidad":1,"serv_capa_reps":"Básica","descrip_capa":"AMBULANCIAS - Básica"}},{"type":"Feature","id":"ads_ips_capacidad_reps.fid--215d4958_1a0d9e21907_4176","geometry":{"type":"Point","coordinates":[-76.47483409,3.42634313]},"geometry_name":"the_geom","properties":{"consec":691,"gid":2813,"habili":"7600109424","sede":"01","cod_hab":760010942401,"nombre_ips":"VIDAMED AMBULANCIAS S.A.S","direccion":"KR 26H1 # 93 - 39","barrio":"Promociones Populares B","id_com_cor":"14","comu_corre":"Comuna 14","natu_ips":"Privada","cla_ips":"Transporte Especial de Pacientes","cod_capa_reps":15,"nom_capa_reps":"AMBULANCIAS","cantidad":1,"serv_capa_reps":"Básica","descrip_capa":"AMBULANCIAS - Básica"}},{"type":"Feature","id":"ads_ips_capacidad_reps.fid--215d4958_1a0d9e21907_4177","geometry":{"type":"Point","coordinates":[-76.54458235,3.42249466]},"geometry_name":"the_geom","properties":{"consec":692,"gid":1778,"habili":"7600109499","sede":"01","cod_hab":760010949901,"nombre_ips":"ANDRES FELIPE OSPINA MUÑOZ","direccion":"KR 40 # 5B - 100","barrio":"Urbanización Tequendama","id_com_cor":"19","comu_corre":"Comuna 19","natu_ips":"Privada","cla_ips":"Profesional Independiente","cod_capa_reps":25,"nom_capa_reps":"SALAS","cantidad":1,"serv_capa_reps":"Procedimientos","descrip_capa":"SALAS - Procedimientos"}},{"type":"Feature","id":"ads_ips_capacidad_reps.fid--215d4958_1a0d9e21907_4178","geometry":{"type":"Point","coordinates":[-76.52171084,3.40886761]},"geometry_name":"the_geom","properties":{"consec":695,"gid":637,"habili":"7600109579","sede":"01","cod_hab":760010957901,"nombre_ips":"AMBULANCIAS S.P.I S.A.S","direccion":"KR 46C # 25 - 72","barrio":"José Holguín Garcés","id_com_cor":"11","comu_corre":"Comuna 11","natu_ips":"Privada","cla_ips":"Transporte Especial de Pacientes","cod_capa_reps":15,"nom_capa_reps":"AMBULANCIAS","cantidad":1,"serv_capa_reps":"Básica","descrip_capa":"AMBULANCIAS - Básica"}},{"type":"Feature","id":"ads_ips_capacidad_reps.fid--215d4958_1a0d9e21907_4179","geometry":{"type":"Point","coordinates":[-76.52171084,3.40886761]},"geometry_name":"the_geom","properties":{"consec":696,"gid":637,"habili":"7600109579","sede":"01","cod_hab":760010957901,"nombre_ips":"AMBULANCIAS S.P.I S.A.S","direccion":"KR 46C # 25 - 72","barrio":"José Holguín Garcés","id_com_cor":"11","comu_corre":"Comuna 11","natu_ips":"Privada","cla_ips":"Transporte Especial de Pacientes","cod_capa_reps":15,"nom_capa_reps":"AMBULANCIAS","cantidad":1,"serv_capa_reps":"Básica","descrip_capa":"AMBULANCIAS - Básica"}},{"type":"Feature","id":"ads_ips_capacidad_reps.fid--215d4958_1a0d9e21907_417a","geometry":{"type":"Point","coordinates":[-76.52171084,3.40886761]},"geometry_name":"the_geom","properties":{"consec":694,"gid":637,"habili":"7600109579","sede":"01","cod_hab":760010957901,"nombre_ips":"AMBULANCIAS S.P.I S.A.S","direccion":"KR 46C # 25 - 72","barrio":"José Holguín Garcés","id_com_cor":"11","comu_corre":"Comuna 11","natu_ips":"Privada","cla_ips":"Transporte Especial de Pacientes","cod_capa_reps":15,"nom_capa_reps":"AMBULANCIAS","cantidad":1,"serv_capa_reps":"Básica","descrip_capa":"AMBULANCIAS - Básica"}},{"type":"Feature","id":"ads_ips_capacidad_reps.fid--215d4958_1a0d9e21907_417b","geometry":{"type":"Point","coordinates":[-76.52171084,3.40886761]},"geometry_name":"the_geom","properties":{"consec":693,"gid":637,"habili":"7600109579","sede":"01","cod_hab":760010957901,"nombre_ips":"AMBULANCIAS S.P.I S.A.S","direccion":"KR 46C # 25 - 72","barrio":"José Holguín Garcés","id_com_cor":"11","comu_corre":"Comuna 11","natu_ips":"Privada","cla_ips":"Transporte Especial de Pacientes","cod_capa_reps":15,"nom_capa_reps":"AMBULANCIAS","cantidad":1,"serv_capa_reps":"Básica","descrip_capa":"AMBULANCIAS - Básica"}},{"type":"Feature","id":"ads_ips_capacidad_reps.fid--215d4958_1a0d9e21907_417c","geometry":{"type":"Point","coordinates":[-76.5405961,3.37285737]},"geometry_name":"the_geom","properties":{"consec":697,"gid":257,"habili":"7600109592","sede":"01","cod_hab":760010959201,"nombre_ips":"MARIO GERMAN ARCILA","direccion":"KR 100 # 5 - 169","barrio":"Club Campestre","id_com_cor":"22","comu_corre":"Comuna 22","natu_ips":"Privada","cla_ips":"Profesional Independiente","cod_capa_reps":25,"nom_capa_reps":"SALAS","cantidad":1,"serv_capa_reps":"Procedimientos","descrip_capa":"SALAS - Procedimientos"}},{"type":"Feature","id":"ads_ips_capacidad_reps.fid--215d4958_1a0d9e21907_417d","geometry":{"type":"Point","coordinates":[-76.54711623,3.42065499]},"geometry_name":"the_geom","properties":{"consec":698,"gid":1518,"habili":"7600109597","sede":"01","cod_hab":760010959701,"nombre_ips":"Cardioprevent. S.A.S.","direccion":"CL 5A # 43 - 13","barrio":"Urbanización Tequendama","id_com_cor":"19","comu_corre":"Comuna 19","natu_ips":"Privada","cla_ips":"Instituciones - IPS","cod_capa_reps":25,"nom_capa_reps":"SALAS","cantidad":1,"serv_capa_reps":"Procedimientos","descrip_capa":"SALAS - Procedimientos"}},{"type":"Feature","id":"ads_ips_capacidad_reps.fid--215d4958_1a0d9e21907_417e","geometry":{"type":"Point","coordinates":[-76.54253371,3.42323116]},"geometry_name":"the_geom","properties":{"consec":700,"gid":2037,"habili":"7600109605","sede":"03","cod_hab":760010960503,"nombre_ips":"CLINICA CISVIDA","direccion":"CL 5D # 38A - 35","barrio":"Eucaristico","id_com_cor":"19","comu_corre":"Comuna 19","natu_ips":"Privada","cla_ips":"Instituciones - IPS","cod_capa_reps":25,"nom_capa_reps":"SALAS","cantidad":1,"serv_capa_reps":"Procedimientos","descrip_capa":"SALAS - Procedimientos"}},{"type":"Feature","id":"ads_ips_capacidad_reps.fid--215d4958_1a0d9e21907_417f","geometry":{"type":"Point","coordinates":[-76.53672675,3.4479181]},"geometry_name":"the_geom","properties":{"consec":701,"gid":3562,"habili":"7600109605","sede":"04","cod_hab":760010960504,"nombre_ips":"CISEMCALI","direccion":"CL 5 # 6 - 63","barrio":"La Merced","id_com_cor":"03","comu_corre":"Comuna 03","natu_ips":"Privada","cla_ips":"Instituciones - IPS","cod_capa_reps":25,"nom_capa_reps":"SALAS","cantidad":1,"serv_capa_reps":"Procedimientos","descrip_capa":"SALAS - Procedimientos"}},{"type":"Feature","id":"ads_ips_capacidad_reps.fid--215d4958_1a0d9e21907_4180","geometry":{"type":"Point","coordinates":[-76.53233209,3.45708518]},"geometry_name":"the_geom","properties":{"consec":702,"gid":3862,"habili":"7600109614","sede":"01","cod_hab":760010961401,"nombre_ips":"CLINICA VALLE SALUD","direccion":"AV 4 # 14 - 20","barrio":"Granada","id_com_cor":"02","comu_corre":"Comuna 02","natu_ips":"Privada","cla_ips":"Instituciones - IPS","cod_capa_reps":2,"nom_capa_reps":"CAMAS","cantidad":28,"serv_capa_reps":"Adultos","descrip_capa":"CAMAS - Adultos"}},{"type":"Feature","id":"ads_ips_capacidad_reps.fid--215d4958_1a0d9e21907_4181","geometry":{"type":"Point","coordinates":[-76.5385626,3.42084916]},"geometry_name":"the_geom","properties":{"consec":703,"gid":1534,"habili":"7600109614","sede":"02","cod_hab":760010961402,"nombre_ips":"CLINICA VALLE SALUD SEDE SUR","direccion":"KR 40 # 9 - 15","barrio":"Los Cámbulos","id_com_cor":"19","comu_corre":"Comuna 19","natu_ips":"Privada","cla_ips":"Instituciones - IPS","cod_capa_reps":2,"nom_capa_reps":"CAMAS","cantidad":7,"serv_capa_reps":"Adultos","descrip_capa":"CAMAS - Adultos"}},{"type":"Feature","id":"ads_ips_capacidad_reps.fid--215d4958_1a0d9e21907_4182","geometry":{"type":"Point","coordinates":[-76.53966243,3.41035196]},"geometry_name":"the_geom","properties":{"consec":704,"gid":803,"habili":"7600109624","sede":"01","cod_hab":760010962401,"nombre_ips":"CAROLINA BURBANO HENRIQUEZ","direccion":"CL 9C # 50 - 25","barrio":"Camino Real - Los Fundadores","id_com_cor":"19","comu_corre":"Comuna 19","natu_ips":"Privada","cla_ips":"Profesional Independiente","cod_capa_reps":25,"nom_capa_reps":"SALAS","cantidad":1,"serv_capa_reps":"Procedimientos","descrip_capa":"SALAS - Procedimientos"}},{"type":"Feature","id":"ads_ips_capacidad_reps.fid--215d4958_1a0d9e21907_4183","geometry":{"type":"Point","coordinates":[-76.48811147,3.48280777]},"geometry_name":"the_geom","properties":{"consec":705,"gid":4698,"habili":"7600109638","sede":"01","cod_hab":760010963801,"nombre_ips":"INMEDIATA ASISTENCIA MEDICA S.A.S I.A.M","direccion":"KR 1A8 # 71 - 14","barrio":"San Luis","id_com_cor":"06","comu_corre":"Comuna 06","natu_ips":"Privada","cla_ips":"Transporte Especial de Pacientes","cod_capa_reps":15,"nom_capa_reps":"AMBULANCIAS","cantidad":1,"serv_capa_reps":"Básica","descrip_capa":"AMBULANCIAS - Básica"}},{"type":"Feature","id":"ads_ips_capacidad_reps.fid--215d4958_1a0d9e21907_4184","geometry":{"type":"Point","coordinates":[-76.48811147,3.48280777]},"geometry_name":"the_geom","properties":{"consec":707,"gid":4698,"habili":"7600109638","sede":"01","cod_hab":760010963801,"nombre_ips":"INMEDIATA ASISTENCIA MEDICA S.A.S I.A.M","direccion":"KR 1A8 # 71 - 14","barrio":"San Luis","id_com_cor":"06","comu_corre":"Comuna 06","natu_ips":"Privada","cla_ips":"Transporte Especial de Pacientes","cod_capa_reps":15,"nom_capa_reps":"AMBULANCIAS","cantidad":1,"serv_capa_reps":"Básica","descrip_capa":"AMBULANCIAS - Básica"}},{"type":"Feature","id":"ads_ips_capacidad_reps.fid--215d4958_1a0d9e21907_4185","geometry":{"type":"Point","coordinates":[-76.48811147,3.48280777]},"geometry_name":"the_geom","properties":{"consec":708,"gid":4698,"habili":"7600109638","sede":"01","cod_hab":760010963801,"nombre_ips":"INMEDIATA ASISTENCIA MEDICA S.A.S I.A.M","direccion":"KR 1A8 # 71 - 14","barrio":"San Luis","id_com_cor":"06","comu_corre":"Comuna 06","natu_ips":"Privada","cla_ips":"Transporte Especial de Pacientes","cod_capa_reps":15,"nom_capa_reps":"AMBULANCIAS","cantidad":1,"serv_capa_reps":"Básica","descrip_capa":"AMBULANCIAS - Básica"}},{"type":"Feature","id":"ads_ips_capacidad_reps.fid--215d4958_1a0d9e21907_4186","geometry":{"type":"Point","coordinates":[-76.48811147,3.48280777]},"geometry_name":"the_geom","properties":{"consec":706,"gid":4698,"habili":"7600109638","sede":"01","cod_hab":760010963801,"nombre_ips":"INMEDIATA ASISTENCIA MEDICA S.A.S I.A.M","direccion":"KR 1A8 # 71 - 14","barrio":"San Luis","id_com_cor":"06","comu_corre":"Comuna 06","natu_ips":"Privada","cla_ips":"Transporte Especial de Pacientes","cod_capa_reps":15,"nom_capa_reps":"AMBULANCIAS","cantidad":1,"serv_capa_reps":"Básica","descrip_capa":"AMBULANCIAS - Básica"}},{"type":"Feature","id":"ads_ips_capacidad_reps.fid--215d4958_1a0d9e21907_4187","geometry":{"type":"Point","coordinates":[-76.52295468,3.47467685]},"geometry_name":"the_geom","properties":{"consec":709,"gid":4597,"habili":"7600109653","sede":"01","cod_hab":760010965301,"nombre_ips":"SANTANGEL CONSULTA EXTERNA","direccion":"CL 36A NORTE # 3G  - 20","barrio":"Prados del Norte","id_com_cor":"02","comu_corre":"Comuna 02","natu_ips":"Privada","cla_ips":"Instituciones - IPS","cod_capa_reps":2,"nom_capa_reps":"CAMAS","cantidad":1,"serv_capa_reps":"Adultos","descrip_capa":"CAMAS - Adultos"}},{"type":"Feature","id":"ads_ips_capacidad_reps.fid--215d4958_1a0d9e21907_4188","geometry":{"type":"Point","coordinates":[-76.55277834,3.40974526]},"geometry_name":"the_geom","properties":{"consec":710,"gid":663,"habili":"7600109659","sede":"01","cod_hab":760010965901,"nombre_ips":"LUIS ALFREDO LONDOÑO BOLAÑOS","direccion":"KR 56 # 1B - 131","barrio":"Cuarto de Legua - Guadalupe","id_com_cor":"19","comu_corre":"Comuna 19","natu_ips":"Privada","cla_ips":"Profesional Independiente","cod_capa_reps":25,"nom_capa_reps":"SALAS","cantidad":1,"serv_capa_reps":"Procedimientos","descrip_capa":"SALAS - Procedimientos"}},{"type":"Feature","id":"ads_ips_capacidad_reps.fid--215d4958_1a0d9e21907_4189","geometry":{"type":"Point","coordinates":[-76.54434358,3.42422146]},"geometry_name":"the_geom","properties":{"consec":711,"gid":2619,"habili":"7600109679","sede":"03","cod_hab":760010967903,"nombre_ips":"Carlos Alberto Sejnaui Sejnaui","direccion":"KR 38A # 5A - 101","barrio":"San Fernando Nuevo","id_com_cor":"19","comu_corre":"Comuna 19","natu_ips":"Privada","cla_ips":"Profesional Independiente","cod_capa_reps":25,"nom_capa_reps":"SALAS","cantidad":1,"serv_capa_reps":"Procedimientos","descrip_capa":"SALAS - Procedimientos"}},{"type":"Feature","id":"ads_ips_capacidad_reps.fid--215d4958_1a0d9e21907_418a","geometry":{"type":"Point","coordinates":[-76.53570937,3.44421945]},"geometry_name":"the_geom","properties":{"consec":713,"gid":3470,"habili":"7600109692","sede":"01","cod_hab":760010969201,"nombre_ips":"SOPORTE ATENCION Y RESCATE SAS","direccion":"CL 6 # 13 - 47","barrio":"San Juan Bosco","id_com_cor":"03","comu_corre":"Comuna 03","natu_ips":"Privada","cla_ips":"Transporte Especial de Pacientes","cod_capa_reps":15,"nom_capa_reps":"AMBULANCIAS","cantidad":1,"serv_capa_reps":"Básica","descrip_capa":"AMBULANCIAS - Básica"}},{"type":"Feature","id":"ads_ips_capacidad_reps.fid--215d4958_1a0d9e21907_418b","geometry":{"type":"Point","coordinates":[-76.53570937,3.44421945]},"geometry_name":"the_geom","properties":{"consec":714,"gid":3470,"habili":"7600109692","sede":"01","cod_hab":760010969201,"nombre_ips":"SOPORTE ATENCION Y RESCATE SAS","direccion":"CL 6 # 13 - 47","barrio":"San Juan Bosco","id_com_cor":"03","comu_corre":"Comuna 03","natu_ips":"Privada","cla_ips":"Transporte Especial de Pacientes","cod_capa_reps":15,"nom_capa_reps":"AMBULANCIAS","cantidad":1,"serv_capa_reps":"Básica","descrip_capa":"AMBULANCIAS - Básica"}},{"type":"Feature","id":"ads_ips_capacidad_reps.fid--215d4958_1a0d9e21907_418c","geometry":{"type":"Point","coordinates":[-76.53570937,3.44421945]},"geometry_name":"the_geom","properties":{"consec":715,"gid":3470,"habili":"7600109692","sede":"01","cod_hab":760010969201,"nombre_ips":"SOPORTE ATENCION Y RESCATE SAS","direccion":"CL 6 # 13 - 47","barrio":"San Juan Bosco","id_com_cor":"03","comu_corre":"Comuna 03","natu_ips":"Privada","cla_ips":"Transporte Especial de Pacientes","cod_capa_reps":15,"nom_capa_reps":"AMBULANCIAS","cantidad":1,"serv_capa_reps":"Básica","descrip_capa":"AMBULANCIAS - Básica"}},{"type":"Feature","id":"ads_ips_capacidad_reps.fid--215d4958_1a0d9e21907_418d","geometry":{"type":"Point","coordinates":[-76.53570937,3.44421945]},"geometry_name":"the_geom","properties":{"consec":717,"gid":3470,"habili":"7600109692","sede":"01","cod_hab":760010969201,"nombre_ips":"SOPORTE ATENCION Y RESCATE SAS","direccion":"CL 6 # 13 - 47","barrio":"San Juan Bosco","id_com_cor":"03","comu_corre":"Comuna 03","natu_ips":"Privada","cla_ips":"Transporte Especial de Pacientes","cod_capa_reps":15,"nom_capa_reps":"AMBULANCIAS","cantidad":1,"serv_capa_reps":"Básica","descrip_capa":"AMBULANCIAS - Básica"}},{"type":"Feature","id":"ads_ips_capacidad_reps.fid--215d4958_1a0d9e21907_418e","geometry":{"type":"Point","coordinates":[-76.53570937,3.44421945]},"geometry_name":"the_geom","properties":{"consec":716,"gid":3470,"habili":"7600109692","sede":"01","cod_hab":760010969201,"nombre_ips":"SOPORTE ATENCION Y RESCATE SAS","direccion":"CL 6 # 13 - 47","barrio":"San Juan Bosco","id_com_cor":"03","comu_corre":"Comuna 03","natu_ips":"Privada","cla_ips":"Transporte Especial de Pacientes","cod_capa_reps":15,"nom_capa_reps":"AMBULANCIAS","cantidad":1,"serv_capa_reps":"Básica","descrip_capa":"AMBULANCIAS - Básica"}},{"type":"Feature","id":"ads_ips_capacidad_reps.fid--215d4958_1a0d9e21907_418f","geometry":{"type":"Point","coordinates":[-76.53570937,3.44421945]},"geometry_name":"the_geom","properties":{"consec":712,"gid":3470,"habili":"7600109692","sede":"01","cod_hab":760010969201,"nombre_ips":"SOPORTE ATENCION Y RESCATE SAS","direccion":"CL 6 # 13 - 47","barrio":"San Juan Bosco","id_com_cor":"03","comu_corre":"Comuna 03","natu_ips":"Privada","cla_ips":"Transporte Especial de Pacientes","cod_capa_reps":15,"nom_capa_reps":"AMBULANCIAS","cantidad":1,"serv_capa_reps":"Básica","descrip_capa":"AMBULANCIAS - Básica"}},{"type":"Feature","id":"ads_ips_capacidad_reps.fid--215d4958_1a0d9e21907_4190","geometry":{"type":"Point","coordinates":[-76.5464819,3.42114344]},"geometry_name":"the_geom","properties":{"consec":718,"gid":1565,"habili":"7600109728","sede":"01","cod_hab":760010972801,"nombre_ips":"Zentir Dermatología Laser S.A.S","direccion":"KR 42A # 5A - 85","barrio":"Urbanización Tequendama","id_com_cor":"19","comu_corre":"Comuna 19","natu_ips":"Privada","cla_ips":"Instituciones - IPS","cod_capa_reps":25,"nom_capa_reps":"SALAS","cantidad":2,"serv_capa_reps":"Procedimientos","descrip_capa":"SALAS - Procedimientos"}},{"type":"Feature","id":"ads_ips_capacidad_reps.fid--215d4958_1a0d9e21907_4191","geometry":{"type":"Point","coordinates":[-76.54161743,3.41696326]},"geometry_name":"the_geom","properties":{"consec":721,"gid":1154,"habili":"7600109745","sede":"01","cod_hab":760010974501,"nombre_ips":"Luisa Fernanda Salazar Sierra","direccion":"CL 7 # 44 - 37","barrio":"Nueva Tequendama","id_com_cor":"19","comu_corre":"Comuna 19","natu_ips":"Privada","cla_ips":"Profesional Independiente","cod_capa_reps":25,"nom_capa_reps":"SALAS","cantidad":1,"serv_capa_reps":"Procedimientos","descrip_capa":"SALAS - Procedimientos"}},{"type":"Feature","id":"ads_ips_capacidad_reps.fid--215d4958_1a0d9e21907_4192","geometry":{"type":"Point","coordinates":[-76.52526205,3.46606229]},"geometry_name":"the_geom","properties":{"consec":722,"gid":4388,"habili":"7600109756","sede":"03","cod_hab":760010975603,"nombre_ips":"PROMOSALUD UNIDAD QUIRURGICA","direccion":"AV 3A # 23D NORTE - 08","barrio":"San Vicente","id_com_cor":"02","comu_corre":"Comuna 02","natu_ips":"Privada","cla_ips":"Instituciones - IPS","cod_capa_reps":25,"nom_capa_reps":"SALAS","cantidad":1,"serv_capa_reps":"Procedimientos","descrip_capa":"SALAS - Procedimientos"}},{"type":"Feature","id":"ads_ips_capacidad_reps.fid--215d4958_1a0d9e21907_4193","geometry":{"type":"Point","coordinates":[-76.52687238,3.46197369]},"geometry_name":"the_geom","properties":{"consec":724,"gid":4138,"habili":"7600109762","sede":"01","cod_hab":760010976201,"nombre_ips":"EMERGENCY AMBULANCIAS SAS","direccion":"CL 22 NORTE # 3 NORTE - 56","barrio":"San Vicente","id_com_cor":"02","comu_corre":"Comuna 02","natu_ips":"Privada","cla_ips":"Transporte Especial de Pacientes","cod_capa_reps":15,"nom_capa_reps":"AMBULANCIAS","cantidad":1,"serv_capa_reps":"Básica","descrip_capa":"AMBULANCIAS - Básica"}},{"type":"Feature","id":"ads_ips_capacidad_reps.fid--215d4958_1a0d9e21907_4194","geometry":{"type":"Point","coordinates":[-76.52687238,3.46197369]},"geometry_name":"the_geom","properties":{"consec":723,"gid":4138,"habili":"7600109762","sede":"01","cod_hab":760010976201,"nombre_ips":"EMERGENCY AMBULANCIAS SAS","direccion":"CL 22 NORTE # 3 NORTE - 56","barrio":"San Vicente","id_com_cor":"02","comu_corre":"Comuna 02","natu_ips":"Privada","cla_ips":"Transporte Especial de Pacientes","cod_capa_reps":15,"nom_capa_reps":"AMBULANCIAS","cantidad":1,"serv_capa_reps":"Básica","descrip_capa":"AMBULANCIAS - Básica"}},{"type":"Feature","id":"ads_ips_capacidad_reps.fid--215d4958_1a0d9e21907_4195","geometry":{"type":"Point","coordinates":[-76.52687238,3.46197369]},"geometry_name":"the_geom","properties":{"consec":725,"gid":4138,"habili":"7600109762","sede":"01","cod_hab":760010976201,"nombre_ips":"EMERGENCY AMBULANCIAS SAS","direccion":"CL 22 NORTE # 3 NORTE - 56","barrio":"San Vicente","id_com_cor":"02","comu_corre":"Comuna 02","natu_ips":"Privada","cla_ips":"Transporte Especial de Pacientes","cod_capa_reps":15,"nom_capa_reps":"AMBULANCIAS","cantidad":1,"serv_capa_reps":"Básica","descrip_capa":"AMBULANCIAS - Básica"}},{"type":"Feature","id":"ads_ips_capacidad_reps.fid--215d4958_1a0d9e21907_4196","geometry":{"type":"Point","coordinates":[-76.52687238,3.46197369]},"geometry_name":"the_geom","properties":{"consec":727,"gid":4138,"habili":"7600109762","sede":"01","cod_hab":760010976201,"nombre_ips":"EMERGENCY AMBULANCIAS SAS","direccion":"CL 22 NORTE # 3 NORTE - 56","barrio":"San Vicente","id_com_cor":"02","comu_corre":"Comuna 02","natu_ips":"Privada","cla_ips":"Transporte Especial de Pacientes","cod_capa_reps":16,"nom_capa_reps":"AMBULANCIAS","cantidad":1,"serv_capa_reps":"Medicalizada","descrip_capa":"AMBULANCIAS - Medicalizada"}},{"type":"Feature","id":"ads_ips_capacidad_reps.fid--215d4958_1a0d9e21907_4197","geometry":{"type":"Point","coordinates":[-76.52687238,3.46197369]},"geometry_name":"the_geom","properties":{"consec":726,"gid":4138,"habili":"7600109762","sede":"01","cod_hab":760010976201,"nombre_ips":"EMERGENCY AMBULANCIAS SAS","direccion":"CL 22 NORTE # 3 NORTE - 56","barrio":"San Vicente","id_com_cor":"02","comu_corre":"Comuna 02","natu_ips":"Privada","cla_ips":"Transporte Especial de Pacientes","cod_capa_reps":16,"nom_capa_reps":"AMBULANCIAS","cantidad":1,"serv_capa_reps":"Medicalizada","descrip_capa":"AMBULANCIAS - Medicalizada"}},{"type":"Feature","id":"ads_ips_capacidad_reps.fid--215d4958_1a0d9e21907_4198","geometry":{"type":"Point","coordinates":[-76.54161773,3.39355692]},"geometry_name":"the_geom","properties":{"consec":728,"gid":415,"habili":"7600109795","sede":"02","cod_hab":760010979502,"nombre_ips":"juan miguel mera seidel","direccion":"KR 70 # 10A - 38","barrio":"Los Portales - Nuevo Rey","id_com_cor":"17","comu_corre":"Comuna 17","natu_ips":"Privada","cla_ips":"Profesional Independiente","cod_capa_reps":25,"nom_capa_reps":"SALAS","cantidad":1,"serv_capa_reps":"Procedimientos","descrip_capa":"SALAS - Procedimientos"}},{"type":"Feature","id":"ads_ips_capacidad_reps.fid--215d4958_1a0d9e21907_4199","geometry":{"type":"Point","coordinates":[-76.54253371,3.42323116]},"geometry_name":"the_geom","properties":{"consec":729,"gid":2055,"habili":"7600109837","sede":"01","cod_hab":760010983701,"nombre_ips":"CLINICA DESA S.A.S","direccion":"CL 5D # 38A - 35","barrio":"Eucaristico","id_com_cor":"19","comu_corre":"Comuna 19","natu_ips":"Privada","cla_ips":"Instituciones - IPS","cod_capa_reps":2,"nom_capa_reps":"CAMAS","cantidad":162,"serv_capa_reps":"Adultos","descrip_capa":"CAMAS - Adultos"}},{"type":"Feature","id":"ads_ips_capacidad_reps.fid--215d4958_1a0d9e21907_419a","geometry":{"type":"Point","coordinates":[-76.54253371,3.42323116]},"geometry_name":"the_geom","properties":{"consec":730,"gid":2055,"habili":"7600109837","sede":"01","cod_hab":760010983701,"nombre_ips":"CLINICA DESA S.A.S","direccion":"CL 5D # 38A - 35","barrio":"Eucaristico","id_com_cor":"19","comu_corre":"Comuna 19","natu_ips":"Privada","cla_ips":"Instituciones - IPS","cod_capa_reps":25,"nom_capa_reps":"SALAS","cantidad":7,"serv_capa_reps":"Procedimientos","descrip_capa":"SALAS - Procedimientos"}},{"type":"Feature","id":"ads_ips_capacidad_reps.fid--215d4958_1a0d9e21907_419b","geometry":{"type":"Point","coordinates":[-76.5206373,3.43826044]},"geometry_name":"the_geom","properties":{"consec":731,"gid":3368,"habili":"7600109864","sede":"01","cod_hab":760010986401,"nombre_ips":"MEDIC AMB SAS","direccion":"KR 19A # 24B - 59","barrio":"Santa Mónica Belalcázar","id_com_cor":"09","comu_corre":"Comuna 09","natu_ips":"Privada","cla_ips":"Transporte Especial de Pacientes","cod_capa_reps":15,"nom_capa_reps":"AMBULANCIAS","cantidad":1,"serv_capa_reps":"Básica","descrip_capa":"AMBULANCIAS - Básica"}},{"type":"Feature","id":"ads_ips_capacidad_reps.fid--215d4958_1a0d9e21907_419c","geometry":{"type":"Point","coordinates":[-76.5206373,3.43826044]},"geometry_name":"the_geom","properties":{"consec":732,"gid":3368,"habili":"7600109864","sede":"01","cod_hab":760010986401,"nombre_ips":"MEDIC AMB SAS","direccion":"KR 19A # 24B - 59","barrio":"Santa Mónica Belalcázar","id_com_cor":"09","comu_corre":"Comuna 09","natu_ips":"Privada","cla_ips":"Transporte Especial de Pacientes","cod_capa_reps":15,"nom_capa_reps":"AMBULANCIAS","cantidad":1,"serv_capa_reps":"Básica","descrip_capa":"AMBULANCIAS - Básica"}},{"type":"Feature","id":"ads_ips_capacidad_reps.fid--215d4958_1a0d9e21907_419d","geometry":{"type":"Point","coordinates":[-76.54103045,3.38673109]},"geometry_name":"the_geom","properties":{"consec":733,"gid":367,"habili":"7600109883","sede":"01","cod_hab":760010988301,"nombre_ips":"emilse medina manrrique","direccion":"KR 80 # 11A - 51","barrio":"Ciudad Capri","id_com_cor":"17","comu_corre":"Comuna 17","natu_ips":"Privada","cla_ips":"Profesional Independiente","cod_capa_reps":25,"nom_capa_reps":"SALAS","cantidad":1,"serv_capa_reps":"Procedimientos","descrip_capa":"SALAS - Procedimientos"}},{"type":"Feature","id":"ads_ips_capacidad_reps.fid--215d4958_1a0d9e21907_419e","geometry":{"type":"Point","coordinates":[-76.49632206,3.44564418]},"geometry_name":"the_geom","properties":{"consec":734,"gid":3498,"habili":"7600109888","sede":"01","cod_hab":760010988801,"nombre_ips":"cuidado de vida sas","direccion":"KR 12E # 56 - 48","barrio":"El Trébol","id_com_cor":"08","comu_corre":"Comuna 08","natu_ips":"Privada","cla_ips":"Transporte Especial de Pacientes","cod_capa_reps":15,"nom_capa_reps":"AMBULANCIAS","cantidad":1,"serv_capa_reps":"Básica","descrip_capa":"AMBULANCIAS - Básica"}},{"type":"Feature","id":"ads_ips_capacidad_reps.fid--215d4958_1a0d9e21907_419f","geometry":{"type":"Point","coordinates":[-76.49632206,3.44564418]},"geometry_name":"the_geom","properties":{"consec":741,"gid":3498,"habili":"7600109888","sede":"01","cod_hab":760010988801,"nombre_ips":"cuidado de vida sas","direccion":"KR 12E # 56 - 48","barrio":"El Trébol","id_com_cor":"08","comu_corre":"Comuna 08","natu_ips":"Privada","cla_ips":"Transporte Especial de Pacientes","cod_capa_reps":15,"nom_capa_reps":"AMBULANCIAS","cantidad":1,"serv_capa_reps":"Básica","descrip_capa":"AMBULANCIAS - Básica"}},{"type":"Feature","id":"ads_ips_capacidad_reps.fid--215d4958_1a0d9e21907_41a0","geometry":{"type":"Point","coordinates":[-76.49632206,3.44564418]},"geometry_name":"the_geom","properties":{"consec":740,"gid":3498,"habili":"7600109888","sede":"01","cod_hab":760010988801,"nombre_ips":"cuidado de vida sas","direccion":"KR 12E # 56 - 48","barrio":"El Trébol","id_com_cor":"08","comu_corre":"Comuna 08","natu_ips":"Privada","cla_ips":"Transporte Especial de Pacientes","cod_capa_reps":15,"nom_capa_reps":"AMBULANCIAS","cantidad":1,"serv_capa_reps":"Básica","descrip_capa":"AMBULANCIAS - Básica"}},{"type":"Feature","id":"ads_ips_capacidad_reps.fid--215d4958_1a0d9e21907_41a1","geometry":{"type":"Point","coordinates":[-76.49632206,3.44564418]},"geometry_name":"the_geom","properties":{"consec":739,"gid":3498,"habili":"7600109888","sede":"01","cod_hab":760010988801,"nombre_ips":"cuidado de vida sas","direccion":"KR 12E # 56 - 48","barrio":"El Trébol","id_com_cor":"08","comu_corre":"Comuna 08","natu_ips":"Privada","cla_ips":"Transporte Especial de Pacientes","cod_capa_reps":15,"nom_capa_reps":"AMBULANCIAS","cantidad":1,"serv_capa_reps":"Básica","descrip_capa":"AMBULANCIAS - Básica"}},{"type":"Feature","id":"ads_ips_capacidad_reps.fid--215d4958_1a0d9e21907_41a2","geometry":{"type":"Point","coordinates":[-76.49632206,3.44564418]},"geometry_name":"the_geom","properties":{"consec":738,"gid":3498,"habili":"7600109888","sede":"01","cod_hab":760010988801,"nombre_ips":"cuidado de vida sas","direccion":"KR 12E # 56 - 48","barrio":"El Trébol","id_com_cor":"08","comu_corre":"Comuna 08","natu_ips":"Privada","cla_ips":"Transporte Especial de Pacientes","cod_capa_reps":15,"nom_capa_reps":"AMBULANCIAS","cantidad":1,"serv_capa_reps":"Básica","descrip_capa":"AMBULANCIAS - Básica"}},{"type":"Feature","id":"ads_ips_capacidad_reps.fid--215d4958_1a0d9e21907_41a3","geometry":{"type":"Point","coordinates":[-76.49632206,3.44564418]},"geometry_name":"the_geom","properties":{"consec":737,"gid":3498,"habili":"7600109888","sede":"01","cod_hab":760010988801,"nombre_ips":"cuidado de vida sas","direccion":"KR 12E # 56 - 48","barrio":"El Trébol","id_com_cor":"08","comu_corre":"Comuna 08","natu_ips":"Privada","cla_ips":"Transporte Especial de Pacientes","cod_capa_reps":15,"nom_capa_reps":"AMBULANCIAS","cantidad":1,"serv_capa_reps":"Básica","descrip_capa":"AMBULANCIAS - Básica"}},{"type":"Feature","id":"ads_ips_capacidad_reps.fid--215d4958_1a0d9e21907_41a4","geometry":{"type":"Point","coordinates":[-76.49632206,3.44564418]},"geometry_name":"the_geom","properties":{"consec":736,"gid":3498,"habili":"7600109888","sede":"01","cod_hab":760010988801,"nombre_ips":"cuidado de vida sas","direccion":"KR 12E # 56 - 48","barrio":"El Trébol","id_com_cor":"08","comu_corre":"Comuna 08","natu_ips":"Privada","cla_ips":"Transporte Especial de Pacientes","cod_capa_reps":15,"nom_capa_reps":"AMBULANCIAS","cantidad":1,"serv_capa_reps":"Básica","descrip_capa":"AMBULANCIAS - Básica"}},{"type":"Feature","id":"ads_ips_capacidad_reps.fid--215d4958_1a0d9e21907_41a5","geometry":{"type":"Point","coordinates":[-76.49632206,3.44564418]},"geometry_name":"the_geom","properties":{"consec":735,"gid":3498,"habili":"7600109888","sede":"01","cod_hab":760010988801,"nombre_ips":"cuidado de vida sas","direccion":"KR 12E # 56 - 48","barrio":"El Trébol","id_com_cor":"08","comu_corre":"Comuna 08","natu_ips":"Privada","cla_ips":"Transporte Especial de Pacientes","cod_capa_reps":15,"nom_capa_reps":"AMBULANCIAS","cantidad":1,"serv_capa_reps":"Básica","descrip_capa":"AMBULANCIAS - Básica"}},{"type":"Feature","id":"ads_ips_capacidad_reps.fid--215d4958_1a0d9e21907_41a6","geometry":{"type":"Point","coordinates":[-76.54736638,3.41996089]},"geometry_name":"the_geom","properties":{"consec":742,"gid":1399,"habili":"7600109892","sede":"01","cod_hab":760010989201,"nombre_ips":"UNIDAD QUIRURGICA CALIDA SAS","direccion":"CL 5A # 43A - 35","barrio":"Urbanización Tequendama","id_com_cor":"19","comu_corre":"Comuna 19","natu_ips":"Privada","cla_ips":"Instituciones - IPS","cod_capa_reps":2,"nom_capa_reps":"CAMAS","cantidad":14,"serv_capa_reps":"Adultos","descrip_capa":"CAMAS - Adultos"}},{"type":"Feature","id":"ads_ips_capacidad_reps.fid--215d4958_1a0d9e21907_41a7","geometry":{"type":"Point","coordinates":[-76.52120963,3.45390224]},"geometry_name":"the_geom","properties":{"consec":743,"gid":3767,"habili":"7600109893","sede":"01","cod_hab":760010989301,"nombre_ips":"Tecnoquímicas S.A","direccion":"CL 23 # 7 - 39","barrio":"San Nicolás","id_com_cor":"03","comu_corre":"Comuna 03","natu_ips":"Privada","cla_ips":"Objeto Social Diferente a la Prestación de Servicios de Salu","cod_capa_reps":25,"nom_capa_reps":"SALAS","cantidad":1,"serv_capa_reps":"Procedimientos","descrip_capa":"SALAS - Procedimientos"}},{"type":"Feature","id":"ads_ips_capacidad_reps.fid--215d4958_1a0d9e21907_41a8","geometry":{"type":"Point","coordinates":[-76.53469317,3.44517813]},"geometry_name":"the_geom","properties":{"consec":744,"gid":3489,"habili":"7600109895","sede":"01","cod_hab":760010989501,"nombre_ips":"Instituto Santa Maria","direccion":"CL 7 # 12 - 15","barrio":"San Juan Bosco","id_com_cor":"03","comu_corre":"Comuna 03","natu_ips":"Privada","cla_ips":"Objeto Social Diferente a la Prestación de Servicios de Salu","cod_capa_reps":25,"nom_capa_reps":"SALAS","cantidad":1,"serv_capa_reps":"Procedimientos","descrip_capa":"SALAS - Procedimientos"}},{"type":"Feature","id":"ads_ips_capacidad_reps.fid--215d4958_1a0d9e21907_41a9","geometry":{"type":"Point","coordinates":[-76.50939262,3.40695606]},"geometry_name":"the_geom","properties":{"consec":745,"gid":616,"habili":"7600109898","sede":"01","cod_hab":760010989801,"nombre_ips":"HOSPITAL A CASA SAS","direccion":"KR 42B # 45 - 03","barrio":"Unión de Vivienda Popular","id_com_cor":"16","comu_corre":"Comuna 16","natu_ips":"Privada","cla_ips":"Transporte Especial de Pacientes","cod_capa_reps":15,"nom_capa_reps":"AMBULANCIAS","cantidad":1,"serv_capa_reps":"Básica","descrip_capa":"AMBULANCIAS - Básica"}},{"type":"Feature","id":"ads_ips_capacidad_reps.fid--215d4958_1a0d9e21907_41aa","geometry":{"type":"Point","coordinates":[-76.55382072,3.38667067]},"geometry_name":"the_geom","properties":{"consec":746,"gid":366,"habili":"7600109911","sede":"01","cod_hab":760010991101,"nombre_ips":"Sede Prados de sur","direccion":"CL 1D # 79 - 18","barrio":"Prados del Sur","id_com_cor":"18","comu_corre":"Comuna 18","natu_ips":"Privada","cla_ips":"Objeto Social Diferente a la Prestación de Servicios de Salu","cod_capa_reps":25,"nom_capa_reps":"SALAS","cantidad":1,"serv_capa_reps":"Procedimientos","descrip_capa":"SALAS - Procedimientos"}},{"type":"Feature","id":"ads_ips_capacidad_reps.fid--215d4958_1a0d9e21907_41ab","geometry":{"type":"Point","coordinates":[-76.54253371,3.42323116]},"geometry_name":"the_geom","properties":{"consec":747,"gid":2056,"habili":"7600109932","sede":"01","cod_hab":760010993201,"nombre_ips":"YAMILETH CRUZ ARARAT","direccion":"CL 5D # 38A - 35","barrio":"Eucaristico","id_com_cor":"19","comu_corre":"Comuna 19","natu_ips":"Privada","cla_ips":"Profesional Independiente","cod_capa_reps":25,"nom_capa_reps":"SALAS","cantidad":1,"serv_capa_reps":"Procedimientos","descrip_capa":"SALAS - Procedimientos"}},{"type":"Feature","id":"ads_ips_capacidad_reps.fid--215d4958_1a0d9e21907_41ac","geometry":{"type":"Point","coordinates":[-76.54253371,3.42323116]},"geometry_name":"the_geom","properties":{"consec":748,"gid":2057,"habili":"7600109933","sede":"01","cod_hab":760010993301,"nombre_ips":"ANA CRISTINA CEPEDA AMORIM","direccion":"CL 5D # 38A - 35","barrio":"Eucaristico","id_com_cor":"19","comu_corre":"Comuna 19","natu_ips":"Privada","cla_ips":"Profesional Independiente","cod_capa_reps":25,"nom_capa_reps":"SALAS","cantidad":1,"serv_capa_reps":"Procedimientos","descrip_capa":"SALAS - Procedimientos"}},{"type":"Feature","id":"ads_ips_capacidad_reps.fid--215d4958_1a0d9e21907_41ad","geometry":{"type":"Point","coordinates":[-76.54253371,3.42323116]},"geometry_name":"the_geom","properties":{"consec":749,"gid":2058,"habili":"7600109934","sede":"01","cod_hab":760010993401,"nombre_ips":"JOSE SAULO TORRES DELGADO","direccion":"CL 5D # 38A - 35","barrio":"Eucaristico","id_com_cor":"19","comu_corre":"Comuna 19","natu_ips":"Privada","cla_ips":"Profesional Independiente","cod_capa_reps":25,"nom_capa_reps":"SALAS","cantidad":1,"serv_capa_reps":"Procedimientos","descrip_capa":"SALAS - Procedimientos"}},{"type":"Feature","id":"ads_ips_capacidad_reps.fid--215d4958_1a0d9e21907_41ae","geometry":{"type":"Point","coordinates":[-76.53842038,3.41472165]},"geometry_name":"the_geom","properties":{"consec":750,"gid":1073,"habili":"7600109990","sede":"01","cod_hab":760010999001,"nombre_ips":"DR JULIO HOOKER DIGEST CENTER","direccion":"KR 46 # 9C - 85","barrio":"Urbanización Militar","id_com_cor":"19","comu_corre":"Comuna 19","natu_ips":"Privada","cla_ips":"Instituciones - IPS","cod_capa_reps":25,"nom_capa_reps":"SALAS","cantidad":1,"serv_capa_reps":"Procedimientos","descrip_capa":"SALAS - Procedimientos"}},{"type":"Feature","id":"ads_ips_capacidad_reps.fid--215d4958_1a0d9e21907_41af","geometry":{"type":"Point","coordinates":[-76.51726956,3.44797208]},"geometry_name":"the_geom","properties":{"consec":751,"gid":3566,"habili":"7600109991","sede":"01","cod_hab":760010999101,"nombre_ips":"Ambulancias Traumamedic S.A.S","direccion":"KR 11G # 26 - 25","barrio":"Benjamín Herrera","id_com_cor":"08","comu_corre":"Comuna 08","natu_ips":"Privada","cla_ips":"Transporte Especial de Pacientes","cod_capa_reps":15,"nom_capa_reps":"AMBULANCIAS","cantidad":1,"serv_capa_reps":"Básica","descrip_capa":"AMBULANCIAS - Básica"}},{"type":"Feature","id":"ads_ips_capacidad_reps.fid--215d4958_1a0d9e21907_41b0","geometry":{"type":"Point","coordinates":[-76.52535979,3.33488562]},"geometry_name":"the_geom","properties":{"consec":757,"gid":23,"habili":"7600110040","sede":"01","cod_hab":760011004001,"nombre_ips":"Grupo Mentesana S.A.S.","direccion":"KR 127 # 22 - 249","barrio":"Parcelaciones Pance","id_com_cor":"22","comu_corre":"Comuna 22","natu_ips":"Privada","cla_ips":"Instituciones - IPS","cod_capa_reps":11,"nom_capa_reps":"CAMAS","cantidad":5,"serv_capa_reps":"Psiquiatría","descrip_capa":"CAMAS - Psiquiatría"}},{"type":"Feature","id":"ads_ips_capacidad_reps.fid--215d4958_1a0d9e21907_41b1","geometry":{"type":"Point","coordinates":[-76.54614992,3.4196251]},"geometry_name":"the_geom","properties":{"consec":758,"gid":1350,"habili":"7600110040","sede":"02","cod_hab":760011004002,"nombre_ips":"Grupo Mentesana SAS Hospitalización","direccion":"KR 43A # 5B - 40","barrio":"Urbanización Tequendama","id_com_cor":"19","comu_corre":"Comuna 19","natu_ips":"Privada","cla_ips":"Instituciones - IPS","cod_capa_reps":11,"nom_capa_reps":"CAMAS","cantidad":35,"serv_capa_reps":"Psiquiatría","descrip_capa":"CAMAS - Psiquiatría"}},{"type":"Feature","id":"ads_ips_capacidad_reps.fid--215d4958_1a0d9e21907_41b2","geometry":{"type":"Point","coordinates":[-76.54614992,3.4196251]},"geometry_name":"the_geom","properties":{"consec":759,"gid":1350,"habili":"7600110040","sede":"02","cod_hab":760011004002,"nombre_ips":"Grupo Mentesana SAS Hospitalización","direccion":"KR 43A # 5B - 40","barrio":"Urbanización Tequendama","id_com_cor":"19","comu_corre":"Comuna 19","natu_ips":"Privada","cla_ips":"Instituciones - IPS","cod_capa_reps":12,"nom_capa_reps":"CAMAS","cantidad":9,"serv_capa_reps":"Farmacodependencia","descrip_capa":"CAMAS - Farmacodependencia"}},{"type":"Feature","id":"ads_ips_capacidad_reps.fid--215d4958_1a0d9e21907_41b3","geometry":{"type":"Point","coordinates":[-76.54357064,3.42026377]},"geometry_name":"the_geom","properties":{"consec":761,"gid":1465,"habili":"7600110055","sede":"02","cod_hab":760011005502,"nombre_ips":"CLINICA SOS TRAUMA","direccion":"CL 5E # 42 - 10","barrio":"Urbanización Tequendama","id_com_cor":"19","comu_corre":"Comuna 19","natu_ips":"Privada","cla_ips":"Instituciones - IPS","cod_capa_reps":1,"nom_capa_reps":"CAMAS","cantidad":3,"serv_capa_reps":"Pediátrica","descrip_capa":"CAMAS - Pediátrica"}},{"type":"Feature","id":"ads_ips_capacidad_reps.fid--215d4958_1a0d9e21907_41b4","geometry":{"type":"Point","coordinates":[-76.54357064,3.42026377]},"geometry_name":"the_geom","properties":{"consec":762,"gid":1465,"habili":"7600110055","sede":"02","cod_hab":760011005502,"nombre_ips":"CLINICA SOS TRAUMA","direccion":"CL 5E # 42 - 10","barrio":"Urbanización Tequendama","id_com_cor":"19","comu_corre":"Comuna 19","natu_ips":"Privada","cla_ips":"Instituciones - IPS","cod_capa_reps":2,"nom_capa_reps":"CAMAS","cantidad":12,"serv_capa_reps":"Adultos","descrip_capa":"CAMAS - Adultos"}},{"type":"Feature","id":"ads_ips_capacidad_reps.fid--215d4958_1a0d9e21907_41b5","geometry":{"type":"Point","coordinates":[-76.54357064,3.42026377]},"geometry_name":"the_geom","properties":{"consec":763,"gid":1465,"habili":"7600110055","sede":"02","cod_hab":760011005502,"nombre_ips":"CLINICA SOS TRAUMA","direccion":"CL 5E # 42 - 10","barrio":"Urbanización Tequendama","id_com_cor":"19","comu_corre":"Comuna 19","natu_ips":"Privada","cla_ips":"Instituciones - IPS","cod_capa_reps":25,"nom_capa_reps":"SALAS","cantidad":1,"serv_capa_reps":"Procedimientos","descrip_capa":"SALAS - Procedimientos"}},{"type":"Feature","id":"ads_ips_capacidad_reps.fid--215d4958_1a0d9e21907_41b6","geometry":{"type":"Point","coordinates":[-76.58403306,3.4582489]},"geometry_name":"the_geom","properties":{"consec":764,"gid":3906,"habili":"7600110076","sede":"01","cod_hab":760011007601,"nombre_ips":"Casa Hogar de Proteccion Fundacion Amor y Fe","direccion":"AV 5A OESTE # 38  - 09","barrio":"Sector Patio Bonito","id_com_cor":"01","comu_corre":"Comuna 01","natu_ips":"Privada","cla_ips":"Objeto Social Diferente a la Prestación de Servicios de Salu","cod_capa_reps":25,"nom_capa_reps":"SALAS","cantidad":1,"serv_capa_reps":"Procedimientos","descrip_capa":"SALAS - Procedimientos"}},{"type":"Feature","id":"ads_ips_capacidad_reps.fid--215d4958_1a0d9e21907_41b7","geometry":{"type":"Point","coordinates":[-76.54364126,3.4211895]},"geometry_name":"the_geom","properties":{"consec":765,"gid":1570,"habili":"7600110078","sede":"01","cod_hab":760011007801,"nombre_ips":"CLAUDIA CARREÑO ALVARAN","direccion":"KR 41 # 5C  - 116","barrio":"Urbanización Tequendama","id_com_cor":"19","comu_corre":"Comuna 19","natu_ips":"Privada","cla_ips":"Profesional Independiente","cod_capa_reps":25,"nom_capa_reps":"SALAS","cantidad":1,"serv_capa_reps":"Procedimientos","descrip_capa":"SALAS - Procedimientos"}},{"type":"Feature","id":"ads_ips_capacidad_reps.fid--215d4958_1a0d9e21907_41b8","geometry":{"type":"Point","coordinates":[-76.48810249,3.44691163]},"geometry_name":"the_geom","properties":{"consec":768,"gid":3534,"habili":"7600110079","sede":"01","cod_hab":760011007901,"nombre_ips":"EMERGENCIA MEDICA ESPECIALIZADA S.A.S","direccion":"KR 12B # 71 - 11","barrio":"Siete de Agosto","id_com_cor":"07","comu_corre":"Comuna 07","natu_ips":"Privada","cla_ips":"Transporte Especial de Pacientes","cod_capa_reps":15,"nom_capa_reps":"AMBULANCIAS","cantidad":1,"serv_capa_reps":"Básica","descrip_capa":"AMBULANCIAS - Básica"}},{"type":"Feature","id":"ads_ips_capacidad_reps.fid--215d4958_1a0d9e21907_41b9","geometry":{"type":"Point","coordinates":[-76.48810249,3.44691163]},"geometry_name":"the_geom","properties":{"consec":766,"gid":3534,"habili":"7600110079","sede":"01","cod_hab":760011007901,"nombre_ips":"EMERGENCIA MEDICA ESPECIALIZADA S.A.S","direccion":"KR 12B # 71 - 11","barrio":"Siete de Agosto","id_com_cor":"07","comu_corre":"Comuna 07","natu_ips":"Privada","cla_ips":"Transporte Especial de Pacientes","cod_capa_reps":15,"nom_capa_reps":"AMBULANCIAS","cantidad":1,"serv_capa_reps":"Básica","descrip_capa":"AMBULANCIAS - Básica"}},{"type":"Feature","id":"ads_ips_capacidad_reps.fid--215d4958_1a0d9e21907_41ba","geometry":{"type":"Point","coordinates":[-76.48810249,3.44691163]},"geometry_name":"the_geom","properties":{"consec":767,"gid":3534,"habili":"7600110079","sede":"01","cod_hab":760011007901,"nombre_ips":"EMERGENCIA MEDICA ESPECIALIZADA S.A.S","direccion":"KR 12B # 71 - 11","barrio":"Siete de Agosto","id_com_cor":"07","comu_corre":"Comuna 07","natu_ips":"Privada","cla_ips":"Transporte Especial de Pacientes","cod_capa_reps":15,"nom_capa_reps":"AMBULANCIAS","cantidad":1,"serv_capa_reps":"Básica","descrip_capa":"AMBULANCIAS - Básica"}},{"type":"Feature","id":"ads_ips_capacidad_reps.fid--215d4958_1a0d9e21907_41bb","geometry":{"type":"Point","coordinates":[-76.48810249,3.44691163]},"geometry_name":"the_geom","properties":{"consec":773,"gid":3534,"habili":"7600110079","sede":"01","cod_hab":760011007901,"nombre_ips":"EMERGENCIA MEDICA ESPECIALIZADA S.A.S","direccion":"KR 12B # 71 - 11","barrio":"Siete de Agosto","id_com_cor":"07","comu_corre":"Comuna 07","natu_ips":"Privada","cla_ips":"Transporte Especial de Pacientes","cod_capa_reps":15,"nom_capa_reps":"AMBULANCIAS","cantidad":1,"serv_capa_reps":"Básica","descrip_capa":"AMBULANCIAS - Básica"}},{"type":"Feature","id":"ads_ips_capacidad_reps.fid--215d4958_1a0d9e21907_41bc","geometry":{"type":"Point","coordinates":[-76.48810249,3.44691163]},"geometry_name":"the_geom","properties":{"consec":774,"gid":3534,"habili":"7600110079","sede":"01","cod_hab":760011007901,"nombre_ips":"EMERGENCIA MEDICA ESPECIALIZADA S.A.S","direccion":"KR 12B # 71 - 11","barrio":"Siete de Agosto","id_com_cor":"07","comu_corre":"Comuna 07","natu_ips":"Privada","cla_ips":"Transporte Especial de Pacientes","cod_capa_reps":15,"nom_capa_reps":"AMBULANCIAS","cantidad":1,"serv_capa_reps":"Básica","descrip_capa":"AMBULANCIAS - Básica"}},{"type":"Feature","id":"ads_ips_capacidad_reps.fid--215d4958_1a0d9e21907_41bd","geometry":{"type":"Point","coordinates":[-76.48810249,3.44691163]},"geometry_name":"the_geom","properties":{"consec":772,"gid":3534,"habili":"7600110079","sede":"01","cod_hab":760011007901,"nombre_ips":"EMERGENCIA MEDICA ESPECIALIZADA S.A.S","direccion":"KR 12B # 71 - 11","barrio":"Siete de Agosto","id_com_cor":"07","comu_corre":"Comuna 07","natu_ips":"Privada","cla_ips":"Transporte Especial de Pacientes","cod_capa_reps":15,"nom_capa_reps":"AMBULANCIAS","cantidad":1,"serv_capa_reps":"Básica","descrip_capa":"AMBULANCIAS - Básica"}},{"type":"Feature","id":"ads_ips_capacidad_reps.fid--215d4958_1a0d9e21907_41be","geometry":{"type":"Point","coordinates":[-76.48810249,3.44691163]},"geometry_name":"the_geom","properties":{"consec":771,"gid":3534,"habili":"7600110079","sede":"01","cod_hab":760011007901,"nombre_ips":"EMERGENCIA MEDICA ESPECIALIZADA S.A.S","direccion":"KR 12B # 71 - 11","barrio":"Siete de Agosto","id_com_cor":"07","comu_corre":"Comuna 07","natu_ips":"Privada","cla_ips":"Transporte Especial de Pacientes","cod_capa_reps":15,"nom_capa_reps":"AMBULANCIAS","cantidad":1,"serv_capa_reps":"Básica","descrip_capa":"AMBULANCIAS - Básica"}},{"type":"Feature","id":"ads_ips_capacidad_reps.fid--215d4958_1a0d9e21907_41bf","geometry":{"type":"Point","coordinates":[-76.48810249,3.44691163]},"geometry_name":"the_geom","properties":{"consec":770,"gid":3534,"habili":"7600110079","sede":"01","cod_hab":760011007901,"nombre_ips":"EMERGENCIA MEDICA ESPECIALIZADA S.A.S","direccion":"KR 12B # 71 - 11","barrio":"Siete de Agosto","id_com_cor":"07","comu_corre":"Comuna 07","natu_ips":"Privada","cla_ips":"Transporte Especial de Pacientes","cod_capa_reps":15,"nom_capa_reps":"AMBULANCIAS","cantidad":1,"serv_capa_reps":"Básica","descrip_capa":"AMBULANCIAS - Básica"}},{"type":"Feature","id":"ads_ips_capacidad_reps.fid--215d4958_1a0d9e21907_41c0","geometry":{"type":"Point","coordinates":[-76.48810249,3.44691163]},"geometry_name":"the_geom","properties":{"consec":769,"gid":3534,"habili":"7600110079","sede":"01","cod_hab":760011007901,"nombre_ips":"EMERGENCIA MEDICA ESPECIALIZADA S.A.S","direccion":"KR 12B # 71 - 11","barrio":"Siete de Agosto","id_com_cor":"07","comu_corre":"Comuna 07","natu_ips":"Privada","cla_ips":"Transporte Especial de Pacientes","cod_capa_reps":15,"nom_capa_reps":"AMBULANCIAS","cantidad":1,"serv_capa_reps":"Básica","descrip_capa":"AMBULANCIAS - Básica"}},{"type":"Feature","id":"ads_ips_capacidad_reps.fid--215d4958_1a0d9e21907_41c1","geometry":{"type":"Point","coordinates":[-76.50934661,3.45375976]},"geometry_name":"the_geom","properties":{"consec":781,"gid":3764,"habili":"7600110094","sede":"01","cod_hab":760011009401,"nombre_ips":"RED DE URGENCIAS DE LA COSTA PACIFICA S.A.S","direccion":"KR 8 # 36 - 36","barrio":"El Troncal","id_com_cor":"08","comu_corre":"Comuna 08","natu_ips":"Privada","cla_ips":"Transporte Especial de Pacientes","cod_capa_reps":15,"nom_capa_reps":"AMBULANCIAS","cantidad":1,"serv_capa_reps":"Básica","descrip_capa":"AMBULANCIAS - Básica"}},{"type":"Feature","id":"ads_ips_capacidad_reps.fid--215d4958_1a0d9e21907_41c2","geometry":{"type":"Point","coordinates":[-76.50934661,3.45375976]},"geometry_name":"the_geom","properties":{"consec":777,"gid":3764,"habili":"7600110094","sede":"01","cod_hab":760011009401,"nombre_ips":"RED DE URGENCIAS DE LA COSTA PACIFICA S.A.S","direccion":"KR 8 # 36 - 36","barrio":"El Troncal","id_com_cor":"08","comu_corre":"Comuna 08","natu_ips":"Privada","cla_ips":"Transporte Especial de Pacientes","cod_capa_reps":15,"nom_capa_reps":"AMBULANCIAS","cantidad":1,"serv_capa_reps":"Básica","descrip_capa":"AMBULANCIAS - Básica"}},{"type":"Feature","id":"ads_ips_capacidad_reps.fid--215d4958_1a0d9e21907_41c3","geometry":{"type":"Point","coordinates":[-76.50934661,3.45375976]},"geometry_name":"the_geom","properties":{"consec":776,"gid":3764,"habili":"7600110094","sede":"01","cod_hab":760011009401,"nombre_ips":"RED DE URGENCIAS DE LA COSTA PACIFICA S.A.S","direccion":"KR 8 # 36 - 36","barrio":"El Troncal","id_com_cor":"08","comu_corre":"Comuna 08","natu_ips":"Privada","cla_ips":"Transporte Especial de Pacientes","cod_capa_reps":15,"nom_capa_reps":"AMBULANCIAS","cantidad":1,"serv_capa_reps":"Básica","descrip_capa":"AMBULANCIAS - Básica"}},{"type":"Feature","id":"ads_ips_capacidad_reps.fid--215d4958_1a0d9e21907_41c4","geometry":{"type":"Point","coordinates":[-76.50934661,3.45375976]},"geometry_name":"the_geom","properties":{"consec":775,"gid":3764,"habili":"7600110094","sede":"01","cod_hab":760011009401,"nombre_ips":"RED DE URGENCIAS DE LA COSTA PACIFICA S.A.S","direccion":"KR 8 # 36 - 36","barrio":"El Troncal","id_com_cor":"08","comu_corre":"Comuna 08","natu_ips":"Privada","cla_ips":"Transporte Especial de Pacientes","cod_capa_reps":15,"nom_capa_reps":"AMBULANCIAS","cantidad":1,"serv_capa_reps":"Básica","descrip_capa":"AMBULANCIAS - Básica"}},{"type":"Feature","id":"ads_ips_capacidad_reps.fid--215d4958_1a0d9e21907_41c5","geometry":{"type":"Point","coordinates":[-76.50934661,3.45375976]},"geometry_name":"the_geom","properties":{"consec":779,"gid":3764,"habili":"7600110094","sede":"01","cod_hab":760011009401,"nombre_ips":"RED DE URGENCIAS DE LA COSTA PACIFICA S.A.S","direccion":"KR 8 # 36 - 36","barrio":"El Troncal","id_com_cor":"08","comu_corre":"Comuna 08","natu_ips":"Privada","cla_ips":"Transporte Especial de Pacientes","cod_capa_reps":15,"nom_capa_reps":"AMBULANCIAS","cantidad":1,"serv_capa_reps":"Básica","descrip_capa":"AMBULANCIAS - Básica"}},{"type":"Feature","id":"ads_ips_capacidad_reps.fid--215d4958_1a0d9e21907_41c6","geometry":{"type":"Point","coordinates":[-76.50934661,3.45375976]},"geometry_name":"the_geom","properties":{"consec":780,"gid":3764,"habili":"7600110094","sede":"01","cod_hab":760011009401,"nombre_ips":"RED DE URGENCIAS DE LA COSTA PACIFICA S.A.S","direccion":"KR 8 # 36 - 36","barrio":"El Troncal","id_com_cor":"08","comu_corre":"Comuna 08","natu_ips":"Privada","cla_ips":"Transporte Especial de Pacientes","cod_capa_reps":15,"nom_capa_reps":"AMBULANCIAS","cantidad":1,"serv_capa_reps":"Básica","descrip_capa":"AMBULANCIAS - Básica"}},{"type":"Feature","id":"ads_ips_capacidad_reps.fid--215d4958_1a0d9e21907_41c7","geometry":{"type":"Point","coordinates":[-76.50934661,3.45375976]},"geometry_name":"the_geom","properties":{"consec":778,"gid":3764,"habili":"7600110094","sede":"01","cod_hab":760011009401,"nombre_ips":"RED DE URGENCIAS DE LA COSTA PACIFICA S.A.S","direccion":"KR 8 # 36 - 36","barrio":"El Troncal","id_com_cor":"08","comu_corre":"Comuna 08","natu_ips":"Privada","cla_ips":"Transporte Especial de Pacientes","cod_capa_reps":15,"nom_capa_reps":"AMBULANCIAS","cantidad":1,"serv_capa_reps":"Básica","descrip_capa":"AMBULANCIAS - Básica"}},{"type":"Feature","id":"ads_ips_capacidad_reps.fid--215d4958_1a0d9e21907_41c8","geometry":{"type":"Point","coordinates":[-76.50934661,3.45375976]},"geometry_name":"the_geom","properties":{"consec":782,"gid":3764,"habili":"7600110094","sede":"01","cod_hab":760011009401,"nombre_ips":"RED DE URGENCIAS DE LA COSTA PACIFICA S.A.S","direccion":"KR 8 # 36 - 36","barrio":"El Troncal","id_com_cor":"08","comu_corre":"Comuna 08","natu_ips":"Privada","cla_ips":"Transporte Especial de Pacientes","cod_capa_reps":15,"nom_capa_reps":"AMBULANCIAS","cantidad":1,"serv_capa_reps":"Básica","descrip_capa":"AMBULANCIAS - Básica"}},{"type":"Feature","id":"ads_ips_capacidad_reps.fid--215d4958_1a0d9e21907_41c9","geometry":{"type":"Point","coordinates":[-76.50934661,3.45375976]},"geometry_name":"the_geom","properties":{"consec":783,"gid":3764,"habili":"7600110094","sede":"01","cod_hab":760011009401,"nombre_ips":"RED DE URGENCIAS DE LA COSTA PACIFICA S.A.S","direccion":"KR 8 # 36 - 36","barrio":"El Troncal","id_com_cor":"08","comu_corre":"Comuna 08","natu_ips":"Privada","cla_ips":"Transporte Especial de Pacientes","cod_capa_reps":15,"nom_capa_reps":"AMBULANCIAS","cantidad":1,"serv_capa_reps":"Básica","descrip_capa":"AMBULANCIAS - Básica"}},{"type":"Feature","id":"ads_ips_capacidad_reps.fid--215d4958_1a0d9e21907_41ca","geometry":{"type":"Point","coordinates":[-76.50934661,3.45375976]},"geometry_name":"the_geom","properties":{"consec":784,"gid":3764,"habili":"7600110094","sede":"01","cod_hab":760011009401,"nombre_ips":"RED DE URGENCIAS DE LA COSTA PACIFICA S.A.S","direccion":"KR 8 # 36 - 36","barrio":"El Troncal","id_com_cor":"08","comu_corre":"Comuna 08","natu_ips":"Privada","cla_ips":"Transporte Especial de Pacientes","cod_capa_reps":15,"nom_capa_reps":"AMBULANCIAS","cantidad":1,"serv_capa_reps":"Básica","descrip_capa":"AMBULANCIAS - Básica"}},{"type":"Feature","id":"ads_ips_capacidad_reps.fid--215d4958_1a0d9e21907_41cb","geometry":{"type":"Point","coordinates":[-76.53961754,3.44738617]},"geometry_name":"the_geom","properties":{"consec":785,"gid":3538,"habili":"7600110106","sede":"01","cod_hab":760011010601,"nombre_ips":"Hogares Maria Goretti","direccion":"KR 6 # 2 - 50","barrio":"San Antonio","id_com_cor":"03","comu_corre":"Comuna 03","natu_ips":"Privada","cla_ips":"Objeto Social Diferente a la Prestación de Servicios de Salu","cod_capa_reps":25,"nom_capa_reps":"SALAS","cantidad":1,"serv_capa_reps":"Procedimientos","descrip_capa":"SALAS - Procedimientos"}},{"type":"Feature","id":"ads_ips_capacidad_reps.fid--215d4958_1a0d9e21907_41cc","geometry":{"type":"Point","coordinates":[-76.54623347,3.42024078]},"geometry_name":"the_geom","properties":{"consec":786,"gid":1460,"habili":"7600110133","sede":"01","cod_hab":760011013301,"nombre_ips":"ELIANA GAVIRIA LLANOS","direccion":"CL 5B # 43 - 12","barrio":"Urbanización Tequendama","id_com_cor":"19","comu_corre":"Comuna 19","natu_ips":"Privada","cla_ips":"Profesional Independiente","cod_capa_reps":25,"nom_capa_reps":"SALAS","cantidad":1,"serv_capa_reps":"Procedimientos","descrip_capa":"SALAS - Procedimientos"}},{"type":"Feature","id":"ads_ips_capacidad_reps.fid--215d4958_1a0d9e21907_41cd","geometry":{"type":"Point","coordinates":[-76.54174091,3.45046714]},"geometry_name":"the_geom","properties":{"consec":787,"gid":3643,"habili":"7600110134","sede":"01","cod_hab":760011013401,"nombre_ips":"Giancarlo Paz Caro","direccion":"CL 2 OESTE # 2 - 31","barrio":"El Peñón","id_com_cor":"03","comu_corre":"Comuna 03","natu_ips":"Privada","cla_ips":"Profesional Independiente","cod_capa_reps":25,"nom_capa_reps":"SALAS","cantidad":1,"serv_capa_reps":"Procedimientos","descrip_capa":"SALAS - Procedimientos"}},{"type":"Feature","id":"ads_ips_capacidad_reps.fid--215d4958_1a0d9e21907_41ce","geometry":{"type":"Point","coordinates":[-76.54253371,3.42323116]},"geometry_name":"the_geom","properties":{"consec":788,"gid":2069,"habili":"7600110144","sede":"01","cod_hab":760011014401,"nombre_ips":"CÉSAR AUGUSTO CUADROS SERRANO","direccion":"CL 5D # 38A - 35","barrio":"Eucaristico","id_com_cor":"19","comu_corre":"Comuna 19","natu_ips":"Privada","cla_ips":"Profesional Independiente","cod_capa_reps":25,"nom_capa_reps":"SALAS","cantidad":1,"serv_capa_reps":"Procedimientos","descrip_capa":"SALAS - Procedimientos"}},{"type":"Feature","id":"ads_ips_capacidad_reps.fid--215d4958_1a0d9e21907_41cf","geometry":{"type":"Point","coordinates":[-76.54687749,3.4206863]},"geometry_name":"the_geom","properties":{"consec":789,"gid":1522,"habili":"7600110155","sede":"01","cod_hab":760011015501,"nombre_ips":"NEW BIOLOGY S.A.S","direccion":"KR 43 # 5A - 47","barrio":"Urbanización Tequendama","id_com_cor":"19","comu_corre":"Comuna 19","natu_ips":"Privada","cla_ips":"Instituciones - IPS","cod_capa_reps":25,"nom_capa_reps":"SALAS","cantidad":1,"serv_capa_reps":"Procedimientos","descrip_capa":"SALAS - Procedimientos"}},{"type":"Feature","id":"ads_ips_capacidad_reps.fid--215d4958_1a0d9e21907_41d0","geometry":{"type":"Point","coordinates":[-76.54368504,3.41961737]},"geometry_name":"the_geom","properties":{"consec":790,"gid":1346,"habili":"7600110159","sede":"01","cod_hab":760011015901,"nombre_ips":"CLINICA METCO IPS METABOLISMO Y CONTROL DE PESO","direccion":"CL 5E # 42A - 15","barrio":"Urbanización Tequendama","id_com_cor":"19","comu_corre":"Comuna 19","natu_ips":"Privada","cla_ips":"Instituciones - IPS","cod_capa_reps":25,"nom_capa_reps":"SALAS","cantidad":1,"serv_capa_reps":"Procedimientos","descrip_capa":"SALAS - Procedimientos"}},{"type":"Feature","id":"ads_ips_capacidad_reps.fid--215d4958_1a0d9e21907_41d1","geometry":{"type":"Point","coordinates":[-76.50215202,3.45146176]},"geometry_name":"the_geom","properties":{"consec":792,"gid":3676,"habili":"7600110161","sede":"01","cod_hab":760011016101,"nombre_ips":"T.A.I. TRASLADO ASISTENCIAL INMEDIATO S.A.S","direccion":"KR 10 # 47 - 31","barrio":"El Troncal","id_com_cor":"08","comu_corre":"Comuna 08","natu_ips":"Privada","cla_ips":"Transporte Especial de Pacientes","cod_capa_reps":15,"nom_capa_reps":"AMBULANCIAS","cantidad":1,"serv_capa_reps":"Básica","descrip_capa":"AMBULANCIAS - Básica"}},{"type":"Feature","id":"ads_ips_capacidad_reps.fid--215d4958_1a0d9e21907_41d2","geometry":{"type":"Point","coordinates":[-76.50215202,3.45146176]},"geometry_name":"the_geom","properties":{"consec":791,"gid":3676,"habili":"7600110161","sede":"01","cod_hab":760011016101,"nombre_ips":"T.A.I. TRASLADO ASISTENCIAL INMEDIATO S.A.S","direccion":"KR 10 # 47 - 31","barrio":"El Troncal","id_com_cor":"08","comu_corre":"Comuna 08","natu_ips":"Privada","cla_ips":"Transporte Especial de Pacientes","cod_capa_reps":15,"nom_capa_reps":"AMBULANCIAS","cantidad":1,"serv_capa_reps":"Básica","descrip_capa":"AMBULANCIAS - Básica"}},{"type":"Feature","id":"ads_ips_capacidad_reps.fid--215d4958_1a0d9e21907_41d3","geometry":{"type":"Point","coordinates":[-76.50215202,3.45146176]},"geometry_name":"the_geom","properties":{"consec":793,"gid":3676,"habili":"7600110161","sede":"01","cod_hab":760011016101,"nombre_ips":"T.A.I. TRASLADO ASISTENCIAL INMEDIATO S.A.S","direccion":"KR 10 # 47 - 31","barrio":"El Troncal","id_com_cor":"08","comu_corre":"Comuna 08","natu_ips":"Privada","cla_ips":"Transporte Especial de Pacientes","cod_capa_reps":15,"nom_capa_reps":"AMBULANCIAS","cantidad":1,"serv_capa_reps":"Básica","descrip_capa":"AMBULANCIAS - Básica"}},{"type":"Feature","id":"ads_ips_capacidad_reps.fid--215d4958_1a0d9e21907_41d4","geometry":{"type":"Point","coordinates":[-76.50215202,3.45146176]},"geometry_name":"the_geom","properties":{"consec":794,"gid":3676,"habili":"7600110161","sede":"01","cod_hab":760011016101,"nombre_ips":"T.A.I. TRASLADO ASISTENCIAL INMEDIATO S.A.S","direccion":"KR 10 # 47 - 31","barrio":"El Troncal","id_com_cor":"08","comu_corre":"Comuna 08","natu_ips":"Privada","cla_ips":"Transporte Especial de Pacientes","cod_capa_reps":15,"nom_capa_reps":"AMBULANCIAS","cantidad":1,"serv_capa_reps":"Básica","descrip_capa":"AMBULANCIAS - Básica"}},{"type":"Feature","id":"ads_ips_capacidad_reps.fid--215d4958_1a0d9e21907_41d5","geometry":{"type":"Point","coordinates":[-76.50215202,3.45146176]},"geometry_name":"the_geom","properties":{"consec":795,"gid":3676,"habili":"7600110161","sede":"01","cod_hab":760011016101,"nombre_ips":"T.A.I. TRASLADO ASISTENCIAL INMEDIATO S.A.S","direccion":"KR 10 # 47 - 31","barrio":"El Troncal","id_com_cor":"08","comu_corre":"Comuna 08","natu_ips":"Privada","cla_ips":"Transporte Especial de Pacientes","cod_capa_reps":15,"nom_capa_reps":"AMBULANCIAS","cantidad":1,"serv_capa_reps":"Básica","descrip_capa":"AMBULANCIAS - Básica"}},{"type":"Feature","id":"ads_ips_capacidad_reps.fid--215d4958_1a0d9e21907_41d6","geometry":{"type":"Point","coordinates":[-76.50215202,3.45146176]},"geometry_name":"the_geom","properties":{"consec":796,"gid":3676,"habili":"7600110161","sede":"01","cod_hab":760011016101,"nombre_ips":"T.A.I. TRASLADO ASISTENCIAL INMEDIATO S.A.S","direccion":"KR 10 # 47 - 31","barrio":"El Troncal","id_com_cor":"08","comu_corre":"Comuna 08","natu_ips":"Privada","cla_ips":"Transporte Especial de Pacientes","cod_capa_reps":15,"nom_capa_reps":"AMBULANCIAS","cantidad":1,"serv_capa_reps":"Básica","descrip_capa":"AMBULANCIAS - Básica"}},{"type":"Feature","id":"ads_ips_capacidad_reps.fid--215d4958_1a0d9e21907_41d7","geometry":{"type":"Point","coordinates":[-76.50215202,3.45146176]},"geometry_name":"the_geom","properties":{"consec":797,"gid":3676,"habili":"7600110161","sede":"01","cod_hab":760011016101,"nombre_ips":"T.A.I. TRASLADO ASISTENCIAL INMEDIATO S.A.S","direccion":"KR 10 # 47 - 31","barrio":"El Troncal","id_com_cor":"08","comu_corre":"Comuna 08","natu_ips":"Privada","cla_ips":"Transporte Especial de Pacientes","cod_capa_reps":15,"nom_capa_reps":"AMBULANCIAS","cantidad":1,"serv_capa_reps":"Básica","descrip_capa":"AMBULANCIAS - Básica"}},{"type":"Feature","id":"ads_ips_capacidad_reps.fid--215d4958_1a0d9e21907_41d8","geometry":{"type":"Point","coordinates":[-76.50215202,3.45146176]},"geometry_name":"the_geom","properties":{"consec":798,"gid":3676,"habili":"7600110161","sede":"01","cod_hab":760011016101,"nombre_ips":"T.A.I. TRASLADO ASISTENCIAL INMEDIATO S.A.S","direccion":"KR 10 # 47 - 31","barrio":"El Troncal","id_com_cor":"08","comu_corre":"Comuna 08","natu_ips":"Privada","cla_ips":"Transporte Especial de Pacientes","cod_capa_reps":15,"nom_capa_reps":"AMBULANCIAS","cantidad":1,"serv_capa_reps":"Básica","descrip_capa":"AMBULANCIAS - Básica"}},{"type":"Feature","id":"ads_ips_capacidad_reps.fid--215d4958_1a0d9e21907_41d9","geometry":{"type":"Point","coordinates":[-76.50215202,3.45146176]},"geometry_name":"the_geom","properties":{"consec":799,"gid":3676,"habili":"7600110161","sede":"01","cod_hab":760011016101,"nombre_ips":"T.A.I. TRASLADO ASISTENCIAL INMEDIATO S.A.S","direccion":"KR 10 # 47 - 31","barrio":"El Troncal","id_com_cor":"08","comu_corre":"Comuna 08","natu_ips":"Privada","cla_ips":"Transporte Especial de Pacientes","cod_capa_reps":15,"nom_capa_reps":"AMBULANCIAS","cantidad":1,"serv_capa_reps":"Básica","descrip_capa":"AMBULANCIAS - Básica"}},{"type":"Feature","id":"ads_ips_capacidad_reps.fid--215d4958_1a0d9e21907_41da","geometry":{"type":"Point","coordinates":[-76.50215202,3.45146176]},"geometry_name":"the_geom","properties":{"consec":800,"gid":3676,"habili":"7600110161","sede":"01","cod_hab":760011016101,"nombre_ips":"T.A.I. TRASLADO ASISTENCIAL INMEDIATO S.A.S","direccion":"KR 10 # 47 - 31","barrio":"El Troncal","id_com_cor":"08","comu_corre":"Comuna 08","natu_ips":"Privada","cla_ips":"Transporte Especial de Pacientes","cod_capa_reps":15,"nom_capa_reps":"AMBULANCIAS","cantidad":1,"serv_capa_reps":"Básica","descrip_capa":"AMBULANCIAS - Básica"}},{"type":"Feature","id":"ads_ips_capacidad_reps.fid--215d4958_1a0d9e21907_41db","geometry":{"type":"Point","coordinates":[-76.50215202,3.45146176]},"geometry_name":"the_geom","properties":{"consec":801,"gid":3676,"habili":"7600110161","sede":"01","cod_hab":760011016101,"nombre_ips":"T.A.I. TRASLADO ASISTENCIAL INMEDIATO S.A.S","direccion":"KR 10 # 47 - 31","barrio":"El Troncal","id_com_cor":"08","comu_corre":"Comuna 08","natu_ips":"Privada","cla_ips":"Transporte Especial de Pacientes","cod_capa_reps":15,"nom_capa_reps":"AMBULANCIAS","cantidad":1,"serv_capa_reps":"Básica","descrip_capa":"AMBULANCIAS - Básica"}},{"type":"Feature","id":"ads_ips_capacidad_reps.fid--215d4958_1a0d9e21907_41dc","geometry":{"type":"Point","coordinates":[-76.50215202,3.45146176]},"geometry_name":"the_geom","properties":{"consec":802,"gid":3676,"habili":"7600110161","sede":"01","cod_hab":760011016101,"nombre_ips":"T.A.I. TRASLADO ASISTENCIAL INMEDIATO S.A.S","direccion":"KR 10 # 47 - 31","barrio":"El Troncal","id_com_cor":"08","comu_corre":"Comuna 08","natu_ips":"Privada","cla_ips":"Transporte Especial de Pacientes","cod_capa_reps":15,"nom_capa_reps":"AMBULANCIAS","cantidad":1,"serv_capa_reps":"Básica","descrip_capa":"AMBULANCIAS - Básica"}},{"type":"Feature","id":"ads_ips_capacidad_reps.fid--215d4958_1a0d9e21907_41dd","geometry":{"type":"Point","coordinates":[-76.50816016,3.4689277]},"geometry_name":"the_geom","properties":{"consec":803,"gid":4465,"habili":"7600110166","sede":"01","cod_hab":760011016601,"nombre_ips":"JDC El Troncal","direccion":"KR 1D1 # 45 - 156","barrio":"Salomia","id_com_cor":"04","comu_corre":"Comuna 04","natu_ips":"Privada","cla_ips":"Transporte Especial de Pacientes","cod_capa_reps":15,"nom_capa_reps":"AMBULANCIAS","cantidad":1,"serv_capa_reps":"Básica","descrip_capa":"AMBULANCIAS - Básica"}},{"type":"Feature","id":"ads_ips_capacidad_reps.fid--215d4958_1a0d9e21907_41de","geometry":{"type":"Point","coordinates":[-76.54253371,3.42323116]},"geometry_name":"the_geom","properties":{"consec":804,"gid":2070,"habili":"7600110170","sede":"01","cod_hab":760011017001,"nombre_ips":"ANDRES ALBERTO CAMAYO ZORRILLA","direccion":"CL 5D # 38A - 35","barrio":"Eucaristico","id_com_cor":"19","comu_corre":"Comuna 19","natu_ips":"Privada","cla_ips":"Profesional Independiente","cod_capa_reps":25,"nom_capa_reps":"SALAS","cantidad":1,"serv_capa_reps":"Procedimientos","descrip_capa":"SALAS - Procedimientos"}},{"type":"Feature","id":"ads_ips_capacidad_reps.fid--215d4958_1a0d9e21907_41df","geometry":{"type":"Point","coordinates":[-76.52624721,3.48179923]},"geometry_name":"the_geom","properties":{"consec":805,"gid":4684,"habili":"7600110178","sede":"01","cod_hab":760011017801,"nombre_ips":"CORPUDESA CALI","direccion":"CL 44 # 6B NORTE - 41","barrio":"La Campiña","id_com_cor":"02","comu_corre":"Comuna 02","natu_ips":"Privada","cla_ips":"Objeto Social Diferente a la Prestación de Servicios de Salu","cod_capa_reps":25,"nom_capa_reps":"SALAS","cantidad":2,"serv_capa_reps":"Procedimientos","descrip_capa":"SALAS - Procedimientos"}},{"type":"Feature","id":"ads_ips_capacidad_reps.fid--215d4958_1a0d9e21907_41e0","geometry":{"type":"Point","coordinates":[-76.53644716,3.38733621]},"geometry_name":"the_geom","properties":{"consec":806,"gid":378,"habili":"7600110186","sede":"01","cod_hab":760011018601,"nombre_ips":"CLINICA DE ESTETICA SPLENDOR DE GLORIA JARAMILLO","direccion":"KR 80 # 13A - 261","barrio":"Las Quintas de Don Simón","id_com_cor":"17","comu_corre":"Comuna 17","natu_ips":"Privada","cla_ips":"Instituciones - IPS","cod_capa_reps":25,"nom_capa_reps":"SALAS","cantidad":1,"serv_capa_reps":"Procedimientos","descrip_capa":"SALAS - Procedimientos"}},{"type":"Feature","id":"ads_ips_capacidad_reps.fid--215d4958_1a0d9e21907_41e1","geometry":{"type":"Point","coordinates":[-76.52272212,3.38369137]},"geometry_name":"the_geom","properties":{"consec":808,"gid":347,"habili":"7600110205","sede":"01","cod_hab":760011020501,"nombre_ips":"LINA MARIA RENDON RICO","direccion":"KR 83C # 30 - 30","barrio":"Ciudadela Comfandi","id_com_cor":"17","comu_corre":"Comuna 17","natu_ips":"Privada","cla_ips":"Profesional Independiente","cod_capa_reps":25,"nom_capa_reps":"SALAS","cantidad":1,"serv_capa_reps":"Procedimientos","descrip_capa":"SALAS - Procedimientos"}},{"type":"Feature","id":"ads_ips_capacidad_reps.fid--215d4958_1a0d9e21907_41e2","geometry":{"type":"Point","coordinates":[-76.53206728,3.41564992]},"geometry_name":"the_geom","properties":{"consec":809,"gid":1121,"habili":"7600110206","sede":"01","cod_hab":760011020601,"nombre_ips":"LEONOR ANDREA LOPEZ GUTIERREZ","direccion":"CL 13 # 42B - 13","barrio":"El Guabal","id_com_cor":"10","comu_corre":"Comuna 10","natu_ips":"Privada","cla_ips":"Profesional Independiente","cod_capa_reps":25,"nom_capa_reps":"SALAS","cantidad":1,"serv_capa_reps":"Procedimientos","descrip_capa":"SALAS - Procedimientos"}},{"type":"Feature","id":"ads_ips_capacidad_reps.fid--215d4958_1a0d9e21907_41e3","geometry":{"type":"Point","coordinates":[-76.54253371,3.42323116]},"geometry_name":"the_geom","properties":{"consec":810,"gid":2071,"habili":"7600110207","sede":"01","cod_hab":760011020701,"nombre_ips":"ADRIANA LISETTE DAZA HERNANDEZ","direccion":"CL 5D # 38A - 35","barrio":"Eucaristico","id_com_cor":"19","comu_corre":"Comuna 19","natu_ips":"Privada","cla_ips":"Profesional Independiente","cod_capa_reps":25,"nom_capa_reps":"SALAS","cantidad":1,"serv_capa_reps":"Procedimientos","descrip_capa":"SALAS - Procedimientos"}},{"type":"Feature","id":"ads_ips_capacidad_reps.fid--215d4958_1a0d9e21907_41e4","geometry":{"type":"Point","coordinates":[-76.54678859,3.42706604]},"geometry_name":"the_geom","properties":{"consec":811,"gid":2880,"habili":"7600110218","sede":"01","cod_hab":760011021801,"nombre_ips":"Karen Tatiana Marin Ceballos","direccion":"KR 38A # 4B - 48","barrio":"Santa Isabel","id_com_cor":"19","comu_corre":"Comuna 19","natu_ips":"Privada","cla_ips":"Profesional Independiente","cod_capa_reps":25,"nom_capa_reps":"SALAS","cantidad":2,"serv_capa_reps":"Procedimientos","descrip_capa":"SALAS - Procedimientos"}},{"type":"Feature","id":"ads_ips_capacidad_reps.fid--215d4958_1a0d9e21907_41e5","geometry":{"type":"Point","coordinates":[-76.54832869,3.45236261]},"geometry_name":"the_geom","properties":{"consec":812,"gid":3718,"habili":"7600110265","sede":"01","cod_hab":760011026501,"nombre_ips":"FURINKAZAN OESTE","direccion":"CL 7 OESTE # 1A - 59","barrio":"Santa Teresita","id_com_cor":"02","comu_corre":"Comuna 02","natu_ips":"Privada","cla_ips":"Instituciones - IPS","cod_capa_reps":25,"nom_capa_reps":"SALAS","cantidad":1,"serv_capa_reps":"Procedimientos","descrip_capa":"SALAS - Procedimientos"}},{"type":"Feature","id":"ads_ips_capacidad_reps.fid--215d4958_1a0d9e21907_41e6","geometry":{"type":"Point","coordinates":[-76.52554333,3.37103817]},"geometry_name":"the_geom","properties":{"consec":813,"gid":131,"habili":"7600110265","sede":"02","cod_hab":760011026502,"nombre_ips":"FURINKAZAN JARDIN PLAZA","direccion":"KR 98 # 16 - 200","barrio":"Urbanización San Joaquin","id_com_cor":"17","comu_corre":"Comuna 17","natu_ips":"Privada","cla_ips":"Instituciones - IPS","cod_capa_reps":25,"nom_capa_reps":"SALAS","cantidad":1,"serv_capa_reps":"Procedimientos","descrip_capa":"SALAS - Procedimientos"}},{"type":"Feature","id":"ads_ips_capacidad_reps.fid--215d4958_1a0d9e21907_41e7","geometry":{"type":"Point","coordinates":[-76.54963019,3.40833692]},"geometry_name":"the_geom","properties":{"consec":814,"gid":635,"habili":"7600110275","sede":"01","cod_hab":760011027501,"nombre_ips":"REMY IPS CALI","direccion":"CL 3 # 57 - 03","barrio":"Cuarto de Legua - Guadalupe","id_com_cor":"19","comu_corre":"Comuna 19","natu_ips":"Privada","cla_ips":"Instituciones - IPS","cod_capa_reps":26,"nom_capa_reps":"CAMAS","cantidad":27,"serv_capa_reps":"Salud Mental","descrip_capa":"CAMAS - Salud Mental"}},{"type":"Feature","id":"ads_ips_capacidad_reps.fid--215d4958_1a0d9e21907_41e8","geometry":{"type":"Point","coordinates":[-76.53953201,3.41643568]},"geometry_name":"the_geom","properties":{"consec":817,"gid":1138,"habili":"7600110276","sede":"01","cod_hab":760011027601,"nombre_ips":"CLINICA ESENSA","direccion":"CR 44 # 9 - 58","barrio":"Urbanización Militar","id_com_cor":"19","comu_corre":"Comuna 19","natu_ips":"Privada","cla_ips":"Instituciones - IPS","cod_capa_reps":2,"nom_capa_reps":"CAMAS","cantidad":58,"serv_capa_reps":"Adultos","descrip_capa":"CAMAS - Adultos"}},{"type":"Feature","id":"ads_ips_capacidad_reps.fid--215d4958_1a0d9e21907_41e9","geometry":{"type":"Point","coordinates":[-76.53953201,3.41643568]},"geometry_name":"the_geom","properties":{"consec":818,"gid":1138,"habili":"7600110276","sede":"01","cod_hab":760011027601,"nombre_ips":"CLINICA ESENSA","direccion":"CR 44 # 9 - 58","barrio":"Urbanización Militar","id_com_cor":"19","comu_corre":"Comuna 19","natu_ips":"Privada","cla_ips":"Instituciones - IPS","cod_capa_reps":25,"nom_capa_reps":"SALAS","cantidad":2,"serv_capa_reps":"Procedimientos","descrip_capa":"SALAS - Procedimientos"}},{"type":"Feature","id":"ads_ips_capacidad_reps.fid--215d4958_1a0d9e21907_41ea","geometry":{"type":"Point","coordinates":[-76.50942425,3.46079656]},"geometry_name":"the_geom","properties":{"consec":819,"gid":4090,"habili":"7600110276","sede":"02","cod_hab":760011027602,"nombre_ips":"PRÓVIDA FARMACÉUTICA SAS - SEDE AMBULATORIA","direccion":"CA 40 # 5 - 64","barrio":"Las Delicias","id_com_cor":"04","comu_corre":"Comuna 04","natu_ips":"Privada","cla_ips":"Instituciones - IPS","cod_capa_reps":25,"nom_capa_reps":"SALAS","cantidad":1,"serv_capa_reps":"Procedimientos","descrip_capa":"SALAS - Procedimientos"}},{"type":"Feature","id":"ads_ips_capacidad_reps.fid--215d4958_1a0d9e21907_41eb","geometry":{"type":"Point","coordinates":[-76.53860627,3.43244516]},"geometry_name":"the_geom","properties":{"consec":820,"gid":3172,"habili":"7600110298","sede":"01","cod_hab":760011029801,"nombre_ips":"WILLIAMS VEGA FERNANDEZ","direccion":"KR 28 # 6 - 32","barrio":"El Cedro","id_com_cor":"19","comu_corre":"Comuna 19","natu_ips":"Privada","cla_ips":"Profesional Independiente","cod_capa_reps":25,"nom_capa_reps":"SALAS","cantidad":1,"serv_capa_reps":"Procedimientos","descrip_capa":"SALAS - Procedimientos"}},{"type":"Feature","id":"ads_ips_capacidad_reps.fid--215d4958_1a0d9e21907_41ec","geometry":{"type":"Point","coordinates":[-76.50797793,3.47242554]},"geometry_name":"the_geom","properties":{"consec":821,"gid":4518,"habili":"7600110304","sede":"01","cod_hab":760011030401,"nombre_ips":"VIRREY SOLIS IPS S. A MANZANARES","direccion":"KR 1 # 46A - 87","barrio":"La Alianza","id_com_cor":"04","comu_corre":"Comuna 04","natu_ips":"Privada","cla_ips":"Instituciones - IPS","cod_capa_reps":25,"nom_capa_reps":"SALAS","cantidad":1,"serv_capa_reps":"Procedimientos","descrip_capa":"SALAS - Procedimientos"}},{"type":"Feature","id":"ads_ips_capacidad_reps.fid--215d4958_1a0d9e21907_41ed","geometry":{"type":"Point","coordinates":[-76.48179636,3.4428981]},"geometry_name":"the_geom","properties":{"consec":822,"gid":3433,"habili":"7600110304","sede":"05","cod_hab":760011030405,"nombre_ips":"VIRREY SOLIS IPS S.A. ORIENTE","direccion":"CL 75B # 20 - 170","barrio":"Planta de Tratamiento","id_com_cor":"21","comu_corre":"Comuna 21","natu_ips":"Privada","cla_ips":"Instituciones - IPS","cod_capa_reps":25,"nom_capa_reps":"SALAS","cantidad":1,"serv_capa_reps":"Procedimientos","descrip_capa":"SALAS - Procedimientos"}},{"type":"Feature","id":"ads_ips_capacidad_reps.fid--215d4958_1a0d9e21907_41ee","geometry":{"type":"Point","coordinates":[-76.5289197,3.43540615]},"geometry_name":"the_geom","properties":{"consec":823,"gid":3297,"habili":"7600110305","sede":"01","cod_hab":760011030501,"nombre_ips":"VIVIANA ANDREA SALCEDO MUÑOZ","direccion":"CL 12A # 23 BIS - 04","barrio":"Junín","id_com_cor":"09","comu_corre":"Comuna 09","natu_ips":"Privada","cla_ips":"Profesional Independiente","cod_capa_reps":25,"nom_capa_reps":"SALAS","cantidad":1,"serv_capa_reps":"Procedimientos","descrip_capa":"SALAS - Procedimientos"}},{"type":"Feature","id":"ads_ips_capacidad_reps.fid--215d4958_1a0d9e21907_41ef","geometry":{"type":"Point","coordinates":[-76.53535339,3.43253076]},"geometry_name":"the_geom","properties":{"consec":824,"gid":3173,"habili":"7600110326","sede":"01","cod_hab":760011032601,"nombre_ips":"IPS VITAL NATURAL","direccion":"CL 9 # 27 - 37","barrio":"Champagnat","id_com_cor":"19","comu_corre":"Comuna 19","natu_ips":"Privada","cla_ips":"Instituciones - IPS","cod_capa_reps":25,"nom_capa_reps":"SALAS","cantidad":1,"serv_capa_reps":"Procedimientos","descrip_capa":"SALAS - Procedimientos"}},{"type":"Feature","id":"ads_ips_capacidad_reps.fid--215d4958_1a0d9e21907_41f0","geometry":{"type":"Point","coordinates":[-76.52478347,3.46820665]},"geometry_name":"the_geom","properties":{"consec":828,"gid":4439,"habili":"7600110360","sede":"01","cod_hab":760011036001,"nombre_ips":"CLINICA NUEVA RAFAEL URIBE URIBE SAS","direccion":"CL 25 NORTE # 2B NORTE - 17","barrio":"San Vicente","id_com_cor":"02","comu_corre":"Comuna 02","natu_ips":"Privada","cla_ips":"Instituciones - IPS","cod_capa_reps":2,"nom_capa_reps":"CAMAS","cantidad":115,"serv_capa_reps":"Adultos","descrip_capa":"CAMAS - Adultos"}},{"type":"Feature","id":"ads_ips_capacidad_reps.fid--215d4958_1a0d9e21907_41f1","geometry":{"type":"Point","coordinates":[-76.52478347,3.46820665]},"geometry_name":"the_geom","properties":{"consec":826,"gid":4439,"habili":"7600110360","sede":"01","cod_hab":760011036001,"nombre_ips":"CLINICA NUEVA RAFAEL URIBE URIBE SAS","direccion":"CL 25 NORTE # 2B NORTE - 17","barrio":"San Vicente","id_com_cor":"02","comu_corre":"Comuna 02","natu_ips":"Privada","cla_ips":"Instituciones - IPS","cod_capa_reps":15,"nom_capa_reps":"AMBULANCIAS","cantidad":1,"serv_capa_reps":"Básica","descrip_capa":"AMBULANCIAS - Básica"}},{"type":"Feature","id":"ads_ips_capacidad_reps.fid--215d4958_1a0d9e21907_41f2","geometry":{"type":"Point","coordinates":[-76.52478347,3.46820665]},"geometry_name":"the_geom","properties":{"consec":825,"gid":4439,"habili":"7600110360","sede":"01","cod_hab":760011036001,"nombre_ips":"CLINICA NUEVA RAFAEL URIBE URIBE SAS","direccion":"CL 25 NORTE # 2B NORTE - 17","barrio":"San Vicente","id_com_cor":"02","comu_corre":"Comuna 02","natu_ips":"Privada","cla_ips":"Instituciones - IPS","cod_capa_reps":15,"nom_capa_reps":"AMBULANCIAS","cantidad":1,"serv_capa_reps":"Básica","descrip_capa":"AMBULANCIAS - Básica"}},{"type":"Feature","id":"ads_ips_capacidad_reps.fid--215d4958_1a0d9e21907_41f3","geometry":{"type":"Point","coordinates":[-76.52478347,3.46820665]},"geometry_name":"the_geom","properties":{"consec":827,"gid":4439,"habili":"7600110360","sede":"01","cod_hab":760011036001,"nombre_ips":"CLINICA NUEVA RAFAEL URIBE URIBE SAS","direccion":"CL 25 NORTE # 2B NORTE - 17","barrio":"San Vicente","id_com_cor":"02","comu_corre":"Comuna 02","natu_ips":"Privada","cla_ips":"Instituciones - IPS","cod_capa_reps":16,"nom_capa_reps":"AMBULANCIAS","cantidad":1,"serv_capa_reps":"Medicalizada","descrip_capa":"AMBULANCIAS - Medicalizada"}},{"type":"Feature","id":"ads_ips_capacidad_reps.fid--215d4958_1a0d9e21907_41f4","geometry":{"type":"Point","coordinates":[-76.52478347,3.46820665]},"geometry_name":"the_geom","properties":{"consec":829,"gid":4439,"habili":"7600110360","sede":"01","cod_hab":760011036001,"nombre_ips":"CLINICA NUEVA RAFAEL URIBE URIBE SAS","direccion":"CL 25 NORTE # 2B NORTE - 17","barrio":"San Vicente","id_com_cor":"02","comu_corre":"Comuna 02","natu_ips":"Privada","cla_ips":"Instituciones - IPS","cod_capa_reps":25,"nom_capa_reps":"SALAS","cantidad":3,"serv_capa_reps":"Procedimientos","descrip_capa":"SALAS - Procedimientos"}},{"type":"Feature","id":"ads_ips_capacidad_reps.fid--215d4958_1a0d9e21907_41f5","geometry":{"type":"Point","coordinates":[-76.52843298,3.46222557]},"geometry_name":"the_geom","properties":{"consec":830,"gid":4151,"habili":"7600110386","sede":"03","cod_hab":760011038603,"nombre_ips":"Clinica Castellana","direccion":"AV 5 # 21 - 89","barrio":"Versalles","id_com_cor":"02","comu_corre":"Comuna 02","natu_ips":"Privada","cla_ips":"Instituciones - IPS","cod_capa_reps":25,"nom_capa_reps":"SALAS","cantidad":2,"serv_capa_reps":"Procedimientos","descrip_capa":"SALAS - Procedimientos"}},{"type":"Feature","id":"ads_ips_capacidad_reps.fid--215d4958_1a0d9e21907_41f6","geometry":{"type":"Point","coordinates":[-76.54213318,3.39760365]},"geometry_name":"the_geom","properties":{"consec":832,"gid":461,"habili":"7600110446","sede":"01","cod_hab":760011044601,"nombre_ips":"Paula Andrea Rojo Aguirre","direccion":"KR 66A # 10 - 75","barrio":"El Gran Limonar - Cataya","id_com_cor":"17","comu_corre":"Comuna 17","natu_ips":"Privada","cla_ips":"Profesional Independiente","cod_capa_reps":25,"nom_capa_reps":"SALAS","cantidad":1,"serv_capa_reps":"Procedimientos","descrip_capa":"SALAS - Procedimientos"}},{"type":"Feature","id":"ads_ips_capacidad_reps.fid--215d4958_1a0d9e21907_41f7","geometry":{"type":"Point","coordinates":[-76.54618952,3.41980753]},"geometry_name":"the_geom","properties":{"consec":833,"gid":1390,"habili":"7600110457","sede":"01","cod_hab":760011045701,"nombre_ips":"UNIDAD DE SERVICIO INMEDIATO USI","direccion":"KR 43A # 5B - 17","barrio":"Urbanización Tequendama","id_com_cor":"19","comu_corre":"Comuna 19","natu_ips":"Privada","cla_ips":"Transporte Especial de Pacientes","cod_capa_reps":15,"nom_capa_reps":"AMBULANCIAS","cantidad":1,"serv_capa_reps":"Básica","descrip_capa":"AMBULANCIAS - Básica"}},{"type":"Feature","id":"ads_ips_capacidad_reps.fid--215d4958_1a0d9e21907_41f8","geometry":{"type":"Point","coordinates":[-76.54542767,3.42793052]},"geometry_name":"the_geom","properties":{"consec":834,"gid":2934,"habili":"7600110459","sede":"01","cod_hab":760011045901,"nombre_ips":"CLINICA VALLE SALUD SAN FERNANDO S.A.S","direccion":"CL 5 # 38 - 48","barrio":"Santa Isabel","id_com_cor":"19","comu_corre":"Comuna 19","natu_ips":"Privada","cla_ips":"Instituciones - IPS","cod_capa_reps":2,"nom_capa_reps":"CAMAS","cantidad":30,"serv_capa_reps":"Adultos","descrip_capa":"CAMAS - Adultos"}},{"type":"Feature","id":"ads_ips_capacidad_reps.fid--215d4958_1a0d9e21907_41f9","geometry":{"type":"Point","coordinates":[-76.53758525,3.4076601]},"geometry_name":"the_geom","properties":{"consec":837,"gid":630,"habili":"7600110463","sede":"01","cod_hab":760011046301,"nombre_ips":"ATENCION MEDICA & PREHOSPITALARIA DEL VALLE SAS","direccion":"CL 11A # 53 - 21","barrio":"Santa Anita - La Selva","id_com_cor":"17","comu_corre":"Comuna 17","natu_ips":"Privada","cla_ips":"Transporte Especial de Pacientes","cod_capa_reps":15,"nom_capa_reps":"AMBULANCIAS","cantidad":1,"serv_capa_reps":"Básica","descrip_capa":"AMBULANCIAS - Básica"}},{"type":"Feature","id":"ads_ips_capacidad_reps.fid--215d4958_1a0d9e21907_41fa","geometry":{"type":"Point","coordinates":[-76.53758525,3.4076601]},"geometry_name":"the_geom","properties":{"consec":841,"gid":630,"habili":"7600110463","sede":"01","cod_hab":760011046301,"nombre_ips":"ATENCION MEDICA & PREHOSPITALARIA DEL VALLE SAS","direccion":"CL 11A # 53 - 21","barrio":"Santa Anita - La Selva","id_com_cor":"17","comu_corre":"Comuna 17","natu_ips":"Privada","cla_ips":"Transporte Especial de Pacientes","cod_capa_reps":15,"nom_capa_reps":"AMBULANCIAS","cantidad":1,"serv_capa_reps":"Básica","descrip_capa":"AMBULANCIAS - Básica"}},{"type":"Feature","id":"ads_ips_capacidad_reps.fid--215d4958_1a0d9e21907_41fb","geometry":{"type":"Point","coordinates":[-76.53758525,3.4076601]},"geometry_name":"the_geom","properties":{"consec":845,"gid":630,"habili":"7600110463","sede":"01","cod_hab":760011046301,"nombre_ips":"ATENCION MEDICA & PREHOSPITALARIA DEL VALLE SAS","direccion":"CL 11A # 53 - 21","barrio":"Santa Anita - La Selva","id_com_cor":"17","comu_corre":"Comuna 17","natu_ips":"Privada","cla_ips":"Transporte Especial de Pacientes","cod_capa_reps":15,"nom_capa_reps":"AMBULANCIAS","cantidad":1,"serv_capa_reps":"Básica","descrip_capa":"AMBULANCIAS - Básica"}},{"type":"Feature","id":"ads_ips_capacidad_reps.fid--215d4958_1a0d9e21907_41fc","geometry":{"type":"Point","coordinates":[-76.53758525,3.4076601]},"geometry_name":"the_geom","properties":{"consec":838,"gid":630,"habili":"7600110463","sede":"01","cod_hab":760011046301,"nombre_ips":"ATENCION MEDICA & PREHOSPITALARIA DEL VALLE SAS","direccion":"CL 11A # 53 - 21","barrio":"Santa Anita - La Selva","id_com_cor":"17","comu_corre":"Comuna 17","natu_ips":"Privada","cla_ips":"Transporte Especial de Pacientes","cod_capa_reps":15,"nom_capa_reps":"AMBULANCIAS","cantidad":1,"serv_capa_reps":"Básica","descrip_capa":"AMBULANCIAS - Básica"}},{"type":"Feature","id":"ads_ips_capacidad_reps.fid--215d4958_1a0d9e21907_41fd","geometry":{"type":"Point","coordinates":[-76.53758525,3.4076601]},"geometry_name":"the_geom","properties":{"consec":840,"gid":630,"habili":"7600110463","sede":"01","cod_hab":760011046301,"nombre_ips":"ATENCION MEDICA & PREHOSPITALARIA DEL VALLE SAS","direccion":"CL 11A # 53 - 21","barrio":"Santa Anita - La Selva","id_com_cor":"17","comu_corre":"Comuna 17","natu_ips":"Privada","cla_ips":"Transporte Especial de Pacientes","cod_capa_reps":15,"nom_capa_reps":"AMBULANCIAS","cantidad":1,"serv_capa_reps":"Básica","descrip_capa":"AMBULANCIAS - Básica"}},{"type":"Feature","id":"ads_ips_capacidad_reps.fid--215d4958_1a0d9e21907_41fe","geometry":{"type":"Point","coordinates":[-76.53758525,3.4076601]},"geometry_name":"the_geom","properties":{"consec":839,"gid":630,"habili":"7600110463","sede":"01","cod_hab":760011046301,"nombre_ips":"ATENCION MEDICA & PREHOSPITALARIA DEL VALLE SAS","direccion":"CL 11A # 53 - 21","barrio":"Santa Anita - La Selva","id_com_cor":"17","comu_corre":"Comuna 17","natu_ips":"Privada","cla_ips":"Transporte Especial de Pacientes","cod_capa_reps":15,"nom_capa_reps":"AMBULANCIAS","cantidad":1,"serv_capa_reps":"Básica","descrip_capa":"AMBULANCIAS - Básica"}},{"type":"Feature","id":"ads_ips_capacidad_reps.fid--215d4958_1a0d9e21907_41ff","geometry":{"type":"Point","coordinates":[-76.53758525,3.4076601]},"geometry_name":"the_geom","properties":{"consec":844,"gid":630,"habili":"7600110463","sede":"01","cod_hab":760011046301,"nombre_ips":"ATENCION MEDICA & PREHOSPITALARIA DEL VALLE SAS","direccion":"CL 11A # 53 - 21","barrio":"Santa Anita - La Selva","id_com_cor":"17","comu_corre":"Comuna 17","natu_ips":"Privada","cla_ips":"Transporte Especial de Pacientes","cod_capa_reps":15,"nom_capa_reps":"AMBULANCIAS","cantidad":1,"serv_capa_reps":"Básica","descrip_capa":"AMBULANCIAS - Básica"}},{"type":"Feature","id":"ads_ips_capacidad_reps.fid--215d4958_1a0d9e21907_4200","geometry":{"type":"Point","coordinates":[-76.53758525,3.4076601]},"geometry_name":"the_geom","properties":{"consec":835,"gid":630,"habili":"7600110463","sede":"01","cod_hab":760011046301,"nombre_ips":"ATENCION MEDICA & PREHOSPITALARIA DEL VALLE SAS","direccion":"CL 11A # 53 - 21","barrio":"Santa Anita - La Selva","id_com_cor":"17","comu_corre":"Comuna 17","natu_ips":"Privada","cla_ips":"Transporte Especial de Pacientes","cod_capa_reps":15,"nom_capa_reps":"AMBULANCIAS","cantidad":1,"serv_capa_reps":"Básica","descrip_capa":"AMBULANCIAS - Básica"}},{"type":"Feature","id":"ads_ips_capacidad_reps.fid--215d4958_1a0d9e21907_4201","geometry":{"type":"Point","coordinates":[-76.53758525,3.4076601]},"geometry_name":"the_geom","properties":{"consec":843,"gid":630,"habili":"7600110463","sede":"01","cod_hab":760011046301,"nombre_ips":"ATENCION MEDICA & PREHOSPITALARIA DEL VALLE SAS","direccion":"CL 11A # 53 - 21","barrio":"Santa Anita - La Selva","id_com_cor":"17","comu_corre":"Comuna 17","natu_ips":"Privada","cla_ips":"Transporte Especial de Pacientes","cod_capa_reps":15,"nom_capa_reps":"AMBULANCIAS","cantidad":1,"serv_capa_reps":"Básica","descrip_capa":"AMBULANCIAS - Básica"}},{"type":"Feature","id":"ads_ips_capacidad_reps.fid--215d4958_1a0d9e21907_4202","geometry":{"type":"Point","coordinates":[-76.53758525,3.4076601]},"geometry_name":"the_geom","properties":{"consec":842,"gid":630,"habili":"7600110463","sede":"01","cod_hab":760011046301,"nombre_ips":"ATENCION MEDICA & PREHOSPITALARIA DEL VALLE SAS","direccion":"CL 11A # 53 - 21","barrio":"Santa Anita - La Selva","id_com_cor":"17","comu_corre":"Comuna 17","natu_ips":"Privada","cla_ips":"Transporte Especial de Pacientes","cod_capa_reps":15,"nom_capa_reps":"AMBULANCIAS","cantidad":1,"serv_capa_reps":"Básica","descrip_capa":"AMBULANCIAS - Básica"}},{"type":"Feature","id":"ads_ips_capacidad_reps.fid--215d4958_1a0d9e21907_4203","geometry":{"type":"Point","coordinates":[-76.53758525,3.4076601]},"geometry_name":"the_geom","properties":{"consec":836,"gid":630,"habili":"7600110463","sede":"01","cod_hab":760011046301,"nombre_ips":"ATENCION MEDICA & PREHOSPITALARIA DEL VALLE SAS","direccion":"CL 11A # 53 - 21","barrio":"Santa Anita - La Selva","id_com_cor":"17","comu_corre":"Comuna 17","natu_ips":"Privada","cla_ips":"Transporte Especial de Pacientes","cod_capa_reps":15,"nom_capa_reps":"AMBULANCIAS","cantidad":1,"serv_capa_reps":"Básica","descrip_capa":"AMBULANCIAS - Básica"}},{"type":"Feature","id":"ads_ips_capacidad_reps.fid--215d4958_1a0d9e21907_4204","geometry":{"type":"Point","coordinates":[-76.52088302,3.43621071]},"geometry_name":"the_geom","properties":{"consec":849,"gid":3323,"habili":"7600110464","sede":"01","cod_hab":760011046401,"nombre_ips":"AMBULANCIAS J1","direccion":"CL 19B # 22 - 13","barrio":"Santa Mónica Belalcázar","id_com_cor":"09","comu_corre":"Comuna 09","natu_ips":"Privada","cla_ips":"Transporte Especial de Pacientes","cod_capa_reps":15,"nom_capa_reps":"AMBULANCIAS","cantidad":1,"serv_capa_reps":"Básica","descrip_capa":"AMBULANCIAS - Básica"}},{"type":"Feature","id":"ads_ips_capacidad_reps.fid--215d4958_1a0d9e21907_4205","geometry":{"type":"Point","coordinates":[-76.52088302,3.43621071]},"geometry_name":"the_geom","properties":{"consec":862,"gid":3323,"habili":"7600110464","sede":"01","cod_hab":760011046401,"nombre_ips":"AMBULANCIAS J1","direccion":"CL 19B # 22 - 13","barrio":"Santa Mónica Belalcázar","id_com_cor":"09","comu_corre":"Comuna 09","natu_ips":"Privada","cla_ips":"Transporte Especial de Pacientes","cod_capa_reps":15,"nom_capa_reps":"AMBULANCIAS","cantidad":1,"serv_capa_reps":"Básica","descrip_capa":"AMBULANCIAS - Básica"}},{"type":"Feature","id":"ads_ips_capacidad_reps.fid--215d4958_1a0d9e21907_4206","geometry":{"type":"Point","coordinates":[-76.52088302,3.43621071]},"geometry_name":"the_geom","properties":{"consec":861,"gid":3323,"habili":"7600110464","sede":"01","cod_hab":760011046401,"nombre_ips":"AMBULANCIAS J1","direccion":"CL 19B # 22 - 13","barrio":"Santa Mónica Belalcázar","id_com_cor":"09","comu_corre":"Comuna 09","natu_ips":"Privada","cla_ips":"Transporte Especial de Pacientes","cod_capa_reps":15,"nom_capa_reps":"AMBULANCIAS","cantidad":1,"serv_capa_reps":"Básica","descrip_capa":"AMBULANCIAS - Básica"}},{"type":"Feature","id":"ads_ips_capacidad_reps.fid--215d4958_1a0d9e21907_4207","geometry":{"type":"Point","coordinates":[-76.52088302,3.43621071]},"geometry_name":"the_geom","properties":{"consec":860,"gid":3323,"habili":"7600110464","sede":"01","cod_hab":760011046401,"nombre_ips":"AMBULANCIAS J1","direccion":"CL 19B # 22 - 13","barrio":"Santa Mónica Belalcázar","id_com_cor":"09","comu_corre":"Comuna 09","natu_ips":"Privada","cla_ips":"Transporte Especial de Pacientes","cod_capa_reps":15,"nom_capa_reps":"AMBULANCIAS","cantidad":1,"serv_capa_reps":"Básica","descrip_capa":"AMBULANCIAS - Básica"}},{"type":"Feature","id":"ads_ips_capacidad_reps.fid--215d4958_1a0d9e21907_4208","geometry":{"type":"Point","coordinates":[-76.52088302,3.43621071]},"geometry_name":"the_geom","properties":{"consec":859,"gid":3323,"habili":"7600110464","sede":"01","cod_hab":760011046401,"nombre_ips":"AMBULANCIAS J1","direccion":"CL 19B # 22 - 13","barrio":"Santa Mónica Belalcázar","id_com_cor":"09","comu_corre":"Comuna 09","natu_ips":"Privada","cla_ips":"Transporte Especial de Pacientes","cod_capa_reps":15,"nom_capa_reps":"AMBULANCIAS","cantidad":1,"serv_capa_reps":"Básica","descrip_capa":"AMBULANCIAS - Básica"}},{"type":"Feature","id":"ads_ips_capacidad_reps.fid--215d4958_1a0d9e21907_4209","geometry":{"type":"Point","coordinates":[-76.52088302,3.43621071]},"geometry_name":"the_geom","properties":{"consec":858,"gid":3323,"habili":"7600110464","sede":"01","cod_hab":760011046401,"nombre_ips":"AMBULANCIAS J1","direccion":"CL 19B # 22 - 13","barrio":"Santa Mónica Belalcázar","id_com_cor":"09","comu_corre":"Comuna 09","natu_ips":"Privada","cla_ips":"Transporte Especial de Pacientes","cod_capa_reps":15,"nom_capa_reps":"AMBULANCIAS","cantidad":1,"serv_capa_reps":"Básica","descrip_capa":"AMBULANCIAS - Básica"}},{"type":"Feature","id":"ads_ips_capacidad_reps.fid--215d4958_1a0d9e21907_420a","geometry":{"type":"Point","coordinates":[-76.52088302,3.43621071]},"geometry_name":"the_geom","properties":{"consec":857,"gid":3323,"habili":"7600110464","sede":"01","cod_hab":760011046401,"nombre_ips":"AMBULANCIAS J1","direccion":"CL 19B # 22 - 13","barrio":"Santa Mónica Belalcázar","id_com_cor":"09","comu_corre":"Comuna 09","natu_ips":"Privada","cla_ips":"Transporte Especial de Pacientes","cod_capa_reps":15,"nom_capa_reps":"AMBULANCIAS","cantidad":1,"serv_capa_reps":"Básica","descrip_capa":"AMBULANCIAS - Básica"}},{"type":"Feature","id":"ads_ips_capacidad_reps.fid--215d4958_1a0d9e21907_420b","geometry":{"type":"Point","coordinates":[-76.52088302,3.43621071]},"geometry_name":"the_geom","properties":{"consec":856,"gid":3323,"habili":"7600110464","sede":"01","cod_hab":760011046401,"nombre_ips":"AMBULANCIAS J1","direccion":"CL 19B # 22 - 13","barrio":"Santa Mónica Belalcázar","id_com_cor":"09","comu_corre":"Comuna 09","natu_ips":"Privada","cla_ips":"Transporte Especial de Pacientes","cod_capa_reps":15,"nom_capa_reps":"AMBULANCIAS","cantidad":1,"serv_capa_reps":"Básica","descrip_capa":"AMBULANCIAS - Básica"}},{"type":"Feature","id":"ads_ips_capacidad_reps.fid--215d4958_1a0d9e21907_420c","geometry":{"type":"Point","coordinates":[-76.52088302,3.43621071]},"geometry_name":"the_geom","properties":{"consec":855,"gid":3323,"habili":"7600110464","sede":"01","cod_hab":760011046401,"nombre_ips":"AMBULANCIAS J1","direccion":"CL 19B # 22 - 13","barrio":"Santa Mónica Belalcázar","id_com_cor":"09","comu_corre":"Comuna 09","natu_ips":"Privada","cla_ips":"Transporte Especial de Pacientes","cod_capa_reps":15,"nom_capa_reps":"AMBULANCIAS","cantidad":1,"serv_capa_reps":"Básica","descrip_capa":"AMBULANCIAS - Básica"}},{"type":"Feature","id":"ads_ips_capacidad_reps.fid--215d4958_1a0d9e21907_420d","geometry":{"type":"Point","coordinates":[-76.52088302,3.43621071]},"geometry_name":"the_geom","properties":{"consec":854,"gid":3323,"habili":"7600110464","sede":"01","cod_hab":760011046401,"nombre_ips":"AMBULANCIAS J1","direccion":"CL 19B # 22 - 13","barrio":"Santa Mónica Belalcázar","id_com_cor":"09","comu_corre":"Comuna 09","natu_ips":"Privada","cla_ips":"Transporte Especial de Pacientes","cod_capa_reps":15,"nom_capa_reps":"AMBULANCIAS","cantidad":1,"serv_capa_reps":"Básica","descrip_capa":"AMBULANCIAS - Básica"}},{"type":"Feature","id":"ads_ips_capacidad_reps.fid--215d4958_1a0d9e21907_420e","geometry":{"type":"Point","coordinates":[-76.52088302,3.43621071]},"geometry_name":"the_geom","properties":{"consec":853,"gid":3323,"habili":"7600110464","sede":"01","cod_hab":760011046401,"nombre_ips":"AMBULANCIAS J1","direccion":"CL 19B # 22 - 13","barrio":"Santa Mónica Belalcázar","id_com_cor":"09","comu_corre":"Comuna 09","natu_ips":"Privada","cla_ips":"Transporte Especial de Pacientes","cod_capa_reps":15,"nom_capa_reps":"AMBULANCIAS","cantidad":1,"serv_capa_reps":"Básica","descrip_capa":"AMBULANCIAS - Básica"}},{"type":"Feature","id":"ads_ips_capacidad_reps.fid--215d4958_1a0d9e21907_420f","geometry":{"type":"Point","coordinates":[-76.52088302,3.43621071]},"geometry_name":"the_geom","properties":{"consec":852,"gid":3323,"habili":"7600110464","sede":"01","cod_hab":760011046401,"nombre_ips":"AMBULANCIAS J1","direccion":"CL 19B # 22 - 13","barrio":"Santa Mónica Belalcázar","id_com_cor":"09","comu_corre":"Comuna 09","natu_ips":"Privada","cla_ips":"Transporte Especial de Pacientes","cod_capa_reps":15,"nom_capa_reps":"AMBULANCIAS","cantidad":1,"serv_capa_reps":"Básica","descrip_capa":"AMBULANCIAS - Básica"}},{"type":"Feature","id":"ads_ips_capacidad_reps.fid--215d4958_1a0d9e21907_4210","geometry":{"type":"Point","coordinates":[-76.52088302,3.43621071]},"geometry_name":"the_geom","properties":{"consec":851,"gid":3323,"habili":"7600110464","sede":"01","cod_hab":760011046401,"nombre_ips":"AMBULANCIAS J1","direccion":"CL 19B # 22 - 13","barrio":"Santa Mónica Belalcázar","id_com_cor":"09","comu_corre":"Comuna 09","natu_ips":"Privada","cla_ips":"Transporte Especial de Pacientes","cod_capa_reps":15,"nom_capa_reps":"AMBULANCIAS","cantidad":1,"serv_capa_reps":"Básica","descrip_capa":"AMBULANCIAS - Básica"}},{"type":"Feature","id":"ads_ips_capacidad_reps.fid--215d4958_1a0d9e21907_4211","geometry":{"type":"Point","coordinates":[-76.52088302,3.43621071]},"geometry_name":"the_geom","properties":{"consec":850,"gid":3323,"habili":"7600110464","sede":"01","cod_hab":760011046401,"nombre_ips":"AMBULANCIAS J1","direccion":"CL 19B # 22 - 13","barrio":"Santa Mónica Belalcázar","id_com_cor":"09","comu_corre":"Comuna 09","natu_ips":"Privada","cla_ips":"Transporte Especial de Pacientes","cod_capa_reps":15,"nom_capa_reps":"AMBULANCIAS","cantidad":1,"serv_capa_reps":"Básica","descrip_capa":"AMBULANCIAS - Básica"}},{"type":"Feature","id":"ads_ips_capacidad_reps.fid--215d4958_1a0d9e21907_4212","geometry":{"type":"Point","coordinates":[-76.52088302,3.43621071]},"geometry_name":"the_geom","properties":{"consec":848,"gid":3323,"habili":"7600110464","sede":"01","cod_hab":760011046401,"nombre_ips":"AMBULANCIAS J1","direccion":"CL 19B # 22 - 13","barrio":"Santa Mónica Belalcázar","id_com_cor":"09","comu_corre":"Comuna 09","natu_ips":"Privada","cla_ips":"Transporte Especial de Pacientes","cod_capa_reps":15,"nom_capa_reps":"AMBULANCIAS","cantidad":1,"serv_capa_reps":"Básica","descrip_capa":"AMBULANCIAS - Básica"}},{"type":"Feature","id":"ads_ips_capacidad_reps.fid--215d4958_1a0d9e21907_4213","geometry":{"type":"Point","coordinates":[-76.52088302,3.43621071]},"geometry_name":"the_geom","properties":{"consec":847,"gid":3323,"habili":"7600110464","sede":"01","cod_hab":760011046401,"nombre_ips":"AMBULANCIAS J1","direccion":"CL 19B # 22 - 13","barrio":"Santa Mónica Belalcázar","id_com_cor":"09","comu_corre":"Comuna 09","natu_ips":"Privada","cla_ips":"Transporte Especial de Pacientes","cod_capa_reps":15,"nom_capa_reps":"AMBULANCIAS","cantidad":1,"serv_capa_reps":"Básica","descrip_capa":"AMBULANCIAS - Básica"}},{"type":"Feature","id":"ads_ips_capacidad_reps.fid--215d4958_1a0d9e21907_4214","geometry":{"type":"Point","coordinates":[-76.52088302,3.43621071]},"geometry_name":"the_geom","properties":{"consec":846,"gid":3323,"habili":"7600110464","sede":"01","cod_hab":760011046401,"nombre_ips":"AMBULANCIAS J1","direccion":"CL 19B # 22 - 13","barrio":"Santa Mónica Belalcázar","id_com_cor":"09","comu_corre":"Comuna 09","natu_ips":"Privada","cla_ips":"Transporte Especial de Pacientes","cod_capa_reps":15,"nom_capa_reps":"AMBULANCIAS","cantidad":1,"serv_capa_reps":"Básica","descrip_capa":"AMBULANCIAS - Básica"}},{"type":"Feature","id":"ads_ips_capacidad_reps.fid--215d4958_1a0d9e21907_4215","geometry":{"type":"Point","coordinates":[-76.53145957,3.45257743]},"geometry_name":"the_geom","properties":{"consec":863,"gid":3729,"habili":"7600110468","sede":"01","cod_hab":760011046801,"nombre_ips":"ORTHOMANIA CALI CENTRO","direccion":"CL 13 # 4 - 52","barrio":"San Pedro","id_com_cor":"03","comu_corre":"Comuna 03","natu_ips":"Privada","cla_ips":"Instituciones - IPS","cod_capa_reps":25,"nom_capa_reps":"SALAS","cantidad":1,"serv_capa_reps":"Procedimientos","descrip_capa":"SALAS - Procedimientos"}},{"type":"Feature","id":"ads_ips_capacidad_reps.fid--215d4958_1a0d9e21907_4216","geometry":{"type":"Point","coordinates":[-76.54253371,3.42323116]},"geometry_name":"the_geom","properties":{"consec":864,"gid":2087,"habili":"7600110474","sede":"01","cod_hab":760011047401,"nombre_ips":"andres felipe carvajal sepulveda","direccion":"CL 5D # 38A - 35","barrio":"Eucaristico","id_com_cor":"19","comu_corre":"Comuna 19","natu_ips":"Privada","cla_ips":"Profesional Independiente","cod_capa_reps":25,"nom_capa_reps":"SALAS","cantidad":1,"serv_capa_reps":"Procedimientos","descrip_capa":"SALAS - Procedimientos"}},{"type":"Feature","id":"ads_ips_capacidad_reps.fid--215d4958_1a0d9e21907_4217","geometry":{"type":"Point","coordinates":[-76.5467784,3.42112792]},"geometry_name":"the_geom","properties":{"consec":865,"gid":1564,"habili":"7600110485","sede":"01","cod_hab":760011048501,"nombre_ips":"Martha Isabel Arcila Valencia","direccion":"KR 42A # 5A - 36","barrio":"Urbanización Tequendama","id_com_cor":"19","comu_corre":"Comuna 19","natu_ips":"Privada","cla_ips":"Profesional Independiente","cod_capa_reps":25,"nom_capa_reps":"SALAS","cantidad":1,"serv_capa_reps":"Procedimientos","descrip_capa":"SALAS - Procedimientos"}},{"type":"Feature","id":"ads_ips_capacidad_reps.fid--215d4958_1a0d9e21907_4218","geometry":{"type":"Point","coordinates":[-76.53987842,3.41644774]},"geometry_name":"the_geom","properties":{"consec":866,"gid":1140,"habili":"7600110506","sede":"01","cod_hab":760011050601,"nombre_ips":"UNIDAD MEDICA QUIRURGICA SALUD CALI","direccion":"CL 9 # 44 - 105","barrio":"Urbanización Militar","id_com_cor":"19","comu_corre":"Comuna 19","natu_ips":"Privada","cla_ips":"Instituciones - IPS","cod_capa_reps":25,"nom_capa_reps":"SALAS","cantidad":1,"serv_capa_reps":"Procedimientos","descrip_capa":"SALAS - Procedimientos"}},{"type":"Feature","id":"ads_ips_capacidad_reps.fid--215d4958_1a0d9e21907_4219","geometry":{"type":"Point","coordinates":[-76.52878615,3.46505186]},"geometry_name":"the_geom","properties":{"consec":867,"gid":4343,"habili":"7600110555","sede":"01","cod_hab":760011055501,"nombre_ips":"I.P.S.CINES CENTRO INTERNACIONAL DE ESPECIALISTAS Y CIA LTDA","direccion":"CL 23D NORTE # 5B - 119","barrio":"San Vicente","id_com_cor":"02","comu_corre":"Comuna 02","natu_ips":"Privada","cla_ips":"Instituciones - IPS","cod_capa_reps":25,"nom_capa_reps":"SALAS","cantidad":3,"serv_capa_reps":"Procedimientos","descrip_capa":"SALAS - Procedimientos"}},{"type":"Feature","id":"ads_ips_capacidad_reps.fid--215d4958_1a0d9e21907_421a","geometry":{"type":"Point","coordinates":[-76.54732298,3.42191865]},"geometry_name":"the_geom","properties":{"consec":868,"gid":1687,"habili":"7600110564","sede":"01","cod_hab":760011056401,"nombre_ips":"ANA SOFIA GALLEGO CORTES","direccion":"CL 5 # 42 - 35","barrio":"Urbanización Tequendama","id_com_cor":"19","comu_corre":"Comuna 19","natu_ips":"Privada","cla_ips":"Profesional Independiente","cod_capa_reps":25,"nom_capa_reps":"SALAS","cantidad":1,"serv_capa_reps":"Procedimientos","descrip_capa":"SALAS - Procedimientos"}},{"type":"Feature","id":"ads_ips_capacidad_reps.fid--215d4958_1a0d9e21907_421b","geometry":{"type":"Point","coordinates":[-76.53254561,3.38435961]},"geometry_name":"the_geom","properties":{"consec":869,"gid":350,"habili":"7600110577","sede":"01","cod_hab":760011057701,"nombre_ips":"GIOVANNA CAROLINE SANCHEZ ERASO","direccion":"KR 83C # 14 - 85","barrio":"El Ingenio","id_com_cor":"17","comu_corre":"Comuna 17","natu_ips":"Privada","cla_ips":"Profesional Independiente","cod_capa_reps":25,"nom_capa_reps":"SALAS","cantidad":1,"serv_capa_reps":"Procedimientos","descrip_capa":"SALAS - Procedimientos"}},{"type":"Feature","id":"ads_ips_capacidad_reps.fid--215d4958_1a0d9e21907_421c","geometry":{"type":"Point","coordinates":[-76.54214145,3.41323291]},"geometry_name":"the_geom","properties":{"consec":870,"gid":974,"habili":"7600110588","sede":"01","cod_hab":760011058801,"nombre_ips":"Martha Cecilia Bermúdez Vallecilla","direccion":"KR 47 # 9 - 00","barrio":"Nueva Tequendama","id_com_cor":"19","comu_corre":"Comuna 19","natu_ips":"Privada","cla_ips":"Profesional Independiente","cod_capa_reps":25,"nom_capa_reps":"SALAS","cantidad":1,"serv_capa_reps":"Procedimientos","descrip_capa":"SALAS - Procedimientos"}},{"type":"Feature","id":"ads_ips_capacidad_reps.fid--215d4958_1a0d9e21907_421d","geometry":{"type":"Point","coordinates":[-76.54547257,3.42742354]},"geometry_name":"the_geom","properties":{"consec":871,"gid":2901,"habili":"7600110627","sede":"01","cod_hab":760011062701,"nombre_ips":"MARTHA LILIANA ACOSTA QUIROZ","direccion":"CL 5A # 38 - 14","barrio":"San Fernando Nuevo","id_com_cor":"19","comu_corre":"Comuna 19","natu_ips":"Privada","cla_ips":"Profesional Independiente","cod_capa_reps":25,"nom_capa_reps":"SALAS","cantidad":1,"serv_capa_reps":"Procedimientos","descrip_capa":"SALAS - Procedimientos"}},{"type":"Feature","id":"ads_ips_capacidad_reps.fid--215d4958_1a0d9e21907_421e","geometry":{"type":"Point","coordinates":[-76.52728711,3.46243662]},"geometry_name":"the_geom","properties":{"consec":872,"gid":4159,"habili":"7600110743","sede":"01","cod_hab":760011074301,"nombre_ips":"CLINICA CRISTO REY CALI","direccion":"AV 4 # 22 NORTE - 46","barrio":"San Vicente","id_com_cor":"02","comu_corre":"Comuna 02","natu_ips":"Privada","cla_ips":"Instituciones - IPS","cod_capa_reps":2,"nom_capa_reps":"CAMAS","cantidad":83,"serv_capa_reps":"Adultos","descrip_capa":"CAMAS - Adultos"}},{"type":"Feature","id":"ads_ips_capacidad_reps.fid--215d4958_1a0d9e21907_421f","geometry":{"type":"Point","coordinates":[-76.54623347,3.42024078]},"geometry_name":"the_geom","properties":{"consec":874,"gid":1463,"habili":"7600110752","sede":"01","cod_hab":760011075201,"nombre_ips":"CAROLINA ORTIZ SILVA","direccion":"CL 5B # 43 - 12","barrio":"Urbanización Tequendama","id_com_cor":"19","comu_corre":"Comuna 19","natu_ips":"Privada","cla_ips":"Profesional Independiente","cod_capa_reps":25,"nom_capa_reps":"SALAS","cantidad":1,"serv_capa_reps":"Procedimientos","descrip_capa":"SALAS - Procedimientos"}},{"type":"Feature","id":"ads_ips_capacidad_reps.fid--215d4958_1a0d9e21907_4220","geometry":{"type":"Point","coordinates":[-76.51871717,3.45636337]},"geometry_name":"the_geom","properties":{"consec":878,"gid":3855,"habili":"7600110762","sede":"01","cod_hab":760011076201,"nombre_ips":"Ambulancias Emergencia Medica Criticas S.A.S","direccion":"KR 6 # 26 - 59","barrio":"Jorge Isaacs","id_com_cor":"04","comu_corre":"Comuna 04","natu_ips":"Privada","cla_ips":"Transporte Especial de Pacientes","cod_capa_reps":15,"nom_capa_reps":"AMBULANCIAS","cantidad":1,"serv_capa_reps":"Básica","descrip_capa":"AMBULANCIAS - Básica"}},{"type":"Feature","id":"ads_ips_capacidad_reps.fid--215d4958_1a0d9e21907_4221","geometry":{"type":"Point","coordinates":[-76.51871717,3.45636337]},"geometry_name":"the_geom","properties":{"consec":879,"gid":3855,"habili":"7600110762","sede":"01","cod_hab":760011076201,"nombre_ips":"Ambulancias Emergencia Medica Criticas S.A.S","direccion":"KR 6 # 26 - 59","barrio":"Jorge Isaacs","id_com_cor":"04","comu_corre":"Comuna 04","natu_ips":"Privada","cla_ips":"Transporte Especial de Pacientes","cod_capa_reps":15,"nom_capa_reps":"AMBULANCIAS","cantidad":1,"serv_capa_reps":"Básica","descrip_capa":"AMBULANCIAS - Básica"}},{"type":"Feature","id":"ads_ips_capacidad_reps.fid--215d4958_1a0d9e21907_4222","geometry":{"type":"Point","coordinates":[-76.51871717,3.45636337]},"geometry_name":"the_geom","properties":{"consec":880,"gid":3855,"habili":"7600110762","sede":"01","cod_hab":760011076201,"nombre_ips":"Ambulancias Emergencia Medica Criticas S.A.S","direccion":"KR 6 # 26 - 59","barrio":"Jorge Isaacs","id_com_cor":"04","comu_corre":"Comuna 04","natu_ips":"Privada","cla_ips":"Transporte Especial de Pacientes","cod_capa_reps":15,"nom_capa_reps":"AMBULANCIAS","cantidad":1,"serv_capa_reps":"Básica","descrip_capa":"AMBULANCIAS - Básica"}},{"type":"Feature","id":"ads_ips_capacidad_reps.fid--215d4958_1a0d9e21907_4223","geometry":{"type":"Point","coordinates":[-76.51871717,3.45636337]},"geometry_name":"the_geom","properties":{"consec":877,"gid":3855,"habili":"7600110762","sede":"01","cod_hab":760011076201,"nombre_ips":"Ambulancias Emergencia Medica Criticas S.A.S","direccion":"KR 6 # 26 - 59","barrio":"Jorge Isaacs","id_com_cor":"04","comu_corre":"Comuna 04","natu_ips":"Privada","cla_ips":"Transporte Especial de Pacientes","cod_capa_reps":15,"nom_capa_reps":"AMBULANCIAS","cantidad":1,"serv_capa_reps":"Básica","descrip_capa":"AMBULANCIAS - Básica"}},{"type":"Feature","id":"ads_ips_capacidad_reps.fid--215d4958_1a0d9e21907_4224","geometry":{"type":"Point","coordinates":[-76.51871717,3.45636337]},"geometry_name":"the_geom","properties":{"consec":876,"gid":3855,"habili":"7600110762","sede":"01","cod_hab":760011076201,"nombre_ips":"Ambulancias Emergencia Medica Criticas S.A.S","direccion":"KR 6 # 26 - 59","barrio":"Jorge Isaacs","id_com_cor":"04","comu_corre":"Comuna 04","natu_ips":"Privada","cla_ips":"Transporte Especial de Pacientes","cod_capa_reps":15,"nom_capa_reps":"AMBULANCIAS","cantidad":1,"serv_capa_reps":"Básica","descrip_capa":"AMBULANCIAS - Básica"}},{"type":"Feature","id":"ads_ips_capacidad_reps.fid--215d4958_1a0d9e21907_4225","geometry":{"type":"Point","coordinates":[-76.51871717,3.45636337]},"geometry_name":"the_geom","properties":{"consec":875,"gid":3855,"habili":"7600110762","sede":"01","cod_hab":760011076201,"nombre_ips":"Ambulancias Emergencia Medica Criticas S.A.S","direccion":"KR 6 # 26 - 59","barrio":"Jorge Isaacs","id_com_cor":"04","comu_corre":"Comuna 04","natu_ips":"Privada","cla_ips":"Transporte Especial de Pacientes","cod_capa_reps":15,"nom_capa_reps":"AMBULANCIAS","cantidad":1,"serv_capa_reps":"Básica","descrip_capa":"AMBULANCIAS - Básica"}},{"type":"Feature","id":"ads_ips_capacidad_reps.fid--215d4958_1a0d9e21907_4226","geometry":{"type":"Point","coordinates":[-76.5460704,3.43367544]},"geometry_name":"the_geom","properties":{"consec":881,"gid":3222,"habili":"7600110772","sede":"02","cod_hab":760011077202,"nombre_ips":"Centro Medico Santuario","direccion":"CL 4 # 35A - 08","barrio":"San Fernando Viejo","id_com_cor":"19","comu_corre":"Comuna 19","natu_ips":"Privada","cla_ips":"Instituciones - IPS","cod_capa_reps":25,"nom_capa_reps":"SALAS","cantidad":3,"serv_capa_reps":"Procedimientos","descrip_capa":"SALAS - Procedimientos"}},{"type":"Feature","id":"ads_ips_capacidad_reps.fid--215d4958_1a0d9e21907_4227","geometry":{"type":"Point","coordinates":[-76.5447957,3.41966634]},"geometry_name":"the_geom","properties":{"consec":882,"gid":1357,"habili":"7600110798","sede":"01","cod_hab":760011079801,"nombre_ips":"NATHALIE QUIROZ VALENCIA","direccion":"KR 43 # 5C - 37","barrio":"Urbanización Tequendama","id_com_cor":"19","comu_corre":"Comuna 19","natu_ips":"Privada","cla_ips":"Profesional Independiente","cod_capa_reps":25,"nom_capa_reps":"SALAS","cantidad":1,"serv_capa_reps":"Procedimientos","descrip_capa":"SALAS - Procedimientos"}},{"type":"Feature","id":"ads_ips_capacidad_reps.fid--215d4958_1a0d9e21907_4228","geometry":{"type":"Point","coordinates":[-76.52553027,3.46391176]},"geometry_name":"the_geom","properties":{"consec":883,"gid":4274,"habili":"7600110820","sede":"01","cod_hab":760011082001,"nombre_ips":"jhonny andres gomez arevalo","direccion":"CL 23B NORTE # 3 - 57","barrio":"San Vicente","id_com_cor":"02","comu_corre":"Comuna 02","natu_ips":"Privada","cla_ips":"Profesional Independiente","cod_capa_reps":25,"nom_capa_reps":"SALAS","cantidad":1,"serv_capa_reps":"Procedimientos","descrip_capa":"SALAS - Procedimientos"}},{"type":"Feature","id":"ads_ips_capacidad_reps.fid--215d4958_1a0d9e21907_4229","geometry":{"type":"Point","coordinates":[-76.53240494,3.36543106]},"geometry_name":"the_geom","properties":{"consec":884,"gid":87,"habili":"7600110877","sede":"02","cod_hab":760011087702,"nombre_ips":"SPORTMEDS PARQUE 103","direccion":"CL 15A # 103 - 20","barrio":"Urbanización Ciudad Jardín","id_com_cor":"22","comu_corre":"Comuna 22","natu_ips":"Privada","cla_ips":"Instituciones - IPS","cod_capa_reps":25,"nom_capa_reps":"SALAS","cantidad":2,"serv_capa_reps":"Procedimientos","descrip_capa":"SALAS - Procedimientos"}},{"type":"Feature","id":"ads_ips_capacidad_reps.fid--215d4958_1a0d9e21907_422a","geometry":{"type":"Point","coordinates":[-76.54573332,3.42306349]},"geometry_name":"the_geom","properties":{"consec":885,"gid":1850,"habili":"7600110930","sede":"01","cod_hab":760011093001,"nombre_ips":"ALFREDO ESTEBAN SAA LUNA","direccion":"KR 40 # 5A - 88","barrio":"Urbanización Tequendama","id_com_cor":"19","comu_corre":"Comuna 19","natu_ips":"Privada","cla_ips":"Profesional Independiente","cod_capa_reps":25,"nom_capa_reps":"SALAS","cantidad":1,"serv_capa_reps":"Procedimientos","descrip_capa":"SALAS - Procedimientos"}},{"type":"Feature","id":"ads_ips_capacidad_reps.fid--215d4958_1a0d9e21907_422b","geometry":{"type":"Point","coordinates":[-76.51005971,3.4072216]},"geometry_name":"the_geom","properties":{"consec":887,"gid":619,"habili":"7600110944","sede":"01","cod_hab":760011094401,"nombre_ips":"UNIDAD MEDICA INMEDIATA SAS","direccion":"KR 42B # 44 - 70","barrio":"República de Israel","id_com_cor":"16","comu_corre":"Comuna 16","natu_ips":"Privada","cla_ips":"Transporte Especial de Pacientes","cod_capa_reps":15,"nom_capa_reps":"AMBULANCIAS","cantidad":1,"serv_capa_reps":"Básica","descrip_capa":"AMBULANCIAS - Básica"}},{"type":"Feature","id":"ads_ips_capacidad_reps.fid--215d4958_1a0d9e21907_422c","geometry":{"type":"Point","coordinates":[-76.51005971,3.4072216]},"geometry_name":"the_geom","properties":{"consec":886,"gid":619,"habili":"7600110944","sede":"01","cod_hab":760011094401,"nombre_ips":"UNIDAD MEDICA INMEDIATA SAS","direccion":"KR 42B # 44 - 70","barrio":"República de Israel","id_com_cor":"16","comu_corre":"Comuna 16","natu_ips":"Privada","cla_ips":"Transporte Especial de Pacientes","cod_capa_reps":15,"nom_capa_reps":"AMBULANCIAS","cantidad":1,"serv_capa_reps":"Básica","descrip_capa":"AMBULANCIAS - Básica"}},{"type":"Feature","id":"ads_ips_capacidad_reps.fid--215d4958_1a0d9e21907_422d","geometry":{"type":"Point","coordinates":[-76.51005971,3.4072216]},"geometry_name":"the_geom","properties":{"consec":888,"gid":619,"habili":"7600110944","sede":"01","cod_hab":760011094401,"nombre_ips":"UNIDAD MEDICA INMEDIATA SAS","direccion":"KR 42B # 44 - 70","barrio":"República de Israel","id_com_cor":"16","comu_corre":"Comuna 16","natu_ips":"Privada","cla_ips":"Transporte Especial de Pacientes","cod_capa_reps":15,"nom_capa_reps":"AMBULANCIAS","cantidad":1,"serv_capa_reps":"Básica","descrip_capa":"AMBULANCIAS - Básica"}},{"type":"Feature","id":"ads_ips_capacidad_reps.fid--215d4958_1a0d9e21907_422e","geometry":{"type":"Point","coordinates":[-76.54364126,3.4211895]},"geometry_name":"the_geom","properties":{"consec":889,"gid":1571,"habili":"7600110960","sede":"01","cod_hab":760011096001,"nombre_ips":"SOCIEDAD IPS LABORATORIO DE DIAGNOSTICO MOLECULAR - DIMOL SAS","direccion":"KR 41 # 5C - 116","barrio":"Urbanización Tequendama","id_com_cor":"19","comu_corre":"Comuna 19","natu_ips":"Privada","cla_ips":"Instituciones - IPS","cod_capa_reps":25,"nom_capa_reps":"SALAS","cantidad":1,"serv_capa_reps":"Procedimientos","descrip_capa":"SALAS - Procedimientos"}},{"type":"Feature","id":"ads_ips_capacidad_reps.fid--215d4958_1a0d9e21907_422f","geometry":{"type":"Point","coordinates":[-76.52694224,3.47408978]},"geometry_name":"the_geom","properties":{"consec":890,"gid":4560,"habili":"7600111060","sede":"01","cod_hab":760011106001,"nombre_ips":"DAVID ANDRES ARIAS QUINTERO","direccion":"CL 36 NORTE # 6A - 65","barrio":"Chipichape","id_com_cor":"02","comu_corre":"Comuna 02","natu_ips":"Privada","cla_ips":"Profesional Independiente","cod_capa_reps":25,"nom_capa_reps":"SALAS","cantidad":1,"serv_capa_reps":"Procedimientos","descrip_capa":"SALAS - Procedimientos"}},{"type":"Feature","id":"ads_ips_capacidad_reps.fid--215d4958_1a0d9e21907_4230","geometry":{"type":"Point","coordinates":[-76.53754155,3.43133172]},"geometry_name":"the_geom","properties":{"consec":891,"gid":3136,"habili":"7600111092","sede":"01","cod_hab":760011109201,"nombre_ips":"CESAR AUGUSTO ZAPATA ACOSTA","direccion":"CL 7 # 29 - 55","barrio":"El Cedro","id_com_cor":"19","comu_corre":"Comuna 19","natu_ips":"Privada","cla_ips":"Profesional Independiente","cod_capa_reps":25,"nom_capa_reps":"SALAS","cantidad":1,"serv_capa_reps":"Procedimientos","descrip_capa":"SALAS - Procedimientos"}},{"type":"Feature","id":"ads_ips_capacidad_reps.fid--215d4958_1a0d9e21907_4231","geometry":{"type":"Point","coordinates":[-76.54253371,3.42323116]},"geometry_name":"the_geom","properties":{"consec":892,"gid":2120,"habili":"7600111185","sede":"01","cod_hab":760011118501,"nombre_ips":"norma constanza castaño benitez","direccion":"CL 5D # 38A - 35","barrio":"Eucaristico","id_com_cor":"19","comu_corre":"Comuna 19","natu_ips":"Privada","cla_ips":"Profesional Independiente","cod_capa_reps":25,"nom_capa_reps":"SALAS","cantidad":2,"serv_capa_reps":"Procedimientos","descrip_capa":"SALAS - Procedimientos"}},{"type":"Feature","id":"ads_ips_capacidad_reps.fid--215d4958_1a0d9e21907_4232","geometry":{"type":"Point","coordinates":[-76.5460227,3.37620123]},"geometry_name":"the_geom","properties":{"consec":893,"gid":311,"habili":"7600111207","sede":"01","cod_hab":760011120701,"nombre_ips":"CHRISTIAN FERNANDO BOLAÑOS JOJOA","direccion":"KR 93 # 4B - 14","barrio":"Meléndez","id_com_cor":"18","comu_corre":"Comuna 18","natu_ips":"Privada","cla_ips":"Profesional Independiente","cod_capa_reps":25,"nom_capa_reps":"SALAS","cantidad":2,"serv_capa_reps":"Procedimientos","descrip_capa":"SALAS - Procedimientos"}},{"type":"Feature","id":"ads_ips_capacidad_reps.fid--215d4958_1a0d9e21907_4233","geometry":{"type":"Point","coordinates":[-76.54725476,3.37603484]},"geometry_name":"the_geom","properties":{"consec":894,"gid":308,"habili":"7600111207","sede":"02","cod_hab":760011120702,"nombre_ips":"CHRISTIAN FERNANDO BOLAÑOS JOJOA","direccion":"CL 4 # 93 - 96","barrio":"Horizontes","id_com_cor":"18","comu_corre":"Comuna 18","natu_ips":"Privada","cla_ips":"Profesional Independiente","cod_capa_reps":25,"nom_capa_reps":"SALAS","cantidad":2,"serv_capa_reps":"Procedimientos","descrip_capa":"SALAS - Procedimientos"}},{"type":"Feature","id":"ads_ips_capacidad_reps.fid--215d4958_1a0d9e21907_4234","geometry":{"type":"Point","coordinates":[-76.52694224,3.47408978]},"geometry_name":"the_geom","properties":{"consec":895,"gid":4566,"habili":"7600111212","sede":"01","cod_hab":760011121201,"nombre_ips":"PAOLA ANDREA SEDANO ZARTA","direccion":"CL 36 NORTE # 6A - 65","barrio":"Chipichape","id_com_cor":"02","comu_corre":"Comuna 02","natu_ips":"Privada","cla_ips":"Profesional Independiente","cod_capa_reps":25,"nom_capa_reps":"SALAS","cantidad":1,"serv_capa_reps":"Procedimientos","descrip_capa":"SALAS - Procedimientos"}},{"type":"Feature","id":"ads_ips_capacidad_reps.fid--215d4958_1a0d9e21907_4235","geometry":{"type":"Point","coordinates":[-76.54561302,3.3992956]},"geometry_name":"the_geom","properties":{"consec":896,"gid":508,"habili":"7600111216","sede":"01","cod_hab":760011121601,"nombre_ips":"Alfonso Bautista Lora","direccion":"KR 65 # 5 - 102","barrio":"El Gran Limonar","id_com_cor":"17","comu_corre":"Comuna 17","natu_ips":"Privada","cla_ips":"Profesional Independiente","cod_capa_reps":25,"nom_capa_reps":"SALAS","cantidad":2,"serv_capa_reps":"Procedimientos","descrip_capa":"SALAS - Procedimientos"}},{"type":"Feature","id":"ads_ips_capacidad_reps.fid--215d4958_1a0d9e21907_4236","geometry":{"type":"Point","coordinates":[-76.52688976,3.47734582]},"geometry_name":"the_geom","properties":{"consec":897,"gid":4627,"habili":"7600111227","sede":"01","cod_hab":760011122701,"nombre_ips":"Essence Health & Beauty","direccion":"CL 38 NORTE # 6 - 35","barrio":"Chipichape","id_com_cor":"02","comu_corre":"Comuna 02","natu_ips":"Privada","cla_ips":"Instituciones - IPS","cod_capa_reps":25,"nom_capa_reps":"SALAS","cantidad":2,"serv_capa_reps":"Procedimientos","descrip_capa":"SALAS - Procedimientos"}},{"type":"Feature","id":"ads_ips_capacidad_reps.fid--215d4958_1a0d9e21907_4237","geometry":{"type":"Point","coordinates":[-76.54642476,3.4211154]},"geometry_name":"the_geom","properties":{"consec":898,"gid":1554,"habili":"7600111240","sede":"01","cod_hab":760011124001,"nombre_ips":"ANGELA JULIET TORIJANO SARRIA","direccion":"KR 42A # 5A - 97","barrio":"Urbanización Tequendama","id_com_cor":"19","comu_corre":"Comuna 19","natu_ips":"Privada","cla_ips":"Profesional Independiente","cod_capa_reps":25,"nom_capa_reps":"SALAS","cantidad":1,"serv_capa_reps":"Procedimientos","descrip_capa":"SALAS - Procedimientos"}},{"type":"Feature","id":"ads_ips_capacidad_reps.fid--215d4958_1a0d9e21907_4238","geometry":{"type":"Point","coordinates":[-76.53612525,3.43857098]},"geometry_name":"the_geom","properties":{"consec":900,"gid":3374,"habili":"7600111274","sede":"01","cod_hab":760011127401,"nombre_ips":"GRUPO EMS","direccion":"CL 7 # 22 - 56","barrio":"Alameda","id_com_cor":"09","comu_corre":"Comuna 09","natu_ips":"Privada","cla_ips":"Transporte Especial de Pacientes","cod_capa_reps":15,"nom_capa_reps":"AMBULANCIAS","cantidad":1,"serv_capa_reps":"Básica","descrip_capa":"AMBULANCIAS - Básica"}},{"type":"Feature","id":"ads_ips_capacidad_reps.fid--215d4958_1a0d9e21907_4239","geometry":{"type":"Point","coordinates":[-76.53612525,3.43857098]},"geometry_name":"the_geom","properties":{"consec":899,"gid":3374,"habili":"7600111274","sede":"01","cod_hab":760011127401,"nombre_ips":"GRUPO EMS","direccion":"CL 7 # 22 - 56","barrio":"Alameda","id_com_cor":"09","comu_corre":"Comuna 09","natu_ips":"Privada","cla_ips":"Transporte Especial de Pacientes","cod_capa_reps":15,"nom_capa_reps":"AMBULANCIAS","cantidad":1,"serv_capa_reps":"Básica","descrip_capa":"AMBULANCIAS - Básica"}},{"type":"Feature","id":"ads_ips_capacidad_reps.fid--215d4958_1a0d9e21907_423a","geometry":{"type":"Point","coordinates":[-76.53612525,3.43857098]},"geometry_name":"the_geom","properties":{"consec":903,"gid":3374,"habili":"7600111274","sede":"01","cod_hab":760011127401,"nombre_ips":"GRUPO EMS","direccion":"CL 7 # 22 - 56","barrio":"Alameda","id_com_cor":"09","comu_corre":"Comuna 09","natu_ips":"Privada","cla_ips":"Transporte Especial de Pacientes","cod_capa_reps":15,"nom_capa_reps":"AMBULANCIAS","cantidad":1,"serv_capa_reps":"Básica","descrip_capa":"AMBULANCIAS - Básica"}},{"type":"Feature","id":"ads_ips_capacidad_reps.fid--215d4958_1a0d9e21907_423b","geometry":{"type":"Point","coordinates":[-76.53612525,3.43857098]},"geometry_name":"the_geom","properties":{"consec":902,"gid":3374,"habili":"7600111274","sede":"01","cod_hab":760011127401,"nombre_ips":"GRUPO EMS","direccion":"CL 7 # 22 - 56","barrio":"Alameda","id_com_cor":"09","comu_corre":"Comuna 09","natu_ips":"Privada","cla_ips":"Transporte Especial de Pacientes","cod_capa_reps":15,"nom_capa_reps":"AMBULANCIAS","cantidad":1,"serv_capa_reps":"Básica","descrip_capa":"AMBULANCIAS - Básica"}},{"type":"Feature","id":"ads_ips_capacidad_reps.fid--215d4958_1a0d9e21907_423c","geometry":{"type":"Point","coordinates":[-76.53612525,3.43857098]},"geometry_name":"the_geom","properties":{"consec":901,"gid":3374,"habili":"7600111274","sede":"01","cod_hab":760011127401,"nombre_ips":"GRUPO EMS","direccion":"CL 7 # 22 - 56","barrio":"Alameda","id_com_cor":"09","comu_corre":"Comuna 09","natu_ips":"Privada","cla_ips":"Transporte Especial de Pacientes","cod_capa_reps":15,"nom_capa_reps":"AMBULANCIAS","cantidad":1,"serv_capa_reps":"Básica","descrip_capa":"AMBULANCIAS - Básica"}},{"type":"Feature","id":"ads_ips_capacidad_reps.fid--215d4958_1a0d9e21907_423d","geometry":{"type":"Point","coordinates":[-76.53612525,3.43857098]},"geometry_name":"the_geom","properties":{"consec":905,"gid":3374,"habili":"7600111274","sede":"01","cod_hab":760011127401,"nombre_ips":"GRUPO EMS","direccion":"CL 7 # 22 - 56","barrio":"Alameda","id_com_cor":"09","comu_corre":"Comuna 09","natu_ips":"Privada","cla_ips":"Transporte Especial de Pacientes","cod_capa_reps":15,"nom_capa_reps":"AMBULANCIAS","cantidad":1,"serv_capa_reps":"Básica","descrip_capa":"AMBULANCIAS - Básica"}},{"type":"Feature","id":"ads_ips_capacidad_reps.fid--215d4958_1a0d9e21907_423e","geometry":{"type":"Point","coordinates":[-76.53612525,3.43857098]},"geometry_name":"the_geom","properties":{"consec":904,"gid":3374,"habili":"7600111274","sede":"01","cod_hab":760011127401,"nombre_ips":"GRUPO EMS","direccion":"CL 7 # 22 - 56","barrio":"Alameda","id_com_cor":"09","comu_corre":"Comuna 09","natu_ips":"Privada","cla_ips":"Transporte Especial de Pacientes","cod_capa_reps":15,"nom_capa_reps":"AMBULANCIAS","cantidad":1,"serv_capa_reps":"Básica","descrip_capa":"AMBULANCIAS - Básica"}},{"type":"Feature","id":"ads_ips_capacidad_reps.fid--215d4958_1a0d9e21907_423f","geometry":{"type":"Point","coordinates":[-76.53612525,3.43857098]},"geometry_name":"the_geom","properties":{"consec":908,"gid":3374,"habili":"7600111274","sede":"01","cod_hab":760011127401,"nombre_ips":"GRUPO EMS","direccion":"CL 7 # 22 - 56","barrio":"Alameda","id_com_cor":"09","comu_corre":"Comuna 09","natu_ips":"Privada","cla_ips":"Transporte Especial de Pacientes","cod_capa_reps":16,"nom_capa_reps":"AMBULANCIAS","cantidad":1,"serv_capa_reps":"Medicalizada","descrip_capa":"AMBULANCIAS - Medicalizada"}},{"type":"Feature","id":"ads_ips_capacidad_reps.fid--215d4958_1a0d9e21907_4240","geometry":{"type":"Point","coordinates":[-76.53612525,3.43857098]},"geometry_name":"the_geom","properties":{"consec":907,"gid":3374,"habili":"7600111274","sede":"01","cod_hab":760011127401,"nombre_ips":"GRUPO EMS","direccion":"CL 7 # 22 - 56","barrio":"Alameda","id_com_cor":"09","comu_corre":"Comuna 09","natu_ips":"Privada","cla_ips":"Transporte Especial de Pacientes","cod_capa_reps":16,"nom_capa_reps":"AMBULANCIAS","cantidad":1,"serv_capa_reps":"Medicalizada","descrip_capa":"AMBULANCIAS - Medicalizada"}},{"type":"Feature","id":"ads_ips_capacidad_reps.fid--215d4958_1a0d9e21907_4241","geometry":{"type":"Point","coordinates":[-76.53612525,3.43857098]},"geometry_name":"the_geom","properties":{"consec":906,"gid":3374,"habili":"7600111274","sede":"01","cod_hab":760011127401,"nombre_ips":"GRUPO EMS","direccion":"CL 7 # 22 - 56","barrio":"Alameda","id_com_cor":"09","comu_corre":"Comuna 09","natu_ips":"Privada","cla_ips":"Transporte Especial de Pacientes","cod_capa_reps":16,"nom_capa_reps":"AMBULANCIAS","cantidad":1,"serv_capa_reps":"Medicalizada","descrip_capa":"AMBULANCIAS - Medicalizada"}},{"type":"Feature","id":"ads_ips_capacidad_reps.fid--215d4958_1a0d9e21907_4242","geometry":{"type":"Point","coordinates":[-76.54437369,3.41994596]},"geometry_name":"the_geom","properties":{"consec":909,"gid":1398,"habili":"7600111318","sede":"02","cod_hab":760011131802,"nombre_ips":"Clinica Vascular de Cali","direccion":"KR 42A # 5C - 86","barrio":"Urbanización Tequendama","id_com_cor":"19","comu_corre":"Comuna 19","natu_ips":"Privada","cla_ips":"Instituciones - IPS","cod_capa_reps":25,"nom_capa_reps":"SALAS","cantidad":1,"serv_capa_reps":"Procedimientos","descrip_capa":"SALAS - Procedimientos"}},{"type":"Feature","id":"ads_ips_capacidad_reps.fid--215d4958_1a0d9e21907_4243","geometry":{"type":"Point","coordinates":[-76.54467267,3.42008891]},"geometry_name":"the_geom","properties":{"consec":910,"gid":1421,"habili":"7600111345","sede":"01","cod_hab":760011134501,"nombre_ips":"Diana Carolina Paz Toro","direccion":"KR 42A # 5C - 28","barrio":"Urbanización Tequendama","id_com_cor":"19","comu_corre":"Comuna 19","natu_ips":"Privada","cla_ips":"Profesional Independiente","cod_capa_reps":25,"nom_capa_reps":"SALAS","cantidad":1,"serv_capa_reps":"Procedimientos","descrip_capa":"SALAS - Procedimientos"}},{"type":"Feature","id":"ads_ips_capacidad_reps.fid--215d4958_1a0d9e21907_4244","geometry":{"type":"Point","coordinates":[-76.54287613,3.37904369]},"geometry_name":"the_geom","properties":{"consec":911,"gid":321,"habili":"7600111357","sede":"01","cod_hab":760011135701,"nombre_ips":"leydis paola campo colon","direccion":"KR 87 # 5 - 32","barrio":"Mayapan - Las Vegas","id_com_cor":"17","comu_corre":"Comuna 17","natu_ips":"Privada","cla_ips":"Profesional Independiente","cod_capa_reps":25,"nom_capa_reps":"SALAS","cantidad":1,"serv_capa_reps":"Procedimientos","descrip_capa":"SALAS - Procedimientos"}},{"type":"Feature","id":"ads_ips_capacidad_reps.fid--215d4958_1a0d9e21907_4245","geometry":{"type":"Point","coordinates":[-76.54253371,3.42323116]},"geometry_name":"the_geom","properties":{"consec":912,"gid":2132,"habili":"7600111372","sede":"01","cod_hab":760011137201,"nombre_ips":"NADIA PATRICIA BETANCOURT JUSTINICO","direccion":"CL 5D # 38A - 35","barrio":"Eucaristico","id_com_cor":"19","comu_corre":"Comuna 19","natu_ips":"Privada","cla_ips":"Profesional Independiente","cod_capa_reps":25,"nom_capa_reps":"SALAS","cantidad":1,"serv_capa_reps":"Procedimientos","descrip_capa":"SALAS - Procedimientos"}},{"type":"Feature","id":"ads_ips_capacidad_reps.fid--215d4958_1a0d9e21907_4246","geometry":{"type":"Point","coordinates":[-76.54253371,3.42323116]},"geometry_name":"the_geom","properties":{"consec":913,"gid":2138,"habili":"7600111409","sede":"01","cod_hab":760011140901,"nombre_ips":"MEDITEC I.P.S.","direccion":"CL 5D # 38A - 35","barrio":"Eucaristico","id_com_cor":"19","comu_corre":"Comuna 19","natu_ips":"Privada","cla_ips":"Instituciones - IPS","cod_capa_reps":25,"nom_capa_reps":"SALAS","cantidad":3,"serv_capa_reps":"Procedimientos","descrip_capa":"SALAS - Procedimientos"}},{"type":"Feature","id":"ads_ips_capacidad_reps.fid--215d4958_1a0d9e21907_4247","geometry":{"type":"Point","coordinates":[-76.49516359,3.44330445]},"geometry_name":"the_geom","properties":{"consec":918,"gid":3438,"habili":"7600111413","sede":"01","cod_hab":760011141301,"nombre_ips":"AMBULANCIAS PRIMER TRABAJO MEDICO S.A.S","direccion":"KR 15 # 58 - 44","barrio":"El Trébol","id_com_cor":"08","comu_corre":"Comuna 08","natu_ips":"Privada","cla_ips":"Transporte Especial de Pacientes","cod_capa_reps":15,"nom_capa_reps":"AMBULANCIAS","cantidad":1,"serv_capa_reps":"Básica","descrip_capa":"AMBULANCIAS - Básica"}},{"type":"Feature","id":"ads_ips_capacidad_reps.fid--215d4958_1a0d9e21907_4248","geometry":{"type":"Point","coordinates":[-76.49516359,3.44330445]},"geometry_name":"the_geom","properties":{"consec":914,"gid":3438,"habili":"7600111413","sede":"01","cod_hab":760011141301,"nombre_ips":"AMBULANCIAS PRIMER TRABAJO MEDICO S.A.S","direccion":"KR 15 # 58 - 44","barrio":"El Trébol","id_com_cor":"08","comu_corre":"Comuna 08","natu_ips":"Privada","cla_ips":"Transporte Especial de Pacientes","cod_capa_reps":15,"nom_capa_reps":"AMBULANCIAS","cantidad":1,"serv_capa_reps":"Básica","descrip_capa":"AMBULANCIAS - Básica"}},{"type":"Feature","id":"ads_ips_capacidad_reps.fid--215d4958_1a0d9e21907_4249","geometry":{"type":"Point","coordinates":[-76.49516359,3.44330445]},"geometry_name":"the_geom","properties":{"consec":915,"gid":3438,"habili":"7600111413","sede":"01","cod_hab":760011141301,"nombre_ips":"AMBULANCIAS PRIMER TRABAJO MEDICO S.A.S","direccion":"KR 15 # 58 - 44","barrio":"El Trébol","id_com_cor":"08","comu_corre":"Comuna 08","natu_ips":"Privada","cla_ips":"Transporte Especial de Pacientes","cod_capa_reps":15,"nom_capa_reps":"AMBULANCIAS","cantidad":1,"serv_capa_reps":"Básica","descrip_capa":"AMBULANCIAS - Básica"}},{"type":"Feature","id":"ads_ips_capacidad_reps.fid--215d4958_1a0d9e21907_424a","geometry":{"type":"Point","coordinates":[-76.49516359,3.44330445]},"geometry_name":"the_geom","properties":{"consec":916,"gid":3438,"habili":"7600111413","sede":"01","cod_hab":760011141301,"nombre_ips":"AMBULANCIAS PRIMER TRABAJO MEDICO S.A.S","direccion":"KR 15 # 58 - 44","barrio":"El Trébol","id_com_cor":"08","comu_corre":"Comuna 08","natu_ips":"Privada","cla_ips":"Transporte Especial de Pacientes","cod_capa_reps":15,"nom_capa_reps":"AMBULANCIAS","cantidad":1,"serv_capa_reps":"Básica","descrip_capa":"AMBULANCIAS - Básica"}},{"type":"Feature","id":"ads_ips_capacidad_reps.fid--215d4958_1a0d9e21907_424b","geometry":{"type":"Point","coordinates":[-76.49516359,3.44330445]},"geometry_name":"the_geom","properties":{"consec":917,"gid":3438,"habili":"7600111413","sede":"01","cod_hab":760011141301,"nombre_ips":"AMBULANCIAS PRIMER TRABAJO MEDICO S.A.S","direccion":"KR 15 # 58 - 44","barrio":"El Trébol","id_com_cor":"08","comu_corre":"Comuna 08","natu_ips":"Privada","cla_ips":"Transporte Especial de Pacientes","cod_capa_reps":15,"nom_capa_reps":"AMBULANCIAS","cantidad":1,"serv_capa_reps":"Básica","descrip_capa":"AMBULANCIAS - Básica"}},{"type":"Feature","id":"ads_ips_capacidad_reps.fid--215d4958_1a0d9e21907_424c","geometry":{"type":"Point","coordinates":[-76.49516359,3.44330445]},"geometry_name":"the_geom","properties":{"consec":919,"gid":3438,"habili":"7600111413","sede":"01","cod_hab":760011141301,"nombre_ips":"AMBULANCIAS PRIMER TRABAJO MEDICO S.A.S","direccion":"KR 15 # 58 - 44","barrio":"El Trébol","id_com_cor":"08","comu_corre":"Comuna 08","natu_ips":"Privada","cla_ips":"Transporte Especial de Pacientes","cod_capa_reps":15,"nom_capa_reps":"AMBULANCIAS","cantidad":1,"serv_capa_reps":"Básica","descrip_capa":"AMBULANCIAS - Básica"}},{"type":"Feature","id":"ads_ips_capacidad_reps.fid--215d4958_1a0d9e21907_424d","geometry":{"type":"Point","coordinates":[-76.49516359,3.44330445]},"geometry_name":"the_geom","properties":{"consec":920,"gid":3438,"habili":"7600111413","sede":"01","cod_hab":760011141301,"nombre_ips":"AMBULANCIAS PRIMER TRABAJO MEDICO S.A.S","direccion":"KR 15 # 58 - 44","barrio":"El Trébol","id_com_cor":"08","comu_corre":"Comuna 08","natu_ips":"Privada","cla_ips":"Transporte Especial de Pacientes","cod_capa_reps":15,"nom_capa_reps":"AMBULANCIAS","cantidad":1,"serv_capa_reps":"Básica","descrip_capa":"AMBULANCIAS - Básica"}},{"type":"Feature","id":"ads_ips_capacidad_reps.fid--215d4958_1a0d9e21907_424e","geometry":{"type":"Point","coordinates":[-76.49603598,3.48427715]},"geometry_name":"the_geom","properties":{"consec":921,"gid":4711,"habili":"7600111459","sede":"03","cod_hab":760011145903,"nombre_ips":"CEDILAB CALIMA","direccion":"KR 1 # 66 - 49","barrio":"Metropolitano del Norte","id_com_cor":"05","comu_corre":"Comuna 05","natu_ips":"Privada","cla_ips":"Instituciones - IPS","cod_capa_reps":25,"nom_capa_reps":"SALAS","cantidad":1,"serv_capa_reps":"Procedimientos","descrip_capa":"SALAS - Procedimientos"}},{"type":"Feature","id":"ads_ips_capacidad_reps.fid--215d4958_1a0d9e21907_424f","geometry":{"type":"Point","coordinates":[-76.53966243,3.41035196]},"geometry_name":"the_geom","properties":{"consec":922,"gid":827,"habili":"7600111504","sede":"01","cod_hab":760011150401,"nombre_ips":"tatiana peña ramirez","direccion":"CL 9C # 50 - 25","barrio":"Camino Real - Los Fundadores","id_com_cor":"19","comu_corre":"Comuna 19","natu_ips":"Privada","cla_ips":"Profesional Independiente","cod_capa_reps":25,"nom_capa_reps":"SALAS","cantidad":1,"serv_capa_reps":"Procedimientos","descrip_capa":"SALAS - Procedimientos"}},{"type":"Feature","id":"ads_ips_capacidad_reps.fid--215d4958_1a0d9e21907_4250","geometry":{"type":"Point","coordinates":[-76.53516001,3.36452768]},"geometry_name":"the_geom","properties":{"consec":923,"gid":62,"habili":"7600111516","sede":"01","cod_hab":760011151601,"nombre_ips":"JOSE JUAN CARLOS SIERRA MERA","direccion":"KR 105 # 14 - 125","barrio":"Urbanización Ciudad Jardín","id_com_cor":"22","comu_corre":"Comuna 22","natu_ips":"Privada","cla_ips":"Profesional Independiente","cod_capa_reps":25,"nom_capa_reps":"SALAS","cantidad":2,"serv_capa_reps":"Procedimientos","descrip_capa":"SALAS - Procedimientos"}},{"type":"Feature","id":"ads_ips_capacidad_reps.fid--215d4958_1a0d9e21907_4251","geometry":{"type":"Point","coordinates":[-76.48120251,3.42279578]},"geometry_name":"the_geom","properties":{"consec":927,"gid":1828,"habili":"7600111564","sede":"01","cod_hab":760011156401,"nombre_ips":"RVP RESCATE VIDA PROPOSITO SAS","direccion":"KR 26P5 # 83 - 32","barrio":"Alfonso Bonilla Aragón","id_com_cor":"14","comu_corre":"Comuna 14","natu_ips":"Privada","cla_ips":"Transporte Especial de Pacientes","cod_capa_reps":15,"nom_capa_reps":"AMBULANCIAS","cantidad":1,"serv_capa_reps":"Básica","descrip_capa":"AMBULANCIAS - Básica"}},{"type":"Feature","id":"ads_ips_capacidad_reps.fid--215d4958_1a0d9e21907_4252","geometry":{"type":"Point","coordinates":[-76.48120251,3.42279578]},"geometry_name":"the_geom","properties":{"consec":929,"gid":1828,"habili":"7600111564","sede":"01","cod_hab":760011156401,"nombre_ips":"RVP RESCATE VIDA PROPOSITO SAS","direccion":"KR 26P5 # 83 - 32","barrio":"Alfonso Bonilla Aragón","id_com_cor":"14","comu_corre":"Comuna 14","natu_ips":"Privada","cla_ips":"Transporte Especial de Pacientes","cod_capa_reps":15,"nom_capa_reps":"AMBULANCIAS","cantidad":1,"serv_capa_reps":"Básica","descrip_capa":"AMBULANCIAS - Básica"}},{"type":"Feature","id":"ads_ips_capacidad_reps.fid--215d4958_1a0d9e21907_4253","geometry":{"type":"Point","coordinates":[-76.48120251,3.42279578]},"geometry_name":"the_geom","properties":{"consec":928,"gid":1828,"habili":"7600111564","sede":"01","cod_hab":760011156401,"nombre_ips":"RVP RESCATE VIDA PROPOSITO SAS","direccion":"KR 26P5 # 83 - 32","barrio":"Alfonso Bonilla Aragón","id_com_cor":"14","comu_corre":"Comuna 14","natu_ips":"Privada","cla_ips":"Transporte Especial de Pacientes","cod_capa_reps":15,"nom_capa_reps":"AMBULANCIAS","cantidad":1,"serv_capa_reps":"Básica","descrip_capa":"AMBULANCIAS - Básica"}},{"type":"Feature","id":"ads_ips_capacidad_reps.fid--215d4958_1a0d9e21907_4254","geometry":{"type":"Point","coordinates":[-76.48120251,3.42279578]},"geometry_name":"the_geom","properties":{"consec":924,"gid":1828,"habili":"7600111564","sede":"01","cod_hab":760011156401,"nombre_ips":"RVP RESCATE VIDA PROPOSITO SAS","direccion":"KR 26P5 # 83 - 32","barrio":"Alfonso Bonilla Aragón","id_com_cor":"14","comu_corre":"Comuna 14","natu_ips":"Privada","cla_ips":"Transporte Especial de Pacientes","cod_capa_reps":15,"nom_capa_reps":"AMBULANCIAS","cantidad":1,"serv_capa_reps":"Básica","descrip_capa":"AMBULANCIAS - Básica"}},{"type":"Feature","id":"ads_ips_capacidad_reps.fid--215d4958_1a0d9e21907_4255","geometry":{"type":"Point","coordinates":[-76.48120251,3.42279578]},"geometry_name":"the_geom","properties":{"consec":925,"gid":1828,"habili":"7600111564","sede":"01","cod_hab":760011156401,"nombre_ips":"RVP RESCATE VIDA PROPOSITO SAS","direccion":"KR 26P5 # 83 - 32","barrio":"Alfonso Bonilla Aragón","id_com_cor":"14","comu_corre":"Comuna 14","natu_ips":"Privada","cla_ips":"Transporte Especial de Pacientes","cod_capa_reps":15,"nom_capa_reps":"AMBULANCIAS","cantidad":1,"serv_capa_reps":"Básica","descrip_capa":"AMBULANCIAS - Básica"}},{"type":"Feature","id":"ads_ips_capacidad_reps.fid--215d4958_1a0d9e21907_4256","geometry":{"type":"Point","coordinates":[-76.48120251,3.42279578]},"geometry_name":"the_geom","properties":{"consec":926,"gid":1828,"habili":"7600111564","sede":"01","cod_hab":760011156401,"nombre_ips":"RVP RESCATE VIDA PROPOSITO SAS","direccion":"KR 26P5 # 83 - 32","barrio":"Alfonso Bonilla Aragón","id_com_cor":"14","comu_corre":"Comuna 14","natu_ips":"Privada","cla_ips":"Transporte Especial de Pacientes","cod_capa_reps":15,"nom_capa_reps":"AMBULANCIAS","cantidad":1,"serv_capa_reps":"Básica","descrip_capa":"AMBULANCIAS - Básica"}},{"type":"Feature","id":"ads_ips_capacidad_reps.fid--215d4958_1a0d9e21907_4257","geometry":{"type":"Point","coordinates":[-76.53601761,3.4477831]},"geometry_name":"the_geom","properties":{"consec":931,"gid":3549,"habili":"7600111592","sede":"01","cod_hab":760011159201,"nombre_ips":"CLINICA NUEVA DE CALI SAS SEDE LA QUINTA","direccion":"CL 6 # 8 - 16","barrio":"La Merced","id_com_cor":"03","comu_corre":"Comuna 03","natu_ips":"Privada","cla_ips":"Instituciones - IPS","cod_capa_reps":1,"nom_capa_reps":"CAMAS","cantidad":3,"serv_capa_reps":"Pediátrica","descrip_capa":"CAMAS - Pediátrica"}},{"type":"Feature","id":"ads_ips_capacidad_reps.fid--215d4958_1a0d9e21907_4258","geometry":{"type":"Point","coordinates":[-76.53601761,3.4477831]},"geometry_name":"the_geom","properties":{"consec":932,"gid":3549,"habili":"7600111592","sede":"01","cod_hab":760011159201,"nombre_ips":"CLINICA NUEVA DE CALI SAS SEDE LA QUINTA","direccion":"CL 6 # 8 - 16","barrio":"La Merced","id_com_cor":"03","comu_corre":"Comuna 03","natu_ips":"Privada","cla_ips":"Instituciones - IPS","cod_capa_reps":2,"nom_capa_reps":"CAMAS","cantidad":93,"serv_capa_reps":"Adultos","descrip_capa":"CAMAS - Adultos"}},{"type":"Feature","id":"ads_ips_capacidad_reps.fid--215d4958_1a0d9e21907_4259","geometry":{"type":"Point","coordinates":[-76.53601761,3.4477831]},"geometry_name":"the_geom","properties":{"consec":933,"gid":3549,"habili":"7600111592","sede":"01","cod_hab":760011159201,"nombre_ips":"CLINICA NUEVA DE CALI SAS SEDE LA QUINTA","direccion":"CL 6 # 8 - 16","barrio":"La Merced","id_com_cor":"03","comu_corre":"Comuna 03","natu_ips":"Privada","cla_ips":"Instituciones - IPS","cod_capa_reps":14,"nom_capa_reps":"SALAS","cantidad":2,"serv_capa_reps":"Partos","descrip_capa":"SALAS - Partos"}},{"type":"Feature","id":"ads_ips_capacidad_reps.fid--215d4958_1a0d9e21907_425a","geometry":{"type":"Point","coordinates":[-76.53601761,3.4477831]},"geometry_name":"the_geom","properties":{"consec":934,"gid":3549,"habili":"7600111592","sede":"01","cod_hab":760011159201,"nombre_ips":"CLINICA NUEVA DE CALI SAS SEDE LA QUINTA","direccion":"CL 6 # 8 - 16","barrio":"La Merced","id_com_cor":"03","comu_corre":"Comuna 03","natu_ips":"Privada","cla_ips":"Instituciones - IPS","cod_capa_reps":25,"nom_capa_reps":"SALAS","cantidad":1,"serv_capa_reps":"Procedimientos","descrip_capa":"SALAS - Procedimientos"}},{"type":"Feature","id":"ads_ips_capacidad_reps.fid--215d4958_1a0d9e21907_425b","geometry":{"type":"Point","coordinates":[-76.53672675,3.4479181]},"geometry_name":"the_geom","properties":{"consec":935,"gid":3563,"habili":"7600111592","sede":"02","cod_hab":760011159202,"nombre_ips":"SEDE AMBULATORIA CLINICA NUEVA DE CALI","direccion":"CL 5 # 6 - 63","barrio":"La Merced","id_com_cor":"03","comu_corre":"Comuna 03","natu_ips":"Privada","cla_ips":"Instituciones - IPS","cod_capa_reps":25,"nom_capa_reps":"SALAS","cantidad":2,"serv_capa_reps":"Procedimientos","descrip_capa":"SALAS - Procedimientos"}},{"type":"Feature","id":"ads_ips_capacidad_reps.fid--215d4958_1a0d9e21907_425c","geometry":{"type":"Point","coordinates":[-76.49383249,3.45246036]},"geometry_name":"the_geom","properties":{"consec":936,"gid":3721,"habili":"7600111610","sede":"01","cod_hab":760011161001,"nombre_ips":"TRAUMAORIENTE DEL VALLE","direccion":"CL 58 # 8 - 05","barrio":"La Base","id_com_cor":"08","comu_corre":"Comuna 08","natu_ips":"Privada","cla_ips":"Instituciones - IPS","cod_capa_reps":2,"nom_capa_reps":"CAMAS","cantidad":10,"serv_capa_reps":"Adultos","descrip_capa":"CAMAS - Adultos"}},{"type":"Feature","id":"ads_ips_capacidad_reps.fid--215d4958_1a0d9e21907_425d","geometry":{"type":"Point","coordinates":[-76.54358105,3.42216194]},"geometry_name":"the_geom","properties":{"consec":937,"gid":1732,"habili":"7600111703","sede":"01","cod_hab":760011170301,"nombre_ips":"BIO PREVENAR S.A.S","direccion":"KR 40 # 5C - 53","barrio":"Urbanización Tequendama","id_com_cor":"19","comu_corre":"Comuna 19","natu_ips":"Privada","cla_ips":"Instituciones - IPS","cod_capa_reps":25,"nom_capa_reps":"SALAS","cantidad":1,"serv_capa_reps":"Procedimientos","descrip_capa":"SALAS - Procedimientos"}},{"type":"Feature","id":"ads_ips_capacidad_reps.fid--215d4958_1a0d9e21907_425e","geometry":{"type":"Point","coordinates":[-76.50989516,3.47532909]},"geometry_name":"the_geom","properties":{"consec":938,"gid":4600,"habili":"7600111706","sede":"01","cod_hab":760011170601,"nombre_ips":"GRUPO ALIANZA PREHOSPITALARIA","direccion":"CL 46C # 5N - 121","barrio":"Olaya Herrera","id_com_cor":"04","comu_corre":"Comuna 04","natu_ips":"Privada","cla_ips":"Transporte Especial de Pacientes","cod_capa_reps":15,"nom_capa_reps":"AMBULANCIAS","cantidad":1,"serv_capa_reps":"Básica","descrip_capa":"AMBULANCIAS - Básica"}},{"type":"Feature","id":"ads_ips_capacidad_reps.fid--215d4958_1a0d9e21907_425f","geometry":{"type":"Point","coordinates":[-76.50989516,3.47532909]},"geometry_name":"the_geom","properties":{"consec":942,"gid":4600,"habili":"7600111706","sede":"01","cod_hab":760011170601,"nombre_ips":"GRUPO ALIANZA PREHOSPITALARIA","direccion":"CL 46C # 5N - 121","barrio":"Olaya Herrera","id_com_cor":"04","comu_corre":"Comuna 04","natu_ips":"Privada","cla_ips":"Transporte Especial de Pacientes","cod_capa_reps":15,"nom_capa_reps":"AMBULANCIAS","cantidad":1,"serv_capa_reps":"Básica","descrip_capa":"AMBULANCIAS - Básica"}},{"type":"Feature","id":"ads_ips_capacidad_reps.fid--215d4958_1a0d9e21907_4260","geometry":{"type":"Point","coordinates":[-76.50989516,3.47532909]},"geometry_name":"the_geom","properties":{"consec":943,"gid":4600,"habili":"7600111706","sede":"01","cod_hab":760011170601,"nombre_ips":"GRUPO ALIANZA PREHOSPITALARIA","direccion":"CL 46C # 5N - 121","barrio":"Olaya Herrera","id_com_cor":"04","comu_corre":"Comuna 04","natu_ips":"Privada","cla_ips":"Transporte Especial de Pacientes","cod_capa_reps":15,"nom_capa_reps":"AMBULANCIAS","cantidad":1,"serv_capa_reps":"Básica","descrip_capa":"AMBULANCIAS - Básica"}},{"type":"Feature","id":"ads_ips_capacidad_reps.fid--215d4958_1a0d9e21907_4261","geometry":{"type":"Point","coordinates":[-76.50989516,3.47532909]},"geometry_name":"the_geom","properties":{"consec":940,"gid":4600,"habili":"7600111706","sede":"01","cod_hab":760011170601,"nombre_ips":"GRUPO ALIANZA PREHOSPITALARIA","direccion":"CL 46C # 5N - 121","barrio":"Olaya Herrera","id_com_cor":"04","comu_corre":"Comuna 04","natu_ips":"Privada","cla_ips":"Transporte Especial de Pacientes","cod_capa_reps":15,"nom_capa_reps":"AMBULANCIAS","cantidad":1,"serv_capa_reps":"Básica","descrip_capa":"AMBULANCIAS - Básica"}},{"type":"Feature","id":"ads_ips_capacidad_reps.fid--215d4958_1a0d9e21907_4262","geometry":{"type":"Point","coordinates":[-76.50989516,3.47532909]},"geometry_name":"the_geom","properties":{"consec":939,"gid":4600,"habili":"7600111706","sede":"01","cod_hab":760011170601,"nombre_ips":"GRUPO ALIANZA PREHOSPITALARIA","direccion":"CL 46C # 5N - 121","barrio":"Olaya Herrera","id_com_cor":"04","comu_corre":"Comuna 04","natu_ips":"Privada","cla_ips":"Transporte Especial de Pacientes","cod_capa_reps":15,"nom_capa_reps":"AMBULANCIAS","cantidad":1,"serv_capa_reps":"Básica","descrip_capa":"AMBULANCIAS - Básica"}},{"type":"Feature","id":"ads_ips_capacidad_reps.fid--215d4958_1a0d9e21907_4263","geometry":{"type":"Point","coordinates":[-76.50989516,3.47532909]},"geometry_name":"the_geom","properties":{"consec":941,"gid":4600,"habili":"7600111706","sede":"01","cod_hab":760011170601,"nombre_ips":"GRUPO ALIANZA PREHOSPITALARIA","direccion":"CL 46C # 5N - 121","barrio":"Olaya Herrera","id_com_cor":"04","comu_corre":"Comuna 04","natu_ips":"Privada","cla_ips":"Transporte Especial de Pacientes","cod_capa_reps":15,"nom_capa_reps":"AMBULANCIAS","cantidad":1,"serv_capa_reps":"Básica","descrip_capa":"AMBULANCIAS - Básica"}},{"type":"Feature","id":"ads_ips_capacidad_reps.fid--215d4958_1a0d9e21907_4264","geometry":{"type":"Point","coordinates":[-76.52444696,3.4801768]},"geometry_name":"the_geom","properties":{"consec":944,"gid":4666,"habili":"7600111717","sede":"01","cod_hab":760011171701,"nombre_ips":"MARCELA MEJIA ROLDAN","direccion":"CL 42 NORTE # 5 - 32","barrio":"La Flora","id_com_cor":"02","comu_corre":"Comuna 02","natu_ips":"Privada","cla_ips":"Profesional Independiente","cod_capa_reps":25,"nom_capa_reps":"SALAS","cantidad":1,"serv_capa_reps":"Procedimientos","descrip_capa":"SALAS - Procedimientos"}},{"type":"Feature","id":"ads_ips_capacidad_reps.fid--215d4958_1a0d9e21907_4265","geometry":{"type":"Point","coordinates":[-76.5405961,3.37285737]},"geometry_name":"the_geom","properties":{"consec":945,"gid":275,"habili":"7600111757","sede":"01","cod_hab":760011175701,"nombre_ips":"LEONARDO BALLESTAS MALDONADO","direccion":"KR 100 # 5 - 169","barrio":"Club Campestre","id_com_cor":"22","comu_corre":"Comuna 22","natu_ips":"Privada","cla_ips":"Profesional Independiente","cod_capa_reps":25,"nom_capa_reps":"SALAS","cantidad":1,"serv_capa_reps":"Procedimientos","descrip_capa":"SALAS - Procedimientos"}},{"type":"Feature","id":"ads_ips_capacidad_reps.fid--215d4958_1a0d9e21907_4266","geometry":{"type":"Point","coordinates":[-76.5405961,3.37285737]},"geometry_name":"the_geom","properties":{"consec":946,"gid":276,"habili":"7600111758","sede":"01","cod_hab":760011175801,"nombre_ips":"fabio alejandro sanchez palacios","direccion":"KR 100 # 5 - 169","barrio":"Club Campestre","id_com_cor":"22","comu_corre":"Comuna 22","natu_ips":"Privada","cla_ips":"Profesional Independiente","cod_capa_reps":25,"nom_capa_reps":"SALAS","cantidad":1,"serv_capa_reps":"Procedimientos","descrip_capa":"SALAS - Procedimientos"}},{"type":"Feature","id":"ads_ips_capacidad_reps.fid--215d4958_1a0d9e21907_4267","geometry":{"type":"Point","coordinates":[-76.53440927,3.39998174]},"geometry_name":"the_geom","properties":{"consec":949,"gid":518,"habili":"7600111795","sede":"01","cod_hab":760011179501,"nombre_ips":"AMBULANCIAS EMERTRAUMA","direccion":"KR 65A # 13B - 75","barrio":"Bosques del Limonar","id_com_cor":"17","comu_corre":"Comuna 17","natu_ips":"Privada","cla_ips":"Transporte Especial de Pacientes","cod_capa_reps":15,"nom_capa_reps":"AMBULANCIAS","cantidad":1,"serv_capa_reps":"Básica","descrip_capa":"AMBULANCIAS - Básica"}},{"type":"Feature","id":"ads_ips_capacidad_reps.fid--215d4958_1a0d9e21907_4268","geometry":{"type":"Point","coordinates":[-76.53440927,3.39998174]},"geometry_name":"the_geom","properties":{"consec":950,"gid":518,"habili":"7600111795","sede":"01","cod_hab":760011179501,"nombre_ips":"AMBULANCIAS EMERTRAUMA","direccion":"KR 65A # 13B - 75","barrio":"Bosques del Limonar","id_com_cor":"17","comu_corre":"Comuna 17","natu_ips":"Privada","cla_ips":"Transporte Especial de Pacientes","cod_capa_reps":15,"nom_capa_reps":"AMBULANCIAS","cantidad":1,"serv_capa_reps":"Básica","descrip_capa":"AMBULANCIAS - Básica"}},{"type":"Feature","id":"ads_ips_capacidad_reps.fid--215d4958_1a0d9e21907_4269","geometry":{"type":"Point","coordinates":[-76.53440927,3.39998174]},"geometry_name":"the_geom","properties":{"consec":948,"gid":518,"habili":"7600111795","sede":"01","cod_hab":760011179501,"nombre_ips":"AMBULANCIAS EMERTRAUMA","direccion":"KR 65A # 13B - 75","barrio":"Bosques del Limonar","id_com_cor":"17","comu_corre":"Comuna 17","natu_ips":"Privada","cla_ips":"Transporte Especial de Pacientes","cod_capa_reps":15,"nom_capa_reps":"AMBULANCIAS","cantidad":1,"serv_capa_reps":"Básica","descrip_capa":"AMBULANCIAS - Básica"}},{"type":"Feature","id":"ads_ips_capacidad_reps.fid--215d4958_1a0d9e21907_426a","geometry":{"type":"Point","coordinates":[-76.53440927,3.39998174]},"geometry_name":"the_geom","properties":{"consec":947,"gid":518,"habili":"7600111795","sede":"01","cod_hab":760011179501,"nombre_ips":"AMBULANCIAS EMERTRAUMA","direccion":"KR 65A # 13B - 75","barrio":"Bosques del Limonar","id_com_cor":"17","comu_corre":"Comuna 17","natu_ips":"Privada","cla_ips":"Transporte Especial de Pacientes","cod_capa_reps":15,"nom_capa_reps":"AMBULANCIAS","cantidad":1,"serv_capa_reps":"Básica","descrip_capa":"AMBULANCIAS - Básica"}},{"type":"Feature","id":"ads_ips_capacidad_reps.fid--215d4958_1a0d9e21907_426b","geometry":{"type":"Point","coordinates":[-76.5405961,3.37285737]},"geometry_name":"the_geom","properties":{"consec":951,"gid":277,"habili":"7600111828","sede":"01","cod_hab":760011182801,"nombre_ips":"GUILLERMO RAMIREZ ARIAS","direccion":"KR 100 # 5 – 169","barrio":"Club Campestre","id_com_cor":"22","comu_corre":"Comuna 22","natu_ips":"Privada","cla_ips":"Profesional Independiente","cod_capa_reps":25,"nom_capa_reps":"SALAS","cantidad":1,"serv_capa_reps":"Procedimientos","descrip_capa":"SALAS - Procedimientos"}},{"type":"Feature","id":"ads_ips_capacidad_reps.fid--215d4958_1a0d9e21907_426c","geometry":{"type":"Point","coordinates":[-76.54441371,3.42409488]},"geometry_name":"the_geom","properties":{"consec":952,"gid":2540,"habili":"7600111836","sede":"01","cod_hab":760011183601,"nombre_ips":"Andrés Felipe Navia Giraldo","direccion":"KR 38A # 5A – 100","barrio":"San Fernando Nuevo","id_com_cor":"19","comu_corre":"Comuna 19","natu_ips":"Privada","cla_ips":"Profesional Independiente","cod_capa_reps":25,"nom_capa_reps":"SALAS","cantidad":1,"serv_capa_reps":"Procedimientos","descrip_capa":"SALAS - Procedimientos"}},{"type":"Feature","id":"ads_ips_capacidad_reps.fid--215d4958_1a0d9e21907_426d","geometry":{"type":"Point","coordinates":[-76.52694224,3.47408978]},"geometry_name":"the_geom","properties":{"consec":953,"gid":4571,"habili":"7600111850","sede":"01","cod_hab":760011185001,"nombre_ips":"NEFTALI JOAQUIN BENJUMEA MARULANDA","direccion":"CL 36 NORTE # 6A -65","barrio":"Chipichape","id_com_cor":"02","comu_corre":"Comuna 02","natu_ips":"Privada","cla_ips":"Profesional Independiente","cod_capa_reps":25,"nom_capa_reps":"SALAS","cantidad":2,"serv_capa_reps":"Procedimientos","descrip_capa":"SALAS - Procedimientos"}},{"type":"Feature","id":"ads_ips_capacidad_reps.fid--215d4958_1a0d9e21907_426e","geometry":{"type":"Point","coordinates":[-76.54399298,3.42615444]},"geometry_name":"the_geom","properties":{"consec":954,"gid":2802,"habili":"7600111873","sede":"01","cod_hab":760011187301,"nombre_ips":"IPS CLINICA DE ARTROSIS","direccion":"CL 5B3 # 38 – 44","barrio":"San Fernando Nuevo","id_com_cor":"19","comu_corre":"Comuna 19","natu_ips":"Privada","cla_ips":"Instituciones - IPS","cod_capa_reps":25,"nom_capa_reps":"SALAS","cantidad":1,"serv_capa_reps":"Procedimientos","descrip_capa":"SALAS - Procedimientos"}},{"type":"Feature","id":"ads_ips_capacidad_reps.fid--215d4958_1a0d9e21907_426f","geometry":{"type":"Point","coordinates":[-76.5353652,3.42950573]},"geometry_name":"the_geom","properties":{"consec":955,"gid":3043,"habili":"7600111892","sede":"01","cod_hab":760011189201,"nombre_ips":"Fundacion Equipo Scout de Emergencia","direccion":"CL 9B # 30- 30","barrio":"Champagnat","id_com_cor":"19","comu_corre":"Comuna 19","natu_ips":"Privada","cla_ips":"Objeto Social Diferente a la Prestación de Servicios de Salu","cod_capa_reps":15,"nom_capa_reps":"AMBULANCIAS","cantidad":1,"serv_capa_reps":"Básica","descrip_capa":"AMBULANCIAS - Básica"}},{"type":"Feature","id":"ads_ips_capacidad_reps.fid--215d4958_1a0d9e21907_4270","geometry":{"type":"Point","coordinates":[-76.5353652,3.42950573]},"geometry_name":"the_geom","properties":{"consec":956,"gid":3043,"habili":"7600111892","sede":"01","cod_hab":760011189201,"nombre_ips":"Fundacion Equipo Scout de Emergencia","direccion":"CL 9B # 30- 30","barrio":"Champagnat","id_com_cor":"19","comu_corre":"Comuna 19","natu_ips":"Privada","cla_ips":"Objeto Social Diferente a la Prestación de Servicios de Salu","cod_capa_reps":15,"nom_capa_reps":"AMBULANCIAS","cantidad":1,"serv_capa_reps":"Básica","descrip_capa":"AMBULANCIAS - Básica"}},{"type":"Feature","id":"ads_ips_capacidad_reps.fid--215d4958_1a0d9e21907_4271","geometry":{"type":"Point","coordinates":[-76.5353652,3.42950573]},"geometry_name":"the_geom","properties":{"consec":957,"gid":3043,"habili":"7600111892","sede":"01","cod_hab":760011189201,"nombre_ips":"Fundacion Equipo Scout de Emergencia","direccion":"CL 9B # 30- 30","barrio":"Champagnat","id_com_cor":"19","comu_corre":"Comuna 19","natu_ips":"Privada","cla_ips":"Objeto Social Diferente a la Prestación de Servicios de Salu","cod_capa_reps":15,"nom_capa_reps":"AMBULANCIAS","cantidad":1,"serv_capa_reps":"Básica","descrip_capa":"AMBULANCIAS - Básica"}},{"type":"Feature","id":"ads_ips_capacidad_reps.fid--215d4958_1a0d9e21907_4272","geometry":{"type":"Point","coordinates":[-76.49541745,3.443313]},"geometry_name":"the_geom","properties":{"consec":959,"gid":3439,"habili":"7600111927","sede":"01","cod_hab":760011192701,"nombre_ips":"GRUPO EMERGENCIAS MEDICAS(GEM)","direccion":"CL 58 # 15 – 12","barrio":"El Trébol","id_com_cor":"08","comu_corre":"Comuna 08","natu_ips":"Privada","cla_ips":"Transporte Especial de Pacientes","cod_capa_reps":15,"nom_capa_reps":"AMBULANCIAS","cantidad":1,"serv_capa_reps":"Básica","descrip_capa":"AMBULANCIAS - Básica"}},{"type":"Feature","id":"ads_ips_capacidad_reps.fid--215d4958_1a0d9e21907_4273","geometry":{"type":"Point","coordinates":[-76.49541745,3.443313]},"geometry_name":"the_geom","properties":{"consec":962,"gid":3439,"habili":"7600111927","sede":"01","cod_hab":760011192701,"nombre_ips":"GRUPO EMERGENCIAS MEDICAS(GEM)","direccion":"CL 58 # 15 – 12","barrio":"El Trébol","id_com_cor":"08","comu_corre":"Comuna 08","natu_ips":"Privada","cla_ips":"Transporte Especial de Pacientes","cod_capa_reps":15,"nom_capa_reps":"AMBULANCIAS","cantidad":1,"serv_capa_reps":"Básica","descrip_capa":"AMBULANCIAS - Básica"}},{"type":"Feature","id":"ads_ips_capacidad_reps.fid--215d4958_1a0d9e21907_4274","geometry":{"type":"Point","coordinates":[-76.49541745,3.443313]},"geometry_name":"the_geom","properties":{"consec":961,"gid":3439,"habili":"7600111927","sede":"01","cod_hab":760011192701,"nombre_ips":"GRUPO EMERGENCIAS MEDICAS(GEM)","direccion":"CL 58 # 15 – 12","barrio":"El Trébol","id_com_cor":"08","comu_corre":"Comuna 08","natu_ips":"Privada","cla_ips":"Transporte Especial de Pacientes","cod_capa_reps":15,"nom_capa_reps":"AMBULANCIAS","cantidad":1,"serv_capa_reps":"Básica","descrip_capa":"AMBULANCIAS - Básica"}},{"type":"Feature","id":"ads_ips_capacidad_reps.fid--215d4958_1a0d9e21907_4275","geometry":{"type":"Point","coordinates":[-76.49541745,3.443313]},"geometry_name":"the_geom","properties":{"consec":960,"gid":3439,"habili":"7600111927","sede":"01","cod_hab":760011192701,"nombre_ips":"GRUPO EMERGENCIAS MEDICAS(GEM)","direccion":"CL 58 # 15 – 12","barrio":"El Trébol","id_com_cor":"08","comu_corre":"Comuna 08","natu_ips":"Privada","cla_ips":"Transporte Especial de Pacientes","cod_capa_reps":15,"nom_capa_reps":"AMBULANCIAS","cantidad":1,"serv_capa_reps":"Básica","descrip_capa":"AMBULANCIAS - Básica"}},{"type":"Feature","id":"ads_ips_capacidad_reps.fid--215d4958_1a0d9e21907_4276","geometry":{"type":"Point","coordinates":[-76.53842038,3.41472165]},"geometry_name":"the_geom","properties":{"consec":963,"gid":1094,"habili":"7600111956","sede":"01","cod_hab":760011195601,"nombre_ips":"MARIO FERNANDO ORTEGA MAFLA","direccion":"KR 46 # 9C – 85","barrio":"Urbanización Militar","id_com_cor":"19","comu_corre":"Comuna 19","natu_ips":"Privada","cla_ips":"Profesional Independiente","cod_capa_reps":25,"nom_capa_reps":"SALAS","cantidad":1,"serv_capa_reps":"Procedimientos","descrip_capa":"SALAS - Procedimientos"}},{"type":"Feature","id":"ads_ips_capacidad_reps.fid--215d4958_1a0d9e21907_4277","geometry":{"type":"Point","coordinates":[-76.53809736,3.41539069]},"geometry_name":"the_geom","properties":{"consec":964,"gid":1116,"habili":"7600111959","sede":"01","cod_hab":760011195901,"nombre_ips":"Susan Angelica Perez Sanchez","direccion":"KR 44A # 9C – 85","barrio":"Urbanización Militar","id_com_cor":"19","comu_corre":"Comuna 19","natu_ips":"Privada","cla_ips":"Profesional Independiente","cod_capa_reps":25,"nom_capa_reps":"SALAS","cantidad":1,"serv_capa_reps":"Procedimientos","descrip_capa":"SALAS - Procedimientos"}},{"type":"Feature","id":"ads_ips_capacidad_reps.fid--215d4958_1a0d9e21907_4278","geometry":{"type":"Point","coordinates":[-76.53134648,3.43852983]},"geometry_name":"the_geom","properties":{"consec":966,"gid":3372,"habili":"7600111973","sede":"01","cod_hab":760011197301,"nombre_ips":"REDSALUD 24/7","direccion":"CL 10 # 20 – 43","barrio":"Bretaña","id_com_cor":"09","comu_corre":"Comuna 09","natu_ips":"Privada","cla_ips":"Transporte Especial de Pacientes","cod_capa_reps":15,"nom_capa_reps":"AMBULANCIAS","cantidad":1,"serv_capa_reps":"Básica","descrip_capa":"AMBULANCIAS - Básica"}},{"type":"Feature","id":"ads_ips_capacidad_reps.fid--215d4958_1a0d9e21907_4279","geometry":{"type":"Point","coordinates":[-76.53134648,3.43852983]},"geometry_name":"the_geom","properties":{"consec":969,"gid":3372,"habili":"7600111973","sede":"01","cod_hab":760011197301,"nombre_ips":"REDSALUD 24/7","direccion":"CL 10 # 20 – 43","barrio":"Bretaña","id_com_cor":"09","comu_corre":"Comuna 09","natu_ips":"Privada","cla_ips":"Transporte Especial de Pacientes","cod_capa_reps":15,"nom_capa_reps":"AMBULANCIAS","cantidad":1,"serv_capa_reps":"Básica","descrip_capa":"AMBULANCIAS - Básica"}},{"type":"Feature","id":"ads_ips_capacidad_reps.fid--215d4958_1a0d9e21907_427a","geometry":{"type":"Point","coordinates":[-76.53134648,3.43852983]},"geometry_name":"the_geom","properties":{"consec":968,"gid":3372,"habili":"7600111973","sede":"01","cod_hab":760011197301,"nombre_ips":"REDSALUD 24/7","direccion":"CL 10 # 20 – 43","barrio":"Bretaña","id_com_cor":"09","comu_corre":"Comuna 09","natu_ips":"Privada","cla_ips":"Transporte Especial de Pacientes","cod_capa_reps":15,"nom_capa_reps":"AMBULANCIAS","cantidad":1,"serv_capa_reps":"Básica","descrip_capa":"AMBULANCIAS - Básica"}},{"type":"Feature","id":"ads_ips_capacidad_reps.fid--215d4958_1a0d9e21907_427b","geometry":{"type":"Point","coordinates":[-76.53134648,3.43852983]},"geometry_name":"the_geom","properties":{"consec":967,"gid":3372,"habili":"7600111973","sede":"01","cod_hab":760011197301,"nombre_ips":"REDSALUD 24/7","direccion":"CL 10 # 20 – 43","barrio":"Bretaña","id_com_cor":"09","comu_corre":"Comuna 09","natu_ips":"Privada","cla_ips":"Transporte Especial de Pacientes","cod_capa_reps":15,"nom_capa_reps":"AMBULANCIAS","cantidad":1,"serv_capa_reps":"Básica","descrip_capa":"AMBULANCIAS - Básica"}},{"type":"Feature","id":"ads_ips_capacidad_reps.fid--215d4958_1a0d9e21907_427c","geometry":{"type":"Point","coordinates":[-76.53134648,3.43852983]},"geometry_name":"the_geom","properties":{"consec":965,"gid":3372,"habili":"7600111973","sede":"01","cod_hab":760011197301,"nombre_ips":"REDSALUD 24/7","direccion":"CL 10 # 20 – 43","barrio":"Bretaña","id_com_cor":"09","comu_corre":"Comuna 09","natu_ips":"Privada","cla_ips":"Transporte Especial de Pacientes","cod_capa_reps":15,"nom_capa_reps":"AMBULANCIAS","cantidad":1,"serv_capa_reps":"Básica","descrip_capa":"AMBULANCIAS - Básica"}},{"type":"Feature","id":"ads_ips_capacidad_reps.fid--215d4958_1a0d9e21907_427d","geometry":{"type":"Point","coordinates":[-76.53134648,3.43852983]},"geometry_name":"the_geom","properties":{"consec":970,"gid":3372,"habili":"7600111973","sede":"01","cod_hab":760011197301,"nombre_ips":"REDSALUD 24/7","direccion":"CL 10 # 20 – 43","barrio":"Bretaña","id_com_cor":"09","comu_corre":"Comuna 09","natu_ips":"Privada","cla_ips":"Transporte Especial de Pacientes","cod_capa_reps":15,"nom_capa_reps":"AMBULANCIAS","cantidad":1,"serv_capa_reps":"Básica","descrip_capa":"AMBULANCIAS - Básica"}},{"type":"Feature","id":"ads_ips_capacidad_reps.fid--215d4958_1a0d9e21907_427e","geometry":{"type":"Point","coordinates":[-76.54725476,3.37603484]},"geometry_name":"the_geom","properties":{"consec":971,"gid":309,"habili":"7600111974","sede":"01","cod_hab":760011197401,"nombre_ips":"TANIA PATRICIA GOMEZ BENAVIDEZ","direccion":"CL 4 # 93 – 96","barrio":"Horizontes","id_com_cor":"18","comu_corre":"Comuna 18","natu_ips":"Privada","cla_ips":"Profesional Independiente","cod_capa_reps":25,"nom_capa_reps":"SALAS","cantidad":2,"serv_capa_reps":"Procedimientos","descrip_capa":"SALAS - Procedimientos"}},{"type":"Feature","id":"ads_ips_capacidad_reps.fid--215d4958_1a0d9e21907_427f","geometry":{"type":"Point","coordinates":[-76.53838649,3.42824737]},"geometry_name":"the_geom","properties":{"consec":972,"gid":3020,"habili":"7600111985","sede":"01","cod_hab":760011198501,"nombre_ips":"HEINAR YADIR ZORRILLA MAZANO","direccion":"KR 32 # 7 – 46","barrio":"El Cedro","id_com_cor":"19","comu_corre":"Comuna 19","natu_ips":"Privada","cla_ips":"Profesional Independiente","cod_capa_reps":25,"nom_capa_reps":"SALAS","cantidad":2,"serv_capa_reps":"Procedimientos","descrip_capa":"SALAS - Procedimientos"}},{"type":"Feature","id":"ads_ips_capacidad_reps.fid--215d4958_1a0d9e21907_4280","geometry":{"type":"Point","coordinates":[-76.50480633,3.4427785]},"geometry_name":"the_geom","properties":{"consec":974,"gid":3429,"habili":"7600112014","sede":"01","cod_hab":760011201401,"nombre_ips":"CUIDADO INTEGRAL EN URGENCIAS MEDICAS SAS","direccion":"KR 17B # 41 – 29","barrio":"Atanasio Girardot","id_com_cor":"08","comu_corre":"Comuna 08","natu_ips":"Privada","cla_ips":"Transporte Especial de Pacientes","cod_capa_reps":15,"nom_capa_reps":"AMBULANCIAS","cantidad":1,"serv_capa_reps":"Básica","descrip_capa":"AMBULANCIAS - Básica"}},{"type":"Feature","id":"ads_ips_capacidad_reps.fid--215d4958_1a0d9e21907_4281","geometry":{"type":"Point","coordinates":[-76.50480633,3.4427785]},"geometry_name":"the_geom","properties":{"consec":973,"gid":3429,"habili":"7600112014","sede":"01","cod_hab":760011201401,"nombre_ips":"CUIDADO INTEGRAL EN URGENCIAS MEDICAS SAS","direccion":"KR 17B # 41 – 29","barrio":"Atanasio Girardot","id_com_cor":"08","comu_corre":"Comuna 08","natu_ips":"Privada","cla_ips":"Transporte Especial de Pacientes","cod_capa_reps":15,"nom_capa_reps":"AMBULANCIAS","cantidad":1,"serv_capa_reps":"Básica","descrip_capa":"AMBULANCIAS - Básica"}},{"type":"Feature","id":"ads_ips_capacidad_reps.fid--215d4958_1a0d9e21907_4282","geometry":{"type":"Point","coordinates":[-76.52694224,3.47408978]},"geometry_name":"the_geom","properties":{"consec":975,"gid":4573,"habili":"7600112035","sede":"01","cod_hab":760011203501,"nombre_ips":"VICTORIA EUGENIA CORTES ORTIZ","direccion":"CL 36 NORTE # 6A – 65","barrio":"Chipichape","id_com_cor":"02","comu_corre":"Comuna 02","natu_ips":"Privada","cla_ips":"Profesional Independiente","cod_capa_reps":25,"nom_capa_reps":"SALAS","cantidad":1,"serv_capa_reps":"Procedimientos","descrip_capa":"SALAS - Procedimientos"}},{"type":"Feature","id":"ads_ips_capacidad_reps.fid--215d4958_1a0d9e21907_4283","geometry":{"type":"Point","coordinates":[-76.5399095,3.37232377]},"geometry_name":"the_geom","properties":{"consec":976,"gid":196,"habili":"7600112039","sede":"01","cod_hab":760011203901,"nombre_ips":"JUAN JAVIER LOPEZ SANCHEZ","direccion":"KR 100 # 11 – 60","barrio":"Ciudad Campestre","id_com_cor":"22","comu_corre":"Comuna 22","natu_ips":"Privada","cla_ips":"Profesional Independiente","cod_capa_reps":25,"nom_capa_reps":"SALAS","cantidad":1,"serv_capa_reps":"Procedimientos","descrip_capa":"SALAS - Procedimientos"}},{"type":"Feature","id":"ads_ips_capacidad_reps.fid--215d4958_1a0d9e21907_4284","geometry":{"type":"Point","coordinates":[-76.53843439,3.40296342]},"geometry_name":"the_geom","properties":{"consec":977,"gid":563,"habili":"7600112048","sede":"01","cod_hab":760011204801,"nombre_ips":"LUZ DAISY COBO RODRIGUEZ","direccion":"KR 59A # 11B – 41","barrio":"Santa Anita - La Selva","id_com_cor":"17","comu_corre":"Comuna 17","natu_ips":"Privada","cla_ips":"Profesional Independiente","cod_capa_reps":25,"nom_capa_reps":"SALAS","cantidad":3,"serv_capa_reps":"Procedimientos","descrip_capa":"SALAS - Procedimientos"}},{"type":"Feature","id":"ads_ips_capacidad_reps.fid--215d4958_1a0d9e21907_4285","geometry":{"type":"Point","coordinates":[-76.52694224,3.47408978]},"geometry_name":"the_geom","properties":{"consec":978,"gid":4575,"habili":"7600112054","sede":"01","cod_hab":760011205401,"nombre_ips":"Natalia Montoya Moreno","direccion":"CL 36 NORTE # 6A – 65","barrio":"Chipichape","id_com_cor":"02","comu_corre":"Comuna 02","natu_ips":"Privada","cla_ips":"Profesional Independiente","cod_capa_reps":25,"nom_capa_reps":"SALAS","cantidad":1,"serv_capa_reps":"Procedimientos","descrip_capa":"SALAS - Procedimientos"}},{"type":"Feature","id":"ads_ips_capacidad_reps.fid--215d4958_1a0d9e21907_4286","geometry":{"type":"Point","coordinates":[-76.54542767,3.42793052]},"geometry_name":"the_geom","properties":{"consec":979,"gid":2936,"habili":"7600112083","sede":"01","cod_hab":760011208301,"nombre_ips":"ALBERTO JOSE DURAN BUITRAGO","direccion":"CL 5 # 38 – 48","barrio":"Santa Isabel","id_com_cor":"19","comu_corre":"Comuna 19","natu_ips":"Privada","cla_ips":"Profesional Independiente","cod_capa_reps":25,"nom_capa_reps":"SALAS","cantidad":1,"serv_capa_reps":"Procedimientos","descrip_capa":"SALAS - Procedimientos"}},{"type":"Feature","id":"ads_ips_capacidad_reps.fid--215d4958_1a0d9e21907_4287","geometry":{"type":"Point","coordinates":[-76.52694224,3.47408978]},"geometry_name":"the_geom","properties":{"consec":980,"gid":4578,"habili":"7600112089","sede":"01","cod_hab":760011208901,"nombre_ips":"GERMAN ANDRES ROJAS CALVACHE","direccion":"CL 36 NORTE # 6A -65","barrio":"Chipichape","id_com_cor":"02","comu_corre":"Comuna 02","natu_ips":"Privada","cla_ips":"Profesional Independiente","cod_capa_reps":25,"nom_capa_reps":"SALAS","cantidad":1,"serv_capa_reps":"Procedimientos","descrip_capa":"SALAS - Procedimientos"}},{"type":"Feature","id":"ads_ips_capacidad_reps.fid--215d4958_1a0d9e21907_4288","geometry":{"type":"Point","coordinates":[-76.54441371,3.42409488]},"geometry_name":"the_geom","properties":{"consec":981,"gid":2543,"habili":"7600112110","sede":"01","cod_hab":760011211001,"nombre_ips":"Paola Andrea Guerrero Burbano","direccion":"KR 38A # 5A – 100","barrio":"San Fernando Nuevo","id_com_cor":"19","comu_corre":"Comuna 19","natu_ips":"Privada","cla_ips":"Profesional Independiente","cod_capa_reps":25,"nom_capa_reps":"SALAS","cantidad":1,"serv_capa_reps":"Procedimientos","descrip_capa":"SALAS - Procedimientos"}},{"type":"Feature","id":"ads_ips_capacidad_reps.fid--215d4958_1a0d9e21907_4289","geometry":{"type":"Point","coordinates":[-76.53871104,3.43401887]},"geometry_name":"the_geom","properties":{"consec":982,"gid":3243,"habili":"7600112125","sede":"01","cod_hab":760011212501,"nombre_ips":"HERNAN OLMEDO VOLVERAS CHILATRA","direccion":"CL 6 # 26 – 61","barrio":"El Cedro","id_com_cor":"19","comu_corre":"Comuna 19","natu_ips":"Privada","cla_ips":"Profesional Independiente","cod_capa_reps":25,"nom_capa_reps":"SALAS","cantidad":1,"serv_capa_reps":"Procedimientos","descrip_capa":"SALAS - Procedimientos"}},{"type":"Feature","id":"ads_ips_capacidad_reps.fid--215d4958_1a0d9e21907_428a","geometry":{"type":"Point","coordinates":[-76.54253371,3.42323116]},"geometry_name":"the_geom","properties":{"consec":983,"gid":2195,"habili":"7600112133","sede":"01","cod_hab":760011213301,"nombre_ips":"TOMAS ANTONIO REDWOOD NARANJO","direccion":"CL 5D # 38A – 35","barrio":"Eucaristico","id_com_cor":"19","comu_corre":"Comuna 19","natu_ips":"Privada","cla_ips":"Profesional Independiente","cod_capa_reps":25,"nom_capa_reps":"SALAS","cantidad":2,"serv_capa_reps":"Procedimientos","descrip_capa":"SALAS - Procedimientos"}},{"type":"Feature","id":"ads_ips_capacidad_reps.fid--215d4958_1a0d9e21907_428b","geometry":{"type":"Point","coordinates":[-76.54253371,3.42323116]},"geometry_name":"the_geom","properties":{"consec":984,"gid":2196,"habili":"7600112135","sede":"01","cod_hab":760011213501,"nombre_ips":"LUIS ALBERTO ROBLEDO GUTIERREZ","direccion":"CL 5D # 38A – 35","barrio":"Eucaristico","id_com_cor":"19","comu_corre":"Comuna 19","natu_ips":"Privada","cla_ips":"Profesional Independiente","cod_capa_reps":25,"nom_capa_reps":"SALAS","cantidad":2,"serv_capa_reps":"Procedimientos","descrip_capa":"SALAS - Procedimientos"}},{"type":"Feature","id":"ads_ips_capacidad_reps.fid--215d4958_1a0d9e21907_428c","geometry":{"type":"Point","coordinates":[-76.54342551,3.41619799]},"geometry_name":"the_geom","properties":{"consec":985,"gid":1129,"habili":"7600112144","sede":"01","cod_hab":760011214401,"nombre_ips":"DIANA PATRICIA ARBELAEZ FLOREZ","direccion":"KR 46 # 6A – 60","barrio":"Nueva Tequendama","id_com_cor":"19","comu_corre":"Comuna 19","natu_ips":"Privada","cla_ips":"Profesional Independiente","cod_capa_reps":25,"nom_capa_reps":"SALAS","cantidad":3,"serv_capa_reps":"Procedimientos","descrip_capa":"SALAS - Procedimientos"}},{"type":"Feature","id":"ads_ips_capacidad_reps.fid--215d4958_1a0d9e21907_428d","geometry":{"type":"Point","coordinates":[-76.54458235,3.42249466]},"geometry_name":"the_geom","properties":{"consec":986,"gid":1779,"habili":"7600112171","sede":"01","cod_hab":760011217101,"nombre_ips":"maria mercedes valencia arango","direccion":"KR 40 # 5B – 100","barrio":"Urbanización Tequendama","id_com_cor":"19","comu_corre":"Comuna 19","natu_ips":"Privada","cla_ips":"Profesional Independiente","cod_capa_reps":25,"nom_capa_reps":"SALAS","cantidad":1,"serv_capa_reps":"Procedimientos","descrip_capa":"SALAS - Procedimientos"}},{"type":"Feature","id":"ads_ips_capacidad_reps.fid--215d4958_1a0d9e21907_428e","geometry":{"type":"Point","coordinates":[-76.52831889,3.46213602]},"geometry_name":"the_geom","properties":{"consec":987,"gid":3716,"habili":"7600112186","sede":"01","cod_hab":760011218601,"nombre_ips":"Gonzalo Blanco Tamayo","direccion":"AV 5 # 21 NORTE -86","barrio":"Versalles","id_com_cor":"02","comu_corre":"Comuna 02","natu_ips":"Privada","cla_ips":"Profesional Independiente","cod_capa_reps":25,"nom_capa_reps":"SALAS","cantidad":1,"serv_capa_reps":"Procedimientos","descrip_capa":"SALAS - Procedimientos"}},{"type":"Feature","id":"ads_ips_capacidad_reps.fid--215d4958_1a0d9e21907_428f","geometry":{"type":"Point","coordinates":[-76.52814457,3.47108809]},"geometry_name":"the_geom","properties":{"consec":988,"gid":4501,"habili":"7600112202","sede":"01","cod_hab":760011220201,"nombre_ips":"CENTRO MÉDICO COLSUBSIDIO CALI","direccion":"Av 6 BIS # 29 NORTE - 46","barrio":"Santa Mónica","id_com_cor":"02","comu_corre":"Comuna 02","natu_ips":"Privada","cla_ips":"Instituciones - IPS","cod_capa_reps":25,"nom_capa_reps":"SALAS","cantidad":1,"serv_capa_reps":"Procedimientos","descrip_capa":"SALAS - Procedimientos"}},{"type":"Feature","id":"ads_ips_capacidad_reps.fid--215d4958_1a0d9e21907_4290","geometry":{"type":"Point","coordinates":[-76.53529494,3.36983037]},"geometry_name":"the_geom","properties":{"consec":990,"gid":114,"habili":"7600112227","sede":"01","cod_hab":760011222701,"nombre_ips":"ana bolena gonzalez martinez","direccion":"CL 13A # 100 – 35","barrio":"Urbanización Ciudad Jardín","id_com_cor":"22","comu_corre":"Comuna 22","natu_ips":"Privada","cla_ips":"Profesional Independiente","cod_capa_reps":25,"nom_capa_reps":"SALAS","cantidad":1,"serv_capa_reps":"Procedimientos","descrip_capa":"SALAS - Procedimientos"}},{"type":"Feature","id":"ads_ips_capacidad_reps.fid--215d4958_1a0d9e21907_4291","geometry":{"type":"Point","coordinates":[-76.51438918,3.44660903]},"geometry_name":"the_geom","properties":{"consec":991,"gid":3523,"habili":"7600112251","sede":"01","cod_hab":760011225101,"nombre_ips":"CARLOS EDUARDO CANTIN DELGADO","direccion":"KR 12 # 30A – 15","barrio":"Benjamín Herrera","id_com_cor":"08","comu_corre":"Comuna 08","natu_ips":"Privada","cla_ips":"Profesional Independiente","cod_capa_reps":25,"nom_capa_reps":"SALAS","cantidad":1,"serv_capa_reps":"Procedimientos","descrip_capa":"SALAS - Procedimientos"}},{"type":"Feature","id":"ads_ips_capacidad_reps.fid--215d4958_1a0d9e21907_4292","geometry":{"type":"Point","coordinates":[-76.5399095,3.37232377]},"geometry_name":"the_geom","properties":{"consec":992,"gid":200,"habili":"7600112255","sede":"01","cod_hab":760011225501,"nombre_ips":"andrea garcia guerrero","direccion":"KR 100 # 11 – 60","barrio":"Ciudad Campestre","id_com_cor":"22","comu_corre":"Comuna 22","natu_ips":"Privada","cla_ips":"Profesional Independiente","cod_capa_reps":25,"nom_capa_reps":"SALAS","cantidad":1,"serv_capa_reps":"Procedimientos","descrip_capa":"SALAS - Procedimientos"}},{"type":"Feature","id":"ads_ips_capacidad_reps.fid--215d4958_1a0d9e21907_4293","geometry":{"type":"Point","coordinates":[-76.5350656,3.39503772]},"geometry_name":"the_geom","properties":{"consec":993,"gid":430,"habili":"7600112270","sede":"01","cod_hab":760011227001,"nombre_ips":"SOLIS BAHAMON MARIA ALEJANDRA","direccion":"CL 13B # 68 – 75","barrio":"La Hacienda","id_com_cor":"17","comu_corre":"Comuna 17","natu_ips":"Privada","cla_ips":"Profesional Independiente","cod_capa_reps":25,"nom_capa_reps":"SALAS","cantidad":1,"serv_capa_reps":"Procedimientos","descrip_capa":"SALAS - Procedimientos"}},{"type":"Feature","id":"ads_ips_capacidad_reps.fid--215d4958_1a0d9e21907_4294","geometry":{"type":"Point","coordinates":[-76.51974369,3.32202526]},"geometry_name":"the_geom","properties":{"consec":996,"gid":4761,"habili":"7600112305","sede":"01","cod_hab":760011230501,"nombre_ips":"AMADEUS CASCAJAL","direccion":"KR 139 # 39 - 00","barrio":"Zonamérica","id_com_cor":"99","comu_corre":"Suelo Expansión","natu_ips":"Privada","cla_ips":"Objeto Social Diferente a la Prestación de Servicios de Salu","cod_capa_reps":25,"nom_capa_reps":"SALAS","cantidad":1,"serv_capa_reps":"Procedimientos","descrip_capa":"SALAS - Procedimientos"}},{"type":"Feature","id":"ads_ips_capacidad_reps.fid--215d4958_1a0d9e21907_4295","geometry":{"type":"Point","coordinates":[-76.54560915,3.42055116]},"geometry_name":"the_geom","properties":{"consec":997,"gid":1501,"habili":"7600112314","sede":"01","cod_hab":760011231401,"nombre_ips":"FREDDY ALEXANDER TABORDA SERNA","direccion":"KR 42A # 5B - 68","barrio":"Urbanización Tequendama","id_com_cor":"19","comu_corre":"Comuna 19","natu_ips":"Privada","cla_ips":"Profesional Independiente","cod_capa_reps":25,"nom_capa_reps":"SALAS","cantidad":1,"serv_capa_reps":"Procedimientos","descrip_capa":"SALAS - Procedimientos"}},{"type":"Feature","id":"ads_ips_capacidad_reps.fid--215d4958_1a0d9e21907_4296","geometry":{"type":"Point","coordinates":[-76.52596697,3.4850983]},"geometry_name":"the_geom","properties":{"consec":998,"gid":4719,"habili":"7600112321","sede":"01","cod_hab":760011232101,"nombre_ips":"angelica maria restrepo aguirre","direccion":"AV 6 # 47 NORTE - 197","barrio":"El Bosque","id_com_cor":"02","comu_corre":"Comuna 02","natu_ips":"Privada","cla_ips":"Profesional Independiente","cod_capa_reps":25,"nom_capa_reps":"SALAS","cantidad":1,"serv_capa_reps":"Procedimientos","descrip_capa":"SALAS - Procedimientos"}},{"type":"Feature","id":"ads_ips_capacidad_reps.fid--215d4958_1a0d9e21907_4297","geometry":null,"geometry_name":"the_geom","properties":{"consec":1020,"gid":null,"habili":null,"sede":null,"cod_hab":null,"nombre_ips":null,"direccion":null,"barrio":null,"id_com_cor":null,"comu_corre":null,"natu_ips":null,"cla_ips":null,"cod_capa_reps":1,"nom_capa_reps":"CAMAS","cantidad":4,"serv_capa_reps":"Pediátrica","descrip_capa":"CAMAS - Pediátrica"}},{"type":"Feature","id":"ads_ips_capacidad_reps.fid--215d4958_1a0d9e21907_4298","geometry":null,"geometry_name":"the_geom","properties":{"consec":170,"gid":null,"habili":null,"sede":null,"cod_hab":null,"nombre_ips":null,"direccion":null,"barrio":null,"id_com_cor":null,"comu_corre":null,"natu_ips":null,"cla_ips":null,"cod_capa_reps":1,"nom_capa_reps":"CAMAS","cantidad":8,"serv_capa_reps":"Pediátrica","descrip_capa":"CAMAS - Pediátrica"}},{"type":"Feature","id":"ads_ips_capacidad_reps.fid--215d4958_1a0d9e21907_4299","geometry":null,"geometry_name":"the_geom","properties":{"consec":256,"gid":null,"habili":null,"sede":null,"cod_hab":null,"nombre_ips":null,"direccion":null,"barrio":null,"id_com_cor":null,"comu_corre":null,"natu_ips":null,"cla_ips":null,"cod_capa_reps":1,"nom_capa_reps":"CAMAS","cantidad":16,"serv_capa_reps":"Pediátrica","descrip_capa":"CAMAS - Pediátrica"}},{"type":"Feature","id":"ads_ips_capacidad_reps.fid--215d4958_1a0d9e21907_429a","geometry":null,"geometry_name":"the_geom","properties":{"consec":930,"gid":null,"habili":null,"sede":null,"cod_hab":null,"nombre_ips":null,"direccion":null,"barrio":null,"id_com_cor":null,"comu_corre":null,"natu_ips":null,"cla_ips":null,"cod_capa_reps":2,"nom_capa_reps":"CAMAS","cantidad":3,"serv_capa_reps":"Adultos","descrip_capa":"CAMAS - Adultos"}},{"type":"Feature","id":"ads_ips_capacidad_reps.fid--215d4958_1a0d9e21907_429b","geometry":null,"geometry_name":"the_geom","properties":{"consec":176,"gid":null,"habili":null,"sede":null,"cod_hab":null,"nombre_ips":null,"direccion":null,"barrio":null,"id_com_cor":null,"comu_corre":null,"natu_ips":null,"cla_ips":null,"cod_capa_reps":2,"nom_capa_reps":"CAMAS","cantidad":86,"serv_capa_reps":"Adultos","descrip_capa":"CAMAS - Adultos"}},{"type":"Feature","id":"ads_ips_capacidad_reps.fid--215d4958_1a0d9e21907_429c","geometry":null,"geometry_name":"the_geom","properties":{"consec":171,"gid":null,"habili":null,"sede":null,"cod_hab":null,"nombre_ips":null,"direccion":null,"barrio":null,"id_com_cor":null,"comu_corre":null,"natu_ips":null,"cla_ips":null,"cod_capa_reps":2,"nom_capa_reps":"CAMAS","cantidad":27,"serv_capa_reps":"Adultos","descrip_capa":"CAMAS - Adultos"}},{"type":"Feature","id":"ads_ips_capacidad_reps.fid--215d4958_1a0d9e21907_429d","geometry":null,"geometry_name":"the_geom","properties":{"consec":719,"gid":null,"habili":null,"sede":null,"cod_hab":null,"nombre_ips":null,"direccion":null,"barrio":null,"id_com_cor":null,"comu_corre":null,"natu_ips":null,"cla_ips":null,"cod_capa_reps":2,"nom_capa_reps":"CAMAS","cantidad":2,"serv_capa_reps":"Adultos","descrip_capa":"CAMAS - Adultos"}},{"type":"Feature","id":"ads_ips_capacidad_reps.fid--215d4958_1a0d9e21907_429e","geometry":null,"geometry_name":"the_geom","properties":{"consec":257,"gid":null,"habili":null,"sede":null,"cod_hab":null,"nombre_ips":null,"direccion":null,"barrio":null,"id_com_cor":null,"comu_corre":null,"natu_ips":null,"cla_ips":null,"cod_capa_reps":2,"nom_capa_reps":"CAMAS","cantidad":141,"serv_capa_reps":"Adultos","descrip_capa":"CAMAS - Adultos"}},{"type":"Feature","id":"ads_ips_capacidad_reps.fid--215d4958_1a0d9e21907_429f","geometry":null,"geometry_name":"the_geom","properties":{"consec":1021,"gid":null,"habili":null,"sede":null,"cod_hab":null,"nombre_ips":null,"direccion":null,"barrio":null,"id_com_cor":null,"comu_corre":null,"natu_ips":null,"cla_ips":null,"cod_capa_reps":2,"nom_capa_reps":"CAMAS","cantidad":11,"serv_capa_reps":"Adultos","descrip_capa":"CAMAS - Adultos"}},{"type":"Feature","id":"ads_ips_capacidad_reps.fid--215d4958_1a0d9e21907_42a0","geometry":null,"geometry_name":"the_geom","properties":{"consec":578,"gid":null,"habili":null,"sede":null,"cod_hab":null,"nombre_ips":null,"direccion":null,"barrio":null,"id_com_cor":null,"comu_corre":null,"natu_ips":null,"cla_ips":null,"cod_capa_reps":2,"nom_capa_reps":"CAMAS","cantidad":13,"serv_capa_reps":"Adultos","descrip_capa":"CAMAS - Adultos"}},{"type":"Feature","id":"ads_ips_capacidad_reps.fid--215d4958_1a0d9e21907_42a1","geometry":null,"geometry_name":"the_geom","properties":{"consec":null,"gid":null,"habili":null,"sede":null,"cod_hab":null,"nombre_ips":null,"direccion":null,"barrio":null,"id_com_cor":null,"comu_corre":null,"natu_ips":null,"cla_ips":null,"cod_capa_reps":null,"nom_capa_reps":"CAMAS","cantidad":null,"serv_capa_reps":"Unidad de Quemados Adulto","descrip_capa":"CAMAS - Unidad de Quemados Adulto"}},{"type":"Feature","id":"ads_ips_capacidad_reps.fid--215d4958_1a0d9e21907_42a2","geometry":null,"geometry_name":"the_geom","properties":{"consec":172,"gid":null,"habili":null,"sede":null,"cod_hab":null,"nombre_ips":null,"direccion":null,"barrio":null,"id_com_cor":null,"comu_corre":null,"natu_ips":null,"cla_ips":null,"cod_capa_reps":11,"nom_capa_reps":"CAMAS","cantidad":6,"serv_capa_reps":"Psiquiatría","descrip_capa":"CAMAS - Psiquiatría"}},{"type":"Feature","id":"ads_ips_capacidad_reps.fid--215d4958_1a0d9e21907_42a3","geometry":null,"geometry_name":"the_geom","properties":{"consec":815,"gid":null,"habili":null,"sede":null,"cod_hab":null,"nombre_ips":null,"direccion":null,"barrio":null,"id_com_cor":null,"comu_corre":null,"natu_ips":null,"cla_ips":null,"cod_capa_reps":12,"nom_capa_reps":"CAMAS","cantidad":14,"serv_capa_reps":"Farmacodependencia","descrip_capa":"CAMAS - Farmacodependencia"}},{"type":"Feature","id":"ads_ips_capacidad_reps.fid--215d4958_1a0d9e21907_42a4","geometry":null,"geometry_name":"the_geom","properties":{"consec":720,"gid":null,"habili":null,"sede":null,"cod_hab":null,"nombre_ips":null,"direccion":null,"barrio":null,"id_com_cor":null,"comu_corre":null,"natu_ips":null,"cla_ips":null,"cod_capa_reps":13,"nom_capa_reps":"SALAS","cantidad":1,"serv_capa_reps":"Quirófano","descrip_capa":"SALAS - Quirófano"}},{"type":"Feature","id":"ads_ips_capacidad_reps.fid--215d4958_1a0d9e21907_42a5","geometry":null,"geometry_name":"the_geom","properties":{"consec":989,"gid":null,"habili":null,"sede":null,"cod_hab":null,"nombre_ips":null,"direccion":null,"barrio":null,"id_com_cor":null,"comu_corre":null,"natu_ips":null,"cla_ips":null,"cod_capa_reps":15,"nom_capa_reps":"AMBULANCIAS","cantidad":1,"serv_capa_reps":"Básica","descrip_capa":"AMBULANCIAS - Básica"}},{"type":"Feature","id":"ads_ips_capacidad_reps.fid--215d4958_1a0d9e21907_42a6","geometry":null,"geometry_name":"the_geom","properties":{"consec":753,"gid":null,"habili":null,"sede":null,"cod_hab":null,"nombre_ips":null,"direccion":null,"barrio":null,"id_com_cor":null,"comu_corre":null,"natu_ips":null,"cla_ips":null,"cod_capa_reps":15,"nom_capa_reps":"AMBULANCIAS","cantidad":1,"serv_capa_reps":"Básica","descrip_capa":"AMBULANCIAS - Básica"}},{"type":"Feature","id":"ads_ips_capacidad_reps.fid--215d4958_1a0d9e21907_42a7","geometry":null,"geometry_name":"the_geom","properties":{"consec":752,"gid":null,"habili":null,"sede":null,"cod_hab":null,"nombre_ips":null,"direccion":null,"barrio":null,"id_com_cor":null,"comu_corre":null,"natu_ips":null,"cla_ips":null,"cod_capa_reps":15,"nom_capa_reps":"AMBULANCIAS","cantidad":1,"serv_capa_reps":"Básica","descrip_capa":"AMBULANCIAS - Básica"}},{"type":"Feature","id":"ads_ips_capacidad_reps.fid--215d4958_1a0d9e21907_42a8","geometry":null,"geometry_name":"the_geom","properties":{"consec":564,"gid":null,"habili":null,"sede":null,"cod_hab":null,"nombre_ips":null,"direccion":null,"barrio":null,"id_com_cor":null,"comu_corre":null,"natu_ips":null,"cla_ips":null,"cod_capa_reps":15,"nom_capa_reps":"AMBULANCIAS","cantidad":1,"serv_capa_reps":"Básica","descrip_capa":"AMBULANCIAS - Básica"}},{"type":"Feature","id":"ads_ips_capacidad_reps.fid--215d4958_1a0d9e21907_42a9","geometry":null,"geometry_name":"the_geom","properties":{"consec":1013,"gid":null,"habili":null,"sede":null,"cod_hab":null,"nombre_ips":null,"direccion":null,"barrio":null,"id_com_cor":null,"comu_corre":null,"natu_ips":null,"cla_ips":null,"cod_capa_reps":15,"nom_capa_reps":"AMBULANCIAS","cantidad":1,"serv_capa_reps":"Básica","descrip_capa":"AMBULANCIAS - Básica"}},{"type":"Feature","id":"ads_ips_capacidad_reps.fid--215d4958_1a0d9e21907_42aa","geometry":null,"geometry_name":"the_geom","properties":{"consec":565,"gid":null,"habili":null,"sede":null,"cod_hab":null,"nombre_ips":null,"direccion":null,"barrio":null,"id_com_cor":null,"comu_corre":null,"natu_ips":null,"cla_ips":null,"cod_capa_reps":15,"nom_capa_reps":"AMBULANCIAS","cantidad":1,"serv_capa_reps":"Básica","descrip_capa":"AMBULANCIAS - Básica"}},{"type":"Feature","id":"ads_ips_capacidad_reps.fid--215d4958_1a0d9e21907_42ab","geometry":null,"geometry_name":"the_geom","properties":{"consec":756,"gid":null,"habili":null,"sede":null,"cod_hab":null,"nombre_ips":null,"direccion":null,"barrio":null,"id_com_cor":null,"comu_corre":null,"natu_ips":null,"cla_ips":null,"cod_capa_reps":15,"nom_capa_reps":"AMBULANCIAS","cantidad":1,"serv_capa_reps":"Básica","descrip_capa":"AMBULANCIAS - Básica"}},{"type":"Feature","id":"ads_ips_capacidad_reps.fid--215d4958_1a0d9e21907_42ac","geometry":null,"geometry_name":"the_geom","properties":{"consec":755,"gid":null,"habili":null,"sede":null,"cod_hab":null,"nombre_ips":null,"direccion":null,"barrio":null,"id_com_cor":null,"comu_corre":null,"natu_ips":null,"cla_ips":null,"cod_capa_reps":15,"nom_capa_reps":"AMBULANCIAS","cantidad":1,"serv_capa_reps":"Básica","descrip_capa":"AMBULANCIAS - Básica"}},{"type":"Feature","id":"ads_ips_capacidad_reps.fid--215d4958_1a0d9e21907_42ad","geometry":null,"geometry_name":"the_geom","properties":{"consec":754,"gid":null,"habili":null,"sede":null,"cod_hab":null,"nombre_ips":null,"direccion":null,"barrio":null,"id_com_cor":null,"comu_corre":null,"natu_ips":null,"cla_ips":null,"cod_capa_reps":15,"nom_capa_reps":"AMBULANCIAS","cantidad":1,"serv_capa_reps":"Básica","descrip_capa":"AMBULANCIAS - Básica"}},{"type":"Feature","id":"ads_ips_capacidad_reps.fid--215d4958_1a0d9e21907_42ae","geometry":null,"geometry_name":"the_geom","properties":{"consec":562,"gid":null,"habili":null,"sede":null,"cod_hab":null,"nombre_ips":null,"direccion":null,"barrio":null,"id_com_cor":null,"comu_corre":null,"natu_ips":null,"cla_ips":null,"cod_capa_reps":15,"nom_capa_reps":"AMBULANCIAS","cantidad":1,"serv_capa_reps":"Básica","descrip_capa":"AMBULANCIAS - Básica"}},{"type":"Feature","id":"ads_ips_capacidad_reps.fid--215d4958_1a0d9e21907_42af","geometry":null,"geometry_name":"the_geom","properties":{"consec":563,"gid":null,"habili":null,"sede":null,"cod_hab":null,"nombre_ips":null,"direccion":null,"barrio":null,"id_com_cor":null,"comu_corre":null,"natu_ips":null,"cla_ips":null,"cod_capa_reps":15,"nom_capa_reps":"AMBULANCIAS","cantidad":1,"serv_capa_reps":"Básica","descrip_capa":"AMBULANCIAS - Básica"}},{"type":"Feature","id":"ads_ips_capacidad_reps.fid--215d4958_1a0d9e21907_42b0","geometry":null,"geometry_name":"the_geom","properties":{"consec":1029,"gid":null,"habili":null,"sede":null,"cod_hab":null,"nombre_ips":null,"direccion":null,"barrio":null,"id_com_cor":null,"comu_corre":null,"natu_ips":null,"cla_ips":null,"cod_capa_reps":15,"nom_capa_reps":"AMBULANCIAS","cantidad":1,"serv_capa_reps":"Básica","descrip_capa":"AMBULANCIAS - Básica"}},{"type":"Feature","id":"ads_ips_capacidad_reps.fid--215d4958_1a0d9e21907_42b1","geometry":null,"geometry_name":"the_geom","properties":{"consec":994,"gid":null,"habili":null,"sede":null,"cod_hab":null,"nombre_ips":null,"direccion":null,"barrio":null,"id_com_cor":null,"comu_corre":null,"natu_ips":null,"cla_ips":null,"cod_capa_reps":16,"nom_capa_reps":"AMBULANCIAS","cantidad":1,"serv_capa_reps":"Medicalizada","descrip_capa":"AMBULANCIAS - Medicalizada"}},{"type":"Feature","id":"ads_ips_capacidad_reps.fid--215d4958_1a0d9e21907_42b2","geometry":null,"geometry_name":"the_geom","properties":{"consec":566,"gid":null,"habili":null,"sede":null,"cod_hab":null,"nombre_ips":null,"direccion":null,"barrio":null,"id_com_cor":null,"comu_corre":null,"natu_ips":null,"cla_ips":null,"cod_capa_reps":16,"nom_capa_reps":"AMBULANCIAS","cantidad":1,"serv_capa_reps":"Medicalizada","descrip_capa":"AMBULANCIAS - Medicalizada"}},{"type":"Feature","id":"ads_ips_capacidad_reps.fid--215d4958_1a0d9e21907_42b3","geometry":null,"geometry_name":"the_geom","properties":{"consec":1014,"gid":null,"habili":null,"sede":null,"cod_hab":null,"nombre_ips":null,"direccion":null,"barrio":null,"id_com_cor":null,"comu_corre":null,"natu_ips":null,"cla_ips":null,"cod_capa_reps":16,"nom_capa_reps":"AMBULANCIAS","cantidad":1,"serv_capa_reps":"Medicalizada","descrip_capa":"AMBULANCIAS - Medicalizada"}},{"type":"Feature","id":"ads_ips_capacidad_reps.fid--215d4958_1a0d9e21907_42b4","geometry":null,"geometry_name":"the_geom","properties":{"consec":null,"gid":null,"habili":null,"sede":null,"cod_hab":null,"nombre_ips":null,"direccion":null,"barrio":null,"id_com_cor":null,"comu_corre":null,"natu_ips":null,"cla_ips":null,"cod_capa_reps":null,"nom_capa_reps":"CAMAS","cantidad":null,"serv_capa_reps":"Unidad de Quemados Pediátrico","descrip_capa":"CAMAS - Unidad de Quemados Pediátrico"}},{"type":"Feature","id":"ads_ips_capacidad_reps.fid--215d4958_1a0d9e21907_42b5","geometry":null,"geometry_name":"the_geom","properties":{"consec":173,"gid":null,"habili":null,"sede":null,"cod_hab":null,"nombre_ips":null,"direccion":null,"barrio":null,"id_com_cor":null,"comu_corre":null,"natu_ips":null,"cla_ips":null,"cod_capa_reps":18,"nom_capa_reps":"CAMAS","cantidad":6,"serv_capa_reps":"Cuidado Agudo Mental","descrip_capa":"CAMAS - Cuidado Agudo Mental"}},{"type":"Feature","id":"ads_ips_capacidad_reps.fid--215d4958_1a0d9e21907_42b6","geometry":null,"geometry_name":"the_geom","properties":{"consec":174,"gid":null,"habili":null,"sede":null,"cod_hab":null,"nombre_ips":null,"direccion":null,"barrio":null,"id_com_cor":null,"comu_corre":null,"natu_ips":null,"cla_ips":null,"cod_capa_reps":20,"nom_capa_reps":"CAMAS","cantidad":2,"serv_capa_reps":"Institución Paciente Crónico","descrip_capa":"CAMAS - Institución Paciente Crónico"}},{"type":"Feature","id":"ads_ips_capacidad_reps.fid--215d4958_1a0d9e21907_42b7","geometry":null,"geometry_name":"the_geom","properties":{"consec":null,"gid":null,"habili":null,"sede":null,"cod_hab":null,"nombre_ips":null,"direccion":null,"barrio":null,"id_com_cor":null,"comu_corre":null,"natu_ips":null,"cla_ips":null,"cod_capa_reps":null,"nom_capa_reps":"APOYO TERAPÉUTICO","cantidad":null,"serv_capa_reps":"Sillas de Quimioterapia","descrip_capa":"APOYO TERAPÉUTICO - Sillas de Quimioterapia"}},{"type":"Feature","id":"ads_ips_capacidad_reps.fid--215d4958_1a0d9e21907_42b8","geometry":null,"geometry_name":"the_geom","properties":{"consec":null,"gid":null,"habili":null,"sede":null,"cod_hab":null,"nombre_ips":null,"direccion":null,"barrio":null,"id_com_cor":null,"comu_corre":null,"natu_ips":null,"cla_ips":null,"cod_capa_reps":null,"nom_capa_reps":"APOYO TERAPÉUTICO","cantidad":null,"serv_capa_reps":"Sillas de Hemodiálisis","descrip_capa":"APOYO TERAPÉUTICO - Sillas de Hemodiálisis"}},{"type":"Feature","id":"ads_ips_capacidad_reps.fid--215d4958_1a0d9e21907_42b9","geometry":null,"geometry_name":"the_geom","properties":{"consec":667,"gid":null,"habili":null,"sede":null,"cod_hab":null,"nombre_ips":null,"direccion":null,"barrio":null,"id_com_cor":null,"comu_corre":null,"natu_ips":null,"cla_ips":null,"cod_capa_reps":25,"nom_capa_reps":"SALAS","cantidad":1,"serv_capa_reps":"Procedimientos","descrip_capa":"SALAS - Procedimientos"}},{"type":"Feature","id":"ads_ips_capacidad_reps.fid--215d4958_1a0d9e21907_42ba","geometry":null,"geometry_name":"the_geom","properties":{"consec":665,"gid":null,"habili":null,"sede":null,"cod_hab":null,"nombre_ips":null,"direccion":null,"barrio":null,"id_com_cor":null,"comu_corre":null,"natu_ips":null,"cla_ips":null,"cod_capa_reps":25,"nom_capa_reps":"SALAS","cantidad":1,"serv_capa_reps":"Procedimientos","descrip_capa":"SALAS - Procedimientos"}},{"type":"Feature","id":"ads_ips_capacidad_reps.fid--215d4958_1a0d9e21907_42bb","geometry":null,"geometry_name":"the_geom","properties":{"consec":661,"gid":null,"habili":null,"sede":null,"cod_hab":null,"nombre_ips":null,"direccion":null,"barrio":null,"id_com_cor":null,"comu_corre":null,"natu_ips":null,"cla_ips":null,"cod_capa_reps":25,"nom_capa_reps":"SALAS","cantidad":1,"serv_capa_reps":"Procedimientos","descrip_capa":"SALAS - Procedimientos"}},{"type":"Feature","id":"ads_ips_capacidad_reps.fid--215d4958_1a0d9e21907_42bc","geometry":null,"geometry_name":"the_geom","properties":{"consec":612,"gid":null,"habili":null,"sede":null,"cod_hab":null,"nombre_ips":null,"direccion":null,"barrio":null,"id_com_cor":null,"comu_corre":null,"natu_ips":null,"cla_ips":null,"cod_capa_reps":25,"nom_capa_reps":"SALAS","cantidad":1,"serv_capa_reps":"Procedimientos","descrip_capa":"SALAS - Procedimientos"}},{"type":"Feature","id":"ads_ips_capacidad_reps.fid--215d4958_1a0d9e21907_42bd","geometry":null,"geometry_name":"the_geom","properties":{"consec":593,"gid":null,"habili":null,"sede":null,"cod_hab":null,"nombre_ips":null,"direccion":null,"barrio":null,"id_com_cor":null,"comu_corre":null,"natu_ips":null,"cla_ips":null,"cod_capa_reps":25,"nom_capa_reps":"SALAS","cantidad":1,"serv_capa_reps":"Procedimientos","descrip_capa":"SALAS - Procedimientos"}},{"type":"Feature","id":"ads_ips_capacidad_reps.fid--215d4958_1a0d9e21907_42be","geometry":null,"geometry_name":"the_geom","properties":{"consec":585,"gid":null,"habili":null,"sede":null,"cod_hab":null,"nombre_ips":null,"direccion":null,"barrio":null,"id_com_cor":null,"comu_corre":null,"natu_ips":null,"cla_ips":null,"cod_capa_reps":25,"nom_capa_reps":"SALAS","cantidad":1,"serv_capa_reps":"Procedimientos","descrip_capa":"SALAS - Procedimientos"}},{"type":"Feature","id":"ads_ips_capacidad_reps.fid--215d4958_1a0d9e21907_42bf","geometry":null,"geometry_name":"the_geom","properties":{"consec":583,"gid":null,"habili":null,"sede":null,"cod_hab":null,"nombre_ips":null,"direccion":null,"barrio":null,"id_com_cor":null,"comu_corre":null,"natu_ips":null,"cla_ips":null,"cod_capa_reps":25,"nom_capa_reps":"SALAS","cantidad":1,"serv_capa_reps":"Procedimientos","descrip_capa":"SALAS - Procedimientos"}},{"type":"Feature","id":"ads_ips_capacidad_reps.fid--215d4958_1a0d9e21907_42c0","geometry":null,"geometry_name":"the_geom","properties":{"consec":579,"gid":null,"habili":null,"sede":null,"cod_hab":null,"nombre_ips":null,"direccion":null,"barrio":null,"id_com_cor":null,"comu_corre":null,"natu_ips":null,"cla_ips":null,"cod_capa_reps":25,"nom_capa_reps":"SALAS","cantidad":1,"serv_capa_reps":"Procedimientos","descrip_capa":"SALAS - Procedimientos"}},{"type":"Feature","id":"ads_ips_capacidad_reps.fid--215d4958_1a0d9e21907_42c1","geometry":null,"geometry_name":"the_geom","properties":{"consec":567,"gid":null,"habili":null,"sede":null,"cod_hab":null,"nombre_ips":null,"direccion":null,"barrio":null,"id_com_cor":null,"comu_corre":null,"natu_ips":null,"cla_ips":null,"cod_capa_reps":25,"nom_capa_reps":"SALAS","cantidad":1,"serv_capa_reps":"Procedimientos","descrip_capa":"SALAS - Procedimientos"}},{"type":"Feature","id":"ads_ips_capacidad_reps.fid--215d4958_1a0d9e21907_42c2","geometry":null,"geometry_name":"the_geom","properties":{"consec":39,"gid":null,"habili":null,"sede":null,"cod_hab":null,"nombre_ips":null,"direccion":null,"barrio":null,"id_com_cor":null,"comu_corre":null,"natu_ips":null,"cla_ips":null,"cod_capa_reps":25,"nom_capa_reps":"SALAS","cantidad":1,"serv_capa_reps":"Procedimientos","descrip_capa":"SALAS - Procedimientos"}},{"type":"Feature","id":"ads_ips_capacidad_reps.fid--215d4958_1a0d9e21907_42c3","geometry":null,"geometry_name":"the_geom","properties":{"consec":72,"gid":null,"habili":null,"sede":null,"cod_hab":null,"nombre_ips":null,"direccion":null,"barrio":null,"id_com_cor":null,"comu_corre":null,"natu_ips":null,"cla_ips":null,"cod_capa_reps":25,"nom_capa_reps":"SALAS","cantidad":1,"serv_capa_reps":"Procedimientos","descrip_capa":"SALAS - Procedimientos"}},{"type":"Feature","id":"ads_ips_capacidad_reps.fid--215d4958_1a0d9e21907_42c4","geometry":null,"geometry_name":"the_geom","properties":{"consec":87,"gid":null,"habili":null,"sede":null,"cod_hab":null,"nombre_ips":null,"direccion":null,"barrio":null,"id_com_cor":null,"comu_corre":null,"natu_ips":null,"cla_ips":null,"cod_capa_reps":25,"nom_capa_reps":"SALAS","cantidad":1,"serv_capa_reps":"Procedimientos","descrip_capa":"SALAS - Procedimientos"}},{"type":"Feature","id":"ads_ips_capacidad_reps.fid--215d4958_1a0d9e21907_42c5","geometry":null,"geometry_name":"the_geom","properties":{"consec":91,"gid":null,"habili":null,"sede":null,"cod_hab":null,"nombre_ips":null,"direccion":null,"barrio":null,"id_com_cor":null,"comu_corre":null,"natu_ips":null,"cla_ips":null,"cod_capa_reps":25,"nom_capa_reps":"SALAS","cantidad":1,"serv_capa_reps":"Procedimientos","descrip_capa":"SALAS - Procedimientos"}},{"type":"Feature","id":"ads_ips_capacidad_reps.fid--215d4958_1a0d9e21907_42c6","geometry":null,"geometry_name":"the_geom","properties":{"consec":258,"gid":null,"habili":null,"sede":null,"cod_hab":null,"nombre_ips":null,"direccion":null,"barrio":null,"id_com_cor":null,"comu_corre":null,"natu_ips":null,"cla_ips":null,"cod_capa_reps":25,"nom_capa_reps":"SALAS","cantidad":1,"serv_capa_reps":"Procedimientos","descrip_capa":"SALAS - Procedimientos"}},{"type":"Feature","id":"ads_ips_capacidad_reps.fid--215d4958_1a0d9e21907_42c7","geometry":null,"geometry_name":"the_geom","properties":{"consec":1054,"gid":null,"habili":null,"sede":null,"cod_hab":null,"nombre_ips":null,"direccion":null,"barrio":null,"id_com_cor":null,"comu_corre":null,"natu_ips":null,"cla_ips":null,"cod_capa_reps":25,"nom_capa_reps":"SALAS","cantidad":1,"serv_capa_reps":"Procedimientos","descrip_capa":"SALAS - Procedimientos"}},{"type":"Feature","id":"ads_ips_capacidad_reps.fid--215d4958_1a0d9e21907_42c8","geometry":null,"geometry_name":"the_geom","properties":{"consec":1055,"gid":null,"habili":null,"sede":null,"cod_hab":null,"nombre_ips":null,"direccion":null,"barrio":null,"id_com_cor":null,"comu_corre":null,"natu_ips":null,"cla_ips":null,"cod_capa_reps":25,"nom_capa_reps":"SALAS","cantidad":1,"serv_capa_reps":"Procedimientos","descrip_capa":"SALAS - Procedimientos"}},{"type":"Feature","id":"ads_ips_capacidad_reps.fid--215d4958_1a0d9e21907_42c9","geometry":null,"geometry_name":"the_geom","properties":{"consec":1056,"gid":null,"habili":null,"sede":null,"cod_hab":null,"nombre_ips":null,"direccion":null,"barrio":null,"id_com_cor":null,"comu_corre":null,"natu_ips":null,"cla_ips":null,"cod_capa_reps":25,"nom_capa_reps":"SALAS","cantidad":1,"serv_capa_reps":"Procedimientos","descrip_capa":"SALAS - Procedimientos"}},{"type":"Feature","id":"ads_ips_capacidad_reps.fid--215d4958_1a0d9e21907_42ca","geometry":null,"geometry_name":"the_geom","properties":{"consec":481,"gid":null,"habili":null,"sede":null,"cod_hab":null,"nombre_ips":null,"direccion":null,"barrio":null,"id_com_cor":null,"comu_corre":null,"natu_ips":null,"cla_ips":null,"cod_capa_reps":25,"nom_capa_reps":"SALAS","cantidad":1,"serv_capa_reps":"Procedimientos","descrip_capa":"SALAS - Procedimientos"}},{"type":"Feature","id":"ads_ips_capacidad_reps.fid--215d4958_1a0d9e21907_42cb","geometry":null,"geometry_name":"the_geom","properties":{"consec":480,"gid":null,"habili":null,"sede":null,"cod_hab":null,"nombre_ips":null,"direccion":null,"barrio":null,"id_com_cor":null,"comu_corre":null,"natu_ips":null,"cla_ips":null,"cod_capa_reps":25,"nom_capa_reps":"SALAS","cantidad":2,"serv_capa_reps":"Procedimientos","descrip_capa":"SALAS - Procedimientos"}},{"type":"Feature","id":"ads_ips_capacidad_reps.fid--215d4958_1a0d9e21907_42cc","geometry":null,"geometry_name":"the_geom","properties":{"consec":402,"gid":null,"habili":null,"sede":null,"cod_hab":null,"nombre_ips":null,"direccion":null,"barrio":null,"id_com_cor":null,"comu_corre":null,"natu_ips":null,"cla_ips":null,"cod_capa_reps":25,"nom_capa_reps":"SALAS","cantidad":2,"serv_capa_reps":"Procedimientos","descrip_capa":"SALAS - Procedimientos"}},{"type":"Feature","id":"ads_ips_capacidad_reps.fid--215d4958_1a0d9e21907_42cd","geometry":null,"geometry_name":"the_geom","properties":{"consec":396,"gid":null,"habili":null,"sede":null,"cod_hab":null,"nombre_ips":null,"direccion":null,"barrio":null,"id_com_cor":null,"comu_corre":null,"natu_ips":null,"cla_ips":null,"cod_capa_reps":25,"nom_capa_reps":"SALAS","cantidad":1,"serv_capa_reps":"Procedimientos","descrip_capa":"SALAS - Procedimientos"}},{"type":"Feature","id":"ads_ips_capacidad_reps.fid--215d4958_1a0d9e21907_42ce","geometry":null,"geometry_name":"the_geom","properties":{"consec":368,"gid":null,"habili":null,"sede":null,"cod_hab":null,"nombre_ips":null,"direccion":null,"barrio":null,"id_com_cor":null,"comu_corre":null,"natu_ips":null,"cla_ips":null,"cod_capa_reps":25,"nom_capa_reps":"SALAS","cantidad":1,"serv_capa_reps":"Procedimientos","descrip_capa":"SALAS - Procedimientos"}},{"type":"Feature","id":"ads_ips_capacidad_reps.fid--215d4958_1a0d9e21907_42cf","geometry":null,"geometry_name":"the_geom","properties":{"consec":284,"gid":null,"habili":null,"sede":null,"cod_hab":null,"nombre_ips":null,"direccion":null,"barrio":null,"id_com_cor":null,"comu_corre":null,"natu_ips":null,"cla_ips":null,"cod_capa_reps":25,"nom_capa_reps":"SALAS","cantidad":3,"serv_capa_reps":"Procedimientos","descrip_capa":"SALAS - Procedimientos"}},{"type":"Feature","id":"ads_ips_capacidad_reps.fid--215d4958_1a0d9e21907_42d0","geometry":null,"geometry_name":"the_geom","properties":{"consec":807,"gid":null,"habili":null,"sede":null,"cod_hab":null,"nombre_ips":null,"direccion":null,"barrio":null,"id_com_cor":null,"comu_corre":null,"natu_ips":null,"cla_ips":null,"cod_capa_reps":25,"nom_capa_reps":"SALAS","cantidad":2,"serv_capa_reps":"Procedimientos","descrip_capa":"SALAS - Procedimientos"}},{"type":"Feature","id":"ads_ips_capacidad_reps.fid--215d4958_1a0d9e21907_42d1","geometry":null,"geometry_name":"the_geom","properties":{"consec":831,"gid":null,"habili":null,"sede":null,"cod_hab":null,"nombre_ips":null,"direccion":null,"barrio":null,"id_com_cor":null,"comu_corre":null,"natu_ips":null,"cla_ips":null,"cod_capa_reps":25,"nom_capa_reps":"SALAS","cantidad":1,"serv_capa_reps":"Procedimientos","descrip_capa":"SALAS - Procedimientos"}},{"type":"Feature","id":"ads_ips_capacidad_reps.fid--215d4958_1a0d9e21907_42d2","geometry":null,"geometry_name":"the_geom","properties":{"consec":873,"gid":null,"habili":null,"sede":null,"cod_hab":null,"nombre_ips":null,"direccion":null,"barrio":null,"id_com_cor":null,"comu_corre":null,"natu_ips":null,"cla_ips":null,"cod_capa_reps":25,"nom_capa_reps":"SALAS","cantidad":1,"serv_capa_reps":"Procedimientos","descrip_capa":"SALAS - Procedimientos"}},{"type":"Feature","id":"ads_ips_capacidad_reps.fid--215d4958_1a0d9e21907_42d3","geometry":null,"geometry_name":"the_geom","properties":{"consec":958,"gid":null,"habili":null,"sede":null,"cod_hab":null,"nombre_ips":null,"direccion":null,"barrio":null,"id_com_cor":null,"comu_corre":null,"natu_ips":null,"cla_ips":null,"cod_capa_reps":25,"nom_capa_reps":"SALAS","cantidad":1,"serv_capa_reps":"Procedimientos","descrip_capa":"SALAS - Procedimientos"}},{"type":"Feature","id":"ads_ips_capacidad_reps.fid--215d4958_1a0d9e21907_42d4","geometry":null,"geometry_name":"the_geom","properties":{"consec":995,"gid":null,"habili":null,"sede":null,"cod_hab":null,"nombre_ips":null,"direccion":null,"barrio":null,"id_com_cor":null,"comu_corre":null,"natu_ips":null,"cla_ips":null,"cod_capa_reps":25,"nom_capa_reps":"SALAS","cantidad":1,"serv_capa_reps":"Procedimientos","descrip_capa":"SALAS - Procedimientos"}},{"type":"Feature","id":"ads_ips_capacidad_reps.fid--215d4958_1a0d9e21907_42d5","geometry":null,"geometry_name":"the_geom","properties":{"consec":999,"gid":null,"habili":null,"sede":null,"cod_hab":null,"nombre_ips":null,"direccion":null,"barrio":null,"id_com_cor":null,"comu_corre":null,"natu_ips":null,"cla_ips":null,"cod_capa_reps":25,"nom_capa_reps":"SALAS","cantidad":1,"serv_capa_reps":"Procedimientos","descrip_capa":"SALAS - Procedimientos"}},{"type":"Feature","id":"ads_ips_capacidad_reps.fid--215d4958_1a0d9e21907_42d6","geometry":null,"geometry_name":"the_geom","properties":{"consec":1000,"gid":null,"habili":null,"sede":null,"cod_hab":null,"nombre_ips":null,"direccion":null,"barrio":null,"id_com_cor":null,"comu_corre":null,"natu_ips":null,"cla_ips":null,"cod_capa_reps":25,"nom_capa_reps":"SALAS","cantidad":1,"serv_capa_reps":"Procedimientos","descrip_capa":"SALAS - Procedimientos"}},{"type":"Feature","id":"ads_ips_capacidad_reps.fid--215d4958_1a0d9e21907_42d7","geometry":null,"geometry_name":"the_geom","properties":{"consec":1001,"gid":null,"habili":null,"sede":null,"cod_hab":null,"nombre_ips":null,"direccion":null,"barrio":null,"id_com_cor":null,"comu_corre":null,"natu_ips":null,"cla_ips":null,"cod_capa_reps":25,"nom_capa_reps":"SALAS","cantidad":1,"serv_capa_reps":"Procedimientos","descrip_capa":"SALAS - Procedimientos"}},{"type":"Feature","id":"ads_ips_capacidad_reps.fid--215d4958_1a0d9e21907_42d8","geometry":null,"geometry_name":"the_geom","properties":{"consec":1002,"gid":null,"habili":null,"sede":null,"cod_hab":null,"nombre_ips":null,"direccion":null,"barrio":null,"id_com_cor":null,"comu_corre":null,"natu_ips":null,"cla_ips":null,"cod_capa_reps":25,"nom_capa_reps":"SALAS","cantidad":1,"serv_capa_reps":"Procedimientos","descrip_capa":"SALAS - Procedimientos"}},{"type":"Feature","id":"ads_ips_capacidad_reps.fid--215d4958_1a0d9e21907_42d9","geometry":null,"geometry_name":"the_geom","properties":{"consec":1003,"gid":null,"habili":null,"sede":null,"cod_hab":null,"nombre_ips":null,"direccion":null,"barrio":null,"id_com_cor":null,"comu_corre":null,"natu_ips":null,"cla_ips":null,"cod_capa_reps":25,"nom_capa_reps":"SALAS","cantidad":1,"serv_capa_reps":"Procedimientos","descrip_capa":"SALAS - Procedimientos"}},{"type":"Feature","id":"ads_ips_capacidad_reps.fid--215d4958_1a0d9e21907_42da","geometry":null,"geometry_name":"the_geom","properties":{"consec":1004,"gid":null,"habili":null,"sede":null,"cod_hab":null,"nombre_ips":null,"direccion":null,"barrio":null,"id_com_cor":null,"comu_corre":null,"natu_ips":null,"cla_ips":null,"cod_capa_reps":25,"nom_capa_reps":"SALAS","cantidad":1,"serv_capa_reps":"Procedimientos","descrip_capa":"SALAS - Procedimientos"}},{"type":"Feature","id":"ads_ips_capacidad_reps.fid--215d4958_1a0d9e21907_42db","geometry":null,"geometry_name":"the_geom","properties":{"consec":1005,"gid":null,"habili":null,"sede":null,"cod_hab":null,"nombre_ips":null,"direccion":null,"barrio":null,"id_com_cor":null,"comu_corre":null,"natu_ips":null,"cla_ips":null,"cod_capa_reps":25,"nom_capa_reps":"SALAS","cantidad":1,"serv_capa_reps":"Procedimientos","descrip_capa":"SALAS - Procedimientos"}},{"type":"Feature","id":"ads_ips_capacidad_reps.fid--215d4958_1a0d9e21907_42dc","geometry":null,"geometry_name":"the_geom","properties":{"consec":1006,"gid":null,"habili":null,"sede":null,"cod_hab":null,"nombre_ips":null,"direccion":null,"barrio":null,"id_com_cor":null,"comu_corre":null,"natu_ips":null,"cla_ips":null,"cod_capa_reps":25,"nom_capa_reps":"SALAS","cantidad":1,"serv_capa_reps":"Procedimientos","descrip_capa":"SALAS - Procedimientos"}},{"type":"Feature","id":"ads_ips_capacidad_reps.fid--215d4958_1a0d9e21907_42dd","geometry":null,"geometry_name":"the_geom","properties":{"consec":1007,"gid":null,"habili":null,"sede":null,"cod_hab":null,"nombre_ips":null,"direccion":null,"barrio":null,"id_com_cor":null,"comu_corre":null,"natu_ips":null,"cla_ips":null,"cod_capa_reps":25,"nom_capa_reps":"SALAS","cantidad":1,"serv_capa_reps":"Procedimientos","descrip_capa":"SALAS - Procedimientos"}},{"type":"Feature","id":"ads_ips_capacidad_reps.fid--215d4958_1a0d9e21907_42de","geometry":null,"geometry_name":"the_geom","properties":{"consec":1008,"gid":null,"habili":null,"sede":null,"cod_hab":null,"nombre_ips":null,"direccion":null,"barrio":null,"id_com_cor":null,"comu_corre":null,"natu_ips":null,"cla_ips":null,"cod_capa_reps":25,"nom_capa_reps":"SALAS","cantidad":1,"serv_capa_reps":"Procedimientos","descrip_capa":"SALAS - Procedimientos"}},{"type":"Feature","id":"ads_ips_capacidad_reps.fid--215d4958_1a0d9e21907_42df","geometry":null,"geometry_name":"the_geom","properties":{"consec":1009,"gid":null,"habili":null,"sede":null,"cod_hab":null,"nombre_ips":null,"direccion":null,"barrio":null,"id_com_cor":null,"comu_corre":null,"natu_ips":null,"cla_ips":null,"cod_capa_reps":25,"nom_capa_reps":"SALAS","cantidad":1,"serv_capa_reps":"Procedimientos","descrip_capa":"SALAS - Procedimientos"}},{"type":"Feature","id":"ads_ips_capacidad_reps.fid--215d4958_1a0d9e21907_42e0","geometry":null,"geometry_name":"the_geom","properties":{"consec":1010,"gid":null,"habili":null,"sede":null,"cod_hab":null,"nombre_ips":null,"direccion":null,"barrio":null,"id_com_cor":null,"comu_corre":null,"natu_ips":null,"cla_ips":null,"cod_capa_reps":25,"nom_capa_reps":"SALAS","cantidad":1,"serv_capa_reps":"Procedimientos","descrip_capa":"SALAS - Procedimientos"}},{"type":"Feature","id":"ads_ips_capacidad_reps.fid--215d4958_1a0d9e21907_42e1","geometry":null,"geometry_name":"the_geom","properties":{"consec":1011,"gid":null,"habili":null,"sede":null,"cod_hab":null,"nombre_ips":null,"direccion":null,"barrio":null,"id_com_cor":null,"comu_corre":null,"natu_ips":null,"cla_ips":null,"cod_capa_reps":25,"nom_capa_reps":"SALAS","cantidad":1,"serv_capa_reps":"Procedimientos","descrip_capa":"SALAS - Procedimientos"}},{"type":"Feature","id":"ads_ips_capacidad_reps.fid--215d4958_1a0d9e21907_42e2","geometry":null,"geometry_name":"the_geom","properties":{"consec":1012,"gid":null,"habili":null,"sede":null,"cod_hab":null,"nombre_ips":null,"direccion":null,"barrio":null,"id_com_cor":null,"comu_corre":null,"natu_ips":null,"cla_ips":null,"cod_capa_reps":25,"nom_capa_reps":"SALAS","cantidad":1,"serv_capa_reps":"Procedimientos","descrip_capa":"SALAS - Procedimientos"}},{"type":"Feature","id":"ads_ips_capacidad_reps.fid--215d4958_1a0d9e21907_42e3","geometry":null,"geometry_name":"the_geom","properties":{"consec":1015,"gid":null,"habili":null,"sede":null,"cod_hab":null,"nombre_ips":null,"direccion":null,"barrio":null,"id_com_cor":null,"comu_corre":null,"natu_ips":null,"cla_ips":null,"cod_capa_reps":25,"nom_capa_reps":"SALAS","cantidad":1,"serv_capa_reps":"Procedimientos","descrip_capa":"SALAS - Procedimientos"}},{"type":"Feature","id":"ads_ips_capacidad_reps.fid--215d4958_1a0d9e21907_42e4","geometry":null,"geometry_name":"the_geom","properties":{"consec":1016,"gid":null,"habili":null,"sede":null,"cod_hab":null,"nombre_ips":null,"direccion":null,"barrio":null,"id_com_cor":null,"comu_corre":null,"natu_ips":null,"cla_ips":null,"cod_capa_reps":25,"nom_capa_reps":"SALAS","cantidad":1,"serv_capa_reps":"Procedimientos","descrip_capa":"SALAS - Procedimientos"}},{"type":"Feature","id":"ads_ips_capacidad_reps.fid--215d4958_1a0d9e21907_42e5","geometry":null,"geometry_name":"the_geom","properties":{"consec":1017,"gid":null,"habili":null,"sede":null,"cod_hab":null,"nombre_ips":null,"direccion":null,"barrio":null,"id_com_cor":null,"comu_corre":null,"natu_ips":null,"cla_ips":null,"cod_capa_reps":25,"nom_capa_reps":"SALAS","cantidad":1,"serv_capa_reps":"Procedimientos","descrip_capa":"SALAS - Procedimientos"}},{"type":"Feature","id":"ads_ips_capacidad_reps.fid--215d4958_1a0d9e21907_42e6","geometry":null,"geometry_name":"the_geom","properties":{"consec":1018,"gid":null,"habili":null,"sede":null,"cod_hab":null,"nombre_ips":null,"direccion":null,"barrio":null,"id_com_cor":null,"comu_corre":null,"natu_ips":null,"cla_ips":null,"cod_capa_reps":25,"nom_capa_reps":"SALAS","cantidad":1,"serv_capa_reps":"Procedimientos","descrip_capa":"SALAS - Procedimientos"}},{"type":"Feature","id":"ads_ips_capacidad_reps.fid--215d4958_1a0d9e21907_42e7","geometry":null,"geometry_name":"the_geom","properties":{"consec":1019,"gid":null,"habili":null,"sede":null,"cod_hab":null,"nombre_ips":null,"direccion":null,"barrio":null,"id_com_cor":null,"comu_corre":null,"natu_ips":null,"cla_ips":null,"cod_capa_reps":25,"nom_capa_reps":"SALAS","cantidad":1,"serv_capa_reps":"Procedimientos","descrip_capa":"SALAS - Procedimientos"}},{"type":"Feature","id":"ads_ips_capacidad_reps.fid--215d4958_1a0d9e21907_42e8","geometry":null,"geometry_name":"the_geom","properties":{"consec":1022,"gid":null,"habili":null,"sede":null,"cod_hab":null,"nombre_ips":null,"direccion":null,"barrio":null,"id_com_cor":null,"comu_corre":null,"natu_ips":null,"cla_ips":null,"cod_capa_reps":25,"nom_capa_reps":"SALAS","cantidad":1,"serv_capa_reps":"Procedimientos","descrip_capa":"SALAS - Procedimientos"}},{"type":"Feature","id":"ads_ips_capacidad_reps.fid--215d4958_1a0d9e21907_42e9","geometry":null,"geometry_name":"the_geom","properties":{"consec":1023,"gid":null,"habili":null,"sede":null,"cod_hab":null,"nombre_ips":null,"direccion":null,"barrio":null,"id_com_cor":null,"comu_corre":null,"natu_ips":null,"cla_ips":null,"cod_capa_reps":25,"nom_capa_reps":"SALAS","cantidad":1,"serv_capa_reps":"Procedimientos","descrip_capa":"SALAS - Procedimientos"}},{"type":"Feature","id":"ads_ips_capacidad_reps.fid--215d4958_1a0d9e21907_42ea","geometry":null,"geometry_name":"the_geom","properties":{"consec":1024,"gid":null,"habili":null,"sede":null,"cod_hab":null,"nombre_ips":null,"direccion":null,"barrio":null,"id_com_cor":null,"comu_corre":null,"natu_ips":null,"cla_ips":null,"cod_capa_reps":25,"nom_capa_reps":"SALAS","cantidad":1,"serv_capa_reps":"Procedimientos","descrip_capa":"SALAS - Procedimientos"}},{"type":"Feature","id":"ads_ips_capacidad_reps.fid--215d4958_1a0d9e21907_42eb","geometry":null,"geometry_name":"the_geom","properties":{"consec":1025,"gid":null,"habili":null,"sede":null,"cod_hab":null,"nombre_ips":null,"direccion":null,"barrio":null,"id_com_cor":null,"comu_corre":null,"natu_ips":null,"cla_ips":null,"cod_capa_reps":25,"nom_capa_reps":"SALAS","cantidad":1,"serv_capa_reps":"Procedimientos","descrip_capa":"SALAS - Procedimientos"}},{"type":"Feature","id":"ads_ips_capacidad_reps.fid--215d4958_1a0d9e21907_42ec","geometry":null,"geometry_name":"the_geom","properties":{"consec":1026,"gid":null,"habili":null,"sede":null,"cod_hab":null,"nombre_ips":null,"direccion":null,"barrio":null,"id_com_cor":null,"comu_corre":null,"natu_ips":null,"cla_ips":null,"cod_capa_reps":25,"nom_capa_reps":"SALAS","cantidad":1,"serv_capa_reps":"Procedimientos","descrip_capa":"SALAS - Procedimientos"}},{"type":"Feature","id":"ads_ips_capacidad_reps.fid--215d4958_1a0d9e21907_42ed","geometry":null,"geometry_name":"the_geom","properties":{"consec":1027,"gid":null,"habili":null,"sede":null,"cod_hab":null,"nombre_ips":null,"direccion":null,"barrio":null,"id_com_cor":null,"comu_corre":null,"natu_ips":null,"cla_ips":null,"cod_capa_reps":25,"nom_capa_reps":"SALAS","cantidad":1,"serv_capa_reps":"Procedimientos","descrip_capa":"SALAS - Procedimientos"}},{"type":"Feature","id":"ads_ips_capacidad_reps.fid--215d4958_1a0d9e21907_42ee","geometry":null,"geometry_name":"the_geom","properties":{"consec":1028,"gid":null,"habili":null,"sede":null,"cod_hab":null,"nombre_ips":null,"direccion":null,"barrio":null,"id_com_cor":null,"comu_corre":null,"natu_ips":null,"cla_ips":null,"cod_capa_reps":25,"nom_capa_reps":"SALAS","cantidad":1,"serv_capa_reps":"Procedimientos","descrip_capa":"SALAS - Procedimientos"}},{"type":"Feature","id":"ads_ips_capacidad_reps.fid--215d4958_1a0d9e21907_42ef","geometry":null,"geometry_name":"the_geom","properties":{"consec":1030,"gid":null,"habili":null,"sede":null,"cod_hab":null,"nombre_ips":null,"direccion":null,"barrio":null,"id_com_cor":null,"comu_corre":null,"natu_ips":null,"cla_ips":null,"cod_capa_reps":25,"nom_capa_reps":"SALAS","cantidad":1,"serv_capa_reps":"Procedimientos","descrip_capa":"SALAS - Procedimientos"}},{"type":"Feature","id":"ads_ips_capacidad_reps.fid--215d4958_1a0d9e21907_42f0","geometry":null,"geometry_name":"the_geom","properties":{"consec":1031,"gid":null,"habili":null,"sede":null,"cod_hab":null,"nombre_ips":null,"direccion":null,"barrio":null,"id_com_cor":null,"comu_corre":null,"natu_ips":null,"cla_ips":null,"cod_capa_reps":25,"nom_capa_reps":"SALAS","cantidad":1,"serv_capa_reps":"Procedimientos","descrip_capa":"SALAS - Procedimientos"}},{"type":"Feature","id":"ads_ips_capacidad_reps.fid--215d4958_1a0d9e21907_42f1","geometry":null,"geometry_name":"the_geom","properties":{"consec":1032,"gid":null,"habili":null,"sede":null,"cod_hab":null,"nombre_ips":null,"direccion":null,"barrio":null,"id_com_cor":null,"comu_corre":null,"natu_ips":null,"cla_ips":null,"cod_capa_reps":25,"nom_capa_reps":"SALAS","cantidad":1,"serv_capa_reps":"Procedimientos","descrip_capa":"SALAS - Procedimientos"}},{"type":"Feature","id":"ads_ips_capacidad_reps.fid--215d4958_1a0d9e21907_42f2","geometry":null,"geometry_name":"the_geom","properties":{"consec":1033,"gid":null,"habili":null,"sede":null,"cod_hab":null,"nombre_ips":null,"direccion":null,"barrio":null,"id_com_cor":null,"comu_corre":null,"natu_ips":null,"cla_ips":null,"cod_capa_reps":25,"nom_capa_reps":"SALAS","cantidad":1,"serv_capa_reps":"Procedimientos","descrip_capa":"SALAS - Procedimientos"}},{"type":"Feature","id":"ads_ips_capacidad_reps.fid--215d4958_1a0d9e21907_42f3","geometry":null,"geometry_name":"the_geom","properties":{"consec":1034,"gid":null,"habili":null,"sede":null,"cod_hab":null,"nombre_ips":null,"direccion":null,"barrio":null,"id_com_cor":null,"comu_corre":null,"natu_ips":null,"cla_ips":null,"cod_capa_reps":25,"nom_capa_reps":"SALAS","cantidad":1,"serv_capa_reps":"Procedimientos","descrip_capa":"SALAS - Procedimientos"}},{"type":"Feature","id":"ads_ips_capacidad_reps.fid--215d4958_1a0d9e21907_42f4","geometry":null,"geometry_name":"the_geom","properties":{"consec":1035,"gid":null,"habili":null,"sede":null,"cod_hab":null,"nombre_ips":null,"direccion":null,"barrio":null,"id_com_cor":null,"comu_corre":null,"natu_ips":null,"cla_ips":null,"cod_capa_reps":25,"nom_capa_reps":"SALAS","cantidad":1,"serv_capa_reps":"Procedimientos","descrip_capa":"SALAS - Procedimientos"}},{"type":"Feature","id":"ads_ips_capacidad_reps.fid--215d4958_1a0d9e21907_42f5","geometry":null,"geometry_name":"the_geom","properties":{"consec":1036,"gid":null,"habili":null,"sede":null,"cod_hab":null,"nombre_ips":null,"direccion":null,"barrio":null,"id_com_cor":null,"comu_corre":null,"natu_ips":null,"cla_ips":null,"cod_capa_reps":25,"nom_capa_reps":"SALAS","cantidad":1,"serv_capa_reps":"Procedimientos","descrip_capa":"SALAS - Procedimientos"}},{"type":"Feature","id":"ads_ips_capacidad_reps.fid--215d4958_1a0d9e21907_42f6","geometry":null,"geometry_name":"the_geom","properties":{"consec":1037,"gid":null,"habili":null,"sede":null,"cod_hab":null,"nombre_ips":null,"direccion":null,"barrio":null,"id_com_cor":null,"comu_corre":null,"natu_ips":null,"cla_ips":null,"cod_capa_reps":25,"nom_capa_reps":"SALAS","cantidad":1,"serv_capa_reps":"Procedimientos","descrip_capa":"SALAS - Procedimientos"}},{"type":"Feature","id":"ads_ips_capacidad_reps.fid--215d4958_1a0d9e21907_42f7","geometry":null,"geometry_name":"the_geom","properties":{"consec":1038,"gid":null,"habili":null,"sede":null,"cod_hab":null,"nombre_ips":null,"direccion":null,"barrio":null,"id_com_cor":null,"comu_corre":null,"natu_ips":null,"cla_ips":null,"cod_capa_reps":25,"nom_capa_reps":"SALAS","cantidad":1,"serv_capa_reps":"Procedimientos","descrip_capa":"SALAS - Procedimientos"}},{"type":"Feature","id":"ads_ips_capacidad_reps.fid--215d4958_1a0d9e21907_42f8","geometry":null,"geometry_name":"the_geom","properties":{"consec":1039,"gid":null,"habili":null,"sede":null,"cod_hab":null,"nombre_ips":null,"direccion":null,"barrio":null,"id_com_cor":null,"comu_corre":null,"natu_ips":null,"cla_ips":null,"cod_capa_reps":25,"nom_capa_reps":"SALAS","cantidad":1,"serv_capa_reps":"Procedimientos","descrip_capa":"SALAS - Procedimientos"}},{"type":"Feature","id":"ads_ips_capacidad_reps.fid--215d4958_1a0d9e21907_42f9","geometry":null,"geometry_name":"the_geom","properties":{"consec":1040,"gid":null,"habili":null,"sede":null,"cod_hab":null,"nombre_ips":null,"direccion":null,"barrio":null,"id_com_cor":null,"comu_corre":null,"natu_ips":null,"cla_ips":null,"cod_capa_reps":25,"nom_capa_reps":"SALAS","cantidad":1,"serv_capa_reps":"Procedimientos","descrip_capa":"SALAS - Procedimientos"}},{"type":"Feature","id":"ads_ips_capacidad_reps.fid--215d4958_1a0d9e21907_42fa","geometry":null,"geometry_name":"the_geom","properties":{"consec":1041,"gid":null,"habili":null,"sede":null,"cod_hab":null,"nombre_ips":null,"direccion":null,"barrio":null,"id_com_cor":null,"comu_corre":null,"natu_ips":null,"cla_ips":null,"cod_capa_reps":25,"nom_capa_reps":"SALAS","cantidad":1,"serv_capa_reps":"Procedimientos","descrip_capa":"SALAS - Procedimientos"}},{"type":"Feature","id":"ads_ips_capacidad_reps.fid--215d4958_1a0d9e21907_42fb","geometry":null,"geometry_name":"the_geom","properties":{"consec":1042,"gid":null,"habili":null,"sede":null,"cod_hab":null,"nombre_ips":null,"direccion":null,"barrio":null,"id_com_cor":null,"comu_corre":null,"natu_ips":null,"cla_ips":null,"cod_capa_reps":25,"nom_capa_reps":"SALAS","cantidad":1,"serv_capa_reps":"Procedimientos","descrip_capa":"SALAS - Procedimientos"}},{"type":"Feature","id":"ads_ips_capacidad_reps.fid--215d4958_1a0d9e21907_42fc","geometry":null,"geometry_name":"the_geom","properties":{"consec":1043,"gid":null,"habili":null,"sede":null,"cod_hab":null,"nombre_ips":null,"direccion":null,"barrio":null,"id_com_cor":null,"comu_corre":null,"natu_ips":null,"cla_ips":null,"cod_capa_reps":25,"nom_capa_reps":"SALAS","cantidad":1,"serv_capa_reps":"Procedimientos","descrip_capa":"SALAS - Procedimientos"}},{"type":"Feature","id":"ads_ips_capacidad_reps.fid--215d4958_1a0d9e21907_42fd","geometry":null,"geometry_name":"the_geom","properties":{"consec":1044,"gid":null,"habili":null,"sede":null,"cod_hab":null,"nombre_ips":null,"direccion":null,"barrio":null,"id_com_cor":null,"comu_corre":null,"natu_ips":null,"cla_ips":null,"cod_capa_reps":25,"nom_capa_reps":"SALAS","cantidad":1,"serv_capa_reps":"Procedimientos","descrip_capa":"SALAS - Procedimientos"}},{"type":"Feature","id":"ads_ips_capacidad_reps.fid--215d4958_1a0d9e21907_42fe","geometry":null,"geometry_name":"the_geom","properties":{"consec":1045,"gid":null,"habili":null,"sede":null,"cod_hab":null,"nombre_ips":null,"direccion":null,"barrio":null,"id_com_cor":null,"comu_corre":null,"natu_ips":null,"cla_ips":null,"cod_capa_reps":25,"nom_capa_reps":"SALAS","cantidad":1,"serv_capa_reps":"Procedimientos","descrip_capa":"SALAS - Procedimientos"}},{"type":"Feature","id":"ads_ips_capacidad_reps.fid--215d4958_1a0d9e21907_42ff","geometry":null,"geometry_name":"the_geom","properties":{"consec":1046,"gid":null,"habili":null,"sede":null,"cod_hab":null,"nombre_ips":null,"direccion":null,"barrio":null,"id_com_cor":null,"comu_corre":null,"natu_ips":null,"cla_ips":null,"cod_capa_reps":25,"nom_capa_reps":"SALAS","cantidad":1,"serv_capa_reps":"Procedimientos","descrip_capa":"SALAS - Procedimientos"}},{"type":"Feature","id":"ads_ips_capacidad_reps.fid--215d4958_1a0d9e21907_4300","geometry":null,"geometry_name":"the_geom","properties":{"consec":1047,"gid":null,"habili":null,"sede":null,"cod_hab":null,"nombre_ips":null,"direccion":null,"barrio":null,"id_com_cor":null,"comu_corre":null,"natu_ips":null,"cla_ips":null,"cod_capa_reps":25,"nom_capa_reps":"SALAS","cantidad":1,"serv_capa_reps":"Procedimientos","descrip_capa":"SALAS - Procedimientos"}},{"type":"Feature","id":"ads_ips_capacidad_reps.fid--215d4958_1a0d9e21907_4301","geometry":null,"geometry_name":"the_geom","properties":{"consec":1048,"gid":null,"habili":null,"sede":null,"cod_hab":null,"nombre_ips":null,"direccion":null,"barrio":null,"id_com_cor":null,"comu_corre":null,"natu_ips":null,"cla_ips":null,"cod_capa_reps":25,"nom_capa_reps":"SALAS","cantidad":1,"serv_capa_reps":"Procedimientos","descrip_capa":"SALAS - Procedimientos"}},{"type":"Feature","id":"ads_ips_capacidad_reps.fid--215d4958_1a0d9e21907_4302","geometry":null,"geometry_name":"the_geom","properties":{"consec":1049,"gid":null,"habili":null,"sede":null,"cod_hab":null,"nombre_ips":null,"direccion":null,"barrio":null,"id_com_cor":null,"comu_corre":null,"natu_ips":null,"cla_ips":null,"cod_capa_reps":25,"nom_capa_reps":"SALAS","cantidad":1,"serv_capa_reps":"Procedimientos","descrip_capa":"SALAS - Procedimientos"}},{"type":"Feature","id":"ads_ips_capacidad_reps.fid--215d4958_1a0d9e21907_4303","geometry":null,"geometry_name":"the_geom","properties":{"consec":177,"gid":null,"habili":null,"sede":null,"cod_hab":null,"nombre_ips":null,"direccion":null,"barrio":null,"id_com_cor":null,"comu_corre":null,"natu_ips":null,"cla_ips":null,"cod_capa_reps":25,"nom_capa_reps":"SALAS","cantidad":7,"serv_capa_reps":"Procedimientos","descrip_capa":"SALAS - Procedimientos"}},{"type":"Feature","id":"ads_ips_capacidad_reps.fid--215d4958_1a0d9e21907_4304","geometry":null,"geometry_name":"the_geom","properties":{"consec":668,"gid":null,"habili":null,"sede":null,"cod_hab":null,"nombre_ips":null,"direccion":null,"barrio":null,"id_com_cor":null,"comu_corre":null,"natu_ips":null,"cla_ips":null,"cod_capa_reps":25,"nom_capa_reps":"SALAS","cantidad":2,"serv_capa_reps":"Procedimientos","descrip_capa":"SALAS - Procedimientos"}},{"type":"Feature","id":"ads_ips_capacidad_reps.fid--215d4958_1a0d9e21907_4305","geometry":null,"geometry_name":"the_geom","properties":{"consec":666,"gid":null,"habili":null,"sede":null,"cod_hab":null,"nombre_ips":null,"direccion":null,"barrio":null,"id_com_cor":null,"comu_corre":null,"natu_ips":null,"cla_ips":null,"cod_capa_reps":25,"nom_capa_reps":"SALAS","cantidad":1,"serv_capa_reps":"Procedimientos","descrip_capa":"SALAS - Procedimientos"}},{"type":"Feature","id":"ads_ips_capacidad_reps.fid--215d4958_1a0d9e21907_4306","geometry":null,"geometry_name":"the_geom","properties":{"consec":699,"gid":null,"habili":null,"sede":null,"cod_hab":null,"nombre_ips":null,"direccion":null,"barrio":null,"id_com_cor":null,"comu_corre":null,"natu_ips":null,"cla_ips":null,"cod_capa_reps":25,"nom_capa_reps":"SALAS","cantidad":1,"serv_capa_reps":"Procedimientos","descrip_capa":"SALAS - Procedimientos"}},{"type":"Feature","id":"ads_ips_capacidad_reps.fid--215d4958_1a0d9e21907_4307","geometry":null,"geometry_name":"the_geom","properties":{"consec":816,"gid":null,"habili":null,"sede":null,"cod_hab":null,"nombre_ips":null,"direccion":null,"barrio":null,"id_com_cor":null,"comu_corre":null,"natu_ips":null,"cla_ips":null,"cod_capa_reps":26,"nom_capa_reps":"CAMAS","cantidad":11,"serv_capa_reps":"Salud Mental","descrip_capa":"CAMAS - Salud Mental"}},{"type":"Feature","id":"ads_ips_capacidad_reps.fid--215d4958_1a0d9e21907_4308","geometry":null,"geometry_name":"the_geom","properties":{"consec":760,"gid":null,"habili":null,"sede":null,"cod_hab":null,"nombre_ips":null,"direccion":null,"barrio":null,"id_com_cor":null,"comu_corre":null,"natu_ips":null,"cla_ips":null,"cod_capa_reps":26,"nom_capa_reps":"CAMAS","cantidad":6,"serv_capa_reps":"Salud Mental","descrip_capa":"CAMAS - Salud Mental"}}],"totalFeatures":1062,"numberMatched":1062,"numberReturned":1062,"timeStamp":"2026-09-25T19:00:37.961Z","crs":{"type":"name","properties":{"name":"urn:ogc:def:crs:EPSG::4326"}}}