{"type":"FeatureCollection","features":[{"type":"Feature","id":"amb_ari_inundacion_pluvial.230","geometry":{"type":"MultiPolygon","coordinates":[[[[-76.48484643,3.49213889],[-76.48484645,3.49195796],[-76.48502652,3.49195798],[-76.4850265,3.49213891],[-76.48484643,3.49213889]]]]},"geometry_name":"the_geom","properties":{"id":4,"fuente":"OSSO","tipo_amena":"Amenaza Baja mitigable (Profundidad < 0.45m)"}},{"type":"Feature","id":"amb_ari_inundacion_pluvial.231","geometry":{"type":"MultiPolygon","coordinates":[[[[-76.48520651,3.491958],[-76.48520653,3.49177715],[-76.4853866,3.49177717],[-76.48538658,3.49195802],[-76.48520651,3.491958]]]]},"geometry_name":"the_geom","properties":{"id":4,"fuente":"OSSO","tipo_amena":"Amenaza Baja mitigable (Profundidad < 0.45m)"}},{"type":"Feature","id":"amb_ari_inundacion_pluvial.232","geometry":{"type":"MultiPolygon","coordinates":[[[[-76.4855666,3.49177719],[-76.48556662,3.49159625],[-76.48574661,3.49159627],[-76.48574659,3.49177721],[-76.4855666,3.49177719]]]]},"geometry_name":"the_geom","properties":{"id":4,"fuente":"OSSO","tipo_amena":"Amenaza Baja mitigable (Profundidad < 0.45m)"}},{"type":"Feature","id":"amb_ari_inundacion_pluvial.233","geometry":{"type":"MultiPolygon","coordinates":[[[[-76.48628669,3.49141539],[-76.48628671,3.49123455],[-76.48664678,3.49123459],[-76.48664676,3.49141543],[-76.48628669,3.49141539]]]]},"geometry_name":"the_geom","properties":{"id":4,"fuente":"OSSO","tipo_amena":"Amenaza Baja mitigable (Profundidad < 0.45m)"}},{"type":"Feature","id":"amb_ari_inundacion_pluvial.234","geometry":{"type":"MultiPolygon","coordinates":[[[[-76.48718684,3.49123464],[-76.48718686,3.49105371],[-76.48736692,3.49105373],[-76.48754692,3.49105375],[-76.4875469,3.49123468],[-76.48718684,3.49123464]]]]},"geometry_name":"the_geom","properties":{"id":4,"fuente":"OSSO","tipo_amena":"Amenaza Baja mitigable (Profundidad < 0.45m)"}},{"type":"Feature","id":"amb_ari_inundacion_pluvial.235","geometry":{"type":"MultiPolygon","coordinates":[[[[-76.48754692,3.49105375],[-76.48754694,3.4908729],[-76.48772701,3.49087292],[-76.488087,3.49087296],[-76.48808698,3.4910538],[-76.48754692,3.49105375]]]]},"geometry_name":"the_geom","properties":{"id":4,"fuente":"OSSO","tipo_amena":"Amenaza Baja mitigable (Profundidad < 0.45m)"}},{"type":"Feature","id":"amb_ari_inundacion_pluvial.236","geometry":{"type":"MultiPolygon","coordinates":[[[[-76.49060738,3.49087322],[-76.49060739,3.49069229],[-76.49078739,3.49069231],[-76.49078737,3.49087324],[-76.49060738,3.49087322]]]]},"geometry_name":"the_geom","properties":{"id":4,"fuente":"OSSO","tipo_amena":"Amenaza Baja mitigable (Profundidad < 0.45m)"}},{"type":"Feature","id":"amb_ari_inundacion_pluvial.237","geometry":{"type":"MultiPolygon","coordinates":[[[[-76.488087,3.49087296],[-76.48808702,3.49069202],[-76.48826709,3.49069204],[-76.48826711,3.49051119],[-76.49024735,3.4905114],[-76.49024733,3.49069225],[-76.49042732,3.49069227],[-76.49042731,3.49087321],[-76.48952718,3.49087311],[-76.4895272,3.49069217],[-76.48844708,3.49069206],[-76.48844706,3.490873],[-76.488087,3.49087296]]]]},"geometry_name":"the_geom","properties":{"id":4,"fuente":"OSSO","tipo_amena":"Amenaza Baja mitigable (Profundidad < 0.45m)"}},{"type":"Feature","id":"amb_ari_inundacion_pluvial.238","geometry":{"type":"MultiPolygon","coordinates":[[[[-76.48430651,3.49087255],[-76.48430655,3.49051076],[-76.48448662,3.49051078],[-76.4844866,3.49069163],[-76.48448658,3.49087256],[-76.48430651,3.49087255]]]]},"geometry_name":"the_geom","properties":{"id":4,"fuente":"OSSO","tipo_amena":"Amenaza Baja mitigable (Profundidad < 0.45m)"}},{"type":"Feature","id":"amb_ari_inundacion_pluvial.239","geometry":{"type":"MultiPolygon","coordinates":[[[[-76.49096738,3.49069232],[-76.4909674,3.49051148],[-76.49132747,3.49051151],[-76.49132745,3.49069236],[-76.49096738,3.49069232]]]]},"geometry_name":"the_geom","properties":{"id":4,"fuente":"OSSO","tipo_amena":"Amenaza Baja mitigable (Profundidad < 0.45m)"}},{"type":"Feature","id":"amb_ari_inundacion_pluvial.240","geometry":{"type":"MultiPolygon","coordinates":[[[[-76.49168755,3.49033061],[-76.49168757,3.49014977],[-76.49186756,3.49014979],[-76.49186755,3.49033063],[-76.49168755,3.49033061]]]]},"geometry_name":"the_geom","properties":{"id":4,"fuente":"OSSO","tipo_amena":"Amenaza Baja mitigable (Profundidad < 0.45m)"}},{"type":"Feature","id":"amb_ari_inundacion_pluvial.241","geometry":{"type":"MultiPolygon","coordinates":[[[[-76.49186756,3.49014979],[-76.49186758,3.48996885],[-76.49204765,3.48996887],[-76.49204763,3.4901498],[-76.49186756,3.49014979]]]]},"geometry_name":"the_geom","properties":{"id":4,"fuente":"OSSO","tipo_amena":"Amenaza Baja mitigable (Profundidad < 0.45m)"}},{"type":"Feature","id":"amb_ari_inundacion_pluvial.242","geometry":{"type":"MultiPolygon","coordinates":[[[[-76.49204765,3.48996887],[-76.49204767,3.48978802],[-76.49222766,3.48978804],[-76.49222765,3.48996889],[-76.49204765,3.48996887]]]]},"geometry_name":"the_geom","properties":{"id":4,"fuente":"OSSO","tipo_amena":"Amenaza Baja mitigable (Profundidad < 0.45m)"}},{"type":"Feature","id":"amb_ari_inundacion_pluvial.243","geometry":{"type":"MultiPolygon","coordinates":[[[[-76.49222766,3.48978804],[-76.49222768,3.4896071],[-76.49240768,3.48960712],[-76.49240766,3.48978806],[-76.49222766,3.48978804]]]]},"geometry_name":"the_geom","properties":{"id":4,"fuente":"OSSO","tipo_amena":"Amenaza Baja mitigable (Profundidad < 0.45m)"}},{"type":"Feature","id":"amb_ari_inundacion_pluvial.244","geometry":{"type":"MultiPolygon","coordinates":[[[[-76.48430663,3.48978719],[-76.48430673,3.48888269],[-76.48448679,3.48888271],[-76.48448677,3.48906355],[-76.48448672,3.48960628],[-76.4844867,3.48978721],[-76.48430663,3.48978719]]]]},"geometry_name":"the_geom","properties":{"id":4,"fuente":"OSSO","tipo_amena":"Amenaza Baja mitigable (Profundidad < 0.45m)"}},{"type":"Feature","id":"amb_ari_inundacion_pluvial.245","geometry":{"type":"MultiPolygon","coordinates":[[[[-76.49240768,3.48960712],[-76.4924077,3.48942618],[-76.49258776,3.4894262],[-76.49258775,3.48960714],[-76.49240768,3.48960712]]]]},"geometry_name":"the_geom","properties":{"id":4,"fuente":"OSSO","tipo_amena":"Amenaza Baja mitigable (Profundidad < 0.45m)"}},{"type":"Feature","id":"amb_ari_inundacion_pluvial.246","geometry":{"type":"MultiPolygon","coordinates":[[[[-76.49258778,3.48924536],[-76.4925878,3.48906442],[-76.4927678,3.48906444],[-76.49276778,3.48924537],[-76.49258778,3.48924536]]]]},"geometry_name":"the_geom","properties":{"id":4,"fuente":"OSSO","tipo_amena":"Amenaza Baja mitigable (Profundidad < 0.45m)"}},{"type":"Feature","id":"amb_ari_inundacion_pluvial.247","geometry":{"type":"MultiPolygon","coordinates":[[[[-76.4927678,3.48906444],[-76.49276791,3.48797908],[-76.49294798,3.4879791],[-76.49294801,3.48761732],[-76.49312801,3.48761734],[-76.49312808,3.48689377],[-76.49294808,3.48689375],[-76.49294812,3.48653197],[-76.49276805,3.48653195],[-76.49276811,3.48598923],[-76.49258811,3.48598921],[-76.49258815,3.48562742],[-76.49240808,3.48562741],[-76.4924081,3.48544656],[-76.49204811,3.48544652],[-76.49204813,3.48526558],[-76.49168807,3.48526555],[-76.49168809,3.48508461],[-76.49132802,3.48508457],[-76.49132804,3.48490373],[-76.49096798,3.48490369],[-76.490968,3.48472275],[-76.49060801,3.48472271],[-76.49060803,3.48454187],[-76.4900679,3.48454181],[-76.49006788,3.48472266],[-76.48898777,3.48472254],[-76.48898786,3.48381813],[-76.48916793,3.48381815],[-76.48916795,3.48363721],[-76.48934794,3.48363723],[-76.48934796,3.48345638],[-76.48952796,3.4834564],[-76.48952803,3.48273274],[-76.48916805,3.48273271],[-76.48916803,3.48291364],[-76.48916801,3.48309449],[-76.48898794,3.48309447],[-76.48880795,3.48309445],[-76.48880793,3.48327539],[-76.48844786,3.48327535],[-76.48844796,3.48237085],[-76.48826797,3.48237083],[-76.488268,3.48200904],[-76.48808794,3.48200902],[-76.48808798,3.48164724],[-76.48790798,3.48164722],[-76.48790802,3.48128544],[-76.48772803,3.48128542],[-76.48772805,3.48110457],[-76.48736799,3.48110453],[-76.48736801,3.48092359],[-76.48664788,3.48092352],[-76.4866479,3.48074258],[-76.48592786,3.4807425],[-76.48592788,3.48056165],[-76.48574781,3.48056163],[-76.48574783,3.4803807],[-76.48538784,3.48038066],[-76.48538788,3.48001887],[-76.48520781,3.48001885],[-76.48520783,3.47983801],[-76.48502784,3.47983799],[-76.48502786,3.47965705],[-76.48484779,3.47965703],[-76.48484781,3.47947618],[-76.48466782,3.47947616],[-76.48466784,3.47929522],[-76.48448785,3.47929521],[-76.48448787,3.47911436],[-76.4843078,3.47911434],[-76.48430782,3.4789334],[-76.48412783,3.47893338],[-76.48412785,3.47875244],[-76.48430784,3.47875246],[-76.4843079,3.47820983],[-76.48448797,3.47820985],[-76.48448799,3.47802892],[-76.48466798,3.47802894],[-76.484668,3.47784809],[-76.48484799,3.47784811],[-76.48484819,3.4760391],[-76.48502826,3.47603912],[-76.48502827,3.47585827],[-76.48520827,3.47585829],[-76.48520829,3.47567735],[-76.48538835,3.47567737],[-76.48538839,3.47531559],[-76.48520833,3.47531557],[-76.48520846,3.47404928],[-76.48502847,3.47404926],[-76.48502855,3.47332569],[-76.4855686,3.47332575],[-76.48556862,3.4731449],[-76.48574861,3.47314492],[-76.48574871,3.47224042],[-76.48556872,3.4722404],[-76.48556876,3.47187861],[-76.48574875,3.47187863],[-76.48574879,3.47151685],[-76.4855688,3.47151683],[-76.48556886,3.47097411],[-76.48538886,3.47097409],[-76.48538888,3.47079324],[-76.48520882,3.47079322],[-76.48520884,3.47061229],[-76.4853889,3.47061231],[-76.48538892,3.47043146],[-76.48574891,3.4704315],[-76.48574892,3.47025056],[-76.48610898,3.4702506],[-76.486109,3.47006966],[-76.48628899,3.47006968],[-76.48628895,3.47043156],[-76.48718906,3.47043165],[-76.48718904,3.4706125],[-76.48574889,3.47061234],[-76.48574881,3.47133591],[-76.48592887,3.47133593],[-76.48592872,3.47278316],[-76.48610871,3.47278318],[-76.48610857,3.47404938],[-76.48592858,3.47404936],[-76.48592838,3.47585837],[-76.48646844,3.47585843],[-76.48646842,3.47603927],[-76.48700847,3.47603933],[-76.48700845,3.47622027],[-76.48628833,3.47622019],[-76.48628831,3.47640104],[-76.48610832,3.47640102],[-76.4861083,3.47658196],[-76.48628829,3.47658198],[-76.48628827,3.47676291],[-76.48610828,3.4767629],[-76.48556823,3.47676284],[-76.48556821,3.47694368],[-76.48538822,3.47694366],[-76.4853882,3.4771246],[-76.48538818,3.47730545],[-76.48592823,3.47730551],[-76.48592821,3.47748644],[-76.4861082,3.47748646],[-76.48610818,3.47766731],[-76.48664823,3.47766737],[-76.48664825,3.47748652],[-76.48700831,3.47748656],[-76.48700833,3.47730562],[-76.48718832,3.47730564],[-76.48718829,3.47766743],[-76.48700829,3.47766741],[-76.4870082,3.47857191],[-76.4868282,3.47857189],[-76.48682816,3.47893368],[-76.48826833,3.47893383],[-76.48826835,3.47875289],[-76.4888084,3.47875295],[-76.48880838,3.47893389],[-76.48898838,3.47893391],[-76.48898836,3.47911485],[-76.49024853,3.47911498],[-76.49024836,3.48074296],[-76.49006829,3.48074294],[-76.49006818,3.48182839],[-76.49024825,3.4818284],[-76.49024821,3.48219019],[-76.4904282,3.48219021],[-76.49042819,3.48237105],[-76.49060825,3.48237107],[-76.49060818,3.48309464],[-76.49078817,3.48309466],[-76.49078814,3.48345653],[-76.49096813,3.48345655],[-76.49096811,3.4836374],[-76.49114818,3.48363742],[-76.49114816,3.48381836],[-76.49150815,3.48381839],[-76.49150813,3.48399924],[-76.4916882,3.48399926],[-76.49168818,3.4841802],[-76.49186817,3.48418021],[-76.49186815,3.48436106],[-76.49204822,3.48436108],[-76.49204818,3.48472286],[-76.49222818,3.48472288],[-76.49222816,3.48490382],[-76.49258822,3.48490386],[-76.4925882,3.4850847],[-76.4927682,3.48508472],[-76.49276818,3.48526566],[-76.49312824,3.48526569],[-76.49312821,3.48562748],[-76.4933082,3.4856275],[-76.49330811,3.486532],[-76.49348818,3.48653202],[-76.49348814,3.4868938],[-76.49366814,3.48689382],[-76.49366808,3.48743654],[-76.49348809,3.48743653],[-76.49348803,3.48797916],[-76.49330796,3.48797914],[-76.49330793,3.48834092],[-76.49312793,3.48834091],[-76.4931279,3.48870269],[-76.4929479,3.48870267],[-76.49294787,3.48906445],[-76.4927678,3.48906444]]]]},"geometry_name":"the_geom","properties":{"id":4,"fuente":"OSSO","tipo_amena":"Amenaza Baja mitigable (Profundidad < 0.45m)"}},{"type":"Feature","id":"amb_ari_inundacion_pluvial.248","geometry":{"type":"MultiPolygon","coordinates":[[[[-76.48412677,3.48852088],[-76.48430677,3.4885209],[-76.48430675,3.48870175],[-76.48430673,3.48888269],[-76.48412673,3.48888267],[-76.48412677,3.48852088]]]]},"geometry_name":"the_geom","properties":{"id":4,"fuente":"OSSO","tipo_amena":"Amenaza Baja mitigable (Profundidad < 0.45m)"}},{"type":"Feature","id":"amb_ari_inundacion_pluvial.249","geometry":{"type":"MultiPolygon","coordinates":[[[[-76.4839468,3.48833993],[-76.48412679,3.48833995],[-76.48412677,3.48852088],[-76.48394678,3.48852086],[-76.4839468,3.48833993]]]]},"geometry_name":"the_geom","properties":{"id":4,"fuente":"OSSO","tipo_amena":"Amenaza Baja mitigable (Profundidad < 0.45m)"}},{"type":"Feature","id":"amb_ari_inundacion_pluvial.250","geometry":{"type":"MultiPolygon","coordinates":[[[[-76.48340672,3.48779724],[-76.48358679,3.48779726],[-76.48358677,3.4879781],[-76.4834067,3.48797808],[-76.48340672,3.48779724]]]]},"geometry_name":"the_geom","properties":{"id":4,"fuente":"OSSO","tipo_amena":"Amenaza Baja mitigable (Profundidad < 0.45m)"}},{"type":"Feature","id":"amb_ari_inundacion_pluvial.251","geometry":{"type":"MultiPolygon","coordinates":[[[[-76.48322681,3.48707356],[-76.4834068,3.48707358],[-76.48340676,3.48743545],[-76.48322677,3.48743543],[-76.48322681,3.48707356]]]]},"geometry_name":"the_geom","properties":{"id":4,"fuente":"OSSO","tipo_amena":"Amenaza Baja mitigable (Profundidad < 0.45m)"}},{"type":"Feature","id":"amb_ari_inundacion_pluvial.252","geometry":{"type":"MultiPolygon","coordinates":[[[[-76.48304696,3.48580734],[-76.48322695,3.48580736],[-76.48322689,3.48634999],[-76.48322683,3.48689271],[-76.48304684,3.48689269],[-76.48304696,3.48580734]]]]},"geometry_name":"the_geom","properties":{"id":4,"fuente":"OSSO","tipo_amena":"Amenaza Baja mitigable (Profundidad < 0.45m)"}},{"type":"Feature","id":"amb_ari_inundacion_pluvial.253","geometry":{"type":"MultiPolygon","coordinates":[[[[-76.48286693,3.48544553],[-76.483047,3.48544555],[-76.48304698,3.4856264],[-76.48286691,3.48562638],[-76.48286693,3.48544553]]]]},"geometry_name":"the_geom","properties":{"id":4,"fuente":"OSSO","tipo_amena":"Amenaza Baja mitigable (Profundidad < 0.45m)"}},{"type":"Feature","id":"amb_ari_inundacion_pluvial.254","geometry":{"type":"MultiPolygon","coordinates":[[[[-76.48466729,3.48436029],[-76.48466725,3.48472208],[-76.48448725,3.48472206],[-76.48448729,3.48436027],[-76.48466729,3.48436029]]]]},"geometry_name":"the_geom","properties":{"id":4,"fuente":"OSSO","tipo_amena":"Amenaza Baja mitigable (Profundidad < 0.45m)"}},{"type":"Feature","id":"amb_ari_inundacion_pluvial.255","geometry":{"type":"MultiPolygon","coordinates":[[[[-76.48286701,3.48472188],[-76.48286707,3.48417924],[-76.48304714,3.48417926],[-76.48304718,3.48381748],[-76.48286711,3.48381746],[-76.48286713,3.48363652],[-76.48268714,3.4836365],[-76.48268716,3.48345566],[-76.48250709,3.48345564],[-76.48250711,3.4832747],[-76.48286717,3.48327474],[-76.48286715,3.48345568],[-76.48322721,3.48345572],[-76.48322719,3.48363656],[-76.48340719,3.48363658],[-76.48340713,3.4841793],[-76.48322713,3.48417928],[-76.48322711,3.48436013],[-76.48304712,3.48436011],[-76.48304708,3.4847219],[-76.48286701,3.48472188]]]]},"geometry_name":"the_geom","properties":{"id":4,"fuente":"OSSO","tipo_amena":"Amenaza Baja mitigable (Profundidad < 0.45m)"}},{"type":"Feature","id":"amb_ari_inundacion_pluvial.256","geometry":{"type":"MultiPolygon","coordinates":[[[[-76.4817872,3.48200833],[-76.4819672,3.48200835],[-76.48196718,3.48218929],[-76.48178718,3.48218926],[-76.4817872,3.48200833]]]]},"geometry_name":"the_geom","properties":{"id":4,"fuente":"OSSO","tipo_amena":"Amenaza Baja mitigable (Profundidad < 0.45m)"}},{"type":"Feature","id":"amb_ari_inundacion_pluvial.257","geometry":{"type":"MultiPolygon","coordinates":[[[[-76.4814272,3.48146566],[-76.48160727,3.48146568],[-76.48160725,3.48164652],[-76.48142718,3.4816465],[-76.4814272,3.48146566]]]]},"geometry_name":"the_geom","properties":{"id":4,"fuente":"OSSO","tipo_amena":"Amenaza Baja mitigable (Profundidad < 0.45m)"}},{"type":"Feature","id":"amb_ari_inundacion_pluvial.258","geometry":{"type":"MultiPolygon","coordinates":[[[[-76.48088723,3.48074194],[-76.48106722,3.48074196],[-76.4810672,3.48092289],[-76.48088721,3.48092287],[-76.48088723,3.48074194]]]]},"geometry_name":"the_geom","properties":{"id":4,"fuente":"OSSO","tipo_amena":"Amenaza Baja mitigable (Profundidad < 0.45m)"}},{"type":"Feature","id":"amb_ari_inundacion_pluvial.259","geometry":{"type":"MultiPolygon","coordinates":[[[[-76.48034728,3.47983746],[-76.48052727,3.47983748],[-76.48052723,3.48019926],[-76.4807073,3.48019928],[-76.48070728,3.48038013],[-76.48088727,3.48038015],[-76.48088725,3.48056109],[-76.48052719,3.48056105],[-76.48052721,3.48038011],[-76.48034722,3.48038009],[-76.48034728,3.47983746]]]]},"geometry_name":"the_geom","properties":{"id":4,"fuente":"OSSO","tipo_amena":"Amenaza Baja mitigable (Profundidad < 0.45m)"}},{"type":"Feature","id":"amb_ari_inundacion_pluvial.260","geometry":{"type":"MultiPolygon","coordinates":[[[[-76.48016733,3.47947565],[-76.48034732,3.47947567],[-76.48034728,3.47983746],[-76.48016729,3.47983744],[-76.48016733,3.47947565]]]]},"geometry_name":"the_geom","properties":{"id":4,"fuente":"OSSO","tipo_amena":"Amenaza Baja mitigable (Profundidad < 0.45m)"}},{"type":"Feature","id":"amb_ari_inundacion_pluvial.261","geometry":{"type":"MultiPolygon","coordinates":[[[[-76.47998728,3.4792947],[-76.48016735,3.47929472],[-76.48016733,3.47947565],[-76.47998726,3.47947563],[-76.47998728,3.4792947]]]]},"geometry_name":"the_geom","properties":{"id":4,"fuente":"OSSO","tipo_amena":"Amenaza Baja mitigable (Profundidad < 0.45m)"}},{"type":"Feature","id":"amb_ari_inundacion_pluvial.262","geometry":{"type":"MultiPolygon","coordinates":[[[[-76.47980731,3.47911383],[-76.4799873,3.47911385],[-76.47998728,3.4792947],[-76.47980729,3.47929467],[-76.47980731,3.47911383]]]]},"geometry_name":"the_geom","properties":{"id":4,"fuente":"OSSO","tipo_amena":"Amenaza Baja mitigable (Profundidad < 0.45m)"}},{"type":"Feature","id":"amb_ari_inundacion_pluvial.263","geometry":{"type":"MultiPolygon","coordinates":[[[[-76.47980735,3.47875195],[-76.47980733,3.47893289],[-76.47962726,3.47893287],[-76.47962728,3.47875193],[-76.47980735,3.47875195]]]]},"geometry_name":"the_geom","properties":{"id":4,"fuente":"OSSO","tipo_amena":"Amenaza Baja mitigable (Profundidad < 0.45m)"}},{"type":"Feature","id":"amb_ari_inundacion_pluvial.264","geometry":{"type":"MultiPolygon","coordinates":[[[[-76.47980737,3.47857111],[-76.47980748,3.4776666],[-76.47998747,3.47766662],[-76.47998737,3.47857113],[-76.47980737,3.47857111]]]]},"geometry_name":"the_geom","properties":{"id":4,"fuente":"OSSO","tipo_amena":"Amenaza Baja mitigable (Profundidad < 0.45m)"}},{"type":"Feature","id":"amb_ari_inundacion_pluvial.265","geometry":{"type":"MultiPolygon","coordinates":[[[[-76.47962747,3.47712395],[-76.47980754,3.47712397],[-76.4798075,3.47748576],[-76.47962743,3.47748573],[-76.47962747,3.47712395]]]]},"geometry_name":"the_geom","properties":{"id":4,"fuente":"OSSO","tipo_amena":"Amenaza Baja mitigable (Profundidad < 0.45m)"}},{"type":"Feature","id":"amb_ari_inundacion_pluvial.266","geometry":{"type":"MultiPolygon","coordinates":[[[[-76.48718832,3.47730564],[-76.48718836,3.47694386],[-76.48736843,3.47694388],[-76.48736839,3.47730566],[-76.48718832,3.47730564]]]]},"geometry_name":"the_geom","properties":{"id":4,"fuente":"OSSO","tipo_amena":"Amenaza Baja mitigable (Profundidad < 0.45m)"}},{"type":"Feature","id":"amb_ari_inundacion_pluvial.267","geometry":{"type":"MultiPolygon","coordinates":[[[[-76.48736845,3.47676303],[-76.48736847,3.47658209],[-76.48754846,3.47658211],[-76.48754844,3.47676305],[-76.48736845,3.47676303]]]]},"geometry_name":"the_geom","properties":{"id":4,"fuente":"OSSO","tipo_amena":"Amenaza Baja mitigable (Profundidad < 0.45m)"}},{"type":"Feature","id":"amb_ari_inundacion_pluvial.268","geometry":{"type":"MultiPolygon","coordinates":[[[[-76.47944758,3.47621942],[-76.47962758,3.47621945],[-76.47962751,3.47676217],[-76.47944752,3.47676215],[-76.47944758,3.47621942]]]]},"geometry_name":"the_geom","properties":{"id":4,"fuente":"OSSO","tipo_amena":"Amenaza Baja mitigable (Profundidad < 0.45m)"}},{"type":"Feature","id":"amb_ari_inundacion_pluvial.269","geometry":{"type":"MultiPolygon","coordinates":[[[[-76.47926763,3.47585762],[-76.47944762,3.47585764],[-76.4794476,3.47603849],[-76.47926761,3.47603847],[-76.47926763,3.47585762]]]]},"geometry_name":"the_geom","properties":{"id":4,"fuente":"OSSO","tipo_amena":"Amenaza Baja mitigable (Profundidad < 0.45m)"}},{"type":"Feature","id":"amb_ari_inundacion_pluvial.270","geometry":{"type":"MultiPolygon","coordinates":[[[[-76.47908759,3.47567666],[-76.47926765,3.47567668],[-76.47926763,3.47585762],[-76.47908757,3.4758576],[-76.47908759,3.47567666]]]]},"geometry_name":"the_geom","properties":{"id":4,"fuente":"OSSO","tipo_amena":"Amenaza Baja mitigable (Profundidad < 0.45m)"}},{"type":"Feature","id":"amb_ari_inundacion_pluvial.271","geometry":{"type":"MultiPolygon","coordinates":[[[[-76.47890762,3.47549579],[-76.47908761,3.47549581],[-76.47908759,3.47567666],[-76.47890759,3.47567664],[-76.47890762,3.47549579]]]]},"geometry_name":"the_geom","properties":{"id":4,"fuente":"OSSO","tipo_amena":"Amenaza Baja mitigable (Profundidad < 0.45m)"}},{"type":"Feature","id":"amb_ari_inundacion_pluvial.272","geometry":{"type":"MultiPolygon","coordinates":[[[[-76.47872757,3.47531484],[-76.47890764,3.47531486],[-76.47890762,3.47549579],[-76.47872755,3.47549577],[-76.47872757,3.47531484]]]]},"geometry_name":"the_geom","properties":{"id":4,"fuente":"OSSO","tipo_amena":"Amenaza Baja mitigable (Profundidad < 0.45m)"}},{"type":"Feature","id":"amb_ari_inundacion_pluvial.273","geometry":{"type":"MultiPolygon","coordinates":[[[[-76.47818758,3.47477214],[-76.47836765,3.47477216],[-76.47836761,3.47513395],[-76.47818754,3.47513393],[-76.47818758,3.47477214]]]]},"geometry_name":"the_geom","properties":{"id":4,"fuente":"OSSO","tipo_amena":"Amenaza Baja mitigable (Profundidad < 0.45m)"}},{"type":"Feature","id":"amb_ari_inundacion_pluvial.274","geometry":{"type":"MultiPolygon","coordinates":[[[[-76.47782768,3.47404844],[-76.47800768,3.47404846],[-76.47800765,3.4742294],[-76.47818765,3.47422942],[-76.47818758,3.47477214],[-76.47800759,3.47477212],[-76.47800763,3.47441024],[-76.47782764,3.47441022],[-76.47782768,3.47404844]]]]},"geometry_name":"the_geom","properties":{"id":4,"fuente":"OSSO","tipo_amena":"Amenaza Baja mitigable (Profundidad < 0.45m)"}},{"type":"Feature","id":"amb_ari_inundacion_pluvial.275","geometry":{"type":"MultiPolygon","coordinates":[[[[-76.47746769,3.47350577],[-76.47764768,3.47350579],[-76.47764766,3.47368663],[-76.47782772,3.47368666],[-76.47782768,3.47404844],[-76.47764762,3.47404842],[-76.47764764,3.47386757],[-76.47746765,3.47386755],[-76.47746769,3.47350577]]]]},"geometry_name":"the_geom","properties":{"id":4,"fuente":"OSSO","tipo_amena":"Amenaza Baja mitigable (Profundidad < 0.45m)"}},{"type":"Feature","id":"amb_ari_inundacion_pluvial.276","geometry":{"type":"MultiPolygon","coordinates":[[[[-76.47728764,3.47332481],[-76.47746771,3.47332483],[-76.47746769,3.47350577],[-76.47728762,3.47350574],[-76.47728764,3.47332481]]]]},"geometry_name":"the_geom","properties":{"id":4,"fuente":"OSSO","tipo_amena":"Amenaza Baja mitigable (Profundidad < 0.45m)"}},{"type":"Feature","id":"amb_ari_inundacion_pluvial.277","geometry":{"type":"MultiPolygon","coordinates":[[[[-76.47710767,3.47314394],[-76.47728766,3.47314396],[-76.47728764,3.47332481],[-76.47710765,3.47332479],[-76.47710767,3.47314394]]]]},"geometry_name":"the_geom","properties":{"id":4,"fuente":"OSSO","tipo_amena":"Amenaza Baja mitigable (Profundidad < 0.45m)"}},{"type":"Feature","id":"amb_ari_inundacion_pluvial.278","geometry":{"type":"MultiPolygon","coordinates":[[[[-76.47692785,3.47169669],[-76.47710784,3.47169671],[-76.4771078,3.4720585],[-76.47710778,3.47223943],[-76.47728777,3.47223946],[-76.47728771,3.47278218],[-76.47710772,3.47278216],[-76.47710769,3.472963],[-76.4769277,3.47296298],[-76.47692785,3.47169669]]]]},"geometry_name":"the_geom","properties":{"id":4,"fuente":"OSSO","tipo_amena":"Amenaza Baja mitigable (Profundidad < 0.45m)"}},{"type":"Feature","id":"amb_ari_inundacion_pluvial.279","geometry":{"type":"MultiPolygon","coordinates":[[[[-76.48196833,3.47187821],[-76.48196837,3.47151643],[-76.48142833,3.47151637],[-76.48142835,3.47133543],[-76.48106829,3.47133539],[-76.48106835,3.47079276],[-76.48106839,3.47043097],[-76.48142845,3.47043102],[-76.48142843,3.47061186],[-76.48142841,3.4707928],[-76.48160847,3.47079282],[-76.48160845,3.47097367],[-76.48196844,3.47097371],[-76.48196842,3.47115465],[-76.48214848,3.47115467],[-76.48214844,3.47151645],[-76.48232843,3.47151647],[-76.48232839,3.47187825],[-76.48196833,3.47187821]]]]},"geometry_name":"the_geom","properties":{"id":4,"fuente":"OSSO","tipo_amena":"Amenaza Baja mitigable (Profundidad < 0.45m)"}},{"type":"Feature","id":"amb_ari_inundacion_pluvial.280","geometry":{"type":"MultiPolygon","coordinates":[[[[-76.48376865,3.47097391],[-76.48376867,3.47079306],[-76.48394873,3.47079308],[-76.48394871,3.47097393],[-76.48376865,3.47097391]]]]},"geometry_name":"the_geom","properties":{"id":4,"fuente":"OSSO","tipo_amena":"Amenaza Baja mitigable (Profundidad < 0.45m)"}},{"type":"Feature","id":"amb_ari_inundacion_pluvial.281","geometry":{"type":"MultiPolygon","coordinates":[[[[-76.48232851,3.4707929],[-76.48268857,3.47079294],[-76.48268855,3.47097379],[-76.48232849,3.47097375],[-76.48232851,3.4707929]]]]},"geometry_name":"the_geom","properties":{"id":4,"fuente":"OSSO","tipo_amena":"Amenaza Baja mitigable (Profundidad < 0.45m)"}},{"type":"Feature","id":"amb_ari_inundacion_pluvial.282","geometry":{"type":"MultiPolygon","coordinates":[[[[-76.47692794,3.47097312],[-76.47692798,3.47061134],[-76.47710797,3.47061136],[-76.47710793,3.47097314],[-76.47692794,3.47097312]]]]},"geometry_name":"the_geom","properties":{"id":4,"fuente":"OSSO","tipo_amena":"Amenaza Baja mitigable (Profundidad < 0.45m)"}},{"type":"Feature","id":"amb_ari_inundacion_pluvial.283","geometry":{"type":"MultiPolygon","coordinates":[[[[-76.48196848,3.47061192],[-76.48214854,3.47061194],[-76.48214852,3.47079288],[-76.48196846,3.47079286],[-76.48196848,3.47061192]]]]},"geometry_name":"the_geom","properties":{"id":4,"fuente":"OSSO","tipo_amena":"Amenaza Baja mitigable (Profundidad < 0.45m)"}},{"type":"Feature","id":"amb_ari_inundacion_pluvial.284","geometry":{"type":"MultiPolygon","coordinates":[[[[-76.48178848,3.4706119],[-76.4817885,3.47043106],[-76.4819685,3.47043108],[-76.48196848,3.47061192],[-76.48178848,3.4706119]]]]},"geometry_name":"the_geom","properties":{"id":4,"fuente":"OSSO","tipo_amena":"Amenaza Baja mitigable (Profundidad < 0.45m)"}},{"type":"Feature","id":"amb_ari_inundacion_pluvial.285","geometry":{"type":"MultiPolygon","coordinates":[[[[-76.48736912,3.47043167],[-76.48736914,3.47025074],[-76.48754913,3.47025076],[-76.48754911,3.47043169],[-76.48736912,3.47043167]]]]},"geometry_name":"the_geom","properties":{"id":4,"fuente":"OSSO","tipo_amena":"Amenaza Baja mitigable (Profundidad < 0.45m)"}},{"type":"Feature","id":"amb_ari_inundacion_pluvial.286","geometry":{"type":"MultiPolygon","coordinates":[[[[-76.48160851,3.47043104],[-76.48160853,3.4702501],[-76.48178852,3.47025012],[-76.4817885,3.47043106],[-76.48160851,3.47043104]]]]},"geometry_name":"the_geom","properties":{"id":4,"fuente":"OSSO","tipo_amena":"Amenaza Baja mitigable (Profundidad < 0.45m)"}},{"type":"Feature","id":"amb_ari_inundacion_pluvial.287","geometry":{"type":"MultiPolygon","coordinates":[[[[-76.48754913,3.47025076],[-76.48754917,3.46988897],[-76.48772924,3.46988899],[-76.48790923,3.46988901],[-76.48790921,3.47006986],[-76.48772922,3.47006984],[-76.4877292,3.47025077],[-76.48754913,3.47025076]]]]},"geometry_name":"the_geom","properties":{"id":4,"fuente":"OSSO","tipo_amena":"Amenaza Baja mitigable (Profundidad < 0.45m)"}},{"type":"Feature","id":"amb_ari_inundacion_pluvial.288","geometry":{"type":"MultiPolygon","coordinates":[[[[-76.48628899,3.47006968],[-76.48628901,3.46988883],[-76.48646908,3.46988885],[-76.4864691,3.46970792],[-76.48682915,3.46970796],[-76.48682919,3.46934617],[-76.48736924,3.46934623],[-76.48736922,3.46952717],[-76.48754921,3.46952719],[-76.48754919,3.46970803],[-76.48718913,3.46970799],[-76.48718912,3.46988893],[-76.48700912,3.46988891],[-76.48682913,3.46988889],[-76.48682911,3.47006974],[-76.48628899,3.47006968]]]]},"geometry_name":"the_geom","properties":{"id":4,"fuente":"OSSO","tipo_amena":"Amenaza Baja mitigable (Profundidad < 0.45m)"}},{"type":"Feature","id":"amb_ari_inundacion_pluvial.289","geometry":{"type":"MultiPolygon","coordinates":[[[[-76.48142849,3.47006914],[-76.48142851,3.46988829],[-76.48160857,3.46988831],[-76.48160855,3.47006916],[-76.48142849,3.47006914]]]]},"geometry_name":"the_geom","properties":{"id":4,"fuente":"OSSO","tipo_amena":"Amenaza Baja mitigable (Profundidad < 0.45m)"}},{"type":"Feature","id":"amb_ari_inundacion_pluvial.290","geometry":{"type":"MultiPolygon","coordinates":[[[[-76.48052845,3.46952641],[-76.48052847,3.46934547],[-76.48070853,3.46934549],[-76.48070851,3.46952643],[-76.48052845,3.46952641]]]]},"geometry_name":"the_geom","properties":{"id":4,"fuente":"OSSO","tipo_amena":"Amenaza Baja mitigable (Profundidad < 0.45m)"}},{"type":"Feature","id":"amb_ari_inundacion_pluvial.291","geometry":{"type":"MultiPolygon","coordinates":[[[[-76.48124862,3.46898377],[-76.48124864,3.46880292],[-76.48142863,3.46880294],[-76.48142861,3.46898379],[-76.48124862,3.46898377]]]]},"geometry_name":"the_geom","properties":{"id":4,"fuente":"OSSO","tipo_amena":"Amenaza Baja mitigable (Profundidad < 0.45m)"}},{"type":"Feature","id":"amb_ari_inundacion_pluvial.292","geometry":{"type":"MultiPolygon","coordinates":[[[[-76.48052853,3.46880284],[-76.48088859,3.46880288],[-76.48088856,3.46898373],[-76.48052851,3.46898369],[-76.48052853,3.46880284]]]]},"geometry_name":"the_geom","properties":{"id":4,"fuente":"OSSO","tipo_amena":"Amenaza Baja mitigable (Profundidad < 0.45m)"}},{"type":"Feature","id":"amb_ari_inundacion_pluvial.293","geometry":{"type":"MultiPolygon","coordinates":[[[[-76.47746822,3.46898333],[-76.47746828,3.4684407],[-76.47764827,3.46844072],[-76.47764821,3.46898335],[-76.47746822,3.46898333]]]]},"geometry_name":"the_geom","properties":{"id":4,"fuente":"OSSO","tipo_amena":"Amenaza Baja mitigable (Profundidad < 0.45m)"}},{"type":"Feature","id":"amb_ari_inundacion_pluvial.294","geometry":{"type":"MultiPolygon","coordinates":[[[[-76.48106858,3.4688029],[-76.4810686,3.46862196],[-76.48124866,3.46862198],[-76.48124864,3.46880292],[-76.48106858,3.4688029]]]]},"geometry_name":"the_geom","properties":{"id":4,"fuente":"OSSO","tipo_amena":"Amenaza Baja mitigable (Profundidad < 0.45m)"}},{"type":"Feature","id":"amb_ari_inundacion_pluvial.295","geometry":{"type":"MultiPolygon","coordinates":[[[[-76.4774683,3.46825976],[-76.47746828,3.4684407],[-76.47728822,3.46844068],[-76.47728824,3.46825974],[-76.4774683,3.46825976]]]]},"geometry_name":"the_geom","properties":{"id":4,"fuente":"OSSO","tipo_amena":"Amenaza Baja mitigable (Profundidad < 0.45m)"}},{"type":"Feature","id":"amb_ari_inundacion_pluvial.296","geometry":{"type":"MultiPolygon","coordinates":[[[[-76.4774683,3.46825976],[-76.47746832,3.46807883],[-76.47764831,3.46807885],[-76.47764829,3.46825978],[-76.4774683,3.46825976]]]]},"geometry_name":"the_geom","properties":{"id":4,"fuente":"OSSO","tipo_amena":"Amenaza Baja mitigable (Profundidad < 0.45m)"}},{"type":"Feature","id":"amb_ari_inundacion_pluvial.297","geometry":{"type":"MultiPolygon","coordinates":[[[[-76.47998858,3.46789827],[-76.48016865,3.46789829],[-76.48016863,3.46807914],[-76.47998856,3.46807912],[-76.47998858,3.46789827]]]]},"geometry_name":"the_geom","properties":{"id":4,"fuente":"OSSO","tipo_amena":"Amenaza Baja mitigable (Profundidad < 0.45m)"}},{"type":"Feature","id":"amb_ari_inundacion_pluvial.298","geometry":{"type":"MultiPolygon","coordinates":[[[[-76.47764831,3.46807885],[-76.47764833,3.467898],[-76.4778284,3.46789802],[-76.47782838,3.46807887],[-76.47764831,3.46807885]]]]},"geometry_name":"the_geom","properties":{"id":4,"fuente":"OSSO","tipo_amena":"Amenaza Baja mitigable (Profundidad < 0.45m)"}},{"type":"Feature","id":"amb_ari_inundacion_pluvial.299","geometry":{"type":"MultiPolygon","coordinates":[[[[-76.4778284,3.46789802],[-76.47782842,3.46771708],[-76.47890851,3.46771721],[-76.47890849,3.46789815],[-76.4778284,3.46789802]]]]},"geometry_name":"the_geom","properties":{"id":4,"fuente":"OSSO","tipo_amena":"Amenaza Baja mitigable (Profundidad < 0.45m)"}},{"type":"Feature","id":"amb_ari_inundacion_pluvial.300","geometry":{"type":"MultiPolygon","coordinates":[[[[-76.47890851,3.46771721],[-76.47890853,3.46753636],[-76.47926859,3.4675364],[-76.47926857,3.46771725],[-76.47890851,3.46771721]]]]},"geometry_name":"the_geom","properties":{"id":4,"fuente":"OSSO","tipo_amena":"Amenaza Baja mitigable (Profundidad < 0.45m)"}},{"type":"Feature","id":"amb_ari_inundacion_pluvial.301","geometry":{"type":"MultiPolygon","coordinates":[[[[-76.47980866,3.46735553],[-76.47998865,3.46735555],[-76.47998863,3.46753649],[-76.47980864,3.46753647],[-76.47980866,3.46735553]]]]},"geometry_name":"the_geom","properties":{"id":4,"fuente":"OSSO","tipo_amena":"Amenaza Baja mitigable (Profundidad < 0.45m)"}},{"type":"Feature","id":"amb_ari_inundacion_pluvial.302","geometry":{"type":"MultiPolygon","coordinates":[[[[-76.47926861,3.46735547],[-76.47926865,3.46699368],[-76.47944864,3.4669937],[-76.47962863,3.46699372],[-76.47962865,3.46681288],[-76.47980872,3.4668129],[-76.47980868,3.46717468],[-76.47962861,3.46717466],[-76.47962859,3.46735551],[-76.47926861,3.46735547]]]]},"geometry_name":"the_geom","properties":{"id":4,"fuente":"OSSO","tipo_amena":"Amenaza Baja mitigable (Profundidad < 0.45m)"}},{"type":"Feature","id":"amb_ari_inundacion_pluvial.303","geometry":{"type":"MultiPolygon","coordinates":[[[[-76.47980919,3.46265225],[-76.47980905,3.46391854],[-76.47980903,3.46409947],[-76.47962896,3.46409945],[-76.47926898,3.46409941],[-76.47926896,3.46428026],[-76.47890891,3.46428022],[-76.47890889,3.46446115],[-76.47854883,3.46446111],[-76.47854881,3.46464196],[-76.47818876,3.46464192],[-76.47818874,3.46482285],[-76.47800875,3.46482283],[-76.47800871,3.46518462],[-76.47782872,3.46518459],[-76.47782859,3.46626995],[-76.47800858,3.46626997],[-76.47800856,3.4664509],[-76.47818855,3.46645093],[-76.47818853,3.46663177],[-76.47908863,3.46663188],[-76.47908861,3.46681282],[-76.47926867,3.46681284],[-76.47926865,3.46699368],[-76.4789086,3.46699364],[-76.47890862,3.46681279],[-76.47764846,3.46681265],[-76.47764848,3.46663171],[-76.47710844,3.46663165],[-76.47710846,3.4664508],[-76.4767484,3.46645076],[-76.47674842,3.46626982],[-76.47656843,3.4662698],[-76.47656846,3.46608886],[-76.47638846,3.46608884],[-76.47638849,3.46590799],[-76.47620842,3.46590797],[-76.47620846,3.46554619],[-76.47638853,3.46554621],[-76.47638857,3.46518442],[-76.47656856,3.46518445],[-76.4765686,3.46482266],[-76.47674859,3.46482268],[-76.47674862,3.46464175],[-76.47710867,3.46464179],[-76.47710869,3.46446094],[-76.47728868,3.46446096],[-76.4772887,3.46428002],[-76.47746877,3.46428005],[-76.47746879,3.4640992],[-76.47764878,3.46409922],[-76.4776488,3.46391828],[-76.47782886,3.4639183],[-76.47782888,3.46373737],[-76.47854892,3.46373745],[-76.47854894,3.4635566],[-76.47926905,3.46355669],[-76.47926907,3.46337575],[-76.47944906,3.46337577],[-76.47944912,3.46283314],[-76.47962911,3.46283316],[-76.47962913,3.46265222],[-76.47980919,3.46265225]]]]},"geometry_name":"the_geom","properties":{"id":4,"fuente":"OSSO","tipo_amena":"Amenaza Baja mitigable (Profundidad < 0.45m)"}},{"type":"Feature","id":"amb_ari_inundacion_pluvial.304","geometry":{"type":"MultiPolygon","coordinates":[[[[-76.48034879,3.46663202],[-76.48034881,3.46645118],[-76.4805288,3.4664512],[-76.48052878,3.46663204],[-76.48034879,3.46663202]]]]},"geometry_name":"the_geom","properties":{"id":4,"fuente":"OSSO","tipo_amena":"Amenaza Baja mitigable (Profundidad < 0.45m)"}},{"type":"Feature","id":"amb_ari_inundacion_pluvial.305","geometry":{"type":"MultiPolygon","coordinates":[[[[-76.48070886,3.46645122],[-76.48070888,3.46627028],[-76.48124893,3.46627034],[-76.48124891,3.46645128],[-76.48070886,3.46645122]]]]},"geometry_name":"the_geom","properties":{"id":4,"fuente":"OSSO","tipo_amena":"Amenaza Baja mitigable (Profundidad < 0.45m)"}},{"type":"Feature","id":"amb_ari_inundacion_pluvial.306","geometry":{"type":"MultiPolygon","coordinates":[[[[-76.48160898,3.46627038],[-76.481609,3.46608945],[-76.48178899,3.46608947],[-76.48178897,3.4662704],[-76.48160898,3.46627038]]]]},"geometry_name":"the_geom","properties":{"id":4,"fuente":"OSSO","tipo_amena":"Amenaza Baja mitigable (Profundidad < 0.45m)"}},{"type":"Feature","id":"amb_ari_inundacion_pluvial.307","geometry":{"type":"MultiPolygon","coordinates":[[[[-76.48178899,3.46608947],[-76.48178901,3.46590862],[-76.481969,3.46590864],[-76.48196902,3.4657277],[-76.48214909,3.46572772],[-76.48214907,3.46590866],[-76.48232906,3.46590868],[-76.48232904,3.46608953],[-76.48178899,3.46608947]]]]},"geometry_name":"the_geom","properties":{"id":4,"fuente":"OSSO","tipo_amena":"Amenaza Baja mitigable (Profundidad < 0.45m)"}},{"type":"Feature","id":"amb_ari_inundacion_pluvial.308","geometry":{"type":"MultiPolygon","coordinates":[[[[-76.47980882,3.46590839],[-76.47962876,3.46590837],[-76.47962878,3.46572744],[-76.47980884,3.46572746],[-76.47980886,3.46554661],[-76.47998885,3.46554663],[-76.47998881,3.46590841],[-76.47980882,3.46590839]]]]},"geometry_name":"the_geom","properties":{"id":4,"fuente":"OSSO","tipo_amena":"Amenaza Baja mitigable (Profundidad < 0.45m)"}},{"type":"Feature","id":"amb_ari_inundacion_pluvial.330","geometry":{"type":"MultiPolygon","coordinates":[[[[-76.49186758,3.48996885],[-76.4918676,3.489788],[-76.49204767,3.48978802],[-76.49204765,3.48996887],[-76.49186758,3.48996885]]]]},"geometry_name":"the_geom","properties":{"id":3,"fuente":"OSSO","tipo_amena":"Amenaza Media mitigable (Profundidad entre 0.45 m y 0,90 m)"}},{"type":"Feature","id":"amb_ari_inundacion_pluvial.331","geometry":{"type":"MultiPolygon","coordinates":[[[[-76.48430661,3.48996804],[-76.48430663,3.48978719],[-76.4844867,3.48978721],[-76.48448668,3.48996806],[-76.48430661,3.48996804]]]]},"geometry_name":"the_geom","properties":{"id":3,"fuente":"OSSO","tipo_amena":"Amenaza Media mitigable (Profundidad entre 0.45 m y 0,90 m)"}},{"type":"Feature","id":"amb_ari_inundacion_pluvial.332","geometry":{"type":"MultiPolygon","coordinates":[[[[-76.49204767,3.48978802],[-76.49204769,3.48960708],[-76.49222768,3.4896071],[-76.49222766,3.48978804],[-76.49204767,3.48978802]]]]},"geometry_name":"the_geom","properties":{"id":3,"fuente":"OSSO","tipo_amena":"Amenaza Media mitigable (Profundidad entre 0.45 m y 0,90 m)"}},{"type":"Feature","id":"amb_ari_inundacion_pluvial.333","geometry":{"type":"MultiPolygon","coordinates":[[[[-76.49222768,3.4896071],[-76.4922277,3.48942617],[-76.4924077,3.48942618],[-76.49240768,3.48960712],[-76.49222768,3.4896071]]]]},"geometry_name":"the_geom","properties":{"id":3,"fuente":"OSSO","tipo_amena":"Amenaza Media mitigable (Profundidad entre 0.45 m y 0,90 m)"}},{"type":"Feature","id":"amb_ari_inundacion_pluvial.334","geometry":{"type":"MultiPolygon","coordinates":[[[[-76.48448672,3.48960628],[-76.48448677,3.48906355],[-76.48466677,3.48906357],[-76.48466671,3.4896063],[-76.48448672,3.48960628]]]]},"geometry_name":"the_geom","properties":{"id":3,"fuente":"OSSO","tipo_amena":"Amenaza Media mitigable (Profundidad entre 0.45 m y 0,90 m)"}},{"type":"Feature","id":"amb_ari_inundacion_pluvial.335","geometry":{"type":"MultiPolygon","coordinates":[[[[-76.4924077,3.48942618],[-76.49240773,3.4890644],[-76.4925878,3.48906442],[-76.49258778,3.48924536],[-76.49258776,3.4894262],[-76.4924077,3.48942618]]]]},"geometry_name":"the_geom","properties":{"id":3,"fuente":"OSSO","tipo_amena":"Amenaza Media mitigable (Profundidad entre 0.45 m y 0,90 m)"}},{"type":"Feature","id":"amb_ari_inundacion_pluvial.356","geometry":{"type":"MultiPolygon","coordinates":[[[[-76.4810672,3.48092289],[-76.48106722,3.48074196],[-76.48124729,3.48074198],[-76.48124727,3.48092291],[-76.48142726,3.48092293],[-76.4814272,3.48146566],[-76.48124721,3.48146564],[-76.48124725,3.48110385],[-76.48106718,3.48110383],[-76.4810672,3.48092289]]]]},"geometry_name":"the_geom","properties":{"id":3,"fuente":"OSSO","tipo_amena":"Amenaza Media mitigable (Profundidad entre 0.45 m y 0,90 m)"}},{"type":"Feature","id":"amb_ari_inundacion_pluvial.309","geometry":{"type":"MultiPolygon","coordinates":[[[[-76.48268913,3.46572778],[-76.48268919,3.46518515],[-76.48232914,3.46518511],[-76.48232912,3.46536596],[-76.48214913,3.46536594],[-76.48214911,3.46554688],[-76.48178905,3.46554684],[-76.48178907,3.4653659],[-76.48142902,3.46536586],[-76.48142904,3.46518501],[-76.48106898,3.46518497],[-76.48106901,3.46500403],[-76.48052896,3.46500397],[-76.48052898,3.46482312],[-76.48034899,3.4648231],[-76.48034907,3.46409953],[-76.48052906,3.46409956],[-76.48052915,3.4633759],[-76.48070921,3.46337592],[-76.48070925,3.46301413],[-76.48052919,3.46301411],[-76.48052927,3.46229054],[-76.48070933,3.46229056],[-76.48070943,3.46138606],[-76.48088942,3.46138608],[-76.48088944,3.46120523],[-76.4812495,3.46120527],[-76.48124954,3.46084349],[-76.48142953,3.46084351],[-76.48142957,3.46048173],[-76.48124958,3.46048171],[-76.48124962,3.46011992],[-76.48106956,3.4601199],[-76.48106962,3.45957718],[-76.48124968,3.4595772],[-76.4812497,3.45939626],[-76.48106964,3.45939624],[-76.48106966,3.4592154],[-76.48124972,3.45921542],[-76.48124976,3.45885363],[-76.48142975,3.45885365],[-76.48142987,3.4577683],[-76.48160994,3.45776832],[-76.48161,3.4572256],[-76.48161002,3.45704466],[-76.48179001,3.45704468],[-76.48179005,3.4566829],[-76.48197004,3.45668292],[-76.48197008,3.45632113],[-76.48179009,3.45632111],[-76.48179011,3.45614027],[-76.4819701,3.45614029],[-76.48197022,3.45505484],[-76.48215028,3.45505486],[-76.4821502,3.45577852],[-76.48233019,3.45577854],[-76.48232997,3.4577684],[-76.48214998,3.45776838],[-76.48214996,3.45794923],[-76.48196989,3.45794921],[-76.48196975,3.4592155],[-76.48178976,3.45921548],[-76.48178968,3.45993905],[-76.48196967,3.45993907],[-76.48196963,3.46030085],[-76.48214969,3.46030087],[-76.48214955,3.46156716],[-76.48196949,3.46156714],[-76.48196947,3.46174799],[-76.48178948,3.46174797],[-76.48178946,3.4619289],[-76.48160947,3.46192888],[-76.48160945,3.46210982],[-76.48142939,3.4621098],[-76.48142922,3.46355694],[-76.48160929,3.46355696],[-76.48160927,3.4637378],[-76.48196925,3.46373785],[-76.48196921,3.46409972],[-76.48214927,3.46409974],[-76.48214925,3.46428059],[-76.48250923,3.46428063],[-76.48250921,3.46446156],[-76.48268927,3.46446158],[-76.48268925,3.46464243],[-76.48304931,3.46464247],[-76.48304923,3.46536604],[-76.48286916,3.46536602],[-76.48286912,3.4657278],[-76.48268913,3.46572778]]]]},"geometry_name":"the_geom","properties":{"id":4,"fuente":"OSSO","tipo_amena":"Amenaza Baja mitigable (Profundidad < 0.45m)"}},{"type":"Feature","id":"amb_ari_inundacion_pluvial.310","geometry":{"type":"MultiPolygon","coordinates":[[[[-76.47980897,3.4646421],[-76.47980899,3.46446126],[-76.47998898,3.46446128],[-76.48016904,3.4644613],[-76.48016902,3.46464214],[-76.47980897,3.4646421]]]]},"geometry_name":"the_geom","properties":{"id":4,"fuente":"OSSO","tipo_amena":"Amenaza Baja mitigable (Profundidad < 0.45m)"}},{"type":"Feature","id":"amb_ari_inundacion_pluvial.311","geometry":{"type":"MultiPolygon","coordinates":[[[[-76.47980919,3.46265225],[-76.47980921,3.4624714],[-76.4799892,3.46247142],[-76.47998947,3.46011978],[-76.48016954,3.4601198],[-76.48016958,3.45975801],[-76.48034957,3.45975803],[-76.48034959,3.4595771],[-76.4801696,3.45957708],[-76.48016962,3.45939614],[-76.4796295,3.45939608],[-76.47962954,3.45903429],[-76.47944956,3.45903427],[-76.47944974,3.4574062],[-76.47926975,3.45740618],[-76.47926982,3.45686355],[-76.47908975,3.45686352],[-76.47908977,3.45668259],[-76.47926984,3.45668261],[-76.47926986,3.45650176],[-76.47944985,3.45650178],[-76.47944995,3.45559728],[-76.47926996,3.45559726],[-76.47927002,3.45505453],[-76.47963,3.45505458],[-76.47963002,3.45487373],[-76.47981008,3.45487375],[-76.4798101,3.45469281],[-76.47999009,3.45469283],[-76.47999011,3.45451199],[-76.48017017,3.45451201],[-76.48017019,3.45433107],[-76.48035018,3.45433109],[-76.48035022,3.45396931],[-76.48017024,3.45396929],[-76.48017028,3.4536075],[-76.48035026,3.45360752],[-76.48035029,3.45342668],[-76.48161042,3.45342682],[-76.48161044,3.45324588],[-76.48233047,3.45324596],[-76.48233045,3.4534269],[-76.48179041,3.45342684],[-76.48179039,3.45360769],[-76.48143034,3.45360765],[-76.48143028,3.45415037],[-76.48161034,3.45415039],[-76.48161032,3.45433123],[-76.48215036,3.4543313],[-76.48215034,3.45451223],[-76.48233033,3.45451225],[-76.48233035,3.45433132],[-76.48251034,3.45433134],[-76.48251046,3.45324598],[-76.48269052,3.453246],[-76.48269048,3.45360779],[-76.48287047,3.45360781],[-76.48287041,3.45415053],[-76.48305047,3.45415055],[-76.48305045,3.4543314],[-76.48287039,3.45433138],[-76.48287037,3.45451231],[-76.48251032,3.45451227],[-76.4825103,3.45469312],[-76.48233031,3.4546931],[-76.48233029,3.45487404],[-76.4821503,3.45487402],[-76.48215032,3.45469308],[-76.48197026,3.45469306],[-76.48197024,3.454874],[-76.48179025,3.45487398],[-76.48179017,3.45559755],[-76.48161018,3.45559752],[-76.48161016,3.45577846],[-76.4814301,3.45577844],[-76.48143008,3.45595929],[-76.48125009,3.45595927],[-76.48125007,3.45614021],[-76.48143006,3.45614023],[-76.48143,3.45668286],[-76.48142995,3.45704464],[-76.48124997,3.45704462],[-76.48124989,3.45776828],[-76.48106982,3.45776826],[-76.48106974,3.45849183],[-76.48106972,3.45867267],[-76.4810697,3.45885361],[-76.48088971,3.45885359],[-76.48088965,3.45939622],[-76.48088963,3.45957716],[-76.48088961,3.4597581],[-76.48070962,3.45975808],[-76.48070954,3.46048164],[-76.48052947,3.46048162],[-76.48052945,3.46066247],[-76.48034946,3.46066245],[-76.48034942,3.46102423],[-76.48016943,3.46102421],[-76.48016925,3.46265229],[-76.47980919,3.46265225]]]]},"geometry_name":"the_geom","properties":{"id":4,"fuente":"OSSO","tipo_amena":"Amenaza Baja mitigable (Profundidad < 0.45m)"}},{"type":"Feature","id":"amb_ari_inundacion_pluvial.312","geometry":{"type":"MultiPolygon","coordinates":[[[[-76.48233047,3.45324596],[-76.48233049,3.45306503],[-76.48251048,3.45306505],[-76.48251046,3.45324598],[-76.48233047,3.45324596]]]]},"geometry_name":"the_geom","properties":{"id":4,"fuente":"OSSO","tipo_amena":"Amenaza Baja mitigable (Profundidad < 0.45m)"}},{"type":"Feature","id":"amb_ari_inundacion_pluvial.313","geometry":{"type":"MultiPolygon","coordinates":[[[[-76.48502664,3.49087262],[-76.48502666,3.49069169],[-76.48520665,3.49069171],[-76.48520667,3.49051086],[-76.48556673,3.4905109],[-76.4855667,3.49087268],[-76.48502664,3.49087262]]]]},"geometry_name":"the_geom","properties":{"id":3,"fuente":"OSSO","tipo_amena":"Amenaza Media mitigable (Profundidad entre 0.45 m y 0,90 m)"}},{"type":"Feature","id":"amb_ari_inundacion_pluvial.314","geometry":{"type":"MultiPolygon","coordinates":[[[[-76.48574689,3.48906369],[-76.48574691,3.48888285],[-76.48592698,3.48888287],[-76.48592696,3.48906371],[-76.48574689,3.48906369]]]]},"geometry_name":"the_geom","properties":{"id":3,"fuente":"OSSO","tipo_amena":"Amenaza Media mitigable (Profundidad entre 0.45 m y 0,90 m)"}},{"type":"Feature","id":"amb_ari_inundacion_pluvial.315","geometry":{"type":"MultiPolygon","coordinates":[[[[-76.48466715,3.48562658],[-76.48466717,3.48544573],[-76.48502723,3.48544577],[-76.48502721,3.48562662],[-76.48466715,3.48562658]]]]},"geometry_name":"the_geom","properties":{"id":3,"fuente":"OSSO","tipo_amena":"Amenaza Media mitigable (Profundidad entre 0.45 m y 0,90 m)"}},{"type":"Feature","id":"amb_ari_inundacion_pluvial.316","geometry":{"type":"MultiPolygon","coordinates":[[[[-76.48070822,3.47205892],[-76.48070827,3.47169713],[-76.48088826,3.47169715],[-76.48088822,3.47205894],[-76.48070822,3.47205892]]]]},"geometry_name":"the_geom","properties":{"id":3,"fuente":"OSSO","tipo_amena":"Amenaza Media mitigable (Profundidad entre 0.45 m y 0,90 m)"}},{"type":"Feature","id":"amb_ari_inundacion_pluvial.317","geometry":{"type":"MultiPolygon","coordinates":[[[[-76.48448646,3.49195792],[-76.48466645,3.49195794],[-76.48466643,3.49213887],[-76.48448644,3.49213885],[-76.48448646,3.49195792]]]]},"geometry_name":"the_geom","properties":{"id":3,"fuente":"OSSO","tipo_amena":"Amenaza Media mitigable (Profundidad entre 0.45 m y 0,90 m)"}},{"type":"Feature","id":"amb_ari_inundacion_pluvial.318","geometry":{"type":"MultiPolygon","coordinates":[[[[-76.48502652,3.49195798],[-76.48502654,3.49177713],[-76.48520653,3.49177715],[-76.48520651,3.491958],[-76.48502652,3.49195798]]]]},"geometry_name":"the_geom","properties":{"id":3,"fuente":"OSSO","tipo_amena":"Amenaza Media mitigable (Profundidad entre 0.45 m y 0,90 m)"}},{"type":"Feature","id":"amb_ari_inundacion_pluvial.319","geometry":{"type":"MultiPolygon","coordinates":[[[[-76.48574661,3.49159627],[-76.48574663,3.49141533],[-76.4861067,3.49141537],[-76.48610672,3.49123453],[-76.48628671,3.49123455],[-76.48628669,3.49141539],[-76.48628667,3.49159633],[-76.48574661,3.49159627]]]]},"geometry_name":"the_geom","properties":{"id":3,"fuente":"OSSO","tipo_amena":"Amenaza Media mitigable (Profundidad entre 0.45 m y 0,90 m)"}},{"type":"Feature","id":"amb_ari_inundacion_pluvial.320","geometry":{"type":"MultiPolygon","coordinates":[[[[-76.48664678,3.49123459],[-76.48628671,3.49123455],[-76.48628673,3.49105361],[-76.48718686,3.49105371],[-76.48718684,3.49123464],[-76.48664678,3.49123459]]]]},"geometry_name":"the_geom","properties":{"id":3,"fuente":"OSSO","tipo_amena":"Amenaza Media mitigable (Profundidad entre 0.45 m y 0,90 m)"}},{"type":"Feature","id":"amb_ari_inundacion_pluvial.321","geometry":{"type":"MultiPolygon","coordinates":[[[[-76.48736692,3.49105373],[-76.48736694,3.49087288],[-76.48754694,3.4908729],[-76.48754692,3.49105375],[-76.48736692,3.49105373]]]]},"geometry_name":"the_geom","properties":{"id":3,"fuente":"OSSO","tipo_amena":"Amenaza Media mitigable (Profundidad entre 0.45 m y 0,90 m)"}},{"type":"Feature","id":"amb_ari_inundacion_pluvial.322","geometry":{"type":"MultiPolygon","coordinates":[[[[-76.48430649,3.49105339],[-76.48430651,3.49087255],[-76.48448658,3.49087256],[-76.48448656,3.49105341],[-76.48430649,3.49105339]]]]},"geometry_name":"the_geom","properties":{"id":3,"fuente":"OSSO","tipo_amena":"Amenaza Media mitigable (Profundidad entre 0.45 m y 0,90 m)"}},{"type":"Feature","id":"amb_ari_inundacion_pluvial.323","geometry":{"type":"MultiPolygon","coordinates":[[[[-76.49042731,3.49087321],[-76.49042732,3.49069227],[-76.49024733,3.49069225],[-76.49024735,3.4905114],[-76.48826711,3.49051119],[-76.48826714,3.49014941],[-76.4889872,3.49014948],[-76.48898722,3.48996855],[-76.48934728,3.48996859],[-76.4893473,3.48978774],[-76.49060749,3.48978787],[-76.49060747,3.48996872],[-76.49096746,3.48996876],[-76.4909674,3.49051148],[-76.49096738,3.49069232],[-76.49078739,3.49069231],[-76.49060739,3.49069229],[-76.49060738,3.49087322],[-76.49042731,3.49087321]]]]},"geometry_name":"the_geom","properties":{"id":3,"fuente":"OSSO","tipo_amena":"Amenaza Media mitigable (Profundidad entre 0.45 m y 0,90 m)"}},{"type":"Feature","id":"amb_ari_inundacion_pluvial.324","geometry":{"type":"MultiPolygon","coordinates":[[[[-76.48772701,3.49087292],[-76.48772703,3.49069198],[-76.48808702,3.49069202],[-76.488087,3.49087296],[-76.48772701,3.49087292]]]]},"geometry_name":"the_geom","properties":{"id":3,"fuente":"OSSO","tipo_amena":"Amenaza Media mitigable (Profundidad entre 0.45 m y 0,90 m)"}},{"type":"Feature","id":"amb_ari_inundacion_pluvial.325","geometry":{"type":"MultiPolygon","coordinates":[[[[-76.48448658,3.49087256],[-76.4844866,3.49069163],[-76.48466659,3.49069165],[-76.48466657,3.49087258],[-76.48448658,3.49087256]]]]},"geometry_name":"the_geom","properties":{"id":3,"fuente":"OSSO","tipo_amena":"Amenaza Media mitigable (Profundidad entre 0.45 m y 0,90 m)"}},{"type":"Feature","id":"amb_ari_inundacion_pluvial.326","geometry":{"type":"MultiPolygon","coordinates":[[[[-76.48808702,3.49069202],[-76.48808704,3.49051117],[-76.48826711,3.49051119],[-76.48826709,3.49069204],[-76.48808702,3.49069202]]]]},"geometry_name":"the_geom","properties":{"id":3,"fuente":"OSSO","tipo_amena":"Amenaza Media mitigable (Profundidad entre 0.45 m y 0,90 m)"}},{"type":"Feature","id":"amb_ari_inundacion_pluvial.327","geometry":{"type":"MultiPolygon","coordinates":[[[[-76.49132747,3.49051151],[-76.49132749,3.49033058],[-76.49150748,3.4903306],[-76.49150746,3.49051153],[-76.49132747,3.49051151]]]]},"geometry_name":"the_geom","properties":{"id":3,"fuente":"OSSO","tipo_amena":"Amenaza Media mitigable (Profundidad entre 0.45 m y 0,90 m)"}},{"type":"Feature","id":"amb_ari_inundacion_pluvial.328","geometry":{"type":"MultiPolygon","coordinates":[[[[-76.49150748,3.4903306],[-76.4915075,3.49014975],[-76.49168757,3.49014977],[-76.49168755,3.49033061],[-76.49150748,3.4903306]]]]},"geometry_name":"the_geom","properties":{"id":3,"fuente":"OSSO","tipo_amena":"Amenaza Media mitigable (Profundidad entre 0.45 m y 0,90 m)"}},{"type":"Feature","id":"amb_ari_inundacion_pluvial.329","geometry":{"type":"MultiPolygon","coordinates":[[[[-76.49168757,3.49014977],[-76.49168759,3.48996883],[-76.49186758,3.48996885],[-76.49186756,3.49014979],[-76.49168757,3.49014977]]]]},"geometry_name":"the_geom","properties":{"id":3,"fuente":"OSSO","tipo_amena":"Amenaza Media mitigable (Profundidad entre 0.45 m y 0,90 m)"}},{"type":"Feature","id":"amb_ari_inundacion_pluvial.336","geometry":{"type":"MultiPolygon","coordinates":[[[[-76.4925878,3.48906442],[-76.49258786,3.48852179],[-76.49240779,3.48852177],[-76.4924079,3.48743642],[-76.49258797,3.48743643],[-76.49258806,3.48653193],[-76.49240799,3.48653191],[-76.49240803,3.48617013],[-76.49222803,3.48617011],[-76.49222807,3.48580832],[-76.49186801,3.48580829],[-76.49186802,3.48562735],[-76.49114797,3.48562728],[-76.49114799,3.48544643],[-76.49096792,3.48544641],[-76.49096794,3.48526547],[-76.49078795,3.48526545],[-76.49078797,3.48508452],[-76.4891678,3.48508435],[-76.48916782,3.4849035],[-76.48898775,3.48490348],[-76.48898777,3.48472254],[-76.49006788,3.48472266],[-76.4900679,3.48454181],[-76.49060803,3.48454187],[-76.49060801,3.48472271],[-76.490968,3.48472275],[-76.49096798,3.48490369],[-76.49132804,3.48490373],[-76.49132802,3.48508457],[-76.49168809,3.48508461],[-76.49168807,3.48526555],[-76.49204813,3.48526558],[-76.49204811,3.48544652],[-76.4924081,3.48544656],[-76.49240808,3.48562741],[-76.49258815,3.48562742],[-76.49258811,3.48598921],[-76.49276811,3.48598923],[-76.49276805,3.48653195],[-76.49294812,3.48653197],[-76.49294808,3.48689375],[-76.49312808,3.48689377],[-76.49312801,3.48761734],[-76.49294801,3.48761732],[-76.49294798,3.4879791],[-76.49276791,3.48797908],[-76.4927678,3.48906444],[-76.4925878,3.48906442]]]]},"geometry_name":"the_geom","properties":{"id":3,"fuente":"OSSO","tipo_amena":"Amenaza Media mitigable (Profundidad entre 0.45 m y 0,90 m)"}},{"type":"Feature","id":"amb_ari_inundacion_pluvial.337","geometry":{"type":"MultiPolygon","coordinates":[[[[-76.48430673,3.48888269],[-76.48430675,3.48870175],[-76.48448681,3.48870177],[-76.48448679,3.48888271],[-76.48430673,3.48888269]]]]},"geometry_name":"the_geom","properties":{"id":3,"fuente":"OSSO","tipo_amena":"Amenaza Media mitigable (Profundidad entre 0.45 m y 0,90 m)"}},{"type":"Feature","id":"amb_ari_inundacion_pluvial.338","geometry":{"type":"MultiPolygon","coordinates":[[[[-76.48412677,3.48852088],[-76.48412679,3.48833995],[-76.48430679,3.48833997],[-76.48430677,3.4885209],[-76.48412677,3.48852088]]]]},"geometry_name":"the_geom","properties":{"id":3,"fuente":"OSSO","tipo_amena":"Amenaza Media mitigable (Profundidad entre 0.45 m y 0,90 m)"}},{"type":"Feature","id":"amb_ari_inundacion_pluvial.339","geometry":{"type":"MultiPolygon","coordinates":[[[[-76.48358675,3.48815904],[-76.48394682,3.48815908],[-76.4839468,3.48833993],[-76.48358673,3.48833989],[-76.48358675,3.48815904]]]]},"geometry_name":"the_geom","properties":{"id":3,"fuente":"OSSO","tipo_amena":"Amenaza Media mitigable (Profundidad entre 0.45 m y 0,90 m)"}},{"type":"Feature","id":"amb_ari_inundacion_pluvial.340","geometry":{"type":"MultiPolygon","coordinates":[[[[-76.48358677,3.4879781],[-76.48358679,3.48779726],[-76.48376679,3.48779728],[-76.48376677,3.48797812],[-76.48358677,3.4879781]]]]},"geometry_name":"the_geom","properties":{"id":3,"fuente":"OSSO","tipo_amena":"Amenaza Media mitigable (Profundidad entre 0.45 m y 0,90 m)"}},{"type":"Feature","id":"amb_ari_inundacion_pluvial.341","geometry":{"type":"MultiPolygon","coordinates":[[[[-76.48340672,3.48779724],[-76.48340674,3.4876163],[-76.48358681,3.48761632],[-76.48358679,3.48779726],[-76.48340672,3.48779724]]]]},"geometry_name":"the_geom","properties":{"id":3,"fuente":"OSSO","tipo_amena":"Amenaza Media mitigable (Profundidad entre 0.45 m y 0,90 m)"}},{"type":"Feature","id":"amb_ari_inundacion_pluvial.342","geometry":{"type":"MultiPolygon","coordinates":[[[[-76.48322681,3.48707356],[-76.48322683,3.48689271],[-76.48322689,3.48634999],[-76.48340689,3.48635001],[-76.4834068,3.48707358],[-76.48322681,3.48707356]]]]},"geometry_name":"the_geom","properties":{"id":3,"fuente":"OSSO","tipo_amena":"Amenaza Media mitigable (Profundidad entre 0.45 m y 0,90 m)"}},{"type":"Feature","id":"amb_ari_inundacion_pluvial.343","geometry":{"type":"MultiPolygon","coordinates":[[[[-76.48304696,3.48580734],[-76.48304698,3.4856264],[-76.48322697,3.48562642],[-76.48322695,3.48580736],[-76.48304696,3.48580734]]]]},"geometry_name":"the_geom","properties":{"id":3,"fuente":"OSSO","tipo_amena":"Amenaza Media mitigable (Profundidad entre 0.45 m y 0,90 m)"}},{"type":"Feature","id":"amb_ari_inundacion_pluvial.344","geometry":{"type":"MultiPolygon","coordinates":[[[[-76.48286693,3.48544553],[-76.48286701,3.48472188],[-76.48304708,3.4847219],[-76.483047,3.48544555],[-76.48286693,3.48544553]]]]},"geometry_name":"the_geom","properties":{"id":3,"fuente":"OSSO","tipo_amena":"Amenaza Media mitigable (Profundidad entre 0.45 m y 0,90 m)"}},{"type":"Feature","id":"amb_ari_inundacion_pluvial.345","geometry":{"type":"MultiPolygon","coordinates":[[[[-76.48304708,3.4847219],[-76.48304712,3.48436011],[-76.48322711,3.48436013],[-76.48322713,3.48417928],[-76.48340713,3.4841793],[-76.48340719,3.48363658],[-76.48322719,3.48363656],[-76.48322721,3.48345572],[-76.48286715,3.48345568],[-76.48286717,3.48327474],[-76.48250711,3.4832747],[-76.48232712,3.48327468],[-76.48232714,3.48309374],[-76.48340725,3.48309386],[-76.48340723,3.4832748],[-76.48412735,3.48327488],[-76.48412739,3.4829131],[-76.48430738,3.48291312],[-76.48430736,3.48309396],[-76.48448743,3.48309398],[-76.48448741,3.48327492],[-76.48430734,3.4832749],[-76.48430732,3.48345584],[-76.48448739,3.48345586],[-76.48448735,3.48381764],[-76.48466734,3.48381766],[-76.48466729,3.48436029],[-76.48448729,3.48436027],[-76.48448725,3.48472206],[-76.48466725,3.48472208],[-76.48466729,3.48436029],[-76.48484728,3.48436031],[-76.4848472,3.48508388],[-76.48448721,3.48508384],[-76.48448723,3.48490299],[-76.48430716,3.48490297],[-76.4843072,3.48454119],[-76.48412721,3.48454117],[-76.48412723,3.48436023],[-76.48394724,3.48436021],[-76.48394726,3.48417937],[-76.48358719,3.48417933],[-76.48358717,3.48436017],[-76.48340711,3.48436015],[-76.48340709,3.48454109],[-76.48322709,3.48454107],[-76.48322707,3.48472192],[-76.48304708,3.4847219]]]]},"geometry_name":"the_geom","properties":{"id":3,"fuente":"OSSO","tipo_amena":"Amenaza Media mitigable (Profundidad entre 0.45 m y 0,90 m)"}},{"type":"Feature","id":"amb_ari_inundacion_pluvial.346","geometry":{"type":"MultiPolygon","coordinates":[[[[-76.48898786,3.48381813],[-76.48898777,3.48472254],[-76.48880777,3.48472252],[-76.48880781,3.48436074],[-76.48862774,3.48436072],[-76.48862776,3.48417987],[-76.48880783,3.48417989],[-76.48880787,3.48381811],[-76.48898786,3.48381813]]]]},"geometry_name":"the_geom","properties":{"id":3,"fuente":"OSSO","tipo_amena":"Amenaza Media mitigable (Profundidad entre 0.45 m y 0,90 m)"}},{"type":"Feature","id":"amb_ari_inundacion_pluvial.347","geometry":{"type":"MultiPolygon","coordinates":[[[[-76.48898786,3.48381813],[-76.48898788,3.48363719],[-76.48916795,3.48363721],[-76.48916793,3.48381815],[-76.48898786,3.48381813]]]]},"geometry_name":"the_geom","properties":{"id":3,"fuente":"OSSO","tipo_amena":"Amenaza Media mitigable (Profundidad entre 0.45 m y 0,90 m)"}},{"type":"Feature","id":"amb_ari_inundacion_pluvial.348","geometry":{"type":"MultiPolygon","coordinates":[[[[-76.48916795,3.48363721],[-76.48916797,3.48345636],[-76.48934796,3.48345638],[-76.48934794,3.48363723],[-76.48916795,3.48363721]]]]},"geometry_name":"the_geom","properties":{"id":3,"fuente":"OSSO","tipo_amena":"Amenaza Media mitigable (Profundidad entre 0.45 m y 0,90 m)"}},{"type":"Feature","id":"amb_ari_inundacion_pluvial.349","geometry":{"type":"MultiPolygon","coordinates":[[[[-76.48934796,3.48345638],[-76.48934802,3.48291366],[-76.48916803,3.48291364],[-76.48916805,3.48273271],[-76.48952803,3.48273274],[-76.48952796,3.4834564],[-76.48934796,3.48345638]]]]},"geometry_name":"the_geom","properties":{"id":3,"fuente":"OSSO","tipo_amena":"Amenaza Media mitigable (Profundidad entre 0.45 m y 0,90 m)"}},{"type":"Feature","id":"amb_ari_inundacion_pluvial.350","geometry":{"type":"MultiPolygon","coordinates":[[[[-76.4855688,3.47151683],[-76.48574879,3.47151685],[-76.48574875,3.47187863],[-76.48556876,3.47187861],[-76.48556872,3.4722404],[-76.48574871,3.47224042],[-76.48574861,3.47314492],[-76.48556862,3.4731449],[-76.4855686,3.47332575],[-76.48502855,3.47332569],[-76.48502847,3.47404926],[-76.48520846,3.47404928],[-76.48520833,3.47531557],[-76.48538839,3.47531559],[-76.48538835,3.47567737],[-76.48520829,3.47567735],[-76.48520827,3.47585829],[-76.48502827,3.47585827],[-76.48502826,3.47603912],[-76.48484819,3.4760391],[-76.48484799,3.47784811],[-76.484668,3.47784809],[-76.48466798,3.47802894],[-76.48448799,3.47802892],[-76.48448797,3.47820985],[-76.4843079,3.47820983],[-76.48430784,3.47875246],[-76.48412785,3.47875244],[-76.48412783,3.47893338],[-76.48430782,3.4789334],[-76.4843078,3.47911434],[-76.48448787,3.47911436],[-76.48448785,3.47929521],[-76.48466784,3.47929522],[-76.48466782,3.47947616],[-76.48484781,3.47947618],[-76.48484779,3.47965703],[-76.48502786,3.47965705],[-76.48502784,3.47983799],[-76.48520783,3.47983801],[-76.48520781,3.48001885],[-76.48538788,3.48001887],[-76.48538784,3.48038066],[-76.48574783,3.4803807],[-76.48574781,3.48056163],[-76.48592788,3.48056165],[-76.48592786,3.4807425],[-76.4866479,3.48074258],[-76.48664788,3.48092352],[-76.48736801,3.48092359],[-76.48736799,3.48110453],[-76.48772805,3.48110457],[-76.48772803,3.48128542],[-76.48790802,3.48128544],[-76.48790798,3.48164722],[-76.48808798,3.48164724],[-76.48808794,3.48200902],[-76.488268,3.48200904],[-76.48826797,3.48237083],[-76.48844796,3.48237085],[-76.48844786,3.48327535],[-76.48844785,3.48345629],[-76.48790779,3.48345623],[-76.48790783,3.48309435],[-76.48772784,3.48309434],[-76.48772785,3.48291349],[-76.48754779,3.48291347],[-76.48754783,3.48255169],[-76.48736783,3.48255167],[-76.48736785,3.48237073],[-76.48718778,3.48237071],[-76.4871878,3.48218986],[-76.48700781,3.48218984],[-76.48700783,3.48200891],[-76.48664777,3.48200887],[-76.48664779,3.48182802],[-76.48610773,3.48182796],[-76.48610775,3.48164703],[-76.48574769,3.48164699],[-76.48574771,3.48146614],[-76.48556772,3.48146612],[-76.48556774,3.48128518],[-76.48538774,3.48128516],[-76.48538776,3.48110432],[-76.4852077,3.4811043],[-76.48520774,3.48074242],[-76.48502774,3.4807424],[-76.48502778,3.48038062],[-76.48484771,3.4803806],[-76.48484775,3.48001881],[-76.48466776,3.48001879],[-76.48466778,3.47983795],[-76.48448779,3.47983793],[-76.48448781,3.47965699],[-76.48430774,3.47965697],[-76.48430776,3.47947612],[-76.48412777,3.4794761],[-76.48412781,3.47911432],[-76.48394781,3.4791143],[-76.48394793,3.47802886],[-76.48412793,3.47802888],[-76.48412797,3.47766709],[-76.48430796,3.47766711],[-76.48430798,3.47748626],[-76.48448805,3.47748628],[-76.48448814,3.47658178],[-76.48466814,3.4765818],[-76.48466824,3.47567729],[-76.48484823,3.47567731],[-76.48484825,3.47549647],[-76.48502831,3.47549649],[-76.48502833,3.47531555],[-76.48484827,3.47531553],[-76.48484841,3.47404924],[-76.48466841,3.47404922],[-76.48466851,3.4731448],[-76.4848485,3.47314483],[-76.48484852,3.47296389],[-76.48520858,3.47296393],[-76.4852086,3.47278308],[-76.48538867,3.4727831],[-76.48538871,3.47242123],[-76.48520864,3.47242121],[-76.48520868,3.47205942],[-76.48538875,3.47205944],[-76.48538879,3.47169766],[-76.48556878,3.47169768],[-76.4855688,3.47151683]]]]},"geometry_name":"the_geom","properties":{"id":3,"fuente":"OSSO","tipo_amena":"Amenaza Media mitigable (Profundidad entre 0.45 m y 0,90 m)"}},{"type":"Feature","id":"amb_ari_inundacion_pluvial.351","geometry":{"type":"MultiPolygon","coordinates":[[[[-76.48880793,3.48327539],[-76.48880795,3.48309445],[-76.48898794,3.48309447],[-76.48898792,3.48327541],[-76.48880793,3.48327539]]]]},"geometry_name":"the_geom","properties":{"id":3,"fuente":"OSSO","tipo_amena":"Amenaza Media mitigable (Profundidad entre 0.45 m y 0,90 m)"}},{"type":"Feature","id":"amb_ari_inundacion_pluvial.352","geometry":{"type":"MultiPolygon","coordinates":[[[[-76.48214718,3.48273194],[-76.48232718,3.48273196],[-76.48232716,3.48291289],[-76.48214716,3.48291287],[-76.48214718,3.48273194]]]]},"geometry_name":"the_geom","properties":{"id":3,"fuente":"OSSO","tipo_amena":"Amenaza Media mitigable (Profundidad entre 0.45 m y 0,90 m)"}},{"type":"Feature","id":"amb_ari_inundacion_pluvial.353","geometry":{"type":"MultiPolygon","coordinates":[[[[-76.48196718,3.48218929],[-76.48214724,3.48218931],[-76.4821472,3.48255109],[-76.48196714,3.48255107],[-76.48196718,3.48218929]]]]},"geometry_name":"the_geom","properties":{"id":3,"fuente":"OSSO","tipo_amena":"Amenaza Media mitigable (Profundidad entre 0.45 m y 0,90 m)"}},{"type":"Feature","id":"amb_ari_inundacion_pluvial.354","geometry":{"type":"MultiPolygon","coordinates":[[[[-76.4817872,3.48200833],[-76.48178722,3.48182748],[-76.48196722,3.4818275],[-76.4819672,3.48200835],[-76.4817872,3.48200833]]]]},"geometry_name":"the_geom","properties":{"id":3,"fuente":"OSSO","tipo_amena":"Amenaza Media mitigable (Profundidad entre 0.45 m y 0,90 m)"}},{"type":"Feature","id":"amb_ari_inundacion_pluvial.355","geometry":{"type":"MultiPolygon","coordinates":[[[[-76.48160725,3.48164652],[-76.48178724,3.48164654],[-76.48178722,3.48182748],[-76.48160723,3.48182746],[-76.48160725,3.48164652]]]]},"geometry_name":"the_geom","properties":{"id":3,"fuente":"OSSO","tipo_amena":"Amenaza Media mitigable (Profundidad entre 0.45 m y 0,90 m)"}},{"type":"Feature","id":"amb_ari_inundacion_pluvial.357","geometry":{"type":"MultiPolygon","coordinates":[[[[-76.48088723,3.48074194],[-76.48088725,3.48056109],[-76.48088727,3.48038015],[-76.48106727,3.48038017],[-76.48106722,3.48074196],[-76.48088723,3.48074194]]]]},"geometry_name":"the_geom","properties":{"id":3,"fuente":"OSSO","tipo_amena":"Amenaza Media mitigable (Profundidad entre 0.45 m y 0,90 m)"}},{"type":"Feature","id":"amb_ari_inundacion_pluvial.358","geometry":{"type":"MultiPolygon","coordinates":[[[[-76.48052727,3.47983748],[-76.48070734,3.4798375],[-76.48070732,3.48001835],[-76.48088731,3.48001837],[-76.48088727,3.48038015],[-76.48070728,3.48038013],[-76.4807073,3.48019928],[-76.48052723,3.48019926],[-76.48052727,3.47983748]]]]},"geometry_name":"the_geom","properties":{"id":3,"fuente":"OSSO","tipo_amena":"Amenaza Media mitigable (Profundidad entre 0.45 m y 0,90 m)"}},{"type":"Feature","id":"amb_ari_inundacion_pluvial.359","geometry":{"type":"MultiPolygon","coordinates":[[[[-76.48034728,3.47983746],[-76.48034732,3.47947567],[-76.48052731,3.4794757],[-76.48052727,3.47983748],[-76.48034728,3.47983746]]]]},"geometry_name":"the_geom","properties":{"id":3,"fuente":"OSSO","tipo_amena":"Amenaza Media mitigable (Profundidad entre 0.45 m y 0,90 m)"}},{"type":"Feature","id":"amb_ari_inundacion_pluvial.360","geometry":{"type":"MultiPolygon","coordinates":[[[[-76.48016733,3.47947565],[-76.48016735,3.47929472],[-76.47998728,3.4792947],[-76.4799873,3.47911385],[-76.47980731,3.47911383],[-76.47980733,3.47893289],[-76.47980735,3.47875195],[-76.47980737,3.47857111],[-76.47998737,3.47857113],[-76.47998732,3.47893291],[-76.48016739,3.47893293],[-76.48016737,3.47911387],[-76.48034736,3.47911389],[-76.48034732,3.47947567],[-76.48016733,3.47947565]]]]},"geometry_name":"the_geom","properties":{"id":3,"fuente":"OSSO","tipo_amena":"Amenaza Media mitigable (Profundidad entre 0.45 m y 0,90 m)"}},{"type":"Feature","id":"amb_ari_inundacion_pluvial.361","geometry":{"type":"MultiPolygon","coordinates":[[[[-76.47998737,3.47857113],[-76.47998747,3.47766662],[-76.47980748,3.4776666],[-76.4798075,3.47748576],[-76.47980754,3.47712397],[-76.47998753,3.47712399],[-76.47998749,3.47748578],[-76.48016756,3.4774858],[-76.48016743,3.47857115],[-76.47998737,3.47857113]]]]},"geometry_name":"the_geom","properties":{"id":3,"fuente":"OSSO","tipo_amena":"Amenaza Media mitigable (Profundidad entre 0.45 m y 0,90 m)"}},{"type":"Feature","id":"amb_ari_inundacion_pluvial.362","geometry":{"type":"MultiPolygon","coordinates":[[[[-76.4853882,3.4771246],[-76.48628823,3.4771247],[-76.48628821,3.47730554],[-76.48682834,3.4773056],[-76.48682836,3.47712476],[-76.48700835,3.47712478],[-76.48700837,3.47694384],[-76.48718836,3.47694386],[-76.48718832,3.47730564],[-76.48700833,3.47730562],[-76.48700831,3.47748656],[-76.48664825,3.47748652],[-76.48664823,3.47766737],[-76.48610818,3.47766731],[-76.4861082,3.47748646],[-76.48592821,3.47748644],[-76.48592823,3.47730551],[-76.48538818,3.47730545],[-76.4853882,3.4771246]]]]},"geometry_name":"the_geom","properties":{"id":3,"fuente":"OSSO","tipo_amena":"Amenaza Media mitigable (Profundidad entre 0.45 m y 0,90 m)"}},{"type":"Feature","id":"amb_ari_inundacion_pluvial.363","geometry":{"type":"MultiPolygon","coordinates":[[[[-76.47962747,3.47712395],[-76.47962751,3.47676217],[-76.47962758,3.47621945],[-76.47944758,3.47621942],[-76.4794476,3.47603849],[-76.47944762,3.47585764],[-76.47926763,3.47585762],[-76.47926765,3.47567668],[-76.47908759,3.47567666],[-76.47908761,3.47549581],[-76.47944767,3.47549586],[-76.47944765,3.4756767],[-76.47962764,3.47567672],[-76.4796276,3.47603851],[-76.47980766,3.47603853],[-76.47980754,3.47712397],[-76.47962747,3.47712395]]]]},"geometry_name":"the_geom","properties":{"id":3,"fuente":"OSSO","tipo_amena":"Amenaza Media mitigable (Profundidad entre 0.45 m y 0,90 m)"}},{"type":"Feature","id":"amb_ari_inundacion_pluvial.364","geometry":{"type":"MultiPolygon","coordinates":[[[[-76.48718836,3.47694386],[-76.48718838,3.47676301],[-76.48736845,3.47676303],[-76.48736843,3.47694388],[-76.48718836,3.47694386]]]]},"geometry_name":"the_geom","properties":{"id":3,"fuente":"OSSO","tipo_amena":"Amenaza Media mitigable (Profundidad entre 0.45 m y 0,90 m)"}},{"type":"Feature","id":"amb_ari_inundacion_pluvial.365","geometry":{"type":"MultiPolygon","coordinates":[[[[-76.48556821,3.47694368],[-76.48556823,3.47676284],[-76.48610828,3.4767629],[-76.48610826,3.47694374],[-76.48556821,3.47694368]]]]},"geometry_name":"the_geom","properties":{"id":3,"fuente":"OSSO","tipo_amena":"Amenaza Media mitigable (Profundidad entre 0.45 m y 0,90 m)"}},{"type":"Feature","id":"amb_ari_inundacion_pluvial.366","geometry":{"type":"MultiPolygon","coordinates":[[[[-76.48628829,3.47658198],[-76.4861083,3.47658196],[-76.48610832,3.47640102],[-76.48628831,3.47640104],[-76.48628833,3.47622019],[-76.48700845,3.47622027],[-76.48736851,3.47622031],[-76.48736849,3.47640116],[-76.48646838,3.47640106],[-76.48646836,3.476582],[-76.48628829,3.47658198]]]]},"geometry_name":"the_geom","properties":{"id":3,"fuente":"OSSO","tipo_amena":"Amenaza Media mitigable (Profundidad entre 0.45 m y 0,90 m)"}},{"type":"Feature","id":"amb_ari_inundacion_pluvial.367","geometry":{"type":"MultiPolygon","coordinates":[[[[-76.47890762,3.47549579],[-76.47890764,3.47531486],[-76.47908763,3.47531488],[-76.47908761,3.47549581],[-76.47890762,3.47549579]]]]},"geometry_name":"the_geom","properties":{"id":3,"fuente":"OSSO","tipo_amena":"Amenaza Media mitigable (Profundidad entre 0.45 m y 0,90 m)"}},{"type":"Feature","id":"amb_ari_inundacion_pluvial.368","geometry":{"type":"MultiPolygon","coordinates":[[[[-76.47872757,3.47531484],[-76.47836759,3.47531479],[-76.47836761,3.47513395],[-76.47836765,3.47477216],[-76.47818758,3.47477214],[-76.47818765,3.47422942],[-76.47800765,3.4742294],[-76.47800768,3.47404846],[-76.47782768,3.47404844],[-76.47782772,3.47368666],[-76.47764766,3.47368663],[-76.47764768,3.47350579],[-76.47746769,3.47350577],[-76.47746771,3.47332483],[-76.47728764,3.47332481],[-76.47728766,3.47314396],[-76.47710767,3.47314394],[-76.47710769,3.472963],[-76.47710772,3.47278216],[-76.47728771,3.47278218],[-76.47728777,3.47223946],[-76.47746784,3.47223948],[-76.47746773,3.47314398],[-76.47764772,3.473144],[-76.4776477,3.47332485],[-76.47782777,3.47332487],[-76.47782775,3.47350581],[-76.47800774,3.47350583],[-76.47800772,3.47368668],[-76.47818771,3.4736867],[-76.47818769,3.47386764],[-76.47836775,3.47386766],[-76.47836767,3.47459122],[-76.47854766,3.47459125],[-76.4785476,3.47513397],[-76.47890766,3.47513401],[-76.47890764,3.47531486],[-76.47872757,3.47531484]]]]},"geometry_name":"the_geom","properties":{"id":3,"fuente":"OSSO","tipo_amena":"Amenaza Media mitigable (Profundidad entre 0.45 m y 0,90 m)"}},{"type":"Feature","id":"amb_ari_inundacion_pluvial.369","geometry":{"type":"MultiPolygon","coordinates":[[[[-76.48196833,3.47187821],[-76.48232839,3.47187825],[-76.48250838,3.47187827],[-76.48250836,3.47205912],[-76.48232837,3.4720591],[-76.48232835,3.47224004],[-76.48196829,3.47224],[-76.48196833,3.47187821]]]]},"geometry_name":"the_geom","properties":{"id":3,"fuente":"OSSO","tipo_amena":"Amenaza Media mitigable (Profundidad entre 0.45 m y 0,90 m)"}},{"type":"Feature","id":"amb_ari_inundacion_pluvial.370","geometry":{"type":"MultiPolygon","coordinates":[[[[-76.4771078,3.4720585],[-76.47728779,3.47205852],[-76.47728777,3.47223946],[-76.47710778,3.47223943],[-76.4771078,3.4720585]]]]},"geometry_name":"the_geom","properties":{"id":3,"fuente":"OSSO","tipo_amena":"Amenaza Media mitigable (Profundidad entre 0.45 m y 0,90 m)"}},{"type":"Feature","id":"amb_ari_inundacion_pluvial.371","geometry":{"type":"MultiPolygon","coordinates":[[[[-76.48106829,3.47133539],[-76.48142835,3.47133543],[-76.48142833,3.47151637],[-76.48196837,3.47151643],[-76.48196833,3.47187821],[-76.48178834,3.47187819],[-76.48178836,3.47169726],[-76.48160837,3.47169724],[-76.48160835,3.47187817],[-76.48124829,3.47187813],[-76.48124833,3.47151635],[-76.48106827,3.47151633],[-76.48106829,3.47133539]]]]},"geometry_name":"the_geom","properties":{"id":3,"fuente":"OSSO","tipo_amena":"Amenaza Media mitigable (Profundidad entre 0.45 m y 0,90 m)"}},{"type":"Feature","id":"amb_ari_inundacion_pluvial.372","geometry":{"type":"MultiPolygon","coordinates":[[[[-76.47692785,3.47169669],[-76.47692794,3.47097312],[-76.47710793,3.47097314],[-76.47710784,3.47169671],[-76.47692785,3.47169669]]]]},"geometry_name":"the_geom","properties":{"id":3,"fuente":"OSSO","tipo_amena":"Amenaza Media mitigable (Profundidad entre 0.45 m y 0,90 m)"}},{"type":"Feature","id":"amb_ari_inundacion_pluvial.373","geometry":{"type":"MultiPolygon","coordinates":[[[[-76.48538886,3.47097409],[-76.48556886,3.47097411],[-76.4855688,3.47151683],[-76.48538881,3.47151681],[-76.48538886,3.47097409]]]]},"geometry_name":"the_geom","properties":{"id":3,"fuente":"OSSO","tipo_amena":"Amenaza Media mitigable (Profundidad entre 0.45 m y 0,90 m)"}},{"type":"Feature","id":"amb_ari_inundacion_pluvial.374","geometry":{"type":"MultiPolygon","coordinates":[[[[-76.48160847,3.47079282],[-76.48178846,3.47079284],[-76.48178848,3.4706119],[-76.48196848,3.47061192],[-76.48196846,3.47079286],[-76.48214852,3.47079288],[-76.48232851,3.4707929],[-76.48232849,3.47097375],[-76.48268855,3.47097379],[-76.48268853,3.47115473],[-76.48232847,3.47115469],[-76.48232843,3.47151647],[-76.48214844,3.47151645],[-76.48214848,3.47115467],[-76.48196842,3.47115465],[-76.48196844,3.47097371],[-76.48160845,3.47097367],[-76.48160847,3.47079282]]]]},"geometry_name":"the_geom","properties":{"id":3,"fuente":"OSSO","tipo_amena":"Amenaza Media mitigable (Profundidad entre 0.45 m y 0,90 m)"}},{"type":"Feature","id":"amb_ari_inundacion_pluvial.375","geometry":{"type":"MultiPolygon","coordinates":[[[[-76.48466877,3.47079316],[-76.48466879,3.47061223],[-76.48520884,3.47061229],[-76.48520882,3.47079322],[-76.48538888,3.47079324],[-76.48538886,3.47097409],[-76.48502881,3.47097405],[-76.48502883,3.4707932],[-76.48466877,3.47079316]]]]},"geometry_name":"the_geom","properties":{"id":3,"fuente":"OSSO","tipo_amena":"Amenaza Media mitigable (Profundidad entre 0.45 m y 0,90 m)"}},{"type":"Feature","id":"amb_ari_inundacion_pluvial.409","geometry":{"type":"MultiPolygon","coordinates":[[[[-76.48772924,3.46988899],[-76.48772926,3.46970805],[-76.48790925,3.46970807],[-76.48790923,3.46988901],[-76.48772924,3.46988899]]]]},"geometry_name":"the_geom","properties":{"id":2,"fuente":"OSSO","tipo_amena":"Amenaza Alta mitigable (Profundidad > 0,90 m)"}},{"type":"Feature","id":"amb_ari_inundacion_pluvial.376","geometry":{"type":"MultiPolygon","coordinates":[[[[-76.48052845,3.46952641],[-76.48070851,3.46952643],[-76.48070853,3.46934549],[-76.48052847,3.46934547],[-76.48052849,3.46916462],[-76.4803485,3.4691646],[-76.48034856,3.46862188],[-76.48052855,3.4686219],[-76.48052853,3.46880284],[-76.48052851,3.46898369],[-76.48088856,3.46898373],[-76.48088859,3.46880288],[-76.48106858,3.4688029],[-76.48124864,3.46880292],[-76.48124862,3.46898377],[-76.48124854,3.46970734],[-76.48142853,3.46970736],[-76.48142851,3.46988829],[-76.48124852,3.46988827],[-76.48124848,3.47025006],[-76.48142847,3.47025008],[-76.48142845,3.47043102],[-76.48106839,3.47043097],[-76.48106835,3.47079276],[-76.48088836,3.47079274],[-76.48088834,3.47097359],[-76.48052828,3.47097354],[-76.48052832,3.47061176],[-76.48070839,3.47061178],[-76.48070841,3.47043093],[-76.4808884,3.47043095],[-76.48088844,3.47006908],[-76.48070845,3.47006906],[-76.48070849,3.46970728],[-76.48052843,3.46970725],[-76.48052845,3.46952641]],[[-76.48088848,3.4697073],[-76.48106847,3.46970732],[-76.48106853,3.46916469],[-76.48088854,3.46916466],[-76.48088848,3.4697073]]]]},"geometry_name":"the_geom","properties":{"id":3,"fuente":"OSSO","tipo_amena":"Amenaza Media mitigable (Profundidad entre 0.45 m y 0,90 m)"}},{"type":"Feature","id":"amb_ari_inundacion_pluvial.377","geometry":{"type":"MultiPolygon","coordinates":[[[[-76.48142843,3.47061186],[-76.48160849,3.47061188],[-76.48160847,3.47079282],[-76.48142841,3.4707928],[-76.48142843,3.47061186]]]]},"geometry_name":"the_geom","properties":{"id":3,"fuente":"OSSO","tipo_amena":"Amenaza Media mitigable (Profundidad entre 0.45 m y 0,90 m)"}},{"type":"Feature","id":"amb_ari_inundacion_pluvial.378","geometry":{"type":"MultiPolygon","coordinates":[[[[-76.48160849,3.47061188],[-76.48160851,3.47043104],[-76.4817885,3.47043106],[-76.48178848,3.4706119],[-76.48160849,3.47061188]]]]},"geometry_name":"the_geom","properties":{"id":3,"fuente":"OSSO","tipo_amena":"Amenaza Media mitigable (Profundidad entre 0.45 m y 0,90 m)"}},{"type":"Feature","id":"amb_ari_inundacion_pluvial.401","geometry":{"type":"MultiPolygon","coordinates":[[[[-76.48233047,3.45324596],[-76.48251046,3.45324598],[-76.48251034,3.45433134],[-76.48233035,3.45433132],[-76.48233033,3.45451225],[-76.48215034,3.45451223],[-76.48215036,3.4543313],[-76.48161032,3.45433123],[-76.48161034,3.45415039],[-76.48143028,3.45415037],[-76.48143034,3.45360765],[-76.48179039,3.45360769],[-76.48179041,3.45342684],[-76.48233045,3.4534269],[-76.48233047,3.45324596]]]]},"geometry_name":"the_geom","properties":{"id":3,"fuente":"OSSO","tipo_amena":"Amenaza Media mitigable (Profundidad entre 0.45 m y 0,90 m)"}},{"type":"Feature","id":"amb_ari_inundacion_pluvial.379","geometry":{"type":"MultiPolygon","coordinates":[[[[-76.48718906,3.47043165],[-76.48628895,3.47043156],[-76.48628899,3.47006968],[-76.48682911,3.47006974],[-76.48682913,3.46988889],[-76.48700912,3.46988891],[-76.48700909,3.4702507],[-76.48718908,3.47025072],[-76.4871891,3.47006978],[-76.48736916,3.4700698],[-76.48736918,3.46988895],[-76.48718912,3.46988893],[-76.48718913,3.46970799],[-76.48754919,3.46970803],[-76.48772926,3.46970805],[-76.48772924,3.46988899],[-76.48754917,3.46988897],[-76.48754913,3.47025076],[-76.48736914,3.47025074],[-76.48736912,3.47043167],[-76.48718906,3.47043165]]]]},"geometry_name":"the_geom","properties":{"id":3,"fuente":"OSSO","tipo_amena":"Amenaza Media mitigable (Profundidad entre 0.45 m y 0,90 m)"}},{"type":"Feature","id":"amb_ari_inundacion_pluvial.380","geometry":{"type":"MultiPolygon","coordinates":[[[[-76.48142847,3.47025008],[-76.48142849,3.47006914],[-76.48160855,3.47006916],[-76.48160853,3.4702501],[-76.48142847,3.47025008]]]]},"geometry_name":"the_geom","properties":{"id":3,"fuente":"OSSO","tipo_amena":"Amenaza Media mitigable (Profundidad entre 0.45 m y 0,90 m)"}},{"type":"Feature","id":"amb_ari_inundacion_pluvial.381","geometry":{"type":"MultiPolygon","coordinates":[[[[-76.47710803,3.47006864],[-76.47710808,3.46970686],[-76.47728807,3.46970688],[-76.47728802,3.47006866],[-76.47710803,3.47006864]]]]},"geometry_name":"the_geom","properties":{"id":3,"fuente":"OSSO","tipo_amena":"Amenaza Media mitigable (Profundidad entre 0.45 m y 0,90 m)"}},{"type":"Feature","id":"amb_ari_inundacion_pluvial.382","geometry":{"type":"MultiPolygon","coordinates":[[[[-76.47728809,3.46952603],[-76.47728811,3.46934509],[-76.47746818,3.46934511],[-76.47746815,3.46952605],[-76.47728809,3.46952603]]]]},"geometry_name":"the_geom","properties":{"id":3,"fuente":"OSSO","tipo_amena":"Amenaza Media mitigable (Profundidad entre 0.45 m y 0,90 m)"}},{"type":"Feature","id":"amb_ari_inundacion_pluvial.383","geometry":{"type":"MultiPolygon","coordinates":[[[[-76.4774682,3.46916427],[-76.47746822,3.46898333],[-76.47764821,3.46898335],[-76.47764819,3.46916429],[-76.4774682,3.46916427]]]]},"geometry_name":"the_geom","properties":{"id":3,"fuente":"OSSO","tipo_amena":"Amenaza Media mitigable (Profundidad entre 0.45 m y 0,90 m)"}},{"type":"Feature","id":"amb_ari_inundacion_pluvial.384","geometry":{"type":"MultiPolygon","coordinates":[[[[-76.48016861,3.46826008],[-76.4803486,3.4682601],[-76.48034856,3.46862188],[-76.48016857,3.46862186],[-76.48016861,3.46826008]]]]},"geometry_name":"the_geom","properties":{"id":3,"fuente":"OSSO","tipo_amena":"Amenaza Media mitigable (Profundidad entre 0.45 m y 0,90 m)"}},{"type":"Feature","id":"amb_ari_inundacion_pluvial.385","geometry":{"type":"MultiPolygon","coordinates":[[[[-76.47746828,3.4684407],[-76.4774683,3.46825976],[-76.47764829,3.46825978],[-76.47764827,3.46844072],[-76.47746828,3.4684407]]]]},"geometry_name":"the_geom","properties":{"id":3,"fuente":"OSSO","tipo_amena":"Amenaza Media mitigable (Profundidad entre 0.45 m y 0,90 m)"}},{"type":"Feature","id":"amb_ari_inundacion_pluvial.386","geometry":{"type":"MultiPolygon","coordinates":[[[[-76.47890849,3.46789815],[-76.47890851,3.46771721],[-76.47926857,3.46771725],[-76.47926859,3.4675364],[-76.47926861,3.46735547],[-76.47962859,3.46735551],[-76.47962857,3.46753645],[-76.47944858,3.46753642],[-76.47944854,3.46789821],[-76.47890849,3.46789815]]]]},"geometry_name":"the_geom","properties":{"id":3,"fuente":"OSSO","tipo_amena":"Amenaza Media mitigable (Profundidad entre 0.45 m y 0,90 m)"}},{"type":"Feature","id":"amb_ari_inundacion_pluvial.387","geometry":{"type":"MultiPolygon","coordinates":[[[[-76.47962859,3.46735551],[-76.47962861,3.46717466],[-76.47980868,3.46717468],[-76.47980866,3.46735553],[-76.47962859,3.46735551]]]]},"geometry_name":"the_geom","properties":{"id":3,"fuente":"OSSO","tipo_amena":"Amenaza Media mitigable (Profundidad entre 0.45 m y 0,90 m)"}},{"type":"Feature","id":"amb_ari_inundacion_pluvial.388","geometry":{"type":"MultiPolygon","coordinates":[[[[-76.47926865,3.46699368],[-76.47926867,3.46681284],[-76.47944866,3.46681286],[-76.47944864,3.4669937],[-76.47926865,3.46699368]]]]},"geometry_name":"the_geom","properties":{"id":3,"fuente":"OSSO","tipo_amena":"Amenaza Media mitigable (Profundidad entre 0.45 m y 0,90 m)"}},{"type":"Feature","id":"amb_ari_inundacion_pluvial.389","geometry":{"type":"MultiPolygon","coordinates":[[[[-76.47980872,3.4668129],[-76.47962865,3.46681288],[-76.47962867,3.46663194],[-76.47998873,3.46663198],[-76.47998871,3.46681292],[-76.47980872,3.4668129]]]]},"geometry_name":"the_geom","properties":{"id":3,"fuente":"OSSO","tipo_amena":"Amenaza Media mitigable (Profundidad entre 0.45 m y 0,90 m)"}},{"type":"Feature","id":"amb_ari_inundacion_pluvial.390","geometry":{"type":"MultiPolygon","coordinates":[[[[-76.47908863,3.46663188],[-76.47926869,3.4666319],[-76.47926867,3.46681284],[-76.47908861,3.46681282],[-76.47908863,3.46663188]]]]},"geometry_name":"the_geom","properties":{"id":3,"fuente":"OSSO","tipo_amena":"Amenaza Media mitigable (Profundidad entre 0.45 m y 0,90 m)"}},{"type":"Feature","id":"amb_ari_inundacion_pluvial.391","geometry":{"type":"MultiPolygon","coordinates":[[[[-76.48016879,3.466632],[-76.48016882,3.46645116],[-76.48034881,3.46645118],[-76.48034879,3.46663202],[-76.48016879,3.466632]]]]},"geometry_name":"the_geom","properties":{"id":3,"fuente":"OSSO","tipo_amena":"Amenaza Media mitigable (Profundidad entre 0.45 m y 0,90 m)"}},{"type":"Feature","id":"amb_ari_inundacion_pluvial.392","geometry":{"type":"MultiPolygon","coordinates":[[[[-76.47962896,3.46409945],[-76.47962894,3.4642803],[-76.47944895,3.46428028],[-76.47944893,3.46446121],[-76.47926894,3.46446119],[-76.47926892,3.46464204],[-76.47890887,3.464642],[-76.47890885,3.46482294],[-76.47872878,3.46482292],[-76.47872876,3.46500376],[-76.47854877,3.46500374],[-76.47854873,3.46536553],[-76.47836874,3.4653655],[-76.47836866,3.46608907],[-76.47854865,3.46608909],[-76.4785486,3.46645097],[-76.47908865,3.46645103],[-76.47908863,3.46663188],[-76.47818853,3.46663177],[-76.47818855,3.46645093],[-76.47800856,3.4664509],[-76.47800858,3.46626997],[-76.47782859,3.46626995],[-76.47782872,3.46518459],[-76.47800871,3.46518462],[-76.47800875,3.46482283],[-76.47818874,3.46482285],[-76.47818876,3.46464192],[-76.47854881,3.46464196],[-76.47854883,3.46446111],[-76.47890889,3.46446115],[-76.47890891,3.46428022],[-76.47926896,3.46428026],[-76.47926898,3.46409941],[-76.47962896,3.46409945]]]]},"geometry_name":"the_geom","properties":{"id":3,"fuente":"OSSO","tipo_amena":"Amenaza Media mitigable (Profundidad entre 0.45 m y 0,90 m)"}},{"type":"Feature","id":"amb_ari_inundacion_pluvial.393","geometry":{"type":"MultiPolygon","coordinates":[[[[-76.48124891,3.46645128],[-76.48124893,3.46627034],[-76.48142892,3.46627036],[-76.4814289,3.4664513],[-76.48124891,3.46645128]]]]},"geometry_name":"the_geom","properties":{"id":3,"fuente":"OSSO","tipo_amena":"Amenaza Media mitigable (Profundidad entre 0.45 m y 0,90 m)"}},{"type":"Feature","id":"amb_ari_inundacion_pluvial.394","geometry":{"type":"MultiPolygon","coordinates":[[[[-76.4805288,3.4664512],[-76.48034881,3.46645118],[-76.48034883,3.46627024],[-76.48016884,3.46627022],[-76.48016886,3.46608928],[-76.4798088,3.46608924],[-76.47980882,3.46590839],[-76.47998881,3.46590841],[-76.47998885,3.46554663],[-76.47980886,3.46554661],[-76.47980888,3.46536567],[-76.47998887,3.46536569],[-76.47998892,3.46500391],[-76.47980892,3.46500389],[-76.47980897,3.4646421],[-76.48016902,3.46464214],[-76.48016904,3.4644613],[-76.47998898,3.46446128],[-76.479989,3.46428034],[-76.48016906,3.46428036],[-76.4801691,3.46391858],[-76.47980905,3.46391854],[-76.47980919,3.46265225],[-76.48016925,3.46265229],[-76.48016923,3.46283322],[-76.47998916,3.4628332],[-76.4799891,3.46337583],[-76.48016917,3.46337586],[-76.48016923,3.46283322],[-76.48034922,3.46283325],[-76.48034924,3.46265231],[-76.48016925,3.46265229],[-76.48016943,3.46102421],[-76.48034942,3.46102423],[-76.48034946,3.46066245],[-76.48052945,3.46066247],[-76.48052947,3.46048162],[-76.48070954,3.46048164],[-76.48070962,3.45975808],[-76.48088961,3.4597581],[-76.48088963,3.45957716],[-76.48106962,3.45957718],[-76.48106956,3.4601199],[-76.48124962,3.46011992],[-76.48124958,3.46048171],[-76.48142957,3.46048173],[-76.48142953,3.46084351],[-76.48124954,3.46084349],[-76.4812495,3.46120527],[-76.48088944,3.46120523],[-76.48088942,3.46138608],[-76.48070943,3.46138606],[-76.48070933,3.46229056],[-76.48052927,3.46229054],[-76.48052919,3.46301411],[-76.48070925,3.46301413],[-76.48070921,3.46337592],[-76.48052915,3.4633759],[-76.48052906,3.46409956],[-76.48034907,3.46409953],[-76.48034899,3.4648231],[-76.48052898,3.46482312],[-76.48052896,3.46500397],[-76.48106901,3.46500403],[-76.48106898,3.46518497],[-76.48142904,3.46518501],[-76.48142902,3.46536586],[-76.48178907,3.4653659],[-76.48178905,3.46554684],[-76.48214911,3.46554688],[-76.48214913,3.46536594],[-76.48232912,3.46536596],[-76.48232914,3.46518511],[-76.48268919,3.46518515],[-76.48268913,3.46572778],[-76.48268911,3.46590872],[-76.48232906,3.46590868],[-76.48214907,3.46590866],[-76.48214909,3.46572772],[-76.48196902,3.4657277],[-76.481969,3.46590864],[-76.48178901,3.46590862],[-76.48178899,3.46608947],[-76.481609,3.46608945],[-76.48160898,3.46627038],[-76.48142892,3.46627036],[-76.48142894,3.46608943],[-76.48124895,3.4660894],[-76.48124893,3.46627034],[-76.48070888,3.46627028],[-76.48070886,3.46645122],[-76.4805288,3.4664512]],[[-76.4803493,3.46210968],[-76.48052929,3.4621097],[-76.48052937,3.46138604],[-76.48034938,3.46138602],[-76.4803493,3.46210968]]]]},"geometry_name":"the_geom","properties":{"id":3,"fuente":"OSSO","tipo_amena":"Amenaza Media mitigable (Profundidad entre 0.45 m y 0,90 m)"}},{"type":"Feature","id":"amb_ari_inundacion_pluvial.395","geometry":{"type":"MultiPolygon","coordinates":[[[[-76.47962878,3.46572744],[-76.4796288,3.46554659],[-76.47980886,3.46554661],[-76.47980884,3.46572746],[-76.47962878,3.46572744]]]]},"geometry_name":"the_geom","properties":{"id":3,"fuente":"OSSO","tipo_amena":"Amenaza Media mitigable (Profundidad entre 0.45 m y 0,90 m)"}},{"type":"Feature","id":"amb_ari_inundacion_pluvial.396","geometry":{"type":"MultiPolygon","coordinates":[[[[-76.48106962,3.45957718],[-76.48106964,3.45939624],[-76.4812497,3.45939626],[-76.48124968,3.4595772],[-76.48106962,3.45957718]]]]},"geometry_name":"the_geom","properties":{"id":3,"fuente":"OSSO","tipo_amena":"Amenaza Media mitigable (Profundidad entre 0.45 m y 0,90 m)"}},{"type":"Feature","id":"amb_ari_inundacion_pluvial.397","geometry":{"type":"MultiPolygon","coordinates":[[[[-76.48088965,3.45939622],[-76.48088971,3.45885359],[-76.4810697,3.45885361],[-76.48106972,3.45867267],[-76.48124978,3.45867269],[-76.4812498,3.45849185],[-76.48106974,3.45849183],[-76.48106982,3.45776826],[-76.48124989,3.45776828],[-76.48124997,3.45704462],[-76.48142995,3.45704464],[-76.48142993,3.45722558],[-76.48161,3.4572256],[-76.48160994,3.45776832],[-76.48142987,3.4577683],[-76.48142975,3.45885365],[-76.48124976,3.45885363],[-76.48124972,3.45921542],[-76.48106966,3.4592154],[-76.48106964,3.45939624],[-76.48088965,3.45939622]]]]},"geometry_name":"the_geom","properties":{"id":3,"fuente":"OSSO","tipo_amena":"Amenaza Media mitigable (Profundidad entre 0.45 m y 0,90 m)"}},{"type":"Feature","id":"amb_ari_inundacion_pluvial.398","geometry":{"type":"MultiPolygon","coordinates":[[[[-76.48161002,3.45704466],[-76.48161006,3.45668288],[-76.48179005,3.4566829],[-76.48179001,3.45704468],[-76.48161002,3.45704466]]]]},"geometry_name":"the_geom","properties":{"id":3,"fuente":"OSSO","tipo_amena":"Amenaza Media mitigable (Profundidad entre 0.45 m y 0,90 m)"}},{"type":"Feature","id":"amb_ari_inundacion_pluvial.399","geometry":{"type":"MultiPolygon","coordinates":[[[[-76.48179005,3.4566829],[-76.48179009,3.45632111],[-76.48197008,3.45632113],[-76.48197004,3.45668292],[-76.48179005,3.4566829]]]]},"geometry_name":"the_geom","properties":{"id":3,"fuente":"OSSO","tipo_amena":"Amenaza Media mitigable (Profundidad entre 0.45 m y 0,90 m)"}},{"type":"Feature","id":"amb_ari_inundacion_pluvial.400","geometry":{"type":"MultiPolygon","coordinates":[[[[-76.48143,3.45668286],[-76.48143006,3.45614023],[-76.48125007,3.45614021],[-76.48125009,3.45595927],[-76.48143008,3.45595929],[-76.4814301,3.45577844],[-76.48161016,3.45577846],[-76.48161018,3.45559752],[-76.48179017,3.45559755],[-76.48179025,3.45487398],[-76.48197024,3.454874],[-76.48197026,3.45469306],[-76.48215032,3.45469308],[-76.4821503,3.45487402],[-76.48215028,3.45505486],[-76.48197022,3.45505484],[-76.4819701,3.45614029],[-76.48179011,3.45614027],[-76.48161012,3.45614025],[-76.48161006,3.45668288],[-76.48143,3.45668286]]]]},"geometry_name":"the_geom","properties":{"id":3,"fuente":"OSSO","tipo_amena":"Amenaza Media mitigable (Profundidad entre 0.45 m y 0,90 m)"}},{"type":"Feature","id":"amb_ari_inundacion_pluvial.449","geometry":{"type":"MultiPolygon","coordinates":[[[[-76.48485148,3.44582953],[-76.48521153,3.44582957],[-76.48521151,3.44601042],[-76.48485146,3.44601038],[-76.48485148,3.44582953]]]]},"geometry_name":"the_geom","properties":{"id":4,"fuente":"OSSO","tipo_amena":"Amenaza Baja mitigable (Profundidad < 0.45m)"}},{"type":"Feature","id":"amb_ari_inundacion_pluvial.410","geometry":{"type":"MultiPolygon","coordinates":[[[[-76.47944864,3.4669937],[-76.47944866,3.46681286],[-76.47926867,3.46681284],[-76.47926869,3.4666319],[-76.47908863,3.46663188],[-76.47908865,3.46645103],[-76.4785486,3.46645097],[-76.47854865,3.46608909],[-76.47836866,3.46608907],[-76.47836874,3.4653655],[-76.47854873,3.46536553],[-76.47854877,3.46500374],[-76.47872876,3.46500376],[-76.47872878,3.46482292],[-76.47890885,3.46482294],[-76.47890887,3.464642],[-76.47926892,3.46464204],[-76.47926894,3.46446119],[-76.47944893,3.46446121],[-76.47944895,3.46428028],[-76.47962894,3.4642803],[-76.47962896,3.46409945],[-76.47980903,3.46409947],[-76.47980905,3.46391854],[-76.4801691,3.46391858],[-76.48016906,3.46428036],[-76.479989,3.46428034],[-76.47998898,3.46446128],[-76.47980899,3.46446126],[-76.47980897,3.4646421],[-76.47980892,3.46500389],[-76.47998892,3.46500391],[-76.47998887,3.46536569],[-76.47980888,3.46536567],[-76.47980886,3.46554661],[-76.4796288,3.46554659],[-76.47962878,3.46572744],[-76.47962876,3.46590837],[-76.47980882,3.46590839],[-76.4798088,3.46608924],[-76.48016886,3.46608928],[-76.48016884,3.46627022],[-76.48034883,3.46627024],[-76.48034881,3.46645118],[-76.48016882,3.46645116],[-76.48016879,3.466632],[-76.47998873,3.46663198],[-76.47962867,3.46663194],[-76.47962865,3.46681288],[-76.47962863,3.46699372],[-76.47944864,3.4669937]]]]},"geometry_name":"the_geom","properties":{"id":2,"fuente":"OSSO","tipo_amena":"Amenaza Alta mitigable (Profundidad > 0,90 m)"}},{"type":"Feature","id":"amb_ari_inundacion_pluvial.411","geometry":{"type":"MultiPolygon","coordinates":[[[[-76.4803493,3.46210968],[-76.48034938,3.46138602],[-76.48052937,3.46138604],[-76.48052929,3.4621097],[-76.4803493,3.46210968]]]]},"geometry_name":"the_geom","properties":{"id":2,"fuente":"OSSO","tipo_amena":"Amenaza Alta mitigable (Profundidad > 0,90 m)"}},{"type":"Feature","id":"amb_ari_inundacion_pluvial.412","geometry":{"type":"MultiPolygon","coordinates":[[[[-76.48124893,3.46627034],[-76.48124895,3.4660894],[-76.48142894,3.46608943],[-76.48142892,3.46627036],[-76.48124893,3.46627034]]]]},"geometry_name":"the_geom","properties":{"id":2,"fuente":"OSSO","tipo_amena":"Amenaza Alta mitigable (Profundidad > 0,90 m)"}},{"type":"Feature","id":"amb_ari_inundacion_pluvial.413","geometry":{"type":"MultiPolygon","coordinates":[[[[-76.48016923,3.46283322],[-76.48016917,3.46337586],[-76.4799891,3.46337583],[-76.47998916,3.4628332],[-76.48016923,3.46283322]]]]},"geometry_name":"the_geom","properties":{"id":2,"fuente":"OSSO","tipo_amena":"Amenaza Alta mitigable (Profundidad > 0,90 m)"}},{"type":"Feature","id":"amb_ari_inundacion_pluvial.414","geometry":{"type":"MultiPolygon","coordinates":[[[[-76.48016923,3.46283322],[-76.48016925,3.46265229],[-76.48034924,3.46265231],[-76.48034922,3.46283325],[-76.48016923,3.46283322]]]]},"geometry_name":"the_geom","properties":{"id":2,"fuente":"OSSO","tipo_amena":"Amenaza Alta mitigable (Profundidad > 0,90 m)"}},{"type":"Feature","id":"amb_ari_inundacion_pluvial.415","geometry":{"type":"MultiPolygon","coordinates":[[[[-76.48088963,3.45957716],[-76.48088965,3.45939622],[-76.48106964,3.45939624],[-76.48106962,3.45957718],[-76.48088963,3.45957716]]]]},"geometry_name":"the_geom","properties":{"id":2,"fuente":"OSSO","tipo_amena":"Amenaza Alta mitigable (Profundidad > 0,90 m)"}},{"type":"Feature","id":"amb_ari_inundacion_pluvial.416","geometry":{"type":"MultiPolygon","coordinates":[[[[-76.48106972,3.45867267],[-76.48106974,3.45849183],[-76.4812498,3.45849185],[-76.48124978,3.45867269],[-76.48106972,3.45867267]]]]},"geometry_name":"the_geom","properties":{"id":2,"fuente":"OSSO","tipo_amena":"Amenaza Alta mitigable (Profundidad > 0,90 m)"}},{"type":"Feature","id":"amb_ari_inundacion_pluvial.417","geometry":{"type":"MultiPolygon","coordinates":[[[[-76.48142995,3.45704464],[-76.48143,3.45668286],[-76.48161006,3.45668288],[-76.48161002,3.45704466],[-76.48161,3.4572256],[-76.48142993,3.45722558],[-76.48142995,3.45704464]]]]},"geometry_name":"the_geom","properties":{"id":2,"fuente":"OSSO","tipo_amena":"Amenaza Alta mitigable (Profundidad > 0,90 m)"}},{"type":"Feature","id":"amb_ari_inundacion_pluvial.418","geometry":{"type":"MultiPolygon","coordinates":[[[[-76.48161006,3.45668288],[-76.48161012,3.45614025],[-76.48179011,3.45614027],[-76.48179009,3.45632111],[-76.48179005,3.4566829],[-76.48161006,3.45668288]]]]},"geometry_name":"the_geom","properties":{"id":2,"fuente":"OSSO","tipo_amena":"Amenaza Alta mitigable (Profundidad > 0,90 m)"}},{"type":"Feature","id":"amb_ari_inundacion_pluvial.419","geometry":{"type":"MultiPolygon","coordinates":[[[[-76.50681599,3.41471749],[-76.50699597,3.41471751],[-76.50699599,3.41453666],[-76.50717604,3.41453668],[-76.50717603,3.41471752],[-76.50735601,3.41471754],[-76.507356,3.41489848],[-76.50753598,3.41489849],[-76.50753596,3.41507943],[-76.50771602,3.41507944],[-76.50771599,3.41544123],[-76.50753593,3.41544121],[-76.50753595,3.41526028],[-76.50717598,3.41526024],[-76.507176,3.4150794],[-76.50699594,3.41507938],[-76.50699596,3.41489845],[-76.50681598,3.41489843],[-76.50681599,3.41471749]]]]},"geometry_name":"the_geom","properties":{"id":4,"fuente":"OSSO","tipo_amena":"Amenaza Baja mitigable (Profundidad < 0.45m)"}},{"type":"Feature","id":"amb_ari_inundacion_pluvial.420","geometry":{"type":"MultiPolygon","coordinates":[[[[-76.50609597,3.4141748],[-76.50627602,3.41417481],[-76.50627601,3.41435566],[-76.50609595,3.41435565],[-76.50609597,3.4141748]]]]},"geometry_name":"the_geom","properties":{"id":4,"fuente":"OSSO","tipo_amena":"Amenaza Baja mitigable (Profundidad < 0.45m)"}},{"type":"Feature","id":"amb_ari_inundacion_pluvial.421","geometry":{"type":"MultiPolygon","coordinates":[[[[-76.505916,3.41399385],[-76.50609599,3.41399386],[-76.50609597,3.4141748],[-76.50591599,3.41417478],[-76.505916,3.41399385]]]]},"geometry_name":"the_geom","properties":{"id":4,"fuente":"OSSO","tipo_amena":"Amenaza Baja mitigable (Profundidad < 0.45m)"}},{"type":"Feature","id":"amb_ari_inundacion_pluvial.422","geometry":{"type":"MultiPolygon","coordinates":[[[[-76.50555598,3.41381297],[-76.505556,3.41363203],[-76.50537602,3.41363201],[-76.50537604,3.41345117],[-76.50519598,3.41345115],[-76.50519596,3.413632],[-76.50501598,3.41363198],[-76.505016,3.41345113],[-76.50447598,3.41345109],[-76.504476,3.41327015],[-76.50483603,3.41327018],[-76.50483605,3.41308933],[-76.504656,3.41308932],[-76.50465601,3.41290838],[-76.50501605,3.41290841],[-76.50501603,3.41308935],[-76.50537607,3.41308938],[-76.50537605,3.41327023],[-76.50555603,3.41327024],[-76.50555602,3.41345118],[-76.50591605,3.41345121],[-76.50591604,3.41363206],[-76.50609602,3.41363208],[-76.506096,3.41381301],[-76.50591602,3.413813],[-76.505916,3.41399385],[-76.50573602,3.41399383],[-76.50573604,3.41381298],[-76.50555598,3.41381297]]]]},"geometry_name":"the_geom","properties":{"id":4,"fuente":"OSSO","tipo_amena":"Amenaza Baja mitigable (Profundidad < 0.45m)"}},{"type":"Feature","id":"amb_ari_inundacion_pluvial.423","geometry":{"type":"MultiPolygon","coordinates":[[[[-76.50393605,3.41254653],[-76.50393606,3.41236559],[-76.50411604,3.41236561],[-76.50411603,3.41254655],[-76.50393605,3.41254653]]]]},"geometry_name":"the_geom","properties":{"id":4,"fuente":"OSSO","tipo_amena":"Amenaza Baja mitigable (Profundidad < 0.45m)"}},{"type":"Feature","id":"amb_ari_inundacion_pluvial.424","geometry":{"type":"MultiPolygon","coordinates":[[[[-76.49907576,3.41254609],[-76.49907578,3.41236515],[-76.49925583,3.41236517],[-76.49925582,3.4125461],[-76.49907576,3.41254609]]]]},"geometry_name":"the_geom","properties":{"id":4,"fuente":"OSSO","tipo_amena":"Amenaza Baja mitigable (Profundidad < 0.45m)"}},{"type":"Feature","id":"amb_ari_inundacion_pluvial.425","geometry":{"type":"MultiPolygon","coordinates":[[[[-76.50321603,3.41200375],[-76.50321604,3.4118229],[-76.5033961,3.41182291],[-76.50339608,3.41200376],[-76.50321603,3.41200375]]]]},"geometry_name":"the_geom","properties":{"id":4,"fuente":"OSSO","tipo_amena":"Amenaza Baja mitigable (Profundidad < 0.45m)"}},{"type":"Feature","id":"amb_ari_inundacion_pluvial.426","geometry":{"type":"MultiPolygon","coordinates":[[[[-76.50177596,3.41200361],[-76.50177598,3.41182277],[-76.50195603,3.41182278],[-76.50195602,3.41200363],[-76.50177596,3.41200361]]]]},"geometry_name":"the_geom","properties":{"id":4,"fuente":"OSSO","tipo_amena":"Amenaza Baja mitigable (Profundidad < 0.45m)"}},{"type":"Feature","id":"amb_ari_inundacion_pluvial.427","geometry":{"type":"MultiPolygon","coordinates":[[[[-76.49997588,3.4118226],[-76.4999759,3.41164166],[-76.50015595,3.41164168],[-76.50015593,3.41182262],[-76.49997588,3.4118226]]]]},"geometry_name":"the_geom","properties":{"id":4,"fuente":"OSSO","tipo_amena":"Amenaza Baja mitigable (Profundidad < 0.45m)"}},{"type":"Feature","id":"amb_ari_inundacion_pluvial.428","geometry":{"type":"MultiPolygon","coordinates":[[[[-76.50141599,3.41128001],[-76.50159605,3.41128003],[-76.50159603,3.41146097],[-76.50141598,3.41146095],[-76.50141599,3.41128001]]]]},"geometry_name":"the_geom","properties":{"id":4,"fuente":"OSSO","tipo_amena":"Amenaza Baja mitigable (Profundidad < 0.45m)"}},{"type":"Feature","id":"amb_ari_inundacion_pluvial.429","geometry":{"type":"MultiPolygon","coordinates":[[[[-76.50411638,3.40856683],[-76.50411639,3.40838589],[-76.50429645,3.4083859],[-76.50429643,3.40856684],[-76.50411638,3.40856683]]]]},"geometry_name":"the_geom","properties":{"id":4,"fuente":"OSSO","tipo_amena":"Amenaza Baja mitigable (Profundidad < 0.45m)"}},{"type":"Feature","id":"amb_ari_inundacion_pluvial.430","geometry":{"type":"MultiPolygon","coordinates":[[[[-76.50429645,3.4083859],[-76.50429646,3.40820506],[-76.50465642,3.40820509],[-76.50465641,3.40838594],[-76.50429645,3.4083859]]]]},"geometry_name":"the_geom","properties":{"id":4,"fuente":"OSSO","tipo_amena":"Amenaza Baja mitigable (Profundidad < 0.45m)"}},{"type":"Feature","id":"amb_ari_inundacion_pluvial.431","geometry":{"type":"MultiPolygon","coordinates":[[[[-76.50681599,3.41471749],[-76.50663594,3.41471748],[-76.50663595,3.41453663],[-76.50645597,3.41453661],[-76.50645599,3.41435568],[-76.50627601,3.41435566],[-76.50627602,3.41417481],[-76.50609597,3.4141748],[-76.50609599,3.41399386],[-76.505916,3.41399385],[-76.50591602,3.413813],[-76.506096,3.41381301],[-76.50627606,3.41381303],[-76.50627607,3.41363209],[-76.50663603,3.41363212],[-76.50663606,3.41327034],[-76.50681612,3.41327035],[-76.50681613,3.41308951],[-76.50699611,3.41308952],[-76.50699613,3.41290858],[-76.50717618,3.4129086],[-76.5071762,3.41272766],[-76.50735618,3.41272768],[-76.50735619,3.41254683],[-76.50771623,3.41254686],[-76.50771625,3.41236592],[-76.50807621,3.41236595],[-76.50807618,3.41272774],[-76.50789619,3.41272772],[-76.50789618,3.41290866],[-76.5077162,3.41290865],[-76.50771618,3.41308958],[-76.50753613,3.41308957],[-76.50753611,3.41327041],[-76.50735613,3.4132704],[-76.50735612,3.41345134],[-76.50717614,3.41345132],[-76.50717612,3.41363217],[-76.50681609,3.41363214],[-76.50681606,3.41399392],[-76.506636,3.41399391],[-76.50663599,3.41417484],[-76.50681604,3.41417486],[-76.50681602,3.41435571],[-76.50699601,3.41435572],[-76.50699599,3.41453666],[-76.50699597,3.41471751],[-76.50681599,3.41471749]]]]},"geometry_name":"the_geom","properties":{"id":3,"fuente":"OSSO","tipo_amena":"Amenaza Media mitigable (Profundidad entre 0.45 m y 0,90 m)"}},{"type":"Feature","id":"amb_ari_inundacion_pluvial.432","geometry":{"type":"MultiPolygon","coordinates":[[[[-76.49799559,3.41399312],[-76.49799558,3.41417406],[-76.4978156,3.41417404],[-76.49781561,3.4139931],[-76.49799559,3.41399312]]]]},"geometry_name":"the_geom","properties":{"id":3,"fuente":"OSSO","tipo_amena":"Amenaza Media mitigable (Profundidad entre 0.45 m y 0,90 m)"}},{"type":"Feature","id":"amb_ari_inundacion_pluvial.450","geometry":{"type":"MultiPolygon","coordinates":[[[[-76.48413146,3.44582945],[-76.48467149,3.44582951],[-76.48467147,3.44601036],[-76.48413144,3.4460103],[-76.48413146,3.44582945]]]]},"geometry_name":"the_geom","properties":{"id":4,"fuente":"OSSO","tipo_amena":"Amenaza Baja mitigable (Profundidad < 0.45m)"}},{"type":"Feature","id":"amb_ari_inundacion_pluvial.451","geometry":{"type":"MultiPolygon","coordinates":[[[[-76.48395149,3.44564849],[-76.48395163,3.4443822],[-76.48413162,3.44438222],[-76.48413148,3.44564851],[-76.48395149,3.44564849]]]]},"geometry_name":"the_geom","properties":{"id":4,"fuente":"OSSO","tipo_amena":"Amenaza Baja mitigable (Profundidad < 0.45m)"}},{"type":"Feature","id":"amb_ari_inundacion_pluvial.452","geometry":{"type":"MultiPolygon","coordinates":[[[[-76.48305091,3.45017083],[-76.48305097,3.44962811],[-76.48323096,3.44962813],[-76.48323092,3.44998992],[-76.48341091,3.44998994],[-76.48341095,3.44962815],[-76.48323096,3.44962813],[-76.48323102,3.4490855],[-76.48323104,3.44890456],[-76.48341103,3.44890458],[-76.48341107,3.4485428],[-76.48341111,3.44818101],[-76.48359117,3.44818103],[-76.48359121,3.44781925],[-76.48359125,3.44745747],[-76.48377123,3.44745749],[-76.48377127,3.4470957],[-76.48395133,3.44709572],[-76.48395119,3.44836192],[-76.48377113,3.4483619],[-76.48377095,3.44998998],[-76.48359097,3.44998995],[-76.48359095,3.45017089],[-76.48341089,3.45017087],[-76.48341087,3.45035172],[-76.48323088,3.4503517],[-76.48323086,3.45053264],[-76.48305087,3.45053262],[-76.48305091,3.45017083]]]]},"geometry_name":"the_geom","properties":{"id":3,"fuente":"OSSO","tipo_amena":"Amenaza Media mitigable (Profundidad entre 0.45 m y 0,90 m)"}},{"type":"Feature","id":"amb_ari_inundacion_pluvial.402","geometry":{"type":"MultiPolygon","coordinates":[[[[-76.48466643,3.49213887],[-76.48466645,3.49195794],[-76.48448646,3.49195792],[-76.4844865,3.49159613],[-76.48430643,3.49159611],[-76.48430649,3.49105339],[-76.48448656,3.49105341],[-76.48448658,3.49087256],[-76.48466657,3.49087258],[-76.48466659,3.49069165],[-76.4844866,3.49069163],[-76.48448662,3.49051078],[-76.48430655,3.49051076],[-76.48430657,3.49032982],[-76.48448664,3.49032984],[-76.48448666,3.490149],[-76.48430659,3.49014898],[-76.48430661,3.48996804],[-76.48448668,3.48996806],[-76.4844867,3.48978721],[-76.48448672,3.48960628],[-76.48466671,3.4896063],[-76.48466677,3.48906357],[-76.48448677,3.48906355],[-76.48448679,3.48888271],[-76.48448681,3.48870177],[-76.48430675,3.48870175],[-76.48430677,3.4885209],[-76.48430679,3.48833997],[-76.48412679,3.48833995],[-76.4839468,3.48833993],[-76.48394682,3.48815908],[-76.48358675,3.48815904],[-76.48358677,3.4879781],[-76.48376677,3.48797812],[-76.48376679,3.48779728],[-76.48358679,3.48779726],[-76.48358681,3.48761632],[-76.48340674,3.4876163],[-76.48340676,3.48743545],[-76.4834068,3.48707358],[-76.48340689,3.48635001],[-76.48322689,3.48634999],[-76.48322695,3.48580736],[-76.48322697,3.48562642],[-76.48304698,3.4856264],[-76.483047,3.48544555],[-76.48304708,3.4847219],[-76.48322707,3.48472192],[-76.48322709,3.48454107],[-76.48340709,3.48454109],[-76.48340711,3.48436015],[-76.48358717,3.48436017],[-76.48358719,3.48417933],[-76.48394726,3.48417937],[-76.48394724,3.48436021],[-76.48412723,3.48436023],[-76.48412721,3.48454117],[-76.4843072,3.48454119],[-76.48430716,3.48490297],[-76.48448723,3.48490299],[-76.48448721,3.48508384],[-76.4848472,3.48508388],[-76.48484728,3.48436031],[-76.48466729,3.48436029],[-76.48466734,3.48381766],[-76.48448735,3.48381764],[-76.48448739,3.48345586],[-76.48430732,3.48345584],[-76.48430734,3.4832749],[-76.48448741,3.48327492],[-76.48448743,3.48309398],[-76.48430736,3.48309396],[-76.48430738,3.48291312],[-76.48412739,3.4829131],[-76.48412735,3.48327488],[-76.48340723,3.4832748],[-76.48340725,3.48309386],[-76.48232714,3.48309374],[-76.48232716,3.48291289],[-76.48232718,3.48273196],[-76.48214718,3.48273194],[-76.4821472,3.48255109],[-76.48214724,3.48218931],[-76.48196718,3.48218929],[-76.4819672,3.48200835],[-76.48196722,3.4818275],[-76.48178722,3.48182748],[-76.48178724,3.48164654],[-76.48160725,3.48164652],[-76.48160727,3.48146568],[-76.4814272,3.48146566],[-76.48142726,3.48092293],[-76.48124727,3.48092291],[-76.48124729,3.48074198],[-76.48106722,3.48074196],[-76.48106727,3.48038017],[-76.48088727,3.48038015],[-76.48088731,3.48001837],[-76.48070732,3.48001835],[-76.48070734,3.4798375],[-76.48052727,3.47983748],[-76.48052731,3.4794757],[-76.48034732,3.47947567],[-76.48034736,3.47911389],[-76.48016737,3.47911387],[-76.48016739,3.47893293],[-76.47998732,3.47893291],[-76.47998737,3.47857113],[-76.48016743,3.47857115],[-76.48016756,3.4774858],[-76.47998749,3.47748578],[-76.47998753,3.47712399],[-76.47980754,3.47712397],[-76.47980766,3.47603853],[-76.4796276,3.47603851],[-76.47962764,3.47567672],[-76.47944765,3.4756767],[-76.47944767,3.47549586],[-76.47908761,3.47549581],[-76.47908763,3.47531488],[-76.47890764,3.47531486],[-76.47890766,3.47513401],[-76.4785476,3.47513397],[-76.47854766,3.47459125],[-76.47836767,3.47459122],[-76.47836775,3.47386766],[-76.47818769,3.47386764],[-76.47818771,3.4736867],[-76.47800772,3.47368668],[-76.47800774,3.47350583],[-76.47782775,3.47350581],[-76.47782777,3.47332487],[-76.4776477,3.47332485],[-76.47764772,3.473144],[-76.47746773,3.47314398],[-76.47746784,3.47223948],[-76.47728777,3.47223946],[-76.47728779,3.47205852],[-76.4771078,3.4720585],[-76.47710784,3.47169671],[-76.47710793,3.47097314],[-76.47710797,3.47061136],[-76.47710803,3.47006864],[-76.47728802,3.47006866],[-76.47728807,3.46970688],[-76.47728809,3.46952603],[-76.47746815,3.46952605],[-76.47746818,3.46934511],[-76.4774682,3.46916427],[-76.47764819,3.46916429],[-76.47764821,3.46898335],[-76.47764827,3.46844072],[-76.47764829,3.46825978],[-76.47764831,3.46807885],[-76.47782838,3.46807887],[-76.4778284,3.46789802],[-76.47890849,3.46789815],[-76.47944854,3.46789821],[-76.47944858,3.46753642],[-76.47962857,3.46753645],[-76.47962859,3.46735551],[-76.47980866,3.46735553],[-76.47980864,3.46753647],[-76.47998863,3.46753649],[-76.47998858,3.46789827],[-76.47998856,3.46807912],[-76.48016863,3.46807914],[-76.48016861,3.46826008],[-76.48016857,3.46862186],[-76.48034856,3.46862188],[-76.4803485,3.4691646],[-76.48052849,3.46916462],[-76.48052847,3.46934547],[-76.48052845,3.46952641],[-76.48052843,3.46970725],[-76.48070849,3.46970728],[-76.48070845,3.47006906],[-76.48088844,3.47006908],[-76.4808884,3.47043095],[-76.48070841,3.47043093],[-76.48070839,3.47061178],[-76.48052832,3.47061176],[-76.48052828,3.47097354],[-76.48088834,3.47097359],[-76.48088836,3.47079274],[-76.48106835,3.47079276],[-76.48106829,3.47133539],[-76.48106827,3.47151633],[-76.48124833,3.47151635],[-76.48124829,3.47187813],[-76.48160835,3.47187817],[-76.48160837,3.47169724],[-76.48178836,3.47169726],[-76.48178834,3.47187819],[-76.48196833,3.47187821],[-76.48196829,3.47224],[-76.48232835,3.47224004],[-76.48232837,3.4720591],[-76.48250836,3.47205912],[-76.48250838,3.47187827],[-76.48232839,3.47187825],[-76.48232843,3.47151647],[-76.48232847,3.47115469],[-76.48268853,3.47115473],[-76.48268855,3.47097379],[-76.48376865,3.47097391],[-76.48394871,3.47097393],[-76.48394873,3.47079308],[-76.48466877,3.47079316],[-76.48502883,3.4707932],[-76.48502881,3.47097405],[-76.48538886,3.47097409],[-76.48538881,3.47151681],[-76.4855688,3.47151683],[-76.48556878,3.47169768],[-76.48538879,3.47169766],[-76.48538875,3.47205944],[-76.48520868,3.47205942],[-76.48520864,3.47242121],[-76.48538871,3.47242123],[-76.48538867,3.4727831],[-76.4852086,3.47278308],[-76.48520858,3.47296393],[-76.48484852,3.47296389],[-76.4848485,3.47314483],[-76.48466851,3.4731448],[-76.48466841,3.47404922],[-76.48484841,3.47404924],[-76.48484827,3.47531553],[-76.48502833,3.47531555],[-76.48502831,3.47549649],[-76.48484825,3.47549647],[-76.48484823,3.47567731],[-76.48466824,3.47567729],[-76.48466814,3.4765818],[-76.48448814,3.47658178],[-76.48448805,3.47748628],[-76.48430798,3.47748626],[-76.48430796,3.47766711],[-76.48412797,3.47766709],[-76.48412793,3.47802888],[-76.48394793,3.47802886],[-76.48394781,3.4791143],[-76.48412781,3.47911432],[-76.48412777,3.4794761],[-76.48430776,3.47947612],[-76.48430774,3.47965697],[-76.48448781,3.47965699],[-76.48448779,3.47983793],[-76.48466778,3.47983795],[-76.48466776,3.48001879],[-76.48484775,3.48001881],[-76.48484771,3.4803806],[-76.48502778,3.48038062],[-76.48502774,3.4807424],[-76.48520774,3.48074242],[-76.4852077,3.4811043],[-76.48538776,3.48110432],[-76.48538774,3.48128516],[-76.48556774,3.48128518],[-76.48556772,3.48146612],[-76.48574771,3.48146614],[-76.48574769,3.48164699],[-76.48610775,3.48164703],[-76.48610773,3.48182796],[-76.48664779,3.48182802],[-76.48664777,3.48200887],[-76.48700783,3.48200891],[-76.48700781,3.48218984],[-76.4871878,3.48218986],[-76.48718778,3.48237071],[-76.48736785,3.48237073],[-76.48736783,3.48255167],[-76.48754783,3.48255169],[-76.48754779,3.48291347],[-76.48772785,3.48291349],[-76.48772784,3.48309434],[-76.48790783,3.48309435],[-76.48790779,3.48345623],[-76.48844785,3.48345629],[-76.48844786,3.48327535],[-76.48880793,3.48327539],[-76.48898792,3.48327541],[-76.48898794,3.48309447],[-76.48916801,3.48309449],[-76.48916803,3.48291364],[-76.48934802,3.48291366],[-76.48934796,3.48345638],[-76.48916797,3.48345636],[-76.48916795,3.48363721],[-76.48898788,3.48363719],[-76.48898786,3.48381813],[-76.48880787,3.48381811],[-76.48880783,3.48417989],[-76.48862776,3.48417987],[-76.48862774,3.48436072],[-76.48880781,3.48436074],[-76.48880777,3.48472252],[-76.48898777,3.48472254],[-76.48898775,3.48490348],[-76.48916782,3.4849035],[-76.4891678,3.48508435],[-76.49078797,3.48508452],[-76.49078795,3.48526545],[-76.49096794,3.48526547],[-76.49096792,3.48544641],[-76.49114799,3.48544643],[-76.49114797,3.48562728],[-76.49186802,3.48562735],[-76.49186801,3.48580829],[-76.49222807,3.48580832],[-76.49222803,3.48617011],[-76.49240803,3.48617013],[-76.49240799,3.48653191],[-76.49258806,3.48653193],[-76.49258797,3.48743643],[-76.4924079,3.48743642],[-76.49240779,3.48852177],[-76.49258786,3.48852179],[-76.4925878,3.48906442],[-76.49240773,3.4890644],[-76.4924077,3.48942618],[-76.4922277,3.48942617],[-76.49222768,3.4896071],[-76.49204769,3.48960708],[-76.49204767,3.48978802],[-76.4918676,3.489788],[-76.49186758,3.48996885],[-76.49168759,3.48996883],[-76.49168757,3.49014977],[-76.4915075,3.49014975],[-76.49150748,3.4903306],[-76.49132749,3.49033058],[-76.49132747,3.49051151],[-76.4909674,3.49051148],[-76.49096746,3.48996876],[-76.49060747,3.48996872],[-76.49060749,3.48978787],[-76.4893473,3.48978774],[-76.48934728,3.48996859],[-76.48898722,3.48996855],[-76.4889872,3.49014948],[-76.48826714,3.49014941],[-76.48826711,3.49051119],[-76.48808704,3.49051117],[-76.48808702,3.49069202],[-76.48772703,3.49069198],[-76.48772701,3.49087292],[-76.48754694,3.4908729],[-76.48736694,3.49087288],[-76.48736692,3.49105373],[-76.48718686,3.49105371],[-76.48628673,3.49105361],[-76.48628671,3.49123455],[-76.48610672,3.49123453],[-76.4861067,3.49141537],[-76.48574663,3.49141533],[-76.48574661,3.49159627],[-76.48556662,3.49159625],[-76.4855666,3.49177719],[-76.4853866,3.49177717],[-76.48520653,3.49177715],[-76.48502654,3.49177713],[-76.48502652,3.49195798],[-76.48484645,3.49195796],[-76.48484643,3.49213889],[-76.48466643,3.49213887]],[[-76.48502664,3.49087262],[-76.4855667,3.49087268],[-76.48556673,3.4905109],[-76.48520667,3.49051086],[-76.48520665,3.49069171],[-76.48502666,3.49069169],[-76.48502664,3.49087262]],[[-76.48574689,3.48906369],[-76.48592696,3.48906371],[-76.48592698,3.48888287],[-76.48574691,3.48888285],[-76.48574689,3.48906369]],[[-76.48466715,3.48562658],[-76.48502721,3.48562662],[-76.48502723,3.48544577],[-76.48466717,3.48544573],[-76.48466715,3.48562658]],[[-76.48070822,3.47205892],[-76.48088822,3.47205894],[-76.48088826,3.47169715],[-76.48070827,3.47169713],[-76.48070822,3.47205892]]]]},"geometry_name":"the_geom","properties":{"id":2,"fuente":"OSSO","tipo_amena":"Amenaza Alta mitigable (Profundidad > 0,90 m)"}},{"type":"Feature","id":"amb_ari_inundacion_pluvial.403","geometry":{"type":"MultiPolygon","coordinates":[[[[-76.4853882,3.4771246],[-76.48538822,3.47694366],[-76.48556821,3.47694368],[-76.48610826,3.47694374],[-76.48610828,3.4767629],[-76.48628827,3.47676291],[-76.48628829,3.47658198],[-76.48646836,3.476582],[-76.48646838,3.47640106],[-76.48736849,3.47640116],[-76.48736847,3.47658209],[-76.48736845,3.47676303],[-76.48718838,3.47676301],[-76.48718836,3.47694386],[-76.48700837,3.47694384],[-76.48700835,3.47712478],[-76.48682836,3.47712476],[-76.48682834,3.4773056],[-76.48628821,3.47730554],[-76.48628823,3.4771247],[-76.4853882,3.4771246]]]]},"geometry_name":"the_geom","properties":{"id":2,"fuente":"OSSO","tipo_amena":"Amenaza Alta mitigable (Profundidad > 0,90 m)"}},{"type":"Feature","id":"amb_ari_inundacion_pluvial.404","geometry":{"type":"MultiPolygon","coordinates":[[[[-76.48088848,3.4697073],[-76.48088854,3.46916466],[-76.48106853,3.46916469],[-76.48106847,3.46970732],[-76.48088848,3.4697073]]]]},"geometry_name":"the_geom","properties":{"id":2,"fuente":"OSSO","tipo_amena":"Amenaza Alta mitigable (Profundidad > 0,90 m)"}},{"type":"Feature","id":"amb_ari_inundacion_pluvial.405","geometry":{"type":"MultiPolygon","coordinates":[[[[-76.48160847,3.47079282],[-76.48160849,3.47061188],[-76.48178848,3.4706119],[-76.48178846,3.47079284],[-76.48160847,3.47079282]]]]},"geometry_name":"the_geom","properties":{"id":2,"fuente":"OSSO","tipo_amena":"Amenaza Alta mitigable (Profundidad > 0,90 m)"}},{"type":"Feature","id":"amb_ari_inundacion_pluvial.406","geometry":{"type":"MultiPolygon","coordinates":[[[[-76.48142843,3.47061186],[-76.48142845,3.47043102],[-76.48142847,3.47025008],[-76.48160853,3.4702501],[-76.48160851,3.47043104],[-76.48160849,3.47061188],[-76.48142843,3.47061186]]]]},"geometry_name":"the_geom","properties":{"id":2,"fuente":"OSSO","tipo_amena":"Amenaza Alta mitigable (Profundidad > 0,90 m)"}},{"type":"Feature","id":"amb_ari_inundacion_pluvial.407","geometry":{"type":"MultiPolygon","coordinates":[[[[-76.48700912,3.46988891],[-76.48718912,3.46988893],[-76.48736918,3.46988895],[-76.48736916,3.4700698],[-76.4871891,3.47006978],[-76.48718908,3.47025072],[-76.48700909,3.4702507],[-76.48700912,3.46988891]]]]},"geometry_name":"the_geom","properties":{"id":2,"fuente":"OSSO","tipo_amena":"Amenaza Alta mitigable (Profundidad > 0,90 m)"}},{"type":"Feature","id":"amb_ari_inundacion_pluvial.408","geometry":{"type":"MultiPolygon","coordinates":[[[[-76.48142851,3.46988829],[-76.48142849,3.47006914],[-76.48142847,3.47025008],[-76.48124848,3.47025006],[-76.48124852,3.46988827],[-76.48142851,3.46988829]]]]},"geometry_name":"the_geom","properties":{"id":2,"fuente":"OSSO","tipo_amena":"Amenaza Alta mitigable (Profundidad > 0,90 m)"}},{"type":"Feature","id":"amb_ari_inundacion_pluvial.433","geometry":{"type":"MultiPolygon","coordinates":[[[[-76.49799559,3.41399312],[-76.49799565,3.41345049],[-76.4981757,3.41345051],[-76.49817573,3.41308872],[-76.49853569,3.41308876],[-76.49853571,3.41290782],[-76.49871577,3.41290784],[-76.49871578,3.4127269],[-76.49889576,3.41272692],[-76.49889578,3.41254607],[-76.49907576,3.41254609],[-76.49925582,3.4125461],[-76.49925583,3.41236517],[-76.49943581,3.41236518],[-76.49943585,3.4120034],[-76.4996159,3.41200341],[-76.49961592,3.41182257],[-76.49997588,3.4118226],[-76.50015593,3.41182262],[-76.50015595,3.41164168],[-76.50015598,3.4112799],[-76.50051602,3.41127993],[-76.50051603,3.41109908],[-76.50069601,3.4110991],[-76.50069603,3.41091816],[-76.50087601,3.41091818],[-76.50087603,3.41073733],[-76.50105608,3.41073735],[-76.50105611,3.41037547],[-76.50141607,3.41037551],[-76.50141609,3.41019466],[-76.50177613,3.41019469],[-76.50177614,3.41001375],[-76.5019562,3.41001377],[-76.50195621,3.40983292],[-76.50231617,3.40983296],[-76.50231619,3.40965202],[-76.50249624,3.40965203],[-76.50249626,3.40947119],[-76.50267624,3.4094712],[-76.50267625,3.40929027],[-76.50285623,3.40929028],[-76.50285625,3.40910944],[-76.5030363,3.40910945],[-76.50303634,3.40874767],[-76.50321632,3.40874768],[-76.50321635,3.40838581],[-76.5033964,3.40838582],[-76.50339642,3.40820498],[-76.50375638,3.40820501],[-76.50375639,3.40802407],[-76.50429648,3.40802412],[-76.5042965,3.40784327],[-76.50447648,3.40784329],[-76.50447651,3.4074815],[-76.50465649,3.40748152],[-76.5046565,3.40730058],[-76.50483656,3.4073006],[-76.5048366,3.40675797],[-76.50501658,3.40675798],[-76.5050166,3.40657704],[-76.50519658,3.40657706],[-76.50519659,3.40639612],[-76.50537665,3.40639614],[-76.50537666,3.40621529],[-76.50555664,3.40621531],[-76.50555666,3.40603437],[-76.50573671,3.40603439],[-76.50573673,3.40585354],[-76.50591671,3.40585355],[-76.50591672,3.40567262],[-76.50627675,3.40567265],[-76.50627677,3.4054918],[-76.50645675,3.40549182],[-76.50645676,3.40531088],[-76.50663674,3.40531089],[-76.50663676,3.40513005],[-76.50681681,3.40513006],[-76.50681683,3.40494912],[-76.50699681,3.40494914],[-76.50699682,3.40476829],[-76.50735685,3.40476832],[-76.50735687,3.40458739],[-76.50753685,3.4045874],[-76.50753686,3.40440656],[-76.5078969,3.40440659],[-76.50789691,3.40422565],[-76.50807689,3.40422566],[-76.50807692,3.40386388],[-76.50825697,3.40386389],[-76.50825699,3.40368296],[-76.50843697,3.40368297],[-76.50843698,3.40350212],[-76.50915704,3.40350218],[-76.50915706,3.40332125],[-76.50951709,3.40332128],[-76.50951711,3.40314043],[-76.50969708,3.40314044],[-76.50969706,3.40350223],[-76.50951708,3.40350221],[-76.50951706,3.40368306],[-76.50933701,3.40368305],[-76.50933699,3.40386398],[-76.50915702,3.40386397],[-76.509157,3.40404482],[-76.50897695,3.4040448],[-76.50897693,3.40422574],[-76.50879695,3.40422572],[-76.50879694,3.40440666],[-76.50861696,3.40440665],[-76.50861693,3.40476843],[-76.5082569,3.4047684],[-76.50825688,3.40494925],[-76.50807683,3.40494923],[-76.50807681,3.40513017],[-76.50771686,3.40513014],[-76.50771684,3.40531099],[-76.50753679,3.40531097],[-76.50753677,3.40549191],[-76.50735679,3.40549189],[-76.50735676,3.40585368],[-76.50717678,3.40585366],[-76.50717675,3.40621545],[-76.5069967,3.40621543],[-76.50699667,3.40657722],[-76.50681669,3.4065772],[-76.50681667,3.40675814],[-76.50663662,3.40675812],[-76.5066366,3.40693897],[-76.50645662,3.40693896],[-76.50645661,3.40711989],[-76.50627663,3.40711988],[-76.50627661,3.40730072],[-76.50609656,3.40730071],[-76.50609655,3.40748165],[-76.50591657,3.40748163],[-76.50591655,3.40766248],[-76.50573657,3.40766246],[-76.50573656,3.4078434],[-76.5055565,3.40784338],[-76.50555649,3.40802423],[-76.50519645,3.4080242],[-76.50519644,3.40820514],[-76.50465642,3.40820509],[-76.50429646,3.40820506],[-76.50429645,3.4083859],[-76.50411639,3.40838589],[-76.50411638,3.40856683],[-76.5039364,3.40856681],[-76.50393638,3.40874775],[-76.50357635,3.40874772],[-76.50357633,3.40892856],[-76.50339635,3.40892855],[-76.50339634,3.40910948],[-76.50321628,3.40910947],[-76.50321627,3.40929031],[-76.50303629,3.4092903],[-76.50303624,3.40983302],[-76.50285619,3.409833],[-76.50285615,3.41019479],[-76.50267617,3.41019477],[-76.50267616,3.41037562],[-76.50195616,3.41037555],[-76.50195615,3.41055649],[-76.50177609,3.41055648],[-76.50177606,3.41091826],[-76.50213609,3.41091829],[-76.50213611,3.41073745],[-76.50267612,3.41073749],[-76.50267608,3.41128013],[-76.50285606,3.41128014],[-76.50285602,3.41164193],[-76.50303608,3.41164194],[-76.50303606,3.41182288],[-76.50267603,3.41182285],[-76.50267599,3.41218463],[-76.50285597,3.41218465],[-76.50285596,3.4123655],[-76.50303601,3.41236551],[-76.503036,3.41254645],[-76.50357601,3.4125465],[-76.50357604,3.41218471],[-76.50375602,3.41218473],[-76.50375601,3.41236558],[-76.50393606,3.41236559],[-76.50393605,3.41254653],[-76.50375599,3.41254652],[-76.50375598,3.41272736],[-76.50393603,3.41272738],[-76.50393605,3.41254653],[-76.50411603,3.41254655],[-76.50429608,3.41254656],[-76.50429607,3.41272741],[-76.50447605,3.41272743],[-76.50447603,3.41290836],[-76.50465601,3.41290838],[-76.504656,3.41308932],[-76.50483605,3.41308933],[-76.50483603,3.41327018],[-76.504476,3.41327015],[-76.50447598,3.41345109],[-76.50411595,3.41345105],[-76.50411593,3.4136319],[-76.50249588,3.41363176],[-76.50249592,3.41326997],[-76.50231586,3.41326996],[-76.50231588,3.41308911],[-76.5021359,3.41308909],[-76.50213591,3.41290815],[-76.50195593,3.41290814],[-76.50195597,3.41254635],[-76.50177591,3.41254634],[-76.50177596,3.41200361],[-76.50195602,3.41200363],[-76.50195603,3.41182278],[-76.50177598,3.41182277],[-76.50177601,3.41146098],[-76.50159603,3.41146097],[-76.50159605,3.41128003],[-76.50141599,3.41128001],[-76.50123601,3.41128],[-76.501236,3.41146093],[-76.50087596,3.4114609],[-76.50087594,3.41164175],[-76.50069596,3.41164173],[-76.50069595,3.41182267],[-76.50051597,3.41182265],[-76.50051595,3.4120035],[-76.5003359,3.41200348],[-76.50033583,3.41272705],[-76.50015585,3.41272703],[-76.50015583,3.41290797],[-76.49997578,3.41290796],[-76.49997576,3.41308889],[-76.49979578,3.41308888],[-76.49979576,3.41326972],[-76.49943573,3.41326969],[-76.49943571,3.41345063],[-76.49907568,3.41345059],[-76.49907566,3.41363144],[-76.49853564,3.41363139],[-76.49853563,3.41381233],[-76.49835565,3.41381231],[-76.49835563,3.41399316],[-76.49799559,3.41399312]]]]},"geometry_name":"the_geom","properties":{"id":3,"fuente":"OSSO","tipo_amena":"Amenaza Media mitigable (Profundidad entre 0.45 m y 0,90 m)"}},{"type":"Feature","id":"amb_ari_inundacion_pluvial.434","geometry":{"type":"MultiPolygon","coordinates":[[[[-76.50537602,3.41363201],[-76.505556,3.41363203],[-76.50555598,3.41381297],[-76.505376,3.41381295],[-76.50537602,3.41363201]]]]},"geometry_name":"the_geom","properties":{"id":3,"fuente":"OSSO","tipo_amena":"Amenaza Media mitigable (Profundidad entre 0.45 m y 0,90 m)"}},{"type":"Feature","id":"amb_ari_inundacion_pluvial.435","geometry":{"type":"MultiPolygon","coordinates":[[[[-76.50519596,3.413632],[-76.50519598,3.41345115],[-76.50537604,3.41345117],[-76.50537602,3.41363201],[-76.50519596,3.413632]]]]},"geometry_name":"the_geom","properties":{"id":3,"fuente":"OSSO","tipo_amena":"Amenaza Media mitigable (Profundidad entre 0.45 m y 0,90 m)"}},{"type":"Feature","id":"amb_ari_inundacion_pluvial.436","geometry":{"type":"MultiPolygon","coordinates":[[[[-76.50807621,3.41236595],[-76.50807622,3.41218511],[-76.50825628,3.41218512],[-76.50825626,3.41236597],[-76.50807621,3.41236595]]]]},"geometry_name":"the_geom","properties":{"id":3,"fuente":"OSSO","tipo_amena":"Amenaza Media mitigable (Profundidad entre 0.45 m y 0,90 m)"}},{"type":"Feature","id":"amb_ari_inundacion_pluvial.437","geometry":{"type":"MultiPolygon","coordinates":[[[[-76.50321603,3.41200375],[-76.50339608,3.41200376],[-76.50357606,3.41200378],[-76.50357604,3.41218471],[-76.50321601,3.41218468],[-76.50321603,3.41200375]]]]},"geometry_name":"the_geom","properties":{"id":3,"fuente":"OSSO","tipo_amena":"Amenaza Media mitigable (Profundidad entre 0.45 m y 0,90 m)"}},{"type":"Feature","id":"amb_ari_inundacion_pluvial.438","geometry":{"type":"MultiPolygon","coordinates":[[[[-76.50303606,3.41182288],[-76.50321604,3.4118229],[-76.50321603,3.41200375],[-76.50303605,3.41200373],[-76.50303606,3.41182288]]]]},"geometry_name":"the_geom","properties":{"id":3,"fuente":"OSSO","tipo_amena":"Amenaza Media mitigable (Profundidad entre 0.45 m y 0,90 m)"}},{"type":"Feature","id":"amb_ari_inundacion_pluvial.439","geometry":{"type":"MultiPolygon","coordinates":[[[[-76.50393605,3.41254653],[-76.50393603,3.41272738],[-76.50375598,3.41272736],[-76.50375599,3.41254652],[-76.50393605,3.41254653]]]]},"geometry_name":"the_geom","properties":{"id":2,"fuente":"OSSO","tipo_amena":"Amenaza Alta mitigable (Profundidad > 0,90 m)"}},{"type":"Feature","id":"amb_ari_inundacion_pluvial.440","geometry":{"type":"MultiPolygon","coordinates":[[[[-76.50303606,3.41182288],[-76.50303605,3.41200373],[-76.50321603,3.41200375],[-76.50321601,3.41218468],[-76.50357604,3.41218471],[-76.50357601,3.4125465],[-76.503036,3.41254645],[-76.50303601,3.41236551],[-76.50285596,3.4123655],[-76.50285597,3.41218465],[-76.50267599,3.41218463],[-76.50267603,3.41182285],[-76.50303606,3.41182288]]]]},"geometry_name":"the_geom","properties":{"id":2,"fuente":"OSSO","tipo_amena":"Amenaza Alta mitigable (Profundidad > 0,90 m)"}},{"type":"Feature","id":"amb_ari_inundacion_pluvial.441","geometry":{"type":"MultiPolygon","coordinates":[[[[-76.48305091,3.45017083],[-76.48305087,3.45053262],[-76.48323086,3.45053264],[-76.48323088,3.4503517],[-76.48341087,3.45035172],[-76.48341083,3.4507135],[-76.48323084,3.45071348],[-76.48323082,3.45089442],[-76.48305083,3.4508944],[-76.48305085,3.45071346],[-76.48287079,3.45071344],[-76.48287085,3.45017081],[-76.48305091,3.45017083]]]]},"geometry_name":"the_geom","properties":{"id":4,"fuente":"OSSO","tipo_amena":"Amenaza Baja mitigable (Profundidad < 0.45m)"}},{"type":"Feature","id":"amb_ari_inundacion_pluvial.442","geometry":{"type":"MultiPolygon","coordinates":[[[[-76.48341087,3.45035172],[-76.48341089,3.45017087],[-76.48359095,3.45017089],[-76.48359093,3.45035174],[-76.48341087,3.45035172]]]]},"geometry_name":"the_geom","properties":{"id":4,"fuente":"OSSO","tipo_amena":"Amenaza Baja mitigable (Profundidad < 0.45m)"}},{"type":"Feature","id":"amb_ari_inundacion_pluvial.443","geometry":{"type":"MultiPolygon","coordinates":[[[[-76.48359095,3.45017089],[-76.48359097,3.44998995],[-76.48377095,3.44998998],[-76.48377093,3.45017091],[-76.48359095,3.45017089]]]]},"geometry_name":"the_geom","properties":{"id":4,"fuente":"OSSO","tipo_amena":"Amenaza Baja mitigable (Profundidad < 0.45m)"}},{"type":"Feature","id":"amb_ari_inundacion_pluvial.444","geometry":{"type":"MultiPolygon","coordinates":[[[[-76.48377095,3.44998998],[-76.48377113,3.4483619],[-76.48395119,3.44836192],[-76.48395133,3.44709572],[-76.48377127,3.4470957],[-76.48377141,3.44582941],[-76.48395147,3.44582943],[-76.48395139,3.446553],[-76.48413138,3.44655302],[-76.48413134,3.4469148],[-76.48485136,3.44691488],[-76.48485138,3.44673395],[-76.48503144,3.44673396],[-76.48503148,3.44637218],[-76.48521147,3.4463722],[-76.48521151,3.44601042],[-76.48539157,3.44601044],[-76.48539155,3.44619137],[-76.48557153,3.44619139],[-76.4855715,3.44655318],[-76.48539151,3.44655316],[-76.48539147,3.44691494],[-76.48521141,3.44691492],[-76.48521139,3.44709586],[-76.4850314,3.44709584],[-76.48503138,3.44727669],[-76.48485132,3.44727667],[-76.4848513,3.4474576],[-76.48467132,3.44745758],[-76.4846713,3.44763843],[-76.48449131,3.44763841],[-76.48449127,3.4480002],[-76.48431121,3.44800018],[-76.48431113,3.44872374],[-76.48413114,3.44872372],[-76.4841311,3.4490856],[-76.48395112,3.44908558],[-76.48395102,3.44999],[-76.48377095,3.44998998]]]]},"geometry_name":"the_geom","properties":{"id":4,"fuente":"OSSO","tipo_amena":"Amenaza Baja mitigable (Profundidad < 0.45m)"}},{"type":"Feature","id":"amb_ari_inundacion_pluvial.445","geometry":{"type":"MultiPolygon","coordinates":[[[[-76.48305097,3.44962811],[-76.48305103,3.44908548],[-76.48323102,3.4490855],[-76.48323096,3.44962813],[-76.48305097,3.44962811]]]]},"geometry_name":"the_geom","properties":{"id":4,"fuente":"OSSO","tipo_amena":"Amenaza Baja mitigable (Profundidad < 0.45m)"}},{"type":"Feature","id":"amb_ari_inundacion_pluvial.446","geometry":{"type":"MultiPolygon","coordinates":[[[[-76.48323104,3.44890456],[-76.48323108,3.44854278],[-76.48341107,3.4485428],[-76.48341103,3.44890458],[-76.48323104,3.44890456]]]]},"geometry_name":"the_geom","properties":{"id":4,"fuente":"OSSO","tipo_amena":"Amenaza Baja mitigable (Profundidad < 0.45m)"}},{"type":"Feature","id":"amb_ari_inundacion_pluvial.447","geometry":{"type":"MultiPolygon","coordinates":[[[[-76.48341111,3.44818101],[-76.48341114,3.44781923],[-76.48359121,3.44781925],[-76.48359117,3.44818103],[-76.48341111,3.44818101]]]]},"geometry_name":"the_geom","properties":{"id":4,"fuente":"OSSO","tipo_amena":"Amenaza Baja mitigable (Profundidad < 0.45m)"}},{"type":"Feature","id":"amb_ari_inundacion_pluvial.448","geometry":{"type":"MultiPolygon","coordinates":[[[[-76.48359125,3.44745747],[-76.48359129,3.44709568],[-76.48377127,3.4470957],[-76.48377123,3.44745749],[-76.48359125,3.44745747]]]]},"geometry_name":"the_geom","properties":{"id":4,"fuente":"OSSO","tipo_amena":"Amenaza Baja mitigable (Profundidad < 0.45m)"}},{"type":"Feature","id":"amb_ari_inundacion_pluvial.453","geometry":{"type":"MultiPolygon","coordinates":[[[[-76.48395147,3.44582943],[-76.48395149,3.44564849],[-76.48413148,3.44564851],[-76.48413146,3.44582945],[-76.48413144,3.4460103],[-76.48467147,3.44601036],[-76.48467149,3.44582951],[-76.48485148,3.44582953],[-76.48485146,3.44601038],[-76.48521151,3.44601042],[-76.48521147,3.4463722],[-76.48503148,3.44637218],[-76.48503144,3.44673396],[-76.48485138,3.44673395],[-76.48485136,3.44691488],[-76.48413134,3.4469148],[-76.48413138,3.44655302],[-76.48395139,3.446553],[-76.48395147,3.44582943]]]]},"geometry_name":"the_geom","properties":{"id":3,"fuente":"OSSO","tipo_amena":"Amenaza Media mitigable (Profundidad entre 0.45 m y 0,90 m)"}},{"type":"Feature","id":"amb_ari_inundacion_pluvial.454","geometry":{"type":"MultiPolygon","coordinates":[[[[-76.48323096,3.44962813],[-76.48341095,3.44962815],[-76.48341091,3.44998994],[-76.48323092,3.44998992],[-76.48323096,3.44962813]]]]},"geometry_name":"the_geom","properties":{"id":2,"fuente":"OSSO","tipo_amena":"Amenaza Alta mitigable (Profundidad > 0,90 m)"}},{"type":"Feature","id":"amb_ari_inundacion_pluvial.455","geometry":{"type":"MultiPolygon","coordinates":[[[[-76.48404855,3.43597194],[-76.48404126,3.43595577],[-76.48403503,3.43593915],[-76.48403467,3.43593806],[-76.48402926,3.43592181],[-76.48402449,3.43590591],[-76.48402105,3.4358914],[-76.48401746,3.43587423],[-76.4840169,3.43587145],[-76.48401402,3.43585394],[-76.48401309,3.43584591],[-76.48401127,3.43582782],[-76.48401047,3.43581818],[-76.4840103,3.43581534],[-76.48401004,3.43581072],[-76.48400966,3.43580785],[-76.48400953,3.43580688],[-76.48400864,3.43579924],[-76.48400531,3.43579555],[-76.48400322,3.43579321],[-76.48399605,3.43578509],[-76.48399559,3.43578456],[-76.48398926,3.43577735],[-76.48398874,3.43577676],[-76.48398656,3.43577422],[-76.48398114,3.43576786],[-76.48397212,3.43575667],[-76.48396183,3.43574224],[-76.48396121,3.43574131],[-76.48395763,3.43573587],[-76.48395515,3.43573204],[-76.4839532,3.43572897],[-76.48394825,3.43572179],[-76.48393892,3.43570671],[-76.4839306,3.43569105],[-76.48392331,3.43567488],[-76.48391708,3.43565826],[-76.48391196,3.43564128],[-76.48390795,3.43562399],[-76.48390507,3.43560647],[-76.48390334,3.4355888],[-76.4839028,3.4355755],[-76.48389228,3.43492838],[-76.48389232,3.43492647],[-76.48389224,3.43492393],[-76.48389282,3.43490619],[-76.48389455,3.43488852],[-76.48389743,3.43487101],[-76.48390144,3.43485372],[-76.48390657,3.43483673],[-76.4839128,3.43482011],[-76.48392009,3.43480394],[-76.48392842,3.43478828],[-76.48393775,3.43477321],[-76.48394804,3.43475878],[-76.48395924,3.43474505],[-76.48397132,3.4347321],[-76.48398422,3.43471996],[-76.48399787,3.4347087],[-76.48401223,3.43469836],[-76.48402724,3.43468898],[-76.48404282,3.43468062],[-76.48405891,3.43467329],[-76.48406882,3.4346694],[-76.48407323,3.43466776],[-76.48407986,3.4346654],[-76.48409676,3.43466025],[-76.48411288,3.43465644],[-76.48411738,3.43465552],[-76.48411847,3.4346553],[-76.4841359,3.43465241],[-76.48414083,3.4346518],[-76.48414892,3.43465089],[-76.48416156,3.43464975],[-76.48417922,3.43464917],[-76.48419688,3.43464975],[-76.48420144,3.43465009],[-76.48422782,3.4346501],[-76.48423859,3.43465031],[-76.4842457,3.43464735],[-76.48424598,3.43464723],[-76.48426251,3.43464098],[-76.48427002,3.43463854],[-76.48428169,3.43463494],[-76.48429109,3.43463222],[-76.48429426,3.43463139],[-76.48429911,3.43462701],[-76.48431191,3.43461641],[-76.48431999,3.43461013],[-76.48432085,3.43460946],[-76.48433521,3.43459912],[-76.48435022,3.43458974],[-76.48436351,3.43458252],[-76.48436408,3.43458208],[-76.48436494,3.43458142],[-76.4843663,3.43458038],[-76.4843699,3.43457676],[-76.48438148,3.43456578],[-76.48439239,3.43455416],[-76.48439873,3.43454779],[-76.48441161,3.43453567],[-76.48442527,3.43452441],[-76.48442833,3.43452208],[-76.48443294,3.43451863],[-76.48443851,3.43451425],[-76.48444052,3.43451268],[-76.48445489,3.43450234],[-76.48446572,3.43449543],[-76.48447472,3.43449],[-76.48447889,3.43448753],[-76.48449447,3.43447916],[-76.48450231,3.43447543],[-76.48451223,3.43447091],[-76.48452048,3.43446731],[-76.48453292,3.43446249],[-76.4845455,3.43445797],[-76.4845496,3.43445654],[-76.48456241,3.43445252],[-76.48457459,3.43444903],[-76.48458037,3.43444736],[-76.48458541,3.43444595],[-76.48459926,3.43444261],[-76.48461185,3.43443993],[-76.48461521,3.43443923],[-76.48462635,3.43443725],[-76.48463809,3.43443541],[-76.48464438,3.43443451],[-76.4846566,3.43443317],[-76.48466291,3.43443263],[-76.48466757,3.43443211],[-76.48467996,3.434431],[-76.48469762,3.43443042],[-76.48470501,3.43443042],[-76.48470611,3.4344302],[-76.48472354,3.43442731],[-76.48474112,3.43442557],[-76.48475879,3.43442499],[-76.48477679,3.43442499],[-76.48479444,3.43442557],[-76.48480393,3.43442637],[-76.4848046,3.4344262],[-76.48481177,3.43442436],[-76.48482578,3.43442117],[-76.48484321,3.43441828],[-76.48484466,3.43441809],[-76.4848519,3.43441717],[-76.48485538,3.43441675],[-76.48486346,3.43441584],[-76.48487611,3.4344147],[-76.48489377,3.43441412],[-76.4849006,3.43441421],[-76.48490068,3.43441406],[-76.48490113,3.43441329],[-76.48490118,3.4344132],[-76.48490429,3.4344078],[-76.4849073,3.43440245],[-76.48490837,3.43440058],[-76.4849177,3.4343855],[-76.48492638,3.4343732],[-76.48493447,3.43436239],[-76.48493608,3.43436026],[-76.48493914,3.43435633],[-76.48494631,3.43434729],[-76.48495446,3.43433749],[-76.48496653,3.43432454],[-76.48497943,3.4343124],[-76.4849798,3.43431207],[-76.48498704,3.43430572],[-76.48500033,3.43429478],[-76.48500709,3.43428973],[-76.48501335,3.43428521],[-76.48502095,3.43427992],[-76.48503595,3.43427055],[-76.4850502,3.43426284],[-76.4850592,3.43425832],[-76.48506053,3.43425766],[-76.48507662,3.43425033],[-76.48509316,3.43424408],[-76.48511006,3.43423892],[-76.4851163,3.43423733],[-76.48512354,3.43423556],[-76.48513451,3.43423313],[-76.48515194,3.43423024],[-76.48515307,3.43423009],[-76.48516024,3.43422917],[-76.48516709,3.43422839],[-76.48518509,3.43422655],[-76.48519469,3.43422575],[-76.48521236,3.43422517],[-76.48523966,3.43422517],[-76.48524419,3.43422483],[-76.48526185,3.43422425],[-76.4852795,3.43422483],[-76.48528283,3.43422507],[-76.48529457,3.43422599],[-76.48530883,3.43422749],[-76.48532626,3.43423039],[-76.48532735,3.43423061],[-76.48533635,3.43423245],[-76.48535246,3.43423626],[-76.48536937,3.43424141],[-76.4853859,3.43424767],[-76.48540199,3.43425499],[-76.48540332,3.43425566],[-76.48541232,3.43426018],[-76.48542145,3.43426499],[-76.48543224,3.43425736],[-76.48544725,3.43424798],[-76.48546151,3.43424027],[-76.48547234,3.43423483],[-76.48547365,3.43423417],[-76.48548975,3.43422685],[-76.48550068,3.43422258],[-76.48551052,3.43421897],[-76.48551612,3.43421699],[-76.48553303,3.43421184],[-76.48555024,3.43420781],[-76.48556767,3.43420492],[-76.48557564,3.43420398],[-76.48558464,3.43420307],[-76.48559342,3.43420232],[-76.48560021,3.43419303],[-76.48560592,3.43418581],[-76.48561407,3.43417585],[-76.48561957,3.43416935],[-76.48563165,3.43415639],[-76.48564455,3.43414425],[-76.4856512,3.43413858],[-76.48566104,3.43413046],[-76.48566805,3.43412487],[-76.48568241,3.43411453],[-76.48569069,3.43410918],[-76.48570244,3.4341019],[-76.48570915,3.43409788],[-76.48572404,3.43408985],[-76.4857348,3.43408448],[-76.48573549,3.43408414],[-76.48575158,3.43407681],[-76.48576812,3.43407056],[-76.48577467,3.43406842],[-76.48578641,3.43406475],[-76.48578815,3.43406421],[-76.48579821,3.43405012],[-76.48580823,3.43403777],[-76.48581316,3.43403205],[-76.48581809,3.43402625],[-76.48582024,3.43402375],[-76.48583233,3.43401079],[-76.48584225,3.43400082],[-76.48584349,3.43399959],[-76.4858489,3.43399422],[-76.48586054,3.43398333],[-76.4858742,3.43397207],[-76.48587592,3.43397076],[-76.48588309,3.43396532],[-76.48589573,3.43395629],[-76.48591074,3.43394692],[-76.48591266,3.43394581],[-76.48591898,3.43394221],[-76.48593133,3.4339356],[-76.48593541,3.43393355],[-76.48594015,3.43393059],[-76.48594765,3.43392608],[-76.48596323,3.43391771],[-76.48597006,3.43391444],[-76.4859794,3.43390959],[-76.48599549,3.43390226],[-76.48600295,3.43389929],[-76.48601258,3.43389506],[-76.48601598,3.43389367],[-76.48602498,3.43389006],[-76.48602932,3.43388837],[-76.48603656,3.43388562],[-76.48604536,3.43388245],[-76.48606226,3.43387729],[-76.48606343,3.43387698],[-76.48607752,3.43387277],[-76.48609055,3.43386961],[-76.48609871,3.43386785],[-76.48610183,3.43386719],[-76.48611983,3.43386352],[-76.48612088,3.4338633],[-76.48613002,3.43386164],[-76.48614078,3.43385988],[-76.48614907,3.43385865],[-76.48615953,3.43385747],[-76.48616432,3.43385703],[-76.48616511,3.43385689],[-76.48617698,3.43385505],[-76.48619456,3.43385331],[-76.48621223,3.43385273],[-76.48625192,3.43385273],[-76.48625711,3.43385113],[-76.48626581,3.43384861],[-76.48627931,3.43384493],[-76.48628,3.43384475],[-76.48629415,3.43384135],[-76.4863068,3.43383866],[-76.48630987,3.43383803],[-76.48631977,3.43383624],[-76.48632205,3.43383445],[-76.48632418,3.43383279],[-76.48633854,3.43382245],[-76.48634506,3.43381821],[-76.4863594,3.43380917],[-76.48636788,3.43380404],[-76.48638263,3.43379608],[-76.48639704,3.43378888],[-76.48639788,3.43378846],[-76.48641397,3.43378114],[-76.4864168,3.43377998],[-76.4864303,3.43377454],[-76.486444,3.43376945],[-76.48646091,3.43376429],[-76.48646931,3.43376218],[-76.48648464,3.43375857],[-76.48649344,3.43375666],[-76.48649371,3.43375661],[-76.48650656,3.43375405],[-76.48651625,3.43375208],[-76.48651776,3.43375117],[-76.48652488,3.43374623],[-76.48652837,3.43374384],[-76.48653543,3.43373926],[-76.48654756,3.43373059],[-76.48655318,3.43372654],[-76.48655433,3.43372571],[-76.48656009,3.43372159],[-76.4865637,3.43371899],[-76.48656895,3.43371504],[-76.48657689,3.4337093],[-76.48658856,3.43370118],[-76.4865922,3.43369869],[-76.48659547,3.43369649],[-76.48659603,3.43369606],[-76.48660305,3.43369019],[-76.48661125,3.43368361],[-76.48662188,3.43367582],[-76.4866296,3.43367045],[-76.48663659,3.4336652],[-76.48664812,3.43365702],[-76.48664836,3.43365686],[-76.48665634,3.43365151],[-76.48666259,3.43364709],[-76.48666787,3.43364346],[-76.48668288,3.43363408],[-76.48668605,3.43363227],[-76.48668642,3.43363202],[-76.48668953,3.4336299],[-76.48669914,3.43362374],[-76.4866994,3.43362354],[-76.48670837,3.43361725],[-76.48672217,3.43360858],[-76.4867304,3.43360375],[-76.48673753,3.43359935],[-76.48674553,3.43359422],[-76.48674669,3.43359348],[-76.48675604,3.43358755],[-76.48676535,3.43358157],[-76.48677562,3.43357531],[-76.4867899,3.43356759],[-76.48679356,3.43356575],[-76.48679643,3.43356415],[-76.48680828,3.4335579],[-76.48681698,3.43355378],[-76.48682679,3.4335486],[-76.48684182,3.43354105],[-76.48685237,3.43353542],[-76.48685961,3.4335317],[-76.48686544,3.43352889],[-76.48686795,3.43352772],[-76.48687202,3.43352541],[-76.48688569,3.43351813],[-76.48690179,3.43351081],[-76.48690871,3.43350804],[-76.48691155,3.43350695],[-76.48691361,3.43350607],[-76.48691529,3.43350537],[-76.48692437,3.43350178],[-76.48693154,3.43349909],[-76.48693899,3.43349643],[-76.48695382,3.43349185],[-76.48696374,3.43348909],[-76.48696581,3.43348852],[-76.48698302,3.43348449],[-76.48699979,3.43348169],[-76.48700013,3.43348162],[-76.48700546,3.43348063],[-76.48700631,3.4334804],[-76.48701962,3.43347718],[-76.48702636,3.43347517],[-76.48703331,3.4334732],[-76.48704945,3.43346938],[-76.48706295,3.43346663],[-76.48706401,3.43346641],[-76.48706694,3.43346585],[-76.4870766,3.43346373],[-76.48708794,3.43346172],[-76.48708831,3.43346153],[-76.48708954,3.43346092],[-76.48709043,3.43346036],[-76.48709777,3.43345594],[-76.48709912,3.43345517],[-76.48711171,3.43344796],[-76.48712594,3.43344037],[-76.48713077,3.43343804],[-76.487138,3.43343463],[-76.48714363,3.43343162],[-76.48715118,3.43342773],[-76.48716393,3.43342182],[-76.48717652,3.43341638],[-76.48717986,3.43341496],[-76.48719639,3.43340871],[-76.48719831,3.43340806],[-76.48720874,3.43340459],[-76.48721941,3.43340102],[-76.48723279,3.43339693],[-76.4872427,3.43339417],[-76.4872448,3.4333936],[-76.48724954,3.43339237],[-76.48725182,3.4333915],[-76.48725285,3.43339105],[-76.48725818,3.43338876],[-76.48726778,3.43338498],[-76.48727136,3.43338318],[-76.48727267,3.43338252],[-76.48728357,3.43337742],[-76.48729751,3.43337128],[-76.48730092,3.43336976],[-76.48730423,3.43336717],[-76.48731096,3.43336214],[-76.48731526,3.43335903],[-76.48732247,3.43335362],[-76.48732776,3.43334952],[-76.48733492,3.43334345],[-76.48734473,3.43333552],[-76.48734688,3.43333388],[-76.48735764,3.43332575],[-76.48736985,3.43331705],[-76.48737428,3.43331414],[-76.48737605,3.4333128],[-76.4873776,3.43330805],[-76.48738383,3.43329144],[-76.48739112,3.43327527],[-76.48739178,3.43327392],[-76.48739401,3.43326944],[-76.48739642,3.43326411],[-76.48740012,3.43325626],[-76.48740845,3.43324061],[-76.48741092,3.43323639],[-76.48741634,3.43322735],[-76.48742012,3.43322121],[-76.48742645,3.43321125],[-76.48742952,3.43320653],[-76.48743981,3.4331921],[-76.48744286,3.43318818],[-76.48744934,3.43318001],[-76.4874549,3.43317287],[-76.48746452,3.43316121],[-76.48746553,3.43316005],[-76.48747988,3.4331438],[-76.48749094,3.433132],[-76.48750384,3.43311986],[-76.48750407,3.43311966],[-76.48750444,3.43311929],[-76.48751734,3.43310715],[-76.48752117,3.43310384],[-76.48752749,3.43309847],[-76.48753282,3.43309407],[-76.48753534,3.43309182],[-76.48754899,3.43308056],[-76.48755328,3.43307732],[-76.48756165,3.4330706],[-76.48756533,3.43306781],[-76.48757279,3.43306176],[-76.48757949,3.43305565],[-76.48759315,3.43304439],[-76.48759754,3.43304108],[-76.48760738,3.4330338],[-76.48761736,3.43302677],[-76.48761941,3.43302541],[-76.48762385,3.43302249],[-76.48762922,3.43301869],[-76.48763451,3.43301505],[-76.48764534,3.43300814],[-76.48765434,3.4330027],[-76.48765851,3.43300023],[-76.48767409,3.43299186],[-76.48769019,3.43298454],[-76.48770672,3.43297828],[-76.48770882,3.43297758],[-76.48771101,3.43297685],[-76.48771237,3.43297633],[-76.48772198,3.43297285],[-76.48773888,3.43296769],[-76.48775609,3.43296366],[-76.48777352,3.43296077],[-76.48778357,3.43295963],[-76.48779,3.43295903],[-76.48779086,3.43295893],[-76.48779398,3.43295695],[-76.4877975,3.43295447],[-76.48780276,3.43295084],[-76.4878136,3.43294394],[-76.4878177,3.43294146],[-76.487821,3.43293926],[-76.48782735,3.43293517],[-76.48783427,3.43293085],[-76.48783475,3.43293043],[-76.487842,3.43292415],[-76.48784626,3.43292052],[-76.48785594,3.43291246],[-76.4878666,3.43290356],[-76.48787481,3.43289697],[-76.48788917,3.43288663],[-76.4878901,3.43288601],[-76.48790067,3.43287898],[-76.48791375,3.43287021],[-76.48792634,3.43286227],[-76.4879416,3.43285323],[-76.48794207,3.43285296],[-76.48794906,3.43284883],[-76.48795348,3.43284577],[-76.48796406,3.43283817],[-76.48797109,3.4328333],[-76.48797516,3.43283061],[-76.48797901,3.43282813],[-76.4879824,3.43282533],[-76.48799261,3.4328168],[-76.48799365,3.43281594],[-76.48800356,3.43280775],[-76.48800446,3.43280701],[-76.48801402,3.43279918],[-76.48802348,3.43279137],[-76.48803048,3.43278578],[-76.48803956,3.43277908],[-76.48804068,3.43277829],[-76.48804313,3.43277628],[-76.48804852,3.43277198],[-76.48805137,3.43276976],[-76.48805267,3.43276864],[-76.48806381,3.43275957],[-76.48806535,3.4327584],[-76.48807533,3.43274915],[-76.48807571,3.43274881],[-76.48808242,3.43274292],[-76.48808787,3.43273809],[-76.48809759,3.43272779],[-76.48809865,3.43272674],[-76.4881001,3.43272508],[-76.48811193,3.4327124],[-76.48811277,3.43271156],[-76.48812052,3.43270384],[-76.48812911,3.43269521],[-76.48814086,3.43268409],[-76.48814855,3.43267724],[-76.48815051,3.43267547],[-76.48815243,3.43267354],[-76.48816027,3.43266598],[-76.48816428,3.4326617],[-76.48816911,3.43265561],[-76.48816993,3.43265458],[-76.48817718,3.43264554],[-76.48818198,3.43263971],[-76.48818245,3.43263896],[-76.48818727,3.43263143],[-76.48819756,3.432617],[-76.48819856,3.43261571],[-76.48819933,3.43261448],[-76.48820352,3.43260798],[-76.48821381,3.43259355],[-76.48822502,3.43257983],[-76.48823709,3.43256687],[-76.48824439,3.4325598],[-76.48825217,3.43255256],[-76.48825388,3.43255062],[-76.48825475,3.43254964],[-76.48826199,3.43254151],[-76.48827218,3.43253069],[-76.48828071,3.43252213],[-76.48828318,3.43251962],[-76.48828537,3.43251714],[-76.48828625,3.43251615],[-76.48829232,3.43250934],[-76.48829742,3.43250347],[-76.48829786,3.43250296],[-76.48830994,3.43249],[-76.48832615,3.43247372],[-76.48832694,3.43247275],[-76.48833378,3.43246069],[-76.48833435,3.43245969],[-76.48834159,3.43244705],[-76.48834178,3.43244672],[-76.48835052,3.43243254],[-76.48835769,3.43242166],[-76.48835828,3.43242077],[-76.48836857,3.43240634],[-76.48836897,3.43240582],[-76.48837797,3.43239409],[-76.48838415,3.43238633],[-76.48839315,3.43237545],[-76.48839778,3.43237001],[-76.48840986,3.43235705],[-76.48841846,3.43234878],[-76.48842929,3.43233882],[-76.48843358,3.43233495],[-76.48844096,3.43232868],[-76.48844588,3.43232465],[-76.4884501,3.43232085],[-76.4884504,3.43232057],[-76.4884533,3.43231796],[-76.48845829,3.43231299],[-76.48847049,3.43230154],[-76.48847529,3.43229742],[-76.48848464,3.43228956],[-76.48849578,3.43227993],[-76.48850061,3.43227584],[-76.48850785,3.43226896],[-76.48851249,3.43226269],[-76.48852072,3.4322519],[-76.48852805,3.4322421],[-76.48852966,3.43223997],[-76.48854057,3.43222659],[-76.48854204,3.4322249],[-76.48854538,3.43222039],[-76.48854766,3.43221737],[-76.4885587,3.43220383],[-76.48855942,3.43220125],[-76.48856047,3.43219757],[-76.48856185,3.43219285],[-76.48856339,3.43218395],[-76.48856456,3.43217763],[-76.48856478,3.43217653],[-76.48856739,3.43216365],[-76.48856994,3.43215073],[-76.48856998,3.4321505],[-76.48857098,3.43214567],[-76.48857227,3.43213975],[-76.48857382,3.43213029],[-76.4885754,3.4321216],[-76.48857562,3.43212051],[-76.48857745,3.43211146],[-76.4885786,3.43210603],[-76.4885799,3.43209899],[-76.48858391,3.43208171],[-76.48858402,3.4320813],[-76.48858525,3.43207671],[-76.48858587,3.43207399],[-76.48858841,3.43206362],[-76.48859354,3.43204663],[-76.48859591,3.43203993],[-76.48859858,3.43203265],[-76.48860244,3.43202274],[-76.48860973,3.43200657],[-76.48861597,3.43199461],[-76.48861757,3.43199173],[-76.4886194,3.43198805],[-76.48862706,3.43197374],[-76.48863639,3.43195867],[-76.48864192,3.43195067],[-76.48864596,3.43194388],[-76.48864839,3.4319395],[-76.48865048,3.43193581],[-76.48865672,3.43192547],[-76.48866305,3.43191551],[-76.48866613,3.43191077],[-76.48866827,3.43190761],[-76.48867521,3.43189747],[-76.48868125,3.43188838],[-76.48868139,3.43188816],[-76.48868788,3.43187883],[-76.48869146,3.43187391],[-76.48869521,3.43186823],[-76.48869581,3.43186732],[-76.48869945,3.43186198],[-76.48870578,3.43185294],[-76.48871243,3.43184385],[-76.48872321,3.43183061],[-76.48872947,3.43182341],[-76.48872989,3.43182292],[-76.48874197,3.43180996],[-76.48874291,3.43180902],[-76.48875016,3.43180181],[-76.48876211,3.43179062],[-76.48876757,3.43178593],[-76.48877299,3.43178141],[-76.48878118,3.43177484],[-76.48879554,3.4317645],[-76.48880935,3.43175582],[-76.4888156,3.43175215],[-76.4888168,3.43175145],[-76.48883238,3.43174308],[-76.48884847,3.43173575],[-76.48886501,3.4317295],[-76.48888191,3.43172435],[-76.4888953,3.43172111],[-76.48889602,3.43172028],[-76.48889639,3.43171986],[-76.4888965,3.43171972],[-76.48890852,3.43170598],[-76.48891622,3.43169702],[-76.48892369,3.43168767],[-76.4889337,3.43167505],[-76.48893924,3.43166798],[-76.48894449,3.4316606],[-76.48895319,3.43164831],[-76.4889574,3.43164253],[-76.48896549,3.43163172],[-76.48896702,3.43162969],[-76.48897097,3.43162451],[-76.48897135,3.43162395],[-76.48897549,3.43161736],[-76.48897931,3.43161145],[-76.48898191,3.43160762],[-76.48898348,3.43160484],[-76.4889842,3.43160359],[-76.48899053,3.43159271],[-76.48899533,3.43158478],[-76.48899681,3.43158242],[-76.48899887,3.4315786],[-76.48899927,3.43157786],[-76.48900011,3.43157633],[-76.48900038,3.4315755],[-76.48900414,3.43156509],[-76.48900864,3.43155336],[-76.48901111,3.43154715],[-76.48901183,3.43154542],[-76.48901717,3.43153271],[-76.48901788,3.43153104],[-76.48902871,3.43150575],[-76.48903457,3.43149298],[-76.48903938,3.43148365],[-76.4890457,3.43147192],[-76.48904816,3.43146747],[-76.48905534,3.43145475],[-76.4890564,3.43145287],[-76.48906559,3.43143802],[-76.4890718,3.43142865],[-76.48907899,3.43141751],[-76.48908106,3.43141434],[-76.48909135,3.43139991],[-76.48909244,3.4313985],[-76.48910228,3.43138578],[-76.48910963,3.4313767],[-76.48911955,3.43136497],[-76.48912232,3.43136175],[-76.48912525,3.43135845],[-76.48912635,3.43135667],[-76.48912716,3.43135479],[-76.48913267,3.43134285],[-76.4891334,3.43134138],[-76.48913684,3.43133171],[-76.48913979,3.43132381],[-76.48914042,3.43132172],[-76.48914194,3.43131576],[-76.48914638,3.43130085],[-76.48914905,3.43129272],[-76.48914974,3.43129065],[-76.48915597,3.43127403],[-76.48916326,3.43125786],[-76.48916489,3.43125459],[-76.48916855,3.43124738],[-76.48917524,3.431235],[-76.48918287,3.43122252],[-76.489186,3.43121691],[-76.48918901,3.4312118],[-76.48919983,3.43119389],[-76.48921237,3.43117189],[-76.4892231,3.43115302],[-76.48922541,3.43114837],[-76.48922958,3.43113944],[-76.4892424,3.43111106],[-76.4892461,3.43110321],[-76.48925233,3.43109126],[-76.48926583,3.43106689],[-76.48926793,3.43106318],[-76.48927711,3.43104833],[-76.48928611,3.43103476],[-76.48928626,3.43103454],[-76.48929655,3.43102011],[-76.48929821,3.43101795],[-76.48930645,3.43100738],[-76.48931803,3.43099191],[-76.48932946,3.43097213],[-76.48933843,3.43095768],[-76.48934515,3.43094803],[-76.48936231,3.43092451],[-76.48936588,3.43091972],[-76.48936975,3.43091477],[-76.48937832,3.43090408],[-76.48938168,3.4308989],[-76.48938913,3.43088825],[-76.48939563,3.43087943],[-76.48939608,3.43087582],[-76.48939682,3.43087052],[-76.48940133,3.43084071],[-76.48940346,3.43082848],[-76.48940732,3.43081175],[-76.48941091,3.43079819],[-76.48941106,3.43079763],[-76.48941619,3.43078064],[-76.48942241,3.43076403],[-76.4894297,3.43074785],[-76.48943037,3.4307465],[-76.48944387,3.43071937],[-76.48944414,3.43071884],[-76.48944755,3.43071201],[-76.48944867,3.4307072],[-76.4894543,3.4306799],[-76.48945583,3.43067293],[-76.489463,3.4306422],[-76.48946507,3.43063394],[-76.4894702,3.43061695],[-76.48947642,3.43060033],[-76.48948095,3.43058997],[-76.48948636,3.43057824],[-76.48948913,3.43057243],[-76.48949746,3.43055678],[-76.48949846,3.43055504],[-76.48950161,3.43054966],[-76.48950176,3.4305491],[-76.48950626,3.43053285],[-76.48951071,3.43051839],[-76.48951693,3.43050178],[-76.48951773,3.43049985],[-76.48953032,3.43046997],[-76.48953681,3.43045572],[-76.48954495,3.43044039],[-76.48954527,3.43043984],[-76.48954749,3.43042702],[-76.4895515,3.43040973],[-76.48955663,3.43039274],[-76.48956285,3.43037613],[-76.48957014,3.43035996],[-76.48957847,3.4303443],[-76.4895878,3.43032922],[-76.48959809,3.43031479],[-76.4896093,3.43030107],[-76.48961435,3.43029565],[-76.48961513,3.43029324],[-76.4896171,3.43028762],[-76.48962793,3.43025773],[-76.48963219,3.43024674],[-76.48963336,3.43024392],[-76.48964412,3.43021863],[-76.48965024,3.43020527],[-76.48965857,3.43018962],[-76.48966525,3.4301786],[-76.4896704,3.43017054],[-76.4896756,3.43016165],[-76.48968083,3.43014898],[-76.48968807,3.43013293],[-76.4896885,3.43013205],[-76.48969112,3.43012677],[-76.48969275,3.43011897],[-76.48969326,3.43011519],[-76.48969406,3.43010968],[-76.48969572,3.43009902],[-76.48969686,3.43008839],[-76.48969763,3.43008186],[-76.48969969,3.43006867],[-76.48970511,3.43003878],[-76.48970593,3.43003446],[-76.48970994,3.43001717],[-76.48971507,3.43000019],[-76.48971786,3.42999232],[-76.48972862,3.42996343],[-76.48972875,3.42996308],[-76.48973416,3.4299486],[-76.48973747,3.42994019],[-76.48974375,3.42992611],[-76.48975304,3.42990674],[-76.48975849,3.42989356],[-76.48976121,3.42988245],[-76.48976634,3.42986546],[-76.48977256,3.42984884],[-76.48977985,3.42983267],[-76.48978505,3.42982262],[-76.48979046,3.42981266],[-76.48979359,3.42980705],[-76.48979686,3.42980152],[-76.4897996,3.429797],[-76.48980552,3.42978768],[-76.48980794,3.42978404],[-76.48983396,3.42973884],[-76.48986147,3.42967116],[-76.48992041,3.42951298],[-76.48992382,3.42950429],[-76.48993111,3.42948812],[-76.48993179,3.42948675],[-76.48993629,3.42947771],[-76.48994394,3.42946342],[-76.48995327,3.42944834],[-76.4899561,3.42944418],[-76.48996236,3.42943514],[-76.48996982,3.42942487],[-76.48998103,3.42941115],[-76.48998291,3.42940902],[-76.48999015,3.42940089],[-76.49000035,3.42939007],[-76.49001324,3.42937793],[-76.4900269,3.42936667],[-76.49003303,3.42936208],[-76.49004294,3.42935488],[-76.49005118,3.42934912],[-76.49006435,3.42934082],[-76.49006129,3.42933008],[-76.49006007,3.42932565],[-76.49005606,3.42930836],[-76.49005371,3.42929463],[-76.49005279,3.42928834],[-76.49005227,3.42928456],[-76.49005054,3.42926689],[-76.49005,3.42925353],[-76.49004734,3.42908799],[-76.49004789,3.42906587],[-76.49004948,3.4290493],[-76.49004982,3.42904658],[-76.49005025,3.42904202],[-76.49005138,3.42903195],[-76.49005426,3.42901443],[-76.49005827,3.42899714],[-76.4900634,3.42898015],[-76.49006894,3.42896521],[-76.4900726,3.42895617],[-76.49007328,3.4289545],[-76.49007592,3.42894832],[-76.4900795,3.42894019],[-76.49008416,3.4289302],[-76.49008821,3.42892228],[-76.49009485,3.42889146],[-76.49009793,3.42887867],[-76.49010232,3.42886393],[-76.490159,3.42869119],[-76.49015975,3.42868894],[-76.49016597,3.42867232],[-76.49016908,3.42866509],[-76.49018441,3.42863076],[-76.49018555,3.42862823],[-76.4902115,3.42857168],[-76.49023195,3.42850941],[-76.49023267,3.42850723],[-76.4902389,3.42849062],[-76.49023924,3.42848978],[-76.49024642,3.42847255],[-76.49025336,3.42845721],[-76.49025921,3.42844597],[-76.49028334,3.42840209],[-76.4903127,3.42833826],[-76.49031336,3.42833656],[-76.49031512,3.42833204],[-76.49031717,3.42832692],[-76.49031814,3.4283246],[-76.49034877,3.42821543],[-76.49036796,3.42810214],[-76.49036932,3.42809472],[-76.49037334,3.42807743],[-76.49037404,3.42807484],[-76.49039866,3.42798607],[-76.49040072,3.42797279],[-76.49040266,3.42796183],[-76.49040668,3.42794454],[-76.49041166,3.42792797],[-76.49041349,3.42792253],[-76.49041363,3.42792211],[-76.49041986,3.4279055],[-76.49042538,3.427893],[-76.49042623,3.42788808],[-76.4904309,3.42786248],[-76.49043257,3.42784799],[-76.49043257,3.42784468],[-76.49043315,3.42782696],[-76.49043437,3.4278135],[-76.49043447,3.42780877],[-76.49043498,3.42779715],[-76.49043672,3.42777948],[-76.49043818,3.42776971],[-76.49043909,3.42776427],[-76.49044051,3.42775652],[-76.49044452,3.42773923],[-76.49044965,3.42772224],[-76.49045587,3.42770563],[-76.49046316,3.42768946],[-76.49047149,3.4276738],[-76.49047318,3.42767091],[-76.49047585,3.42766639],[-76.49048349,3.4276542],[-76.49049379,3.42763977],[-76.49050305,3.42762831],[-76.49052463,3.42760302],[-76.49052658,3.42760076],[-76.49053556,3.42759097],[-76.49054078,3.42758112],[-76.49055337,3.42755851],[-76.49055517,3.42755533],[-76.4905645,3.42754025],[-76.4905648,3.4275398],[-76.49056838,3.42753444],[-76.49057838,3.42752045],[-76.49058497,3.42751216],[-76.49058947,3.42750672],[-76.49059291,3.42750264],[-76.49059341,3.42749152],[-76.49059514,3.42747386],[-76.49059515,3.42747383],[-76.49059521,3.42747339],[-76.49059605,3.42746703],[-76.49059887,3.42744998],[-76.49060288,3.42743269],[-76.49060801,3.4274157],[-76.49061423,3.42739909],[-76.49062152,3.42738292],[-76.49062283,3.4273803],[-76.49062557,3.42737486],[-76.4906326,3.42736182],[-76.49064193,3.42734674],[-76.49064496,3.42734228],[-76.49065937,3.42732151],[-76.49066663,3.42731154],[-76.49067784,3.42729782],[-76.49068234,3.4272928],[-76.49070392,3.42726927],[-76.4907115,3.42726134],[-76.49071152,3.42726132],[-76.49071602,3.4272568],[-76.4907289,3.42724468],[-76.49074255,3.42723342],[-76.49075691,3.42722308],[-76.49077192,3.4272137],[-76.49078665,3.42720576],[-76.49080107,3.42719855],[-76.49080191,3.42719813],[-76.490818,3.4271908],[-76.49083454,3.42718455],[-76.49084565,3.42718103],[-76.49084915,3.42717211],[-76.49085131,3.42716701],[-76.49085406,3.42716072],[-76.49085918,3.42714965],[-76.49086751,3.42713399],[-76.49087684,3.42711892],[-76.49088713,3.42710449],[-76.49089017,3.42710058],[-76.49089376,3.42709606],[-76.49090192,3.42708624],[-76.490914,3.42707329],[-76.49092346,3.42706423],[-76.4909308,3.42705754],[-76.49093558,3.42705166],[-76.49094151,3.42704463],[-76.4909536,3.42703167],[-76.49096412,3.42702109],[-76.49096717,3.42701147],[-76.4909734,3.42699486],[-76.49098069,3.42697869],[-76.49098902,3.42696303],[-76.49099835,3.42694795],[-76.49099863,3.42694753],[-76.49100222,3.42694216],[-76.49101222,3.42692815],[-76.49101722,3.42692181],[-76.4910253,3.42691185],[-76.49103152,3.42690447],[-76.4910436,3.42689151],[-76.49105649,3.42687938],[-76.49106388,3.4268731],[-76.49106426,3.42687278],[-76.4910709,3.42686673],[-76.49108456,3.42685547],[-76.49109892,3.42684513],[-76.49111392,3.42683575],[-76.49112696,3.42682866],[-76.49113237,3.42682591],[-76.49113492,3.42682463],[-76.49115101,3.4268173],[-76.49116754,3.42681105],[-76.49118132,3.42680676],[-76.49118758,3.426805],[-76.49119071,3.42680413],[-76.49120791,3.4268001],[-76.49122201,3.42679767],[-76.49122834,3.42679675],[-76.49123167,3.42679629],[-76.491234,3.426796],[-76.49123891,3.42679291],[-76.49124341,3.42679016],[-76.49124892,3.42678688],[-76.4912645,3.42677851],[-76.49127793,3.42677231],[-76.49128418,3.42676962],[-76.49128685,3.4267685],[-76.49130338,3.42676225],[-76.49132029,3.42675709],[-76.49133749,3.42675306],[-76.49135492,3.42675017],[-76.4913725,3.42674843],[-76.49139016,3.42674785],[-76.49139649,3.42674785],[-76.49141415,3.42674843],[-76.49143173,3.42675017],[-76.49144569,3.42675239],[-76.49144866,3.42675238],[-76.49146244,3.42675273],[-76.49152017,3.4267557],[-76.49152774,3.42674779],[-76.49154063,3.42673565],[-76.49155429,3.42672439],[-76.49156865,3.42671405],[-76.49158359,3.42670471],[-76.49158991,3.42670104],[-76.49158997,3.42670101],[-76.49160556,3.42669263],[-76.49162165,3.4266853],[-76.49163819,3.42667905],[-76.49165509,3.4266739],[-76.4916723,3.42666987],[-76.49168973,3.42666698],[-76.49170731,3.42666524],[-76.49172497,3.42666466],[-76.49174262,3.42666524],[-76.49176021,3.42666698],[-76.49177764,3.42666987],[-76.49179484,3.4266739],[-76.49181175,3.42667906],[-76.49182828,3.42668531],[-76.49184437,3.42669264],[-76.49184695,3.42669393],[-76.49185112,3.42669606],[-76.49185532,3.42669814],[-76.49187078,3.42670645],[-76.49188578,3.42671583],[-76.49188623,3.42671612],[-76.49189157,3.42671973],[-76.49189761,3.42672393],[-76.49190394,3.42672845],[-76.49191181,3.42673429],[-76.49192547,3.42674556],[-76.49193836,3.42675769],[-76.49195044,3.42677065],[-76.49195509,3.42677612],[-76.49195959,3.42678156],[-76.49196614,3.42678982],[-76.49196728,3.42679131],[-76.49198977,3.4268212],[-76.49199893,3.42683413],[-76.49200826,3.42684921],[-76.49201179,3.42685556],[-76.49201812,3.42686729],[-76.49202291,3.4268766],[-76.49202327,3.42687734],[-76.49202716,3.42687892],[-76.49204325,3.42688624],[-76.49205515,3.42689252],[-76.49206324,3.42689704],[-76.49206691,3.42689914],[-76.49206977,3.42690082],[-76.49207877,3.42690619],[-76.49209091,3.42691388],[-76.49210527,3.42692422],[-76.49211893,3.42693549],[-76.49212473,3.42694075],[-76.49216255,3.42697608],[-76.49216964,3.42698295],[-76.49218172,3.42699591],[-76.4921847,3.42699938],[-76.49219995,3.42701747],[-76.49220818,3.42702772],[-76.49221847,3.42704215],[-76.4922246,3.42705181],[-76.49223719,3.42707258],[-76.49224038,3.427078],[-76.49224871,3.42709366],[-76.49225023,3.4270968],[-76.49225838,3.42711397],[-76.49226416,3.427127],[-76.49227038,3.42714362],[-76.49227195,3.42714841],[-76.49228544,3.42719094],[-76.492289,3.42720314],[-76.49229301,3.42722043],[-76.49229489,3.42723101],[-76.49230114,3.42727079],[-76.49230214,3.42727772],[-76.49230387,3.42729539],[-76.49230445,3.42731314],[-76.49230445,3.42735837],[-76.49230407,3.42737273],[-76.49230139,3.42742339],[-76.49230119,3.42742675],[-76.49229946,3.42744442],[-76.49229658,3.42746194],[-76.49229452,3.42747144],[-76.49229452,3.42747777],[-76.49229394,3.4274955],[-76.49229221,3.42751316],[-76.49229107,3.427521],[-76.49228206,3.42757703],[-76.49228033,3.42758671],[-76.49227632,3.427604],[-76.49227119,3.42762098],[-76.49226763,3.42763089],[-76.49226313,3.42764268],[-76.49226046,3.4276494],[-76.49225317,3.42766557],[-76.49225251,3.4276669],[-76.49224984,3.42767227],[-76.49224217,3.4276866],[-76.49223284,3.42770167],[-76.49222255,3.4277161],[-76.49222157,3.42771738],[-76.49222082,3.42771891],[-76.49221856,3.42772341],[-76.49220415,3.42775145],[-76.49219808,3.42776261],[-76.49218875,3.42777769],[-76.49217846,3.42779212],[-76.49217287,3.42779919],[-76.49216479,3.42780908],[-76.49216467,3.42780923],[-76.49215651,3.42781919],[-76.49215101,3.42782569],[-76.49214885,3.42782813],[-76.49214316,3.42783856],[-76.49213383,3.42785363],[-76.49212354,3.42786806],[-76.49211234,3.42788179],[-76.49210262,3.42789234],[-76.49202493,3.42798214],[-76.49202416,3.42798302],[-76.49201208,3.42799598],[-76.49199919,3.42800811],[-76.49199268,3.42801367],[-76.49198277,3.42802186],[-76.49197562,3.42802757],[-76.49197011,3.42803171],[-76.49195963,3.42804542],[-76.4919485,3.42805903],[-76.49193643,3.42807199],[-76.49193271,3.42807565],[-76.49191033,3.42809729],[-76.49189953,3.42810814],[-76.4918935,3.42811763],[-76.49188776,3.42812593],[-76.49188592,3.42812849],[-76.49187724,3.42814243],[-76.49187283,3.42814928],[-76.49186673,3.42815807],[-76.49172347,3.42835612],[-76.4917239,3.42836932],[-76.49172332,3.42838706],[-76.49172308,3.4283904],[-76.49172217,3.4284022],[-76.49172067,3.42841653],[-76.49171868,3.42842935],[-76.49172262,3.42843376],[-76.49172856,3.42844082],[-76.49174473,3.42846067],[-76.49174999,3.42846734],[-76.49176028,3.42848177],[-76.49176891,3.42849564],[-76.49177524,3.42850652],[-76.49177593,3.42850771],[-76.49177594,3.42850773],[-76.49178427,3.42852339],[-76.49179156,3.42853956],[-76.49179778,3.42855618],[-76.49180192,3.4285699],[-76.49186822,3.42866854],[-76.49188103,3.42867777],[-76.49188179,3.42867838],[-76.49189056,3.42865675],[-76.49189114,3.42865533],[-76.49189843,3.42863916],[-76.49190468,3.4286272],[-76.49190918,3.42861908],[-76.49191126,3.42861538],[-76.49191638,3.42860684],[-76.49192088,3.42859963],[-76.49192509,3.4285931],[-76.49193538,3.42857867],[-76.49194209,3.42857024],[-76.49194256,3.42856963],[-76.49195376,3.4285559],[-76.49196584,3.42854295],[-76.4919722,3.42853676],[-76.49198661,3.4285232],[-76.49199315,3.42851725],[-76.49200681,3.42850598],[-76.49200786,3.42850517],[-76.49207895,3.42845092],[-76.49209225,3.42844139],[-76.49210503,3.42843332],[-76.49214446,3.42840994],[-76.49219422,3.42836702],[-76.49220572,3.42835764],[-76.49222008,3.4283473],[-76.49222416,3.42834461],[-76.49226191,3.42832024],[-76.49227284,3.42831355],[-76.49227789,3.42831069],[-76.49229493,3.42830129],[-76.49234855,3.4282649],[-76.49234966,3.42826415],[-76.49236466,3.42825478],[-76.49238024,3.42824641],[-76.49238419,3.42824449],[-76.49240127,3.42823637],[-76.49241342,3.42823096],[-76.49241964,3.42822846],[-76.49243131,3.42822394],[-76.49244163,3.42822019],[-76.49245349,3.42821644],[-76.49246614,3.42821277],[-76.49247119,3.42821136],[-76.49248839,3.42820733],[-76.49250412,3.42820467],[-76.49256261,3.42819655],[-76.49256432,3.42819632],[-76.49258003,3.42819471],[-76.49258271,3.42819451],[-76.49258857,3.42819365],[-76.49265953,3.42817489],[-76.49267555,3.42817117],[-76.49269298,3.42816828],[-76.49269974,3.42816748],[-76.49272491,3.42816479],[-76.49273573,3.42816386],[-76.49275339,3.42816328],[-76.49275343,3.42816328],[-76.49276067,3.42816328],[-76.49277829,3.42816386],[-76.49279587,3.4281656],[-76.49279945,3.4281661],[-76.49281204,3.42816794],[-76.49282589,3.42817033],[-76.49282653,3.42817046],[-76.49291388,3.42818815],[-76.4929177,3.42818464],[-76.49292186,3.4281809],[-76.49293551,3.42816963],[-76.49294987,3.42815929],[-76.49295463,3.42815617],[-76.49296454,3.42814982],[-76.49297479,3.42814356],[-76.49298283,3.42813908],[-76.49299457,3.42813279],[-76.49300211,3.42812891],[-76.4930182,3.42812158],[-76.49303474,3.42811533],[-76.49304582,3.42811181],[-76.49304823,3.42811111],[-76.49304983,3.42811058],[-76.49306332,3.42810657],[-76.49308052,3.42810254],[-76.49309462,3.42810011],[-76.49310094,3.42809919],[-76.49310428,3.42809873],[-76.49312186,3.42809699],[-76.49313953,3.42809641],[-76.49315304,3.42809641],[-76.49317067,3.42809699],[-76.49318826,3.42809873],[-76.49320569,3.42810163],[-76.49322289,3.42810566],[-76.49322606,3.42810653],[-76.49322886,3.42810732],[-76.49323261,3.42810828],[-76.49323639,3.42810926],[-76.4932533,3.42811442],[-76.49326983,3.42812067],[-76.49328592,3.428128],[-76.49328728,3.42812868],[-76.49329445,3.42813228],[-76.49330867,3.42813997],[-76.49332275,3.42814873],[-76.49332816,3.42815233],[-76.49332909,3.42815295],[-76.49334345,3.42816329],[-76.49335594,3.42817354],[-76.49338919,3.42820251],[-76.49339036,3.42820353],[-76.49340325,3.42821566],[-76.49341379,3.42822688],[-76.49344353,3.42826037],[-76.49344506,3.42826211],[-76.49345627,3.42827584],[-76.49346627,3.42828984],[-76.49346986,3.42829521],[-76.49347014,3.42829564],[-76.49347947,3.42831072],[-76.4934878,3.42832637],[-76.49349509,3.42834254],[-76.49350131,3.42835916],[-76.49350644,3.42837615],[-76.49350972,3.42838988],[-76.49351563,3.42839321],[-76.49353063,3.42840258],[-76.49354499,3.42841293],[-76.49354531,3.42841317],[-76.49358038,3.4284403],[-76.49359373,3.42845132],[-76.49360185,3.42845878],[-76.49362076,3.42847687],[-76.49362553,3.42848155],[-76.49362555,3.42848157],[-76.49363005,3.42848609],[-76.49364211,3.42849903],[-76.49365331,3.42851275],[-76.4936636,3.42852718],[-76.49366422,3.42852811],[-76.49366781,3.42853355],[-76.49367652,3.4285477],[-76.49368396,3.42856156],[-76.4936912,3.42857605],[-76.49369209,3.42857784],[-76.49369938,3.42859401],[-76.4937056,3.42861063],[-76.49371073,3.42862762],[-76.4937126,3.42863507],[-76.49371584,3.42864874],[-76.49371612,3.42864976],[-76.49371698,3.42865291],[-76.49372099,3.4286702],[-76.49372103,3.42867043],[-76.49372148,3.42867192],[-76.49372357,3.42868092],[-76.49372611,3.42868269],[-76.49374052,3.42868631],[-76.49374656,3.42868664],[-76.49376172,3.42868807],[-76.49377157,3.42868591],[-76.49378567,3.42868348],[-76.49379199,3.42868256],[-76.49379533,3.4286821],[-76.49381291,3.42868036],[-76.49383057,3.42867978],[-76.49384823,3.42868036],[-76.4938534,3.42868075],[-76.4938849,3.42868344],[-76.4938973,3.42868479],[-76.49391473,3.42868768],[-76.49393194,3.42869171],[-76.49394885,3.42869687],[-76.49396538,3.42870312],[-76.49397275,3.42870632],[-76.49398643,3.42870896],[-76.49400026,3.42871159],[-76.49401554,3.42871085],[-76.49401761,3.42871076],[-76.4940401,3.42870984],[-76.49405104,3.42870962],[-76.49405745,3.42870969],[-76.49409611,3.42871062],[-76.49410737,3.42871112],[-76.49412495,3.42871286],[-76.49414238,3.42871575],[-76.49415959,3.42871979],[-76.49417649,3.42872494],[-76.49418156,3.42872672],[-76.49418424,3.4287277],[-76.49418886,3.42872827],[-76.49420629,3.42873116],[-76.49422349,3.42873519],[-76.4942404,3.42874035],[-76.49425693,3.4287466],[-76.49427303,3.42875393],[-76.49428861,3.4287623],[-76.49430361,3.42877167],[-76.49431797,3.42878202],[-76.49433163,3.42879328],[-76.49434452,3.42880542],[-76.4943566,3.42881837],[-76.4943678,3.4288321],[-76.49437809,3.42884653],[-76.49438742,3.4288616],[-76.49439575,3.42887726],[-76.49440304,3.42889343],[-76.49440926,3.42891005],[-76.49441439,3.42892704],[-76.4944184,3.42894433],[-76.49442128,3.42896184],[-76.49442301,3.42897951],[-76.49442359,3.42899726],[-76.49442301,3.429015],[-76.49442128,3.42903267],[-76.4944184,3.42905018],[-76.49441439,3.42906747],[-76.49441437,3.42906755],[-76.4944112,3.42907849],[-76.4944067,3.42909291],[-76.49440476,3.42909888],[-76.49439853,3.42911549],[-76.49439124,3.42913166],[-76.49438291,3.42914732],[-76.49437358,3.42916239],[-76.49436329,3.42917683],[-76.49435406,3.42918826],[-76.49434874,3.42919797],[-76.49434,3.42921216],[-76.49433641,3.4292176],[-76.49433582,3.42921849],[-76.49432553,3.42923292],[-76.49432087,3.42923885],[-76.49431721,3.42924338],[-76.49431067,3.42925116],[-76.49429859,3.42926412],[-76.4942857,3.42927626],[-76.49428156,3.42927983],[-76.49427622,3.42928435],[-76.4942667,3.42929204],[-76.49425234,3.42930238],[-76.49423733,3.42931175],[-76.49423478,3.42931322],[-76.49422546,3.42931912],[-76.49422084,3.4293223],[-76.49420583,3.42933167],[-76.49420421,3.42933261],[-76.49419355,3.4293387],[-76.49419196,3.42933993],[-76.49417759,3.42935027],[-76.49416259,3.42935965],[-76.49414701,3.42936802],[-76.49413092,3.42937534],[-76.49412522,3.42937764],[-76.49412056,3.42937946],[-76.49410112,3.42939499],[-76.49409685,3.42939841],[-76.49409296,3.42940146],[-76.4940786,3.4294118],[-76.4940636,3.42942118],[-76.49404933,3.42942889],[-76.49403316,3.42943701],[-76.49403184,3.42943767],[-76.49402055,3.42944294],[-76.49397896,3.42946121],[-76.49380218,3.42956796],[-76.49379811,3.42957037],[-76.49378252,3.42957873],[-76.49377671,3.42958153],[-76.49376504,3.42958697],[-76.49375476,3.4295915],[-76.49374232,3.42959632],[-76.49372973,3.42960084],[-76.49372564,3.42960227],[-76.49370874,3.42960743],[-76.49369873,3.42960992],[-76.49368698,3.4296126],[-76.49367979,3.42961414],[-76.49366512,3.42961665],[-76.49363355,3.42962116],[-76.4935891,3.42963708],[-76.49358524,3.42963843],[-76.49356833,3.42964359],[-76.49355832,3.42964608],[-76.49354658,3.42964876],[-76.49353938,3.4296503],[-76.49352195,3.42965319],[-76.49351349,3.42965417],[-76.49350082,3.42966458],[-76.49350069,3.42966468],[-76.49348895,3.42967372],[-76.49347514,3.42968367],[-76.4934698,3.42968728],[-76.49346937,3.42968757],[-76.49345437,3.42969694],[-76.49343883,3.42970529],[-76.4934347,3.42970733],[-76.49343053,3.42970945],[-76.49342796,3.42971075],[-76.49341187,3.42971807],[-76.49339533,3.42972433],[-76.49337842,3.42972948],[-76.49336122,3.42973351],[-76.49334421,3.42973635],[-76.49333789,3.42973719],[-76.49333746,3.42973725],[-76.49331988,3.42973899],[-76.49330222,3.42973957],[-76.49330219,3.42973957],[-76.49329502,3.42973957],[-76.49329065,3.42973953],[-76.49327684,3.42974689],[-76.49327142,3.42974957],[-76.49327138,3.42974959],[-76.49325529,3.42975692],[-76.49323875,3.42976317],[-76.4932269,3.42976691],[-76.49322057,3.42976875],[-76.49321552,3.42977016],[-76.49319832,3.42977419],[-76.4931817,3.42977697],[-76.49317545,3.42977782],[-76.49317463,3.42977793],[-76.49315705,3.42977967],[-76.49313939,3.42978025],[-76.49312173,3.42977967],[-76.49310415,3.42977793],[-76.49310369,3.42977786],[-76.49309736,3.42977702],[-76.4930893,3.42977581],[-76.49308687,3.42977665],[-76.49308239,3.42977973],[-76.4930686,3.4297884],[-76.49305777,3.42979475],[-76.49305656,3.42979546],[-76.49304098,3.42980383],[-76.49302489,3.42981115],[-76.49301439,3.42981527],[-76.49297889,3.42983125],[-76.49295056,3.42984714],[-76.4929384,3.42985356],[-76.49293358,3.42985588],[-76.4928625,3.42988937],[-76.49285123,3.42989436],[-76.49283469,3.42990062],[-76.49283194,3.42990154],[-76.49282544,3.42990368],[-76.49282178,3.42990493],[-76.49282119,3.42990514],[-76.49280429,3.42991029],[-76.49278708,3.42991432],[-76.49276965,3.42991721],[-76.49276218,3.42991809],[-76.49275402,3.42991894],[-76.49274398,3.42991979],[-76.49274391,3.4299198],[-76.49272626,3.42992038],[-76.49272622,3.42992038],[-76.49271996,3.42992038],[-76.49270234,3.4299198],[-76.49269196,3.42991891],[-76.49268388,3.42991806],[-76.49267668,3.42991721],[-76.49265925,3.42991432],[-76.49264204,3.42991028],[-76.49262513,3.42990513],[-76.4926086,3.42989888],[-76.49259251,3.42989155],[-76.49257693,3.42988318],[-76.49256193,3.4298738],[-76.49254757,3.42986346],[-76.4925364,3.42985436],[-76.49253007,3.42984892],[-76.49252758,3.42984676],[-76.49251469,3.42983462],[-76.49250261,3.42982166],[-76.4924914,3.42980794],[-76.49248507,3.4297993],[-76.49248174,3.42979455],[-76.49248082,3.4297948],[-76.49246488,3.42979849],[-76.49245094,3.4298009],[-76.49239518,3.42980902],[-76.4923917,3.4298095],[-76.49237411,3.42981124],[-76.49235645,3.42981182],[-76.49227313,3.42981181],[-76.49222654,3.42981726],[-76.49221297,3.4298185],[-76.49219531,3.42981908],[-76.49218224,3.42981876],[-76.49214449,3.42981692],[-76.4921399,3.42981666],[-76.49212232,3.42981492],[-76.49211448,3.42981376],[-76.4920479,3.42980295],[-76.49203831,3.42980121],[-76.492023,3.42979768],[-76.49199868,3.42979132],[-76.49199678,3.42979082],[-76.49197988,3.42978566],[-76.49196334,3.42977941],[-76.49196274,3.42977916],[-76.49194116,3.42977011],[-76.49192567,3.42976304],[-76.49191511,3.42975751],[-76.4918872,3.42974211],[-76.49188218,3.42973926],[-76.4918681,3.4297305],[-76.49178528,3.42967539],[-76.49178436,3.42967477],[-76.49177,3.42966443],[-76.49176623,3.42966147],[-76.49176213,3.42965819],[-76.4917361,3.42967692],[-76.49172887,3.42968195],[-76.49171387,3.42969132],[-76.4916996,3.42969904],[-76.49166543,3.4297162],[-76.49166412,3.42971686],[-76.49164803,3.42972418],[-76.49163949,3.42972757],[-76.49160349,3.42974113],[-76.49159549,3.429744],[-76.49158797,3.42974644],[-76.4915763,3.42975004],[-76.49156692,3.42975275],[-76.49154971,3.42975678],[-76.49153561,3.42975921],[-76.49152928,3.42976013],[-76.49152595,3.42976059],[-76.49151618,3.4297617],[-76.49147983,3.42976516],[-76.4914763,3.42976725],[-76.49147309,3.42976908],[-76.49146323,3.42977462],[-76.49145978,3.42977708],[-76.49145354,3.4297814],[-76.49143854,3.42979077],[-76.49142296,3.42979914],[-76.49140858,3.42980575],[-76.49140225,3.42980843],[-76.49140054,3.42980915],[-76.4913926,3.42981216],[-76.49139156,3.42981313],[-76.49137791,3.42982439],[-76.49136355,3.42983473],[-76.49134854,3.42984411],[-76.49133296,3.42985247],[-76.49131687,3.4298598],[-76.49131045,3.42986238],[-76.49126608,3.42987952],[-76.49123268,3.42989695],[-76.49122764,3.42989952],[-76.49121155,3.42990684],[-76.49120814,3.42990823],[-76.49119014,3.42991544],[-76.49117701,3.4299203],[-76.49116238,3.42992483],[-76.49113776,3.42993169],[-76.49111208,3.42994888],[-76.4910974,3.42995804],[-76.49108336,3.42996564],[-76.49107013,3.4299723],[-76.49104312,3.42999059],[-76.49104223,3.42999119],[-76.49102723,3.43000056],[-76.49101165,3.43000893],[-76.49099555,3.43001626],[-76.49098682,3.43001972],[-76.49096735,3.43004827],[-76.49095884,3.43006005],[-76.49095421,3.43006595],[-76.49094455,3.43007789],[-76.49093256,3.43011883],[-76.49092921,3.43012947],[-76.49092898,3.43013015],[-76.49082103,3.43044696],[-76.49081484,3.43051358],[-76.49081566,3.43066204],[-76.49081566,3.43066356],[-76.49081566,3.43066361],[-76.49081566,3.43066905],[-76.49081508,3.43068674],[-76.49081349,3.43070331],[-76.49081258,3.43071052],[-76.49081244,3.43071162],[-76.49080956,3.43072914],[-76.49080555,3.43074643],[-76.49080494,3.43074866],[-76.49080044,3.43076498],[-76.49079592,3.43077973],[-76.49079373,3.43078596],[-76.49077851,3.43082766],[-76.49077065,3.43088338],[-76.49076818,3.43089804],[-76.4907655,3.4309116],[-76.49076546,3.43091184],[-76.49076145,3.43092913],[-76.49076003,3.43093425],[-76.49069993,3.43114316],[-76.49069071,3.43122829],[-76.49068998,3.43123436],[-76.4906871,3.43125187],[-76.49068452,3.43126356],[-76.49068276,3.43127077],[-76.49068133,3.43127637],[-76.49067623,3.43129328],[-76.49067349,3.43130141],[-76.49067346,3.43130148],[-76.49066724,3.4313181],[-76.4906663,3.43132033],[-76.49066096,3.43133298],[-76.4906546,3.43134692],[-76.49064627,3.43136257],[-76.49064182,3.43137003],[-76.49063008,3.43138904],[-76.4906252,3.43139665],[-76.49061754,3.43140758],[-76.49059726,3.43143504],[-76.49059757,3.43143619],[-76.49059806,3.43143804],[-76.49061071,3.43148686],[-76.49061423,3.4315023],[-76.49061711,3.43151982],[-76.49061884,3.43153749],[-76.49061942,3.43155523],[-76.49061942,3.43155528],[-76.49061942,3.43156072],[-76.49061884,3.43157842],[-76.49061711,3.43159609],[-76.49061658,3.4315999],[-76.49061566,3.43160619],[-76.49061542,3.43160784],[-76.49061268,3.43162592],[-76.49061057,3.43163798],[-76.49060656,3.43165527],[-76.49060247,3.43166911],[-76.49057273,3.4317608],[-76.49057209,3.43176607],[-76.49057175,3.43176857],[-76.49057132,3.4317722],[-76.49057038,3.43178059],[-76.49056935,3.43178959],[-76.4905677,3.43180046],[-76.49056759,3.43180132],[-76.49056471,3.43181884],[-76.49056449,3.43181994],[-76.49056358,3.43182446],[-76.49056061,3.43183747],[-76.49055989,3.43184032],[-76.49055909,3.43184353],[-76.49055796,3.43184793],[-76.49055338,3.43186326],[-76.49054924,3.43187664],[-76.49054302,3.43189326],[-76.49054058,3.43189899],[-76.49053886,3.4319033],[-76.49053559,3.43191229],[-76.49053527,3.4319132],[-76.49053307,3.43192002],[-76.49052684,3.43193664],[-76.49051955,3.43195281],[-76.49051544,3.43196083],[-76.49045552,3.43207334],[-76.4904473,3.43208878],[-76.49043797,3.43210385],[-76.4904361,3.43210662],[-76.49040917,3.43214607],[-76.49040791,3.43214818],[-76.49040105,3.43215903],[-76.49039076,3.43217346],[-76.49038717,3.43217806],[-76.49038307,3.4321832],[-76.49038021,3.43218934],[-76.49037462,3.43220149],[-76.49036667,3.43221648],[-76.49036088,3.4322271],[-76.49035921,3.43222997],[-76.49035654,3.43223449],[-76.49035492,3.43223719],[-76.49035299,3.43224038],[-76.49035112,3.43224354],[-76.49034952,3.43224622],[-76.49034677,3.43225074],[-76.49034072,3.43226027],[-76.49033043,3.4322747],[-76.49031922,3.43228842],[-76.49031316,3.43229513],[-76.49030664,3.4323029],[-76.49029456,3.43231586],[-76.49029323,3.43231718],[-76.49029188,3.43231855],[-76.49028555,3.43232492],[-76.49027266,3.43233704],[-76.49026449,3.43234396],[-76.49025997,3.43234775],[-76.49025767,3.43235352],[-76.49025559,3.43235843],[-76.49025499,3.43235988],[-76.49025053,3.43237011],[-76.49024412,3.43238418],[-76.49024068,3.43239093],[-76.4902387,3.43239506],[-76.49023037,3.43241071],[-76.49022604,3.432418],[-76.49022404,3.43242152],[-76.4902175,3.43243233],[-76.49021574,3.43243508],[-76.49021296,3.43243935],[-76.49021235,3.43244026],[-76.49020725,3.4324483],[-76.49020244,3.43245604],[-76.49020004,3.43246351],[-76.49019381,3.43248013],[-76.49018853,3.43249212],[-76.49018402,3.43250204],[-76.49018369,3.43250273],[-76.49017752,3.43251622],[-76.49017591,3.43251946],[-76.49017225,3.43252666],[-76.49016554,3.43253908],[-76.4901648,3.43254036],[-76.49016195,3.43254544],[-76.49016058,3.4325478],[-76.49015837,3.43255173],[-76.49015157,3.43256292],[-76.49014453,3.43257408],[-76.49014439,3.43257429],[-76.49014013,3.4325811],[-76.49013371,3.43259125],[-76.49012435,3.43260444],[-76.49012074,3.43260928],[-76.49010953,3.432623],[-76.49010327,3.43262993],[-76.49010145,3.43263205],[-76.49009856,3.4326353],[-76.49009512,3.43263932],[-76.49008304,3.43265228],[-76.49007946,3.43265588],[-76.49007763,3.4326577],[-76.49007587,3.43265949],[-76.49006932,3.43266585],[-76.49006783,3.43266742],[-76.49006607,3.43266926],[-76.49006237,3.43267305],[-76.49006054,3.43267489],[-76.49005826,3.43267715],[-76.49005604,3.43267941],[-76.49004598,3.43268901],[-76.49004083,3.43269455],[-76.49003907,3.43269639],[-76.49003537,3.43270018],[-76.49002248,3.43271231],[-76.49002152,3.43271315],[-76.49001073,3.43272319],[-76.49000288,3.43272985],[-76.48999663,3.43273635],[-76.48998486,3.43274748],[-76.48998219,3.43275309],[-76.48998151,3.43275446],[-76.48997957,3.43275836],[-76.48997722,3.43276384],[-76.48997136,3.43277662],[-76.4899641,3.4327904],[-76.48996051,3.43279676],[-76.48995944,3.43279863],[-76.48995011,3.43281371],[-76.48994481,3.4328214],[-76.48994031,3.43282768],[-76.48993532,3.43283443],[-76.48992411,3.43284815],[-76.48991203,3.43286112],[-76.48990719,3.43286597],[-76.48990143,3.43287183],[-76.48990036,3.43287291],[-76.48988747,3.43288504],[-76.48987381,3.4328963],[-76.48985945,3.43290665],[-76.48985643,3.43290976],[-76.48985461,3.43291357],[-76.48985285,3.43291717],[-76.4898526,3.4329177],[-76.48985193,3.43291905],[-76.4898509,3.43292112],[-76.48984957,3.4329241],[-76.48984535,3.4329331],[-76.48983702,3.43294876],[-76.48982844,3.4329627],[-76.4898231,3.43297082],[-76.48982235,3.43297196],[-76.48981206,3.43298639],[-76.48980492,3.43299533],[-76.48979592,3.43300614],[-76.48979185,3.43301092],[-76.48977977,3.43302388],[-76.48976688,3.43303601],[-76.4897661,3.4330367],[-76.48976534,3.43303746],[-76.48975246,3.43304957],[-76.48973881,3.43306084],[-76.48973609,3.4330629],[-76.48972885,3.43306834],[-76.48972483,3.4330713],[-76.48972058,3.43307437],[-76.48971773,3.43307651],[-76.48971199,3.43308103],[-76.48970998,3.43308259],[-76.48969769,3.43309153],[-76.48969595,3.43309367],[-76.48969415,3.43309607],[-76.4896937,3.43309667],[-76.48969096,3.43310055],[-76.48968514,3.43310846],[-76.48967393,3.43312218],[-76.48966186,3.43313514],[-76.48965983,3.43313715],[-76.48965952,3.43313751],[-76.48965927,3.4331378],[-76.48965811,3.43313913],[-76.48965369,3.43315351],[-76.48964746,3.43317012],[-76.48964659,3.43317221],[-76.48964652,3.43317244],[-76.48964416,3.43317913],[-76.4896405,3.4331891],[-76.48963663,3.43319902],[-76.48963304,3.43320733],[-76.48962854,3.43321729],[-76.48962484,3.43322515],[-76.48962479,3.43322525],[-76.48961945,3.43323613],[-76.48961117,3.43325169],[-76.48960871,3.43325588],[-76.48960125,3.43326977],[-76.48959192,3.43328485],[-76.48959177,3.43328507],[-76.48958636,3.4332932],[-76.48958581,3.43329402],[-76.48958149,3.43330191],[-76.48957875,3.43330679],[-76.48956987,3.43332119],[-76.48956445,3.43332939],[-76.48956401,3.43333006],[-76.48955372,3.43334449],[-76.48954251,3.43335822],[-76.48953043,3.43337117],[-76.48951754,3.43338331],[-76.48951016,3.43338958],[-76.48950024,3.4333977],[-76.48949397,3.43340269],[-76.48948929,3.43340622],[-76.48948388,3.43341803],[-76.48948316,3.43341966],[-76.48947816,3.43343045],[-76.48946983,3.4334461],[-76.48946471,3.43345464],[-76.48946155,3.43345971],[-76.48945743,3.43346659],[-76.48945059,3.43347743],[-76.4894403,3.43349186],[-76.48943903,3.43349351],[-76.48943892,3.43349368],[-76.48943447,3.43350016],[-76.48943411,3.43350074],[-76.48942991,3.43350724],[-76.4894235,3.43351646],[-76.48942145,3.4335199],[-76.48941459,3.43353077],[-76.48941443,3.43353099],[-76.48941398,3.43353168],[-76.48941218,3.43353481],[-76.48940599,3.43354503],[-76.48939967,3.43355499],[-76.48939658,3.43355973],[-76.48939401,3.43356353],[-76.48938593,3.43357525],[-76.48937821,3.43358589],[-76.48937322,3.43359222],[-76.48936879,3.43359768],[-76.48936416,3.43360391],[-76.48936203,3.43360673],[-76.48935572,3.43361469],[-76.48934756,3.43362458],[-76.48934267,3.43363034],[-76.48933059,3.43364331],[-76.4893187,3.43365524],[-76.48931726,3.4336569],[-76.48931694,3.43365726],[-76.48931061,3.43366447],[-76.48930033,3.43367553],[-76.48929876,3.43367713],[-76.48929461,3.43368257],[-76.48929453,3.43368267],[-76.48928332,3.4336964],[-76.48928277,3.43369703],[-76.48927644,3.43370424],[-76.48926491,3.43371657],[-76.48925722,3.4337243],[-76.48924956,3.43373206],[-76.48924875,3.43373288],[-76.48923585,3.43374501],[-76.48922607,3.43375323],[-76.48922219,3.43375634],[-76.48922049,3.43375784],[-76.48921298,3.43376468],[-76.4892097,3.43376762],[-76.48919604,3.43377888],[-76.48919064,3.43378294],[-76.48918208,3.43378921],[-76.48917254,3.43379636],[-76.48916109,3.4338045],[-76.48915026,3.43381177],[-76.48915018,3.43381183],[-76.489138,3.43381954],[-76.48913761,3.43381977],[-76.48913415,3.4338222],[-76.48912951,3.43382539],[-76.4891145,3.43383477],[-76.48910707,3.43383892],[-76.48909869,3.43384344],[-76.48909453,3.43384583],[-76.48908698,3.4338564],[-76.48908156,3.4338636],[-76.48908029,3.43386528],[-76.48906908,3.43387901],[-76.489057,3.43389197],[-76.48904756,3.433901],[-76.48903765,3.43391005],[-76.4890342,3.43391314],[-76.48902054,3.43392441],[-76.48901377,3.43392946],[-76.4890126,3.43393031],[-76.48901171,3.43393138],[-76.48900868,3.4339358],[-76.48900236,3.43394484],[-76.48899698,3.43395226],[-76.48899617,3.43395333],[-76.48899501,3.43395507],[-76.48899405,3.4339565],[-76.48898708,3.43396756],[-76.48898676,3.43396803],[-76.48898318,3.4339734],[-76.48897524,3.43398465],[-76.48897401,3.4339863],[-76.4889725,3.43398857],[-76.48896237,3.43400276],[-76.48895116,3.43401648],[-76.48893908,3.43402945],[-76.48893236,3.4340362],[-76.48892566,3.434043],[-76.48892474,3.43404392],[-76.48891426,3.43405391],[-76.48889673,3.43406973],[-76.48888738,3.43407826],[-76.48888634,3.4340792],[-76.48887734,3.43408732],[-76.48887493,3.43408947],[-76.48887108,3.43409281],[-76.48886841,3.43409507],[-76.48885693,3.43410579],[-76.48885148,3.43411047],[-76.48885012,3.43411161],[-76.48883904,3.43412195],[-76.4888383,3.43412306],[-76.48883623,3.43412641],[-76.4888314,3.43413393],[-76.48882238,3.43414668],[-76.4888193,3.43415079],[-76.48881703,3.43415399],[-76.48881618,3.43415518],[-76.48881168,3.43416147],[-76.48880873,3.43416551],[-76.48880331,3.43417279],[-76.48880128,3.43417549],[-76.48879007,3.43418921],[-76.48877799,3.43420218],[-76.48877257,3.43420762],[-76.48876383,3.43421601],[-76.4887555,3.43422477],[-76.4887426,3.43423691],[-76.48873483,3.4342435],[-76.48872819,3.43424955],[-76.48871842,3.43425776],[-76.48871575,3.43425989],[-76.48871473,3.4342617],[-76.4887054,3.43427677],[-76.48870092,3.4342833],[-76.48869642,3.43428965],[-76.48869061,3.43429756],[-76.4886794,3.43431128],[-76.48866732,3.43432424],[-76.48866623,3.43432534],[-76.4886599,3.43433162],[-76.48864871,3.43434213],[-76.48864153,3.43434848],[-76.48864093,3.43434902],[-76.4886293,3.43435871],[-76.48862121,3.43436506],[-76.48861918,3.43436664],[-76.48860482,3.43437698],[-76.48858982,3.43438636],[-76.4885829,3.43439024],[-76.48857299,3.4343956],[-76.48856432,3.43440009],[-76.48854853,3.4344073],[-76.4885377,3.43441182],[-76.48853741,3.43441194],[-76.48853118,3.43441444],[-76.48851951,3.43441896],[-76.4885092,3.43442271],[-76.48850778,3.4344232],[-76.4885069,3.43442349],[-76.48850351,3.43442594],[-76.48849595,3.4344312],[-76.4884912,3.43443477],[-76.48848864,3.43443667],[-76.4884788,3.43444387],[-76.4884751,3.43444653],[-76.48847131,3.43444921],[-76.48846817,3.43445166],[-76.48846703,3.43445254],[-76.48845267,3.43446288],[-76.48845152,3.43446365],[-76.48844787,3.43446607],[-76.48844592,3.43446748],[-76.4884448,3.43446829],[-76.48843847,3.43447281],[-76.488432,3.43447729],[-76.48842115,3.4344842],[-76.48841215,3.43448964],[-76.488408,3.4344921],[-76.48839242,3.43450047],[-76.48837632,3.4345078],[-76.48835979,3.43451405],[-76.48835295,3.43451628],[-76.48834391,3.43451982],[-76.488334,3.43452349],[-76.48832738,3.43452585],[-76.48832545,3.43452649],[-76.48831785,3.43453346],[-76.4883124,3.43453813],[-76.48830699,3.43454265],[-76.48829878,3.43454924],[-76.48829085,3.43455513],[-76.48828452,3.43455965],[-76.48827809,3.4345641],[-76.48826309,3.43457348],[-76.48825937,3.4345756],[-76.48824319,3.43458464],[-76.48823133,3.43459089],[-76.48821524,3.43459821],[-76.48820374,3.43460269],[-76.48819461,3.43460601],[-76.48818549,3.43460939],[-76.4881803,3.43461126],[-76.48817929,3.43461193],[-76.48817909,3.43461207],[-76.4881669,3.43461979],[-76.4881579,3.43462516],[-76.48815509,3.43462681],[-76.48815139,3.43462891],[-76.48814331,3.43463344],[-76.48813142,3.4346397],[-76.48812323,3.43464359],[-76.48811515,3.43464726],[-76.48811364,3.43464794],[-76.48811047,3.43465083],[-76.4881072,3.43465376],[-76.48809354,3.43466502],[-76.48807918,3.43467536],[-76.4880751,3.43467805],[-76.48806251,3.43468617],[-76.48805159,3.43469286],[-76.48803601,3.43470123],[-76.48802351,3.43470702],[-76.48801854,3.43470957],[-76.48801534,3.43471119],[-76.48799925,3.43471851],[-76.48798936,3.4347224],[-76.48798211,3.43472508],[-76.48797547,3.43472745],[-76.4879734,3.43472814],[-76.48796628,3.43473051],[-76.48796299,3.43473163],[-76.48795958,3.43473291],[-76.48795213,3.43473557],[-76.48793855,3.4347398],[-76.4879382,3.43473993],[-76.4879239,3.43474883],[-76.48791758,3.4347525],[-76.48791751,3.43475254],[-76.48790325,3.43476025],[-76.48789608,3.43476386],[-76.48789476,3.43476451],[-76.48787867,3.43477184],[-76.48786213,3.43477809],[-76.4878614,3.43477834],[-76.48785865,3.43478085],[-76.48785521,3.43478394],[-76.48785107,3.43478751],[-76.48784573,3.43479203],[-76.4878362,3.43479972],[-76.4878283,3.43480559],[-76.48781564,3.43481464],[-76.48780961,3.43481882],[-76.48780427,3.43482242],[-76.48780384,3.43482271],[-76.48778884,3.43483208],[-76.48778694,3.43483317],[-76.48777429,3.43484038],[-76.48776061,3.43484766],[-76.48774451,3.43485498],[-76.4877383,3.43485748],[-76.48771496,3.43486652],[-76.48770464,3.43487028],[-76.48769811,3.43487241],[-76.48768637,3.43487608],[-76.48767599,3.4348791],[-76.48766214,3.43488244],[-76.48765885,3.43488314],[-76.48765394,3.43488453],[-76.48765082,3.43488539],[-76.48763361,3.43488942],[-76.48761715,3.43489218],[-76.48760553,3.43489376],[-76.48759678,3.43489507],[-76.48759008,3.43489856],[-76.48758609,3.43490057],[-76.48758567,3.43490083],[-76.48757865,3.43490506],[-76.48756652,3.43491253],[-76.48755226,3.43492024],[-76.48754144,3.43492568],[-76.48754012,3.43492634],[-76.48752736,3.43493225],[-76.4875219,3.43493461],[-76.48752168,3.43493472],[-76.48752036,3.43493538],[-76.48750427,3.43494271],[-76.48749438,3.43494659],[-76.48748181,3.43495227],[-76.48747561,3.43495597],[-76.48746003,3.43496434],[-76.48745006,3.43496903],[-76.48744197,3.43497263],[-76.48743585,3.43497527],[-76.48742677,3.43497886],[-76.4874196,3.43498154],[-76.48741215,3.43498421],[-76.48739524,3.43498936],[-76.48737804,3.43499339],[-76.48736754,3.43499527],[-76.48736353,3.4349978],[-76.48735503,3.43500294],[-76.48733945,3.43501131],[-76.48732946,3.43501601],[-76.48732137,3.43501961],[-76.48731527,3.43502224],[-76.48729874,3.43502849],[-76.48729864,3.43502853],[-76.48729055,3.43503128],[-76.48728071,3.43503442],[-76.48727171,3.43503711],[-76.48726475,3.43503909],[-76.48725388,3.43504177],[-76.48724573,3.4350436],[-76.48723939,3.43504495],[-76.48723415,3.43504594],[-76.48722515,3.43504756],[-76.48721591,3.43504927],[-76.48721469,3.43504949],[-76.48720751,3.43505413],[-76.48719663,3.43506079],[-76.4871889,3.4350651],[-76.48718165,3.435069],[-76.48717494,3.43507321],[-76.48716696,3.43507803],[-76.48716404,3.4350797],[-76.48714962,3.43508782],[-76.4871442,3.43509079],[-76.48713174,3.43509744],[-76.48712104,3.43510327],[-76.48711179,3.43510808],[-76.48710395,3.43511181],[-76.48709864,3.43511423],[-76.48709418,3.43511647],[-76.48709288,3.43511712],[-76.48707678,3.43512445],[-76.48707371,3.4351257],[-76.48706641,3.43512901],[-76.48706008,3.43513177],[-76.48705689,3.43513314],[-76.48704613,3.43513766],[-76.48704528,3.43513801],[-76.48702875,3.43514426],[-76.48702684,3.43514491],[-76.48701676,3.43514826],[-76.48701205,3.43514986],[-76.48699764,3.4351543],[-76.4869904,3.43516092],[-76.4869839,3.43516646],[-76.48697399,3.43517465],[-76.48696683,3.43518037],[-76.4869607,3.43518496],[-76.48695588,3.43518846],[-76.48695179,3.43519174],[-76.48694791,3.43519478],[-76.48693355,3.43520512],[-76.48691855,3.4352145],[-76.48691294,3.43521766],[-76.48690303,3.4352231],[-76.48689305,3.43522831],[-76.48688521,3.43523204],[-76.4868753,3.43523656],[-76.48686705,3.43524015],[-76.48685051,3.43524641],[-76.48684907,3.43524689],[-76.48684236,3.43524914],[-76.48683908,3.43525035],[-76.48683533,3.43525305],[-76.48683296,3.43525473],[-76.4868303,3.43525685],[-76.48682642,3.43525991],[-76.48681732,3.43526662],[-76.48681138,3.43527082],[-76.48680931,3.43527237],[-76.48680322,3.43527712],[-76.48680209,3.43527799],[-76.48678773,3.43528834],[-76.4867837,3.43529098],[-76.48677693,3.43529536],[-76.486776,3.43529608],[-76.48676691,3.43530279],[-76.48676454,3.43530446],[-76.48676189,3.43530658],[-76.486758,3.43530964],[-76.48675188,3.43531423],[-76.48674284,3.43532079],[-76.48673387,3.43532743],[-76.48672388,3.43533446],[-76.48671798,3.43533831],[-76.48671309,3.43534142],[-76.48670624,3.4353462],[-76.48670223,3.43534894],[-76.48668798,3.43535788],[-76.48667722,3.43536417],[-76.48667399,3.43536606],[-76.48667276,3.43536689],[-76.48667256,3.43536703],[-76.4866714,3.4353678],[-76.48666331,3.43537317],[-76.48664952,3.43538174],[-76.48664319,3.43538541],[-76.48664314,3.43538544],[-76.48664237,3.43538589],[-76.48663611,3.43538949],[-76.4866213,3.43539742],[-76.48660521,3.43540474],[-76.48659532,3.43540863],[-76.48658808,3.43541132],[-76.48658143,3.43541368],[-76.48656453,3.43541883],[-76.48655417,3.4354214],[-76.48654609,3.43542324],[-76.48654389,3.43542373],[-76.4865358,3.43542549],[-76.48653115,3.43542646],[-76.48651372,3.43542935],[-76.48649614,3.4354311],[-76.48649523,3.43543115],[-76.48649465,3.43543149],[-76.48648727,3.43543562],[-76.48647377,3.43544289],[-76.48646557,3.43544714],[-76.48645366,3.43545268],[-76.48643924,3.43545897],[-76.48643506,3.43546075],[-76.48643221,3.43546192],[-76.48641871,3.43546736],[-76.48640503,3.43547244],[-76.48638812,3.4354776],[-76.48638753,3.43547775],[-76.48637403,3.43548135],[-76.4863622,3.43548423],[-76.48634962,3.43548698],[-76.48634483,3.43548798],[-76.4863274,3.43549087],[-76.486315,3.43549222],[-76.48630627,3.43549296],[-76.48629795,3.43549596],[-76.48628104,3.43550111],[-76.48626384,3.43550514],[-76.48624641,3.43550803],[-76.48623401,3.43550938],[-76.48622325,3.4355103],[-76.48621807,3.43551069],[-76.48620041,3.43551127],[-76.48619342,3.43551118],[-76.48618121,3.43551397],[-76.48617221,3.4355158],[-76.48617117,3.43551601],[-76.48615374,3.4355189],[-76.48615116,3.43551923],[-76.48613675,3.435521],[-76.48612174,3.43552241],[-76.48610408,3.43552299],[-76.48607974,3.43552298],[-76.4860621,3.4355224],[-76.48604943,3.43552126],[-76.48604863,3.43552117],[-76.48604612,3.43552229],[-76.48604,3.43552493],[-76.48602347,3.43553118],[-76.48600656,3.43553634],[-76.48600336,3.43553718],[-76.48599619,3.43553901],[-76.48599316,3.43553977],[-76.48598592,3.43554154],[-76.48597494,3.43554397],[-76.48595751,3.43554686],[-76.48593993,3.4355486],[-76.48593658,3.4355488],[-76.48593566,3.43554899],[-76.48593027,3.43555032],[-76.48591827,3.43555301],[-76.48590084,3.4355559],[-76.48589287,3.43555683],[-76.48588972,3.43555715],[-76.48588815,3.435558],[-76.4858806,3.43556188],[-76.48586451,3.43556921],[-76.48585209,3.43557402],[-76.48584591,3.43557624],[-76.48584137,3.43557814],[-76.4858411,3.43557825],[-76.48582456,3.4355845],[-76.48582314,3.43558498],[-76.48581983,3.43558609],[-76.48581518,3.43558822],[-76.48580693,3.43559181],[-76.48579039,3.43559806],[-76.48578307,3.43560045],[-76.48577002,3.43560629],[-76.48575348,3.43561254],[-76.48574537,3.43561517],[-76.4857394,3.435617],[-76.4857343,3.43561869],[-76.48571949,3.43562314],[-76.48570335,3.43562695],[-76.48569435,3.43562879],[-76.48569407,3.43562884],[-76.48568536,3.43563336],[-76.48567093,3.43563999],[-76.48566313,3.4356433],[-76.48564087,3.43565378],[-76.48562961,3.43565877],[-76.48561307,3.43566502],[-76.48561164,3.43566551],[-76.48560427,3.43566797],[-76.48560055,3.4356714],[-76.48559155,3.43567952],[-76.48558913,3.43568168],[-76.48557548,3.43569294],[-76.48556111,3.43570328],[-76.48556086,3.43570345],[-76.48554736,3.43571249],[-76.48553261,3.4357217],[-76.48551703,3.43573006],[-76.48550121,3.43573728],[-76.48549942,3.43573803],[-76.4854974,3.43573905],[-76.48549545,3.43574002],[-76.48547962,3.43574724],[-76.48546879,3.43575176],[-76.48546853,3.43575187],[-76.48545701,3.43575636],[-76.48544709,3.43575996],[-76.48544208,3.43576173],[-76.48542775,3.43576617],[-76.48542373,3.43576729],[-76.48542133,3.43576809],[-76.48541125,3.43577119],[-76.48539866,3.43577479],[-76.48539639,3.43577543],[-76.48538953,3.43577954],[-76.48537395,3.43578791],[-76.48536617,3.43579161],[-76.48535595,3.43579695],[-76.48533986,3.43580428],[-76.48532332,3.43581053],[-76.48531523,3.43581315],[-76.48530623,3.43581591],[-76.48529742,3.43581844],[-76.48528021,3.43582247],[-76.48527927,3.43582266],[-76.48527027,3.43582442],[-76.48525378,3.43582713],[-76.4852458,3.43582806],[-76.4852368,3.43582898],[-76.4852272,3.43582979],[-76.48520954,3.43583037],[-76.48519841,3.43583943],[-76.48518424,3.43584964],[-76.48517616,3.43585508],[-76.48517596,3.43585521],[-76.48517391,3.43585657],[-76.48516575,3.43586194],[-76.4851528,3.43586995],[-76.48513855,3.43587766],[-76.48513487,3.43587951],[-76.48513199,3.43588112],[-76.48512144,3.43588671],[-76.48511244,3.43589123],[-76.48511113,3.43589188],[-76.48509504,3.43589921],[-76.48509087,3.4359009],[-76.48508836,3.43590227],[-76.48508413,3.4359046],[-76.48507962,3.43590733],[-76.48507554,3.43590974],[-76.48506472,3.43591603],[-76.48506463,3.43591608],[-76.48504905,3.43592445],[-76.48503908,3.43592914],[-76.48503194,3.43593232],[-76.48502469,3.43593561],[-76.48501679,3.43593905],[-76.48500025,3.4359453],[-76.48499749,3.43594623],[-76.48498934,3.43594891],[-76.48497519,3.43595314],[-76.48497197,3.43595398],[-76.4849648,3.43595582],[-76.48495081,3.435959],[-76.48493338,3.4359619],[-76.48492967,3.43596236],[-76.4849225,3.43596321],[-76.48490863,3.43596448],[-76.48489096,3.43596506],[-76.4848513,3.43596506],[-76.48483749,3.4359647],[-76.48482178,3.43597259],[-76.48482048,3.43597324],[-76.48481265,3.43597696],[-76.48480734,3.43597939],[-76.48480286,3.43598163],[-76.48480156,3.43598228],[-76.48478547,3.43598961],[-76.48478376,3.43599032],[-76.48477476,3.43599399],[-76.48477469,3.43599402],[-76.48477457,3.43599408],[-76.48475847,3.43600141],[-76.48475507,3.4360028],[-76.48474046,3.43600864],[-76.48473372,3.43601156],[-76.48472622,3.43601497],[-76.48471797,3.43601857],[-76.48470816,3.43602243],[-76.48470348,3.43602481],[-76.48468773,3.43603199],[-76.48468719,3.43603243],[-76.48468093,3.43603741],[-76.48466657,3.43604775],[-76.48466564,3.43604837],[-76.48466198,3.4360508],[-76.48465866,3.43605333],[-76.48464746,3.43606195],[-76.48463324,3.43607219],[-76.48463304,3.43607233],[-76.48462693,3.43607718],[-76.48461257,3.43608752],[-76.48459756,3.43609689],[-76.4845833,3.43610461],[-76.48457282,3.43610987],[-76.48456235,3.43611516],[-76.4845604,3.43611614],[-76.48454457,3.43612336],[-76.4845406,3.43612501],[-76.48453157,3.4361297],[-76.48452161,3.43613439],[-76.48451352,3.43613799],[-76.48450739,3.43614063],[-76.48449749,3.43614453],[-76.48449178,3.43614664],[-76.48448606,3.43614884],[-76.48447644,3.43615232],[-76.48445954,3.43615748],[-76.48445393,3.43615892],[-76.48444774,3.43616045],[-76.48443792,3.43616294],[-76.48442433,3.43616603],[-76.4844069,3.43616892],[-76.48439893,3.43616985],[-76.48438993,3.43617077],[-76.48438783,3.43617098],[-76.48437883,3.43617182],[-76.48437137,3.43617242],[-76.48437132,3.43617242],[-76.48435367,3.436173],[-76.48433788,3.43617254],[-76.48432347,3.43617169],[-76.4843216,3.43617157],[-76.48430401,3.43616983],[-76.48428658,3.43616694],[-76.48426938,3.43616291],[-76.48425247,3.43615775],[-76.4842376,3.43615218],[-76.4842286,3.43614851],[-76.48422694,3.43614782],[-76.48421085,3.43614049],[-76.48419527,3.43613212],[-76.48419449,3.43613167],[-76.48418374,3.43612538],[-76.48416951,3.43611646],[-76.48415515,3.43610612],[-76.48414149,3.43609486],[-76.4841286,3.43608272],[-76.48412037,3.43607407],[-76.48411046,3.43606319],[-76.48410661,3.43605888],[-76.48410382,3.43605563],[-76.4840939,3.4360439],[-76.48408549,3.43603343],[-76.4840752,3.436019],[-76.48406587,3.43600392],[-76.48406352,3.43599974],[-76.48405452,3.43598341],[-76.48404855,3.43597194]],[[-76.48475599,3.43569558],[-76.48476225,3.43569014],[-76.48477216,3.43568294],[-76.48477934,3.43568202],[-76.48479199,3.43568294],[-76.48480008,3.43568386],[-76.48480908,3.43568471],[-76.48481716,3.43568655],[-76.48482616,3.43568923],[-76.48483516,3.43569107],[-76.48484324,3.43569291],[-76.48485133,3.43569376],[-76.48486574,3.43569376],[-76.48487748,3.43569376],[-76.48489098,3.43569376],[-76.48489815,3.43569291],[-76.48490532,3.43569108],[-76.48491348,3.4356884],[-76.48492157,3.43568472],[-76.48492965,3.43568112],[-76.48494048,3.43567483],[-76.48494948,3.43566939],[-76.48495932,3.43566395],[-76.48497106,3.4356576],[-76.48497824,3.43565399],[-76.48498456,3.43565131],[-76.48499174,3.43564856],[-76.48500073,3.43564404],[-76.48500882,3.43563951],[-76.48501782,3.43563499],[-76.48502598,3.43562962],[-76.48503406,3.43562419],[-76.48504306,3.43561606],[-76.48505382,3.43560787],[-76.48506465,3.43559798],[-76.48507632,3.43558894],[-76.48508898,3.43557989],[-76.48510156,3.4355717],[-76.48511415,3.43556541],[-76.48512673,3.43556089],[-76.48513932,3.43555729],[-76.48515106,3.43555637],[-76.48516364,3.43555637],[-76.48517532,3.43555729],[-76.48518706,3.43555814],[-76.48519781,3.43555906],[-76.48520955,3.43555906],[-76.48521855,3.43555815],[-76.48522755,3.43555638],[-76.48523655,3.43555363],[-76.48524464,3.43554911],[-76.48525455,3.43554459],[-76.48526447,3.43553738],[-76.48527255,3.43553194],[-76.48528064,3.43552742],[-76.48528781,3.4355229],[-76.48529681,3.4355193],[-76.48530497,3.43551661],[-76.48531214,3.4355157],[-76.48532472,3.43551386],[-76.48533731,3.43551026],[-76.48534546,3.43550757],[-76.48535531,3.43550482],[-76.48536522,3.43550122],[-76.48537605,3.4354967],[-76.4853868,3.43549126],[-76.48539763,3.43548674],[-76.48541113,3.4354777],[-76.48542013,3.43546957],[-76.4854273,3.43546053],[-76.48543455,3.43545241],[-76.48543996,3.4354488],[-76.48544981,3.43543976],[-76.48545796,3.43543432],[-76.48546696,3.4354298],[-76.4854768,3.43542528],[-76.48548763,3.43542168],[-76.4854993,3.43541716],[-76.4855128,3.43541264],[-76.4855263,3.43540812],[-76.4855398,3.43540176],[-76.4855533,3.4353954],[-76.48556596,3.43539003],[-76.48557763,3.43538368],[-76.48559021,3.43537732],[-76.48560013,3.43537195],[-76.48561095,3.43536828],[-76.48561995,3.43536651],[-76.48563071,3.43536468],[-76.48564062,3.43536291],[-76.48564962,3.43536108],[-76.48565771,3.43535839],[-76.48566671,3.43535564],[-76.48567571,3.43535112],[-76.48568471,3.43534752],[-76.48569371,3.43534391],[-76.48570362,3.43534116],[-76.48571354,3.43533664],[-76.48572429,3.43533212],[-76.48573779,3.4353276],[-76.48574862,3.43532308],[-76.4857612,3.43531856],[-76.48577295,3.43531227],[-76.48578462,3.43530591],[-76.48579453,3.43530139],[-76.48580445,3.4352951],[-76.48581162,3.43529327],[-76.4858197,3.43529058],[-76.4858332,3.43528967],[-76.48583953,3.43528875],[-76.48584853,3.43528875],[-76.48585661,3.43528783],[-76.48586561,3.43528692],[-76.48587644,3.43528423],[-76.48588544,3.4352824],[-76.48589894,3.43527879],[-76.48590702,3.4352788],[-76.48591511,3.43527788],[-76.48592228,3.43527788],[-76.48592952,3.43527611],[-76.48593669,3.43527428],[-76.48594478,3.43527067],[-76.48595202,3.43526707],[-76.48595919,3.43526347],[-76.48596552,3.4352598],[-76.48597811,3.43525351],[-76.48598978,3.43524991],[-76.48599702,3.43524899],[-76.48600602,3.43524807],[-76.48601593,3.43524715],[-76.48602669,3.43524716],[-76.48603843,3.43524716],[-76.48605102,3.43524808],[-76.48606269,3.435249],[-76.48607169,3.43525076],[-76.48607977,3.43525168],[-76.48608793,3.43525168],[-76.48609601,3.43525169],[-76.4861041,3.43525169],[-76.48611851,3.43524992],[-76.48612751,3.43524809],[-76.48613651,3.4352454],[-76.48614459,3.43524357],[-76.48615451,3.43524088],[-76.48616259,3.43523813],[-76.48616618,3.43523813],[-76.48617792,3.43523905],[-76.48618692,3.43523905],[-76.48620042,3.43523997],[-76.48621118,3.43523905],[-76.48621926,3.43523545],[-76.48622917,3.43523185],[-76.48624092,3.43522817],[-76.48624809,3.43522641],[-76.48625526,3.43522457],[-76.48626341,3.43522365],[-76.48627241,3.43522366],[-76.48628141,3.43522281],[-76.48629217,3.43522189],[-76.48630476,3.43521914],[-76.48631825,3.43521554],[-76.48633175,3.4352101],[-76.48634617,3.43520381],[-76.48635967,3.43519654],[-76.48637141,3.43518841],[-76.48638217,3.43518121],[-76.48639299,3.43517485],[-76.48640199,3.43517033],[-76.48641099,3.43516673],[-76.48641999,3.43516312],[-76.48642716,3.43516129],[-76.48643441,3.43516129],[-76.48644249,3.43516129],[-76.48645149,3.43516129],[-76.4864614,3.43516129],[-76.4864704,3.43516037],[-76.48647849,3.43516037],[-76.48648657,3.43515861],[-76.48649466,3.43515677],[-76.4865019,3.43515409],[-76.48650816,3.43515049],[-76.48651449,3.43514681],[-76.48652257,3.43514144],[-76.48653066,3.43513601],[-76.48654149,3.43512965],[-76.48655224,3.43512336],[-76.48656399,3.43511517],[-76.4865739,3.43510888],[-76.48658374,3.4351016],[-76.48659366,3.4350944],[-76.48660266,3.43508719],[-76.48661166,3.43508084],[-76.48661974,3.43507448],[-76.4866279,3.43506911],[-76.48663774,3.43506275],[-76.4866459,3.43505639],[-76.48665307,3.43505102],[-76.48666207,3.43504467],[-76.48667107,3.43503746],[-76.48668007,3.4350311],[-76.48668907,3.4350239],[-76.48669898,3.43501662],[-76.48670974,3.43501118],[-76.48672057,3.43500581],[-76.4867314,3.43500129],[-76.48674307,3.43499677],[-76.48675298,3.4349931],[-76.48676374,3.4349895],[-76.48677365,3.43498498],[-76.48678357,3.43497954],[-76.48679257,3.43497233],[-76.48680248,3.43496513],[-76.4868124,3.43495693],[-76.48682224,3.43494704],[-76.48683215,3.43493616],[-76.48684207,3.43492444],[-76.48685107,3.43491448],[-76.48686007,3.43490635],[-76.48686816,3.4349],[-76.4868754,3.43489547],[-76.4868889,3.43489364],[-76.48690239,3.43489364],[-76.48691498,3.43489364],[-76.48692574,3.43489279],[-76.48693115,3.43489096],[-76.48694198,3.43488736],[-76.48695274,3.43488284],[-76.48695906,3.43488008],[-76.48696539,3.43487648],[-76.48697348,3.43487379],[-76.48698248,3.43486927],[-76.48699239,3.43486475],[-76.48700406,3.4348584],[-76.48701756,3.43485119],[-76.48703198,3.43484307],[-76.48704639,3.43483403],[-76.48706165,3.43482583],[-76.48707697,3.43481594],[-76.48709047,3.43480775],[-76.48710397,3.43479962],[-76.48711656,3.43479419],[-76.48713006,3.43478967],[-76.48714264,3.43478606],[-76.48715706,3.43478338],[-76.48716697,3.43478246],[-76.48717688,3.43478063],[-76.48718673,3.43477886],[-76.48719488,3.43477703],[-76.48720388,3.43477434],[-76.48721197,3.43477159],[-76.48722005,3.43476799],[-76.48722722,3.43476346],[-76.48723538,3.43475802],[-76.48724347,3.43475082],[-76.48725064,3.43474446],[-76.48725872,3.43473817],[-76.48726688,3.43473273],[-76.48727497,3.43473005],[-76.48728397,3.43472913],[-76.48729205,3.43472913],[-76.48730105,3.43472913],[-76.48730913,3.43472914],[-76.48731813,3.43472822],[-76.48732538,3.4347273],[-76.48733255,3.43472462],[-76.48734063,3.43472101],[-76.48734872,3.43471558],[-76.48735772,3.43471105],[-76.48736855,3.43470562],[-76.48737755,3.43470201],[-76.48738655,3.43469749],[-76.48739372,3.43469474],[-76.48740096,3.43469205],[-76.48740813,3.43468845],[-76.48742072,3.43468301],[-76.48743154,3.43467757],[-76.48743696,3.43467397],[-76.48744322,3.43467037],[-76.48745046,3.43466585],[-76.48745672,3.43466224],[-76.48746937,3.43465589],[-76.48747563,3.43465229],[-76.48748371,3.43464868],[-76.48749004,3.43464416],[-76.48749637,3.43464049],[-76.48750263,3.43463689],[-76.48750987,3.43463512],[-76.48751796,3.43463237],[-76.48753321,3.43462968],[-76.48754404,3.43462785],[-76.48755571,3.43462693],[-76.48756745,3.43462516],[-76.48758095,3.43462333],[-76.48758721,3.43462156],[-76.48759354,3.43461973],[-76.48760612,3.43461704],[-76.48761786,3.43461337],[-76.48762953,3.43460885],[-76.48764121,3.43460433],[-76.48764753,3.43460073],[-76.48765386,3.43459712],[-76.48765921,3.43459352],[-76.48766553,3.434589],[-76.48767186,3.43458448],[-76.48767721,3.43457996],[-76.48768712,3.43457092],[-76.48769612,3.43456187],[-76.48770512,3.43455283],[-76.48771412,3.43454556],[-76.48772221,3.43454019],[-76.48773036,3.43453567],[-76.48773936,3.43453291],[-76.48774836,3.43452931],[-76.4877582,3.43452571],[-76.4877672,3.43452295],[-76.48777536,3.43452119],[-76.48778253,3.43451758],[-76.48778886,3.43451391],[-76.4877942,3.43450939],[-76.4878032,3.4345031],[-76.48780862,3.43449858],[-76.48781494,3.43449583],[-76.48782212,3.43449223],[-76.48782936,3.43448954],[-76.4878392,3.43448594],[-76.48785094,3.43448319],[-76.48785811,3.4344805],[-76.48786536,3.43447867],[-76.48787253,3.43447598],[-76.48788061,3.43447323],[-76.4878887,3.43447054],[-76.48789594,3.43446786],[-76.48790311,3.43446419],[-76.48791035,3.43446058],[-76.48791661,3.4344579],[-76.4879292,3.43444978],[-76.4879382,3.43444158],[-76.48794544,3.43443346],[-76.48795261,3.43442625],[-76.48795894,3.43441989],[-76.4879652,3.43441445],[-76.48797244,3.43441085],[-76.4879787,3.43440817],[-76.48798685,3.43440541],[-76.48799494,3.43440273],[-76.48800394,3.43440004],[-76.48801202,3.43439637],[-76.48802011,3.43439185],[-76.48802911,3.43438648],[-76.4880372,3.43438104],[-76.48804619,3.4343756],[-76.48805435,3.43437016],[-76.48806335,3.43436656],[-76.48807235,3.43436204],[-76.48808219,3.43435752],[-76.48809211,3.43435484],[-76.48810202,3.43435116],[-76.48811193,3.43434756],[-76.48812002,3.43434304],[-76.48812811,3.43433852],[-76.48813443,3.434334],[-76.48813985,3.43432948],[-76.48814611,3.43432135],[-76.48815061,3.43431591],[-76.48815602,3.43431047],[-76.48816143,3.43430511],[-76.48816685,3.43429967],[-76.48817402,3.43429423],[-76.48818119,3.43428879],[-76.48818935,3.43428427],[-76.48819919,3.43427975],[-76.48820735,3.43427706],[-76.48821185,3.43427614],[-76.48822352,3.43427346],[-76.48823252,3.43427162],[-76.4882406,3.43426894],[-76.48825052,3.43426527],[-76.48825769,3.43426166],[-76.48826584,3.43425898],[-76.48827302,3.43425715],[-76.48828202,3.43425171],[-76.48828834,3.43424718],[-76.4882946,3.43424266],[-76.48830269,3.4342373],[-76.48831084,3.43423094],[-76.48831984,3.43422458],[-76.48832969,3.43421737],[-76.48834051,3.43420925],[-76.48834593,3.43420565],[-76.48835219,3.43420113],[-76.4883576,3.43419661],[-76.48836393,3.43419293],[-76.48837201,3.43418756],[-76.48837834,3.43418389],[-76.48838369,3.43418029],[-76.48839634,3.43417485],[-76.4884026,3.43417216],[-76.48840893,3.43417033],[-76.48842243,3.43416581],[-76.4884341,3.43416129],[-76.48844493,3.43415677],[-76.48845484,3.4341514],[-76.48846293,3.43414504],[-76.4884701,3.43413868],[-76.48847643,3.4341324],[-76.48848093,3.43412604],[-76.48848451,3.43411883],[-76.48848901,3.43411156],[-76.4884926,3.43410343],[-76.4884971,3.43409531],[-76.48850251,3.4340881],[-76.48850793,3.43408082],[-76.4885151,3.4340727],[-76.48852234,3.43406726],[-76.48853134,3.43406005],[-76.48854119,3.43405278],[-76.48855019,3.43404557],[-76.48855743,3.43403837],[-76.4885646,3.43403293],[-76.48857001,3.43402657],[-76.48857543,3.43402113],[-76.48858169,3.43401576],[-76.4885871,3.43401032],[-76.48859251,3.43400305],[-76.48859702,3.43399676],[-76.48860152,3.4339904],[-76.48860693,3.43398319],[-76.48861143,3.43397592],[-76.48861684,3.43396779],[-76.48862219,3.43395783],[-76.48862584,3.43395154],[-76.48863119,3.43394519],[-76.48863752,3.43393706],[-76.48864293,3.43393162],[-76.48864835,3.4339271],[-76.48865552,3.43392166],[-76.48866093,3.43391806],[-76.4886681,3.43391085],[-76.48867352,3.43390633],[-76.48867893,3.43390181],[-76.48868519,3.43389545],[-76.48869693,3.43388549],[-76.48870593,3.43387737],[-76.48871585,3.43386833],[-76.48872485,3.4338602],[-76.48873385,3.43385208],[-76.48874102,3.4338448],[-76.48874819,3.4338376],[-76.48875361,3.43382947],[-76.48875902,3.43382219],[-76.48876261,3.43381683],[-76.48876711,3.43380863],[-76.48877069,3.43380411],[-76.48877611,3.43379598],[-76.48878152,3.43378878],[-76.48878785,3.43377974],[-76.48879319,3.43377161],[-76.48879952,3.43376342],[-76.48880402,3.43375805],[-76.48880852,3.43375077],[-76.48881394,3.43374448],[-76.48882202,3.43373452],[-76.48883102,3.43372725],[-76.48883644,3.43372273],[-76.48884269,3.43371821],[-76.48884994,3.43371368],[-76.48885619,3.43370916],[-76.48886611,3.43370012],[-76.48887152,3.43369291],[-76.48887602,3.43368571],[-76.48887961,3.43368119],[-76.48888411,3.43367483],[-76.48888952,3.43366847],[-76.48890035,3.43365491],[-76.48890844,3.43364586],[-76.48891561,3.43363866],[-76.48892461,3.43363145],[-76.48893361,3.4336251],[-76.48894352,3.43361966],[-76.4889552,3.43361337],[-76.48896785,3.43360609],[-76.48897952,3.43359981],[-76.48899119,3.43359161],[-76.48900019,3.43358624],[-76.48901102,3.43357897],[-76.48902185,3.43357084],[-76.48903169,3.43356364],[-76.48904069,3.43355544],[-76.48904885,3.43354824],[-76.48905785,3.43354103],[-76.48906594,3.43353284],[-76.48907402,3.43352471],[-76.48908035,3.43351751],[-76.48908935,3.43350571],[-76.4890947,3.4334985],[-76.48910011,3.43349307],[-76.48910285,3.43349038],[-76.4891082,3.43348494],[-76.48911452,3.43347774],[-76.4891217,3.43346954],[-76.4891307,3.4334605],[-76.4891397,3.43345146],[-76.48914785,3.43344157],[-76.48915594,3.43343069],[-76.48916403,3.43342073],[-76.48917211,3.433409],[-76.48917844,3.43339904],[-76.4891847,3.43338816],[-76.48919011,3.43338003],[-76.48919553,3.43337099],[-76.48920003,3.43336378],[-76.48920544,3.43335651],[-76.48920994,3.4333493],[-76.48921444,3.43334294],[-76.48921894,3.43333574],[-76.48922612,3.43332669],[-76.48923153,3.43331765],[-76.48923603,3.43331045],[-76.48923962,3.43330225],[-76.48924145,3.43329865],[-76.48924503,3.43328508],[-76.48924862,3.43327244],[-76.48925221,3.43326339],[-76.48925404,3.43325704],[-76.48926036,3.43324799],[-76.48926662,3.43323718],[-76.48927471,3.43322814],[-76.48928462,3.43321818],[-76.48929454,3.43321097],[-76.48930536,3.4332037],[-76.48931436,3.43319826],[-76.48932245,3.43319197],[-76.48932962,3.43318745],[-76.48933954,3.43317933],[-76.48934495,3.43317113],[-76.48935036,3.43316124],[-76.48935754,3.43314853],[-76.48936204,3.43314224],[-76.48936745,3.43313411],[-76.48937195,3.43312507],[-76.48937737,3.43311603],[-76.48938271,3.43310515],[-76.48938721,3.43309519],[-76.48939087,3.43308522],[-76.48939446,3.43307442],[-76.48939804,3.43306629],[-76.48939987,3.43305633],[-76.48940254,3.43304821],[-76.48940437,3.43304093],[-76.48940705,3.4330328],[-76.48940972,3.43302468],[-76.48941605,3.43301203],[-76.48942322,3.43300115],[-76.48943137,3.43299027],[-76.48943672,3.43298215],[-76.48944213,3.43297494],[-76.48944938,3.43296682],[-76.48945655,3.43295862],[-76.48946372,3.43294958],[-76.48947096,3.43294329],[-76.48947546,3.43293694],[-76.48947813,3.43293333],[-76.48948355,3.43292613],[-76.48949163,3.43291617],[-76.48949614,3.43290981],[-76.48950064,3.43290437],[-76.48950605,3.432899],[-76.48951596,3.43288904],[-76.48952588,3.43288091],[-76.48953572,3.43287364],[-76.48954564,3.43286735],[-76.48955372,3.43286099],[-76.48956096,3.43285555],[-76.48956722,3.43285103],[-76.48957446,3.43284559],[-76.48958346,3.43283655],[-76.48958888,3.43283203],[-76.48959788,3.43282122],[-76.48960322,3.4328131],[-76.48960688,3.4328049],[-76.48961046,3.4327977],[-76.48961222,3.43279409],[-76.48961588,3.43278597],[-76.48961947,3.43277777],[-76.48962305,3.43277057],[-76.48962573,3.43276336],[-76.48962938,3.432757],[-76.48963297,3.43275064],[-76.48963747,3.43274436],[-76.48964288,3.43273892],[-76.48965364,3.43272987],[-76.48965905,3.43272444],[-76.48966447,3.432719],[-76.48967347,3.43270819],[-76.48967973,3.43270006],[-76.48968788,3.43269554],[-76.48969414,3.43269187],[-76.48970223,3.43268558],[-76.48970947,3.43268106],[-76.48971573,3.4326747],[-76.48972114,3.43266926],[-76.48972564,3.43266298],[-76.48972923,3.43265662],[-76.48973464,3.43264397],[-76.48974006,3.43263309],[-76.48974456,3.43262045],[-76.48974814,3.4326114],[-76.48975089,3.43260328],[-76.48975356,3.43259692],[-76.48976073,3.43258427],[-76.48976439,3.43257883],[-76.48977156,3.43256979],[-76.48977965,3.43256259],[-76.48978597,3.43255806],[-76.48979223,3.43255354],[-76.48979856,3.43254902],[-76.48980573,3.4325445],[-76.48979206,3.43254317],[-76.48981206,3.43253129],[-76.48983097,3.43252006],[-76.48983273,3.43251921],[-76.48983456,3.43251737],[-76.48983639,3.43251554],[-76.48983815,3.43251377],[-76.48983997,3.43251193],[-76.48984173,3.43251017],[-76.48984447,3.43250833],[-76.48984623,3.4325065],[-76.48984806,3.43250381],[-76.48984989,3.43250197],[-76.48985165,3.43249929],[-76.48985439,3.43249745],[-76.48985615,3.43249477],[-76.48985889,3.43249293],[-76.48986065,3.43249117],[-76.48986247,3.43248933],[-76.48986515,3.43248756],[-76.48986698,3.43248481],[-76.48986965,3.43248304],[-76.48987147,3.4324812],[-76.48987323,3.43247937],[-76.48987506,3.43247668],[-76.48987689,3.43247485],[-76.48987956,3.43247216],[-76.48988139,3.43247032],[-76.48988315,3.43246856],[-76.48988498,3.43246764],[-76.48988673,3.4324658],[-76.48988856,3.43246404],[-76.48989039,3.4324622],[-76.48989215,3.43246044],[-76.48989306,3.4324586],[-76.48989489,3.43245676],[-76.48989665,3.432455],[-76.48989848,3.43245316],[-76.48990023,3.43245047],[-76.48990115,3.43244864],[-76.48990298,3.43244687],[-76.48990473,3.43244595],[-76.48990656,3.43244412],[-76.48990748,3.43244235],[-76.48990923,3.43244051],[-76.48991015,3.43243868],[-76.48991198,3.43243599],[-76.48991373,3.43243331],[-76.48991465,3.43243147],[-76.48991648,3.43242879],[-76.48991739,3.43242603],[-76.48992006,3.43242335],[-76.48992098,3.43242151],[-76.48992189,3.43241974],[-76.48992273,3.43241791],[-76.48992456,3.43241607],[-76.48992548,3.43241247],[-76.48992815,3.43240978],[-76.48992998,3.43240618],[-76.48993174,3.43240342],[-76.48993356,3.43239982],[-76.48993539,3.43239622],[-76.48993715,3.4323917],[-76.48993898,3.43238809],[-76.48994074,3.43238442],[-76.48994256,3.4323799],[-76.48994439,3.43237629],[-76.48994524,3.43237269],[-76.48994615,3.43236817],[-76.48994707,3.43236457],[-76.48994707,3.43236181],[-76.48994798,3.43235821],[-76.4899489,3.43235644],[-76.48994974,3.43235369],[-76.48995065,3.43235008],[-76.48995157,3.43234825],[-76.48995248,3.43234556],[-76.4899534,3.43234373],[-76.48995424,3.43234104],[-76.48995515,3.4323392],[-76.48995607,3.43233744],[-76.48995698,3.4323356],[-76.48995874,3.43233292],[-76.48996057,3.43233108],[-76.48996148,3.43232931],[-76.48996324,3.43232748],[-76.48996415,3.43232479],[-76.48996598,3.43232296],[-76.48996774,3.43232027],[-76.48996957,3.43231751],[-76.4899714,3.43231483],[-76.48997316,3.43231123],[-76.4899759,3.43230847],[-76.48997766,3.43230487],[-76.48997948,3.43230218],[-76.48998216,3.43229851],[-76.4899849,3.43229399],[-76.48998666,3.4322913],[-76.48998848,3.43228862],[-76.48999024,3.43228587],[-76.48999116,3.43228226],[-76.48999298,3.43228043],[-76.48999474,3.43227774],[-76.48999657,3.43227506],[-76.48999749,3.4322723],[-76.4899984,3.43226962],[-76.49000016,3.43226686],[-76.49000199,3.43226418],[-76.4900029,3.43226149],[-76.49000374,3.43225874],[-76.49000557,3.43225605],[-76.49000649,3.4322533],[-76.49000824,3.43224969],[-76.49000916,3.43224701],[-76.49001007,3.43224341],[-76.49001099,3.43224065],[-76.4900119,3.43223797],[-76.49001275,3.43223521],[-76.49001366,3.43223253],[-76.49001457,3.43223069],[-76.49001549,3.432228],[-76.4900164,3.43222617],[-76.49001725,3.4322244],[-76.49001816,3.43222165],[-76.49001999,3.43221988],[-76.4900209,3.43221713],[-76.49002266,3.43221444],[-76.49002358,3.43221176],[-76.4900254,3.432209],[-76.49002625,3.43220632],[-76.49002808,3.43220356],[-76.4900299,3.43219996],[-76.49003166,3.43219635],[-76.49003349,3.43219367],[-76.4900344,3.43219],[-76.49003616,3.43218639],[-76.49003799,3.43218371],[-76.49003975,3.43218095],[-76.49004249,3.43217735],[-76.49004425,3.43217467],[-76.49004699,3.43217106],[-76.49004966,3.43216831],[-76.49005241,3.43216562],[-76.49005508,3.43216287],[-76.49005775,3.43216018],[-76.49006141,3.4321575],[-76.49006675,3.43215298],[-76.49006949,3.43215022],[-76.49007308,3.43214846],[-76.49007575,3.43214662],[-76.49007758,3.4321457],[-76.49008025,3.43214394],[-76.49008299,3.43214118],[-76.49008566,3.43214026],[-76.49008749,3.4321385],[-76.49008925,3.43213758],[-76.49009108,3.43213574],[-76.49009466,3.43213306],[-76.49009649,3.43213122],[-76.49009825,3.43212945],[-76.49010099,3.4321267],[-76.49010191,3.43212493],[-76.49010366,3.43212401],[-76.49010458,3.43212218],[-76.49010725,3.43211949],[-76.49010999,3.43211589],[-76.49011266,3.43211229],[-76.49011625,3.43210953],[-76.49011899,3.43210501],[-76.49012166,3.43210049],[-76.49012441,3.43209597],[-76.49012708,3.43209145],[-76.49012975,3.43208601],[-76.49013249,3.43208149],[-76.49013425,3.43207612],[-76.49013699,3.43207159],[-76.49013875,3.43206707],[-76.49014149,3.43206163],[-76.49014417,3.43205619],[-76.490146,3.43205075],[-76.49014867,3.43204623],[-76.4901505,3.43204171],[-76.49015225,3.43203811],[-76.49015317,3.43203359],[-76.49016575,3.43202186],[-76.49017658,3.4320083],[-76.490182,3.43199925],[-76.4902135,3.43195312],[-76.49021526,3.43194952],[-76.49027742,3.43183281],[-76.49027826,3.4318292],[-76.49027918,3.4318256],[-76.49028101,3.431822],[-76.49028192,3.43181924],[-76.49028368,3.43181472],[-76.49028459,3.43181112],[-76.49028551,3.43180752],[-76.49028727,3.43180391],[-76.49028909,3.43180031],[-76.49029001,3.43179664],[-76.49029177,3.43179303],[-76.49029359,3.43178943],[-76.49029451,3.43178583],[-76.49029542,3.43178222],[-76.49029718,3.4317777],[-76.4902981,3.43177403],[-76.49029901,3.43177042],[-76.49029992,3.4317659],[-76.49029992,3.4317623],[-76.49030077,3.43175778],[-76.49030168,3.43175417],[-76.49030168,3.43175057],[-76.4903026,3.43174605],[-76.4903026,3.43174153],[-76.49030351,3.43173785],[-76.49030351,3.43173425],[-76.49030443,3.43173065],[-76.49030443,3.43172704],[-76.49030443,3.43172344],[-76.49030443,3.43171892],[-76.49030527,3.43171708],[-76.49030527,3.4317144],[-76.49030527,3.43171164],[-76.49030619,3.43170896],[-76.49030619,3.43170712],[-76.49034578,3.43158504],[-76.49034853,3.43156695],[-76.49034944,3.43156066],[-76.49034944,3.43155522],[-76.49033679,3.4315064],[-76.49032962,3.43148556],[-76.4903278,3.43147927],[-76.49032695,3.43146931],[-76.49032696,3.431387],[-76.49032781,3.43138156],[-76.49033055,3.43136171],[-76.49033596,3.43134723],[-76.49035031,3.43131649],[-76.49035931,3.43130201],[-76.49040073,3.43124592],[-76.49041247,3.43122691],[-76.49041781,3.43121427],[-76.49042056,3.43120614],[-76.49042232,3.43119894],[-76.49043407,3.43109042],[-76.49050067,3.4308589],[-76.49050334,3.43084533],[-76.49051418,3.43076847],[-76.49051685,3.43075667],[-76.49054027,3.43069252],[-76.49054477,3.4306762],[-76.49054569,3.43066899],[-76.49054569,3.43066355],[-76.49054479,3.43050169],[-76.49055471,3.43039494],[-76.49055739,3.43038321],[-76.49067357,3.43004226],[-76.49069607,3.42996539],[-76.49069875,3.4299591],[-76.49070142,3.42995366],[-76.49070683,3.4299437],[-76.49072125,3.42992385],[-76.49074466,3.42989488],[-76.49080942,3.42979994],[-76.49082384,3.42978369],[-76.49082742,3.42978001],[-76.49083375,3.42977549],[-76.49083825,3.42977281],[-76.49084367,3.42977097],[-76.49084908,3.42977012],[-76.49088142,3.42976829],[-76.49088683,3.42976737],[-76.49089225,3.42976561],[-76.49093366,3.42973756],[-76.49096242,3.42972308],[-76.49101107,3.42969052],[-76.49102907,3.42968148],[-76.49104792,3.42967519],[-76.49109024,3.42966339],[-76.49110824,3.42965619],[-76.49115507,3.42963175],[-76.49121356,3.42960915],[-76.49122974,3.42955128],[-76.49123424,3.42955489],[-76.49124057,3.42955765],[-76.49124682,3.42955941],[-76.49125856,3.42956217],[-76.49127832,3.42956302],[-76.49128556,3.42956217],[-76.49129182,3.42956033],[-76.49129723,3.4295585],[-76.49130356,3.42955581],[-76.49131882,3.42954494],[-76.49134132,3.42953229],[-76.49134673,3.42952869],[-76.49136564,3.42951244],[-76.49137014,3.42950877],[-76.49137556,3.42950425],[-76.49138006,3.42950064],[-76.49138632,3.42949796],[-76.49139264,3.42949612],[-76.4913989,3.4294952],[-76.49141156,3.42949436],[-76.4914529,3.42949521],[-76.49149072,3.42949161],[-76.49149705,3.42949069],[-76.49150872,3.42948709],[-76.49154472,3.42947353],[-76.49157889,3.42945637],[-76.4916203,3.42942655],[-76.4916248,3.42942288],[-76.49163654,3.42941659],[-76.49172738,3.42937683],[-76.4917328,3.42937499],[-76.49176338,3.42936687],[-76.49176971,3.42936503],[-76.49179488,3.42936412],[-76.49180753,3.42936595],[-76.49182012,3.42936864],[-76.49182637,3.42937048],[-76.49183812,3.42937592],[-76.4918552,3.42938588],[-76.49193436,3.42944919],[-76.49201717,3.42950431],[-76.49204508,3.42951972],[-76.49206667,3.42952876],[-76.49209099,3.42953512],[-76.49215757,3.42954594],[-76.49219532,3.42954778],[-76.49225747,3.42954051],[-76.49235647,3.42954052],[-76.49241222,3.4295324],[-76.49244646,3.42952336],[-76.4924518,3.42952068],[-76.49245813,3.42951792],[-76.49246354,3.42951432],[-76.49246804,3.42951072],[-76.4925103,3.42946819],[-76.49253463,3.42944742],[-76.49255172,3.42943654],[-76.49255713,3.42943386],[-76.49256346,3.42943202],[-76.49256971,3.42943025],[-76.49257604,3.42942934],[-76.49258146,3.42942934],[-76.49258863,3.42942934],[-76.49259495,3.42943118],[-76.4926003,3.42943294],[-76.49260662,3.4294357],[-76.49262279,3.42944743],[-76.49263095,3.42945011],[-76.49264445,3.42945103],[-76.4926687,3.42944835],[-76.49273353,3.42945012],[-76.49273894,3.42945196],[-76.49274428,3.42945557],[-76.49274878,3.42946009],[-76.49275244,3.42946553],[-76.49275419,3.42947189],[-76.49275602,3.42947726],[-76.49275602,3.4294981],[-76.4927551,3.42950439],[-76.49275328,3.42951074],[-76.49274702,3.42952162],[-76.49274427,3.42952699],[-76.49273978,3.42953243],[-76.49271277,3.42955956],[-76.49269569,3.42957856],[-76.49268852,3.42959121],[-76.49268669,3.42959757],[-76.49268669,3.42960386],[-76.4926876,3.42961022],[-76.49268943,3.42961566],[-76.49269118,3.42962194],[-76.49269477,3.42962739],[-76.49270559,3.42964279],[-76.49271192,3.42964823],[-76.49272001,3.42964908],[-76.49272626,3.42964908],[-76.49273442,3.42964823],[-76.49273976,3.42964639],[-76.49274792,3.42964371],[-76.492819,3.42961023],[-76.49285767,3.42958854],[-76.49290991,3.42956502],[-76.49291526,3.42956234],[-76.49292158,3.4295605],[-76.49293241,3.42955414],[-76.49294226,3.42954602],[-76.49296391,3.42953246],[-76.49296925,3.42952977],[-76.49299991,3.42951981],[-76.49301067,3.42951346],[-76.49301517,3.42950985],[-76.49301967,3.42950533],[-76.49302417,3.42949989],[-76.49303408,3.42948272],[-76.49303767,3.42947729],[-76.49304217,3.42947276],[-76.49304758,3.42946916],[-76.49305391,3.42946648],[-76.49306017,3.42946556],[-76.49306649,3.42946556],[-76.49307191,3.42946648],[-76.49307816,3.42946916],[-76.49308358,3.42947192],[-76.49308899,3.42947552],[-76.49309349,3.42947913],[-76.49309799,3.42948365],[-76.49310516,3.42949453],[-76.49311057,3.42949814],[-76.49311599,3.42950174],[-76.4931214,3.42950442],[-76.49313307,3.4295081],[-76.4931394,3.42950895],[-76.49314565,3.4295081],[-76.49315198,3.42950626],[-76.4931574,3.42950358],[-76.49317807,3.42948818],[-76.49319424,3.42947914],[-76.49321315,3.4294701],[-76.49321948,3.42946918],[-76.49324465,3.4294665],[-76.49329506,3.42946827],[-76.49330223,3.42946827],[-76.49330856,3.42946742],[-76.49331397,3.42946467],[-76.49331939,3.42946198],[-76.49332473,3.42945838],[-76.49333647,3.42944934],[-76.49334456,3.42944029],[-76.49335447,3.42942397],[-76.49335897,3.42941854],[-76.49336347,3.42941317],[-76.49336973,3.42940864],[-76.49337514,3.42940497],[-76.49338147,3.42940229],[-76.49340488,3.42939417],[-76.49342373,3.42938965],[-76.49348672,3.42938421],[-76.49349846,3.42938153],[-76.49356413,3.42935801],[-76.49357672,3.42935525],[-76.49362713,3.42934805],[-76.49363887,3.42934537],[-76.49365145,3.42934085],[-76.49366312,3.42933541],[-76.49385486,3.42921963],[-76.49391244,3.42919434],[-76.49392861,3.42918622],[-76.49393311,3.42918262],[-76.4939592,3.42916178],[-76.4939817,3.42914553],[-76.4939997,3.42913557],[-76.49402761,3.42912469],[-76.49403303,3.42911932],[-76.49404561,3.42911113],[-76.49407085,3.42909672],[-76.49407802,3.42909128],[-76.49408611,3.42908676],[-76.49409694,3.42907948],[-76.49410235,3.4290768],[-76.4941077,3.42907228],[-76.49411135,3.42906776],[-76.49411494,3.42906232],[-76.49411761,3.42905688],[-76.49412661,3.42903342],[-76.4941302,3.42902798],[-76.49413385,3.42902254],[-76.49414911,3.42901166],[-76.49415361,3.42899725],[-76.49414461,3.4289981],[-76.49410595,3.4289882],[-76.49409962,3.42898544],[-76.49408971,3.42898184],[-76.49405104,3.42898092],[-76.49402854,3.42898183],[-76.49399072,3.42898367],[-76.49398354,3.42898451],[-76.49393588,3.42897547],[-76.49391247,3.42897094],[-76.49388997,3.42896557],[-76.49386923,3.42895921],[-76.49386206,3.42895377],[-76.49383056,3.42895108],[-76.49382423,3.428952],[-76.49381798,3.42895377],[-76.49380806,3.42895829],[-76.49377024,3.42896188],[-76.49373424,3.42896011],[-76.4937289,3.42895736],[-76.49371624,3.42895736],[-76.49369557,3.42895467],[-76.49364158,3.4289411],[-76.49361641,3.42893297],[-76.49358941,3.42891849],[-76.49358042,3.42891305],[-76.49356868,3.42890308],[-76.49355792,3.42889679],[-76.49353718,3.42888139],[-76.49350927,3.42885786],[-76.49347869,3.42882536],[-76.49346702,3.42880727],[-76.49346344,3.42879999],[-76.49345803,3.4287819],[-76.4934562,3.42877194],[-76.4934607,3.42874213],[-76.4934562,3.42874213],[-76.4934562,3.42872312],[-76.49345445,3.42871683],[-76.49344995,3.42869783],[-76.49344271,3.42868334],[-76.49343912,3.4286779],[-76.49343462,3.42867338],[-76.49341571,3.42865529],[-76.49338063,3.42862816],[-76.49333473,3.42860738],[-76.49329065,3.42858201],[-76.49327448,3.4285712],[-76.49326457,3.42856216],[-76.49324833,3.42854675],[-76.49323666,3.42853142],[-76.49323307,3.42852506],[-76.49323125,3.42851418],[-76.49323033,3.4285079],[-76.49323125,3.42850154],[-76.49323483,3.42849073],[-76.49324383,3.42846897],[-76.49324658,3.42845908],[-76.49324658,3.42845272],[-76.49324567,3.42844636],[-76.49324208,3.42844099],[-76.49321234,3.4284075],[-76.49317909,3.42837853],[-76.49317368,3.42837492],[-76.49316651,3.42837132],[-76.49315927,3.42836948],[-76.49315301,3.42836771],[-76.49314577,3.42836771],[-76.49313951,3.42836771],[-76.49313318,3.42836863],[-76.49312777,3.4283704],[-76.49312151,3.42837223],[-76.49310977,3.42837852],[-76.49309986,3.42838488],[-76.49309001,3.42839392],[-76.49308636,3.42839844],[-76.49307827,3.42840932],[-76.49307286,3.42842013],[-76.49306927,3.42842557],[-76.49306386,3.42842917],[-76.49305851,3.42843278],[-76.49304677,3.4284373],[-76.49302877,3.42844457],[-76.49299727,3.42846626],[-76.49298019,3.42847438],[-76.49297386,3.42847622],[-76.49296219,3.42847798],[-76.49295586,3.42847798],[-76.4929316,3.42847798],[-76.49292528,3.42847713],[-76.49290728,3.42847261],[-76.49289561,3.42846808],[-76.4928722,3.4284572],[-76.49286679,3.42845536],[-76.49277321,3.42843642],[-76.49276062,3.42843458],[-76.49275338,3.42843458],[-76.49272821,3.42843726],[-76.49264272,3.42845986],[-76.49261214,3.42846438],[-76.49259955,3.4284653],[-76.49254106,3.42847342],[-76.4925284,3.42847709],[-76.49251673,3.42848161],[-76.49249964,3.42848973],[-76.49243573,3.42853311],[-76.49240782,3.42854851],[-76.49237006,3.42857288],[-76.49231241,3.42862261],[-76.49229715,3.42863441],[-76.49224224,3.42866697],[-76.49217115,3.42872123],[-76.49215674,3.42873479],[-76.49215132,3.428742],[-76.49214956,3.42874383],[-76.49214506,3.42875104],[-76.49214056,3.42875916],[-76.49213065,3.42878361],[-76.4921189,3.42882522],[-76.49211714,3.42883151],[-76.4921144,3.42883695],[-76.4921054,3.42885411],[-76.49209732,3.42886316],[-76.49207481,3.42888576],[-76.49206673,3.42889572],[-76.49206131,3.42890385],[-76.4920604,3.42890929],[-76.49205955,3.42892921],[-76.49205864,3.4289355],[-76.49205864,3.42894186],[-76.49205955,3.42894815],[-76.49206222,3.42895451],[-76.49206489,3.42895995],[-76.49206855,3.42896447],[-76.49208205,3.42897804],[-76.49209013,3.42898885],[-76.4920928,3.42899429],[-76.49209463,3.42900064],[-76.4920973,3.42901329],[-76.49209638,3.42903858],[-76.49209554,3.42904494],[-76.4920928,3.4290513],[-76.4920883,3.42906303],[-76.49208204,3.42906487],[-76.49207571,3.42906571],[-76.49206938,3.42906755],[-76.49204063,3.42907843],[-76.49203163,3.42908019],[-76.49202171,3.42908111],[-76.49199563,3.42908203],[-76.49198572,3.42907927],[-76.4919758,3.42907658],[-76.49195064,3.42906662],[-76.4919119,3.42905849],[-76.49187323,3.42905757],[-76.4918669,3.42905757],[-76.49186156,3.42906032],[-76.4918579,3.42906569],[-76.49185614,3.42907205],[-76.4918489,3.42912179],[-76.49184714,3.42912991],[-76.49183631,3.429148],[-76.49183005,3.42915075],[-76.49182373,3.4291516],[-76.4918174,3.4291516],[-76.49181114,3.4291516],[-76.49180481,3.42914983],[-76.4917994,3.42914799],[-76.49178414,3.42913803],[-76.49177606,3.4291299],[-76.4917724,3.42912446],[-76.49174633,3.42907387],[-76.49172742,3.42904851],[-76.49172292,3.42904222],[-76.49172116,3.42903586],[-76.49171933,3.42903042],[-76.49171666,3.42901777],[-76.49171667,3.42899248],[-76.49171758,3.4289852],[-76.49171842,3.42897976],[-76.49172025,3.42897348],[-76.49173017,3.42894995],[-76.49173108,3.42894359],[-76.49173376,3.42892466],[-76.49173284,3.42891738],[-76.49172926,3.42890742],[-76.49172567,3.42890205],[-76.49172209,3.42889753],[-76.49171668,3.428893],[-76.49170768,3.42888848],[-76.49169959,3.42888756],[-76.49169144,3.42889025],[-76.49159177,3.42874194],[-76.49152672,3.42864515],[-76.49153222,3.42864698],[-76.49153847,3.4286479],[-76.49154213,3.42864337],[-76.4915358,3.42863249],[-76.49151964,3.42861264],[-76.49151514,3.42860812],[-76.49148899,3.42858635],[-76.49145932,3.42855745],[-76.49144849,3.42854205],[-76.49144491,3.42853661],[-76.49144315,3.42853032],[-76.4914395,3.42851223],[-76.4914395,3.42849323],[-76.49144133,3.42843713],[-76.49144492,3.42841184],[-76.49145125,3.42838739],[-76.49145301,3.42838111],[-76.49145392,3.42836931],[-76.49145217,3.42836026],[-76.49145034,3.42835398],[-76.49144675,3.42834854],[-76.49144317,3.4283431],[-76.49143867,3.42833857],[-76.49143326,3.42833405],[-76.49143119,3.42833405],[-76.49146652,3.42823189],[-76.49147285,3.42823006],[-76.49147918,3.42822737],[-76.49148452,3.42822377],[-76.49148818,3.42821833],[-76.49149176,3.42821289],[-76.49149535,3.42820837],[-76.49149985,3.42820385],[-76.49164836,3.42799855],[-76.49166186,3.42797686],[-76.49166903,3.4279669],[-76.49167177,3.42796061],[-76.49169427,3.42793073],[-76.49172127,3.4279036],[-76.49174553,3.42788015],[-76.49177253,3.42784482],[-76.49178153,3.42783578],[-76.49179595,3.42782314],[-76.49181128,3.42781233],[-76.49182119,3.42780413],[-76.49190486,3.42770742],[-76.49190936,3.4277029],[-76.49190936,3.42769654],[-76.49191119,3.4276911],[-76.49191745,3.42767937],[-76.49192104,3.42767393],[-76.49192469,3.42766849],[-76.49192919,3.42766397],[-76.49194804,3.42764681],[-76.49195619,3.42763684],[-76.49196428,3.42762695],[-76.4919787,3.42759891],[-76.49198137,3.42759255],[-76.49198137,3.42758711],[-76.49198404,3.42758082],[-76.4919877,3.42757538],[-76.49200387,3.42755638],[-76.49200837,3.42755094],[-76.49201104,3.42754557],[-76.49201554,3.42753377],[-76.49202455,3.42747774],[-76.49202455,3.42745238],[-76.49202279,3.42743973],[-76.49202371,3.42743337],[-76.49202455,3.42742709],[-76.4920273,3.42742073],[-76.49202997,3.42741529],[-76.4920318,3.427409],[-76.49203447,3.42735834],[-76.49203448,3.42731313],[-76.49202822,3.42727335],[-76.49201473,3.42723082],[-76.49200658,3.42721365],[-76.49199399,3.42719287],[-76.49197874,3.42717479],[-76.49194092,3.42713946],[-76.49193192,3.42713409],[-76.49192383,3.42712956],[-76.49191659,3.42712681],[-76.49190675,3.4271232],[-76.49189592,3.4271196],[-76.49187076,3.42710603],[-76.49185902,3.4270979],[-76.49184643,3.42708886],[-76.49184102,3.42708519],[-76.49182843,3.42708066],[-76.49182302,3.42707706],[-76.49181761,3.42707345],[-76.49181311,3.42706893],[-76.49180952,3.42706349],[-76.49180594,3.42705805],[-76.49178078,3.42699658],[-76.49177445,3.42698485],[-76.49175195,3.42695497],[-76.49174745,3.42694953],[-76.49174113,3.426945],[-76.49173578,3.4269414],[-76.49173037,3.42693871],[-76.49172496,3.42693596],[-76.49171863,3.42693963],[-76.49171328,3.42697665],[-76.49171054,3.42701558],[-76.49170962,3.42702187],[-76.49170695,3.42703006],[-76.49170336,3.42703543],[-76.49169978,3.42704087],[-76.49169528,3.42704539],[-76.49167995,3.42705719],[-76.49167545,3.42706079],[-76.49166378,3.42706531],[-76.49165745,3.427068],[-76.49165112,3.42706892],[-76.49164487,3.42706983],[-76.49163854,3.42706983],[-76.49163228,3.42706891],[-76.49162595,3.42706708],[-76.49162054,3.42706439],[-76.49160887,3.42705895],[-76.49159713,3.42705174],[-76.49156838,3.42703817],[-76.49155664,3.42703365],[-76.49151888,3.42702729],[-76.49144865,3.42702368],[-76.49142348,3.42702459],[-76.49141539,3.42702368],[-76.49139648,3.42701915],[-76.49139015,3.42701915],[-76.4913839,3.42702183],[-76.4913794,3.42702459],[-76.49137398,3.42702911],[-76.49136948,3.42703363],[-76.49134965,3.42705984],[-76.49134515,3.42706436],[-76.49133981,3.42706888],[-76.49133531,3.42707249],[-76.49132898,3.42707524],[-76.49132265,3.42707609],[-76.4913164,3.42707609],[-76.49131007,3.42707524],[-76.49130381,3.4270734],[-76.49128581,3.42706704],[-76.4912804,3.42706528],[-76.49127316,3.42706527],[-76.4912669,3.42706527],[-76.49126057,3.42706619],[-76.49125432,3.42706796],[-76.4912489,3.42707071],[-76.4912444,3.42707523],[-76.49123449,3.42708336],[-76.4912264,3.42709332],[-76.49122282,3.42709869],[-76.49122099,3.42710505],[-76.49121916,3.42711769],[-76.49121648,3.42714934],[-76.49121466,3.42715839],[-76.49120931,3.42717019],[-76.49120565,3.42717739],[-76.49120031,3.42718191],[-76.49119398,3.42718735],[-76.4911634,3.42720635],[-76.49115798,3.42720996],[-76.49114448,3.42722352],[-76.49112831,3.42724337],[-76.49111481,3.42725609],[-76.4911049,3.42726513],[-76.49110131,3.42726965],[-76.49109857,3.42727594],[-76.4910959,3.42728322],[-76.49109139,3.42730943],[-76.49108956,3.42735556],[-76.4910878,3.42736821],[-76.49108689,3.4273745],[-76.49108414,3.42737994],[-76.49108147,3.42738538],[-76.49107697,3.42739082],[-76.49106797,3.42739894],[-76.49106256,3.42740254],[-76.49105714,3.42740615],[-76.49103197,3.42741519],[-76.49099506,3.42742423],[-76.49094557,3.42743418],[-76.49092757,3.42743962],[-76.49092131,3.42744146],[-76.4909069,3.42744866],[-76.4909024,3.42745318],[-76.49088081,3.42747671],[-76.4908664,3.42749748],[-76.49086365,3.42750292],[-76.49086281,3.42750928],[-76.49086365,3.42752192],[-76.49086281,3.42752821],[-76.4908763,3.42757258],[-76.49087714,3.42757979],[-76.49087806,3.42758523],[-76.49087806,3.42759244],[-76.4908763,3.42761144],[-76.49087447,3.4276178],[-76.49087088,3.42762317],[-76.4908673,3.42762861],[-76.4908628,3.42763313],[-76.49083664,3.42765213],[-76.49080964,3.42766838],[-76.49080514,3.4276729],[-76.49079706,3.42768018],[-76.49079256,3.42768562],[-76.49078897,3.42769099],[-76.49077638,3.42771359],[-76.49077188,3.42772539],[-76.49076379,3.42776333],[-76.49076288,3.42776969],[-76.49076288,3.42777061],[-76.49072955,3.42777965],[-76.49070797,3.42780494],[-76.49070529,3.42780946],[-76.49070438,3.4278149],[-76.49070396,3.42783329],[-76.49070255,3.42784471],[-76.49070255,3.42786372],[-76.49069804,3.42790265],[-76.49069178,3.42793698],[-76.49068995,3.42794963],[-76.49069087,3.42795959],[-76.49069086,3.42796503],[-76.49066928,3.42800933],[-76.49066745,3.42801477],[-76.49066294,3.42804366],[-76.49063411,3.42814766],[-76.49061251,3.42827518],[-76.49057292,3.42841627],[-76.49057291,3.42842171],[-76.49057024,3.42842715],[-76.49056659,3.42843075],[-76.49056483,3.42843528],[-76.490563,3.42844072],[-76.49052432,3.42852479],[-76.49049549,3.42857721],[-76.49048832,3.42859445],[-76.49046307,3.42867131],[-76.49043072,3.42874182],[-76.49041539,3.42877615],[-76.49035871,3.42894889],[-76.49034155,3.42902851],[-76.49033796,3.42903303],[-76.49033437,3.42903756],[-76.49032629,3.4290502],[-76.4903227,3.42905833],[-76.49031904,3.42906737],[-76.4903182,3.42907641],[-76.49031728,3.42908362],[-76.49031994,3.42924916],[-76.49032085,3.42925544],[-76.49032626,3.42927445],[-76.49039283,3.42943363],[-76.49039466,3.42943907],[-76.49039641,3.42945264],[-76.49039641,3.42945893],[-76.49039374,3.42946345],[-76.49037841,3.42946889],[-76.49035324,3.42947977],[-76.49030916,3.42950505],[-76.49028033,3.42952858],[-76.49020116,3.42957471],[-76.49019124,3.42958191],[-76.490184,3.42959004],[-76.49017774,3.42959908],[-76.49017324,3.42960812],[-76.4901129,3.42977005],[-76.4900769,3.42985864],[-76.49003731,3.42992738],[-76.49003014,3.42993819],[-76.49002739,3.42994271],[-76.49002198,3.42995267],[-76.49001839,3.4299726],[-76.49001031,3.4299916],[-76.48999947,3.43001781],[-76.48998689,3.43004402],[-76.48998147,3.4300585],[-76.48997071,3.4300874],[-76.4899653,3.43011728],[-76.48996347,3.43013445],[-76.48996079,3.43015162],[-76.48995896,3.43016519],[-76.4899527,3.43019507],[-76.48994912,3.43020948],[-76.48993737,3.43023845],[-76.4899302,3.43025293],[-76.48992387,3.43026826],[-76.48991761,3.43028366],[-76.48990945,3.43029723],[-76.48990045,3.43031263],[-76.48989237,3.43032528],[-76.48988161,3.43035057],[-76.48987078,3.43038045],[-76.48986628,3.43039578],[-76.48985369,3.43042383],[-76.4898456,3.43043739],[-76.48983927,3.43045188],[-76.48982577,3.43047901],[-76.48981944,3.43049073],[-76.48981227,3.43047996],[-76.48981227,3.43048384],[-76.48980594,3.43051694],[-76.48979427,3.43054591],[-76.48978618,3.43056308],[-76.48977894,3.43057572],[-76.48976635,3.43060561],[-76.48976185,3.43062186],[-76.48975826,3.43063726],[-76.48975376,3.43064991],[-76.48974026,3.43067703],[-76.48973126,3.43069243],[-76.48972584,3.43070416],[-76.48971867,3.43073489],[-76.48971234,3.43076563],[-76.48970516,3.43079643],[-76.48969975,3.4308136],[-76.48969166,3.43082808],[-76.48968533,3.43084073],[-76.48967183,3.43086786],[-76.48966824,3.43088142],[-76.48966374,3.43091124],[-76.48966191,3.4309402],[-76.48965924,3.43097094],[-76.48964391,3.43099898],[-76.48963491,3.43101163],[-76.48962415,3.43102519],[-76.48960615,3.43104964],[-76.4895989,3.43106136],[-76.48958006,3.43108489],[-76.4895629,3.43110841],[-76.48954673,3.43113639],[-76.48953956,3.43114727],[-76.48952064,3.43117256],[-76.48951073,3.43118528],[-76.48950173,3.43119884],[-76.48948822,3.43122321],[-76.48947472,3.4312531],[-76.48946839,3.43126666],[-76.48946122,3.43128107],[-76.48944681,3.43130644],[-76.48943239,3.43133173],[-76.4894198,3.43135257],[-76.48941355,3.4313643],[-76.48940905,3.43137066],[-76.48940539,3.43137786],[-76.48940272,3.43138599],[-76.48940089,3.43139411],[-76.48939821,3.43140231],[-76.48939554,3.43141312],[-76.48939104,3.43142308],[-76.48938654,3.43143572],[-76.48938113,3.43145021],[-76.4893748,3.43146285],[-76.48936854,3.43147734],[-76.48936221,3.43148998],[-76.48935504,3.43150086],[-76.48934871,3.43151167],[-76.48934329,3.43152071],[-76.48933521,3.43153067],[-76.48932529,3.43154063],[-76.48931538,3.43155236],[-76.48930553,3.43156508],[-76.48929738,3.43157772],[-76.48929021,3.43158853],[-76.48928303,3.43160125],[-76.4892767,3.43161298],[-76.48927129,3.43162562],[-76.48926587,3.43163827],[-76.48926053,3.43165099],[-76.48925603,3.43166271],[-76.48925237,3.43167444],[-76.48924703,3.43168624],[-76.48924161,3.43169797],[-76.4892362,3.43170793],[-76.48922987,3.43171966],[-76.48922361,3.43172962],[-76.48921728,3.4317405],[-76.48921102,3.43175222],[-76.48920378,3.43176218],[-76.48919752,3.43177215],[-76.48919028,3.43178295],[-76.48918128,3.43179475],[-76.48917319,3.43180556],[-76.48916419,3.43181828],[-76.48915519,3.43183092],[-76.48914528,3.43184357],[-76.48913452,3.43185713],[-76.48912369,3.4318707],[-76.48911202,3.43188426],[-76.48909936,3.43189874],[-76.48908678,3.43191323],[-76.48907419,3.43192764],[-76.48906427,3.43194212],[-76.48905436,3.43195568],[-76.48904536,3.43196564],[-76.48903636,3.43197652],[-76.4890301,3.43198373],[-76.48902201,3.43199461],[-76.48901386,3.43199998],[-76.48900486,3.43199821],[-76.48899769,3.43199545],[-76.4889896,3.43199093],[-76.48897878,3.43198641],[-76.48896528,3.43198372],[-76.48895178,3.43198641],[-76.48894552,3.43199008],[-76.48894011,3.4319946],[-76.48893287,3.43200181],[-76.48892661,3.43200901],[-76.48892028,3.43201805],[-76.48891311,3.43202893],[-76.48890586,3.4320389],[-76.48889869,3.4320497],[-76.48889061,3.4320615],[-76.48888428,3.43207146],[-76.48887978,3.43207959],[-76.48887169,3.43209315],[-76.48886628,3.43210219],[-76.48886086,3.4321094],[-76.48885636,3.43211844],[-76.48885186,3.43212657],[-76.48884919,3.43213385],[-76.48884736,3.43214197],[-76.48884469,3.43215193],[-76.48884377,3.43215822],[-76.48884201,3.4321655],[-76.48884018,3.43217454],[-76.48883751,3.43219079],[-76.48883477,3.43220344],[-76.48883209,3.432217],[-76.48882935,3.43223057],[-76.48882668,3.43224597],[-76.488824,3.43225861],[-76.4888195,3.43227401],[-76.488815,3.43229026],[-76.48880867,3.43230743],[-76.48880234,3.43232283],[-76.48879609,3.43233371],[-76.48879067,3.43234452],[-76.48878526,3.43235265],[-76.48878076,3.43235992],[-76.48877176,3.43237073],[-76.48876726,3.43237709],[-76.48876184,3.43238253],[-76.4887565,3.43238974],[-76.48875017,3.43239786],[-76.48874384,3.43240514],[-76.48873575,3.43241594],[-76.48872675,3.43242774],[-76.48871867,3.43243947],[-76.4887115,3.43244851],[-76.48870517,3.43245487],[-76.488698,3.43246208],[-76.48868984,3.43246935],[-76.48868175,3.43247748],[-76.48867184,3.4324856],[-76.48865925,3.43249648],[-76.48864849,3.43250552],[-76.48863858,3.43251541],[-76.48863049,3.43252269],[-76.48862149,3.43253081],[-76.48861158,3.43253894],[-76.48860075,3.4325489],[-76.48859175,3.43255978],[-76.48858275,3.4325715],[-76.48857558,3.43258238],[-76.48856834,3.43259503],[-76.48856116,3.43260767],[-76.48855399,3.43262032],[-76.48854583,3.43263212],[-76.48853866,3.43264116],[-76.48853058,3.43265105],[-76.48852333,3.43265925],[-76.48851616,3.43266645],[-76.48850808,3.43267458],[-76.48850083,3.43268185],[-76.48849458,3.43268906],[-76.48848733,3.43269718],[-76.48848016,3.43270531],[-76.48847207,3.4327135],[-76.48846307,3.43272254],[-76.48845583,3.43273067],[-76.48844866,3.43273879],[-76.48843966,3.43274783],[-76.48842799,3.43275871],[-76.48842349,3.43276592],[-76.48841624,3.4327768],[-76.48841174,3.43278217],[-76.48840724,3.43278944],[-76.48840183,3.43279757],[-76.48839557,3.43280661],[-76.48838749,3.43281565],[-76.48838024,3.4328247],[-76.48837307,3.43283374],[-76.48836583,3.43284278],[-76.48835866,3.43284999],[-76.48835148,3.43285818],[-76.48834333,3.43286539],[-76.48833616,3.43287259],[-76.48832807,3.43287987],[-76.48831998,3.43288708],[-76.48831098,3.43289612],[-76.48830283,3.43290424],[-76.48829566,3.43291244],[-76.48828848,3.43291964],[-76.48828215,3.43292685],[-76.48827498,3.43293413],[-76.48826774,3.43294041],[-76.48826057,3.43294677],[-76.48825333,3.43295313],[-76.48824707,3.43295941],[-76.48824074,3.43296486],[-76.48823448,3.43297029],[-76.48822815,3.43297482],[-76.48822183,3.43298025],[-76.48821374,3.43298654],[-76.48820383,3.43299467],[-76.48819483,3.43300102],[-76.48818498,3.43300915],[-76.48817507,3.43301727],[-76.48816515,3.43302547],[-76.48815433,3.43303451],[-76.48814448,3.43304263],[-76.48813366,3.43305076],[-76.48812107,3.43305888],[-76.48810848,3.43306792],[-76.48809407,3.43307788],[-76.48807874,3.43308692],[-76.48806348,3.43309597],[-76.48804998,3.43310501],[-76.48803916,3.43311221],[-76.48802833,3.43312125],[-76.48801848,3.43312945],[-76.48801124,3.43313574],[-76.48800048,3.4331457],[-76.48799324,3.4331529],[-76.48798783,3.43315566],[-76.48797707,3.4331611],[-76.48796983,3.43316562],[-76.48796174,3.43317099],[-76.48795274,3.43317643],[-76.48794374,3.43318278],[-76.48793383,3.43318907],[-76.48792483,3.43319543],[-76.48791499,3.43320179],[-76.48790599,3.43320631],[-76.48789783,3.43321083],[-76.48788883,3.43321443],[-76.48788075,3.43321803],[-76.48787175,3.43322163],[-76.48786275,3.43322439],[-76.48785375,3.43322523],[-76.48784566,3.43322707],[-76.48783575,3.43322707],[-76.48782584,3.43322799],[-76.48781775,3.43322891],[-76.48780875,3.43322975],[-76.48780158,3.43323251],[-76.48779349,3.43323519],[-76.48778449,3.43324063],[-76.48777549,3.43324699],[-76.48776734,3.43325236],[-76.48775749,3.43325963],[-76.48775384,3.43326324],[-76.48774758,3.43326867],[-76.48774125,3.43327411],[-76.48773858,3.43327588],[-76.48773225,3.43328132],[-76.48772599,3.43328584],[-76.48771967,3.43329128],[-76.48771334,3.4332958],[-76.48770799,3.43330124],[-76.48770167,3.43330576],[-76.48769534,3.43331113],[-76.48768908,3.43331749],[-76.48768184,3.43332385],[-76.48767466,3.43333197],[-76.48766749,3.43334009],[-76.48766116,3.43334822],[-76.48765399,3.43335726],[-76.48764766,3.43336722],[-76.48764225,3.43337627],[-76.48763775,3.43338623],[-76.48763325,3.43339527],[-76.48763058,3.43340608],[-76.48762783,3.43341427],[-76.48762516,3.4334224],[-76.48762249,3.43343052],[-76.48761883,3.43343865],[-76.48761524,3.43344861],[-76.48761074,3.43345765],[-76.48760533,3.4334667],[-76.48759998,3.43347666],[-76.48759457,3.43348478],[-76.48759007,3.43349114],[-76.48758107,3.43350103],[-76.48757116,3.43350922],[-76.48756483,3.43351283],[-76.48755948,3.43351643],[-76.48755224,3.43352003],[-76.48754598,3.43352455],[-76.48753783,3.43352999],[-76.48752974,3.43353635],[-76.48751983,3.43354264],[-76.48750907,3.43355076],[-76.48749733,3.43356072],[-76.48748566,3.43356976],[-76.48747483,3.43357789],[-76.48746857,3.43358241],[-76.48746224,3.43358785],[-76.48745233,3.43359512],[-76.48744157,3.43360141],[-76.48743433,3.43360593],[-76.48742807,3.43360953],[-76.48742174,3.43361321],[-76.48741457,3.43361589],[-76.48740649,3.43361949],[-76.48739207,3.43362585],[-76.48738124,3.43363129],[-76.48737133,3.43363581],[-76.48736149,3.43363941],[-76.48735333,3.43364301],[-76.48734616,3.4336457],[-76.48733983,3.43364845],[-76.48733266,3.43365114],[-76.48732458,3.43365389],[-76.48731466,3.43365566],[-76.48730475,3.43365841],[-76.48729399,3.43366201],[-76.48728316,3.43366562],[-76.48727058,3.43367105],[-76.48725884,3.43367734],[-76.48724534,3.4336837],[-76.48723275,3.4336909],[-76.48722108,3.43369818],[-76.48720849,3.43370447],[-76.48719767,3.4337099],[-76.48718775,3.43371443],[-76.48717784,3.43371895],[-76.48716975,3.4337217],[-76.48716167,3.43372438],[-76.48714634,3.43372707],[-76.48713826,3.4337289],[-76.48712926,3.43372982],[-76.48712384,3.43373159],[-76.48711667,3.43373251],[-76.48710317,3.43373526],[-76.48709417,3.43373794],[-76.48708517,3.43374063],[-76.48707617,3.43374246],[-76.48706717,3.43374515],[-76.48705909,3.43374698],[-76.48705185,3.4337479],[-76.48704285,3.43374967],[-76.48703568,3.43375058],[-76.48702576,3.43375334],[-76.48701859,3.43375602],[-76.48701226,3.43375871],[-76.48700509,3.43376146],[-76.48699876,3.43376506],[-76.48699068,3.43376958],[-76.48697901,3.43377502],[-76.48696551,3.43378223],[-76.48695651,3.43378675],[-76.48694751,3.43379127],[-76.48694027,3.43379579],[-76.48693577,3.43379763],[-76.48692768,3.43380123],[-76.4869196,3.43380575],[-76.48691059,3.43381027],[-76.48690068,3.43381663],[-76.48689077,3.43382291],[-76.48688085,3.43382927],[-76.48686918,3.43383648],[-76.48685835,3.43384284],[-76.48684851,3.43385004],[-76.48683951,3.43385548],[-76.48682777,3.4338636],[-76.48681786,3.43386904],[-76.48680885,3.4338754],[-76.4867981,3.43388261],[-76.48678727,3.43389073],[-76.4867756,3.43389885],[-76.48676477,3.4339079],[-76.4867531,3.43391694],[-76.48674227,3.43392421],[-76.4867306,3.43393234],[-76.48672336,3.43393778],[-76.4867171,3.4339423],[-76.48671077,3.43394682],[-76.48670451,3.43395134],[-76.48669818,3.43395586],[-76.48669186,3.43396038],[-76.4866856,3.4339649],[-76.48667836,3.43396942],[-76.48666401,3.43397938],[-76.48665051,3.43398751],[-76.48663877,3.43399471],[-76.48662619,3.43400107],[-76.4866136,3.43400827],[-76.4866001,3.4340128],[-76.48658752,3.43401555],[-76.4865731,3.43401731],[-76.4865596,3.43402007],[-76.4865461,3.43402275],[-76.48653078,3.43402635],[-76.48651728,3.43403179],[-76.48650286,3.434039],[-76.48648852,3.43404804],[-76.48647586,3.434058],[-76.48646602,3.43406527],[-76.48645786,3.43407156],[-76.48645069,3.434077],[-76.48644352,3.43408152],[-76.48643452,3.43408604],[-76.48641737,3.4340924],[-76.48640478,3.434096],[-76.4863922,3.43409868],[-76.48637602,3.43410229],[-76.48636253,3.43410412],[-76.48634987,3.4341068],[-76.48633637,3.43411048],[-76.4863247,3.43411408],[-76.48631303,3.43411768],[-76.4863022,3.43412128],[-76.48629137,3.43412312],[-76.48628329,3.43412404],[-76.4862752,3.43412404],[-76.48626712,3.43412403],[-76.48625988,3.43412403],[-76.48625088,3.43412403],[-76.48624279,3.43412403],[-76.48623471,3.43412403],[-76.48622662,3.43412403],[-76.48621671,3.43412403],[-76.48621221,3.43412403],[-76.4862023,3.43412579],[-76.48619421,3.43412671],[-76.4861843,3.43412763],[-76.48617354,3.43412939],[-76.48616454,3.43413123],[-76.48615554,3.43413307],[-76.48614738,3.43413483],[-76.48614021,3.43413759],[-76.48613213,3.43413935],[-76.48612489,3.43414211],[-76.48611589,3.43414571],[-76.48610689,3.43415023],[-76.4860988,3.43415291],[-76.48609072,3.43415743],[-76.48608263,3.43416104],[-76.48607539,3.43416556],[-76.48606822,3.43417008],[-76.48606104,3.43417375],[-76.48605204,3.43417827],[-76.48604572,3.43418187],[-76.48603854,3.43418731],[-76.48603313,3.43419268],[-76.48602772,3.43419812],[-76.48602322,3.43420264],[-76.4860178,3.434209],[-76.48601239,3.43421529],[-76.48600704,3.43422348],[-76.48600072,3.43423161],[-76.4859953,3.43423973],[-76.48598989,3.43424786],[-76.48598454,3.43425598],[-76.48597821,3.43426418],[-76.48597189,3.4342723],[-76.48596471,3.43428043],[-76.48595838,3.43428855],[-76.48595121,3.43429491],[-76.48594313,3.43430211],[-76.48593504,3.43430571],[-76.48592871,3.43430847],[-76.48592063,3.43431115],[-76.48591163,3.43431391],[-76.48590172,3.43431659],[-76.48589089,3.43431928],[-76.48587922,3.43432111],[-76.48586663,3.43432379],[-76.48585489,3.43432747],[-76.48584413,3.43433284],[-76.48583239,3.43434011],[-76.48582255,3.43434824],[-76.48581439,3.4343582],[-76.48580905,3.43436724],[-76.48580454,3.43437536],[-76.48580089,3.43438172],[-76.4857973,3.43438893],[-76.48579372,3.43439529],[-76.48579013,3.43440249],[-76.48578563,3.43441245],[-76.48578021,3.43442241],[-76.4857748,3.43443322],[-76.48576938,3.43444502],[-76.48576404,3.43445491],[-76.48575863,3.43446487],[-76.48575321,3.434473],[-76.4857478,3.43447936],[-76.48574238,3.43448296],[-76.48573338,3.43448748],[-76.4857253,3.4344884],[-76.4857163,3.43449023],[-76.4857073,3.43449023],[-76.48569654,3.43449023],[-76.48569021,3.43448931],[-76.48568213,3.43448839],[-76.48567313,3.43448655],[-76.48566322,3.43448479],[-76.4856533,3.43448295],[-76.48564339,3.43448026],[-76.48563439,3.43447751],[-76.48562722,3.43447482],[-76.48562005,3.43447298],[-76.48561189,3.43447298],[-76.4856029,3.4344739],[-76.48559305,3.4344775],[-76.48558222,3.43448294],[-76.48557322,3.43449198],[-76.48556872,3.43449834],[-76.48556514,3.43450555],[-76.48556155,3.43451191],[-76.48555789,3.43451911],[-76.48555339,3.43452639],[-76.48554714,3.43453451],[-76.48554081,3.43454447],[-76.48553364,3.43455528],[-76.48553089,3.43456072],[-76.48552372,3.43457245],[-76.48552013,3.43457789],[-76.48551289,3.43458969],[-76.48550663,3.43459958],[-76.48549939,3.43460862],[-76.48549222,3.43461766],[-76.48548505,3.43462402],[-76.48547872,3.43462946],[-76.4854688,3.4346349],[-76.4854598,3.43463667],[-76.48545081,3.43463666],[-76.48544089,3.43463758],[-76.48543105,3.43463758],[-76.48542289,3.43463666],[-76.48541389,3.43463574],[-76.48540405,3.43463397],[-76.48539414,3.43463037],[-76.48538331,3.4346267],[-76.4853734,3.43462217],[-76.48536531,3.43461588],[-76.48535814,3.43460952],[-76.48535182,3.43460232],[-76.48534732,3.43459504],[-76.48534282,3.43458783],[-76.48533924,3.43458063],[-76.48533474,3.43457158],[-76.48533024,3.43456254],[-76.48532391,3.43455166],[-76.48531857,3.43453993],[-76.48531224,3.43452813],[-76.48530592,3.43451817],[-76.48529966,3.43451004],[-76.48529158,3.43450283],[-76.48528258,3.43449831],[-76.48527358,3.43449647],[-76.48526184,3.43449555],[-76.48525192,3.43449647],[-76.48524117,3.43449647],[-76.48523125,3.43449647],[-76.48522225,3.43449647],[-76.48521234,3.43449647],[-76.48520334,3.43449738],[-76.48519434,3.4344983],[-76.48518717,3.43449922],[-76.48517993,3.43450098],[-76.48517093,3.43450551],[-76.48516467,3.43451003],[-76.48515743,3.43451638],[-76.48515026,3.43452543],[-76.48514217,3.43453624],[-76.48513858,3.43454259],[-76.48513493,3.43454895],[-76.48513134,3.43455524],[-76.48512776,3.4345616],[-76.48512508,3.4345688],[-76.48512143,3.43457693],[-76.48511784,3.4345842],[-76.48511517,3.43459141],[-76.48511242,3.43459869],[-76.48510884,3.43460498],[-76.48510617,3.43461225],[-76.48510342,3.43461946],[-76.48509716,3.43463119],[-76.48509084,3.43464207],[-76.48508275,3.43465111],[-76.48507375,3.43466015],[-76.48506475,3.43466919],[-76.48505575,3.43467732],[-76.48504675,3.43468459],[-76.48503866,3.4346918],[-76.48503233,3.43469632],[-76.48502334,3.43470084],[-76.48501434,3.43470352],[-76.48500625,3.43470536],[-76.48499817,3.43470628],[-76.48498825,3.4347072],[-76.48497834,3.43470719],[-76.48496843,3.43470719],[-76.48495943,3.43470627],[-76.48495134,3.43470535],[-76.48494143,3.43470083],[-76.48493426,3.43469723],[-76.48492793,3.4346927],[-76.48492076,3.4346891],[-76.48491267,3.43468634],[-76.48490093,3.43468634],[-76.48489376,3.43468542],[-76.48488568,3.43468634],[-76.48487844,3.43468726],[-76.48487126,3.4346891],[-76.48486494,3.43469178],[-76.48485326,3.4346963],[-76.48484159,3.43470266],[-76.48483168,3.43470803],[-76.48482177,3.43471255],[-76.48481009,3.43471346],[-76.48480109,3.43471078],[-76.48479385,3.43470717],[-76.48478844,3.4347035],[-76.48478218,3.43469898],[-76.48477677,3.43469629],[-76.48476869,3.43469629],[-76.48475877,3.43469629],[-76.48475069,3.43469813],[-76.48474345,3.43469897],[-76.48473627,3.43470081],[-76.48472819,3.43470173],[-76.48472095,3.43470173],[-76.48471378,3.43470172],[-76.4847066,3.43470172],[-76.48469761,3.43470172],[-76.48468945,3.43470264],[-76.48467961,3.43470349],[-76.48466787,3.43470532],[-76.48465528,3.43470801],[-76.48464895,3.43470984],[-76.48463637,3.43471344],[-76.48462378,3.43471796],[-76.48461387,3.43472249],[-76.48460487,3.43472792],[-76.48459678,3.43473428],[-76.48458961,3.43473965],[-76.48458328,3.43474601],[-76.48457878,3.43475145],[-76.48457245,3.43475774],[-76.48456711,3.43476318],[-76.48456078,3.43476861],[-76.48455445,3.43477497],[-76.4845482,3.43478126],[-76.48454187,3.43478762],[-76.48453561,3.43479214],[-76.48452928,3.43479666],[-76.4845212,3.43480295],[-76.48451487,3.43480747],[-76.48450678,3.43481291],[-76.48450045,3.43481651],[-76.48449328,3.43482103],[-76.4844852,3.4348247],[-76.48447711,3.43483099],[-76.48446895,3.43484003],[-76.48446087,3.43484908],[-76.48445187,3.43485904],[-76.48444111,3.43486716],[-76.48443028,3.43487528],[-76.48441945,3.43488072],[-76.48440778,3.43488524],[-76.48439611,3.434888],[-76.48438437,3.43488976],[-76.4843727,3.4348916],[-76.48436096,3.43489428],[-76.48434929,3.43489788],[-76.48433846,3.4349024],[-76.48432946,3.43490608],[-76.48431962,3.4349106],[-76.48431062,3.43491328],[-76.4843052,3.43491688],[-76.48429437,3.43492049],[-76.4842872,3.43492324],[-76.4842782,3.43492501],[-76.48427012,3.43492416],[-76.48426112,3.43492324],[-76.48425388,3.43492324],[-76.48424579,3.43492232],[-76.48423588,3.43492232],[-76.48422779,3.4349214],[-76.48422062,3.4349214],[-76.48421162,3.4349214],[-76.48420171,3.43492139],[-76.48419447,3.43492139],[-76.4841873,3.43492139],[-76.48417921,3.43492047],[-76.48417113,3.43492139],[-76.48416663,3.43492231],[-76.48416222,3.43492394],[-76.4841726,3.43556268],[-76.48417274,3.43557107],[-76.4841764,3.43557612],[-76.48418273,3.43558608],[-76.48418631,3.43559152],[-76.48419172,3.43559788],[-76.48419805,3.43560509],[-76.48420522,3.43561321],[-76.48421422,3.43562318],[-76.48422413,3.43563222],[-76.48423404,3.43564218],[-76.4842448,3.43565391],[-76.4842538,3.43566388],[-76.48426104,3.43567476],[-76.48426638,3.43568465],[-76.48427003,3.43569369],[-76.48427179,3.43570189],[-76.48427362,3.43571178],[-76.48427362,3.43571998],[-76.48427453,3.4357281],[-76.48427537,3.43573806],[-76.48427628,3.43574796],[-76.48427628,3.43575884],[-76.4842772,3.43577148],[-76.48427902,3.43578505],[-76.48427987,3.43580045],[-76.48428169,3.43581854],[-76.48428527,3.43583571],[-76.48429069,3.43585196],[-76.48429968,3.43586828],[-76.4843096,3.43588001],[-76.48431951,3.43589089],[-76.48433026,3.43589718],[-76.48433926,3.43590085],[-76.48435368,3.4359017],[-76.48436268,3.43590085],[-76.48437167,3.43589994],[-76.4843825,3.43589718],[-76.48438967,3.43589542],[-76.48439684,3.43589266],[-76.48440409,3.43588998],[-76.48441217,3.43588638],[-76.48442026,3.43588185],[-76.48443017,3.43587733],[-76.484441,3.43587281],[-76.48445176,3.43586737],[-76.48446259,3.43586194],[-76.4844725,3.43585381],[-76.48448326,3.43584661],[-76.484495,3.43583757],[-76.48450576,3.43582937],[-76.48451658,3.43582217],[-76.4845265,3.43581404],[-76.48453634,3.43580677],[-76.48454534,3.43580048],[-76.48455434,3.43579504],[-76.48456334,3.43579052],[-76.48457326,3.435786],[-76.48458408,3.43578148],[-76.484594,3.43577604],[-76.48460475,3.43577152],[-76.48461467,3.43576792],[-76.48462458,3.4357634],[-76.48463717,3.43575796],[-76.48464617,3.43575435],[-76.48465517,3.43575075],[-76.48466417,3.43574623],[-76.48467317,3.43574263],[-76.48468217,3.43573896],[-76.48469117,3.43573444],[-76.48470108,3.43572991],[-76.48471008,3.43572539],[-76.48471908,3.43572087],[-76.48472625,3.43571635],[-76.48473434,3.43571183],[-76.48474158,3.43570554],[-76.48474875,3.43570102],[-76.48475599,3.43569558]]]]},"geometry_name":"the_geom","properties":{"id":1,"fuente":"DAPM","tipo_amena":"Amenaza no mitigable por inundación pluvial"}},{"type":"Feature","id":"amb_ari_inundacion_pluvial.456","geometry":{"type":"MultiPolygon","coordinates":[[[[-76.48434521,3.43952308],[-76.48434261,3.43950263],[-76.48434076,3.43948183],[-76.4843403,3.43947161],[-76.48427264,3.43945151],[-76.48423573,3.43943753],[-76.48420123,3.4394183],[-76.4841699,3.43939421],[-76.48414239,3.4393658],[-76.4841193,3.43933366],[-76.48410112,3.43929848],[-76.48408823,3.43926101],[-76.48408091,3.43922206],[-76.48407932,3.43918245],[-76.48410475,3.43840282],[-76.48405463,3.437467],[-76.48405424,3.43745241],[-76.48405435,3.43744448],[-76.48407819,3.43662617],[-76.48408297,3.43658266],[-76.48409466,3.4365405],[-76.48411293,3.43650077],[-76.48413733,3.43646451],[-76.48416721,3.43643267],[-76.4842018,3.43640607],[-76.48424019,3.4363854],[-76.48431637,3.43635225],[-76.48432716,3.43634783],[-76.48456634,3.43625585],[-76.48471445,3.43619632],[-76.48496927,3.43605976],[-76.48497757,3.4360555],[-76.48512341,3.43598373],[-76.48513371,3.43597892],[-76.4851686,3.43596634],[-76.48549642,3.43587306],[-76.48598215,3.4356996],[-76.48599367,3.43569577],[-76.48620159,3.43563194],[-76.48652759,3.43551391],[-76.48671996,3.43544746],[-76.48674144,3.43544102],[-76.48675154,3.43543866],[-76.48687045,3.43541324],[-76.48706102,3.4353394],[-76.48734005,3.43523688],[-76.48736648,3.43522869],[-76.48739927,3.43522248],[-76.4874707,3.43521351],[-76.48748189,3.43521235],[-76.48752703,3.4352124],[-76.48760812,3.43521948],[-76.48772255,3.43518057],[-76.48781239,3.4351283],[-76.48783921,3.43511465],[-76.48787116,3.43510292],[-76.48799765,3.43506537],[-76.48809948,3.43503126],[-76.48815153,3.43500924],[-76.48816632,3.43499373],[-76.48821353,3.43492495],[-76.48823508,3.43489752],[-76.48825996,3.4348731],[-76.48828775,3.43485209],[-76.488318,3.43483485],[-76.48841622,3.434787],[-76.4884266,3.43478222],[-76.48851499,3.43474415],[-76.488585,3.43468414],[-76.48861254,3.43466343],[-76.48861833,3.43465974],[-76.48871953,3.43459693],[-76.48875287,3.43457934],[-76.48885222,3.43453551],[-76.4889915,3.43444048],[-76.48899892,3.43443567],[-76.48906973,3.43439029],[-76.48907768,3.43435068],[-76.48909141,3.4343127],[-76.48911059,3.43427718],[-76.48913481,3.43424493],[-76.48916352,3.43421664],[-76.48925877,3.43413589],[-76.48928231,3.43411805],[-76.48930765,3.43410289],[-76.48933449,3.4340906],[-76.4894714,3.43403677],[-76.48951177,3.43402445],[-76.48955355,3.43401861],[-76.48959573,3.43401937],[-76.48963727,3.43402674],[-76.48975159,3.43405696],[-76.48978912,3.43406992],[-76.48982436,3.43408827],[-76.48985655,3.43411162],[-76.48988498,3.43413945],[-76.48997724,3.43424414],[-76.48998819,3.43425738],[-76.49001033,3.43429081],[-76.49010371,3.43445736],[-76.49011967,3.4344919],[-76.49013065,3.43452836],[-76.49013644,3.434566],[-76.49015131,3.43474545],[-76.49015183,3.43478293],[-76.49014721,3.43482012],[-76.49013753,3.43485632],[-76.49008089,3.43502106],[-76.49006553,3.43505707],[-76.49004518,3.43509048],[-76.49002025,3.43512059],[-76.48986845,3.43527911],[-76.48985502,3.43529218],[-76.48969255,3.43543732],[-76.48967967,3.43544812],[-76.48950044,3.4355892],[-76.4891843,3.43583495],[-76.48916677,3.43584748],[-76.489149,3.43585819],[-76.48850908,3.4362111],[-76.48849467,3.43621849],[-76.48749569,3.4366935],[-76.4868153,3.43702489],[-76.48681049,3.43702717],[-76.48635713,3.43723699],[-76.4862237,3.43735869],[-76.48614949,3.43748226],[-76.48605571,3.43770122],[-76.48589015,3.43808936],[-76.48580898,3.43832878],[-76.48579739,3.43840556],[-76.48578876,3.43844286],[-76.48577499,3.43847857],[-76.48575635,3.43851197],[-76.48573321,3.4385424],[-76.48568856,3.43859325],[-76.48566545,3.43861656],[-76.48563972,3.43863692],[-76.48561174,3.43865402],[-76.48560799,3.43866532],[-76.48560267,3.43868849],[-76.48559746,3.43870787],[-76.48558927,3.4387344],[-76.48556844,3.43880138],[-76.48554937,3.43888479],[-76.48554583,3.43890004],[-76.48554027,3.4389214],[-76.48553825,3.43892819],[-76.48553448,3.43893828],[-76.48553197,3.43894488],[-76.48552925,3.43895173],[-76.48552495,3.43896679],[-76.48552145,3.43897572],[-76.48551692,3.43898669],[-76.48551514,3.43899099],[-76.48551081,3.43900093],[-76.48549915,3.43902625],[-76.48549155,3.43904148],[-76.48547888,3.43906265],[-76.48546989,3.43907622],[-76.48545818,3.43909256],[-76.48543518,3.43911861],[-76.48542337,3.43913037],[-76.48541617,3.43913728],[-76.48540125,3.43915011],[-76.48537519,3.43917091],[-76.48536682,3.43917733],[-76.48535456,3.43918636],[-76.4853489,3.43919062],[-76.48534256,3.43919613],[-76.4853316,3.43920491],[-76.48532622,3.43921566],[-76.48531395,3.4392404],[-76.48531002,3.43924803],[-76.48529635,3.43927355],[-76.48527546,3.43930653],[-76.48526737,3.43931747],[-76.48526372,3.43932229],[-76.48524819,3.4393406],[-76.48523654,3.43935317],[-76.48521051,3.43937775],[-76.48518149,3.43939867],[-76.48514997,3.43941555],[-76.48511652,3.4394281],[-76.48508949,3.43943624],[-76.48507826,3.43943936],[-76.48505499,3.43944326],[-76.48505132,3.43945744],[-76.48504337,3.4394862],[-76.48504057,3.43949559],[-76.48503255,3.43952092],[-76.48503063,3.43952675],[-76.48501675,3.43956001],[-76.48500955,3.43957448],[-76.48500552,3.43958226],[-76.48498791,3.43961062],[-76.48497893,3.43962328],[-76.48497214,3.43963243],[-76.48496477,3.43964154],[-76.48495482,3.4396533],[-76.48493199,3.43967715],[-76.48492443,3.43968389],[-76.48491188,3.43969465],[-76.48488626,3.43971411],[-76.48487175,3.43972382],[-76.48483411,3.43974465],[-76.48480669,3.43975707],[-76.48476322,3.4397722],[-76.48474919,3.43977537],[-76.48471771,3.43978161],[-76.48468776,3.43978581],[-76.48465029,3.43978631],[-76.48463589,3.43978549],[-76.4846036,3.43978169],[-76.48457199,3.43977402],[-76.48454153,3.43976258],[-76.48451439,3.43975033],[-76.48448537,3.43973504],[-76.48445841,3.43971633],[-76.4844339,3.43969448],[-76.48442492,3.43968543],[-76.48440277,3.43966017],[-76.48438392,3.43963235],[-76.48436863,3.4396024],[-76.48435715,3.43957077],[-76.48435262,3.43955539],[-76.48434521,3.43952308]],[[-76.48486166,3.43917725],[-76.48488779,3.4391682],[-76.48490308,3.43916821],[-76.48493456,3.4391692],[-76.48495438,3.43917011],[-76.48496782,3.43917011],[-76.48499848,3.43917464],[-76.48501199,3.43917636],[-76.48503902,3.43916822],[-76.48505067,3.43915565],[-76.48505877,3.4391447],[-76.48507228,3.43911947],[-76.48508483,3.43909414],[-76.48509753,3.43906882],[-76.48511186,3.43904259],[-76.48511906,3.43902992],[-76.48512901,3.43902088],[-76.48515233,3.43900098],[-76.48516584,3.43899103],[-76.48517935,3.43897928],[-76.48519375,3.43896842],[-76.48520727,3.43895847],[-76.48523333,3.43893767],[-76.48524513,3.43892592],[-76.48525412,3.43891235],[-76.48526578,3.43888702],[-76.48526755,3.43888272],[-76.48527209,3.43887174],[-76.48527751,3.43885717],[-76.48528286,3.43884008],[-76.48530754,3.43873077],[-76.4853315,3.43865375],[-76.4853396,3.43862752],[-76.48534769,3.43859224],[-76.48535617,3.43856638],[-76.48536388,3.43854521],[-76.4853702,3.43852983],[-76.48537562,3.43851626],[-76.48538015,3.43850269],[-76.48538348,3.4384935],[-76.48538638,3.43848551],[-76.48540577,3.43845561],[-76.4854266,3.43842271],[-76.48548613,3.43841374],[-76.48553078,3.4383629],[-76.48554566,3.4382642],[-76.48563794,3.43799203],[-76.4858076,3.43759424],[-76.48590881,3.43735797],[-76.48601298,3.4371845],[-76.48620645,3.43700804],[-76.48669755,3.43678075],[-76.48737914,3.43644878],[-76.48837919,3.43597326],[-76.48901911,3.43562035],[-76.48933461,3.43537511],[-76.48951319,3.43523454],[-76.48967392,3.43509098],[-76.48982571,3.43493247],[-76.48988227,3.43476797],[-76.48986739,3.43458852],[-76.48977513,3.43442401],[-76.48968287,3.43431933],[-76.48956977,3.43428942],[-76.48943286,3.43434325],[-76.48933762,3.434424],[-76.48932868,3.43449279],[-76.48928999,3.43457354],[-76.48914117,3.43466626],[-76.48898342,3.43477393],[-76.48886139,3.43482776],[-76.4887602,3.43489056],[-76.488659,3.4349773],[-76.48853399,3.43503113],[-76.48843577,3.43507898],[-76.48837624,3.43516571],[-76.48830779,3.43523749],[-76.48819469,3.43528534],[-76.48807861,3.43532422],[-76.48794765,3.4353631],[-76.48783455,3.4354289],[-76.48764109,3.43549469],[-76.48750418,3.43548272],[-76.48743274,3.43549169],[-76.48715594,3.43559337],[-76.4869476,3.43567412],[-76.48680771,3.43570402],[-76.48661722,3.43576982],[-76.48628685,3.43588944],[-76.48607255,3.43595523],[-76.48557848,3.43613168],[-76.48524215,3.43622738],[-76.48509631,3.43629915],[-76.48482844,3.43644271],[-76.48466474,3.4365085],[-76.48442365,3.43660121],[-76.48434805,3.43663411],[-76.48432421,3.43745242],[-76.48437496,3.43839996],[-76.48434915,3.43919134],[-76.4844801,3.43923022],[-76.48451385,3.43923022],[-76.48453151,3.43923022],[-76.48453232,3.43923058],[-76.48454851,3.43923791],[-76.48456291,3.43924596],[-76.48457367,3.439256],[-76.48459171,3.43927952],[-76.48460158,3.4392939],[-76.48460789,3.43930747],[-76.48461153,3.43932285],[-76.48461331,3.43933823],[-76.48461509,3.43935361],[-76.48461509,3.43937079],[-76.48461508,3.43938707],[-76.48461419,3.43940788],[-76.48461233,3.43942506],[-76.48461152,3.43944225],[-76.48460966,3.43945763],[-76.48461151,3.43947843],[-76.48461604,3.43949381],[-76.48462502,3.43950286],[-76.48465108,3.43951462],[-76.48466548,3.43951543],[-76.48469696,3.4395092],[-76.48472309,3.43949735],[-76.4847366,3.43948831],[-76.48474915,3.43947754],[-76.4847591,3.43946579],[-76.48476809,3.43945312],[-76.48477529,3.43943865],[-76.48478331,3.43941332],[-76.48479059,3.43938709],[-76.48479779,3.43935905],[-76.48480054,3.43934458],[-76.48480678,3.43931383],[-76.48481034,3.43929845],[-76.48481488,3.43927955],[-76.48481666,3.43926408],[-76.48481577,3.43923604],[-76.48482476,3.43920718],[-76.48483471,3.43919723],[-76.48486166,3.43917725]]]]},"geometry_name":"the_geom","properties":{"id":1,"fuente":"DAPM","tipo_amena":"Amenaza no mitigable por inundación pluvial"}}],"totalFeatures":227,"numberMatched":227,"numberReturned":227,"timeStamp":"2026-09-25T18:59:56.918Z","crs":{"type":"name","properties":{"name":"urn:ogc:def:crs:EPSG::4326"}}}