{"type":"FeatureCollection","features":[{"type":"Feature","id":"amb_ari_efectos_sismicos.1","geometry":{"type":"MultiPolygon","coordinates":[[[[-76.53146027,3.40484326],[-76.53150057,3.40514566],[-76.53150281,3.40516149],[-76.53149603,3.40522366],[-76.53147339,3.40545593],[-76.53144282,3.40577807],[-76.53142926,3.40588714],[-76.531427,3.4059024],[-76.53128378,3.40650763],[-76.53128039,3.40652119],[-76.53064527,3.407706],[-76.53063851,3.40771899],[-76.53028699,3.40866207],[-76.53028136,3.4086762],[-76.52988465,3.40993123],[-76.52982267,3.41012618],[-76.52981027,3.41016856],[-76.52956231,3.41098002],[-76.52885449,3.4133025],[-76.52881277,3.41347146],[-76.52878909,3.41356753],[-76.52871353,3.41387777],[-76.52844854,3.41495316],[-76.52821166,3.41602121],[-76.52784391,3.41774028],[-76.52775325,3.41882595],[-76.5276794,3.42003201],[-76.52780185,3.42210689],[-76.52784807,3.42375782],[-76.52782382,3.42477006],[-76.52729958,3.42488164],[-76.52565612,3.42498234],[-76.52388904,3.42491511],[-76.52165164,3.42506178],[-76.52091035,3.42509805],[-76.52003176,3.42525235],[-76.5194175,3.42540061],[-76.51882567,3.42566587],[-76.51819102,3.42604866],[-76.51765078,3.42655868],[-76.51701596,3.42719581],[-76.51647558,3.42792908],[-76.51583962,3.42859898],[-76.51526786,3.42914063],[-76.51472869,3.42971451],[-76.51421992,3.4302562],[-76.51345796,3.43095767],[-76.51291775,3.43140382],[-76.5124416,3.43194609],[-76.51199698,3.43242396],[-76.51152084,3.43293401],[-76.51110768,3.43347632],[-76.51078778,3.43416282],[-76.51065807,3.43472679],[-76.50983343,3.43667727],[-76.50912601,3.4382729],[-76.50830197,3.43927726],[-76.50758789,3.44071011],[-76.50743712,3.44077218],[-76.50734039,3.44077212],[-76.50719416,3.44077202],[-76.50704794,3.44074763],[-76.50696696,3.44073118],[-76.50680498,3.44073108],[-76.5066351,3.44077166],[-76.50653722,3.44080438],[-76.50642807,3.44086083],[-76.50625027,3.44097431],[-76.50607922,3.44108837],[-76.50596554,3.44119398],[-76.50585302,3.441251],[-76.50572247,3.44134869],[-76.50564144,3.44141363],[-76.50549628,3.44149492],[-76.50541527,3.44153556],[-76.50518002,3.44177618],[-76.50514501,3.44198188],[-76.50511005,3.44212598],[-76.50508524,3.44223335],[-76.50495458,3.44249721],[-76.50488251,3.44261698],[-76.50478679,3.44278478],[-76.50470344,3.44295258],[-76.50462012,3.44308422],[-76.50446476,3.44328815],[-76.50434427,3.44349153],[-76.50417766,3.44369546],[-76.50405833,3.44383893],[-76.50393902,3.44394681],[-76.5038197,3.44407898],[-76.50368803,3.44418628],[-76.50354512,3.4442704],[-76.50336511,3.44431832],[-76.50315024,3.44434192],[-76.50278129,3.44434168],[-76.50238648,3.44431768],[-76.50214803,3.44429322],[-76.50190956,3.44429307],[-76.50159913,3.44423296],[-76.50139668,3.44419722],[-76.50116949,3.44414903],[-76.50102665,3.44412463],[-76.50098392,3.44410143],[-76.49998993,3.44524188],[-76.49836212,3.44718957],[-76.49717227,3.44850961],[-76.49641951,3.4505839],[-76.49610539,3.45272122],[-76.49591589,3.45523616],[-76.4959774,3.45749976],[-76.49610089,3.45957462],[-76.49628747,3.46152406],[-76.49672372,3.46353641],[-76.49763691,3.46900572],[-76.49759356,3.47334573],[-76.49740334,3.47692943],[-76.49763028,3.47907841],[-76.4980263,3.48070244],[-76.49927724,3.48233835],[-76.50096494,3.48523151],[-76.50192905,3.48684914],[-76.5020134,3.48688424],[-76.50231705,3.48699974],[-76.50272981,3.48712209],[-76.50316171,3.48721732],[-76.5036071,3.4873397],[-76.50376681,3.48737711],[-76.50394228,3.48739587],[-76.50423924,3.48741698],[-76.50471163,3.48753937],[-76.5051907,3.48774994],[-76.50535377,3.48782013],[-76.50571139,3.48797409],[-76.50671676,3.48842916],[-76.50710246,3.48865323],[-76.50750724,3.48895191],[-76.50793557,3.48934782],[-76.50817387,3.48963226],[-76.50843577,3.48994272],[-76.50875828,3.49046799],[-76.50898425,3.49068065],[-76.50921115,3.4911872],[-76.50928524,3.49143141],[-76.50931662,3.49161511],[-76.50904556,3.49153581],[-76.50823373,3.49445445],[-76.49818334,3.49841934],[-76.49775329,3.50061026],[-76.4967307,3.50066779],[-76.49638428,3.50057713],[-76.49628638,3.50063189],[-76.49621096,3.50069683],[-76.49608939,3.50081826],[-76.49606007,3.50092507],[-76.49606338,3.50102793],[-76.49612966,3.50115684],[-76.49636357,3.50127455],[-76.49657273,3.50138773],[-76.4966683,3.50146127],[-76.49671549,3.50154551],[-76.49671542,3.50165233],[-76.49667937,3.50173313],[-76.49659495,3.5018105],[-76.49650717,3.50185452],[-76.49639355,3.50185841],[-76.49618774,3.50179553],[-76.49586159,3.5016738],[-76.4956839,3.50159681],[-76.49554892,3.50158203],[-76.49538016,3.50160735],[-76.495208,3.50167732],[-76.49511231,3.50179481],[-76.49503456,3.50199144],[-76.49501643,3.50218981],[-76.49504883,3.50251764],[-76.49518464,3.50297383],[-76.49521036,3.50319992],[-76.49521027,3.50334348],[-76.49518431,3.50346836],[-76.49503015,3.50353439],[-76.49493116,3.50352697],[-76.49458702,3.50340579],[-76.4944543,3.50337688],[-76.49429342,3.50338751],[-76.49411788,3.50347952],[-76.49397379,3.50361563],[-76.49387921,3.50374782],[-76.49384649,3.50389531],[-76.49386093,3.50417452],[-76.49391139,3.50440627],[-76.49398892,3.50455214],[-76.49412383,3.50466979],[-76.49431384,3.50483156],[-76.49435761,3.5049791],[-76.49433612,3.50515204],[-76.4942258,3.50526952],[-76.49406149,3.50537227],[-76.49374198,3.5054201],[-76.49341237,3.50542722],[-76.49326949,3.50544295],[-76.49315132,3.50551974],[-76.49297912,3.50565979],[-76.49281028,3.50580662],[-76.49265268,3.50596476],[-76.49250638,3.50606414],[-76.49235674,3.50609682],[-76.49217677,3.50605996],[-76.49200583,3.50599145],[-76.49182474,3.50596025],[-76.49180571,3.50581724],[-76.4918003,3.50549283],[-76.49186134,3.50505655],[-76.49189767,3.50456543],[-76.491968,3.50368662],[-76.49200446,3.5029909],[-76.49190472,3.50243017],[-76.4917893,3.50177053],[-76.49170974,3.5013042],[-76.49169982,3.50100182],[-76.49169109,3.50059432],[-76.49156991,3.50012005],[-76.49144639,3.49979838],[-76.49121934,3.49952241],[-76.49099896,3.49936684],[-76.49075605,3.49925025],[-76.49045242,3.49911157],[-76.49016448,3.49904469],[-76.48995526,3.4990225],[-76.48962801,3.49887533],[-76.48940316,3.49867285],[-76.48921427,3.4985286],[-76.48900294,3.49830125],[-76.48879608,3.49811234],[-76.48851383,3.49795672],[-76.4881776,3.49777338],[-76.48755576,3.49741972],[-76.48722401,3.49727537],[-76.48679891,3.49709761],[-76.48636816,3.49696394],[-76.48617477,3.49680895],[-76.48574758,3.4963989],[-76.4853912,3.4960765],[-76.48504272,3.49572303],[-76.48478193,3.49543404],[-76.48451104,3.49512357],[-76.48434586,3.49484595],[-76.48419648,3.49450222],[-76.48389879,3.49389219],[-76.48370564,3.49339865],[-76.48348889,3.49287289],[-76.48345639,3.49268975],[-76.48342852,3.4923071],[-76.48341316,3.49174191],[-76.48334158,3.49112581],[-76.48324197,3.49037235],[-76.48314897,3.48982915],[-76.48298407,3.48915252],[-76.48266966,3.48830905],[-76.48239222,3.48770694],[-76.48214961,3.48716364],[-76.48197325,3.48679728],[-76.48191264,3.48659208],[-76.48184529,3.48637161],[-76.48182417,3.48601101],[-76.48182471,3.48520111],[-76.48181375,3.48477439],[-76.48174206,3.48432502],[-76.48166464,3.48403107],[-76.48147147,3.48357145],[-76.48124002,3.48315588],[-76.48107374,3.48285622],[-76.48077035,3.4823677],[-76.48039604,3.48194638],[-76.48010713,3.48167659],[-76.47998009,3.48156008],[-76.47982604,3.48147124],[-76.47966075,3.48137109],[-76.47947295,3.48128223],[-76.47941225,3.48122115],[-76.4794338,3.48096061],[-76.47943955,3.48078315],[-76.47940137,3.480678],[-76.47931259,3.48055586],[-76.47917994,3.48042295],[-76.47903717,3.48028947],[-76.47890453,3.48014526],[-76.47878876,3.48000106],[-76.47874945,3.47991965],[-76.47875627,3.47815629],[-76.47869472,3.47768149],[-76.47859595,3.4773491],[-76.47843642,3.47705509],[-76.47812171,3.47667734],[-76.47776878,3.47625604],[-76.47732474,3.47581998],[-76.47697177,3.47545915],[-76.47679533,3.47521487],[-76.47659077,3.47495983],[-76.47641429,3.47477151],[-76.47628165,3.47463803],[-76.47616024,3.47452152],[-76.47611081,3.47441636],[-76.47608389,3.47431631],[-76.47607279,3.47408514],[-76.47607292,3.47389694],[-76.47604489,3.47376919],[-76.47600677,3.47358604],[-76.47598438,3.47342551],[-76.47597888,3.47323674],[-76.47596245,3.47259016],[-76.47599676,3.47175881],[-76.47595788,3.47103196],[-76.47591998,3.47053287],[-76.47580342,3.46989697],[-76.47568221,3.46948656],[-76.47556092,3.46920897],[-76.47540139,3.46889858],[-76.47524635,3.46862097],[-76.47515876,3.46840501],[-76.47500377,3.46803415],[-76.4748487,3.4677961],[-76.47473296,3.46761855],[-76.47460033,3.46745738],[-76.47455092,3.46734092],[-76.47455103,3.4671855],[-76.47462313,3.46701938],[-76.47470087,3.46684197],[-76.47475612,3.46665324],[-76.47475631,3.466365],[-76.47472274,3.4661016],[-76.47467902,3.46588511],[-76.47469602,3.465702],[-76.47480084,3.46539179],[-76.47509362,3.46494267],[-76.47534469,3.46461334],[-76.4756317,3.46436373],[-76.47586919,3.46415873],[-76.47599642,3.463987],[-76.47620698,3.4636763],[-76.47660558,3.46309161],[-76.47697605,3.46252612],[-76.47723056,3.46209958],[-76.47743551,3.46176683],[-76.47753469,3.46148996],[-76.47761814,3.46117634],[-76.47765096,3.4608932],[-76.47765111,3.46066035],[-76.47760748,3.46031669],[-76.47745812,3.45995035],[-76.47735928,3.45972873],[-76.47679649,3.45859233],[-76.47671347,3.45826504],[-76.47665191,3.45781059],[-76.47670295,3.45718101],[-76.47676965,3.45669726],[-76.47662183,3.45571544],[-76.47648958,3.45499475],[-76.47638292,3.45470247],[-76.47623459,3.45447517],[-76.47605816,3.45421959],[-76.47593687,3.45393691],[-76.47585039,3.45372661],[-76.47586415,3.45334908],[-76.47597603,3.45258559],[-76.4761057,3.45212562],[-76.47622184,3.45171256],[-76.47625574,3.45147972],[-76.47625257,3.45117735],[-76.47627523,3.45093943],[-76.47619579,3.45031145],[-76.47607784,3.45007456],[-76.47583855,3.44962508],[-76.475643,3.44936214],[-76.47531479,3.4490002],[-76.47507201,3.44870953],[-76.4749395,3.44838672],[-76.47482279,3.44798593],[-76.47481529,3.44742809],[-76.47490899,3.44692797],[-76.47509736,3.44615775],[-76.47520794,3.44564691],[-76.47522952,3.44534059],[-76.47523091,3.44494723],[-76.47518506,3.4445544],[-76.47507417,3.44385689],[-76.47498008,3.44327525],[-76.47471503,3.44265394],[-76.47444871,3.44226095],[-76.47413625,3.44189902],[-76.47388554,3.44169426],[-76.47364275,3.44144258],[-76.47336729,3.44124232],[-76.47304681,3.4410929],[-76.4726318,3.44100614],[-76.47227185,3.44100589],[-76.47185672,3.44109999],[-76.47141003,3.44127998],[-76.47094866,3.4415549],[-76.47065819,3.44193225],[-76.47045421,3.44249785],[-76.47044487,3.44298842],[-76.47031966,3.44351508],[-76.47009972,3.44438757],[-76.46982012,3.44531484],[-76.46943012,3.4464828],[-76.46915657,3.44680476],[-76.46889767,3.44707192],[-76.46851396,3.44726777],[-76.46808417,3.44740142],[-76.46755098,3.44741687],[-76.46699537,3.44731419],[-76.46627563,3.44707801],[-76.46569649,3.44684137],[-76.46538396,3.44657439],[-76.46521209,3.44623629],[-76.46510686,3.4455077],[-76.46514986,3.44512793],[-76.46528849,3.44473183],[-76.465319,3.44452387],[-76.46534282,3.44423508],[-76.46547265,3.44355243],[-76.4656653,3.44312077],[-76.4658873,3.44252183],[-76.46596281,3.44231898],[-76.46607325,3.44201725],[-76.46606562,3.44166344],[-76.4659727,3.44101116],[-76.46582463,3.44041366],[-76.46547093,3.43950461],[-76.46491579,3.43871862],[-76.46450665,3.43828654],[-76.46404009,3.43791603],[-76.46321602,3.43727398],[-76.46263814,3.43686269],[-76.46205801,3.43644744],[-76.46176017,3.43608609],[-76.4615647,3.43571632],[-76.4614637,3.43538619],[-76.46146281,3.43504312],[-76.46146899,3.43422588],[-76.46147976,3.43329786],[-76.46154304,3.43287345],[-76.46155118,3.43248066],[-76.46150324,3.43186289],[-76.46132364,3.43132867],[-76.46104182,3.4305813],[-76.4608701,3.43003126],[-76.46069728,3.4294377],[-76.46046256,3.42889497],[-76.46031435,3.42850998],[-76.460283,3.42830536],[-76.46028323,3.42796738],[-76.46046401,3.42679928],[-76.46081027,3.42543179],[-76.4613761,3.42372929],[-76.46160367,3.42321062],[-76.46170058,3.42296879],[-76.46179427,3.42248732],[-76.46190282,3.42165771],[-76.46190459,3.42071386],[-76.46182524,3.41996777],[-76.46168645,3.41895883],[-76.46147881,3.41830986],[-76.46126667,3.41764732],[-76.46113335,3.41687293],[-76.46108982,3.41637893],[-76.46108998,3.41614325],[-76.4611059,3.41589176],[-76.46121175,3.41572567],[-76.46136714,3.41548275],[-76.46161476,3.41524724],[-76.46208855,3.4148949],[-76.46239012,3.41471933],[-76.46274564,3.41460259],[-76.46306964,3.41452199],[-76.46350168,3.41436178],[-76.46386513,3.41416534],[-76.46430177,3.41386101],[-76.46468905,3.41334471],[-76.46515201,3.41238535],[-76.4654676,3.41143832],[-76.46566252,3.41094901],[-76.46586755,3.41048853],[-76.46596342,3.41011218],[-76.46602109,3.40966573],[-76.46601341,3.40937579],[-76.46593718,3.40899085],[-76.46583953,3.40868784],[-76.465571,3.40824738],[-76.46521358,3.40785773],[-76.4649304,3.40745569],[-76.46475621,3.40723006],[-76.46467551,3.4068016],[-76.46475117,3.40637212],[-76.46491228,3.40598621],[-76.46505079,3.40574554],[-76.46525001,3.40555295],[-76.46546056,3.40523885],[-76.46584994,3.40496162],[-76.4662562,3.40464596],[-76.46668946,3.40433654],[-76.46702934,3.40406774],[-76.46715435,3.40383215],[-76.46724129,3.40335011],[-76.46732146,3.40288502],[-76.46730602,3.40243286],[-76.46728725,3.40191797],[-76.46718636,3.40140585],[-76.46699997,3.40092871],[-76.46657987,3.40007217],[-76.46600683,3.39917654],[-76.46558098,3.39851329],[-76.46528879,3.39814007],[-76.46510565,3.39784096],[-76.46483149,3.39741576],[-76.46449217,3.39686674],[-76.46432937,3.39642918],[-76.46421708,3.39615329],[-76.46421294,3.39562711],[-76.46427289,3.39512696],[-76.46429355,3.39451771],[-76.46432968,3.39431936],[-76.46446939,3.39396735],[-76.46455961,3.39362321],[-76.46463172,3.39344184],[-76.46467683,3.39327006],[-76.46469495,3.39308864],[-76.46469507,3.39289874],[-76.46473122,3.39268117],[-76.46478653,3.39238223],[-76.46485872,3.3920833],[-76.46491287,3.39184766],[-76.46496695,3.39172053],[-76.46502106,3.39153971],[-76.46502118,3.39135828],[-76.46501233,3.39114068],[-76.46498562,3.39072413],[-76.46492285,3.39039798],[-76.46483305,3.39012606],[-76.46459022,3.38994278],[-76.4643004,3.38938701],[-76.46393199,3.38862941],[-76.46370289,3.38810477],[-76.46361426,3.38776673],[-76.46358415,3.38738634],[-76.46359113,3.3870382],[-76.46364198,3.38668726],[-76.46381099,3.38625896],[-76.46399126,3.38581712],[-76.46421095,3.38527639],[-76.46451727,3.38472159],[-76.46488095,3.38417079],[-76.46526374,3.38362508],[-76.46556988,3.38333536],[-76.46583544,3.38316711],[-76.46599193,3.38295302],[-76.46606514,3.38280103],[-76.46616868,3.38270954],[-76.46629592,3.38250899],[-76.46637475,3.38235701],[-76.46640525,3.38217448],[-76.46644151,3.38177888],[-76.46647215,3.3813714],[-76.46645988,3.38121597],[-76.46641842,3.38098478],[-76.46625889,3.38070547],[-76.46614897,3.38024308],[-76.46615371,3.37989267],[-76.46630682,3.37968366],[-76.46647676,3.37954135],[-76.46675351,3.37945733],[-76.46716629,3.37947343],[-76.46738671,3.37952219],[-76.46772178,3.37968971],[-76.46805789,3.37998779],[-76.4683885,3.38010274],[-76.46883502,3.38011774],[-76.46937502,3.37995985],[-76.46981493,3.37978664],[-76.47021656,3.37965466],[-76.47058664,3.37961422],[-76.47088817,3.37947765],[-76.47107393,3.37922514],[-76.47132266,3.37898793],[-76.47149726,3.37860146],[-76.47152775,3.37841271],[-76.47154584,3.37827426],[-76.47164944,3.37809403],[-76.47171925,3.37799404],[-76.47181942,3.37789407],[-76.47184872,3.37780366],[-76.47191291,3.37768784],[-76.47195234,3.37759179],[-76.47190294,3.37746403],[-76.47192102,3.37733574],[-76.47189298,3.37721308],[-76.47178847,3.37708189],[-76.47167719,3.37696934],[-76.47159852,3.37686755],[-76.47158167,3.37683815],[-76.47735846,3.37690872],[-76.48227045,3.38018779],[-76.48779634,3.38387757],[-76.48855637,3.38438447],[-76.48948616,3.38500565],[-76.49611056,3.38942803],[-76.49905063,3.39139169],[-76.50034922,3.39225839],[-76.5018232,3.3932422],[-76.50441745,3.3907418],[-76.50782654,3.38745574],[-76.50730335,3.38592432],[-76.50254547,3.3806577],[-76.50464343,3.37673497],[-76.50065063,3.36410562],[-76.50060453,3.36407903],[-76.49979645,3.36132324],[-76.49903925,3.3528529],[-76.49921365,3.34744419],[-76.50028566,3.34900931],[-76.50294989,3.35125988],[-76.50499677,3.35331902],[-76.50618532,3.35561669],[-76.50827972,3.35724519],[-76.50999259,3.35925607],[-76.51001282,3.35929112],[-76.51171388,3.36222099],[-76.51265573,3.36334687],[-76.51312445,3.36383774],[-76.51335145,3.36415947],[-76.5138202,3.36460909],[-76.5149959,3.36591089],[-76.51776069,3.36756805],[-76.51852346,3.36910527],[-76.51940465,3.37194418],[-76.51987368,3.37377681],[-76.51987243,3.37578718],[-76.51987145,3.37738326],[-76.52057657,3.37939407],[-76.5214585,3.38105005],[-76.52286909,3.38270636],[-76.52300285,3.38286074],[-76.52307332,3.38349944],[-76.5228513,3.3842007],[-76.52253234,3.38525344],[-76.52208739,3.38630554],[-76.5220237,3.38745396],[-76.52202316,3.38831531],[-76.52202271,3.38904892],[-76.52202234,3.3896548],[-76.52218054,3.39029299],[-76.52218028,3.39070784],[-76.5222429,3.39131376],[-76.52224246,3.39201572],[-76.52221018,3.39329132],[-76.52189221,3.3945351],[-76.52170133,3.39581117],[-76.52147797,3.39686341],[-76.52109715,3.39788389],[-76.52074638,3.39941476],[-76.5207142,3.40053155],[-76.52061803,3.40142449],[-76.52074436,3.40266854],[-76.52074395,3.40333828],[-76.52088419,3.40391825],[-76.52116953,3.40449266],[-76.52147973,3.40489979],[-76.52178886,3.40521084],[-76.52236009,3.40549831],[-76.5230742,3.40573839],[-76.52371646,3.40576253],[-76.52426426,3.40573914],[-76.52497966,3.40570285],[-76.52569283,3.40564395],[-76.52635988,3.40559689],[-76.5269313,3.40557294],[-76.52738911,3.4055574],[-76.52797855,3.40550181],[-76.52885486,3.40537575],[-76.52944657,3.40529078],[-76.52985942,3.40521586],[-76.53109578,3.40492217],[-76.53146027,3.40484326]]]]},"geometry_name":"the_geom","properties":{"id":1,"tipo":"Zona susceptible a licuacion (Áreas estudiadas)"}},{"type":"Feature","id":"amb_ari_efectos_sismicos.2","geometry":{"type":"MultiPolygon","coordinates":[[[[-76.4917659,3.50573213],[-76.49175665,3.50570165],[-76.49177043,3.50570289],[-76.4917692,3.50568592],[-76.49176196,3.50553741],[-76.49176196,3.50552393],[-76.49176287,3.50551396],[-76.49176287,3.5054968],[-76.49176555,3.5054679],[-76.49176646,3.50545433],[-76.49177097,3.50543081],[-76.4917728,3.50541901],[-76.49177638,3.50539916],[-76.49177906,3.50538828],[-76.4917818,3.50536927],[-76.49178265,3.50535754],[-76.49178631,3.50532497],[-76.49178807,3.50530145],[-76.4917899,3.50527255],[-76.49178922,3.50523144],[-76.49179663,3.50520249],[-76.49180566,3.50516123],[-76.49181243,3.50512337],[-76.49181921,3.50508719],[-76.49182824,3.50504706],[-76.49183388,3.50501654],[-76.49183278,3.50497358],[-76.49183507,3.50492554],[-76.49183961,3.50486788],[-76.49184752,3.50480458],[-76.49185206,3.50475314],[-76.49185884,3.50470962],[-76.49187349,3.50467232],[-76.49187578,3.50461466],[-76.49188145,3.50455136],[-76.491886,3.50447844],[-76.49188827,3.50443718],[-76.4918883,3.50440044],[-76.49188945,3.50436426],[-76.4918906,3.50432639],[-76.49189175,3.50428399],[-76.49189515,3.50425234],[-76.49190307,3.50417886],[-76.49190536,3.5041212],[-76.49191102,3.50407316],[-76.49191444,3.50400589],[-76.49191447,3.50396237],[-76.4919145,3.50391093],[-76.49191228,3.50386627],[-76.49191007,3.50381766],[-76.49190677,3.50378157],[-76.49190881,3.50377136],[-76.49191247,3.50374692],[-76.49191331,3.50373243],[-76.49191423,3.50372162],[-76.49192323,3.50365104],[-76.49192506,3.50364023],[-76.49192773,3.50362844],[-76.49193048,3.50361219],[-76.49193224,3.50360314],[-76.49193498,3.50359226],[-76.49193674,3.50358237],[-76.49193857,3.50357333],[-76.49193948,3.50356429],[-76.49194216,3.50355157],[-76.49194216,3.50353984],[-76.49194124,3.50352896],[-76.49193766,3.50351087],[-76.49193499,3.50350183],[-76.49193049,3.50349279],[-76.49191784,3.50347201],[-76.49191067,3.50345753],[-76.49190708,3.5034458],[-76.49190167,3.50343132],[-76.49189267,3.50340419],[-76.49188909,3.50339246],[-76.49188459,3.50337522],[-76.49188276,3.50336349],[-76.49188008,3.50335269],[-76.49187889,3.50332698],[-76.49188118,3.50327611],[-76.49188684,3.50321958],[-76.49189138,3.5031591],[-76.49189141,3.50310879],[-76.49189144,3.5030647],[-76.4918926,3.50301722],[-76.49189489,3.50296465],[-76.4918983,3.50291095],[-76.49189833,3.50286234],[-76.49189048,3.50281542],[-76.49187927,3.5027651],[-76.49187143,3.50271366],[-76.49186583,3.50267465],[-76.49185011,3.50262772],[-76.49183661,3.50260056],[-76.49183608,3.5025984],[-76.49183426,3.50258936],[-76.49183067,3.50257763],[-76.49182793,3.50256675],[-76.49182617,3.5025577],[-76.49182167,3.50254958],[-76.49182618,3.5025387],[-76.49183335,3.50252605],[-76.49183609,3.50251609],[-76.49184059,3.50250345],[-76.49184685,3.5024908],[-76.49185044,3.50248084],[-76.49185318,3.50247003],[-76.49185044,3.50245915],[-76.49184418,3.5024501],[-76.49183069,3.50244198],[-76.49182169,3.50243837],[-76.49181177,3.5024347],[-76.49180277,3.50243293],[-76.49178386,3.50242749],[-76.49177486,3.50242565],[-76.49176319,3.50242388],[-76.49176002,3.50242321],[-76.49175799,3.50241907],[-76.49174564,3.50238345],[-76.49175241,3.50234276],[-76.49175469,3.50230206],[-76.49174796,3.50226588],[-76.49173899,3.502228],[-76.49172889,3.50218051],[-76.49171992,3.50213641],[-76.49171433,3.50208836],[-76.49171099,3.50203861],[-76.49170314,3.50199113],[-76.49169534,3.50195176],[-76.49169665,3.50194818],[-76.49170291,3.5019373],[-76.49171016,3.50192105],[-76.49170566,3.50190657],[-76.49170292,3.50189576],[-76.49170116,3.50187852],[-76.49170025,3.50186771],[-76.49169933,3.5018487],[-76.49169842,3.50183698],[-76.49169751,3.50181069],[-76.49169751,3.50179896],[-76.49169667,3.50178272],[-76.49169667,3.50177275],[-76.49169576,3.50175643],[-76.49169576,3.50172845],[-76.49169485,3.50171849],[-76.49169394,3.50169765],[-76.49169394,3.50166784],[-76.49169303,3.50162982],[-76.49168945,3.50159365],[-76.49168769,3.50158376],[-76.49168769,3.50157104],[-76.49168587,3.50154575],[-76.49168587,3.50153579],[-76.49168495,3.50152674],[-76.49168495,3.50151593],[-76.49168404,3.50150505],[-76.49168404,3.50149417],[-76.4916832,3.50148428],[-76.49168229,3.50146436],[-76.49168138,3.5014544],[-76.49168138,3.50144083],[-76.49168046,3.50142727],[-76.49168047,3.50139385],[-76.49167955,3.50138113],[-76.49167956,3.50135315],[-76.49167871,3.50134044],[-76.49167872,3.50132871],[-76.4916778,3.50131514],[-76.4916778,3.50130066],[-76.49167689,3.5012907],[-76.4916769,3.50124915],[-76.49167598,3.50123644],[-76.49167599,3.50120026],[-76.49167507,3.50118945],[-76.49167508,3.50114784],[-76.49167424,3.5011388],[-76.49167424,3.50110714],[-76.4916715,3.50107366],[-76.49166974,3.50106101],[-76.49166883,3.50105105],[-76.49166525,3.50103296],[-76.49165983,3.5010131],[-76.49165625,3.50100314],[-76.49165084,3.50098506],[-76.4916481,3.50097509],[-76.49164543,3.50096153],[-76.4916436,3.50094704],[-76.49164184,3.50093715],[-76.49164093,3.50092811],[-76.49164002,3.50091539],[-76.49164002,3.5008937],[-76.49163911,3.50088466],[-76.49163735,3.50086389],[-76.49163194,3.500834],[-76.49162927,3.50082411],[-76.49162561,3.50081231],[-76.49162294,3.50080058],[-76.49161936,3.5007897],[-76.49161486,3.50077889],[-76.49161212,3.50076985],[-76.49160495,3.50075176],[-76.49160228,3.5007418],[-76.49159954,3.50073275],[-76.49159504,3.50071919],[-76.49159145,3.50070562],[-76.49158878,3.50069658],[-76.49158513,3.50068662],[-76.49158154,3.50067305],[-76.49157887,3.50066401],[-76.49157837,3.5006626],[-76.49157915,3.50065474],[-76.49157806,3.50061009],[-76.49157021,3.50057051],[-76.49155673,3.50052924],[-76.49154101,3.50048401],[-76.49152529,3.50044047],[-76.49150845,3.50039411],[-76.49148823,3.50034548],[-76.49146463,3.50029968],[-76.49144553,3.50026744],[-76.49142979,3.50023804],[-76.49140732,3.50019789],[-76.49138372,3.50015548],[-76.491359,3.50011024],[-76.49133202,3.50006613],[-76.4913073,3.50002485],[-76.49128257,3.49998526],[-76.4912556,3.49995076],[-76.49121962,3.49991682],[-76.49118251,3.49987949],[-76.49115778,3.49985064],[-76.49113642,3.49982576],[-76.49110606,3.49979239],[-76.49107346,3.49975958],[-76.49103073,3.49972224],[-76.49098687,3.49968547],[-76.49097825,3.49967722],[-76.49097416,3.49967186],[-76.49094807,3.4996402],[-76.49093725,3.49962847],[-76.49092649,3.49961759],[-76.49091658,3.49960947],[-76.49090491,3.4995995],[-76.49089408,3.49959138],[-76.4908815,3.49958233],[-76.49086975,3.49957421],[-76.49085625,3.49956608],[-76.49083917,3.49955428],[-76.49083109,3.49954891],[-76.49081492,3.49953619],[-76.49080767,3.49953082],[-76.49077168,3.49949917],[-76.49076092,3.49949189],[-76.49074018,3.49947924],[-76.49072942,3.49947288],[-76.49072042,3.49946836],[-76.49070868,3.49946115],[-76.4906961,3.49945479],[-76.49068443,3.49944942],[-76.4906736,3.49944306],[-76.4906601,3.4994367],[-76.49064751,3.49943041],[-76.49063402,3.49942405],[-76.49062052,3.49941684],[-76.49060793,3.49941048],[-76.49058452,3.49939783],[-76.49057278,3.49939239],[-76.49056019,3.4993861],[-76.49052961,3.49937338],[-76.49051794,3.49936886],[-76.49050528,3.49936165],[-76.4904927,3.49935352],[-76.49048194,3.4993454],[-76.49046394,3.49933268],[-76.49045403,3.49932639],[-76.49043062,3.4993119],[-76.49041803,3.49930554],[-76.4904072,3.49929834],[-76.49039553,3.49929289],[-76.49038562,3.49928745],[-76.49037571,3.49928293],[-76.49036221,3.49927572],[-76.49034962,3.49926936],[-76.49033612,3.49926307],[-76.49031271,3.49925042],[-76.4902983,3.49924406],[-76.4902848,3.49923686],[-76.49027404,3.49923141],[-76.49026054,3.49922597],[-76.49024796,3.49921961],[-76.49023713,3.49921509],[-76.49022722,3.49921057],[-76.49021646,3.49920696],[-76.49020296,3.49920067],[-76.49018946,3.49919523],[-76.4901754,3.49918903],[-76.49016701,3.49918408],[-76.49012765,3.49916088],[-76.49008491,3.49913655],[-76.4900343,3.49910938],[-76.48998482,3.49908391],[-76.48994658,3.4990641],[-76.48990721,3.49904372],[-76.48986672,3.49902052],[-76.48981949,3.49899279],[-76.4897745,3.49896789],[-76.48974413,3.49895204],[-76.48971602,3.49893902],[-76.48967552,3.49892033],[-76.48962716,3.49889826],[-76.48957767,3.49887335],[-76.48953831,3.49885298],[-76.48950119,3.49883317],[-76.48946295,3.49881166],[-76.48941797,3.49878563],[-76.48936961,3.49875733],[-76.48933249,3.49873413],[-76.48929651,3.49871149],[-76.48926052,3.49868773],[-76.48921666,3.49865887],[-76.48917055,3.49862888],[-76.48914131,3.49860851],[-76.4891042,3.49858474],[-76.48906484,3.49855871],[-76.48901648,3.4985259],[-76.48896137,3.49849251],[-76.48891189,3.49846873],[-76.48886015,3.49844552],[-76.48879829,3.49841608],[-76.48874317,3.49839004],[-76.48869481,3.49836684],[-76.48864757,3.4983425],[-76.48858684,3.49830967],[-76.48853061,3.49827911],[-76.48848112,3.49824855],[-76.48842827,3.49821573],[-76.48836641,3.49818121],[-76.48831355,3.4981563],[-76.48826293,3.49813535],[-76.48820894,3.49811157],[-76.4881527,3.49808666],[-76.48810771,3.49807193],[-76.48806271,3.49805833],[-76.48802335,3.49804474],[-76.48799073,3.49803285],[-76.48795923,3.49802209],[-76.48791762,3.49800284],[-76.487876,3.49798472],[-76.48783213,3.49796661],[-76.48778264,3.49795131],[-76.48772527,3.49793601],[-76.4876724,3.49792354],[-76.48766978,3.49792302],[-76.48761199,3.49790804],[-76.48754424,3.49789739],[-76.48750028,3.49788441],[-76.48744292,3.4978629],[-76.48742604,3.49785652],[-76.48736183,3.49782846],[-76.48728984,3.49780493],[-76.48728696,3.49780429],[-76.48722808,3.49778079],[-76.48717409,3.49775927],[-76.48711785,3.49773605],[-76.48707849,3.49771737],[-76.48705149,3.49770209],[-76.48699864,3.49766927],[-76.4869469,3.49763871],[-76.48691091,3.4976206],[-76.48688167,3.49760814],[-76.48680855,3.49758322],[-76.48674893,3.49756622],[-76.48668932,3.49754074],[-76.48664996,3.49752093],[-76.48662184,3.49750622],[-76.4865656,3.49747905],[-76.48654521,3.49747063],[-76.48650056,3.49744763],[-76.4864079,3.4973834],[-76.48637457,3.49736622],[-76.48624683,3.49728666],[-76.48621624,3.49726313],[-76.48619052,3.49725409],[-76.48618547,3.49725098],[-76.48613487,3.4972176],[-76.48608539,3.49718252],[-76.4860494,3.49715649],[-76.48603205,3.49714321],[-76.48603176,3.49714286],[-76.48602726,3.49710576],[-76.48601011,3.49707136],[-76.48590037,3.49696735],[-76.48583379,3.4969294],[-76.48566281,3.49678193],[-76.48554582,3.49668519],[-76.48546483,3.49660556],[-76.48543469,3.49659045],[-76.48542689,3.49658342],[-76.48541442,3.4965667],[-76.48540093,3.49653773],[-76.48537034,3.49651512],[-76.4853271,3.49647809],[-76.48521736,3.49636136],[-76.48515163,3.49629176],[-76.4849744,3.49609456],[-76.4849249,3.49604481],[-76.48485291,3.49597882],[-76.48472602,3.49583319],[-76.48468552,3.49579433],[-76.48465403,3.49576359],[-76.48461979,3.49572558],[-76.48459279,3.49566771],[-76.48457122,3.49561521],[-76.48455413,3.49558808],[-76.48453164,3.49556822],[-76.48450731,3.49555014],[-76.48446773,3.4955266],[-76.48445514,3.49551396],[-76.48443623,3.49548951],[-76.48443173,3.49547955],[-76.48442365,3.49545694],[-76.48441824,3.49544704],[-76.48437683,3.49539186],[-76.48435349,3.49535116],[-76.48434084,3.49533216],[-76.484322,3.49529415],[-76.48430035,3.49526072],[-76.48427785,3.49523267],[-76.48425627,3.49519833],[-76.48424369,3.49517749],[-76.48422478,3.49513503],[-76.48420952,3.49509066],[-76.48418162,3.49503187],[-76.48413662,3.49496496],[-76.48411771,3.4949297],[-76.48409705,3.49490073],[-76.48408531,3.49487904],[-76.4840754,3.49485643],[-76.48403041,3.49475971],[-76.48391805,3.49453013],[-76.48391623,3.49452515],[-76.48391168,3.49450916],[-76.48390643,3.49449832],[-76.48390228,3.49448695],[-76.48388431,3.4944338],[-76.4838641,3.49438065],[-76.4838543,3.49436029],[-76.48382888,3.49428943],[-76.48379114,3.49416282],[-76.48376949,3.49407867],[-76.48376141,3.49405698],[-76.48370797,3.4939547],[-76.48369565,3.4939108],[-76.48367881,3.49385765],[-76.48366422,3.49380168],[-76.48364851,3.49374232],[-76.48363055,3.49368465],[-76.48361821,3.49363377],[-76.48361149,3.49358402],[-76.48360365,3.49353257],[-76.48359581,3.49347604],[-76.48358797,3.49342233],[-76.48357563,3.49337145],[-76.48356442,3.49332057],[-76.48355995,3.49327026],[-76.48355886,3.49321599],[-76.48355665,3.49316285],[-76.4835488,3.49311423],[-76.48354096,3.49306505],[-76.48353649,3.49301983],[-76.48353314,3.49298421],[-76.48352754,3.49294803],[-76.48352756,3.49291524],[-76.48352646,3.49287681],[-76.48351524,3.49284119],[-76.48349726,3.49280443],[-76.48348154,3.49276598],[-76.48347705,3.49274393],[-76.48343138,3.49251928],[-76.48341201,3.49242508],[-76.48338502,3.49226794],[-76.48338811,3.4922609],[-76.4833917,3.49224918],[-76.48339536,3.4922383],[-76.4834007,3.49222113],[-76.48340345,3.4921976],[-76.48340521,3.49217952],[-76.48340887,3.49216871],[-76.48341512,3.49215875],[-76.48342288,3.49214316],[-76.48342322,3.49208364],[-76.48341696,3.49207283],[-76.48341338,3.49206379],[-76.48340797,3.49204478],[-76.48338815,3.49197879],[-76.48337824,3.49191634],[-76.48338366,3.49185487],[-76.48338549,3.49179249],[-76.48338276,3.49170657],[-76.48337918,3.49169477],[-76.48336842,3.49167216],[-76.48336477,3.49165952],[-76.4833621,3.49164687],[-76.48336393,3.49162158],[-76.48336569,3.49160886],[-76.48339094,3.49153835],[-76.48336571,3.49144156],[-76.48335762,3.49141443],[-76.4833378,3.49136652],[-76.48333154,3.49135387],[-76.48331622,3.49133126],[-76.48330814,3.49129417],[-76.48330364,3.49128152],[-76.48329823,3.49127156],[-76.48329106,3.49126068],[-76.48328206,3.49125164],[-76.48327686,3.49124126],[-76.48327679,3.49124028],[-76.48328298,3.49121638],[-76.48328023,3.49120373],[-76.48327574,3.49119109],[-76.48327215,3.49118021],[-76.48327574,3.49116756],[-76.48328024,3.49115583],[-76.48328924,3.49114587],[-76.48329557,3.49113591],[-76.48329824,3.49112327],[-76.48329824,3.49111062],[-76.48330007,3.4910979],[-76.48331175,3.49107621],[-76.48331899,3.49105269],[-76.48332167,3.49104004],[-76.48331808,3.49102739],[-76.48329826,3.49098126],[-76.48330009,3.49096861],[-76.48329826,3.49095596],[-76.48329109,3.49094416],[-76.48328568,3.49093335],[-76.48328751,3.49092071],[-76.48328568,3.49090799],[-76.48327218,3.49088538],[-76.48326677,3.49087365],[-76.48326227,3.49085012],[-76.48325778,3.49083748],[-76.48325607,3.49083475],[-76.48324825,3.49063115],[-76.48325513,3.49061323],[-76.48325872,3.49058878],[-76.4832623,3.49057614],[-76.48328214,3.4905454],[-76.48328481,3.49053],[-76.48328481,3.49050471],[-76.4832794,3.49048118],[-76.48327314,3.49046938],[-76.4832659,3.49045949],[-76.4832569,3.49044953],[-76.48324077,3.49043634],[-76.48322241,3.48995811],[-76.48302048,3.48909933],[-76.48282229,3.4887646],[-76.48277653,3.48865436],[-76.48274596,3.48855305],[-76.48269464,3.48844544],[-76.48268656,3.48843095],[-76.48260649,3.48829713],[-76.48259848,3.4882851],[-76.48259378,3.4882766],[-76.48259019,3.48826562],[-76.48258271,3.48825266],[-76.48257557,3.48824262],[-76.48256967,3.4882322],[-76.48256265,3.4882182],[-76.48255062,3.48819213],[-76.48253519,3.48815511],[-76.48253121,3.48814371],[-76.48252576,3.48813206],[-76.48252148,3.48812336],[-76.4825158,3.48811275],[-76.48250892,3.48810063],[-76.48250128,3.48808639],[-76.48249324,3.48807194],[-76.48248616,3.48805981],[-76.48247686,3.48804532],[-76.482468,3.48803043],[-76.4824589,3.48801636],[-76.48245181,3.48800444],[-76.48244612,3.48799423],[-76.48244162,3.48798574],[-76.4824382,3.48797603],[-76.48243361,3.48796378],[-76.48242739,3.48795043],[-76.48241372,3.48792368],[-76.48240746,3.4879118],[-76.48240096,3.48790073],[-76.48239576,3.48788846],[-76.48238159,3.48785753],[-76.48237465,3.48784124],[-76.48237076,3.48783297],[-76.48236393,3.48781939],[-76.48235927,3.48780943],[-76.48235431,3.4877957],[-76.48234943,3.48778615],[-76.48234415,3.48777618],[-76.48233963,3.4877681],[-76.48233279,3.48775493],[-76.48232709,3.48774473],[-76.48232237,3.48773665],[-76.48231317,3.48771319],[-76.4823045,3.48769851],[-76.48229311,3.48767831],[-76.48228441,3.48766487],[-76.48227894,3.48765427],[-76.48227294,3.48764072],[-76.48226573,3.48762587],[-76.48225957,3.48761106],[-76.48225449,3.48760109],[-76.48223481,3.48756747],[-76.48222948,3.48755895],[-76.48222457,3.48755003],[-76.48220911,3.48752296],[-76.48220318,3.48751135],[-76.48219639,3.48749673],[-76.48218833,3.4874829],[-76.48218129,3.48746911],[-76.48217451,3.48745428],[-76.4821673,3.48743944],[-76.48214992,3.48739901],[-76.48214632,3.48738826],[-76.48213899,3.48736464],[-76.48213,3.48734077],[-76.48212183,3.48731713],[-76.48211184,3.48729218],[-76.48209693,3.48725247],[-76.48209175,3.48723935],[-76.48208576,3.48722539],[-76.48207497,3.48719937],[-76.482071,3.48718734],[-76.48206727,3.48717407],[-76.48206398,3.4871604],[-76.48205968,3.48714565],[-76.48205498,3.48713027],[-76.48205084,3.48711719],[-76.48204511,3.48710177],[-76.48204254,3.48709569],[-76.48203067,3.48703937],[-76.48200934,3.48698453],[-76.48198124,3.48693872],[-76.48196567,3.48691631],[-76.48196097,3.4869037],[-76.48195545,3.48688829],[-76.48194538,3.48685937],[-76.4819358,3.48683444],[-76.48193156,3.48682428],[-76.4819271,3.48681454],[-76.48192344,3.48680544],[-76.48192153,3.48680023],[-76.48191946,3.48678606],[-76.4819105,3.48672726],[-76.48189142,3.48666846],[-76.48186783,3.48660683],[-76.48185902,3.48657823],[-76.48185886,3.4865742],[-76.48185754,3.48655747],[-76.48185168,3.48652034],[-76.48184948,3.48651109],[-76.48184659,3.48649785],[-76.4818429,3.48648354],[-76.48183862,3.48646796],[-76.48183675,3.48645558],[-76.48183476,3.48643987],[-76.48183298,3.48643084],[-76.48183098,3.48642201],[-76.48182673,3.48640538],[-76.48182144,3.48638914],[-76.48181651,3.48637479],[-76.48181175,3.48636701],[-76.48180857,3.48636155],[-76.481805,3.4863462],[-76.48179042,3.48628344],[-76.48178034,3.48621334],[-76.48177364,3.48613985],[-76.48176693,3.48607597],[-76.48175797,3.48601774],[-76.4817535,3.48597817],[-76.48175278,3.48595081],[-76.48175423,3.48593746],[-76.48175454,3.48592808],[-76.48175528,3.48591809],[-76.4817548,3.48590701],[-76.48175243,3.48589679],[-76.48175247,3.48582724],[-76.48175139,3.48576337],[-76.48175256,3.48570232],[-76.48175485,3.48563562],[-76.4817594,3.48556214],[-76.48175942,3.48554141],[-76.4817633,3.48553522],[-76.48177039,3.48552146],[-76.48177421,3.48550593],[-76.48177518,3.48549533],[-76.48177626,3.48548117],[-76.48177656,3.485472],[-76.48177595,3.48545884],[-76.48177385,3.48543372],[-76.48177051,3.48540878],[-76.48176929,3.48539518],[-76.48176828,3.48538137],[-76.48176792,3.48536676],[-76.48176838,3.48533317],[-76.48176872,3.48532275],[-76.48176939,3.48530837],[-76.48176981,3.48528251],[-76.48177127,3.48523769],[-76.48177392,3.4851877],[-76.48177566,3.48517252],[-76.48178029,3.48515765],[-76.48178616,3.48513046],[-76.48178895,3.48511416],[-76.48179338,3.48509931],[-76.48180236,3.48506361],[-76.48180774,3.48505129],[-76.48181198,3.48503749],[-76.48181473,3.48501472],[-76.48181533,3.48500467],[-76.48181536,3.48499191],[-76.48181507,3.48497913],[-76.48181377,3.48496244],[-76.48180794,3.48493044],[-76.48180525,3.48491891],[-76.4817999,3.48489807],[-76.48179711,3.48488796],[-76.48179333,3.48487636],[-76.48178946,3.48485739],[-76.4817959,3.48482618],[-76.4818072,3.48476175],[-76.48181286,3.48470749],[-76.48181739,3.48467357],[-76.48182529,3.48463344],[-76.48183093,3.48460123],[-76.48183998,3.48453057],[-76.4818389,3.48447292],[-76.48183772,3.48445149],[-76.48183804,3.48444881],[-76.4818394,3.48441913],[-76.48183984,3.48440522],[-76.48184015,3.48438858],[-76.48183957,3.48437359],[-76.48183847,3.48436175],[-76.48183696,3.48434968],[-76.48183397,3.48433821],[-76.48182943,3.48432878],[-76.48182769,3.48432498],[-76.4818199,3.48427902],[-76.48180082,3.48421965],[-76.48178286,3.48415859],[-76.48176715,3.4840964],[-76.48175144,3.48403477],[-76.48173348,3.48397428],[-76.48171439,3.48391943],[-76.48169193,3.48386289],[-76.48167172,3.48380126],[-76.48165713,3.48373681],[-76.48163805,3.48367123],[-76.48162682,3.48364657],[-76.4816258,3.48364054],[-76.4816228,3.48362526],[-76.48161755,3.48360757],[-76.48161136,3.48359186],[-76.48160598,3.48357958],[-76.48159632,3.48356148],[-76.48159026,3.48355167],[-76.48158342,3.48353977],[-76.48156993,3.48351366],[-76.48156324,3.48349723],[-76.48156012,3.48348833],[-76.48155771,3.48347795],[-76.48155285,3.48345559],[-76.48155072,3.48344667],[-76.4815481,3.48343801],[-76.48154451,3.48342949],[-76.48153567,3.48341605],[-76.48152588,3.48340299],[-76.48151584,3.48338994],[-76.48150931,3.48338173],[-76.48150352,3.48337314],[-76.48149698,3.48336394],[-76.48149042,3.48335389],[-76.48145821,3.48329625],[-76.48144859,3.48328012],[-76.48144098,3.48326666],[-76.48143608,3.48325423],[-76.48142627,3.48324045],[-76.48141883,3.48323495],[-76.4814079,3.48322658],[-76.48139798,3.48321758],[-76.48139647,3.48321489],[-76.48137175,3.48316795],[-76.48135152,3.4831295],[-76.48132792,3.4830984],[-76.48131557,3.48306334],[-76.48129423,3.48300793],[-76.48126839,3.48294912],[-76.48123917,3.48289597],[-76.48120096,3.48283998],[-76.48116725,3.48278117],[-76.48114253,3.48272463],[-76.48111445,3.48266525],[-76.48109535,3.4826285],[-76.48107849,3.48260192],[-76.48103128,3.48253858],[-76.48099869,3.48248259],[-76.4809661,3.48242774],[-76.48093741,3.48238794],[-76.48092799,3.48235564],[-76.48092158,3.48234129],[-76.48091321,3.48232661],[-76.48090005,3.48230405],[-76.48089195,3.48229035],[-76.48088715,3.48228259],[-76.48087879,3.48226816],[-76.4808692,3.48225351],[-76.48085963,3.48223933],[-76.48084981,3.48222567],[-76.48084329,3.48221734],[-76.48083576,3.4822073],[-76.48082365,3.48218914],[-76.48081611,3.48217886],[-76.48080732,3.48216726],[-76.48079928,3.48215625],[-76.48078899,3.48214297],[-76.48075844,3.48210666],[-76.48074569,3.4820928],[-76.48073896,3.48208643],[-76.480731,3.48207936],[-76.48071952,3.48206768],[-76.48070902,3.48205612],[-76.4807015,3.48204694],[-76.48068267,3.48202205],[-76.48066507,3.48199786],[-76.48065601,3.48198504],[-76.48064344,3.48196823],[-76.48063445,3.4819586],[-76.48062697,3.48195102],[-76.48061076,3.4819354],[-76.48060257,3.48192919],[-76.4805929,3.48192214],[-76.48058323,3.48191535],[-76.48057406,3.48190928],[-76.48055748,3.4818987],[-76.48054435,3.48189001],[-76.4805317,3.48188045],[-76.48051005,3.48186151],[-76.48049086,3.48184336],[-76.48047868,3.48183282],[-76.48046976,3.48182698],[-76.48045565,3.48181807],[-76.48043812,3.48180911],[-76.48041098,3.48179641],[-76.48038707,3.48178635],[-76.48037448,3.48177998],[-76.48035523,3.48177068],[-76.48034019,3.48176375],[-76.48032564,3.48175755],[-76.4802958,3.48174418],[-76.48027258,3.48173153],[-76.4802632,3.4817268],[-76.48024222,3.48171681],[-76.48021439,3.48170584],[-76.48020244,3.48170124],[-76.48019929,3.48169971],[-76.48013855,3.48167423],[-76.48008231,3.48165441],[-76.48002045,3.48163289],[-76.47995071,3.48160684],[-76.4798956,3.48158815],[-76.47987224,3.48158161],[-76.47985397,3.48157338],[-76.47983622,3.48156553],[-76.47980465,3.48155108],[-76.47979404,3.4815459],[-76.47978269,3.48154062],[-76.47971777,3.4815087],[-76.47969876,3.4814989],[-76.47969059,3.48149403],[-76.47966784,3.48148002],[-76.47963689,3.48146053],[-76.47962896,3.48145493],[-76.47962029,3.4814491],[-76.47961284,3.4814436],[-76.47960492,3.48143812],[-76.47959747,3.48143263],[-76.47958904,3.48142691],[-76.47957464,3.48141567],[-76.47956175,3.48140636],[-76.47954763,3.48139684],[-76.47951981,3.48137519],[-76.47950614,3.48136381],[-76.47949196,3.48135147],[-76.47948451,3.48134535],[-76.47947679,3.48133852],[-76.47946433,3.48132651],[-76.47945463,3.48131811],[-76.47944486,3.48130678],[-76.47944331,3.48130586],[-76.47941091,3.48126674],[-76.47937494,3.48122149],[-76.47934459,3.48118134],[-76.47931536,3.4811474],[-76.47929175,3.48112251],[-76.47927103,3.48109806],[-76.47926773,3.48109256],[-76.47926114,3.48108128],[-76.47925609,3.48107316],[-76.47924317,3.48105048],[-76.47923375,3.4810325],[-76.47922563,3.48101769],[-76.4792208,3.48100834],[-76.47921645,3.4809991],[-76.47921235,3.48098961],[-76.47920444,3.48096957],[-76.47919849,3.48093309],[-76.47919964,3.48089861],[-76.47920304,3.4808613],[-76.47920419,3.48082399],[-76.47920084,3.48078894],[-76.47919974,3.48075503],[-76.47919864,3.48072054],[-76.47919866,3.4806838],[-76.47919981,3.48065158],[-76.4791987,3.48062219],[-76.47919423,3.48058431],[-76.4791875,3.48054813],[-76.4791774,3.48051308],[-76.47916055,3.48048028],[-76.47915138,3.48046789],[-76.47915307,3.48045894],[-76.47915408,3.4804491],[-76.47915406,3.48043608],[-76.47915276,3.48042028],[-76.47914535,3.48040435],[-76.47914051,3.48039475],[-76.47913714,3.48038574],[-76.47912521,3.48035186],[-76.47912003,3.4803376],[-76.47911271,3.48031443],[-76.47910935,3.48030566],[-76.47910552,3.48029739],[-76.47909996,3.4802883],[-76.47909269,3.48027936],[-76.47908422,3.48027131],[-76.47907555,3.48026548],[-76.47906688,3.48025989],[-76.47904755,3.48024642],[-76.47903985,3.48024033],[-76.47903118,3.48023474],[-76.4790097,3.48022377],[-76.47899761,3.48021812],[-76.47898626,3.48021258],[-76.4789754,3.48020704],[-76.47896602,3.4802027],[-76.47895591,3.48019824],[-76.47894505,3.48019294],[-76.47892629,3.48018351],[-76.47891469,3.48017786],[-76.47890333,3.48017208],[-76.4788848,3.48016216],[-76.4788739,3.48015501],[-76.47885559,3.4801436],[-76.47884473,3.48013819],[-76.47883511,3.48013372],[-76.47882623,3.48012937],[-76.47881066,3.48012085],[-76.47880248,3.48011525],[-76.4787898,3.48010458],[-76.47877188,3.48009493],[-76.47875437,3.48008827],[-76.47873121,3.48008131],[-76.47871331,3.48007792],[-76.47869622,3.48007591],[-76.47868791,3.48007473],[-76.47867255,3.48006391],[-76.47864444,3.48003393],[-76.4786501,3.4799938],[-76.47866249,3.47996102],[-76.47866494,3.47995499],[-76.4786715,3.47994541],[-76.47867779,3.47993541],[-76.47868654,3.47991878],[-76.47868456,3.47990454],[-76.47868461,3.47990395],[-76.47869067,3.47988699],[-76.47870533,3.47984517],[-76.47871772,3.47981126],[-76.478729,3.47977],[-76.47873803,3.47972705],[-76.47874481,3.47968522],[-76.47874709,3.47964396],[-76.47875162,3.47959931],[-76.47875727,3.47955918],[-76.47876292,3.47952074],[-76.47876971,3.479471],[-76.47877311,3.47942805],[-76.47877427,3.47938735],[-76.47877542,3.47934156],[-76.47877883,3.47929012],[-76.47877999,3.47923473],[-76.47877665,3.47918442],[-76.47877106,3.4791358],[-76.47876752,3.47910321],[-76.4787677,3.47909586],[-76.4787682,3.47908437],[-76.47876817,3.47907482],[-76.47876783,3.4790567],[-76.47876721,3.47903857],[-76.47876657,3.47903179],[-76.47876663,3.47902896],[-76.47877229,3.47898205],[-76.47877569,3.47894418],[-76.47877347,3.47890008],[-76.47876675,3.47885599],[-76.47876341,3.47880907],[-76.47876344,3.47875424],[-76.47876686,3.47869602],[-76.47876465,3.47864175],[-76.47876131,3.47859031],[-76.47876022,3.47853661],[-76.47876363,3.47847726],[-76.47876592,3.47841903],[-76.47876257,3.4783789],[-76.47875697,3.47834272],[-76.47875026,3.47828958],[-76.4787413,3.47823022],[-76.47873795,3.47819743],[-76.47873459,3.47816464],[-76.47872563,3.47810641],[-76.47871104,3.47805327],[-76.47869758,3.47799899],[-76.47868412,3.47794189],[-76.47867066,3.47788253],[-76.47865157,3.47782768],[-76.47863247,3.47777793],[-76.47862839,3.47776764],[-76.47862745,3.47775939],[-76.47862436,3.47774501],[-76.47861989,3.47772759],[-76.47861317,3.47769857],[-76.47860674,3.47767258],[-76.47860422,3.47766166],[-76.47859917,3.47763539],[-76.47859609,3.47762185],[-76.47859384,3.47760955],[-76.47859186,3.47759669],[-76.47858459,3.47756655],[-76.47858123,3.4775519],[-76.47857927,3.47754223],[-76.47857424,3.47752302],[-76.47857117,3.47751404],[-76.47856784,3.47750506],[-76.47854925,3.4774686],[-76.4785426,3.47745728],[-76.4785376,3.47744762],[-76.47853149,3.47743339],[-76.47852677,3.47742109],[-76.47852203,3.47740659],[-76.4785162,3.47739318],[-76.47850871,3.47737952],[-76.47850288,3.47736806],[-76.47849706,3.47735798],[-76.47849262,3.47734748],[-76.47848288,3.47732026],[-76.47847733,3.47730949],[-76.4784704,3.47729721],[-76.47846347,3.47728395],[-76.47845571,3.47727236],[-76.47844906,3.47726118],[-76.4784413,3.4772471],[-76.47843215,3.47723164],[-76.47842412,3.47721742],[-76.4784205,3.47720803],[-76.47841632,3.47719379],[-76.47841351,3.47718135],[-76.47841017,3.47717237],[-76.47840019,3.47715138],[-76.47838438,3.47712142],[-76.47837383,3.47710029],[-76.478368,3.47708759],[-76.47836244,3.47707419],[-76.47835661,3.47706065],[-76.478353,3.47705168],[-76.47834578,3.47703593],[-76.47834024,3.47702738],[-76.47832638,3.47700404],[-76.4783214,3.47699465],[-76.47831612,3.47698402],[-76.47828339,3.47692092],[-76.47827701,3.47690961],[-76.4782712,3.47689994],[-76.47826539,3.47689221],[-76.47825543,3.47688132],[-76.47824186,3.47686104],[-76.47823604,3.47685165],[-76.47823105,3.47684226],[-76.47822468,3.47683164],[-76.47821194,3.47681245],[-76.4782025,3.4767916],[-76.47819501,3.47677752],[-76.47818837,3.47676882],[-76.47817925,3.47675904],[-76.47816847,3.47674842],[-76.47815934,3.47673877],[-76.478151,3.47673078],[-76.47814603,3.47672393],[-76.47810894,3.47667982],[-76.47808321,3.47664895],[-76.47808272,3.47664803],[-76.47807191,3.47662593],[-76.4780647,3.47661476],[-76.47805474,3.47660207],[-76.47804229,3.47658745],[-76.47802847,3.47657187],[-76.47800912,3.47655091],[-76.47799943,3.47654002],[-76.47799224,3.4765323],[-76.47798368,3.47652376],[-76.47797677,3.47651714],[-76.47796875,3.47650818],[-76.47796294,3.47649935],[-76.47795435,3.47648721],[-76.47794135,3.47647149],[-76.47793471,3.47646321],[-76.47792253,3.47644748],[-76.47791506,3.47643714],[-76.4779098,3.47642885],[-76.47790068,3.4764192],[-76.47789267,3.47641329],[-76.47788411,3.47640862],[-76.47787196,3.47639911],[-76.47785369,3.47637442],[-76.47784596,3.47636698],[-76.47783574,3.47635886],[-76.47782579,3.47634893],[-76.47781693,3.47633624],[-76.4778056,3.47632439],[-76.47779592,3.47631474],[-76.4777832,3.47630054],[-76.47777213,3.47628757],[-76.47775001,3.47625971],[-76.47773672,3.47624426],[-76.47772926,3.4762371],[-76.47771545,3.4762247],[-76.47770494,3.47621243],[-76.47769553,3.47619891],[-76.4776861,3.47618247],[-76.47767972,3.47616811],[-76.47767166,3.4761485],[-76.47766693,3.47613842],[-76.4776625,3.47613027],[-76.47765308,3.4761137],[-76.47764754,3.47610528],[-76.47763868,3.47609398],[-76.47763011,3.47608418],[-76.47761463,3.47606792],[-76.47760715,3.47605619],[-76.47759967,3.47604598],[-76.4775911,3.47603495],[-76.47758032,3.47602351],[-76.47757174,3.47601399],[-76.47756741,3.47600956],[-76.47756599,3.47600734],[-76.47754075,3.4759733],[-76.47753659,3.47596404],[-76.4775263,3.47593973],[-76.4775213,3.47592661],[-76.47751547,3.47591377],[-76.47751129,3.47590105],[-76.47750629,3.47588876],[-76.47749855,3.4758809],[-76.47748724,3.47587638],[-76.47747622,3.47587504],[-76.47745997,3.47587413],[-76.47745608,3.47587443],[-76.47742434,3.47584331],[-76.47739511,3.47581503],[-76.47736812,3.47579183],[-76.47732876,3.47576411],[-76.47727816,3.47573411],[-76.47725004,3.47571827],[-76.47721293,3.47569959],[-76.47721108,3.47569878],[-76.4772032,3.47569235],[-76.47719299,3.47568547],[-76.4771836,3.47567859],[-76.47717255,3.47566923],[-76.4771604,3.47566083],[-76.47714825,3.47565161],[-76.47713721,3.47564377],[-76.47712947,3.47563702],[-76.4771188,3.47562949],[-76.47710615,3.47561952],[-76.47709629,3.475608],[-76.47708642,3.47559755],[-76.4770794,3.47559084],[-76.47704685,3.47556261],[-76.4770372,3.4755548],[-76.47702887,3.47554754],[-76.47702054,3.47554081],[-76.47701298,3.47553436],[-76.4770005,3.47552254],[-76.47699036,3.47551209],[-76.47697345,3.47549624],[-76.47695787,3.47547962],[-76.47694982,3.47547131],[-76.47693608,3.47545828],[-76.4769057,3.47543741],[-76.47689711,3.47543135],[-76.4768888,3.47542523],[-76.4768761,3.47541638],[-76.47686731,3.47541063],[-76.47685931,3.47540474],[-76.47683771,3.4753896],[-76.47682417,3.47537977],[-76.47681426,3.4753684],[-76.47680248,3.47535709],[-76.47679531,3.4753507],[-76.47678832,3.47534356],[-76.47677972,3.47533644],[-76.47677199,3.47532941],[-76.47676475,3.47532332],[-76.47674512,3.47530439],[-76.47673542,3.4752939],[-76.47673081,3.47529032],[-76.47670695,3.47525607],[-76.47667661,3.47520291],[-76.47664964,3.47515202],[-76.47661705,3.47510225],[-76.47659232,3.47506889],[-76.47657096,3.47504457],[-76.4765279,3.47499474],[-76.47652358,3.47498768],[-76.47651662,3.47497518],[-76.47650462,3.47495155],[-76.4764983,3.47493852],[-76.47649242,3.47492702],[-76.47648507,3.47491655],[-76.47647828,3.47490754],[-76.47646945,3.47489706],[-76.47646023,3.47488721],[-76.476449,3.4748757],[-76.47642632,3.47485302],[-76.47641559,3.47484114],[-76.47640534,3.47483031],[-76.47638791,3.47480589],[-76.47638119,3.47479695],[-76.47635537,3.47476834],[-76.47634538,3.47475612],[-76.47633787,3.47474741],[-76.47632971,3.47473871],[-76.47632139,3.47473027],[-76.47631393,3.47472232],[-76.47630067,3.47470684],[-76.47629324,3.47469573],[-76.47628485,3.47468259],[-76.47627078,3.47466129],[-76.47626534,3.4746534],[-76.47625973,3.47464473],[-76.47624975,3.47462985],[-76.4762405,3.47461738],[-76.47623135,3.47460415],[-76.47622338,3.47459389],[-76.47621695,3.47458357],[-76.47620991,3.47457189],[-76.47620123,3.47455691],[-76.47619312,3.47454446],[-76.47618565,3.47453226],[-76.47617923,3.47452299],[-76.4761702,3.4745115],[-76.47616323,3.47450014],[-76.47615624,3.47448833],[-76.47615084,3.47448102],[-76.47613392,3.4744571],[-76.47612639,3.4744481],[-76.47611466,3.47443168],[-76.47610592,3.47442112],[-76.4760996,3.47441244],[-76.47609268,3.47440345],[-76.47608575,3.47439507],[-76.47607434,3.47438279],[-76.47606461,3.47437403],[-76.4760501,3.47435949],[-76.47602009,3.47432895],[-76.47601434,3.47432177],[-76.47601342,3.47431951],[-76.47599995,3.47426749],[-76.47598311,3.47421322],[-76.47596066,3.47414763],[-76.4759427,3.47408035],[-76.47592362,3.4740142],[-76.47590341,3.47395314],[-76.47588545,3.47389264],[-76.47587087,3.47382423],[-76.47585967,3.47375074],[-76.4758541,3.47368064],[-76.47584964,3.47361676],[-76.47584966,3.47357776],[-76.47585307,3.47353424],[-76.47585759,3.47350032],[-76.47586327,3.47342571],[-76.47586328,3.47341463],[-76.47586431,3.47339709],[-76.47586522,3.47338784],[-76.47586686,3.47336378],[-76.47586759,3.47334897],[-76.47586781,3.47333256],[-76.47586869,3.4733061],[-76.47587128,3.47326987],[-76.47587308,3.47325375],[-76.47587372,3.47324729],[-76.4758769,3.47323918],[-76.47587597,3.47321057],[-76.47587786,3.47317202],[-76.47588032,3.47314506],[-76.47588101,3.47313289],[-76.47588136,3.47310696],[-76.47588182,3.47309241],[-76.4758826,3.47303392],[-76.47588357,3.47301963],[-76.47588627,3.47299533],[-76.47588857,3.47298107],[-76.47588897,3.47297075],[-76.4758899,3.4729607],[-76.47589165,3.47294749],[-76.47589236,3.47293373],[-76.4758928,3.4729205],[-76.47589241,3.47291071],[-76.47589268,3.47289032],[-76.47589254,3.47288079],[-76.47589303,3.47284401],[-76.47589215,3.47283076],[-76.47589031,3.47281115],[-76.47588886,3.47280108],[-76.47588689,3.47279072],[-76.47588102,3.47275703],[-76.4758796,3.47274537],[-76.4758773,3.47272334],[-76.47587838,3.47271688],[-76.47588515,3.4726824],[-76.47588857,3.47261287],[-76.47588524,3.47255069],[-76.47588527,3.47250943],[-76.47588868,3.47246025],[-76.47589208,3.47242408],[-76.47589213,3.47235172],[-76.47588594,3.47230079],[-76.4758861,3.47229786],[-76.47588643,3.47227272],[-76.4758892,3.47222325],[-76.47589306,3.47217063],[-76.47589374,3.47215872],[-76.47589615,3.47213679],[-76.47589749,3.47211537],[-76.4758979,3.47210399],[-76.4758984,3.47206694],[-76.47589883,3.47205425],[-76.47589898,3.47204286],[-76.47589888,3.47203069],[-76.47589853,3.47201745],[-76.47589653,3.47198962],[-76.47589515,3.47197478],[-76.47589483,3.47195916],[-76.47589478,3.47194302],[-76.47589308,3.47191229],[-76.4758917,3.47189824],[-76.47588703,3.47187277],[-76.47588589,3.47185952],[-76.47588342,3.47184652],[-76.47588123,3.47183325],[-76.47587931,3.4718192],[-76.47587819,3.47180462],[-76.47587733,3.47179032],[-76.47587672,3.47177655],[-76.47587691,3.47176252],[-76.47587606,3.47174742],[-76.47587495,3.47173179],[-76.47587328,3.47169895],[-76.47587272,3.47168226],[-76.47587136,3.47166557],[-76.47587025,3.47164941],[-76.4758693,3.47162213],[-76.47586839,3.47161179],[-76.47586824,3.47160253],[-76.4758676,3.47159166],[-76.4758667,3.47158054],[-76.47586576,3.47157152],[-76.47586237,3.47154924],[-76.47585814,3.47143316],[-76.4758564,3.47132132],[-76.47585668,3.47131252],[-76.47586022,3.47129125],[-76.47586054,3.4712849],[-76.47586075,3.47128384],[-76.4758643,3.47127109],[-76.47587039,3.47125477],[-76.47587333,3.47124613],[-76.47587579,3.47123698],[-76.47587803,3.47122759],[-76.47587957,3.4712172],[-76.47588172,3.47119567],[-76.47588257,3.47118452],[-76.4758832,3.47117241],[-76.47588358,3.47116077],[-76.47588625,3.47113779],[-76.47588751,3.47112132],[-76.4758881,3.47111041],[-76.47588849,3.47109853],[-76.47588838,3.47108687],[-76.47588693,3.47106474],[-76.47588265,3.47103255],[-76.47588004,3.47100867],[-76.47587841,3.47099186],[-76.4758777,3.4709763],[-76.47587752,3.47095979],[-76.47587711,3.47094982],[-76.47587745,3.47093939],[-76.47587728,3.47091487],[-76.4758776,3.47089012],[-76.47588123,3.47077782],[-76.47588109,3.47076714],[-76.47588023,3.47074866],[-76.47587981,3.47073189],[-76.47587976,3.47071854],[-76.47587944,3.47070615],[-76.47587835,3.47069494],[-76.475877,3.47068422],[-76.47587617,3.47066525],[-76.47587624,3.47064802],[-76.47587701,3.47062425],[-76.47587836,3.47059759],[-76.47587694,3.47058152],[-76.47587454,3.47056615],[-76.47587109,3.47055341],[-76.47586773,3.47053776],[-76.47586767,3.47052465],[-76.4758678,3.47051324],[-76.47586844,3.47050088],[-76.4758696,3.47046499],[-76.47587044,3.47045384],[-76.47587224,3.47044298],[-76.47587583,3.47042902],[-76.47587992,3.47041483],[-76.47588034,3.47040197],[-76.47588015,3.47039274],[-76.47587831,3.47038248],[-76.47587333,3.4703646],[-76.47587043,3.47034946],[-76.47586945,3.47033534],[-76.47587078,3.47027177],[-76.47586981,3.47025693],[-76.47586811,3.47024231],[-76.47586567,3.47022791],[-76.47586228,3.47021323],[-76.47585984,3.47019907],[-76.47585665,3.47018562],[-76.47585394,3.47017217],[-76.47585133,3.47015606],[-76.47584785,3.47014405],[-76.4758429,3.47013248],[-76.47583895,3.47012046],[-76.47583538,3.47010383],[-76.4758341,3.47009116],[-76.47583334,3.4700773],[-76.47583209,3.47006366],[-76.47582943,3.47004852],[-76.47582693,3.47003631],[-76.47582037,3.47000768],[-76.47581303,3.46998802],[-76.47580919,3.46997965],[-76.47580383,3.46996612],[-76.47580044,3.46995168],[-76.47579734,3.46993507],[-76.47579368,3.4699063],[-76.47579248,3.46989121],[-76.47579084,3.46988218],[-76.47578235,3.4698535],[-76.4757789,3.46984076],[-76.47577406,3.46982603],[-76.47577091,3.46981136],[-76.47576897,3.46979673],[-76.4757656,3.46978108],[-76.47576347,3.46977228],[-76.4757587,3.46975537],[-76.47575461,3.46973994],[-76.47574817,3.46971521],[-76.4757454,3.46970371],[-76.47574212,3.46969316],[-76.47573903,3.46968383],[-76.47572883,3.46965582],[-76.47572222,3.46964347],[-76.47571658,3.4696309],[-76.47571307,3.46961986],[-76.47571059,3.46960716],[-76.47570862,3.46959326],[-76.47570778,3.46958206],[-76.47570764,3.4695636],[-76.47570725,3.46955339],[-76.47570738,3.46954199],[-76.47570517,3.46952832],[-76.47569969,3.46951091],[-76.4756901,3.46948632],[-76.47568637,3.46947454],[-76.47568168,3.46946249],[-76.475676,3.46945162],[-76.47566472,3.46943543],[-76.47565741,3.46942139],[-76.47565154,3.46940834],[-76.47564822,3.469399],[-76.47564539,3.46938968],[-76.47563992,3.4693645],[-76.47563836,3.46935279],[-76.47563324,3.46933952],[-76.47562679,3.46932984],[-76.47561675,3.46931882],[-76.47560834,3.46931005],[-76.47560035,3.469303],[-76.47558317,3.46928884],[-76.47557643,3.46928086],[-76.47557197,3.4692693],[-76.47557082,3.4692525],[-76.47557112,3.46924329],[-76.47556895,3.46919841],[-76.47557179,3.4691777],[-76.47556492,3.4691626],[-76.47555534,3.46915267],[-76.47553668,3.46913503],[-76.4755307,3.46912359],[-76.47552627,3.46910611],[-76.47552163,3.46909285],[-76.47551535,3.46907759],[-76.47550867,3.46905989],[-76.47550537,3.46905008],[-76.4754982,3.46903285],[-76.47548908,3.4690158],[-76.47548218,3.46900513],[-76.47545527,3.46897075],[-76.47543773,3.4689527],[-76.47541971,3.46893487],[-76.47541319,3.46892689],[-76.4754051,3.4689157],[-76.47539883,3.46890797],[-76.4753914,3.46889122],[-76.47538839,3.4688797],[-76.47538607,3.46886919],[-76.47538239,3.46885596],[-76.47537661,3.46883295],[-76.47537395,3.4688183],[-76.4753728,3.46880904],[-76.47537218,3.46879833],[-76.47537182,3.46878691],[-76.47537205,3.46876482],[-76.4753719,3.46873204],[-76.47537163,3.4687182],[-76.47537206,3.46870461],[-76.47537185,3.46866625],[-76.47537152,3.46865434],[-76.47537049,3.46864144],[-76.47536873,3.46862828],[-76.47536554,3.46861506],[-76.4753545,3.46857537],[-76.47534979,3.46856429],[-76.47534476,3.46855538],[-76.47533923,3.46854696],[-76.47533298,3.46853849],[-76.47532792,3.46853056],[-76.47532093,3.46852256],[-76.47531177,3.4685145],[-76.47530204,3.46850633],[-76.47524364,3.46843008],[-76.47523664,3.468417],[-76.47522541,3.46839494],[-76.47519619,3.46834235],[-76.47516023,3.4682841],[-76.47511865,3.46822359],[-76.47508606,3.46816591],[-76.47505797,3.46811219],[-76.47503212,3.46806526],[-76.4750029,3.46801719],[-76.47497564,3.46797653],[-76.47497182,3.46797001],[-76.47497007,3.46796678],[-76.47488273,3.46778553],[-76.47488172,3.46778273],[-76.47487694,3.46777075],[-76.47487187,3.46775889],[-76.47486623,3.46774685],[-76.47485892,3.46773451],[-76.47485658,3.46773128],[-76.47476247,3.46753598],[-76.47455029,3.46707132],[-76.47455011,3.46706162],[-76.47455031,3.46704056],[-76.47454991,3.46702758],[-76.47454864,3.46701314],[-76.47454711,3.46699814],[-76.47454546,3.46698412],[-76.47454314,3.46696978],[-76.47454236,3.46694456],[-76.47454914,3.46690782],[-76.47454522,3.4668811],[-76.47454675,3.46687798],[-76.4745536,3.4668697],[-76.4745623,3.46686246],[-76.47457153,3.46685657],[-76.47458017,3.46685162],[-76.47458804,3.46684593],[-76.47459624,3.46684036],[-76.4746044,3.46683368],[-76.47461237,3.46682494],[-76.47461965,3.46681537],[-76.47462679,3.46680661],[-76.47464179,3.46678984],[-76.47465712,3.46677101],[-76.474664,3.46675941],[-76.47466871,3.46674823],[-76.47467371,3.46673433],[-76.47468003,3.46672153],[-76.47468813,3.46670973],[-76.47470574,3.46668787],[-76.47471176,3.46667749],[-76.47471597,3.46666909],[-76.47472078,3.466658],[-76.47472576,3.4666443],[-76.47472972,3.4666314],[-76.47473371,3.4666172],[-76.47473653,3.46660394],[-76.47473825,3.4665912],[-76.47473907,3.46657879],[-76.474739,3.46656676],[-76.47473747,3.46655567],[-76.47473518,3.46653488],[-76.47473033,3.46651875],[-76.47472557,3.46650734],[-76.4747247,3.46649722],[-76.47472475,3.46648729],[-76.47472169,3.46647648],[-76.47472271,3.46646565],[-76.47472594,3.46645504],[-76.47472696,3.46644347],[-76.47472527,3.46643109],[-76.47472381,3.46641878],[-76.47472286,3.46640694],[-76.47472277,3.46639676],[-76.47472495,3.46636117],[-76.4747254,3.4663501],[-76.47472536,3.46634075],[-76.47472584,3.4663307],[-76.474726,3.46631884],[-76.47472559,3.46631096],[-76.47472619,3.46629406],[-76.47472402,3.46625983],[-76.47472587,3.46622974],[-76.47472591,3.46621762],[-76.47472359,3.46620502],[-76.47472028,3.46619282],[-76.47471778,3.46618191],[-76.47471426,3.4661553],[-76.47471384,3.46614345],[-76.47471396,3.46613231],[-76.47471325,3.46612039],[-76.47471008,3.46609521],[-76.47470355,3.46603711],[-76.47470131,3.4660265],[-76.47469791,3.46601563],[-76.47469293,3.46600475],[-76.47468662,3.46599413],[-76.47467865,3.46598457],[-76.47466958,3.46597771],[-76.47466049,3.46597202],[-76.47461317,3.46593719],[-76.47460398,3.46592911],[-76.47458809,3.46591297],[-76.4745805,3.46590558],[-76.47457204,3.4658991],[-76.47456246,3.46589674],[-76.47455332,3.46589183],[-76.47454367,3.46588806],[-76.47453571,3.46588474],[-76.47453521,3.46587676],[-76.47453637,3.46583154],[-76.47453977,3.46579988],[-76.47454317,3.46576145],[-76.47454769,3.46572584],[-76.47455333,3.4657021],[-76.47455559,3.46569136],[-76.47455775,3.46568318],[-76.47456227,3.46567558],[-76.47456799,3.46566406],[-76.47457323,3.46565076],[-76.47457868,3.46563937],[-76.47458494,3.46562931],[-76.47459009,3.46561809],[-76.47459398,3.4656049],[-76.47459678,3.46559115],[-76.47459872,3.46557784],[-76.47460678,3.46555285],[-76.47461039,3.46554081],[-76.47461486,3.46552906],[-76.47462038,3.46551753],[-76.47462686,3.46550685],[-76.47463379,3.46549745],[-76.4746434,3.46548263],[-76.47464908,3.46547321],[-76.47465124,3.46546346],[-76.47465472,3.46545341],[-76.47466024,3.46543808],[-76.47466502,3.46542748],[-76.47467058,3.46541834],[-76.47467667,3.46540928],[-76.47468193,3.46540104],[-76.47468741,3.4653918],[-76.47469221,3.46538319],[-76.47469853,3.46537284],[-76.47470364,3.46536226],[-76.4747082,3.4653515],[-76.4747123,3.46534017],[-76.47471524,3.46532731],[-76.47471702,3.46531432],[-76.47471832,3.46530204],[-76.47472212,3.46528934],[-76.4747281,3.46527749],[-76.47473476,3.46526696],[-76.47474096,3.4652562],[-76.47475233,3.46523011],[-76.47475833,3.46521792],[-76.47476335,3.46520811],[-76.4747711,3.46519123],[-76.47477507,3.46518199],[-76.47477988,3.46517178],[-76.47478457,3.46516316],[-76.47478945,3.465155],[-76.47479463,3.4651473],[-76.47481047,3.46512649],[-76.47481887,3.46511456],[-76.47482695,3.46510232],[-76.47483435,3.4650894],[-76.47483931,3.46507983],[-76.47485307,3.46505427],[-76.47485714,3.46504576],[-76.47486476,3.46502858],[-76.47487205,3.46501122],[-76.47487629,3.465],[-76.47488458,3.46497516],[-76.47488986,3.46496133],[-76.47489466,3.46495029],[-76.47489878,3.46494188],[-76.47490352,3.46493337],[-76.474922,3.46490909],[-76.47493161,3.46489869],[-76.47494147,3.46488914],[-76.47495082,3.46488136],[-76.47496081,3.46487269],[-76.47496954,3.46486472],[-76.4749776,3.46485604],[-76.47498469,3.46484797],[-76.47498985,3.46483982],[-76.47499416,3.46483138],[-76.47499987,3.46482132],[-76.47500631,3.46481136],[-76.47501352,3.46480223],[-76.47502881,3.46478397],[-76.47503616,3.46477421],[-76.4750435,3.46476523],[-76.47505051,3.46475613],[-76.47506285,3.46473788],[-76.47506875,3.46472807],[-76.47507997,3.46470815],[-76.47512977,3.46460698],[-76.47513652,3.46458516],[-76.47513961,3.46457636],[-76.47514701,3.46456632],[-76.47518529,3.46451773],[-76.4752202,3.46447819],[-76.47525285,3.46444203],[-76.47529113,3.46440136],[-76.47531365,3.4643765],[-76.47535643,3.46433527],[-76.47539245,3.46430307],[-76.47541947,3.46427596],[-76.47545662,3.46423472],[-76.47549603,3.46418613],[-76.47553206,3.46414772],[-76.47556921,3.46411439],[-76.4755951,3.46408954],[-76.47563226,3.46404547],[-76.47566875,3.46400331],[-76.47567107,3.46400128],[-76.47570656,3.4639743],[-76.47574708,3.46395341],[-76.47578309,3.46393478],[-76.47581349,3.46390824],[-76.47584052,3.46386982],[-76.47586078,3.46384383],[-76.47588218,3.46381162],[-76.47590583,3.46378111],[-76.47593285,3.46374948],[-76.47596325,3.4637105],[-76.47599704,3.46366643],[-76.47602519,3.4636314],[-76.47605221,3.46359807],[-76.47608036,3.46356361],[-76.47611527,3.46352123],[-76.47614454,3.46348734],[-76.47614769,3.46348396],[-76.47615428,3.46347792],[-76.47616417,3.46346936],[-76.47618281,3.4634538],[-76.47619234,3.46344736],[-76.47620048,3.46344217],[-76.47621241,3.46343503],[-76.47622465,3.46342686],[-76.47623393,3.46341987],[-76.47624324,3.46341236],[-76.47625222,3.46340614],[-76.47626361,3.46339925],[-76.47627469,3.4633934],[-76.4762839,3.46338801],[-76.47629161,3.46338094],[-76.47629794,3.46336932],[-76.47630023,3.46335962],[-76.47630436,3.46334445],[-76.47631253,3.4633329],[-76.47631967,3.46332661],[-76.47632789,3.46331983],[-76.47633612,3.4633128],[-76.47634436,3.46330549],[-76.47635209,3.46329817],[-76.47636784,3.46328221],[-76.4763828,3.46326648],[-76.4763897,3.46325823],[-76.47638996,3.46325801],[-76.47642598,3.46322694],[-76.4764575,3.46319983],[-76.47649803,3.46315972],[-76.4765318,3.4631247],[-76.47656107,3.46309589],[-76.47659034,3.46306821],[-76.47661962,3.46303432],[-76.47665453,3.46298912],[-76.47667817,3.46296031],[-76.47670744,3.46292754],[-76.47672907,3.46290312],[-76.47673558,3.46289758],[-76.47674352,3.46289106],[-76.47675799,3.46288034],[-76.47677048,3.46287244],[-76.47678112,3.46286472],[-76.4767885,3.46285897],[-76.47679727,3.46285169],[-76.47680749,3.46284156],[-76.47682232,3.46282848],[-76.47682922,3.46282164],[-76.4768356,3.46281479],[-76.47684172,3.46280791],[-76.47684761,3.46280024],[-76.47685271,3.46279252],[-76.47685917,3.46277799],[-76.47686169,3.46276909],[-76.47686476,3.4627597],[-76.47686839,3.46274953],[-76.4768731,3.46273889],[-76.47687834,3.46272801],[-76.47689017,3.4627055],[-76.4768973,3.46269391],[-76.47690046,3.462688],[-76.47690224,3.46268574],[-76.47692927,3.46264506],[-76.47695292,3.4626089],[-76.47697882,3.4625733],[-76.47700585,3.46253658],[-76.4770295,3.46250438],[-76.4770554,3.46246482],[-76.47708468,3.4624168],[-76.47710834,3.4623795],[-76.47712861,3.46234899],[-76.47715226,3.46230888],[-76.47717591,3.46226706],[-76.4772052,3.4622213],[-76.47722997,3.46218457],[-76.47724912,3.46215462],[-76.47726714,3.46212298],[-76.47728516,3.46208795],[-76.47731108,3.46203766],[-76.47733586,3.46198849],[-76.47735051,3.46195741],[-76.47736741,3.46192068],[-76.47738431,3.46187717],[-76.47740799,3.46180709],[-76.47741993,3.46175921],[-76.47744745,3.46169991],[-76.47745706,3.46167995],[-76.4774659,3.46165969],[-76.47747993,3.46162405],[-76.47748578,3.46160551],[-76.47748987,3.46159112],[-76.47749435,3.46157385],[-76.47749804,3.46155653],[-76.47750442,3.46152106],[-76.47750654,3.46150341],[-76.47750788,3.46148572],[-76.47750842,3.46146826],[-76.47750766,3.46145021],[-76.47750585,3.46143211],[-76.47750351,3.46141425],[-76.47750013,3.46139581],[-76.47749946,3.46139257],[-76.47751631,3.4613329],[-76.47752759,3.46129391],[-76.47753436,3.46126282],[-76.47754339,3.46121817],[-76.47755468,3.46116561],[-76.47756145,3.46113396],[-76.47756934,3.46110231],[-76.47757838,3.46104975],[-76.47758629,3.46100623],[-76.47759194,3.46095931],[-76.47759648,3.46090053],[-76.47759652,3.46083891],[-76.47759206,3.46078747],[-76.47758309,3.46073772],[-76.47757413,3.46068571],[-76.47756742,3.46062522],[-76.47756406,3.460593],[-76.47755173,3.46053307],[-76.47753601,3.46048049],[-76.47752255,3.46042961],[-76.47752037,3.46041846],[-76.4775215,3.46039226],[-76.47752119,3.46037786],[-76.47751994,3.46036482],[-76.47751715,3.46035092],[-76.47751321,3.46033908],[-76.47751025,3.46032887],[-76.47750703,3.46031865],[-76.47749906,3.46029683],[-76.47749841,3.46029516],[-76.47749341,3.46026792],[-76.47747432,3.46021308],[-76.47744848,3.46015879],[-76.47742826,3.46010564],[-76.47741564,3.46005721],[-76.4774155,3.46005479],[-76.47741466,3.46004442],[-76.47741438,3.46003328],[-76.47741436,3.46002216],[-76.47741407,3.46001128],[-76.47741457,3.45998322],[-76.47741502,3.45996761],[-76.47741517,3.45994695],[-76.47741494,3.45993475],[-76.47741392,3.45991669],[-76.47741203,3.45990044],[-76.47741061,3.4598911],[-76.47740719,3.45987373],[-76.47740058,3.45984534],[-76.47739828,3.45983224],[-76.47739591,3.45981492],[-76.47739526,3.45980588],[-76.47739301,3.45978617],[-76.47738905,3.45976903],[-76.47738341,3.45974811],[-76.47738067,3.45973897],[-76.47737636,3.45972367],[-76.47737376,3.45971137],[-76.47737198,3.45969274],[-76.47737164,3.45967709],[-76.47737097,3.45966302],[-76.47737035,3.45965345],[-76.47736924,3.45964307],[-76.47736706,3.45963317],[-76.47736437,3.4596227],[-76.47735866,3.45960363],[-76.4773554,3.45959421],[-76.47734663,3.45957261],[-76.47733889,3.45955742],[-76.47731638,3.45951001],[-76.47730579,3.45949382],[-76.47729677,3.45947381],[-76.47729284,3.45946396],[-76.47728921,3.45945064],[-76.47728503,3.45943674],[-76.47727938,3.45942542],[-76.47727313,3.45941757],[-76.47726572,3.4594097],[-76.4772569,3.45939952],[-76.47724295,3.45938322],[-76.47722959,3.45936721],[-76.47721877,3.45935556],[-76.47720995,3.45934509],[-76.47720226,3.45933664],[-76.47717639,3.45930435],[-76.47716643,3.45929271],[-76.4771508,3.45927236],[-76.47714541,3.4592648],[-76.47713859,3.45925579],[-76.47713091,3.45924706],[-76.47712323,3.45923716],[-76.477115,3.45922612],[-76.4771059,3.45921448],[-76.47709653,3.45920169],[-76.47708036,3.45917757],[-76.47707156,3.45916537],[-76.47705739,3.45914185],[-76.47705001,3.45913167],[-76.4770432,3.4591215],[-76.47703668,3.45911104],[-76.47702987,3.45910088],[-76.47702449,3.45909188],[-76.47701852,3.45908316],[-76.47701286,3.45907444],[-76.47700719,3.45906516],[-76.47700095,3.45905557],[-76.47699385,3.45904597],[-76.47698618,3.45903637],[-76.47697992,3.45902765],[-76.47696831,3.45900848],[-76.4769615,3.45899919],[-76.47695582,3.45899105],[-76.47694929,3.45898088],[-76.4769428,3.45896753],[-76.47693486,3.45895504],[-76.47691814,3.45892804],[-76.47690853,3.45891062],[-76.47689689,3.4588929],[-76.47688954,3.45887897],[-76.47688362,3.4588665],[-76.47687682,3.45885488],[-76.47686662,3.45883862],[-76.47686404,3.45883411],[-76.47685874,3.45881474],[-76.47685201,3.45877969],[-76.47684642,3.45872768],[-76.47684759,3.45866381],[-76.47684425,3.45861632],[-76.4768364,3.45857223],[-76.47682856,3.45852587],[-76.47682072,3.45847499],[-76.47681738,3.4584162],[-76.4768163,3.45835911],[-76.47681295,3.45832123],[-76.47681072,3.45828844],[-76.47680737,3.45824266],[-76.47680853,3.45819517],[-76.47681307,3.45813978],[-76.47681423,3.45808665],[-76.47680976,3.45803746],[-76.47680304,3.45799789],[-76.4767952,3.45794362],[-76.47679187,3.45788144],[-76.4767919,3.45783961],[-76.47678968,3.4577876],[-76.47678409,3.45773898],[-76.47677962,3.45768754],[-76.47677741,3.45762819],[-76.47677744,3.45758184],[-76.47677663,3.4575738],[-76.47677803,3.45756988],[-76.47678158,3.45755865],[-76.47678291,3.45753816],[-76.47678455,3.45735072],[-76.47678638,3.45730741],[-76.47678725,3.45720778],[-76.4767868,3.45719305],[-76.47678294,3.45717395],[-76.47677932,3.45716178],[-76.47677626,3.4571502],[-76.47677377,3.45713892],[-76.47677245,3.4571262],[-76.47677177,3.4571054],[-76.47677161,3.45709038],[-76.47677089,3.45707391],[-76.47676879,3.45705078],[-76.4767669,3.45703834],[-76.47675832,3.45700072],[-76.47675384,3.45698624],[-76.47674908,3.45697233],[-76.47674488,3.45695901],[-76.47673788,3.45693902],[-76.47673289,3.45691674],[-76.47673099,3.45690516],[-76.47672993,3.45689361],[-76.47672975,3.45688205],[-76.47673006,3.4568471],[-76.47672982,3.4568084],[-76.4767301,3.45677721],[-76.47673081,3.45676162],[-76.47673182,3.45674517],[-76.47673312,3.45672756],[-76.47673349,3.45671832],[-76.47673414,3.45670908],[-76.47673489,3.45669002],[-76.47673498,3.45667934],[-76.47673694,3.45665249],[-76.47673795,3.45663633],[-76.47673932,3.45661064],[-76.4767397,3.45660053],[-76.47673981,3.45658811],[-76.47674018,3.45657887],[-76.47674038,3.45655548],[-76.47674,3.45653324],[-76.47673845,3.45651387],[-76.4767374,3.45650289],[-76.4767344,3.4564838],[-76.47672973,3.45646007],[-76.47671865,3.45641117],[-76.47671617,3.4563993],[-76.4767137,3.45638589],[-76.47671301,3.45636759],[-76.47670856,3.45630032],[-76.47670636,3.4562274],[-76.47669853,3.45616578],[-76.47668731,3.45610868],[-76.47667611,3.4560414],[-76.47667391,3.45596848],[-76.47666608,3.45590347],[-76.47665374,3.45584242],[-76.47664252,3.45580227],[-76.47662792,3.45575591],[-76.4766167,3.45572029],[-76.47659763,3.45564227],[-76.47658079,3.45557895],[-76.47656396,3.45551732],[-76.47655386,3.45547662],[-76.47654152,3.45543026],[-76.47653254,3.4553952],[-76.47651009,3.45532283],[-76.47648763,3.45526233],[-76.47646742,3.45520184],[-76.47645282,3.45516282],[-76.4764371,3.45511759],[-76.47642587,3.45508593],[-76.47641577,3.45505596],[-76.47640005,3.45500508],[-76.47638096,3.45495702],[-76.47636074,3.45490782],[-76.4763394,3.45485524],[-76.4763203,3.45481396],[-76.47629784,3.45475968],[-76.47628212,3.45471388],[-76.47626414,3.45467261],[-76.47624392,3.45463133],[-76.47622145,3.45458496],[-76.47619674,3.45453463],[-76.47617989,3.45449505],[-76.47616304,3.45444643],[-76.4761462,3.45440063],[-76.47612598,3.45435709],[-76.476108,3.45432768],[-76.47609241,3.45430502],[-76.47609179,3.45430259],[-76.47608679,3.45427887],[-76.47608397,3.45426901],[-76.47608013,3.4542567],[-76.4760678,3.45422029],[-76.47606315,3.45420546],[-76.4760581,3.45419159],[-76.47605341,3.45417997],[-76.47604401,3.45415812],[-76.47603901,3.45414767],[-76.4760294,3.4541261],[-76.47602395,3.45411484],[-76.47601845,3.45410397],[-76.47600105,3.45407211],[-76.47599554,3.45406085],[-76.47599053,3.4540482],[-76.47598674,3.45403743],[-76.4759762,3.45400328],[-76.47597235,3.45399241],[-76.4759645,3.45397232],[-76.47595634,3.45394982],[-76.47595356,3.45394112],[-76.47594994,3.45392875],[-76.47594669,3.45391614],[-76.47594052,3.45389063],[-76.47593548,3.45386763],[-76.47593017,3.45384143],[-76.47592767,3.4538299],[-76.47592503,3.45381881],[-76.47592155,3.45380561],[-76.47591835,3.45379455],[-76.4759152,3.45378453],[-76.47591202,3.45377375],[-76.4759093,3.45376366],[-76.47590617,3.45375293],[-76.47590341,3.45374146],[-76.47590105,3.45373059],[-76.47589861,3.45371746],[-76.47589598,3.45370532],[-76.47589327,3.45369524],[-76.4758899,3.4536854],[-76.47588595,3.45367481],[-76.47588167,3.45366401],[-76.47587688,3.45365278],[-76.47587239,3.45364077],[-76.47586981,3.45363341],[-76.47585986,3.45358871],[-76.47585428,3.45352426],[-76.4758532,3.45345473],[-76.47584874,3.45339594],[-76.47584428,3.45333941],[-76.47584213,3.45331833],[-76.47584595,3.45330924],[-76.47584946,3.45329942],[-76.4758523,3.4532892],[-76.47585504,3.45327622],[-76.47585667,3.45326465],[-76.47585783,3.45325349],[-76.47585854,3.45324219],[-76.47586112,3.45321992],[-76.47587025,3.45314839],[-76.47587228,3.45312587],[-76.47587283,3.45311639],[-76.47587318,3.45310421],[-76.47587312,3.45309148],[-76.47587081,3.45302352],[-76.47586993,3.45299982],[-76.47586862,3.45297619],[-76.4758643,3.45294061],[-76.47586239,3.45292065],[-76.47585963,3.45289989],[-76.47585772,3.45288917],[-76.47585523,3.4528793],[-76.47585232,3.45286989],[-76.47584717,3.45285641],[-76.47584278,3.45284582],[-76.47583814,3.45283576],[-76.47583173,3.45282558],[-76.47582752,3.45281549],[-76.47582742,3.45281485],[-76.47583127,3.45277339],[-76.47583432,3.45276707],[-76.47584045,3.45275662],[-76.47584775,3.45274475],[-76.47585442,3.4527324],[-76.47586004,3.45271831],[-76.47586286,3.45270909],[-76.47586565,3.45269743],[-76.47586772,3.45268746],[-76.47587155,3.45266597],[-76.47587564,3.45264425],[-76.47587775,3.45263389],[-76.47588038,3.45262235],[-76.4758834,3.45261085],[-76.47588677,3.45259895],[-76.47589089,3.45258569],[-76.47589563,3.4525733],[-76.47589996,3.45256335],[-76.47590376,3.45255393],[-76.47590717,3.45254418],[-76.47590986,3.45253297],[-76.47591221,3.45252126],[-76.47592066,3.45247146],[-76.47592506,3.45244431],[-76.47592646,3.45243403],[-76.47592753,3.45242364],[-76.47592835,3.45241238],[-76.47592885,3.45240147],[-76.47592942,3.45238126],[-76.47593043,3.45236906],[-76.47593275,3.45235514],[-76.47593451,3.45234556],[-76.47593699,3.45233303],[-76.47593952,3.45232166],[-76.47594192,3.45231197],[-76.47595301,3.45227678],[-76.47596428,3.45224231],[-76.47598458,3.45217336],[-76.47599924,3.45211401],[-76.47600939,3.45207445],[-76.47601842,3.45204224],[-76.47603984,3.45196651],[-76.47605226,3.45190603],[-76.47606468,3.45184556],[-76.47607821,3.45179921],[-76.47608835,3.45176643],[-76.47610752,3.45170709],[-76.47611555,3.4516771],[-76.47611821,3.45167065],[-76.47612666,3.45164934],[-76.47613059,3.45163885],[-76.47613397,3.45162845],[-76.47613692,3.4516181],[-76.47613921,3.4516079],[-76.47614106,3.45159783],[-76.47614274,3.45158747],[-76.47614587,3.45156535],[-76.47614706,3.45155342],[-76.47614775,3.4515416],[-76.47614784,3.45153004],[-76.47614322,3.45139544],[-76.47614252,3.4513817],[-76.47614125,3.451372],[-76.4761374,3.45135157],[-76.47613302,3.45133169],[-76.47613066,3.45132243],[-76.47611942,3.45126353],[-76.47609956,3.45120384],[-76.47610114,3.45116751],[-76.47610207,3.45115594],[-76.4761036,3.45114569],[-76.47610676,3.45113546],[-76.47611118,3.45112569],[-76.47611453,3.45111608],[-76.47611852,3.45110718],[-76.47612332,3.45109776],[-76.47612818,3.45108941],[-76.4761351,3.4510798],[-76.47614285,3.45107165],[-76.47615901,3.45105665],[-76.47616744,3.45104824],[-76.47617588,3.4510396],[-76.47618972,3.45102443],[-76.47619523,3.45101369],[-76.47619987,3.45100051],[-76.47620352,3.45098704],[-76.47620579,3.45097414],[-76.47620663,3.45096083],[-76.4762079,3.4509481],[-76.47621033,3.45093571],[-76.47621374,3.45092352],[-76.47622207,3.45089918],[-76.47622562,3.45088779],[-76.47622867,3.45087509],[-76.4762313,3.45086175],[-76.47623795,3.45083547],[-76.47624093,3.45082299],[-76.47624547,3.45080104],[-76.47625641,3.45075338],[-76.47625868,3.45074052],[-76.47626069,3.45072833],[-76.47626344,3.45067069],[-76.47626473,3.45065133],[-76.47626612,3.45062279],[-76.47626685,3.45061323],[-76.47626808,3.45060241],[-76.47626927,3.45058053],[-76.47627,3.45056963],[-76.47627202,3.45055867],[-76.47627306,3.45054834],[-76.47627386,3.45053839],[-76.47627581,3.45049658],[-76.47626884,3.45048913],[-76.47620836,3.45038216],[-76.476202,3.45036543],[-76.47620252,3.45035546],[-76.47620495,3.45034638],[-76.4762092,3.45033671],[-76.47621457,3.45032551],[-76.47622025,3.45031417],[-76.4762257,3.45030259],[-76.47623034,3.45029053],[-76.47623453,3.45027833],[-76.47623844,3.45026633],[-76.47624287,3.45025409],[-76.47624835,3.4502419],[-76.47625403,3.45023027],[-76.47625875,3.45021872],[-76.47626301,3.45020747],[-76.47626737,3.45019669],[-76.47627052,3.45018662],[-76.47627133,3.45017634],[-76.47626616,3.45016774],[-76.4762584,3.45016171],[-76.47624839,3.45015607],[-76.47623716,3.45015156],[-76.47622657,3.45014977],[-76.4762029,3.45014865],[-76.47617949,3.45014794],[-76.47615856,3.45014679],[-76.47614813,3.45014422],[-76.47614055,3.45013909],[-76.47612895,3.45012211],[-76.47612267,3.45011436],[-76.47611582,3.45010786],[-76.47610844,3.45010224],[-76.47610064,3.45009581],[-76.47609345,3.45008846],[-76.47608708,3.4500802],[-76.47608212,3.45007065],[-76.47607481,3.45005124],[-76.4760708,3.45004285],[-76.47606108,3.45002495],[-76.47605619,3.45001367],[-76.47605256,3.45000172],[-76.47605029,3.44999062],[-76.476049,3.44998006],[-76.47604833,3.44997028],[-76.47604553,3.44995876],[-76.47603948,3.44994826],[-76.47603304,3.44993808],[-76.47602662,3.44992847],[-76.47601986,3.44992018],[-76.47595361,3.44985053],[-76.47594443,3.44984146],[-76.47591565,3.44981227],[-76.47590713,3.44980122],[-76.47589906,3.44978984],[-76.47588321,3.44976946],[-76.47587839,3.44976026],[-76.47587024,3.44975309],[-76.47585332,3.44973534],[-76.47584484,3.44972676],[-76.4758165,3.449699],[-76.47580928,3.44969158],[-76.47579492,3.44967683],[-76.4757867,3.44966876],[-76.47576901,3.44965301],[-76.47575821,3.44964296],[-76.4757476,3.44963343],[-76.47573701,3.44962451],[-76.47571546,3.44960796],[-76.47570426,3.44960043],[-76.47569497,3.44959359],[-76.47568486,3.44958543],[-76.47567565,3.44957703],[-76.47566767,3.44956857],[-76.47565935,3.44955909],[-76.47565096,3.44955101],[-76.47564253,3.44954388],[-76.47563363,3.44953712],[-76.4756245,3.44953193],[-76.47561377,3.44952615],[-76.4756035,3.44952005],[-76.47558093,3.44950603],[-76.47557013,3.44949958],[-76.47556023,3.44949294],[-76.47555101,3.44948583],[-76.47554272,3.4494782],[-76.47553394,3.44946903],[-76.47552513,3.4494592],[-76.47551772,3.44945032],[-76.47550851,3.44944198],[-76.47548245,3.44942022],[-76.47547485,3.44941447],[-76.4754649,3.44940878],[-76.47545411,3.44940318],[-76.47542084,3.4493827],[-76.47541134,3.44937658],[-76.47537052,3.44935452],[-76.47534966,3.44934344],[-76.47533948,3.44933774],[-76.47533045,3.44933166],[-76.47532172,3.44932484],[-76.47531315,3.44931709],[-76.47530434,3.44930872],[-76.47529518,3.44929925],[-76.47528729,3.44928872],[-76.47528051,3.44927735],[-76.475274,3.44926599],[-76.47526817,3.44925456],[-76.47526326,3.44924384],[-76.47525962,3.4492334],[-76.47525668,3.44922109],[-76.47525098,3.44919462],[-76.47524857,3.44918049],[-76.47524671,3.4491666],[-76.47524522,3.44915317],[-76.47524615,3.44913084],[-76.47524765,3.44912009],[-76.47525281,3.44910899],[-76.47525828,3.4491005],[-76.47526535,3.44909141],[-76.47527369,3.44908126],[-76.47528353,3.44907028],[-76.47529827,3.44905464],[-76.47530765,3.44904376],[-76.47532251,3.44902326],[-76.47532832,3.44901483],[-76.47533313,3.44900507],[-76.47533264,3.44899523],[-76.47532919,3.44898666],[-76.47532011,3.4489837],[-76.47531062,3.44898752],[-76.4753031,3.44899434],[-76.475297,3.44900169],[-76.47528276,3.44901975],[-76.47527454,3.44902969],[-76.47526609,3.4490386],[-76.47525718,3.44904626],[-76.47524796,3.44905256],[-76.47523105,3.44906332],[-76.47522054,3.44906949],[-76.47521023,3.44907513],[-76.47519979,3.44907991],[-76.4751893,3.44907997],[-76.47517916,3.44907702],[-76.47517026,3.44907054],[-76.47516291,3.44906274],[-76.47515725,3.44905367],[-76.47514758,3.44903604],[-76.4751434,3.44902519],[-76.47513668,3.44900058],[-76.47513358,3.44898681],[-76.47512507,3.44894557],[-76.47512141,3.44893165],[-76.47511739,3.44891738],[-76.47511457,3.4489085],[-76.47510971,3.44889413],[-76.47510636,3.44888477],[-76.47510087,3.44887082],[-76.47509694,3.44886166],[-76.47486222,3.44819629],[-76.47485868,3.44818484],[-76.47485528,3.44817291],[-76.47485216,3.44815952],[-76.47484886,3.44814641],[-76.47484517,3.44813361],[-76.47484167,3.44811998],[-76.47483878,3.4481065],[-76.47483307,3.44807817],[-76.47482599,3.44803969],[-76.47482392,3.44802659],[-76.47482043,3.44799983],[-76.4748196,3.44798644],[-76.47482002,3.44797272],[-76.47482067,3.44795866],[-76.47482095,3.44794455],[-76.47482048,3.44793049],[-76.47481891,3.44791639],[-76.47481712,3.44790459],[-76.47481454,3.44789017],[-76.47481144,3.44787661],[-76.47480388,3.44784136],[-76.47480184,3.44782859],[-76.47479864,3.44779568],[-76.47479433,3.44778132],[-76.47477396,3.44778098],[-76.47476973,3.44767537],[-76.47478616,3.44766787],[-76.47478763,3.44765617],[-76.47479227,3.44763898],[-76.47479782,3.4476242],[-76.47480034,3.44761445],[-76.4748039,3.44759318],[-76.47480609,3.44758201],[-76.47481123,3.44756184],[-76.47481847,3.44753105],[-76.47482194,3.44751764],[-76.47482535,3.44750551],[-76.47482917,3.44749301],[-76.47483337,3.44748076],[-76.47483752,3.44746984],[-76.47484624,3.4474504],[-76.47485101,3.44743895],[-76.4748554,3.44742626],[-76.4748643,3.44739947],[-76.47487327,3.44737112],[-76.47488421,3.44733517],[-76.47489174,3.44730793],[-76.47489526,3.44729468],[-76.47490177,3.44726885],[-76.4749053,3.44725432],[-76.47491078,3.44723018],[-76.47491735,3.44720288],[-76.47492027,3.4471895],[-76.47492281,3.44717689],[-76.47493062,3.44713154],[-76.47493283,3.4471212],[-76.47493549,3.44711101],[-76.47494498,3.44707988],[-76.47494797,3.44706847],[-76.47495049,3.44705641],[-76.47495525,3.44703083],[-76.47496004,3.44700715],[-76.47496286,3.44699456],[-76.47496558,3.44698537],[-76.47496689,3.44697522],[-76.47496844,3.44696587],[-76.47497084,3.44695527],[-76.47497749,3.44691335],[-76.47498117,3.44689305],[-76.47498999,3.44683798],[-76.47499164,3.44682688],[-76.47499647,3.44676322],[-76.47500212,3.44672427],[-76.47500598,3.44670674],[-76.47500824,3.44669532],[-76.47501124,3.44668437],[-76.47501399,3.44667319],[-76.4750174,3.4466603],[-76.47502181,3.44664158],[-76.47503016,3.44660816],[-76.47506127,3.44650189],[-76.47506612,3.44648776],[-76.47506953,3.44647439],[-76.47507397,3.446462],[-76.47507901,3.44645096],[-76.47508305,3.44644054],[-76.47508755,3.44643016],[-76.47509172,3.44642092],[-76.47509581,3.44641238],[-76.47511952,3.44635542],[-76.47512338,3.4463445],[-76.47513066,3.44632575],[-76.47513587,3.44631486],[-76.47514311,3.44629298],[-76.47515141,3.44626211],[-76.47515796,3.44623974],[-76.475167,3.44621388],[-76.47517037,3.44620044],[-76.47517189,3.4461855],[-76.47517803,3.44614905],[-76.47517895,3.44613766],[-76.47518038,3.44612485],[-76.47518331,3.44609228],[-76.47518608,3.44607537],[-76.47519006,3.44605942],[-76.47519308,3.44604372],[-76.47519657,3.44602777],[-76.47519884,3.44601497],[-76.47520133,3.44600434],[-76.47520478,3.44599396],[-76.47520727,3.44598334],[-76.47521419,3.44596016],[-76.47521669,3.44594977],[-76.47522592,3.44590725],[-76.4752277,3.44589589],[-76.47522983,3.44586929],[-76.47523136,3.44585866],[-76.47523757,3.44583523],[-76.47524175,3.44582292],[-76.47525012,3.44580024],[-76.47525332,3.44578957],[-76.47525836,3.4457714],[-76.47526312,3.44575703],[-76.47526574,3.44574567],[-76.47527047,3.44571664],[-76.47527922,3.44564971],[-76.47528221,3.44563739],[-76.47528949,3.44560316],[-76.47529216,3.44558185],[-76.47529585,3.44556347],[-76.4753045,3.44553379],[-76.47532264,3.445481],[-76.47533276,3.44545436],[-76.47533669,3.44544495],[-76.47534038,3.44543482],[-76.47534852,3.44541092],[-76.47535271,3.44539788],[-76.47535764,3.44538413],[-76.47536697,3.44536049],[-76.47537732,3.44533105],[-76.4753987,3.44527532],[-76.47540265,3.44526301],[-76.47541183,3.4452392],[-76.47542011,3.44521522],[-76.47542602,3.44519979],[-76.47543143,3.44518459],[-76.47543636,3.44516938],[-76.47544311,3.44513953],[-76.47544475,3.44512528],[-76.47544603,3.4451119],[-76.47544713,3.44509106],[-76.47544802,3.44507964],[-76.47544913,3.44506014],[-76.47545377,3.44503897],[-76.47546,3.4450244],[-76.47546332,3.44501444],[-76.47546879,3.44499622],[-76.47547236,3.44498224],[-76.47547405,3.44496882],[-76.47547413,3.4449589],[-76.47547392,3.44492356],[-76.47547476,3.44481588],[-76.47547548,3.44478564],[-76.47547608,3.44473894],[-76.47547715,3.44472467],[-76.47547799,3.44471065],[-76.47547906,3.4446971],[-76.47548061,3.44468259],[-76.47548265,3.44466906],[-76.47548715,3.44464659],[-76.4754916,3.44463211],[-76.47549955,3.44460168],[-76.47550426,3.44458429],[-76.47550753,3.4445669],[-76.475512,3.44454902],[-76.47551551,3.4445309],[-76.4755185,3.44451737],[-76.47552129,3.44449997],[-76.47552191,3.44448279],[-76.47552179,3.44446706],[-76.47552106,3.44443729],[-76.47552092,3.44442374],[-76.47551989,3.44440122],[-76.47551951,3.44438912],[-76.47551677,3.44436974],[-76.47551258,3.44435035],[-76.47550984,3.44433096],[-76.47550599,3.44429924],[-76.4755044,3.44428809],[-76.47550352,3.44427696],[-76.47550193,3.4442646],[-76.47550059,3.44425128],[-76.47549949,3.44423772],[-76.47549888,3.44422368],[-76.47549558,3.44418421],[-76.47549398,3.44417137],[-76.47549175,3.44415006],[-76.47548767,3.44411663],[-76.47548841,3.44410575],[-76.47550771,3.44410589],[-76.47551157,3.44409267],[-76.47549789,3.4440492],[-76.47549739,3.4440032],[-76.47549493,3.44397694],[-76.47549347,3.443943],[-76.47549224,3.44383018],[-76.47548517,3.44375273],[-76.47548044,3.44371243],[-76.4754747,3.44367329],[-76.47546396,3.44360703],[-76.47545405,3.44355389],[-76.47543474,3.44349039],[-76.47542363,3.44345269],[-76.47540426,3.44338809],[-76.47539384,3.44336132],[-76.4753811,3.4433325],[-76.47536509,3.4433039],[-76.47534895,3.4432731],[-76.47533294,3.4432445],[-76.47531443,3.44321056],[-76.47529597,3.44317772],[-76.4752665,3.44310751],[-76.47525393,3.44306902],[-76.47524015,3.44303374],[-76.47520811,3.44296735],[-76.47519222,3.4429309],[-76.4751591,3.44286447],[-76.47514313,3.44283019],[-76.47512607,3.44279587],[-76.47510582,3.44276034],[-76.47508665,3.44272485],[-76.47505046,3.44265396],[-76.47503145,3.44261413],[-76.47501439,3.44257981],[-76.47499427,3.44254102],[-76.47497522,3.44250228],[-76.47495526,3.44245916],[-76.47493078,3.44241342],[-76.47490636,3.44237316],[-76.47488419,3.44233835],[-76.47486132,3.44230517],[-76.47483323,3.44226333],[-76.47480669,3.44222747],[-76.47478123,3.44219269],[-76.47475686,3.44215572],[-76.47470598,3.44208836],[-76.47468054,3.44205358],[-76.4746562,3.44202099],[-76.47463298,3.44199057],[-76.47460755,3.4419569],[-76.47458654,3.44192974],[-76.47456114,3.44189935],[-76.47453575,3.44187005],[-76.47451256,3.44184182],[-76.47448277,3.44180929],[-76.47445629,3.44178],[-76.474432,3.4417518],[-76.47440664,3.44172468],[-76.47438347,3.44169865],[-76.47435699,3.44166936],[-76.47433164,3.44164335],[-76.47420494,3.44151876],[-76.4741785,3.44149387],[-76.47409704,3.44142027],[-76.47406951,3.44139428],[-76.47401336,3.44134341],[-76.47399024,3.44132176],[-76.47396713,3.4413012],[-76.47393855,3.4412796],[-76.47390886,3.44125583],[-76.47387919,3.44123315],[-76.47384842,3.44121049],[-76.47381437,3.44118675],[-76.47378252,3.4411652],[-76.47375292,3.44114909],[-76.47371782,3.44112976],[-76.47368163,3.44110934],[-76.47364547,3.44109112],[-76.47357529,3.44105354],[-76.47354022,3.4410364],[-76.47350734,3.44101923],[-76.47347446,3.44100317],[-76.47344268,3.44098708],[-76.47341198,3.44097098],[-76.47338238,3.44095488],[-76.47334731,3.44093774],[-76.47331776,3.44092601],[-76.47328708,3.4409121],[-76.47319622,3.44087586],[-76.47316445,3.44086196],[-76.47307473,3.44083008],[-76.47304082,3.44081951],[-76.47297737,3.44079829],[-76.47291504,3.44078035],[-76.47288551,3.44077081],[-76.47285598,3.44076237],[-76.47282645,3.44075284],[-76.47279693,3.4407444],[-76.47276414,3.44073599],[-76.47273246,3.44072977],[-76.47270081,3.44072682],[-76.47267028,3.44072497],[-76.47264083,3.44072419],[-76.47228552,3.44072808],[-76.47221906,3.440731],[-76.47218314,3.44073578],[-76.47215049,3.44074051],[-76.47211895,3.44074743],[-76.47208308,3.44075659],[-76.47205157,3.44076569],[-76.47199398,3.44078275],[-76.47196248,3.44079296],[-76.47193317,3.44080423],[-76.47190497,3.44081659],[-76.47187348,3.44082789],[-76.47184307,3.44083917],[-76.47177798,3.44086727],[-76.47174541,3.44087968],[-76.47171395,3.44089316],[-76.47165324,3.4409245],[-76.471624,3.44094235],[-76.47159152,3.44096242],[-76.4715634,3.44098244],[-76.47153422,3.44100577],[-76.47150613,3.44102908],[-76.47147806,3.44105348],[-76.47145754,3.44107233],[-76.47142734,3.44110114],[-76.47139711,3.44112776],[-76.47136471,3.44115659],[-76.47133451,3.4411854],[-76.47130215,3.44121753],[-76.47127195,3.44124633],[-76.47121373,3.44130612],[-76.47118464,3.44133821],[-76.47115883,3.44137025],[-76.47113195,3.4414045],[-76.47110726,3.44143983],[-76.47108261,3.44147844],[-76.47106013,3.44151592],[-76.47103765,3.44155451],[-76.47101627,3.44159308],[-76.47099811,3.44162724],[-76.4709778,3.4416647],[-76.4709586,3.44170325],[-76.47094155,3.44173958],[-76.47093096,3.44176818],[-76.47091717,3.44180338],[-76.47090336,3.4418364],[-76.47087351,3.44189806],[-76.47085638,3.44192673],[-76.47084142,3.44195428],[-76.47081582,3.44200713],[-76.4707987,3.4420369],[-76.4707805,3.44206667],[-76.47074736,3.44212729],[-76.47072809,3.44215926],[-76.47071209,3.4421912],[-76.47069605,3.44222095],[-76.47064545,3.44230465],[-76.47063504,3.44232458],[-76.47060948,3.44237963],[-76.47058612,3.44243685],[-76.47057448,3.44246874],[-76.4705617,3.44249736],[-76.47055002,3.44252597],[-76.4705384,3.44256006],[-76.47052897,3.44259521],[-76.47051952,3.44262817],[-76.47051117,3.44266223],[-76.47050284,3.44269846],[-76.47049778,3.44273466],[-76.47049379,3.44276867],[-76.4704909,3.44280374],[-76.47048911,3.44283992],[-76.47048737,3.44288047],[-76.47048374,3.44294842],[-76.47048197,3.44298568],[-76.47047908,3.44302077],[-76.47047548,3.44309091],[-76.47047183,3.44315667],[-76.47046892,3.44318957],[-76.47046491,3.44322247],[-76.47046086,3.44325099],[-76.47044847,3.44331466],[-76.4704434,3.44334977],[-76.47043717,3.44337832],[-76.47043208,3.44341233],[-76.47042591,3.44344636],[-76.47042087,3.44348365],[-76.47041584,3.44352315],[-76.4704108,3.44356044],[-76.47040578,3.44359993],[-76.47039967,3.44363943],[-76.4703802,3.44375466],[-76.47037305,3.44379855],[-76.47036289,3.44386767],[-76.47035791,3.44391045],[-76.47035295,3.44395541],[-76.4703452,3.44404532],[-76.47034354,3.44409353],[-76.47034184,3.44413736],[-76.47033992,3.44426226],[-76.47033652,3.44435102],[-76.4703359,3.44439485],[-76.47033419,3.44443758],[-76.47033277,3.4445088],[-76.47033216,3.44455263],[-76.4703287,3.44463592],[-76.47032586,3.44467538],[-76.47032191,3.44471376],[-76.47031904,3.44474993],[-76.47031096,3.44480918],[-76.47030689,3.44483551],[-76.47030069,3.44486734],[-76.47029233,3.44490029],[-76.47028179,3.44493327],[-76.47026908,3.44496847],[-76.4702553,3.44500477],[-76.47024264,3.44504324],[-76.47022892,3.44508392],[-76.47019931,3.44516968],[-76.47018565,3.44521584],[-76.47017091,3.44526419],[-76.47015838,3.44531472],[-76.47014583,3.44536415],[-76.47013552,3.44541903],[-76.47012519,3.44547172],[-76.47011105,3.44557484],[-76.47010617,3.44562748],[-76.47010235,3.44567681],[-76.47009959,3.44572394],[-76.47009463,3.44577001],[-76.47009352,3.4457763],[-76.47008924,3.44578686],[-76.47007459,3.44581907],[-76.47006106,3.44585241],[-76.47004642,3.44588688],[-76.47003177,3.44592022],[-76.47001487,3.44595299],[-76.46999797,3.44598351],[-76.46998108,3.44601289],[-76.46995968,3.44604623],[-76.4699362,3.44607995],[-76.46993128,3.44608616],[-76.46990868,3.4461127],[-76.46990217,3.44612174],[-76.46988536,3.44613944],[-76.46986285,3.4461626],[-76.4698302,3.44619198],[-76.46979868,3.44622135],[-76.46976716,3.44625129],[-76.46973564,3.44628009],[-76.469712,3.44630269],[-76.46968836,3.44632528],[-76.46965571,3.44635409],[-76.46962082,3.44638063],[-76.46958818,3.44640322],[-76.46955441,3.44642468],[-76.46952064,3.4464484],[-76.469488,3.44647268],[-76.46945761,3.44650149],[-76.46943396,3.44652465],[-76.4694092,3.44654667],[-76.46938331,3.44656757],[-76.46935854,3.44658847],[-76.46932927,3.44661784],[-76.46930113,3.44664665],[-76.46927411,3.4466732],[-76.46924934,3.44669806],[-76.46922345,3.44672574],[-76.46919755,3.44675398],[-76.46917053,3.44678675],[-76.46914801,3.44681726],[-76.46912661,3.44684664],[-76.46910747,3.44687602],[-76.46909057,3.44690484],[-76.46907142,3.44693478],[-76.4690489,3.44696586],[-76.46902638,3.44699184],[-76.46899936,3.44701952],[-76.46897235,3.44704607],[-76.4689442,3.44707206],[-76.46891831,3.44709634],[-76.46889354,3.44711837],[-76.46886203,3.44714322],[-76.46883388,3.44716581],[-76.46880349,3.44718671],[-76.46877198,3.44720817],[-76.46873709,3.44722793],[-76.46871008,3.447246],[-76.46868194,3.44726463],[-76.4686538,3.44728213],[-76.46862229,3.44730359],[-76.46859527,3.44732449],[-76.46856825,3.44734652],[-76.46854011,3.44736967],[-76.46851085,3.44739113],[-76.46847933,3.44741033],[-76.46844894,3.4474284],[-76.46841518,3.44744759],[-76.46838142,3.44746509],[-76.46834878,3.44748033],[-76.46831615,3.44749557],[-76.46828351,3.44751194],[-76.468252,3.44752831],[-76.46822048,3.44754582],[-76.46818897,3.44756275],[-76.46815746,3.44757912],[-76.46812482,3.44759719],[-76.46808881,3.44761243],[-76.46805167,3.44762597],[-76.46801679,3.44763668],[-76.46797516,3.44764852],[-76.46793465,3.4476615],[-76.46789526,3.44767391],[-76.46786448,3.44768355],[-76.46785896,3.44768399],[-76.46780122,3.44768681],[-76.46755598,3.44768949],[-76.46752657,3.44769091],[-76.46739796,3.44769232],[-76.46736525,3.44769158],[-76.46730312,3.44769226],[-76.46727586,3.44769146],[-76.46722349,3.44768655],[-76.46719729,3.44768356],[-76.46713727,3.44767764],[-76.46710345,3.44767362],[-76.4670718,3.44767069],[-76.46704123,3.44766664],[-76.46698554,3.44765739],[-76.46693525,3.4476437],[-76.46688929,3.44762777],[-76.46686742,3.44762035],[-76.46681705,3.44760008],[-76.4667886,3.44758944],[-76.46675906,3.44757991],[-76.46669453,3.4475598],[-76.46666279,3.4475481],[-76.46662996,3.4475364],[-76.46659712,3.44752252],[-76.46656752,3.44750751],[-76.46653795,3.44749469],[-76.46650837,3.44748077],[-76.4664788,3.44746795],[-76.46644812,3.44745405],[-76.46641854,3.44744013],[-76.46635499,3.44740906],[-76.46632102,3.447393],[-76.46628703,3.44737475],[-76.46625087,3.44735762],[-76.46621468,3.4473372],[-76.46613791,3.44729423],[-76.46610171,3.44727272],[-76.46606113,3.44725016],[-76.46602491,3.44722755],[-76.46598761,3.44720495],[-76.46595246,3.44718014],[-76.46588875,3.44713483],[-76.46582825,3.4470851],[-76.46579965,3.44706022],[-76.46574783,3.44700712],[-76.46571805,3.44697458],[-76.46569265,3.44694419],[-76.46566944,3.44691487],[-76.46564841,3.44688443],[-76.46562954,3.44685397],[-76.46561286,3.44682347],[-76.46559508,3.44679191],[-76.4655762,3.44676034],[-76.46555732,3.44672768],[-76.46553954,3.44669611],[-76.46550831,3.44663073],[-76.46549271,3.44659914],[-76.46547708,3.44656535],[-76.46550745,3.44655078],[-76.46545481,3.44652178],[-76.46543389,3.44650338],[-76.46539638,3.44646107],[-76.46536207,3.44641326],[-76.46534761,3.44638602],[-76.46533181,3.44633691],[-76.4653191,3.44627023],[-76.46531214,3.44623197],[-76.46529295,3.44616974],[-76.46528069,3.44614578],[-76.46526624,3.44611964],[-76.46524737,3.44608918],[-76.4652252,3.44605437],[-76.46520195,3.44602067],[-76.46518086,3.44598694],[-76.46516417,3.44595426],[-76.46515187,3.44592592],[-76.46513936,3.44587895],[-76.4651344,3.44582314],[-76.46513384,3.44577166],[-76.46513142,3.44574869],[-76.4651263,3.44567864],[-76.46512881,3.44560851],[-76.46512823,3.44555484],[-76.46512679,3.44552309],[-76.46512646,3.44549242],[-76.46512722,3.44546174],[-76.46513311,3.44540143],[-76.46513489,3.44536417],[-76.46513785,3.44533565],[-76.46513864,3.44530826],[-76.4651424,3.44525235],[-76.46514646,3.44522493],[-76.46514943,3.44519751],[-76.46515347,3.44516789],[-76.46515637,3.44513391],[-76.46516148,3.44510208],[-76.46516543,3.4450648],[-76.46516829,3.44502643],[-76.46517112,3.44498587],[-76.46517618,3.44494966],[-76.46518113,3.4449036],[-76.46518834,3.44486519],[-76.46519367,3.44484056],[-76.46519827,3.44482535],[-76.46520954,3.44478861],[-76.46522194,3.44475301],[-76.46523322,3.44471797],[-76.46524337,3.4446835],[-76.46525352,3.44464902],[-76.46526479,3.44461455],[-76.46527494,3.44457838],[-76.46528509,3.4445439],[-76.46529636,3.44450773],[-76.46530764,3.44447269],[-76.46532229,3.44442974],[-76.46533469,3.44439414],[-76.46534822,3.44435967],[-76.46536062,3.44432576],[-76.46537301,3.44429072],[-76.46538766,3.44425512],[-76.46540006,3.44422291],[-76.46541133,3.44419013],[-76.46542148,3.44415679],[-76.4654305,3.44412401],[-76.46544065,3.4440884],[-76.46544968,3.44405336],[-76.46545758,3.44402115],[-76.46546547,3.44398724],[-76.46548012,3.44395446],[-76.46549365,3.44392169],[-76.46550829,3.44388778],[-76.46552294,3.443855],[-76.46553647,3.44382223],[-76.46555449,3.44378154],[-76.46556689,3.44375159],[-76.46558154,3.44371768],[-76.46559619,3.44368434],[-76.46561083,3.44365383],[-76.46562661,3.44361993],[-76.46564351,3.44358433],[-76.46565928,3.44355212],[-76.46567393,3.44351991],[-76.4656897,3.44348883],[-76.46570547,3.44345605],[-76.46572124,3.44342328],[-76.46573589,3.44338881],[-76.46575054,3.44335546],[-76.46576406,3.44332269],[-76.46577871,3.44328991],[-76.46579336,3.44325657],[-76.46580801,3.44322154],[-76.46582266,3.44318706],[-76.46583731,3.44315259],[-76.46585196,3.44311925],[-76.4658666,3.44308648],[-76.46588012,3.44305483],[-76.46589252,3.44302488],[-76.46590492,3.44299493],[-76.46591844,3.44296555],[-76.46593083,3.44293446],[-76.46594323,3.44290112],[-76.46595563,3.44286835],[-76.4659669,3.44283613],[-76.4659793,3.44280336],[-76.4659917,3.44277001],[-76.4660041,3.44273667],[-76.46601537,3.4427022],[-76.46602664,3.44266885],[-76.46603567,3.44263495],[-76.46604356,3.44260103],[-76.46605146,3.44256656],[-76.46605824,3.44253321],[-76.46606501,3.4424993],[-76.46606953,3.44246595],[-76.46607406,3.44242865],[-76.46607971,3.44239248],[-76.46608536,3.4423563],[-76.46609101,3.44232409],[-76.46609292,3.44230615],[-76.46609941,3.44230354],[-76.46609408,3.44229536],[-76.46609553,3.44228169],[-76.46610006,3.4422393],[-76.46610459,3.44219691],[-76.4661125,3.44215452],[-76.4661249,3.44211383],[-76.46613955,3.44207201],[-76.46615083,3.44204036],[-76.4661621,3.44200985],[-76.46617224,3.44197876],[-76.46618352,3.44194711],[-76.46619479,3.44191716],[-76.46620493,3.44188721],[-76.4662162,3.44185613],[-76.46622861,3.44181657],[-76.46623875,3.44178492],[-76.46624778,3.44175271],[-76.46625681,3.44170862],[-76.46626246,3.4416651],[-76.46626699,3.44162101],[-76.46626814,3.44158879],[-76.46626704,3.44154922],[-76.46626706,3.441517],[-76.46626484,3.44148026],[-76.46626123,3.44144784],[-76.46626513,3.44142486],[-76.46627299,3.44134481],[-76.4662758,3.44130315],[-76.46627757,3.44126479],[-76.46627717,3.44122756],[-76.46627571,3.44119361],[-76.46627075,3.4411389],[-76.46626151,3.44109081],[-76.46625017,3.4410493],[-76.4662256,3.44099481],[-76.46619007,3.44093605],[-76.46617679,3.44091757],[-76.46614025,3.44086538],[-76.46611805,3.44082729],[-76.46608151,3.44077511],[-76.46607031,3.44075424],[-76.4660651,3.44073057],[-76.46605725,3.44069383],[-76.4660494,3.44065595],[-76.4660393,3.4406175],[-76.46603145,3.44057793],[-76.4660236,3.44053553],[-76.46602347,3.4405348],[-76.46602327,3.44053038],[-76.4660216,3.44047673],[-76.46601449,3.44042423],[-76.4660096,3.44037608],[-76.46600696,3.44033339],[-76.4660033,3.44029619],[-76.46599177,3.44023826],[-76.46598494,3.44021204],[-76.46597125,3.44015524],[-76.46595875,3.44010827],[-76.46595081,3.44007988],[-76.46594179,3.44005259],[-76.46593273,3.44002092],[-76.46592145,3.43998599],[-76.46590798,3.43994999],[-76.46589453,3.43991509],[-76.46587887,3.43987911],[-76.4658632,3.43984095],[-76.46584532,3.43980061],[-76.4658231,3.43976142],[-76.46580085,3.43972004],[-76.46577646,3.43968196],[-76.46574986,3.43964173],[-76.46572219,3.4396037],[-76.46569343,3.43956457],[-76.46566359,3.43952656],[-76.46563265,3.43948747],[-76.46560171,3.43944946],[-76.4655664,3.43940932],[-76.46553109,3.43937027],[-76.4654947,3.43933123],[-76.46545719,3.43929003],[-76.46541969,3.43924991],[-76.46537782,3.43920873],[-76.46533925,3.43916973],[-76.46529743,3.43913294],[-76.4652589,3.43909831],[-76.46522697,3.43906798],[-76.46519394,3.43903767],[-76.46516528,3.43900841],[-76.46513885,3.43898351],[-76.46510809,3.43896084],[-76.46508058,3.43893704],[-76.46502344,3.43889495],[-76.46499488,3.43887445],[-76.46496411,3.43885178],[-76.46493444,3.4388302],[-76.46490371,3.43881082],[-76.46487078,3.43878927],[-76.46483893,3.43876771],[-76.46480162,3.43874402],[-76.4647676,3.43872358],[-76.46473141,3.43870316],[-76.46469632,3.43868383],[-76.46466234,3.43866558],[-76.46462508,3.43864846],[-76.46459221,3.43863239],[-76.46455931,3.43861412],[-76.46452973,3.43860021],[-76.46450125,3.43858738],[-76.46447494,3.43857343],[-76.46444972,3.43856056],[-76.46442231,3.43854552],[-76.46439601,3.43853266],[-76.4643697,3.43851871],[-76.46434117,3.4385015],[-76.46431375,3.43848537],[-76.46428412,3.43846707],[-76.4642534,3.43844878],[-76.46422267,3.4384294],[-76.46418974,3.43840785],[-76.46415903,3.43839066],[-76.46412612,3.43837131],[-76.46408993,3.43835199],[-76.46405705,3.43833482],[-76.46401981,3.4383177],[-76.46398363,3.43829948],[-76.46390694,3.43826306],[-76.46386969,3.43824595],[-76.46379075,3.43820299],[-76.46366463,3.43813317],[-76.46362405,3.43810952],[-76.46358568,3.43808913],[-76.463544,3.43806658],[-76.46350672,3.43804617],[-76.46346835,3.43802578],[-76.46343108,3.43800647],[-76.46339709,3.43798822],[-76.46336419,3.43796996],[-76.46332913,3.43795282],[-76.46329513,3.43793347],[-76.46326222,3.43791411],[-76.46323259,3.43789581],[-76.46319968,3.43787646],[-76.46316895,3.43785707],[-76.46313931,3.43783768],[-76.46310531,3.43781834],[-76.46307129,3.4377979],[-76.46303834,3.43777416],[-76.46300647,3.43775041],[-76.46296803,3.43772454],[-76.4629318,3.43769974],[-76.46289553,3.43767275],[-76.46285709,3.43764579],[-76.46281863,3.43761773],[-76.46278454,3.43758962],[-76.46274824,3.43755935],[-76.46271526,3.43753342],[-76.46262389,3.43745008],[-76.46259525,3.437423],[-76.4625699,3.43739699],[-76.46254236,3.437371],[-76.46251593,3.437345],[-76.4624873,3.43731903],[-76.46246306,3.43729519],[-76.46241236,3.43724317],[-76.46238814,3.43722043],[-76.46233742,3.43716841],[-76.46231096,3.43714022],[-76.46228997,3.43711415],[-76.46226131,3.43708489],[-76.46223261,3.43705234],[-76.46220612,3.43702087],[-76.46215651,3.43696993],[-76.46213004,3.43694064],[-76.46208473,3.43688418],[-76.46206485,3.43686029],[-76.46204826,3.43683747],[-76.46202279,3.4368016],[-76.46199739,3.43677121],[-76.46197416,3.43673969],[-76.46195201,3.43670708],[-76.46191764,3.43665378],[-76.46189537,3.43661021],[-76.46188315,3.43658843],[-76.46186762,3.43656341],[-76.46185318,3.43653837],[-76.46183759,3.43650897],[-76.46182311,3.43647955],[-76.46180969,3.43644793],[-76.46179625,3.43641522],[-76.46178279,3.43638031],[-76.46176826,3.43634651],[-76.46175592,3.43631488],[-76.46174358,3.43628216],[-76.46173231,3.43624833],[-76.46172219,3.43621995],[-76.46170091,3.43616761],[-76.46168292,3.43611632],[-76.46165824,3.43605197],[-76.46164031,3.43600615],[-76.46162341,3.43595595],[-76.46160547,3.43590905],[-76.4615919,3.43586428],[-76.4615862,3.43584134],[-76.46156807,3.435778],[-76.46155345,3.43573544],[-76.46152754,3.43565795],[-76.46151075,3.43561761],[-76.46149611,3.43557396],[-76.46149019,3.4355313],[-76.46148535,3.43548644],[-76.46147492,3.43542959],[-76.46146132,3.43538154],[-76.46145233,3.43535646],[-76.4614422,3.43532699],[-76.46143199,3.43528986],[-76.46140951,3.43522657],[-76.4613982,3.43518945],[-76.46139025,3.43515996],[-76.46138222,3.4351228],[-76.46137747,3.43508671],[-76.46137456,3.43501992],[-76.46137256,3.43483475],[-76.46137784,3.43480218],[-76.46138349,3.43476205],[-76.46138802,3.43472305],[-76.4613948,3.43468348],[-76.46140157,3.43464505],[-76.46140722,3.4346134],[-76.46141287,3.43457157],[-76.46141965,3.43453314],[-76.46142755,3.43449923],[-76.46143657,3.43446532],[-76.46144447,3.43442632],[-76.46145237,3.43439298],[-76.46146252,3.43435454],[-76.46147155,3.43431951],[-76.46147382,3.43428616],[-76.46147159,3.43425337],[-76.46146937,3.43421719],[-76.46146939,3.43418553],[-76.46147054,3.43414653],[-76.46147306,3.43413185],[-76.46147601,3.4341206],[-76.46148331,3.43408875],[-76.46149793,3.43403054],[-76.46150526,3.43400198],[-76.46151457,3.43395587],[-76.46153134,3.43389435],[-76.46154391,3.43384711],[-76.4616444,3.43366749],[-76.46166861,3.43362765],[-76.46168558,3.4335959],[-76.46170357,3.433563],[-76.46172163,3.43353119],[-76.46173951,3.43349609],[-76.46175849,3.43346093],[-76.46177528,3.43342588],[-76.46178884,3.43339211],[-76.4617981,3.43335968],[-76.46180413,3.43332851],[-76.46180487,3.43330093],[-76.46180452,3.4332734],[-76.4617931,3.43320241],[-76.46178066,3.43315349],[-76.46176499,3.43310586],[-76.46173874,3.4330654],[-76.46173001,3.4330545],[-76.46172556,3.43304217],[-76.4617087,3.43301333],[-76.46168397,3.43298223],[-76.46166036,3.4329596],[-76.4616345,3.43293697],[-76.46160864,3.43291604],[-76.46157941,3.43288945],[-76.4615558,3.43286513],[-76.46153332,3.43284024],[-76.46150521,3.43281309],[-76.46149137,3.43279081],[-76.46148071,3.43276626],[-76.46147167,3.43274031],[-76.4614647,3.43271204],[-76.46145877,3.43268261],[-76.46145599,3.43265081],[-76.46145523,3.4326156],[-76.4614554,3.43257703],[-76.46145504,3.43256495],[-76.4614559,3.43254003],[-76.46145592,3.43250724],[-76.46145594,3.43247502],[-76.46145484,3.43244224],[-76.46145487,3.43240267],[-76.46145489,3.43236988],[-76.46145379,3.4323371],[-76.46144594,3.43229639],[-76.46144169,3.43227524],[-76.4614412,3.43226603],[-76.4614406,3.43221318],[-76.46143499,3.43210662],[-76.46143008,3.43205511],[-76.46142316,3.43200701],[-76.46141509,3.43195786],[-76.46140938,3.4319119],[-76.46139552,3.43177383],[-76.46138964,3.43172457],[-76.46138386,3.43168492],[-76.46138796,3.4315355],[-76.46138124,3.43150441],[-76.46137226,3.43147161],[-76.46135991,3.43143882],[-76.46134755,3.43140829],[-76.4613451,3.43140317],[-76.46134397,3.43139872],[-76.46132468,3.43134467],[-76.46131328,3.43131553],[-76.46130095,3.43128974],[-76.46128972,3.4312639],[-76.46127706,3.43123153],[-76.46126669,3.43120124],[-76.46125615,3.43116764],[-76.4612505,3.43114644],[-76.46124875,3.43111937],[-76.46124652,3.43108319],[-76.46124767,3.43104814],[-76.4612522,3.43101536],[-76.46125897,3.43097749],[-76.461268,3.43094075],[-76.46127814,3.43091024],[-76.46128942,3.4308752],[-76.46129732,3.43084242],[-76.46130409,3.43080625],[-76.46130974,3.43077403],[-76.46131426,3.43073842],[-76.46131654,3.43069942],[-76.46131657,3.43065928],[-76.46131434,3.43061915],[-76.46131212,3.43058071],[-76.46131102,3.43054453],[-76.46131105,3.43050779],[-76.46130657,3.43047217],[-76.46129872,3.43043938],[-76.46128974,3.43040829],[-76.46128076,3.43037776],[-76.46126953,3.43034553],[-76.46125493,3.4303133],[-76.46123808,3.43028333],[-76.46121897,3.43025561],[-76.46119761,3.43022734],[-76.46117513,3.43019736],[-76.46115153,3.43016795],[-76.46113017,3.43013741],[-76.46110995,3.43010405],[-76.46109197,3.43007012],[-76.46107512,3.43003449],[-76.46105714,3.43],[-76.46103691,3.42996833],[-76.46101443,3.42994005],[-76.4609852,3.42991799],[-76.46095258,3.4299027],[-76.46092222,3.42988912],[-76.46089073,3.4298744],[-76.46088198,3.4298705],[-76.46087957,3.42986684],[-76.46085947,3.42983927],[-76.46083933,3.4298106],[-76.46082027,3.42978186],[-76.46080352,3.42975522],[-76.46076858,3.42969538],[-76.4607516,3.42966434],[-76.46073352,3.42963336],[-76.46071418,3.42959914],[-76.46069357,3.42956168],[-76.4606729,3.42952311],[-76.46064987,3.42948138],[-76.46062569,3.4294386],[-76.46060157,3.42939692],[-76.46057498,3.42934986],[-76.46054947,3.42930275],[-76.46052512,3.42925667],[-76.46050296,3.42921049],[-76.46049277,3.42919016],[-76.46048509,3.42916357],[-76.46047386,3.42913134],[-76.46046376,3.42909968],[-76.46045478,3.42906746],[-76.46044693,3.42903636],[-76.46043683,3.42899735],[-76.46042673,3.42895947],[-76.46041663,3.42892894],[-76.46040652,3.42889728],[-76.46039755,3.42886222],[-76.46039195,3.42882265],[-76.46038635,3.42878421],[-76.46038075,3.42874577],[-76.46037403,3.42870958],[-76.4603673,3.42867001],[-76.46036058,3.42863326],[-76.46035498,3.42859143],[-76.46035051,3.4285496],[-76.46034604,3.42850889],[-76.46034156,3.42847271],[-76.46033822,3.42843201],[-76.460336,3.42838905],[-76.46033378,3.42834609],[-76.46033268,3.42830708],[-76.46033046,3.42826469],[-76.46032711,3.42822116],[-76.46032377,3.42817933],[-76.46032266,3.42814654],[-76.46032157,3.42810584],[-76.46032159,3.42806571],[-76.46032162,3.42802218],[-76.46032278,3.42797979],[-76.46032505,3.42794813],[-76.46032733,3.42790574],[-76.46032961,3.42786617],[-76.46033076,3.42782265],[-76.46033079,3.42777799],[-76.46032857,3.4277339],[-76.46032523,3.42769433],[-76.46032188,3.4276508],[-76.46032078,3.42760671],[-76.46031968,3.42757279],[-76.46032083,3.42753944],[-76.4603231,3.42750722],[-76.46032538,3.42747557],[-76.46032765,3.42744392],[-76.46032992,3.42740435],[-76.4603322,3.42736422],[-76.46033561,3.42732239],[-76.46033655,3.42730461],[-76.4603367,3.42730361],[-76.46034111,3.42726262],[-76.46034685,3.42722596],[-76.46035138,3.42718716],[-76.46035725,3.4271527],[-76.46036115,3.42712275],[-76.46036608,3.42709164],[-76.46037803,3.42702712],[-76.46038504,3.42699369],[-76.46039194,3.42695807],[-76.46039791,3.4269258],[-76.46040583,3.42688903],[-76.46041365,3.42685006],[-76.46042025,3.42680895],[-76.46042559,3.4267646],[-76.46043064,3.42671475],[-76.46043362,3.42666723],[-76.4604352,3.42662279],[-76.46044073,3.42660061],[-76.4604475,3.4265667],[-76.4604554,3.42653449],[-76.4604633,3.42649888],[-76.4604712,3.42646441],[-76.46047684,3.42643162],[-76.46048362,3.42639602],[-76.46049039,3.42636267],[-76.46049717,3.42632876],[-76.46050394,3.42629485],[-76.46051071,3.42626263],[-76.46052087,3.42621968],[-76.46052764,3.42618294],[-76.46053329,3.42614677],[-76.46054007,3.42610946],[-76.46054684,3.42607386],[-76.46055362,3.42603995],[-76.46056152,3.42600208],[-76.46057167,3.42596252],[-76.46058294,3.42592465],[-76.46059535,3.42588622],[-76.46060775,3.42584779],[-76.4606224,3.4258088],[-76.46063592,3.42577433],[-76.46065057,3.42573646],[-76.46066185,3.42570256],[-76.46067312,3.42566978],[-76.46068552,3.42563587],[-76.46069904,3.42559857],[-76.46071144,3.42556749],[-76.46072384,3.42553415],[-76.46073736,3.42549798],[-76.46075202,3.42545786],[-76.46076554,3.42542056],[-76.46078132,3.42538157],[-76.4607971,3.42534201],[-76.46081512,3.42530245],[-76.46083203,3.42526177],[-76.46084555,3.4252256],[-76.4608602,3.42518717],[-76.4608726,3.425151],[-76.46088613,3.42511483],[-76.46089965,3.42507923],[-76.4609143,3.42504193],[-76.46092895,3.42500577],[-76.46094585,3.42496847],[-76.46096163,3.42493174],[-76.46097853,3.42489501],[-76.4609943,3.42485771],[-76.46101121,3.42481928],[-76.46102811,3.42477973],[-76.46104276,3.42474582],[-76.46105853,3.42470683],[-76.46107319,3.42466614],[-76.46108671,3.42462488],[-76.46110024,3.42458533],[-76.46111039,3.42455311],[-76.46112054,3.42452203],[-76.46113068,3.42448982],[-76.46114196,3.42445647],[-76.4611521,3.42442539],[-76.46116451,3.42438357],[-76.46117691,3.42434175],[-76.46118819,3.42430275],[-76.46119608,3.42427223],[-76.4612051,3.42424058],[-76.461213,3.4242095],[-76.4612209,3.42417842],[-76.46122992,3.42414677],[-76.46123894,3.42411568],[-76.46125247,3.42407443],[-76.46126374,3.42404109],[-76.46127502,3.42400774],[-76.46128742,3.42397044],[-76.46129869,3.42393201],[-76.46130997,3.42389471],[-76.46132012,3.42385798],[-76.46133252,3.42381955],[-76.46134267,3.42378733],[-76.46135506,3.42375512],[-76.46136634,3.42372235],[-76.46137873,3.42369013],[-76.46139113,3.42365849],[-76.4614024,3.42362684],[-76.46141367,3.42359463],[-76.46142607,3.42356242],[-76.46143734,3.4235302],[-76.46144974,3.4234963],[-76.46146327,3.42346126],[-76.46147566,3.42342679],[-76.46148806,3.4233957],[-76.46150496,3.42335615],[-76.46152074,3.42331942],[-76.46153539,3.42328042],[-76.46154892,3.42324199],[-76.46156244,3.4232013],[-76.46157485,3.42315892],[-76.46158725,3.42311879],[-76.46159853,3.42308093],[-76.4616098,3.42304193],[-76.46161996,3.42300237],[-76.46163011,3.42296168],[-76.46164026,3.42292098],[-76.46164816,3.42288255],[-76.46165381,3.42284694],[-76.46165946,3.4228119],[-76.46166624,3.42277347],[-76.46166964,3.42274012],[-76.46167416,3.42270451],[-76.46167981,3.42266721],[-76.46168434,3.4226299],[-76.46168999,3.42259486],[-76.46169451,3.42255982],[-76.46170016,3.42252421],[-76.46170693,3.42248804],[-76.46171484,3.4224496],[-76.46172274,3.42241173],[-76.46173176,3.42237669],[-76.46173966,3.42234561],[-76.46174981,3.42230492],[-76.46175771,3.42227157],[-76.46176786,3.42223597],[-76.46177688,3.42219697],[-76.46178253,3.42216475],[-76.46178705,3.42213084],[-76.46179158,3.42209862],[-76.46179723,3.42205906],[-76.46180175,3.42201949],[-76.46180516,3.42198162],[-76.46180631,3.42194319],[-76.46180633,3.42191097],[-76.46180523,3.42187874],[-76.46179963,3.42183974],[-76.46178953,3.42180299],[-76.46178594,3.42177832],[-76.46178569,3.42176577],[-76.46178654,3.42171946],[-76.46179055,3.42167078],[-76.46179571,3.42162313],[-76.46180041,3.4215667],[-76.46180563,3.42152015],[-76.46181097,3.42147581],[-76.46181734,3.4214303],[-76.46182383,3.42138699],[-76.46182946,3.42134813],[-76.46183611,3.42130812],[-76.46184594,3.42126573],[-76.46185588,3.42122554],[-76.46186467,3.42118432],[-76.46186909,3.42114332],[-76.46187253,3.42110458],[-76.46187372,3.42106486],[-76.46187836,3.4209864],[-76.46187834,3.42090268],[-76.46187607,3.42085983],[-76.46187508,3.42082023],[-76.46187518,3.42078057],[-76.46187632,3.42073975],[-76.46187855,3.42069887],[-76.46188561,3.42062469],[-76.461891,3.42058143],[-76.46189864,3.42053917],[-76.46190536,3.42050025],[-76.46191638,3.42041814],[-76.46192097,3.42038045],[-76.46192246,3.42034622],[-76.4619217,3.420311],[-76.46191984,3.42027585],[-76.46191713,3.42024515],[-76.46190984,3.42010673],[-76.46190683,3.42007054],[-76.46190159,3.42003336],[-76.46189737,3.41999503],[-76.4618908,3.41995352],[-76.46188307,3.41991096],[-76.46187092,3.41984662],[-76.4618629,3.41979857],[-76.46185386,3.41975169],[-76.46184371,3.41970486],[-76.4618396,3.41969533],[-76.46181583,3.41968394],[-76.46181355,3.41965325],[-76.46181053,3.41962013],[-76.46180509,3.41958774],[-76.46179811,3.41955368],[-76.46178949,3.41952039],[-76.46178163,3.41948873],[-76.46177451,3.41945871],[-76.46176665,3.41942705],[-76.46175872,3.4193978],[-76.46175158,3.41936858],[-76.46174447,3.41933855],[-76.46173739,3.41930772],[-76.46172997,3.41928214],[-76.46172603,3.41925584],[-76.46172267,3.41922645],[-76.46171034,3.41915691],[-76.46169463,3.41910207],[-76.46168005,3.41903988],[-76.46166547,3.41897938],[-76.46164863,3.41891606],[-76.4616318,3.41885613],[-76.46161384,3.41879903],[-76.46160599,3.41876115],[-76.46158916,3.4186967],[-76.4615712,3.41863959],[-76.46156222,3.41860454],[-76.46154315,3.41853726],[-76.46152069,3.41847507],[-76.46149935,3.41841457],[-76.46148252,3.41836085],[-76.46147466,3.41832976],[-76.46146456,3.41829301],[-76.46145559,3.41825513],[-76.46143989,3.41818107],[-76.46142419,3.41811266],[-76.46140735,3.4180499],[-76.46139165,3.41798998],[-76.46137481,3.41793061],[-76.46135573,3.41786785],[-76.46134338,3.4178328],[-76.46132205,3.41776947],[-76.46130409,3.4177135],[-76.46129398,3.41768127],[-76.4612704,3.41761399],[-76.46124795,3.41755292],[-76.46123559,3.41752296],[-76.46122949,3.41750538],[-76.46122633,3.41748584],[-76.46122089,3.41745345],[-76.46121087,3.41741367],[-76.46120434,3.41739091],[-76.46119866,3.41736656],[-76.46119382,3.41734063],[-76.46118269,3.41728471],[-76.46117558,3.41725468],[-76.46117079,3.41722714],[-76.46116119,3.41717367],[-76.46115788,3.41715021],[-76.46115616,3.41712759],[-76.46115357,3.41710738],[-76.4611474,3.41707254],[-76.46113954,3.41704088],[-76.46113307,3.41701739],[-76.4611302,3.41699944],[-76.46112348,3.41695931],[-76.46111676,3.41691464],[-76.46111004,3.41687168],[-76.46110447,3.41679649],[-76.46110001,3.41673714],[-76.46109778,3.41670887],[-76.46109555,3.41666761],[-76.46108997,3.41659921],[-76.46109,3.41656868],[-76.4610878,3.41649802],[-76.46108334,3.41643697],[-76.46107663,3.41637874],[-76.46106767,3.41632277],[-76.46106771,3.41626229],[-76.46106888,3.41619672],[-76.4610723,3.41612946],[-76.46107682,3.41610006],[-76.46108247,3.41606389],[-76.46109262,3.41602716],[-76.4611039,3.41598759],[-76.46111855,3.41594464],[-76.46113433,3.41590452],[-76.46116475,3.41583615],[-76.46119179,3.41577907],[-76.46122445,3.41572596],[-76.46126048,3.41567398],[-76.46129652,3.41562426],[-76.46133368,3.41556833],[-76.46136634,3.41552143],[-76.46138548,3.41549488],[-76.46141138,3.41546493],[-76.46143727,3.4154333],[-76.46146767,3.41540053],[-76.46151833,3.41534517],[-76.46156111,3.41529998],[-76.46160052,3.41525818],[-76.46164038,3.41522045],[-76.46166238,3.41520296],[-76.46168214,3.41518584],[-76.46170119,3.41516547],[-76.4617243,3.41514362],[-76.46174498,3.4151225],[-76.46175437,3.4151142],[-76.46179751,3.41508534],[-76.46185266,3.41505316],[-76.46191005,3.41502324],[-76.46194156,3.41500517],[-76.46197195,3.41498484],[-76.46200459,3.4149583],[-76.46204061,3.41493119],[-76.46209689,3.41488375],[-76.46213179,3.41485494],[-76.46216668,3.41482896],[-76.46220045,3.41480581],[-76.46223347,3.41478427],[-76.46225247,3.41477702],[-76.46229861,3.41476231],[-76.46234393,3.41474838],[-76.4623916,3.41473614],[-76.4624385,3.41472306],[-76.46248376,3.41471075],[-76.4625314,3.41469931],[-76.46257747,3.41468702],[-76.46262352,3.41467553],[-76.46267121,3.41466247],[-76.46271809,3.41465021],[-76.46276255,3.41463787],[-76.46285144,3.41461479],[-76.46288862,3.41460464],[-76.46292901,3.4145946],[-76.46296379,3.41458438],[-76.46306564,3.41455686],[-76.46309794,3.41454899],[-76.46312863,3.41454187],[-76.46315692,3.41453387],[-76.46318445,3.41452504],[-76.4632104,3.41451535],[-76.4632388,3.41450414],[-76.46326479,3.41449284],[-76.46329159,3.41448157],[-76.46331681,3.41446945],[-76.46336894,3.41444203],[-76.46339584,3.41442754],[-76.46342598,3.41441154],[-76.46345373,3.41439547],[-76.46348145,3.4143802],[-76.46354012,3.41434895],[-76.46356783,3.41433368],[-76.46359553,3.41431922],[-76.46362082,3.41430468],[-76.46364693,3.41428936],[-76.46367465,3.41427409],[-76.4637,3.41425795],[-76.46372934,3.41424192],[-76.46374893,3.41423043],[-76.46377832,3.4142128],[-76.46380767,3.41419677],[-76.46385747,3.41416687],[-76.46388767,3.41414926],[-76.46391621,3.41413321],[-76.46394398,3.41411633],[-76.4639709,3.41410104],[-76.46399864,3.41408497],[-76.46402406,3.4140664],[-76.46405189,3.41404711],[-76.46407811,3.41402857],[-76.46410434,3.41400923],[-76.46415518,3.41397211],[-76.46417896,3.4139543],[-76.46420112,3.41393725],[-76.46422488,3.41392025],[-76.46424702,3.413904],[-76.46426753,3.41388852],[-76.46428891,3.41387064],[-76.46434413,3.41382075],[-76.46437544,3.41379271],[-76.46440193,3.41376532],[-76.46442935,3.41373312],[-76.46445768,3.41369772],[-76.46449528,3.4136473],[-76.4645095,3.4136276],[-76.46452455,3.41360711],[-76.46455045,3.41357245],[-76.46456469,3.41355193],[-76.46457977,3.41353065],[-76.46460242,3.4134975],[-76.46461582,3.41347857],[-76.46463945,3.413439],[-76.46464722,3.41342349],[-76.46466514,3.41339491],[-76.46468993,3.41334461],[-76.46470427,3.41330864],[-76.46471541,3.41328663],[-76.46472992,3.41325726],[-76.46474364,3.41322787],[-76.46475822,3.41319608],[-76.46477444,3.41316355],[-76.46479487,3.41312388],[-76.46481114,3.41308974],[-76.46482579,3.41305554],[-76.46484043,3.41302215],[-76.46485427,3.41298873],[-76.46485844,3.41297965],[-76.46488483,3.41293719],[-76.46491523,3.41288803],[-76.46494677,3.41283322],[-76.46497831,3.41277163],[-76.46500648,3.4127089],[-76.46502225,3.41267387],[-76.46503803,3.41263544],[-76.46505493,3.4126004],[-76.4650831,3.41253372],[-76.46511014,3.41247608],[-76.46512141,3.41244839],[-76.46515183,3.4123851],[-76.46517886,3.41233651],[-76.46520702,3.41227944],[-76.46522281,3.41222292],[-76.46523523,3.41216414],[-76.46524989,3.41209858],[-76.46526344,3.41203584],[-76.46527698,3.41197028],[-76.46529165,3.41191094],[-76.46530744,3.41185216],[-76.4653266,3.41179508],[-76.46534802,3.4117284],[-76.46536042,3.41169392],[-76.46537959,3.4116278],[-76.46539875,3.41156903],[-76.46540912,3.41153784],[-76.46541562,3.41152178],[-76.46542863,3.41148915],[-76.46544404,3.41145658],[-76.46547242,3.41139299],[-76.46548543,3.41136036],[-76.46549572,3.41133811],[-76.46550864,3.4113087],[-76.46552075,3.41127926],[-76.46553211,3.41124818],[-76.46554174,3.41122109],[-76.46556837,3.41116227],[-76.46558048,3.41113284],[-76.46559337,3.41110423],[-76.46560466,3.41107556],[-76.46561597,3.4110461],[-76.46565286,3.41096585],[-76.46566412,3.41093799],[-76.46567281,3.4109157],[-76.46568155,3.4108918],[-76.46569034,3.41086628],[-76.46569523,3.41085248],[-76.46570525,3.41082986],[-76.46572103,3.41079313],[-76.46573905,3.41075414],[-76.46577173,3.41068237],[-76.46579652,3.41062304],[-76.46582018,3.41056596],[-76.46584159,3.41051002],[-76.46586188,3.41045011],[-76.46587428,3.41041507],[-76.46587726,3.41040447],[-76.46587831,3.4104023],[-76.46588947,3.41037766],[-76.46589906,3.41035217],[-76.46590944,3.41032671],[-76.46591903,3.41030122],[-76.46592777,3.41027732],[-76.46593496,3.41025176],[-76.46593974,3.41022612],[-76.46594375,3.41019965],[-76.46594693,3.41017397],[-76.46595493,3.41012104],[-76.46595971,3.4100954],[-76.4659653,3.41006979],[-76.46597101,3.41004016],[-76.46597654,3.41001616],[-76.46598603,3.4099673],[-76.46599072,3.40994488],[-76.46599535,3.40992408],[-76.46600229,3.40987998],[-76.46600996,3.40983831],[-76.4660152,3.40979738],[-76.466018,3.40975799],[-76.46602006,3.40971616],[-76.46602128,3.40967591],[-76.46602253,3.40963406],[-76.46602302,3.40959137],[-76.46602213,3.40956798],[-76.46602043,3.40954457],[-76.4660171,3.4095219],[-76.46601305,3.40949681],[-76.46600652,3.40944746],[-76.46600166,3.40942234],[-76.46599771,3.40939402],[-76.46599371,3.4093673],[-76.46598407,3.40931464],[-76.46597768,3.40928706],[-76.4659705,3.40925945],[-76.46595608,3.40920583],[-76.46595538,3.40920348],[-76.46595274,3.40918906],[-76.46594154,3.40912291],[-76.46593145,3.40906242],[-76.46591799,3.40900702],[-76.46589891,3.40894256],[-76.46588545,3.40888038],[-76.46586862,3.40881705],[-76.46584841,3.40875656],[-76.46582483,3.4086921],[-76.46580574,3.40864008],[-76.46579114,3.40860842],[-76.46576193,3.40855074],[-76.46573496,3.40849985],[-76.46570462,3.40844499],[-76.46567204,3.40838675],[-76.46563945,3.40833529],[-76.46560348,3.40828382],[-76.46556977,3.40823801],[-76.46552817,3.40819842],[-76.46547195,3.40815824],[-76.46546232,3.40815139],[-76.46540458,3.40808687],[-76.46538749,3.40806863],[-76.46532329,3.40800775],[-76.46529433,3.40796876],[-76.46524936,3.40792124],[-76.46520439,3.40787712],[-76.46518528,3.40785619],[-76.46513807,3.40780585],[-76.46511334,3.40777644],[-76.4650695,3.40771875],[-76.46503804,3.4076656],[-76.46500996,3.40760227],[-76.46498412,3.40754911],[-76.46494591,3.4074886],[-76.46491219,3.40743827],[-76.46489421,3.40741508],[-76.46485262,3.40736248],[-76.46481441,3.40730819],[-76.46478182,3.4072539],[-76.46475373,3.40720075],[-76.46473127,3.40714138],[-76.46470994,3.40708201],[-76.46469423,3.4070283],[-76.46468638,3.40699212],[-76.4646763,3.40692089],[-76.46467184,3.40685531],[-76.46467301,3.40679483],[-76.46467304,3.40675752],[-76.46467645,3.40669308],[-76.46468437,3.406636],[-76.46469566,3.40657665],[-76.46470695,3.40651618],[-76.46472387,3.40644892],[-76.46473966,3.40639127],[-76.46475882,3.4063325],[-76.46477235,3.40629633],[-76.464787,3.4062579],[-76.4648039,3.40621495],[-76.4648208,3.40617596],[-76.46485235,3.40610363],[-76.46487939,3.40604203],[-76.46489517,3.40601096],[-76.46490138,3.40599868],[-76.4649058,3.40599168],[-76.4649255,3.40596134],[-76.46494445,3.4059302],[-76.46496498,3.40589834],[-76.46497985,3.40587326],[-76.46499957,3.40584214],[-76.46505452,3.40575874],[-76.46507564,3.40572757],[-76.4651125,3.40569229],[-76.46515753,3.40565275],[-76.46517892,3.40562903],[-76.46522508,3.40557536],[-76.46524872,3.40554711],[-76.46527687,3.40551548],[-76.46530276,3.40548667],[-76.46532641,3.40545277],[-76.4653647,3.40539287],[-76.46538568,3.40535032],[-76.4653894,3.40534636],[-76.46542718,3.40530816],[-76.46544565,3.40529021],[-76.46546565,3.40527232],[-76.46548648,3.4052529],[-76.46551047,3.40523205],[-76.46555918,3.40519115],[-76.46559822,3.40516077],[-76.46562445,3.40514157],[-76.46564996,3.40512155],[-76.46567623,3.40510157],[-76.46570413,3.40507931],[-76.4657328,3.40505708],[-76.46576225,3.40503488],[-76.46579407,3.40501122],[-76.46582277,3.40498823],[-76.46585379,3.40496531],[-76.46588327,3.40494234],[-76.46591515,3.40491712],[-76.46594466,3.40489338],[-76.46597419,3.40486885],[-76.46600447,3.40484513],[-76.46603241,3.4048221],[-76.46603252,3.40482201],[-76.46606184,3.4047999],[-76.46608969,3.4047792],[-76.46611991,3.40475703],[-76.46614618,3.40473704],[-76.46617477,3.40471715],[-76.46620178,3.40469797],[-76.46623432,3.40467589],[-76.46626288,3.40465676],[-76.46628989,3.40463758],[-76.46631768,3.40461843],[-76.46634621,3.40460009],[-76.46637634,3.40458025],[-76.46640644,3.40456118],[-76.46642945,3.40454574],[-76.46645803,3.40452584],[-76.46648499,3.40450822],[-76.46651753,3.40448614],[-76.46655321,3.40446262],[-76.46658735,3.40443905],[-76.46662077,3.40441389],[-76.46665257,3.40439101],[-76.46668602,3.40436508],[-76.46671312,3.40434357],[-76.46673784,3.40432352],[-76.466761,3.4043042],[-76.46678409,3.40428642],[-76.46680725,3.4042671],[-76.46683114,3.40424857],[-76.46687281,3.40420974],[-76.46690985,3.40417074],[-76.46692364,3.40415544],[-76.46692377,3.40415531],[-76.46696754,3.40411194],[-76.4670137,3.40406619],[-76.46704297,3.4040402],[-76.46709137,3.40399275],[-76.46711279,3.40393737],[-76.46712858,3.40387746],[-76.46713761,3.40382038],[-76.46714214,3.40378477],[-76.46715231,3.40371299],[-76.46715824,3.40368211],[-76.46716141,3.40367048],[-76.46717045,3.40363585],[-76.46717697,3.40360567],[-76.4671918,3.40355078],[-76.46720758,3.403492],[-76.46722225,3.40343266],[-76.46723354,3.40337558],[-76.46724483,3.40331454],[-76.46725612,3.40325123],[-76.46726629,3.40318849],[-76.4672742,3.40312971],[-76.46728212,3.40307206],[-76.46729229,3.40300819],[-76.46730246,3.40294206],[-76.4673115,3.40287311],[-76.46731492,3.40281036],[-76.46731494,3.40277758],[-76.46731724,3.40271144],[-76.46731838,3.40268374],[-76.46731953,3.40264531],[-76.46732408,3.40257239],[-76.46731737,3.40251642],[-76.46729491,3.40245253],[-76.46728595,3.40239035],[-76.46728487,3.4023276],[-76.46728491,3.40226712],[-76.46728496,3.40220268],[-76.467285,3.40214389],[-76.46728616,3.40208228],[-76.46728396,3.40201218],[-76.46728285,3.40198335],[-76.46727053,3.40191438],[-76.46725595,3.4018471],[-76.46724137,3.4017787],[-76.46723464,3.40174308],[-76.46722792,3.40170577],[-76.46722119,3.40166676],[-76.4672111,3.40162831],[-76.46719765,3.40155652],[-76.46718531,3.40149829],[-76.46717858,3.40146606],[-76.46716961,3.40142931],[-76.46715726,3.40138973],[-76.46714604,3.40134733],[-76.46712358,3.40128005],[-76.46710899,3.40123877],[-76.46709326,3.40119919],[-76.46707417,3.40115848],[-76.46704721,3.40108893],[-76.46702588,3.40103748],[-76.46700454,3.4009849],[-76.46698432,3.40093401],[-76.46696747,3.40089386],[-76.46693827,3.40082545],[-76.46691131,3.40076325],[-76.46689784,3.40072819],[-76.46688323,3.40069483],[-76.46685628,3.40062698],[-76.46684168,3.40059475],[-76.46681472,3.40052803],[-76.46678439,3.40046357],[-76.46676642,3.40042738],[-76.46674732,3.40039119],[-76.46673047,3.40035274],[-76.46671249,3.40031711],[-76.46669564,3.40028149],[-76.46666531,3.40021703],[-76.4666361,3.40016387],[-76.46661587,3.40013164],[-76.46659227,3.40009601],[-76.4665698,3.40006151],[-76.46652934,3.39999874],[-76.46651136,3.39997047],[-76.46649225,3.39994106],[-76.46647428,3.3999077],[-76.46643945,3.39984323],[-76.46640574,3.39978442],[-76.46639001,3.39975275],[-76.46637203,3.39971996],[-76.4663327,3.39965945],[-76.46629449,3.39960346],[-76.46627426,3.39957462],[-76.46623267,3.39951467],[-76.46621245,3.39948074],[-76.46618997,3.39944455],[-76.466172,3.39940836],[-76.46615177,3.39937499],[-76.46612929,3.3993405],[-76.46610907,3.39930487],[-76.46608772,3.39926924],[-76.46606637,3.39923192],[-76.46604277,3.39919629],[-76.46602142,3.39916236],[-76.46600006,3.39913126],[-76.46597984,3.39909902],[-76.4659405,3.39903682],[-76.46590342,3.39898366],[-76.46587082,3.39893332],[-76.46583262,3.39887451],[-76.46580115,3.39882192],[-76.46576744,3.39877328],[-76.4657326,3.39872408],[-76.46569438,3.39866809],[-76.4656573,3.39861606],[-76.46563032,3.398581],[-76.46561655,3.39856354],[-76.4655976,3.39853019],[-76.46557809,3.3984937],[-76.46555609,3.39846178],[-76.46553412,3.39842908],[-76.46551424,3.39840268],[-76.46547497,3.3983569],[-76.46545479,3.39833826],[-76.46544733,3.39833146],[-76.46543251,3.39830784],[-76.46539205,3.39825015],[-76.4653662,3.39821113],[-76.46533923,3.39817267],[-76.46529314,3.39811385],[-76.46526055,3.39806805],[-76.46524369,3.39804542],[-76.46521897,3.39800923],[-76.46519424,3.3979736],[-76.46515153,3.39791196],[-76.46511444,3.39786275],[-76.46509421,3.39783391],[-76.46507061,3.39780167],[-76.46504926,3.39776774],[-76.46502678,3.39773268],[-76.46498745,3.39767047],[-76.46495149,3.39761618],[-76.46491665,3.39756642],[-76.46489642,3.3975387],[-76.46487506,3.3975093],[-76.46485484,3.39747706],[-76.46483236,3.39744426],[-76.46480876,3.3974092],[-76.46478628,3.3973747],[-76.4647492,3.39731137],[-76.4647301,3.3972797],[-76.46470987,3.39724633],[-76.46468964,3.3972141],[-76.46465256,3.39715246],[-76.46461548,3.39709082],[-76.46458514,3.39704049],[-76.46455143,3.39698677],[-76.46451659,3.39693417],[-76.46449973,3.39690364],[-76.46448288,3.39687027],[-76.46446603,3.39683465],[-76.46443458,3.39676793],[-76.46441212,3.39670799],[-76.46439078,3.39665202],[-76.46437506,3.39661696],[-76.46435035,3.39655194],[-76.46433913,3.39651575],[-76.46432005,3.39644677],[-76.46430434,3.39639137],[-76.46428976,3.39632635],[-76.46425942,3.39627376],[-76.46423583,3.39621835],[-76.4642235,3.39615842],[-76.46422242,3.39609059],[-76.46421908,3.39602897],[-76.46422025,3.39596679],[-76.4642203,3.39590405],[-76.46422032,3.39587126],[-76.46421809,3.39583508],[-76.46421252,3.39576216],[-76.46420918,3.39569998],[-76.46420698,3.39563384],[-76.46420702,3.3955711],[-76.46421381,3.39550666],[-76.4642206,3.39544731],[-76.46423077,3.39538457],[-76.46423982,3.39531222],[-76.46424774,3.39525344],[-76.4642534,3.39519353],[-76.46425794,3.39513135],[-76.46426136,3.39507257],[-76.46426477,3.39501774],[-76.46427269,3.39494934],[-76.46427721,3.39491487],[-76.46428174,3.394877],[-76.46429416,3.39480578],[-76.46430208,3.39474022],[-76.46430212,3.39468256],[-76.46430104,3.3946232],[-76.46430108,3.39456555],[-76.464309,3.39449659],[-76.46432029,3.39443159],[-76.46432934,3.39436207],[-76.46433499,3.39432872],[-76.46435078,3.39425751],[-76.46436995,3.39419421],[-76.464388,3.39412413],[-76.46440492,3.39406083],[-76.46441281,3.39403031],[-76.46442973,3.39396136],[-76.46444553,3.39389637],[-76.46445907,3.39383533],[-76.46447373,3.39377938],[-76.46448952,3.39372512],[-76.46450643,3.3936686],[-76.46452109,3.39361096],[-76.46453913,3.39354709],[-76.46454815,3.3935211],[-76.46456282,3.39345271],[-76.46457299,3.39338715],[-76.46457392,3.39333241],[-76.46458023,3.39330074],[-76.46458844,3.39326445],[-76.46459723,3.39322659],[-76.46459593,3.39319575],[-76.46459832,3.39312592],[-76.46459728,3.39309746],[-76.46459702,3.39306834],[-76.46460238,3.39300918],[-76.46460428,3.39297898],[-76.46460829,3.39288111],[-76.46461227,3.39281612],[-76.46461436,3.39279906],[-76.46462066,3.39276312],[-76.46463871,3.39269813],[-76.464659,3.39264105],[-76.46467591,3.39258171],[-76.46469283,3.3925218],[-76.46470974,3.39246529],[-76.46472103,3.39240255],[-76.46472895,3.39234094],[-76.46473124,3.39228102],[-76.46473353,3.39221998],[-76.46474707,3.39215385],[-76.46476399,3.39208772],[-76.46477866,3.39202895],[-76.46479333,3.39195434],[-76.46480236,3.39191591],[-76.46481815,3.39185091],[-76.46482546,3.39182131],[-76.46483523,3.39178699],[-76.4648387,3.39176419],[-76.46484523,3.39173449],[-76.464852,3.39169662],[-76.46486103,3.39165423],[-76.46487458,3.39158188],[-76.46488362,3.39152706],[-76.46489266,3.39145923],[-76.4649017,3.39140045],[-76.46490962,3.39133828],[-76.46491754,3.39127158],[-76.46492433,3.39121054],[-76.46492443,3.39120885],[-76.46492775,3.39115118],[-76.46492777,3.39111727],[-76.46492892,3.39107996],[-76.46492782,3.39103757],[-76.46492787,3.39096238],[-76.46492904,3.39089568],[-76.46492459,3.39083181],[-76.46491563,3.39077131],[-76.46491003,3.39074079],[-76.46489882,3.39066899],[-76.46488086,3.39060962],[-76.46485052,3.39056099],[-76.46483817,3.39053046],[-76.46481909,3.3904677],[-76.46480451,3.39040495],[-76.46478542,3.39034049],[-76.46476184,3.39027886],[-76.46474276,3.39022232],[-76.46472703,3.39018952],[-76.4647012,3.39012789],[-76.46468434,3.39009566],[-76.46465064,3.3900312],[-76.4646248,3.38998087],[-76.46459447,3.38992093],[-76.46456863,3.38985817],[-76.4645383,3.3897954],[-76.46450572,3.38973716],[-76.46447201,3.38967778],[-76.46445403,3.38964498],[-76.46443493,3.38961332],[-76.46441583,3.38957995],[-76.46439897,3.38954772],[-76.46438212,3.38951549],[-76.46436415,3.38948099],[-76.4643428,3.38944537],[-76.46432144,3.38940974],[-76.46430122,3.38937412],[-76.46426189,3.3893136],[-76.46423043,3.38925762],[-76.46419671,3.38920277],[-76.46417986,3.38917336],[-76.46415963,3.38914],[-76.46413828,3.3891038],[-76.46411918,3.38906592],[-76.46409896,3.38903086],[-76.46406638,3.38897148],[-76.46403604,3.38891437],[-76.46402144,3.38888157],[-76.46400234,3.38884425],[-76.46397313,3.38877979],[-76.46395854,3.38873852],[-76.46394281,3.3886995],[-76.46392597,3.38865766],[-76.46390014,3.38859038],[-76.46388442,3.38854797],[-76.46387095,3.38850783],[-76.46384962,3.38843433],[-76.46382942,3.38836479],[-76.46382044,3.38833143],[-76.46381034,3.38829412],[-76.46379799,3.38825567],[-76.46378565,3.38821609],[-76.46377217,3.38818217],[-76.46375869,3.38814711],[-76.46374409,3.38811375],[-76.46372837,3.38807756],[-76.46371152,3.38804081],[-76.46369579,3.38800462],[-76.46368344,3.387969],[-76.46366997,3.38793394],[-76.46364751,3.38786779],[-76.46362843,3.38780673],[-76.46361497,3.38775245],[-76.46360264,3.38768744],[-76.4635813,3.38762751],[-76.46356784,3.38756984],[-76.46356451,3.38750879],[-76.46356568,3.38744718],[-76.46356909,3.38738952],[-76.46357025,3.38733073],[-76.46357253,3.38729399],[-76.46357482,3.38722673],[-76.46357712,3.38716172],[-76.46357941,3.38709446],[-76.46358394,3.38705546],[-76.46358847,3.38701419],[-76.46359639,3.38694241],[-76.46360092,3.38690228],[-76.46360657,3.38686441],[-76.46361109,3.38682767],[-76.46361674,3.38679093],[-76.46362239,3.3867525],[-76.46362917,3.38671519],[-76.46364497,3.38664511],[-76.46366526,3.38658408],[-76.46368442,3.38652813],[-76.46369119,3.38650043],[-76.4637081,3.38643883],[-76.46372727,3.38638175],[-76.46374755,3.38632524],[-76.4637746,3.38626364],[-76.46379037,3.38622804],[-76.46381516,3.38616079],[-76.46383883,3.38610259],[-76.46386587,3.38603929],[-76.46388052,3.38600539],[-76.46390868,3.38594266],[-76.4639346,3.38588502],[-76.46396164,3.38582682],[-76.46398867,3.38576975],[-76.46401121,3.38571719],[-76.46402698,3.38567989],[-76.46404163,3.38564486],[-76.46405515,3.38560982],[-76.46408445,3.38554257],[-76.46410924,3.3854838],[-76.46413627,3.38542503],[-76.46416331,3.38536852],[-76.46418133,3.38533858],[-76.46421849,3.38527981],[-76.46425116,3.3852267],[-76.46425941,3.38518573],[-76.46426567,3.38517593],[-76.46427918,3.38515337],[-76.4642912,3.38513072],[-76.46430102,3.38510717],[-76.46431248,3.38508146],[-76.4643247,3.3850558],[-76.46433916,3.38503029],[-76.46435527,3.38500262],[-76.46437133,3.3849757],[-76.46438819,3.38494808],[-76.46440584,3.38491975],[-76.46442345,3.38489218],[-76.46444176,3.38486541],[-76.46445853,3.38483929],[-76.46447448,3.38481388],[-76.46449199,3.38478781],[-76.4645079,3.38476315],[-76.46452372,3.38474],[-76.46453958,3.3847161],[-76.46455309,3.38469354],[-76.46456821,3.38466959],[-76.46458182,3.38464553],[-76.46459539,3.38462222],[-76.46463539,3.38455152],[-76.46464885,3.38452972],[-76.46466157,3.38450787],[-76.46467504,3.38448608],[-76.46470037,3.38444389],[-76.46471244,3.38442049],[-76.46472066,3.38439973],[-76.46473321,3.38437687],[-76.46475461,3.38433901],[-76.46477826,3.38430285],[-76.4648188,3.38424069],[-76.46485821,3.38419098],[-76.4648796,3.38416725],[-76.46492351,3.38411132],[-76.4649449,3.38408024],[-76.4649663,3.38404747],[-76.46498882,3.3840147],[-76.46501022,3.3839825],[-76.46503161,3.38394973],[-76.46505301,3.38391809],[-76.46507553,3.38388758],[-76.46511832,3.38382769],[-76.46515548,3.38377401],[-76.46519376,3.38372147],[-76.46522877,3.38367542],[-76.46525092,3.38365523],[-76.46527257,3.38363474],[-76.46529118,3.38361479],[-76.46530755,3.3835947],[-76.46532128,3.38358048],[-76.46534603,3.38355867],[-76.46536685,3.38353963],[-76.46539109,3.38351401],[-76.46542174,3.38348276],[-76.46544015,3.38346583],[-76.46550054,3.38340554],[-76.46552314,3.38338208],[-76.4655448,3.38336158],[-76.46556261,3.38334234],[-76.46558038,3.38332385],[-76.46560144,3.38330105],[-76.4656194,3.38327955],[-76.4656399,3.38325368],[-76.46566661,3.38322519],[-76.46569355,3.38319295],[-76.46572074,3.38315693],[-76.46574563,3.38312152],[-76.46576728,3.38308967],[-76.4658001,3.38303664],[-76.4658017,3.38303301],[-76.46581972,3.38300739],[-76.46585913,3.38295146],[-76.46589629,3.38290174],[-76.46593119,3.38285767],[-76.4659661,3.38280852],[-76.46600551,3.38275258],[-76.46604155,3.38269326],[-76.46607758,3.38263901],[-76.46611249,3.38258986],[-76.46612825,3.38256726],[-76.46615077,3.38253788],[-76.46617442,3.38250737],[-76.46621271,3.38244748],[-76.46623749,3.38238984],[-76.46626003,3.38233276],[-76.46628032,3.38227908],[-76.46629723,3.38221804],[-76.46630628,3.38215191],[-76.46631307,3.38209369],[-76.46631985,3.38203773],[-76.46633002,3.38198234],[-76.46633681,3.3819196],[-76.46634022,3.38186082],[-76.46634476,3.38179977],[-76.46634593,3.38173985],[-76.46634259,3.3816788],[-76.46633926,3.38161832],[-76.4663393,3.38155274],[-76.46634384,3.38149566],[-76.46634726,3.38143291],[-76.4663428,3.38137017],[-76.46634172,3.3813012],[-76.46633502,3.3812328],[-76.46632832,3.38115931],[-76.46632497,3.38112256],[-76.46631827,3.38104908],[-76.46630932,3.38097841],[-76.46630149,3.38091396],[-76.46629252,3.38085856],[-76.46627794,3.3807992],[-76.46626896,3.38076754],[-76.46625999,3.38073248],[-76.46624989,3.38069347],[-76.46624091,3.38065673],[-76.46622971,3.38058832],[-76.46622188,3.38052557],[-76.46620955,3.38045773],[-76.46619834,3.38039498],[-76.46617533,3.38034602],[-76.46617344,3.38032224],[-76.46616897,3.38028715],[-76.46616135,3.38025413],[-76.46615438,3.38022266],[-76.4661476,3.38018818],[-76.46614003,3.3801544],[-76.46613805,3.38011571],[-76.46614016,3.38007198],[-76.46614104,3.38004709],[-76.46614597,3.37997179],[-76.46614767,3.37992275],[-76.46614897,3.37990298],[-76.46616382,3.37986417],[-76.46618974,3.37980483],[-76.46621564,3.37975736],[-76.46623703,3.37973364],[-76.46628319,3.37968788],[-76.46633159,3.37964213],[-76.46638224,3.37959807],[-76.46643965,3.37955006],[-76.46645548,3.37953931],[-76.4665015,3.37951811],[-76.46653011,3.37950639],[-76.46655867,3.37949542],[-76.46658644,3.37948516],[-76.4666141,3.3794764],[-76.46664236,3.37946995],[-76.46667122,3.37946581],[-76.46670069,3.37946398],[-76.46673081,3.3794637],[-76.4667871,3.3794659],[-76.46680963,3.37946664],[-76.46685099,3.37946711],[-76.46689484,3.37946396],[-76.46691841,3.37946021],[-76.46694722,3.37945683],[-76.46697374,3.37945404],[-76.46700167,3.37945286],[-76.46702944,3.37945394],[-76.46705567,3.37945568],[-76.46708399,3.37945982],[-76.46709774,3.37946114],[-76.4671473,3.3794748],[-76.46720691,3.37949236],[-76.46726652,3.37951106],[-76.46730026,3.37951956],[-76.46733805,3.37952893],[-76.46742232,3.3795563],[-76.4674494,3.37956793],[-76.46750187,3.37959408],[-76.46752651,3.37960857],[-76.46755543,3.37962636],[-76.46759097,3.37964686],[-76.46762865,3.37966901],[-76.46766623,3.37969267],[-76.46768497,3.37970525],[-76.46774199,3.37974229],[-76.46776009,3.37975332],[-76.46779407,3.37977447],[-76.4678234,3.37979759],[-76.46787379,3.37984403],[-76.46789294,3.37986193],[-76.46791349,3.37988144],[-76.46793258,3.3799001],[-76.46796648,3.37993409],[-76.46799267,3.37995927],[-76.46801187,3.37997642],[-76.46803092,3.37999583],[-76.46805365,3.38001624],[-76.46807935,3.3800376],[-76.46810644,3.38006057],[-76.46813218,3.38008117],[-76.46815302,3.38009617],[-76.468177,3.38010909],[-76.46820509,3.380117],[-76.468244,3.38012032],[-76.46826732,3.38012035],[-76.46829979,3.38011872],[-76.46833305,3.38011638],[-76.46836861,3.38011344],[-76.46838932,3.38011137],[-76.46843381,3.38011499],[-76.46849568,3.38011673],[-76.4685238,3.38011844],[-76.46859581,3.38011397],[-76.4686228,3.38011173],[-76.46868806,3.38010216],[-76.46871394,3.38009483],[-76.46875107,3.38008751],[-76.46882307,3.38007682],[-76.46886245,3.38007063],[-76.46890295,3.38006274],[-76.46894796,3.38005259],[-76.46899071,3.38004132],[-76.46903009,3.3800323],[-76.46909784,3.38001668],[-76.46911254,3.3800144],[-76.46914671,3.38000985],[-76.46917942,3.38000445],[-76.46921063,3.37999896],[-76.46923725,3.37999466],[-76.46928379,3.37998489],[-76.46932349,3.37997617],[-76.46936019,3.37996725],[-76.46940229,3.37995642],[-76.46942686,3.37994897],[-76.46945447,3.37994096],[-76.4695481,3.37991312],[-76.46964488,3.37988322],[-76.46971473,3.37986213],[-76.46978619,3.37983963],[-76.4698184,3.37983042],[-76.46984825,3.37982255],[-76.46987732,3.3798154],[-76.46990183,3.37980871],[-76.46992551,3.37980346],[-76.4699685,3.37979043],[-76.46999073,3.37978434],[-76.47001289,3.37977899],[-76.47003512,3.3797729],[-76.47005729,3.37976756],[-76.47008181,3.37976086],[-76.47010788,3.37975351],[-76.47013549,3.3797455],[-76.4701638,3.3797383],[-76.47018987,3.37973095],[-76.47021289,3.37972415],[-76.47023666,3.37971741],[-76.47025898,3.37970981],[-76.470282,3.37970301],[-76.47030422,3.37969692],[-76.47032649,3.37969007],[-76.47034796,3.37968393],[-76.47039026,3.37967009],[-76.47040958,3.37966228],[-76.47044892,3.37964749],[-76.47048757,3.3796319],[-76.47052487,3.37961395],[-76.47055757,3.37959721],[-76.47058632,3.37958322],[-76.47058915,3.3795817],[-76.4706087,3.37958172],[-76.47066721,3.37957102],[-76.47072347,3.37955353],[-76.47078198,3.37952757],[-76.47084387,3.37949652],[-76.47086413,3.37948353],[-76.47090804,3.37942704],[-76.47092832,3.37938013],[-76.47094534,3.37932808],[-76.4709561,3.37931425],[-76.47097307,3.37929647],[-76.47098848,3.37927934],[-76.47100396,3.37926145],[-76.47101383,3.3792508],[-76.47106455,3.37921686],[-76.47110732,3.37918637],[-76.47118611,3.37911859],[-76.47124577,3.3790638],[-76.47128066,3.37903725],[-76.47134033,3.37897229],[-76.47136848,3.37892595],[-76.47139439,3.37887114],[-76.47142707,3.37879089],[-76.47144849,3.37872251],[-76.47147216,3.37865243],[-76.47149583,3.37859027],[-76.47152737,3.37851737],[-76.47154655,3.37843881],[-76.47154999,3.37834102],[-76.47155228,3.37827771],[-76.47156919,3.37823363],[-76.47160073,3.37816356],[-76.47162619,3.37811568],[-76.47163662,3.37810313],[-76.47166227,3.37807911],[-76.47168962,3.37805218],[-76.47171886,3.37801933],[-76.47173578,3.3780023],[-76.47176783,3.3779753],[-76.47253247,3.37803098],[-76.47251812,3.37809436],[-76.47249967,3.37816234],[-76.47247471,3.37822818],[-76.47244348,3.37829127],[-76.47240627,3.37835099],[-76.47236344,3.37840678],[-76.4723154,3.3784581],[-76.4722626,3.37850447],[-76.4722584,3.37854667],[-76.47224571,3.37861118],[-76.47222654,3.37868974],[-76.47220949,3.37874865],[-76.47218754,3.3788059],[-76.47216243,3.37886393],[-76.47214944,3.37889805],[-76.47213276,3.37894741],[-76.47211375,3.37900812],[-76.47210354,3.37903837],[-76.47209333,3.37906491],[-76.47206066,3.37914515],[-76.47204464,3.37918158],[-76.4720179,3.37923814],[-76.47198288,3.379303],[-76.47195466,3.37934945],[-76.47191416,3.37940915],[-76.47186933,3.37946298],[-76.47180901,3.37952865],[-76.47175698,3.37957972],[-76.47171517,3.37961408],[-76.47170683,3.37962043],[-76.47167175,3.37965264],[-76.47166243,3.37966106],[-76.47165425,3.3796682],[-76.47157546,3.37973598],[-76.47154729,3.37975821],[-76.47152605,3.37979795],[-76.47150204,3.37983608],[-76.47147538,3.37987238],[-76.47143147,3.37992888],[-76.47139182,3.37997565],[-76.47134837,3.38001887],[-76.47130143,3.38005823],[-76.47125133,3.38009344],[-76.47123108,3.38010643],[-76.47120379,3.38012308],[-76.47116539,3.38014383],[-76.47110349,3.38017488],[-76.47107803,3.38018703],[-76.47107274,3.3801894],[-76.47101423,3.38021537],[-76.47095271,3.38023934],[-76.47093616,3.3802447],[-76.4708799,3.38026219],[-76.47082736,3.38027636],[-76.47080616,3.38028073],[-76.47079849,3.38028442],[-76.47078362,3.38029136],[-76.47075579,3.38030328],[-76.47071714,3.38031887],[-76.47070114,3.38032511],[-76.47066993,3.38033684],[-76.47065867,3.38034139],[-76.4706195,3.3803559],[-76.47061314,3.38035801],[-76.47057084,3.38037185],[-76.4705452,3.38037971],[-76.47053037,3.38038396],[-76.47051469,3.38038878],[-76.47049371,3.38039487],[-76.47047716,3.38039943],[-76.47046683,3.3804029],[-76.47043222,3.38041367],[-76.47041212,3.38041938],[-76.47039282,3.38042507],[-76.47038436,3.38042752],[-76.47035829,3.38043487],[-76.47034047,3.38043965],[-76.47032367,3.38044392],[-76.47030751,3.38044861],[-76.4703023,3.3804501],[-76.47027623,3.38045745],[-76.47027069,3.38045899],[-76.47024617,3.38046568],[-76.47022513,3.38047109],[-76.47021378,3.38047383],[-76.47020232,3.38047697],[-76.47018077,3.38048252],[-76.47016833,3.38048555],[-76.47013347,3.38049609],[-76.47008567,3.3805088],[-76.4700804,3.38050999],[-76.47007382,3.38051145],[-76.4700662,3.38051353],[-76.47004848,3.38051813],[-76.47002515,3.38052387],[-76.47000817,3.38052834],[-76.46999237,3.38053286],[-76.46992996,3.38055251],[-76.46992186,3.38055501],[-76.4698542,3.38057543],[-76.46975967,3.38060464],[-76.46975236,3.38060686],[-76.4696564,3.38063539],[-76.46963057,3.38064289],[-76.46961022,3.38064906],[-76.4695808,3.3806573],[-76.46953871,3.38066812],[-76.46952945,3.38067044],[-76.46949275,3.38067936],[-76.46948365,3.38068151],[-76.46947708,3.38068299],[-76.46943737,3.3806917],[-76.46943111,3.38069304],[-76.46938457,3.38070282],[-76.4693513,3.380709],[-76.46932977,3.38071247],[-76.46930365,3.38071707],[-76.46929619,3.38071834],[-76.46926348,3.38072374],[-76.46924116,3.38072707],[-76.46922917,3.38072867],[-76.46919045,3.38073759],[-76.46916209,3.38074409],[-76.4691307,3.38075237],[-76.46910681,3.38075823],[-76.4690605,3.38076867],[-76.46903988,3.380773],[-76.46899938,3.38078089],[-76.46897373,3.3807854],[-76.46893436,3.38079159],[-76.46892829,3.38079252],[-76.46887696,3.38080014],[-76.46884821,3.3808075],[-76.46879197,3.38081806],[-76.46872671,3.38082762],[-76.46871228,3.38082959],[-76.46868212,3.38083274],[-76.46865512,3.38083498],[-76.46864023,3.38083606],[-76.46856823,3.38084054],[-76.46854171,3.38084169],[-76.46848022,3.38084059],[-76.46846383,3.38083959],[-76.46841369,3.38083818],[-76.46839344,3.38083731],[-76.46838328,3.38083809],[-76.46835002,3.38084043],[-76.46833578,3.38084129],[-76.46830331,3.38084292],[-76.46828523,3.3808436],[-76.4682664,3.38084382],[-76.46824307,3.38084379],[-76.46819016,3.38084177],[-76.46818303,3.38084119],[-76.46814412,3.38083787],[-76.46808004,3.38082947],[-76.46801088,3.38081365],[-76.46798239,3.38080563],[-76.46793245,3.38078954],[-76.46788381,3.38076984],[-76.46783673,3.38074664],[-76.46781275,3.38073372],[-76.46776242,3.38070388],[-76.46773401,3.38068446],[-76.46771317,3.38066947],[-76.46768359,3.38064701],[-76.46765771,3.38062629],[-76.4676423,3.38061359],[-76.4676178,3.38059282],[-76.46759478,3.38057369],[-76.46757416,3.38055587],[-76.46755142,3.38053547],[-76.46752823,3.38051371],[-76.46751836,3.38050385],[-76.46751519,3.38050071],[-76.46749503,3.38048206],[-76.46746884,3.38045688],[-76.46746379,3.38045197],[-76.46745792,3.38044615],[-76.46742735,3.38041549],[-76.46741535,3.38040377],[-76.46740059,3.38038975],[-76.46738532,3.38037548],[-76.46736992,3.38036164],[-76.46735128,3.38034994],[-76.46729417,3.38031284],[-76.46728511,3.38030686],[-76.46727509,3.38030013],[-76.46725571,3.38028793],[-76.4672301,3.38027287],[-76.46719707,3.38025382],[-76.46717965,3.38024344],[-76.4671602,3.38023148],[-76.4671409,3.38022521],[-76.46712654,3.38022165],[-76.46709146,3.38021281],[-76.4670715,3.38020748],[-76.46705206,3.38020168],[-76.4669984,3.38018485],[-76.46698559,3.38018163],[-76.46694618,3.38018558],[-76.46690233,3.38018873],[-76.46688768,3.38018944],[-76.46689599,3.38021649],[-76.46690691,3.38026717],[-76.46691794,3.3803289],[-76.46693006,3.38039559],[-76.46693374,3.38041778],[-76.46693618,3.38043552],[-76.46694229,3.38048452],[-76.46694729,3.38051387],[-76.46695693,3.38055125],[-76.46696383,3.38057822],[-76.46697027,3.38060093],[-76.46697558,3.38062072],[-76.46697685,3.38062578],[-76.46699143,3.38068514],[-76.46700309,3.38074247],[-76.46701205,3.38079787],[-76.46701335,3.38080618],[-76.46701607,3.38082627],[-76.46702367,3.38088881],[-76.4670324,3.38095769],[-76.46703516,3.38098307],[-76.46704186,3.38105656],[-76.46704521,3.3810933],[-76.46705169,3.38116436],[-76.46705815,3.3812303],[-76.46706073,3.38126518],[-76.46706153,3.38128982],[-76.4670623,3.38133869],[-76.46706533,3.38138141],[-76.46706626,3.38139689],[-76.46706617,3.38147073],[-76.46706266,3.38153519],[-76.46706145,3.38155326],[-76.46705918,3.38158183],[-76.46705917,3.38159854],[-76.4670614,3.38163897],[-76.46706484,3.38170202],[-76.46706569,3.38175399],[-76.46706452,3.3818139],[-76.46706376,3.38183587],[-76.46706266,3.38185371],[-76.46705855,3.38190888],[-76.46705548,3.38196176],[-76.46705248,3.38199785],[-76.46704569,3.38206059],[-76.46704187,3.38209021],[-76.46703798,3.38211352],[-76.46703121,3.38214716],[-76.46702788,3.38217956],[-76.46702511,3.38220158],[-76.46702128,3.38223612],[-76.46701947,3.38225041],[-76.46701043,3.38231654],[-76.46700219,3.38236468],[-76.46699074,3.38241214],[-76.46697382,3.38247318],[-76.46695679,3.38252655],[-76.46695333,3.3825359],[-76.46693304,3.38258959],[-76.46692917,3.38259961],[-76.46690663,3.38265669],[-76.46689832,3.38267684],[-76.46687353,3.38273448],[-76.46684807,3.38278764],[-76.46681838,3.38283853],[-76.46678009,3.38289842],[-76.46674825,3.38294424],[-76.46674237,3.38295192],[-76.46671993,3.38298088],[-76.46670845,3.38299586],[-76.46670197,3.38300515],[-76.46669847,3.38301012],[-76.46667009,3.38305009],[-76.46664837,3.38308277],[-76.46661987,3.3831297],[-76.46659303,3.38317067],[-76.46655285,3.38322769],[-76.46651717,3.38327794],[-76.46650502,3.38329454],[-76.46649444,3.38330824],[-76.46646583,3.38334435],[-76.46644082,3.38337782],[-76.46640732,3.38342536],[-76.46637863,3.38347171],[-76.46636166,3.38349785],[-76.46634001,3.3835297],[-76.46633366,3.38353888],[-76.46630878,3.38357429],[-76.46629442,3.383594],[-76.46626707,3.38363022],[-76.46624483,3.38365822],[-76.46621788,3.38369047],[-76.4661943,3.38371731],[-76.46619059,3.3837213],[-76.46618346,3.38372909],[-76.46617075,3.38374474],[-76.46615278,3.38376624],[-76.46612912,3.38379318],[-76.46610804,3.383816],[-76.46609816,3.38382649],[-76.46608508,3.3838401],[-76.4660719,3.38385433],[-76.4660383,3.38388831],[-76.46602881,3.38389729],[-76.46601783,3.38390869],[-76.46600788,3.38391882],[-76.46594749,3.3839791],[-76.46592617,3.38399954],[-76.46592145,3.38400387],[-76.46590832,3.38401727],[-76.46588846,3.38403824],[-76.46585145,3.38407464],[-76.46582999,3.38409426],[-76.4658176,3.38410828],[-76.46579772,3.3841296],[-76.46576509,3.38416239],[-76.46574145,3.38419438],[-76.46570926,3.38424087],[-76.46570309,3.38424964],[-76.4656603,3.38430953],[-76.46565371,3.3843186],[-76.46564008,3.38433708],[-76.46563031,3.38435153],[-76.46561212,3.38437939],[-76.46560894,3.38438422],[-76.46558754,3.38441642],[-76.46558118,3.38442584],[-76.46556352,3.38445153],[-76.4655468,3.38447714],[-76.4655369,3.3844919],[-76.46551551,3.38452297],[-76.46549734,3.38454819],[-76.46548869,3.38455943],[-76.46544478,3.38461537],[-76.46541309,3.38465301],[-76.46540706,3.38465971],[-76.46540263,3.38466529],[-76.46538009,3.38469984],[-76.46536842,3.38471783],[-76.46536103,3.38473443],[-76.46535159,3.38475342],[-76.46533951,3.38477682],[-76.4653167,3.38481775],[-76.46529033,3.38486164],[-76.46528662,3.38486772],[-76.46527815,3.38488143],[-76.46527023,3.38489504],[-76.46526182,3.38490911],[-76.46525437,3.38492119],[-76.46522121,3.38497979],[-76.46521678,3.38498752],[-76.46520541,3.38500705],[-76.46519397,3.38502726],[-76.46518247,3.38504687],[-76.46517621,3.38505698],[-76.46516555,3.38507387],[-76.46515509,3.38509131],[-76.46513842,3.38511764],[-76.46512255,3.38514154],[-76.4651173,3.38514934],[-76.4651068,3.38516471],[-76.46509599,3.38518146],[-76.46508872,3.38519251],[-76.46507738,3.3852094],[-76.46506731,3.38522543],[-76.46506342,3.38523156],[-76.46504665,3.38525768],[-76.46503509,3.38527512],[-76.4650232,3.3852925],[-76.46501381,3.38530721],[-76.46500005,3.38532929],[-76.46498692,3.3853508],[-76.46497469,3.3853713],[-76.46496371,3.38539016],[-76.46496159,3.38539492],[-76.46495514,3.38541037],[-76.46493979,3.38544466],[-76.46493187,3.38546036],[-76.4649143,3.38551093],[-76.46489176,3.38555948],[-76.46486449,3.3856055],[-76.4648309,3.38566014],[-76.46482607,3.38566788],[-76.46479654,3.38571457],[-76.46478744,3.3857336],[-76.46476754,3.38577685],[-76.46474726,3.38582491],[-76.46474392,3.38583271],[-76.46472078,3.38588583],[-76.4647128,3.38590649],[-76.46470533,3.38592508],[-76.4646901,3.38596151],[-76.46467304,3.38600184],[-76.4646498,3.38605605],[-76.46463867,3.38608073],[-76.46461278,3.38613538],[-76.46458882,3.38618697],[-76.4645648,3.38624039],[-76.46453881,3.38629826],[-76.46452679,3.38632609],[-76.46450284,3.38638215],[-76.46448609,3.38642335],[-76.46446542,3.3864794],[-76.46444803,3.38652232],[-76.4644327,3.38655692],[-76.46441627,3.38659434],[-76.464407,3.38662015],[-76.46439669,3.38665086],[-76.46438787,3.38668299],[-76.46438355,3.38670068],[-76.46438205,3.38670669],[-76.46436513,3.38676359],[-76.46434704,3.38681639],[-76.46433915,3.38684014],[-76.46433464,3.38686013],[-76.46433278,3.38687035],[-76.46432857,3.38689897],[-76.46432421,3.3869274],[-76.46432102,3.38695328],[-76.46431851,3.38697168],[-76.46431478,3.3869967],[-76.46431181,3.38702299],[-76.46430401,3.38709372],[-76.46429925,3.38713702],[-76.46429788,3.38714887],[-76.46429658,3.38718694],[-76.4642943,3.38725173],[-76.46429201,3.38731878],[-76.46429153,3.3873301],[-76.46429104,3.38733893],[-76.46428971,3.3873604],[-76.46428885,3.38740392],[-76.46428809,3.38742562],[-76.46428772,3.38743249],[-76.46428598,3.38746188],[-76.46430029,3.38750896],[-76.46430981,3.38755198],[-76.46431837,3.38759711],[-76.46432173,3.38761068],[-76.46433171,3.3876426],[-76.46434667,3.38768668],[-76.46435497,3.38770828],[-76.46435994,3.3877216],[-76.46436326,3.38773096],[-76.46436746,3.38774254],[-76.46438221,3.38777483],[-76.46438811,3.38778804],[-76.46440339,3.38782319],[-76.46441766,3.38785581],[-76.46443023,3.38788641],[-76.46444226,3.38791769],[-76.46445424,3.38794786],[-76.46446215,3.38796869],[-76.46447258,3.38799965],[-76.46448404,3.3880364],[-76.46449544,3.38807189],[-76.464505,3.38810422],[-76.46451524,3.38814204],[-76.46452248,3.38816896],[-76.46454071,3.3882317],[-76.46455788,3.38829087],[-76.46456296,3.38830601],[-76.46457329,3.38833388],[-76.46459552,3.3883918],[-76.46461011,3.38842804],[-76.46462579,3.38846694],[-76.46463504,3.38849112],[-76.46463687,3.38849624],[-76.46464112,3.38850825],[-76.4646504,3.38852874],[-76.46466164,3.3885507],[-76.46467007,3.38856771],[-76.46467856,3.38858609],[-76.46468293,3.3885959],[-76.46469914,3.38862642],[-76.46472563,3.3886747],[-76.464742,3.38870307],[-76.46476138,3.38873896],[-76.46476971,3.38875549],[-76.46477667,3.38876728],[-76.46479465,3.38879694],[-76.46480368,3.38881226],[-76.46481501,3.38883204],[-76.46484383,3.38887893],[-76.46485727,3.38890186],[-76.4648773,3.3889375],[-76.46490393,3.38897846],[-76.46491553,3.38899691],[-76.46492651,3.3890156],[-76.46494253,3.38904381],[-76.46495949,3.38907212],[-76.46498085,3.38910775],[-76.46500188,3.38914534],[-76.4650198,3.38917972],[-76.46503626,3.38921121],[-76.4650467,3.38923117],[-76.46505482,3.38924535],[-76.46506965,3.38926994],[-76.4650846,3.38929592],[-76.46509997,3.38932397],[-76.46513213,3.38938063],[-76.46516583,3.38944085],[-76.46518587,3.38947935],[-76.46521673,3.38954321],[-76.46523388,3.38958165],[-76.46524893,3.38961823],[-76.46526552,3.38965101],[-76.46528917,3.38969707],[-76.46532163,3.38975915],[-76.46533848,3.38979138],[-76.46534982,3.38981403],[-76.46536464,3.38984705],[-76.46538343,3.38989187],[-76.46539133,3.38990835],[-76.46541926,3.38997492],[-76.4654245,3.38998989],[-76.46543895,3.39003271],[-76.46545736,3.39008083],[-76.46546193,3.39009309],[-76.46547544,3.39013419],[-76.46549452,3.39019864],[-76.46550216,3.39022646],[-76.46550555,3.39024043],[-76.46551008,3.39025993],[-76.46553381,3.39030461],[-76.46555372,3.39035114],[-76.46556964,3.39039919],[-76.4655876,3.39045855],[-76.46559648,3.39049051],[-76.46561004,3.39055693],[-76.46561974,3.39061912],[-76.46562359,3.39064005],[-76.4656276,3.39066418],[-76.46563665,3.39072531],[-76.46564273,3.3907812],[-76.46564718,3.39084508],[-76.46564806,3.39085966],[-76.46564884,3.39090844],[-76.46564777,3.39096903],[-76.46564773,3.39102841],[-76.46564858,3.39106117],[-76.46564848,3.39110237],[-76.46564767,3.39112872],[-76.46564765,3.39115167],[-76.46564675,3.39118729],[-76.46564645,3.39119296],[-76.4656431,3.39125108],[-76.46563978,3.39129091],[-76.46563299,3.39135195],[-76.46563237,3.39135731],[-76.46562445,3.391424],[-76.4656237,3.39143011],[-76.46561578,3.39149228],[-76.46561336,3.39150963],[-76.46560523,3.39156253],[-76.46559714,3.39162316],[-76.46559548,3.39163493],[-76.46559384,3.39164529],[-76.46558481,3.39170012],[-76.46558207,3.39171569],[-76.46556852,3.39178804],[-76.46556499,3.39180567],[-76.46555845,3.39183639],[-76.46555377,3.3918625],[-76.46554819,3.39189053],[-76.46554634,3.39189896],[-76.46553286,3.39196555],[-76.46552737,3.39198597],[-76.46552111,3.39200797],[-76.46551715,3.39202401],[-76.46550237,3.39208483],[-76.46549702,3.39210762],[-76.4654849,3.39216924],[-76.46547695,3.3922049],[-76.46546171,3.39226595],[-76.46545059,3.39230944],[-76.46544832,3.39236871],[-76.46544796,3.39237704],[-76.46544292,3.39243359],[-76.46543501,3.3924952],[-76.46543289,3.39251042],[-76.46542944,3.39253133],[-76.46541815,3.39259406],[-76.46540737,3.39264385],[-76.46539914,3.39267364],[-76.46538385,3.39272474],[-76.46536823,3.39278007],[-76.46535107,3.39284028],[-76.46533695,3.39288441],[-76.46532778,3.39291021],[-76.46532729,3.39291822],[-76.46532357,3.39300879],[-76.46532329,3.39301509],[-76.46532276,3.3930245],[-76.46532086,3.3930547],[-76.46531932,3.3930748],[-76.46531765,3.39309683],[-76.4653178,3.39315073],[-76.46531643,3.39319455],[-76.46531634,3.39326047],[-76.46531029,3.39332611],[-76.46529831,3.39339092],[-76.4652922,3.39341726],[-76.465292,3.39342325],[-76.46528458,3.39349679],[-76.46527414,3.39356413],[-76.46526656,3.39360518],[-76.46525189,3.39367357],[-76.46524579,3.39369966],[-76.46522794,3.39375924],[-76.46522589,3.39376515],[-76.46521622,3.39379939],[-76.46520391,3.39384778],[-76.46519583,3.39387696],[-76.46517974,3.39393073],[-76.46516742,3.39397308],[-76.46515874,3.39400622],[-76.46514818,3.39405378],[-76.46514488,3.394068],[-76.46512889,3.39413379],[-76.46511178,3.39420354],[-76.46511,3.39421061],[-76.46510166,3.39424287],[-76.46510018,3.3942485],[-76.46508412,3.39430859],[-76.4650669,3.39437547],[-76.46505867,3.39440484],[-76.46504748,3.39444179],[-76.46504149,3.39446897],[-76.46503412,3.39452541],[-76.46503215,3.39453946],[-76.46502947,3.39455603],[-76.46502176,3.39460039],[-76.46502095,3.39460742],[-76.46502095,3.39461681],[-76.46502191,3.39466926],[-76.46502203,3.39468305],[-76.46502199,3.39474071],[-76.46502109,3.39477632],[-76.46501674,3.3948274],[-76.46500882,3.39489297],[-76.46500602,3.39491365],[-76.46500326,3.3949307],[-76.46499419,3.39498267],[-76.46499198,3.39500114],[-76.46499095,3.39500942],[-76.46498714,3.39503842],[-76.46498207,3.39508218],[-76.46497996,3.39511619],[-76.46497663,3.39517351],[-76.46497592,3.39518433],[-76.46497138,3.3952465],[-76.46497008,3.39526197],[-76.46496441,3.39532188],[-76.46496114,3.39535044],[-76.46495368,3.39540589],[-76.46494506,3.3954748],[-76.46494263,3.39549244],[-76.46494132,3.39550086],[-76.46493387,3.39554683],[-76.46492937,3.39558614],[-76.4649269,3.39560956],[-76.46492689,3.39562198],[-76.46492844,3.39566842],[-76.46493094,3.39571497],[-76.46493588,3.39577966],[-76.46493663,3.39579045],[-76.46493885,3.39582663],[-76.46493933,3.39583524],[-76.46494022,3.39587174],[-76.4649402,3.39590454],[-76.46494016,3.39596729],[-76.46494003,3.39598044],[-76.46493939,3.39601486],[-76.46496075,3.39606429],[-76.46497834,3.39611519],[-76.46499205,3.39616729],[-76.4650022,3.39621254],[-76.46501303,3.39625076],[-76.46503034,3.39631309],[-76.46504006,3.39633903],[-76.46504708,3.39635469],[-76.46506306,3.39639322],[-76.46508512,3.39645111],[-76.46509786,3.39648509],[-76.46511645,3.39652454],[-76.46512905,3.39655117],[-76.46513333,3.39655964],[-76.4651507,3.39658587],[-76.46516036,3.39660085],[-76.46519407,3.39665457],[-76.46520016,3.39666445],[-76.46523138,3.39671624],[-76.46526863,3.39677816],[-76.46530218,3.39683393],[-76.46531881,3.39686042],[-76.46532443,3.39686952],[-76.46534531,3.39690397],[-76.46536483,3.39693633],[-76.46536968,3.39694449],[-76.46539801,3.39699288],[-76.46540812,3.39700839],[-76.46542694,3.39703636],[-76.46544774,3.39706672],[-76.46546378,3.39709115],[-76.46547099,3.39710264],[-76.46547742,3.39711151],[-76.4654971,3.39713846],[-76.46550544,3.39715013],[-76.46554028,3.3971999],[-76.46555076,3.39721529],[-76.46558673,3.39726958],[-76.46559507,3.39728248],[-76.46563318,3.39734274],[-76.46565446,3.39737594],[-76.46565772,3.39738107],[-76.4656655,3.39739344],[-76.46567407,3.39740514],[-76.46568264,3.39741711],[-76.46569575,3.39743579],[-76.4657254,3.39747513],[-76.46574235,3.39749857],[-76.46578494,3.39756004],[-76.46580946,3.39759539],[-76.46581247,3.39759976],[-76.46582879,3.39762365],[-76.46583677,3.39763436],[-76.46584616,3.39764725],[-76.46586908,3.39767946],[-76.46590485,3.39772512],[-76.46591312,3.39773587],[-76.46592766,3.39775587],[-76.46595463,3.39779433],[-76.46596547,3.39781023],[-76.465986,3.39784122],[-76.46600246,3.39786457],[-76.46602029,3.39788457],[-76.46605956,3.39793036],[-76.46608819,3.39796597],[-76.46610814,3.39799246],[-76.46613077,3.39802425],[-76.46615033,3.39805335],[-76.4661699,3.39808176],[-76.46619241,3.39811649],[-76.4662123,3.39815136],[-76.46621809,3.39816218],[-76.46622684,3.39817357],[-76.46623118,3.39817926],[-76.46624253,3.39819474],[-76.46627962,3.39824677],[-76.46628808,3.3982589],[-76.46632277,3.39830973],[-76.46635399,3.39835382],[-76.46635813,3.39835973],[-76.46639185,3.39840836],[-76.46641547,3.39844471],[-76.46641814,3.39844914],[-76.46644272,3.39849024],[-76.46647393,3.39853828],[-76.46650003,3.39857858],[-76.46652997,3.39862149],[-76.46654813,3.39864883],[-76.46658811,3.39871207],[-76.46660106,3.3987327],[-76.46661399,3.39875153],[-76.46662987,3.39877568],[-76.46664672,3.39880246],[-76.46666564,3.39883102],[-76.46668068,3.39885471],[-76.46669051,3.39887137],[-76.46670821,3.39890231],[-76.46672577,3.39893162],[-76.46673437,3.39894635],[-76.46674366,3.39896273],[-76.46675406,3.39897869],[-76.46676633,3.39899819],[-76.4667868,3.39903196],[-76.46681611,3.39908524],[-76.46681882,3.39909069],[-76.46682319,3.39909773],[-76.46682676,3.39910353],[-76.46683002,3.39910894],[-76.46683747,3.39912144],[-76.46686374,3.39915931],[-76.46688293,3.39918667],[-76.46688817,3.39919425],[-76.46692639,3.39925024],[-76.46693541,3.39926378],[-76.46697474,3.39932429],[-76.46698634,3.39934275],[-76.4670026,3.39937089],[-76.46702058,3.39940368],[-76.46703414,3.39942967],[-76.46704028,3.39944202],[-76.46706326,3.39948212],[-76.46707211,3.399498],[-76.46710714,3.39956285],[-76.46711123,3.39957044],[-76.46711416,3.39957495],[-76.46711798,3.39958089],[-76.4671348,3.39960735],[-76.46717303,3.39966666],[-76.46719304,3.39969738],[-76.46721514,3.39973074],[-76.46722482,3.39974574],[-76.46724505,3.39977798],[-76.46725041,3.39978667],[-76.46726628,3.39981409],[-76.46727993,3.39983965],[-76.46729504,3.3998675],[-76.46731395,3.39990316],[-76.46731599,3.39990783],[-76.467344,3.39997063],[-76.46735873,3.39999816],[-76.46737255,3.40002554],[-76.4673791,3.40003887],[-76.46738932,3.40006116],[-76.4673956,3.40007549],[-76.46740241,3.40008839],[-76.46741055,3.40010428],[-76.46742852,3.40014047],[-76.46743303,3.4001497],[-76.46743521,3.4001543],[-76.46746554,3.40021876],[-76.46748176,3.40025588],[-76.46750308,3.40030866],[-76.46751148,3.40032719],[-76.46752488,3.40035875],[-76.46754722,3.40041497],[-76.46755681,3.40043688],[-76.46756938,3.40046748],[-76.46757739,3.40048832],[-76.46759909,3.4005384],[-76.46762995,3.40061069],[-76.46764765,3.40065287],[-76.46765292,3.40066577],[-76.46767216,3.4007142],[-76.46769142,3.40076166],[-76.46771172,3.40081062],[-76.46771804,3.40082637],[-76.46773596,3.40087262],[-76.46774445,3.40089071],[-76.46776186,3.40093095],[-76.46777759,3.40097053],[-76.4677855,3.40099137],[-76.46778734,3.40099652],[-76.46780193,3.40103779],[-76.46780613,3.40105],[-76.46782858,3.40111728],[-76.46784177,3.4011614],[-76.46784893,3.40118846],[-76.46785655,3.40121287],[-76.46786727,3.40125083],[-76.46786877,3.40125686],[-76.46787774,3.40129361],[-76.46788316,3.40131751],[-76.46788971,3.40134889],[-76.46790178,3.40140588],[-76.46790513,3.40142266],[-76.46791378,3.40146885],[-76.46791726,3.40148211],[-76.46791885,3.40148828],[-76.46793054,3.40154328],[-76.46793679,3.40157951],[-76.4679425,3.40161122],[-76.46794708,3.40163545],[-76.46795964,3.4016944],[-76.46797395,3.40176044],[-76.4679791,3.40178648],[-76.46799143,3.40185545],[-76.46799856,3.40190528],[-76.46800223,3.40195548],[-76.46800343,3.40198683],[-76.46800572,3.40205944],[-76.46800594,3.40209604],[-76.4680049,3.40215101],[-76.46800487,3.40220317],[-76.46800483,3.40226761],[-76.4680048,3.40230404],[-76.46802189,3.4023662],[-76.46803211,3.40242986],[-76.46803882,3.40248582],[-76.4680437,3.40255166],[-76.46804258,3.40261766],[-76.46803877,3.40267882],[-76.46803797,3.40270549],[-76.46803767,3.40271373],[-76.46803663,3.40273906],[-76.46803485,3.40279042],[-76.46803483,3.40281084],[-76.46803385,3.40284819],[-76.46803034,3.40291265],[-76.46802524,3.40296766],[-76.46801619,3.40303662],[-76.46801412,3.40305124],[-76.46800346,3.40312059],[-76.46799422,3.40317865],[-76.46798749,3.40322765],[-76.4679797,3.40328551],[-76.46797816,3.40329636],[-76.46797684,3.40330478],[-76.46796667,3.40336752],[-76.46796474,3.40337889],[-76.46795303,3.40344448],[-76.46794133,3.4035078],[-76.46793964,3.40351659],[-76.46792835,3.40357368],[-76.46792094,3.40360703],[-76.46790575,3.40366847],[-76.46790262,3.40368056],[-76.4678867,3.4037398],[-76.46787659,3.40377725],[-76.46787399,3.40378931],[-76.4678681,3.40381441],[-76.4678668,3.40381944],[-76.46786155,3.40383954],[-76.46785559,3.40388159],[-76.46785173,3.403912],[-76.46784948,3.40392824],[-76.46784858,3.40393406],[-76.46783955,3.40399114],[-76.46782622,3.40405602],[-76.46782449,3.40406271],[-76.4678087,3.40412262],[-76.46778927,3.40418485],[-76.46778383,3.40419939],[-76.46776241,3.40425477],[-76.46773771,3.40431137],[-76.4677083,3.40436564],[-76.46767438,3.40441719],[-76.46763621,3.40446564],[-76.46759406,3.40451064],[-76.46754566,3.40455809],[-76.46751958,3.40458242],[-76.46750516,3.40459522],[-76.46747304,3.40462707],[-76.46744339,3.40465645],[-76.46743756,3.40466285],[-76.46743071,3.40467015],[-76.46739368,3.40470916],[-76.46736229,3.40474026],[-76.46732062,3.40477909],[-76.46730747,3.40479104],[-76.46727091,3.40482137],[-76.46725723,3.40483198],[-76.467244,3.40484301],[-76.46722185,3.40486077],[-76.46720998,3.40486991],[-76.46719774,3.40488012],[-76.4671899,3.40488657],[-76.46716518,3.40490662],[-76.46715936,3.40491129],[-76.46713226,3.4049328],[-76.46712573,3.40493792],[-76.46709228,3.40496385],[-76.46707227,3.40497881],[-76.46704619,3.40499759],[-76.46701887,3.40501814],[-76.46700756,3.40502648],[-76.46699506,3.40503531],[-76.46696093,3.40505888],[-76.46694801,3.4050676],[-76.4669164,3.40508843],[-76.4668879,3.40510777],[-76.46687748,3.40511471],[-76.46685937,3.40512655],[-76.46683944,3.40514042],[-76.46682934,3.40514733],[-76.46680634,3.40516277],[-76.46679033,3.40517321],[-76.46676555,3.40518891],[-76.46674073,3.40520525],[-76.46673424,3.40520947],[-76.46671535,3.40522162],[-76.46670118,3.40523138],[-76.46667832,3.40524762],[-76.46666201,3.40525886],[-76.46663532,3.40527673],[-76.46661105,3.4052932],[-76.46659033,3.40530792],[-76.46658455,3.40531199],[-76.46656857,3.4053231],[-76.46655451,3.4053338],[-76.46654428,3.40534145],[-76.46651596,3.40536221],[-76.46649201,3.40538002],[-76.46647697,3.40539137],[-76.46646104,3.4054045],[-76.46644707,3.40541572],[-76.46642489,3.4054331],[-76.46640327,3.40545105],[-76.46639468,3.40545807],[-76.46636518,3.40548182],[-76.46636038,3.40548565],[-76.46632849,3.40551086],[-76.4663244,3.40551408],[-76.46629493,3.40553704],[-76.46628024,3.40554819],[-76.46626054,3.40556274],[-76.46624285,3.40557692],[-76.46622228,3.4055928],[-76.46619235,3.40561505],[-76.46616866,3.40563291],[-76.46614781,3.40564907],[-76.46612388,3.40566816],[-76.46611072,3.40567842],[-76.46608878,3.40569511],[-76.46606758,3.40571175],[-76.46604834,3.40572633],[-76.46603063,3.40573929],[-76.46601052,3.40575494],[-76.46597679,3.40578327],[-76.46596686,3.40579189],[-76.46596298,3.40579552],[-76.46593209,3.40584382],[-76.46591591,3.40586805],[-76.46589226,3.40590195],[-76.46587661,3.40592353],[-76.46583702,3.40597159],[-76.46581241,3.40599897],[-76.46579266,3.40602118],[-76.46577601,3.40604106],[-76.46576973,3.40604847],[-76.46572357,3.40610213],[-76.46571244,3.40611477],[-76.46569105,3.40613849],[-76.46568524,3.40614487],[-76.46563254,3.40619639],[-76.46562554,3.40620254],[-76.46560335,3.40623623],[-76.46559284,3.40625279],[-76.46558348,3.4062686],[-76.46557926,3.40627562],[-76.46556924,3.40629162],[-76.46555374,3.40631567],[-76.46553963,3.40633885],[-76.46552798,3.40635735],[-76.46551132,3.40639496],[-76.46548053,3.40646554],[-76.46546883,3.40649253],[-76.4654579,3.40652031],[-76.4654454,3.4065531],[-76.46543815,3.40657248],[-76.46542917,3.40660002],[-76.46541997,3.40663363],[-76.46541039,3.4066717],[-76.465403,3.40671129],[-76.46539489,3.40675392],[-76.46539372,3.40676237],[-76.46539294,3.40677704],[-76.46539293,3.40679531],[-76.46539279,3.40680885],[-76.46539224,3.40683766],[-76.46539275,3.40684524],[-76.4653944,3.40685669],[-76.46540634,3.40688995],[-76.46541015,3.40690001],[-76.46541731,3.40691193],[-76.46542877,3.40692822],[-76.46545785,3.406965],[-76.46546204,3.40697035],[-76.46548003,3.40699354],[-76.46548609,3.40700147],[-76.4655094,3.40703426],[-76.46554311,3.40708459],[-76.46555378,3.40710098],[-76.46559198,3.40716149],[-76.46559844,3.40717191],[-76.46563098,3.40723156],[-76.4656577,3.40728655],[-76.46566754,3.40730779],[-76.46567463,3.40732303],[-76.46570917,3.40735997],[-76.46571438,3.40736559],[-76.46572146,3.40737334],[-76.46575228,3.40740358],[-76.46577102,3.40742266],[-76.46581599,3.40747017],[-76.46582209,3.4074767],[-76.46585952,3.40752153],[-76.46588154,3.40754241],[-76.46591171,3.40757276],[-76.46592879,3.407591],[-76.46593234,3.40759482],[-76.46593986,3.40760309],[-76.46594482,3.40760843],[-76.46598518,3.40763941],[-76.46602325,3.40767318],[-76.46606485,3.40771277],[-76.46610878,3.40775843],[-76.46614856,3.40780778],[-76.46618227,3.40785359],[-76.46619263,3.40786803],[-76.46622859,3.40791949],[-76.46624681,3.40794686],[-76.4662794,3.40799832],[-76.46628636,3.40800954],[-76.46629958,3.40803221],[-76.46633302,3.40809199],[-76.46636422,3.40814838],[-76.46637041,3.40815982],[-76.46639738,3.40821071],[-76.46640353,3.40822259],[-76.46643274,3.40828027],[-76.46643978,3.40829455],[-76.46644431,3.40830418],[-76.46645891,3.40833585],[-76.46648119,3.40838975],[-76.4665004,3.40844211],[-76.46652452,3.40850803],[-76.4665309,3.40852632],[-76.46655111,3.40858682],[-76.46656415,3.40863035],[-76.46658098,3.40869368],[-76.46658312,3.40870189],[-76.46658892,3.40872663],[-76.46659664,3.40876229],[-76.46660802,3.40880072],[-76.46661566,3.40882854],[-76.46661736,3.4088354],[-76.46663082,3.40889081],[-76.46664148,3.4089429],[-76.4666514,3.40900243],[-76.46665867,3.40904535],[-76.46666549,3.40907073],[-76.46666704,3.40907658],[-76.46667478,3.40910639],[-76.46667887,3.40912312],[-76.46668526,3.4091507],[-76.4666921,3.40918375],[-76.46670174,3.40923641],[-76.4667056,3.40925957],[-76.46670961,3.40928634],[-76.46671063,3.40929343],[-76.46671197,3.40930297],[-76.46671323,3.4093095],[-76.4667184,3.40933967],[-76.46672016,3.40935214],[-76.46672532,3.40939117],[-76.46672771,3.40940594],[-76.46672915,3.40941523],[-76.46673264,3.409439],[-76.46673844,3.40949199],[-76.46674014,3.4095154],[-76.46674115,3.40953196],[-76.46674151,3.40954012],[-76.46674241,3.40956351],[-76.46674289,3.40959973],[-76.4667424,3.40964242],[-76.46674212,3.40965587],[-76.46674086,3.40969784],[-76.46673964,3.4097382],[-76.4667391,3.40975186],[-76.46673703,3.40979389],[-76.46673609,3.40980944],[-76.4667333,3.40984883],[-76.46672923,3.40988974],[-76.46672399,3.40993067],[-76.46672183,3.40994618],[-76.46671786,3.40996998],[-76.46671189,3.41000237],[-76.46670642,3.41003713],[-76.46669791,3.41008197],[-76.46669429,3.41009825],[-76.4666916,3.41011108],[-76.46668312,3.41015476],[-76.46667791,3.41017932],[-76.46667532,3.41019054],[-76.46667209,3.41020732],[-76.46666854,3.4102246],[-76.46666505,3.41024078],[-76.46666013,3.41027303],[-76.46665816,3.41028898],[-76.46665554,3.410308],[-76.46665146,3.41033495],[-76.46664733,3.4103594],[-76.46664255,3.41038504],[-76.4666326,3.41043032],[-76.46662776,3.41044845],[-76.46662057,3.410474],[-76.46660389,3.4105258],[-76.46659478,3.41055072],[-76.46659243,3.41055708],[-76.46658284,3.41058256],[-76.46657556,3.41060112],[-76.46656895,3.41061733],[-76.4665629,3.41063344],[-76.46655052,3.41066332],[-76.46654183,3.41068789],[-76.46652311,3.41074314],[-76.46651808,3.41075749],[-76.46651353,3.41076973],[-76.46649211,3.41082568],[-76.46648473,3.4108442],[-76.46646068,3.4109022],[-76.46643551,3.41096245],[-76.46642638,3.41098336],[-76.46639283,3.41105705],[-76.46637809,3.41108894],[-76.4663656,3.41111802],[-76.4663619,3.41112836],[-76.46635766,3.41114033],[-76.46634854,3.41116528],[-76.46634316,3.41117952],[-76.46633447,3.41120181],[-76.46633112,3.41121025],[-76.46631986,3.41123811],[-76.46630639,3.41126932],[-76.46627928,3.41132828],[-76.46627636,3.41133588],[-76.46627407,3.41134176],[-76.46626279,3.41137043],[-76.46624921,3.41140261],[-76.46624124,3.4114203],[-76.46623369,3.41143866],[-76.46622362,3.41146196],[-76.46620865,3.41149549],[-76.46619652,3.41152871],[-76.46618606,3.41155565],[-76.46617395,3.41158508],[-76.46616728,3.41160077],[-76.46615436,3.41163019],[-76.46614753,3.41164529],[-76.46614073,3.41166199],[-76.4661293,3.41168907],[-76.46610091,3.41175266],[-76.46609418,3.41176731],[-76.46608851,3.4117793],[-76.46608474,3.41178874],[-76.46608225,3.41179625],[-76.46606743,3.41184168],[-76.4660516,3.41189628],[-76.46603747,3.41193984],[-76.4660293,3.41196256],[-76.46601171,3.41201732],[-76.46600874,3.41202636],[-76.46599668,3.41206229],[-76.46598859,3.41209241],[-76.46597903,3.41213107],[-76.46596832,3.41218292],[-76.46596699,3.41218921],[-76.46595345,3.41225195],[-76.46595228,3.41225729],[-76.46593857,3.41231857],[-76.46592704,3.41237314],[-76.46592046,3.41240148],[-76.46591593,3.41241847],[-76.46590014,3.41247498],[-76.46587899,3.41253905],[-76.46585199,3.41260086],[-76.46582383,3.41265793],[-76.46580726,3.41268952],[-76.46579073,3.41271924],[-76.46577935,3.41274291],[-76.4657765,3.41274993],[-76.46576133,3.41278459],[-76.46574029,3.41282943],[-76.4657176,3.41288313],[-76.46570315,3.41291515],[-76.46569529,3.41293145],[-76.46568776,3.41294979],[-76.46567816,3.4129721],[-76.46566253,3.41300681],[-76.46563451,3.41306921],[-76.46562692,3.41308557],[-76.46561844,3.41310268],[-76.4655869,3.41316427],[-76.46557,3.41319538],[-76.46553846,3.41325018],[-76.46552951,3.41326531],[-76.46552665,3.41326997],[-76.46549858,3.41331536],[-76.46548579,3.41334453],[-76.46547236,3.41337588],[-76.4654605,3.41340211],[-76.46544386,3.41343704],[-76.46543419,3.41345651],[-76.46541596,3.41349189],[-76.46540711,3.41350964],[-76.46539642,3.41353294],[-76.4653817,3.41356449],[-76.46537853,3.4135712],[-76.46537475,3.41357896],[-76.46536076,3.41360728],[-76.46535817,3.41361376],[-76.46533853,3.41365855],[-76.46533507,3.41366568],[-76.46531028,3.41371598],[-76.46527942,3.41377218],[-76.46527421,3.41378061],[-76.46526891,3.41378907],[-76.46525671,3.41381134],[-76.46523307,3.41385091],[-76.4652301,3.41385585],[-76.46520239,3.41389802],[-76.46519251,3.41391198],[-76.46517329,3.41394011],[-76.4651663,3.41395017],[-76.46515319,3.41396867],[-76.46514083,3.41398647],[-76.46512616,3.41400683],[-76.46510203,3.41403913],[-76.4650905,3.41405483],[-76.46507806,3.41407206],[-76.46507136,3.41408119],[-76.46503264,3.4141331],[-76.46501868,3.41415113],[-76.46499035,3.41418652],[-76.4649763,3.41420355],[-76.46494887,3.41423575],[-76.46492964,3.41425743],[-76.4649182,3.41426953],[-76.46489172,3.41429692],[-76.46485448,3.41433276],[-76.46482434,3.41435976],[-76.46477023,3.41440865],[-76.46476525,3.41441311],[-76.46474932,3.41442683],[-76.46472793,3.4144447],[-76.46470001,3.41446689],[-76.4646795,3.41448238],[-76.4646716,3.41448826],[-76.46464946,3.41450451],[-76.46464375,3.41450866],[-76.46462888,3.4145193],[-76.4646167,3.41452867],[-76.46460898,3.41453453],[-76.46458519,3.41455234],[-76.46457843,3.41455734],[-76.46452883,3.41459356],[-76.46450395,3.41461191],[-76.46449833,3.41461601],[-76.46449235,3.41462028],[-76.46446614,3.41463881],[-76.46446066,3.41464265],[-76.46444013,3.41465688],[-76.46442037,3.4146713],[-76.4643584,3.41471163],[-76.46433048,3.4147278],[-76.46432511,3.41473088],[-76.46430751,3.41474088],[-76.46428887,3.41475221],[-76.46427614,3.41475977],[-76.46426769,3.4147646],[-76.46424411,3.41477786],[-76.46422279,3.41479029],[-76.46417688,3.41481785],[-76.46416759,3.41482334],[-76.46415147,3.41483241],[-76.46413484,3.4148415],[-76.46411789,3.41485166],[-76.46411196,3.41485518],[-76.46409082,3.41486758],[-76.46407315,3.41487757],[-76.46406497,3.41488203],[-76.46406001,3.41488519],[-76.46403458,3.41490066],[-76.46402071,3.4149085],[-76.46400145,3.41491911],[-76.46398367,3.41492953],[-76.46397952,3.41493195],[-76.46395301,3.41494719],[-76.46392758,3.41496114],[-76.46390694,3.41497192],[-76.46388619,3.41498335],[-76.46387724,3.4149882],[-76.46382306,3.41501706],[-76.46380652,3.41502616],[-76.46378541,3.41503839],[-76.4637623,3.41505121],[-76.46373412,3.41506617],[-76.46370911,3.41507965],[-76.46370269,3.41508306],[-76.46365056,3.41511047],[-76.46362751,3.41512207],[-76.46360229,3.4151342],[-76.46358765,3.41514104],[-76.46356939,3.41514901],[-76.46354662,3.41515858],[-76.46352468,3.41516812],[-76.46350215,3.41517746],[-76.46347375,3.41518868],[-76.46346101,3.41519357],[-76.46343506,3.41520326],[-76.4634137,3.41521085],[-76.46340339,3.41521424],[-76.46337587,3.41522307],[-76.4633519,3.4152303],[-76.46332361,3.4152383],[-76.46329064,3.41524678],[-76.46326383,3.415253],[-76.46324394,3.41525785],[-76.46315834,3.41528097],[-76.46313115,3.41528897],[-76.46310192,3.4152969],[-76.46306946,3.41530496],[-76.46304016,3.41531296],[-76.46303151,3.41531527],[-76.46294846,3.41533683],[-76.46290971,3.41534758],[-76.46289948,3.41535034],[-76.46285655,3.41536157],[-76.46281271,3.41537357],[-76.46279698,3.41537768],[-76.46275659,3.41538776],[-76.46271616,3.41539855],[-76.46269875,3.41540296],[-76.4626615,3.41541191],[-76.46262885,3.41542079],[-76.46258413,3.41543326],[-76.4625698,3.4154371],[-76.46255674,3.41544043],[-76.46250328,3.41548547],[-76.46247217,3.41551027],[-76.46244696,3.41552924],[-76.46242482,3.41554725],[-76.46239217,3.41557228],[-76.46237087,3.41558709],[-76.46234049,3.41560741],[-76.4622999,3.41563265],[-76.4622668,3.41565163],[-76.46224155,3.41566545],[-76.46220169,3.41568622],[-76.46215847,3.41572831],[-76.46215237,3.41573366],[-76.46213261,3.41575078],[-76.46211056,3.41576926],[-76.46208324,3.41579807],[-76.46204411,3.41583941],[-76.46199758,3.41589026],[-76.46199481,3.41589327],[-76.46197907,3.41591023],[-76.46196737,3.41592453],[-76.46195475,3.41593952],[-76.4619503,3.41594467],[-76.46192803,3.41597664],[-76.46189526,3.41602598],[-76.46187845,3.41605019],[-76.46184688,3.41609375],[-76.46182567,3.41612448],[-76.46181846,3.41613933],[-76.46179803,3.41618525],[-76.46179419,3.41619502],[-76.46179089,3.41620468],[-76.461789,3.41621133],[-76.46178847,3.41622167],[-76.46178769,3.41626561],[-76.46178852,3.41627096],[-76.46179177,3.41629552],[-76.46179848,3.41635375],[-76.46180133,3.41638401],[-76.46180579,3.41644507],[-76.46180683,3.416462],[-76.46180737,3.41647538],[-76.46180957,3.41654604],[-76.46180992,3.41656953],[-76.46181307,3.41660851],[-76.46181443,3.41662852],[-76.46181616,3.41666075],[-76.46181778,3.41668131],[-76.46182237,3.41674239],[-76.46182579,3.4167885],[-76.46182827,3.4168044],[-76.46183442,3.41684521],[-76.46183776,3.4168646],[-76.46184591,3.4168974],[-76.46185619,3.4169458],[-76.46186236,3.41698063],[-76.46186546,3.4169996],[-76.46186756,3.41701471],[-76.46187016,3.41703492],[-76.46187323,3.41706502],[-76.46187963,3.41710069],[-76.461881,3.41710853],[-76.46188303,3.41711711],[-76.46188863,3.41714279],[-76.46189976,3.41719872],[-76.46190141,3.41720729],[-76.46190248,3.41721279],[-76.46190866,3.41723567],[-76.4619188,3.41727594],[-76.4619257,3.41730885],[-76.4619463,3.41736489],[-76.46194945,3.41737367],[-76.46197303,3.41744096],[-76.46198064,3.41746388],[-76.46199003,3.41749385],[-76.46200562,3.41754244],[-76.46202369,3.41759608],[-76.46203437,3.41762637],[-76.46204423,3.41765645],[-76.46206331,3.41771921],[-76.46206717,3.41773234],[-76.46208401,3.4177917],[-76.46208782,3.41780569],[-76.46210297,3.4178635],[-76.4621193,3.41792438],[-76.46212186,3.41793418],[-76.46212569,3.41795005],[-76.46214139,3.41801845],[-76.46214402,3.41803034],[-76.46215793,3.41809598],[-76.46216193,3.41811288],[-76.46216861,3.41813716],[-76.46217239,3.41815152],[-76.46217529,3.418163],[-76.46218219,3.41818498],[-76.46219839,3.41823092],[-76.46221989,3.41829048],[-76.46223551,3.41833899],[-76.46225458,3.41840627],[-76.46225944,3.41842426],[-76.46226354,3.41844028],[-76.46227561,3.41847865],[-76.46228551,3.41851306],[-76.46230234,3.41857752],[-76.46230366,3.41858267],[-76.46231102,3.41861472],[-76.46231825,3.4186381],[-76.46232465,3.41865959],[-76.46234148,3.41871952],[-76.46234418,3.41872937],[-76.46236101,3.41879269],[-76.46236314,3.41880091],[-76.46236515,3.41880904],[-76.46238026,3.41887174],[-76.46239133,3.41891892],[-76.46240216,3.41895674],[-76.46240802,3.41897843],[-76.46241911,3.41903002],[-76.46243144,3.41909956],[-76.46243456,3.41911866],[-76.46243704,3.41913744],[-76.46243884,3.41914489],[-76.46244539,3.41917337],[-76.46245137,3.41919864],[-76.4624557,3.41921637],[-76.46246124,3.41923679],[-76.46246474,3.41925023],[-76.46247302,3.41928356],[-76.46247486,3.41929112],[-76.46248107,3.41931734],[-76.46248713,3.41934175],[-76.46249531,3.41937339],[-76.4625032,3.41940758],[-76.46250614,3.41942192],[-76.46252979,3.41948544],[-76.46254716,3.41955097],[-76.46255731,3.41959779],[-76.46256062,3.41961396],[-76.46256966,3.41966084],[-76.46257293,3.41967901],[-76.46257965,3.41971933],[-76.46259036,3.419776],[-76.46259131,3.41978114],[-76.46259904,3.4198237],[-76.46260178,3.41983983],[-76.46260835,3.41988134],[-76.46260926,3.41988725],[-76.46261294,3.41991555],[-76.46261594,3.41994284],[-76.46261964,3.41996905],[-76.46262425,3.42001029],[-76.46262726,3.42004648],[-76.46262876,3.4200685],[-76.46263537,3.42019402],[-76.46263694,3.42021186],[-76.46263875,3.42023746],[-76.46264067,3.4202738],[-76.46264146,3.42029531],[-76.46264222,3.42033053],[-76.4626417,3.42037783],[-76.4626401,3.42041431],[-76.46263558,3.42046824],[-76.46263099,3.42050593],[-76.46262984,3.42051488],[-76.46261882,3.42059699],[-76.46261724,3.42060812],[-76.46261469,3.42062393],[-76.46260797,3.42066284],[-76.46260698,3.42066842],[-76.46260288,3.42069114],[-76.46260126,3.42070412],[-76.4625966,3.42075311],[-76.4625957,3.42076965],[-76.46259508,3.4207917],[-76.46259503,3.42081207],[-76.46259552,3.42083151],[-76.46259731,3.4208655],[-76.46259826,3.42090247],[-76.46259829,3.42098619],[-76.46259739,3.42102251],[-76.46259702,3.42102928],[-76.46259301,3.42109722],[-76.46259213,3.42112641],[-76.46259156,3.42114069],[-76.4625896,3.42116893],[-76.46258616,3.42120767],[-76.46258483,3.42122118],[-76.46258042,3.42126218],[-76.46257655,3.42129219],[-76.46256863,3.42133585],[-76.46255984,3.42137708],[-76.46255455,3.42140006],[-76.46254587,3.42143516],[-76.46254242,3.42145002],[-76.46254078,3.42145989],[-76.46253599,3.42149293],[-76.46252977,3.42153449],[-76.46252485,3.42156964],[-76.4625207,3.4216041],[-76.46251697,3.42163742],[-76.46251312,3.42168353],[-76.46251141,3.42170144],[-76.4625093,3.4217209],[-76.46251185,3.4217342],[-76.46251778,3.42177547],[-76.46252426,3.42184273],[-76.46252473,3.42185389],[-76.46252583,3.42188611],[-76.46252626,3.42191144],[-76.46252624,3.42194366],[-76.46252591,3.42196497],[-76.46252476,3.42200341],[-76.46252419,3.42201773],[-76.46252217,3.42204665],[-76.46251877,3.42208452],[-76.46251697,3.42210214],[-76.46251244,3.4221417],[-76.46250985,3.42216186],[-76.46250434,3.42220046],[-76.46250026,3.42222947],[-76.46249608,3.42226086],[-76.46249441,3.42227263],[-76.46249154,3.42229026],[-76.46248589,3.42232248],[-76.46247809,3.42236087],[-76.46246907,3.42239987],[-76.46246551,3.42241453],[-76.46245995,3.42243521],[-76.46245429,3.42245506],[-76.46245017,3.42247245],[-76.46244812,3.42248086],[-76.4624375,3.42252343],[-76.46242902,3.4225568],[-76.4624239,3.42257668],[-76.46241966,3.422597],[-76.46241325,3.42262817],[-76.46240953,3.42264807],[-76.46240711,3.42266332],[-76.46240393,3.42268794],[-76.46240187,3.42270273],[-76.46240065,3.42271055],[-76.46239726,3.42273157],[-76.46239445,3.42275477],[-76.46239162,3.42277557],[-76.46238719,3.42280477],[-76.4623849,3.42282281],[-76.46238242,3.42284715],[-76.46237812,3.42288134],[-76.46237512,3.42289969],[-76.46236927,3.42293286],[-76.4623646,3.42296188],[-76.46235911,3.42299645],[-76.4623532,3.42302894],[-76.4623453,3.42306737],[-76.46233858,3.42309693],[-76.46232842,3.42313762],[-76.46231765,3.42318076],[-76.46230692,3.42322259],[-76.46230113,3.42324381],[-76.46228986,3.42328281],[-76.46228823,3.42328835],[-76.46227696,3.42332622],[-76.46227477,3.42333341],[-76.46226399,3.4233683],[-76.46225313,3.42340541],[-76.46224527,3.42343056],[-76.46223174,3.42347125],[-76.46222764,3.42348325],[-76.46221411,3.42352167],[-76.46221189,3.42352791],[-76.4622089,3.423536],[-76.46219425,3.42357499],[-76.46218173,3.42360609],[-76.46216616,3.42364236],[-76.46215304,3.42367306],[-76.46214852,3.42368438],[-76.46214005,3.42370796],[-76.46213447,3.42372289],[-76.46212327,3.4237519],[-76.46211483,3.42377498],[-76.46210524,3.42380241],[-76.46210257,3.4238099],[-76.46209753,3.42382339],[-76.46208914,3.42384519],[-76.46208089,3.42386874],[-76.46206829,3.42390412],[-76.46206103,3.42392348],[-76.46204943,3.42395309],[-76.4620425,3.42397108],[-76.4620355,3.42399144],[-76.46203156,3.42400261],[-76.46202653,3.42401608],[-76.46202224,3.42402722],[-76.46201811,3.4240403],[-76.46200969,3.42406644],[-76.46200365,3.42408827],[-76.46199881,3.42410501],[-76.46198842,3.42413938],[-76.46197795,3.42417506],[-76.46197024,3.42419969],[-76.46195726,3.42423873],[-76.4619454,3.42427382],[-76.46193519,3.42430402],[-76.46192659,3.42433025],[-76.46192152,3.42434771],[-76.46191587,3.42436753],[-76.46191056,3.42438846],[-76.46190266,3.42441955],[-76.4618972,3.42443981],[-76.46189062,3.42446289],[-76.46188495,3.4244848],[-76.46187952,3.42450464],[-76.46186754,3.42454602],[-76.46185444,3.42459022],[-76.46184203,3.42463205],[-76.46183617,3.42465087],[-76.46182603,3.42468196],[-76.46182362,3.4246892],[-76.46181478,3.42471535],[-76.4618069,3.42474037],[-76.4618046,3.42474754],[-76.46179562,3.42477506],[-76.46178661,3.42480365],[-76.46178109,3.42482046],[-76.46176905,3.42485564],[-76.46175695,3.42489257],[-76.46175015,3.42491233],[-76.46173526,3.42495367],[-76.46172545,3.42497932],[-76.46170967,3.42501831],[-76.46170313,3.42503395],[-76.46168912,3.42506638],[-76.46167273,3.42510473],[-76.46166968,3.42511176],[-76.46165486,3.42514547],[-76.46164109,3.42517801],[-76.46163198,3.42519865],[-76.46161896,3.42522695],[-76.46160685,3.42525515],[-76.46160105,3.4252683],[-76.46159022,3.42529218],[-76.46158254,3.42531115],[-76.46157079,3.42534107],[-76.46155938,3.42537109],[-76.46155002,3.42539613],[-76.46154087,3.42542284],[-76.4615367,3.42543465],[-76.46153248,3.42544601],[-76.46151862,3.42548237],[-76.46150594,3.42551626],[-76.46149638,3.42554049],[-76.46147948,3.42558117],[-76.46146968,3.42560369],[-76.46145888,3.42562737],[-76.4614489,3.42565239],[-76.46143743,3.42568076],[-76.46142815,3.42570634],[-76.46141322,3.42574722],[-76.46141128,3.42575248],[-76.46139803,3.42578791],[-76.46138583,3.42582072],[-76.46137969,3.42583664],[-76.46137155,3.42585707],[-76.4613616,3.4258845],[-76.46135127,3.42591274],[-76.46134352,3.42593528],[-76.4613334,3.42596573],[-76.46132707,3.42598395],[-76.46132156,3.42599866],[-76.4613063,3.42603809],[-76.46129409,3.42606922],[-76.46128729,3.42608731],[-76.46128017,3.42610939],[-76.4612703,3.42613998],[-76.46126534,3.42615663],[-76.46126275,3.42616671],[-76.46125886,3.42618536],[-76.46125334,3.426213],[-76.46124774,3.42624241],[-76.46124313,3.42626779],[-76.46123886,3.42629512],[-76.46123552,3.42631477],[-76.46122874,3.42635151],[-76.4612213,3.4263869],[-76.46121322,3.42642107],[-76.46120908,3.42644078],[-76.46120302,3.42647113],[-76.46119601,3.42650621],[-76.4611899,3.4265363],[-76.46118514,3.4265613],[-76.46118058,3.42658781],[-76.46117278,3.42662671],[-76.46116542,3.42665884],[-76.46115808,3.42669192],[-76.46115443,3.42670755],[-76.46115177,3.42671841],[-76.46114915,3.4267602],[-76.46114687,3.42678798],[-76.46114183,3.42683782],[-76.46114031,3.42685156],[-76.46113496,3.4268959],[-76.46113213,3.42691682],[-76.46113099,3.4269242],[-76.46112439,3.42696532],[-76.46111939,3.42699299],[-76.46111157,3.42703196],[-76.46110945,3.42704217],[-76.46110377,3.42706852],[-76.46109974,3.42709033],[-76.46109861,3.42709627],[-76.46109171,3.42713189],[-76.46108951,3.42714281],[-76.46108426,3.42716788],[-76.46107557,3.42721481],[-76.46107368,3.42722668],[-76.46107109,3.42724659],[-76.46106913,3.42726057],[-76.46106688,3.42727462],[-76.4610642,3.42729036],[-76.46106187,3.4273103],[-76.46105839,3.42733609],[-76.461055,3.42735779],[-76.46105427,3.42736454],[-76.46105314,3.42738138],[-76.46105046,3.42741431],[-76.46104867,3.42744583],[-76.46104638,3.42748568],[-76.46104571,3.42749597],[-76.46104344,3.42752762],[-76.46104117,3.42755921],[-76.46104007,3.42757492],[-76.46104033,3.42758312],[-76.46104049,3.42758866],[-76.46104112,3.42761391],[-76.4610428,3.42763577],[-76.46104592,3.42767261],[-76.46104758,3.42769736],[-76.46104982,3.42774171],[-76.46105072,3.42777848],[-76.46105069,3.42782313],[-76.46105044,3.42784193],[-76.46104928,3.42788545],[-76.46104864,3.42790228],[-76.46104834,3.42790795],[-76.46104614,3.42794607],[-76.46104393,3.42798718],[-76.46104312,3.42800015],[-76.461042,3.42801573],[-76.46104155,3.42803232],[-76.46104153,3.4280662],[-76.46104151,3.4280963],[-76.46104227,3.42812453],[-76.46104272,3.4281381],[-76.46104482,3.42816432],[-76.46104825,3.42820898],[-76.46104939,3.42822667],[-76.46105167,3.42827007],[-76.46105232,3.42828661],[-76.46105318,3.42831708],[-76.46105496,3.42835152],[-76.46105661,3.42838345],[-76.46105783,3.42839826],[-76.46106047,3.42841966],[-76.46106162,3.4284295],[-76.46106621,3.42847127],[-76.46106977,3.42850457],[-76.46107178,3.42851959],[-76.46107536,3.42853916],[-76.46107697,3.42854827],[-76.46108275,3.42858231],[-76.46108844,3.42861292],[-76.46109287,3.42863949],[-76.46109869,3.42867944],[-76.46110336,3.42871147],[-76.46110988,3.42873116],[-76.46112214,3.42877225],[-76.46113224,3.42881013],[-76.46113357,3.42881521],[-76.46114367,3.42885422],[-76.46114467,3.42885814],[-76.46115043,3.42888093],[-76.46115341,3.42889164],[-76.46115649,3.42890129],[-76.4611635,3.4289214],[-76.46116751,3.42892976],[-76.46118361,3.42896022],[-76.46120424,3.42899832],[-76.46122576,3.4290364],[-76.46124805,3.42907492],[-76.46125173,3.42908135],[-76.4612759,3.42912413],[-76.46127944,3.42913046],[-76.46130247,3.42917219],[-76.46130676,3.42918009],[-76.46132555,3.42921514],[-76.46134221,3.42924541],[-76.46135708,3.42927173],[-76.46137267,3.42929846],[-76.46138235,3.42931558],[-76.46140549,3.4293306],[-76.46141756,3.42933951],[-76.46144679,3.42936158],[-76.46149366,3.42940016],[-76.46153714,3.42944257],[-76.46157692,3.4294885],[-76.4615994,3.42951677],[-76.46161082,3.42953153],[-76.46164278,3.42957754],[-76.46166301,3.42960921],[-76.46167148,3.4296228],[-76.46169491,3.42966435],[-76.46171288,3.42969885],[-76.46172455,3.42972226],[-76.46172789,3.42973193],[-76.46173543,3.42974445],[-76.46174956,3.42976125],[-76.4617718,3.42979091],[-76.46179266,3.42981853],[-76.46181074,3.42984359],[-76.46182985,3.4298713],[-76.46185241,3.42990612],[-76.46186484,3.42992737],[-76.4618817,3.42995734],[-76.46190359,3.42999944],[-76.46191015,3.43001353],[-76.46192476,3.43004576],[-76.46194606,3.43009813],[-76.46194902,3.43010645],[-76.46196025,3.43013868],[-76.46197118,3.43017272],[-76.46198066,3.43020497],[-76.46199013,3.43023778],[-76.4619964,3.4302609],[-76.46199866,3.4302701],[-76.46200652,3.43030289],[-76.46201847,3.43036439],[-76.46202083,3.43038153],[-76.46202531,3.43041714],[-76.46203009,3.43047177],[-76.46203098,3.4305083],[-76.46203096,3.43053374],[-76.46203142,3.43054867],[-76.46203311,3.43057806],[-76.4620355,3.43062117],[-76.4620365,3.43065979],[-76.46203647,3.43069992],[-76.46203558,3.43073553],[-76.46203524,3.43074178],[-76.46203296,3.43078078],[-76.4620284,3.43083007],[-76.46202387,3.43086567],[-76.46202162,3.4308819],[-76.46201875,3.43089954],[-76.46201311,3.43093175],[-76.4620116,3.43094007],[-76.46200483,3.43097624],[-76.46199703,3.43101266],[-76.46198913,3.43104544],[-76.46198652,3.43105571],[-76.4619947,3.43107999],[-76.46200177,3.43109882],[-76.46201872,3.43114632],[-76.46202681,3.4311663],[-76.46203322,3.43118272],[-76.46204558,3.43121551],[-76.46204879,3.43122422],[-76.4620664,3.4312797],[-76.46207538,3.43131249],[-76.46207892,3.43132593],[-76.46208472,3.43135066],[-76.46209145,3.43138176],[-76.46210149,3.43143916],[-76.46210689,3.4314972],[-76.46210762,3.43155548],[-76.46210518,3.43164447],[-76.46211033,3.43168768],[-76.46211182,3.43170122],[-76.46212483,3.4318308],[-76.46212772,3.43185409],[-76.46213348,3.43188913],[-76.46213538,3.4319014],[-76.46214262,3.43195169],[-76.46214674,3.43198617],[-76.46215164,3.43203768],[-76.46215391,3.43206834],[-76.46215959,3.43217603],[-76.46216043,3.43219871],[-76.46216912,3.43225543],[-76.46217331,3.43231267],[-76.46217441,3.43234546],[-76.46217483,3.43237037],[-76.4621748,3.43240316],[-76.46217478,3.43243028],[-76.46217549,3.43245209],[-76.46218084,3.43245868],[-76.46221175,3.43249018],[-76.46224646,3.43253067],[-76.46227119,3.43256178],[-76.46230186,3.43260332],[-76.4623295,3.43264696],[-76.46234635,3.4326758],[-76.46235058,3.43268378],[-76.46236812,3.43271081],[-76.46239969,3.43276441],[-76.46242657,3.43282054],[-76.46244854,3.43287878],[-76.46246421,3.43292642],[-76.46247818,3.43297436],[-76.4624907,3.43302361],[-76.46250381,3.43308697],[-76.46251523,3.43315796],[-76.46252176,3.4332108],[-76.46252439,3.43326399],[-76.46252475,3.43329152],[-76.46252455,3.43332047],[-76.4625238,3.43334805],[-76.46251975,3.43340762],[-76.46251082,3.43346665],[-76.46250479,3.43349782],[-76.46249576,3.43353824],[-76.46249015,3.43355908],[-76.46248089,3.43359151],[-76.46246535,3.4336396],[-76.46245642,3.43366297],[-76.46244285,3.43369674],[-76.46242398,3.43373965],[-76.46240715,3.43377479],[-76.46239134,3.43380585],[-76.46237644,3.43383346],[-76.46236245,3.43386091],[-76.46234695,3.43388971],[-76.46233174,3.43391649],[-76.46231817,3.43394131],[-76.46230287,3.43396994],[-76.46228308,3.43400463],[-76.46226561,3.43403339],[-76.46221539,3.43412331],[-76.46221082,3.43414585],[-76.46220265,3.4341816],[-76.46219554,3.43420932],[-76.46219135,3.43422602],[-76.46219209,3.43423689],[-76.46219376,3.43428623],[-76.46219208,3.43433558],[-76.4621898,3.43436893],[-76.46218344,3.43442738],[-76.46216887,3.43449943],[-76.46215893,3.43453799],[-76.4621506,3.43456956],[-76.46214758,3.43458231],[-76.46214203,3.43460967],[-76.46213424,3.43464388],[-76.46213207,3.43465222],[-76.46212554,3.43467698],[-76.46212431,3.43468341],[-76.4621206,3.4347108],[-76.46211911,3.43472127],[-76.46211586,3.43474106],[-76.46211033,3.43477205],[-76.46210402,3.43480782],[-76.46210084,3.43482641],[-76.46209858,3.43484586],[-76.46209632,3.43486345],[-76.4620931,3.43488634],[-76.46209439,3.43500148],[-76.46211002,3.43504664],[-76.46212592,3.43509718],[-76.46213067,3.43511402],[-76.46213863,3.43513629],[-76.46215379,3.43518361],[-76.46216739,3.43523166],[-76.46217261,3.43525111],[-76.46218294,3.4352985],[-76.46219336,3.43535535],[-76.46219725,3.43537866],[-76.46220002,3.43540012],[-76.46220407,3.43541056],[-76.46220998,3.43542754],[-76.46223494,3.43550216],[-76.46224857,3.43554183],[-76.46225997,3.43557807],[-76.4622781,3.43564141],[-76.46228427,3.43566442],[-76.46228631,3.43567232],[-76.46229538,3.43569629],[-76.46229995,3.43570855],[-76.46230541,3.43572418],[-76.46231668,3.43575768],[-76.46232819,3.43578709],[-76.46233004,3.43579184],[-76.46235471,3.4358562],[-76.46235946,3.43586892],[-76.4623619,3.43587579],[-76.46237405,3.43591041],[-76.46238867,3.43594639],[-76.46239931,3.43597419],[-76.46241002,3.43600419],[-76.46241501,3.43601865],[-76.46242178,3.436039],[-76.46242772,3.43605473],[-76.46243406,3.436071],[-76.46244368,3.43609338],[-76.46245411,3.43611897],[-76.46246471,3.43614646],[-76.46247351,3.43616788],[-76.46247773,3.4361777],[-76.46248359,3.43618865],[-76.46249403,3.43620561],[-76.46249748,3.43621123],[-76.46251016,3.43623292],[-76.46252239,3.4362547],[-76.4625358,3.43627972],[-76.46254152,3.4362909],[-76.46255149,3.43630636],[-76.46256189,3.43632158],[-76.46257406,3.43633628],[-76.46259671,3.4363648],[-76.46260889,3.43638145],[-76.4626321,3.43641414],[-76.46263693,3.43641997],[-76.46264519,3.43643007],[-76.46267881,3.43647175],[-76.46272066,3.43651486],[-76.4627339,3.43652881],[-76.46275574,3.43655359],[-76.46277695,3.43657878],[-76.46278766,3.43659093],[-76.46280306,3.43660665],[-76.46281775,3.4366221],[-76.4628496,3.43665903],[-76.46285495,3.43666539],[-76.46289125,3.4367027],[-76.46290381,3.43671449],[-76.4629267,3.43673695],[-76.46297202,3.43678345],[-76.4629805,3.43679179],[-76.46299846,3.43680809],[-76.46301943,3.4368279],[-76.46304065,3.43684877],[-76.46306284,3.43686971],[-76.4630842,3.43689073],[-76.46309929,3.43690621],[-76.4631125,3.4369187],[-76.4631796,3.43697991],[-76.46319181,3.4369895],[-76.46320801,3.43700263],[-76.46324278,3.43703162],[-76.46325883,3.43704485],[-76.46327465,3.43705639],[-76.4633076,3.4370795],[-76.46331583,3.43708536],[-76.46332403,3.43709138],[-76.46334884,3.43710984],[-76.46337101,3.43712501],[-76.46340712,3.43714933],[-76.46342676,3.43716303],[-76.46343531,3.4371693],[-76.4634625,3.43718956],[-76.46346693,3.43719269],[-76.4634939,3.43720805],[-76.46349932,3.43721116],[-76.46353212,3.43723139],[-76.46355675,3.4372475],[-76.46357301,3.43725776],[-76.46359629,3.43727145],[-76.46360951,3.43727942],[-76.46363258,3.43729367],[-76.46365438,3.43730649],[-76.4636643,3.43731213],[-76.46367912,3.43731938],[-76.46371232,3.4373367],[-76.4637408,3.4373525],[-76.46376564,3.43736584],[-76.46379829,3.43738276],[-76.46380488,3.43738622],[-76.46384326,3.43740661],[-76.4638511,3.43741084],[-76.46388688,3.43743042],[-76.4639246,3.43745083],[-76.46396059,3.43746996],[-76.46398466,3.43748335],[-76.46401897,3.43750335],[-76.46413593,3.4375681],[-76.46419116,3.43759815],[-76.46420633,3.43760512],[-76.46421446,3.43760892],[-76.46429116,3.43764533],[-76.46430633,3.43765275],[-76.46433096,3.43766516],[-76.46435644,3.43767687],[-76.46438899,3.43769283],[-76.46442187,3.43771],[-76.46442777,3.43771312],[-76.46446395,3.43773244],[-76.46448797,3.43774586],[-76.46451606,3.43776238],[-76.46454,3.43777578],[-76.46454974,3.43778133],[-76.46458252,3.43780154],[-76.46461048,3.43781983],[-76.4646283,3.43783107],[-76.46465107,3.43784463],[-76.46466113,3.43785073],[-76.46468411,3.43786492],[-76.46470479,3.43787709],[-76.4647118,3.43788126],[-76.46472264,3.4378878],[-76.46473735,3.43789499],[-76.46476724,3.43791049],[-76.46478529,3.43792039],[-76.46480101,3.43792842],[-76.46481085,3.43793353],[-76.46481683,3.43793671],[-76.46482511,3.43794044],[-76.46483492,3.43794496],[-76.4648645,3.43795888],[-76.46490744,3.43798086],[-76.464924,3.43799005],[-76.4649323,3.43799411],[-76.46496167,3.4380076],[-76.46500169,3.43802752],[-76.46503567,3.43804577],[-76.46504243,3.43804945],[-76.46507751,3.43806878],[-76.46508381,3.43807229],[-76.46512,3.4380927],[-76.46512761,3.43809706],[-76.46513713,3.43810268],[-76.46517115,3.43812312],[-76.46518612,3.43813237],[-76.46522344,3.43815606],[-76.46524124,3.43816774],[-76.46526835,3.43818609],[-76.46529151,3.43820124],[-76.46531721,3.43821746],[-76.46535566,3.43824349],[-76.46538803,3.43826703],[-76.46541695,3.43828833],[-76.46544278,3.43830687],[-76.4654491,3.43831148],[-76.46550624,3.43835357],[-76.46555028,3.43838875],[-76.46555646,3.4383941],[-76.46556453,3.43840005],[-76.46561526,3.43844109],[-76.46563137,3.43845582],[-76.4656578,3.43848073],[-76.46567837,3.43850091],[-76.46569356,3.43851643],[-76.46571241,3.43853372],[-76.46572146,3.43854216],[-76.46574622,3.43856568],[-76.46577454,3.43859113],[-76.46581456,3.43862634],[-76.46584992,3.43865977],[-76.46588496,3.4386952],[-76.46592322,3.43873282],[-76.46594449,3.43875464],[-76.46598348,3.43879637],[-76.46598838,3.4388017],[-76.46602302,3.43883974],[-76.46605769,3.43887695],[-76.46606395,3.43888378],[-76.46609926,3.43892283],[-76.46610575,3.43893011],[-76.46614106,3.43897024],[-76.46615898,3.43899141],[-76.46618991,3.43902942],[-76.46619606,3.43903708],[-76.46622793,3.43907734],[-76.4662587,3.43911653],[-76.46626734,3.43912777],[-76.46627247,3.43913466],[-76.46630231,3.43917525],[-76.46633105,3.43921475],[-76.46634957,3.43924145],[-76.46637617,3.43928168],[-76.46638181,3.43929035],[-76.4664062,3.43932843],[-76.46641519,3.43934283],[-76.46643423,3.4393761],[-76.46645264,3.43941033],[-76.46647086,3.43944247],[-76.46649398,3.43948675],[-76.46650299,3.43950627],[-76.46652086,3.43954661],[-76.46652871,3.43956498],[-76.46654153,3.43959621],[-76.46655417,3.43962526],[-76.46656582,3.43965368],[-76.46657928,3.43968858],[-76.46658188,3.43969542],[-76.46659535,3.43973143],[-76.46659799,3.43973859],[-76.46660623,3.43976266],[-76.46661751,3.43979758],[-76.46662466,3.43982109],[-76.46662965,3.43983851],[-76.46663402,3.43985173],[-76.46664393,3.43988426],[-76.46665187,3.43991264],[-76.46665424,3.43992133],[-76.46666674,3.43996831],[-76.46666894,3.43997676],[-76.46667096,3.43998495],[-76.46668309,3.44003528],[-76.46668886,3.44005745],[-76.46669773,3.44009639],[-76.46670926,3.44015432],[-76.4667152,3.44018841],[-76.46671973,3.44022487],[-76.4667234,3.44026207],[-76.46672552,3.44028851],[-76.46672727,3.4403169],[-76.46672949,3.44033873],[-76.46673497,3.44037926],[-76.46674064,3.44044071],[-76.4667412,3.44045451],[-76.46674592,3.44047271],[-76.46676301,3.44049757],[-76.4667737,3.44051243],[-76.4668049,3.44055963],[-76.4668409,3.44061919],[-76.46687426,3.44068094],[-76.46688138,3.44069625],[-76.46690595,3.44075075],[-76.4669267,3.4408019],[-76.4669444,3.4408577],[-76.46695574,3.4408992],[-76.4669592,3.44091232],[-76.46696838,3.44095359],[-76.46697763,3.44100168],[-76.46698266,3.44103111],[-76.46698774,3.44107337],[-76.46699269,3.44112808],[-76.46699486,3.44115996],[-76.46699644,3.44119628],[-76.46699707,3.44121975],[-76.46699747,3.44125698],[-76.46699674,3.44129828],[-76.46699491,3.44133795],[-76.46699409,3.44135214],[-76.46699128,3.44139379],[-76.46698945,3.44141583],[-76.46698497,3.44146146],[-76.46698568,3.44147307],[-76.46698611,3.44148098],[-76.466987,3.44151751],[-76.46698699,3.44153939],[-76.4669878,3.44156862],[-76.46698762,3.44161467],[-76.46698647,3.44164689],[-76.46698604,3.44165712],[-76.46698313,3.44169532],[-76.4669786,3.44173941],[-76.46697634,3.44175877],[-76.46697069,3.44180229],[-76.4669687,3.44181649],[-76.46696196,3.44185449],[-76.46695293,3.44189857],[-76.46694544,3.44193127],[-76.46694079,3.44194871],[-76.46693177,3.44198093],[-76.46692401,3.44200678],[-76.46691458,3.44203618],[-76.46690288,3.4420735],[-76.46689267,3.44210373],[-76.46688398,3.44212769],[-76.46687633,3.44215029],[-76.4668713,3.44216464],[-76.46686819,3.44217306],[-76.46685919,3.44219698],[-76.46685332,3.44221346],[-76.46684617,3.44223537],[-76.46683783,3.44225945],[-76.46682723,3.44228816],[-76.46681846,3.4423128],[-76.46681564,3.44237579],[-76.46680671,3.44243821],[-76.46679176,3.44249944],[-76.46679094,3.44250466],[-76.46678721,3.44252854],[-76.46678419,3.44255349],[-76.46678288,3.44256366],[-76.46677836,3.44259701],[-76.46677691,3.44260717],[-76.46677087,3.44264168],[-76.46676387,3.44267673],[-76.46675687,3.44271122],[-76.46675305,3.44272888],[-76.46674486,3.44276464],[-76.46673666,3.44279983],[-76.46673334,3.44281351],[-76.46673117,3.44282185],[-76.46672215,3.44285575],[-76.46670831,3.44290159],[-76.46669819,3.44293153],[-76.46668805,3.44296254],[-76.46668061,3.44298415],[-76.4666785,3.44298989],[-76.4666661,3.44302324],[-76.46665298,3.4430585],[-76.46664308,3.4430847],[-76.4666348,3.44310836],[-76.46663214,3.44311583],[-76.46662861,3.44312537],[-76.46661694,3.44315622],[-76.46660523,3.44318771],[-76.46659909,3.44320363],[-76.4665867,3.44323471],[-76.46657191,3.44326917],[-76.46656427,3.44328577],[-76.46655727,3.44330269],[-76.46654487,3.44333264],[-76.46654166,3.44334027],[-76.46652814,3.44337191],[-76.46652335,3.44338288],[-76.46650962,3.4434136],[-76.4664977,3.44344073],[-76.46648475,3.4434712],[-76.46647092,3.44350374],[-76.46645709,3.44353682],[-76.46645197,3.44354877],[-76.46643639,3.4435842],[-76.4664251,3.4436095],[-76.46641558,3.44363256],[-76.46640915,3.44364766],[-76.46639626,3.443677],[-76.46638334,3.44370741],[-76.46636962,3.44373773],[-76.4663536,3.44377103],[-76.46633783,3.4438038],[-76.46633106,3.4438175],[-76.46632231,3.44383473],[-76.46631409,3.44385281],[-76.46630791,3.44386605],[-76.46630525,3.44387154],[-76.46629142,3.44389979],[-76.46627762,3.44392886],[-76.46626303,3.44396022],[-76.46625937,3.44396796],[-76.46624989,3.44398771],[-76.46624109,3.44400775],[-76.46622949,3.44403459],[-76.46621923,3.44405938],[-76.46621219,3.44407582],[-76.46619794,3.44410798],[-76.46618627,3.44413369],[-76.46617914,3.44415118],[-76.46616871,3.44417591],[-76.46616507,3.44418419],[-76.46615663,3.44420296],[-76.4661498,3.44421729],[-76.46614872,3.44422642],[-76.466147,3.44423328],[-76.46613763,3.44426967],[-76.46613276,3.44428763],[-76.46612354,3.44431997],[-76.46611538,3.44434964],[-76.46610994,3.44436839],[-76.4660998,3.44440173],[-76.46609179,3.44442644],[-76.46608052,3.44445922],[-76.46607657,3.44447039],[-76.46607153,3.44448388],[-76.46605914,3.44451609],[-76.46605297,3.44453158],[-76.46604526,3.44455032],[-76.46603895,3.44456815],[-76.46603675,3.44457426],[-76.46602398,3.44460919],[-76.46601799,3.44462501],[-76.4660096,3.4446464],[-76.46600256,3.44466661],[-76.46599071,3.44470134],[-76.4659824,3.44472718],[-76.46597382,3.44475468],[-76.46596662,3.44477915],[-76.46595771,3.4448109],[-76.46594874,3.44484043],[-76.46594083,3.44486462],[-76.46593374,3.44488873],[-76.46592359,3.4449232],[-76.46591825,3.44494053],[-76.46590697,3.44497557],[-76.46590147,3.44499201],[-76.46589336,3.44501535],[-76.46589197,3.44502728],[-76.46588913,3.44505031],[-76.46588755,3.4450616],[-76.46588635,3.44507874],[-76.46588337,3.44511879],[-76.46588132,3.44514149],[-76.46587736,3.44517878],[-76.46587337,3.44520995],[-76.46587224,3.44521725],[-76.46587139,3.44522254],[-76.46587078,3.44522975],[-76.46586676,3.44526603],[-76.46586407,3.44528579],[-76.46586217,3.4453033],[-76.46585878,3.44532969],[-76.46585788,3.44534309],[-76.4658575,3.44535651],[-76.4658569,3.44537176],[-76.4658539,3.44541082],[-76.46585304,3.44541911],[-76.46585219,3.44543681],[-76.46584962,3.44547203],[-76.46584658,3.44550316],[-76.46584743,3.445522],[-76.46584813,3.445547],[-76.46584871,3.44560068],[-76.46584829,3.44563452],[-76.46584719,3.44566511],[-76.46584857,3.44568397],[-76.46584947,3.44569245],[-76.4658537,3.44569909],[-76.46585859,3.44570687],[-76.46587745,3.44573733],[-76.46588059,3.44574244],[-76.46589559,3.4457683],[-76.46591004,3.44579444],[-76.46592101,3.44581505],[-76.46593326,3.44583901],[-76.46595946,3.44589623],[-76.46598061,3.44595553],[-76.46599981,3.44601776],[-76.46600222,3.44602637],[-76.46604799,3.44607355],[-76.4660892,3.44612481],[-76.46612549,3.4461797],[-76.46615654,3.44623773],[-76.4661821,3.44629842],[-76.46620193,3.44636123],[-76.46621587,3.44642562],[-76.46622162,3.44643553],[-76.4662394,3.44646709],[-76.46624379,3.446475],[-76.46624987,3.44648596],[-76.46625891,3.4464968],[-76.46626995,3.44650887],[-76.4662928,3.44653228],[-76.46632514,3.44655887],[-76.46636741,3.44658892],[-76.46638081,3.44659839],[-76.46639655,3.44660792],[-76.46640484,3.44661302],[-76.46642561,3.44662598],[-76.46645026,3.44663969],[-76.46646172,3.4466462],[-76.46646814,3.44664997],[-76.46649636,3.44666674],[-76.46656606,3.44670576],[-76.46658102,3.44671419],[-76.46659409,3.44672039],[-76.46662625,3.44673662],[-76.46664411,3.44674621],[-76.46666154,3.44675446],[-76.46666995,3.4467585],[-76.4667286,3.44678717],[-76.46674876,3.44679665],[-76.4667694,3.44680601],[-76.46679355,3.44681648],[-76.46680451,3.44682134],[-76.46681373,3.4468256],[-76.46683329,3.4468348],[-76.4668527,3.44684322],[-76.46686366,3.44684808],[-76.46689358,3.44686249],[-76.46690339,3.44686622],[-76.46691069,3.44686887],[-76.46692526,3.44687424],[-76.46697232,3.44688891],[-76.4669793,3.44689112],[-76.46700883,3.44690066],[-76.46701793,3.44690366],[-76.46703964,3.44691138],[-76.4670681,3.44692202],[-76.46708464,3.44692844],[-76.46711819,3.44694184],[-76.46712406,3.44694385],[-76.46714456,3.44695052],[-76.4671519,3.44695157],[-76.46716959,3.44695321],[-76.46718799,3.44695516],[-76.46721467,3.44695833],[-76.46726753,3.44696354],[-76.46727872,3.44696473],[-76.46729765,3.44696689],[-76.46731594,3.44696861],[-76.46735742,3.44696816],[-76.46738138,3.44696829],[-76.46740207,3.44696876],[-76.46750541,3.44696763],[-76.46752153,3.44696685],[-76.46754815,3.44696606],[-76.46774177,3.44696395],[-76.46775655,3.44695921],[-76.4677791,3.4469524],[-76.46781565,3.44694195],[-76.46782683,3.44693646],[-76.46785389,3.4469224],[-76.46787659,3.4469102],[-76.46790376,3.44689511],[-76.46792135,3.44688566],[-76.46795398,3.44686871],[-76.46796198,3.44686463],[-76.46799462,3.44684826],[-76.46801276,3.44683947],[-76.46804539,3.44682424],[-76.46806456,3.44681529],[-76.46807278,3.44681103],[-76.46808836,3.44680217],[-76.46810656,3.44679135],[-76.46811339,3.44678574],[-76.46814167,3.44676267],[-76.46814642,3.44675883],[-76.46815613,3.44675119],[-76.46818315,3.44673029],[-76.46821844,3.44670466],[-76.46824996,3.4466832],[-76.46826323,3.44667438],[-76.46827484,3.446667],[-76.4682943,3.4466549],[-76.46831247,3.44664286],[-76.46833814,3.44662569],[-76.46834652,3.44662017],[-76.4683836,3.44659767],[-76.46839266,3.44659253],[-76.46839826,3.44658873],[-76.46840536,3.44658384],[-76.46841292,3.44657777],[-76.46841762,3.44657403],[-76.46843318,3.44656168],[-76.46845293,3.4465432],[-76.46845711,3.44653931],[-76.46847702,3.44652093],[-76.46848416,3.4465139],[-76.46848716,3.44650879],[-76.46850516,3.44647968],[-76.46852431,3.4464503],[-76.46853179,3.44643906],[-76.46854563,3.44641937],[-76.4685684,3.44638811],[-76.4685923,3.44635573],[-76.46861619,3.44632512],[-76.46864464,3.44629063],[-76.46866807,3.44626378],[-76.46869396,3.44623553],[-76.46869889,3.44623021],[-76.46872478,3.44620253],[-76.46874061,3.44618613],[-76.46876538,3.44616128],[-76.46877077,3.44615593],[-76.46879251,3.44613457],[-76.46881553,3.44611101],[-76.46882054,3.44610593],[-76.46884981,3.44607656],[-76.46885588,3.44607054],[-76.46889556,3.44603444],[-76.46892032,3.44601354],[-76.46893247,3.44600352],[-76.46894434,3.44599394],[-76.46895505,3.44598344],[-76.46896363,3.44597518],[-76.46899402,3.44594637],[-76.46903915,3.44590702],[-76.46905964,3.4458912],[-76.46909228,3.44586692],[-76.46910818,3.44585542],[-76.46914195,3.44583171],[-76.46916384,3.44581692],[-76.46916962,3.44581321],[-76.46919146,3.44579933],[-76.4692007,3.44579275],[-76.46921585,3.44577845],[-76.46923949,3.44575586],[-76.46925125,3.44574486],[-76.46927764,3.44572075],[-76.46930416,3.44569556],[-76.46930915,3.44569086],[-76.46934067,3.44566149],[-76.46934997,3.44565297],[-76.46936227,3.44564163],[-76.46936654,3.44563559],[-76.4693717,3.44562662],[-76.46938138,3.44560902],[-76.46938617,3.44559838],[-76.4693884,3.44557132],[-76.46938933,3.4455603],[-76.46939445,3.44550522],[-76.46939785,3.44547607],[-76.46941199,3.44537295],[-76.46941882,3.44533191],[-76.4694286,3.44528201],[-76.46943839,3.44522994],[-76.46944017,3.44522076],[-76.46944821,3.44518539],[-76.46946027,3.44513786],[-76.46947234,3.4450892],[-76.46948253,3.44505232],[-76.46949642,3.44500676],[-76.46950927,3.44496335],[-76.46951137,3.4449564],[-76.46951912,3.44493262],[-76.46954791,3.44484921],[-76.46955996,3.44481349],[-76.46957175,3.44477765],[-76.46958266,3.44474686],[-76.4695943,3.44471619],[-76.46959859,3.44470433],[-76.469603,3.44467195],[-76.46960426,3.44465615],[-76.46960567,3.44464054],[-76.46960859,3.4446121],[-76.46960984,3.44459476],[-76.46961243,3.44453243],[-76.46961294,3.44449647],[-76.46961439,3.44442316],[-76.46961483,3.44440842],[-76.46961617,3.44437514],[-76.46961665,3.44434079],[-76.46961711,3.44432324],[-76.46962018,3.44424279],[-76.46962198,3.44412617],[-76.46962244,3.44410909],[-76.46962409,3.44406686],[-76.46962568,3.44402041],[-76.46962794,3.44398288],[-76.46963569,3.44389297],[-76.46963659,3.44388334],[-76.4696374,3.44387563],[-76.4696426,3.44382851],[-76.46964783,3.44378358],[-76.46965066,3.44376206],[-76.46966082,3.44369293],[-76.46966259,3.44368151],[-76.46967008,3.44363561],[-76.46968905,3.44352326],[-76.46969288,3.44349851],[-76.46969665,3.44346882],[-76.46969742,3.443463],[-76.46970208,3.44342851],[-76.46970674,3.44339187],[-76.46970749,3.44338622],[-76.46971253,3.44334892],[-76.46971763,3.4433167],[-76.4697218,3.44329369],[-76.46972523,3.44327077],[-76.46973151,3.44323493],[-76.46973429,3.44322172],[-76.469736,3.44321075],[-76.46974191,3.44317581],[-76.46975095,3.44312896],[-76.46975286,3.44311357],[-76.46975367,3.44310445],[-76.46975657,3.44305207],[-76.46976009,3.4429835],[-76.46976158,3.44296121],[-76.46976344,3.44293856],[-76.46976473,3.44291173],[-76.46976826,3.4428455],[-76.46976994,3.44280639],[-76.46977184,3.44276788],[-76.46977341,3.44274399],[-76.46977631,3.44270891],[-76.46977743,3.44269659],[-76.4697788,3.44268392],[-76.4697828,3.44264992],[-76.46978484,3.442634],[-76.4697899,3.4425978],[-76.46979718,3.44255507],[-76.46980137,3.44253565],[-76.4698097,3.44249941],[-76.46981212,3.44248921],[-76.46982047,3.44245516],[-76.46982773,3.44242782],[-76.46983546,3.44240088],[-76.46984325,3.44237182],[-76.46985045,3.44234678],[-76.46985732,3.44232558],[-76.46986894,3.44229149],[-76.46988401,3.44225123],[-76.4698957,3.44222262],[-76.46989831,3.44221631],[-76.46990481,3.44220129],[-76.46990725,3.44219582],[-76.46991019,3.44218776],[-76.46992006,3.44216223],[-76.46994342,3.44210501],[-76.46994608,3.44209858],[-76.46995707,3.44207371],[-76.46998264,3.44201865],[-76.46999751,3.44198847],[-76.47000792,3.44196854],[-76.4700132,3.44195862],[-76.47003017,3.44192899],[-76.47007269,3.44185842],[-76.47008507,3.44183388],[-76.47009584,3.44181323],[-76.47011228,3.44178448],[-76.47012367,3.44176558],[-76.47014949,3.44171835],[-76.47016716,3.44168782],[-76.47017981,3.44166714],[-76.47019403,3.44163775],[-76.47020929,3.44160801],[-76.47022438,3.44158022],[-76.47023958,3.44155358],[-76.47024733,3.44153773],[-76.47025028,3.44153069],[-76.47025858,3.4415095],[-76.4702668,3.44148731],[-76.47027816,3.44145853],[-76.47029037,3.44143103],[-76.47030742,3.44139469],[-76.47031479,3.44137945],[-76.47033399,3.4413409],[-76.47034556,3.44131865],[-76.47036452,3.44128367],[-76.47038132,3.44125207],[-76.47038402,3.44124705],[-76.47038729,3.44124109],[-76.47040867,3.44120251],[-76.47041632,3.44118903],[-76.4704388,3.44115045],[-76.47044355,3.44114241],[-76.47046604,3.44110493],[-76.47047667,3.44108775],[-76.47050133,3.44104913],[-76.47051244,3.44103225],[-76.47051814,3.44102397],[-76.47054283,3.44098865],[-76.47056661,3.44095656],[-76.47059349,3.4409223],[-76.47059925,3.44091506],[-76.47062506,3.44088302],[-76.47063316,3.44087314],[-76.47065247,3.44085095],[-76.47068156,3.44081887],[-76.47069915,3.44080015],[-76.47075736,3.44074037],[-76.47076929,3.4407284],[-76.47077634,3.44072158],[-76.47080129,3.44069778],[-76.47083017,3.44066912],[-76.47083889,3.44066066],[-76.47086909,3.44063185],[-76.47088733,3.44061504],[-76.47092118,3.44058492],[-76.47094211,3.44056648],[-76.47096193,3.44054758],[-76.47097177,3.44053837],[-76.47099228,3.44051952],[-76.47100702,3.44050635],[-76.47103509,3.44048194],[-76.47104771,3.44047123],[-76.4710758,3.44044792],[-76.47108568,3.44043987],[-76.47111516,3.44041629],[-76.47114726,3.44039207],[-76.47117539,3.44037205],[-76.47120095,3.44035467],[-76.47121439,3.44034616],[-76.47124856,3.44032504],[-76.4712795,3.44030616],[-76.47132427,3.44028098],[-76.47138525,3.4402495],[-76.47143144,3.44022772],[-76.47146291,3.44021423],[-76.47148242,3.4402062],[-76.47149027,3.44020316],[-76.47150822,3.44019632],[-76.47155893,3.44017443],[-76.47158008,3.4401657],[-76.47159365,3.44016051],[-76.47162405,3.44014923],[-76.47163135,3.44014656],[-76.47163972,3.44014356],[-76.47164543,3.44014106],[-76.47167018,3.44013076],[-76.47167583,3.44012856],[-76.47170514,3.44011729],[-76.47174154,3.4401044],[-76.47177304,3.44009419],[-76.47179044,3.4400888],[-76.47185033,3.44007107],[-76.47188613,3.44006072],[-76.47190584,3.44005539],[-76.47194171,3.44004623],[-76.47196534,3.44004063],[-76.47199688,3.4400337],[-76.47202551,3.44002803],[-76.47204765,3.44002446],[-76.4720803,3.44001973],[-76.47208863,3.44001857],[-76.47212455,3.44001379],[-76.4721653,3.44000955],[-76.4721877,3.44000821],[-76.47225416,3.4400053],[-76.47227768,3.44000466],[-76.47263299,3.44000077],[-76.47265921,3.44000096],[-76.47268905,3.44000174],[-76.47271379,3.44000282],[-76.47274433,3.44000468],[-76.47276713,3.44000643],[-76.47279878,3.44000937],[-76.47282202,3.44001192],[-76.47287066,3.44001975],[-76.47290234,3.44002598],[-76.47292437,3.44003067],[-76.47294206,3.44003497],[-76.47297485,3.44004337],[-76.472994,3.44004856],[-76.47302352,3.440057],[-76.47304665,3.44006404],[-76.47306463,3.44006985],[-76.4730825,3.44007496],[-76.47310574,3.44008203],[-76.47312433,3.44008803],[-76.47317562,3.44010279],[-76.47320465,3.44011182],[-76.47326116,3.44013071],[-76.47328814,3.44013913],[-76.47330405,3.4401443],[-76.47331471,3.44014799],[-76.47340444,3.44017987],[-76.47345179,3.44019861],[-76.47347279,3.44020779],[-76.47355272,3.44023968],[-76.47358306,3.4402526],[-76.47359818,3.44025945],[-76.47361186,3.44026488],[-76.47364345,3.44027831],[-76.47366223,3.44028716],[-76.4736973,3.4403043],[-76.47372503,3.44031861],[-76.4737499,3.44033214],[-76.47377114,3.44034328],[-76.47379377,3.44035473],[-76.47382215,3.44036859],[-76.47383927,3.44037724],[-76.4738637,3.44039],[-76.47389021,3.44040296],[-76.47391386,3.44041506],[-76.47397616,3.44044843],[-76.47400438,3.44046265],[-76.47403403,3.44047847],[-76.47406702,3.44049708],[-76.47409743,3.44051383],[-76.47412534,3.44052901],[-76.47414252,3.44053867],[-76.47418471,3.44056514],[-76.47421655,3.4405867],[-76.4742247,3.44059229],[-76.47425875,3.44061603],[-76.47426871,3.4406231],[-76.47427409,3.44062702],[-76.47430486,3.44064969],[-76.47431493,3.44065725],[-76.47434461,3.44067992],[-76.47435751,3.44069001],[-76.47437932,3.44070748],[-76.47439986,3.440723],[-76.47444395,3.44075915],[-76.47446747,3.44078008],[-76.47448101,3.44079243],[-76.4744998,3.44081003],[-76.47455157,3.44085693],[-76.47456253,3.44086707],[-76.47458429,3.44088762],[-76.47465983,3.44095586],[-76.47467083,3.440966],[-76.47469726,3.4409909],[-76.47470845,3.44100166],[-76.47483515,3.44112625],[-76.47484602,3.44113717],[-76.47487137,3.44116318],[-76.47488477,3.44117731],[-76.47488982,3.44118284],[-76.4749163,3.44121213],[-76.47492006,3.44121632],[-76.47493728,3.44123566],[-76.47495817,3.441258],[-76.47497647,3.44127845],[-76.47499502,3.4413],[-76.4750141,3.4413211],[-76.47504239,3.441352],[-76.47506768,3.44138115],[-76.47508492,3.44140213],[-76.47510416,3.44142434],[-76.47511242,3.44143404],[-76.47513657,3.44146464],[-76.4751543,3.44148625],[-76.4751758,3.44151299],[-76.47518121,3.44151977],[-76.47520453,3.44155231],[-76.47522747,3.4415807],[-76.47523108,3.44158547],[-76.47525639,3.44161936],[-76.47526056,3.44162501],[-76.47528275,3.44165534],[-76.47533055,3.44171863],[-76.47535704,3.44175616],[-76.47537165,3.44177832],[-76.47538554,3.44179729],[-76.47541089,3.44183154],[-76.47543006,3.44185872],[-76.47545568,3.44189689],[-76.47547606,3.44192646],[-76.4754905,3.44194825],[-76.47551268,3.44198306],[-76.47552092,3.4419963],[-76.47554555,3.44203692],[-76.47556487,3.4420708],[-76.47558934,3.44211654],[-76.47560392,3.44214529],[-76.47560801,3.44215397],[-76.47562442,3.44218941],[-76.47563626,3.44221351],[-76.47565274,3.44224526],[-76.47565847,3.44225654],[-76.47567553,3.44229086],[-76.47568035,3.44230075],[-76.47569545,3.44233239],[-76.47572339,3.44238712],[-76.47573463,3.44240793],[-76.47575082,3.44243634],[-76.47577015,3.44247261],[-76.47578721,3.44250693],[-76.47579179,3.44251632],[-76.47579511,3.44252335],[-76.47580704,3.44254895],[-76.4758359,3.44260683],[-76.47584088,3.44261703],[-76.47585167,3.4426406],[-76.47586197,3.44266424],[-76.47588838,3.44271896],[-76.4759103,3.44276936],[-76.47592408,3.44280464],[-76.47593047,3.44282161],[-76.47593799,3.44284347],[-76.47594134,3.4428537],[-76.4759445,3.44286057],[-76.47596233,3.44289321],[-76.4759765,3.44291853],[-76.47598593,3.44293594],[-76.47599747,3.44295795],[-76.47600864,3.44297791],[-76.47602976,3.44301863],[-76.47603903,3.44303877],[-76.47605177,3.44306758],[-76.47606425,3.44309762],[-76.47607468,3.44312439],[-76.4760808,3.44314068],[-76.4760936,3.44317938],[-76.47611346,3.44324563],[-76.47612416,3.44328194],[-76.47614258,3.44334253],[-76.47615174,3.44337541],[-76.47616167,3.44342062],[-76.47617158,3.44347376],[-76.47617454,3.44349074],[-76.47618528,3.44355699],[-76.47618677,3.4435666],[-76.47619268,3.44360684],[-76.47619543,3.4436277],[-76.47620016,3.443668],[-76.4762021,3.44368662],[-76.47620918,3.44376408],[-76.47621129,3.44379416],[-76.47621214,3.44382226],[-76.47621333,3.44392545],[-76.47621434,3.44393783],[-76.47622624,3.44400615],[-76.47623131,3.44407532],[-76.47622951,3.44414466],[-76.47622086,3.44421348],[-76.47622292,3.44423046],[-76.47622867,3.44426195],[-76.47622954,3.44426791],[-76.47623228,3.44428729],[-76.47623856,3.44435309],[-76.47623908,3.44436597],[-76.47623931,3.44437313],[-76.47624011,3.44439074],[-76.47624082,3.4444161],[-76.47624091,3.44442462],[-76.47624151,3.44444934],[-76.47624171,3.44446131],[-76.47624183,3.44447705],[-76.47624137,3.44450917],[-76.47624075,3.44452635],[-76.47623778,3.44457069],[-76.47623211,3.44461476],[-76.47622933,3.44463216],[-76.47622085,3.44467634],[-76.47621867,3.44468732],[-76.47621006,3.44472604],[-76.47620193,3.44476284],[-76.47619894,3.44477425],[-76.47619547,3.44478708],[-76.47619537,3.44479496],[-76.47619522,3.44480304],[-76.47619464,3.44482738],[-76.47619388,3.44492426],[-76.47619406,3.44495454],[-76.47619405,3.44496493],[-76.47619397,3.44497485],[-76.4761931,3.44500491],[-76.47618833,3.44505935],[-76.47618665,3.44507277],[-76.47618426,3.4450901],[-76.47616985,3.44516153],[-76.47616609,3.44517625],[-76.4761615,3.44519344],[-76.47615994,3.44520836],[-76.4761583,3.44522261],[-76.47615501,3.4452474],[-76.47614513,3.44529997],[-76.47613838,3.44532981],[-76.47613403,3.44534793],[-76.47612087,3.44539356],[-76.47611594,3.44540877],[-76.47610932,3.44542821],[-76.47610322,3.44544534],[-76.47609718,3.44546158],[-76.47609196,3.44547645],[-76.47608835,3.44548667],[-76.47608313,3.44550062],[-76.47608009,3.44550849],[-76.47607521,3.44552279],[-76.47607045,3.44553555],[-76.47605278,3.44558163],[-76.47604586,3.44560131],[-76.47604349,3.44560796],[-76.47603615,3.44562736],[-76.47603262,3.44563628],[-76.47602966,3.44564522],[-76.47602153,3.44566911],[-76.47601669,3.44568286],[-76.47601279,3.44569356],[-76.47600257,3.44571972],[-76.47599937,3.44572816],[-76.47599707,3.44573486],[-76.47599355,3.44575427],[-76.4759887,3.44577709],[-76.47598429,3.44581083],[-76.47598237,3.44582451],[-76.47598093,3.44583371],[-76.47597619,3.44586274],[-76.47596708,3.44590907],[-76.47596446,3.44592042],[-76.47596079,3.44593559],[-76.47594899,3.44597606],[-76.47594681,3.44598389],[-76.47594256,3.44599862],[-76.47593878,3.44601103],[-76.47593716,3.44601944],[-76.4759293,3.44606156],[-76.47592006,3.44610408],[-76.47591656,3.44611941],[-76.47591406,3.4461298],[-76.47591187,3.44613871],[-76.47590374,3.44616815],[-76.4759025,3.44617234],[-76.47590008,3.44618132],[-76.4758982,3.44619008],[-76.47589676,3.44619743],[-76.47589569,3.44620684],[-76.47588993,3.44625691],[-76.47588789,3.44626968],[-76.47588487,3.44628764],[-76.47588227,3.4463083],[-76.47586855,3.44637698],[-76.47586493,3.44639143],[-76.47584618,3.44645388],[-76.47584372,3.44646092],[-76.47583813,3.4464817],[-76.47582629,3.44652123],[-76.47581905,3.44654311],[-76.47581239,3.44656233],[-76.47580078,3.44659012],[-76.47579809,3.44659714],[-76.47579604,3.44660289],[-76.47578371,3.4466346],[-76.47576,3.44669156],[-76.47574902,3.44671609],[-76.47572492,3.4467984],[-76.47572129,3.44681294],[-76.47571796,3.44682705],[-76.47571508,3.44683886],[-76.47571313,3.44684635],[-76.47571182,3.4468513],[-76.47570952,3.44688177],[-76.47570361,3.44693429],[-76.47570192,3.44694562],[-76.47570079,3.44695292],[-76.47569197,3.44700798],[-76.47568944,3.44702279],[-76.4756872,3.44703515],[-76.47568182,3.44706909],[-76.47567826,3.44708762],[-76.47567146,3.44712829],[-76.47566208,3.44716844],[-76.47565815,3.4471895],[-76.47565505,3.44720518],[-76.47565253,3.44721723],[-76.47564564,3.44724702],[-76.4756442,3.44725261],[-76.47564121,3.44726403],[-76.47563417,3.4472889],[-76.47563222,3.44730021],[-76.47562845,3.44732042],[-76.47562591,3.44733303],[-76.47562354,3.44734431],[-76.47562062,3.44735769],[-76.4756171,3.44737305],[-76.47561164,3.44739574],[-76.4756072,3.44741529],[-76.47560471,3.44742586],[-76.47560118,3.44744039],[-76.47559967,3.4474465],[-76.47559305,3.44747278],[-76.47559083,3.44748132],[-76.47558731,3.44749457],[-76.47558543,3.4475015],[-76.47557791,3.44752874],[-76.4755727,3.44754668],[-76.47556176,3.44758264],[-76.47555934,3.44759045],[-76.47555036,3.4476188],[-76.47554722,3.44762847],[-76.47553833,3.44765526],[-76.47553542,3.44766386],[-76.47553102,3.44767655],[-76.47552753,3.44768643],[-76.47551476,3.44771997],[-76.47551617,3.44772798],[-76.4755232,3.44776256],[-76.47552578,3.44777699],[-76.47552885,3.44779562],[-76.47553073,3.44780801],[-76.47553437,3.44783577],[-76.47553594,3.44784987],[-76.47553953,3.44789447],[-76.47554003,3.44790638],[-76.47554049,3.44792043],[-76.47554066,3.44794433],[-76.4755421,3.44795148],[-76.47554675,3.44796867],[-76.47554916,3.44797828],[-76.47568268,3.44835678],[-76.47574127,3.44839367],[-76.47579606,3.44843605],[-76.47584653,3.44848355],[-76.47589221,3.44853571],[-76.47593267,3.44859205],[-76.47596755,3.44865204],[-76.47599651,3.44871514],[-76.47599996,3.44872371],[-76.47601938,3.44877793],[-76.47603435,3.44883355],[-76.47604476,3.44889022],[-76.47605055,3.44894754],[-76.47605392,3.44894973],[-76.47606764,3.44895989],[-76.47607654,3.44896665],[-76.47610628,3.4489905],[-76.47611471,3.44899763],[-76.47612737,3.44900859],[-76.47614913,3.44902871],[-76.47615773,3.449037],[-76.47617419,3.4490497],[-76.47619963,3.44907017],[-76.47621021,3.44907908],[-76.47622575,3.44909257],[-76.47623811,3.44910367],[-76.47624717,3.44911195],[-76.47625231,3.44911672],[-76.4762642,3.44912732],[-76.47628988,3.44915133],[-76.4762981,3.44915941],[-76.47630959,3.44917095],[-76.47632434,3.4491861],[-76.47634731,3.44920863],[-76.47635585,3.44921714],[-76.47636433,3.44922572],[-76.47637321,3.44923487],[-76.47638806,3.44925045],[-76.47642839,3.44929278],[-76.47646333,3.44933971],[-76.47647408,3.44935067],[-76.47654032,3.44942032],[-76.47654764,3.44942812],[-76.47657633,3.44946115],[-76.4765831,3.44946943],[-76.47660054,3.44949166],[-76.47662459,3.44952556],[-76.47663101,3.44953517],[-76.47664022,3.44954934],[-76.47667869,3.44957431],[-76.47669905,3.44958957],[-76.4767068,3.4495956],[-76.47675699,3.44963846],[-76.47680306,3.44968575],[-76.47684465,3.44973707],[-76.47688139,3.449792],[-76.47688746,3.44980207],[-76.47691812,3.44985857],[-76.47694366,3.44991758],[-76.47696388,3.44997864],[-76.47697862,3.45004126],[-76.47698777,3.45010495],[-76.47699125,3.45016921],[-76.47698903,3.45023352],[-76.47698822,3.45024381],[-76.47698242,3.45029448],[-76.47697559,3.45032845],[-76.47698866,3.45039502],[-76.47699514,3.45046256],[-76.47699497,3.45053041],[-76.47699297,3.45057336],[-76.47699146,3.45059683],[-76.47699066,3.45060678],[-76.47698938,3.45062092],[-76.47698834,3.45063125],[-76.47698684,3.45064322],[-76.47698468,3.45066904],[-76.4769838,3.45068705],[-76.47698307,3.45069967],[-76.47698224,3.45071221],[-76.47697978,3.45076371],[-76.4769726,3.45083619],[-76.47697089,3.45084701],[-76.47696887,3.4508592],[-76.47696756,3.45086685],[-76.47696529,3.45087971],[-76.47695794,3.45091596],[-76.47694876,3.45095595],[-76.47694582,3.45097019],[-76.476941,3.45099181],[-76.47693802,3.45100429],[-76.47693573,3.45101363],[-76.47693292,3.45102474],[-76.47692849,3.45104499],[-76.47692544,3.45105768],[-76.4769233,3.45106634],[-76.47691607,3.45109196],[-76.47691467,3.45110052],[-76.4769124,3.45111342],[-76.47690119,3.4511656],[-76.47689821,3.451177],[-76.47689456,3.45119047],[-76.47687868,3.45124155],[-76.47687405,3.45125474],[-76.47687175,3.45126117],[-76.47685711,3.45129607],[-76.47686152,3.4513447],[-76.47686225,3.45135893],[-76.47686274,3.45137051],[-76.47686736,3.45150511],[-76.47686776,3.45153578],[-76.47686767,3.45154735],[-76.4768668,3.4515777],[-76.47686647,3.45158372],[-76.47686579,3.45159553],[-76.47686343,3.45162549],[-76.47686224,3.45163743],[-76.47685863,3.45166735],[-76.47685549,3.45168947],[-76.47685464,3.45169533],[-76.47685335,3.45170357],[-76.47685168,3.45171392],[-76.476849,3.45172941],[-76.47684715,3.45173949],[-76.47684155,3.45176692],[-76.47683926,3.45177712],[-76.4768346,3.45179666],[-76.47682911,3.45181704],[-76.47682617,3.45182738],[-76.47681825,3.45185336],[-76.47681486,3.45186376],[-76.47680711,3.45188632],[-76.47680448,3.45189347],[-76.47680055,3.45190396],[-76.47679871,3.45190874],[-76.4767923,3.45193044],[-76.4767745,3.45198555],[-76.47676738,3.45200855],[-76.47676381,3.45202078],[-76.47675736,3.45205222],[-76.47674494,3.45211269],[-76.47673752,3.45214506],[-76.47673235,3.45216435],[-76.47671124,3.45223898],[-76.47670456,3.45226282],[-76.47669718,3.45229156],[-76.47668278,3.45234982],[-76.47667495,3.45237859],[-76.47665465,3.45244753],[-76.47664825,3.45246815],[-76.47664557,3.45247641],[-76.47664364,3.45249827],[-76.47664257,3.45250865],[-76.47663972,3.45253246],[-76.47663831,3.45254274],[-76.47663696,3.45255217],[-76.47663567,3.45256043],[-76.47663128,3.45258759],[-76.47663035,3.45259315],[-76.4766219,3.45264295],[-76.47661803,3.45266387],[-76.47661569,3.45267557],[-76.47660973,3.45270264],[-76.47660704,3.45271386],[-76.47660485,3.45272273],[-76.47658634,3.45278423],[-76.47658293,3.45279397],[-76.47658028,3.4528014],[-76.47657754,3.45280856],[-76.4765764,3.45281494],[-76.4765757,3.45282254],[-76.47657905,3.45285157],[-76.47658007,3.45286219],[-76.47658326,3.45288845],[-76.47658746,3.45293592],[-76.47658888,3.45296167],[-76.47658938,3.45297288],[-76.4765903,3.45299773],[-76.47659265,3.45306685],[-76.47659306,3.45308797],[-76.47659312,3.45310069],[-76.47659282,3.45312523],[-76.47659247,3.45313741],[-76.47659188,3.45315248],[-76.47659156,3.45315846],[-76.47659101,3.45316794],[-76.4765893,3.45319104],[-76.47658727,3.45321357],[-76.47658435,3.45324039],[-76.47657552,3.45330978],[-76.47657393,3.45332817],[-76.47657278,3.45333933],[-76.47656919,3.45336839],[-76.47657107,3.45339974],[-76.47657226,3.4534187],[-76.47657307,3.45344347],[-76.47657372,3.4534589],[-76.47658819,3.45350613],[-76.4765909,3.45351622],[-76.47659368,3.45352683],[-76.47659949,3.45355159],[-76.47660212,3.45356373],[-76.47660457,3.45357568],[-76.47660979,3.45359296],[-76.47661298,3.45360402],[-76.47661749,3.45362033],[-76.47662097,3.45363353],[-76.47662273,3.45364032],[-76.47662515,3.45365019],[-76.4766278,3.45366128],[-76.47663123,3.45367639],[-76.47663372,3.45368792],[-76.4766356,3.4536969],[-76.4766398,3.45371759],[-76.47664199,3.4537267],[-76.4766489,3.453745],[-76.4766508,3.45375031],[-76.47665464,3.45376118],[-76.47665938,3.4537745],[-76.47666578,3.45378708],[-76.47667131,3.45379826],[-76.47667742,3.45381088],[-76.47668652,3.45383051],[-76.47669256,3.453844],[-76.47670483,3.45387099],[-76.47671423,3.45389284],[-76.47672046,3.45390776],[-76.47672515,3.45391938],[-76.47673429,3.45394319],[-76.47673952,3.45395756],[-76.47674981,3.45398801],[-76.47675202,3.45399505],[-76.4767578,3.45401214],[-76.47677465,3.45404322],[-76.47677838,3.45405113],[-76.4767986,3.45409467],[-76.4768215,3.45414982],[-76.47683897,3.45419732],[-76.47684299,3.45420861],[-76.47685139,3.45423287],[-76.4768679,3.4542665],[-76.47689054,3.45431321],[-76.47691006,3.45435306],[-76.47691281,3.45435873],[-76.47692372,3.4543826],[-76.4769417,3.45442388],[-76.47695866,3.45446647],[-76.47696272,3.45447798],[-76.47697116,3.45450257],[-76.47697938,3.45452244],[-76.47699225,3.45455024],[-76.47700605,3.45458204],[-76.47702674,3.45463305],[-76.47704639,3.45468086],[-76.47704959,3.45468878],[-76.47706869,3.45473684],[-76.47707659,3.45475767],[-76.47708765,3.45479063],[-76.47710062,3.45483263],[-76.47710593,3.45484838],[-76.47711603,3.45487689],[-76.47712969,3.45491618],[-76.4771413,3.4549472],[-76.47714396,3.45495443],[-76.47714994,3.4549716],[-76.47716635,3.45502071],[-76.47718463,3.45506997],[-76.47718663,3.45507542],[-76.47719741,3.45510751],[-76.47721987,3.45517988],[-76.47722977,3.4552149],[-76.4772379,3.45524663],[-76.47724935,3.45528963],[-76.477252,3.45529987],[-76.47726048,3.45533406],[-76.47727571,3.45538984],[-76.47729319,3.45545555],[-76.47729532,3.45546378],[-76.47729679,3.45546968],[-76.47731021,3.45552456],[-76.47731432,3.4555376],[-76.47732895,3.45558408],[-76.47733564,3.45560659],[-76.47734686,3.45564673],[-76.47735144,3.45566393],[-76.4773593,3.45569849],[-76.47737164,3.45575954],[-76.47737799,3.45579568],[-76.47738081,3.45581652],[-76.47738864,3.45588153],[-76.47739297,3.45593245],[-76.47739353,3.45594655],[-76.47739425,3.4559704],[-76.47739567,3.45597891],[-76.47740486,3.45602573],[-76.47741044,3.45605799],[-76.47741267,3.4560741],[-76.47742051,3.45613572],[-76.47742542,3.45619137],[-76.47742598,3.45620547],[-76.47742779,3.45626533],[-76.47742936,3.45628906],[-76.47743174,3.45629959],[-76.47743595,3.45631948],[-76.47744063,3.4563432],[-76.47744558,3.45637116],[-76.47744894,3.45639267],[-76.47745404,3.45643363],[-76.47745509,3.45644462],[-76.47745607,3.45645567],[-76.47745762,3.45647503],[-76.47745906,3.45649721],[-76.47745985,3.45652098],[-76.47746023,3.45654322],[-76.4774603,3.45656173],[-76.4774601,3.45658511],[-76.47745964,3.45660531],[-76.47745914,3.45662779],[-76.47745876,3.4566379],[-76.47745831,3.45664805],[-76.47745687,3.45667507],[-76.47745648,3.4566817],[-76.47745547,3.45669786],[-76.47745497,3.45670531],[-76.47745442,3.45671286],[-76.47745428,3.45671855],[-76.47745353,3.45673762],[-76.4774532,3.45674518],[-76.47745244,3.45675777],[-76.47745218,3.45676366],[-76.47745108,3.45678136],[-76.47745012,3.45679437],[-76.47744989,3.45679917],[-76.47745601,3.45682223],[-76.47746007,3.45683909],[-76.47746865,3.45687671],[-76.47747855,3.45692877],[-76.47748058,3.4569421],[-76.47748579,3.45698522],[-76.47748788,3.45700835],[-76.47748987,3.45703677],[-76.47749236,3.4570491],[-76.47750197,3.45710974],[-76.47750642,3.45717097],[-76.47750687,3.45718571],[-76.47750718,3.45721417],[-76.4775063,3.4573138],[-76.47750569,3.45733798],[-76.47750437,3.4573692],[-76.47750284,3.45754453],[-76.47750197,3.45757426],[-76.47750133,3.45758538],[-76.4775,3.45760587],[-76.4774978,3.45762631],[-76.47749841,3.45764256],[-76.47750044,3.45766602],[-76.47750487,3.45770454],[-76.47750886,3.45775411],[-76.47751119,3.45780866],[-76.47751185,3.45784011],[-76.47751184,3.45786222],[-76.47751236,3.45787207],[-76.47751424,3.45788504],[-76.47751945,3.45791571],[-76.47752168,3.45792967],[-76.47752674,3.45797169],[-76.4775312,3.45802088],[-76.47753329,3.45805062],[-76.47753401,3.45810253],[-76.47753285,3.45815567],[-76.47753213,3.45817588],[-76.4775306,3.45819913],[-76.47752821,3.45822824],[-76.47752887,3.45823732],[-76.47753073,3.45826456],[-76.47753342,3.45829507],[-76.47753536,3.45832308],[-76.47753612,3.45834528],[-76.47753694,3.45838869],[-76.47753752,3.45839886],[-76.47753922,3.45840992],[-76.47754566,3.45844792],[-76.47755297,3.45848901],[-76.47755617,3.45850853],[-76.47756241,3.45856526],[-76.47756533,3.45860532],[-76.4775702,3.45861242],[-76.47757874,3.45862394],[-76.47760361,3.45865977],[-76.47760985,3.45866936],[-76.47762025,3.45868587],[-76.4776338,3.45870685],[-76.47764647,3.45872653],[-76.47767301,3.45876674],[-76.47767747,3.45877338],[-76.47768289,3.45878145],[-76.47769005,3.45879082],[-76.47769503,3.45879749],[-76.47771174,3.45881795],[-76.47771895,3.45882748],[-76.4777264,3.45883763],[-76.47773718,3.45885065],[-76.47775198,3.45886912],[-76.47775614,3.45887382],[-76.47778119,3.45890227],[-76.47779173,3.4589149],[-76.4778003,3.45892486],[-76.47783518,3.45896545],[-76.47784143,3.4589733],[-76.47787152,3.4590139],[-76.4778987,3.45905651],[-76.47792286,3.45910093],[-76.47792851,3.45911225],[-76.4779337,3.45912286],[-76.47796174,3.45918983],[-76.47796561,3.4591973],[-76.47798435,3.45923677],[-76.47798753,3.45924301],[-76.4779953,3.45925874],[-76.47801331,3.45929947],[-76.47802207,3.45932107],[-76.47803194,3.4593468],[-76.47803531,3.45935629],[-76.47803857,3.45936571],[-76.47804807,3.45939512],[-76.47805378,3.45941419],[-76.47806145,3.45944178],[-76.47806445,3.45945346],[-76.47807008,3.45947714],[-76.47807225,3.45948704],[-76.47808116,3.45953527],[-76.47808511,3.45956609],[-76.47808621,3.45957647],[-76.47808778,3.4595948],[-76.47809037,3.45960547],[-76.47809433,3.45962261],[-76.47810493,3.45967837],[-76.478106,3.45969509],[-76.47810754,3.45970367],[-76.47810987,3.45971745],[-76.47811319,3.45973346],[-76.47811656,3.45975084],[-76.47811932,3.45976589],[-76.4781215,3.45978189],[-76.47812278,3.45979201],[-76.47812539,3.45981672],[-76.47812902,3.45983283],[-76.47813271,3.45987553],[-76.47813373,3.45989359],[-76.478134,3.45989872],[-76.47813476,3.4599209],[-76.47813489,3.45992744],[-76.47815087,3.45996567],[-76.47815391,3.45997423],[-76.47817299,3.46002907],[-76.47819111,3.46008943],[-76.47819362,3.46010097],[-76.47819662,3.46011048],[-76.47820144,3.46012639],[-76.47820417,3.46013588],[-76.47821485,3.46017243],[-76.47822291,3.46020797],[-76.4782257,3.46022187],[-76.47823186,3.46025703],[-76.47823658,3.46029549],[-76.47823783,3.46030853],[-76.47823831,3.46031511],[-76.47824126,3.46032497],[-76.47824943,3.46035458],[-76.47825676,3.46038654],[-76.4782691,3.46044646],[-76.47827598,3.4604852],[-76.47828012,3.46051775],[-76.47828321,3.46054748],[-76.47828724,3.46058382],[-76.478292,3.46061146],[-76.47830049,3.46065854],[-76.47830398,3.46067967],[-76.47830929,3.46072461],[-76.47831376,3.46077605],[-76.47831559,3.46080288],[-76.47831648,3.4608394],[-76.47831644,3.46090102],[-76.47831554,3.46093662],[-76.47831428,3.46095651],[-76.47830974,3.46101529],[-76.47830667,3.46104633],[-76.47830102,3.46109324],[-76.4782982,3.46111409],[-76.47829454,3.46113613],[-76.47828724,3.46117635],[-76.47827879,3.46122546],[-76.47826769,3.46127825],[-76.47826275,3.46129802],[-76.47825849,3.46131794],[-76.47824807,3.4613665],[-76.47823989,3.46140691],[-76.47823766,3.46141753],[-76.47823089,3.46144862],[-76.47822786,3.46146148],[-76.47822803,3.4614908],[-76.47822748,3.46150826],[-76.47822694,3.46152182],[-76.47822578,3.46154038],[-76.47822444,3.46155806],[-76.47822128,3.46159035],[-76.47821916,3.461608],[-76.47821633,3.46162892],[-76.47821291,3.46164967],[-76.47820653,3.46168514],[-76.47820203,3.46170807],[-76.47819834,3.46172538],[-76.47819152,3.46175442],[-76.47818652,3.46177372],[-76.47818216,3.46178975],[-76.47817807,3.46180414],[-76.47817204,3.46182424],[-76.47816619,3.46184278],[-76.47815645,3.46187152],[-76.47814945,3.46189005],[-76.47813543,3.46192569],[-76.47812525,3.46195022],[-76.47811642,3.46197048],[-76.4781054,3.46199453],[-76.47809934,3.4620071],[-76.47808973,3.46203965],[-76.47806606,3.46210973],[-76.47806084,3.46212464],[-76.47805497,3.46214027],[-76.47803807,3.46218378],[-76.4780209,3.46222429],[-76.478004,3.46226102],[-76.47800119,3.46226706],[-76.47798552,3.46230028],[-76.47797811,3.46231544],[-76.47795332,3.4623646],[-76.47795043,3.46237028],[-76.47792462,3.46242038],[-76.47790669,3.46245522],[-76.477892,3.46248234],[-76.47787398,3.46251399],[-76.47786344,3.46253189],[-76.47785483,3.46254569],[-76.47783569,3.46257563],[-76.4778259,3.46259053],[-76.47780605,3.46261996],[-76.47779211,3.46264174],[-76.47777815,3.46266642],[-76.47777168,3.46267763],[-76.47774802,3.46271775],[-76.47774292,3.46272626],[-76.47772738,3.4627507],[-76.47771136,3.46277481],[-76.47769523,3.46280025],[-76.47766929,3.46284279],[-76.47765681,3.46286254],[-76.47763091,3.46290209],[-76.47760881,3.46293394],[-76.47758493,3.46296645],[-76.4775588,3.46300196],[-76.4775447,3.46302134],[-76.47753092,3.46304241],[-76.47752686,3.46304856],[-76.47751647,3.46307318],[-76.47751001,3.46308771],[-76.47748345,3.46314135],[-76.47745256,3.4631926],[-76.47744747,3.46320032],[-76.47742149,3.4632371],[-76.4774176,3.46324222],[-76.4774117,3.46324989],[-76.47737855,3.46328999],[-76.47737244,3.46329686],[-76.47736235,3.46330797],[-76.47735497,3.4633159],[-76.47733456,3.46333695],[-76.47732766,3.46334378],[-76.47729798,3.46337156],[-76.47729366,3.46337537],[-76.47727363,3.46339415],[-76.47725556,3.46340965],[-76.47724679,3.46341693],[-76.47722971,3.46343066],[-76.47722233,3.46343641],[-76.47721733,3.46344044],[-76.47718839,3.46347788],[-76.47716336,3.46350851],[-76.47713409,3.46354241],[-76.47711809,3.46356032],[-76.47708373,3.46359509],[-76.47705972,3.46361779],[-76.47704229,3.46363495],[-76.47701505,3.46366319],[-76.47700319,3.46367521],[-76.47696266,3.46371532],[-76.47693386,3.4637423],[-76.47692567,3.46374944],[-76.47689346,3.46377716],[-76.47685875,3.46382672],[-76.47681975,3.46387295],[-76.47677677,3.46391547],[-76.47676907,3.46392253],[-76.47673025,3.46395568],[-76.47668922,3.463986],[-76.47664617,3.46401335],[-76.47664216,3.46401619],[-76.47663594,3.46402374],[-76.47660956,3.46405604],[-76.4765843,3.46408719],[-76.47656235,3.46411451],[-76.47653361,3.464152],[-76.47652992,3.46415676],[-76.47649952,3.46419575],[-76.47647916,3.46422069],[-76.47646526,3.46423696],[-76.47645955,3.46424555],[-76.47643467,3.46428069],[-76.47642745,3.4642901],[-76.47641815,3.46430203],[-76.47640139,3.46432585],[-76.47636631,3.46437171],[-76.4763277,3.46441461],[-76.4762858,3.46445427],[-76.47625541,3.46448081],[-76.47620334,3.46452222],[-76.47614084,3.46456255],[-76.47612285,3.46458165],[-76.47609241,3.46461268],[-76.47606652,3.46463753],[-76.47604867,3.46465409],[-76.4760362,3.46466528],[-76.47601469,3.46469181],[-76.47599034,3.46472028],[-76.47595319,3.46476152],[-76.47594721,3.46476807],[-76.47592821,3.46478787],[-76.47590119,3.46481499],[-76.47587092,3.46484366],[-76.47584501,3.46486681],[-76.47582963,3.46488164],[-76.47582353,3.46488837],[-76.47581887,3.46489347],[-76.47581421,3.46489847],[-76.47578102,3.46493374],[-76.47576153,3.46495532],[-76.47572531,3.46502889],[-76.47570648,3.46506461],[-76.47569526,3.46508453],[-76.47568492,3.46510228],[-76.4756781,3.46511361],[-76.47565842,3.46514438],[-76.47564607,3.46516264],[-76.4756244,3.46519299],[-76.47561971,3.46519914],[-76.4756127,3.46520824],[-76.4755993,3.4652251],[-76.47559732,3.46522812],[-76.47559216,3.46523627],[-76.47555857,3.46528483],[-76.47552421,3.46532701],[-76.47551705,3.46533515],[-76.47551482,3.4653401],[-76.47550606,3.46535912],[-76.47550186,3.46536792],[-76.4754863,3.46539852],[-76.47547521,3.46541912],[-76.47547286,3.46542365],[-76.47545839,3.4654502],[-76.47545099,3.46546312],[-76.47544127,3.46547959],[-76.47542676,3.46550248],[-76.47541868,3.46551471],[-76.47540753,3.46553105],[-76.47540416,3.46553792],[-76.47538899,3.46558718],[-76.47538481,3.46559874],[-76.47537071,3.46563469],[-76.47536615,3.46564546],[-76.47535179,3.46567724],[-76.47534617,3.46568887],[-76.47534268,3.46569316],[-76.47534691,3.4657022],[-76.4753519,3.46571308],[-76.47537447,3.46576822],[-76.47538494,3.46579931],[-76.47538833,3.46581019],[-76.47539901,3.46584802],[-76.4754056,3.46587638],[-76.47540784,3.46588699],[-76.47541547,3.46592932],[-76.47541895,3.46595585],[-76.47542496,3.46600924],[-76.47542753,3.46602972],[-76.47543162,3.46607386],[-76.47543395,3.46608654],[-76.47544298,3.46615293],[-76.47544586,3.46621987],[-76.47544583,3.46623199],[-76.47544522,3.46625732],[-76.47544566,3.46631579],[-76.47544589,3.46632885],[-76.47544573,3.46634072],[-76.47544509,3.4663617],[-76.47544476,3.46637972],[-76.47544436,3.46638953],[-76.47544603,3.46640744],[-76.47544603,3.46642171],[-76.47544711,3.46642709],[-76.47545079,3.46645547],[-76.47545207,3.46646695],[-76.47545806,3.46653073],[-76.47545894,3.4665625],[-76.47545901,3.46657453],[-76.47545813,3.46661489],[-76.47545744,3.46662676],[-76.47545662,3.46663916],[-76.47545167,3.46668846],[-76.47544995,3.46670121],[-76.47544844,3.4667118],[-76.4754406,3.46675508],[-76.47543778,3.46676834],[-76.4754314,3.46679575],[-76.47542661,3.46681366],[-76.47542262,3.46682787],[-76.47541765,3.4668448],[-76.47541368,3.4668577],[-76.47540216,3.4668921],[-76.47539707,3.46690614],[-76.4753809,3.46694678],[-76.47537609,3.46695787],[-76.47536462,3.46698303],[-76.47535878,3.46699492],[-76.47535457,3.46700331],[-76.47533376,3.46704182],[-76.47533107,3.46704645],[-76.47541371,3.46722743],[-76.4754932,3.46739237],[-76.47551491,3.46743298],[-76.47551759,3.46743863],[-76.47552323,3.46745067],[-76.47553352,3.46747367],[-76.47553859,3.46748553],[-76.47554156,3.46749274],[-76.47559907,3.46761157],[-76.47561728,3.46764002],[-76.47564653,3.46768813],[-76.47566209,3.46771501],[-76.47568793,3.46776194],[-76.4756953,3.46777567],[-76.47571795,3.46781898],[-76.47572909,3.4678387],[-76.47575265,3.46787299],[-76.47577202,3.4679027],[-76.47580926,3.46796304],[-76.47582484,3.46798971],[-76.47584738,3.46802919],[-76.47586172,3.46804496],[-76.47586871,3.46805296],[-76.47590185,3.46809375],[-76.47591367,3.46811078],[-76.47591732,3.46811573],[-76.47594049,3.468149],[-76.47594602,3.46815743],[-76.47595911,3.46817817],[-76.47597096,3.46819838],[-76.47597599,3.46820729],[-76.47599847,3.46825042],[-76.47601177,3.46827986],[-76.47601649,3.46829094],[-76.47603106,3.46832796],[-76.4760479,3.46838067],[-76.47605894,3.46842036],[-76.47606325,3.46843658],[-76.47606517,3.46844432],[-76.47606836,3.46845753],[-76.47608066,3.46852048],[-76.47608234,3.46853232],[-76.47608272,3.46854579],[-76.47608462,3.46855837],[-76.4760872,3.46858347],[-76.47608836,3.46859635],[-76.47609092,3.46861956],[-76.47610344,3.46863859],[-76.47612331,3.4686734],[-76.47613242,3.46869045],[-76.47614688,3.46871898],[-76.4761624,3.46875368],[-76.47616965,3.46877111],[-76.47619712,3.46881515],[-76.47621974,3.46886188],[-76.47622661,3.46887698],[-76.4762517,3.46893982],[-76.47627062,3.46900481],[-76.47628191,3.46902565],[-76.47630442,3.46907774],[-76.47630954,3.46909102],[-76.47631492,3.46910538],[-76.47632475,3.46913742],[-76.47633036,3.46914862],[-76.47635228,3.4691992],[-76.47635697,3.46921125],[-76.47636293,3.46922713],[-76.47636715,3.4692396],[-76.47637,3.4692469],[-76.47637624,3.4692635],[-76.47638615,3.46929279],[-76.47639163,3.4693102],[-76.47640287,3.46934983],[-76.4764158,3.46941222],[-76.47641801,3.46942589],[-76.4764193,3.4694342],[-76.4764217,3.46945406],[-76.47642536,3.46946507],[-76.47642923,3.46947712],[-76.47643251,3.46948766],[-76.47644311,3.46952522],[-76.47644516,3.46953355],[-76.47644636,3.46953849],[-76.47645068,3.46955511],[-76.47645294,3.46956361],[-76.47645617,3.46957507],[-76.47646118,3.46959379],[-76.47646305,3.46960133],[-76.47646518,3.46961014],[-76.47646933,3.46962829],[-76.47647269,3.46964394],[-76.47647472,3.46965495],[-76.4764809,3.46967583],[-76.47648855,3.46970369],[-76.47649917,3.46975261],[-76.4765008,3.46976164],[-76.47650452,3.46978441],[-76.47651807,3.46982919],[-76.47652193,3.46984517],[-76.4765285,3.46987379],[-76.47653214,3.46989057],[-76.47653464,3.46990279],[-76.47653848,3.46992305],[-76.47654114,3.46993819],[-76.47654401,3.46995587],[-76.47654471,3.46996162],[-76.47654903,3.46997757],[-76.47656194,3.47003984],[-76.47656674,3.47006326],[-76.47657544,3.47010658],[-76.47657787,3.47012098],[-76.47658004,3.47013452],[-76.47658321,3.4701584],[-76.47658491,3.47017302],[-76.47658822,3.47020954],[-76.47658919,3.47022438],[-76.47658985,3.47023575],[-76.47659041,3.47027481],[-76.47659722,3.4703262],[-76.47659996,3.47037797],[-76.47660015,3.4703872],[-76.47659992,3.47042545],[-76.47659951,3.47043831],[-76.47659899,3.47045093],[-76.47659314,3.47050962],[-76.47659409,3.47051756],[-76.4765955,3.47053363],[-76.47659743,3.47056156],[-76.47659741,3.47063406],[-76.47659678,3.47064651],[-76.47659851,3.47067012],[-76.47659915,3.47068723],[-76.47659948,3.47069962],[-76.47659972,3.47071568],[-76.47659976,3.47072208],[-76.47660028,3.4707336],[-76.47660099,3.47075744],[-76.47660113,3.47076813],[-76.47660081,3.47080132],[-76.47659741,3.47090652],[-76.47659728,3.47091705],[-76.47659739,3.47093441],[-76.47659733,3.47094464],[-76.47660055,3.47096892],[-76.47660532,3.47101703],[-76.47660678,3.47103917],[-76.47660745,3.47105085],[-76.47660832,3.47108023],[-76.47660842,3.47109189],[-76.47660807,3.47112228],[-76.47660768,3.47113416],[-76.47660708,3.47114828],[-76.47660639,3.47116095],[-76.47660538,3.47117646],[-76.47660412,3.47119292],[-76.47660185,3.47121658],[-76.47660155,3.47122235],[-76.47660044,3.47123966],[-76.47659959,3.4712508],[-76.4765981,3.47126772],[-76.47659596,3.47128925],[-76.47659168,3.47132379],[-76.47659005,3.47133481],[-76.47657791,3.47139731],[-76.4765779,3.47141422],[-76.47658051,3.47148601],[-76.47658185,3.47149657],[-76.47658279,3.47150559],[-76.4765843,3.47152201],[-76.4765852,3.47153313],[-76.47658627,3.4715484],[-76.47658692,3.47155926],[-76.47658732,3.4715665],[-76.47658758,3.47157458],[-76.47658837,3.4715861],[-76.47658883,3.4715968],[-76.47658905,3.47160669],[-76.47658947,3.47161353],[-76.47659029,3.47162339],[-76.47659179,3.47164623],[-76.47659226,3.47165765],[-76.47659262,3.47166818],[-76.47659361,3.47168768],[-76.47659421,3.47169613],[-76.47659486,3.47170641],[-76.47659585,3.471724],[-76.47659627,3.47174262],[-76.47659782,3.47175173],[-76.47659959,3.47176633],[-76.47660363,3.47179044],[-76.47660816,3.47182697],[-76.47660954,3.47184103],[-76.47661194,3.47187221],[-76.47661374,3.47190497],[-76.47661468,3.47193824],[-76.47661662,3.47196523],[-76.4766176,3.47198142],[-76.47661824,3.47199827],[-76.47661859,3.47201151],[-76.47661882,3.47202486],[-76.47661892,3.47203704],[-76.47661888,3.47205215],[-76.47661874,3.47206353],[-76.47661838,3.47207905],[-76.4766182,3.47208426],[-76.4766178,3.47211379],[-76.47661738,3.47213052],[-76.47661697,3.4721419],[-76.47661655,3.47215147],[-76.47661604,3.47216057],[-76.47661471,3.472182],[-76.47661178,3.47221606],[-76.47661119,3.47222215],[-76.47660761,3.47227146],[-76.4766112,3.47231569],[-76.47661209,3.47235222],[-76.47661204,3.47242457],[-76.47661115,3.47246017],[-76.47660885,3.4724921],[-76.47660629,3.4725194],[-76.47660532,3.47253335],[-76.47660757,3.4725754],[-76.47660766,3.47264862],[-76.47660422,3.47271847],[-76.47660709,3.47274314],[-76.47660893,3.47276276],[-76.47661052,3.47278256],[-76.4766114,3.47279581],[-76.47661211,3.47280798],[-76.47661294,3.47285371],[-76.47661257,3.47288098],[-76.47661258,3.47290002],[-76.4766123,3.47291889],[-76.47661236,3.4729448],[-76.47661192,3.47295803],[-76.4766114,3.47297035],[-76.47661067,3.47298462],[-76.47660657,3.47302923],[-76.47660573,3.47303762],[-76.47660211,3.47307266],[-76.47660172,3.47310212],[-76.47660142,3.47311541],[-76.47660117,3.4731233],[-76.47660091,3.47314256],[-76.47660008,3.47316899],[-76.4765998,3.47317433],[-76.4765991,3.47318649],[-76.47659728,3.4732111],[-76.47659644,3.4732203],[-76.47659528,3.47328701],[-76.47658756,3.47335328],[-76.47658748,3.47335901],[-76.47658669,3.47338438],[-76.47658595,3.47339953],[-76.47658515,3.47341321],[-76.47658351,3.47343727],[-76.47658272,3.47344677],[-76.47658234,3.47346181],[-76.47658114,3.47348085],[-76.47657547,3.47355546],[-76.47657118,3.47359644],[-76.47657037,3.47360246],[-76.47657205,3.47362651],[-76.47657528,3.47366704],[-76.47657933,3.47369361],[-76.4765835,3.4737132],[-76.47659012,3.47373551],[-76.4766068,3.4737859],[-76.47661512,3.47381278],[-76.4766342,3.47387893],[-76.4766381,3.47389295],[-76.47664958,3.47393598],[-76.47665501,3.47395184],[-76.4766622,3.47396085],[-76.47666912,3.47396984],[-76.47667461,3.47397709],[-76.47668859,3.47399487],[-76.47669965,3.47400995],[-76.47670785,3.4740203],[-76.47672081,3.47403803],[-76.47673382,3.47405642],[-76.47676293,3.4740997],[-76.47677006,3.47410956],[-76.47677648,3.47411883],[-76.47680001,3.47415504],[-76.47680373,3.47416085],[-76.47681559,3.4741797],[-76.47682227,3.47419087],[-76.47682596,3.47419608],[-76.47684678,3.47422551],[-76.47685676,3.47424038],[-76.47686355,3.47425071],[-76.47686988,3.47426007],[-76.47688185,3.47427348],[-76.47688936,3.47428219],[-76.47690006,3.47429493],[-76.47691452,3.47431096],[-76.47695546,3.4743606],[-76.47695822,3.47436427],[-76.47696299,3.47436909],[-76.47697422,3.4743806],[-76.47698479,3.47439166],[-76.47699562,3.47440325],[-76.47701905,3.47442973],[-76.47702788,3.47444021],[-76.47705208,3.47447056],[-76.47705893,3.47447966],[-76.47707342,3.47449956],[-76.47708077,3.47451003],[-76.47710678,3.47454981],[-76.47712441,3.47458138],[-76.47713214,3.47459018],[-76.47716625,3.47463208],[-76.47716976,3.47463678],[-76.47719449,3.47467015],[-76.47721846,3.47470453],[-76.47725105,3.4747543],[-76.477264,3.47477481],[-76.47728514,3.47481201],[-76.4772927,3.47482628],[-76.47729927,3.47483087],[-76.4773091,3.47483784],[-76.47731515,3.47484226],[-76.47734241,3.47486104],[-76.47738773,3.47489487],[-76.47743027,3.47493216],[-76.477444,3.47494518],[-76.47746568,3.47496663],[-76.47747373,3.47497494],[-76.47748157,3.47498316],[-76.47749453,3.47499591],[-76.47749783,3.47499866],[-76.47751726,3.47501492],[-76.47754981,3.47504315],[-76.47755581,3.47504842],[-76.47757568,3.47506671],[-76.4775827,3.47507343],[-76.47758682,3.47507757],[-76.47759373,3.47508252],[-76.47760224,3.47508728],[-76.47763036,3.47510312],[-76.47763817,3.47510759],[-76.47764392,3.47511096],[-76.47769453,3.47514096],[-76.47774204,3.4751717],[-76.4777814,3.47519943],[-76.47778842,3.47520444],[-76.4778372,3.47524299],[-76.47788411,3.4752701],[-76.47792878,3.47530077],[-76.47797095,3.47533484],[-76.47801037,3.47537208],[-76.4780181,3.47537994],[-76.47806256,3.47542943],[-76.47810219,3.47548288],[-76.47813665,3.47553985],[-76.47816564,3.47559981],[-76.47817219,3.47560771],[-76.4781794,3.47561665],[-76.47818749,3.47562701],[-76.47820446,3.47564656],[-76.47821331,3.47565786],[-76.47822147,3.47566848],[-76.47824802,3.47570615],[-76.47825356,3.47571456],[-76.47826744,3.47573649],[-76.4782782,3.4757548],[-76.47828762,3.47577136],[-76.47829416,3.47578311],[-76.47829864,3.47579134],[-76.4783127,3.47580838],[-76.47832386,3.47582222],[-76.47833609,3.47583499],[-76.47834472,3.47584418],[-76.47835037,3.47585067],[-76.47837189,3.47587256],[-76.47837709,3.47587678],[-76.47842264,3.4759209],[-76.47843176,3.47593055],[-76.47846648,3.47597026],[-76.47849797,3.4760126],[-76.47850802,3.47602474],[-76.47852144,3.47604173],[-76.47852623,3.47604688],[-76.47853633,3.476058],[-76.47854147,3.47606379],[-76.47855622,3.47607976],[-76.47856596,3.47609052],[-76.47857978,3.4761061],[-76.47858934,3.47611711],[-76.47860179,3.47613172],[-76.47862001,3.476154],[-76.47862997,3.47616669],[-76.47863863,3.47617795],[-76.47866893,3.47622137],[-76.47867719,3.47623423],[-76.47868658,3.47624583],[-76.47870465,3.4762644],[-76.47871497,3.47627548],[-76.47875943,3.47632823],[-76.47876751,3.47633882],[-76.47880937,3.4764003],[-76.47883004,3.47643661],[-76.47883753,3.47645069],[-76.47884112,3.4764578],[-76.47884544,3.47646355],[-76.4788865,3.47652429],[-76.47889326,3.47653552],[-76.47890341,3.47655295],[-76.47890979,3.47656427],[-76.47892182,3.4765865],[-76.47895485,3.47665019],[-76.47897867,3.47669099],[-76.47899973,3.47673329],[-76.47900694,3.47674904],[-76.47902051,3.4767806],[-76.47902408,3.47678894],[-76.47903624,3.47681241],[-76.4790493,3.4768384],[-76.47905972,3.47686029],[-76.47908388,3.47691746],[-76.47910072,3.47694726],[-76.47910302,3.47695156],[-76.47911666,3.47697679],[-76.47912221,3.47698757],[-76.47913157,3.47700639],[-76.47914991,3.47705013],[-76.47916488,3.47707931],[-76.4791759,3.47710343],[-76.47918173,3.47711683],[-76.47919198,3.47714258],[-76.47920859,3.47717515],[-76.47921652,3.47719118],[-76.47924228,3.47725188],[-76.47924562,3.47726086],[-76.47924773,3.47726662],[-76.47925214,3.47727915],[-76.47925521,3.47728813],[-76.47927052,3.47733895],[-76.47927555,3.47735816],[-76.47927698,3.47736373],[-76.47928498,3.47739887],[-76.47929153,3.47742608],[-76.479301,3.47747406],[-76.47930604,3.47749806],[-76.47930813,3.47750891],[-76.47931186,3.47752399],[-76.47931441,3.47753462],[-76.47931971,3.4775573],[-76.47932333,3.4775674],[-76.47932813,3.47758027],[-76.47933117,3.47758883],[-76.47935026,3.47764368],[-76.47936837,3.47770404],[-76.47937263,3.47772181],[-76.4793854,3.47777813],[-76.47939717,3.47782805],[-76.47940747,3.47786957],[-76.47941968,3.47791402],[-76.47942335,3.47792792],[-76.47943714,3.47799585],[-76.47944632,3.47805546],[-76.47945079,3.47809069],[-76.47945414,3.47812347],[-76.47945572,3.47813892],[-76.47946214,3.47818143],[-76.4794645,3.47819846],[-76.47946994,3.47824153],[-76.47947425,3.4782694],[-76.47948003,3.47831845],[-76.47948338,3.47835859],[-76.479485,3.478383],[-76.47948533,3.47844761],[-76.47948304,3.47850583],[-76.47948271,3.47851335],[-76.4794824,3.47851902],[-76.47948061,3.47855015],[-76.4794808,3.47855937],[-76.47948309,3.47859465],[-76.47948372,3.47860572],[-76.47948401,3.47861213],[-76.47948623,3.47866639],[-76.47948593,3.47873211],[-76.47948558,3.47873858],[-76.4794834,3.47877745],[-76.47948527,3.47879143],[-76.47949252,3.47886353],[-76.47949475,3.47890788],[-76.47949477,3.47898027],[-76.47949275,3.47900919],[-76.47948935,3.47904707],[-76.479488,3.47906059],[-76.47948809,3.47906856],[-76.47949186,3.47910135],[-76.47949503,3.47913625],[-76.47949837,3.47918656],[-76.47949907,3.4791987],[-76.47949981,3.47924998],[-76.47949864,3.47930538],[-76.47949791,3.47932622],[-76.47949721,3.47933822],[-76.47949478,3.47937481],[-76.47949397,3.47940682],[-76.47949279,3.47944863],[-76.47949219,3.47946414],[-76.47949081,3.47948547],[-76.47948741,3.47952842],[-76.47948301,3.47956925],[-76.47947623,3.47961898],[-76.47947516,3.47962649],[-76.47947004,3.4796608],[-76.47947601,3.47966426],[-76.47948469,3.47967009],[-76.47953342,3.47970593],[-76.479579,3.47974575],[-76.47958747,3.4797538],[-76.47962049,3.4797873],[-76.47965006,3.47982142],[-76.47965733,3.47983035],[-76.47967389,3.47985149],[-76.47971332,3.47990944],[-76.47971938,3.47991935],[-76.47975421,3.47998352],[-76.47975823,3.47999206],[-76.47976207,3.48000034],[-76.47978131,3.48004588],[-76.47978466,3.48005465],[-76.47979863,3.48009554],[-76.4798016,3.48010422],[-76.47980367,3.48011044],[-76.47980609,3.48011742],[-76.47982781,3.48016878],[-76.47984496,3.48022186],[-76.4798574,3.48027625],[-76.47986896,3.48031185],[-76.47987907,3.4803469],[-76.47988522,3.48036964],[-76.47989524,3.48041529],[-76.47990196,3.48045148],[-76.47990616,3.48047652],[-76.47990918,3.48049902],[-76.47991366,3.4805369],[-76.47991778,3.48058616],[-76.47991816,3.48059488],[-76.47991927,3.48062428],[-76.47991932,3.48067743],[-76.47991863,3.48069698],[-76.47991862,3.48070921],[-76.47991933,3.48073162],[-76.47991988,3.48074454],[-76.47994295,3.48077686],[-76.47997012,3.48081051],[-76.47998176,3.48081876],[-76.4799948,3.48082817],[-76.4800159,3.48084392],[-76.48002238,3.4808486],[-76.48003348,3.48085645],[-76.48004761,3.48086537],[-76.48009447,3.48088842],[-76.48011004,3.48089584],[-76.48012449,3.48090223],[-76.48018094,3.48092135],[-76.48020159,3.48092871],[-76.48026371,3.48095192],[-76.48031924,3.48097124],[-76.48037686,3.48099154],[-76.48041592,3.48100661],[-76.48047682,3.48103215],[-76.48050497,3.48104324],[-76.48053837,3.48105737],[-76.48055071,3.48106311],[-76.48057169,3.48107311],[-76.48058575,3.48108],[-76.48059513,3.48108472],[-76.48061385,3.48109453],[-76.4806216,3.48109784],[-76.48063824,3.48110519],[-76.4806552,3.481113],[-76.48066717,3.48111864],[-76.48068745,3.4811284],[-76.48070712,3.48113698],[-76.4807149,3.48114056],[-76.48074204,3.48115326],[-76.48076466,3.48116433],[-76.48078219,3.4811733],[-76.48081566,3.48119155],[-76.4808387,3.4812055],[-76.48085281,3.48121441],[-76.48086256,3.48122068],[-76.48087148,3.48122651],[-76.48089898,3.48124542],[-76.48094855,3.48128466],[-76.48096074,3.48129521],[-76.48096728,3.48130094],[-76.48097776,3.48131017],[-76.4809959,3.48132252],[-76.48100557,3.48132931],[-76.48101431,3.48133556],[-76.4810251,3.48134341],[-76.48103647,3.48135186],[-76.48104466,3.48135807],[-76.48108718,3.48139298],[-76.48110912,3.48141327],[-76.48112533,3.48142889],[-76.48113797,3.48144138],[-76.48114546,3.48144896],[-76.48115958,3.48146367],[-76.48116991,3.48147473],[-76.48121824,3.48153258],[-76.48123167,3.48155054],[-76.48124307,3.48156622],[-76.48124924,3.48157496],[-76.48125266,3.48157966],[-76.48127398,3.48160127],[-76.48128721,3.48161565],[-76.48130819,3.4816395],[-76.48133875,3.48167581],[-76.48135727,3.48169876],[-76.48136756,3.48171205],[-76.48137321,3.48171944],[-76.48137958,3.48172802],[-76.48138392,3.48173397],[-76.48138951,3.48174134],[-76.48139554,3.48174945],[-76.48140308,3.48175972],[-76.48142222,3.48178687],[-76.48143357,3.4818022],[-76.48144338,3.48181587],[-76.48145532,3.481833],[-76.48146489,3.48184717],[-76.48147086,3.48185615],[-76.48148044,3.4818708],[-76.48149315,3.48189094],[-76.48150107,3.48190428],[-76.48150526,3.48191141],[-76.48151098,3.48192092],[-76.48152009,3.48193634],[-76.48153426,3.48196061],[-76.48153796,3.48196702],[-76.48154632,3.4819817],[-76.48157027,3.48202741],[-76.4815785,3.48204521],[-76.48158317,3.48205504],[-76.48161687,3.48211173],[-76.48162015,3.48211731],[-76.48163208,3.4821378],[-76.48165476,3.48216823],[-76.48168563,3.48221308],[-76.48170249,3.48223966],[-76.48170971,3.48225128],[-76.48173354,3.48229361],[-76.48175264,3.48233037],[-76.48176391,3.48235302],[-76.48179278,3.48241403],[-76.48180173,3.48243371],[-76.4818107,3.48245421],[-76.48183291,3.48248677],[-76.48185353,3.48251875],[-76.48186941,3.48254619],[-76.48189862,3.48259934],[-76.48191708,3.48263525],[-76.48192703,3.48265692],[-76.48195286,3.48271573],[-76.48196568,3.48274684],[-76.4819718,3.48276273],[-76.48198393,3.48278414],[-76.4820002,3.48280364],[-76.48201193,3.48281964],[-76.48202173,3.48283343],[-76.48205044,3.48287701],[-76.48208102,3.48293344],[-76.48208598,3.48294204],[-76.48209972,3.48296607],[-76.4821106,3.48298056],[-76.48213651,3.48301744],[-76.48214534,3.48303088],[-76.48217907,3.48308772],[-76.4822075,3.48314741],[-76.48221109,3.48315593],[-76.48222466,3.4831906],[-76.48223674,3.48322693],[-76.48223971,3.48323623],[-76.48225467,3.4832657],[-76.48226494,3.4832881],[-76.48227032,3.48330038],[-76.48228077,3.4833255],[-76.48228696,3.48334121],[-76.48229412,3.48336015],[-76.48230659,3.48340138],[-76.48231268,3.48341872],[-76.48231443,3.48342387],[-76.48232123,3.48344653],[-76.4823291,3.48346821],[-76.48234818,3.48353379],[-76.48235485,3.48355832],[-76.48235919,3.48357641],[-76.4823662,3.48360742],[-76.4823688,3.48361533],[-76.48238305,3.48365121],[-76.48239095,3.48367202],[-76.48239399,3.48368057],[-76.48241308,3.48373541],[-76.48242341,3.48376747],[-76.48244137,3.48382796],[-76.48244889,3.48385524],[-76.48246482,3.48391773],[-76.48247726,3.48396698],[-76.4824887,3.48400589],[-76.48250501,3.48405661],[-76.48251762,3.48410052],[-76.48252621,3.48414122],[-76.48253039,3.48415466],[-76.48253338,3.48416613],[-76.48254387,3.48421246],[-76.48255131,3.48425937],[-76.48255282,3.48427144],[-76.48255535,3.48429469],[-76.48255645,3.48430654],[-76.48255865,3.48433756],[-76.48255901,3.48434579],[-76.48255959,3.48436077],[-76.48256,3.48440201],[-76.48255969,3.48441865],[-76.48255944,3.48442833],[-76.482559,3.48444224],[-76.48255858,3.48445294],[-76.48255874,3.48445922],[-76.48255983,3.48451688],[-76.48255906,3.48456667],[-76.48255407,3.48462292],[-76.48254502,3.48469358],[-76.48254286,3.48470908],[-76.48254,3.4847267],[-76.48253435,3.48475892],[-76.48253157,3.48477389],[-76.48252792,3.48479261],[-76.48252315,3.48483795],[-76.4825257,3.48485464],[-76.48253154,3.48490587],[-76.48253284,3.48492255],[-76.48253415,3.48494309],[-76.48253485,3.48496232],[-76.48253514,3.48497509],[-76.48253534,3.48499404],[-76.4825353,3.4850068],[-76.48253441,3.48504076],[-76.48253403,3.48504762],[-76.48253344,3.48505768],[-76.48252947,3.48510177],[-76.48252673,3.48512455],[-76.48251613,3.48518835],[-76.48249991,3.48525094],[-76.48249567,3.48526474],[-76.48249032,3.485281],[-76.4824896,3.48530013],[-76.48248928,3.48532009],[-76.48248848,3.48534445],[-76.48249131,3.48537332],[-76.48249341,3.48539843],[-76.48249509,3.48542398],[-76.48249575,3.48543833],[-76.48249615,3.48549564],[-76.48249585,3.48550481],[-76.48249534,3.48551727],[-76.48249412,3.48553656],[-76.48249304,3.48555071],[-76.48249217,3.48556114],[-76.4824912,3.48557175],[-76.48248614,3.48561379],[-76.48247388,3.48567581],[-76.4824723,3.48572175],[-76.48247149,3.48576414],[-76.48247235,3.48581494],[-76.48247245,3.48582773],[-76.48247243,3.48585638],[-76.48247399,3.4858734],[-76.48247458,3.4858869],[-76.48247441,3.48593913],[-76.48247866,3.48596679],[-76.48248293,3.48600006],[-76.48248964,3.48606394],[-76.48249061,3.48607385],[-76.4824956,3.48612856],[-76.48249707,3.48613868],[-76.48250202,3.48615309],[-76.48250567,3.48616399],[-76.48251096,3.48618022],[-76.48252413,3.48622563],[-76.48252854,3.48624289],[-76.48253303,3.48626158],[-76.48253503,3.4862704],[-76.48253923,3.48629028],[-76.48254101,3.48629931],[-76.48254501,3.48632233],[-76.48254977,3.48634251],[-76.48255166,3.48635102],[-76.48256299,3.48640763],[-76.48256798,3.48642105],[-76.4825759,3.48644412],[-76.48259499,3.48650292],[-76.48260822,3.48654877],[-76.48261828,3.48659846],[-76.48262297,3.48660612],[-76.48265802,3.48667065],[-76.48267988,3.48672109],[-76.48270122,3.48677594],[-76.48272045,3.48683204],[-76.48273504,3.48688955],[-76.4827367,3.48689715],[-76.48274098,3.48691063],[-76.4827433,3.48691808],[-76.482748,3.48693347],[-76.48275062,3.48694226],[-76.48275525,3.48695823],[-76.48276089,3.48697235],[-76.48276608,3.48698546],[-76.48277051,3.48699698],[-76.4827827,3.48702941],[-76.48278981,3.48704718],[-76.4827984,3.48706972],[-76.48280197,3.48707982],[-76.48280691,3.4870941],[-76.48281239,3.48710867],[-76.48281555,3.48711723],[-76.48282371,3.4871415],[-76.48282787,3.48715039],[-76.4828453,3.48718333],[-76.48284933,3.48719047],[-76.48285539,3.48720066],[-76.48287507,3.48723428],[-76.48289555,3.48727177],[-76.48290063,3.48728174],[-76.48290826,3.48729719],[-76.48291885,3.48732051],[-76.4829274,3.48733562],[-76.48293238,3.48734407],[-76.48296186,3.48739931],[-76.48297076,3.48741962],[-76.48297328,3.48742447],[-76.48297977,3.48743639],[-76.48298505,3.48744636],[-76.48298975,3.48745539],[-76.48299464,3.48746494],[-76.483003,3.48748183],[-76.48301385,3.4875077],[-76.48301945,3.4875191],[-76.48302172,3.48752387],[-76.4830256,3.48753214],[-76.48303643,3.4875563],[-76.48303963,3.4875638],[-76.48304537,3.48757634],[-76.48304999,3.48758511],[-76.48305418,3.48759318],[-76.48306785,3.48761992],[-76.48307608,3.48763655],[-76.48307949,3.48764376],[-76.4830857,3.48765711],[-76.48308832,3.48766316],[-76.48309128,3.4876678],[-76.48310052,3.4876826],[-76.48310714,3.48769371],[-76.48311423,3.48770584],[-76.48312161,3.48771879],[-76.48312965,3.48773324],[-76.48313498,3.487743],[-76.4831385,3.48774956],[-76.48314111,3.48775414],[-76.48315002,3.4877703],[-76.4831557,3.48778092],[-76.48316668,3.4878023],[-76.48317096,3.487811],[-76.48317445,3.48781818],[-76.48317755,3.48782473],[-76.483183,3.48783639],[-76.48319969,3.48787667],[-76.48320496,3.48788875],[-76.48321316,3.48790294],[-76.48323113,3.48793704],[-76.4833036,3.48805818],[-76.48331452,3.48807707],[-76.48332261,3.48809155],[-76.48334363,3.48813218],[-76.48339524,3.48824041],[-76.48342253,3.48830563],[-76.48343496,3.48834311],[-76.48345501,3.48840954],[-76.48346714,3.48843877],[-76.48363922,3.4887294],[-76.48366544,3.48877779],[-76.48368792,3.48882804],[-76.48370653,3.48887987],[-76.48372116,3.48893297],[-76.4839231,3.48979175],[-76.48393581,3.48986053],[-76.48394186,3.48993022],[-76.48395326,3.49022731],[-76.48396959,3.49027202],[-76.48398089,3.49031827],[-76.4839863,3.4903418],[-76.48399656,3.49039561],[-76.48400273,3.49045004],[-76.48400479,3.49050479],[-76.48400479,3.49053008],[-76.4840021,3.49059243],[-76.48399408,3.49065432],[-76.48399141,3.49066972],[-76.48398061,3.49072038],[-76.4839834,3.49072949],[-76.48398748,3.49074976],[-76.48399598,3.49077747],[-76.48399954,3.49079516],[-76.48401052,3.49082919],[-76.4840141,3.49084184],[-76.4840289,3.49090432],[-76.48403808,3.49096787],[-76.48404157,3.49103199],[-76.48403935,3.49109617],[-76.48403143,3.4911599],[-76.48403419,3.49116701],[-76.48404736,3.49120695],[-76.48405545,3.49123409],[-76.48406219,3.49125825],[-76.48408804,3.49135745],[-76.4841007,3.49141663],[-76.48410833,3.49147667],[-76.48411085,3.49153715],[-76.48410826,3.49159763],[-76.48410057,3.49165766],[-76.48410185,3.49167054],[-76.48410237,3.49168345],[-76.48410511,3.49176937],[-76.48410516,3.49181387],[-76.48410409,3.49185024],[-76.48412145,3.49190813],[-76.48413381,3.4919673],[-76.48414107,3.49202732],[-76.48414319,3.49208774],[-76.48414285,3.49214725],[-76.48414049,3.49220148],[-76.48413394,3.49225536],[-76.48412324,3.49230856],[-76.48413663,3.49237369],[-76.48417156,3.4925455],[-76.48419181,3.49259377],[-76.48420162,3.49262275],[-76.48421284,3.49265837],[-76.48423001,3.49272313],[-76.48424115,3.4927892],[-76.48424615,3.49285603],[-76.48424723,3.49289404],[-76.48424993,3.49291611],[-76.48425311,3.49294993],[-76.48425529,3.492972],[-76.4842596,3.49299905],[-76.48426735,3.49304709],[-76.48427294,3.49308971],[-76.484276,3.49313258],[-76.48427821,3.49318572],[-76.4842787,3.49320142],[-76.48427899,3.49321602],[-76.48428748,3.49325102],[-76.48430012,3.49331594],[-76.48430817,3.49337105],[-76.48430891,3.49337622],[-76.48431607,3.49342788],[-76.4843233,3.49347536],[-76.48432494,3.49348675],[-76.48432616,3.49349584],[-76.48433563,3.49352622],[-76.48434431,3.49355638],[-76.48436037,3.49361707],[-76.48437055,3.49365612],[-76.48437888,3.49368241],[-76.48439887,3.49372067],[-76.4844101,3.4937431],[-76.48443567,3.49380328],[-76.48444375,3.49382497],[-76.48444606,3.49383125],[-76.48446656,3.49389761],[-76.48448477,3.49396841],[-76.4845129,3.49406278],[-76.48452226,3.49408885],[-76.48453664,3.49412238],[-76.48455685,3.49417553],[-76.48456088,3.49418639],[-76.48456604,3.49420112],[-76.48457941,3.49424068],[-76.48458353,3.4942505],[-76.48467649,3.49444044],[-76.4846791,3.49444583],[-76.48468267,3.49445339],[-76.48472081,3.49453539],[-76.48473208,3.49455248],[-76.48475243,3.49458818],[-76.48477819,3.49462684],[-76.48479599,3.49465465],[-76.48483088,3.49471919],[-76.48485936,3.49477917],[-76.48488357,3.49483718],[-76.48490373,3.49486601],[-76.48492538,3.49489943],[-76.48493637,3.49491693],[-76.48496705,3.49497263],[-76.48497789,3.49499096],[-76.48499312,3.49501149],[-76.48499628,3.49501615],[-76.48500676,3.49502465],[-76.48502991,3.49504508],[-76.48507899,3.49509285],[-76.48512335,3.49514507],[-76.48516258,3.49520129],[-76.48517966,3.49522842],[-76.4852033,3.4952689],[-76.48522415,3.49531088],[-76.48525382,3.49534113],[-76.4852677,3.4953566],[-76.485368,3.4954717],[-76.48541015,3.49551035],[-76.48543406,3.4955333],[-76.48548356,3.49558304],[-76.4855022,3.49560249],[-76.48550874,3.49560968],[-76.48568001,3.49580024],[-76.48574017,3.49586394],[-76.48582158,3.49595053],[-76.48582762,3.495955],[-76.48587184,3.49599044],[-76.48591294,3.4960295],[-76.48595063,3.49607189],[-76.48596837,3.49608847],[-76.48602723,3.49614633],[-76.4861203,3.49622329],[-76.48613174,3.49623295],[-76.48624974,3.49633472],[-76.48625558,3.49633806],[-76.48630454,3.49636862],[-76.4863509,3.49640303],[-76.48639438,3.49644104],[-76.48650412,3.49654506],[-76.48655096,3.49659391],[-76.48659267,3.49664725],[-76.48663655,3.49667573],[-76.48665514,3.49668962],[-76.48672908,3.49673585],[-76.48673643,3.49673963],[-76.48676791,3.49675687],[-76.48681673,3.49678788],[-76.48686409,3.49682071],[-76.48687761,3.49682704],[-76.48693384,3.49685421],[-76.48695445,3.49686458],[-76.48697749,3.49687664],[-76.48698998,3.49688292],[-76.4870051,3.49688723],[-76.48703886,3.49689777],[-76.48711295,3.49692302],[-76.48716264,3.49694204],[-76.48719189,3.4969545],[-76.48720706,3.49696116],[-76.48723334,3.49697373],[-76.48726933,3.49699184],[-76.48730692,3.49701218],[-76.48731179,3.49701503],[-76.48736352,3.49704559],[-76.48737587,3.49705588],[-76.48738645,3.49706224],[-76.48740869,3.49707372],[-76.48741782,3.4970784],[-76.48744361,3.49708839],[-76.48749373,3.49710836],[-76.48752727,3.49712175],[-76.48758457,3.49714048],[-76.48759116,3.49714267],[-76.48764898,3.49716502],[-76.48769639,3.49718574],[-76.48771154,3.49719142],[-76.48772326,3.49719327],[-76.48777223,3.49720272],[-76.48779179,3.4972075],[-76.48783763,3.49721938],[-76.48788982,3.49723169],[-76.48790997,3.49723675],[-76.48796734,3.49725205],[-76.4879943,3.49725981],[-76.48804379,3.49727511],[-76.48806146,3.49728082],[-76.48810585,3.49729746],[-76.48814972,3.49731558],[-76.48816222,3.49732088],[-76.48820383,3.497339],[-76.48821376,3.4973434],[-76.48821865,3.49734565],[-76.48822676,3.4973494],[-76.4882363,3.49735276],[-76.48826313,3.49736255],[-76.48828347,3.49736957],[-76.48831506,3.49737912],[-76.48833071,3.49738404],[-76.48837571,3.49739877],[-76.48838203,3.49740087],[-76.48844311,3.49742466],[-76.4884986,3.49744923],[-76.48854457,3.49746948],[-76.48858776,3.49748736],[-76.48860969,3.49749686],[-76.48861922,3.49750127],[-76.48867208,3.49752617],[-76.488716,3.49754874],[-76.48877786,3.49758327],[-76.48878828,3.4975892],[-76.48880675,3.49760029],[-76.48885875,3.49763258],[-76.48889064,3.49765227],[-76.48892864,3.49767292],[-76.48898238,3.49770197],[-76.48901428,3.49771841],[-76.4890514,3.49773622],[-76.48910554,3.4977618],[-76.48916103,3.49778821],[-76.48920672,3.4978087],[-76.48922244,3.49781603],[-76.48927193,3.4978398],[-76.48932139,3.49786598],[-76.48933314,3.49787295],[-76.48938825,3.49790634],[-76.48941947,3.49792637],[-76.48946427,3.49795677],[-76.48949556,3.49797746],[-76.48952826,3.49799841],[-76.48955154,3.49801396],[-76.48957137,3.49802778],[-76.48960949,3.49805257],[-76.48965544,3.49808281],[-76.48968528,3.49810251],[-76.48971347,3.49812024],[-76.48974101,3.49813746],[-76.48977882,3.49815958],[-76.48981841,3.49818249],[-76.48984594,3.49819798],[-76.48987203,3.4982119],[-76.4899038,3.49822834],[-76.48993737,3.49824524],[-76.48997464,3.49826226],[-76.49001689,3.49828175],[-76.49004545,3.49829497],[-76.490076,3.49831],[-76.49010636,3.49832585],[-76.4901219,3.49833421],[-76.49016689,3.49835911],[-76.49018109,3.49836719],[-76.49022669,3.49839395],[-76.49025058,3.49840764],[-76.4902764,3.498421],[-76.49031374,3.49844035],[-76.49036254,3.49846547],[-76.49037355,3.49847125],[-76.49042416,3.49849842],[-76.49043988,3.49850711],[-76.49048261,3.49853145],[-76.49048981,3.4985356],[-76.49050224,3.49854268],[-76.49052394,3.4985514],[-76.4905441,3.49856018],[-76.49055656,3.49856615],[-76.49057018,3.49857198],[-76.49059779,3.49858521],[-76.49060855,3.49859065],[-76.4906162,3.49859463],[-76.49065369,3.49861323],[-76.49066041,3.49861686],[-76.4906731,3.49862302],[-76.49068569,3.49862938],[-76.49070007,3.49863686],[-76.49070864,3.49864132],[-76.49076722,3.49867181],[-76.49077814,3.4986786],[-76.49079063,3.49868537],[-76.49080812,3.49869586],[-76.49083153,3.49871034],[-76.4908384,3.49871465],[-76.49084832,3.49872093],[-76.49085818,3.49872754],[-76.49088084,3.49873834],[-76.49088497,3.49874036],[-76.4909255,3.49876064],[-76.49094212,3.49876955],[-76.49095611,3.49877679],[-76.49096812,3.49878263],[-76.49097329,3.49878521],[-76.49097927,3.49878803],[-76.49100249,3.4988002],[-76.49101958,3.49880845],[-76.49103216,3.49881481],[-76.4910687,3.49883462],[-76.49107787,3.4988401],[-76.49108944,3.49884635],[-76.49109454,3.49884934],[-76.4911053,3.4988557],[-76.49111373,3.49886076],[-76.49113448,3.49887341],[-76.49116306,3.49889178],[-76.49117381,3.49889906],[-76.49119198,3.49891177],[-76.49124585,3.49895475],[-76.4912577,3.49896517],[-76.49127813,3.49897838],[-76.49128988,3.4989865],[-76.49130036,3.4989939],[-76.49131366,3.49900346],[-76.49132491,3.49901173],[-76.49133574,3.49901986],[-76.49137108,3.49904816],[-76.49137727,3.49905345],[-76.4913816,3.49905699],[-76.49140291,3.49907516],[-76.49143731,3.49910775],[-76.49144806,3.49911863],[-76.49146508,3.49913644],[-76.49147595,3.49914821],[-76.49149245,3.49916714],[-76.49150318,3.49917632],[-76.49154591,3.49921366],[-76.49154988,3.49921715],[-76.49158291,3.49924836],[-76.49161552,3.49928116],[-76.49163386,3.49930032],[-76.49163751,3.49930429],[-76.49166786,3.49933766],[-76.49168163,3.49935325],[-76.49170311,3.49937827],[-76.49171067,3.49938709],[-76.49172087,3.49939735],[-76.49174838,3.4994233],[-76.4917834,3.4994587],[-76.49182172,3.49950377],[-76.4918487,3.49953827],[-76.49185651,3.49954845],[-76.4918924,3.49960066],[-76.49191712,3.49964025],[-76.49192293,3.49964971],[-76.49194721,3.49969024],[-76.4919729,3.49973225],[-76.4919901,3.49976203],[-76.49201347,3.49980479],[-76.49203535,3.49984411],[-76.49205731,3.49988334],[-76.49206395,3.49989546],[-76.4920722,3.49991089],[-76.49208322,3.49992949],[-76.49210402,3.49996708],[-76.49212762,3.50001288],[-76.49213692,3.5000316],[-76.49215256,3.50006658],[-76.49217278,3.50011521],[-76.49218476,3.50014598],[-76.49220186,3.50019303],[-76.49221782,3.50023724],[-76.49222074,3.50024546],[-76.49223646,3.50029069],[-76.49224085,3.50030374],[-76.49225433,3.50034501],[-76.49226794,3.50039201],[-76.49227631,3.5004291],[-76.49228416,3.50046868],[-76.49229001,3.50050228],[-76.49229332,3.50053557],[-76.49229593,3.50054228],[-76.49230286,3.50056231],[-76.49230644,3.50057319],[-76.49232112,3.50062396],[-76.49232413,3.50063467],[-76.49232681,3.50064456],[-76.49232967,3.5006555],[-76.4923403,3.50070451],[-76.49234571,3.5007344],[-76.4923493,3.50075608],[-76.49235475,3.50080265],[-76.49235617,3.50081909],[-76.49235726,3.50083305],[-76.49235966,3.50084184],[-76.49236297,3.50085446],[-76.49237137,3.50089168],[-76.49237496,3.50090976],[-76.49238078,3.50094324],[-76.49238362,3.50096678],[-76.49238458,3.50097367],[-76.49238907,3.50101439],[-76.49239181,3.50104788],[-76.49239333,3.5010711],[-76.49239423,3.50110723],[-76.49239423,3.50111396],[-76.49239507,3.50114792],[-76.49239507,3.5011641],[-76.49239597,3.50120034],[-76.49239598,3.50121297],[-76.49239688,3.50124922],[-76.49239689,3.5012645],[-76.49239743,3.50128622],[-76.49239781,3.50129267],[-76.49239824,3.50131001],[-76.49239865,3.50131711],[-76.49239954,3.50135322],[-76.49239955,3.50135766],[-76.49240045,3.50139393],[-76.49240046,3.50140465],[-76.49240087,3.50142115],[-76.49240145,3.50142972],[-76.49240194,3.50144033],[-76.49240314,3.50145813],[-76.49240345,3.501471],[-76.49240405,3.50147989],[-76.49240433,3.50149142],[-76.49240496,3.50149975],[-76.49240524,3.50151106],[-76.49240579,3.50151869],[-76.49240615,3.50152459],[-76.49240948,3.5015582],[-76.49241212,3.50159378],[-76.49241281,3.50161242],[-76.49241372,3.50165043],[-76.49241393,3.5016679],[-76.49241393,3.50167925],[-76.49241485,3.50169241],[-76.49241575,3.50172852],[-76.49241575,3.50173656],[-76.49241624,3.50175576],[-76.49241656,3.50176214],[-76.49241725,3.50178913],[-76.49242658,3.50185024],[-76.49243003,3.50191197],[-76.49242759,3.50197375],[-76.49242934,3.50198989],[-76.49243149,3.50202181],[-76.49243367,3.50203255],[-76.49243485,3.50203645],[-76.49244161,3.50204619],[-76.49247606,3.50210107],[-76.49250547,3.50215884],[-76.49252961,3.50221901],[-76.49254829,3.50228113],[-76.49255115,3.50229248],[-76.49256347,3.50235064],[-76.49257076,3.50240964],[-76.49257296,3.50246905],[-76.49257005,3.50252844],[-76.49257811,3.5025691],[-76.49258359,3.50260727],[-76.49258723,3.50263111],[-76.49259306,3.50265727],[-76.49260053,3.50269557],[-76.49260837,3.5027425],[-76.49261585,3.50280244],[-76.49261832,3.50286281],[-76.49261829,3.50291142],[-76.49261739,3.50294704],[-76.49261682,3.50295705],[-76.49261387,3.50300346],[-76.4926122,3.50304188],[-76.49261143,3.5030738],[-76.4926114,3.50310928],[-76.49261137,3.50315959],[-76.49261047,3.50319519],[-76.49260933,3.50321352],[-76.49260706,3.50324368],[-76.49261157,3.50325441],[-76.49262522,3.503296],[-76.4926279,3.50330504],[-76.49263539,3.50333237],[-76.49264379,3.50336959],[-76.49264737,3.50338768],[-76.4926532,3.50342115],[-76.49265869,3.50346817],[-76.4926596,3.50347905],[-76.49266125,3.5035038],[-76.49266215,3.50353992],[-76.49266215,3.50355165],[-76.49265945,3.50361364],[-76.49265127,3.50367515],[-76.49265051,3.50368118],[-76.49264396,3.50371833],[-76.49263854,3.50374375],[-76.49263758,3.50374945],[-76.4926347,3.50376405],[-76.49263006,3.5038004],[-76.49263145,3.50383174],[-76.4926336,3.50387486],[-76.49263449,3.50391142],[-76.49263446,3.50396286],[-76.49263443,3.50400638],[-76.49263351,3.50404239],[-76.49263007,3.50411007],[-76.49262602,3.50415819],[-76.49262366,3.50417822],[-76.49262249,3.50420769],[-76.49262217,3.50421494],[-76.49261887,3.5042568],[-76.49261087,3.50433096],[-76.49261029,3.50434732],[-76.49260909,3.50438684],[-76.49260828,3.50441221],[-76.49260826,3.50443766],[-76.49260726,3.50447526],[-76.49260488,3.50451852],[-76.49260458,3.5045237],[-76.49260003,3.50459662],[-76.49259854,3.50461619],[-76.49259448,3.50466153],[-76.49259291,3.50470115],[-76.49258829,3.50475953],[-76.49257867,3.50481728],[-76.49256411,3.50487399],[-76.49256189,3.5048948],[-76.49255605,3.50494155],[-76.4925537,3.50497132],[-76.49255322,3.50498158],[-76.49255363,3.50499799],[-76.49255317,3.50504849],[-76.4925492,3.50509883],[-76.49254174,3.50514877],[-76.4925361,3.50517929],[-76.49253051,3.50520658],[-76.49252436,3.50523392],[-76.49252055,3.50525423],[-76.49251429,3.50528925],[-76.49250857,3.50531788],[-76.4925066,3.50534743],[-76.49250603,3.50535568],[-76.49250427,3.50537921],[-76.49250175,3.50540614],[-76.4924982,3.50543753],[-76.49249433,3.50547317],[-76.49249129,3.50549415],[-76.49248992,3.5055016],[-76.49251054,3.50556877],[-76.49252057,3.50561863],[-76.49255212,3.50568183],[-76.49182598,3.50586589],[-76.4918128,3.50574727],[-76.49181202,3.50574573],[-76.49178839,3.5057378],[-76.4917659,3.50573213]]]]},"geometry_name":"the_geom","properties":{"id":2,"tipo":"Corrimiento lateral (80m del Dique Río Cauca)"}}],"totalFeatures":2,"numberMatched":2,"numberReturned":2,"timeStamp":"2026-09-25T18:59:58.299Z","crs":{"type":"name","properties":{"name":"urn:ogc:def:crs:EPSG::4326"}}}