{"type":"FeatureCollection","features":[{"type":"Feature","id":"eqp_uco_salud.484","geometry":{"type":"MultiPolygon","coordinates":[[[[-76.54040333,3.43222911],[-76.54037021,3.43222814],[-76.5403342,3.43222619],[-76.54030432,3.43222521],[-76.54023628,3.43222219],[-76.54022728,3.43222121],[-76.54022116,3.43222121],[-76.54020711,3.43222023],[-76.54012431,3.43221632],[-76.54013107,3.4320823],[-76.54013498,3.43199031],[-76.54013497,3.43198329],[-76.54013711,3.43194531],[-76.54019616,3.43194824],[-76.54020696,3.43196327],[-76.54040333,3.43222911]]]]},"geometry_name":"the_geom","properties":{"nombre":"CRUZ ROJA","localizaci":"KR 29 NO 5B 29","servicio":"SALUD","nivel":"2","propiedad":"PRIV","tipos_de_e":null,"categoria":"Atención Ambulatoria","escala":"URBANA","permanenci":"SI","estruc_eco":"NO","url1":null}},{"type":"Feature","id":"eqp_uco_salud.485","geometry":{"type":"MultiPolygon","coordinates":[[[[-76.54445158,3.42410969],[-76.54379942,3.42378866],[-76.54363933,3.42334956],[-76.54371957,3.4231743],[-76.54410388,3.42336979],[-76.54411107,3.42337058],[-76.54426274,3.42344995],[-76.54434089,3.42348888],[-76.54442479,3.42353086],[-76.54443638,3.42353322],[-76.54431223,3.42375883],[-76.54432016,3.42376278],[-76.54436072,3.42378297],[-76.54440319,3.4238041],[-76.54456362,3.42388395],[-76.54445158,3.42410969]],[[-76.5442397,3.42372287],[-76.54423194,3.42371899],[-76.54423127,3.42371899],[-76.54423913,3.42372287],[-76.5442397,3.42372287]]]]},"geometry_name":"the_geom","properties":{"nombre":"CLINICA CENTRO MEDICO  IMBANACO","localizaci":"KR 39 DG 32A","servicio":"SALUD","nivel":"3","propiedad":"PRIV","tipos_de_e":"Clínicas NIVEL III","categoria":"Hospitales - Hospitalización","escala":"REGIONAL","permanenci":"SI","estruc_eco":"NO","url1":null}},{"type":"Feature","id":"eqp_uco_salud.486","geometry":{"type":"MultiPolygon","coordinates":[[[[-76.54380025,3.43107711],[-76.54387432,3.43091812],[-76.5438754,3.43091506],[-76.54388043,3.4309021],[-76.54396136,3.43076308],[-76.54432996,3.43005481],[-76.545019,3.42874638],[-76.54516284,3.42847223],[-76.54518983,3.4284472],[-76.54520494,3.42843423],[-76.54523193,3.4284172],[-76.54526109,3.4284062],[-76.54526289,3.42840521],[-76.545278,3.42839719],[-76.54529492,3.4283952],[-76.54531185,3.42839915],[-76.54532697,3.42840913],[-76.54533706,3.42842317],[-76.54536591,3.42850614],[-76.54544813,3.42873506],[-76.54545209,3.42874613],[-76.54548527,3.42883809],[-76.54550004,3.4288631],[-76.5455141,3.42888803],[-76.54557139,3.42897602],[-76.54563228,3.42905995],[-76.54569821,3.42914092],[-76.54587761,3.42932784],[-76.54592839,3.42936381],[-76.54599969,3.42938177],[-76.54607854,3.42939478],[-76.54616639,3.42940472],[-76.54634746,3.42938859],[-76.54643854,3.42937855],[-76.54646662,3.42937853],[-76.5464965,3.42937248],[-76.54652566,3.42936049],[-76.54668043,3.42929938],[-76.54668654,3.42929443],[-76.54670058,3.42928839],[-76.54671642,3.42928838],[-76.54678269,3.42932731],[-76.5467845,3.42934234],[-76.54659199,3.43014745],[-76.54656113,3.4303155],[-76.54657035,3.43070054],[-76.54657036,3.43071656],[-76.5465704,3.43078154],[-76.5465654,3.43085156],[-76.54655931,3.43090251],[-76.54654639,3.43097056],[-76.54652735,3.43103655],[-76.54650362,3.43110154],[-76.54645652,3.43120462],[-76.54642271,3.43126162],[-76.54637379,3.4313377],[-76.54631875,3.43140973],[-76.54631587,3.43141072],[-76.54631264,3.43141766],[-76.54628063,3.43146772],[-76.54624393,3.43151373],[-76.54620363,3.43155678],[-76.54615865,3.43159478],[-76.54604099,3.43169683],[-76.54571894,3.43197603],[-76.54559181,3.43191211],[-76.54550286,3.43186716],[-76.54535485,3.43179326],[-76.54530192,3.43176629],[-76.54527671,3.43175434],[-76.54524574,3.43173833],[-76.54512186,3.43167639],[-76.54502282,3.4316265],[-76.54495368,3.43159252],[-76.54491191,3.43157454],[-76.54476282,3.43150857],[-76.54473258,3.43149562],[-76.54467352,3.43146767],[-76.54461266,3.43143872],[-76.54451651,3.43139279],[-76.54445853,3.43136582],[-76.54433645,3.43131387],[-76.54421437,3.43125688],[-76.54420861,3.43125391],[-76.54405737,3.43118704],[-76.54394645,3.43113805],[-76.54393853,3.43113409],[-76.5438413,3.43108609],[-76.54380025,3.43107711]]]]},"geometry_name":"the_geom","properties":{"nombre":"HOSPITAL UNIVERSITARIO DEL VALLE","localizaci":"SOBRE LA CL 5ta","servicio":"SALUD","nivel":"3","propiedad":"PUB","tipos_de_e":"Hospitales especializados","categoria":"Hospitales - Hospitalización","escala":"REGIONAL","permanenci":"SI","estruc_eco":"NO","url1":null}},{"type":"Feature","id":"eqp_uco_salud.487","geometry":{"type":"MultiPolygon","coordinates":[[[[-76.52774662,3.46173603],[-76.52771752,3.46178541],[-76.52767314,3.46185445],[-76.52764402,3.46190138],[-76.52732719,3.46168563],[-76.52736219,3.46163476],[-76.52735228,3.46162778],[-76.52739233,3.46157039],[-76.52740945,3.46158245],[-76.52747211,3.4616266],[-76.52750398,3.46164905],[-76.527543,3.46159314],[-76.52755324,3.4615865],[-76.52775425,3.46172374],[-76.52774662,3.46173603]]]]},"geometry_name":"the_geom","properties":{"nombre":"CLINICA SANTIAGO DE CALI","localizaci":"AV NO 2N  54","servicio":"SALUD","nivel":"2","propiedad":"PRIV","tipos_de_e":"Clínicas NIVEL II","categoria":"Hospitales - Hospitalización","escala":"URBANA","permanenci":"SI","estruc_eco":"NO","url1":null}},{"type":"Feature","id":"eqp_uco_salud.488","geometry":{"type":"MultiPolygon","coordinates":[[[[-76.53024297,3.46080604],[-76.53006669,3.46052885],[-76.53006725,3.4605184],[-76.53005189,3.46049326],[-76.52994828,3.46054687],[-76.52981779,3.46033129],[-76.53020982,3.460087],[-76.53035072,3.46031788],[-76.530399,3.46039688],[-76.53053702,3.46062487],[-76.53024297,3.46080604]]]]},"geometry_name":"the_geom","properties":{"nombre":"CLINICA DE OCCIDENTE","localizaci":"CL 18 NO 5  34","servicio":"SALUD","nivel":"2","propiedad":"PRIV","tipos_de_e":"Clínicas NIVEL II","categoria":"Hospitales - Hospitalización","escala":"REGIONAL","permanenci":"SI","estruc_eco":"NO","url1":null}},{"type":"Feature","id":"eqp_uco_salud.489","geometry":{"type":"MultiPolygon","coordinates":[[[[-76.5343672,3.46226484],[-76.53437221,3.46220282],[-76.53441205,3.46197581],[-76.53441528,3.4619588],[-76.534435,3.46182279],[-76.53444613,3.46174781],[-76.53447883,3.46164176],[-76.53456487,3.46161768],[-76.53487431,3.46193856],[-76.53446336,3.46232581],[-76.5343672,3.46226484]]]]},"geometry_name":"the_geom","properties":{"nombre":"DIRECCION DE SANIDAD POLICLINICA","localizaci":"AV 10 NO 15 N 29","servicio":"SALUD","nivel":"2","propiedad":"PUB","tipos_de_e":"Clínicas NIVEL II","categoria":"Hospitales - Hospitalización","escala":"ZONAL","permanenci":"NO","estruc_eco":"NO","url1":null}},{"type":"Feature","id":"eqp_uco_salud.490","geometry":{"type":"MultiPolygon","coordinates":[[[[-76.537081,3.45499206],[-76.53701969,3.45483804],[-76.53692761,3.45487966],[-76.53685172,3.45471562],[-76.53695588,3.45467384],[-76.53705988,3.4546249],[-76.53706312,3.4546249],[-76.53716787,3.45457984],[-76.53724815,3.45454649],[-76.53739193,3.45486945],[-76.53746435,3.45503212],[-76.53738747,3.45510234],[-76.53729993,3.45490573],[-76.537081,3.45499206]]]]},"geometry_name":"the_geom","properties":{"nombre":"CLINICA SEBASTIAN DE BELALCAZAR","localizaci":"AV 4 N NO 7N 53","servicio":"SALUD","nivel":"2","propiedad":"PRIV","tipos_de_e":"Clínicas NIVEL II","categoria":"Hospitales - Hospitalización","escala":"URBANA","permanenci":"SI","estruc_eco":"NO","url1":null}},{"type":"Feature","id":"eqp_uco_salud.491","geometry":{"type":"MultiPolygon","coordinates":[[[[-76.53045104,3.46997047],[-76.53044288,3.46998376],[-76.5305382,3.47003385],[-76.53052376,3.47006253],[-76.53048393,3.47014163],[-76.53048188,3.4701457],[-76.53048132,3.4701454],[-76.53035204,3.47007553],[-76.53041605,3.46995246],[-76.53045099,3.46997044],[-76.53045104,3.46997047]]]]},"geometry_name":"the_geom","properties":{"nombre":"CLINICA DEL PACIFICO","localizaci":"KR 27 CL 8B N","servicio":"SALUD","nivel":"3","propiedad":"PRIV","tipos_de_e":"Clínicas NIVEL II","categoria":"Hospitales - Hospitalización","escala":"ZONAL","permanenci":"NO","estruc_eco":"NO","url1":null}},{"type":"Feature","id":"eqp_uco_salud.492","geometry":{"type":"MultiPolygon","coordinates":[[[[-76.53404955,3.36421482],[-76.53376291,3.36416668],[-76.53383557,3.36374795],[-76.53385272,3.36375096],[-76.5341161,3.36379712],[-76.53412811,3.36379922],[-76.53405545,3.36421794],[-76.53404955,3.36421482]]]]},"geometry_name":"the_geom","properties":{"nombre":"CLINICA LUNGAVITA","localizaci":"KR 105 NO 15- 20","servicio":"SALUD","nivel":"3","propiedad":"PRIV","tipos_de_e":"Clínicas NIVEL III","categoria":"Hospitales - Hospitalización","escala":"URBANA","permanenci":"SI","estruc_eco":"NO","url1":null}},{"type":"Feature","id":"eqp_uco_salud.493","geometry":{"type":"MultiPolygon","coordinates":[[[[-76.55130822,3.44295131],[-76.5515608,3.44281326],[-76.55157077,3.44294917],[-76.55157737,3.44303913],[-76.55177151,3.44305975],[-76.55188923,3.44310718],[-76.55191676,3.44321729],[-76.55201032,3.44326614],[-76.5524854,3.44365662],[-76.55225922,3.44388051],[-76.55227052,3.44392785],[-76.552289,3.4440053],[-76.55231207,3.44416603],[-76.55233394,3.44431841],[-76.55234208,3.44436273],[-76.55236006,3.44442033],[-76.55235781,3.44442146],[-76.55237439,3.44445336],[-76.55240501,3.44448414],[-76.55257274,3.4446016],[-76.55264129,3.44467021],[-76.55268821,3.44474841],[-76.55240893,3.44484114],[-76.55250906,3.4453056],[-76.55215991,3.44541771],[-76.55215358,3.4454204],[-76.55100615,3.44580018],[-76.55096207,3.44581558],[-76.55083249,3.44586079],[-76.55074517,3.44593313],[-76.5506345,3.44598378],[-76.55026152,3.4463385],[-76.55001459,3.44612673],[-76.54999969,3.44574918],[-76.5501016,3.44553295],[-76.55026128,3.44519412],[-76.55015116,3.44482737],[-76.55035947,3.44438327],[-76.55039337,3.44431099],[-76.55063361,3.4440273],[-76.55080902,3.44382754],[-76.55093536,3.44368367],[-76.55081291,3.44348542],[-76.55130822,3.44295131]]]]},"geometry_name":"the_geom","properties":{"nombre":"I.S.S. SUCURSAL BELLAVISTA","localizaci":"KR 4OESTE NO 12 89","servicio":"SALUD","nivel":"3","propiedad":"PUB","tipos_de_e":"Clínicas NIVEL III","categoria":"Hospitales - Hospitalización","escala":"REGIONAL","permanenci":"SI","estruc_eco":"SI","url1":null}},{"type":"Feature","id":"eqp_uco_salud.494","geometry":{"type":"MultiPolygon","coordinates":[[[[-76.53886344,3.41485716],[-76.53885668,3.41487871],[-76.53876243,3.41517808],[-76.53868587,3.41542411],[-76.53868339,3.4154305],[-76.53868658,3.41543152],[-76.53867857,3.41544635],[-76.53848091,3.41538454],[-76.53829704,3.41532812],[-76.5382736,3.41532093],[-76.53809041,3.41526472],[-76.53809753,3.41524676],[-76.5378747,3.41518045],[-76.53775026,3.41514342],[-76.5375208,3.41507277],[-76.53751919,3.41507633],[-76.53750528,3.41507416],[-76.53750777,3.41506786],[-76.53750188,3.41506439],[-76.53756081,3.41487015],[-76.53755429,3.4148674],[-76.53755971,3.41484461],[-76.53756695,3.41484605],[-76.53766398,3.41450966],[-76.53766932,3.41448988],[-76.53766997,3.41449008],[-76.53766924,3.41448633],[-76.53886344,3.41485716]]]]},"geometry_name":"the_geom","properties":{"nombre":"CLINICA SANTILLANA","localizaci":"KR46 NO 9C 85","servicio":"SALUD","nivel":"2","propiedad":"PRIV","tipos_de_e":"Clínicas NIVEL II","categoria":"Hospitales - Hospitalización","escala":"REGIONAL","permanenci":"SI","estruc_eco":"NO","url1":null}},{"type":"Feature","id":"eqp_uco_salud.495","geometry":{"type":"MultiPolygon","coordinates":[[[[-76.53861265,3.4394655],[-76.53816736,3.44058673],[-76.53815708,3.44059372],[-76.53782586,3.44045888],[-76.53736276,3.44026913],[-76.53733287,3.44025717],[-76.53732278,3.44023522],[-76.53744181,3.43997108],[-76.53778019,3.43921791],[-76.53786326,3.43903281],[-76.53791113,3.43899679],[-76.53793418,3.43901873],[-76.53795939,3.43904275],[-76.53798926,3.43900673],[-76.53799609,3.43899674],[-76.53861265,3.4394655]]]]},"geometry_name":"the_geom","properties":{"nombre":"FUNDACION CLUB NOEL","localizaci":"CL 5 NO 22 76","servicio":"SALUD","nivel":"3","propiedad":"PRIV","tipos_de_e":"Clínicas NIVEL III","categoria":"Hospitales - Hospitalización","escala":"REGIONAL","permanenci":"SI","estruc_eco":"NO","url1":null}},{"type":"Feature","id":"eqp_uco_salud.496","geometry":{"type":"MultiPolygon","coordinates":[[[[-76.53414374,3.44806784],[-76.5342107,3.44805376],[-76.53421179,3.44806276],[-76.53427982,3.44804473],[-76.53430394,3.44803868],[-76.5343548,3.44821768],[-76.53441612,3.44841871],[-76.53441612,3.44842366],[-76.53441396,3.44842772],[-76.53441288,3.4484297],[-76.53425592,3.44845975],[-76.53414374,3.44806784]]]]},"geometry_name":"the_geom","properties":{"nombre":"I.P.S. COMFANDI SANTA ROSA","localizaci":"CL 8 NO 8 13","servicio":"SALUD","nivel":"2","propiedad":"PRIV","tipos_de_e":"Centros de atención IPS y EPS","categoria":"Atención Ambulatoria","escala":"URBANA","permanenci":"SI","estruc_eco":"NO","url1":null}},{"type":"Feature","id":"eqp_uco_salud.497","geometry":{"type":"MultiPolygon","coordinates":[[[[-76.52436867,3.46272882],[-76.52436758,3.46272378],[-76.52436181,3.4626948],[-76.52434376,3.46260678],[-76.52433762,3.46257978],[-76.52441572,3.46252475],[-76.52443948,3.46252078],[-76.5244636,3.46252175],[-76.52447549,3.46252472],[-76.52454644,3.46257067],[-76.52474164,3.46269459],[-76.52477478,3.46271662],[-76.52475859,3.46275057],[-76.5247496,3.46276857],[-76.5247226,3.46276967],[-76.52471576,3.46276967],[-76.5246578,3.46277267],[-76.52463187,3.46277467],[-76.52458867,3.46277667],[-76.52458759,3.46277667],[-76.52456563,3.46278172],[-76.52447455,3.46280076],[-76.52438672,3.46281881],[-76.52438058,3.46278785],[-76.52437986,3.4627838],[-76.52436867,3.46272882]]]]},"geometry_name":"the_geom","properties":{"nombre":"UNIMED","localizaci":"AV 2N NO 23-25","servicio":"SALUD","nivel":"2","propiedad":"PRIV","tipos_de_e":null,"categoria":"SIN DEFINIR","escala":"ZONAL","permanenci":"NO","estruc_eco":"NO","url1":null}},{"type":"Feature","id":"eqp_uco_salud.498","geometry":{"type":"MultiPolygon","coordinates":[[[[-76.52336393,3.46301252],[-76.52332567,3.46283352],[-76.52332494,3.46282659],[-76.52331773,3.46279653],[-76.52341061,3.46279054],[-76.52341567,3.46281448],[-76.52341891,3.46282852],[-76.52345104,3.46298646],[-76.52345501,3.46300347],[-76.52341001,3.46301249],[-76.52340389,3.46301456],[-76.52336573,3.46302251],[-76.52336393,3.46301252]]]]},"geometry_name":"the_geom","properties":{"nombre":"CENTRO MEDICO DEL RIO","localizaci":"AV 2 N NO 24-71","servicio":"SALUD","nivel":"1","propiedad":"PRIV","tipos_de_e":"Centros médicos","categoria":"Atención Ambulatoria","escala":"URBANA","permanenci":"SI","estruc_eco":"NO","url1":null}},{"type":"Feature","id":"eqp_uco_salud.499","geometry":{"type":"MultiPolygon","coordinates":[[[[-76.52363393,3.46297538],[-76.52362996,3.46295441],[-76.52362274,3.46292138],[-76.52361877,3.46290239],[-76.5236018,3.46281537],[-76.52360072,3.46281041],[-76.52359278,3.46277541],[-76.5236817,3.46276537],[-76.52368784,3.46279732],[-76.52371202,3.46290936],[-76.52371599,3.46292835],[-76.52372285,3.46296534],[-76.5236829,3.46297436],[-76.52366706,3.46297734],[-76.52363574,3.46298438],[-76.52363393,3.46297538]]]]},"geometry_name":"the_geom","properties":{"nombre":"PERINATOLOGOS","localizaci":"AV 2N NO 24N-41","servicio":"SALUD","nivel":"1","propiedad":"PRIV","tipos_de_e":"Centros médicos","categoria":"Atención Ambulatoria","escala":"LOCAL","permanenci":"NO","estruc_eco":"NO","url1":null}},{"type":"Feature","id":"eqp_uco_salud.500","geometry":{"type":"MultiPolygon","coordinates":[[[[-76.52252171,3.46337003],[-76.52250745,3.46330035],[-76.52247629,3.46330681],[-76.52244179,3.46331396],[-76.52241012,3.46332052],[-76.52236638,3.46332959],[-76.52232412,3.46333835],[-76.52229409,3.46322285],[-76.52228094,3.46318114],[-76.52225916,3.46311207],[-76.52223851,3.46304558],[-76.52223362,3.46302981],[-76.52216495,3.4628087],[-76.5221471,3.46275122],[-76.52214739,3.46274015],[-76.52214942,3.46272927],[-76.52215314,3.46271885],[-76.52215846,3.46270915],[-76.52216524,3.46270043],[-76.52216974,3.46269622],[-76.52217331,3.46269289],[-76.52218248,3.46268674],[-76.52219249,3.46268213],[-76.52220311,3.46267917],[-76.52221406,3.46267794],[-76.52227189,3.46267539],[-76.52236844,3.46268537],[-76.52246521,3.46269301],[-76.52247581,3.46269408],[-76.52248936,3.46269544],[-76.52256421,3.46270298],[-76.52266256,3.46271807],[-76.52276,3.46273825],[-76.52285385,3.46275964],[-76.52286395,3.46280706],[-76.52286598,3.46281658],[-76.52286674,3.46282012],[-76.52286688,3.46282081],[-76.52286733,3.46282294],[-76.52286767,3.46282454],[-76.52287843,3.46287504],[-76.52287863,3.46287599],[-76.52287895,3.46287749],[-76.52288559,3.46290864],[-76.52288569,3.46290911],[-76.52288573,3.46290933],[-76.52290291,3.46299],[-76.52290365,3.46299345],[-76.52290381,3.46299422],[-76.52290758,3.46301191],[-76.52290938,3.46302034],[-76.52290945,3.46302069],[-76.52290964,3.46302157],[-76.52291418,3.46304288],[-76.52291529,3.4630481],[-76.52291887,3.46306561],[-76.5229207,3.46307454],[-76.52293853,3.46316174],[-76.52294465,3.46319165],[-76.52296251,3.46327901],[-76.52297181,3.46332448],[-76.52295566,3.46332781],[-76.52291357,3.4633365],[-76.52288362,3.46334269],[-76.52287079,3.46334534],[-76.52262785,3.46339551],[-76.522531,3.46341551],[-76.52252171,3.46337003]]]]},"geometry_name":"the_geom","properties":{"nombre":"CLINICA DE LOS REMEDIOS","localizaci":"AV 2 N CL 25 ESQUINA","servicio":"SALUD","nivel":"2","propiedad":"PRIV","tipos_de_e":"Clínicas NIVEL II","categoria":"Hospitales - Hospitalización","escala":"URBANA","permanenci":"SI","estruc_eco":"NO","url1":"http://idesc.cali.gov.co/download/pot_2014/resolucion_189_2019.pdf"}},{"type":"Feature","id":"eqp_uco_salud.501","geometry":{"type":"MultiPolygon","coordinates":[[[[-76.52610637,3.4634368],[-76.52612203,3.46340794],[-76.52613426,3.46338687],[-76.52631138,3.46311511],[-76.52638475,3.46316266],[-76.52631916,3.46326822],[-76.52630383,3.46329288],[-76.5262867,3.46332045],[-76.52625426,3.46337267],[-76.52621388,3.46343764],[-76.5262035,3.46345435],[-76.5261832,3.46348835],[-76.52610637,3.4634368]]]]},"geometry_name":"the_geom","properties":{"nombre":"S. O. S.","localizaci":"CL 23A N NO3N-57","servicio":"SALUD","nivel":"2","propiedad":"PRIV","tipos_de_e":"Centros de atención IPS y EPS","categoria":"Atención Ambulatoria","escala":"URBANA","permanenci":"SI","estruc_eco":"NO","url1":null}},{"type":"Feature","id":"eqp_uco_salud.502","geometry":{"type":"MultiPolygon","coordinates":[[[[-76.52332133,3.46405445],[-76.52340737,3.4640364],[-76.52341314,3.46406745],[-76.52343841,3.46418138],[-76.52345429,3.46425743],[-76.52343737,3.46426041],[-76.52343125,3.46426239],[-76.52340641,3.46426745],[-76.52338445,3.46427142],[-76.52336825,3.46427548],[-76.52332819,3.4640855],[-76.52332133,3.46405445]]]]},"geometry_name":"the_geom","properties":{"nombre":"CENTRO BIOMEDICO","localizaci":"AV 2D N NO 24N-93","servicio":"SALUD","nivel":"1","propiedad":"PRIV","tipos_de_e":"Centros médicos","categoria":"Atención Ambulatoria","escala":"LOCAL","permanenci":"NO","estruc_eco":"NO","url1":null}},{"type":"Feature","id":"eqp_uco_salud.503","geometry":{"type":"MultiPolygon","coordinates":[[[[-76.52785778,3.46424991],[-76.52762941,3.46411426],[-76.52759623,3.46416795],[-76.52734417,3.46400172],[-76.52743966,3.46385211],[-76.52769352,3.46401053],[-76.52776033,3.46390242],[-76.52787161,3.46395928],[-76.527866,3.46396836],[-76.5279917,3.46404686],[-76.52785778,3.46424991]]],[[[-76.52793114,3.46438529],[-76.52811279,3.46409411],[-76.52811598,3.46409428],[-76.52811373,3.46409287],[-76.52816086,3.46401778],[-76.52819183,3.46403784],[-76.52819687,3.46404081],[-76.52827575,3.46408874],[-76.52827791,3.46408972],[-76.52828979,3.46409674],[-76.52836074,3.46414071],[-76.52833268,3.46418573],[-76.52831182,3.46421877],[-76.5283114,3.4642185],[-76.52827585,3.46427571],[-76.52832167,3.46430442],[-76.52816899,3.46454991],[-76.52793114,3.46438529]]]]},"geometry_name":"the_geom","properties":{"nombre":"CLINICA VERSALLES","localizaci":"AV 5A NO 23-27","servicio":"SALUD","nivel":"2","propiedad":"PRIV","tipos_de_e":"Clínicas NIVEL II","categoria":"Hospitales - Hospitalización","escala":"URBANA","permanenci":"SI","estruc_eco":"NO","url1":null}},{"type":"Feature","id":"eqp_uco_salud.504","geometry":{"type":"MultiPolygon","coordinates":[[[[-76.52668834,3.46311084],[-76.52670727,3.46308163],[-76.52671981,3.46306228],[-76.52678411,3.46296304],[-76.52679233,3.46294723],[-76.52685334,3.46298533],[-76.52678164,3.46309016],[-76.52674449,3.46314685],[-76.52668834,3.46311084]]]]},"geometry_name":"the_geom","properties":{"nombre":"CENTRO PARA JOVENES (profamilia)","localizaci":"CL 23N NO 3N-100","servicio":"SALUD","nivel":"1","propiedad":"PRIV","tipos_de_e":"Centros médicos","categoria":"Atención Ambulatoria","escala":"LOCAL","permanenci":"NO","estruc_eco":"NO","url1":null}},{"type":"Feature","id":"eqp_uco_salud.505","geometry":{"type":"MultiPolygon","coordinates":[[[[-76.5266316,3.46307408],[-76.52664981,3.4630463],[-76.52666375,3.46302503],[-76.526707,3.46295901],[-76.5267194,3.46294009],[-76.52673764,3.46291308],[-76.52679233,3.46294723],[-76.52678324,3.46296439],[-76.52675281,3.46301135],[-76.52672704,3.46305112],[-76.52671604,3.4630681],[-76.52670727,3.46308163],[-76.52668834,3.46311084],[-76.5266316,3.46307408]]]]},"geometry_name":"the_geom","properties":{"nombre":"CLINICA DEL SENO","localizaci":"CL 23N NO 3N-80","servicio":"SALUD","nivel":"2","propiedad":"PRIV","tipos_de_e":"Clínicas especializadas","categoria":"SIN DEFINIR","escala":"URBANA","permanenci":"NO","estruc_eco":"NO","url1":null}},{"type":"Feature","id":"eqp_uco_salud.506","geometry":{"type":"MultiPolygon","coordinates":[[[[-76.52849756,3.46347658],[-76.52854827,3.46339455],[-76.52857925,3.46341659],[-76.52868046,3.46348548],[-76.52871539,3.46351048],[-76.52877338,3.4635505],[-76.52878743,3.46356048],[-76.52878851,3.46356048],[-76.52873743,3.46364251],[-76.52873346,3.46364053],[-76.52871942,3.46363046],[-76.52866467,3.4635925],[-76.52853861,3.46350455],[-76.52852745,3.46349762],[-76.52849756,3.46347658]]]]},"geometry_name":"the_geom","properties":{"nombre":"CLINICA UNIDAD UROLOGICA RAMON Y CAJAL","localizaci":"AV 5A N NO 22N-27","servicio":"SALUD","nivel":"2","propiedad":"PRIV","tipos_de_e":"Consultorios Temáticos","categoria":"Atención Ambulatoria","escala":"URBANA","permanenci":"NO","estruc_eco":"NO","url1":null}},{"type":"Feature","id":"eqp_uco_salud.507","geometry":{"type":"MultiPolygon","coordinates":[[[[-76.5265207,3.46261561],[-76.52655442,3.46257233],[-76.52667787,3.46239879],[-76.52675769,3.46244751],[-76.52680667,3.46248179],[-76.52672104,3.46259937],[-76.52667265,3.46266582],[-76.52665153,3.4626983],[-76.5265207,3.46261561]]]]},"geometry_name":"the_geom","properties":{"nombre":"CENTRO MEDICO ANDALUZ","localizaci":"C 23     N   3       33   14G","servicio":"SALUD","nivel":"1","propiedad":"PRIV","tipos_de_e":"Centros médicos","categoria":"Atención Ambulatoria","escala":"ZONAL","permanenci":"NO","estruc_eco":"NO","url1":null}},{"type":"Feature","id":"eqp_uco_salud.508","geometry":{"type":"MultiPolygon","coordinates":[[[[-76.52966426,3.46545521],[-76.52965724,3.46542518],[-76.52959169,3.46514479],[-76.52958174,3.46510221],[-76.52969306,3.46507627],[-76.52970198,3.46511406],[-76.529754,3.46533437],[-76.52976368,3.46537535],[-76.52977644,3.46542939],[-76.5297412,3.46543736],[-76.52969778,3.46544718],[-76.52966426,3.46545521]]]]},"geometry_name":"the_geom","properties":{"nombre":"CENTRO DE ESPECIALISTAS COOMEVA","localizaci":"AV 3 N AV 6 N","servicio":"SALUD","nivel":"2","propiedad":"PRIV","tipos_de_e":"Centros de atención IPS y EPS","categoria":"Atención Ambulatoria","escala":"LOCAL","permanenci":"NO","estruc_eco":"NO","url1":null}},{"type":"Feature","id":"eqp_uco_salud.509","geometry":{"type":"MultiPolygon","coordinates":[[[[-76.5256129,3.46539496],[-76.52560815,3.4653694],[-76.52560131,3.46533261],[-76.52559825,3.46531613],[-76.52559427,3.46529607],[-76.52559151,3.46528292],[-76.52558347,3.46524462],[-76.52554731,3.46505465],[-76.52554025,3.46501755],[-76.52560895,3.465003],[-76.52561751,3.46504158],[-76.52565942,3.46523054],[-76.52566759,3.46526736],[-76.52567488,3.46530024],[-76.52569217,3.4653782],[-76.52567487,3.46538185],[-76.5256129,3.46539496]]]]},"geometry_name":"the_geom","properties":{"nombre":"ODONTIS SALUD ORAL","localizaci":"CL 23 C N 3A N A _32","servicio":"SALUD","nivel":"2","propiedad":"PRIV","tipos_de_e":"Clínicas tematicas","categoria":"Atención Ambulatoria","escala":"LOCAL","permanenci":"NO","estruc_eco":"NO","url1":null}},{"type":"Feature","id":"eqp_uco_salud.510","geometry":{"type":"MultiPolygon","coordinates":[[[[-76.52537662,3.46417598],[-76.5253633,3.4641957],[-76.525327,3.46417218],[-76.5252956,3.46415182],[-76.52537349,3.46403655],[-76.52540073,3.4639951],[-76.52546866,3.46403915],[-76.52545248,3.4640637],[-76.52544402,3.46407622],[-76.5253837,3.4641655],[-76.52537662,3.46417598]]]]},"geometry_name":"the_geom","properties":{"nombre":"UNIDAD DE SALUD OCUPACIONAL","localizaci":"CL 23 B N NO 3 N _52","servicio":"SALUD","nivel":"1","propiedad":"PRIV","tipos_de_e":null,"categoria":"Atención Ambulatoria","escala":"LOCAL","permanenci":"NO","estruc_eco":"NO","url1":null}},{"type":"Feature","id":"eqp_uco_salud.511","geometry":{"type":"MultiPolygon","coordinates":[[[[-76.51317474,3.45731389],[-76.51304757,3.45735242],[-76.51304876,3.45735985],[-76.51296238,3.4573827],[-76.51294557,3.4573274],[-76.51313283,3.45728168],[-76.51317271,3.45730356],[-76.51317474,3.45731389]]]]},"geometry_name":"the_geom","properties":{"nombre":"CALISALUD E.P.S.","localizaci":"CL 34 N NO 6A 38","servicio":"SALUD","nivel":"2","propiedad":"PRIV","tipos_de_e":"Centros de atención IPS y EPS","categoria":"Atención Ambulatoria","escala":"LOCAL","permanenci":"NO","estruc_eco":"NO","url1":null}},{"type":"Feature","id":"eqp_uco_salud.512","geometry":{"type":"MultiPolygon","coordinates":[[[[-76.51547872,3.45885334],[-76.51545964,3.4588583],[-76.51543764,3.45879234],[-76.51545888,3.45878629],[-76.51567271,3.45872416],[-76.51569075,3.45879823],[-76.51560075,3.45882123],[-76.51547872,3.45885334]]]]},"geometry_name":"the_geom","properties":{"nombre":"CENTRO DE SALUD PORVENIR","localizaci":"CL 31A NO 4B 23","servicio":"SALUD","nivel":"1","propiedad":"PUB","tipos_de_e":"Centros de salud","categoria":"Atención Ambulatoria","escala":"LOCAL","permanenci":"NO","estruc_eco":"NO","url1":null}},{"type":"Feature","id":"eqp_uco_salud.513","geometry":{"type":"MultiPolygon","coordinates":[[[[-76.54322935,3.42184064],[-76.54314328,3.42179766],[-76.54315443,3.42177569],[-76.54322708,3.42162463],[-76.54325225,3.42157259],[-76.54327706,3.42152163],[-76.54333324,3.42154959],[-76.5433653,3.4215656],[-76.5433581,3.42158054],[-76.54334012,3.42161556],[-76.54329732,3.42170361],[-76.54328833,3.42172162],[-76.5432405,3.42181768],[-76.54322935,3.42184064]]]]},"geometry_name":"the_geom","properties":{"nombre":"UROCCIDENTE","localizaci":"KR 40 NO 5C 92","servicio":"SALUD","nivel":"2","propiedad":"PRIV","tipos_de_e":"Centros médicos","categoria":"Atención Ambulatoria","escala":"LOCAL","permanenci":"NO","estruc_eco":"NO","url1":null}},{"type":"Feature","id":"eqp_uco_salud.514","geometry":{"type":"MultiPolygon","coordinates":[[[[-76.54406746,3.42176521],[-76.54396231,3.4217173],[-76.54395042,3.42171127],[-76.5439443,3.4217083],[-76.54395437,3.42168724],[-76.54397415,3.42164528],[-76.54398134,3.42163025],[-76.54400831,3.42157218],[-76.54401335,3.42156219],[-76.54402414,3.42153824],[-76.54417935,3.42161313],[-76.54410239,3.4217732],[-76.54409951,3.42178022],[-76.54406746,3.42176521]]]]},"geometry_name":"the_geom","properties":{"nombre":"AUDICOM","localizaci":"CL 5C NO 40 69","servicio":"SALUD","nivel":"2","propiedad":"PRIV","tipos_de_e":"Centros médicos","categoria":"Atención Ambulatoria","escala":"LOCAL","permanenci":"NO","estruc_eco":"NO","url1":null}},{"type":"Feature","id":"eqp_uco_salud.515","geometry":{"type":"MultiPolygon","coordinates":[[[[-76.54305541,3.42175478],[-76.54295133,3.42170281],[-76.5429434,3.42168283],[-76.54305919,3.42141473],[-76.54309016,3.42142975],[-76.54309196,3.42143074],[-76.5431413,3.42145465],[-76.54316002,3.42146463],[-76.54318019,3.42147362],[-76.54315214,3.42153466],[-76.54315034,3.42154069],[-76.54313021,3.42158571],[-76.54306728,3.42172678],[-76.54306512,3.42173173],[-76.54305541,3.42175478]]]]},"geometry_name":"the_geom","properties":{"nombre":"I.P.S. DINAMICA","localizaci":"CL 5E  KR 40 ESQUINA","servicio":"SALUD","nivel":"2","propiedad":"PRIV","tipos_de_e":"Centros de atención IPS y EPS","categoria":"Atención Ambulatoria","escala":"LOCAL","permanenci":"NO","estruc_eco":"NO","url1":null}},{"type":"Feature","id":"eqp_uco_salud.516","geometry":{"type":"MultiPolygon","coordinates":[[[[-76.54626313,3.42025232],[-76.54624333,3.42024333],[-76.54625231,3.42022028],[-76.54625627,3.42021128],[-76.54631704,3.42006526],[-76.546339,3.42007623],[-76.54634297,3.42007829],[-76.54641427,3.42011327],[-76.54634306,3.42025831],[-76.54633731,3.42027028],[-76.54633012,3.42028531],[-76.54626313,3.42025232]]]]},"geometry_name":"the_geom","properties":{"nombre":"FUNDACION REINA ISABEL","localizaci":"CL 5B NO 43 12","servicio":"SALUD","nivel":"2","propiedad":"PRIV","tipos_de_e":null,"categoria":"Atención Ambulatoria","escala":"LOCAL","permanenci":"NO","estruc_eco":"NO","url1":null}},{"type":"Feature","id":"eqp_uco_salud.517","geometry":{"type":"MultiPolygon","coordinates":[[[[-76.54638259,3.41990887],[-76.5463905,3.41988888],[-76.54640526,3.41989482],[-76.5464103,3.41989787],[-76.54649853,3.41994076],[-76.5464935,3.41995075],[-76.54648846,3.41996183],[-76.54641366,3.42011388],[-76.54634235,3.42007891],[-76.54633839,3.42007684],[-76.54631642,3.42006587],[-76.54638259,3.41990887]]]]},"geometry_name":"the_geom","properties":{"nombre":"COOSALUD","localizaci":"KR 43 NO 5A 103","servicio":"SALUD","nivel":"2","propiedad":"PRIV","tipos_de_e":"Centros de atención IPS y EPS","categoria":"Atención Ambulatoria","escala":"LOCAL","permanenci":"NO","estruc_eco":"NO","url1":null}},{"type":"Feature","id":"eqp_uco_salud.518","geometry":{"type":"MultiPolygon","coordinates":[[[[-76.54448077,3.41999983],[-76.54457987,3.4197978],[-76.54464244,3.41982951],[-76.54466425,3.41984056],[-76.54456614,3.4200415],[-76.54448077,3.41999983]]]]},"geometry_name":"the_geom","properties":{"nombre":"CLINICA DE ENDODONCIA","localizaci":"KR 42A NO 5C 36","servicio":"SALUD","nivel":"2","propiedad":"PRIV","tipos_de_e":"Clínicas tematicas","categoria":"Atención Ambulatoria","escala":"ZONAL","permanenci":"NO","estruc_eco":"NO","url1":null}},{"type":"Feature","id":"eqp_uco_salud.519","geometry":{"type":"MultiPolygon","coordinates":[[[[-76.54423617,3.41963003],[-76.54422717,3.41962599],[-76.54420916,3.419617],[-76.54420412,3.41961502],[-76.5441872,3.41960603],[-76.54417711,3.41960099],[-76.54415515,3.41959002],[-76.54415407,3.41959002],[-76.5442411,3.41941294],[-76.54424218,3.41940997],[-76.54425405,3.41938593],[-76.54433615,3.41942693],[-76.54432321,3.41945195],[-76.54428221,3.41953595],[-76.54426638,3.41956899],[-76.54423617,3.41963003]]]]},"geometry_name":"the_geom","properties":{"nombre":"INSTITUTO RADIOLOGICO DEL SUROCCIDENTE","localizaci":"KR 43 NO 5C 87","servicio":"SALUD","nivel":"2","propiedad":"PRIV","tipos_de_e":"Centros médicos","categoria":"Atención Ambulatoria","escala":"LOCAL","permanenci":"NO","estruc_eco":"NO","url1":null}},{"type":"Feature","id":"eqp_uco_salud.520","geometry":{"type":"MultiPolygon","coordinates":[[[[-76.5465729,3.41970176],[-76.54660383,3.41963469],[-76.54668486,3.41967469],[-76.54667191,3.4197017],[-76.54665105,3.41974573],[-76.54664098,3.4197667],[-76.54663199,3.41978471],[-76.54660394,3.41984476],[-76.54659099,3.41987078],[-76.54651212,3.41983176],[-76.54652399,3.41980673],[-76.5465729,3.41970176]]]]},"geometry_name":"the_geom","properties":{"nombre":"ROSTRO Y FIGURA","localizaci":"KR 43A NO 5A 90","servicio":"SALUD","nivel":"2","propiedad":"PRIV","tipos_de_e":"Centros médicos","categoria":"Atención Ambulatoria","escala":"ZONAL","permanenci":"NO","estruc_eco":"NO","url1":null}},{"type":"Feature","id":"eqp_uco_salud.521","geometry":{"type":"MultiPolygon","coordinates":[[[[-76.54652399,3.41980721],[-76.54651212,3.41983224],[-76.54642894,3.41979232],[-76.54646597,3.4197023],[-76.54651272,3.41959121],[-76.54653396,3.41960227],[-76.54660383,3.41963517],[-76.5465729,3.41970224],[-76.54652399,3.41980721]]]]},"geometry_name":"the_geom","properties":{"nombre":"CONSULTORIO MEDICO ESPECIALIZADO","localizaci":"CL 5B NO 43A 08","servicio":"SALUD","nivel":"2","propiedad":"PRIV","tipos_de_e":"Centros médicos","categoria":"Atención Ambulatoria","escala":"ZONAL","permanenci":"NO","estruc_eco":"NO","url1":null}},{"type":"Feature","id":"eqp_uco_salud.522","geometry":{"type":"MultiPolygon","coordinates":[[[[-76.54677888,3.41970214],[-76.54677205,3.41971817],[-76.54674,3.41970216],[-76.54672883,3.41969713],[-76.54672199,3.41969317],[-76.5466849,3.41967519],[-76.54669605,3.41965115],[-76.54676402,3.41951008],[-76.54677984,3.41947515],[-76.54686807,3.41951803],[-76.54685189,3.41955305],[-76.54679291,3.41967513],[-76.54677888,3.41970214]]]]},"geometry_name":"the_geom","properties":{"nombre":"TEQUENDAMA ODONTOLOGOS","localizaci":"KR 44 NO 5A 77","servicio":"SALUD","nivel":"2","propiedad":"PRIV","tipos_de_e":"Centros médicos","categoria":"Atención Ambulatoria","escala":"ZONAL","permanenci":"NO","estruc_eco":"NO","url1":null}},{"type":"Feature","id":"eqp_uco_salud.523","geometry":{"type":"MultiPolygon","coordinates":[[[[-76.54359713,3.42200014],[-76.54358922,3.42201715],[-76.54349811,3.42197319],[-76.54350602,3.42195618],[-76.54352004,3.4219262],[-76.54360384,3.42175307],[-76.54360995,3.42174209],[-76.5436211,3.42171913],[-76.54363189,3.42169608],[-76.54366898,3.42171505],[-76.54372192,3.42174005],[-76.54370394,3.42177705],[-76.54367409,3.42184007],[-76.54365107,3.42188805],[-76.54364892,3.42189309],[-76.54359893,3.42199609],[-76.54359713,3.42200014]]]]},"geometry_name":"the_geom","properties":{"nombre":"COSMITEC","localizaci":"KR 40 NO 5C 34","servicio":"SALUD","nivel":"2","propiedad":"PRIV","tipos_de_e":"Centros médicos","categoria":"Atención Ambulatoria","escala":"URBANA","permanenci":"SI","estruc_eco":"NO","url1":null}},{"type":"Feature","id":"eqp_uco_salud.524","geometry":{"type":"MultiPolygon","coordinates":[[[[-76.54400253,3.4220036],[-76.54397156,3.42198967],[-76.54386821,3.42194166],[-76.54384228,3.42192971],[-76.54378322,3.42190274],[-76.54375729,3.42188979],[-76.54377347,3.42185774],[-76.54379325,3.42181678],[-76.5438642,3.42185067],[-76.54387032,3.42185274],[-76.54388725,3.42186065],[-76.5440032,3.42191567],[-76.54403526,3.42193059],[-76.54400253,3.4220036]]]]},"geometry_name":"the_geom","properties":{"nombre":"VETERIANRIA MARAY","localizaci":"CL 5C NO 42 35","servicio":"SALUD","nivel":"2","propiedad":"PRIV","tipos_de_e":"Centros médicos","categoria":"Atención Ambulatoria","escala":"LOCAL","permanenci":"NO","estruc_eco":"NO","url1":null}},{"type":"Feature","id":"eqp_uco_salud.525","geometry":{"type":"MultiPolygon","coordinates":[[[[-76.54540597,3.42020592],[-76.54540309,3.42020385],[-76.54539013,3.42019791],[-76.54539013,3.42019692],[-76.54534907,3.42017795],[-76.54543503,3.4199979],[-76.54544402,3.41997683],[-76.54552504,3.42001585],[-76.54551497,3.42003782],[-76.54544017,3.42019483],[-76.5454301,3.42021688],[-76.54540597,3.42020592]]]]},"geometry_name":"the_geom","properties":{"nombre":"HEALTLY","localizaci":"KR 43 NO 5B 73","servicio":"SALUD","nivel":"2","propiedad":"PRIV","tipos_de_e":null,"categoria":"SIN DEFINIR","escala":"LOCAL","permanenci":"NO","estruc_eco":"NO","url1":null}},{"type":"Feature","id":"eqp_uco_salud.526","geometry":{"type":"MultiPolygon","coordinates":[[[[-76.54511769,3.42006456],[-76.54511553,3.42006357],[-76.54509141,3.42005152],[-76.54518347,3.41985247],[-76.54528358,3.41990048],[-76.54527567,3.41991849],[-76.54518756,3.42009854],[-76.54511769,3.42006456]]]]},"geometry_name":"the_geom","properties":{"nombre":"PROSDENT","localizaci":"KR 43 NO 5A 39","servicio":"SALUD","nivel":"2","propiedad":"PRIV","tipos_de_e":"Centros médicos","categoria":"Atención Ambulatoria","escala":"LOCAL","permanenci":"NO","estruc_eco":"NO","url1":null}},{"type":"Feature","id":"eqp_uco_salud.527","geometry":{"type":"MultiPolygon","coordinates":[[[[-76.54575593,3.42059424],[-76.54574478,3.42061827],[-76.54565799,3.4205753],[-76.54566986,3.42055126],[-76.54571481,3.42046024],[-76.54572488,3.42043926],[-76.54572668,3.42043521],[-76.54574574,3.42039623],[-76.54574682,3.42039425],[-76.54575581,3.42037624],[-76.54575581,3.42037525],[-76.54583864,3.42041418],[-76.54583792,3.42041517],[-76.54582281,3.42044614],[-76.54580987,3.42047522],[-76.54575593,3.42059424]]]]},"geometry_name":"the_geom","properties":{"nombre":"ORTHOLAB","localizaci":"KR 43A NO 5B 26","servicio":"SALUD","nivel":"2","propiedad":"PRIV","tipos_de_e":"Centros médicos","categoria":"Atención Ambulatoria","escala":"LOCAL","permanenci":"NO","estruc_eco":"NO","url1":null}},{"type":"Feature","id":"eqp_uco_salud.528","geometry":{"type":"MultiPolygon","coordinates":[[[[-76.54564058,3.42032069],[-76.54559664,3.42029875],[-76.54560671,3.42027778],[-76.54563261,3.42022574],[-76.5456826,3.42012167],[-76.54569446,3.42009673],[-76.54573768,3.42011768],[-76.54564058,3.42032069]]]]},"geometry_name":"the_geom","properties":{"nombre":"CENTRO FISIOTERAPEUTICO","localizaci":"KR 43 NO 5B 44","servicio":"SALUD","nivel":"2","propiedad":"PRIV","tipos_de_e":"Consultorios tematicos","categoria":"Atención Ambulatoria","escala":"LOCAL","permanenci":"NO","estruc_eco":"NO","url1":null}},{"type":"Feature","id":"eqp_uco_salud.529","geometry":{"type":"MultiPolygon","coordinates":[[[[-76.54620277,3.41967642],[-76.54611886,3.41963543],[-76.54613001,3.41961346],[-76.54613073,3.41961148],[-76.5461559,3.41956043],[-76.54616166,3.41954747],[-76.54616382,3.41954441],[-76.54617281,3.41952541],[-76.5462138,3.41944142],[-76.5462437,3.41945634],[-76.54625774,3.41946335],[-76.54626386,3.41946641],[-76.54629663,3.41948232],[-76.54625168,3.41957541],[-76.546247,3.41958541],[-76.54624269,3.41959342],[-76.54623873,3.41960035],[-76.54621392,3.41965437],[-76.54621284,3.41965545],[-76.54620277,3.41967642]]]]},"geometry_name":"the_geom","properties":{"nombre":"PLASTICOS CIRUJANO","localizaci":"KR 43A NO 5B 18","servicio":"SALUD","nivel":"2","propiedad":"PRIV","tipos_de_e":"Centros médicos","categoria":"Atención Ambulatoria","escala":"LOCAL","permanenci":"NO","estruc_eco":"NO","url1":null}},{"type":"Feature","id":"eqp_uco_salud.530","geometry":{"type":"MultiPolygon","coordinates":[[[[-76.54588031,3.41952007],[-76.54577839,3.41947116],[-76.54578738,3.41945315],[-76.54578846,3.41945018],[-76.54583629,3.41935313],[-76.54584421,3.41933711],[-76.54586507,3.41929407],[-76.54587406,3.41927409],[-76.54591115,3.41929306],[-76.54595833,3.41931607],[-76.54597417,3.41932408],[-76.54589218,3.41949711],[-76.54589038,3.41950008],[-76.54588031,3.41952007]]]]},"geometry_name":"the_geom","properties":{"nombre":"ORGANIZACION MENTE SANA","localizaci":"KR 43A NO 5A 60","servicio":"SALUD","nivel":"2","propiedad":"PRIV","tipos_de_e":null,"categoria":"Hospitales - Hospitalización","escala":"LOCAL","permanenci":"NO","estruc_eco":"NO","url1":null}},{"type":"Feature","id":"eqp_uco_salud.531","geometry":{"type":"MultiPolygon","coordinates":[[[[-76.5447211,3.42150231],[-76.54452303,3.4214044],[-76.54452195,3.42140341],[-76.54448486,3.42138543],[-76.54452981,3.4212864],[-76.54456906,3.42130636],[-76.54457194,3.42130735],[-76.54466486,3.42135428],[-76.54468106,3.42136327],[-76.54475417,3.42140022],[-76.54476785,3.42140724],[-76.54474987,3.42144424],[-76.54473405,3.42147629],[-76.5447211,3.42150231]]]]},"geometry_name":"the_geom","properties":{"nombre":"U.B.A COOMEVA","localizaci":"KR 42 NO 41 30","servicio":"SALUD","nivel":"1","propiedad":"PRIV","tipos_de_e":"Unidad Básica de Atención","categoria":"Atención Ambulatoria","escala":"LOCAL","permanenci":"NO","estruc_eco":"NO","url1":null}},{"type":"Feature","id":"eqp_uco_salud.532","geometry":{"type":"MultiPolygon","coordinates":[[[[-76.52697374,3.46378395],[-76.52696992,3.46379016],[-76.52690951,3.46375175],[-76.52686156,3.46372126],[-76.52682934,3.46370077],[-76.52676321,3.46365872],[-76.52672408,3.46363384],[-76.52676668,3.46356365],[-76.52676716,3.46356289],[-76.5267994,3.46358312],[-76.52691108,3.46365316],[-76.52693784,3.46366994],[-76.52701369,3.46371751],[-76.526995,3.4637494],[-76.52697374,3.46378395]]]]},"geometry_name":"the_geom","properties":{"nombre":"ODONTOPEGA","localizaci":"AV 4 No 23 _69","servicio":"SALUD","nivel":"2","propiedad":"PRIV","tipos_de_e":"Clínicas tematicas","categoria":"Atención Ambulatoria","escala":"LOCAL","permanenci":"NO","estruc_eco":"NO","url1":null}},{"type":"Feature","id":"eqp_uco_salud.533","geometry":{"type":"MultiPolygon","coordinates":[[[[-76.52864514,3.46366434],[-76.52862894,3.46365306],[-76.52860546,3.46363671],[-76.52857832,3.46361781],[-76.52850005,3.4635633],[-76.52846045,3.46353573],[-76.52849767,3.46347682],[-76.52852822,3.46349805],[-76.52853845,3.46350515],[-76.52866497,3.46359306],[-76.52871943,3.4636309],[-76.52873347,3.46364065],[-76.5287375,3.46364345],[-76.52869965,3.46370228],[-76.52864514,3.46366434]]]]},"geometry_name":"the_geom","properties":{"nombre":"CLINICA UROLOGICA SALUS","localizaci":"CL 23 NO 2 N _58","servicio":"SALUD","nivel":"2","propiedad":"PRIV","tipos_de_e":"Clínicas especializadas","categoria":"Hospitales - Hospitalización","escala":"LOCAL","permanenci":"NO","estruc_eco":"NO","url1":null}},{"type":"Feature","id":"eqp_uco_salud.534","geometry":{"type":"MultiPolygon","coordinates":[[[[-76.52485082,3.46336302],[-76.5248501,3.46335953],[-76.52484604,3.46334059],[-76.52481113,3.46317813],[-76.52480366,3.46314337],[-76.52489191,3.46312502],[-76.52489914,3.46315948],[-76.52489991,3.46316317],[-76.52491569,3.4632385],[-76.52491981,3.46325818],[-76.52493308,3.46332153],[-76.5249379,3.46334452],[-76.52491682,3.463349],[-76.52491599,3.46334917],[-76.52488938,3.46335483],[-76.52488774,3.46335518],[-76.52487609,3.46335766],[-76.52485082,3.46336302]]]]},"geometry_name":"the_geom","properties":{"nombre":"CENTRO NATURISTA EL ROBLE","localizaci":"AV 2 C N _CL 23 A N","servicio":"SALUD","nivel":"2","propiedad":"PRIV","tipos_de_e":"Centros médicos","categoria":"Atención Ambulatoria","escala":"LOCAL","permanenci":"NO","estruc_eco":"NO","url1":null}},{"type":"Feature","id":"eqp_uco_salud.535","geometry":{"type":"MultiPolygon","coordinates":[[[[-76.52385252,3.46314483],[-76.52376529,3.46316271],[-76.52376088,3.46314177],[-76.52375806,3.46312835],[-76.5237406,3.46304507],[-76.52373624,3.46302425],[-76.52372393,3.46296555],[-76.52376645,3.46295604],[-76.52378219,3.46295252],[-76.52378381,3.46295216],[-76.52381166,3.46294593],[-76.52381606,3.46296734],[-76.52384484,3.4631074],[-76.52385252,3.46314483]]]]},"geometry_name":"the_geom","properties":{"nombre":"CLINICA DENTAL","localizaci":"AV 2 C N _3 BIS","servicio":"SALUD","nivel":"2","propiedad":"PRIV","tipos_de_e":"Clínicas tematicas","categoria":"Atención Ambulatoria","escala":"LOCAL","permanenci":"NO","estruc_eco":"NO","url1":null}},{"type":"Feature","id":"eqp_uco_salud.536","geometry":{"type":"MultiPolygon","coordinates":[[[[-76.52771266,3.4631507],[-76.52768297,3.46312864],[-76.52743256,3.46295752],[-76.5274507,3.46292948],[-76.52746691,3.46290443],[-76.52747274,3.46289492],[-76.52747919,3.46288441],[-76.52761053,3.46297443],[-76.52765694,3.46300624],[-76.52771528,3.46304622],[-76.52773112,3.46305708],[-76.52775779,3.46307664],[-76.52771266,3.4631507]]]]},"geometry_name":"the_geom","properties":{"nombre":"ORTODONCIA CALI","localizaci":"AV 5 N No 22 N _ 62","servicio":"SALUD","nivel":"2","propiedad":"PRIV","tipos_de_e":"Clínicas tematicas","categoria":"Atención Ambulatoria","escala":"LOCAL","permanenci":"NO","estruc_eco":"NO","url1":null}},{"type":"Feature","id":"eqp_uco_salud.537","geometry":{"type":"MultiPolygon","coordinates":[[[[-76.52458787,3.46277755],[-76.52457322,3.4627035],[-76.52455814,3.46262726],[-76.52454696,3.46257074],[-76.52474228,3.46269523],[-76.52477538,3.46271704],[-76.52475891,3.46275133],[-76.52475047,3.4627689],[-76.52472322,3.46277028],[-76.52471646,3.46277063],[-76.52465854,3.46277356],[-76.52463214,3.4627749],[-76.52458892,3.46277708],[-76.52458787,3.46277755]]]]},"geometry_name":"the_geom","properties":{"nombre":"UNIMED RADIOLOGIA ESPECIALISTA (RADIOLOGIA ESPECIALISTA)","localizaci":"CL 23 A N NO 2 _30","servicio":"SALUD","nivel":"2","propiedad":"PRIV","tipos_de_e":"Centros médicos","categoria":"Atención Ambulatoria","escala":"LOCAL","permanenci":"NO","estruc_eco":"NO","url1":null}},{"type":"Feature","id":"eqp_uco_salud.538","geometry":{"type":"MultiPolygon","coordinates":[[[[-76.54693595,3.4192394],[-76.54685096,3.4191985],[-76.54686319,3.41917248],[-76.54693116,3.41903743],[-76.54694195,3.41901538],[-76.54699813,3.41904343],[-76.54702514,3.41905539],[-76.54702586,3.41905637],[-76.547005,3.41909941],[-76.54694925,3.41921446],[-76.54693595,3.4192394]]]]},"geometry_name":"the_geom","properties":{"nombre":"DENTISALUD","localizaci":"KR 44 NO 5A 36","servicio":"SALUD","nivel":"2","propiedad":"PRIV","tipos_de_e":"Centros médicos","categoria":"Atención Ambulatoria","escala":"LOCAL","permanenci":"NO","estruc_eco":"NO","url1":null}},{"type":"Feature","id":"eqp_uco_salud.539","geometry":{"type":"MultiPolygon","coordinates":[[[[-76.54635796,3.41892273],[-76.54634394,3.41895271],[-76.54625787,3.41891181],[-76.54627297,3.41888075],[-76.54628484,3.41885581],[-76.54629383,3.41883681],[-76.54633375,3.41875372],[-76.54634778,3.41872473],[-76.54637695,3.41873974],[-76.54643277,3.41876671],[-76.54642485,3.41878472],[-76.54642198,3.41879174],[-76.54637882,3.41887871],[-76.54637594,3.41888573],[-76.54635796,3.41892273]]]]},"geometry_name":"the_geom","properties":{"nombre":"ELITE DENTAL","localizaci":"KR 44 5B 34","servicio":"SALUD","nivel":"2","propiedad":"PRIV","tipos_de_e":"Centros médicos","categoria":"Atención Ambulatoria","escala":"LOCAL","permanenci":"NO","estruc_eco":"NO","url1":null}},{"type":"Feature","id":"eqp_uco_salud.540","geometry":{"type":"MultiPolygon","coordinates":[[[[-76.54601373,3.41875502],[-76.54599899,3.418785],[-76.54590284,3.41873906],[-76.54599274,3.41855099],[-76.54600787,3.41855801],[-76.5460338,3.41857095],[-76.54603992,3.41857392],[-76.5460907,3.41859891],[-76.54608171,3.4186189],[-76.54607883,3.41862394],[-76.54601373,3.41875502]]]]},"geometry_name":"the_geom","properties":{"nombre":"GRUPO ESPECIALIZADO","localizaci":"KR 44 NO 5B 74","servicio":"SALUD","nivel":"2","propiedad":"PRIV","tipos_de_e":"Centros médicos","categoria":"Atención Ambulatoria","escala":"LOCAL","permanenci":"NO","estruc_eco":"NO","url1":null}},{"type":"Feature","id":"eqp_uco_salud.541","geometry":{"type":"MultiPolygon","coordinates":[[[[-76.54497772,3.41829349],[-76.54489345,3.4182516],[-76.54491035,3.41821451],[-76.54497437,3.41807946],[-76.54498731,3.41805453],[-76.5450064,3.41806352],[-76.54504061,3.41808051],[-76.54507158,3.41809543],[-76.54506043,3.41811947],[-76.54505864,3.41812343],[-76.54501944,3.41820653],[-76.54497772,3.41829349]]]]},"geometry_name":"the_geom","properties":{"nombre":"DENTILASER","localizaci":"KR 44 NO 5C 72","servicio":"SALUD","nivel":"2","propiedad":"PRIV","tipos_de_e":"Centros médicos","categoria":"Atención Ambulatoria","escala":"LOCAL","permanenci":"NO","estruc_eco":"NO","url1":null}},{"type":"Feature","id":"eqp_uco_salud.542","geometry":{"type":"MultiPolygon","coordinates":[[[[-76.54473849,3.41813423],[-76.54472302,3.41816738],[-76.54463787,3.41812499],[-76.54466008,3.41807781],[-76.54467799,3.41804085],[-76.54471573,3.41796206],[-76.54472106,3.41795282],[-76.5447317,3.41793093],[-76.54475452,3.4179416],[-76.54478657,3.41795761],[-76.54481543,3.41797227],[-76.54474466,3.41812146],[-76.54473849,3.41813423]]]]},"geometry_name":"the_geom","properties":{"nombre":"MAEDICS","localizaci":"KR 44 NO 5C 102","servicio":"SALUD","nivel":"1","propiedad":"PRIV","tipos_de_e":"Centros médicos","categoria":"Atención Ambulatoria","escala":"LOCAL","permanenci":"NO","estruc_eco":"NO","url1":null}},{"type":"Feature","id":"eqp_uco_salud.543","geometry":{"type":"MultiPolygon","coordinates":[[[[-76.5444663,3.41803975],[-76.54438347,3.41799776],[-76.54440145,3.41796175],[-76.54445432,3.41785074],[-76.54446619,3.4178267],[-76.54447518,3.41780573],[-76.54453027,3.4178327],[-76.54456017,3.41784772],[-76.5445501,3.4178677],[-76.54450622,3.41795773],[-76.54448536,3.41800175],[-76.5444663,3.41803975]]]]},"geometry_name":"the_geom","properties":{"nombre":"ORTODONCIA Y ORTHOPEDIATRIA","localizaci":"KR 44 5C 132","servicio":"SALUD","nivel":"2","propiedad":"PRIV","tipos_de_e":"Centros médicos","categoria":"Atención Ambulatoria","escala":"LOCAL","permanenci":"NO","estruc_eco":"NO","url1":null}},{"type":"Feature","id":"eqp_uco_salud.544","geometry":{"type":"MultiPolygon","coordinates":[[[[-76.54718186,3.42016097],[-76.5471869,3.42014999],[-76.5471887,3.42014594],[-76.54722682,3.4200659],[-76.54724084,3.42003791],[-76.54727573,3.4199639],[-76.54734379,3.41999789],[-76.54735495,3.42000283],[-76.54737296,3.42001182],[-76.54729782,3.42021788],[-76.54718186,3.42016097]]]]},"geometry_name":"the_geom","properties":{"nombre":"UNIDAD ESPECIALIZADA DE OPTOMETRIA","localizaci":"CL 5A NO 43A 13","servicio":"SALUD","nivel":"2","propiedad":"PRIV","tipos_de_e":"Centros médicos","categoria":"Atención Ambulatoria","escala":"LOCAL","permanenci":"NO","estruc_eco":"NO","url1":null}},{"type":"Feature","id":"eqp_uco_salud.545","geometry":{"type":"MultiPolygon","coordinates":[[[[-76.54709876,3.41990006],[-76.54710775,3.41988205],[-76.54714485,3.41990003],[-76.54719382,3.41992395],[-76.54727593,3.41996395],[-76.54724105,3.42003796],[-76.54722702,3.42006596],[-76.5471889,3.42014599],[-76.5471871,3.42015004],[-76.54718207,3.42016103],[-76.54709996,3.42012003],[-76.54701497,3.42007813],[-76.54702288,3.42006013],[-76.54702684,3.42005211],[-76.54709876,3.41990006]]]]},"geometry_name":"the_geom","properties":{"nombre":"AFICENTER","localizaci":"KR 43A NO 5A 28","servicio":"SALUD","nivel":"2","propiedad":"PRIV","tipos_de_e":"Consultorios temáticos","categoria":"Atención Ambulatoria","escala":"LOCAL","permanenci":"NO","estruc_eco":"NO","url1":null}},{"type":"Feature","id":"eqp_uco_salud.546","geometry":{"type":"MultiPolygon","coordinates":[[[[-76.54719339,3.41970241],[-76.54720238,3.4196844],[-76.54723839,3.41970238],[-76.54728737,3.41972738],[-76.5472755,3.41975231],[-76.54726759,3.41976933],[-76.5471935,3.41992436],[-76.54714453,3.41990044],[-76.54710744,3.41988246],[-76.54711463,3.41986743],[-76.54713261,3.41982944],[-76.54718943,3.41971141],[-76.54719339,3.41970241]]]]},"geometry_name":"the_geom","properties":{"nombre":"EQUIDENT","localizaci":"KR 44 NO 5A 25","servicio":"SALUD","nivel":"2","propiedad":"PRIV","tipos_de_e":"Centros médicos","categoria":"Atención Ambulatoria","escala":"LOCAL","permanenci":"NO","estruc_eco":"NO","url1":null}},{"type":"Feature","id":"eqp_uco_salud.547","geometry":{"type":"MultiPolygon","coordinates":[[[[-76.54708911,3.42044635],[-76.54706426,3.4204344],[-76.54702825,3.42041641],[-76.54699224,3.42039843],[-76.54702029,3.42034243],[-76.54702928,3.42032443],[-76.54706704,3.42024943],[-76.54707711,3.42022837],[-76.54717327,3.42027737],[-76.54716428,3.42029537],[-76.5471632,3.42029834],[-76.54708911,3.42044635]]]]},"geometry_name":"the_geom","properties":{"nombre":"TECNOMEDICAS","localizaci":"KR 43 NO 5A 17","servicio":"SALUD","nivel":"2","propiedad":"PRIV","tipos_de_e":"Consultorios temáticos","categoria":"Atención Ambulatoria","escala":"LOCAL","permanenci":"NO","estruc_eco":"NO","url1":null}},{"type":"Feature","id":"eqp_uco_salud.548","geometry":{"type":"MultiPolygon","coordinates":[[[[-76.5442476,3.42056004],[-76.54423357,3.42059002],[-76.54412842,3.42053814],[-76.54414244,3.42050906],[-76.5441446,3.42050609],[-76.54423559,3.42031703],[-76.54424961,3.42028903],[-76.54428239,3.42030503],[-76.54429859,3.42031304],[-76.54431156,3.42031897],[-76.5443274,3.42032697],[-76.54434145,3.42033398],[-76.54435441,3.420341],[-76.54434146,3.420369],[-76.54433463,3.42038295],[-76.54433067,3.42038997],[-76.5442476,3.42056004]]]]},"geometry_name":"the_geom","properties":{"nombre":"MEDICOS FUNDACION PARA LA SEGURIDAD SOCIAL N1","localizaci":"KR 42 NO 5C 48","servicio":"SALUD","nivel":"2","propiedad":"PRIV","tipos_de_e":"Consultorios Médicos","categoria":"Atención Ambulatoria","escala":"ZONAL","permanenci":"NO","estruc_eco":"NO","url1":null}},{"type":"Feature","id":"eqp_uco_salud.549","geometry":{"type":"MultiPolygon","coordinates":[[[[-76.54412836,3.42053934],[-76.54403941,3.42049438],[-76.54405739,3.42046035],[-76.54405739,3.42045936],[-76.54411242,3.42034827],[-76.54411925,3.42033332],[-76.54413831,3.42029425],[-76.5441473,3.42027723],[-76.54416133,3.42024725],[-76.54421751,3.42027423],[-76.54424956,3.42029023],[-76.54423553,3.42031823],[-76.54414455,3.42050729],[-76.54414239,3.42051026],[-76.54412836,3.42053934]]]]},"geometry_name":"the_geom","properties":{"nombre":"BIOTECNICA COLOMBIANA","localizaci":"KR 42 NO 5C 58","servicio":"SALUD","nivel":"2","propiedad":"PRIV","tipos_de_e":"Centros médicos","categoria":"Atención Ambulatoria","escala":"LOCAL","permanenci":"NO","estruc_eco":"NO","url1":null}},{"type":"Feature","id":"eqp_uco_salud.550","geometry":{"type":"MultiPolygon","coordinates":[[[[-76.54251208,3.42184386],[-76.54247495,3.42176189],[-76.54257394,3.42171584],[-76.54270279,3.42165475],[-76.54274599,3.42163474],[-76.54278384,3.42171879],[-76.542741,3.42173879],[-76.5426251,3.42179187],[-76.54259703,3.42180583],[-76.54251208,3.42184386]]]]},"geometry_name":"the_geom","properties":{"nombre":"CENTRO ESPECIALIZADO DE LA COLUMNA","localizaci":"TR 5 NO 5E 05","servicio":"SALUD","nivel":"2","propiedad":"PRIV","tipos_de_e":"Centros médicos","categoria":"Atención Ambulatoria","escala":"LOCAL","permanenci":"NO","estruc_eco":"NO","url1":null}},{"type":"Feature","id":"eqp_uco_salud.551","geometry":{"type":"MultiPolygon","coordinates":[[[[-76.54243872,3.42168191],[-76.5424369,3.42164798],[-76.54243364,3.42161792],[-76.54243364,3.42161594],[-76.54243362,3.42158497],[-76.54243362,3.42157894],[-76.54248257,3.42155588],[-76.54249661,3.42154993],[-76.54262763,3.42148982],[-76.54267154,3.42146982],[-76.54270759,3.4215508],[-76.54266476,3.4215718],[-76.54243872,3.42168191]]]]},"geometry_name":"the_geom","properties":{"nombre":"GRUPO ESPECIALISTA DE ODONTOLOGOS","localizaci":"TR 5 NO 5E 09","servicio":"SALUD","nivel":"2","propiedad":"PRIV","tipos_de_e":"Centros médicos","categoria":"Atención Ambulatoria","escala":"LOCAL","permanenci":"NO","estruc_eco":"NO","url1":null}},{"type":"Feature","id":"eqp_uco_salud.552","geometry":{"type":"MultiPolygon","coordinates":[[[[-76.54516979,3.42244905],[-76.54516583,3.42244708],[-76.54507292,3.42240212],[-76.54508586,3.42237403],[-76.5450927,3.42235711],[-76.54512398,3.42228806],[-76.54512973,3.42227402],[-76.54514196,3.42224701],[-76.54515275,3.42222306],[-76.54515563,3.42221703],[-76.54516462,3.42219704],[-76.54518979,3.42214204],[-76.54519878,3.42211998],[-76.5452989,3.42217294],[-76.54528092,3.42222299],[-76.54526474,3.422268],[-76.5452367,3.42233903],[-76.54518996,3.42245804],[-76.54516979,3.42244905]]]]},"geometry_name":"the_geom","properties":{"nombre":"DENTALCORE","localizaci":"CL 5B NO 40 55","servicio":"SALUD","nivel":"2","propiedad":"PRIV","tipos_de_e":"Centros médicos","categoria":"Atención Ambulatoria","escala":"LOCAL","permanenci":"NO","estruc_eco":"NO","url1":null}},{"type":"Feature","id":"eqp_uco_salud.553","geometry":{"type":"MultiPolygon","coordinates":[[[[-76.54477639,3.41930948],[-76.54476847,3.41930652],[-76.54475334,3.41929851],[-76.54471049,3.41927747],[-76.54472631,3.41924353],[-76.54478349,3.41912443],[-76.54479248,3.41910642],[-76.54488936,3.41915443],[-76.54488144,3.41917145],[-76.54483829,3.41926039],[-76.54482462,3.41928947],[-76.54481959,3.41930046],[-76.54480736,3.4193245],[-76.54477639,3.41930948]]]]},"geometry_name":"the_geom","properties":{"nombre":"CENTRO PLASTICA","localizaci":"KR 43 NO 5C 45","servicio":"SALUD","nivel":"2","propiedad":"PRIV","tipos_de_e":"Centros médicos","categoria":"Atención Ambulatoria","escala":"LOCAL","permanenci":"NO","estruc_eco":"NO","url1":null}},{"type":"Feature","id":"eqp_uco_salud.554","geometry":{"type":"MultiPolygon","coordinates":[[[[-76.54433971,3.41930134],[-76.54424392,3.41925441],[-76.54425183,3.41923641],[-76.54425471,3.41923037],[-76.54432268,3.41908831],[-76.54436085,3.41910629],[-76.54441991,3.41913533],[-76.54438467,3.41920933],[-76.5443487,3.41928235],[-76.5443469,3.41928631],[-76.54433971,3.41930134]]]]},"geometry_name":"the_geom","properties":{"nombre":"MEDINTEGRAL DE OCCIDENTE","localizaci":"KR 43 NO 5C 92","servicio":"SALUD","nivel":"2","propiedad":"PRIV","tipos_de_e":"Consultorios Médicos","categoria":"Atención Ambulatoria","escala":"LOCAL","permanenci":"NO","estruc_eco":"NO","url1":null}},{"type":"Feature","id":"eqp_uco_salud.555","geometry":{"type":"MultiPolygon","coordinates":[[[[-76.54482078,3.41966409],[-76.544899,3.4197025],[-76.54480808,3.41990814],[-76.54472439,3.41986951],[-76.54482078,3.41966409]]]]},"geometry_name":"the_geom","properties":{"nombre":"PEDIMEC","localizaci":"KR 43 NO 5C 17","servicio":"SALUD","nivel":"2","propiedad":"PRIV","tipos_de_e":"Centros médicos","categoria":"Atención Ambulatoria","escala":"LOCAL","permanenci":"NO","estruc_eco":"NO","url1":null}},{"type":"Feature","id":"eqp_uco_salud.556","geometry":{"type":"MultiPolygon","coordinates":[[[[-76.54473955,3.4196242],[-76.54482078,3.41966409],[-76.54472439,3.41986951],[-76.54466425,3.41984056],[-76.54464244,3.41982951],[-76.54473955,3.4196242]]]]},"geometry_name":"the_geom","properties":{"nombre":"MYRIAN MICOLTA ESTETICA","localizaci":"KR 43 N0 5C  27","servicio":"SALUD","nivel":"2","propiedad":"PRIV","tipos_de_e":"Centros médicos","categoria":"Atención Ambulatoria","escala":"LOCAL","permanenci":"NO","estruc_eco":"NO","url1":null}},{"type":"Feature","id":"eqp_uco_salud.557","geometry":{"type":"MultiPolygon","coordinates":[[[[-76.54465869,3.41958449],[-76.54473955,3.4196242],[-76.54464244,3.41982951],[-76.54457987,3.4197978],[-76.54455912,3.41978709],[-76.54465869,3.41958449]]]]},"geometry_name":"the_geom","properties":{"nombre":"ORLANDO PRIETO","localizaci":"KR 43 NO 5C 37","servicio":"SALUD","nivel":"2","propiedad":"PRIV","tipos_de_e":"Centros médicos","categoria":"Atención Ambulatoria","escala":"LOCAL","permanenci":"NO","estruc_eco":"NO","url1":null}},{"type":"Feature","id":"eqp_uco_salud.558","geometry":{"type":"MultiPolygon","coordinates":[[[[-76.54409033,3.41977807],[-76.54407847,3.4198021],[-76.54399816,3.41976309],[-76.54400643,3.41974715],[-76.5440111,3.41973716],[-76.54402837,3.41970115],[-76.54406829,3.41962012],[-76.54409706,3.41956106],[-76.54414027,3.41958102],[-76.54415504,3.41958902],[-76.54415612,3.41958902],[-76.54417809,3.41959999],[-76.54417017,3.41961602],[-76.5441281,3.41970109],[-76.54409033,3.41977807]]]]},"geometry_name":"the_geom","properties":{"nombre":"SONRISA PERFECTA","localizaci":"KR 42A NO 5C 96","servicio":"SALUD","nivel":"2","propiedad":"PRIV","tipos_de_e":"Centros médicos","categoria":"Atención Ambulatoria","escala":"LOCAL","permanenci":"NO","estruc_eco":"NO","url1":null}},{"type":"Feature","id":"eqp_uco_salud.559","geometry":{"type":"MultiPolygon","coordinates":[[[[-76.54399816,3.41976309],[-76.54391713,3.41972416],[-76.54392828,3.4197012],[-76.54400632,3.41954212],[-76.54401711,3.41952114],[-76.54407329,3.4195491],[-76.54409706,3.41956106],[-76.54406829,3.41962012],[-76.54402837,3.41970115],[-76.5440111,3.41973716],[-76.54400643,3.41974715],[-76.54399816,3.41976309]]]]},"geometry_name":"the_geom","properties":{"nombre":"MEDICINA DIAGNOSTICA","localizaci":"KR 42A NO 5C 106","servicio":"SALUD","nivel":"2","propiedad":"PRIV","tipos_de_e":"Centros médicos","categoria":"Atención Ambulatoria","escala":"LOCAL","permanenci":"NO","estruc_eco":"NO","url1":null}},{"type":"Feature","id":"eqp_uco_salud.560","geometry":{"type":"MultiPolygon","coordinates":[[[[-76.54612775,3.41939893],[-76.54620363,3.41923886],[-76.54621981,3.41920483],[-76.54630768,3.4192488],[-76.54629186,3.41927986],[-76.54628862,3.4192858],[-76.54624762,3.41937087],[-76.54623863,3.41938987],[-76.54621382,3.41944191],[-76.54612775,3.41939893]]]]},"geometry_name":"the_geom","properties":{"nombre":"PROVIDA","localizaci":"KR 44 NO 5B 27","servicio":"SALUD","nivel":"2","propiedad":"PRIV","tipos_de_e":"Centros médicos","categoria":"Atención Ambulatoria","escala":"LOCAL","permanenci":"NO","estruc_eco":"NO","url1":null}},{"type":"Feature","id":"eqp_uco_salud.561","geometry":{"type":"MultiPolygon","coordinates":[[[[-76.54552362,3.41934579],[-76.54542062,3.41929688],[-76.5455116,3.41909477],[-76.54554581,3.41911176],[-76.5455487,3.41911275],[-76.54559371,3.41913577],[-76.54561856,3.41914772],[-76.54560885,3.4191687],[-76.54553692,3.41931878],[-76.54552362,3.41934579]]]]},"geometry_name":"the_geom","properties":{"nombre":"RADIOLOGIA ESPECIALIZADA","localizaci":"CL 5C NO 43A 16","servicio":"SALUD","nivel":"2","propiedad":"PRIV","tipos_de_e":"Centros médicos","categoria":"Atención Ambulatoria","escala":"LOCAL","permanenci":"NO","estruc_eco":"NO","url1":null}},{"type":"Feature","id":"eqp_uco_salud.562","geometry":{"type":"MultiPolygon","coordinates":[[[[-76.54591106,3.41929253],[-76.54587397,3.41927356],[-76.54588727,3.41924754],[-76.54589519,3.41923152],[-76.54590094,3.41921954],[-76.54595489,3.41910953],[-76.54596891,3.41908054],[-76.54604994,3.41912046],[-76.54603591,3.41915044],[-76.54598521,3.41925955],[-76.54595824,3.41931555],[-76.54591106,3.41929253]]]]},"geometry_name":"the_geom","properties":{"nombre":"VIHONCO IPS","localizaci":"KR 44 NO 5B 57","servicio":"SALUD","nivel":"2","propiedad":"PRIV","tipos_de_e":"Centros de atención IPS y EPS","categoria":"Atención Ambulatoria","escala":"LOCAL","permanenci":"NO","estruc_eco":"NO","url1":null}},{"type":"Feature","id":"eqp_uco_salud.563","geometry":{"type":"MultiPolygon","coordinates":[[[[-76.54637192,3.41951977],[-76.5463658,3.4195168],[-76.54635679,3.41951186],[-76.54638663,3.41943084],[-76.54641683,3.41934982],[-76.54637182,3.41932779],[-76.54637685,3.41931681],[-76.54637865,3.41931383],[-76.54639088,3.4192898],[-76.54646974,3.41932873],[-76.54638776,3.41952777],[-76.54637192,3.41951977]]]]},"geometry_name":"the_geom","properties":{"nombre":"SALUD ORAL INTEGRAL","localizaci":"KR 44  CL 5B ESQUINA","servicio":"SALUD","nivel":"2","propiedad":"PRIV","tipos_de_e":"Centros médicos","categoria":"Atención Ambulatoria","escala":"LOCAL","permanenci":"NO","estruc_eco":"NO","url1":null}},{"type":"Feature","id":"eqp_uco_salud.564","geometry":{"type":"MultiPolygon","coordinates":[[[[-76.54695722,3.42117553],[-76.54695218,3.4211866],[-76.54694823,3.4211956],[-76.54694607,3.42119858],[-76.54693815,3.42120056],[-76.54686036,3.42116163],[-76.54686935,3.42114461],[-76.54687331,3.4211366],[-76.54692726,3.42103055],[-76.54695819,3.42096753],[-76.54699204,3.42098353],[-76.54699924,3.42098649],[-76.54702013,3.42099656],[-76.54695722,3.42117553]]]]},"geometry_name":"the_geom","properties":{"nombre":"UNIDAD BASICA DE ATENCION","localizaci":"CL 5A NO 42A 11","servicio":"SALUD","nivel":"1","propiedad":"PRIV","tipos_de_e":"Unidad Básica de Atención","categoria":"Atención Ambulatoria","escala":"LOCAL","permanenci":"NO","estruc_eco":"NO","url1":null}},{"type":"Feature","id":"eqp_uco_salud.565","geometry":{"type":"MultiPolygon","coordinates":[[[[-76.54686888,3.42114557],[-76.54685988,3.42116259],[-76.54677778,3.42112258],[-76.54678677,3.42110358],[-76.54679072,3.42109665],[-76.54684071,3.4209906],[-76.5468515,3.42096656],[-76.54687056,3.42092659],[-76.54690045,3.42094052],[-76.54690153,3.42094151],[-76.54695159,3.42096552],[-76.54695771,3.42096848],[-76.54692678,3.4210315],[-76.54687283,3.42113756],[-76.54686888,3.42114557]]]]},"geometry_name":"the_geom","properties":{"nombre":"SANAME MEDICINA BIOLOGICA","localizaci":"KR 42A NO 5A 16","servicio":"SALUD","nivel":"2","propiedad":"PRIV","tipos_de_e":"Centros médicos","categoria":"Atención Ambulatoria","escala":"LOCAL","permanenci":"NO","estruc_eco":"NO","url1":null}},{"type":"Feature","id":"eqp_uco_salud.566","geometry":{"type":"MultiPolygon","coordinates":[[[[-76.54705406,3.42197191],[-76.54696402,3.42192795],[-76.54695682,3.42192399],[-76.54696689,3.42189699],[-76.54696905,3.42189095],[-76.54696977,3.42188897],[-76.54702082,3.42176294],[-76.54703592,3.42172495],[-76.54703988,3.42171388],[-76.54705786,3.42167093],[-76.54710863,3.42169485],[-76.54715185,3.42171589],[-76.54715077,3.42171886],[-76.54710979,3.42183391],[-76.54710584,3.42184984],[-76.54710296,3.42185686],[-76.54706808,3.42193887],[-76.54706484,3.4219459],[-76.54705406,3.42197191]]]]},"geometry_name":"the_geom","properties":{"nombre":"SONRIA","localizaci":"CL 5A No 42 12","servicio":"SALUD","nivel":"2","propiedad":"PRIV","tipos_de_e":"Clínicas tematicas","categoria":"Atención Ambulatoria","escala":"LOCAL","permanenci":"NO","estruc_eco":"NO","url1":null}},{"type":"Feature","id":"eqp_uco_salud.567","geometry":{"type":"MultiPolygon","coordinates":[[[[-76.54696689,3.42189699],[-76.54695682,3.42192399],[-76.54684194,3.42187005],[-76.54693181,3.42160998],[-76.54694982,3.42161897],[-76.54695558,3.42162194],[-76.54696963,3.42162796],[-76.54705786,3.42167093],[-76.54703988,3.42171388],[-76.54703592,3.42172495],[-76.54702082,3.42176294],[-76.54696977,3.42188897],[-76.54696905,3.42189095],[-76.54696689,3.42189699]]]]},"geometry_name":"the_geom","properties":{"nombre":"SERVICIO INTEGRAL DE TERAPIA RENAL","localizaci":"CL 5A NO 42 10","servicio":"SALUD","nivel":"2","propiedad":"PRIV","tipos_de_e":"Consultorios tematicos","categoria":"Atención Ambulatoria","escala":"LOCAL","permanenci":"NO","estruc_eco":"NO","url1":null}},{"type":"Feature","id":"eqp_uco_salud.568","geometry":{"type":"MultiPolygon","coordinates":[[[[-76.54721651,3.42153474],[-76.54713657,3.42149581],[-76.54711748,3.42148682],[-76.54702961,3.42144484],[-76.54701557,3.42143792],[-76.54699576,3.42142893],[-76.54703063,3.42133485],[-76.54705548,3.4213469],[-76.54705944,3.42134888],[-76.54725067,3.42144175],[-76.54723557,3.42148478],[-76.54722371,3.42151782],[-76.54721651,3.42153474]]]]},"geometry_name":"the_geom","properties":{"nombre":"ROSTRO Y FIGURA","localizaci":"CL 5A NO 42 56","servicio":"SALUD","nivel":"2","propiedad":"PRIV","tipos_de_e":"Centros médicos","categoria":"Atención Ambulatoria","escala":"ZONAL","permanenci":"NO","estruc_eco":"NO","url1":null}},{"type":"Feature","id":"eqp_uco_salud.569","geometry":{"type":"MultiPolygon","coordinates":[[[[-76.54705944,3.42134888],[-76.54705548,3.4213469],[-76.54703063,3.42133485],[-76.54706443,3.42124186],[-76.54709144,3.42125579],[-76.54709864,3.42125885],[-76.54718651,3.42130183],[-76.5472074,3.42131181],[-76.54728446,3.42134876],[-76.54725067,3.42144175],[-76.54705944,3.42134888]]]]},"geometry_name":"the_geom","properties":{"nombre":"CENTRO DE TERAPIAS TEQUENDAMA","localizaci":"CL 5A NO 42 68","servicio":"SALUD","nivel":"2","propiedad":"PRIV","tipos_de_e":"Consultorios temáticos","categoria":"Atención Ambulatoria","escala":"LOCAL","permanenci":"NO","estruc_eco":"NO","url1":null}},{"type":"Feature","id":"eqp_uco_salud.570","geometry":{"type":"MultiPolygon","coordinates":[[[[-76.5474086,3.42091252],[-76.5474547,3.42093553],[-76.54742342,3.4210125],[-76.54740865,3.42100558],[-76.54738957,3.42099659],[-76.54735572,3.4209796],[-76.54720338,3.42090669],[-76.54718934,3.42089967],[-76.54721738,3.4208236],[-76.54723359,3.42082963],[-76.54723539,3.42083062],[-76.5474086,3.42091252]]]]},"geometry_name":"the_geom","properties":{"nombre":"CLINICA DALI","localizaci":"CL 5A NO 43A 54","servicio":"SALUD","nivel":"2","propiedad":"PRIV","tipos_de_e":"Clínicas tematicas","categoria":"Atención Ambulatoria","escala":"ZONAL","permanenci":"NO","estruc_eco":"NO","url1":null}},{"type":"Feature","id":"eqp_uco_salud.571","geometry":{"type":"MultiPolygon","coordinates":[[[[-76.54522468,3.41974458],[-76.5452432,3.41970252],[-76.54530172,3.41956966],[-76.54541454,3.41962471],[-76.54533088,3.41979651],[-76.5453301,3.41979613],[-76.54522468,3.41974458]]]]},"geometry_name":"the_geom","properties":{"nombre":"CLINICA INTERPLASTICA","localizaci":"CL 5C NO 43 10","servicio":"SALUD","nivel":"2","propiedad":"PRIV","tipos_de_e":"Clínicas tematicas","categoria":"Atención Ambulatoria","escala":"ZONAL","permanenci":"NO","estruc_eco":"NO","url1":null}},{"type":"Feature","id":"eqp_uco_salud.572","geometry":{"type":"MultiPolygon","coordinates":[[[[-76.54627181,3.42155862],[-76.54625779,3.42158761],[-76.54615983,3.42154068],[-76.5461789,3.42150268],[-76.54621881,3.42141662],[-76.54622673,3.42140059],[-76.54624363,3.42136458],[-76.54626592,3.42131858],[-76.54627887,3.42129157],[-76.54629292,3.42129858],[-76.54632389,3.4213136],[-76.54634765,3.42132555],[-76.54637286,3.42133751],[-76.54637791,3.42134057],[-76.54636568,3.42136551],[-76.54631677,3.42146661],[-76.54630202,3.42149758],[-76.54627397,3.42155358],[-76.54627181,3.42155862]]]]},"geometry_name":"the_geom","properties":{"nombre":"CLINICA OFTAMOLOGICA DEL VALLE","localizaci":"KR 42 No 5A 56","servicio":"SALUD","nivel":"2","propiedad":"PRIV","tipos_de_e":"Clínicas tematicas","categoria":"Atención Ambulatoria","escala":"REGIONAL","permanenci":"SI","estruc_eco":"NO","url1":null}},{"type":"Feature","id":"eqp_uco_salud.573","geometry":{"type":"MultiPolygon","coordinates":[[[[-76.54589801,3.42136998],[-76.54588002,3.42140501],[-76.54581016,3.42137102],[-76.54579899,3.42136104],[-76.54579323,3.42134808],[-76.54579322,3.42133404],[-76.54579825,3.42132108],[-76.54585291,3.42118901],[-76.54587703,3.42120097],[-76.54593393,3.42122794],[-76.54596094,3.42124097],[-76.54594512,3.42127293],[-76.54594404,3.42127393],[-76.54593613,3.42129193],[-76.54589801,3.42136998]]]]},"geometry_name":"the_geom","properties":{"nombre":"SOCIEDAD MEDICA DEL PACIFICO","localizaci":"CL 5C NO 42 16","servicio":"SALUD","nivel":"2","propiedad":"PRIV","tipos_de_e":"Consultorios Médicos","categoria":"Atención Ambulatoria","escala":"LOCAL","permanenci":"NO","estruc_eco":"NO","url1":null}},{"type":"Feature","id":"eqp_uco_salud.574","geometry":{"type":"MultiPolygon","coordinates":[[[[-76.54607294,3.42129492],[-76.54602793,3.42127388],[-76.54600524,3.42126192],[-76.54596094,3.42124097],[-76.54593393,3.42122794],[-76.54587703,3.42120097],[-76.54585291,3.42118901],[-76.54588994,3.42109799],[-76.54591299,3.42110896],[-76.54591407,3.42110995],[-76.54594612,3.42112596],[-76.54596989,3.42113692],[-76.54597817,3.42114097],[-76.54604696,3.42117486],[-76.54607108,3.4211879],[-76.5461089,3.42120588],[-76.54613194,3.42121784],[-76.54613411,3.42121883],[-76.54612296,3.4212399],[-76.54612116,3.42124485],[-76.54609203,3.4213049],[-76.54607294,3.42129492]]]]},"geometry_name":"the_geom","properties":{"nombre":"SALUDCOOP","localizaci":"CL 5B NO 42 40","servicio":"SALUD","nivel":"2","propiedad":"PRIV","tipos_de_e":"Centros de atención IPS y EPS","categoria":"Atención Ambulatoria","escala":"URBANA","permanenci":"SI","estruc_eco":"NO","url1":null}},{"type":"Feature","id":"eqp_uco_salud.575","geometry":{"type":"MultiPolygon","coordinates":[[[[-76.54688948,3.42134047],[-76.54681332,3.42154754],[-76.54673753,3.4217567],[-76.54671817,3.42180935],[-76.54659825,3.42175136],[-76.54651938,3.42171342],[-76.54653629,3.42167741],[-76.54663698,3.42146737],[-76.54665607,3.42147636],[-76.54673302,3.42130729],[-76.54673986,3.42129028],[-76.54674201,3.42128533],[-76.54674885,3.42127029],[-76.54688948,3.42134047]]]]},"geometry_name":"the_geom","properties":{"nombre":"CLINICA COMFANDI TEQUENDAMA","localizaci":"CL 5A NO 42 15","servicio":"SALUD","nivel":"2","propiedad":"PRIV","tipos_de_e":"Centros de atención IPS y EPS","categoria":"Atención Ambulatoria","escala":"URBANA","permanenci":"SI","estruc_eco":"NO","url1":null}},{"type":"Feature","id":"eqp_uco_salud.576","geometry":{"type":"MultiPolygon","coordinates":[[[[-76.54740767,3.42052895],[-76.54736373,3.42050692],[-76.54733456,3.42049299],[-76.54736656,3.4204089],[-76.54739537,3.42042392],[-76.54740762,3.42042994],[-76.54750449,3.42047885],[-76.54753366,3.42049288],[-76.54753366,3.42049387],[-76.54757868,3.4205168],[-76.5475625,3.42056082],[-76.54754848,3.42060088],[-76.54750274,3.42057786],[-76.54750058,3.42057687],[-76.54740767,3.42052895]]]]},"geometry_name":"the_geom","properties":{"nombre":"GRUPO ODONTOLOGICO TEQUENDAMA","localizaci":"CL 5A NO 43 34","servicio":"SALUD","nivel":"2","propiedad":"PRIV","tipos_de_e":"Centros médicos","categoria":"Atención Ambulatoria","escala":"LOCAL","permanenci":"NO","estruc_eco":"NO","url1":null}},{"type":"Feature","id":"eqp_uco_salud.577","geometry":{"type":"MultiPolygon","coordinates":[[[[-76.54521139,3.41894287],[-76.54518546,3.41893091],[-76.54518222,3.41892893],[-76.54515845,3.41891688],[-76.54512532,3.41890097],[-76.54515841,3.41883192],[-76.5451692,3.41880995],[-76.54519905,3.41874585],[-76.54521523,3.41871389],[-76.54530238,3.4187548],[-76.54529914,3.41876083],[-76.5452862,3.41878883],[-76.54526642,3.41882988],[-76.54521139,3.41894287]]]]},"geometry_name":"the_geom","properties":{"nombre":"ORTHOPACIFICO","localizaci":"KR 44 NO 5C 21","servicio":"SALUD","nivel":"2","propiedad":"PRIV","tipos_de_e":"Centros médicos","categoria":"Atención Ambulatoria","escala":"LOCAL","permanenci":"NO","estruc_eco":"NO","url1":null}},{"type":"Feature","id":"eqp_uco_salud.578","geometry":{"type":"MultiPolygon","coordinates":[[[[-76.54435697,3.4187479],[-76.54435033,3.4187632],[-76.54424517,3.41871105],[-76.54433364,3.41851578],[-76.54444256,3.41856884],[-76.54435697,3.4187479]]]]},"geometry_name":"the_geom","properties":{"nombre":"CLINICA SANITAS","localizaci":"CL 5E  KR 44 Y 43A","servicio":"SALUD","nivel":"2","propiedad":"PRIV","tipos_de_e":"Centros de atención IPS y EPS","categoria":"Atención Ambulatoria","escala":"URBANA","permanenci":"NO","estruc_eco":"NO","url1":null}},{"type":"Feature","id":"eqp_uco_salud.579","geometry":{"type":"MultiPolygon","coordinates":[[[[-76.54444256,3.41856884],[-76.54433364,3.41851578],[-76.54441711,3.41833155],[-76.54453072,3.41838605],[-76.54449068,3.41847127],[-76.54444256,3.41856884]]]]},"geometry_name":"the_geom","properties":{"nombre":"CLINICENTRO TEQUENDAMA","localizaci":"KR 44 NO 5C 125","servicio":"SALUD","nivel":"2","propiedad":"PRIV","tipos_de_e":"Clínicas NIVEL II","categoria":"Hospitales - Hospitalización","escala":"URBANA","permanenci":"NO","estruc_eco":"NO","url1":null}},{"type":"Feature","id":"eqp_uco_salud.580","geometry":{"type":"MultiPolygon","coordinates":[[[[-76.54455882,3.4204414],[-76.54454189,3.42043241],[-76.54453793,3.42043043],[-76.54452785,3.4204254],[-76.54449075,3.42040741],[-76.54457167,3.4202324],[-76.54457562,3.42022538],[-76.54458857,3.42019639],[-76.54467176,3.42023433],[-76.54465773,3.42026431],[-76.54465485,3.42027133],[-76.54463364,3.42031733],[-76.54462177,3.42034137],[-76.54459372,3.42040232],[-76.54457286,3.42044841],[-76.54455882,3.4204414]]]]},"geometry_name":"the_geom","properties":{"nombre":"I.P.S. MEDICINA EXTERNA","localizaci":"KR 42A NO 5C 15","servicio":"SALUD","nivel":"2","propiedad":"PRIV","tipos_de_e":"Centros de atención IPS y EPS","categoria":"Atención Ambulatoria","escala":"LOCAL","permanenci":"NO","estruc_eco":"NO","url1":null}},{"type":"Feature","id":"eqp_uco_salud.581","geometry":{"type":"MultiPolygon","coordinates":[[[[-76.54368324,3.4203166],[-76.54356743,3.42025907],[-76.54367818,3.42001026],[-76.543803,3.42007154],[-76.54368324,3.4203166]]]]},"geometry_name":"the_geom","properties":{"nombre":"CAFESALUD","localizaci":"CL 5E NO 42 10","servicio":"SALUD","nivel":"2","propiedad":"PRIV","tipos_de_e":"Centros de atención IPS y EPS","categoria":"Atención Ambulatoria","escala":"URBANA","permanenci":"NO","estruc_eco":"NO","url1":null}},{"type":"Feature","id":"eqp_uco_salud.582","geometry":{"type":"MultiPolygon","coordinates":[[[[-76.54421721,3.42027403],[-76.54416103,3.42024706],[-76.54424807,3.42007105],[-76.54426102,3.42004602],[-76.54429703,3.42006301],[-76.54434708,3.42008594],[-76.54433414,3.42011295],[-76.54426617,3.42025402],[-76.54424927,3.42029003],[-76.54421721,3.42027403]]]]},"geometry_name":"the_geom","properties":{"nombre":"CICDEM","localizaci":"KR 42A NO 5C 55","servicio":"SALUD","nivel":"1","propiedad":"PRIV","tipos_de_e":"Centros médicos","categoria":"Atención Ambulatoria","escala":"LOCAL","permanenci":"NO","estruc_eco":"NO","url1":null}},{"type":"Feature","id":"eqp_uco_salud.583","geometry":{"type":"MultiPolygon","coordinates":[[[[-76.543803,3.42007154],[-76.54375813,3.42004952],[-76.54378623,3.41999028],[-76.54384737,3.41986523],[-76.54385636,3.41984723],[-76.54394027,3.41988813],[-76.5439302,3.41990614],[-76.54392732,3.41991316],[-76.5438705,3.42003119],[-76.54384137,3.42008926],[-76.543803,3.42007154]]]]},"geometry_name":"the_geom","properties":{"nombre":"INTERCORPUS","localizaci":"KR 42A NO 5C 107","servicio":"SALUD","nivel":"2","propiedad":"PRIV","tipos_de_e":"Centros médicos","categoria":"Atención Ambulatoria","escala":"LOCAL","permanenci":"NO","estruc_eco":"NO","url1":null}},{"type":"Feature","id":"eqp_uco_salud.584","geometry":{"type":"MultiPolygon","coordinates":[[[[-76.54350793,3.41927536],[-76.5435564,3.41916335],[-76.543834,3.41930464],[-76.54378858,3.41940971],[-76.54350793,3.41927536]]]]},"geometry_name":"the_geom","properties":{"nombre":"EPS SANITAS","localizaci":"CL 5E N0 42A 35","servicio":"SALUD","nivel":"2","propiedad":"PRIV","tipos_de_e":"Centros de atención IPS y EPS","categoria":"Atención Ambulatoria","escala":"URBANA","permanenci":"NO","estruc_eco":"NO","url1":null}},{"type":"Feature","id":"eqp_uco_salud.585","geometry":{"type":"MultiPolygon","coordinates":[[[[-76.543834,3.41930464],[-76.5435564,3.41916335],[-76.54360668,3.41904899],[-76.54388597,3.41918442],[-76.543834,3.41930464]]]]},"geometry_name":"the_geom","properties":{"nombre":"CLINICA BASILIA","localizaci":"CL 5E No 42A 53","servicio":"SALUD","nivel":"2","propiedad":"PRIV","tipos_de_e":"Clínicas especializadas","categoria":"Hospitales - Hospitalización","escala":"URBANA","permanenci":"SI","estruc_eco":"NO","url1":null}},{"type":"Feature","id":"eqp_uco_salud.586","geometry":{"type":"MultiPolygon","coordinates":[[[[-76.54299331,3.41967869],[-76.54332693,3.41983864],[-76.54328215,3.41994859],[-76.54317427,3.41990266],[-76.54294394,3.41979339],[-76.54299331,3.41967869]]]]},"geometry_name":"the_geom","properties":{"nombre":"CLINICA DE FRACTURAS","localizaci":"AV ROOSEVELT  NO 42 38","servicio":"SALUD","nivel":"2","propiedad":"PRIV","tipos_de_e":"Clínicas tematicas","categoria":"Atención Ambulatoria","escala":"URBANA","permanenci":"SI","estruc_eco":"NO","url1":null}},{"type":"Feature","id":"eqp_uco_salud.587","geometry":{"type":"MultiPolygon","coordinates":[[[[-76.54343272,3.41988937],[-76.54355574,3.41994835],[-76.54351005,3.42005402],[-76.54345285,3.42018635],[-76.54332736,3.4201287],[-76.54343272,3.41988937]]]]},"geometry_name":"the_geom","properties":{"nombre":"COMFANDI TEQUENDAMA","localizaci":"KR 42  CL 5E ESQUINA","servicio":"SALUD","nivel":"2","propiedad":"PRIV","tipos_de_e":"Centros de atención IPS y EPS","categoria":"Atención Ambulatoria","escala":"URBANA","permanenci":"SI","estruc_eco":"NO","url1":null}},{"type":"Feature","id":"eqp_uco_salud.588","geometry":{"type":"MultiPolygon","coordinates":[[[[-76.54311969,3.4200333],[-76.54288675,3.41992629],[-76.54294394,3.41979339],[-76.54317427,3.41990266],[-76.54311969,3.4200333]]]]},"geometry_name":"the_geom","properties":{"nombre":"COOMEVA E.P.S.","localizaci":"CL 6  KR 42 ESQUINA","servicio":"SALUD","nivel":"2","propiedad":"PRIV","tipos_de_e":"Centros de atención IPS y EPS","categoria":"Atención Ambulatoria","escala":"URBANA","permanenci":"SI","estruc_eco":"NO","url1":null}},{"type":"Feature","id":"eqp_uco_salud.589","geometry":{"type":"MultiPolygon","coordinates":[[[[-76.54454825,3.41919774],[-76.54451728,3.41918272],[-76.54454821,3.41911772],[-76.54459136,3.41902967],[-76.54460035,3.41901068],[-76.54469615,3.41905761],[-76.54468716,3.4190766],[-76.54464544,3.41916465],[-76.54463825,3.41917969],[-76.54461415,3.41922965],[-76.54454825,3.41919774]]]]},"geometry_name":"the_geom","properties":{"nombre":"ODONTOLOGIA ESPECIALIZADA","localizaci":"KR 43A NO 5C 69","servicio":"SALUD","nivel":"2","propiedad":"PRIV","tipos_de_e":"Centros médicos","categoria":"Atención Ambulatoria","escala":"LOCAL","permanenci":"NO","estruc_eco":"NO","url1":null}},{"type":"Feature","id":"eqp_uco_salud.590","geometry":{"type":"MultiPolygon","coordinates":[[[[-76.54412395,3.41899203],[-76.5442027,3.41881396],[-76.54430678,3.41886494],[-76.54430894,3.41886593],[-76.54429887,3.41888789],[-76.54425679,3.41897594],[-76.54425499,3.4189799],[-76.54423989,3.41900997],[-76.54422478,3.41904094],[-76.54421507,3.41906093],[-76.54415394,3.41919003],[-76.54415214,3.419193],[-76.54414494,3.41920704],[-76.54404987,3.4191611],[-76.54412395,3.41899203]]]]},"geometry_name":"the_geom","properties":{"nombre":"CLINICA UROLOGICA SALUS","localizaci":"CL 5E NO 43 10","servicio":"SALUD","nivel":"2","propiedad":"PRIV","tipos_de_e":"Clínicas especializadas","categoria":"Hospitales - Hospitalización","escala":"LOCAL","permanenci":"NO","estruc_eco":"NO","url1":null}},{"type":"Feature","id":"eqp_uco_salud.591","geometry":{"type":"MultiPolygon","coordinates":[[[[-76.54536379,3.42168747],[-76.54535588,3.42170547],[-76.5453177,3.4216865],[-76.54530762,3.42168156],[-76.54525468,3.42165459],[-76.54537264,3.42141547],[-76.54539062,3.42137847],[-76.5454875,3.42142639],[-76.54547275,3.42145745],[-76.54546952,3.42146546],[-76.54539579,3.42162148],[-76.54538465,3.42164452],[-76.54537961,3.42165452],[-76.54536379,3.42168747]]]]},"geometry_name":"the_geom","properties":{"nombre":"ODONTOVALLE","localizaci":"KR 42 NO 5B 19","servicio":"SALUD","nivel":"2","propiedad":"PRIV","tipos_de_e":"Centros médicos","categoria":"Atención Ambulatoria","escala":"LOCAL","permanenci":"NO","estruc_eco":"NO","url1":null}},{"type":"Feature","id":"eqp_uco_salud.592","geometry":{"type":"MultiPolygon","coordinates":[[[[-76.5440882,3.42139513],[-76.54408892,3.42139414],[-76.54414107,3.42128809],[-76.54415114,3.42126702],[-76.54415509,3.42125802],[-76.54426601,3.42131304],[-76.54426709,3.42131304],[-76.54429986,3.42132994],[-76.54423406,3.421473],[-76.54422794,3.42148101],[-76.54421822,3.42148507],[-76.54420922,3.42148201],[-76.54420526,3.42148003],[-76.54407705,3.42141809],[-76.5440882,3.42139513]]]]},"geometry_name":"the_geom","properties":{"nombre":"SALUD Y BELLEZA","localizaci":"CL 5C NO 41 13","servicio":"SALUD","nivel":"2","propiedad":"PRIV","tipos_de_e":"Centros médicos","categoria":"Atención Ambulatoria","escala":"LOCAL","permanenci":"NO","estruc_eco":"NO","url1":null}},{"type":"Feature","id":"eqp_uco_salud.593","geometry":{"type":"MultiPolygon","coordinates":[[[[-76.54390102,3.42130791],[-76.54389095,3.42132691],[-76.54380308,3.42128493],[-76.54381315,3.42126494],[-76.54381603,3.42125792],[-76.54388112,3.42112395],[-76.54390881,3.42106688],[-76.54393687,3.42101088],[-76.54398296,3.42103281],[-76.54402402,3.42105385],[-76.54399093,3.42112282],[-76.54395712,3.42119088],[-76.54395209,3.42120285],[-76.54394813,3.42121185],[-76.54393914,3.42122986],[-76.54390102,3.42130791]]]]},"geometry_name":"the_geom","properties":{"nombre":"SALUD FAMILIA E.P.S","localizaci":"KR 41 NO 5C 46","servicio":"SALUD","nivel":"2","propiedad":"PRIV","tipos_de_e":"Centros de atención IPS y EPS","categoria":"Atención Ambulatoria","escala":"LOCAL","permanenci":"NO","estruc_eco":"NO","url1":null}},{"type":"Feature","id":"eqp_uco_salud.594","geometry":{"type":"MultiPolygon","coordinates":[[[[-76.54433562,3.42125521],[-76.54432733,3.42125125],[-76.54430248,3.42123821],[-76.54419048,3.42118328],[-76.5441894,3.42118328],[-76.54418256,3.42117932],[-76.5441786,3.42117726],[-76.54409325,3.42113536],[-76.54411231,3.42109737],[-76.54411627,3.42109034],[-76.54412921,3.42106235],[-76.54415046,3.42107332],[-76.54415622,3.42107628],[-76.54432548,3.42115918],[-76.54433953,3.42116619],[-76.54436942,3.4211812],[-76.54433562,3.42125521]]]]},"geometry_name":"the_geom","properties":{"nombre":"CAPRECOM E.P.S.","localizaci":"CL 5C NO 41 33","servicio":"SALUD","nivel":"2","propiedad":"PRIV","tipos_de_e":"Centros de atención IPS y EPS","categoria":"Atención Ambulatoria","escala":"URBANA","permanenci":"NO","estruc_eco":"NO","url1":null}},{"type":"Feature","id":"eqp_uco_salud.595","geometry":{"type":"MultiPolygon","coordinates":[[[[-76.54433953,3.42116619],[-76.54432548,3.42115918],[-76.54415622,3.42107628],[-76.54415046,3.42107332],[-76.54412921,3.42106235],[-76.54413641,3.4210483],[-76.54416518,3.42098933],[-76.54425449,3.42103222],[-76.54426421,3.42103725],[-76.54426529,3.42103824],[-76.54436145,3.42108517],[-76.54437441,3.42109219],[-76.54440358,3.42110621],[-76.54436942,3.4211812],[-76.54433953,3.42116619]]]]},"geometry_name":"the_geom","properties":{"nombre":"CLINICA DEL COLON","localizaci":"CL 5C NO 41 43","servicio":"SALUD","nivel":"2","propiedad":"PRIV","tipos_de_e":"Clínicas tematicas","categoria":"Atención Ambulatoria","escala":"ZONAL","permanenci":"NO","estruc_eco":"NO","url1":null}},{"type":"Feature","id":"eqp_uco_salud.672","geometry":{"type":"MultiPolygon","coordinates":[[[[-76.54228529,3.43620176],[-76.54236227,3.4361047],[-76.54239935,3.4361017],[-76.54246311,3.43615459],[-76.54245016,3.4361726],[-76.54244512,3.43617962],[-76.54240915,3.4362277],[-76.54237929,3.43626768],[-76.54237533,3.43627272],[-76.54228529,3.43620176]]]]},"geometry_name":"the_geom","properties":{"nombre":"INSTITUTO HIPERSALUD","localizaci":"KR 26 NO 2A 83","servicio":"SALUD","nivel":"2","propiedad":"PRIV","tipos_de_e":"Consultorios Médicos","categoria":"Atención Ambulatoria","escala":"LOCAL","permanenci":"NO","estruc_eco":"NO","url1":null}},{"type":"Feature","id":"eqp_uco_salud.596","geometry":{"type":"MultiPolygon","coordinates":[[[[-76.54411186,3.42109735],[-76.54405892,3.42107136],[-76.54405676,3.42107038],[-76.54402399,3.42105437],[-76.54404197,3.42101935],[-76.54407793,3.42094436],[-76.54408585,3.42092833],[-76.54414375,3.42080931],[-76.54414483,3.42080823],[-76.54416173,3.42077222],[-76.54424996,3.4208152],[-76.54423198,3.42085121],[-76.54416472,3.42098931],[-76.54413595,3.42104828],[-76.54412876,3.42106233],[-76.54411581,3.42109032],[-76.54411186,3.42109735]]]]},"geometry_name":"the_geom","properties":{"nombre":"COOPERATIVA EMSSANAR","localizaci":"KR 42 NO 5C 23","servicio":"SALUD","nivel":"2","propiedad":"PRIV","tipos_de_e":"Centros de atención IPS y EPS","categoria":"Atención Ambulatoria","escala":"LOCAL","permanenci":"NO","estruc_eco":"NO","url1":null}},{"type":"Feature","id":"eqp_uco_salud.597","geometry":{"type":"MultiPolygon","coordinates":[[[[-76.54384755,3.42096594],[-76.54385762,3.42094497],[-76.54386445,3.42093092],[-76.5438756,3.42090796],[-76.54396264,3.42073088],[-76.54396839,3.42071782],[-76.54398457,3.42068586],[-76.54407461,3.42072983],[-76.54405842,3.42076278],[-76.54405734,3.42076485],[-76.54401059,3.42086082],[-76.54400555,3.42087081],[-76.54393758,3.4210109],[-76.54384755,3.42096594]]]]},"geometry_name":"the_geom","properties":{"nombre":"CICLO VITAL COLOMBIA LTDA","localizaci":"KR 42 No  5C 53","servicio":"SALUD","nivel":"2","propiedad":"PRIV","tipos_de_e":"Clínicas tematicas","categoria":"Atención Ambulatoria","escala":"LOCAL","permanenci":"NO","estruc_eco":"NO","url1":null}},{"type":"Feature","id":"eqp_uco_salud.598","geometry":{"type":"MultiPolygon","coordinates":[[[[-76.54354113,3.42091517],[-76.54352313,3.42090618],[-76.54348315,3.42088622],[-76.54346515,3.42087723],[-76.54335711,3.42082428],[-76.54335027,3.42082032],[-76.54332794,3.42080935],[-76.54333693,3.42079135],[-76.54336498,3.42072833],[-76.54339019,3.42074029],[-76.54339091,3.42074128],[-76.54348994,3.42079018],[-76.54351227,3.42080124],[-76.54357997,3.42083514],[-76.54354401,3.42090923],[-76.54354113,3.42091517]]]]},"geometry_name":"the_geom","properties":{"nombre":"CENTRO PREVENTIVO MEDICO ODONTOLOGICO","localizaci":"CL 5E NO 41 32","servicio":"SALUD","nivel":"2","propiedad":"PRIV","tipos_de_e":"Centros médicos","categoria":"Atención Ambulatoria","escala":"LOCAL","permanenci":"NO","estruc_eco":"NO","url1":null}},{"type":"Feature","id":"eqp_uco_salud.599","geometry":{"type":"MultiPolygon","coordinates":[[[[-76.54360428,3.42074136],[-76.54353406,3.42070639],[-76.54354017,3.42069441],[-76.54355636,3.42066137],[-76.54361102,3.42054731],[-76.54362828,3.42051337],[-76.54371507,3.42055526],[-76.54369817,3.42059028],[-76.54364422,3.42070237],[-76.54364315,3.42070435],[-76.54362624,3.42073838],[-76.54362121,3.42074936],[-76.54360428,3.42074136]]]]},"geometry_name":"the_geom","properties":{"nombre":"ONIRIS","localizaci":"KR 42 NO 5C 39","servicio":"SALUD","nivel":"2","propiedad":"PRIV","tipos_de_e":"Centros médicos","categoria":"Atención Ambulatoria","escala":"LOCAL","permanenci":"NO","estruc_eco":"NO","url1":null}},{"type":"Feature","id":"eqp_uco_salud.600","geometry":{"type":"MultiPolygon","coordinates":[[[[-76.54351029,3.42069443],[-76.54343214,3.42065649],[-76.5434253,3.42065244],[-76.54340333,3.42064147],[-76.5434882,3.42045341],[-76.5436272,3.42051238],[-76.54362828,3.42051337],[-76.54361102,3.42054731],[-76.54355636,3.42066137],[-76.54354017,3.42069441],[-76.54353406,3.42070639],[-76.54351029,3.42069443]]]]},"geometry_name":"the_geom","properties":{"nombre":"SSI GRUPO","localizaci":"KR 42 NO 5C 107","servicio":"SALUD","nivel":"2","propiedad":"PRIV","tipos_de_e":"Consultorios Médicos","categoria":"Atención Ambulatoria","escala":"LOCAL","permanenci":"NO","estruc_eco":"NO","url1":null}},{"type":"Feature","id":"eqp_uco_salud.601","geometry":{"type":"MultiPolygon","coordinates":[[[[-76.54335457,3.42106796],[-76.54323285,3.42100907],[-76.54328752,3.42089303],[-76.54331669,3.42090696],[-76.54331849,3.42090795],[-76.54341068,3.42095399],[-76.54335457,3.42106796]]]]},"geometry_name":"the_geom","properties":{"nombre":"FUNDACION MEDICA CRISTIANA","localizaci":"Cr 41 5 C-116","servicio":"SALUD","nivel":"2","propiedad":"PRIV","tipos_de_e":"Consultorios Médicos","categoria":"Atención Ambulatoria","escala":"LOCAL","permanenci":"NO","estruc_eco":"NO","url1":null}},{"type":"Feature","id":"eqp_uco_salud.602","geometry":{"type":"MultiPolygon","coordinates":[[[[-76.54366707,3.42171725],[-76.54362998,3.42169828],[-76.54358784,3.42167733],[-76.54359899,3.42165527],[-76.54360403,3.4216433],[-76.54364179,3.42156426],[-76.54370472,3.42142822],[-76.54370976,3.42141724],[-76.5437209,3.42139419],[-76.54385487,3.42145919],[-76.54383977,3.42149016],[-76.54383905,3.42149314],[-76.54381783,3.42153815],[-76.54379589,3.42158316],[-76.54378798,3.42160018],[-76.54377503,3.4216262],[-76.54376388,3.42164925],[-76.54374195,3.42169525],[-76.54373188,3.42171623],[-76.54372001,3.42174224],[-76.54366707,3.42171725]]]]},"geometry_name":"the_geom","properties":{"nombre":"MULTIMEDICOS E.P.S","localizaci":"KR 41 NO 5C 51","servicio":"SALUD","nivel":"2","propiedad":"PRIV","tipos_de_e":"Centros de atención IPS y EPS","categoria":"Atención Ambulatoria","escala":"LOCAL","permanenci":"NO","estruc_eco":"NO","url1":null}},{"type":"Feature","id":"eqp_uco_salud.603","geometry":{"type":"MultiPolygon","coordinates":[[[[-76.54342567,3.42159488],[-76.54336661,3.42156692],[-76.54338459,3.4215309],[-76.54338962,3.42151983],[-76.54339754,3.42150489],[-76.54345544,3.42138686],[-76.54346155,3.42137479],[-76.54349356,3.42131177],[-76.54350435,3.42128882],[-76.54359042,3.42132972],[-76.54357927,3.42135277],[-76.5435746,3.42136276],[-76.54351346,3.42148781],[-76.54349943,3.42151581],[-76.54347641,3.42156281],[-76.54346958,3.42157685],[-76.5434534,3.4216098],[-76.54342567,3.42159488]]]]},"geometry_name":"the_geom","properties":{"nombre":"CENTRO MEDICO SOL-LUNA","localizaci":"KR 41 NO 5C 72","servicio":"SALUD","nivel":"2","propiedad":"PRIV","tipos_de_e":"Centros médicos","categoria":"Atención Ambulatoria","escala":"LOCAL","permanenci":"NO","estruc_eco":"NO","url1":null}},{"type":"Feature","id":"eqp_uco_salud.604","geometry":{"type":"MultiPolygon","coordinates":[[[[-76.54326288,3.42058757],[-76.54326072,3.42058658],[-76.54319266,3.42055665],[-76.54317681,3.42054963],[-76.54315773,3.42054163],[-76.54317067,3.42050958],[-76.54317894,3.42049158],[-76.54319368,3.42045458],[-76.54322964,3.42036653],[-76.54323288,3.42035861],[-76.54324258,3.42033359],[-76.54337187,3.42040147],[-76.54328485,3.42059755],[-76.54326288,3.42058757]]]]},"geometry_name":"the_geom","properties":{"nombre":"SALUD CONDOR","localizaci":"KR 42 NO 5E 13","servicio":"SALUD","nivel":"2","propiedad":"PRIV","tipos_de_e":"Centros de atención IPS y EPS","categoria":"Atención Ambulatoria","escala":"LOCAL","permanenci":"NO","estruc_eco":"NO","url1":null}},{"type":"Feature","id":"eqp_uco_salud.605","geometry":{"type":"MultiPolygon","coordinates":[[[[-76.54304019,3.420414],[-76.54301318,3.42040195],[-76.54299734,3.42039494],[-76.54297609,3.42038595],[-76.54295232,3.42037498],[-76.54300015,3.42025696],[-76.54301525,3.42022194],[-76.54313913,3.4202829],[-76.54312619,3.42031288],[-76.54312223,3.42032089],[-76.54310425,3.42036293],[-76.54309742,3.42037896],[-76.54307512,3.42042991],[-76.54304019,3.420414]]]]},"geometry_name":"the_geom","properties":{"nombre":"DENTIVIDA","localizaci":"KR 42 N0 5E 33","servicio":"SALUD","nivel":"2","propiedad":"PRIV","tipos_de_e":"Centros médicos","categoria":"Atención Ambulatoria","escala":"LOCAL","permanenci":"NO","estruc_eco":"NO","url1":null}},{"type":"Feature","id":"eqp_uco_salud.606","geometry":{"type":"MultiPolygon","coordinates":[[[[-76.54654325,3.4222866],[-76.54642729,3.42222969],[-76.54643017,3.42222267],[-76.54654307,3.42194854],[-76.54664823,3.42200051],[-76.54657697,3.42219591],[-76.54654325,3.4222866]]]]},"geometry_name":"the_geom","properties":{"nombre":"CLINICA ESTETICA DA VINCI","localizaci":"CL 5A NO 41 61","servicio":"SALUD","nivel":"2","propiedad":"PRIV","tipos_de_e":"Centros médicos","categoria":"Atención Ambulatoria","escala":"LOCAL","permanenci":"NO","estruc_eco":"NO","url1":null}},{"type":"Feature","id":"eqp_uco_salud.607","geometry":{"type":"MultiPolygon","coordinates":[[[[-76.54632565,3.42218036],[-76.54630872,3.42217236],[-76.54624174,3.42213936],[-76.5462259,3.42213145],[-76.54635356,3.42185534],[-76.54645151,3.42190326],[-76.54632565,3.42218036]]]]},"geometry_name":"the_geom","properties":{"nombre":"LONGEVOS","localizaci":"KR 42 NO 5A 29","servicio":"SALUD","nivel":"2","propiedad":"PRIV","tipos_de_e":"Centros médicos","categoria":"Atención Ambulatoria","escala":"LOCAL","permanenci":"NO","estruc_eco":"NO","url1":null}},{"type":"Feature","id":"eqp_uco_salud.608","geometry":{"type":"MultiPolygon","coordinates":[[[[-76.5462259,3.42213145],[-76.54621689,3.4221274],[-76.54611786,3.4220785],[-76.5461157,3.42207751],[-76.54612361,3.42206049],[-76.54614663,3.42201341],[-76.5462297,3.4218374],[-76.54623078,3.42183641],[-76.5462466,3.42180238],[-76.54635356,3.42185534],[-76.5462259,3.42213145]]]]},"geometry_name":"the_geom","properties":{"nombre":"HOLISTICA","localizaci":"KR 42 NO 5A 39","servicio":"SALUD","nivel":"2","propiedad":"PRIV","tipos_de_e":"Centros médicos","categoria":"Atención Ambulatoria","escala":"LOCAL","permanenci":"NO","estruc_eco":"NO","url1":null}},{"type":"Feature","id":"eqp_uco_salud.609","geometry":{"type":"MultiPolygon","coordinates":[[[[-76.54419497,3.4184479],[-76.54418596,3.41844394],[-76.54411898,3.41841095],[-76.5441999,3.41824691],[-76.54421501,3.41821792],[-76.54429892,3.41825883],[-76.54421225,3.41845689],[-76.54419497,3.4184479]]]]},"geometry_name":"the_geom","properties":{"nombre":"NUEVA EPS TEQUENDAMA","localizaci":"KR 44 NO 5C 09","servicio":"SALUD","nivel":"2","propiedad":"PRIV","tipos_de_e":"Centros de atención IPS y EPS","categoria":"Atención Ambulatoria","escala":"LOCAL","permanenci":"NO","estruc_eco":"NO","url1":null}},{"type":"Feature","id":"eqp_uco_salud.610","geometry":{"type":"MultiPolygon","coordinates":[[[[-76.54587125,3.42276856],[-76.54586154,3.42279062],[-76.54580824,3.42276364],[-76.54579024,3.42275564],[-76.54580822,3.42271558],[-76.54585712,3.42261061],[-76.54586216,3.42259963],[-76.54590927,3.42249852],[-76.54591035,3.42249753],[-76.54592222,3.42247251],[-76.54599424,3.42250748],[-76.54598309,3.42253053],[-76.54597842,3.42253953],[-76.54587125,3.42276856]]]]},"geometry_name":"the_geom","properties":{"nombre":"RECUPERAR","localizaci":"KR 41 NO 5A 51","servicio":"SALUD","nivel":"2","propiedad":"PRIV","tipos_de_e":"Consultorios Médicos","categoria":"Atención Ambulatoria","escala":"LOCAL","permanenci":"NO","estruc_eco":"NO","url1":null}},{"type":"Feature","id":"eqp_uco_salud.611","geometry":{"type":"MultiPolygon","coordinates":[[[[-76.54328841,3.42245475],[-76.54324047,3.42235478],[-76.5434193,3.42226343],[-76.54346977,3.42231398],[-76.54328841,3.42245475]]]]},"geometry_name":"the_geom","properties":{"nombre":"GENOMICS","localizaci":"CL 5D NO 39 32","servicio":"SALUD","nivel":"2","propiedad":"PRIV","tipos_de_e":"Centros médicos","categoria":"Atención Ambulatoria","escala":"LOCAL","permanenci":"NO","estruc_eco":"NO","url1":null}},{"type":"Feature","id":"eqp_uco_salud.612","geometry":{"type":"MultiPolygon","coordinates":[[[[-76.54379311,3.42244826],[-76.54377439,3.42243927],[-76.54377223,3.42243828],[-76.54366131,3.42238326],[-76.54366634,3.42237326],[-76.54371813,3.42226424],[-76.54372209,3.42225425],[-76.5437282,3.42224326],[-76.54385425,3.42230917],[-76.54379311,3.42244826]]]]},"geometry_name":"the_geom","properties":{"nombre":"UBI-BENE SALUD INTEGRAL","localizaci":"KR 41 NO 5C 11","servicio":"SALUD","nivel":"2","propiedad":"PRIV","tipos_de_e":"Centros médicos","categoria":"Atención Ambulatoria","escala":"LOCAL","permanenci":"NO","estruc_eco":"NO","url1":null}},{"type":"Feature","id":"eqp_uco_salud.613","geometry":{"type":"MultiPolygon","coordinates":[[[[-76.54348919,3.42233342],[-76.5434193,3.42226343],[-76.54343445,3.42223549],[-76.54344056,3.42222253],[-76.54347724,3.42214447],[-76.54348048,3.42213844],[-76.54348947,3.42211944],[-76.54357446,3.4221644],[-76.54356547,3.42218142],[-76.54356331,3.42218646],[-76.54354425,3.42222247],[-76.54352339,3.42226442],[-76.54351944,3.42227343],[-76.54351044,3.42228945],[-76.54350757,3.42229548],[-76.54348919,3.42233342]]]]},"geometry_name":"the_geom","properties":{"nombre":"HUMAN FINE","localizaci":"CL 5D NO 39 42","servicio":"SALUD","nivel":"2","propiedad":"PRIV","tipos_de_e":"Centros médicos","categoria":"Atención Ambulatoria","escala":"LOCAL","permanenci":"NO","estruc_eco":"NO","url1":null}},{"type":"Feature","id":"eqp_uco_salud.614","geometry":{"type":"MultiPolygon","coordinates":[[[[-76.54475651,3.4230664],[-76.54475255,3.42306442],[-76.54471258,3.42304545],[-76.54472049,3.42302744],[-76.54482838,3.42280633],[-76.54482946,3.42280237],[-76.54484241,3.42277536],[-76.54491947,3.42281231],[-76.54490545,3.42284031],[-76.54490437,3.4228413],[-76.54479863,3.42305836],[-76.54478676,3.42308141],[-76.54475651,3.4230664]]]]},"geometry_name":"the_geom","properties":{"nombre":"CENTRO DE REHABILITACION DEL SUR","localizaci":"KR 40 NO 5B 17","servicio":"SALUD","nivel":"2","propiedad":"PRIV","tipos_de_e":"Consultorios tematicos","categoria":"Atención Ambulatoria","escala":"LOCAL","permanenci":"NO","estruc_eco":"NO","url1":null}},{"type":"Feature","id":"eqp_uco_salud.615","geometry":{"type":"MultiPolygon","coordinates":[[[[-76.54460544,3.42299097],[-76.54459536,3.42298702],[-76.54456619,3.422972],[-76.54462913,3.42284299],[-76.54463812,3.42282291],[-76.54468235,3.4227309],[-76.54469602,3.42270291],[-76.54476912,3.42273788],[-76.54475618,3.42276588],[-76.5447551,3.42276786],[-76.54472309,3.42283187],[-76.54469935,3.42288093],[-76.54466519,3.42295197],[-76.5446562,3.42296799],[-76.54463822,3.42300697],[-76.54460544,3.42299097]]]]},"geometry_name":"the_geom","properties":{"nombre":"CENTRO MEDICO CORAZON","localizaci":"KR 40 NO 5B 29","servicio":"SALUD","nivel":"2","propiedad":"PRIV","tipos_de_e":"Centros médicos","categoria":"Atención Ambulatoria","escala":"LOCAL","permanenci":"NO","estruc_eco":"NO","url1":null}},{"type":"Feature","id":"eqp_uco_salud.616","geometry":{"type":"MultiPolygon","coordinates":[[[[-76.54446202,3.42292165],[-76.54441881,3.4229007],[-76.54443571,3.42286469],[-76.54443679,3.42286271],[-76.54446376,3.4228077],[-76.54447599,3.42278267],[-76.54453461,3.42266159],[-76.54453892,3.42265258],[-76.54454863,3.42263161],[-76.54462282,3.42266757],[-76.54460879,3.42269656],[-76.544566,3.4227856],[-76.54455197,3.4228136],[-76.54451097,3.42289867],[-76.54450198,3.42291767],[-76.5445009,3.42291866],[-76.54449191,3.42293666],[-76.54446202,3.42292165]]]]},"geometry_name":"the_geom","properties":{"nombre":"CCMEIN","localizaci":"KR 40 NO 5B 51","servicio":"SALUD","nivel":"2","propiedad":"PRIV","tipos_de_e":"Centros médicos","categoria":"Atención Ambulatoria","escala":"LOCAL","permanenci":"NO","estruc_eco":"NO","url1":null}},{"type":"Feature","id":"eqp_uco_salud.617","geometry":{"type":"MultiPolygon","coordinates":[[[[-76.54416621,3.42268428],[-76.5441482,3.42267529],[-76.54407437,3.42263933],[-76.54406141,3.42263331],[-76.54399443,3.42260139],[-76.54396022,3.4225844],[-76.5439933,3.4225104],[-76.54402823,3.42252838],[-76.54403435,3.42253035],[-76.5441712,3.42259922],[-76.54420037,3.42261325],[-76.54418527,3.4226453],[-76.54416621,3.42268428]]]]},"geometry_name":"the_geom","properties":{"nombre":"MARTHA SANTAMARIA ESTETICA","localizaci":"CL 5c NO 39 46","servicio":"SALUD","nivel":"2","propiedad":"PRIV","tipos_de_e":"Centros médicos","categoria":"Atención Ambulatoria","escala":"LOCAL","permanenci":"NO","estruc_eco":"NO","url1":null}},{"type":"Feature","id":"eqp_uco_salud.618","geometry":{"type":"MultiPolygon","coordinates":[[[[-76.54417047,3.42259859],[-76.54403362,3.42252972],[-76.5440275,3.42252775],[-76.54399257,3.42250977],[-76.54403932,3.42240272],[-76.54405335,3.42239768],[-76.54406344,3.42239767],[-76.54425862,3.42249162],[-76.54424639,3.42251656],[-76.54424568,3.42251962],[-76.54419964,3.42261262],[-76.54417047,3.42259859]]]]},"geometry_name":"the_geom","properties":{"nombre":"REPRODUCCION ASISTIDA FECUNDAR","localizaci":"KR 40 NO 5B 105","servicio":"SALUD","nivel":"2","propiedad":"PRIV","tipos_de_e":"Centros médicos","categoria":"Atención Ambulatoria","escala":"LOCAL","permanenci":"NO","estruc_eco":"NO","url1":null}},{"type":"Feature","id":"eqp_uco_salud.619","geometry":{"type":"MultiPolygon","coordinates":[[[[-76.54457081,3.42247994],[-76.54456074,3.42250002],[-76.54448691,3.42246504],[-76.5444977,3.42244101],[-76.54451568,3.42240401],[-76.54454589,3.42234099],[-76.5445538,3.42232298],[-76.54458473,3.42225897],[-76.54459264,3.42224196],[-76.54460055,3.42222593],[-76.54460271,3.42222197],[-76.54462177,3.4221829],[-76.54469668,3.42221886],[-76.5446956,3.42222192],[-76.5446787,3.42225793],[-76.54467654,3.42226288],[-76.54466072,3.42229493],[-76.54465568,3.42230492],[-76.54464165,3.42233292],[-76.54458879,3.42244294],[-76.54457081,3.42247994]]]]},"geometry_name":"the_geom","properties":{"nombre":"ESTHETIC LINE","localizaci":"KR 40 NO 5B 64","servicio":"SALUD","nivel":"2","propiedad":"PRIV","tipos_de_e":"Centros médicos","categoria":"Atención Ambulatoria","escala":"LOCAL","permanenci":"NO","estruc_eco":"NO","url1":null}},{"type":"Feature","id":"eqp_uco_salud.620","geometry":{"type":"MultiPolygon","coordinates":[[[[-76.54545145,3.42370183],[-76.54543527,3.4237328],[-76.54535424,3.42369189],[-76.54536827,3.42366389],[-76.54536934,3.42365984],[-76.54541718,3.42356486],[-76.54542437,3.42355081],[-76.54548623,3.42342576],[-76.54551216,3.4234388],[-76.5455154,3.42343979],[-76.54553413,3.42344878],[-76.54554637,3.42345579],[-76.54556618,3.42346478],[-76.54551439,3.42357182],[-76.5455054,3.42359082],[-76.54549749,3.42360676],[-76.54546656,3.42367086],[-76.54545145,3.42370183]]]]},"geometry_name":"the_geom","properties":{"nombre":"COOMEVA E.P.S.","localizaci":"KR 39 NO5A  68","servicio":"SALUD","nivel":"2","propiedad":"PRIV","tipos_de_e":"Centros de atención IPS y EPS","categoria":"Atención Ambulatoria","escala":"LOCAL","permanenci":"NO","estruc_eco":"NO","url1":null}},{"type":"Feature","id":"eqp_uco_salud.621","geometry":{"type":"MultiPolygon","coordinates":[[[[-76.54554637,3.42345579],[-76.54553413,3.42344878],[-76.5455154,3.42343979],[-76.54551216,3.4234388],[-76.54548623,3.42342576],[-76.54549918,3.42339875],[-76.54551716,3.42336373],[-76.5455373,3.42332178],[-76.54560599,3.42318367],[-76.54560599,3.42318268],[-76.54561498,3.42316567],[-76.54569421,3.4232037],[-76.54568414,3.42322269],[-76.54566508,3.42326366],[-76.54562228,3.4233517],[-76.54561113,3.42337376],[-76.54559027,3.4234167],[-76.54556618,3.42346478],[-76.54554637,3.42345579]]]]},"geometry_name":"the_geom","properties":{"nombre":"CLINICA FUNMEDICOS","localizaci":"KR 40 NO 5A 55","servicio":"SALUD","nivel":"2","propiedad":"PRIV","tipos_de_e":"Clínicas NIVEL II","categoria":"Hospitales - Hospitalización","escala":"LOCAL","permanenci":"NO","estruc_eco":"NO","url1":null}},{"type":"Feature","id":"eqp_uco_salud.622","geometry":{"type":"MultiPolygon","coordinates":[[[[-76.54512874,3.42325194],[-76.54511577,3.42324592],[-76.54510497,3.42324098],[-76.54505095,3.423214],[-76.54504879,3.42321302],[-76.5450279,3.42320304],[-76.54508471,3.42306098],[-76.54509984,3.42306799],[-76.54510776,3.42307195],[-76.54521076,3.42311986],[-76.54517192,3.42320494],[-76.54516005,3.42322997],[-76.54514602,3.42326094],[-76.54512874,3.42325194]]]]},"geometry_name":"the_geom","properties":{"nombre":"MEDICINA PREPAGADA COMFENALCO","localizaci":"CL 5B NO 39 36","servicio":"SALUD","nivel":"2","propiedad":"PRIV","tipos_de_e":"Centros de atención IPS y EPS","categoria":"Atención Ambulatoria","escala":"LOCAL","permanenci":"NO","estruc_eco":"NO","url1":null}},{"type":"Feature","id":"eqp_uco_salud.623","geometry":{"type":"MultiPolygon","coordinates":[[[[-76.54651221,3.42340936],[-76.54647908,3.42339732],[-76.54643911,3.4233824],[-76.54643515,3.42338132],[-76.54641211,3.42337233],[-76.5463372,3.42334537],[-76.54630407,3.42333243],[-76.5463411,3.42323043],[-76.54637027,3.42324041],[-76.54637423,3.42324239],[-76.54644913,3.42327034],[-76.5464531,3.42327232],[-76.5464711,3.42327834],[-76.54647902,3.4232813],[-76.54657121,3.42331528],[-76.5465331,3.42341727],[-76.54651221,3.42340936]]]]},"geometry_name":"the_geom","properties":{"nombre":"FISIODONT","localizaci":"CL 5A NO 40 26","servicio":"SALUD","nivel":"2","propiedad":"PRIV","tipos_de_e":"Consultorios tematicos","categoria":"Atención Ambulatoria","escala":"LOCAL","permanenci":"NO","estruc_eco":"NO","url1":null}},{"type":"Feature","id":"eqp_uco_salud.624","geometry":{"type":"MultiPolygon","coordinates":[[[[-76.54672615,3.42267881],[-76.54659183,3.42262794],[-76.54658679,3.42262596],[-76.54656482,3.42261697],[-76.54660185,3.42251488],[-76.54662094,3.42252189],[-76.54662994,3.42252486],[-76.54683195,3.42259982],[-76.54679313,3.42270379],[-76.54672615,3.42267881]]]]},"geometry_name":"the_geom","properties":{"nombre":"UNIDAD VISUAL DEL VALLE","localizaci":"CL 5A NO 41 08","servicio":"SALUD","nivel":"2","propiedad":"PRIV","tipos_de_e":"Centros médicos","categoria":"Atención Ambulatoria","escala":"LOCAL","permanenci":"NO","estruc_eco":"NO","url1":null}},{"type":"Feature","id":"eqp_uco_salud.625","geometry":{"type":"MultiPolygon","coordinates":[[[[-76.54690447,3.42239767],[-76.5468843,3.42239066],[-76.54687638,3.42238769],[-76.54681048,3.42236369],[-76.54679932,3.42235974],[-76.54681119,3.42232976],[-76.54681226,3.42232769],[-76.54685217,3.42222272],[-76.54688022,3.42214971],[-76.54689316,3.42211668],[-76.54698931,3.42216559],[-76.54697745,3.42219962],[-76.54696846,3.42222266],[-76.54695444,3.42226065],[-76.54694833,3.42227866],[-76.54693826,3.42230566],[-76.54690555,3.4223947],[-76.54690447,3.42239767]]]]},"geometry_name":"the_geom","properties":{"nombre":"ODONTO IMAGEN","localizaci":"KR 42 NO 5 35","servicio":"SALUD","nivel":"2","propiedad":"PRIV","tipos_de_e":"Centros médicos","categoria":"Atención Ambulatoria","escala":"LOCAL","permanenci":"NO","estruc_eco":"NO","url1":null}},{"type":"Feature","id":"eqp_uco_salud.626","geometry":{"type":"MultiPolygon","coordinates":[[[[-76.54678477,3.42235314],[-76.54678405,3.42235314],[-76.54669906,3.42232124],[-76.54669582,3.42232025],[-76.54667602,3.42231324],[-76.54667674,3.42230919],[-76.54670801,3.42222223],[-76.54676481,3.42205614],[-76.54688869,3.42211412],[-76.54689373,3.4221161],[-76.54688079,3.42214914],[-76.54685274,3.42222215],[-76.54681284,3.42232712],[-76.54681176,3.42232919],[-76.54679989,3.42235916],[-76.54678477,3.42235314]]]]},"geometry_name":"the_geom","properties":{"nombre":"CLINICA DE ORTODONCIA","localizaci":"CL 5A No 41 46","servicio":"SALUD","nivel":"2","propiedad":"PRIV","tipos_de_e":"Clínicas tematicas","categoria":"Atención Ambulatoria","escala":"ZONAL","permanenci":"NO","estruc_eco":"NO","url1":null}},{"type":"Feature","id":"eqp_uco_salud.627","geometry":{"type":"MultiPolygon","coordinates":[[[[-76.54592645,3.39989055],[-76.54591342,3.39976662],[-76.54594222,3.39976453],[-76.54602609,3.39975482],[-76.54602922,3.39975796],[-76.54603239,3.39983656],[-76.54603817,3.39989745],[-76.54592826,3.39991359],[-76.54592645,3.39989055]]]]},"geometry_name":"the_geom","properties":{"nombre":"SONRIA CLINICAS DENTALES","localizaci":"KR 66 NO 5-56","servicio":"SALUD","nivel":"2","propiedad":"PRIV","tipos_de_e":"Clínicas tematicas","categoria":"Atención Ambulatoria","escala":"LOCAL","permanenci":"NO","estruc_eco":"NO","url1":null}},{"type":"Feature","id":"eqp_uco_salud.628","geometry":{"type":"MultiPolygon","coordinates":[[[[-76.49307382,3.47845302],[-76.49332723,3.47850985],[-76.49329048,3.47869003],[-76.49303392,3.47863391],[-76.49307382,3.47845302]]]]},"geometry_name":"the_geom","properties":{"nombre":"PUESTO DE SALUD CHIMINANGOS","localizaci":"CL 62B NO 1C3 12","servicio":"SALUD","nivel":"1","propiedad":"PUB","tipos_de_e":"Puestos de salud","categoria":"Atención Ambulatoria","escala":"LOCAL","permanenci":"NO","estruc_eco":"NO","url1":null}},{"type":"Feature","id":"eqp_uco_salud.629","geometry":{"type":"MultiPolygon","coordinates":[[[[-76.49035331,3.47440521],[-76.49026373,3.47409256],[-76.49024283,3.47401081],[-76.49052118,3.47392423],[-76.49067172,3.4744248],[-76.49063037,3.47443667],[-76.49057326,3.47445447],[-76.49054767,3.47435356],[-76.49035331,3.47440521]]]]},"geometry_name":"the_geom","properties":{"nombre":"CENTRO DE SALUD LA RIVERA","localizaci":"CL 67A CON KR 1D","servicio":"SALUD","nivel":"1","propiedad":"PUB","tipos_de_e":"Centros de salud","categoria":"Atención Ambulatoria","escala":"LOCAL","permanenci":"NO","estruc_eco":"NO","url1":null}},{"type":"Feature","id":"eqp_uco_salud.630","geometry":{"type":"MultiPolygon","coordinates":[[[[-76.49808965,3.4697152],[-76.49807273,3.46972114],[-76.49807165,3.46972114],[-76.49801872,3.46973716],[-76.49800684,3.46969314],[-76.49800468,3.46968414],[-76.49799964,3.46966613],[-76.49798164,3.46960213],[-76.49797191,3.46956811],[-76.49802593,3.4695511],[-76.49804465,3.46954615],[-76.49808965,3.4697152]]]]},"geometry_name":"the_geom","properties":{"nombre":"COLSALUD COOMEVA FUNSALUD","localizaci":"KR 2 NO 57 3","servicio":"SALUD","nivel":"2","propiedad":"PRIV","tipos_de_e":"Centros de atención IPS y EPS","categoria":"Atención Ambulatoria","escala":"LOCAL","permanenci":"NO","estruc_eco":"NO","url1":null}},{"type":"Feature","id":"eqp_uco_salud.631","geometry":{"type":"MultiPolygon","coordinates":[[[[-76.50162698,3.46866321],[-76.50162122,3.46866519],[-76.50161402,3.46866717],[-76.50156793,3.4686822],[-76.50155893,3.46865114],[-76.50155425,3.46863818],[-76.50155425,3.46863719],[-76.50154597,3.46860919],[-76.50153804,3.46858516],[-76.50153408,3.46857121],[-76.50152796,3.46855113],[-76.50150924,3.46848713],[-76.501506,3.46847516],[-76.50156506,3.46845617],[-76.50156902,3.46846913],[-76.50162122,3.46864214],[-76.50162698,3.46866321]]]]},"geometry_name":"the_geom","properties":{"nombre":"PROSALUD","localizaci":"KR 2 NO 52 35","servicio":"SALUD","nivel":"2","propiedad":"PRIV","tipos_de_e":"Centros de atención IPS y EPS","categoria":"Atención Ambulatoria","escala":"LOCAL","permanenci":"NO","estruc_eco":"NO","url1":null}},{"type":"Feature","id":"eqp_uco_salud.632","geometry":{"type":"MultiPolygon","coordinates":[[[[-76.50168711,3.4686462],[-76.50164822,3.46865619],[-76.50162698,3.46866321],[-76.50162122,3.46864214],[-76.50156902,3.46846913],[-76.50156506,3.46845617],[-76.50162519,3.46843619],[-76.50163023,3.46845113],[-76.50163203,3.46845815],[-76.50167019,3.46858715],[-76.50168099,3.46862414],[-76.50168711,3.4686462]]]]},"geometry_name":"the_geom","properties":{"nombre":"CENTRO MEDICO LOS ANDES","localizaci":"KR 2 NO CL 52 27","servicio":"SALUD","nivel":"1","propiedad":"PRIV","tipos_de_e":"Centros médicos","categoria":"Atención Ambulatoria","escala":"LOCAL","permanenci":"NO","estruc_eco":"NO","url1":null}},{"type":"Feature","id":"eqp_uco_salud.633","geometry":{"type":"MultiPolygon","coordinates":[[[[-76.50347834,3.46438534],[-76.50334224,3.4644312],[-76.50328022,3.46416383],[-76.50334308,3.46414852],[-76.50337481,3.46426137],[-76.50342213,3.46424614],[-76.50347834,3.46438534]]]]},"geometry_name":"the_geom","properties":{"nombre":"CENTRO DE SALUD SALOMIA","localizaci":"CL 47 CON KR 3","servicio":"SALUD","nivel":"1","propiedad":"PUB","tipos_de_e":"Centros de salud","categoria":"Atención Ambulatoria","escala":"LOCAL","permanenci":"NO","estruc_eco":"NO","url1":null}},{"type":"Feature","id":"eqp_uco_salud.634","geometry":{"type":"MultiPolygon","coordinates":[[[[-76.5081922,3.4729135],[-76.50822253,3.47294955],[-76.50815612,3.4730106],[-76.5079709,3.47284084],[-76.50799497,3.47281871],[-76.50805079,3.4727674],[-76.5081922,3.4729135]]]]},"geometry_name":"the_geom","properties":{"nombre":"EPS SALUD TOTAL","localizaci":"KR 1 NO 46A 99","servicio":"SALUD","nivel":"2","propiedad":"PRIV","tipos_de_e":"Centros de atención IPS y EPS","categoria":"Atención Ambulatoria","escala":"URBANA","permanenci":"SI","estruc_eco":"NO","url1":null}},{"type":"Feature","id":"eqp_uco_salud.786","geometry":{"type":"MultiPolygon","coordinates":[[[[-76.49207939,3.41911529],[-76.49209077,3.4191],[-76.49216489,3.41900042],[-76.49217122,3.41900318],[-76.49221374,3.41904058],[-76.49221428,3.4190398],[-76.4922303,3.41905388],[-76.49213531,3.41916392],[-76.49213315,3.41916293],[-76.49207939,3.41911529]]]]},"geometry_name":"the_geom","properties":{"nombre":"PROFAMILIA","localizaci":"KR 28E2 NO 72U 64","servicio":"SALUD","nivel":"1","propiedad":"PRIV","tipos_de_e":"Centros médicos","categoria":"Atención Ambulatoria","escala":"LOCAL","permanenci":"NO","estruc_eco":"NO","url1":null}},{"type":"Feature","id":"eqp_uco_salud.635","geometry":{"type":"MultiPolygon","coordinates":[[[[-76.51140243,3.47207749],[-76.5113837,3.47205752],[-76.51143972,3.47201089],[-76.51151298,3.47209474],[-76.51153426,3.47211909],[-76.51153676,3.47214942],[-76.51152951,3.47217162],[-76.51150561,3.4721943],[-76.51147457,3.47215639],[-76.51141468,3.47209045],[-76.51140748,3.47208244],[-76.51140243,3.47207749]]]]},"geometry_name":"the_geom","properties":{"nombre":"PROSALUD","localizaci":"CL 44 N NO 4 62","servicio":"SALUD","nivel":"2","propiedad":"PRIV","tipos_de_e":"Centros de atención IPS y EPS","categoria":"Atención Ambulatoria","escala":"LOCAL","permanenci":"NO","estruc_eco":"NO","url1":null}},{"type":"Feature","id":"eqp_uco_salud.636","geometry":{"type":"MultiPolygon","coordinates":[[[[-76.5109365,3.47340243],[-76.51088649,3.47345547],[-76.51077337,3.47332052],[-76.51077947,3.47328955],[-76.51081041,3.47325146],[-76.5109365,3.47340243]]]]},"geometry_name":"the_geom","properties":{"nombre":"CENTRO MEDICO SALUD POPULAR INTEGRAL","localizaci":"CL 45A N NO 5 N 05","servicio":"SALUD","nivel":"1","propiedad":"PRIV","tipos_de_e":"Centros médicos","categoria":"Atención Ambulatoria","escala":"LOCAL","permanenci":"NO","estruc_eco":"NO","url1":null}},{"type":"Feature","id":"eqp_uco_salud.637","geometry":{"type":"MultiPolygon","coordinates":[[[[-76.50934573,3.4725156],[-76.50955324,3.47275146],[-76.50939766,3.47292201],[-76.50920674,3.47271029],[-76.50934573,3.4725156]]]]},"geometry_name":"the_geom","properties":{"nombre":"CENTRO DE SALUD POPULAR","localizaci":"KR 2 45AN 77","servicio":"SALUD","nivel":"1","propiedad":"PUB","tipos_de_e":"Centros de salud","categoria":"Atención Ambulatoria","escala":"LOCAL","permanenci":"NO","estruc_eco":"NO","url1":null}},{"type":"Feature","id":"eqp_uco_salud.638","geometry":{"type":"MultiPolygon","coordinates":[[[[-76.50657626,3.47361885],[-76.50625924,3.47392603],[-76.50624233,3.47394305],[-76.50595691,3.4734462],[-76.5059839,3.47342116],[-76.50598606,3.47341918],[-76.50616596,3.47321108],[-76.50657626,3.47361885]]]]},"geometry_name":"the_geom","properties":{"nombre":"NUEVA EPS LA ALIANZA","localizaci":"KR 1 NO 47 58","servicio":"SALUD","nivel":"2","propiedad":"PUB","tipos_de_e":"Centros de atención IPS y EPS","categoria":"Atención Ambulatoria","escala":"LOCAL","permanenci":"NO","estruc_eco":"NO","url1":null}},{"type":"Feature","id":"eqp_uco_salud.639","geometry":{"type":"MultiPolygon","coordinates":[[[[-76.50176332,3.48550026],[-76.50169646,3.48570929],[-76.50165649,3.48569627],[-76.50129712,3.48558549],[-76.5012784,3.48558055],[-76.50134201,3.48536846],[-76.5013791,3.48538041],[-76.50139422,3.48538544],[-76.50142123,3.48539344],[-76.50176332,3.48550026]]]]},"geometry_name":"the_geom","properties":{"nombre":"CENTRO DE SALUD CALIMA","localizaci":"CL 67 NO 5 06","servicio":"SALUD","nivel":"1","propiedad":"PUB","tipos_de_e":"Centros de salud","categoria":"Atención Ambulatoria","escala":"ZONAL","permanenci":"NO","estruc_eco":"NO","url1":null}},{"type":"Feature","id":"eqp_uco_salud.640","geometry":{"type":"MultiPolygon","coordinates":[[[[-76.51623972,3.46981971],[-76.51619289,3.46978778],[-76.51618569,3.46978275],[-76.51617561,3.46977573],[-76.51619575,3.46974071],[-76.51620582,3.46972378],[-76.5162346,3.46967273],[-76.51624467,3.46965671],[-76.51625762,3.46963375],[-76.51632172,3.46966864],[-76.51631885,3.46967665],[-76.51631165,3.46968871],[-76.51624871,3.46980368],[-76.51623972,3.46981971]]]]},"geometry_name":"the_geom","properties":{"nombre":"PUESTO DE SALUD LA ISLA","localizaci":"KR 8 N NO 32B N 17","servicio":"SALUD","nivel":"1","propiedad":"PUB","tipos_de_e":"Puestos de salud","categoria":"Atención Ambulatoria","escala":"LOCAL","permanenci":"NO","estruc_eco":"NO","url1":null}},{"type":"Feature","id":"eqp_uco_salud.641","geometry":{"type":"MultiPolygon","coordinates":[[[[-76.55966761,3.45289156],[-76.55960965,3.45289555],[-76.55956176,3.45289864],[-76.5595596,3.4528846],[-76.5595567,3.45286264],[-76.55955056,3.45281962],[-76.55954659,3.45279559],[-76.55954261,3.45276364],[-76.55954152,3.45275365],[-76.55953647,3.45272566],[-76.55953466,3.45270766],[-76.55953141,3.45268561],[-76.5595296,3.45267463],[-76.55952671,3.45265664],[-76.55964445,3.45266953],[-76.55965168,3.45273559],[-76.55965277,3.45274855],[-76.55966362,3.45284755],[-76.55966652,3.45287455],[-76.55966761,3.45289156]]]]},"geometry_name":"the_geom","properties":{"nombre":"COOASACOC ESS EMPRESA SOLIDARIA ARS","localizaci":"AV 1 OESTE NO 19-_6 OESTE","servicio":"SALUD","nivel":"1","propiedad":"PUB","tipos_de_e":"Centros médicos","categoria":"Atención Ambulatoria","escala":"LOCAL","permanenci":"NO","estruc_eco":"NO","url1":null}},{"type":"Feature","id":"eqp_uco_salud.642","geometry":{"type":"MultiPolygon","coordinates":[[[[-76.58738305,3.46336757],[-76.5874111,3.46332477],[-76.58743421,3.46329363],[-76.58746807,3.46325277],[-76.58753714,3.4633001],[-76.58751143,3.46333687],[-76.58747095,3.46339369],[-76.58750802,3.46343051],[-76.58763412,3.46359749],[-76.58766323,3.46363956],[-76.58761605,3.4636697],[-76.58751821,3.4635384],[-76.58741197,3.46347041],[-76.5874029,3.46344757],[-76.58738305,3.46336757]]]]},"geometry_name":"the_geom","properties":{"nombre":"PUESTO DE SALUD VISTA HERMOSA","localizaci":"AV 61 OESTE CL 42","servicio":"SALUD","nivel":"1","propiedad":"PUB","tipos_de_e":"Puestos de salud","categoria":"Atención Ambulatoria","escala":"LOCAL","permanenci":"NO","estruc_eco":"NO","url1":null}},{"type":"Feature","id":"eqp_uco_salud.643","geometry":{"type":"MultiPolygon","coordinates":[[[[-76.53361405,3.42507736],[-76.53359348,3.42514278],[-76.53359236,3.42514346],[-76.53359159,3.42514565],[-76.53356967,3.4252156],[-76.53354667,3.42528465],[-76.53352475,3.42535468],[-76.53349378,3.42534471],[-76.5334909,3.42534273],[-76.5333021,3.42528126],[-76.53323727,3.42548277],[-76.53302544,3.42541331],[-76.53317943,3.42493758],[-76.53361405,3.42507736]]]]},"geometry_name":"the_geom","properties":{"nombre":"CLINICA NUESTRA SENORA DEL ROSARIO","localizaci":"CL10A NO 33 52","servicio":"SALUD","nivel":"2","propiedad":"PRIV","tipos_de_e":"Clínicas NIVEL II","categoria":"Hospitales - Hospitalización","escala":"URBANA","permanenci":"SI","estruc_eco":"NO","url1":null}},{"type":"Feature","id":"eqp_uco_salud.644","geometry":{"type":"MultiPolygon","coordinates":[[[[-76.53266738,3.42759042],[-76.53263749,3.42757244],[-76.53263136,3.42756848],[-76.53252116,3.42750555],[-76.53249235,3.42748855],[-76.5325204,3.42744155],[-76.53252544,3.42743354],[-76.53252832,3.4274285],[-76.53253443,3.42741751],[-76.53256828,3.42743549],[-76.53258845,3.42744646],[-76.53267632,3.42749447],[-76.53268532,3.42749942],[-76.53271342,3.42751443],[-76.53268428,3.42756341],[-76.53266738,3.42759042]]]]},"geometry_name":"the_geom","properties":{"nombre":"CENTRO ODONTOLOGICO SONRIA MAS","localizaci":"CL 10 NO 31 93","servicio":"SALUD","nivel":"2","propiedad":"PRIV","tipos_de_e":"Centros médicos","categoria":"Atención Ambulatoria","escala":"LOCAL","permanenci":"NO","estruc_eco":"NO","url1":null}},{"type":"Feature","id":"eqp_uco_salud.645","geometry":{"type":"MultiPolygon","coordinates":[[[[-76.53455725,3.42718783],[-76.53455832,3.42717685],[-76.53456011,3.42715587],[-76.53456728,3.42709287],[-76.53457014,3.42706884],[-76.53457518,3.42706982],[-76.53469725,3.42710071],[-76.53470517,3.42710278],[-76.53472425,3.42710772],[-76.53470919,3.42720979],[-76.53455725,3.42718783]]]]},"geometry_name":"the_geom","properties":{"nombre":"CLINICA DE LA FAMILIA","localizaci":null,"servicio":"SALUD","nivel":"2","propiedad":"PUB","tipos_de_e":"Clínicas NIVEL II","categoria":"Hospitales - Hospitalización","escala":"ZONAL","permanenci":"NO","estruc_eco":"NO","url1":null}},{"type":"Feature","id":"eqp_uco_salud.646","geometry":{"type":"MultiPolygon","coordinates":[[[[-76.53706758,3.4332679],[-76.5370744,3.43323496],[-76.53715362,3.43325084],[-76.53715039,3.43326785],[-76.53714751,3.4332819],[-76.53714644,3.43328487],[-76.53710983,3.43348596],[-76.53710373,3.43351395],[-76.53709081,3.4335829],[-76.53707681,3.43365897],[-76.53706568,3.43371594],[-76.53702392,3.43370796],[-76.53698683,3.43370096],[-76.53699473,3.43365802],[-76.5370037,3.43361095],[-76.53702882,3.43347899],[-76.53704461,3.43339392],[-76.53706758,3.4332679]]]]},"geometry_name":"the_geom","properties":{"nombre":"CENTRO MEDICO CURARE","localizaci":"KR 27 NO 7 35","servicio":"SALUD","nivel":"2","propiedad":"PRIV","tipos_de_e":"Centros médicos","categoria":"Atención Ambulatoria","escala":"LOCAL","permanenci":"NO","estruc_eco":"NO","url1":null}},{"type":"Feature","id":"eqp_uco_salud.647","geometry":{"type":"MultiPolygon","coordinates":[[[[-76.53911411,3.43487939],[-76.53887037,3.43486846],[-76.53887536,3.43476649],[-76.53891208,3.43476844],[-76.53891424,3.43476844],[-76.53902225,3.43477441],[-76.53905537,3.43477538],[-76.53914718,3.43478037],[-76.5391454,3.43483032],[-76.53914433,3.43483635],[-76.53914326,3.43486029],[-76.53914219,3.43488135],[-76.53914219,3.43488235],[-76.53911411,3.43487939]]]]},"geometry_name":"the_geom","properties":{"nombre":"SALUD TOTAL EPS","localizaci":"CL 6 NO 25 32","servicio":"SALUD","nivel":"2","propiedad":"PRIV","tipos_de_e":"Centros de atención IPS y EPS","categoria":"Atención Ambulatoria","escala":"LOCAL","permanenci":"NO","estruc_eco":"NO","url1":null}},{"type":"Feature","id":"eqp_uco_salud.648","geometry":{"type":"MultiPolygon","coordinates":[[[[-76.54652773,3.42919029],[-76.54651189,3.42919525],[-76.54641794,3.42922231],[-76.54641182,3.42922339],[-76.54637475,3.42923439],[-76.54631283,3.42924037],[-76.54630779,3.42923938],[-76.54629878,3.42923642],[-76.54629374,3.4292294],[-76.54629373,3.42922139],[-76.54636677,3.42914638],[-76.54643873,3.42907136],[-76.54648269,3.4291293],[-76.5464917,3.42914126],[-76.54652773,3.42919029]]]]},"geometry_name":"the_geom","properties":{"nombre":"BANCO DE OJOS DE OCCIDENTE","localizaci":"CL 4C NO 37 02","servicio":"SALUD","nivel":"2","propiedad":"PRIV","tipos_de_e":"Clínicas tematicas","categoria":"Atención Ambulatoria","escala":"URBANA","permanenci":"NO","estruc_eco":"NO","url1":null}},{"type":"Feature","id":"eqp_uco_salud.649","geometry":{"type":"MultiPolygon","coordinates":[[[[-76.54716095,3.42874655],[-76.54715267,3.4287525],[-76.54714871,3.42874656],[-76.54713574,3.42872956],[-76.54713465,3.42872857],[-76.54700171,3.42855656],[-76.54698982,3.42854162],[-76.54697073,3.42851661],[-76.54688966,3.42841163],[-76.54695443,3.42835759],[-76.54695947,3.42835263],[-76.54703468,3.42828959],[-76.54708151,3.42834356],[-76.54715962,3.42831453],[-76.54716862,3.42831147],[-76.54724067,3.42840845],[-76.5473538,3.42855635],[-76.54737074,3.42857641],[-76.54724587,3.42867846],[-76.54716095,3.42874655]]]]},"geometry_name":"the_geom","properties":{"nombre":"SECRETARIA DE SALUD- UNIDAD EJECUTIVA DE SANEAMIENTO","localizaci":"DG 37A NO 37 61","servicio":"SALUD","nivel":"1","propiedad":"PUB","tipos_de_e":"Unidad ejecutora de saneamiento","categoria":"Sanidad","escala":"LOCAL","permanenci":"NO","estruc_eco":"NO","url1":null}},{"type":"Feature","id":"eqp_uco_salud.650","geometry":{"type":"MultiPolygon","coordinates":[[[[-76.53644949,3.42882239],[-76.53645704,3.42884465],[-76.53640936,3.42900605],[-76.53639581,3.42905192],[-76.53610772,3.42895253],[-76.53610756,3.42895252],[-76.53610757,3.42895248],[-76.53610763,3.42895226],[-76.53617254,3.42872598],[-76.53620146,3.42873575],[-76.53644949,3.42882239]]]]},"geometry_name":"the_geom","properties":{"nombre":"SALUDCOOP","localizaci":"CL9 NO 30A 41","servicio":"SALUD","nivel":"2","propiedad":"PRIV","tipos_de_e":"Centros de atención IPS y EPS","categoria":"Atención Ambulatoria","escala":"URBANA","permanenci":"SI","estruc_eco":"NO","url1":null}},{"type":"Feature","id":"eqp_uco_salud.651","geometry":{"type":"MultiPolygon","coordinates":[[[[-76.54591034,3.43986835],[-76.54595207,3.43980433],[-76.54597329,3.43977237],[-76.54600315,3.43972636],[-76.54606329,3.43976629],[-76.54606833,3.43977025],[-76.54608706,3.43978328],[-76.54604829,3.43998132],[-76.54589811,3.43988636],[-76.54591034,3.43986835]]]]},"geometry_name":"the_geom","properties":{"nombre":"CENTRO MEDICO PREVENGA MEDICINA BIOLOGICA","localizaci":"CL 6 OESTESTE NO 24F 13","servicio":"SALUD","nivel":"2","propiedad":"PRIV","tipos_de_e":"Centros médicos","categoria":"Atención Ambulatoria","escala":"LOCAL","permanenci":"NO","estruc_eco":"NO","url1":null}},{"type":"Feature","id":"eqp_uco_salud.652","geometry":{"type":"MultiPolygon","coordinates":[[[[-76.54191464,3.43711696],[-76.54188294,3.43708305],[-76.54187069,3.43707],[-76.54186781,3.43706704],[-76.54175578,3.43694605],[-76.54172371,3.43691006],[-76.5417435,3.43688512],[-76.54176581,3.43685703],[-76.54178562,3.43687709],[-76.54186271,3.43695597],[-76.54188288,3.43697504],[-76.5419207,3.43701498],[-76.54194772,3.43704197],[-76.54198086,3.43707597],[-76.54192977,3.43713396],[-76.54191464,3.43711696]]]]},"geometry_name":"the_geom","properties":{"nombre":"ORTHOPLAN","localizaci":"CL 3 NO 24C 78","servicio":"SALUD","nivel":"2","propiedad":"PRIV","tipos_de_e":"Clínicas tematicas","categoria":"Atención Ambulatoria","escala":"LOCAL","permanenci":"NO","estruc_eco":"NO","url1":null}},{"type":"Feature","id":"eqp_uco_salud.653","geometry":{"type":"MultiPolygon","coordinates":[[[[-76.54485961,3.42427655],[-76.5448856,3.42422386],[-76.54494457,3.42410583],[-76.54495752,3.42407981],[-76.54498344,3.42409177],[-76.54503962,3.42411972],[-76.54499359,3.42420976],[-76.5449864,3.4242238],[-76.54494577,3.4243078],[-76.54494159,3.42431539],[-76.54485961,3.42427655]]]]},"geometry_name":"the_geom","properties":{"nombre":"I.P.S. PUNTO DE SALUD SUSALUD","localizaci":"KR 38 NO 5A 22","servicio":"SALUD","nivel":"2","propiedad":"PRIV","tipos_de_e":"Centros de atención IPS y EPS","categoria":"Atención Ambulatoria","escala":"LOCAL","permanenci":"NO","estruc_eco":"NO","url1":null}},{"type":"Feature","id":"eqp_uco_salud.673","geometry":{"type":"MultiPolygon","coordinates":[[[[-76.54257373,3.43694863],[-76.54254449,3.43692715],[-76.54251436,3.43690377],[-76.54249485,3.43688765],[-76.54252974,3.43683066],[-76.54254665,3.43680257],[-76.54256466,3.43681759],[-76.54263057,3.43687155],[-76.54264066,3.43687956],[-76.54257373,3.43694863]]]]},"geometry_name":"the_geom","properties":{"nombre":"COOMEVA CENTRO ODONTOLOGICO","localizaci":"KR 25 NO 2A 12","servicio":"SALUD","nivel":"2","propiedad":"PRIV","tipos_de_e":"Centros de atención IPS y EPS","categoria":"Atención Ambulatoria","escala":"LOCAL","permanenci":"NO","estruc_eco":"NO","url1":null}},{"type":"Feature","id":"eqp_uco_salud.654","geometry":{"type":"MultiPolygon","coordinates":[[[[-76.54469717,3.42419959],[-76.5447275,3.42413791],[-76.54474332,3.42410595],[-76.54477749,3.42403788],[-76.54477928,3.42403392],[-76.54479654,3.42399989],[-76.54487649,3.42403882],[-76.54485743,3.42407789],[-76.54481967,3.42415387],[-76.5448114,3.42417188],[-76.54478443,3.42422392],[-76.54477814,3.42423795],[-76.54469717,3.42419959]]]]},"geometry_name":"the_geom","properties":{"nombre":"UBA COOMEVA UNIDAD BASICA DE ATENCION","localizaci":"KR 38 NO 5A 36","servicio":"SALUD","nivel":"1","propiedad":"PRIV","tipos_de_e":"Unidad Básica de Atención","categoria":"Atención Ambulatoria","escala":"LOCAL","permanenci":"NO","estruc_eco":"NO","url1":null}},{"type":"Feature","id":"eqp_uco_salud.655","geometry":{"type":"MultiPolygon","coordinates":[[[[-76.53856496,3.43631176],[-76.5383817,3.43630386],[-76.5383849,3.43622682],[-76.53838561,3.43621881],[-76.53838668,3.43619486],[-76.53858866,3.43620771],[-76.53859262,3.4362077],[-76.53859982,3.43620968],[-76.5386027,3.43621274],[-76.53860594,3.4362167],[-76.53860883,3.43622471],[-76.53860384,3.43631273],[-76.53856496,3.43631176]]]]},"geometry_name":"the_geom","properties":{"nombre":"SALUD TOTAL UNIDAD DE ODONTOLOGIA","localizaci":"CL 7 NO 24","servicio":"SALUD","nivel":"2","propiedad":"PRIV","tipos_de_e":"Centros médicos","categoria":"Atención Ambulatoria","escala":"LOCAL","permanenci":"NO","estruc_eco":"NO","url1":null}},{"type":"Feature","id":"eqp_uco_salud.656","geometry":{"type":"MultiPolygon","coordinates":[[[[-76.54211231,3.43496068],[-76.54205831,3.43497367],[-76.54204535,3.43497566],[-76.54203239,3.43497269],[-76.5420223,3.4349637],[-76.54201834,3.43495371],[-76.54196714,3.43482675],[-76.5419873,3.43482169],[-76.54204921,3.43480771],[-76.54207441,3.43480166],[-76.54208019,3.43482668],[-76.54208416,3.43484369],[-76.54209029,3.43486969],[-76.54210653,3.43493665],[-76.54211231,3.43496068]]]]},"geometry_name":"the_geom","properties":{"nombre":"UNIDAD ODONTOLOGICA EL CEDRO","localizaci":"KR 26 NO 4 08","servicio":"SALUD","nivel":"2","propiedad":"PRIV","tipos_de_e":"Centros médicos","categoria":"Atención Ambulatoria","escala":"LOCAL","permanenci":"NO","estruc_eco":"NO","url1":null}},{"type":"Feature","id":"eqp_uco_salud.657","geometry":{"type":"MultiPolygon","coordinates":[[[[-76.5387151,3.43384825],[-76.5386809,3.43384827],[-76.53852213,3.43384539],[-76.53846416,3.43384443],[-76.538453,3.43384444],[-76.53842888,3.43384337],[-76.53843208,3.43377038],[-76.53843315,3.43375139],[-76.53858184,3.43375634],[-76.53860992,3.43375732],[-76.53867797,3.43376025],[-76.53868517,3.43376024],[-76.53871793,3.43376121],[-76.5387151,3.43384825]]]]},"geometry_name":"the_geom","properties":{"nombre":"COMEDICA IPS","localizaci":"CL 7 NO 26 21","servicio":"SALUD","nivel":"2","propiedad":"PRIV","tipos_de_e":"Centros de atención IPS y EPS","categoria":"Atención Ambulatoria","escala":"LOCAL","permanenci":"NO","estruc_eco":"NO","url1":null}},{"type":"Feature","id":"eqp_uco_salud.658","geometry":{"type":"MultiPolygon","coordinates":[[[[-76.53784911,3.43298302],[-76.5377573,3.43297803],[-76.5377321,3.43297706],[-76.53770726,3.43297608],[-76.53766837,3.43297314],[-76.53759925,3.43297012],[-76.53758917,3.43296913],[-76.53756829,3.43296816],[-76.53757007,3.4329362],[-76.5375722,3.43289615],[-76.53760209,3.43289811],[-76.53782314,3.43290698],[-76.53785302,3.43290904],[-76.53785125,3.43294603],[-76.53784911,3.43298302]]]]},"geometry_name":"the_geom","properties":{"nombre":"PROTECCION ORAL","localizaci":"CL7 NO 27 32","servicio":"SALUD","nivel":"2","propiedad":"PRIV","tipos_de_e":"Centros médicos","categoria":"Atención Ambulatoria","escala":"LOCAL","permanenci":"NO","estruc_eco":"NO","url1":null}},{"type":"Feature","id":"eqp_uco_salud.659","geometry":{"type":"MultiPolygon","coordinates":[[[[-76.54072031,3.4329609],[-76.54062527,3.43295601],[-76.5405763,3.43295406],[-76.54058021,3.43286],[-76.54060613,3.43286197],[-76.5406713,3.43286697],[-76.54070226,3.43286893],[-76.5407073,3.43286893],[-76.54070838,3.43286893],[-76.54074946,3.4329329],[-76.5407682,3.43296394],[-76.54072031,3.4329609]]]]},"geometry_name":"the_geom","properties":{"nombre":"HOLISTICA UNIDAD MEDICINA INTEGRAL","localizaci":"KR 5B NO 27 50","servicio":"SALUD","nivel":"2","propiedad":"PRIV","tipos_de_e":"Consultorios Médicos","categoria":"Atención Ambulatoria","escala":"LOCAL","permanenci":"NO","estruc_eco":"NO","url1":null}},{"type":"Feature","id":"eqp_uco_salud.660","geometry":{"type":"MultiPolygon","coordinates":[[[[-76.53595486,3.43250097],[-76.53590985,3.43248705],[-76.53588788,3.43248004],[-76.53590082,3.432438],[-76.53591196,3.43240298],[-76.53592885,3.43234798],[-76.53593568,3.43232601],[-76.53597053,3.43221097],[-76.53597161,3.43220899],[-76.53597952,3.43218396],[-76.53604253,3.43220292],[-76.53603462,3.43222893],[-76.5360048,3.432332],[-76.53599582,3.43236198],[-76.53595486,3.43250097]]]]},"geometry_name":"the_geom","properties":{"nombre":"CLINICA SANTA  ANITA","localizaci":"KR 28 NO 8 51","servicio":"SALUD","nivel":"2","propiedad":"PRIV","tipos_de_e":"Clínicas especializadas","categoria":"SIN DEFINIR","escala":"LOCAL","permanenci":"NO","estruc_eco":"NO","url1":null}},{"type":"Feature","id":"eqp_uco_salud.661","geometry":{"type":"MultiPolygon","coordinates":[[[[-76.54020706,3.43302792],[-76.54016314,3.43302696],[-76.54011526,3.43302698],[-76.54011241,3.43302689],[-76.54002597,3.43302398],[-76.54002811,3.43298698],[-76.54001911,3.432986],[-76.54002018,3.43297304],[-76.54002197,3.43294406],[-76.54002588,3.43286197],[-76.54003299,3.43270797],[-76.54003477,3.43266702],[-76.54012908,3.43267076],[-76.54013305,3.43267092],[-76.54020686,3.43267394],[-76.54021698,3.43267404],[-76.54020701,3.43294494],[-76.54020701,3.43294593],[-76.54021098,3.43294593],[-76.54020706,3.43301991],[-76.54020706,3.43302792]]]]},"geometry_name":"the_geom","properties":{"nombre":"SANARTE","localizaci":"KR 28  NO 5B 43","servicio":"SALUD","nivel":"2","propiedad":"PRIV","tipos_de_e":"Consultorios Médicos","categoria":"Atención Ambulatoria","escala":"LOCAL","permanenci":"NO","estruc_eco":"NO","url1":null}},{"type":"Feature","id":"eqp_uco_salud.662","geometry":{"type":"MultiPolygon","coordinates":[[[[-76.54118565,3.43161387],[-76.54117051,3.43159291],[-76.54114241,3.43155494],[-76.54122446,3.43149189],[-76.54124965,3.43147279],[-76.54129468,3.4315328],[-76.54126841,3.43155181],[-76.54120076,3.43160288],[-76.54118565,3.43161387]]]]},"geometry_name":"the_geom","properties":{"nombre":"D'ORAL CLINICA DENTAL","localizaci":"KR 34 NO D28 17","servicio":"SALUD","nivel":"2","propiedad":"PRIV","tipos_de_e":"Clínicas tematicas","categoria":"Atención Ambulatoria","escala":"LOCAL","permanenci":"NO","estruc_eco":"NO","url1":null}},{"type":"Feature","id":"eqp_uco_salud.663","geometry":{"type":"MultiPolygon","coordinates":[[[[-76.54055457,3.43359025],[-76.54055524,3.43359005],[-76.54055579,3.43357949],[-76.54055644,3.43356707],[-76.54055819,3.43353344],[-76.54055915,3.43351496],[-76.54055998,3.43349906],[-76.54056204,3.43348956],[-76.54056926,3.43348101],[-76.54057978,3.43347725],[-76.54058739,3.43347866],[-76.54058961,3.43347929],[-76.54059023,3.43347963],[-76.5405908,3.43347963],[-76.54061163,3.43348553],[-76.54066333,3.43350055],[-76.54066333,3.43350857],[-76.54065835,3.43361261],[-76.54057627,3.43361167],[-76.54055416,3.43361093],[-76.54055457,3.43359025]]]]},"geometry_name":"the_geom","properties":{"nombre":"SELVA SALUD","localizaci":"CL 5B NO 26 93","servicio":"SALUD","nivel":"1","propiedad":"PRIV","tipos_de_e":"Centros médicos","categoria":"Atención Ambulatoria","escala":"LOCAL","permanenci":"NO","estruc_eco":"NO","url1":null}},{"type":"Feature","id":"eqp_uco_salud.664","geometry":{"type":"MultiPolygon","coordinates":[[[[-76.53953031,3.434851],[-76.53953208,3.43480392],[-76.53961525,3.43480891],[-76.53963937,3.43481088],[-76.53969518,3.43481382],[-76.5396934,3.43485585],[-76.53969233,3.4348779],[-76.5396902,3.43491985],[-76.53968914,3.43495891],[-76.53968914,3.4349599],[-76.53968736,3.43499086],[-76.53968026,3.43515989],[-76.53967954,3.43517186],[-76.53967741,3.43522092],[-76.53959748,3.43521691],[-76.53957156,3.43521594],[-76.5395136,3.435213],[-76.5395143,3.43518501],[-76.53951644,3.43515297],[-76.53952249,3.435023],[-76.53952817,3.434887],[-76.53952924,3.43486594],[-76.53953031,3.434851]]]]},"geometry_name":"the_geom","properties":{"nombre":"IMPLANDENT CLINICA ODONTOLOGICA","localizaci":"KR 25 NO 5 90","servicio":"SALUD","nivel":"2","propiedad":"PRIV","tipos_de_e":"Clínicas tematicas","categoria":"Atención Ambulatoria","escala":"ZONAL","permanenci":"NO","estruc_eco":"NO","url1":null}},{"type":"Feature","id":"eqp_uco_salud.665","geometry":{"type":"MultiPolygon","coordinates":[[[[-76.54070333,3.43210133],[-76.54056442,3.43220141],[-76.54053921,3.43219044],[-76.54046715,3.43209445],[-76.54049234,3.43207742],[-76.54049918,3.43207247],[-76.54056108,3.43202941],[-76.54059239,3.43200743],[-76.5406201,3.43198833],[-76.54062226,3.43198734],[-76.54063811,3.43201037],[-76.54068639,3.43207731],[-76.54070333,3.43210133]]]]},"geometry_name":"the_geom","properties":{"nombre":"UNICANCER","localizaci":"DG 28 NO 29 1","servicio":"SALUD","nivel":"2","propiedad":"PRIV","tipos_de_e":"Centros médicos","categoria":"Atención Ambulatoria","escala":"ZONAL","permanenci":"NO","estruc_eco":"NO","url1":null}},{"type":"Feature","id":"eqp_uco_salud.666","geometry":{"type":"MultiPolygon","coordinates":[[[[-76.53920855,3.43117677],[-76.53918442,3.43117579],[-76.53907642,3.43117091],[-76.53906958,3.43116983],[-76.53903933,3.43116886],[-76.5390436,3.43107786],[-76.53906556,3.43107884],[-76.53907348,3.43107883],[-76.53917933,3.43108381],[-76.53920741,3.43108577],[-76.53929562,3.43108977],[-76.53931146,3.43108976],[-76.53931039,3.43110371],[-76.53930932,3.43112775],[-76.53930755,3.43118076],[-76.53920855,3.43117677]]]]},"geometry_name":"the_geom","properties":{"nombre":"CENTRO DE PROFESIONALES LA MILAGROSA","localizaci":"AV ROOSEVELT NO 29 72","servicio":"SALUD","nivel":"2","propiedad":"PRIV","tipos_de_e":"Consultorios Médicos","categoria":"Atención Ambulatoria","escala":"LOCAL","permanenci":"NO","estruc_eco":"NO","url1":null}},{"type":"Feature","id":"eqp_uco_salud.667","geometry":{"type":"MultiPolygon","coordinates":[[[[-76.53911875,3.4315309],[-76.53914755,3.43153286],[-76.53917779,3.43153383],[-76.53918859,3.43153383],[-76.53919687,3.43153481],[-76.53919867,3.43153481],[-76.53922063,3.43153579],[-76.53922964,3.43153677],[-76.53926456,3.43153774],[-76.53929156,3.43153871],[-76.53929085,3.43155078],[-76.53929086,3.43156779],[-76.53928978,3.43157679],[-76.53928978,3.43158075],[-76.53928765,3.43163277],[-76.53923869,3.43162983],[-76.53921961,3.43162984],[-76.53921493,3.43162876],[-76.53919693,3.43162877],[-76.53918865,3.43162779],[-76.5391386,3.43162584],[-76.53911772,3.43162486],[-76.53905868,3.43162192],[-76.5390576,3.43162193],[-76.53901871,3.43161988],[-76.53902262,3.4315269],[-76.53906978,3.43152885],[-76.53911875,3.4315309]]]]},"geometry_name":"the_geom","properties":{"nombre":"CLINICA LOS ANGELES IPS","localizaci":"AV ROOSEVELT NO 29 18","servicio":"SALUD","nivel":"2","propiedad":"PRIV","tipos_de_e":"Centros de atención IPS y EPS","categoria":"Atención Ambulatoria","escala":"ZONAL","permanenci":"NO","estruc_eco":"NO","url1":null}},{"type":"Feature","id":"eqp_uco_salud.668","geometry":{"type":"MultiPolygon","coordinates":[[[[-76.53962209,3.43221463],[-76.53959004,3.43221258],[-76.53957528,3.43221259],[-76.53955116,3.43221062],[-76.53951012,3.43220867],[-76.53950112,3.43220867],[-76.53945503,3.43220672],[-76.53944927,3.43220672],[-76.53945388,3.43208665],[-76.53945495,3.43207171],[-76.53945709,3.43203166],[-76.53945709,3.43202167],[-76.53945816,3.43201069],[-76.53946207,3.43192563],[-76.53946278,3.43191168],[-76.53952399,3.43191462],[-76.53963703,3.43192058],[-76.53962921,3.43208754],[-76.53962707,3.4321176],[-76.53962493,3.43215955],[-76.53962209,3.43221463]]]]},"geometry_name":"the_geom","properties":{"nombre":"COOMEVA UNIDAD MEDICA VICENTINA","localizaci":"KR 29 NO 5C 05","servicio":"SALUD","nivel":"2","propiedad":"PRIV","tipos_de_e":"Centros de atención IPS y EPS","categoria":"Atención Ambulatoria","escala":"ZONAL","permanenci":"NO","estruc_eco":"NO","url1":null}},{"type":"Feature","id":"eqp_uco_salud.669","geometry":{"type":"MultiPolygon","coordinates":[[[[-76.5460876,3.43978499],[-76.54606887,3.43977195],[-76.54606383,3.43976799],[-76.54600369,3.43972807],[-76.54597379,3.43970801],[-76.54594858,3.43969003],[-76.54590176,3.43965909],[-76.54590068,3.4396581],[-76.54599564,3.43951206],[-76.54600571,3.43949604],[-76.54612852,3.43957796],[-76.5460876,3.43978499]]]]},"geometry_name":"the_geom","properties":{"nombre":"I.M CUBANO MEDICINA INTEGRATIVA","localizaci":"CL 6 OESTE NO 24F 39","servicio":"SALUD","nivel":"2","propiedad":"PRIV","tipos_de_e":null,"categoria":"SIN DEFINIR","escala":"LOCAL","permanenci":"NO","estruc_eco":"NO","url1":null}},{"type":"Feature","id":"eqp_uco_salud.670","geometry":{"type":"MultiPolygon","coordinates":[[[[-76.54120423,3.43632741],[-76.54114733,3.43628442],[-76.54112031,3.43626338],[-76.54123004,3.43612336],[-76.54123903,3.43611336],[-76.54125127,3.43610832],[-76.54126531,3.4361093],[-76.54126603,3.43611029],[-76.54133014,3.43616227],[-76.54131323,3.43618433],[-76.54125244,3.43626438],[-76.54124237,3.43627735],[-76.54121646,3.43631139],[-76.54120423,3.43632741]]]]},"geometry_name":"the_geom","properties":{"nombre":"SERVICIO ODONTOLOGICO INFANTIL","localizaci":"KR 25 NO 4 95","servicio":"SALUD","nivel":"2","propiedad":"PRIV","tipos_de_e":"Centros médicos","categoria":"Atención Ambulatoria","escala":"LOCAL","permanenci":"NO","estruc_eco":"NO","url1":null}},{"type":"Feature","id":"eqp_uco_salud.671","geometry":{"type":"MultiPolygon","coordinates":[[[[-76.546373,3.43286982],[-76.54631726,3.43280393],[-76.54663319,3.43253664],[-76.54666624,3.43256194],[-76.54669458,3.43259358],[-76.54672606,3.43262205],[-76.54675754,3.43265369],[-76.54662847,3.432766],[-76.54657967,3.4326964],[-76.546373,3.43286982]]]]},"geometry_name":"the_geom","properties":{"nombre":"FUNDACION PARKINSON DE COLOMBIA","localizaci":"KR 36 NO 4 56","servicio":"SALUD","nivel":"2","propiedad":"PRIV","tipos_de_e":"Centros médicos","categoria":"Atención Ambulatoria","escala":"URBANA","permanenci":"NO","estruc_eco":"NO","url1":null}},{"type":"Feature","id":"eqp_uco_salud.674","geometry":{"type":"MultiPolygon","coordinates":[[[[-76.54158462,3.43669315],[-76.54156949,3.43668118],[-76.54156553,3.43667822],[-76.54154752,3.43666419],[-76.54157451,3.43663015],[-76.54159645,3.43660017],[-76.54160832,3.43658513],[-76.54168854,3.43648311],[-76.54169826,3.43646906],[-76.54170257,3.43646411],[-76.54175336,3.43650602],[-76.54174257,3.43651908],[-76.54173933,3.43652304],[-76.54166162,3.43661912],[-76.54164867,3.43663614],[-76.54161953,3.43667116],[-76.54159543,3.43670214],[-76.54158462,3.43669315]]]]},"geometry_name":"the_geom","properties":{"nombre":"CLINICA VICTOR DE PORTILLO ODONTOLOGIA","localizaci":"KR 25 NO 3 15","servicio":"SALUD","nivel":"2","propiedad":"PRIV","tipos_de_e":"Centros médicos","categoria":"Atención Ambulatoria","escala":"LOCAL","permanenci":"NO","estruc_eco":"NO","url1":null}},{"type":"Feature","id":"eqp_uco_salud.675","geometry":{"type":"MultiPolygon","coordinates":[[[[-76.54626563,3.4361959],[-76.54625591,3.43620193],[-76.54623358,3.43618998],[-76.54620477,3.43617298],[-76.54616768,3.43615095],[-76.54611654,3.43612101],[-76.54603983,3.43607605],[-76.54600958,3.43605807],[-76.54603764,3.43602907],[-76.54609053,3.43597999],[-76.54610745,3.43597098],[-76.54622947,3.43592294],[-76.54623163,3.43592896],[-76.54624245,3.43596397],[-76.54627058,3.43604892],[-76.54627166,3.43605288],[-76.54628285,3.43608689],[-76.54629475,3.43612487],[-76.54629583,3.43612694],[-76.54630989,3.43617094],[-76.54626887,3.43619391],[-76.54626563,3.4361959]]]]},"geometry_name":"the_geom","properties":{"nombre":"CORPUS Y ROSTRUM LASER CENTER","localizaci":"CL 3 OESTESTE NO 34 96","servicio":"SALUD","nivel":"2","propiedad":"PRIV","tipos_de_e":"Centros médicos","categoria":"Atención Ambulatoria","escala":"ZONAL","permanenci":"NO","estruc_eco":"NO","url1":null}},{"type":"Feature","id":"eqp_uco_salud.676","geometry":{"type":"MultiPolygon","coordinates":[[[[-76.54532706,3.43801994],[-76.5452572,3.43798101],[-76.54527194,3.43795598],[-76.54533308,3.4378519],[-76.54534495,3.43782993],[-76.54536693,3.4378589],[-76.54536909,3.43786187],[-76.54539287,3.43789291],[-76.54538892,3.43790092],[-76.54534001,3.4379959],[-76.54533605,3.43800293],[-76.54532706,3.43801994]]]]},"geometry_name":"the_geom","properties":{"nombre":"CENTRO VETERINARIO ANIMALITO","localizaci":"KR 26OESTE NO 3 51","servicio":"SALUD","nivel":"2","propiedad":"PRIV","tipos_de_e":"Centros médicos","categoria":"Atención Ambulatoria","escala":"LOCAL","permanenci":"NO","estruc_eco":"NO","url1":null}},{"type":"Feature","id":"eqp_uco_salud.677","geometry":{"type":"MultiPolygon","coordinates":[[[[-76.54394282,3.43713844],[-76.5439306,3.43715843],[-76.54383659,3.43708252],[-76.54385062,3.43706451],[-76.54385673,3.43705749],[-76.54391969,3.43698041],[-76.54406539,3.43680031],[-76.54409058,3.43677033],[-76.54409958,3.4367723],[-76.54410462,3.43677635],[-76.54414064,3.43679928],[-76.5441205,3.43683529],[-76.54411654,3.43684132],[-76.54407554,3.43691137],[-76.54402051,3.43700537],[-76.54400073,3.43704039],[-76.54397555,3.43708244],[-76.54394462,3.43713439],[-76.54394282,3.43713844]]]]},"geometry_name":"the_geom","properties":{"nombre":"CENTRO MEDICO BIOLOGICO DR. OBYRNE","localizaci":"KR 26 NO 2 38","servicio":"SALUD","nivel":"2","propiedad":"PRIV","tipos_de_e":"Centros médicos","categoria":"Atención Ambulatoria","escala":"LOCAL","permanenci":"NO","estruc_eco":"NO","url1":null}},{"type":"Feature","id":"eqp_uco_salud.678","geometry":{"type":"MultiPolygon","coordinates":[[[[-76.54312159,3.43369295],[-76.54306348,3.43344997],[-76.54309841,3.43345292],[-76.5431895,3.43346394],[-76.54324134,3.43346886],[-76.54325826,3.43347083],[-76.5432615,3.43347182],[-76.54330255,3.43347584],[-76.54331338,3.43352282],[-76.54333538,3.43360786],[-76.54334441,3.43364278],[-76.54329545,3.43365387],[-76.54318242,3.43367887],[-76.54312159,3.43369295]]]]},"geometry_name":"the_geom","properties":{"nombre":"CENTRO DE RADIOLOGIA ORAL","localizaci":"KR 34 NO 27 171","servicio":"SALUD","nivel":"2","propiedad":"PRIV","tipos_de_e":"Centros médicos","categoria":"Atención Ambulatoria","escala":"LOCAL","permanenci":"NO","estruc_eco":"NO","url1":null}},{"type":"Feature","id":"eqp_uco_salud.679","geometry":{"type":"MultiPolygon","coordinates":[[[[-76.54648968,3.43454672],[-76.54639565,3.43442977],[-76.54639168,3.43442374],[-76.54636971,3.43439675],[-76.5464665,3.43431371],[-76.5465836,3.43446971],[-76.54655769,3.43449168],[-76.54648968,3.43454672]]]]},"geometry_name":"the_geom","properties":{"nombre":"CLINICA ODONTOLOGICA","localizaci":"KR 35A No 3Bis 65","servicio":"SALUD","nivel":"2","propiedad":"PRIV","tipos_de_e":"Clínicas tematicas","categoria":"Atención Ambulatoria","escala":"LOCAL","permanenci":"NO","estruc_eco":"NO","url1":null}},{"type":"Feature","id":"eqp_uco_salud.680","geometry":{"type":"MultiPolygon","coordinates":[[[[-76.54626882,3.43487383],[-76.54613876,3.43471595],[-76.54612904,3.43470398],[-76.54607968,3.43464497],[-76.54615093,3.43458391],[-76.54619668,3.43463986],[-76.546201,3.43464391],[-76.54625901,3.4347139],[-76.5462799,3.43473882],[-76.54629395,3.43475582],[-76.54634007,3.43481186],[-76.54629905,3.43484789],[-76.54628789,3.43485789],[-76.54626882,3.43487383]]]]},"geometry_name":"the_geom","properties":{"nombre":"CLINICA DE ALERGIAS","localizaci":"CL 3 No 35 14","servicio":"SALUD","nivel":"2","propiedad":"PRIV","tipos_de_e":"Clínicas especializadas","categoria":"SIN DEFINIR","escala":"ZONAL","permanenci":"NO","estruc_eco":"NO","url1":null}},{"type":"Feature","id":"eqp_uco_salud.681","geometry":{"type":"MultiPolygon","coordinates":[[[[-76.54443583,3.43326839],[-76.54440376,3.43323042],[-76.5445495,3.43311333],[-76.54467272,3.43326825],[-76.54472964,3.43333923],[-76.54467566,3.43338219],[-76.54465767,3.43339723],[-76.54461485,3.43343128],[-76.54458894,3.43345227],[-76.5445349,3.43338731],[-76.54450968,3.43335736],[-76.5444769,3.43331831],[-76.54443583,3.43326839]]]]},"geometry_name":"the_geom","properties":{"nombre":"SEDE CONSULTA EXTRENA MEDICINA INTERNA","localizaci":"KR 35 NO 4A 88","servicio":"SALUD","nivel":"2","propiedad":"PRIV","tipos_de_e":"Centros médicos","categoria":"Atención Ambulatoria","escala":"LOCAL","permanenci":"NO","estruc_eco":"NO","url1":null}},{"type":"Feature","id":"eqp_uco_salud.682","geometry":{"type":"MultiPolygon","coordinates":[[[[-76.54983739,3.42720164],[-76.54983235,3.4272047],[-76.54982335,3.42720768],[-76.54981652,3.42721371],[-76.54980824,3.42721372],[-76.54980247,3.42720967],[-76.54974847,3.42720367],[-76.54972216,3.4271657],[-76.54969334,3.42712378],[-76.54966235,3.42707772],[-76.54965118,3.42706179],[-76.5496011,3.42698676],[-76.5495593,3.4269218],[-76.54963524,3.42688278],[-76.54967632,3.42694774],[-76.54973433,3.4270387],[-76.54979415,3.42713371],[-76.54982226,3.4271787],[-76.54983739,3.42720164]]]]},"geometry_name":"the_geom","properties":{"nombre":"CONSULTORIO MEDICO","localizaci":"KR 38B NO 37A 04","servicio":"SALUD","nivel":"2","propiedad":"PRIV","tipos_de_e":"Centros médicos","categoria":"Atención Ambulatoria","escala":"ZONAL","permanenci":"NO","estruc_eco":"NO","url1":null}},{"type":"Feature","id":"eqp_uco_salud.683","geometry":{"type":"MultiPolygon","coordinates":[[[[-76.54618844,3.42830761],[-76.54618339,3.42828862],[-76.5461823,3.42828358],[-76.54615741,3.42818559],[-76.5461574,3.42818361],[-76.54614225,3.42812565],[-76.5461671,3.42813761],[-76.54629026,3.42819856],[-76.54633815,3.42822247],[-76.5463684,3.42823748],[-76.54635941,3.42824145],[-76.54627626,3.4282775],[-76.54619024,3.42830761],[-76.54618844,3.42830761]]]]},"geometry_name":"the_geom","properties":{"nombre":"ODONTOLOGIA EXPRESS","localizaci":"KR 38 NO 4C 30","servicio":"SALUD","nivel":"2","propiedad":"PRIV","tipos_de_e":"Centros médicos","categoria":"Atención Ambulatoria","escala":"LOCAL","permanenci":"NO","estruc_eco":"NO","url1":null}},{"type":"Feature","id":"eqp_uco_salud.684","geometry":{"type":"MultiPolygon","coordinates":[[[[-76.54604285,3.42826143],[-76.54603674,3.4282744],[-76.5459287,3.42822046],[-76.5459197,3.42821542],[-76.54585668,3.4281845],[-76.54583795,3.42817452],[-76.5458077,3.42815951],[-76.54578574,3.42814854],[-76.54572488,3.42811761],[-76.54571875,3.42811456],[-76.54566257,3.4280866],[-76.54564169,3.42807563],[-76.54563485,3.42807266],[-76.54558659,3.42804866],[-76.54543678,3.4279727],[-76.54539503,3.42795084],[-76.54539915,3.42794302],[-76.54541064,3.42794395],[-76.54551261,3.42774764],[-76.54551836,3.4277327],[-76.54556719,3.42763971],[-76.54619964,3.42795425],[-76.54617555,3.42800035],[-76.54615972,3.42803132],[-76.54611765,3.42811432],[-76.54606767,3.42821336],[-76.54604285,3.42826143]]]]},"geometry_name":"the_geom","properties":{"nombre":"CENTRO DE ATENCION CLINIFAMILIAR","localizaci":"CL 5 NO 38","servicio":"SALUD","nivel":"2","propiedad":"PRIV","tipos_de_e":null,"categoria":"SIN DEFINIR","escala":"URBANA","permanenci":"SI","estruc_eco":"NO","url1":null}},{"type":"Feature","id":"eqp_uco_salud.685","geometry":{"type":"MultiPolygon","coordinates":[[[[-76.54550562,3.42820583],[-76.54549376,3.42822987],[-76.54533677,3.42819099],[-76.54532884,3.42819],[-76.54532272,3.42818299],[-76.54529462,3.42814097],[-76.54529474,3.42812266],[-76.54531535,3.42810189],[-76.54539503,3.42795084],[-76.54543672,3.42797186],[-76.54558653,3.42804783],[-76.54554158,3.42813687],[-76.54553475,3.42814983],[-76.54551389,3.42819089],[-76.54550562,3.42820583]]]]},"geometry_name":"the_geom","properties":{"nombre":"EDIFICIO CONSULMEDICOS","localizaci":"CL 5 NO 38 14","servicio":"SALUD","nivel":"2","propiedad":"PRIV","tipos_de_e":"Consultorios Médicos","categoria":"Atención Ambulatoria","escala":"URBANA","permanenci":"SI","estruc_eco":"NO","url1":null}},{"type":"Feature","id":"eqp_uco_salud.686","geometry":{"type":"MultiPolygon","coordinates":[[[[-76.54622147,3.42796543],[-76.54619964,3.42795425],[-76.54556719,3.42763971],[-76.54569121,3.42740268],[-76.54596418,3.42754752],[-76.54597427,3.42755354],[-76.54599839,3.4275655],[-76.54610751,3.42762349],[-76.54615433,3.42764848],[-76.54626453,3.42770638],[-76.54633547,3.42774432],[-76.54629735,3.42781634],[-76.54629555,3.42782138],[-76.54625851,3.42789242],[-76.54622147,3.42796543]]]]},"geometry_name":"the_geom","properties":{"nombre":"CLINICA SAN FERNANDO","localizaci":"CL 5A NO 38 104","servicio":"SALUD","nivel":"2","propiedad":"PRIV","tipos_de_e":"Clínicas NIVEL II","categoria":"Hospitales - Hospitalización","escala":"REGIONAL","permanenci":"SI","estruc_eco":"NO","url1":null}},{"type":"Feature","id":"eqp_uco_salud.687","geometry":{"type":"MultiPolygon","coordinates":[[[[-76.54588484,3.42709496],[-76.54585495,3.42707896],[-76.54586681,3.42705402],[-76.54587292,3.427038],[-76.54588766,3.42699794],[-76.54591683,3.42701295],[-76.54604683,3.42707984],[-76.54601268,3.42716293],[-76.54588484,3.42709496]]]]},"geometry_name":"the_geom","properties":{"nombre":"COOMEVA EMERGENCIA MEDICA","localizaci":"CL 5 NO 38 17","servicio":"SALUD","nivel":"2","propiedad":"PRIV","tipos_de_e":"Centros de atención IPS y EPS","categoria":"Atención Ambulatoria","escala":"LOCAL","permanenci":"NO","estruc_eco":"NO","url1":null}},{"type":"Feature","id":"eqp_uco_salud.688","geometry":{"type":"MultiPolygon","coordinates":[[[[-76.54772601,3.42500277],[-76.54770297,3.42499874],[-76.54768821,3.42499676],[-76.54767813,3.42499479],[-76.54763528,3.42498878],[-76.54765501,3.42486781],[-76.54765717,3.42485782],[-76.54767905,3.4247228],[-76.54768407,3.42469777],[-76.54777409,3.42471374],[-76.54777014,3.42473769],[-76.54776907,3.42474669],[-76.54775687,3.42481573],[-76.54775113,3.42485371],[-76.5477479,3.4248727],[-76.54774395,3.42489476],[-76.54774216,3.42490277],[-76.54773821,3.42492869],[-76.54773103,3.42496974],[-76.54772816,3.42498774],[-76.54772601,3.42500277]]]]},"geometry_name":"the_geom","properties":{"nombre":"I.P.S. AMISALUD COOMEVA","localizaci":"KR 39 NO 4A 45","servicio":"SALUD","nivel":"2","propiedad":"PRIV","tipos_de_e":"Centros de atención IPS y EPS","categoria":"Atención Ambulatoria","escala":"LOCAL","permanenci":"NO","estruc_eco":"NO","url1":null}},{"type":"Feature","id":"eqp_uco_salud.689","geometry":{"type":"MultiPolygon","coordinates":[[[[-76.54142179,3.42833868],[-76.54133183,3.4284047],[-76.54123058,3.4282658],[-76.54122986,3.42826481],[-76.54120176,3.42822576],[-76.54129172,3.42815974],[-76.54131082,3.42818673],[-76.5413155,3.42819275],[-76.54136667,3.42826374],[-76.54138865,3.4282937],[-76.54142179,3.42833868]]]]},"geometry_name":"the_geom","properties":{"nombre":"LIGA COLOMBIANA CONTRA LA EPILEPSIA","localizaci":"CL5B2 NO36 36","servicio":"SALUD","nivel":"2","propiedad":"PRIV","tipos_de_e":"Centros médicos","categoria":"Atención Ambulatoria","escala":"LOCAL","permanenci":"NO","estruc_eco":"NO","url1":null}},{"type":"Feature","id":"eqp_uco_salud.690","geometry":{"type":"MultiPolygon","coordinates":[[[[-76.54283769,3.42601292],[-76.54283085,3.42600293],[-76.54282256,3.42599187],[-76.54276059,3.42590694],[-76.54274654,3.42588796],[-76.54281059,3.42584094],[-76.54282248,3.42585785],[-76.54282464,3.42586091],[-76.54289959,3.42596383],[-76.54288951,3.42597185],[-76.54283769,3.42601292]]]]},"geometry_name":"the_geom","properties":{"nombre":"MED INTERVENCIONISTAS EN DOLOR","localizaci":"CL 5B4 NO 37 108","servicio":"SALUD","nivel":"2","propiedad":"PRIV","tipos_de_e":"Centros médicos","categoria":"Atención Ambulatoria","escala":"LOCAL","permanenci":"NO","estruc_eco":"NO","url1":null}},{"type":"Feature","id":"eqp_uco_salud.691","geometry":{"type":"MultiPolygon","coordinates":[[[[-76.54324749,3.4304729],[-76.54322375,3.43051891],[-76.54312076,3.43046199],[-76.54318657,3.43034297],[-76.54319664,3.43032496],[-76.54323045,3.43026392],[-76.54325346,3.43022089],[-76.54325958,3.4302099],[-76.54335933,3.43026286],[-76.54333056,3.43031688],[-76.54327158,3.43042788],[-76.54326044,3.43044994],[-76.54324749,3.4304729]]]]},"geometry_name":"the_geom","properties":{"nombre":"FUNDACANCER","localizaci":"KR 36B NO 5 55","servicio":"SALUD","nivel":"2","propiedad":"PRIV","tipos_de_e":"Centros médicos temáticos","categoria":"Atención Ambulatoria","escala":"LOCAL","permanenci":"NO","estruc_eco":"NO","url1":null}},{"type":"Feature","id":"eqp_uco_salud.692","geometry":{"type":"MultiPolygon","coordinates":[[[[-76.5428119,3.43054727],[-76.54270902,3.43048909],[-76.542891,3.43017694],[-76.54290577,3.43018593],[-76.54292702,3.4301969],[-76.54293206,3.43019986],[-76.54294178,3.43020589],[-76.54298495,3.43023192],[-76.5429712,3.43025571],[-76.54294065,3.43031174],[-76.54292385,3.43034398],[-76.54288413,3.43041613],[-76.54285358,3.43046833],[-76.5428119,3.43054727]]]]},"geometry_name":"the_geom","properties":{"nombre":"I.P.S. SAN FERNANDO","localizaci":"KR 36 NO 5 80","servicio":"SALUD","nivel":"2","propiedad":"PRIV","tipos_de_e":"Centros de atención IPS y EPS","categoria":"Atención Ambulatoria","escala":"LOCAL","permanenci":"NO","estruc_eco":"NO","url1":null}},{"type":"Feature","id":"eqp_uco_salud.693","geometry":{"type":"MultiPolygon","coordinates":[[[[-76.54350898,3.42746471],[-76.54346394,3.42740371],[-76.54344701,3.42738077],[-76.54342071,3.42734577],[-76.54340197,3.42731878],[-76.54337783,3.42728577],[-76.54335873,3.42725977],[-76.54333567,3.42722783],[-76.54331262,3.42719679],[-76.54329064,3.42716683],[-76.54326578,3.42713282],[-76.54324776,3.42710781],[-76.54322578,3.42707786],[-76.54320453,3.42704889],[-76.54316057,3.42698987],[-76.54311661,3.42692896],[-76.54307266,3.42686797],[-76.54356854,3.42649668],[-76.54373228,3.42637454],[-76.54373336,3.42637454],[-76.5437795,3.42647748],[-76.54396047,3.42688842],[-76.5439198,3.42691841],[-76.5440769,3.42714738],[-76.54355294,3.4275257],[-76.54350898,3.42746471]]]]},"geometry_name":"the_geom","properties":{"nombre":"INSTITUTO TOBIAS EMANUEL (PARA CIEGOS Y SORDOS)","localizaci":"CL 5B2 NO 37A 75","servicio":"SALUD","nivel":"2","propiedad":"PRIV","tipos_de_e":"Institutos especializados NIVEL II","categoria":"Atención Ambulatoria","escala":"REGIONAL","permanenci":"SI","estruc_eco":"NO","url1":null}},{"type":"Feature","id":"eqp_uco_salud.694","geometry":{"type":"MultiPolygon","coordinates":[[[[-76.54436825,3.42617034],[-76.5444744,3.42636796],[-76.544473,3.42636897],[-76.54449823,3.42641504],[-76.54446332,3.42643999],[-76.5444133,3.42647701],[-76.54438739,3.42649611],[-76.54436508,3.42651205],[-76.54434133,3.42653007],[-76.54432333,3.42654214],[-76.54432225,3.42653908],[-76.54430315,3.42650408],[-76.54426314,3.42642715],[-76.54422602,3.42635715],[-76.54421413,3.4263342],[-76.54419503,3.4262992],[-76.54418313,3.42627617],[-76.54409303,3.42610422],[-76.54408114,3.42608227],[-76.54413907,3.42603921],[-76.54425099,3.42595508],[-76.54426505,3.42598109],[-76.54429712,3.4260411],[-76.5443519,3.42614403],[-76.54436704,3.42617103],[-76.54436825,3.42617034]]]]},"geometry_name":"the_geom","properties":{"nombre":"CENTRO DEMARTOLOGICO DE CALI","localizaci":"CL5B3 NO 38 44","servicio":"SALUD","nivel":"2","propiedad":"PRIV","tipos_de_e":"Centros médicos","categoria":"Atención Ambulatoria","escala":"LOCAL","permanenci":"NO","estruc_eco":"NO","url1":null}},{"type":"Feature","id":"eqp_uco_salud.695","geometry":{"type":"MultiPolygon","coordinates":[[[[-76.54246533,3.42935375],[-76.54242821,3.42930373],[-76.54244117,3.42929472],[-76.54244441,3.42929175],[-76.54254517,3.42921564],[-76.54256426,3.42924164],[-76.5425812,3.42926368],[-76.54258948,3.42927367],[-76.54246533,3.42935375]]]]},"geometry_name":"the_geom","properties":{"nombre":"TECNISALUD","localizaci":"KR 36A NO 5B1 26","servicio":"SALUD","nivel":"1","propiedad":"PRIV","tipos_de_e":"Centros médicos","categoria":"Atención Ambulatoria","escala":"LOCAL","permanenci":"NO","estruc_eco":"NO","url1":null}},{"type":"Feature","id":"eqp_uco_salud.696","geometry":{"type":"MultiPolygon","coordinates":[[[[-76.54362552,3.42546093],[-76.54359454,3.42541801],[-76.54358337,3.42540398],[-76.5435704,3.42538598],[-76.54356932,3.425385],[-76.54353437,3.42533704],[-76.54352032,3.42531797],[-76.54360128,3.42525798],[-76.54361426,3.42527597],[-76.54361642,3.42527993],[-76.54365029,3.42532591],[-76.54366326,3.42534291],[-76.54368235,3.4253699],[-76.54370649,3.42540193],[-76.54368634,3.42541688],[-76.54362552,3.42546093]]]]},"geometry_name":"the_geom","properties":{"nombre":"ONCOLOGOS ASOCIADOS","localizaci":"CL 5B4 NO 38 16","servicio":"SALUD","nivel":"2","propiedad":"PRIV","tipos_de_e":"Centros médicos","categoria":"Atención Ambulatoria","escala":"LOCAL","permanenci":"NO","estruc_eco":"NO","url1":null}},{"type":"Feature","id":"eqp_uco_salud.697","geometry":{"type":"MultiPolygon","coordinates":[[[[-76.54370649,3.42540193],[-76.54368235,3.4253699],[-76.54366326,3.42534291],[-76.54365029,3.42532591],[-76.54361642,3.42527993],[-76.54361426,3.42527597],[-76.54360128,3.42525798],[-76.54368045,3.42519889],[-76.54369342,3.4252159],[-76.54369631,3.42521994],[-76.54375828,3.42530487],[-76.54376224,3.42530883],[-76.54377233,3.42532385],[-76.54378746,3.42534284],[-76.5437835,3.4253459],[-76.54376335,3.42536085],[-76.54373636,3.42538085],[-76.54370649,3.42540193]]]]},"geometry_name":"the_geom","properties":{"nombre":"CENTRO DE VACUNACION LOS FARALLONES","localizaci":"CL5B4 NO38 28","servicio":"SALUD","nivel":"2","propiedad":"PRIV","tipos_de_e":"Centros médicos","categoria":"Atención Ambulatoria","escala":"LOCAL","permanenci":"NO","estruc_eco":"NO","url1":null}},{"type":"Feature","id":"eqp_uco_salud.698","geometry":{"type":"MultiPolygon","coordinates":[[[[-76.54392689,3.42523481],[-76.54390671,3.42520782],[-76.54389662,3.42519486],[-76.54383862,3.42511587],[-76.54383357,3.42510885],[-76.54382168,3.42509185],[-76.54388286,3.42504582],[-76.54389259,3.42506085],[-76.54389979,3.42506984],[-76.5439877,3.42518878],[-76.54392689,3.42523481]]]]},"geometry_name":"the_geom","properties":{"nombre":"UMA ( UNIDAD MENTAL AMBULATORIA","localizaci":"CL 5B4 NO 38 54","servicio":"SALUD","nivel":"2","propiedad":"PRIV","tipos_de_e":null,"categoria":"Atención Ambulatoria","escala":"LOCAL","permanenci":"NO","estruc_eco":"NO","url1":null}},{"type":"Feature","id":"eqp_uco_salud.699","geometry":{"type":"MultiPolygon","coordinates":[[[[-76.54495725,3.42408014],[-76.54493204,3.42406719],[-76.54491115,3.42405613],[-76.54487622,3.42403914],[-76.54497295,3.42384513],[-76.54497403,3.42384315],[-76.54499021,3.4238111],[-76.54507124,3.42385209],[-76.54505506,3.42388405],[-76.54495725,3.42408014]]]]},"geometry_name":"the_geom","properties":{"nombre":"COOPSACOC","localizaci":"KR 39 NO 5A 41","servicio":"SALUD","nivel":"2","propiedad":"PRIV","tipos_de_e":"Centros de atención IPS y EPS","categoria":"Atención Ambulatoria","escala":"LOCAL","permanenci":"NO","estruc_eco":"NO","url1":null}},{"type":"Feature","id":"eqp_uco_salud.700","geometry":{"type":"MultiPolygon","coordinates":[[[[-76.54479624,3.42400021],[-76.54476995,3.42398627],[-76.54475627,3.42398025],[-76.54473502,3.42396928],[-76.54471521,3.4239593],[-76.5447411,3.4239042],[-76.544758,3.42387026],[-76.54476592,3.42385523],[-76.54480799,3.42376916],[-76.54480907,3.42376718],[-76.54482705,3.42373018],[-76.54490987,3.42377117],[-76.54489513,3.42380115],[-76.54489189,3.42380619],[-76.54484623,3.42390018],[-76.54483903,3.42391423],[-76.54479624,3.42400021]]]]},"geometry_name":"the_geom","properties":{"nombre":"OPTIMEX","localizaci":"KR 39 NO 5A 55","servicio":"SALUD","nivel":"2","propiedad":"PRIV","tipos_de_e":"Centros médicos temáticos","categoria":"Atención Ambulatoria","escala":"LOCAL","permanenci":"NO","estruc_eco":"NO","url1":null}},{"type":"Feature","id":"eqp_uco_salud.701","geometry":{"type":"MultiPolygon","coordinates":[[[[-76.54208382,3.42679953],[-76.54204059,3.42674052],[-76.54206074,3.42672655],[-76.54207765,3.42671349],[-76.54215646,3.4266545],[-76.54217265,3.42664252],[-76.54218849,3.42663045],[-76.54220864,3.42661549],[-76.54223959,3.42659243],[-76.54226442,3.42657343],[-76.54227559,3.42658845],[-76.54229756,3.42661742],[-76.54230765,3.42663137],[-76.5422857,3.4266474],[-76.54227743,3.42665442],[-76.54221445,3.42670144],[-76.5421925,3.42671847],[-76.54210757,3.42678152],[-76.54209678,3.42678954],[-76.54208382,3.42679953]]]]},"geometry_name":"the_geom","properties":{"nombre":"CENTRO DE NEUROREHABILITACION SURGIR","localizaci":"KR 37 NO 5B3 56","servicio":"SALUD","nivel":"2","propiedad":"PRIV","tipos_de_e":"Consultorios tematicos","categoria":"Atención Ambulatoria","escala":"LOCAL","permanenci":"NO","estruc_eco":"NO","url1":null}},{"type":"Feature","id":"eqp_uco_salud.702","geometry":{"type":"MultiPolygon","coordinates":[[[[-76.54338853,3.42580614],[-76.54337628,3.42579111],[-76.54337448,3.42578913],[-76.5433262,3.42572616],[-76.54330315,3.42569611],[-76.54327829,3.42566418],[-76.54330923,3.42563914],[-76.5433373,3.42561716],[-76.54337113,3.42559113],[-76.54339128,3.42557411],[-76.5434695,3.42574309],[-76.54338853,3.42580614]]]]},"geometry_name":"the_geom","properties":{"nombre":"SISANAR","localizaci":"KR 38 NO 5B3 11","servicio":"SALUD","nivel":"2","propiedad":"PRIV","tipos_de_e":"Centros de atención IPS y EPS","categoria":"Atención Ambulatoria","escala":"LOCAL","permanenci":"NO","estruc_eco":"NO","url1":null}},{"type":"Feature","id":"eqp_uco_salud.703","geometry":{"type":"MultiPolygon","coordinates":[[[[-76.54384152,3.42491391],[-76.54364375,3.42464509],[-76.54369327,3.42460584],[-76.54388858,3.42487897],[-76.54384152,3.42491391]]]]},"geometry_name":"the_geom","properties":{"nombre":"SANAVI MEDICINA NATURAL","localizaci":"CL 5B4 NO 38 115","servicio":"SALUD","nivel":"2","propiedad":"PRIV","tipos_de_e":"Centros médicos","categoria":"Atención Ambulatoria","escala":"LOCAL","permanenci":"NO","estruc_eco":"NO","url1":null}},{"type":"Feature","id":"eqp_uco_salud.704","geometry":{"type":"MultiPolygon","coordinates":[[[[-76.54393685,3.42484314],[-76.54388858,3.42487897],[-76.54369327,3.42460584],[-76.54374279,3.42456852],[-76.54393685,3.42484314]]]]},"geometry_name":"the_geom","properties":{"nombre":"UNIDAD RENAL","localizaci":"CL 5B4 NO 38 117","servicio":"SALUD","nivel":"2","propiedad":"PRIV","tipos_de_e":"Consultorios tematicos","categoria":"Atención Ambulatoria","escala":"LOCAL","permanenci":"NO","estruc_eco":"NO","url1":null}},{"type":"Feature","id":"eqp_uco_salud.705","geometry":{"type":"MultiPolygon","coordinates":[[[[-76.53820153,3.42675684],[-76.53821878,3.42670778],[-76.53823967,3.42671479],[-76.53829584,3.42673374],[-76.53835453,3.42675477],[-76.53841287,3.42677472],[-76.53844888,3.42678667],[-76.53847588,3.42679466],[-76.53854862,3.42682162],[-76.53856879,3.42682962],[-76.53870382,3.42687958],[-76.53870778,3.42688057],[-76.53873083,3.42688956],[-76.53870495,3.42696058],[-76.53867799,3.42703152],[-76.53864887,3.42711254],[-76.53861904,3.42719465],[-76.53860215,3.42724065],[-76.53856009,3.42735561],[-76.53855793,3.42735966],[-76.53855217,3.42736164],[-76.53845309,3.42722966],[-76.53835906,3.42710371],[-76.53831402,3.42704479],[-76.53827078,3.42698676],[-76.53822178,3.42692181],[-76.53816882,3.42685181],[-76.53820153,3.42675684]]]]},"geometry_name":"the_geom","properties":{"nombre":"CLINICA REY DAVID","localizaci":"KR 34  CL 8 Y 16","servicio":"SALUD","nivel":"2","propiedad":"PRIV","tipos_de_e":"Clínicas NIVEL II","categoria":"Hospitales - Hospitalización","escala":"URBANA","permanenci":"SI","estruc_eco":"NO","url1":null}},{"type":"Feature","id":"eqp_uco_salud.706","geometry":{"type":"MultiPolygon","coordinates":[[[[-76.54123773,3.42499332],[-76.54124995,3.42496433],[-76.54125283,3.42495731],[-76.54127871,3.42489429],[-76.54129561,3.42485333],[-76.54138779,3.42489027],[-76.54140292,3.42489728],[-76.54142596,3.42490627],[-76.54136988,3.42504428],[-76.54123773,3.42499332]]]]},"geometry_name":"the_geom","properties":{"nombre":"CENTRO DE PROFESIONALES BAMBU","localizaci":"KR 34 NO 5E 08","servicio":"SALUD","nivel":"2","propiedad":"PRIV","tipos_de_e":"Consultorios Médicos","categoria":"SIN DEFINIR","escala":"LOCAL","permanenci":"NO","estruc_eco":"NO","url1":null}},{"type":"Feature","id":"eqp_uco_salud.707","geometry":{"type":"MultiPolygon","coordinates":[[[[-76.54103506,3.42337728],[-76.54103002,3.42337522],[-76.54082512,3.42328434],[-76.54085388,3.42321934],[-76.54105806,3.42330923],[-76.54109011,3.42332325],[-76.54105991,3.42338825],[-76.54103506,3.42337728]]]]},"geometry_name":"the_geom","properties":{"nombre":"CORPORACION DE SERVICIOS MEDICOS COSMITET LTDA","localizaci":"AV ROOSEVELT NO 38 15","servicio":"SALUD","nivel":"2","propiedad":"PRIV","tipos_de_e":"Centros médicos","categoria":"Atención Ambulatoria","escala":"LOCAL","permanenci":"NO","estruc_eco":"NO","url1":null}},{"type":"Feature","id":"eqp_uco_salud.708","geometry":{"type":"MultiPolygon","coordinates":[[[[-76.54105806,3.42330923],[-76.54085388,3.42321934],[-76.5408661,3.42319234],[-76.54088192,3.42315533],[-76.54090101,3.42316333],[-76.54098203,3.42319929],[-76.54099788,3.4232063],[-76.54108682,3.42324522],[-76.54111815,3.42325915],[-76.54109011,3.42332325],[-76.54105806,3.42330923]]]]},"geometry_name":"the_geom","properties":{"nombre":"ODONTOFAMILIA","localizaci":"AV. ROOSEVELT.NO 38 25","servicio":"SALUD","nivel":"2","propiedad":"PRIV","tipos_de_e":"Centros médicos temáticos","categoria":"Atención Ambulatoria","escala":"LOCAL","permanenci":"NO","estruc_eco":"NO","url1":null}},{"type":"Feature","id":"eqp_uco_salud.709","geometry":{"type":"MultiPolygon","coordinates":[[[[-76.54264622,3.42457927],[-76.54261235,3.42452934],[-76.54262709,3.42449432],[-76.5426501,3.42443931],[-76.54265621,3.42442428],[-76.54267311,3.42438728],[-76.54267311,3.42438629],[-76.54268318,3.42436225],[-76.54274982,3.42439316],[-76.54272212,3.42446024],[-76.54269911,3.42451525],[-76.54269443,3.4245283],[-76.54268545,3.42455027],[-76.54267646,3.42457233],[-76.54266316,3.42460329],[-76.54264622,3.42457927]]]]},"geometry_name":"the_geom","properties":{"nombre":"ODONTOLOGIA","localizaci":"KR 38 NO 5B5 35","servicio":"SALUD","nivel":"2","propiedad":"PRIV","tipos_de_e":"Centros médicos temáticos","categoria":"Atención Ambulatoria","escala":"LOCAL","permanenci":"NO","estruc_eco":"NO","url1":null}},{"type":"Feature","id":"eqp_uco_salud.787","geometry":{"type":"MultiPolygon","coordinates":[[[[-76.49438414,3.41837757],[-76.49435623,3.418345],[-76.49445463,3.41825032],[-76.49448489,3.41828136],[-76.49438414,3.41837757]]]]},"geometry_name":"the_geom","properties":{"nombre":"UNIDAD MEDICA PROVIVIR","localizaci":"KR 28F NO 72U 44","servicio":"SALUD","nivel":"1","propiedad":"PRIV","tipos_de_e":"Centros médicos","categoria":"Atención Ambulatoria","escala":"LOCAL","permanenci":"NO","estruc_eco":"NO","url1":null}},{"type":"Feature","id":"eqp_uco_salud.710","geometry":{"type":"MultiPolygon","coordinates":[[[[-76.54242442,3.42453143],[-76.54240714,3.42452442],[-76.54239634,3.42451948],[-76.54240532,3.42449841],[-76.54243804,3.42442144],[-76.54244703,3.42439938],[-76.54248909,3.42430134],[-76.54249125,3.42429738],[-76.54250041,3.42427618],[-76.54258225,3.42431456],[-76.54257408,3.42433433],[-76.5425712,3.42434135],[-76.54247628,3.42455336],[-76.54242442,3.42453143]]]]},"geometry_name":"the_geom","properties":{"nombre":"CENTRO MEDICO ATENCION INSTANTANEA AL DOLOR","localizaci":"KR 38 NO 5B5 67","servicio":"SALUD","nivel":"2","propiedad":"PRIV","tipos_de_e":"Centros médicos","categoria":"Atención Ambulatoria","escala":"LOCAL","permanenci":"NO","estruc_eco":"NO","url1":null}},{"type":"Feature","id":"eqp_uco_salud.711","geometry":{"type":"MultiPolygon","coordinates":[[[[-76.54283775,3.42451086],[-76.54273506,3.4244653],[-76.54272212,3.42446024],[-76.54274982,3.42439316],[-76.54309296,3.4245541],[-76.54295916,3.42464808],[-76.54294504,3.42462817],[-76.54294,3.42462115],[-76.54287802,3.42453623],[-76.54286613,3.42451922],[-76.5428535,3.42450096],[-76.54284612,3.42450443],[-76.54284366,3.42450641],[-76.54283775,3.42451086]]]]},"geometry_name":"the_geom","properties":{"nombre":"LOS CERROS GRUPO ODONTOLOGICO","localizaci":"DG 32A NO 37A 61","servicio":"SALUD","nivel":"2","propiedad":"PRIV","tipos_de_e":"Centros médicos","categoria":"Atención Ambulatoria","escala":"LOCAL","permanenci":"NO","estruc_eco":"NO","url1":null}},{"type":"Feature","id":"eqp_uco_salud.712","geometry":{"type":"MultiPolygon","coordinates":[[[[-76.54466928,3.42609532],[-76.54442022,3.42627257],[-76.54436862,3.4261722],[-76.54439134,3.42615953],[-76.54441042,3.42614952],[-76.54441941,3.4261425],[-76.54445216,3.42611845],[-76.54445432,3.42611647],[-76.54448311,3.42609548],[-76.5444993,3.4260835],[-76.54454429,3.42605044],[-76.54455112,3.4260454],[-76.54458819,3.42601738],[-76.5446231,3.42599342],[-76.54464725,3.42604633],[-76.54466928,3.42609532]]]]},"geometry_name":"the_geom","properties":{"nombre":"D' SALUD","localizaci":"KR 38 NO 5B2 41","servicio":"SALUD","nivel":"1","propiedad":"PRIV","tipos_de_e":"Centros médicos","categoria":"Atención Ambulatoria","escala":"LOCAL","permanenci":"NO","estruc_eco":"NO","url1":null}},{"type":"Feature","id":"eqp_uco_salud.713","geometry":{"type":"MultiPolygon","coordinates":[[[[-76.53896719,3.43272358],[-76.53912632,3.43273348],[-76.53912525,3.43275049],[-76.53912348,3.43280449],[-76.53899855,3.43279853],[-76.53896435,3.43279756],[-76.53896719,3.43272358]]]]},"geometry_name":"the_geom","properties":{"nombre":"CLINICA GINECOLOGICA","localizaci":"AV ROOSEVELT NO 27 44","servicio":"SALUD","nivel":"2","propiedad":"PRIV","tipos_de_e":"Clínicas tematicas","categoria":"Atención Ambulatoria","escala":"ZONAL","permanenci":"NO","estruc_eco":"NO","url1":null}},{"type":"Feature","id":"eqp_uco_salud.714","geometry":{"type":"MultiPolygon","coordinates":[[[[-76.52685506,3.43925138],[-76.52667108,3.43924545],[-76.52667603,3.43907741],[-76.52677288,3.4390814],[-76.52682185,3.43908237],[-76.52685785,3.43908334],[-76.52685786,3.43910737],[-76.52685506,3.43925138]]]]},"geometry_name":"the_geom","properties":{"nombre":"SALUD COLOMBIA","localizaci":"KR 19 NO 13B 40","servicio":"SALUD","nivel":"2","propiedad":"PRIV","tipos_de_e":"Centros de atención IPS y EPS","categoria":"Atención Ambulatoria","escala":"ZONAL","permanenci":"NO","estruc_eco":"NO","url1":null}},{"type":"Feature","id":"eqp_uco_salud.715","geometry":{"type":"MultiPolygon","coordinates":[[[[-76.52566405,3.43786486],[-76.52548115,3.43785704],[-76.52548399,3.43778899],[-76.52548398,3.43776802],[-76.52550306,3.43776801],[-76.52552215,3.43776899],[-76.52554303,3.43776898],[-76.52566508,3.43776991],[-76.52566509,3.4377889],[-76.52566404,3.43784686],[-76.52566405,3.43786486]]]]},"geometry_name":"the_geom","properties":{"nombre":"CENTRO MEDICO ARANJUEZ","localizaci":"CL 15 NO 21  09","servicio":"SALUD","nivel":"1","propiedad":"PUB","tipos_de_e":"Centros médicos","categoria":"Atención Ambulatoria","escala":"LOCAL","permanenci":"NO","estruc_eco":"NO","url1":null}},{"type":"Feature","id":"eqp_uco_salud.716","geometry":{"type":"MultiPolygon","coordinates":[[[[-76.53433628,3.43881926],[-76.53432548,3.43881828],[-76.53425635,3.43881534],[-76.53426246,3.43878834],[-76.53426426,3.43878834],[-76.53427647,3.43874126],[-76.53428439,3.43873828],[-76.53429554,3.43870525],[-76.53430238,3.43870425],[-76.53430633,3.43868724],[-76.53433837,3.43869028],[-76.53434054,3.43870522],[-76.5343445,3.43870621],[-76.53435535,3.43879828],[-76.5343604,3.43882024],[-76.53433628,3.43881926]]]]},"geometry_name":"the_geom","properties":{"nombre":"CENTRO MEDICO SAN BOSCO","localizaci":"CL 8A NO 16  108","servicio":"SALUD","nivel":"1","propiedad":"PRIV","tipos_de_e":"Centros médicos","categoria":"Atención Ambulatoria","escala":"LOCAL","permanenci":"NO","estruc_eco":"NO","url1":null}},{"type":"Feature","id":"eqp_uco_salud.717","geometry":{"type":"MultiPolygon","coordinates":[[[[-76.52888731,3.46320992],[-76.52890925,3.46317489],[-76.52896717,3.46308387],[-76.5289812,3.4630628],[-76.52899631,3.46303786],[-76.52902005,3.46299977],[-76.5290503,3.46301875],[-76.52910613,3.46305373],[-76.52909138,3.46307876],[-76.52917637,3.46313172],[-76.5291422,3.46319376],[-76.52913824,3.46319079],[-76.52907745,3.46328776],[-76.52905227,3.46332782],[-76.52903822,3.46331784],[-76.52897231,3.4632708],[-76.52888731,3.46320992]]]]},"geometry_name":"the_geom","properties":{"nombre":"CAFESALUD","localizaci":"CL 22 N.  AV  5A   AV  5B","servicio":"SALUD","nivel":"2","propiedad":"PRIV","tipos_de_e":"Centros de atención IPS y EPS","categoria":"Atención Ambulatoria","escala":"ZONAL","permanenci":"NO","estruc_eco":"NO","url1":null}},{"type":"Feature","id":"eqp_uco_salud.718","geometry":{"type":"MultiPolygon","coordinates":[[[[-76.52654706,3.46113504],[-76.52655606,3.46112208],[-76.52660103,3.46105905],[-76.52662084,3.46107497],[-76.52665001,3.461097],[-76.52678796,3.4612079],[-76.52681822,3.46123192],[-76.52676209,3.46130494],[-76.5267322,3.46127994],[-76.52654706,3.46113504]]]]},"geometry_name":"the_geom","properties":{"nombre":"FUNDACION EL AMPARO IPS","localizaci":"AV LAS AMERICAS  NO 21 N  68","servicio":"SALUD","nivel":"2","propiedad":"PRIV","tipos_de_e":"Centros de atención IPS y EPS","categoria":"Atención Ambulatoria","escala":"LOCAL","permanenci":"NO","estruc_eco":"NO","url1":null}},{"type":"Feature","id":"eqp_uco_salud.719","geometry":{"type":"MultiPolygon","coordinates":[[[[-76.52648961,3.46075705],[-76.52657167,3.460694],[-76.5265958,3.46071703],[-76.52659868,3.46072],[-76.52673881,3.46085394],[-76.52676078,3.46087589],[-76.52674495,3.46089093],[-76.52673991,3.46089588],[-76.52673703,3.46089894],[-76.52669781,3.46093893],[-76.52667476,3.46091896],[-76.52665999,3.46090493],[-76.5266499,3.46089701],[-76.52662577,3.46087497],[-76.52662289,3.46087299],[-76.52660272,3.46085599],[-76.52652887,3.46078907],[-76.52652275,3.46078502],[-76.52648961,3.46075705]]]]},"geometry_name":"the_geom","properties":{"nombre":"UNIDAD DE ACONDICIONAMIENTO FISICO Y REHABILITACION","localizaci":"AV 2N NO 21 N  00","servicio":"SALUD","nivel":"2","propiedad":"PRIV","tipos_de_e":"Centro de ....","categoria":"SIN DEFINIR","escala":"LOCAL","permanenci":"NO","estruc_eco":"NO","url1":null}},{"type":"Feature","id":"eqp_uco_salud.720","geometry":{"type":"MultiPolygon","coordinates":[[[[-76.52657167,3.460694],[-76.5266476,3.46063492],[-76.5266739,3.46065992],[-76.52668687,3.46067198],[-76.52673369,3.46071794],[-76.52675495,3.4607389],[-76.52678268,3.46076589],[-76.52682699,3.46080889],[-76.52680792,3.46082789],[-76.52676078,3.46087589],[-76.52673881,3.46085394],[-76.52659868,3.46072],[-76.5265958,3.46071703],[-76.52657167,3.460694]]]]},"geometry_name":"the_geom","properties":{"nombre":"CENTRO DE ORTOPEDIA Y FRACTURAS","localizaci":"AV 2N NO 21 N 1  65","servicio":"SALUD","nivel":"2","propiedad":"PRIV","tipos_de_e":"Centros médicos","categoria":"Atención Ambulatoria","escala":"LOCAL","permanenci":"NO","estruc_eco":"NO","url1":null}},{"type":"Feature","id":"eqp_uco_salud.721","geometry":{"type":"MultiPolygon","coordinates":[[[[-76.52635335,3.46086315],[-76.52635443,3.46086216],[-76.52641021,3.46081911],[-76.52646225,3.46085425],[-76.52665141,3.46098868],[-76.52660655,3.46105202],[-76.52658026,3.46103305],[-76.52653632,3.46100103],[-76.52651435,3.46098502],[-76.5265003,3.46097306],[-76.52648553,3.46096208],[-76.52638721,3.46088707],[-76.52638324,3.4608851],[-76.52635335,3.46086315]]]]},"geometry_name":"the_geom","properties":{"nombre":"CENTRO DE ORTOPEDIA Y FRACTURAS","localizaci":"AV 2N NO 21 N 1  65","servicio":"SALUD","nivel":"2","propiedad":"PRIV","tipos_de_e":"Centros médicos","categoria":"Atención Ambulatoria","escala":"LOCAL","permanenci":"NO","estruc_eco":"NO","url1":null}},{"type":"Feature","id":"eqp_uco_salud.722","geometry":{"type":"MultiPolygon","coordinates":[[[[-76.52881446,3.46165583],[-76.52888928,3.46153276],[-76.52891954,3.4615538],[-76.5290013,3.46161172],[-76.52902759,3.46162971],[-76.52904055,3.4616387],[-76.52911655,3.46169167],[-76.52911763,3.46169266],[-76.52910864,3.46170671],[-76.52906367,3.46177874],[-76.52904461,3.46180872],[-76.52903957,3.46181673],[-76.52902048,3.4618027],[-76.52887533,3.46169981],[-76.52883932,3.46167382],[-76.52881446,3.46165583]]]]},"geometry_name":"the_geom","properties":{"nombre":"DIME","localizaci":"AV  5 NO  20N 75","servicio":"SALUD","nivel":"2","propiedad":"PRIV","tipos_de_e":"Centros de atención IPS y EPS","categoria":"Atención Ambulatoria","escala":"LOCAL","permanenci":"NO","estruc_eco":"NO","url1":null}},{"type":"Feature","id":"eqp_uco_salud.723","geometry":{"type":"MultiPolygon","coordinates":[[[[-76.52863761,3.46092717],[-76.52867409,3.46095099],[-76.52866199,3.46097026],[-76.52872507,3.46101281],[-76.52863602,3.46114594],[-76.52838392,3.46097573],[-76.52838997,3.46096807],[-76.52844717,3.46087596],[-76.52848499,3.46081455],[-76.5286229,3.46090658],[-76.52864243,3.4609196],[-76.52863691,3.46092778],[-76.52863761,3.46092717]]]]},"geometry_name":"the_geom","properties":{"nombre":"CRUZ BLANCA","localizaci":"AV 4 N NO 20  33","servicio":"SALUD","nivel":"2","propiedad":"PRIV","tipos_de_e":"Centros de atención IPS y EPS","categoria":"Atención Ambulatoria","escala":"URBANA","permanenci":"SI","estruc_eco":"NO","url1":null}},{"type":"Feature","id":"eqp_uco_salud.724","geometry":{"type":"MultiPolygon","coordinates":[[[[-76.52789289,3.46252039],[-76.52791483,3.46248536],[-76.52799289,3.46235832],[-76.5281049,3.46243729],[-76.5281438,3.46246427],[-76.52804582,3.4626209],[-76.52789289,3.46252039]]]]},"geometry_name":"the_geom","properties":{"nombre":"NUEVA EPS VERSALLES","localizaci":"AV 5 N NO 2 N  86","servicio":"SALUD","nivel":"2","propiedad":"PRIV","tipos_de_e":"Centros de atención IPS y EPS","categoria":"Atención Ambulatoria","escala":"ZONAL","permanenci":"NO","estruc_eco":"NO","url1":null}},{"type":"Feature","id":"eqp_uco_salud.725","geometry":{"type":"MultiPolygon","coordinates":[[[[-76.52773742,3.46240898],[-76.52775337,3.46238252],[-76.52776152,3.462369],[-76.52780913,3.46229007],[-76.52782386,3.46226565],[-76.52791443,3.46211547],[-76.52796638,3.46215106],[-76.52798805,3.46216591],[-76.52797084,3.46219336],[-76.52790789,3.46230109],[-76.52789477,3.46232321],[-76.52787187,3.46236183],[-76.52783227,3.46242861],[-76.52781041,3.46246027],[-76.52773742,3.46240898]]]]},"geometry_name":"the_geom","properties":{"nombre":"CLINICA DE LA VISION DEL VALLE","localizaci":"CL 22 N No 4 N  23","servicio":"SALUD","nivel":"2","propiedad":"PRIV","tipos_de_e":"Clínicas tematicas","categoria":"Atención Ambulatoria","escala":"URBANA","permanenci":"NO","estruc_eco":"NO","url1":null}},{"type":"Feature","id":"eqp_uco_salud.726","geometry":{"type":"MultiPolygon","coordinates":[[[[-76.53080004,3.46032771],[-76.53074671,3.4602417],[-76.530715,3.46018969],[-76.53069086,3.46015073],[-76.53066779,3.46011375],[-76.53064293,3.46007371],[-76.53064185,3.46007272],[-76.53073471,3.46001471],[-76.53073758,3.46001273],[-76.53073867,3.46001372],[-76.53073975,3.4600157],[-76.53079091,3.46009568],[-76.53086803,3.46021859],[-76.53095199,3.46035157],[-76.53088288,3.46039661],[-76.53085481,3.46041562],[-76.53084292,3.46039663],[-76.53080004,3.46032771]]]]},"geometry_name":"the_geom","properties":{"nombre":"NUCLEO PROFESIONAL DE OCCIDENTE","localizaci":"AV 5 N NO 17 98","servicio":"SALUD","nivel":"1","propiedad":"PRIV","tipos_de_e":"Centros médicos","categoria":"Atención Ambulatoria","escala":"LOCAL","permanenci":"NO","estruc_eco":"NO","url1":null}},{"type":"Feature","id":"eqp_uco_salud.727","geometry":{"type":"MultiPolygon","coordinates":[[[[-76.5291592,3.45932955],[-76.52927437,3.45925541],[-76.52938427,3.45943437],[-76.5293904,3.45944436],[-76.52940626,3.45947135],[-76.52929433,3.45954549],[-76.52909242,3.45967953],[-76.52898144,3.45950561],[-76.52901239,3.45948561],[-76.52901527,3.45948363],[-76.52915023,3.45939652],[-76.52918622,3.45937247],[-76.52916136,3.45933153],[-76.5291592,3.45932955]]]]},"geometry_name":"the_geom","properties":{"nombre":"SALUD TOTAL","localizaci":"AV 4N NO 19 N  03","servicio":"SALUD","nivel":"2","propiedad":"PRIV","tipos_de_e":"Unidad Básica de Atención","categoria":"Atención Ambulatoria","escala":"ZONAL","permanenci":"NO","estruc_eco":"NO","url1":null}},{"type":"Feature","id":"eqp_uco_salud.728","geometry":{"type":"MultiPolygon","coordinates":[[[[-76.53368727,3.46257222],[-76.5339334,3.46233006],[-76.53395212,3.46233203],[-76.53401837,3.46233901],[-76.53379132,3.46257918],[-76.53377549,3.46259521],[-76.53375246,3.46262016],[-76.53368727,3.46257222]]]]},"geometry_name":"the_geom","properties":{"nombre":"MEDICAL TRADE DE COLOMBIA","localizaci":"CL 18 N NO 9A N 35","servicio":"SALUD","nivel":"1","propiedad":"PRIV","tipos_de_e":"Centros médicos","categoria":"Atención Ambulatoria","escala":"LOCAL","permanenci":"NO","estruc_eco":"NO","url1":null}},{"type":"Feature","id":"eqp_uco_salud.729","geometry":{"type":"MultiPolygon","coordinates":[[[[-76.53185541,3.45730582],[-76.53182827,3.45727724],[-76.53180193,3.4572495],[-76.53178504,3.45723171],[-76.53180864,3.45718803],[-76.53183954,3.45713084],[-76.53187523,3.45706479],[-76.53191056,3.45710664],[-76.53199967,3.45721221],[-76.53202412,3.45724118],[-76.53206265,3.45728682],[-76.53208252,3.45731064],[-76.53200456,3.45738586],[-76.53196592,3.45742166],[-76.53192819,3.45738246],[-76.53189168,3.45734401],[-76.53185541,3.45730582]]]]},"geometry_name":"the_geom","properties":{"nombre":"CLINICA DE OTORRINOLARINGOLOGIA","localizaci":"AV 4 N CON CL 15 N","servicio":"SALUD","nivel":"2","propiedad":"PRIV","tipos_de_e":"Clínicas tematicas","categoria":"Atención Ambulatoria","escala":"ZONAL","permanenci":"NO","estruc_eco":"NO","url1":null}},{"type":"Feature","id":"eqp_uco_salud.730","geometry":{"type":"MultiPolygon","coordinates":[[[[-76.53046827,3.4593228],[-76.53043837,3.45928484],[-76.53034037,3.45915483],[-76.5303274,3.45913783],[-76.53030434,3.45910787],[-76.53029209,3.45909087],[-76.53041626,3.45901384],[-76.53043535,3.45903679],[-76.53049336,3.45911074],[-76.53055713,3.45919171],[-76.53056037,3.45919675],[-76.53057334,3.45921177],[-76.53062522,3.45927871],[-76.53068935,3.45935968],[-76.53068755,3.45936067],[-76.53062744,3.4593967],[-76.53055654,3.45943877],[-76.53048736,3.45934881],[-76.53046827,3.4593228]]]]},"geometry_name":"the_geom","properties":{"nombre":"OFICINAS CALI SALUD EPS","localizaci":"AV 4 N NO 17 N 43","servicio":"SALUD","nivel":"2","propiedad":"PRIV","tipos_de_e":"Centros de atención IPS y EPS","categoria":"Atención Ambulatoria","escala":"LOCAL","permanenci":"NO","estruc_eco":"NO","url1":null}},{"type":"Feature","id":"eqp_uco_salud.731","geometry":{"type":"MultiPolygon","coordinates":[[[[-76.53579924,3.4540142],[-76.53581686,3.45400205],[-76.53582062,3.45400766],[-76.53585825,3.45406376],[-76.53586372,3.4540719],[-76.53586951,3.45408053],[-76.53590731,3.45413689],[-76.5359131,3.45414552],[-76.53594353,3.45419088],[-76.53594932,3.45419951],[-76.53598744,3.45425634],[-76.53599015,3.45426038],[-76.53599384,3.45426588],[-76.53597174,3.45427956],[-76.53586575,3.45434517],[-76.53586533,3.45434453],[-76.53586223,3.4543399],[-76.53585429,3.45432807],[-76.5358485,3.45431944],[-76.53579041,3.45423282],[-76.53578463,3.45422419],[-76.53576296,3.45419189],[-76.53573487,3.45415],[-76.53571585,3.45412164],[-76.53570688,3.45410827],[-76.53569314,3.45408778],[-76.53570372,3.45408005],[-76.53574852,3.45404916],[-76.53578801,3.45402194],[-76.53579448,3.45401748],[-76.53579924,3.4540142]]]]},"geometry_name":"the_geom","properties":{"nombre":"OFICINAS ADMINISTRATIVAS CRUZ BLANCA","localizaci":"AV 2 N","servicio":"SALUD","nivel":"1","propiedad":"PRIV","tipos_de_e":"Centros de atención IPS y EPS","categoria":"Atención Ambulatoria","escala":"URBANA","permanenci":"SI","estruc_eco":"NO","url1":null}},{"type":"Feature","id":"eqp_uco_salud.732","geometry":{"type":"MultiPolygon","coordinates":[[[[-76.53240182,3.46565308],[-76.53242306,3.46565208],[-76.5324299,3.46565208],[-76.53254907,3.46565201],[-76.5325499,3.46585101],[-76.5325499,3.46585605],[-76.53254991,3.46586604],[-76.53254991,3.46587504],[-76.53241994,3.46587314],[-76.53241022,3.46586513],[-76.53240409,3.46585415],[-76.532403,3.46584308],[-76.53240182,3.46565308]]]]},"geometry_name":"the_geom","properties":{"nombre":"DEUSAS CENTRO DE SALUD Y BELLEZA","localizaci":"AV 8N NO 23N-93","servicio":"SALUD","nivel":"1","propiedad":"PRIV","tipos_de_e":"Centros médicos","categoria":"Atención Ambulatoria","escala":"LOCAL","permanenci":"NO","estruc_eco":"NO","url1":null}},{"type":"Feature","id":"eqp_uco_salud.733","geometry":{"type":"MultiPolygon","coordinates":[[[[-76.53192167,3.46522735],[-76.53192165,3.46519936],[-76.53192054,3.46513635],[-76.53192054,3.46513338],[-76.53192053,3.4651143],[-76.53195545,3.46511428],[-76.53208254,3.46511422],[-76.5320937,3.46511421],[-76.53211062,3.4651142],[-76.53211677,3.46516028],[-76.53212185,3.46522823],[-76.53209664,3.46522725],[-76.53208584,3.46522726],[-76.53195263,3.46522733],[-76.53192167,3.46522735]]]]},"geometry_name":"the_geom","properties":{"nombre":"CLINICA INSTITUTO OCULAR DE OCCIDENTE","localizaci":"AV 8 N No 23N-26","servicio":"SALUD","nivel":"2","propiedad":"PRIV","tipos_de_e":"Clínicas tematicas","categoria":"Atención Ambulatoria","escala":"ZONAL","permanenci":"NO","estruc_eco":"NO","url1":null}},{"type":"Feature","id":"eqp_uco_salud.734","geometry":{"type":"MultiPolygon","coordinates":[[[[-76.53142872,3.46178744],[-76.53149389,3.46178137],[-76.53149458,3.46174042],[-76.53149458,3.4617334],[-76.53156982,3.46172534],[-76.53156985,3.46177134],[-76.53154969,3.46177639],[-76.53154873,3.46200833],[-76.53154804,3.46205136],[-76.53142887,3.46206141],[-76.53142885,3.46202343],[-76.53142877,3.46186538],[-76.53142872,3.46178744]]]]},"geometry_name":"the_geom","properties":{"nombre":"SEDE MEDICA DEL VALLE","localizaci":"CL 20 N NO 6A-33","servicio":"SALUD","nivel":"1","propiedad":"PRIV","tipos_de_e":"Centros médicos","categoria":"Atención Ambulatoria","escala":"LOCAL","permanenci":"NO","estruc_eco":"NO","url1":null}},{"type":"Feature","id":"eqp_uco_salud.735","geometry":{"type":"MultiPolygon","coordinates":[[[[-76.53135338,3.46493865],[-76.53135339,3.46495467],[-76.53135339,3.46495962],[-76.53135241,3.46513766],[-76.5312966,3.46513868],[-76.53123972,3.46513871],[-76.53116771,3.46513974],[-76.53114647,3.46513975],[-76.53112559,3.46514075],[-76.53112549,3.46495876],[-76.53113737,3.46494579],[-76.53115248,3.46493777],[-76.53115536,3.46493678],[-76.5313505,3.46493865],[-76.53135338,3.46493865]]]]},"geometry_name":"the_geom","properties":{"nombre":"CAFESALUD","localizaci":"AV 6A N NO 23n-13","servicio":"SALUD","nivel":"2","propiedad":"PRIV","tipos_de_e":"Centros de atención IPS y EPS","categoria":"Atención Ambulatoria","escala":"URBANA","permanenci":"NO","estruc_eco":"NO","url1":null}},{"type":"Feature","id":"eqp_uco_salud.736","geometry":{"type":"MultiPolygon","coordinates":[[[[-76.53135748,3.46653174],[-76.53135747,3.46650177],[-76.53156125,3.46650166],[-76.53158033,3.46650165],[-76.53158038,3.46659958],[-76.53156022,3.46659959],[-76.53142953,3.46660173],[-76.53138633,3.46660274],[-76.53135752,3.46660276],[-76.53135751,3.46657972],[-76.5313575,3.46655974],[-76.53135748,3.46653174]]]]},"geometry_name":"the_geom","properties":{"nombre":"FRACTURAS Y LESIONES DEPORTIVAS","localizaci":"AV 7N NO 24-56","servicio":"SALUD","nivel":"2","propiedad":"PRIV","tipos_de_e":"Consultorios tematicos","categoria":"Atención Ambulatoria","escala":"LOCAL","permanenci":"NO","estruc_eco":"NO","url1":null}},{"type":"Feature","id":"eqp_uco_salud.737","geometry":{"type":"MultiPolygon","coordinates":[[[[-76.53751201,3.45214051],[-76.53749795,3.45210955],[-76.53748713,3.45208454],[-76.5373599,3.45180964],[-76.53766692,3.45165142],[-76.53767773,3.45167743],[-76.53772099,3.45177344],[-76.53774081,3.4518214],[-76.53774802,3.45183535],[-76.53777286,3.45182337],[-76.53781214,3.45190336],[-76.53781899,3.45192037],[-76.53784711,3.45197832],[-76.53784711,3.45197931],[-76.53785792,3.45200333],[-76.53786405,3.45201431],[-76.53789324,3.45207631],[-76.53791019,3.4521123],[-76.53791199,3.45211734],[-76.53786628,3.45213833],[-76.53783928,3.45215032],[-76.53778089,3.45202335],[-76.53751201,3.45214051]]]]},"geometry_name":"the_geom","properties":{"nombre":"EMI EMERGENCIAS MEDICAS","localizaci":"KR 1 N NO 5 N 55","servicio":"SALUD","nivel":"1","propiedad":"PRIV","tipos_de_e":"Centros médicos","categoria":"Atención Ambulatoria","escala":"ZONAL","permanenci":"NO","estruc_eco":"NO","url1":null}},{"type":"Feature","id":"eqp_uco_salud.738","geometry":{"type":"MultiPolygon","coordinates":[[[[-76.53072928,3.33931789],[-76.53070588,3.3386308],[-76.53108391,3.33862466],[-76.53129885,3.33862149],[-76.53121919,3.3391396],[-76.53119227,3.33929559],[-76.53110551,3.33930167],[-76.5309075,3.33931581],[-76.53072928,3.33931789]]]]},"geometry_name":"the_geom","properties":{"nombre":"CENTRO DE NEUROREHABILITACION SURGIR","localizaci":"CL 18 NO 124- 75","servicio":"SALUD","nivel":"2","propiedad":"PRIV","tipos_de_e":"Institutos especializados NIVEL II","categoria":"Atención Ambulatoria","escala":"REGIONAL","permanenci":"SI","estruc_eco":"NO","url1":null}},{"type":"Feature","id":"eqp_uco_salud.739","geometry":{"type":"MultiPolygon","coordinates":[[[[-76.53261371,3.36564471],[-76.53232529,3.36546675],[-76.53234483,3.36543965],[-76.53257308,3.36512306],[-76.53258235,3.36512463],[-76.53288105,3.36518508],[-76.53291199,3.36519134],[-76.53261371,3.36564471]]]]},"geometry_name":"the_geom","properties":{"nombre":"CENTRO MEDICO IMBANACO","localizaci":"CL 15B NO 103- 20","servicio":"SALUD","nivel":"1","propiedad":"PRIV","tipos_de_e":"Centros médicos","categoria":"Atención Ambulatoria","escala":"REGIONAL","permanenci":"SI","estruc_eco":"NO","url1":null}},{"type":"Feature","id":"eqp_uco_salud.740","geometry":{"type":"MultiPolygon","coordinates":[[[[-76.53192157,3.36522379],[-76.53211475,3.36492833],[-76.53224951,3.36501257],[-76.53243453,3.36512822],[-76.53225626,3.36539395],[-76.53223827,3.36541196],[-76.53222026,3.36540999],[-76.53219217,3.36539497],[-76.53215616,3.36537303],[-76.53192157,3.36522379]]]]},"geometry_name":"the_geom","properties":{"nombre":"GRUPO DRAR","localizaci":"CL 15B NO 103 A 15","servicio":"SALUD","nivel":"1","propiedad":"PRIV","tipos_de_e":"Centros médicos","categoria":"Atención Ambulatoria","escala":"LOCAL","permanenci":"NO","estruc_eco":"NO","url1":null}},{"type":"Feature","id":"eqp_uco_salud.741","geometry":{"type":"MultiPolygon","coordinates":[[[[-76.53316339,3.36395925],[-76.53315256,3.36389977],[-76.53317147,3.36389525],[-76.53319894,3.36373766],[-76.53347911,3.36380189],[-76.53343044,3.36408235],[-76.53330911,3.36405804],[-76.53327579,3.36404991],[-76.53321196,3.36401282],[-76.53316339,3.36395925]]]]},"geometry_name":"the_geom","properties":{"nombre":"CLINICA CLINICENTRO COLSANITAS","localizaci":"CL 15B NO 105-06","servicio":"SALUD","nivel":"2","propiedad":"PRIV","tipos_de_e":"Centros de atención IPS y EPS","categoria":"Atención Ambulatoria","escala":"ZONAL","permanenci":"NO","estruc_eco":"NO","url1":null}},{"type":"Feature","id":"eqp_uco_salud.742","geometry":{"type":"MultiPolygon","coordinates":[[[[-76.5324591,3.36843932],[-76.53244111,3.36847434],[-76.53234316,3.36842345],[-76.53238596,3.36833837],[-76.53238812,3.3683354],[-76.53242804,3.36825834],[-76.53248594,3.36814328],[-76.53249386,3.36812734],[-76.53250573,3.36810331],[-76.53260188,3.3681533],[-76.53259001,3.36817725],[-76.53252491,3.36830833],[-76.5324591,3.36843932]]]]},"geometry_name":"the_geom","properties":{"nombre":"CENFIS - CENTRO DE FISIOTERAPIA","localizaci":"KR 100 NO 15-46","servicio":"SALUD","nivel":"2","propiedad":"PRIV","tipos_de_e":"Consultorios tematicos","categoria":"Atención Ambulatoria","escala":"LOCAL","permanenci":"NO","estruc_eco":"NO","url1":null}},{"type":"Feature","id":"eqp_uco_salud.743","geometry":{"type":"MultiPolygon","coordinates":[[[[-76.55351243,3.44603067],[-76.55352997,3.4462146],[-76.55343011,3.44624096],[-76.55338227,3.44605878],[-76.55347207,3.44603851],[-76.55349751,3.44603329],[-76.55351243,3.44603067]]]]},"geometry_name":"the_geom","properties":{"nombre":"PUESTO DE SALUD BELLAVISTA","localizaci":"KR 3 OESTE NO 13 16  0000","servicio":"SALUD","nivel":"1","propiedad":"PUB","tipos_de_e":"Puestos de salud","categoria":"Atención Ambulatoria","escala":"LOCAL","permanenci":"NO","estruc_eco":"NO","url1":null}},{"type":"Feature","id":"eqp_uco_salud.744","geometry":{"type":"MultiPolygon","coordinates":[[[[-76.55492239,3.44931788],[-76.5549195,3.44929088],[-76.55491551,3.44924282],[-76.55491153,3.4491989],[-76.55490719,3.44915489],[-76.55490139,3.44908982],[-76.5549003,3.44907389],[-76.55489631,3.44902286],[-76.55489631,3.44902088],[-76.55490135,3.44902187],[-76.5549604,3.44902382],[-76.55500613,3.44902676],[-76.55508641,3.44903176],[-76.55508246,3.44904373],[-76.55508428,3.44907478],[-76.55509554,3.44926073],[-76.55509627,3.44927378],[-76.55510061,3.44932175],[-76.55502356,3.44931684],[-76.5550196,3.44931684],[-76.55493644,3.44931689],[-76.55492239,3.44931788]]]]},"geometry_name":"the_geom","properties":{"nombre":"FUNDACION ALZHAIMER","localizaci":"Cra. 2 oeste NO. 13-71","servicio":"SALUD","nivel":"2","propiedad":"PRIV","tipos_de_e":null,"categoria":"Atención Ambulatoria","escala":"LOCAL","permanenci":"NO","estruc_eco":"NO","url1":null}},{"type":"Feature","id":"eqp_uco_salud.745","geometry":{"type":"MultiPolygon","coordinates":[[[[-76.55022588,3.45280858],[-76.55025108,3.45279858],[-76.55045697,3.45271152],[-76.55049692,3.45269746],[-76.55051099,3.45273849],[-76.55057697,3.45292639],[-76.550595,3.45297642],[-76.55057089,3.45298543],[-76.55049997,3.45301049],[-76.55041898,3.45304051],[-76.55041394,3.45304249],[-76.55040206,3.45304655],[-76.55032791,3.45307458],[-76.55032503,3.45307557],[-76.55032107,3.45306261],[-76.55030304,3.45301861],[-76.5502879,3.45297758],[-76.55026987,3.45292763],[-76.55025004,3.45287058],[-76.55024391,3.45285663],[-76.55022588,3.45280858]]]]},"geometry_name":"the_geom","properties":{"nombre":"FUNDACION ALZHAIMER CENTRO ESPECIALIZADO","localizaci":"AV 2 O NO 7 90","servicio":"SALUD","nivel":"2","propiedad":"PRIV","tipos_de_e":null,"categoria":"Atención Ambulatoria","escala":"LOCAL","permanenci":"NO","estruc_eco":"NO","url1":null}},{"type":"Feature","id":"eqp_uco_salud.766","geometry":{"type":"MultiPolygon","coordinates":[[[[-76.53850051,3.41670895],[-76.53845225,3.41669395],[-76.53844145,3.41669098],[-76.53844648,3.41667397],[-76.53851728,3.41642795],[-76.53875421,3.41649082],[-76.5387384,3.41654582],[-76.53870534,3.41665583],[-76.53870426,3.4166588],[-76.53867335,3.41676286],[-76.53850051,3.41670895]]]]},"geometry_name":"the_geom","properties":{"nombre":"NUEVA EPS CAMBULOS","localizaci":"KR 44 NO 9A 27","servicio":"SALUD","nivel":"2","propiedad":"PUB","tipos_de_e":"Centros de atención IPS y EPS","categoria":"Atención Ambulatoria","escala":"LOCAL","permanenci":"NO","estruc_eco":"NO","url1":null}},{"type":"Feature","id":"eqp_uco_salud.746","geometry":{"type":"MultiPolygon","coordinates":[[[[-76.52239283,3.41247137],[-76.52239461,3.4124504],[-76.52239461,3.41244833],[-76.52239855,3.41241331],[-76.52263475,3.41243821],[-76.52265059,3.41244018],[-76.52264378,3.41249923],[-76.52262981,3.41263127],[-76.52262981,3.41263424],[-76.52261289,3.41263227],[-76.52260965,3.41263128],[-76.5225236,3.41262134],[-76.52251063,3.41262026],[-76.52250884,3.41262026],[-76.52249983,3.41261928],[-76.52246383,3.41261435],[-76.52246275,3.41261435],[-76.52244366,3.41261238],[-76.52237958,3.41260539],[-76.5223828,3.41257137],[-76.52238459,3.41254833],[-76.52238674,3.41253537],[-76.5223896,3.41249837],[-76.52239068,3.41249639],[-76.52239283,3.41247236],[-76.52239283,3.41247137]]]]},"geometry_name":"the_geom","properties":{"nombre":"CENTRO DE SALUD ALFONSO YUNG VALERO","localizaci":"CL 23 NO 43-13","servicio":"SALUD","nivel":"1","propiedad":"PUB","tipos_de_e":"Centros de salud","categoria":"Atención Ambulatoria","escala":"LOCAL","permanenci":"NO","estruc_eco":"NO","url1":null}},{"type":"Feature","id":"eqp_uco_salud.747","geometry":{"type":"MultiPolygon","coordinates":[[[[-76.53459328,3.40988463],[-76.53430521,3.40979181],[-76.53430017,3.40978983],[-76.53429512,3.40978381],[-76.5342944,3.40977985],[-76.53429512,3.4097758],[-76.53429619,3.40977084],[-76.5343893,3.40949475],[-76.53469033,3.40959359],[-76.53459328,3.40988463]]]]},"geometry_name":"the_geom","properties":{"nombre":"CENTRO MEDICO FAMILIAR CRUZ BLANCA EPS","localizaci":"CL 13 KR 49A 10 ESQUINA","servicio":"SALUD","nivel":"2","propiedad":"PRIV","tipos_de_e":"Centros de atención IPS y EPS","categoria":"Atención Ambulatoria","escala":"ZONAL","permanenci":"NO","estruc_eco":"NO","url1":null}},{"type":"Feature","id":"eqp_uco_salud.748","geometry":{"type":"MultiPolygon","coordinates":[[[[-76.53545046,3.40978022],[-76.53542345,3.40977123],[-76.53537736,3.40975721],[-76.53535936,3.40975119],[-76.53540825,3.40960923],[-76.53542625,3.40961516],[-76.53543633,3.40961821],[-76.53547522,3.40963115],[-76.53549827,3.40963915],[-76.53545837,3.40975519],[-76.53545046,3.40978022]]]]},"geometry_name":"the_geom","properties":{"nombre":"PUESTO DE SALUD PROFESIONALES DE SALUD","localizaci":"CL 12B NO 49B-06","servicio":"SALUD","nivel":"2","propiedad":"PRIV","tipos_de_e":"Centros médicos","categoria":"Atención Ambulatoria","escala":"LOCAL","permanenci":"NO","estruc_eco":"NO","url1":null}},{"type":"Feature","id":"eqp_uco_salud.749","geometry":{"type":"MultiPolygon","coordinates":[[[[-76.53343243,3.4123874],[-76.53344573,3.41234743],[-76.53346769,3.41234742],[-76.53348965,3.41234642],[-76.53353862,3.41234639],[-76.53357066,3.41234538],[-76.53357966,3.41234538],[-76.53360666,3.41234429],[-76.53358258,3.41242035],[-76.5335815,3.41242431],[-76.53357863,3.41243233],[-76.53357575,3.41244034],[-76.53356964,3.41246032],[-76.53354161,3.41254737],[-76.53353981,3.4125534],[-76.53353478,3.41256835],[-76.53341883,3.41253043],[-76.53341162,3.41252143],[-76.5334055,3.41251144],[-76.53340153,3.41249947],[-76.53341051,3.41245744],[-76.53343243,3.4123874]]]]},"geometry_name":"the_geom","properties":{"nombre":"CENTRO DE SALUD PANAMERICANO","localizaci":"CL 13 KR 46A ESQUINA","servicio":"SALUD","nivel":"1","propiedad":"PUB","tipos_de_e":"Centros de salud","categoria":"Atención Ambulatoria","escala":"LOCAL","permanenci":"NO","estruc_eco":"NO","url1":null}},{"type":"Feature","id":"eqp_uco_salud.750","geometry":{"type":"MultiPolygon","coordinates":[[[[-76.5259672,3.41592266],[-76.5257452,3.41596426],[-76.52570101,3.41575137],[-76.52592646,3.41571717],[-76.5259672,3.41592266]]]]},"geometry_name":"the_geom","properties":{"nombre":"PUESTO DE SALUD DIVINO NINO","localizaci":"KR 41A NO  14C- 50","servicio":"SALUD","nivel":"1","propiedad":"PUB","tipos_de_e":"Puestos de salud","categoria":"Atención Ambulatoria","escala":"LOCAL","permanenci":"NO","estruc_eco":"NO","url1":null}},{"type":"Feature","id":"eqp_uco_salud.751","geometry":{"type":"MultiPolygon","coordinates":[[[[-76.53941653,3.40718731],[-76.53926783,3.40713825],[-76.53925666,3.40713528],[-76.53917169,3.40710728],[-76.53919219,3.40703872],[-76.53946504,3.407128],[-76.53944282,3.40719632],[-76.53941653,3.40718731]]]]},"geometry_name":"the_geom","properties":{"nombre":"CENTRO MEDICO Y URGENCIAS DEL SUR COOMEVA","localizaci":"CL 10 NO 53-103","servicio":"SALUD","nivel":"1","propiedad":"PRIV","tipos_de_e":"Centros de atención IPS y EPS","categoria":"Atención Ambulatoria","escala":"LOCAL","permanenci":"NO","estruc_eco":"NO","url1":null}},{"type":"Feature","id":"eqp_uco_salud.752","geometry":{"type":"MultiPolygon","coordinates":[[[[-76.53184751,3.40386294],[-76.53189783,3.40371289],[-76.5319332,3.40372511],[-76.53194094,3.40372782],[-76.53200313,3.40374935],[-76.53204084,3.40376229],[-76.53204237,3.40376292],[-76.53203868,3.40377422],[-76.53203058,3.40380082],[-76.53201654,3.40379665],[-76.53199512,3.40385988],[-76.53199205,3.40386865],[-76.53197822,3.40390954],[-76.53195569,3.40390202],[-76.53184751,3.40386294]]]]},"geometry_name":"the_geom","properties":{"nombre":"CENTRO DE SALUD PRIMERO DE MAYO","localizaci":"KR 56 NO 13G-10","servicio":"SALUD","nivel":"1","propiedad":"PUB","tipos_de_e":"Centros de salud","categoria":"Atención Ambulatoria","escala":"LOCAL","permanenci":"NO","estruc_eco":"NO","url1":null}},{"type":"Feature","id":"eqp_uco_salud.753","geometry":{"type":"MultiPolygon","coordinates":[[[[-76.5416979,3.39802574],[-76.5416653,3.39802519],[-76.54160779,3.39802423],[-76.54160864,3.3979558],[-76.54161002,3.39784491],[-76.5416103,3.39782232],[-76.54161059,3.39779864],[-76.54163447,3.39779906],[-76.54170071,3.39780022],[-76.54169978,3.39787489],[-76.54169945,3.39790147],[-76.5416979,3.39802574]]]]},"geometry_name":"the_geom","properties":{"nombre":"GODIN ODONTOLOGIA","localizaci":"KR 66 NO 10 _76","servicio":"SALUD","nivel":"2","propiedad":"PRIV","tipos_de_e":"Clínicas tematicas","categoria":"Atención Ambulatoria","escala":"LOCAL","permanenci":"NO","estruc_eco":"NO","url1":null}},{"type":"Feature","id":"eqp_uco_salud.754","geometry":{"type":"MultiPolygon","coordinates":[[[[-76.56296905,3.41583349],[-76.5629799,3.41587645],[-76.56286951,3.41597621],[-76.56280161,3.41591233],[-76.56284775,3.41586928],[-76.56283228,3.41585373],[-76.56289735,3.4157845],[-76.56296905,3.41583349]]]]},"geometry_name":"the_geom","properties":{"nombre":"PUESTO DE SALUD BRISAS DE MAYO","localizaci":"KR 54 O NO 10-02","servicio":"SALUD","nivel":"1","propiedad":"PUB","tipos_de_e":"Puestos de salud","categoria":"Atención Ambulatoria","escala":"LOCAL","permanenci":"NO","estruc_eco":"NO","url1":null}},{"type":"Feature","id":"eqp_uco_salud.755","geometry":{"type":"MultiPolygon","coordinates":[[[[-76.55224407,3.41042897],[-76.55230015,3.40970839],[-76.55248343,3.4097269],[-76.55242542,3.41043384],[-76.55224407,3.41042897]]]]},"geometry_name":"the_geom","properties":{"nombre":"CENTRO DE REHABILITACION NEUROLOGICA \"TERAVIDA\"","localizaci":"KR 56 NO 1B 251","servicio":"SALUD","nivel":"2","propiedad":"PRIV","tipos_de_e":"Consultorios tematicos","categoria":"Atención Ambulatoria","escala":"LOCAL","permanenci":"NO","estruc_eco":"NO","url1":null}},{"type":"Feature","id":"eqp_uco_salud.756","geometry":{"type":"MultiPolygon","coordinates":[[[[-76.55296569,3.40745829],[-76.55296377,3.40748782],[-76.55296267,3.40750087],[-76.55296069,3.40751282],[-76.55295672,3.40754469],[-76.55295276,3.40758553],[-76.55294879,3.40762637],[-76.55294483,3.40765725],[-76.55283976,3.4076463],[-76.55285364,3.40755267],[-76.55286255,3.40747796],[-76.55286756,3.40744755],[-76.55296569,3.40745829]]]]},"geometry_name":"the_geom","properties":{"nombre":"CENTRO DE MEDICINA INTERNA JULIAN CORONEL","localizaci":"KR 59 NO 1E 21","servicio":"SALUD","nivel":"2","propiedad":"PRIV","tipos_de_e":"Centros médicos","categoria":"Atención Ambulatoria","escala":"LOCAL","permanenci":"NO","estruc_eco":"NO","url1":null}},{"type":"Feature","id":"eqp_uco_salud.757","geometry":{"type":"MultiPolygon","coordinates":[[[[-76.54204461,3.41256095],[-76.54173015,3.41287884],[-76.54169031,3.41291912],[-76.54135038,3.41257861],[-76.54136094,3.41254844],[-76.54151802,3.41209953],[-76.54154563,3.41205292],[-76.54205949,3.4125459],[-76.54204461,3.41256095]]]]},"geometry_name":"the_geom","properties":{"nombre":"CLINICA DE OFTALMOLOGIA","localizaci":"KR 47 NO 8C 94","servicio":"SALUD","nivel":"2","propiedad":"PRIV","tipos_de_e":"Clínicas tematicas","categoria":"Atención Ambulatoria","escala":"REGIONAL","permanenci":"SI","estruc_eco":"NO","url1":null}},{"type":"Feature","id":"eqp_uco_salud.758","geometry":{"type":"MultiPolygon","coordinates":[[[[-76.54468757,3.41448219],[-76.54464541,3.41440814],[-76.54464253,3.41440418],[-76.54464036,3.4144022],[-76.54461551,3.41438322],[-76.54465616,3.41432119],[-76.54466228,3.4143102],[-76.54468318,3.41435015],[-76.54469724,3.41437517],[-76.54471633,3.41440711],[-76.5447275,3.4144261],[-76.54474733,3.4144611],[-76.54475633,3.41447711],[-76.54470343,3.41450918],[-76.54468757,3.41448219]]]]},"geometry_name":"the_geom","properties":{"nombre":"PREVEDENCO","localizaci":"CL 7  NO 47 192","servicio":"SALUD","nivel":"2","propiedad":"PRIV","tipos_de_e":"Consultorios Temáticos","categoria":"Atención Ambulatoria","escala":"LOCAL","permanenci":"NO","estruc_eco":"NO","url1":null}},{"type":"Feature","id":"eqp_uco_salud.759","geometry":{"type":"MultiPolygon","coordinates":[[[[-76.53916407,3.41462984],[-76.53914435,3.41469452],[-76.53911739,3.41478751],[-76.5391156,3.41479057],[-76.53911164,3.41479255],[-76.5391066,3.41479156],[-76.53910443,3.4147885],[-76.53900865,3.41476362],[-76.53892835,3.41473964],[-76.5387303,3.4146807],[-76.53878354,3.41450943],[-76.53915973,3.41462824],[-76.53916407,3.41462984]]]]},"geometry_name":"the_geom","properties":{"nombre":"CENTRO MEDICO ESPECIALIZADO UNIR","localizaci":"KR 46 NO 9C 16","servicio":"SALUD","nivel":"2","propiedad":"PRIV","tipos_de_e":"Centros médicos","categoria":"Atención Ambulatoria","escala":"URBANA","permanenci":"SI","estruc_eco":"NO","url1":null}},{"type":"Feature","id":"eqp_uco_salud.760","geometry":{"type":"MultiPolygon","coordinates":[[[[-76.5422276,3.41720756],[-76.54215487,3.41718663],[-76.54216781,3.41714864],[-76.54216564,3.41714261],[-76.54216384,3.41713163],[-76.5421357,3.41701968],[-76.54219653,3.41700362],[-76.54219761,3.41700857],[-76.54220663,3.4170416],[-76.54221457,3.41707562],[-76.54223369,3.41714959],[-76.54223874,3.41716957],[-76.54223875,3.41717263],[-76.5422276,3.41720756]]]]},"geometry_name":"the_geom","properties":{"nombre":"CENTRO ODONTOLOGICO DEL SUR","localizaci":"KR 44 NO 6A 94","servicio":"SALUD","nivel":"2","propiedad":"PRIV","tipos_de_e":"Centros médicos","categoria":"Atención Ambulatoria","escala":"LOCAL","permanenci":"NO","estruc_eco":"NO","url1":null}},{"type":"Feature","id":"eqp_uco_salud.761","geometry":{"type":"MultiPolygon","coordinates":[[[[-76.55499928,3.41009007],[-76.55500028,3.40994309],[-76.5550352,3.40994604],[-76.55503808,3.40994604],[-76.55524223,3.40995997],[-76.55524225,3.41000191],[-76.55524119,3.41004997],[-76.55524121,3.41008796],[-76.55502736,3.41008906],[-76.55499928,3.41009007]]]]},"geometry_name":"the_geom","properties":{"nombre":"CENTRO DE NEUROREHABILITACION SURGIR","localizaci":"CL 1A  KR 56 ESQUINA","servicio":"SALUD","nivel":"2","propiedad":"PRIV","tipos_de_e":"Consultorios tematicos","categoria":"Atención Ambulatoria","escala":"LOCAL","permanenci":"NO","estruc_eco":"NO","url1":null}},{"type":"Feature","id":"eqp_uco_salud.762","geometry":{"type":"MultiPolygon","coordinates":[[[[-76.53982684,3.41567451],[-76.53982468,3.41567352],[-76.53982576,3.41567154],[-76.53984984,3.4155935],[-76.53986385,3.41554444],[-76.53999889,3.41558144],[-76.54002589,3.41558836],[-76.54014868,3.41562331],[-76.54010699,3.41575933],[-76.54007386,3.41574935],[-76.5400699,3.41574738],[-76.5399878,3.41572339],[-76.53995287,3.41571243],[-76.53986573,3.41568646],[-76.53982684,3.41567451]]]]},"geometry_name":"the_geom","properties":{"nombre":"CLINICA LA ESPERANZA","localizaci":"CL 9 No 44 105","servicio":"SALUD","nivel":"2","propiedad":"PRIV","tipos_de_e":"Clínicas tematicas","categoria":"Atención Ambulatoria","escala":"LOCAL","permanenci":"NO","estruc_eco":"NO","url1":null}},{"type":"Feature","id":"eqp_uco_salud.763","geometry":{"type":"MultiPolygon","coordinates":[[[[-76.53789178,3.41593332],[-76.53775909,3.41589559],[-76.53775753,3.41589528],[-76.53780668,3.4157227],[-76.5378465,3.41558503],[-76.53785185,3.41557495],[-76.53793391,3.41560253],[-76.53804598,3.41564097],[-76.53803845,3.41566746],[-76.5380719,3.41567467],[-76.53803607,3.41579873],[-76.53798981,3.41596103],[-76.53789178,3.41593332]]]]},"geometry_name":"the_geom","properties":{"nombre":"CLINICA SUMMA","localizaci":"KR 44 NO 9C 58","servicio":"SALUD","nivel":"2","propiedad":"PRIV","tipos_de_e":"Clínicas especializadas","categoria":"Hospitales - Hospitalización","escala":"LOCAL","permanenci":"NO","estruc_eco":"NO","url1":null}},{"type":"Feature","id":"eqp_uco_salud.764","geometry":{"type":"MultiPolygon","coordinates":[[[[-76.54139435,3.417487],[-76.54135906,3.41747703],[-76.54137632,3.41743805],[-76.54138208,3.41742607],[-76.5414112,3.417359],[-76.54143206,3.41731201],[-76.54144896,3.41727303],[-76.54154006,3.4172989],[-76.54152208,3.41733896],[-76.54150914,3.41736894],[-76.5414721,3.41745303],[-76.54145915,3.417483],[-76.54145016,3.41750299],[-76.54139435,3.417487]]]]},"geometry_name":"the_geom","properties":{"nombre":"CLINICA DE SONRISAS","localizaci":"KR 44 NO 6B 57","servicio":"SALUD","nivel":"2","propiedad":"PRIV","tipos_de_e":"Clínicas tematicas","categoria":"Atención Ambulatoria","escala":"ZONAL","permanenci":"NO","estruc_eco":"NO","url1":null}},{"type":"Feature","id":"eqp_uco_salud.765","geometry":{"type":"MultiPolygon","coordinates":[[[[-76.54100545,3.41739793],[-76.54092543,3.41722597],[-76.54092326,3.41722003],[-76.54092146,3.41721103],[-76.54092325,3.41719402],[-76.54093152,3.41717898],[-76.5409434,3.41716602],[-76.54098623,3.41714394],[-76.54110254,3.41717592],[-76.54108635,3.41721391],[-76.54108132,3.4172249],[-76.54104033,3.41731798],[-76.54103565,3.41732996],[-76.54103457,3.41733194],[-76.54100545,3.41739793]]]]},"geometry_name":"the_geom","properties":{"nombre":"NATURIZZA","localizaci":"KR 44 NO 6B 105","servicio":"SALUD","nivel":"2","propiedad":"PRIV","tipos_de_e":"Centros médicos","categoria":"Atención Ambulatoria","escala":"LOCAL","permanenci":"NO","estruc_eco":"NO","url1":null}},{"type":"Feature","id":"eqp_uco_salud.767","geometry":{"type":"MultiPolygon","coordinates":[[[[-76.55243656,3.42421756],[-76.55242288,3.42421351],[-76.55238867,3.42420255],[-76.55233465,3.42418557],[-76.5523008,3.42417461],[-76.55230763,3.42415156],[-76.55233854,3.42404858],[-76.55234645,3.42402058],[-76.55238346,3.42389753],[-76.55243748,3.4239155],[-76.55252174,3.42394345],[-76.55251275,3.42397351],[-76.55248077,3.42407452],[-76.55247574,3.42409252],[-76.55244483,3.42419253],[-76.55243656,3.42421756]]]]},"geometry_name":"the_geom","properties":{"nombre":"CONSULTORIO ODONTOLOGICO","localizaci":"KR 42 NO 1 15","servicio":"SALUD","nivel":"2","propiedad":"PRIV","tipos_de_e":"Centros médicos","categoria":"Atención Ambulatoria","escala":"LOCAL","permanenci":"NO","estruc_eco":"NO","url1":null}},{"type":"Feature","id":"eqp_uco_salud.768","geometry":{"type":"MultiPolygon","coordinates":[[[[-76.55130483,3.4237674],[-76.55128971,3.42376237],[-76.5512969,3.42373833],[-76.55129977,3.42372636],[-76.5513048,3.42371034],[-76.55131055,3.42368837],[-76.55133355,3.4236043],[-76.55134253,3.42357234],[-76.55141275,3.42359327],[-76.55140268,3.42362532],[-76.55135991,3.42375837],[-76.55135272,3.42378033],[-76.55130483,3.4237674]]]]},"geometry_name":"the_geom","properties":{"nombre":"CENTRO MEDICO PROSALUD","localizaci":"KR 42  CL 2  ESQUINA","servicio":"SALUD","nivel":"1","propiedad":"PRIV","tipos_de_e":"Centros médicos","categoria":"Atención Ambulatoria","escala":"LOCAL","permanenci":"NO","estruc_eco":"NO","url1":null}},{"type":"Feature","id":"eqp_uco_salud.769","geometry":{"type":"MultiPolygon","coordinates":[[[[-76.54929505,3.42469454],[-76.54930976,3.42460056],[-76.54932777,3.42460451],[-76.54936593,3.42461251],[-76.54940194,3.42461951],[-76.54940194,3.42462149],[-76.54938507,3.42471447],[-76.54937,3.42480151],[-76.54936497,3.42482654],[-76.54927387,3.42481057],[-76.54927711,3.4248066],[-76.54927998,3.42478653],[-76.54929505,3.42469553],[-76.54929505,3.42469454]]]]},"geometry_name":"the_geom","properties":{"nombre":"GRUPO ODONTOLOGICO DEL SUR","localizaci":"KR 39  3A ESQUINA","servicio":"SALUD","nivel":"2","propiedad":"PRIV","tipos_de_e":"Centros médicos","categoria":"Atención Ambulatoria","escala":"LOCAL","permanenci":"NO","estruc_eco":"NO","url1":null}},{"type":"Feature","id":"eqp_uco_salud.770","geometry":{"type":"MultiPolygon","coordinates":[[[[-76.55036783,3.42412061],[-76.55030986,3.4241066],[-76.55031705,3.42408365],[-76.55031777,3.42408166],[-76.55036269,3.42393358],[-76.55037994,3.4238766],[-76.55038677,3.42385562],[-76.55038965,3.42384455],[-76.55039576,3.42382358],[-76.55042492,3.42383256],[-76.55043069,3.42383454],[-76.55045193,3.42384155],[-76.55041167,3.4239656],[-76.55037574,3.42409261],[-76.55037502,3.42409558],[-76.55036783,3.42412061]]]]},"geometry_name":"the_geom","properties":{"nombre":"CONSULTORIO ODONTOLOGICO SALUD DENTAL","localizaci":"KR 40 NO  2A 36","servicio":"SALUD","nivel":"2","propiedad":"PRIV","tipos_de_e":"Centros médicos","categoria":"Atención Ambulatoria","escala":"LOCAL","permanenci":"NO","estruc_eco":"NO","url1":null}},{"type":"Feature","id":"eqp_uco_salud.771","geometry":{"type":"MultiPolygon","coordinates":[[[[-76.54791216,3.4245681],[-76.54783907,3.42455616],[-76.54784409,3.42453114],[-76.54786527,3.42440314],[-76.54786922,3.42438019],[-76.5479081,3.4243871],[-76.54792214,3.42438916],[-76.54794123,3.42439212],[-76.54793907,3.4244031],[-76.54793728,3.42441309],[-76.54793728,3.42441912],[-76.54791611,3.42454316],[-76.54791539,3.4245491],[-76.54791216,3.4245681]]]]},"geometry_name":"the_geom","properties":{"nombre":"I.P.S. AMISALUD","localizaci":"KR 39 NO 4A 20","servicio":"SALUD","nivel":"2","propiedad":"PRIV","tipos_de_e":"Centros de atención IPS y EPS","categoria":"Atención Ambulatoria","escala":"LOCAL","permanenci":"NO","estruc_eco":"NO","url1":null}},{"type":"Feature","id":"eqp_uco_salud.772","geometry":{"type":"MultiPolygon","coordinates":[[[[-76.55428971,3.41744015],[-76.55409997,3.41792573],[-76.55369523,3.41771394],[-76.55369564,3.41771258],[-76.5538406,3.41735168],[-76.55386755,3.41725996],[-76.55428971,3.41744015]]]]},"geometry_name":"the_geom","properties":{"nombre":"CENTRO DE SALUD SILOE","localizaci":"CL 1 50 51","servicio":"SALUD","nivel":"1","propiedad":"PUB","tipos_de_e":"Centros de salud","categoria":"Atención Ambulatoria","escala":"URBANA","permanenci":"SI","estruc_eco":"NO","url1":null}},{"type":"Feature","id":"eqp_uco_salud.773","geometry":{"type":"MultiPolygon","coordinates":[[[[-76.55244577,3.42367103],[-76.55243283,3.42371406],[-76.55224306,3.42365512],[-76.55222576,3.42362011],[-76.55224982,3.42349409],[-76.55228474,3.4235011],[-76.55228798,3.42350109],[-76.55229482,3.42350307],[-76.55238376,3.42352003],[-76.55238484,3.42352102],[-76.55243201,3.42353],[-76.55243273,3.42353],[-76.55249574,3.42354202],[-76.55249179,3.42355499],[-76.55246807,3.42363204],[-76.55246304,3.42364798],[-76.55245403,3.42364402],[-76.55244577,3.42367103]]]]},"geometry_name":"the_geom","properties":{"nombre":"DISPENSARIO MEDICO LA NAVE","localizaci":"KR 42 NO 1 42","servicio":"SALUD","nivel":"1","propiedad":"PRIV","tipos_de_e":"Centros médicos","categoria":"Atención Ambulatoria","escala":"LOCAL","permanenci":"NO","estruc_eco":"NO","url1":null}},{"type":"Feature","id":"eqp_uco_salud.774","geometry":{"type":"MultiPolygon","coordinates":[[[[-76.5505674,3.42308296],[-76.55055626,3.42311689],[-76.55032652,3.42304501],[-76.55034233,3.42299001],[-76.55036318,3.42293105],[-76.55040243,3.42294498],[-76.55040639,3.42294596],[-76.55049426,3.42297796],[-76.55054827,3.42299692],[-76.55056736,3.42300393],[-76.5505922,3.42301292],[-76.55056956,3.42307692],[-76.5505674,3.42308296]]]]},"geometry_name":"the_geom","properties":{"nombre":"COOPERATIVA COMUNTARIA DE SALUD","localizaci":"CL 3 NO 42 22","servicio":"SALUD","nivel":"2","propiedad":"PUB","tipos_de_e":"Centros médicos","categoria":"Atención Ambulatoria","escala":"LOCAL","permanenci":"NO","estruc_eco":"NO","url1":null}},{"type":"Feature","id":"eqp_uco_salud.775","geometry":{"type":"MultiPolygon","coordinates":[[[[-76.52904827,3.42383875],[-76.52903171,3.42388598],[-76.52891647,3.42389086],[-76.52891403,3.4238522],[-76.52888102,3.42385612],[-76.52887186,3.42377114],[-76.52886544,3.42371154],[-76.52886028,3.42366365],[-76.52887032,3.42363992],[-76.52888779,3.4235986],[-76.52889302,3.42358625],[-76.52891075,3.4235443],[-76.52893326,3.42349109],[-76.52895025,3.42345089],[-76.52897338,3.42339619],[-76.528991,3.42335454],[-76.52901386,3.42330046],[-76.52907115,3.42316498],[-76.52915886,3.42320393],[-76.52914985,3.42323063],[-76.52945849,3.42335608],[-76.5294731,3.4233192],[-76.52959884,3.42337362],[-76.52942656,3.42384064],[-76.52939527,3.42382803],[-76.52938511,3.42385128],[-76.52937105,3.4238457],[-76.52936626,3.4238578],[-76.52934256,3.42384803],[-76.5293383,3.42385903],[-76.52931401,3.42384919],[-76.52930856,3.42386138],[-76.52928892,3.42385309],[-76.52928427,3.42386461],[-76.52923534,3.42384195],[-76.52922385,3.42386569],[-76.52916334,3.42383926],[-76.52915466,3.42385754],[-76.52912173,3.42384281],[-76.52911706,3.42385255],[-76.52906634,3.42383129],[-76.52906535,3.42383087],[-76.52906028,3.42384406],[-76.52904827,3.42383875]]]]},"geometry_name":"the_geom","properties":{"nombre":"CENTRO ODONTOLOGICO OASIS","localizaci":"CL 13 KR 33A","servicio":"SALUD","nivel":"2","propiedad":"PRIV","tipos_de_e":"Centros médicos","categoria":"Atención Ambulatoria","escala":"URBANA","permanenci":"SI","estruc_eco":"NO","url1":null}},{"type":"Feature","id":"eqp_uco_salud.776","geometry":{"type":"MultiPolygon","coordinates":[[[[-76.5206465,3.42975737],[-76.52065546,3.42967141],[-76.52071775,3.42967632],[-76.52070056,3.42984338],[-76.52063863,3.4298364],[-76.5206465,3.42975737]]]]},"geometry_name":"the_geom","properties":{"nombre":"CENTRO MEDICO PROSALUD","localizaci":"CL 23 KR 43 13 ESQUINA","servicio":"SALUD","nivel":"2","propiedad":"PRIV","tipos_de_e":"Centros médicos","categoria":"Atención Ambulatoria","escala":"LOCAL","permanenci":"NO","estruc_eco":"NO","url1":null}},{"type":"Feature","id":"eqp_uco_salud.777","geometry":{"type":"MultiPolygon","coordinates":[[[[-76.52916221,3.43040996],[-76.52911213,3.43033699],[-76.52910024,3.430319],[-76.52904799,3.43024405],[-76.52904907,3.43024306],[-76.52905123,3.43024207],[-76.52910414,3.43020505],[-76.52910918,3.43020198],[-76.52912501,3.43019],[-76.52917726,3.43026594],[-76.5291841,3.43026099],[-76.52918806,3.43026395],[-76.52926913,3.43038695],[-76.52918527,3.43044199],[-76.52916221,3.43040996]]]]},"geometry_name":"the_geom","properties":{"nombre":"CENTRO ODONTOLOGICO COLSEGUROS","localizaci":"DG 23 12B 22","servicio":"SALUD","nivel":"2","propiedad":"PRIV","tipos_de_e":"Centros médicos","categoria":"Atención Ambulatoria","escala":"LOCAL","permanenci":"NO","estruc_eco":"NO","url1":null}},{"type":"Feature","id":"eqp_uco_salud.778","geometry":{"type":"MultiPolygon","coordinates":[[[[-76.52537838,3.42377259],[-76.52535527,3.42335738],[-76.52546589,3.42335243],[-76.52546413,3.42335447],[-76.52577335,3.42334147],[-76.52578718,3.42362755],[-76.52577591,3.42362762],[-76.5257786,3.42368192],[-76.52579073,3.42368183],[-76.52579477,3.42374519],[-76.52537838,3.42377259]]]]},"geometry_name":"the_geom","properties":{"nombre":"CENTRO DE SALUD COLON","localizaci":"CL 15 KR 33A 06","servicio":"SALUD","nivel":"1","propiedad":"PUB","tipos_de_e":"Centros de salud","categoria":"Atención Ambulatoria","escala":"ZONAL","permanenci":"NO","estruc_eco":"NO","url1":null}},{"type":"Feature","id":"eqp_uco_salud.779","geometry":{"type":"MultiPolygon","coordinates":[[[[-76.52604739,3.42320198],[-76.5259293,3.42320807],[-76.52590228,3.42318406],[-76.52589828,3.42309207],[-76.52594328,3.42308503],[-76.5260412,3.42307598],[-76.52604337,3.423101],[-76.52604739,3.42320198]]]]},"geometry_name":"the_geom","properties":{"nombre":"CENTRO MEDICO ODONTOLOGICO","localizaci":"CL 15 KR 33A 69","servicio":"SALUD","nivel":"2","propiedad":"PUB","tipos_de_e":"Centros médicos","categoria":"Atención Ambulatoria","escala":"LOCAL","permanenci":"NO","estruc_eco":"NO","url1":null}},{"type":"Feature","id":"eqp_uco_salud.780","geometry":{"type":"MultiPolygon","coordinates":[[[[-76.52604058,3.42307572],[-76.52594266,3.42308478],[-76.52589766,3.42309182],[-76.52589256,3.42297482],[-76.52590156,3.42297382],[-76.5259966,3.42296477],[-76.5260326,3.42296178],[-76.5260344,3.42296178],[-76.5260355,3.4229868],[-76.52604058,3.42307572]]]]},"geometry_name":"the_geom","properties":{"nombre":"CENTRO MEDICO CRISTOBAL COLON","localizaci":"CL 15 KR 33A 22","servicio":"SALUD","nivel":"1","propiedad":"PUB","tipos_de_e":"Centros médicos","categoria":"Atención Ambulatoria","escala":"LOCAL","permanenci":"NO","estruc_eco":"NO","url1":null}},{"type":"Feature","id":"eqp_uco_salud.781","geometry":{"type":"MultiPolygon","coordinates":[[[[-76.52707639,3.42945066],[-76.52707658,3.42944996],[-76.52703728,3.42942618],[-76.52703673,3.42941675],[-76.527025,3.42923443],[-76.52703128,3.42923272],[-76.52702844,3.42921351],[-76.52703121,3.4292138],[-76.52704345,3.42921692],[-76.52704923,3.42921642],[-76.52725151,3.4293607],[-76.52722455,3.42940696],[-76.52722791,3.42942433],[-76.52724407,3.42943537],[-76.52721104,3.42948896],[-76.52720503,3.42948292],[-76.52719304,3.42950556],[-76.52717652,3.42951009],[-76.52707639,3.42945066]]]]},"geometry_name":"the_geom","properties":{"nombre":"CENTRO ODONTOLOGICO SANTA MARIA","localizaci":"DG 25 12B 22","servicio":"SALUD","nivel":"2","propiedad":"PRIV","tipos_de_e":"Centros médicos","categoria":"Atención Ambulatoria","escala":"LOCAL","permanenci":"NO","estruc_eco":"NO","url1":null}},{"type":"Feature","id":"eqp_uco_salud.782","geometry":{"type":"MultiPolygon","coordinates":[[[[-76.51493593,3.40980179],[-76.5146767,3.4100487],[-76.51443052,3.4098005],[-76.51468915,3.40954889],[-76.5149081,3.40977367],[-76.51488135,3.4097449],[-76.51487803,3.40974133],[-76.51469644,3.40954601],[-76.51493593,3.40980179]]]]},"geometry_name":"the_geom","properties":{"nombre":"HOSPITAL CARLOS CARMONA MONTOYA","localizaci":"KR 43 NO 39A-00","servicio":"SALUD","nivel":"2","propiedad":"PUB","tipos_de_e":"Hospitales","categoria":"Hospitales - Hospitalización","escala":"URBANA","permanenci":"SI","estruc_eco":"NO","url1":null}},{"type":"Feature","id":"eqp_uco_salud.783","geometry":{"type":"MultiPolygon","coordinates":[[[[-76.51430066,3.41007125],[-76.51424486,3.4100122],[-76.51423874,3.41000419],[-76.51423261,3.40999824],[-76.51437089,3.40986917],[-76.51443786,3.40994118],[-76.51441589,3.40996126],[-76.51430066,3.41007125]]]]},"geometry_name":"the_geom","properties":{"nombre":"CENTRO DIAGNOSTICO MEDICO CARMONA","localizaci":"CL 39 KR 42D ESQUINA","servicio":"SALUD","nivel":"1","propiedad":"PRIV","tipos_de_e":"Centros médicos","categoria":"Atención Ambulatoria","escala":"LOCAL","permanenci":"NO","estruc_eco":"NO","url1":null}},{"type":"Feature","id":"eqp_uco_salud.784","geometry":{"type":"MultiPolygon","coordinates":[[[[-76.5148191,3.4020941],[-76.51480902,3.40210409],[-76.51459801,3.40230814],[-76.51460917,3.40232111],[-76.51460197,3.40232813],[-76.51459116,3.40231516],[-76.51449107,3.40220408],[-76.51472008,3.40198806],[-76.5148191,3.4020941]]]]},"geometry_name":"the_geom","properties":{"nombre":"PUESTO DE SALUD MARIANO RAMOS","localizaci":"KR 47A CL 45","servicio":"SALUD","nivel":"1","propiedad":"PUB","tipos_de_e":"Puestos de salud","categoria":"Atención Ambulatoria","escala":"LOCAL","permanenci":"NO","estruc_eco":"NO","url1":null}},{"type":"Feature","id":"eqp_uco_salud.785","geometry":{"type":"MultiPolygon","coordinates":[[[[-76.50118086,3.40447116],[-76.50110385,3.40452619],[-76.50108297,3.40453016],[-76.50106605,3.40453323],[-76.50104409,3.40453424],[-76.50101097,3.40453129],[-76.50097784,3.40452122],[-76.50096105,3.40451375],[-76.50103392,3.40444137],[-76.50104202,3.40443383],[-76.50107713,3.40439945],[-76.50109454,3.40438136],[-76.50118086,3.40447116]]]]},"geometry_name":"the_geom","properties":{"nombre":"COMFANDI EL MORICHAL","localizaci":"CL 54 NO 45 25","servicio":"SALUD","nivel":"2","propiedad":"PRIV","tipos_de_e":"Centros de atención IPS y EPS","categoria":"Atención Ambulatoria","escala":"ZONAL","permanenci":"NO","estruc_eco":"NO","url1":null}},{"type":"Feature","id":"eqp_uco_salud.788","geometry":{"type":"MultiPolygon","coordinates":[[[[-76.50034222,3.41304991],[-76.50031397,3.41300728],[-76.50030314,3.41301364],[-76.50025639,3.41295662],[-76.50032666,3.412914],[-76.50032833,3.41291311],[-76.50039642,3.41301109],[-76.50035144,3.41304306],[-76.50035096,3.41304355],[-76.50035087,3.41304346],[-76.50034289,3.41305051],[-76.50034222,3.41304991]]]]},"geometry_name":"the_geom","properties":{"nombre":"PUESTO DE SALUD EL VERGEL","localizaci":"CL 46B NO 34A 02","servicio":"SALUD","nivel":"1","propiedad":"PUB","tipos_de_e":"Puestos de salud","categoria":"Atención Ambulatoria","escala":"LOCAL","permanenci":"NO","estruc_eco":"NO","url1":null}},{"type":"Feature","id":"eqp_uco_salud.789","geometry":{"type":"MultiPolygon","coordinates":[[[[-76.48836097,3.4222335],[-76.48825167,3.4223644],[-76.4881322,3.42226675],[-76.48824311,3.42213514],[-76.48836097,3.4222335]]]]},"geometry_name":"the_geom","properties":{"nombre":"SECRETARIA DE SALUD PUBLICA MUNICIPAL NUCLEO B","localizaci":"KR 28 3 NO 72X 41","servicio":"SALUD","nivel":"1","propiedad":"PUB","tipos_de_e":"Centros médicos","categoria":"Atención Ambulatoria","escala":"LOCAL","permanenci":"NO","estruc_eco":"NO","url1":null}},{"type":"Feature","id":"eqp_uco_salud.790","geometry":{"type":"MultiPolygon","coordinates":[[[[-76.50309477,3.41942192],[-76.50289141,3.41960388],[-76.50254415,3.41923961],[-76.5026533,3.419138],[-76.50274246,3.41907294],[-76.50299258,3.41932434],[-76.50309477,3.41942192]]]]},"geometry_name":"the_geom","properties":{"nombre":"CENTRO DE SALUD EL DIAMANTE","localizaci":"KR 33 NO 40 39","servicio":"SALUD","nivel":"1","propiedad":"PUB","tipos_de_e":"Centros de salud","categoria":"Atención Ambulatoria","escala":"LOCAL","permanenci":"NO","estruc_eco":"NO","url1":null}},{"type":"Feature","id":"eqp_uco_salud.791","geometry":{"type":"MultiPolygon","coordinates":[[[[-76.49417727,3.41845766],[-76.49410019,3.4185474],[-76.49404536,3.41850159],[-76.49412408,3.41841119],[-76.49417727,3.41845766]]]]},"geometry_name":"the_geom","properties":{"nombre":"CENTRO MEDICO EL POBLADO II","localizaci":"KR 28D ENTRE CL 72U Y 72 V","servicio":"SALUD","nivel":"1","propiedad":"PUB","tipos_de_e":"Centros médicos","categoria":"Atención Ambulatoria","escala":"LOCAL","permanenci":"NO","estruc_eco":"NO","url1":null}},{"type":"Feature","id":"eqp_uco_salud.792","geometry":{"type":"MultiPolygon","coordinates":[[[[-76.49881186,3.42492836],[-76.4987767,3.42496109],[-76.49868537,3.42486356],[-76.49872036,3.42482961],[-76.49881186,3.42492836]]]]},"geometry_name":"the_geom","properties":{"nombre":"CENTRO DE SALUD CALIPSO","localizaci":"CL 72F NO 28D3 108","servicio":"SALUD","nivel":"1","propiedad":"PUB","tipos_de_e":"Centros de salud","categoria":"Atención Ambulatoria","escala":"ZONAL","permanenci":"NO","estruc_eco":"NO","url1":null}},{"type":"Feature","id":"eqp_uco_salud.793","geometry":{"type":"MultiPolygon","coordinates":[[[[-76.49292218,3.41184163],[-76.49286656,3.41189476],[-76.49278397,3.41180677],[-76.4928366,3.41175701],[-76.49285449,3.41177534],[-76.49288341,3.41180498],[-76.49289214,3.41179594],[-76.49290922,3.41181763],[-76.49290381,3.41182307],[-76.49292218,3.41184163]]]]},"geometry_name":"the_geom","properties":{"nombre":"PUESTO DE SALUD COMUNEROS I","localizaci":"CL 54B CON CL 54 ESQUINA","servicio":"SALUD","nivel":"1","propiedad":"PUB","tipos_de_e":"Puestos de salud","categoria":"Atención Ambulatoria","escala":"LOCAL","permanenci":"NO","estruc_eco":"NO","url1":null}},{"type":"Feature","id":"eqp_uco_salud.794","geometry":{"type":"MultiPolygon","coordinates":[[[[-76.48975927,3.41092438],[-76.48969699,3.4108556],[-76.48977415,3.41078843],[-76.4898356,3.41085595],[-76.48975927,3.41092438]]]]},"geometry_name":"the_geom","properties":{"nombre":"PUESTO DE SALUD","localizaci":"KR 29","servicio":"SALUD","nivel":"1","propiedad":"PUB","tipos_de_e":"Puestos de salud","categoria":"Atención Ambulatoria","escala":"LOCAL","permanenci":"NO","estruc_eco":"NO","url1":null}},{"type":"Feature","id":"eqp_uco_salud.795","geometry":{"type":"MultiPolygon","coordinates":[[[[-76.54343056,3.44547428],[-76.54313461,3.44534953],[-76.54318506,3.44476321],[-76.54318586,3.44475388],[-76.54377567,3.44506296],[-76.543504,3.44552057],[-76.54343056,3.44547428]]]]},"geometry_name":"the_geom","properties":{"nombre":"HOSPITAL CAÑAVERALEJO","localizaci":"CL 3 O 12A 20","servicio":"SALUD","nivel":"2","propiedad":"PUB","tipos_de_e":"Centros hospitalario","categoria":"Hospitales - Hospitalización","escala":"URBANA","permanenci":"SI","estruc_eco":"NO","url1":null}},{"type":"Feature","id":"eqp_uco_salud.796","geometry":{"type":"MultiPolygon","coordinates":[[[[-76.53695267,3.44359756],[-76.53692572,3.44368362],[-76.53682057,3.44365461],[-76.53680652,3.44363967],[-76.53679751,3.44362267],[-76.53679462,3.44360269],[-76.5367957,3.44358964],[-76.5367946,3.44355669],[-76.53695267,3.44359756]]]]},"geometry_name":"the_geom","properties":{"nombre":"OPTICA CALI","localizaci":"CL 5 NO 14 02 ESQUINA","servicio":"SALUD","nivel":"1","propiedad":"PRIV","tipos_de_e":null,"categoria":"Atención Ambulatoria","escala":"LOCAL","permanenci":"NO","estruc_eco":"NO","url1":null}},{"type":"Feature","id":"eqp_uco_salud.797","geometry":{"type":"MultiPolygon","coordinates":[[[[-76.53995198,3.44405793],[-76.53992426,3.44405498],[-76.53989401,3.44405202],[-76.53985693,3.44404898],[-76.53984396,3.444048],[-76.53983316,3.44404701],[-76.53980724,3.44404406],[-76.53977411,3.44404111],[-76.53972695,3.44403807],[-76.53972407,3.44403708],[-76.53971615,3.44403709],[-76.53972188,3.44398011],[-76.53973304,3.4439811],[-76.53988822,3.44399496],[-76.53992891,3.44399899],[-76.53996023,3.44400293],[-76.53995198,3.44405793]]]]},"geometry_name":"the_geom","properties":{"nombre":"DENTI CALI","localizaci":"CALLE 2A NO 13 18","servicio":"SALUD","nivel":"2","propiedad":"PRIV","tipos_de_e":"Clínicas tematicas","categoria":"Atención Ambulatoria","escala":"LOCAL","permanenci":"NO","estruc_eco":"NO","url1":null}},{"type":"Feature","id":"eqp_uco_salud.798","geometry":{"type":"MultiPolygon","coordinates":[[[[-76.47423862,3.40090749],[-76.47446493,3.4007852],[-76.47459345,3.40100948],[-76.47436814,3.40113145],[-76.47423862,3.40090749]]]]},"geometry_name":"the_geom","properties":{"nombre":"PUESTO DE SALUD","localizaci":"CL 122 D SIN PLACA","servicio":"SALUD","nivel":"1","propiedad":"PUB","tipos_de_e":"Puestos de salud","categoria":"Atención Ambulatoria","escala":"ZONAL","permanenci":"NO","estruc_eco":"NO","url1":null}},{"type":"Feature","id":"eqp_uco_salud.799","geometry":{"type":"MultiPolygon","coordinates":[[[[-76.47726384,3.41460102],[-76.47729626,3.41454316],[-76.47730434,3.41454584],[-76.47733226,3.41449159],[-76.47745343,3.41455884],[-76.47751321,3.41459184],[-76.47753734,3.41460587],[-76.4775743,3.4146255],[-76.47754371,3.414677],[-76.4775113,3.41473309],[-76.47739048,3.41466895],[-76.47726384,3.41460102]]]]},"geometry_name":"the_geom","properties":{"nombre":"PUESTO DE SALUD LOS RELIGIOSOS DE SAN JOSE","localizaci":"KR 27 CL 107B","servicio":"SALUD","nivel":"2","propiedad":"PRIV","tipos_de_e":"Centros médicos","categoria":"Atención Ambulatoria","escala":"LOCAL","permanenci":"NO","estruc_eco":"NO","url1":null}},{"type":"Feature","id":"eqp_uco_salud.800","geometry":{"type":"MultiPolygon","coordinates":[[[[-76.47671669,3.41711837],[-76.47665619,3.41723446],[-76.47660109,3.41720344],[-76.47667807,3.41706839],[-76.47669844,3.41703454],[-76.47674435,3.41706436],[-76.47671669,3.41711837]]]]},"geometry_name":"the_geom","properties":{"nombre":"COOPSACOC  ESS ARS","localizaci":"KR 27 NO 27D 87","servicio":"SALUD","nivel":"1","propiedad":"PRIV","tipos_de_e":"Centros médicos","categoria":"Atención Ambulatoria","escala":"LOCAL","permanenci":"NO","estruc_eco":"NO","url1":null}},{"type":"Feature","id":"eqp_uco_salud.801","geometry":{"type":"MultiPolygon","coordinates":[[[[-76.48361932,3.42254905],[-76.4836571,3.42250907],[-76.48370717,3.42255504],[-76.48367011,3.4225961],[-76.48364241,3.42262807],[-76.48362441,3.42264707],[-76.48359419,3.42268111],[-76.48353836,3.42263217],[-76.48361932,3.42254905]]]]},"geometry_name":"the_geom","properties":{"nombre":"CONTROL MEDICO","localizaci":"KR 27  CON CL 78 ESQUINA","servicio":"SALUD","nivel":"1","propiedad":"PRIV","tipos_de_e":"Centros médicos","categoria":"Atención Ambulatoria","escala":"LOCAL","permanenci":"NO","estruc_eco":"NO","url1":null}},{"type":"Feature","id":"eqp_uco_salud.802","geometry":{"type":"MultiPolygon","coordinates":[[[[-76.48405003,3.42208484],[-76.48408998,3.42204279],[-76.48409502,3.42204683],[-76.48409682,3.42204584],[-76.48416202,3.42210881],[-76.48419408,3.42213976],[-76.48415198,3.42218577],[-76.484107,3.42223179],[-76.484107,3.42223278],[-76.48407893,3.42226187],[-76.48406526,3.42227681],[-76.48401591,3.42223085],[-76.4839662,3.42218587],[-76.48396116,3.42217984],[-76.4840029,3.42213482],[-76.48405003,3.42208484]]]]},"geometry_name":"the_geom","properties":{"nombre":"HOSPITAL INFANTIL NIÑO DIOS","localizaci":"CL 78 NO SIN PLACA","servicio":"SALUD","nivel":"2","propiedad":"PUB","tipos_de_e":"Centros hospitalario","categoria":"Hospitales - Hospitalización","escala":"ZONAL","permanenci":"NO","estruc_eco":"NO","url1":null}},{"type":"Feature","id":"eqp_uco_salud.803","geometry":{"type":"MultiPolygon","coordinates":[[[[-76.47856347,3.42044868],[-76.47856172,3.4205451],[-76.47856126,3.42059071],[-76.47846188,3.420587],[-76.47840851,3.4205648],[-76.47838827,3.42052411],[-76.47840853,3.42040389],[-76.47856312,3.42040391],[-76.47856347,3.42044868]]]]},"geometry_name":"the_geom","properties":{"nombre":"PUESTO DE SALUD INTERVIDAS IPS","localizaci":"TR 103 CON DG 26P 15","servicio":"SALUD","nivel":"1","propiedad":"PUB","tipos_de_e":"Puestos de salud","categoria":"Atención Ambulatoria","escala":"LOCAL","permanenci":"NO","estruc_eco":"NO","url1":null}},{"type":"Feature","id":"eqp_uco_salud.804","geometry":{"type":"MultiPolygon","coordinates":[[[[-76.48044715,3.44000798],[-76.48059419,3.44009381],[-76.4805468,3.44016956],[-76.48040298,3.44008079],[-76.48044715,3.44000798]]]]},"geometry_name":"the_geom","properties":{"nombre":"PUESTO DE SALUD ALIRIO MORA BELTRAN","localizaci":"CL 73A CON KR 26","servicio":"SALUD","nivel":"1","propiedad":"PUB","tipos_de_e":"Puestos de salud","categoria":"Atención Ambulatoria","escala":"LOCAL","permanenci":"NO","estruc_eco":"NO","url1":null}},{"type":"Feature","id":"eqp_uco_salud.805","geometry":{"type":"MultiPolygon","coordinates":[[[[-76.48927148,3.43930012],[-76.48926154,3.43932164],[-76.48925527,3.43933494],[-76.48924893,3.43934837],[-76.48923172,3.43938484],[-76.48917391,3.43932377],[-76.48916123,3.43931012],[-76.48913556,3.43928219],[-76.48919878,3.43922193],[-76.48927148,3.43930012]]]]},"geometry_name":"the_geom","properties":{"nombre":"CENTRO MEDICO VILLA DEL LAGO","localizaci":"DG 70 CON KR 24D ESQUINA","servicio":"SALUD","nivel":"1","propiedad":"PRIV","tipos_de_e":"Centros médicos","categoria":"Atención Ambulatoria","escala":"LOCAL","permanenci":"NO","estruc_eco":"NO","url1":null}},{"type":"Feature","id":"eqp_uco_salud.806","geometry":{"type":"MultiPolygon","coordinates":[[[[-76.49187213,3.43426668],[-76.49206211,3.43417426],[-76.49214024,3.4343225],[-76.49195065,3.43442908],[-76.49187213,3.43426668]]]]},"geometry_name":"the_geom","properties":{"nombre":"PUESTO DE SALUD RICARDO BELALCAZAR","localizaci":"KR 26I ENTRE DG 71A Y 71C","servicio":"SALUD","nivel":"1","propiedad":"PUB","tipos_de_e":"Puestos de salud","categoria":"Atención Ambulatoria","escala":"LOCAL","permanenci":"NO","estruc_eco":"NO","url1":null}},{"type":"Feature","id":"eqp_uco_salud.807","geometry":{"type":"MultiPolygon","coordinates":[[[[-76.49499353,3.4278531],[-76.49477293,3.42766106],[-76.49506725,3.42732617],[-76.49536259,3.42758751],[-76.49514947,3.42779918],[-76.4951113,3.42777724],[-76.49507027,3.42781129],[-76.49508145,3.42784728],[-76.49504271,3.42787489],[-76.49499353,3.4278531]]]]},"geometry_name":"the_geom","properties":{"nombre":"PUESTO DE SALUD LOS COMUNEROS II","localizaci":"CL 72F CON KR 28_3 Y 28A","servicio":"SALUD","nivel":"1","propiedad":"PUB","tipos_de_e":"Puestos de salud","categoria":"Atención Ambulatoria","escala":"ZONAL","permanenci":"NO","estruc_eco":"NO","url1":null}},{"type":"Feature","id":"eqp_uco_salud.808","geometry":{"type":"MultiPolygon","coordinates":[[[[-76.48884033,3.44138529],[-76.48865436,3.44129934],[-76.48869216,3.44120767],[-76.48881482,3.44115363],[-76.48891841,3.44121794],[-76.48884033,3.44138529]]]]},"geometry_name":"the_geom","properties":{"nombre":"PUESTO DE SALUD ULPIANO LLOREDA","localizaci":"CL 72B CON KR 24","servicio":"SALUD","nivel":"1","propiedad":"PUB","tipos_de_e":"Puestos de salud","categoria":"Atención Ambulatoria","escala":"LOCAL","permanenci":"NO","estruc_eco":"NO","url1":null}},{"type":"Feature","id":"eqp_uco_salud.809","geometry":{"type":"MultiPolygon","coordinates":[[[[-76.51939733,3.40953603],[-76.51930209,3.40952923],[-76.51930671,3.40945572],[-76.51931458,3.4093667],[-76.51931644,3.4093535],[-76.51941081,3.4093651],[-76.51939733,3.40953603]]]]},"geometry_name":"the_geom","properties":{"nombre":"CLINICA MARACAIBO","localizaci":"KR 46 NO 25B 88","servicio":"SALUD","nivel":"2","propiedad":"PRIV","tipos_de_e":"Clínicas NIVEL II","categoria":"Hospitales - Hospitalización","escala":"ZONAL","permanenci":"NO","estruc_eco":"NO","url1":null}},{"type":"Feature","id":"eqp_uco_salud.810","geometry":{"type":"MultiPolygon","coordinates":[[[[-76.51851191,3.41035503],[-76.51850619,3.41041628],[-76.5182951,3.4103997],[-76.51830052,3.41033915],[-76.51851191,3.41035503]]]]},"geometry_name":"the_geom","properties":{"nombre":"CEDIMA CENTRO DE SALUD","localizaci":"CL 27 NO 44A 18","servicio":"SALUD","nivel":"2","propiedad":"PRIV","tipos_de_e":"Centros médicos","categoria":"Atención Ambulatoria","escala":"ZONAL","permanenci":"NO","estruc_eco":"NO","url1":null}},{"type":"Feature","id":"eqp_uco_salud.811","geometry":{"type":"MultiPolygon","coordinates":[[[[-76.51692747,3.43569233],[-76.51689577,3.43569764],[-76.51682827,3.435704],[-76.51681154,3.43548825],[-76.51690982,3.43547515],[-76.51692747,3.43569233]]]]},"geometry_name":"the_geom","properties":{"nombre":"CLINICA OFTALMOLOGICA","localizaci":"KR 23 NO 25E 100","servicio":"SALUD","nivel":"2","propiedad":"PRIV","tipos_de_e":"Clínicas tematicas","categoria":"Atención Ambulatoria","escala":"LOCAL","permanenci":"NO","estruc_eco":"NO","url1":null}},{"type":"Feature","id":"eqp_uco_salud.812","geometry":{"type":"MultiPolygon","coordinates":[[[[-76.51850682,3.43191511],[-76.51851577,3.43182708],[-76.51860974,3.43183207],[-76.51868175,3.43183905],[-76.51873576,3.43184496],[-76.5187329,3.43187295],[-76.51872681,3.43193398],[-76.518671,3.43192906],[-76.51866812,3.43192906],[-76.51860979,3.43192405],[-76.51850682,3.43191511]]]]},"geometry_name":"the_geom","properties":{"nombre":"PUESTO DE SALUD","localizaci":"CL 26A NO 25 46","servicio":"SALUD","nivel":"1","propiedad":"PUB","tipos_de_e":"Puestos de salud","categoria":"Atención Ambulatoria","escala":"LOCAL","permanenci":"NO","estruc_eco":"NO","url1":null}},{"type":"Feature","id":"eqp_uco_salud.813","geometry":{"type":"MultiPolygon","coordinates":[[[[-76.51718566,3.41963292],[-76.51718594,3.41963299],[-76.5171922,3.41963659],[-76.5171967,3.4196402],[-76.51720394,3.41964924],[-76.51720333,3.41965625],[-76.51719943,3.41970082],[-76.51720022,3.41970097],[-76.51720021,3.41970107],[-76.51719844,3.41973906],[-76.51700941,3.41972719],[-76.5170112,3.41970118],[-76.51701513,3.41964519],[-76.51718434,3.41963304],[-76.51718566,3.41963292]]]]},"geometry_name":"the_geom","properties":{"nombre":"NUEVA EPS EL JARDIN","localizaci":"CL 27 NO 37 45","servicio":"SALUD","nivel":"2","propiedad":"PUB","tipos_de_e":"Centros de atención IPS y EPS","categoria":"Atención Ambulatoria","escala":"LOCAL","permanenci":"NO","estruc_eco":"NO","url1":null}},{"type":"Feature","id":"eqp_uco_salud.814","geometry":{"type":"MultiPolygon","coordinates":[[[[-76.50883382,3.42320763],[-76.50882116,3.42335823],[-76.50868404,3.42334649],[-76.50870159,3.4231949],[-76.50883382,3.42320763]]]]},"geometry_name":"the_geom","properties":{"nombre":"PUESTO DE SALUD","localizaci":"CL 34C CON KR 32B","servicio":"SALUD","nivel":"1","propiedad":"PUB","tipos_de_e":"Puestos de salud","categoria":"Atención Ambulatoria","escala":"LOCAL","permanenci":"NO","estruc_eco":"NO","url1":null}},{"type":"Feature","id":"eqp_uco_salud.815","geometry":{"type":"MultiPolygon","coordinates":[[[[-76.491109,3.49694153],[-76.49090915,3.49683944],[-76.49104583,3.4965771],[-76.49124254,3.49667759],[-76.491109,3.49694153]]]]},"geometry_name":"the_geom","properties":{"nombre":"CENTRO DE SALUD FLORALIA","localizaci":"CL 82 KR 3A N","servicio":"SALUD","nivel":"1","propiedad":"PUB","tipos_de_e":"Centros de salud","categoria":"Atención Ambulatoria","escala":"LOCAL","permanenci":"NO","estruc_eco":"NO","url1":null}},{"type":"Feature","id":"eqp_uco_salud.816","geometry":{"type":"MultiPolygon","coordinates":[[[[-76.498895,3.49019361],[-76.49884907,3.49016559],[-76.49885806,3.49015018],[-76.49890844,3.49007328],[-76.49892643,3.49004437],[-76.49897236,3.49007417],[-76.49896428,3.49008597],[-76.49890399,3.49018004],[-76.498895,3.49019361]]]]},"geometry_name":"the_geom","properties":{"nombre":"MEDICINA PREPAGADA COOMEVA","localizaci":"CL 71E N NO  4  125","servicio":"SALUD","nivel":"2","propiedad":"PRIV","tipos_de_e":"Centros de atención IPS y EPS","categoria":"Atención Ambulatoria","escala":"LOCAL","permanenci":"NO","estruc_eco":"NO","url1":null}},{"type":"Feature","id":"eqp_uco_salud.817","geometry":{"type":"MultiPolygon","coordinates":[[[[-76.49469679,3.49257676],[-76.49480585,3.49263362],[-76.49475454,3.49273281],[-76.49475233,3.49274374],[-76.49472686,3.4927306],[-76.49464053,3.49268537],[-76.49467281,3.49262296],[-76.49469679,3.49257676]]]]},"geometry_name":"the_geom","properties":{"nombre":"PUESTO SALUD FLORALIA (RED DE SALUD DEL NORTE)","localizaci":"CL 72C NO 3B N  53","servicio":"SALUD","nivel":"1","propiedad":"PUB","tipos_de_e":"Puestos de salud","categoria":"Atención Ambulatoria","escala":"LOCAL","permanenci":"NO","estruc_eco":"NO","url1":null}},{"type":"Feature","id":"eqp_uco_salud.818","geometry":{"type":"MultiPolygon","coordinates":[[[[-76.52040232,3.47251029],[-76.52015142,3.47291299],[-76.52014962,3.47291497],[-76.52009458,3.47300203],[-76.52007045,3.47299008],[-76.51989937,3.4728791],[-76.51984217,3.47284269],[-76.5198195,3.47282819],[-76.5201731,3.4722579],[-76.52044934,3.47243479],[-76.52040232,3.47251029]]]]},"geometry_name":"the_geom","properties":{"nombre":"CLINICA SIGMA","localizaci":"AV 3N NO 35N- 10","servicio":"SALUD","nivel":"2","propiedad":"PRIV","tipos_de_e":"Clínicas NIVEL II","categoria":"Hospitales - Hospitalización","escala":"URBANA","permanenci":"SI","estruc_eco":"NO","url1":null}},{"type":"Feature","id":"eqp_uco_salud.819","geometry":{"type":"MultiPolygon","coordinates":[[[[-76.52118698,3.47577657],[-76.52120029,3.47575659],[-76.52122511,3.4757176],[-76.52123698,3.47569761],[-76.5212431,3.47568861],[-76.52125497,3.47566961],[-76.52129993,3.47559857],[-76.52131612,3.47557354],[-76.52131792,3.47557552],[-76.52149296,3.47568748],[-76.521498,3.47569045],[-76.52148505,3.47571044],[-76.52148325,3.47571242],[-76.5213703,3.47589348],[-76.52133032,3.47586758],[-76.52130511,3.47585157],[-76.52129611,3.47584654],[-76.52128134,3.47583656],[-76.52125001,3.47581659],[-76.52123128,3.47580463],[-76.52121615,3.47579456],[-76.52118698,3.47577657]]]]},"geometry_name":"the_geom","properties":{"nombre":"CAFESALUD","localizaci":"CL 38 N NO 3CN-68","servicio":"SALUD","nivel":"1","propiedad":"PRIV","tipos_de_e":"Centros de atención IPS y EPS","categoria":"Atención Ambulatoria","escala":"ZONAL","permanenci":"NO","estruc_eco":"NO","url1":null}},{"type":"Feature","id":"eqp_uco_salud.820","geometry":{"type":"MultiPolygon","coordinates":[[[[-76.51930771,3.47528464],[-76.51936562,3.47519155],[-76.51939984,3.47521358],[-76.51946683,3.47525656],[-76.51948375,3.47526754],[-76.51951689,3.47528849],[-76.51950178,3.47531253],[-76.51949171,3.47532856],[-76.51945861,3.47538051],[-76.51943664,3.47536657],[-76.51941972,3.4753556],[-76.51934156,3.4753056],[-76.5193358,3.47530164],[-76.51930771,3.47528464]]]]},"geometry_name":"the_geom","properties":{"nombre":"CLINICA DEL ORIENTE","localizaci":"AV 3 N NO 38AN-21","servicio":"SALUD","nivel":"2","propiedad":"PRIV","tipos_de_e":"Clínicas NIVEL II","categoria":"Hospitales - Hospitalización","escala":"ZONAL","permanenci":"NO","estruc_eco":"NO","url1":null}},{"type":"Feature","id":"eqp_uco_salud.821","geometry":{"type":"MultiPolygon","coordinates":[[[[-76.51661858,3.47386997],[-76.51662757,3.47385502],[-76.51670455,3.47373095],[-76.51672146,3.47370394],[-76.51673369,3.47368495],[-76.51674556,3.47366694],[-76.51676645,3.47368088],[-76.51676969,3.47368295],[-76.51678554,3.47369293],[-76.51679778,3.47369985],[-76.51682155,3.47371487],[-76.51677551,3.4737869],[-76.51670284,3.47390296],[-76.51669385,3.473917],[-76.51661858,3.47386997]]]]},"geometry_name":"the_geom","properties":{"nombre":"ODONTOLOGIA INTEGRAL","localizaci":"CL 39 N NO 2BN-121","servicio":"SALUD","nivel":"2","propiedad":"PRIV","tipos_de_e":"Centros médicos","categoria":"Atención Ambulatoria","escala":"LOCAL","permanenci":"NO","estruc_eco":"NO","url1":null}},{"type":"Feature","id":"eqp_uco_salud.822","geometry":{"type":"MultiPolygon","coordinates":[[[[-76.51533335,3.48462535],[-76.51535133,3.48459537],[-76.51540529,3.4845083],[-76.5154222,3.4844803],[-76.51544522,3.48444231],[-76.51548447,3.48446631],[-76.51552733,3.48449221],[-76.51551438,3.48451328],[-76.51548632,3.4845583],[-76.51545827,3.48460431],[-76.51543345,3.48464527],[-76.51541438,3.48467634],[-76.51536036,3.48464234],[-76.51533335,3.48462535]]]]},"geometry_name":"the_geom","properties":{"nombre":"CENTRO MEDICO CRUZ BLANCA","localizaci":"CL 52 N  NO  3A N  93","servicio":"SALUD","nivel":"1","propiedad":"PRIV","tipos_de_e":"Centros médicos","categoria":"Atención Ambulatoria","escala":"URBANA","permanenci":"NO","estruc_eco":"NO","url1":null}},{"type":"Feature","id":"eqp_uco_salud.823","geometry":{"type":"MultiPolygon","coordinates":[[[[-76.50798702,3.4849781],[-76.50810679,3.48476202],[-76.50825877,3.48485096],[-76.50813576,3.48506308],[-76.50798702,3.4849781]]]]},"geometry_name":"the_geom","properties":{"nombre":"CENTRO DE SALUD LOS ALAMOS","localizaci":"AV 2D N NO 57B N  00","servicio":"SALUD","nivel":"1","propiedad":"PUB","tipos_de_e":"Centros de salud","categoria":"Atención Ambulatoria","escala":"LOCAL","permanenci":"NO","estruc_eco":"NO","url1":null}},{"type":"Feature","id":"eqp_uco_salud.824","geometry":{"type":"MultiPolygon","coordinates":[[[[-76.51926816,3.47569171],[-76.51926214,3.47569274],[-76.51926601,3.47569517],[-76.519166,3.47585594],[-76.51904803,3.47578133],[-76.51899752,3.47575479],[-76.51910177,3.47558719],[-76.51926816,3.47569171]]]]},"geometry_name":"the_geom","properties":{"nombre":"SALUDCOOP","localizaci":"AV 3 N NO 39N-07","servicio":"SALUD","nivel":"2","propiedad":"PRIV","tipos_de_e":"Clínicas NIVEL II","categoria":"Hospitales - Hospitalización","escala":"URBANA","permanenci":"SI","estruc_eco":"NO","url1":null}},{"type":"Feature","id":"eqp_uco_salud.825","geometry":{"type":"MultiPolygon","coordinates":[[[[-76.52124084,3.48080587],[-76.52131166,3.4806098],[-76.52143265,3.4806568],[-76.52141576,3.48070578],[-76.52139096,3.48078284],[-76.52137694,3.4808238],[-76.52136688,3.48085278],[-76.52134095,3.48084281],[-76.52133195,3.48083984],[-76.52132006,3.48083589],[-76.52126389,3.48081486],[-76.52124084,3.48080587]]]]},"geometry_name":"the_geom","properties":{"nombre":"CLINICA DE FRACTURAS","localizaci":"CL 44 No 3H 20","servicio":"SALUD","nivel":"2","propiedad":"PRIV","tipos_de_e":"Clínicas tematicas","categoria":"Atención Ambulatoria","escala":"ZONAL","permanenci":"NO","estruc_eco":"NO","url1":null}},{"type":"Feature","id":"eqp_uco_salud.826","geometry":{"type":"MultiPolygon","coordinates":[[[[-76.51952061,3.47890772],[-76.51977178,3.47905733],[-76.51954667,3.47942457],[-76.51926198,3.47924986],[-76.51928571,3.47920385],[-76.51931197,3.47915083],[-76.51935086,3.47917187],[-76.51935482,3.47916979],[-76.51935698,3.47916583],[-76.51952061,3.47890772]]]]},"geometry_name":"the_geom","properties":{"nombre":"CENTRO MEDICO ESPECIALIZADO","localizaci":"CL 43 NO 3DN - 37","servicio":"SALUD","nivel":"2","propiedad":"PRIV","tipos_de_e":"Centros médicos","categoria":"Atención Ambulatoria","escala":"LOCAL","permanenci":"NO","estruc_eco":"NO","url1":null}},{"type":"Feature","id":"eqp_uco_salud.827","geometry":{"type":"MultiPolygon","coordinates":[[[[-76.52384924,3.47612808],[-76.52388921,3.476143],[-76.52398535,3.47617697],[-76.52397421,3.47620803],[-76.52396127,3.47624295],[-76.52392029,3.47635899],[-76.5239095,3.47639005],[-76.52379535,3.47635006],[-76.52378743,3.47634809],[-76.5237813,3.47634107],[-76.5237813,3.47633207],[-76.52384924,3.47612808]]]]},"geometry_name":"the_geom","properties":{"nombre":"SALUD IPS","localizaci":"AV 4 N NO 37A N  00","servicio":"SALUD","nivel":"2","propiedad":"PRIV","tipos_de_e":"Centros de atención IPS y EPS","categoria":"Atención Ambulatoria","escala":"LOCAL","permanenci":"NO","estruc_eco":"NO","url1":null}},{"type":"Feature","id":"eqp_uco_salud.828","geometry":{"type":"MultiPolygon","coordinates":[[[[-76.52392005,3.47591599],[-76.52397504,3.47574792],[-76.52398691,3.47573495],[-76.52400203,3.47572693],[-76.52400419,3.47572693],[-76.52416402,3.47568184],[-76.52414892,3.47572388],[-76.52413706,3.4757589],[-76.5241083,3.47583992],[-76.52410111,3.47586089],[-76.52408709,3.47589789],[-76.52407918,3.47592292],[-76.52406912,3.47594993],[-76.52406229,3.4759709],[-76.52396434,3.47593297],[-76.5239593,3.475931],[-76.52392005,3.47591599]]]]},"geometry_name":"the_geom","properties":{"nombre":"SALUDCOOP","localizaci":"CL 37A  N NO  4N  10","servicio":"SALUD","nivel":"2","propiedad":"PRIV","tipos_de_e":"Clínicas NIVEL II","categoria":"Hospitales - Hospitalización","escala":"URBANA","permanenci":"SI","estruc_eco":"NO","url1":null}},{"type":"Feature","id":"eqp_uco_salud.829","geometry":{"type":"MultiPolygon","coordinates":[[[[-76.5249361,3.4773305],[-76.52483384,3.47729356],[-76.52486906,3.47719552],[-76.52487482,3.47718058],[-76.52490681,3.47709056],[-76.52490789,3.47708849],[-76.52492299,3.47704555],[-76.5250249,3.47708248],[-76.52512609,3.47711942],[-76.52511494,3.47715246],[-76.52507899,3.47725148],[-76.52507396,3.47726445],[-76.52505491,3.47731846],[-76.52504304,3.47735051],[-76.52503693,3.47736743],[-76.5249361,3.4773305]]]]},"geometry_name":"the_geom","properties":{"nombre":"CLINICA BARRERAS","localizaci":"CL 38 N NO 4N  100","servicio":"SALUD","nivel":"2","propiedad":"PRIV","tipos_de_e":"Clínicas NIVEL II","categoria":"Hospitales - Hospitalización","escala":"URBANA","permanenci":"SI","estruc_eco":"NO","url1":null}},{"type":"Feature","id":"eqp_uco_salud.830","geometry":{"type":"MultiPolygon","coordinates":[[[[-76.52535074,3.47644228],[-76.52538741,3.47633821],[-76.52540865,3.47634522],[-76.52544646,3.47635915],[-76.52560347,3.47641513],[-76.52561067,3.4764181],[-76.52562363,3.47642313],[-76.52558661,3.47652711],[-76.52557148,3.47652217],[-76.52555348,3.47651516],[-76.52549766,3.47649521],[-76.52547461,3.47648721],[-76.52544869,3.47647822],[-76.52540944,3.4764642],[-76.52535074,3.47644228]]]]},"geometry_name":"the_geom","properties":{"nombre":"CENTRO DE FISIOTERAPIA Y REHABILITACION  LA FLORA","localizaci":"AV 5 N NO 37A  120","servicio":"SALUD","nivel":"2","propiedad":"PRIV","tipos_de_e":"Consultorios tematicos","categoria":"Atención Ambulatoria","escala":"LOCAL","permanenci":"NO","estruc_eco":"NO","url1":null}},{"type":"Feature","id":"eqp_uco_salud.831","geometry":{"type":"MultiPolygon","coordinates":[[[[-76.5199977,3.48688378],[-76.5200279,3.48680077],[-76.52006175,3.48681381],[-76.52007471,3.48681875],[-76.52008264,3.48682181],[-76.52009092,3.48682378],[-76.52016474,3.48685173],[-76.52018166,3.48685874],[-76.52025477,3.4868857],[-76.52024578,3.48691064],[-76.52022601,3.48696573],[-76.52011977,3.48692673],[-76.52010969,3.48692377],[-76.52003191,3.48689582],[-76.52002471,3.48689276],[-76.5199977,3.48688378]]]]},"geometry_name":"the_geom","properties":{"nombre":"SALUD ISC PLUS","localizaci":"AV 4 N NO 29N  75","servicio":"SALUD","nivel":"1","propiedad":"PRIV","tipos_de_e":"Centros médicos","categoria":"Atención Ambulatoria","escala":"LOCAL","permanenci":"NO","estruc_eco":"NO","url1":null}},{"type":"Feature","id":"eqp_uco_salud.832","geometry":{"type":"MultiPolygon","coordinates":[[[[-76.53131716,3.48662157],[-76.5313279,3.48650555],[-76.53141503,3.48651648],[-76.53146694,3.4866385],[-76.53140323,3.48666454],[-76.53130821,3.48670753],[-76.53131716,3.48662157]]]]},"geometry_name":"the_geom","properties":{"nombre":"FUNDACION CLINICA VERSALLES","localizaci":"AV 9 N NO 58  00","servicio":"SALUD","nivel":"2","propiedad":"PRIV","tipos_de_e":"Clínicas NIVEL II","categoria":"Hospitales - Hospitalización","escala":"ZONAL","permanenci":"NO","estruc_eco":"NO","url1":null}},{"type":"Feature","id":"eqp_uco_salud.833","geometry":{"type":"MultiPolygon","coordinates":[[[[-76.5261035,3.48386738],[-76.52610285,3.48383913],[-76.5261025,3.4838241],[-76.52610224,3.48381304],[-76.52610159,3.48378508],[-76.52610099,3.48375935],[-76.52610067,3.48374357],[-76.52633137,3.48374625],[-76.52633256,3.48374625],[-76.5263326,3.48381725],[-76.52633047,3.48386927],[-76.5261035,3.48386738]]]]},"geometry_name":"the_geom","properties":{"nombre":"ORTHOPLAN CLINICA ODONTOLOGICA","localizaci":"AV 6A No 45N 47","servicio":"SALUD","nivel":"2","propiedad":"PRIV","tipos_de_e":"Clínicas tematicas","categoria":"Atención Ambulatoria","escala":"LOCAL","permanenci":"NO","estruc_eco":"NO","url1":null}},{"type":"Feature","id":"eqp_uco_salud.834","geometry":{"type":"MultiPolygon","coordinates":[[[[-76.484047,3.48278936],[-76.48407297,3.48287539],[-76.48402329,3.48289144],[-76.48399697,3.48280541],[-76.484047,3.48278936]]]]},"geometry_name":"the_geom","properties":{"nombre":"CENTRO ODONTOLOGICO CALIMIO","localizaci":"KR 1A 11 NO 73A  10","servicio":"SALUD","nivel":"2","propiedad":"PRIV","tipos_de_e":"Centros médicos","categoria":"Atención Ambulatoria","escala":"LOCAL","permanenci":"NO","estruc_eco":"NO","url1":null}},{"type":"Feature","id":"eqp_uco_salud.835","geometry":{"type":"MultiPolygon","coordinates":[[[[-76.48593221,3.47679932],[-76.48589895,3.47670097],[-76.4859839,3.47667095],[-76.48601708,3.47677093],[-76.48593221,3.47679932]]]]},"geometry_name":"the_geom","properties":{"nombre":"PROSALUD","localizaci":"CL 71A NO 1D  07","servicio":"SALUD","nivel":"2","propiedad":"PRIV","tipos_de_e":"Centros de atención IPS y EPS","categoria":"Atención Ambulatoria","escala":"LOCAL","permanenci":"NO","estruc_eco":"NO","url1":null}},{"type":"Feature","id":"eqp_uco_salud.836","geometry":{"type":"MultiPolygon","coordinates":[[[[-76.49071186,3.48502055],[-76.49080336,3.48494656],[-76.49084854,3.4850029],[-76.49075655,3.48507636],[-76.49071186,3.48502055]]]]},"geometry_name":"the_geom","properties":{"nombre":"CENTRO MEDICO LOS ALCAZARES","localizaci":"KR 1A  NO 7A B 27 G","servicio":"SALUD","nivel":"1","propiedad":"PRIV","tipos_de_e":"Centros médicos","categoria":"Atención Ambulatoria","escala":"LOCAL","permanenci":"NO","estruc_eco":"NO","url1":null}},{"type":"Feature","id":"eqp_uco_salud.837","geometry":{"type":"MultiPolygon","coordinates":[[[[-76.48257311,3.47972388],[-76.4825531,3.47965226],[-76.48253561,3.47958996],[-76.48260814,3.47956641],[-76.48272692,3.47953289],[-76.48275303,3.47955006],[-76.48280081,3.47971192],[-76.48260824,3.47977948],[-76.4825942,3.47978513],[-76.48259069,3.47978645],[-76.48257311,3.47972388]]]]},"geometry_name":"the_geom","properties":{"nombre":"PUESTO DE SALUD PETECUY II","localizaci":"CL 74 NO 1C  00","servicio":"SALUD","nivel":"1","propiedad":"PUB","tipos_de_e":"Puestos de salud","categoria":"Atención Ambulatoria","escala":"LOCAL","permanenci":"NO","estruc_eco":"NO","url1":null}},{"type":"Feature","id":"eqp_uco_salud.838","geometry":{"type":"MultiPolygon","coordinates":[[[[-76.48135061,3.47574905],[-76.48140943,3.47593533],[-76.4812004,3.47600321],[-76.48114205,3.47581252],[-76.48135061,3.47574905]]]]},"geometry_name":"the_geom","properties":{"nombre":"PUESTO DE SALUD PETECUY III","localizaci":"CL  76 KR 1I","servicio":"SALUD","nivel":"1","propiedad":"PUB","tipos_de_e":"Puestos de salud","categoria":"Atención Ambulatoria","escala":"LOCAL","permanenci":"NO","estruc_eco":"NO","url1":null}},{"type":"Feature","id":"eqp_uco_salud.839","geometry":{"type":"MultiPolygon","coordinates":[[[[-76.48155105,3.45616032],[-76.48124538,3.45612925],[-76.48125745,3.45601411],[-76.48156837,3.45604523],[-76.48155105,3.45616032]]]]},"geometry_name":"the_geom","properties":{"nombre":"PUESTO DE SALUD ALFONSO LOPEZ ETAPA III","localizaci":"CL 74 NO 7M BIS 00","servicio":"SALUD","nivel":"1","propiedad":"PUB","tipos_de_e":"Puestos de salud","categoria":"Atención Ambulatoria","escala":"LOCAL","permanenci":"NO","estruc_eco":"NO","url1":null}},{"type":"Feature","id":"eqp_uco_salud.840","geometry":{"type":"MultiPolygon","coordinates":[[[[-76.48179388,3.46491431],[-76.48177369,3.4648523],[-76.48197779,3.46478721],[-76.48199074,3.46476524],[-76.48212069,3.46472511],[-76.48215057,3.46471511],[-76.48218772,3.46483714],[-76.4821528,3.46484913],[-76.48214992,3.46485012],[-76.48216976,3.4649141],[-76.48220583,3.46503109],[-76.48219791,3.46503712],[-76.48221306,3.46508509],[-76.48225481,3.4650721],[-76.48228901,3.4650621],[-76.48229406,3.46508108],[-76.48233806,3.46522102],[-76.48240406,3.46542701],[-76.48239722,3.46543007],[-76.48225215,3.46547614],[-76.48207901,3.46553222],[-76.48204517,3.46554322],[-76.48202897,3.46554827],[-76.48199513,3.46555927],[-76.48198612,3.4655293],[-76.48195402,3.46542824],[-76.48197812,3.4653943],[-76.48196009,3.46533724],[-76.48197485,3.46533228],[-76.48196583,3.4653043],[-76.48195899,3.46530628],[-76.48194709,3.46527128],[-76.48194493,3.46526624],[-76.48190261,3.46525257],[-76.48186674,3.46514531],[-76.48179388,3.46491431]]]]},"geometry_name":"the_geom","properties":{"nombre":"HOSPITAL JOAQUIN PAZ BORRERO","localizaci":"CL 72A KR 7A BIS","servicio":"SALUD","nivel":"2","propiedad":"PUB","tipos_de_e":"Centros hospitalario","categoria":"Hospitales - Hospitalización","escala":"ZONAL","permanenci":"NO","estruc_eco":"NO","url1":null}},{"type":"Feature","id":"eqp_uco_salud.841","geometry":{"type":"MultiPolygon","coordinates":[[[[-76.48534762,3.44848399],[-76.48515568,3.44838062],[-76.48528616,3.44808754],[-76.48548288,3.44820174],[-76.48534762,3.44848399]]]]},"geometry_name":"the_geom","properties":{"nombre":"PUESTO DE SALUD SIETE DE AGOSTO","localizaci":"CL 72 NO 11  20","servicio":"SALUD","nivel":"1","propiedad":"PUB","tipos_de_e":"Puestos de salud","categoria":"Atención Ambulatoria","escala":"LOCAL","permanenci":"NO","estruc_eco":"NO","url1":null}},{"type":"Feature","id":"eqp_uco_salud.842","geometry":{"type":"MultiPolygon","coordinates":[[[[-76.49726344,3.44409884],[-76.49720835,3.44409293],[-76.49721336,3.44404594],[-76.49721946,3.44399788],[-76.49722734,3.44392191],[-76.49723809,3.44382586],[-76.49727409,3.4438299],[-76.49729211,3.44384888],[-76.49729031,3.44386283],[-76.49728923,3.44386283],[-76.49726344,3.44409884]]]]},"geometry_name":"the_geom","properties":{"nombre":"CLINICA EL TREBOL","localizaci":"KR 15 55 05","servicio":"SALUD","nivel":"2","propiedad":"PRIV","tipos_de_e":"Clínicas NIVEL II","categoria":"Hospitales - Hospitalización","escala":"ZONAL","permanenci":"NO","estruc_eco":"NO","url1":null}},{"type":"Feature","id":"eqp_uco_salud.843","geometry":{"type":"MultiPolygon","coordinates":[[[[-76.49387446,3.45217223],[-76.49392739,3.45218219],[-76.4939436,3.45218524],[-76.49389045,3.45244421],[-76.4938865,3.45246726],[-76.49386958,3.45246826],[-76.4938145,3.45247234],[-76.49387446,3.45217223]]]]},"geometry_name":"the_geom","properties":{"nombre":"CLINICA BURGOS","localizaci":"CL 58 NO 8/06 09","servicio":"SALUD","nivel":"2","propiedad":"PRIV","tipos_de_e":"Clínicas NIVEL II","categoria":"Hospitales - Hospitalización","escala":"ZONAL","permanenci":"NO","estruc_eco":"NO","url1":null}},{"type":"Feature","id":"eqp_uco_salud.844","geometry":{"type":"MultiPolygon","coordinates":[[[[-76.50018352,3.44583941],[-76.5001846,3.44582744],[-76.50019144,3.44582842],[-76.50021268,3.44583039],[-76.50021376,3.44583039],[-76.50028361,3.44583836],[-76.50059578,3.44587419],[-76.50064979,3.44587912],[-76.50078661,3.44589407],[-76.50085682,3.44590204],[-76.50095367,3.44591198],[-76.50093971,3.44606104],[-76.5009279,3.44619506],[-76.50092003,3.446274],[-76.50070471,3.44624712],[-76.50031369,3.44620332],[-76.50016175,3.4461854],[-76.50014375,3.44618343],[-76.50014482,3.44616543],[-76.50014482,3.44616444],[-76.50015091,3.44611943],[-76.50016382,3.44601745],[-76.50016668,3.44598945],[-76.50016955,3.44596839],[-76.50017457,3.44591943],[-76.50018352,3.4458404],[-76.50018352,3.44583941]]]]},"geometry_name":"the_geom","properties":{"nombre":"CENTRO DE SALUD DIEGO LALINDE","localizaci":"KR 12E 54 00","servicio":"SALUD","nivel":"1","propiedad":"PUB","tipos_de_e":"Centros de salud","categoria":"Atención Ambulatoria","escala":"ZONAL","permanenci":"NO","estruc_eco":"NO","url1":null}},{"type":"Feature","id":"eqp_uco_salud.845","geometry":{"type":"MultiPolygon","coordinates":[[[[-76.49897867,3.44754585],[-76.49898005,3.44753991],[-76.49895727,3.44753725],[-76.49895682,3.44753707],[-76.49896398,3.44746704],[-76.49905358,3.44747551],[-76.49904209,3.44751403],[-76.49904526,3.44751436],[-76.49904113,3.44755539],[-76.49897867,3.44754585]]]]},"geometry_name":"the_geom","properties":{"nombre":"CLINICA ORIENTE","localizaci":"CL 52 NO 12A  05/07/09/13","servicio":"SALUD","nivel":"2","propiedad":"PRIV","tipos_de_e":"Centros hospitalario","categoria":"Hospitales - Hospitalización","escala":"ZONAL","permanenci":"NO","estruc_eco":"NO","url1":null}},{"type":"Feature","id":"eqp_uco_salud.846","geometry":{"type":"MultiPolygon","coordinates":[[[[-76.49915096,3.44653805],[-76.49898498,3.44652113],[-76.49891189,3.44651316],[-76.49886868,3.44650913],[-76.4988478,3.44650716],[-76.49885389,3.44645514],[-76.49887693,3.4464572],[-76.4989187,3.44646212],[-76.49897775,3.44646812],[-76.49898999,3.44646911],[-76.4991567,3.44648702],[-76.49915096,3.44653805]]]]},"geometry_name":"the_geom","properties":{"nombre":"CENTRO MEDICO VILLA COLOMBIA","localizaci":"CL 52 NO 12C  33","servicio":"SALUD","nivel":"1","propiedad":"PRIV","tipos_de_e":"Centros médicos","categoria":"Atención Ambulatoria","escala":"LOCAL","permanenci":"NO","estruc_eco":"NO","url1":null}},{"type":"Feature","id":"eqp_uco_salud.847","geometry":{"type":"MultiPolygon","coordinates":[[[[-76.50037808,3.44876953],[-76.50037808,3.44876845],[-76.50038202,3.44873847],[-76.50039329,3.44865379],[-76.50044604,3.44865888],[-76.50045888,3.44867297],[-76.50047128,3.44868739],[-76.50045879,3.44877821],[-76.50037808,3.44876953]]]]},"geometry_name":"the_geom","properties":{"nombre":"CS SALUD","localizaci":"KR 12 50 07","servicio":"SALUD","nivel":"2","propiedad":"PRIV","tipos_de_e":"Centros médicos","categoria":"Atención Ambulatoria","escala":"LOCAL","permanenci":"NO","estruc_eco":"NO","url1":null}},{"type":"Feature","id":"eqp_uco_salud.848","geometry":{"type":"MultiPolygon","coordinates":[[[[-76.5011975,3.44739992],[-76.50119965,3.44737993],[-76.50120467,3.44733997],[-76.5012104,3.44729793],[-76.50122439,3.44718596],[-76.50129747,3.44718691],[-76.5012964,3.44719789],[-76.50129856,3.44719789],[-76.50128745,3.44728691],[-76.5012835,3.44731292],[-76.50127454,3.4473879],[-76.50127167,3.44740789],[-76.5011975,3.44739992]]]]},"geometry_name":"the_geom","properties":{"nombre":"CENTRO MEDICO SOCIAL SAGRADA FAMILIA","localizaci":"KR 12C NO 49  3 /17","servicio":"SALUD","nivel":"1","propiedad":"PRIV","tipos_de_e":"Centros médicos","categoria":"Atención Ambulatoria","escala":"LOCAL","permanenci":"NO","estruc_eco":"NO","url1":null}},{"type":"Feature","id":"eqp_uco_salud.849","geometry":{"type":"MultiPolygon","coordinates":[[[[-76.50265257,3.44505898],[-76.50262845,3.44505503],[-76.50259136,3.44505001],[-76.50253123,3.44504104],[-76.50240737,3.44502311],[-76.5024095,3.44497216],[-76.50253841,3.44499009],[-76.50259638,3.44499906],[-76.50263634,3.44500399],[-76.50267127,3.44500901],[-76.50266949,3.445047],[-76.5026695,3.44506104],[-76.50265257,3.44505898]]]]},"geometry_name":"the_geom","properties":{"nombre":"CENTRO MEDICO CEMED","localizaci":"CL 48 NO 14 32","servicio":"SALUD","nivel":"1","propiedad":"PRIV","tipos_de_e":"Centros médicos","categoria":"Atención Ambulatoria","escala":"LOCAL","permanenci":"NO","estruc_eco":"NO","url1":null}},{"type":"Feature","id":"eqp_uco_salud.850","geometry":{"type":"MultiPolygon","coordinates":[[[[-76.51041998,3.44315168],[-76.51041928,3.44318768],[-76.51041218,3.44337571],[-76.51039419,3.4433957],[-76.50986025,3.44337196],[-76.50983322,3.44332202],[-76.50973579,3.44291201],[-76.50973182,3.44289203],[-76.50976098,3.44289399],[-76.5097869,3.44289398],[-76.5100951,3.44290587],[-76.51040401,3.44291767],[-76.51042886,3.44291865],[-76.51042494,3.44300668],[-76.51042319,3.4430857],[-76.51041998,3.44315168]]]]},"geometry_name":"the_geom","properties":{"nombre":"HOSPITAL PRIMITIVO IGLESIAS","localizaci":"KR 16A 33D 00","servicio":"SALUD","nivel":"2","propiedad":"PUB","tipos_de_e":"Hospitales","categoria":"Hospitales - Hospitalización","escala":"URBANA","permanenci":"SI","estruc_eco":"NO","url1":null}},{"type":"Feature","id":"eqp_uco_salud.851","geometry":{"type":"MultiPolygon","coordinates":[[[[-76.51173115,3.4353302],[-76.51184519,3.43524485],[-76.51186165,3.43523335],[-76.5118949,3.43527405],[-76.51188773,3.43528041],[-76.51187555,3.43528857],[-76.51174712,3.43539331],[-76.51173115,3.4353302]]]]},"geometry_name":"the_geom","properties":{"nombre":"CENTRO MEDICO SANTA MONICA","localizaci":"TR 29 NO 24B  31","servicio":"SALUD","nivel":"1","propiedad":"PRIV","tipos_de_e":"Centros médicos","categoria":"Atención Ambulatoria","escala":"LOCAL","permanenci":"NO","estruc_eco":"NO","url1":null}},{"type":"Feature","id":"eqp_uco_salud.852","geometry":{"type":"MultiPolygon","coordinates":[[[[-76.51768362,3.43876915],[-76.51766947,3.43879689],[-76.51762715,3.43882218],[-76.51749931,3.43879087],[-76.51750563,3.43877353],[-76.51753343,3.43870523],[-76.51768362,3.43876915]]]]},"geometry_name":"the_geom","properties":{"nombre":"RED DE SALUD  PRIMITIVO CRESPO","localizaci":"KR 17G NO 27 08","servicio":"SALUD","nivel":"1","propiedad":"PUB","tipos_de_e":"Centros de salud","categoria":"Atención Ambulatoria","escala":"LOCAL","permanenci":"NO","estruc_eco":"NO","url1":null}},{"type":"Feature","id":"eqp_uco_salud.853","geometry":{"type":"MultiPolygon","coordinates":[[[[-76.5033807,3.43471879],[-76.50340369,3.43476961],[-76.50356958,3.43469378],[-76.5035852,3.43475289],[-76.50338418,3.43483655],[-76.50322538,3.43489761],[-76.50321975,3.43489893],[-76.5031869,3.43481215],[-76.50334693,3.43473719],[-76.50337105,3.43472422],[-76.5033807,3.43471879]]]]},"geometry_name":"the_geom","properties":{"nombre":"CENTRO DE SALUD RED DE SALUD DEL RODEO","localizaci":"CL 39 NO 25B 21","servicio":"SALUD","nivel":"1","propiedad":"PUB","tipos_de_e":"Centros de salud","categoria":"Atención Ambulatoria","escala":"LOCAL","permanenci":"NO","estruc_eco":"NO","url1":null}},{"type":"Feature","id":"eqp_uco_salud.854","geometry":{"type":"MultiPolygon","coordinates":[[[[-76.50062435,3.43714098],[-76.50062454,3.43714092],[-76.50062418,3.43714053],[-76.50063227,3.43713693],[-76.50069681,3.43711363],[-76.50075574,3.43727615],[-76.50075557,3.43727619],[-76.50068358,3.43730056],[-76.50062435,3.43714098]]]]},"geometry_name":"the_geom","properties":{"nombre":"CENTRO MEDICO COOMEVA","localizaci":"KR 25 NO 42A 132","servicio":"SALUD","nivel":"1","propiedad":"PRIV","tipos_de_e":"Centros de atención IPS y EPS","categoria":"Atención Ambulatoria","escala":"LOCAL","permanenci":"NO","estruc_eco":"NO","url1":null}},{"type":"Feature","id":"eqp_uco_salud.855","geometry":{"type":"MultiPolygon","coordinates":[[[[-76.4998567,3.43334687],[-76.49979209,3.43349053],[-76.49969217,3.43369307],[-76.49940181,3.43354607],[-76.49955287,3.43320755],[-76.4998567,3.43334687]]]]},"geometry_name":"the_geom","properties":{"nombre":"CENTRO DE SALUD DEL CENTRO E.S.E SANTIAGO RENGIFO","localizaci":"KR 26N NO 50 12","servicio":"SALUD","nivel":"1","propiedad":"PUB","tipos_de_e":"Centros de salud","categoria":"Atención Ambulatoria","escala":"ZONAL","permanenci":"NO","estruc_eco":"NO","url1":null}},{"type":"Feature","id":"eqp_uco_salud.856","geometry":{"type":"MultiPolygon","coordinates":[[[[-76.5032912,3.42689756],[-76.50337717,3.42673649],[-76.50338688,3.42672946],[-76.50360512,3.42684141],[-76.50351628,3.4270094],[-76.5032912,3.42689756]]]]},"geometry_name":"the_geom","properties":{"nombre":"PUESTO DE SALUD 12 DE OCTUBRE","localizaci":"KR 28F CON CL 56","servicio":"SALUD","nivel":"1","propiedad":"PUB","tipos_de_e":"Puestos de salud","categoria":"Atención Ambulatoria","escala":"LOCAL","permanenci":"NO","estruc_eco":"NO","url1":null}},{"type":"Feature","id":"eqp_uco_salud.857","geometry":{"type":"MultiPolygon","coordinates":[[[[-76.49683638,3.45253756],[-76.49677576,3.45253255],[-76.49671944,3.45252801],[-76.49673577,3.45246254],[-76.4967435,3.45241856],[-76.49674395,3.45241733],[-76.49678574,3.45230224],[-76.49684761,3.4521319],[-76.49689358,3.45200532],[-76.4970002,3.45204398],[-76.49699126,3.45212504],[-76.49696405,3.45212191],[-76.49692672,3.45224345],[-76.49691364,3.45228603],[-76.49690626,3.45231004],[-76.49690042,3.45232905],[-76.49688431,3.45238152],[-76.49686903,3.45243127],[-76.49686471,3.45244533],[-76.49686028,3.45245974],[-76.49683638,3.45253756]]]]},"geometry_name":"the_geom","properties":{"nombre":"CENTRO INTEGRAL DE SERVICIOS COMFENALCO VALLE","localizaci":"KR 8 CL 54","servicio":"SALUD","nivel":"2","propiedad":"PRIV","tipos_de_e":"Centros de atención IPS y EPS","categoria":"Atención Ambulatoria","escala":"LOCAL","permanenci":"NO","estruc_eco":"NO","url1":null}},{"type":"Feature","id":"eqp_uco_salud.858","geometry":{"type":"MultiPolygon","coordinates":[[[[-76.52560262,3.45333099],[-76.5255513,3.45334935],[-76.52552822,3.45328636],[-76.52566095,3.45323474],[-76.52568938,3.45330368],[-76.52568455,3.4533052],[-76.52562835,3.45332289],[-76.52560262,3.45333099]]]]},"geometry_name":"the_geom","properties":{"nombre":"CENTRO MEDICO PRO SALUD","localizaci":"CL 19 NO 6 29","servicio":"SALUD","nivel":"2","propiedad":"PRIV","tipos_de_e":"Centros de atención IPS y EPS","categoria":"Atención Ambulatoria","escala":"LOCAL","permanenci":"NO","estruc_eco":"NO","url1":null}},{"type":"Feature","id":"eqp_uco_salud.859","geometry":{"type":"MultiPolygon","coordinates":[[[[-76.53366671,3.44522043],[-76.53361379,3.44521848],[-76.5336295,3.44497041],[-76.53367666,3.4449694],[-76.53367346,3.44504942],[-76.53367275,3.44507048],[-76.53367063,3.44513042],[-76.53366956,3.44515742],[-76.53366671,3.44522043]]]]},"geometry_name":"the_geom","properties":{"nombre":"EPS INDIGENA MALLAMAS","localizaci":"KR 12 NO 8 42/40","servicio":"SALUD","nivel":"1","propiedad":"PRIV","tipos_de_e":"Unidad Básica de Atención","categoria":"Atención Ambulatoria","escala":"LOCAL","permanenci":"NO","estruc_eco":"NO","url1":null}},{"type":"Feature","id":"eqp_uco_salud.860","geometry":{"type":"MultiPolygon","coordinates":[[[[-76.52759793,3.44391848],[-76.52768695,3.44389445],[-76.52768741,3.44389631],[-76.52771206,3.4439772],[-76.52761813,3.44399973],[-76.52759796,3.44391883],[-76.52759793,3.44391848]]]]},"geometry_name":"the_geom","properties":{"nombre":"PUESTO DE SALUD SAN PASCUAL","localizaci":"KR 13A NO 13 09","servicio":"SALUD","nivel":"1","propiedad":"PUB","tipos_de_e":"Puestos de salud","categoria":"Atención Ambulatoria","escala":"LOCAL","permanenci":"NO","estruc_eco":"NO","url1":null}},{"type":"Feature","id":"eqp_uco_salud.861","geometry":{"type":"MultiPolygon","coordinates":[[[[-76.51934826,3.4475651],[-76.51942966,3.44799477],[-76.51942678,3.44799477],[-76.51937962,3.4480038],[-76.51933462,3.44801283],[-76.51928854,3.44802284],[-76.51925578,3.44802979],[-76.51923958,3.44803286],[-76.51923562,3.44803385],[-76.51919854,3.44804089],[-76.51915354,3.44804992],[-76.51913662,3.4480529],[-76.51911358,3.44805795],[-76.5191017,3.44805994],[-76.51901855,3.44807699],[-76.51896258,3.44777397],[-76.51894634,3.44770702],[-76.51893732,3.44767696],[-76.51895243,3.44764599],[-76.51934826,3.4475651]]]]},"geometry_name":"the_geom","properties":{"nombre":"CENTRO DE SALUD OBRERO","localizaci":"CL 23  NO 11 B  47","servicio":"SALUD","nivel":"1","propiedad":"PUB","tipos_de_e":"Centros de salud","categoria":"Atención Ambulatoria","escala":"ZONAL","permanenci":"NO","estruc_eco":"NO","url1":null}},{"type":"Feature","id":"eqp_uco_salud.862","geometry":{"type":"MultiPolygon","coordinates":[[[[-76.47879449,3.4154594],[-76.47892605,3.41552908],[-76.47885205,3.41565384],[-76.47881445,3.41563124],[-76.47872624,3.41557971],[-76.47879449,3.4154594]]]]},"geometry_name":"the_geom","properties":{"nombre":"PUESTO DE SALUD LAS ORQUIDEAS IPS","localizaci":"CL 104 CON KR 27F","servicio":"SALUD","nivel":"1","propiedad":"PUB","tipos_de_e":"Puestos de salud","categoria":"Atención Ambulatoria","escala":"LOCAL","permanenci":"NO","estruc_eco":"NO","url1":null}},{"type":"Feature","id":"eqp_uco_salud.863","geometry":{"type":"MultiPolygon","coordinates":[[[[-76.54446867,3.42756276],[-76.5443938,3.42739907],[-76.54430205,3.42719288],[-76.54430642,3.42718768],[-76.54480968,3.42680943],[-76.54481525,3.42680431],[-76.54495199,3.42669931],[-76.54506161,3.42694262],[-76.54515834,3.42715314],[-76.5451588,3.42715399],[-76.54527678,3.42737604],[-76.54532076,3.42746602],[-76.54526175,3.42758884],[-76.54492976,3.42742628],[-76.54492796,3.42743123],[-76.54490386,3.42747724],[-76.54490099,3.42748327],[-76.54487294,3.4275363],[-76.54484776,3.42758528],[-76.54480599,3.42756433],[-76.54452381,3.42768348],[-76.54446867,3.42756276]]]]},"geometry_name":"the_geom","properties":{"nombre":"CRUZ ROJA","localizaci":"C 38 Bis N 5 91","servicio":"SALUD","nivel":"3","propiedad":"PRIV","tipos_de_e":"Centros médicos","categoria":"Atención Ambulatoria","escala":"REGIONAL","permanenci":"SI","estruc_eco":"NO","url1":null}},{"type":"Feature","id":"eqp_uco_salud.864","geometry":{"type":"MultiPolygon","coordinates":[[[[-76.4941349,3.41839655],[-76.49412408,3.41841119],[-76.49404536,3.41850159],[-76.49410019,3.4185474],[-76.49417727,3.41845766],[-76.49434789,3.41858718],[-76.49437336,3.41861001],[-76.4943742,3.4186281],[-76.49424987,3.41875638],[-76.49397194,3.41904314],[-76.49396386,3.41904222],[-76.49394312,3.41902597],[-76.49390895,3.41899883],[-76.4934338,3.41858455],[-76.49343204,3.41857643],[-76.49343471,3.41856739],[-76.49345363,3.41854753],[-76.49387305,3.41806644],[-76.49392612,3.41810806],[-76.49392254,3.41811258],[-76.49393154,3.41811979],[-76.49391354,3.41814239],[-76.49396028,3.41818762],[-76.49397744,3.41817229],[-76.49397965,3.41817204],[-76.4941349,3.41839655]]]]},"geometry_name":"the_geom","properties":{"nombre":"HOSPITAL CARLOS HOLMES TRUJILLO","localizaci":"KR 72U NO 28E4 00","servicio":"SALUD","nivel":"2","propiedad":"PUB","tipos_de_e":"Hospitales","categoria":"Hospitales - Hospitalización","escala":"REGIONAL","permanenci":"SI","estruc_eco":"NO","url1":null}},{"type":"Feature","id":"eqp_uco_salud.865","geometry":{"type":"MultiPolygon","coordinates":[[[[-76.47377051,3.42052281],[-76.47389981,3.42030041],[-76.47420123,3.4204727],[-76.47407787,3.42070376],[-76.47377051,3.42052281]]]]},"geometry_name":"the_geom","properties":{"nombre":"PUESTO DE SALUD MANUELA BELTRAN","localizaci":"CL 108 CON KR 26K","servicio":"SALUD","nivel":"1","propiedad":"PUB","tipos_de_e":"Puestos de salud","categoria":"Atención Ambulatoria","escala":"LOCAL","permanenci":"NO","estruc_eco":"NO","url1":null}},{"type":"Feature","id":"eqp_uco_salud.866","geometry":{"type":"MultiPolygon","coordinates":[[[[-76.46421194,3.42245397],[-76.46415979,3.42294622],[-76.46377028,3.42290653],[-76.46377113,3.42279679],[-76.4640357,3.42234885],[-76.46421194,3.42245397]]]]},"geometry_name":"the_geom","properties":{"nombre":"CENTRO DE SALUD DESEPAZ IPS","localizaci":"KR 23 CON KR 26 A BIS","servicio":"SALUD","nivel":"1","propiedad":"PUB","tipos_de_e":"Centros de salud","categoria":"Atención Ambulatoria","escala":"URBANA","permanenci":"SI","estruc_eco":"NO","url1":null}},{"type":"Feature","id":"eqp_uco_salud.867","geometry":{"type":"MultiPolygon","coordinates":[[[[-76.48033889,3.43298497],[-76.48050372,3.4327038],[-76.48085827,3.43292465],[-76.48067492,3.43320459],[-76.48033889,3.43298497]]]]},"geometry_name":"the_geom","properties":{"nombre":"PUESTO DE SALUD LOS NARANJOS IPS","localizaci":"KR 23G3 CON CL 77","servicio":"SALUD","nivel":"1","propiedad":"PUB","tipos_de_e":"Puestos de salud","categoria":"Atención Ambulatoria","escala":"LOCAL","permanenci":"NO","estruc_eco":"NO","url1":null}},{"type":"Feature","id":"eqp_uco_salud.868","geometry":{"type":"MultiPolygon","coordinates":[[[[-76.50621965,3.40885689],[-76.50650712,3.40858101],[-76.50682349,3.40891572],[-76.50653459,3.40919421],[-76.50621965,3.40885689]]]]},"geometry_name":"the_geom","properties":{"nombre":"PUESTO DE SALUD UNIÓN DE VIVIENDA POPULAR","localizaci":"CL 41D CL 46 ESQUINA","servicio":"SALUD","nivel":"1","propiedad":"PUB","tipos_de_e":"Puestos de salud","categoria":"Atención Ambulatoria","escala":"LOCAL","permanenci":"NO","estruc_eco":"NO","url1":null}},{"type":"Feature","id":"eqp_uco_salud.869","geometry":{"type":"MultiPolygon","coordinates":[[[[-76.54550448,3.38869485],[-76.5454196,3.38812252],[-76.54523341,3.38815287],[-76.54521771,3.3880506],[-76.54517456,3.38776121],[-76.54516465,3.38776305],[-76.54514757,3.38766442],[-76.54516107,3.38766174],[-76.54512775,3.38744469],[-76.54508636,3.38718243],[-76.54508277,3.38718335],[-76.54502162,3.38679625],[-76.54491634,3.38613339],[-76.5457604,3.38601403],[-76.54588725,3.38708935],[-76.54591248,3.3872982],[-76.54592148,3.38737054],[-76.54593223,3.38745017],[-76.54592056,3.38745377],[-76.54596463,3.38773143],[-76.54597271,3.38780103],[-76.54600244,3.38805064],[-76.54602374,3.38825669],[-76.54606186,3.38860901],[-76.54550448,3.38869485]]]]},"geometry_name":"the_geom","properties":{"nombre":"HOSPITAL UNIVERSITARIO PSIQUIATRICO SAN ISIDRO","localizaci":"CL 5 NO 80_00","servicio":"SALUD","nivel":"3","propiedad":"PUB","tipos_de_e":"Hospitales especializados","categoria":"Hospitales - Hospitalización","escala":"REGIONAL","permanenci":"SI","estruc_eco":"NO","url1":null}},{"type":"Feature","id":"eqp_uco_salud.870","geometry":{"type":"MultiPolygon","coordinates":[[[[-76.54532195,3.38872296],[-76.54606186,3.38860901],[-76.54606464,3.38863468],[-76.54610059,3.38896585],[-76.54537473,3.3890623],[-76.54536362,3.388991],[-76.54535673,3.38894679],[-76.54534798,3.38889053],[-76.54533816,3.38882735],[-76.54532195,3.38872296]]]]},"geometry_name":"the_geom","properties":{"nombre":"COMPLEJO INTEGRAL SERVICIOS DE SALUD PUBLICA ANIBAL PATIÑO R.","localizaci":"KR 76 NO 4_30","servicio":"SALUD","nivel":"2","propiedad":"PUB","tipos_de_e":"Complejo integral de salud pública","categoria":"Sanidad","escala":"REGIONAL","permanenci":"SI","estruc_eco":"NO","url1":null}},{"type":"Feature","id":"eqp_uco_salud.871","geometry":{"type":"MultiPolygon","coordinates":[[[[-76.51300444,3.41720105],[-76.51314668,3.41719463],[-76.51315144,3.4172656],[-76.51296467,3.41727485],[-76.51296204,3.41722127],[-76.51300586,3.41721828],[-76.51300444,3.41720105]]]]},"geometry_name":"the_geom","properties":{"nombre":"CENTRO DE SALUD CIUDAD MODELO","localizaci":"KR 41 NO 31 32","servicio":"SALUD","nivel":"1","propiedad":"PUB","tipos_de_e":"Centros de salud","categoria":"Atención Ambulatoria","escala":"LOCAL","permanenci":"NO","estruc_eco":"NO","url1":null}},{"type":"Feature","id":"eqp_uco_salud.872","geometry":{"type":"MultiPolygon","coordinates":[[[[-76.51482558,3.42317929],[-76.51480625,3.4231769],[-76.51482562,3.42317894],[-76.51482558,3.42317929]]],[[[-76.51482562,3.42317894],[-76.51487755,3.42263077],[-76.5152832,3.42267492],[-76.51524509,3.42299624],[-76.51521844,3.42322005],[-76.51520221,3.42321855],[-76.51482562,3.42317894]]]]},"geometry_name":"the_geom","properties":{"nombre":"CENTRO MEDICO SANTIAGO APOSTOL","localizaci":"KR 33A NO 29 46","servicio":"SALUD","nivel":"1","propiedad":"PRIV","tipos_de_e":"Centros médicos","categoria":"Atención Ambulatoria","escala":"URBANA","permanenci":"SI","estruc_eco":"NO","url1":null}},{"type":"Feature","id":"eqp_uco_salud.873","geometry":{"type":"MultiPolygon","coordinates":[[[[-76.48636528,3.42672767],[-76.48645301,3.42655114],[-76.48664356,3.42664582],[-76.48654083,3.4268154],[-76.48636528,3.42672767]]]]},"geometry_name":"the_geom","properties":{"nombre":"PUESTO DE SALUD LOS LAGOS","localizaci":"KR 26 CON CL 72W ESQUINA","servicio":"SALUD","nivel":"1","propiedad":"PUB","tipos_de_e":"Puestos de salud","categoria":"Atención Ambulatoria","escala":"LOCAL","permanenci":"NO","estruc_eco":"NO","url1":null}},{"type":"Feature","id":"eqp_uco_salud.874","geometry":{"type":"MultiPolygon","coordinates":[[[[-76.48361911,3.42393968],[-76.4837811,3.42377423],[-76.48400523,3.42399168],[-76.48383579,3.42416229],[-76.48361911,3.42393968]]]]},"geometry_name":"the_geom","properties":{"nombre":"PUESTO DE SALUD ALFONSO BONILLA ARAGON IPS","localizaci":"KR 26 CON CL 76 ESQUINA","servicio":"SALUD","nivel":"1","propiedad":"PUB","tipos_de_e":"Puestos de salud","categoria":"Atención Ambulatoria","escala":"LOCAL","permanenci":"NO","estruc_eco":"NO","url1":null}},{"type":"Feature","id":"eqp_uco_salud.875","geometry":{"type":"MultiPolygon","coordinates":[[[[-76.4810554,3.4278762],[-76.48105529,3.42781017],[-76.48110677,3.42781118],[-76.48133267,3.42780753],[-76.48133413,3.42819205],[-76.48091321,3.42819206],[-76.48091352,3.42823254],[-76.48081589,3.42823103],[-76.48081588,3.42822541],[-76.48080167,3.4282253],[-76.48080118,3.42819206],[-76.48079986,3.42810229],[-76.48074136,3.42808328],[-76.48073295,3.4278829],[-76.4810554,3.4278762]]]]},"geometry_name":"the_geom","properties":{"nombre":"CENTRO DE SALUD LA CAUQUITA IPS","localizaci":"TR 80A   CON DG 26J","servicio":"SALUD","nivel":"1","propiedad":"PUB","tipos_de_e":"Centros de salud","categoria":"Atención Ambulatoria","escala":"URBANA","permanenci":"SI","estruc_eco":"NO","url1":null}},{"type":"Feature","id":"eqp_uco_salud.876","geometry":{"type":"MultiPolygon","coordinates":[[[[-76.51156781,3.42871386],[-76.51172271,3.42840559],[-76.5123499,3.42846082],[-76.51256047,3.42848252],[-76.5124974,3.42871232],[-76.51246145,3.42884333],[-76.51224378,3.42907944],[-76.51212845,3.42921769],[-76.51148054,3.42887491],[-76.51156781,3.42871386]]]]},"geometry_name":"the_geom","properties":{"nombre":"CENTRO DE SALUD LUIS H GARCES","localizaci":"KR 29 NO 31A 39","servicio":"SALUD","nivel":"1","propiedad":"PUB","tipos_de_e":"Centros de salud","categoria":"Atención Ambulatoria","escala":"LOCAL","permanenci":"NO","estruc_eco":"NO","url1":null}},{"type":"Feature","id":"eqp_uco_salud.877","geometry":{"type":"MultiPolygon","coordinates":[[[[-76.50013075,3.41040973],[-76.5003253,3.41022527],[-76.50043008,3.41034228],[-76.50023553,3.41052667],[-76.50013075,3.41040973]]]]},"geometry_name":"the_geom","properties":{"nombre":"PUESTO DE SALUD","localizaci":"KR 39B CON CL 48A ESQUINA","servicio":"SALUD","nivel":"1","propiedad":"PUB","tipos_de_e":"Puestos de salud","categoria":"Atención Ambulatoria","escala":"LOCAL","permanenci":"NO","estruc_eco":"NO","url1":null}},{"type":"Feature","id":"eqp_uco_salud.878","geometry":{"type":"MultiPolygon","coordinates":[[[[-76.52652811,3.37416157],[-76.52652629,3.37415529],[-76.52643813,3.37415344],[-76.52643721,3.37415888],[-76.5264318,3.37416341],[-76.52642463,3.37416341],[-76.52641922,3.3741598],[-76.52641746,3.37415252],[-76.52587121,3.37413892],[-76.52582622,3.37413715],[-76.52582439,3.37414344],[-76.52581905,3.37414712],[-76.52581272,3.37414528],[-76.52580822,3.37413984],[-76.52580822,3.37413623],[-76.52571824,3.37413439],[-76.52571641,3.37414075],[-76.52571015,3.37414343],[-76.52570382,3.37414259],[-76.52570024,3.37413715],[-76.52570024,3.37413623],[-76.52562733,3.37413354],[-76.52561117,3.37411269],[-76.52560217,3.37411813],[-76.52559226,3.37411905],[-76.52558234,3.37411453],[-76.52557517,3.37410725],[-76.52557243,3.37409736],[-76.52557335,3.37408648],[-76.52557785,3.37407927],[-76.52555985,3.37406203],[-76.52556619,3.37383326],[-76.52556979,3.37362979],[-76.52555629,3.3736081],[-76.52554638,3.37358457],[-76.52554097,3.37355928],[-76.52554013,3.37353299],[-76.52554463,3.3735077],[-76.52555272,3.37348326],[-76.52556622,3.37346065],[-76.52557339,3.37345076],[-76.52557973,3.37329702],[-76.52558241,3.37305553],[-76.52558967,3.37280684],[-76.52559594,3.37255362],[-76.5256032,3.37233927],[-76.52560948,3.37199745],[-76.52561222,3.37191875],[-76.5255969,3.37188173],[-76.52558608,3.3718428],[-76.52557891,3.37180302],[-76.52557708,3.37176232],[-76.52557983,3.37172255],[-76.525587,3.37168277],[-76.52559875,3.37164384],[-76.52561492,3.37160675],[-76.52562033,3.37159502],[-76.52562576,3.37138342],[-76.52562576,3.37137615],[-76.52564643,3.37135806],[-76.5256401,3.37134902],[-76.52563834,3.37133912],[-76.52564193,3.37132916],[-76.5256491,3.37132104],[-76.5256581,3.37131737],[-76.52566893,3.37131828],[-76.52567793,3.37132281],[-76.52568151,3.37132641],[-76.52570225,3.37130564],[-76.52581291,3.37130473],[-76.52591731,3.37130382],[-76.52613327,3.37129931],[-76.52613236,3.37132192],[-76.52616027,3.37132015],[-76.52616027,3.37134997],[-76.52621517,3.37135181],[-76.52621517,3.37134001],[-76.52624575,3.37134001],[-76.52624667,3.37135273],[-76.526297,3.3713545],[-76.52629792,3.37131741],[-76.52630966,3.37131741],[-76.52630875,3.37129212],[-76.52663446,3.37128853],[-76.52664887,3.37130026],[-76.52664978,3.3712985],[-76.52665878,3.37129398],[-76.52666869,3.37129306],[-76.5266786,3.37129758],[-76.52668486,3.37130479],[-76.5266876,3.37131475],[-76.52668577,3.37132471],[-76.52667945,3.37133283],[-76.52669294,3.37134188],[-76.52670642,3.37162223],[-76.52670916,3.37169457],[-76.52671182,3.37182839],[-76.52671005,3.37202014],[-76.52670369,3.37258351],[-76.52670186,3.37266314],[-76.52669649,3.37302212],[-76.52669374,3.37315056],[-76.52669282,3.37327901],[-76.5266856,3.37408019],[-76.52666401,3.37410195],[-76.5266676,3.37410464],[-76.52667301,3.37411368],[-76.52667392,3.37412364],[-76.52667027,3.37413361],[-76.5266631,3.37413989],[-76.52665318,3.3741435],[-76.52664327,3.37414173],[-76.52663519,3.37413629],[-76.52661627,3.37415798],[-76.52654703,3.37415621],[-76.52654611,3.37416073],[-76.5265407,3.37416525],[-76.52653444,3.3741661],[-76.52652811,3.37416157]]]]},"geometry_name":"the_geom","properties":{"nombre":"CLINICA VALLE DEL LILI","localizaci":"KR 98 NO 18-49","servicio":"SALUD","nivel":"3","propiedad":"PRIV","tipos_de_e":"Clínicas NIVEL III","categoria":"Hospitales - Hospitalización","escala":"REGIONAL","permanenci":"SI","estruc_eco":"NO","url1":null}},{"type":"Feature","id":"eqp_uco_salud.879","geometry":{"type":"MultiPolygon","coordinates":[[[[-76.54880775,3.39623484],[-76.54880755,3.39623266],[-76.54879855,3.39623387],[-76.54874907,3.39586686],[-76.54903649,3.39583129],[-76.54905316,3.39596768],[-76.54913411,3.3959581],[-76.54915317,3.3961232],[-76.54929364,3.39610406],[-76.54926983,3.39593656],[-76.54960198,3.39588453],[-76.5496349,3.39612435],[-76.54963428,3.39612758],[-76.54916843,3.39618687],[-76.54910435,3.39619491],[-76.54880775,3.39623484]]]]},"geometry_name":"the_geom","properties":{"nombre":"CENTRO DE SALUD DIVINO SALVADOR","localizaci":"CL 3B NO 67 00","servicio":"SALUD","nivel":"2","propiedad":"PUB","tipos_de_e":"Centros de salud","categoria":"Atención Ambulatoria","escala":"LOCAL","permanenci":"NO","estruc_eco":"NO","url1":null}},{"type":"Feature","id":"eqp_uco_salud.880","geometry":{"type":"MultiPolygon","coordinates":[[[[-76.55831489,3.38754826],[-76.55805372,3.38758996],[-76.55779617,3.38762652],[-76.55758434,3.38764448],[-76.55751866,3.38764743],[-76.5574659,3.38761952],[-76.55744199,3.38759353],[-76.55733539,3.38740711],[-76.55728571,3.38732023],[-76.55726291,3.38729077],[-76.55726004,3.38719849],[-76.55725951,3.3871969],[-76.55721433,3.38705991],[-76.5571881,3.38707196],[-76.55712208,3.38700715],[-76.55710064,3.38698645],[-76.55707987,3.38696639],[-76.55714097,3.38687987],[-76.55723263,3.38679056],[-76.5573132,3.38675849],[-76.55737457,3.38673407],[-76.5573875,3.38672892],[-76.55743813,3.38670878],[-76.55751314,3.38667892],[-76.55766034,3.38654775],[-76.55766284,3.38654501],[-76.55766549,3.38654308],[-76.557666,3.38654156],[-76.55772785,3.38647392],[-76.55778573,3.38643599],[-76.55780121,3.38642584],[-76.55783216,3.3864091],[-76.5579024,3.38636364],[-76.55796788,3.38633493],[-76.55800559,3.38631598],[-76.55817636,3.38637543],[-76.55835272,3.38643682],[-76.55841967,3.38646013],[-76.558441,3.38646755],[-76.55844148,3.38656859],[-76.55844415,3.38679317],[-76.55846215,3.38679317],[-76.55846215,3.38679501],[-76.55847298,3.38679409],[-76.55846487,3.38749587],[-76.55831489,3.38754826]]]]},"geometry_name":"the_geom","properties":{"nombre":"HOSPITAL MARIO CORREA RENGIFO","localizaci":"KR 78 CL 2A OESTE","servicio":"SALUD","nivel":"3","propiedad":"PUB","tipos_de_e":"Hospitales","categoria":"Hospitales - Hospitalización","escala":"REGIONAL","permanenci":"SI","estruc_eco":"NO","url1":null}},{"type":"Feature","id":"eqp_uco_salud.881","geometry":{"type":"MultiPolygon","coordinates":[[[[-76.55879392,3.4522476],[-76.55913503,3.45212724],[-76.55919535,3.45227646],[-76.55920343,3.45229815],[-76.55922593,3.45236421],[-76.55924217,3.45243564],[-76.55924575,3.45246729],[-76.55924638,3.45247393],[-76.55899645,3.45256667],[-76.55895073,3.45244608],[-76.558865,3.45236138],[-76.55881214,3.45227812],[-76.55879392,3.4522476]]]]},"geometry_name":"the_geom","properties":{"nombre":"CENTRO DE SALUD TERRON COLORADO","localizaci":"AV 4 O CON CL 19 O","servicio":"SALUD","nivel":"1","propiedad":"PUB","tipos_de_e":"Centros de salud","categoria":"Atención Ambulatoria","escala":"LOCAL","permanenci":"NO","estruc_eco":"NO","url1":null}},{"type":"Feature","id":"eqp_uco_salud.882","geometry":{"type":"MultiPolygon","coordinates":[[[[-76.53668303,3.44829333],[-76.53666825,3.44830091],[-76.53655041,3.44836244],[-76.53646941,3.4484049],[-76.53632718,3.44847816],[-76.5362066,3.44854146],[-76.5361751,3.44852337],[-76.53614902,3.44843477],[-76.53613911,3.44839407],[-76.53611662,3.44830364],[-76.5360743,3.44813633],[-76.53605996,3.44807755],[-76.53603114,3.44796175],[-76.53603747,3.44796083],[-76.53598799,3.44770224],[-76.53598616,3.44768232],[-76.53597533,3.447685],[-76.53596457,3.44768776],[-76.53595108,3.44759097],[-76.5359385,3.44750329],[-76.53592135,3.4473848],[-76.5359106,3.44731514],[-76.53592677,3.44728801],[-76.53604826,3.44727989],[-76.53616526,3.44727269],[-76.53623725,3.44726818],[-76.53624449,3.44726818],[-76.53643615,3.44725822],[-76.53652797,3.44725371],[-76.53653155,3.44730437],[-76.53655131,3.44730253],[-76.53656846,3.44736315],[-76.53657922,3.44739932],[-76.53661162,3.44751053],[-76.53661162,3.44751237],[-76.53667278,3.44772758],[-76.53667369,3.44772849],[-76.5366881,3.4477764],[-76.5367154,3.44786218],[-76.53673365,3.44794923],[-76.53659696,3.44799964],[-76.53668303,3.44829333]]]]},"geometry_name":"the_geom","properties":{"nombre":"COMFENALCO","localizaci":"CL 5 NO 6 23/25","servicio":"SALUD","nivel":"2","propiedad":"PRIV","tipos_de_e":"Centros de atención IPS y EPS","categoria":"Atención Ambulatoria","escala":"REGIONAL","permanenci":"SI","estruc_eco":"NO","url1":null}},{"type":"Feature","id":"eqp_uco_salud.883","geometry":{"type":"MultiPolygon","coordinates":[[[[-76.52812458,3.45451271],[-76.52814034,3.45451193],[-76.5281553,3.45451697],[-76.52816178,3.45452144],[-76.52818951,3.4545694],[-76.52836225,3.45495146],[-76.52836741,3.45494897],[-76.52847311,3.45516146],[-76.52845664,3.45520325],[-76.52811024,3.4553699],[-76.5281013,3.45535737],[-76.52797393,3.45541969],[-76.52797787,3.45543282],[-76.52770554,3.45555902],[-76.52767208,3.45555148],[-76.5275048,3.45516033],[-76.52752852,3.45514599],[-76.52746641,3.45499769],[-76.52746513,3.45499461],[-76.527419,3.4548798],[-76.52741938,3.454874],[-76.52740422,3.45486447],[-76.5281245,3.45450908],[-76.52812436,3.45451282],[-76.52812458,3.45451271]]]]},"geometry_name":"the_geom","properties":{"nombre":"HOSPITAL SAN JUAN DE DIOS","localizaci":"KR 4 NO 17 17","servicio":"SALUD","nivel":"2","propiedad":"PUB","tipos_de_e":"Hospitales","categoria":"Hospitales - Hospitalización","escala":"REGIONAL","permanenci":"SI","estruc_eco":"NO","url1":null}},{"type":"Feature","id":"eqp_uco_salud.884","geometry":{"type":"MultiPolygon","coordinates":[[[[-76.5068633,3.39847644],[-76.50719876,3.39816699],[-76.50736639,3.39835325],[-76.5074559,3.39847042],[-76.50746209,3.39847841],[-76.50746732,3.39848577],[-76.50747225,3.39849333],[-76.50747687,3.39850109],[-76.50748118,3.39850903],[-76.50748517,3.39851714],[-76.50748884,3.39852539],[-76.50749217,3.39853379],[-76.50749517,3.39854232],[-76.50749783,3.39855096],[-76.50750014,3.3985597],[-76.5075021,3.39856852],[-76.50750371,3.39857742],[-76.50750496,3.39858638],[-76.50750586,3.39859537],[-76.50750639,3.3986044],[-76.50750657,3.39861344],[-76.50750639,3.39862248],[-76.50750585,3.39863151],[-76.50750348,3.39864103],[-76.507501,3.39864972],[-76.50749825,3.39865834],[-76.50749523,3.39866685],[-76.50749194,3.39867527],[-76.50748839,3.39868358],[-76.50748457,3.39869177],[-76.5074805,3.39869983],[-76.50747617,3.39870776],[-76.50747159,3.39871554],[-76.50746676,3.39872318],[-76.5074617,3.39873065],[-76.5074564,3.39873796],[-76.50745088,3.3987451],[-76.50744512,3.39875205],[-76.50743916,3.39875882],[-76.50743297,3.39876539],[-76.50726639,3.39889901],[-76.5068633,3.39847644]]]]},"geometry_name":"the_geom","properties":{"nombre":"I.P.S. COMFANDI MORICHAL","localizaci":"CL 54 # 45 25","servicio":"SALUD","nivel":"1","propiedad":"PRIV","tipos_de_e":"Centros de atención IPS y EPS","categoria":"Atención Ambulatoria","escala":"URBANA","permanenci":"SI","estruc_eco":"NO","url1":null}},{"type":"Feature","id":"eqp_uco_salud.885","geometry":{"type":"MultiPolygon","coordinates":[[[[-76.54277671,3.42268351],[-76.54258806,3.42309408],[-76.54250101,3.42328355],[-76.5424891,3.42330945],[-76.54189376,3.42303764],[-76.54216592,3.42238357],[-76.54277671,3.42268351]]]]},"geometry_name":"the_geom","properties":{"nombre":"CENTRO MEDICO VIDA","localizaci":"KR 39   CL 5F","servicio":"SALUD","nivel":"2","propiedad":"PRIV","tipos_de_e":"Centros médicos","categoria":"Atención Ambulatoria","escala":"REGIONAL","permanenci":"SI","estruc_eco":"NO","url1":null}},{"type":"Feature","id":"eqp_uco_salud.886","geometry":{"type":"MultiPolygon","coordinates":[[[[-76.54352915,3.42774353],[-76.54413404,3.42728891],[-76.54422743,3.42741695],[-76.54429909,3.42755808],[-76.54452814,3.42807136],[-76.5445246,3.42808594],[-76.54405054,3.428442],[-76.54402369,3.42840604],[-76.5437999,3.42810625],[-76.54377669,3.42807515],[-76.54374622,3.42803433],[-76.54371066,3.4279867],[-76.54352915,3.42774353]]]]},"geometry_name":"the_geom","properties":{"nombre":"INSTITUTO PARA NIÑOS CIEGOS Y SORDOS","localizaci":"KR 38 NO 5B1 39","servicio":"SALUD","nivel":"2","propiedad":"PRIV","tipos_de_e":"Clínicas tematicas","categoria":"Atención Ambulatoria","escala":"REGIONAL","permanenci":"SI","estruc_eco":"NO","url1":null}},{"type":"Feature","id":"eqp_uco_salud.887","geometry":{"type":"MultiPolygon","coordinates":[[[[-76.48822448,3.489167],[-76.48847333,3.48902485],[-76.48850841,3.48902577],[-76.48852106,3.48904386],[-76.48866756,3.48930874],[-76.48839604,3.48945843],[-76.48822448,3.489167]]]]},"geometry_name":"the_geom","properties":{"nombre":"CENTRO DE SALUD SAN LUIS II","localizaci":"CL 72C KR 1 A 3","servicio":"SALUD","nivel":"1","propiedad":"PUB","tipos_de_e":"Centros de salud","categoria":"Atención Ambulatoria","escala":"LOCAL","permanenci":"NO","estruc_eco":"NO","url1":null}},{"type":"Feature","id":"eqp_uco_salud.888","geometry":{"type":"MultiPolygon","coordinates":[[[[-76.53950526,3.40984017],[-76.53964933,3.40988773],[-76.53978247,3.40993168],[-76.53979266,3.40993505],[-76.53965385,3.41035431],[-76.53962394,3.41034441],[-76.53944258,3.41028437],[-76.53939454,3.41026847],[-76.53937291,3.41026169],[-76.53935465,3.41025576],[-76.53933723,3.41025011],[-76.53932206,3.41024503],[-76.53930548,3.41023967],[-76.53929116,3.41023458],[-76.5392802,3.41023035],[-76.53927205,3.41022724],[-76.53926475,3.41022442],[-76.53925632,3.41022103],[-76.53924761,3.41021651],[-76.53923946,3.41021284],[-76.5392316,3.41020917],[-76.53922261,3.41020409],[-76.5392153,3.41019929],[-76.53920828,3.41019477],[-76.53920097,3.41018997],[-76.53919536,3.41018545],[-76.53918974,3.41018093],[-76.5391844,3.41017614],[-76.53917962,3.41017134],[-76.53917429,3.41016625],[-76.53916923,3.41016145],[-76.53916501,3.41015665],[-76.53915912,3.41014959],[-76.53915434,3.41014338],[-76.53914984,3.41013717],[-76.53914563,3.41013096],[-76.53914142,3.41012475],[-76.53913692,3.41011656],[-76.53913355,3.41011063],[-76.53913018,3.41010385],[-76.53912737,3.41009736],[-76.5391269,3.41009618],[-76.53912456,3.4100903],[-76.53912119,3.41008183],[-76.53911838,3.41007308],[-76.53911642,3.4100663],[-76.53911473,3.41005953],[-76.53911276,3.41005106],[-76.53911108,3.41004118],[-76.53910996,3.41003355],[-76.53910911,3.41002678],[-76.53910855,3.41001972],[-76.53910799,3.41001097],[-76.53910799,3.41000363],[-76.53910799,3.40999685],[-76.53910855,3.40998979],[-76.53910912,3.40998273],[-76.53910968,3.40997765],[-76.53911052,3.409972],[-76.53911108,3.40996636],[-76.53911223,3.40996105],[-76.53911249,3.40995986],[-76.53911262,3.40995924],[-76.53911389,3.40995336],[-76.53912585,3.40995838],[-76.53912608,3.40995733],[-76.53943389,3.41005756],[-76.53944136,3.41003483],[-76.53945721,3.4099867],[-76.53945716,3.40998668],[-76.53948099,3.4099141],[-76.53949954,3.40985759],[-76.53950113,3.40985206],[-76.53950504,3.4098401],[-76.53950526,3.40984017]]]]},"geometry_name":"the_geom","properties":{"nombre":"CLINICA MATERNO INFANTIL LOS FARALLONES","localizaci":"AUTOPISTA SUR  KR 50 ESQUINA","servicio":"SALUD","nivel":"2","propiedad":"PRIV","tipos_de_e":"Clínicas especializadas","categoria":"Hospitales - Hospitalización","escala":"REGIONAL","permanenci":"SI","estruc_eco":"NO","url1":null}},{"type":"Feature","id":"eqp_uco_salud.889","geometry":{"type":"MultiPolygon","coordinates":[[[[-76.53815232,3.43806154],[-76.53809688,3.43801615],[-76.53809023,3.43802473],[-76.53781595,3.43777459],[-76.53776556,3.43772863],[-76.53780012,3.43769032],[-76.53794954,3.43751747],[-76.53832279,3.43785729],[-76.53831272,3.43786935],[-76.53819958,3.43800492],[-76.53817555,3.43803371],[-76.53815232,3.43806154]]]]},"geometry_name":"the_geom","properties":{"nombre":"COMFANDI ALAMEDA","localizaci":"CL 5 NO  23B  03","servicio":"SALUD","nivel":"2","propiedad":"PRIV","tipos_de_e":"Centros de atención IPS y EPS","categoria":"Atención Ambulatoria","escala":"URBANA","permanenci":"SI","estruc_eco":"NO","url1":null}},{"type":"Feature","id":"eqp_uco_salud.890","geometry":{"type":"MultiPolygon","coordinates":[[[[-76.52519893,3.44202202],[-76.52520286,3.44194688],[-76.52524202,3.44194681],[-76.525243,3.44193558],[-76.52528994,3.44193809],[-76.52528945,3.44194899],[-76.52531493,3.4419503],[-76.52531588,3.44191837],[-76.52555419,3.44193007],[-76.52558264,3.44193309],[-76.52558463,3.44193546],[-76.52558919,3.4421092],[-76.52528179,3.44212343],[-76.52523081,3.44210001],[-76.52519764,3.44205393],[-76.52521804,3.44202952],[-76.52519893,3.44202202]]]]},"geometry_name":"the_geom","properties":{"nombre":"CLINICENTRO COLSANITAS","localizaci":"KR 16 NO 15  75","servicio":"SALUD","nivel":"2","propiedad":"PRIV","tipos_de_e":"Centros de atención IPS y EPS","categoria":"Atención Ambulatoria","escala":"URBANA","permanenci":"SI","estruc_eco":"NO","url1":null}},{"type":"Feature","id":"eqp_uco_salud.891","geometry":{"type":"MultiPolygon","coordinates":[[[[-76.52311361,3.4386818],[-76.52316464,3.43848665],[-76.52328494,3.43852527],[-76.52331466,3.43878833],[-76.52331574,3.43879832],[-76.52331071,3.43880831],[-76.52330171,3.43881435],[-76.52329163,3.43881435],[-76.52328767,3.43881336],[-76.52324446,3.43879836],[-76.52324216,3.4387976],[-76.52322773,3.43879326],[-76.52320054,3.43878433],[-76.5231883,3.43878032],[-76.52317655,3.43877646],[-76.52316242,3.43877183],[-76.52311361,3.4386818]]]]},"geometry_name":"the_geom","properties":{"nombre":"CENTRO DE SALUD BELALCAZAR","localizaci":"CL 17 NO 19A  17","servicio":"SALUD","nivel":"1","propiedad":"PUB","tipos_de_e":"Centros de salud","categoria":"Atención Ambulatoria","escala":"LOCAL","permanenci":"NO","estruc_eco":"NO","url1":null}},{"type":"Feature","id":"eqp_uco_salud.892","geometry":{"type":"MultiPolygon","coordinates":[[[[-76.48697585,3.45776103],[-76.48698331,3.45768488],[-76.4872486,3.45770704],[-76.48722847,3.45794291],[-76.48701611,3.4579821],[-76.48697708,3.45785715],[-76.48697585,3.45776103]]]]},"geometry_name":"the_geom","properties":{"nombre":"PUESTO DE SALUD LAS CEIBAS","localizaci":"CL 65 KR 7L BIS","servicio":"SALUD","nivel":"1","propiedad":"PUB","tipos_de_e":"Puestos de salud","categoria":"Atención Ambulatoria","escala":"LOCAL","permanenci":"NO","estruc_eco":"NO","url1":null}},{"type":"Feature","id":"eqp_uco_salud.893","geometry":{"type":"MultiPolygon","coordinates":[[[[-76.5250947,3.39263882],[-76.52515455,3.39263631],[-76.52544634,3.39264887],[-76.52575061,3.39267395],[-76.52604489,3.39269903],[-76.52621947,3.39271157],[-76.52625438,3.39273915],[-76.52625937,3.39276421],[-76.52625937,3.39280431],[-76.52624439,3.39306497],[-76.5262294,3.39334066],[-76.52621692,3.39359129],[-76.52619944,3.39386699],[-76.52619694,3.39393967],[-76.52617699,3.39396974],[-76.52615205,3.39398227],[-76.52596251,3.39396973],[-76.52575302,3.39395217],[-76.52540137,3.39392709],[-76.52503476,3.393902],[-76.5246457,3.3938744],[-76.5244786,3.39386186],[-76.52444868,3.39385434],[-76.52442873,3.39382927],[-76.52442623,3.39380421],[-76.5244462,3.39364381],[-76.52446866,3.39340821],[-76.52448613,3.39325784],[-76.52450858,3.39313252],[-76.52455597,3.39302475],[-76.52461334,3.39293202],[-76.52466572,3.39287188],[-76.52474054,3.3928017],[-76.5248403,3.39272903],[-76.5249251,3.39268893],[-76.52499743,3.39266137],[-76.5250947,3.39263882]]]]},"geometry_name":"the_geom","properties":{"nombre":"CLINICA AMIGA COMFANDI","localizaci":"CL 25 KR 70 ESQUINA","servicio":"SALUD","nivel":"3","propiedad":"PRIV","tipos_de_e":"Clínicas NIVEL III","categoria":"Hospitales - Hospitalización","escala":"REGIONAL","permanenci":"SI","estruc_eco":"NO","url1":null}},{"type":"Feature","id":"eqp_uco_salud.894","geometry":{"type":"MultiPolygon","coordinates":[[[[-76.53859413,3.42083106],[-76.53858741,3.42085351],[-76.53856728,3.42092074],[-76.53847864,3.42121674],[-76.53843838,3.42123834],[-76.53843352,3.42124094],[-76.53843341,3.421241],[-76.53843321,3.42124088],[-76.53825207,3.4212035],[-76.53803344,3.42115839],[-76.53811107,3.4207364],[-76.53813029,3.42069072],[-76.53855817,3.42078222],[-76.53859413,3.42083106]]]]},"geometry_name":"the_geom","properties":{"nombre":"CENTRO DE ATENCION AMBULATORIA SEGURO SOCIAL","localizaci":"KR 39 3 9 22","servicio":"SALUD","nivel":"2","propiedad":"PUB","tipos_de_e":"Centros de atención IPS y EPS","categoria":"Atención Ambulatoria","escala":"URBANA","permanenci":"SI","estruc_eco":"NO","url1":null}},{"type":"Feature","id":"eqp_uco_salud.895","geometry":{"type":"MultiPolygon","coordinates":[[[[-76.54543052,3.41984524],[-76.54551286,3.41967263],[-76.54561189,3.41972064],[-76.54552908,3.41989397],[-76.54552723,3.41989253],[-76.54543052,3.41984524]]]]},"geometry_name":"the_geom","properties":{"nombre":"CENTRO DE REHABILITACION INTEGRAL","localizaci":"KR 43 NO 5B 78","servicio":"SALUD","nivel":"2","propiedad":"PRIV","tipos_de_e":"Consultorios tematicos","categoria":"Atención Ambulatoria","escala":"LOCAL","permanenci":"NO","estruc_eco":"NO","url1":null}},{"type":"Feature","id":"eqp_uco_salud.896","geometry":{"type":"MultiPolygon","coordinates":[[[[-76.54533088,3.41979651],[-76.54541454,3.41962471],[-76.54551286,3.41967263],[-76.54543052,3.41984524],[-76.54542898,3.41984449],[-76.54533088,3.41979651]]]]},"geometry_name":"the_geom","properties":{"nombre":"PIEVITAL","localizaci":"CL 5C NO 43 14","servicio":"SALUD","nivel":"2","propiedad":"PRIV","tipos_de_e":"Centros médicos","categoria":"Atención Ambulatoria","escala":"LOCAL","permanenci":"NO","estruc_eco":"NO","url1":null}},{"type":"Feature","id":"eqp_uco_salud.897","geometry":{"type":"MultiPolygon","coordinates":[[[[-76.51414269,3.39611763],[-76.51431105,3.39595543],[-76.51442496,3.39610555],[-76.51428455,3.39623398],[-76.51426804,3.39623107],[-76.51424497,3.39622494],[-76.51420624,3.39618784],[-76.51414269,3.39611763]]]]},"geometry_name":"the_geom","properties":{"nombre":"PUESTO DE SALUD CIUDAD CORDOBA","localizaci":"KR 50 ENTRE CL 50 Y 51","servicio":"SALUD","nivel":"1","propiedad":"PUB","tipos_de_e":"Puestos de salud","categoria":"Atención Ambulatoria","escala":"LOCAL","permanenci":"NO","estruc_eco":"NO","url1":null}},{"type":"Feature","id":"eqp_uco_salud.898","geometry":{"type":"MultiPolygon","coordinates":[[[[-76.50251231,3.4061345],[-76.50262501,3.40603445],[-76.50280591,3.40623293],[-76.50259892,3.40642397],[-76.50242681,3.40622761],[-76.50242414,3.4062204],[-76.50242499,3.40621404],[-76.50242864,3.40620952],[-76.50251231,3.4061345]]]]},"geometry_name":"the_geom","properties":{"nombre":"CENTRO DE SALUD EL VALLADO","localizaci":"KR 41B CL 51 ESQUINA","servicio":"SALUD","nivel":"1","propiedad":"PUB","tipos_de_e":"Centros de salud","categoria":"Atención Ambulatoria","escala":"ZONAL","permanenci":"NO","estruc_eco":"NO","url1":null}},{"type":"Feature","id":"eqp_uco_salud.899","geometry":{"type":"MultiPolygon","coordinates":[[[[-76.47987334,3.44943956],[-76.48018677,3.44930549],[-76.48018875,3.44931119],[-76.48030388,3.44926292],[-76.48034737,3.44936738],[-76.48033926,3.44937478],[-76.4803836,3.44947925],[-76.47995044,3.44966382],[-76.47985906,3.44945975],[-76.47987357,3.44944558],[-76.47987334,3.44943956]]]]},"geometry_name":"the_geom","properties":{"nombre":"CENTRO DE SALUD PUESTO MALLARINO IPS","localizaci":"KR 9A    CL 78 ESQUINA","servicio":"SALUD","nivel":"1","propiedad":"PUB","tipos_de_e":"Centros de salud","categoria":"Atención Ambulatoria","escala":"ZONAL","permanenci":"NO","estruc_eco":"NO","url1":null}},{"type":"Feature","id":"eqp_uco_salud.900","geometry":{"type":"MultiPolygon","coordinates":[[[[-76.48525129,3.44034034],[-76.48542054,3.44017482],[-76.4854871,3.44038283],[-76.4852936,3.44045699],[-76.48525129,3.44034034]]]]},"geometry_name":"the_geom","properties":{"nombre":"PUESTO DE SALUD CHARCO AZUL","localizaci":"DG 70C NO 22 05","servicio":"SALUD","nivel":"1","propiedad":"PUB","tipos_de_e":"Puestos de salud","categoria":"Atención Ambulatoria","escala":"LOCAL","permanenci":"NO","estruc_eco":"NO","url1":null}},{"type":"Feature","id":"eqp_uco_salud.901","geometry":{"type":"MultiPolygon","coordinates":[[[[-76.53740833,3.43041945],[-76.53741007,3.43035414],[-76.53772804,3.43042104],[-76.5377329,3.43043717],[-76.53773193,3.43045399],[-76.53772853,3.43046363],[-76.5376723,3.43061218],[-76.53761057,3.4307585],[-76.53760648,3.43076768],[-76.53758027,3.430842],[-76.53755257,3.43083437],[-76.53741538,3.43079143],[-76.53740057,3.43070045],[-76.53740729,3.43049145],[-76.53740833,3.43041945]]]]},"geometry_name":"the_geom","properties":{"nombre":"CLINICA SAN JOSE","localizaci":"CL7 NO 29 56","servicio":"SALUD","nivel":"2","propiedad":"PRIV","tipos_de_e":"Clínicas NIVEL II","categoria":"Hospitales - Hospitalización","escala":"URBANA","permanenci":"SI","estruc_eco":"NO","url1":null}},{"type":"Feature","id":"eqp_uco_salud.902","geometry":{"type":"MultiPolygon","coordinates":[[[[-76.52473941,3.46623333],[-76.52474081,3.46623297],[-76.52476877,3.46637138],[-76.52477281,3.46639085],[-76.52478548,3.46645177],[-76.52483445,3.46668732],[-76.52487097,3.46686311],[-76.52488313,3.46692168],[-76.52492857,3.46714042],[-76.52494181,3.46720415],[-76.52498995,3.46743588],[-76.52499016,3.46743687],[-76.52500174,3.46749263],[-76.52501412,3.4675522],[-76.52506988,3.46782154],[-76.52513313,3.46812509],[-76.52514112,3.46817133],[-76.52479747,3.46824979],[-76.52478266,3.46820141],[-76.52464896,3.4678132],[-76.52458764,3.46763518],[-76.5245417,3.46749519],[-76.5244643,3.46726762],[-76.52445675,3.4672465],[-76.52437293,3.46699502],[-76.52426589,3.46654064],[-76.5242269,3.46635659],[-76.52454277,3.46628165],[-76.52473941,3.46623333]]]]},"geometry_name":"the_geom","properties":{"nombre":"CLINICA COMFENALCO (ANTIGUO HOSPITAL URIBE URIBE)","localizaci":"AV 2B CL 23D CL 25","servicio":"SALUD","nivel":"3","propiedad":"PRIV","tipos_de_e":"Clínicas NIVEL III","categoria":"Hospitales - Hospitalización","escala":"REGIONAL","permanenci":"SI","estruc_eco":"NO","url1":null}},{"type":"Feature","id":"eqp_uco_salud.903","geometry":{"type":"MultiPolygon","coordinates":[[[[-76.52193857,3.46998517],[-76.52110939,3.46936254],[-76.5211301,3.4693321],[-76.52145012,3.46886172],[-76.52166068,3.46902765],[-76.52191047,3.46922108],[-76.52218675,3.46943985],[-76.52223532,3.46947831],[-76.52228878,3.46951422],[-76.52193857,3.46998517]]]]},"geometry_name":"the_geom","properties":{"nombre":"CLINICA CALI NORTE SALUDCOOP","localizaci":"AV 3N CL 33N","servicio":"SALUD","nivel":"3","propiedad":"PRIV","tipos_de_e":"Clínicas NIVEL II","categoria":"Hospitales - Hospitalización","escala":"REGIONAL","permanenci":"SI","estruc_eco":"NO","url1":null}},{"type":"Feature","id":"eqp_uco_salud.904","geometry":{"type":"MultiPolygon","coordinates":[[[[-76.53085851,3.43640434],[-76.53093887,3.43619866],[-76.53110457,3.43623767],[-76.53113081,3.43648332],[-76.53110354,3.43647541],[-76.5308786,3.43641016],[-76.53085851,3.43640434]]]]},"geometry_name":"the_geom","properties":{"nombre":"CENTRO DE SALUD BRETANA","localizaci":"KR 23 NO 10 15","servicio":"SALUD","nivel":"1","propiedad":"PUB","tipos_de_e":"Centros de salud","categoria":"Atención Ambulatoria","escala":"LOCAL","permanenci":"NO","estruc_eco":"NO","url1":null}},{"type":"Feature","id":"eqp_uco_salud.905","geometry":{"type":"MultiPolygon","coordinates":[[[[-76.52566618,3.46132304],[-76.52580907,3.46124798],[-76.52591893,3.46133586],[-76.52591893,3.46133685],[-76.52591605,3.4613409],[-76.52581099,3.46145796],[-76.52581027,3.46145796],[-76.52580522,3.46145293],[-76.52570617,3.46136505],[-76.52568888,3.46134705],[-76.52566618,3.46132304]]]]},"geometry_name":"the_geom","properties":{"nombre":"LABORATORIOS","localizaci":"AV 2N NO 21N-11","servicio":"SALUD","nivel":"1","propiedad":"PRIV","tipos_de_e":null,"categoria":"SIN DEFINIR","escala":"LOCAL","permanenci":"NO","estruc_eco":"NO","url1":null}},{"type":"Feature","id":"eqp_uco_salud.906","geometry":{"type":"MultiPolygon","coordinates":[[[[-76.5236817,3.46276537],[-76.52377062,3.46274831],[-76.52377676,3.46277828],[-76.52377784,3.46278332],[-76.52380094,3.46289527],[-76.52381105,3.46294531],[-76.52378297,3.46295135],[-76.52378189,3.46295235],[-76.52376605,3.46295532],[-76.52372285,3.46296534],[-76.52371599,3.46292835],[-76.52371202,3.46290936],[-76.52368784,3.46279732],[-76.5236817,3.46276537]]]]},"geometry_name":"the_geom","properties":{"nombre":"LABORATORIOS","localizaci":"AV 2N NO 24N-31","servicio":"SALUD","nivel":"2","propiedad":"PRIV","tipos_de_e":null,"categoria":"SIN DEFINIR","escala":"LOCAL","permanenci":"NO","estruc_eco":"NO","url1":null}},{"type":"Feature","id":"eqp_uco_salud.907","geometry":{"type":"MultiPolygon","coordinates":[[[[-76.52398195,3.46331307],[-76.52399095,3.46331109],[-76.52409607,3.46328997],[-76.52412602,3.463421],[-76.52409506,3.46342804],[-76.52407814,3.46343102],[-76.52400902,3.46344609],[-76.52398195,3.46331307]]]]},"geometry_name":"the_geom","properties":{"nombre":"LABORATORIOS","localizaci":"AV 2C N NO 24-04","servicio":"SALUD","nivel":"1","propiedad":"PRIV","tipos_de_e":null,"categoria":"SIN DEFINIR","escala":"LOCAL","permanenci":"NO","estruc_eco":"NO","url1":null}},{"type":"Feature","id":"eqp_uco_salud.908","geometry":{"type":"MultiPolygon","coordinates":[[[[-76.52402437,3.46450356],[-76.5241225,3.46448287],[-76.52415255,3.46447653],[-76.52416133,3.46451111],[-76.5241795,3.464599],[-76.5241811,3.46460669],[-76.52410653,3.4646621],[-76.52407054,3.46468606],[-76.52406874,3.46468714],[-76.52406874,3.46468507],[-76.5240626,3.46465609],[-76.52403449,3.46454603],[-76.52403121,3.46453217],[-76.52402437,3.46450356]]]]},"geometry_name":"the_geom","properties":{"nombre":"LABORATORIOS","localizaci":"AV 2E N  NO 24N-25","servicio":"SALUD","nivel":"1","propiedad":"PRIV","tipos_de_e":null,"categoria":"SIN DEFINIR","escala":"LOCAL","permanenci":"NO","estruc_eco":"NO","url1":null}},{"type":"Feature","id":"eqp_uco_salud.909","geometry":{"type":"MultiPolygon","coordinates":[[[[-76.52372393,3.46296555],[-76.52371631,3.46292924],[-76.52371228,3.46291003],[-76.5236887,3.46279759],[-76.52368208,3.46276602],[-76.52377118,3.46274896],[-76.52377737,3.4627791],[-76.52377844,3.46278432],[-76.52380134,3.46289574],[-76.52381166,3.46294593],[-76.52378381,3.46295216],[-76.52378219,3.46295252],[-76.52376645,3.46295604],[-76.52372393,3.46296555]]]]},"geometry_name":"the_geom","properties":{"nombre":"LABORATORIOS","localizaci":"AV 2 N NO 24 N _31","servicio":"SALUD","nivel":"1","propiedad":"PRIV","tipos_de_e":null,"categoria":"SIN DEFINIR","escala":"LOCAL","permanenci":"NO","estruc_eco":"NO","url1":null}},{"type":"Feature","id":"eqp_uco_salud.910","geometry":{"type":"MultiPolygon","coordinates":[[[[-76.54652567,3.41900967],[-76.54651344,3.4190347],[-76.54642665,3.41899271],[-76.54643852,3.41896768],[-76.54646261,3.41891871],[-76.54651728,3.4188086],[-76.54654429,3.41882164],[-76.54656445,3.41883162],[-76.54660227,3.4188496],[-76.5465494,3.41895862],[-76.54654437,3.41896961],[-76.54652567,3.41900967]]]]},"geometry_name":"the_geom","properties":{"nombre":"LABORATORIOS","localizaci":"KR 44 NO 5B 14","servicio":"SALUD","nivel":"2","propiedad":"PRIV","tipos_de_e":null,"categoria":"SIN DEFINIR","escala":"LOCAL","permanenci":"NO","estruc_eco":"NO","url1":null}},{"type":"Feature","id":"eqp_uco_salud.911","geometry":{"type":"MultiPolygon","coordinates":[[[[-76.54480615,3.4182086],[-76.54472296,3.4181676],[-76.54473987,3.41813159],[-76.54474382,3.41812259],[-76.54481575,3.41797251],[-76.54485104,3.41798951],[-76.54489894,3.41801252],[-76.54484607,3.41812452],[-76.54482881,3.41816053],[-76.54482485,3.41816953],[-76.54482306,3.41817259],[-76.54480615,3.4182086]]]]},"geometry_name":"the_geom","properties":{"nombre":"LABORATORIOS","localizaci":"KR 44 NO 5C 92","servicio":"SALUD","nivel":"2","propiedad":"PRIV","tipos_de_e":null,"categoria":"SIN DEFINIR","escala":"LOCAL","permanenci":"NO","estruc_eco":"NO","url1":null}},{"type":"Feature","id":"eqp_uco_salud.912","geometry":{"type":"MultiPolygon","coordinates":[[[[-76.54440555,3.42207789],[-76.54437966,3.42213388],[-76.54423344,3.42205998],[-76.54420067,3.42204397],[-76.54424958,3.42193693],[-76.54428235,3.42195194],[-76.54428739,3.42195491],[-76.54439543,3.42200688],[-76.54443144,3.42202387],[-76.54440555,3.42207789]]]]},"geometry_name":"the_geom","properties":{"nombre":"LABORATORIOS","localizaci":"CL 5C NO 41 30","servicio":"SALUD","nivel":"2","propiedad":"PRIV","tipos_de_e":null,"categoria":"SIN DEFINIR","escala":"LOCAL","permanenci":"NO","estruc_eco":"NO","url1":null}},{"type":"Feature","id":"eqp_uco_salud.913","geometry":{"type":"MultiPolygon","coordinates":[[[[-76.55902269,3.45274982],[-76.55896042,3.45275985],[-76.55895355,3.45271989],[-76.5589485,3.45269289],[-76.55894452,3.45266589],[-76.5589474,3.4526649],[-76.55900644,3.45265587],[-76.5590806,3.45264278],[-76.55917456,3.45262778],[-76.5592444,3.45261974],[-76.55925449,3.45262369],[-76.55926349,3.4526317],[-76.55926638,3.45263871],[-76.55926642,3.45271468],[-76.55916742,3.45272877],[-76.5590947,3.45274078],[-76.55907346,3.45274277],[-76.5590227,3.45275081],[-76.55902269,3.45274982]]]]},"geometry_name":"the_geom","properties":{"nombre":"LABORATORIOS","localizaci":"AV4 OESTE NO 18_8 OESTE","servicio":"SALUD","nivel":"1","propiedad":"PRIV","tipos_de_e":null,"categoria":"SIN DEFINIR","escala":"LOCAL","permanenci":"NO","estruc_eco":"NO","url1":null}},{"type":"Feature","id":"eqp_uco_salud.914","geometry":{"type":"MultiPolygon","coordinates":[[[[-76.53141977,3.43632769],[-76.53124695,3.43630682],[-76.5312408,3.43625381],[-76.53130489,3.43626376],[-76.53132289,3.43626672],[-76.53134089,3.43626977],[-76.53145467,3.4362887],[-76.53147592,3.43629265],[-76.5314799,3.43633567],[-76.53141977,3.43632769]]]]},"geometry_name":"the_geom","properties":{"nombre":"LABORATORIOS","localizaci":"CL 10 NO 22A  31","servicio":"SALUD","nivel":"1","propiedad":"PRIV","tipos_de_e":null,"categoria":"SIN DEFINIR","escala":"LOCAL","permanenci":"NO","estruc_eco":"NO","url1":null}},{"type":"Feature","id":"eqp_uco_salud.915","geometry":{"type":"MultiPolygon","coordinates":[[[[-76.52850262,3.46022294],[-76.5284947,3.4602179],[-76.5284115,3.46016701],[-76.52840754,3.46016395],[-76.52845251,3.4600939],[-76.52845359,3.46009192],[-76.52848276,3.46011089],[-76.52850473,3.46012393],[-76.52854579,3.46014992],[-76.52856848,3.46016485],[-76.52864771,3.46021386],[-76.52868553,3.46023778],[-76.52864056,3.46030783],[-76.52860563,3.46028688],[-76.52860058,3.46028391],[-76.52852063,3.4602349],[-76.52850262,3.46022294]]]]},"geometry_name":"the_geom","properties":{"nombre":"LABORATORIOS","localizaci":"AV 4 N NO 20 N  00","servicio":"SALUD","nivel":"1","propiedad":"PRIV","tipos_de_e":null,"categoria":"SIN DEFINIR","escala":"LOCAL","permanenci":"NO","estruc_eco":"NO","url1":null}},{"type":"Feature","id":"eqp_uco_salud.916","geometry":{"type":"MultiPolygon","coordinates":[[[[-76.53031612,3.46092894],[-76.53038234,3.46088489],[-76.53038306,3.46088489],[-76.53039315,3.46090091],[-76.53039712,3.46090793],[-76.53044541,3.46098891],[-76.53045514,3.46100591],[-76.53041339,3.46103294],[-76.53038711,3.46104996],[-76.53033018,3.46095297],[-76.53031612,3.46092894]]]]},"geometry_name":"the_geom","properties":{"nombre":"LABORATORIOS","localizaci":"AV 2 N NO 19  25","servicio":"SALUD","nivel":"1","propiedad":"PRIV","tipos_de_e":null,"categoria":"SIN DEFINIR","escala":"LOCAL","permanenci":"NO","estruc_eco":"NO","url1":null}},{"type":"Feature","id":"eqp_uco_salud.917","geometry":{"type":"MultiPolygon","coordinates":[[[[-76.53054965,3.4057401],[-76.53055882,3.40570663],[-76.53056349,3.40568954],[-76.53058068,3.40569432],[-76.53066267,3.40571689],[-76.53065504,3.40574746],[-76.53064552,3.40574578],[-76.53064011,3.40576599],[-76.53054965,3.4057401]]]]},"geometry_name":"the_geom","properties":{"nombre":"LABORATORIOS","localizaci":"CL 14 NO 50-173","servicio":"SALUD","nivel":"1","propiedad":"PRIV","tipos_de_e":null,"categoria":"SIN DEFINIR","escala":"LOCAL","permanenci":"NO","estruc_eco":"NO","url1":null}},{"type":"Feature","id":"eqp_uco_salud.918","geometry":{"type":"MultiPolygon","coordinates":[[[[-76.54576815,3.37618593],[-76.54575915,3.37618692],[-76.54567743,3.37619695],[-76.54568311,3.37605294],[-76.54568702,3.37595295],[-76.54569093,3.37585889],[-76.54579713,3.37583786],[-76.54576815,3.37618593]]]]},"geometry_name":"the_geom","properties":{"nombre":"LABORATORIOS","localizaci":"CR 13 NO 4B_34","servicio":"SALUD","nivel":"1","propiedad":"PRIV","tipos_de_e":null,"categoria":"SIN DEFINIR","escala":"LOCAL","permanenci":"NO","estruc_eco":"NO","url1":null}},{"type":"Feature","id":"eqp_uco_salud.919","geometry":{"type":"MultiPolygon","coordinates":[[[[-76.5426489,3.41732865],[-76.5425848,3.41731068],[-76.54259379,3.41727764],[-76.54258874,3.41725965],[-76.54258585,3.41724669],[-76.54256673,3.41717667],[-76.54255663,3.41713969],[-76.54261567,3.41712463],[-76.54262469,3.41715864],[-76.54262577,3.41716161],[-76.54263479,3.41719662],[-76.54264777,3.41724458],[-76.54265679,3.41728058],[-76.54265968,3.41729165],[-76.5426489,3.41732865]]]]},"geometry_name":"the_geom","properties":{"nombre":"LABORATORIOS","localizaci":"KR 44 NO 6A 54","servicio":"SALUD","nivel":"2","propiedad":"PRIV","tipos_de_e":null,"categoria":"SIN DEFINIR","escala":"LOCAL","permanenci":"NO","estruc_eco":"NO","url1":null}},{"type":"Feature","id":"eqp_uco_salud.920","geometry":{"type":"MultiPolygon","coordinates":[[[[-76.5021843,3.41933753],[-76.50212811,3.41928256],[-76.5022483,3.41916342],[-76.50230413,3.41921947],[-76.5021843,3.41933753]]]]},"geometry_name":"the_geom","properties":{"nombre":"LABORATORIOS","localizaci":"CL 41 CON KR 32B ESQUINA","servicio":"SALUD","nivel":"1","propiedad":"PRIV","tipos_de_e":null,"categoria":"SIN DEFINIR","escala":"LOCAL","permanenci":"NO","estruc_eco":"NO","url1":null}},{"type":"Feature","id":"eqp_uco_salud.921","geometry":{"type":"MultiPolygon","coordinates":[[[[-76.50549319,3.4268997],[-76.50550541,3.4268751],[-76.50551873,3.42684517],[-76.50555881,3.42676758],[-76.50557878,3.42672739],[-76.5056308,3.42675425],[-76.50555471,3.42690386],[-76.50554299,3.4268997],[-76.50553645,3.42689931],[-76.50551543,3.4268997],[-76.50549319,3.4268997]]]]},"geometry_name":"the_geom","properties":{"nombre":"LABORATORIOS","localizaci":"DG 30 NO 35E 18","servicio":"SALUD","nivel":"1","propiedad":"PRIV","tipos_de_e":null,"categoria":"SIN DEFINIR","escala":"LOCAL","permanenci":"NO","estruc_eco":"NO","url1":null}},{"type":"Feature","id":"eqp_uco_salud.922","geometry":{"type":"MultiPolygon","coordinates":[[[[-76.52533107,3.47536915],[-76.52534117,3.47540416],[-76.52536209,3.47547318],[-76.52536823,3.47549514],[-76.52538013,3.47553419],[-76.5252581,3.4755672],[-76.52523002,3.47557523],[-76.52518889,3.47542728],[-76.52520112,3.47540423],[-76.52533107,3.47536915]]]]},"geometry_name":"the_geom","properties":{"nombre":"LABORATORIOS","localizaci":"CL 37A","servicio":"SALUD","nivel":"2","propiedad":"PRIV","tipos_de_e":null,"categoria":"SIN DEFINIR","escala":"LOCAL","permanenci":"NO","estruc_eco":"NO","url1":null}},{"type":"Feature","id":"eqp_uco_salud.923","geometry":{"type":"MultiPolygon","coordinates":[[[[-76.51059249,3.44257231],[-76.51059784,3.44257361],[-76.51059665,3.44257856],[-76.51062273,3.44258492],[-76.51060448,3.44262514],[-76.51059483,3.44273813],[-76.51059199,3.44279349],[-76.5105903,3.44280025],[-76.51054787,3.44279708],[-76.51054957,3.44273637],[-76.51055759,3.4427366],[-76.51056174,3.44258838],[-76.51056189,3.44258754],[-76.51058672,3.44257159],[-76.51059249,3.44257231]]]]},"geometry_name":"the_geom","properties":{"nombre":"LABORATORIOS","localizaci":"CL 33D 16A 54","servicio":"SALUD","nivel":"1","propiedad":"PRIV","tipos_de_e":null,"categoria":"SIN DEFINIR","escala":"LOCAL","permanenci":"NO","estruc_eco":"NO","url1":null}},{"type":"Feature","id":"eqp_uco_salud.924","geometry":{"type":"MultiPolygon","coordinates":[[[[-76.50370494,3.43463962],[-76.50368764,3.43459462],[-76.5039749,3.43451445],[-76.5039868,3.43455045],[-76.50370494,3.43463962]]]]},"geometry_name":"the_geom","properties":{"nombre":"LABORATORIOS","localizaci":"CL 39 NO 25B 28","servicio":"SALUD","nivel":"1","propiedad":"PRIV","tipos_de_e":null,"categoria":"SIN DEFINIR","escala":"LOCAL","permanenci":"NO","estruc_eco":"NO","url1":null}},{"type":"Feature","id":"eqp_uco_salud.925","geometry":{"type":"MultiPolygon","coordinates":[[[[-76.54317551,3.42216828],[-76.54315643,3.42217729],[-76.54303929,3.42193029],[-76.54303857,3.42192228],[-76.54304253,3.42191634],[-76.54304937,3.42191526],[-76.54305333,3.42191732],[-76.54330542,3.42204419],[-76.54330254,3.42205013],[-76.54329966,3.42205616],[-76.54327053,3.42212323],[-76.54317551,3.42216828]]]]},"geometry_name":"the_geom","properties":{"nombre":"CLINICA \"LOS ANDES\"","localizaci":"TR 5  KR 40 ESQUINA","servicio":"SALUD","nivel":"2","propiedad":"PRIV","tipos_de_e":"Clínicas NIVEL II","categoria":"Hospitales - Hospitalización","escala":"LOCAL","permanenci":"NO","estruc_eco":"NO","url1":null}},{"type":"Feature","id":"eqp_uco_salud.926","geometry":{"type":"MultiPolygon","coordinates":[[[[-76.5361907,3.43130909],[-76.53613626,3.43129238],[-76.53594526,3.43123376],[-76.53598348,3.43110927],[-76.53622758,3.4311841],[-76.5361907,3.43130909]]]]},"geometry_name":"the_geom","properties":{"nombre":"CLINICA MEDICO QUIRÚRGICA DEL VALLE","localizaci":"CL 9 No 29 10","servicio":"SALUD","nivel":"2","propiedad":"PRIV","tipos_de_e":"Clínicas especializadas","categoria":"SIN DEFINIR","escala":"ZONAL","permanenci":"NO","estruc_eco":"NO","url1":null}},{"type":"Feature","id":"eqp_uco_salud.927","geometry":{"type":"MultiPolygon","coordinates":[[[[-76.53486285,3.38055103],[-76.53488179,3.380281],[-76.53491455,3.38028396],[-76.53517162,3.38030182],[-76.53515268,3.38056987],[-76.53486285,3.38055103]]]]},"geometry_name":"the_geom","properties":{"nombre":"ANGELES CAPF IPS","localizaci":"KR 86 NO 13B ESQUINA","servicio":"SALUD","nivel":"2","propiedad":"PRIV","tipos_de_e":"Centro de ....","categoria":"Atención Ambulatoria","escala":"ZONAL","permanenci":"NO","estruc_eco":"NO","url1":null}},{"type":"Feature","id":"eqp_uco_salud.928","geometry":{"type":"MultiPolygon","coordinates":[[[[-76.53893519,3.38848901],[-76.53889539,3.38848543],[-76.53883238,3.3884815],[-76.53877045,3.38847748],[-76.53877115,3.38844355],[-76.53877219,3.38835049],[-76.53894933,3.38836252],[-76.53893519,3.38848901]]]]},"geometry_name":"the_geom","properties":{"nombre":"I.P.S. COMFANDI PASOANCHO","localizaci":"CL 13 NO 78-06","servicio":"SALUD","nivel":"2","propiedad":"PRIV","tipos_de_e":"Centros de atención IPS y EPS","categoria":"Atención Ambulatoria","escala":"LOCAL","permanenci":"NO","estruc_eco":"NO","url1":null}},{"type":"Feature","id":"eqp_uco_salud.929","geometry":{"type":"MultiPolygon","coordinates":[[[[-76.53886624,3.39849228],[-76.53882339,3.39849131],[-76.53878631,3.39849133],[-76.53873231,3.39849037],[-76.53867938,3.3984904],[-76.5386423,3.39848943],[-76.53864335,3.39842741],[-76.53864616,3.39829934],[-76.53864614,3.3982654],[-76.53873615,3.39826635],[-76.53882724,3.39826729],[-76.53894137,3.39826822],[-76.53893753,3.39849224],[-76.53886624,3.39849228]]]]},"geometry_name":"the_geom","properties":{"nombre":"I.P.S. SALUDCOOP CALI SUR","localizaci":"KR 66 NO 12-05","servicio":"SALUD","nivel":"2","propiedad":"PRIV","tipos_de_e":"Centros de atención IPS y EPS","categoria":"Atención Ambulatoria","escala":"URBANA","permanenci":"NO","estruc_eco":"NO","url1":null}},{"type":"Feature","id":"eqp_uco_salud.930","geometry":{"type":"MultiPolygon","coordinates":[[[[-76.53838417,3.39665663],[-76.53831108,3.39665568],[-76.53817931,3.39665269],[-76.5381861,3.39655674],[-76.53822534,3.39655771],[-76.5382293,3.39655771],[-76.53842334,3.39656215],[-76.53842017,3.39664761],[-76.53842017,3.3966576],[-76.53838417,3.39665663]]]]},"geometry_name":"the_geom","properties":{"nombre":"I.P.S. CAFESALUD PASOANCHO","localizaci":"CL 13 NO 67-30","servicio":"SALUD","nivel":"1","propiedad":"PRIV","tipos_de_e":"Centros médicos","categoria":"Atención Ambulatoria","escala":"LOCAL","permanenci":"NO","estruc_eco":"NO","url1":null}},{"type":"Feature","id":"eqp_uco_salud.931","geometry":{"type":"MultiPolygon","coordinates":[[[[-76.54300744,3.38648994],[-76.54346121,3.38642621],[-76.54374909,3.38638567],[-76.54379545,3.386682],[-76.54374647,3.38669134],[-76.54306039,3.38678795],[-76.54300744,3.38648994]]]]},"geometry_name":"the_geom","properties":{"nombre":"I.P.S. COOMEVA UNIDAD BASICA DE ATENCION (UBA) EPS LA 80","localizaci":"KR 80 NO 6-73","servicio":"SALUD","nivel":"2","propiedad":"PRIV","tipos_de_e":"Centros de atención IPS y EPS","categoria":"Atención Ambulatoria","escala":"REGIONAL","permanenci":"SI","estruc_eco":"NO","url1":null}},{"type":"Feature","id":"eqp_uco_salud.932","geometry":{"type":"MultiPolygon","coordinates":[[[[-76.54952752,3.38846409],[-76.54970509,3.38847909],[-76.54968782,3.3887001],[-76.54950562,3.38868358],[-76.54952752,3.38846409]]]]},"geometry_name":"the_geom","properties":{"nombre":"PUESTO DE SALUD NAPOLES","localizaci":"KR 76B  CL 2C","servicio":"SALUD","nivel":"1","propiedad":"PUB","tipos_de_e":"Puestos de salud","categoria":"Atención Ambulatoria","escala":"LOCAL","permanenci":"NO","estruc_eco":"NO","url1":null}},{"type":"Feature","id":"eqp_uco_salud.933","geometry":{"type":"MultiPolygon","coordinates":[[[[-76.54476228,3.37606365],[-76.54461101,3.37612253],[-76.54455918,3.37598374],[-76.544746,3.37590966],[-76.54480404,3.37604661],[-76.54476228,3.37606365]]]]},"geometry_name":"the_geom","properties":{"nombre":"CENTRO DE SALUD MELENDEZ","localizaci":"KR 94 NO 4C-65","servicio":"SALUD","nivel":"1","propiedad":"PUB","tipos_de_e":"Centros de salud","categoria":"Atención Ambulatoria","escala":"LOCAL","permanenci":"NO","estruc_eco":"NO","url1":null}},{"type":"Feature","id":"eqp_uco_salud.934","geometry":{"type":"MultiPolygon","coordinates":[[[[-76.55622653,3.37571572],[-76.55595166,3.37560501],[-76.55598271,3.37552716],[-76.55625758,3.37563787],[-76.55622653,3.37571572]]]]},"geometry_name":"the_geom","properties":{"nombre":"PUESTO DE SALUD POLVORINES","localizaci":"KR 94A CL 2 OESTE","servicio":"SALUD","nivel":"1","propiedad":"PUB","tipos_de_e":"Puestos de salud","categoria":"Atención Ambulatoria","escala":"LOCAL","permanenci":"NO","estruc_eco":"NO","url1":null}},{"type":"Feature","id":"eqp_uco_salud.935","geometry":{"type":"MultiPolygon","coordinates":[[[[-76.5081753,3.41592783],[-76.5081921,3.41594617],[-76.50843226,3.4162002],[-76.50808809,3.41653424],[-76.50782648,3.41625031],[-76.5079381,3.41614866],[-76.5081753,3.41592783]]]]},"geometry_name":"the_geom","properties":{"nombre":"CENTRO DE SALUD ANTONIO NARIÑO","localizaci":"KR 39D CL 39","servicio":"SALUD","nivel":"1","propiedad":"PUB","tipos_de_e":"Centros de salud","categoria":"Atención Ambulatoria","escala":"LOCAL","permanenci":"NO","estruc_eco":"NO","url1":null}},{"type":"Feature","id":"eqp_uco_salud.936","geometry":{"type":"MultiPolygon","coordinates":[[[[-76.51405057,3.40161417],[-76.51409342,3.40157421],[-76.51412367,3.40160616],[-76.51413159,3.40161417],[-76.51413663,3.4016202],[-76.51409342,3.40166116],[-76.5140214,3.4017302],[-76.51401852,3.40173317],[-76.51400448,3.40174622],[-76.51396055,3.40170022],[-76.51397747,3.4016842],[-76.51398071,3.40168222],[-76.51405057,3.40161417]]]]},"geometry_name":"the_geom","properties":{"nombre":"CENTRO ODONTOLÓGICO FUNDACIÓN ALEGRE SONREIR","localizaci":"KR 47A NO 45-66","servicio":"SALUD","nivel":"3","propiedad":"PRIV","tipos_de_e":"Clínicas tematicas","categoria":"Atención Ambulatoria","escala":"LOCAL","permanenci":"NO","estruc_eco":"NO","url1":null}},{"type":"Feature","id":"eqp_uco_salud.937","geometry":{"type":"MultiPolygon","coordinates":[[[[-76.53015532,3.48333188],[-76.5301542,3.48333213],[-76.53000994,3.48319289],[-76.53007436,3.48312783],[-76.53021152,3.48327457],[-76.53015532,3.48333188]]]]},"geometry_name":"the_geom","properties":{"nombre":"PUESTO DE SALUD LA CAMPIÑA","localizaci":"AV 9 CL 47N","servicio":"SALUD","nivel":"1","propiedad":"PUB","tipos_de_e":"Puestos de salud","categoria":"Atención Ambulatoria","escala":"ZONAL","permanenci":"NO","estruc_eco":"NO","url1":null}},{"type":"Feature","id":"eqp_uco_salud.938","geometry":{"type":"MultiPolygon","coordinates":[[[[-76.48484683,3.41211354],[-76.4848066,3.41200823],[-76.48486052,3.41199017],[-76.48485457,3.41196923],[-76.48553316,3.41170307],[-76.48544388,3.41150866],[-76.48547365,3.41128434],[-76.48553318,3.41126041],[-76.4855064,3.41117368],[-76.48572962,3.41108994],[-76.48583761,3.41136195],[-76.48572365,3.41140997],[-76.48577424,3.41155054],[-76.48582483,3.4116642],[-76.48564626,3.41173896],[-76.48568792,3.41185561],[-76.48560756,3.4118915],[-76.48562839,3.41195431],[-76.48530695,3.41208291],[-76.48533671,3.41215469],[-76.48524445,3.41219058],[-76.4852385,3.41217562],[-76.48496766,3.4122773],[-76.48489921,3.41209186],[-76.48484683,3.41211354]]]]},"geometry_name":"the_geom","properties":{"nombre":"HOSPITAL ISAIAS DUARTE CANCINO","localizaci":null,"servicio":"SALUD","nivel":"3","propiedad":"PUB","tipos_de_e":"Hospitales","categoria":"Hospitales - Hospitalización","escala":"REGIONAL","permanenci":"SI","estruc_eco":"NO","url1":null}},{"type":"Feature","id":"eqp_uco_salud.939","geometry":{"type":"MultiPolygon","coordinates":[[[[-76.54423338,3.39802442],[-76.54423816,3.397689],[-76.54434629,3.39768794],[-76.54434376,3.39802281],[-76.54432906,3.3980228],[-76.54423338,3.39802442]]]]},"geometry_name":"the_geom","properties":{"nombre":"P.S. PUNTO DE SALUD LIMONAR","localizaci":"KR 66 NO 9-10","servicio":"SALUD","nivel":"2","propiedad":"PRIV","tipos_de_e":"Centros de atención IPS y EPS","categoria":"Atención Ambulatoria","escala":"LOCAL","permanenci":"NO","estruc_eco":"NO","url1":null}},{"type":"Feature","id":"eqp_uco_salud.940","geometry":{"type":"MultiPolygon","coordinates":[[[[-76.55429747,3.39079621],[-76.55429752,3.3907938],[-76.55451289,3.39079823],[-76.55451259,3.39086996],[-76.55450289,3.39087025],[-76.55439432,3.39095065],[-76.55425146,3.39094874],[-76.55425527,3.39083389],[-76.55429527,3.39083197],[-76.55429747,3.39079621]]]]},"geometry_name":"the_geom","properties":{"nombre":"PUESTO DE SALUD LOURDES","localizaci":"KR 73B CL 1B","servicio":"SALUD","nivel":"1","propiedad":"PUB","tipos_de_e":"Puestos de salud","categoria":"Atención Ambulatoria","escala":"LOCAL","permanenci":"NO","estruc_eco":"NO","url1":null}},{"type":"Feature","id":"eqp_uco_salud.941","geometry":{"type":"MultiPolygon","coordinates":[[[[-76.52205714,3.3845915],[-76.5220616,3.38429432],[-76.5222855,3.38429607],[-76.52228148,3.38460094],[-76.52205707,3.38459522],[-76.52205714,3.3845915]]]]},"geometry_name":"the_geom","properties":{"nombre":"I.P.S. COMFANDI  CIUDADELA COMFANDI","localizaci":"CL 34 NO 83B-44","servicio":"SALUD","nivel":"2","propiedad":"PRIV","tipos_de_e":"Centros de atención IPS y EPS","categoria":"Atención Ambulatoria","escala":"LOCAL","permanenci":"NO","estruc_eco":"NO","url1":null}},{"type":"Feature","id":"eqp_uco_salud.942","geometry":{"type":"MultiPolygon","coordinates":[[[[-76.5531143,3.39382566],[-76.55310454,3.39375069],[-76.5531002,3.39371766],[-76.55308538,3.39359571],[-76.55307924,3.39355269],[-76.55314116,3.39354663],[-76.55314514,3.39357867],[-76.55317551,3.3938186],[-76.55313554,3.39382366],[-76.5531143,3.39382566]]]]},"geometry_name":"the_geom","properties":{"nombre":"CONSULTORIO ODONTOLOGICO","localizaci":"KR 70 NO 2_61","servicio":"DESARROLLO COMUNITARIO","nivel":"1","propiedad":"PRIV","tipos_de_e":"Consultorios temáticos","categoria":"Atención Ambulatoria","escala":"LOCAL","permanenci":"NO","estruc_eco":"NO","url1":null}},{"type":"Feature","id":"eqp_uco_salud.943","geometry":{"type":"MultiPolygon","coordinates":[[[[-76.51349258,3.48298156],[-76.51362744,3.48275783],[-76.51376624,3.48284185],[-76.51384406,3.48288895],[-76.51392902,3.48294037],[-76.5138889,3.48300661],[-76.51387175,3.48303131],[-76.5138517,3.48306329],[-76.51382954,3.48309639],[-76.51382357,3.48310486],[-76.51381335,3.48311935],[-76.51379734,3.48313863],[-76.51377965,3.48315845],[-76.51377174,3.48316654],[-76.51375585,3.48318281],[-76.51373689,3.48320003],[-76.51370831,3.48322298],[-76.51366975,3.48324725],[-76.51361204,3.48327463],[-76.51357179,3.48328918],[-76.5135521,3.48329453],[-76.51350502,3.48330277],[-76.51348629,3.48330605],[-76.51346872,3.48330821],[-76.51342237,3.48330999],[-76.51338969,3.48330915],[-76.51336654,3.4833068],[-76.51334135,3.48330425],[-76.51333425,3.48330093],[-76.51332807,3.48329719],[-76.51332409,3.48329299],[-76.51332174,3.4832888],[-76.51331925,3.48328241],[-76.51331907,3.48327839],[-76.51331918,3.48327473],[-76.51331924,3.48327296],[-76.51332006,3.48326889],[-76.5133217,3.48326533],[-76.51332481,3.48325989],[-76.51342664,3.48309095],[-76.51349258,3.48298156]]]]},"geometry_name":"the_geom","properties":{"nombre":"IPS COMFANDI LA MERCED","localizaci":"AV 3 # 51 N 56","servicio":null,"nivel":"1","propiedad":"PRIV","tipos_de_e":null,"categoria":"SIN DEFINIR","escala":"URBANA","permanenci":"SI","estruc_eco":"NO","url1":null}},{"type":"Feature","id":"eqp_uco_salud.944","geometry":{"type":"MultiPolygon","coordinates":[[[[-76.52558722,3.47743798],[-76.52542273,3.47737884],[-76.52546481,3.47726149],[-76.525628,3.47731974],[-76.52558454,3.47743628],[-76.52558722,3.47743798]]]]},"geometry_name":"the_geom","properties":{"nombre":"IPS SALUD COOP CALI CHIPICHAPE","localizaci":"CL 38 N # 5 20","servicio":null,"nivel":"1","propiedad":"PRIV","tipos_de_e":null,"categoria":"SIN DEFINIR","escala":"ZONAL","permanenci":"NO","estruc_eco":"NO","url1":null}},{"type":"Feature","id":"eqp_uco_salud.945","geometry":{"type":"MultiPolygon","coordinates":[[[[-76.52452245,3.47718784],[-76.52442378,3.477152],[-76.52450601,3.47689088],[-76.52461964,3.47693214],[-76.52452245,3.47718784]]],[[[-76.52452536,3.4771889],[-76.52452219,3.47718852],[-76.52452245,3.47718784],[-76.52452536,3.4771889]]]]},"geometry_name":"the_geom","properties":{"nombre":"IPS SURA LA FLORA","localizaci":"CL 38 N # 4 102","servicio":null,"nivel":"1","propiedad":"PRIV","tipos_de_e":null,"categoria":"SIN DEFINIR","escala":"ZONAL","permanenci":"NO","estruc_eco":"NO","url1":null}},{"type":"Feature","id":"eqp_uco_salud.946","geometry":{"type":"MultiPolygon","coordinates":[[[[-76.5004794,3.4890683],[-76.50047706,3.48906928],[-76.50040132,3.4890202],[-76.50044522,3.4889518],[-76.50042253,3.48893709],[-76.5004837,3.48884179],[-76.50058733,3.48890558],[-76.5004794,3.4890683]]]]},"geometry_name":"the_geom","properties":{"nombre":"SISBEN CALI No 6 LOS GUADUALES","localizaci":"KR 8 N # 70 A 16","servicio":null,"nivel":"1","propiedad":"PUB","tipos_de_e":null,"categoria":"SIN DEFINIR","escala":"LOCAL","permanenci":"NO","estruc_eco":"NO","url1":null}},{"type":"Feature","id":"eqp_uco_salud.947","geometry":{"type":"MultiPolygon","coordinates":[[[[-76.48713946,3.48163399],[-76.48713697,3.48163571],[-76.48713674,3.48163487],[-76.48713946,3.48163399]]],[[[-76.48713674,3.48163487],[-76.48681802,3.48173684],[-76.4867605,3.48154663],[-76.48704042,3.48145531],[-76.48703859,3.48144719],[-76.48707909,3.48143363],[-76.48708359,3.48144083],[-76.48713674,3.48163487]]]]},"geometry_name":"the_geom","properties":{"nombre":"PUESTO DE SALUD SAN LUIS I","localizaci":"CL 71 # 1A 10","servicio":null,"nivel":"1","propiedad":"PUB","tipos_de_e":null,"categoria":"SIN DEFINIR","escala":"ZONAL","permanenci":"SI","estruc_eco":"NO","url1":null}},{"type":"Feature","id":"eqp_uco_salud.948","geometry":{"type":"MultiPolygon","coordinates":[[[[-76.48468841,3.46421153],[-76.48468799,3.46421164],[-76.48468783,3.46421105],[-76.48468841,3.46421153]]],[[[-76.48468799,3.46421164],[-76.48470589,3.46427589],[-76.48453819,3.46432863],[-76.4845161,3.46425897],[-76.48468799,3.46421164]]]]},"geometry_name":"the_geom","properties":{"nombre":"EMSSANAR ALFONSO LOPEZ","localizaci":"KR 70 # 7A BIS 02","servicio":null,"nivel":"1","propiedad":"PRIV","tipos_de_e":null,"categoria":"SIN DEFINIR","escala":"LOCAL","permanenci":"NO","estruc_eco":"NO","url1":null}},{"type":"Feature","id":"eqp_uco_salud.949","geometry":{"type":"MultiPolygon","coordinates":[[[[-76.48766591,3.46051513],[-76.48766247,3.46050423],[-76.48764002,3.46043318],[-76.48776151,3.46038878],[-76.48779008,3.46047109],[-76.48766591,3.46051513]]]]},"geometry_name":"the_geom","properties":{"nombre":"PUESTO DE SALUD CEIBAS SAN MARINO","localizaci":"CL 65 CON KR 7D BIS","servicio":null,"nivel":"1","propiedad":"PUB","tipos_de_e":null,"categoria":"SIN DEFINIR","escala":"LOCAL","permanenci":"NO","estruc_eco":"NO","url1":null}},{"type":"Feature","id":"eqp_uco_salud.950","geometry":{"type":"MultiPolygon","coordinates":[[[[-76.5001203,3.45256481],[-76.49992027,3.45255908],[-76.49993872,3.45240275],[-76.49997264,3.45240867],[-76.5001404,3.45243337],[-76.50012618,3.45256494],[-76.5001203,3.45256481]]]]},"geometry_name":"the_geom","properties":{"nombre":"NUEVA EPS ANGIOGRAFIA DE OCCIDENTE","localizaci":"KR 8 # 49 76","servicio":null,"nivel":"1","propiedad":"PRIV","tipos_de_e":null,"categoria":"SIN DEFINIR","escala":"ZONAL","permanenci":"NO","estruc_eco":"NO","url1":null}},{"type":"Feature","id":"eqp_uco_salud.951","geometry":{"type":"MultiPolygon","coordinates":[[[[-76.50606217,3.44975663],[-76.50584465,3.44981901],[-76.50581776,3.4497198],[-76.50604391,3.44965108],[-76.50606137,3.44975199],[-76.50606217,3.44975663]]]]},"geometry_name":"the_geom","properties":{"nombre":"CENTRO MEDICO VILLACOLOMBIA","localizaci":"CL 52 # 12 C 33","servicio":null,"nivel":"1","propiedad":"PUB","tipos_de_e":null,"categoria":"SIN DEFINIR","escala":"LOCAL","permanenci":"NO","estruc_eco":"NO","url1":null}},{"type":"Feature","id":"eqp_uco_salud.952","geometry":{"type":"MultiPolygon","coordinates":[[[[-76.49822143,3.43658958],[-76.49813584,3.43675234],[-76.49783836,3.43686342],[-76.4977563,3.43682578],[-76.4977526,3.43647841],[-76.4978014,3.43638228],[-76.49822135,3.43658597],[-76.49822143,3.43658958]]]]},"geometry_name":"the_geom","properties":{"nombre":"CENTRO DE SALUD SANTIAGO RENGIFO","localizaci":"KR 26 # 50 12","servicio":null,"nivel":"1","propiedad":"PUB","tipos_de_e":null,"categoria":"SIN DEFINIR","escala":"URBANA","permanenci":"SI","estruc_eco":"NO","url1":null}},{"type":"Feature","id":"eqp_uco_salud.953","geometry":{"type":"MultiPolygon","coordinates":[[[[-76.47708672,3.42606186],[-76.47708652,3.42606307],[-76.4770155,3.42644991],[-76.47633964,3.42644624],[-76.47633973,3.42624183],[-76.47641975,3.42623825],[-76.47641984,3.42606097],[-76.47708672,3.42606186]]]]},"geometry_name":"the_geom","properties":{"nombre":"CLINICA VERSALLE SAN MARCOS","localizaci":"TV 103 # 95 92","servicio":null,"nivel":"3","propiedad":"PRIV","tipos_de_e":null,"categoria":"SIN DEFINIR","escala":"URBANA","permanenci":"SI","estruc_eco":"NO","url1":null}},{"type":"Feature","id":"eqp_uco_salud.954","geometry":{"type":"MultiPolygon","coordinates":[[[[-76.4705963,3.40652089],[-76.47054303,3.40650353],[-76.47055018,3.40648774],[-76.47060283,3.40651058],[-76.47059665,3.40652034],[-76.4705963,3.40652089]]]]},"geometry_name":"the_geom","properties":{"nombre":"CENTRO DE SALUD POTRERO GRANDE","localizaci":"KR 28 D # 123 01","servicio":null,"nivel":"1","propiedad":"PUB","tipos_de_e":null,"categoria":"SIN DEFINIR","escala":"LOCAL","permanenci":"NO","estruc_eco":"NO","url1":null}},{"type":"Feature","id":"eqp_uco_salud.955","geometry":{"type":"MultiPolygon","coordinates":[[[[-76.54559888,3.3827781],[-76.54558773,3.38277712],[-76.54557693,3.38277421],[-76.54556678,3.38276945],[-76.54555762,3.38276301],[-76.54554971,3.38275505],[-76.54554329,3.38274584],[-76.54553856,3.38273565],[-76.54553566,3.38272479],[-76.54553469,3.38271359],[-76.54553566,3.38270239],[-76.54553856,3.38269152],[-76.54554329,3.38268133],[-76.5455497,3.38267212],[-76.54555762,3.38266417],[-76.54556678,3.38265772],[-76.54557692,3.38265297],[-76.54558773,3.38265006],[-76.54559888,3.38264908],[-76.54561002,3.38265006],[-76.54562083,3.38265297],[-76.54563097,3.38265772],[-76.54564014,3.38266417],[-76.54564805,3.38267212],[-76.54565447,3.38268133],[-76.5456592,3.38269152],[-76.5456621,3.38270238],[-76.54566307,3.38271358],[-76.5456621,3.38272479],[-76.5456592,3.38273565],[-76.54565447,3.38274584],[-76.54564805,3.38275505],[-76.54564014,3.382763],[-76.54563098,3.38276945],[-76.54562084,3.38277421],[-76.54561003,3.38277712],[-76.54559888,3.3827781]]]]},"geometry_name":"the_geom","properties":{"nombre":"HOSPITAL MILITAR REGIONAL DE OCCIDENTE","localizaci":"CL 5 # 83 00","servicio":null,"nivel":"3","propiedad":"PRIV","tipos_de_e":null,"categoria":"SIN DEFINIR","escala":"ZONAL","permanenci":"NO","estruc_eco":"NO","url1":null}},{"type":"Feature","id":"eqp_uco_salud.956","geometry":{"type":"MultiPolygon","coordinates":[[[[-76.55893726,3.38312863],[-76.55880309,3.3832129],[-76.55877722,3.38314777],[-76.55890771,3.38305826],[-76.55893726,3.38312863]]]]},"geometry_name":"the_geom","properties":{"nombre":"PUESTO DE SALUD ALTO NAPOLES","localizaci":"CL 2B # 82 D 11","servicio":null,"nivel":"1","propiedad":"PUB","tipos_de_e":null,"categoria":"SIN DEFINIR","escala":"LOCAL","permanenci":"NO","estruc_eco":"NO","url1":null}},{"type":"Feature","id":"eqp_uco_salud.957","geometry":{"type":"MultiPolygon","coordinates":[[[[-76.53722437,3.37989696],[-76.53720234,3.37989503],[-76.53718098,3.37988928],[-76.53716095,3.37987989],[-76.53714284,3.37986714],[-76.5371272,3.37985143],[-76.53711452,3.37983323],[-76.53710518,3.37981309],[-76.53709945,3.37979163],[-76.53709753,3.3797695],[-76.53709945,3.37974736],[-76.53710517,3.3797259],[-76.53711452,3.37970576],[-76.5371272,3.37968756],[-76.53714283,3.37967185],[-76.53716094,3.37965911],[-76.53718098,3.37964972],[-76.53720234,3.37964396],[-76.53722436,3.37964203],[-76.53724639,3.37964396],[-76.53726774,3.37964971],[-76.53728778,3.3796591],[-76.53730589,3.37967185],[-76.53732153,3.37968756],[-76.53733421,3.37970576],[-76.53734355,3.3797259],[-76.53734927,3.37974736],[-76.5373512,3.37976949],[-76.53734928,3.37979163],[-76.53734355,3.37981309],[-76.53733421,3.37983323],[-76.53732153,3.37985143],[-76.5373059,3.37986714],[-76.53728778,3.37987989],[-76.53726775,3.37988928],[-76.53724639,3.37989503],[-76.53722437,3.37989696]]]]},"geometry_name":"the_geom","properties":{"nombre":"SERVICIO MEDICO UNIVALLE MELENDEZ","localizaci":"KR 86 CON CL 13","servicio":null,"nivel":"1","propiedad":"PRIV","tipos_de_e":null,"categoria":"SIN DEFINIR","escala":"LOCAL","permanenci":"NO","estruc_eco":"NO","url1":null}},{"type":"Feature","id":"eqp_uco_salud.958","geometry":{"type":"MultiPolygon","coordinates":[[[[-76.55174323,3.39223075],[-76.55172546,3.39222919],[-76.55170824,3.39222455],[-76.55169207,3.39221698],[-76.55167746,3.3922067],[-76.55166485,3.39219402],[-76.55165462,3.39217934],[-76.55164708,3.3921631],[-76.55164246,3.39214578],[-76.55164091,3.39212793],[-76.55164246,3.39211007],[-76.55164708,3.39209276],[-76.55165461,3.39207651],[-76.55166484,3.39206183],[-76.55167746,3.39204916],[-76.55169207,3.39203887],[-76.55170823,3.3920313],[-76.55172546,3.39202666],[-76.55174323,3.39202509],[-76.55176099,3.39202666],[-76.55177822,3.3920313],[-76.55179439,3.39203887],[-76.551809,3.39204915],[-76.55182161,3.39206182],[-76.55183184,3.39207651],[-76.55183938,3.39209275],[-76.551844,3.39211007],[-76.55184555,3.39212792],[-76.551844,3.39214578],[-76.55183938,3.39216309],[-76.55183185,3.39217934],[-76.55182162,3.39219402],[-76.551809,3.3922067],[-76.55179439,3.39221698],[-76.55177823,3.39222455],[-76.551761,3.39222919],[-76.55174323,3.39223075]]]]},"geometry_name":"the_geom","properties":{"nombre":"HOSPITAL GERIATRICO ANCIANATO SAN MIGUEL","localizaci":"KR 70 # 2A 04","servicio":null,"nivel":"1","propiedad":"PUB","tipos_de_e":null,"categoria":"SIN DEFINIR","escala":"URBANA","permanenci":"SI","estruc_eco":"NO","url1":null}},{"type":"Feature","id":"eqp_uco_salud.959","geometry":{"type":"MultiPolygon","coordinates":[[[[-76.56395647,3.42227232],[-76.56395255,3.42227198],[-76.56394875,3.42227095],[-76.56394518,3.42226928],[-76.56394196,3.42226702],[-76.56393918,3.42226422],[-76.56393692,3.42226098],[-76.56393526,3.4222574],[-76.56393424,3.42225358],[-76.5639339,3.42224964],[-76.56393424,3.4222457],[-76.56393526,3.42224188],[-76.56393692,3.4222383],[-76.56393918,3.42223506],[-76.56394196,3.42223227],[-76.56394518,3.42223],[-76.56394875,3.42222833],[-76.56395255,3.4222273],[-76.56395646,3.42222696],[-76.56396038,3.4222273],[-76.56396418,3.42222833],[-76.56396775,3.42223],[-76.56397097,3.42223226],[-76.56397375,3.42223506],[-76.56397601,3.4222383],[-76.56397767,3.42224188],[-76.56397869,3.4222457],[-76.56397903,3.42224964],[-76.56397869,3.42225358],[-76.56397767,3.4222574],[-76.56397601,3.42226098],[-76.56397376,3.42226422],[-76.56397097,3.42226701],[-76.56396775,3.42226928],[-76.56396419,3.42227095],[-76.56396039,3.42227198],[-76.56395647,3.42227232]]]]},"geometry_name":"the_geom","properties":{"nombre":"PUESTO DE SALUD LA SULTANA","localizaci":"CLL 22 O # 47 31","servicio":null,"nivel":"1","propiedad":"PUB","tipos_de_e":null,"categoria":"SIN DEFINIR","escala":"LOCAL","permanenci":"NO","estruc_eco":"NO","url1":null}},{"type":"Feature","id":"eqp_uco_salud.960","geometry":{"type":"MultiPolygon","coordinates":[[[[-76.55846573,3.42277423],[-76.55846362,3.42277405],[-76.55846158,3.4227735],[-76.55845966,3.4227726],[-76.55845793,3.42277138],[-76.55845643,3.42276987],[-76.55845522,3.42276813],[-76.55845432,3.4227662],[-76.55845378,3.42276415],[-76.55845359,3.42276203],[-76.55845377,3.42275991],[-76.55845432,3.42275786],[-76.55845522,3.42275593],[-76.55845643,3.42275419],[-76.55845793,3.42275269],[-76.55845966,3.42275147],[-76.55846158,3.42275057],[-76.55846362,3.42275002],[-76.55846573,3.42274983],[-76.55846784,3.42275002],[-76.55846988,3.42275057],[-76.5584718,3.42275147],[-76.55847354,3.42275269],[-76.55847503,3.42275419],[-76.55847625,3.42275593],[-76.55847714,3.42275786],[-76.55847769,3.42275991],[-76.55847787,3.42276203],[-76.55847769,3.42276415],[-76.55847714,3.4227662],[-76.55847625,3.42276813],[-76.55847503,3.42276987],[-76.55847354,3.42277138],[-76.5584718,3.4227726],[-76.55846988,3.4227735],[-76.55846784,3.42277405],[-76.55846573,3.42277423]]]]},"geometry_name":"the_geom","properties":{"nombre":"PUESTO DE SALUD LA ESTRELLA","localizaci":"CL 8 O CON KR 44","servicio":null,"nivel":"1","propiedad":"PUB","tipos_de_e":null,"categoria":"SIN DEFINIR","escala":"LOCAL","permanenci":"NO","estruc_eco":"NO","url1":null}},{"type":"Feature","id":"eqp_uco_salud.961","geometry":{"type":"MultiPolygon","coordinates":[[[[-76.54164529,3.42005312],[-76.54135222,3.41998741],[-76.54143415,3.41971513],[-76.54171772,3.41979838],[-76.5416413,3.42005159],[-76.54164529,3.42005312]]]]},"geometry_name":"the_geom","properties":{"nombre":"PROFAMILIA CAMBULOS","localizaci":"CL 7 # 41 34","servicio":null,"nivel":"1","propiedad":"PRIV","tipos_de_e":null,"categoria":"SIN DEFINIR","escala":"ZONAL","permanenci":"NO","estruc_eco":"NO","url1":null}},{"type":"Feature","id":"eqp_uco_salud.962","geometry":{"type":"MultiPolygon","coordinates":[[[[-76.52655373,3.46286319],[-76.52649581,3.46295156],[-76.52648917,3.4629617],[-76.52646447,3.4629994],[-76.52645642,3.46301168],[-76.52644864,3.46302354],[-76.52639903,3.46309924],[-76.52638859,3.46311517],[-76.5263656,3.46315025],[-76.52631138,3.4631151],[-76.52627932,3.4630953],[-76.52627011,3.46308961],[-76.52630097,3.46304251],[-76.52631468,3.4630216],[-76.52633192,3.46299529],[-76.52636683,3.46294201],[-76.52638149,3.46291965],[-76.52639102,3.46290509],[-76.52639911,3.46289276],[-76.52645604,3.46280588],[-76.52648116,3.46276755],[-76.5265765,3.46282845],[-76.52655873,3.46285556],[-76.52655373,3.46286319]]]]},"geometry_name":"the_geom","properties":{"nombre":"PROFAMILIA","localizaci":"CL 23N NO 3N-40","servicio":"SALUD","nivel":"1","propiedad":"PRIV","tipos_de_e":"Centros médicos","categoria":"Atención Ambulatoria","escala":"REGIONAL","permanenci":"SI","estruc_eco":"NO","url1":null}},{"type":"Feature","id":"eqp_uco_salud.963","geometry":{"type":"MultiPolygon","coordinates":[[[[-76.51739239,3.37755453],[-76.51738524,3.37901171],[-76.51667811,3.37900453],[-76.51666383,3.37755453],[-76.51739239,3.37755453]]]]},"geometry_name":"the_geom","properties":{"nombre":"CLINICA REGIONAL DE SANIDAD DE LA POLICIA","localizaci":"CL 48 # 86 – 08","servicio":"SALUD","nivel":null,"propiedad":"PUB","tipos_de_e":null,"categoria":"Hospitales - Hospitalización","escala":"REGIONAL","permanenci":"NO","estruc_eco":"NO","url1":null}},{"type":"Feature","id":"eqp_uco_salud.964","geometry":{"type":"MultiPolygon","coordinates":[[[[-76.54438098,3.42418236],[-76.54436704,3.42420995],[-76.54426396,3.42441389],[-76.54402031,3.42432224],[-76.5439287,3.42413175],[-76.54393286,3.42408477],[-76.54393974,3.42406615],[-76.54394636,3.42404824],[-76.5439546,3.42405049],[-76.54395503,3.42405012],[-76.54402194,3.42402459],[-76.54412461,3.42406971],[-76.54438098,3.42418236]]]]},"geometry_name":"the_geom","properties":{"nombre":"CLINICA CENTRO MEDICO  IMBANACO","localizaci":"KR 39 DG 32A","servicio":"SALUD","nivel":"3","propiedad":"PRIV","tipos_de_e":"Clínicas NIVEL III","categoria":"Hospitales - Hospitalización","escala":"URBANA","permanenci":"SI","estruc_eco":"NO","url1":null}},{"type":"Feature","id":"eqp_uco_salud.965","geometry":{"type":"MultiPolygon","coordinates":[[[[-76.54568877,3.42662692],[-76.54560435,3.42686034],[-76.54553604,3.42700694],[-76.54539844,3.42728205],[-76.54533195,3.4272482],[-76.54501988,3.4265789],[-76.54490745,3.42633777],[-76.5446566,3.42579977],[-76.54466526,3.42580278],[-76.54464842,3.42578181],[-76.54584685,3.42618982],[-76.54568877,3.42662692]],[[-76.54543028,3.42649841],[-76.54542252,3.42649453],[-76.54542185,3.42649453],[-76.54542971,3.42649841],[-76.54543028,3.42649841]]]]},"geometry_name":"the_geom","properties":{"nombre":"CLINICA CENTRO MEDICO  IMBANACO","localizaci":"KR 39 DG 32A","servicio":"SALUD","nivel":"3","propiedad":"PRIV","tipos_de_e":"Clínicas NIVEL III","categoria":"Hospitales - Hospitalización","escala":"REGIONAL","permanenci":"SI","estruc_eco":"NO","url1":null}}],"totalFeatures":482,"numberMatched":482,"numberReturned":482,"timeStamp":"2026-09-25T18:59:51.480Z","crs":{"type":"name","properties":{"name":"urn:ogc:def:crs:EPSG::4326"}}}