{"type":"FeatureCollection","features":[{"type":"Feature","id":"eqp_uco_educacion.2676","geometry":{"type":"MultiPolygon","coordinates":[[[[-76.53417317,3.44855979],[-76.53422213,3.44854978],[-76.53433923,3.4485251],[-76.53439271,3.4487371],[-76.53419978,3.4488078],[-76.53413369,3.44856765],[-76.53417317,3.44855979]]]]},"geometry_name":"the_geom","properties":{"nombre":"UNIVERSIDAD SANTIAGO DE CALI SEDE CENTRO","localizaci":"KR 8 NO 8 33","servicio":"EDUCACION","tipo":"UNIVERSIDAD","nivel":"EDUCACION SUPERIOR","propiedad":"PRIV","escala":"URBANA","permanenci":"NO","estruc_eco":"NO","url1":null}},{"type":"Feature","id":"eqp_uco_educacion.2677","geometry":{"type":"MultiPolygon","coordinates":[[[[-76.52691896,3.47039984],[-76.5268671,3.47036594],[-76.52682388,3.47033995],[-76.5267749,3.47030794],[-76.52677886,3.47030091],[-76.52678497,3.47029092],[-76.5268249,3.4702269],[-76.52686195,3.47016793],[-76.52689684,3.47010986],[-76.52690871,3.47009086],[-76.52693282,3.47005286],[-76.52696771,3.46999686],[-76.52701591,3.46991781],[-76.52712383,3.46974476],[-76.5271508,3.46969974],[-76.52724476,3.46967962],[-76.52724656,3.46968169],[-76.52724872,3.46967962],[-76.52732472,3.46972863],[-76.52735173,3.46974563],[-76.52737586,3.46976163],[-76.52743564,3.46980057],[-76.5274767,3.46982557],[-76.52749183,3.46983556],[-76.52751884,3.46985255],[-76.52752784,3.46985849],[-76.52755882,3.46987854],[-76.52774106,3.46999545],[-76.52776086,3.47000741],[-76.52774576,3.47004045],[-76.52772595,3.47003038],[-76.52762883,3.47019352],[-76.52765008,3.47020647],[-76.52747814,3.47048558],[-76.52736411,3.47067169],[-76.52726903,3.4706207],[-76.52707923,3.47049984],[-76.52693409,3.47040884],[-76.52691896,3.47039984]]]]},"geometry_name":"the_geom","properties":{"nombre":"INSTITUCION UNIVERSITARIA ANTONIO JOSE CAMACHO","localizaci":"AV 6N CL 29A N","servicio":"EDUCACION","tipo":"UNIVERSIDAD","nivel":"EDUCACION SUPERIOR","propiedad":"PRIV","escala":"URBANA","permanenci":"SI","estruc_eco":"NO","url1":null}},{"type":"Feature","id":"eqp_uco_educacion.2678","geometry":{"type":"MultiPolygon","coordinates":[[[[-76.54449487,3.42050293],[-76.54450279,3.42050688],[-76.54451287,3.42051093],[-76.54463818,3.42057147],[-76.54456063,3.42075391],[-76.5444106,3.42067917],[-76.54449487,3.42050293]]]]},"geometry_name":"the_geom","properties":{"nombre":"UNIVERSIDAD AUTONOMA DE NARIÑO","localizaci":"KR 42 NO 5C 16","servicio":"EDUCACION","tipo":"UNIVERSIDAD","nivel":"EDUCACION SUPERIOR","propiedad":"PRIV","escala":"REGIONAL","permanenci":"SI","estruc_eco":"NO","url1":null}},{"type":"Feature","id":"eqp_uco_educacion.2679","geometry":{"type":"MultiPolygon","coordinates":[[[[-76.535425,3.42593802],[-76.53563907,3.4252817],[-76.53575253,3.42532264],[-76.5357337,3.42538297],[-76.53579699,3.42541872],[-76.53580479,3.42542072],[-76.53581027,3.4254339],[-76.53582551,3.4254674],[-76.5358436,3.42549611],[-76.53586932,3.42553344],[-76.5358998,3.42556598],[-76.53593408,3.42559852],[-76.53597027,3.42562436],[-76.53601599,3.4256502],[-76.53605599,3.42566934],[-76.5360998,3.42568561],[-76.53615981,3.42569901],[-76.53621314,3.42570284],[-76.53626171,3.42570092],[-76.53633505,3.42568848],[-76.53645124,3.42570092],[-76.53681884,3.42579419],[-76.53682099,3.42578915],[-76.53682802,3.42576685],[-76.53701,3.42582904],[-76.53727715,3.42591589],[-76.53725913,3.42597128],[-76.53700532,3.4267088],[-76.53681763,3.42673828],[-76.53609339,3.4266805],[-76.53600196,3.42666758],[-76.53520564,3.42660661],[-76.535425,3.42593802]]]]},"geometry_name":"the_geom","properties":{"nombre":"ESCUELA NACIONAL DEL DEPORTE","localizaci":null,"servicio":"EDUCACION","tipo":"UNIVERSIDAD","nivel":"EDUCACION SUPERIOR","propiedad":"PUB","escala":"URBANA","permanenci":"SI","estruc_eco":"NO","url1":null}},{"type":"Feature","id":"eqp_uco_educacion.2680","geometry":{"type":"MultiPolygon","coordinates":[[[[-76.54698527,3.43097821],[-76.54669878,3.43083711],[-76.54670638,3.43068649],[-76.54705548,3.43077421],[-76.54705737,3.43082378],[-76.54715603,3.43086001],[-76.54719588,3.43081235],[-76.54722623,3.43084094],[-76.5471712,3.43097441],[-76.54714085,3.43096106],[-76.54705356,3.43113265],[-76.54698527,3.43097821]]],[[[-76.54645725,3.43229118],[-76.54666211,3.43190921],[-76.54626857,3.43164856],[-76.54631833,3.43160002],[-76.54634748,3.43157003],[-76.54639888,3.43149725],[-76.5464522,3.43152262],[-76.54649507,3.43142732],[-76.54647469,3.4314158],[-76.5465432,3.43128738],[-76.54660964,3.43114003],[-76.5466667,3.43100118],[-76.54669634,3.43091275],[-76.54692514,3.43101518],[-76.54694273,3.43103614],[-76.54700793,3.43122136],[-76.54702105,3.43123725],[-76.54702873,3.43124332],[-76.54714745,3.43129274],[-76.54717647,3.43121649],[-76.54716323,3.43121163],[-76.54729996,3.4308544],[-76.54730941,3.43084393],[-76.54732227,3.43083823],[-76.54733633,3.43083826],[-76.54740706,3.43085711],[-76.5474679,3.43087299],[-76.54754277,3.43091519],[-76.54756518,3.43094586],[-76.54758255,3.43097966],[-76.54759348,3.4310118],[-76.54760181,3.43104361],[-76.54760432,3.4310764],[-76.54760092,3.43110912],[-76.54740703,3.43160012],[-76.54725476,3.43198573],[-76.54722271,3.43207058],[-76.54714068,3.43204153],[-76.54705766,3.43225146],[-76.5471337,3.43228788],[-76.54701518,3.43260172],[-76.54666357,3.43247817],[-76.54662103,3.43245503],[-76.54658075,3.43243194],[-76.54650782,3.43236331],[-76.54651972,3.43234312],[-76.54645131,3.43229628],[-76.54645725,3.43229118]]],[[[-76.54752612,3.43272535],[-76.54750199,3.43271439],[-76.54750019,3.43272042],[-76.54748327,3.43271044],[-76.54748506,3.43270639],[-76.54746814,3.43269739],[-76.54737453,3.43269834],[-76.5474106,3.43261095],[-76.54717874,3.43251591],[-76.54740702,3.43194197],[-76.54744078,3.43185709],[-76.54747988,3.43175355],[-76.54750648,3.43168311],[-76.54751899,3.43163567],[-76.54753452,3.43158382],[-76.54756701,3.43150275],[-76.54771225,3.43156376],[-76.54784321,3.43160443],[-76.54806465,3.43163673],[-76.5480669,3.43165891],[-76.54804863,3.43192654],[-76.54803765,3.43199327],[-76.54791162,3.43256879],[-76.54789775,3.43264837],[-76.54785728,3.432798],[-76.54789697,3.43283788],[-76.5478414,3.43298942],[-76.54763485,3.43288694],[-76.54764529,3.43284737],[-76.54761329,3.43281737],[-76.54762229,3.4328063],[-76.54759816,3.43278831],[-76.54760607,3.43277634],[-76.54757906,3.43276636],[-76.54756718,3.4327634],[-76.54756826,3.43275935],[-76.54755602,3.43275441],[-76.54755601,3.43275036],[-76.54754125,3.43274433],[-76.54754197,3.43273938],[-76.54752324,3.43273138],[-76.54752612,3.43272535]]]]},"geometry_name":"the_geom","properties":{"nombre":"UNIVERSIDAD DEL VALLE - SEDE SAN FERNANDO","localizaci":"CL 3A  KR 36B Y 36","servicio":"EDUCACION","tipo":"UNIVERSIDAD","nivel":"EDUCACION SUPERIOR","propiedad":"PUB","escala":"REGIONAL","permanenci":"SI","estruc_eco":"NO","url1":null}},{"type":"Feature","id":"eqp_uco_educacion.2681","geometry":{"type":"MultiPolygon","coordinates":[[[[-76.53884593,3.43548341],[-76.53884972,3.4354037],[-76.53891337,3.43540736],[-76.5390263,3.43541598],[-76.53905775,3.43541526],[-76.53905561,3.43544901],[-76.53905346,3.43549067],[-76.53904989,3.43555173],[-76.53904775,3.43557399],[-76.53888478,3.43556825],[-76.5388427,3.43555167],[-76.53884593,3.43548341]]]]},"geometry_name":"the_geom","properties":{"nombre":"COLEGIO ODONTOLOGICO COLON","localizaci":"AV ROOSEVELT NO 24A 90","servicio":"EDUCACION","tipo":"UNIVERSIDAD","nivel":"EDUCACION SUPERIOR","propiedad":"PRIV","escala":"LOCAL","permanenci":"NO","estruc_eco":"NO","url1":null}},{"type":"Feature","id":"eqp_uco_educacion.2682","geometry":{"type":"MultiPolygon","coordinates":[[[[-76.54941185,3.42809285],[-76.54912988,3.42770742],[-76.54921511,3.42768752],[-76.54924974,3.42768279],[-76.54930448,3.42767044],[-76.54935762,3.42765235],[-76.54946751,3.42761521],[-76.54950631,3.42760419],[-76.54996804,3.42730484],[-76.54997308,3.42730187],[-76.55007601,3.4272388],[-76.55007709,3.42723781],[-76.55008429,3.42723682],[-76.55024627,3.4272027],[-76.55026319,3.42719972],[-76.5503845,3.42778567],[-76.5504076,3.42788763],[-76.54986256,3.42800708],[-76.54944708,3.42810088],[-76.5494346,3.42810382],[-76.54942197,3.42810097],[-76.54941185,3.42809285]],[[-76.54980038,3.42801557],[-76.54979172,3.42800345],[-76.54979399,3.42801644],[-76.54980038,3.42801557]]]]},"geometry_name":"the_geom","properties":{"nombre":"UNIVERSIDAD LIBRE","localizaci":"DG 37 NO 3   29","servicio":"EDUCACION","tipo":"UNIVERSIDAD","nivel":"EDUCACION SUPERIOR","propiedad":"PRIV","escala":"REGIONAL","permanenci":"SI","estruc_eco":"NO","url1":null}},{"type":"Feature","id":"eqp_uco_educacion.2683","geometry":{"type":"MultiPolygon","coordinates":[[[[-76.52919527,3.34155379],[-76.52922318,3.34122175],[-76.52922423,3.3411718],[-76.52923707,3.34093174],[-76.52923812,3.34088071],[-76.52924495,3.34085578],[-76.52925269,3.34049872],[-76.52944782,3.34049061],[-76.52942269,3.33993358],[-76.52949361,3.33992553],[-76.52979962,3.33990242],[-76.53015641,3.33988819],[-76.53042571,3.33987608],[-76.53088473,3.33985478],[-76.53112667,3.33984565],[-76.53106786,3.34029472],[-76.53106678,3.34030075],[-76.5310578,3.34033171],[-76.53104377,3.34036178],[-76.53100382,3.34039178],[-76.53097009,3.34060682],[-76.53094113,3.34098287],[-76.53092328,3.34128584],[-76.53090132,3.34128486],[-76.53089845,3.34131285],[-76.53087649,3.34131089],[-76.5308375,3.34179297],[-76.53083467,3.34188397],[-76.53082863,3.34204896],[-76.53082471,3.34213401],[-76.53085064,3.34213598],[-76.53084993,3.34216199],[-76.53087585,3.34216396],[-76.53087694,3.34217098],[-76.53087299,3.34220095],[-76.53086689,3.34223993],[-76.53085792,3.34228997],[-76.53085074,3.34233102],[-76.53084392,3.34237495],[-76.53083782,3.342415],[-76.53082994,3.34248296],[-76.53081992,3.34261401],[-76.53080707,3.34282301],[-76.53080528,3.34283201],[-76.53080025,3.34286406],[-76.53078731,3.34290403],[-76.5307722,3.34293203],[-76.5307481,3.3429621],[-76.53073514,3.34297606],[-76.53071607,3.3429911],[-76.53068332,3.34300714],[-76.53066424,3.34301615],[-76.53060628,3.34302914],[-76.5304684,3.34304424],[-76.53025131,3.34306632],[-76.52995322,3.34309951],[-76.52991326,3.3431025],[-76.52950088,3.34313307],[-76.52949699,3.34317346],[-76.52934622,3.34318629],[-76.52934518,3.34320081],[-76.52910109,3.34322893],[-76.52911889,3.3428329],[-76.52912102,3.34278691],[-76.52913101,3.3426059],[-76.52914562,3.3423059],[-76.5291545,3.34208782],[-76.52916163,3.34195181],[-76.52917731,3.34163283],[-76.52919348,3.34156982],[-76.52919527,3.34155379]]]]},"geometry_name":"the_geom","properties":{"nombre":"UNIVERSIDAD ICESI","localizaci":null,"servicio":"EDUCACION","tipo":"UNIVERSIDAD","nivel":"EDUCACION SUPERIOR","propiedad":"PRIV","escala":"REGIONAL","permanenci":"SI","estruc_eco":"SI","url1":null}},{"type":"Feature","id":"eqp_uco_educacion.2684","geometry":{"type":"MultiPolygon","coordinates":[[[[-76.54292496,3.34591082],[-76.54219997,3.34607744],[-76.54164975,3.34621829],[-76.5413722,3.34631325],[-76.54133584,3.34632471],[-76.54130489,3.3460925],[-76.54126844,3.34568252],[-76.54125546,3.34554935],[-76.54109728,3.3442192],[-76.54107297,3.34391647],[-76.54103005,3.34355654],[-76.54098394,3.34307143],[-76.54095837,3.34283335],[-76.5409359,3.34262404],[-76.54154279,3.34261638],[-76.54183612,3.34261355],[-76.54226138,3.34259036],[-76.54264861,3.34256771],[-76.54296598,3.34254976],[-76.5434587,3.34252417],[-76.54403659,3.34249188],[-76.54414692,3.34248346],[-76.54439352,3.34246917],[-76.54463551,3.34245584],[-76.54480987,3.34283354],[-76.54495409,3.34314594],[-76.54546554,3.34426403],[-76.54646777,3.34640274],[-76.54657606,3.34662788],[-76.54667899,3.34685554],[-76.54669383,3.3468896],[-76.5467606,3.34703155],[-76.54671256,3.34705587],[-76.54551281,3.34748655],[-76.54508481,3.34763978],[-76.54438107,3.34788119],[-76.54387604,3.34805048],[-76.54376301,3.34808951],[-76.5436489,3.3481236],[-76.5435319,3.34815165],[-76.54352218,3.34815363],[-76.54328206,3.34818481],[-76.5432781,3.3481858],[-76.54327306,3.34818581],[-76.54319494,3.34819425],[-76.54306821,3.34751058],[-76.54307253,3.34750963],[-76.54306741,3.34750625],[-76.54291249,3.34676289],[-76.54291491,3.34659712],[-76.54292496,3.34591082]]]]},"geometry_name":"the_geom","properties":{"nombre":"UNIVERSIDAD DE SAN BUENAVENTURA","localizaci":"PARCELACION LA UMBRIA PANCE","servicio":"EDUCACION","tipo":"UNIVERSIDAD","nivel":"EDUCACION SUPERIOR","propiedad":"PRIV","escala":"REGIONAL","permanenci":"SI","estruc_eco":"SI","url1":null}},{"type":"Feature","id":"eqp_uco_educacion.2685","geometry":{"type":"MultiPolygon","coordinates":[[[[-76.54033396,3.34678396],[-76.54000983,3.34677778],[-76.53965888,3.34685748],[-76.53966334,3.34643012],[-76.53915798,3.34640451],[-76.5392698,3.34492124],[-76.53941766,3.34275657],[-76.53981384,3.34273608],[-76.53986342,3.34332754],[-76.54083508,3.34327747],[-76.54116607,3.3463823],[-76.54068524,3.34642145],[-76.54033396,3.34678396]]]]},"geometry_name":"the_geom","properties":{"nombre":"UNIVERSIDAD CATOLICA","localizaci":"KR 122 NO 12- 459","servicio":"EDUCACION","tipo":"UNIVERSIDAD","nivel":"EDUCACION SUPERIOR","propiedad":"PRIV","escala":"URBANA","permanenci":"SI","estruc_eco":"NO","url1":null}},{"type":"Feature","id":"eqp_uco_educacion.2686","geometry":{"type":"MultiPolygon","coordinates":[[[[-76.48289707,3.45433655],[-76.48295897,3.45400986],[-76.48285867,3.45399033],[-76.48292725,3.45369605],[-76.48320674,3.45377476],[-76.48342966,3.45383721],[-76.48384476,3.45395392],[-76.48398086,3.45399991],[-76.48386484,3.45421966],[-76.48375833,3.45442756],[-76.48289707,3.45433655]]]]},"geometry_name":"the_geom","properties":{"nombre":"UNIVERSIDAD OBRERA ALFONSO LOPEZ/ IDEI","localizaci":"KR 7R BIS NO 72 124","servicio":"EDUCACION","tipo":"UNIVERSIDAD","nivel":"EDUCACION SUPERIOR","propiedad":"PUB","escala":"URBANA","permanenci":"SI","estruc_eco":"NO","url1":null}},{"type":"Feature","id":"eqp_uco_educacion.2687","geometry":{"type":"MultiPolygon","coordinates":[[[[-76.51971537,3.35311239],[-76.52018242,3.35309906],[-76.5201966,3.35309985],[-76.52021046,3.35310295],[-76.52022363,3.35310827],[-76.52023575,3.35311568],[-76.5202465,3.35312497],[-76.52025558,3.35313589],[-76.52026275,3.35314816],[-76.52026781,3.35316143],[-76.52027064,3.35317535],[-76.52028232,3.3532913],[-76.52028933,3.35340762],[-76.52029164,3.35352414],[-76.52028897,3.35398583],[-76.52028896,3.35415829],[-76.52028833,3.3541662],[-76.52028643,3.3541739],[-76.52028331,3.35418119],[-76.52027904,3.35418788],[-76.52027375,3.35419378],[-76.52026756,3.35419875],[-76.52026066,3.35420264],[-76.52025321,3.35420537],[-76.52024541,3.35420685],[-76.52023749,3.35420704],[-76.51976023,3.35417855],[-76.51971537,3.35311239]]],[[[-76.5210371,3.3530767],[-76.52303833,3.35302856],[-76.5230455,3.35302897],[-76.52305252,3.35303053],[-76.5230592,3.35303317],[-76.52306537,3.35303685],[-76.52307088,3.35304146],[-76.52307559,3.35304688],[-76.52307938,3.35305299],[-76.52308216,3.35305961],[-76.52308384,3.3530666],[-76.52308439,3.35307376],[-76.52307466,3.35337356],[-76.52307155,3.35356071],[-76.52307461,3.35374786],[-76.52308384,3.3539348],[-76.52309924,3.35412134],[-76.5230857,3.35416264],[-76.5230666,3.35420168],[-76.52304231,3.35423772],[-76.52301329,3.35427008],[-76.52298009,3.35429813],[-76.52294335,3.35432135],[-76.52290376,3.35433928],[-76.52286208,3.3543516],[-76.5228191,3.35435806],[-76.52277564,3.35435855],[-76.52058663,3.35422788],[-76.52057854,3.35422669],[-76.52057077,3.35422417],[-76.52056352,3.35422038],[-76.52055702,3.35421544],[-76.52055143,3.35420948],[-76.52054691,3.35420266],[-76.5205436,3.35419519],[-76.52054158,3.35418727],[-76.52054092,3.35417913],[-76.52054093,3.35400659],[-76.52054,3.3535242],[-76.52053798,3.35341042],[-76.52053182,3.35329679],[-76.52052154,3.35318346],[-76.52052113,3.35316914],[-76.52052309,3.35315495],[-76.52052736,3.35314128],[-76.52053383,3.3531285],[-76.52054231,3.35311696],[-76.52055257,3.35310697],[-76.52056434,3.35309881],[-76.5205773,3.35309269],[-76.52059108,3.3530888],[-76.52060532,3.35308723],[-76.5210371,3.3530767]]]]},"geometry_name":"the_geom","properties":{"nombre":"UNIVERSIDAD AUTONOMA DE OCCIDENTE - DIRECCION DE EXTENCION","localizaci":null,"servicio":"EDUCACION","tipo":"UNIVERSIDAD","nivel":"EDUCACION SUPERIOR","propiedad":"PRIV","escala":"REGIONAL","permanenci":"SI","estruc_eco":"NO","url1":null}},{"type":"Feature","id":"eqp_uco_educacion.2688","geometry":{"type":"MultiPolygon","coordinates":[[[[-76.53742519,3.37993015],[-76.53740452,3.37999254],[-76.53736219,3.38004227],[-76.53729379,3.38007661],[-76.53308599,3.37979694],[-76.53299783,3.37973907],[-76.52912367,3.37947653],[-76.52930831,3.37671668],[-76.52926771,3.3765531],[-76.52978596,3.36876739],[-76.53086674,3.36828363],[-76.53670126,3.37128278],[-76.53678942,3.37134792],[-76.53682907,3.37138587],[-76.53686506,3.37142748],[-76.53692622,3.37151884],[-76.5369712,3.37161924],[-76.53699911,3.371725],[-76.5370081,3.37183352],[-76.53701617,3.37206597],[-76.53675429,3.37217179],[-76.53676235,3.37261308],[-76.53703055,3.37274783],[-76.53715725,3.37626664],[-76.53723449,3.37800298],[-76.53724981,3.37811242],[-76.53744322,3.37936671],[-76.53744863,3.37941828],[-76.53744139,3.37946258],[-76.53743154,3.37948519],[-76.53742338,3.37950688],[-76.53741439,3.37952136],[-76.53740454,3.37954581],[-76.53739639,3.37956933],[-76.53738921,3.37959011],[-76.53738563,3.3796118],[-76.53738562,3.37966153],[-76.53742069,3.37986953],[-76.53742519,3.37993015]]]]},"geometry_name":"the_geom","properties":{"nombre":"UNIVERSIDAD DEL VALLE","localizaci":null,"servicio":"EDUCACION","tipo":"UNIVERSIDAD","nivel":"EDUCACION SUPERIOR","propiedad":"PUB","escala":"REGIONAL","permanenci":"SI","estruc_eco":"SI","url1":null}},{"type":"Feature","id":"eqp_uco_educacion.2689","geometry":{"type":"MultiPolygon","coordinates":[[[[-76.53685463,3.44913941],[-76.53675349,3.44918942],[-76.53666336,3.44896445],[-76.53663741,3.44889948],[-76.53672847,3.44885542],[-76.53681174,3.4490434],[-76.53682976,3.44908542],[-76.53685463,3.44913941]]]]},"geometry_name":"the_geom","properties":{"nombre":"ESCUELA DE AUXILIARES DE ENFERMERIA","localizaci":"KR 5 NO 5 44","servicio":"EDUCACION","tipo":"CORPUNI","nivel":"EDUCACION SUPERIOR","propiedad":"PRIV","escala":"URBANA","permanenci":"NO","estruc_eco":"NO","url1":null}},{"type":"Feature","id":"eqp_uco_educacion.2690","geometry":{"type":"MultiPolygon","coordinates":[[[[-76.53417721,3.44647482],[-76.53417038,3.44643093],[-76.53442033,3.44640121],[-76.5344234,3.44648081],[-76.53438699,3.44648362],[-76.53433983,3.44648661],[-76.53427683,3.4464916],[-76.53418065,3.44649697],[-76.53417721,3.44647482]]]]},"geometry_name":"the_geom","properties":{"nombre":"COORPORACION  UNIVERSITARIA REMINGTON","localizaci":"CL 8 NO 10 16","servicio":"EDUCACION","tipo":"CORPUNI","nivel":"EDUCACION SUPERIOR","propiedad":"PRIV","escala":"ZONAL","permanenci":"NO","estruc_eco":"NO","url1":null}},{"type":"Feature","id":"eqp_uco_educacion.2691","geometry":{"type":"MultiPolygon","coordinates":[[[[-76.52515643,3.46209034],[-76.52517334,3.46206531],[-76.52518053,3.46205531],[-76.52521435,3.46200435],[-76.52521651,3.46200228],[-76.52523917,3.46196834],[-76.52526726,3.46198632],[-76.52529932,3.46200629],[-76.52536631,3.46204927],[-76.52539152,3.46206519],[-76.52536741,3.46209823],[-76.52529654,3.4621953],[-76.52527961,3.46218226],[-76.52527349,3.4621783],[-76.52525728,3.46216634],[-76.52522234,3.46214035],[-76.52519857,3.46212236],[-76.52518056,3.46210833],[-76.52515643,3.46209034]]]]},"geometry_name":"the_geom","properties":{"nombre":"SENA","localizaci":"CL 23N NO 2N-60","servicio":"EDUCACION","tipo":"ESCTSUPER","nivel":"EDUCACION SUPERIOR","propiedad":"PUB","escala":"URBANA","permanenci":"NO","estruc_eco":"NO","url1":null}},{"type":"Feature","id":"eqp_uco_educacion.2692","geometry":{"type":"MultiPolygon","coordinates":[[[[-76.51726598,3.46742103],[-76.51726972,3.46741787],[-76.51738775,3.46731879],[-76.51743777,3.46726575],[-76.51745182,3.46727673],[-76.51752954,3.46719469],[-76.5176285,3.46710661],[-76.5176886,3.46706553],[-76.51768968,3.46706553],[-76.51781758,3.46721649],[-76.51782658,3.46722747],[-76.51780464,3.46725556],[-76.51768489,3.46752457],[-76.51759211,3.46772065],[-76.51759191,3.46772102],[-76.51759146,3.46772076],[-76.51754838,3.46768269],[-76.51750946,3.4676501],[-76.51745757,3.46761425],[-76.51742514,3.46758492],[-76.51737974,3.46752952],[-76.51732785,3.46747412],[-76.51728569,3.46743502],[-76.51726598,3.46742103]]]]},"geometry_name":"the_geom","properties":{"nombre":"INSTITUTO TECNICO INDUSTRIAL DEL 20 DE JULIO","localizaci":"KR 5 N NO 33 N 01","servicio":"EDUCACION","tipo":"INSTTINDU","nivel":"EDUCACION BASICA-EDUCACION MEDIA VOCACIONAL","propiedad":"PUB","escala":"LOCAL","permanenci":"NO","estruc_eco":"NO","url1":null}},{"type":"Feature","id":"eqp_uco_educacion.2693","geometry":{"type":"MultiPolygon","coordinates":[[[[-76.52293904,3.46399453],[-76.52285164,3.46401274],[-76.52284556,3.4639818],[-76.52281306,3.46381621],[-76.52280778,3.46378934],[-76.52281687,3.46378744],[-76.52284547,3.46378145],[-76.52285371,3.46377973],[-76.52289517,3.46377106],[-76.52289999,3.46379561],[-76.52291139,3.46385369],[-76.52291613,3.46387783],[-76.52293298,3.46396367],[-76.52293904,3.46399453]]]]},"geometry_name":"the_geom","properties":{"nombre":"INSTITUCION  TECNICO INTECO","localizaci":"AV 2 D NO CL 25","servicio":"EDUCACION","tipo":"INSTTIINDU","nivel":"EDUCACION BASICA-EDUCACION MEDIA VOCACIONAL","propiedad":"PRIV","escala":"LOCAL","permanenci":"NO","estruc_eco":"NO","url1":null}},{"type":"Feature","id":"eqp_uco_educacion.2694","geometry":{"type":"MultiPolygon","coordinates":[[[[-76.52814801,3.46311551],[-76.52810824,3.46308762],[-76.5280873,3.46307293],[-76.52810516,3.46304677],[-76.5281867,3.46292736],[-76.52820668,3.4628981],[-76.52828334,3.46295283],[-76.52824563,3.46300924],[-76.52820405,3.46307144],[-76.52817981,3.46310771],[-76.52816611,3.46312821],[-76.52814801,3.46311551]]]]},"geometry_name":"the_geom","properties":{"nombre":"INSTITUTO IMFEG LTDA","localizaci":"CL 22 N NO 5 N 22","servicio":"EDUCACION","tipo":"INSTTIINDU","nivel":"EDUCACION NO FORMAL","propiedad":"PRIV","escala":"LOCAL","permanenci":"NO","estruc_eco":"NO","url1":null}},{"type":"Feature","id":"eqp_uco_educacion.2695","geometry":{"type":"MultiPolygon","coordinates":[[[[-76.5462072,3.42125484],[-76.54613409,3.42121888],[-76.54613193,3.42121789],[-76.54614092,3.4211979],[-76.54614308,3.42119493],[-76.54617293,3.42113191],[-76.54618013,3.42111886],[-76.54622112,3.42103387],[-76.5462258,3.42102487],[-76.54623191,3.42101281],[-76.54630898,3.42105183],[-76.54630107,3.42106884],[-76.54629711,3.42107676],[-76.54625,3.42117787],[-76.54624101,3.42119587],[-76.54622195,3.42123683],[-76.54622015,3.42124188],[-76.54621224,3.4212579],[-76.5462072,3.42125484]]]]},"geometry_name":"the_geom","properties":{"nombre":"ESCUELA DE CAPACITACION Y ENTRENAM. EN VIGILANCIA Y SEGURIDAD PRIVADA V.I.P","localizaci":"KR 42A NO 5A 75","servicio":"EDUCACION","tipo":"ESCSUPER","nivel":"EDUCACION NO FORMAL","propiedad":"PRIV","escala":"LOCAL","permanenci":"NO","estruc_eco":"NO","url1":null}},{"type":"Feature","id":"eqp_uco_educacion.2696","geometry":{"type":"MultiPolygon","coordinates":[[[[-76.54468134,3.42158641],[-76.54466117,3.42157742],[-76.54465937,3.42157643],[-76.54460427,3.42154946],[-76.54457726,3.42153643],[-76.54448219,3.42149147],[-76.54447715,3.4214895],[-76.5444451,3.42147349],[-76.54448501,3.42138653],[-76.54452211,3.42140451],[-76.54452319,3.4214055],[-76.54472125,3.42150341],[-76.54470723,3.42153339],[-76.54468134,3.42158641]]]]},"geometry_name":"the_geom","properties":{"nombre":"L´ESTHETIC -METODO CEN. ESCUELA DE ESTETICA","localizaci":"CL 5C NO 41 16","servicio":"EDUCACION","tipo":"ESCTSUPER","nivel":"EDUCACION NO FORMAL","propiedad":"PRIV","escala":"LOCAL","permanenci":"NO","estruc_eco":"NO","url1":null}},{"type":"Feature","id":"eqp_uco_educacion.2697","geometry":{"type":"MultiPolygon","coordinates":[[[[-76.50116419,3.4656987],[-76.50134328,3.46636609],[-76.50136844,3.46645652],[-76.50135677,3.46648097],[-76.50131444,3.46649093],[-76.50127577,3.4665054],[-76.50133059,3.46671065],[-76.5014143,3.46702902],[-76.50148985,3.46731657],[-76.50156093,3.46733559],[-76.50162749,3.46760237],[-76.5017022,3.46793607],[-76.50166711,3.46798856],[-76.50163645,3.46804458],[-76.50161128,3.46810336],[-76.50159869,3.46814314],[-76.50141778,3.46820105],[-76.50112711,3.46829231],[-76.50110546,3.46829867],[-76.50051597,3.46848216],[-76.49881592,3.46900023],[-76.49847046,3.46789146],[-76.49839398,3.46764637],[-76.49837866,3.46759846],[-76.49809526,3.46670039],[-76.49808992,3.46665969],[-76.49868925,3.46646807],[-76.49953256,3.4662131],[-76.49969364,3.46616429],[-76.49990605,3.46609741],[-76.49993213,3.46608837],[-76.50116419,3.4656987]]]]},"geometry_name":"the_geom","properties":{"nombre":"SENA","localizaci":"CL 52  CON 56","servicio":"EDUCACION","tipo":"CENTECNO","nivel":"EDUCACION SUPERIOR","propiedad":"PUB","escala":"REGIONAL","permanenci":"SI","estruc_eco":"SI","url1":null}},{"type":"Feature","id":"eqp_uco_educacion.2698","geometry":{"type":"MultiPolygon","coordinates":[[[[-76.53536333,3.42996882],[-76.53536153,3.42996882],[-76.53533956,3.42995785],[-76.53524845,3.42991587],[-76.53523549,3.42990985],[-76.53520344,3.42989493],[-76.53521135,3.42987287],[-76.53523436,3.42982183],[-76.53525849,3.42983387],[-76.53526029,3.42983387],[-76.53532835,3.42986578],[-76.53537336,3.42988682],[-76.53539533,3.42989779],[-76.53536333,3.42996882]]]]},"geometry_name":"the_geom","properties":{"nombre":"INSTITUTO DE CAPACITACION NUESTRA SEÑORA DE FATIMA","localizaci":"CL9B NO 29A 58","servicio":"EDUCACION","tipo":"ESCTSUPER","nivel":"EDUCACION BASICA-EDUCACION MEDIA VOCACIONAL","propiedad":"PRIV","escala":"LOCAL","permanenci":"NO","estruc_eco":"NO","url1":null}},{"type":"Feature","id":"eqp_uco_educacion.2699","geometry":{"type":"MultiPolygon","coordinates":[[[[-76.53407184,3.4306878],[-76.53401208,3.43068577],[-76.53390299,3.43068187],[-76.53387995,3.43068089],[-76.5338529,3.43060693],[-76.53387091,3.43060691],[-76.53387775,3.4306079],[-76.5340538,3.43061374],[-76.53407504,3.43061472],[-76.53407184,3.4306878]]]]},"geometry_name":"the_geom","properties":{"nombre":"ACADEMIA EUROPEA DE NATUROPATIA","localizaci":"TR9B NO 29 18","servicio":"EDUCACION","tipo":"ESCTSUPER","nivel":"EDUCACION NO FORMAL","propiedad":"PRIV","escala":"LOCAL","permanenci":"NO","estruc_eco":"NO","url1":null}},{"type":"Feature","id":"eqp_uco_educacion.2700","geometry":{"type":"MultiPolygon","coordinates":[[[[-76.54215204,3.43736784],[-76.54213078,3.43734589],[-76.54201983,3.43722895],[-76.54200398,3.43721195],[-76.54197372,3.43717993],[-76.5419377,3.43714296],[-76.54192977,3.43713396],[-76.54198086,3.43707597],[-76.54194772,3.43704197],[-76.54199557,3.43698398],[-76.54200456,3.4369729],[-76.54203982,3.43693193],[-76.54204486,3.43692491],[-76.54206356,3.43690293],[-76.54209055,3.43686989],[-76.54211753,3.43683783],[-76.54212257,3.4368309],[-76.54213768,3.43681289],[-76.5424568,3.43707371],[-76.54216393,3.43738089],[-76.54215204,3.43736784]]]]},"geometry_name":"the_geom","properties":{"nombre":"UNIVERSIDAD AUTONOMA DE OCCIDENTE - DIRECCION DE EXTENCION","localizaci":"CL 2A NO 24C 95","servicio":"EDUCACION","tipo":"UNIVERSIDAD","nivel":"EDUCACION SUPERIOR","propiedad":"PRIV","escala":"ZONAL","permanenci":"NO","estruc_eco":"NO","url1":null}},{"type":"Feature","id":"eqp_uco_educacion.2701","geometry":{"type":"MultiPolygon","coordinates":[[[[-76.53738881,3.43342972],[-76.53722248,3.43342586],[-76.53720772,3.43342488],[-76.53723069,3.43329787],[-76.53723069,3.4332958],[-76.53723571,3.4332678],[-76.53723967,3.4332678],[-76.53738369,3.43329679],[-76.5373927,3.43330678],[-76.53739343,3.43331676],[-76.53739451,3.43332477],[-76.53738881,3.43342972]]]]},"geometry_name":"the_geom","properties":{"nombre":"CORPORACION UNIVERSITARIA CRES","localizaci":"KR 27  CL 7 ESQUINA","servicio":"EDUCACION","tipo":"CORPUNI","nivel":"EDUCACION TECNICA","propiedad":"PRIV","escala":"URBANA","permanenci":"NO","estruc_eco":"NO","url1":null}},{"type":"Feature","id":"eqp_uco_educacion.2702","geometry":{"type":"MultiPolygon","coordinates":[[[[-76.53845803,3.42988221],[-76.53849303,3.42976376],[-76.53849686,3.42967397],[-76.53852622,3.42967397],[-76.53855155,3.4295976],[-76.53863911,3.42962316],[-76.53866215,3.42963008],[-76.53864311,3.4296921],[-76.53865031,3.42969407],[-76.53875438,3.42972804],[-76.53877021,3.42972605],[-76.53886418,3.42973202],[-76.53886742,3.42973202],[-76.53889765,3.42973389],[-76.53889037,3.42994946],[-76.53888768,3.42995974],[-76.53888002,3.42996708],[-76.53886968,3.42996927],[-76.53886304,3.42996761],[-76.53868827,3.42995911],[-76.5384747,3.42988779],[-76.53845803,3.42988221]]]]},"geometry_name":"the_geom","properties":{"nombre":"UNICIENCIA CORPORACION UNIVERSITARIA DE CIENCIA Y DESARROLLO","localizaci":"KR 30 A NO 6 52","servicio":"EDUCACION","tipo":"CORPUNI","nivel":"EDUCACION SUPERIOR","propiedad":"PRIV","escala":"URBANA","permanenci":"SI","estruc_eco":"NO","url1":null}},{"type":"Feature","id":"eqp_uco_educacion.2703","geometry":{"type":"MultiPolygon","coordinates":[[[[-76.53782084,3.43513286],[-76.53772868,3.43512787],[-76.53773082,3.43509187],[-76.53774258,3.43488188],[-76.53774471,3.43483886],[-76.53774756,3.43477982],[-76.53783864,3.43478282],[-76.53783472,3.43485384],[-76.53782191,3.43510586],[-76.53782084,3.43513286]]]]},"geometry_name":"the_geom","properties":{"nombre":"ESCUELA AUXILIAR DE ENFERMERIA DEL VALLE","localizaci":"KR 25 NO 6 96","servicio":"EDUCACION","tipo":"ESCTSUPER","nivel":"EDUCACION TECNICA","propiedad":"PRIV","escala":"URBANA","permanenci":"no","estruc_eco":"NO","url1":null}},{"type":"Feature","id":"eqp_uco_educacion.2704","geometry":{"type":"MultiPolygon","coordinates":[[[[-76.53617164,3.43210536],[-76.53609675,3.43208245],[-76.53610358,3.4320594],[-76.53616862,3.4318484],[-76.5361873,3.43178331],[-76.53622547,3.43179436],[-76.53625535,3.43180235],[-76.53626436,3.43180532],[-76.53625142,3.43184835],[-76.53622842,3.43192333],[-76.53621764,3.43195637],[-76.53617955,3.43208033],[-76.53617955,3.4320824],[-76.53617164,3.43210536]]]]},"geometry_name":"the_geom","properties":{"nombre":"ESCUELA DE ESTETICA Y SALUD","localizaci":"KR 26 NO 8 36","servicio":"EDUCACION","tipo":"ESCTSUPER","nivel":"EDUCACION NO FORMAL","propiedad":"PRIV","escala":"LOCAL","permanenci":"NO","estruc_eco":"NO","url1":null}},{"type":"Feature","id":"eqp_uco_educacion.2705","geometry":{"type":"MultiPolygon","coordinates":[[[[-76.53753115,3.43371288],[-76.53753687,3.43357034],[-76.53765577,3.43356788],[-76.53767701,3.43356786],[-76.53767882,3.43357686],[-76.53766981,3.43357687],[-76.53766982,3.43358686],[-76.53768098,3.43359081],[-76.53767883,3.43359882],[-76.53772203,3.43360078],[-76.53772386,3.43364479],[-76.53781098,3.43364879],[-76.53781098,3.43365176],[-76.53780778,3.43371476],[-76.53756801,3.43371292],[-76.53755901,3.43371293],[-76.53753115,3.43371288]]]]},"geometry_name":"the_geom","properties":{"nombre":"ESCUELA DE AZAFATAS INTERNACIONALES","localizaci":"CL7 NO 26 74","servicio":"EDUCACION","tipo":"ESCSUPER","nivel":"EDUCACION TECNICA","propiedad":"PRIV","escala":"URBANA","permanenci":"NO","estruc_eco":"NO","url1":null}},{"type":"Feature","id":"eqp_uco_educacion.2706","geometry":{"type":"MultiPolygon","coordinates":[[[[-76.53803386,3.43426929],[-76.53796583,3.43426523],[-76.53794634,3.43426371],[-76.53794634,3.43426173],[-76.53794812,3.43421969],[-76.53795131,3.43414067],[-76.53804078,3.43414172],[-76.53803386,3.43426929]]]]},"geometry_name":"the_geom","properties":{"nombre":"CLINICA DE CIENCIAS JURIDICAS","localizaci":"CL 6A NO 26 15","servicio":"EDUCACION","tipo":"ESCSUPER","nivel":"EDUCACION NO FORMAL","propiedad":"PRIV","escala":"LOCAL","permanenci":"NO","estruc_eco":"NO","url1":null}},{"type":"Feature","id":"eqp_uco_educacion.2707","geometry":{"type":"MultiPolygon","coordinates":[[[[-76.53837949,3.43322464],[-76.53829165,3.43321965],[-76.53829271,3.43318662],[-76.53829271,3.43318563],[-76.53830053,3.43302065],[-76.53830159,3.43299266],[-76.53830444,3.43293667],[-76.5383055,3.43290265],[-76.53832926,3.43290363],[-76.53834727,3.43290461],[-76.53835339,3.4329046],[-76.53838039,3.43290657],[-76.53838939,3.43290656],[-76.53839443,3.43290656],[-76.53839051,3.43297658],[-76.53838944,3.43299855],[-76.53838838,3.43302663],[-76.53838767,3.43304562],[-76.53838269,3.4331566],[-76.53838163,3.43318963],[-76.53837949,3.43322464]]]]},"geometry_name":"the_geom","properties":{"nombre":"ACADEMIA GASTRONOMICA DEL VALLE","localizaci":"KR 27 NO 6 46","servicio":"EDUCACION","tipo":"ESCSUPER","nivel":"EDUCACION NO FORMAL","propiedad":"PRIV","escala":"ZONAL","permanenci":"NO","estruc_eco":"NO","url1":null}},{"type":"Feature","id":"eqp_uco_educacion.2708","geometry":{"type":"MultiPolygon","coordinates":[[[[-76.53836807,3.43258829],[-76.53840762,3.43258937],[-76.53842346,3.43259035],[-76.53841385,3.43277738],[-76.53839873,3.43277739],[-76.53839376,3.43290538],[-76.53838476,3.43290539],[-76.53835776,3.43290342],[-76.53835164,3.43290342],[-76.53836807,3.43258829]]]]},"geometry_name":"the_geom","properties":{"nombre":"CORPORACION UNIVERSITARIA REMINGTON","localizaci":"KR 28 NO 6 59","servicio":"EDUCACION","tipo":"CORPUNI","nivel":"EDUCACION TECNICA","propiedad":"PRIV","escala":"URBANA","permanenci":"SI","estruc_eco":"NO","url1":null}},{"type":"Feature","id":"eqp_uco_educacion.2709","geometry":{"type":"MultiPolygon","coordinates":[[[[-76.54080347,3.43431744],[-76.54054749,3.43430562],[-76.54053345,3.43430464],[-76.54052121,3.43430366],[-76.54052441,3.43423858],[-76.54055141,3.43424064],[-76.54064934,3.43424454],[-76.5406893,3.4342465],[-76.54081135,3.43425146],[-76.54085419,3.43425342],[-76.54093232,3.43425634],[-76.54092044,3.43427039],[-76.54090749,3.43428642],[-76.54087835,3.43432244],[-76.54080347,3.43431744]]]]},"geometry_name":"the_geom","properties":{"nombre":"ESCUELA DE FOTOGRAFIA DEL VALLE","localizaci":"CL 5B NO 25 18","servicio":"EDUCACION","tipo":"ESCARTE","nivel":"EDUCACION NO FORMAL","propiedad":"PRIV","escala":"ZONAL","permanenci":"NO","estruc_eco":"NO","url1":null}},{"type":"Feature","id":"eqp_uco_educacion.2710","geometry":{"type":"MultiPolygon","coordinates":[[[[-76.5403628,3.4347984],[-76.54033976,3.43479742],[-76.5403268,3.43479743],[-76.54020763,3.43479354],[-76.54012987,3.43479061],[-76.54009063,3.43478956],[-76.54009169,3.43475562],[-76.54009275,3.43473663],[-76.54009454,3.43470558],[-76.54009668,3.43466958],[-76.5400988,3.43461557],[-76.54009951,3.43459658],[-76.54010272,3.43454555],[-76.54010272,3.4345406],[-76.54010343,3.43451657],[-76.54020747,3.43452056],[-76.54023952,3.43452153],[-76.54035472,3.43452641],[-76.54036445,3.43453045],[-76.54037165,3.43453846],[-76.54037346,3.43454944],[-76.54037274,3.4345534],[-76.54036954,3.43462343],[-76.54036563,3.43471541],[-76.5403628,3.4347984]]]]},"geometry_name":"the_geom","properties":{"nombre":"ESCUELA DE ENFERMERIA DEL VALLE","localizaci":"CL 5B NO 25 109","servicio":"EDUCACION","tipo":"ESCSUPER","nivel":"EDUCACION TECNICA","propiedad":"PRIV","escala":"URBANA","permanenci":"NO","estruc_eco":"NO","url1":null}},{"type":"Feature","id":"eqp_uco_educacion.2711","geometry":{"type":"MultiPolygon","coordinates":[[[[-76.53917212,3.43230589],[-76.53902631,3.43229895],[-76.53898526,3.432297],[-76.53898918,3.43222094],[-76.53903022,3.4322229],[-76.53917495,3.43222983],[-76.53917495,3.43222884],[-76.53917603,3.43222983],[-76.53924804,3.43223177],[-76.53924804,3.43223285],[-76.53924519,3.43229379],[-76.53917319,3.43228987],[-76.53917212,3.43230589]]]]},"geometry_name":"the_geom","properties":{"nombre":"ESCUELA DE DIBUJO ESPECIALIZADO","localizaci":"AV  ROOSEVELT NO 28 24","servicio":"EDUCACION","tipo":"ESCSUPER","nivel":"EDUCACION TECNICA","propiedad":"PRIV","escala":"LOCAL","permanenci":"NO","estruc_eco":"NO","url1":null}},{"type":"Feature","id":"eqp_uco_educacion.2712","geometry":{"type":"MultiPolygon","coordinates":[[[[-76.54638798,3.43486881],[-76.5463779,3.43485783],[-76.54634799,3.43481978],[-76.54634007,3.43481186],[-76.54629395,3.43475582],[-76.5462799,3.43473882],[-76.54625901,3.4347139],[-76.546201,3.43464391],[-76.54619668,3.43463986],[-76.54615093,3.43458391],[-76.54623189,3.43451383],[-76.54627693,3.43457087],[-76.5463007,3.43459984],[-76.54640302,3.43472875],[-76.54641779,3.43474774],[-76.54644193,3.43477679],[-76.54646499,3.43480576],[-76.5464488,3.43481873],[-76.54641281,3.43484881],[-76.5463959,3.43486277],[-76.54638798,3.43486881]]]]},"geometry_name":"the_geom","properties":{"nombre":"ESCUELA GASTRONOMICA","localizaci":"CL 3A NO 35 28","servicio":"EDUCACION","tipo":"ESCSUPER","nivel":"EDUCACION NO FORMAL","propiedad":"PRIV","escala":"LOCAL","permanenci":"NO","estruc_eco":"NO","url1":null}},{"type":"Feature","id":"eqp_uco_educacion.2713","geometry":{"type":"MultiPolygon","coordinates":[[[[-76.54616131,3.42873224],[-76.54610011,3.42873425],[-76.54609037,3.42871032],[-76.54607631,3.42867433],[-76.5460161,3.42852432],[-76.54600601,3.42849931],[-76.54599122,3.42846134],[-76.54600023,3.42846232],[-76.54607511,3.42845832],[-76.54608917,3.42849323],[-76.54612198,3.42857826],[-76.54612522,3.42858627],[-76.54613424,3.42861021],[-76.54613712,3.42861723],[-76.54617029,3.42870226],[-76.54617137,3.42870523],[-76.54618219,3.42873223],[-76.54616131,3.42873224]]]]},"geometry_name":"the_geom","properties":{"nombre":"C.E.N.C.O.E.S","localizaci":"KR 38 NO 4C 47","servicio":"EDUCACION","tipo":"ESCTSUPER","nivel":"EDUCACION SUPERIOR","propiedad":"PRIV","escala":"ZONAL","permanenci":"NO","estruc_eco":"NO","url1":null}},{"type":"Feature","id":"eqp_uco_educacion.2714","geometry":{"type":"MultiPolygon","coordinates":[[[[-76.54633707,3.42822239],[-76.54628917,3.42819848],[-76.54616601,3.42813753],[-76.54614117,3.42812557],[-76.54611704,3.42811352],[-76.54615911,3.42803052],[-76.54618504,3.42804346],[-76.54625202,3.42807645],[-76.54641335,3.42815439],[-76.54646521,3.42818037],[-76.54636732,3.4282374],[-76.54633707,3.42822239]]]]},"geometry_name":"the_geom","properties":{"nombre":"ESCUELA  T.I.M.D.O.","localizaci":"KR 38 NO 4C  10","servicio":"EDUCACION","tipo":"ESCTSUPER","nivel":"EDUCACION NO FORMAL","propiedad":"PRIV","escala":"LOCAL","permanenci":"NO","estruc_eco":"NO","url1":null}},{"type":"Feature","id":"eqp_uco_educacion.2715","geometry":{"type":"MultiPolygon","coordinates":[[[[-76.54411887,3.42684255],[-76.54408211,3.42676354],[-76.54410478,3.42674652],[-76.54411593,3.4267385],[-76.544257,3.42663348],[-76.54432969,3.42658042],[-76.54434699,3.42661641],[-76.54436682,3.42665834],[-76.54433191,3.42668438],[-76.54432184,3.42669239],[-76.54414083,3.42682651],[-76.54412895,3.42683552],[-76.54411887,3.42684255]]]]},"geometry_name":"the_geom","properties":{"nombre":"LIGA VALLECAUCANA DE RADIO AFICIONADOS","localizaci":"KR 38 NO 5B2 26","servicio":"EDUCACION","tipo":"ESCTSUPER","nivel":"EDUCACION NO FORMAL","propiedad":"PRIV","escala":"LOCAL","permanenci":"NO","estruc_eco":"NO","url1":null}},{"type":"Feature","id":"eqp_uco_educacion.2716","geometry":{"type":"MultiPolygon","coordinates":[[[[-76.53022897,3.4614026],[-76.53031013,3.46135195],[-76.53039507,3.46129355],[-76.53043754,3.46126772],[-76.53049007,3.46123178],[-76.53050348,3.46123852],[-76.53050928,3.46125479],[-76.53052837,3.46128475],[-76.53053342,3.46129375],[-76.53056261,3.46134072],[-76.53046435,3.46140576],[-76.53043664,3.46142485],[-76.53030168,3.46151592],[-76.53022897,3.4614026]]]]},"geometry_name":"the_geom","properties":{"nombre":"ESCUELA SUPERIOR DE TURISMO-HOTELERIA Y GASTRONOMIA DE CALI","localizaci":"CL 19 N NO 5A N  00","servicio":"EDUCACION","tipo":"ESCSUPER","nivel":"EDUCACION SUPERIOR","propiedad":"PRIV","escala":"LOCAL","permanenci":"NO","estruc_eco":"NO","url1":null}},{"type":"Feature","id":"eqp_uco_educacion.2717","geometry":{"type":"MultiPolygon","coordinates":[[[[-76.52937088,3.46262957],[-76.52944606,3.46250856],[-76.52946585,3.46247651],[-76.5295051,3.46250448],[-76.52966718,3.46261645],[-76.52967906,3.46262544],[-76.52968591,3.4626384],[-76.52968808,3.46265343],[-76.529687,3.46266243],[-76.52960427,3.46279451],[-76.52956429,3.46276645],[-76.52950918,3.46272751],[-76.52937088,3.46262957]]]]},"geometry_name":"the_geom","properties":{"nombre":"ESCUELA DE TURISMO Y AZAFATAS DE CALI","localizaci":"AV 5B N NO 21  02","servicio":"EDUCACION","tipo":"ESCSUPER","nivel":"EDUCACION SUPERIOR","propiedad":"PRIV","escala":"URBANA","permanenci":"NO","estruc_eco":"NO","url1":null}},{"type":"Feature","id":"eqp_uco_educacion.2718","geometry":{"type":"MultiPolygon","coordinates":[[[[-76.53639073,3.45722542],[-76.53639181,3.45722344],[-76.53644866,3.45714943],[-76.53648179,3.45717443],[-76.53651457,3.45719934],[-76.53657976,3.45724935],[-76.53666872,3.45731528],[-76.53669682,3.45733632],[-76.5366479,3.45742032],[-76.536609,3.45739136],[-76.53647069,3.4572864],[-76.53639073,3.45722542]]]]},"geometry_name":"the_geom","properties":{"nombre":"FUNDACION CCED","localizaci":"AV 9N NO 10N 88","servicio":"EDUCACION","tipo":"FUNDAUNI","nivel":"EDUCACION SUPERIOR","propiedad":"PRIV","escala":"ZONAL","permanenci":"NO","estruc_eco":"NO","url1":null}},{"type":"Feature","id":"eqp_uco_educacion.3131","geometry":{"type":"MultiPolygon","coordinates":[[[[-76.50719334,3.41893312],[-76.5072591,3.41887071],[-76.50728786,3.4188445],[-76.50740819,3.41897514],[-76.50731534,3.41906451],[-76.50719334,3.41893312]]]]},"geometry_name":"the_geom","properties":{"nombre":"ESCUELA PRIMERO DE MAYO","localizaci":"CL 37 KR 39 ESQUINA","servicio":"EDUCACION","tipo":"ESCUELA","nivel":"EDUCACION BASICA","propiedad":"PRIV","escala":"LOCAL","permanenci":"NO","estruc_eco":"NO","url1":null}},{"type":"Feature","id":"eqp_uco_educacion.2719","geometry":{"type":"MultiPolygon","coordinates":[[[[-76.53203315,3.45700278],[-76.53205834,3.45698081],[-76.53208929,3.45695478],[-76.53209325,3.45695073],[-76.53211016,3.45693578],[-76.5321152,3.45693173],[-76.53214003,3.45691074],[-76.53216234,3.45689174],[-76.53216307,3.45689273],[-76.53218108,3.45691576],[-76.53219621,3.45693672],[-76.53219837,3.45693771],[-76.53223008,3.45698369],[-76.5322344,3.45698971],[-76.53225422,3.45701769],[-76.53226539,3.45703371],[-76.53230214,3.4570867],[-76.5323043,3.45708868],[-76.5323234,3.45711468],[-76.53221939,3.45719574],[-76.53221831,3.45719574],[-76.53220246,3.45717973],[-76.53217833,3.45715373],[-76.53212033,3.45709373],[-76.53210628,3.4570788],[-76.53208935,3.4570618],[-76.53203315,3.45700278]]]]},"geometry_name":"the_geom","properties":{"nombre":"INSTITUTO TECNICO EDUCANDO A COLOMBIA - INTEC","localizaci":"AV 4 NORTE NO 14 08","servicio":"EDUCACION","tipo":"INSTDPTAL","nivel":"EDUCACION SUPERIOR","propiedad":"PUB","escala":"LOCAL","permanenci":"NO","estruc_eco":"NO","url1":null}},{"type":"Feature","id":"eqp_uco_educacion.2720","geometry":{"type":"MultiPolygon","coordinates":[[[[-76.53510563,3.45895224],[-76.53513046,3.45891821],[-76.53522544,3.45879215],[-76.53524235,3.45877018],[-76.53530746,3.45868311],[-76.53538346,3.45873905],[-76.53543461,3.45877709],[-76.53540043,3.45882311],[-76.5353774,3.45885309],[-76.53535438,3.45888514],[-76.53533351,3.45891216],[-76.53530761,3.45894709],[-76.53530149,3.4589561],[-76.5352817,3.45898311],[-76.53526444,3.45900616],[-76.53523277,3.45904722],[-76.53510563,3.45895224]]]]},"geometry_name":"the_geom","properties":{"nombre":"SENA","localizaci":"CL 14 NO 9A N 45","servicio":"EDUCACION","tipo":"ESCTSUPER","nivel":"EDUCACION SUPERIOR","propiedad":"PUB","escala":"URBANA","permanenci":"SI","estruc_eco":"NO","url1":null}},{"type":"Feature","id":"eqp_uco_educacion.2721","geometry":{"type":"MultiPolygon","coordinates":[[[[-76.53103864,3.47078215],[-76.53095941,3.47074016],[-76.5309324,3.47072523],[-76.53090359,3.47070923],[-76.53081355,3.47066032],[-76.53075953,3.47063028],[-76.53079046,3.47056231],[-76.53079261,3.47055727],[-76.53079945,3.47054224],[-76.53082354,3.4704893],[-76.53083325,3.47046823],[-76.53085447,3.47042322],[-76.53088647,3.47035318],[-76.53089546,3.47033418],[-76.53090625,3.47031023],[-76.53094437,3.47022615],[-76.53123138,3.47034804],[-76.53112566,3.4705921],[-76.53111738,3.47059013],[-76.53110444,3.47063207],[-76.53112245,3.47064107],[-76.53109764,3.47069913],[-76.53109152,3.47069716],[-76.5310854,3.47071012],[-76.53104764,3.4707862],[-76.53103864,3.47078215]]]]},"geometry_name":"the_geom","properties":{"nombre":"ACADEMIA DE DIBUJO PROFESIONAL","localizaci":"CL 27 N Av 7 N","servicio":"EDUCACION","tipo":"ESCSUPER","nivel":"EDUCACION SUPERIOR","propiedad":"PRIV","escala":"ZONAL","permanenci":"NO","estruc_eco":"NO","url1":null}},{"type":"Feature","id":"eqp_uco_educacion.2722","geometry":{"type":"MultiPolygon","coordinates":[[[[-76.53235067,3.34379129],[-76.53255192,3.34378515],[-76.53278666,3.34378305],[-76.53276701,3.34405811],[-76.53232993,3.34406833],[-76.53218808,3.34407138],[-76.53190186,3.34407657],[-76.53190576,3.34395848],[-76.53192591,3.34393651],[-76.53193376,3.34379853],[-76.53210189,3.34379943],[-76.53230495,3.34379329],[-76.53235067,3.34379129]]]]},"geometry_name":"the_geom","properties":{"nombre":"INDEARTE","localizaci":"CL 17 NO 121- 76 CASA 76","servicio":"EDUCACION","tipo":"ESCTSUPER","nivel":"EDUCACION NO FORMAL","propiedad":"PRIV","escala":"ZONAL","permanenci":"NO","estruc_eco":"NO","url1":null}},{"type":"Feature","id":"eqp_uco_educacion.2723","geometry":{"type":"MultiPolygon","coordinates":[[[[-76.5350461,3.42052103],[-76.534964,3.42049407],[-76.53495788,3.42049209],[-76.53498088,3.42041702],[-76.53498593,3.42041908],[-76.53499886,3.42037804],[-76.53500103,3.42037902],[-76.53509897,3.42041299],[-76.53510005,3.42041398],[-76.53512994,3.42042396],[-76.53510801,3.42049003],[-76.5350461,3.42052103]]]]},"geometry_name":"the_geom","properties":{"nombre":"ESCUELA DE FORMACION CAMILO TORRES","localizaci":"CL 10 KR 39 13 ESQUINA","servicio":"EDUCACION","tipo":"ESCTSUPER","nivel":"EDUCACION TECNICA","propiedad":"PRIV","escala":"LOCAL","permanenci":"NO","estruc_eco":"NO","url1":null}},{"type":"Feature","id":"eqp_uco_educacion.2724","geometry":{"type":"MultiPolygon","coordinates":[[[[-76.53090664,3.40934856],[-76.53076656,3.40930066],[-76.53064665,3.40926076],[-76.53061352,3.40924872],[-76.5305667,3.40923281],[-76.53051953,3.40921781],[-76.53036577,3.40916587],[-76.53027863,3.40913693],[-76.53007157,3.40906801],[-76.53002656,3.40905102],[-76.53033885,3.40795684],[-76.530364,3.40786583],[-76.53061714,3.40794364],[-76.53063983,3.40795065],[-76.53073993,3.40798057],[-76.53075614,3.4079856],[-76.53102909,3.40807042],[-76.53108202,3.40808641],[-76.53112919,3.40810043],[-76.53130708,3.40815631],[-76.53151125,3.40821921],[-76.53150909,3.40822425],[-76.5315343,3.40823018],[-76.5314732,3.40843326],[-76.53131255,3.4089624],[-76.53123887,3.40920644],[-76.53122162,3.40926244],[-76.53117993,3.40940242],[-76.53116879,3.40943743],[-76.5311389,3.40942647],[-76.53101574,3.40938558],[-76.53095777,3.40936554],[-76.53090664,3.40934856]]]]},"geometry_name":"the_geom","properties":{"nombre":"CEMPROES ( CENTRO PROFESIONAL DE ESTUDIOS TECNICOS Y FINANCIEROS)","localizaci":"CL 14 KR 49 20","servicio":"EDUCACION","tipo":"INSTTINDU","nivel":"EDUCACION BASICA-EDUCACION MEDIA VOCACIONAL","propiedad":"PRIV","escala":"ZONAL","permanenci":"SI","estruc_eco":"NO","url1":null}},{"type":"Feature","id":"eqp_uco_educacion.2725","geometry":{"type":"MultiPolygon","coordinates":[[[[-76.54164766,3.4027398],[-76.54163146,3.40273477],[-76.54151155,3.40269389],[-76.54150471,3.40269191],[-76.54146437,3.40267888],[-76.5414996,3.4025759],[-76.54154534,3.4025918],[-76.54161447,3.40261481],[-76.5416386,3.4026228],[-76.54169838,3.40264374],[-76.54166459,3.40274583],[-76.54164766,3.4027398]]]]},"geometry_name":"the_geom","properties":{"nombre":"CORPORACION GIQ","localizaci":"CL 10 NO 62B 30","servicio":"EDUCACION","tipo":"CORPUNI","nivel":"EDUCACION NO FORMAL","propiedad":"PRIV","escala":"URBANA","permanenci":"SI","estruc_eco":"NO","url1":null}},{"type":"Feature","id":"eqp_uco_educacion.2726","geometry":{"type":"MultiPolygon","coordinates":[[[[-76.55481846,3.40974616],[-76.55427622,3.40970135],[-76.5543196,3.40916633],[-76.55407715,3.40914458],[-76.55403353,3.4096813],[-76.55198572,3.40951207],[-76.55207111,3.40874479],[-76.55216573,3.40786844],[-76.55259491,3.40792066],[-76.55291568,3.40795162],[-76.55312242,3.40797233],[-76.55321895,3.40798231],[-76.55366463,3.40802766],[-76.55375136,3.40803519],[-76.55397649,3.40805444],[-76.55432102,3.4080933],[-76.55428606,3.4084756],[-76.55490038,3.40854566],[-76.55481846,3.40974616]]]]},"geometry_name":"the_geom","properties":{"nombre":"SEMINARIO TEOLOGICO BAUTISTA INTERNACIONAL","localizaci":"KR 56 NO 1B 112","servicio":"EDUCACION","tipo":"ESCSUPER","nivel":"EDUCACION TECNICA","propiedad":"PRIV","escala":"LOCAL","permanenci":"NO","estruc_eco":"NO","url1":null}},{"type":"Feature","id":"eqp_uco_educacion.2727","geometry":{"type":"MultiPolygon","coordinates":[[[[-76.5389687,3.42049925],[-76.53898092,3.42045821],[-76.53925972,3.42054482],[-76.53924885,3.42058506],[-76.53924598,3.42059505],[-76.53923483,3.42062512],[-76.53922585,3.42065707],[-76.53921507,3.42069308],[-76.53920608,3.4207191],[-76.53893097,3.42062627],[-76.5389687,3.42049925]]]]},"geometry_name":"the_geom","properties":{"nombre":"SENA CENTRO DE CAPACITACION","localizaci":"CL 8A NO 39  105","servicio":"EDUCACION","tipo":"ESCTSUPER","nivel":"EDUCACION SUPERIOR","propiedad":"PUB","escala":"LOCAL","permanenci":"NO","estruc_eco":"NO","url1":null}},{"type":"Feature","id":"eqp_uco_educacion.2728","geometry":{"type":"MultiPolygon","coordinates":[[[[-76.52995988,3.42422271],[-76.52999084,3.42421972],[-76.52999192,3.42421774],[-76.53007185,3.42420969],[-76.53011182,3.42422262],[-76.53033003,3.42429451],[-76.53034927,3.42458054],[-76.52999827,3.42464274],[-76.5298503,3.4246538],[-76.5298431,3.42465479],[-76.52962098,3.4246749],[-76.52954501,3.42468196],[-76.52944421,3.42469101],[-76.52944529,3.42468606],[-76.52951214,3.42448099],[-76.52953083,3.42442293],[-76.52958403,3.4242599],[-76.52962291,3.42425493],[-76.52981696,3.42423682],[-76.52984576,3.42423375],[-76.52995988,3.42422271]]]]},"geometry_name":"the_geom","properties":{"nombre":"INSTITUTO TECNICO INDUSTRIAL JOSE MARIA CARBONELL","localizaci":"CL 12 KR 32A ESQUINA","servicio":"EDUCACION","tipo":"INSTTINDU","nivel":"EDUCACION BASICA-EDUCACION MEDIA VOCACIONAL","propiedad":"PUB","escala":"LOCAL","permanenci":"NO","estruc_eco":"NO","url1":null}},{"type":"Feature","id":"eqp_uco_educacion.2729","geometry":{"type":"MultiPolygon","coordinates":[[[[-76.52873191,3.42129506],[-76.52876003,3.42136201],[-76.52881191,3.42143695],[-76.52884902,3.42147501],[-76.52906904,3.42156381],[-76.52908707,3.42160385],[-76.52898102,3.42191092],[-76.52880601,3.42184],[-76.52848803,3.42170516],[-76.52846785,3.42167322],[-76.52844893,3.42130817],[-76.52843765,3.42108712],[-76.52843654,3.42102115],[-76.52871663,3.421003],[-76.52872065,3.42110002],[-76.52872864,3.42124304],[-76.52873191,3.42129506]]]]},"geometry_name":"the_geom","properties":{"nombre":"INSTITUTO EDUCATIVO TECNICO INDUSTRIAL JOSE MARIA CARBONEL","localizaci":"CL 13B KR 36A ESQUINA","servicio":"EDUCACION","tipo":"INSTTINDU","nivel":"EDUCACION BASICA-EDUCACION MEDIA VOCACIONAL","propiedad":"PUB","escala":"ZONAL","permanenci":"NO","estruc_eco":"NO","url1":null}},{"type":"Feature","id":"eqp_uco_educacion.2730","geometry":{"type":"MultiPolygon","coordinates":[[[[-76.51771883,3.43214658],[-76.51776578,3.4317445],[-76.51777367,3.4316895],[-76.51839188,3.43175919],[-76.51838687,3.43181319],[-76.51837684,3.43189817],[-76.51834996,3.43212823],[-76.51833706,3.43225425],[-76.51831402,3.43225219],[-76.51828126,3.43224924],[-76.51793993,3.43221045],[-76.51771705,3.43218852],[-76.51771883,3.43214658]]]]},"geometry_name":"the_geom","properties":{"nombre":"INSTITUCION EDUCATIVA TECNICO INDUSTRIAL 10 DE MAYO","localizaci":"KR 25B NO 25 20","servicio":"EDUCACION","tipo":"INSTTINDU","nivel":"EDUCACION PREESCOLAR_EDUCACION BASICA_EDUCACION MEDIA VOCACIONAL","propiedad":"PRIV","escala":"ZONAL","permanenci":"NO","estruc_eco":"NO","url1":null}},{"type":"Feature","id":"eqp_uco_educacion.2731","geometry":{"type":"MultiPolygon","coordinates":[[[[-76.51391897,3.4252732],[-76.51385704,3.42526819],[-76.51387674,3.42507116],[-76.51393975,3.42507715],[-76.51391897,3.4252732]]]]},"geometry_name":"the_geom","properties":{"nombre":"INSTITUTO TECNICO","localizaci":"KR 32 NO 30A 25","servicio":"EDUCACION","tipo":"INSTTINDU","nivel":"EDUCACION BASICA-EDUCACION MEDIA VOCACIONAL","propiedad":"PRIV","escala":"LOCAL","permanenci":"NO","estruc_eco":"NO","url1":null}},{"type":"Feature","id":"eqp_uco_educacion.2732","geometry":{"type":"MultiPolygon","coordinates":[[[[-76.52296597,3.4699383],[-76.52293429,3.46993426],[-76.52289324,3.46992933],[-76.52287416,3.46992737],[-76.52284211,3.46992333],[-76.52273518,3.46990944],[-76.52273302,3.46990944],[-76.52273194,3.46990944],[-76.52273122,3.46990944],[-76.52266209,3.46990048],[-76.52269014,3.46985546],[-76.52270597,3.46982944],[-76.52274198,3.46983437],[-76.52281003,3.46984334],[-76.52291805,3.46985732],[-76.52301094,3.46987023],[-76.52300198,3.46994224],[-76.52299118,3.46994125],[-76.52296597,3.4699383]]]]},"geometry_name":"the_geom","properties":{"nombre":"INSTITUTO TECNICO DEL VALLE","localizaci":"AV 3 N NO 32-50","servicio":"EDUCACION","tipo":"INSTTINDU","nivel":"EDUCACION BASICA-EDUCACION MEDIA VOCACIONAL","propiedad":"PRIV","escala":"LOCAL","permanenci":"NO","estruc_eco":"NO","url1":null}},{"type":"Feature","id":"eqp_uco_educacion.2733","geometry":{"type":"MultiPolygon","coordinates":[[[[-76.52013545,3.47467215],[-76.5201484,3.47465207],[-76.5201984,3.47457311],[-76.52020452,3.47456312],[-76.52025128,3.47448803],[-76.52026243,3.47447002],[-76.52029844,3.47449205],[-76.52035643,3.47452901],[-76.52034636,3.47454396],[-76.52030427,3.47461104],[-76.52029744,3.47462202],[-76.52029132,3.47463202],[-76.52028628,3.47464003],[-76.5202424,3.47471107],[-76.5202406,3.47471305],[-76.52022945,3.47473204],[-76.52013545,3.47467215]]]]},"geometry_name":"the_geom","properties":{"nombre":"INSTITUTO COLOMBIANO DE COMUNICACIÓN","localizaci":"CL 38 N NO 3N-51","servicio":"EDUCACION","tipo":"INSTDPTAL","nivel":"EDUCACION TECNICA","propiedad":"PRIV","escala":"LOCAL","permanenci":"NO","estruc_eco":"NO","url1":null}},{"type":"Feature","id":"eqp_uco_educacion.2734","geometry":{"type":"MultiPolygon","coordinates":[[[[-76.5196865,3.47468833],[-76.51974621,3.47459136],[-76.51989639,3.47468524],[-76.5198874,3.47469929],[-76.51988344,3.47470523],[-76.51983452,3.47478527],[-76.51980643,3.47476729],[-76.51971639,3.47470739],[-76.5196865,3.47468833]]]]},"geometry_name":"the_geom","properties":{"nombre":"CORPORACION GIQ","localizaci":"AV 3N NO 38N-15","servicio":"EDUCACION","tipo":"CORPUNI","nivel":"EDUCACION NO FORMAL","propiedad":"PRIV","escala":"LOCAL","permanenci":"NO","estruc_eco":"NO","url1":null}},{"type":"Feature","id":"eqp_uco_educacion.2754","geometry":{"type":"MultiPolygon","coordinates":[[[[-76.52573656,3.46630128],[-76.52580676,3.46628523],[-76.52592483,3.46625717],[-76.52596659,3.46624815],[-76.52598175,3.46632113],[-76.52594179,3.46633114],[-76.52585072,3.46635226],[-76.52583272,3.46635623],[-76.5258068,3.46636227],[-76.5257546,3.46637427],[-76.52574883,3.46634826],[-76.52574666,3.46633926],[-76.52574269,3.46632324],[-76.52573656,3.46630128]]]]},"geometry_name":"the_geom","properties":{"nombre":"ACADEMIA DE AUTOMOVILISMO","localizaci":"AV 4N NO 23DN-28","servicio":"EDUCACION","tipo":"ESCCONDUCC","nivel":"EDUCACION NO FORMAL","propiedad":"PRIV","escala":"LOCAL","permanenci":"NO","estruc_eco":"NO","url1":null}},{"type":"Feature","id":"eqp_uco_educacion.2735","geometry":{"type":"MultiPolygon","coordinates":[[[[-76.51007106,3.48123404],[-76.51010414,3.481145],[-76.51013007,3.48116002],[-76.51016608,3.48118196],[-76.51019418,3.48119896],[-76.51022911,3.48121892],[-76.51024496,3.48122791],[-76.51026801,3.48124194],[-76.51025398,3.48126499],[-76.51018528,3.48138897],[-76.51018204,3.48139302],[-76.51014607,3.48145703],[-76.51014319,3.48145406],[-76.51013238,3.48144399],[-76.51010933,3.48141403],[-76.51009023,3.48138209],[-76.51007725,3.48134708],[-76.51007003,3.48130901],[-76.51006822,3.48129002],[-76.51006712,3.48127103],[-76.51007106,3.48123404]]]]},"geometry_name":"the_geom","properties":{"nombre":"FUNDACION LIDERAZGO EMPRESARIAL POR COLOMBIA","localizaci":"CL 52 NO 2N 05","servicio":"EDUCACION","tipo":"FUNDAUNI","nivel":"EDUCACION TECNICA","propiedad":"PRIV","escala":"LOCAL","permanenci":"NO","estruc_eco":"NO","url1":null}},{"type":"Feature","id":"eqp_uco_educacion.2736","geometry":{"type":"MultiPolygon","coordinates":[[[[-76.5158093,3.47864575],[-76.51587513,3.47854167],[-76.51587513,3.47854068],[-76.51589311,3.47851267],[-76.51589527,3.4785097],[-76.51591218,3.47848269],[-76.51593412,3.47844866],[-76.51596398,3.47839968],[-76.51599096,3.47835763],[-76.51604887,3.47826561],[-76.51604995,3.47826462],[-76.51606902,3.47823356],[-76.51636208,3.47841652],[-76.51662113,3.47857825],[-76.51662042,3.47858032],[-76.51662114,3.47858032],[-76.51637544,3.47896748],[-76.51635458,3.47899548],[-76.51627012,3.47894128],[-76.51625591,3.47896066],[-76.51610934,3.47886884],[-76.51612047,3.47884359],[-76.51612047,3.4788426],[-76.5158093,3.47864575]]]]},"geometry_name":"the_geom","properties":{"nombre":"CORPORACION DE EDUCACION SUPERIOR","localizaci":"AV 3N NO 44 - 100","servicio":"EDUCACION","tipo":"CORPUNI","nivel":"EDUCACION TECNICA","propiedad":"PRIV","escala":"ZONAL","permanenci":"SI","estruc_eco":"NO","url1":null}},{"type":"Feature","id":"eqp_uco_educacion.2737","geometry":{"type":"MultiPolygon","coordinates":[[[[-76.52352355,3.47838937],[-76.52353434,3.4783594],[-76.52359042,3.47820231],[-76.52360444,3.47816333],[-76.52365629,3.47818229],[-76.52370527,3.47820026],[-76.52368226,3.47826427],[-76.52367255,3.47829128],[-76.52363661,3.47839228],[-76.52363337,3.47840128],[-76.52362438,3.47842631],[-76.52352355,3.47838937]]]]},"geometry_name":"the_geom","properties":{"nombre":"CENTRO SUPERIOR DE ESTUDIOS TRIBUTARIOS","localizaci":"CL 40 N NO 4N  73","servicio":"EDUCACION","tipo":"ESCSUPER","nivel":"EDUCACION TECNICA","propiedad":"PRIV","escala":"LOCAL","permanenci":"NO","estruc_eco":"NO","url1":null}},{"type":"Feature","id":"eqp_uco_educacion.2738","geometry":{"type":"MultiPolygon","coordinates":[[[[-76.49335807,3.45131448],[-76.49317372,3.45128056],[-76.49315679,3.45127661],[-76.49317798,3.45117057],[-76.4933789,3.45121042],[-76.49337495,3.4512305],[-76.49337387,3.45123347],[-76.49335807,3.45131448]]]]},"geometry_name":"the_geom","properties":{"nombre":"COORPORACION NACIONAL DE ESTUDIOS","localizaci":"KR 8B NO 58 105","servicio":"EDUCACION","tipo":"CORPUNI","nivel":"EDUCACION BASICA-EDUCACION MEDIA VOCACIONAL","propiedad":"PRIV","escala":"LOCAL","permanenci":"NO","estruc_eco":"NO","url1":null}},{"type":"Feature","id":"eqp_uco_educacion.2739","geometry":{"type":"MultiPolygon","coordinates":[[[[-76.49597375,3.44283417],[-76.49593955,3.44283122],[-76.49582649,3.4428212],[-76.49579445,3.44281825],[-76.49577644,3.44281727],[-76.49578254,3.44276524],[-76.49581854,3.4427672],[-76.49582142,3.4427672],[-76.49586067,3.44277024],[-76.49586571,3.44277024],[-76.4959406,3.44277614],[-76.49604573,3.4427831],[-76.49604072,3.44283909],[-76.49597375,3.44283417]]]]},"geometry_name":"the_geom","properties":{"nombre":"INSTITUTO FUKLIN ENFERMERIA Y GERONTOLOGIA","localizaci":"CL 57 NO 15  69","servicio":"EDUCACION","tipo":"ESCTSUPER","nivel":"EDUCACION TECNICA","propiedad":"PRIV","escala":"LOCAL","permanenci":"NO","estruc_eco":"NO","url1":null}},{"type":"Feature","id":"eqp_uco_educacion.2740","geometry":{"type":"MultiPolygon","coordinates":[[[[-76.49901941,3.44961227],[-76.4990255,3.44955331],[-76.49922244,3.4495722],[-76.49922136,3.44957319],[-76.49921743,3.44961819],[-76.49921671,3.44963116],[-76.49901941,3.44961227]]]]},"geometry_name":"the_geom","properties":{"nombre":"COORPORACION INSGE (EDUCACION TECNICA)","localizaci":"CL 52 NO 11  30","servicio":"EDUCACION","tipo":"ESCTSUPER","nivel":"EDUCACION TECNICA","propiedad":"PUB","escala":"LOCAL","permanenci":"NO","estruc_eco":"NO","url1":null}},{"type":"Feature","id":"eqp_uco_educacion.2741","geometry":{"type":"MultiPolygon","coordinates":[[[[-76.50729945,3.44677485],[-76.50749164,3.44671216],[-76.50749615,3.44672604],[-76.50757361,3.44670428],[-76.50757924,3.44672352],[-76.50761206,3.44682953],[-76.5076694,3.44701347],[-76.50760641,3.44703448],[-76.50760426,3.44706256],[-76.50752038,3.44706359],[-76.50752434,3.44707259],[-76.50748835,3.44708557],[-76.50747934,3.44707856],[-76.50742428,3.44711666],[-76.50741348,3.4471236],[-76.50741132,3.44712459],[-76.50741024,3.44712567],[-76.50741421,3.44713665],[-76.50742034,3.44716058],[-76.5074063,3.44716563],[-76.50739234,3.44717013],[-76.50729945,3.44677485]]]]},"geometry_name":"the_geom","properties":{"nombre":"ITENALCO LAS AMERICAS","localizaci":"KR 12 38 58","servicio":"EDUCACION","tipo":"INSTTCOM","nivel":"EDUCACION BASICA-EDUCACION MEDIA VOCACIONAL","propiedad":"PUB","escala":"ZONAL","permanenci":"NO","estruc_eco":"NO","url1":null}},{"type":"Feature","id":"eqp_uco_educacion.2742","geometry":{"type":"MultiPolygon","coordinates":[[[[-76.53691479,3.44919338],[-76.53707748,3.44911823],[-76.5370908,3.44911228],[-76.5372127,3.4494942],[-76.53713891,3.44953627],[-76.53709896,3.44956032],[-76.53704785,3.44958933],[-76.53691985,3.44923739],[-76.53692885,3.44923037],[-76.53691479,3.44919338]]]]},"geometry_name":"the_geom","properties":{"nombre":"CORPORACION EDUCATIVA ALEXANDER VON HUMBOLDT","localizaci":"CL 5 NO 5 33","servicio":"EDUCACION","tipo":"CENTEDUC","nivel":"EDUCACION BASICA-EDUCACION MEDIA VOCACIONAL","propiedad":"PRIV","escala":"LOCAL","permanenci":"NO","estruc_eco":"NO","url1":null}},{"type":"Feature","id":"eqp_uco_educacion.2743","geometry":{"type":"MultiPolygon","coordinates":[[[[-76.53640525,3.45034968],[-76.53630209,3.45000772],[-76.53628514,3.44994977],[-76.53642984,3.44988065],[-76.53645683,3.44986867],[-76.53648208,3.44994966],[-76.53657406,3.45026958],[-76.53640525,3.45034968]]]]},"geometry_name":"the_geom","properties":{"nombre":"ESTUDIO DE ACTORES","localizaci":"KR 4 NO 6 42","servicio":"EDUCACION","tipo":"ESCARTE","nivel":"EDUCACION NO FORMAL","propiedad":"PRIV","escala":"LOCAL","permanenci":"NO","estruc_eco":"NO","url1":null}},{"type":"Feature","id":"eqp_uco_educacion.2744","geometry":{"type":"MultiPolygon","coordinates":[[[[-76.53596103,3.44826202],[-76.53604192,3.44824079],[-76.53605996,3.44830378],[-76.53588897,3.44835383],[-76.53585729,3.44836393],[-76.53584504,3.44833891],[-76.53583602,3.44831786],[-76.53583025,3.44829887],[-76.53589164,3.44828236],[-76.53596103,3.44826202]]]]},"geometry_name":"the_geom","properties":{"nombre":"INSTITUTO COLOMBIA","localizaci":"CL 6 NO 6  31","servicio":"EDUCACION","tipo":"EDUCALTER","nivel":"EDUCACION NO FORMAL","propiedad":"PRIV","escala":"LOCAL","permanenci":"NO","estruc_eco":"NO","url1":null}},{"type":"Feature","id":"eqp_uco_educacion.2745","geometry":{"type":"MultiPolygon","coordinates":[[[[-76.53609106,3.44841656],[-76.53612894,3.4485556],[-76.53613003,3.44856856],[-76.53612607,3.44858161],[-76.53611888,3.44859062],[-76.53598894,3.44865765],[-76.53595794,3.44858666],[-76.53590784,3.44847769],[-76.5358909,3.44843872],[-76.53587576,3.4484057],[-76.53586675,3.44838572],[-76.5358617,3.44837376],[-76.53585701,3.44836377],[-76.53588869,3.44835367],[-76.53605968,3.44830362],[-76.53606292,3.44831163],[-76.53609106,3.44841656]]]]},"geometry_name":"the_geom","properties":{"nombre":"INSTITUTO EDUCATIVO DEL VALLE","localizaci":"CL 6 NO 6 25","servicio":"EDUCACION","tipo":"INSTTCOM","nivel":"EDUCACION BASICA-EDUCACION MEDIA VOCACIONAL","propiedad":"PRIV","escala":"LOCAL","permanenci":"NO","estruc_eco":"NO","url1":null}},{"type":"Feature","id":"eqp_uco_educacion.2746","geometry":{"type":"MultiPolygon","coordinates":[[[[-76.53480707,3.44835343],[-76.5346872,3.44838553],[-76.534663,3.44824757],[-76.53464278,3.4481375],[-76.5346939,3.44812353],[-76.53475078,3.44810945],[-76.53480707,3.44835343]]]]},"geometry_name":"the_geom","properties":{"nombre":"INSTITUTO ALFEREZ REAL","localizaci":"KR 8 NO 7 54","servicio":"EDUCACION","tipo":"CENTEDUC","nivel":"EDUCACION BASICA-EDUCACION MEDIA VOCACIONAL","propiedad":"PRIV","escala":"LOCAL","permanenci":"NO","estruc_eco":"NO","url1":null}},{"type":"Feature","id":"eqp_uco_educacion.2747","geometry":{"type":"MultiPolygon","coordinates":[[[[-76.53477084,3.44792844],[-76.5348018,3.44792042],[-76.53483564,3.44791041],[-76.53513478,3.44782726],[-76.5351557,3.44789925],[-76.5350837,3.44791927],[-76.53502395,3.44793632],[-76.534939,3.44796138],[-76.5349048,3.44797139],[-76.534822,3.44799439],[-76.53478673,3.44800449],[-76.53478095,3.44797542],[-76.53477084,3.44792844]]]]},"geometry_name":"the_geom","properties":{"nombre":"CEDUCAT","localizaci":"CL 7  NO  8   39","servicio":"EDUCACION","tipo":"CENTEDUC","nivel":"EDUCACION BASICA-EDUCACION MEDIA VOCACIONAL","propiedad":"PRIV","escala":"LOCAL","permanenci":"NO","estruc_eco":"NO","url1":null}},{"type":"Feature","id":"eqp_uco_educacion.2748","geometry":{"type":"MultiPolygon","coordinates":[[[[-76.53476795,3.44791242],[-76.53476074,3.44788948],[-76.53475966,3.44788444],[-76.53474776,3.44784448],[-76.53474487,3.44783449],[-76.53491766,3.4477894],[-76.5349389,3.44778335],[-76.53499866,3.4477673],[-76.53502889,3.44776026],[-76.53510773,3.44773826],[-76.53512684,3.44780026],[-76.53513478,3.44782726],[-76.53483564,3.44791041],[-76.5348018,3.44792042],[-76.53477084,3.44792844],[-76.53476795,3.44791242]]]]},"geometry_name":"the_geom","properties":{"nombre":"ACADEARTES","localizaci":"CL 7 NO 8 51","servicio":"EDUCACION","tipo":"ESCARTE","nivel":"EDUCACION NO FORMAL","propiedad":"PRIV","escala":"LOCAL","permanenci":"NO","estruc_eco":"NO","url1":null}},{"type":"Feature","id":"eqp_uco_educacion.2749","geometry":{"type":"MultiPolygon","coordinates":[[[[-76.53552857,3.447678],[-76.53549761,3.44768503],[-76.53549689,3.44767603],[-76.53548462,3.44763203],[-76.53541644,3.44737204],[-76.53557952,3.44734594],[-76.53564481,3.44757299],[-76.53566681,3.44764795],[-76.53565277,3.447653],[-76.53559481,3.44766797],[-76.53559265,3.44765798],[-76.53552857,3.447678]]]]},"geometry_name":"the_geom","properties":{"nombre":"LICEO MAYOR TECNICO DEL VALLE","localizaci":"KR 9 NO  6   37","servicio":"EDUCACION","tipo":"LICEO","nivel":"EDUCACION  PREESCOLAR_BASICA_MEDIA VOCACIONAL","propiedad":"PRIV","escala":"LOCAL","permanenci":"NO","estruc_eco":"NO","url1":null}},{"type":"Feature","id":"eqp_uco_educacion.2750","geometry":{"type":"MultiPolygon","coordinates":[[[[-76.52326967,3.46305848],[-76.52330567,3.46304946],[-76.52332762,3.4630444],[-76.52335678,3.46303836],[-76.52335859,3.46304835],[-76.52336292,3.46306437],[-76.52337664,3.46313141],[-76.52338097,3.46315238],[-76.52339685,3.46322735],[-76.52340191,3.46326137],[-76.52331479,3.46327942],[-76.52330793,3.46324639],[-76.52328591,3.46313344],[-76.52328086,3.46311139],[-76.52327183,3.46306541],[-76.52326967,3.46305848]]]]},"geometry_name":"the_geom","properties":{"nombre":"COLEGIO NUEVO MILENIO","localizaci":"AV 2C N NO 24N-80","servicio":"EDUCACION","tipo":"COLEGIO","nivel":"EDUCACION BASICA-EDUCACION MEDIA VOCACIONAL","propiedad":"PRIV","escala":"LOCAL","permanenci":"NO","estruc_eco":"NO","url1":null}},{"type":"Feature","id":"eqp_uco_educacion.2751","geometry":{"type":"MultiPolygon","coordinates":[[[[-76.52367232,3.46397928],[-76.52376124,3.46396024],[-76.52376846,3.46399525],[-76.5237865,3.46407823],[-76.52379336,3.46411125],[-76.52379733,3.46412718],[-76.52380347,3.46415922],[-76.52380852,3.46418325],[-76.52380132,3.46418424],[-76.52378044,3.46418921],[-76.52377432,3.4641902],[-76.52373436,3.46419823],[-76.52371924,3.4642013],[-76.52367918,3.46401429],[-76.52367232,3.46397928]]]]},"geometry_name":"the_geom","properties":{"nombre":"INGE COMPUTO CALI","localizaci":"AV. 2D N  No. 24N-57","servicio":"EDUCACION","tipo":"SISTEM","nivel":"EDUCACION NO FORMAL","propiedad":"PRIV","escala":"LOCAL","permanenci":"NO","estruc_eco":"NO","url1":null}},{"type":"Feature","id":"eqp_uco_educacion.2752","geometry":{"type":"MultiPolygon","coordinates":[[[[-76.52601032,3.46388899],[-76.52595449,3.46385203],[-76.52595341,3.46385104],[-76.52597356,3.46381701],[-76.52598147,3.46380503],[-76.52599334,3.46378603],[-76.52600953,3.46376001],[-76.52608615,3.46363594],[-76.52610737,3.46360191],[-76.52618229,3.4636529],[-76.52616142,3.46368694],[-76.52616034,3.46368892],[-76.52612149,3.46375194],[-76.52609847,3.46379093],[-76.52603049,3.46390302],[-76.52601032,3.46388899]]]]},"geometry_name":"the_geom","properties":{"nombre":"ESCUELA DE AVIACION","localizaci":"CL 23A N NO 3N-56","servicio":"EDUCACION","tipo":"EDUCALTER","nivel":"EDUCACION TECNICA","propiedad":"PRIV","escala":"ZONAL","permanenci":"NO","estruc_eco":"NO","url1":null}},{"type":"Feature","id":"eqp_uco_educacion.2753","geometry":{"type":"MultiPolygon","coordinates":[[[[-76.52975197,3.46426101],[-76.52975484,3.464244],[-76.52975699,3.46422896],[-76.52976704,3.46417595],[-76.52978901,3.46418998],[-76.52979982,3.46419798],[-76.52983511,3.46421992],[-76.52984876,3.46414593],[-76.52987901,3.46416391],[-76.52989305,3.46417291],[-76.52997301,3.46422183],[-76.53004216,3.46426283],[-76.53009186,3.46429377],[-76.5300919,3.46437882],[-76.53009303,3.46446279],[-76.53000515,3.46441082],[-76.52988594,3.46433987],[-76.52985389,3.4643209],[-76.52981896,3.46429994],[-76.52975197,3.46426101]]]]},"geometry_name":"the_geom","properties":{"nombre":"ESCUELA DE TURISMO Y AZAFATAS","localizaci":"AV 6N NO 22-46","servicio":"EDUCACION","tipo":"EDUCALTER","nivel":"EDUCACION TECNICA","propiedad":"PRIV","escala":"ZONAL","permanenci":"NO","estruc_eco":"NO","url1":null}},{"type":"Feature","id":"eqp_uco_educacion.2755","geometry":{"type":"MultiPolygon","coordinates":[[[[-76.52912144,3.46737752],[-76.52913154,3.46741847],[-76.5291485,3.46748245],[-76.5291107,3.46749147],[-76.5290945,3.46749454],[-76.52908082,3.46749752],[-76.52906678,3.4675005],[-76.52899875,3.46751655],[-76.52896455,3.46752359],[-76.5289465,3.46744458],[-76.52898178,3.46743556],[-76.52909373,3.46740751],[-76.52908976,3.46738555],[-76.52912144,3.46737752]]]]},"geometry_name":"the_geom","properties":{"nombre":"POLITECNICO CORPORACION TECNICA SEDE CALI","localizaci":"AV 5B CL 25 N","servicio":"EDUCACION","tipo":"POLITEC","nivel":"EDUCACION TECNICA","propiedad":"PRIV","escala":"LOCAL","permanenci":"NO","estruc_eco":"NO","url1":null}},{"type":"Feature","id":"eqp_uco_educacion.2756","geometry":{"type":"MultiPolygon","coordinates":[[[[-76.52503379,3.47229702],[-76.52506462,3.47205903],[-76.5250657,3.47205498],[-76.52506964,3.47202401],[-76.52519062,3.47203997],[-76.52518775,3.47206796],[-76.52518668,3.47207597],[-76.52516804,3.47222395],[-76.52516481,3.47224897],[-76.52515692,3.47231198],[-76.52503379,3.47229702]]]]},"geometry_name":"the_geom","properties":{"nombre":"KOE CORPORATION","localizaci":"C 34     N   2    B  68","servicio":"EDUCACION","tipo":"CENTIDIOM","nivel":"EDUCACION NO FORMAL","propiedad":"PRIV","escala":"LOCAL","permanenci":"NO","estruc_eco":"NO","url1":null}},{"type":"Feature","id":"eqp_uco_educacion.2757","geometry":{"type":"MultiPolygon","coordinates":[[[[-76.52378069,3.46786416],[-76.52384437,3.46785257],[-76.52385269,3.46787948],[-76.52385534,3.46788798],[-76.52388251,3.46797496],[-76.52390102,3.46803426],[-76.52387832,3.46804079],[-76.52385433,3.4680477],[-76.52383738,3.46805259],[-76.52377494,3.46807056],[-76.52376599,3.46807314],[-76.52373706,3.46808147],[-76.52369004,3.46791642],[-76.52369409,3.46790034],[-76.52370349,3.4678867],[-76.52371702,3.46787723],[-76.52372816,3.46787372],[-76.52378069,3.46786416]]]]},"geometry_name":"the_geom","properties":{"nombre":"ESCUELA SUPERIOR DE ADMINISTRACION PUBLICA  DEL VALLE DEL CAUCA","localizaci":"AV 2 BIS N  NO 24 A N _25","servicio":"EDUCACION","tipo":"ESCSUPER","nivel":"EDUCACION TECNICA","propiedad":"PRIV","escala":"URBANA","permanenci":"NO","estruc_eco":"NO","url1":null}},{"type":"Feature","id":"eqp_uco_educacion.2758","geometry":{"type":"MultiPolygon","coordinates":[[[[-76.52788861,3.46528336],[-76.52778316,3.46530746],[-76.52777544,3.46527276],[-76.52775441,3.4651782],[-76.52774638,3.46514213],[-76.5277243,3.46504344],[-76.52775848,3.46501666],[-76.52781836,3.46497201],[-76.52782565,3.46500422],[-76.52783464,3.4650439],[-76.52783864,3.46506155],[-76.52785104,3.46511626],[-76.52785985,3.46515512],[-76.52788083,3.46524772],[-76.52788175,3.46525176],[-76.52788861,3.46528336]]]]},"geometry_name":"the_geom","properties":{"nombre":"INSTITUTO NACIONAL DE SISTEMAS","localizaci":"AV VASQUEZ COBO 26N_23","servicio":"EDUCACION","tipo":"SISTEM","nivel":"EDUCACION NO FORMAL","propiedad":"PRIV","escala":"LOCAL","permanenci":"NO","estruc_eco":"NO","url1":null}},{"type":"Feature","id":"eqp_uco_educacion.2759","geometry":{"type":"MultiPolygon","coordinates":[[[[-76.52553398,3.46488455],[-76.52544852,3.46490251],[-76.52544634,3.46487549],[-76.52544436,3.46485097],[-76.52543056,3.46468],[-76.52542698,3.46463558],[-76.52542566,3.46461924],[-76.52540674,3.46438484],[-76.52543294,3.46440137],[-76.52543482,3.46440263],[-76.52547901,3.46443229],[-76.52550796,3.46445171],[-76.52551304,3.464455],[-76.5255181,3.46445833],[-76.52551991,3.46450708],[-76.52552066,3.46452726],[-76.52552251,3.46457696],[-76.52552312,3.46459331],[-76.52552373,3.46460966],[-76.5255325,3.46484481],[-76.52553266,3.46484914],[-76.52553281,3.46485296],[-76.52553398,3.46488455]]]]},"geometry_name":"the_geom","properties":{"nombre":"LICEO INFANTIL GRAN SABIDURIA","localizaci":"CL 23 C AV 5 A N","servicio":"EDUCACION","tipo":"LICEO","nivel":"EDUCACION PREESCOLAR","propiedad":"PRIV","escala":"LOCAL","permanenci":"NO","estruc_eco":"NO","url1":null}},{"type":"Feature","id":"eqp_uco_educacion.2760","geometry":{"type":"MultiPolygon","coordinates":[[[[-76.52329081,3.46392088],[-76.52320205,3.46393946],[-76.52318475,3.46384789],[-76.52327276,3.4638318],[-76.52329081,3.46392088]]]]},"geometry_name":"the_geom","properties":{"nombre":"FAST LEARNIG","localizaci":"AV 2 D N NO 24 N 104","servicio":"EDUCACION","tipo":"CENTIDIOM","nivel":"EDUCACION NO FORMAL","propiedad":"PRIV","escala":"LOCAL","permanenci":"NO","estruc_eco":"NO","url1":null}},{"type":"Feature","id":"eqp_uco_educacion.2761","geometry":{"type":"MultiPolygon","coordinates":[[[[-76.51315379,3.45883239],[-76.51286882,3.4589237],[-76.51283559,3.45881652],[-76.51282766,3.4587915],[-76.51281864,3.45876154],[-76.51281576,3.45875155],[-76.51280169,3.45870952],[-76.51278546,3.45865859],[-76.51276959,3.45860855],[-76.51276563,3.45859461],[-76.51276058,3.45858057],[-76.51275048,3.45854853],[-76.51275048,3.45854754],[-76.51274832,3.4585416],[-76.51274663,3.45853798],[-76.51300017,3.45845503],[-76.51303192,3.45844463],[-76.51303638,3.45845511],[-76.51308188,3.45844278],[-76.51308454,3.45844637],[-76.51318922,3.45881366],[-76.51319014,3.45881366],[-76.51315189,3.45882481],[-76.51315379,3.45883239]]]]},"geometry_name":"the_geom","properties":{"nombre":"ESCUELA ADAN CORDOBES CORDOBA","localizaci":"CL 34 NO 5 20","servicio":"EDUCACION","tipo":"ESCUELA","nivel":"EDUCACION PREESCOLAR_EDUCACION BASICA","propiedad":"PUB","escala":"LOCAL","permanenci":"NO","estruc_eco":"NO","url1":null}},{"type":"Feature","id":"eqp_uco_educacion.2762","geometry":{"type":"MultiPolygon","coordinates":[[[[-76.51643033,3.46518354],[-76.51639866,3.4652156],[-76.5161742,3.4649187],[-76.51611728,3.46484268],[-76.51588092,3.46452284],[-76.51589712,3.46451176],[-76.51594714,3.46447474],[-76.5159709,3.46445672],[-76.51610298,3.46435972],[-76.51629431,3.46465456],[-76.51634908,3.46474057],[-76.51646439,3.46491854],[-76.51650943,3.46498449],[-76.51655735,3.46505845],[-76.51646847,3.46514652],[-76.51643033,3.46518354]]]]},"geometry_name":"the_geom","properties":{"nombre":"INSTITUTO DOCENTE SANTO TOMAS DE AQUINO","localizaci":"CL 33 N NO 2 N 11","servicio":"EDUCACION","tipo":"CENTDOC","nivel":"EDUCACION BASICA-EDUCACION MEDIA VOCACIONAL","propiedad":"PRIV","escala":"ZONAL","permanenci":"NO","estruc_eco":"NO","url1":null}},{"type":"Feature","id":"eqp_uco_educacion.2763","geometry":{"type":"MultiPolygon","coordinates":[[[[-76.5168237,3.46758044],[-76.51681578,3.46757846],[-76.51680786,3.46757046],[-76.5166674,3.46681548],[-76.5166562,3.46674555],[-76.51665439,3.46673556],[-76.5166533,3.46671648],[-76.51665833,3.46669749],[-76.51670619,3.46664553],[-76.51670439,3.46664346],[-76.51668925,3.46662249],[-76.51666619,3.46659155],[-76.51664243,3.46658949],[-76.51662442,3.46656754],[-76.51658322,3.46627954],[-76.51688285,3.46577238],[-76.51688573,3.46576634],[-76.5168958,3.46575833],[-76.51690768,3.46575535],[-76.51691993,3.46575831],[-76.5180291,3.46627074],[-76.51800428,3.46631279],[-76.51795536,3.46639382],[-76.51789025,3.46649385],[-76.51781254,3.46660487],[-76.51772943,3.46671292],[-76.51772548,3.46671796],[-76.51765856,3.46680396],[-76.5175866,3.46688698],[-76.51751067,3.46696506],[-76.51747973,3.46699811],[-76.51739552,3.46708114],[-76.51730772,3.46716021],[-76.51685466,3.4675635],[-76.51684098,3.46757647],[-76.51683271,3.46758151],[-76.51682694,3.46758152],[-76.5168237,3.46758044]]]]},"geometry_name":"the_geom","properties":{"nombre":"CENTRO AUXILIAR DE SERVICIOS DOCENTES_CASD","localizaci":"CL 34 N NO 3 N 15","servicio":"EDUCACION","tipo":"CENTDOC","nivel":"EDUCACION BASICA-EDUCACION MEDIA VOCACIONAL","propiedad":"PUB","escala":"URBANA","permanenci":"SI","estruc_eco":"NO","url1":null}},{"type":"Feature","id":"eqp_uco_educacion.2764","geometry":{"type":"MultiPolygon","coordinates":[[[[-76.51734079,3.46768676],[-76.517357,3.46770376],[-76.51736709,3.46771582],[-76.51720587,3.46785893],[-76.51714895,3.46779388],[-76.51713382,3.46777688],[-76.51711004,3.4677489],[-76.51705997,3.46769295],[-76.51722191,3.46755587],[-76.51722983,3.46756487],[-76.5172709,3.46760985],[-76.51734079,3.46768676]]]]},"geometry_name":"the_geom","properties":{"nombre":"CENTRO DOCENTE NO 65 CRISTINA SERRANO LAURIDO","localizaci":"CL 34 N NO 38 N 25","servicio":"EDUCACION","tipo":"CENTDOC","nivel":"EDUCACION BASICA-EDUCACION MEDIA VOCACIONAL","propiedad":"PUB","escala":"LOCAL","permanenci":"NO","estruc_eco":"NO","url1":null}},{"type":"Feature","id":"eqp_uco_educacion.2765","geometry":{"type":"MultiPolygon","coordinates":[[[[-76.54682492,3.42090213],[-76.54681915,3.42089916],[-76.54679106,3.42088514],[-76.5467889,3.42088415],[-76.54674317,3.42086122],[-76.54675216,3.42084115],[-76.54677985,3.42078218],[-76.54682983,3.42067513],[-76.54683307,3.42066811],[-76.54683883,3.42065614],[-76.54691805,3.42069408],[-76.54690906,3.42071406],[-76.54690798,3.42071604],[-76.54689,3.42075809],[-76.54687886,3.42078113],[-76.54685296,3.42083911],[-76.54683894,3.42087017],[-76.54682492,3.42090213]]]]},"geometry_name":"the_geom","properties":{"nombre":"PREICFES GIQ","localizaci":"KR 43 NO 5A 27","servicio":"EDUCACION","tipo":"CENTEDUC","nivel":"EDUCACION NO FORMAL","propiedad":"PRIV","escala":"LOCAL","permanenci":"NO","estruc_eco":"NO","url1":null}},{"type":"Feature","id":"eqp_uco_educacion.2766","geometry":{"type":"MultiPolygon","coordinates":[[[[-76.5277613,3.46389448],[-76.52774419,3.46392379],[-76.52752534,3.46378598],[-76.52749237,3.46376521],[-76.52754131,3.46368574],[-76.5275723,3.46370667],[-76.52757458,3.4637082],[-76.52764699,3.46375709],[-76.52767206,3.46377401],[-76.52769154,3.46378533],[-76.52774786,3.46381805],[-76.52778758,3.46384112],[-76.52779141,3.46384383],[-76.5277613,3.46389448]]]]},"geometry_name":"the_geom","properties":{"nombre":"POLITECNICO DE LA SALUD","localizaci":"AV5 N 23_35","servicio":"EDUCACION","tipo":"POLITEC","nivel":"EDUCACION TECNICA","propiedad":"PRIV","escala":"LOCAL","permanenci":"NO","estruc_eco":"NO","url1":null}},{"type":"Feature","id":"eqp_uco_educacion.2767","geometry":{"type":"MultiPolygon","coordinates":[[[[-76.52608147,3.461718],[-76.52603235,3.46167074],[-76.52606123,3.46163127],[-76.52606879,3.46162094],[-76.52609226,3.46158849],[-76.52615206,3.46150583],[-76.52615258,3.46150511],[-76.52617831,3.46146889],[-76.52617946,3.46146971],[-76.52623108,3.4615077],[-76.52621344,3.46153251],[-76.52620569,3.46154339],[-76.52614548,3.46162803],[-76.52611342,3.46167309],[-76.52608147,3.461718]]]]},"geometry_name":"the_geom","properties":{"nombre":"INSTITUTO MEYER","localizaci":"CL 22 NO 2N _55","servicio":"EDUCACION","tipo":"CENTIDIOM","nivel":"EDUCACION NO FORMAL","propiedad":"PRIV","escala":"LOCAL","permanenci":"NO","estruc_eco":"NO","url1":null}},{"type":"Feature","id":"eqp_uco_educacion.2768","geometry":{"type":"MultiPolygon","coordinates":[[[[-76.54522844,3.41841785],[-76.54514453,3.41837586],[-76.54516539,3.4183349],[-76.54518624,3.41829186],[-76.54523048,3.41820282],[-76.54524127,3.41817879],[-76.54527548,3.41819479],[-76.54529745,3.41820576],[-76.54532626,3.41821978],[-76.54531151,3.41824877],[-76.54525037,3.41837382],[-76.54522844,3.41841785]]]]},"geometry_name":"the_geom","properties":{"nombre":"ESCUELA DE CONDUCCION AUTOMOVIL CLUB","localizaci":"KR 44 NO 5C 42","servicio":"EDUCACION","tipo":"ESCCONDUCC","nivel":"EDUCACION NO FORMAL","propiedad":"PRIV","escala":"LOCAL","permanenci":"NO","estruc_eco":"NO","url1":null}},{"type":"Feature","id":"eqp_uco_educacion.2769","geometry":{"type":"MultiPolygon","coordinates":[[[[-76.54445803,3.42190616],[-76.54445587,3.42190517],[-76.54444183,3.42189924],[-76.54443499,3.42189519],[-76.54432767,3.42184529],[-76.54429778,3.42183127],[-76.54435388,3.42171027],[-76.54454078,3.42179613],[-76.54452783,3.42182214],[-76.54450194,3.42187715],[-76.54448288,3.4219182],[-76.54445803,3.42190616]]]]},"geometry_name":"the_geom","properties":{"nombre":"JARDIN INFANTIL ¨PEQUEÑOS GENIOS¨.","localizaci":"CL 5C NO 40 60","servicio":"EDUCACION","tipo":"JARDININF","nivel":"EDUCACION PREESCOLAR","propiedad":"PRIV","escala":"LOCAL","permanenci":"NO","estruc_eco":"NO","url1":null}},{"type":"Feature","id":"eqp_uco_educacion.2770","geometry":{"type":"MultiPolygon","coordinates":[[[[-76.544899,3.4197025],[-76.54500061,3.41975241],[-76.54492558,3.41992322],[-76.54492459,3.41992547],[-76.54491047,3.41995738],[-76.54480808,3.41990814],[-76.544899,3.4197025]]]]},"geometry_name":"the_geom","properties":{"nombre":"JARDIN INFANTIL COLOMBO-CUBANO","localizaci":"KR 43  CL 5C ESQUINA","servicio":"EDUCACION","tipo":"JARDININF","nivel":"EDUCACION PREESCOLAR","propiedad":"PRIV","escala":"LOCAL","permanenci":"NO","estruc_eco":"NO","url1":null}},{"type":"Feature","id":"eqp_uco_educacion.2771","geometry":{"type":"MultiPolygon","coordinates":[[[[-76.54265127,3.42106907],[-76.54257125,3.42089414],[-76.5425752,3.42088415],[-76.54258311,3.42086516],[-76.54261696,3.42088008],[-76.54268214,3.42090911],[-76.54284204,3.42097995],[-76.54284204,3.420993],[-76.54284314,3.42102],[-76.5427823,3.42103507],[-76.54268331,3.42106104],[-76.54267611,3.42106312],[-76.54265127,3.42106907]]]]},"geometry_name":"the_geom","properties":{"nombre":"ALLIANCE","localizaci":"AV ROOSEVELT NO 5E  80","servicio":"EDUCACION","tipo":"CENTIDIOM","nivel":"EDUCACION NO FORMAL","propiedad":"PRIV","escala":"LOCAL","permanenci":"NO","estruc_eco":"NO","url1":null}},{"type":"Feature","id":"eqp_uco_educacion.2772","geometry":{"type":"MultiPolygon","coordinates":[[[[-76.543014,3.42057348],[-76.54300501,3.42059248],[-76.5429121,3.42055059],[-76.54277994,3.42049162],[-76.54276517,3.42048568],[-76.54274897,3.42047768],[-76.54278313,3.42039864],[-76.54281482,3.42041257],[-76.54281806,3.42041365],[-76.54294698,3.42047154],[-76.54300388,3.42049654],[-76.54303989,3.42051254],[-76.54303701,3.42051848],[-76.54302299,3.42055152],[-76.543014,3.42057348]]]]},"geometry_name":"the_geom","properties":{"nombre":"CAMBRIDGE UNIVERSITY","localizaci":"AV ROOSEVELT NO 39A 36","servicio":"EDUCACION","tipo":"CENTIDIOM","nivel":"EDUCACION NO FORMAL","propiedad":"PRIV","escala":"LOCAL","permanenci":"NO","estruc_eco":"NO","url1":null}},{"type":"Feature","id":"eqp_uco_educacion.2773","geometry":{"type":"MultiPolygon","coordinates":[[[[-76.51447957,3.46280554],[-76.5144804,3.46280774],[-76.51450745,3.46288675],[-76.51451574,3.46291177],[-76.51452368,3.46293373],[-76.51453846,3.46297773],[-76.51453451,3.46298871],[-76.51452659,3.46299772],[-76.51452479,3.46299772],[-76.5141818,3.46321392],[-76.51408092,3.46327811],[-76.51407994,3.46327823],[-76.5140378,3.4632607],[-76.51399277,3.46311434],[-76.51398465,3.46311769],[-76.51394324,3.46298379],[-76.51396651,3.46294331],[-76.5142289,3.46285862],[-76.51423181,3.46286678],[-76.51446389,3.46279699],[-76.51447347,3.46279911],[-76.51447957,3.46280554]]]]},"geometry_name":"the_geom","properties":{"nombre":"INSTITUCION EDUCATIVA SANTO TOMAS","localizaci":"KR 2 NO 34 23","servicio":"EDUCACION","tipo":"CENTEDUC","nivel":"EDUCACION PREESCOLAR_EDUCACION BASICA_EDUCACION MEDIA VOCACIONAL","propiedad":"PUB","escala":"LOCAL","permanenci":"NO","estruc_eco":"NO","url1":null}},{"type":"Feature","id":"eqp_uco_educacion.2774","geometry":{"type":"MultiPolygon","coordinates":[[[[-76.50374543,3.46237258],[-76.50347329,3.46246075],[-76.5033172,3.46210378],[-76.50340504,3.46207772],[-76.50381793,3.46195248],[-76.50391224,3.46192543],[-76.50393421,3.46194243],[-76.50395223,3.46196447],[-76.5039652,3.46198948],[-76.50396701,3.46199542],[-76.50406724,3.4622634],[-76.50403124,3.46227638],[-76.50402728,3.46227846],[-76.50396429,3.46230144],[-76.50396213,3.46230243],[-76.50390526,3.46232047],[-76.50374543,3.46237258]]]]},"geometry_name":"the_geom","properties":{"nombre":"INSTITUCION EDUCATIVA LA MERCED SEDE SAN PEDRO ALEJANDRINO","localizaci":"KR 4E NO 46 4","servicio":"EDUCACION","tipo":"CENTEDUC","nivel":"EDUCACION BASICA-EDUCACION MEDIA VOCACIONAL","propiedad":"PUB","escala":"LOCAL","permanenci":"NO","estruc_eco":"NO","url1":null}},{"type":"Feature","id":"eqp_uco_educacion.2775","geometry":{"type":"MultiPolygon","coordinates":[[[[-76.50347329,3.46246075],[-76.50346933,3.46246174],[-76.5028833,3.46265107],[-76.50286242,3.46266009],[-76.50284046,3.46265614],[-76.50268833,3.46230115],[-76.50269229,3.46229017],[-76.5033172,3.46210378],[-76.50347329,3.46246075]]]]},"geometry_name":"the_geom","properties":{"nombre":"COLEGIO DEPARTAMENTAL LA MERCED","localizaci":"CL 47 NO 4E 30","servicio":"EDUCACION","tipo":"COLEGIO","nivel":"EDUCACION BASICA-EDUCACION MEDIA VOCACIONAL","propiedad":"PUB","escala":"LOCAL","permanenci":"NO","estruc_eco":"NO","url1":null}},{"type":"Feature","id":"eqp_uco_educacion.2776","geometry":{"type":"MultiPolygon","coordinates":[[[[-76.50617284,3.46648748],[-76.50625563,3.46645251],[-76.50626679,3.46644747],[-76.50634178,3.46663842],[-76.5062489,3.46666547],[-76.50622691,3.46661553],[-76.50618473,3.46651556],[-76.50617284,3.46648748]]]]},"geometry_name":"the_geom","properties":{"nombre":"LICEO Y TALLER INFANTIL MI DULCE REFUGIO","localizaci":"KR 2 N NO 45C 04","servicio":"EDUCACION","tipo":"LICEO","nivel":"EDUCACION PREESCOLAR_EDUCACION BASICA","propiedad":"PRIV","escala":"LOCAL","permanenci":"NO","estruc_eco":"NO","url1":null}},{"type":"Feature","id":"eqp_uco_educacion.2777","geometry":{"type":"MultiPolygon","coordinates":[[[[-76.50602469,3.46482651],[-76.50618486,3.4647554],[-76.50625696,3.46491738],[-76.50636561,3.46515338],[-76.50643935,3.46531576],[-76.50644404,3.46532626],[-76.50619819,3.46543143],[-76.50563343,3.46567178],[-76.5054211,3.46517489],[-76.5053901,3.46510182],[-76.50581772,3.46491762],[-76.50602469,3.46482651]]]]},"geometry_name":"the_geom","properties":{"nombre":"INSTITUCION EDUCATIVA LA MERCED SEDE SAN VICENTE DE PAUL","localizaci":"KR 2B N NO 45A 20","servicio":"EDUCACION","tipo":"CENTEDUC","nivel":"EDUCACION BASICA-EDUCACION MEDIA VOCACIONAL","propiedad":"PRIV","escala":"URBANA","permanenci":"SI","estruc_eco":"NO","url1":null}},{"type":"Feature","id":"eqp_uco_educacion.2778","geometry":{"type":"MultiPolygon","coordinates":[[[[-76.5074995,3.45966622],[-76.50746566,3.45967623],[-76.50742455,3.45954521],[-76.50741337,3.4595102],[-76.5074076,3.45949022],[-76.50745835,3.45947417],[-76.50746448,3.45949424],[-76.50749262,3.45958522],[-76.50750957,3.45964021],[-76.50751065,3.4596412],[-76.50751642,3.45966018],[-76.5074995,3.45966622]]]]},"geometry_name":"the_geom","properties":{"nombre":"COLEGIO RECUERDOS DEL NIÑO","localizaci":"KR 6B NO 41 111","servicio":"EDUCACION","tipo":"COLEGIO","nivel":"EDUCACION PREESCOLAR_EDUCACION BASICA","propiedad":"PRIV","escala":"LOCAL","permanenci":"NO","estruc_eco":"NO","url1":null}},{"type":"Feature","id":"eqp_uco_educacion.2779","geometry":{"type":"MultiPolygon","coordinates":[[[[-76.50671054,3.46786542],[-76.50660258,3.46791097],[-76.50657607,3.46792194],[-76.50655986,3.46792835],[-76.50648964,3.4677644],[-76.5065116,3.4677544],[-76.50659834,3.46771835],[-76.50662462,3.46770735],[-76.50663938,3.46770131],[-76.50665452,3.46773434],[-76.50666353,3.46775431],[-76.50671054,3.46786542]]]]},"geometry_name":"the_geom","properties":{"nombre":"INSTITUTO TECNICO SALOMIA Y ESCUELA MATERNAL TIA ELA","localizaci":"KR 46 NO 1E 42","servicio":"EDUCACION","tipo":"INSTTCOM","nivel":"EDUCACION PREESCOLAR_EDUCACION BASICA_EDUCACION MEDIA VOCACIONAL","propiedad":"PRIV","escala":"LOCAL","permanenci":"NO","estruc_eco":"NO","url1":null}},{"type":"Feature","id":"eqp_uco_educacion.2780","geometry":{"type":"MultiPolygon","coordinates":[[[[-76.50705214,3.46733512],[-76.50703916,3.46730507],[-76.50701717,3.46725207],[-76.50703841,3.46724306],[-76.50716619,3.46718799],[-76.5071734,3.46720599],[-76.50719034,3.46724405],[-76.50720116,3.46727105],[-76.50717128,3.46728304],[-76.5071612,3.46728799],[-76.50707338,3.46732611],[-76.50705214,3.46733512]]]]},"geometry_name":"the_geom","properties":{"nombre":"CENTRO EDUCATIVO SENDERITOS","localizaci":"KR 45B NO 1G 08","servicio":"EDUCACION","tipo":"CENTEDUC","nivel":"EDUCACION PREESCOLAR_EDUCACION BASICA","propiedad":"PRIV","escala":"LOCAL","permanenci":"NO","estruc_eco":"NO","url1":null}},{"type":"Feature","id":"eqp_uco_educacion.2781","geometry":{"type":"MultiPolygon","coordinates":[[[[-76.50698004,3.46716811],[-76.50697103,3.46714715],[-76.50696923,3.46714112],[-76.50694399,3.46708317],[-76.50696631,3.46707317],[-76.5070563,3.46703405],[-76.50709301,3.46701909],[-76.50710815,3.46705203],[-76.50711212,3.46706201],[-76.50711716,3.467072],[-76.50712401,3.46709],[-76.50716624,3.46718797],[-76.50701731,3.467252],[-76.50698004,3.46716811]]]]},"geometry_name":"the_geom","properties":{"nombre":"CENTRO EDUCATIVO SEBASTIAN DE BELALCAZAR","localizaci":"CL 45B NO 1G 30","servicio":"EDUCACION","tipo":"CENTEDUC","nivel":"EDUCACION BASICA-EDUCACION MEDIA VOCACIONAL","propiedad":"PRIV","escala":"LOCAL","permanenci":"NO","estruc_eco":"NO","url1":null}},{"type":"Feature","id":"eqp_uco_educacion.2782","geometry":{"type":"MultiPolygon","coordinates":[[[[-76.50951346,3.46360052],[-76.50921036,3.46368368],[-76.5088475,3.46378387],[-76.50865851,3.463836],[-76.50828449,3.46393521],[-76.50813654,3.46397426],[-76.50794929,3.46324937],[-76.50838307,3.4631341],[-76.50841403,3.46312608],[-76.50879705,3.46302389],[-76.50932802,3.46288355],[-76.5093392,3.46292558],[-76.50935327,3.46298353],[-76.50937312,3.46306057],[-76.50938935,3.46312455],[-76.50942435,3.46326152],[-76.50951346,3.46360052]]]]},"geometry_name":"the_geom","properties":{"nombre":"INSTITUCION EDUCATIVA REPUBLICA DE ISRAEL SEDE CENTRAL","localizaci":"KR 3 NO 43 49","servicio":"EDUCACION","tipo":"CENTEDUC","nivel":"EDUCACION PREESCOLAR_EDUCACION BASICA","propiedad":"PRIV","escala":"ZONAL","permanenci":"SI","estruc_eco":"NO","url1":null}},{"type":"Feature","id":"eqp_uco_educacion.2783","geometry":{"type":"MultiPolygon","coordinates":[[[[-76.51140777,3.46198404],[-76.51111127,3.4620857],[-76.51107605,3.46209078],[-76.51090217,3.46164305],[-76.51094857,3.46163502],[-76.51096569,3.46162885],[-76.51096236,3.4616196],[-76.51135934,3.46148504],[-76.51136303,3.46149447],[-76.51140781,3.46147871],[-76.51147439,3.46145526],[-76.5116298,3.46190463],[-76.51159462,3.46191826],[-76.51152097,3.46194713],[-76.51152179,3.46195211],[-76.5114881,3.46196508],[-76.51148426,3.46195785],[-76.51140777,3.46198404]]]]},"geometry_name":"the_geom","properties":{"nombre":"JARDIN INFANTIL LA CASA DEL NIÑO_ICBF","localizaci":"KR 4 NO 36A 65","servicio":"EDUCACION","tipo":"JARDININF","nivel":"EDUCACION PREESCOLAR","propiedad":"PUB","escala":"LOCAL","permanenci":"NO","estruc_eco":"NO","url1":null}},{"type":"Feature","id":"eqp_uco_educacion.2784","geometry":{"type":"MultiPolygon","coordinates":[[[[-76.50752211,3.46158747],[-76.50751129,3.46154247],[-76.50749216,3.46146444],[-76.50748026,3.46141549],[-76.50745897,3.46133746],[-76.50778691,3.4612453],[-76.5077981,3.46129831],[-76.50786018,3.46157927],[-76.50755744,3.46167349],[-76.50755024,3.46167647],[-76.50752319,3.46158845],[-76.50752211,3.46158747]]]]},"geometry_name":"the_geom","properties":{"nombre":"INSTITUCION EDUCATIVA REPEPUBLICA DE ISRAEL SEDE MANUEL SANTIAGO VALLECILLA","localizaci":"CL 43 NO 4B 33","servicio":"EDUCACION","tipo":"CENTEDUC","nivel":"EDUCACION BASICA-EDUCACION MEDIA VOCACIONAL","propiedad":"PUB","escala":"LOCAL","permanenci":"NO","estruc_eco":"NO","url1":null}},{"type":"Feature","id":"eqp_uco_educacion.2785","geometry":{"type":"MultiPolygon","coordinates":[[[[-76.49242645,3.46755157],[-76.49243633,3.46754803],[-76.4924661,3.46753734],[-76.49249698,3.46762116],[-76.4924573,3.46763587],[-76.49242645,3.46755157]]]]},"geometry_name":"the_geom","properties":{"nombre":"LICEO INFANTIL EL ENCUENTRO","localizaci":"KR4 NO 60C 23","servicio":"EDUCACION","tipo":"LICEO","nivel":"EDUCACION PREESCOLAR","propiedad":"PRIV","escala":"LOCAL","permanenci":"NO","estruc_eco":"NO","url1":null}},{"type":"Feature","id":"eqp_uco_educacion.2786","geometry":{"type":"MultiPolygon","coordinates":[[[[-76.49603482,3.47881524],[-76.49605901,3.4788006],[-76.49604496,3.47877855],[-76.49606405,3.47876459],[-76.49607809,3.4787546],[-76.49609214,3.47874362],[-76.49615298,3.47883157],[-76.49616015,3.47883954],[-76.49615903,3.47884035],[-76.49611959,3.47886892],[-76.49611313,3.47887295],[-76.49610546,3.47887266],[-76.49609496,3.47886532],[-76.49604884,3.47882691],[-76.49603482,3.47881524]]]]},"geometry_name":"the_geom","properties":{"nombre":"LICEO INFANTIL SEMILLITAS","localizaci":"KR 1A8 NO 61A 116","servicio":"EDUCACION","tipo":"LICEO","nivel":"EDUCACION PREESCOLAR","propiedad":"PRIV","escala":"LOCAL","permanenci":"NO","estruc_eco":"NO","url1":null}},{"type":"Feature","id":"eqp_uco_educacion.2787","geometry":{"type":"MultiPolygon","coordinates":[[[[-76.49558598,3.47517213],[-76.49556473,3.47517915],[-76.49552981,3.47518815],[-76.4954938,3.47507518],[-76.49548984,3.47505915],[-76.49554566,3.47504214],[-76.4955507,3.47505816],[-76.4955687,3.47511812],[-76.49557482,3.4751372],[-76.49558598,3.47517213]]]]},"geometry_name":"the_geom","properties":{"nombre":"LICEO SISTEVALLE","localizaci":"KR 1C1 NO 61 50","servicio":"EDUCACION","tipo":"LICEO","nivel":"EDUCACION TECNICA","propiedad":"PRIV","escala":"LOCAL","permanenci":"NO","estruc_eco":"NO","url1":null}},{"type":"Feature","id":"eqp_uco_educacion.2788","geometry":{"type":"MultiPolygon","coordinates":[[[[-76.48460924,3.46455666],[-76.48459776,3.46452123],[-76.48459213,3.46449958],[-76.48466198,3.46447762],[-76.48468107,3.46447159],[-76.48476317,3.46444557],[-76.48476929,3.46446358],[-76.48477721,3.4644886],[-76.48478117,3.46450166],[-76.48463134,3.46454927],[-76.48460924,3.46455666]]]]},"geometry_name":"the_geom","properties":{"nombre":"CENTRO DOCENTE NUEVA GRANADA","localizaci":"CL 70 NO 7A 24","servicio":"EDUCACION","tipo":"CENTDOC","nivel":"EDUCACION PREESCOLAR_EDUCACION BASICA","propiedad":"PRIV","escala":"LOCAL","permanenci":"NO","estruc_eco":"NO","url1":null}},{"type":"Feature","id":"eqp_uco_educacion.2789","geometry":{"type":"MultiPolygon","coordinates":[[[[-76.48464542,3.46367093],[-76.48459646,3.4635179],[-76.48458961,3.46349594],[-76.48464363,3.46347892],[-76.48464759,3.4634909],[-76.48465047,3.46350089],[-76.48468935,3.46361998],[-76.48470051,3.46365293],[-76.48467963,3.46365995],[-76.48464542,3.46367093]]]]},"geometry_name":"the_geom","properties":{"nombre":"TALLER INFANTIL ABEJITA LABORIOSA","localizaci":"KR 7B BIS NO 69 105","servicio":"EDUCACION","tipo":"TALLINF","nivel":"EDUCACION PREESCOLAR","propiedad":"PRIV","escala":"LOCAL","permanenci":"NO","estruc_eco":"NO","url1":null}},{"type":"Feature","id":"eqp_uco_educacion.2790","geometry":{"type":"MultiPolygon","coordinates":[[[[-76.48431937,3.46363758],[-76.48431368,3.46361947],[-76.48430738,3.46359941],[-76.48430343,3.46358686],[-76.48447612,3.46353135],[-76.48448296,3.46355332],[-76.484497,3.46359635],[-76.48432263,3.46364797],[-76.48431937,3.46363758]]]]},"geometry_name":"the_geom","properties":{"nombre":"COLEGIO MIS PRIMERAS LUCES","localizaci":"CL 70 NO 7B 30","servicio":"EDUCACION","tipo":"COLEGIO","nivel":"EDUCACION PREESCOLAR_EDUCACION BASICA","propiedad":"PRIV","escala":"LOCAL","permanenci":"NO","estruc_eco":"NO","url1":null}},{"type":"Feature","id":"eqp_uco_educacion.2791","geometry":{"type":"MultiPolygon","coordinates":[[[[-76.48441567,3.45907667],[-76.48439837,3.45908565],[-76.48434506,3.4590925],[-76.48431676,3.45886367],[-76.48438764,3.4588682],[-76.48441567,3.45907667]]]]},"geometry_name":"the_geom","properties":{"nombre":"LICEO LOS PINOS","localizaci":"KR 7J NO 69 14","servicio":"EDUCACION","tipo":"LICEO","nivel":"EDUCACION BASICA-EDUCACION MEDIA VOCACIONAL","propiedad":"PRIV","escala":"LOCAL","permanenci":"NO","estruc_eco":"NO","url1":null}},{"type":"Feature","id":"eqp_uco_educacion.2813","geometry":{"type":"MultiPolygon","coordinates":[[[[-76.49786223,3.46839288],[-76.49784711,3.46833482],[-76.49802318,3.46828487],[-76.49804011,3.46834185],[-76.49786223,3.46839288]]]]},"geometry_name":"the_geom","properties":{"nombre":"LICEO AMBROSIO DE MILAN","localizaci":"CL 57 NO 2A 46","servicio":"EDUCACION","tipo":"LICEO","nivel":"EDUCACION BASICA","propiedad":"PRIV","escala":"LOCAL","permanenci":"NO","estruc_eco":"NO","url1":null}},{"type":"Feature","id":"eqp_uco_educacion.2792","geometry":{"type":"MultiPolygon","coordinates":[[[[-76.51655987,3.45732725],[-76.51648967,3.4573443],[-76.51639947,3.45698136],[-76.51641566,3.45695633],[-76.5164675,3.45694433],[-76.51646641,3.45693929],[-76.51679436,3.45686116],[-76.51681565,3.45694711],[-76.51682467,3.45698914],[-76.51683261,3.45702207],[-76.51683947,3.45704907],[-76.51684271,3.45706212],[-76.5168456,3.45707508],[-76.51685065,3.45709614],[-76.51686581,3.45715814],[-76.5168687,3.4571711],[-76.51687555,3.45720206],[-76.51687772,3.45721214],[-76.51688674,3.45724607],[-76.51676074,3.45727719],[-76.51664987,3.45730425],[-76.51663475,3.45730822],[-76.51662179,3.45731129],[-76.51655987,3.45732725]]]]},"geometry_name":"the_geom","properties":{"nombre":"ESCUELA JORGE ISAACS","localizaci":"CL 30 NO 5 88","servicio":"EDUCACION","tipo":"ESCUELA","nivel":"EDUCACION BASICA","propiedad":"PUB","escala":"LOCAL","permanenci":"NO","estruc_eco":"NO","url1":null}},{"type":"Feature","id":"eqp_uco_educacion.2793","geometry":{"type":"MultiPolygon","coordinates":[[[[-76.50412935,3.46258406],[-76.50403721,3.46262812],[-76.5039972,3.46254011],[-76.50409114,3.46250208],[-76.50412935,3.46258406]]]]},"geometry_name":"the_geom","properties":{"nombre":"FUNDACION PARA DIVULGACION DE LA CULTURA ESPIRITA FUNDICES","localizaci":"KR 4D NO 46 14","servicio":"EDUCACION","tipo":"EDUCALTER","nivel":"EDUCACION NO FORMAL","propiedad":"PRIV","escala":"LOCAL","permanenci":"NO","estruc_eco":"NO","url1":null}},{"type":"Feature","id":"eqp_uco_educacion.2794","geometry":{"type":"MultiPolygon","coordinates":[[[[-76.49309747,3.48023749],[-76.49312073,3.4801218],[-76.49316839,3.48013237],[-76.49314043,3.48024535],[-76.49309747,3.48023749]]]]},"geometry_name":"the_geom","properties":{"nombre":"LICEO INFANTIL CANGURITOS ALEGRES","localizaci":"CL 62 NO 1 18","servicio":"EDUCACION","tipo":"LICEO","nivel":"EDUCACION PREESCOLAR","propiedad":"PRIV","escala":"LOCAL","permanenci":"NO","estruc_eco":"NO","url1":null}},{"type":"Feature","id":"eqp_uco_educacion.2795","geometry":{"type":"MultiPolygon","coordinates":[[[[-76.49712578,3.46953468],[-76.49711678,3.4694966],[-76.49710202,3.46943764],[-76.49709986,3.46942963],[-76.49709806,3.46941964],[-76.49709086,3.46939164],[-76.49708006,3.46934564],[-76.49707898,3.46934258],[-76.49711678,3.46933061],[-76.49713191,3.46932656],[-76.49713695,3.46934862],[-76.49714091,3.46936158],[-76.49715891,3.46943764],[-76.49717007,3.46948364],[-76.49717907,3.46951866],[-76.49712578,3.46953468]]]]},"geometry_name":"the_geom","properties":{"nombre":"MATERNO INFANTIL KINDER WORLD","localizaci":"KR 2 NO 57 98","servicio":"EDUCACION","tipo":"JARDININF","nivel":"EDUCACION PREESCOLAR","propiedad":"PRIV","escala":"LOCAL","permanenci":"NO","estruc_eco":"NO","url1":null}},{"type":"Feature","id":"eqp_uco_educacion.2796","geometry":{"type":"MultiPolygon","coordinates":[[[[-76.4955671,3.46929947],[-76.4955779,3.46929749],[-76.49571617,3.46925249],[-76.49573813,3.46924547],[-76.49575398,3.46929948],[-76.49573201,3.4693065],[-76.49561607,3.4693425],[-76.49558294,3.46935348],[-76.49557394,3.46932351],[-76.4955671,3.46929947]]]]},"geometry_name":"the_geom","properties":{"nombre":"CENTRO DE ESTUDIOS GNOSTICOS","localizaci":"CL 59 NO 2 73","servicio":"EDUCACION","tipo":"EDUCALTER","nivel":"EDUCACION NO FORMAL","propiedad":"PRIV","escala":"LOCAL","permanenci":"NO","estruc_eco":"NO","url1":null}},{"type":"Feature","id":"eqp_uco_educacion.2797","geometry":{"type":"MultiPolygon","coordinates":[[[[-76.4943626,3.46905217],[-76.49434064,3.46897817],[-76.49451276,3.46892516],[-76.49453472,3.46899817],[-76.49444686,3.46902616],[-76.49437772,3.46904713],[-76.4943626,3.46905217]]]]},"geometry_name":"the_geom","properties":{"nombre":"JARDIN INFANTIL LOS BULLICIOSOS","localizaci":"CL 59C NO 2 140","servicio":"EDUCACION","tipo":"JARDININF","nivel":"EDUCACION PREESCOLAR","propiedad":"PRIV","escala":"LOCAL","permanenci":"NO","estruc_eco":"NO","url1":null}},{"type":"Feature","id":"eqp_uco_educacion.2798","geometry":{"type":"MultiPolygon","coordinates":[[[[-76.49778875,3.46738405],[-76.49778263,3.46738504],[-76.49776787,3.46732905],[-76.49777363,3.46732797],[-76.4978028,3.46731897],[-76.49783557,3.46730799],[-76.49789462,3.46728999],[-76.49793783,3.46727604],[-76.49795187,3.46732698],[-76.49791082,3.46734103],[-76.49790182,3.467344],[-76.49784961,3.467362],[-76.49783988,3.46736506],[-76.49778875,3.46738405]]]]},"geometry_name":"the_geom","properties":{"nombre":"CENTRO EDUCATIVO PUCHERITOS","localizaci":"CL 56 NO 2 203","servicio":"EDUCACION","tipo":"CENTEDUC","nivel":"EDUCACION BASICA-EDUCACION MEDIA VOCACIONAL","propiedad":"PRIV","escala":"LOCAL","permanenci":"NO","estruc_eco":"NO","url1":null}},{"type":"Feature","id":"eqp_uco_educacion.2799","geometry":{"type":"MultiPolygon","coordinates":[[[[-76.50407529,3.47117068],[-76.50389921,3.47122666],[-76.50388625,3.47118165],[-76.50388229,3.47117067],[-76.50380813,3.47092961],[-76.50378401,3.47085561],[-76.50380921,3.47084859],[-76.50384414,3.47083761],[-76.50384702,3.47083662],[-76.50387223,3.47082861],[-76.50390607,3.47081763],[-76.50393128,3.47081061],[-76.50396117,3.47080062],[-76.50398025,3.47086156],[-76.50398421,3.47087461],[-76.50399933,3.47092358],[-76.50400509,3.47094258],[-76.50402201,3.47099866],[-76.50403317,3.47103664],[-76.50403713,3.47104664],[-76.50404001,3.47105861],[-76.50406629,3.47113962],[-76.50407529,3.47117068]]]]},"geometry_name":"the_geom","properties":{"nombre":"COLEGIO SAN PEDRO","localizaci":"KR 1D CON CL 49","servicio":"EDUCACION","tipo":"COLEGIO","nivel":"EDUCACION BASICA-EDUCACION MEDIA VOCACIONAL","propiedad":"PRIV","escala":"LOCAL","permanenci":"NO","estruc_eco":"NO","url1":null}},{"type":"Feature","id":"eqp_uco_educacion.2800","geometry":{"type":"MultiPolygon","coordinates":[[[[-76.50385495,3.46531269],[-76.50358637,3.46541155],[-76.50347987,3.46501974],[-76.50347537,3.46500073],[-76.50350955,3.46494647],[-76.50356181,3.46491666],[-76.50366525,3.46487435],[-76.50368355,3.46491667],[-76.50385495,3.46531269]]]]},"geometry_name":"the_geom","properties":{"nombre":"CENTRO DOCENTE NO 57 MARIA PANESSO","localizaci":"CL 46C CON KR 3","servicio":"EDUCACION","tipo":"CENTDOC","nivel":"EDUCACION BASICA-EDUCACION MEDIA VOCACIONAL","propiedad":"PUB","escala":"LOCAL","permanenci":"NO","estruc_eco":"NO","url1":null}},{"type":"Feature","id":"eqp_uco_educacion.2801","geometry":{"type":"MultiPolygon","coordinates":[[[[-76.5031372,3.47131023],[-76.50312604,3.47127323],[-76.5031102,3.47122121],[-76.50309796,3.47118223],[-76.50308392,3.47113623],[-76.50307708,3.47111517],[-76.503076,3.47110823],[-76.50306808,3.47108519],[-76.50310624,3.47107421],[-76.50313001,3.4710662],[-76.50315414,3.47105819],[-76.50319122,3.47104721],[-76.50324703,3.47102921],[-76.50327512,3.4710212],[-76.50331113,3.47100923],[-76.50337126,3.47099015],[-76.50341123,3.47097818],[-76.5034332,3.47097215],[-76.50345012,3.47096621],[-76.50348216,3.47095523],[-76.50349117,3.47095316],[-76.50350809,3.47094821],[-76.50361106,3.47129324],[-76.50361502,3.47131421],[-76.50317824,3.47144526],[-76.50316996,3.47142122],[-76.5031372,3.47131023]]]]},"geometry_name":"the_geom","properties":{"nombre":"ESCUELA MARIO LLOREDA","localizaci":"KR 1D NO 51 16","servicio":"EDUCACION","tipo":"ESCUELA","nivel":"EDUCACION BASICA","propiedad":"PUB","escala":"LOCAL","permanenci":"NO","estruc_eco":"NO","url1":null}},{"type":"Feature","id":"eqp_uco_educacion.2802","geometry":{"type":"MultiPolygon","coordinates":[[[[-76.5034685,3.46600437],[-76.50343321,3.46601535],[-76.50340728,3.46602435],[-76.50339936,3.46600032],[-76.50335436,3.4658553],[-76.50341521,3.46583631],[-76.5034685,3.46600437]]]]},"geometry_name":"the_geom","properties":{"nombre":"CENTRO EDUCATIVO MIS PRIMEROS CONOCIMIENTOS","localizaci":"KR 2C NO 47 11","servicio":"EDUCACION","tipo":"CENTEDUC","nivel":"EDUCACION BASICA-EDUCACION MEDIA VOCACIONAL","propiedad":"PRIV","escala":"LOCAL","permanenci":"NO","estruc_eco":"NO","url1":null}},{"type":"Feature","id":"eqp_uco_educacion.2803","geometry":{"type":"MultiPolygon","coordinates":[[[[-76.50235467,3.46791266],[-76.5022967,3.46793165],[-76.50229274,3.46793165],[-76.50227978,3.46789159],[-76.50225674,3.46781364],[-76.50225566,3.46781058],[-76.5022517,3.4677996],[-76.50223982,3.46775855],[-76.50223478,3.46774361],[-76.50227475,3.46773155],[-76.50228375,3.46772858],[-76.50229671,3.46772462],[-76.50230391,3.46774856],[-76.50231471,3.4677816],[-76.50234171,3.4678726],[-76.50235467,3.46791266]]]]},"geometry_name":"the_geom","properties":{"nombre":"ENSEÑANZA DE CONDUCCION SENA","localizaci":"KR 2 NO 49 82","servicio":"EDUCACION","tipo":"ESCCONDUCC","nivel":"EDUCACION NO FORMAL","propiedad":"PRIV","escala":"LOCAL","permanenci":"NO","estruc_eco":"NO","url1":null}},{"type":"Feature","id":"eqp_uco_educacion.2804","geometry":{"type":"MultiPolygon","coordinates":[[[[-76.49686723,3.47729567],[-76.4966922,3.47712455],[-76.49678271,3.47709612],[-76.496923,3.47722821],[-76.49692316,3.47722809],[-76.49694269,3.47724546],[-76.49686723,3.47729567]]]]},"geometry_name":"the_geom","properties":{"nombre":"JARDIN INFANTIL Y LICEO JUVENTUDES","localizaci":"KR 1B CON CL 61","servicio":"EDUCACION","tipo":"LICEO","nivel":"EDUCACION PREESCOLAR","propiedad":"PRIV","escala":"LOCAL","permanenci":"NO","estruc_eco":"NO","url1":null}},{"type":"Feature","id":"eqp_uco_educacion.2805","geometry":{"type":"MultiPolygon","coordinates":[[[[-76.51123731,3.46045721],[-76.51123528,3.46045051],[-76.51123398,3.46045094],[-76.51123294,3.46045128],[-76.51113331,3.46012742],[-76.51096987,3.46018073],[-76.51092387,3.46002803],[-76.51136485,3.45988882],[-76.51138954,3.45987703],[-76.51140794,3.45993654],[-76.51142946,3.46000699],[-76.51144495,3.46000102],[-76.51146005,3.4600494],[-76.5114393,3.46005898],[-76.51154869,3.46038965],[-76.5113531,3.46044976],[-76.51134482,3.46042354],[-76.51123731,3.46045721]]]]},"geometry_name":"the_geom","properties":{"nombre":"COLEGIO LAS DELICIAS DE COMFANDI","localizaci":"KR 5 NO 36A 45","servicio":"EDUCACION","tipo":"COLEGIO","nivel":"EDUCACION BASICA","propiedad":"PRIV","escala":"LOCAL","permanenci":"NO","estruc_eco":"NO","url1":null}},{"type":"Feature","id":"eqp_uco_educacion.2806","geometry":{"type":"MultiPolygon","coordinates":[[[[-76.50990438,3.46345927],[-76.50987236,3.46350033],[-76.50986048,3.46350331],[-76.50980037,3.46352233],[-76.50957034,3.46358447],[-76.50951346,3.46360052],[-76.50942983,3.46328235],[-76.50942435,3.46326152],[-76.50932802,3.46288355],[-76.50970299,3.46277752],[-76.50983437,3.4632079],[-76.50983371,3.46320929],[-76.50990438,3.46345927]]]]},"geometry_name":"the_geom","properties":{"nombre":"INSTITUCION EDUCATIVA REPUBLICA DE ISRAEL SEDE SAN JOSE","localizaci":"CL 40 NO 2C 17","servicio":"EDUCACION","tipo":"CENTEDUC","nivel":"EDUCACION BASICA","propiedad":"PUB","escala":"ZONAL","permanenci":"SI","estruc_eco":"NO","url1":null}},{"type":"Feature","id":"eqp_uco_educacion.2807","geometry":{"type":"MultiPolygon","coordinates":[[[[-76.49406918,3.46694015],[-76.49410967,3.46692589],[-76.49413975,3.46701261],[-76.49409981,3.46702661],[-76.49406918,3.46694015]]]]},"geometry_name":"the_geom","properties":{"nombre":"LICEO FELIPE I","localizaci":"KR 4 NO 59B 65","servicio":"EDUCACION","tipo":"LICEO","nivel":"EDUCACION BASICA","propiedad":"PRIV","escala":"LOCAL","permanenci":"NO","estruc_eco":"NO","url1":null}},{"type":"Feature","id":"eqp_uco_educacion.2808","geometry":{"type":"MultiPolygon","coordinates":[[[[-76.50156258,3.47561963],[-76.50161551,3.47560261],[-76.50161659,3.47560361],[-76.5016508,3.47571469],[-76.5016796,3.47570569],[-76.50161155,3.47577868],[-76.5016047,3.47575564],[-76.50159678,3.47573071],[-76.50156258,3.47561963]]]]},"geometry_name":"the_geom","properties":{"nombre":"JARDIN INFANTIL UN MUNDO DE CARICIAS","localizaci":"KR 1B","servicio":"EDUCACION","tipo":"JARDININF","nivel":"EDUCACION PREESCOLAR","propiedad":"PRIV","escala":"LOCAL","permanenci":"NO","estruc_eco":"NO","url1":null}},{"type":"Feature","id":"eqp_uco_educacion.2809","geometry":{"type":"MultiPolygon","coordinates":[[[[-76.50095803,3.47350909],[-76.50113086,3.47345608],[-76.50113806,3.47348209],[-76.50096595,3.47353709],[-76.50095803,3.47350909]]]]},"geometry_name":"the_geom","properties":{"nombre":"SENDEROS DE SABIDURIA","localizaci":"CL 54 NO 1C1 47","servicio":"EDUCACION","tipo":"JARDININF","nivel":"EDUCACION PREESCOLAR","propiedad":"PRIV","escala":"LOCAL","permanenci":"NO","estruc_eco":"NO","url1":null}},{"type":"Feature","id":"eqp_uco_educacion.2810","geometry":{"type":"MultiPolygon","coordinates":[[[[-76.50175438,3.47467953],[-76.50176446,3.47470654],[-76.5015963,3.47475856],[-76.50158946,3.47473255],[-76.50175438,3.47467953]]]]},"geometry_name":"the_geom","properties":{"nombre":"JARDIN INFANTIL MI PRIMERA INFANCIA","localizaci":"CL 54 NO 1B1 40","servicio":"EDUCACION","tipo":"JARDININF","nivel":"EDUCACION PREESCOLAR","propiedad":"PRIV","escala":"LOCAL","permanenci":"NO","estruc_eco":"NO","url1":null}},{"type":"Feature","id":"eqp_uco_educacion.2811","geometry":{"type":"MultiPolygon","coordinates":[[[[-76.49748279,3.4678855],[-76.49743166,3.46790152],[-76.4974277,3.46788352],[-76.49742698,3.46788154],[-76.49741186,3.46781852],[-76.49740682,3.46780052],[-76.49739674,3.46776046],[-76.49738198,3.46770249],[-76.49743275,3.46768647],[-76.49744571,3.46773949],[-76.49745183,3.4677665],[-76.49745795,3.46778846],[-76.49747775,3.46786849],[-76.49748279,3.4678855]]]]},"geometry_name":"the_geom","properties":{"nombre":"JARDIN INFANTIL CRECIENDO EN GRACIA EN MI SEGUNDO HOGAR","localizaci":"KR 2C NO 57 16","servicio":"EDUCACION","tipo":"JARDININF","nivel":"EDUCACION PREESCOLAR","propiedad":"PRIV","escala":"LOCAL","permanenci":"NO","estruc_eco":"NO","url1":null}},{"type":"Feature","id":"eqp_uco_educacion.2812","geometry":{"type":"MultiPolygon","coordinates":[[[[-76.49719368,3.47668801],[-76.49714183,3.47670403],[-76.49710799,3.47659205],[-76.49710295,3.47657404],[-76.4971548,3.47655901],[-76.49715984,3.47657503],[-76.49719368,3.47668801]]]]},"geometry_name":"the_geom","properties":{"nombre":"COLEGIO SANTIAGO DE CALI","localizaci":"KR 1B BIS NO 60 11","servicio":"EDUCACION","tipo":"COLEGIO","nivel":"EDUCACION BASICA-EDUCACION MEDIA VOCACIONAL","propiedad":"PRIV","escala":"ZONAL","permanenci":"NO","estruc_eco":"NO","url1":null}},{"type":"Feature","id":"eqp_uco_educacion.2814","geometry":{"type":"MultiPolygon","coordinates":[[[[-76.49509917,3.46775188],[-76.49508117,3.46769193],[-76.49507109,3.46765989],[-76.49509413,3.46765188],[-76.49521296,3.46761489],[-76.49524501,3.46760589],[-76.49527309,3.46769887],[-76.49524896,3.46770589],[-76.49518595,3.46772488],[-76.49516722,3.46773092],[-76.49515498,3.46773487],[-76.49514202,3.46773793],[-76.49512618,3.46774388],[-76.49509917,3.46775188]]]]},"geometry_name":"the_geom","properties":{"nombre":"INSTITUTO TECNICO LA RIVERA","localizaci":"CL 59 NO 2C 51","servicio":"EDUCACION","tipo":"INSTTCOM","nivel":"EDUCACION BASICA MEDIA","propiedad":"PRIV","escala":"LOCAL","permanenci":"NO","estruc_eco":"NO","url1":null}},{"type":"Feature","id":"eqp_uco_educacion.2815","geometry":{"type":"MultiPolygon","coordinates":[[[[-76.4961595,3.46944346],[-76.49616275,3.46945345],[-76.49617571,3.46950746],[-76.49618254,3.46953446],[-76.49618362,3.46954049],[-76.49618866,3.46955553],[-76.49620379,3.46961656],[-76.49615265,3.46963249],[-76.49614366,3.46959747],[-76.49613861,3.46957749],[-76.49613069,3.4695485],[-76.49612673,3.46952852],[-76.49611161,3.46946848],[-76.49610765,3.46945147],[-76.49614978,3.46943751],[-76.49615771,3.46943544],[-76.4961595,3.46944346]]]]},"geometry_name":"the_geom","properties":{"nombre":"EL PRINCIPITO LOS ANDES","localizaci":"KR 2A NO 58 93","servicio":"EDUCACION","tipo":"CENTEDUC","nivel":"EDUCACION BASICA-EDUCACION MEDIA VOCACIONAL","propiedad":"PRIV","escala":"LOCAL","permanenci":"NO","estruc_eco":"NO","url1":null}},{"type":"Feature","id":"eqp_uco_educacion.2816","geometry":{"type":"MultiPolygon","coordinates":[[[[-76.4975708,3.46727323],[-76.49755676,3.46721922],[-76.49756504,3.46721724],[-76.49758376,3.46721229],[-76.49772491,3.46717026],[-76.49773211,3.46719726],[-76.49774003,3.4672213],[-76.49771987,3.46722724],[-76.49767594,3.46724128],[-76.49765181,3.4672483],[-76.49758196,3.46726927],[-76.4975708,3.46727323]]]]},"geometry_name":"the_geom","properties":{"nombre":"ESCUELA DE AUTOMOVILISMO MONTOYA CART","localizaci":"CL 57 NO 2D 8","servicio":"EDUCACION","tipo":"ESCCONDUCC","nivel":"EDUCACION NO FORMAL","propiedad":"PRIV","escala":"LOCAL","permanenci":"NO","estruc_eco":"NO","url1":null}},{"type":"Feature","id":"eqp_uco_educacion.2817","geometry":{"type":"MultiPolygon","coordinates":[[[[-76.49754301,3.46716551],[-76.49752969,3.46711456],[-76.49755274,3.46710754],[-76.49763988,3.46708054],[-76.49769677,3.46706254],[-76.49770973,3.4671125],[-76.49765284,3.4671305],[-76.49756786,3.4671575],[-76.49754301,3.46716551]]]]},"geometry_name":"the_geom","properties":{"nombre":"ESCUELA DE AUTOMOVILISMO FERRARI","localizaci":"CL 57 NO 2D 20","servicio":"EDUCACION","tipo":"ESCCONDUCC","nivel":"EDUCACION NO FORMAL","propiedad":"PRIV","escala":"LOCAL","permanenci":"NO","estruc_eco":"NO","url1":null}},{"type":"Feature","id":"eqp_uco_educacion.2818","geometry":{"type":"MultiPolygon","coordinates":[[[[-76.49331596,3.47313341],[-76.4932627,3.47314918],[-76.49325478,3.47315116],[-76.49321792,3.47302763],[-76.49327862,3.4730093],[-76.49331596,3.47313341]]]]},"geometry_name":"the_geom","properties":{"nombre":"JARDIN INFANTIL SANTA MARIA REAL","localizaci":"KR 1G NO 61A 77","servicio":"EDUCACION","tipo":"JARDININF","nivel":"EDUCACION PREESCOLAR","propiedad":"PRIV","escala":"LOCAL","permanenci":"NO","estruc_eco":"NO","url1":null}},{"type":"Feature","id":"eqp_uco_educacion.2819","geometry":{"type":"MultiPolygon","coordinates":[[[[-76.49340129,3.47382087],[-76.49338401,3.47375984],[-76.49337033,3.47371384],[-76.4934193,3.47369881],[-76.49342434,3.47371582],[-76.49343226,3.47374481],[-76.49345134,3.47380584],[-76.49340129,3.47382087]]]]},"geometry_name":"the_geom","properties":{"nombre":"COLEGIO CRISTIANO RABBITARAH","localizaci":"KR 1D1 NO 61A 84","servicio":"EDUCACION","tipo":"COLEGIO","nivel":"EDUCACION BASICA MEDIA","propiedad":"PRIV","escala":"LOCAL","permanenci":"NO","estruc_eco":"NO","url1":null}},{"type":"Feature","id":"eqp_uco_educacion.2820","geometry":{"type":"MultiPolygon","coordinates":[[[[-76.49672456,3.47249922],[-76.49673248,3.47249625],[-76.49677244,3.4726292],[-76.49676668,3.47263127],[-76.49669358,3.47265323],[-76.49667342,3.47259022],[-76.49665146,3.47252118],[-76.49666838,3.47251623],[-76.49670547,3.47250525],[-76.49671339,3.47250219],[-76.49672456,3.47249922]]]]},"geometry_name":"the_geom","properties":{"nombre":"CENTRO EDUCATIVO BARRANQUILLA","localizaci":"KR 1E NO 59 4","servicio":"EDUCACION","tipo":"CENTEDUC","nivel":"EDUCACION BASICA-EDUCACION MEDIA VOCACIONAL","propiedad":"PUB","escala":"LOCAL","permanenci":"NO","estruc_eco":"NO","url1":null}},{"type":"Feature","id":"eqp_uco_educacion.2821","geometry":{"type":"MultiPolygon","coordinates":[[[[-76.49649228,3.47351117],[-76.49646636,3.47342619],[-76.49645232,3.47337822],[-76.49644728,3.4733612],[-76.49647321,3.47335319],[-76.49647717,3.47335121],[-76.49650021,3.47334419],[-76.49650813,3.47336814],[-76.49652829,3.47343718],[-76.4965463,3.47349524],[-76.49649228,3.47351117]]]]},"geometry_name":"the_geom","properties":{"nombre":"COLEGIO EMMANUEL PRICE","localizaci":"KR 1D NO 59 52","servicio":"EDUCACION","tipo":"COLEGIO","nivel":"EDUCACION BASICA MEDIA","propiedad":"PRIV","escala":"LOCAL","permanenci":"NO","estruc_eco":"NO","url1":null}},{"type":"Feature","id":"eqp_uco_educacion.2822","geometry":{"type":"MultiPolygon","coordinates":[[[[-76.49675375,3.47343253],[-76.49673575,3.47337446],[-76.49671451,3.47330443],[-76.49670767,3.47327842],[-76.49674152,3.47326744],[-76.49675556,3.47326348],[-76.49676384,3.47329048],[-76.4967768,3.47333243],[-76.49679264,3.47338644],[-76.49680164,3.47341651],[-76.49675375,3.47343253]]]]},"geometry_name":"the_geom","properties":{"nombre":"JARDIN INFANTIL UN MUNDO POR CREAR","localizaci":"KR 1D NO 59 22","servicio":"EDUCACION","tipo":"JARDININF","nivel":"EDUCACION PREESCOLAR","propiedad":"PRIV","escala":"LOCAL","permanenci":"NO","estruc_eco":"NO","url1":null}},{"type":"Feature","id":"eqp_uco_educacion.2823","geometry":{"type":"MultiPolygon","coordinates":[[[[-76.4955401,3.47752835],[-76.49556134,3.47752133],[-76.49559339,3.47751134],[-76.49560131,3.47752332],[-76.49557718,3.47754132],[-76.4955581,3.47755437],[-76.49551633,3.47758434],[-76.49546808,3.47761936],[-76.49542307,3.47765239],[-76.4953813,3.47768335],[-76.49536509,3.47769334],[-76.49533413,3.47771639],[-76.49526032,3.4776144],[-76.49526212,3.4776144],[-76.49532009,3.4775964],[-76.4953723,3.47757939],[-76.49542919,3.47756238],[-76.49548825,3.47754338],[-76.4955401,3.47752835]]]]},"geometry_name":"the_geom","properties":{"nombre":"COLEGIO LUIS CARLOS GALAN","localizaci":"KR 1B NO 61A 25","servicio":"EDUCACION","tipo":"COLEGIO","nivel":"EDUCACION BASICA-EDUCACION MEDIA VOCACIONAL","propiedad":"PRIV","escala":"LOCAL","permanenci":"NO","estruc_eco":"NO","url1":null}},{"type":"Feature","id":"eqp_uco_educacion.2824","geometry":{"type":"MultiPolygon","coordinates":[[[[-76.49063273,3.48062477],[-76.49065464,3.48061777],[-76.49068767,3.48060606],[-76.49071375,3.48059777],[-76.49073528,3.48059044],[-76.49077363,3.48057857],[-76.4907926,3.4806318],[-76.49065073,3.48067581],[-76.49064461,3.48066078],[-76.49063957,3.48064377],[-76.49063273,3.48062477]]]]},"geometry_name":"the_geom","properties":{"nombre":"ESCUELA MATERNAL PINOCHO","localizaci":"CL 69 NO 1A11 07","servicio":"EDUCACION","tipo":"ESCUELA","nivel":"EDUCACION PREESCOLAR","propiedad":"PRIV","escala":"LOCAL","permanenci":"NO","estruc_eco":"NO","url1":null}},{"type":"Feature","id":"eqp_uco_educacion.2825","geometry":{"type":"MultiPolygon","coordinates":[[[[-76.49571815,3.47692013],[-76.49571311,3.47690312],[-76.49569007,3.47682615],[-76.49568323,3.47680617],[-76.49567999,3.47679411],[-76.49573616,3.47677611],[-76.49575128,3.47677116],[-76.49579016,3.47689718],[-76.49577612,3.47690213],[-76.49571815,3.47692013]]]]},"geometry_name":"the_geom","properties":{"nombre":"COLEGIO LUIS CARLOS GALAN","localizaci":"KR 1B BIS NO 61A 4","servicio":"EDUCACION","tipo":"COLEGIO","nivel":"EDUCACION BASICA-EDUCACION MEDIA VOCACIONAL","propiedad":"PRIV","escala":"LOCAL","permanenci":"NO","estruc_eco":"NO","url1":null}},{"type":"Feature","id":"eqp_uco_educacion.2826","geometry":{"type":"MultiPolygon","coordinates":[[[[-76.4970043,3.4795097],[-76.49701931,3.479499],[-76.49705021,3.47947697],[-76.49710248,3.47955424],[-76.49705927,3.4795852],[-76.49705243,3.47958926],[-76.49701358,3.47961736],[-76.49698083,3.4795904],[-76.49694693,3.47956216],[-76.49694461,3.47955326],[-76.4970043,3.4795097]]]]},"geometry_name":"the_geom","properties":{"nombre":"JARDIN INFANTIL MELOSITOS","localizaci":"KR 1A BIS NO 61A 107","servicio":"EDUCACION","tipo":"JARDININF","nivel":"EDUCACION PREESCOLAR","propiedad":"PRIV","escala":"LOCAL","permanenci":"NO","estruc_eco":"NO","url1":null}},{"type":"Feature","id":"eqp_uco_educacion.2827","geometry":{"type":"MultiPolygon","coordinates":[[[[-76.48895363,3.47727586],[-76.48901881,3.47724787],[-76.48909369,3.47743285],[-76.48902348,3.47745391],[-76.48895363,3.47727586]]]]},"geometry_name":"the_geom","properties":{"nombre":"COLEGIO MANUELITA SAENZ","localizaci":"KR 1C NO 69 76","servicio":"EDUCACION","tipo":"COLEGIO","nivel":"EDUCACION BASICA MEDIA","propiedad":"PRIV","escala":"LOCAL","permanenci":"NO","estruc_eco":"NO","url1":null}},{"type":"Feature","id":"eqp_uco_educacion.2828","geometry":{"type":"MultiPolygon","coordinates":[[[[-76.49252146,3.4810725],[-76.49252255,3.4810715],[-76.49253443,3.48106448],[-76.49257764,3.48104045],[-76.4926925,3.48113947],[-76.49263344,3.48117152],[-76.49252146,3.4810725]]]]},"geometry_name":"the_geom","properties":{"nombre":"LICEO BILINGÜE GALILEO GALILEI","localizaci":"CL 66 NO 1A6 04","servicio":"EDUCACION","tipo":"LICEO","nivel":"EDUCACION BASICA","propiedad":"PRIV","escala":"LOCAL","permanenci":"NO","estruc_eco":"NO","url1":null}},{"type":"Feature","id":"eqp_uco_educacion.2829","geometry":{"type":"MultiPolygon","coordinates":[[[[-76.48880324,3.47791707],[-76.48878416,3.47785613],[-76.48897932,3.47779511],[-76.4889984,3.47785713],[-76.48880324,3.47791707]]]]},"geometry_name":"the_geom","properties":{"nombre":"COLEGIO SAN SEBASTIAN","localizaci":"CL 70 NO 1B3 14","servicio":"EDUCACION","tipo":"COLEGIO","nivel":"EDUCACION BASICA-EDUCACION MEDIA VOCACIONAL","propiedad":"PRIV","escala":"LOCAL","permanenci":"NO","estruc_eco":"NO","url1":null}},{"type":"Feature","id":"eqp_uco_educacion.2830","geometry":{"type":"MultiPolygon","coordinates":[[[[-76.49385908,3.47871889],[-76.49383528,3.47882205],[-76.49326016,3.47869777],[-76.49329895,3.47850483],[-76.49306202,3.47845246],[-76.49319097,3.47788715],[-76.49388875,3.47804391],[-76.49388558,3.47806624],[-76.49400985,3.47809551],[-76.49396691,3.47828442],[-76.49396603,3.47828788],[-76.49395632,3.47828574],[-76.49385908,3.47871889]]]]},"geometry_name":"the_geom","properties":{"nombre":"COLEGIO REPUBLICA DE ISRAEL","localizaci":"CL 62B NO 1C3 16","servicio":"EDUCACION","tipo":"COLEGIO","nivel":"EDUCACION BASICA","propiedad":"PUB","escala":"ZONAL","permanenci":"SI","estruc_eco":"NO","url1":null}},{"type":"Feature","id":"eqp_uco_educacion.2831","geometry":{"type":"MultiPolygon","coordinates":[[[[-76.49085987,3.47150654],[-76.49081306,3.47152058],[-76.49080694,3.47149952],[-76.49077886,3.47139051],[-76.49077202,3.4713635],[-76.49081883,3.47134856],[-76.49082999,3.47134649],[-76.49086492,3.47133551],[-76.49087284,3.4713645],[-76.490875,3.47137557],[-76.49088076,3.47139753],[-76.49090092,3.47147252],[-76.49090596,3.47149259],[-76.49085987,3.47150654]]]]},"geometry_name":"the_geom","properties":{"nombre":"INSTITUTO LA RIVERA","localizaci":"KR 2 NO 63 18","servicio":"EDUCACION","tipo":"CENTEDUC","nivel":"EDUCACION BASICA-EDUCACION MEDIA VOCACIONAL","propiedad":"PRIV","escala":"LOCAL","permanenci":"NO","estruc_eco":"NO","url1":null}},{"type":"Feature","id":"eqp_uco_educacion.2832","geometry":{"type":"MultiPolygon","coordinates":[[[[-76.48940585,3.46943656],[-76.4894667,3.46941657],[-76.48947282,3.46943656],[-76.4894937,3.46950758],[-76.48936299,3.46954655],[-76.48933599,3.4694596],[-76.48940585,3.46943656]]]]},"geometry_name":"the_geom","properties":{"nombre":"LICEO INFANTIL EL PORTAL DEL SABER","localizaci":"CL 64B NO 2D 99","servicio":"EDUCACION","tipo":"LICEO","nivel":"EDUCACION PREESCOLAR","propiedad":"PRIV","escala":"LOCAL","permanenci":"NO","estruc_eco":"NO","url1":null}},{"type":"Feature","id":"eqp_uco_educacion.2833","geometry":{"type":"MultiPolygon","coordinates":[[[[-76.48927991,3.47093637],[-76.48923995,3.47080441],[-76.48928604,3.47078938],[-76.489326,3.47092242],[-76.48927991,3.47093637]]]]},"geometry_name":"the_geom","properties":{"nombre":"COLEGIO RAROBI YARAH","localizaci":"KR 2C NO 65A 02","servicio":"EDUCACION","tipo":"COLEGIO","nivel":"EDUCACION BASICA","propiedad":"PRIV","escala":"LOCAL","permanenci":"NO","estruc_eco":"NO","url1":null}},{"type":"Feature","id":"eqp_uco_educacion.2834","geometry":{"type":"MultiPolygon","coordinates":[[[[-76.49083962,3.47080685],[-76.4908173,3.4707379],[-76.49079858,3.47067489],[-76.49084358,3.47065986],[-76.49086231,3.47072386],[-76.49088463,3.4707929],[-76.49083962,3.47080685]]]]},"geometry_name":"the_geom","properties":{"nombre":"INSTITUTO TECNICO INPROVACC","localizaci":"KR 2B NO 63 02","servicio":"EDUCACION","tipo":"INSTTCOM","nivel":"EDUCACION TECNICA","propiedad":"PRIV","escala":"LOCAL","permanenci":"NO","estruc_eco":"NO","url1":null}},{"type":"Feature","id":"eqp_uco_educacion.2835","geometry":{"type":"MultiPolygon","coordinates":[[[[-76.48923222,3.47253231],[-76.48936617,3.47249235],[-76.48938021,3.47254033],[-76.4892459,3.47258038],[-76.48923222,3.47253231]]]]},"geometry_name":"the_geom","properties":{"nombre":"INSTITUTO MIXTO DE LA CIENCIA Y EL SABER","localizaci":"CL 67 NO 1I BIS 22","servicio":"EDUCACION","tipo":"CENTEDUC","nivel":"EDUCACION BASICA-EDUCACION MEDIA VOCACIONAL","propiedad":"PRIV","escala":"LOCAL","permanenci":"NO","estruc_eco":"NO","url1":null}},{"type":"Feature","id":"eqp_uco_educacion.2836","geometry":{"type":"MultiPolygon","coordinates":[[[[-76.48829116,3.47243667],[-76.48898285,3.47223052],[-76.4891589,3.47281563],[-76.48846676,3.47302608],[-76.48829116,3.47243667]]]]},"geometry_name":"the_geom","properties":{"nombre":"COLEGIO MARIANO OSPINA PEREZ","localizaci":"CALLE 67 KRA 2","servicio":"EDUCACION","tipo":"COLEGIO","nivel":"EDUCACION BASICA-EDUCACION MEDIA VOCACIONAL","propiedad":"PRIV","escala":"ZONAL","permanenci":"SI","estruc_eco":"NO","url1":null}},{"type":"Feature","id":"eqp_uco_educacion.2837","geometry":{"type":"MultiPolygon","coordinates":[[[[-76.50078486,3.47101162],[-76.50076253,3.4709396],[-76.50075677,3.47091962],[-76.50073373,3.4708486],[-76.5007737,3.47083654],[-76.50079783,3.47082961],[-76.50080971,3.47083159],[-76.50081367,3.47084158],[-76.50085687,3.47099065],[-76.50084067,3.47099461],[-76.50078486,3.47101162]]]]},"geometry_name":"the_geom","properties":{"nombre":"COLEGIO TECNICO MILITAR ALMIRANTE","localizaci":"CL 53 NO 1D 125","servicio":"EDUCACION","tipo":"COLEGIO","nivel":"EDUCACION BASICA-EDUCACION MEDIA VOCACIONAL","propiedad":"PRIV","escala":"ZONAL","permanenci":"NO","estruc_eco":"NO","url1":null}},{"type":"Feature","id":"eqp_uco_educacion.2838","geometry":{"type":"MultiPolygon","coordinates":[[[[-76.5007217,3.47023432],[-76.50066949,3.47025034],[-76.50066553,3.47023936],[-76.50066445,3.47023432],[-76.50062845,3.47011036],[-76.50062557,3.47010136],[-76.50062341,3.47009533],[-76.50061837,3.47007733],[-76.50063853,3.4700713],[-76.50067166,3.47006131],[-76.50067454,3.47007535],[-76.5006785,3.47008732],[-76.50068138,3.47009533],[-76.50071738,3.4702174],[-76.5007217,3.47023432]]]]},"geometry_name":"the_geom","properties":{"nombre":"JARDIN INFANTIL MIS PEQUEÑOS PRINCIPIANTES","localizaci":"KR 1E NO 53 10","servicio":"EDUCACION","tipo":"JARDININF","nivel":"EDUCACION PREESCOLAR","propiedad":"PRIV","escala":"LOCAL","permanenci":"NO","estruc_eco":"NO","url1":null}},{"type":"Feature","id":"eqp_uco_educacion.2839","geometry":{"type":"MultiPolygon","coordinates":[[[[-76.49833758,3.47062747],[-76.49836926,3.47076447],[-76.49836026,3.47077851],[-76.4983473,3.47078652],[-76.49834154,3.4707885],[-76.49832029,3.47079453],[-76.49828033,3.47064349],[-76.49827925,3.4706425],[-76.49828141,3.47064349],[-76.49833758,3.47062747]]]]},"geometry_name":"the_geom","properties":{"nombre":"LICEO INFANTIL BROTES DE ALEGRIA","localizaci":"KR 1E BIS NO 57 02","servicio":"EDUCACION","tipo":"LICEO","nivel":"EDUCACION PREESCOLAR","propiedad":"PRIV","escala":"LOCAL","permanenci":"NO","estruc_eco":"NO","url1":null}},{"type":"Feature","id":"eqp_uco_educacion.2840","geometry":{"type":"MultiPolygon","coordinates":[[[[-76.50169803,3.46942008],[-76.50172235,3.46941284],[-76.5017905,3.46939256],[-76.50180867,3.46938715],[-76.50186876,3.46936927],[-76.50190029,3.46935989],[-76.5019044,3.46937385],[-76.50190837,3.46938731],[-76.50191951,3.46942511],[-76.50192282,3.46943636],[-76.50189871,3.46944352],[-76.50186436,3.46945372],[-76.50187328,3.46948398],[-76.50188045,3.46950831],[-76.50191524,3.46962636],[-76.50191884,3.46963854],[-76.50189723,3.46964497],[-76.50187471,3.46965168],[-76.50182522,3.4696664],[-76.50176797,3.46968344],[-76.50171174,3.46970018],[-76.50168138,3.46959717],[-76.50167759,3.46958432],[-76.50167414,3.46957262],[-76.50168136,3.46957017],[-76.50173888,3.46955209],[-76.50173598,3.46954265],[-76.50169803,3.46942008]]]]},"geometry_name":"the_geom","properties":{"nombre":"COLEGIO TECNICO MILITAR ALMIRANTE SEDE PREESCOLAR","localizaci":"KR 1F NO 52A 17","servicio":"EDUCACION","tipo":"COLEGIO","nivel":"EDUCACION PREESCOLAR_EDUCACION BASICA_EDUCACION MEDIA VOCACIONAL","propiedad":"PRIV","escala":"ZONAL","permanenci":"NO","estruc_eco":"NO","url1":null}},{"type":"Feature","id":"eqp_uco_educacion.2841","geometry":{"type":"MultiPolygon","coordinates":[[[[-76.50067475,3.47055519],[-76.5007356,3.4705362],[-76.5007518,3.47053116],[-76.5007986,3.47069022],[-76.50080076,3.47069823],[-76.5007986,3.47070327],[-76.50079572,3.47070823],[-76.50079068,3.4707102],[-76.50073163,3.4707292],[-76.50072587,3.47071425],[-76.50072371,3.47070723],[-76.50067475,3.47055519]]]]},"geometry_name":"the_geom","properties":{"nombre":"LICEO SANTA INES DE LOS ANDES","localizaci":"KR 1D2 NO 53 04 ESQUINA","servicio":"EDUCACION","tipo":"LICEO","nivel":"EDUCACION PREESCOLAR_EDUCACION BASICA","propiedad":"PRIV","escala":"LOCAL","permanenci":"NO","estruc_eco":"NO","url1":null}},{"type":"Feature","id":"eqp_uco_educacion.2842","geometry":{"type":"MultiPolygon","coordinates":[[[[-76.50270401,3.4690111],[-76.50266371,3.46902296],[-76.50265288,3.46902614],[-76.50264869,3.46901173],[-76.50264473,3.46899867],[-76.50263897,3.46897869],[-76.50261377,3.46889164],[-76.50260751,3.46886988],[-76.50263878,3.46886003],[-76.50266777,3.46885195],[-76.50267442,3.46887475],[-76.50270805,3.4689902],[-76.50271334,3.46900836],[-76.50270401,3.4690111]]]]},"geometry_name":"the_geom","properties":{"nombre":"LICEO CASITA DE LOS SUEÑOS","localizaci":"KR 1G NO 51 25","servicio":"EDUCACION","tipo":"LICEO","nivel":"EDUCACION PREESCOLAR","propiedad":"PRIV","escala":"LOCAL","permanenci":"NO","estruc_eco":"NO","url1":null}},{"type":"Feature","id":"eqp_uco_educacion.2843","geometry":{"type":"MultiPolygon","coordinates":[[[[-76.50029866,3.46384694],[-76.50028246,3.4638509],[-76.5002695,3.46379788],[-76.5002857,3.46379392],[-76.50042181,3.46375792],[-76.50043369,3.46375495],[-76.50044557,3.46375189],[-76.50045061,3.46377295],[-76.50045457,3.4637869],[-76.50045781,3.46379995],[-76.50045853,3.4638049],[-76.50029866,3.46384694]]]]},"geometry_name":"the_geom","properties":{"nombre":"JARDIN INFANTIL TOC TOC","localizaci":"CL 52A NO 4C 54","servicio":"EDUCACION","tipo":"JARDININF","nivel":"EDUCACION PREESCOLAR","propiedad":"PRIV","escala":"LOCAL","permanenci":"NO","estruc_eco":"NO","url1":null}},{"type":"Feature","id":"eqp_uco_educacion.2844","geometry":{"type":"MultiPolygon","coordinates":[[[[-76.50395133,3.47021217],[-76.50395925,3.47021622],[-76.50404638,3.47051724],[-76.5040381,3.47054028],[-76.50350806,3.47070427],[-76.5034843,3.47069626],[-76.50347926,3.47067627],[-76.5034753,3.47066124],[-76.50342922,3.47050317],[-76.50339825,3.47039821],[-76.50341014,3.47037922],[-76.50395133,3.47021217]]]]},"geometry_name":"the_geom","properties":{"nombre":"INTENALCO","localizaci":"KR 1D1 CON CL 51","servicio":"EDUCACION","tipo":"INSTTCOM","nivel":"EDUCACION BASICA-EDUCACION MEDIA VOCACIONAL","propiedad":"PUB","escala":"LOCAL","permanenci":"NO","estruc_eco":"NO","url1":null}},{"type":"Feature","id":"eqp_uco_educacion.2845","geometry":{"type":"MultiPolygon","coordinates":[[[[-76.49346213,3.46760645],[-76.49349562,3.46759586],[-76.49356201,3.46757637],[-76.49355791,3.46755596],[-76.49355215,3.46753894],[-76.49356403,3.46753498],[-76.493613,3.46752094],[-76.49362813,3.46751698],[-76.49363101,3.46751599],[-76.49366017,3.46750897],[-76.4936789,3.46750294],[-76.49372607,3.467488],[-76.49374299,3.46748395],[-76.49375523,3.467479],[-76.493806,3.46746496],[-76.49382401,3.46745893],[-76.49385101,3.46755201],[-76.49388917,3.467681],[-76.49389997,3.46771602],[-76.49370193,3.46777506],[-76.49369451,3.46777883],[-76.49359052,3.46781196],[-76.49355924,3.46782193],[-76.49354197,3.46781716],[-76.49353425,3.46781255],[-76.49352747,3.46780662],[-76.49351526,3.4677851],[-76.49350314,3.46774435],[-76.49346721,3.46762354],[-76.49346213,3.46760645]]]]},"geometry_name":"the_geom","properties":{"nombre":"LICEO MARIA ELVIRA","localizaci":"KR 3BIS NO 60 108","servicio":"EDUCACION","tipo":"LICEO","nivel":"EDUCACION BASICA","propiedad":"PRIV","escala":"LOCAL","permanenci":"NO","estruc_eco":"NO","url1":null}},{"type":"Feature","id":"eqp_uco_educacion.2846","geometry":{"type":"MultiPolygon","coordinates":[[[[-76.48847584,3.46847492],[-76.48853165,3.46845691],[-76.48856658,3.46856295],[-76.4885086,3.46858194],[-76.48847584,3.46847492]]]]},"geometry_name":"the_geom","properties":{"nombre":"COLEGIO ANTONIO GAUDI","localizaci":"KR 4A NO 64A 120","servicio":"EDUCACION","tipo":"COLEGIO","nivel":"EDUCACION BASICA-EDUCACION MEDIA VOCACIONAL","propiedad":"PRIV","escala":"LOCAL","permanenci":"NO","estruc_eco":"NO","url1":null}},{"type":"Feature","id":"eqp_uco_educacion.2847","geometry":{"type":"MultiPolygon","coordinates":[[[[-76.48559168,3.46118914],[-76.48576639,3.46113464],[-76.48576335,3.46112179],[-76.48582109,3.46109998],[-76.48583284,3.46110283],[-76.48600304,3.46163338],[-76.48600621,3.4616439],[-76.48598834,3.46165058],[-76.48576098,3.46171405],[-76.48559168,3.46118914]]]]},"geometry_name":"the_geom","properties":{"nombre":"COLEGIO FRANCISCO DE ASIS","localizaci":"CL 68A NO 7C 91","servicio":"EDUCACION","tipo":"COLEGIO","nivel":"EDUCACION PREESCOLAR_EDUCACION BASICA_EDUCACION MEDIA VOCACIONAL","propiedad":"PRIV","escala":"LOCAL","permanenci":"NO","estruc_eco":"NO","url1":null}},{"type":"Feature","id":"eqp_uco_educacion.2848","geometry":{"type":"MultiPolygon","coordinates":[[[[-76.4856149,3.45585132],[-76.48562917,3.45585827],[-76.48577809,3.45593574],[-76.48567698,3.45613114],[-76.48565885,3.45612173],[-76.48561959,3.45610057],[-76.48552176,3.45604785],[-76.48560606,3.45587148],[-76.4856149,3.45585132]]]]},"geometry_name":"the_geom","properties":{"nombre":"CENTRO DOCENTE LOS PINOS","localizaci":"KR 7M BIS NO 69 25","servicio":"EDUCACION","tipo":"CENTDOC","nivel":"EDUCACION BASICA-EDUCACION MEDIA VOCACIONAL","propiedad":"PUB","escala":"LOCAL","permanenci":"NO","estruc_eco":"NO","url1":null}},{"type":"Feature","id":"eqp_uco_educacion.2849","geometry":{"type":"MultiPolygon","coordinates":[[[[-76.48966491,3.45512613],[-76.48960369,3.45512117],[-76.48960586,3.45509813],[-76.48960766,3.45508112],[-76.48961486,3.45500613],[-76.48961486,3.45500208],[-76.48961666,3.45498111],[-76.48971784,3.45499011],[-76.48970595,3.45513018],[-76.48966491,3.45512613]]]]},"geometry_name":"the_geom","properties":{"nombre":"CENTRO EDUCATIVO SAN JUAN DE LA CRUZ","localizaci":"KR 7S BIS NO 61 15","servicio":"EDUCACION","tipo":"CENTEDUC","nivel":"EDUCACION BASICA-EDUCACION MEDIA VOCACIONAL","propiedad":"PRIV","escala":"LOCAL","permanenci":"NO","estruc_eco":"NO","url1":null}},{"type":"Feature","id":"eqp_uco_educacion.2850","geometry":{"type":"MultiPolygon","coordinates":[[[[-76.48800107,3.45569051],[-76.48801223,3.45557448],[-76.48807021,3.45558051],[-76.48807417,3.45558051],[-76.48809037,3.45558249],[-76.48807814,3.45572222],[-76.48799819,3.45571546],[-76.48800035,3.45569348],[-76.48800107,3.45569051]]]]},"geometry_name":"the_geom","properties":{"nombre":"LICEO MARVEL","localizaci":"KR 7R NO 63 04","servicio":"EDUCACION","tipo":"LICEO","nivel":"EDUCACION PREESCOLAR","propiedad":"PRIV","escala":"LOCAL","permanenci":"NO","estruc_eco":"NO","url1":null}},{"type":"Feature","id":"eqp_uco_educacion.2851","geometry":{"type":"MultiPolygon","coordinates":[[[[-76.48647318,3.45798591],[-76.48660701,3.45794391],[-76.48663023,3.45801675],[-76.48649623,3.45805865],[-76.48647318,3.45798591]]]]},"geometry_name":"the_geom","properties":{"nombre":"LICEO INFANTIL CARITAS FELICES","localizaci":"CL 65A  NO 7J 01","servicio":"EDUCACION","tipo":"LICEO","nivel":"EDUCACION PREESCOLAR_EDUCACION BASICA","propiedad":"PRIV","escala":"LOCAL","permanenci":"NO","estruc_eco":"NO","url1":null}},{"type":"Feature","id":"eqp_uco_educacion.2852","geometry":{"type":"MultiPolygon","coordinates":[[[[-76.48688614,3.4569385],[-76.48689227,3.4568655],[-76.48689335,3.45685452],[-76.48689839,3.45678755],[-76.4869632,3.45679349],[-76.48697725,3.45679448],[-76.48697616,3.45681249],[-76.48697544,3.4568205],[-76.48695815,3.45695858],[-76.48688542,3.45695353],[-76.48688614,3.4569385]]]]},"geometry_name":"the_geom","properties":{"nombre":"CENTRO EDUCATIVO MENTES CREATIVAS","localizaci":"KR 7M BIS NO 65 02","servicio":"EDUCACION","tipo":"CENTEDUC","nivel":"EDUCACION PREESCOLAR_EDUCACION BASICA","propiedad":"PRIV","escala":"LOCAL","permanenci":"NO","estruc_eco":"NO","url1":null}},{"type":"Feature","id":"eqp_uco_educacion.2853","geometry":{"type":"MultiPolygon","coordinates":[[[[-76.48662536,3.45564115],[-76.48663545,3.45552314],[-76.48668729,3.45552818],[-76.48668441,3.45556113],[-76.48668333,3.45557418],[-76.48667757,3.4556452],[-76.48667541,3.45566914],[-76.48665032,3.45566723],[-76.48662359,3.45566477],[-76.48662536,3.45564115]]]]},"geometry_name":"the_geom","properties":{"nombre":"COLEGIO ANDALUZ","localizaci":"KR 7R  NO 65 40","servicio":"EDUCACION","tipo":"COLEGIO","nivel":"EDUCACION BASICA-EDUCACION MEDIA VOCACIONAL","propiedad":"PRIV","escala":"LOCAL","permanenci":"NO","estruc_eco":"NO","url1":null}},{"type":"Feature","id":"eqp_uco_educacion.2854","geometry":{"type":"MultiPolygon","coordinates":[[[[-76.48761605,3.46035988],[-76.48760533,3.46032623],[-76.48760137,3.46031525],[-76.48778825,3.4602562],[-76.48779257,3.46025521],[-76.48779041,3.46024918],[-76.48786134,3.46022623],[-76.48786295,3.4602255],[-76.48786354,3.4602275],[-76.48786408,3.46022733],[-76.48786459,3.4602292],[-76.4879204,3.4602112],[-76.48792328,3.46021021],[-76.48792148,3.46020418],[-76.4880133,3.4601752],[-76.48802662,3.46021625],[-76.4880223,3.46021724],[-76.4880223,3.46021823],[-76.48807054,3.4603682],[-76.48807162,3.46037126],[-76.48807846,3.46039421],[-76.48810942,3.46049422],[-76.48812238,3.46053328],[-76.48771334,3.46066325],[-76.48771145,3.46066269],[-76.48771154,3.46066325],[-76.48768503,3.46057903],[-76.48766591,3.46051513],[-76.48779008,3.46047109],[-76.48776151,3.46038878],[-76.48764002,3.46043318],[-76.48761605,3.46035988]]]]},"geometry_name":"the_geom","properties":{"nombre":"ESCUELA CARLOS HOLGUIN SARDI","localizaci":"KR 7D BIS  64 00","servicio":"EDUCACION","tipo":"ESCUELA","nivel":"EDUCACION PREESCOLAR_EDUCACION BASICA","propiedad":"PUB","escala":"LOCAL","permanenci":"NO","estruc_eco":"NO","url1":null}},{"type":"Feature","id":"eqp_uco_educacion.2855","geometry":{"type":"MultiPolygon","coordinates":[[[[-76.51112212,3.47642156],[-76.51110701,3.47643651],[-76.51109009,3.47645353],[-76.51108722,3.4764565],[-76.51104903,3.47641854],[-76.51111703,3.47633849],[-76.51122318,3.47621647],[-76.51127505,3.47627441],[-76.5112092,3.47633745],[-76.51120416,3.47634249],[-76.51119229,3.47635447],[-76.51117718,3.47636951],[-76.51116602,3.4763805],[-76.51113723,3.47640751],[-76.51112212,3.47642156]]]]},"geometry_name":"the_geom","properties":{"nombre":"CENTRO DOCENTE APSALON FERNANDO DE SOTO NO 59","localizaci":"KR 3A N NO 46B N 11","servicio":"EDUCACION","tipo":"CENTDOC","nivel":"EDUCACION BASICA-EDUCACION MEDIA VOCACIONAL","propiedad":"PUB","escala":"LOCAL","permanenci":"NO","estruc_eco":"NO","url1":null}},{"type":"Feature","id":"eqp_uco_educacion.2856","geometry":{"type":"MultiPolygon","coordinates":[[[[-76.51138594,3.47427028],[-76.51137425,3.47427934],[-76.51136489,3.47428961],[-76.51135297,3.47430074],[-76.51133851,3.47431529],[-76.51132404,3.47433155],[-76.51131128,3.4743461],[-76.51130277,3.47435466],[-76.51130317,3.4743543],[-76.51128914,3.47436826],[-76.51126719,3.47439033],[-76.51126611,3.47438934],[-76.51123008,3.47434435],[-76.51120703,3.47431736],[-76.51119694,3.47430333],[-76.51117388,3.47427535],[-76.51116307,3.4742614],[-76.5111501,3.47424539],[-76.51112812,3.4742184],[-76.51111407,3.47420041],[-76.51111083,3.47419735],[-76.5111281,3.47417934],[-76.51115905,3.47414737],[-76.51122706,3.47407632],[-76.51138594,3.47427028]]]]},"geometry_name":"the_geom","properties":{"nombre":"COLEGIO DEPARTAMENTAL GUILLERMO VALENCIA","localizaci":"CL 45A N NO 5 106","servicio":"EDUCACION","tipo":"COLEGIO","nivel":"EDUCACION BASICA-EDUCACION MEDIA VOCACIONAL","propiedad":"PRIV","escala":"LOCAL","permanenci":"NO","estruc_eco":"NO","url1":null}},{"type":"Feature","id":"eqp_uco_educacion.2857","geometry":{"type":"MultiPolygon","coordinates":[[[[-76.51124168,3.46983408],[-76.51117368,3.46991908],[-76.51115747,3.46990712],[-76.51103248,3.46980512],[-76.51105047,3.46978216],[-76.51107962,3.46974614],[-76.51110048,3.46972111],[-76.51112966,3.46974413],[-76.51122655,3.46982202],[-76.51124168,3.46983408]]]]},"geometry_name":"the_geom","properties":{"nombre":"LICEO AUSUBEL","localizaci":"KR 2 N NO 42 66","servicio":"EDUCACION","tipo":"LICEO","nivel":"EDUCACION PREESCOLAR_EDUCACION BASICA","propiedad":"PRIV","escala":"LOCAL","permanenci":"NO","estruc_eco":"NO","url1":null}},{"type":"Feature","id":"eqp_uco_educacion.2858","geometry":{"type":"MultiPolygon","coordinates":[[[[-76.50116347,3.47063254],[-76.50123125,3.47061146],[-76.50129553,3.47059148],[-76.50130062,3.47058989],[-76.50130484,3.47058858],[-76.50130836,3.47058749],[-76.50131226,3.47058627],[-76.50131675,3.47058488],[-76.50131759,3.47058779],[-76.50131848,3.47058752],[-76.50131959,3.47059056],[-76.50134189,3.47065174],[-76.50143547,3.47062186],[-76.50148015,3.47076792],[-76.50145059,3.47077714],[-76.5012203,3.47084778],[-76.50116347,3.47063254]]]]},"geometry_name":"the_geom","properties":{"nombre":"COLEGIO PARROQUIAL NUESTRA SEÑORA DE LOS ANDES","localizaci":"KR 1D2 NO 52B 84","servicio":"EDUCACION","tipo":"COLEGIO","nivel":"EDUCACION BASICA","propiedad":"PRIV","escala":"LOCAL","permanenci":"NO","estruc_eco":"NO","url1":null}},{"type":"Feature","id":"eqp_uco_educacion.2859","geometry":{"type":"MultiPolygon","coordinates":[[[[-76.50121258,3.46854737],[-76.50129442,3.46852208],[-76.50130167,3.46852385],[-76.50130975,3.46852929],[-76.50131516,3.46853742],[-76.50131875,3.46854554],[-76.50134574,3.46863421],[-76.50137364,3.46872557],[-76.50135565,3.46873093],[-76.50133582,3.46873729],[-76.50127556,3.46875537],[-76.50126115,3.46870747],[-76.50124766,3.46866225],[-76.50122425,3.46858446],[-76.50121258,3.46854737]]]]},"geometry_name":"the_geom","properties":{"nombre":"LICEO LA PIEDAD","localizaci":"CL 52A NO 1E 95","servicio":"EDUCACION","tipo":"LICEO","nivel":"EDUCACION BASICA","propiedad":"PRIV","escala":"LOCAL","permanenci":"NO","estruc_eco":"NO","url1":null}},{"type":"Feature","id":"eqp_uco_educacion.2860","geometry":{"type":"MultiPolygon","coordinates":[[[[-76.50660972,3.47622494],[-76.50659675,3.47621298],[-76.50654452,3.47616405],[-76.50649841,3.47612105],[-76.50645051,3.47607706],[-76.50642853,3.4760561],[-76.50647459,3.47600603],[-76.50650953,3.47603806],[-76.5065207,3.47604903],[-76.50654051,3.47606801],[-76.50664353,3.47616399],[-76.5066547,3.47617596],[-76.50660972,3.47622494]]]]},"geometry_name":"the_geom","properties":{"nombre":"LICEO INFANTIL SHERWOOD","localizaci":"KR 4 N NO 50 60","servicio":"EDUCACION","tipo":"LICEO","nivel":"EDUCACION PREESCOLAR_EDUCACION BASICA","propiedad":"PRIV","escala":"LOCAL","permanenci":"NO","estruc_eco":"NO","url1":null}},{"type":"Feature","id":"eqp_uco_educacion.2861","geometry":{"type":"MultiPolygon","coordinates":[[[[-76.50069923,3.4838397],[-76.50070534,3.48381675],[-76.50075099,3.48366668],[-76.5007571,3.48364967],[-76.50076429,3.48362662],[-76.50076824,3.48361267],[-76.50082297,3.48362965],[-76.50081399,3.48365864],[-76.50079135,3.48373363],[-76.50078416,3.48375865],[-76.50076008,3.48383364],[-76.50075433,3.48385668],[-76.50069923,3.4838397]]]]},"geometry_name":"the_geom","properties":{"nombre":"COLEGIO MIXTO SAN VICENTE","localizaci":"CL 64 N NO 4A 53","servicio":"EDUCACION","tipo":"COLEGIO","nivel":"EDUCACION PREESCOLAR  BASICA MEDIA","propiedad":"PRIV","escala":"LOCAL","permanenci":"NO","estruc_eco":"NO","url1":null}},{"type":"Feature","id":"eqp_uco_educacion.2862","geometry":{"type":"MultiPolygon","coordinates":[[[[-76.50189283,3.48465711],[-76.50183774,3.48464112],[-76.50184493,3.48461915],[-76.50189165,3.48447611],[-76.50194567,3.48449408],[-76.50192662,3.48455106],[-76.50192158,3.48456808],[-76.50192087,3.48457006],[-76.50189786,3.48463911],[-76.50189283,3.48465711]]]]},"geometry_name":"the_geom","properties":{"nombre":"COLEGIO MIXTO SAN VICENTE","localizaci":"CL 65 N NO 5 33","servicio":"EDUCACION","tipo":"COLEGIO","nivel":"EDUCACION PREESCOLAR  BASICA MEDIA","propiedad":"PRIV","escala":"LOCAL","permanenci":"NO","estruc_eco":"NO","url1":null}},{"type":"Feature","id":"eqp_uco_educacion.2863","geometry":{"type":"MultiPolygon","coordinates":[[[[-76.50257914,3.4854738],[-76.50219221,3.48535267],[-76.50197315,3.48528412],[-76.50195436,3.48527851],[-76.50195232,3.48527782],[-76.50197414,3.48520511],[-76.50197701,3.48519809],[-76.50208375,3.48484503],[-76.50211506,3.48482998],[-76.5027031,3.48501669],[-76.50271499,3.48503567],[-76.50270709,3.48506169],[-76.50264922,3.48524974],[-76.50264419,3.48526676],[-76.50257914,3.4854738]]]]},"geometry_name":"the_geom","properties":{"nombre":"CENTRO DOCENTE FRAY DOMINGO DE LAS CASAS NO 62","localizaci":"CL 65 N NO 6 N 40","servicio":"EDUCACION","tipo":"CENTDOC","nivel":"EDUCACION BASICA-EDUCACION MEDIA VOCACIONAL","propiedad":"PUB","escala":"ZONAL","permanenci":"NO","estruc_eco":"NO","url1":null}},{"type":"Feature","id":"eqp_uco_educacion.2864","geometry":{"type":"MultiPolygon","coordinates":[[[[-76.50108933,3.48549856],[-76.50106633,3.48557265],[-76.50085604,3.4855067],[-76.50085927,3.48549671],[-76.50087005,3.48545971],[-76.50087616,3.48543973],[-76.50087796,3.48543469],[-76.50092297,3.4854487],[-76.5009651,3.48546065],[-76.50104612,3.48548662],[-76.50105116,3.4854876],[-76.50108933,3.48549856]]]]},"geometry_name":"the_geom","properties":{"nombre":"COLEGIO MIGUEL ANGEL BUENAROTTI","localizaci":"KR 5 NO 66 36","servicio":"EDUCACION","tipo":"COLEGIO","nivel":"EDUCACION BASICA-EDUCACION MEDIA VOCACIONAL","propiedad":"PRIV","escala":"LOCAL","permanenci":"NO","estruc_eco":"NO","url1":null}},{"type":"Feature","id":"eqp_uco_educacion.2865","geometry":{"type":"MultiPolygon","coordinates":[[[[-76.500081,3.48506214],[-76.50005976,3.48505612],[-76.50004571,3.48505118],[-76.50002699,3.48504516],[-76.50003166,3.48502716],[-76.50003597,3.48501716],[-76.50004963,3.48497215],[-76.50007982,3.48487115],[-76.50008665,3.4848481],[-76.50014066,3.4848641],[-76.50013563,3.48488111],[-76.50013383,3.48488813],[-76.50011586,3.4849461],[-76.50011083,3.4849651],[-76.50008999,3.48503315],[-76.50008783,3.48503712],[-76.5000828,3.48505413],[-76.500081,3.48506214]]]]},"geometry_name":"the_geom","properties":{"nombre":"CENTRO INTEGRAL DE ESTIMULACION","localizaci":"CL 66 N NO 4 N 86","servicio":"EDUCACION","tipo":"CENTPRE","nivel":"EDUCACION PREESCOLAR","propiedad":"PRIV","escala":"LOCAL","permanenci":"NO","estruc_eco":"NO","url1":null}},{"type":"Feature","id":"eqp_uco_educacion.2866","geometry":{"type":"MultiPolygon","coordinates":[[[[-76.49990865,3.48657928],[-76.49992267,3.48653634],[-76.49993166,3.48650835],[-76.49994172,3.48647531],[-76.49997047,3.48638025],[-76.49997442,3.48636827],[-76.50003348,3.48638723],[-76.50002953,3.4863992],[-76.50001156,3.48645628],[-76.50000149,3.48648923],[-76.49998065,3.48655431],[-76.49997561,3.48656926],[-76.49996771,3.48659725],[-76.49993062,3.48658629],[-76.49990865,3.48657928]]]]},"geometry_name":"the_geom","properties":{"nombre":"JARDIN INFANTIL MIS OVEJITAS","localizaci":"CL 69 N NO 4 A 14","servicio":"EDUCACION","tipo":"JARDININF","nivel":"EDUCACION PREESCOLAR","propiedad":"PRIV","escala":"LOCAL","permanenci":"NO","estruc_eco":"NO","url1":null}},{"type":"Feature","id":"eqp_uco_educacion.2867","geometry":{"type":"MultiPolygon","coordinates":[[[[-76.50340602,3.48128502],[-76.50331714,3.48137508],[-76.50334415,3.48140107],[-76.50308617,3.48168923],[-76.50273931,3.48207852],[-76.5027116,3.48210851],[-76.5026785,3.48214651],[-76.50271164,3.48217754],[-76.5023216,3.48261473],[-76.50228666,3.48258379],[-76.50191173,3.48300297],[-76.50189302,3.48302503],[-76.50186278,3.48302802],[-76.50186098,3.48302703],[-76.50182388,3.48300302],[-76.50146372,3.48277118],[-76.50141762,3.48274124],[-76.50107151,3.48251839],[-76.50102865,3.48249042],[-76.50060618,3.48221668],[-76.50056224,3.48218871],[-76.50054533,3.48220267],[-76.50054137,3.4821997],[-76.50039731,3.48210879],[-76.50038614,3.48209673],[-76.50038109,3.48208179],[-76.50038108,3.48206577],[-76.50038827,3.48205173],[-76.50067797,3.48181458],[-76.50073195,3.48177054],[-76.50082912,3.48169047],[-76.50079598,3.48165854],[-76.50081613,3.48164152],[-76.50140776,3.48116218],[-76.50232149,3.48042057],[-76.50288703,3.48096237],[-76.50292305,3.48099727],[-76.50331606,3.48137409],[-76.50340421,3.48128304],[-76.50340602,3.48128502]]]]},"geometry_name":"the_geom","properties":{"nombre":"COLEGIO INEM _ICBF INEM JORGE ISAACS","localizaci":"KR 4N NO 60 27","servicio":"EDUCACION","tipo":"COLEGIO","nivel":"EDUCACION BASICA-EDUCACION MEDIA VOCACIONAL","propiedad":"PUB","escala":"URBANA","permanenci":"SI","estruc_eco":"NO","url1":null}},{"type":"Feature","id":"eqp_uco_educacion.2868","geometry":{"type":"MultiPolygon","coordinates":[[[[-76.50402214,3.48311398],[-76.50415124,3.48318976],[-76.50394327,3.48342686],[-76.50343854,3.48414719],[-76.50267428,3.48365564],[-76.50307897,3.48301439],[-76.50308616,3.48300332],[-76.50311997,3.4829493],[-76.50313508,3.48292733],[-76.50330379,3.48266019],[-76.50402214,3.48311398]]]]},"geometry_name":"the_geom","properties":{"nombre":"COLEGIO BIENESTAR SOCIAL","localizaci":"KR 6 N CON CL 62 N","servicio":"EDUCACION","tipo":"COLEGIO","nivel":"EDUCACION PREESCOLAR_EDUCACION BASICA_EDUCACION MEDIA VOCACIONAL","propiedad":"PUB","escala":"ZONAL","permanenci":"SI","estruc_eco":"NO","url1":null}},{"type":"Feature","id":"eqp_uco_educacion.2869","geometry":{"type":"MultiPolygon","coordinates":[[[[-76.50633128,3.47729823],[-76.50631831,3.47728618],[-76.50628013,3.4772502],[-76.50627328,3.47724219],[-76.50627112,3.4772412],[-76.50623514,3.4772793],[-76.50615526,3.47735926],[-76.50614734,3.47736827],[-76.50591103,3.4771414],[-76.50605713,3.47699534],[-76.50615212,3.47689331],[-76.50616004,3.47689024],[-76.50617408,3.4768923],[-76.50618309,3.47689824],[-76.50638517,3.47709218],[-76.5064601,3.47716513],[-76.50644606,3.47717909],[-76.50637806,3.47725014],[-76.50633128,3.47729823]]]]},"geometry_name":"the_geom","properties":{"nombre":"INSTITUTO EDUCATIVO INEM","localizaci":"KR 4 N NO 51A 33","servicio":"EDUCACION","tipo":"CENTEDUC","nivel":"EDUCACION BASICA-EDUCACION MEDIA VOCACIONAL","propiedad":"PUB","escala":"LOCAL","permanenci":"NO","estruc_eco":"NO","url1":null}},{"type":"Feature","id":"eqp_uco_educacion.2870","geometry":{"type":"MultiPolygon","coordinates":[[[[-76.5141484,3.4708275],[-76.51414624,3.47082948],[-76.51395153,3.47095667],[-76.51375542,3.47114579],[-76.51374354,3.47113267],[-76.51369406,3.4711865],[-76.51353737,3.4710196],[-76.51374627,3.4708138],[-76.51376622,3.47083463],[-76.51378332,3.47081969],[-76.51379844,3.47080573],[-76.5138191,3.47078785],[-76.51381335,3.47078111],[-76.51383416,3.47076351],[-76.51390329,3.47084609],[-76.51402899,3.47077535],[-76.51399766,3.47074289],[-76.51425711,3.47044718],[-76.51441239,3.47061335],[-76.51443888,3.47064169],[-76.5141484,3.4708275]]]]},"geometry_name":"the_geom","properties":{"nombre":"CENTRO DOCENTE IGNACIO RENGIFO NO 58","localizaci":"CL 42 N NO 5A N 24","servicio":"EDUCACION","tipo":"CENTDOC","nivel":"EDUCACION PREESCOLAR_EDUCACION BASICA","propiedad":"PUB","escala":"ZONAL","permanenci":"SI","estruc_eco":"NO","url1":null}},{"type":"Feature","id":"eqp_uco_educacion.2871","geometry":{"type":"MultiPolygon","coordinates":[[[[-76.51395406,3.47326524],[-76.51395957,3.47326947],[-76.51400257,3.47322631],[-76.51411644,3.47334712],[-76.51414382,3.47337552],[-76.51401096,3.47352246],[-76.5139714,3.47348375],[-76.51398786,3.4734598],[-76.51393737,3.47341021],[-76.51392148,3.47339995],[-76.51391127,3.47341021],[-76.51386307,3.47337339],[-76.51395406,3.47326524]]]]},"geometry_name":"the_geom","properties":{"nombre":"CENTRO DOCENTE VEINTE Y UNO DE SEPTIEMBRE NO 53","localizaci":"KR 9 N NO 43 03","servicio":"EDUCACION","tipo":"CENTDOC","nivel":"EDUCACION BASICA-EDUCACION MEDIA VOCACIONAL","propiedad":"PUB","escala":"LOCAL","permanenci":"NO","estruc_eco":"NO","url1":null}},{"type":"Feature","id":"eqp_uco_educacion.2872","geometry":{"type":"MultiPolygon","coordinates":[[[[-76.50958713,3.47200445],[-76.50937365,3.47230926],[-76.50935854,3.47232826],[-76.50929116,3.47229284],[-76.50917769,3.47223583],[-76.50916393,3.47225483],[-76.50909001,3.47219091],[-76.50884422,3.47198346],[-76.5092056,3.47163541],[-76.50926501,3.47164537],[-76.50958713,3.47200445]]]]},"geometry_name":"the_geom","properties":{"nombre":"CENTRO DOCENTE RAFAEL ZAMORANO DISTRITO UNO A","localizaci":"KR 1 NO 45A N 55","servicio":"EDUCACION","tipo":"CENTDOC","nivel":"EDUCACION PREESCOLAR_EDUCACION BASICA","propiedad":"PUB","escala":"ZONAL","permanenci":"NO","estruc_eco":"NO","url1":null}},{"type":"Feature","id":"eqp_uco_educacion.2873","geometry":{"type":"MultiPolygon","coordinates":[[[[-76.51221773,3.47184265],[-76.51224871,3.47181566],[-76.51237081,3.47195552],[-76.51232475,3.47199362],[-76.51232295,3.4719956],[-76.51231899,3.47199758],[-76.51221595,3.47187262],[-76.51221773,3.47184265]]]]},"geometry_name":"the_geom","properties":{"nombre":"CENTRO DE CAPACITACION POPULAR","localizaci":"KR 5 N NO 43 57","servicio":"EDUCACION","tipo":"INSTEDUCI","nivel":"EDUCACION NO FORMAL","propiedad":"PUB","escala":"LOCAL","permanenci":"NO","estruc_eco":"NO","url1":null}},{"type":"Feature","id":"eqp_uco_educacion.2874","geometry":{"type":"MultiPolygon","coordinates":[[[[-76.51319546,3.4729382],[-76.51316631,3.47296315],[-76.51313643,3.47296217],[-76.51311661,3.47293617],[-76.51316159,3.47289916],[-76.51326128,3.47281513],[-76.51329046,3.47284913],[-76.51329334,3.47285408],[-76.51319546,3.4729382]]]]},"geometry_name":"the_geom","properties":{"nombre":"LICEO BRILLANTE JUVENTUD","localizaci":"KR 43 N NO 6 67","servicio":"EDUCACION","tipo":"LICEO","nivel":"EDUCACION BASICA-EDUCACION MEDIA VOCACIONAL","propiedad":"PRIV","escala":"LOCAL","permanenci":"NO","estruc_eco":"NO","url1":null}},{"type":"Feature","id":"eqp_uco_educacion.2875","geometry":{"type":"MultiPolygon","coordinates":[[[[-76.51266464,3.46937022],[-76.51248124,3.46910435],[-76.51293722,3.46877702],[-76.5131073,3.469051],[-76.51319847,3.46919694],[-76.51323342,3.46925389],[-76.51309847,3.46935297],[-76.5129977,3.4694271],[-76.51298258,3.46943809],[-76.51287461,3.46951717],[-76.51280264,3.46957014],[-76.51271148,3.46943824],[-76.51266464,3.46937022]]]]},"geometry_name":"the_geom","properties":{"nombre":"CENTRO DOCENTE JOSE ANTONIO GALAN","localizaci":"CL 41 N NO 3 N 11","servicio":"EDUCACION","tipo":"CENTDOC","nivel":"EDUCACION BASICA-EDUCACION MEDIA VOCACIONAL","propiedad":"PUB","escala":"LOCAL","permanenci":"NO","estruc_eco":"NO","url1":null}},{"type":"Feature","id":"eqp_uco_educacion.2876","geometry":{"type":"MultiPolygon","coordinates":[[[[-76.51008284,3.47493282],[-76.5097833,3.4752387],[-76.50970947,3.47516002],[-76.51001128,3.47485415],[-76.51008284,3.47493282]]]]},"geometry_name":"the_geom","properties":{"nombre":"COLEGIO SAGRADA FAMILIA Y MARIA INMACULADA","localizaci":"CL 46B N NO  5 N 52","servicio":"EDUCACION","tipo":"COLEGIO","nivel":"EDUCACION PREESCOLAR_EDUCACION BASICA","propiedad":"PRIV","escala":"ZONAL","permanenci":"NO","estruc_eco":"NO","url1":null}},{"type":"Feature","id":"eqp_uco_educacion.2877","geometry":{"type":"MultiPolygon","coordinates":[[[[-76.50518477,3.48260295],[-76.50524233,3.48266837],[-76.5050506,3.4827614],[-76.50490777,3.48258174],[-76.50502267,3.48244508],[-76.50518477,3.48260295]]]]},"geometry_name":"the_geom","properties":{"nombre":"CENTRO DOCENTE CAMILO TORRES","localizaci":"AV 9 N NO 56 N 14","servicio":"EDUCACION","tipo":"CENTDOC","nivel":"EDUCACION PREESCOLAR_EDUCACION BASICA_EDUCACION MEDIA VOCACIONAL","propiedad":"PUB","escala":"LOCAL","permanenci":"NO","estruc_eco":"NO","url1":null}},{"type":"Feature","id":"eqp_uco_educacion.2878","geometry":{"type":"MultiPolygon","coordinates":[[[[-76.56262196,3.45238179],[-76.56262255,3.45238094],[-76.56262254,3.45229849],[-76.56260962,3.4522041],[-76.56260915,3.45220246],[-76.56265979,3.45219442],[-76.56268559,3.45237833],[-76.56268041,3.45238007],[-76.562683,3.45239742],[-76.56262428,3.4524035],[-76.56262196,3.45238179]]]]},"geometry_name":"the_geom","properties":{"nombre":"LICEO SAN FRANCISCO","localizaci":"AV 4 OESTE NO 21_120","servicio":"EDUCACION","tipo":"LICEO","nivel":"EDUCACION BASICA","propiedad":"PRIV","escala":"LOCAL","permanenci":"NO","estruc_eco":"NO","url1":null}},{"type":"Feature","id":"eqp_uco_educacion.2879","geometry":{"type":"MultiPolygon","coordinates":[[[[-76.55879746,3.45482308],[-76.55888296,3.45477426],[-76.55915386,3.45466843],[-76.55915836,3.45468384],[-76.5592135,3.45466422],[-76.5592398,3.45475175],[-76.5591778,3.45500984],[-76.55918838,3.45514368],[-76.55899075,3.4552705],[-76.55880995,3.45519608],[-76.5588836,3.45501448],[-76.55879746,3.45482308]]]]},"geometry_name":"the_geom","properties":{"nombre":"ESCUELA JOSE CELESTINO MUTIS","localizaci":null,"servicio":"EDUCACION","tipo":"ESCUELA","nivel":"EDUCACION PREESCOLAR_EDUCACION BASICA","propiedad":"PUB","escala":"LOCAL","permanenci":"NO","estruc_eco":"NO","url1":null}},{"type":"Feature","id":"eqp_uco_educacion.2880","geometry":{"type":"MultiPolygon","coordinates":[[[[-76.55808722,3.45916195],[-76.55820242,3.45913786],[-76.55829422,3.45912377],[-76.55831043,3.45913384],[-76.55871618,3.4591266],[-76.55865149,3.45934265],[-76.5587676,3.45967758],[-76.55884369,3.45990255],[-76.55876886,3.46000556],[-76.55863891,3.46004667],[-76.55851023,3.45994347],[-76.55835275,3.45984667],[-76.55809474,3.45975193],[-76.55783078,3.45963957],[-76.55753922,3.45948851],[-76.5574044,3.45943828],[-76.55743413,3.45915331],[-76.55748309,3.45915823],[-76.55769517,3.45919115],[-76.55798934,3.45924301],[-76.55800842,3.45923796],[-76.55801022,3.45923697],[-76.55805339,3.45917097],[-76.55808722,3.45916294],[-76.55808722,3.45916195]]]]},"geometry_name":"the_geom","properties":{"nombre":"ESCUELA NANITAS","localizaci":"AV 12 CL 18 OESTE","servicio":"EDUCACION","tipo":"ESCUELA","nivel":"EDUCACION PREESCOLAR","propiedad":"PRIV","escala":"LOCAL","permanenci":"NO","estruc_eco":"NO","url1":null}},{"type":"Feature","id":"eqp_uco_educacion.2881","geometry":{"type":"MultiPolygon","coordinates":[[[[-76.56142624,3.45896463],[-76.56141112,3.45896167],[-76.56136759,3.45896687],[-76.56090503,3.45905545],[-76.56089512,3.45905729],[-76.56082587,3.45906901],[-76.56078796,3.45906794],[-76.56076371,3.45902563],[-76.56075204,3.4590464],[-76.56074754,3.45905092],[-76.56073323,3.45905798],[-76.56071811,3.45906105],[-76.56070299,3.45905701],[-76.56058991,3.45900009],[-76.56056505,3.45897707],[-76.56054416,3.45895008],[-76.5602679,3.45873926],[-76.5602589,3.45873728],[-76.56024197,3.45872829],[-76.56022793,3.45871327],[-76.56021999,3.45869626],[-76.56021674,3.45867628],[-76.56021997,3.45865729],[-76.56022968,3.45863028],[-76.56012109,3.458598],[-76.56012118,3.45859782],[-76.56023352,3.45839108],[-76.56032876,3.45828041],[-76.56051925,3.45820563],[-76.56085559,3.45845386],[-76.56088733,3.4584092],[-76.56168412,3.45915647],[-76.5616754,3.4591676],[-76.5616431,3.45919447],[-76.56162681,3.45921013],[-76.56156537,3.4592586],[-76.56145409,3.45920565],[-76.56145625,3.45920357],[-76.56147641,3.4591906],[-76.56150015,3.45916359],[-76.56151706,3.45913154],[-76.56152316,3.45909454],[-76.56152026,3.45905854],[-76.561508,3.4590266],[-76.56148602,3.45899763],[-76.56145613,3.45897559],[-76.56142624,3.45896463]]]]},"geometry_name":"the_geom","properties":{"nombre":"COLEGIO NUESTRA SEÑORA DEL PILAR","localizaci":"AV AGUACATALKM 2,5","servicio":"EDUCACION","tipo":"COLEGIO","nivel":"EDUCACION PREESCOLAR_EDUCACION BASICA_EDUCACION MEDIA VOCACIONAL","propiedad":"PRIV","escala":"ZONAL","permanenci":"NO","estruc_eco":"NO","url1":null}},{"type":"Feature","id":"eqp_uco_educacion.2882","geometry":{"type":"MultiPolygon","coordinates":[[[[-76.56310395,3.45348489],[-76.56321484,3.45347888],[-76.56321775,3.45354189],[-76.56317167,3.45354488],[-76.56312883,3.45354886],[-76.56310687,3.45354996],[-76.56310579,3.45354996],[-76.56304331,3.45355296],[-76.56304161,3.45353509],[-76.56302213,3.45353253],[-76.56302043,3.45348911],[-76.56306867,3.45348697],[-76.56310395,3.45348489]]]]},"geometry_name":"the_geom","properties":{"nombre":"JARDIN INFANTIL AVENTURAS","localizaci":"CL 21 OESTE NO 6_42","servicio":"EDUCACION","tipo":"JARDININF","nivel":"EDUCACION PREESCOLAR","propiedad":"PRIV","escala":"LOCAL","permanenci":"NO","estruc_eco":"NO","url1":null}},{"type":"Feature","id":"eqp_uco_educacion.2883","geometry":{"type":"MultiPolygon","coordinates":[[[[-76.56912488,3.45179052],[-76.5691152,3.45166251],[-76.56910174,3.45155983],[-76.56906603,3.45150297],[-76.56901299,3.45146197],[-76.56891925,3.45141653],[-76.5687587,3.45140251],[-76.56861987,3.45140914],[-76.56856366,3.45141259],[-76.56844608,3.45148184],[-76.56826227,3.45159187],[-76.56824952,3.45155064],[-76.56824034,3.4514924],[-76.56820954,3.45129692],[-76.56823832,3.45127695],[-76.56830624,3.45123067],[-76.56834404,3.45120492],[-76.56844148,3.45114499],[-76.56852388,3.45109927],[-76.56856295,3.45106183],[-76.56861033,3.45102419],[-76.56866114,3.4509914],[-76.56871491,3.45096376],[-76.56874017,3.45098812],[-76.56880327,3.45093286],[-76.56887149,3.45087692],[-76.56891808,3.45086253],[-76.56897611,3.45086679],[-76.56906232,3.45090339],[-76.56910647,3.45092774],[-76.56919115,3.45100003],[-76.5692262,3.45104105],[-76.56926934,3.45115974],[-76.56927175,3.4513718],[-76.56923503,3.45154873],[-76.56917617,3.4517984],[-76.56912488,3.45179052]]]]},"geometry_name":"the_geom","properties":{"nombre":"ESCUELA ULPIANO LLOREDA_FUNDACION MERCEDES DE LLOREDA","localizaci":"AV 4BIS OESTE CON AV 4 OESTE","servicio":"EDUCACION","tipo":"ESCUELA","nivel":"EDUCACION BASICA","propiedad":"PRIV","escala":"LOCAL","permanenci":"NO","estruc_eco":"NO","url1":null}},{"type":"Feature","id":"eqp_uco_educacion.2884","geometry":{"type":"MultiPolygon","coordinates":[[[[-76.56104001,3.45284223],[-76.56103497,3.45284421],[-76.56097522,3.45287025],[-76.56091285,3.45270828],[-76.56091213,3.4527063],[-76.56090383,3.45268425],[-76.56090311,3.45268227],[-76.56089301,3.45263529],[-76.56086702,3.45251524],[-76.56086486,3.4525093],[-76.56086377,3.45250327],[-76.56089293,3.45249624],[-76.56092793,3.45264428],[-76.56097185,3.4526312],[-76.56097798,3.45265424],[-76.56098412,3.45267422],[-76.56104001,3.45284223]]]]},"geometry_name":"the_geom","properties":{"nombre":"COLEGIO MIXTO JUAN PESTALOZZI","localizaci":"AV 5 OESTE NO 20_19","servicio":"EDUCACION","tipo":"COLEGIO","nivel":"EDUCACION BASICA-EDUCACION MEDIA VOCACIONAL","propiedad":"PRIV","escala":"LOCAL","permanenci":"NO","estruc_eco":"NO","url1":null}},{"type":"Feature","id":"eqp_uco_educacion.2885","geometry":{"type":"MultiPolygon","coordinates":[[[[-76.5576418,3.45437836],[-76.55764468,3.45437737],[-76.55767059,3.45436736],[-76.55779766,3.45431428],[-76.55781853,3.45430527],[-76.55781961,3.45430725],[-76.5578308,3.45435324],[-76.5576825,3.45440939],[-76.55765478,3.4544194],[-76.5576418,3.45437836]]]]},"geometry_name":"the_geom","properties":{"nombre":"COLEGIO EMPRESAS MODERNO NIVEL 01","localizaci":"CL 17 OESTE NO 6_16","servicio":"EDUCACION","tipo":"COLEGIO","nivel":"EDUCACION PREESCOLAR_EDUCACION BASICA_EDUCACION MEDIA VOCACIONAL","propiedad":"PUB","escala":"LOCAL","permanenci":"NO","estruc_eco":"NO","url1":null}},{"type":"Feature","id":"eqp_uco_educacion.2886","geometry":{"type":"MultiPolygon","coordinates":[[[[-76.562986,3.45298593],[-76.56296188,3.45298694],[-76.56292875,3.45298803],[-76.56291886,3.45298982],[-76.56291127,3.4529902],[-76.56291232,3.45292591],[-76.56291382,3.45282051],[-76.56291131,3.45281194],[-76.56290629,3.45279378],[-76.56295095,3.45279832],[-76.56297655,3.45280235],[-76.56297956,3.45283665],[-76.562986,3.45298593]]]]},"geometry_name":"the_geom","properties":{"nombre":"INSTITUTO TECNICO DE CAPACITACION","localizaci":"AV 6 OESTE NO 21_59","servicio":"EDUCACION","tipo":"INSTTIINDU","nivel":"EDUCACION BASICA-EDUCACION MEDIA VOCACIONAL","propiedad":"PRIV","escala":"LOCAL","permanenci":"NO","estruc_eco":"NO","url1":null}},{"type":"Feature","id":"eqp_uco_educacion.2887","geometry":{"type":"MultiPolygon","coordinates":[[[[-76.56961807,3.45351902],[-76.56957919,3.45351706],[-76.56958599,3.45343705],[-76.56959422,3.45335604],[-76.56959995,3.45329006],[-76.56967196,3.45329704],[-76.56966622,3.45333197],[-76.56966191,3.45336302],[-76.56965222,3.45342405],[-76.56963824,3.45352099],[-76.56961807,3.45351902]]]]},"geometry_name":"the_geom","properties":{"nombre":"COLEGIO JESUS DE NAZARTEH","localizaci":"AV 5 OESTE NO 25_68","servicio":"EDUCACION","tipo":"COLEGIO","nivel":"EDUCACION PREESCOLAR_EDUCACION BASICA_EDUCACION MEDIA VOCACIONAL","propiedad":"PRIV","escala":"LOCAL","permanenci":"NO","estruc_eco":"NO","url1":null}},{"type":"Feature","id":"eqp_uco_educacion.2888","geometry":{"type":"MultiPolygon","coordinates":[[[[-76.55800191,3.45117857],[-76.55791488,3.45135457],[-76.557789,3.45160666],[-76.55757112,3.45148878],[-76.55750193,3.45136281],[-76.55749688,3.4513548],[-76.5573657,3.45111492],[-76.55709272,3.45096305],[-76.55681362,3.45082612],[-76.55699568,3.45059903],[-76.5572066,3.45050297],[-76.55744184,3.45075882],[-76.55752864,3.45081574],[-76.55776778,3.45097366],[-76.55781391,3.45106166],[-76.55800191,3.45117857]]]]},"geometry_name":"the_geom","properties":{"nombre":"CORPORACION EDUCATIVA POPULAR LICEO LA AMISTAD","localizaci":"AV 4 OESTE NO 15_95","servicio":"EDUCACION","tipo":"LICEO","nivel":"EDUCACION BASICA","propiedad":"PUB","escala":"ZONAL","permanenci":"NO","estruc_eco":"NO","url1":null}},{"type":"Feature","id":"eqp_uco_educacion.2889","geometry":{"type":"MultiPolygon","coordinates":[[[[-76.55674583,3.45330535],[-76.55671487,3.45331337],[-76.55664504,3.45333141],[-76.55652012,3.45335848],[-76.55640469,3.45293948],[-76.55660375,3.45287142],[-76.55674583,3.45330535]]]]},"geometry_name":"the_geom","properties":{"nombre":"JARDIN INFANTIL BUEN AMIGO","localizaci":"AV 4 A OESTE NO 13_141","servicio":"EDUCACION","tipo":"JARDININF","nivel":"EDUCACION PREESCOLAR","propiedad":"PUB","escala":"LOCAL","permanenci":"NO","estruc_eco":"NO","url1":null}},{"type":"Feature","id":"eqp_uco_educacion.2890","geometry":{"type":"MultiPolygon","coordinates":[[[[-76.57928163,3.45487518],[-76.57938664,3.4546691],[-76.57951845,3.45473905],[-76.57940876,3.45495305],[-76.57930756,3.45489811],[-76.57931152,3.4548901],[-76.57928163,3.45487518]]]]},"geometry_name":"the_geom","properties":{"nombre":"COLEGIO EL TESORO DEL SABER NO 01 JOSE HOLGUIN","localizaci":"AV 6 OESTE NO 32-07","servicio":"EDUCACION","tipo":"COLEGIO","nivel":"EDUCACION BASICA-EDUCACION MEDIA VOCACIONAL","propiedad":"PUB","escala":"LOCAL","permanenci":"NO","estruc_eco":"NO","url1":null}},{"type":"Feature","id":"eqp_uco_educacion.2891","geometry":{"type":"MultiPolygon","coordinates":[[[[-76.55611815,3.45215363],[-76.55576747,3.45226397],[-76.55565468,3.45189368],[-76.55560638,3.45166562],[-76.5556429,3.45163255],[-76.55592057,3.45162873],[-76.55596444,3.45168011],[-76.55605227,3.4519444],[-76.55611815,3.45215363]]]]},"geometry_name":"the_geom","properties":{"nombre":"CENTRO DOCENTE ISAIAS GAMBOA","localizaci":"CL 14 OESTE NO 12_05","servicio":"EDUCACION","tipo":"CENTDOC","nivel":"EDUCACION BASICA-EDUCACION MEDIA VOCACIONAL","propiedad":"PUB","escala":"LOCAL","permanenci":"NO","estruc_eco":"NO","url1":null}},{"type":"Feature","id":"eqp_uco_educacion.2892","geometry":{"type":"MultiPolygon","coordinates":[[[[-76.57171432,3.45256716],[-76.57088767,3.45293581],[-76.57083158,3.45283439],[-76.57166029,3.45246573],[-76.57171432,3.45256716]]]]},"geometry_name":"the_geom","properties":{"nombre":"ESCUELA SANTISIMA TRINIDAD","localizaci":"Av 4 OESTE VIA AL MAR","servicio":"EDUCACION","tipo":"ESCUELA","nivel":"EDUCACION PREESCOLAR_EDUCACION BASICA","propiedad":"PRIV","escala":"ZONAL","permanenci":"NO","estruc_eco":"NO","url1":null}},{"type":"Feature","id":"eqp_uco_educacion.2893","geometry":{"type":"MultiPolygon","coordinates":[[[[-76.5893894,3.46417829],[-76.58935213,3.46400172],[-76.5893093,3.46394538],[-76.58933311,3.46391427],[-76.58939356,3.46386574],[-76.58965279,3.46416131],[-76.58961054,3.4642277],[-76.58964031,3.46428991],[-76.58959269,3.46433657],[-76.58952006,3.46428393],[-76.58945815,3.46426958],[-76.5893894,3.46417829]]]]},"geometry_name":"the_geom","properties":{"nombre":"COLEGIO LUIS FERNANDO CAICEDO","localizaci":"AV 5 A Cl 48 A OESTE","servicio":"EDUCACION","tipo":"COLEGIO","nivel":"EDUCACION PREESCOLAR_EDUCACION BASICA_EDUCACION MEDIA VOCACIONAL","propiedad":"PUB","escala":"LOCAL","permanenci":"NO","estruc_eco":"NO","url1":null}},{"type":"Feature","id":"eqp_uco_educacion.2894","geometry":{"type":"MultiPolygon","coordinates":[[[[-76.539583,3.42996254],[-76.53960783,3.42994353],[-76.53961899,3.42993552],[-76.5396888,3.42988246],[-76.53983059,3.42977546],[-76.53991371,3.42971339],[-76.53991659,3.42971132],[-76.53993706,3.42969593],[-76.54001596,3.42980371],[-76.53999586,3.42981928],[-76.53998974,3.42982333],[-76.53991777,3.42987639],[-76.53990481,3.42988639],[-76.53987783,3.42990638],[-76.5398458,3.42993043],[-76.5397929,3.42997043],[-76.53976699,3.42998943],[-76.53974072,3.43000844],[-76.53968782,3.43004852],[-76.53962591,3.43009055],[-76.5395772,3.43009058],[-76.53958309,3.4300058],[-76.539583,3.42996254]]]]},"geometry_name":"the_geom","properties":{"nombre":"COLEGIO LOS ANGELES DE SAN FERNANDO","localizaci":"KR 34D NO 30 33","servicio":"EDUCACION","tipo":"COLEGIO","nivel":"EDUCACION BASICA-EDUCACION MEDIA VOCACIONAL","propiedad":"PRIV","escala":"URBANA","permanenci":"SI","estruc_eco":"NO","url1":null}},{"type":"Feature","id":"eqp_uco_educacion.2895","geometry":{"type":"MultiPolygon","coordinates":[[[[-76.54660715,3.42889742],[-76.54668087,3.42900139],[-76.54669268,3.42899452],[-76.5466967,3.42899952],[-76.54668566,3.42900648],[-76.54668566,3.42900549],[-76.54663122,3.4290445],[-76.54659089,3.42898891],[-76.54656691,3.42895495],[-76.5465602,3.42894575],[-76.54660715,3.42889742]]]]},"geometry_name":"the_geom","properties":{"nombre":"CENTRO DOCENTE SANTA ANITA","localizaci":"CL 4C NO 37 56","servicio":"EDUCACION","tipo":"CENTDOC","nivel":"EDUCACION BASICA-EDUCACION MEDIA VOCACIONAL","propiedad":"PRIV","escala":"LOCAL","permanenci":"NO","estruc_eco":"NO","url1":null}},{"type":"Feature","id":"eqp_uco_educacion.2896","geometry":{"type":"MultiPolygon","coordinates":[[[[-76.53184202,3.42848996],[-76.53179482,3.42842104],[-76.53178581,3.428408],[-76.53172275,3.42831704],[-76.53171159,3.42830102],[-76.5317087,3.42829707],[-76.53176988,3.42825401],[-76.53183294,3.42834596],[-76.53184266,3.428359],[-76.53190176,3.4284469],[-76.53192374,3.42847893],[-76.53186904,3.428529],[-76.53184202,3.42848996]]]]},"geometry_name":"the_geom","properties":{"nombre":"LICEO INFANTIL MEG (ALIANZA COLOMBO AMERICA)","localizaci":"CL10 NO TR 9 28","servicio":"EDUCACION","tipo":"LICEO","nivel":"EDUCACION PREESCOLAR","propiedad":"PRIV","escala":"LOCAL","permanenci":"NO","estruc_eco":"NO","url1":null}},{"type":"Feature","id":"eqp_uco_educacion.2897","geometry":{"type":"MultiPolygon","coordinates":[[[[-76.53321902,3.43024828],[-76.53317078,3.43024732],[-76.53309806,3.43024835],[-76.53309876,3.43022135],[-76.53309876,3.43022036],[-76.53310371,3.43005727],[-76.53321679,3.43012129],[-76.53321681,3.43015423],[-76.53321791,3.43019329],[-76.53321901,3.43022425],[-76.53321901,3.43023028],[-76.53321902,3.43024828]]]]},"geometry_name":"the_geom","properties":{"nombre":"LICEO INFANTIL Y ESCUELA MATERNAL RINCON DE EXPERIENCIAS","localizaci":"KR 29A NO TR 9B 26","servicio":"EDUCACION","tipo":"LICEO","nivel":"EDUCACION PREESCOLAR","propiedad":"PRIV","escala":"LOCAL","permanenci":"NO","estruc_eco":"NO","url1":null}},{"type":"Feature","id":"eqp_uco_educacion.2898","geometry":{"type":"MultiPolygon","coordinates":[[[[-76.53265541,3.42930951],[-76.53262229,3.42930053],[-76.53261832,3.42929954],[-76.53245737,3.42925769],[-76.53243145,3.42925069],[-76.5323922,3.42924072],[-76.53237024,3.4292347],[-76.5324134,3.42917068],[-76.53263844,3.42922554],[-76.53267337,3.42923452],[-76.53265541,3.42930951]]]]},"geometry_name":"the_geom","properties":{"nombre":"JARDIN INFANTIL MARIA PATRICIA","localizaci":"CL1O NO 29B 35","servicio":"EDUCACION","tipo":"JARDININF","nivel":"EDUCACION PREESCOLAR","propiedad":"PRIV","escala":"LOCAL","permanenci":"NO","estruc_eco":"NO","url1":null}},{"type":"Feature","id":"eqp_uco_educacion.2899","geometry":{"type":"MultiPolygon","coordinates":[[[[-76.53162915,3.42632157],[-76.53156326,3.42629965],[-76.53158841,3.42622466],[-76.53162902,3.42609755],[-76.53164235,3.42610258],[-76.53165531,3.42610654],[-76.53169528,3.42611956],[-76.53165611,3.42623956],[-76.53163922,3.42629259],[-76.53162915,3.42632157]]]]},"geometry_name":"the_geom","properties":{"nombre":"COLEGIO ALEGRIAS","localizaci":"KR 32 NO 10A 138","servicio":"EDUCACION","tipo":"COLEGIO","nivel":"EDUCACION BASICA","propiedad":"PRIV","escala":"LOCAL","permanenci":"NO","estruc_eco":"NO","url1":null}},{"type":"Feature","id":"eqp_uco_educacion.2900","geometry":{"type":"MultiPolygon","coordinates":[[[[-76.53853325,3.42959217],[-76.53843026,3.42956127],[-76.53844212,3.4295222],[-76.53845003,3.42949825],[-76.53846907,3.42943821],[-76.53847914,3.42940724],[-76.5385122,3.42930021],[-76.53851507,3.42929022],[-76.5385201,3.4292732],[-76.53863497,3.42930914],[-76.53862706,3.42933407],[-76.53860802,3.42939916],[-76.53858718,3.42947018],[-76.53856131,3.42955813],[-76.53855017,3.4295972],[-76.53853937,3.42959316],[-76.53853325,3.42959217]]]]},"geometry_name":"the_geom","properties":{"nombre":"JARDIN INFANTIL CEIBA","localizaci":"KR 31  NO 6 35","servicio":"EDUCACION","tipo":"JARDININF","nivel":"EDUCACION PREESCOLAR","propiedad":"PRIV","escala":"LOCAL","permanenci":"NO","estruc_eco":"NO","url1":null}},{"type":"Feature","id":"eqp_uco_educacion.2901","geometry":{"type":"MultiPolygon","coordinates":[[[[-76.52991676,3.42992521],[-76.52990055,3.42990317],[-76.52989767,3.42989822],[-76.52982957,3.42980024],[-76.52981948,3.4297872],[-76.52977048,3.42971522],[-76.5297575,3.42969624],[-76.5298176,3.42965417],[-76.5298313,3.42967523],[-76.52986949,3.42972921],[-76.52988246,3.42974819],[-76.52991057,3.42978912],[-76.52992354,3.42980712],[-76.52995668,3.42985417],[-76.52996065,3.4298611],[-76.5299765,3.42988314],[-76.52997542,3.42988413],[-76.52991676,3.42992521]]]]},"geometry_name":"the_geom","properties":{"nombre":"ESCUELA DE COND.SEBASTIAN DE BELALCAZAR","localizaci":"CL10 NO TR 10 84","servicio":"EDUCACION","tipo":"ESCCONDUCC","nivel":"EDUCACION NO FORMAL","propiedad":"PRIV","escala":"LOCAL","permanenci":"NO","estruc_eco":"NO","url1":null}},{"type":"Feature","id":"eqp_uco_educacion.2902","geometry":{"type":"MultiPolygon","coordinates":[[[[-76.53003768,3.42984107],[-76.53001642,3.4298121],[-76.52987842,3.4296122],[-76.5298903,3.42960319],[-76.52992233,3.42958112],[-76.52993528,3.42957211],[-76.52998032,3.42963716],[-76.52998753,3.42964714],[-76.52999545,3.42965812],[-76.53000338,3.42967009],[-76.53007364,3.42977103],[-76.53009454,3.42980207],[-76.53003768,3.42984107]]]]},"geometry_name":"the_geom","properties":{"nombre":"CASA MATERNAL GOTITA DE GENTE","localizaci":"CL10 NO TR 10 68","servicio":"EDUCACION","tipo":"JARDININF","nivel":"GUARDERIA","propiedad":"PRIV","escala":"LOCAL","permanenci":"NO","estruc_eco":"NO","url1":null}},{"type":"Feature","id":"eqp_uco_educacion.2903","geometry":{"type":"MultiPolygon","coordinates":[[[[-76.53049101,3.43244391],[-76.53048418,3.43246695],[-76.52994802,3.43230427],[-76.52989268,3.43184825],[-76.53060598,3.43204584],[-76.53060275,3.4320579],[-76.5305988,3.43206889],[-76.53057293,3.43216089],[-76.53054095,3.4322699],[-76.53053484,3.43229195],[-76.53049101,3.43244391]]]]},"geometry_name":"the_geom","properties":{"nombre":"COLEGIO JOAQUIN DE CAICEDO Y CUERO","localizaci":"KR 24 NO 10A 98","servicio":"EDUCACION","tipo":"COLEGIO","nivel":"EDUCACION BASICA-EDUCACION MEDIA VOCACIONAL","propiedad":"PRIV","escala":"ZONAL","permanenci":"NO","estruc_eco":"NO","url1":null}},{"type":"Feature","id":"eqp_uco_educacion.2904","geometry":{"type":"MultiPolygon","coordinates":[[[[-76.53183922,3.43111808],[-76.53176937,3.43109814],[-76.53177548,3.43107716],[-76.53177548,3.43107509],[-76.53181929,3.43089911],[-76.53182217,3.43088714],[-76.53189238,3.4309051],[-76.53184533,3.43109206],[-76.53184425,3.43109413],[-76.53183922,3.43111808]]]]},"geometry_name":"the_geom","properties":{"nombre":"JARDIN INFANTIL PEPE GRILLO","localizaci":"KR 28A NO 10A 40","servicio":"EDUCACION","tipo":"JARDININF","nivel":"EDUCACION PREESCOLAR","propiedad":"PRIV","escala":"LOCAL","permanenci":"NO","estruc_eco":"NO","url1":null}},{"type":"Feature","id":"eqp_uco_educacion.2905","geometry":{"type":"MultiPolygon","coordinates":[[[[-76.53242212,3.42656263],[-76.53242427,3.4265566],[-76.53248213,3.42638159],[-76.53254515,3.42640253],[-76.53254695,3.42640352],[-76.53256711,3.42640954],[-76.53254915,3.42646553],[-76.53250314,3.42658958],[-76.53247722,3.42660265],[-76.53241529,3.42658261],[-76.53242212,3.42656263]]]]},"geometry_name":"the_geom","properties":{"nombre":"JARDIN INFANTIL PIOLIN SEDE II","localizaci":"CL 10A NO 32 15","servicio":"EDUCACION","tipo":"JARDININF","nivel":"EDUCACION PREESCOLAR","propiedad":"PRIV","escala":"LOCAL","permanenci":"NO","estruc_eco":"NO","url1":null}},{"type":"Feature","id":"eqp_uco_educacion.2906","geometry":{"type":"MultiPolygon","coordinates":[[[[-76.53095288,3.43053357],[-76.53094315,3.43051755],[-76.53093595,3.43050856],[-76.53085776,3.43039466],[-76.53084983,3.43038368],[-76.53080984,3.43032565],[-76.53079975,3.43031063],[-76.53085877,3.43026964],[-76.53087282,3.43028862],[-76.53088975,3.43031463],[-76.53090885,3.43034162],[-76.53091678,3.43035259],[-76.53092687,3.43036762],[-76.53093984,3.4303866],[-76.53094704,3.43039659],[-76.53096506,3.43042259],[-76.530982,3.4304476],[-76.53099497,3.43046658],[-76.53099893,3.43047252],[-76.5310119,3.43049051],[-76.53095288,3.43053357]]]]},"geometry_name":"the_geom","properties":{"nombre":"INSTITUTO INCE","localizaci":"DG 22 NO TR 10 30","servicio":"EDUCACION","tipo":"INSTTCOM","nivel":"EDUCACION NO FORMAL","propiedad":"PRIV","escala":"LOCAL","permanenci":"NO","estruc_eco":"NO","url1":null}},{"type":"Feature","id":"eqp_uco_educacion.2907","geometry":{"type":"MultiPolygon","coordinates":[[[[-76.53164805,3.42576339],[-76.53159728,3.42574641],[-76.53157819,3.42573949],[-76.53158718,3.42571248],[-76.53158825,3.42570942],[-76.53163785,3.42555441],[-76.53164611,3.42553244],[-76.53167816,3.4255434],[-76.53171597,3.42555535],[-76.53165703,3.42573539],[-76.53165416,3.4257444],[-76.53164805,3.42576339]]]]},"geometry_name":"the_geom","properties":{"nombre":"JARDIN INFANTIL PIOLIN SEDE I","localizaci":"KR 32A NO 10A 124","servicio":"EDUCACION","tipo":"JARDININF","nivel":"EDUCACION PREESCOLAR","propiedad":"PRIV","escala":"LOCAL","permanenci":"NO","estruc_eco":"NO","url1":null}},{"type":"Feature","id":"eqp_uco_educacion.2908","geometry":{"type":"MultiPolygon","coordinates":[[[[-76.53386263,3.43317948],[-76.53386371,3.43317948],[-76.5339296,3.43319546],[-76.53391164,3.43326846],[-76.53390374,3.43330051],[-76.53389584,3.4333285],[-76.53388793,3.43336253],[-76.53388183,3.43338449],[-76.53384469,3.43353604],[-76.5335936,3.43345854],[-76.53355461,3.4334465],[-76.53343171,3.43340856],[-76.53343684,3.43336972],[-76.53344794,3.43326873],[-76.53345367,3.43321878],[-76.53346083,3.43315172],[-76.53346871,3.43308475],[-76.53347556,3.43308574],[-76.53354073,3.43310172],[-76.53354178,3.43305771],[-76.5335467,3.43283765],[-76.53354669,3.43282468],[-76.53354721,3.4327956],[-76.5336041,3.43280752],[-76.53371454,3.4328246],[-76.53375096,3.43282891],[-76.5337597,3.43282957],[-76.53375947,3.43285057],[-76.53375948,3.43286155],[-76.53376564,3.43293355],[-76.5337747,3.43303957],[-76.53378377,3.43316053],[-76.53378665,3.43316152],[-76.53379061,3.43316251],[-76.53386263,3.43317948]]]]},"geometry_name":"the_geom","properties":{"nombre":"COLEGIO SAN JOSE /CONGREGACION","localizaci":"KR 25 NO 9B 47","servicio":"EDUCACION","tipo":"COLEGIO","nivel":"EDUCACION BASICA-EDUCACION MEDIA VOCACIONAL","propiedad":"PRIV","escala":"URBANA","permanenci":"SI","estruc_eco":"NO","url1":null}},{"type":"Feature","id":"eqp_uco_educacion.2909","geometry":{"type":"MultiPolygon","coordinates":[[[[-76.53418976,3.42822099],[-76.53412567,3.42821202],[-76.53412854,3.42819204],[-76.53412961,3.42818304],[-76.53413857,3.42811508],[-76.53414144,3.42809402],[-76.53415148,3.42801805],[-76.53416948,3.42802101],[-76.53418964,3.42802298],[-76.53421053,3.42802603],[-76.5341937,3.42819002],[-76.53419262,3.42819803],[-76.53418976,3.42822099]]]]},"geometry_name":"the_geom","properties":{"nombre":"LICEO INFANTIL SANTA MARIA","localizaci":"KR 31  NO 9E 58","servicio":"EDUCACION","tipo":"LICEO","nivel":"EDUCACION PREESCOLAR","propiedad":"PRIV","escala":"LOCAL","permanenci":"NO","estruc_eco":"NO","url1":null}},{"type":"Feature","id":"eqp_uco_educacion.2910","geometry":{"type":"MultiPolygon","coordinates":[[[[-76.53681391,3.4341221],[-76.53680996,3.43414208],[-76.53655504,3.43409327],[-76.53639913,3.4340624],[-76.53627779,3.43403943],[-76.53626699,3.43403746],[-76.53625799,3.43402945],[-76.5362551,3.43401946],[-76.53625581,3.4340074],[-76.53625797,3.43400443],[-76.53630895,3.43374438],[-76.53632474,3.43366436],[-76.53633986,3.4336684],[-76.53634886,3.43366938],[-76.53663079,3.43372619],[-76.53664084,3.4336702],[-76.53664371,3.43364923],[-76.53664766,3.43363519],[-76.5366516,3.43361421],[-76.53665879,3.43358217],[-76.53666166,3.43356515],[-76.53666956,3.43352816],[-76.53667279,3.43351214],[-76.53668069,3.43347514],[-76.53668069,3.43347415],[-76.53668356,3.43345813],[-76.53669146,3.43342212],[-76.53669469,3.4334052],[-76.53670366,3.43336415],[-76.53670546,3.43335614],[-76.53671264,3.43332112],[-76.53671551,3.43330915],[-76.53672341,3.4332681],[-76.53673741,3.43320113],[-76.53674064,3.4331861],[-76.53674459,3.43316909],[-76.53697359,3.43321495],[-76.53696856,3.43324402],[-76.53696749,3.43324699],[-76.53696354,3.43326796],[-76.53694344,3.43337004],[-76.53691257,3.43353207],[-76.53690862,3.43355502],[-76.5369036,3.43358004],[-76.53688493,3.43368104],[-76.5368997,3.43368409],[-76.53688498,3.43376609],[-76.53686883,3.43385107],[-76.53686488,3.43387204],[-76.53686489,3.4338751],[-76.53685591,3.43391606],[-76.53684909,3.43395413],[-76.53683114,3.43403812],[-76.53683114,3.4340401],[-76.53681391,3.4341221]]]]},"geometry_name":"the_geom","properties":{"nombre":"COLEGIO EL CARMELO","localizaci":"KR 26 NO 7 76","servicio":"EDUCACION","tipo":"COLEGIO","nivel":"EDUCACION BASICA MEDIA","propiedad":"PRIV","escala":"ZONAL","permanenci":"SI","estruc_eco":"NO","url1":null}},{"type":"Feature","id":"eqp_uco_educacion.2911","geometry":{"type":"MultiPolygon","coordinates":[[[[-76.54802117,3.42853462],[-76.54796607,3.42849667],[-76.54794518,3.42848165],[-76.54786702,3.4284267],[-76.54785406,3.42841771],[-76.54820708,3.42815145],[-76.54833425,3.4282934],[-76.54859327,3.42858423],[-76.54860227,3.42859728],[-76.54859832,3.42861825],[-76.54845655,3.42874839],[-76.54840042,3.42879937],[-76.54835324,3.42876744],[-76.54832623,3.42874847],[-76.5483075,3.42873444],[-76.54828841,3.42872149],[-76.54825023,3.42869451],[-76.54810041,3.42858956],[-76.54805215,3.42855656],[-76.54802117,3.42853462]]]]},"geometry_name":"the_geom","properties":{"nombre":"COLEGIO HELLEN KELLER","localizaci":"DG 37A NO 37 90","servicio":"EDUCACION","tipo":"COLEGIO","nivel":"EDUCACION PREESCOLAR","propiedad":"PRIV","escala":"ZONAL","permanenci":"NO","estruc_eco":"NO","url1":null}},{"type":"Feature","id":"eqp_uco_educacion.2912","geometry":{"type":"MultiPolygon","coordinates":[[[[-76.54163907,3.4374622],[-76.54161998,3.43743917],[-76.54161205,3.43742918],[-76.54158683,3.43739923],[-76.54157494,3.43738519],[-76.541549,3.43735326],[-76.54153784,3.43734021],[-76.54147983,3.43726923],[-76.54145894,3.43724422],[-76.54150678,3.43718326],[-76.54152588,3.43720719],[-76.54152876,3.43721223],[-76.54156875,3.43726117],[-76.54158677,3.4372842],[-76.54159685,3.43729617],[-76.54168404,3.4374061],[-76.54167613,3.43741618],[-76.5416531,3.43744419],[-76.54163907,3.4374622]]]]},"geometry_name":"the_geom","properties":{"nombre":"INSTITUTO EDUCATIVO CORPSEVALLE","localizaci":"CL 3 NO 24C 22","servicio":"EDUCACION","tipo":"INSTEDUCI","nivel":"EDUCACION TECNICA","propiedad":"PRIV","escala":"LOCAL","permanenci":"NO","estruc_eco":"NO","url1":null}},{"type":"Feature","id":"eqp_uco_educacion.2913","geometry":{"type":"MultiPolygon","coordinates":[[[[-76.54112885,3.42651758],[-76.5410658,3.42643661],[-76.54104274,3.42640755],[-76.54101464,3.42637058],[-76.54100167,3.42635357],[-76.54098689,3.42633459],[-76.54098581,3.4263336],[-76.5409397,3.42627468],[-76.54092276,3.42625264],[-76.54099366,3.42620165],[-76.54101059,3.4262236],[-76.54105455,3.42628055],[-76.54108877,3.42632454],[-76.54116984,3.42642953],[-76.54119866,3.4264665],[-76.54116771,3.42648848],[-76.54112885,3.42651758]]]]},"geometry_name":"the_geom","properties":{"nombre":"INSTITUTO JARAMILLO BACHILLERATO","localizaci":"DG 32 NO 36 126","servicio":"EDUCACION","tipo":"COLEGIO","nivel":"EDUCACION BASICA MEDIA","propiedad":"PRIV","escala":"LOCAL","permanenci":"NO","estruc_eco":"NO","url1":null}},{"type":"Feature","id":"eqp_uco_educacion.2914","geometry":{"type":"MultiPolygon","coordinates":[[[[-76.53842118,3.42942321],[-76.53847535,3.42925895],[-76.5385201,3.4292732],[-76.53851507,3.42929022],[-76.5385122,3.42930021],[-76.53847914,3.42940724],[-76.53846907,3.42943821],[-76.53844495,3.4294312],[-76.53842118,3.42942321]]]]},"geometry_name":"the_geom","properties":{"nombre":"COLEGIO GIMNASIO UNIVERSITARIO DEL VALLE","localizaci":"KR 31 NO6  49","servicio":"EDUCACION","tipo":"COLEGIO","nivel":"EDUCACION BASICA-EDUCACION MEDIA VOCACIONAL","propiedad":"PRIV","escala":"LOCAL","permanenci":"NO","estruc_eco":"NO","url1":null}},{"type":"Feature","id":"eqp_uco_educacion.2915","geometry":{"type":"MultiPolygon","coordinates":[[[[-76.53713105,3.43201577],[-76.53706804,3.43200087],[-76.53709785,3.43188682],[-76.53710001,3.4318788],[-76.53710396,3.43186179],[-76.53710468,3.43185783],[-76.53713485,3.43174279],[-76.53714168,3.43171875],[-76.53720181,3.43173474],[-76.53719391,3.43176679],[-76.53713105,3.43201577]]]]},"geometry_name":"the_geom","properties":{"nombre":"INSTITUTO SAN JUAN EUDES","localizaci":"KR 29 NO 7 33","servicio":"EDUCACION","tipo":"POLITEC","nivel":"EDUCACION BASICA","propiedad":"PRIV","escala":"LOCAL","permanenci":"NO","estruc_eco":"NO","url1":null}},{"type":"Feature","id":"eqp_uco_educacion.2916","geometry":{"type":"MultiPolygon","coordinates":[[[[-76.53682991,3.43173513],[-76.53672873,3.43171322],[-76.53670461,3.43170721],[-76.53672077,3.43163016],[-76.53673984,3.43161421],[-76.53684966,3.43164313],[-76.53682991,3.43173513]]]]},"geometry_name":"the_geom","properties":{"nombre":"LICEO INFANTIL ALEGRE DESPERTAR","localizaci":"CL 8 NO 28 64","servicio":"EDUCACION","tipo":"LICEO","nivel":"EDUCACION PREESCOLAR","propiedad":"PRIV","escala":"LOCAL","permanenci":"NO","estruc_eco":"NO","url1":null}},{"type":"Feature","id":"eqp_uco_educacion.2917","geometry":{"type":"MultiPolygon","coordinates":[[[[-76.53852498,3.43606798],[-76.53852569,3.43605295],[-76.53853461,3.43591992],[-76.53862462,3.43592185],[-76.53862179,3.43600186],[-76.53861965,3.43604785],[-76.5385959,3.4360719],[-76.53852498,3.43606798]]]]},"geometry_name":"the_geom","properties":{"nombre":"COLEGIO TECNICO MATILDE NARANJO DE LOPEZ","localizaci":"KR 24 NO 6A 08","servicio":"EDUCACION","tipo":"POLITEC","nivel":"EDUCACION BASICA-EDUCACION MEDIA VOCACIONAL","propiedad":"PRIV","escala":"LOCAL","permanenci":"NO","estruc_eco":"NO","url1":null}},{"type":"Feature","id":"eqp_uco_educacion.2918","geometry":{"type":"MultiPolygon","coordinates":[[[[-76.54161853,3.44085081],[-76.54162748,3.4407788],[-76.5416325,3.44074082],[-76.54169155,3.44074573],[-76.54168581,3.44078777],[-76.54167757,3.44085276],[-76.54166181,3.44098678],[-76.54160384,3.4409798],[-76.54161172,3.44091085],[-76.54161674,3.44087485],[-76.54161781,3.44086485],[-76.54161853,3.44085081]]]]},"geometry_name":"the_geom","properties":{"nombre":"ESCUELA DE AUTOMOVILISMO","localizaci":"KR 23 NO SIN PLACA","servicio":"EDUCACION","tipo":"ESCCONDUCC","nivel":"EDUCACION NO FORMAL","propiedad":"PRIV","escala":"LOCAL","permanenci":"NO","estruc_eco":"NO","url1":null}},{"type":"Feature","id":"eqp_uco_educacion.2919","geometry":{"type":"MultiPolygon","coordinates":[[[[-76.54246374,3.43461652],[-76.5423917,3.4345595],[-76.54238954,3.43455752],[-76.54240573,3.43453852],[-76.54240753,3.43453456],[-76.54247048,3.43445748],[-76.54247948,3.4344455],[-76.54248451,3.43443947],[-76.5425025,3.4344175],[-76.54257158,3.43433141],[-76.54259748,3.43429836],[-76.54269758,3.43432432],[-76.54273358,3.43433429],[-76.54279048,3.43434829],[-76.54279372,3.43434928],[-76.5427966,3.43434928],[-76.54283558,3.43452926],[-76.54287782,3.43472725],[-76.54288792,3.43477026],[-76.5427317,3.43480636],[-76.54271298,3.43480232],[-76.54270578,3.43480637],[-76.54268093,3.43478938],[-76.54256063,3.4346944],[-76.54253685,3.43467444],[-76.54246374,3.43461652]]]]},"geometry_name":"the_geom","properties":{"nombre":"COLEGIO SANTA MARIANA DE JESUS - BACHILLERATO","localizaci":"KR 27 NO 4 08","servicio":"EDUCACION","tipo":"COLEGIO","nivel":"EDUCACION BASICA MEDIA","propiedad":"PRIV","escala":"ZONAL","permanenci":"NO","estruc_eco":"NO","url1":null}},{"type":"Feature","id":"eqp_uco_educacion.2920","geometry":{"type":"MultiPolygon","coordinates":[[[[-76.53842817,3.43386138],[-76.53839901,3.43385941],[-76.5382172,3.43385358],[-76.53819488,3.43385251],[-76.53819915,3.43376251],[-76.53822507,3.43376357],[-76.53822687,3.43376357],[-76.53833595,3.43376747],[-76.53837916,3.43376843],[-76.53843208,3.43377038],[-76.53842888,3.43384337],[-76.53842817,3.43386138]]]]},"geometry_name":"the_geom","properties":{"nombre":"CASA MATERNA Y JARDIN MONTAÑITA MAGICA","localizaci":"CL 6A NO 26 46","servicio":"EDUCACION","tipo":"JARDININF","nivel":"EDUCACION PREESCOLAR","propiedad":"PRIV","escala":"LOCAL","permanenci":"NO","estruc_eco":"NO","url1":null}},{"type":"Feature","id":"eqp_uco_educacion.2921","geometry":{"type":"MultiPolygon","coordinates":[[[[-76.53831728,3.43258546],[-76.53832232,3.43258546],[-76.5383504,3.43258742],[-76.53836689,3.43258823],[-76.53835346,3.43290342],[-76.53833546,3.43290245],[-76.5383117,3.43290147],[-76.53830774,3.43290147],[-76.53829946,3.43290049],[-76.53831728,3.43258546]]]]},"geometry_name":"the_geom","properties":{"nombre":"INSTITUTO TECNICO ESCUELA AMERICANA DE NEGOCIOS","localizaci":"KR 28 NO 6 55","servicio":"EDUCACION","tipo":"INSTTCOM","nivel":"EDUCACION TECNICA","propiedad":"PRIV","escala":"LOCAL","permanenci":"NO","estruc_eco":"NO","url1":null}},{"type":"Feature","id":"eqp_uco_educacion.2922","geometry":{"type":"MultiPolygon","coordinates":[[[[-76.539583,3.42996254],[-76.53958309,3.4300058],[-76.5395772,3.43009058],[-76.53962591,3.43009055],[-76.53968782,3.43004852],[-76.53970403,3.43007146],[-76.53972097,3.43009449],[-76.53975412,3.43014245],[-76.53976997,3.43016449],[-76.53980312,3.43021244],[-76.53983238,3.43025262],[-76.53980602,3.43027207],[-76.53971427,3.43033754],[-76.53968716,3.43035344],[-76.53965756,3.43036395],[-76.53962608,3.43036852],[-76.53959997,3.43036812],[-76.53956809,3.43036726],[-76.53943599,3.43036368],[-76.53943706,3.43034064],[-76.53943813,3.43032165],[-76.53943989,3.43025271],[-76.5394438,3.43017062],[-76.53944379,3.43016162],[-76.53944699,3.43007863],[-76.53944983,3.43001464],[-76.53945195,3.42994461],[-76.53945372,3.42989961],[-76.53945479,3.42987468],[-76.53945691,3.42981267],[-76.53947959,3.42981265],[-76.53954188,3.42981361],[-76.5395628,3.42988362],[-76.53957073,3.42990755],[-76.5395729,3.42991358],[-76.5395747,3.42992456],[-76.53957975,3.42994553],[-76.539583,3.42996254]]]]},"geometry_name":"the_geom","properties":{"nombre":"COLEGIO LOS ANGELES DE SAN FERNANDO","localizaci":"DG 30 NO 5C 16","servicio":"EDUCACION","tipo":"COLEGIO","nivel":"EDUCACION BASICA-EDUCACION MEDIA VOCACIONAL","propiedad":"PRIV","escala":"ZONAL","permanenci":"NO","estruc_eco":"NO","url1":null}},{"type":"Feature","id":"eqp_uco_educacion.2923","geometry":{"type":"MultiPolygon","coordinates":[[[[-76.54021098,3.43294593],[-76.54020701,3.43294593],[-76.54020701,3.43294494],[-76.54021698,3.43267404],[-76.54032525,3.43267846],[-76.54032415,3.43270785],[-76.54032309,3.43273486],[-76.54031917,3.43280785],[-76.5403181,3.43282891],[-76.54031739,3.43285384],[-76.54031526,3.43290092],[-76.54031241,3.43295186],[-76.54021098,3.43294593]]]]},"geometry_name":"the_geom","properties":{"nombre":"FUNDACION TEATRAL INFANTIL CTI","localizaci":"KR 28 NO 5B 21","servicio":"EDUCACION","tipo":"ESCARTE","nivel":"EDUCACION NO FORMAL","propiedad":"PRIV","escala":"LOCAL","permanenci":"NO","estruc_eco":"NO","url1":null}},{"type":"Feature","id":"eqp_uco_educacion.2924","geometry":{"type":"MultiPolygon","coordinates":[[[[-76.539513,3.4332743],[-76.53937691,3.43326943],[-76.53937691,3.43326736],[-76.53937798,3.43324144],[-76.53937905,3.43323541],[-76.53938474,3.43311336],[-76.53938581,3.43308735],[-76.53938688,3.43306836],[-76.53938972,3.4330004],[-76.53939257,3.43295234],[-76.53945161,3.43295537],[-76.53946782,3.43295635],[-76.53948582,3.43295634],[-76.53952866,3.43295829],[-76.53952297,3.43307629],[-76.53952297,3.43308232],[-76.53952083,3.43311733],[-76.53951869,3.43314731],[-76.53951478,3.43322831],[-76.53951407,3.43325135],[-76.539513,3.43326728],[-76.539513,3.4332743]]]]},"geometry_name":"the_geom","properties":{"nombre":"COLEGIO HERMANO MIGUEL","localizaci":"KR 27 NO 5C 20","servicio":"EDUCACION","tipo":"COLEGIO","nivel":"EDUCACION BASICA","propiedad":"PRIV","escala":"LOCAL","permanenci":"NO","estruc_eco":"NO","url1":null}},{"type":"Feature","id":"eqp_uco_educacion.2925","geometry":{"type":"MultiPolygon","coordinates":[[[[-76.5408301,3.43483955],[-76.54081425,3.43482759],[-76.54081029,3.43482462],[-76.54074222,3.43477165],[-76.54072421,3.43475663],[-76.54069215,3.43473162],[-76.54066514,3.43471067],[-76.54065289,3.43470168],[-76.54066692,3.43468367],[-76.54067808,3.43466962],[-76.54069714,3.4346436],[-76.54071407,3.43465664],[-76.54072595,3.43466464],[-76.54085598,3.43476357],[-76.54087723,3.43477958],[-76.5408301,3.43483955]]]]},"geometry_name":"the_geom","properties":{"nombre":"ESCUELA DE FUTBOL WILLINGTON ORTIZ.","localizaci":"CL 5 NO 25 63","servicio":"EDUCACION","tipo":"ESCDEPOR","nivel":"EDUCACION NO FORMAL","propiedad":"PRIV","escala":"LOCAL","permanenci":"NO","estruc_eco":"NO","url1":null}},{"type":"Feature","id":"eqp_uco_educacion.2926","geometry":{"type":"MultiPolygon","coordinates":[[[[-76.53946404,3.43521269],[-76.53946296,3.43521269],[-76.53940895,3.43520966],[-76.53941074,3.43518266],[-76.53941074,3.4351787],[-76.53941502,3.43511066],[-76.5394168,3.43508068],[-76.53942464,3.43494162],[-76.53942464,3.43493865],[-76.53942963,3.43484864],[-76.53947355,3.4348506],[-76.53948255,3.43485059],[-76.53946404,3.43521269]]]]},"geometry_name":"the_geom","properties":{"nombre":"COLEGIO SAN FERNANDO REY (PREESCOLAR)","localizaci":"KR 25 NO 5 80","servicio":"EDUCACION","tipo":"COLEGIO","nivel":"EDUCACION BASICA-EDUCACION MEDIA VOCACIONAL","propiedad":"PRIV","escala":"LOCAL","permanenci":"NO","estruc_eco":"NO","url1":null}},{"type":"Feature","id":"eqp_uco_educacion.2927","geometry":{"type":"MultiPolygon","coordinates":[[[[-76.53978331,3.43526569],[-76.5397743,3.43525669],[-76.53973564,3.43523231],[-76.53969796,3.43522173],[-76.53969328,3.43522173],[-76.53967707,3.43522075],[-76.53967921,3.43517169],[-76.53967992,3.43515972],[-76.53968702,3.43499069],[-76.5396888,3.43495973],[-76.5396888,3.43495874],[-76.53975629,3.4349646],[-76.53979681,3.43496462],[-76.53979681,3.43496561],[-76.5397961,3.43497866],[-76.5397961,3.4349846],[-76.53979396,3.43501664],[-76.53978721,3.43516767],[-76.539784,3.43522663],[-76.53978401,3.4352377],[-76.5397833,3.43525867],[-76.53978331,3.43526569]]]]},"geometry_name":"the_geom","properties":{"nombre":"COLEGIO SAN FERNANDO REY","localizaci":"KR 25 NO 5 90","servicio":"EDUCACION","tipo":"COLEGIO","nivel":"EDUCACION BASICA-EDUCACION MEDIA VOCACIONAL","propiedad":"PRIV","escala":"URBANA","permanenci":"SI","estruc_eco":"NO","url1":null}},{"type":"Feature","id":"eqp_uco_educacion.2928","geometry":{"type":"MultiPolygon","coordinates":[[[[-76.553919,3.42740072],[-76.55405547,3.42742479],[-76.55409325,3.42745075],[-76.55413121,3.42747685],[-76.55410501,3.42769007],[-76.55400465,3.42783855],[-76.55398633,3.42782828],[-76.55384744,3.42772365],[-76.55374712,3.42764495],[-76.55377875,3.4275847],[-76.55381325,3.42753939],[-76.55388849,3.42742057],[-76.55387228,3.42741301],[-76.55388628,3.42738705],[-76.553919,3.42740072]]]]},"geometry_name":"the_geom","properties":{"nombre":"ESCUELA ANTONIO SANTOS","localizaci":"CL 3A O","servicio":"EDUCACION","tipo":"ESCUELA","nivel":"EDUCACION BASICA MEDIA","propiedad":"PUB","escala":"LOCAL","permanenci":"NO","estruc_eco":"NO","url1":null}},{"type":"Feature","id":"eqp_uco_educacion.2929","geometry":{"type":"MultiPolygon","coordinates":[[[[-76.53925018,3.43219685],[-76.53924804,3.43222979],[-76.53924804,3.43223177],[-76.53917603,3.43222983],[-76.53917495,3.43222884],[-76.53917495,3.43222983],[-76.53903022,3.4322229],[-76.53898918,3.43222094],[-76.53899096,3.43218395],[-76.53899593,3.43206991],[-76.53899808,3.43203994],[-76.53915289,3.43204687],[-76.53921301,3.4320498],[-76.53923893,3.43205078],[-76.53927314,3.43205283],[-76.5393131,3.43205479],[-76.53930812,3.43215973],[-76.53930598,3.43219979],[-76.53925018,3.43219685]]]]},"geometry_name":"the_geom","properties":{"nombre":"ACADEMIA COLOMBIANA DE ENSEÑANZA","localizaci":"AV ROOSEVELT NO 28 44","servicio":"EDUCACION","tipo":"ESCCONDUCC","nivel":"EDUCACION NO FORMAL","propiedad":"PRIV","escala":"LOCAL","permanenci":"NO","estruc_eco":"NO","url1":null}},{"type":"Feature","id":"eqp_uco_educacion.2930","geometry":{"type":"MultiPolygon","coordinates":[[[[-76.54020247,3.4363953],[-76.5402075,3.43638927],[-76.54021326,3.43638026],[-76.54026614,3.43631327],[-76.54028845,3.43628527],[-76.54033636,3.43634518],[-76.54031442,3.43636922],[-76.54026045,3.43643226],[-76.54024642,3.43644928],[-76.54022733,3.43642526],[-76.54020751,3.43640133],[-76.54020247,3.4363953]]]]},"geometry_name":"the_geom","properties":{"nombre":"GIMNASIO CENTRAL DE CALI","localizaci":"KR 24C  NO 4 55","servicio":"EDUCACION","tipo":"COLEGIO","nivel":"EDUCACION BASICA MEDIA","propiedad":"PRIV","escala":"LOCAL","permanenci":"NO","estruc_eco":"NO","url1":null}},{"type":"Feature","id":"eqp_uco_educacion.2931","geometry":{"type":"MultiPolygon","coordinates":[[[[-76.5402048,3.43943935],[-76.54025195,3.43941835],[-76.54026167,3.43941231],[-76.54032798,3.43952829],[-76.54033375,3.43953926],[-76.54038997,3.43963923],[-76.54048907,3.43981324],[-76.54054205,3.43990717],[-76.54053593,3.43991113],[-76.54032901,3.44005427],[-76.54030525,3.44006832],[-76.5402851,3.44008832],[-76.54027036,3.44011038],[-76.54013102,3.44008544],[-76.54005832,3.44013543],[-76.54004852,3.44019432],[-76.53980151,3.44015296],[-76.53981421,3.44009363],[-76.53982606,3.44004259],[-76.53983825,3.43996662],[-76.53984505,3.43989057],[-76.53985182,3.43977158],[-76.53985396,3.43973953],[-76.53985396,3.43973656],[-76.53986499,3.43950552],[-76.53992691,3.43950548],[-76.53992979,3.43950548],[-76.53999999,3.43949743],[-76.54006982,3.43948443],[-76.54013894,3.43946441],[-76.5402048,3.43943935]]]]},"geometry_name":"the_geom","properties":{"nombre":"CENTRO EDUCATIVO MIRAFLORES COMFANDI","localizaci":"CL 3 NO 23B 18","servicio":"EDUCACION","tipo":"CENTEDUC","nivel":"EDUCACION BASICA-EDUCACION MEDIA VOCACIONAL","propiedad":"PRIV","escala":"URBANA","permanenci":"SI","estruc_eco":"NO","url1":null}},{"type":"Feature","id":"eqp_uco_educacion.2932","geometry":{"type":"MultiPolygon","coordinates":[[[[-76.54157911,3.4406554],[-76.54158123,3.44058439],[-76.54158122,3.44056638],[-76.54158299,3.44050743],[-76.54158403,3.44044038],[-76.54158703,3.44037754],[-76.54163872,3.4403796],[-76.54163692,3.44039237],[-76.54163514,3.44043036],[-76.54163515,3.44043639],[-76.54162515,3.44058634],[-76.54162016,3.44065835],[-76.54157911,3.4406554]]]]},"geometry_name":"the_geom","properties":{"nombre":"TALLER INFANTIL MANOS A LA OBRA","localizaci":"KR 23A NO 1  60","servicio":"EDUCACION","tipo":"TALLINF","nivel":"EDUCACION PREESCOLAR","propiedad":"PRIV","escala":"LOCAL","permanenci":"NO","estruc_eco":"NO","url1":null}},{"type":"Feature","id":"eqp_uco_educacion.2933","geometry":{"type":"MultiPolygon","coordinates":[[[[-76.53828198,3.43862195],[-76.53826184,3.43864501],[-76.53823482,3.43862],[-76.53821393,3.43860201],[-76.53814693,3.43854202],[-76.53813685,3.43853509],[-76.53816995,3.43849601],[-76.53825171,3.438565],[-76.53825495,3.43856797],[-76.53826684,3.43857795],[-76.53828485,3.43859396],[-76.53829673,3.43860394],[-76.53828198,3.43862195]]]]},"geometry_name":"the_geom","properties":{"nombre":"COLEGIO  HERMANO  MIGUEL","localizaci":"CL 5 NO 23 30","servicio":"EDUCACION","tipo":"COLEGIO","nivel":"EDUCACION BASICA","propiedad":"PRIV","escala":"LOCAL","permanenci":"NO","estruc_eco":"NO","url1":null}},{"type":"Feature","id":"eqp_uco_educacion.2934","geometry":{"type":"MultiPolygon","coordinates":[[[[-76.53890363,3.43842962],[-76.53886041,3.43839166],[-76.53884348,3.43837664],[-76.53883159,3.43836567],[-76.53885354,3.43833767],[-76.53888843,3.43829165],[-76.53896146,3.43819756],[-76.5389665,3.43819161],[-76.53898341,3.43816955],[-76.53906733,3.4382335],[-76.53904143,3.43826456],[-76.53897235,3.4383466],[-76.5389594,3.43836263],[-76.53894069,3.43838658],[-76.53893853,3.43838856],[-76.53890363,3.43842962]]]]},"geometry_name":"the_geom","properties":{"nombre":"ESCUELA MATERNALl  LA PEQUEÑA LULU","localizaci":"KR 24 NO 4 35","servicio":"EDUCACION","tipo":"JARDININF","nivel":"EDUCACION PREESCOLAR","propiedad":"PUB","escala":"LOCAL","permanenci":"NO","estruc_eco":"NO","url1":null}},{"type":"Feature","id":"eqp_uco_educacion.2935","geometry":{"type":"MultiPolygon","coordinates":[[[[-76.54664347,3.43320133],[-76.54651195,3.43304254],[-76.54685794,3.43275334],[-76.54698671,3.43286928],[-76.54700913,3.4328967],[-76.54664347,3.43320133]]]]},"geometry_name":"the_geom","properties":{"nombre":"COLEGIO SANTA MARIANA DE JESUS - PRIMARIA","localizaci":"KR 36 NO 4 12","servicio":"EDUCACION","tipo":"COLEGIO","nivel":"EDUCACION BASICA","propiedad":"PRIV","escala":"LOCAL","permanenci":"NO","estruc_eco":"NO","url1":null}},{"type":"Feature","id":"eqp_uco_educacion.2936","geometry":{"type":"MultiPolygon","coordinates":[[[[-76.54223232,3.43751456],[-76.54223701,3.43752143],[-76.5425569,3.43718541],[-76.54259653,3.43718241],[-76.54278997,3.43733453],[-76.54291099,3.43743238],[-76.54315015,3.43762629],[-76.54327622,3.43772621],[-76.54333528,3.43776821],[-76.54320327,3.43796125],[-76.54326237,3.43806022],[-76.54304203,3.43830207],[-76.54298617,3.43821096],[-76.54295411,3.43815941],[-76.542904,3.43811034],[-76.54278643,3.43805654],[-76.54270831,3.43806856],[-76.54260136,3.43808176],[-76.54250637,3.43812049],[-76.54239222,3.4381722],[-76.54228247,3.43817582],[-76.54217627,3.43817885],[-76.54209131,3.43818097],[-76.54206461,3.43818147],[-76.54201407,3.43815121],[-76.54195389,3.43811143],[-76.54181879,3.43797674],[-76.54181964,3.43793854],[-76.54223232,3.43751456]]]]},"geometry_name":"the_geom","properties":{"nombre":"COLEGIO MARIA AUXILIADORA","localizaci":"CL 2  KR 24C y 25","servicio":"EDUCACION","tipo":"COLEGIO","nivel":"EDUCACION BASICA MEDIA","propiedad":"PRIV","escala":"ZONAL","permanenci":"SI","estruc_eco":"NO","url1":null}},{"type":"Feature","id":"eqp_uco_educacion.2937","geometry":{"type":"MultiPolygon","coordinates":[[[[-76.54333346,3.43776836],[-76.54336227,3.43778932],[-76.54338748,3.4378073],[-76.5437275,3.4380781],[-76.54372751,3.43810916],[-76.54338405,3.43871832],[-76.54313591,3.43856447],[-76.54313106,3.4385615],[-76.54310286,3.43843907],[-76.54305413,3.43832179],[-76.54304203,3.43830207],[-76.54326055,3.43806038],[-76.54320145,3.43796141],[-76.54333346,3.43776836]]]]},"geometry_name":"the_geom","properties":{"nombre":"COLEGIO MARIA AUXILIADORA","localizaci":"CL 2  KR 24C y 24","servicio":"EDUCACION","tipo":"COLEGIO","nivel":"EDUCACION BASICA MEDIA","propiedad":"PRIV","escala":"ZONAL","permanenci":"SI","estruc_eco":"NO","url1":null}},{"type":"Feature","id":"eqp_uco_educacion.2938","geometry":{"type":"MultiPolygon","coordinates":[[[[-76.54387964,3.43625784],[-76.5438548,3.4362629],[-76.54380584,3.43627589],[-76.54379575,3.43624493],[-76.5437467,3.43609987],[-76.5437366,3.4360709],[-76.54373264,3.43605992],[-76.5437265,3.43604192],[-76.54372362,3.43603292],[-76.54371965,3.43601492],[-76.54379272,3.43599589],[-76.54379561,3.43601092],[-76.54379849,3.4360129],[-76.54381147,3.43604988],[-76.54381869,3.43607283],[-76.54382157,3.43608291],[-76.5438277,3.4361009],[-76.54383852,3.43613483],[-76.54386774,3.43622383],[-76.54386882,3.43622581],[-76.54387964,3.43625784]]]]},"geometry_name":"the_geom","properties":{"nombre":"TALLER ARTE. JARDIN INFANTIL","localizaci":"DG 28 NO 26 79","servicio":"EDUCACION","tipo":"JARDININF","nivel":"EDUCACION PREESCOLAR","propiedad":"PRIV","escala":"LOCAL","permanenci":"NO","estruc_eco":"NO","url1":null}},{"type":"Feature","id":"eqp_uco_educacion.2939","geometry":{"type":"MultiPolygon","coordinates":[[[[-76.54654488,3.43474073],[-76.5465038,3.43468873],[-76.54647786,3.4346577],[-76.54646273,3.4346397],[-76.54642779,3.43459679],[-76.54646593,3.43456572],[-76.54648068,3.43455374],[-76.54648968,3.43454672],[-76.54655769,3.43449168],[-76.5465836,3.43446971],[-76.54665494,3.43456363],[-76.54667187,3.43458666],[-76.54669601,3.43461761],[-76.54654488,3.43474073]]]]},"geometry_name":"the_geom","properties":{"nombre":"ACADEMIA DE ACTUACION NAAR LANDAETA","localizaci":"KR 35 NO 3B 55","servicio":"EDUCACION","tipo":"ESCARTE","nivel":"EDUCACION NO FORMAL","propiedad":"PRIV","escala":"LOCAL","permanenci":"NO","estruc_eco":"NO","url1":null}},{"type":"Feature","id":"eqp_uco_educacion.2940","geometry":{"type":"MultiPolygon","coordinates":[[[[-76.54434666,3.43546895],[-76.54423608,3.43549284],[-76.54412909,3.4350441],[-76.54424647,3.43501682],[-76.54434666,3.43546895]]]]},"geometry_name":"the_geom","properties":{"nombre":"INSTITUTO GOESTETHE","localizaci":null,"servicio":"EDUCACION","tipo":"INSTEDUCI","nivel":"EDUCACION NO FORMAL","propiedad":"PRIV","escala":"LOCAL","permanenci":"NO","estruc_eco":"NO","url1":null}},{"type":"Feature","id":"eqp_uco_educacion.2941","geometry":{"type":"MultiPolygon","coordinates":[[[[-76.54962156,3.42718082],[-76.5496284,3.42719288],[-76.54953047,3.42718196],[-76.5494815,3.42717091],[-76.5494383,3.42716599],[-76.54935332,3.42714102],[-76.54929643,3.42711801],[-76.54924241,3.42709104],[-76.54923232,3.42708511],[-76.54863193,3.42665245],[-76.54863012,3.4266394],[-76.54862904,3.42663643],[-76.54863299,3.42662041],[-76.54863515,3.42661644],[-76.5486409,3.42660645],[-76.54864594,3.42660141],[-76.5497257,3.42610873],[-76.54976493,3.4260907],[-76.54980776,3.42607169],[-76.5498247,3.42610966],[-76.54983876,3.42613971],[-76.54986904,3.42620567],[-76.5498968,3.42626865],[-76.54990509,3.42628665],[-76.54991086,3.42629862],[-76.54992492,3.42633065],[-76.5499278,3.42633668],[-76.54993609,3.42635368],[-76.54994186,3.42636862],[-76.549957,3.42640065],[-76.54998692,3.4264676],[-76.5500172,3.42653364],[-76.55004604,3.42659762],[-76.55005108,3.42660959],[-76.55006406,3.42663757],[-76.55007632,3.42666457],[-76.55001729,3.42669457],[-76.5499813,3.42671367],[-76.54995719,3.42672566],[-76.54994027,3.42673467],[-76.54992911,3.42673962],[-76.54988916,3.42676071],[-76.54986505,3.42677269],[-76.54983734,3.42678774],[-76.54980423,3.42680378],[-76.54977219,3.42682072],[-76.54970813,3.42685379],[-76.54969229,3.42686181],[-76.54967214,3.42687181],[-76.5496581,3.42687884],[-76.54964335,3.42688686],[-76.54956741,3.42692587],[-76.54950046,3.42695993],[-76.54954948,3.42704892],[-76.54962156,3.42718082]]]]},"geometry_name":"the_geom","properties":{"nombre":"COLEGIO STELLA MARIS","localizaci":"KR 38B DG 37A 90","servicio":"EDUCACION","tipo":"COLEGIO","nivel":"EDUCACION PREESCOLAR  BASICA MEDIA","propiedad":"PRIV","escala":"URBANA","permanenci":"SI","estruc_eco":"NO","url1":null}},{"type":"Feature","id":"eqp_uco_educacion.2942","geometry":{"type":"MultiPolygon","coordinates":[[[[-76.5481546,3.42507221],[-76.54799582,3.4250463],[-76.54800946,3.4249643],[-76.54801448,3.42493333],[-76.54803852,3.4247903],[-76.54803959,3.42478427],[-76.54804354,3.42476231],[-76.5482016,3.4247912],[-76.54819658,3.42482225],[-76.54818546,3.42488922],[-76.54817864,3.42493126],[-76.5481668,3.42499921],[-76.5481668,3.42500327],[-76.5481546,3.42507221]]]]},"geometry_name":"the_geom","properties":{"nombre":"COLEGIO FRANCISCO JOSE DE CALDAS","localizaci":"KR 39 NO 4A 101","servicio":"EDUCACION","tipo":"COLEGIO","nivel":"EDUCACION BASICA-EDUCACION MEDIA VOCACIONAL","propiedad":"PRIV","escala":"LOCAL","permanenci":"NO","estruc_eco":"NO","url1":null}},{"type":"Feature","id":"eqp_uco_educacion.2943","geometry":{"type":"MultiPolygon","coordinates":[[[[-76.54803139,3.42710707],[-76.54802237,3.42708503],[-76.54801155,3.42705407],[-76.54800254,3.42702906],[-76.54798055,3.42697111],[-76.54794736,3.42686906],[-76.54792032,3.42678609],[-76.5479113,3.42675613],[-76.54790517,3.42673912],[-76.54789615,3.42671213],[-76.54787523,3.42664508],[-76.54799836,3.42664402],[-76.5480952,3.42664397],[-76.54809521,3.42666395],[-76.5480963,3.42668096],[-76.5480975,3.42689301],[-76.54809754,3.42694701],[-76.54809834,3.42709803],[-76.54803139,3.42710707]]]]},"geometry_name":"the_geom","properties":{"nombre":"POLITECNICO SUPERIOR DE OCCIDENTE","localizaci":"KR 38 NO 4 39","servicio":"EDUCACION","tipo":"POLITEC","nivel":"EDUCACION BASICA-EDUCACION MEDIA VOCACIONAL","propiedad":"PRIV","escala":"LOCAL","permanenci":"NO","estruc_eco":"NO","url1":null}},{"type":"Feature","id":"eqp_uco_educacion.2944","geometry":{"type":"MultiPolygon","coordinates":[[[[-76.54986185,3.42612133],[-76.54983594,3.4261334],[-76.54982188,3.42610335],[-76.54980494,3.42606538],[-76.54988196,3.42602933],[-76.5499741,3.42598832],[-76.55001583,3.4259687],[-76.55004273,3.42603776],[-76.5500051,3.42605428],[-76.55000402,3.42605428],[-76.54992016,3.4260933],[-76.54990684,3.42610033],[-76.5499,3.4261033],[-76.54989712,3.42610438],[-76.54989208,3.42610637],[-76.54986185,3.42612133]]]]},"geometry_name":"the_geom","properties":{"nombre":"JARDIN INFANTIL MANOS CREATIVAS","localizaci":"CL 3 NO 38C 67","servicio":"EDUCACION","tipo":"JARDININF","nivel":"EDUCACION PREESCOLAR","propiedad":"PRIV","escala":"LOCAL","permanenci":"NO","estruc_eco":"NO","url1":null}},{"type":"Feature","id":"eqp_uco_educacion.2945","geometry":{"type":"MultiPolygon","coordinates":[[[[-76.54177901,3.42888864],[-76.54175884,3.42886066],[-76.54167489,3.42874568],[-76.54164462,3.42870475],[-76.54160355,3.4286487],[-76.54156464,3.42859472],[-76.54154158,3.42856377],[-76.54152248,3.42853678],[-76.5415178,3.42852976],[-76.5415455,3.42850878],[-76.54157645,3.42848572],[-76.54172562,3.42869165],[-76.54176561,3.42874563],[-76.54181786,3.4288176],[-76.54182182,3.42882363],[-76.54183695,3.42884459],[-76.54177901,3.42888864]]]]},"geometry_name":"the_geom","properties":{"nombre":"COLEGIO LOS ANDES","localizaci":"CL 5B2 NO 36 51","servicio":"EDUCACION","tipo":"COLEGIO","nivel":"EDUCACION BASICA-EDUCACION MEDIA VOCACIONAL","propiedad":"PRIV","escala":"LOCAL","permanenci":"NO","estruc_eco":"NO","url1":null}},{"type":"Feature","id":"eqp_uco_educacion.2946","geometry":{"type":"MultiPolygon","coordinates":[[[[-76.54116866,3.42865993],[-76.54110453,3.42857195],[-76.54112072,3.42855997],[-76.54124667,3.42846683],[-76.5413316,3.42840378],[-76.54142157,3.42833775],[-76.54148642,3.42842673],[-76.54118953,3.42864489],[-76.54116866,3.42865993]]]]},"geometry_name":"the_geom","properties":{"nombre":"AKADEMOS","localizaci":"KR 36 NO 5B2 70","servicio":"EDUCACION","tipo":"COLEGIO","nivel":"EDUCACION NO FORMAL","propiedad":"PRIV","escala":"LOCAL","permanenci":"NO","estruc_eco":"NO","url1":null}},{"type":"Feature","id":"eqp_uco_educacion.2947","geometry":{"type":"MultiPolygon","coordinates":[[[[-76.5405944,3.42789255],[-76.54055729,3.42784163],[-76.54054107,3.42781859],[-76.54056734,3.4277986],[-76.54067926,3.42771555],[-76.54070013,3.42769952],[-76.54074799,3.42766349],[-76.54079909,3.42762547],[-76.54082504,3.42766245],[-76.54082828,3.42766641],[-76.54085422,3.4277024],[-76.54083335,3.42771744],[-76.54080816,3.42773545],[-76.5406912,3.42782148],[-76.54061635,3.4278766],[-76.5405944,3.42789255]]]]},"geometry_name":"the_geom","properties":{"nombre":"CCED","localizaci":"DG 32 NO 36 62","servicio":"EDUCACION","tipo":"CENTDOC","nivel":"EDUCACION TECNICA","propiedad":"PRIV","escala":"URBANA","permanenci":"SI","estruc_eco":"NO","url1":null}},{"type":"Feature","id":"eqp_uco_educacion.2948","geometry":{"type":"MultiPolygon","coordinates":[[[[-76.54102273,3.42738595],[-76.5409885,3.42733997],[-76.54098166,3.42732999],[-76.54094167,3.42727601],[-76.54093842,3.42727304],[-76.54092365,3.42725298],[-76.54101937,3.42718092],[-76.54105034,3.42718693],[-76.54113753,3.42730587],[-76.54102273,3.42738595]]]]},"geometry_name":"the_geom","properties":{"nombre":"JARDIN INFANTIL TIA DORA","localizaci":"KR 36 NO 5B3 81","servicio":"EDUCACION","tipo":"JARDININF","nivel":"EDUCACION PREESCOLAR","propiedad":"PRIV","escala":"LOCAL","permanenci":"NO","estruc_eco":"NO","url1":null}},{"type":"Feature","id":"eqp_uco_educacion.2949","geometry":{"type":"MultiPolygon","coordinates":[[[[-76.54330692,3.42531134],[-76.54325071,3.42523433],[-76.54324783,3.42522938],[-76.54322585,3.42519933],[-76.54320783,3.42517441],[-76.54320675,3.42517234],[-76.5431646,3.42511441],[-76.54322253,3.42507135],[-76.54328378,3.42515529],[-76.54336485,3.42526829],[-76.54330692,3.42531134]]]]},"geometry_name":"the_geom","properties":{"nombre":"JARDIN INFANTIL PARAISO DE LOS NIÑOS","localizaci":"CL 5B4 NO 37 29","servicio":"EDUCACION","tipo":"JARDININF","nivel":"EDUCACION PREESCOLAR","propiedad":"PRIV","escala":"LOCAL","permanenci":"NO","estruc_eco":"NO","url1":null}},{"type":"Feature","id":"eqp_uco_educacion.2950","geometry":{"type":"MultiPolygon","coordinates":[[[[-76.54196417,3.42659266],[-76.54194401,3.42660771],[-76.54188709,3.42652971],[-76.54205118,3.42640658],[-76.542071,3.42643356],[-76.54209009,3.42645857],[-76.54211099,3.42648655],[-76.54208796,3.42650259],[-76.54207896,3.42650961],[-76.54206097,3.42652258],[-76.54197028,3.4265887],[-76.54196417,3.42659266]]]]},"geometry_name":"the_geom","properties":{"nombre":"ACADEMIA MUSICAL PRELUDIO","localizaci":"KR 37 NO 5B3 84","servicio":"EDUCACION","tipo":"ESCARTE","nivel":"EDUCACION NO FORMAL","propiedad":"PRIV","escala":"LOCAL","permanenci":"NO","estruc_eco":"NO","url1":null}},{"type":"Feature","id":"eqp_uco_educacion.2951","geometry":{"type":"MultiPolygon","coordinates":[[[[-76.53800315,3.42573382],[-76.53797614,3.42572592],[-76.53788432,3.42569789],[-76.53787208,3.42569394],[-76.5378602,3.42569097],[-76.53787529,3.42564092],[-76.53788212,3.42563093],[-76.53789328,3.42562291],[-76.53790732,3.42562092],[-76.537921,3.42562389],[-76.53804812,3.42568483],[-76.53804237,3.42570482],[-76.53803015,3.42574182],[-76.53800315,3.42573382]]]]},"geometry_name":"the_geom","properties":{"nombre":"ESCUELA DE BAILE RUCAFE","localizaci":"KR 35 NO 8  49","servicio":"EDUCACION","tipo":"ESCARTE","nivel":"EDUCACION NO FORMAL","propiedad":"PRIV","escala":"LOCAL","permanenci":"NO","estruc_eco":"NO","url1":null}},{"type":"Feature","id":"eqp_uco_educacion.2952","geometry":{"type":"MultiPolygon","coordinates":[[[[-76.53916066,3.42395381],[-76.53918366,3.42388873],[-76.53924956,3.42390669],[-76.53925856,3.42390875],[-76.53936874,3.42393965],[-76.53937846,3.42394162],[-76.53940979,3.42395061],[-76.53940152,3.42397662],[-76.5394008,3.4239786],[-76.53938751,3.42401866],[-76.5394588,3.4240386],[-76.53944766,3.42407263],[-76.53943976,3.42409964],[-76.53932381,3.42407072],[-76.5391625,3.42402878],[-76.53915962,3.4240278],[-76.53913658,3.42402277],[-76.53916066,3.42395381]]]]},"geometry_name":"the_geom","properties":{"nombre":"INCOVAL","localizaci":"CL7 NO 37 22","servicio":"EDUCACION","tipo":"COLEGIO","nivel":"EDUCACION TECNICA","propiedad":"PRIV","escala":"LOCAL","permanenci":"NO","estruc_eco":"NO","url1":null}},{"type":"Feature","id":"eqp_uco_educacion.2953","geometry":{"type":"MultiPolygon","coordinates":[[[[-76.53863035,3.42257842],[-76.53937002,3.42290823],[-76.53923688,3.42326788],[-76.53916153,3.42346143],[-76.53849895,3.42319056],[-76.53839019,3.42314488],[-76.53863035,3.42257842]]]]},"geometry_name":"the_geom","properties":{"nombre":"LICEO DEPARTAMENTAL FEMENINO","localizaci":"KR 37A NO 8 38","servicio":"EDUCACION","tipo":"COLEGIO","nivel":"EDUCACION BASICA MEDIA VOCACIONAL","propiedad":"PUB","escala":"ZONAL","permanenci":"SI","estruc_eco":"NO","url1":null}},{"type":"Feature","id":"eqp_uco_educacion.2954","geometry":{"type":"MultiPolygon","coordinates":[[[[-76.54041434,3.42643925],[-76.54036642,3.42637123],[-76.54035561,3.42635729],[-76.54037828,3.42634026],[-76.54038944,3.42633225],[-76.54041643,3.42631324],[-76.54044054,3.42629622],[-76.54046035,3.4263232],[-76.54050035,3.42637916],[-76.54051152,3.42639419],[-76.54042659,3.42645526],[-76.54041434,3.42643925]]]]},"geometry_name":"the_geom","properties":{"nombre":"ESCUELA DE MUSICA MELISIMA","localizaci":"DG 32A NO 36 75","servicio":"EDUCACION","tipo":"ESCARTE","nivel":"EDUCACION NO FORMAL","propiedad":"PRIV","escala":"LOCAL","permanenci":"NO","estruc_eco":"NO","url1":null}},{"type":"Feature","id":"eqp_uco_educacion.2955","geometry":{"type":"MultiPolygon","coordinates":[[[[-76.53977765,3.42507175],[-76.53968546,3.42503679],[-76.5396635,3.42502879],[-76.53962461,3.42501379],[-76.53960444,3.42500687],[-76.53958068,3.42499788],[-76.53958247,3.42499284],[-76.5396195,3.42489282],[-76.53963858,3.42489983],[-76.53966235,3.42490981],[-76.53981359,3.42496867],[-76.53980137,3.42500171],[-76.53978555,3.4250487],[-76.53977765,3.42507175]]]]},"geometry_name":"the_geom","properties":{"nombre":"ACADEMIA DE BAILE YIRA","localizaci":"CL 7 NO 36A BIS 28","servicio":"EDUCACION","tipo":"ESCARTE","nivel":"EDUCACION NO FORMAL","propiedad":"PRIV","escala":"LOCAL","permanenci":"NO","estruc_eco":"NO","url1":null}},{"type":"Feature","id":"eqp_uco_educacion.2956","geometry":{"type":"MultiPolygon","coordinates":[[[[-76.53188686,3.43007103],[-76.53189082,3.43007103],[-76.53219472,3.43015483],[-76.53241689,3.43021473],[-76.53237318,3.43039602],[-76.53235747,3.43045985],[-76.53181021,3.43031451],[-76.5318282,3.43024562],[-76.53187066,3.43008301],[-76.53187462,3.43007707],[-76.53187966,3.43007302],[-76.53188686,3.43007103]]]]},"geometry_name":"the_geom","properties":{"nombre":"COLEGIO CLARETIANO SANTA DOROTEA","localizaci":"KR 29A NO 10 55","servicio":"EDUCACION","tipo":"COLEGIO","nivel":"EDUCACION BASICA-EDUCACION MEDIA VOCACIONAL","propiedad":"PRIV","escala":"URBANA","permanenci":"SI","estruc_eco":"NO","url1":null}},{"type":"Feature","id":"eqp_uco_educacion.2957","geometry":{"type":"MultiPolygon","coordinates":[[[[-76.55317096,3.42868692],[-76.55307294,3.42874625],[-76.55293432,3.42863339],[-76.55318354,3.42832191],[-76.55332805,3.42843551],[-76.55330987,3.42851412],[-76.5532594,3.42857755],[-76.55326723,3.42858608],[-76.55324208,3.42861746],[-76.5532324,3.42861089],[-76.55322186,3.42862393],[-76.55317096,3.42868692]]]]},"geometry_name":"the_geom","properties":{"nombre":"ESCUELA CELANESE","localizaci":null,"servicio":"EDUCACION","tipo":"ESCUELA","nivel":"EDUCACION BASICA MEDIA","propiedad":"PUB","escala":"LOCAL","permanenci":"NO","estruc_eco":"NO","url1":null}},{"type":"Feature","id":"eqp_uco_educacion.2958","geometry":{"type":"MultiPolygon","coordinates":[[[[-76.52274958,3.4371644],[-76.52292148,3.43722037],[-76.52288468,3.43734038],[-76.52286776,3.43733435],[-76.5227907,3.43731045],[-76.52274857,3.43729644],[-76.5226517,3.43726553],[-76.52266248,3.43722745],[-76.52267147,3.43719747],[-76.5226765,3.43718145],[-76.52268656,3.43714643],[-76.52274958,3.4371644]]]]},"geometry_name":"the_geom","properties":{"nombre":"COLEGIO CASA EVANGELICA","localizaci":"CL 18 NO  21  75","servicio":"EDUCACION","tipo":"COLEGIO","nivel":"EDUCACION BASICA-EDUCACION MEDIA VOCACIONAL","propiedad":"PRIV","escala":"LOCAL","permanenci":"NO","estruc_eco":"NO","url1":null}},{"type":"Feature","id":"eqp_uco_educacion.2959","geometry":{"type":"MultiPolygon","coordinates":[[[[-76.52514114,3.43960225],[-76.52514114,3.43960432],[-76.52508713,3.43960129],[-76.52507597,3.43960129],[-76.52504393,3.43959933],[-76.524964,3.43959542],[-76.5248351,3.43958945],[-76.52481314,3.43958749],[-76.52480414,3.43958749],[-76.52478486,3.43922442],[-76.52478486,3.43922343],[-76.52483779,3.43922547],[-76.5249638,3.43922837],[-76.5250178,3.43923032],[-76.52502897,3.43923032],[-76.52505597,3.43923129],[-76.52505777,3.43923129],[-76.52509197,3.43923127],[-76.52513194,3.43923125],[-76.52513304,3.43927328],[-76.52513307,3.43933125],[-76.52513382,3.43938228],[-76.52513384,3.43941729],[-76.52513385,3.43944024],[-76.52513494,3.43946724],[-76.52513495,3.43948129],[-76.52513604,3.43950532],[-76.52513604,3.4395073],[-76.52513713,3.43951927],[-76.52513787,3.4395523],[-76.52513895,3.43955527],[-76.52514005,3.43958533],[-76.52514114,3.43960225]]]]},"geometry_name":"the_geom","properties":{"nombre":"INSTITUTO EDUCATIVO NO 75 REPUBLICA DEL ECUADOR","localizaci":"CL 16 NO 18A  54","servicio":"EDUCACION","tipo":"INSTEDUCI","nivel":"EDUCACION BASICA-EDUCACION MEDIA VOCACIONAL","propiedad":"PUB","escala":"LOCAL","permanenci":"NO","estruc_eco":"NO","url1":null}},{"type":"Feature","id":"eqp_uco_educacion.2974","geometry":{"type":"MultiPolygon","coordinates":[[[[-76.53365797,3.44147379],[-76.53363777,3.44141278],[-76.53363669,3.44140981],[-76.53352454,3.44106884],[-76.53357853,3.44103884],[-76.53358141,3.44104982],[-76.53367084,3.44130278],[-76.53367372,3.44131178],[-76.53367588,3.44131573],[-76.53370076,3.44138673],[-76.53371086,3.44141877],[-76.53372781,3.44146772],[-76.53372673,3.44146773],[-76.53370081,3.44147872],[-76.53366482,3.44149377],[-76.53365797,3.44147379]]]]},"geometry_name":"the_geom","properties":{"nombre":"COLEGIO LA SANTA INFANCIA","localizaci":"KR 16 NO 8A  05","servicio":"EDUCACION","tipo":"COLEGIO","nivel":"EDUCACION BASICA","propiedad":"PRIV","escala":"LOCAL","permanenci":"NO","estruc_eco":"NO","url1":null}},{"type":"Feature","id":"eqp_uco_educacion.2960","geometry":{"type":"MultiPolygon","coordinates":[[[[-76.52223734,3.43866579],[-76.52223446,3.43867479],[-76.52219521,3.43866383],[-76.52204433,3.4386199],[-76.52203029,3.43861595],[-76.52202525,3.43861496],[-76.52202309,3.43861388],[-76.52205112,3.4385109],[-76.52205112,3.43850991],[-76.52206228,3.43851386],[-76.52206912,3.43851593],[-76.52210513,3.43852788],[-76.52212637,3.4385339],[-76.52212709,3.4385339],[-76.52214726,3.43854082],[-76.52218435,3.43855187],[-76.52219911,3.43855681],[-76.5222092,3.43855978],[-76.52223836,3.43856984],[-76.52225709,3.43857577],[-76.52226429,3.43857775],[-76.5222474,3.43863284],[-76.52224237,3.43864679],[-76.52223734,3.43866579]]]]},"geometry_name":"the_geom","properties":{"nombre":"COLEGIO RICAURTE","localizaci":"CL 18A NO 18  95","servicio":"EDUCACION","tipo":"COLEGIO","nivel":"EDUCACION PREESCOLAR-EDUCACION BASICA-EDUCACION MEDIA VOCACIONAL","propiedad":"PRIV","escala":"LOCAL","permanenci":"NO","estruc_eco":"NO","url1":null}},{"type":"Feature","id":"eqp_uco_educacion.2961","geometry":{"type":"MultiPolygon","coordinates":[[[[-76.52191566,3.43768094],[-76.5218476,3.43765992],[-76.5218278,3.43765399],[-76.52175074,3.43763099],[-76.52176655,3.43756996],[-76.52177159,3.43757202],[-76.52185153,3.43759592],[-76.52186953,3.43760095],[-76.52187457,3.43760293],[-76.52189258,3.43760895],[-76.52192787,3.43761892],[-76.52193255,3.4376209],[-76.52194155,3.43762287],[-76.52195955,3.43762889],[-76.52194877,3.43766886],[-76.52194267,3.43768894],[-76.52191566,3.43768094]]]]},"geometry_name":"the_geom","properties":{"nombre":"LICEO INFANTIL MARCO","localizaci":"CL 9 NO 20  38","servicio":"EDUCACION","tipo":"LICEO","nivel":"EDUCACION PREESCOLAR","propiedad":"PRIV","escala":"LOCAL","permanenci":"NO","estruc_eco":"NO","url1":null}},{"type":"Feature","id":"eqp_uco_educacion.2962","geometry":{"type":"MultiPolygon","coordinates":[[[[-76.52539104,3.44086781],[-76.52587648,3.44087263],[-76.52586783,3.44109932],[-76.525808,3.44109805],[-76.52577991,3.44109806],[-76.52571475,3.44109711],[-76.52566902,3.44109011],[-76.52566398,3.44108912],[-76.52565174,3.44108706],[-76.52564202,3.44108707],[-76.52563986,3.44108608],[-76.52562293,3.44108609],[-76.52558189,3.44108413],[-76.52557073,3.44108513],[-76.52552393,3.44108821],[-76.52552105,3.44108821],[-76.52546488,3.44108824],[-76.52538495,3.44108829],[-76.52539061,3.44090125],[-76.52539061,3.44089225],[-76.52539104,3.44086781]]]]},"geometry_name":"the_geom","properties":{"nombre":"COLEGIO DE LA SANTISIMA TRINIDAD","localizaci":"KR 18 NO 15  41","servicio":"EDUCACION","tipo":"COLEGIO","nivel":"EDUCACION PREESCOLAR-EDUCACION BASICA-EDUCACION MEDIA VOCACIONAL","propiedad":"PRIV","escala":"ZONAL","permanenci":"NO","estruc_eco":"NO","url1":null}},{"type":"Feature","id":"eqp_uco_educacion.2963","geometry":{"type":"MultiPolygon","coordinates":[[[[-76.52996166,3.4417198],[-76.5287545,3.44178247],[-76.5287437,3.44178149],[-76.52873362,3.44177546],[-76.52872857,3.44176547],[-76.52872749,3.44175548],[-76.5286288,3.44033345],[-76.52863167,3.44033147],[-76.52912276,3.44032715],[-76.52914364,3.44032714],[-76.52919692,3.44032612],[-76.52922464,3.44032611],[-76.52918249,3.43960411],[-76.52919833,3.4396041],[-76.52921742,3.43960409],[-76.52924946,3.43960506],[-76.52930454,3.43960503],[-76.52932939,3.43960502],[-76.52937259,3.43960599],[-76.52941255,3.43960597],[-76.52945144,3.43960594],[-76.5294986,3.43960691],[-76.52957349,3.43960687],[-76.52959761,3.43960685],[-76.52959044,3.43966086],[-76.5295865,3.4396939],[-76.52958148,3.43973692],[-76.52962864,3.43973591],[-76.52968841,3.4397338],[-76.52974457,3.43973179],[-76.52980253,3.43972681],[-76.52984969,3.43972274],[-76.52988354,3.43971975],[-76.52991162,3.43971775],[-76.52992566,3.43971666],[-76.5299577,3.43971368],[-76.52999262,3.43971069],[-76.53002142,3.43970869],[-76.53006642,3.43970462],[-76.53009955,3.43970163],[-76.53011755,3.43970063],[-76.53016255,3.43969754],[-76.53021043,3.43969455],[-76.53025651,3.43969155],[-76.53031448,3.43968747],[-76.53031664,3.43968747],[-76.53037352,3.4396815],[-76.53043472,3.43967444],[-76.5304916,3.43966838],[-76.53049849,3.43975235],[-76.53056513,3.44048343],[-76.53058612,3.44069637],[-76.53061038,3.44094639],[-76.53061038,3.44095144],[-76.53063246,3.44116339],[-76.53061626,3.44116537],[-76.53048233,3.44117751],[-76.53043733,3.44118248],[-76.53043951,3.44122748],[-76.53044025,3.44125152],[-76.53044135,3.44129049],[-76.53044353,3.44132748],[-76.53039961,3.44133056],[-76.53037332,3.44133256],[-76.53031356,3.44133655],[-76.52992654,3.44136376],[-76.5299374,3.44147482],[-76.52996165,3.44171278],[-76.52996166,3.4417198]]]]},"geometry_name":"the_geom","properties":{"nombre":"INSTITUTO TECNICO MUNICIPAL ANTONIO JOSE CAMACHO","localizaci":"KR 16 NO 12  00","servicio":"EDUCACION","tipo":"ESCTSUPER","nivel":"EDUCACION SUPERIOR","propiedad":"PUB","escala":"REGIONAL","permanenci":"SI","estruc_eco":"NO","url1":null}},{"type":"Feature","id":"eqp_uco_educacion.2964","geometry":{"type":"MultiPolygon","coordinates":[[[[-76.53479635,3.44080591],[-76.53517611,3.44060443],[-76.53517863,3.44060793],[-76.53521251,3.44066092],[-76.5352244,3.44067892],[-76.53531772,3.44081883],[-76.5349398,3.4410201],[-76.53489656,3.44095505],[-76.53487674,3.44092608],[-76.53479855,3.44080912],[-76.53479635,3.44080591]]]]},"geometry_name":"the_geom","properties":{"nombre":"COLEGIO MARCO FIDEL SUAREZ","localizaci":"KR 15 NO  5  56","servicio":"EDUCACION","tipo":"COLEGIO","nivel":"EDUCACION BASICA-EDUCACION MEDIA VOCACIONAL","propiedad":"PUB","escala":"ZONAL","permanenci":"NO","estruc_eco":"NO","url1":null}},{"type":"Feature","id":"eqp_uco_educacion.2965","geometry":{"type":"MultiPolygon","coordinates":[[[[-76.52108574,3.44158176],[-76.52107782,3.44158077],[-76.5210587,3.44152282],[-76.52123797,3.4414617],[-76.52124987,3.44149967],[-76.521256,3.44151767],[-76.52125672,3.44152172],[-76.52108574,3.44158176]]]]},"geometry_name":"the_geom","properties":{"nombre":"CENTRO EDUCATIVO COLOMBIANO","localizaci":"CL 20 NO 17 B 10","servicio":"EDUCACION","tipo":"CENTEDUC","nivel":"EDUCACION PREESCOLAR-EDUCACION BASICA","propiedad":"PRIV","escala":"LOCAL","permanenci":"NO","estruc_eco":"NO","url1":null}},{"type":"Feature","id":"eqp_uco_educacion.2966","geometry":{"type":"MultiPolygon","coordinates":[[[[-76.52909513,3.43301073],[-76.52909405,3.43299975],[-76.5290118,3.4329988],[-76.52901181,3.43301077],[-76.52899273,3.43301078],[-76.5289578,3.43300981],[-76.52887391,3.43300887],[-76.52887281,3.43296791],[-76.52886953,3.43288988],[-76.52886953,3.4328879],[-76.5288677,3.43284389],[-76.52896671,3.4328388],[-76.52898651,3.43283681],[-76.52904375,3.4328338],[-76.52906068,3.4328328],[-76.52908552,3.43283171],[-76.52917264,3.43282671],[-76.5291838,3.43282572],[-76.52918668,3.43282572],[-76.5291878,3.43288566],[-76.52916844,3.43288545],[-76.52917645,3.43301275],[-76.52909513,3.43301073]]]]},"geometry_name":"the_geom","properties":{"nombre":"COLEGIO SAN ALBERTO MAGNO","localizaci":"CL 12A NO 23A 66","servicio":"EDUCACION","tipo":"COLEGIO","nivel":"EDUCACION BASICA MEDIA","propiedad":"PRIV","escala":"LOCAL","permanenci":"NO","estruc_eco":"NO","url1":null}},{"type":"Feature","id":"eqp_uco_educacion.2967","geometry":{"type":"MultiPolygon","coordinates":[[[[-76.52822632,3.43233941],[-76.52820863,3.43214719],[-76.52826549,3.43214764],[-76.52827963,3.43232567],[-76.52828105,3.43233941],[-76.52825957,3.43233802],[-76.52825056,3.43233941],[-76.5282374,3.43233941],[-76.52822632,3.43233941]]]]},"geometry_name":"the_geom","properties":{"nombre":"INSTITUTO LA CAMPINA","localizaci":"KR 24 NO 12A  31","servicio":"EDUCACION","tipo":"CENTEDUC","nivel":"EDUCACION BASICA-EDUCACION MEDIA VOCACIONAL","propiedad":"PRIV","escala":"LOCAL","permanenci":"NO","estruc_eco":"NO","url1":null}},{"type":"Feature","id":"eqp_uco_educacion.2968","geometry":{"type":"MultiPolygon","coordinates":[[[[-76.52745176,3.43479075],[-76.52751584,3.43479072],[-76.52751585,3.43480674],[-76.52751658,3.43481772],[-76.52751877,3.43486875],[-76.52752785,3.43503174],[-76.52746197,3.4350298],[-76.52745358,3.43482171],[-76.52745176,3.43479075]]]]},"geometry_name":"the_geom","properties":{"nombre":"COLEGIO FE ESPERANZA","localizaci":"KR 23A NO 13  54","servicio":"EDUCACION","tipo":"COLEGIO","nivel":"EDUCACION PREESCOLAR-EDUCACION BASICA","propiedad":"PRIV","escala":"LOCAL","permanenci":"NO","estruc_eco":"NO","url1":null}},{"type":"Feature","id":"eqp_uco_educacion.2969","geometry":{"type":"MultiPolygon","coordinates":[[[[-76.5272606,3.43482083],[-76.52726274,3.43478887],[-76.52731351,3.43478984],[-76.52731565,3.43475986],[-76.52731851,3.43472278],[-76.52732958,3.43455977],[-76.52737351,3.43455777],[-76.52745343,3.43455476],[-76.52750239,3.43454969],[-76.52751584,3.43479072],[-76.52745176,3.43479075],[-76.52745358,3.43482171],[-76.52746197,3.4350298],[-76.52724991,3.43502586],[-76.5272556,3.43490588],[-76.52725775,3.43488383],[-76.5272606,3.43482083]]]]},"geometry_name":"the_geom","properties":{"nombre":"COLEGIO CENTRO DE FE","localizaci":"KR 23A NO 13  60","servicio":"EDUCACION","tipo":"COLEGIO","nivel":"EDUCACION PREESCOLAR-EDUCACION BASICA","propiedad":"PRIV","escala":"LOCAL","permanenci":"NO","estruc_eco":"NO","url1":null}},{"type":"Feature","id":"eqp_uco_educacion.2970","geometry":{"type":"MultiPolygon","coordinates":[[[[-76.52666397,3.4353862],[-76.52666386,3.4351872],[-76.52668473,3.43516217],[-76.52690867,3.43516403],[-76.52690867,3.43517006],[-76.52693784,3.43517103],[-76.52693567,3.43515501],[-76.52695187,3.43516103],[-76.52696987,3.43516102],[-76.52698571,3.43515498],[-76.52698968,3.43516704],[-76.5270138,3.43516802],[-76.5270178,3.43524101],[-76.52702572,3.43524101],[-76.52702801,3.43548204],[-76.5266849,3.43548322],[-76.52666401,3.43546325],[-76.52666397,3.4353862]]]]},"geometry_name":"the_geom","properties":{"nombre":"ESCUELA OLGA LUCIA LLOREDA/FUNDACION, MERCEDES CAICEDO DE LLOREDA","localizaci":"KR 23A NO 13B  11","servicio":"EDUCACION","tipo":"ESCUELA","nivel":"EDUCACION BASICA-EDUCACION MEDIA VOCACIONAL","propiedad":"PUB","escala":"LOCAL","permanenci":"NO","estruc_eco":"NO","url1":null}},{"type":"Feature","id":"eqp_uco_educacion.2971","geometry":{"type":"MultiPolygon","coordinates":[[[[-76.53300805,3.43465778],[-76.53284097,3.43460485],[-76.53288015,3.43448378],[-76.53288698,3.43446082],[-76.53289309,3.43444282],[-76.53290387,3.43440879],[-76.53297697,3.43443278],[-76.53300794,3.43444275],[-76.5330209,3.43444671],[-76.53305295,3.43445767],[-76.53307595,3.4343807],[-76.53317282,3.4344126],[-76.53322611,3.43442958],[-76.53323187,3.43443156],[-76.53324016,3.43443363],[-76.53335106,3.43447056],[-76.53328996,3.43466455],[-76.53328096,3.4346606],[-76.53325904,3.43473757],[-76.53300805,3.43465778]]]]},"geometry_name":"the_geom","properties":{"nombre":"COLEGIO CLARETIANO \"SANTA DOROTEA\"","localizaci":"CL 9C NO 23C  17","servicio":"EDUCACION","tipo":"COLEGIO","nivel":"EDUCACION PREESCOLAR-EDUCACION BASICA-EDUCACION MEDIA VOCACIONAL","propiedad":"PUB","escala":"ZONAL","permanenci":"SI","estruc_eco":"NO","url1":null}},{"type":"Feature","id":"eqp_uco_educacion.2972","geometry":{"type":"MultiPolygon","coordinates":[[[[-76.53264494,3.43630102],[-76.53262194,3.43638105],[-76.5324122,3.436319],[-76.53239974,3.43622784],[-76.53238919,3.43622453],[-76.53233256,3.43577667],[-76.53234215,3.43577816],[-76.53238761,3.43579317],[-76.53240057,3.43579712],[-76.53243766,3.43580907],[-76.53245062,3.43581312],[-76.53245351,3.4358141],[-76.53249456,3.43582704],[-76.5324978,3.43582812],[-76.53251256,3.43583207],[-76.53252084,3.43583504],[-76.53256261,3.43584807],[-76.53256765,3.43585004],[-76.53262059,3.43586703],[-76.53263355,3.43587098],[-76.53263463,3.43587197],[-76.5326638,3.43587996],[-76.53267784,3.435885],[-76.53269873,3.43589201],[-76.53270881,3.43589497],[-76.5327567,3.43590998],[-76.53275383,3.43591997],[-76.5327488,3.43593698],[-76.53274161,3.43596093],[-76.53273263,3.43599198],[-76.53272472,3.43602097],[-76.53271897,3.43604293],[-76.53270496,3.43609199],[-76.532701,3.43610703],[-76.53269489,3.43612602],[-76.53268771,3.43614997],[-76.53266075,3.43624404],[-76.53265608,3.43626204],[-76.53264494,3.43630102]]]]},"geometry_name":"the_geom","properties":{"nombre":"ESCUELA REPUBLICA DEL PERU","localizaci":"CL 9E NO 23  02","servicio":"EDUCACION","tipo":"ESCUELA","nivel":"EDUCACION PREESCOLAR-EDUCACION BASICA","propiedad":"PUB","escala":"ZONAL","permanenci":"NO","estruc_eco":"NO","url1":null}},{"type":"Feature","id":"eqp_uco_educacion.2973","geometry":{"type":"MultiPolygon","coordinates":[[[[-76.53650939,3.43807302],[-76.53654432,3.43809199],[-76.53655729,3.43809901],[-76.53655909,3.43810098],[-76.53656125,3.43810197],[-76.53658934,3.43811996],[-76.53661311,3.43813597],[-76.53655842,3.43820404],[-76.53654043,3.43822601],[-76.53638736,3.43811008],[-76.53642908,3.43802905],[-76.53647626,3.43805405],[-76.53650939,3.43807302]]]]},"geometry_name":"the_geom","properties":{"nombre":"COLEGIO RAFAEL URIBE URIBE","localizaci":"CL 7 NO 22  76","servicio":"EDUCACION","tipo":"COLEGIO","nivel":"EDUCACION BASICA-EDUCACION MEDIA VOCACIONAL","propiedad":"PRIV","escala":"LOCAL","permanenci":"NO","estruc_eco":"NO","url1":null}},{"type":"Feature","id":"eqp_uco_educacion.2993","geometry":{"type":"MultiPolygon","coordinates":[[[[-76.52674619,3.34556815],[-76.52621127,3.34559759],[-76.52612405,3.34559238],[-76.52611505,3.34538799],[-76.52609396,3.34490893],[-76.52671385,3.34489486],[-76.52674623,3.34489412],[-76.52674619,3.34556815]]]]},"geometry_name":"the_geom","properties":{"nombre":"JARDIN INFANTIL \"APRENDAMOS\"","localizaci":"EL CALLEJONCITO CASA NO 13","servicio":"EDUCACION","tipo":"JARDININF","nivel":"EDUCACION PREESCOLAR","propiedad":"PRIV","escala":"ZONAL","permanenci":"SI","estruc_eco":"NO","url1":null}},{"type":"Feature","id":"eqp_uco_educacion.2975","geometry":{"type":"MultiPolygon","coordinates":[[[[-76.53630161,3.43867122],[-76.53628145,3.43867816],[-76.53623355,3.43863624],[-76.53621446,3.43861825],[-76.53620365,3.43860827],[-76.53614242,3.4385543],[-76.53617731,3.43849226],[-76.53621044,3.43851925],[-76.53622557,3.43853022],[-76.53633651,3.43861918],[-76.53634839,3.43862817],[-76.53637361,3.43864913],[-76.53636857,3.43865012],[-76.53633437,3.43866013],[-76.53630161,3.43867122]]]]},"geometry_name":"the_geom","properties":{"nombre":"COLEGIO SAN VICENTE FERRER","localizaci":"CL 7 NO  22 50","servicio":"EDUCACION","tipo":"COLEGIO","nivel":"EDUCACION BASICA-EDUCACION MEDIA VOCACIONAL","propiedad":"PRIV","escala":"LOCAL","permanenci":"NO","estruc_eco":"NO","url1":null}},{"type":"Feature","id":"eqp_uco_educacion.2976","geometry":{"type":"MultiPolygon","coordinates":[[[[-76.53586589,3.43918646],[-76.53598572,3.43906741],[-76.53602966,3.43910834],[-76.53607289,3.4391463],[-76.53590699,3.43929742],[-76.53587173,3.43933047],[-76.53586272,3.43932246],[-76.53583499,3.43929746],[-76.53583283,3.43929548],[-76.53583283,3.43929449],[-76.53579284,3.4392595],[-76.53582163,3.4392305],[-76.53583387,3.43921843],[-76.53583962,3.43921249],[-76.53586589,3.43918646]]]]},"geometry_name":"the_geom","properties":{"nombre":"CORPORACION UNIVERSITARIA REMINGTON","localizaci":"KR 22 NO 5A  21","servicio":"EDUCACION","tipo":"ESTSUPER","nivel":"EDUCACION SUPERIOR","propiedad":"PRIV","escala":"URBANA","permanenci":"NO","estruc_eco":"NO","url1":null}},{"type":"Feature","id":"eqp_uco_educacion.2977","geometry":{"type":"MultiPolygon","coordinates":[[[[-76.5346204,3.44054592],[-76.5346205,3.44054586],[-76.53492539,3.44038253],[-76.53492049,3.44037034],[-76.53499167,3.44032889],[-76.53499347,3.44032809],[-76.53503451,3.440391],[-76.53506441,3.44043698],[-76.53509144,3.44047792],[-76.53511126,3.44050896],[-76.53511234,3.44050896],[-76.53514332,3.44055592],[-76.5351444,3.4405579],[-76.53516638,3.44059092],[-76.53517611,3.44060443],[-76.53479635,3.44080591],[-76.53475459,3.44074515],[-76.53475243,3.44074218],[-76.53472649,3.44070313],[-76.53466343,3.44061019],[-76.53462055,3.44054622],[-76.5346204,3.44054592]]]]},"geometry_name":"the_geom","properties":{"nombre":"INSTITUTO TECNOLOGICO MUNICIPAL ANTONIO JOSE CAMACHO","localizaci":"KR 16 NO  19  57  67","servicio":"EDUCACION","tipo":"INSTTINDU","nivel":"EDUCACION BASICA-EDUCACION MEDIA VOCACIONAL","propiedad":"PUB","escala":"ZONAL","permanenci":"NO","estruc_eco":"NO","url1":null}},{"type":"Feature","id":"eqp_uco_educacion.2978","geometry":{"type":"MultiPolygon","coordinates":[[[[-76.53628145,3.43867816],[-76.53630161,3.43867122],[-76.53658125,3.43890793],[-76.53641766,3.43909896],[-76.53632784,3.43920384],[-76.5360836,3.43898734],[-76.53608864,3.43898131],[-76.53613864,3.43889425],[-76.53615554,3.43886427],[-76.53616561,3.43884527],[-76.53618468,3.43881223],[-76.53618756,3.43880827],[-76.53621274,3.43877225],[-76.53621957,3.43876127],[-76.53622173,3.4387592],[-76.53624763,3.43872021],[-76.53625555,3.43870922],[-76.53628145,3.43867816]]]]},"geometry_name":"the_geom","properties":{"nombre":"CENTRO COLOMBIANO DE ESTUDIOS PROFESIONALES","localizaci":"CL 5 A NO 22  13","servicio":"EDUCACION","tipo":"ESTSUPER","nivel":"EDUCACION TECNOLOGICA","propiedad":"PRIV","escala":"URBANA","permanenci":"SI","estruc_eco":"NO","url1":null}},{"type":"Feature","id":"eqp_uco_educacion.2979","geometry":{"type":"MultiPolygon","coordinates":[[[[-76.52539104,3.44086781],[-76.52539376,3.44071521],[-76.52539663,3.44070522],[-76.52540383,3.44069621],[-76.52540959,3.44069423],[-76.52561265,3.44070213],[-76.52561553,3.44070213],[-76.52578583,3.44070897],[-76.52579987,3.44071103],[-76.52580276,3.44073002],[-76.5258078,3.44073002],[-76.52588193,3.44072982],[-76.52587654,3.44087104],[-76.52539104,3.44086781]]]]},"geometry_name":"the_geom","properties":{"nombre":"BACHILLERATO COMERCIAL GERONTOLOGICO","localizaci":"KR 18 NO 15  41","servicio":"EDUCACION","tipo":"ESCTSUPER","nivel":"EDUCACION TECNICA","propiedad":"PRIV","escala":"LOCAL","permanenci":"NO","estruc_eco":"NO","url1":null}},{"type":"Feature","id":"eqp_uco_educacion.2980","geometry":{"type":"MultiPolygon","coordinates":[[[[-76.52989437,3.46329838],[-76.52990732,3.4632783],[-76.52992135,3.4632603],[-76.52993142,3.46324535],[-76.52994437,3.46322734],[-76.52994545,3.46322527],[-76.52998251,3.46317332],[-76.52998323,3.46317125],[-76.53000625,3.46314324],[-76.53003254,3.46316123],[-76.53010746,3.4632142],[-76.53011935,3.4632232],[-76.53019138,3.46327419],[-76.53020759,3.46328615],[-76.53024649,3.46331313],[-76.53024649,3.46331412],[-76.53019871,3.46351216],[-76.53009966,3.4634412],[-76.53009246,3.46343724],[-76.53002547,3.4633903],[-76.5299293,3.46332329],[-76.52989437,3.46329838]]]]},"geometry_name":"the_geom","properties":{"nombre":"ALLIANCE FRANCAISE CALI","localizaci":"AV 6 N NO 21  34","servicio":"EDUCACION","tipo":"CENTIDIOM","nivel":"EDUCACION NO FORMAL","propiedad":"PRIV","escala":"LOCAL","permanenci":"NO","estruc_eco":"NO","url1":null}},{"type":"Feature","id":"eqp_uco_educacion.2981","geometry":{"type":"MultiPolygon","coordinates":[[[[-76.52799289,3.46235832],[-76.52790465,3.46229735],[-76.52797084,3.46219336],[-76.52808357,3.46227025],[-76.52810482,3.4622823],[-76.52817469,3.46233023],[-76.52817973,3.4623332],[-76.52821071,3.46235425],[-76.5281438,3.46246427],[-76.5281049,3.46243729],[-76.52799289,3.46235832]]]]},"geometry_name":"the_geom","properties":{"nombre":"POLITECNICO EMPRESARIAL COLOMBIANO","localizaci":"AV 5 N NO 21  74","servicio":"EDUCACION","tipo":"POLITEC","nivel":"EDUCACION TECNICA","propiedad":"PRIV","escala":"LOCAL","permanenci":"NO","estruc_eco":"NO","url1":null}},{"type":"Feature","id":"eqp_uco_educacion.2982","geometry":{"type":"MultiPolygon","coordinates":[[[[-76.53300687,3.45603218],[-76.53310477,3.45596615],[-76.53333734,3.45580427],[-76.53343368,3.45597365],[-76.53337177,3.45598801],[-76.53337653,3.45611243],[-76.53334558,3.45611004],[-76.53335034,3.45620814],[-76.53324319,3.45626317],[-76.53318101,3.45619106],[-76.53301892,3.4563282],[-76.53285968,3.45613126],[-76.53297988,3.45605127],[-76.53300687,3.45603218]]]]},"geometry_name":"the_geom","properties":{"nombre":"COLEGIO ODONTOLOGICO","localizaci":"CL 13 CON AV 3 N ESQUINA","servicio":"EDUCACION","tipo":"ESCSUPER","nivel":"EDUCACION SUPERIOR","propiedad":"PRIV","escala":"ZONAL","permanenci":"SI","estruc_eco":"NO","url1":null}},{"type":"Feature","id":"eqp_uco_educacion.2983","geometry":{"type":"MultiPolygon","coordinates":[[[[-76.5301466,3.45969002],[-76.53016064,3.45968101],[-76.53018043,3.45966894],[-76.53024162,3.45963093],[-76.53026861,3.4596139],[-76.53032547,3.45957787],[-76.53034565,3.45961089],[-76.53037736,3.45966289],[-76.53038745,3.45967882],[-76.53036658,3.45969089],[-76.53033167,3.45971287],[-76.53031367,3.45972287],[-76.53031043,3.45972494],[-76.53028344,3.45974188],[-76.53022153,3.459779],[-76.5302057,3.459789],[-76.5301466,3.45969002]]]]},"geometry_name":"the_geom","properties":{"nombre":"POLITECNICO METROPOLITANO DE CALI","localizaci":"CL 18 N NO 5 N 45","servicio":"EDUCACION","tipo":"POLITEC","nivel":"EDUCACION TECNICA","propiedad":"PRIV","escala":"LOCAL","permanenci":"NO","estruc_eco":"NO","url1":null}},{"type":"Feature","id":"eqp_uco_educacion.2984","geometry":{"type":"MultiPolygon","coordinates":[[[[-76.53453583,3.4578445],[-76.53460994,3.45774644],[-76.53462001,3.45773348],[-76.53468773,3.45778339],[-76.53468089,3.45779339],[-76.53467585,3.45779744],[-76.5346021,3.45789343],[-76.53453583,3.4578445]]]]},"geometry_name":"the_geom","properties":{"nombre":"COLOMBO KINDER AMERICANO","localizaci":"CL 13 N ENTRE AV 8 N Y AV 9 N","servicio":"EDUCACION","tipo":"CENTIDIOM","nivel":"EDUCACION NO FORMAL","propiedad":"PRIV","escala":"LOCAL","permanenci":"NO","estruc_eco":"NO","url1":null}},{"type":"Feature","id":"eqp_uco_educacion.2985","geometry":{"type":"MultiPolygon","coordinates":[[[[-76.53697832,3.45258587],[-76.53700136,3.45257488],[-76.53717917,3.45249774],[-76.53720509,3.45248575],[-76.53723424,3.45247269],[-76.5372483,3.45250166],[-76.53726416,3.45253874],[-76.53728831,3.45259165],[-76.53724548,3.45261174],[-76.53722244,3.45262174],[-76.53719724,3.45263274],[-76.53711734,3.45266977],[-76.53705651,3.4526978],[-76.53703527,3.4527078],[-76.53697832,3.45258587]]]]},"geometry_name":"the_geom","properties":{"nombre":"INSTITUTO CENTRO DE SISTEMAS DEL VALLE","localizaci":"CL 7 N  NO 1 N 67","servicio":"EDUCACION","tipo":"SISTEM","nivel":"EDUCACION NO FORMAL","propiedad":"PRIV","escala":"LOCAL","permanenci":"NO","estruc_eco":"NO","url1":null}},{"type":"Feature","id":"eqp_uco_educacion.2986","geometry":{"type":"MultiPolygon","coordinates":[[[[-76.53338447,3.46655062],[-76.53347955,3.4666106],[-76.53359876,3.4666865],[-76.53365567,3.46672346],[-76.53370573,3.46675547],[-76.53351855,3.46681858],[-76.53347677,3.46679259],[-76.53345051,3.46682663],[-76.5332986,3.46687567],[-76.53328165,3.46682267],[-76.53329857,3.46681573],[-76.53329349,3.4667557],[-76.53329346,3.46669873],[-76.53338447,3.46655062]]]]},"geometry_name":"the_geom","properties":{"nombre":"ACADEMIA DE BALLET","localizaci":"AV 9 N NO 24N-55","servicio":"EDUCACION","tipo":"ESCARTE","nivel":"EDUCACION NO FORMAL","propiedad":"PRIV","escala":"ZONAL","permanenci":"NO","estruc_eco":"NO","url1":null}},{"type":"Feature","id":"eqp_uco_educacion.2987","geometry":{"type":"MultiPolygon","coordinates":[[[[-76.53166581,3.46745062],[-76.53168777,3.46745061],[-76.53174681,3.46745058],[-76.5317749,3.46745056],[-76.5317767,3.46745056],[-76.53177672,3.46748854],[-76.53177676,3.46757459],[-76.53177679,3.46761554],[-76.53168894,3.4676236],[-76.53167382,3.46761659],[-76.53166301,3.46760462],[-76.5316558,3.46758959],[-76.53165508,3.46758059],[-76.5316608,3.46751066],[-76.53166581,3.46745062]]]]},"geometry_name":"the_geom","properties":{"nombre":"AMERICAN ENGLISH","localizaci":"AV 7 N NO 24-66","servicio":"EDUCACION","tipo":"CENTIDIOM","nivel":"EDUCACION NO FORMAL","propiedad":"PRIV","escala":"LOCAL","permanenci":"NO","estruc_eco":"NO","url1":null}},{"type":"Feature","id":"eqp_uco_educacion.2988","geometry":{"type":"MultiPolygon","coordinates":[[[[-76.5319215,3.46690847],[-76.53192041,3.46689146],[-76.5319204,3.46687544],[-76.53192037,3.46682845],[-76.53191961,3.46675042],[-76.53194553,3.46675041],[-76.53211151,3.46675032],[-76.53212735,3.46675031],[-76.53216155,3.46675029],[-76.53216269,3.46684731],[-76.53216669,3.46693228],[-76.53213969,3.46693436],[-76.53213465,3.46693535],[-76.53199748,3.4669474],[-76.53197372,3.46694939],[-76.53195248,3.46695147],[-76.53192152,3.46695446],[-76.5319215,3.46690847]]]]},"geometry_name":"the_geom","properties":{"nombre":"BERLITZ","localizaci":"AV 8 N CL 24 CL 25","servicio":"EDUCACION","tipo":"CENTIDIOM","nivel":"EDUCACION NO FORMAL","propiedad":"PRIV","escala":"LOCAL","permanenci":"NO","estruc_eco":"NO","url1":null}},{"type":"Feature","id":"eqp_uco_educacion.2989","geometry":{"type":"MultiPolygon","coordinates":[[[[-76.53397196,3.45773176],[-76.53391469,3.45769381],[-76.53391685,3.45769183],[-76.53394491,3.45765176],[-76.53397369,3.4576098],[-76.53398376,3.45759477],[-76.53393874,3.45756383],[-76.53397976,3.45750881],[-76.53401249,3.45746271],[-76.53401357,3.45746172],[-76.53410855,3.45733071],[-76.5342537,3.45743765],[-76.53408282,3.45768571],[-76.53406879,3.45770777],[-76.53404685,3.45773775],[-76.5339939,3.4576998],[-76.53397196,3.45773176]]]]},"geometry_name":"the_geom","properties":{"nombre":"ALIANZA COLOMBO JAPONESA","localizaci":"CL 13N AV 8N","servicio":"EDUCACION","tipo":"CENTIDIOM","nivel":"EDUCACION NO FORMAL","propiedad":"PRIV","escala":"ZONAL","permanenci":"NO","estruc_eco":"NO","url1":null}},{"type":"Feature","id":"eqp_uco_educacion.2990","geometry":{"type":"MultiPolygon","coordinates":[[[[-76.52699426,3.33990587],[-76.52700159,3.3401469],[-76.52695946,3.34014692],[-76.52696236,3.34018787],[-76.52697028,3.34018688],[-76.52697138,3.34022486],[-76.52696346,3.34022388],[-76.52696061,3.34026987],[-76.52670643,3.340279],[-76.52634244,3.34028919],[-76.52632641,3.33991819],[-76.52631913,3.33976024],[-76.52631804,3.33974917],[-76.52631803,3.33974017],[-76.52690307,3.3397179],[-76.52698804,3.33971488],[-76.52699426,3.33990587]]]]},"geometry_name":"the_geom","properties":{"nombre":"JARDIN INFANTIL CAROLINA","localizaci":"CL 23NO 122- 305 AV. LA MARIA","servicio":"EDUCACION","tipo":"JARDININF","nivel":"EDUCACION PREESCOLAR","propiedad":"PRIV","escala":"ZONAL","permanenci":"NO","estruc_eco":"NO","url1":null}},{"type":"Feature","id":"eqp_uco_educacion.2991","geometry":{"type":"MultiPolygon","coordinates":[[[[-76.54356676,3.33971518],[-76.54315053,3.33966635],[-76.54318459,3.33938533],[-76.54319929,3.33926733],[-76.54321614,3.3391243],[-76.54324518,3.33888928],[-76.54352528,3.3388841],[-76.5435565,3.33938613],[-76.54356676,3.33971518]]]]},"geometry_name":"the_geom","properties":{"nombre":"ESCUELA MATERNAL COMETAS","localizaci":"KR 124 NO 9- 10","servicio":"EDUCACION","tipo":"JARDININF","nivel":"EDUCACION PREESCOLAR","propiedad":"PRIV","escala":"ZONAL","permanenci":"SI","estruc_eco":"NO","url1":null}},{"type":"Feature","id":"eqp_uco_educacion.2992","geometry":{"type":"MultiPolygon","coordinates":[[[[-76.53497362,3.33315802],[-76.53528087,3.33314092],[-76.53524923,3.3336389],[-76.5352451,3.33373599],[-76.53524387,3.3337648],[-76.53524281,3.33378963],[-76.5352415,3.33382025],[-76.53524059,3.33384161],[-76.53524057,3.3338433],[-76.53523184,3.33398667],[-76.53522064,3.33402176],[-76.5350198,3.33402813],[-76.53500968,3.33378962],[-76.53500766,3.33374197],[-76.53499996,3.33352615],[-76.53497362,3.33315802]]]]},"geometry_name":"the_geom","properties":{"nombre":"JARDIN INFANTIL MICHIN","localizaci":"AV BANCO KR 127 NO 16A _35","servicio":"EDUCACION","tipo":"JARDININF","nivel":"EDUCACION PREESCOLAR","propiedad":"PRIV","escala":"ZONAL","permanenci":"NO","estruc_eco":"NO","url1":null}},{"type":"Feature","id":"eqp_uco_educacion.2994","geometry":{"type":"MultiPolygon","coordinates":[[[[-76.52799246,3.34407159],[-76.52798258,3.34407531],[-76.52758293,3.34409169],[-76.52761106,3.34349577],[-76.52761105,3.34348272],[-76.52761321,3.34346877],[-76.52761608,3.34345878],[-76.52763803,3.34343977],[-76.52795292,3.34341986],[-76.52804209,3.34341238],[-76.5279956,3.34406902],[-76.52799223,3.34406713],[-76.52799246,3.34407159]]]]},"geometry_name":"the_geom","properties":{"nombre":"COLEGIO BILINGÜE WASHINGTON","localizaci":"CL INES DE LARA NO 39","servicio":"EDUCACION","tipo":"COLEGIO","nivel":"EDUCACION PREESCOLAR_EDUCACION BASICA_EDUCACION MEDIA VOCACIONAL","propiedad":"PRIV","escala":"ZONAL","permanenci":"SI","estruc_eco":"NO","url1":null}},{"type":"Feature","id":"eqp_uco_educacion.2995","geometry":{"type":"MultiPolygon","coordinates":[[[[-76.52709653,3.34064287],[-76.52708735,3.34029681],[-76.52706623,3.33984283],[-76.52702284,3.33877881],[-76.52816879,3.33872816],[-76.52820415,3.33955917],[-76.52822562,3.3400072],[-76.52824067,3.34056622],[-76.52759084,3.34061363],[-76.52758976,3.34061363],[-76.5275876,3.34061363],[-76.52755772,3.34061464],[-76.52737483,3.3406267],[-76.52736979,3.34062671],[-76.52709653,3.34064287]]]]},"geometry_name":"the_geom","properties":{"nombre":"COLEGIO NUESTRA SEÑORA DEL ROSARIO","localizaci":"KR 125 NO 22- 17","servicio":"EDUCACION","tipo":"COLEGIO","nivel":"EDUCACION PREESCOLAR_EDUCACION BASICA_EDUCACION MEDIA VOCACIONAL","propiedad":"PRIV","escala":"REGIONAL","permanenci":"SI","estruc_eco":"NO","url1":null}},{"type":"Feature","id":"eqp_uco_educacion.2996","geometry":{"type":"MultiPolygon","coordinates":[[[[-76.53002599,3.33694311],[-76.53039393,3.33691888],[-76.53039722,3.33702491],[-76.53040016,3.33713093],[-76.530389,3.33713094],[-76.53040822,3.3374049],[-76.53024441,3.33742101],[-76.53004028,3.33743309],[-76.53002599,3.33694311]]]]},"geometry_name":"the_geom","properties":{"nombre":"JARDIN INFANTIL MI EDAD FELIZ","localizaci":"CL 19 KR 125 A","servicio":"EDUCACION","tipo":"JARDININF","nivel":"EDUCACION PREESCOLAR","propiedad":"PRIV","escala":"ZONAL","permanenci":"NO","estruc_eco":"NO","url1":null}},{"type":"Feature","id":"eqp_uco_educacion.2997","geometry":{"type":"MultiPolygon","coordinates":[[[[-76.52812945,3.33646608],[-76.52811241,3.33623307],[-76.52809636,3.33582301],[-76.52809126,3.335707],[-76.52807816,3.33545499],[-76.52806479,3.33524164],[-76.52808644,3.33524478],[-76.52813779,3.33524461],[-76.52836978,3.33523747],[-76.52841541,3.33523747],[-76.52847915,3.33523206],[-76.52854213,3.33522076],[-76.52859807,3.33520791],[-76.52861504,3.33558773],[-76.5286365,3.33601273],[-76.52865651,3.33640577],[-76.5286605,3.33645977],[-76.52866777,3.33659082],[-76.52852376,3.33659584],[-76.52825662,3.33660498],[-76.52813781,3.33661306],[-76.5281396,3.33660108],[-76.52812945,3.33646608]]]]},"geometry_name":"the_geom","properties":{"nombre":"MONTESORI COLEGIO BILINGÜE","localizaci":"KR 127 NO 18- 260","servicio":"EDUCACION","tipo":"COLEGIO","nivel":"EDUCACION PREESCOLAR_EDUCACION BASICA_EDUCACION MEDIA VOCACIONAL","propiedad":"PRIV","escala":"ZONAL","permanenci":"SI","estruc_eco":"NO","url1":null}},{"type":"Feature","id":"eqp_uco_educacion.2998","geometry":{"type":"MultiPolygon","coordinates":[[[[-76.52702166,3.34412207],[-76.52704034,3.34404411],[-76.52748355,3.34407484],[-76.52744971,3.34476889],[-76.52745081,3.34480291],[-76.52716099,3.34482008],[-76.52654176,3.34485739],[-76.52654176,3.34486036],[-76.52652648,3.34486141],[-76.52653299,3.34482564],[-76.52658488,3.34413926],[-76.52702166,3.34412207]]]]},"geometry_name":"the_geom","properties":{"nombre":"EL TALLER DE ANIK","localizaci":"CL INES DE LARA CASA 10A 11A","servicio":"EDUCACION","tipo":"TALLINF","nivel":"EDUCACION PREESCOLAR","propiedad":"PRIV","escala":"URBANA","permanenci":"SI","estruc_eco":"NO","url1":null}},{"type":"Feature","id":"eqp_uco_educacion.2999","geometry":{"type":"MultiPolygon","coordinates":[[[[-76.52641504,3.34558749],[-76.52637352,3.34640689],[-76.52581567,3.34643683],[-76.52581542,3.34594288],[-76.5258172,3.3459058],[-76.5258311,3.34563082],[-76.52594126,3.34562375],[-76.52621127,3.34559759],[-76.52641504,3.34558749]]]]},"geometry_name":"the_geom","properties":{"nombre":"COLEGIO ANGLO AMERICANO","localizaci":"AV. ALFEREZ REAL CASA 15","servicio":"EDUCACION","tipo":"COLEGIO","nivel":"EDUCACION PREESCOLAR_EDUCACION BASICA_EDUCACION MEDIA VOCACIONAL","propiedad":"PRIV","escala":"URBANA","permanenci":"SI","estruc_eco":"NO","url1":null}},{"type":"Feature","id":"eqp_uco_educacion.3000","geometry":{"type":"MultiPolygon","coordinates":[[[[-76.524692,3.34570838],[-76.52477013,3.34572238],[-76.52493824,3.34568026],[-76.52549628,3.34565503],[-76.52581633,3.34563182],[-76.5258311,3.34563082],[-76.5258172,3.3459058],[-76.52581542,3.34594288],[-76.52581567,3.34643683],[-76.52637352,3.34640689],[-76.5263631,3.34650748],[-76.52634115,3.34698667],[-76.52633536,3.34711747],[-76.52632787,3.34715241],[-76.52631978,3.34718026],[-76.52581448,3.34720371],[-76.52576249,3.34720612],[-76.52542516,3.34722108],[-76.52522391,3.34723421],[-76.52521991,3.34721314],[-76.52529977,3.34715853],[-76.52526989,3.34710128],[-76.52513769,3.34717842],[-76.52508863,3.34720705],[-76.52504756,3.34722884],[-76.52500927,3.34724143],[-76.52468303,3.34725735],[-76.52468249,3.34721605],[-76.52452435,3.34721679],[-76.52455346,3.34654352],[-76.52458801,3.34583048],[-76.52459406,3.3456925],[-76.524692,3.34570838]]]]},"geometry_name":"the_geom","properties":{"nombre":"COLEGIO MAYOR ALFEREZ REAL","localizaci":"AV. ALFEREZ REAL NO 5","servicio":"EDUCACION","tipo":"COLEGIO","nivel":"EDUCACION PREESCOLAR_EDUCACION BASICA_EDUCACION MEDIA VOCACIONAL","propiedad":"PRIV","escala":"REGIONAL","permanenci":"SI","estruc_eco":"NO","url1":null}},{"type":"Feature","id":"eqp_uco_educacion.3001","geometry":{"type":"MultiPolygon","coordinates":[[[[-76.5464837,3.34047714],[-76.54652613,3.34048646],[-76.54655036,3.34120279],[-76.54656421,3.34160762],[-76.54656787,3.34169651],[-76.54656727,3.34174908],[-76.54656076,3.34180126],[-76.54654844,3.34185236],[-76.54653046,3.34190174],[-76.54650704,3.34194876],[-76.54647849,3.34199283],[-76.54644518,3.34203338],[-76.54640753,3.34206988],[-76.54636602,3.34210189],[-76.54632118,3.34212898],[-76.54627359,3.34215081],[-76.54622384,3.34216711],[-76.54617259,3.34217765],[-76.54616247,3.34217903],[-76.54612128,3.34221236],[-76.54582442,3.34222833],[-76.54577705,3.3422319],[-76.54500144,3.34226452],[-76.54420205,3.34230271],[-76.54420393,3.34234126],[-76.54368922,3.34237093],[-76.54366947,3.3419067],[-76.5436504,3.34141038],[-76.54362593,3.34094397],[-76.54362502,3.34092022],[-76.54360051,3.34045719],[-76.54357656,3.33997099],[-76.54357549,3.33994798],[-76.54408889,3.33992432],[-76.54403888,3.33907011],[-76.54392942,3.33811197],[-76.54400597,3.33809665],[-76.54409609,3.33809327],[-76.54411038,3.33809211],[-76.54441366,3.33807684],[-76.54476538,3.33805431],[-76.54504797,3.33803805],[-76.54533912,3.33802439],[-76.54535768,3.33804372],[-76.54536413,3.33805871],[-76.54536527,3.33806991],[-76.54537508,3.33817653],[-76.54537669,3.33819414],[-76.54538101,3.33822844],[-76.54540817,3.33822891],[-76.54539894,3.3381634],[-76.54539072,3.3380704],[-76.54538968,3.33804953],[-76.54539013,3.33803617],[-76.54539623,3.33802428],[-76.54540678,3.33801615],[-76.54540967,3.33801499],[-76.54567934,3.33800227],[-76.54575165,3.33800204],[-76.54579207,3.33799495],[-76.545813,3.33798883],[-76.54584029,3.33798359],[-76.54586806,3.33798427],[-76.54588798,3.3379885],[-76.54603396,3.33799513],[-76.54617556,3.33799841],[-76.54630438,3.3380021],[-76.54635497,3.3380029],[-76.5463882,3.33800465],[-76.54647198,3.34023787],[-76.5464837,3.34047714]]]]},"geometry_name":"the_geom","properties":{"nombre":"COLEGIO BOLIVAR","localizaci":"CL 5 NO 122- 21","servicio":"EDUCACION","tipo":"COLEGIO","nivel":"EDUCACION PREESCOLAR_EDUCACION BASICA_EDUCACION MEDIA VOCACIONAL","propiedad":"PRIV","escala":"REGIONAL","permanenci":"SI","estruc_eco":"SI","url1":null}},{"type":"Feature","id":"eqp_uco_educacion.3002","geometry":{"type":"MultiPolygon","coordinates":[[[[-76.5352591,3.34553275],[-76.53447408,3.34556897],[-76.53447639,3.3454912],[-76.53450878,3.34511378],[-76.53529133,3.34507562],[-76.53529997,3.34512809],[-76.5352591,3.34553275]]]]},"geometry_name":"the_geom","properties":{"nombre":"MATERNAL BILINGÜE TATAS","localizaci":"CL 16 A (LOYOLA) CASA 97","servicio":"EDUCACION","tipo":"JARDININF","nivel":"EDUCACION PREESCOLAR","propiedad":"PRIV","escala":"ZONAL","permanenci":"NO","estruc_eco":"NO","url1":null}},{"type":"Feature","id":"eqp_uco_educacion.3003","geometry":{"type":"MultiPolygon","coordinates":[[[[-76.5318839,3.34283096],[-76.53187285,3.34305697],[-76.53139583,3.34308521],[-76.53140866,3.34283121],[-76.5318839,3.34283096]]]]},"geometry_name":"the_geom","properties":{"nombre":"LICEO QUIAL","localizaci":"KR 122 CL 17 A","servicio":"EDUCACION","tipo":"COLEGIO","nivel":"EDUCACION PREESCOLAR_EDUCACION BASICA_EDUCACION MEDIA VOCACIONAL","propiedad":"PRIV","escala":"LOCAL","permanenci":"NO","estruc_eco":"NO","url1":null}},{"type":"Feature","id":"eqp_uco_educacion.3004","geometry":{"type":"MultiPolygon","coordinates":[[[[-76.53912693,3.33722652],[-76.53912838,3.33724191],[-76.53912973,3.33725619],[-76.53912981,3.33725701],[-76.5390916,3.33725983],[-76.53903399,3.33726406],[-76.53893832,3.3372711],[-76.53791894,3.33734609],[-76.53783153,3.33735252],[-76.53777907,3.33735638],[-76.537779,3.33735639],[-76.53774353,3.33735901],[-76.53725462,3.33739515],[-76.53700266,3.33741378],[-76.53699151,3.3374146],[-76.5369743,3.33741587],[-76.53697426,3.33741537],[-76.53695924,3.33721178],[-76.53694734,3.3370505],[-76.53693954,3.33694471],[-76.53692863,3.3367968],[-76.53692207,3.33670786],[-76.53689773,3.3363779],[-76.53687182,3.33602675],[-76.53688518,3.33602596],[-76.53765375,3.33598056],[-76.5379921,3.33596057],[-76.53818526,3.33594916],[-76.538958,3.3359035],[-76.5390021,3.3359009],[-76.53900991,3.3359838],[-76.53901281,3.33601466],[-76.53901756,3.33606503],[-76.53904212,3.33632585],[-76.53904562,3.33636305],[-76.53905724,3.33648641],[-76.53906806,3.33660133],[-76.53907927,3.33672035],[-76.53908701,3.33680253],[-76.53912041,3.33715729],[-76.53912693,3.33722652]]]]},"geometry_name":"the_geom","properties":{"nombre":"COLEGIO HEBREO","localizaci":"AV. LA MARIA CL 12","servicio":"EDUCACION","tipo":"COLEGIO","nivel":"EDUCACION PREESCOLAR_EDUCACION BASICA_EDUCACION MEDIA VOCACIONAL","propiedad":"PRIV","escala":"REGIONAL","permanenci":"SI","estruc_eco":"SI","url1":null}},{"type":"Feature","id":"eqp_uco_educacion.3005","geometry":{"type":"MultiPolygon","coordinates":[[[[-76.54218189,3.33431044],[-76.54216568,3.33414407],[-76.54215096,3.33399309],[-76.54218583,3.33399019],[-76.54267722,3.3339493],[-76.5429734,3.33392465],[-76.54332364,3.3338955],[-76.54358741,3.33387355],[-76.54389311,3.33384811],[-76.54394012,3.3338442],[-76.5441106,3.33383001],[-76.5441206,3.33399796],[-76.54412847,3.33410003],[-76.54413006,3.33412055],[-76.54414461,3.33435203],[-76.54415257,3.33447857],[-76.54415499,3.33451711],[-76.54416014,3.33459894],[-76.54416555,3.33468503],[-76.54416829,3.33472853],[-76.5441727,3.33479866],[-76.54418109,3.33493217],[-76.54419111,3.33509147],[-76.54421282,3.3354367],[-76.54421597,3.33548674],[-76.54421686,3.33550088],[-76.54423251,3.33565463],[-76.54425561,3.33588157],[-76.54431476,3.33646275],[-76.54433465,3.33676637],[-76.54432194,3.33676766],[-76.54432128,3.33676772],[-76.54426823,3.33677311],[-76.54356881,3.33684416],[-76.54336336,3.33686504],[-76.54324738,3.33687784],[-76.54321744,3.33688115],[-76.54297099,3.33690835],[-76.54282395,3.33692459],[-76.54228453,3.33698414],[-76.54143174,3.33705829],[-76.54129711,3.33706999],[-76.54129574,3.33705829],[-76.54125389,3.33670081],[-76.54119081,3.33599984],[-76.54116356,3.33569695],[-76.54116825,3.33568883],[-76.54128148,3.3356744],[-76.54170888,3.33566055],[-76.54193458,3.33565324],[-76.54193281,3.33559138],[-76.5419303,3.33550382],[-76.54175759,3.33552781],[-76.54174692,3.3354289],[-76.54172752,3.33524903],[-76.54170812,3.33506917],[-76.54178018,3.33506421],[-76.54224912,3.33503195],[-76.5422839,3.3353711],[-76.54230086,3.33550474],[-76.54232389,3.33550475],[-76.54233477,3.33541755],[-76.54236096,3.33520767],[-76.54241621,3.33476502],[-76.54246002,3.3344648],[-76.54219924,3.33448849],[-76.54218189,3.33431044]]]]},"geometry_name":"the_geom","properties":{"nombre":"COLEGIO COLOMBO BRITANICO","localizaci":"AV. LA MARIA NO 69","servicio":"EDUCACION","tipo":"COLEGIO","nivel":"EDUCACION PREESCOLAR_EDUCACION BASICA_EDUCACION MEDIA VOCACIONAL","propiedad":"PRIV","escala":"REGIONAL","permanenci":"SI","estruc_eco":"SI","url1":null}},{"type":"Feature","id":"eqp_uco_educacion.3006","geometry":{"type":"MultiPolygon","coordinates":[[[[-76.54089683,3.33409198],[-76.54090005,3.33413579],[-76.54091656,3.33436009],[-76.54046206,3.33438478],[-76.54038199,3.33438912],[-76.54031776,3.33439261],[-76.54018919,3.33439959],[-76.53977312,3.33442218],[-76.53976022,3.33442289],[-76.53976022,3.33441981],[-76.53976028,3.33430344],[-76.5397603,3.33426401],[-76.53974323,3.33400748],[-76.53974081,3.33397114],[-76.540205,3.33394593],[-76.54034935,3.33393809],[-76.54060318,3.33392431],[-76.54088046,3.33390925],[-76.54088114,3.33390921],[-76.54089228,3.33403019],[-76.54089683,3.33409198]]]]},"geometry_name":"the_geom","properties":{"nombre":"COLEGIO REAL JEAN PLACET","localizaci":"CL 10 A NO 125 A- 179","servicio":"EDUCACION","tipo":"COLEGIO","nivel":"EDUCACION BASICA MEDIA","propiedad":"PRIV","escala":"ZONAL","permanenci":"SI","estruc_eco":"NO","url1":null}},{"type":"Feature","id":"eqp_uco_educacion.3007","geometry":{"type":"MultiPolygon","coordinates":[[[[-76.52596854,3.3381628],[-76.52596424,3.338161],[-76.52548945,3.33808915],[-76.52549824,3.33865963],[-76.52512124,3.33867846],[-76.52512135,3.33867517],[-76.52510053,3.33680888],[-76.52595952,3.3367568],[-76.5259709,3.33730008],[-76.52597003,3.33776464],[-76.52596842,3.33782978],[-76.52596854,3.3381628]]]]},"geometry_name":"the_geom","properties":{"nombre":"COLEGIO SANTA MARIA DE PANCE","localizaci":"AV LA MARIA KR 125 NO 23- 58","servicio":"EDUCACION","tipo":"COLEGIO","nivel":"EDUCACION PREESCOLAR_EDUCACION BASICA_EDUCACION MEDIA VOCACIONAL","propiedad":"PRIV","escala":"URBANA","permanenci":"SI","estruc_eco":"NO","url1":null}},{"type":"Feature","id":"eqp_uco_educacion.3008","geometry":{"type":"MultiPolygon","coordinates":[[[[-76.52673488,3.33860619],[-76.52662522,3.33861424],[-76.52652075,3.33861955],[-76.52648958,3.33862071],[-76.52607892,3.33863914],[-76.52605285,3.3386397],[-76.52605246,3.33831078],[-76.52605228,3.33816341],[-76.52605335,3.33780287],[-76.5260658,3.33779929],[-76.52606291,3.33775382],[-76.52605336,3.33774855],[-76.5260537,3.33772665],[-76.52606871,3.33772677],[-76.52607862,3.33768671],[-76.52668911,3.33765668],[-76.52673488,3.33860619]]]]},"geometry_name":"the_geom","properties":{"nombre":"COLEGIO NUESTRA SEÑORIA DE LA GRACIA","localizaci":"KR 125 NO 22- 150","servicio":"EDUCACION","tipo":"COLEGIO","nivel":"EDUCACION PREESCOLAR_EDUCACION BASICA_EDUCACION MEDIA VOCACIONAL","propiedad":"PRIV","escala":"ZONAL","permanenci":"SI","estruc_eco":"NO","url1":null}},{"type":"Feature","id":"eqp_uco_educacion.3009","geometry":{"type":"MultiPolygon","coordinates":[[[[-76.53417226,3.36933251],[-76.53415931,3.36935852],[-76.53409233,3.36932256],[-76.53406028,3.36930655],[-76.53407323,3.36928251],[-76.53410632,3.36921652],[-76.53412034,3.36918852],[-76.53413041,3.36916953],[-76.53416818,3.36909345],[-76.53417429,3.36908049],[-76.5342232,3.36898245],[-76.53432224,3.36903334],[-76.5343172,3.36904342],[-76.53428735,3.36910338],[-76.53427944,3.36911941],[-76.53426829,3.36914038],[-76.53424923,3.36917946],[-76.53422549,3.36922645],[-76.53422117,3.36923347],[-76.53417442,3.36932647],[-76.53417226,3.36933251]]]]},"geometry_name":"the_geom","properties":{"nombre":"JARDIN INFANTIL SENTIDOS","localizaci":"KR 100 14-100","servicio":"EDUCACION","tipo":"JARDININF","nivel":"EDUCACION PREESCOLAR","propiedad":"PRIV","escala":"LOCAL","permanenci":"NO","estruc_eco":"NO","url1":null}},{"type":"Feature","id":"eqp_uco_educacion.3010","geometry":{"type":"MultiPolygon","coordinates":[[[[-76.53385811,3.36290379],[-76.53379254,3.36323214],[-76.53357561,3.36323941],[-76.53363679,3.36290297],[-76.5336458,3.36285875],[-76.53385811,3.36290379]]]]},"geometry_name":"the_geom","properties":{"nombre":"COLEGIO INFANTIL SAN FRANCISCO DE ASIS","localizaci":"KR 106 NO 15-74","servicio":"EDUCACION","tipo":"COLEGIO","nivel":"EDUCACION PREESCOLAR","propiedad":"PRIV","escala":"LOCAL","permanenci":"NO","estruc_eco":"NO","url1":null}},{"type":"Feature","id":"eqp_uco_educacion.3011","geometry":{"type":"MultiPolygon","coordinates":[[[[-76.5321197,3.36670198],[-76.53209377,3.36668804],[-76.53191442,3.36659714],[-76.5318975,3.36658815],[-76.53186257,3.36657017],[-76.53191652,3.3664651],[-76.53195145,3.36648407],[-76.5320404,3.366532],[-76.53210342,3.36656599],[-76.53214448,3.36658703],[-76.53217149,3.36660096],[-76.5321197,3.36670198]]]]},"geometry_name":"the_geom","properties":{"nombre":"TALLER INFANTIL ACUARELAS","localizaci":"CL 15B NO 103-43","servicio":"EDUCACION","tipo":"TALLINF","nivel":"EDUCACION PREESCOLAR","propiedad":"PRIV","escala":"LOCAL","permanenci":"NO","estruc_eco":"NO","url1":null}},{"type":"Feature","id":"eqp_uco_educacion.3012","geometry":{"type":"MultiPolygon","coordinates":[[[[-76.53021752,3.36632739],[-76.53017039,3.36639834],[-76.52995828,3.36628649],[-76.52999928,3.36620546],[-76.53021752,3.36632739]]]]},"geometry_name":"the_geom","properties":{"nombre":"ELS LENGUAJE CENTERS","localizaci":"CL 16 NO 100 A- 105","servicio":"EDUCACION","tipo":"CENTIDIOM","nivel":"EDUCACION NO FORMAL","propiedad":"PRIV","escala":"LOCAL","permanenci":"NO","estruc_eco":"NO","url1":null}},{"type":"Feature","id":"eqp_uco_educacion.3013","geometry":{"type":"MultiPolygon","coordinates":[[[[-76.53277878,3.36828313],[-76.53279388,3.36825315],[-76.53285078,3.36828309],[-76.53288896,3.36830206],[-76.53292713,3.36832202],[-76.53293109,3.36832409],[-76.53298295,3.36835008],[-76.53296892,3.36837709],[-76.53290418,3.36850106],[-76.532847,3.36861215],[-76.53281822,3.36866815],[-76.53272711,3.36862122],[-76.53263204,3.36857222],[-76.53265002,3.3685362],[-76.53271584,3.3684062],[-76.53277194,3.36829511],[-76.53277878,3.36828313]]]]},"geometry_name":"the_geom","properties":{"nombre":"LEARN ENGLISH SCHOOL","localizaci":"KR 100 NO 15-14","servicio":"EDUCACION","tipo":"CENTIDIOM","nivel":"EDUCACION NO FORMAL","propiedad":"PRIV","escala":"LOCAL","permanenci":"NO","estruc_eco":"NO","url1":null}},{"type":"Feature","id":"eqp_uco_educacion.3014","geometry":{"type":"MultiPolygon","coordinates":[[[[-76.53432119,3.36903488],[-76.53422215,3.36898399],[-76.53423114,3.36896599],[-76.53425308,3.36892394],[-76.53426819,3.36889297],[-76.53430919,3.36881195],[-76.53432321,3.36878287],[-76.53436601,3.36869887],[-76.53438292,3.36866385],[-76.53448195,3.36871483],[-76.53446289,3.36875282],[-76.53444922,3.36877983],[-76.53441398,3.36885086],[-76.53436506,3.36894692],[-76.53432119,3.36903488]]]]},"geometry_name":"the_geom","properties":{"nombre":"JARDIN INFANTIL LOS SUPERAMIGOS","localizaci":"KR 100 NO 100- 16","servicio":"EDUCACION","tipo":"JARDININF","nivel":"EDUCACION PREESCOLAR","propiedad":"PRIV","escala":"LOCAL","permanenci":"NO","estruc_eco":"NO","url1":null}},{"type":"Feature","id":"eqp_uco_educacion.3015","geometry":{"type":"MultiPolygon","coordinates":[[[[-76.55370052,3.44591595],[-76.55360152,3.44593499],[-76.55359968,3.44585498],[-76.55359745,3.44573698],[-76.55359753,3.4456958],[-76.55359752,3.44566125],[-76.55359641,3.44560888],[-76.55359752,3.4455955],[-76.55359641,3.44557879],[-76.55360528,3.44553532],[-76.55361748,3.44547737],[-76.55363041,3.44542591],[-76.55363723,3.44539692],[-76.55363723,3.44539395],[-76.55363831,3.44539197],[-76.55371717,3.44541191],[-76.55374237,3.44541784],[-76.55383262,3.44544282],[-76.55382819,3.4454874],[-76.55382042,3.44554312],[-76.55381052,3.44561383],[-76.5538073,3.44563786],[-76.55379833,3.44570987],[-76.55379762,3.44571887],[-76.55379367,3.44574984],[-76.55378937,3.44578485],[-76.55378471,3.44581689],[-76.55377754,3.44587387],[-76.55377754,3.4458799],[-76.5537736,3.44590186],[-76.55375776,3.44590592],[-76.55370052,3.44591595]]]]},"geometry_name":"the_geom","properties":{"nombre":"ESCUELA  LA TRINIDAD","localizaci":"KR 3 OESTE NO 13-35","servicio":"EDUCACION","tipo":"ESCUELA","nivel":"EDUCACION PREESCOLAR","propiedad":"PUB","escala":"LOCAL","permanenci":"NO","estruc_eco":"NO","url1":null}},{"type":"Feature","id":"eqp_uco_educacion.3016","geometry":{"type":"MultiPolygon","coordinates":[[[[-76.55013384,3.45103355],[-76.55022382,3.45098949],[-76.55028113,3.45110845],[-76.55029915,3.4511475],[-76.55034493,3.45124342],[-76.55038205,3.45132044],[-76.55031114,3.45135351],[-76.55029999,3.45135946],[-76.5502971,3.45135352],[-76.55029206,3.45134353],[-76.55028413,3.4513295],[-76.5502571,3.45127551],[-76.55021421,3.45119156],[-76.55021205,3.45118553],[-76.55019511,3.45115251],[-76.55017492,3.45111354],[-76.55013384,3.45103355]]]]},"geometry_name":"the_geom","properties":{"nombre":"FUNDACION DANCEXPERIENCE","localizaci":"KR 2 0 NO 9  91","servicio":"EDUCACION","tipo":"ESCARTE","nivel":"EDUCACION NO FORMAL","propiedad":"PRIV","escala":"LOCAL","permanenci":"NO","estruc_eco":"NO","url1":null}},{"type":"Feature","id":"eqp_uco_educacion.3017","geometry":{"type":"MultiPolygon","coordinates":[[[[-76.55542369,3.44852181],[-76.55538766,3.44847989],[-76.55536065,3.44844885],[-76.55533075,3.44841592],[-76.5552306,3.44830194],[-76.55521889,3.44828849],[-76.55521743,3.44828995],[-76.55520871,3.44827992],[-76.55528463,3.44820491],[-76.55529378,3.44821853],[-76.55532355,3.44826285],[-76.5553376,3.44828588],[-76.5553866,3.44836083],[-76.55539165,3.44836785],[-76.55548065,3.44850686],[-76.5554709,3.44850972],[-76.55546997,3.44850829],[-76.55545465,3.44851279],[-76.55542369,3.44852181]]]]},"geometry_name":"the_geom","properties":{"nombre":"JARDIN INFANTIL BAMBU","localizaci":"KR 3 O KR 2A O","servicio":"EDUCACION","tipo":"JARDININF","nivel":"EDUCACION PREESCOLAR","propiedad":"PRIV","escala":"LOCAL","permanenci":"NO","estruc_eco":"NO","url1":null}},{"type":"Feature","id":"eqp_uco_educacion.3018","geometry":{"type":"MultiPolygon","coordinates":[[[[-76.52667595,3.40672771],[-76.52668314,3.40670674],[-76.52668602,3.40669567],[-76.5267101,3.40662068],[-76.52671477,3.40660466],[-76.52672304,3.40657972],[-76.52673888,3.40659168],[-76.52675906,3.4066157],[-76.52677203,3.40663964],[-76.52678213,3.40667365],[-76.52678503,3.40670866],[-76.52678217,3.40674467],[-76.52678109,3.40675268],[-76.52677786,3.40676267],[-76.52667595,3.40672771]]]]},"geometry_name":"the_geom","properties":{"nombre":"JARDIN INFANTIL MI NUEVO SOL","localizaci":"CL 18 NO  49C-15","servicio":"EDUCACION","tipo":"JARDININF","nivel":"EDUCACION PREESCOLAR","propiedad":"PRIV","escala":"LOCAL","permanenci":"NO","estruc_eco":"NO","url1":null}},{"type":"Feature","id":"eqp_uco_educacion.3019","geometry":{"type":"MultiPolygon","coordinates":[[[[-76.52356719,3.410779],[-76.52355775,3.4108646],[-76.5235488,3.41094966],[-76.52354414,3.41099169],[-76.52354199,3.41101266],[-76.52353091,3.41110946],[-76.52353062,3.41110868],[-76.52322931,3.41107855],[-76.52324395,3.41091776],[-76.52299693,3.41089283],[-76.52301464,3.4107199],[-76.52344234,3.41076365],[-76.52344487,3.41076758],[-76.52356714,3.41077892],[-76.52356719,3.410779]]]]},"geometry_name":"the_geom","properties":{"nombre":"CENTRO DOCENTE FERNANDO VELASCO","localizaci":"KR 45 CON CL 23","servicio":"EDUCACION","tipo":"CENTDOC","nivel":"EDUCACION BASICA-EDUCACION MEDIA VOCACIONAL","propiedad":"PRIV","escala":"ZONAL","permanenci":"NO","estruc_eco":"NO","url1":null}},{"type":"Feature","id":"eqp_uco_educacion.3020","geometry":{"type":"MultiPolygon","coordinates":[[[[-76.52604656,3.40849735],[-76.52606957,3.40843127],[-76.52620568,3.40847827],[-76.52623953,3.40849122],[-76.52621257,3.4085672],[-76.52604261,3.40850932],[-76.52604656,3.40849735]]]]},"geometry_name":"the_geom","properties":{"nombre":"CENTRO EDUCATIVO PEQUEÑAS PERSONAS","localizaci":"CL 18 NO 48-05","servicio":"EDUCACION","tipo":"CENTEDUC","nivel":"EDUCACION PREESCOLAR-EDUCACION BASICA","propiedad":"PRIV","escala":"LOCAL","permanenci":"NO","estruc_eco":"NO","url1":null}},{"type":"Feature","id":"eqp_uco_educacion.3021","geometry":{"type":"MultiPolygon","coordinates":[[[[-76.52590811,3.41099339],[-76.52581124,3.41096041],[-76.52577199,3.41094747],[-76.52576623,3.41094549],[-76.52573526,3.41093444],[-76.52575503,3.41087449],[-76.525786,3.41088446],[-76.52581121,3.41089246],[-76.52589907,3.41092139],[-76.52592932,3.41093137],[-76.52592105,3.4109554],[-76.52591602,3.41096936],[-76.52590811,3.41099339]]]]},"geometry_name":"the_geom","properties":{"nombre":"INSTITUTO MARIA DEL NAZARENO","localizaci":"CL 16 NO 47-56","servicio":"EDUCACION","tipo":"CENTEDUC","nivel":"EDUCACION  BASICA_EDUCAION MEDIA VOCACIONAL","propiedad":"PRIV","escala":"LOCAL","permanenci":"NO","estruc_eco":"NO","url1":null}},{"type":"Feature","id":"eqp_uco_educacion.3022","geometry":{"type":"MultiPolygon","coordinates":[[[[-76.53541525,3.41101589],[-76.53541566,3.41101615],[-76.53541581,3.41102483],[-76.53542105,3.41102626],[-76.53541494,3.41104427],[-76.53540199,3.41108226],[-76.53539013,3.41111827],[-76.5353869,3.41112934],[-76.53537288,3.41117228],[-76.53535814,3.4112163],[-76.53533693,3.4112803],[-76.53531872,3.41133836],[-76.53531703,3.41133797],[-76.5351197,3.411273],[-76.53511549,3.41128013],[-76.53499617,3.41124239],[-76.53495828,3.4112304],[-76.53491622,3.411215],[-76.53491763,3.41120855],[-76.5348928,3.41120506],[-76.53489065,3.41120564],[-76.53488505,3.41120359],[-76.5349688,3.4109365],[-76.53496988,3.41093353],[-76.53497276,3.41092948],[-76.53497779,3.41092552],[-76.53498391,3.41092551],[-76.53512974,3.41095541],[-76.53541525,3.41101589]]]]},"geometry_name":"the_geom","properties":{"nombre":"CENTRO DOCENTE PANAMERICANO","localizaci":"KR 48A CLL 12B ESQUINA","servicio":"EDUCACION","tipo":"CENTDOC","nivel":"EDUCACION BASICA-EDUCACION MEDIA VOCACIONAL","propiedad":"PUB","escala":"LOCAL","permanenci":"NO","estruc_eco":"NO","url1":null}},{"type":"Feature","id":"eqp_uco_educacion.3023","geometry":{"type":"MultiPolygon","coordinates":[[[[-76.53424409,3.41263566],[-76.53418216,3.41261571],[-76.53418719,3.41260068],[-76.53422097,3.41249364],[-76.53422816,3.41247267],[-76.53429088,3.41249384],[-76.53428308,3.41251647],[-76.53428863,3.41251806],[-76.53430125,3.41252167],[-76.53431215,3.41252478],[-76.53428799,3.41259666],[-76.53427218,3.41264464],[-76.53424409,3.41263566]]]]},"geometry_name":"the_geom","properties":{"nombre":"JARDIN INFANTIL MIS PASOS","localizaci":"KR 46B NO 12B-07","servicio":"EDUCACION","tipo":"JARDININF","nivel":"EDUCACION PREESCOLAR","propiedad":"PRIV","escala":"LOCAL","permanenci":"NO","estruc_eco":"NO","url1":null}},{"type":"Feature","id":"eqp_uco_educacion.3024","geometry":{"type":"MultiPolygon","coordinates":[[[[-76.53029156,3.41112307],[-76.53061277,3.4112319],[-76.53061889,3.41123586],[-76.53062466,3.41124386],[-76.5306297,3.41125187],[-76.53051001,3.41161493],[-76.53016684,3.41150116],[-76.53029156,3.41112307]]]]},"geometry_name":"the_geom","properties":{"nombre":"CENTRO DOCENTE SANTO DOMINGO","localizaci":"CL 13C KR 47 ESQUINA","servicio":"EDUCACION","tipo":"CENTDOC","nivel":"EDUCACION BASICA-EDUCACION MEDIA VOCACIONAL","propiedad":"PUB","escala":"LOCAL","permanenci":"NO","estruc_eco":"NO","url1":null}},{"type":"Feature","id":"eqp_uco_educacion.3025","geometry":{"type":"MultiPolygon","coordinates":[[[[-76.52902836,3.40868461],[-76.52903518,3.40865859],[-76.5290492,3.40860755],[-76.52909817,3.40862157],[-76.52911113,3.40862453],[-76.5291313,3.40863055],[-76.52920007,3.4086495],[-76.52926813,3.40866846],[-76.52924046,3.40876946],[-76.52902333,3.40870261],[-76.52902836,3.40868461]]]]},"geometry_name":"the_geom","properties":{"nombre":"LICEO PEDAGOGICO EL SABIO","localizaci":"KR 49 NO 14-06","servicio":"EDUCACION","tipo":"LICEO","nivel":"EDUCACION PREESCOLAR","propiedad":"PRIV","escala":"LOCAL","permanenci":"NO","estruc_eco":"NO","url1":null}},{"type":"Feature","id":"eqp_uco_educacion.3026","geometry":{"type":"MultiPolygon","coordinates":[[[[-76.5282671,3.41246524],[-76.52827609,3.41243923],[-76.5283052,3.41235118],[-76.52831203,3.4123312],[-76.52836425,3.41234818],[-76.5283531,3.41238014],[-76.5283301,3.41245018],[-76.52831932,3.41248321],[-76.5282671,3.41246524]]]]},"geometry_name":"the_geom","properties":{"nombre":"GUARDERIA Y JARDIN INFANTIL LOS PRIMEROS LOGROS","localizaci":"KR46 CL 14 55","servicio":"EDUCACION","tipo":"GUARDE","nivel":"EDUCACION PREESCOLAR","propiedad":"PRIV","escala":"LOCAL","permanenci":"NO","estruc_eco":"NO","url1":null}},{"type":"Feature","id":"eqp_uco_educacion.3027","geometry":{"type":"MultiPolygon","coordinates":[[[[-76.5285828,3.41170102],[-76.52853383,3.41168502],[-76.52854282,3.41165703],[-76.52856366,3.41159203],[-76.52858882,3.41151596],[-76.52860356,3.41146897],[-76.52865469,3.41148596],[-76.52862486,3.41157598],[-76.52859179,3.41167401],[-76.5285828,3.41170102]]]]},"geometry_name":"the_geom","properties":{"nombre":"COLEGIO CESI","localizaci":"KR 46 NO 14-46","servicio":"EDUCACION","tipo":"COLEGIO","nivel":"EDUCACION BASICA","propiedad":"PRIV","escala":"LOCAL","permanenci":"NO","estruc_eco":"NO","url1":null}},{"type":"Feature","id":"eqp_uco_educacion.3028","geometry":{"type":"MultiPolygon","coordinates":[[[[-76.52677019,3.41805835],[-76.52666219,3.4180774],[-76.52663987,3.41808137],[-76.52658893,3.41776341],[-76.52677001,3.41772632],[-76.52677073,3.41773235],[-76.52689781,3.41770924],[-76.52689997,3.41770825],[-76.52702273,3.41768118],[-76.52704469,3.41767919],[-76.52705873,3.41768116],[-76.52731584,3.41776005],[-76.52725006,3.41796809],[-76.52696603,3.41802323],[-76.52689619,3.41803623],[-76.52677019,3.41805835]]]]},"geometry_name":"the_geom","properties":{"nombre":"COLEGIO NUEVA GRANADA","localizaci":"KR 39 CL 14 ESQUINA","servicio":"EDUCACION","tipo":"COLEGIO","nivel":"EDUCACION BASICA","propiedad":"PRIV","escala":"ZONAL","permanenci":"NO","estruc_eco":"NO","url1":null}},{"type":"Feature","id":"eqp_uco_educacion.3029","geometry":{"type":"MultiPolygon","coordinates":[[[[-76.53103958,3.41629492],[-76.53103635,3.4163059],[-76.53093048,3.41626995],[-76.53099339,3.41608298],[-76.53100419,3.41608594],[-76.53109745,3.41611686],[-76.53109242,3.41613288],[-76.53104246,3.4162879],[-76.53103958,3.41629492]]]]},"geometry_name":"the_geom","properties":{"nombre":"KINDER LOS SAUCES","localizaci":"KR 42 NO  13A ESQUINA","servicio":"EDUCACION","tipo":"JARDININF","nivel":"EDUCACION PREESCOLAR","propiedad":"PRIV","escala":"LOCAL","permanenci":"NO","estruc_eco":"NO","url1":null}},{"type":"Feature","id":"eqp_uco_educacion.3030","geometry":{"type":"MultiPolygon","coordinates":[[[[-76.52936657,3.4170749],[-76.52933164,3.41706394],[-76.52937873,3.41691685],[-76.52938053,3.41690983],[-76.52938448,3.41689587],[-76.52944353,3.41691582],[-76.52943958,3.41692888],[-76.52939573,3.41706589],[-76.5293907,3.4170829],[-76.52936657,3.4170749]]]]},"geometry_name":"the_geom","properties":{"nombre":"LICEO REAL MONTESIORI","localizaci":"KR 41  NO  13B- 31","servicio":"EDUCACION","tipo":"LICEO","nivel":"EDUCACION PREESCOLAR","propiedad":"PRIV","escala":"LOCAL","permanenci":"NO","estruc_eco":"NO","url1":null}},{"type":"Feature","id":"eqp_uco_educacion.3031","geometry":{"type":"MultiPolygon","coordinates":[[[[-76.52976826,3.40998454],[-76.5298487,3.40972121],[-76.5298699,3.40964919],[-76.53002183,3.40910108],[-76.53077249,3.40934641],[-76.53065125,3.4096853],[-76.53058078,3.40992075],[-76.53034077,3.40985375],[-76.53025607,3.41012051],[-76.53015084,3.41008858],[-76.52976826,3.40998454]]]]},"geometry_name":"the_geom","properties":{"nombre":"COLEGIO JOSE MARIA VIVAS BALCAZAR","localizaci":"CL 14 KR 48A 32 ESQUINA","servicio":"EDUCACION","tipo":"COLEGIO","nivel":"EDUCACION BASICA-EDUCACION MEDIA VOCACIONAL","propiedad":"PUB","escala":"LOCAL","permanenci":"NO","estruc_eco":"NO","url1":null}},{"type":"Feature","id":"eqp_uco_educacion.3032","geometry":{"type":"MultiPolygon","coordinates":[[[[-76.52691684,3.41553689],[-76.52685243,3.41575896],[-76.52634114,3.41585329],[-76.52629868,3.41559745],[-76.52626742,3.41548459],[-76.5262579,3.41543483],[-76.52665002,3.41536349],[-76.52694092,3.41545346],[-76.52693016,3.41549094],[-76.52691684,3.41553689]]]]},"geometry_name":"the_geom","properties":{"nombre":"INSTITUCION EDUCATIVA CARLOS HOLGUIN LLOREDA","localizaci":"KR 42A NO 14B- 15 ESQUINA","servicio":"EDUCACION","tipo":"CENTEDUC","nivel":"EDUCACION BASICA","propiedad":"PRIV","escala":"LOCAL","permanenci":"NO","estruc_eco":"NO","url1":null}},{"type":"Feature","id":"eqp_uco_educacion.3033","geometry":{"type":"MultiPolygon","coordinates":[[[[-76.53933217,3.40224113],[-76.53918022,3.40219017],[-76.53913917,3.40217712],[-76.5391741,3.40206613],[-76.53937034,3.40212915],[-76.53936638,3.40213914],[-76.53936314,3.40214715],[-76.53933217,3.40224113]]]]},"geometry_name":"the_geom","properties":{"nombre":"ESCUELA MATERNAL TRASCENDER","localizaci":"CL 11 NO 59-08","servicio":"EDUCACION","tipo":"JARDININF","nivel":"EDUCACION PREESCOLAR","propiedad":"PRIV","escala":"LOCAL","permanenci":"NO","estruc_eco":"NO","url1":null}},{"type":"Feature","id":"eqp_uco_educacion.3034","geometry":{"type":"MultiPolygon","coordinates":[[[[-76.53864929,3.40697093],[-76.53860933,3.40695886],[-76.5385906,3.40695391],[-76.53854848,3.40694185],[-76.53850743,3.40692987],[-76.53845126,3.40691286],[-76.53845954,3.40688783],[-76.53847431,3.40684283],[-76.53852832,3.40686083],[-76.53866334,3.40690486],[-76.53867054,3.40690693],[-76.53869143,3.40691386],[-76.53867162,3.40697786],[-76.53864929,3.40697093]]]]},"geometry_name":"the_geom","properties":{"nombre":"JARDIN INFANTIL ELMO Y SUS AMIGOS","localizaci":"CL 11 NO 55A-19","servicio":"EDUCACION","tipo":"JARDININF","nivel":"EDUCACION PREESCOLAR","propiedad":"PRIV","escala":"LOCAL","permanenci":"NO","estruc_eco":"NO","url1":null}},{"type":"Feature","id":"eqp_uco_educacion.3035","geometry":{"type":"MultiPolygon","coordinates":[[[[-76.53208165,3.40378807],[-76.53229962,3.40386227],[-76.53229351,3.40388117],[-76.53226718,3.40396265],[-76.53225486,3.40400079],[-76.53203895,3.40392845],[-76.53205189,3.4038859],[-76.53208154,3.40378841],[-76.53208165,3.40378807]]]]},"geometry_name":"the_geom","properties":{"nombre":"CENTRO DOCENTE NO 44 LUIS CARLOS ROJAS","localizaci":"KR 56 CL 13G","servicio":"EDUCACION","tipo":"CENTDOC","nivel":"EDUCACION PREESCOLAR_EDUCACION BASICA","propiedad":"PUB","escala":"LOCAL","permanenci":"NO","estruc_eco":"NO","url1":null}},{"type":"Feature","id":"eqp_uco_educacion.3036","geometry":{"type":"MultiPolygon","coordinates":[[[[-76.5344902,3.40287753],[-76.53428346,3.40280904],[-76.53428895,3.40279322],[-76.53428994,3.40279041],[-76.53441982,3.40275343],[-76.53454223,3.4027187],[-76.53453566,3.4027386],[-76.53451373,3.40280567],[-76.5344902,3.40287753]]]]},"geometry_name":"the_geom","properties":{"nombre":"CENTRO DE EDUCACION SONRISAS INFANTILES","localizaci":"CL 13D NO 57-92","servicio":"EDUCACION","tipo":"JARDININF","nivel":"EDUCACION PREESCOLAR_EDUCACION BASICA","propiedad":"PRIV","escala":"LOCAL","permanenci":"NO","estruc_eco":"NO","url1":null}},{"type":"Feature","id":"eqp_uco_educacion.3037","geometry":{"type":"MultiPolygon","coordinates":[[[[-76.53716076,3.4066221],[-76.53707363,3.40659212],[-76.53708443,3.4065571],[-76.53709956,3.4065121],[-76.53710172,3.4065031],[-76.53710856,3.40648203],[-76.5371136,3.40646808],[-76.5371226,3.40643802],[-76.53714961,3.40635601],[-76.53716078,3.406321],[-76.53716366,3.40631308],[-76.53717878,3.40626501],[-76.53718346,3.40625106],[-76.53718562,3.40625205],[-76.53735774,3.4063077],[-76.53725373,3.40662379],[-76.53716742,3.406598],[-76.53716076,3.4066221]]]]},"geometry_name":"the_geom","properties":{"nombre":"ESCUELA MATERNAL MIRRINGA MIRRONGA","localizaci":"KR 55 NO 11A","servicio":"EDUCACION","tipo":"JARDININF","nivel":"EDUCACION PREESCOLAR","propiedad":"PRIV","escala":"LOCAL","permanenci":"NO","estruc_eco":"NO","url1":null}},{"type":"Feature","id":"eqp_uco_educacion.3038","geometry":{"type":"MultiPolygon","coordinates":[[[[-76.53908409,3.40235495],[-76.53908435,3.4023541],[-76.5391254,3.40236806],[-76.53922333,3.40240011],[-76.53922945,3.40240209],[-76.53927446,3.40241712],[-76.53924637,3.40250408],[-76.53924457,3.40250912],[-76.53923557,3.40253414],[-76.53904762,3.4024731],[-76.53908409,3.40235495]]]]},"geometry_name":"the_geom","properties":{"nombre":"JARDIN INFANTIL MI CASITA ENCANTADA","localizaci":"CL 11B NO 60-10","servicio":"EDUCACION","tipo":"JARDININF","nivel":"EDUCACION PREESCOLAR","propiedad":"PRIV","escala":"LOCAL","permanenci":"NO","estruc_eco":"NO","url1":null}},{"type":"Feature","id":"eqp_uco_educacion.3039","geometry":{"type":"MultiPolygon","coordinates":[[[[-76.53008251,3.41565727],[-76.52996246,3.41601086],[-76.5294294,3.415862],[-76.52955283,3.41548067],[-76.53008251,3.41565727]]]]},"geometry_name":"the_geom","properties":{"nombre":"COLEGIO PARROQUIALSAN JUAN BAUTISTA TECNICO-INDUSTRIAL","localizaci":"KR 42A NO 13B- 41","servicio":"EDUCACION","tipo":"COLEGIO","nivel":"EDUCACION BASICA","propiedad":"PRIV","escala":"ZONAL","permanenci":"NO","estruc_eco":"NO","url1":null}},{"type":"Feature","id":"eqp_uco_educacion.3040","geometry":{"type":"MultiPolygon","coordinates":[[[[-76.5393948,3.40350115],[-76.53937358,3.40349411],[-76.53930789,3.40347232],[-76.53931349,3.40345528],[-76.53936299,3.40330456],[-76.53937553,3.40326637],[-76.53946247,3.40329511],[-76.53945083,3.40333055],[-76.5394469,3.40334254],[-76.5393948,3.40350115]]]]},"geometry_name":"the_geom","properties":{"nombre":"LICEO INFANTIL CREARTE","localizaci":"KR 59A NO 11 53","servicio":"EDUCACION","tipo":"LICEO","nivel":"EDUCACION PREESCOLAR","propiedad":"PUB","escala":"LOCAL","permanenci":"NO","estruc_eco":"NO","url1":null}},{"type":"Feature","id":"eqp_uco_educacion.3041","geometry":{"type":"MultiPolygon","coordinates":[[[[-76.52740452,3.41154663],[-76.52744064,3.41143458],[-76.52755007,3.41147082],[-76.5275155,3.41158318],[-76.52740452,3.41154663]]]]},"geometry_name":"the_geom","properties":{"nombre":"JARDIN INFANTIL ARTES MAGICAS","localizaci":"KR 46 CON CL 14 ESQUINA","servicio":"EDUCACION","tipo":"JARDININF","nivel":"EDUCACION PREESCOLAR","propiedad":"PRIV","escala":"LOCAL","permanenci":"NO","estruc_eco":"NO","url1":null}},{"type":"Feature","id":"eqp_uco_educacion.3042","geometry":{"type":"MultiPolygon","coordinates":[[[[-76.52636976,3.41486013],[-76.52685163,3.4145981],[-76.52715658,3.41469663],[-76.52712142,3.41481377],[-76.52712852,3.41481624],[-76.52705879,3.41504666],[-76.52677219,3.41496393],[-76.52636976,3.41486013]]]]},"geometry_name":"the_geom","properties":{"nombre":"JARDIN INFANTIL CARLOS HOLGUIN LLOREDA","localizaci":"KR 42A CL 14B","servicio":"EDUCACION","tipo":"JARDININF","nivel":"EDUCACION PREESCOLAR","propiedad":"PRIV","escala":"LOCAL","permanenci":"NO","estruc_eco":"NO","url1":null}},{"type":"Feature","id":"eqp_uco_educacion.3043","geometry":{"type":"MultiPolygon","coordinates":[[[[-76.54892524,3.3951049],[-76.54916235,3.39507832],[-76.54917563,3.39517808],[-76.5491104,3.39518776],[-76.54905978,3.39519466],[-76.54900501,3.39520214],[-76.54893267,3.39521196],[-76.54892524,3.3951049]]]]},"geometry_name":"the_geom","properties":{"nombre":"INSTITUTO DE SISTEMAS","localizaci":"KR 68 NO 3_83","servicio":"EDUCACION","tipo":"SISTEM","nivel":"EDUCACION NO FORMAL","propiedad":"PRIV","escala":"LOCAL","permanenci":"NO","estruc_eco":"NO","url1":null}},{"type":"Feature","id":"eqp_uco_educacion.3044","geometry":{"type":"MultiPolygon","coordinates":[[[[-76.56645896,3.41866228],[-76.56642343,3.41861312],[-76.56651021,3.41856454],[-76.56653233,3.41855693],[-76.56657485,3.41853996],[-76.56664648,3.4185025],[-76.56667035,3.4184867],[-76.56671866,3.41845442],[-76.56674526,3.41847646],[-76.56675082,3.41849077],[-76.56675063,3.41850613],[-76.5667473,3.41851579],[-76.56673459,3.41852962],[-76.56666353,3.41860686],[-76.56660989,3.41866524],[-76.5665719,3.41870662],[-76.56654454,3.41873642],[-76.56653468,3.41874594],[-76.56647103,3.41867659],[-76.56645896,3.41866228]]]]},"geometry_name":"the_geom","properties":{"nombre":"COLEGIO GENERAL JOSE MARIA CORDOBA","localizaci":"CL 13O KR 53E","servicio":"EDUCACION","tipo":"COLEGIO","nivel":"EDUCACION BASICA-EDUCACION MEDIA VOCACIONAL","propiedad":"PUB","escala":"LOCAL","permanenci":"NO","estruc_eco":"NO","url1":null}},{"type":"Feature","id":"eqp_uco_educacion.3045","geometry":{"type":"MultiPolygon","coordinates":[[[[-76.56295179,3.41499773],[-76.56300222,3.41499706],[-76.56305227,3.41500231],[-76.56311602,3.41501741],[-76.56311676,3.41510705],[-76.56311737,3.41518147],[-76.56311785,3.41523995],[-76.56311787,3.41524337],[-76.56310853,3.41527001],[-76.56305564,3.41542082],[-76.56292769,3.4153552],[-76.56261428,3.41519621],[-76.56261366,3.41518146],[-76.56261172,3.41513608],[-76.56285288,3.41501676],[-76.56290179,3.41500432],[-76.56295179,3.41499773]]]]},"geometry_name":"the_geom","properties":{"nombre":"CENTRO DOCENTE N° 14 REPUBLICA DE PANAMA","localizaci":"DG 48O 12 06O","servicio":"EDUCACION","tipo":"CENTDOC","nivel":"EDUCACION BASICA-EDUCACION MEDIA VOCACIONAL","propiedad":"PUB","escala":"LOCAL","permanenci":"NO","estruc_eco":"NO","url1":null}},{"type":"Feature","id":"eqp_uco_educacion.3180","geometry":{"type":"MultiPolygon","coordinates":[[[[-76.50404628,3.40452448],[-76.50409131,3.40457342],[-76.50397832,3.40467357],[-76.50393401,3.40462652],[-76.50404628,3.40452448]]]]},"geometry_name":"the_geom","properties":{"nombre":"LICEO INFANTIL SEÑORA DE GUADALUPE","localizaci":"KR 41E3 NO 51 05","servicio":"EDUCACION","tipo":"LICEO","nivel":"EDUCACION PREESCOLAR","propiedad":"PRIV","escala":"LOCAL","permanenci":"NO","estruc_eco":"NO","url1":null}},{"type":"Feature","id":"eqp_uco_educacion.3046","geometry":{"type":"MultiPolygon","coordinates":[[[[-76.55834971,3.41786397],[-76.55835401,3.41786567],[-76.55837636,3.41775568],[-76.5585675,3.41777286],[-76.55858947,3.41778482],[-76.55860749,3.41781181],[-76.55860646,3.41791586],[-76.55860646,3.41791784],[-76.55859566,3.41791784],[-76.5585485,3.41791688],[-76.55852041,3.4179159],[-76.55845741,3.41791396],[-76.55840448,3.41791299],[-76.55835552,3.41791194],[-76.5583546,3.41791181],[-76.55835571,3.41790578],[-76.55834264,3.41790348],[-76.55834937,3.41786595],[-76.55834971,3.41786397]]]]},"geometry_name":"the_geom","properties":{"nombre":"CENTRO DOCENTE LUIS ALBERTO ROSALES","localizaci":"CL 6G O KR 51B O","servicio":"EDUCACION","tipo":"CENTDOC","nivel":"EDUCACION BASICA-EDUCACION MEDIA VOCACIONAL","propiedad":"PUB","escala":"LOCAL","permanenci":"NO","estruc_eco":"NO","url1":null}},{"type":"Feature","id":"eqp_uco_educacion.3047","geometry":{"type":"MultiPolygon","coordinates":[[[[-76.55915764,3.41654483],[-76.55915475,3.41654177],[-76.55911693,3.41650084],[-76.55912593,3.41649282],[-76.55926663,3.4163617],[-76.55930662,3.41640569],[-76.55925264,3.41645576],[-76.55923572,3.41647179],[-76.55915764,3.41654483]]]]},"geometry_name":"the_geom","properties":{"nombre":"COLEGIO CRISTO SACERDOTE","localizaci":"CL 8 O NO 52-43","servicio":"EDUCACION","tipo":"COLEGIO","nivel":"EDUCACION BASICA-EDUCACION MEDIA VOCACIONAL","propiedad":"PRIV","escala":"LOCAL","permanenci":"NO","estruc_eco":"NO","url1":null}},{"type":"Feature","id":"eqp_uco_educacion.3048","geometry":{"type":"MultiPolygon","coordinates":[[[[-76.55962969,3.41660488],[-76.55964552,3.41659092],[-76.55982149,3.41642684],[-76.55986255,3.41646776],[-76.55990254,3.41650879],[-76.55985936,3.41655075],[-76.5598097,3.41659884],[-76.55971542,3.41668989],[-76.55971254,3.41668692],[-76.5597075,3.41669088],[-76.55962969,3.41660488]]]]},"geometry_name":"the_geom","properties":{"nombre":"CENTRO DOCENTE JORGE E GONZALEZ","localizaci":"CL 8 O NO 52-16","servicio":"EDUCACION","tipo":"CENTDOC","nivel":"EDUCACION BASICA-EDUCACION MEDIA VOCACIONAL","propiedad":"PRIV","escala":"LOCAL","permanenci":"NO","estruc_eco":"NO","url1":null}},{"type":"Feature","id":"eqp_uco_educacion.3049","geometry":{"type":"MultiPolygon","coordinates":[[[[-76.55961975,3.41708436],[-76.55952286,3.41709586],[-76.55950762,3.41692909],[-76.55960609,3.41690173],[-76.55961975,3.41708436]]]]},"geometry_name":"the_geom","properties":{"nombre":"COMPUEMPRESA","localizaci":"KR 52 NO 7-46","servicio":"EDUCACION","tipo":"SISTEM","nivel":"EDUCACION NO FORMAL","propiedad":"PRIV","escala":"LOCAL","permanenci":"NO","estruc_eco":"NO","url1":null}},{"type":"Feature","id":"eqp_uco_educacion.3050","geometry":{"type":"MultiPolygon","coordinates":[[[[-76.55331543,3.42257635],[-76.55330318,3.42261042],[-76.55327702,3.42259829],[-76.55328506,3.42256336],[-76.553263,3.42255253],[-76.55324029,3.42254824],[-76.55316141,3.42253335],[-76.55314445,3.42253014],[-76.55311856,3.42252525],[-76.55311883,3.42252332],[-76.55319497,3.42202966],[-76.5532186,3.42203327],[-76.55327432,3.42204178],[-76.55331948,3.42204868],[-76.55332065,3.42204885],[-76.55335514,3.42205412],[-76.55341071,3.42206261],[-76.55343002,3.42206556],[-76.55343854,3.42214203],[-76.55344381,3.4223203],[-76.55346795,3.42235115],[-76.55345238,3.42237077],[-76.55341898,3.42240985],[-76.55337756,3.42249218],[-76.55338127,3.42249729],[-76.55336551,3.42251046],[-76.55336488,3.42251099],[-76.55333483,3.42252243],[-76.55331543,3.42257635]]]]},"geometry_name":"the_geom","properties":{"nombre":"ESCUELA","localizaci":null,"servicio":"EDUCACION","tipo":"ESCUELA","nivel":"EDUCACION BASICA","propiedad":"PUB","escala":"LOCAL","permanenci":"NO","estruc_eco":"NO","url1":null}},{"type":"Feature","id":"eqp_uco_educacion.3051","geometry":{"type":"MultiPolygon","coordinates":[[[[-76.566626,3.4123005],[-76.56662695,3.41210329],[-76.56663826,3.41207459],[-76.56666076,3.41203162],[-76.56667781,3.4120062],[-76.56669858,3.41198104],[-76.56672265,3.41195811],[-76.56674226,3.41194284],[-76.56676348,3.41192926],[-76.56678568,3.41191828],[-76.56680504,3.41191163],[-76.56683377,3.41190779],[-76.5668554,3.41191001],[-76.56688323,3.41191499],[-76.56691118,3.41192174],[-76.5669361,3.411929],[-76.56696735,3.4119395],[-76.56699867,3.41195123],[-76.56703948,3.41196778],[-76.56708348,3.41198643],[-76.56713061,3.41200631],[-76.56716513,3.41202017],[-76.56718393,3.41202729],[-76.56719645,3.41203181],[-76.56791294,3.41283722],[-76.56792051,3.41286276],[-76.56793334,3.41290775],[-76.56794487,3.4129498],[-76.56795614,3.41299205],[-76.56796638,3.41303116],[-76.56798164,3.41308989],[-76.56799357,3.41313554],[-76.56800743,3.41318753],[-76.5680199,3.41323278],[-76.56803661,3.41329047],[-76.56805028,3.41333486],[-76.56806679,3.41338494],[-76.56808102,3.41342503],[-76.5680985,3.41347054],[-76.56811727,3.41351512],[-76.56813984,3.4135478],[-76.56816913,3.41357296],[-76.56819038,3.41358621],[-76.56822534,3.41360211],[-76.56825932,3.41361131],[-76.56830139,3.41361377],[-76.56834234,3.41360926],[-76.56838298,3.41359948],[-76.56842104,3.41358564],[-76.5684578,3.41356581],[-76.56849159,3.41353928],[-76.56851134,3.41352078],[-76.56852579,3.41350631],[-76.56855411,3.41347703],[-76.56857492,3.41345508],[-76.56858681,3.41343598],[-76.5685959,3.41341892],[-76.56860706,3.41340094],[-76.56862462,3.41338843],[-76.56863504,3.41338867],[-76.56864697,3.41339339],[-76.56837998,3.41701111],[-76.56789138,3.41699939],[-76.56790083,3.41698414],[-76.56790802,3.41696956],[-76.56791253,3.41695797],[-76.56791657,3.4169457],[-76.56791985,3.41693426],[-76.5679223,3.41692396],[-76.56792658,3.41690455],[-76.5679322,3.41688849],[-76.56793985,3.41686681],[-76.56794753,3.41684376],[-76.56795141,3.4168319],[-76.56795788,3.41681008],[-76.56797551,3.41676297],[-76.56798051,3.41674751],[-76.5679839,3.41673939],[-76.56799181,3.41672286],[-76.56800059,3.41670636],[-76.56800903,3.41669011],[-76.56802046,3.41666826],[-76.56802948,3.41664665],[-76.56803612,3.41662506],[-76.56803881,3.41661231],[-76.56803989,3.41659907],[-76.56803931,3.41658654],[-76.56803735,3.41657746],[-76.56803268,3.41656683],[-76.56802361,3.41655206],[-76.56801451,3.41654055],[-76.56800323,3.41652749],[-76.56799743,3.41652044],[-76.56798856,3.41650778],[-76.56797911,3.41649496],[-76.56797451,3.41648833],[-76.5679693,3.41647816],[-76.56796506,3.41645899],[-76.56796376,3.41645096],[-76.56795964,3.41643192],[-76.5679559,3.41641489],[-76.56795273,3.41640089],[-76.56794299,3.41637215],[-76.56793128,3.41634077],[-76.5679218,3.41630678],[-76.56791296,3.41627522],[-76.56790896,3.41625666],[-76.56790547,3.41623566],[-76.56790259,3.41621526],[-76.56790047,3.41619442],[-76.56789862,3.41617854],[-76.56789378,3.41614294],[-76.56789124,3.41612571],[-76.56788826,3.41611075],[-76.56788275,3.41609078],[-76.5678797,3.41607742],[-76.56787818,3.416067],[-76.56787684,3.41605148],[-76.56787537,3.41603183],[-76.56787343,3.41601163],[-76.56787212,3.41600075],[-76.56786896,3.41597423],[-76.56786652,3.41595506],[-76.56786427,3.41594311],[-76.56786061,3.41592325],[-76.5678577,3.41591096],[-76.56785124,3.41588779],[-76.56784422,3.41586772],[-76.56783861,3.41585552],[-76.56783108,3.41584002],[-76.56782625,3.41582553],[-76.5678254,3.41581971],[-76.56782409,3.41581375],[-76.56782269,3.41580811],[-76.56781997,3.41580046],[-76.56781351,3.41579209],[-76.56780827,3.41579077],[-76.56780344,3.41579523],[-76.56779607,3.41580561],[-76.56779125,3.41581182],[-76.56778631,3.41581784],[-76.56778145,3.41582319],[-76.56777536,3.41582873],[-76.56776882,3.41583486],[-76.5677625,3.41584042],[-76.56775945,3.41584282],[-76.56775658,3.4158447],[-76.56774598,3.41584519],[-76.56774157,3.41584136],[-76.56773571,3.41583228],[-76.56773335,3.41582668],[-76.56773105,3.41581831],[-76.56772933,3.41581049],[-76.56772662,3.41579967],[-76.56772597,3.41579716],[-76.56772323,3.41579242],[-76.56771849,3.41578865],[-76.56770813,3.41578794],[-76.56769969,3.41579279],[-76.56769139,3.41580234],[-76.56768638,3.41580876],[-76.56768006,3.41581619],[-76.567676,3.41582023],[-76.56767078,3.41582305],[-76.56765989,3.4158231],[-76.56765733,3.41581897],[-76.56765399,3.41580897],[-76.56764954,3.41580394],[-76.56764197,3.41579793],[-76.5676354,3.41578955],[-76.56763344,3.41578428],[-76.56763319,3.41577738],[-76.56763306,3.41577368],[-76.56763906,3.41575031],[-76.5676467,3.4157214],[-76.56765692,3.41568353],[-76.56766307,3.41565849],[-76.56766407,3.41565221],[-76.56766523,3.41563822],[-76.56766487,3.4156203],[-76.56766301,3.41561105],[-76.56765937,3.41560628],[-76.56767972,3.41550673],[-76.56769423,3.41543572],[-76.56769154,3.41535878],[-76.56761823,3.41518158],[-76.56751371,3.41489242],[-76.56746498,3.41475761],[-76.5673542,3.41456959],[-76.56727058,3.41428741],[-76.56721028,3.41406162],[-76.56716576,3.41389073],[-76.56714998,3.41383019],[-76.56701015,3.41348619],[-76.56698442,3.41342288],[-76.56694438,3.41330947],[-76.56676521,3.41280199],[-76.56663292,3.41229954],[-76.566626,3.4123005]]]]},"geometry_name":"the_geom","properties":{"nombre":"ESCUELA DE CARABINEROS","localizaci":null,"servicio":"EDUCACION","tipo":"INSTEDUCI","nivel":"EDUCACION BASICA-EDUCACION MEDIA VOCACIONAL","propiedad":"PRIV","escala":"URBANA","permanenci":"SI","estruc_eco":"NO","url1":null}},{"type":"Feature","id":"eqp_uco_educacion.3064","geometry":{"type":"MultiPolygon","coordinates":[[[[-76.55160095,3.41037872],[-76.55152757,3.41038487],[-76.55161977,3.40964966],[-76.551762,3.40967332],[-76.55195538,3.40968768],[-76.55212254,3.40969994],[-76.55206133,3.41041723],[-76.55160095,3.41037872]]]]},"geometry_name":"the_geom","properties":{"nombre":"INSTITUTO SER INTERNACIONAL","localizaci":"KR 56 NO 1B 281","servicio":"EDUCACION","tipo":"INSTTCOM","nivel":"EDUCACION NO FORMAL","propiedad":"PRIV","escala":"LOCAL","permanenci":"NO","estruc_eco":"NO","url1":null}},{"type":"Feature","id":"eqp_uco_educacion.3065","geometry":{"type":"MultiPolygon","coordinates":[[[[-76.55359785,3.41043931],[-76.55359408,3.41046476],[-76.55357786,3.41046221],[-76.5535242,3.41045544],[-76.55341232,3.41046631],[-76.55341228,3.41046632],[-76.55342674,3.4102594],[-76.55343353,3.41016543],[-76.55343853,3.41008541],[-76.55344747,3.40996435],[-76.55345855,3.40980935],[-76.55368933,3.40982723],[-76.55366744,3.40995226],[-76.55366564,3.40996126],[-76.55365452,3.41003525],[-76.55365237,3.41005325],[-76.55364555,3.41009727],[-76.55362978,3.41021428],[-76.5536226,3.41025929],[-76.55361363,3.41032329],[-76.55360969,3.41035434],[-76.55359785,3.41043931]]]]},"geometry_name":"the_geom","properties":{"nombre":"COLEGIO AMERICAS UNIDAS","localizaci":"KR 56 NO 1B 71","servicio":"EDUCACION","tipo":"INSTPEDAG","nivel":"EDUCACION BASICA","propiedad":"PRIV","escala":"ZONAL","permanenci":"SI","estruc_eco":"NO","url1":null}},{"type":"Feature","id":"eqp_uco_educacion.3066","geometry":{"type":"MultiPolygon","coordinates":[[[[-76.55198572,3.40951207],[-76.55165879,3.40948065],[-76.55171797,3.40903873],[-76.55176131,3.40871509],[-76.55207111,3.40874479],[-76.55198572,3.40951207]]]]},"geometry_name":"the_geom","properties":{"nombre":"ESCUELA DE FUTBOL Y FORMACION DEPORTIVA LASTRA","localizaci":"KR 51  NO 2 17","servicio":"EDUCACION","tipo":"ESCDEPOR","nivel":"EDUCACION NO FORMAL","propiedad":"PRIV","escala":"ZONAL","permanenci":"NO","estruc_eco":"NO","url1":null}},{"type":"Feature","id":"eqp_uco_educacion.3067","geometry":{"type":"MultiPolygon","coordinates":[[[[-76.55040733,3.40931517],[-76.55027411,3.40929823],[-76.55028308,3.40923424],[-76.55029815,3.40912919],[-76.5503211,3.40897014],[-76.55032505,3.40893612],[-76.55032899,3.40890713],[-76.55033617,3.40886114],[-76.55034011,3.40883017],[-76.55047117,3.40885404],[-76.55045396,3.40897412],[-76.55045001,3.40900409],[-76.55044894,3.4090121],[-76.5504432,3.4090581],[-76.55043208,3.40913308],[-76.55041809,3.40923308],[-76.55041522,3.40925613],[-76.55040733,3.40931517]]]]},"geometry_name":"the_geom","properties":{"nombre":"BRITISH ENGLISH","localizaci":"KR 56 NO 2 100","servicio":"EDUCACION","tipo":"CENTIDIOM","nivel":"EDUCACION NO FORMAL","propiedad":"PRIV","escala":"LOCAL","permanenci":"NO","estruc_eco":"NO","url1":null}},{"type":"Feature","id":"eqp_uco_educacion.3068","geometry":{"type":"MultiPolygon","coordinates":[[[[-76.55160573,3.40902287],[-76.55171797,3.40903873],[-76.55165879,3.40948065],[-76.55165238,3.40948003],[-76.5515422,3.40946504],[-76.55160573,3.40902287]]]]},"geometry_name":"the_geom","properties":{"nombre":"CENTRO INFANTIL BEBE FELIZ","localizaci":"KR 56 NO 2 50","servicio":"EDUCACION","tipo":"CENTPRE","nivel":"EDUCACION PREESCOLAR","propiedad":"PUB","escala":"LOCAL","permanenci":"NO","estruc_eco":"NO","url1":null}},{"type":"Feature","id":"eqp_uco_educacion.3069","geometry":{"type":"MultiPolygon","coordinates":[[[[-76.55520721,3.41140372],[-76.55512224,3.41140278],[-76.55511396,3.41140179],[-76.55510424,3.41139676],[-76.55509919,3.41138776],[-76.55504186,3.41123478],[-76.55507391,3.41123585],[-76.55526292,3.41123772],[-76.55526296,3.41130667],[-76.55526227,3.41135275],[-76.55526229,3.41138875],[-76.55526229,3.41140468],[-76.55520721,3.41140372]]]]},"geometry_name":"the_geom","properties":{"nombre":"JARDIN INFANTIL ESTIMULO","localizaci":"CL 1A  KR 55B-26","servicio":"EDUCACION","tipo":"JARDININF","nivel":"EDUCACION PREESCOLAR","propiedad":"PRIV","escala":"LOCAL","permanenci":"NO","estruc_eco":"NO","url1":null}},{"type":"Feature","id":"eqp_uco_educacion.3070","geometry":{"type":"MultiPolygon","coordinates":[[[[-76.54264807,3.41043041],[-76.54258223,3.41040929],[-76.54258748,3.41039155],[-76.54262512,3.41026427],[-76.5426339,3.4102346],[-76.54269976,3.41025561],[-76.54269106,3.41028503],[-76.54265318,3.41041312],[-76.54264807,3.41043041]]]]},"geometry_name":"the_geom","properties":{"nombre":"ESCUELA MATERNAL JARDIN INFANTIL PILATUNAS","localizaci":"CL 8G NO 51_82","servicio":"EDUCACION","tipo":"JARDININF","nivel":"EDUCACION PREESCOLAR","propiedad":"PRIV","escala":"LOCAL","permanenci":"NO","estruc_eco":"NO","url1":null}},{"type":"Feature","id":"eqp_uco_educacion.3052","geometry":{"type":"MultiPolygon","coordinates":[[[[-76.55576775,3.41168573],[-76.55576846,3.41166071],[-76.55576851,3.411628],[-76.55577008,3.41065571],[-76.55577102,3.4103857],[-76.5557721,3.41037768],[-76.55577626,3.41036504],[-76.55578607,3.41031993],[-76.55581601,3.41026815],[-76.55584424,3.41023976],[-76.55589114,3.4102115],[-76.55594487,3.41019749],[-76.55604126,3.41021172],[-76.55608449,3.41023723],[-76.55640032,3.41066695],[-76.55640969,3.41067969],[-76.55642082,3.41069561],[-76.55657368,3.41091425],[-76.55657026,3.41093742],[-76.55657018,3.41093758],[-76.5565701,3.41093773],[-76.55657001,3.41093788],[-76.55656993,3.41093803],[-76.55656984,3.41093818],[-76.55656975,3.41093833],[-76.55656966,3.41093848],[-76.55656958,3.41093863],[-76.55656949,3.41093877],[-76.5565694,3.41093892],[-76.55656931,3.41093907],[-76.55656921,3.41093922],[-76.55656912,3.41093936],[-76.55656903,3.41093951],[-76.55656894,3.41093966],[-76.55656884,3.4109398],[-76.55656875,3.41093994],[-76.55656865,3.41094009],[-76.55656855,3.41094023],[-76.55656846,3.41094038],[-76.55656836,3.41094052],[-76.55656826,3.41094066],[-76.55656816,3.4109408],[-76.55656806,3.41094094],[-76.55656796,3.41094108],[-76.55656786,3.41094122],[-76.55656775,3.41094136],[-76.55656765,3.4109415],[-76.55656755,3.41094164],[-76.55656744,3.41094178],[-76.55656734,3.41094192],[-76.55656723,3.41094205],[-76.55656713,3.41094219],[-76.55656702,3.41094232],[-76.55656691,3.41094246],[-76.5565668,3.41094259],[-76.55656669,3.41094273],[-76.55656658,3.41094286],[-76.55656647,3.41094299],[-76.55656636,3.41094313],[-76.55656625,3.41094326],[-76.55656614,3.41094339],[-76.55656602,3.41094352],[-76.55656591,3.41094365],[-76.55656579,3.41094378],[-76.55656568,3.41094391],[-76.55656556,3.41094404],[-76.55656545,3.41094416],[-76.55656533,3.41094429],[-76.55656521,3.41094442],[-76.55656509,3.41094454],[-76.55656497,3.41094467],[-76.55656485,3.41094479],[-76.55656473,3.41094492],[-76.55656461,3.41094504],[-76.55656449,3.41094516],[-76.55656437,3.41094529],[-76.55656424,3.41094541],[-76.55656412,3.41094553],[-76.556564,3.41094565],[-76.55656387,3.41094577],[-76.55656375,3.41094589],[-76.55656362,3.41094601],[-76.55656349,3.41094612],[-76.55656337,3.41094624],[-76.55656324,3.41094636],[-76.55656311,3.41094647],[-76.55656298,3.41094659],[-76.55656285,3.4109467],[-76.55656272,3.41094682],[-76.55656259,3.41094693],[-76.55656246,3.41094704],[-76.55656233,3.41094715],[-76.55656219,3.41094726],[-76.55656206,3.41094737],[-76.55640864,3.41106933],[-76.55636708,3.41110237],[-76.55636691,3.4111025],[-76.55636674,3.41110264],[-76.55636657,3.41110278],[-76.5563664,3.41110292],[-76.55636623,3.41110306],[-76.55636606,3.4111032],[-76.5563659,3.41110334],[-76.55636573,3.41110348],[-76.55636556,3.41110362],[-76.5563654,3.41110376],[-76.55636523,3.4111039],[-76.55636507,3.41110405],[-76.5563649,3.41110419],[-76.55636474,3.41110434],[-76.55636458,3.41110448],[-76.55636442,3.41110463],[-76.55636425,3.41110478],[-76.55636409,3.41110492],[-76.55636393,3.41110507],[-76.55636377,3.41110522],[-76.55636362,3.41110537],[-76.55636346,3.41110552],[-76.5563633,3.41110567],[-76.55636314,3.41110583],[-76.55636299,3.41110598],[-76.55636283,3.41110613],[-76.55636267,3.41110628],[-76.55636252,3.41110644],[-76.55636236,3.41110659],[-76.55636221,3.41110675],[-76.55636206,3.4111069],[-76.55636191,3.41110706],[-76.55636175,3.41110722],[-76.5563616,3.41110738],[-76.55636145,3.41110753],[-76.5563613,3.41110769],[-76.55636115,3.41110785],[-76.556361,3.41110801],[-76.55636086,3.41110817],[-76.55636071,3.41110833],[-76.55636056,3.4111085],[-76.55636042,3.41110866],[-76.55636027,3.41110882],[-76.55636013,3.41110899],[-76.55635998,3.41110915],[-76.55635984,3.41110932],[-76.5563597,3.41110948],[-76.55635955,3.41110965],[-76.55635941,3.41110981],[-76.55635927,3.41110998],[-76.55635913,3.41111015],[-76.55635899,3.41111032],[-76.55635886,3.41111049],[-76.55635872,3.41111066],[-76.55635858,3.41111083],[-76.55635844,3.411111],[-76.55635831,3.41111117],[-76.55635817,3.41111134],[-76.55635804,3.41111151],[-76.5563579,3.41111169],[-76.55635777,3.41111186],[-76.55635764,3.41111203],[-76.55635751,3.41111221],[-76.55635738,3.41111238],[-76.55635725,3.41111256],[-76.55635712,3.41111273],[-76.55635699,3.41111291],[-76.55635686,3.41111309],[-76.55635673,3.41111327],[-76.5563566,3.41111344],[-76.55635648,3.41111362],[-76.55635635,3.4111138],[-76.55635623,3.41111398],[-76.5563561,3.41111416],[-76.55635598,3.41111434],[-76.55635586,3.41111452],[-76.55635574,3.4111147],[-76.55635562,3.41111489],[-76.5563555,3.41111507],[-76.55635538,3.41111525],[-76.55635526,3.41111544],[-76.55635514,3.41111562],[-76.55635502,3.4111158],[-76.55635491,3.41111599],[-76.55635479,3.41111617],[-76.55635467,3.41111636],[-76.55635456,3.41111655],[-76.55635445,3.41111673],[-76.55635433,3.41111692],[-76.55635432,3.41111695],[-76.55635274,3.41113718],[-76.55635106,3.41115888],[-76.55635105,3.41118696],[-76.55635099,3.41127962],[-76.55635093,3.41139943],[-76.55634599,3.41171503],[-76.55631841,3.41176202],[-76.55625925,3.41176887],[-76.55581675,3.41176787],[-76.55578494,3.41175154],[-76.55577112,3.41172489],[-76.55577108,3.41172468],[-76.5557702,3.41171816],[-76.55577018,3.41171795],[-76.55576784,3.41170076],[-76.55576776,3.41170076],[-76.55576775,3.41168573]]]]},"geometry_name":"the_geom","properties":{"nombre":"COLEGIO EL AMPARO","localizaci":"KR 56 NO 1O 75","servicio":"EDUCACION","tipo":"COLEGIO","nivel":"EDUCACION BASICA MEDIA","propiedad":"PRIV","escala":"ZONAL","permanenci":"SI","estruc_eco":"NO","url1":null}},{"type":"Feature","id":"eqp_uco_educacion.3053","geometry":{"type":"MultiPolygon","coordinates":[[[[-76.55242542,3.41043384],[-76.55248343,3.4097269],[-76.55254486,3.4097331],[-76.55266364,3.40974308],[-76.55262492,3.41018214],[-76.55260226,3.41043859],[-76.55242542,3.41043384]]]]},"geometry_name":"the_geom","properties":{"nombre":"GUARDERIA Y HOGAR INFANTIL TAYANA","localizaci":"KR 56 NO 1B 211","servicio":"EDUCACION","tipo":"GUARDE","nivel":"EDUCACION PREESCOLAR","propiedad":"PRIV","escala":"LOCAL","permanenci":"NO","estruc_eco":"NO","url1":null}},{"type":"Feature","id":"eqp_uco_educacion.3054","geometry":{"type":"MultiPolygon","coordinates":[[[[-76.55131328,3.40517523],[-76.55124127,3.40516824],[-76.55124342,3.40514628],[-76.55124342,3.40514124],[-76.55125918,3.40499128],[-76.55126133,3.40497121],[-76.55133442,3.40497819],[-76.55131543,3.40514921],[-76.55131543,3.40515623],[-76.55131328,3.40517523]]]]},"geometry_name":"the_geom","properties":{"nombre":"ESCUELA MATERNAL DESCUBRIR","localizaci":"KR 61A NO2A 56","servicio":"EDUCACION","tipo":"GUARDE","nivel":"EDUCACION PREESCOLAR","propiedad":"PUB","escala":"LOCAL","permanenci":"NO","estruc_eco":"NO","url1":null}},{"type":"Feature","id":"eqp_uco_educacion.3055","geometry":{"type":"MultiPolygon","coordinates":[[[[-76.55530631,3.40705322],[-76.55530452,3.40707518],[-76.55512738,3.40705826],[-76.55513812,3.40694224],[-76.55518744,3.40694627],[-76.55531634,3.40695619],[-76.55530631,3.40705322]]]]},"geometry_name":"the_geom","properties":{"nombre":"ESCUELA PEQUENOS SONADORES","localizaci":"CL 1A NO 60 06","servicio":"EDUCACION","tipo":"GUARDE","nivel":"EDUCACION PREESCOLAR","propiedad":"PRIV","escala":"LOCAL","permanenci":"NO","estruc_eco":"NO","url1":null}},{"type":"Feature","id":"eqp_uco_educacion.3056","geometry":{"type":"MultiPolygon","coordinates":[[[[-76.54346725,3.40929579],[-76.54334914,3.40925589],[-76.54333438,3.40925086],[-76.5433351,3.40924789],[-76.54335918,3.40916984],[-76.5433761,3.40917487],[-76.54349205,3.40921081],[-76.5435151,3.40921881],[-76.54353238,3.40922375],[-76.54351908,3.4092648],[-76.54351333,3.40928082],[-76.54351225,3.40928379],[-76.54350434,3.40930882],[-76.54346725,3.40929579]]]]},"geometry_name":"the_geom","properties":{"nombre":"INSTITUTO PARA NIÑOS ARTISTAS ESCUELA  MATERNAL JARDIN INFANTIL  PILATUNAS","localizaci":"CL8G NO 51-82","servicio":"EDUCACION","tipo":"JARDININF","nivel":"EDUCACION PREESCOLAR","propiedad":"PRIV","escala":"LOCAL","permanenci":"NO","estruc_eco":"NO","url1":null}},{"type":"Feature","id":"eqp_uco_educacion.3057","geometry":{"type":"MultiPolygon","coordinates":[[[[-76.54523178,3.4059503],[-76.54523282,3.4060244],[-76.545172,3.40602567],[-76.54511692,3.40602669],[-76.54498603,3.40603047],[-76.54498524,3.40601404],[-76.54498251,3.40595695],[-76.54523178,3.4059503]]]]},"geometry_name":"the_geom","properties":{"nombre":"INSTITUTO  DE ESTIMULACION TEMPRANA /GUARDERIA TALLERES DE NIVELACION SUSAN LUDINGTONG.","localizaci":"CL7 NO 59A 30","servicio":"EDUCACION","tipo":"GUARDE","nivel":"EDUCACION PREESCOLAR","propiedad":"PRIV","escala":"LOCAL","permanenci":"NO","estruc_eco":"NO","url1":null}},{"type":"Feature","id":"eqp_uco_educacion.3058","geometry":{"type":"MultiPolygon","coordinates":[[[[-76.54544761,3.40557173],[-76.54544872,3.40563672],[-76.54544873,3.40565076],[-76.54544874,3.40566372],[-76.54525072,3.40566778],[-76.54525073,3.40567984],[-76.54522553,3.40568184],[-76.5452248,3.40567383],[-76.5452248,3.40567086],[-76.54522372,3.40566987],[-76.5451996,3.40567087],[-76.54497062,3.40567802],[-76.54496953,3.40566298],[-76.54496771,3.40562194],[-76.54496662,3.40559296],[-76.54496553,3.405571],[-76.54496444,3.40555399],[-76.54496153,3.405499],[-76.54496044,3.40548001],[-76.54519841,3.40547484],[-76.54521858,3.40547384],[-76.54522038,3.40547384],[-76.54522038,3.40547186],[-76.54522037,3.40545881],[-76.54525061,3.40545879],[-76.54525062,3.40547085],[-76.54525064,3.40551181],[-76.54525067,3.40557679],[-76.54544545,3.40557173],[-76.54544761,3.40557173]]]]},"geometry_name":"the_geom","properties":{"nombre":"ESCUELA 25 DE JULIO","localizaci":"CL 7A NO 59A 54","servicio":"EDUCACION","tipo":"ESCUELA","nivel":"EDUCACION BASICA","propiedad":"PRIV","escala":"LOCAL","permanenci":"NO","estruc_eco":"NO","url1":null}},{"type":"Feature","id":"eqp_uco_educacion.3059","geometry":{"type":"MultiPolygon","coordinates":[[[[-76.54373468,3.40276225],[-76.54372563,3.40267125],[-76.54372346,3.40264731],[-76.54388655,3.40262824],[-76.54397763,3.40261811],[-76.54395357,3.40273918],[-76.54391361,3.40274415],[-76.54373468,3.40276225]]]]},"geometry_name":"the_geom","properties":{"nombre":"ESUELA  DE AUTOMOVILISMO SURAMERICANA","localizaci":"CL9 NO 62A 49","servicio":"EDUCACION","tipo":"ESCCONDUCC","nivel":"EDUCACION NO FORMAL","propiedad":"PRIV","escala":"LOCAL","permanenci":"NO","estruc_eco":"NO","url1":null}},{"type":"Feature","id":"eqp_uco_educacion.3060","geometry":{"type":"MultiPolygon","coordinates":[[[[-76.54422793,3.4144953],[-76.54419878,3.41451035],[-76.54419085,3.41449433],[-76.5441458,3.41440534],[-76.54413967,3.41439337],[-76.54413283,3.41438932],[-76.54411482,3.41437736],[-76.54415583,3.41431533],[-76.54417564,3.41432837],[-76.5441778,3.41433233],[-76.54418177,3.41434034],[-76.54421997,3.4144143],[-76.54423871,3.41445029],[-76.544247,3.41446631],[-76.54425385,3.41448134],[-76.54422793,3.4144953]]]]},"geometry_name":"the_geom","properties":{"nombre":"JARDIN INFANTIL BILIKEN","localizaci":"CL7A NO 45 130","servicio":"EDUCACION","tipo":"JARDININF","nivel":"EDUCACION PREESCOLAR","propiedad":"PRIV","escala":"LOCAL","permanenci":"NO","estruc_eco":"NO","url1":null}},{"type":"Feature","id":"eqp_uco_educacion.3061","geometry":{"type":"MultiPolygon","coordinates":[[[[-76.54201049,3.41549735],[-76.54193563,3.41553942],[-76.54192663,3.41553844],[-76.5419205,3.41553241],[-76.54187757,3.4153544],[-76.5419096,3.41534646],[-76.54194056,3.41533844],[-76.5419456,3.41533744],[-76.54197044,3.4153314],[-76.54197946,3.4153674],[-76.54200255,3.41546342],[-76.54200364,3.41546837],[-76.54201049,3.41549735]]]]},"geometry_name":"the_geom","properties":{"nombre":"GUARDERIA LICEO PEDAGOGICO LIDERES","localizaci":"CL8 NO 45 09","servicio":"EDUCACION","tipo":"GUARDE","nivel":"EDUCACION PREESCOLAR","propiedad":"PRIV","escala":"LOCAL","permanenci":"NO","estruc_eco":"NO","url1":null}},{"type":"Feature","id":"eqp_uco_educacion.3062","geometry":{"type":"MultiPolygon","coordinates":[[[[-76.53993836,3.41204013],[-76.53981276,3.41239593],[-76.53979843,3.41243652],[-76.53916603,3.41221232],[-76.53930681,3.41181452],[-76.53933314,3.41182392],[-76.53993836,3.41204013]]]]},"geometry_name":"the_geom","properties":{"nombre":"COLEGIO CATOLICO","localizaci":"KR49 NO 9 42","servicio":"EDUCACION","tipo":"COLEGIO","nivel":"EDUCACION BASICA-EDUCACION MEDIA VOCACIONAL","propiedad":"PRIV","escala":"URBANA","permanenci":"SI","estruc_eco":"NO","url1":null}},{"type":"Feature","id":"eqp_uco_educacion.3063","geometry":{"type":"MultiPolygon","coordinates":[[[[-76.54201285,3.41714851],[-76.54194876,3.41712955],[-76.54195774,3.41709247],[-76.54195774,3.41709148],[-76.54194691,3.41704747],[-76.54193284,3.41698951],[-76.54193068,3.41697853],[-76.54191985,3.41693651],[-76.54191193,3.41692553],[-76.54190364,3.41691357],[-76.54195078,3.41686746],[-76.54196267,3.41687852],[-76.54196879,3.41688446],[-76.54197167,3.41688653],[-76.54197997,3.41692045],[-76.54198394,3.41693845],[-76.54198899,3.41696446],[-76.54199188,3.41697544],[-76.54199693,3.41699749],[-76.54200992,3.41705446],[-76.542024,3.41711844],[-76.542024,3.41711943],[-76.54201285,3.41714851]]]]},"geometry_name":"the_geom","properties":{"nombre":"LICEO BILINGÜE SESAME PLEACE","localizaci":"KR 44 NO 6A 116","servicio":"EDUCACION","tipo":"LICEO","nivel":"EDUCACION PREESCOLAR","propiedad":"PRIV","escala":"LOCAL","permanenci":"NO","estruc_eco":"NO","url1":null}},{"type":"Feature","id":"eqp_uco_educacion.3071","geometry":{"type":"MultiPolygon","coordinates":[[[[-76.55526415,3.4110324],[-76.55522923,3.41103242],[-76.55519503,3.41103145],[-76.5551403,3.41103148],[-76.55501825,3.41102956],[-76.55499413,3.41102957],[-76.55499516,3.41093858],[-76.55502396,3.41093856],[-76.55514998,3.41094048],[-76.55515106,3.41094048],[-76.55518202,3.41094046],[-76.55522306,3.41094143],[-76.55526518,3.4109414],[-76.55526415,3.4110324]]]]},"geometry_name":"the_geom","properties":{"nombre":"CENTRO DE ORIENTACION INFANTIL C.O.I","localizaci":"CL 1A NO 55B 50","servicio":"EDUCACION","tipo":"CENTPRE","nivel":"EDUCACION NO FORMAL","propiedad":"PRIV","escala":"LOCAL","permanenci":"NO","estruc_eco":"NO","url1":null}},{"type":"Feature","id":"eqp_uco_educacion.3072","geometry":{"type":"MultiPolygon","coordinates":[[[[-76.54801304,3.39840105],[-76.54800692,3.39840105],[-76.54793384,3.39839911],[-76.54788595,3.39839914],[-76.54785787,3.39839816],[-76.54785782,3.39829916],[-76.54789201,3.3982851],[-76.54804682,3.39828501],[-76.54804579,3.398368],[-76.54804581,3.39840103],[-76.54801304,3.39840105]]]]},"geometry_name":"the_geom","properties":{"nombre":"GUARDERIA Y JARDIN INFANTIL CONSTRUYENDO CAMINOS","localizaci":"CL 3D NO 65 116","servicio":"EDUCACION","tipo":"GUARDE","nivel":"EDUCACION PREESCOLAR","propiedad":"PRIV","escala":"LOCAL","permanenci":"NO","estruc_eco":"NO","url1":null}},{"type":"Feature","id":"eqp_uco_educacion.3073","geometry":{"type":"MultiPolygon","coordinates":[[[[-76.53734072,3.41823573],[-76.53733569,3.41825274],[-76.53724062,3.41822381],[-76.5372345,3.4182158],[-76.53723449,3.41820581],[-76.53728265,3.41804774],[-76.53728337,3.41804378],[-76.53728553,3.41803873],[-76.53730137,3.41804377],[-76.53739067,3.41807171],[-76.53737055,3.4181377],[-76.53736551,3.41815174],[-76.53736552,3.41815471],[-76.53736156,3.41816569],[-76.53734359,3.41822474],[-76.53734072,3.41823573]]]]},"geometry_name":"the_geom","properties":{"nombre":"LICEO INFANTIL PEQUENINES","localizaci":"CL 9D NO 42 10","servicio":"EDUCACION","tipo":"LICEO","nivel":"EDUCACION PREESCOLAR","propiedad":"PRIV","escala":"LOCAL","permanenci":"NO","estruc_eco":"NO","url1":null}},{"type":"Feature","id":"eqp_uco_educacion.3074","geometry":{"type":"MultiPolygon","coordinates":[[[[-76.5391187,3.41697875],[-76.53913954,3.41690971],[-76.53923389,3.41693864],[-76.53923389,3.41693765],[-76.53930756,3.41668955],[-76.53931942,3.41664958],[-76.53932662,3.41665156],[-76.53950379,3.41671249],[-76.53942185,3.41699551],[-76.53942077,3.41699551],[-76.53940891,3.41703755],[-76.53936795,3.41717861],[-76.53934279,3.41726359],[-76.53933776,3.41728159],[-76.53905185,3.41720272],[-76.53906084,3.41717472],[-76.53906299,3.41716878],[-76.53908492,3.4170947],[-76.5391187,3.41697875]]]]},"geometry_name":"the_geom","properties":{"nombre":"CENTRO EDUCACIONAL ADVENTISTA","localizaci":"KR 44 NO 9 25","servicio":"EDUCACION","tipo":"COLEGIO","nivel":"EDUCACION BASICA-EDUCACION MEDIA VOCACIONAL","propiedad":"PRIV","escala":"ZONAL","permanenci":"NO","estruc_eco":"NO","url1":null}},{"type":"Feature","id":"eqp_uco_educacion.3075","geometry":{"type":"MultiPolygon","coordinates":[[[[-76.55114075,3.4237166],[-76.55112994,3.42371264],[-76.55111266,3.42370761],[-76.55109177,3.4237006],[-76.55106765,3.42369359],[-76.55107663,3.42366659],[-76.55107879,3.42366065],[-76.55108382,3.42364462],[-76.55108382,3.42364363],[-76.55111365,3.4235456],[-76.55111689,3.4235366],[-76.55112659,3.42350356],[-76.55119573,3.42352557],[-76.55119861,3.42352656],[-76.55118891,3.42355852],[-76.55118891,3.4235596],[-76.55116878,3.4236236],[-76.55116483,3.42363756],[-76.55115368,3.42367258],[-76.55115081,3.42368356],[-76.55114075,3.4237166]]]]},"geometry_name":"the_geom","properties":{"nombre":"JARDIN INFANTIL PENSAMIENTOS CREATIVOS","localizaci":"KR 42 NO 2 29","servicio":"EDUCACION","tipo":"JARDININF","nivel":"EDUCACION PREESCOLAR","propiedad":"PRIV","escala":"LOCAL","permanenci":"NO","estruc_eco":"NO","url1":null}},{"type":"Feature","id":"eqp_uco_educacion.3076","geometry":{"type":"MultiPolygon","coordinates":[[[[-76.55196191,3.42528479],[-76.55189097,3.42527286],[-76.55189492,3.42525189],[-76.55191502,3.42513685],[-76.55191789,3.42511786],[-76.55192184,3.4250958],[-76.55193189,3.42503981],[-76.55194269,3.42504179],[-76.5519787,3.42504879],[-76.55200283,3.42505283],[-76.55196693,3.42525581],[-76.55196514,3.42526382],[-76.55196191,3.42528479]]]]},"geometry_name":"the_geom","properties":{"nombre":"LICEO NAZARETH","localizaci":"KR 39 NO 1 50","servicio":"EDUCACION","tipo":"LICEO","nivel":"EDUCACION BASICA","propiedad":"PUB","escala":"LOCAL","permanenci":"NO","estruc_eco":"NO","url1":null}},{"type":"Feature","id":"eqp_uco_educacion.3077","geometry":{"type":"MultiPolygon","coordinates":[[[[-76.55369564,3.41771258],[-76.55369523,3.41771394],[-76.55315759,3.41743259],[-76.55343886,3.4167343],[-76.55350205,3.41657863],[-76.55405015,3.41682827],[-76.5539822,3.41699833],[-76.55387325,3.41727038],[-76.55369564,3.41771258]]]]},"geometry_name":"the_geom","properties":{"nombre":"ESCUELA JUANA DE CAYCEDO Y CUERO","localizaci":"CL 1 OE No 50 85","servicio":"EDUCACION","tipo":"ESCUELA","nivel":"EDUCACION BASICA","propiedad":"PUB","escala":"ZONAL","permanenci":"NO","estruc_eco":"NO","url1":null}},{"type":"Feature","id":"eqp_uco_educacion.3078","geometry":{"type":"MultiPolygon","coordinates":[[[[-76.55281275,3.4161989],[-76.55280664,3.41621691],[-76.5527926,3.41621296],[-76.5525049,3.41707727],[-76.55249509,3.41707193],[-76.55249337,3.41707092],[-76.55201471,3.41682671],[-76.55100382,3.41630977],[-76.55151965,3.41518108],[-76.5515285,3.41516175],[-76.55158916,3.41518109],[-76.5519946,3.41531628],[-76.55325506,3.41572844],[-76.55326959,3.41573331],[-76.55308282,3.41628877],[-76.55281275,3.4161989]]]]},"geometry_name":"the_geom","properties":{"nombre":"COLEGIO DEPARTAMENTAL EUSTAQUIO PALACIOS","localizaci":"KR 52 NO 2 51","servicio":"EDUCACION","tipo":"COLEGIO","nivel":"EDUCACION BASICA-EDUCACION MEDIA VOCACIONAL","propiedad":"PUB","escala":"URBANA","permanenci":"SI","estruc_eco":"NO","url1":null}},{"type":"Feature","id":"eqp_uco_educacion.3079","geometry":{"type":"MultiPolygon","coordinates":[[[[-76.55234314,3.42204893],[-76.55233414,3.42204587],[-76.55224519,3.42201298],[-76.55221927,3.42200399],[-76.55223005,3.42197293],[-76.55224012,3.42194098],[-76.55224802,3.42191694],[-76.5523132,3.42193995],[-76.55232617,3.42194489],[-76.55233733,3.42194893],[-76.55234237,3.42195091],[-76.55238055,3.42196334],[-76.5523657,3.42205757],[-76.55234314,3.42204893]]]]},"geometry_name":"the_geom","properties":{"nombre":"JARDIN INFANTIL UN MUNDO DE ALEGRIA","localizaci":"CL 1A NO 43 51","servicio":"EDUCACION","tipo":"JARDININF","nivel":"EDUCACION PREESCOLAR","propiedad":"PRIV","escala":"LOCAL","permanenci":"NO","estruc_eco":"NO","url1":null}},{"type":"Feature","id":"eqp_uco_educacion.3080","geometry":{"type":"MultiPolygon","coordinates":[[[[-76.55008008,3.42135259],[-76.55002318,3.42133264],[-76.54998213,3.42131763],[-76.54988419,3.42128267],[-76.54991007,3.42120769],[-76.54991798,3.42118572],[-76.54999684,3.42121466],[-76.55001484,3.42122068],[-76.55014016,3.42126562],[-76.55016501,3.4212746],[-76.55013121,3.42137156],[-76.55008008,3.42135259]]]]},"geometry_name":"the_geom","properties":{"nombre":"JARDIN INFANTIL MORISUT ESCUELA MATERNAL","localizaci":"CL 3A NO 43 41","servicio":"EDUCACION","tipo":"JARDININF","nivel":"EDUCACION PREESCOLAR","propiedad":"PRIV","escala":"LOCAL","permanenci":"NO","estruc_eco":"NO","url1":null}},{"type":"Feature","id":"eqp_uco_educacion.3081","geometry":{"type":"MultiPolygon","coordinates":[[[[-76.55022611,3.4209745],[-76.55021602,3.42097153],[-76.55012276,3.42093756],[-76.55014001,3.42088859],[-76.55015403,3.42084853],[-76.55017488,3.42078956],[-76.55017488,3.42078857],[-76.55019465,3.4207315],[-76.55034085,3.42077741],[-76.55026608,3.42098851],[-76.55022611,3.4209745]]]]},"geometry_name":"the_geom","properties":{"nombre":"JARDIN INFANTIL LILIA ALZATE DE RAMIREEZ","localizaci":"ESQUINA KR 4  3A","servicio":"EDUCACION","tipo":"JARDININF","nivel":"EDUCACION PREESCOLAR","propiedad":"PRIV","escala":"LOCAL","permanenci":"NO","estruc_eco":"NO","url1":null}},{"type":"Feature","id":"eqp_uco_educacion.3082","geometry":{"type":"MultiPolygon","coordinates":[[[[-76.54949421,3.4211208],[-76.54934512,3.42106589],[-76.54921729,3.42101798],[-76.54922628,3.42099494],[-76.54923095,3.42097801],[-76.54924101,3.42095101],[-76.54936201,3.42099594],[-76.54936921,3.42099891],[-76.54951829,3.42105382],[-76.5495381,3.42106083],[-76.54951329,3.42112781],[-76.54949421,3.4211208]]]]},"geometry_name":"the_geom","properties":{"nombre":"ACADEMIA DE DANZAS","localizaci":"CL4 NO 43 59","servicio":"EDUCACION","tipo":"ESCMODA","nivel":"EDUCACION NO FORMAL","propiedad":"PRIV","escala":"LOCAL","permanenci":"NO","estruc_eco":"NO","url1":null}},{"type":"Feature","id":"eqp_uco_educacion.3083","geometry":{"type":"MultiPolygon","coordinates":[[[[-76.549589,3.4209218],[-76.5495642,3.42098985],[-76.54954295,3.42098186],[-76.54953107,3.42097691],[-76.54943312,3.42094096],[-76.54941296,3.42093395],[-76.54938811,3.42092398],[-76.54930709,3.42089495],[-76.54926711,3.42088003],[-76.54926783,3.42087598],[-76.54927682,3.42085203],[-76.54929084,3.42081296],[-76.549589,3.4209218]]]]},"geometry_name":"the_geom","properties":{"nombre":"LICEO CAÑAVERAL DE OCCIDENTE","localizaci":"CL4 NO 43 75","servicio":"EDUCACION","tipo":"LICEO","nivel":"EDUCACION BASICA","propiedad":"PRIV","escala":"LOCAL","permanenci":"NO","estruc_eco":"NO","url1":null}},{"type":"Feature","id":"eqp_uco_educacion.3084","geometry":{"type":"MultiPolygon","coordinates":[[[[-76.55214828,3.42331324],[-76.55206223,3.42329834],[-76.55195421,3.42327932],[-76.55189696,3.42326936],[-76.55188796,3.42326838],[-76.55182027,3.42325545],[-76.55183896,3.42319739],[-76.55184794,3.42316939],[-76.55195308,3.42318833],[-76.55195524,3.42318832],[-76.55197108,3.42319138],[-76.55207514,3.42320932],[-76.55207802,3.42321031],[-76.552163,3.42322727],[-76.55214828,3.42331324]]]]},"geometry_name":"the_geom","properties":{"nombre":"COLEGIO  INTECOSIS","localizaci":"CL1 NO 42 29","servicio":"EDUCACION","tipo":"COLEGIO","nivel":"EDUCACION BASICA-EDUCACION MEDIA VOCACIONAL","propiedad":"PRIV","escala":"LOCAL","permanenci":"NO","estruc_eco":"NO","url1":null}},{"type":"Feature","id":"eqp_uco_educacion.3085","geometry":{"type":"MultiPolygon","coordinates":[[[[-76.55224345,3.42278946],[-76.5522114,3.42278452],[-76.55217432,3.42277851],[-76.55215739,3.42277555],[-76.55215523,3.42277555],[-76.55204938,3.42275761],[-76.55198132,3.42274658],[-76.55198923,3.42272056],[-76.55199714,3.42269463],[-76.5519993,3.4226886],[-76.55200612,3.42266457],[-76.55204717,3.42267157],[-76.55204825,3.42267157],[-76.55206517,3.42267453],[-76.55216815,3.42269148],[-76.5522272,3.42270144],[-76.55225925,3.42270646],[-76.55224345,3.42278946]]]]},"geometry_name":"the_geom","properties":{"nombre":"JARDIN INFANTIL MI MUNDO","localizaci":"CL 1A NO 42 51","servicio":"EDUCACION","tipo":"JARDININF","nivel":"EDUCACION PREESCOLAR","propiedad":"PRIV","escala":"LOCAL","permanenci":"NO","estruc_eco":"NO","url1":null}},{"type":"Feature","id":"eqp_uco_educacion.3086","geometry":{"type":"MultiPolygon","coordinates":[[[[-76.55132702,3.4233593],[-76.55112717,3.42329542],[-76.55113508,3.42327246],[-76.55116384,3.4231954],[-76.55119481,3.42320637],[-76.55133993,3.42325831],[-76.55134605,3.42326128],[-76.55137702,3.42327026],[-76.5513781,3.42326927],[-76.55135006,3.42334831],[-76.55134106,3.42335633],[-76.5513299,3.4233593],[-76.55132702,3.4233593]]]]},"geometry_name":"the_geom","properties":{"nombre":"SALA MATERNAL TRAVESURAS EN PAÑALES.","localizaci":"KR 42 NO 2 10","servicio":"EDUCACION","tipo":"JARDININF","nivel":"EDUCACION PREESCOLAR","propiedad":"PRIV","escala":"LOCAL","permanenci":"NO","estruc_eco":"NO","url1":null}},{"type":"Feature","id":"eqp_uco_educacion.3087","geometry":{"type":"MultiPolygon","coordinates":[[[[-76.55384398,3.39749064],[-76.55380006,3.39749067],[-76.55368701,3.39749172],[-76.55368377,3.39749172],[-76.55368377,3.39748776],[-76.55368871,3.39730774],[-76.55368871,3.3973027],[-76.55369084,3.39725374],[-76.55369084,3.3972397],[-76.5536926,3.39717571],[-76.55369366,3.3971397],[-76.55369473,3.39711477],[-76.55369472,3.39709371],[-76.55369578,3.39706176],[-76.55369578,3.39705969],[-76.55369969,3.39696374],[-76.55370146,3.3969047],[-76.55370146,3.39690371],[-76.55413673,3.39688646],[-76.55413468,3.39709446],[-76.55412912,3.39748851],[-76.55384398,3.39749064]]]]},"geometry_name":"the_geom","properties":{"nombre":"COLEGIO COMUNITARIO INDUSTRIAL Y DE COMERCIO Y JARDIN INFANTIL","localizaci":"KR 66A NO 1C 20","servicio":"EDUCACION","tipo":"COLEGIO","nivel":"EDUCACION PREESCOLAR_EDUCACION BASICA_EDUCACION MEDIA VOCACIONAL","propiedad":"PUB","escala":"LOCAL","permanenci":"NO","estruc_eco":"NO","url1":null}},{"type":"Feature","id":"eqp_uco_educacion.3088","geometry":{"type":"MultiPolygon","coordinates":[[[[-76.55065703,3.42258816],[-76.55063794,3.42258115],[-76.55056916,3.42255617],[-76.55054396,3.42254718],[-76.55050506,3.42253316],[-76.55054209,3.42243116],[-76.55060187,3.42245318],[-76.55060907,3.42245615],[-76.55069586,3.42248706],[-76.55073583,3.42250108],[-76.55077112,3.42251403],[-76.55074991,3.42257308],[-76.55073517,3.42261611],[-76.55071716,3.42261009],[-76.550697,3.42260209],[-76.55065703,3.42258816]]]]},"geometry_name":"the_geom","properties":{"nombre":"JARDIN INFANTIL PIRUETAS","localizaci":"CL1A NO 42 50","servicio":"EDUCACION","tipo":"JARDININF","nivel":"EDUCACION PREESCOLAR","propiedad":"PRIV","escala":"LOCAL","permanenci":"NO","estruc_eco":"NO","url1":null}},{"type":"Feature","id":"eqp_uco_educacion.3207","geometry":{"type":"MultiPolygon","coordinates":[[[[-76.49910486,3.4261203],[-76.49903174,3.42604132],[-76.49908571,3.42599134],[-76.49915776,3.42607131],[-76.49910486,3.4261203]]]]},"geometry_name":"the_geom","properties":{"nombre":"INSTITUTO GOLDA MEIR","localizaci":"CL 72 NO 28D3 84","servicio":"EDUCACION","tipo":"CENTEDUC","nivel":"EDUCACION TECNICA","propiedad":"PRIV","escala":"LOCAL","permanenci":"NO","estruc_eco":"NO","url1":null}},{"type":"Feature","id":"eqp_uco_educacion.3089","geometry":{"type":"MultiPolygon","coordinates":[[[[-76.55394718,3.40048427],[-76.55393492,3.40045026],[-76.55393096,3.40044126],[-76.55388481,3.40031825],[-76.55387399,3.40028828],[-76.55387183,3.40028333],[-76.55386101,3.40025526],[-76.55394311,3.40026223],[-76.553955,3.40029625],[-76.553977,3.40035528],[-76.55399719,3.40040927],[-76.55401521,3.40045823],[-76.55394718,3.40048427]]]]},"geometry_name":"the_geom","properties":{"nombre":"COLEGIO MATERNO INFANTIL PABLO FREIRE","localizaci":"KR 64 NO 1B 29","servicio":"EDUCACION","tipo":"COLEGIO","nivel":"EDUCACION PREESCOLAR","propiedad":"PUB","escala":"LOCAL","permanenci":"NO","estruc_eco":"NO","url1":null}},{"type":"Feature","id":"eqp_uco_educacion.3090","geometry":{"type":"MultiPolygon","coordinates":[[[[-76.55326287,3.39804101],[-76.55322402,3.3980971],[-76.55322793,3.39801007],[-76.55324392,3.39761008],[-76.55338398,3.397619],[-76.5533847,3.397619],[-76.5533847,3.39761],[-76.55341566,3.39761196],[-76.55341674,3.39761898],[-76.55363997,3.39762481],[-76.55390603,3.3976387],[-76.55390175,3.39771467],[-76.55389504,3.39795373],[-76.55390116,3.39795372],[-76.55390117,3.39797073],[-76.55390118,3.39799675],[-76.55389797,3.39805075],[-76.55339895,3.39801097],[-76.55331506,3.39800399],[-76.5532949,3.39800301],[-76.55328986,3.39800202],[-76.55326287,3.39804101]]]]},"geometry_name":"the_geom","properties":{"nombre":"COLEGIO CAYCEDO","localizaci":"KR 66A  CL 2A ESQUINA","servicio":"EDUCACION","tipo":"COLEGIO","nivel":"EDUCACION BASICA","propiedad":"PUB","escala":"LOCAL","permanenci":"NO","estruc_eco":"NO","url1":null}},{"type":"Feature","id":"eqp_uco_educacion.3091","geometry":{"type":"MultiPolygon","coordinates":[[[[-76.54957921,3.39768027],[-76.54955508,3.3976793],[-76.54953204,3.39767931],[-76.54942295,3.39767838],[-76.54938407,3.3976784],[-76.54938508,3.39755635],[-76.54942397,3.39755633],[-76.54952406,3.39755727],[-76.54953594,3.39755726],[-76.54953918,3.39755726],[-76.54955718,3.39755725],[-76.54955898,3.39755725],[-76.54957914,3.39755724],[-76.5495799,3.39763329],[-76.54957921,3.39768027]]]]},"geometry_name":"the_geom","properties":{"nombre":"ACADEMIA INTEGRAL","localizaci":"CL 3A NO 66 42","servicio":"EDUCACION","tipo":"INSTEDUCI","nivel":"EDUCACION NO FORMAL","propiedad":"PRIV","escala":"LOCAL","permanenci":"NO","estruc_eco":"NO","url1":null}},{"type":"Feature","id":"eqp_uco_educacion.3092","geometry":{"type":"MultiPolygon","coordinates":[[[[-76.54953594,3.39755693],[-76.54952406,3.39755694],[-76.54942397,3.397556],[-76.54938508,3.39755602],[-76.54938504,3.39747708],[-76.54938504,3.39746502],[-76.54953589,3.39746593],[-76.54953594,3.39755693]]]]},"geometry_name":"the_geom","properties":{"nombre":"LICEO¨CHICORIO - CHICORIA¨.","localizaci":"CL 3A NO 66 54","servicio":"EDUCACION","tipo":"LICEO","nivel":"EDUCACION PREESCOLAR_EDUCACION BASICA","propiedad":"PRIV","escala":"LOCAL","permanenci":"NO","estruc_eco":"NO","url1":null}},{"type":"Feature","id":"eqp_uco_educacion.3093","geometry":{"type":"MultiPolygon","coordinates":[[[[-76.54886037,3.39923124],[-76.54886318,3.39910226],[-76.54889918,3.39910323],[-76.54901727,3.39910515],[-76.54903132,3.39910514],[-76.54905508,3.39910513],[-76.54905331,3.39916516],[-76.54905226,3.39923114],[-76.54894137,3.3992312],[-76.54886037,3.39923124]]]]},"geometry_name":"the_geom","properties":{"nombre":"JARDIN INFANTIL MIS PRIMERAS LETRAS","localizaci":"CL 3B NO 63 40","servicio":"EDUCACION","tipo":"JARDININF","nivel":"EDUCACION PREESCOLAR","propiedad":"PRIV","escala":"LOCAL","permanenci":"NO","estruc_eco":"NO","url1":null}},{"type":"Feature","id":"eqp_uco_educacion.3094","geometry":{"type":"MultiPolygon","coordinates":[[[[-76.55002365,3.39890324],[-76.54990376,3.39890033],[-76.54988179,3.39890034],[-76.54988066,3.39879333],[-76.55002575,3.39879721],[-76.55002468,3.39882223],[-76.55002469,3.39882628],[-76.55002469,3.39883924],[-76.55002365,3.39890324]]]]},"geometry_name":"the_geom","properties":{"nombre":"TALLER CREATIVO CREANDO TRANSFORMAREMOS EL MUNDO","localizaci":"CL 3B NO 65A 40","servicio":"EDUCACION","tipo":"TALLINF","nivel":"EDUCACION PREESCOLAR","propiedad":"PRIV","escala":"LOCAL","permanenci":"NO","estruc_eco":"NO","url1":null}},{"type":"Feature","id":"eqp_uco_educacion.3095","geometry":{"type":"MultiPolygon","coordinates":[[[[-76.55031411,3.39811562],[-76.55024282,3.39811466],[-76.55024281,3.39808271],[-76.55024379,3.39790171],[-76.55024379,3.39789064],[-76.55024378,3.39787066],[-76.55024376,3.39784069],[-76.55032189,3.3978456],[-76.55031871,3.39795666],[-76.55031801,3.39799267],[-76.55031482,3.39808465],[-76.55031411,3.39811562]]]]},"geometry_name":"the_geom","properties":{"nombre":"COLEGIO EL AMOR","localizaci":"KR 66 CL 2C","servicio":"EDUCACION","tipo":"COLEGIO","nivel":"EDUCACION BASICA MEDIA","propiedad":"PRIV","escala":"LOCAL","permanenci":"NO","estruc_eco":"NO","url1":null}},{"type":"Feature","id":"eqp_uco_educacion.3096","geometry":{"type":"MultiPolygon","coordinates":[[[[-76.55194193,3.39648779],[-76.55196883,3.39684211],[-76.551864,3.39684983],[-76.55158823,3.39686798],[-76.55156511,3.39673199],[-76.55151378,3.39633195],[-76.55151377,3.39632601],[-76.55151224,3.39630088],[-76.5519145,3.39624677],[-76.55193579,3.39643775],[-76.55193579,3.39644081],[-76.55194193,3.39648779]]]]},"geometry_name":"the_geom","properties":{"nombre":"COLEGIO SAN JOSE-SIERVAS DEL SANTISMO Y DE LOS CAIDOS","localizaci":"CL 2B NO 66 46","servicio":"EDUCACION","tipo":"COLEGIO","nivel":"EDUCACION BASICA-EDUCACION MEDIA VOCACIONAL","propiedad":"PRIV","escala":"ZONAL","permanenci":"SI","estruc_eco":"NO","url1":null}},{"type":"Feature","id":"eqp_uco_educacion.3097","geometry":{"type":"MultiPolygon","coordinates":[[[[-76.55123018,3.39591504],[-76.5512262,3.39587706],[-76.5512244,3.395865],[-76.55121608,3.39578805],[-76.55121426,3.39576105],[-76.55120811,3.39571101],[-76.55130532,3.39570097],[-76.55132739,3.39590194],[-76.55130219,3.39590501],[-76.55129246,3.39590601],[-76.55126942,3.39590899],[-76.55123018,3.39591504]]]]},"geometry_name":"the_geom","properties":{"nombre":"LICEO INFANTIL Y GUARDERIA LA CASITA DE KAROL","localizaci":"KR 67 NO 2B 05","servicio":"EDUCACION","tipo":"LICEO","nivel":"EDUCACION PREESCOLAR","propiedad":"PRIV","escala":"LOCAL","permanenci":"NO","estruc_eco":"NO","url1":null}},{"type":"Feature","id":"eqp_uco_educacion.3098","geometry":{"type":"MultiPolygon","coordinates":[[[[-76.55353472,3.41103227],[-76.55371885,3.41091198],[-76.55373007,3.41093941],[-76.5537372,3.41096905],[-76.55387128,3.41090955],[-76.55388402,3.41104334],[-76.55379127,3.41104628],[-76.55364281,3.41115481],[-76.55353472,3.41103227]]]]},"geometry_name":"the_geom","properties":{"nombre":"MATERNAL BAM BAM","localizaci":"CL 1B NO 55 15","servicio":"EDUCACION","tipo":"GUARDE","nivel":"EDUCACION PREESCOLAR","propiedad":"PUB","escala":"LOCAL","permanenci":"NO","estruc_eco":"NO","url1":null}},{"type":"Feature","id":"eqp_uco_educacion.3099","geometry":{"type":"MultiPolygon","coordinates":[[[[-76.56109295,3.41474303],[-76.56104291,3.41475206],[-76.56103785,3.41472299],[-76.5610151,3.41459105],[-76.56100896,3.41455406],[-76.56100679,3.41454606],[-76.56100499,3.41453103],[-76.56105575,3.41452101],[-76.56105791,3.414531],[-76.56107381,3.414629],[-76.56108789,3.41471297],[-76.56109295,3.41474303]]]]},"geometry_name":"the_geom","properties":{"nombre":"LICEO MI NUEVO MUNDO","localizaci":"DG 51 O NO 10-45","servicio":"EDUCACION","tipo":"LICEO","nivel":"EDUCACION PREESCOLAR","propiedad":"PRIV","escala":"LOCAL","permanenci":"NO","estruc_eco":"NO","url1":null}},{"type":"Feature","id":"eqp_uco_educacion.3100","geometry":{"type":"MultiPolygon","coordinates":[[[[-76.55536559,3.4151131],[-76.55532958,3.41510412],[-76.55521652,3.41507421],[-76.55517835,3.41506424],[-76.55519847,3.41499618],[-76.5552316,3.41500517],[-76.55523664,3.41500615],[-76.55533638,3.41503211],[-76.55535655,3.41503813],[-76.55537167,3.41504208],[-76.55538463,3.41504513],[-76.55537852,3.4150671],[-76.55537349,3.4150851],[-76.55536559,3.4151131]]]]},"geometry_name":"the_geom","properties":{"nombre":"LICEO SENDEROS DE LUZ","localizaci":"CL 1 NO 52-124","servicio":"EDUCACION","tipo":"LICEO","nivel":"EDUCACION PREESCOLAR","propiedad":"PRIV","escala":"LOCAL","permanenci":"NO","estruc_eco":"NO","url1":null}},{"type":"Feature","id":"eqp_uco_educacion.3101","geometry":{"type":"MultiPolygon","coordinates":[[[[-76.55698384,3.4151],[-76.55694892,3.415093],[-76.55690679,3.41508402],[-76.55691074,3.41506008],[-76.55691469,3.41503803],[-76.55691576,3.415032],[-76.55709796,3.41506592],[-76.5570879,3.41512092],[-76.55698384,3.4151]]]]},"geometry_name":"the_geom","properties":{"nombre":"JARDIN INFANTIL MIS TRAVESURAS","localizaci":"CL5D NO 53-31","servicio":"EDUCACION","tipo":"JARDININF","nivel":"EDUCACION PREESCOLAR","propiedad":"PRIV","escala":"LOCAL","permanenci":"NO","estruc_eco":"NO","url1":null}},{"type":"Feature","id":"eqp_uco_educacion.3102","geometry":{"type":"MultiPolygon","coordinates":[[[[-76.55611668,3.4154808],[-76.55615258,3.41530078],[-76.55622748,3.41531577],[-76.55621456,3.41539777],[-76.55620954,3.4154308],[-76.55619877,3.41549975],[-76.55611668,3.4154808]]]]},"geometry_name":"the_geom","properties":{"nombre":"COLEGIO LIGIA RESTREPO","localizaci":"KR 53A NO 3-10","servicio":"EDUCACION","tipo":"COLEGIO","nivel":"EDUCACION BASICA MEDIA","propiedad":"PRIV","escala":"LOCAL","permanenci":"NO","estruc_eco":"NO","url1":null}},{"type":"Feature","id":"eqp_uco_educacion.3103","geometry":{"type":"MultiPolygon","coordinates":[[[[-76.55664211,3.41406135],[-76.55663095,3.41405632],[-76.55654993,3.41402639],[-76.55643109,3.41398244],[-76.5564811,3.41390744],[-76.55648182,3.41390537],[-76.5564991,3.41391337],[-76.55653403,3.4139264],[-76.55662514,3.4139583],[-76.55662802,3.41395929],[-76.55669103,3.41398131],[-76.55666513,3.41402327],[-76.55664211,3.41406135]]]]},"geometry_name":"the_geom","properties":{"nombre":"LICEO CERROS DEL VALLE","localizaci":"CL 3 NO 53A-16","servicio":"EDUCACION","tipo":"LICEO","nivel":"EDUCACION BASICA","propiedad":"PRIV","escala":"LOCAL","permanenci":"NO","estruc_eco":"NO","url1":null}},{"type":"Feature","id":"eqp_uco_educacion.3104","geometry":{"type":"MultiPolygon","coordinates":[[[[-76.55587336,3.41514235],[-76.55581827,3.4151314],[-76.55585021,3.41493634],[-76.55590422,3.41494828],[-76.55590423,3.41495233],[-76.5558992,3.41498231],[-76.55587336,3.41514235]]]]},"geometry_name":"the_geom","properties":{"nombre":"LICEO CAÑAVERAL DE OCCIDENTE","localizaci":"KR 53 NO 21-17","servicio":"EDUCACION","tipo":"LICEO","nivel":"EDUCACION BASICA","propiedad":"PRIV","escala":"LOCAL","permanenci":"NO","estruc_eco":"NO","url1":null}},{"type":"Feature","id":"eqp_uco_educacion.3105","geometry":{"type":"MultiPolygon","coordinates":[[[[-76.55676925,3.41393429],[-76.55669439,3.41397933],[-76.55669331,3.41398131],[-76.55663029,3.41395929],[-76.55662741,3.4139583],[-76.55653631,3.4139264],[-76.55650138,3.41391337],[-76.55648409,3.41390537],[-76.55648625,3.41390339],[-76.5565431,3.41384134],[-76.55654526,3.41383837],[-76.55655822,3.41384331],[-76.55665329,3.41388233],[-76.55676925,3.41393429]]]]},"geometry_name":"the_geom","properties":{"nombre":"CASA ESCUELA COMUNAL","localizaci":"CL 3 NO 53A-20","servicio":"EDUCACION","tipo":"ESCUELA","nivel":"EDUCACION PREESCOLAR","propiedad":"PUB","escala":"LOCAL","permanenci":"NO","estruc_eco":"NO","url1":null}},{"type":"Feature","id":"eqp_uco_educacion.3106","geometry":{"type":"MultiPolygon","coordinates":[[[[-76.5573441,3.41545462],[-76.55733301,3.41551444],[-76.55711784,3.41546606],[-76.55712822,3.41540902],[-76.5573441,3.41545462]]]]},"geometry_name":"the_geom","properties":{"nombre":"ESCUELA TALLER FEDERICO OZANA","localizaci":"CL 50E NO 51D-38","servicio":"EDUCACION","tipo":"ESCUELA","nivel":"EDUCACION NO FORMAL","propiedad":"PRIV","escala":"LOCAL","permanenci":"NO","estruc_eco":"NO","url1":null}},{"type":"Feature","id":"eqp_uco_educacion.3107","geometry":{"type":"MultiPolygon","coordinates":[[[[-76.56133149,3.41489847],[-76.56152856,3.41494809],[-76.56165921,3.41499146],[-76.56163838,3.41507222],[-76.56132475,3.41498371],[-76.56133149,3.41489847]]]]},"geometry_name":"the_geom","properties":{"nombre":"COLEGIO JUAN PABLO II","localizaci":"DG 51 O NO 10-56","servicio":"EDUCACION","tipo":"COLEGIO","nivel":"EDUCACION BASICA MEDIA","propiedad":"PRIV","escala":"LOCAL","permanenci":"NO","estruc_eco":"NO","url1":null}},{"type":"Feature","id":"eqp_uco_educacion.3108","geometry":{"type":"MultiPolygon","coordinates":[[[[-76.56471009,3.41238812],[-76.56467629,3.41213209],[-76.56465098,3.41195276],[-76.56461469,3.41176982],[-76.56456618,3.41154321],[-76.56452803,3.41135649],[-76.56451965,3.41110936],[-76.56452054,3.41110986],[-76.56463425,3.4110102],[-76.56483182,3.41094089],[-76.56488889,3.41091651],[-76.56499531,3.41089481],[-76.56500588,3.41092633],[-76.56523089,3.41094191],[-76.56545751,3.41096448],[-76.56552467,3.41095367],[-76.56554001,3.4109512],[-76.56554399,3.41096694],[-76.56557871,3.41110429],[-76.56566904,3.41139865],[-76.5656885,3.4114845],[-76.56575891,3.41186701],[-76.5658474,3.41232352],[-76.56578868,3.41233543],[-76.56550121,3.41238797],[-76.56549035,3.41232142],[-76.56541965,3.41233288],[-76.56541951,3.41235192],[-76.5651804,3.41238477],[-76.56484916,3.41242147],[-76.56485365,3.41246851],[-76.56472133,3.41247811],[-76.56471985,3.41246954],[-76.5647195,3.41246751],[-76.56471018,3.41238884],[-76.56471009,3.41238812]]]]},"geometry_name":"the_geom","properties":{"nombre":"CIUDADELA LA NIÑA","localizaci":"DG 51 OESTE NO 14-103","servicio":"EDUCACION","tipo":"COLEGIO","nivel":"EDUCACION NO FORMAL","propiedad":"PRIV","escala":"ZONAL","permanenci":"SI","estruc_eco":"NO","url1":null}},{"type":"Feature","id":"eqp_uco_educacion.3130","geometry":{"type":"MultiPolygon","coordinates":[[[[-76.50797217,3.41572289],[-76.50763311,3.41604411],[-76.50741209,3.41581368],[-76.50774409,3.41548856],[-76.50797217,3.41572289]]]]},"geometry_name":"the_geom","properties":{"nombre":"CECÁN. CORPORACION CIVICA DANIEL GILLARD","localizaci":"KR 39D CL 40 ESQUINA","servicio":"EDUCACION","tipo":"CENTDOC","nivel":"EDUCACION TECNICA","propiedad":"PUB","escala":"ZONAL","permanenci":"SI","estruc_eco":"NO","url1":null}},{"type":"Feature","id":"eqp_uco_educacion.3109","geometry":{"type":"MultiPolygon","coordinates":[[[[-76.52532237,3.42335838],[-76.52535475,3.42335693],[-76.52537787,3.42377215],[-76.52536954,3.42377232],[-76.52537017,3.42378557],[-76.52537666,3.42392181],[-76.52537807,3.42395151],[-76.5253826,3.42404663],[-76.52502623,3.42406304],[-76.52480866,3.42407353],[-76.52479088,3.42383972],[-76.52501362,3.42382767],[-76.5250108,3.42377324],[-76.52500953,3.42374879],[-76.52500791,3.42371764],[-76.52500709,3.42370959],[-76.52500745,3.42370882],[-76.52500511,3.42366485],[-76.52500455,3.42365436],[-76.5250022,3.42361008],[-76.52499936,3.42355684],[-76.52499656,3.42350416],[-76.5249936,3.42344856],[-76.52498959,3.42337326],[-76.52523047,3.42336249],[-76.52532237,3.42335838]]]]},"geometry_name":"the_geom","properties":{"nombre":"CENTRO DOCENTE NO 126 I. CASTILLA","localizaci":"CL15 CR 33 82","servicio":"EDUCACION","tipo":"CENTDOC","nivel":"EDUCACION BASICA-EDUCACION MEDIA VOCACIONAL","propiedad":"PUB","escala":"LOCAL","permanenci":"NO","estruc_eco":"NO","url1":null}},{"type":"Feature","id":"eqp_uco_educacion.3110","geometry":{"type":"MultiPolygon","coordinates":[[[[-76.52503063,3.42832255],[-76.52478419,3.42833898],[-76.5247815,3.42828502],[-76.52502705,3.42826706],[-76.52503063,3.42832255]]]]},"geometry_name":"the_geom","properties":{"nombre":"JARDIN INFANTIL LAS NANITAS","localizaci":"KR 31  CL 6 17","servicio":"EDUCACION","tipo":"JARDININF","nivel":"EDUCACION PREESCOLAR","propiedad":"PRIV","escala":"LOCAL","permanenci":"NO","estruc_eco":"NO","url1":null}},{"type":"Feature","id":"eqp_uco_educacion.3111","geometry":{"type":"MultiPolygon","coordinates":[[[[-76.52089048,3.42387146],[-76.52140968,3.42393301],[-76.5213733,3.42422282],[-76.52136514,3.42428777],[-76.52084642,3.4242793],[-76.52085253,3.42422278],[-76.52089048,3.42387146]]]]},"geometry_name":"the_geom","properties":{"nombre":"CENTRO DOCENTE NO 63 CAICEDO Y CUERO","localizaci":"CL23 KR 32A 79","servicio":"EDUCACION","tipo":"CENTDOC","nivel":"EDUCACION BASICA-EDUCACION MEDIA VOCACIONAL","propiedad":"PUB","escala":"LOCAL","permanenci":"NO","estruc_eco":"NO","url1":null}},{"type":"Feature","id":"eqp_uco_educacion.3112","geometry":{"type":"MultiPolygon","coordinates":[[[[-76.52564421,3.425529],[-76.52523234,3.42554821],[-76.52522726,3.42546127],[-76.52521199,3.42518118],[-76.52520011,3.42518227],[-76.52519713,3.4250082],[-76.52527922,3.42500518],[-76.52561908,3.42498898],[-76.52562417,3.42508798],[-76.52563437,3.42529598],[-76.52563838,3.42539399],[-76.52563947,3.42541001],[-76.52564421,3.425529]]]]},"geometry_name":"the_geom","properties":{"nombre":"ESCUELA SAN ROQUE","localizaci":"CL 16 KR 32A 17","servicio":"EDUCACION","tipo":"ESCUELA","nivel":"EDUCACION BASICA-EDUCACION MEDIA VOCACIONAL","propiedad":"PRIV","escala":"ZONAL","permanenci":"NO","estruc_eco":"NO","url1":null}},{"type":"Feature","id":"eqp_uco_educacion.3113","geometry":{"type":"MultiPolygon","coordinates":[[[[-76.53360302,3.42108176],[-76.53354216,3.42106181],[-76.53354827,3.42104282],[-76.5335551,3.42101977],[-76.53356912,3.42097881],[-76.53357199,3.42096783],[-76.53359392,3.42090175],[-76.53359608,3.42089275],[-76.53360003,3.42087979],[-76.53366088,3.42089974],[-76.53365693,3.4209127],[-76.53365406,3.42092278],[-76.53360805,3.42106573],[-76.53360302,3.42108176]]]]},"geometry_name":"the_geom","properties":{"nombre":"INSTITUCION NUESTRA SENORA DEL PERPETUO SOCORRO","localizaci":"KR 38A CL 10 129","servicio":"EDUCACION","tipo":"CENTEDUC","nivel":"EDUCACION BASICA-EDUCACION MEDIA VOCACIONAL","propiedad":"PRIV","escala":"LOCAL","permanenci":"NO","estruc_eco":"NO","url1":null}},{"type":"Feature","id":"eqp_uco_educacion.3114","geometry":{"type":"MultiPolygon","coordinates":[[[[-76.52074346,3.43262772],[-76.5207434,3.43250477],[-76.52074447,3.4324937],[-76.5208064,3.4324907],[-76.52080755,3.43262867],[-76.52074346,3.43262772]]]]},"geometry_name":"the_geom","properties":{"nombre":"LICEO LAS ACACIAS","localizaci":"KR 25 CL 19B 27","servicio":"EDUCACION","tipo":"LICEO","nivel":"EDUCACION BASICA-EDUCACION MEDIA VOCACIONAL","propiedad":"PRIV","escala":"LOCAL","permanenci":"NO","estruc_eco":"NO","url1":null}},{"type":"Feature","id":"eqp_uco_educacion.3115","geometry":{"type":"MultiPolygon","coordinates":[[[[-76.53149394,3.42134203],[-76.5312479,3.42209572],[-76.53124311,3.42210839],[-76.53048548,3.42186977],[-76.5307437,3.42107334],[-76.53149394,3.42134203]]]]},"geometry_name":"the_geom","properties":{"nombre":"INSTITUCION EDUCATIVA NORMAL SUPERIOR SANTIAGO DE CALI","localizaci":"CL 13 ENTRE KR 36 Y 37","servicio":"EDUCACION","tipo":"CENTEDUC","nivel":"EDUCACION BASICA-EDUCACION MEDIA VOCACIONAL","propiedad":"PUB","escala":"ZONAL","permanenci":"NO","estruc_eco":"NO","url1":null}},{"type":"Feature","id":"eqp_uco_educacion.3116","geometry":{"type":"MultiPolygon","coordinates":[[[[-76.52472239,3.42709067],[-76.5247213,3.42707366],[-76.52471912,3.42703667],[-76.52471403,3.42692867],[-76.52477019,3.42692567],[-76.5247742,3.42701468],[-76.52477529,3.42704465],[-76.52477711,3.4270847],[-76.52472239,3.42709067]]]]},"geometry_name":"the_geom","properties":{"nombre":"JARDIN INFANTIL LAS NANITAS","localizaci":"KR 31  CL 6 17","servicio":"EDUCACION","tipo":"JARDININF","nivel":"EDUCACION PREESCOLAR","propiedad":"PRIV","escala":"LOCAL","permanenci":"NO","estruc_eco":"NO","url1":null}},{"type":"Feature","id":"eqp_uco_educacion.3117","geometry":{"type":"MultiPolygon","coordinates":[[[[-76.52408996,3.42894228],[-76.52408887,3.42892329],[-76.52408195,3.42877928],[-76.52408195,3.42877424],[-76.52408086,3.4287593],[-76.52414278,3.42875621],[-76.52414387,3.42877223],[-76.52414895,3.4288472],[-76.52415004,3.42886727],[-76.52415295,3.42892128],[-76.52410688,3.42893723],[-76.52408996,3.42894228]]]]},"geometry_name":"the_geom","properties":{"nombre":"LICEO INFANTIL REINO MAGICO","localizaci":"KR 29A  CL17- 27","servicio":"EDUCACION","tipo":"LICEO","nivel":"EDUCACION PREESCOLAR","propiedad":"PRIV","escala":"LOCAL","permanenci":"NO","estruc_eco":"NO","url1":null}},{"type":"Feature","id":"eqp_uco_educacion.3118","geometry":{"type":"MultiPolygon","coordinates":[[[[-76.52455238,3.43195321],[-76.52467222,3.4318671],[-76.5246931,3.43185215],[-76.52471109,3.4318381],[-76.52472621,3.4318281],[-76.52479135,3.43178108],[-76.52490723,3.43169696],[-76.52534356,3.43230984],[-76.52494551,3.432587],[-76.52456251,3.43204222],[-76.52451819,3.43197825],[-76.52455238,3.43195321]]]]},"geometry_name":"the_geom","properties":{"nombre":"ESCUELA No 68 GEN. CARLOS ALBAN","localizaci":"TR 15 DG 24 ESQUINA","servicio":"EDUCACION","tipo":"ESCUELA","nivel":"EDUCACION PREESCOLAR_EDUCACION BASICA","propiedad":"PUB","escala":"LOCAL","permanenci":"NO","estruc_eco":"NO","url1":null}},{"type":"Feature","id":"eqp_uco_educacion.3119","geometry":{"type":"MultiPolygon","coordinates":[[[[-76.51751231,3.39710878],[-76.51729539,3.39730956],[-76.5172774,3.39731857],[-76.51689451,3.39699773],[-76.51688118,3.39698279],[-76.51686929,3.39696579],[-76.51685632,3.39695175],[-76.51684515,3.39693376],[-76.51683434,3.39691675],[-76.51682641,3.39689876],[-76.5168174,3.3968768],[-76.51681235,3.39685781],[-76.51680729,3.3968228],[-76.51680728,3.39679283],[-76.51681122,3.39675683],[-76.51681733,3.39673783],[-76.51682308,3.39671479],[-76.51683926,3.3966858],[-76.51685725,3.39665879],[-76.51688028,3.39663375],[-76.51690403,3.39660773],[-76.51700188,3.39651814],[-76.51751801,3.39707382],[-76.51751231,3.39710878]]]]},"geometry_name":"the_geom","properties":{"nombre":"FUNDACIÓN COLEGIO SANTA ISABEL DE HUNGRÍA","localizaci":"KR 50 CL 42 ESQUINA","servicio":"EDUCACION","tipo":"COLEGIO","nivel":"EDUCACION PREESCOLAR_EDUCACION BASICA","propiedad":"PRIV","escala":"URBANA","permanenci":"SI","estruc_eco":"NO","url1":null}},{"type":"Feature","id":"eqp_uco_educacion.3120","geometry":{"type":"MultiPolygon","coordinates":[[[[-76.52089868,3.39474149],[-76.52091049,3.39460647],[-76.52098646,3.39461444],[-76.52100231,3.39462947],[-76.52099157,3.39475044],[-76.52089868,3.39474149]]]]},"geometry_name":"the_geom","properties":{"nombre":"LICEO INFANTIL TORRECITA DE PAPEL","localizaci":"KR 69 CL 33A ESQUINA","servicio":"EDUCACION","tipo":"LICEO","nivel":"EDUCACION PREESCOLAR","propiedad":"PRIV","escala":"LOCAL","permanenci":"NO","estruc_eco":"NO","url1":null}},{"type":"Feature","id":"eqp_uco_educacion.3121","geometry":{"type":"MultiPolygon","coordinates":[[[[-76.52196163,3.40162857],[-76.52198174,3.40141537],[-76.52198627,3.40141427],[-76.52198915,3.40141328],[-76.5222073,3.40136123],[-76.5222181,3.40135717],[-76.52222711,3.40137319],[-76.52222819,3.40137319],[-76.52233015,3.40150913],[-76.52233123,3.40151012],[-76.5223723,3.40156509],[-76.52236837,3.40161415],[-76.52235728,3.4017461],[-76.52230651,3.40174919],[-76.52227519,3.40175119],[-76.52227123,3.40175218],[-76.52221723,3.40175518],[-76.52216647,3.40175827],[-76.52216254,3.40183027],[-76.5221604,3.40186421],[-76.52208227,3.40186029],[-76.52206535,3.40185931],[-76.5219973,3.40185529],[-76.52199226,3.40185529],[-76.52199944,3.40180732],[-76.52200625,3.40175133],[-76.52194999,3.40174723],[-76.52196014,3.40164373],[-76.52196163,3.40162857]]]]},"geometry_name":"the_geom","properties":{"nombre":"ESCUELA PRIMITIVO CRESPO","localizaci":"KR 51A CL 41 ESQUINA","servicio":"EDUCACION","tipo":"ESCUELA","nivel":"EDUCACION PREESCOLAR","propiedad":"PUB","escala":"LOCAL","permanenci":"NO","estruc_eco":"NO","url1":null}},{"type":"Feature","id":"eqp_uco_educacion.3122","geometry":{"type":"MultiPolygon","coordinates":[[[[-76.52164374,3.40250658],[-76.52162358,3.40251055],[-76.5215526,3.40240663],[-76.52165159,3.40238255],[-76.52165375,3.40237859],[-76.52164981,3.40242656],[-76.52164374,3.40250658]]]]},"geometry_name":"the_geom","properties":{"nombre":"COLEGIO ARCO IRIS INFANTIL","localizaci":null,"servicio":"EDUCACION","tipo":"COLEGIO","nivel":"EDUCACION BASICA-EDUCACION MEDIA VOCACIONAL","propiedad":"PRIV","escala":"LOCAL","permanenci":"NO","estruc_eco":"NO","url1":null}},{"type":"Feature","id":"eqp_uco_educacion.3123","geometry":{"type":"MultiPolygon","coordinates":[[[[-76.50473567,3.39539256],[-76.50479422,3.39545714],[-76.50470426,3.39554216],[-76.50464452,3.39547674],[-76.50473567,3.39539256]]]]},"geometry_name":"the_geom","properties":{"nombre":"COLEGIO MORICHAL DEL SABER","localizaci":"KR 46 NO 56E 31","servicio":"EDUCACION","tipo":"COLEGIO","nivel":"EDUCACION PREESCOLAR  BASICA MEDIA","propiedad":"PRIV","escala":"LOCAL","permanenci":"NO","estruc_eco":"NO","url1":null}},{"type":"Feature","id":"eqp_uco_educacion.3124","geometry":{"type":"MultiPolygon","coordinates":[[[[-76.51111783,3.39695165],[-76.51102499,3.39703675],[-76.51099581,3.39700175],[-76.51108793,3.39691764],[-76.51111783,3.39695165]]]]},"geometry_name":"the_geom","properties":{"nombre":"LICEO AVENTURAS INFANTILES","localizaci":"KR 47A NO 54 95","servicio":"EDUCACION","tipo":"LICEO","nivel":"EDUCACION PREESCOLAR","propiedad":"PRIV","escala":"LOCAL","permanenci":"NO","estruc_eco":"NO","url1":null}},{"type":"Feature","id":"eqp_uco_educacion.3125","geometry":{"type":"MultiPolygon","coordinates":[[[[-76.50278471,3.40358973],[-76.50273752,3.40353773],[-76.50285052,3.4034357],[-76.50289663,3.4034867],[-76.50278471,3.40358973]]]]},"geometry_name":"the_geom","properties":{"nombre":"COLEGIO CORDOBA","localizaci":"CL 54 NO 53 78","servicio":"EDUCACION","tipo":"COLEGIO","nivel":"EDUCACION BASICA MEDIA","propiedad":"PRIV","escala":"LOCAL","permanenci":"NO","estruc_eco":"NO","url1":null}},{"type":"Feature","id":"eqp_uco_educacion.3126","geometry":{"type":"MultiPolygon","coordinates":[[[[-76.5052548,3.40292302],[-76.50536672,3.40282395],[-76.50541566,3.4027809],[-76.50542285,3.40277388],[-76.50546064,3.40274091],[-76.50548774,3.40277129],[-76.50550625,3.40279187],[-76.50558447,3.4028782],[-76.5056069,3.40290285],[-76.50551298,3.40298885],[-76.50548095,3.40301893],[-76.50547267,3.40302695],[-76.50540394,3.40308891],[-76.50536179,3.40304195],[-76.50529587,3.402968],[-76.5052548,3.40292302]]]]},"geometry_name":"the_geom","properties":{"nombre":"COLEGIO CIUDAD CORDOBA","localizaci":"KR 42B NO 52 35","servicio":"EDUCACION","tipo":"COLEGIO","nivel":"EDUCACION BASICA-EDUCACION MEDIA VOCACIONAL","propiedad":"PRIV","escala":"LOCAL","permanenci":"NO","estruc_eco":"NO","url1":null}},{"type":"Feature","id":"eqp_uco_educacion.3127","geometry":{"type":"MultiPolygon","coordinates":[[[[-76.50430799,3.40757971],[-76.50438572,3.40750874],[-76.50439183,3.40750271],[-76.50440191,3.40749469],[-76.50446783,3.40756666],[-76.50445668,3.40757468],[-76.50436094,3.40763872],[-76.50430799,3.40757971]]]]},"geometry_name":"the_geom","properties":{"nombre":"CENTRO DOCENTE JUAN SALVADOR GAVIOTA","localizaci":"KR 48 CON CL 41D ESQUINA","servicio":"EDUCACION","tipo":"CENTDOC","nivel":"EDUCACION BASICA-EDUCACION MEDIA VOCACIONAL","propiedad":"PRIV","escala":"LOCAL","permanenci":"NO","estruc_eco":"NO","url1":null}},{"type":"Feature","id":"eqp_uco_educacion.3128","geometry":{"type":"MultiPolygon","coordinates":[[[[-76.50695121,3.40434602],[-76.50683711,3.40445192],[-76.50679937,3.40441047],[-76.50691372,3.40430496],[-76.50695121,3.40434602]]]]},"geometry_name":"the_geom","properties":{"nombre":"JARDIN INFANTIL TRENSITO MUSICAL","localizaci":"KR 42B NO 48A 23","servicio":"EDUCACION","tipo":"JARDININF","nivel":"EDUCACION PREESCOLAR","propiedad":"PRIV","escala":"LOCAL","permanenci":"NO","estruc_eco":"NO","url1":null}},{"type":"Feature","id":"eqp_uco_educacion.3129","geometry":{"type":"MultiPolygon","coordinates":[[[[-76.51222535,3.40730235],[-76.5122005,3.40732638],[-76.51213929,3.40738336],[-76.51203055,3.40726633],[-76.51201723,3.40725031],[-76.51203452,3.40723438],[-76.51212346,3.40714932],[-76.51213642,3.40716237],[-76.5122466,3.40728138],[-76.51222535,3.40730235]]]]},"geometry_name":"the_geom","properties":{"nombre":"CENTRO DOCENTE NO 10 ANTONIA SANTOS","localizaci":"KR 43 NO 43-04","servicio":"EDUCACION","tipo":"CENTDOC","nivel":"EDUCACION BASICA-EDUCACION MEDIA VOCACIONAL","propiedad":"PUB","escala":"LOCAL","permanenci":"NO","estruc_eco":"NO","url1":null}},{"type":"Feature","id":"eqp_uco_educacion.3132","geometry":{"type":"MultiPolygon","coordinates":[[[[-76.50647239,3.41018007],[-76.50644646,3.41015207],[-76.50643026,3.41013506],[-76.50646051,3.41010608],[-76.50654729,3.41002408],[-76.50655845,3.4100131],[-76.50660022,3.41005811],[-76.50658833,3.41006909],[-76.50653252,3.4101221],[-76.50651632,3.41013813],[-76.50647239,3.41018007]]]]},"geometry_name":"the_geom","properties":{"nombre":"JARDIN INFANTIL SAN MIGUEL","localizaci":"KR 41C NO 44-71","servicio":"EDUCACION","tipo":"JARDININF","nivel":"EDUCACION PREESCOLAR","propiedad":"PRIV","escala":"LOCAL","permanenci":"NO","estruc_eco":"NO","url1":null}},{"type":"Feature","id":"eqp_uco_educacion.3133","geometry":{"type":"MultiPolygon","coordinates":[[[[-76.51036337,3.41260766],[-76.51032016,3.41256166],[-76.51045843,3.41242871],[-76.51050128,3.41247669],[-76.51036337,3.41260766]]]]},"geometry_name":"the_geom","properties":{"nombre":"COLEGIO YIZFTED","localizaci":"KR 41E NO 40-20","servicio":"EDUCACION","tipo":"COLEGIO","nivel":"EDUCACION BASICA MEDIA","propiedad":"PRIV","escala":"LOCAL","permanenci":"NO","estruc_eco":"NO","url1":null}},{"type":"Feature","id":"eqp_uco_educacion.3134","geometry":{"type":"MultiPolygon","coordinates":[[[[-76.50745813,3.3992408],[-76.5075668,3.39914569],[-76.50760102,3.39918167],[-76.50749199,3.39927876],[-76.50745813,3.3992408]]]]},"geometry_name":"the_geom","properties":{"nombre":"LICEO INFANTIL TIA ESPERANZA","localizaci":"KR 45A NO 53 65","servicio":"EDUCACION","tipo":"LICEO","nivel":"EDUCACION PREESCOLAR","propiedad":"PRIV","escala":"LOCAL","permanenci":"NO","estruc_eco":"NO","url1":null}},{"type":"Feature","id":"eqp_uco_educacion.3135","geometry":{"type":"MultiPolygon","coordinates":[[[[-76.51170521,3.40036199],[-76.51148472,3.40056545],[-76.51136142,3.40042887],[-76.51158191,3.40022633],[-76.51170521,3.40036199]]]]},"geometry_name":"the_geom","properties":{"nombre":"GUARDERIA ESCUAL MATERNAL TRENSITO MAGICO","localizaci":"KR 47 48 101","servicio":"EDUCACION","tipo":"GUARDE","nivel":"EDUCACION PREESCOLAR","propiedad":"PRIV","escala":"LOCAL","permanenci":"NO","estruc_eco":"NO","url1":null}},{"type":"Feature","id":"eqp_uco_educacion.3136","geometry":{"type":"MultiPolygon","coordinates":[[[[-76.5095824,3.41075214],[-76.50955647,3.41072414],[-76.50949346,3.41065618],[-76.50947618,3.41063817],[-76.50945638,3.41061612],[-76.50950139,3.41057211],[-76.50953343,3.41060712],[-76.50953847,3.41061216],[-76.50957124,3.41064817],[-76.50957916,3.41065717],[-76.5096022,3.41068211],[-76.50962741,3.41070812],[-76.5095824,3.41075214]]]]},"geometry_name":"the_geom","properties":{"nombre":"COLEGIO EL FUTURO COLOMBIANO","localizaci":"CL 42 NO 41F-25","servicio":"EDUCACION","tipo":"COLEGIO","nivel":"EDUCACION BASICA MEDIA","propiedad":"PRIV","escala":"LOCAL","permanenci":"NO","estruc_eco":"NO","url1":null}},{"type":"Feature","id":"eqp_uco_educacion.3137","geometry":{"type":"MultiPolygon","coordinates":[[[[-76.50974143,3.41096763],[-76.50987755,3.41083765],[-76.50995856,3.41092362],[-76.50982352,3.41105567],[-76.50974143,3.41096763]]]]},"geometry_name":"the_geom","properties":{"nombre":"INSTITUTO PABLO VI","localizaci":"KR 41G NO 41-85","servicio":"EDUCACION","tipo":"INSTEDUCI","nivel":"EDUCACION BASICA","propiedad":"PRIV","escala":"LOCAL","permanenci":"NO","estruc_eco":"NO","url1":null}},{"type":"Feature","id":"eqp_uco_educacion.3138","geometry":{"type":"MultiPolygon","coordinates":[[[[-76.506363,3.41746874],[-76.50631799,3.41742176],[-76.50647391,3.41727279],[-76.50651891,3.41731978],[-76.506363,3.41746874]]]]},"geometry_name":"the_geom","properties":{"nombre":"ESCUELA No 54 PABLO NERUDA","localizaci":"KR 39D NO 38-44","servicio":"EDUCACION","tipo":"ESCUELA","nivel":"EDUCACION BASICA MEDIA","propiedad":"PRIV","escala":"LOCAL","permanenci":"NO","estruc_eco":"NO","url1":null}},{"type":"Feature","id":"eqp_uco_educacion.3139","geometry":{"type":"MultiPolygon","coordinates":[[[[-76.50605418,3.41683449],[-76.50600845,3.41678642],[-76.50613736,3.41665941],[-76.50618453,3.41670946],[-76.50605418,3.41683449]]]]},"geometry_name":"the_geom","properties":{"nombre":"LICEO DIVINO NIÑO","localizaci":"KR 39A NO 41-13","servicio":"EDUCACION","tipo":"LICEO","nivel":"EDUCACION BASICA MEDIA","propiedad":"PUB","escala":"LOCAL","permanenci":"NO","estruc_eco":"NO","url1":null}},{"type":"Feature","id":"eqp_uco_educacion.3140","geometry":{"type":"MultiPolygon","coordinates":[[[[-76.5073778,3.41823687],[-76.50749582,3.41811976],[-76.50752021,3.4181472],[-76.5075363,3.41817531],[-76.50742758,3.41828868],[-76.5073778,3.41823687]]]]},"geometry_name":"the_geom","properties":{"nombre":"LICEO CENTRAL FENIX- CESE SERVICIOS CON CALIDAD HUMANA","localizaci":"KR 39A NO 38-05","servicio":"EDUCACION","tipo":"LICEO","nivel":"EDUCACION BASICA","propiedad":"PUB","escala":"LOCAL","permanenci":"NO","estruc_eco":"NO","url1":null}},{"type":"Feature","id":"eqp_uco_educacion.3141","geometry":{"type":"MultiPolygon","coordinates":[[[[-76.50578867,3.41976247],[-76.50584953,3.41970351],[-76.50590173,3.41975644],[-76.50583764,3.4198145],[-76.50583476,3.41981648],[-76.50582972,3.41981045],[-76.50572061,3.41991351],[-76.50569361,3.41988353],[-76.50567849,3.4198685],[-76.50567957,3.4198685],[-76.50578867,3.41976247]]]]},"geometry_name":"the_geom","properties":{"nombre":"INSTITUTO SER INTERANCIONAL","localizaci":"KR 34 CL 38 ESQUINA","servicio":"EDUCACION","tipo":"INSTEDUCI","nivel":"EDUCACION NO FORMAL","propiedad":"PUB","escala":"LOCAL","permanenci":"NO","estruc_eco":"NO","url1":null}},{"type":"Feature","id":"eqp_uco_educacion.3142","geometry":{"type":"MultiPolygon","coordinates":[[[[-76.50555901,3.41867545],[-76.505698,3.41854844],[-76.50575021,3.41860245],[-76.50548014,3.41885853],[-76.50542686,3.41880245],[-76.50555901,3.41867545]]]]},"geometry_name":"the_geom","properties":{"nombre":"CENTRO DOCENTE CAMINO DE LA PAZ","localizaci":"KR 37 NO 38-61","servicio":"EDUCACION","tipo":"CENTDOC","nivel":"EDUCACION BASICA-EDUCACION MEDIA VOCACIONAL","propiedad":"PUB","escala":"LOCAL","permanenci":"NO","estruc_eco":"NO","url1":null}},{"type":"Feature","id":"eqp_uco_educacion.3143","geometry":{"type":"MultiPolygon","coordinates":[[[[-76.50635368,3.41517019],[-76.50630975,3.41512419],[-76.50644947,3.41499412],[-76.50648979,3.41503715],[-76.50635368,3.41517019]]]]},"geometry_name":"the_geom","properties":{"nombre":"LICEO JUVENIL VISION FUTURO","localizaci":"KR 39D NO 41-19","servicio":"EDUCACION","tipo":"LICEO","nivel":"EDUCACION BASICA MEDIA","propiedad":"PUB","escala":"LOCAL","permanenci":"NO","estruc_eco":"NO","url1":null}},{"type":"Feature","id":"eqp_uco_educacion.3144","geometry":{"type":"MultiPolygon","coordinates":[[[[-76.50596175,3.4147587],[-76.50588182,3.41467471],[-76.50602081,3.41454069],[-76.50610182,3.41462665],[-76.50596175,3.4147587]]]]},"geometry_name":"the_geom","properties":{"nombre":"LICEO COMERCIAL NUEVO MUNDO","localizaci":"KR 39D NO 41-83","servicio":"EDUCACION","tipo":"LICEO","nivel":"EDUCACION BASICA","propiedad":"PUB","escala":"LOCAL","permanenci":"NO","estruc_eco":"NO","url1":null}},{"type":"Feature","id":"eqp_uco_educacion.3145","geometry":{"type":"MultiPolygon","coordinates":[[[[-76.50936833,3.41645114],[-76.50931734,3.41650243],[-76.50926969,3.41645136],[-76.5090598,3.41622326],[-76.50919478,3.41609265],[-76.50933058,3.41596124],[-76.50943068,3.41606827],[-76.50958982,3.41623634],[-76.50945369,3.41636836],[-76.50936833,3.41645114]]]]},"geometry_name":"the_geom","properties":{"nombre":"ESCUELA ANTONIO NARIÑO","localizaci":"KR 40A NO 38-38","servicio":"EDUCACION","tipo":"ESCUELA","nivel":"EDUCACION BASICA","propiedad":"PRIV","escala":"LOCAL","permanenci":"NO","estruc_eco":"NO","url1":null}},{"type":"Feature","id":"eqp_uco_educacion.3146","geometry":{"type":"MultiPolygon","coordinates":[[[[-76.5080194,3.41692469],[-76.50797619,3.4168777],[-76.50797835,3.41687463],[-76.5081105,3.41674664],[-76.50815731,3.4167957],[-76.5080212,3.4169227],[-76.5080194,3.41692469]]]]},"geometry_name":"the_geom","properties":{"nombre":"JARDIN INFANTIL LA ALEGRIA DE NINI","localizaci":"KR 39D NO 38-65","servicio":"EDUCACION","tipo":"JARDININF","nivel":"EDUCACION PREESCOLAR","propiedad":"PUB","escala":"LOCAL","permanenci":"NO","estruc_eco":"NO","url1":null}},{"type":"Feature","id":"eqp_uco_educacion.3147","geometry":{"type":"MultiPolygon","coordinates":[[[[-76.50586536,3.40917765],[-76.50596766,3.40908564],[-76.50596049,3.40907843],[-76.50599733,3.40905038],[-76.50599782,3.40904767],[-76.50605095,3.40910463],[-76.5059293,3.40922151],[-76.50592498,3.40922547],[-76.50591598,3.40923348],[-76.50587097,3.40918352],[-76.50586536,3.40917765]]]]},"geometry_name":"the_geom","properties":{"nombre":"COLEGIO ACADEMICO LA UNION","localizaci":"KR 41C CON CL 46","servicio":"EDUCACION","tipo":"LICEO","nivel":"EDUCACION BASICA","propiedad":"PUB","escala":"LOCAL","permanenci":"NO","estruc_eco":"NO","url1":null}},{"type":"Feature","id":"eqp_uco_educacion.3148","geometry":{"type":"MultiPolygon","coordinates":[[[[-76.50742909,3.4064917],[-76.50740497,3.40646767],[-76.50739813,3.40645966],[-76.50738696,3.40644867],[-76.50739525,3.40644066],[-76.50751516,3.40632365],[-76.50752128,3.4063187],[-76.50752704,3.40631267],[-76.50757025,3.40635569],[-76.50756412,3.40636263],[-76.50746402,3.40645768],[-76.5074471,3.40647568],[-76.50742909,3.4064917]]]]},"geometry_name":"the_geom","properties":{"nombre":"COLEGIO JUVENIL","localizaci":"KR 42A NO 46-83","servicio":"EDUCACION","tipo":"COLEGIO","nivel":"EDUCACION BASICA MEDIA","propiedad":"PRIV","escala":"LOCAL","permanenci":"NO","estruc_eco":"NO","url1":null}},{"type":"Feature","id":"eqp_uco_educacion.3149","geometry":{"type":"MultiPolygon","coordinates":[[[[-76.50821751,3.40799417],[-76.50819231,3.40796716],[-76.50818763,3.40796212],[-76.50817358,3.40794709],[-76.50823336,3.4078911],[-76.50824236,3.4078821],[-76.50829745,3.40782908],[-76.50831042,3.40781711],[-76.5083385,3.4078461],[-76.50835434,3.40786311],[-76.50827836,3.40793611],[-76.50825856,3.40795609],[-76.50824164,3.40797112],[-76.50821751,3.40799417]]]]},"geometry_name":"the_geom","properties":{"nombre":"INSTITUTO TECNICO EMPRESARIAL FUTURO PROFESIONAL","localizaci":"KR 42 NO 45-13","servicio":"EDUCACION","tipo":"ESCTSUPER","nivel":"EDUCACION TECNICA","propiedad":"PRIV","escala":"LOCAL","permanenci":"NO","estruc_eco":"NO","url1":null}},{"type":"Feature","id":"eqp_uco_educacion.3150","geometry":{"type":"MultiPolygon","coordinates":[[[[-76.5078857,3.40567195],[-76.50804774,3.40551794],[-76.50810282,3.40557591],[-76.50807294,3.40560589],[-76.50804269,3.40563496],[-76.50803765,3.40563991],[-76.50794367,3.4057319],[-76.5078857,3.40567195]]]]},"geometry_name":"the_geom","properties":{"nombre":"LICEO CRISTIANO GENIOS DEL MAÑANA","localizaci":"KR 42B CON CL 47 ESQUINA","servicio":"EDUCACION","tipo":"LICEO","nivel":"EDUCACION BASICA","propiedad":"PRIV","escala":"LOCAL","permanenci":"NO","estruc_eco":"NO","url1":null}},{"type":"Feature","id":"eqp_uco_educacion.3151","geometry":{"type":"MultiPolygon","coordinates":[[[[-76.51403505,3.41237778],[-76.51398896,3.4124218],[-76.51386474,3.41229478],[-76.51390975,3.41225077],[-76.51403505,3.41237778]]]]},"geometry_name":"the_geom","properties":{"nombre":"LICEO INFANTIL MUNDO PEDAGOGICO","localizaci":"CL 38A NO  42 - 42","servicio":"EDUCACION","tipo":"LICEO","nivel":"EDUCACION PREESCOLAR","propiedad":"PUB","escala":"LOCAL","permanenci":"NO","estruc_eco":"NO","url1":null}},{"type":"Feature","id":"eqp_uco_educacion.3152","geometry":{"type":"MultiPolygon","coordinates":[[[[-76.51085913,3.41419839],[-76.51098624,3.41407337],[-76.51103016,3.41411936],[-76.51090233,3.41424538],[-76.51085913,3.41419839]]]]},"geometry_name":"the_geom","properties":{"nombre":"LICEO JUAN PABLO II","localizaci":"KR 41D NO 38-61","servicio":"EDUCACION","tipo":"LICEO","nivel":"EDUCACION BASICA MEDIA","propiedad":"PRIV","escala":"LOCAL","permanenci":"NO","estruc_eco":"NO","url1":null}},{"type":"Feature","id":"eqp_uco_educacion.3153","geometry":{"type":"MultiPolygon","coordinates":[[[[-76.5123399,3.41496579],[-76.51229381,3.41500972],[-76.51213791,3.41484768],[-76.51218364,3.41480376],[-76.51222577,3.41484769],[-76.5123399,3.41496579]]]]},"geometry_name":"the_geom","properties":{"nombre":"COLEGIO PRINCIPE DE PAZ","localizaci":"AV. SIMàN BOLÖVAR KR 41B","servicio":"EDUCACION","tipo":"COLEGIO","nivel":"EDUCACION BASICA","propiedad":"PRIV","escala":"LOCAL","permanenci":"NO","estruc_eco":"NO","url1":null}},{"type":"Feature","id":"eqp_uco_educacion.3154","geometry":{"type":"MultiPolygon","coordinates":[[[[-76.51235134,3.41262783],[-76.5126124,3.41237779],[-76.51308106,3.41286461],[-76.51282548,3.41311872],[-76.51260144,3.41289261],[-76.51235134,3.41262783]]]]},"geometry_name":"the_geom","properties":{"nombre":"ESCUELA ALEJANDRO MONTANO","localizaci":"CL 38 KR 41H ESQUINA","servicio":"EDUCACION","tipo":"ESCUELA","nivel":"EDUCACION BASICA","propiedad":"PUB","escala":"LOCAL","permanenci":"NO","estruc_eco":"NO","url1":null}},{"type":"Feature","id":"eqp_uco_educacion.3155","geometry":{"type":"MultiPolygon","coordinates":[[[[-76.51768208,3.40978614],[-76.51755822,3.40965318],[-76.51760323,3.40961015],[-76.51771809,3.40973114],[-76.51772925,3.40974212],[-76.51775805,3.40977516],[-76.51771196,3.40981819],[-76.51768208,3.40978614]]]]},"geometry_name":"the_geom","properties":{"nombre":"COLEGIO CRISTIANO A. VERNER LARSEN","localizaci":"CL 36 NO 44A-49","servicio":"EDUCACION","tipo":"COLEGIO","nivel":"EDUCACION BASICA MEDIA","propiedad":"PRIV","escala":"LOCAL","permanenci":"NO","estruc_eco":"NO","url1":null}},{"type":"Feature","id":"eqp_uco_educacion.3156","geometry":{"type":"MultiPolygon","coordinates":[[[[-76.51746804,3.40973783],[-76.51741978,3.40978481],[-76.51730781,3.40966878],[-76.51729592,3.40965483],[-76.51732401,3.40962782],[-76.5173449,3.40960784],[-76.5173557,3.40961981],[-76.51741187,3.40967986],[-76.51742375,3.40969183],[-76.51743887,3.40970884],[-76.51746804,3.40973783]]]]},"geometry_name":"the_geom","properties":{"nombre":"CENTRO EDUCATIVO INSCAT","localizaci":"CL 37 NO 44A-40","servicio":"EDUCACION","tipo":"CENTEDUC","nivel":"EDUCACION BASICA-EDUCACION MEDIA VOCACIONAL","propiedad":"PRIV","escala":"LOCAL","permanenci":"NO","estruc_eco":"NO","url1":null}},{"type":"Feature","id":"eqp_uco_educacion.3157","geometry":{"type":"MultiPolygon","coordinates":[[[[-76.51600274,3.40878459],[-76.51595665,3.40873562],[-76.51596781,3.40872355],[-76.51602075,3.4086736],[-76.51603371,3.40866154],[-76.51604091,3.40865353],[-76.51608376,3.40861356],[-76.51611292,3.40864354],[-76.51612877,3.40866253],[-76.51611797,3.4086736],[-76.51608988,3.40870061],[-76.51607691,3.40871357],[-76.5160157,3.4087736],[-76.51600274,3.40878459]]]]},"geometry_name":"the_geom","properties":{"nombre":"LICEO ANKORÉ","localizaci":"KR 44A NO 38A-58","servicio":"EDUCACION","tipo":"LICEO","nivel":"EDUCACION BASICA","propiedad":"PRIV","escala":"LOCAL","permanenci":"NO","estruc_eco":"NO","url1":null}},{"type":"Feature","id":"eqp_uco_educacion.3158","geometry":{"type":"MultiPolygon","coordinates":[[[[-76.51428155,3.40618852],[-76.51427651,3.40618357],[-76.51423078,3.40613559],[-76.51420954,3.40611155],[-76.51420162,3.40610453],[-76.51415481,3.40605349],[-76.51404752,3.40593953],[-76.51404356,3.40593647],[-76.51403275,3.40592548],[-76.5142416,3.40572647],[-76.51452281,3.40601651],[-76.51439858,3.4061356],[-76.51431072,3.40621958],[-76.51428155,3.40618852]]]]},"geometry_name":"the_geom","properties":{"nombre":"ESCUELA DE ENFERMERIA VIDA Y SALUD","localizaci":"KR 46 NO 42-25","servicio":"EDUCACION","tipo":"ESCTSUPER","nivel":"EDUCACION TECNICA","propiedad":"PRIV","escala":"ZONAL","permanenci":"NO","estruc_eco":"NO","url1":null}},{"type":"Feature","id":"eqp_uco_educacion.3159","geometry":{"type":"MultiPolygon","coordinates":[[[[-76.51362777,3.40553472],[-76.51363389,3.40553967],[-76.51358492,3.40558566],[-76.51357988,3.4055907],[-76.51351291,3.40551968],[-76.51347474,3.40547971],[-76.51352876,3.40543065],[-76.51362777,3.40553472]]]]},"geometry_name":"the_geom","properties":{"nombre":"COLEGIO JUAN RAMON ROUSSEAU","localizaci":"KR 45 NO 43-12","servicio":"EDUCACION","tipo":"COLEGIO","nivel":"EDUCACION BASICA MEDIA","propiedad":"PRIV","escala":"LOCAL","permanenci":"NO","estruc_eco":"NO","url1":null}},{"type":"Feature","id":"eqp_uco_educacion.3160","geometry":{"type":"MultiPolygon","coordinates":[[[[-76.51219519,3.40478277],[-76.51215198,3.40473776],[-76.51215991,3.40472975],[-76.51216495,3.40472678],[-76.51227909,3.40461579],[-76.51229926,3.40463578],[-76.5123061,3.40464379],[-76.51231222,3.40465072],[-76.51232122,3.4046608],[-76.51230502,3.40467674],[-76.51220419,3.40477476],[-76.51219519,3.40478277]]]]},"geometry_name":"the_geom","properties":{"nombre":"ESCUELA No 31 JOSEÉ JOAQUIN JARAMILLO","localizaci":"KR 44A NO 44-64","servicio":"EDUCACION","tipo":"ESCUELA","nivel":"EDUCACION BASICA MEDIA","propiedad":"PUB","escala":"LOCAL","permanenci":"NO","estruc_eco":"NO","url1":null}},{"type":"Feature","id":"eqp_uco_educacion.3161","geometry":{"type":"MultiPolygon","coordinates":[[[[-76.51717168,3.41028791],[-76.51709787,3.41020492],[-76.51709067,3.41019789],[-76.51704494,3.41014892],[-76.51709571,3.41009888],[-76.51722569,3.41023688],[-76.51717168,3.41028791]]]]},"geometry_name":"the_geom","properties":{"nombre":"INSTITUTO TECNICO DE EXCELENCIA EMPRESARIAL","localizaci":"CL 36 NO 43B- 79","servicio":"EDUCACION","tipo":"INSTEDUCI","nivel":"EDUCACION TECNICA","propiedad":"PRIV","escala":"LOCAL","permanenci":"NO","estruc_eco":"NO","url1":null}},{"type":"Feature","id":"eqp_uco_educacion.3162","geometry":{"type":"MultiPolygon","coordinates":[[[[-76.51499421,3.40972202],[-76.51522501,3.40950518],[-76.5155467,3.40983974],[-76.51531552,3.41006576],[-76.51499421,3.40972202]]]]},"geometry_name":"the_geom","properties":{"nombre":"ESCUELA 3 5 FRANCISCO JOSÉ RUIZ","localizaci":"CL 38A NO 43B-16","servicio":"EDUCACION","tipo":"ESCUELA","nivel":"EDUCACION BASICA","propiedad":"PUB","escala":"LOCAL","permanenci":"NO","estruc_eco":"NO","url1":null}},{"type":"Feature","id":"eqp_uco_educacion.3163","geometry":{"type":"MultiPolygon","coordinates":[[[[-76.51298095,3.40900356],[-76.5129237,3.40894253],[-76.51291866,3.40893758],[-76.5128859,3.40890157],[-76.51287185,3.40888654],[-76.51288986,3.40886953],[-76.51289778,3.40886152],[-76.51291866,3.40884054],[-76.51294495,3.40886854],[-76.51302884,3.40895658],[-76.51303172,3.40895955],[-76.51304468,3.40897458],[-76.51299787,3.40902058],[-76.51298095,3.40900356]]]]},"geometry_name":"the_geom","properties":{"nombre":"COLEGIO TOMAS CARRAZQUILLO","localizaci":"CL 41 NO 42D 1","servicio":"EDUCACION","tipo":"COLEGIO","nivel":"EDUCACION BASICA MEDIA","propiedad":"PRIV","escala":"LOCAL","permanenci":"NO","estruc_eco":"NO","url1":null}},{"type":"Feature","id":"eqp_uco_educacion.3164","geometry":{"type":"MultiPolygon","coordinates":[[[[-76.51450398,3.41065531],[-76.51450722,3.41065729],[-76.51454827,3.4107023],[-76.51441611,3.41082733],[-76.51437399,3.41078331],[-76.51450398,3.41065531]]]]},"geometry_name":"the_geom","properties":{"nombre":"COLEGIO RAMON FRANKY GALVIS","localizaci":"KR 42 D NO 38A-17","servicio":"EDUCACION","tipo":"COLEGIO","nivel":"EDUCACION BASICA","propiedad":"PRIV","escala":"LOCAL","permanenci":"NO","estruc_eco":"NO","url1":null}},{"type":"Feature","id":"eqp_uco_educacion.3165","geometry":{"type":"MultiPolygon","coordinates":[[[[-76.51454446,3.40752729],[-76.5145405,3.40752234],[-76.51443932,3.40741729],[-76.5144224,3.40740028],[-76.51443032,3.40739227],[-76.51447137,3.40735527],[-76.51447929,3.40734726],[-76.51459955,3.4074723],[-76.51454446,3.40752729]]]]},"geometry_name":"the_geom","properties":{"nombre":"LICEO MAYOR MIXTO TERCER MILENIO","localizaci":"CL 41 NO 44-39","servicio":"EDUCACION","tipo":"LICEO","nivel":"EDUCACION BASICA","propiedad":"PRIV","escala":"LOCAL","permanenci":"NO","estruc_eco":"NO","url1":null}},{"type":"Feature","id":"eqp_uco_educacion.3166","geometry":{"type":"MultiPolygon","coordinates":[[[[-76.51866315,3.40161369],[-76.51868908,3.40158876],[-76.51870312,3.40157571],[-76.51874021,3.4016137],[-76.51874705,3.40162072],[-76.51873517,3.40163278],[-76.51873337,3.40163476],[-76.51863326,3.40172972],[-76.51861634,3.40174575],[-76.51861202,3.40174277],[-76.51861202,3.40174178],[-76.51857205,3.40169975],[-76.51859114,3.40168174],[-76.51860014,3.40167175],[-76.51861202,3.40166077],[-76.5186221,3.40165177],[-76.51866315,3.40161369]]]]},"geometry_name":"the_geom","properties":{"nombre":"LICEO MIXTO RAYO DE LUZ","localizaci":"KR 49B NO 42-41","servicio":"EDUCACION","tipo":"LICEO","nivel":"EDUCACION BASICA","propiedad":"PRIV","escala":"LOCAL","permanenci":"NO","estruc_eco":"NO","url1":null}},{"type":"Feature","id":"eqp_uco_educacion.3167","geometry":{"type":"MultiPolygon","coordinates":[[[[-76.5141592,3.3995104],[-76.51412788,3.39947943],[-76.51407999,3.39943046],[-76.51407495,3.3994274],[-76.51401698,3.39935737],[-76.5139961,3.39933144],[-76.51402599,3.39930444],[-76.51405803,3.39933738],[-76.51411492,3.39939644],[-76.51414588,3.39942839],[-76.51419413,3.39947845],[-76.5141682,3.3995014],[-76.5141592,3.3995104]]]]},"geometry_name":"the_geom","properties":{"nombre":"CENTRO EDUCATIVO LEONARDO DA VINCI","localizaci":"CL 48 NO 48-30","servicio":"EDUCACION","tipo":"CENTDOC","nivel":"EDUCACION BASICA-EDUCACION MEDIA VOCACIONAL","propiedad":"PRIV","escala":"LOCAL","permanenci":"NO","estruc_eco":"NO","url1":null}},{"type":"Feature","id":"eqp_uco_educacion.3168","geometry":{"type":"MultiPolygon","coordinates":[[[[-76.51584297,3.39919572],[-76.51588735,3.39915266],[-76.51601486,3.39928885],[-76.51597077,3.39933138],[-76.51584297,3.39919572]]]]},"geometry_name":"the_geom","properties":{"nombre":"LICEO BELTHOR BRETCH","localizaci":"CL 46 NO 49A-05","servicio":"EDUCACION","tipo":"LICEO","nivel":"EDUCACION BASICA","propiedad":"PRIV","escala":"LOCAL","permanenci":"NO","estruc_eco":"NO","url1":null}},{"type":"Feature","id":"eqp_uco_educacion.3169","geometry":{"type":"MultiPolygon","coordinates":[[[[-76.51861092,3.40855129],[-76.51853494,3.40846731],[-76.5185922,3.40841132],[-76.51861092,3.40843031],[-76.51868005,3.40850233],[-76.51871822,3.4085423],[-76.51867105,3.40858829],[-76.51865808,3.40860035],[-76.51861092,3.40855129]]]]},"geometry_name":"the_geom","properties":{"nombre":"COLEGIO RODRIGO LLOREDA CAICEDO","localizaci":"CL 37 NO 46B-04","servicio":"EDUCACION","tipo":"COLEGIO","nivel":"EDUCACION BASICA-EDUCACION MEDIA VOCACIONAL","propiedad":"PRIV","escala":"LOCAL","permanenci":"NO","estruc_eco":"NO","url1":null}},{"type":"Feature","id":"eqp_uco_educacion.3170","geometry":{"type":"MultiPolygon","coordinates":[[[[-76.51948916,3.40596242],[-76.51946827,3.40594036],[-76.51944631,3.40591633],[-76.51947115,3.40589238],[-76.51948304,3.40588239],[-76.51956118,3.40580831],[-76.51956514,3.40580435],[-76.5195763,3.40579436],[-76.51961735,3.40583739],[-76.51960222,3.40585233],[-76.51955001,3.40590238],[-76.51951112,3.40594036],[-76.51948916,3.40596242]]]]},"geometry_name":"the_geom","properties":{"nombre":"LICEO MARIA INMACULADA","localizaci":"KR 48 NO 38A-15","servicio":"EDUCACION","tipo":"LICEO","nivel":"EDUCACION BASICA","propiedad":"PRIV","escala":"LOCAL","permanenci":"NO","estruc_eco":"NO","url1":null}},{"type":"Feature","id":"eqp_uco_educacion.3171","geometry":{"type":"MultiPolygon","coordinates":[[[[-76.51966582,3.40365947],[-76.51963593,3.40368647],[-76.51958588,3.40363543],[-76.51957796,3.40362742],[-76.519574,3.40362346],[-76.519565,3.40361446],[-76.51950926,3.40355862],[-76.51955977,3.40350672],[-76.51964782,3.40359745],[-76.51968814,3.40363841],[-76.51966582,3.40365947]]]]},"geometry_name":"the_geom","properties":{"nombre":"COLEGIO REPUBLICA DEL SALVADOR","localizaci":"CL 40A NO 49-16","servicio":"EDUCACION","tipo":"COLEGIO","nivel":"EDUCACION BASICA","propiedad":"PRIV","escala":"LOCAL","permanenci":"NO","estruc_eco":"NO","url1":null}},{"type":"Feature","id":"eqp_uco_educacion.3172","geometry":{"type":"MultiPolygon","coordinates":[[[[-76.51805601,3.4040096],[-76.51817015,3.40389952],[-76.51823604,3.40397054],[-76.51824504,3.40397954],[-76.51811397,3.40410655],[-76.518038,3.40402553],[-76.51805601,3.4040096]]]]},"geometry_name":"the_geom","properties":{"nombre":"COLEGIO SAN PABLO APOSTOL","localizaci":"KR 48 NO 41-04","servicio":"EDUCACION","tipo":"COLEGIO","nivel":"EDUCACION BASICA-EDUCACION MEDIA VOCACIONAL","propiedad":"PRIV","escala":"LOCAL","permanenci":"NO","estruc_eco":"NO","url1":null}},{"type":"Feature","id":"eqp_uco_educacion.3173","geometry":{"type":"MultiPolygon","coordinates":[[[[-76.51796331,3.40366424],[-76.51795719,3.40367027],[-76.51794135,3.40365326],[-76.51793127,3.40364227],[-76.51791435,3.40362427],[-76.51793811,3.40360123],[-76.51802813,3.40351428],[-76.51803632,3.40352317],[-76.51806135,3.4035494],[-76.51807134,3.40356028],[-76.51797736,3.4036493],[-76.51796331,3.40366424]]]]},"geometry_name":"the_geom","properties":{"nombre":"COLEGIO TOMAS VASCONI","localizaci":"KR 48A NO 41A-09","servicio":"EDUCACION","tipo":"COLEGIO","nivel":"EDUCACION BASICA MEDIA","propiedad":"PRIV","escala":"LOCAL","permanenci":"NO","estruc_eco":"NO","url1":null}},{"type":"Feature","id":"eqp_uco_educacion.3174","geometry":{"type":"MultiPolygon","coordinates":[[[[-76.51781122,3.40704586],[-76.51803587,3.40682654],[-76.51807713,3.40686852],[-76.51817938,3.40697258],[-76.51837309,3.40716964],[-76.51813004,3.40740159],[-76.51781122,3.40704586]]]]},"geometry_name":"the_geom","properties":{"nombre":"CENTRO DOCENTE NO 15 MICAELA CASTRO BORRERO","localizaci":"KR 46C NO 38A-39","servicio":"EDUCACION","tipo":"CENTDOC","nivel":"EDUCACION BASICA-EDUCACION MEDIA VOCACIONAL","propiedad":"PUB","escala":"LOCAL","permanenci":"NO","estruc_eco":"NO","url1":null}},{"type":"Feature","id":"eqp_uco_educacion.3175","geometry":{"type":"MultiPolygon","coordinates":[[[[-76.51270151,3.40228808],[-76.51271159,3.40227809],[-76.51276669,3.40222507],[-76.51277857,3.40221301],[-76.51279153,3.40220104],[-76.51281854,3.40217502],[-76.51286967,3.40222903],[-76.51287867,3.40223804],[-76.51275156,3.40236009],[-76.51269179,3.40229708],[-76.51270151,3.40228808]]]]},"geometry_name":"the_geom","properties":{"nombre":"COLEGIO LAS ORQUIDEAS","localizaci":"CL 46 KR 48 ESQUINA","servicio":"EDUCACION","tipo":"COLEGIO","nivel":"EDUCACION BASICA-EDUCACION MEDIA VOCACIONAL","propiedad":"PRIV","escala":"LOCAL","permanenci":"NO","estruc_eco":"NO","url1":null}},{"type":"Feature","id":"eqp_uco_educacion.3176","geometry":{"type":"MultiPolygon","coordinates":[[[[-76.51803625,3.40682731],[-76.5178116,3.40704662],[-76.51757737,3.40678528],[-76.51779342,3.40658023],[-76.51803625,3.40682731]]]]},"geometry_name":"the_geom","properties":{"nombre":"CENTRO DOCENTE LUIS ENRIQUE MONTOYA","localizaci":"KR 46C NO 38A-50","servicio":"EDUCACION","tipo":"CENTDOC","nivel":"EDUCACION BASICA-EDUCACION MEDIA VOCACIONAL","propiedad":"PUB","escala":"LOCAL","permanenci":"NO","estruc_eco":"NO","url1":null}},{"type":"Feature","id":"eqp_uco_educacion.3177","geometry":{"type":"MultiPolygon","coordinates":[[[[-76.5148234,3.40558871],[-76.51452697,3.40527765],[-76.51449961,3.40530098],[-76.51441684,3.40538134],[-76.51441636,3.40538084],[-76.51441594,3.40538039],[-76.51441584,3.40538084],[-76.5143738,3.40542023],[-76.51414322,3.4051839],[-76.51475637,3.40457979],[-76.51534561,3.40522886],[-76.51474735,3.40580307],[-76.51467405,3.40572794],[-76.5148234,3.40558871]]]]},"geometry_name":"the_geom","properties":{"nombre":"COLEGIO SAN JOAQUIN","localizaci":"CL 42 KR 46","servicio":"EDUCACION","tipo":"COLEGIO","nivel":"EDUCACION BASICA-EDUCACION MEDIA VOCACIONAL","propiedad":"PRIV","escala":"ZONAL","permanenci":"NO","estruc_eco":"NO","url1":null}},{"type":"Feature","id":"eqp_uco_educacion.3178","geometry":{"type":"MultiPolygon","coordinates":[[[[-76.50763078,3.41604239],[-76.50796984,3.41572116],[-76.50817599,3.41593296],[-76.50783282,3.41625304],[-76.50763078,3.41604239]]]]},"geometry_name":"the_geom","properties":{"nombre":"LICEO PEDAGOGICO DEL VALLE JOSE MARIA CARBONEL","localizaci":"KR 39D NO 39-25","servicio":"EDUCACION","tipo":"LICEO","nivel":"EDUCACION BASICA-EDUCACION MEDIA VOCACIONAL","propiedad":"PUB","escala":"LOCAL","permanenci":"NO","estruc_eco":"NO","url1":null}},{"type":"Feature","id":"eqp_uco_educacion.3179","geometry":{"type":"MultiPolygon","coordinates":[[[[-76.50843226,3.4161967],[-76.50900776,3.41680821],[-76.50866036,3.41713643],[-76.50808362,3.41653758],[-76.50843226,3.4161967]]]]},"geometry_name":"the_geom","properties":{"nombre":"ESCUELA No 54 PABLO NERUDA","localizaci":"K 39B       38      44","servicio":"EDUCACION","tipo":"ESCUELA","nivel":"EDUCACION BASICA MEDIA","propiedad":"PUB","escala":"LOCAL","permanenci":"NO","estruc_eco":"NO","url1":null}},{"type":"Feature","id":"eqp_uco_educacion.3181","geometry":{"type":"MultiPolygon","coordinates":[[[[-76.51368759,3.39708715],[-76.51368508,3.39708438],[-76.51365351,3.39705004],[-76.51363102,3.39702468],[-76.51364276,3.39701387],[-76.51365626,3.39700207],[-76.51364902,3.39699395],[-76.5136976,3.39694873],[-76.51370843,3.39693877],[-76.5137381,3.39691165],[-76.51380634,3.39698133],[-76.51368759,3.39708715]]]]},"geometry_name":"the_geom","properties":{"nombre":"JARDIN INFANTIL ABCDARIO DE LA TERNURA","localizaci":"KR 49D NO 49 92","servicio":"EDUCACION","tipo":"JARDININF","nivel":"EDUCACION PREESCOLAR","propiedad":"PRIV","escala":"LOCAL","permanenci":"NO","estruc_eco":"NO","url1":null}},{"type":"Feature","id":"eqp_uco_educacion.3182","geometry":{"type":"MultiPolygon","coordinates":[[[[-76.50334379,3.4067534],[-76.50341762,3.40683326],[-76.50332263,3.40692233],[-76.50324877,3.40684141],[-76.50334379,3.4067534]]]]},"geometry_name":"the_geom","properties":{"nombre":"COLEGIO SANTA ISABEL","localizaci":"KR 41C NO 49 47","servicio":"EDUCACION","tipo":"COLEGIO","nivel":"EDUCACION BASICA MEDIA","propiedad":"PRIV","escala":"ZONAL","permanenci":"NO","estruc_eco":"NO","url1":null}},{"type":"Feature","id":"eqp_uco_educacion.3183","geometry":{"type":"MultiPolygon","coordinates":[[[[-76.50237131,3.40236355],[-76.50230143,3.40228556],[-76.50236548,3.40222855],[-76.50243428,3.40230645],[-76.50237131,3.40236355]]]]},"geometry_name":"the_geom","properties":{"nombre":"COLEGIO SANTIAGO DE CALI","localizaci":"CL 55 NO 43A 09","servicio":"EDUCACION","tipo":"COLEGIO","nivel":"EDUCACION BASICA MEDIA","propiedad":"PRIV","escala":"ZONAL","permanenci":"NO","estruc_eco":"NO","url1":null}},{"type":"Feature","id":"eqp_uco_educacion.3184","geometry":{"type":"MultiPolygon","coordinates":[[[[-76.5027735,3.39993103],[-76.50269928,3.39985007],[-76.50273923,3.39981297],[-76.50281344,3.39989501],[-76.5027735,3.39993103]]]]},"geometry_name":"the_geom","properties":{"nombre":"LICEO CULTURAL SOL Y LUNA","localizaci":"KR 42B CON CL 55C ESQUINA","servicio":"EDUCACION","tipo":"LICEO","nivel":"EDUCACION BASICA MEDIA","propiedad":"PRIV","escala":"LOCAL","permanenci":"NO","estruc_eco":"NO","url1":null}},{"type":"Feature","id":"eqp_uco_educacion.3185","geometry":{"type":"MultiPolygon","coordinates":[[[[-76.50342565,3.40230255],[-76.50351391,3.40239646],[-76.50343473,3.40246742],[-76.50334588,3.40237447],[-76.50342565,3.40230255]]]]},"geometry_name":"the_geom","properties":{"nombre":"TALLER ANGELITOS","localizaci":"CL 54 NO 43A 21","servicio":"EDUCACION","tipo":"TALLINF","nivel":"EDUCACION PREESCOLAR","propiedad":"PRIV","escala":"LOCAL","permanenci":"NO","estruc_eco":"NO","url1":null}},{"type":"Feature","id":"eqp_uco_educacion.3186","geometry":{"type":"MultiPolygon","coordinates":[[[[-76.51207902,3.39573047],[-76.51205146,3.39569849],[-76.51205596,3.39569397],[-76.51215149,3.39560744],[-76.51218031,3.39563838],[-76.51207902,3.39573047]]]]},"geometry_name":"the_geom","properties":{"nombre":"LICEO ARTISTICO NUEVO HORIZONTE","localizaci":"KR 49C NO 52 34","servicio":"EDUCACION","tipo":"LICEO","nivel":"EDUCACION BASICA MEDIA","propiedad":"PRIV","escala":"LOCAL","permanenci":"NO","estruc_eco":"NO","url1":null}},{"type":"Feature","id":"eqp_uco_educacion.3187","geometry":{"type":"MultiPolygon","coordinates":[[[[-76.49912011,3.42146629],[-76.49907513,3.42151032],[-76.49892492,3.42136234],[-76.49897602,3.42131335],[-76.49912011,3.42146629]]]]},"geometry_name":"the_geom","properties":{"nombre":"COLEGIO BACHILLERATO TECNICO COMERCIAL","localizaci":"CL 72I NO 28H 12","servicio":"EDUCACION","tipo":"INSTTCOM","nivel":"EDUCACION BASICA-EDUCACION MEDIA VOCACIONAL","propiedad":"PRIV","escala":"LOCAL","permanenci":"NO","estruc_eco":"NO","url1":null}},{"type":"Feature","id":"eqp_uco_educacion.3188","geometry":{"type":"MultiPolygon","coordinates":[[[[-76.49911757,3.42208733],[-76.49924747,3.42196026],[-76.49925035,3.42196323],[-76.49929034,3.42200326],[-76.49916043,3.42213132],[-76.49911757,3.42208733]]]]},"geometry_name":"the_geom","properties":{"nombre":"LICEO COMERCIAL LA MILAGROSA","localizaci":"KR 28H NO 41 51","servicio":"EDUCACION","tipo":"LICEO","nivel":"EDUCACION BASICA","propiedad":"PRIV","escala":"LOCAL","permanenci":"NO","estruc_eco":"NO","url1":null}},{"type":"Feature","id":"eqp_uco_educacion.3189","geometry":{"type":"MultiPolygon","coordinates":[[[[-76.50329064,3.41789783],[-76.50346768,3.41772772],[-76.50351055,3.41777269],[-76.50333459,3.4179438],[-76.50329064,3.41789783]]]]},"geometry_name":"the_geom","properties":{"nombre":"JARDIN INFANTIL SEMILLAS INFANTILES","localizaci":"KR 34 NO 41 23","servicio":"EDUCACION","tipo":"JARDININF","nivel":"EDUCACION PREESCOLAR","propiedad":"PRIV","escala":"LOCAL","permanenci":"NO","estruc_eco":"NO","url1":null}},{"type":"Feature","id":"eqp_uco_educacion.3190","geometry":{"type":"MultiPolygon","coordinates":[[[[-76.50260927,3.42294554],[-76.50252218,3.42302857],[-76.50246239,3.42296857],[-76.50254731,3.42288653],[-76.50255919,3.42287554],[-76.50262006,3.42293545],[-76.50260927,3.42294554]]]]},"geometry_name":"the_geom","properties":{"nombre":"INSTITUTO RAVEL_LICEO PORVENIR","localizaci":"KR 29B NO 38 04","servicio":"EDUCACION","tipo":"LICEO","nivel":"EDUCACION BASICA","propiedad":"PRIV","escala":"LOCAL","permanenci":"NO","estruc_eco":"NO","url1":null}},{"type":"Feature","id":"eqp_uco_educacion.3191","geometry":{"type":"MultiPolygon","coordinates":[[[[-76.49373601,3.42083247],[-76.4935592,3.42101559],[-76.49351849,3.42097373],[-76.4935139,3.42097802],[-76.49348993,3.4209556],[-76.49349584,3.42095032],[-76.49345578,3.42091275],[-76.49363324,3.42073226],[-76.49373601,3.42083247]]]]},"geometry_name":"the_geom","properties":{"nombre":"INSTITUTO TECNICO INDUSTRIAL LUZ HAYDEE GUERRERO MOLINA","localizaci":"CL 72T1 ENTRE KR 28E Y 28E1","servicio":"EDUCACION","tipo":"INSTTINDU","nivel":"EDUCACION BASICA MEDIA","propiedad":"PRIV","escala":"LOCAL","permanenci":"NO","estruc_eco":"NO","url1":null}},{"type":"Feature","id":"eqp_uco_educacion.3192","geometry":{"type":"MultiPolygon","coordinates":[[[[-76.48945342,3.4215085],[-76.48948656,3.42153855],[-76.48939588,3.42163832],[-76.48936027,3.42160765],[-76.48945342,3.4215085]]]]},"geometry_name":"the_geom","properties":{"nombre":"COLEGIO NUESTRA SEÑORA DE LAS MERCEDES","localizaci":"KR 28B NO 72W 31","servicio":"EDUCACION","tipo":"COLEGIO","nivel":"EDUCACION BASICA-EDUCACION MEDIA VOCACIONAL","propiedad":"PRIV","escala":"LOCAL","permanenci":"NO","estruc_eco":"NO","url1":null}},{"type":"Feature","id":"eqp_uco_educacion.3193","geometry":{"type":"MultiPolygon","coordinates":[[[[-76.48862475,3.41990331],[-76.48874106,3.41998701],[-76.48866643,3.42006863],[-76.48856385,3.419975],[-76.48862475,3.41990331]]]]},"geometry_name":"the_geom","properties":{"nombre":"COLEGIO CRISTIANO ALBERTO LOZANO","localizaci":null,"servicio":"EDUCACION","tipo":"COLEGIO","nivel":"EDUCACION BASICA MEDIA","propiedad":"PRIV","escala":"LOCAL","permanenci":"NO","estruc_eco":"NO","url1":null}},{"type":"Feature","id":"eqp_uco_educacion.3194","geometry":{"type":"MultiPolygon","coordinates":[[[[-76.48848245,3.42379483],[-76.48844166,3.42377416],[-76.48844023,3.42377128],[-76.48837293,3.42375042],[-76.48835002,3.42374466],[-76.48834834,3.42374466],[-76.48847503,3.42361073],[-76.48854319,3.42366467],[-76.48848826,3.42379672],[-76.48848245,3.42379483]]]]},"geometry_name":"the_geom","properties":{"nombre":"COLEGIO TECNICO COMERCIAL SAN MARCOS DE LEON","localizaci":"KR 28 NO 72W 04","servicio":"EDUCACION","tipo":"INSTTCOM","nivel":"EDUCACION PREESCOLAR  BASICA MEDIA","propiedad":"PRIV","escala":"LOCAL","permanenci":"NO","estruc_eco":"NO","url1":null}},{"type":"Feature","id":"eqp_uco_educacion.3195","geometry":{"type":"MultiPolygon","coordinates":[[[[-76.49074185,3.42027372],[-76.49071271,3.42030974],[-76.49055963,3.42018381],[-76.49058949,3.4201468],[-76.49074185,3.42027372]]]]},"geometry_name":"the_geom","properties":{"nombre":"LICEO LAS CUMBRES","localizaci":null,"servicio":"EDUCACION","tipo":"LICEO","nivel":"EDUCACION BASICA MEDIA","propiedad":"PRIV","escala":"LOCAL","permanenci":"NO","estruc_eco":"NO","url1":null}},{"type":"Feature","id":"eqp_uco_educacion.3196","geometry":{"type":"MultiPolygon","coordinates":[[[[-76.49803578,3.41757961],[-76.4980981,3.4176406],[-76.49819788,3.41774054],[-76.49819609,3.4177445],[-76.49822707,3.41777752],[-76.49823102,3.41777455],[-76.49830307,3.41785146],[-76.49812927,3.41802257],[-76.49793927,3.41820673],[-76.4979094,3.41823276],[-76.49770226,3.41801587],[-76.49763995,3.41795686],[-76.49777093,3.41783078],[-76.49777706,3.41783977],[-76.49781988,3.41779673],[-76.49781195,3.41778872],[-76.49786305,3.41774072],[-76.49803578,3.41757961]]]]},"geometry_name":"the_geom","properties":{"nombre":"CENTRO DOCENTE RODRIGO LLOREDA","localizaci":"KR 30 NO 44A 21","servicio":"EDUCACION","tipo":"CENTDOC","nivel":"EDUCACION BASICA-EDUCACION MEDIA VOCACIONAL","propiedad":"PUB","escala":"LOCAL","permanenci":"NO","estruc_eco":"NO","url1":null}},{"type":"Feature","id":"eqp_uco_educacion.3197","geometry":{"type":"MultiPolygon","coordinates":[[[[-76.4969715,3.42658018],[-76.4969706,3.4263731],[-76.49701202,3.42637311],[-76.49717583,3.42637129],[-76.49717757,3.42653859],[-76.49718031,3.42653859],[-76.49718115,3.4265766],[-76.49708216,3.42657843],[-76.497012,3.42657927],[-76.4969715,3.42658018]]]]},"geometry_name":"the_geom","properties":{"nombre":"COLEGIO COMUNITARIO TECNOLOGICO INDUSTRIAL UNIDAD BOLIVARIANA","localizaci":"TR 72F1 28D 3 05","servicio":"EDUCACION","tipo":"COLEGIO","nivel":"EDUCACION BASICA MEDIA","propiedad":"PUB","escala":"LOCAL","permanenci":"NO","estruc_eco":"NO","url1":null}},{"type":"Feature","id":"eqp_uco_educacion.3198","geometry":{"type":"MultiPolygon","coordinates":[[[[-76.49648838,3.42487906],[-76.49648571,3.42488182],[-76.49645367,3.42484555],[-76.49649479,3.42480756],[-76.49653426,3.42484987],[-76.49654436,3.42486002],[-76.49655562,3.42487095],[-76.49656966,3.42488689],[-76.49656786,3.42488788],[-76.49653188,3.4249239],[-76.49648838,3.42487906]]]]},"geometry_name":"the_geom","properties":{"nombre":"INSTITUTO LA GRAN COLOMBIA","localizaci":"CL 72F5 NO 28D3 03","servicio":"EDUCACION","tipo":"CENTEDUC","nivel":"EDUCACION BASICA-EDUCACION MEDIA VOCACIONAL","propiedad":"PRIV","escala":"LOCAL","permanenci":"NO","estruc_eco":"NO","url1":null}},{"type":"Feature","id":"eqp_uco_educacion.3199","geometry":{"type":"MultiPolygon","coordinates":[[[[-76.49921212,3.42520652],[-76.49917321,3.42516351],[-76.49919121,3.42514649],[-76.49922903,3.42519049],[-76.49924878,3.42517266],[-76.49928479,3.42521178],[-76.49926326,3.42523241],[-76.49924814,3.42524646],[-76.49921212,3.42520652]]]]},"geometry_name":"the_geom","properties":{"nombre":"LICEO PEDAGOGICO SUR ORIENTAL","localizaci":"CL 72B NO 28D3 116","servicio":"EDUCACION","tipo":"LICEO","nivel":"EDUCACION BASICA-EDUCACION MEDIA VOCACIONAL","propiedad":"PRIV","escala":"LOCAL","permanenci":"NO","estruc_eco":"NO","url1":null}},{"type":"Feature","id":"eqp_uco_educacion.3200","geometry":{"type":"MultiPolygon","coordinates":[[[[-76.50556513,3.42023369],[-76.50571087,3.42009663],[-76.50577391,3.42016266],[-76.50562998,3.4203017],[-76.50556513,3.42023369]]]]},"geometry_name":"the_geom","properties":{"nombre":"COLEGIO JESUCRISTO ES SEÑOR Y DIOS","localizaci":"KR 34 NO 36 99","servicio":"EDUCACION","tipo":"COLEGO","nivel":"EDUCACION BASICA MEDIA","propiedad":"PRIV","escala":"LOCAL","permanenci":"NO","estruc_eco":"NO","url1":null}},{"type":"Feature","id":"eqp_uco_educacion.3201","geometry":{"type":"MultiPolygon","coordinates":[[[[-76.49598369,3.41986317],[-76.49607941,3.41977402],[-76.49611091,3.41980391],[-76.49601359,3.4198951],[-76.49598369,3.41986317]]]]},"geometry_name":"the_geom","properties":{"nombre":"COLEGIO ACADEMICO EL POBLADO","localizaci":"KR 28G NO 72P 03","servicio":"EDUCACION","tipo":"COLEGIO","nivel":"EDUCACION BASICA","propiedad":"PRIV","escala":"LOCAL","permanenci":"NO","estruc_eco":"NO","url1":null}},{"type":"Feature","id":"eqp_uco_educacion.3202","geometry":{"type":"MultiPolygon","coordinates":[[[[-76.50077166,3.41701066],[-76.50088805,3.41712997],[-76.50061539,3.41739798],[-76.50049962,3.41728083],[-76.50077166,3.41701066]]]]},"geometry_name":"the_geom","properties":{"nombre":"COLEGIO PARROQUIAL SEÑOR DE LOS MILAGROS","localizaci":"KR 33 NO 42C 11","servicio":"EDUCACION","tipo":"COLEGIO","nivel":"EDUCACION BASICA-EDUCACION MEDIA VOCACIONAL","propiedad":"PRIV","escala":"ZONAL","permanenci":"NO","estruc_eco":"NO","url1":null}},{"type":"Feature","id":"eqp_uco_educacion.3203","geometry":{"type":"MultiPolygon","coordinates":[[[[-76.50049917,3.4172813],[-76.50034179,3.41712156],[-76.50060663,3.41684042],[-76.5007717,3.41701106],[-76.50049917,3.4172813]]]]},"geometry_name":"the_geom","properties":{"nombre":"ESCUELA COMUNITARIA EL VERGEL","localizaci":"KR 33 CON CL 43A","servicio":"EDUCACION","tipo":"ESCUELA","nivel":"EDUCACION BASICA","propiedad":"PUB","escala":"ZONAL","permanenci":"NO","estruc_eco":"NO","url1":null}},{"type":"Feature","id":"eqp_uco_educacion.3204","geometry":{"type":"MultiPolygon","coordinates":[[[[-76.49937817,3.42054009],[-76.49934326,3.42057314],[-76.49921826,3.42044117],[-76.49925209,3.4204092],[-76.49937817,3.42054009]]]]},"geometry_name":"the_geom","properties":{"nombre":"COLEGIO CRISTIANO RENACER","localizaci":"CL 42 NO 29 45","servicio":"EDUCACION","tipo":"COLEGIO","nivel":"EDUCACION BASICA MEDIA","propiedad":"PRIV","escala":"LOCAL","permanenci":"NO","estruc_eco":"NO","url1":null}},{"type":"Feature","id":"eqp_uco_educacion.3205","geometry":{"type":"MultiPolygon","coordinates":[[[[-76.50243368,3.42002417],[-76.50253887,3.42014508],[-76.50207975,3.4206718],[-76.50205023,3.4206419],[-76.50171012,3.42030091],[-76.50156348,3.4201526],[-76.50205031,3.41969955],[-76.50209714,3.41965593],[-76.50228454,3.41986026],[-76.50243368,3.42002417]]]]},"geometry_name":"the_geom","properties":{"nombre":"ESCUELA EL DIAMANTE NUCLEO EDUCATIVO NO 16","localizaci":"KR 31 CON CL 41 ESQUINA","servicio":"EDUCACION","tipo":"ESCUELA","nivel":"EDUCACION BASICA MEDIA","propiedad":"PUB","escala":"ZONAL","permanenci":"NO","estruc_eco":"NO","url1":null}},{"type":"Feature","id":"eqp_uco_educacion.3206","geometry":{"type":"MultiPolygon","coordinates":[[[[-76.49319264,3.42166577],[-76.49312273,3.42155483],[-76.4931706,3.42152574],[-76.49323979,3.42163677],[-76.49319264,3.42166577]]]]},"geometry_name":"the_geom","properties":{"nombre":"COLEGIO CHIQUILINES","localizaci":"CL 72T NO 28D4 06","servicio":"EDUCACION","tipo":"COLEGIO","nivel":"EDUCACION BASICA","propiedad":"PRIV","escala":"LOCAL","permanenci":"NO","estruc_eco":"NO","url1":null}},{"type":"Feature","id":"eqp_uco_educacion.3208","geometry":{"type":"MultiPolygon","coordinates":[[[[-76.49233103,3.41943062],[-76.49222003,3.41956626],[-76.49208445,3.41945515],[-76.49219502,3.41932029],[-76.49233103,3.41943062]]]]},"geometry_name":"the_geom","properties":{"nombre":"CENTRO DE CAPACITACION TECNICO COMUNITARIO DE OCCIDENTE_INSTITUTO TECNICO INDUSTRIAL","localizaci":"KR 28E2 ENTRE CL 72U Y 72W","servicio":"EDUCACION","tipo":"INSTTINDU","nivel":"EDUCACION TECNICA","propiedad":"PRIV","escala":"LOCAL","permanenci":"NO","estruc_eco":"NO","url1":null}},{"type":"Feature","id":"eqp_uco_educacion.3209","geometry":{"type":"MultiPolygon","coordinates":[[[[-76.48779865,3.42290832],[-76.4882184,3.42241867],[-76.48837975,3.42256496],[-76.48812602,3.422872],[-76.48806298,3.4228182],[-76.48797784,3.42291551],[-76.48804144,3.42297434],[-76.48797463,3.42305518],[-76.48779865,3.42290832]]]]},"geometry_name":"the_geom","properties":{"nombre":"CENTRO DOCENTE NO 127 SANTA ROSA","localizaci":"KR 28 ENTRE CL 72Z Y 72 X","servicio":"EDUCACION","tipo":"CENTDOC","nivel":"EDUCACION BASICA-EDUCACION MEDIA VOCACIONAL","propiedad":"PUB","escala":"LOCAL","permanenci":"NO","estruc_eco":"NO","url1":null}},{"type":"Feature","id":"eqp_uco_educacion.3210","geometry":{"type":"MultiPolygon","coordinates":[[[[-76.49885338,3.42665536],[-76.4988604,3.42665003],[-76.49881449,3.42662106],[-76.49884229,3.42659129],[-76.49884283,3.42658983],[-76.49887382,3.4265595],[-76.49895019,3.42663882],[-76.49889914,3.4266862],[-76.49885338,3.42665536]]]]},"geometry_name":"the_geom","properties":{"nombre":"INSTITUTO SANTA ANITA","localizaci":"CL 71B NO 28D3 02","servicio":"EDUCACION","tipo":"CENTEDUC","nivel":"EDUCACION TECNICA","propiedad":"PRIV","escala":"LOCAL","permanenci":"NO","estruc_eco":"NO","url1":null}},{"type":"Feature","id":"eqp_uco_educacion.3211","geometry":{"type":"MultiPolygon","coordinates":[[[[-76.49729478,3.42367494],[-76.49732351,3.42353991],[-76.49744452,3.42360483],[-76.49742189,3.42370385],[-76.49729478,3.42367494]]]]},"geometry_name":"the_geom","properties":{"nombre":"JARDIN INFANTIL GOLDA MEIR","localizaci":"CL 72F6 NO 28F 02","servicio":"EDUCACION","tipo":"JARDININF","nivel":"EDUCACION PREESCOLAR","propiedad":"PRIV","escala":"LOCAL","permanenci":"NO","estruc_eco":"NO","url1":null}},{"type":"Feature","id":"eqp_uco_educacion.3212","geometry":{"type":"MultiPolygon","coordinates":[[[[-76.50101258,3.41725812],[-76.50073992,3.41752613],[-76.50061643,3.41739798],[-76.50088701,3.41713102],[-76.50101258,3.41725812]]]]},"geometry_name":"the_geom","properties":{"nombre":"CENTRO DOCENTE NO 123 JUAN PABLO II_NUCLEO EDUCATIVO 017","localizaci":"KR 33 NO 42C 09","servicio":"EDUCACION","tipo":"CENTDOC","nivel":"EDUCACION BASICA-EDUCACION MEDIA VOCACIONAL","propiedad":"PRIV","escala":"LOCAL","permanenci":"NO","estruc_eco":"NO","url1":null}},{"type":"Feature","id":"eqp_uco_educacion.3213","geometry":{"type":"MultiPolygon","coordinates":[[[[-76.48910913,3.41154646],[-76.48909509,3.41155852],[-76.48906412,3.41152548],[-76.48905224,3.41151243],[-76.48902811,3.41148542],[-76.48900219,3.41145842],[-76.48904612,3.41142943],[-76.48904936,3.41143348],[-76.48905224,3.41143546],[-76.48910841,3.41149046],[-76.48913722,3.41151945],[-76.48910913,3.41154646]]]]},"geometry_name":"the_geom","properties":{"nombre":"LICEO MIXTO JESUS DE NAZARETH","localizaci":"CL 96 NO 28H 18","servicio":"EDUCACION","tipo":"LICEO","nivel":"EDUCACION BASICA","propiedad":"PRIV","escala":"LOCAL","permanenci":"NO","estruc_eco":"NO","url1":null}},{"type":"Feature","id":"eqp_uco_educacion.3214","geometry":{"type":"MultiPolygon","coordinates":[[[[-76.48944266,3.41290718],[-76.48939563,3.41285435],[-76.48950056,3.41275688],[-76.48954485,3.41280387],[-76.48957761,3.41283592],[-76.48947191,3.41293974],[-76.48944394,3.41291044],[-76.48944266,3.41290718]]]]},"geometry_name":"the_geom","properties":{"nombre":"INSTITUTO ARCO IRIS_CENTRO DE DESARROLLO COMUNITARIO","localizaci":"CL 85 CON KR 28 ESQUINA","servicio":"EDUCACION","tipo":"CENTEDUC","nivel":"EDUCACION TECNICA","propiedad":"PRIV","escala":"LOCAL","permanenci":"NO","estruc_eco":"NO","url1":null}},{"type":"Feature","id":"eqp_uco_educacion.3215","geometry":{"type":"MultiPolygon","coordinates":[[[[-76.48822539,3.41743638],[-76.48813645,3.41734429],[-76.48816562,3.4173153],[-76.48820163,3.4173523],[-76.48825563,3.41740839],[-76.48822539,3.41743638]]]]},"geometry_name":"the_geom","properties":{"nombre":"LICEO MIS PRIMEROS TRIUNFOS","localizaci":"CL 79 NO 28D2 75","servicio":"EDUCACION","tipo":"LICEO","nivel":"EDUCACION PREESCOLAR","propiedad":"PRIV","escala":"LOCAL","permanenci":"NO","estruc_eco":"NO","url1":null}},{"type":"Feature","id":"eqp_uco_educacion.3216","geometry":{"type":"MultiPolygon","coordinates":[[[[-76.48887487,3.41345043],[-76.48881977,3.41350038],[-76.48877369,3.41345141],[-76.48880969,3.41341739],[-76.48882482,3.41340344],[-76.48887271,3.41335843],[-76.48888459,3.4133704],[-76.4889206,3.41340938],[-76.48889467,3.41343342],[-76.48887487,3.41345043]]]]},"geometry_name":"the_geom","properties":{"nombre":"COLEGIO CRISTIANO SHALOM","localizaci":"KR 28E6 NO 84A 28","servicio":"EDUCACION","tipo":"COLEGIO","nivel":"EDUCACION BASICA-EDUCACION MEDIA VOCACIONAL","propiedad":"PRIV","escala":"LOCAL","permanenci":"NO","estruc_eco":"NO","url1":null}},{"type":"Feature","id":"eqp_uco_educacion.3217","geometry":{"type":"MultiPolygon","coordinates":[[[[-76.49166436,3.41605497],[-76.49165827,3.41604933],[-76.49165269,3.4160409],[-76.4916173,3.41594451],[-76.4916173,3.41585186],[-76.49161637,3.41584344],[-76.49159123,3.41576482],[-76.49159113,3.41574603],[-76.49176055,3.41558247],[-76.49194712,3.41578138],[-76.49193075,3.41579721],[-76.49166746,3.41605197],[-76.49166436,3.41605497]]]]},"geometry_name":"the_geom","properties":{"nombre":"COLEGIO TECNICO COMERCIAL LA BASTILLA","localizaci":"CL 75 CON KR 28F ESQUINA","servicio":"EDUCACION","tipo":"INSTTCOM","nivel":"EDUCACION PREESCOLAR  BASICA MEDIA","propiedad":"PRIV","escala":"LOCAL","permanenci":"NO","estruc_eco":"NO","url1":null}},{"type":"Feature","id":"eqp_uco_educacion.3218","geometry":{"type":"MultiPolygon","coordinates":[[[[-76.49414537,3.41517797],[-76.49417021,3.41515295],[-76.49419326,3.41517797],[-76.49421234,3.41519796],[-76.49411116,3.41529499],[-76.49407623,3.41525799],[-76.49406939,3.41525097],[-76.49414537,3.41517797]]]]},"geometry_name":"the_geom","properties":{"nombre":"JARDIN INFANTIL PERSONITAS SABIAS","localizaci":"KR 29A NO 49 25","servicio":"EDUCACION","tipo":"JARDININF","nivel":"EDUCACION PREESCOLAR","propiedad":"PRIV","escala":"LOCAL","permanenci":"NO","estruc_eco":"NO","url1":null}},{"type":"Feature","id":"eqp_uco_educacion.3219","geometry":{"type":"MultiPolygon","coordinates":[[[[-76.49741827,3.41274114],[-76.49751141,3.41265424],[-76.49751144,3.41265428],[-76.49759041,3.41257075],[-76.49770401,3.412684],[-76.4976981,3.41268932],[-76.49785092,3.41284917],[-76.49776286,3.41293515],[-76.49776298,3.41293528],[-76.49766508,3.41303163],[-76.49758565,3.41295276],[-76.49754066,3.41289214],[-76.49749567,3.41281894],[-76.49744712,3.41277014],[-76.49741827,3.41274114]]]]},"geometry_name":"the_geom","properties":{"nombre":"COLEGIO PARROQUIAL","localizaci":"KR 33A ENTRE CL 48A Y 49","servicio":"EDUCACION","tipo":"COLEGIO","nivel":"EDUCACION BASICA","propiedad":"PUB","escala":"LOCAL","permanenci":"NO","estruc_eco":"NO","url1":null}},{"type":"Feature","id":"eqp_uco_educacion.3220","geometry":{"type":"MultiPolygon","coordinates":[[[[-76.49777396,3.41069892],[-76.49773291,3.41065391],[-76.49764794,3.41055984],[-76.49758997,3.41049782],[-76.49792917,3.41017081],[-76.49807203,3.41003302],[-76.49811812,3.40998726],[-76.49819814,3.40990991],[-76.49825537,3.40985459],[-76.49836671,3.40998258],[-76.49841239,3.41003383],[-76.49842932,3.41005282],[-76.49849737,3.4101278],[-76.49849341,3.41013087],[-76.49843831,3.41018388],[-76.49843111,3.41019081],[-76.49830508,3.4103099],[-76.49831012,3.41032088],[-76.49792915,3.41065491],[-76.49782004,3.41074888],[-76.49777396,3.41069892]]]]},"geometry_name":"the_geom","properties":{"nombre":"COLEGIO SEÑOR DE LOS MILAGROS","localizaci":"KR 38 ENTRE CL 50 Y 51A","servicio":"EDUCACION","tipo":"COLEGIO","nivel":"EDUCACION PREESCOLAR  BASICA MEDIA","propiedad":"PUB","escala":"ZONAL","permanenci":"NO","estruc_eco":"NO","url1":null}},{"type":"Feature","id":"eqp_uco_educacion.3221","geometry":{"type":"MultiPolygon","coordinates":[[[[-76.50029415,3.40883364],[-76.50033627,3.40887973],[-76.50035231,3.40889706],[-76.50027987,3.40896375],[-76.50026426,3.4089467],[-76.50025526,3.4089377],[-76.50023329,3.40891366],[-76.50021997,3.40889971],[-76.50029415,3.40883364]]]]},"geometry_name":"the_geom","properties":{"nombre":"INSTITUTO SUPERIOR DEL PACIFICO","localizaci":"KR 39E NO 50 17","servicio":"EDUCACION","tipo":"CENTEDUC","nivel":"EDUCACION BASICA-EDUCACION MEDIA VOCACIONAL","propiedad":"PRIV","escala":"LOCAL","permanenci":"NO","estruc_eco":"NO","url1":null}},{"type":"Feature","id":"eqp_uco_educacion.3222","geometry":{"type":"MultiPolygon","coordinates":[[[[-76.494716,3.41530927],[-76.4948128,3.41541046],[-76.49480355,3.41541922],[-76.49479691,3.41542552],[-76.49476512,3.41545567],[-76.49476858,3.4154618],[-76.4947676,3.41546297],[-76.49476746,3.41546326],[-76.49472462,3.41550541],[-76.4947228,3.4155018],[-76.4946733,3.41554433],[-76.49457699,3.41544392],[-76.494716,3.41530927]]]]},"geometry_name":"the_geom","properties":{"nombre":"FUNDACION MAESTRO SAMUEL JOAQUIN","localizaci":"CL 48A NO 29A 05","servicio":"EDUCACION","tipo":"CENTDOC","nivel":"EDUCACION BASICA-EDUCACION MEDIA VOCACIONAL","propiedad":"PRIV","escala":"LOCAL","permanenci":"NO","estruc_eco":"NO","url1":null}},{"type":"Feature","id":"eqp_uco_educacion.3223","geometry":{"type":"MultiPolygon","coordinates":[[[[-76.49303965,3.40932846],[-76.49329394,3.40908078],[-76.49348381,3.40927347],[-76.49322737,3.40952434],[-76.49303965,3.40932846]]]]},"geometry_name":"the_geom","properties":{"nombre":"CENTRO DOCENTE LUZ DEL SABER","localizaci":"KR 34 NO 57A 25","servicio":"EDUCACION","tipo":"CENTDOC","nivel":"EDUCACION BASICA-EDUCACION MEDIA VOCACIONAL","propiedad":"PRIV","escala":"LOCAL","permanenci":"NO","estruc_eco":"NO","url1":null}},{"type":"Feature","id":"eqp_uco_educacion.3224","geometry":{"type":"MultiPolygon","coordinates":[[[[-76.49379017,3.4076621],[-76.4936855,3.40776225],[-76.49364236,3.40771613],[-76.49374627,3.40761586],[-76.49379017,3.4076621]]]]},"geometry_name":"the_geom","properties":{"nombre":"COLEGIO LA PRESENTACION","localizaci":"KR 29B NO 54 00","servicio":"EDUCACION","tipo":"COLEGIO","nivel":"EDUCACION BASICA-EDUCACION MEDIA VOCACIONAL","propiedad":"PUB","escala":"ZONAL","permanenci":"NO","estruc_eco":"NO","url1":null}},{"type":"Feature","id":"eqp_uco_educacion.3225","geometry":{"type":"MultiPolygon","coordinates":[[[[-76.48690962,3.41744625],[-76.48693752,3.41742002],[-76.48702741,3.41751175],[-76.48699859,3.4175403],[-76.48690962,3.41744625]]]]},"geometry_name":"the_geom","properties":{"nombre":"COLEGIO NUEVA ESPERANZA","localizaci":"CL 82 NO 28D1 88","servicio":"EDUCACION","tipo":"COLEGIO","nivel":"EDUCACION BASICA","propiedad":"PRIV","escala":"LOCAL","permanenci":"NO","estruc_eco":"NO","url1":null}},{"type":"Feature","id":"eqp_uco_educacion.3226","geometry":{"type":"MultiPolygon","coordinates":[[[[-76.49603208,3.41370789],[-76.49554651,3.41417614],[-76.49539477,3.41401472],[-76.49526557,3.41387708],[-76.49559013,3.41356623],[-76.4957126,3.4136997],[-76.49587346,3.41354253],[-76.49603208,3.41370789]]]]},"geometry_name":"the_geom","properties":{"nombre":"ESCUELA JOSE RAMON BEJARANO","localizaci":"KR 32A CON CL 48A","servicio":"EDUCACION","tipo":"ESCUELA","nivel":"EDUCACION BASICA","propiedad":"PUB","escala":"LOCAL","permanenci":"NO","estruc_eco":"NO","url1":null}},{"type":"Feature","id":"eqp_uco_educacion.3227","geometry":{"type":"MultiPolygon","coordinates":[[[[-76.49114632,3.41671252],[-76.49128685,3.41657905],[-76.49130598,3.41666005],[-76.49119386,3.41676776],[-76.49114632,3.41671252]]]]},"geometry_name":"the_geom","properties":{"nombre":"LICEO ESTRELLAS DEL FUTURO","localizaci":"CL 76 CON KR 28E BIS ESQUINA","servicio":"EDUCACION","tipo":"LICEO","nivel":"EDUCACION BASICA MEDIA","propiedad":"PRIV","escala":"LOCAL","permanenci":"NO","estruc_eco":"NO","url1":null}},{"type":"Feature","id":"eqp_uco_educacion.3228","geometry":{"type":"MultiPolygon","coordinates":[[[[-76.48896231,3.41861807],[-76.48892017,3.41857507],[-76.48888126,3.41853108],[-76.48886829,3.41851813],[-76.48887621,3.41851011],[-76.48887909,3.41850813],[-76.48890103,3.41848607],[-76.48892913,3.41851611],[-76.48899614,3.41858601],[-76.48896231,3.41861807]]]]},"geometry_name":"the_geom","properties":{"nombre":"COLEGIO CATEDRATICO SAN MARCOS","localizaci":"CL 76 NO 28D2 41","servicio":"EDUCACION","tipo":"COLEGIO","nivel":"EDUCACION BASICA-EDUCACION MEDIA VOCACIONAL","propiedad":"PRIV","escala":"LOCAL","permanenci":"NO","estruc_eco":"NO","url1":null}},{"type":"Feature","id":"eqp_uco_educacion.3229","geometry":{"type":"MultiPolygon","coordinates":[[[[-76.49205995,3.41599186],[-76.49198105,3.41590737],[-76.49202588,3.41586482],[-76.4921045,3.41594861],[-76.49205995,3.41599186]]]]},"geometry_name":"the_geom","properties":{"nombre":"COLEGIO ISAIAS HERNAN  IBARRA","localizaci":"KR 28F CON CL 76 ESQUINA","servicio":"EDUCACION","tipo":"COLEGIO","nivel":"EDUCACION BASICA MEDIA","propiedad":"PRIV","escala":"LOCAL","permanenci":"NO","estruc_eco":"NO","url1":null}},{"type":"Feature","id":"eqp_uco_educacion.3230","geometry":{"type":"MultiPolygon","coordinates":[[[[-76.49152909,3.41672274],[-76.49145497,3.41679478],[-76.49143763,3.41672765],[-76.49154991,3.41661877],[-76.49159314,3.41666078],[-76.49156183,3.41669077],[-76.49152909,3.41672274]]]]},"geometry_name":"the_geom","properties":{"nombre":"INSTITUTO  FEDERICO DE ONIS","localizaci":"KR 28E CON CL 74 ESQUINA","servicio":"EDUCACION","tipo":"CENTEDUC","nivel":"EDUCACION TECNICA","propiedad":"PUB","escala":"LOCAL","permanenci":"NO","estruc_eco":"NO","url1":null}},{"type":"Feature","id":"eqp_uco_educacion.3231","geometry":{"type":"MultiPolygon","coordinates":[[[[-76.48582034,3.41603867],[-76.48586381,3.41599252],[-76.48594758,3.41608314],[-76.48590111,3.41612132],[-76.48582034,3.41603867]]]]},"geometry_name":"the_geom","properties":{"nombre":"COLEGIO CRISTIANO ANDRES ESCOBAR","localizaci":"CL 86 NO 28D1 102","servicio":"EDUCACION","tipo":"COLEGIO","nivel":"EDUCACION BASICA MEDIA","propiedad":"PRIV","escala":"LOCAL","permanenci":"NO","estruc_eco":"NO","url1":null}},{"type":"Feature","id":"eqp_uco_educacion.3232","geometry":{"type":"MultiPolygon","coordinates":[[[[-76.48650089,3.41689998],[-76.48640909,3.41680542],[-76.4864332,3.41678246],[-76.48646598,3.41681439],[-76.48647895,3.41682644],[-76.48653003,3.41687265],[-76.48650089,3.41689998]]]]},"geometry_name":"the_geom","properties":{"nombre":"INSTITUTO MORENO DEL CASTILLO","localizaci":"CL 83 NO 28D1 43","servicio":"EDUCACION","tipo":"CENTEDUC","nivel":"EDUCACION TECNICA","propiedad":"PRIV","escala":"LOCAL","permanenci":"NO","estruc_eco":"NO","url1":null}},{"type":"Feature","id":"eqp_uco_educacion.3233","geometry":{"type":"MultiPolygon","coordinates":[[[[-76.5030304,3.4076787],[-76.50299174,3.40763616],[-76.50293592,3.40757469],[-76.50303958,3.40747703],[-76.50309578,3.40754],[-76.50320661,3.40743787],[-76.50325272,3.40748789],[-76.50323648,3.40750237],[-76.5031384,3.40758644],[-76.50303673,3.40767418],[-76.5030304,3.4076787]]]]},"geometry_name":"the_geom","properties":{"nombre":"INSTITUTO TECNICO COMERCIAL COLOMBO LIBANES","localizaci":"KR 41A NO 49 02","servicio":"EDUCACION","tipo":"INSTTCOM","nivel":"EDUCACION TECNICA","propiedad":"PRIV","escala":"LOCAL","permanenci":"NO","estruc_eco":"NO","url1":null}},{"type":"Feature","id":"eqp_uco_educacion.3234","geometry":{"type":"MultiPolygon","coordinates":[[[[-76.4981608,3.4044093],[-76.49815382,3.40440112],[-76.49810541,3.40435097],[-76.49813005,3.40432824],[-76.49815245,3.40430633],[-76.49818262,3.40427661],[-76.49820626,3.40425407],[-76.49826159,3.40431204],[-76.49821109,3.40436076],[-76.4981608,3.4044093]]]]},"geometry_name":"the_geom","properties":{"nombre":"CENTRO EDUCATIVO MADRE SIFREDI_FE Y ALEGRIA","localizaci":"KR 39 NO 54 02","servicio":"EDUCACION","tipo":"CENTEDUC","nivel":"EDUCACION BASICA-EDUCACION MEDIA VOCACIONAL","propiedad":"PRIV","escala":"LOCAL","permanenci":"NO","estruc_eco":"NO","url1":null}},{"type":"Feature","id":"eqp_uco_educacion.3235","geometry":{"type":"MultiPolygon","coordinates":[[[[-76.50059686,3.40645365],[-76.50064184,3.40641268],[-76.50065986,3.40643265],[-76.50069685,3.40647286],[-76.50065407,3.40651167],[-76.50060118,3.40655986],[-76.50058179,3.40653872],[-76.50054685,3.40649968],[-76.50059686,3.40645365]]]]},"geometry_name":"the_geom","properties":{"nombre":"JARDIN INFANTIL PICARDIAS","localizaci":"CL 53 NO 41 17","servicio":"EDUCACION","tipo":"JARDININF","nivel":"EDUCACION PREESCOLAR","propiedad":"PRIV","escala":"LOCAL","permanenci":"NO","estruc_eco":"NO","url1":null}},{"type":"Feature","id":"eqp_uco_educacion.3236","geometry":{"type":"MultiPolygon","coordinates":[[[[-76.50101824,3.40547137],[-76.50099917,3.40548938],[-76.50095616,3.4055284],[-76.50092042,3.40548884],[-76.50087068,3.40543257],[-76.50093322,3.40537745],[-76.50101824,3.40547137]]]]},"geometry_name":"the_geom","properties":{"nombre":"CENTRO EDUCATIVO NUESTRA SEÑORA DEL REFUGIO","localizaci":"KR 40A NO 55 27","servicio":"EDUCACION","tipo":"CENTEDUC","nivel":"EDUCACION BASICA-EDUCACION MEDIA VOCACIONAL","propiedad":"PRIV","escala":"LOCAL","permanenci":"NO","estruc_eco":"NO","url1":null}},{"type":"Feature","id":"eqp_uco_educacion.3237","geometry":{"type":"MultiPolygon","coordinates":[[[[-76.50108771,3.40658076],[-76.50105706,3.40660837],[-76.5010459,3.40661846],[-76.50102789,3.40659741],[-76.50106783,3.40655941],[-76.50104982,3.40654043],[-76.50109875,3.40649737],[-76.50111497,3.40651438],[-76.50113452,3.40653772],[-76.50108771,3.40658076]]]]},"geometry_name":"the_geom","properties":{"nombre":"PREESCOLAR LA CASITA ENCANTADA DE FABU","localizaci":"KR 40C NO 51 77","servicio":"EDUCACION","tipo":"CENTPRE","nivel":"EDUCACION PREESCOLAR","propiedad":"PRIV","escala":"LOCAL","permanenci":"NO","estruc_eco":"NO","url1":null}},{"type":"Feature","id":"eqp_uco_educacion.3238","geometry":{"type":"MultiPolygon","coordinates":[[[[-76.49909921,3.40743894],[-76.49907973,3.40741756],[-76.4990893,3.40740858],[-76.49919041,3.40732257],[-76.49920915,3.40734353],[-76.4992232,3.40735954],[-76.49916922,3.40741159],[-76.49915121,3.40739153],[-76.49910947,3.40742963],[-76.49909921,3.40743894]]]]},"geometry_name":"the_geom","properties":{"nombre":"LICEO INFANTIL MUNDO ENCANTADO","localizaci":"KR 39E NO 52A 28","servicio":"EDUCACION","tipo":"LICEO","nivel":"EDUCACION PREESCOLAR","propiedad":"PRIV","escala":"LOCAL","permanenci":"NO","estruc_eco":"NO","url1":null}},{"type":"Feature","id":"eqp_uco_educacion.3239","geometry":{"type":"MultiPolygon","coordinates":[[[[-76.50144931,3.40619673],[-76.50143177,3.40617827],[-76.50140185,3.40614436],[-76.50141258,3.40613487],[-76.50149642,3.40605678],[-76.5015274,3.40609079],[-76.50148566,3.4061288],[-76.50150367,3.4061458],[-76.50144931,3.40619673]]]]},"geometry_name":"the_geom","properties":{"nombre":"LICEO CARITAS FELICES","localizaci":"KR 41A NO 51 83","servicio":"EDUCACION","tipo":"LICEO","nivel":"EDUCACION PREESCOLAR","propiedad":"PRIV","escala":"LOCAL","permanenci":"NO","estruc_eco":"NO","url1":null}},{"type":"Feature","id":"eqp_uco_educacion.3240","geometry":{"type":"MultiPolygon","coordinates":[[[[-76.50105212,3.40744589],[-76.50110106,3.40740086],[-76.50117744,3.40748593],[-76.50115215,3.40750864],[-76.50112415,3.40747591],[-76.5011004,3.4074969],[-76.50105212,3.40744589]]]]},"geometry_name":"the_geom","properties":{"nombre":"ESCUELA ENRIQUE OLAYA HERRERA NO 131","localizaci":"CL 51 NO 40 32","servicio":"EDUCACION","tipo":"ESCUELA","nivel":"EDUCACION BASICA MEDIA","propiedad":"PUB","escala":"LOCAL","permanenci":"NO","estruc_eco":"NO","url1":null}},{"type":"Feature","id":"eqp_uco_educacion.3241","geometry":{"type":"MultiPolygon","coordinates":[[[[-76.50122543,3.40890645],[-76.50127544,3.40886043],[-76.50131327,3.40890334],[-76.50126433,3.40894945],[-76.5012402,3.40892346],[-76.5011926,3.40896727],[-76.50117723,3.40895013],[-76.5011934,3.40893545],[-76.50122543,3.40890645]]]]},"geometry_name":"the_geom","properties":{"nombre":"LICEO LOS BAMBINOS","localizaci":"KR 39G NO 49 39","servicio":"EDUCACION","tipo":"LICEO","nivel":"EDUCACION PREESCOLAR","propiedad":"PRIV","escala":"LOCAL","permanenci":"NO","estruc_eco":"NO","url1":null}},{"type":"Feature","id":"eqp_uco_educacion.3242","geometry":{"type":"MultiPolygon","coordinates":[[[[-76.49612003,3.41207452],[-76.49606894,3.41212459],[-76.49597168,3.41202466],[-76.49602565,3.4119726],[-76.49612003,3.41207452]]]]},"geometry_name":"the_geom","properties":{"nombre":"COLEGIO TECNOLOGICO COMUNA 15","localizaci":"CL 51 NO 32A 106","servicio":"EDUCACION","tipo":"COLEGIO","nivel":"EDUCACION BASICA MEDIA","propiedad":"PUB","escala":"LOCAL","permanenci":"NO","estruc_eco":"NO","url1":null}},{"type":"Feature","id":"eqp_uco_educacion.3243","geometry":{"type":"MultiPolygon","coordinates":[[[[-76.49558885,3.41180482],[-76.49554279,3.41184886],[-76.49544769,3.41174892],[-76.49549375,3.41170488],[-76.49558885,3.41180482]]]]},"geometry_name":"the_geom","properties":{"nombre":"COLEGIO SANTA LUCIA","localizaci":"CL 51A NO 32A 95","servicio":"EDUCACION","tipo":"COLEGIO","nivel":"EDUCACION BASICA MEDIA","propiedad":"PRIV","escala":"LOCAL","permanenci":"NO","estruc_eco":"NO","url1":null}},{"type":"Feature","id":"eqp_uco_educacion.3244","geometry":{"type":"MultiPolygon","coordinates":[[[[-76.49571169,3.41194182],[-76.49566672,3.41198478],[-76.49557269,3.41188484],[-76.49561659,3.41183981],[-76.49571169,3.41194182]]]]},"geometry_name":"the_geom","properties":{"nombre":"INSTITUTO TECNICO INDUSTRIAL COLOMBO CANADIENSE","localizaci":"CL 51A NO 32A 96","servicio":"EDUCACION","tipo":"INSTTINDU","nivel":"EDUCACION TECNICA","propiedad":"PRIV","escala":"LOCAL","permanenci":"NO","estruc_eco":"NO","url1":null}},{"type":"Feature","id":"eqp_uco_educacion.3245","geometry":{"type":"MultiPolygon","coordinates":[[[[-76.50178607,3.4076641],[-76.50157672,3.40785063],[-76.50115153,3.40735431],[-76.50125329,3.40725918],[-76.50133118,3.40734568],[-76.50141984,3.40726376],[-76.50178607,3.4076641]]]]},"geometry_name":"the_geom","properties":{"nombre":"INSTITUTO EDUCATIVO CIUDAD CORDOBA","localizaci":"CL 51 NO 40 33","servicio":"EDUCACION","tipo":"CENTEDUC","nivel":"EDUCACION BASICA-EDUCACION MEDIA VOCACIONAL","propiedad":"PRIV","escala":"LOCAL","permanenci":"NO","estruc_eco":"NO","url1":null}},{"type":"Feature","id":"eqp_uco_educacion.3246","geometry":{"type":"MultiPolygon","coordinates":[[[[-76.48610046,3.4157487],[-76.48616467,3.41568796],[-76.48634863,3.41588077],[-76.48628663,3.41593941],[-76.48610046,3.4157487]]]]},"geometry_name":"the_geom","properties":{"nombre":"COLEGIO NACEDEROS","localizaci":"CL 89 CON KR 28 D 2","servicio":"EDUCACION","tipo":"COLEGIO","nivel":"EDUCACION PREESCOLAR  BASICA MEDIA","propiedad":"PRIV","escala":"LOCAL","permanenci":"NO","estruc_eco":"NO","url1":null}},{"type":"Feature","id":"eqp_uco_educacion.3247","geometry":{"type":"MultiPolygon","coordinates":[[[[-76.49278371,3.41180705],[-76.49286628,3.41189448],[-76.49292191,3.41184135],[-76.49310964,3.41203986],[-76.49324637,3.41218456],[-76.4930142,3.41240702],[-76.49260746,3.4119765],[-76.49278371,3.41180705]]]]},"geometry_name":"the_geom","properties":{"nombre":"COLEGIO LA PRESENTACION","localizaci":"KR 29B 54 00","servicio":"EDUCACION","tipo":"COLEGIO","nivel":"EDUCACION BASICA-EDUCACION MEDIA VOCACIONAL","propiedad":"PUB","escala":"ZONAL","permanenci":"NO","estruc_eco":"NO","url1":null}},{"type":"Feature","id":"eqp_uco_educacion.3248","geometry":{"type":"MultiPolygon","coordinates":[[[[-76.49111576,3.41058409],[-76.49107001,3.41062821],[-76.49102202,3.41058005],[-76.49098602,3.41054296],[-76.49097429,3.41053116],[-76.49100403,3.41050318],[-76.49102111,3.41048778],[-76.49104986,3.41051852],[-76.49111576,3.41058409]]]]},"geometry_name":"the_geom","properties":{"nombre":"ESCUELA MUNICIPAL 167 ALFONSO BONILLA ARAGON","localizaci":"KR 33 CL 56A","servicio":"EDUCACION","tipo":"ESCUELA","nivel":"EDUCACION BASICA MEDIA","propiedad":"PUB","escala":"LOCAL","permanenci":"NO","estruc_eco":"NO","url1":null}},{"type":"Feature","id":"eqp_uco_educacion.3249","geometry":{"type":"MultiPolygon","coordinates":[[[[-76.49104986,3.41051852],[-76.49102111,3.41048778],[-76.49106787,3.41044441],[-76.49116146,3.41054002],[-76.49111468,3.41058513],[-76.49104986,3.41051852]]]]},"geometry_name":"the_geom","properties":{"nombre":"COLEGIO EMPRESARIAL MIS PRIMEROS TRIUNFOS","localizaci":"KR 34 57 18","servicio":"EDUCACION","tipo":"COLEGIO","nivel":"EDUCACION BASICA MEDIA","propiedad":"PRIV","escala":"LOCAL","permanenci":"NO","estruc_eco":"NO","url1":null}},{"type":"Feature","id":"eqp_uco_educacion.3250","geometry":{"type":"MultiPolygon","coordinates":[[[[-76.49381812,3.41030796],[-76.49386573,3.41026226],[-76.49388731,3.4102846],[-76.49389181,3.41028912],[-76.49389807,3.41029548],[-76.49390798,3.41030537],[-76.49393948,3.41033703],[-76.49394306,3.41034155],[-76.49395206,3.41034974],[-76.49396021,3.41035879],[-76.49397455,3.41037412],[-76.49397997,3.41037956],[-76.49393321,3.41042569],[-76.49390705,3.4104519],[-76.49388821,3.41046999],[-76.4938783,3.41046002],[-76.4937964,3.41037686],[-76.49377305,3.41035122],[-76.49381812,3.41030796]]]]},"geometry_name":"the_geom","properties":{"nombre":"INSTITUCION EDUCATIVA NUEVO GIMNASIO CRISTIANO","localizaci":"CL 55 32A 04","servicio":"EDUCACION","tipo":"INSTTCOM","nivel":"EDUCACION BASICA","propiedad":"PRIV","escala":"LOCAL","permanenci":"NO","estruc_eco":"NO","url1":null}},{"type":"Feature","id":"eqp_uco_educacion.3251","geometry":{"type":"MultiPolygon","coordinates":[[[[-76.49337574,3.4141985],[-76.49334516,3.414166],[-76.49331908,3.41413886],[-76.49331549,3.41414155],[-76.49329658,3.41411986],[-76.49327676,3.41409816],[-76.49332542,3.41405203],[-76.49332809,3.41405472],[-76.49342348,3.41415244],[-76.49337574,3.4141985]]]]},"geometry_name":"the_geom","properties":{"nombre":"COLEGIO REAL SUIZO","localizaci":"CL 51A 29A 04","servicio":"EDUCACION","tipo":"COLEGIO","nivel":"EDUCACION BASICA","propiedad":"PRIV","escala":"LOCAL","permanenci":"NO","estruc_eco":"NO","url1":null}},{"type":"Feature","id":"eqp_uco_educacion.3252","geometry":{"type":"MultiPolygon","coordinates":[[[[-76.49355939,3.41402217],[-76.49346042,3.41391908],[-76.49350717,3.41387387],[-76.49360524,3.4139788],[-76.49355939,3.41402217]]]]},"geometry_name":"the_geom","properties":{"nombre":"INSTITUTO TECNOLOGICO REY DE REYES","localizaci":"CL 51A 29B 03","servicio":"EDUCACION","tipo":"INSTTINDU","nivel":"EDUCACION TECNICA","propiedad":"PRIV","escala":"LOCAL","permanenci":"NO","estruc_eco":"NO","url1":null}},{"type":"Feature","id":"eqp_uco_educacion.3253","geometry":{"type":"MultiPolygon","coordinates":[[[[-76.54519599,3.44273159],[-76.5451939,3.44274057],[-76.54518924,3.44276069],[-76.54518854,3.44276372],[-76.54518492,3.44277931],[-76.5451642,3.44286869],[-76.5451557,3.44290532],[-76.5451439,3.44295622],[-76.54514348,3.44295801],[-76.54514346,3.44295809],[-76.54514345,3.44295815],[-76.54514229,3.44296316],[-76.54514142,3.4429669],[-76.54513631,3.44298893],[-76.54512213,3.44298685],[-76.54504796,3.44297597],[-76.54499167,3.44296771],[-76.54491687,3.44295674],[-76.54493807,3.44286466],[-76.54497837,3.44268966],[-76.54498631,3.44265519],[-76.54501688,3.44266286],[-76.54501814,3.44266318],[-76.54513129,3.44269157],[-76.54515363,3.44269718],[-76.54518207,3.44270431],[-76.5452012,3.44270911],[-76.54519858,3.44272041],[-76.54519599,3.44273159]]]]},"geometry_name":"the_geom","properties":{"nombre":"ESCUELA MARIA PERLAZA","localizaci":"CL 5 O NO 18 02","servicio":"EDUCACION","tipo":"ESCUELA","nivel":"EDUCACION PREESCOLAR-EDUCACION BASICA","propiedad":"PUB","escala":"LOCAL","permanenci":"NO","estruc_eco":"NO","url1":null}},{"type":"Feature","id":"eqp_uco_educacion.3254","geometry":{"type":"MultiPolygon","coordinates":[[[[-76.54331556,3.44412944],[-76.54339701,3.44392253],[-76.54343341,3.44393309],[-76.54379025,3.44402291],[-76.54380753,3.44402785],[-76.54414998,3.4441185],[-76.54415316,3.44411694],[-76.54423349,3.44414603],[-76.54402792,3.44461428],[-76.54349266,3.44433547],[-76.54326233,3.4442155],[-76.54331556,3.44412944]]]]},"geometry_name":"the_geom","properties":{"nombre":"INSTITUCION EDUCATIVA ESCUELA NORMAL SUPERIOR FARALLONES DE CALI SEDE MANUEL SINISTERRA PATIÑ","localizaci":"KR 14 CL 9 O","servicio":"EDUCACION","tipo":"LICEO","nivel":"EDUCACION BASICA MEDIA","propiedad":"PRIV","escala":"ZONAL","permanenci":"NO","estruc_eco":"NO","url1":null}},{"type":"Feature","id":"eqp_uco_educacion.3255","geometry":{"type":"MultiPolygon","coordinates":[[[[-76.53772804,3.44266208],[-76.53772122,3.44270312],[-76.5377022,3.44281213],[-76.53750021,3.44279622],[-76.53750631,3.44275418],[-76.53754398,3.44251223],[-76.53754721,3.44248621],[-76.53775316,3.44251608],[-76.53772804,3.44266208]]]]},"geometry_name":"the_geom","properties":{"nombre":"ESCUELA ESUSTAQUIO PALACIOS","localizaci":"KR 17 NO 3A 55","servicio":"EDUCACION","tipo":"ESCUELA","nivel":"EDUCACION PREESCOLAR-EDUCACION BASICA","propiedad":"PUB","escala":"LOCAL","permanenci":"NO","estruc_eco":"NO","url1":null}},{"type":"Feature","id":"eqp_uco_educacion.3256","geometry":{"type":"MultiPolygon","coordinates":[[[[-76.53879065,3.43960132],[-76.53878669,3.43961132],[-76.5387058,3.43982737],[-76.53895895,3.43992426],[-76.53898668,3.43993523],[-76.53878215,3.44054539],[-76.53870235,3.44078143],[-76.53869732,3.44079547],[-76.53867716,3.44080646],[-76.53859506,3.44077348],[-76.53826016,3.44063568],[-76.53816736,3.44058673],[-76.53861265,3.4394655],[-76.53864247,3.4394857],[-76.53864238,3.43948811],[-76.53879065,3.43960132]]]]},"geometry_name":"the_geom","properties":{"nombre":"ESCUELA No 47 CLUB NOEL","localizaci":"CL 3A  NO 22 21","servicio":"EDUCACION","tipo":"ESCUELA","nivel":"EDUCACION PREESCOLAR-EDUCACION BASICA","propiedad":"PRIV","escala":"LOCAL","permanenci":"NO","estruc_eco":"NO","url1":null}},{"type":"Feature","id":"eqp_uco_educacion.3257","geometry":{"type":"MultiPolygon","coordinates":[[[[-76.54039637,3.44092659],[-76.54038053,3.4409266],[-76.54032149,3.44092456],[-76.54030349,3.44092358],[-76.54027648,3.4409226],[-76.54020736,3.44091967],[-76.54018827,3.44091869],[-76.54017243,3.4409187],[-76.54008458,3.4409147],[-76.5400835,3.44091371],[-76.54005325,3.44090373],[-76.54003345,3.44090375],[-76.54006424,3.44057674],[-76.54007719,3.44055774],[-76.54009518,3.44054369],[-76.54011606,3.44053369],[-76.5401391,3.44052864],[-76.54016214,3.44053069],[-76.54016718,3.44053168],[-76.54020824,3.44055866],[-76.5403703,3.44064354],[-76.54039731,3.44065756],[-76.54039839,3.44065855],[-76.54042144,3.44066853],[-76.54039637,3.44092659]]]]},"geometry_name":"the_geom","properties":{"nombre":"ESCUELA NORMAL SUPERIOR FARALLONES DE CALI","localizaci":"CL 2 NO 22 70","servicio":"EDUCACION","tipo":"ESCUELA","nivel":"EDUCACION PREESCOLAR-EDUCACION BASICA","propiedad":"PRIV","escala":"ZONAL","permanenci":"NO","estruc_eco":"NO","url1":null}},{"type":"Feature","id":"eqp_uco_educacion.3258","geometry":{"type":"MultiPolygon","coordinates":[[[[-76.53829707,3.44434586],[-76.5382779,3.44417792],[-76.538275,3.44413985],[-76.53827102,3.44411087],[-76.53826705,3.44407793],[-76.53826993,3.44407792],[-76.53828685,3.44407585],[-76.53830701,3.44407385],[-76.53832213,3.44407187],[-76.53832791,3.4441139],[-76.53835611,3.44433889],[-76.53829707,3.44434586]]]]},"geometry_name":"the_geom","properties":{"nombre":"JARDIN INFANTIL EL OSITO POLAR","localizaci":"KR 13 NO 4 41","servicio":"EDUCACION","tipo":"JARDININF","nivel":"EDUCACION PREESCOLAR","propiedad":"PRIV","escala":"LOCAL","permanenci":"NO","estruc_eco":"NO","url1":null}},{"type":"Feature","id":"eqp_uco_educacion.3259","geometry":{"type":"MultiPolygon","coordinates":[[[[-76.54042926,3.44584481],[-76.54037705,3.44582981],[-76.54037992,3.44581982],[-76.54039897,3.44575285],[-76.54041694,3.44569181],[-76.5404518,3.44557578],[-76.54047304,3.44557982],[-76.54050581,3.44558574],[-76.54049682,3.4456158],[-76.54049611,3.44562075],[-76.54043214,3.44583482],[-76.54042926,3.44584481]]]]},"geometry_name":"the_geom","properties":{"nombre":"TALLER DE JUEGOS_JARDIN INFANTIL_PREJARDIN_JARDIN A Y B","localizaci":"KR 12 NO 1 72","servicio":"EDUCACION","tipo":"JARDININF","nivel":"EDUCACION PREESCOLAR","propiedad":"PRIV","escala":"LOCAL","permanenci":"NO","estruc_eco":"NO","url1":null}},{"type":"Feature","id":"eqp_uco_educacion.3260","geometry":{"type":"MultiPolygon","coordinates":[[[[-76.53935907,3.44800623],[-76.53947789,3.44794837],[-76.5395283,3.44809667],[-76.53957238,3.44808855],[-76.53958405,3.44818442],[-76.53958237,3.4483314],[-76.53957686,3.44852263],[-76.53952019,3.44852807],[-76.53948867,3.44903994],[-76.53939589,3.4490456],[-76.53943953,3.44851148],[-76.53939561,3.4485125],[-76.53940231,3.44807137],[-76.53935907,3.44800623]]]]},"geometry_name":"the_geom","properties":{"nombre":"CENTRO EDUCATIVO CARLOS HOLGUIN SARDI","localizaci":"KR 5 2 69","servicio":"EDUCACION","tipo":"CENTEDUC","nivel":"EDUCACION BASICA-EDUCACION MEDIA VOCACIONAL","propiedad":"PUB","escala":"LOCAL","permanenci":"NO","estruc_eco":"NO","url1":null}},{"type":"Feature","id":"eqp_uco_educacion.3261","geometry":{"type":"MultiPolygon","coordinates":[[[[-76.53727991,3.44622455],[-76.53727919,3.44621555],[-76.53725893,3.44603051],[-76.53725099,3.44599055],[-76.53723401,3.44589659],[-76.53724193,3.44589659],[-76.53734094,3.44588645],[-76.53734277,3.44594253],[-76.53734603,3.44598249],[-76.53734785,3.44602254],[-76.53734895,3.44604846],[-76.53735294,3.4461075],[-76.53735584,3.44615151],[-76.53735911,3.44621352],[-76.53735912,3.44622054],[-76.53727991,3.44622455]]]]},"geometry_name":"the_geom","properties":{"nombre":"CENTRO DE EDUCACION POPULAR PARA ADULTOS SIMON RODRIGUEZ","localizaci":"KR 10 NO 4 44","servicio":"EDUCACION","tipo":"CENTEDUC","nivel":"EDUCACION BASICA-EDUCACION MEDIA VOCACIONAL","propiedad":"PRIV","escala":"LOCAL","permanenci":"NO","estruc_eco":"NO","url1":null}},{"type":"Feature","id":"eqp_uco_educacion.3262","geometry":{"type":"MultiPolygon","coordinates":[[[[-76.54017773,3.44681701],[-76.54000383,3.44682214],[-76.53997286,3.44679408],[-76.53997967,3.44674412],[-76.5400578,3.44674606],[-76.5401028,3.44674801],[-76.54013665,3.44674898],[-76.54014493,3.44675006],[-76.54017697,3.44675103],[-76.5401777,3.44676696],[-76.54017773,3.44681701]]]]},"geometry_name":"the_geom","properties":{"nombre":"COORPORACION EDUCATIVA SIMON RODRIGUEZ","localizaci":"KR 9 NO 1 36","servicio":"EDUCACION","tipo":"CENTEDUC","nivel":"EDUCACION BASICA-EDUCACION MEDIA VOCACIONAL","propiedad":"PRIV","escala":"LOCAL","permanenci":"NO","estruc_eco":"NO","url1":null}},{"type":"Feature","id":"eqp_uco_educacion.3263","geometry":{"type":"MultiPolygon","coordinates":[[[[-76.5377424,3.44842803],[-76.5377424,3.44843288],[-76.53776682,3.44842572],[-76.53776885,3.44842981],[-76.53780751,3.44842367],[-76.53781153,3.44843681],[-76.53781143,3.44843938],[-76.53781829,3.44846934],[-76.53782839,3.44851137],[-76.53789328,3.44865939],[-76.5377655,3.44871644],[-76.53775828,3.4486934],[-76.5377305,3.44858046],[-76.53772329,3.44855742],[-76.53772148,3.44854644],[-76.53769662,3.44841652],[-76.53773324,3.44840834],[-76.53774138,3.44842879],[-76.5377424,3.44842803]]]]},"geometry_name":"the_geom","properties":{"nombre":"FUNDACION DEL ARTISTA COLOMBIANO","localizaci":"KR 5 NO 4 16 ESQUINA","servicio":"EDUCACION","tipo":"ESCARTE","nivel":"EDUCACION NO FORMAL","propiedad":"PRIV","escala":"LOCAL","permanenci":"NO","estruc_eco":"NO","url1":null}},{"type":"Feature","id":"eqp_uco_educacion.3264","geometry":{"type":"MultiPolygon","coordinates":[[[[-76.53985641,3.44588815],[-76.53987615,3.4457741],[-76.53987615,3.44576807],[-76.53996509,3.44578908],[-76.53999211,3.44582003],[-76.54000039,3.44582903],[-76.53999035,3.44588906],[-76.53998819,3.44589906],[-76.53997919,3.44589807],[-76.53985641,3.44588815]]]]},"geometry_name":"the_geom","properties":{"nombre":"JARDIN BURBUJAS","localizaci":"CALLE 2 NO 10  69","servicio":"EDUCACION","tipo":"JARDININF","nivel":"EDUCACION PREESCOLAR","propiedad":"PRIV","escala":"LOCAL","permanenci":"NO","estruc_eco":"NO","url1":null}},{"type":"Feature","id":"eqp_uco_educacion.3265","geometry":{"type":"MultiPolygon","coordinates":[[[[-76.53850267,3.44906103],[-76.5384807,3.44905906],[-76.5384645,3.44905907],[-76.5384357,3.4490571],[-76.53843066,3.4490571],[-76.53839969,3.44905514],[-76.53838169,3.44905407],[-76.53837665,3.44905407],[-76.53808178,3.4490383],[-76.53806368,3.4488583],[-76.53805145,3.44874595],[-76.53804033,3.44874717],[-76.53803613,3.44869077],[-76.53806587,3.44864464],[-76.53818378,3.44861391],[-76.53821528,3.4486057],[-76.53829086,3.44853161],[-76.53829445,3.44853069],[-76.53831877,3.44866005],[-76.53843485,3.44865193],[-76.53853005,3.44865862],[-76.53857842,3.44866001],[-76.53857163,3.44887999],[-76.53857241,3.44887999],[-76.53857243,3.448906],[-76.53856675,3.44906405],[-76.53850267,3.44906103]]]]},"geometry_name":"the_geom","properties":{"nombre":"COLEGIO SANTO TOMAS DE AQUINO","localizaci":"KR 4 NO 4 68 ESQUINA","servicio":"EDUCACION","tipo":"COLEGIO","nivel":"EDUCACION BASICA-EDUCACION MEDIA VOCACIONAL","propiedad":"PRIV","escala":"ZONAL","permanenci":"NO","estruc_eco":"NO","url1":null}},{"type":"Feature","id":"eqp_uco_educacion.3266","geometry":{"type":"MultiPolygon","coordinates":[[[[-76.53997228,3.44834019],[-76.53994024,3.44833921],[-76.53966733,3.44833333],[-76.53958237,3.4483314],[-76.53958235,3.44830044],[-76.53958341,3.44825939],[-76.53970438,3.44826032],[-76.53976234,3.44826128],[-76.53980339,3.44826125],[-76.53986423,3.4482623],[-76.53987251,3.4482623],[-76.53989844,3.44826228],[-76.53996936,3.44826323],[-76.53997228,3.44834019]]]]},"geometry_name":"the_geom","properties":{"nombre":"INSTITUCION EDUCATIVA DE SANTA LIBRADA","localizaci":"KR 5 NO 2 69","servicio":"EDUCACION","tipo":"CENTEDUC","nivel":"EDUCACION BASICA-EDUCACION MEDIA VOCACIONAL","propiedad":"PRIV","escala":"LOCAL","permanenci":"NO","estruc_eco":"NO","url1":null}},{"type":"Feature","id":"eqp_uco_educacion.3267","geometry":{"type":"MultiPolygon","coordinates":[[[[-76.4673796,3.4313026],[-76.4673796,3.43129207],[-76.46732722,3.43129207],[-76.46732722,3.43128465],[-76.4672796,3.43128465],[-76.46727961,3.43118176],[-76.46732723,3.43118176],[-76.46732723,3.4311686],[-76.46737961,3.43116861],[-76.46737961,3.43113631],[-76.46748438,3.43113631],[-76.46748438,3.43116861],[-76.467532,3.43116862],[-76.467532,3.43118178],[-76.46758081,3.43118178],[-76.4675808,3.43128467],[-76.46753199,3.43128466],[-76.46753199,3.43129208],[-76.46748437,3.43129208],[-76.46748437,3.43130261],[-76.4673796,3.4313026]]]]},"geometry_name":"the_geom","properties":{"nombre":"JARDIN INFANTIL","localizaci":"CL 102 NO 24B 35","servicio":"EDUCACION","tipo":"JARDININF","nivel":"EDUCACION PREESCOLAR","propiedad":"PRIV","escala":"LOCAL","permanenci":"NO","estruc_eco":"NO","url1":null}},{"type":"Feature","id":"eqp_uco_educacion.3268","geometry":{"type":"MultiPolygon","coordinates":[[[[-76.47537487,3.40082535],[-76.47545907,3.40077811],[-76.47548992,3.40083055],[-76.47540441,3.40088132],[-76.47537487,3.40082535]]]]},"geometry_name":"the_geom","properties":{"nombre":"CENTRO EDUCATIVO AVANCEMOS","localizaci":"KR  29 SIN INFORMACION","servicio":"EDUCACION","tipo":"CENTEDUC","nivel":"EDUCACION BASICA-EDUCACION MEDIA VOCACIONAL","propiedad":"PUB","escala":"LOCAL","permanenci":"NO","estruc_eco":"NO","url1":null}},{"type":"Feature","id":"eqp_uco_educacion.3269","geometry":{"type":"MultiPolygon","coordinates":[[[[-76.47071779,3.43317556],[-76.47080763,3.43314263],[-76.47084106,3.43323476],[-76.47074888,3.43326854],[-76.47071779,3.43317556]]]]},"geometry_name":"the_geom","properties":{"nombre":"LICEO SAGRADO CORAZON DE JESUS","localizaci":"KR 25 NO 86 11","servicio":"EDUCACION","tipo":"LICEO","nivel":"EDUCACION PREESCOLAR_EDUCACION BASICA","propiedad":"PRIV","escala":"LOCAL","permanenci":"NO","estruc_eco":"NO","url1":null}},{"type":"Feature","id":"eqp_uco_educacion.3270","geometry":{"type":"MultiPolygon","coordinates":[[[[-76.46607209,3.42197704],[-76.46610311,3.42192283],[-76.46620099,3.42198192],[-76.46615601,3.42203001],[-76.46607209,3.42197704]]]]},"geometry_name":"the_geom","properties":{"nombre":"CENTRO PEDAGOGICO AVENTURA DEL SABER","localizaci":"KR 26 NO 26E BIS 17","servicio":"EDUCACION","tipo":"INSTPEDAG","nivel":"EDUCACION PREESCOLAR_EDUCACION BASICA","propiedad":"PRIV","escala":"LOCAL","permanenci":"NO","estruc_eco":"NO","url1":null}},{"type":"Feature","id":"eqp_uco_educacion.3271","geometry":{"type":"MultiPolygon","coordinates":[[[[-76.47528532,3.40852654],[-76.47524426,3.40850154],[-76.47530613,3.40839251],[-76.47534124,3.40841362],[-76.47528532,3.40852654]]]]},"geometry_name":"the_geom","properties":{"nombre":"LICEO CASTILLO DEL SABER","localizaci":"KR 28 D6 NO 120B_09","servicio":"EDUCACION","tipo":"LICEO","nivel":"EDUCACION PREESCOLAR_EDUCACION BASICA","propiedad":"PRIV","escala":"LOCAL","permanenci":"NO","estruc_eco":"NO","url1":null}},{"type":"Feature","id":"eqp_uco_educacion.3272","geometry":{"type":"MultiPolygon","coordinates":[[[[-76.47470716,3.40957004],[-76.474636,3.40952946],[-76.47469391,3.40942043],[-76.47474564,3.4094534],[-76.47470716,3.40957004]]]]},"geometry_name":"the_geom","properties":{"nombre":"COLEGIO IDEAS FANTASTICAS","localizaci":"KR 28 D2 NO 120B_52","servicio":"EDUCACION","tipo":"COLEGIO","nivel":"EDUCACION PREESCOLAR_EDUCACION BASICA","propiedad":"PRIV","escala":"LOCAL","permanenci":"NO","estruc_eco":"NO","url1":null}},{"type":"Feature","id":"eqp_uco_educacion.3273","geometry":{"type":"MultiPolygon","coordinates":[[[[-76.4741753,3.40936547],[-76.47423165,3.40939503],[-76.47417717,3.40949652],[-76.47411352,3.40947389],[-76.4741753,3.40936547]]]]},"geometry_name":"the_geom","properties":{"nombre":"CENTRO DOCENTE ANGEL MARIA PALACIOS","localizaci":"KR 28 D NO 120B _ SIN PLACA","servicio":"EDUCACION","tipo":"CENTDOC","nivel":"EDUCACION PREESCOLAR_EDUCACION BASICA_EDUCACION MEDIA VOCACIONAL","propiedad":"PRIV","escala":"LOCAL","permanenci":"NO","estruc_eco":"NO","url1":null}},{"type":"Feature","id":"eqp_uco_educacion.3274","geometry":{"type":"MultiPolygon","coordinates":[[[[-76.47600802,3.40894574],[-76.47596876,3.4089238],[-76.47601588,3.4088317],[-76.47605369,3.40885373],[-76.47600802,3.40894574]]]]},"geometry_name":"the_geom","properties":{"nombre":"LICEO MIXTO VILLA MERCEDES","localizaci":"KR 28D6 NO 120B_57","servicio":"EDUCACION","tipo":"LICEO","nivel":"EDUCACION PREESCOLAR_EDUCACION BASICA","propiedad":"PRIV","escala":"LOCAL","permanenci":"NO","estruc_eco":"NO","url1":null}},{"type":"Feature","id":"eqp_uco_educacion.3275","geometry":{"type":"MultiPolygon","coordinates":[[[[-76.47522132,3.40862608],[-76.47516557,3.40872512],[-76.47515153,3.40871712],[-76.47511959,3.40869977],[-76.47517523,3.40859911],[-76.47522132,3.40862608]]]]},"geometry_name":"the_geom","properties":{"nombre":"COLEGIO ALEGRIA DE APRENDER","localizaci":"KR 28D5 NO 120B_10","servicio":"EDUCACION","tipo":"COLEGIO","nivel":"EDUCACION PREESCOLAR_EDUCACION BASICA","propiedad":"PRIV","escala":"LOCAL","permanenci":"NO","estruc_eco":"NO","url1":null}},{"type":"Feature","id":"eqp_uco_educacion.3276","geometry":{"type":"MultiPolygon","coordinates":[[[[-76.47474231,3.40844648],[-76.47472556,3.40843866],[-76.47470179,3.40842562],[-76.47470754,3.40841266],[-76.47471761,3.40839564],[-76.47475441,3.40832757],[-76.4747947,3.40834842],[-76.47474231,3.40844648]]]]},"geometry_name":"the_geom","properties":{"nombre":"COLEGIO MAYOR DEL NORTE NO 2","localizaci":"KR 28 D5 NO 120B_  SIN PLACA","servicio":"EDUCACION","tipo":"COLEGIO","nivel":"EDUCACION PREESCOLAR_EDUCACION BASICA_EDUCACION MEDIA VOCACIONAL","propiedad":"PRIV","escala":"LOCAL","permanenci":"NO","estruc_eco":"NO","url1":null}},{"type":"Feature","id":"eqp_uco_educacion.3277","geometry":{"type":"MultiPolygon","coordinates":[[[[-76.47701629,3.40820974],[-76.47695796,3.40821581],[-76.47694709,3.40807675],[-76.47700397,3.40807069],[-76.47701629,3.40820974]]]]},"geometry_name":"the_geom","properties":{"nombre":"COLEGIO MIXTO LUZ Y VIDA","localizaci":"CL 117 CON KR 28 F ESQUINA","servicio":"EDUCACION","tipo":"COLEGIO","nivel":"EDUCACION PREESCOLAR  BASICA MEDIA","propiedad":"PRIV","escala":"LOCAL","permanenci":"NO","estruc_eco":"NO","url1":null}},{"type":"Feature","id":"eqp_uco_educacion.3278","geometry":{"type":"MultiPolygon","coordinates":[[[[-76.46443165,3.43576182],[-76.46447327,3.43566995],[-76.46457906,3.43571418],[-76.46454332,3.43581134],[-76.46443165,3.43576182]]]]},"geometry_name":"the_geom","properties":{"nombre":"CENTRO EDUCATIVO AUTONOMO","localizaci":"CL 99A NO 20 40","servicio":"EDUCACION","tipo":"CENTEDUC","nivel":"EDUCACION BASICA-EDUCACION MEDIA VOCACIONAL","propiedad":"PRIV","escala":"LOCAL","permanenci":"NO","estruc_eco":"NO","url1":null}},{"type":"Feature","id":"eqp_uco_educacion.3279","geometry":{"type":"MultiPolygon","coordinates":[[[[-76.46714738,3.43405764],[-76.46709891,3.43406683],[-76.46708649,3.43398567],[-76.46713329,3.43397664],[-76.46714738,3.43405764]]]]},"geometry_name":"the_geom","properties":{"nombre":"INSTITUTO EDUCATIVO GUALANDAY","localizaci":"CL 100 NO 24 35","servicio":"EDUCACION","tipo":"CENTEDUC","nivel":"EDUCACION PREESCOLAR_EDUCACION BASICA","propiedad":"PRIV","escala":"LOCAL","permanenci":"NO","estruc_eco":"NO","url1":null}},{"type":"Feature","id":"eqp_uco_educacion.3280","geometry":{"type":"MultiPolygon","coordinates":[[[[-76.46627299,3.43379251],[-76.46621725,3.4338032],[-76.46620361,3.43372535],[-76.46625581,3.43371533],[-76.46627299,3.43379251]]]]},"geometry_name":"the_geom","properties":{"nombre":"CENTRO EDUCATIVO JUAN CARLOS GARZON","localizaci":"CL 100B NO 23 73","servicio":"EDUCACION","tipo":"CENTEDUC","nivel":"EDUCACION PREESCOLAR_EDUCACION BASICA","propiedad":"PRIV","escala":"LOCAL","permanenci":"NO","estruc_eco":"NO","url1":null}},{"type":"Feature","id":"eqp_uco_educacion.3281","geometry":{"type":"MultiPolygon","coordinates":[[[[-76.46870736,3.43494911],[-76.46864195,3.43497299],[-76.46862287,3.43492143],[-76.46868934,3.43489808],[-76.46869942,3.43489511],[-76.46871636,3.43494613],[-76.46870736,3.43494911]]]]},"geometry_name":"the_geom","properties":{"nombre":"JARDIN INFANTIL LOS POLLITOS","localizaci":"KR 24B NO 85 34","servicio":"EDUCACION","tipo":"JARDININF","nivel":"EDUCACION PREESCOLAR","propiedad":"PRIV","escala":"LOCAL","permanenci":"NO","estruc_eco":"NO","url1":null}},{"type":"Feature","id":"eqp_uco_educacion.3282","geometry":{"type":"MultiPolygon","coordinates":[[[[-76.46235447,3.42675131],[-76.46236321,3.42666471],[-76.46241243,3.42666972],[-76.46241038,3.42675487],[-76.46235447,3.42675131]]]]},"geometry_name":"the_geom","properties":{"nombre":"CENTRO EDUCATIVO  MIS GIRASOLES","localizaci":"CL 120J NO 22 _ 10","servicio":"EDUCACION","tipo":"CENTEDUC","nivel":"EDUCACION PREESCOLAR_EDUCACION BASICA","propiedad":"PRIV","escala":"LOCAL","permanenci":"NO","estruc_eco":"NO","url1":null}},{"type":"Feature","id":"eqp_uco_educacion.3283","geometry":{"type":"MultiPolygon","coordinates":[[[[-76.46755071,3.43873953],[-76.46749153,3.43870524],[-76.46750163,3.43868613],[-76.46751251,3.43866556],[-76.46757242,3.43869916],[-76.46755071,3.43873953]]]]},"geometry_name":"the_geom","properties":{"nombre":"COLEGIO COMERCIAL NUEVA ERA","localizaci":"CL 84C NO 20_30","servicio":"EDUCACION","tipo":"COLEGIO","nivel":"EDUCACION PREESCOLAR_EDUCACION BASICA_EDUCACION MEDIA VOCACIONAL","propiedad":"PRIV","escala":"LOCAL","permanenci":"NO","estruc_eco":"NO","url1":null}},{"type":"Feature","id":"eqp_uco_educacion.3284","geometry":{"type":"MultiPolygon","coordinates":[[[[-76.46756281,3.4384744],[-76.46753295,3.43852941],[-76.46745084,3.43848742],[-76.46748178,3.43843142],[-76.46756281,3.4384744]]]]},"geometry_name":"the_geom","properties":{"nombre":"COLEGIO JUVENIL RENACER","localizaci":"CL 84C NO 20A_07","servicio":"EDUCACION","tipo":"COLEGIO","nivel":"EDUCACION PREESCOLAR_EDUCACION BASICA_EDUCACION MEDIA VOCACIONAL","propiedad":"PRIV","escala":"LOCAL","permanenci":"NO","estruc_eco":"NO","url1":null}},{"type":"Feature","id":"eqp_uco_educacion.3285","geometry":{"type":"MultiPolygon","coordinates":[[[[-76.46429592,3.42599145],[-76.46428681,3.42607714],[-76.46423739,3.42607485],[-76.46424718,3.42598622],[-76.46429592,3.42599145]]]]},"geometry_name":"the_geom","properties":{"nombre":"COLEGIO LICEO MANUELA BELTRAN","localizaci":"CL 120 P NO 23 _ 61","servicio":"EDUCACION","tipo":"COLEGIO","nivel":"EDUCACION PREESCOLAR_EDUCACION BASICA_EDUCACION MEDIA VOCACIONAL","propiedad":"PRIV","escala":"LOCAL","permanenci":"NO","estruc_eco":"NO","url1":null}},{"type":"Feature","id":"eqp_uco_educacion.3286","geometry":{"type":"MultiPolygon","coordinates":[[[[-76.46406991,3.42518472],[-76.46412774,3.42519079],[-76.46412167,3.42528179],[-76.46406384,3.42527572],[-76.46406991,3.42518472]]]]},"geometry_name":"the_geom","properties":{"nombre":"INSTITUTO MODERNO DESEPAZ","localizaci":"CL 25 BIS NO 122  14","servicio":"EDUCACION","tipo":"INSTPEDAG","nivel":"EDUCACION PREESCOLAR_EDUCACION BASICA_EDUCACION MEDIA VOCACIONAL","propiedad":"PRIV","escala":"LOCAL","permanenci":"NO","estruc_eco":"NO","url1":null}},{"type":"Feature","id":"eqp_uco_educacion.3287","geometry":{"type":"MultiPolygon","coordinates":[[[[-76.46164846,3.42566098],[-76.46167434,3.42557605],[-76.46178863,3.42558622],[-76.46177766,3.42567474],[-76.46164846,3.42566098]]]]},"geometry_name":"the_geom","properties":{"nombre":"LICEO SANTA INES CALI","localizaci":"CL 120Q NO 20 _ 09","servicio":"EDUCACION","tipo":"LICEO","nivel":"EDUCACION PREESCOLAR_EDUCACION BASICA_EDUCACION MEDIA VOCACIONAL","propiedad":"PRIV","escala":"LOCAL","permanenci":"NO","estruc_eco":"NO","url1":null}},{"type":"Feature","id":"eqp_uco_educacion.3288","geometry":{"type":"MultiPolygon","coordinates":[[[[-76.46381668,3.42043537],[-76.46377012,3.4204172],[-76.46378382,3.42038025],[-76.46384237,3.42038516],[-76.46381668,3.42043537]]]]},"geometry_name":"the_geom","properties":{"nombre":"LICEO CONVIVIR","localizaci":"KR 26 G NO 123 _22","servicio":"EDUCACION","tipo":"LICEO","nivel":"EDUCACION PREESCOLAR_EDUCACION BASICA","propiedad":"PRIV","escala":"LOCAL","permanenci":"NO","estruc_eco":"NO","url1":null}},{"type":"Feature","id":"eqp_uco_educacion.3289","geometry":{"type":"MultiPolygon","coordinates":[[[[-76.46401875,3.42051862],[-76.46406013,3.42044144],[-76.46411386,3.42047058],[-76.46406917,3.42054843],[-76.46401875,3.42051862]]]]},"geometry_name":"the_geom","properties":{"nombre":"COLEGIO IDEAS FANTASTICAS","localizaci":"KR 26 E NO 124 _ 44","servicio":"EDUCACION","tipo":"COLEGIO","nivel":"EDUCACION PREESCOLAR_EDUCACION BASICA","propiedad":"PRIV","escala":"LOCAL","permanenci":"NO","estruc_eco":"NO","url1":null}},{"type":"Feature","id":"eqp_uco_educacion.3290","geometry":{"type":"MultiPolygon","coordinates":[[[[-76.46139714,3.42643284],[-76.46142209,3.42634359],[-76.46149253,3.42635116],[-76.46148707,3.42644293],[-76.46139714,3.42643284]]]]},"geometry_name":"the_geom","properties":{"nombre":"INSTITUTO  JUAN MANUEL","localizaci":"SIN  DIRECCION","servicio":"EDUCACION","tipo":"INSTPEDAG","nivel":"EDUCACION PREESCOLAR_EDUCACION BASICA_EDUCACION MEDIA VOCACIONAL","propiedad":"PRIV","escala":"LOCAL","permanenci":"NO","estruc_eco":"NO","url1":null}},{"type":"Feature","id":"eqp_uco_educacion.3291","geometry":{"type":"MultiPolygon","coordinates":[[[[-76.46678697,3.41788845],[-76.46684628,3.41792309],[-76.46679926,3.41800439],[-76.46673709,3.41797057],[-76.46678697,3.41788845]]]]},"geometry_name":"the_geom","properties":{"nombre":"CENPROS CENTRO MULTIPLE DE PROGRAMACION Y SISTEMAS","localizaci":"KR 26J NO 122_O3","servicio":"EDUCACION","tipo":"SISTEM","nivel":"EDUCACION NO FORMAL","propiedad":"PRIV","escala":"LOCAL","permanenci":"NO","estruc_eco":"NO","url1":null}},{"type":"Feature","id":"eqp_uco_educacion.3292","geometry":{"type":"MultiPolygon","coordinates":[[[[-76.46310766,3.42118592],[-76.46316601,3.42121712],[-76.46314914,3.42132009],[-76.46309475,3.42129097],[-76.46310766,3.42118592]]]]},"geometry_name":"the_geom","properties":{"nombre":"LICEO HAMELIN","localizaci":"KR 26 E NO 124 _ 44","servicio":"EDUCACION","tipo":"LICEO","nivel":"EDUCACION PREESCOLAR_EDUCACION BASICA","propiedad":"PRIV","escala":"LOCAL","permanenci":"NO","estruc_eco":"NO","url1":null}},{"type":"Feature","id":"eqp_uco_educacion.3293","geometry":{"type":"MultiPolygon","coordinates":[[[[-76.46416525,3.41799048],[-76.46421041,3.41799353],[-76.46420635,3.41808754],[-76.46416111,3.41808455],[-76.46416525,3.41799048]]]]},"geometry_name":"the_geom","properties":{"nombre":"COLEGIO ESPERANZA DEL REMANSO","localizaci":"KR 26 I3 NO 125_27","servicio":"EDUCACION","tipo":"COLEGIO","nivel":"EDUCACION PREESCOLAR_EDUCACION BASICA","propiedad":"PRIV","escala":"LOCAL","permanenci":"NO","estruc_eco":"NO","url1":null}},{"type":"Feature","id":"eqp_uco_educacion.3294","geometry":{"type":"MultiPolygon","coordinates":[[[[-76.46723755,3.41484478],[-76.46727533,3.4147749],[-76.46732105,3.41480161],[-76.46728437,3.41487165],[-76.46723755,3.41484478]]]]},"geometry_name":"the_geom","properties":{"nombre":"COLEGIO COMERCIAL NUEVA ERA","localizaci":"KR 26 M2 NO 122_44","servicio":"EDUCACION","tipo":"COLEGIO","nivel":"EDUCACION PREESCOLAR_EDUCACION BASICA_EDUCACION MEDIA VOCACIONAL","propiedad":"PRIV","escala":"LOCAL","permanenci":"NO","estruc_eco":"NO","url1":null}},{"type":"Feature","id":"eqp_uco_educacion.3295","geometry":{"type":"MultiPolygon","coordinates":[[[[-76.46776847,3.41134168],[-76.46773246,3.41132073],[-76.46772346,3.41131579],[-76.46776446,3.41124772],[-76.46777239,3.41125276],[-76.46780948,3.41127371],[-76.46776847,3.41134168]]]]},"geometry_name":"the_geom","properties":{"nombre":"INSTITUTO TECNICO INDUSTRIAL MANUEL ELKIN","localizaci":"KR 27 B NO 124 _91","servicio":"EDUCACION","tipo":"INSTTIINDU","nivel":"EDUCACION TECNICA","propiedad":"PRIV","escala":"LOCAL","permanenci":"NO","estruc_eco":"NO","url1":null}},{"type":"Feature","id":"eqp_uco_educacion.3296","geometry":{"type":"MultiPolygon","coordinates":[[[[-76.46768658,3.41120369],[-76.46764552,3.41117968],[-76.46768941,3.41111467],[-76.4677283,3.4111367],[-76.46768658,3.41120369]]]]},"geometry_name":"the_geom","properties":{"nombre":"CENTRO DE ESTUDIOS INSCAT","localizaci":"KR 27 B NO 124 _103","servicio":"EDUCACION","tipo":"ESCTSUPER","nivel":"EDUCACION TECNICA","propiedad":"PRIV","escala":"LOCAL","permanenci":"NO","estruc_eco":"NO","url1":null}},{"type":"Feature","id":"eqp_uco_educacion.3297","geometry":{"type":"MultiPolygon","coordinates":[[[[-76.46744979,3.41536259],[-76.4674868,3.41538413],[-76.46750561,3.41539516],[-76.46746586,3.41546281],[-76.46741094,3.4154322],[-76.46744979,3.41536259]]]]},"geometry_name":"the_geom","properties":{"nombre":"INSTITUTO TECNICO INDUSTRIAL Y COMERCIAL  SIGLO XXI","localizaci":"KR 26 M  NO 123 _07","servicio":"EDUCACION","tipo":"INSTEDUCI","nivel":"EDUCACION TECNICA","propiedad":"PRIV","escala":"LOCAL","permanenci":"NO","estruc_eco":"NO","url1":null}},{"type":"Feature","id":"eqp_uco_educacion.3298","geometry":{"type":"MultiPolygon","coordinates":[[[[-76.46869449,3.41326692],[-76.46864947,3.41324102],[-76.4686912,3.41317799],[-76.46869408,3.41317255],[-76.46875638,3.41320793],[-76.46871033,3.41327591],[-76.46869449,3.41326692]]]]},"geometry_name":"the_geom","properties":{"nombre":"INSTITUTO DE INGLES DURKHEIM","localizaci":"KR 26 R1 NO 123_01","servicio":"EDUCACION","tipo":"CENTIDIOM","nivel":"EDUCACION NO FORMAL","propiedad":"PRIV","escala":"LOCAL","permanenci":"NO","estruc_eco":"NO","url1":null}},{"type":"Feature","id":"eqp_uco_educacion.3299","geometry":{"type":"MultiPolygon","coordinates":[[[[-76.46291002,3.43005907],[-76.46292643,3.43016375],[-76.46284866,3.43017651],[-76.46283235,3.43007403],[-76.46291002,3.43005907]]]]},"geometry_name":"the_geom","properties":{"nombre":"LICEO JOSE MARIA OBANDO","localizaci":"CL 114 NO 26 _78","servicio":"EDUCACION","tipo":"LICEO","nivel":"EDUCACION PREESCOLAR_EDUCACION BASICA","propiedad":"PRIV","escala":"LOCAL","permanenci":"NO","estruc_eco":"NO","url1":null}},{"type":"Feature","id":"eqp_uco_educacion.3300","geometry":{"type":"MultiPolygon","coordinates":[[[[-76.46882934,3.41102883],[-76.46878726,3.41110581],[-76.46874224,3.41108081],[-76.46878216,3.41100078],[-76.46882934,3.41102883]]]]},"geometry_name":"the_geom","properties":{"nombre":"JARDIN INFANTIL","localizaci":"KR 27 NO 124 _ 01","servicio":"EDUCACION","tipo":"JARDININF","nivel":"EDUCACION PREESCOLAR","propiedad":"PRIV","escala":"LOCAL","permanenci":"NO","estruc_eco":"NO","url1":null}},{"type":"Feature","id":"eqp_uco_educacion.3301","geometry":{"type":"MultiPolygon","coordinates":[[[[-76.47459475,3.40391197],[-76.47465427,3.40386139],[-76.47469379,3.40389415],[-76.4746359,3.40394969],[-76.47459475,3.40391197]]]]},"geometry_name":"the_geom","properties":{"nombre":"CENTRO DOCENTE LICEO SULTANA DEL VALLE","localizaci":"KR 28  121 A_29","servicio":"EDUCACION","tipo":"CENTDOC","nivel":"EDUCACION PREESCOLAR_EDUCACION BASICA","propiedad":"PRIV","escala":"LOCAL","permanenci":"NO","estruc_eco":"NO","url1":null}},{"type":"Feature","id":"eqp_uco_educacion.3302","geometry":{"type":"MultiPolygon","coordinates":[[[[-76.46202457,3.42483829],[-76.46191287,3.42483035],[-76.4619255,3.42478938],[-76.46202971,3.42479288],[-76.46202457,3.42483829]]]]},"geometry_name":"the_geom","properties":{"nombre":"FUNDACION EDUCATIVA CIVICA FUTURA","localizaci":"CL 126 NO 25 BIS _ 92","servicio":"EDUCACION","tipo":"CENTEDUC","nivel":"EDUCACION PREESCOLAR_EDUCACION BASICA_EDUCACION MEDIA VOCACIONAL","propiedad":"PRIV","escala":"LOCAL","permanenci":"NO","estruc_eco":"NO","url1":null}},{"type":"Feature","id":"eqp_uco_educacion.3303","geometry":{"type":"MultiPolygon","coordinates":[[[[-76.4640004,3.42489802],[-76.46384862,3.42488073],[-76.46385829,3.42479072],[-76.46400843,3.42480765],[-76.4640004,3.42489802]]]]},"geometry_name":"the_geom","properties":{"nombre":"LICEO COLOMBO IRLANDES","localizaci":"KR 25 A NO 122 _42","servicio":"EDUCACION","tipo":"LICEO","nivel":"EDUCACION PREESCOLAR_EDUCACION BASICA_EDUCACION MEDIA VOCACIONAL","propiedad":"PRIV","escala":"LOCAL","permanenci":"NO","estruc_eco":"NO","url1":null}},{"type":"Feature","id":"eqp_uco_educacion.3304","geometry":{"type":"MultiPolygon","coordinates":[[[[-76.47045592,3.43301677],[-76.47038112,3.4330421],[-76.47036088,3.4329862],[-76.47043573,3.43296278],[-76.47045592,3.43301677]]]]},"geometry_name":"the_geom","properties":{"nombre":"LOS PATICOS GOLOSOS","localizaci":"KR 24M NO 86 40","servicio":"EDUCACION","tipo":"JARDININF","nivel":"EDUCACION PREESCOLAR","propiedad":"PRIV","escala":"LOCAL","permanenci":"NO","estruc_eco":"NO","url1":null}},{"type":"Feature","id":"eqp_uco_educacion.3305","geometry":{"type":"MultiPolygon","coordinates":[[[[-76.4653051,3.43201314],[-76.46528604,3.43191978],[-76.46533896,3.43190976],[-76.46535809,3.43200272],[-76.4653051,3.43201314]]]]},"geometry_name":"the_geom","properties":{"nombre":"LICEO JUVENIL LAS LAJAS","localizaci":"CL 101E NO 23B 53","servicio":"EDUCACION","tipo":"LICEO","nivel":"EDUCACION PREESCOLAR_EDUCACION BASICA","propiedad":"PRIV","escala":"LOCAL","permanenci":"NO","estruc_eco":"NO","url1":null}},{"type":"Feature","id":"eqp_uco_educacion.3306","geometry":{"type":"MultiPolygon","coordinates":[[[[-76.4658586,3.4312937],[-76.4657805,3.43129428],[-76.46578011,3.43124154],[-76.4658605,3.4312425],[-76.4658586,3.4312937]]]]},"geometry_name":"the_geom","properties":{"nombre":"FUNDACION EDUCATIVA DESEPAZ","localizaci":"KR 23A NO 102D 10","servicio":"EDUCACION","tipo":"INSTPEDAG","nivel":"EDUCACION PREESCOLAR_EDUCACION BASICA","propiedad":"PUB","escala":"LOCAL","permanenci":"NO","estruc_eco":"NO","url1":null}},{"type":"Feature","id":"eqp_uco_educacion.3307","geometry":{"type":"MultiPolygon","coordinates":[[[[-76.46711156,3.43037988],[-76.46711156,3.43042679],[-76.46703489,3.43042678],[-76.46703489,3.43037891],[-76.46711156,3.43037988]]]]},"geometry_name":"the_geom","properties":{"nombre":"INSTITUTO GRAN COLOMBIA","localizaci":"KR 24A NO 102 N 06","servicio":"EDUCACION","tipo":"INSTPEDAG","nivel":"EDUCACION PREESCOLAR_EDUCACION BASICA","propiedad":"PRIV","escala":"LOCAL","permanenci":"NO","estruc_eco":"NO","url1":null}},{"type":"Feature","id":"eqp_uco_educacion.3308","geometry":{"type":"MultiPolygon","coordinates":[[[[-76.46366692,3.42709828],[-76.46361536,3.42709277],[-76.46362234,3.42700815],[-76.46367677,3.42701397],[-76.46366692,3.42709828]]]]},"geometry_name":"the_geom","properties":{"nombre":"COLEGIO LA ILUSTRACION","localizaci":"CL 120I NO 23 _18","servicio":"EDUCACION","tipo":"COLEGIO","nivel":"EDUCACION PREESCOLAR_EDUCACION BASICA","propiedad":"PRIV","escala":"LOCAL","permanenci":"NO","estruc_eco":"NO","url1":null}},{"type":"Feature","id":"eqp_uco_educacion.3309","geometry":{"type":"MultiPolygon","coordinates":[[[[-76.46760995,3.41481706],[-76.46756944,3.41479316],[-76.46760432,3.41472411],[-76.46764483,3.4147481],[-76.46760995,3.41481706]]]]},"geometry_name":"the_geom","properties":{"nombre":"COLEGIO MATERNO INFANTIL","localizaci":"KR 26 M3","servicio":"EDUCACION","tipo":"COLEGIO","nivel":"EDUCACION PREESCOLAR","propiedad":"PRIV","escala":"LOCAL","permanenci":"NO","estruc_eco":"NO","url1":null}},{"type":"Feature","id":"eqp_uco_educacion.3310","geometry":{"type":"MultiPolygon","coordinates":[[[[-76.4637696,3.42853082],[-76.4637924,3.42816852],[-76.46380281,3.42805504],[-76.46410341,3.42808078],[-76.46405202,3.42855584],[-76.4637696,3.42853082]]]]},"geometry_name":"the_geom","properties":{"nombre":"COLEGIO SAN FELIPE NERI","localizaci":"SIN DIRECCION","servicio":"EDUCACION","tipo":"COLEGIO","nivel":"EDUCACION PREESCOLAR_EDUCACION BASICA_EDUCACION MEDIA VOCACIONAL","propiedad":"PRIV","escala":"LOCAL","permanenci":"NO","estruc_eco":"NO","url1":null}},{"type":"Feature","id":"eqp_uco_educacion.3311","geometry":{"type":"MultiPolygon","coordinates":[[[[-76.47810903,3.40797642],[-76.47809471,3.4078387],[-76.47820677,3.40782738],[-76.4782187,3.40796771],[-76.47810903,3.40797642]]]]},"geometry_name":"the_geom","properties":{"nombre":"ESCUELA MANUEL ELKIN  PATARROYO","localizaci":"KR 28 E_4 CON CL 113A","servicio":"EDUCACION","tipo":"ESCUELA","nivel":"EDUCACION BASICA","propiedad":"PUB","escala":"LOCAL","permanenci":"NO","estruc_eco":"NO","url1":null}},{"type":"Feature","id":"eqp_uco_educacion.3312","geometry":{"type":"MultiPolygon","coordinates":[[[[-76.46483877,3.43174898],[-76.46483996,3.43163533],[-76.46513604,3.43163538],[-76.46513488,3.43175074],[-76.46483877,3.43174898]]]]},"geometry_name":"the_geom","properties":{"nombre":"JARDIN COMPARTIR FE Y ALEGRIA","localizaci":"CL 102 NO 23 94","servicio":"EDUCACION","tipo":"JARDININF","nivel":"EDUCACION PREESCOLAR","propiedad":"PRIV","escala":"LOCAL","permanenci":"NO","estruc_eco":"NO","url1":null}},{"type":"Feature","id":"eqp_uco_educacion.3313","geometry":{"type":"MultiPolygon","coordinates":[[[[-76.47022692,3.41268114],[-76.47017686,3.41265416],[-76.47011888,3.41262224],[-76.47015701,3.41255418],[-76.47029494,3.41263313],[-76.4702651,3.41270218],[-76.47022692,3.41268114]]]]},"geometry_name":"the_geom","properties":{"nombre":"LICEO CALIMIO DESEPAZ","localizaci":"CL121 CON KR 27 D","servicio":"EDUCACION","tipo":"LICEO","nivel":"EDUCACION BASICA-EDUCACION MEDIA VOCACIONAL","propiedad":"PRIV","escala":"LOCAL","permanenci":"NO","estruc_eco":"NO","url1":null}},{"type":"Feature","id":"eqp_uco_educacion.3314","geometry":{"type":"MultiPolygon","coordinates":[[[[-76.47038288,3.41115213],[-76.4703003,3.41110282],[-76.47031133,3.4109272],[-76.47039658,3.41097809],[-76.47038288,3.41115213]]]]},"geometry_name":"the_geom","properties":{"nombre":"COLEGIO NELSON MANDELA","localizaci":"KR 27 I NO 122_80","servicio":"EDUCACION","tipo":"COLEGIO","nivel":"EDUCACION PREESCOLAR_EDUCACION BASICA","propiedad":"PRIV","escala":"LOCAL","permanenci":"NO","estruc_eco":"NO","url1":null}},{"type":"Feature","id":"eqp_uco_educacion.3315","geometry":{"type":"MultiPolygon","coordinates":[[[[-76.46833697,3.41109507],[-76.46837402,3.41102305],[-76.46842516,3.41105101],[-76.46838811,3.41112403],[-76.46833697,3.41109507]]]]},"geometry_name":"the_geom","properties":{"nombre":"INSTITUTO PEDAGOGICO MAFE","localizaci":"KR 27 D 1 NO 92 A _51","servicio":"EDUCACION","tipo":"INSTPEDAG","nivel":"EDUCACION PREESCOLAR_EDUCACION BASICA","propiedad":"PRIV","escala":"LOCAL","permanenci":"NO","estruc_eco":"NO","url1":null}},{"type":"Feature","id":"eqp_uco_educacion.3316","geometry":{"type":"MultiPolygon","coordinates":[[[[-76.47815857,3.42037806],[-76.47813485,3.42049716],[-76.47812586,3.42054229],[-76.47810009,3.42057373],[-76.47778905,3.42058109],[-76.47779093,3.42028702],[-76.47782405,3.42028702],[-76.47782773,3.42031661],[-76.4781719,3.42031111],[-76.47815857,3.42037806]]]]},"geometry_name":"the_geom","properties":{"nombre":"COLEGIO CECOM","localizaci":"TR 103 DG 26P 15","servicio":"EDUCACION","tipo":"COLEGIO","nivel":"EDUCACION BASICA","propiedad":"PUB","escala":"LOCAL","permanenci":"NO","estruc_eco":"NO","url1":null}},{"type":"Feature","id":"eqp_uco_educacion.3317","geometry":{"type":"MultiPolygon","coordinates":[[[[-76.47241616,3.4280155],[-76.47238914,3.4279805],[-76.47247911,3.4279125],[-76.47250613,3.4279475],[-76.47250505,3.4279475],[-76.47241616,3.4280155]]]]},"geometry_name":"the_geom","properties":{"nombre":"COLEGIO NUEVO SIGLO 20","localizaci":"KR 26D 1 NO 91 109","servicio":"EDUCACION","tipo":"COLEGIO","nivel":"EDUCACION MEDIA VOCACIONAL","propiedad":"PRIV","escala":"LOCAL","permanenci":"NO","estruc_eco":"NO","url1":null}},{"type":"Feature","id":"eqp_uco_educacion.3318","geometry":{"type":"MultiPolygon","coordinates":[[[[-76.46863445,3.42752755],[-76.46860851,3.42749354],[-76.4687082,3.42741446],[-76.4687345,3.42744847],[-76.46863445,3.42752755]]]]},"geometry_name":"the_geom","properties":{"nombre":"COLEGIO EL CASTILLO DEL SABER","localizaci":"KR 26 NO 108A 20","servicio":"EDUCACION","tipo":"COLEGIO","nivel":"EDUCACION BASICA MEDIA","propiedad":"PRIV","escala":"LOCAL","permanenci":"NO","estruc_eco":"NO","url1":null}},{"type":"Feature","id":"eqp_uco_educacion.3319","geometry":{"type":"MultiPolygon","coordinates":[[[[-76.47595598,3.42523843],[-76.47596608,3.42528244],[-76.47586997,3.42530445],[-76.47585986,3.42526044],[-76.47595598,3.42523843]]]]},"geometry_name":"the_geom","properties":{"nombre":"INSITITUTO TECNICO REY DE REYES","localizaci":"CL 26I 4 NO 97 09","servicio":"EDUCACION","tipo":"INSTEDUCI","nivel":"EDUCACION BASICA","propiedad":"PRIV","escala":"LOCAL","permanenci":"NO","estruc_eco":"NO","url1":null}},{"type":"Feature","id":"eqp_uco_educacion.3320","geometry":{"type":"MultiPolygon","coordinates":[[[[-76.46880322,3.42534525],[-76.46870706,3.42529328],[-76.46873332,3.42524826],[-76.46882912,3.42530024],[-76.46880322,3.42534525]]]]},"geometry_name":"the_geom","properties":{"nombre":"LICEO INFANTIL ATALAYA REAL","localizaci":"CL 114 NO 26B 1 10","servicio":"EDUCACION","tipo":"LICEO","nivel":"EDUCACION PREESCOLAR","propiedad":"PRIV","escala":"LOCAL","permanenci":"NO","estruc_eco":"NO","url1":null}},{"type":"Feature","id":"eqp_uco_educacion.3321","geometry":{"type":"MultiPolygon","coordinates":[[[[-76.46977277,3.4280019],[-76.46980876,3.42797487],[-76.46987397,3.42806088],[-76.46983871,3.42808791],[-76.46977277,3.4280019]]]]},"geometry_name":"the_geom","properties":{"nombre":"LICEO ABRAHAM LINCON","localizaci":"CL 99 NO 26 84","servicio":"EDUCACION","tipo":"LICEO","nivel":"EDUCACION BASICA","propiedad":"PRIV","escala":"LOCAL","permanenci":"NO","estruc_eco":"NO","url1":null}},{"type":"Feature","id":"eqp_uco_educacion.3322","geometry":{"type":"MultiPolygon","coordinates":[[[[-76.47363686,3.42565173],[-76.47358898,3.42566273],[-76.47356877,3.42557373],[-76.47361701,3.42556272],[-76.47363686,3.42565173]]]]},"geometry_name":"the_geom","properties":{"nombre":"LICEO SUPERIOR STEVEN","localizaci":"CL 98 NO 26G 2 09","servicio":"EDUCACION","tipo":"LICEO","nivel":"EDUCACION BASICA","propiedad":"PRIV","escala":"LOCAL","permanenci":"NO","estruc_eco":"NO","url1":null}},{"type":"Feature","id":"eqp_uco_educacion.3323","geometry":{"type":"MultiPolygon","coordinates":[[[[-76.46780375,3.42633243],[-76.46783073,3.42628741],[-76.46792626,3.42633852],[-76.46789794,3.42639038],[-76.46780375,3.42633243]]]]},"geometry_name":"the_geom","properties":{"nombre":"CENTRO EDUCATIVO TERRANOVA","localizaci":"CL115 NO 26 10","servicio":"EDUCACION","tipo":"CENTEDUC","nivel":"EDUCACION BASICA-EDUCACION MEDIA VOCACIONAL","propiedad":"PUB","escala":"LOCAL","permanenci":"NO","estruc_eco":"NO","url1":null}},{"type":"Feature","id":"eqp_uco_educacion.3324","geometry":{"type":"MultiPolygon","coordinates":[[[[-76.46988713,3.42706685],[-76.46992239,3.42703875],[-76.46998833,3.42712476],[-76.46995342,3.42715178],[-76.46988713,3.42706685]]]]},"geometry_name":"the_geom","properties":{"nombre":"LICEO COMEDOR EL SABER","localizaci":"CL 108 NO 26B 1 34","servicio":"EDUCACION","tipo":"LICEO","nivel":"EDUCACION BASICA","propiedad":"PUB","escala":"LOCAL","permanenci":"NO","estruc_eco":"NO","url1":null}},{"type":"Feature","id":"eqp_uco_educacion.3325","geometry":{"type":"MultiPolygon","coordinates":[[[[-76.47065845,3.42731638],[-76.47069336,3.42728936],[-76.47075965,3.4273724],[-76.47072438,3.42740041],[-76.47065845,3.42731638]]]]},"geometry_name":"the_geom","properties":{"nombre":"COLEGIO DISTRITAL SAN JOSE","localizaci":"CL 99 NO 26B 1 90","servicio":"EDUCACION","tipo":"COLEGIO","nivel":"EDUCACION BASICA-EDUCACION MEDIA VOCACIONAL","propiedad":"PUB","escala":"LOCAL","permanenci":"NO","estruc_eco":"NO","url1":null}},{"type":"Feature","id":"eqp_uco_educacion.3326","geometry":{"type":"MultiPolygon","coordinates":[[[[-76.46902405,3.42490509],[-76.46899702,3.42486011],[-76.46907584,3.42481308],[-76.4690971,3.42484808],[-76.46910503,3.42486104],[-76.46902405,3.42490509]]]]},"geometry_name":"the_geom","properties":{"nombre":"KINDER NUEVO SOL","localizaci":"KR 26B 3 NO 112 32","servicio":"EDUCACION","tipo":"CENTPRE","nivel":"EDUCACION PREESCOLAR","propiedad":"PRIV","escala":"LOCAL","permanenci":"NO","estruc_eco":"NO","url1":null}},{"type":"Feature","id":"eqp_uco_educacion.3327","geometry":{"type":"MultiPolygon","coordinates":[[[[-76.4725415,3.43079059],[-76.4725696,3.43082658],[-76.47252857,3.43085765],[-76.47252353,3.43086162],[-76.47249651,3.43082563],[-76.4725217,3.43080662],[-76.47247162,3.43074068],[-76.47248242,3.43073266],[-76.47249142,3.43072464],[-76.4725415,3.4307896],[-76.4725415,3.43079059]]]]},"geometry_name":"the_geom","properties":{"nombre":"JARDIN INFANTIL MIS PRIMEROS SUEÑOS","localizaci":"CL 89 NO 26B 25","servicio":"EDUCACION","tipo":"JARDININF","nivel":"EDUCACION PREESCOLAR","propiedad":"PRIV","escala":"LOCAL","permanenci":"NO","estruc_eco":"NO","url1":null}},{"type":"Feature","id":"eqp_uco_educacion.3328","geometry":{"type":"MultiPolygon","coordinates":[[[[-76.47273072,3.43117653],[-76.47271775,3.43115952],[-76.47267055,3.43109861],[-76.47266155,3.43108755],[-76.47264785,3.43106757],[-76.47266657,3.43105361],[-76.47269284,3.43103353],[-76.47270257,3.43104558],[-76.4727177,3.43106556],[-76.47276274,3.43112458],[-76.47277571,3.4311405],[-76.47273072,3.43117653]]]]},"geometry_name":"the_geom","properties":{"nombre":"LICEO JUAN RULFO","localizaci":"CL 88 NO 26B 11","servicio":"EDUCACION","tipo":"LICEO","nivel":"EDUCACION BASICA MEDIA","propiedad":"PRIV","escala":"LOCAL","permanenci":"NO","estruc_eco":"NO","url1":null}},{"type":"Feature","id":"eqp_uco_educacion.3329","geometry":{"type":"MultiPolygon","coordinates":[[[[-76.48359265,3.43460968],[-76.48359373,3.43461364],[-76.48350372,3.43461171],[-76.48350372,3.43460775],[-76.48350444,3.43460775],[-76.4835555,3.43447964],[-76.48358646,3.43447764],[-76.48359265,3.43460968]]]]},"geometry_name":"the_geom","properties":{"nombre":"CENTRO EDUCATIVO EL SABER","localizaci":"DG 26G 3 NO 73 04","servicio":"EDUCACION","tipo":"CENTEDUC","nivel":"EDUCACION BASICA-EDUCACION MEDIA VOCACIONAL","propiedad":"PRIV","escala":"LOCAL","permanenci":"NO","estruc_eco":"NO","url1":null}},{"type":"Feature","id":"eqp_uco_educacion.3330","geometry":{"type":"MultiPolygon","coordinates":[[[[-76.47399403,3.43309505],[-76.47396593,3.43306005],[-76.47396377,3.43305798],[-76.47396197,3.43305402],[-76.47390792,3.432986],[-76.47389676,3.43297206],[-76.47393994,3.432939],[-76.47395075,3.43295205],[-76.47399579,3.43301098],[-76.47403506,3.43306298],[-76.47399403,3.43309505]]]]},"geometry_name":"the_geom","properties":{"nombre":"COLEGIO CORALITOS","localizaci":"CL 82 NO 26 36","servicio":"EDUCACION","tipo":"COLEGIO","nivel":"EDUCACION BASICA MEDIA","propiedad":"PRIV","escala":"LOCAL","permanenci":"NO","estruc_eco":"NO","url1":null}},{"type":"Feature","id":"eqp_uco_educacion.3331","geometry":{"type":"MultiPolygon","coordinates":[[[[-76.47427452,3.43246881],[-76.47425759,3.43244686],[-76.47425146,3.43243885],[-76.4742457,3.43243282],[-76.4741895,3.43235986],[-76.47423268,3.43232581],[-76.47428672,3.43239581],[-76.47429573,3.43240778],[-76.47431663,3.43243576],[-76.47427452,3.43246881]]]]},"geometry_name":"the_geom","properties":{"nombre":"JARDIN INFANTIL LOS BULLICIOSOS","localizaci":"CL 83 NO 26B 20","servicio":"EDUCACION","tipo":"JARDININF","nivel":"EDUCACION PREESCOLAR","propiedad":"PRIV","escala":"LOCAL","permanenci":"NO","estruc_eco":"NO","url1":null}},{"type":"Feature","id":"eqp_uco_educacion.3332","geometry":{"type":"MultiPolygon","coordinates":[[[[-76.47315155,3.43241938],[-76.47319437,3.43238641],[-76.47321959,3.43241934],[-76.47322464,3.43242438],[-76.47326643,3.43247935],[-76.4732794,3.43249536],[-76.47323765,3.43252842],[-76.47319555,3.43256039],[-76.47315164,3.43259444],[-76.47313939,3.43257842],[-76.47306733,3.43248449],[-76.47307345,3.43248044],[-76.47309145,3.43246549],[-76.47310152,3.43245846],[-76.47311052,3.43245144],[-76.47312456,3.43244045],[-76.47315155,3.43241938]]]]},"geometry_name":"the_geom","properties":{"nombre":"COLEGIO PUERTA DEL SOL","localizaci":"CL 84 NO 26 47","servicio":"EDUCACION","tipo":"COLEGIO","nivel":"EDUCACION BASICA","propiedad":"PRIV","escala":"LOCAL","permanenci":"NO","estruc_eco":"NO","url1":null}},{"type":"Feature","id":"eqp_uco_educacion.3333","geometry":{"type":"MultiPolygon","coordinates":[[[[-76.4719697,3.43135398],[-76.47192683,3.43129802],[-76.47189584,3.43125798],[-76.4719088,3.43124898],[-76.47190988,3.43124898],[-76.47194263,3.43122295],[-76.47197361,3.43126199],[-76.4719477,3.43128199],[-76.47199165,3.43133696],[-76.4719697,3.43135398]]]]},"geometry_name":"the_geom","properties":{"nombre":"LICEO MODERNO SAN MIGUEL","localizaci":"CL 89 NO 26A 05","servicio":"EDUCACION","tipo":"LICEO","nivel":"EDUCACION BASICA","propiedad":"PRIV","escala":"LOCAL","permanenci":"NO","estruc_eco":"NO","url1":null}},{"type":"Feature","id":"eqp_uco_educacion.3334","geometry":{"type":"MultiPolygon","coordinates":[[[[-76.48143965,3.42385334],[-76.48144757,3.42385333],[-76.48155278,3.42400233],[-76.48149877,3.42400334],[-76.48145161,3.42400436],[-76.48144693,3.42400436],[-76.48140481,3.42400538],[-76.48138968,3.42400538],[-76.4813688,3.42400539],[-76.48133388,3.4240064],[-76.48133169,3.42395843],[-76.48133059,3.42392045],[-76.48132986,3.42390443],[-76.48132876,3.42385646],[-76.48138564,3.42385535],[-76.48143965,3.42385334]]]]},"geometry_name":"the_geom","properties":{"nombre":"CENTRO EDUCATIVO HORIZONTES DEL SABER","localizaci":"DG 26P 5 NO 96 23","servicio":"EDUCACION","tipo":"CENTEDUC","nivel":"EDUCACION BASICA-EDUCACION MEDIA VOCACIONAL","propiedad":"PRIV","escala":"LOCAL","permanenci":"NO","estruc_eco":"NO","url1":null}},{"type":"Feature","id":"eqp_uco_educacion.3335","geometry":{"type":"MultiPolygon","coordinates":[[[[-76.47716857,3.42455472],[-76.47716673,3.42447974],[-76.47716673,3.42447668],[-76.47716671,3.4244477],[-76.47716562,3.42441674],[-76.47722574,3.42441563],[-76.47722648,3.42444668],[-76.47722649,3.42445667],[-76.47722978,3.42455567],[-76.47716857,3.42455472]]]]},"geometry_name":"the_geom","properties":{"nombre":"COLEGIO CRISTIANO ESTRELLA DE DAVID","localizaci":"DG 26P 4 NO SIN PLACA","servicio":"EDUCACION","tipo":"COLEGIO","nivel":"EDUCACION BASICA MEDIA","propiedad":"PRIV","escala":"LOCAL","permanenci":"NO","estruc_eco":"NO","url1":null}},{"type":"Feature","id":"eqp_uco_educacion.3336","geometry":{"type":"MultiPolygon","coordinates":[[[[-76.47685129,3.42370082],[-76.47682932,3.42370083],[-76.47682032,3.42370084],[-76.476789,3.42370085],[-76.47678897,3.42365288],[-76.47678897,3.42364487],[-76.4767882,3.42355486],[-76.47685013,3.42355483],[-76.47685017,3.42362684],[-76.47685017,3.42363782],[-76.47685018,3.42365186],[-76.47685129,3.42370082]]]]},"geometry_name":"the_geom","properties":{"nombre":"COLEGIO MIXTO CANAAN","localizaci":"DG 26P 7 NO 105 17","servicio":"EDUCACION","tipo":"COLEGIO","nivel":"EDUCACION BASICA","propiedad":"PRIV","escala":"LOCAL","permanenci":"NO","estruc_eco":"NO","url1":null}},{"type":"Feature","id":"eqp_uco_educacion.3337","geometry":{"type":"MultiPolygon","coordinates":[[[[-76.47691321,3.4236998],[-76.47685129,3.42370082],[-76.47685018,3.42365186],[-76.47685017,3.42363782],[-76.47685017,3.42362684],[-76.47685013,3.42355483],[-76.47691097,3.42355381],[-76.47691209,3.42362581],[-76.47691318,3.42364777],[-76.47691318,3.42365074],[-76.47691319,3.42365578],[-76.47691321,3.4236998]]]]},"geometry_name":"the_geom","properties":{"nombre":"LICEO LAS TORRES","localizaci":"DG 26P 6 NO 96 10","servicio":"EDUCACION","tipo":"LICEO","nivel":"EDUCACION BASICA MEDIA","propiedad":"PRIV","escala":"LOCAL","permanenci":"NO","estruc_eco":"NO","url1":null}},{"type":"Feature","id":"eqp_uco_educacion.3338","geometry":{"type":"MultiPolygon","coordinates":[[[[-76.48349807,3.42810051],[-76.48349015,3.42810052],[-76.48348794,3.4280025],[-76.48348793,3.42799053],[-76.48348793,3.4279845],[-76.48348792,3.42796155],[-76.483552,3.42796052],[-76.4835531,3.4279895],[-76.48355312,3.42802452],[-76.48355424,3.4280985],[-76.48355424,3.42809949],[-76.48349807,3.42810051]]]]},"geometry_name":"the_geom","properties":{"nombre":"COLEGIO CRUZADA CRISTIANA","localizaci":"DG 26 I 3 NO 73 10","servicio":"EDUCACION","tipo":"COLEGIO","nivel":"EDUCACION BASICA-EDUCACION MEDIA VOCACIONAL","propiedad":"PRIV","escala":"LOCAL","permanenci":"NO","estruc_eco":"NO","url1":null}},{"type":"Feature","id":"eqp_uco_educacion.3339","geometry":{"type":"MultiPolygon","coordinates":[[[[-76.47740252,3.42239147],[-76.47738956,3.42239247],[-76.47738845,3.42233541],[-76.47738842,3.42228644],[-76.47738841,3.42225845],[-76.4773884,3.42224846],[-76.4774046,3.42224845],[-76.47743053,3.42224745],[-76.47745141,3.42224744],[-76.47745251,3.42229244],[-76.47745252,3.4223144],[-76.47745256,3.42239145],[-76.47740252,3.42239147]]]]},"geometry_name":"the_geom","properties":{"nombre":"LICEO JUAN CAMILO","localizaci":"DG 26P 10 NO 104 32","servicio":"EDUCACION","tipo":"LICEO","nivel":"EDUCACION BASICA MEDIA","propiedad":"PRIV","escala":"LOCAL","permanenci":"NO","estruc_eco":"NO","url1":null}},{"type":"Feature","id":"eqp_uco_educacion.3340","geometry":{"type":"MultiPolygon","coordinates":[[[[-76.47911668,3.42042941],[-76.47911777,3.42044237],[-76.47912467,3.42055541],[-76.47905878,3.42055545],[-76.4790526,3.42044537],[-76.47905548,3.42044438],[-76.47911452,3.4204304],[-76.47911668,3.42042941]]]]},"geometry_name":"the_geom","properties":{"nombre":"LICEO MIXTO EMPERADOR","localizaci":"DG 26P 15 CON TR 94","servicio":"EDUCACION","tipo":"LICEO","nivel":"EDUCACION BASICA","propiedad":"PUB","escala":"LOCAL","permanenci":"NO","estruc_eco":"NO","url1":null}},{"type":"Feature","id":"eqp_uco_educacion.3341","geometry":{"type":"MultiPolygon","coordinates":[[[[-76.47740202,3.42347353],[-76.47734117,3.42347455],[-76.47734004,3.42337851],[-76.47734003,3.42336654],[-76.47733894,3.42334755],[-76.47733893,3.42333054],[-76.47740014,3.42333051],[-76.47740202,3.42347353]]]]},"geometry_name":"the_geom","properties":{"nombre":"LICEO INFANTIL APRENDAMOS A CRECER","localizaci":"DG 26P 7 NO 103 24C","servicio":"EDUCACION","tipo":"LICEO","nivel":"EDUCACION PREESCOLAR","propiedad":"PRIV","escala":"LOCAL","permanenci":"NO","estruc_eco":"NO","url1":null}},{"type":"Feature","id":"eqp_uco_educacion.3342","geometry":{"type":"MultiPolygon","coordinates":[[[[-76.47607378,3.42131608],[-76.47607377,3.42130203],[-76.47607193,3.4212321],[-76.47607084,3.42120906],[-76.47607082,3.42117711],[-76.47613779,3.42117599],[-76.47613889,3.42120704],[-76.47614176,3.42120605],[-76.4761418,3.42127608],[-76.47613568,3.42127608],[-76.47613498,3.42131406],[-76.47607378,3.42131608]]]]},"geometry_name":"the_geom","properties":{"nombre":"FUNDACION SOCIAL RENACER_LICEO INFANTIL RENACER","localizaci":"DG 26P 13 NO 105A 06","servicio":"EDUCACION","tipo":"LICEO","nivel":"EDUCACION NO FORMAL","propiedad":"PRIV","escala":"LOCAL","permanenci":"NO","estruc_eco":"NO","url1":null}},{"type":"Feature","id":"eqp_uco_educacion.3343","geometry":{"type":"MultiPolygon","coordinates":[[[[-76.4764652,3.42008881],[-76.47642812,3.42008883],[-76.47642696,3.41994275],[-76.47648925,3.41994479],[-76.47648925,3.41994776],[-76.47649003,3.42006081],[-76.47649112,3.42008781],[-76.47647204,3.42008782],[-76.4764652,3.42008881]]]]},"geometry_name":"the_geom","properties":{"nombre":"CENTRO DOCENTE FUNDACION ESTEBAN PERNET","localizaci":"DG 26P 17 NO T105 57","servicio":"EDUCACION","tipo":"CENTDOC","nivel":"EDUCACION BASICA-EDUCACION MEDIA VOCACIONAL","propiedad":"PRIV","escala":"LOCAL","permanenci":"NO","estruc_eco":"NO","url1":null}},{"type":"Feature","id":"eqp_uco_educacion.3344","geometry":{"type":"MultiPolygon","coordinates":[[[[-76.47668021,3.4202237],[-76.47667909,3.42013667],[-76.47667908,3.42011768],[-76.47667907,3.42009968],[-76.47667906,3.42008663],[-76.47671218,3.42008463],[-76.47674314,3.42008362],[-76.47680111,3.42008161],[-76.47680939,3.42008161],[-76.47686339,3.42008059],[-76.47687023,3.42008058],[-76.4768832,3.42008058],[-76.4769102,3.42007957],[-76.47691812,3.42007957],[-76.47693108,3.42007857],[-76.4769362,3.4202215],[-76.47687643,3.42022459],[-76.47687644,3.42023359],[-76.4766813,3.42023568],[-76.47668021,3.4202237]]]]},"geometry_name":"the_geom","properties":{"nombre":"CENTRO DOCENTE ALFONSO REYES ECHANDIA","localizaci":"DG 26P 16 CON TR 105","servicio":"EDUCACION","tipo":"CENTDOC","nivel":"EDUCACION BASICA-EDUCACION MEDIA VOCACIONAL","propiedad":"PUB","escala":"LOCAL","permanenci":"NO","estruc_eco":"NO","url1":null}},{"type":"Feature","id":"eqp_uco_educacion.3345","geometry":{"type":"MultiPolygon","coordinates":[[[[-76.48039552,3.42582701],[-76.48033072,3.42582813],[-76.4803274,3.42568907],[-76.48039257,3.42568804],[-76.48039552,3.42582701]]]]},"geometry_name":"the_geom","properties":{"nombre":"LICEO SUPERIOR TOPAL","localizaci":"DG 26P 1 CON TR 87 ESQUINA","servicio":"EDUCACION","tipo":"LICEO","nivel":"EDUCACION BASICA","propiedad":"PRIV","escala":"LOCAL","permanenci":"NO","estruc_eco":"NO","url1":null}},{"type":"Feature","id":"eqp_uco_educacion.3346","geometry":{"type":"MultiPolygon","coordinates":[[[[-76.48089669,3.42582377],[-76.48083476,3.4258248],[-76.48083073,3.42568385],[-76.48089373,3.42568273],[-76.48089557,3.4257578],[-76.48089667,3.42578876],[-76.48089669,3.42582377]]]]},"geometry_name":"the_geom","properties":{"nombre":"LICEO MIXTO SAN AGUSTIN","localizaci":"DG 26P 1 NO 83 33","servicio":"EDUCACION","tipo":"LICEO","nivel":"EDUCACION BASICA","propiedad":"PRIV","escala":"LOCAL","permanenci":"NO","estruc_eco":"NO","url1":null}},{"type":"Feature","id":"eqp_uco_educacion.3347","geometry":{"type":"MultiPolygon","coordinates":[[[[-76.47853631,3.42381692],[-76.4784715,3.42381794],[-76.47846931,3.42374999],[-76.4784693,3.42373397],[-76.47846747,3.42368096],[-76.47853228,3.42367993],[-76.47853631,3.42381692]]]]},"geometry_name":"the_geom","properties":{"nombre":"CORPORACION EDUCATIVA INSTITUTO COLOMBIANO DE ESTUDIOS TECNOLOGICOS","localizaci":"DG 26P 6 NO T80 03","servicio":"EDUCACION","tipo":"INSTEDUCI","nivel":"EDUCACION NO FORMAL","propiedad":"PRIV","escala":"LOCAL","permanenci":"NO","estruc_eco":"NO","url1":null}},{"type":"Feature","id":"eqp_uco_educacion.3348","geometry":{"type":"MultiPolygon","coordinates":[[[[-76.47830338,3.42585415],[-76.47824541,3.42585418],[-76.47824538,3.42579721],[-76.47824353,3.42571018],[-76.47830042,3.42570915],[-76.47830338,3.42585415]]]]},"geometry_name":"the_geom","properties":{"nombre":"COLEGIO ANDRES BELLO","localizaci":"DG 26P 1 NO 96 61","servicio":"EDUCACION","tipo":"COLEGIO","nivel":"EDUCACION BASICA-EDUCACION MEDIA VOCACIONAL","propiedad":"PRIV","escala":"LOCAL","permanenci":"NO","estruc_eco":"NO","url1":null}},{"type":"Feature","id":"eqp_uco_educacion.3349","geometry":{"type":"MultiPolygon","coordinates":[[[[-76.48351618,3.43353193],[-76.48347334,3.43353294],[-76.48344768,3.43353315],[-76.48344427,3.43338936],[-76.48351284,3.43338762],[-76.48351342,3.43342092],[-76.48351618,3.43353193]]]]},"geometry_name":"the_geom","properties":{"nombre":"CENTRO EDUCATIVO SEMILLITAS","localizaci":"DG 26G 6 NO 73 10","servicio":"EDUCACION","tipo":"CENTEDUC","nivel":"EDUCACION PREESCOLAR_EDUCACION BASICA","propiedad":"PRIV","escala":"LOCAL","permanenci":"NO","estruc_eco":"NO","url1":null}},{"type":"Feature","id":"eqp_uco_educacion.3350","geometry":{"type":"MultiPolygon","coordinates":[[[[-76.47881187,3.42692871],[-76.47877695,3.42692873],[-76.47876579,3.42692873],[-76.47875103,3.42692973],[-76.47874993,3.42689373],[-76.47874884,3.42688473],[-76.47874884,3.42687969],[-76.47874883,3.42686673],[-76.478747,3.42680669],[-76.47874699,3.42679067],[-76.47874699,3.42678275],[-76.47880783,3.42678272],[-76.47880784,3.42679172],[-76.47881077,3.4268937],[-76.47881186,3.42691773],[-76.47881187,3.42692871]]]]},"geometry_name":"the_geom","properties":{"nombre":"LICEO SULTANA DEL VALLE","localizaci":"DG 26N NO 93 73","servicio":"EDUCACION","tipo":"LICEO","nivel":"EDUCACION BASICA","propiedad":"PRIV","escala":"LOCAL","permanenci":"NO","estruc_eco":"NO","url1":null}},{"type":"Feature","id":"eqp_uco_educacion.3351","geometry":{"type":"MultiPolygon","coordinates":[[[[-76.47926755,3.42294347],[-76.47920455,3.42294449],[-76.47920231,3.42279553],[-76.47926531,3.42279343],[-76.47926644,3.42288847],[-76.47926645,3.42290449],[-76.47926755,3.42294347]]]]},"geometry_name":"the_geom","properties":{"nombre":"LICEO MIXTO LAS LAJAS","localizaci":"DG 26P 9 NO T93 17","servicio":"EDUCACION","tipo":"LICEO","nivel":"EDUCACION BASICA","propiedad":"PRIV","escala":"LOCAL","permanenci":"NO","estruc_eco":"NO","url1":null}},{"type":"Feature","id":"eqp_uco_educacion.3352","geometry":{"type":"MultiPolygon","coordinates":[[[[-76.48149398,3.42833966],[-76.48142773,3.42833969],[-76.48142658,3.42820262],[-76.48149462,3.42820159],[-76.48149396,3.42831563],[-76.48149397,3.4283276],[-76.48149398,3.42833966]]]]},"geometry_name":"the_geom","properties":{"nombre":"JARDIN INFANTIL SEMILLA DE MOSTAZA","localizaci":"DG 26J NO T80 59","servicio":"EDUCACION","tipo":"JARDININF","nivel":"EDUCACION PREESCOLAR","propiedad":"PRIV","escala":"LOCAL","permanenci":"NO","estruc_eco":"NO","url1":null}},{"type":"Feature","id":"eqp_uco_educacion.3353","geometry":{"type":"MultiPolygon","coordinates":[[[[-76.48304286,3.43122001],[-76.48304177,3.43120201],[-76.48304063,3.43108095],[-76.48310471,3.43108091],[-76.48310583,3.43114995],[-76.48310693,3.43119396],[-76.48310695,3.43121898],[-76.48304286,3.43122001]]]]},"geometry_name":"the_geom","properties":{"nombre":"INSTITUTO TECNICO LATINOAMERICANO","localizaci":"DG 26H  NO  73 53","servicio":"EDUCACION","tipo":"INSTEDUCI","nivel":"EDUCACION TECNICA","propiedad":"PRIV","escala":"LOCAL","permanenci":"NO","estruc_eco":"NO","url1":null}},{"type":"Feature","id":"eqp_uco_educacion.3354","geometry":{"type":"MultiPolygon","coordinates":[[[[-76.47948677,3.42982179],[-76.4794198,3.42982282],[-76.47941865,3.42967881],[-76.47948345,3.42967878],[-76.47948677,3.42982179]]]]},"geometry_name":"the_geom","properties":{"nombre":"COLEGIO","localizaci":"DG 26H 4 NO 93 03","servicio":"EDUCACION","tipo":"COLEGIO","nivel":"EDUCACION BASICA","propiedad":"PRIV","escala":"LOCAL","permanenci":"NO","estruc_eco":"NO","url1":null}},{"type":"Feature","id":"eqp_uco_educacion.3355","geometry":{"type":"MultiPolygon","coordinates":[[[[-76.47853498,3.42874223],[-76.47853498,3.42874025],[-76.47859511,3.42874022],[-76.47859512,3.42875822],[-76.47859513,3.42878523],[-76.47859514,3.42880521],[-76.47859519,3.42889224],[-76.47853398,3.42889228],[-76.47853498,3.42874223]]]]},"geometry_name":"the_geom","properties":{"nombre":"CENTRO DOCENTE JUAN RAMON JIMENEZ","localizaci":"DG 26I 1 NO T96 12","servicio":"EDUCACION","tipo":"CENTDOC","nivel":"EDUCACION BASICA-EDUCACION MEDIA VOCACIONAL","propiedad":"PRIV","escala":"LOCAL","permanenci":"NO","estruc_eco":"NO","url1":null}},{"type":"Feature","id":"eqp_uco_educacion.3356","geometry":{"type":"MultiPolygon","coordinates":[[[[-76.48262712,3.43231254],[-76.48268768,3.43231251],[-76.48269099,3.43244653],[-76.48269171,3.43244851],[-76.48268487,3.43244851],[-76.48262979,3.4324495],[-76.48262712,3.43231254]]]]},"geometry_name":"the_geom","properties":{"nombre":"COLEGIO LA TRINIDAD","localizaci":"DG 26G 7 NO 77 13","servicio":"EDUCACION","tipo":"COLEGIO","nivel":"EDUCACION BASICA-EDUCACION MEDIA VOCACIONAL","propiedad":"PRIV","escala":"LOCAL","permanenci":"NO","estruc_eco":"NO","url1":null}},{"type":"Feature","id":"eqp_uco_educacion.3357","geometry":{"type":"MultiPolygon","coordinates":[[[[-76.48346186,3.43193983],[-76.48346112,3.43190482],[-76.48346112,3.43189582],[-76.4834589,3.43179078],[-76.48355611,3.43179172],[-76.48355688,3.43187776],[-76.48355691,3.4319378],[-76.48354611,3.4319378],[-76.48346186,3.43193983]]]]},"geometry_name":"the_geom","properties":{"nombre":"COLEGIO JOSE FRANCISCO II","localizaci":"DG 26G 11  CON CL 73","servicio":"EDUCACION","tipo":"COLEGIO","nivel":"EDUCACION BASICA MEDIA","propiedad":"PRIV","escala":"LOCAL","permanenci":"NO","estruc_eco":"NO","url1":null}},{"type":"Feature","id":"eqp_uco_educacion.3358","geometry":{"type":"MultiPolygon","coordinates":[[[[-76.48160657,3.43101476],[-76.48154645,3.4310138],[-76.48154459,3.43090976],[-76.48154349,3.43087474],[-76.48160542,3.43087372],[-76.48160653,3.43094572],[-76.48160657,3.43101476]]]]},"geometry_name":"the_geom","properties":{"nombre":"COLEGIO OSCAR ARNULFO ROMERO","localizaci":"DG 26N NO 80 32","servicio":"EDUCACION","tipo":"COLEGIO","nivel":"EDUCACION BASICA","propiedad":"PRIV","escala":"LOCAL","permanenci":"NO","estruc_eco":"NO","url1":null}},{"type":"Feature","id":"eqp_uco_educacion.3359","geometry":{"type":"MultiPolygon","coordinates":[[[[-76.48361461,3.43772911],[-76.48355269,3.43773113],[-76.48354757,3.43758316],[-76.48360769,3.43758313],[-76.48361461,3.43772911]]]]},"geometry_name":"the_geom","properties":{"nombre":"FUNDACION ESCOLAR NELSON MANDELA  II","localizaci":"DG 26  NO 73 11","servicio":"EDUCACION","tipo":"CENTDOC","nivel":"EDUCACION BASICA-EDUCACION MEDIA VOCACIONAL","propiedad":"PRIV","escala":"LOCAL","permanenci":"NO","estruc_eco":"NO","url1":null}},{"type":"Feature","id":"eqp_uco_educacion.3360","geometry":{"type":"MultiPolygon","coordinates":[[[[-76.48305513,3.43787711],[-76.48297412,3.43787922],[-76.48296975,3.43778418],[-76.48296792,3.43774116],[-76.48301581,3.43774113],[-76.48304893,3.43774012],[-76.48304894,3.43775011],[-76.48305003,3.43776613],[-76.48305076,3.43778413],[-76.48305186,3.43782014],[-76.48305513,3.43787711]]]]},"geometry_name":"the_geom","properties":{"nombre":"LICEO NIÑO JESUS DE PRAGA","localizaci":"DG 26C  1  CON CL  73A","servicio":"EDUCACION","tipo":"LICEO","nivel":"EDUCACION BASICA","propiedad":"PRIV","escala":"LOCAL","permanenci":"NO","estruc_eco":"NO","url1":null}},{"type":"Feature","id":"eqp_uco_educacion.3361","geometry":{"type":"MultiPolygon","coordinates":[[[[-76.48302035,3.43846511],[-76.48297246,3.43846613],[-76.48297022,3.43831807],[-76.48305051,3.43831605],[-76.48305235,3.43838904],[-76.48305236,3.43840902],[-76.48305347,3.43846411],[-76.48302035,3.43846511]]]]},"geometry_name":"the_geom","properties":{"nombre":"CENTRO DOCENTE BARTOLOME MITRE","localizaci":"DG 26C NO 73 73","servicio":"EDUCACION","tipo":"CENTDOC","nivel":"EDUCACION BASICA-EDUCACION MEDIA VOCACIONAL","propiedad":"PRIV","escala":"LOCAL","permanenci":"NO","estruc_eco":"NO","url1":null}},{"type":"Feature","id":"eqp_uco_educacion.3362","geometry":{"type":"MultiPolygon","coordinates":[[[[-76.48085986,3.43052685],[-76.4808379,3.43052686],[-76.48082494,3.43052687],[-76.48079686,3.43052788],[-76.48079613,3.43051186],[-76.48079502,3.43046181],[-76.48079283,3.43039386],[-76.48079282,3.43038081],[-76.4808569,3.43037979],[-76.48085691,3.43038582],[-76.48085691,3.43039284],[-76.48085911,3.43045881],[-76.48085986,3.43052685]]]]},"geometry_name":"the_geom","properties":{"nombre":"LICEO REAL DE COLOMBIA","localizaci":"DG 26H 2 NO T83 46","servicio":"EDUCACION","tipo":"LICEO","nivel":"EDUCACION PREESCOLAR-EDUCACION BASICA-EDUCACION MEDIA VOCACIONAL","propiedad":"PRIV","escala":"LOCAL","permanenci":"NO","estruc_eco":"NO","url1":null}},{"type":"Feature","id":"eqp_uco_educacion.3363","geometry":{"type":"MultiPolygon","coordinates":[[[[-76.482974,3.43810046],[-76.48305501,3.43809943],[-76.48305688,3.43823444],[-76.48297695,3.43823547],[-76.482974,3.43810046]]]]},"geometry_name":"the_geom","properties":{"nombre":"COLEGIO SAN GABRIEL ARCANGEL","localizaci":"DG 26C NO 73 4","servicio":"EDUCACION","tipo":"COLEGIO","nivel":"EDUCACION BASICA-EDUCACION MEDIA VOCACIONAL","propiedad":"PRIV","escala":"LOCAL","permanenci":"NO","estruc_eco":"NO","url1":null}},{"type":"Feature","id":"eqp_uco_educacion.3364","geometry":{"type":"MultiPolygon","coordinates":[[[[-76.47895658,3.41456208],[-76.47888851,3.41452306],[-76.47890829,3.41448606],[-76.47891261,3.4144811],[-76.47892232,3.41446112],[-76.47893131,3.4144441],[-76.47904152,3.41451002],[-76.47900841,3.41453307],[-76.47899761,3.41454001],[-76.47898357,3.41453903],[-76.47895658,3.41456208]]]]},"geometry_name":"the_geom","properties":{"nombre":"COLEGIO MIXTO RINCON DE ENSEÑANZA Y SABIDURIA","localizaci":"CL 105 NO 28 25","servicio":"EDUCACION","tipo":"COLEGIO","nivel":"EDUCACION PREESCOLAR  BASICA MEDIA","propiedad":"PRIV","escala":"LOCAL","permanenci":"NO","estruc_eco":"NO","url1":null}},{"type":"Feature","id":"eqp_uco_educacion.3365","geometry":{"type":"MultiPolygon","coordinates":[[[[-76.47530993,3.4121229],[-76.47532971,3.41208788],[-76.47533691,3.41209183],[-76.47535996,3.41210586],[-76.47538589,3.41212079],[-76.47541578,3.41213778],[-76.47543775,3.41215082],[-76.47542984,3.4121628],[-76.47541581,3.41218981],[-76.47541006,3.41220079],[-76.47537984,3.41225283],[-76.47537085,3.41226985],[-76.47532079,3.41224089],[-76.47530494,3.4122319],[-76.4752909,3.41222291],[-76.4752628,3.41220591],[-76.4752977,3.41214388],[-76.47530993,3.4121229]]]]},"geometry_name":"the_geom","properties":{"nombre":"CENTRO DOCENTE NUEVA GRANADA","localizaci":"KR 28 2 NO 112 114","servicio":"EDUCACION","tipo":"CENTDOC","nivel":"EDUCACION BASICA-EDUCACION MEDIA VOCACIONAL","propiedad":"PRIV","escala":"LOCAL","permanenci":"NO","estruc_eco":"NO","url1":null}},{"type":"Feature","id":"eqp_uco_educacion.3366","geometry":{"type":"MultiPolygon","coordinates":[[[[-76.48156399,3.43015369],[-76.48154202,3.43015371],[-76.48154093,3.4301267],[-76.48154092,3.43011374],[-76.48154087,3.43001276],[-76.481601,3.43001164],[-76.48160104,3.43009472],[-76.48160104,3.43010471],[-76.48160215,3.43015367],[-76.48156399,3.43015369]]]]},"geometry_name":"the_geom","properties":{"nombre":"JARDIN INFANTIL MAPICO","localizaci":"DG 26H 3 NO T83 41","servicio":"EDUCACION","tipo":"JARDININF","nivel":"EDUCACION PREESCOLAR","propiedad":"PRIV","escala":"LOCAL","permanenci":"NO","estruc_eco":"NO","url1":null}},{"type":"Feature","id":"eqp_uco_educacion.3367","geometry":{"type":"MultiPolygon","coordinates":[[[[-76.47557425,3.41494193],[-76.47553247,3.41491792],[-76.47545144,3.41487098],[-76.47542119,3.41485399],[-76.47545212,3.41479798],[-76.47548237,3.41481498],[-76.47556521,3.41486291],[-76.47560518,3.41488692],[-76.47557425,3.41494193]]]]},"geometry_name":"the_geom","properties":{"nombre":"INSTITUTO TECNICO ALEMAN DEL VALLE","localizaci":"CL 112 NO 27 114","servicio":"EDUCACION","tipo":"INSTEDUCI","nivel":"EDUCACION TECNICA","propiedad":"PRIV","escala":"LOCAL","permanenci":"NO","estruc_eco":"NO","url1":null}},{"type":"Feature","id":"eqp_uco_educacion.3368","geometry":{"type":"MultiPolygon","coordinates":[[[[-76.47353427,3.41354793],[-76.4735206,3.41357188],[-76.47347342,3.41354598],[-76.4734655,3.41354194],[-76.47349536,3.4134899],[-76.47350435,3.41347495],[-76.47353528,3.41341994],[-76.4735893,3.41344988],[-76.4735483,3.41352191],[-76.47354326,3.4135319],[-76.47354255,3.41353388],[-76.47353427,3.41354793]]]]},"geometry_name":"the_geom","properties":{"nombre":"LICEO DIVINA INFANCIA","localizaci":"KR 27D NO 117 25","servicio":"EDUCACION","tipo":"LICEO","nivel":"EDUCACION BASICA MEDIA","propiedad":"PRIV","escala":"LOCAL","permanenci":"NO","estruc_eco":"NO","url1":null}},{"type":"Feature","id":"eqp_uco_educacion.3369","geometry":{"type":"MultiPolygon","coordinates":[[[[-76.47851749,3.41619944],[-76.47856245,3.41612138],[-76.47858727,3.41607835],[-76.47860239,3.41608635],[-76.47864237,3.41610937],[-76.47862223,3.41614538],[-76.47861431,3.41616033],[-76.47857223,3.41623136],[-76.47852217,3.41620142],[-76.47851749,3.41619944]]]]},"geometry_name":"the_geom","properties":{"nombre":"CENTRO EDUCATIVO ALFA Y OMEGA","localizaci":"KR 27D NO 103 28","servicio":"EDUCACION","tipo":"CENTEDUC","nivel":"EDUCACION BASICA-EDUCACION MEDIA VOCACIONAL","propiedad":"PRIV","escala":"LOCAL","permanenci":"NO","estruc_eco":"NO","url1":null}},{"type":"Feature","id":"eqp_uco_educacion.3370","geometry":{"type":"MultiPolygon","coordinates":[[[[-76.47167705,3.41527606],[-76.47166734,3.41529199],[-76.47158703,3.41524604],[-76.47159602,3.41522903],[-76.47162515,3.41517501],[-76.47165896,3.41510902],[-76.47167913,3.41511999],[-76.4717191,3.41514301],[-76.47174323,3.41515694],[-76.47173316,3.41517495],[-76.47167705,3.41527606]]]]},"geometry_name":"the_geom","properties":{"nombre":"MULTIPLE PUCHERITOS","localizaci":"KR 26S NO 118 80","servicio":"EDUCACION","tipo":"JARDININF","nivel":"EDUCACION PREESCOLAR","propiedad":"PRIV","escala":"LOCAL","permanenci":"NO","estruc_eco":"NO","url1":null}},{"type":"Feature","id":"eqp_uco_educacion.3371","geometry":{"type":"MultiPolygon","coordinates":[[[[-76.46965679,3.42048248],[-76.46961866,3.42054847],[-76.46955383,3.42051052],[-76.46938384,3.42041062],[-76.46948852,3.42022857],[-76.46950868,3.42024152],[-76.46955766,3.42026849],[-76.46956775,3.42027353],[-76.46957171,3.42027551],[-76.46959656,3.42028953],[-76.46960664,3.42029547],[-76.46967363,3.42033243],[-76.46972477,3.42036147],[-76.46965679,3.42048248]]]]},"geometry_name":"the_geom","properties":{"nombre":"PRE ESCOLAR SUPER EDUCA AL NIÑO","localizaci":"KR 26I 2 NO 117 14","servicio":"EDUCACION","tipo":"CENTPRE","nivel":"EDUCACION PREESCOLAR","propiedad":"PUB","escala":"LOCAL","permanenci":"NO","estruc_eco":"NO","url1":null}},{"type":"Feature","id":"eqp_uco_educacion.3372","geometry":{"type":"MultiPolygon","coordinates":[[[[-76.47180113,3.41705406],[-76.47183602,3.41699302],[-76.47184322,3.41698303],[-76.47184825,3.41697402],[-76.47185221,3.41696709],[-76.47187091,3.41693405],[-76.47192601,3.41696399],[-76.47189508,3.41701702],[-76.47185515,3.41708509],[-76.47180113,3.41705406]]]]},"geometry_name":"the_geom","properties":{"nombre":"GUARDERIA DE LA SECRETARIA DE SALUD PUBLICA","localizaci":"KR 26N NO 116 24","servicio":"EDUCACION","tipo":"GUARDE","nivel":"EDUCACION PREESCOLAR","propiedad":"PRIV","escala":"LOCAL","permanenci":"NO","estruc_eco":"NO","url1":null}},{"type":"Feature","id":"eqp_uco_educacion.3373","geometry":{"type":"MultiPolygon","coordinates":[[[[-76.47394106,3.41682394],[-76.47381104,3.41674894],[-76.47383011,3.41671797],[-76.47384198,3.41669492],[-76.47389312,3.41672496],[-76.47397127,3.41676893],[-76.47397085,3.4167692],[-76.4739508,3.41680586],[-76.47394106,3.41682394]]]]},"geometry_name":"the_geom","properties":{"nombre":"COLEGIO PENTECOSTAL","localizaci":"CL 112 NO 26D 13","servicio":"EDUCACION","tipo":"COLEGIO","nivel":"EDUCACION BASICA-EDUCACION MEDIA VOCACIONAL","propiedad":"PUB","escala":"LOCAL","permanenci":"NO","estruc_eco":"NO","url1":null}},{"type":"Feature","id":"eqp_uco_educacion.3374","geometry":{"type":"MultiPolygon","coordinates":[[[[-76.47212826,3.42299306],[-76.47229112,3.42309069],[-76.47229968,3.42314668],[-76.47225399,3.42322725],[-76.47205997,3.42311087],[-76.47212826,3.42299306]]]]},"geometry_name":"the_geom","properties":{"nombre":"HOGAR MULTIPLE ANGELITOS CON JESUS","localizaci":"KR 26I NO 108 03","servicio":"EDUCACION","tipo":"JARDININF","nivel":"EDUCACION PREESCOLAR","propiedad":"PRIV","escala":"LOCAL","permanenci":"NO","estruc_eco":"NO","url1":null}},{"type":"Feature","id":"eqp_uco_educacion.3375","geometry":{"type":"MultiPolygon","coordinates":[[[[-76.4764403,3.41659353],[-76.47646224,3.41655454],[-76.47651223,3.4164655],[-76.47653022,3.41643354],[-76.47658928,3.41646645],[-76.47655619,3.41652452],[-76.4765195,3.41658754],[-76.4764972,3.41662554],[-76.4764403,3.41659353]]]]},"geometry_name":"the_geom","properties":{"nombre":"COLEGIO FRANCISCO PIZARRO","localizaci":"KR 27 NO 105 102","servicio":"EDUCACION","tipo":"COLEGIO","nivel":"EDUCACION BASICA-EDUCACION MEDIA VOCACIONAL","propiedad":"PRIV","escala":"LOCAL","permanenci":"NO","estruc_eco":"NO","url1":null}},{"type":"Feature","id":"eqp_uco_educacion.3376","geometry":{"type":"MultiPolygon","coordinates":[[[[-76.47452291,3.41419238],[-76.47448474,3.41417044],[-76.47446889,3.41416145],[-76.47446781,3.41416046],[-76.4744037,3.41412449],[-76.4744368,3.41406642],[-76.4745027,3.41410446],[-76.47452071,3.41411543],[-76.474556,3.41413539],[-76.47452291,3.41419238]]]]},"geometry_name":"the_geom","properties":{"nombre":"CENTRO EDUCATIVO SENDERO DEL SABER","localizaci":"CL 115 NO 27 120","servicio":"EDUCACION","tipo":"CENTEDUC","nivel":"EDUCACION BASICA-EDUCACION MEDIA VOCACIONAL","propiedad":"PRIV","escala":"LOCAL","permanenci":"NO","estruc_eco":"NO","url1":null}},{"type":"Feature","id":"eqp_uco_educacion.3377","geometry":{"type":"MultiPolygon","coordinates":[[[[-76.47826636,3.41451439],[-76.47814932,3.4144465],[-76.47818241,3.41438843],[-76.47830054,3.41445641],[-76.47826636,3.41451439]]]]},"geometry_name":"the_geom","properties":{"nombre":"INSTITUTO INTEGRAL DAZA","localizaci":"CL 107 NO 27B 50","servicio":"EDUCACION","tipo":"INSTEDUCI","nivel":"EDUCACION NO FORMAL","propiedad":"PRIV","escala":"LOCAL","permanenci":"NO","estruc_eco":"NO","url1":null}},{"type":"Feature","id":"eqp_uco_educacion.3378","geometry":{"type":"MultiPolygon","coordinates":[[[[-76.47868322,3.41575526],[-76.47867422,3.41574933],[-76.47865909,3.41574033],[-76.47863605,3.4157273],[-76.47870691,3.41560629],[-76.47876489,3.41564127],[-76.47876201,3.41564325],[-76.47869511,3.41576129],[-76.47868322,3.41575526]]]]},"geometry_name":"the_geom","properties":{"nombre":"COLEGIO SUPERIOR DE ORIENTE","localizaci":"CL 104 NO H 103 03","servicio":"EDUCACION","tipo":"COLEGIO","nivel":"EDUCACION PREESCOLAR  BASICA MEDIA","propiedad":"PRIV","escala":"LOCAL","permanenci":"NO","estruc_eco":"NO","url1":null}},{"type":"Feature","id":"eqp_uco_educacion.3379","geometry":{"type":"MultiPolygon","coordinates":[[[[-76.47484538,3.41532332],[-76.47480541,3.41530138],[-76.4746826,3.41523142],[-76.47469339,3.41521044],[-76.47471425,3.41517443],[-76.47483742,3.4152443],[-76.47487848,3.41526831],[-76.47484538,3.41532332]]]]},"geometry_name":"the_geom","properties":{"nombre":"COLEGIO ALTERNATIVA EN LA EDUCACION S XXI","localizaci":"CL 112 NO 27 43","servicio":"EDUCACION","tipo":"COLEGIO","nivel":"EDUCACION BASICA","propiedad":"PRIV","escala":"LOCAL","permanenci":"NO","estruc_eco":"NO","url1":null}},{"type":"Feature","id":"eqp_uco_educacion.3380","geometry":{"type":"MultiPolygon","coordinates":[[[[-76.47518526,3.4146471],[-76.47514024,3.41462012],[-76.47509702,3.41459512],[-76.47505704,3.41457219],[-76.47506424,3.41456112],[-76.47508798,3.41451718],[-76.47510815,3.41452815],[-76.47512903,3.41454011],[-76.47514416,3.41455009],[-76.47521727,3.41459209],[-76.47524608,3.41460908],[-76.47522306,3.41465104],[-76.47521623,3.41466409],[-76.47518526,3.4146471]]]]},"geometry_name":"the_geom","properties":{"nombre":"LICEO CRISTIANO SENDAS DE AMOR","localizaci":"CL 112 NO SIN PLACA","servicio":"EDUCACION","tipo":"LICEO","nivel":"EDUCACION BASICA","propiedad":"PRIV","escala":"LOCAL","permanenci":"NO","estruc_eco":"NO","url1":null}},{"type":"Feature","id":"eqp_uco_educacion.3381","geometry":{"type":"MultiPolygon","coordinates":[[[[-76.47901141,3.41458852],[-76.47901148,3.41458857],[-76.47909194,3.41464036],[-76.47905929,3.41469097],[-76.47905929,3.41469566],[-76.47902854,3.41477213],[-76.47890156,3.41470009],[-76.47890948,3.41468407],[-76.47890948,3.41468209],[-76.47893465,3.41463707],[-76.47897139,3.41465307],[-76.47897247,3.41465307],[-76.4789775,3.41464506],[-76.47897966,3.41464407],[-76.47901141,3.41458852]]]]},"geometry_name":"the_geom","properties":{"nombre":"ESCUELA COMUNITARIA MILITAR LAS ORQUIDEAS","localizaci":"CL 105 CON KR 28  ESQUINA","servicio":"EDUCACION","tipo":"ESCUELA","nivel":"EDUCACION BASICA","propiedad":"PUB","escala":"LOCAL","permanenci":"NO","estruc_eco":"NO","url1":null}},{"type":"Feature","id":"eqp_uco_educacion.3382","geometry":{"type":"MultiPolygon","coordinates":[[[[-76.47652197,3.41582348],[-76.47654499,3.41578441],[-76.47655075,3.41577441],[-76.47656478,3.41575244],[-76.47656981,3.41574443],[-76.476586,3.41571643],[-76.47663894,3.41574736],[-76.47661376,3.4157904],[-76.47660189,3.41581039],[-76.47657096,3.41586441],[-76.47651694,3.41583347],[-76.47652197,3.41582348]]]]},"geometry_name":"the_geom","properties":{"nombre":"INSTITUTO IDEAS FANTASTICAS","localizaci":"KR 27B NO 105 144","servicio":"EDUCACION","tipo":"INSTINF","nivel":"EDUCACION PREESCOLAR","propiedad":"PRIV","escala":"LOCAL","permanenci":"NO","estruc_eco":"NO","url1":null}},{"type":"Feature","id":"eqp_uco_educacion.3383","geometry":{"type":"MultiPolygon","coordinates":[[[[-76.47744344,3.41675104],[-76.47744739,3.41674302],[-76.47751538,3.41662697],[-76.47757948,3.41666393],[-76.4775187,3.41677701],[-76.47751438,3.41677701],[-76.47749566,3.41677999],[-76.47744344,3.41675104]]]]},"geometry_name":"the_geom","properties":{"nombre":"LICEO CAMPANITAS","localizaci":"CL 105 NO 27A 11","servicio":"EDUCACION","tipo":"LICEO","nivel":"EDUCACION PREESCOLAR","propiedad":"PRIV","escala":"LOCAL","permanenci":"NO","estruc_eco":"NO","url1":null}},{"type":"Feature","id":"eqp_uco_educacion.3384","geometry":{"type":"MultiPolygon","coordinates":[[[[-76.47906539,3.41269485],[-76.47899669,3.41280991],[-76.47899561,3.41280992],[-76.47899453,3.41281397],[-76.47892862,3.41277899],[-76.47900057,3.41265789],[-76.47900453,3.41265987],[-76.47906539,3.41269485]]]]},"geometry_name":"the_geom","properties":{"nombre":"LICEO INFANTIL ANGELES DE ORIENTE","localizaci":"KR 28A NO 103 34","servicio":"EDUCACION","tipo":"LICEO","nivel":"EDUCACION PREESCOLAR","propiedad":"PRIV","escala":"LOCAL","permanenci":"NO","estruc_eco":"NO","url1":null}},{"type":"Feature","id":"eqp_uco_educacion.3385","geometry":{"type":"MultiPolygon","coordinates":[[[[-76.47621239,3.41788817],[-76.47622207,3.41787173],[-76.47624402,3.41783176],[-76.47627891,3.4177717],[-76.47633293,3.41780273],[-76.47633401,3.41780372],[-76.47634985,3.41781172],[-76.47638911,3.41783366],[-76.47637292,3.41786166],[-76.47636897,3.41786868],[-76.47633516,3.41792972],[-76.47632305,3.41794965],[-76.47626814,3.41791891],[-76.4762718,3.41791078],[-76.47625198,3.41790082],[-76.47624565,3.41791262],[-76.47621689,3.41790082],[-76.47621957,3.41789269],[-76.47621239,3.41788817]]]]},"geometry_name":"the_geom","properties":{"nombre":"COLEGIO ORDEN Y LIBERTAD","localizaci":"KR 28S NO 106 20","servicio":"EDUCACION","tipo":"COLEGIO","nivel":"EDUCACION BASICA","propiedad":"PRIV","escala":"LOCAL","permanenci":"NO","estruc_eco":"NO","url1":null}},{"type":"Feature","id":"eqp_uco_educacion.3386","geometry":{"type":"MultiPolygon","coordinates":[[[[-76.47416304,3.41989897],[-76.47409173,3.41985805],[-76.47412878,3.41980106],[-76.47418388,3.41983199],[-76.47420693,3.41984602],[-76.47424295,3.41986697],[-76.47420877,3.41992595],[-76.47416304,3.41989897]]]]},"geometry_name":"the_geom","properties":{"nombre":"LICEO DIANA VALENTINA Y MAC","localizaci":"CL 112 NO 26L 126","servicio":"EDUCACION","tipo":"LICEO","nivel":"EDUCACION BASICA MEDIA","propiedad":"PRIV","escala":"LOCAL","permanenci":"NO","estruc_eco":"NO","url1":null}},{"type":"Feature","id":"eqp_uco_educacion.3387","geometry":{"type":"MultiPolygon","coordinates":[[[[-76.47126731,3.4186807],[-76.47133173,3.41856642],[-76.47138503,3.41859645],[-76.47134798,3.41866542],[-76.4713213,3.41871236],[-76.47126731,3.4186807]]]]},"geometry_name":"the_geom","properties":{"nombre":"LICEO RENACER","localizaci":"KR 26K NO 115 50","servicio":"EDUCACION","tipo":"LICEO","nivel":"EDUCACION PREESCOLAR_EDUCACION BASICA","propiedad":"PRIV","escala":"LOCAL","permanenci":"NO","estruc_eco":"NO","url1":null}},{"type":"Feature","id":"eqp_uco_educacion.3388","geometry":{"type":"MultiPolygon","coordinates":[[[[-76.47691657,3.41717732],[-76.47683672,3.41731138],[-76.47678161,3.41727946],[-76.47685967,3.4171454],[-76.4768737,3.41712037],[-76.47692952,3.41715229],[-76.47691657,3.41717732]]]]},"geometry_name":"the_geom","properties":{"nombre":"LICEO LUCES DEL SABER","localizaci":"KR 27 NO 106 53","servicio":"EDUCACION","tipo":"LICEO","nivel":"EDUCACION PREESCOLAR","propiedad":"PRIV","escala":"LOCAL","permanenci":"NO","estruc_eco":"NO","url1":null}},{"type":"Feature","id":"eqp_uco_educacion.3389","geometry":{"type":"MultiPolygon","coordinates":[[[[-76.47333934,3.41934443],[-76.47328136,3.41931341],[-76.47330042,3.41928145],[-76.47335258,3.41919043],[-76.4734084,3.41922136],[-76.47337135,3.41928735],[-76.47335337,3.41931841],[-76.47333934,3.41934443]]]]},"geometry_name":"the_geom","properties":{"nombre":"COLEGIO ALVARO URIBE CHOCUE","localizaci":"KR 26L NO 108 95","servicio":"EDUCACION","tipo":"COLEGIO","nivel":"EDUCACION BASICA-EDUCACION MEDIA VOCACIONAL","propiedad":"PRIV","escala":"LOCAL","permanenci":"NO","estruc_eco":"NO","url1":null}},{"type":"Feature","id":"eqp_uco_educacion.3390","geometry":{"type":"MultiPolygon","coordinates":[[[[-76.47576133,3.41670694],[-76.47580863,3.41662413],[-76.47582536,3.41659485],[-76.47589414,3.41662883],[-76.47582724,3.4167439],[-76.47576133,3.41670694]]]]},"geometry_name":"the_geom","properties":{"nombre":"COLEGIO MIXTO TECNICO COMUNITARIO MANUEL ELKIN PATARROYO","localizaci":"KR 17 NO 108 003","servicio":"EDUCACION","tipo":"COLEGIO","nivel":"EDUCACION PREESCOLAR  BASICA MEDIA","propiedad":"PRIV","escala":"LOCAL","permanenci":"NO","estruc_eco":"NO","url1":null}},{"type":"Feature","id":"eqp_uco_educacion.3391","geometry":{"type":"MultiPolygon","coordinates":[[[[-76.47150247,3.4228087],[-76.47157005,3.42268965],[-76.47167894,3.42275565],[-76.47161052,3.42287957],[-76.47150247,3.4228087]]]]},"geometry_name":"the_geom","properties":{"nombre":"LICEO FUTURO DE LOS NIÑOS","localizaci":"KR 26I NO SIN PLACA","servicio":"EDUCACION","tipo":"LICEO","nivel":"EDUCACION BASICA","propiedad":"PRIV","escala":"LOCAL","permanenci":"NO","estruc_eco":"NO","url1":null}},{"type":"Feature","id":"eqp_uco_educacion.3392","geometry":{"type":"MultiPolygon","coordinates":[[[[-76.47266271,3.41776564],[-76.47264074,3.41775368],[-76.47260761,3.41773372],[-76.47261552,3.41771967],[-76.47267164,3.41761964],[-76.47268468,3.41762752],[-76.47271341,3.41764357],[-76.47272854,3.41765166],[-76.47270264,3.41769568],[-76.4726717,3.4177497],[-76.47266271,3.41776564]]]]},"geometry_name":"the_geom","properties":{"nombre":"FUNDACION EDUCATIVA ESTRELLA DE DAVID","localizaci":"KR 26N NO 112 71","servicio":"EDUCACION","tipo":"INSTEDUCI","nivel":"EDUCACION PREESCOLAR_EDUCACION BASICA","propiedad":"PRIV","escala":"LOCAL","permanenci":"NO","estruc_eco":"NO","url1":null}},{"type":"Feature","id":"eqp_uco_educacion.3393","geometry":{"type":"MultiPolygon","coordinates":[[[[-76.48144406,3.43559959],[-76.48132623,3.43552179],[-76.48136617,3.43546273],[-76.4814843,3.43553872],[-76.48144406,3.43559959]]]]},"geometry_name":"the_geom","properties":{"nombre":"CENTRO DOCENTE JULIO ARBOLEDA","localizaci":"CL 75  NO 26F 04","servicio":"EDUCACION","tipo":"CENTDOC","nivel":"EDUCACION BASICA-EDUCACION MEDIA VOCACIONAL","propiedad":"PRIV","escala":"LOCAL","permanenci":"NO","estruc_eco":"NO","url1":null}},{"type":"Feature","id":"eqp_uco_educacion.3394","geometry":{"type":"MultiPolygon","coordinates":[[[[-76.47335688,3.41845035],[-76.47339288,3.41846661],[-76.47339653,3.41846117],[-76.47344061,3.41848562],[-76.47345137,3.41847382],[-76.47349278,3.41849559],[-76.4734811,3.41851275],[-76.47351351,3.41852993],[-76.47350986,3.41853445],[-76.47347449,3.41859361],[-76.4734746,3.418594],[-76.47334222,3.41851812],[-76.47332521,3.41850837],[-76.47335688,3.41845035]]]]},"geometry_name":"the_geom","properties":{"nombre":"COLEGIO SAN ANDRES APOSTOL","localizaci":"KR 27 NO SIN PLACA","servicio":"EDUCACION","tipo":"COLEGIO","nivel":"EDUCACION BASICA-EDUCACION MEDIA VOCACIONAL","propiedad":"PRIV","escala":"LOCAL","permanenci":"NO","estruc_eco":"NO","url1":null}},{"type":"Feature","id":"eqp_uco_educacion.3395","geometry":{"type":"MultiPolygon","coordinates":[[[[-76.4807989,3.436586],[-76.48067896,3.43650911],[-76.48071781,3.43644905],[-76.48083595,3.43652801],[-76.4807989,3.436586]]]]},"geometry_name":"the_geom","properties":{"nombre":"CENTRO EDUCATIVO MANUELITA SAENZ","localizaci":"CL 75  NO 26 C1 19","servicio":"EDUCACION","tipo":"CENTEDUC","nivel":"EDUCACION PREESCOLAR_EDUCACION BASICA","propiedad":"PRIV","escala":"LOCAL","permanenci":"NO","estruc_eco":"NO","url1":null}},{"type":"Feature","id":"eqp_uco_educacion.3396","geometry":{"type":"MultiPolygon","coordinates":[[[[-76.47781465,3.43426155],[-76.47777539,3.43431832],[-76.47765658,3.43423868],[-76.47769525,3.43418535],[-76.47769773,3.43418185],[-76.47781465,3.43426155]]]]},"geometry_name":"the_geom","properties":{"nombre":"COLEGIO JOHANNES GUTEMBERG","localizaci":"KR 26C 2 CON CL 79 ESQUINA","servicio":"EDUCACION","tipo":"COLEGIO","nivel":"EDUCACION BASICA MEDIA","propiedad":"PRIV","escala":"LOCAL","permanenci":"NO","estruc_eco":"NO","url1":null}},{"type":"Feature","id":"eqp_uco_educacion.3397","geometry":{"type":"MultiPolygon","coordinates":[[[[-76.47946789,3.43604122],[-76.4794086,3.43600392],[-76.4794889,3.43587844],[-76.47954337,3.4359141],[-76.47946789,3.43604122]]]]},"geometry_name":"the_geom","properties":{"nombre":"COLEGIO COMERCIAL FRANCISCO ELADIO RAMIREZ","localizaci":"KR 26C 1 ENTRE CL 76 77","servicio":"EDUCACION","tipo":"INSTTCOM","nivel":"EDUCACION BASICA-EDUCACION MEDIA VOCACIONAL","propiedad":"PRIV","escala":"LOCAL","permanenci":"NO","estruc_eco":"NO","url1":null}},{"type":"Feature","id":"eqp_uco_educacion.3398","geometry":{"type":"MultiPolygon","coordinates":[[[[-76.48044715,3.44000798],[-76.48040298,3.44008079],[-76.4805468,3.44016956],[-76.48046009,3.44030815],[-76.47998831,3.44002729],[-76.48010996,3.43981118],[-76.48044715,3.44000798]]]]},"geometry_name":"the_geom","properties":{"nombre":"NUCLEO DE DESARROLLO EDUCATIVO LA ANUNCIACION","localizaci":"KR 26 ENTRE CL 73A 74","servicio":"EDUCACION","tipo":"CENTEDUC","nivel":"EDUCACION BASICA","propiedad":"PRIV","escala":"LOCAL","permanenci":"NO","estruc_eco":"NO","url1":null}},{"type":"Feature","id":"eqp_uco_educacion.3399","geometry":{"type":"MultiPolygon","coordinates":[[[[-76.48049326,3.43548],[-76.48048498,3.43547497],[-76.48043599,3.43544502],[-76.48037513,3.43540608],[-76.48041398,3.43534702],[-76.48053103,3.43542202],[-76.48049326,3.43548]]]]},"geometry_name":"the_geom","properties":{"nombre":"COLEGIO MARIA INMACULADA","localizaci":"KR 26E CON CL 75","servicio":"EDUCACION","tipo":"COLEGIO","nivel":"EDUCACION BASICA MEDIA","propiedad":"PRIV","escala":"LOCAL","permanenci":"NO","estruc_eco":"NO","url1":null}},{"type":"Feature","id":"eqp_uco_educacion.3400","geometry":{"type":"MultiPolygon","coordinates":[[[[-76.4801182,3.43761612],[-76.48000006,3.43753716],[-76.48004057,3.43747746],[-76.48005139,3.43748651],[-76.48015884,3.43755638],[-76.4801182,3.43761612]]]]},"geometry_name":"the_geom","properties":{"nombre":"INSTITUTO TECNOLOGICO DE SISTEMAS REY DE REYES","localizaci":"CL 75  NO 26 B1 26","servicio":"EDUCACION","tipo":"INSTEDUCI","nivel":"EDUCACION NO FORMAL","propiedad":"PRIV","escala":"LOCAL","permanenci":"NO","estruc_eco":"NO","url1":null}},{"type":"Feature","id":"eqp_uco_educacion.3401","geometry":{"type":"MultiPolygon","coordinates":[[[[-76.47957555,3.43562899],[-76.47962832,3.43578272],[-76.479564,3.43588191],[-76.47945757,3.4358119],[-76.47957555,3.43562899]]]]},"geometry_name":"the_geom","properties":{"nombre":"LICEO LAS AMERICAS","localizaci":"CL 77 NO 26B 1 18","servicio":"EDUCACION","tipo":"LICEO","nivel":"EDUCACION BASICA MEDIA","propiedad":"PRIV","escala":"LOCAL","permanenci":"NO","estruc_eco":"NO","url1":null}},{"type":"Feature","id":"eqp_uco_educacion.3402","geometry":{"type":"MultiPolygon","coordinates":[[[[-76.48086361,3.4355914],[-76.48081236,3.43555883],[-76.48089144,3.43544034],[-76.48094366,3.43547433],[-76.48086361,3.4355914]]]]},"geometry_name":"the_geom","properties":{"nombre":"LICEO MODERNO ALEGRIA DE LEER","localizaci":"KR 26E  NO 75 18","servicio":"EDUCACION","tipo":"LICEO","nivel":"EDUCACION BASICA","propiedad":"PRIV","escala":"LOCAL","permanenci":"NO","estruc_eco":"NO","url1":null}},{"type":"Feature","id":"eqp_uco_educacion.3403","geometry":{"type":"MultiPolygon","coordinates":[[[[-76.48012335,3.43941872],[-76.48017946,3.43945981],[-76.48021629,3.43947882],[-76.48021721,3.43947338],[-76.48021752,3.43947295],[-76.48021777,3.43947311],[-76.4802419,3.43948903],[-76.48021996,3.43952108],[-76.48020197,3.4395481],[-76.48017604,3.43953209],[-76.48015011,3.43951707],[-76.48012094,3.43950017],[-76.4800948,3.43948516],[-76.48008496,3.43947704],[-76.48012335,3.43941872]]]]},"geometry_name":"the_geom","properties":{"nombre":"CENTRO EDUCATIVO SAN JOSE LA SALLE","localizaci":"KR 26A 2 CON CL 74  ESQUINA","servicio":"EDUCACION","tipo":"COLEGIO","nivel":"EDUCACION BASICA-EDUCACION MEDIA VOCACIONAL","propiedad":"PRIV","escala":"LOCAL","permanenci":"NO","estruc_eco":"NO","url1":null}},{"type":"Feature","id":"eqp_uco_educacion.3404","geometry":{"type":"MultiPolygon","coordinates":[[[[-76.4786891,3.43663578],[-76.47867507,3.43665883],[-76.47863725,3.43663383],[-76.47862429,3.43662582],[-76.47856126,3.4365849],[-76.47855009,3.4365769],[-76.4785911,3.43651783],[-76.47861127,3.43653087],[-76.47864729,3.43655479],[-76.4787132,3.43660075],[-76.4786891,3.43663578]]]]},"geometry_name":"the_geom","properties":{"nombre":"LICEO LAS AMERICAS","localizaci":"T106 NO 26C 1 39","servicio":"EDUCACION","tipo":"LICEO","nivel":"EDUCACION BASICA MEDIA","propiedad":"PRIV","escala":"LOCAL","permanenci":"NO","estruc_eco":"NO","url1":null}},{"type":"Feature","id":"eqp_uco_educacion.3405","geometry":{"type":"MultiPolygon","coordinates":[[[[-76.47961669,3.43749366],[-76.47966709,3.43752808],[-76.47972017,3.43756334],[-76.47964919,3.43768197],[-76.4795451,3.43761209],[-76.47961669,3.43749366]]]]},"geometry_name":"the_geom","properties":{"nombre":"COLEGIO REY DE REYES","localizaci":"KR 26 B1  NO 75 25","servicio":"EDUCACION","tipo":"COLEGIO","nivel":"EDUCACION BASICA MEDIA","propiedad":"PRIV","escala":"LOCAL","permanenci":"NO","estruc_eco":"NO","url1":null}},{"type":"Feature","id":"eqp_uco_educacion.3406","geometry":{"type":"MultiPolygon","coordinates":[[[[-76.47845892,3.43766633],[-76.47844993,3.43768137],[-76.47839987,3.43764737],[-76.47841569,3.43762234],[-76.47842289,3.43761334],[-76.47847073,3.43754032],[-76.4785208,3.43757333],[-76.47848374,3.43762933],[-76.47847187,3.43764734],[-76.47845892,3.43766633]]]]},"geometry_name":"the_geom","properties":{"nombre":"COLEGIO CULTURAL EMANUEL","localizaci":"KR 26A 3 ENTRE CL 76 77","servicio":"EDUCACION","tipo":"COLEGIO","nivel":"EDUCACION BASICA-EDUCACION MEDIA VOCACIONAL","propiedad":"PRIV","escala":"LOCAL","permanenci":"NO","estruc_eco":"NO","url1":null}},{"type":"Feature","id":"eqp_uco_educacion.3407","geometry":{"type":"MultiPolygon","coordinates":[[[[-76.48565067,3.42233884],[-76.4857158,3.42227184],[-76.48574458,3.42223979],[-76.48579177,3.42228278],[-76.48576154,3.42231475],[-76.48569786,3.42238481],[-76.48565067,3.42233884]]]]},"geometry_name":"the_geom","properties":{"nombre":"COLEGIO NIÑO JESUS DE PRAGA","localizaci":"KR 27E NO 73 25","servicio":"EDUCACION","tipo":"COLEGIO","nivel":"EDUCACION PREESCOLAR","propiedad":"PRIV","escala":"LOCAL","permanenci":"NO","estruc_eco":"NO","url1":null}},{"type":"Feature","id":"eqp_uco_educacion.3408","geometry":{"type":"MultiPolygon","coordinates":[[[[-76.48522077,3.42123014],[-76.48527366,3.42117215],[-76.48528662,3.4211581],[-76.48531648,3.42112604],[-76.48536151,3.42117003],[-76.48533776,3.42119408],[-76.48532877,3.42120407],[-76.48531761,3.42121506],[-76.48526364,3.42127215],[-76.48522473,3.4212341],[-76.48522077,3.42123014]]]]},"geometry_name":"the_geom","properties":{"nombre":"COLEGIO CRISTIANO CAMINOS DE LUZ","localizaci":"KR 27F NO 73 138","servicio":"EDUCACION","tipo":"COLEGIO","nivel":"EDUCACION BASICA MEDIA","propiedad":"PRIV","escala":"LOCAL","permanenci":"NO","estruc_eco":"NO","url1":null}},{"type":"Feature","id":"eqp_uco_educacion.3409","geometry":{"type":"MultiPolygon","coordinates":[[[[-76.47954721,3.41962812],[-76.47948309,3.41956911],[-76.47944707,3.4195361],[-76.4794863,3.41949413],[-76.47958535,3.41958805],[-76.47954721,3.41962812]]]]},"geometry_name":"the_geom","properties":{"nombre":"JARDIN INFANTIL","localizaci":"CL 93 NO 26P 23","servicio":"EDUCACION","tipo":"JARDININF","nivel":"EDUCACION PREESCOLAR","propiedad":"PRIV","escala":"LOCAL","permanenci":"NO","estruc_eco":"NO","url1":null}},{"type":"Feature","id":"eqp_uco_educacion.3410","geometry":{"type":"MultiPolygon","coordinates":[[[[-76.48594539,3.42146955],[-76.48602193,3.42138875],[-76.48604064,3.42136768],[-76.48604172,3.42136669],[-76.48605953,3.42138486],[-76.48605407,3.42144536],[-76.48605077,3.42144967],[-76.48604069,3.42146075],[-76.48599283,3.42151379],[-76.48594539,3.42146955]]]]},"geometry_name":"the_geom","properties":{"nombre":"COLEGIO SENDEROS DELSABER Y LA ESPERANZA","localizaci":"KR 27G NO 73 34","servicio":"EDUCACION","tipo":"COLEGIO","nivel":"EDUCACION PREESCOLAR  BASICA MEDIA","propiedad":"PRIV","escala":"LOCAL","permanenci":"NO","estruc_eco":"NO","url1":null}},{"type":"Feature","id":"eqp_uco_educacion.3411","geometry":{"type":"MultiPolygon","coordinates":[[[[-76.48233528,3.42090922],[-76.48233024,3.42090428],[-76.48231403,3.42088925],[-76.48230935,3.42088422],[-76.48226432,3.4208423],[-76.48226504,3.42084023],[-76.48230606,3.42079628],[-76.48239107,3.42087724],[-76.48240728,3.42089118],[-76.48238137,3.42091721],[-76.4823641,3.42093621],[-76.48234032,3.42091327],[-76.48233528,3.42090922]]]]},"geometry_name":"the_geom","properties":{"nombre":"CENTRO DOCENTE MARIA DEL CARMEN","localizaci":"CL 85 NO 27 50","servicio":"EDUCACION","tipo":"CENTDOC","nivel":"EDUCACION BASICA-EDUCACION MEDIA VOCACIONAL","propiedad":"PRIV","escala":"LOCAL","permanenci":"NO","estruc_eco":"NO","url1":null}},{"type":"Feature","id":"eqp_uco_educacion.3412","geometry":{"type":"MultiPolygon","coordinates":[[[[-76.48217229,3.42311894],[-76.48215249,3.42313893],[-76.48205416,3.42304898],[-76.48209842,3.42300296],[-76.48210022,3.42300494],[-76.48216217,3.42306089],[-76.48217118,3.42306989],[-76.48218018,3.4230769],[-76.48219747,3.42309193],[-76.48217229,3.42311894]]]]},"geometry_name":"the_geom","properties":{"nombre":"COLEGIO INSTITUCIONAL LA NUEVA ESPERANZA","localizaci":"CL 81 NO 26P 76","servicio":"EDUCACION","tipo":"COLEGIO","nivel":"EDUCACION BASICA MEDIA","propiedad":"PRIV","escala":"LOCAL","permanenci":"NO","estruc_eco":"NO","url1":null}},{"type":"Feature","id":"eqp_uco_educacion.3413","geometry":{"type":"MultiPolygon","coordinates":[[[[-76.48057733,3.41567828],[-76.48053014,3.41563429],[-76.48055713,3.41560628],[-76.48057116,3.41558927],[-76.48062729,3.41553019],[-76.48067304,3.41557022],[-76.48061727,3.41563424],[-76.48057733,3.41567828]]]]},"geometry_name":"the_geom","properties":{"nombre":"COLEGIO TECNICO COMERCIAL GREGORIO MENDEZ","localizaci":"KR 28 1 NO 99 25","servicio":"EDUCACION","tipo":"COLEGIO","nivel":"EDUCACION PREESCOLAR  BASICA MEDIA","propiedad":"PRIV","escala":"LOCAL","permanenci":"NO","estruc_eco":"NO","url1":null}},{"type":"Feature","id":"eqp_uco_educacion.3414","geometry":{"type":"MultiPolygon","coordinates":[[[[-76.48165068,3.41652979],[-76.4816197,3.41650073],[-76.48159377,3.41647681],[-76.48163659,3.41642971],[-76.48172088,3.41650968],[-76.48173997,3.41652668],[-76.48173673,3.41653073],[-76.48174069,3.41653073],[-76.48169895,3.41657369],[-76.48165068,3.41652979]]]]},"geometry_name":"the_geom","properties":{"nombre":"COLEGIO ALFONSO BONILLA ARAGON","localizaci":"CL 94 NO 28 25","servicio":"EDUCACION","tipo":"COLEGIO","nivel":"EDUCACION BASICA","propiedad":"PRIV","escala":"LOCAL","permanenci":"NO","estruc_eco":"NO","url1":null}},{"type":"Feature","id":"eqp_uco_educacion.3415","geometry":{"type":"MultiPolygon","coordinates":[[[[-76.48189399,3.42246403],[-76.48188895,3.42245998],[-76.48179781,3.42237308],[-76.48178376,3.42236004],[-76.48182586,3.42231402],[-76.48183991,3.42232806],[-76.48189106,3.42237699],[-76.48189611,3.42238104],[-76.48191304,3.42239696],[-76.48191808,3.422402],[-76.48193501,3.422419],[-76.48189399,3.42246403]]]]},"geometry_name":"the_geom","properties":{"nombre":"COLEGIO LA ESTRELLA DEL SABER","localizaci":"CL 83  NO SIN PLACA","servicio":"EDUCACION","tipo":"COLEGIO","nivel":"EDUCACION BASICA","propiedad":"PRIV","escala":"LOCAL","permanenci":"NO","estruc_eco":"NO","url1":null}},{"type":"Feature","id":"eqp_uco_educacion.3416","geometry":{"type":"MultiPolygon","coordinates":[[[[-76.48126828,3.41779503],[-76.48121425,3.41774403],[-76.4811685,3.41769905],[-76.48118433,3.41768104],[-76.48120952,3.41765402],[-76.4812495,3.41769207],[-76.48125743,3.41770008],[-76.48125851,3.41770107],[-76.48130858,3.41774902],[-76.48126828,3.41779503]]]]},"geometry_name":"the_geom","properties":{"nombre":"LICEO RUBY LA CREACION DE CRISTO","localizaci":"CL 88 NO 27D  73","servicio":"EDUCACION","tipo":"LICEO","nivel":"EDUCACION PREESCOLAR_EDUCACION BASICA","propiedad":"PRIV","escala":"LOCAL","permanenci":"NO","estruc_eco":"NO","url1":null}},{"type":"Feature","id":"eqp_uco_educacion.3417","geometry":{"type":"MultiPolygon","coordinates":[[[[-76.48372704,3.4206469],[-76.48376126,3.42067991],[-76.48371808,3.42072593],[-76.48361506,3.42062896],[-76.48363916,3.42060491],[-76.48365932,3.42058294],[-76.48367805,3.42060093],[-76.48372704,3.4206469]]]]},"geometry_name":"the_geom","properties":{"nombre":"COLEGIO REINO UNIDO","localizaci":"KR 27D CON CL 82 ESQUINA","servicio":"EDUCACION","tipo":"COLEGIO","nivel":"EDUCACION BASICA","propiedad":"PRIV","escala":"LOCAL","permanenci":"NO","estruc_eco":"NO","url1":null}},{"type":"Feature","id":"eqp_uco_educacion.3418","geometry":{"type":"MultiPolygon","coordinates":[[[[-76.48437081,3.42003253],[-76.48431606,3.41998153],[-76.48429084,3.4199576],[-76.48427571,3.41994456],[-76.48426671,3.41993556],[-76.48430197,3.41989855],[-76.48431097,3.41988954],[-76.48441291,3.41998651],[-76.48439276,3.4200075],[-76.48437081,3.42003253]]]]},"geometry_name":"the_geom","properties":{"nombre":"ASOCIACION EDUCATIVA COLEGIO ARANGO Y CUERO","localizaci":"CL 82 NO 27D 111","servicio":"EDUCACION","tipo":"CENTEDUC","nivel":"EDUCACION TECNICA","propiedad":"PRIV","escala":"LOCAL","permanenci":"NO","estruc_eco":"NO","url1":null}},{"type":"Feature","id":"eqp_uco_educacion.3419","geometry":{"type":"MultiPolygon","coordinates":[[[[-76.47983494,3.41906894],[-76.47981083,3.41909694],[-76.47976581,3.41905493],[-76.47979208,3.41902693],[-76.47988779,3.41892085],[-76.4799339,3.41896484],[-76.47984286,3.41906092],[-76.47983494,3.41906894]]]]},"geometry_name":"the_geom","properties":{"nombre":"CENTRO DOCENTE EMANUEL","localizaci":"KR 27 NO 88 38","servicio":"EDUCACION","tipo":"CENTDOC","nivel":"EDUCACION BASICA-EDUCACION MEDIA VOCACIONAL","propiedad":"PRIV","escala":"LOCAL","permanenci":"NO","estruc_eco":"NO","url1":null}},{"type":"Feature","id":"eqp_uco_educacion.3420","geometry":{"type":"MultiPolygon","coordinates":[[[[-76.48196796,3.41871677],[-76.48193482,3.41868474],[-76.48191897,3.41866972],[-76.481839,3.41859182],[-76.48184008,3.41859083],[-76.48188002,3.41854778],[-76.48190488,3.41857279],[-76.48201006,3.41867174],[-76.48199711,3.41868669],[-76.48196796,3.41871677]]]]},"geometry_name":"the_geom","properties":{"nombre":"LICEO RENACER","localizaci":"CL 91 NO 27D 46","servicio":"EDUCACION","tipo":"LICEO","nivel":"EDUCACION PREESCOLAR_EDUCACION BASICA","propiedad":"PRIV","escala":"LOCAL","permanenci":"NO","estruc_eco":"NO","url1":null}},{"type":"Feature","id":"eqp_uco_educacion.3421","geometry":{"type":"MultiPolygon","coordinates":[[[[-76.48259154,3.41805038],[-76.48257067,3.41807236],[-76.48244064,3.41795146],[-76.48248669,3.41790139],[-76.48261457,3.4180213],[-76.48261457,3.41802535],[-76.48259154,3.41805038]]]]},"geometry_name":"the_geom","properties":{"nombre":"INSTITUTO IPANA","localizaci":"CL 91 NO 27D 144","servicio":"EDUCACION","tipo":"INSTEDUCI","nivel":"EDUCACION NO FORMAL","propiedad":"PRIV","escala":"LOCAL","permanenci":"NO","estruc_eco":"NO","url1":null}},{"type":"Feature","id":"eqp_uco_educacion.3422","geometry":{"type":"MultiPolygon","coordinates":[[[[-76.47586303,3.42377534],[-76.47590619,3.42370232],[-76.47591698,3.42368332],[-76.47593101,3.42365829],[-76.47597711,3.42368527],[-76.475989,3.42369129],[-76.47596526,3.42373532],[-76.47595698,3.42375027],[-76.47592317,3.42380933],[-76.47586303,3.42377534]]]]},"geometry_name":"the_geom","properties":{"nombre":"INSTITUTO MAX SEIDEL","localizaci":"CL 26I NO 108 03","servicio":"EDUCACION","tipo":"CENTEDUC","nivel":"EDUCACION NO FORMAL","propiedad":"PRIV","escala":"LOCAL","permanenci":"NO","estruc_eco":"NO","url1":null}},{"type":"Feature","id":"eqp_uco_educacion.3423","geometry":{"type":"MultiPolygon","coordinates":[[[[-76.47550469,3.41785662],[-76.47550488,3.41785619],[-76.47555199,3.41776813],[-76.47556099,3.41775112],[-76.4755689,3.41773608],[-76.47558691,3.41774606],[-76.4756258,3.4177681],[-76.47567694,3.41780101],[-76.47565284,3.41784405],[-76.47564385,3.41785908],[-76.47560896,3.41791805],[-76.47560877,3.4179184],[-76.47560854,3.41791791],[-76.47555638,3.41788717],[-76.47550506,3.41785643],[-76.47550469,3.41785662]]]]},"geometry_name":"the_geom","properties":{"nombre":"INSTITUTO TECNICO LATINOAMERICANO","localizaci":"KR 28R NO 107C 10","servicio":"EDUCACION","tipo":"INSTEDUCI","nivel":"EDUCACION BASICA MEDIA","propiedad":"PRIV","escala":"LOCAL","permanenci":"NO","estruc_eco":"NO","url1":null}},{"type":"Feature","id":"eqp_uco_educacion.3424","geometry":{"type":"MultiPolygon","coordinates":[[[[-76.475282,3.41898402],[-76.47528178,3.41898415],[-76.47524753,3.41904292],[-76.47524687,3.41904303],[-76.47513032,3.41897345],[-76.47516161,3.41891844],[-76.47520158,3.41893939],[-76.47521059,3.41894542],[-76.47522139,3.41895135],[-76.475282,3.41898402]]]]},"geometry_name":"the_geom","properties":{"nombre":"INSTITUTO TECNOLOGICO DE LA IGLESIA PENTECOSTAL","localizaci":"CL 107N NO 26 05","servicio":"EDUCACION","tipo":"INSTEDUCI","nivel":"EDUCACION BASICA","propiedad":"PRIV","escala":"LOCAL","permanenci":"NO","estruc_eco":"NO","url1":null}},{"type":"Feature","id":"eqp_uco_educacion.3425","geometry":{"type":"MultiPolygon","coordinates":[[[[-76.48644859,3.42026852],[-76.48646238,3.41980266],[-76.48648163,3.41934606],[-76.48648535,3.41907696],[-76.48649607,3.41881405],[-76.48650066,3.41876792],[-76.48653279,3.41872795],[-76.48657258,3.41868029],[-76.48661389,3.41865569],[-76.48665367,3.41864032],[-76.48672098,3.41863724],[-76.48678524,3.41864647],[-76.48683267,3.41867722],[-76.48706828,3.41883252],[-76.48743852,3.41907699],[-76.48750125,3.41911697],[-76.48751349,3.41914157],[-76.48751961,3.41917232],[-76.48751808,3.41919231],[-76.48750737,3.4192123],[-76.48750278,3.4192246],[-76.48747672,3.41924343],[-76.48735224,3.41935896],[-76.48727454,3.41949999],[-76.48724801,3.41955937],[-76.48724622,3.41956274],[-76.48724602,3.41956384],[-76.48689874,3.42034112],[-76.48659246,3.42108558],[-76.48642101,3.42151236],[-76.48640418,3.42150774],[-76.48642103,3.4210465],[-76.48643787,3.42051145],[-76.48644859,3.42026852]]]]},"geometry_name":"the_geom","properties":{"nombre":"COLEGIO CIUDADELA EDUCATIVA NUEVO LATIR","localizaci":null,"servicio":"EDUCACION","tipo":"COLEGIO","nivel":"EDUCACION PREESCOLAR_EDUCACION BASICA_EDUCACION MEDIA VOCACIONAL","propiedad":"PUB","escala":"ZONAL","permanenci":"SI","estruc_eco":"NO","url1":null}},{"type":"Feature","id":"eqp_uco_educacion.3426","geometry":{"type":"MultiPolygon","coordinates":[[[[-76.47713345,3.414789],[-76.47723105,3.4148525],[-76.47717253,3.41496045],[-76.47732788,3.41504236],[-76.47732137,3.41505411],[-76.47731869,3.41505863],[-76.47725477,3.41517527],[-76.47714585,3.4153733],[-76.47714135,3.41538142],[-76.47712518,3.41538594],[-76.47687955,3.41524574],[-76.47688764,3.41522136],[-76.47713345,3.414789]]]]},"geometry_name":"the_geom","properties":{"nombre":"COLEGIO PARROQUIAL SAN FRANCISCO JAVIER","localizaci":"KR 27C NO 107B 16","servicio":"EDUCACION","tipo":"COLEGIO","nivel":"EDUCACION BASICA","propiedad":"PUB","escala":"ZONAL","permanenci":"NO","estruc_eco":"NO","url1":null}},{"type":"Feature","id":"eqp_uco_educacion.3427","geometry":{"type":"MultiPolygon","coordinates":[[[[-76.46892652,3.42026784],[-76.46891968,3.4202629],[-76.46889339,3.42024788],[-76.4689254,3.42018981],[-76.46894449,3.42020087],[-76.46897942,3.42022182],[-76.46904065,3.42025878],[-76.46900863,3.42031577],[-76.46892652,3.42026784]]]]},"geometry_name":"the_geom","properties":{"nombre":"INSTITUTO TECNICO MANUELA BELTRAN","localizaci":"CL 119 NO 26I  67","servicio":"EDUCACION","tipo":"INSTEDUCI","nivel":"EDUCACION BASICA MEDIA","propiedad":"PRIV","escala":"LOCAL","permanenci":"NO","estruc_eco":"NO","url1":null}},{"type":"Feature","id":"eqp_uco_educacion.3428","geometry":{"type":"MultiPolygon","coordinates":[[[[-76.4689995,3.42006178],[-76.46898763,3.42008177],[-76.46895233,3.42006181],[-76.46893036,3.42004787],[-76.46886734,3.42001091],[-76.46888424,3.41998183],[-76.46889935,3.41995482],[-76.46891556,3.41996588],[-76.46893825,3.41997784],[-76.46901928,3.42002676],[-76.4689995,3.42006178]]]]},"geometry_name":"the_geom","properties":{"nombre":"LICEO INFANTIL FANTASIAS","localizaci":"CL 120 NO 26I  81","servicio":"EDUCACION","tipo":"LICEO","nivel":"EDUCACION PREESCOLAR","propiedad":"PRIV","escala":"LOCAL","permanenci":"NO","estruc_eco":"NO","url1":null}},{"type":"Feature","id":"eqp_uco_educacion.3429","geometry":{"type":"MultiPolygon","coordinates":[[[[-76.47074787,3.42081095],[-76.47068916,3.42077696],[-76.47062398,3.42073901],[-76.47065383,3.42068697],[-76.47071902,3.42072294],[-76.47073703,3.42073292],[-76.47077988,3.42075585],[-76.47074787,3.42081095]]]]},"geometry_name":"the_geom","properties":{"nombre":"LICEO SAN GABRIEL ARCANCGEL","localizaci":"CL 115 NO 26  I 130","servicio":"EDUCACION","tipo":"LICEO","nivel":"EDUCACION PREESCOLAR_EDUCACION BASICA","propiedad":"PRIV","escala":"LOCAL","permanenci":"NO","estruc_eco":"NO","url1":null}},{"type":"Feature","id":"eqp_uco_educacion.3430","geometry":{"type":"MultiPolygon","coordinates":[[[[-76.47334911,3.42079551],[-76.47331818,3.42084953],[-76.47319537,3.42078155],[-76.47322739,3.42072555],[-76.47330122,3.42076952],[-76.4733221,3.42078049],[-76.47334911,3.42079551]]]]},"geometry_name":"the_geom","properties":{"nombre":"COLEGIO JUAN JACOBO ROSSEAU","localizaci":"CL 109 NO 26J 78","servicio":"EDUCACION","tipo":"COLEGIO","nivel":"EDUCACION BASICA MEDIA","propiedad":"PRIV","escala":"LOCAL","permanenci":"NO","estruc_eco":"NO","url1":null}},{"type":"Feature","id":"eqp_uco_educacion.3431","geometry":{"type":"MultiPolygon","coordinates":[[[[-76.46881312,3.42163699],[-76.46881636,3.42163204],[-76.46883938,3.42159098],[-76.46885233,3.42156802],[-76.4688811,3.42151599],[-76.46893224,3.42154494],[-76.46890239,3.42159797],[-76.46888117,3.42163596],[-76.46886318,3.42166703],[-76.46881312,3.42163699]]]]},"geometry_name":"the_geom","properties":{"nombre":"CENTRO EDUCATIVO MIGUEL DE MONTAIGNE","localizaci":"KR 26F NO SIN PLACA","servicio":"EDUCACION","tipo":"CENTEDUC","nivel":"EDUCACION BASICA-EDUCACION MEDIA VOCACIONAL","propiedad":"PRIV","escala":"LOCAL","permanenci":"NO","estruc_eco":"NO","url1":null}},{"type":"Feature","id":"eqp_uco_educacion.3432","geometry":{"type":"MultiPolygon","coordinates":[[[[-76.46952553,3.42415579],[-76.46947151,3.42412387],[-76.46950676,3.42406183],[-76.46950856,3.42405877],[-76.4695136,3.42404878],[-76.46952978,3.42402177],[-76.46954345,3.42399674],[-76.46956362,3.42400879],[-76.46957046,3.42401374],[-76.46958847,3.42402372],[-76.46959855,3.42402875],[-76.46958057,3.42405973],[-76.46952553,3.42415579]]]]},"geometry_name":"the_geom","properties":{"nombre":"CENTRO EDUCATIVO SEMILLAS DE VIDA","localizaci":"KR 28E NO 112 36","servicio":"EDUCACION","tipo":"CENTEDUC","nivel":"EDUCACION PREESCOLAR_EDUCACION BASICA","propiedad":"PRIV","escala":"LOCAL","permanenci":"NO","estruc_eco":"NO","url1":null}},{"type":"Feature","id":"eqp_uco_educacion.3433","geometry":{"type":"MultiPolygon","coordinates":[[[[-76.48492883,3.41996824],[-76.48492199,3.4199722],[-76.48489498,3.41994827],[-76.48495902,3.41988118],[-76.48496694,3.41987317],[-76.48498997,3.41984813],[-76.48503788,3.41989419],[-76.4849839,3.41995119],[-76.48494792,3.41999019],[-76.48492883,3.41996824]]]]},"geometry_name":"the_geom","properties":{"nombre":"FUNDACION EDUCATIVA MARANATHA","localizaci":"KR 27D NO 81 10","servicio":"EDUCACION","tipo":"INSTEDUCI","nivel":"EDUCACION PREESCOLAR_EDUCACION BASICA","propiedad":"PRIV","escala":"LOCAL","permanenci":"NO","estruc_eco":"NO","url1":null}},{"type":"Feature","id":"eqp_uco_educacion.3434","geometry":{"type":"MultiPolygon","coordinates":[[[[-76.48261508,3.4223586],[-76.48262517,3.42236859],[-76.48262985,3.42237561],[-76.4826151,3.42239163],[-76.48258811,3.42241964],[-76.48252507,3.42235964],[-76.48252003,3.42235568],[-76.48248293,3.42232069],[-76.48252611,3.42227467],[-76.48256105,3.42230769],[-76.48257294,3.42231965],[-76.48261508,3.4223586]]]]},"geometry_name":"the_geom","properties":{"nombre":"LICEO ANGELA MARIA","localizaci":"CL 81 NO 26P 51","servicio":"EDUCACION","tipo":"LICEO","nivel":"EDUCACION BASICA","propiedad":"PRIV","escala":"LOCAL","permanenci":"NO","estruc_eco":"NO","url1":null}},{"type":"Feature","id":"eqp_uco_educacion.3435","geometry":{"type":"MultiPolygon","coordinates":[[[[-76.48120593,3.42190383],[-76.48119981,3.42191185],[-76.48120485,3.42191283],[-76.48119694,3.42192085],[-76.48119298,3.42191878],[-76.48118794,3.42192382],[-76.48116779,3.4219458],[-76.48110763,3.42188985],[-76.48106585,3.42185089],[-76.48110471,3.42180884],[-76.48112272,3.42182683],[-76.48120593,3.42190383]]]]},"geometry_name":"the_geom","properties":{"nombre":"COLEGIO SANTIAGO DE CALI","localizaci":"CL 85 NO 26P 86","servicio":"EDUCACION","tipo":"COLEGIO","nivel":"EDUCACION BASICA-EDUCACION MEDIA VOCACIONAL","propiedad":"PRIV","escala":"LOCAL","permanenci":"NO","estruc_eco":"NO","url1":null}},{"type":"Feature","id":"eqp_uco_educacion.3436","geometry":{"type":"MultiPolygon","coordinates":[[[[-76.48431873,3.42130721],[-76.48434571,3.42127821],[-76.48436874,3.42125318],[-76.4843918,3.42127621],[-76.48441881,3.42130121],[-76.48447284,3.42135213],[-76.48442391,3.42140724],[-76.48431873,3.42130721]]]]},"geometry_name":"the_geom","properties":{"nombre":"COLEGIO SANTA CRUZ","localizaci":"KR 27G ENTRE CL 79 Y 80","servicio":"EDUCACION","tipo":"COLEGIO","nivel":"EDUCACION BASICA","propiedad":"PRIV","escala":"LOCAL","permanenci":"NO","estruc_eco":"NO","url1":null}},{"type":"Feature","id":"eqp_uco_educacion.3437","geometry":{"type":"MultiPolygon","coordinates":[[[[-76.47497195,3.41351822],[-76.47493863,3.41350557],[-76.47490713,3.41356258],[-76.47466417,3.41342055],[-76.47478386,3.41320988],[-76.4748593,3.41325325],[-76.47495443,3.41330795],[-76.47497732,3.41332111],[-76.47496023,3.41335367],[-76.47503946,3.41340067],[-76.47497195,3.41351822]]]]},"geometry_name":"the_geom","properties":{"nombre":"CENTRO DOCENTE ISAIAS HERNAN IBARRA","localizaci":"KR 27F CON CL 114  ESQUINA","servicio":"EDUCACION","tipo":"CENTDOC","nivel":"EDUCACION BASICA-EDUCACION MEDIA VOCACIONAL","propiedad":"PRIV","escala":"LOCAL","permanenci":"NO","estruc_eco":"NO","url1":null}},{"type":"Feature","id":"eqp_uco_educacion.3438","geometry":{"type":"MultiPolygon","coordinates":[[[[-76.4778867,3.4137284],[-76.47792785,3.41365827],[-76.47794403,3.41362928],[-76.47794583,3.41362532],[-76.4779559,3.41360632],[-76.4780128,3.41364022],[-76.47794316,3.41376139],[-76.47794245,3.41376098],[-76.47794161,3.41376006],[-76.4778867,3.4137284]]]]},"geometry_name":"the_geom","properties":{"nombre":"COLEGIO ESTRELLITAS DEL FUTURO","localizaci":"KR 28 3","servicio":"EDUCACION","tipo":"COLEGIO","nivel":"EDUCACION PREESCOLAR","propiedad":"PRIV","escala":"LOCAL","permanenci":"NO","estruc_eco":"NO","url1":null}},{"type":"Feature","id":"eqp_uco_educacion.3439","geometry":{"type":"MultiPolygon","coordinates":[[[[-76.48172372,3.42451011],[-76.48170967,3.42451012],[-76.48166575,3.42451113],[-76.48166459,3.42436118],[-76.48170167,3.42436116],[-76.48172256,3.42436115],[-76.48175856,3.42436014],[-76.48177044,3.42436013],[-76.48180356,3.42435904],[-76.48189249,3.424358],[-76.48188249,3.42450804],[-76.48173848,3.4245101],[-76.48172372,3.42451011]]]]},"geometry_name":"the_geom","properties":{"nombre":"CORPORACION EDUCATIVA PREMIO NOBEL","localizaci":"DG 26P 4 NO 80 06","servicio":"EDUCACION","tipo":"CENTEDUC","nivel":"EDUCACION NO FORMAL","propiedad":"PUB","escala":"LOCAL","permanenci":"NO","estruc_eco":"NO","url1":null}},{"type":"Feature","id":"eqp_uco_educacion.3440","geometry":{"type":"MultiPolygon","coordinates":[[[[-76.47774969,3.43211652],[-76.47765028,3.43205075],[-76.47768548,3.43199596],[-76.47778582,3.43206226],[-76.47774969,3.43211652]]]]},"geometry_name":"the_geom","properties":{"nombre":"LICEO COLOMBIA UNIDA","localizaci":"KR 26 G 2 CL 80 A ESQUINA","servicio":"EDUCACION","tipo":"LICEO","nivel":"EDUCACION BASICA","propiedad":"PRIV","escala":"LOCAL","permanenci":"NO","estruc_eco":"NO","url1":null}},{"type":"Feature","id":"eqp_uco_educacion.3441","geometry":{"type":"MultiPolygon","coordinates":[[[[-76.48680013,3.42641326],[-76.48684296,3.42634256],[-76.48686994,3.42629854],[-76.48688399,3.42630852],[-76.4869038,3.42632057],[-76.48693369,3.42634053],[-76.48695674,3.42635555],[-76.48693876,3.42639057],[-76.48690284,3.42646011],[-76.48680013,3.42641326]]]]},"geometry_name":"the_geom","properties":{"nombre":"CENTRO DOCENTE HORIZONTES DEL FUTURO","localizaci":"CL 72W CON KR 26U ESQUINA","servicio":"EDUCACION","tipo":"CENTDOC","nivel":"EDUCACION BASICA-EDUCACION MEDIA VOCACIONAL","propiedad":"PRIV","escala":"LOCAL","permanenci":"NO","estruc_eco":"NO","url1":null}},{"type":"Feature","id":"eqp_uco_educacion.3442","geometry":{"type":"MultiPolygon","coordinates":[[[[-76.48727215,3.4274781],[-76.48724817,3.42752401],[-76.48706934,3.4274336],[-76.48707494,3.42742302],[-76.48707709,3.42741708],[-76.48709535,3.42738321],[-76.48712705,3.42739985],[-76.48715542,3.42741506],[-76.48720793,3.42744406],[-76.48725664,3.42746973],[-76.48727215,3.4274781]]]]},"geometry_name":"the_geom","properties":{"nombre":"COLEGIO CRISTIANO ANDRES ESCOBAR","localizaci":"CL 72W RNTRE KR 26O Y 26P","servicio":"EDUCACION","tipo":"COLEGIO","nivel":"EDUCACION BASICA MEDIA","propiedad":"PRIV","escala":"LOCAL","permanenci":"NO","estruc_eco":"NO","url1":null}},{"type":"Feature","id":"eqp_uco_educacion.3443","geometry":{"type":"MultiPolygon","coordinates":[[[[-76.49667817,3.42913945],[-76.49665731,3.42918149],[-76.49652838,3.42911154],[-76.49654924,3.42907255],[-76.49667817,3.42913945]]]]},"geometry_name":"the_geom","properties":{"nombre":"LICEO EL PONDAJE","localizaci":"CL 71B NO 28 91","servicio":"EDUCACION","tipo":"LICEO","nivel":"EDUCACION BASICA MEDIA","propiedad":"PRIV","escala":"LOCAL","permanenci":"NO","estruc_eco":"NO","url1":null}},{"type":"Feature","id":"eqp_uco_educacion.3444","geometry":{"type":"MultiPolygon","coordinates":[[[[-76.4969149,3.4301634],[-76.49689476,3.43020347],[-76.49675575,3.43013055],[-76.49677697,3.43009048],[-76.4969149,3.4301634]]]]},"geometry_name":"the_geom","properties":{"nombre":"INSTITUTO TECNICO COMERCIAL SANTA ROSA","localizaci":"CL 71 NO 27 91","servicio":"EDUCACION","tipo":"INSTTCOM","nivel":"EDUCACION BASICA-EDUCACION MEDIA VOCACIONAL","propiedad":"PRIV","escala":"LOCAL","permanenci":"NO","estruc_eco":"NO","url1":null}},{"type":"Feature","id":"eqp_uco_educacion.3445","geometry":{"type":"MultiPolygon","coordinates":[[[[-76.49234196,3.43659635],[-76.49233584,3.43660634],[-76.49233188,3.4366103],[-76.49215291,3.43653345],[-76.49202975,3.43648149],[-76.49202795,3.43648149],[-76.49201283,3.43648051],[-76.49201568,3.4364355],[-76.49201781,3.43638348],[-76.49202067,3.43633649],[-76.49204585,3.43629544],[-76.49206959,3.43625744],[-76.49210448,3.43620243],[-76.49215563,3.43624336],[-76.49228386,3.43635129],[-76.49240488,3.43644123],[-76.49242073,3.43645428],[-76.49239087,3.43650731],[-76.49234196,3.43659635]]]]},"geometry_name":"the_geom","properties":{"nombre":"COLEGIO CLUB DE LEONES_CALI CENTRO","localizaci":"CL 72 NO 26A 37","servicio":"EDUCACION","tipo":"COLEGIO","nivel":"EDUCACION BASICA-EDUCACION MEDIA VOCACIONAL","propiedad":"PRIV","escala":"LOCAL","permanenci":"NO","estruc_eco":"NO","url1":null}},{"type":"Feature","id":"eqp_uco_educacion.3446","geometry":{"type":"MultiPolygon","coordinates":[[[[-76.48447955,3.44290517],[-76.48443059,3.44292428],[-76.48443053,3.44276529],[-76.48447949,3.44276488],[-76.48447955,3.44290517]]]]},"geometry_name":"the_geom","properties":{"nombre":"LICEO JUVENIL DE COLOMBIA","localizaci":"CL 73 NO 22 00 ESQUINA","servicio":"EDUCACION","tipo":"LICEO","nivel":"EDUCACION BASICA MEDIA","propiedad":"PRIV","escala":"LOCAL","permanenci":"NO","estruc_eco":"NO","url1":null}},{"type":"Feature","id":"eqp_uco_educacion.3447","geometry":{"type":"MultiPolygon","coordinates":[[[[-76.49020556,3.43801753],[-76.49018141,3.43797461],[-76.49029335,3.43790947],[-76.49030053,3.43792405],[-76.49031218,3.43794234],[-76.4903175,3.43795347],[-76.49020556,3.43801753]]]]},"geometry_name":"the_geom","properties":{"nombre":"COLEGIO CIENCIA Y VIRTUD","localizaci":"KR 25E NO 70B 71","servicio":"EDUCACION","tipo":"COLEGIO","nivel":"EDUCACION BASICA","propiedad":"PRIV","escala":"LOCAL","permanenci":"NO","estruc_eco":"NO","url1":null}},{"type":"Feature","id":"eqp_uco_educacion.3448","geometry":{"type":"MultiPolygon","coordinates":[[[[-76.48865236,3.42723071],[-76.48848561,3.42714376],[-76.48851547,3.42708677],[-76.48855827,3.42700277],[-76.48860544,3.42702669],[-76.48861445,3.42703073],[-76.48863353,3.42704071],[-76.48863857,3.42704368],[-76.48864542,3.42704872],[-76.48868143,3.4270667],[-76.48873329,3.42709268],[-76.48880532,3.42713063],[-76.48873267,3.42727161],[-76.48865236,3.42723071]]]]},"geometry_name":"the_geom","properties":{"nombre":"CENTRO DOCENTE LA PAZ","localizaci":"CL 72T NO 27 42","servicio":"EDUCACION","tipo":"CENTDOC","nivel":"EDUCACION BASICA-EDUCACION MEDIA VOCACIONAL","propiedad":"PRIV","escala":"LOCAL","permanenci":"NO","estruc_eco":"NO","url1":null}},{"type":"Feature","id":"eqp_uco_educacion.3449","geometry":{"type":"MultiPolygon","coordinates":[[[[-76.4946683,3.43354884],[-76.4946456,3.43350484],[-76.49478633,3.43343078],[-76.4948094,3.43347577],[-76.4946683,3.43354884]]]]},"geometry_name":"the_geom","properties":{"nombre":"COLEGIO PORFIRIO BARBA JACOB","localizaci":"KR 26L NO 71 08","servicio":"EDUCACION","tipo":"COLEGIO","nivel":"EDUCACION BASICA MEDIA","propiedad":"PRIV","escala":"LOCAL","permanenci":"NO","estruc_eco":"NO","url1":null}},{"type":"Feature","id":"eqp_uco_educacion.3450","geometry":{"type":"MultiPolygon","coordinates":[[[[-76.48806157,3.42367223],[-76.48805997,3.42367635],[-76.48806146,3.42367756],[-76.48797127,3.42378255],[-76.48792516,3.42374154],[-76.48792336,3.42374055],[-76.48801727,3.42363249],[-76.48806157,3.42367223]]]]},"geometry_name":"the_geom","properties":{"nombre":"COLEGIO TECNICO COMERCIAL SAN MARCOS DE LEON","localizaci":"KR 27G NO 72W2 04","servicio":"EDUCACION","tipo":"INSTTCOM","nivel":"EDUCACION PREESCOLAR  BASICA MEDIA","propiedad":"PRIV","escala":"LOCAL","permanenci":"NO","estruc_eco":"NO","url1":null}},{"type":"Feature","id":"eqp_uco_educacion.3451","geometry":{"type":"MultiPolygon","coordinates":[[[[-76.48655414,3.42533469],[-76.48652716,3.42536576],[-76.4864173,3.4252858],[-76.4864101,3.42528176],[-76.48643421,3.42525474],[-76.48650438,3.42517676],[-76.48661135,3.42526869],[-76.48655414,3.42533469]]]]},"geometry_name":"the_geom","properties":{"nombre":"CENTRO EDUCATIVO COMUNITARIO OMAR TORRIJOS","localizaci":"CL 72X NO 27 04","servicio":"EDUCACION","tipo":"CENTEDUC","nivel":"EDUCACION BASICA-EDUCACION MEDIA VOCACIONAL","propiedad":"PUB","escala":"LOCAL","permanenci":"NO","estruc_eco":"NO","url1":null}},{"type":"Feature","id":"eqp_uco_educacion.3452","geometry":{"type":"MultiPolygon","coordinates":[[[[-76.48731177,3.42696496],[-76.48733875,3.42691301],[-76.48750081,3.42699888],[-76.48751701,3.42700787],[-76.48749112,3.42705892],[-76.48746414,3.42710889],[-76.48745012,3.4271359],[-76.48743789,3.42715993],[-76.48741415,3.42720495],[-76.48738501,3.42725897],[-76.48737205,3.42725196],[-76.48720711,3.42716807],[-76.48723085,3.42712206],[-76.48723408,3.42711603],[-76.48724415,3.42709703],[-76.48724703,3.42709208],[-76.48726106,3.42706507],[-76.48727293,3.42704103],[-76.4872848,3.427017],[-76.48731177,3.42696496]]]]},"geometry_name":"the_geom","properties":{"nombre":"COLEGIO JESUS DIVINO NIÑO","localizaci":"CL 72U ENTRE KR 26P Y 26U","servicio":"EDUCACION","tipo":"COLEGIO","nivel":"EDUCACION BASICA MEDIA","propiedad":"PRIV","escala":"LOCAL","permanenci":"NO","estruc_eco":"NO","url1":null}},{"type":"Feature","id":"eqp_uco_educacion.3453","geometry":{"type":"MultiPolygon","coordinates":[[[[-76.49289058,3.42301317],[-76.49284268,3.42297116],[-76.49293443,3.42286608],[-76.49298162,3.42290908],[-76.49289058,3.42301317]]]]},"geometry_name":"the_geom","properties":{"nombre":"COLEGIO NUEVA VIDA","localizaci":"KR 28D1 NO 72P 46","servicio":"EDUCACION","tipo":"COLEGIO","nivel":"EDUCACION BASICA","propiedad":"PRIV","escala":"LOCAL","permanenci":"NO","estruc_eco":"NO","url1":null}},{"type":"Feature","id":"eqp_uco_educacion.3454","geometry":{"type":"MultiPolygon","coordinates":[[[[-76.49239774,3.43421435],[-76.49209334,3.43439832],[-76.49201096,3.43425324],[-76.49196721,3.43414298],[-76.49226569,3.43397171],[-76.49239774,3.43421435]]]]},"geometry_name":"the_geom","properties":{"nombre":"UNIDAD EDUCATIVA HUMBERTO JORDAN MAZUERA","localizaci":"KR 26I  NO 71A1 25","servicio":"EDUCACION","tipo":"CENTEDUC","nivel":"EDUCACION BASICA-EDUCACION MEDIA VOCACIONAL","propiedad":"PUB","escala":"LOCAL","permanenci":"NO","estruc_eco":"NO","url1":null}},{"type":"Feature","id":"eqp_uco_educacion.3455","geometry":{"type":"MultiPolygon","coordinates":[[[[-76.49335319,3.42765417],[-76.49331037,3.42770225],[-76.49320699,3.4276123],[-76.49324909,3.42756422],[-76.49335319,3.42765417]]]]},"geometry_name":"the_geom","properties":{"nombre":"ESCUELA MIGUEL CAMACHO PEREA","localizaci":"KR 28 NO 72N 08","servicio":"EDUCACION","tipo":"ESCUELA","nivel":"EDUCACION BASICA MEDIA","propiedad":"PRIV","escala":"LOCAL","permanenci":"NO","estruc_eco":"NO","url1":null}},{"type":"Feature","id":"eqp_uco_educacion.3456","geometry":{"type":"MultiPolygon","coordinates":[[[[-76.49505892,3.42678217],[-76.49501101,3.42674025],[-76.49509881,3.42664021],[-76.49514599,3.42668113],[-76.49505892,3.42678217]]]]},"geometry_name":"the_geom","properties":{"nombre":"COLEGIO TORRE FUERTE","localizaci":null,"servicio":"EDUCACION","tipo":"COLEGIO","nivel":"EDUCACION BASICA MEDIA","propiedad":"PRIV","escala":"LOCAL","permanenci":"NO","estruc_eco":"NO","url1":null}},{"type":"Feature","id":"eqp_uco_educacion.3457","geometry":{"type":"MultiPolygon","coordinates":[[[[-76.495415,3.42478286],[-76.49552475,3.42465985],[-76.49560471,3.42472974],[-76.49549605,3.42485581],[-76.495415,3.42478286]]]]},"geometry_name":"the_geom","properties":{"nombre":"LICEO MIXTO HOMBRES DEL FUTURO","localizaci":"KR 28D2 NO 72F4 115","servicio":"EDUCACION","tipo":"LICEO","nivel":"EDUCACION BASICA","propiedad":"PRIV","escala":"LOCAL","permanenci":"NO","estruc_eco":"NO","url1":null}},{"type":"Feature","id":"eqp_uco_educacion.3458","geometry":{"type":"MultiPolygon","coordinates":[[[[-76.49047785,3.44089262],[-76.4903961,3.44084964],[-76.49048278,3.44068758],[-76.49056309,3.44073056],[-76.49047785,3.44089262]]]]},"geometry_name":"the_geom","properties":{"nombre":"LICEO INFANTIL NUEVO MUNDO","localizaci":"CL 72 NO 25B 05","servicio":"EDUCACION","tipo":"LICEO","nivel":"EDUCACION PREESCOLAR","propiedad":"PRIV","escala":"LOCAL","permanenci":"NO","estruc_eco":"NO","url1":null}},{"type":"Feature","id":"eqp_uco_educacion.3459","geometry":{"type":"MultiPolygon","coordinates":[[[[-76.48779607,3.44312919],[-76.48779284,3.44313621],[-76.48773702,3.44310528],[-76.48774601,3.44309025],[-76.48774709,3.44308827],[-76.48778485,3.44301822],[-76.48779205,3.44300625],[-76.48779385,3.44300121],[-76.4878237,3.4429462],[-76.48787988,3.44297614],[-76.48784283,3.44304321],[-76.48783096,3.44306518],[-76.48780111,3.44312019],[-76.48779607,3.44312919]]]]},"geometry_name":"the_geom","properties":{"nombre":"COLEGIO LOS VENCEDORES","localizaci":"KR 22A NO 72B 26","servicio":"EDUCACION","tipo":"COLEGIO","nivel":"EDUCACION BASICA MEDIA","propiedad":"PRIV","escala":"LOCAL","permanenci":"NO","estruc_eco":"NO","url1":null}},{"type":"Feature","id":"eqp_uco_educacion.3460","geometry":{"type":"MultiPolygon","coordinates":[[[[-76.49390336,3.42955128],[-76.4941069,3.42921608],[-76.49464355,3.42951681],[-76.49445064,3.42985027],[-76.49390336,3.42955128]]]]},"geometry_name":"the_geom","properties":{"nombre":"CENTRO DOCENTE VILLA BLANCA","localizaci":"DG 72F CR 26L Y 26M","servicio":"EDUCACION","tipo":"CENTDOC","nivel":"EDUCACION BASICA-EDUCACION MEDIA VOCACIONAL","propiedad":"PUB","escala":"ZONAL","permanenci":"NO","estruc_eco":"NO","url1":null}},{"type":"Feature","id":"eqp_uco_educacion.3461","geometry":{"type":"MultiPolygon","coordinates":[[[[-76.49088726,3.42644468],[-76.49085136,3.42640028],[-76.49093448,3.42631617],[-76.49097434,3.42636199],[-76.49088726,3.42644468]]]]},"geometry_name":"the_geom","properties":{"nombre":"ESCUELA MARROQUIN III","localizaci":"CL 72 CON TR 72L ESQUINA","servicio":"EDUCACION","tipo":"ESCUELA","nivel":"EDUCACION BASICA","propiedad":"PUB","escala":"LOCAL","permanenci":"NO","estruc_eco":"NO","url1":null}},{"type":"Feature","id":"eqp_uco_educacion.3462","geometry":{"type":"MultiPolygon","coordinates":[[[[-76.49047814,3.4434564],[-76.49047526,3.44346045],[-76.49044217,3.4435124],[-76.49024805,3.44341152],[-76.49027934,3.44335255],[-76.49031212,3.44337053],[-76.49035029,3.4433895],[-76.49047814,3.4434564]]]]},"geometry_name":"the_geom","properties":{"nombre":"LICEO INFANTIL CREADORES DEL FUTURO","localizaci":"CL 70 NO 23 65","servicio":"EDUCACION","tipo":"LICEO","nivel":"EDUCACION PREESCOLAR","propiedad":"PRIV","escala":"LOCAL","permanenci":"NO","estruc_eco":"NO","url1":null}},{"type":"Feature","id":"eqp_uco_educacion.3463","geometry":{"type":"MultiPolygon","coordinates":[[[[-76.48730036,3.44314391],[-76.48738416,3.44297484],[-76.4874371,3.44300379],[-76.48737344,3.44313289],[-76.4873533,3.44317287],[-76.48730036,3.44314391]]]]},"geometry_name":"the_geom","properties":{"nombre":"JARDIN INFANTIL CRECIENDO EN JESUS","localizaci":"KR 22 NO 72B 49","servicio":"EDUCACION","tipo":"JARDININF","nivel":"EDUCACION PREESCOLAR","propiedad":"PRIV","escala":"LOCAL","permanenci":"NO","estruc_eco":"NO","url1":null}},{"type":"Feature","id":"eqp_uco_educacion.3464","geometry":{"type":"MultiPolygon","coordinates":[[[[-76.4915427,3.43971767],[-76.49163549,3.43954265],[-76.49168555,3.43956765],[-76.49159384,3.43974573],[-76.4915427,3.43971767]]]]},"geometry_name":"the_geom","properties":{"nombre":"COLEGIO LICEO ORIENTAL","localizaci":"KR 25A NO 71 54","servicio":"EDUCACION","tipo":"COLEGIO","nivel":"EDUCACION BASICA MEDIA","propiedad":"PRIV","escala":"LOCAL","permanenci":"NO","estruc_eco":"NO","url1":null}},{"type":"Feature","id":"eqp_uco_educacion.3465","geometry":{"type":"MultiPolygon","coordinates":[[[[-76.49129318,3.43924965],[-76.49136614,3.43900065],[-76.49221729,3.43906815],[-76.49195259,3.43959635],[-76.49129318,3.43924965]]]]},"geometry_name":"the_geom","properties":{"nombre":"LICEO Y RESTAURANTE ESCOLAR ENRIQUE OLAYA HERRERA ICBF","localizaci":"CL 71 NO 25A 15","servicio":"EDUCACION","tipo":"LICEO","nivel":"EDUCACION PREESCOLAR","propiedad":"PUB","escala":"LOCAL","permanenci":"NO","estruc_eco":"NO","url1":null}},{"type":"Feature","id":"eqp_uco_educacion.3466","geometry":{"type":"MultiPolygon","coordinates":[[[[-76.49205588,3.43587332],[-76.49201456,3.43592949],[-76.49179151,3.4358309],[-76.49179149,3.43579801],[-76.49196892,3.43570096],[-76.49201473,3.43577885],[-76.4920544,3.43584661],[-76.49205539,3.43586095],[-76.49205588,3.43587332]]]]},"geometry_name":"the_geom","properties":{"nombre":"CENTRO EDUCATIVO SIGLO XXI","localizaci":"DG 70 NO 26G 05","servicio":"EDUCACION","tipo":"CENTEDUC","nivel":"EDUCACION BASICA-EDUCACION MEDIA VOCACIONAL","propiedad":"PRIV","escala":"LOCAL","permanenci":"NO","estruc_eco":"NO","url1":null}},{"type":"Feature","id":"eqp_uco_educacion.3467","geometry":{"type":"MultiPolygon","coordinates":[[[[-76.48955075,3.43690629],[-76.48935593,3.43702436],[-76.48929755,3.43692264],[-76.48949349,3.43680858],[-76.48955075,3.43690629]]]]},"geometry_name":"the_geom","properties":{"nombre":"CENTRO EDUCATIVO NUEVO AMANECER","localizaci":"DG 70A1 CON KR 25C ESQUINA","servicio":"EDUCACION","tipo":"CENTEDUC","nivel":"EDUCACION BASICA-EDUCACION MEDIA VOCACIONAL","propiedad":"PRIV","escala":"LOCAL","permanenci":"NO","estruc_eco":"NO","url1":null}},{"type":"Feature","id":"eqp_uco_educacion.3468","geometry":{"type":"MultiPolygon","coordinates":[[[[-76.49298932,3.43722404],[-76.49302637,3.43724402],[-76.4931625,3.43731991],[-76.49306432,3.43751096],[-76.49303335,3.43750503],[-76.49295827,3.43746549],[-76.49287424,3.43742592],[-76.49298932,3.43722404]]]]},"geometry_name":"the_geom","properties":{"nombre":"COLEGIO ULPIANO LLOREDA","localizaci":null,"servicio":"EDUCACION","tipo":"COLEGIO","nivel":"EDUCACION BASICA MEDIA","propiedad":"PUB","escala":"LOCAL","permanenci":"NO","estruc_eco":"NO","url1":null}},{"type":"Feature","id":"eqp_uco_educacion.3469","geometry":{"type":"MultiPolygon","coordinates":[[[[-76.48540463,3.43029878],[-76.48572573,3.43047129],[-76.48560421,3.43070641],[-76.48527872,3.43053852],[-76.4853434,3.43041655],[-76.48539996,3.43030447],[-76.48540463,3.43029878]]]]},"geometry_name":"the_geom","properties":{"nombre":"COLEGIO LOS LAGOS","localizaci":"CL 72V NO 26H3 15","servicio":"EDUCACION","tipo":"COLEGIO","nivel":"EDUCACION BASICA MEDIA","propiedad":"PRIV","escala":"LOCAL","permanenci":"NO","estruc_eco":"NO","url1":null}},{"type":"Feature","id":"eqp_uco_educacion.3470","geometry":{"type":"MultiPolygon","coordinates":[[[[-76.48425532,3.42829966],[-76.48423338,3.42834674],[-76.48419634,3.4284257],[-76.4841524,3.42840277],[-76.48417434,3.4283537],[-76.48414753,3.42834108],[-76.48416759,3.42822187],[-76.48418068,3.42815843],[-76.48424518,3.42819165],[-76.48428335,3.42821072],[-76.48429632,3.42821566],[-76.48428337,3.42824168],[-76.48425532,3.42829966]]]]},"geometry_name":"the_geom","properties":{"nombre":"COLEGIO TECNICO COMUNITARIO IVAN DARIO LOPEZ","localizaci":"KR 26I3 NO 72W 184","servicio":"EDUCACION","tipo":"COLEGIO","nivel":"EDUCACION PREESCOLAR  BASICA MEDIA","propiedad":"PRIV","escala":"LOCAL","permanenci":"NO","estruc_eco":"NO","url1":null}},{"type":"Feature","id":"eqp_uco_educacion.3471","geometry":{"type":"MultiPolygon","coordinates":[[[[-76.49646668,3.4287899],[-76.49643575,3.42884788],[-76.49630898,3.42878098],[-76.49632768,3.42874191],[-76.49633775,3.42872291],[-76.49637377,3.42874189],[-76.49646668,3.4287899]]]]},"geometry_name":"the_geom","properties":{"nombre":"COLEGIO GIOVANNI ZAMDINI","localizaci":"CL 72 NO 28B 03","servicio":"EDUCACION","tipo":"COLEGIO","nivel":"EDUCACION BASICA-EDUCACION MEDIA VOCACIONAL","propiedad":"PRIV","escala":"LOCAL","permanenci":"NO","estruc_eco":"NO","url1":null}},{"type":"Feature","id":"eqp_uco_educacion.3472","geometry":{"type":"MultiPolygon","coordinates":[[[[-76.50870016,3.42096069],[-76.50903033,3.42100056],[-76.50898844,3.42143657],[-76.50897764,3.42143658],[-76.5089694,3.42151363],[-76.50889667,3.42150665],[-76.50865147,3.42148077],[-76.50865432,3.4214318],[-76.50870016,3.42096069]]]]},"geometry_name":"the_geom","properties":{"nombre":"COLEGIO TECNICO LA PRIMAVERA","localizaci":"KR 35 NO 34C 21","servicio":"EDUCACION","tipo":"COLEGIO","nivel":"EDUCACION BASICA-EDUCACION MEDIA VOCACIONAL","propiedad":"PRIV","escala":"LOCAL","permanenci":"NO","estruc_eco":"NO","url1":null}},{"type":"Feature","id":"eqp_uco_educacion.3473","geometry":{"type":"MultiPolygon","coordinates":[[[[-76.5099874,3.42861849],[-76.50999242,3.42856547],[-76.51016344,3.42858239],[-76.51015843,3.42863738],[-76.5099874,3.42861849]]]]},"geometry_name":"the_geom","properties":{"nombre":"LICEO INFANTIL MI TIA","localizaci":"CL 32A NO 27B 45","servicio":"EDUCACION","tipo":"LICEO","nivel":"EDUCACION PREESCOLAR_","propiedad":"PRIV","escala":"LOCAL","permanenci":"NO","estruc_eco":"NO","url1":null}},{"type":"Feature","id":"eqp_uco_educacion.3474","geometry":{"type":"MultiPolygon","coordinates":[[[[-76.50774188,3.42052423],[-76.50754591,3.42031129],[-76.50758477,3.42027428],[-76.50777281,3.42047723],[-76.50774188,3.42052423]]]]},"geometry_name":"the_geom","properties":{"nombre":"LICEO INFANTIL APRENDIENDO JUNTOS","localizaci":"CL 36 NO 35 26","servicio":"EDUCACION","tipo":"LICEO","nivel":"EDUCACION PREESCOLAR","propiedad":"PRIV","escala":"LOCAL","permanenci":"NO","estruc_eco":"NO","url1":null}},{"type":"Feature","id":"eqp_uco_educacion.3475","geometry":{"type":"MultiPolygon","coordinates":[[[[-76.50733855,3.42171351],[-76.50724852,3.42166559],[-76.50725248,3.42165658],[-76.50728341,3.4215995],[-76.50737128,3.42164545],[-76.50733855,3.42171351]]]]},"geometry_name":"the_geom","properties":{"nombre":"LICEO LA TRINIDAD","localizaci":"KR 33B NO 30 12","servicio":"EDUCACION","tipo":"LICEO","nivel":"EDUCACION PREESCOLAR","propiedad":"PRIV","escala":"LOCAL","permanenci":"NO","estruc_eco":"NO","url1":null}},{"type":"Feature","id":"eqp_uco_educacion.3476","geometry":{"type":"MultiPolygon","coordinates":[[[[-76.50631208,3.42302311],[-76.50626418,3.4229982],[-76.50634582,3.42283813],[-76.50639408,3.42286411],[-76.50631208,3.42302311]]]]},"geometry_name":"the_geom","properties":{"nombre":"INSTITUTO MARLOUR","localizaci":"KR 32C NO 30 51","servicio":"EDUCACION","tipo":"CENTEDUC","nivel":"EDUCACION PREESCOLAR_EDUCACION BASICA","propiedad":"PRIV","escala":"LOCAL","permanenci":"NO","estruc_eco":"NO","url1":null}},{"type":"Feature","id":"eqp_uco_educacion.3477","geometry":{"type":"MultiPolygon","coordinates":[[[[-76.5058013,3.42409902],[-76.50566409,3.42402808],[-76.50568711,3.42398306],[-76.505829,3.42405598],[-76.50580598,3.424101],[-76.5058013,3.42409902]]]]},"geometry_name":"the_geom","properties":{"nombre":"CENTRO EDUCATIVO VALLE DEL CAUCA","localizaci":"DG 30 NO 31 75","servicio":"EDUCACION","tipo":"CENTEDUC","nivel":"EDUCACION BASICA-EDUCACION MEDIA VOCACIONAL","propiedad":"PRIV","escala":"LOCAL","permanenci":"NO","estruc_eco":"NO","url1":null}},{"type":"Feature","id":"eqp_uco_educacion.3478","geometry":{"type":"MultiPolygon","coordinates":[[[[-76.50490263,3.42424143],[-76.50497378,3.42415277],[-76.50498672,3.42416513],[-76.5051051,3.42427939],[-76.50511593,3.42431104],[-76.50512687,3.42432395],[-76.5051634,3.42436515],[-76.50520233,3.42440876],[-76.50524099,3.42444762],[-76.50520499,3.42451001],[-76.50518459,3.4244933],[-76.50512531,3.42444413],[-76.50503606,3.42436289],[-76.50490263,3.42424143]]]]},"geometry_name":"the_geom","properties":{"nombre":"CENTRO DOCENTE CODENAL","localizaci":"KR 31 NO 31 06 ESQUINA","servicio":"EDUCACION","tipo":"CENTDOC","nivel":"EDUCACION BASICA-EDUCACION MEDIA VOCACIONAL","propiedad":"PUB","escala":"LOCAL","permanenci":"NO","estruc_eco":"NO","url1":null}},{"type":"Feature","id":"eqp_uco_educacion.3479","geometry":{"type":"MultiPolygon","coordinates":[[[[-76.50660927,3.42534311],[-76.50665751,3.42535011],[-76.50661848,3.4257511],[-76.50639669,3.42573322],[-76.50657148,3.42538112],[-76.50658119,3.4253551],[-76.50660927,3.42534311]]]]},"geometry_name":"the_geom","properties":{"nombre":"CENTRO DOCENTE JOSE HOLGUIN ARBOLEDA","localizaci":"CL 35E NO 30 24","servicio":"EDUCACION","tipo":"CENTDOC","nivel":"EDUCACION BASICA-EDUCACION MEDIA VOCACIONAL","propiedad":"PUB","escala":"LOCAL","permanenci":"NO","estruc_eco":"NO","url1":null}},{"type":"Feature","id":"eqp_uco_educacion.3480","geometry":{"type":"MultiPolygon","coordinates":[[[[-76.50713936,3.42558386],[-76.50701658,3.42557088],[-76.5070234,3.42551489],[-76.50714365,3.42552887],[-76.50713936,3.42558386]]]]},"geometry_name":"the_geom","properties":{"nombre":"CENTRO EDUCATIVO","localizaci":"CL 35C NO 30 30","servicio":"EDUCACION","tipo":"CENTEDUC","nivel":"EDUCACION BASICA-EDUCACION MEDIA VOCACIONAL","propiedad":"PRIV","escala":"LOCAL","permanenci":"NO","estruc_eco":"NO","url1":null}},{"type":"Feature","id":"eqp_uco_educacion.3481","geometry":{"type":"MultiPolygon","coordinates":[[[[-76.5036964,3.42430062],[-76.5036597,3.42433862],[-76.50362367,3.42429769],[-76.50362655,3.42429463],[-76.50361935,3.42428563],[-76.50361539,3.42428869],[-76.50355163,3.42422167],[-76.50351957,3.42418974],[-76.50355231,3.42415768],[-76.50357032,3.42417171],[-76.50361931,3.42422163],[-76.50366038,3.42426365],[-76.5036964,3.42430062]]]]},"geometry_name":"the_geom","properties":{"nombre":"COLEGIO VIRGEN MORENA DEL MAR","localizaci":"DG 33 NO 29B 109","servicio":"EDUCACION","tipo":"COLEGIO","nivel":"EDUCACION BASICA-EDUCACION MEDIA VOCACIONAL","propiedad":"PRIV","escala":"LOCAL","permanenci":"NO","estruc_eco":"NO","url1":null}},{"type":"Feature","id":"eqp_uco_educacion.3482","geometry":{"type":"MultiPolygon","coordinates":[[[[-76.51020534,3.42614218],[-76.51021394,3.42606319],[-76.51029603,3.42607215],[-76.51028869,3.42614452],[-76.51028845,3.42614461],[-76.51028669,3.4261509],[-76.51022629,3.42614448],[-76.5102102,3.42614277],[-76.51020534,3.42614218]]]]},"geometry_name":"the_geom","properties":{"nombre":"COLEGIO SANTA TERESITA","localizaci":"KR 30 NO 32A 12","servicio":"EDUCACION","tipo":"COLEGIO","nivel":"EDUCACION BASICA","propiedad":"PRIV","escala":"LOCAL","permanenci":"NO","estruc_eco":"NO","url1":null}},{"type":"Feature","id":"eqp_uco_educacion.3483","geometry":{"type":"MultiPolygon","coordinates":[[[[-76.50804002,3.42666641],[-76.50847533,3.42671019],[-76.50846746,3.42680218],[-76.50840875,3.42743432],[-76.50818155,3.42740042],[-76.50791426,3.42712749],[-76.50782924,3.42703555],[-76.50791342,3.42691454],[-76.50797313,3.42681046],[-76.50801125,3.42672745],[-76.50803319,3.42668442],[-76.50804002,3.42666641]]]]},"geometry_name":"the_geom","properties":{"nombre":"CENTRO DOCENTE LEON XIII","localizaci":"CL 35 CON KR 29B ESQUINA","servicio":"EDUCACION","tipo":"CENTDOC","nivel":"EDUCACION PREESCOLAR_EDUCACION BASICA_EDUCACION MEDIA VOCACIONAL","propiedad":"PUB","escala":"LOCAL","permanenci":"NO","estruc_eco":"NO","url1":null}},{"type":"Feature","id":"eqp_uco_educacion.3484","geometry":{"type":"MultiPolygon","coordinates":[[[[-76.51857204,3.41178381],[-76.51858641,3.41160658],[-76.51861466,3.4116096],[-76.51865224,3.41161582],[-76.51865116,3.4116268],[-76.51864221,3.41171384],[-76.51864006,3.41172977],[-76.51863433,3.4117908],[-76.51861129,3.41178784],[-76.51857204,3.41178381]]]]},"geometry_name":"the_geom","properties":{"nombre":"LICEO MUNDO DINAMICO","localizaci":"KR 43B NO 26C 86","servicio":"EDUCACION","tipo":"LICEO","nivel":"EDUCACION PREESCOLAR_EDUCACION BASICA","propiedad":"PRIV","escala":"LOCAL","permanenci":"NO","estruc_eco":"NO","url1":null}},{"type":"Feature","id":"eqp_uco_educacion.3485","geometry":{"type":"MultiPolygon","coordinates":[[[[-76.51857693,3.41365611],[-76.51856966,3.4134906],[-76.5187555,3.41348491],[-76.51876265,3.41365731],[-76.51857693,3.41365611]]]]},"geometry_name":"the_geom","properties":{"nombre":"LICEO COLOMBIA LIBRE","localizaci":"KR 42B NO 26C 61","servicio":"EDUCACION","tipo":"LICEO","nivel":"EDUCACION PREESCOLAR_EDUCACION BASICA","propiedad":"PRIV","escala":"LOCAL","permanenci":"NO","estruc_eco":"NO","url1":null}},{"type":"Feature","id":"eqp_uco_educacion.3486","geometry":{"type":"MultiPolygon","coordinates":[[[[-76.5153008,3.41316472],[-76.51525474,3.41320768],[-76.51511173,3.41305682],[-76.51515671,3.41301278],[-76.5153008,3.41316472]]]]},"geometry_name":"the_geom","properties":{"nombre":"LICEO COLOMBIA NUEVA","localizaci":"CL 36 NO 42A 68","servicio":"EDUCACION","tipo":"LICEO","nivel":"EDUCACION PREESCOLAR_EDUCACION BASICA","propiedad":"PRIV","escala":"LOCAL","permanenci":"NO","estruc_eco":"NO","url1":null}},{"type":"Feature","id":"eqp_uco_educacion.3487","geometry":{"type":"MultiPolygon","coordinates":[[[[-76.51406081,3.43264755],[-76.51391494,3.43253764],[-76.5140128,3.43240456],[-76.51402288,3.43241157],[-76.51409086,3.43228355],[-76.51419768,3.43208242],[-76.51430666,3.43188335],[-76.51464653,3.43187417],[-76.51466849,3.43187317],[-76.51507352,3.43186296],[-76.51505555,3.43191193],[-76.51504656,3.43193795],[-76.51503649,3.43196298],[-76.5150257,3.431988],[-76.51501456,3.43201303],[-76.51500485,3.43203698],[-76.51499262,3.43206101],[-76.51498075,3.43208604],[-76.5149696,3.43210801],[-76.51496888,3.432109],[-76.51495558,3.43213403],[-76.51495378,3.432137],[-76.51494191,3.43215708],[-76.5149286,3.43218103],[-76.51491385,3.43220309],[-76.51489982,3.43222605],[-76.51488471,3.4322491],[-76.51486888,3.43227106],[-76.51485377,3.43229312],[-76.51483794,3.43231509],[-76.51482967,3.43232608],[-76.51482175,3.43233616],[-76.51481995,3.43233815],[-76.51480484,3.43235714],[-76.51478793,3.43237813],[-76.51476994,3.4323992],[-76.51475195,3.43241919],[-76.51468503,3.43250518],[-76.51466776,3.43252823],[-76.51438821,3.43289137],[-76.51410691,3.43268154],[-76.51406081,3.43264755]]]]},"geometry_name":"the_geom","properties":{"nombre":"INSTITUCION EDUCATIVA COMERCIAL CIUDAD DE CALI","localizaci":"CK 30 NO 25 00","servicio":"EDUCACION","tipo":"INSTTCOM","nivel":"EDUCACION BASICA-EDUCACION MEDIA VOCACIONAL","propiedad":"PUB","escala":"ZONAL","permanenci":"NO","estruc_eco":"NO","url1":null}},{"type":"Feature","id":"eqp_uco_educacion.3488","geometry":{"type":"MultiPolygon","coordinates":[[[[-76.51723895,3.41130354],[-76.51709881,3.41115258],[-76.51716071,3.41109252],[-76.51730372,3.4112405],[-76.51723895,3.41130354]]]]},"geometry_name":"the_geom","properties":{"nombre":"LICEO CRISTIANO DEL VALLE","localizaci":"DG 28D NO 43A 74","servicio":"EDUCACION","tipo":"LICEO","nivel":"EDUCACION PREESCOLAR_EDUCACION BASICA","propiedad":"PRIV","escala":"LOCAL","permanenci":"NO","estruc_eco":"NO","url1":null}},{"type":"Feature","id":"eqp_uco_educacion.3489","geometry":{"type":"MultiPolygon","coordinates":[[[[-76.51434827,3.41607638],[-76.51434317,3.41597134],[-76.51444398,3.41596733],[-76.51444799,3.41606534],[-76.51445199,3.41614634],[-76.51435227,3.41615234],[-76.51435226,3.41614541],[-76.51434827,3.41607638]]]]},"geometry_name":"the_geom","properties":{"nombre":"LICEO TECNICO COMERCIAL DEL VALLE","localizaci":"KR 41C NO 30D 05","servicio":"EDUCACION","tipo":"LICEO","nivel":"EDUCACION BASICA-EDUCACION MEDIA VOCACIONAL","propiedad":"PRIV","escala":"LOCAL","permanenci":"NO","estruc_eco":"NO","url1":null}},{"type":"Feature","id":"eqp_uco_educacion.3490","geometry":{"type":"MultiPolygon","coordinates":[[[[-76.51609531,3.4323646],[-76.51597644,3.43233736],[-76.51598892,3.43229295],[-76.51612785,3.43232434],[-76.51609531,3.4323646]]]]},"geometry_name":"the_geom","properties":{"nombre":"LICEO MATERNO INFANTIL MIS PRIMEROS JUEGOS","localizaci":"CL 29 NO 24A 112","servicio":"EDUCACION","tipo":"LICEO","nivel":"EDUCACION PREESCOLAR_EDUCACION BASICA","propiedad":"PRIV","escala":"LOCAL","permanenci":"NO","estruc_eco":"NO","url1":null}},{"type":"Feature","id":"eqp_uco_educacion.3491","geometry":{"type":"MultiPolygon","coordinates":[[[[-76.51099582,3.42720683],[-76.51093281,3.42720093],[-76.51095072,3.42702586],[-76.51101481,3.42703185],[-76.51099582,3.42720683]]]]},"geometry_name":"the_geom","properties":{"nombre":"JARDIN MANITAS CREATIVAS","localizaci":"KR 29 BIS NO 32 64","servicio":"EDUCACION","tipo":"JARDININF","nivel":"EDUCACION PREESCOLAR","propiedad":"PRIV","escala":"LOCAL","permanenci":"NO","estruc_eco":"NO","url1":null}},{"type":"Feature","id":"eqp_uco_educacion.3492","geometry":{"type":"MultiPolygon","coordinates":[[[[-76.51663686,3.43545506],[-76.51663974,3.43545811],[-76.51661997,3.4355241],[-76.51659909,3.43551907],[-76.51656884,3.43551216],[-76.516571,3.43550315],[-76.51644173,3.43546416],[-76.51644891,3.43543617],[-76.51646077,3.43539521],[-76.51663686,3.43545506]]]]},"geometry_name":"the_geom","properties":{"nombre":"LICEO FANTASIAS DEL SABER","localizaci":"CL 26B NO 23 31","servicio":"EDUCACION","tipo":"LICEO","nivel":"EDUCACION PREESCOLAR","propiedad":"PRIV","escala":"ZONAL","permanenci":"SI","estruc_eco":"NO","url1":null}},{"type":"Feature","id":"eqp_uco_educacion.3493","geometry":{"type":"MultiPolygon","coordinates":[[[[-76.51955972,3.43096096],[-76.51956868,3.43087698],[-76.51957262,3.43084593],[-76.51966084,3.43085587],[-76.51965761,3.43088593],[-76.51964794,3.43097288],[-76.51955972,3.43096096]]]]},"geometry_name":"the_geom","properties":{"nombre":"COLEGIO SAN IGNACIO DE LOYOLA","localizaci":"KR 26 NO 25 05 ESQUINA","servicio":"EDUCACION","tipo":"COLEGIO","nivel":"EDUCACION BASICA MEDIA","propiedad":"PRIV","escala":"LOCAL","permanenci":"NO","estruc_eco":"NO","url1":null}},{"type":"Feature","id":"eqp_uco_educacion.3494","geometry":{"type":"MultiPolygon","coordinates":[[[[-76.51542249,3.43085471],[-76.51524175,3.43086183],[-76.51524064,3.4308008],[-76.51541849,3.43079567],[-76.51542248,3.43084067],[-76.51542249,3.43085471]]]]},"geometry_name":"the_geom","properties":{"nombre":"LICEO INFANTIL CHISPITAS","localizaci":"CL 29 NO 25B 42","servicio":"EDUCACION","tipo":"LICEO","nivel":"EDUCACION PREESCOLAR_EDUCACION BASICA","propiedad":"PRIV","escala":"LOCAL","permanenci":"NO","estruc_eco":"NO","url1":null}},{"type":"Feature","id":"eqp_uco_educacion.3495","geometry":{"type":"MultiPolygon","coordinates":[[[[-76.51090494,3.42556383],[-76.51084373,3.42555684],[-76.51086091,3.42538186],[-76.51092176,3.42538777],[-76.51090494,3.42556383]]]]},"geometry_name":"the_geom","properties":{"nombre":"COLEGIO MI FORTALEZA","localizaci":"KR 31 NO 32 96","servicio":"EDUCACION","tipo":"COLEGIO","nivel":"EDUCACION PREESCOLAR_EDUCACION BASICA_EDUCACION MEDIA VOCACIONAL","propiedad":"PRIV","escala":"LOCAL","permanenci":"NO","estruc_eco":"NO","url1":null}},{"type":"Feature","id":"eqp_uco_educacion.3496","geometry":{"type":"MultiPolygon","coordinates":[[[[-76.51581401,3.42240906],[-76.51582026,3.42234861],[-76.51596456,3.42235888],[-76.51595956,3.42242486],[-76.51590375,3.42241895],[-76.51581401,3.42240906]]]]},"geometry_name":"the_geom","properties":{"nombre":"JARDIN INFANTIL PANDILLA DE LULU","localizaci":"CL 29 NO 33B 18","servicio":"EDUCACION","tipo":"JARDININF","nivel":"EDUCACION PREESCOLAR","propiedad":"PRIV","escala":"LOCAL","permanenci":"NO","estruc_eco":"NO","url1":null}},{"type":"Feature","id":"eqp_uco_educacion.3497","geometry":{"type":"MultiPolygon","coordinates":[[[[-76.51589417,3.42164122],[-76.51589442,3.42163869],[-76.51589618,3.42158174],[-76.51602381,3.42159012],[-76.51601971,3.42165435],[-76.51589442,3.42164137],[-76.51589417,3.42164122]]]]},"geometry_name":"the_geom","properties":{"nombre":"JARDIN INFANTIL TRAVESURAS","localizaci":"CL 29 NO 34 34","servicio":"EDUCACION","tipo":"JARDININF","nivel":"EDUCACION PREESCOLAR","propiedad":"PRIV","escala":"LOCAL","permanenci":"NO","estruc_eco":"NO","url1":null}},{"type":"Feature","id":"eqp_uco_educacion.3498","geometry":{"type":"MultiPolygon","coordinates":[[[[-76.51657709,3.42852193],[-76.51657096,3.42861196],[-76.51639381,3.42859603],[-76.51640205,3.42851007],[-76.51657709,3.42852193]]]]},"geometry_name":"the_geom","properties":{"nombre":"COLEGIO SABIO CALDAS","localizaci":"CL 27 NO 29 05","servicio":"EDUCACION","tipo":"COLEGIO","nivel":"EDUCACION BASICA-EDUCACION MEDIA VOCACIONAL","propiedad":"PRIV","escala":"LOCAL","permanenci":"NO","estruc_eco":"NO","url1":null}},{"type":"Feature","id":"eqp_uco_educacion.3499","geometry":{"type":"MultiPolygon","coordinates":[[[[-76.51784884,3.42817924],[-76.51767494,3.42816134],[-76.51769569,3.4279193],[-76.51775365,3.42792431],[-76.5178127,3.42792923],[-76.51786959,3.42793622],[-76.51784884,3.42817924]]]]},"geometry_name":"the_geom","properties":{"nombre":"CENTRO DOCENTE SANTO DOMINGO SAVIO","localizaci":"KR 29A NO 26B 64","servicio":"EDUCACION","tipo":"CENTDOC","nivel":"EDUCACION BASICA-EDUCACION MEDIA VOCACIONAL","propiedad":"PUB","escala":"LOCAL","permanenci":"NO","estruc_eco":"NO","url1":null}},{"type":"Feature","id":"eqp_uco_educacion.3500","geometry":{"type":"MultiPolygon","coordinates":[[[[-76.51861002,3.4239922],[-76.51853117,3.4239882],[-76.51853725,3.42391619],[-76.51860998,3.42391822],[-76.51866507,3.42392017],[-76.51866615,3.42392116],[-76.51868596,3.42394014],[-76.51868131,3.42399613],[-76.51866115,3.42399416],[-76.51866007,3.42399416],[-76.51861002,3.4239922]]]]},"geometry_name":"the_geom","properties":{"nombre":"COLEGIO PEQUEÑOS RETOÑITOS","localizaci":"CL 26B NO 32B 41","servicio":"EDUCACION","tipo":"COLEGIO","nivel":"EDUCACION PREESCOLAR","propiedad":"PRIV","escala":"LOCAL","permanenci":"NO","estruc_eco":"NO","url1":null}},{"type":"Feature","id":"eqp_uco_educacion.3501","geometry":{"type":"MultiPolygon","coordinates":[[[[-76.5170764,3.42532572],[-76.51707649,3.42532416],[-76.51725656,3.42533735],[-76.51724053,3.42557338],[-76.51723333,3.4255724],[-76.51721881,3.42580156],[-76.51721873,3.42580151],[-76.51705011,3.42579031],[-76.5170764,3.42532572]]]]},"geometry_name":"the_geom","properties":{"nombre":"COLEGIO DEPARTAMENTAL FRANCIS PAUL SANT","localizaci":"CL 27 NO 31 80","servicio":"EDUCACION","tipo":"COLEGIO","nivel":"EDUCACION BASICA-EDUCACION MEDIA VOCACIONAL","propiedad":"PRIV","escala":"LOCAL","permanenci":"NO","estruc_eco":"NO","url1":null}},{"type":"Feature","id":"eqp_uco_educacion.3502","geometry":{"type":"MultiPolygon","coordinates":[[[[-76.51448001,3.42345379],[-76.514417,3.42344779],[-76.51443383,3.42327479],[-76.51449684,3.4232807],[-76.51448001,3.42345379]]]]},"geometry_name":"the_geom","properties":{"nombre":"INSTITUTO NUESTRA SEÑORA DE FATIMA","localizaci":"KR 33A NO 30 25","servicio":"EDUCACION","tipo":"CENTEDUC","nivel":"EDUCACION BASICA-EDUCACION MEDIA VOCACIONAL","propiedad":"PRIV","escala":"ZONAL","permanenci":"NO","estruc_eco":"NO","url1":null}},{"type":"Feature","id":"eqp_uco_educacion.3503","geometry":{"type":"MultiPolygon","coordinates":[[[[-76.51346855,3.42392922],[-76.51346821,3.42391534],[-76.51301903,3.4238659],[-76.51307401,3.42334066],[-76.51307403,3.42334048],[-76.51307709,3.42331615],[-76.51317398,3.42332607],[-76.51333366,3.42334243],[-76.51350361,3.42335984],[-76.51352103,3.42319453],[-76.51378759,3.42321935],[-76.51371782,3.42393361],[-76.513697,3.42394719],[-76.51346855,3.42392922]]]]},"geometry_name":"the_geom","properties":{"nombre":"ESCUELA SUSANA VELASCO","localizaci":"CL 31 NO 33 00","servicio":"EDUCACION","tipo":"ESCUELA","nivel":"EDUCACION PREESCOLAR_EDUCACION BASICA","propiedad":"PRIV","escala":"LOCAL","permanenci":"NO","estruc_eco":"NO","url1":null}},{"type":"Feature","id":"eqp_uco_educacion.3504","geometry":{"type":"MultiPolygon","coordinates":[[[[-76.51552014,3.42142504],[-76.515523,3.42139003],[-76.51552695,3.42136204],[-76.51575045,3.42138186],[-76.51574447,3.421444],[-76.51552014,3.42142504]]]]},"geometry_name":"the_geom","properties":{"nombre":"CENTRO EDUCATIVO SAN CARLOS","localizaci":"CL 29 NO 35 17","servicio":"EDUCACION","tipo":"CENTEDUC","nivel":"EDUCACION BASICA-EDUCACION MEDIA VOCACIONAL","propiedad":"PUB","escala":"LOCAL","permanenci":"NO","estruc_eco":"NO","url1":null}},{"type":"Feature","id":"eqp_uco_educacion.3505","geometry":{"type":"MultiPolygon","coordinates":[[[[-76.51455172,3.42087257],[-76.51448871,3.42086658],[-76.51450554,3.42069862],[-76.51456747,3.42070452],[-76.51455172,3.42087257]]]]},"geometry_name":"the_geom","properties":{"nombre":"LICEO INFANTIL LA BOMBONERA","localizaci":"KR 36A NO 30 39","servicio":"EDUCACION","tipo":"LICEO","nivel":"EDUCACION PREESCOLAR_EDUCACION BASICA","propiedad":"PRIV","escala":"LOCAL","permanenci":"NO","estruc_eco":"NO","url1":null}},{"type":"Feature","id":"eqp_uco_educacion.3506","geometry":{"type":"MultiPolygon","coordinates":[[[[-76.52041203,3.41896328],[-76.52041527,3.41896229],[-76.52041923,3.41896229],[-76.52043327,3.41896129],[-76.52045523,3.4189593],[-76.52049015,3.41895721],[-76.52048837,3.41898727],[-76.5204724,3.41919138],[-76.52044371,3.41919233],[-76.52044022,3.41916326],[-76.52039413,3.41916535],[-76.52041203,3.41896328]]]]},"geometry_name":"the_geom","properties":{"nombre":"UNIDAD EDUCATIVA LA INDEPENDENCIA NO 26","localizaci":"KR 39 NO 26C 30","servicio":"EDUCACION","tipo":"CENTEDUC","nivel":"EDUCACION PREESCOLAR_EDUCACION BASICA_EDUCACION MEDIA VOCACIONAL","propiedad":"PRIV","escala":"LOCAL","permanenci":"NO","estruc_eco":"NO","url1":null}},{"type":"Feature","id":"eqp_uco_educacion.3507","geometry":{"type":"MultiPolygon","coordinates":[[[[-76.52001135,3.42055758],[-76.5199359,3.42056257],[-76.51995797,3.42033623],[-76.51995797,3.42033061],[-76.52003193,3.42032858],[-76.52001135,3.42055758]]]]},"geometry_name":"the_geom","properties":{"nombre":"COLEGIO BAUTISTA BETANIA","localizaci":"KR 37 NO 26 19","servicio":"EDUCACION","tipo":"COLEGIO","nivel":"EDUCACION BASICA-EDUCACION MEDIA VOCACIONAL","propiedad":"PRIV","escala":"LOCAL","permanenci":"NO","estruc_eco":"NO","url1":null}},{"type":"Feature","id":"eqp_uco_educacion.3508","geometry":{"type":"MultiPolygon","coordinates":[[[[-76.51509488,3.43151965],[-76.51494273,3.43152359],[-76.51494233,3.43132892],[-76.51509725,3.43132686],[-76.51509488,3.43151965]]]]},"geometry_name":"the_geom","properties":{"nombre":"CENTRO EDUCATIVO PRADOS DE ORIENTE COMFANDI","localizaci":"CL 29 NO 25A 29","servicio":"EDUCACION","tipo":"CENTEDUC","nivel":"EDUCACION PREESCOLAR_EDUCACION BASICA","propiedad":"PRIV","escala":"ZONAL","permanenci":"NO","estruc_eco":"NO","url1":null}},{"type":"Feature","id":"eqp_uco_educacion.3509","geometry":{"type":"MultiPolygon","coordinates":[[[[-76.51329748,3.4165539],[-76.51322623,3.41655467],[-76.51322692,3.41646092],[-76.5132989,3.41646089],[-76.51329748,3.4165539]]]]},"geometry_name":"the_geom","properties":{"nombre":"COLEGIO PEQUEÑOS INVENTORES","localizaci":"KR 41B NO 31B 40","servicio":"EDUCACION","tipo":"COLEGIO","nivel":"EDUCACION BASICA-EDUCACION MEDIA VOCACIONAL","propiedad":"PRIV","escala":"LOCAL","permanenci":"NO","estruc_eco":"NO","url1":null}},{"type":"Feature","id":"eqp_uco_educacion.3510","geometry":{"type":"MultiPolygon","coordinates":[[[[-76.50920614,3.43203712],[-76.50916333,3.43209115],[-76.50903292,3.43195225],[-76.50902716,3.43196026],[-76.50898105,3.43191124],[-76.50897601,3.43190026],[-76.50894394,3.43185329],[-76.50894106,3.43184825],[-76.50893889,3.4318433],[-76.5088139,3.43173428],[-76.50886788,3.4316753],[-76.50900187,3.43178027],[-76.5090649,3.43182524],[-76.50906597,3.43182118],[-76.50911315,3.43185113],[-76.50910488,3.43186122],[-76.50926119,3.43196806],[-76.50920614,3.43203712]]]]},"geometry_name":"the_geom","properties":{"nombre":"CENTRO DOCENTE HERNANDO CAICEDO","localizaci":"CL 32 ENTRE TR 25 Y 29","servicio":"EDUCACION","tipo":"CENTDOC","nivel":"EDUCACION BASICA-EDUCACION MEDIA VOCACIONAL","propiedad":"PUB","escala":"LOCAL","permanenci":"NO","estruc_eco":"NO","url1":null}},{"type":"Feature","id":"eqp_uco_educacion.3511","geometry":{"type":"MultiPolygon","coordinates":[[[[-76.51084144,3.43247601],[-76.51088773,3.43249677],[-76.51090054,3.43250251],[-76.51090375,3.4325046],[-76.51089277,3.4325235],[-76.51076865,3.43269062],[-76.51072367,3.43275059],[-76.51047399,3.43308176],[-76.51045886,3.43307178],[-76.51042681,3.43304777],[-76.51041996,3.43304183],[-76.51052682,3.43290073],[-76.51059661,3.4328097],[-76.51080744,3.43252751],[-76.51084144,3.43247601]]]]},"geometry_name":"the_geom","properties":{"nombre":"CENTRO DOCENTE EVA RIASCOS PLATA","localizaci":"TR 25 NO 26 85","servicio":"EDUCACION","tipo":"CENTDOC","nivel":"EDUCACION BASICA-EDUCACION MEDIA VOCACIONAL","propiedad":"PUB","escala":"LOCAL","permanenci":"NO","estruc_eco":"NO","url1":null}},{"type":"Feature","id":"eqp_uco_educacion.3512","geometry":{"type":"MultiPolygon","coordinates":[[[[-76.51028576,3.43294509],[-76.51026775,3.43293313],[-76.51055664,3.43251787],[-76.5106016,3.43244287],[-76.5106136,3.43244583],[-76.51063457,3.43245309],[-76.51065134,3.43245889],[-76.51066174,3.43246282],[-76.51052755,3.43265991],[-76.51041279,3.43282],[-76.51031169,3.43296308],[-76.51028576,3.43294509]]]]},"geometry_name":"the_geom","properties":{"nombre":"LICEO ANGELITOS TRAVIESOS","localizaci":"TR 25 NO 26 113","servicio":"EDUCACION","tipo":"LICEO","nivel":"EDUCACION BASICA","propiedad":"PRIV","escala":"LOCAL","permanenci":"NO","estruc_eco":"NO","url1":null}},{"type":"Feature","id":"eqp_uco_educacion.3513","geometry":{"type":"MultiPolygon","coordinates":[[[[-76.508526,3.43071284],[-76.50853212,3.43071986],[-76.50850514,3.43075588],[-76.50831495,3.43058695],[-76.50834194,3.43055192],[-76.50834481,3.43054796],[-76.508526,3.43071284]]]]},"geometry_name":"the_geom","properties":{"nombre":"COLEGIO AMIGUITOS DE DIOS","localizaci":"DG 28 NO 28 54","servicio":"EDUCACION","tipo":"COLEGIO","nivel":"EDUCACION BASICA","propiedad":"PRIV","escala":"LOCAL","permanenci":"NO","estruc_eco":"NO","url1":null}},{"type":"Feature","id":"eqp_uco_educacion.3514","geometry":{"type":"MultiPolygon","coordinates":[[[[-76.50721443,3.42972392],[-76.50721263,3.4297269],[-76.5071766,3.42967894],[-76.50721655,3.42965291],[-76.50727954,3.42961588],[-76.50739832,3.42955776],[-76.50744439,3.42953578],[-76.50745953,3.42957177],[-76.50737747,3.42961286],[-76.5073116,3.42965682],[-76.50721443,3.42972392]]]]},"geometry_name":"the_geom","properties":{"nombre":"LICEO ESPERANZA","localizaci":"TR 29 NO 28C 30","servicio":"EDUCACION","tipo":"LICEO","nivel":"EDUCACION BASICA","propiedad":"PRIV","escala":"LOCAL","permanenci":"NO","estruc_eco":"NO","url1":null}},{"type":"Feature","id":"eqp_uco_educacion.3515","geometry":{"type":"MultiPolygon","coordinates":[[[[-76.51876647,3.41782119],[-76.51861806,3.41924573],[-76.51861588,3.41927536],[-76.51861049,3.41927588],[-76.51812187,3.41930481],[-76.51817412,3.41815178],[-76.51819068,3.41785124],[-76.51876647,3.41782119]]]]},"geometry_name":"the_geom","properties":{"nombre":"COLEGIO PARROQUIAL SAN PEDRO CLAVER","localizaci":"CL 26 NO 40B 28","servicio":"EDUCACION","tipo":"COLEGIO","nivel":"EDUCACION PREESCOLAR_BASICA_MEDIA VOCACIONAL","propiedad":"PRIV","escala":"ZONAL","permanenci":"NO","estruc_eco":"NO","url1":null}},{"type":"Feature","id":"eqp_uco_educacion.3516","geometry":{"type":"MultiPolygon","coordinates":[[[[-76.50420985,3.49210778],[-76.50430377,3.49201475],[-76.5043207,3.49203373],[-76.50428472,3.49206976],[-76.50426493,3.49208975],[-76.50424694,3.49210875],[-76.50422786,3.49212676],[-76.50420985,3.49210778]]]]},"geometry_name":"the_geom","properties":{"nombre":"JARDIN INFANTIL SOÑADORES","localizaci":"CL 72BN 02","servicio":"EDUCACION","tipo":"JARDININF","nivel":"EDUCACION PREESCOLAR","propiedad":"PRIV","escala":"LOCAL","permanenci":"NO","estruc_eco":"NO","url1":null}},{"type":"Feature","id":"eqp_uco_educacion.3517","geometry":{"type":"MultiPolygon","coordinates":[[[[-76.50259187,3.49079855],[-76.50260518,3.49077757],[-76.50263635,3.49074698],[-76.50276905,3.49088647],[-76.50272695,3.49092754],[-76.50259187,3.49079855]]]]},"geometry_name":"the_geom","properties":{"nombre":"LICEO INFANTIL QUERUBINES","localizaci":"CL 73N AV 2","servicio":"EDUCACION","tipo":"LICEO","nivel":"EDUCACION PREESCOLAR","propiedad":"PRIV","escala":"LOCAL","permanenci":"NO","estruc_eco":"NO","url1":null}},{"type":"Feature","id":"eqp_uco_educacion.3518","geometry":{"type":"MultiPolygon","coordinates":[[[[-76.49408519,3.49526975],[-76.49413734,3.49516864],[-76.49414633,3.49515064],[-76.4942504,3.49520161],[-76.49412128,3.49543471],[-76.49402548,3.4953858],[-76.4940334,3.49536878],[-76.49403627,3.49536374],[-76.49408519,3.49526975]]]]},"geometry_name":"the_geom","properties":{"nombre":"COLEGIO LA FLORALIA","localizaci":"KR 4 N NO 72   16","servicio":"EDUCACION","tipo":"COLEGIO","nivel":"EDUCACION PREESCOLAR-EDUCACION BASICA","propiedad":"PRIV","escala":"LOCAL","permanenci":"NO","estruc_eco":"NO","url1":null}},{"type":"Feature","id":"eqp_uco_educacion.3519","geometry":{"type":"MultiPolygon","coordinates":[[[[-76.49145831,3.49152022],[-76.49138541,3.4914054],[-76.49163475,3.49127154],[-76.49172107,3.49146782],[-76.49155906,3.49163235],[-76.49145831,3.49152022]]]]},"geometry_name":"the_geom","properties":{"nombre":"INSTITUTO TECNICO INDUSTRIAL EL SEÑOR DE LOS MILAGROS","localizaci":"KR 1G N NO 81  63","servicio":"EDUCACION","tipo":"INSTTINDU","nivel":"EDUCACION BASICA-EDUCACION MEDIA VOCACIONAL","propiedad":"PRIV","escala":"LOCAL","permanenci":"NO","estruc_eco":"NO","url1":null}},{"type":"Feature","id":"eqp_uco_educacion.3520","geometry":{"type":"MultiPolygon","coordinates":[[[[-76.49032825,3.49371965],[-76.49028832,3.49378574],[-76.4902822,3.49378574],[-76.49012625,3.49368979],[-76.49012625,3.49368376],[-76.49015503,3.49363379],[-76.49016294,3.49361974],[-76.49021408,3.49365077],[-76.49022417,3.49365571],[-76.49022525,3.4936567],[-76.49024325,3.49366767],[-76.49027819,3.49368971],[-76.49032825,3.49371965]]]]},"geometry_name":"the_geom","properties":{"nombre":"COLEGIO SAN FELIPE","localizaci":"DG 7 N NO 5  35","servicio":"EDUCACION","tipo":"COLEGIO","nivel":"EDUCACION PREESCOLAR-EDUCACION BASICA","propiedad":"PRIV","escala":"LOCAL","permanenci":"NO","estruc_eco":"NO","url1":null}},{"type":"Feature","id":"eqp_uco_educacion.3521","geometry":{"type":"MultiPolygon","coordinates":[[[[-76.49569729,3.49355488],[-76.49574343,3.49347515],[-76.49575808,3.49344882],[-76.49579601,3.49346951],[-76.49579014,3.49347886],[-76.49573554,3.49357743],[-76.49569729,3.49355488]]]]},"geometry_name":"the_geom","properties":{"nombre":"LICEO BILINGÜE PEQUEÑOS GIGANTES","localizaci":"CL 72C N NO 4  30","servicio":"EDUCACION","tipo":"LICEO","nivel":"EDUCACION PREESCOLAR-EDUCACION BASICA","propiedad":"PRIV","escala":"LOCAL","permanenci":"NO","estruc_eco":"NO","url1":null}},{"type":"Feature","id":"eqp_uco_educacion.3522","geometry":{"type":"MultiPolygon","coordinates":[[[[-76.49462461,3.4900688],[-76.49460264,3.49005783],[-76.49466126,3.48994178],[-76.49468143,3.48995374],[-76.49472645,3.48997775],[-76.49470739,3.49001376],[-76.49468041,3.49006679],[-76.49468041,3.49006778],[-76.49466746,3.49009074],[-76.49462461,3.4900688]]]]},"geometry_name":"the_geom","properties":{"nombre":"LICEO INFANTIL LOS DELFINES","localizaci":"CL 72 NO 3A N  05","servicio":"EDUCACION","tipo":"LICEO","nivel":"EDUCACION PREESCOLAR","propiedad":"PRIV","escala":"LOCAL","permanenci":"NO","estruc_eco":"NO","url1":null}},{"type":"Feature","id":"eqp_uco_educacion.3523","geometry":{"type":"MultiPolygon","coordinates":[[[[-76.49044199,3.49552644],[-76.49043082,3.49552042],[-76.49046894,3.49544641],[-76.49049088,3.49540545],[-76.49050277,3.49541138],[-76.49055499,3.49543835],[-76.49054276,3.4954614],[-76.49053485,3.49547743],[-76.49050104,3.49554243],[-76.49049492,3.49555438],[-76.49044199,3.49552644]]]]},"geometry_name":"the_geom","properties":{"nombre":"JARDIN INFANTIL EL CARRUSEL DEL SABER","localizaci":"CL 78- KR 3N","servicio":"EDUCACION","tipo":"JARDININF","nivel":"EDUCACION PREESCOLAR","propiedad":"PRIV","escala":"LOCAL","permanenci":"NO","estruc_eco":"NO","url1":null}},{"type":"Feature","id":"eqp_uco_educacion.3524","geometry":{"type":"MultiPolygon","coordinates":[[[[-76.49178685,3.4932852],[-76.49179476,3.49327115],[-76.49184763,3.49316618],[-76.49187068,3.49317714],[-76.4918858,3.49318515],[-76.49186386,3.49322818],[-76.49185667,3.49323917],[-76.49183689,3.49328121],[-76.49182466,3.49330417],[-76.49178685,3.4932852]]]]},"geometry_name":"the_geom","properties":{"nombre":"COLEGIO MIXTO SANTO TOMAS","localizaci":"CL 72 I NO 3 N 19","servicio":"EDUCACION","tipo":"COLEGIO","nivel":"EDUCACION PREESCOLAR  BASICA MEDIA","propiedad":"PRIV","escala":"LOCAL","permanenci":"NO","estruc_eco":"NO","url1":null}},{"type":"Feature","id":"eqp_uco_educacion.3525","geometry":{"type":"MultiPolygon","coordinates":[[[[-76.49440771,3.49102006],[-76.49441046,3.49101388],[-76.49446549,3.49090782],[-76.49449466,3.49092184],[-76.49451158,3.49093083],[-76.49450043,3.4909528],[-76.49445764,3.49103779],[-76.49445447,3.49104449],[-76.49445345,3.49104398],[-76.49440771,3.49102006]]]]},"geometry_name":"the_geom","properties":{"nombre":"COLEGIO AMERICANO JUAN PABLO NORTE","localizaci":"CL 72A N NO 3A  47","servicio":"EDUCACION","tipo":"COLEGIO","nivel":"EDUCACION PREESCOLAR-EDUCACION BASICA","propiedad":"PRIV","escala":"LOCAL","permanenci":"NO","estruc_eco":"NO","url1":null}},{"type":"Feature","id":"eqp_uco_educacion.3526","geometry":{"type":"MultiPolygon","coordinates":[[[[-76.49445143,3.49617976],[-76.49448236,3.49612574],[-76.49450754,3.49608171],[-76.49451222,3.49607172],[-76.49454823,3.49609267],[-76.49454356,3.49610266],[-76.49451946,3.4961457],[-76.49448744,3.49620071],[-76.49445143,3.49617976]]]]},"geometry_name":"the_geom","properties":{"nombre":"ESCUELA DE PELUQUERIA","localizaci":"CL 73 N NO 4  50","servicio":"EDUCACION","tipo":"EDUCALTER","nivel":"EDUCACION NO FORMAL","propiedad":"PRIV","escala":"LOCAL","permanenci":"NO","estruc_eco":"NO","url1":null}},{"type":"Feature","id":"eqp_uco_educacion.3527","geometry":{"type":"MultiPolygon","coordinates":[[[[-76.49501129,3.5002681],[-76.49501632,3.50025811],[-76.49504045,3.50027204],[-76.49506314,3.50028607],[-76.49508223,3.50029605],[-76.49504626,3.50035611],[-76.49501748,3.50040409],[-76.4950164,3.50040607],[-76.49498835,3.50045208],[-76.49495058,3.50051511],[-76.49493725,3.50050819],[-76.49492249,3.50050018],[-76.49491456,3.50049515],[-76.49489151,3.5004822],[-76.4949264,3.50041819],[-76.49495338,3.5003711],[-76.49495446,3.50036912],[-76.49496525,3.50034814],[-76.49498143,3.50032014],[-76.49501129,3.5002681]]]]},"geometry_name":"the_geom","properties":{"nombre":"LICEO ANDERSON ECHEVERRY","localizaci":"CL 83C N NO 8  71","servicio":"EDUCACION","tipo":"LICEO","nivel":"EDUCACION PREESCOLAR-EDUCACION BASICA","propiedad":"PRIV","escala":"LOCAL","permanenci":"NO","estruc_eco":"NO","url1":null}},{"type":"Feature","id":"eqp_uco_educacion.3528","geometry":{"type":"MultiPolygon","coordinates":[[[[-76.49985952,3.48796663],[-76.49983386,3.4879498],[-76.49987271,3.48788876],[-76.49988063,3.48788371],[-76.49988963,3.4878847],[-76.49989071,3.48788578],[-76.500011,3.48796168],[-76.49999697,3.48798572],[-76.4999959,3.48798671],[-76.49997899,3.48801273],[-76.49991884,3.48797775],[-76.49990796,3.48799625],[-76.49985952,3.48796663]]]]},"geometry_name":"the_geom","properties":{"nombre":"COLEGIO MELY","localizaci":"KR 4C N NO 70 B  05","servicio":"EDUCACION","tipo":"COLEGIO","nivel":"EDUCACION PREESCOLAR-EDUCACION BASICA","propiedad":"PRIV","escala":"LOCAL","permanenci":"NO","estruc_eco":"NO","url1":null}},{"type":"Feature","id":"eqp_uco_educacion.3529","geometry":{"type":"MultiPolygon","coordinates":[[[[-76.49768277,3.49211025],[-76.49765974,3.49214428],[-76.49765291,3.49215428],[-76.4975409,3.49207828],[-76.49754773,3.4920673],[-76.4975578,3.49205226],[-76.49756284,3.49204632],[-76.49761464,3.49196925],[-76.49762076,3.49196528],[-76.49762869,3.49196825],[-76.49763193,3.49197221],[-76.49768093,3.49204625],[-76.49770291,3.49208125],[-76.49768277,3.49211025]]]]},"geometry_name":"the_geom","properties":{"nombre":"LICEO INFANTIL PIAGET","localizaci":"KR 4C N NO 72  05","servicio":"EDUCACION","tipo":"LICEO","nivel":"EDUCACION PREESCOLAR","propiedad":"PRIV","escala":"LOCAL","permanenci":"NO","estruc_eco":"NO","url1":null}},{"type":"Feature","id":"eqp_uco_educacion.3530","geometry":{"type":"MultiPolygon","coordinates":[[[[-76.49789385,3.49302064],[-76.49787874,3.49304369],[-76.49778185,3.4929757],[-76.49777861,3.4929667],[-76.49778076,3.49295671],[-76.49778364,3.49295266],[-76.49781018,3.49291262],[-76.49791774,3.49298577],[-76.49789385,3.49302064]]]]},"geometry_name":"the_geom","properties":{"nombre":"JARDIN INFANTIL CARITAS ALEGRES","localizaci":"KR 7 N NO 72  41","servicio":"EDUCACION","tipo":"JARDININF","nivel":"EDUCACION PREESCOLAR","propiedad":"PRIV","escala":"LOCAL","permanenci":"NO","estruc_eco":"NO","url1":null}},{"type":"Feature","id":"eqp_uco_educacion.3531","geometry":{"type":"MultiPolygon","coordinates":[[[[-76.4980421,3.49022599],[-76.49779349,3.49062552],[-76.49767934,3.4905538],[-76.49792946,3.49015185],[-76.4980421,3.49022599]]]]},"geometry_name":"the_geom","properties":{"nombre":"LICEO FARALLONES","localizaci":"KR 4A N NO 71E  39","servicio":"EDUCACION","tipo":"LICEO","nivel":"EDUCACION PREESCOLAR-EDUCACION BASICA-EDUCACION MEDIA VOCACIONAL","propiedad":"PRIV","escala":"LOCAL","permanenci":"NO","estruc_eco":"NO","url1":null}},{"type":"Feature","id":"eqp_uco_educacion.3532","geometry":{"type":"MultiPolygon","coordinates":[[[[-76.50196917,3.48955064],[-76.50207931,3.48937716],[-76.50223071,3.48948691],[-76.50212097,3.48964934],[-76.50196917,3.48955064]]]]},"geometry_name":"the_geom","properties":{"nombre":"JARDIN INFANTIL GUARDERIA","localizaci":"KR 9 N NO 71  35","servicio":"EDUCACION","tipo":"JARDININF","nivel":"EDUCACION PREESCOLAR","propiedad":"PRIV","escala":"LOCAL","permanenci":"NO","estruc_eco":"NO","url1":null}},{"type":"Feature","id":"eqp_uco_educacion.3533","geometry":{"type":"MultiPolygon","coordinates":[[[[-76.5003398,3.48850798],[-76.50039286,3.48842294],[-76.50040905,3.48839671],[-76.50043155,3.48841117],[-76.50044596,3.4884193],[-76.50043697,3.48843377],[-76.50037581,3.48853148],[-76.50036502,3.48854867],[-76.50032901,3.48852608],[-76.5003398,3.48850798]]]]},"geometry_name":"the_geom","properties":{"nombre":"JARDIN INFANTIL MI PROPIO MUNDO","localizaci":"CL 70A N NO  4C  75","servicio":"EDUCACION","tipo":"JARDININF","nivel":"EDUCACION PREESCOLAR","propiedad":"PRIV","escala":"LOCAL","permanenci":"NO","estruc_eco":"NO","url1":null}},{"type":"Feature","id":"eqp_uco_educacion.3534","geometry":{"type":"MultiPolygon","coordinates":[[[[-76.49164465,3.49721349],[-76.49113241,3.49695328],[-76.491109,3.49694153],[-76.49124227,3.49667813],[-76.49194878,3.49704151],[-76.4918157,3.49729932],[-76.49164465,3.49721349]]]]},"geometry_name":"the_geom","properties":{"nombre":"CENTRO DOCENTE LAS AMERICAS NO 128","localizaci":"CL 82 KR 38 N","servicio":"EDUCACION","tipo":"CENTDOC","nivel":"EDUCACION BASICA","propiedad":"PUB","escala":"LOCAL","permanenci":"NO","estruc_eco":"NO","url1":null}},{"type":"Feature","id":"eqp_uco_educacion.3535","geometry":{"type":"MultiPolygon","coordinates":[[[[-76.48977822,3.49343823],[-76.48980522,3.49343417],[-76.48986426,3.49342819],[-76.48994024,3.49344516],[-76.49015732,3.49340697],[-76.49016022,3.49345098],[-76.49013612,3.49349105],[-76.49006418,3.49360908],[-76.48985447,3.49395923],[-76.48983243,3.49382325],[-76.48980533,3.4936482],[-76.48977822,3.49343823]]]]},"geometry_name":"the_geom","properties":{"nombre":"INSTITUTO EDUCATIVO INEM JORGE ISAACS SEDE NO 2","localizaci":"KR 5 N  DG7  39","servicio":"EDUCACION","tipo":"CENTEDUC","nivel":"EDUCACION BASICA","propiedad":"PUB","escala":"LOCAL","permanenci":"NO","estruc_eco":"NO","url1":null}},{"type":"Feature","id":"eqp_uco_educacion.3536","geometry":{"type":"MultiPolygon","coordinates":[[[[-76.48676192,3.49452338],[-76.48671008,3.49453142],[-76.48669598,3.4944254],[-76.48674494,3.49441737],[-76.48676192,3.49452338]]]]},"geometry_name":"the_geom","properties":{"nombre":"INSTITUTO TECNICO INDUSTRIAL SEÑOR DE LOS MILAGROS","localizaci":"KR 1G N NO 81  63","servicio":"EDUCACION","tipo":"INSTTINDU","nivel":"EDUCACION BASICA-EDUCACION MEDIA VOCACIONAL","propiedad":"PRIV","escala":"LOCAL","permanenci":"NO","estruc_eco":"NO","url1":null}},{"type":"Feature","id":"eqp_uco_educacion.3537","geometry":{"type":"MultiPolygon","coordinates":[[[[-76.48521142,3.49428049],[-76.48515742,3.49428853],[-76.48514122,3.49429151],[-76.48507132,3.49419254],[-76.48506916,3.49418858],[-76.48514116,3.49417756],[-76.48519516,3.49416952],[-76.48521142,3.49428049]]]]},"geometry_name":"the_geom","properties":{"nombre":"JARDIN INFANTIL MIS ANGELES TRAVIESOS","localizaci":"KR 1F NO 83  44","servicio":"EDUCACION","tipo":"JARDININF","nivel":"EDUCACION PREESCOLAR","propiedad":"PRIV","escala":"LOCAL","permanenci":"NO","estruc_eco":"NO","url1":null}},{"type":"Feature","id":"eqp_uco_educacion.3538","geometry":{"type":"MultiPolygon","coordinates":[[[[-76.49495426,3.49780845],[-76.49507381,3.4978756],[-76.49521416,3.49795497],[-76.49508817,3.49818078],[-76.4948262,3.49803594],[-76.49495426,3.49780845]]]]},"geometry_name":"the_geom","properties":{"nombre":"CENTRO DOCENTE CECILIA MUÑOZ RICAUTE NO 166","localizaci":"KR 8N CL 77","servicio":"EDUCACION","tipo":"CENTDOC","nivel":"EDUCACION BASICA","propiedad":"PUB","escala":"LOCAL","permanenci":"NO","estruc_eco":"NO","url1":null}},{"type":"Feature","id":"eqp_uco_educacion.3539","geometry":{"type":"MultiPolygon","coordinates":[[[[-76.49075734,3.49695337],[-76.49081403,3.49683642],[-76.49087819,3.4968684],[-76.49081694,3.49698419],[-76.49075734,3.49695337]]]]},"geometry_name":"the_geom","properties":{"nombre":"COLEGIO CATEDRATICO DE OCCIDENTE","localizaci":"CL 82 N NO 3   109","servicio":"EDUCACION","tipo":"COLEGIO","nivel":"EDUCACION PREESCOLAR-EDUCACION BASICA","propiedad":"PRIV","escala":"LOCAL","permanenci":"NO","estruc_eco":"NO","url1":null}},{"type":"Feature","id":"eqp_uco_educacion.3540","geometry":{"type":"MultiPolygon","coordinates":[[[[-76.49829949,3.48981977],[-76.49825356,3.48979089],[-76.49826705,3.48977004],[-76.49832277,3.4896841],[-76.4983345,3.48966692],[-76.49837952,3.48969587],[-76.49837144,3.4897076],[-76.49836062,3.48972478],[-76.49831207,3.48979991],[-76.49829949,3.48981977]]]]},"geometry_name":"the_geom","properties":{"nombre":"ACADEMIA DE BAILE","localizaci":"CL 71E N NO 4  33","servicio":"EDUCACION","tipo":"ESCARTE","nivel":"EDUCACION NO FORMAL","propiedad":"PRIV","escala":"LOCAL","permanenci":"NO","estruc_eco":"NO","url1":null}},{"type":"Feature","id":"eqp_uco_educacion.3541","geometry":{"type":"MultiPolygon","coordinates":[[[[-76.49816255,3.48973372],[-76.49811726,3.48970525],[-76.49811689,3.48970581],[-76.49799901,3.48963168],[-76.4979945,3.48961091],[-76.4981429,3.48940191],[-76.49817349,3.48939921],[-76.49827428,3.48946331],[-76.49827425,3.48946336],[-76.49831808,3.48949158],[-76.49824349,3.48960798],[-76.49823274,3.48962516],[-76.49816255,3.48973372]]]]},"geometry_name":"the_geom","properties":{"nombre":"LICEO FARALLONES DEL NORTE","localizaci":"CL 71E N NO 4  19","servicio":"EDUCACION","tipo":"LICEO","nivel":"EDUCACION BASICA-EDUCACION MEDIA VOCACIONAL","propiedad":"PRIV","escala":"LOCAL","permanenci":"NO","estruc_eco":"NO","url1":null}},{"type":"Feature","id":"eqp_uco_educacion.3542","geometry":{"type":"MultiPolygon","coordinates":[[[[-76.49839862,3.48903917],[-76.49840945,3.48902285],[-76.49848054,3.48891434],[-76.49855522,3.48880039],[-76.49868414,3.48888288],[-76.49852152,3.48911703],[-76.49839862,3.48903917]]]]},"geometry_name":"the_geom","properties":{"nombre":"CAMILO TERREROS","localizaci":"KR 4 N NNO 70A  16","servicio":"EDUCACION","tipo":"COLEGIO","nivel":"EDUCACION BASICA-EDUCACION MEDIA VOCACIONAL","propiedad":"PRIV","escala":"LOCAL","permanenci":"NO","estruc_eco":"NO","url1":null}},{"type":"Feature","id":"eqp_uco_educacion.3543","geometry":{"type":"MultiPolygon","coordinates":[[[[-76.49620335,3.48857384],[-76.49627819,3.48838464],[-76.49635374,3.48841481],[-76.4962789,3.48860402],[-76.49620335,3.48857384]]]]},"geometry_name":"the_geom","properties":{"nombre":"LICEO MANANTIAL","localizaci":"KR 3B N NO 71C  50","servicio":"EDUCACION","tipo":"LICEO","nivel":"EDUCACION PREESCOLAR-EDUCACION BASICA","propiedad":"PRIV","escala":"LOCAL","permanenci":"NO","estruc_eco":"NO","url1":null}},{"type":"Feature","id":"eqp_uco_educacion.3544","geometry":{"type":"MultiPolygon","coordinates":[[[[-76.49551143,3.49521308],[-76.49547726,3.49519408],[-76.49548893,3.49517507],[-76.49551502,3.49512894],[-76.49554203,3.49508104],[-76.49557535,3.49510005],[-76.49554835,3.49514795],[-76.49553752,3.49516695],[-76.49551143,3.49521308]]]]},"geometry_name":"the_geom","properties":{"nombre":"ADMINISTRACION COLEGIO MAYOR DEL NORTE","localizaci":"CL 72 I KR 5 N","servicio":"EDUCACION","tipo":"COLEGIO","nivel":"EDUCACION PREESCOLAR-EDUCACION BASICA-EDUCACION MEDIA VOCACIONAL","propiedad":"PRIV","escala":"LOCAL","permanenci":"NO","estruc_eco":"NO","url1":null}},{"type":"Feature","id":"eqp_uco_educacion.3545","geometry":{"type":"MultiPolygon","coordinates":[[[[-76.49544211,3.49517415],[-76.49540794,3.49515429],[-76.49541961,3.49513437],[-76.49544394,3.49509099],[-76.49545203,3.49507651],[-76.49547186,3.49504126],[-76.49550603,3.49506019],[-76.49548627,3.49509552],[-76.49547727,3.49511085],[-76.49546461,3.49513345],[-76.49544211,3.49517415]]]]},"geometry_name":"the_geom","properties":{"nombre":"COLEGIO MAYOR DEL NORTE","localizaci":"CL 71N NO 4N 79","servicio":"EDUCACION","tipo":"COLEGIO","nivel":"EDUCACION PREESCOLAR-EDUCACION BASICA-EDUCACION MEDIA VOCACIONAL","propiedad":"PRIV","escala":"LOCAL","permanenci":"NO","estruc_eco":"NO","url1":null}},{"type":"Feature","id":"eqp_uco_educacion.3546","geometry":{"type":"MultiPolygon","coordinates":[[[[-76.51468438,3.48096653],[-76.51474445,3.48087145],[-76.51477146,3.48088944],[-76.51478227,3.48089645],[-76.51483521,3.48093044],[-76.51486655,3.48095041],[-76.51489356,3.48096839],[-76.51487233,3.48100144],[-76.51485327,3.48103142],[-76.51483133,3.48106743],[-76.5147755,3.48103245],[-76.51476434,3.48102544],[-76.51468654,3.48097652],[-76.51468438,3.48096653]]]]},"geometry_name":"the_geom","properties":{"nombre":"JARDIN INFANTIL ALEGRIAS INFANTILES","localizaci":"AV 2I N NO 47B N   31","servicio":"EDUCACION","tipo":"JARDININF","nivel":"EDUCACION PREESCOLAR","propiedad":"PRIV","escala":"LOCAL","permanenci":"NO","estruc_eco":"NO","url1":null}},{"type":"Feature","id":"eqp_uco_educacion.3547","geometry":{"type":"MultiPolygon","coordinates":[[[[-76.51383776,3.48021862],[-76.51380573,3.48019835],[-76.51382677,3.48016462],[-76.51388637,3.48006903],[-76.51389062,3.48006223],[-76.5139018,3.4800443],[-76.51395863,3.48008018],[-76.513944,3.48010364],[-76.51393021,3.48012575],[-76.51389136,3.48018804],[-76.51386252,3.48023429],[-76.51383776,3.48021862]]]]},"geometry_name":"the_geom","properties":{"nombre":"JARDIN INFANTIL SENDERO DEL SABER","localizaci":"CL 47 B N NO 2 G N 54","servicio":"EDUCACION","tipo":"JARDININF","nivel":"EDUCACION PREESCOLAR","propiedad":"PRIV","escala":"LOCAL","permanenci":"NO","estruc_eco":"NO","url1":null}},{"type":"Feature","id":"eqp_uco_educacion.3548","geometry":{"type":"MultiPolygon","coordinates":[[[[-76.51554349,3.48639033],[-76.51560433,3.4863903],[-76.51560434,3.48641334],[-76.51560435,3.48642135],[-76.51560048,3.48659038],[-76.51557348,3.4865904],[-76.51555764,3.48659041],[-76.51555368,3.48659041],[-76.51553964,3.48659042],[-76.5155435,3.48641238],[-76.51554349,3.48639033]]]]},"geometry_name":"the_geom","properties":{"nombre":"TALLER DE ARTE (DIBUJO Y PINTURA)","localizaci":"CL 55 N NO 3B N  154","servicio":"EDUCACION","tipo":"ESCARTE","nivel":"EDUCACION NO FORMAL","propiedad":"PRIV","escala":"LOCAL","permanenci":"NO","estruc_eco":"NO","url1":null}},{"type":"Feature","id":"eqp_uco_educacion.3549","geometry":{"type":"MultiPolygon","coordinates":[[[[-76.52293549,3.47215344],[-76.52306439,3.4721684],[-76.52306152,3.47219333],[-76.52305256,3.47226642],[-76.52305149,3.47226939],[-76.52304934,3.47229234],[-76.52292044,3.47227747],[-76.52293549,3.47215344]]]]},"geometry_name":"the_geom","properties":{"nombre":"LECTHER AMERICAS","localizaci":"CL 34 AN NO 3CN","servicio":"EDUCACION","tipo":"CENTIDIOM","nivel":"EDUCACION NO FORMAL","propiedad":"PRIV","escala":"LOCAL","permanenci":"NO","estruc_eco":"NO","url1":null}},{"type":"Feature","id":"eqp_uco_educacion.3550","geometry":{"type":"MultiPolygon","coordinates":[[[[-76.51795452,3.47162009],[-76.51796747,3.47159812],[-76.51803761,3.47148405],[-76.51804948,3.47146604],[-76.51811143,3.47150507],[-76.51810064,3.47152307],[-76.51806359,3.47158304],[-76.51805567,3.4715951],[-76.51802474,3.47164507],[-76.51801574,3.47165912],[-76.51800674,3.47165309],[-76.51799269,3.4716441],[-76.51795452,3.47162009]]]]},"geometry_name":"the_geom","properties":{"nombre":"JARDIN INFANTIL NIÑOS CREATIVOS","localizaci":"CL 36 N NO 2AN-108","servicio":"EDUCACION","tipo":"JARDININF","nivel":"EDUCACION PREESCOLAR","propiedad":"PRIV","escala":"LOCAL","permanenci":"NO","estruc_eco":"NO","url1":null}},{"type":"Feature","id":"eqp_uco_educacion.3551","geometry":{"type":"MultiPolygon","coordinates":[[[[-76.52367371,3.47247913],[-76.52377375,3.47249065],[-76.52377764,3.4724911],[-76.52379246,3.47250429],[-76.52379147,3.47250736],[-76.5238024,3.47262805],[-76.52380603,3.47266863],[-76.5238075,3.4726855],[-76.52365146,3.47266723],[-76.52365253,3.47265724],[-76.52367153,3.47249918],[-76.52367224,3.4724882],[-76.52367371,3.47247913]]]]},"geometry_name":"the_geom","properties":{"nombre":"INTENALCO","localizaci":"AV 4 N  NO 34AN-18","servicio":"EDUCACION","tipo":"COLEGIO","nivel":"EDUCACION BASICA-EDUCACION MEDIA VOCACIONAL","propiedad":"PUB","escala":"LOCAL","permanenci":"NO","estruc_eco":"NO","url1":null}},{"type":"Feature","id":"eqp_uco_educacion.3552","geometry":{"type":"MultiPolygon","coordinates":[[[[-76.52003416,3.47445412],[-76.51992143,3.47438425],[-76.51990811,3.47437625],[-76.51988542,3.47436222],[-76.51994333,3.4742702],[-76.51997539,3.47429017],[-76.52002437,3.4743202],[-76.52008631,3.47435914],[-76.52017023,3.47441211],[-76.52011339,3.47450313],[-76.52010151,3.47449612],[-76.52008926,3.47448812],[-76.52008242,3.47448416],[-76.52003416,3.47445412]]]]},"geometry_name":"the_geom","properties":{"nombre":"INSTITUTO DE CAPACITACION NUESTRA SEÑORA DE FATIMA","localizaci":"AV 3N NO 38N-29","servicio":"EDUCACION","tipo":"INSTEDUCI","nivel":"EDUCACION TECNICA","propiedad":"PRIV","escala":"ZONAL","permanenci":"NO","estruc_eco":"NO","url1":null}},{"type":"Feature","id":"eqp_uco_educacion.3553","geometry":{"type":"MultiPolygon","coordinates":[[[[-76.52040504,3.4738679],[-76.52038307,3.47385396],[-76.52035101,3.47383399],[-76.52028402,3.473792],[-76.52025197,3.47377203],[-76.52030988,3.47367795],[-76.52032393,3.47368694],[-76.52034194,3.47369791],[-76.52046115,3.4737739],[-76.52048816,3.47379189],[-76.52050293,3.47380088],[-76.52053894,3.47382381],[-76.52049794,3.47388891],[-76.52048103,3.47391592],[-76.52044717,3.47389487],[-76.52040504,3.4738679]]]]},"geometry_name":"the_geom","properties":{"nombre":"ESCUELA DE AVIACION","localizaci":"AV 3 N NO 36AN-14","servicio":"EDUCACION","tipo":"EDUCALTER","nivel":"EDUCACION NO FORMAL","propiedad":"PRIV","escala":"LOCAL","permanenci":"NO","estruc_eco":"NO","url1":null}},{"type":"Feature","id":"eqp_uco_educacion.3554","geometry":{"type":"MultiPolygon","coordinates":[[[[-76.52030988,3.47367795],[-76.52037499,3.47357296],[-76.52037499,3.47357188],[-76.52038075,3.47356792],[-76.52038579,3.4735699],[-76.52053094,3.4736618],[-76.52052086,3.47367684],[-76.52051691,3.47368386],[-76.52049604,3.4737179],[-76.52048201,3.47374086],[-76.52046115,3.4737739],[-76.52034194,3.47369791],[-76.52032393,3.47368694],[-76.52030988,3.47367795]]]]},"geometry_name":"the_geom","properties":{"nombre":"ESCUELA DE AUTOMOVILISMO JC","localizaci":"Av. 3 N # 36N-07","servicio":"EDUCACION","tipo":"ESCCONDUCC","nivel":"EDUCACION NO FORMAL","propiedad":"PRIV","escala":"LOCAL","permanenci":"NO","estruc_eco":"NO","url1":null}},{"type":"Feature","id":"eqp_uco_educacion.3555","geometry":{"type":"MultiPolygon","coordinates":[[[[-76.51631353,3.47367816],[-76.51632755,3.47365511],[-76.51638367,3.47356714],[-76.51639734,3.47354508],[-76.51642756,3.47349808],[-76.51644159,3.47347611],[-76.51646356,3.47349005],[-76.51647544,3.47349707],[-76.51649237,3.47350804],[-76.5165165,3.47352306],[-76.51650355,3.47354502],[-76.51647549,3.47359004],[-76.51646758,3.4736031],[-76.51640571,3.47370313],[-76.51639168,3.47372708],[-76.51631353,3.47367816]]]]},"geometry_name":"the_geom","properties":{"nombre":"MATERNAL INFANTIL PEQUEÑOS ARTISTAS","localizaci":"CL 39 N NO 2BN-75","servicio":"EDUCACION","tipo":"GUARDE","nivel":"EDUCACION PREESCOLAR","propiedad":"PRIV","escala":"LOCAL","permanenci":"NO","estruc_eco":"NO","url1":null}},{"type":"Feature","id":"eqp_uco_educacion.3700","geometry":{"type":"MultiPolygon","coordinates":[[[[-76.51046876,3.43677926],[-76.51041861,3.43658127],[-76.51047657,3.43656522],[-76.5105278,3.43676419],[-76.51046876,3.43677926]]]]},"geometry_name":"the_geom","properties":{"nombre":"JARDIN INFANTIL BUHO SOÑADOR","localizaci":"KR 24A NO 33B 103","servicio":"EDUCACION","tipo":"JARDININF","nivel":"EDUCACION PREESCOLAR","propiedad":"PRIV","escala":"LOCAL","permanenci":"NO","estruc_eco":"NO","url1":null}},{"type":"Feature","id":"eqp_uco_educacion.3556","geometry":{"type":"MultiPolygon","coordinates":[[[[-76.52057688,3.47539195],[-76.52062976,3.47530489],[-76.52064271,3.4752849],[-76.52068695,3.47521386],[-76.5207017,3.47518883],[-76.5207957,3.47524783],[-76.52078095,3.47527178],[-76.5207698,3.47528879],[-76.52074678,3.47532679],[-76.52073671,3.47534281],[-76.52072879,3.47535686],[-76.52071692,3.47537487],[-76.5206939,3.47541286],[-76.52067088,3.47544987],[-76.52065791,3.47544186],[-76.52062298,3.47541992],[-76.52057688,3.47539195]]]]},"geometry_name":"the_geom","properties":{"nombre":"LICEO INFANTIL EL TALLER DE MINNIE","localizaci":"CL 38 N NO 3N-132","servicio":"EDUCACION","tipo":"LICEO","nivel":"EDUCACION PREESCOLAR","propiedad":"PRIV","escala":"LOCAL","permanenci":"NO","estruc_eco":"NO","url1":null}},{"type":"Feature","id":"eqp_uco_educacion.3557","geometry":{"type":"MultiPolygon","coordinates":[[[[-76.52237243,3.47618401],[-76.52237962,3.47616294],[-76.52240334,3.47609201],[-76.5224073,3.47608192],[-76.52241341,3.47606293],[-76.52248759,3.4760889],[-76.52247932,3.47611096],[-76.52245164,3.47618892],[-76.52244445,3.47620998],[-76.52241636,3.47620001],[-76.52237243,3.47618401]]]]},"geometry_name":"the_geom","properties":{"nombre":"CENTRO DE YOGA","localizaci":"CL 38N NO 3GN-27","servicio":"EDUCACION","tipo":"ESCDEPOR","nivel":"EDUCACION NO FORMAL","propiedad":"PRIV","escala":"LOCAL","permanenci":"NO","estruc_eco":"NO","url1":null}},{"type":"Feature","id":"eqp_uco_educacion.3558","geometry":{"type":"MultiPolygon","coordinates":[[[[-76.5176224,3.48603904],[-76.51760996,3.48603133],[-76.51763044,3.48599856],[-76.51768786,3.48590665],[-76.517717,3.48586002],[-76.51780467,3.48591532],[-76.51778835,3.48594144],[-76.51777467,3.48596333],[-76.51771761,3.48605465],[-76.51769775,3.48608605],[-76.5176224,3.48603904]]]]},"geometry_name":"the_geom","properties":{"nombre":"FAST ENGLISH","localizaci":"CL 52 N NO 3F N  97","servicio":"EDUCACION","tipo":"CENTIDIOM","nivel":"EDUCACION NO FORMAL","propiedad":"PRIV","escala":"LOCAL","permanenci":"NO","estruc_eco":"NO","url1":null}},{"type":"Feature","id":"eqp_uco_educacion.3559","geometry":{"type":"MultiPolygon","coordinates":[[[[-76.51667223,3.47453904],[-76.51666392,3.47449899],[-76.5166632,3.47449602],[-76.51665815,3.47447101],[-76.51665201,3.47444005],[-76.51664805,3.47443798],[-76.51664083,3.47439604],[-76.51667107,3.47439404],[-76.51668582,3.47437198],[-76.51684212,3.4744709],[-76.5168191,3.47450791],[-76.51677594,3.47457697],[-76.51676299,3.47459795],[-76.51667223,3.47453904]]]]},"geometry_name":"the_geom","properties":{"nombre":"JARDIN INFANTIL SOMOS FAMILIA","localizaci":"AV 2D N 40PN 04","servicio":"EDUCACION","tipo":"JARDININF","nivel":"EDUCACION PREESCOLAR","propiedad":"PRIV","escala":"LOCAL","permanenci":"NO","estruc_eco":"NO","url1":null}},{"type":"Feature","id":"eqp_uco_educacion.3560","geometry":{"type":"MultiPolygon","coordinates":[[[[-76.50978292,3.48886106],[-76.50970202,3.48903967],[-76.50840237,3.48861466],[-76.5079861,3.48847853],[-76.50821238,3.48806128],[-76.50851,3.48751246],[-76.5085312,3.48752557],[-76.50890917,3.48775713],[-76.50893617,3.4877743],[-76.50895142,3.48778334],[-76.50921423,3.48794798],[-76.50978477,3.48829436],[-76.50998693,3.48841231],[-76.50978292,3.48886106]]]]},"geometry_name":"the_geom","properties":{"nombre":"INSTITUTO COMERCIAL SANTA CECILIA","localizaci":"CL 61A N NO 2G N  62","servicio":"EDUCACION","tipo":"INSTTCOM","nivel":"EDUCACION BASICA-EDUCACION MEDIA VOCACIONAL","propiedad":"PRIV","escala":"URBANA","permanenci":"SI","estruc_eco":"NO","url1":null}},{"type":"Feature","id":"eqp_uco_educacion.3561","geometry":{"type":"MultiPolygon","coordinates":[[[[-76.51549483,3.47967],[-76.51551464,3.47968295],[-76.5156198,3.47974887],[-76.51564573,3.47976488],[-76.51560688,3.4798279],[-76.51560293,3.47983393],[-76.51559789,3.47984294],[-76.51544662,3.47974698],[-76.51549483,3.47967]]]]},"geometry_name":"the_geom","properties":{"nombre":"ESCUELA DE AUTOMOVILISMO FORMULA 1","localizaci":"CL 47 NO 3N  09","servicio":"EDUCACION","tipo":"ESCCONDUCC","nivel":"EDUCACION NO FORMAL","propiedad":"PRIV","escala":"LOCAL","permanenci":"NO","estruc_eco":"NO","url1":null}},{"type":"Feature","id":"eqp_uco_educacion.3562","geometry":{"type":"MultiPolygon","coordinates":[[[[-76.51082257,3.48011657],[-76.51083157,3.4801216],[-76.51088955,3.48015856],[-76.51087373,3.48018656],[-76.51082553,3.48026453],[-76.51081258,3.4802856],[-76.51079855,3.48030955],[-76.51071968,3.48026261],[-76.51082257,3.48011657]]]]},"geometry_name":"the_geom","properties":{"nombre":"LICEO LOS PITUFOS","localizaci":"AV 2A N  CON CALLE 50","servicio":"EDUCACION","tipo":"LICEO","nivel":"EDUCACION PREESCOLAR","propiedad":"PRIV","escala":"LOCAL","permanenci":"NO","estruc_eco":"NO","url1":null}},{"type":"Feature","id":"eqp_uco_educacion.3563","geometry":{"type":"MultiPolygon","coordinates":[[[[-76.51044589,3.48063079],[-76.51051792,3.48067675],[-76.51059283,3.4807227],[-76.51060472,3.4807307],[-76.51057486,3.48078175],[-76.51055796,3.48080777],[-76.51038977,3.48070688],[-76.51044589,3.48063079]]]]},"geometry_name":"the_geom","properties":{"nombre":"JARDIN INFANTIL TIA MARTHA","localizaci":"AV 2A N NO 50 N  43","servicio":"EDUCACION","tipo":"JARDININF","nivel":"EDUCACION PREESCOLAR","propiedad":"PRIV","escala":"LOCAL","permanenci":"NO","estruc_eco":"NO","url1":null}},{"type":"Feature","id":"eqp_uco_educacion.3564","geometry":{"type":"MultiPolygon","coordinates":[[[[-76.51297038,3.48317657],[-76.51301247,3.48310553],[-76.51305132,3.48303755],[-76.51306139,3.48302054],[-76.51306534,3.4830145],[-76.51307327,3.48301954],[-76.51309236,3.48303051],[-76.51309344,3.4830315],[-76.51311721,3.48304445],[-76.51311829,3.48304652],[-76.5131075,3.48306452],[-76.51309635,3.4830855],[-76.5130575,3.4831515],[-76.51302656,3.48320453],[-76.51297038,3.48317657]]]]},"geometry_name":"the_geom","properties":{"nombre":"JARDIN CIELITO","localizaci":"CL 52 NO 2H N  23","servicio":"EDUCACION","tipo":"JARDININF","nivel":"EDUCACION PREESCOLAR","propiedad":"PRIV","escala":"LOCAL","permanenci":"NO","estruc_eco":"NO","url1":null}},{"type":"Feature","id":"eqp_uco_educacion.3565","geometry":{"type":"MultiPolygon","coordinates":[[[[-76.51417896,3.48043577],[-76.51419191,3.4804147],[-76.51424084,3.48033574],[-76.51426098,3.48030468],[-76.51427501,3.48028064],[-76.51433299,3.48031769],[-76.51431788,3.48034065],[-76.51431393,3.48034668],[-76.51424594,3.48045671],[-76.51423623,3.48047174],[-76.51421102,3.48045574],[-76.51417896,3.48043577]]]]},"geometry_name":"the_geom","properties":{"nombre":"JARDIN INFANTIL EL SENDERO DEL SABER","localizaci":"CL 47B N NO 2G N  54","servicio":"EDUCACION","tipo":"JARDININF","nivel":"EDUCACION PREESCOLAR","propiedad":"PRIV","escala":"LOCAL","permanenci":"NO","estruc_eco":"NO","url1":null}},{"type":"Feature","id":"eqp_uco_educacion.3566","geometry":{"type":"MultiPolygon","coordinates":[[[[-76.50544775,3.48639975],[-76.50617783,3.48683538],[-76.50618233,3.48688965],[-76.50615532,3.48693663],[-76.50614724,3.48695111],[-76.5060202,3.48717069],[-76.50500671,3.48717516],[-76.50525345,3.48673843],[-76.50544775,3.48639975]]]]},"geometry_name":"the_geom","properties":{"nombre":"INSTITUTO COMERCIAL SANTA CECILIA","localizaci":"AV 2A N NO 62A  00","servicio":"EDUCACION","tipo":"INSTTCOM","nivel":"EDUCACION BASICA-EDUCACION MEDIA VOCACIONAL","propiedad":"PRIV","escala":"ZONAL","permanenci":"NO","estruc_eco":"NO","url1":null}},{"type":"Feature","id":"eqp_uco_educacion.3567","geometry":{"type":"MultiPolygon","coordinates":[[[[-76.51077083,3.48273897],[-76.51081028,3.48276258],[-76.51087181,3.4827996],[-76.51094685,3.48284475],[-76.51105601,3.48291043],[-76.5111968,3.48299496],[-76.51123416,3.48301498],[-76.5112459,3.48302763],[-76.51125307,3.48304296],[-76.51125398,3.4830602],[-76.5112504,3.48307461],[-76.51120979,3.48314385],[-76.51120838,3.48314891],[-76.51119106,3.48317621],[-76.51110293,3.48332531],[-76.51107701,3.48332929],[-76.51107601,3.48333102],[-76.51088762,3.48322894],[-76.51088401,3.48322206],[-76.51093016,3.48321044],[-76.51093412,3.48321008],[-76.5109471,3.48320608],[-76.51095683,3.48319557],[-76.51095935,3.48318216],[-76.51095139,3.48313688],[-76.5109128,3.48311878],[-76.51088288,3.4831246],[-76.51087458,3.48312387],[-76.51081149,3.48313949],[-76.51079959,3.48313804],[-76.51079057,3.4831308],[-76.51078624,3.48312175],[-76.51078516,3.4831145],[-76.51078299,3.48310508],[-76.51075902,3.48299909],[-76.51075711,3.48299268],[-76.51074432,3.48298168],[-76.51072769,3.48297354],[-76.51068469,3.48297377],[-76.51064064,3.48297213],[-76.51077083,3.48273897]]]]},"geometry_name":"the_geom","properties":{"nombre":"JARDIN INFANTIL MUNDO MIEL","localizaci":"AV 2G N NO 52A N  44","servicio":"EDUCACION","tipo":"JARDININF","nivel":"EDUCACION PREESCOLAR","propiedad":"PRIV","escala":"LOCAL","permanenci":"NO","estruc_eco":"NO","url1":null}},{"type":"Feature","id":"eqp_uco_educacion.3568","geometry":{"type":"MultiPolygon","coordinates":[[[[-76.50484665,3.48745522],[-76.50500671,3.48717516],[-76.5060202,3.48717069],[-76.50581504,3.48752533],[-76.50578895,3.48756963],[-76.50572594,3.48769899],[-76.50546679,3.48762118],[-76.50510595,3.48752527],[-76.50484665,3.48745522]]]]},"geometry_name":"the_geom","properties":{"nombre":"CENTRO DOCENTE REPUBLICA DE FRANCIA","localizaci":"AV 2C N NO 62 N  00","servicio":"EDUCACION","tipo":"CENTDOC","nivel":"EDUCACION BASICA-EDUCACION MEDIA VOCACIONAL","propiedad":"PUB","escala":"ZONAL","permanenci":"NO","estruc_eco":"NO","url1":null}},{"type":"Feature","id":"eqp_uco_educacion.3569","geometry":{"type":"MultiPolygon","coordinates":[[[[-76.52036612,3.47662696],[-76.52041,3.47655592],[-76.52046108,3.47647489],[-76.52047799,3.47644689],[-76.52056119,3.47650085],[-76.520545,3.47652687],[-76.52050327,3.47659286],[-76.52047521,3.47663788],[-76.52044931,3.47667894],[-76.52042518,3.47666392],[-76.5203672,3.47662795],[-76.52036612,3.47662696]]]]},"geometry_name":"the_geom","properties":{"nombre":"LECTORIUM ROSICRUCIAN UM (ESCUELA INTERNACIONAL DE LA ROSA DE ORO)","localizaci":"CL 39 N NO 3B- 190","servicio":"EDUCACION","tipo":"EDUCALTER","nivel":"EDUCACION NO FORMAL","propiedad":"PRIV","escala":"LOCAL","permanenci":"NO","estruc_eco":"NO","url1":null}},{"type":"Feature","id":"eqp_uco_educacion.3570","geometry":{"type":"MultiPolygon","coordinates":[[[[-76.52083078,3.47885298],[-76.52085163,3.47879599],[-76.52086673,3.47875494],[-76.52088762,3.47876195],[-76.52106083,3.47882585],[-76.52102596,3.47892289],[-76.52096978,3.47890294],[-76.52083078,3.47885298]]]]},"geometry_name":"the_geom","properties":{"nombre":"JARDIN INFANTIL LICEO JUAN XXIII","localizaci":"AV 3F NO 40N - 135","servicio":"EDUCACION","tipo":"LICEO","nivel":"EDUCACION PREESCOLAR","propiedad":"PRIV","escala":"LOCAL","permanenci":"NO","estruc_eco":"NO","url1":null}},{"type":"Feature","id":"eqp_uco_educacion.3571","geometry":{"type":"MultiPolygon","coordinates":[[[[-76.52076123,3.47807699],[-76.52077526,3.47805295],[-76.52080224,3.47801198],[-76.52084145,3.47794895],[-76.52098731,3.47804185],[-76.52099129,3.47806282],[-76.52099022,3.47808289],[-76.52098554,3.47809784],[-76.52095032,3.47819686],[-76.52091142,3.47817294],[-76.52076123,3.47807699]]]]},"geometry_name":"the_geom","properties":{"nombre":"JARDIN INFANTIL","localizaci":"AV 3 F N NO 41N- 22","servicio":"EDUCACION","tipo":"JARDININF","nivel":"EDUCACION PREESCOLAR","propiedad":"PRIV","escala":"LOCAL","permanenci":"NO","estruc_eco":"NO","url1":null}},{"type":"Feature","id":"eqp_uco_educacion.3572","geometry":{"type":"MultiPolygon","coordinates":[[[[-76.5213652,3.48107483],[-76.52137993,3.48103279],[-76.52139899,3.48097985],[-76.52146417,3.48100277],[-76.52154987,3.48103269],[-76.52155491,3.48103476],[-76.5215902,3.4810477],[-76.52155497,3.48114277],[-76.52152112,3.48113072],[-76.52151608,3.48112875],[-76.52138716,3.48108283],[-76.5213652,3.48107483]]]]},"geometry_name":"the_geom","properties":{"nombre":"JARDIN INFANTIL MI GRAN MUNDO","localizaci":"AV 4N NO 44N- 38","servicio":"EDUCACION","tipo":"JARDININF","nivel":"EDUCACION PREESCOLAR","propiedad":"PRIV","escala":"LOCAL","permanenci":"NO","estruc_eco":"NO","url1":null}},{"type":"Feature","id":"eqp_uco_educacion.3573","geometry":{"type":"MultiPolygon","coordinates":[[[[-76.51957418,3.48001672],[-76.5196303,3.47992272],[-76.51968137,3.47983566],[-76.51978618,3.4798986],[-76.51976243,3.47993669],[-76.51970416,3.48002772],[-76.51968941,3.48005067],[-76.51967142,3.48007967],[-76.51965126,3.48006672],[-76.51964045,3.4800597],[-76.51959615,3.48003074],[-76.51957418,3.48001672]]]]},"geometry_name":"the_geom","properties":{"nombre":"JARDIN INFANTIL CARCAJADAS","localizaci":"CL 44A N NO 3E-06","servicio":"EDUCACION","tipo":"JARDININF","nivel":"EDUCACION PREESCOLAR","propiedad":"PRIV","escala":"LOCAL","permanenci":"NO","estruc_eco":"NO","url1":null}},{"type":"Feature","id":"eqp_uco_educacion.3574","geometry":{"type":"MultiPolygon","coordinates":[[[[-76.51954667,3.47942457],[-76.51926234,3.47924594],[-76.51931192,3.47914682],[-76.5193511,3.47916823],[-76.51952061,3.47890772],[-76.51954152,3.47887474],[-76.51956925,3.47879881],[-76.51955799,3.47879215],[-76.51958099,3.47875594],[-76.51959848,3.47872856],[-76.51961392,3.4787044],[-76.51963109,3.47867752],[-76.51964469,3.47865623],[-76.5196583,3.47863492],[-76.51967996,3.47860102],[-76.51969085,3.47858397],[-76.51970144,3.47856739],[-76.51971697,3.47854307],[-76.51973105,3.47852103],[-76.51975826,3.47847843],[-76.51979855,3.47850559],[-76.52005501,3.4786785],[-76.52014298,3.47873781],[-76.52023259,3.47879823],[-76.5203336,3.47886634],[-76.52033764,3.47886906],[-76.5203179,3.47892173],[-76.5202788,3.47902607],[-76.52022364,3.47917328],[-76.52020341,3.47916605],[-76.52021443,3.47913641],[-76.52005792,3.4790884],[-76.51977805,3.47951464],[-76.51975214,3.47955066],[-76.51954667,3.47942457]]]]},"geometry_name":"the_geom","properties":{"nombre":"COLEGIO LEONISTICO LA MERCED","localizaci":"CL 44 NO 3DN- 41","servicio":"EDUCACION","tipo":"COLEGIO","nivel":"EDUCACION BASICA-EDUCACION MEDIA VOCACIONAL","propiedad":"PRIV","escala":"ZONAL","permanenci":"NO","estruc_eco":"NO","url1":null}},{"type":"Feature","id":"eqp_uco_educacion.3575","geometry":{"type":"MultiPolygon","coordinates":[[[[-76.52033764,3.47886906],[-76.52039297,3.4787214],[-76.52044412,3.47858492],[-76.52045517,3.47855542],[-76.52074492,3.4786558],[-76.52078567,3.47866992],[-76.5207278,3.47883206],[-76.5206728,3.47898609],[-76.52064471,3.47897711],[-76.52064075,3.47897513],[-76.52033764,3.47886906]]]]},"geometry_name":"the_geom","properties":{"nombre":"LICEO JUAN XXIII","localizaci":"AV 3F NO 42- 45","servicio":"EDUCACION","tipo":"LICEO","nivel":"EDUCACION BASICA-EDUCACION MEDIA VOCACIONAL","propiedad":"PRIV","escala":"ZONAL","permanenci":"SI","estruc_eco":"NO","url1":null}},{"type":"Feature","id":"eqp_uco_educacion.3576","geometry":{"type":"MultiPolygon","coordinates":[[[[-76.51590313,3.47641059],[-76.51591502,3.47643155],[-76.51592908,3.4764545],[-76.51597701,3.4765335],[-76.5158352,3.47662259],[-76.51579921,3.47664466],[-76.5157221,3.47652166],[-76.51590313,3.47641059]]]]},"geometry_name":"the_geom","properties":{"nombre":"ACADEMIA DE BAILE ELISA","localizaci":"CL 44 N NO 2E- 09","servicio":"EDUCACION","tipo":"ESCARTE","nivel":"EDUCACION NO FORMAL","propiedad":"PRIV","escala":"LOCAL","permanenci":"NO","estruc_eco":"NO","url1":null}},{"type":"Feature","id":"eqp_uco_educacion.3577","geometry":{"type":"MultiPolygon","coordinates":[[[[-76.5176827,3.4823594],[-76.51769565,3.48233941],[-76.51776147,3.4822284],[-76.51776939,3.48221435],[-76.51778953,3.48218239],[-76.51783743,3.48221234],[-76.51787741,3.48223734],[-76.51790442,3.48225433],[-76.51781269,3.48240541],[-76.51779469,3.48241136],[-76.51777561,3.48241236],[-76.51776265,3.4824094],[-76.5176827,3.4823594]]]]},"geometry_name":"the_geom","properties":{"nombre":"JARDIN INFANTIL EL BOSQUESITO ENCANTADO","localizaci":"CL 47 B N NO 3E- 101","servicio":"EDUCACION","tipo":"JARDININF","nivel":"EDUCACION PREESCOLAR","propiedad":"PRIV","escala":"LOCAL","permanenci":"NO","estruc_eco":"NO","url1":null}},{"type":"Feature","id":"eqp_uco_educacion.3578","geometry":{"type":"MultiPolygon","coordinates":[[[[-76.51747693,3.48321513],[-76.51747801,3.48321414],[-76.51757082,3.48306207],[-76.5175719,3.48306108],[-76.51757765,3.48305505],[-76.51758485,3.48305207],[-76.51759385,3.48305207],[-76.51768389,3.48310602],[-76.51767382,3.48312196],[-76.51762202,3.48320605],[-76.51760799,3.48322802],[-76.51760188,3.48323802],[-76.51759684,3.48324702],[-76.51758677,3.48326305],[-76.51757778,3.48327808],[-76.51753492,3.4832511],[-76.51750502,3.48323213],[-76.51749998,3.48322907],[-76.51747693,3.48321513]]]]},"geometry_name":"the_geom","properties":{"nombre":"JARDIN INFANTIL DIAS DE PABOLA","localizaci":"CL 47 C NO 3 EN -40","servicio":"EDUCACION","tipo":"JARDININF","nivel":"EDUCACION PREESCOLAR","propiedad":"PRIV","escala":"LOCAL","permanenci":"NO","estruc_eco":"NO","url1":null}},{"type":"Feature","id":"eqp_uco_educacion.3579","geometry":{"type":"MultiPolygon","coordinates":[[[[-76.52524384,3.47457529],[-76.52567621,3.47446088],[-76.52570791,3.47459807],[-76.52527961,3.4747079],[-76.52524384,3.47457529]]]]},"geometry_name":"the_geom","properties":{"nombre":"ESCUELA VENEZOLANO","localizaci":null,"servicio":"EDUCACION","tipo":"ESCUELA","nivel":"EDUCACION BASICA","propiedad":"PUB","escala":"LOCAL","permanenci":"NO","estruc_eco":"NO","url1":null}},{"type":"Feature","id":"eqp_uco_educacion.3580","geometry":{"type":"MultiPolygon","coordinates":[[[[-76.52835791,3.48219395],[-76.52844413,3.48201303],[-76.52847952,3.48203869],[-76.52870115,3.48215952],[-76.52879802,3.48221232],[-76.52882148,3.48222597],[-76.52897103,3.48231296],[-76.52903253,3.48234253],[-76.5290654,3.48235834],[-76.5290875,3.48236326],[-76.52913549,3.48238325],[-76.52913033,3.48246957],[-76.52910839,3.48250153],[-76.52906916,3.48252757],[-76.52904935,3.48252461],[-76.52904215,3.48252155],[-76.52874001,3.48238077],[-76.52871408,3.48236872],[-76.52843714,3.48223891],[-76.52840113,3.48222192],[-76.52837304,3.48220393],[-76.52835791,3.48219395]]]]},"geometry_name":"the_geom","properties":{"nombre":"INSTITUTO  TECNICO DE COMERCIO SANTA CECILIA SEDE RESPUBLICA DE BRASIL","localizaci":"CL 43 N  NO 7N  34","servicio":"EDUCACION","tipo":"INSTTCOM","nivel":"EDUCACION BASICA-EDUCACION MEDIA VOCACIONAL","propiedad":"PUB","escala":"LOCAL","permanenci":"NO","estruc_eco":"NO","url1":null}},{"type":"Feature","id":"eqp_uco_educacion.3581","geometry":{"type":"MultiPolygon","coordinates":[[[[-76.52360657,3.47678822],[-76.52367739,3.47659314],[-76.5239075,3.47667708],[-76.52389563,3.47670904],[-76.52389276,3.47671705],[-76.52387478,3.47676809],[-76.5238525,3.47683012],[-76.52383776,3.47687108],[-76.52381183,3.47686209],[-76.52374269,3.47683711],[-76.52371964,3.47682812],[-76.5236505,3.47680323],[-76.52364546,3.47680224],[-76.52360657,3.47678822]]]]},"geometry_name":"the_geom","properties":{"nombre":"COLEGIO ANDINO","localizaci":"CL 38 N NO 4N  10","servicio":"EDUCACION","tipo":"COLEGIO","nivel":"EDUCACION BASICA-EDUCACION MEDIA VOCACIONAL","propiedad":"PRIV","escala":"ZONAL","permanenci":"NO","estruc_eco":"NO","url1":null}},{"type":"Feature","id":"eqp_uco_educacion.3582","geometry":{"type":"MultiPolygon","coordinates":[[[[-76.52504262,3.47656242],[-76.52506458,3.47657042],[-76.52507359,3.47657338],[-76.5251258,3.47659235],[-76.52514164,3.47659738],[-76.52517369,3.47660933],[-76.5251665,3.47662734],[-76.52516363,3.47663436],[-76.52515464,3.47665939],[-76.52511078,3.47678344],[-76.52509892,3.47681945],[-76.52499881,3.47678548],[-76.52498981,3.47677648],[-76.5249808,3.47676047],[-76.52497863,3.47674247],[-76.52504262,3.47656242]]]]},"geometry_name":"the_geom","properties":{"nombre":"ESCUELA DE IDIOMAS","localizaci":"CL 37A No 4BN","servicio":"EDUCACION","tipo":"CENTIDIOM","nivel":"EDUCACION NO FORMAL","propiedad":"PRIV","escala":"LOCAL","permanenci":"NO","estruc_eco":"NO","url1":null}},{"type":"Feature","id":"eqp_uco_educacion.3583","geometry":{"type":"MultiPolygon","coordinates":[[[[-76.52247049,3.48042308],[-76.52245032,3.48041608],[-76.52235741,3.4803821],[-76.52232933,3.48037213],[-76.52236851,3.48025807],[-76.5223984,3.48026913],[-76.52246537,3.48029402],[-76.52247654,3.48029806],[-76.52248446,3.48030103],[-76.52251039,3.48031002],[-76.52252227,3.48031406],[-76.52259357,3.48034003],[-76.52258854,3.480353],[-76.52257955,3.48037901],[-76.52256948,3.48040503],[-76.52256158,3.48042699],[-76.52255259,3.48045202],[-76.52248345,3.48042704],[-76.52247049,3.48042308]]]]},"geometry_name":"the_geom","properties":{"nombre":"ACADEMIA DE ARTES MARCIALES RENSHUKAN","localizaci":"AV 4 N NO 43N  25","servicio":"EDUCACION","tipo":"ESCDEPOR","nivel":"EDUCACION NO FORMAL","propiedad":"PRIV","escala":"LOCAL","permanenci":"NO","estruc_eco":"NO","url1":null}},{"type":"Feature","id":"eqp_uco_educacion.3584","geometry":{"type":"MultiPolygon","coordinates":[[[[-76.52305671,3.48357252],[-76.52305756,3.48357263],[-76.52317117,3.48361386],[-76.52327977,3.48365309],[-76.52331029,3.48366526],[-76.52325117,3.48381205],[-76.52300306,3.48372463],[-76.52305671,3.48357252]]]]},"geometry_name":"the_geom","properties":{"nombre":"INSTITUTO ALLIANCE LENGUANGE CENTER","localizaci":"AV 5A N NO 46N  10","servicio":"EDUCACION","tipo":"CENTIDIOM","nivel":"EDUCACION NO FORMAL","propiedad":"PRIV","escala":"LOCAL","permanenci":"NO","estruc_eco":"NO","url1":null}},{"type":"Feature","id":"eqp_uco_educacion.3585","geometry":{"type":"MultiPolygon","coordinates":[[[[-76.52062493,3.4869765],[-76.52079568,3.48650135],[-76.52094873,3.48655626],[-76.52097754,3.48656624],[-76.52111474,3.48661621],[-76.52121484,3.48665116],[-76.52126382,3.48666914],[-76.52186987,3.4868868],[-76.52233116,3.48705458],[-76.52217949,3.48752666],[-76.52217517,3.48753863],[-76.5221424,3.48752668],[-76.52161809,3.48733795],[-76.52145497,3.487279],[-76.52124718,3.48719919],[-76.52062493,3.4869765]]]]},"geometry_name":"the_geom","properties":{"nombre":"LICEO FRANCES PAULVALERY","localizaci":"CL 50 N NO 4A N   56","servicio":"EDUCACION","tipo":"LICEO","nivel":"EDUCACION BASICA-EDUCACION MEDIA VOCACIONAL","propiedad":"PRIV","escala":"ZONAL","permanenci":"SI","estruc_eco":"NO","url1":null}},{"type":"Feature","id":"eqp_uco_educacion.3586","geometry":{"type":"MultiPolygon","coordinates":[[[[-76.52342081,3.48867699],[-76.52343852,3.48863271],[-76.52351386,3.48842595],[-76.52360774,3.48846023],[-76.52351679,3.48871121],[-76.52342081,3.48867699]]]]},"geometry_name":"the_geom","properties":{"nombre":"JARDIN INFANTIL","localizaci":"CL 52 NO 5B N  81","servicio":"EDUCACION","tipo":"JARDININF","nivel":"EDUCACION PREESCOLAR","propiedad":"PRIV","escala":"LOCAL","permanenci":"NO","estruc_eco":"NO","url1":null}},{"type":"Feature","id":"eqp_uco_educacion.3587","geometry":{"type":"MultiPolygon","coordinates":[[[[-76.5238187,3.47692509],[-76.52382482,3.47690808],[-76.52383776,3.47687108],[-76.5238525,3.47683012],[-76.52387478,3.47676809],[-76.52389276,3.47671705],[-76.52389563,3.47670904],[-76.5239075,3.47667708],[-76.52400869,3.47671402],[-76.52399754,3.47674598],[-76.52399467,3.47675399],[-76.52396052,3.47684806],[-76.52395477,3.47686607],[-76.52395369,3.47686805],[-76.52391989,3.47696203],[-76.52387776,3.47694711],[-76.52385688,3.47693911],[-76.5238187,3.47692509]]]]},"geometry_name":"the_geom","properties":{"nombre":"JARDIN INFANTIL ANDINO","localizaci":"CL 38 N NO 4 N  13","servicio":"EDUCACION","tipo":"JARDININF","nivel":"EDUCACION PREESCOLAR","propiedad":"PRIV","escala":"LOCAL","permanenci":"NO","estruc_eco":"NO","url1":null}},{"type":"Feature","id":"eqp_uco_educacion.3588","geometry":{"type":"MultiPolygon","coordinates":[[[[-76.52309395,3.48087673],[-76.52310761,3.48083874],[-76.52315758,3.48069866],[-76.52318058,3.48063466],[-76.52318382,3.48062665],[-76.52320183,3.48063366],[-76.52322667,3.48064264],[-76.5232508,3.48065163],[-76.52328357,3.48066367],[-76.52327063,3.48069968],[-76.52325157,3.48075163],[-76.5232469,3.48076666],[-76.52322174,3.48083571],[-76.52320772,3.48087568],[-76.52319478,3.48091268],[-76.52309395,3.48087673]]]]},"geometry_name":"the_geom","properties":{"nombre":"ENGLISH WORD","localizaci":"CL 44 N NO 4N  101","servicio":"EDUCACION","tipo":"CENTIDIOM","nivel":"EDUCACION NO FORMAL","propiedad":"PRIV","escala":"LOCAL","permanenci":"NO","estruc_eco":"NO","url1":null}},{"type":"Feature","id":"eqp_uco_educacion.3589","geometry":{"type":"MultiPolygon","coordinates":[[[[-76.52687608,3.49068524],[-76.52685185,3.49030963],[-76.52732531,3.4903579],[-76.5274977,3.49034941],[-76.52745919,3.49061799],[-76.5274331,3.49061439],[-76.52740814,3.49084101],[-76.52687608,3.49068524]]]]},"geometry_name":"the_geom","properties":{"nombre":"LICEO LOS ALPES","localizaci":"AV 8 N NO 66  05","servicio":"EDUCACION","tipo":"LICEO","nivel":"EDUCACION BASICA-EDUCACION MEDIA VOCACIONAL","propiedad":"PRIV","escala":"LOCAL","permanenci":"NO","estruc_eco":"NO","url1":null}},{"type":"Feature","id":"eqp_uco_educacion.3590","geometry":{"type":"MultiPolygon","coordinates":[[[[-76.5262273,3.49154252],[-76.52628413,3.49143151],[-76.52625093,3.49130246],[-76.52627791,3.4912525],[-76.52647069,3.49089534],[-76.52683806,3.4911422],[-76.5268431,3.4911422],[-76.5268484,3.49161418],[-76.52637028,3.49161742],[-76.5262273,3.49154252]]]]},"geometry_name":"the_geom","properties":{"nombre":"JARDIN INFANTIL TIA NORA","localizaci":"AV 8 N CON CL 67 N","servicio":"EDUCACION","tipo":"JARDININF","nivel":"EDUCACION PREESCOLAR","propiedad":"PRIV","escala":"LOCAL","permanenci":"NO","estruc_eco":"NO","url1":null}},{"type":"Feature","id":"eqp_uco_educacion.3591","geometry":{"type":"MultiPolygon","coordinates":[[[[-76.52610874,3.48496119],[-76.52633268,3.48496106],[-76.52632879,3.48509211],[-76.52625678,3.48509116],[-76.52611097,3.48509421],[-76.52610874,3.48496119]]]]},"geometry_name":"the_geom","properties":{"nombre":"COCINARTE ESCUELA DE GASTRONOMIA","localizaci":"AV 6 N NO 47 N  53","servicio":"EDUCACION","tipo":"EDUCALTER","nivel":"EDUCACION NO FORMAL","propiedad":"PRIV","escala":"LOCAL","permanenci":"NO","estruc_eco":"NO","url1":null}},{"type":"Feature","id":"eqp_uco_educacion.3592","geometry":{"type":"MultiPolygon","coordinates":[[[[-76.52899701,3.48564783],[-76.52919894,3.48555268],[-76.52924111,3.48563663],[-76.5290363,3.48572774],[-76.52899701,3.48564783]]]]},"geometry_name":"the_geom","properties":{"nombre":"JARDIN INFANTIL LOS MARINERITOS","localizaci":"AV 8 N ENTRE CL 49 Y CL 50 N","servicio":"EDUCACION","tipo":"JARDININF","nivel":"EDUCACION PREESCOLAR","propiedad":"PRIV","escala":"LOCAL","permanenci":"NO","estruc_eco":"NO","url1":null}},{"type":"Feature","id":"eqp_uco_educacion.3593","geometry":{"type":"MultiPolygon","coordinates":[[[[-76.52648687,3.48211471],[-76.52649772,3.48216317],[-76.52643977,3.48231655],[-76.52642758,3.48234883],[-76.52621321,3.48228068],[-76.52616734,3.4822661],[-76.52612998,3.48241405],[-76.52611955,3.48245537],[-76.52617338,3.48247181],[-76.52613995,3.48259604],[-76.52605161,3.4825577],[-76.52576991,3.48247233],[-76.52576999,3.48247223],[-76.52607382,3.48194179],[-76.52610258,3.48193491],[-76.52648109,3.48210996],[-76.52647923,3.48211113],[-76.52648687,3.48211471]]]]},"geometry_name":"the_geom","properties":{"nombre":"COLEGIO LOS ANGELES DEL NORTE","localizaci":"CL 44 N NO 6B N  22","servicio":"EDUCACION","tipo":"COLEGIO","nivel":"EDUCACION BASICA-EDUCACION MEDIA VOCACIONAL","propiedad":"PRIV","escala":"ZONAL","permanenci":"SI","estruc_eco":"NO","url1":null}},{"type":"Feature","id":"eqp_uco_educacion.3594","geometry":{"type":"MultiPolygon","coordinates":[[[[-76.52618682,3.48743537],[-76.52640776,3.48743531],[-76.52640487,3.48755715],[-76.52618245,3.48755276],[-76.52618682,3.48743537]]]]},"geometry_name":"the_geom","properties":{"nombre":"GUARDERIA SEMILLAS DE PAZ","localizaci":"AV 6 N NO 47  197","servicio":"EDUCACION","tipo":"GUARDE","nivel":"EDUCACION PREESCOLAR","propiedad":"PRIV","escala":"LOCAL","permanenci":"NO","estruc_eco":"NO","url1":null}},{"type":"Feature","id":"eqp_uco_educacion.3595","geometry":{"type":"MultiPolygon","coordinates":[[[[-76.48884727,3.4899422],[-76.4887243,3.49001152],[-76.48869646,3.48995818],[-76.48868922,3.48994369],[-76.48881891,3.4898887],[-76.48884727,3.4899422]]]]},"geometry_name":"the_geom","properties":{"nombre":"COLEGIO VICTORIA DEL SABER","localizaci":"CL 72D NO 1A 2  90","servicio":"EDUCACION","tipo":"COLEGIO","nivel":"EDUCACION PREESCOLAR-EDUCACION BASICA","propiedad":"PRIV","escala":"LOCAL","permanenci":"NO","estruc_eco":"NO","url1":null}},{"type":"Feature","id":"eqp_uco_educacion.3596","geometry":{"type":"MultiPolygon","coordinates":[[[[-76.48927326,3.48411264],[-76.48954184,3.48396667],[-76.48961235,3.48410103],[-76.48961247,3.48410126],[-76.48966809,3.48420726],[-76.48940948,3.48434856],[-76.48940048,3.48434658],[-76.4893893,3.48432157],[-76.48937849,3.48429853],[-76.4893684,3.48427559],[-76.48934425,3.48423456],[-76.48931939,3.48419164],[-76.48930821,3.48417256],[-76.48929524,3.4841516],[-76.48927326,3.48411264]]]]},"geometry_name":"the_geom","properties":{"nombre":"INSTITUTO TECNICO REAL HOLANDES","localizaci":"KR 1A 5 5 NO 70  50","servicio":"EDUCACION","tipo":"INSTTINDU","nivel":"EDUCACION BASICA-EDUCACION MEDIA VOCACIONAL","propiedad":"PRIV","escala":"LOCAL","permanenci":"NO","estruc_eco":"NO","url1":null}},{"type":"Feature","id":"eqp_uco_educacion.3597","geometry":{"type":"MultiPolygon","coordinates":[[[[-76.4812004,3.47600321],[-76.48140943,3.47593533],[-76.48135061,3.47574905],[-76.48151391,3.47569936],[-76.4816863,3.47625325],[-76.48131337,3.47637244],[-76.4812004,3.47600321]]]]},"geometry_name":"the_geom","properties":{"nombre":"ESCUELA PEDRO ANTONIO MOLINA","localizaci":"KR 1J CL 76 00","servicio":"EDUCACION","tipo":"ESCUELA","nivel":"EDUCACION BASICA-EDUCACION MEDIA VOCACIONAL","propiedad":"PUB","escala":"ZONAL","permanenci":"NO","estruc_eco":"NO","url1":null}},{"type":"Feature","id":"eqp_uco_educacion.3598","geometry":{"type":"MultiPolygon","coordinates":[[[[-76.48124207,3.47766461],[-76.48119419,3.47767966],[-76.48117796,3.47762765],[-76.48117399,3.4776146],[-76.4811538,3.47754963],[-76.48120311,3.47753259],[-76.48122511,3.47760764],[-76.48122584,3.47760962],[-76.48122692,3.47761259],[-76.48124207,3.47766461]]]]},"geometry_name":"the_geom","properties":{"nombre":"GUARDERIA BIENESTAR  BCRL","localizaci":"KR 1E NO 75  65","servicio":"EDUCACION","tipo":"GUARDE","nivel":"EDUCACION PREESCOLAR","propiedad":"PUB","escala":"LOCAL","permanenci":"NO","estruc_eco":"NO","url1":null}},{"type":"Feature","id":"eqp_uco_educacion.3599","geometry":{"type":"MultiPolygon","coordinates":[[[[-76.48167615,3.47810441],[-76.48168623,3.47810035],[-76.4817323,3.47808638],[-76.48174637,3.47813137],[-76.48171379,3.47814019],[-76.48162474,3.47816488],[-76.48161746,3.4781669],[-76.48161638,3.47816347],[-76.48161239,3.47815076],[-76.48160492,3.47812697],[-76.48167615,3.47810441]]]]},"geometry_name":"the_geom","properties":{"nombre":"LICEO RAFAEL GARCIA HERREROS","localizaci":"CL 76A NO 1D  28","servicio":"EDUCACION","tipo":"LICEO","nivel":"EDUCACION PREESCOLAR-EDUCACION BASICA-EDUCACION MEDIA VOCACIONAL","propiedad":"PRIV","escala":"LOCAL","permanenci":"NO","estruc_eco":"NO","url1":null}},{"type":"Feature","id":"eqp_uco_educacion.3600","geometry":{"type":"MultiPolygon","coordinates":[[[[-76.48492067,3.48584216],[-76.48494088,3.48592909],[-76.484857,3.48595218],[-76.48483391,3.48586615],[-76.48492067,3.48584216]]]]},"geometry_name":"the_geom","properties":{"nombre":"FUNDACION LICEO SUPERIOR DEL VALLE","localizaci":"KR 1A 5E NO 73A  05","servicio":"EDUCACION","tipo":"LICEO","nivel":"EDUCACION BASICA-EDUCACION MEDIA VOCACIONAL","propiedad":"PRIV","escala":"LOCAL","permanenci":"NO","estruc_eco":"NO","url1":null}},{"type":"Feature","id":"eqp_uco_educacion.3601","geometry":{"type":"MultiPolygon","coordinates":[[[[-76.48786818,3.48891566],[-76.48817297,3.48874562],[-76.48832844,3.48902031],[-76.48801215,3.48918756],[-76.48790175,3.48897906],[-76.48786818,3.48891566]]]]},"geometry_name":"the_geom","properties":{"nombre":"COLEGIO HOGAR INFANTIL SAN LUIS","localizaci":"KR 1 A 3 CL 73 00","servicio":"EDUCACION","tipo":"COLEGIO","nivel":"EDUCACION PREESCOLAR-EDUCACION BASICA","propiedad":"PUB","escala":"ZONAL","permanenci":"NO","estruc_eco":"NO","url1":null}},{"type":"Feature","id":"eqp_uco_educacion.3602","geometry":{"type":"MultiPolygon","coordinates":[[[[-76.49029415,3.48909841],[-76.49042696,3.48901931],[-76.49046912,3.48909228],[-76.49045905,3.48909832],[-76.49038526,3.48913832],[-76.49038202,3.4891403],[-76.49037122,3.48914634],[-76.49036331,3.48915138],[-76.49033307,3.48916733],[-76.49030496,3.4891164],[-76.49029415,3.48909841]]]]},"geometry_name":"the_geom","properties":{"nombre":"ODISEA DEL SABER","localizaci":"KR 1A2 CL 71","servicio":"EDUCACION","tipo":"COLEGIO","nivel":"EDUCACION BASICA","propiedad":"PRIV","escala":"LOCAL","permanenci":"NO","estruc_eco":"NO","url1":null}},{"type":"Feature","id":"eqp_uco_educacion.3603","geometry":{"type":"MultiPolygon","coordinates":[[[[-76.48739664,3.48942758],[-76.48734444,3.48944462],[-76.48730244,3.48931502],[-76.48735284,3.48929693],[-76.48739664,3.48942758]]]]},"geometry_name":"the_geom","properties":{"nombre":"COLEGIO LICEO LUZ Y ESPERANZA","localizaci":"KR 1A 2C NO  73  13","servicio":"EDUCACION","tipo":"COLEGIO","nivel":"EDUCACION PREESCOLAR","propiedad":"PRIV","escala":"LOCAL","permanenci":"NO","estruc_eco":"NO","url1":null}},{"type":"Feature","id":"eqp_uco_educacion.3604","geometry":{"type":"MultiPolygon","coordinates":[[[[-76.48559662,3.47622707],[-76.48554252,3.47605114],[-76.4855886,3.47603707],[-76.4856427,3.4762131],[-76.48559662,3.47622707]]]]},"geometry_name":"the_geom","properties":{"nombre":"LICEO SAN JOSE","localizaci":"KR 1F NO 71A  25","servicio":"EDUCACION","tipo":"LICEO","nivel":"EDUCACION PREESCOLAR BASICA","propiedad":"PRIV","escala":"LOCAL","permanenci":"NO","estruc_eco":"NO","url1":null}},{"type":"Feature","id":"eqp_uco_educacion.3605","geometry":{"type":"MultiPolygon","coordinates":[[[[-76.48548921,3.4793174],[-76.48542946,3.47933642],[-76.48537536,3.47916445],[-76.48543511,3.47914543],[-76.48548921,3.4793174]]]]},"geometry_name":"the_geom","properties":{"nombre":"ESCUELA INFANTIL SAN JOSE","localizaci":"KR 1B3 NO 72  49","servicio":"EDUCACION","tipo":"ESCUELA","nivel":"EDUCACION PREESCOLAR","propiedad":"PRIV","escala":"LOCAL","permanenci":"NO","estruc_eco":"NO","url1":null}},{"type":"Feature","id":"eqp_uco_educacion.3606","geometry":{"type":"MultiPolygon","coordinates":[[[[-76.48215933,3.48145336],[-76.48215609,3.48144535],[-76.48214707,3.48141538],[-76.4821413,3.48139738],[-76.48217514,3.4813863],[-76.48228421,3.48135131],[-76.48230116,3.48140927],[-76.48230333,3.48141431],[-76.48216222,3.48146335],[-76.48215933,3.48145336]]]]},"geometry_name":"the_geom","properties":{"nombre":"JARDIN INFANTIL HERMANAS FRANCISCANAS MISIONERAS DE JESUS","localizaci":"CL 77 NO 1B  03","servicio":"EDUCACION","tipo":"JARDININF","nivel":"EDUCACION PREESCOLAR","propiedad":"PRIV","escala":"LOCAL","permanenci":"NO","estruc_eco":"NO","url1":null}},{"type":"Feature","id":"eqp_uco_educacion.3607","geometry":{"type":"MultiPolygon","coordinates":[[[[-76.48213806,3.4813874],[-76.48213409,3.48137534],[-76.48212507,3.48134735],[-76.48226906,3.48130326],[-76.48228421,3.48135131],[-76.48217514,3.4813863],[-76.4821413,3.48139738],[-76.48213806,3.4813874]]]]},"geometry_name":"the_geom","properties":{"nombre":"COLEGIO JARDIN DE JESUS","localizaci":"CL 77 NO 1B  09","servicio":"EDUCACION","tipo":"COLEGIO","nivel":"EDUCACION BASICA","propiedad":"PRIV","escala":"LOCAL","permanenci":"NO","estruc_eco":"NO","url1":null}},{"type":"Feature","id":"eqp_uco_educacion.3608","geometry":{"type":"MultiPolygon","coordinates":[[[[-76.48360163,3.47282594],[-76.48354861,3.47264902],[-76.48360836,3.47263098],[-76.48366246,3.47280691],[-76.48360163,3.47282594]]]]},"geometry_name":"the_geom","properties":{"nombre":"JARDIN HOGAR BAMBI","localizaci":"KR 2C NO 72  29","servicio":"EDUCACION","tipo":"JARDININF","nivel":"EDUCACION PREESCOLAR","propiedad":"PRIV","escala":"LOCAL","permanenci":"NO","estruc_eco":"NO","url1":null}},{"type":"Feature","id":"eqp_uco_educacion.3609","geometry":{"type":"MultiPolygon","coordinates":[[[[-76.48471705,3.47157028],[-76.4847001,3.47151026],[-76.48485813,3.47146517],[-76.48487508,3.47152222],[-76.48471705,3.47157028]]]]},"geometry_name":"the_geom","properties":{"nombre":"LICEO LIPTY DE CALI","localizaci":"CL 71  NO 2D  25","servicio":"EDUCACION","tipo":"LICEO","nivel":"EDUCACION BASICA-EDUCACION MEDIA VOCACIONAL","propiedad":"PRIV","escala":"LOCAL","permanenci":"NO","estruc_eco":"NO","url1":null}},{"type":"Feature","id":"eqp_uco_educacion.3610","geometry":{"type":"MultiPolygon","coordinates":[[[[-76.48459725,3.47175425],[-76.48475998,3.47172831],[-76.48493026,3.47170221],[-76.48505145,3.4720951],[-76.48467347,3.47220638],[-76.48466447,3.47220836],[-76.48463748,3.4722154],[-76.48431746,3.47231953],[-76.48416706,3.47182656],[-76.48433914,3.47179848],[-76.4845051,3.47177138],[-76.48453516,3.47176604],[-76.48459725,3.47175425]]]]},"geometry_name":"the_geom","properties":{"nombre":"CENTRO DOCENTE JORGE ELIECER GAITAN","localizaci":"CL 71A  NO 2C  71","servicio":"EDUCACION","tipo":"CENTDOC","nivel":"EDUCACION BASICA-EDUCACION MEDIA VOCACIONAL","propiedad":"PUB","escala":"ZONAL","permanenci":"NO","estruc_eco":"NO","url1":null}},{"type":"Feature","id":"eqp_uco_educacion.3611","geometry":{"type":"MultiPolygon","coordinates":[[[[-76.48390617,3.47190573],[-76.48373518,3.47195983],[-76.48371642,3.47189989],[-76.48388741,3.4718458],[-76.48390617,3.47190573]]]]},"geometry_name":"the_geom","properties":{"nombre":"JARDIN ALPHA","localizaci":"CL 72 NO 2D  12","servicio":"EDUCACION","tipo":"JARDININF","nivel":"EDUCACION PREESCOLAR","propiedad":"PRIV","escala":"LOCAL","permanenci":"NO","estruc_eco":"NO","url1":null}},{"type":"Feature","id":"eqp_uco_educacion.3612","geometry":{"type":"MultiPolygon","coordinates":[[[[-76.48455676,3.47674176],[-76.48449593,3.47676078],[-76.48444291,3.47658881],[-76.48450267,3.47656969],[-76.48455676,3.47674176]]]]},"geometry_name":"the_geom","properties":{"nombre":"COLEGIO SANTIAGO DE COMPOS","localizaci":"KR 1E NO 72 66","servicio":"EDUCACION","tipo":"COLEGIO","nivel":"EDUCACION PREESCOLAR-EDUCACION BASICA","propiedad":"PRIV","escala":"LOCAL","permanenci":"NO","estruc_eco":"NO","url1":null}},{"type":"Feature","id":"eqp_uco_educacion.3613","geometry":{"type":"MultiPolygon","coordinates":[[[[-76.48485309,3.47876169],[-76.484678,3.47881789],[-76.48465904,3.47875844],[-76.48465103,3.47873332],[-76.48482676,3.47867674],[-76.48485309,3.47876169]]]]},"geometry_name":"the_geom","properties":{"nombre":"COLEGIO MIXTO SANTO DOMINGO SABIO","localizaci":"KR 1C NO 72 106","servicio":"EDUCACION","tipo":"COLEGIO","nivel":"EDUCACION PREESCOLAR  BASICA MEDIA","propiedad":"PRIV","escala":"LOCAL","permanenci":"NO","estruc_eco":"NO","url1":null}},{"type":"Feature","id":"eqp_uco_educacion.3614","geometry":{"type":"MultiPolygon","coordinates":[[[[-76.48448417,3.47566469],[-76.48454537,3.47564666],[-76.48459947,3.47582061],[-76.48453719,3.47583766],[-76.48447743,3.47585569],[-76.48441732,3.47587472],[-76.48436538,3.47570274],[-76.48442118,3.47568471],[-76.48442442,3.47568372],[-76.48448417,3.47566469]]],[[[-76.48424721,3.47554881],[-76.48425117,3.47554682],[-76.48430743,3.47572078],[-76.48424443,3.4757398],[-76.48429745,3.47591177],[-76.48423733,3.4759308],[-76.48418431,3.47575982],[-76.48413129,3.47558487],[-76.48419105,3.47556585],[-76.48424721,3.47554881]]],[[[-76.48455739,3.47590767],[-76.48461751,3.47588865],[-76.48467052,3.47606062],[-76.48461149,3.47607865],[-76.48455739,3.47590767]]],[[[-76.4843774,3.47596375],[-76.48443932,3.47594473],[-76.48449234,3.47611571],[-76.48443042,3.47613474],[-76.4843774,3.47596375]]]]},"geometry_name":"the_geom","properties":{"nombre":"COLEGIO CESAR CONTO","localizaci":"KR 1G NO 72  50","servicio":"EDUCACION","tipo":"COLEGIO","nivel":"EDUCACION BASICA-EDUCACION MEDIA VOCACIONL-EDUCACION NO FORMAL","propiedad":"PRIV","escala":"LOCAL","permanenci":"NO","estruc_eco":"NO","url1":null}},{"type":"Feature","id":"eqp_uco_educacion.3615","geometry":{"type":"MultiPolygon","coordinates":[[[[-76.48399842,3.47952118],[-76.48387927,3.47955725],[-76.48385438,3.47946527],[-76.48397029,3.47942921],[-76.48399842,3.47952118]]]]},"geometry_name":"the_geom","properties":{"nombre":"LICEO INFANTIL EL DIVINO NIÑO","localizaci":"KR 1B3 NO 73  36","servicio":"EDUCACION","tipo":"LICEO","nivel":"EDUCACION PREESCOLAR-EDUCACION BASICA","propiedad":"PRIV","escala":"LOCAL","permanenci":"NO","estruc_eco":"NO","url1":null}},{"type":"Feature","id":"eqp_uco_educacion.3616","geometry":{"type":"MultiPolygon","coordinates":[[[[-76.48650219,3.48085513],[-76.48647983,3.48078037],[-76.48646481,3.48073015],[-76.4864581,3.48070692],[-76.48652721,3.48068591],[-76.48658023,3.48085788],[-76.48650932,3.48087988],[-76.48650219,3.48085513]]]]},"geometry_name":"the_geom","properties":{"nombre":"LICEO SANTA CLARA CB","localizaci":"KR 1 A 14 NO 71  107","servicio":"EDUCACION","tipo":"LICEO","nivel":"EDUCACION PREESCOLAR-EDUCACION BASICA","propiedad":"PRIV","escala":"LOCAL","permanenci":"NO","estruc_eco":"NO","url1":null}},{"type":"Feature","id":"eqp_uco_educacion.3617","geometry":{"type":"MultiPolygon","coordinates":[[[[-76.48608106,3.48056114],[-76.48602985,3.48039015],[-76.4860878,3.48037212],[-76.48613902,3.4805431],[-76.48608106,3.48056114]]]]},"geometry_name":"the_geom","properties":{"nombre":"LICEO SANTA CLARA","localizaci":"KR 1B NO 72  23","servicio":"EDUCACION","tipo":"LICEO","nivel":"EDUCACION BASICA-EDUCACION MEDIA VOCACIONAL","propiedad":"PRIV","escala":"LOCAL","permanenci":"NO","estruc_eco":"NO","url1":null}},{"type":"Feature","id":"eqp_uco_educacion.3679","geometry":{"type":"MultiPolygon","coordinates":[[[[-76.50420964,3.43955986],[-76.50419955,3.43953485],[-76.50420963,3.43953079],[-76.50425642,3.43951483],[-76.50433359,3.43972873],[-76.50429183,3.43974379],[-76.50428175,3.43974775],[-76.50420964,3.43955986]]]]},"geometry_name":"the_geom","properties":{"nombre":"ESCUELA DE AUTOMOVILISMO LOS BALCANES","localizaci":"KR 23 NO 39 93","servicio":"EDUCACION","tipo":"ESCCONDUCC","nivel":"EDUCACION NO FORMAL","propiedad":"PRIV","escala":"LOCAL","permanenci":"NO","estruc_eco":"NO","url1":null}},{"type":"Feature","id":"eqp_uco_educacion.3618","geometry":{"type":"MultiPolygon","coordinates":[[[[-76.48457141,3.48084657],[-76.48474282,3.48079298],[-76.4847691,3.48087558],[-76.48459774,3.4809245],[-76.48461866,3.48099055],[-76.48462875,3.48102151],[-76.48456648,3.48104152],[-76.48450852,3.48106055],[-76.48449879,3.48103058],[-76.48447473,3.48095791],[-76.48445046,3.48088462],[-76.4845077,3.48086658],[-76.48457141,3.48084657]]]]},"geometry_name":"the_geom","properties":{"nombre":"COLEGIO COMERCIAL  SANTA JUANA DE ARCO","localizaci":"CL 73 NO 1A 14  33","servicio":"EDUCACION","tipo":"COLEGIO","nivel":"EDUCACION BASICA-EDUCACION MEDIA VOCACIONAL","propiedad":"PRIV","escala":"LOCAL","permanenci":"NO","estruc_eco":"NO","url1":null}},{"type":"Feature","id":"eqp_uco_educacion.3619","geometry":{"type":"MultiPolygon","coordinates":[[[[-76.47998818,3.48004761],[-76.48004197,3.48002942],[-76.47993026,3.47966554],[-76.48047134,3.47949557],[-76.48047638,3.47949755],[-76.48048143,3.47950061],[-76.48048431,3.47950556],[-76.48065346,3.48004649],[-76.48050551,3.48009157],[-76.48050767,3.48010156],[-76.48012179,3.48022778],[-76.47998818,3.48004761]]]]},"geometry_name":"the_geom","properties":{"nombre":"CENTRO DOCENTE PARROQUIAL SAN MARCOS","localizaci":"CL 84 KR 1C 3","servicio":"EDUCACION","tipo":"CENTDOC","nivel":"EDUCACION BASICA-EDUCACION MEDIA VOCACIONAL","propiedad":"PUB","escala":"ZONAL","permanenci":"NO","estruc_eco":"NO","url1":null}},{"type":"Feature","id":"eqp_uco_educacion.3620","geometry":{"type":"MultiPolygon","coordinates":[[[[-76.48746898,3.48857738],[-76.48774353,3.48841705],[-76.48792353,3.48830494],[-76.48817297,3.48874562],[-76.48786818,3.48891566],[-76.48762219,3.48902959],[-76.48746898,3.48857738]]]]},"geometry_name":"the_geom","properties":{"nombre":"CENTRO DOCENTE LOS VENCEDORES","localizaci":"CL 73 KR 1 A 4","servicio":"EDUCACION","tipo":"CENTDOC","nivel":"EDUCACION BASICA-EDUCACION MEDIA VOCACIONAL","propiedad":"PUB","escala":"ZONAL","permanenci":"NO","estruc_eco":"NO","url1":null}},{"type":"Feature","id":"eqp_uco_educacion.3621","geometry":{"type":"MultiPolygon","coordinates":[[[[-76.47955093,3.45981507],[-76.47955957,3.45987347],[-76.47958461,3.4600503],[-76.47959034,3.46006701],[-76.47921575,3.46011775],[-76.47921132,3.46010302],[-76.47920015,3.4600168],[-76.47919656,3.45998906],[-76.47918895,3.45993036],[-76.47918102,3.45986918],[-76.47917369,3.4598096],[-76.47954319,3.45975976],[-76.47955093,3.45981507]]]]},"geometry_name":"the_geom","properties":{"nombre":"COLEGIO SAN CAYETANO","localizaci":"KR 7G BIS NO 79 21","servicio":"EDUCACION","tipo":"COLEGIO","nivel":"EDUCACION PREESCOLAR_BASICA_MEDIA VOCACIONAL","propiedad":"PUB","escala":"LOCAL","permanenci":"NO","estruc_eco":"NO","url1":null}},{"type":"Feature","id":"eqp_uco_educacion.3622","geometry":{"type":"MultiPolygon","coordinates":[[[[-76.48616222,3.47844741],[-76.48640817,3.47921404],[-76.48638636,3.47922087],[-76.48606131,3.47932708],[-76.48604331,3.47933105],[-76.48603647,3.47932511],[-76.48603142,3.47932106],[-76.48598021,3.47915008],[-76.4859113,3.47888613],[-76.48591706,3.47888316],[-76.48586006,3.47868616],[-76.48584383,3.47863514],[-76.48582183,3.47855217],[-76.48605689,3.47848003],[-76.48616222,3.47844741]]]]},"geometry_name":"the_geom","properties":{"nombre":"ESCUELA PEDRO ANTONIO MOLINA","localizaci":"CL72 NO 1C  00","servicio":"EDUCACION","tipo":"ESCUELA","nivel":"EDUCACION BASICA-EDUCACION MEDIA VOCACIONAL","propiedad":"PUB","escala":"ZONAL","permanenci":"NO","estruc_eco":"NO","url1":null}},{"type":"Feature","id":"eqp_uco_educacion.3623","geometry":{"type":"MultiPolygon","coordinates":[[[[-76.48961173,3.48635533],[-76.48949744,3.48641807],[-76.48945116,3.48633413],[-76.48956694,3.48627173],[-76.48961173,3.48635533]]]]},"geometry_name":"the_geom","properties":{"nombre":"JARDIN INFANTIL HORMIGUITAS","localizaci":"KR 71 BLOQUE 90","servicio":"EDUCACION","tipo":"JARDININF","nivel":"EDUCACION PREESCOLAR","propiedad":"PRIV","escala":"LOCAL","permanenci":"NO","estruc_eco":"NO","url1":null}},{"type":"Feature","id":"eqp_uco_educacion.3624","geometry":{"type":"MultiPolygon","coordinates":[[[[-76.4897042,3.48591127],[-76.4897613,3.4860163],[-76.48967983,3.48606102],[-76.48962273,3.48595599],[-76.4897042,3.48591127]]]]},"geometry_name":"the_geom","properties":{"nombre":"LICEO INFANTIL FLOR NACIENTE","localizaci":"CL 70C NO 1A 5  00","servicio":"EDUCACION","tipo":"LICEO","nivel":"EDUCACION PREESCOLAR","propiedad":"PRIV","escala":"LOCAL","permanenci":"NO","estruc_eco":"NO","url1":null}},{"type":"Feature","id":"eqp_uco_educacion.3625","geometry":{"type":"MultiPolygon","coordinates":[[[[-76.49156985,3.48739084],[-76.49178994,3.48726237],[-76.49179078,3.48726385],[-76.49197557,3.48758702],[-76.49174774,3.48772027],[-76.49156985,3.48739084]]]]},"geometry_name":"the_geom","properties":{"nombre":"INSTITUTO TECNICO NOCTURNO ESTANISLAO ZULETA","localizaci":"CL 70 NO 1A 3  00","servicio":"EDUCACION","tipo":"INSTTCOM","nivel":"EDUCACION BASICA-EDUCACION MEDIA VOCACIONAL","propiedad":"PUB","escala":"LOCAL","permanenci":"NO","estruc_eco":"NO","url1":null}},{"type":"Feature","id":"eqp_uco_educacion.3626","geometry":{"type":"MultiPolygon","coordinates":[[[[-76.4914301,3.48789883],[-76.49135756,3.4877652],[-76.491255,3.48757183],[-76.49156985,3.48739084],[-76.49174774,3.48772027],[-76.4914301,3.48789883]]]]},"geometry_name":"the_geom","properties":{"nombre":"CENTRO DOCENTE NO 71 ATANASIO GIRARDOT","localizaci":"CL 70C NO 1A 3  00","servicio":"EDUCACION","tipo":"CENTDOC","nivel":"EDUCACION PREESCOLAR-EDUCACION BASICA","propiedad":"PUB","escala":"LOCAL","permanenci":"NO","estruc_eco":"NO","url1":null}},{"type":"Feature","id":"eqp_uco_educacion.3627","geometry":{"type":"MultiPolygon","coordinates":[[[[-76.49100933,3.48721067],[-76.49090481,3.48726804],[-76.4908603,3.48718618],[-76.49096482,3.4871288],[-76.49100933,3.48721067]]]]},"geometry_name":"the_geom","properties":{"nombre":"LICEO INFANTIL LAS MARGARITAS","localizaci":"KR 1A 3 NO 70C  00","servicio":"EDUCACION","tipo":"LICEO","nivel":"EDUCACION  PREESCOLAR-EDUCACION BASICA","propiedad":"PRIV","escala":"LOCAL","permanenci":"NO","estruc_eco":"NO","url1":null}},{"type":"Feature","id":"eqp_uco_educacion.3628","geometry":{"type":"MultiPolygon","coordinates":[[[[-76.47828179,3.47301368],[-76.47842708,3.4729672],[-76.47845443,3.47305354],[-76.47830915,3.47310002],[-76.47828179,3.47301368]]]]},"geometry_name":"the_geom","properties":{"nombre":"COLEGIO EDUCATIVO CESAR CONTO","localizaci":"KR 2B NO 75   64","servicio":"EDUCACION","tipo":"COLEGIO","nivel":"EDUCACION BASICA-EDUCACION MEDIA VOCACIONAL","propiedad":"PRIV","escala":"LOCAL","permanenci":"NO","estruc_eco":"NO","url1":null}},{"type":"Feature","id":"eqp_uco_educacion.3629","geometry":{"type":"MultiPolygon","coordinates":[[[[-76.48555491,3.47082468],[-76.48542652,3.47086661],[-76.48540426,3.4707978],[-76.48553266,3.47075587],[-76.48555491,3.47082468]]]]},"geometry_name":"the_geom","properties":{"nombre":"CENTRO DOCENTE SANTA INES","localizaci":"CL 70 2E  35","servicio":"EDUCACION","tipo":"CENTDOC","nivel":"EDUCACION BASICA","propiedad":"PRIV","escala":"LOCAL","permanenci":"NO","estruc_eco":"NO","url1":null}},{"type":"Feature","id":"eqp_uco_educacion.3630","geometry":{"type":"MultiPolygon","coordinates":[[[[-76.48508348,3.48959938],[-76.48517076,3.48956316],[-76.48519781,3.48966082],[-76.48510788,3.48968631],[-76.48508348,3.48959938]]]]},"geometry_name":"the_geom","properties":{"nombre":"JARDIN INFANTIL","localizaci":"CL 78 KR 1A 4A BIS","servicio":"EDUCACION","tipo":"JARDININF","nivel":"EDUCACION PREESCOLAR","propiedad":"PRIV","escala":"LOCAL","permanenci":"NO","estruc_eco":"NO","url1":null}},{"type":"Feature","id":"eqp_uco_educacion.3631","geometry":{"type":"MultiPolygon","coordinates":[[[[-76.48648321,3.44372167],[-76.48647348,3.4436917],[-76.486429,3.44355532],[-76.48643402,3.44355647],[-76.48652036,3.44357616],[-76.48652535,3.44357918],[-76.48665695,3.44365879],[-76.48665024,3.44366353],[-76.48659624,3.44368264],[-76.48654045,3.44370166],[-76.48653649,3.44370364],[-76.48652245,3.4437086],[-76.48648321,3.44372167]]]]},"geometry_name":"the_geom","properties":{"nombre":"COLEGIO NUEVO HORIZONTE","localizaci":null,"servicio":"EDUCACION","tipo":"COLEGIO","nivel":"EDUCACION PREESCOLAR_EDUCACION BASICA_EDUCACION MEDIA VOCACIONAL","propiedad":"PRIV","escala":"LOCAL","permanenci":"NO","estruc_eco":"NO","url1":null}},{"type":"Feature","id":"eqp_uco_educacion.3632","geometry":{"type":"MultiPolygon","coordinates":[[[[-76.4841953,3.44974088],[-76.48419315,3.44974988],[-76.4841341,3.44973587],[-76.4841402,3.44971283],[-76.48414918,3.44967583],[-76.48417002,3.44958887],[-76.484179,3.44955187],[-76.48420313,3.4495578],[-76.48421897,3.44956184],[-76.48423697,3.44956678],[-76.48422404,3.4496198],[-76.48422009,3.44963682],[-76.48421111,3.4496758],[-76.48419818,3.44972684],[-76.4841953,3.44974088]]]]},"geometry_name":"the_geom","properties":{"nombre":"COLEGIO KONRAD LORENZ","localizaci":"KR 8D NO 72B 26","servicio":"EDUCACION","tipo":"COLEGIO","nivel":"EDUCACION BASICA-EDUCACION MEDIA VOCACIONAL","propiedad":"PRIV","escala":"LOCAL","permanenci":"NO","estruc_eco":"NO","url1":null}},{"type":"Feature","id":"eqp_uco_educacion.3633","geometry":{"type":"MultiPolygon","coordinates":[[[[-76.48448855,3.45104663],[-76.48443382,3.45103361],[-76.48443885,3.4510156],[-76.4844525,3.45095565],[-76.48445969,3.45092964],[-76.48447477,3.45086761],[-76.48447872,3.45085159],[-76.48453274,3.45086461],[-76.48452878,3.45088055],[-76.48448855,3.45104663]]]]},"geometry_name":"the_geom","properties":{"nombre":"COLEGIO EL SABER","localizaci":"KR 8B NO 72 71","servicio":"EDUCACION","tipo":"COLEGIO","nivel":"EDUCACION PREESCOLAR_EDUCACION BASICA","propiedad":"PRIV","escala":"LOCAL","permanenci":"NO","estruc_eco":"NO","url1":null}},{"type":"Feature","id":"eqp_uco_educacion.3634","geometry":{"type":"MultiPolygon","coordinates":[[[[-76.48546675,3.44621836],[-76.48544407,3.44622638],[-76.48543974,3.44621441],[-76.48543578,3.44620244],[-76.48541594,3.44614539],[-76.48541198,3.44613144],[-76.48538566,3.44605846],[-76.48538277,3.44604847],[-76.48537087,3.44601545],[-76.48542775,3.44599543],[-76.48543965,3.44603143],[-76.48544289,3.44603836],[-76.48548183,3.44615237],[-76.48549193,3.44617937],[-76.4854959,3.44619341],[-76.48550095,3.44620637],[-76.48546675,3.44621836]]]]},"geometry_name":"the_geom","properties":{"nombre":"COLEGIO EL GRAN SABER","localizaci":"DG 15 NO 72A  83","servicio":"EDUCACION","tipo":"COLEGIO","nivel":"EDUCACION BASICA-EDUCACION MEDIA VOCACIONAL","propiedad":"PRIV","escala":"LOCAL","permanenci":"NO","estruc_eco":"NO","url1":null}},{"type":"Feature","id":"eqp_uco_educacion.3635","geometry":{"type":"MultiPolygon","coordinates":[[[[-76.48218915,3.44830871],[-76.4821283,3.4482938],[-76.48211604,3.44826977],[-76.48215915,3.44808677],[-76.48217499,3.44808874],[-76.48218723,3.44808972],[-76.48224016,3.4480977],[-76.48221501,3.44820069],[-76.48219526,3.44828476],[-76.48219418,3.44828971],[-76.48218915,3.44830871]]]]},"geometry_name":"the_geom","properties":{"nombre":"LICEO MODERNO CIUDAD DE CALI","localizaci":"KR 9A NO 73 108","servicio":"EDUCACION","tipo":"LICEO","nivel":"EDUCACION PREESCOLAR_EDUCACION BASICA_EDUCACION MEDIA VOCACIONAL","propiedad":"PRIV","escala":"LOCAL","permanenci":"NO","estruc_eco":"NO","url1":null}},{"type":"Feature","id":"eqp_uco_educacion.3636","geometry":{"type":"MultiPolygon","coordinates":[[[[-76.48498176,3.44797205],[-76.48505199,3.44767276],[-76.48613464,3.44728923],[-76.48665852,3.44710409],[-76.48702336,3.44696704],[-76.48700185,3.44722299],[-76.48656101,3.44806927],[-76.48524328,3.44798193],[-76.48498176,3.44797205]]]]},"geometry_name":"the_geom","properties":{"nombre":"INSTITUCION EDUCATIVA SIETE DE AGOSTO","localizaci":"CL 72B DG 12","servicio":"EDUCACION","tipo":"CENTDOC","nivel":"EDUCACION BASICA-EDUCACION MEDIA VOCACIONAL","propiedad":"PUB","escala":"ZONAL","permanenci":"SI","estruc_eco":"NO","url1":null}},{"type":"Feature","id":"eqp_uco_educacion.3637","geometry":{"type":"MultiPolygon","coordinates":[[[[-76.48127462,3.45005341],[-76.48124762,3.45005046],[-76.48120369,3.45004643],[-76.48118173,3.45004446],[-76.48115293,3.45004151],[-76.48114861,3.45004151],[-76.48114068,3.45004053],[-76.48109676,3.4500365],[-76.4810928,3.4500365],[-76.48107191,3.45003453],[-76.48107478,3.4500105],[-76.48109062,3.45000554],[-76.48114786,3.44998949],[-76.4811547,3.4499875],[-76.48123172,3.44995245],[-76.48124756,3.44994641],[-76.4812688,3.44993641],[-76.4812706,3.44993947],[-76.48131585,3.4500518],[-76.48129111,3.45006002],[-76.48127462,3.45005341]]]]},"geometry_name":"the_geom","properties":{"nombre":"INSTITUTO TECNICO COMERCIAL GENERAL SANTANDER","localizaci":"CL 75  NO 8A 07","servicio":"EDUCACION","tipo":"INSTTCOM","nivel":"EDUCACION BASICA-EDUCACION MEDIA VOCACIONAL","propiedad":"PRIV","escala":"LOCAL","permanenci":"NO","estruc_eco":"NO","url1":null}},{"type":"Feature","id":"eqp_uco_educacion.3638","geometry":{"type":"MultiPolygon","coordinates":[[[[-76.47891031,3.44830954],[-76.4791812,3.44819098],[-76.47933993,3.44855342],[-76.47908321,3.44865835],[-76.4790733,3.44866209],[-76.47891031,3.44830954]]]]},"geometry_name":"the_geom","properties":{"nombre":"CENTRO DOCENTE NO 72 MANUEL MARIA MALLARINO","localizaci":"KR 9A NO 78 14","servicio":"EDUCACION","tipo":"CENTDOC","nivel":"EDUCACION BASICA-EDUCACION MEDIA VOCACIONAL","propiedad":"PUB","escala":"ZONAL","permanenci":"NO","estruc_eco":"NO","url1":null}},{"type":"Feature","id":"eqp_uco_educacion.3639","geometry":{"type":"MultiPolygon","coordinates":[[[[-76.47942555,3.44932297],[-76.47940645,3.44929301],[-76.47941221,3.44928698],[-76.47940102,3.44925683],[-76.4795976,3.44916932],[-76.47961126,3.44917195],[-76.47963324,3.44922781],[-76.47942555,3.44932297]]]]},"geometry_name":"the_geom","properties":{"nombre":"COLEGIO LICEO MODERNO CIUDAD DE CALI","localizaci":"KR 9   NO 78 13","servicio":"EDUCACION","tipo":"COLEGIO","nivel":"EDUCACION PREESCOLAR_EDUCACION BASICA_EDUCACION MEDIA VOCACIONAL","propiedad":"PRIV","escala":"LOCAL","permanenci":"NO","estruc_eco":"NO","url1":null}},{"type":"Feature","id":"eqp_uco_educacion.3640","geometry":{"type":"MultiPolygon","coordinates":[[[[-76.48243714,3.44732946],[-76.48224045,3.44731626],[-76.48224521,3.44729353],[-76.48219539,3.44728658],[-76.48220825,3.44716168],[-76.48194681,3.44713727],[-76.48193777,3.44719629],[-76.48193119,3.44723926],[-76.4819244,3.44728358],[-76.48190944,3.44738131],[-76.48190394,3.44741721],[-76.48187614,3.44740956],[-76.48183502,3.44753694],[-76.48159262,3.44745181],[-76.48157987,3.44742668],[-76.48164227,3.44686384],[-76.481653,3.44684984],[-76.48166773,3.44684015],[-76.4816848,3.44683587],[-76.48169135,3.44683577],[-76.48246806,3.44693355],[-76.48247781,3.44694414],[-76.48248255,3.44695776],[-76.48248274,3.44696524],[-76.48244607,3.44725684],[-76.48243714,3.44732946]]]]},"geometry_name":"the_geom","properties":{"nombre":"INSTITUTO NUESTRA SEÑORA DE LA ASUNCION","localizaci":"KR 14 NO 74  55","servicio":"EDUCACION","tipo":"COLEGIO","nivel":"EDUCACION PREESCOLAR_BASICA_MEDIA VOCACIONAL","propiedad":"PRIV","escala":"LOCAL","permanenci":"NO","estruc_eco":"NO","url1":null}},{"type":"Feature","id":"eqp_uco_educacion.3641","geometry":{"type":"MultiPolygon","coordinates":[[[[-76.484453,3.45307012],[-76.48433453,3.45304022],[-76.4843084,3.45303092],[-76.4842798,3.45302125],[-76.48429596,3.45295122],[-76.48450193,3.45300817],[-76.48447172,3.45307416],[-76.484453,3.45307012]]]]},"geometry_name":"the_geom","properties":{"nombre":"COLEGIO ADVENTISTA CEA","localizaci":null,"servicio":"EDUCACION","tipo":"COLEGIO","nivel":"EDUCACION BASICA-EDUCACION MEDIA VOCACIONAL","propiedad":"PRIV","escala":"LOCAL","permanenci":"NO","estruc_eco":"NO","url1":null}},{"type":"Feature","id":"eqp_uco_educacion.3642","geometry":{"type":"MultiPolygon","coordinates":[[[[-76.48002032,3.45231002],[-76.48003528,3.45211862],[-76.48005436,3.45212068],[-76.48009433,3.45212363],[-76.48007829,3.45231509],[-76.48002032,3.45231002]]]]},"geometry_name":"the_geom","properties":{"nombre":"LICEO MAYOR","localizaci":"KR 7T BIS NO 76 50","servicio":"EDUCACION","tipo":"LICEO","nivel":"EDUCACION PREESCOLAR_EDUCACION BASICA_EDUCACION MEDIA VOCACIONAL","propiedad":"PRIV","escala":"LOCAL","permanenci":"NO","estruc_eco":"NO","url1":null}},{"type":"Feature","id":"eqp_uco_educacion.3643","geometry":{"type":"MultiPolygon","coordinates":[[[[-76.48117597,3.46096343],[-76.48116277,3.46085544],[-76.48116173,3.46084637],[-76.48137467,3.46082179],[-76.48138093,3.460882],[-76.48138873,3.4609373],[-76.48139777,3.46099634],[-76.48135601,3.4610014],[-76.48120084,3.46101949],[-76.48118392,3.46102148],[-76.48117887,3.46099448],[-76.48117597,3.46096343]]]]},"geometry_name":"the_geom","properties":{"nombre":"COLEGIO COMERCIAL SANTA JUANA DE ARCO","localizaci":null,"servicio":"EDUCACION","tipo":"COLEGIO","nivel":"EDUCACION PREESCOLAR_EDUCACION BASICA_EDUCACION MEDIA VOCACIONAL","propiedad":"PRIV","escala":"LOCAL","permanenci":"NO","estruc_eco":"NO","url1":null}},{"type":"Feature","id":"eqp_uco_educacion.3644","geometry":{"type":"MultiPolygon","coordinates":[[[[-76.48069772,3.4644919],[-76.48064975,3.46433496],[-76.4806429,3.46431291],[-76.48064182,3.46431093],[-76.48069473,3.4642929],[-76.48069474,3.46430091],[-76.48070985,3.4642919],[-76.48076503,3.46446891],[-76.48075603,3.46447387],[-76.48069772,3.4644919]]]]},"geometry_name":"the_geom","properties":{"nombre":"COLEGIO SAN FRANCISCO SOLANO","localizaci":"KR 7C NO 72C 03","servicio":"EDUCACION","tipo":"COLEGIO","nivel":"EDUCACION PREESCOLAR_EDUCACION BASICA","propiedad":"PRIV","escala":"LOCAL","permanenci":"NO","estruc_eco":"NO","url1":null}},{"type":"Feature","id":"eqp_uco_educacion.3645","geometry":{"type":"MultiPolygon","coordinates":[[[[-76.48220642,3.46199341],[-76.48218623,3.46193042],[-76.48217829,3.46190342],[-76.48213032,3.46174845],[-76.48212924,3.46174539],[-76.48212239,3.46172443],[-76.48218106,3.46170639],[-76.48226438,3.46197538],[-76.48224638,3.46198034],[-76.48220642,3.46199341]]]]},"geometry_name":"the_geom","properties":{"nombre":"COLEGIO SEBASTIAN I","localizaci":"KR 7 E NO 70 55","servicio":"EDUCACION","tipo":"COLEGIO","nivel":"EDUCACION PREESCOLAR_EDUCACION BASICA_EDUCACION MEDIA VOCACIONAL","propiedad":"PRIV","escala":"LOCAL","permanenci":"NO","estruc_eco":"NO","url1":null}},{"type":"Feature","id":"eqp_uco_educacion.3646","geometry":{"type":"MultiPolygon","coordinates":[[[[-76.47772713,3.46366827],[-76.47784217,3.46401419],[-76.47750236,3.46413238],[-76.47738408,3.46378142],[-76.47772713,3.46366827]]]]},"geometry_name":"the_geom","properties":{"nombre":"ESCUELA JOSE MARIA VILLEGAS","localizaci":"CL 82/84  KR 7D  1","servicio":"EDUCACION","tipo":"ESCUELA","nivel":"EDUCACION PREESCOLAR_EDUCACION BASICA","propiedad":"PUB","escala":"LOCAL","permanenci":"NO","estruc_eco":"NO","url1":null}},{"type":"Feature","id":"eqp_uco_educacion.3647","geometry":{"type":"MultiPolygon","coordinates":[[[[-76.48252403,3.45429713],[-76.48255199,3.45416668],[-76.48261033,3.45389898],[-76.48266396,3.45365283],[-76.48269947,3.4536319],[-76.48292725,3.45369605],[-76.48285867,3.45399033],[-76.48295897,3.45400986],[-76.48289707,3.45433655],[-76.48261028,3.45430625],[-76.48252403,3.45429713]]]]},"geometry_name":"the_geom","properties":{"nombre":"CENTRO DOCENTE RAFAEL POMBO","localizaci":"KR 7R BIS NO 72 124","servicio":"EDUCACION","tipo":"CENTDOC","nivel":"EDUCACION BASICA","propiedad":"PUB","escala":"ZONAL","permanenci":"NO","estruc_eco":"NO","url1":null}},{"type":"Feature","id":"eqp_uco_educacion.3648","geometry":{"type":"MultiPolygon","coordinates":[[[[-76.47743335,3.46648335],[-76.47735907,3.46623592],[-76.47739789,3.46622452],[-76.47746485,3.46620244],[-76.47775786,3.4661093],[-76.47776471,3.46612028],[-76.47787111,3.46646323],[-76.47751368,3.46657996],[-76.47751197,3.46657986],[-76.47747129,3.46659307],[-76.47744798,3.46652495],[-76.47744014,3.46650202],[-76.47744362,3.4665],[-76.47743646,3.46648403],[-76.47743335,3.46648335]]]]},"geometry_name":"the_geom","properties":{"nombre":"ESCUELA ALFONSO LOPEZ PUMAREJO","localizaci":"CL 84  NO 7A BIS 00","servicio":"EDUCACION","tipo":"ESCUELA","nivel":"EDUCACION PREESCOLAR_EDUCACION BASICA","propiedad":"PUB","escala":"ZONAL","permanenci":"NO","estruc_eco":"NO","url1":null}},{"type":"Feature","id":"eqp_uco_educacion.3649","geometry":{"type":"MultiPolygon","coordinates":[[[[-76.48335066,3.46458575],[-76.48333371,3.46452878],[-76.4835047,3.46447567],[-76.48351585,3.46447171],[-76.48354753,3.46446161],[-76.48356484,3.46451767],[-76.48353389,3.46452768],[-76.48342266,3.46456275],[-76.48339458,3.46457177],[-76.48335066,3.46458575]]]]},"geometry_name":"the_geom","properties":{"nombre":"LICEO BELLA EPOCA","localizaci":"CL 70 NO 7A Bis 17","servicio":"EDUCACION","tipo":"LICEO","nivel":"EDUCACION BASICA","propiedad":"PRIV","escala":"LOCAL","permanenci":"NO","estruc_eco":"NO","url1":null}},{"type":"Feature","id":"eqp_uco_educacion.3650","geometry":{"type":"MultiPolygon","coordinates":[[[[-76.48780891,3.44402282],[-76.48765654,3.44408594],[-76.48715926,3.44380442],[-76.48703473,3.44373698],[-76.48687759,3.44365208],[-76.4866295,3.44347567],[-76.48655881,3.44342617],[-76.48661653,3.44334358],[-76.48670606,3.4433991],[-76.48694607,3.44356468],[-76.48708257,3.4436394],[-76.48719625,3.44371861],[-76.48737184,3.44381522],[-76.48737637,3.44380766],[-76.48753489,3.44388652],[-76.48780891,3.44402282]]]]},"geometry_name":"the_geom","properties":{"nombre":"CENTRO DOCENTE NO 92 SIETE DE AGOSTO","localizaci":"CL 71A DG 17D 17 20","servicio":"EDUCACION","tipo":"CENTDOC","nivel":"EDUCACION BASICA-EDUCACION MEDIA VOCACIONAL","propiedad":"PUB","escala":"LOCAL","permanenci":"NO","estruc_eco":"NO","url1":null}},{"type":"Feature","id":"eqp_uco_educacion.3651","geometry":{"type":"MultiPolygon","coordinates":[[[[-76.48479004,3.45023682],[-76.48476317,3.45037598],[-76.48474637,3.45037598],[-76.48470226,3.45056589],[-76.48472116,3.45057222],[-76.48467514,3.45075503],[-76.48432124,3.45067446],[-76.48446827,3.45005946],[-76.48479004,3.45023682]]]]},"geometry_name":"the_geom","properties":{"nombre":"INSTITUCION EDUCATIVA SIETE DE AGOSTO SEDE ANA MARIA VERNAZA","localizaci":"CL 72B NO 8B  32","servicio":"EDUCACION","tipo":"CENTEDUC","nivel":"EDUCACION BASICA-EDUCACION MEDIA VOCACIONAL","propiedad":"PUB","escala":"LOCAL","permanenci":"NO","estruc_eco":"NO","url1":null}},{"type":"Feature","id":"eqp_uco_educacion.3652","geometry":{"type":"MultiPolygon","coordinates":[[[[-76.481655,3.44825617],[-76.48195225,3.44832836],[-76.48193542,3.44839682],[-76.48193484,3.44839918],[-76.48192815,3.44842668],[-76.48196994,3.44843727],[-76.48191763,3.44866775],[-76.48189213,3.4486816],[-76.48146878,3.44857758],[-76.48142183,3.44859698],[-76.48139128,3.44852993],[-76.48134728,3.44843336],[-76.48140996,3.44841324],[-76.48150667,3.44838219],[-76.48153918,3.44823059],[-76.481655,3.44825617]]]]},"geometry_name":"the_geom","properties":{"nombre":"ESCUELA JUAN BAUTISTA LA SALLE","localizaci":"CL 74 NO 9 19","servicio":"EDUCACION","tipo":"ESCUELA","nivel":"EDUCACION BASICA-EDUCACION MEDIA VOCACIONAL","propiedad":"PUB","escala":"LOCAL","permanenci":"NO","estruc_eco":"NO","url1":null}},{"type":"Feature","id":"eqp_uco_educacion.3653","geometry":{"type":"MultiPolygon","coordinates":[[[[-76.48198132,3.44820415],[-76.48198189,3.44820418],[-76.48196857,3.44826057],[-76.48196398,3.4482754],[-76.48195789,3.44830043],[-76.48195225,3.44832836],[-76.48192829,3.44832245],[-76.48189868,3.44831515],[-76.48182929,3.44829638],[-76.481655,3.44825617],[-76.48153511,3.44822969],[-76.48156801,3.44809521],[-76.4816707,3.44812941],[-76.48198132,3.44820415]]]]},"geometry_name":"the_geom","properties":{"nombre":"INSTITUTO NUESTRA SEÑORA DE LA ASUNCION","localizaci":"KR 14 NO 74  55","servicio":"EDUCACION","tipo":"COLEGIO","nivel":"EDUCACION PREESCOLAR_EDUCACION BASICA_EDUCACION MEDIA VOCACIONAL","propiedad":"PRIV","escala":"LOCAL","permanenci":"NO","estruc_eco":"NO","url1":null}},{"type":"Feature","id":"eqp_uco_educacion.3654","geometry":{"type":"MultiPolygon","coordinates":[[[[-76.48072068,3.45972648],[-76.48070906,3.45976882],[-76.48061943,3.46010648],[-76.48056332,3.46032784],[-76.48050581,3.46031375],[-76.48019021,3.46023775],[-76.48016393,3.46023141],[-76.48016978,3.46020673],[-76.48022912,3.45995813],[-76.48030307,3.45996194],[-76.48034981,3.45966994],[-76.48056583,3.45968574],[-76.48056477,3.45971779],[-76.48072068,3.45972648]]]]},"geometry_name":"the_geom","properties":{"nombre":"LIGA VALLECAUCANA DE BOXEO","localizaci":"KR 7G NO 73 60","servicio":"EDUCACION","tipo":"ESCDEPOR","nivel":"EDUCACION NO FORMAL","propiedad":"PRIV","escala":"LOCAL","permanenci":"NO","estruc_eco":"NO","url1":null}},{"type":"Feature","id":"eqp_uco_educacion.3655","geometry":{"type":"MultiPolygon","coordinates":[[[[-76.48080172,3.45943119],[-76.48072068,3.45972648],[-76.48056477,3.45971779],[-76.48056583,3.45968574],[-76.48034981,3.45966994],[-76.48043041,3.45939954],[-76.48080172,3.45943119]]]]},"geometry_name":"the_geom","properties":{"nombre":"JARDIN INFANTIL JUGUETONES ICBF","localizaci":"KR 7H NO 73 37","servicio":"EDUCACION","tipo":"JARDININF","nivel":"EDUCACION PREESCOLAR","propiedad":"PUB","escala":"LOCAL","permanenci":"NO","estruc_eco":"NO","url1":null}},{"type":"Feature","id":"eqp_uco_educacion.3656","geometry":{"type":"MultiPolygon","coordinates":[[[[-76.48128926,3.45526572],[-76.48128931,3.45526664],[-76.48126018,3.45559588],[-76.48111874,3.45558255],[-76.48114159,3.45525348],[-76.48128926,3.45526572]]]]},"geometry_name":"the_geom","properties":{"nombre":"ESCUELA CENTRO DOCENTE MIGUEL A CARO","localizaci":"CL 74 NO 7P BIS 46","servicio":"EDUCACION","tipo":"ESCUELA","nivel":"EDUCACION PREESCOLAR_EDUCACION BASICA_EDUCACION MEDIA VOCACIONAL","propiedad":"PUB","escala":"LOCAL","permanenci":"NO","estruc_eco":"NO","url1":null}},{"type":"Feature","id":"eqp_uco_educacion.3657","geometry":{"type":"MultiPolygon","coordinates":[[[[-76.48164803,3.45593371],[-76.48162976,3.45593299],[-76.48131193,3.45591041],[-76.4813197,3.45579236],[-76.48136137,3.45579475],[-76.48136613,3.4557469],[-76.48149584,3.45575833],[-76.48150673,3.45567734],[-76.48154043,3.45568014],[-76.48153406,3.4557617],[-76.48168132,3.45577468],[-76.48164803,3.45593371]]]]},"geometry_name":"the_geom","properties":{"nombre":"FUNDACION EDUCATIVA SANTA ISABEL HUNGRIA","localizaci":"CL 74 NO 7M BIS 20","servicio":"EDUCACION","tipo":"CENTEDUC","nivel":"EDUCACION PREESCOLAR_EDUCACION BASICA_EDUCACION MEDIA VOCACIONAL","propiedad":"PUB","escala":"LOCAL","permanenci":"NO","estruc_eco":"NO","url1":null}},{"type":"Feature","id":"eqp_uco_educacion.3658","geometry":{"type":"MultiPolygon","coordinates":[[[[-76.49736271,3.44660599],[-76.49736163,3.44660599],[-76.4972907,3.44659703],[-76.49729286,3.44658604],[-76.49730578,3.44651403],[-76.49731152,3.44648397],[-76.49731655,3.44645498],[-76.49732265,3.446426],[-76.49732768,3.44639701],[-76.49733558,3.44635696],[-76.49733845,3.44634102],[-76.49734276,3.44631996],[-76.49734276,3.44631897],[-76.49734348,3.44631501],[-76.4973485,3.44628494],[-76.49736146,3.44628701],[-76.49742267,3.44629597],[-76.49741549,3.44633495],[-76.49740759,3.44637294],[-76.4974076,3.44637699],[-76.49736774,3.44658294],[-76.49736487,3.44659501],[-76.49736271,3.44660599]]]]},"geometry_name":"the_geom","properties":{"nombre":"JARDIN INFANTIL TIA CLARITA","localizaci":"KR 12C NO 54 36","servicio":"EDUCACION","tipo":"JARDININF","nivel":"EDUCACION PREESCOLAR","propiedad":"PRIV","escala":"LOCAL","permanenci":"NO","estruc_eco":"NO","url1":null}},{"type":"Feature","id":"eqp_uco_educacion.3680","geometry":{"type":"MultiPolygon","coordinates":[[[[-76.50395917,3.44043098],[-76.50393793,3.440439],[-76.50387086,3.44024706],[-76.5039209,3.44022903],[-76.50399121,3.44041998],[-76.50395917,3.44043098]]]]},"geometry_name":"the_geom","properties":{"nombre":"JARDIN INFANTIL MI AMPARITO","localizaci":"KR 22 NO 41 21","servicio":"EDUCACION","tipo":"JARDININF","nivel":"EDUCACION PREESCOLAR","propiedad":"PRIV","escala":"LOCAL","permanenci":"NO","estruc_eco":"NO","url1":null}},{"type":"Feature","id":"eqp_uco_educacion.3659","geometry":{"type":"MultiPolygon","coordinates":[[[[-76.50174171,3.44977577],[-76.50166898,3.44976681],[-76.50169765,3.44953179],[-76.50176858,3.44953976],[-76.50176679,3.44955875],[-76.50176177,3.44960079],[-76.50175891,3.44962779],[-76.50175783,3.44963283],[-76.50175568,3.4496548],[-76.50175281,3.44967379],[-76.50174672,3.44972483],[-76.50174493,3.44974283],[-76.50174171,3.44977577]]]]},"geometry_name":"the_geom","properties":{"nombre":"COLEGIO GABRIELA MISTRAL","localizaci":"KR 11D NO 48 29 _ 21  13","servicio":"EDUCACION","tipo":"COLEGIO","nivel":"EDUCACION BASICA-EDUCACION MEDIA VOCACIONAL","propiedad":"PRIV","escala":"LOCAL","permanenci":"NO","estruc_eco":"NO","url1":null}},{"type":"Feature","id":"eqp_uco_educacion.3660","geometry":{"type":"MultiPolygon","coordinates":[[[[-76.49583045,3.44600675],[-76.49582217,3.44600477],[-76.49582037,3.44601675],[-76.49574116,3.44600086],[-76.49574331,3.4459888],[-76.49576019,3.44590778],[-76.49576629,3.44587979],[-76.49577132,3.44585476],[-76.49577132,3.4458508],[-76.49577706,3.44582182],[-76.49578823,3.44582379],[-76.49579507,3.44582478],[-76.49580335,3.44582675],[-76.49586528,3.44583878],[-76.49583045,3.44600675]]]]},"geometry_name":"the_geom","properties":{"nombre":"ESCUELA MATERNO INFANTIL NUESTRA SEÑORA DE LA ASUNCION","localizaci":"CL 57 NO 12D 17","servicio":"EDUCACION","tipo":"ESCUELA","nivel":"EDUCACION PREESCOLAR","propiedad":"PRIV","escala":"LOCAL","permanenci":"NO","estruc_eco":"NO","url1":null}},{"type":"Feature","id":"eqp_uco_educacion.3661","geometry":{"type":"MultiPolygon","coordinates":[[[[-76.4953055,3.44515842],[-76.49531583,3.44508897],[-76.49538857,3.44444791],[-76.49589661,3.44450668],[-76.49581345,3.44523297],[-76.4953055,3.44515842]]]]},"geometry_name":"the_geom","properties":{"nombre":"CENTRO DOCENTE ABRAHAM DOMINGUEZ","localizaci":"KR 14 NO 57 19","servicio":"EDUCACION","tipo":"CENTDOC","nivel":"EDUCACION BASICA-EDUCACION MEDIA VOCACIONAL","propiedad":"PUB","escala":"LOCAL","permanenci":"NO","estruc_eco":"NO","url1":null}},{"type":"Feature","id":"eqp_uco_educacion.3662","geometry":{"type":"MultiPolygon","coordinates":[[[[-76.49643491,3.44527242],[-76.49624556,3.44525316],[-76.49617825,3.44524209],[-76.49616835,3.44530185],[-76.49593204,3.44528143],[-76.49596448,3.44485738],[-76.4959695,3.4448096],[-76.49600082,3.44481462],[-76.49607643,3.44413756],[-76.49653622,3.44419725],[-76.4965065,3.44448627],[-76.49651549,3.44448429],[-76.4965094,3.4445383],[-76.49649365,3.44469438],[-76.49647466,3.44486738],[-76.49647072,3.4449104],[-76.49647468,3.44491337],[-76.49647182,3.44494235],[-76.49646678,3.44494137],[-76.49645495,3.44505037],[-76.49645892,3.44505334],[-76.49643778,3.44525244],[-76.49643491,3.44527242]]]]},"geometry_name":"the_geom","properties":{"nombre":"COLEGIO NUESTRA SEÑORA DE LA ANUNCIACION","localizaci":"CL 56 NO 13 55","servicio":"EDUCACION","tipo":"COLEGIO","nivel":"EDUCACION PREESCOLAR_EDUCACION BASICA","propiedad":"PRIV","escala":"ZONAL","permanenci":"SI","estruc_eco":"NO","url1":null}},{"type":"Feature","id":"eqp_uco_educacion.3663","geometry":{"type":"MultiPolygon","coordinates":[[[[-76.49772845,3.44518831],[-76.4977443,3.44519037],[-76.49772966,3.44542736],[-76.49772966,3.44542835],[-76.49768466,3.44542235],[-76.49772161,3.44518732],[-76.49772845,3.44518831]]]]},"geometry_name":"the_geom","properties":{"nombre":"ESCUELA LICEO ICLARE","localizaci":"KR 13 NO 54 08","servicio":"EDUCACION","tipo":"ESCUELA","nivel":"EDUCACION PREESCOLAR","propiedad":"PRIV","escala":"LOCAL","permanenci":"NO","estruc_eco":"NO","url1":null}},{"type":"Feature","id":"eqp_uco_educacion.3664","geometry":{"type":"MultiPolygon","coordinates":[[[[-76.49850533,3.44568731],[-76.4984745,3.44594834],[-76.49846841,3.44599731],[-76.49821349,3.44596747],[-76.49790132,3.44593263],[-76.49787754,3.44590267],[-76.49790835,3.44560663],[-76.49794938,3.44558059],[-76.49851034,3.44564527],[-76.49850533,3.44568731]]]]},"geometry_name":"the_geom","properties":{"nombre":"INSTITUCION EDUCATIVA VILLA COLOMBIA_SEDE REPUBLICA DE COLOMBIA","localizaci":"CL 53 NO 12E   11","servicio":"EDUCACION","tipo":"INSTEDUCI","nivel":"EDUCACION BASICA-EDUCACION MEDIA VOCACIONAL","propiedad":"PUB","escala":"ZONAL","permanenci":"NO","estruc_eco":"NO","url1":null}},{"type":"Feature","id":"eqp_uco_educacion.3665","geometry":{"type":"MultiPolygon","coordinates":[[[[-76.49984039,3.44578955],[-76.50004742,3.44581248],[-76.50000981,3.44616856],[-76.4996656,3.44613671],[-76.49966954,3.44609674],[-76.49968682,3.44609871],[-76.49968861,3.44607666],[-76.4998067,3.44608965],[-76.49981279,3.4460216],[-76.49983259,3.44602465],[-76.49984262,3.44592258],[-76.4998257,3.44592259],[-76.49984039,3.44578955]]]]},"geometry_name":"the_geom","properties":{"nombre":"COLEGIO SAN FRANCISCO DE ASIS","localizaci":"KR 13 NO 51 39","servicio":"EDUCACION","tipo":"COLEGIO","nivel":"EDUCACION PREESCOLAR_EDUCACION BASICA_EDUCACION MEDIA VOCACIONAL","propiedad":"PRIV","escala":"LOCAL","permanenci":"NO","estruc_eco":"NO","url1":null}},{"type":"Feature","id":"eqp_uco_educacion.3666","geometry":{"type":"MultiPolygon","coordinates":[[[[-76.49628019,3.45211305],[-76.49630206,3.4519441],[-76.49635211,3.451951],[-76.49635931,3.45195208],[-76.4963342,3.45212005],[-76.49628019,3.45211305]]]]},"geometry_name":"the_geom","properties":{"nombre":"COLEGIO SANTA TERESITA DE AVILA","localizaci":"KR 8A NO 54  26","servicio":"EDUCACION","tipo":"COLEGIO","nivel":"EDUCACION PREESCOLAR_EDUCACION BASICA","propiedad":"PRIV","escala":"LOCAL","permanenci":"NO","estruc_eco":"NO","url1":null}},{"type":"Feature","id":"eqp_uco_educacion.3667","geometry":{"type":"MultiPolygon","coordinates":[[[[-76.50215524,3.4468284],[-76.50200222,3.44681048],[-76.50199213,3.44680851],[-76.50195829,3.44680447],[-76.5019392,3.4468025],[-76.50185927,3.44679256],[-76.50186536,3.44673351],[-76.50188408,3.44673557],[-76.50193125,3.44674148],[-76.50194133,3.44674247],[-76.50201514,3.44675143],[-76.50208824,3.4467594],[-76.50216313,3.44676836],[-76.50215524,3.4468284]]]]},"geometry_name":"the_geom","properties":{"nombre":"LICEO INFANTIL LEON DE JUDA","localizaci":"CL 48 NO 12C  39","servicio":"EDUCACION","tipo":"LICEO","nivel":"EDUCACION PREESCOLAR_EDUCACION BASICA_EDUCACION MEDIA VOCACIONAL","propiedad":"PRIV","escala":"LOCAL","permanenci":"NO","estruc_eco":"NO","url1":null}},{"type":"Feature","id":"eqp_uco_educacion.3668","geometry":{"type":"MultiPolygon","coordinates":[[[[-76.50164178,3.44606264],[-76.50164894,3.44599558],[-76.50203251,3.44603612],[-76.50224195,3.44605826],[-76.50220398,3.44641633],[-76.50200206,3.44639171],[-76.50164913,3.44634867],[-76.50161097,3.44634464],[-76.50164178,3.44606264]]]]},"geometry_name":"the_geom","properties":{"nombre":"INSTITUCION EDUCATIVA VILLA COLOMBIA","localizaci":"KR 12E NO 48   36","servicio":"EDUCACION","tipo":"INSTEDUCI","nivel":"EDUCACION BASICA-EDUCACION MEDIA VOCACIONAL","propiedad":"PUB","escala":"LOCAL","permanenci":"NO","estruc_eco":"NO","url1":null}},{"type":"Feature","id":"eqp_uco_educacion.3669","geometry":{"type":"MultiPolygon","coordinates":[[[[-76.50016237,3.4473435],[-76.50018325,3.44734547],[-76.50030927,3.44736044],[-76.50030533,3.44739545],[-76.50030354,3.44741246],[-76.50015628,3.44739355],[-76.50015232,3.44739256],[-76.49999749,3.44737663],[-76.50000539,3.4473246],[-76.50002627,3.44732756],[-76.50016237,3.4473435]]]]},"geometry_name":"the_geom","properties":{"nombre":"COLEGIO LEON DE GREIFF","localizaci":"CL 51 NO 12A  32","servicio":"EDUCACION","tipo":"COLEGIO","nivel":"EDUCACION BASICA-EDUCACION MEDIA VOCACIONAL","propiedad":"PRIV","escala":"ZONAL","permanenci":"NO","estruc_eco":"NO","url1":null}},{"type":"Feature","id":"eqp_uco_educacion.3670","geometry":{"type":"MultiPolygon","coordinates":[[[[-76.49909496,3.44884916],[-76.49910105,3.44879416],[-76.49940422,3.44882406],[-76.49940422,3.44882505],[-76.49940207,3.448848],[-76.49939921,3.44887906],[-76.49932612,3.44887208],[-76.4992253,3.44886214],[-76.4992073,3.44886017],[-76.49910216,3.44885015],[-76.49909496,3.44884916]]]]},"geometry_name":"the_geom","properties":{"nombre":"COLEGIO AURA MARIA","localizaci":"CL 52 NO 11D  38","servicio":"EDUCACION","tipo":"COLEGIO","nivel":"EDUCACION PREESCOLAR_EDUCACION BASICA","propiedad":"PRIV","escala":"LOCAL","permanenci":"NO","estruc_eco":"NO","url1":null}},{"type":"Feature","id":"eqp_uco_educacion.3671","geometry":{"type":"MultiPolygon","coordinates":[[[[-76.50021963,3.44803553],[-76.50019767,3.44803257],[-76.50016166,3.44802854],[-76.50016488,3.4479956],[-76.50017277,3.44792656],[-76.50017456,3.44790657],[-76.50018459,3.44781152],[-76.50026164,3.44782048],[-76.50023977,3.44800347],[-76.50023762,3.44802148],[-76.50023583,3.4480375],[-76.50021963,3.44803553]]]]},"geometry_name":"the_geom","properties":{"nombre":"PARQUE INFANTIL LEON DE GREIFF","localizaci":"KR 12A NO 50 35","servicio":"EDUCACION","tipo":"JARDININF","nivel":"EDUCACION PREESCOLAR","propiedad":"PRIV","escala":"LOCAL","permanenci":"NO","estruc_eco":"NO","url1":null}},{"type":"Feature","id":"eqp_uco_educacion.3672","geometry":{"type":"MultiPolygon","coordinates":[[[[-76.49823292,3.44922444],[-76.49823632,3.44918898],[-76.49823717,3.4491801],[-76.49827126,3.44915478],[-76.49838134,3.44916863],[-76.49838001,3.44917543],[-76.49839811,3.44917761],[-76.49839418,3.44922064],[-76.49839239,3.44923657],[-76.49839239,3.4492426],[-76.49832038,3.44923562],[-76.49830814,3.44923463],[-76.49824333,3.44922864],[-76.49823829,3.44922765],[-76.49823897,3.44922502],[-76.49823292,3.44922444]]]]},"geometry_name":"the_geom","properties":{"nombre":"LICEO INFANTIL ANGEL DE MI GUARDA","localizaci":"CL 53 NO 11  70","servicio":"EDUCACION","tipo":"LICEO","nivel":"EDUCACION PREESCOLAR","propiedad":"PRIV","escala":"LOCAL","permanenci":"NO","estruc_eco":"NO","url1":null}},{"type":"Feature","id":"eqp_uco_educacion.3673","geometry":{"type":"MultiPolygon","coordinates":[[[[-76.49903196,3.45219444],[-76.49899883,3.45219248],[-76.49897507,3.45219051],[-76.49897291,3.45219051],[-76.4988739,3.45218355],[-76.49885301,3.45218158],[-76.49878605,3.45217657],[-76.49877488,3.45217658],[-76.49875662,3.45217534],[-76.49879378,3.45182654],[-76.49880674,3.45182851],[-76.4988197,3.45182949],[-76.49888055,3.45183648],[-76.49890467,3.45183953],[-76.49891188,3.45184051],[-76.49893672,3.45184347],[-76.49894572,3.45184446],[-76.49896984,3.45184642],[-76.49899181,3.45184947],[-76.49900585,3.45185045],[-76.49900765,3.45185144],[-76.49904258,3.45185538],[-76.49907786,3.45185941],[-76.49907069,3.45190838],[-76.4990628,3.45196743],[-76.49905598,3.4520164],[-76.49904773,3.45207238],[-76.499042,3.45212243],[-76.49903196,3.45219444]]]]},"geometry_name":"the_geom","properties":{"nombre":"CENTRO EDUCATIVO LA BASE DE COMFANDI","localizaci":"KR 52 NO 8A 20","servicio":"EDUCACION","tipo":"CENTEDUC","nivel":"EDUCACION BASICA","propiedad":"PRIV","escala":"ZONAL","permanenci":"NO","estruc_eco":"NO","url1":null}},{"type":"Feature","id":"eqp_uco_educacion.3674","geometry":{"type":"MultiPolygon","coordinates":[[[[-76.4988058,3.44292119],[-76.49877233,3.44313069],[-76.49859149,3.44310635],[-76.49857337,3.44323468],[-76.49818338,3.44318466],[-76.49822486,3.4428468],[-76.4988058,3.44292119]]]]},"geometry_name":"the_geom","properties":{"nombre":"INSTITUCION EDUCATIVA OFICIAL ALBERTO CARVAJAL BARRETO SEDE CACIQUE GUATAVITA","localizaci":"CL 54 NO 15A 20","servicio":"EDUCACION","tipo":"INSTEDUCI","nivel":"EDUCACION BASICA","propiedad":"PRIV","escala":"LOCAL","permanenci":"NO","estruc_eco":"NO","url1":null}},{"type":"Feature","id":"eqp_uco_educacion.3675","geometry":{"type":"MultiPolygon","coordinates":[[[[-76.50435807,3.44442603],[-76.50436119,3.44419705],[-76.504426,3.44420197],[-76.50442036,3.44443005],[-76.50435807,3.44442603]]]]},"geometry_name":"the_geom","properties":{"nombre":"LICEO INFANTIL SENDEROS DE ALEGRIA","localizaci":"KR 15 NO 42 30","servicio":"EDUCACION","tipo":"LICEO","nivel":"EDUCACION PREESCOLAR","propiedad":"PRIV","escala":"LOCAL","permanenci":"NO","estruc_eco":"NO","url1":null}},{"type":"Feature","id":"eqp_uco_educacion.3676","geometry":{"type":"MultiPolygon","coordinates":[[[[-76.49960827,3.44412279],[-76.49998122,3.44417171],[-76.4999892,3.44417276],[-76.50009104,3.44418612],[-76.50009228,3.44418156],[-76.50009239,3.44418114],[-76.50002138,3.44493792],[-76.49955028,3.44486607],[-76.49953575,3.4448467],[-76.49959448,3.44414187],[-76.49960827,3.44412279]]]]},"geometry_name":"the_geom","properties":{"nombre":"COLEGIO SAN FRANCISCO DE ASIS","localizaci":"KR 15 NO 51 25","servicio":"EDUCACION","tipo":"COLEGIO","nivel":"EDUCACION PREESCOLAR_EDUCACION BASICA","propiedad":"PRIV","escala":"ZONAL","permanenci":"NO","estruc_eco":"NO","url1":null}},{"type":"Feature","id":"eqp_uco_educacion.3677","geometry":{"type":"MultiPolygon","coordinates":[[[[-76.5022515,3.44171206],[-76.50243148,3.4416549],[-76.50244843,3.44170187],[-76.50226942,3.44176275],[-76.5022515,3.44171206]]]]},"geometry_name":"the_geom","properties":{"nombre":"CENTRO EDUCATIVO INDIVIDUALIZADO","localizaci":"CL 44 NO 19 10","servicio":"EDUCACION","tipo":"CENTEDUC","nivel":"EDUCACION BASICA-EDUCACION MEDIA VOCACIONAL","propiedad":"PRIV","escala":"LOCAL","permanenci":"NO","estruc_eco":"NO","url1":null}},{"type":"Feature","id":"eqp_uco_educacion.3678","geometry":{"type":"MultiPolygon","coordinates":[[[[-76.50443219,3.44616612],[-76.50437916,3.44616016],[-76.50437889,3.44616327],[-76.5043232,3.44615641],[-76.50434468,3.44587173],[-76.50439,3.44587505],[-76.5044034,3.44587723],[-76.50439812,3.44593108],[-76.50444601,3.44593313],[-76.50444494,3.44595113],[-76.50444316,3.4459901],[-76.50444297,3.44599262],[-76.50450293,3.44599328],[-76.50448736,3.44617493],[-76.50443227,3.44617022],[-76.50443219,3.44616612]]]]},"geometry_name":"the_geom","properties":{"nombre":"COLEGIO SAN SEBASTIAN","localizaci":"KR 13 NO 42 28","servicio":"EDUCACION","tipo":"COLEGIO","nivel":"EDUCACION BASICA-EDUCACION MEDIA VOCACIONAL","propiedad":"PRIV","escala":"LOCAL","permanenci":"NO","estruc_eco":"NO","url1":null}},{"type":"Feature","id":"eqp_uco_educacion.3681","geometry":{"type":"MultiPolygon","coordinates":[[[[-76.50420954,3.44339509],[-76.50411269,3.44338408],[-76.50409575,3.44334709],[-76.50401065,3.44310619],[-76.50420935,3.44303507],[-76.50463951,3.44288876],[-76.50467341,3.44298577],[-76.50468242,3.44300979],[-76.50473651,3.44316277],[-76.50474443,3.44316574],[-76.50472868,3.4433418],[-76.50472081,3.44343082],[-76.50420954,3.44339509]]]]},"geometry_name":"the_geom","properties":{"nombre":"INSTITUTO EDUCATIVO SANTA FE SEDE CROYDON","localizaci":"KR 16 NO 42 52","servicio":"EDUCACION","tipo":"INSTEDUCI","nivel":"EDUCACION BASICA","propiedad":"PRIV","escala":"LOCAL","permanenci":"NO","estruc_eco":"NO","url1":null}},{"type":"Feature","id":"eqp_uco_educacion.3682","geometry":{"type":"MultiPolygon","coordinates":[[[[-76.50758908,3.44325503],[-76.50757504,3.44325999],[-76.50755701,3.44321005],[-76.50761101,3.44319094],[-76.5076632,3.44317291],[-76.50771828,3.44315389],[-76.50774014,3.44314643],[-76.50775718,3.4431959],[-76.50773523,3.44320392],[-76.50762904,3.44324097],[-76.50758908,3.44325503]]]]},"geometry_name":"the_geom","properties":{"nombre":"PURO ARTES CLASES DE DIBUJO Y PINTURA","localizaci":"CL 36A NO 16 61","servicio":"EDUCACION","tipo":"ESCARTE","nivel":"EDUCACION NO FORMAL","propiedad":"PRIV","escala":"LOCAL","permanenci":"NO","estruc_eco":"NO","url1":null}},{"type":"Feature","id":"eqp_uco_educacion.3683","geometry":{"type":"MultiPolygon","coordinates":[[[[-76.50953163,3.44823244],[-76.50952668,3.4482169],[-76.50947893,3.44806783],[-76.50948705,3.44806499],[-76.50953154,3.44805351],[-76.50953983,3.44807745],[-76.5095456,3.44809346],[-76.50955678,3.44812946],[-76.50956976,3.44816744],[-76.50957878,3.44819542],[-76.50958563,3.44821945],[-76.50953163,3.44823244]]]]},"geometry_name":"the_geom","properties":{"nombre":"JARDIN INFANTIL CARITA DE CHOCOLATE","localizaci":"KR 11D NO 34 40","servicio":"EDUCACION","tipo":"JARDININF","nivel":"EDUCACION PREESCOLAR","propiedad":"PRIV","escala":"LOCAL","permanenci":"NO","estruc_eco":"NO","url1":null}},{"type":"Feature","id":"eqp_uco_educacion.3684","geometry":{"type":"MultiPolygon","coordinates":[[[[-76.50930991,3.44699552],[-76.50929296,3.44694351],[-76.50931599,3.44693549],[-76.50933111,3.44693053],[-76.50949886,3.44687445],[-76.50951797,3.44692845],[-76.50930991,3.44699552]]]]},"geometry_name":"the_geom","properties":{"nombre":"COLEGIO EL SABER PRODUCE PERSONAS","localizaci":"CL 34 NO 11H_29","servicio":"EDUCACION","tipo":"COLEGIO","nivel":"EDUCACION PREESCOLAR_EDUCACION BASICA","propiedad":"PRIV","escala":"LOCAL","permanenci":"NO","estruc_eco":"NO","url1":null}},{"type":"Feature","id":"eqp_uco_educacion.3685","geometry":{"type":"MultiPolygon","coordinates":[[[[-76.51011405,3.45069828],[-76.5101021,3.45056229],[-76.51024502,3.45054223],[-76.51032494,3.45053021],[-76.5103372,3.45056819],[-76.51034225,3.45058322],[-76.51035704,3.45063019],[-76.51037218,3.45067618],[-76.51037507,3.45068616],[-76.5103913,3.45073521],[-76.51040825,3.45078713],[-76.5104252,3.45083816],[-76.51043313,3.45086515],[-76.51044142,3.45089017],[-76.51045044,3.45091717],[-76.51045945,3.45094318],[-76.51047532,3.45099411],[-76.51049227,3.45104513],[-76.51049227,3.45104612],[-76.51049447,3.45110418],[-76.5105025,3.45132118],[-76.5105036,3.45135214],[-76.51050361,3.45137014],[-76.51014934,3.45137933],[-76.51014861,3.45135233],[-76.51014752,3.45133136],[-76.51014638,3.45113191],[-76.5101463,3.45107736],[-76.51014449,3.45105729],[-76.51014014,3.45101229],[-76.51011405,3.45069828]]]]},"geometry_name":"the_geom","properties":{"nombre":"COLEGIO MAYOR SANTIAGO DE CALI ARQUIDIOCESIS SEDE TRONCAL","localizaci":"CL 35 NO 10 20 Y 10  14","servicio":"EDUCACION","tipo":"COLEGIO","nivel":"EDUCACION BASICA-EDUCACION MEDIA VOCACIONAL","propiedad":"PRIV","escala":"ZONAL","permanenci":"NO","estruc_eco":"NO","url1":null}},{"type":"Feature","id":"eqp_uco_educacion.3686","geometry":{"type":"MultiPolygon","coordinates":[[[[-76.50235244,3.44866243],[-76.50234741,3.4486744],[-76.50213642,3.4486495],[-76.50213426,3.44864851],[-76.50210041,3.44864555],[-76.50208312,3.44862459],[-76.50210105,3.44848453],[-76.50212613,3.44827454],[-76.50214582,3.44806247],[-76.50216993,3.44803744],[-76.50230891,3.44805536],[-76.50242305,3.4480643],[-76.50241911,3.44809734],[-76.50241301,3.44814837],[-76.50241122,3.44816934],[-76.50240621,3.44820931],[-76.50238721,3.44836737],[-76.50237933,3.4484374],[-76.50237216,3.44849735],[-76.50236714,3.44853938],[-76.50235244,3.44866243]]]]},"geometry_name":"the_geom","properties":{"nombre":"ESCUELA SANTISIMA TRINIDAD ICBF","localizaci":"CL 48 NO 12  84","servicio":"EDUCACION","tipo":"ESCUELA","nivel":"EDUCACION BASICA","propiedad":"PUB","escala":"ZONAL","permanenci":"NO","estruc_eco":"NO","url1":null}},{"type":"Feature","id":"eqp_uco_educacion.3687","geometry":{"type":"MultiPolygon","coordinates":[[[[-76.50914015,3.44934278],[-76.50926832,3.44933569],[-76.5094588,3.44932682],[-76.50945907,3.44931701],[-76.50954881,3.4493131],[-76.50954842,3.44932654],[-76.50962547,3.44932353],[-76.50963182,3.44932276],[-76.50964745,3.44936546],[-76.50977762,3.44972244],[-76.50909068,3.44974378],[-76.50905447,3.44934679],[-76.50914015,3.44934278]]]]},"geometry_name":"the_geom","properties":{"nombre":"CEENTRO DE CAPACITACION DE LA MUJER PARA EL TRABAJO CASA DE LA JUVENTUD","localizaci":"KR 11B 35 00","servicio":"EDUCACION","tipo":"EDUCALTER","nivel":"EDUCACION NO FORMAL","propiedad":"PUB","escala":"LOCAL","permanenci":"NO","estruc_eco":"NO","url1":null}},{"type":"Feature","id":"eqp_uco_educacion.3688","geometry":{"type":"MultiPolygon","coordinates":[[[[-76.50220207,3.45022258],[-76.50213114,3.45021362],[-76.50213222,3.45020867],[-76.50213795,3.4501516],[-76.50214619,3.45008562],[-76.50215586,3.44999462],[-76.50218107,3.44999758],[-76.50218899,3.44999856],[-76.50219115,3.44999856],[-76.50221203,3.45000161],[-76.50222715,3.45000259],[-76.50220207,3.45022258]]]]},"geometry_name":"the_geom","properties":{"nombre":"LICEO NAPOLITANO","localizaci":"KR 11 NO 47 22","servicio":"EDUCACION","tipo":"LICEO","nivel":"EDUCACION PREESCOLAR_EDUCACION BASICA","propiedad":"PRIV","escala":"LOCAL","permanenci":"NO","estruc_eco":"NO","url1":null}},{"type":"Feature","id":"eqp_uco_educacion.3689","geometry":{"type":"MultiPolygon","coordinates":[[[[-76.50770794,3.44866753],[-76.5077792,3.44928448],[-76.50711423,3.44931184],[-76.50702003,3.44888392],[-76.50770794,3.44866753]]]]},"geometry_name":"the_geom","properties":{"nombre":"INSTITUTO EDUCATIVO COMERCIAL SEDE  GABRIEL MONTAÑO","localizaci":"KR 11B 38 00","servicio":"EDUCACION","tipo":"INSTEDUCI","nivel":"EDUCACION BASICA-EDUCACION MEDIA VOCACIONAL","propiedad":"PUB","escala":"LOCAL","permanenci":"NO","estruc_eco":"NO","url1":null}},{"type":"Feature","id":"eqp_uco_educacion.3690","geometry":{"type":"MultiPolygon","coordinates":[[[[-76.50815722,3.44927032],[-76.50815614,3.44925331],[-76.5081532,3.4491553],[-76.50815102,3.44912128],[-76.50814993,3.44909329],[-76.50817117,3.44909228],[-76.50821509,3.44909028],[-76.50821619,3.44912727],[-76.5082213,3.44924527],[-76.50822203,3.44926723],[-76.50815722,3.44927032]]]]},"geometry_name":"the_geom","properties":{"nombre":"JARDIN INFANTIL YOLY","localizaci":"KR 11C NO 37 26","servicio":"EDUCACION","tipo":"JARDININF","nivel":"EDUCACION PREESCOLAR","propiedad":"PRIV","escala":"LOCAL","permanenci":"NO","estruc_eco":"NO","url1":null}},{"type":"Feature","id":"eqp_uco_educacion.3691","geometry":{"type":"MultiPolygon","coordinates":[[[[-76.51102552,3.45112486],[-76.51101146,3.45108085],[-76.51110037,3.45104579],[-76.51115544,3.45102479],[-76.51115942,3.45104774],[-76.51116158,3.4510598],[-76.51116447,3.45107978],[-76.51116339,3.45107978],[-76.51102552,3.45112486]]]]},"geometry_name":"the_geom","properties":{"nombre":"JARDIN INFANTIL EL TALLER DE LOS TRAVIESOS","localizaci":"CL 34 NO 10 30/34","servicio":"EDUCACION","tipo":"JARDININF","nivel":"EDUCACION PREESCOLAR","propiedad":"PRIV","escala":"LOCAL","permanenci":"NO","estruc_eco":"NO","url1":null}},{"type":"Feature","id":"eqp_uco_educacion.3692","geometry":{"type":"MultiPolygon","coordinates":[[[[-76.51086154,3.44746973],[-76.51086083,3.44746481],[-76.51074128,3.44745179],[-76.51071921,3.44724974],[-76.51075123,3.44721273],[-76.5109093,3.4472347],[-76.51091146,3.4472347],[-76.51127152,3.44727951],[-76.5112486,3.44750849],[-76.5112486,3.44751551],[-76.51086154,3.44746973]]]]},"geometry_name":"the_geom","properties":{"nombre":"CENTRO EDUCATIVO MUNICIPAL COMFANDI","localizaci":"KR 11F NO 33F 11","servicio":"EDUCACION","tipo":"CENTEDUC","nivel":"EDUCACION BASICA","propiedad":"PRIV","escala":"ZONAL","permanenci":"NO","estruc_eco":"NO","url1":null}},{"type":"Feature","id":"eqp_uco_educacion.3693","geometry":{"type":"MultiPolygon","coordinates":[[[[-76.51342524,3.44663029],[-76.51343207,3.44660122],[-76.51344536,3.44654226],[-76.51344823,3.44653029],[-76.51345003,3.44652129],[-76.51345218,3.44651327],[-76.51345218,3.44651228],[-76.51347014,3.44643226],[-76.5134707,3.44642452],[-76.51353099,3.44643718],[-76.51353027,3.4464442],[-76.5134922,3.44661226],[-76.51348717,3.44663224],[-76.51342524,3.44663029]]]]},"geometry_name":"the_geom","properties":{"nombre":"COLEGIO SANTA BIBIANA","localizaci":"KR 12 NO 31  41","servicio":"EDUCACION","tipo":"COLEGIO","nivel":"EDUCACION PREESCOLAR_EDUCACION BASICA_EDUCACION MEDIA VOCACIONAL","propiedad":"PRIV","escala":"LOCAL","permanenci":"NO","estruc_eco":"NO","url1":null}},{"type":"Feature","id":"eqp_uco_educacion.3694","geometry":{"type":"MultiPolygon","coordinates":[[[[-76.51567959,3.4500109],[-76.51580799,3.45069059],[-76.51580915,3.45069617],[-76.51580568,3.45069679],[-76.51534167,3.45077935],[-76.51520291,3.45010336],[-76.51539835,3.45006397],[-76.515399,3.45006743],[-76.51548377,3.45005419],[-76.51548225,3.45004609],[-76.51567959,3.4500109]]]]},"geometry_name":"the_geom","properties":{"nombre":"CENTRO DOCENTE NO 69 SEDE NUESTRA SEÑORA DE LA FATIMA","localizaci":"KR 10 NO 28 25","servicio":"EDUCACION","tipo":"CENTDOC","nivel":"EDUCACION BASICA-EDUCACION MEDIA VOCACIONAL","propiedad":"PUB","escala":"LOCAL","permanenci":"NO","estruc_eco":"NO","url1":null}},{"type":"Feature","id":"eqp_uco_educacion.3695","geometry":{"type":"MultiPolygon","coordinates":[[[[-76.51583614,3.44952716],[-76.51582495,3.44947011],[-76.51599307,3.44943806],[-76.51599486,3.44943707],[-76.51601395,3.449434],[-76.51602514,3.44949106],[-76.51601002,3.44949404],[-76.51600606,3.44949404],[-76.51586098,3.44952211],[-76.51583614,3.44952716]]]]},"geometry_name":"the_geom","properties":{"nombre":"JARDIN INFANTIL SEMILLITAS DEL FUTURO","localizaci":"KR 28 NO 11A 31","servicio":"EDUCACION","tipo":"JARDININF","nivel":"EDUCACION PREESCOLAR","propiedad":"PRIV","escala":"LOCAL","permanenci":"NO","estruc_eco":"NO","url1":null}},{"type":"Feature","id":"eqp_uco_educacion.3696","geometry":{"type":"MultiPolygon","coordinates":[[[[-76.51543061,3.44727923],[-76.51529091,3.44726229],[-76.51525887,3.44725835],[-76.51524086,3.44725629],[-76.51521782,3.44725432],[-76.51522176,3.4472203],[-76.51522571,3.44719428],[-76.51531068,3.4472063],[-76.51532365,3.44720827],[-76.51543936,3.44722356],[-76.51544116,3.44722578],[-76.51544283,3.44722621],[-76.51543565,3.44727922],[-76.51543061,3.44727923]]]]},"geometry_name":"the_geom","properties":{"nombre":"COLEGIO NUESTRA SEÑORA DE FATIMA","localizaci":"CL 29 NO 11G  47","servicio":"EDUCACION","tipo":"COLEGIO","nivel":"EDUCACION PREESCOLAR_EDUCACION BASICA","propiedad":"PRIV","escala":"LOCAL","permanenci":"NO","estruc_eco":"NO","url1":null}},{"type":"Feature","id":"eqp_uco_educacion.3697","geometry":{"type":"MultiPolygon","coordinates":[[[[-76.51761577,3.44683098],[-76.51762187,3.44678796],[-76.51761466,3.44678697],[-76.51763869,3.44660596],[-76.51793682,3.44664585],[-76.51791279,3.44683082],[-76.51786582,3.44718187],[-76.51781685,3.44717487],[-76.51781398,3.44719594],[-76.51756986,3.44716403],[-76.51758277,3.44707005],[-76.51758493,3.44707104],[-76.51758493,3.44706906],[-76.51760071,3.44694404],[-76.51760788,3.44689003],[-76.51761577,3.44683098]]]]},"geometry_name":"the_geom","properties":{"nombre":"INSTITUTO MANUEL SAAVEDRA GALINDO SEDE BENJAMIN HERRERA","localizaci":"CL 25 12 34","servicio":"EDUCACION","tipo":"INSTEDUCI","nivel":"EDUCACION BASICA-EDUCACION MEDIA VOCACIONAL","propiedad":"PUB","escala":"LOCAL","permanenci":"NO","estruc_eco":"NO","url1":null}},{"type":"Feature","id":"eqp_uco_educacion.3698","geometry":{"type":"MultiPolygon","coordinates":[[[[-76.50988412,3.44247444],[-76.50987439,3.44263879],[-76.51018611,3.44268242],[-76.51019608,3.44252075],[-76.51019614,3.44251946],[-76.51041894,3.44255161],[-76.51044091,3.44257464],[-76.51042886,3.44291865],[-76.51040401,3.44291767],[-76.5100951,3.44290587],[-76.5097869,3.44289398],[-76.50976098,3.44289399],[-76.50973182,3.44289203],[-76.50968094,3.44267505],[-76.5096759,3.44265451],[-76.50966975,3.44263005],[-76.5096315,3.44247004],[-76.50965273,3.44244105],[-76.50988412,3.44247444]]]]},"geometry_name":"the_geom","properties":{"nombre":"ESCUELA HERNANDO WAGNER","localizaci":"KR 16A 33D 36","servicio":"EDUCACION","tipo":"ESCUELA","nivel":"EDUCACION BASICA-EDUCACION MEDIA VOCACIONAL","propiedad":"PUB","escala":"LOCAL","permanenci":"NO","estruc_eco":"NO","url1":null}},{"type":"Feature","id":"eqp_uco_educacion.3699","geometry":{"type":"MultiPolygon","coordinates":[[[[-76.51051981,3.44387329],[-76.51051986,3.44387318],[-76.51052057,3.44383506],[-76.51052313,3.44383512],[-76.51052415,3.443751],[-76.51052432,3.44373794],[-76.51052434,3.44373765],[-76.51055135,3.44373863],[-76.51059347,3.44373959],[-76.51064532,3.44374055],[-76.51064467,3.4438806],[-76.51064468,3.4438896],[-76.51058851,3.44388567],[-76.51058851,3.44387865],[-76.51051981,3.44387329]]]]},"geometry_name":"the_geom","properties":{"nombre":"LICEO IDEAS INFANTILES","localizaci":"CL 33D 16 18","servicio":"EDUCACION","tipo":"LICEO","nivel":"EDUCACION PREESCOLAR_EDUCACION BASICA","propiedad":"PRIV","escala":"LOCAL","permanenci":"NO","estruc_eco":"NO","url1":null}},{"type":"Feature","id":"eqp_uco_educacion.3701","geometry":{"type":"MultiPolygon","coordinates":[[[[-76.51481384,3.4458631],[-76.51478791,3.44585907],[-76.51472778,3.4458501],[-76.5147141,3.44584813],[-76.51463759,3.44583713],[-76.51464564,3.44576714],[-76.51465111,3.44577064],[-76.51465158,3.44576648],[-76.51482801,3.44579094],[-76.51481706,3.44584105],[-76.51481599,3.44584906],[-76.51481491,3.44585104],[-76.51481383,3.44585707],[-76.51481384,3.4458631]]]]},"geometry_name":"the_geom","properties":{"nombre":"COLEGIO SANTA INES","localizaci":"CL 30A NO 12 92","servicio":"EDUCACION","tipo":"COLEGIO","nivel":"EDUCACION BASICA","propiedad":"PRIV","escala":"LOCAL","permanenci":"NO","estruc_eco":"NO","url1":null}},{"type":"Feature","id":"eqp_uco_educacion.3702","geometry":{"type":"MultiPolygon","coordinates":[[[[-76.51203694,3.4372134],[-76.51204701,3.43719639],[-76.51203294,3.43713942],[-76.5120531,3.43713545],[-76.51213553,3.43711431],[-76.51216088,3.43722702],[-76.51218962,3.43726225],[-76.51215854,3.43730608],[-76.51203694,3.4372134]]]]},"geometry_name":"the_geom","properties":{"nombre":"JARDIN INFANTIL Y ESCUELA MATERNAL GENESIS","localizaci":"DG 23 NO 22  19","servicio":"EDUCACION","tipo":"JRADININF","nivel":"EDUCACION PREESCOLAR","propiedad":"PRIV","escala":"LOCAL","permanenci":"NO","estruc_eco":"NO","url1":null}},{"type":"Feature","id":"eqp_uco_educacion.3703","geometry":{"type":"MultiPolygon","coordinates":[[[[-76.51042716,3.43774837],[-76.51048224,3.4377343],[-76.51049523,3.4377873],[-76.51052626,3.43791834],[-76.51052915,3.4379303],[-76.51047119,3.43794429],[-76.51046939,3.43793934],[-76.51041323,3.43795638],[-76.51038334,3.43794037],[-76.51034221,3.43778739],[-76.51033825,3.43777335],[-76.51034616,3.43777037],[-76.51038828,3.43775937],[-76.51042716,3.43774837]]]]},"geometry_name":"the_geom","properties":{"nombre":"LICEO SAN ANTONIO","localizaci":"KR 22  D 23 194","servicio":"EDUCACION","tipo":"LICEO","nivel":"EDUCACION BASICA-EDUCACION MEDIA VOCACIONAL","propiedad":"PRIV","escala":"LOCAL","permanenci":"NO","estruc_eco":"NO","url1":null}},{"type":"Feature","id":"eqp_uco_educacion.3704","geometry":{"type":"MultiPolygon","coordinates":[[[[-76.51140883,3.43883987],[-76.51134977,3.43880093],[-76.51140877,3.43870991],[-76.51142064,3.4386919],[-76.51149267,3.43874181],[-76.51148979,3.43874586],[-76.51142576,3.43885184],[-76.51140883,3.43883987]]]]},"geometry_name":"the_geom","properties":{"nombre":"COLEGIO BAUTISTA EMAUS","localizaci":"TR 31 D22 43","servicio":"EDUCACION","tipo":"COLEGIO","nivel":"EDUCACION PREESCOLAR_EDUCACION BASICA","propiedad":"PRIV","escala":"LOCAL","permanenci":"NO","estruc_eco":"NO","url1":null}},{"type":"Feature","id":"eqp_uco_educacion.3705","geometry":{"type":"MultiPolygon","coordinates":[[[[-76.51100719,3.43979019],[-76.51100935,3.43979217],[-76.51100719,3.43979514],[-76.51092553,3.43992218],[-76.51089855,3.43996522],[-76.51087049,3.44000628],[-76.51084459,3.44004527],[-76.51080466,3.4401073],[-76.51077156,3.44015934],[-76.51073739,3.4402103],[-76.51070861,3.44025631],[-76.51067875,3.44030232],[-76.51065249,3.44034239],[-76.51062155,3.44038939],[-76.51055968,3.44048447],[-76.51052982,3.44053048],[-76.5104996,3.44057649],[-76.51047083,3.4406215],[-76.51039492,3.44073756],[-76.51026564,3.44067958],[-76.51017489,3.44063967],[-76.51014463,3.44060863],[-76.51014462,3.44059864],[-76.51076733,3.43965324],[-76.51080333,3.43964827],[-76.51098342,3.43977319],[-76.51100719,3.43979019]]]]},"geometry_name":"the_geom","properties":{"nombre":"INSTITUTO EDUCATIVO SANTA FE SEDE MANUEL REBOLLEDO","localizaci":"DG 23 NO 17C 00","servicio":"EDUCACION","tipo":"INSTEDUCI","nivel":"EDUCACION BASICA","propiedad":"PUB","escala":"LOCAL","permanenci":"NO","estruc_eco":"NO","url1":null}},{"type":"Feature","id":"eqp_uco_educacion.3706","geometry":{"type":"MultiPolygon","coordinates":[[[[-76.51422729,3.43940615],[-76.51420838,3.43936454],[-76.51443151,3.43921329],[-76.51443439,3.43921725],[-76.51443547,3.43922022],[-76.51445853,3.43925225],[-76.51424079,3.43939979],[-76.51422729,3.43940615]]]]},"geometry_name":"the_geom","properties":{"nombre":"COLEGIO AMERICANO","localizaci":"TR 30 NO 17F 122","servicio":"EDUCACION","tipo":"COLEGIO","nivel":"EDUCACION BASICA-EDUCACION MEDIA VOCACIONAL","propiedad":"PRIV","escala":"URBANA","permanenci":"SI","estruc_eco":"NO","url1":null}},{"type":"Feature","id":"eqp_uco_educacion.3707","geometry":{"type":"MultiPolygon","coordinates":[[[[-76.51489009,3.43700386],[-76.51490629,3.43700484],[-76.51492321,3.43700987],[-76.5151033,3.43714379],[-76.51510836,3.43717178],[-76.51479357,3.43763395],[-76.51475362,3.43764801],[-76.51429329,3.43726222],[-76.51420322,3.43714428],[-76.51420608,3.43711223],[-76.51426728,3.43709024],[-76.51464204,3.437039],[-76.51489009,3.43700386]]]]},"geometry_name":"the_geom","properties":{"nombre":"INSTITUCION EDUCATIVA EVARISTO GARCIA SEDE FERNANDO DE ARANGO","localizaci":"KR 17G CL 28","servicio":"EDUCACION","tipo":"INSTEDUCI","nivel":"EDUCACION BASICA","propiedad":"PUB","escala":"LOCAL","permanenci":"NO","estruc_eco":"NO","url1":null}},{"type":"Feature","id":"eqp_uco_educacion.3708","geometry":{"type":"MultiPolygon","coordinates":[[[[-76.51337435,3.44102396],[-76.51323593,3.44071298],[-76.513228,3.44069498],[-76.51363186,3.44051475],[-76.51377603,3.44082474],[-76.51376417,3.44085274],[-76.51368534,3.4408878],[-76.51368822,3.44089473],[-76.51337723,3.44103098],[-76.51337435,3.44102396]]]]},"geometry_name":"the_geom","properties":{"nombre":"ESCUELA SAAVEDRA GALINDO","localizaci":"KR 17F NO T 31  17","servicio":"EDUCACION","tipo":"ESCUELA","nivel":"EDUCACION BASICA","propiedad":"PUB","escala":"LOCAL","permanenci":"NO","estruc_eco":"NO","url1":null}},{"type":"Feature","id":"eqp_uco_educacion.3709","geometry":{"type":"MultiPolygon","coordinates":[[[[-76.51325694,3.44230913],[-76.51328497,3.44219409],[-76.51353885,3.44230898],[-76.51369802,3.44237585],[-76.51349933,3.44313705],[-76.51308128,3.44303521],[-76.51325694,3.44230913]]]]},"geometry_name":"the_geom","properties":{"nombre":"COLEGIO EVARISTO GARCIA","localizaci":"CL32 NO 17 00","servicio":"EDUCACION","tipo":"COLEGIO","nivel":"EDUCACION BASICA-EDUCACION MEDIA VOCACIONAL","propiedad":"PUB","escala":"ZONAL","permanenci":"NO","estruc_eco":"NO","url1":null}},{"type":"Feature","id":"eqp_uco_educacion.3710","geometry":{"type":"MultiPolygon","coordinates":[[[[-76.51462895,3.43680301],[-76.51460581,3.43660402],[-76.51465909,3.43659698],[-76.51468295,3.43679398],[-76.51462895,3.43680301]]]]},"geometry_name":"the_geom","properties":{"nombre":"PRE ICFES UNIVALLE","localizaci":"KR 23 NO 28 35","servicio":"EDUCACION","tipo":"CENTEDUC","nivel":"EDUCACION NO FORMAL","propiedad":"PUB","escala":"LOCAL","permanenci":"NO","estruc_eco":"NO","url1":null}},{"type":"Feature","id":"eqp_uco_educacion.3711","geometry":{"type":"MultiPolygon","coordinates":[[[[-76.50643295,3.44124248],[-76.50669742,3.44114822],[-76.50672716,3.44113826],[-76.50678101,3.44112055],[-76.50687781,3.44139136],[-76.50652705,3.44151193],[-76.50643295,3.44124248]]]]},"geometry_name":"the_geom","properties":{"nombre":"CENTRO EDUCATIVO NUESTRA SEÑORA DE LOURDES","localizaci":"KR 18 NO 34 105","servicio":"EDUCACION","tipo":"CENTEDUC","nivel":"EDUCACION BASICA MEDIA","propiedad":"PRIV","escala":"ZONAL","permanenci":"NO","estruc_eco":"NO","url1":null}},{"type":"Feature","id":"eqp_uco_educacion.3712","geometry":{"type":"MultiPolygon","coordinates":[[[[-76.50723282,3.446577],[-76.50729945,3.44677485],[-76.50730221,3.44677076],[-76.50739069,3.44717511],[-76.50712171,3.44726177],[-76.50675958,3.44737897],[-76.50674086,3.44737601],[-76.50675867,3.44701994],[-76.50676045,3.44698195],[-76.50676045,3.44697898],[-76.50704056,3.44689842],[-76.50696327,3.44654685],[-76.50723282,3.446577]]]]},"geometry_name":"the_geom","properties":{"nombre":"CENTRO EDUCATIVO RAFAEL URIBE URIBE","localizaci":"KR 12 38 58","servicio":"EDUCACION","tipo":"CENTEDUC","nivel":"EDUCACION BASICA","propiedad":"PUB","escala":"ZONAL","permanenci":"NO","estruc_eco":"NO","url1":null}},{"type":"Feature","id":"eqp_uco_educacion.3713","geometry":{"type":"MultiPolygon","coordinates":[[[[-76.51567959,3.4500109],[-76.51570414,3.45000653],[-76.51570445,3.45001053],[-76.51611034,3.44993303],[-76.5162373,3.45059171],[-76.51623852,3.45061977],[-76.51580915,3.45069617],[-76.51580799,3.45069059],[-76.51567959,3.4500109]]]]},"geometry_name":"the_geom","properties":{"nombre":"COLEGIO DEPARTAMENTAL MANUEL SAAVEDRA GALINDO","localizaci":"KR 10 NO 28 10","servicio":"EDUCACION","tipo":"COLEGIO","nivel":"EDUCACION BASICA-EDUCACION MEDIA VOCACIONAL","propiedad":"PUB","escala":"LOCAL","permanenci":"NO","estruc_eco":"NO","url1":null}},{"type":"Feature","id":"eqp_uco_educacion.3714","geometry":{"type":"MultiPolygon","coordinates":[[[[-76.49443147,3.4447171],[-76.49446838,3.44455642],[-76.49448524,3.44444543],[-76.49449636,3.44436442],[-76.49452335,3.44434541],[-76.49483517,3.44438926],[-76.49484237,3.44439024],[-76.49487621,3.44439418],[-76.49487837,3.44439418],[-76.49528343,3.44442601],[-76.49528058,3.444481],[-76.49527844,3.44451502],[-76.49526841,3.44461899],[-76.49526662,3.44464203],[-76.49526447,3.44465904],[-76.49526161,3.44468604],[-76.49526053,3.44470099],[-76.49526098,3.44470413],[-76.49526072,3.44470795],[-76.49525544,3.44478501],[-76.49524535,3.44478408],[-76.49524648,3.44488621],[-76.49520561,3.44487771],[-76.49505356,3.44484608],[-76.49481689,3.44479684],[-76.49461628,3.4447551],[-76.49443264,3.44471689],[-76.49443147,3.4447171]]]]},"geometry_name":"the_geom","properties":{"nombre":"COLEGIO DEPARTAMENTAL ALBERTO CARVAJAL BORRERO","localizaci":"KR 14 NO 58 00","servicio":"EDUCACION","tipo":"COLEGIO","nivel":"EDUCACION BASICA-EDUCACION MEDIA VOCACIONAL","propiedad":"PUB","escala":"ZONAL","permanenci":"NO","estruc_eco":"NO","url1":null}},{"type":"Feature","id":"eqp_uco_educacion.3715","geometry":{"type":"MultiPolygon","coordinates":[[[[-76.51159721,3.43386594],[-76.51156373,3.43390965],[-76.51142327,3.43379808],[-76.51145601,3.43375504],[-76.51159721,3.43386594]]]]},"geometry_name":"the_geom","properties":{"nombre":"LICEO INFANTIL LAS MARAVILLAS","localizaci":"DG 25 NO 25 74","servicio":"EDUCACION","tipo":"LICEO","nivel":"EDUCACION PREESCOLAR_EDUCACION BASICA","propiedad":"PRIV","escala":"LOCAL","permanenci":"NO","estruc_eco":"NO","url1":null}},{"type":"Feature","id":"eqp_uco_educacion.3716","geometry":{"type":"MultiPolygon","coordinates":[[[[-76.5114435,3.43408613],[-76.51140644,3.43412818],[-76.51139852,3.43412117],[-76.51135457,3.43408717],[-76.51131243,3.43405416],[-76.51125625,3.43401126],[-76.51129042,3.43396723],[-76.51140929,3.43406113],[-76.5114435,3.43408613]]]]},"geometry_name":"the_geom","properties":{"nombre":"LICEO SOL SOLECITO","localizaci":"DG 25 NO 25 106","servicio":"EDUCACION","tipo":"LICEO","nivel":"EDUCACION PREESCOLAR_EDUCACION BASICA","propiedad":"PRIV","escala":"LOCAL","permanenci":"NO","estruc_eco":"NO","url1":null}},{"type":"Feature","id":"eqp_uco_educacion.3717","geometry":{"type":"MultiPolygon","coordinates":[[[[-76.51386315,3.43479362],[-76.51387945,3.43477206],[-76.51422803,3.43504962],[-76.5139985,3.43543151],[-76.51396074,3.4354966],[-76.51357537,3.43525479],[-76.51363832,3.43515377],[-76.51386315,3.43479362]]]]},"geometry_name":"the_geom","properties":{"nombre":"INSTITUCION EDUCATIVA CIUDAD DE CALI SEDE ALFREDO VASQUEZ COBO","localizaci":"TR 25 ENTRE DG 22 Y 23","servicio":"EDUCACION","tipo":"CENTEDUC","nivel":"EDUCACION BASICA-EDUCACION MEDIA VOCACIONAL","propiedad":"PUB","escala":"LOCAL","permanenci":"NO","estruc_eco":"NO","url1":null}},{"type":"Feature","id":"eqp_uco_educacion.3718","geometry":{"type":"MultiPolygon","coordinates":[[[[-76.51308639,3.43542819],[-76.51305329,3.43547925],[-76.51294004,3.43540524],[-76.51297234,3.43535504],[-76.51308639,3.43542819]]]]},"geometry_name":"the_geom","properties":{"nombre":"LICEO LA VILLA DEL SABER","localizaci":"DG 24 NO 25 113","servicio":"EDUCACION","tipo":"LICEO","nivel":"EDUCACION PREESCOLAR","propiedad":"PRIV","escala":"LOCAL","permanenci":"NO","estruc_eco":"NO","url1":null}},{"type":"Feature","id":"eqp_uco_educacion.3719","geometry":{"type":"MultiPolygon","coordinates":[[[[-76.51440194,3.43609066],[-76.51434866,3.43609771],[-76.51431866,3.43588973],[-76.51437158,3.43588268],[-76.51440194,3.43609066]]]]},"geometry_name":"the_geom","properties":{"nombre":"ESCUELAS DE AUXILIARES DE ENFERMERIA_CLINICA BLANCA","localizaci":"KR 23 NO 25 88","servicio":"EDUCACION","tipo":"ESCTSUPER","nivel":"EDUCACION TECNICA","propiedad":"PRIV","escala":"LOCAL","permanenci":"NO","estruc_eco":"NO","url1":null}},{"type":"Feature","id":"eqp_uco_educacion.3720","geometry":{"type":"MultiPolygon","coordinates":[[[[-76.50426821,3.43274472],[-76.50421205,3.43276167],[-76.50401911,3.43281785],[-76.50400288,3.43276782],[-76.50421202,3.43270272],[-76.5042509,3.43269073],[-76.50426821,3.43274472]]]]},"geometry_name":"the_geom","properties":{"nombre":"INSTITUTO ELIM INTERNACIONAL","localizaci":"CL 36A NO 27A 48","servicio":"EDUCACION","tipo":"INSTEDUCI","nivel":"EDUCACION BASICA-EDUCACION MEDIA VOCACIONAL","propiedad":"PRIV","escala":"LOCAL","permanenci":"NO","estruc_eco":"NO","url1":null}},{"type":"Feature","id":"eqp_uco_educacion.3721","geometry":{"type":"MultiPolygon","coordinates":[[[[-76.50406624,3.43296555],[-76.50405217,3.43291957],[-76.50421416,3.4328725],[-76.5043002,3.43284842],[-76.50431715,3.43290241],[-76.50433338,3.43295344],[-76.50421422,3.43298545],[-76.50408319,3.43301955],[-76.50406624,3.43296555]]]]},"geometry_name":"the_geom","properties":{"nombre":"ESCUELA No 28 BELLO HORIZONTE","localizaci":"CL 36A NO 27A 24","servicio":"EDUCACION","tipo":"ESCUELA","nivel":"EDUCACION BASICA-EDUCACION MEDIA VOCACIONAL","propiedad":"PUB","escala":"LOCAL","permanenci":"NO","estruc_eco":"NO","url1":null}},{"type":"Feature","id":"eqp_uco_educacion.3722","geometry":{"type":"MultiPolygon","coordinates":[[[[-76.50332609,3.43209399],[-76.50329334,3.43212605],[-76.50323432,3.43217604],[-76.50322425,3.43218405],[-76.50316338,3.43214809],[-76.50322129,3.43204005],[-76.50332609,3.43209399]]]]},"geometry_name":"the_geom","properties":{"nombre":"LICEO SAN JUDAS","localizaci":"DG 28C NO 28A 05","servicio":"EDUCACION","tipo":"LICEO","nivel":"EDUCACION BASICA","propiedad":"PRIV","escala":"LOCAL","permanenci":"NO","estruc_eco":"NO","url1":null}},{"type":"Feature","id":"eqp_uco_educacion.3723","geometry":{"type":"MultiPolygon","coordinates":[[[[-76.50128596,3.42956398],[-76.50168226,3.42976751],[-76.50149867,3.43007136],[-76.50129711,3.42996826],[-76.50112516,3.4298768],[-76.50128596,3.42956398]]]]},"geometry_name":"the_geom","properties":{"nombre":"INSTITUCION EDUCATIVA JUAN XXIII","localizaci":"KR 28C NO 50 16","servicio":"EDUCACION","tipo":"CENTEDUC","nivel":"EDUCACION BASICA-EDUCACION MEDIA VOCACIONAL","propiedad":"PUB","escala":"LOCAL","permanenci":"NO","estruc_eco":"NO","url1":null}},{"type":"Feature","id":"eqp_uco_educacion.3724","geometry":{"type":"MultiPolygon","coordinates":[[[[-76.50519751,3.43859953],[-76.5051839,3.43855869],[-76.50513736,3.43840657],[-76.50518813,3.43838866],[-76.50525126,3.43857973],[-76.50519751,3.43859953]]]]},"geometry_name":"the_geom","properties":{"nombre":"ICATEC CARRERAS TECNICAS EN SISTEMAS","localizaci":"KR 23 NO 36A 36","servicio":"EDUCACION","tipo":"SISTEM","nivel":"EDUCACION NO FORMAL","propiedad":"PRIV","escala":"LOCAL","permanenci":"NO","estruc_eco":"NO","url1":null}},{"type":"Feature","id":"eqp_uco_educacion.3725","geometry":{"type":"MultiPolygon","coordinates":[[[[-76.50459621,3.42728833],[-76.50457103,3.42733839],[-76.50438196,3.42724146],[-76.50440822,3.42719248],[-76.50459621,3.42728833]]]]},"geometry_name":"the_geom","properties":{"nombre":"COLEGIO CRISTIANO REY PAZ","localizaci":"CL 44 NO 28F 31","servicio":"EDUCACION","tipo":"COLEGIO","nivel":"EDUCACION BASICA-EDUCACION MEDIA VOCACIONAL","propiedad":"PRIV","escala":"LOCAL","permanenci":"NO","estruc_eco":"NO","url1":null}},{"type":"Feature","id":"eqp_uco_educacion.3726","geometry":{"type":"MultiPolygon","coordinates":[[[[-76.50159554,3.43673902],[-76.50154478,3.43675308],[-76.50150655,3.43662404],[-76.50147336,3.4365111],[-76.50157559,3.43647603],[-76.50164051,3.43668103],[-76.50164881,3.43672504],[-76.50159554,3.43673902]]]]},"geometry_name":"the_geom","properties":{"nombre":"CENTRO DE ATENCION AL PREESCOLAR ICBF","localizaci":"KR 25A NO 42A 19","servicio":"EDUCACION","tipo":"INSTINF","nivel":"EDUCACION PREESCOLAR","propiedad":"PUB","escala":"LOCAL","permanenci":"NO","estruc_eco":"NO","url1":null}},{"type":"Feature","id":"eqp_uco_educacion.3727","geometry":{"type":"MultiPolygon","coordinates":[[[[-76.50223156,3.42771557],[-76.5020605,3.42762763],[-76.5020864,3.42757857],[-76.50225566,3.42766749],[-76.50223156,3.42771557]]]]},"geometry_name":"the_geom","properties":{"nombre":"JARDIN INFANTIL ARCA DE NOE","localizaci":"CL 52 NO 28E 37","servicio":"EDUCACION","tipo":"JARDININF","nivel":"EDUCACION PREESCOLAR","propiedad":"PRIV","escala":"LOCAL","permanenci":"NO","estruc_eco":"NO","url1":null}},{"type":"Feature","id":"eqp_uco_educacion.3728","geometry":{"type":"MultiPolygon","coordinates":[[[[-76.50536328,3.43095995],[-76.50535484,3.43093858],[-76.50534208,3.43089091],[-76.50533807,3.4308758],[-76.50534057,3.43086016],[-76.50534173,3.43085281],[-76.50533861,3.43083196],[-76.5053368,3.43082001],[-76.50533345,3.43079799],[-76.50532896,3.43076848],[-76.50532591,3.43074783],[-76.50532427,3.43073746],[-76.50531928,3.4307046],[-76.50531696,3.43068939],[-76.50531294,3.4306627],[-76.50530935,3.43063951],[-76.50530408,3.43060315],[-76.50536019,3.43057276],[-76.50546491,3.43051631],[-76.5055056,3.4304944],[-76.50558287,3.430459],[-76.50567352,3.43041807],[-76.50568562,3.43041905],[-76.50571496,3.43053122],[-76.50573513,3.43060803],[-76.50574642,3.43065599],[-76.50576363,3.4307277],[-76.50577816,3.4307891],[-76.50579184,3.4308461],[-76.50580073,3.43088288],[-76.50536328,3.43095995]]]]},"geometry_name":"the_geom","properties":{"nombre":"CENTRO EDUCATIVO EL PARAISO","localizaci":"DG 28C NO 33G 05","servicio":"EDUCACION","tipo":"CENTEDUC","nivel":"EDUCACION BASICA-EDUCACION MEDIA VOCACIONAL","propiedad":"PRIV","escala":"LOCAL","permanenci":"NO","estruc_eco":"NO","url1":null}},{"type":"Feature","id":"eqp_uco_educacion.3729","geometry":{"type":"MultiPolygon","coordinates":[[[[-76.49930894,3.43363995],[-76.49931537,3.43362626],[-76.49936232,3.43364861],[-76.49929053,3.43379991],[-76.49928428,3.43381363],[-76.49924431,3.43379367],[-76.49923453,3.43378951],[-76.49930894,3.43363995]]]]},"geometry_name":"the_geom","properties":{"nombre":"LICEO EDUCATIVO CHICATOS","localizaci":"KR 26N NO 50 37","servicio":"EDUCACION","tipo":"LICEO","nivel":"EDUCACION BASICA","propiedad":"PRIV","escala":"LOCAL","permanenci":"NO","estruc_eco":"NO","url1":null}},{"type":"Feature","id":"eqp_uco_educacion.3730","geometry":{"type":"MultiPolygon","coordinates":[[[[-76.49894596,3.43331528],[-76.49884537,3.43326435],[-76.49869063,3.43318655],[-76.49852057,3.43310422],[-76.49872536,3.43266758],[-76.49915324,3.43287234],[-76.49894596,3.43331528]]]]},"geometry_name":"the_geom","properties":{"nombre":"CENTRO DOCENTE NO 19","localizaci":"KR 26N NO 52 58","servicio":"EDUCACION","tipo":"CENTDOC","nivel":"EDUCACION BASICA-EDUCACION MEDIA VOCACIONAL","propiedad":"PUB","escala":"ZONAL","permanenci":"NO","estruc_eco":"NO","url1":null}},{"type":"Feature","id":"eqp_uco_educacion.3731","geometry":{"type":"MultiPolygon","coordinates":[[[[-76.49916988,3.43282985],[-76.49923467,3.43285799],[-76.49935945,3.43259379],[-76.49954919,3.43268296],[-76.49991005,3.43286923],[-76.50004229,3.43293622],[-76.49989377,3.43326445],[-76.4998567,3.43334687],[-76.49955287,3.43320755],[-76.49940181,3.43354607],[-76.49894596,3.43331528],[-76.49915324,3.43287234],[-76.49916988,3.43282985]]]]},"geometry_name":"the_geom","properties":{"nombre":"INSTITUCION EDUCATIVA HERNANDO NAVIA VARON","localizaci":"KR 26P NO 50 39","servicio":"EDUCACION","tipo":"CENTEDUC","nivel":"EDUCACION BASICA-EDUCACION MEDIA VOCACIONAL","propiedad":"PRIV","escala":"LOCAL","permanenci":"NO","estruc_eco":"NO","url1":null}},{"type":"Feature","id":"eqp_uco_educacion.3732","geometry":{"type":"MultiPolygon","coordinates":[[[[-76.50023875,3.44034829],[-76.50018872,3.44036533],[-76.50011047,3.44013136],[-76.50015762,3.44011531],[-76.50015834,3.44011729],[-76.50023875,3.44034829]]]]},"geometry_name":"the_geom","properties":{"nombre":"LICEO NUEVA FLORESTA","localizaci":"KR 23 NO 49 30","servicio":"EDUCACION","tipo":"LICEO","nivel":"EDUCACION BASICA-EDUCACION MEDIA VOCACIONAL","propiedad":"PRIV","escala":"LOCAL","permanenci":"NO","estruc_eco":"NO","url1":null}},{"type":"Feature","id":"eqp_uco_educacion.3733","geometry":{"type":"MultiPolygon","coordinates":[[[[-76.49928103,3.44005372],[-76.49923208,3.44007076],[-76.49916897,3.43988781],[-76.49921901,3.43986978],[-76.49928103,3.44005372]]]]},"geometry_name":"the_geom","properties":{"nombre":"JARDIN PEQUEÑOS CONSTRUCTORES","localizaci":"KR 24 NO 51 34","servicio":"EDUCACION","tipo":"JARDININF","nivel":"EDUCACION PREESCOLAR","propiedad":"PRIV","escala":"LOCAL","permanenci":"NO","estruc_eco":"NO","url1":null}},{"type":"Feature","id":"eqp_uco_educacion.3734","geometry":{"type":"MultiPolygon","coordinates":[[[[-76.50043168,3.44299136],[-76.50028982,3.44297344],[-76.50028766,3.44297236],[-76.50024481,3.44296743],[-76.50019152,3.44295945],[-76.50016164,3.44295443],[-76.49986063,3.4429266],[-76.49985451,3.44291562],[-76.4998545,3.44290266],[-76.49985953,3.4428906],[-76.49986961,3.44288258],[-76.49988257,3.44288059],[-76.5002645,3.44274943],[-76.50063562,3.44261917],[-76.50077637,3.44257607],[-76.50078969,3.44257912],[-76.50079942,3.44258713],[-76.50080338,3.44259306],[-76.50092168,3.44297003],[-76.50093068,3.44298506],[-76.50093393,3.44300207],[-76.5009307,3.44301908],[-76.50092279,3.44303403],[-76.50090984,3.4430461],[-76.50089364,3.44305204],[-76.50087996,3.44305304],[-76.50058183,3.44301126],[-76.50043168,3.44299136]]]]},"geometry_name":"the_geom","properties":{"nombre":"INSTITUCION EDUCATIVA JULIO CAICEDO Y TELLEZ SEDE BATALLA DE CARABOBO","localizaci":"CL 50 NO 16 45 ESQUINA","servicio":"EDUCACION","tipo":"CENTEDUC","nivel":"EDUCACION BASICA-EDUCACION MEDIA VOCACIONAL","propiedad":"PUB","escala":"LOCAL","permanenci":"NO","estruc_eco":"NO","url1":null}},{"type":"Feature","id":"eqp_uco_educacion.3735","geometry":{"type":"MultiPolygon","coordinates":[[[[-76.50003599,3.43790999],[-76.50001904,3.43786302],[-76.49999885,3.43780903],[-76.49999092,3.43778599],[-76.49998082,3.43775602],[-76.49995486,3.43768304],[-76.50000777,3.43766501],[-76.50005104,3.43778596],[-76.5000889,3.43789196],[-76.50003599,3.43790999]]]]},"geometry_name":"the_geom","properties":{"nombre":"LICEO ISABELA","localizaci":"KR 25 NO 48 21","servicio":"EDUCACION","tipo":"LICEO","nivel":"EDUCACION BASICA","propiedad":"PRIV","escala":"LOCAL","permanenci":"NO","estruc_eco":"NO","url1":null}},{"type":"Feature","id":"eqp_uco_educacion.3736","geometry":{"type":"MultiPolygon","coordinates":[[[[-76.49901154,3.43826487],[-76.49906642,3.43824591],[-76.49906714,3.43824996],[-76.49914251,3.43847395],[-76.49908635,3.43849297],[-76.4990849,3.43848855],[-76.49908485,3.43848839],[-76.49901154,3.43826487]]]]},"geometry_name":"the_geom","properties":{"nombre":"CENTRO DOCENTE FENALCO ASTURIAS NO 109","localizaci":"KR 24C NO 49 78 ESQUINA","servicio":"EDUCACION","tipo":"CENTDOC","nivel":"EDUCACION BASICA-EDUCACION MEDIA VOCACIONAL","propiedad":"PUB","escala":"LOCAL","permanenci":"NO","estruc_eco":"NO","url1":null}},{"type":"Feature","id":"eqp_uco_educacion.3737","geometry":{"type":"MultiPolygon","coordinates":[[[[-76.50718493,3.43128065],[-76.5071027,3.43101464],[-76.50709079,3.43096568],[-76.50708646,3.43095668],[-76.50711671,3.43096666],[-76.5071628,3.43098167],[-76.50719881,3.4309956],[-76.50726184,3.43102562],[-76.50733855,3.43106753],[-76.50740481,3.43110952],[-76.50741778,3.43111753],[-76.50737786,3.43119054],[-76.5073318,3.43124358],[-76.50718493,3.43128065]]]]},"geometry_name":"the_geom","properties":{"nombre":"COLEGIO TECNICO HERNANDO NAVIA VARON","localizaci":"TR 30 NO 28 123","servicio":"EDUCACION","tipo":"COLEGIO","nivel":"EDUCACION BASICA-EDUCACION MEDIA VOCACIONAL","propiedad":"PUB","escala":"LOCAL","permanenci":"NO","estruc_eco":"NO","url1":null}},{"type":"Feature","id":"eqp_uco_educacion.3738","geometry":{"type":"MultiPolygon","coordinates":[[[[-76.50464359,3.43191225],[-76.50462448,3.43185223],[-76.50477741,3.43170418],[-76.50478137,3.43170318],[-76.50480154,3.43170317],[-76.5048163,3.43170514],[-76.5048235,3.43171216],[-76.50486066,3.43184211],[-76.50464359,3.43191225]]]]},"geometry_name":"the_geom","properties":{"nombre":"COLEGIO SANTA MARIA GORETI","localizaci":"CL 34 NO 28 65","servicio":"EDUCACION","tipo":"COLEGIO","nivel":"EDUCACION BASICA-EDUCACION MEDIA VOCACIONAL","propiedad":"PRIV","escala":"LOCAL","permanenci":"NO","estruc_eco":"NO","url1":null}},{"type":"Feature","id":"eqp_uco_educacion.3739","geometry":{"type":"MultiPolygon","coordinates":[[[[-76.50638194,3.43036095],[-76.50643827,3.43035089],[-76.50638173,3.43036086],[-76.506369,3.43031813],[-76.50641197,3.43031895],[-76.506601,3.43034081],[-76.50678607,3.43037176],[-76.5068914,3.43074271],[-76.50688926,3.4307707],[-76.50659334,3.43082288],[-76.50652437,3.43083699],[-76.50651706,3.43081434],[-76.5065169,3.43081381],[-76.50649099,3.43072683],[-76.50638194,3.43036095]]]]},"geometry_name":"the_geom","properties":{"nombre":"COLEGIO LA PRESENTACION EL PARAISO","localizaci":"KR 28B NO 33E 29","servicio":"EDUCACION","tipo":"COLEGIO","nivel":"EDUCACION BASICA-EDUCACION MEDIA VOCACIONAL","propiedad":"PRIV","escala":"ZONAL","permanenci":"NO","estruc_eco":"NO","url1":null}},{"type":"Feature","id":"eqp_uco_educacion.3740","geometry":{"type":"MultiPolygon","coordinates":[[[[-76.50962599,3.43352883],[-76.50958781,3.43349087],[-76.50971483,3.43335372],[-76.50973788,3.43337576],[-76.50975481,3.43339276],[-76.50962599,3.43352883]]]]},"geometry_name":"the_geom","properties":{"nombre":"COLEGIO GENERIS","localizaci":"TR 30 NO 25 84","servicio":"EDUCACION","tipo":"COLEGIO","nivel":"EDUCACION BASICA","propiedad":"PRIV","escala":"LOCAL","permanenci":"NO","estruc_eco":"NO","url1":null}},{"type":"Feature","id":"eqp_uco_educacion.3741","geometry":{"type":"MultiPolygon","coordinates":[[[[-76.50488123,3.42734568],[-76.50495531,3.42719758],[-76.50499636,3.42720458],[-76.50499428,3.42734859],[-76.50499324,3.42741654],[-76.50487303,3.42741325],[-76.50487579,3.42738389],[-76.50487727,3.42735468],[-76.50487835,3.42734964],[-76.50488123,3.42734568]]]]},"geometry_name":"the_geom","properties":{"nombre":"CENTRO DOCENTE SAN BUENAVENTURA","localizaci":"DG 29B CON TR 29 ESQUINA","servicio":"EDUCACION","tipo":"CENTDOC","nivel":"EDUCACION BASICA","propiedad":"PUB","escala":"LOCAL","permanenci":"NO","estruc_eco":"NO","url1":null}},{"type":"Feature","id":"eqp_uco_educacion.3742","geometry":{"type":"MultiPolygon","coordinates":[[[[-76.50362666,3.43037299],[-76.50371729,3.43018996],[-76.50376339,3.43021289],[-76.50368644,3.43039699],[-76.50362666,3.43037299]]]]},"geometry_name":"the_geom","properties":{"nombre":"CENTRO EDUCATIVO PENSAR Y ARTE","localizaci":"TR 34 NO 29 16","servicio":"EDUCACION","tipo":"CENTEDUC","nivel":"EDUCACION BASICA","propiedad":"PRIV","escala":"LOCAL","permanenci":"NO","estruc_eco":"NO","url1":null}},{"type":"Feature","id":"eqp_uco_educacion.3743","geometry":{"type":"MultiPolygon","coordinates":[[[[-76.50453572,3.42985872],[-76.50451219,3.42984344],[-76.50448785,3.42982949],[-76.50455814,3.42971623],[-76.50466667,3.42956987],[-76.5047162,3.42961634],[-76.50453572,3.42985872]]]]},"geometry_name":"the_geom","properties":{"nombre":"COLEGIO HERMANAS DE CRISTO","localizaci":"TR 33G NO 28E 15","servicio":"EDUCACION","tipo":"COLEGIO","nivel":"EDUCACION BASICA","propiedad":"PRIV","escala":"LOCAL","permanenci":"NO","estruc_eco":"NO","url1":null}},{"type":"Feature","id":"eqp_uco_educacion.3744","geometry":{"type":"MultiPolygon","coordinates":[[[[-76.50677234,3.4301743],[-76.50688533,3.43005021],[-76.5069393,3.42998915],[-76.50697605,3.43003621],[-76.50681015,3.43018328],[-76.50677234,3.4301743]]]]},"geometry_name":"the_geom","properties":{"nombre":"COLEGIO NUESTRO FUTURO","localizaci":"DG 28C NO 33E 16","servicio":"EDUCACION","tipo":"COLEGIO","nivel":"EDUCACION BASICA","propiedad":"PRIV","escala":"LOCAL","permanenci":"NO","estruc_eco":"NO","url1":null}},{"type":"Feature","id":"eqp_uco_educacion.3745","geometry":{"type":"MultiPolygon","coordinates":[[[[-76.49415432,3.44034219],[-76.49506145,3.44002484],[-76.49511276,3.44016862],[-76.49523597,3.44052316],[-76.49465239,3.44074357],[-76.49476607,3.44108736],[-76.49445326,3.44119059],[-76.49439304,3.44101961],[-76.49433607,3.44085763],[-76.49433621,3.44085758],[-76.49415432,3.44034219]]]]},"geometry_name":"the_geom","properties":{"nombre":"INSTITUCION EDUCATIVA JULIO CAICEDO Y TELLEZ SEDE ESTHER ZORRILLA","localizaci":"CL 59 NO 24A 00 ESQUINA","servicio":"EDUCACION","tipo":"CENTEDUC","nivel":"EDUCACION BASICA-EDUCACION MEDIA VOCACIONAL","propiedad":"PUB","escala":"LOCAL","permanenci":"NO","estruc_eco":"NO","url1":null}},{"type":"Feature","id":"eqp_uco_educacion.3746","geometry":{"type":"MultiPolygon","coordinates":[[[[-76.49465167,3.44074044],[-76.49523552,3.44051907],[-76.49536281,3.44088605],[-76.49496973,3.44102127],[-76.4947667,3.44108834],[-76.49465167,3.44074044]]]]},"geometry_name":"the_geom","properties":{"nombre":"JARDIN INFANTIL MI BOSQUECITO","localizaci":"CL 57 NO 24A 03","servicio":"EDUCACION","tipo":"JARDININF","nivel":"EDUCACION PREESCOLAR","propiedad":"PRIV","escala":"LOCAL","permanenci":"NO","estruc_eco":"NO","url1":null}},{"type":"Feature","id":"eqp_uco_educacion.3747","geometry":{"type":"MultiPolygon","coordinates":[[[[-76.50344327,3.42714949],[-76.50360512,3.42684141],[-76.50395841,3.42702321],[-76.5041464,3.42712013],[-76.50410648,3.42720215],[-76.50398959,3.42743019],[-76.50379728,3.42733129],[-76.50344327,3.42714949]]]]},"geometry_name":"the_geom","properties":{"nombre":"INSTITUCION EDUCATIVA TECNICA COMERCIAL JUAN XXIII SEDE PRINCIPAL","localizaci":"KR 28F CON CL 56","servicio":"EDUCACION","tipo":"CENTEDUC","nivel":"EDUCACION BASICA-EDUCACION MEDIA VOCACIONAL","propiedad":"PUB","escala":"LOCAL","permanenci":"NO","estruc_eco":"NO","url1":null}},{"type":"Feature","id":"eqp_uco_educacion.3748","geometry":{"type":"MultiPolygon","coordinates":[[[[-76.50287593,3.42811358],[-76.50276494,3.42832876],[-76.50262152,3.42825274],[-76.50273129,3.42804011],[-76.50287593,3.42811358]]]]},"geometry_name":"the_geom","properties":{"nombre":"COLEGIO VIDA NUEVA","localizaci":"CL 50 NO 28E 00 ESQUINA","servicio":"EDUCACION","tipo":"COLEGIO","nivel":"EDUCACION BASICA-EDUCACION MEDIA VOCACIONAL","propiedad":"PRIV","escala":"LOCAL","permanenci":"NO","estruc_eco":"NO","url1":null}},{"type":"Feature","id":"eqp_uco_educacion.3749","geometry":{"type":"MultiPolygon","coordinates":[[[[-76.50372701,3.43518391],[-76.50372582,3.43518426],[-76.50350766,3.43526815],[-76.50337979,3.43531731],[-76.50330005,3.43508148],[-76.50331355,3.43504451],[-76.50364028,3.43492868],[-76.5037063,3.43511599],[-76.50372701,3.43518391]]]]},"geometry_name":"the_geom","properties":{"nombre":"CENTRO DOCENTE MARIA SINISTERRA","localizaci":"CL 40 NO 25A 20","servicio":"EDUCACION","tipo":"CENTDOC","nivel":"EDUCACION BASICA-EDUCACION MEDIA VOCACIONAL","propiedad":"PUB","escala":"ZONAL","permanenci":"NO","estruc_eco":"NO","url1":null}},{"type":"Feature","id":"eqp_uco_educacion.3750","geometry":{"type":"MultiPolygon","coordinates":[[[[-76.50409016,3.435218],[-76.50408988,3.43521922],[-76.5041546,3.43543466],[-76.50410937,3.43545605],[-76.50403328,3.43523802],[-76.50409016,3.435218]]]]},"geometry_name":"the_geom","properties":{"nombre":"INSTITUTO EDUCATIVO VOZ DE PAZ","localizaci":"KR 25A NO 36A 44","servicio":"EDUCACION","tipo":"CENTEDUC","nivel":"EDUCACION BASICA","propiedad":"PRIV","escala":"LOCAL","permanenci":"NO","estruc_eco":"NO","url1":null}},{"type":"Feature","id":"eqp_uco_educacion.3751","geometry":{"type":"MultiPolygon","coordinates":[[[[-76.50769969,3.44111482],[-76.50719113,3.44128546],[-76.50710241,3.44100938],[-76.50760637,3.4408363],[-76.50769969,3.44111482]]]]},"geometry_name":"the_geom","properties":{"nombre":"SENA CENTRO DE CONSTRUCCION","localizaci":"CL 34 NO 17B 23","servicio":"EDUCACION","tipo":"ESCTSUPER","nivel":"EDUCACION SUPERIOR","propiedad":"PRIV","escala":"ZONAL","permanenci":"NO","estruc_eco":"NO","url1":null}},{"type":"Feature","id":"eqp_uco_educacion.3752","geometry":{"type":"MultiPolygon","coordinates":[[[[-76.51062151,3.43551714],[-76.51029991,3.43559649],[-76.51025619,3.43542582],[-76.51025352,3.43541769],[-76.51038943,3.43538513],[-76.5105235,3.43535081],[-76.51052083,3.43534353],[-76.51057304,3.43533124],[-76.51062151,3.43551714]]]]},"geometry_name":"the_geom","properties":{"nombre":"COLEGIO PARROQUIAL NUESTRA SEÑORA DE LOS REMEDIOS","localizaci":"KR 24C NO 33 62","servicio":"EDUCACION","tipo":"COLEGIO","nivel":"EDUCACION BASICA-EDUCACION MEDIA VOCACIONAL","propiedad":"PRIV","escala":"LOCAL","permanenci":"NO","estruc_eco":"NO","url1":null}},{"type":"Feature","id":"eqp_uco_educacion.3753","geometry":{"type":"MultiPolygon","coordinates":[[[[-76.50719113,3.44128546],[-76.50769969,3.44111482],[-76.50772349,3.4411878],[-76.50785191,3.44161372],[-76.50736307,3.44178632],[-76.50725232,3.44182542],[-76.50705736,3.44133067],[-76.50719113,3.44128546]]]]},"geometry_name":"the_geom","properties":{"nombre":"INTITUCION EDUCATICA SANTA FE SEDE RICARDO NIETO","localizaci":"CL 34 NO 17B  41","servicio":"EDUCACION","tipo":"INSTEDUCI","nivel":"EDUCACION BASICA","propiedad":"PUB","escala":"ZONAL","permanenci":"NO","estruc_eco":"NO","url1":null}},{"type":"Feature","id":"eqp_uco_educacion.3754","geometry":{"type":"MultiPolygon","coordinates":[[[[-76.49471581,3.44839006],[-76.49443766,3.44833149],[-76.49451257,3.44795515],[-76.49537401,3.44813032],[-76.49546219,3.44813851],[-76.49533985,3.44867647],[-76.49529384,3.4486676],[-76.49498323,3.44860772],[-76.49501084,3.44845993],[-76.49496664,3.44844844],[-76.49485429,3.44841922],[-76.49472478,3.44838553],[-76.49471581,3.44839006]]]]},"geometry_name":"the_geom","properties":{"nombre":"INSTITUCION EDUCATIVA JUAN DE AMPUDIA_DISTRITO EDUCATIVO NO 19","localizaci":"CL 58 NO 11B 00","servicio":"EDUCACION","tipo":"INSTEDUCI","nivel":"EDUCACION PREESCOLAR_EDUCACION BASICA_EDUCACION MEDIA VOCACIONAL","propiedad":"PUB","escala":"ZONAL","permanenci":"NO","estruc_eco":"NO","url1":null}},{"type":"Feature","id":"eqp_uco_educacion.3755","geometry":{"type":"MultiPolygon","coordinates":[[[[-76.5075198,3.43958201],[-76.5075354,3.43957742],[-76.5074985,3.43945265],[-76.50760108,3.4394273],[-76.50764966,3.43941391],[-76.50782881,3.43936225],[-76.50797367,3.43981528],[-76.50795652,3.43984064],[-76.50757045,3.43995004],[-76.50755604,3.43995365],[-76.5075048,3.4397773],[-76.50750307,3.43977733],[-76.5075032,3.43977695],[-76.5075662,3.43975994],[-76.50757213,3.4397581],[-76.50757807,3.43975718],[-76.50755156,3.43967512],[-76.50755081,3.43967605],[-76.5075198,3.43958201]]]]},"geometry_name":"the_geom","properties":{"nombre":"ESCUELA BAJO PALACE","localizaci":"KR 19 CON CL 33H ESQUINA","servicio":"EDUCACION","tipo":"ESCUELA","nivel":"EDUCACION PRIMARIA","propiedad":"PUB","escala":"ZONAL","permanenci":"NO","estruc_eco":"NO","url1":null}},{"type":"Feature","id":"eqp_uco_educacion.3756","geometry":{"type":"MultiPolygon","coordinates":[[[[-76.49884552,3.44922961],[-76.49880093,3.44967287],[-76.4986202,3.44965451],[-76.49835511,3.4496292],[-76.49839811,3.44917761],[-76.49884552,3.44922961]]]]},"geometry_name":"the_geom","properties":{"nombre":"CENTRO DOCENTE JOSE ACEVEDO Y GOMEZ","localizaci":"CL 52 KR 11D","servicio":"EDUCACION","tipo":"CENTDOC","nivel":"EDUCACION BASICA-EDUCACION MEDIA VOCACIONAL","propiedad":"PRIV","escala":"LOCAL","permanenci":"NO","estruc_eco":"NO","url1":null}},{"type":"Feature","id":"eqp_uco_educacion.3757","geometry":{"type":"MultiPolygon","coordinates":[[[[-76.52886553,3.45493965],[-76.5288065,3.45497866],[-76.52880146,3.45496966],[-76.52868448,3.45503471],[-76.52862537,3.45490873],[-76.52858644,3.45482577],[-76.52853634,3.45471977],[-76.52854138,3.4547168],[-76.52856334,3.45470679],[-76.52857343,3.45472776],[-76.52859322,3.45471776],[-76.5287372,3.45464568],[-76.5288093,3.45482466],[-76.52883633,3.45488063],[-76.52886553,3.45493965]]]]},"geometry_name":"the_geom","properties":{"nombre":"COLEGIO BAUTISTA","localizaci":"CKR 3 NO 16 54","servicio":"EDUCACION","tipo":"COLEGIO","nivel":"EDUCACION PREESCOLAR-EDUCACION  BASICA-EDUCACION MEDIA VOCACIONAL","propiedad":"PRIV","escala":"ZONAL","permanenci":"NO","estruc_eco":"NO","url1":null}},{"type":"Feature","id":"eqp_uco_educacion.3758","geometry":{"type":"MultiPolygon","coordinates":[[[[-76.52474579,3.45446181],[-76.5247238,3.45440683],[-76.52470793,3.45436885],[-76.52469387,3.45433286],[-76.52467981,3.45429884],[-76.52466395,3.45425889],[-76.52466179,3.45425484],[-76.52474782,3.45422185],[-76.52476762,3.45421383],[-76.52481693,3.45419481],[-76.52484789,3.45418274],[-76.52488676,3.45416777],[-76.52495371,3.45414173],[-76.52510957,3.45408062],[-76.52512073,3.45407665],[-76.52517185,3.45405655],[-76.52525296,3.45425353],[-76.52519573,3.45427462],[-76.52516189,3.4542876],[-76.52504202,3.45433366],[-76.52497183,3.45435971],[-76.52497003,3.4543607],[-76.52496283,3.45436376],[-76.52489588,3.45439377],[-76.52483073,3.45442378],[-76.52483001,3.45442477],[-76.52476307,3.45445487],[-76.52474579,3.45446181]]]]},"geometry_name":"the_geom","properties":{"nombre":"COLEGIO BAUTISTA","localizaci":"CL 20 NO 5 63","servicio":"EDUCACION","tipo":"COLEGIO","nivel":"EDUCACION BASICA-EDUCACION MEDIA VOCACIONAL","propiedad":"PRIV","escala":"ZONAL","permanenci":"NO","estruc_eco":"NO","url1":null}},{"type":"Feature","id":"eqp_uco_educacion.3759","geometry":{"type":"MultiPolygon","coordinates":[[[[-76.52677897,3.44325305],[-76.52671813,3.44325011],[-76.52671986,3.44312708],[-76.52672091,3.44307307],[-76.52672301,3.44296011],[-76.52674677,3.4429601],[-76.52678602,3.44296008],[-76.52678494,3.44297502],[-76.52678496,3.44300904],[-76.52678284,3.44307205],[-76.52678109,3.44316206],[-76.52677897,3.44325305]]]]},"geometry_name":"the_geom","properties":{"nombre":"COLEGIO ALIANZA CRISTIANA","localizaci":"KR 14 NO 14 42","servicio":"EDUCACION","tipo":"COLEGIO","nivel":"EDUCACION PREESCOLAR-EDUCACION BASICA-EDUCACION MEDIA VOCACIONAL","propiedad":"PUB","escala":"LOCAL","permanenci":"NO","estruc_eco":"NO","url1":null}},{"type":"Feature","id":"eqp_uco_educacion.3760","geometry":{"type":"MultiPolygon","coordinates":[[[[-76.52769691,3.44298659],[-76.52762994,3.44297762],[-76.52760114,3.44297359],[-76.52757413,3.44296964],[-76.52755109,3.4429666],[-76.52751184,3.44296167],[-76.52751506,3.44291468],[-76.5275309,3.44291665],[-76.52770013,3.44294653],[-76.52770913,3.44294851],[-76.52770807,3.44298658],[-76.52769691,3.44298659]]]]},"geometry_name":"the_geom","properties":{"nombre":"ACADEMIA SCOTLAND YARD CRIMINALISTICA","localizaci":"CL 13A NO 14 37","servicio":"EDUCACION","tipo":"CENTTECNO","nivel":"EDUCACION NO FORMAL","propiedad":"PRIV","escala":"LOCAL","permanenci":"NO","estruc_eco":"NO","url1":null}},{"type":"Feature","id":"eqp_uco_educacion.3761","geometry":{"type":"MultiPolygon","coordinates":[[[[-76.53594899,3.44528318],[-76.53588382,3.44528124],[-76.53588094,3.44528124],[-76.53586582,3.44528026],[-76.53578697,3.44527832],[-76.53578802,3.44521631],[-76.53585679,3.4452223],[-76.53595076,3.44522918],[-76.53595076,3.44523125],[-76.53595077,3.44524619],[-76.53594898,3.4452722],[-76.53594899,3.44528318]]]]},"geometry_name":"the_geom","properties":{"nombre":"INSTITUTO DE CAPACITACION TECNICA ICET","localizaci":"CL 6 NO 12 30/24","servicio":"EDUCACION","tipo":"INSTTCOM","nivel":"EDUCACION TECNICA","propiedad":"PRIV","escala":"LOCAL","permanenci":"NO","estruc_eco":"NO","url1":null}},{"type":"Feature","id":"eqp_uco_educacion.3762","geometry":{"type":"MultiPolygon","coordinates":[[[[-76.53010144,3.44341929],[-76.53001359,3.44341835],[-76.53000744,3.44337731],[-76.53000021,3.44331737],[-76.53008229,3.44330724],[-76.53008735,3.44333829],[-76.53009132,3.44336124],[-76.53010144,3.44341929]]]]},"geometry_name":"the_geom","properties":{"nombre":"LICEO EL ENCUENTRO ALIANZA CRISTIANA","localizaci":"KR 14 NO 11 72","servicio":"EDUCACION","tipo":"LICEO","nivel":"EDUCACION PREESCOLAR-EDUCACION BASICA-EDUCACION MEDIA VOCACIONAL","propiedad":"PUB","escala":"LOCAL","permanenci":"NO","estruc_eco":"NO","url1":null}},{"type":"Feature","id":"eqp_uco_educacion.3763","geometry":{"type":"MultiPolygon","coordinates":[[[[-76.53480898,3.4416556],[-76.53482086,3.44165758],[-76.53483983,3.44144758],[-76.53483875,3.44144362],[-76.5348427,3.44143255],[-76.5348517,3.44142462],[-76.53486286,3.44142156],[-76.53494561,3.44132656],[-76.53495065,3.44131548],[-76.53495964,3.44130855],[-76.53560176,3.44097311],[-76.53564675,3.44095014],[-76.53597645,3.44077796],[-76.53601642,3.44078991],[-76.53609577,3.44106285],[-76.53623392,3.44153881],[-76.536336,3.44190283],[-76.53632919,3.44195782],[-76.53613244,3.44230994],[-76.53603964,3.4424818],[-76.53599145,3.44257103],[-76.53597562,3.44259705],[-76.5358391,3.44284839],[-76.53480248,3.4422932],[-76.534774,3.44225639],[-76.53480898,3.4416556]]]]},"geometry_name":"the_geom","properties":{"nombre":"COLEGIO DE SANTA LIBRADA","localizaci":"CL 7 NO 14A 106","servicio":"EDUCACION","tipo":"COLEGIO","nivel":"EDUCACION BASICA-EDUCACION MEDIA VOCACIONAL","propiedad":"PUB","escala":"URBANA","permanenci":"SI","estruc_eco":"SI","url1":null}},{"type":"Feature","id":"eqp_uco_educacion.3784","geometry":{"type":"MultiPolygon","coordinates":[[[[-76.49276183,3.41641322],[-76.49266708,3.41631211],[-76.49284938,3.41613617],[-76.49294422,3.41623628],[-76.49294409,3.41623739],[-76.49294358,3.4162369],[-76.49291391,3.41626402],[-76.49290583,3.41625583],[-76.49288783,3.41627123],[-76.49289774,3.41628119],[-76.49285,3.41632548],[-76.49285274,3.41632817],[-76.49280858,3.41637161],[-76.49280591,3.41636978],[-76.49276183,3.41641322]]]]},"geometry_name":"the_geom","properties":{"nombre":"INSTITUTO TECNICO EN SISTEMAS CARO Y CUERVO","localizaci":"CL 72Z NO 28 11","servicio":"EDUCACION","tipo":"CENTEDUC","nivel":"EDUCACION TECNICA","propiedad":"PRIV","escala":"LOCAL","permanenci":"NO","estruc_eco":"NO","url1":null}},{"type":"Feature","id":"eqp_uco_educacion.3764","geometry":{"type":"MultiPolygon","coordinates":[[[[-76.53324701,3.44277439],[-76.53344258,3.44278166],[-76.5334411,3.44266971],[-76.53343948,3.44229734],[-76.53343909,3.44229683],[-76.53344012,3.44228341],[-76.53362123,3.44231031],[-76.53416239,3.44238499],[-76.5341923,3.44242098],[-76.53416445,3.44285608],[-76.53416159,3.44290208],[-76.53414159,3.4432081],[-76.53401666,3.44319917],[-76.53401881,3.44318918],[-76.53401557,3.4431881],[-76.53384275,3.44317523],[-76.5337855,3.4431723],[-76.53374878,3.44316925],[-76.53374953,3.4432193],[-76.53356663,3.44322336],[-76.53356948,3.4431554],[-76.53356444,3.4431554],[-76.53349063,3.44315139],[-76.53344166,3.44315448],[-76.53337974,3.44315847],[-76.53324149,3.44316656],[-76.5332446,3.44291958],[-76.53324635,3.44282958],[-76.53324701,3.44277439]]]]},"geometry_name":"the_geom","properties":{"nombre":"COLEGIO SAN JUAN BOSCO","localizaci":"CL 8 NO 14 75","servicio":"EDUCACION","tipo":"COLEGIO","nivel":"EDUCACION PREESCOLAR-EDUCACION BASICA-EDUCACION MEDIA VOCACIONAL","propiedad":"PRIV","escala":"URBANA","permanenci":"SI","estruc_eco":"NO","url1":null}},{"type":"Feature","id":"eqp_uco_educacion.3765","geometry":{"type":"MultiPolygon","coordinates":[[[[-76.52492379,3.45464218],[-76.5250004,3.45483748],[-76.5250009,3.45483901],[-76.5249793,3.45484771],[-76.52498218,3.45485473],[-76.52496706,3.45486275],[-76.52496418,3.45485375],[-76.52490515,3.45487782],[-76.52490731,3.45488583],[-76.52489111,3.4548888],[-76.52488822,3.45487782],[-76.52484323,3.45489585],[-76.52484107,3.45489279],[-76.52476896,3.45470382],[-76.52492379,3.45464218]]]]},"geometry_name":"the_geom","properties":{"nombre":"ESCUELA REPUBLICA DE MEXICO","localizaci":"CL 20 NO 5 00","servicio":"EDUCACION","tipo":"ESCUELA","nivel":"EDUCACION BASICA","propiedad":"PUB","escala":"LOCAL","permanenci":"NO","estruc_eco":"NO","url1":null}},{"type":"Feature","id":"eqp_uco_educacion.3766","geometry":{"type":"MultiPolygon","coordinates":[[[[-76.53629584,3.44548571],[-76.53620539,3.44548122],[-76.5362208,3.44523477],[-76.53622639,3.44515756],[-76.53632215,3.44516087],[-76.53630938,3.44529037],[-76.53630886,3.44531872],[-76.53629584,3.44548571]]]]},"geometry_name":"the_geom","properties":{"nombre":"COORPORACION INSTITUTO  DE FORMACION TECNOLOGICA","localizaci":"KR 12 NO 5  34","servicio":"EDUCACION","tipo":"CENTTECNO","nivel":"EDUCACION TECNOLOGICA","propiedad":"PRIV","escala":"LOCAL","permanenci":"NO","estruc_eco":"NO","url1":null}},{"type":"Feature","id":"eqp_uco_educacion.3767","geometry":{"type":"MultiPolygon","coordinates":[[[[-76.5230816,3.461786],[-76.52308173,3.46178543],[-76.52304077,3.46162746],[-76.52300839,3.46156447],[-76.52300735,3.46156133],[-76.52310641,3.46151319],[-76.52313664,3.46149814],[-76.5231766,3.46147913],[-76.52328473,3.46170507],[-76.52325557,3.46171409],[-76.52326063,3.46175207],[-76.52326786,3.46180706],[-76.52327292,3.46184207],[-76.52328087,3.46189705],[-76.52323587,3.4618951],[-76.52309462,3.46188897],[-76.52309502,3.46186441],[-76.52309502,3.46182659],[-76.5230816,3.461786]]]]},"geometry_name":"the_geom","properties":{"nombre":"COLEGIO SANTA LIBRADA SEDE PILOTO","localizaci":"KR  3 NO  24 N   40","servicio":"EDUCACION","tipo":"COLEGIO","nivel":"EDUCACION BASICA-EDUCACION MEDIA VOCACIONAL","propiedad":"PUB","escala":"ZONAL","permanenci":"NO","estruc_eco":"NO","url1":null}},{"type":"Feature","id":"eqp_uco_educacion.3768","geometry":{"type":"MultiPolygon","coordinates":[[[[-76.53533771,3.44337946],[-76.53532864,3.44324544],[-76.53532791,3.44323545],[-76.53532682,3.44321844],[-76.53533366,3.44321943],[-76.53536175,3.44322139],[-76.53537471,3.44322238],[-76.53537796,3.44324839],[-76.53539891,3.44336943],[-76.53533771,3.44337946]]]]},"geometry_name":"the_geom","properties":{"nombre":"INSTITUTO MARLEN ESCUELA DE DISEÑO","localizaci":"KR 14 NO 6 40","servicio":"EDUCACION","tipo":"ESCARTE","nivel":"EDUCACION NO FORMAL","propiedad":"PRIV","escala":"LOCAL","permanenci":"NO","estruc_eco":"NO","url1":null}},{"type":"Feature","id":"eqp_uco_educacion.3769","geometry":{"type":"MultiPolygon","coordinates":[[[[-76.5356289,3.44324627],[-76.5357128,3.44325423],[-76.53571721,3.44328225],[-76.53572275,3.44331343],[-76.53564191,3.44332628],[-76.53560087,3.44333431],[-76.53549179,3.44335336],[-76.53547192,3.44323132],[-76.53558498,3.44324233],[-76.5356289,3.44324627]]]]},"geometry_name":"the_geom","properties":{"nombre":"JARDIN INFANTIL CHISPITAS DE AMOR","localizaci":"KR 14 NO 6 30","servicio":"EDUCACION","tipo":"JARDININF","nivel":"EDUCACION PREESCOLAR","propiedad":"PRIV","escala":"LOCAL","permanenci":"NO","estruc_eco":"NO","url1":null}},{"type":"Feature","id":"eqp_uco_educacion.3770","geometry":{"type":"MultiPolygon","coordinates":[[[[-76.51918677,3.44530656],[-76.51920964,3.445411],[-76.51920438,3.44541172],[-76.51889281,3.44547054],[-76.51888955,3.44540322],[-76.51888546,3.44534041],[-76.51899947,3.44531481],[-76.51903835,3.44530678],[-76.51911143,3.4452917],[-76.51918052,3.44527804],[-76.51918677,3.44530656]]]]},"geometry_name":"the_geom","properties":{"nombre":"COLEGIO JESUS ALEGRA LA VIDA","localizaci":"CL 23 NO 13A 25","servicio":"EDUCACION","tipo":"COLEGIO","nivel":"EDUCACION BASICA-EDUCACION MEDIA VOCACIONAL","propiedad":"PRIV","escala":"LOCAL","permanenci":"NO","estruc_eco":"NO","url1":null}},{"type":"Feature","id":"eqp_uco_educacion.3771","geometry":{"type":"MultiPolygon","coordinates":[[[[-76.51934723,3.44756419],[-76.51962351,3.44750773],[-76.51965124,3.44752868],[-76.5197007,3.44778067],[-76.5197007,3.44778166],[-76.51972453,3.44789965],[-76.51973067,3.44793268],[-76.51972347,3.44793466],[-76.51968747,3.4479417],[-76.51964067,3.44795073],[-76.51960251,3.44795876],[-76.51955967,3.44796679],[-76.51953267,3.44797275],[-76.51952151,3.44797473],[-76.51951179,3.44797681],[-76.51950459,3.4479778],[-76.51946571,3.44798583],[-76.51942863,3.44799386],[-76.51934723,3.44756419]]]]},"geometry_name":"the_geom","properties":{"nombre":"COLEGIO REPUBLICA ARGENTINA","localizaci":"CL 23 NO 11B30","servicio":"EDUCACION","tipo":"COLEGIO","nivel":"EDUCACION BASICA-EDUCACION MEDIA VOCACIONAL-TECNICO COMERCIAL","propiedad":"PUB","escala":"ZONAL","permanenci":"NO","estruc_eco":"NO","url1":null}},{"type":"Feature","id":"eqp_uco_educacion.3772","geometry":{"type":"MultiPolygon","coordinates":[[[[-76.5296509,3.4105217],[-76.52973007,3.41023209],[-76.53008459,3.410325],[-76.52993178,3.41087032],[-76.52994054,3.41087333],[-76.52994013,3.4108749],[-76.52960171,3.41076088],[-76.52966947,3.41052742],[-76.5296509,3.4105217]]]]},"geometry_name":"the_geom","properties":{"nombre":"CARIÑO LA SELVA","localizaci":"CL 14 # 47 04","servicio":"EDUCACION","tipo":"CARIÑO","nivel":"EDUCACION PREESCOLAR","propiedad":"PUB","escala":"ZONAL","permanenci":"NO","estruc_eco":"NO","url1":null}},{"type":"Feature","id":"eqp_uco_educacion.3773","geometry":{"type":"MultiPolygon","coordinates":[[[[-76.48519885,3.46187657],[-76.48519277,3.46185323],[-76.48558357,3.46173127],[-76.48559238,3.46176111],[-76.48578207,3.46232793],[-76.48541907,3.4624429],[-76.48540679,3.46240907],[-76.48540323,3.46240986],[-76.48527724,3.4620057],[-76.48524673,3.46201872],[-76.48520029,3.46187629],[-76.48519885,3.46187657]]]]},"geometry_name":"the_geom","properties":{"nombre":"CARIÑO SAN MARINO","localizaci":"CL 69 K 7C","servicio":"EDUCACION","tipo":"CARIÑO","nivel":"EDUCACION PREESCOLAR","propiedad":"PUB","escala":"ZONAL","permanenci":"NO","estruc_eco":"NO","url1":null}},{"type":"Feature","id":"eqp_uco_educacion.3774","geometry":{"type":"MultiPolygon","coordinates":[[[[-76.50284718,3.46336848],[-76.50248521,3.46348364],[-76.50228286,3.46298654],[-76.50268733,3.46285655],[-76.50284718,3.46336848]]]]},"geometry_name":"the_geom","properties":{"nombre":"CARIÑO SALOMIA","localizaci":"CL 47 # 4D - 03","servicio":"EDUCACION","tipo":"CARIÑO","nivel":"EDUCACION PREESCOLAR","propiedad":"PUB","escala":"ZONAL","permanenci":"NO","estruc_eco":"NO","url1":null}},{"type":"Feature","id":"eqp_uco_educacion.3775","geometry":{"type":"MultiPolygon","coordinates":[[[[-76.49817177,3.45194863],[-76.49810279,3.45194055],[-76.49813907,3.45156697],[-76.49860912,3.45161185],[-76.49859032,3.4518454],[-76.49857994,3.45196431],[-76.49857834,3.45196444],[-76.49835854,3.4519431],[-76.49835707,3.45196328],[-76.49824887,3.45195361],[-76.49819034,3.45194838],[-76.49817906,3.45194737],[-76.49817177,3.45194863]]]]},"geometry_name":"the_geom","properties":{"nombre":"CARIÑO VILLA COLOMBIA","localizaci":"KR 8B # 52 - 10","servicio":"EDUCACION","tipo":"CARIÑO","nivel":"EDUCACION PREESCOLAR","propiedad":"PUB","escala":"ZONAL","permanenci":"NO","estruc_eco":"NO","url1":null}},{"type":"Feature","id":"eqp_uco_educacion.3776","geometry":{"type":"MultiPolygon","coordinates":[[[[-76.56255366,3.45159001],[-76.5625733,3.45131379],[-76.56259874,3.45134449],[-76.56267755,3.45142567],[-76.56267299,3.45151801],[-76.5626692,3.45159228],[-76.56255366,3.45159001]]]]},"geometry_name":"the_geom","properties":{"nombre":"INSTITUTO TECNOLOGICO DIVINO NIÑO JESUS","localizaci":"CL 21A OESTE 4B-46","servicio":"EDUCACION","tipo":"INSTEDUCI","nivel":"EDUCACION BASICA-EDUCACION MEDIA VOCACIONAL","propiedad":"PRIV","escala":"LOCAL","permanenci":"NO","estruc_eco":"NO","url1":null}},{"type":"Feature","id":"eqp_uco_educacion.3777","geometry":{"type":"MultiPolygon","coordinates":[[[[-76.49364245,3.45336259],[-76.4931613,3.45334702],[-76.49316664,3.45289914],[-76.49357688,3.45291466],[-76.49358179,3.45316406],[-76.49376412,3.45317944],[-76.49374886,3.45328122],[-76.4936425,3.45328116],[-76.49364245,3.45336259]]]]},"geometry_name":"the_geom","properties":{"nombre":"UNIVERSIDAD DEL AIRE EMAVI EDIFICIO ACADEMICO","localizaci":null,"servicio":"EDUCACION","tipo":"UNIVERSIDAD","nivel":"EDUCACION SUPERIOR","propiedad":"PRIV","escala":"REGIONAL","permanenci":"SI","estruc_eco":"NO","url1":null}},{"type":"Feature","id":"eqp_uco_educacion.3778","geometry":{"type":"MultiPolygon","coordinates":[[[[-76.53604421,3.45290338],[-76.53604851,3.45286936],[-76.53605139,3.45286035],[-76.53605247,3.45285936],[-76.5360593,3.45283533],[-76.53607548,3.45280535],[-76.53608232,3.45279634],[-76.53610246,3.45276735],[-76.53613628,3.45272332],[-76.53617442,3.45268433],[-76.53627807,3.45259922],[-76.53631916,3.45269118],[-76.53633718,3.45273221],[-76.53639522,3.45286116],[-76.53640856,3.45289121],[-76.53653454,3.45283408],[-76.53651831,3.45279809],[-76.53667237,3.45272807],[-76.53669148,3.45277099],[-76.53669328,3.45277504],[-76.53671022,3.45281202],[-76.53672824,3.45285603],[-76.53676033,3.45292702],[-76.5367715,3.45295096],[-76.53677258,3.45295195],[-76.53681836,3.45305696],[-76.53666647,3.45313004],[-76.53654157,3.45319014],[-76.53623454,3.45333728],[-76.53608244,3.45302433],[-76.53604531,3.4529464],[-76.53604421,3.45290338]]]]},"geometry_name":"the_geom","properties":{"nombre":"INSTITUTO DEPARTAMENTAL DE BELLAS ARTES","localizaci":null,"servicio":"EDUCACION","tipo":"UNIVERSIDAD","nivel":"EDUCACION SUPERIOR","propiedad":"PUB","escala":"URBANA","permanenci":"SI","estruc_eco":"NO","url1":null}},{"type":"Feature","id":"eqp_uco_educacion.3779","geometry":{"type":"MultiPolygon","coordinates":[[[[-76.50687781,3.44139136],[-76.50705736,3.44133067],[-76.50725232,3.44182542],[-76.50720023,3.44184381],[-76.50703483,3.44190221],[-76.50694593,3.44193331],[-76.50658327,3.44205964],[-76.50638923,3.44155934],[-76.50684787,3.44140148],[-76.50687781,3.44139136]]]]},"geometry_name":"the_geom","properties":{"nombre":"CENTRO DOCENTE N° 22 RICARDO NIETO","localizaci":"KR 17B 36 00","servicio":"EDUCACION","tipo":"COLEGIO","nivel":"EDUCACION PRIMARIA","propiedad":"PUB","escala":"ZONAL","permanenci":"NO","estruc_eco":"NO","url1":null}},{"type":"Feature","id":"eqp_uco_educacion.3780","geometry":{"type":"MultiPolygon","coordinates":[[[[-76.51658025,3.43558813],[-76.51651728,3.43580398],[-76.51601136,3.43588273],[-76.51599745,3.43580634],[-76.51589418,3.43583145],[-76.51544699,3.43552931],[-76.5153255,3.43545788],[-76.51560065,3.43450315],[-76.51579019,3.4338037],[-76.51688834,3.43398705],[-76.51679533,3.43432232],[-76.51645277,3.43555721],[-76.51658025,3.43558813]]]]},"geometry_name":"the_geom","properties":{"nombre":"COMFANDI EL PRADO","localizaci":null,"servicio":"EDUCACION","tipo":"COLEGIO","nivel":"EDUCACION BASICA MEDIA","propiedad":"PRIV","escala":"URBANA","permanenci":"SI","estruc_eco":"NO","url1":null}},{"type":"Feature","id":"eqp_uco_educacion.3781","geometry":{"type":"MultiPolygon","coordinates":[[[[-76.49228252,3.42545905],[-76.49244871,3.42527347],[-76.49265076,3.42545855],[-76.49248252,3.42564808],[-76.49228252,3.42545905]]]]},"geometry_name":"the_geom","properties":{"nombre":"CENTRO DOCENTE JOSE CARMONA HOYOS","localizaci":"CL 72N NO 28_1 30","servicio":"EDUCACION","tipo":"CENTDOC","nivel":"EDUCACION BASICA-EDUCACION MEDIA VOCACIONAL","propiedad":"PUB","escala":"LOCAL","permanenci":"NO","estruc_eco":"NO","url1":null}},{"type":"Feature","id":"eqp_uco_educacion.3782","geometry":{"type":"MultiPolygon","coordinates":[[[[-76.49253234,3.42568537],[-76.49278068,3.425396],[-76.49296248,3.42555697],[-76.49271497,3.42584273],[-76.49253234,3.42568537]]]]},"geometry_name":"the_geom","properties":{"nombre":"COLEGIO SATELITAL ANTONIO MARIA CLARET","localizaci":"CL 72L NO 28E3 25","servicio":"EDUCACION","tipo":"COLEGIO","nivel":"EDUCACION BASICA-EDUCACION MEDIA VOCACIONAL","propiedad":"PRIV","escala":"LOCAL","permanenci":"NO","estruc_eco":"NO","url1":null}},{"type":"Feature","id":"eqp_uco_educacion.3783","geometry":{"type":"MultiPolygon","coordinates":[[[[-76.49407527,3.42067364],[-76.49461166,3.42033641],[-76.49479162,3.42062942],[-76.49425789,3.4209622],[-76.49407527,3.42067364]]]]},"geometry_name":"the_geom","properties":{"nombre":"INSTITUTO TECNICO","localizaci":"KR 28E5 ENTRE CL 72S Y CL 72T","servicio":"EDUCACION","tipo":"INSTTINDU","nivel":"EDUCACION TECNICA","propiedad":"PUB","escala":"LOCAL","permanenci":"NO","estruc_eco":"NO","url1":null}},{"type":"Feature","id":"eqp_uco_educacion.3785","geometry":{"type":"MultiPolygon","coordinates":[[[[-76.4852933,3.41421567],[-76.48557842,3.41394091],[-76.48574397,3.41412179],[-76.48546876,3.41439924],[-76.48541295,3.41434137],[-76.4853293,3.41425276],[-76.4852933,3.41421567]]]]},"geometry_name":"the_geom","properties":{"nombre":"ESCUELA MIGUEL DE POMBO","localizaci":"CL 92 KR 28D5 Y 28D7","servicio":"EDUCACION","tipo":"ESCUELA","nivel":"EDUCACION BASICA MEDIA","propiedad":"PUB","escala":"LOCAL","permanenci":"NO","estruc_eco":"NO","url1":null}},{"type":"Feature","id":"eqp_uco_educacion.3786","geometry":{"type":"MultiPolygon","coordinates":[[[[-76.47102651,3.41815877],[-76.47115648,3.41792788],[-76.47145748,3.41810855],[-76.47116459,3.41860622],[-76.4708765,3.41843872],[-76.47102651,3.41815877]]]]},"geometry_name":"the_geom","properties":{"nombre":"FE Y ALEGRIA FRAY LUIS AMIGO","localizaci":"CL 116 NO 26 K1 15","servicio":"EDUCACION","tipo":"CENTEDUC","nivel":"EDUCACION TECNICA","propiedad":"PUB","escala":"LOCAL","permanenci":"NO","estruc_eco":"NO","url1":null}},{"type":"Feature","id":"eqp_uco_educacion.3787","geometry":{"type":"MultiPolygon","coordinates":[[[[-76.47082281,3.41805337],[-76.47096786,3.41781467],[-76.47115648,3.41792788],[-76.47102651,3.41815877],[-76.47082281,3.41805337]]]]},"geometry_name":"the_geom","properties":{"nombre":"ESCUELA MILITAR","localizaci":"KR 26 CON CL118","servicio":"EDUCACION","tipo":"ESCUELA","nivel":"EDUCACION BASICA MEDIA","propiedad":"PUB","escala":"LOCAL","permanenci":"NO","estruc_eco":"NO","url1":null}},{"type":"Feature","id":"eqp_uco_educacion.3788","geometry":{"type":"MultiPolygon","coordinates":[[[[-76.46778204,3.41463705],[-76.4675142,3.41447908],[-76.46749985,3.41450791],[-76.46723437,3.41435955],[-76.46725568,3.41432662],[-76.46731986,3.41419648],[-76.46785573,3.414517],[-76.46778204,3.41463705]]]]},"geometry_name":"the_geom","properties":{"nombre":"COLEGIO PARROQUIAL SANTA ISABEL DE HUNGRIA","localizaci":"KR 26 M4 CL 123","servicio":"EDUCACION","tipo":"COLEGIO","nivel":"EDUCACION PREESCOLAR_EDUCACION BASICA","propiedad":"PRIV","escala":"ZONAL","permanenci":"NO","estruc_eco":"NO","url1":null}},{"type":"Feature","id":"eqp_uco_educacion.3789","geometry":{"type":"MultiPolygon","coordinates":[[[[-76.46682617,3.41373053],[-76.46691922,3.41355227],[-76.46721731,3.41372536],[-76.46711226,3.41390168],[-76.46704592,3.41386408],[-76.46682617,3.41373053]]]]},"geometry_name":"the_geom","properties":{"nombre":"COLEGIO  SANTA  ISABEL DE HUNGRIA SEDE CALIMIO DESEPAZ","localizaci":"KR 26 M4 CL 123","servicio":"EDUCACION","tipo":"COLEGIO","nivel":"EDUCACION PREESCOLAR_EDUCACION BASICA_EDUCACION MEDIA VOCACIONAL","propiedad":"PRIV","escala":"LOCAL","permanenci":"NO","estruc_eco":"NO","url1":null}},{"type":"Feature","id":"eqp_uco_educacion.3790","geometry":{"type":"MultiPolygon","coordinates":[[[[-76.46923937,3.40704182],[-76.47029558,3.40702177],[-76.47008626,3.4073687],[-76.47008356,3.40737262],[-76.47008072,3.40737644],[-76.47007775,3.40738017],[-76.47007466,3.40738379],[-76.47007144,3.40738729],[-76.4700681,3.40739069],[-76.47006465,3.40739396],[-76.47006109,3.40739711],[-76.47005741,3.40740014],[-76.47005364,3.40740304],[-76.47004977,3.4074058],[-76.47004581,3.40740843],[-76.47004176,3.40741091],[-76.47003762,3.40741325],[-76.47003341,3.40741545],[-76.47002912,3.4074175],[-76.47002476,3.4074194],[-76.47002034,3.40742115],[-76.47001587,3.40742274],[-76.47001134,3.40742417],[-76.47000676,3.40742544],[-76.47000215,3.40742656],[-76.4699975,3.40742751],[-76.46999281,3.4074283],[-76.46998811,3.40742892],[-76.46998338,3.40742938],[-76.46997864,3.40742968],[-76.4699739,3.40742981],[-76.46996915,3.40742977],[-76.46996441,3.40742957],[-76.46995967,3.40742921],[-76.46995495,3.40742868],[-76.46995026,3.40742798],[-76.46994559,3.40742712],[-76.46994095,3.4074261],[-76.46993635,3.40742492],[-76.46993179,3.40742357],[-76.46992729,3.40742207],[-76.46992284,3.40742042],[-76.46991844,3.4074186],[-76.46991412,3.40741664],[-76.46990986,3.40741453],[-76.46990568,3.40741227],[-76.46990158,3.40740986],[-76.46989756,3.40740732],[-76.46989364,3.40740463],[-76.46923937,3.40704182]]]]},"geometry_name":"the_geom","properties":{"nombre":"COLEGIO FONADE","localizaci":null,"servicio":"EDUCACION","tipo":"COLEGIO","nivel":"EDUCACION PREESCOLAR_EDUCACION BASICA","propiedad":"PUB","escala":"ZONAL","permanenci":"NO","estruc_eco":"NO","url1":null}},{"type":"Feature","id":"eqp_uco_educacion.3791","geometry":{"type":"MultiPolygon","coordinates":[[[[-76.4743517,3.40013771],[-76.47493003,3.39981353],[-76.47511872,3.40012693],[-76.4746311,3.40041488],[-76.47453569,3.40047126],[-76.4743517,3.40013771]]]]},"geometry_name":"the_geom","properties":{"nombre":"ESCUELA PIZAMOS I","localizaci":"CL 122 D SIN PLACA","servicio":"EDUCACION","tipo":"ESCUELA","nivel":"EDUCACION BASICA-EDUCACION MEDIA VOCACIONAL","propiedad":"PUB","escala":"ZONAL","permanenci":"SI","estruc_eco":"NO","url1":null}},{"type":"Feature","id":"eqp_uco_educacion.3792","geometry":{"type":"MultiPolygon","coordinates":[[[[-76.47593034,3.41031066],[-76.47529289,3.41025024],[-76.47529282,3.41025098],[-76.4752342,3.41024468],[-76.47502706,3.4101705],[-76.4755311,3.40976668],[-76.47598165,3.40981304],[-76.47593034,3.41031066]]]]},"geometry_name":"the_geom","properties":{"nombre":"COLEGIO VILLAMERCEDES","localizaci":null,"servicio":"EDUCACION","tipo":"COLEGIO","nivel":"EDUCACION PREESCOLAR_EDUCACION BASICA","propiedad":"PUB","escala":"ZONAL","permanenci":"NO","estruc_eco":"NO","url1":null}},{"type":"Feature","id":"eqp_uco_educacion.3793","geometry":{"type":"MultiPolygon","coordinates":[[[[-76.463272,3.42742824],[-76.46340833,3.42735118],[-76.46383691,3.42738997],[-76.46382833,3.42749621],[-76.46383261,3.42762111],[-76.46357795,3.42774863],[-76.46341458,3.42782179],[-76.46336006,3.42784636],[-76.46332437,3.42775126],[-76.46328866,3.42757899],[-76.463272,3.42742824]]]]},"geometry_name":"the_geom","properties":{"nombre":"COLEGIO NARIÑO DESEPAZ CODECO","localizaci":null,"servicio":"EDUCACION","tipo":"COLEGIO","nivel":"EDUCACION PREESCOLAR_EDUCACION BASICA_EDUCACION MEDIA VOCACIONAL","propiedad":"PRIV","escala":"ZONAL","permanenci":"NO","estruc_eco":"NO","url1":null}},{"type":"Feature","id":"eqp_uco_educacion.3794","geometry":{"type":"MultiPolygon","coordinates":[[[[-76.46383691,3.42738997],[-76.46340833,3.42735118],[-76.463272,3.42742824],[-76.46328868,3.42729904],[-76.46329822,3.42705976],[-76.46333502,3.42706279],[-76.46404691,3.42713892],[-76.46402263,3.42745746],[-76.46391405,3.42746176],[-76.46382833,3.42749621],[-76.46383691,3.42738997]]]]},"geometry_name":"the_geom","properties":{"nombre":"COLEGIO TECNICO INDUSTRIAL CIUDADELA DESEPAZ","localizaci":"KR 23  NO 120 G_16","servicio":"EDUCACION","tipo":"COLEGIO","nivel":"EDUCACION BASICA-EDUCACION MEDIA VOCACIONAL","propiedad":"PRIV","escala":"ZONAL","permanenci":"NO","estruc_eco":"NO","url1":null}},{"type":"Feature","id":"eqp_uco_educacion.3795","geometry":{"type":"MultiPolygon","coordinates":[[[[-76.4709389,3.43560339],[-76.4711942,3.43504233],[-76.47160436,3.43531369],[-76.47138657,3.4358101],[-76.4709389,3.43560339]]]]},"geometry_name":"the_geom","properties":{"nombre":"CENTRO MULTIPLE DE SERVICIOS EDUCATIVOS  VALLE GRANDE","localizaci":"KR 24F NO 82_90","servicio":"EDUCACION","tipo":"CENTEDUC","nivel":"EDUCACION PREESCOLAR_EDUCACION BASICA_EDUCACION MEDIA VOCACIONAL","propiedad":"PRIV","escala":"ZONAL","permanenci":"SI","estruc_eco":"NO","url1":null}},{"type":"Feature","id":"eqp_uco_educacion.3796","geometry":{"type":"MultiPolygon","coordinates":[[[[-76.47979415,3.4330966],[-76.47995072,3.43285358],[-76.48018681,3.43300598],[-76.48003918,3.43324524],[-76.47979415,3.4330966]]]]},"geometry_name":"the_geom","properties":{"nombre":"NUCLEO EDUCATIVO LOS NARANJOS","localizaci":"CL 78 ENTRE KR 26G1 Y 26G3","servicio":"EDUCACION","tipo":"CENTEDUC","nivel":"EDUCACION BASICA","propiedad":"PUB","escala":"LOCAL","permanenci":"NO","estruc_eco":"NO","url1":null}},{"type":"Feature","id":"eqp_uco_educacion.3797","geometry":{"type":"MultiPolygon","coordinates":[[[[-76.46962406,3.43067072],[-76.46995444,3.43039557],[-76.47113,3.4318552],[-76.47087819,3.43205535],[-76.47073116,3.43217221],[-76.47064678,3.43209907],[-76.47049307,3.43196583],[-76.47051391,3.43190003],[-76.47048236,3.43182346],[-76.47011213,3.43135088],[-76.46962406,3.43067072]]]]},"geometry_name":"the_geom","properties":{"nombre":"COLEGIO COMPARTIR","localizaci":"KR 25A NO 59A 16","servicio":"EDUCACION","tipo":"COLEGIO","nivel":"EDUCACION PREESCOLAR_EDUCACION BASICA_EDUCACION MEDIA VOCACIONAL","propiedad":"PRIV","escala":"URBANA","permanenci":"SI","estruc_eco":"NO","url1":null}},{"type":"Feature","id":"eqp_uco_educacion.3798","geometry":{"type":"MultiPolygon","coordinates":[[[[-76.47166392,3.42379412],[-76.47185264,3.42346855],[-76.47205075,3.42358564],[-76.47186249,3.4239176],[-76.47166392,3.42379412]]]]},"geometry_name":"the_geom","properties":{"nombre":"COLEGIO ELIAS SALAZAR GARCIA","localizaci":"CL 108 CON KR 26H 1","servicio":"EDUCACION","tipo":"COLEGIO","nivel":"EDUCACION BASICA MEDIA","propiedad":"PUB","escala":"LOCAL","permanenci":"NO","estruc_eco":"NO","url1":null}},{"type":"Feature","id":"eqp_uco_educacion.3799","geometry":{"type":"MultiPolygon","coordinates":[[[[-76.48010004,3.41746718],[-76.48042111,3.41712385],[-76.48065607,3.4173474],[-76.48034353,3.41769724],[-76.48010004,3.41746718]]]]},"geometry_name":"the_geom","properties":{"nombre":"COLEGIO TECNICO INDUSTRIAL GABRIELA MISTRAL","localizaci":"CL 97 ENTRE KR 27D Y 27G","servicio":"EDUCACION","tipo":"COLEGIO","nivel":"EDUCACION BASICA-EDUCACION MEDIA VOCACIONAL","propiedad":"PUB","escala":"LOCAL","permanenci":"NO","estruc_eco":"NO","url1":null}},{"type":"Feature","id":"eqp_uco_educacion.3800","geometry":{"type":"MultiPolygon","coordinates":[[[[-76.49151268,3.4107737],[-76.49170798,3.41058407],[-76.49213649,3.41102974],[-76.4919412,3.41121938],[-76.49151268,3.4107737]]]]},"geometry_name":"the_geom","properties":{"nombre":"CENTRO EDUCATIVO EL OASIS","localizaci":"CL 55A KR 30","servicio":"EDUCACION","tipo":"CENTEDUC","nivel":"EDUCACION BASICA-EDUCACION MEDIA VOCACIONAL","propiedad":"PRIV","escala":"ZONAL","permanenci":"NO","estruc_eco":"NO","url1":null}},{"type":"Feature","id":"eqp_uco_educacion.3801","geometry":{"type":"MultiPolygon","coordinates":[[[[-76.49671087,3.40829597],[-76.49672987,3.40828828],[-76.49701372,3.40857841],[-76.49720897,3.4087801],[-76.49701368,3.40897542],[-76.49682198,3.40916803],[-76.49617396,3.4084874],[-76.49639158,3.40841216],[-76.4964084,3.40840637],[-76.49642521,3.40840056],[-76.49644201,3.40839473],[-76.49645881,3.40838888],[-76.4964756,3.40838301],[-76.49649238,3.40837712],[-76.49650916,3.40837121],[-76.49652593,3.40836528],[-76.49654269,3.40835933],[-76.49655945,3.40835331],[-76.4965762,3.40834724],[-76.49659293,3.40834112],[-76.49662262,3.40833012],[-76.49663974,3.40832367],[-76.49666988,3.40831212],[-76.4966861,3.4083058],[-76.49671087,3.40829597]]]]},"geometry_name":"the_geom","properties":{"nombre":"CENTRO TECNOLOGICO DE LA COMUNA 15","localizaci":"CRA 37 ENTRE CLL53 Y 55","servicio":"EDUCACION","tipo":"ESCTSUPER","nivel":"EDUCACION TECNICA","propiedad":"PRIV","escala":"ZONAL","permanenci":"SI","estruc_eco":"NO","url1":null}},{"type":"Feature","id":"eqp_uco_educacion.3802","geometry":{"type":"MultiPolygon","coordinates":[[[[-76.50781234,3.40919343],[-76.50837981,3.40865383],[-76.50867095,3.40895749],[-76.50810397,3.40949913],[-76.50781234,3.40919343]]]]},"geometry_name":"the_geom","properties":{"nombre":"ESCUELA CRISTO MAESTRO","localizaci":"KR 41F NO 44-00","servicio":"EDUCACION","tipo":"ESCUELA","nivel":"EDUCACION BASICA","propiedad":"PUB","escala":"LOCAL","permanenci":"NO","estruc_eco":"NO","url1":null}},{"type":"Feature","id":"eqp_uco_educacion.3803","geometry":{"type":"MultiPolygon","coordinates":[[[[-76.51050157,3.40604567],[-76.51055557,3.40599318],[-76.51057898,3.40601579],[-76.51062756,3.40597242],[-76.51074943,3.40609491],[-76.51108921,3.4064608],[-76.5111936,3.40656297],[-76.51061221,3.40710284],[-76.51003992,3.40647244],[-76.51045952,3.406087],[-76.5104764,3.40607004],[-76.51050157,3.40604567]]]]},"geometry_name":"the_geom","properties":{"nombre":"CENTRO DOCENTE NO83 CARLOS HOLMES TRUJILLO","localizaci":"CL 45 NO 43-00","servicio":"EDUCACION","tipo":"CENTDOC","nivel":"EDUCACION BASICA-EDUCACION MEDIA VOCACIONAL","propiedad":"PUB","escala":"ZONAL","permanenci":"NO","estruc_eco":"NO","url1":null}},{"type":"Feature","id":"eqp_uco_educacion.3804","geometry":{"type":"MultiPolygon","coordinates":[[[[-76.51799976,3.40659071],[-76.51859691,3.40604229],[-76.51904405,3.40651606],[-76.51859854,3.40692967],[-76.51859854,3.40693406],[-76.51849321,3.40703445],[-76.51848246,3.40704434],[-76.51847613,3.40704978],[-76.51846713,3.40705522],[-76.51845363,3.40705614],[-76.51844196,3.40705253],[-76.51843296,3.40704257],[-76.51842214,3.40702992],[-76.51799976,3.40659071]]]]},"geometry_name":"the_geom","properties":{"nombre":"COLEGIO INTENALCO","localizaci":"CL 38A NO 47A-45","servicio":"EDUCACION","tipo":"ESCTSUPER","nivel":"EDUCACION BASICA-EDUCACION MEDIA VOCACIONAL","propiedad":"PUB","escala":"ZONAL","permanenci":"NO","estruc_eco":"NO","url1":null}},{"type":"Feature","id":"eqp_uco_educacion.3805","geometry":{"type":"MultiPolygon","coordinates":[[[[-76.51399841,3.40816571],[-76.51401016,3.40816303],[-76.51402,3.4081648],[-76.51457722,3.40876438],[-76.51434779,3.40898391],[-76.51377737,3.40837918],[-76.51399841,3.40816571]]]]},"geometry_name":"the_geom","properties":{"nombre":"INSTITUTO TÉCNICO INDUSTRIAL DONALD RODRIGO TAFUR","localizaci":"KR 43B CL 40","servicio":"EDUCACION","tipo":"INSTEDUCI","nivel":"EDUCACION BASICA MEDIA","propiedad":"PRIV","escala":"LOCAL","permanenci":"NO","estruc_eco":"NO","url1":null}},{"type":"Feature","id":"eqp_uco_educacion.3806","geometry":{"type":"MultiPolygon","coordinates":[[[[-76.51719967,3.41293367],[-76.51705403,3.41349457],[-76.51661045,3.41351759],[-76.51681883,3.41282583],[-76.51719967,3.41293367]]]]},"geometry_name":"the_geom","properties":{"nombre":"CARIÑO VILLA  DEL SUR","localizaci":"DG 28B # 42 B 20","servicio":"EDUCACION","tipo":"CARIÑO","nivel":"EDUCACION PREESCOLAR","propiedad":"PUB","escala":"ZONAL","permanenci":"NO","estruc_eco":"NO","url1":null}},{"type":"Feature","id":"eqp_uco_educacion.3807","geometry":{"type":"MultiPolygon","coordinates":[[[[-76.51565681,3.413809],[-76.51598179,3.41351841],[-76.51631512,3.41387732],[-76.51575261,3.41390125],[-76.51565681,3.413809]]]]},"geometry_name":"the_geom","properties":{"nombre":"COLEGIO NUESTRA SEÑORA DE LOS REMEDIOS","localizaci":"CL 36 NO 42A 70","servicio":"EDUCACION","tipo":"COLEGIO","nivel":"EDUCACION BASICA-EDUCACION MEDIA VOCACIONAL","propiedad":"PRIV","escala":"ZONAL","permanenci":"NO","estruc_eco":"NO","url1":null}},{"type":"Feature","id":"eqp_uco_educacion.3808","geometry":{"type":"MultiPolygon","coordinates":[[[[-76.51462169,3.41525674],[-76.51460585,3.41529659],[-76.51457251,3.41532889],[-76.51452491,3.41535446],[-76.51380154,3.41536476],[-76.51379896,3.41532171],[-76.51373107,3.41481161],[-76.51411626,3.41440668],[-76.51424074,3.41453294],[-76.51444907,3.41482007],[-76.51462169,3.41525674]]]]},"geometry_name":"the_geom","properties":{"nombre":"INSTITUTO COMERCIAL VILLA DEL SUR","localizaci":"CL 30A NO 41A 99","servicio":"EDUCACION","tipo":"INSTTCOM","nivel":"EDUCACION BASICA-EDUCACION MEDIA VOCACIONAL","propiedad":"PRIV","escala":"ZONAL","permanenci":"NO","estruc_eco":"NO","url1":null}},{"type":"Feature","id":"eqp_uco_educacion.3809","geometry":{"type":"MultiPolygon","coordinates":[[[[-76.51141181,3.41198726],[-76.51149281,3.41190496],[-76.51193851,3.41237781],[-76.51166511,3.41264344],[-76.51123329,3.41217095],[-76.51141181,3.41198726]]]]},"geometry_name":"the_geom","properties":{"nombre":"INSTITUCION LIBARDO MADRID / ESCUELA DE SALUD HUMANIZAR","localizaci":"KR 41H CL 40 ESQUINA","servicio":"EDUCACION","tipo":"INSTEDUCI","nivel":"EDUCACION BASICA","propiedad":"PUB","escala":"ZONAL","permanenci":"NO","estruc_eco":"NO","url1":null}},{"type":"Feature","id":"eqp_uco_educacion.3810","geometry":{"type":"MultiPolygon","coordinates":[[[[-76.51091141,3.41248553],[-76.51099424,3.41240683],[-76.51099965,3.41241135],[-76.51123329,3.41217095],[-76.51166511,3.41264344],[-76.5113577,3.41294209],[-76.51091141,3.41248553]]]]},"geometry_name":"the_geom","properties":{"nombre":"INSTITUTO EDUCATIVO LIBARDO MADRID VALDERRAMA","localizaci":"KR 41F NO 39-58","servicio":"EDUCACION","tipo":"INSTEDUCI","nivel":"EDUCACION BASICA-EDUCACION MEDIA VOCACIONAL","propiedad":"PUB","escala":"ZONAL","permanenci":"NO","estruc_eco":"NO","url1":null}},{"type":"Feature","id":"eqp_uco_educacion.3811","geometry":{"type":"MultiPolygon","coordinates":[[[[-76.51297089,3.41742607],[-76.51376464,3.41738544],[-76.51377903,3.41759888],[-76.51379342,3.41787562],[-76.51381048,3.41814869],[-76.51363767,3.41815864],[-76.51300956,3.41819293],[-76.51297089,3.41742607]]]]},"geometry_name":"the_geom","properties":{"nombre":"UNIDAD DOCENTE CIUDAD MODELO","localizaci":"CL 31 CON KR 40","servicio":"EDUCACION","tipo":"CENTDOC","nivel":"EDUCACION BASICA-EDUCACION MEDIA VOCACIONAL","propiedad":"PUB","escala":"ZONAL","permanenci":"NO","estruc_eco":"NO","url1":null}},{"type":"Feature","id":"eqp_uco_educacion.3812","geometry":{"type":"MultiPolygon","coordinates":[[[[-76.51479783,3.42225826],[-76.51481945,3.42204754],[-76.515592,3.42212885],[-76.51568825,3.42213154],[-76.51566756,3.42236038],[-76.51563138,3.42270889],[-76.5152832,3.42267492],[-76.51485016,3.42263034],[-76.51488414,3.42226723],[-76.51485443,3.42226359],[-76.51479783,3.42225826]]]]},"geometry_name":"the_geom","properties":{"nombre":"COLEGIO PARROQUIAL SANTIAGO APOSTOL","localizaci":"CL 29 NO 33A 11","servicio":"EDUCACION","tipo":"COLEGIO","nivel":"EDUCACION BASICA-EDUCACION MEDIA VOCACIONAL","propiedad":"PUB","escala":"ZONAL","permanenci":"NO","estruc_eco":"NO","url1":null}},{"type":"Feature","id":"eqp_uco_educacion.3813","geometry":{"type":"MultiPolygon","coordinates":[[[[-76.51344545,3.42658826],[-76.51346873,3.42633486],[-76.5137056,3.42635667],[-76.51366672,3.42670858],[-76.51401496,3.42674538],[-76.51414545,3.42676164],[-76.51410492,3.42715686],[-76.51407073,3.42749782],[-76.51405273,3.42751223],[-76.51342227,3.42744955],[-76.51349131,3.42659198],[-76.51344545,3.42658826]]]]},"geometry_name":"the_geom","properties":{"nombre":"INSTITUCION EDUCATIVA GENERAL FRANCISCO DE PAULA SANTANDER  SEDE JOSE VICENTE CONCHA","localizaci":"KR 30A NO 27 60","servicio":"EDUCACION","tipo":"CENTEDUC","nivel":"EDUCACION PREESCOLAR_EDUCACION BASICA_EDUCACION MEDIA VOCACIONAL","propiedad":"PRIV","escala":"ZONAL","permanenci":"SI","estruc_eco":"NO","url1":null}},{"type":"Feature","id":"eqp_uco_educacion.3814","geometry":{"type":"MultiPolygon","coordinates":[[[[-76.5176566,3.43342787],[-76.51768041,3.43324842],[-76.51794049,3.43326946],[-76.51793407,3.4333298],[-76.51792798,3.43336395],[-76.51792067,3.43341029],[-76.51791215,3.43345785],[-76.51789116,3.433458],[-76.5176566,3.43342787]]]]},"geometry_name":"the_geom","properties":{"nombre":"INSTITUCION EDUCATIVA TECNICO INDUSTRIAL 10 DE MAYO SEDE REPUBLICA DE ITALIA","localizaci":"KR 24B CON CL 26B ESQUINA","servicio":"EDUCACION","tipo":"INSTTINDU","nivel":"EDUCACION PREESCOLAR_EDUCACION BASICA_EDUCACION MEDIA VOCACIONAL","propiedad":"PUB","escala":"LOCAL","permanenci":"NO","estruc_eco":"NO","url1":null}},{"type":"Feature","id":"eqp_uco_educacion.3815","geometry":{"type":"MultiPolygon","coordinates":[[[[-76.52062734,3.41728884],[-76.52061526,3.41693191],[-76.52062525,3.4169214],[-76.52063856,3.4169157],[-76.52065037,3.41691531],[-76.52109304,3.41688472],[-76.52115018,3.41730745],[-76.52062881,3.41733218],[-76.52062568,3.41729078],[-76.52062734,3.41728884]]]]},"geometry_name":"the_geom","properties":{"nombre":"COLEGIO PARROQUIAL SAN PEDRO CLAVER","localizaci":"CL 26 NO 40B 28","servicio":"EDUCACION","tipo":"COLEGIO","nivel":"EDUCACION PREESCOLAR_EDUCACION BASICA_EDUCACION MEDIA VOCACIONAL","propiedad":"PRIV","escala":"ZONAL","permanenci":"SI","estruc_eco":"NO","url1":null}},{"type":"Feature","id":"eqp_uco_educacion.3816","geometry":{"type":"MultiPolygon","coordinates":[[[[-76.51946565,3.41562659],[-76.51992906,3.41561205],[-76.51990193,3.41594346],[-76.51981149,3.4159508],[-76.51980758,3.41595112],[-76.51948386,3.41596836],[-76.51924161,3.41598022],[-76.5192268,3.41563089],[-76.51946565,3.41562659]]]]},"geometry_name":"the_geom","properties":{"nombre":"COLEGIO PARROQUIAL SAN PEDRO CLAVER","localizaci":"CL 26A NO 41B 25","servicio":"EDUCACION","tipo":"COLEGIO","nivel":"EDUCACION PREESCOLAR_EDUCACION BASICA_EDUCACION MEDIA VOCACIONAL","propiedad":"PRIV","escala":"ZONAL","permanenci":"NO","estruc_eco":"NO","url1":null}},{"type":"Feature","id":"eqp_uco_educacion.3817","geometry":{"type":"MultiPolygon","coordinates":[[[[-76.51982777,3.40866384],[-76.52010638,3.40837235],[-76.52022524,3.40838577],[-76.52023932,3.40841718],[-76.52021027,3.40870325],[-76.51982777,3.40866384]]]]},"geometry_name":"the_geom","properties":{"nombre":"COLEGIO AGUSTIN NIETO CABALLERO SEDE ANTONIO RICAURTE","localizaci":"CL 26B NO 46C 00","servicio":"EDUCACION","tipo":"COLEGIO","nivel":"EDUCACION BASICA-EDUCACION MEDIA VOCACIONAL","propiedad":"PUB","escala":"LOCAL","permanenci":"NO","estruc_eco":"NO","url1":null}},{"type":"Feature","id":"eqp_uco_educacion.3818","geometry":{"type":"MultiPolygon","coordinates":[[[[-76.50652555,3.42229296],[-76.50662818,3.42209076],[-76.50665979,3.42202872],[-76.50669989,3.42194636],[-76.50697202,3.42209041],[-76.50715616,3.42218788],[-76.50711208,3.42227737],[-76.50710491,3.42227377],[-76.50707699,3.42233523],[-76.50694648,3.42259479],[-76.50688645,3.42270397],[-76.50643636,3.42246667],[-76.50651656,3.42230997],[-76.50652555,3.42229296]]]]},"geometry_name":"the_geom","properties":{"nombre":"COLEGIO FE Y ALEGRIA","localizaci":"DG 30 NO 32B 49","servicio":"EDUCACION","tipo":"COLEGIO","nivel":"EDUCACION BASICA","propiedad":"PRIV","escala":"ZONAL","permanenci":"NO","estruc_eco":"NO","url1":null}},{"type":"Feature","id":"eqp_uco_educacion.3819","geometry":{"type":"MultiPolygon","coordinates":[[[[-76.48616784,3.42637778],[-76.48632895,3.42604972],[-76.48654902,3.42617683],[-76.48637732,3.42651113],[-76.48626941,3.42645408],[-76.48627893,3.42643734],[-76.48616784,3.42637778]]]]},"geometry_name":"the_geom","properties":{"nombre":"COLEGIO NUESTRA SEÑORA DE LA PROVIDENCIA","localizaci":"CL 72W CON KR 26U ESQUINA","servicio":"EDUCACION","tipo":"COLEGIO","nivel":"EDUCACION BASICA-EDUCACION MEDIA VOCACIONAL","propiedad":"PRIV","escala":"LOCAL","permanenci":"NO","estruc_eco":"NO","url1":null}},{"type":"Feature","id":"eqp_uco_educacion.3820","geometry":{"type":"MultiPolygon","coordinates":[[[[-76.48091321,3.42819206],[-76.48133413,3.42819205],[-76.48133526,3.42849122],[-76.48105446,3.42849571],[-76.48091832,3.42848942],[-76.48091352,3.42823254],[-76.48091321,3.42819206]]]]},"geometry_name":"the_geom","properties":{"nombre":"COLEGIO DEPARTAMENTAL MONSEÑOR RAMON ARCILA","localizaci":"DG 26I 3  TR 80A 18","servicio":"EDUCACION","tipo":"COLEGIO","nivel":"EDUCACION BASICA-EDUCACION MEDIA VOCACIONAL","propiedad":"PUB","escala":"ZONAL","permanenci":"NO","estruc_eco":"NO","url1":null}},{"type":"Feature","id":"eqp_uco_educacion.3821","geometry":{"type":"MultiPolygon","coordinates":[[[[-76.48071081,3.42785543],[-76.48071153,3.42765802],[-76.48070992,3.42760942],[-76.48067484,3.42761125],[-76.48067452,3.42762837],[-76.48067392,3.42766099],[-76.48057662,3.42764232],[-76.48055602,3.42763837],[-76.48055605,3.42763555],[-76.48055454,3.42763506],[-76.48054946,3.4275591],[-76.48054749,3.42754429],[-76.48054886,3.42754066],[-76.48067485,3.42753799],[-76.4806766,3.42753799],[-76.48067576,3.42752442],[-76.48068202,3.42752442],[-76.48081075,3.4275226],[-76.4808125,3.42760131],[-76.48081341,3.42763388],[-76.48087099,3.4276348],[-76.480871,3.4275118],[-76.48096217,3.42750803],[-76.48096547,3.42775506],[-76.48096546,3.42778579],[-76.48096455,3.4278084],[-76.48103028,3.42780749],[-76.48103031,3.42780968],[-76.48105529,3.42781017],[-76.4810554,3.4278762],[-76.48073295,3.4278829],[-76.48073179,3.42785543],[-76.48071081,3.42785543]]]]},"geometry_name":"the_geom","properties":{"nombre":"COLEGIO MILITAR","localizaci":"DG 26K ENTRE TR 80A Y 87","servicio":"EDUCACION","tipo":"COLEGIO","nivel":"EDUCACION MEDIA VOCACIONAL","propiedad":"PUB","escala":"ZONAL","permanenci":"NO","estruc_eco":"NO","url1":null}},{"type":"Feature","id":"eqp_uco_educacion.3822","geometry":{"type":"MultiPolygon","coordinates":[[[[-76.48368007,3.42163201],[-76.48388377,3.42141251],[-76.48409228,3.42160945],[-76.48409823,3.4216059],[-76.48409279,3.42160955],[-76.4838996,3.42182479],[-76.48368007,3.42163201]]]]},"geometry_name":"the_geom","properties":{"nombre":"COLEGIO DE FE Y ALEGRIA","localizaci":"CL 81 ENTRE KR 27C Y 27C","servicio":"EDUCACION","tipo":"COLEGIO","nivel":"EDUCACION BASICA-EDUCACION MEDIA VOCACIONAL","propiedad":"PUB","escala":"ZONAL","permanenci":"NO","estruc_eco":"NO","url1":null}},{"type":"Feature","id":"eqp_uco_educacion.3823","geometry":{"type":"MultiPolygon","coordinates":[[[[-76.48804108,3.41480681],[-76.48828686,3.41457207],[-76.48859304,3.41492375],[-76.48835195,3.41513574],[-76.48817108,3.41494435],[-76.48804108,3.41480681]]]]},"geometry_name":"the_geom","properties":{"nombre":"ESCUELA NIÑO JESUS DE ATOCHA","localizaci":"CL 83 ENTRE KR 28D Y 28E3","servicio":"EDUCACION","tipo":"ESCUELA","nivel":"EDUCACION BASICA MEDIA","propiedad":"PUB","escala":"LOCAL","permanenci":"NO","estruc_eco":"NO","url1":null}},{"type":"Feature","id":"eqp_uco_educacion.3824","geometry":{"type":"MultiPolygon","coordinates":[[[[-76.48719947,3.43255931],[-76.48780975,3.43235654],[-76.48797164,3.43285614],[-76.48737966,3.43304283],[-76.48719947,3.43255931]]]]},"geometry_name":"the_geom","properties":{"nombre":"ESCUELA OMAIRA SANCHEZ","localizaci":"KR 28A CON CL 72I ESQUINA","servicio":"EDUCACION","tipo":"ESCUELA","nivel":"EDUCACION BASICA","propiedad":"PUB","escala":"LOCAL","permanenci":"NO","estruc_eco":"NO","url1":null}},{"type":"Feature","id":"eqp_uco_educacion.3825","geometry":{"type":"MultiPolygon","coordinates":[[[[-76.46736394,3.41872071],[-76.46758707,3.41835013],[-76.46779367,3.41846935],[-76.46785841,3.4185056],[-76.46790361,3.41855436],[-76.46791577,3.41860042],[-76.4679325,3.4186431],[-76.46794339,3.41869602],[-76.46793263,3.41873502],[-76.46791976,3.41877267],[-76.4678,3.41898143],[-76.46736394,3.41872071]]]]},"geometry_name":"the_geom","properties":{"nombre":"COLEGIO  COMFANDI DECEPAZ","localizaci":"CL 121 KR 26J","servicio":"EDUCACION","tipo":"COLEGIO","nivel":"EDUCACION PREESCOLAR_EDUCACION BASICA","propiedad":"PRIV","escala":"ZONAL","permanenci":"NO","estruc_eco":"NO","url1":null}},{"type":"Feature","id":"eqp_uco_educacion.3826","geometry":{"type":"MultiPolygon","coordinates":[[[[-76.47257502,3.42574954],[-76.47203058,3.42594999],[-76.47196031,3.42569666],[-76.47255883,3.42549446],[-76.47260492,3.42548868],[-76.47258655,3.42553044],[-76.47258005,3.42574906],[-76.47257491,3.42574909],[-76.47257502,3.42574954]]]]},"geometry_name":"the_geom","properties":{"nombre":"COLEGIO DEPARTAMENTAL PUERTA DEL SOL","localizaci":null,"servicio":"EDUCACION","tipo":"COLEGIO","nivel":"EDUCACION BASICA-EDUCACION MEDIA VOCACIONAL","propiedad":"PUB","escala":"ZONAL","permanenci":"NO","estruc_eco":"NO","url1":null}},{"type":"Feature","id":"eqp_uco_educacion.3827","geometry":{"type":"MultiPolygon","coordinates":[[[[-76.47461252,3.43156861],[-76.4748548,3.43138188],[-76.47505225,3.43164963],[-76.47479246,3.43185252],[-76.47474915,3.43179541],[-76.47465575,3.43167223],[-76.47459124,3.43158716],[-76.47461252,3.43156861]]]]},"geometry_name":"the_geom","properties":{"nombre":"ESCUELA PUBLICA PUERTA DEL SOL","localizaci":"CL 84 KR 26 C ESQUINA","servicio":"EDUCACION","tipo":"ESCUELA","nivel":"EDUCACION BASICA","propiedad":"PUB","escala":"LOCAL","permanenci":"NO","estruc_eco":"NO","url1":null}},{"type":"Feature","id":"eqp_uco_educacion.3828","geometry":{"type":"MultiPolygon","coordinates":[[[[-76.52135388,3.42206218],[-76.5213625,3.42196219],[-76.52154604,3.42198195],[-76.52153364,3.42208371],[-76.52135388,3.42206218]]]]},"geometry_name":"the_geom","properties":{"nombre":"JARDIN EL DESCUBRIMIENTO","localizaci":"CL 23 KR 35 ESQUINA","servicio":"EDUCACION","tipo":"JARDININF","nivel":"EDUCACION PREESCOLAR","propiedad":"PRIV","escala":"LOCAL","permanenci":"NO","estruc_eco":"NO","url1":null}},{"type":"Feature","id":"eqp_uco_educacion.3829","geometry":{"type":"MultiPolygon","coordinates":[[[[-76.51999915,3.42390524],[-76.52003864,3.42353331],[-76.52024387,3.42354833],[-76.52024827,3.42349511],[-76.52045669,3.42350943],[-76.52041387,3.42393116],[-76.51999915,3.42390524]]]]},"geometry_name":"the_geom","properties":{"nombre":"INSTITUTO POLITECNICO BOYACA","localizaci":"CL 25 NO 25 25","servicio":"EDUCACION","tipo":"POLITEC","nivel":"EDUCACION BASICA-EDUCACION MEDIA VOCACIONAL","propiedad":"PUB","escala":"ZONAL","permanenci":"NO","estruc_eco":"NO","url1":null}},{"type":"Feature","id":"eqp_uco_educacion.3830","geometry":{"type":"MultiPolygon","coordinates":[[[[-76.50357443,3.41181906],[-76.50333614,3.41165196],[-76.50330464,3.41167817],[-76.50327765,3.41165196],[-76.50327041,3.4116456],[-76.50329832,3.41162123],[-76.50331182,3.41163204],[-76.50391213,3.41106511],[-76.5040003,3.41098189],[-76.50407953,3.41106513],[-76.50421267,3.41120531],[-76.50421652,3.41120938],[-76.50357443,3.41181906]]]]},"geometry_name":"the_geom","properties":{"nombre":"ESCUELA LISANDRO FRANKY","localizaci":"CL 46 KR 40 ESQUINA","servicio":"EDUCACION","tipo":"ESCUELA","nivel":"EDUCACION BASICA","propiedad":"PRIV","escala":"LOCAL","permanenci":"NO","estruc_eco":"NO","url1":null}},{"type":"Feature","id":"eqp_uco_educacion.3831","geometry":{"type":"MultiPolygon","coordinates":[[[[-76.50459608,3.49171119],[-76.50415429,3.49123178],[-76.50488183,3.49145996],[-76.50459608,3.49171119]]]]},"geometry_name":"the_geom","properties":{"nombre":"INSTITUTO EDUCATIVO SANTA CECILIA","localizaci":"AV 2B CL 72AN","servicio":"EDUCACION","tipo":"INSTEDUCI","nivel":"EDUCACION BASICA-EDUCACION MEDIA VOCACIONAL","propiedad":"PUB","escala":"LOCAL","permanenci":"NO","estruc_eco":"NO","url1":null}},{"type":"Feature","id":"eqp_uco_educacion.3832","geometry":{"type":"MultiPolygon","coordinates":[[[[-76.53266703,3.35885186],[-76.53259237,3.35889313],[-76.531682,3.3596133],[-76.53163259,3.35947427],[-76.53163215,3.35947455],[-76.53161682,3.35948444],[-76.53157991,3.35953333],[-76.53152957,3.35959119],[-76.53144225,3.35972684],[-76.53131984,3.35995383],[-76.53116777,3.36001529],[-76.53117319,3.36002886],[-76.53103821,3.3600759],[-76.53093648,3.36011207],[-76.53082399,3.36026396],[-76.53066387,3.35979461],[-76.53063597,3.35966617],[-76.53062006,3.35958224],[-76.53061043,3.3590567],[-76.53060567,3.35874086],[-76.53060567,3.35832452],[-76.53059478,3.35826085],[-76.53265275,3.3586724],[-76.53266703,3.35885186]]]]},"geometry_name":"the_geom","properties":{"nombre":"COLEGIO BENNETT","localizaci":"CL ALFEREZ REAL CIUDAD JARDIN","servicio":"EDUCACION","tipo":"COLEGIO","nivel":"EDUCACION PREESCOLAR_EDUCACION BASICA_EDUCACION MEDIA VOCACIONAL","propiedad":"PRIV","escala":"URBANA","permanenci":"SI","estruc_eco":"NO","url1":null}},{"type":"Feature","id":"eqp_uco_educacion.3833","geometry":{"type":"MultiPolygon","coordinates":[[[[-76.52782109,3.36229494],[-76.52770322,3.36184368],[-76.52746215,3.3609194],[-76.52745582,3.36089411],[-76.52735503,3.3605631],[-76.52735692,3.36039037],[-76.52785559,3.36039745],[-76.52847342,3.36024311],[-76.5298198,3.35989855],[-76.53043049,3.35973344],[-76.53049647,3.35995647],[-76.5305397,3.36014998],[-76.53058644,3.3603363],[-76.53063683,3.36046107],[-76.5306409,3.36046889],[-76.53061068,3.36059782],[-76.53060266,3.36060491],[-76.53040707,3.36087792],[-76.5303335,3.36123037],[-76.53031101,3.3612397],[-76.52999494,3.36120453],[-76.52997352,3.36121243],[-76.52987352,3.36136748],[-76.52961996,3.36152396],[-76.52936529,3.36172891],[-76.52925815,3.3617289],[-76.5292024,3.36175871],[-76.52916549,3.36177411],[-76.52906741,3.36191696],[-76.52889689,3.36186984],[-76.52872357,3.36204786],[-76.52850949,3.36206438],[-76.5283646,3.36212859],[-76.52823053,3.36222622],[-76.52813779,3.36235918],[-76.52806221,3.36244869],[-76.52786698,3.36249298],[-76.52782109,3.36229494]]]]},"geometry_name":"the_geom","properties":{"nombre":"COLEGIO ALEMAN","localizaci":"AV. GUALI NO 31","servicio":"EDUCACION","tipo":"COLEGIO","nivel":"EDUCACION PREESCOLAR_EDUCACION BASICA_EDUCACION MEDIA VOCACIONAL","propiedad":"PRIV","escala":"REGIONAL","permanenci":"SI","estruc_eco":"NO","url1":null}},{"type":"Feature","id":"eqp_uco_educacion.3834","geometry":{"type":"MultiPolygon","coordinates":[[[[-76.53154975,3.34758341],[-76.53154062,3.3476938],[-76.5316445,3.34769376],[-76.5316753,3.34769383],[-76.53175293,3.34762533],[-76.53176226,3.34749203],[-76.53170106,3.34748609],[-76.53170649,3.34735455],[-76.53171017,3.34726555],[-76.53172518,3.34698148],[-76.53175363,3.34698371],[-76.53176679,3.34666615],[-76.53179012,3.34630163],[-76.53181708,3.3458437],[-76.53184536,3.34540975],[-76.53186289,3.34517752],[-76.53186493,3.3451478],[-76.53366711,3.34512661],[-76.53363409,3.34551125],[-76.53357017,3.34625588],[-76.53330485,3.34675722],[-76.53350136,3.34703167],[-76.5334835,3.34724879],[-76.53345084,3.3476459],[-76.53324169,3.3483179],[-76.53324515,3.34851856],[-76.53328307,3.34862051],[-76.53316774,3.34874415],[-76.53308774,3.34896237],[-76.53309918,3.34924567],[-76.53281919,3.34932032],[-76.53256206,3.34926481],[-76.53220779,3.34924376],[-76.53149925,3.3492744],[-76.5305397,3.34929279],[-76.53054367,3.34910712],[-76.5305764,3.34860763],[-76.53060914,3.3484521],[-76.5306508,3.34835938],[-76.53067163,3.34820984],[-76.53068651,3.34808422],[-76.53068056,3.3479586],[-76.53066567,3.34786887],[-76.53064187,3.34772531],[-76.53065036,3.34761215],[-76.53154975,3.34758341]]]]},"geometry_name":"the_geom","properties":{"nombre":"PONTIFICIA UNIVERSIDAD JAVERIANA","localizaci":"CL 18 NO 118- 250","servicio":"EDUCACION","tipo":"UNIVERSIDAD","nivel":"EDUCACION SUPERIOR","propiedad":"PRIV","escala":"REGIONAL","permanenci":"SI","estruc_eco":"SI","url1":null}},{"type":"Feature","id":"eqp_uco_educacion.3835","geometry":{"type":"MultiPolygon","coordinates":[[[[-76.53519993,3.34764587],[-76.53510695,3.35035811],[-76.53246721,3.35039939],[-76.53243408,3.350403],[-76.53238453,3.35054378],[-76.53304748,3.35051984],[-76.53304787,3.35062684],[-76.53304828,3.35074061],[-76.53043426,3.35080589],[-76.53044067,3.35071149],[-76.53043012,3.35071177],[-76.5304544,3.35064744],[-76.53053772,3.34938527],[-76.5305397,3.34929279],[-76.53149925,3.3492744],[-76.53220779,3.34924376],[-76.53256206,3.34926481],[-76.53281919,3.34932032],[-76.53309918,3.34924567],[-76.53308774,3.34896237],[-76.53316774,3.34874415],[-76.53328307,3.34862051],[-76.53324515,3.34851856],[-76.53324169,3.3483179],[-76.53342236,3.34773739],[-76.53345084,3.3476459],[-76.53519993,3.34764587]]]]},"geometry_name":"the_geom","properties":{"nombre":"COLEGIO BERCHMANS","localizaci":"KR 120 A NO 16- 86","servicio":"EDUCACION","tipo":"COLEGIO","nivel":"EDUCACION PREESCOLAR_EDUCACION BASICA_EDUCACION MEDIA VOCACIONAL","propiedad":"PRIV","escala":"REGIONAL","permanenci":"SI","estruc_eco":"SI","url1":null}},{"type":"Feature","id":"eqp_uco_educacion.3836","geometry":{"type":"MultiPolygon","coordinates":[[[[-76.58386255,3.45822461],[-76.58390823,3.45820988],[-76.58396942,3.45839823],[-76.5839255,3.45841347],[-76.58395986,3.45852861],[-76.58385597,3.45858822],[-76.58376259,3.45862062],[-76.58372556,3.45857837],[-76.58371594,3.45855964],[-76.58371187,3.45853898],[-76.58371367,3.45851798],[-76.58372122,3.45849832],[-76.58372143,3.45849791],[-76.5837648,3.45843717],[-76.58380323,3.45837315],[-76.58383646,3.45830627],[-76.5838421,3.45829346],[-76.58386255,3.45822461]]]]},"geometry_name":"the_geom","properties":{"nombre":"CENTRO DOCENTE NO 28 CECILIA CABALLERO DE LOPEZ","localizaci":"AV 51 A OESTE NO 34_100","servicio":"EDUCACION","tipo":"CENTDOC","nivel":"EDUCACION BASICA","propiedad":"PUB","escala":"LOCAL","permanenci":"NO","estruc_eco":"NO","url1":null}},{"type":"Feature","id":"eqp_uco_educacion.3837","geometry":{"type":"MultiPolygon","coordinates":[[[[-76.57754887,3.45423197],[-76.57737919,3.4542096],[-76.5773775,3.45421757],[-76.57716533,3.45418025],[-76.57715513,3.45417785],[-76.57714181,3.45417472],[-76.57718539,3.45396326],[-76.57695881,3.45393946],[-76.57696223,3.45391644],[-76.57695729,3.45388356],[-76.57697302,3.45387139],[-76.5770011,3.45385527],[-76.57703163,3.45384455],[-76.57723903,3.45377283],[-76.57724759,3.45376866],[-76.57727936,3.45375742],[-76.5773126,3.45375192],[-76.57734629,3.45375235],[-76.57737938,3.45375867],[-76.57739707,3.45377258],[-76.57742566,3.45380092],[-76.5774498,3.45383317],[-76.57746896,3.45386864],[-76.57748273,3.45390654],[-76.57750892,3.45399198],[-76.57753823,3.45410545],[-76.57755625,3.45419858],[-76.57756222,3.45420286],[-76.57756651,3.45421192],[-76.57756513,3.45422186],[-76.57755851,3.45422937],[-76.57754887,3.45423197]]]]},"geometry_name":"the_geom","properties":{"nombre":"ESCUELA JOSE ACEVEDO Y GOMEZ","localizaci":"AV 5 OESTE NO 30-164","servicio":"EDUCACION","tipo":"ESCUELA","nivel":"EDUCACION PREESCOLAR_EDUCACION BASICA","propiedad":"PUB","escala":"LOCAL","permanenci":"NO","estruc_eco":"NO","url1":null}},{"type":"Feature","id":"eqp_uco_educacion.3838","geometry":{"type":"MultiPolygon","coordinates":[[[[-76.57746434,3.45546875],[-76.57746814,3.45546739],[-76.57746707,3.45581499],[-76.57725753,3.45581979],[-76.57725958,3.45558278],[-76.57727233,3.45557015],[-76.5773013,3.45554975],[-76.5773558,3.455522],[-76.57746434,3.45546875]]]]},"geometry_name":"the_geom","properties":{"nombre":"INSTITUCION EDUCATIVA VILLA DEL MAR","localizaci":"AV 8 OESTE NO 30C 40","servicio":"EDUCACION","tipo":"CENTEDUC","nivel":"EDUCACION BASICA","propiedad":"PUB","escala":"LOCAL","permanenci":"NO","estruc_eco":"NO","url1":null}},{"type":"Feature","id":"eqp_uco_educacion.3839","geometry":{"type":"MultiPolygon","coordinates":[[[[-76.57612773,3.4524864],[-76.57614677,3.45238351],[-76.57646584,3.45245049],[-76.57645156,3.45254859],[-76.57639345,3.45285332],[-76.57634394,3.453039],[-76.57608487,3.45300839],[-76.57605438,3.45283611],[-76.57612773,3.4524864]]]]},"geometry_name":"the_geom","properties":{"nombre":"ESCUELA MARIA SINIESTRA","localizaci":"CL 30 OESTE NO 4A-10","servicio":"EDUCACION","tipo":"ESCUELA","nivel":"EDUCACION PREESCOLAR_EDUCACION BASICA_EDUCACION MEDIA VOCACIONAL","propiedad":"PUB","escala":"LOCAL","permanenci":"NO","estruc_eco":"NO","url1":null}},{"type":"Feature","id":"eqp_uco_educacion.3840","geometry":{"type":"MultiPolygon","coordinates":[[[[-76.56850305,3.45208894],[-76.56852019,3.45197983],[-76.56854304,3.45184201],[-76.56858113,3.45170419],[-76.56861541,3.45157211],[-76.56866303,3.45151085],[-76.56878684,3.45146299],[-76.5688859,3.45146681],[-76.56900972,3.45151275],[-76.5690421,3.45158931],[-76.56905736,3.4518573],[-76.56905225,3.45196604],[-76.56903601,3.45210779],[-76.56900784,3.45208509],[-76.56861925,3.45207554],[-76.56852019,3.45211191],[-76.56850305,3.45208894]]]]},"geometry_name":"the_geom","properties":{"nombre":"ESCUELA ANA MARIA DE LLOREDA","localizaci":"AV 4 OESTE CL 25A OESTE","servicio":"EDUCACION","tipo":"ESCUELA","nivel":"EDUCACION BASICA","propiedad":"PUB","escala":"LOCAL","permanenci":"NO","estruc_eco":"NO","url1":null}},{"type":"Feature","id":"eqp_uco_educacion.3841","geometry":{"type":"MultiPolygon","coordinates":[[[[-76.56686626,3.45218986],[-76.5668454,3.45173823],[-76.56702475,3.45173343],[-76.56708054,3.45189375],[-76.56716685,3.45188178],[-76.56729715,3.4518387],[-76.56756253,3.45181964],[-76.56766669,3.45176594],[-76.56766721,3.45202213],[-76.56767243,3.45221235],[-76.56767881,3.45235133],[-76.56750321,3.45235134],[-76.5675032,3.45230947],[-76.56686626,3.45218986]]]]},"geometry_name":"the_geom","properties":{"nombre":"COLEGIO JOSE HOLGUIN GARCES","localizaci":null,"servicio":"EDUCACION","tipo":"COLEGIO","nivel":"EDUCACION BASICA-EDUCACION MEDIA VOCACIONAL","propiedad":"PUB","escala":"ZONAL","permanenci":"NO","estruc_eco":"NO","url1":null}},{"type":"Feature","id":"eqp_uco_educacion.3846","geometry":{"type":"MultiPolygon","coordinates":[[[[-76.53308031,3.46287414],[-76.53307216,3.46287237],[-76.53306948,3.46287237],[-76.53300649,3.4628624],[-76.53295952,3.46285196],[-76.53295692,3.46285135],[-76.53292849,3.46284906],[-76.53289871,3.46284319],[-76.53287062,3.46283164],[-76.5328453,3.46281485],[-76.53282369,3.46279345],[-76.5328066,3.46276825],[-76.53279469,3.46274019],[-76.53279026,3.46272253],[-76.53274864,3.46263359],[-76.53268389,3.46251959],[-76.53267682,3.46250968],[-76.53293656,3.46234904],[-76.53317467,3.46258712],[-76.53325206,3.46273427],[-76.53320478,3.46286449],[-76.53308031,3.46287414]]]]},"geometry_name":"the_geom","properties":{"nombre":"COLEGIO ALEJANDRIA","localizaci":"CL 21 N NO 9N-17","servicio":"EDUCACION","tipo":"COLEGIO","nivel":"EDUCACION BASICA-EDUCACION MEDIA VOCACIONAL","propiedad":"PRIV","escala":"LOCAL","permanenci":"NO","estruc_eco":"NO","url1":null}},{"type":"Feature","id":"eqp_uco_educacion.3847","geometry":{"type":"MultiPolygon","coordinates":[[[[-76.52008889,3.44891222],[-76.5200516,3.44875667],[-76.52003938,3.44875877],[-76.52003421,3.4487361],[-76.52056058,3.44860716],[-76.52062347,3.44889558],[-76.52050407,3.44891764],[-76.52050284,3.4489082],[-76.52009929,3.44899299],[-76.52008335,3.44891421],[-76.52008889,3.44891222]]]]},"geometry_name":"the_geom","properties":{"nombre":"CENTRAL DIDACTICA POLICARPA SALAVARRIETA","localizaci":"KR 11 NO 22 A 30","servicio":"EDUCACION","tipo":"CENTDOC","nivel":"EDUCACION BASICA-EDUCACION MEDIA VOCACIONAL","propiedad":"PUB","escala":"ZONAL","permanenci":"NO","estruc_eco":"NO","url1":null}},{"type":"Feature","id":"eqp_uco_educacion.3842","geometry":{"type":"MultiPolygon","coordinates":[[[[-76.5624113,3.45660508],[-76.5627902,3.45628447],[-76.5629174,3.45617342],[-76.56302585,3.4560864],[-76.56309093,3.45602787],[-76.56310955,3.45601619],[-76.56311569,3.45602711],[-76.56312361,3.45604165],[-76.56312891,3.45605136],[-76.56313384,3.45605878],[-76.56313813,3.45606508],[-76.56314408,3.45607226],[-76.56315281,3.4560852],[-76.56316595,3.45610338],[-76.5631739,3.45611553],[-76.56318222,3.45612777],[-76.56319554,3.45614704],[-76.56320955,3.45616399],[-76.56322015,3.4561765],[-76.56322683,3.45618556],[-76.56323565,3.45619548],[-76.56324661,3.45620682],[-76.56325519,3.45621482],[-76.56326034,3.45621902],[-76.5632684,3.45622649],[-76.56328275,3.45624086],[-76.56328875,3.45624688],[-76.56329494,3.45625254],[-76.563299,3.45625591],[-76.56330392,3.45625928],[-76.5633056,3.45626051],[-76.56331656,3.45626871],[-76.56332493,3.45627613],[-76.5633443,3.45629378],[-76.56335399,3.45630146],[-76.56336328,3.45630867],[-76.56337301,3.45631704],[-76.56338155,3.45632484],[-76.56338929,3.45633192],[-76.56339863,3.45634007],[-76.56342014,3.45635602],[-76.56343516,3.45636915],[-76.56343962,3.45637373],[-76.56344321,3.4563774],[-76.56345112,3.45638621],[-76.56346056,3.45639629],[-76.56347159,3.45640887],[-76.56347756,3.45641692],[-76.5634833,3.45642564],[-76.56348678,3.4564316],[-76.56349048,3.45643793],[-76.56349866,3.45645123],[-76.56350387,3.45646027],[-76.56350881,3.45646931],[-76.56351701,3.4564871],[-76.56352005,3.45649921],[-76.56351967,3.45651282],[-76.56351587,3.45652496],[-76.56350735,3.45653555],[-76.56350216,3.45653883],[-76.56349535,3.45654373],[-76.56348984,3.45654607],[-76.56348388,3.456549],[-76.56347397,3.45655268],[-76.56346947,3.45655436],[-76.56346559,3.45655693],[-76.5634535,3.45656712],[-76.56344826,3.45657446],[-76.56344564,3.45658013],[-76.56344241,3.45658622],[-76.56343997,3.45659198],[-76.56343789,3.45659802],[-76.56343566,3.4566053],[-76.56342969,3.45662711],[-76.56342533,3.45664043],[-76.5634196,3.45665467],[-76.56341103,3.45666857],[-76.56340696,3.45667431],[-76.56340492,3.45667745],[-76.56339645,3.45668975],[-76.56338712,3.45670187],[-76.56338028,3.45670823],[-76.56337247,3.45671439],[-76.56336321,3.45671995],[-76.56335271,3.45672358],[-76.56333938,3.45672971],[-76.5633316,3.45673427],[-76.56332265,3.45674032],[-76.56330815,3.45674781],[-76.5632962,3.45675302],[-76.56328142,3.45675868],[-76.56326542,3.45676267],[-76.56325417,3.45676447],[-76.56323086,3.45676706],[-76.5632202,3.45676704],[-76.56320154,3.45676729],[-76.56319255,3.45676646],[-76.56318147,3.45676576],[-76.56317,3.45676471],[-76.56315736,3.45676328],[-76.56314875,3.45676244],[-76.56314149,3.45676188],[-76.56312897,3.45676101],[-76.56310175,3.45675748],[-76.5630887,3.45675548],[-76.56307817,3.45675411],[-76.56306819,3.45675246],[-76.56305426,3.45674988],[-76.56303628,3.45674832],[-76.56301361,3.45674428],[-76.5629979,3.4567423],[-76.56298823,3.4567431],[-76.56297628,3.45674427],[-76.56296373,3.45674468],[-76.56294923,3.45674626],[-76.56293901,3.45674757],[-76.56291337,3.45675308],[-76.56290127,3.45675512],[-76.56288993,3.45675674],[-76.56287207,3.4567578],[-76.56283019,3.45675611],[-76.56281877,3.45675631],[-76.56280507,3.45675676],[-76.56279294,3.45675791],[-76.56277424,3.45676124],[-76.56276354,3.45676451],[-76.56275162,3.45676832],[-76.56273924,3.45677234],[-76.56272574,3.45677685],[-76.56271149,3.45678173],[-76.5627014,3.45678574],[-76.56269235,3.45678775],[-76.56268234,3.45678972],[-76.56263783,3.456795],[-76.56262494,3.45679637],[-76.56261472,3.4567977],[-76.5626026,3.456799],[-76.5625901,3.45680052],[-76.56258121,3.45680173],[-76.56257307,3.4568029],[-76.56255796,3.45680561],[-76.56254786,3.45680749],[-76.56253977,3.45680972],[-76.56253095,3.45681251],[-76.56251894,3.45681636],[-76.56250889,3.45681976],[-76.56250857,3.456818],[-76.5624113,3.45660508]]]]},"geometry_name":"the_geom","properties":{"nombre":"COLEGIO SANTA ISABEL DE HUNGRIA","localizaci":"AV 9 OESTE NO 19 C1-100","servicio":"EDUCACION","tipo":"COLEGIO","nivel":"EDUCACION BASICA-EDUCACION MEDIA VOCACIONAL","propiedad":"PRIV","escala":"URBANA","permanenci":"SI","estruc_eco":"NO","url1":null}},{"type":"Feature","id":"eqp_uco_educacion.3843","geometry":{"type":"MultiPolygon","coordinates":[[[[-76.55236097,3.45506173],[-76.5525116,3.4555165],[-76.55248884,3.45550669],[-76.55249697,3.45551785],[-76.55223316,3.45553621],[-76.55219179,3.45553771],[-76.55184889,3.45554192],[-76.55163372,3.45554456],[-76.55163136,3.45554438],[-76.551629,3.45554416],[-76.55162665,3.45554392],[-76.55162429,3.45554365],[-76.55162194,3.45554335],[-76.5516196,3.45554302],[-76.551617,3.45554263],[-76.55161441,3.4555422],[-76.55161182,3.45554174],[-76.55160924,3.45554125],[-76.55160666,3.45554072],[-76.5516041,3.45554016],[-76.55160154,3.45553957],[-76.55159898,3.45553894],[-76.55159644,3.45553828],[-76.5515939,3.45553759],[-76.55159138,3.45553686],[-76.55158886,3.45553611],[-76.55158635,3.45553532],[-76.55158386,3.45553449],[-76.55158137,3.45553364],[-76.5515789,3.45553275],[-76.55149013,3.45546916],[-76.55147251,3.45541927],[-76.55147166,3.45541685],[-76.55147062,3.45541608],[-76.55144168,3.45539453],[-76.55139882,3.4553353],[-76.55140061,3.45527967],[-76.5514247,3.45527045],[-76.55143629,3.45526602],[-76.55149897,3.45525566],[-76.55154421,3.45524878],[-76.55165956,3.45523841],[-76.55172385,3.45521508],[-76.55182386,3.45512715],[-76.55195601,3.45499077],[-76.55204606,3.45492728],[-76.55215246,3.45486337],[-76.55216585,3.4549007],[-76.55227416,3.45492284],[-76.55228491,3.45492503],[-76.55235958,3.45505924],[-76.55236097,3.45506173]]]]},"geometry_name":"the_geom","properties":{"nombre":"INSTITUCION EDUCATIVA ISAIAS GAMBOA","localizaci":"CL 10 OESTE NO 5_45","servicio":"EDUCACION","tipo":"INSTEDUCI","nivel":"EDUCACION PREESCOLAR_EDUCACION BASICA_EDUCACION MEDIA VOCACIONAL","propiedad":"PUB","escala":"ZONAL","permanenci":"SI","estruc_eco":"NO","url1":null}},{"type":"Feature","id":"eqp_uco_educacion.3844","geometry":{"type":"MultiPolygon","coordinates":[[[[-76.55163645,3.45051744],[-76.55166467,3.45068223],[-76.55135601,3.45085276],[-76.55113102,3.45096128],[-76.55108264,3.45099439],[-76.55090671,3.45066957],[-76.5500005,3.45112276],[-76.54999879,3.45060671],[-76.5500648,3.450557],[-76.55006302,3.45055389],[-76.55028969,3.45030097],[-76.55048838,3.45015079],[-76.55123494,3.44968551],[-76.55163645,3.45051744]]]]},"geometry_name":"the_geom","properties":{"nombre":"LICEO BELALCAZAR","localizaci":"KR 2 O NO 10 83","servicio":"EDUCACION","tipo":"LICEO","nivel":"EDUCACION PREESCOLAR_EDUCACION BASICA_EDUCACION MEDIA VOCACIONAL","propiedad":"PRIV","escala":"URBANA","permanenci":"SI","estruc_eco":"NO","url1":null}},{"type":"Feature","id":"eqp_uco_educacion.3845","geometry":{"type":"MultiPolygon","coordinates":[[[[-76.53633737,3.46194621],[-76.53631152,3.46195776],[-76.5362862,3.46196906],[-76.5362439,3.46198795],[-76.53605458,3.46223559],[-76.53598755,3.46230474],[-76.53594201,3.46235172],[-76.53587474,3.46242112],[-76.53585202,3.46244456],[-76.53578091,3.4625008],[-76.53575934,3.46247312],[-76.53567741,3.46234941],[-76.53562582,3.46227148],[-76.53555102,3.46215853],[-76.53553692,3.46217051],[-76.53539429,3.46200883],[-76.53535214,3.46196105],[-76.53532327,3.46192833],[-76.53524914,3.46184431],[-76.53523333,3.46182638],[-76.53526059,3.4618032],[-76.53521989,3.46175817],[-76.5352156,3.46175343],[-76.53534521,3.4616265],[-76.53537972,3.46159271],[-76.53544856,3.46152529],[-76.53541224,3.46148676],[-76.53529233,3.46135952],[-76.5352734,3.46133944],[-76.53522905,3.46129237],[-76.53521586,3.46127839],[-76.53511975,3.4611764],[-76.5351313,3.46115362],[-76.5351448,3.46109936],[-76.53515198,3.4610451],[-76.53516098,3.46099805],[-76.53512565,3.46095528],[-76.53512432,3.46095069],[-76.53511588,3.46092831],[-76.5350843,3.46086612],[-76.53504676,3.46080296],[-76.53500515,3.46074242],[-76.53495714,3.46068184],[-76.53493938,3.4606623],[-76.53490775,3.46062753],[-76.5348549,3.46057662],[-76.5348709,3.46051824],[-76.53487897,3.46050828],[-76.53486279,3.46048551],[-76.53486174,3.46048404],[-76.53482634,3.46045223],[-76.53489443,3.46037131],[-76.53491416,3.46039234],[-76.53499055,3.46031057],[-76.53510691,3.46018601],[-76.53513997,3.46004889],[-76.53519951,3.45998105],[-76.53517337,3.45995884],[-76.5351714,3.45995716],[-76.53521771,3.45989054],[-76.53527869,3.45980281],[-76.5353799,3.45965719],[-76.53541971,3.45959993],[-76.53554225,3.45942364],[-76.53567332,3.4595217],[-76.53573178,3.45945367],[-76.53576712,3.45941366],[-76.53583067,3.4593417],[-76.53593119,3.45922788],[-76.53594807,3.45920098],[-76.53597055,3.45916514],[-76.53599387,3.45912798],[-76.53606375,3.4590166],[-76.53606497,3.4590169],[-76.53606501,3.45901691],[-76.53608691,3.45903053],[-76.53616548,3.45908437],[-76.5362274,3.45908166],[-76.53624763,3.45908078],[-76.53625964,3.459065],[-76.53627448,3.45906867],[-76.53639719,3.45916513],[-76.53648507,3.45923421],[-76.53653327,3.4592721],[-76.53670496,3.45940707],[-76.53670676,3.45940849],[-76.53675375,3.45944543],[-76.53680376,3.45948473],[-76.53687863,3.45954359],[-76.53693427,3.45972377],[-76.53697485,3.4598552],[-76.53698852,3.45989946],[-76.53701069,3.45997128],[-76.53704664,3.45997015],[-76.53709336,3.45996868],[-76.53710445,3.45993473],[-76.53711817,3.45996539],[-76.53708527,3.46008737],[-76.53708357,3.46009366],[-76.53708538,3.46011307],[-76.5370942,3.46020754],[-76.5371,3.46026976],[-76.53716934,3.46043924],[-76.53725796,3.46054846],[-76.53725761,3.46054935],[-76.53725437,3.4605575],[-76.53724864,3.46057134],[-76.53723454,3.4606054],[-76.53723279,3.46061536],[-76.53723096,3.46062533],[-76.5372292,3.46063522],[-76.53722646,3.46064426],[-76.5372202,3.46065154],[-76.53720937,3.46064793],[-76.53720037,3.46064341],[-76.53719229,3.46063889],[-76.53718146,3.46063705],[-76.53717155,3.46063974],[-76.53716437,3.46064518],[-76.53715629,3.4606497],[-76.53714729,3.46065605],[-76.5371392,3.46066234],[-76.53713105,3.46066962],[-76.5371212,3.46067866],[-76.53711396,3.46068679],[-76.53710679,3.46069491],[-76.53710046,3.46070219],[-76.53709459,3.46070982],[-76.5370942,3.46071031],[-76.53708696,3.46072027],[-76.53707887,3.46073108],[-76.5370717,3.46073921],[-76.5369913,3.4608718],[-76.53686868,3.46105031],[-76.53679993,3.46115039],[-76.53679537,3.46115703],[-76.53678637,3.4611679],[-76.5367792,3.46117695],[-76.53677287,3.46118415],[-76.53676654,3.46119136],[-76.53675937,3.4612004],[-76.5367522,3.46120768],[-76.53674495,3.46121672],[-76.53673778,3.46122577],[-76.53672878,3.46123841],[-76.53672245,3.46125014],[-76.53671437,3.46126194],[-76.53670895,3.46127006],[-76.53670445,3.46127819],[-76.53669995,3.46128631],[-76.53669278,3.46129811],[-76.53668554,3.46131167],[-76.53668019,3.46132072],[-76.53667569,3.46132884],[-76.53667028,3.46133788],[-76.53666304,3.46135053],[-76.53665678,3.46136318],[-76.53665045,3.46137498],[-76.53664595,3.46138402],[-76.53663969,3.46139398],[-76.53663519,3.46140211],[-76.53662795,3.46141475],[-76.53662169,3.4614238],[-76.53661536,3.46143284],[-76.53661515,3.46143315],[-76.53660904,3.46144188],[-76.53660278,3.46145001],[-76.53659645,3.46145728],[-76.53658928,3.46146633],[-76.53658204,3.46147622],[-76.53657486,3.46148618],[-76.53656853,3.46149522],[-76.53656228,3.4615061],[-76.53655503,3.46151783],[-76.53654969,3.46152779],[-76.53654519,3.46153683],[-76.53654153,3.46154588],[-76.53653619,3.46155676],[-76.53653253,3.46156757],[-76.53652719,3.46157936],[-76.53652177,3.46159293],[-76.53651636,3.46160466],[-76.53651186,3.46161462],[-76.53650645,3.46162366],[-76.53649836,3.46163539],[-76.53649295,3.46164267],[-76.53648753,3.46165079],[-76.53648036,3.46166075],[-76.53647494,3.46167064],[-76.53646686,3.46168152],[-76.53646144,3.46168965],[-76.53645519,3.46169961],[-76.53645455,3.46170057],[-76.53644794,3.46171049],[-76.53644253,3.46172038],[-76.53643719,3.46173034],[-76.53642903,3.46174299],[-76.53642369,3.46175118],[-76.53641827,3.46176023],[-76.53641377,3.46176743],[-76.53640836,3.46177648],[-76.53640118,3.4617882],[-76.53639577,3.46179817],[-76.53638944,3.46180904],[-76.53638318,3.46182077],[-76.53637868,3.46183073],[-76.53637327,3.46183886],[-76.53636786,3.46184974],[-76.53636336,3.46186055],[-76.53635885,3.46186959],[-76.53635527,3.46187955],[-76.53634985,3.46189587],[-76.53634627,3.46190668],[-76.53634535,3.46191756],[-76.53634535,3.46192039],[-76.53634535,3.46192929],[-76.53634535,3.46193925],[-76.53634535,3.46194265],[-76.53633737,3.46194621]]]]},"geometry_name":"the_geom","properties":{"nombre":"COLEGIO SAN LUIS GONZAGA","localizaci":"AV 9A N NO 14 00","servicio":"EDUCACION","tipo":"COLEGIO","nivel":"EDUCACION PREESCOLAR_EDUCACION BASICA_EDUCACION MEDIA VOCACIONAL","propiedad":"PRIV","escala":"REGIONAL","permanenci":"SI","estruc_eco":"NO","url1":null}},{"type":"Feature","id":"eqp_uco_educacion.3919","geometry":{"type":"MultiPolygon","coordinates":[[[[-76.52601281,3.40052314],[-76.52591668,3.40051519],[-76.52590587,3.4005142],[-76.52588175,3.40051214],[-76.52588675,3.40042718],[-76.52603364,3.40043709],[-76.52602757,3.40052413],[-76.52601281,3.40052314]]]]},"geometry_name":"the_geom","properties":{"nombre":"JARDIN INFANTIL LA CASITA DE DULCE","localizaci":"CL 18 NO 56-156","servicio":"EDUCACION","tipo":"JARDININF","nivel":"EDUCACION PREESCOLAR","propiedad":"PRIV","escala":"LOCAL","permanenci":"NO","estruc_eco":"NO","url1":null}},{"type":"Feature","id":"eqp_uco_educacion.3848","geometry":{"type":"MultiPolygon","coordinates":[[[[-76.52455794,3.4499865],[-76.52528901,3.44975177],[-76.52529673,3.44977928],[-76.52530277,3.44977858],[-76.52532644,3.44985196],[-76.5254008,3.45014505],[-76.52540677,3.45017035],[-76.52543061,3.45026059],[-76.52536579,3.45027808],[-76.52470408,3.45047827],[-76.52456974,3.45002629],[-76.52455894,3.44998985],[-76.52455818,3.44998725],[-76.52455794,3.4499865]]]]},"geometry_name":"the_geom","properties":{"nombre":"ESCUELA No 18 MARIA JOSE CORDOBA","localizaci":"CL 19 NO 8A  15","servicio":"EDUCACION","tipo":"ESCUELA","nivel":"EDUCACION BASICA-EDUCACION MEDIA VOCACIONAL","propiedad":"PUB","escala":"ZONAL","permanenci":"SI","estruc_eco":"NO","url1":null}},{"type":"Feature","id":"eqp_uco_educacion.3849","geometry":{"type":"MultiPolygon","coordinates":[[[[-76.5228286,3.45349053],[-76.52277291,3.45335363],[-76.52275784,3.4533617],[-76.52262712,3.45305471],[-76.52264098,3.45305056],[-76.52261149,3.45296989],[-76.5226759,3.452943],[-76.52273247,3.45292235],[-76.52272429,3.45290413],[-76.52297032,3.45280083],[-76.52297656,3.45281569],[-76.52304798,3.45297367],[-76.52298512,3.45299807],[-76.52314267,3.45338886],[-76.52289722,3.4534902],[-76.52289195,3.45347817],[-76.52285511,3.45349489],[-76.52285024,3.45349663],[-76.52283863,3.45349639],[-76.5228286,3.45349053]]]]},"geometry_name":"the_geom","properties":{"nombre":"COLEGIO COMFANDI SAN NICOLAS","localizaci":"KR 7A NO 21 67","servicio":"EDUCACION","tipo":"COLEGIO","nivel":"EDUCACION BASICA","propiedad":"PRIV","escala":"LOCAL","permanenci":"NO","estruc_eco":"NO","url1":null}},{"type":"Feature","id":"eqp_uco_educacion.3850","geometry":{"type":"MultiPolygon","coordinates":[[[[-76.50830424,3.48001029],[-76.50824927,3.4799385],[-76.50824738,3.47993996],[-76.50824591,3.47993816],[-76.50845106,3.47976175],[-76.50854089,3.47987199],[-76.50887922,3.48021671],[-76.5088603,3.48023571],[-76.50870413,3.48039043],[-76.50830424,3.48001029]]]]},"geometry_name":"the_geom","properties":{"nombre":"COLEGIO ARQUIDIOCESANO","localizaci":"CL 52 N NO 8 N 33","servicio":"EDUCACION","tipo":"COLEGIO","nivel":"EDUCACION BASICA-EDUCACION MEDIA VOCACIONAL","propiedad":"PRIV","escala":"ZONAL","permanenci":"NO","estruc_eco":"NO","url1":null}},{"type":"Feature","id":"eqp_uco_educacion.3851","geometry":{"type":"MultiPolygon","coordinates":[[[[-76.50854089,3.47987199],[-76.50845106,3.47976175],[-76.50841763,3.4797905],[-76.50826794,3.47957136],[-76.50891282,3.47895195],[-76.50919305,3.47924679],[-76.50854089,3.47987199]]]]},"geometry_name":"the_geom","properties":{"nombre":"ESCUELA No 50 GUILLERMO VALENCIA SEDE ANGEL PIEDRAHITA","localizaci":"KR 8 N NO 51 N 35","servicio":"EDUCACION","tipo":"ESCUELA","nivel":"EDUCACION BASICA","propiedad":"PUB","escala":"LOCAL","permanenci":"NO","estruc_eco":"NO","url1":null}},{"type":"Feature","id":"eqp_uco_educacion.3852","geometry":{"type":"MultiPolygon","coordinates":[[[[-76.49575914,3.492983],[-76.49576942,3.49296801],[-76.49592758,3.49308492],[-76.4959193,3.49309697],[-76.49576544,3.49331937],[-76.49561421,3.49321535],[-76.49561062,3.49319642],[-76.49575914,3.492983]]]]},"geometry_name":"the_geom","properties":{"nombre":"COLEGIO CRUZADA CRISTIANA","localizaci":"KR 4N NO 72B  35","servicio":"EDUCACION","tipo":"COLEGIO","nivel":"EDUCACION PREESCOLAR-EDUCACION BASICA-EDUCACION MEDIA VOCACIONAL","propiedad":"PRIV","escala":"LOCAL","permanenci":"NO","estruc_eco":"NO","url1":null}},{"type":"Feature","id":"eqp_uco_educacion.3853","geometry":{"type":"MultiPolygon","coordinates":[[[[-76.52248189,3.47392908],[-76.52233008,3.4739121],[-76.52220375,3.47390144],[-76.52200866,3.47378108],[-76.52218285,3.47353362],[-76.52224503,3.47343465],[-76.52237709,3.47321405],[-76.5225793,3.47286775],[-76.5229566,3.47290678],[-76.52292258,3.47326583],[-76.52291577,3.47332994],[-76.52289774,3.473459],[-76.52289285,3.47349397],[-76.52292794,3.47350029],[-76.52307971,3.47351581],[-76.52311622,3.47352004],[-76.52309623,3.4737355],[-76.52287954,3.47371396],[-76.52284989,3.47397023],[-76.52277263,3.47396159],[-76.52248189,3.47392908]]]]},"geometry_name":"the_geom","properties":{"nombre":"COLEGIO HISPANO","localizaci":"AV 3C N NO 35N-55","servicio":"EDUCACION","tipo":"COLEGIO","nivel":"EDUCACION PREESCOLAR_EDUCACION BASICA_EDUCACION MEDIA VOCACIONAL","propiedad":"PRIV","escala":"URBANA","permanenci":"SI","estruc_eco":"NO","url1":null}},{"type":"Feature","id":"eqp_uco_educacion.3854","geometry":{"type":"MultiPolygon","coordinates":[[[[-76.48528641,3.47513795],[-76.48595363,3.47470817],[-76.48598643,3.47484455],[-76.48593243,3.47486532],[-76.48594775,3.47492325],[-76.48528641,3.47513795]]]]},"geometry_name":"the_geom","properties":{"nombre":"COLEGIO NOCTURNO VENCEDORES DEL MAÑANA","localizaci":"CL 70 NO 1F  00","servicio":"EDUCACION","tipo":"COLEGIO","nivel":"EDUCACION BASICA-EDUCACION MEDIA VOCACIONAL","propiedad":"PUB","escala":"LOCAL","permanenci":"NO","estruc_eco":"NO","url1":null}},{"type":"Feature","id":"eqp_uco_educacion.3855","geometry":{"type":"MultiPolygon","coordinates":[[[[-76.48521768,3.47493413],[-76.48595363,3.47470817],[-76.48528641,3.47513795],[-76.48521768,3.47493413]]]]},"geometry_name":"the_geom","properties":{"nombre":"CENTRO DOCENTE 3 DE JULIO","localizaci":"CL 70 NO 1F  00","servicio":"EDUCACION","tipo":"CENTDOC","nivel":"EDUCACION BASICA","propiedad":"PUB","escala":"LOCAL","permanenci":"NO","estruc_eco":"NO","url1":null}},{"type":"Feature","id":"eqp_uco_educacion.3856","geometry":{"type":"MultiPolygon","coordinates":[[[[-76.53547601,3.42885175],[-76.53484005,3.43029415],[-76.5346332,3.43027703],[-76.53442542,3.43025983],[-76.53445813,3.42989876],[-76.53452804,3.42965494],[-76.53470119,3.42918967],[-76.53485954,3.42876286],[-76.53547601,3.42885175]]]]},"geometry_name":"the_geom","properties":{"nombre":"CCEP","localizaci":"CL 9B NO 29A 11","servicio":"EDUCACION","tipo":"ESCTSUPER","nivel":"EDUCACION TECNOLOGICA","propiedad":"PRIV","escala":"URBANA","permanenci":"SI","estruc_eco":"NO","url1":null}},{"type":"Feature","id":"eqp_uco_educacion.3857","geometry":{"type":"MultiPolygon","coordinates":[[[[-76.52137173,3.439684],[-76.5213844,3.43967289],[-76.52136565,3.43961399],[-76.52126124,3.43928598],[-76.52125983,3.43928148],[-76.52126124,3.43928032],[-76.52126345,3.4392785],[-76.52126744,3.43928055],[-76.5212848,3.43929089],[-76.5213001,3.4393],[-76.52132833,3.43931681],[-76.52136286,3.43933738],[-76.52155334,3.43945079],[-76.52156389,3.43945707],[-76.52166341,3.43951572],[-76.52174213,3.43955973],[-76.52175722,3.43955842],[-76.52177886,3.43962366],[-76.52182054,3.43960923],[-76.52183711,3.43961401],[-76.52184946,3.43963821],[-76.52187824,3.4396337],[-76.52191675,3.43965791],[-76.5219262,3.43968319],[-76.52194964,3.43967797],[-76.52196352,3.43968595],[-76.52197361,3.43969842],[-76.52197855,3.4397137],[-76.5219777,3.43972975],[-76.52197114,3.43974441],[-76.52196459,3.43975191],[-76.52149638,3.43991125],[-76.5214801,3.43991326],[-76.52146417,3.43990938],[-76.5214506,3.43990013],[-76.52144113,3.43988667],[-76.5214383,3.43987876],[-76.52137173,3.439684]]]]},"geometry_name":"the_geom","properties":{"nombre":"COLEGIO NUESTRA SEÑORA DE LOS REMEDIOS","localizaci":"KR 17D NO 18  46","servicio":"EDUCACION","tipo":"COLEGIO","nivel":"EDUCACION BASICA-EDUCACION MEDIA VOCACIONAL","propiedad":"PRIV","escala":"ZONAL","permanenci":"NO","estruc_eco":"NO","url1":null}},{"type":"Feature","id":"eqp_uco_educacion.3858","geometry":{"type":"MultiPolygon","coordinates":[[[[-76.48340588,3.48177052],[-76.48387634,3.48163142],[-76.48393603,3.48183241],[-76.4834605,3.4819767],[-76.48340588,3.48177052]]]]},"geometry_name":"the_geom","properties":{"nombre":"CENTRO DOCENTE NO 130 INMACULADA CONCEPCION","localizaci":"KR 1A 15 CL 73A","servicio":"EDUCACION","tipo":"CENTDOC","nivel":"EDUCACION BASICA-EDUCACION MEDIA VOCACIONAL","propiedad":"PUB","escala":"LOCAL","permanenci":"NO","estruc_eco":"NO","url1":null}},{"type":"Feature","id":"eqp_uco_educacion.3859","geometry":{"type":"MultiPolygon","coordinates":[[[[-76.48839604,3.48945843],[-76.48866756,3.48930874],[-76.4889089,3.48974511],[-76.48862734,3.48985132],[-76.48839604,3.48945843]]]]},"geometry_name":"the_geom","properties":{"nombre":"FUNDACIÓN COLEGIO SANTA ISABEL DE HUNGRÍA","localizaci":"CL 72C NO 1 A 2- 49","servicio":"EDUCACION","tipo":"COLEGIO","nivel":"EDUCACION BASICA-EDUCACION MEDIA VOCACIONAL","propiedad":"PRIV","escala":"LOCAL","permanenci":"NO","estruc_eco":"NO","url1":null}},{"type":"Feature","id":"eqp_uco_educacion.3860","geometry":{"type":"MultiPolygon","coordinates":[[[[-76.55505756,3.40162591],[-76.55498367,3.40142565],[-76.55543193,3.40147239],[-76.55538594,3.40186823],[-76.55514023,3.40184981],[-76.55505756,3.40162591]]]]},"geometry_name":"the_geom","properties":{"nombre":"JARDIN INFANTIL KIKATOS","localizaci":"KR 64  CL 1B ( DENTRO DE ZV )","servicio":"EDUCACION","tipo":"JARDININF","nivel":"EDUCACION PREESCOLAR","propiedad":"PRIV","escala":"LOCAL","permanenci":"NO","estruc_eco":"NO","url1":null}},{"type":"Feature","id":"eqp_uco_educacion.3861","geometry":{"type":"MultiPolygon","coordinates":[[[[-76.53565495,3.41372265],[-76.53588261,3.41305868],[-76.53627437,3.41319228],[-76.53627503,3.41319666],[-76.5362778,3.41320134],[-76.53628226,3.41320445],[-76.53628759,3.41320543],[-76.53629286,3.4132041],[-76.53631002,3.4132299],[-76.53627378,3.41336605],[-76.5362286,3.41349703],[-76.53619701,3.4135886],[-76.53616164,3.41369113],[-76.5361607,3.41369226],[-76.53615856,3.4136971],[-76.53615866,3.4137024],[-76.536161,3.41370716],[-76.53618066,3.41372678],[-76.53618152,3.41372843],[-76.53618338,3.41373511],[-76.53618295,3.41374204],[-76.53618027,3.41374843],[-76.53613636,3.41386733],[-76.53613077,3.41387118],[-76.53612189,3.41387489],[-76.53611676,3.41387568],[-76.53611237,3.41387636],[-76.53603838,3.41385149],[-76.53565495,3.41372265]]]]},"geometry_name":"the_geom","properties":{"nombre":"COLEGIO DEPARTAMENTAL RAFAEL NAVIA VARON","localizaci":"KR 46 CL 11 ESQUINA","servicio":"EDUCACION","tipo":"COLEGIO","nivel":"EDUCACION BASICA-EDUCACION MEDIA VOCACIONAL","propiedad":"PUB","escala":"ZONAL","permanenci":"NO","estruc_eco":"NO","url1":null}},{"type":"Feature","id":"eqp_uco_educacion.3862","geometry":{"type":"MultiPolygon","coordinates":[[[[-76.53546476,3.41292118],[-76.53547018,3.41291942],[-76.53575942,3.41301666],[-76.53588261,3.41305868],[-76.53565495,3.41372265],[-76.53527701,3.41359565],[-76.53527385,3.41358696],[-76.53527057,3.4135724],[-76.53526958,3.4135575],[-76.53527093,3.41354264],[-76.53545822,3.41292927],[-76.53546046,3.41292495],[-76.53546476,3.41292118]]]]},"geometry_name":"the_geom","properties":{"nombre":"CENTRO DOCENTE FRANCISCO MONTE HIDROBO","localizaci":"CL 26 KR 46 40","servicio":"EDUCACION","tipo":"CENTDOC","nivel":"EDUCACION BASICA-EDUCACION MEDIA VOCACIONAL","propiedad":"PUB","escala":"ZONAL","permanenci":"NO","estruc_eco":"NO","url1":null}},{"type":"Feature","id":"eqp_uco_educacion.3863","geometry":{"type":"MultiPolygon","coordinates":[[[[-76.50138994,3.43814619],[-76.50177238,3.43802264],[-76.50179243,3.43809036],[-76.50181316,3.4381601],[-76.50184603,3.43827099],[-76.50184256,3.43827283],[-76.50158791,3.43836056],[-76.50142688,3.43841578],[-76.5014135,3.43837818],[-76.50134244,3.43816136],[-76.50138994,3.43814619]]]]},"geometry_name":"the_geom","properties":{"nombre":"CENTRO DOCENTE ASTURIAS","localizaci":"KR 24C NO 43 40","servicio":"EDUCACION","tipo":"CENTDOC","nivel":"EDUCACION BASICA","propiedad":"PUB","escala":"LOCAL","permanenci":"NO","estruc_eco":"NO","url1":null}},{"type":"Feature","id":"eqp_uco_educacion.3864","geometry":{"type":"MultiPolygon","coordinates":[[[[-76.48535219,3.48954903],[-76.48534495,3.48954903],[-76.4853396,3.48955086],[-76.48532877,3.48956351],[-76.4853216,3.48956803],[-76.48531619,3.48956803],[-76.4853126,3.48956527],[-76.48530986,3.48956167],[-76.48529461,3.48952549],[-76.48526846,3.48946402],[-76.48523879,3.48939167],[-76.48520281,3.48926598],[-76.48515424,3.4890914],[-76.48508495,3.48882369],[-76.48562045,3.48867185],[-76.48581569,3.48943787],[-76.4858076,3.48944056],[-76.48581027,3.48945144],[-76.48577336,3.48946408],[-76.48579585,3.48953643],[-76.48582285,3.48953551],[-76.48583093,3.48954095],[-76.48583543,3.48956173],[-76.48583908,3.48958257],[-76.48583908,3.48965576],[-76.48583863,3.48966948],[-76.48577521,3.48968753],[-76.48557398,3.4897402],[-76.48549058,3.48976022],[-76.48545742,3.48970913],[-76.48536294,3.48955899],[-76.4853576,3.48955447],[-76.48535219,3.48954903]]]]},"geometry_name":"the_geom","properties":{"nombre":"COLEGIO SANTA ISABEL DE HUNGRIA SEDE CALIMIO NORTE","localizaci":"CL 73A NO 1A 2  165","servicio":"EDUCACION","tipo":"COLEGIO","nivel":"EDUCACION PREESCOLAR-EDUCACION BASICA-EDUCACION MEDIA VOCACIONAL","propiedad":"PRIV","escala":"ZONAL","permanenci":"NO","estruc_eco":"NO","url1":null}},{"type":"Feature","id":"eqp_uco_educacion.3865","geometry":{"type":"MultiPolygon","coordinates":[[[[-76.55242303,3.42252166],[-76.55253545,3.42186958],[-76.55290215,3.42191522],[-76.55293217,3.42192109],[-76.55290614,3.422122],[-76.55282639,3.42258038],[-76.55242303,3.42252166]]]]},"geometry_name":"the_geom","properties":{"nombre":"CENTRO EDUCATIVO GENERALl ANZOATEGUI","localizaci":"CL 1A NO 42 44","servicio":"EDUCACION","tipo":"CENTEDUC","nivel":"EDUCACION BASICA-EDUCACION MEDIA VOCACIONAL","propiedad":"PRIV","escala":"ZONAL","permanenci":"NO","estruc_eco":"NO","url1":null}},{"type":"Feature","id":"eqp_uco_educacion.3980","geometry":{"type":"MultiPolygon","coordinates":[[[[-76.48782002,3.41111281],[-76.48669999,3.41180106],[-76.48663199,3.41183097],[-76.4863443,3.41195754],[-76.48586165,3.41073893],[-76.4877285,3.41001623],[-76.48782002,3.41111281]]]]},"geometry_name":"the_geom","properties":{"nombre":"CIUDADELA EDUCATIVA ISAÍAS DUARTE CANCINO","localizaci":"NAVARRO","servicio":null,"tipo":null,"nivel":"EDUCACION BASICA-EDUCACION MEDIA VOCACIONAL","propiedad":null,"escala":"REGIONAL","permanenci":"SI","estruc_eco":"NO","url1":null}},{"type":"Feature","id":"eqp_uco_educacion.3866","geometry":{"type":"MultiPolygon","coordinates":[[[[-76.53819558,3.43774147],[-76.53832619,3.43759709],[-76.53833167,3.43759191],[-76.53834799,3.43762605],[-76.53835881,3.43766233],[-76.53836385,3.43769987],[-76.53836298,3.43773773],[-76.53835934,3.43776165],[-76.5383562,3.43777462],[-76.53834982,3.43780092],[-76.53833468,3.43783838],[-76.53832809,3.43785093],[-76.53832746,3.43785169],[-76.53832279,3.43785729],[-76.53819558,3.43774147]]]]},"geometry_name":"the_geom","properties":{"nombre":"INSTITUTO DE INGLES WIZARD","localizaci":null,"servicio":"EDUCACION","tipo":"CENTIDIOM","nivel":"EDUCACION NO FORMAL","propiedad":"PRIV","escala":"LOCAL","permanenci":"NO","estruc_eco":"NO","url1":null}},{"type":"Feature","id":"eqp_uco_educacion.3867","geometry":{"type":"MultiPolygon","coordinates":[[[[-76.53290557,3.45890607],[-76.53308543,3.45866791],[-76.53310214,3.45868076],[-76.53316758,3.45873348],[-76.53299357,3.45897181],[-76.53290557,3.45890607]]]]},"geometry_name":"the_geom","properties":{"nombre":"UNIVERSIDAD ANTONIO NARIÑO - SEDE NORTE","localizaci":"C 15 N 6N - 36 45","servicio":"EDUCACION","tipo":"ESCTSUPER","nivel":"EDUCACION SUPERIOR","propiedad":"PRIV","escala":"URBANA","permanenci":"SI","estruc_eco":"NO","url1":null}},{"type":"Feature","id":"eqp_uco_educacion.3868","geometry":{"type":"MultiPolygon","coordinates":[[[[-76.52371722,3.33269274],[-76.52484521,3.33264007],[-76.52486514,3.33295315],[-76.52379699,3.3330181],[-76.52371722,3.33269274]]]]},"geometry_name":"the_geom","properties":{"nombre":"UNIVERSIDAD ANTONIO NARIÑO - SEDE NORTE","localizaci":"KM 18 CALI - JAMUNDI","servicio":"EDUCACION","tipo":"ESCTSUPER","nivel":"EDUCACION SUPERIOR","propiedad":"PRIV","escala":"URBANA","permanenci":"SI","estruc_eco":"NO","url1":null}},{"type":"Feature","id":"eqp_uco_educacion.3869","geometry":{"type":"MultiPolygon","coordinates":[[[[-76.54097445,3.42662721],[-76.54090464,3.42667828],[-76.54069855,3.42641334],[-76.54076945,3.42636236],[-76.54097445,3.42662721]]]]},"geometry_name":"the_geom","properties":{"nombre":"SALSA VIVA TANGO VIVO","localizaci":"C 5B5 36 - 94","servicio":"EDUCACION","tipo":"ESCARTE","nivel":"EDUCACION NO FORMAL","propiedad":"PRIV","escala":"LOCAL","permanenci":"NO","estruc_eco":"NO","url1":null}},{"type":"Feature","id":"eqp_uco_educacion.3870","geometry":{"type":"MultiPolygon","coordinates":[[[[-76.51783898,3.42082513],[-76.5178524,3.42062715],[-76.51785243,3.42062715],[-76.51785683,3.42056036],[-76.51786863,3.42038827],[-76.51787033,3.42033948],[-76.51787048,3.42033508],[-76.51787062,3.42033105],[-76.51787075,3.42032707],[-76.51787086,3.42032399],[-76.51787101,3.42031964],[-76.51787112,3.42031656],[-76.51787122,3.42031368],[-76.51787133,3.4203104],[-76.51824076,3.42033665],[-76.51822511,3.42059242],[-76.51806129,3.42057763],[-76.51804138,3.42084219],[-76.51783898,3.42082513]]]]},"geometry_name":"the_geom","properties":{"nombre":"CENTRO INTEGRAL EDUCATIVO AGUSTIN NIETO CABALLERO","localizaci":"KR 37 NO 26C 51","servicio":"EDUCACION","tipo":"CENTEDUC","nivel":"EDUCACION BASICA-EDUCACION MEDIA VOCACIONAL","propiedad":"PUB","escala":"LOCAL","permanenci":"NO","estruc_eco":"NO","url1":null}},{"type":"Feature","id":"eqp_uco_educacion.3871","geometry":{"type":"MultiPolygon","coordinates":[[[[-76.51740001,3.42070104],[-76.51740982,3.42060117],[-76.5178524,3.42062715],[-76.51783898,3.42082513],[-76.51782639,3.42103629],[-76.51742066,3.42100944],[-76.51738108,3.42098683],[-76.51740001,3.42070104]]]]},"geometry_name":"the_geom","properties":{"nombre":"CENTRAL DIDACTICA LUIS CARLOS BORRER (SISTEMAS)","localizaci":"CL 27 NO 36 10","servicio":"EDUCACION","tipo":"SISTEM","nivel":"EDUCACION NO FORMAL","propiedad":"PRIV","escala":"LOCAL","permanenci":"NO","estruc_eco":"NO","url1":null}},{"type":"Feature","id":"eqp_uco_educacion.3872","geometry":{"type":"MultiPolygon","coordinates":[[[[-76.51859539,3.42108717],[-76.51861614,3.4207729],[-76.51862468,3.420773],[-76.51862691,3.42062912],[-76.5186315,3.4203646],[-76.51869444,3.42037064],[-76.51870125,3.42037186],[-76.51871234,3.42037582],[-76.51872254,3.42038069],[-76.5187446,3.42039688],[-76.51876268,3.42041746],[-76.51877595,3.42044146],[-76.51878069,3.4204548],[-76.51892668,3.42078742],[-76.51894732,3.42083942],[-76.51896238,3.42089333],[-76.51897165,3.42094853],[-76.51897217,3.42095336],[-76.51897495,3.42100001],[-76.51897317,3.4210347],[-76.51896262,3.42109208],[-76.51894858,3.42110278],[-76.51893183,3.42110826],[-76.51891421,3.4211079],[-76.51890551,3.42110546],[-76.51861036,3.42108836],[-76.51861036,3.42108816],[-76.51859539,3.42108717]]]]},"geometry_name":"the_geom","properties":{"nombre":"INSTITUCION EDUCATIVA AGUSTIN NIETO CABALLERO SEDE JOSE MARIA VIVAS BALCAZAR","localizaci":"KR 36 NO 26B 28","servicio":"EDUCACION","tipo":"CENTEDUC","nivel":"EDUCACION PREESCOLAR_EDUCACION BASICA","propiedad":"PRIV","escala":"LOCAL","permanenci":"NO","estruc_eco":"NO","url1":null}},{"type":"Feature","id":"eqp_uco_educacion.3873","geometry":{"type":"MultiPolygon","coordinates":[[[[-76.52494459,3.43661286],[-76.52537399,3.43660553],[-76.52537831,3.43660907],[-76.52537394,3.43701228],[-76.52495108,3.43701902],[-76.5249504,3.43697657],[-76.52494766,3.43680478],[-76.52494498,3.43663762],[-76.52494459,3.43661286]]]]},"geometry_name":"the_geom","properties":{"nombre":"COLEGIO GENERAL ALFREDO VASQUEZ COBO","localizaci":"CL 15A NO 22 37","servicio":"EDUCACION","tipo":"COLEGIO","nivel":"EDUCACION BASICA-EDUCACION MEDIA VOCACIONAL","propiedad":"PUB","escala":"LOCAL","permanenci":"NO","estruc_eco":"NO","url1":null}},{"type":"Feature","id":"eqp_uco_educacion.3874","geometry":{"type":"MultiPolygon","coordinates":[[[[-76.50904868,3.43375997],[-76.50915667,3.43373461],[-76.5092259,3.43399871],[-76.50925022,3.43409007],[-76.50881192,3.43420936],[-76.5087346,3.43392449],[-76.50871478,3.43384853],[-76.50904868,3.43375997]]]]},"geometry_name":"the_geom","properties":{"nombre":"INSTITUCION EDUCATIVA EVA RIASCOS PLATA","localizaci":"TR 25A NO 33A 23","servicio":"EDUCACION","tipo":"CENTEDUC","nivel":"EDUCACION BASICA-EDUCACION MEDIA VOCACIONAL","propiedad":"PUB","escala":"LOCAL","permanenci":"NO","estruc_eco":"NO","url1":null}},{"type":"Feature","id":"eqp_uco_educacion.3875","geometry":{"type":"MultiPolygon","coordinates":[[[[-76.5235753,3.41867174],[-76.52201461,3.41896415],[-76.52206422,3.41836938],[-76.52204409,3.41832893],[-76.52205263,3.41824799],[-76.52223215,3.41826987],[-76.52330363,3.41840048],[-76.5234606,3.41835614],[-76.52346153,3.41835757],[-76.52355916,3.41856581],[-76.5235753,3.41867174]]]]},"geometry_name":"the_geom","properties":{"nombre":"COLEGIO DEPARTAMENTAL CARLOS HOLGUIN","localizaci":"KR 39 CON CL 23","servicio":"EDUCACION","tipo":"COLEGIO","nivel":"EDUCACION BASICA","propiedad":"PUB","escala":"ZONAL","permanenci":"NO","estruc_eco":"NO","url1":null}},{"type":"Feature","id":"eqp_uco_educacion.3876","geometry":{"type":"MultiPolygon","coordinates":[[[[-76.53009558,3.42410123],[-76.53026843,3.42360559],[-76.53058107,3.42370807],[-76.53100599,3.4238441],[-76.5316814,3.42406261],[-76.53168773,3.42406547],[-76.53169579,3.42407127],[-76.53170227,3.4240788],[-76.53165487,3.4242235],[-76.53154383,3.4245624],[-76.53154248,3.42456535],[-76.53153849,3.42456977],[-76.53153312,3.42457235],[-76.53152719,3.42457268],[-76.53145431,3.42454412],[-76.53106444,3.42441831],[-76.53078609,3.42432817],[-76.53053651,3.42424922],[-76.53045967,3.42422342],[-76.53010849,3.42410549],[-76.530099,3.42410236],[-76.53009558,3.42410123]]]]},"geometry_name":"the_geom","properties":{"nombre":"ESCUELA NORMAL SUPERIOR DE CALI","localizaci":"CL 13 KR 33A ESQUINA","servicio":"EDUCACION","tipo":"ESCUELA","nivel":"EDUCACION BASICA-EDUCACION MEDIA VOCACIONAL","propiedad":"PUB","escala":"ZONAL","permanenci":"NO","estruc_eco":"NO","url1":null}},{"type":"Feature","id":"eqp_uco_educacion.3877","geometry":{"type":"MultiPolygon","coordinates":[[[[-76.51349542,3.39607104],[-76.51349815,3.39606854],[-76.51387784,3.39649335],[-76.51370235,3.39665704],[-76.51342969,3.39694549],[-76.51320455,3.39669417],[-76.51303194,3.39649696],[-76.51339642,3.39616238],[-76.51349542,3.39607104]]]]},"geometry_name":"the_geom","properties":{"nombre":"JARDIN INFANTIL HUELLAS PARA GRANDES","localizaci":"CL 50 CON KR 49D ESQUINA","servicio":"EDUCACION","tipo":"JARDININF","nivel":"EDUCACION PREESCOLAR","propiedad":"PUB","escala":"LOCAL","permanenci":"NO","estruc_eco":"NO","url1":null}},{"type":"Feature","id":"eqp_uco_educacion.3878","geometry":{"type":"MultiPolygon","coordinates":[[[[-76.51349815,3.39606854],[-76.51382879,3.39576504],[-76.51414269,3.39611763],[-76.51420632,3.39619134],[-76.51419915,3.3961977],[-76.51389408,3.39647802],[-76.51388592,3.39648615],[-76.51387784,3.39649335],[-76.51349815,3.39606854]]]]},"geometry_name":"the_geom","properties":{"nombre":"CENTRO DOCENTE NO 168 CIUDAD CORDOBA","localizaci":"CL 50 ENTRE KR 49E Y 49F","servicio":"EDUCACION","tipo":"CENTDOC","nivel":"EDUCACION BASICA-EDUCACION MEDIA VOCACIONAL","propiedad":"PUB","escala":"LOCAL","permanenci":"NO","estruc_eco":"NO","url1":null}},{"type":"Feature","id":"eqp_uco_educacion.3879","geometry":{"type":"MultiPolygon","coordinates":[[[[-76.51460362,3.40234181],[-76.51482953,3.40211843],[-76.51530461,3.4026186],[-76.51507779,3.40284192],[-76.51460362,3.40234181]]]]},"geometry_name":"the_geom","properties":{"nombre":"CENTRO DOCENTE CRISTOBAL COLON","localizaci":"CL 44NO 47-00","servicio":"EDUCACION","tipo":"CENTDOC","nivel":"EDUCACION BASICA-EDUCACION MEDIA VOCACIONAL","propiedad":"PUB","escala":"LOCAL","permanenci":"NO","estruc_eco":"NO","url1":null}},{"type":"Feature","id":"eqp_uco_educacion.3880","geometry":{"type":"MultiPolygon","coordinates":[[[[-76.51415194,3.40122583],[-76.51436357,3.40102123],[-76.51471606,3.40138708],[-76.51451821,3.40157443],[-76.51448292,3.40160506],[-76.51447495,3.40159664],[-76.51415285,3.40125565],[-76.51415194,3.40122583]]]]},"geometry_name":"the_geom","properties":{"nombre":"ESCUELA BIENESTAR SOCIAL","localizaci":"KR 47B NO 45-74","servicio":"EDUCACION","tipo":"ESCUELA","nivel":"EDUCACION PREESCOLAR","propiedad":"PRIV","escala":"LOCAL","permanenci":"NO","estruc_eco":"NO","url1":null}},{"type":"Feature","id":"eqp_uco_educacion.3881","geometry":{"type":"MultiPolygon","coordinates":[[[[-76.48333721,3.44013305],[-76.48324275,3.43985538],[-76.48319143,3.43986606],[-76.48319143,3.43976938],[-76.4835055,3.43976045],[-76.4835055,3.43975409],[-76.4836144,3.43975234],[-76.4836144,3.43976315],[-76.48370264,3.43976316],[-76.48370979,3.43988348],[-76.48371338,3.43988348],[-76.48372061,3.4399477],[-76.4837107,3.43994855],[-76.48371428,3.44002909],[-76.48371428,3.44003269],[-76.48371245,3.44005707],[-76.48337411,3.440209],[-76.48335429,3.44017283],[-76.48335338,3.44017191],[-76.48333721,3.44013305]]]]},"geometry_name":"the_geom","properties":{"nombre":"COLEGIO MIXTO LA PAZ","localizaci":"DG 26B NO 73 25","servicio":"EDUCACION","tipo":"INSTTCOM","nivel":"EDUCACION PREESCOLAR  BASICA MEDIA","propiedad":"PRIV","escala":"ZONAL","permanenci":"NO","estruc_eco":"NO","url1":null}},{"type":"Feature","id":"eqp_uco_educacion.3882","geometry":{"type":"MultiPolygon","coordinates":[[[[-76.47959205,3.45364632],[-76.47962542,3.45328024],[-76.48043457,3.45334368],[-76.48042439,3.45347307],[-76.48041962,3.45353378],[-76.48041022,3.4536532],[-76.48041581,3.45367793],[-76.48040353,3.45369742],[-76.48038497,3.45372689],[-76.48037541,3.4537261],[-76.4796072,3.45366225],[-76.47959205,3.45364632]]]]},"geometry_name":"the_geom","properties":{"nombre":"COLEGIO VICENTE BORRERO COSTA SEDE MIGUEL A CARO","localizaci":"CL 76  KR 7S  ESQUINA","servicio":"EDUCACION","tipo":"COLEGIO","nivel":"EDUCACION PREESCOLAR_EDUCACION BASICA_EDUCACION MEDIA VOCACIONAL","propiedad":"PUB","escala":"ZONAL","permanenci":"SI","estruc_eco":"NO","url1":null}},{"type":"Feature","id":"eqp_uco_educacion.3883","geometry":{"type":"MultiPolygon","coordinates":[[[[-76.48852605,3.45745378],[-76.48834562,3.45743317],[-76.48835251,3.45734427],[-76.48827801,3.45733842],[-76.48828726,3.4572015],[-76.48821133,3.45719212],[-76.48822485,3.45702248],[-76.48821065,3.45702129],[-76.48815101,3.45701619],[-76.48815719,3.45694099],[-76.48816383,3.45686011],[-76.48814141,3.45685455],[-76.48814542,3.45679119],[-76.48831983,3.45680598],[-76.48832147,3.45677819],[-76.48844706,3.45678789],[-76.48844759,3.4567731],[-76.48863456,3.45678376],[-76.48909539,3.4568299],[-76.48905404,3.45721776],[-76.48916093,3.45783983],[-76.48891782,3.45791863],[-76.48866267,3.45787991],[-76.48865559,3.45787901],[-76.48866291,3.45781395],[-76.4884908,3.45779953],[-76.48852605,3.45745378]]]]},"geometry_name":"the_geom","properties":{"nombre":"COLEGIO MANUEL MARIA MALLARINO","localizaci":"CL 62 NO 7F BIS 00","servicio":"EDUCACION","tipo":"COLEGIO","nivel":"EDUCACION BASICA-EDUCACION MEDIA VOCACIONAL","propiedad":"PUB","escala":"ZONAL","permanenci":"SI","estruc_eco":"NO","url1":null}},{"type":"Feature","id":"eqp_uco_educacion.3884","geometry":{"type":"MultiPolygon","coordinates":[[[[-76.481557,3.45845565],[-76.48163658,3.45809994],[-76.48205618,3.4581363],[-76.48202288,3.45849213],[-76.48164127,3.45846225],[-76.481557,3.45845565]]]]},"geometry_name":"the_geom","properties":{"nombre":"ESCUELA FARALLONES","localizaci":null,"servicio":"EDUCACION","tipo":"ESCUELA","nivel":"EDUCACION PREESCOLAR_EDUCACION BASICA_EDUCACION MEDIA VOCACIONAL","propiedad":"PUB","escala":"LOCAL","permanenci":"NO","estruc_eco":"NO","url1":null}},{"type":"Feature","id":"eqp_uco_educacion.3885","geometry":{"type":"MultiPolygon","coordinates":[[[[-76.48166079,3.45802564],[-76.48172936,3.45768024],[-76.48209063,3.45771607],[-76.48206317,3.45806068],[-76.48166079,3.45802564]]]]},"geometry_name":"the_geom","properties":{"nombre":"ESCUELA PURIFICACION TRUJILLO","localizaci":null,"servicio":"EDUCACION","tipo":"ESCUELA","nivel":"EDUCACION BASICA-EDUCACION MEDIA VOCACIONAL","propiedad":"PUB","escala":"LOCAL","permanenci":"NO","estruc_eco":"NO","url1":null}},{"type":"Feature","id":"eqp_uco_educacion.3886","geometry":{"type":"MultiPolygon","coordinates":[[[[-76.47959637,3.45954804],[-76.47954846,3.45917839],[-76.47954069,3.45917976],[-76.47951691,3.4590077],[-76.47950723,3.45893136],[-76.4795168,3.45884115],[-76.47955989,3.45884442],[-76.47955866,3.45885365],[-76.47969541,3.45886035],[-76.47969575,3.45885516],[-76.47973195,3.45885634],[-76.4797319,3.45886241],[-76.47988095,3.45887673],[-76.47988127,3.4588724],[-76.47990051,3.45887488],[-76.47990055,3.45887055],[-76.48004156,3.45888335],[-76.48001909,3.45913201],[-76.48001133,3.45913224],[-76.47999353,3.45935881],[-76.48008625,3.45937147],[-76.48006575,3.45957632],[-76.47981766,3.45956137],[-76.47959637,3.45954804]]]]},"geometry_name":"the_geom","properties":{"nombre":"COLEGIO SANTA ISABEL DE HUNGRIA","localizaci":"KR 7H BIS NO 7  25","servicio":"EDUCACION","tipo":"COLEGIO","nivel":"EDUCACION PREESCOLAR_EDUCACION BASICA_EDUCACION MEDIA VOCACIONAL","propiedad":"PRIV","escala":"ZONAL","permanenci":"NO","estruc_eco":"NO","url1":null}},{"type":"Feature","id":"eqp_uco_educacion.3887","geometry":{"type":"MultiPolygon","coordinates":[[[[-76.48157148,3.46289181],[-76.48159664,3.46288372],[-76.48169665,3.46320218],[-76.481673,3.46324558],[-76.48132414,3.46335807],[-76.48121036,3.46300717],[-76.48155442,3.46289726],[-76.48157148,3.46289181]]]]},"geometry_name":"the_geom","properties":{"nombre":"CENTRO DOCENTE CENTRAL PROVIDENCIAL","localizaci":"KR 7D BIS CL 72A","servicio":"EDUCACION","tipo":"CENTDOC","nivel":"EDUCACION BASICA-EDUCACION MEDIA VOCACIONAL","propiedad":"PUB","escala":"LOCAL","permanenci":"NO","estruc_eco":"NO","url1":null}},{"type":"Feature","id":"eqp_uco_educacion.3888","geometry":{"type":"MultiPolygon","coordinates":[[[[-76.49997183,3.42629744],[-76.50040474,3.42588056],[-76.50064861,3.42606506],[-76.50017253,3.4265181],[-76.49997183,3.42629744]]]]},"geometry_name":"the_geom","properties":{"nombre":"COLEGIO COMFANDI CALIPSO","localizaci":"TR 28D3 NO 70 18","servicio":"EDUCACION","tipo":"COLEGIO","nivel":"EDUCACION BASICA-EDUCACION MEDIA VOCACIONAL","propiedad":"PRIV","escala":"ZONAL","permanenci":"NO","estruc_eco":"NO","url1":null}},{"type":"Feature","id":"eqp_uco_educacion.3889","geometry":{"type":"MultiPolygon","coordinates":[[[[-76.50213838,3.42999281],[-76.50215102,3.42996525],[-76.50233651,3.43005611],[-76.50238611,3.43008078],[-76.5022127,3.43041274],[-76.50202327,3.43033275],[-76.50199194,3.43031613],[-76.50202144,3.43025359],[-76.50204251,3.430208],[-76.50206358,3.43016242],[-76.50208149,3.4301232],[-76.50209518,3.4300914],[-76.50211309,3.43005111],[-76.50212363,3.43002567],[-76.50213838,3.42999281]]]]},"geometry_name":"the_geom","properties":{"nombre":"INSTITUCION EDUCATIVA JUAN XXIII SEDE NIÑO JESUS DE PRAGA","localizaci":"KR 28C NO 44 90","servicio":"EDUCACION","tipo":"CENTEDUC","nivel":"EDUCACION BASICA","propiedad":"PUB","escala":"LOCAL","permanenci":"NO","estruc_eco":"NO","url1":null}},{"type":"Feature","id":"eqp_uco_educacion.3890","geometry":{"type":"MultiPolygon","coordinates":[[[[-76.49701197,3.43702801],[-76.49666363,3.43685969],[-76.4968968,3.43638218],[-76.49724509,3.43656197],[-76.4973192,3.43659977],[-76.49709648,3.4370615],[-76.49701197,3.43702801]]]]},"geometry_name":"the_geom","properties":{"nombre":"COLEGIO PARROQUIAL NUESTRA SEÑORA DE GUADALUPE","localizaci":"KR 26 NO 52 60","servicio":"EDUCACION","tipo":"COLEGIO","nivel":"EDUCACION BASICA-EDUCACION MEDIA VOCACIONAL","propiedad":"PRIV","escala":"LOCAL","permanenci":"NO","estruc_eco":"NO","url1":null}},{"type":"Feature","id":"eqp_uco_educacion.3891","geometry":{"type":"MultiPolygon","coordinates":[[[[-76.4978014,3.43638228],[-76.4977526,3.43647841],[-76.49775479,3.43668402],[-76.4977563,3.43682578],[-76.49708288,3.43647482],[-76.49726943,3.43611974],[-76.49742733,3.43619767],[-76.4978014,3.43638228]]]]},"geometry_name":"the_geom","properties":{"nombre":"CENTRO DOCENTE FRANCISCO DE PAULA SANTANDER","localizaci":"KR 26H NO 54 02","servicio":"EDUCACION","tipo":"CENTDOC","nivel":"EDUCACION BASICA-EDUCACION MEDIA VOCACIONAL","propiedad":"PUB","escala":"LOCAL","permanenci":"NO","estruc_eco":"NO","url1":null}},{"type":"Feature","id":"eqp_uco_educacion.3892","geometry":{"type":"MultiPolygon","coordinates":[[[[-76.49343127,3.43554007],[-76.49344111,3.43553372],[-76.4939307,3.43578606],[-76.49368768,3.43627078],[-76.49310901,3.43596868],[-76.49310451,3.43595872],[-76.49310993,3.43593972],[-76.49312252,3.43591534],[-76.49314776,3.43587098],[-76.49316211,3.43584568],[-76.49317926,3.43581135],[-76.49319902,3.43579327],[-76.49320352,3.43578507],[-76.49320985,3.43577518],[-76.49321611,3.4357643],[-76.49322244,3.43575434],[-76.49322877,3.43574353],[-76.49323503,3.43573357],[-76.49324227,3.43572361],[-76.49324944,3.43571365],[-76.49325577,3.4357046],[-76.49326386,3.43569464],[-76.49327103,3.4356856],[-76.49327827,3.43567571],[-76.49330253,3.43564858],[-76.49331061,3.43564039],[-76.49331961,3.43563134],[-76.49332777,3.43562322],[-76.49333677,3.43561418],[-76.49334577,3.43560605],[-76.49335477,3.43559885],[-76.49336377,3.43559065],[-76.49337277,3.43558253],[-76.49338261,3.43557532],[-76.49339161,3.43556805],[-76.49341144,3.43555364],[-76.49342136,3.43554728],[-76.49343127,3.43554007]]]]},"geometry_name":"the_geom","properties":{"nombre":"CENTRO DOCENTE NO 7 BARTOLOME LOBOGUERRERO","localizaci":"CL 71 NO 26E 25","servicio":"EDUCACION","tipo":"CENTDOC","nivel":"EDUCACION BASICA-EDUCACION MEDIA VOCACIONAL","propiedad":"PUB","escala":"LOCAL","permanenci":"NO","estruc_eco":"NO","url1":null}},{"type":"Feature","id":"eqp_uco_educacion.3893","geometry":{"type":"MultiPolygon","coordinates":[[[[-76.53573513,3.34303138],[-76.53598457,3.34301495],[-76.53649306,3.34297811],[-76.53691573,3.34295273],[-76.53691075,3.34301112],[-76.53697933,3.3430207],[-76.53697954,3.34301187],[-76.536991,3.34301485],[-76.53699265,3.34300111],[-76.53701098,3.3430004],[-76.53702502,3.34294844],[-76.53726288,3.34293187],[-76.53735083,3.34292927],[-76.53730826,3.34349989],[-76.53729115,3.34370341],[-76.53727125,3.34401312],[-76.53721479,3.34403252],[-76.5372124,3.34408971],[-76.53726383,3.34409794],[-76.53724867,3.34428557],[-76.53723178,3.34454373],[-76.53722452,3.34469811],[-76.53721407,3.34487635],[-76.53720307,3.34503027],[-76.53720063,3.34506437],[-76.53718789,3.34521738],[-76.53716684,3.34523911],[-76.53716431,3.34528248],[-76.53718523,3.3453049],[-76.53717368,3.34547669],[-76.53716091,3.34570076],[-76.53714395,3.34587445],[-76.53713068,3.34606563],[-76.53711807,3.34623103],[-76.53690245,3.3462639],[-76.53666322,3.34630499],[-76.53628243,3.34636125],[-76.53616323,3.34638085],[-76.53585317,3.3464321],[-76.53563968,3.34646724],[-76.53531376,3.34652037],[-76.535338,3.34617686],[-76.53535478,3.34596575],[-76.53537955,3.3455377],[-76.5354039,3.34510409],[-76.53540812,3.34463965],[-76.53546827,3.34380723],[-76.53549282,3.34327391],[-76.53549741,3.34305315],[-76.53549897,3.34304417],[-76.53573513,3.34303138]]]]},"geometry_name":"the_geom","properties":{"nombre":"COLEGIO CLARET","localizaci":"KR 122 CL 15- 16","servicio":"EDUCACION","tipo":"COLEGIO","nivel":"EDUCACION PREESCOLAR_EDUCACION BASICA_EDUCACION MEDIA VOCACIONAL","propiedad":"PRIV","escala":"REGIONAL","permanenci":"SI","estruc_eco":"NO","url1":null}},{"type":"Feature","id":"eqp_uco_educacion.3894","geometry":{"type":"MultiPolygon","coordinates":[[[[-76.54668696,3.3324775],[-76.54668794,3.33251079],[-76.54668803,3.33251409],[-76.5466909,3.33261222],[-76.54670076,3.33294906],[-76.54670109,3.33296034],[-76.54670246,3.3330073],[-76.54670279,3.33301826],[-76.54670993,3.33326238],[-76.54671384,3.33339616],[-76.54672105,3.33364243],[-76.54672269,3.33369853],[-76.54672449,3.33376002],[-76.54672613,3.33381606],[-76.54668118,3.3338192],[-76.54601643,3.33386561],[-76.5459657,3.33386915],[-76.54591184,3.33387291],[-76.54587377,3.33387557],[-76.54570292,3.3338875],[-76.54505264,3.3339329],[-76.54473802,3.33395486],[-76.54472308,3.33380668],[-76.54463793,3.33296219],[-76.54462716,3.33285542],[-76.54459449,3.33253141],[-76.54458437,3.33243113],[-76.54463937,3.33242572],[-76.54466937,3.33242278],[-76.54537974,3.332353],[-76.54551603,3.33233961],[-76.54551638,3.33233958],[-76.54560696,3.33233068],[-76.54573609,3.33231799],[-76.54585903,3.33230592],[-76.54586892,3.33230495],[-76.54587373,3.33230447],[-76.54587511,3.33231468],[-76.54587558,3.33231814],[-76.54589221,3.33244105],[-76.54668595,3.33244278],[-76.5466867,3.33246865],[-76.54668696,3.3324775]]]]},"geometry_name":"the_geom","properties":{"nombre":"COLEGIO JUANAMBU","localizaci":"KR 126 NO 5- 75","servicio":"EDUCACION","tipo":"COLEGIO","nivel":"EDUCACION PREESCOLAR_EDUCACION BASICA_EDUCACION MEDIA VOCACIONAL","propiedad":"PRIV","escala":"REGIONAL","permanenci":"SI","estruc_eco":"NO","url1":null}},{"type":"Feature","id":"eqp_uco_educacion.3895","geometry":{"type":"MultiPolygon","coordinates":[[[[-76.52437391,3.35090393],[-76.52447,3.34858467],[-76.5271593,3.34843639],[-76.5271222,3.34882468],[-76.5270683,3.3494751],[-76.52703481,3.34986944],[-76.52702984,3.34992938],[-76.52697939,3.34992519],[-76.52695373,3.35023695],[-76.52700395,3.35024113],[-76.5269616,3.35075112],[-76.52622366,3.35079305],[-76.52619883,3.3507758],[-76.52608663,3.35078105],[-76.52607063,3.35079792],[-76.52581425,3.35081339],[-76.52492689,3.35086692],[-76.52480648,3.35087506],[-76.52437469,3.35090423],[-76.52437465,3.35090449],[-76.52437391,3.35090393]]]]},"geometry_name":"the_geom","properties":{"nombre":"COLEGIO LA SAGRADA FAMILIA","localizaci":"KR 118 CL 22 A","servicio":"EDUCACION","tipo":"COLEGIO","nivel":"EDUCACION BASICA","propiedad":"PRIV","escala":"ZONAL","permanenci":"NO","estruc_eco":"NO","url1":null}},{"type":"Feature","id":"eqp_uco_educacion.3896","geometry":{"type":"MultiPolygon","coordinates":[[[[-76.54714495,3.40140844],[-76.5472577,3.40139739],[-76.54737321,3.40140497],[-76.54740834,3.40140844],[-76.54759559,3.40142698],[-76.54782187,3.40144529],[-76.54805422,3.40146799],[-76.54829204,3.40148974],[-76.54852319,3.40151203],[-76.54875298,3.40153274],[-76.54898594,3.4015536],[-76.54921955,3.40157526],[-76.54945472,3.40159539],[-76.54962424,3.40161033],[-76.54962414,3.40161515],[-76.54962805,3.4016159],[-76.54964232,3.40161865],[-76.54965849,3.4016277],[-76.54967104,3.40164137],[-76.54967869,3.40165831],[-76.54968067,3.40167681],[-76.54968057,3.40167839],[-76.54968703,3.40168096],[-76.54968822,3.40185277],[-76.5496867,3.402039],[-76.54968307,3.40231837],[-76.54968158,3.40266858],[-76.54967834,3.40326029],[-76.54967744,3.40343691],[-76.54967649,3.40396372],[-76.54967585,3.40419434],[-76.54966859,3.40424644],[-76.54964386,3.40428371],[-76.54959894,3.40429602],[-76.54956671,3.40429798],[-76.54948504,3.40428784],[-76.54869731,3.40420684],[-76.54860089,3.40419692],[-76.54859675,3.40419651],[-76.54763818,3.40410171],[-76.54740822,3.40407798],[-76.54705407,3.40404143],[-76.54701454,3.40379985],[-76.5469491,3.40336321],[-76.54683684,3.40252963],[-76.54677538,3.40202314],[-76.5467473,3.40161578],[-76.54674444,3.40157431],[-76.54681579,3.40151382],[-76.54691879,3.40146271],[-76.54703293,3.4014273],[-76.54714495,3.40140844]]]]},"geometry_name":"the_geom","properties":{"nombre":"UNIVERSIDAD SANTIAGO DE CALI","localizaci":"CL 5  KR 61","servicio":"EDUCACION","tipo":"UNIVERSIDAD","nivel":"EDUCACION SUPERIOR","propiedad":"PRIV","escala":"REGIONAL","permanenci":"SI","estruc_eco":"NO","url1":null}},{"type":"Feature","id":"eqp_uco_educacion.3897","geometry":{"type":"MultiPolygon","coordinates":[[[[-76.55271703,3.40287452],[-76.55282438,3.40190371],[-76.55387749,3.40200444],[-76.55460745,3.40207277],[-76.55490657,3.40210077],[-76.55530524,3.40213664],[-76.55522811,3.40306963],[-76.55514759,3.40399734],[-76.55507558,3.40486795],[-76.55460735,3.40481977],[-76.55425074,3.40478309],[-76.5532588,3.4046828],[-76.55265993,3.40462027],[-76.55252638,3.40459576],[-76.55258185,3.40406315],[-76.55264048,3.40351091],[-76.55264326,3.40348586],[-76.55271703,3.40287452]]]]},"geometry_name":"the_geom","properties":{"nombre":"COLEGIO POLITECNICO","localizaci":"KR 62A 2 28","servicio":"EDUCACION","tipo":"POLITEC","nivel":"EDUCACION BASICA-EDUCACION MEDIA VOCACIONAL","propiedad":"PUB","escala":"ZONAL","permanenci":"SI","estruc_eco":"NO","url1":null}},{"type":"Feature","id":"eqp_uco_educacion.3898","geometry":{"type":"MultiPolygon","coordinates":[[[[-76.55736455,3.41234906],[-76.55750108,3.41197297],[-76.55755844,3.41181085],[-76.55780158,3.41189509],[-76.55778864,3.41193082],[-76.55802165,3.41201933],[-76.55826934,3.41210606],[-76.55837736,3.41214388],[-76.55839078,3.41209854],[-76.55863698,3.41218601],[-76.55849529,3.41261172],[-76.5583874,3.41289805],[-76.55838443,3.4129035],[-76.55837768,3.41291087],[-76.55836991,3.41291813],[-76.55821563,3.413038],[-76.55814851,3.41306707],[-76.55812911,3.41307238],[-76.55811159,3.41307608],[-76.55809365,3.41307843],[-76.55791512,3.41307855],[-76.55784829,3.41307256],[-76.55765608,3.41305182],[-76.55749262,3.41302595],[-76.55733616,3.41298928],[-76.55732485,3.41298218],[-76.55731193,3.41295835],[-76.55730215,3.41292097],[-76.55729029,3.41287766],[-76.55728027,3.41282982],[-76.55726548,3.41277225],[-76.55725811,3.41272955],[-76.55725924,3.41267592],[-76.55726617,3.41264394],[-76.55736455,3.41234906]]]]},"geometry_name":"the_geom","properties":{"nombre":"COLEGIO NUESTRA SEÑORA DE CHIQUINQUIR","localizaci":"KR 56 NO 2 70","servicio":"EDUCACION","tipo":"COLEGIO","nivel":"EDUCACION BASICA-EDUCACION MEDIA VOCACIONAL","propiedad":"PRIV","escala":"ZONAL","permanenci":"NO","estruc_eco":"SI","url1":null}},{"type":"Feature","id":"eqp_uco_educacion.3899","geometry":{"type":"MultiPolygon","coordinates":[[[[-76.51277133,3.48572365],[-76.51285181,3.48558665],[-76.51288941,3.48561095],[-76.51290844,3.48558441],[-76.51310523,3.48570639],[-76.5130883,3.48573094],[-76.51308594,3.48573436],[-76.51327397,3.48585488],[-76.51305487,3.4862067],[-76.51304025,3.48620242],[-76.51268569,3.48597477],[-76.51263287,3.48594397],[-76.51277133,3.48572365]]]]},"geometry_name":"the_geom","properties":{"nombre":"UNIVERSIDAD COOPERATIVA DE COLOMBIA","localizaci":"AV 3 N NO 54  23","servicio":"EDUCACION","tipo":"UNIVERSIDAD","nivel":"EDUCACION SUPERIOR","propiedad":"PRIV","escala":"URBANA","permanenci":"SI","estruc_eco":"NO","url1":null}},{"type":"Feature","id":"eqp_uco_educacion.3900","geometry":{"type":"MultiPolygon","coordinates":[[[[-76.54610772,3.39745559],[-76.54609872,3.3974556],[-76.5459187,3.3974547],[-76.54586578,3.39745473],[-76.5458467,3.39745474],[-76.54573977,3.3974548],[-76.54573969,3.39730278],[-76.5458477,3.39730272],[-76.5459197,3.39730268],[-76.54610764,3.39730357],[-76.54613356,3.39730356],[-76.54613357,3.39730959],[-76.54613758,3.39740958],[-76.5461376,3.39745558],[-76.54610772,3.39745559]]]]},"geometry_name":"the_geom","properties":{"nombre":"ACADEMIA DE BALLET ALLEGRO","localizaci":"CL 5 NO 66-55","servicio":"EDUCACION","tipo":"ESCARTE","nivel":"EDUCACION NO FORMAL","propiedad":"PRIV","escala":"LOCAL","permanenci":"NO","estruc_eco":"NO","url1":null}},{"type":"Feature","id":"eqp_uco_educacion.3901","geometry":{"type":"MultiPolygon","coordinates":[[[[-76.54440439,3.39673726],[-76.54431436,3.39673763],[-76.54431424,3.39671641],[-76.54431421,3.39671017],[-76.54431383,3.39663739],[-76.54431377,3.39662669],[-76.5443137,3.39661175],[-76.54431289,3.39645744],[-76.54440112,3.39644678],[-76.54440221,3.39654332],[-76.54440409,3.39671053],[-76.54440422,3.39672232],[-76.54440439,3.39673726]]]]},"geometry_name":"the_geom","properties":{"nombre":"GIMNASIO REY DAVID","localizaci":"KR 66B NO 9- 28","servicio":"EDUCACION","tipo":"COLEGIO","nivel":"EDUCACION BASICA-EDUCACION MEDIA VOCACIONAL","propiedad":"PRIV","escala":"LOCAL","permanenci":"NO","estruc_eco":"NO","url1":null}},{"type":"Feature","id":"eqp_uco_educacion.3902","geometry":{"type":"MultiPolygon","coordinates":[[[[-76.54379457,3.39993349],[-76.54378881,3.39993448],[-76.54378484,3.39990847],[-76.54378375,3.39990253],[-76.54374944,3.39969356],[-76.54374546,3.39966755],[-76.54383547,3.39965544],[-76.54383944,3.39968046],[-76.54387087,3.39988647],[-76.54387665,3.39992346],[-76.54382877,3.39992852],[-76.54382589,3.39992951],[-76.54379457,3.39993349]]]]},"geometry_name":"the_geom","properties":{"nombre":"LICEO MILANO","localizaci":"KR 65 NO 9-23","servicio":"EDUCACION","tipo":"LICEO","nivel":"EDUCACION BASICA","propiedad":"PRIV","escala":"LOCAL","permanenci":"NO","estruc_eco":"NO","url1":null}},{"type":"Feature","id":"eqp_uco_educacion.3903","geometry":{"type":"MultiPolygon","coordinates":[[[[-76.50154222,3.42699925],[-76.50140169,3.42685718],[-76.50141064,3.42684818],[-76.501408,3.42684368],[-76.50140349,3.42684724],[-76.50135308,3.42679042],[-76.50141303,3.42673766],[-76.50146833,3.42668924],[-76.50149514,3.42666536],[-76.50154151,3.42671032],[-76.50157616,3.42674394],[-76.50158049,3.42673863],[-76.50161524,3.42677193],[-76.50165665,3.42681393],[-76.50169616,3.42685444],[-76.50161511,3.42692833],[-76.50161141,3.42692472],[-76.50159706,3.42693916],[-76.50159864,3.42694309],[-76.50154222,3.42699925]]]]},"geometry_name":"the_geom","properties":{"nombre":"COLEGIO JULIO RINCON","localizaci":"KR 28E  CON CL 55","servicio":"EDUCACION","tipo":"CENTEDUC","nivel":"EDUCACION BASICA-EDUCACION MEDIA VOCACIONAL","propiedad":"PUB","escala":"LOCAL","permanenci":"NO","estruc_eco":"NO","url1":null}},{"type":"Feature","id":"eqp_uco_educacion.3904","geometry":{"type":"MultiPolygon","coordinates":[[[[-76.49069205,3.44794718],[-76.49069184,3.44794751],[-76.49065943,3.44806936],[-76.49069372,3.44807855],[-76.49069457,3.4480787],[-76.4906644,3.44819921],[-76.49054927,3.4481687],[-76.49060729,3.44792527],[-76.49069205,3.44794718]]]]},"geometry_name":"the_geom","properties":{"nombre":"CENTRO ETNOEDUCATIVO ANTONIO MACE","localizaci":"JRA 11 # 65 04","servicio":"EDUCACION","tipo":"COLEGIO","nivel":"EDUCACION BASICA","propiedad":"PRIV","escala":"LOCAL","permanenci":"NO","estruc_eco":"NO","url1":null}},{"type":"Feature","id":"eqp_uco_educacion.3905","geometry":{"type":"MultiPolygon","coordinates":[[[[-76.49107387,3.44690608],[-76.49109291,3.44683605],[-76.49109531,3.44683669],[-76.49110969,3.44684052],[-76.49121586,3.44686867],[-76.49121283,3.44688098],[-76.49119702,3.44693806],[-76.49117685,3.44693303],[-76.49114192,3.44692405],[-76.49108683,3.44691004],[-76.49108287,3.44690905],[-76.49107387,3.44690608]]]]},"geometry_name":"the_geom","properties":{"nombre":"JARDIN INFANTIL CAMINITO ALEGRE","localizaci":"CL 64 NO 12 22","servicio":"EDUCACION","tipo":"JARDININF","nivel":"EDUCACION PREESCOLAR","propiedad":"PRIV","escala":"LOCAL","permanenci":"NO","estruc_eco":"NO","url1":null}},{"type":"Feature","id":"eqp_uco_educacion.3906","geometry":{"type":"MultiPolygon","coordinates":[[[[-76.55945201,3.46272912],[-76.55943796,3.4627131],[-76.55933602,3.46260822],[-76.55923083,3.46250729],[-76.55922795,3.46250423],[-76.55920273,3.46247328],[-76.55918399,3.46243828],[-76.55916993,3.46240228],[-76.55916163,3.46236332],[-76.55914286,3.46227026],[-76.55911072,3.46209126],[-76.55910855,3.46208028],[-76.55911251,3.4620693],[-76.5591215,3.46206128],[-76.55913158,3.46205732],[-76.55914347,3.46206127],[-76.55915247,3.46206829],[-76.55919967,3.46212928],[-76.55929585,3.46222923],[-76.5593769,3.46231019],[-76.55950694,3.46243513],[-76.55954583,3.46245806],[-76.55958797,3.46248207],[-76.5596409,3.46250103],[-76.55965207,3.46250103],[-76.55965783,3.46250903],[-76.55945201,3.46272912]]]]},"geometry_name":"the_geom","properties":{"nombre":"COLEGIO PRESENTACION DEL AGUACATAL","localizaci":null,"servicio":"EDUCACION","tipo":"COLEGIO","nivel":"EDUCACION BASICA-EDUCACION MEDIA VOCACIONAL","propiedad":"PRIV","escala":"ZONAL","permanenci":"NO","estruc_eco":"NO","url1":null}},{"type":"Feature","id":"eqp_uco_educacion.3907","geometry":{"type":"MultiPolygon","coordinates":[[[[-76.5371203,3.31568845],[-76.53678701,3.31653548],[-76.5365299,3.31736337],[-76.53463958,3.31773188],[-76.53493001,3.31601868],[-76.53562043,3.3159421],[-76.5371203,3.31568845]]]]},"geometry_name":"the_geom","properties":{"nombre":"COLEGIO BRITANICO( DE BRITISH SCHOOL)","localizaci":"C 18 # 142-255","servicio":"EDUCACION","tipo":"COLEGIO","nivel":"EDUCACION PREESCOLAR_EDUCACION BASICA_EDUCACION MEDIA VOCACIONAL","propiedad":"PRIV","escala":"REGIONAL","permanenci":"SI","estruc_eco":"NO","url1":null}},{"type":"Feature","id":"eqp_uco_educacion.3908","geometry":{"type":"MultiPolygon","coordinates":[[[[-76.5206683,3.38405534],[-76.52067094,3.38393415],[-76.52072312,3.38393297],[-76.52072049,3.38405621],[-76.5206683,3.38405534]]]]},"geometry_name":"the_geom","properties":{"nombre":"LICEO ANGLO DEL VALLE","localizaci":"CL 38 80B - 70","servicio":"EDUCACION","tipo":"LICEO","nivel":"EDUCACION BASICA-EDUCACION MEDIA VOCACIONAL","propiedad":"PRIV","escala":"LOCAL","permanenci":"NO","estruc_eco":"NO","url1":null}},{"type":"Feature","id":"eqp_uco_educacion.3909","geometry":{"type":"MultiPolygon","coordinates":[[[[-76.52326562,3.38586538],[-76.52321162,3.3858636],[-76.52321693,3.38568815],[-76.52332313,3.38569171],[-76.52332047,3.38577853],[-76.52326827,3.38577765],[-76.52326562,3.38586538]]]]},"geometry_name":"the_geom","properties":{"nombre":"CENTRO DOCENTE TOMAS CIPRIANO MOSQUERA","localizaci":"CL 26 NO 81A-26","servicio":"EDUCACION","tipo":"CENTDOC","nivel":"EDUCACION PREESCOLAR_EDUCACION BASICA","propiedad":"PRIV","escala":"LOCAL","permanenci":"NO","estruc_eco":"NO","url1":null}},{"type":"Feature","id":"eqp_uco_educacion.3910","geometry":{"type":"MultiPolygon","coordinates":[[[[-76.53261722,3.3819518],[-76.53257509,3.38194876],[-76.53252613,3.38194681],[-76.53252827,3.38192277],[-76.53252933,3.38188281],[-76.5325372,3.38177678],[-76.53253826,3.38175176],[-76.53253826,3.38174681],[-76.53254005,3.38171882],[-76.53257713,3.38172078],[-76.53260017,3.38172274],[-76.53261422,3.38172373],[-76.53263114,3.38172471],[-76.53261828,3.38192075],[-76.53261722,3.3819518]]]]},"geometry_name":"the_geom","properties":{"nombre":"JARDIN INFANTIL JUEGOS, ARTES Y LETRAS","localizaci":"KR 85A NO 14-36","servicio":"EDUCACION","tipo":"JARDININF","nivel":"EDUCACION PREESCOLAR","propiedad":"PRIV","escala":"LOCAL","permanenci":"NO","estruc_eco":"NO","url1":null}},{"type":"Feature","id":"eqp_uco_educacion.3911","geometry":{"type":"MultiPolygon","coordinates":[[[[-76.52007268,3.38067786],[-76.5200726,3.38054493],[-76.52018242,3.38054487],[-76.52018249,3.3806778],[-76.52007268,3.38067786]]]]},"geometry_name":"the_geom","properties":{"nombre":"COLEGIO LOS ALMENDROS","localizaci":"KR 85D CL 42 ESQUINA","servicio":"EDUCACION","tipo":"COLEGIO","nivel":"EDUCACION PREESCOLAR_EDUCACION BASICA","propiedad":"PRIV","escala":"LOCAL","permanenci":"NO","estruc_eco":"NO","url1":null}},{"type":"Feature","id":"eqp_uco_educacion.3912","geometry":{"type":"MultiPolygon","coordinates":[[[[-76.52740828,3.38180149],[-76.52740758,3.38183245],[-76.52740263,3.38200949],[-76.52740264,3.38202848],[-76.52732848,3.38202654],[-76.5273274,3.38202654],[-76.52732739,3.38202555],[-76.52732739,3.38200755],[-76.52733233,3.38183051],[-76.52733232,3.38180054],[-76.52740828,3.38180149]]]]},"geometry_name":"the_geom","properties":{"nombre":"JARDIN INFANTIL EL OSO INGENIOSO","localizaci":"KR 85A NO 17-53","servicio":"EDUCACION","tipo":"JARDININF","nivel":"EDUCACION PREESCOLAR","propiedad":"PRIV","escala":"LOCAL","permanenci":"NO","estruc_eco":"NO","url1":null}},{"type":"Feature","id":"eqp_uco_educacion.3913","geometry":{"type":"MultiPolygon","coordinates":[[[[-76.51755278,3.38669426],[-76.51769741,3.3866939],[-76.51769725,3.38696655],[-76.51755592,3.38696655],[-76.51755278,3.38669426]]]]},"geometry_name":"the_geom","properties":{"nombre":"LICEO ANGLO DEL VALLE","localizaci":"CL 46 NO 81A 12","servicio":"EDUCACION","tipo":"COLEGIO","nivel":"EDUCACION BASICA-EDUCACION MEDIA VOCACIONAL","propiedad":"PRIV","escala":"LOCAL","permanenci":"NO","estruc_eco":"NO","url1":null}},{"type":"Feature","id":"eqp_uco_educacion.3914","geometry":{"type":"MultiPolygon","coordinates":[[[[-76.54055549,3.3905033],[-76.54052236,3.39050035],[-76.54053237,3.39037029],[-76.54053452,3.39035129],[-76.54062346,3.39035827],[-76.54062239,3.39037825],[-76.54061345,3.39049328],[-76.54061345,3.39049526],[-76.54061237,3.39050732],[-76.54055549,3.3905033]]]]},"geometry_name":"the_geom","properties":{"nombre":"JARDIN INFANTIL MATERNAL ESTIMULOS","localizaci":"KR 75 NO 11-45","servicio":"EDUCACION","tipo":"JARDININF","nivel":"EDUCACION PREESCOLAR","propiedad":"PRIV","escala":"LOCAL","permanenci":"NO","estruc_eco":"NO","url1":null}},{"type":"Feature","id":"eqp_uco_educacion.3915","geometry":{"type":"MultiPolygon","coordinates":[[[[-76.53957752,3.39166677],[-76.53948751,3.39166088],[-76.53948965,3.3916319],[-76.5394918,3.39161083],[-76.53950146,3.39149688],[-76.53950253,3.39147888],[-76.53959254,3.39148477],[-76.53959148,3.39150376],[-76.53958253,3.39160377],[-76.53957967,3.39163878],[-76.53957967,3.39163977],[-76.53957752,3.39166677]]]]},"geometry_name":"the_geom","properties":{"nombre":"LICEO INFANTIL LA CASITA DE ANGIE","localizaci":"KR 73 NO 11-47","servicio":"EDUCACION","tipo":"JARDININF","nivel":"EDUCACION PREESCOLAR","propiedad":"PRIV","escala":"LOCAL","permanenci":"NO","estruc_eco":"NO","url1":null}},{"type":"Feature","id":"eqp_uco_educacion.3916","geometry":{"type":"MultiPolygon","coordinates":[[[[-76.53350651,3.39923742],[-76.53340462,3.39923549],[-76.53335458,3.39923552],[-76.53332758,3.39923553],[-76.53332753,3.39914454],[-76.53350754,3.39914741],[-76.53350756,3.39917144],[-76.5335065,3.39921347],[-76.53350651,3.39923742]]]]},"geometry_name":"the_geom","properties":{"nombre":"JARDIN INFANTIL SUEÑOS Y FANTASIAS","localizaci":"CL 13F NO 65-122","servicio":"EDUCACION","tipo":"JARDININF","nivel":"EDUCACION PREESCOLAR","propiedad":"PRIV","escala":"LOCAL","permanenci":"NO","estruc_eco":"NO","url1":null}},{"type":"Feature","id":"eqp_uco_educacion.3917","geometry":{"type":"MultiPolygon","coordinates":[[[[-76.53901508,3.39479023],[-76.53903589,3.39452367],[-76.53903784,3.39450615],[-76.53905702,3.39425301],[-76.53905706,3.39425204],[-76.53906475,3.39406456],[-76.53906488,3.39406139],[-76.5390643,3.39403686],[-76.53904497,3.39398856],[-76.53904596,3.39390189],[-76.53905998,3.39373305],[-76.53924624,3.39374776],[-76.53943228,3.39376246],[-76.5395883,3.39377478],[-76.5398096,3.39379227],[-76.53985427,3.39379579],[-76.53985724,3.39379603],[-76.53979221,3.39475018],[-76.53901508,3.39479023]]]]},"geometry_name":"the_geom","properties":{"nombre":"COLEGIO LOS ANDES","localizaci":"KR 70 NO 12 55","servicio":"EDUCACION","tipo":"COLEGIO","nivel":"EDUCACION BASICA-EDUCACION MEDIA VOCACIONAL","propiedad":"PRIV","escala":"ZONAL","permanenci":"SI","estruc_eco":"NO","url1":null}},{"type":"Feature","id":"eqp_uco_educacion.3918","geometry":{"type":"MultiPolygon","coordinates":[[[[-76.53301122,3.39902644],[-76.5330105,3.39902644],[-76.53295434,3.39902746],[-76.53295541,3.39900649],[-76.53295538,3.39895447],[-76.53295713,3.39886941],[-76.53295713,3.39886149],[-76.53295712,3.39884844],[-76.5329852,3.39884843],[-76.53299529,3.39884842],[-76.53301041,3.3988494],[-76.53301113,3.3988494],[-76.53301833,3.3988494],[-76.53301834,3.39887145],[-76.53301623,3.39897541],[-76.53301625,3.39900745],[-76.53301554,3.39902743],[-76.53301122,3.39902644]]]]},"geometry_name":"the_geom","properties":{"nombre":"CENTRO DE ESTIMULACION PRECOZ CRECER","localizaci":"KR 65C NO 13F-34","servicio":"EDUCACION","tipo":"JARDININF","nivel":"EDUCACION PREESCOLAR","propiedad":"PRIV","escala":"LOCAL","permanenci":"NO","estruc_eco":"NO","url1":null}},{"type":"Feature","id":"eqp_uco_educacion.3920","geometry":{"type":"MultiPolygon","coordinates":[[[[-76.54171279,3.39318434],[-76.5416379,3.39317835],[-76.54163969,3.39315837],[-76.54164077,3.3931464],[-76.54164864,3.39305342],[-76.54164971,3.39304135],[-76.54166591,3.39304234],[-76.54167096,3.39304332],[-76.54168896,3.39304439],[-76.54171272,3.39304636],[-76.54174692,3.39304931],[-76.54174478,3.39307335],[-76.54173798,3.39315129],[-76.54173476,3.39318631],[-76.54171279,3.39318434]]]]},"geometry_name":"the_geom","properties":{"nombre":"JARDIN INFANTIL Y GUARDERIA JOSE MIEL","localizaci":"KR 71 NO 10A-16","servicio":"EDUCACION","tipo":"JARDININF","nivel":"EDUCACION PREESCOLAR","propiedad":"PRIV","escala":"LOCAL","permanenci":"NO","estruc_eco":"NO","url1":null}},{"type":"Feature","id":"eqp_uco_educacion.3921","geometry":{"type":"MultiPolygon","coordinates":[[[[-76.54201683,3.38822242],[-76.54222275,3.38819333],[-76.54222601,3.38821628],[-76.54222673,3.3882233],[-76.54223902,3.38831726],[-76.54223974,3.38831834],[-76.54224191,3.38833733],[-76.54221707,3.3883413],[-76.54219799,3.38834428],[-76.54217891,3.38834636],[-76.54212779,3.38835332],[-76.54211987,3.38835539],[-76.54208675,3.38835937],[-76.54207702,3.3883394],[-76.54201683,3.38822242]]]]},"geometry_name":"the_geom","properties":{"nombre":"JARDIN INFANTIL ARMONIA INFANTIL","localizaci":"CL 10A NO 78-24","servicio":"EDUCACION","tipo":"JARDININF","nivel":"EDUCACION PREESCOLAR","propiedad":"PRIV","escala":"LOCAL","permanenci":"NO","estruc_eco":"NO","url1":null}},{"type":"Feature","id":"eqp_uco_educacion.3922","geometry":{"type":"MultiPolygon","coordinates":[[[[-76.53976496,3.39510922],[-76.53978862,3.39474754],[-76.53985678,3.39379599],[-76.54033949,3.39383413],[-76.54057979,3.39384905],[-76.54066307,3.39385389],[-76.54071572,3.39385695],[-76.54070774,3.39392878],[-76.5406551,3.39463594],[-76.54062186,3.39508389],[-76.54061256,3.3952087],[-76.5406022,3.39534735],[-76.54059029,3.39564468],[-76.5402095,3.39567256],[-76.53972665,3.39570811],[-76.53975291,3.39529426],[-76.53976496,3.39510922]]]]},"geometry_name":"the_geom","properties":{"nombre":"COLEGIO NUESTRA SEÑORA DE LA CONSOLACION","localizaci":"KR 68 NO 10B-64","servicio":"EDUCACION","tipo":"COLEGIO","nivel":"EDUCACION PREESCOLAR_EDUCACION BASICA_EDUCACION MEDIA VOCACIONAL","propiedad":"PRIV","escala":"ZONAL","permanenci":"NO","estruc_eco":"NO","url1":null}},{"type":"Feature","id":"eqp_uco_educacion.3923","geometry":{"type":"MultiPolygon","coordinates":[[[[-76.54253745,3.37836591],[-76.54253922,3.37826099],[-76.54257887,3.37826191],[-76.54273452,3.37826644],[-76.54274169,3.37829534],[-76.54276151,3.37837496],[-76.54253745,3.37836591]]]]},"geometry_name":"the_geom","properties":{"nombre":"INSTITUTO SER INTERNACIONAL","localizaci":"CL 5 88 17","servicio":"EDUCACION","tipo":"COLEGIO","nivel":"EDUCACION BASICA-EDUCACION MEDIA VOCACIONAL","propiedad":"PRIV","escala":"LOCAL","permanenci":"NO","estruc_eco":"NO","url1":null}},{"type":"Feature","id":"eqp_uco_educacion.3924","geometry":{"type":"MultiPolygon","coordinates":[[[[-76.53690147,3.40055988],[-76.53698815,3.40030227],[-76.53686609,3.40025919],[-76.53677516,3.4005194],[-76.53669871,3.40049489],[-76.53647474,3.40042301],[-76.5363415,3.40038114],[-76.53634867,3.40031111],[-76.53626549,3.40030413],[-76.53630065,3.40005606],[-76.53631865,3.40005713],[-76.53644338,3.39967598],[-76.53644338,3.39967301],[-76.5364513,3.39967598],[-76.53715564,3.39991268],[-76.53694178,3.4005728],[-76.53690147,3.40055988]]]]},"geometry_name":"the_geom","properties":{"nombre":"COLEGIO FEMENINO SAN FERNANDO","localizaci":"KR 65 NO 13-82","servicio":"EDUCACION","tipo":"COLEGIO","nivel":"EDUCACION BASICA","propiedad":"PRIV","escala":"ZONAL","permanenci":"NO","estruc_eco":"NO","url1":null}},{"type":"Feature","id":"eqp_uco_educacion.3925","geometry":{"type":"MultiPolygon","coordinates":[[[[-76.52463079,3.40421305],[-76.52463577,3.40413962],[-76.52477472,3.40414915],[-76.52476974,3.40422133],[-76.52463079,3.40421305]]]]},"geometry_name":"the_geom","properties":{"nombre":"COLEGIO CARLOS CASTRO SAAVEDRA","localizaci":"CL 10A NO 50-150","servicio":"EDUCACION","tipo":"JARDININF","nivel":"EDUCACION PREESCOLAR","propiedad":"PRIV","escala":"LOCAL","permanenci":"NO","estruc_eco":"NO","url1":null}},{"type":"Feature","id":"eqp_uco_educacion.3926","geometry":{"type":"MultiPolygon","coordinates":[[[[-76.54417755,3.39164441],[-76.54434046,3.39165587],[-76.54431525,3.39174295],[-76.54414957,3.39173076],[-76.54417755,3.39164441]]]]},"geometry_name":"the_geom","properties":{"nombre":"JARDIN INFANTIL TALENTOS","localizaci":"KRA 73 # 11 A 47","servicio":"EDUCACION","tipo":"CENTIDIOM","nivel":"EDUCACION PREESCOLAR","propiedad":"PRIV","escala":"LOCAL","permanenci":"NO","estruc_eco":"NO","url1":null}},{"type":"Feature","id":"eqp_uco_educacion.3927","geometry":{"type":"MultiPolygon","coordinates":[[[[-76.53492545,3.39201119],[-76.53482242,3.39305026],[-76.53481939,3.39305349],[-76.53454361,3.39303047],[-76.53441802,3.39302041],[-76.53366846,3.39296306],[-76.53366452,3.39295103],[-76.53369419,3.39257253],[-76.53369714,3.39253699],[-76.53369738,3.3925341],[-76.5337462,3.39193689],[-76.53374672,3.39193648],[-76.53449419,3.39197685],[-76.53451606,3.39197802],[-76.53458989,3.39198439],[-76.53484301,3.39200624],[-76.53486227,3.39200795],[-76.53486226,3.3920074],[-76.53492545,3.39201119]]]]},"geometry_name":"the_geom","properties":{"nombre":"COLEGIO REYES CATOLICOS","localizaci":"CL 13D NO 70-72","servicio":"EDUCACION","tipo":"COLEGIO","nivel":"EDUCACION PREESCOLAR_EDUCACION BASICA_EDUCACION MEDIA VOCACIONAL","propiedad":"PRIV","escala":"URBANA","permanenci":"SI","estruc_eco":"NO","url1":null}},{"type":"Feature","id":"eqp_uco_educacion.3928","geometry":{"type":"MultiPolygon","coordinates":[[[[-76.53677516,3.4005194],[-76.53686609,3.40025919],[-76.53698815,3.40030227],[-76.53690147,3.40055988],[-76.53677516,3.4005194]]]]},"geometry_name":"the_geom","properties":{"nombre":"COLEGIO FEMENINO SAN FERNANDO","localizaci":"KR 65 NO 13-82","servicio":"EDUCACION","tipo":"JARDININF","nivel":"EDUCACION PREESCOLAR","propiedad":"PRIV","escala":"ZONAL","permanenci":"NO","estruc_eco":"NO","url1":null}},{"type":"Feature","id":"eqp_uco_educacion.3929","geometry":{"type":"MultiPolygon","coordinates":[[[[-76.5478277,3.37390704],[-76.54789242,3.37390366],[-76.54789243,3.37390373],[-76.54790264,3.37415277],[-76.5478976,3.37415278],[-76.54783648,3.37415841],[-76.54783061,3.37394204],[-76.5478277,3.37390704]]]]},"geometry_name":"the_geom","properties":{"nombre":"COLEGIO HORIZONTES","localizaci":"KR 95 NO 3-114","servicio":"EDUCACION","tipo":"COLEGIO","nivel":"EDUCACION PREESCOLAR_EDUCACION BASICA_EDUCACION MEDIA VOCACIONAL","propiedad":"PRIV","escala":"LOCAL","permanenci":"NO","estruc_eco":"NO","url1":null}},{"type":"Feature","id":"eqp_uco_educacion.3930","geometry":{"type":"MultiPolygon","coordinates":[[[[-76.54856116,3.3915654],[-76.54855066,3.3915671],[-76.54823782,3.39161757],[-76.54821544,3.39162118],[-76.54818916,3.39162542],[-76.54818875,3.39162254],[-76.54818752,3.39161393],[-76.54818364,3.39158673],[-76.54816956,3.39148815],[-76.54816491,3.39145561],[-76.54815626,3.39139506],[-76.54814733,3.3913325],[-76.54814453,3.39131319],[-76.54814439,3.3913122],[-76.54814435,3.39131191],[-76.5481441,3.39131013],[-76.54814332,3.39130468],[-76.54814009,3.39128207],[-76.54813686,3.39125947],[-76.54813343,3.39123546],[-76.5481264,3.3911862],[-76.54812414,3.39117041],[-76.54815672,3.39116603],[-76.5482077,3.39115919],[-76.54844912,3.39112679],[-76.54850811,3.39111887],[-76.5485175,3.39111761],[-76.54852803,3.39122561],[-76.54853307,3.39127733],[-76.54853843,3.39133233],[-76.54855189,3.3914704],[-76.54856051,3.39155881],[-76.54856116,3.3915654]]]]},"geometry_name":"the_geom","properties":{"nombre":"CENTRO EDUCATIVO CELIMA RUEDA","localizaci":"KR 73 NO 3_94","servicio":"EDUCACION","tipo":"CENTDOC","nivel":"EDUCACION PREESCOLAR_EDUCACION BASICA_EDUCACION MEDIA VOCACIONAL","propiedad":"PUB","escala":"LOCAL","permanenci":"NO","estruc_eco":"NO","url1":null}},{"type":"Feature","id":"eqp_uco_educacion.3931","geometry":{"type":"MultiPolygon","coordinates":[[[[-76.54858421,3.39110866],[-76.54858707,3.39110827],[-76.54860174,3.39125282],[-76.54860966,3.39133084],[-76.54861987,3.39143156],[-76.54862247,3.39145715],[-76.54862507,3.39148275],[-76.5486267,3.39149878],[-76.54863115,3.39154265],[-76.54863169,3.39154794],[-76.54862004,3.39154972],[-76.54856051,3.39155881],[-76.54855189,3.3914704],[-76.54853843,3.39133233],[-76.54853307,3.39127733],[-76.54852803,3.39122561],[-76.5485175,3.39111761],[-76.54853654,3.39111505],[-76.54855229,3.39111294],[-76.54857339,3.39111011],[-76.54858083,3.39110911],[-76.54858421,3.39110866]]]]},"geometry_name":"the_geom","properties":{"nombre":"ESCUELA CELIMO RUEDA","localizaci":"KR 76 NO 2A _31","servicio":"EDUCACION","tipo":"INSTEDUCI","nivel":"EDUCACION BASICA-EDUCACION MEDIA VOCACIONAL","propiedad":"PUB","escala":"LOCAL","permanenci":"NO","estruc_eco":"NO","url1":null}},{"type":"Feature","id":"eqp_uco_educacion.3932","geometry":{"type":"MultiPolygon","coordinates":[[[[-76.54785466,3.39068175],[-76.54783141,3.39068513],[-76.54780815,3.39068851],[-76.54780523,3.39068894],[-76.54777952,3.39069267],[-76.54773359,3.39069935],[-76.54771001,3.39070277],[-76.54770915,3.39070289],[-76.54769677,3.39061879],[-76.54768517,3.39054006],[-76.54768151,3.39051519],[-76.5476776,3.39048864],[-76.54767371,3.39046222],[-76.54766752,3.39042017],[-76.54766133,3.39037812],[-76.5476562,3.39034331],[-76.54764823,3.39028917],[-76.54764422,3.39026197],[-76.54764065,3.39023773],[-76.5476396,3.39023054],[-76.54763614,3.39020705],[-76.5476342,3.39019387],[-76.54763211,3.39017967],[-76.54763092,3.39017162],[-76.54778134,3.39014908],[-76.54778218,3.39014896],[-76.54778375,3.39016049],[-76.54779123,3.39021549],[-76.54779258,3.39022539],[-76.54780164,3.39028697],[-76.54781995,3.39041127],[-76.54785967,3.390681],[-76.54785466,3.39068175]]]]},"geometry_name":"the_geom","properties":{"nombre":"COLEGIO EL HOGAR","localizaci":"KR 75 NO 3C_29","servicio":"EDUCACION","tipo":"COLEGIO","nivel":"EDUCACION PREESCOLAR_EDUCACION BASICA_EDUCACION MEDIA VOCACIONAL","propiedad":"PRIV","escala":"LOCAL","permanenci":"NO","estruc_eco":"NO","url1":null}},{"type":"Feature","id":"eqp_uco_educacion.3933","geometry":{"type":"MultiPolygon","coordinates":[[[[-76.54674732,3.38961411],[-76.54636608,3.38966891],[-76.54635682,3.38958414],[-76.54673422,3.38953276],[-76.54674732,3.38961411]]]]},"geometry_name":"the_geom","properties":{"nombre":"COLEGIO TECNICO NUEVAS FRONTERAS","localizaci":"CL 4 NO 75_60","servicio":"EDUCACION","tipo":"COLEGIO","nivel":"EDUCACION PREESCOLAR_EDUCACION BASICA_EDUCACION MEDIA VOCACIONAL","propiedad":"PRIV","escala":"LOCAL","permanenci":"NO","estruc_eco":"NO","url1":null}},{"type":"Feature","id":"eqp_uco_educacion.3934","geometry":{"type":"MultiPolygon","coordinates":[[[[-76.55174351,3.39006233],[-76.55170684,3.39006036],[-76.55167302,3.39005745],[-76.55166162,3.38991586],[-76.55173264,3.389911],[-76.55174351,3.39006233]]]]},"geometry_name":"the_geom","properties":{"nombre":"LICEO INFANTIL MIS PEQUEÑOS ANGELITOS","localizaci":"KR 74 NO 2BIS_04","servicio":"EDUCACION","tipo":"JARDININF","nivel":"EDUCACION PREESCOLAR","propiedad":"PRIV","escala":"LOCAL","permanenci":"NO","estruc_eco":"NO","url1":null}},{"type":"Feature","id":"eqp_uco_educacion.3935","geometry":{"type":"MultiPolygon","coordinates":[[[[-76.54648648,3.38903543],[-76.54642527,3.38903051],[-76.54642527,3.3890225],[-76.54642742,3.38900648],[-76.54643921,3.38884644],[-76.54650042,3.38885046],[-76.54649434,3.38893048],[-76.54648647,3.38902751],[-76.54648648,3.38903543]]]]},"geometry_name":"the_geom","properties":{"nombre":"COLEGIO INTERNADO SAN ANTONIO","localizaci":"KR 76 NO 3B_82","servicio":"EDUCACION","tipo":"COLEGIO","nivel":"EDUCACION PREESCOLAR_EDUCACION BASICA_EDUCACION MEDIA VOCACIONAL","propiedad":"PRIV","escala":"LOCAL","permanenci":"NO","estruc_eco":"NO","url1":null}},{"type":"Feature","id":"eqp_uco_educacion.3936","geometry":{"type":"MultiPolygon","coordinates":[[[[-76.55762906,3.391963],[-76.55763859,3.39203289],[-76.55748413,3.39206257],[-76.55746035,3.39206629],[-76.55747108,3.39211849],[-76.55724629,3.3921673],[-76.55723961,3.39210992],[-76.55723269,3.39205007],[-76.55762906,3.391963]]]]},"geometry_name":"the_geom","properties":{"nombre":"POLITECNICO SIGLO 21","localizaci":"KR 1A Oeste NO 10_68","servicio":"EDUCACION","tipo":"POLITEC","nivel":"EDUCACION BASICA-EDUCACION MEDIA VOCACIONAL","propiedad":"PRIV","escala":"LOCAL","permanenci":"NO","estruc_eco":"NO","url1":null}},{"type":"Feature","id":"eqp_uco_educacion.3937","geometry":{"type":"MultiPolygon","coordinates":[[[[-76.54781408,3.37529336],[-76.54780516,3.37544331],[-76.54772127,3.37544138],[-76.54772731,3.37528936],[-76.54781408,3.37529336]]]]},"geometry_name":"the_geom","properties":{"nombre":"JARDIN INFANTIL LAURITA","localizaci":"KR 93 NO 3B_26","servicio":"EDUCACION","tipo":"JARDININF","nivel":"EDUCACION PREESCOLAR","propiedad":"PRIV","escala":"LOCAL","permanenci":"NO","estruc_eco":"NO","url1":null}},{"type":"Feature","id":"eqp_uco_educacion.3938","geometry":{"type":"MultiPolygon","coordinates":[[[[-76.55442801,3.38758073],[-76.55448016,3.38758341],[-76.55447892,3.38771378],[-76.55447902,3.38771388],[-76.55442809,3.3877139],[-76.55442801,3.38758073]]]]},"geometry_name":"the_geom","properties":{"nombre":"COLEGIO LORENCITA VILLEGAS","localizaci":"KR 77 NO 1B_63","servicio":"EDUCACION","tipo":"COLEGIO","nivel":"EDUCACION BASICA","propiedad":"PRIV","escala":"LOCAL","permanenci":"NO","estruc_eco":"NO","url1":null}},{"type":"Feature","id":"eqp_uco_educacion.3939","geometry":{"type":"MultiPolygon","coordinates":[[[[-76.54685373,3.39306903],[-76.54692188,3.39306977],[-76.54705313,3.3930712],[-76.54713452,3.39307209],[-76.54713347,3.39307312],[-76.54721451,3.39307308],[-76.54721476,3.39308525],[-76.54721632,3.39312154],[-76.54721749,3.39314885],[-76.54721917,3.39318795],[-76.54721966,3.39319937],[-76.54693172,3.39319813],[-76.54693177,3.39319385],[-76.54693184,3.39318849],[-76.54693205,3.3931715],[-76.54693218,3.39316073],[-76.54691778,3.39316055],[-76.54687959,3.39316006],[-76.54681252,3.39315922],[-76.54674847,3.39315841],[-76.54667152,3.39315744],[-76.54662661,3.39315687],[-76.54662665,3.39315341],[-76.5466275,3.39308513],[-76.5466277,3.39306891],[-76.54662773,3.39306656],[-76.54663471,3.3930666],[-76.54664371,3.39306664],[-76.54666729,3.39306675],[-76.54667273,3.39306684],[-76.54670708,3.39306743],[-76.54682018,3.39306866],[-76.54685373,3.39306903]]]]},"geometry_name":"the_geom","properties":{"nombre":"INSTITUTO MODERNO","localizaci":"CL4 NO 71_44","servicio":"EDUCACION","tipo":"INSTEDUCI","nivel":"EDUCACION BASICA-EDUCACION MEDIA VOCACIONAL","propiedad":"PRIV","escala":"LOCAL","permanenci":"NO","estruc_eco":"NO","url1":null}},{"type":"Feature","id":"eqp_uco_educacion.3940","geometry":{"type":"MultiPolygon","coordinates":[[[[-76.54721451,3.39307308],[-76.54713347,3.39307312],[-76.54713452,3.39307209],[-76.54705313,3.3930712],[-76.54705397,3.3930184],[-76.54705442,3.39299037],[-76.54705449,3.39298603],[-76.54705468,3.39297444],[-76.54705547,3.39292484],[-76.54705677,3.3928428],[-76.54705837,3.39274281],[-76.54705854,3.39273192],[-76.54712994,3.39272519],[-76.54716198,3.39272217],[-76.54720724,3.39271836],[-76.54720779,3.39274529],[-76.54720909,3.39280858],[-76.54721344,3.39302097],[-76.54721451,3.39307296],[-76.54721451,3.39307308]]]]},"geometry_name":"the_geom","properties":{"nombre":"COLEGIO GENERAL JOSE MARIA CORDOBA SEDE No. 2","localizaci":"KR 72 NO 3C_35","servicio":"EDUCACION","tipo":"INSTEDUCI","nivel":"EDUCACION PREESCOLAR_EDUCACION BASICA_EDUCACION MEDIA VOCACIONAL","propiedad":"PRIV","escala":"LOCAL","permanenci":"NO","estruc_eco":"NO","url1":null}},{"type":"Feature","id":"eqp_uco_educacion.3941","geometry":{"type":"MultiPolygon","coordinates":[[[[-76.54640163,3.39247822],[-76.54639989,3.39256139],[-76.54639034,3.39301634],[-76.54639003,3.39303121],[-76.54620962,3.39305934],[-76.54620912,3.39305942],[-76.5461689,3.39306615],[-76.5460299,3.3930894],[-76.54601692,3.39309157],[-76.54601534,3.39307699],[-76.54597893,3.39282452],[-76.54601045,3.39279485],[-76.54600116,3.39272219],[-76.54600484,3.39271545],[-76.54596173,3.39245298],[-76.54595397,3.39240576],[-76.54594828,3.39237115],[-76.54596399,3.39237098],[-76.54596939,3.39237093],[-76.54598794,3.39237274],[-76.54611421,3.39238508],[-76.54612741,3.39238637],[-76.54618138,3.39239165],[-76.5462506,3.39239842],[-76.54635815,3.39240892],[-76.546403,3.3924133],[-76.54640297,3.39241476],[-76.54640163,3.39247822]]]]},"geometry_name":"the_geom","properties":{"nombre":"COLEGIO GENERAL SANTANDER","localizaci":"CALLE 5 # 70 150","servicio":"EDUCACION","tipo":"COLEGIO","nivel":"EDUCACION PREESCOLAR_EDUCACION  BASICA 1ø Y 2ø","propiedad":"PUB","escala":"LOCAL","permanenci":"NO","estruc_eco":"NO","url1":null}},{"type":"Feature","id":"eqp_uco_educacion.3942","geometry":{"type":"MultiPolygon","coordinates":[[[[-76.5464947,3.38892975],[-76.54650078,3.38884974],[-76.54653787,3.38885269],[-76.54657063,3.38885573],[-76.54656885,3.38888471],[-76.54656062,3.38898768],[-76.54655776,3.38902468],[-76.54655669,3.38903971],[-76.54652392,3.38903675],[-76.54648684,3.3890347],[-76.54648683,3.38902678],[-76.5464947,3.38892975]]]]},"geometry_name":"the_geom","properties":{"nombre":"COLEGIO INTERNADO SAN ANTONIO","localizaci":"KR 76 NO 3B_82","servicio":"EDUCACION","tipo":"COLEGIO","nivel":"EDUCACION PREESCOLAR_EDUCACION BASICA_EDUCACION MEDIA VOCACIONAL","propiedad":"PRIV","escala":"LOCAL","permanenci":"NO","estruc_eco":"NO","url1":null}},{"type":"Feature","id":"eqp_uco_educacion.3943","geometry":{"type":"MultiPolygon","coordinates":[[[[-76.55369079,3.39076327],[-76.55363895,3.39075925],[-76.55364073,3.39072928],[-76.55364682,3.39066231],[-76.55364789,3.3906453],[-76.55369686,3.39065022],[-76.55370694,3.39065526],[-76.5537127,3.39066425],[-76.55371271,3.39067424],[-76.55371276,3.39076524],[-76.55369079,3.39076327]]]]},"geometry_name":"the_geom","properties":{"nombre":"LICEO LOS FARALLONES","localizaci":"KRA 73 C # 1C 04","servicio":"EDUCACION","tipo":"LICEO","nivel":"EDUCACION PREESCOLAR_EDUCACION BASICA","propiedad":"PRIV","escala":"ZONAL","permanenci":"NO","estruc_eco":"NO","url1":null}},{"type":"Feature","id":"eqp_uco_educacion.3944","geometry":{"type":"MultiPolygon","coordinates":[[[[-76.54513166,3.38018226],[-76.54515801,3.38003114],[-76.54515733,3.38003104],[-76.54517075,3.3799401],[-76.54513887,3.37993215],[-76.54513887,3.37993017],[-76.54515287,3.37985114],[-76.54540995,3.37987998],[-76.54575488,3.37991976],[-76.54577612,3.37992182],[-76.54576393,3.38001282],[-76.54575318,3.38010382],[-76.54571393,3.3800988],[-76.54548097,3.38006994],[-76.54547202,3.38016598],[-76.54546593,3.38022395],[-76.54513166,3.38018226]]]]},"geometry_name":"the_geom","properties":{"nombre":"COLEGIO TECNICO JUVENIL DEL SUR","localizaci":"CL 4 C # 85 80","servicio":"EDUCACION","tipo":"COLEGIO","nivel":"EDUCACION PREESCOLAR_EDUCACION BASICA_EDUCACION MEDIA VOCACIONAL","propiedad":"PRIV","escala":"LOCAL","permanenci":"NO","estruc_eco":"NO","url1":null}},{"type":"Feature","id":"eqp_uco_educacion.3945","geometry":{"type":"MultiPolygon","coordinates":[[[[-76.54570061,3.37982059],[-76.54575516,3.37949448],[-76.54580017,3.37950048],[-76.54574633,3.37982552],[-76.54572257,3.37982355],[-76.54570061,3.37982059]]]]},"geometry_name":"the_geom","properties":{"nombre":"LICEO MI REFUGIO","localizaci":"KR 87 NO 4-47","servicio":"EDUCACION","tipo":"LICEO","nivel":"EDUCACION PREESCOLAR_EDUCACION BASICA","propiedad":"PRIV","escala":"LOCAL","permanenci":"NO","estruc_eco":"NO","url1":null}},{"type":"Feature","id":"eqp_uco_educacion.3946","geometry":{"type":"MultiPolygon","coordinates":[[[[-76.55255534,3.39126812],[-76.55252509,3.39126517],[-76.55248621,3.39126213],[-76.55247109,3.39126016],[-76.55244516,3.39125819],[-76.55244731,3.39123317],[-76.55245304,3.3911662],[-76.55245519,3.39114613],[-76.552565,3.3911521],[-76.55255534,3.39126614],[-76.55255534,3.39126812]]]]},"geometry_name":"the_geom","properties":{"nombre":"LICEO SANTA ISABEL DEL SUR","localizaci":"KRA 73 # 2 01","servicio":"EDUCACION","tipo":"LICEO","nivel":"EDUCACION PREESCOLAR_EDUCACION BASICA_EDUCACION MEDIA VOCACIONAL","propiedad":"PRIV","escala":"LOCAL","permanenci":"NO","estruc_eco":"NO","url1":null}},{"type":"Feature","id":"eqp_uco_educacion.3947","geometry":{"type":"MultiPolygon","coordinates":[[[[-76.54583257,3.37876224],[-76.54574544,3.37874231],[-76.54575154,3.37871926],[-76.54583453,3.37838323],[-76.54587126,3.37839221],[-76.54591231,3.37840119],[-76.54592131,3.37840316],[-76.5458994,3.37849219],[-76.54583257,3.37876224]]]]},"geometry_name":"the_geom","properties":{"nombre":"LICEO LA DIVINA PROVIDENCIA","localizaci":"KR 88 NO 4-100","servicio":"EDUCACION","tipo":"LICEO","nivel":"EDUCACION PREESCOLAR_EDUCACION BASICA","propiedad":"PRIV","escala":"LOCAL","permanenci":"NO","estruc_eco":"NO","url1":null}},{"type":"Feature","id":"eqp_uco_educacion.3948","geometry":{"type":"MultiPolygon","coordinates":[[[[-76.54554629,3.37739731],[-76.54559726,3.37709334],[-76.54559042,3.37709235],[-76.54559616,3.37706534],[-76.54563323,3.37703931],[-76.54589933,3.37710515],[-76.54585733,3.3773372],[-76.54582969,3.37749221],[-76.54557043,3.37743438],[-76.54554629,3.37739731]]]]},"geometry_name":"the_geom","properties":{"nombre":"ESCUELA LUIS EDUARDO NIETO CABALLERO","localizaci":"KR 92 NO 4-119","servicio":"EDUCACION","tipo":"ESCUELA","nivel":"EDUCACION BASICA","propiedad":"PUB","escala":"LOCAL","permanenci":"NO","estruc_eco":"NO","url1":null}},{"type":"Feature","id":"eqp_uco_educacion.3949","geometry":{"type":"MultiPolygon","coordinates":[[[[-76.55440493,3.39359258],[-76.55439697,3.39353057],[-76.55439589,3.39352859],[-76.5543948,3.39351563],[-76.55438071,3.39341664],[-76.55437963,3.39340665],[-76.55437457,3.39337263],[-76.55443289,3.39335955],[-76.55443758,3.3933896],[-76.55444192,3.39341561],[-76.55446395,3.39355556],[-76.55446901,3.39358256],[-76.55440493,3.39359258]]]]},"geometry_name":"the_geom","properties":{"nombre":"JARDIN INFANTIL CARRUSEL DE PEQUEÑOS","localizaci":"KR 70 NO 1B _37","servicio":"EDUCACION","tipo":"JARDININF","nivel":"EDUCACION PREESCOLAR","propiedad":"PRIV","escala":"LOCAL","permanenci":"NO","estruc_eco":"NO","url1":null}},{"type":"Feature","id":"eqp_uco_educacion.3950","geometry":{"type":"MultiPolygon","coordinates":[[[[-76.54892524,3.3951049],[-76.5489111,3.3947664],[-76.54913672,3.39473129],[-76.54943929,3.39469176],[-76.54947478,3.39495179],[-76.54949973,3.39513462],[-76.54917563,3.39517808],[-76.54916235,3.39507832],[-76.54892524,3.3951049]]]]},"geometry_name":"the_geom","properties":{"nombre":"JOHN F. KENNEDY","localizaci":"KR 68C NO 3 _ 83","servicio":"EDUCACION","tipo":"CENTDOC","nivel":"EDUCACION PREESCOLAR_EDUCACION BASICA","propiedad":"PUB","escala":"LOCAL","permanenci":"NO","estruc_eco":"NO","url1":null}},{"type":"Feature","id":"eqp_uco_educacion.3951","geometry":{"type":"MultiPolygon","coordinates":[[[[-76.54695294,3.37740897],[-76.54711725,3.37704905],[-76.54716298,3.37706298],[-76.54759644,3.37719569],[-76.547447,3.37776673],[-76.54689585,3.37760039],[-76.54695294,3.37740897]]]]},"geometry_name":"the_geom","properties":{"nombre":"ALVARO ECHEVERRI PEREA","localizaci":"CL 4 NO 92-04","servicio":"EDUCACION","tipo":"COLEGIO","nivel":"EDUCACION BASICA-EDUCACION MEDIA VOCACIONAL","propiedad":"PUB","escala":"REGIONAL","permanenci":"SI","estruc_eco":"NO","url1":null}},{"type":"Feature","id":"eqp_uco_educacion.3952","geometry":{"type":"MultiPolygon","coordinates":[[[[-76.5434808,3.37623268],[-76.54342565,3.37625519],[-76.5432892,3.37588703],[-76.54297371,3.3749244],[-76.54301689,3.37490448],[-76.54307898,3.37489269],[-76.54316718,3.3749053],[-76.54335709,3.37496851],[-76.54346554,3.37502486],[-76.54349185,3.37503868],[-76.54351274,3.37504866],[-76.54352282,3.3750527],[-76.54353075,3.37505567],[-76.54355379,3.37505962],[-76.54361572,3.37506858],[-76.54365568,3.37507063],[-76.54369385,3.37506953],[-76.54373381,3.37506051],[-76.5437806,3.37504555],[-76.54387384,3.37502443],[-76.54395663,3.37499541],[-76.54407073,3.3749364],[-76.54411067,3.37490235],[-76.54411571,3.37489731],[-76.54420279,3.37480528],[-76.54426756,3.37473225],[-76.54433556,3.37464617],[-76.54438448,3.37456622],[-76.54441864,3.37449014],[-76.54442044,3.37448717],[-76.54447763,3.37437914],[-76.54471744,3.37444102],[-76.54483664,3.37448794],[-76.54489461,3.37450987],[-76.54491441,3.3744879],[-76.54504358,3.37434284],[-76.54510655,3.3742798],[-76.54516054,3.37424179],[-76.54550932,3.37408256],[-76.54567634,3.37400444],[-76.54575948,3.37396542],[-76.54586819,3.37391751],[-76.5460588,3.37434536],[-76.54588164,3.37441417],[-76.54613352,3.37505476],[-76.54560106,3.37531054],[-76.54518821,3.37551183],[-76.54479623,3.37569304],[-76.54450323,3.37581318],[-76.54409036,3.37598242],[-76.54388838,3.37606459],[-76.5434808,3.37623268]]]]},"geometry_name":"the_geom","properties":{"nombre":"CENTRO EDUCATIVO LUIS MADINA","localizaci":"KR 94 NO 4C-04","servicio":"EDUCACION","tipo":"CENTEDUC","nivel":"EDUCACION PREESCOLAR_EDUCACION BASICA_EDUCACION MEDIA VOCACIONAL","propiedad":"PRIV","escala":"URBANA","permanenci":"SI","estruc_eco":"NO","url1":null}},{"type":"Feature","id":"eqp_uco_educacion.3953","geometry":{"type":"MultiPolygon","coordinates":[[[[-76.55790353,3.39083164],[-76.55781766,3.39086573],[-76.55776081,3.39095059],[-76.5577753,3.39104415],[-76.55774374,3.39109762],[-76.55761022,3.39114363],[-76.55760806,3.39114436],[-76.55752438,3.39116276],[-76.55750179,3.39116648],[-76.55747587,3.39117002],[-76.55746822,3.39117111],[-76.5574056,3.39118037],[-76.55735295,3.39118854],[-76.557207,3.39120978],[-76.55721063,3.39076718],[-76.55725301,3.39059198],[-76.55726188,3.39035502],[-76.55730869,3.39020614],[-76.55744593,3.39021483],[-76.55748609,3.39025804],[-76.5579009,3.39077563],[-76.55794702,3.39082872],[-76.55790353,3.39083164]]]]},"geometry_name":"the_geom","properties":{"nombre":"ESCUELA PORTETE DE TARQUI","localizaci":"CL  1A NO 8_23","servicio":"EDUCACION","tipo":"INSTEDUCI","nivel":"EDUCACION BASICA-EDUCACION MEDIA VOCACIONAL","propiedad":"PUB","escala":"ZONAL","permanenci":"NO","estruc_eco":"NO","url1":null}},{"type":"Feature","id":"eqp_uco_educacion.3954","geometry":{"type":"MultiPolygon","coordinates":[[[[-76.55172653,3.37575165],[-76.55174535,3.37560332],[-76.55175342,3.37554182],[-76.55175248,3.3754767],[-76.55184698,3.37548027],[-76.55182097,3.37565211],[-76.55180303,3.37576788],[-76.55172653,3.37575165]]]]},"geometry_name":"the_geom","properties":{"nombre":"LICEO ANITA","localizaci":"KR 94 NO 2-84","servicio":"EDUCACION","tipo":"LICEO","nivel":"EDUCACION PREESCOLAR","propiedad":"PRIV","escala":"LOCAL","permanenci":"NO","estruc_eco":"NO","url1":null}},{"type":"Feature","id":"eqp_uco_educacion.3955","geometry":{"type":"MultiPolygon","coordinates":[[[[-76.55210521,3.38992386],[-76.55214878,3.38992888],[-76.55213164,3.39008032],[-76.55209291,3.39007726],[-76.55210521,3.38992386]]]]},"geometry_name":"the_geom","properties":{"nombre":"LICEO INFANTIL MIS PEQUEÑOS ANGELITOS","localizaci":"KR 74 NO 2_30","servicio":"EDUCACION","tipo":"LICEO","nivel":"EDUCACION PREESCOLAR","propiedad":"PRIV","escala":"LOCAL","permanenci":"NO","estruc_eco":"NO","url1":null}},{"type":"Feature","id":"eqp_uco_educacion.3956","geometry":{"type":"MultiPolygon","coordinates":[[[[-76.54711891,3.390535],[-76.54704542,3.39054464],[-76.54696215,3.39055555],[-76.54690171,3.39056348],[-76.54689184,3.39056477],[-76.54685061,3.39029447],[-76.54684913,3.39028322],[-76.54684767,3.39027217],[-76.54697352,3.39025806],[-76.54701632,3.39025326],[-76.54709742,3.39024416],[-76.54709928,3.39025785],[-76.54713675,3.39053266],[-76.54713649,3.3905327],[-76.54711891,3.390535]]]]},"geometry_name":"the_geom","properties":{"nombre":"INSTITUTO COMERCIAL INDUSTRIAL Y TECNOLOGICO","localizaci":"KR 75 NO 3D_41","servicio":"EDUCACION","tipo":"INSTEDUCI","nivel":"EDUCACION PREESCOLAR_EDUCACION BASICA_EDUCACION MEDIA VOCACIONAL","propiedad":"PRIV","escala":"LOCAL","permanenci":"NO","estruc_eco":"NO","url1":null}},{"type":"Feature","id":"eqp_uco_educacion.3957","geometry":{"type":"MultiPolygon","coordinates":[[[[-76.54613886,3.38317896],[-76.54448494,3.38307126],[-76.54433134,3.38239772],[-76.54426372,3.38210125],[-76.5442516,3.38204807],[-76.54566694,3.38202959],[-76.54614268,3.38202338],[-76.54621593,3.38202242],[-76.54613886,3.38317896]]]]},"geometry_name":"the_geom","properties":{"nombre":"LICEO DEL EJERICTO PICHINCHA","localizaci":"KRA 83 C 5","servicio":"EDUCACION","tipo":"COLEGIO","nivel":"EDUCACION BASICA","propiedad":"PRIV","escala":"REGIONAL","permanenci":"SI","estruc_eco":"NO","url1":null}},{"type":"Feature","id":"eqp_uco_educacion.3958","geometry":{"type":"MultiPolygon","coordinates":[[[[-76.55967537,3.38230768],[-76.55962046,3.38244969],[-76.55964028,3.38246686],[-76.55961146,3.38251751],[-76.55959887,3.38250663],[-76.55948455,3.3828033],[-76.55898245,3.38262778],[-76.55893115,3.38201106],[-76.5589249,3.38194048],[-76.55890058,3.3818564],[-76.55888258,3.38179402],[-76.55886458,3.38174068],[-76.5588565,3.38169906],[-76.55885376,3.38167285],[-76.55886009,3.38163752],[-76.55887717,3.38160135],[-76.5589105,3.38157062],[-76.55895008,3.38154349],[-76.55902657,3.38149919],[-76.55905357,3.38148203],[-76.55906889,3.38150011],[-76.55915632,3.38145571],[-76.55915506,3.38145286],[-76.55915137,3.38144445],[-76.55908239,3.38144421],[-76.55910481,3.38139912],[-76.55910036,3.38137576],[-76.5590958,3.381346],[-76.5590943,3.38134385],[-76.55909371,3.38134071],[-76.55909284,3.38133614],[-76.55948949,3.38123165],[-76.55956594,3.38124232],[-76.55963788,3.38123079],[-76.5597688,3.38120748],[-76.55993991,3.38117702],[-76.55993997,3.38117701],[-76.56002642,3.38116161],[-76.56009413,3.38114956],[-76.56027302,3.3812968],[-76.56027235,3.38129767],[-76.56023058,3.38135185],[-76.56023421,3.3813543],[-76.560177,3.38143903],[-76.56027026,3.38169622],[-76.56026562,3.3816956],[-76.56026337,3.38169529],[-76.56017882,3.38168396],[-76.56009348,3.38170234],[-76.56000204,3.3817881],[-76.55970113,3.38226066],[-76.55967529,3.38230423],[-76.55967424,3.38230445],[-76.55967537,3.38230768]]]]},"geometry_name":"the_geom","properties":{"nombre":"ACADEMIA MILITAR GENERAL JOSE MARIA CABAL","localizaci":"KR 83 CL 2C O","servicio":"EDUCACION","tipo":"COLEGIO","nivel":"EDUCACION BASICA","propiedad":"PRIV","escala":"ZONAL","permanenci":"SI","estruc_eco":"NO","url1":null}},{"type":"Feature","id":"eqp_uco_educacion.3959","geometry":{"type":"MultiPolygon","coordinates":[[[[-76.54345097,3.44156945],[-76.54343545,3.44151097],[-76.54342411,3.44146825],[-76.54342209,3.44146064],[-76.54341792,3.44144493],[-76.54343288,3.44144799],[-76.54347553,3.44145672],[-76.54443193,3.44165233],[-76.5444339,3.44165329],[-76.54477912,3.44182256],[-76.54485433,3.44185944],[-76.5448799,3.44187197],[-76.54488656,3.44187524],[-76.54488012,3.44189874],[-76.54487981,3.4418999],[-76.54486945,3.44193724],[-76.544863,3.4419605],[-76.54486269,3.44196166],[-76.54485531,3.44198825],[-76.54484597,3.44202195],[-76.54483993,3.44204369],[-76.54483598,3.44205794],[-76.54483567,3.44205909],[-76.54481634,3.44212878],[-76.54481602,3.44212993],[-76.54481939,3.44213077],[-76.54480007,3.44220047],[-76.54478939,3.44223899],[-76.54478074,3.44227016],[-76.54478043,3.44227131],[-76.54477706,3.44227047],[-76.54477573,3.44227539],[-76.54477442,3.44228023],[-76.54477256,3.44228824],[-76.54476645,3.4423103],[-76.54476278,3.44232338],[-76.54475791,3.44234145],[-76.54475168,3.44236317],[-76.54473886,3.44241242],[-76.54473447,3.4424293],[-76.54472034,3.44248229],[-76.54471579,3.44249934],[-76.54470362,3.44253892],[-76.54469987,3.44255419],[-76.54469743,3.44256413],[-76.54468236,3.4426256],[-76.54466494,3.44268479],[-76.5446616,3.44269612],[-76.54465718,3.44270071],[-76.54459856,3.44276163],[-76.54456019,3.44279911],[-76.54455078,3.4428083],[-76.5445393,3.44281951],[-76.54453763,3.44282115],[-76.54453295,3.44282572],[-76.54452423,3.4428349],[-76.54451107,3.44284875],[-76.54449662,3.44286396],[-76.54448963,3.44287132],[-76.54450213,3.44288156],[-76.54450601,3.44288445],[-76.54451341,3.44288996],[-76.54452572,3.44289913],[-76.54453408,3.44290535],[-76.54453618,3.44290691],[-76.54453752,3.44290791],[-76.54453879,3.44290886],[-76.54456412,3.44292772],[-76.54457302,3.44293435],[-76.54457353,3.44293472],[-76.54458688,3.44294467],[-76.54459739,3.44295249],[-76.54460751,3.44296002],[-76.54461056,3.44296229],[-76.54461287,3.44296402],[-76.54461692,3.44296703],[-76.54462225,3.442971],[-76.54462762,3.442975],[-76.54463355,3.44297941],[-76.54463385,3.44297969],[-76.54463786,3.44298337],[-76.54463478,3.44298438],[-76.54460164,3.44299439],[-76.5443011,3.44308513],[-76.54426432,3.44308915],[-76.54423149,3.44308667],[-76.54414918,3.44308043],[-76.54409472,3.44307631],[-76.54390647,3.44306205],[-76.54371491,3.44304754],[-76.54370723,3.44304696],[-76.54370249,3.4430466],[-76.5436446,3.44304221],[-76.54347888,3.44302966],[-76.54341367,3.44301857],[-76.54333553,3.44301858],[-76.54330021,3.4429833],[-76.54330024,3.44297509],[-76.54330042,3.44292242],[-76.54330135,3.44265273],[-76.54330225,3.44239057],[-76.54330238,3.44235465],[-76.5433024,3.44234839],[-76.54330245,3.44233357],[-76.54325908,3.4423281],[-76.54321679,3.44232276],[-76.54320413,3.44232116],[-76.54321148,3.44230808],[-76.54328151,3.44218384],[-76.54330104,3.44214932],[-76.54331681,3.44212144],[-76.54335514,3.44205647],[-76.54338445,3.4420068],[-76.54342066,3.44194064],[-76.54346886,3.44184743],[-76.54348643,3.44178893],[-76.5434879,3.4417205],[-76.54348821,3.44170604],[-76.54347181,3.44164591],[-76.54346961,3.44163784],[-76.54345097,3.44156945]]]]},"geometry_name":"the_geom","properties":{"nombre":"IINSTITUCION EDUCATIVA ESCUELA NORMAL SUPERIOR FARALLONES DE CALI NORMAL DE SEÑORITAS","localizaci":"KR 22 O NO 2 65","servicio":"EDUCACION","tipo":"CENTEDUC","nivel":"EDUCACION PREESCOLAR-EDUCACION BASICA-EDUCACION MEDIA VOCACIONAL","propiedad":"PUB","escala":"URBANA","permanenci":"SI","estruc_eco":"SI","url1":"http://idesc.cali.gov.co/download/pot_2014/resolucion_23_2022.pdf"}},{"type":"Feature","id":"eqp_uco_educacion.3960","geometry":{"type":"MultiPolygon","coordinates":[[[[-76.46743418,3.43154909],[-76.46738306,3.43155911],[-76.46736788,3.43145615],[-76.46741684,3.43144712],[-76.46743418,3.43154909]]]]},"geometry_name":"the_geom","properties":{"nombre":"INSTITUTO TECNICO SANTO TOMAS","localizaci":"CL 101E NO 24B 10","servicio":"EDUCACION","tipo":"INSTPEDAG","nivel":"EDUCACION PREESCOLAR_EDUCACION BASICA","propiedad":"PRIV","escala":"LOCAL","permanenci":"NO","estruc_eco":"NO","url1":null}},{"type":"Feature","id":"eqp_uco_educacion.3961","geometry":{"type":"MultiPolygon","coordinates":[[[[-76.46703133,3.43112555],[-76.4672161,3.43112269],[-76.46721419,3.43126625],[-76.46724276,3.43140025],[-76.46706084,3.43142991],[-76.46703418,3.43129783],[-76.46703133,3.43112555]]]]},"geometry_name":"the_geom","properties":{"nombre":"INSTITUTO DE EDUCACION SUPERIOR ESTUDIOS TECNICOS Y PROFESIONALES","localizaci":"CL 102 NO 24A 15","servicio":"EDUCACION","tipo":"CENTTECNO","nivel":"EDUCACION SUPERIOR","propiedad":"PRIV","escala":"LOCAL","permanenci":"NO","estruc_eco":"NO","url1":null}},{"type":"Feature","id":"eqp_uco_educacion.3962","geometry":{"type":"MultiPolygon","coordinates":[[[[-76.55696664,3.38246171],[-76.55783501,3.38214933],[-76.55880981,3.38161664],[-76.55880505,3.38170517],[-76.55885505,3.38183677],[-76.55887887,3.3819588],[-76.55888601,3.38206169],[-76.55890881,3.38248704],[-76.55890899,3.38253428],[-76.55890834,3.38256396],[-76.5589044,3.38257831],[-76.55889817,3.38259182],[-76.55887957,3.38261488],[-76.55885454,3.38263064],[-76.55882579,3.38263741],[-76.55869935,3.38264882],[-76.55857363,3.38266641],[-76.55848744,3.38268063],[-76.55842261,3.38269471],[-76.5583595,3.38271524],[-76.55829875,3.38274201],[-76.55824097,3.38277475],[-76.55818674,3.38281313],[-76.55800415,3.38295663],[-76.55783932,3.38308932],[-76.55767761,3.38322586],[-76.55751913,3.38336616],[-76.55736395,3.38351014],[-76.55727411,3.38359548],[-76.55723414,3.38362897],[-76.55719033,3.3836572],[-76.55714337,3.38367973],[-76.55709398,3.38369622],[-76.55704293,3.3837064],[-76.55699103,3.38371013],[-76.55693906,3.38370733],[-76.55678486,3.3836902],[-76.55661972,3.38364659],[-76.55651222,3.38363903],[-76.55656446,3.38336938],[-76.5567194,3.38256961],[-76.55694888,3.38254347],[-76.55696664,3.38246171]]]]},"geometry_name":"the_geom","properties":{"nombre":"ACADEMIA MILITAR GENERAL JOSE MARIA CABAL","localizaci":"KR 83 1 25","servicio":"EDUCACION","tipo":"COLEGIO","nivel":"EDUCACION BASICA","propiedad":"PRIV","escala":"ZONAL","permanenci":"SI","estruc_eco":"NO","url1":null}},{"type":"Feature","id":"eqp_uco_educacion.3963","geometry":{"type":"MultiPolygon","coordinates":[[[[-76.54347293,3.39889152],[-76.54345647,3.39874008],[-76.54345521,3.39874008],[-76.54345429,3.39873588],[-76.54344668,3.39873334],[-76.54343884,3.39865303],[-76.54343884,3.39864674],[-76.54343257,3.39860265],[-76.54354192,3.39859691],[-76.54357846,3.39889716],[-76.5434751,3.39891144],[-76.54347293,3.39889152]]]]},"geometry_name":"the_geom","properties":{"nombre":"ESCUELA MATERNAL Y JARDIN INFANTIL EL CLUB DE LOS CHICOS","localizaci":"KR 65 NO 9-92","servicio":"EDUCACION","tipo":"JARDININF","nivel":"EDUCACION PREESCOLAR","propiedad":"PRIV","escala":"LOCAL","permanenci":"NO","estruc_eco":"NO","url1":null}},{"type":"Feature","id":"eqp_uco_educacion.3964","geometry":{"type":"MultiPolygon","coordinates":[[[[-76.52324229,3.40387642],[-76.5232531,3.40361612],[-76.5243234,3.40373963],[-76.52434854,3.403884],[-76.52402414,3.40413523],[-76.5239408,3.40416215],[-76.52341397,3.40448511],[-76.52328543,3.40424517],[-76.52324229,3.40387642]]]]},"geometry_name":"the_geom","properties":{"nombre":"INSTITUTO TECNICO INDUSTRIAL COMUNA 17","localizaci":"KR 53 NO 18A-25","servicio":"EDUCACION","tipo":"INSTTINDU","nivel":"EDUCACION BASICA-EDUCACION MEDIA VOCACIONAL","propiedad":"PUB","escala":"ZONAL","permanenci":"SI","estruc_eco":"NO","url1":null}},{"type":"Feature","id":"eqp_uco_educacion.3965","geometry":{"type":"MultiPolygon","coordinates":[[[[-76.54376128,3.37827822],[-76.54397901,3.37827102],[-76.54419322,3.37827555],[-76.54434795,3.378281],[-76.54451176,3.37829005],[-76.54466924,3.37830271],[-76.54499319,3.37833981],[-76.54499501,3.37836419],[-76.54506159,3.37836779],[-76.54506785,3.37833706],[-76.54527306,3.3783678],[-76.54528297,3.37838321],[-76.54523881,3.37866447],[-76.54518396,3.3790072],[-76.54517496,3.37906414],[-76.54513895,3.37930294],[-76.54508044,3.37966468],[-76.54479248,3.37966735],[-76.54436863,3.37968089],[-76.54381338,3.37970347],[-76.54365773,3.37970707],[-76.5434832,3.37900712],[-76.54345797,3.37890764],[-76.54344726,3.37886643],[-76.54344734,3.37886641],[-76.54330052,3.37830172],[-76.54371739,3.37827927],[-76.54376128,3.37827822]]]]},"geometry_name":"the_geom","properties":{"nombre":"COLEGIO AMERICANO","localizaci":"KR 89 NO 4C-35","servicio":"EDUCACION","tipo":"COLEGIO","nivel":"EDUCACION PREESCOLAR_EDUCACION BASICA_EDUCACION MEDIA VOCACIONAL","propiedad":"PRIV","escala":"ZONAL","permanenci":"SI","estruc_eco":"NO","url1":null}},{"type":"Feature","id":"eqp_uco_educacion.3966","geometry":{"type":"MultiPolygon","coordinates":[[[[-76.54327803,3.37818508],[-76.5430486,3.37728249],[-76.54296588,3.3769235],[-76.54296138,3.37686833],[-76.54296497,3.3768005],[-76.54297847,3.37674356],[-76.54300722,3.37669106],[-76.54306038,3.37662232],[-76.54311796,3.37657442],[-76.54319712,3.37653917],[-76.5434005,3.37646591],[-76.54369747,3.3763502],[-76.54379104,3.37631128],[-76.54404931,3.37688463],[-76.54403489,3.37690271],[-76.54405647,3.37695698],[-76.54407988,3.37695613],[-76.54418427,3.37720207],[-76.54436875,3.37710988],[-76.54469447,3.37695884],[-76.54470979,3.37697693],[-76.54469179,3.37707641],[-76.54461711,3.37743814],[-76.54451719,3.37790295],[-76.54445869,3.37816796],[-76.54409065,3.37815615],[-76.54360381,3.37815888],[-76.54327803,3.37818508]]]]},"geometry_name":"the_geom","properties":{"nombre":"COLEGIO LACORDAIRE","localizaci":"CL 5 NO89-70","servicio":"EDUCACION","tipo":"COLEGIO","nivel":"EDUCACION PREESCOLAR_EDUCACION BASICA_EDUCACION MEDIA VOCACIONAL","propiedad":"PRIV","escala":"URBANA","permanenci":"SI","estruc_eco":"SI","url1":null}},{"type":"Feature","id":"eqp_uco_educacion.3967","geometry":{"type":"MultiPolygon","coordinates":[[[[-76.54874907,3.39586686],[-76.54869033,3.39543116],[-76.54952488,3.39532297],[-76.54958457,3.39575775],[-76.5492603,3.39580257],[-76.54924125,3.39569011],[-76.54910315,3.39570926],[-76.54911506,3.39582411],[-76.54903649,3.39583129],[-76.54874907,3.39586686]]]]},"geometry_name":"the_geom","properties":{"nombre":"COLEGIO PARROQUIAL DIVINO SALVADOR","localizaci":"CALLE  67 # 3 12","servicio":"EDUCACION","tipo":"COLEGIO","nivel":"EDUCACION PREESCOLAR_EDUCACION BASICA_EDUCACION MEDIA VOCACIONAL","propiedad":"PRIV","escala":"ZONAL","permanenci":"SI","estruc_eco":"NO","url1":null}},{"type":"Feature","id":"eqp_uco_educacion.3968","geometry":{"type":"MultiPolygon","coordinates":[[[[-76.54719269,3.3919167],[-76.54719022,3.39199246],[-76.54718061,3.39228663],[-76.54717619,3.39242188],[-76.54724555,3.39242411],[-76.54725495,3.39242441],[-76.54765806,3.39243736],[-76.54766716,3.39250253],[-76.54767578,3.39256436],[-76.54763295,3.39256859],[-76.54763244,3.39256864],[-76.54755605,3.39257619],[-76.54678589,3.39265225],[-76.54661147,3.39266948],[-76.54660311,3.3926703],[-76.54659193,3.39212379],[-76.54659003,3.39203071],[-76.54658897,3.39197887],[-76.54719269,3.3919167]]]]},"geometry_name":"the_geom","properties":{"nombre":"INSTITUTO CENTRAL DE COMERCIO Y BACHILLERATO","localizaci":"KR 73 NO 3C_65","servicio":"EDUCACION","tipo":"INSTEDUCI","nivel":"EDUCACION PREESCOLAR_EDUCACION BASICA_EDUCACION MEDIA VOCACIONAL","propiedad":"PRIV","escala":"ZONAL","permanenci":"SI","estruc_eco":"NO","url1":"http://idesc.cali.gov.co/download/pot_2014/resolucion_091_2024.pdf"}},{"type":"Feature","id":"eqp_uco_educacion.3969","geometry":{"type":"MultiPolygon","coordinates":[[[[-76.55048203,3.39131955],[-76.55045784,3.39098675],[-76.55036525,3.39099961],[-76.55033805,3.39071064],[-76.54994913,3.39077256],[-76.54992002,3.39057346],[-76.54993574,3.39057105],[-76.55018144,3.3905334],[-76.55014098,3.39024103],[-76.55086807,3.3901379],[-76.55091794,3.39047336],[-76.55134427,3.39040307],[-76.55138017,3.39039715],[-76.5514246,3.39091578],[-76.55143325,3.39101677],[-76.55157263,3.3911718],[-76.55071862,3.39128494],[-76.55048203,3.39131955]]]]},"geometry_name":"the_geom","properties":{"nombre":"UNIVERSIDAD COOPERATIVA DE COLOMBIA","localizaci":"KR 76 NO 2A_80","servicio":"EDUCACION","tipo":"CORPUNI","nivel":"EDUCACION SUPERIOR","propiedad":"PRIV","escala":"URBANA","permanenci":"SI","estruc_eco":"NO","url1":null}},{"type":"Feature","id":"eqp_uco_educacion.3970","geometry":{"type":"MultiPolygon","coordinates":[[[[-76.5542796,3.39079738],[-76.55429818,3.3904959],[-76.55451376,3.39049759],[-76.55451289,3.39079823],[-76.5542796,3.39079738]]]]},"geometry_name":"the_geom","properties":{"nombre":"ESCUELA ALVARO ESCOBAR NAVIA","localizaci":"KR 73D NO 1B_65","servicio":"EDUCACION","tipo":"CENTDOC","nivel":"EDUCACION BASICA","propiedad":"PUB","escala":"LOCAL","permanenci":"NO","estruc_eco":"NO","url1":null}},{"type":"Feature","id":"eqp_uco_educacion.3971","geometry":{"type":"MultiPolygon","coordinates":[[[[-76.5556599,3.38654831],[-76.5556299,3.38634589],[-76.55570704,3.38632722],[-76.5556213,3.38611842],[-76.55564106,3.38611305],[-76.5557617,3.38606417],[-76.55579403,3.38615284],[-76.55582194,3.38623967],[-76.55582468,3.38623875],[-76.55583277,3.3862586],[-76.55584085,3.38625775],[-76.55592275,3.38648921],[-76.55592725,3.38648653],[-76.55591192,3.38661045],[-76.55589391,3.3867343],[-76.55586425,3.3867497],[-76.55564103,3.38673161],[-76.5556599,3.38654831]]]]},"geometry_name":"the_geom","properties":{"nombre":"ESCUELA JUAN PABLO II","localizaci":"KR 1A NO 78 - 23","servicio":"EDUCACION","tipo":"ESCUELA","nivel":"EDUCACION BASICA","propiedad":"PUB","escala":"LOCAL","permanenci":"NO","estruc_eco":"NO","url1":null}},{"type":"Feature","id":"eqp_uco_educacion.3972","geometry":{"type":"MultiPolygon","coordinates":[[[[-76.5220616,3.38429432],[-76.52206618,3.38398827],[-76.52206703,3.38394673],[-76.52206977,3.38393493],[-76.52207694,3.38392681],[-76.52208777,3.38392229],[-76.52209944,3.38392412],[-76.52210127,3.38392497],[-76.52214718,3.38392497],[-76.52249578,3.38393284],[-76.52249457,3.38416456],[-76.52228726,3.38416267],[-76.5222855,3.38429607],[-76.5220616,3.38429432]]]]},"geometry_name":"the_geom","properties":{"nombre":"COLEGIO CIUDADELA COMFANDI","localizaci":"CL 34 NO 83B 50","servicio":"EDUCACION","tipo":"COLEGIO","nivel":"EDUCACION PREESCOLAR_EDUCACION BASICA_EDUCACION MEDIA VOCACIONAL","propiedad":"PRIV","escala":"ZONAL","permanenci":"NO","estruc_eco":"NO","url1":null}},{"type":"Feature","id":"eqp_uco_educacion.3973","geometry":{"type":"MultiPolygon","coordinates":[[[[-76.52046074,3.34222155],[-76.52031475,3.34136506],[-76.5203098,3.34132509],[-76.52031186,3.34128487],[-76.52032087,3.34124562],[-76.52033656,3.34120852],[-76.52035844,3.34117472],[-76.52038586,3.34114522],[-76.52041798,3.34112092],[-76.52045384,3.34110257],[-76.52049233,3.34109072],[-76.52053229,3.34108573],[-76.52057252,3.34108775],[-76.52061178,3.34109672],[-76.52064889,3.34111237],[-76.52068272,3.34113421],[-76.52071225,3.3411616],[-76.52166259,3.34193936],[-76.5216891,3.34196497],[-76.52171111,3.34199453],[-76.52172803,3.34202727],[-76.52173942,3.34206233],[-76.52174497,3.34209876],[-76.52174455,3.34213562],[-76.52173815,3.34217191],[-76.52172596,3.3422067],[-76.52170828,3.34223904],[-76.5216856,3.34226809],[-76.52165851,3.34229307],[-76.52162772,3.34231334],[-76.52159405,3.34232834],[-76.52099215,3.34253745],[-76.52094376,3.34255086],[-76.52089409,3.34255818],[-76.52084388,3.3425593],[-76.52079393,3.34255419],[-76.520745,3.34254293],[-76.52069783,3.34252571],[-76.52065316,3.34250277],[-76.52061167,3.34247449],[-76.52057401,3.34244128],[-76.52054074,3.34240367],[-76.52051239,3.34236223],[-76.52048938,3.3423176],[-76.52047208,3.34227046],[-76.52046074,3.34222155]]]]},"geometry_name":"the_geom","properties":{"nombre":"UNIVERSIDAD SAN MARTIN","localizaci":"K 122  25 - 395","servicio":"EDUCACION","tipo":"UNIVERSIDAD","nivel":"EDUCACION SUPERIOR","propiedad":"PRIV","escala":"URBANA","permanenci":"SI","estruc_eco":"SI","url1":null}},{"type":"Feature","id":"eqp_uco_educacion.3974","geometry":{"type":"MultiPolygon","coordinates":[[[[-76.51662365,3.34946418],[-76.51785769,3.34923766],[-76.51805054,3.34859162],[-76.51873977,3.34859218],[-76.51885648,3.34917295],[-76.51892859,3.34954361],[-76.51928496,3.35108032],[-76.51927927,3.35109685],[-76.51926768,3.35110779],[-76.51925567,3.35111118],[-76.51702357,3.35117179],[-76.51699137,3.35116996],[-76.51695989,3.35116293],[-76.51692996,3.3511509],[-76.51690238,3.35113418],[-76.51687787,3.35111321],[-76.51685708,3.35108855],[-76.51684056,3.35106085],[-76.51682874,3.35103083],[-76.51682194,3.3509993],[-76.51682034,3.35096709],[-76.51682176,3.35082651],[-76.51681782,3.35068599],[-76.51680852,3.35054572],[-76.51679389,3.3504059],[-76.51677394,3.35026674],[-76.5167487,3.35012844],[-76.51665045,3.34959648],[-76.51662365,3.34946418]]]]},"geometry_name":"the_geom","properties":{"nombre":"COLEGIO JUVENILIA","localizaci":"expansion","servicio":"EDUCACION","tipo":"COLEGIO","nivel":"EDUCACION BASICA MEDIA VOCACIONAL","propiedad":"PRIV","escala":"REGIONAL","permanenci":"SI","estruc_eco":"NO","url1":null}},{"type":"Feature","id":"eqp_uco_educacion.3975","geometry":{"type":"MultiPolygon","coordinates":[[[[-76.52041836,3.35234256],[-76.52040751,3.35199635],[-76.52040582,3.35186559],[-76.52040895,3.35173485],[-76.52041688,3.35160432],[-76.52042962,3.35147417],[-76.52045692,3.35123973],[-76.52046495,3.35122557],[-76.52047511,3.35121285],[-76.52048712,3.35120188],[-76.52050072,3.35119293],[-76.52051554,3.35118621],[-76.52053124,3.35118191],[-76.52054741,3.35118011],[-76.52118757,3.35116048],[-76.522829,3.35110503],[-76.52287368,3.35110654],[-76.52291776,3.35111393],[-76.52296048,3.35112706],[-76.52300111,3.3511457],[-76.52303892,3.35116954],[-76.52307326,3.35119815],[-76.52310353,3.35123103],[-76.52312921,3.35126762],[-76.52314984,3.35130727],[-76.52316507,3.35134929],[-76.52311934,3.35186355],[-76.52309547,3.35270154],[-76.52309546,3.35287291],[-76.52309481,3.35288062],[-76.52309286,3.35288812],[-76.52308965,3.35289516],[-76.52308528,3.35290156],[-76.52307988,3.35290711],[-76.52307362,3.35291166],[-76.52306667,3.35291507],[-76.52305924,3.35291724],[-76.52305154,3.35291811],[-76.5210345,3.35296821],[-76.52056986,3.35297886],[-76.520556,3.35297805],[-76.52054245,3.35297504],[-76.52052955,3.3529699],[-76.52051764,3.35296276],[-76.52050703,3.35295381],[-76.52049798,3.35294327],[-76.52049074,3.35293143],[-76.52048549,3.35291858],[-76.52048236,3.35290505],[-76.5204496,3.35268743],[-76.52043466,3.35257292],[-76.52042424,3.3524579],[-76.52041836,3.35234256]]]]},"geometry_name":"the_geom","properties":{"nombre":"GIMNASIO LOS FARALLONES DEL VALLE DEL LILI","localizaci":"expansion","servicio":"EDUCACION","tipo":"COLEGIO","nivel":"EDUCACION BASICA MEDIA VOCACIONAL","propiedad":"PRIV","escala":"REGIONAL","permanenci":"SI","estruc_eco":"SI","url1":null}},{"type":"Feature","id":"eqp_uco_educacion.3976","geometry":{"type":"MultiPolygon","coordinates":[[[[-76.51766555,3.3530009],[-76.51766568,3.35130692],[-76.51766632,3.35129922],[-76.51766827,3.35129175],[-76.51767147,3.35128471],[-76.51767582,3.35127832],[-76.51768119,3.35127277],[-76.51768744,3.35126822],[-76.51769437,3.3512648],[-76.51770178,3.35126262],[-76.51770946,3.35126173],[-76.52010817,3.35119358],[-76.52012451,3.35119452],[-76.52014044,3.35119825],[-76.5201555,3.35120466],[-76.52016923,3.35121356],[-76.52018123,3.35122469],[-76.52019114,3.35123771],[-76.52019867,3.35125223],[-76.52020359,3.35126784],[-76.52018294,3.35144516],[-76.52016931,3.35158449],[-76.52016082,3.35172424],[-76.52015747,3.35186421],[-76.52015928,3.3520042],[-76.52017012,3.35235042],[-76.52017651,3.35247561],[-76.52018782,3.35260046],[-76.52020404,3.35272477],[-76.5202292,3.35289192],[-76.52023018,3.35290653],[-76.5202287,3.3529211],[-76.52022478,3.35293521],[-76.52021854,3.35294845],[-76.52021017,3.35296046],[-76.52019989,3.35297089],[-76.520188,3.35297944],[-76.52017485,3.35298587],[-76.5201608,3.35298999],[-76.52014625,3.35299169],[-76.51772664,3.35306056],[-76.51771714,3.35306005],[-76.51770785,3.35305803],[-76.51769899,3.35305456],[-76.5176908,3.35304972],[-76.51768349,3.35304364],[-76.51767724,3.35303647],[-76.51767221,3.3530284],[-76.51766853,3.35301963],[-76.51766629,3.35301038],[-76.51766555,3.3530009]]]]},"geometry_name":"the_geom","properties":{"nombre":"ACADEMIA MILITAR JOAQUIN DE CAICEDO Y CUERO","localizaci":"KM 14 VIA CALI-JAMUNDI","servicio":"EDUCACION","tipo":"COLEGIO","nivel":"EDUCACION BASICA MEDIA VOCACIONAL","propiedad":"PRIV","escala":"REGIONAL","permanenci":"SI","estruc_eco":"NO","url1":null}},{"type":"Feature","id":"eqp_uco_educacion.3977","geometry":{"type":"MultiPolygon","coordinates":[[[[-76.51654994,3.35320779],[-76.51672301,3.35183429],[-76.51674801,3.35158929],[-76.51675473,3.35152792],[-76.51676168,3.35148801],[-76.51677451,3.35144958],[-76.51679294,3.3514135],[-76.51681654,3.35138057],[-76.51684479,3.35135152],[-76.51687706,3.35132702],[-76.51691262,3.35130761],[-76.51695068,3.35129372],[-76.51698627,3.3512848],[-76.5170227,3.35128038],[-76.51751149,3.3512671],[-76.51751868,3.3512675],[-76.51752571,3.35126904],[-76.51753241,3.35127167],[-76.51753861,3.35127534],[-76.51754414,3.35127995],[-76.51754887,3.35128538],[-76.51755267,3.35129149],[-76.51755545,3.35129813],[-76.51755714,3.35130513],[-76.5175577,3.35131231],[-76.51755757,3.35306541],[-76.5175568,3.35307501],[-76.5175545,3.35308437],[-76.51755072,3.35309323],[-76.51754557,3.35310137],[-76.51753918,3.35310858],[-76.51753171,3.35311466],[-76.51752336,3.35311946],[-76.51658227,3.35356219],[-76.51657541,3.35356473],[-76.51656824,3.35356614],[-76.51656092,3.35356636],[-76.51655368,3.35356539],[-76.51654668,3.35356327],[-76.51654011,3.35356004],[-76.51653416,3.35355579],[-76.51652898,3.35355063],[-76.51652469,3.35354471],[-76.51652143,3.35353816],[-76.51651926,3.35353118],[-76.51651826,3.35352393],[-76.51651844,3.35351662],[-76.51654994,3.35320779]]]]},"geometry_name":"the_geom","properties":{"nombre":"COLEGIO SAGRADO CORAZON DEL VALLE DEL LILI","localizaci":"AREA EXPANSION","servicio":"EDUCACION","tipo":"COLEGIO","nivel":"EDUCACION BASICA MEDIA VOCACIONAL","propiedad":"PRIV","escala":"URBANA","permanenci":"SI","estruc_eco":"NO","url1":null}},{"type":"Feature","id":"eqp_uco_educacion.3978","geometry":{"type":"MultiPolygon","coordinates":[[[[-76.51400985,3.35158554],[-76.51451452,3.35118276],[-76.51457188,3.3511404],[-76.51463228,3.3511025],[-76.51469537,3.35106926],[-76.5147608,3.35104089],[-76.51482817,3.35101754],[-76.51489712,3.35099934],[-76.51496723,3.35098641],[-76.51586226,3.35085625],[-76.51595349,3.35083982],[-76.51604347,3.35081735],[-76.51618692,3.35077633],[-76.5162007,3.35077366],[-76.51621472,3.35077333],[-76.5162286,3.35077535],[-76.51624195,3.35077966],[-76.51625439,3.35078615],[-76.51625936,3.35078992],[-76.51626114,3.35096624],[-76.5162564,3.35114287],[-76.51624515,3.35131921],[-76.51622739,3.35149501],[-76.5161918,3.35183724],[-76.51604936,3.35184924],[-76.51588865,3.35195692],[-76.51578746,3.35220217],[-76.51573389,3.35236368],[-76.51555533,3.35247733],[-76.51529939,3.35249528],[-76.51516844,3.35259697],[-76.51514463,3.35279437],[-76.51516844,3.35294392],[-76.51496011,3.35303962],[-76.51457323,3.35241751],[-76.51400985,3.35158554]]]]},"geometry_name":"the_geom","properties":{"nombre":"INCOLBALLET","localizaci":"expansion","servicio":"EDUCACION","tipo":"COLEGIO","nivel":"PRIMARIA_SECUNDARIA_MEDIA","propiedad":"PUB","escala":"REGIONAL","permanenci":"SI","estruc_eco":"NO","url1":null}},{"type":"Feature","id":"eqp_uco_educacion.3979","geometry":{"type":"MultiPolygon","coordinates":[[[[-76.52118523,3.31385345],[-76.5211638,3.31340123],[-76.52250757,3.31333567],[-76.52252083,3.31376014],[-76.52118523,3.31385345]]]]},"geometry_name":"the_geom","properties":{"nombre":"UNIVERSIDAD ANTONIO NARIÑO - SEDE SUR","localizaci":"KM 18 CALI - JAMUNDI","servicio":"EDUCACION","tipo":"ESCTSUPER","nivel":"EDUCACION SUPERIOR","propiedad":"PRIV","escala":"URBANA","permanenci":"SI","estruc_eco":"NO","url1":null}},{"type":"Feature","id":"eqp_uco_educacion.3981","geometry":{"type":"MultiPolygon","coordinates":[[[[-76.56054671,3.41141939],[-76.56181508,3.41052488],[-76.56203714,3.41037175],[-76.56223113,3.41023772],[-76.56248197,3.41006253],[-76.56273138,3.40988916],[-76.56273236,3.40989901],[-76.56280132,3.40997294],[-76.56287028,3.41002838],[-76.56290706,3.41010693],[-76.56296683,3.4101439],[-76.56308637,3.41022707],[-76.56308972,3.41022987],[-76.56260282,3.41057574],[-76.5624844,3.41065975],[-76.56210998,3.4109254],[-76.5620395,3.41097563],[-76.56081417,3.41182253],[-76.56054671,3.41141939]]]]},"geometry_name":"the_geom","properties":{"nombre":"INSTITUTO TECNICO MULTIPROPOSITO","localizaci":"KR 56 NO 7OBIS 192","servicio":"EDUCACION","tipo":"INSTEDUCI","nivel":"EDUCACION TECNICA","propiedad":"PUB","escala":"URBANA","permanenci":"SI","estruc_eco":"NO","url1":null}},{"type":"Feature","id":"eqp_uco_educacion.3982","geometry":{"type":"MultiPolygon","coordinates":[[[[-76.50176359,3.48550017],[-76.5016969,3.48570539],[-76.50127936,3.4855806],[-76.50134238,3.485369],[-76.50176359,3.48550017]]]]},"geometry_name":"the_geom","properties":{"nombre":"COLEGIO MIGUEL ANGEL BUONARROTI SEDE CALIMA","localizaci":"CALLE 67 # 5 N 25","servicio":null,"tipo":null,"nivel":null,"propiedad":null,"escala":"LOCAL","permanenci":"NO","estruc_eco":"NO","url1":null}},{"type":"Feature","id":"eqp_uco_educacion.3983","geometry":{"type":"MultiPolygon","coordinates":[[[[-76.50729343,3.46175196],[-76.50691481,3.46187582],[-76.506797,3.46151838],[-76.50717976,3.46140501],[-76.50729343,3.46175196]]]]},"geometry_name":"the_geom","properties":{"nombre":"CENDOE","localizaci":"CALLE 44 A # 4B 00","servicio":null,"tipo":null,"nivel":null,"propiedad":"PUB","escala":"LOCAL","permanenci":"NO","estruc_eco":"NO","url1":null}},{"type":"Feature","id":"eqp_uco_educacion.3984","geometry":{"type":"MultiPolygon","coordinates":[[[[-76.50796844,3.46279562],[-76.50784901,3.46282117],[-76.50784415,3.46279431],[-76.50784873,3.46279342],[-76.50784362,3.46276565],[-76.50787981,3.46275933],[-76.50795704,3.46274257],[-76.50796844,3.46279562]]]]},"geometry_name":"the_geom","properties":{"nombre":"POLICARPA SALAVARRIETA","localizaci":"CALLE 44 KRA 40 C","servicio":null,"tipo":null,"nivel":null,"propiedad":"PUB","escala":"LOCAL","permanenci":"NO","estruc_eco":"NO","url1":null}},{"type":"Feature","id":"eqp_uco_educacion.3985","geometry":{"type":"MultiPolygon","coordinates":[[[[-76.52343694,3.45799906],[-76.52338996,3.45802581],[-76.5233037,3.45788473],[-76.5233483,3.45785585],[-76.52343694,3.45799906]]]]},"geometry_name":"the_geom","properties":{"nombre":"CENTRO EDUCATIVO CLUB NOEL","localizaci":"KRA 3 # 22 - 95","servicio":null,"tipo":null,"nivel":null,"propiedad":"PUB","escala":"LOCAL","permanenci":"NO","estruc_eco":"NO","url1":null}},{"type":"Feature","id":"eqp_uco_educacion.3986","geometry":{"type":"MultiPolygon","coordinates":[[[[-76.51627589,3.44688087],[-76.51622306,3.44686965],[-76.51626626,3.44667734],[-76.5163205,3.44668241],[-76.51627589,3.44688087]]]]},"geometry_name":"the_geom","properties":{"nombre":"COLEGIO INTERNADO SAN CARLOS","localizaci":"KRA 12 # 27 B 32","servicio":null,"tipo":null,"nivel":null,"propiedad":"PRIV","escala":"LOCAL","permanenci":"NO","estruc_eco":"NO","url1":null}},{"type":"Feature","id":"eqp_uco_educacion.3987","geometry":{"type":"MultiPolygon","coordinates":[[[[-76.5227346,3.43558933],[-76.52265608,3.43558816],[-76.52265952,3.43541985],[-76.52274136,3.43539502],[-76.5227346,3.43558933]]]]},"geometry_name":"the_geom","properties":{"nombre":"COLEGIO GENERAL CARLOS ALBAN","localizaci":"CALLE 18 A # 24 65","servicio":null,"tipo":null,"nivel":null,"propiedad":"PUB","escala":"LOCAL","permanenci":"NO","estruc_eco":"NO","url1":null}},{"type":"Feature","id":"eqp_uco_educacion.3988","geometry":{"type":"MultiPolygon","coordinates":[[[[-76.52311199,3.42748061],[-76.52305804,3.427483],[-76.52304773,3.4272481],[-76.52310167,3.42724571],[-76.52311199,3.42748061]]]]},"geometry_name":"the_geom","properties":{"nombre":"LICEO CARLOS CASTRO SAAVEDRA","localizaci":"KRA 30 # 18 24","servicio":null,"tipo":null,"nivel":"PREESCOLAR-PRIMARIA-SECUNDARIA-MEDIA VOCACIONAL","propiedad":"PRIV","escala":"LOCAL","permanenci":"NO","estruc_eco":"NO","url1":null}},{"type":"Feature","id":"eqp_uco_educacion.3989","geometry":{"type":"MultiPolygon","coordinates":[[[[-76.52472425,3.40422053],[-76.52462684,3.404215],[-76.52462898,3.40416107],[-76.52472838,3.40416457],[-76.52472425,3.40422053]]]]},"geometry_name":"the_geom","properties":{"nombre":"COLEGIO CARLOS CASTRO SAAVEDRA","localizaci":"CALLE 18 A # 50 150","servicio":null,"tipo":null,"nivel":null,"propiedad":null,"escala":"LOCAL","permanenci":"NO","estruc_eco":"NO","url1":null}},{"type":"Feature","id":"eqp_uco_educacion.3990","geometry":{"type":"MultiPolygon","coordinates":[[[[-76.52435817,3.4038809],[-76.52396531,3.40418298],[-76.52370638,3.40398858],[-76.52356948,3.40401849],[-76.52329864,3.4040813],[-76.52326683,3.40408333],[-76.52325982,3.40402348],[-76.52325104,3.40394839],[-76.5232422,3.40387289],[-76.52324751,3.4037452],[-76.52325302,3.4036126],[-76.52359926,3.40365255],[-76.52394037,3.40369192],[-76.52424326,3.40372687],[-76.52437633,3.40374222],[-76.52435817,3.4038809]]]]},"geometry_name":"the_geom","properties":{"nombre":"INSTITUTO TECNICAO INDUSTRIAL COMUNA 17","localizaci":"KRA 53 # 18 A 25","servicio":null,"tipo":null,"nivel":null,"propiedad":"PUB","escala":"ZONAL","permanenci":"SI","estruc_eco":"NO","url1":null}},{"type":"Feature","id":"eqp_uco_educacion.3991","geometry":{"type":"MultiPolygon","coordinates":[[[[-76.55133952,3.37661811],[-76.55129462,3.37686385],[-76.55115557,3.37683514],[-76.55119455,3.37659182],[-76.55134412,3.3766189],[-76.55133952,3.37661811]]]]},"geometry_name":"the_geom","properties":{"nombre":"LICEO COLOMBIA JOVEN","localizaci":"KRA 94 # 2 A 19","servicio":null,"tipo":null,"nivel":null,"propiedad":"PRIV","escala":"LOCAL","permanenci":"NO","estruc_eco":"NO","url1":null}},{"type":"Feature","id":"eqp_uco_educacion.3992","geometry":{"type":"MultiPolygon","coordinates":[[[[-76.48039946,3.46640433],[-76.47983117,3.46657939],[-76.47981459,3.46646724],[-76.47980196,3.46631216],[-76.4797986,3.46621016],[-76.47980752,3.46608109],[-76.47982678,3.46588407],[-76.48017652,3.46576892],[-76.48039946,3.46640433]]]]},"geometry_name":"the_geom","properties":{"nombre":"COLEGIO PURIFICACION TRUJILLO","localizaci":"CALLE 73 KRA 7 BIS","servicio":null,"tipo":null,"nivel":null,"propiedad":"PUB","escala":"ZONAL","permanenci":"NO","estruc_eco":"NO","url1":null}},{"type":"Feature","id":"eqp_uco_educacion.3993","geometry":{"type":"MultiPolygon","coordinates":[[[[-76.47937764,3.4642301],[-76.47937748,3.46422777],[-76.47943917,3.46442375],[-76.47937203,3.46444893],[-76.47936866,3.46443793],[-76.47930905,3.46425208],[-76.47937764,3.4642301]]]]},"geometry_name":"the_geom","properties":{"nombre":"CARLOS VILLAFAÑE","localizaci":"KRA 7 BIS CALLE 61","servicio":null,"tipo":null,"nivel":null,"propiedad":"PUB","escala":"LOCAL","permanenci":"NO","estruc_eco":"NO","url1":null}},{"type":"Feature","id":"eqp_uco_educacion.3994","geometry":{"type":"MultiPolygon","coordinates":[[[[-76.51783938,3.43846729],[-76.51767908,3.43876879],[-76.51753343,3.43870523],[-76.51757431,3.43860479],[-76.51753128,3.4385841],[-76.51766395,3.43834781],[-76.51783957,3.43846322],[-76.51783938,3.43846729]]]]},"geometry_name":"the_geom","properties":{"nombre":"JOSE HILARIO LOPEZ","localizaci":"CALLE 27 # 17 G 19","servicio":null,"tipo":null,"nivel":null,"propiedad":"PUB","escala":"LOCAL","permanenci":"NO","estruc_eco":"NO","url1":null}},{"type":"Feature","id":"eqp_uco_educacion.3995","geometry":{"type":"MultiPolygon","coordinates":[[[[-76.55932627,3.38919475],[-76.55930031,3.38917858],[-76.55935129,3.38910163],[-76.55937128,3.3891198],[-76.55932627,3.38919475]]]]},"geometry_name":"the_geom","properties":{"nombre":"TEMPLO DEL SABER","localizaci":"CALLE 2 C OESTE # 75 10","servicio":null,"tipo":null,"nivel":null,"propiedad":"PUB","escala":"LOCAL","permanenci":"NO","estruc_eco":"NO","url1":null}},{"type":"Feature","id":"eqp_uco_educacion.3996","geometry":{"type":"MultiPolygon","coordinates":[[[[-76.55502557,3.37598775],[-76.55502499,3.37598768],[-76.55502562,3.37598482],[-76.55502557,3.37598775]]],[[[-76.55502499,3.37598768],[-76.55498209,3.37618516],[-76.55491492,3.37617724],[-76.55493857,3.37609322],[-76.55494795,3.3760573],[-76.55496624,3.37598054],[-76.55502499,3.37598768]]]]},"geometry_name":"the_geom","properties":{"nombre":"LA ESPERANZA","localizaci":"KRA 94 1 A OESTE 71","servicio":null,"tipo":null,"nivel":null,"propiedad":"PUB","escala":"LOCAL","permanenci":"NO","estruc_eco":"NO","url1":null}},{"type":"Feature","id":"eqp_uco_educacion.3997","geometry":{"type":"MultiPolygon","coordinates":[[[[-76.49510853,3.42736801],[-76.4953672,3.42759593],[-76.49501716,3.42788302],[-76.49477239,3.42765909],[-76.49510853,3.42736801]]]]},"geometry_name":"the_geom","properties":{"nombre":"MIGUEL CAMACHO PEREA","localizaci":"KRA 28 A  # 72 F 09","servicio":null,"tipo":null,"nivel":null,"propiedad":"PUB","escala":"LOCAL","permanenci":"NO","estruc_eco":"NO","url1":null}},{"type":"Feature","id":"eqp_uco_educacion.3998","geometry":{"type":"MultiPolygon","coordinates":[[[[-76.51299331,3.40603687],[-76.51299377,3.40603657],[-76.51305688,3.40610285],[-76.51293211,3.40623041],[-76.51286357,3.40616224],[-76.51299331,3.40603687]]]]},"geometry_name":"the_geom","properties":{"nombre":"CARLOS HOLMES TRUJILLO","localizaci":"KRA 44 CON CALLE 43","servicio":null,"tipo":null,"nivel":null,"propiedad":"PUB","escala":"LOCAL","permanenci":"NO","estruc_eco":"NO","url1":null}},{"type":"Feature","id":"eqp_uco_educacion.3999","geometry":{"type":"MultiPolygon","coordinates":[[[[-76.50935986,3.47422012],[-76.50920998,3.47439579],[-76.50920818,3.47439495],[-76.50913376,3.47433813],[-76.50911147,3.47429531],[-76.50927552,3.47414234],[-76.50935986,3.47422012]]]]},"geometry_name":"the_geom","properties":{"nombre":"ANDRES SANIN","localizaci":"CALLE 46 B # 4N 52","servicio":null,"tipo":null,"nivel":null,"propiedad":"PUB","escala":"LOCAL","permanenci":"NO","estruc_eco":"NO","url1":null}},{"type":"Feature","id":"eqp_uco_educacion.4000","geometry":{"type":"MultiPolygon","coordinates":[[[[-76.53245172,3.48798252],[-76.53223214,3.48802418],[-76.53222781,3.48802475],[-76.53221504,3.48795395],[-76.5322185,3.48795313],[-76.53243836,3.48791142],[-76.53245172,3.48798252]]]]},"geometry_name":"the_geom","properties":{"nombre":"REPUBLICA DEL BRASIL","localizaci":"CALLE 53 AN # 8 27","servicio":null,"tipo":null,"nivel":null,"propiedad":"PUB","escala":"LOCAL","permanenci":"NO","estruc_eco":"NO","url1":null}},{"type":"Feature","id":"eqp_uco_educacion.4001","geometry":{"type":"MultiPolygon","coordinates":[[[[-76.5238362,3.44327119],[-76.52399112,3.44322226],[-76.5240795,3.44319435],[-76.52412788,3.44317906],[-76.52415338,3.44319297],[-76.52416039,3.44319679],[-76.52416446,3.44321222],[-76.52416916,3.44323002],[-76.52416696,3.44323233],[-76.52417331,3.44324892],[-76.52417533,3.44325419],[-76.52418169,3.44325466],[-76.52421982,3.44339111],[-76.52424421,3.44347838],[-76.52426199,3.443542],[-76.52425582,3.44354427],[-76.52394171,3.44365006],[-76.5238362,3.44327119]]]]},"geometry_name":"the_geom","properties":{"nombre":"SEBASTIAN DE BELALCAZAR","localizaci":"CALLE 17 # 14 57","servicio":null,"tipo":null,"nivel":null,"propiedad":"PUB","escala":"LOCAL","permanenci":"NO","estruc_eco":"NO","url1":null}},{"type":"Feature","id":"eqp_uco_educacion.4002","geometry":{"type":"MultiPolygon","coordinates":[[[[-76.52622305,3.44125144],[-76.5262194,3.44125131],[-76.52613002,3.44124818],[-76.52611216,3.44122774],[-76.52611502,3.4410896],[-76.52613078,3.44108725],[-76.52622955,3.44109384],[-76.52622305,3.44125144]]]]},"geometry_name":"the_geom","properties":{"nombre":"EUSTAQUIO PALACIOS","localizaci":"KRA 17 # 14 36","servicio":null,"tipo":null,"nivel":null,"propiedad":"PUB","escala":"LOCAL","permanenci":"NO","estruc_eco":"NO","url1":null}},{"type":"Feature","id":"eqp_uco_educacion.4003","geometry":{"type":"MultiPolygon","coordinates":[[[[-76.4928695,3.48104176],[-76.49280072,3.48107801],[-76.49272887,3.48100834],[-76.49277913,3.48095716],[-76.4928695,3.48104176]]]]},"geometry_name":"the_geom","properties":{"nombre":"LICEO GALILEO GALILEI","localizaci":"CALLE 66 # 1A 6-04","servicio":null,"tipo":null,"nivel":null,"propiedad":null,"escala":"LOCAL","permanenci":"NO","estruc_eco":"NO","url1":null}},{"type":"Feature","id":"eqp_uco_educacion.4004","geometry":{"type":"MultiPolygon","coordinates":[[[[-76.48829116,3.47243667],[-76.48846676,3.47302608],[-76.48815573,3.47312065],[-76.48797968,3.47252951],[-76.48829116,3.47243667]]]]},"geometry_name":"the_geom","properties":{"nombre":"COLEGIO MAYOR SANTIAGO DE CALI","localizaci":"CL 57 CON KR 1I BIS","servicio":"EDUCACION","tipo":"COLEGIO","nivel":"EDUCACION BASICA-EDUCACION MEDIA VOCACIONAL","propiedad":"PRIV","escala":"ZONAL","permanenci":"NO","estruc_eco":"NO","url1":null}},{"type":"Feature","id":"eqp_uco_educacion.4005","geometry":{"type":"MultiPolygon","coordinates":[[[[-76.56943161,3.41065992],[-76.56944092,3.41065127],[-76.56944621,3.41064391],[-76.56944936,3.41063874],[-76.56945225,3.41063221],[-76.56945481,3.41062688],[-76.56945707,3.41062153],[-76.56945997,3.41061486],[-76.56946382,3.41060656],[-76.56946573,3.41060241],[-76.56946765,3.41059856],[-76.56947082,3.41059263],[-76.56947368,3.41058716],[-76.56947717,3.41058065],[-76.56948092,3.41057535],[-76.56948467,3.41057036],[-76.56948964,3.41056464],[-76.569494,3.41055876],[-76.56949749,3.41055241],[-76.56950027,3.41054511],[-76.56950215,3.41053577],[-76.56950231,3.41053013],[-76.56950247,3.41052436],[-76.56950316,3.41051888],[-76.56950359,3.41051353],[-76.56950386,3.41050703],[-76.56950409,3.41050138],[-76.56950433,3.41049575],[-76.56950486,3.41049115],[-76.56950535,3.41048774],[-76.56950528,3.4104814],[-76.56950614,3.41047508],[-76.56950973,3.41046462],[-76.5695106,3.41046263],[-76.56951394,3.41045502],[-76.56951811,3.41044568],[-76.56952131,3.41043901],[-76.56952482,3.4104316],[-76.56952924,3.41042406],[-76.56953242,3.410418],[-76.56953653,3.41041076],[-76.56953882,3.41040467],[-76.56954146,3.41039663],[-76.56954443,3.41038754],[-76.56954606,3.41038308],[-76.56954739,3.41037877],[-76.56955064,3.41037029],[-76.56955328,3.41036241],[-76.5695559,3.41035496],[-76.56955882,3.41034768],[-76.56956201,3.41034116],[-76.56956489,3.4103351],[-76.56956782,3.41032752],[-76.56957168,3.41031861],[-76.56957391,3.41031402],[-76.56957583,3.41030972],[-76.56957938,3.41030155],[-76.56958202,3.41029367],[-76.56958374,3.41028605],[-76.56958577,3.41027845],[-76.56958611,3.41027678],[-76.56958753,3.41026978],[-76.56958858,3.41026485],[-76.56958934,3.41025946],[-76.56958982,3.41025376],[-76.56958999,3.41024804],[-76.56959016,3.41024264],[-76.56959153,3.41022705],[-76.56959348,3.41022199],[-76.56959575,3.41021635],[-76.56959769,3.41021174],[-76.5696048,3.4101849],[-76.56960528,3.4101786],[-76.56960555,3.41016988],[-76.569606,3.41016494],[-76.56960646,3.41015968],[-76.56960692,3.41015459],[-76.56960738,3.41014934],[-76.56960782,3.41014454],[-76.56960799,3.41014279],[-76.56960826,3.4101399],[-76.56960944,3.41013075],[-76.5696102,3.41012334],[-76.5696103,3.41012236],[-76.56961079,3.41011591],[-76.56961102,3.41010869],[-76.56961118,3.41010344],[-76.56961137,3.41009713],[-76.56961154,3.41009142],[-76.56961206,3.41008422],[-76.56961252,3.41007897],[-76.56961358,3.41007359],[-76.56961534,3.41006507],[-76.5696161,3.41005983],[-76.56961718,3.4100537],[-76.56961824,3.41004848],[-76.56961993,3.41004205],[-76.56962012,3.41003575],[-76.56962029,3.41003049],[-76.5696211,3.4100236],[-76.56962098,3.41001758],[-76.56962085,3.41001186],[-76.56962078,3.41000464],[-76.56961957,3.40999543],[-76.56961854,3.40998984],[-76.56961795,3.40998335],[-76.56961705,3.40997699],[-76.5696159,3.40997015],[-76.56961446,3.40996314],[-76.56961388,3.40996088],[-76.56961271,3.40995625],[-76.56961039,3.40994916],[-76.56960808,3.40994207],[-76.56960521,3.40993433],[-76.56960269,3.40992632],[-76.56960108,3.40992123],[-76.56959878,3.40991385],[-76.5695965,3.4099063],[-76.56959474,3.40989957],[-76.56959297,3.40989297],[-76.56959151,3.40988625],[-76.56958999,3.40988014],[-76.56958869,3.40987493],[-76.56958745,3.40986899],[-76.56958652,3.40986292],[-76.56958523,3.40985757],[-76.56958436,3.40985213],[-76.56958367,3.40984733],[-76.56958131,3.40983867],[-76.56957802,3.40983012],[-76.56957581,3.40982498],[-76.56957194,3.40981579],[-76.56956944,3.40981034],[-76.56956664,3.40980471],[-76.56956162,3.40979409],[-76.56955856,3.40978739],[-76.5695558,3.40978069],[-76.56955387,3.40977602],[-76.56955141,3.40976949],[-76.56954892,3.40976373],[-76.56954675,3.40975767],[-76.56954513,3.40975286],[-76.56954384,3.40974746],[-76.56954168,3.40974229],[-76.56953988,3.40973753],[-76.56953837,3.40973273],[-76.5695368,3.40972749],[-76.56953579,3.40972187],[-76.56953449,3.40971628],[-76.56953383,3.40971041],[-76.56953316,3.40970424],[-76.56953249,3.40969821],[-76.56953152,3.40969206],[-76.56953023,3.40968548],[-76.56952868,3.40967937],[-76.56952686,3.40967372],[-76.56952536,3.40966848],[-76.56952361,3.409664],[-76.56952187,3.40965967],[-76.56951983,3.40965521],[-76.56951759,3.40965018],[-76.56951337,3.40964147],[-76.56951111,3.40963705],[-76.56950915,3.40963278],[-76.56950747,3.40962881],[-76.5695044,3.4096218],[-76.56950161,3.4096148],[-76.56949911,3.40960841],[-76.56949519,3.40959987],[-76.56949295,3.40959468],[-76.56948876,3.40958508],[-76.56948624,3.40957944],[-76.56948373,3.4095735],[-76.56947921,3.40956449],[-76.56947666,3.40955975],[-76.56947441,3.40955501],[-76.56946955,3.40954749],[-76.56946669,3.4095432],[-76.56946353,3.40953889],[-76.56945866,3.40953182],[-76.56945609,3.40952783],[-76.56945353,3.40952354],[-76.56944896,3.40951664],[-76.56944349,3.4095091],[-76.56943919,3.4095031],[-76.56943373,3.40949571],[-76.5694291,3.4094903],[-76.56942448,3.40948505],[-76.56942041,3.40948102],[-76.56941633,3.40947728],[-76.56941195,3.40947384],[-76.569407,3.40946948],[-76.56940089,3.40946372],[-76.56939391,3.4094572],[-76.56939042,3.40945392],[-76.56938693,3.40945066],[-76.56938314,3.40944738],[-76.56937993,3.40944428],[-76.56937472,3.40943885],[-76.56936833,3.40943234],[-76.56936514,3.40942893],[-76.56936198,3.40942477],[-76.5693571,3.40941771],[-76.56935454,3.40941342],[-76.56935287,3.40940916],[-76.56935123,3.40940444],[-76.56934988,3.40939974],[-76.56934803,3.40939157],[-76.56934672,3.40938536],[-76.56934329,3.40937999],[-76.56933782,3.40937305],[-76.56933463,3.4093698],[-76.56932821,3.40936449],[-76.56931906,3.40936029],[-76.56931462,3.4093585],[-76.56931047,3.40935717],[-76.56930185,3.4093554],[-76.5692941,3.40935456],[-76.56928721,3.4093545],[-76.56928062,3.40935475],[-76.56927314,3.40935467],[-76.56926566,3.40935488],[-76.56926054,3.40935578],[-76.56925476,3.40935891],[-76.56924859,3.40936504],[-76.56924575,3.40936961],[-76.5692429,3.40937493],[-76.56924035,3.40937982],[-76.56923812,3.40938427],[-76.56923558,3.409389],[-76.56923305,3.40939343],[-76.56922981,3.40940145],[-76.56922692,3.40940828],[-76.56922462,3.40941482],[-76.56922226,3.40942332],[-76.56922122,3.4094281],[-76.56922045,3.40943364],[-76.56921934,3.40943761],[-76.56921774,3.40944535],[-76.56921627,3.40945429],[-76.56921527,3.40945961],[-76.56921419,3.40946565],[-76.56921333,3.40947216],[-76.56921253,3.40947824],[-76.56921171,3.40948446],[-76.5692107,3.40948992],[-76.56920974,3.40949494],[-76.56920856,3.4094995],[-76.56920708,3.40950401],[-76.56920526,3.40950893],[-76.56920224,3.40951412],[-76.56919894,3.40951913],[-76.5691957,3.40952371],[-76.56919308,3.40952771],[-76.56918829,3.40953333],[-76.56918347,3.40953689],[-76.56917841,3.40953948],[-76.56917251,3.40954231],[-76.5691655,3.40954537],[-76.56915906,3.4095479],[-76.56915264,3.40954988],[-76.56914682,3.40955077],[-76.56914047,3.40955109],[-76.56913358,3.40955083],[-76.56912728,3.40954976],[-76.56912263,3.40954848],[-76.569115,3.40954598],[-76.56911038,3.40954428],[-76.56910523,3.40954334],[-76.56910062,3.40954219],[-76.56909688,3.40954117],[-76.56909137,3.40953862],[-76.56908353,3.40953456],[-76.56907916,3.40953155],[-76.56907478,3.4095284],[-76.56907068,3.40952523],[-76.56906687,3.40952205],[-76.56906307,3.40951931],[-76.56905986,3.40951697],[-76.56905313,3.40951216],[-76.56904641,3.40950736],[-76.56903537,3.40949905],[-76.56902603,3.40948996],[-76.56901403,3.4094799],[-76.56900558,3.40947546],[-76.56899421,3.40947262],[-76.56898726,3.40947137],[-76.56897832,3.40946963],[-76.56897018,3.40946819],[-76.56896503,3.40946713],[-76.5689598,3.40946608],[-76.56895354,3.40946412],[-76.56894615,3.40946062],[-76.56893892,3.40945514],[-76.56893186,3.40944707],[-76.56892753,3.40944189],[-76.56892144,3.40943516],[-76.56891607,3.40942837],[-76.56891203,3.40942126],[-76.56890982,3.40941477],[-76.56890775,3.40940746],[-76.56890545,3.40939228],[-76.56890564,3.40937446],[-76.56890722,3.40935723],[-76.56890923,3.4093417],[-76.56891147,3.40933027],[-76.56891422,3.40931653],[-76.5689182,3.40929675],[-76.56892383,3.40927345],[-76.56893215,3.40923927],[-76.56893852,3.40921113],[-76.56894344,3.40918888],[-76.56894709,3.40917382],[-76.56895025,3.40916132],[-76.56895293,3.40914972],[-76.56895575,3.40913625],[-76.56895874,3.40912087],[-76.56896209,3.40910577],[-76.56897463,3.40905117],[-76.5689464,3.40899442],[-76.56899365,3.40896065],[-76.5689995,3.4089451],[-76.56900559,3.40893058],[-76.56902334,3.40890148],[-76.56903631,3.40888021],[-76.56905794,3.40884348],[-76.56907931,3.40881135],[-76.56910296,3.4087807],[-76.56912258,3.40876165],[-76.5691414,3.40875382],[-76.56915498,3.40876944],[-76.56915493,3.40876837],[-76.56925099,3.40887708],[-76.56925213,3.40887595],[-76.56928549,3.40891945],[-76.56932928,3.40893499],[-76.56935855,3.40895208],[-76.56938452,3.40896626],[-76.56940694,3.40897817],[-76.56943044,3.40898792],[-76.5694599,3.40900071],[-76.56952651,3.40902898],[-76.56958291,3.40905951],[-76.56961053,3.40907144],[-76.56963251,3.40908163],[-76.56965542,3.40909325],[-76.56968674,3.40910965],[-76.5697065,3.40911921],[-76.56973111,3.40913074],[-76.56975213,3.40914136],[-76.56977555,3.40915316],[-76.56979563,3.40916165],[-76.5698129,3.40916797],[-76.56984065,3.40917836],[-76.56987718,3.4091917],[-76.56992822,3.40920323],[-76.56996657,3.40920812],[-76.57000726,3.4092086],[-76.57004199,3.40920734],[-76.57006554,3.40920475],[-76.57008132,3.40920141],[-76.57009549,3.40919714],[-76.57010807,3.40919491],[-76.57017335,3.40917533],[-76.57023292,3.40917716],[-76.5702602,3.40918333],[-76.57028006,3.40918961],[-76.57029861,3.40919762],[-76.57031347,3.4092055],[-76.57033278,3.40921794],[-76.57034516,3.40922656],[-76.57036082,3.40923778],[-76.57037628,3.40925181],[-76.57039241,3.4092709],[-76.57042573,3.40932816],[-76.57045513,3.40939408],[-76.570463,3.40941196],[-76.57046785,3.40942529],[-76.57047168,3.40943176],[-76.57047688,3.40944645],[-76.57048175,3.40946006],[-76.57048792,3.40947796],[-76.57048976,3.40948317],[-76.57049533,3.40949889],[-76.57050268,3.40952419],[-76.57050408,3.40953105],[-76.57050588,3.40953993],[-76.57050697,3.40955142],[-76.57050768,3.40956857],[-76.57050799,3.40959543],[-76.57050749,3.40961204],[-76.57050438,3.40968774],[-76.57050391,3.40969273],[-76.57050135,3.40970852],[-76.57049586,3.409729],[-76.57049391,3.40973611],[-76.57049077,3.40975144],[-76.57048845,3.40976263],[-76.5704855,3.40977776],[-76.57048238,3.40979143],[-76.57047834,3.40980805],[-76.57047243,3.40983011],[-76.57047073,3.4098368],[-76.57046938,3.40984239],[-76.57046605,3.40985383],[-76.57046255,3.40986754],[-76.57045927,3.40988285],[-76.5704558,3.40989815],[-76.57045248,3.40991437],[-76.57044903,3.40993286],[-76.57044675,3.40995361],[-76.57044332,3.40998381],[-76.57044194,3.41000136],[-76.57044104,3.41001593],[-76.57044057,3.4100289],[-76.57044012,3.41004506],[-76.57043937,3.41005918],[-76.57043861,3.41007352],[-76.57043855,3.41008695],[-76.57043895,3.41010036],[-76.57044154,3.41011283],[-76.57044322,3.41012627],[-76.57044425,3.41013786],[-76.57044535,3.41015125],[-76.57044674,3.41016488],[-76.57044833,3.4101794],[-76.57045052,3.41019233],[-76.57045341,3.41020228],[-76.57045803,3.41021426],[-76.57046417,3.4102287],[-76.57047146,3.41024408],[-76.57047639,3.41025377],[-76.57048229,3.41026509],[-76.57048694,3.4102724],[-76.57049089,3.41027721],[-76.57049426,3.4102808],[-76.57049875,3.41028549],[-76.57050247,3.41028963],[-76.57050895,3.41029248],[-76.57052605,3.41029589],[-76.57054222,3.41029828],[-76.57055633,3.4102992],[-76.57057495,3.4102993],[-76.57059897,3.4102973],[-76.57062729,3.41029284],[-76.57065474,3.41028721],[-76.57067746,3.41028252],[-76.57070335,3.41027804],[-76.5707245,3.41027424],[-76.57076034,3.41026622],[-76.57078696,3.41025794],[-76.57080765,3.41025101],[-76.57083151,3.41024379],[-76.57084703,3.41023861],[-76.57086295,3.41023354],[-76.57087886,3.41022803],[-76.57089313,3.41022241],[-76.57091573,3.41021184],[-76.57093358,3.41020373],[-76.5709526,3.41019495],[-76.5709736,3.41018602],[-76.57099066,3.41017867],[-76.57101008,3.41016998],[-76.57103144,3.41015953],[-76.57105164,3.41015008],[-76.57107263,3.41014084],[-76.5710901,3.410134],[-76.57110796,3.41012698],[-76.57112623,3.41012058],[-76.57114727,3.41011365],[-76.57117695,3.41010284],[-76.57120584,3.41009294],[-76.57123939,3.41008322],[-76.57126712,3.41007412],[-76.57129171,3.41006661],[-76.57131212,3.41005978],[-76.57131983,3.41005705],[-76.57132851,3.41005231],[-76.57134255,3.41004679],[-76.57135923,3.41004023],[-76.57138024,3.41003141],[-76.57139484,3.41002588],[-76.57140694,3.41002172],[-76.57141926,3.41001821],[-76.57143046,3.41001511],[-76.57144645,3.4100107],[-76.57146402,3.41000597],[-76.57147753,3.41000191],[-76.57149727,3.40999547],[-76.57150443,3.40999344],[-76.57160415,3.41019455],[-76.57128032,3.41034159],[-76.57080211,3.41055877],[-76.57073586,3.41058438],[-76.57037686,3.41069129],[-76.57030389,3.41071302],[-76.57026431,3.41073154],[-76.57010555,3.41077661],[-76.56988657,3.41085172],[-76.56963568,3.41100093],[-76.56943161,3.41065992]]]]},"geometry_name":"the_geom","properties":{"nombre":"Colegio Ideas","localizaci":"AV Guadalupe  los mangos","servicio":"EDUCACION","tipo":"COLEGIO","nivel":"EDUCACION PREESCOLAR_EDUCACION BASICA_EDUCACION MEDIA VOCACIONAL","propiedad":"PRIV","escala":"URBANA","permanenci":"NO","estruc_eco":"SI","url1":null}},{"type":"Feature","id":"eqp_uco_educacion.4006","geometry":{"type":"MultiPolygon","coordinates":[[[[-76.48713674,3.48163487],[-76.48713946,3.48163399],[-76.48713697,3.48163571],[-76.48713674,3.48163487]]]]},"geometry_name":"the_geom","properties":{"nombre":"COLEGIO TECNICO INDUSTRIAL PEDRO ANTONIO MOLINA","localizaci":"KR 1A 10 NO 71  00","servicio":"EDUCACION","tipo":"COLEGIO","nivel":"EDUCACION BASICA-EDUCACION MEDIA VOCACIONAL","propiedad":"PUB","escala":"ZONAL","permanenci":"SI","estruc_eco":"NO","url1":null}},{"type":"Feature","id":"eqp_uco_educacion.4007","geometry":{"type":"MultiPolygon","coordinates":[[[[-76.48703936,3.48145063],[-76.48704042,3.48145531],[-76.48703973,3.48145553],[-76.48703868,3.48145086],[-76.48703936,3.48145063]]]]},"geometry_name":"the_geom","properties":{"nombre":"COLEGIO TECNICO INDUSTRIAL PEDRO ANTONIO MOLINA","localizaci":"KR 1A 10 NO 71  00","servicio":"EDUCACION","tipo":"COLEGIO","nivel":"EDUCACION BASICA-EDUCACION MEDIA VOCACIONAL","propiedad":"PUB","escala":"ZONAL","permanenci":"SI","estruc_eco":"NO","url1":null}},{"type":"Feature","id":"eqp_uco_educacion.4008","geometry":{"type":"MultiPolygon","coordinates":[[[[-76.48681802,3.48173684],[-76.48713674,3.48163487],[-76.48713697,3.48163571],[-76.48713946,3.48163399],[-76.48713674,3.48163487],[-76.4871308,3.4816053],[-76.48733792,3.48154117],[-76.48741843,3.4818063],[-76.48778611,3.48168802],[-76.48783244,3.48183169],[-76.48788283,3.48199716],[-76.48775142,3.48203968],[-76.4870215,3.48228553],[-76.48701159,3.48228737],[-76.4870035,3.48228553],[-76.48699542,3.48228016],[-76.48699092,3.48227472],[-76.48698909,3.48227112],[-76.48682807,3.48177004],[-76.48681802,3.48173684]]]]},"geometry_name":"the_geom","properties":{"nombre":"COLEGIO TECNICO INDUSTRIAL PEDRO ANTONIO MOLINA","localizaci":"KR 1A 10 NO 71  00","servicio":"EDUCACION","tipo":"COLEGIO","nivel":"EDUCACION BASICA-EDUCACION MEDIA VOCACIONAL","propiedad":"PUB","escala":"ZONAL","permanenci":"SI","estruc_eco":"NO","url1":null}},{"type":"Feature","id":"eqp_uco_educacion.4009","geometry":{"type":"MultiPolygon","coordinates":[[[[-76.51111071,3.46208222],[-76.51111119,3.46208204],[-76.51111319,3.46208914],[-76.51111071,3.46208222]]],[[[-76.51107767,3.46209464],[-76.51051524,3.46230603],[-76.5104416,3.46207768],[-76.51044398,3.46207677],[-76.5103549,3.46181376],[-76.51090217,3.46164305],[-76.51098999,3.46186903],[-76.51107767,3.46209464]]]]},"geometry_name":"the_geom","properties":{"nombre":"ESCUELA MARCELINO","localizaci":"CALLE 39 # 3 40","servicio":null,"tipo":null,"nivel":null,"propiedad":"PRIV","escala":"ZONAL","permanenci":"SI","estruc_eco":"NO","url1":null}},{"type":"Feature","id":"eqp_uco_educacion.4010","geometry":{"type":"MultiPolygon","coordinates":[[[[-76.53979737,3.33769026],[-76.53986116,3.33853519],[-76.53986107,3.33853521],[-76.53979182,3.3385468],[-76.5396745,3.33856644],[-76.53949845,3.33859591],[-76.53947887,3.33840412],[-76.53946152,3.33823404],[-76.53943969,3.33802015],[-76.5394985,3.33801571],[-76.53947722,3.33779454],[-76.53946765,3.33769513],[-76.53945085,3.3375205],[-76.53945057,3.33751765],[-76.53944328,3.33744186],[-76.53943565,3.33736256],[-76.53977112,3.33734264],[-76.53977246,3.33736038],[-76.53977333,3.3373719],[-76.53977674,3.33741703],[-76.53978225,3.33749007],[-76.53978215,3.33749008],[-76.53979727,3.33769032],[-76.53979737,3.33769026]]]]},"geometry_name":"the_geom","properties":{"nombre":"COLEGIO LIDERES","localizaci":"AV. LA MARIA CASA 35","servicio":"EDUCACION","tipo":"COLEGIO","nivel":"EDUCACION PREESCOLAR_EDUCACION BASICA_EDUCACION MEDIA VOCACIONAL","propiedad":"PRIV","escala":"URBANA","permanenci":"NO","estruc_eco":"NO","url1":null}},{"type":"Feature","id":"eqp_uco_educacion.4011","geometry":{"type":"MultiPolygon","coordinates":[[[[-76.53738058,3.3422365],[-76.53728806,3.34156754],[-76.53726386,3.34141257],[-76.53726309,3.34132454],[-76.53727208,3.34128953],[-76.53727207,3.34128755],[-76.53727387,3.34127458],[-76.53794067,3.34124536],[-76.53800134,3.34184908],[-76.53808739,3.34270621],[-76.53745464,3.3427305],[-76.5374231,3.34252013],[-76.53741739,3.34248208],[-76.53738058,3.3422365]]]]},"geometry_name":"the_geom","properties":{"nombre":"COLEGIO LA ARBOLEDA","localizaci":"KR 122 CL 15","servicio":"EDUCACION","tipo":"COLEGIO","nivel":"EDUCACION PREESCOLAR_EDUCACION BASICA_EDUCACION MEDIA VOCACIONAL","propiedad":"PRIV","escala":"REGIONAL","permanenci":"SI","estruc_eco":"NO","url1":null}},{"type":"Feature","id":"eqp_uco_educacion.4012","geometry":{"type":"MultiPolygon","coordinates":[[[[-76.53708009,3.4356701],[-76.53722237,3.43569566],[-76.5372543,3.43569699],[-76.53727841,3.43569799],[-76.53728012,3.43569807],[-76.53728211,3.43569815],[-76.53729926,3.43569886],[-76.53727372,3.43596748],[-76.53727263,3.43598009],[-76.53726675,3.4359799],[-76.53723215,3.43597878],[-76.53723215,3.4359833],[-76.53717614,3.43597986],[-76.53717614,3.43598439],[-76.53717614,3.43599342],[-76.5371453,3.43599152],[-76.53685188,3.43597345],[-76.5366851,3.43590308],[-76.53668997,3.43589184],[-76.53670852,3.43583131],[-76.53671653,3.43580518],[-76.53672448,3.43577925],[-76.53674265,3.43571999],[-76.53675295,3.43568637],[-76.53675699,3.4356732],[-76.53676327,3.43565271],[-76.53676375,3.43565115],[-76.53676402,3.43565027],[-76.53678266,3.43558924],[-76.53680024,3.43553167],[-76.53681894,3.43547043],[-76.53683737,3.43541008],[-76.53685456,3.43535377],[-76.53687331,3.43535803],[-76.53687959,3.43535946],[-76.53689955,3.435364],[-76.53692694,3.43537022],[-76.53693659,3.43537242],[-76.53696145,3.43537807],[-76.53698309,3.43538298],[-76.53700195,3.43538727],[-76.53701851,3.43539103],[-76.53706392,3.43540135],[-76.53708531,3.43540621],[-76.53708382,3.43544542],[-76.53708168,3.43550168],[-76.53707962,3.43555589],[-76.53708003,3.435656],[-76.53708009,3.4356701]]]]},"geometry_name":"the_geom","properties":{"nombre":"LICEO DEPARTAMENTAL SEDE LA GRAN COLOMBIA","localizaci":"CL 7 KR 24","servicio":"EDUCACION","tipo":"COLEGIO","nivel":"EDUCACION BASICA MEDIA","propiedad":"PRIV","escala":"ZONAL","permanenci":"NO","estruc_eco":"NO","url1":"http://idesc.cali.gov.co/download/pot_2014/resolucion_160_2019.pdf"}}],"totalFeatures":1337,"numberMatched":1337,"numberReturned":1337,"timeStamp":"2026-09-25T18:59:46.436Z","crs":{"type":"name","properties":{"name":"urn:ogc:def:crs:EPSG::4326"}}}