{"type":"FeatureCollection","features":[{"type":"Feature","id":"esf_establecimiento_educativo.fid--215d4958_1a0d9e21907_-76cb","geometry":{"type":"Point","coordinates":[-76.47865462,3.3124289]},"geometry_name":"the_geom","properties":{"gid":1,"eecoddane":"276001004889","eenomins":"Institucion Educativa El Hormiguero","eecodanant":"276001005427","eeconsede":"27600100488900","eenomsede":"Sede Antonio Villavicencio","eeidclasede":"SEDE","eeclasede":"Sede","eeidestado":"OF","eeestado":"Oficial","eedirecc":"CORREGIMIENTO EL HORMIGUERO - CASA 203","eenomcorto":"SD Antonio Villavicencio","eeidestado2":"SEDOF","eeestado2":"Sede - Oficial","eeidcomcor":"52","ecrcomcor":"Correg. El Hormiguero","eeidbarver":"5201","eebarver":"Hormiguero (Cabecera)","eefecact":"2023-06-30Z","ieogrado_2":0,"ieogrado_1":0,"ieogrado0":0,"ieogrado1":0,"ieogrado2":0,"ieogrado3":61,"ieogrado4":61,"ieogrado5":42,"ieogrado6":0,"ieogrado7":0,"ieogrado8":0,"ieogrado9":0,"ieogrado10":0,"ieogrado11":0,"ieogrado21":2,"ieogrado22":4,"ieogrado23":16,"ieogrado24":21,"ieogrado25":21,"ieogrado26":0,"ieogrado41":0,"ieogrado42":0,"ieogrado43":0,"ieogrado44":0,"ieogrado45":0,"ieogrado99":10,"ieomatrtot":238,"ieoestrat0":7,"ieoestrat1":152,"ieoestrat2":47,"ieoestrat3":16,"ieoestrat4":5,"ieoestrat5":3,"ieoestrat6":0,"ieoestrat9":8,"ieofemen":121,"ieomascul":117,"ieoalgdisc":12,"ieonarp":86,"ieoindigen":0,"ieofecha":"2024-04-03Z"}},{"type":"Feature","id":"esf_establecimiento_educativo.fid--215d4958_1a0d9e21907_-76ca","geometry":{"type":"Point","coordinates":[-76.50145701,3.31638075]},"geometry_name":"the_geom","properties":{"gid":2,"eecoddane":"276001004889","eenomins":"Institucion Educativa El Hormiguero","eecodanant":"276001004889","eeconsede":"27600100488900","eenomsede":"Institucion Educativa El Hormiguero - Pantano De Vargas","eeidclasede":"PRIN","eeclasede":"Principal","eeidestado":"OF","eeestado":"Oficial","eedirecc":"CRA 143 - CALLE CASCAJAL 2-10 CASA 210","eenomcorto":"IE El Hormiguero","eeidestado2":"IEOOF","eeestado2":"IEO - Oficial","eeidcomcor":"52","ecrcomcor":"Correg. El Hormiguero","eeidbarver":"5205","eebarver":"Cascajal","eefecact":"2023-06-30Z","ieogrado_2":0,"ieogrado_1":0,"ieogrado0":0,"ieogrado1":0,"ieogrado2":0,"ieogrado3":0,"ieogrado4":0,"ieogrado5":0,"ieogrado6":0,"ieogrado7":90,"ieogrado8":90,"ieogrado9":43,"ieogrado10":38,"ieogrado11":42,"ieogrado21":0,"ieogrado22":0,"ieogrado23":0,"ieogrado24":0,"ieogrado25":0,"ieogrado26":0,"ieogrado41":0,"ieogrado42":0,"ieogrado43":0,"ieogrado44":0,"ieogrado45":0,"ieogrado99":0,"ieomatrtot":303,"ieoestrat0":16,"ieoestrat1":158,"ieoestrat2":103,"ieoestrat3":16,"ieoestrat4":7,"ieoestrat5":0,"ieoestrat6":0,"ieoestrat9":3,"ieofemen":143,"ieomascul":160,"ieoalgdisc":3,"ieonarp":147,"ieoindigen":2,"ieofecha":"2024-04-03Z"}},{"type":"Feature","id":"esf_establecimiento_educativo.fid--215d4958_1a0d9e21907_-76c9","geometry":{"type":"Point","coordinates":[-76.49747823,3.31758113]},"geometry_name":"the_geom","properties":{"gid":3,"eecoddane":"276001004889","eenomins":"Institucion Educativa El Hormiguero","eecodanant":"276001800481","eeconsede":"27600100488900","eenomsede":"Hogar Juvenil Campesino El Hormiguero","eeidclasede":"SEDE","eeclasede":"Sede","eeidestado":"OF","eeestado":"Oficial","eedirecc":"VDA CASCAJAL","eenomcorto":"SD Hogar Juvenil Campesino El Hormiguero","eeidestado2":"SEDOF","eeestado2":"Sede - Oficial","eeidcomcor":"52","ecrcomcor":"Correg. El Hormiguero","eeidbarver":"5205","eebarver":"Cascajal","eefecact":"2023-06-30Z","ieogrado_2":0,"ieogrado_1":0,"ieogrado0":51,"ieogrado1":54,"ieogrado2":47,"ieogrado3":12,"ieogrado4":0,"ieogrado5":0,"ieogrado6":79,"ieogrado7":0,"ieogrado8":0,"ieogrado9":0,"ieogrado10":0,"ieogrado11":0,"ieogrado21":0,"ieogrado22":0,"ieogrado23":0,"ieogrado24":0,"ieogrado25":0,"ieogrado26":0,"ieogrado41":0,"ieogrado42":0,"ieogrado43":0,"ieogrado44":0,"ieogrado45":0,"ieogrado99":0,"ieomatrtot":243,"ieoestrat0":11,"ieoestrat1":136,"ieoestrat2":38,"ieoestrat3":13,"ieoestrat4":8,"ieoestrat5":0,"ieoestrat6":0,"ieoestrat9":37,"ieofemen":108,"ieomascul":135,"ieoalgdisc":7,"ieonarp":37,"ieoindigen":2,"ieofecha":"2024-04-03Z"}},{"type":"Feature","id":"esf_establecimiento_educativo.fid--215d4958_1a0d9e21907_-76c8","geometry":{"type":"Point","coordinates":[-76.59412749,3.32156178]},"geometry_name":"the_geom","properties":{"gid":4,"eecoddane":"276001008574","eenomins":"Institucion Educativa Pance","eecodanant":"276001007659","eeconsede":"27600100857400","eenomsede":"Laureano Gomez","eeidclasede":"SEDE","eeclasede":"Sede","eeidestado":"OF","eeestado":"Oficial","eedirecc":"VEREDA EL BANQUEO CORREGIMIENTO PANCE","eenomcorto":"SD Laureano Gomez","eeidestado2":"SEDOF","eeestado2":"Sede - Oficial","eeidcomcor":"53","ecrcomcor":"Correg. Pance","eeidbarver":"5306","eebarver":"El Banqueo","eefecact":"2023-06-30Z","ieogrado_2":0,"ieogrado_1":0,"ieogrado0":3,"ieogrado1":6,"ieogrado2":7,"ieogrado3":6,"ieogrado4":3,"ieogrado5":3,"ieogrado6":0,"ieogrado7":0,"ieogrado8":0,"ieogrado9":0,"ieogrado10":0,"ieogrado11":0,"ieogrado21":0,"ieogrado22":0,"ieogrado23":0,"ieogrado24":0,"ieogrado25":0,"ieogrado26":0,"ieogrado41":0,"ieogrado42":0,"ieogrado43":0,"ieogrado44":0,"ieogrado45":0,"ieogrado99":0,"ieomatrtot":28,"ieoestrat0":1,"ieoestrat1":21,"ieoestrat2":6,"ieoestrat3":0,"ieoestrat4":0,"ieoestrat5":0,"ieoestrat6":0,"ieoestrat9":0,"ieofemen":16,"ieomascul":12,"ieoalgdisc":0,"ieonarp":0,"ieoindigen":0,"ieofecha":"2024-04-03Z"}},{"type":"Feature","id":"esf_establecimiento_educativo.fid--215d4958_1a0d9e21907_-76c7","geometry":{"type":"Point","coordinates":[-76.63040914,3.32576125]},"geometry_name":"the_geom","properties":{"gid":5,"eecoddane":"276001008574","eenomins":"Institucion Educativa Pance","eecodanant":"276001005231","eeconsede":"27600100857400","eenomsede":"República De Santo Domingo","eeidclasede":"SEDE","eeclasede":"Sede","eeidestado":"OF","eeestado":"Oficial","eedirecc":"CORREGIMIENTO PANCE PUEBLO PANCE","eenomcorto":"SD República De Santo Domingo","eeidestado2":"SEDOF","eeestado2":"Sede - Oficial","eeidcomcor":"53","ecrcomcor":"Correg. Pance","eeidbarver":"5301","eebarver":"Pance (Cabecera)","eefecact":"2023-06-30Z","ieogrado_2":0,"ieogrado_1":0,"ieogrado0":11,"ieogrado1":24,"ieogrado2":15,"ieogrado3":20,"ieogrado4":23,"ieogrado5":14,"ieogrado6":17,"ieogrado7":15,"ieogrado8":20,"ieogrado9":14,"ieogrado10":11,"ieogrado11":10,"ieogrado21":0,"ieogrado22":0,"ieogrado23":0,"ieogrado24":0,"ieogrado25":0,"ieogrado26":0,"ieogrado41":0,"ieogrado42":0,"ieogrado43":0,"ieogrado44":0,"ieogrado45":0,"ieogrado99":0,"ieomatrtot":194,"ieoestrat0":10,"ieoestrat1":130,"ieoestrat2":23,"ieoestrat3":18,"ieoestrat4":7,"ieoestrat5":3,"ieoestrat6":0,"ieoestrat9":3,"ieofemen":97,"ieomascul":97,"ieoalgdisc":1,"ieonarp":6,"ieoindigen":3,"ieofecha":"2024-04-03Z"}},{"type":"Feature","id":"esf_establecimiento_educativo.fid--215d4958_1a0d9e21907_-76c6","geometry":{"type":"Point","coordinates":[-76.61048602,3.33292671]},"geometry_name":"the_geom","properties":{"gid":6,"eecoddane":"276001008574","eenomins":"Institucion Educativa Pance","eecodanant":"276001004838","eeconsede":"27600100857400","eenomsede":"San Francisco","eeidclasede":"SEDE","eeclasede":"Sede","eeidestado":"OF","eeestado":"Oficial","eedirecc":"VEREDA SAN FRANCISCO CORREGIMIENTO","eenomcorto":"SD San Francisco","eeidestado2":"SEDOF","eeestado2":"Sede - Oficial","eeidcomcor":"53","ecrcomcor":"Correg. Pance","eeidbarver":"5303","eebarver":"San Francisco","eefecact":"2023-06-30Z","ieogrado_2":0,"ieogrado_1":0,"ieogrado0":7,"ieogrado1":25,"ieogrado2":15,"ieogrado3":0,"ieogrado4":0,"ieogrado5":0,"ieogrado6":0,"ieogrado7":0,"ieogrado8":0,"ieogrado9":0,"ieogrado10":0,"ieogrado11":0,"ieogrado21":0,"ieogrado22":0,"ieogrado23":0,"ieogrado24":0,"ieogrado25":0,"ieogrado26":0,"ieogrado41":0,"ieogrado42":0,"ieogrado43":0,"ieogrado44":0,"ieogrado45":0,"ieogrado99":0,"ieomatrtot":47,"ieoestrat0":0,"ieoestrat1":25,"ieoestrat2":8,"ieoestrat3":7,"ieoestrat4":4,"ieoestrat5":1,"ieoestrat6":0,"ieoestrat9":2,"ieofemen":16,"ieomascul":31,"ieoalgdisc":0,"ieonarp":1,"ieoindigen":0,"ieofecha":"2024-04-03Z"}},{"type":"Feature","id":"esf_establecimiento_educativo.fid--215d4958_1a0d9e21907_-76c5","geometry":{"type":"Point","coordinates":[-76.59112903,3.34396839]},"geometry_name":"the_geom","properties":{"gid":7,"eecoddane":"276001008574","eenomins":"Institucion Educativa Pance","eecodanant":"276001008574","eeconsede":"27600100857400","eenomsede":"Institucion Educativa Pance","eeidclasede":"PRIN","eeclasede":"Principal","eeidestado":"OF","eeestado":"Oficial","eedirecc":"IND KILOMETRO 1 VIA LA VORAGINE","eenomcorto":"IE Pance","eeidestado2":"IEOOF","eeestado2":"IEO - Oficial","eeidcomcor":"53","ecrcomcor":"Correg. Pance","eeidbarver":"5302","eebarver":"La Voragine","eefecact":"2023-06-30Z","ieogrado_2":0,"ieogrado_1":0,"ieogrado0":0,"ieogrado1":0,"ieogrado2":0,"ieogrado3":0,"ieogrado4":0,"ieogrado5":0,"ieogrado6":27,"ieogrado7":22,"ieogrado8":23,"ieogrado9":22,"ieogrado10":20,"ieogrado11":13,"ieogrado21":0,"ieogrado22":0,"ieogrado23":0,"ieogrado24":0,"ieogrado25":0,"ieogrado26":0,"ieogrado41":0,"ieogrado42":0,"ieogrado43":0,"ieogrado44":0,"ieogrado45":0,"ieogrado99":0,"ieomatrtot":127,"ieoestrat0":2,"ieoestrat1":69,"ieoestrat2":28,"ieoestrat3":16,"ieoestrat4":9,"ieoestrat5":3,"ieoestrat6":0,"ieoestrat9":0,"ieofemen":54,"ieomascul":73,"ieoalgdisc":2,"ieonarp":9,"ieoindigen":0,"ieofecha":"2024-04-03Z"}},{"type":"Feature","id":"esf_establecimiento_educativo.fid--215d4958_1a0d9e21907_-76c4","geometry":{"type":"Point","coordinates":[-76.47899349,3.34626267]},"geometry_name":"the_geom","properties":{"gid":8,"eecoddane":"276001004889","eenomins":"Institucion Educativa El Hormiguero","eecodanant":"276001005443","eeconsede":"27600100488900","eenomsede":"Sede Tulia Borrero Mercado","eeidclasede":"SEDE","eeclasede":"Sede","eeidestado":"OF","eeestado":"Oficial","eedirecc":"VEREDA MORGAN CASA 05","eenomcorto":"SD Tulia Borrero Mercado","eeidestado2":"SEDOF","eeestado2":"Sede - Oficial","eeidcomcor":"52","ecrcomcor":"Correg. El Hormiguero","eeidbarver":"5202","eebarver":"Morgan","eefecact":"2023-06-30Z","ieogrado_2":0,"ieogrado_1":0,"ieogrado0":20,"ieogrado1":20,"ieogrado2":17,"ieogrado3":18,"ieogrado4":12,"ieogrado5":13,"ieogrado6":0,"ieogrado7":0,"ieogrado8":0,"ieogrado9":0,"ieogrado10":0,"ieogrado11":0,"ieogrado21":0,"ieogrado22":0,"ieogrado23":0,"ieogrado24":0,"ieogrado25":0,"ieogrado26":0,"ieogrado41":0,"ieogrado42":0,"ieogrado43":0,"ieogrado44":0,"ieogrado45":0,"ieogrado99":0,"ieomatrtot":100,"ieoestrat0":2,"ieoestrat1":57,"ieoestrat2":10,"ieoestrat3":15,"ieoestrat4":3,"ieoestrat5":0,"ieoestrat6":0,"ieoestrat9":13,"ieofemen":49,"ieomascul":51,"ieoalgdisc":1,"ieonarp":19,"ieoindigen":0,"ieofecha":"2024-04-03Z"}},{"type":"Feature","id":"esf_establecimiento_educativo.fid--215d4958_1a0d9e21907_-76c3","geometry":{"type":"Point","coordinates":[-76.5896778,3.34670683]},"geometry_name":"the_geom","properties":{"gid":9,"eecoddane":"276001008574","eenomins":"Institucion Educativa Pance","eecodanant":"276001004897","eeconsede":"27600100857400","eenomsede":"Pio Xii","eeidclasede":"SEDE","eeclasede":"Sede","eeidestado":"OF","eeestado":"Oficial","eedirecc":"CORREGIMIENTO PANCE VEREDA LA VORAGINE","eenomcorto":"SD Pio Xii","eeidestado2":"SEDOF","eeestado2":"Sede - Oficial","eeidcomcor":"54","ecrcomcor":"Correg. La Buitrera","eeidbarver":"5410","eebarver":"El Otoño","eefecact":"2023-06-30Z","ieogrado_2":0,"ieogrado_1":0,"ieogrado0":0,"ieogrado1":0,"ieogrado2":0,"ieogrado3":22,"ieogrado4":9,"ieogrado5":18,"ieogrado6":0,"ieogrado7":0,"ieogrado8":0,"ieogrado9":0,"ieogrado10":0,"ieogrado11":0,"ieogrado21":0,"ieogrado22":0,"ieogrado23":0,"ieogrado24":0,"ieogrado25":0,"ieogrado26":0,"ieogrado41":0,"ieogrado42":0,"ieogrado43":0,"ieogrado44":0,"ieogrado45":0,"ieogrado99":0,"ieomatrtot":49,"ieoestrat0":2,"ieoestrat1":23,"ieoestrat2":9,"ieoestrat3":12,"ieoestrat4":2,"ieoestrat5":0,"ieoestrat6":0,"ieoestrat9":1,"ieofemen":23,"ieomascul":26,"ieoalgdisc":0,"ieonarp":3,"ieoindigen":1,"ieofecha":"2024-04-03Z"}},{"type":"Feature","id":"esf_establecimiento_educativo.fid--215d4958_1a0d9e21907_-76c2","geometry":{"type":"Point","coordinates":[-76.51573507,3.35135165]},"geometry_name":"the_geom","properties":{"gid":10,"eecoddane":"176001013301","eenomins":"Institucion Educativa Tecnica De Ballet Clasico Incolballet","eecodanant":"176001013301","eeconsede":"17600101330100","eenomsede":"Institucion Educativa Tecnica De Ballet Clasico Incolballet - Sede Principal","eeidclasede":"PRIN","eeclasede":"Principal","eeidestado":"OF","eeestado":"Oficial","eedirecc":"KM 4 VIA JAMUNDI","eenomcorto":"IE Tecnica De Ballet Clasico Incolballet","eeidestado2":"IEOOF","eeestado2":"IEO - Oficial","eeidcomcor":"81","ecrcomcor":"Suelo Expansión","eeidbarver":"8110","eebarver":"Andalucía","eefecact":"2023-06-30Z","ieogrado_2":0,"ieogrado_1":0,"ieogrado0":0,"ieogrado1":0,"ieogrado2":0,"ieogrado3":0,"ieogrado4":19,"ieogrado5":20,"ieogrado6":50,"ieogrado7":43,"ieogrado8":33,"ieogrado9":37,"ieogrado10":31,"ieogrado11":28,"ieogrado21":0,"ieogrado22":0,"ieogrado23":0,"ieogrado24":0,"ieogrado25":0,"ieogrado26":0,"ieogrado41":0,"ieogrado42":0,"ieogrado43":0,"ieogrado44":0,"ieogrado45":0,"ieogrado99":0,"ieomatrtot":261,"ieoestrat0":3,"ieoestrat1":32,"ieoestrat2":105,"ieoestrat3":77,"ieoestrat4":32,"ieoestrat5":8,"ieoestrat6":0,"ieoestrat9":4,"ieofemen":204,"ieomascul":57,"ieoalgdisc":2,"ieonarp":12,"ieoindigen":1,"ieofecha":"2024-04-03Z"}},{"type":"Feature","id":"esf_establecimiento_educativo.fid--215d4958_1a0d9e21907_-76c1","geometry":{"type":"Point","coordinates":[-76.51435094,3.35855246]},"geometry_name":"the_geom","properties":{"gid":11,"eecoddane":"176001005341","eenomins":"Institucion Educativa Tecnica Ciudad De Cali","eecodanant":"176001800249","eeconsede":"17600100534100","eenomsede":"Centro De Formacion Juvenil Valle De Lili","eeidclasede":"SEDE","eeclasede":"Sede","eeidestado":"OF","eeestado":"Oficial","eedirecc":"KR 108 48 91","eenomcorto":"SD Centro De Formacion Juvenil Valle De Lili","eeidestado2":"SEDOF","eeestado2":"Sede - Oficial","eeidcomcor":"81","ecrcomcor":"Suelo Expansión","eeidbarver":"8106","eebarver":"El Guayabal 2","eefecact":"2023-06-30Z","ieogrado_2":0,"ieogrado_1":0,"ieogrado0":0,"ieogrado1":0,"ieogrado2":0,"ieogrado3":0,"ieogrado4":1,"ieogrado5":8,"ieogrado6":11,"ieogrado7":28,"ieogrado8":27,"ieogrado9":20,"ieogrado10":19,"ieogrado11":5,"ieogrado21":0,"ieogrado22":0,"ieogrado23":0,"ieogrado24":0,"ieogrado25":0,"ieogrado26":0,"ieogrado41":0,"ieogrado42":0,"ieogrado43":0,"ieogrado44":0,"ieogrado45":0,"ieogrado99":0,"ieomatrtot":119,"ieoestrat0":2,"ieoestrat1":58,"ieoestrat2":37,"ieoestrat3":5,"ieoestrat4":3,"ieoestrat5":0,"ieoestrat6":0,"ieoestrat9":14,"ieofemen":17,"ieomascul":102,"ieoalgdisc":3,"ieonarp":24,"ieoindigen":0,"ieofecha":"2024-04-03Z"}},{"type":"Feature","id":"esf_establecimiento_educativo.fid--215d4958_1a0d9e21907_-76c0","geometry":{"type":"Point","coordinates":[-76.52650993,3.36327838]},"geometry_name":"the_geom","properties":{"gid":12,"eecoddane":"176001013301","eenomins":"Institucion Educativa Tecnica De Ballet Clasico Incolballet","eecodanant":"176001021461","eeconsede":"17600101330100","eenomsede":"Sede Cañasgordas","eeidclasede":"SEDE","eeclasede":"Sede","eeidestado":"OF","eeestado":"Oficial","eedirecc":"CRA 102 21-81","eenomcorto":"SD Cañasgordas","eeidestado2":"SEDOF","eeestado2":"Sede - Oficial","eeidcomcor":"22","ecrcomcor":"Comuna 22","eeidbarver":"2297","eebarver":"Urbanización Rio Lili","eefecact":"2023-06-30Z","ieogrado_2":0,"ieogrado_1":0,"ieogrado0":23,"ieogrado1":49,"ieogrado2":26,"ieogrado3":24,"ieogrado4":20,"ieogrado5":19,"ieogrado6":0,"ieogrado7":0,"ieogrado8":0,"ieogrado9":0,"ieogrado10":0,"ieogrado11":0,"ieogrado21":0,"ieogrado22":0,"ieogrado23":0,"ieogrado24":0,"ieogrado25":0,"ieogrado26":0,"ieogrado41":0,"ieogrado42":0,"ieogrado43":0,"ieogrado44":0,"ieogrado45":0,"ieogrado99":0,"ieomatrtot":161,"ieoestrat0":0,"ieoestrat1":6,"ieoestrat2":56,"ieoestrat3":63,"ieoestrat4":24,"ieoestrat5":3,"ieoestrat6":1,"ieoestrat9":8,"ieofemen":119,"ieomascul":42,"ieoalgdisc":1,"ieonarp":2,"ieoindigen":0,"ieofecha":"2024-04-03Z"}},{"type":"Feature","id":"esf_establecimiento_educativo.fid--215d4958_1a0d9e21907_-76bf","geometry":{"type":"Point","coordinates":[-76.56300064,3.36482168]},"geometry_name":"the_geom","properties":{"gid":13,"eecoddane":"276001005184","eenomins":"Institucion Educativa La Buitrera","eecodanant":"276001005184","eeconsede":"27600100518400","eenomsede":"Institucion Educativa La Buitrera Jose Maria Garcia De Toledo","eeidclasede":"PRIN","eeclasede":"Principal","eeidestado":"OF","eeestado":"Oficial","eedirecc":"K.3 CORREGIMIENTO LA BIUTRERA","eenomcorto":"IE La Buitrera","eeidestado2":"IEOOF","eeestado2":"IEO - Oficial","eeidcomcor":"54","ecrcomcor":"Correg. La Buitrera","eeidbarver":"5401","eebarver":"Buitrera (Cabecera)","eefecact":"2023-06-30Z","ieogrado_2":0,"ieogrado_1":0,"ieogrado0":27,"ieogrado1":28,"ieogrado2":27,"ieogrado3":55,"ieogrado4":29,"ieogrado5":24,"ieogrado6":52,"ieogrado7":50,"ieogrado8":45,"ieogrado9":45,"ieogrado10":50,"ieogrado11":33,"ieogrado21":5,"ieogrado22":7,"ieogrado23":21,"ieogrado24":24,"ieogrado25":19,"ieogrado26":0,"ieogrado41":0,"ieogrado42":0,"ieogrado43":0,"ieogrado44":0,"ieogrado45":0,"ieogrado99":0,"ieomatrtot":541,"ieoestrat0":9,"ieoestrat1":402,"ieoestrat2":85,"ieoestrat3":30,"ieoestrat4":5,"ieoestrat5":1,"ieoestrat6":1,"ieoestrat9":8,"ieofemen":258,"ieomascul":283,"ieoalgdisc":5,"ieonarp":35,"ieoindigen":8,"ieofecha":"2024-04-03Z"}},{"type":"Feature","id":"esf_establecimiento_educativo.fid--215d4958_1a0d9e21907_-76be","geometry":{"type":"Point","coordinates":[-76.48010467,3.36604387]},"geometry_name":"the_geom","properties":{"gid":14,"eecoddane":"276001003289","eenomins":"Institucion Educativa Navarro","eecodanant":"276001003238","eeconsede":"27600100328900","eenomsede":"Sede Juan Del Corral","eeidclasede":"SEDE","eeclasede":"Sede","eeidestado":"OF","eeestado":"Oficial","eedirecc":"VEREDA EL ESTERO CORREGIMIENTO NAVARRO","eenomcorto":"SD Juan Del Corral","eeidestado2":"SEDOF","eeestado2":"Sede - Oficial","eeidcomcor":"51","ecrcomcor":"Correg. Navarro","eeidbarver":"5102","eebarver":"El Estero","eefecact":"2023-06-30Z","ieogrado_2":0,"ieogrado_1":0,"ieogrado0":7,"ieogrado1":9,"ieogrado2":11,"ieogrado3":5,"ieogrado4":6,"ieogrado5":3,"ieogrado6":0,"ieogrado7":0,"ieogrado8":0,"ieogrado9":0,"ieogrado10":0,"ieogrado11":0,"ieogrado21":0,"ieogrado22":0,"ieogrado23":0,"ieogrado24":0,"ieogrado25":0,"ieogrado26":0,"ieogrado41":0,"ieogrado42":0,"ieogrado43":0,"ieogrado44":0,"ieogrado45":0,"ieogrado99":0,"ieomatrtot":41,"ieoestrat0":1,"ieoestrat1":35,"ieoestrat2":4,"ieoestrat3":0,"ieoestrat4":0,"ieoestrat5":0,"ieoestrat6":0,"ieoestrat9":1,"ieofemen":16,"ieomascul":25,"ieoalgdisc":0,"ieonarp":5,"ieoindigen":0,"ieofecha":"2024-04-03Z"}},{"type":"Feature","id":"esf_establecimiento_educativo.fid--215d4958_1a0d9e21907_-76bd","geometry":{"type":"Point","coordinates":[-76.60949987,3.36897849]},"geometry_name":"the_geom","properties":{"gid":15,"eecoddane":"276001005184","eenomins":"Institucion Educativa La Buitrera","eecodanant":"176001003080","eeconsede":"27600100518400","eenomsede":"Centro Docente Soledad Acosta De Samper","eeidclasede":"SEDE","eeclasede":"Sede","eeidestado":"OF","eeestado":"Oficial","eedirecc":"KM 18 VEREDA EL OTOÑO","eenomcorto":"SD Centro Docente Soledad Acosta De Samper","eeidestado2":"SEDOF","eeestado2":"Sede - Oficial","eeidcomcor":"54","ecrcomcor":"Correg. La Buitrera","eeidbarver":"5410","eebarver":"El Otoño","eefecact":"2023-06-30Z","ieogrado_2":0,"ieogrado_1":0,"ieogrado0":2,"ieogrado1":2,"ieogrado2":5,"ieogrado3":5,"ieogrado4":4,"ieogrado5":4,"ieogrado6":0,"ieogrado7":0,"ieogrado8":0,"ieogrado9":0,"ieogrado10":0,"ieogrado11":0,"ieogrado21":0,"ieogrado22":0,"ieogrado23":0,"ieogrado24":0,"ieogrado25":0,"ieogrado26":0,"ieogrado41":0,"ieogrado42":0,"ieogrado43":0,"ieogrado44":0,"ieogrado45":0,"ieogrado99":0,"ieomatrtot":22,"ieoestrat0":3,"ieoestrat1":18,"ieoestrat2":0,"ieoestrat3":0,"ieoestrat4":1,"ieoestrat5":0,"ieoestrat6":0,"ieoestrat9":0,"ieofemen":9,"ieomascul":13,"ieoalgdisc":0,"ieonarp":0,"ieoindigen":2,"ieofecha":"2024-04-03Z"}},{"type":"Feature","id":"esf_establecimiento_educativo.fid--215d4958_1a0d9e21907_-76bc","geometry":{"type":"Point","coordinates":[-76.5512008,3.37388712]},"geometry_name":"the_geom","properties":{"gid":16,"eecoddane":"176001014138","eenomins":"Institucion Educativa La Esperanza","eecodanant":"176001004574","eeconsede":"17600101413800","eenomsede":"Monseñor Luis Adriano Diaz","eeidclasede":"SEDE","eeclasede":"Sede","eeidestado":"OF","eeestado":"Oficial","eedirecc":"KR 94 C 2 111","eenomcorto":"SD Monseñor Luis Adriano Diaz","eeidestado2":"SEDOF","eeestado2":"Sede - Oficial","eeidcomcor":"18","ecrcomcor":"Comuna 18","eeidbarver":"1815","eebarver":"El Jordán","eefecact":"2023-06-30Z","ieogrado_2":0,"ieogrado_1":0,"ieogrado0":17,"ieogrado1":32,"ieogrado2":28,"ieogrado3":27,"ieogrado4":28,"ieogrado5":27,"ieogrado6":0,"ieogrado7":0,"ieogrado8":0,"ieogrado9":0,"ieogrado10":0,"ieogrado11":0,"ieogrado21":0,"ieogrado22":0,"ieogrado23":0,"ieogrado24":0,"ieogrado25":0,"ieogrado26":0,"ieogrado41":0,"ieogrado42":0,"ieogrado43":0,"ieogrado44":0,"ieogrado45":0,"ieogrado99":0,"ieomatrtot":159,"ieoestrat0":6,"ieoestrat1":110,"ieoestrat2":36,"ieoestrat3":6,"ieoestrat4":0,"ieoestrat5":0,"ieoestrat6":0,"ieoestrat9":1,"ieofemen":73,"ieomascul":86,"ieoalgdisc":0,"ieonarp":5,"ieoindigen":3,"ieofecha":"2024-04-03Z"}},{"type":"Feature","id":"esf_establecimiento_educativo.fid--215d4958_1a0d9e21907_-76bb","geometry":{"type":"Point","coordinates":[-76.55905803,3.37480028]},"geometry_name":"the_geom","properties":{"gid":17,"eecoddane":"176001014138","eenomins":"Institucion Educativa La Esperanza","eecodanant":"176001005023","eeconsede":"17600101413800","eenomsede":"Magdalena Ortega De Nariño","eeidclasede":"SEDE","eeclasede":"Sede","eeidestado":"OF","eeestado":"Oficial","eedirecc":"CL 4 OESTE 94 A 54","eenomcorto":"SD Magdalena Ortega De Nariño","eeidestado2":"SEDOF","eeestado2":"Sede - Oficial","eeidcomcor":"18","ecrcomcor":"Comuna 18","eeidbarver":"1891","eebarver":"Polvorines","eefecact":"2023-06-30Z","ieogrado_2":0,"ieogrado_1":0,"ieogrado0":25,"ieogrado1":35,"ieogrado2":35,"ieogrado3":70,"ieogrado4":35,"ieogrado5":60,"ieogrado6":55,"ieogrado7":43,"ieogrado8":61,"ieogrado9":37,"ieogrado10":34,"ieogrado11":31,"ieogrado21":0,"ieogrado22":18,"ieogrado23":25,"ieogrado24":17,"ieogrado25":27,"ieogrado26":0,"ieogrado41":0,"ieogrado42":0,"ieogrado43":0,"ieogrado44":0,"ieogrado45":0,"ieogrado99":0,"ieomatrtot":608,"ieoestrat0":22,"ieoestrat1":494,"ieoestrat2":68,"ieoestrat3":13,"ieoestrat4":0,"ieoestrat5":0,"ieoestrat6":0,"ieoestrat9":11,"ieofemen":328,"ieomascul":280,"ieoalgdisc":2,"ieonarp":24,"ieoindigen":9,"ieofecha":"2024-04-03Z"}},{"type":"Feature","id":"esf_establecimiento_educativo.fid--215d4958_1a0d9e21907_-76ba","geometry":{"type":"Point","coordinates":[-76.59463617,3.37574313]},"geometry_name":"the_geom","properties":{"gid":18,"eecoddane":"276001005184","eenomins":"Institucion Educativa La Buitrera","eecodanant":"276001005141","eeconsede":"27600100518400","eenomsede":"Centro Docente Los Comuneros","eeidclasede":"SEDE","eeclasede":"Sede","eeidestado":"OF","eeestado":"Oficial","eedirecc":"KM 14 ALTOS DEL ROSARIO VIA LA BUITRERA","eenomcorto":"SD Centro Docente Los Comuneros","eeidestado2":"SEDOF","eeestado2":"Sede - Oficial","eeidcomcor":"54","ecrcomcor":"Correg. La Buitrera","eeidbarver":"5409","eebarver":"El Rosario","eefecact":"2023-06-30Z","ieogrado_2":0,"ieogrado_1":0,"ieogrado0":12,"ieogrado1":8,"ieogrado2":15,"ieogrado3":12,"ieogrado4":15,"ieogrado5":22,"ieogrado6":23,"ieogrado7":13,"ieogrado8":16,"ieogrado9":12,"ieogrado10":22,"ieogrado11":8,"ieogrado21":0,"ieogrado22":0,"ieogrado23":0,"ieogrado24":0,"ieogrado25":0,"ieogrado26":0,"ieogrado41":0,"ieogrado42":0,"ieogrado43":0,"ieogrado44":0,"ieogrado45":0,"ieogrado99":0,"ieomatrtot":178,"ieoestrat0":5,"ieoestrat1":140,"ieoestrat2":20,"ieoestrat3":10,"ieoestrat4":1,"ieoestrat5":1,"ieoestrat6":0,"ieoestrat9":1,"ieofemen":79,"ieomascul":99,"ieoalgdisc":6,"ieonarp":3,"ieoindigen":6,"ieofecha":"2024-04-03Z"}},{"type":"Feature","id":"esf_establecimiento_educativo.fid--215d4958_1a0d9e21907_-76b9","geometry":{"type":"Point","coordinates":[-76.55492138,3.37613049]},"geometry_name":"the_geom","properties":{"gid":19,"eecoddane":"176001014138","eenomins":"Institucion Educativa La Esperanza","eecodanant":"176001014138","eeconsede":"17600101413800","eenomsede":"Institucion Educativa La Esperanza","eeidclasede":"PRIN","eeclasede":"Principal","eeidestado":"OF","eeestado":"Oficial","eedirecc":"IND KR 94 A OESTE 1A 1 46","eenomcorto":"IE La Esperanza","eeidestado2":"IEOOF","eeestado2":"IEO - Oficial","eeidcomcor":"18","ecrcomcor":"Comuna 18","eeidbarver":"1897","eebarver":"Sector Alto Jordán","eefecact":"2023-06-30Z","ieogrado_2":0,"ieogrado_1":0,"ieogrado0":25,"ieogrado1":36,"ieogrado2":38,"ieogrado3":34,"ieogrado4":27,"ieogrado5":29,"ieogrado6":59,"ieogrado7":53,"ieogrado8":48,"ieogrado9":35,"ieogrado10":25,"ieogrado11":29,"ieogrado21":0,"ieogrado22":0,"ieogrado23":12,"ieogrado24":21,"ieogrado25":18,"ieogrado26":0,"ieogrado41":0,"ieogrado42":0,"ieogrado43":0,"ieogrado44":0,"ieogrado45":0,"ieogrado99":0,"ieomatrtot":489,"ieoestrat0":18,"ieoestrat1":340,"ieoestrat2":115,"ieoestrat3":6,"ieoestrat4":1,"ieoestrat5":0,"ieoestrat6":0,"ieoestrat9":9,"ieofemen":253,"ieomascul":236,"ieoalgdisc":5,"ieonarp":24,"ieoindigen":5,"ieofecha":"2024-04-03Z"}},{"type":"Feature","id":"esf_establecimiento_educativo.fid--215d4958_1a0d9e21907_-76b8","geometry":{"type":"Point","coordinates":[-76.56406181,3.3767276]},"geometry_name":"the_geom","properties":{"gid":20,"eecoddane":"276001005184","eenomins":"Institucion Educativa La Buitrera","eecodanant":"276001800260","eeconsede":"27600100518400","eenomsede":"San Gabriel","eeidclasede":"SEDE","eeclasede":"Sede","eeidestado":"OF","eeestado":"Oficial","eedirecc":"IND KM 4 SECTOR POLVORINES","eenomcorto":"SD San Gabriel","eeidestado2":"SEDOF","eeestado2":"Sede - Oficial","eeidcomcor":"54","ecrcomcor":"Correg. La Buitrera","eeidbarver":"5401","eebarver":"Buitrera (Cabecera)","eefecact":"2023-06-30Z","ieogrado_2":0,"ieogrado_1":0,"ieogrado0":25,"ieogrado1":27,"ieogrado2":29,"ieogrado3":27,"ieogrado4":30,"ieogrado5":44,"ieogrado6":52,"ieogrado7":58,"ieogrado8":24,"ieogrado9":57,"ieogrado10":45,"ieogrado11":37,"ieogrado21":0,"ieogrado22":0,"ieogrado23":0,"ieogrado24":0,"ieogrado25":0,"ieogrado26":0,"ieogrado41":0,"ieogrado42":0,"ieogrado43":0,"ieogrado44":0,"ieogrado45":0,"ieogrado99":18,"ieomatrtot":473,"ieoestrat0":20,"ieoestrat1":374,"ieoestrat2":60,"ieoestrat3":10,"ieoestrat4":0,"ieoestrat5":0,"ieoestrat6":0,"ieoestrat9":9,"ieofemen":238,"ieomascul":235,"ieoalgdisc":2,"ieonarp":47,"ieoindigen":14,"ieofecha":"2024-04-03Z"}},{"type":"Feature","id":"esf_establecimiento_educativo.fid--215d4958_1a0d9e21907_-76b7","geometry":{"type":"Point","coordinates":[-76.54598698,3.37706363]},"geometry_name":"the_geom","properties":{"gid":21,"eecoddane":"176001011163","eenomins":"Institucion Educativa Alvaro Echeverry Perea","eecodanant":"176001005074","eeconsede":"17600101116300","eenomsede":"Luis Eduardo Nieto Caballero","eeidclasede":"SEDE","eeclasede":"Sede","eeidestado":"OF","eeestado":"Oficial","eedirecc":"KR 92 4 119","eenomcorto":"SD Luis Eduardo Nieto Caballero","eeidestado2":"SEDOF","eeestado2":"Sede - Oficial","eeidcomcor":"18","ecrcomcor":"Comuna 18","eeidbarver":"1804","eebarver":"Meléndez","eefecact":"2023-06-30Z","ieogrado_2":0,"ieogrado_1":0,"ieogrado0":0,"ieogrado1":0,"ieogrado2":135,"ieogrado3":126,"ieogrado4":0,"ieogrado5":0,"ieogrado6":175,"ieogrado7":155,"ieogrado8":0,"ieogrado9":0,"ieogrado10":0,"ieogrado11":0,"ieogrado21":0,"ieogrado22":0,"ieogrado23":0,"ieogrado24":0,"ieogrado25":0,"ieogrado26":0,"ieogrado41":0,"ieogrado42":0,"ieogrado43":0,"ieogrado44":0,"ieogrado45":0,"ieogrado99":26,"ieomatrtot":617,"ieoestrat0":17,"ieoestrat1":282,"ieoestrat2":250,"ieoestrat3":39,"ieoestrat4":3,"ieoestrat5":0,"ieoestrat6":0,"ieoestrat9":26,"ieofemen":302,"ieomascul":315,"ieoalgdisc":11,"ieonarp":23,"ieoindigen":4,"ieofecha":"2024-04-03Z"}},{"type":"Feature","id":"esf_establecimiento_educativo.fid--215d4958_1a0d9e21907_-76b6","geometry":{"type":"Point","coordinates":[-76.54701914,3.37723466]},"geometry_name":"the_geom","properties":{"gid":22,"eecoddane":"176001011163","eenomins":"Institucion Educativa Alvaro Echeverry Perea","eecodanant":"176001005082","eeconsede":"17600101116300","eenomsede":"Rufino Jose Cuervo","eeidclasede":"SEDE","eeclasede":"Sede","eeidestado":"OF","eeestado":"Oficial","eedirecc":"CL 4 92 04","eenomcorto":"SD Rufino Jose Cuervo","eeidestado2":"SEDOF","eeestado2":"Sede - Oficial","eeidcomcor":"18","ecrcomcor":"Comuna 18","eeidbarver":"1816","eebarver":"Cuarteles de Nápoles","eefecact":"2023-06-30Z","ieogrado_2":0,"ieogrado_1":0,"ieogrado0":0,"ieogrado1":0,"ieogrado2":0,"ieogrado3":69,"ieogrado4":208,"ieogrado5":196,"ieogrado6":0,"ieogrado7":0,"ieogrado8":0,"ieogrado9":0,"ieogrado10":0,"ieogrado11":0,"ieogrado21":0,"ieogrado22":0,"ieogrado23":0,"ieogrado24":0,"ieogrado25":0,"ieogrado26":0,"ieogrado41":0,"ieogrado42":0,"ieogrado43":0,"ieogrado44":0,"ieogrado45":0,"ieogrado99":24,"ieomatrtot":497,"ieoestrat0":11,"ieoestrat1":249,"ieoestrat2":160,"ieoestrat3":51,"ieoestrat4":6,"ieoestrat5":0,"ieoestrat6":0,"ieoestrat9":20,"ieofemen":244,"ieomascul":253,"ieoalgdisc":8,"ieonarp":6,"ieoindigen":10,"ieofecha":"2024-04-03Z"}},{"type":"Feature","id":"esf_establecimiento_educativo.fid--215d4958_1a0d9e21907_-76b5","geometry":{"type":"Point","coordinates":[-76.54695314,3.37724466]},"geometry_name":"the_geom","properties":{"gid":23,"eecoddane":"176001011163","eenomins":"Institucion Educativa Alvaro Echeverry Perea","eecodanant":"176001011163","eeconsede":"17600101116300","eenomsede":"Institucion Educativa Alvaro Echeverry - Sede Principal","eeidclasede":"PRIN","eeclasede":"Principal","eeidestado":"OF","eeestado":"Oficial","eedirecc":"CL 4 92 04","eenomcorto":"IE Alvaro Echeverry Perea","eeidestado2":"IEOOF","eeestado2":"IEO - Oficial","eeidcomcor":"18","ecrcomcor":"Comuna 18","eeidbarver":"1804","eebarver":"Meléndez","eefecact":"2023-06-30Z","ieogrado_2":0,"ieogrado_1":0,"ieogrado0":0,"ieogrado1":0,"ieogrado2":0,"ieogrado3":0,"ieogrado4":0,"ieogrado5":0,"ieogrado6":0,"ieogrado7":0,"ieogrado8":152,"ieogrado9":131,"ieogrado10":143,"ieogrado11":107,"ieogrado21":0,"ieogrado22":9,"ieogrado23":16,"ieogrado24":31,"ieogrado25":25,"ieogrado26":0,"ieogrado41":0,"ieogrado42":0,"ieogrado43":0,"ieogrado44":0,"ieogrado45":0,"ieogrado99":0,"ieomatrtot":614,"ieoestrat0":6,"ieoestrat1":305,"ieoestrat2":257,"ieoestrat3":35,"ieoestrat4":6,"ieoestrat5":3,"ieoestrat6":0,"ieoestrat9":2,"ieofemen":301,"ieomascul":313,"ieoalgdisc":5,"ieonarp":27,"ieoindigen":4,"ieofecha":"2024-04-03Z"}},{"type":"Feature","id":"esf_establecimiento_educativo.fid--215d4958_1a0d9e21907_-76b4","geometry":{"type":"Point","coordinates":[-76.55051469,3.37732867]},"geometry_name":"the_geom","properties":{"gid":24,"eecoddane":"176001011163","eenomins":"Institucion Educativa Alvaro Echeverry Perea","eecodanant":"176001004850","eeconsede":"17600101116300","eenomsede":"Eduardo Riascos Grueso","eeidclasede":"SEDE","eeclasede":"Sede","eeidestado":"OF","eeestado":"Oficial","eedirecc":"KR 93 2 A 02","eenomcorto":"SD Eduardo Riascos Grueso","eeidestado2":"SEDOF","eeestado2":"Sede - Oficial","eeidcomcor":"18","ecrcomcor":"Comuna 18","eeidbarver":"1815","eebarver":"El Jordán","eefecact":"2023-06-30Z","ieogrado_2":0,"ieogrado_1":0,"ieogrado0":130,"ieogrado1":217,"ieogrado2":75,"ieogrado3":0,"ieogrado4":0,"ieogrado5":0,"ieogrado6":0,"ieogrado7":0,"ieogrado8":0,"ieogrado9":0,"ieogrado10":0,"ieogrado11":0,"ieogrado21":0,"ieogrado22":0,"ieogrado23":0,"ieogrado24":0,"ieogrado25":0,"ieogrado26":0,"ieogrado41":0,"ieogrado42":0,"ieogrado43":0,"ieogrado44":0,"ieogrado45":0,"ieogrado99":0,"ieomatrtot":422,"ieoestrat0":6,"ieoestrat1":191,"ieoestrat2":189,"ieoestrat3":19,"ieoestrat4":3,"ieoestrat5":1,"ieoestrat6":1,"ieoestrat9":12,"ieofemen":215,"ieomascul":207,"ieoalgdisc":8,"ieonarp":4,"ieoindigen":5,"ieofecha":"2024-04-03Z"}},{"type":"Feature","id":"esf_establecimiento_educativo.fid--215d4958_1a0d9e21907_-76b3","geometry":{"type":"Point","coordinates":[-76.55908603,3.37767274]},"geometry_name":"the_geom","properties":{"gid":25,"eecoddane":"176001014138","eenomins":"Institucion Educativa La Esperanza","eecodanant":"176001800036","eeconsede":"17600101413800","eenomsede":"Escuela Minuto De Dios","eeidclasede":"SEDE","eeclasede":"Sede","eeidestado":"OF","eeestado":"Oficial","eedirecc":"KR 93 3 00","eenomcorto":"SD Escuela Minuto De Dios","eeidestado2":"SEDOF","eeestado2":"Sede - Oficial","eeidcomcor":"18","ecrcomcor":"Comuna 18","eeidbarver":"1897","eebarver":"Sector Alto Jordán","eefecact":"2023-06-30Z","ieogrado_2":0,"ieogrado_1":0,"ieogrado0":24,"ieogrado1":26,"ieogrado2":28,"ieogrado3":25,"ieogrado4":25,"ieogrado5":24,"ieogrado6":0,"ieogrado7":0,"ieogrado8":0,"ieogrado9":0,"ieogrado10":0,"ieogrado11":0,"ieogrado21":0,"ieogrado22":0,"ieogrado23":0,"ieogrado24":0,"ieogrado25":0,"ieogrado26":0,"ieogrado41":0,"ieogrado42":0,"ieogrado43":0,"ieogrado44":0,"ieogrado45":0,"ieogrado99":0,"ieomatrtot":152,"ieoestrat0":10,"ieoestrat1":121,"ieoestrat2":17,"ieoestrat3":1,"ieoestrat4":0,"ieoestrat5":0,"ieoestrat6":0,"ieoestrat9":3,"ieofemen":82,"ieomascul":70,"ieoalgdisc":1,"ieonarp":5,"ieoindigen":8,"ieofecha":"2024-04-03Z"}},{"type":"Feature","id":"esf_establecimiento_educativo.fid--215d4958_1a0d9e21907_-76b2","geometry":{"type":"Point","coordinates":[-76.6167861,3.37804859]},"geometry_name":"the_geom","properties":{"gid":26,"eecoddane":"276001005133","eenomins":"Institucion Educativa Villacarmelo","eecodanant":"276001006032","eeconsede":"27600100513300","eenomsede":"Sede Nuestra Señora Del Carmen","eeidclasede":"SEDE","eeclasede":"Sede","eeidestado":"OF","eeestado":"Oficial","eedirecc":"CABECERA CORREGIMIENTO VILLACARMELO","eenomcorto":"SD Nuestra Señora Del Carmen","eeidestado2":"SEDOF","eeestado2":"Sede - Oficial","eeidcomcor":"55","ecrcomcor":"Correg. Villacarmelo","eeidbarver":"5501","eebarver":"Villacarmelo (Cabecera)","eefecact":"2023-06-30Z","ieogrado_2":0,"ieogrado_1":0,"ieogrado0":45,"ieogrado1":56,"ieogrado2":40,"ieogrado3":41,"ieogrado4":52,"ieogrado5":47,"ieogrado6":0,"ieogrado7":0,"ieogrado8":0,"ieogrado9":0,"ieogrado10":0,"ieogrado11":0,"ieogrado21":0,"ieogrado22":0,"ieogrado23":0,"ieogrado24":0,"ieogrado25":0,"ieogrado26":0,"ieogrado41":0,"ieogrado42":0,"ieogrado43":0,"ieogrado44":0,"ieogrado45":0,"ieogrado99":0,"ieomatrtot":281,"ieoestrat0":29,"ieoestrat1":181,"ieoestrat2":32,"ieoestrat3":9,"ieoestrat4":2,"ieoestrat5":0,"ieoestrat6":0,"ieoestrat9":28,"ieofemen":119,"ieomascul":162,"ieoalgdisc":1,"ieonarp":4,"ieoindigen":13,"ieofecha":"2024-04-03Z"}},{"type":"Feature","id":"esf_establecimiento_educativo.fid--215d4958_1a0d9e21907_-76b1","geometry":{"type":"Point","coordinates":[-76.5687806,3.38145491]},"geometry_name":"the_geom","properties":{"gid":27,"eecoddane":"276001005184","eenomins":"Institucion Educativa La Buitrera","eecodanant":"276001003394","eeconsede":"27600100518400","eenomsede":"Centro Docente Nuestra Señora De Las Lajas","eeidclasede":"SEDE","eeclasede":"Sede","eeidestado":"OF","eeestado":"Oficial","eedirecc":"KM 5 5 VIA LA BUITRERA","eenomcorto":"SD Centro Docente Nuestra Señora De Las Lajas","eeidestado2":"SEDOF","eeestado2":"Sede - Oficial","eeidcomcor":"54","ecrcomcor":"Correg. La Buitrera","eeidbarver":"5401","eebarver":"Buitrera (Cabecera)","eefecact":"2023-06-30Z","ieogrado_2":0,"ieogrado_1":0,"ieogrado0":25,"ieogrado1":24,"ieogrado2":32,"ieogrado3":27,"ieogrado4":27,"ieogrado5":28,"ieogrado6":37,"ieogrado7":42,"ieogrado8":29,"ieogrado9":26,"ieogrado10":24,"ieogrado11":21,"ieogrado21":3,"ieogrado22":4,"ieogrado23":10,"ieogrado24":2,"ieogrado25":0,"ieogrado26":0,"ieogrado41":0,"ieogrado42":0,"ieogrado43":0,"ieogrado44":0,"ieogrado45":0,"ieogrado99":0,"ieomatrtot":361,"ieoestrat0":8,"ieoestrat1":287,"ieoestrat2":51,"ieoestrat3":8,"ieoestrat4":2,"ieoestrat5":1,"ieoestrat6":0,"ieoestrat9":4,"ieofemen":155,"ieomascul":206,"ieoalgdisc":4,"ieonarp":19,"ieoindigen":4,"ieofecha":"2024-04-03Z"}},{"type":"Feature","id":"esf_establecimiento_educativo.fid--215d4958_1a0d9e21907_-76b0","geometry":{"type":"Point","coordinates":[-76.55897202,3.38223848]},"geometry_name":"the_geom","properties":{"gid":28,"eecoddane":"176001800206","eenomins":"Institucion Educativa General Jose Maria Cabal","eecodanant":"176001800206","eeconsede":"17600180020600","eenomsede":"Institucion Educativa General Jose Maria Cabal-Sede Principal","eeidclasede":"PRIN","eeclasede":"Principal","eeidestado":"OF","eeestado":"Oficial","eedirecc":"IND CL 2 C 83 30","eenomcorto":"IE General Jose Maria Cabal","eeidestado2":"IEOOF","eeestado2":"IEO - Oficial","eeidcomcor":"18","ecrcomcor":"Comuna 18","eeidbarver":"1816","eebarver":"Cuarteles de Nápoles","eefecact":"2023-06-30Z","ieogrado_2":0,"ieogrado_1":0,"ieogrado0":141,"ieogrado1":190,"ieogrado2":145,"ieogrado3":155,"ieogrado4":145,"ieogrado5":107,"ieogrado6":169,"ieogrado7":138,"ieogrado8":139,"ieogrado9":122,"ieogrado10":125,"ieogrado11":113,"ieogrado21":3,"ieogrado22":10,"ieogrado23":20,"ieogrado24":20,"ieogrado25":20,"ieogrado26":3,"ieogrado41":0,"ieogrado42":0,"ieogrado43":0,"ieogrado44":0,"ieogrado45":0,"ieogrado99":21,"ieomatrtot":1786,"ieoestrat0":52,"ieoestrat1":1030,"ieoestrat2":130,"ieoestrat3":36,"ieoestrat4":0,"ieoestrat5":2,"ieoestrat6":3,"ieoestrat9":533,"ieofemen":888,"ieomascul":898,"ieoalgdisc":21,"ieonarp":70,"ieoindigen":69,"ieofecha":"2024-04-03Z"}},{"type":"Feature","id":"esf_establecimiento_educativo.fid--215d4958_1a0d9e21907_-76af","geometry":{"type":"Point","coordinates":[-76.5466306,3.38306735]},"geometry_name":"the_geom","properties":{"gid":29,"eecoddane":"376001013521","eenomins":"Liceos Del Ejercito Pichincha","eecodanant":"376001013521","eeconsede":"37600101352100","eenomsede":"Liceos Del Ejercito Pichincha","eeidclasede":"PRIN","eeclasede":"Principal","eeidestado":"RE","eeestado":"Régimen Especial","eedirecc":"IND CL 5 NO. 83 00","eenomcorto":"Liceos Del Ejercito Pichincha","eeidestado2":"IEORE","eeestado2":"IEO - Régimen Especial","eeidcomcor":"18","ecrcomcor":"Comuna 18","eeidbarver":"1816","eebarver":"Cuarteles de Nápoles","eefecact":"2023-06-30Z","ieogrado_2":4,"ieogrado_1":6,"ieogrado0":10,"ieogrado1":19,"ieogrado2":16,"ieogrado3":23,"ieogrado4":20,"ieogrado5":26,"ieogrado6":22,"ieogrado7":31,"ieogrado8":29,"ieogrado9":32,"ieogrado10":22,"ieogrado11":28,"ieogrado21":0,"ieogrado22":0,"ieogrado23":0,"ieogrado24":0,"ieogrado25":0,"ieogrado26":0,"ieogrado41":0,"ieogrado42":0,"ieogrado43":0,"ieogrado44":0,"ieogrado45":0,"ieogrado99":0,"ieomatrtot":288,"ieoestrat0":0,"ieoestrat1":20,"ieoestrat2":43,"ieoestrat3":181,"ieoestrat4":30,"ieoestrat5":4,"ieoestrat6":3,"ieoestrat9":7,"ieofemen":147,"ieomascul":141,"ieoalgdisc":4,"ieonarp":3,"ieoindigen":0,"ieofecha":"2024-04-03Z"}},{"type":"Feature","id":"esf_establecimiento_educativo.fid--215d4958_1a0d9e21907_-76ae","geometry":{"type":"Point","coordinates":[-76.55584373,3.38649162]},"geometry_name":"the_geom","properties":{"gid":30,"eecoddane":"176001012101","eenomins":"Institucion Educativa Juan Pablo Ii","eecodanant":"176001012101","eeconsede":"17600101210100","eenomsede":"Institucion Educativa Juan Pablo Ii - Sede Principal","eeidclasede":"PRIN","eeclasede":"Principal","eeidestado":"OF","eeestado":"Oficial","eedirecc":"CL 1 A 78 23","eenomcorto":"IE Juan Pablo Ii","eeidestado2":"IEOOF","eeestado2":"IEO - Oficial","eeidcomcor":"18","ecrcomcor":"Comuna 18","eeidbarver":"1808","eebarver":"Prados del Sur","eefecact":"2023-06-30Z","ieogrado_2":0,"ieogrado_1":0,"ieogrado0":24,"ieogrado1":60,"ieogrado2":64,"ieogrado3":45,"ieogrado4":48,"ieogrado5":53,"ieogrado6":95,"ieogrado7":65,"ieogrado8":55,"ieogrado9":48,"ieogrado10":49,"ieogrado11":46,"ieogrado21":0,"ieogrado22":0,"ieogrado23":0,"ieogrado24":0,"ieogrado25":0,"ieogrado26":0,"ieogrado41":0,"ieogrado42":0,"ieogrado43":0,"ieogrado44":0,"ieogrado45":0,"ieogrado99":24,"ieomatrtot":676,"ieoestrat0":27,"ieoestrat1":450,"ieoestrat2":155,"ieoestrat3":23,"ieoestrat4":3,"ieoestrat5":0,"ieoestrat6":0,"ieoestrat9":18,"ieofemen":327,"ieomascul":349,"ieoalgdisc":9,"ieonarp":34,"ieoindigen":16,"ieofecha":"2024-04-03Z"}},{"type":"Feature","id":"esf_establecimiento_educativo.fid--215d4958_1a0d9e21907_-76ad","geometry":{"type":"Point","coordinates":[-76.55969813,3.38811442]},"geometry_name":"the_geom","properties":{"gid":31,"eecoddane":"176001012101","eenomins":"Institucion Educativa Juan Pablo Ii","eecodanant":"176001022572","eeconsede":"17600101210100","eenomsede":"Templo Del Saber","eeidclasede":"SEDE","eeclasede":"Sede","eeidestado":"OF","eeestado":"Oficial","eedirecc":"CL 2 C OESTE 75 10","eenomcorto":"SD Templo Del Saber","eeidestado2":"SEDOF","eeestado2":"Sede - Oficial","eeidcomcor":"18","ecrcomcor":"Comuna 18","eeidbarver":"1890","eebarver":"Sector Alto de los Chorros","eefecact":"2023-06-30Z","ieogrado_2":0,"ieogrado_1":0,"ieogrado0":48,"ieogrado1":71,"ieogrado2":66,"ieogrado3":65,"ieogrado4":59,"ieogrado5":60,"ieogrado6":0,"ieogrado7":0,"ieogrado8":0,"ieogrado9":0,"ieogrado10":0,"ieogrado11":0,"ieogrado21":0,"ieogrado22":0,"ieogrado23":0,"ieogrado24":0,"ieogrado25":0,"ieogrado26":0,"ieogrado41":0,"ieogrado42":0,"ieogrado43":0,"ieogrado44":0,"ieogrado45":0,"ieogrado99":0,"ieomatrtot":369,"ieoestrat0":8,"ieoestrat1":325,"ieoestrat2":11,"ieoestrat3":19,"ieoestrat4":0,"ieoestrat5":0,"ieoestrat6":0,"ieoestrat9":6,"ieofemen":185,"ieomascul":184,"ieoalgdisc":4,"ieonarp":7,"ieoindigen":4,"ieofecha":"2024-04-03Z"}},{"type":"Feature","id":"esf_establecimiento_educativo.fid--215d4958_1a0d9e21907_-76ac","geometry":{"type":"Point","coordinates":[-76.5544143,3.3904798]},"geometry_name":"the_geom","properties":{"gid":32,"eecoddane":"176001012101","eenomins":"Institucion Educativa Juan Pablo Ii","eecodanant":"176001011724","eeconsede":"17600101210100","eenomsede":"Alvaro Escobar Navia","eeidclasede":"SEDE","eeclasede":"Sede","eeidestado":"OF","eeestado":"Oficial","eedirecc":"KR 73 1 B 65","eenomcorto":"SD Alvaro Escobar Navia","eeidestado2":"SEDOF","eeestado2":"Sede - Oficial","eeidcomcor":"18","ecrcomcor":"Comuna 18","eeidbarver":"1811","eebarver":"Lourdes","eefecact":"2023-06-30Z","ieogrado_2":0,"ieogrado_1":0,"ieogrado0":75,"ieogrado1":88,"ieogrado2":88,"ieogrado3":85,"ieogrado4":80,"ieogrado5":60,"ieogrado6":0,"ieogrado7":0,"ieogrado8":0,"ieogrado9":0,"ieogrado10":0,"ieogrado11":0,"ieogrado21":0,"ieogrado22":0,"ieogrado23":0,"ieogrado24":0,"ieogrado25":0,"ieogrado26":0,"ieogrado41":0,"ieogrado42":0,"ieogrado43":0,"ieogrado44":0,"ieogrado45":0,"ieogrado99":25,"ieomatrtot":501,"ieoestrat0":22,"ieoestrat1":298,"ieoestrat2":145,"ieoestrat3":28,"ieoestrat4":0,"ieoestrat5":0,"ieoestrat6":0,"ieoestrat9":8,"ieofemen":238,"ieomascul":263,"ieoalgdisc":3,"ieonarp":5,"ieoindigen":9,"ieofecha":"2024-04-03Z"}},{"type":"Feature","id":"esf_establecimiento_educativo.fid--215d4958_1a0d9e21907_-76ab","geometry":{"type":"Point","coordinates":[-76.55729575,3.39102689]},"geometry_name":"the_geom","properties":{"gid":33,"eecoddane":"176001012101","eenomins":"Institucion Educativa Juan Pablo Ii","eecodanant":"176001004515","eeconsede":"17600101210100","eenomsede":"Portete De Tarqui","eeidclasede":"SEDE","eeclasede":"Sede","eeidestado":"OF","eeestado":"Oficial","eedirecc":"CL 1 A OESTE 73 00","eenomcorto":"SD Portete De Tarqui","eeidestado2":"SEDOF","eeestado2":"Sede - Oficial","eeidcomcor":"18","ecrcomcor":"Comuna 18","eeidbarver":"1811","eebarver":"Lourdes","eefecact":"2023-06-30Z","ieogrado_2":0,"ieogrado_1":0,"ieogrado0":51,"ieogrado1":71,"ieogrado2":70,"ieogrado3":64,"ieogrado4":64,"ieogrado5":64,"ieogrado6":214,"ieogrado7":135,"ieogrado8":143,"ieogrado9":159,"ieogrado10":135,"ieogrado11":65,"ieogrado21":0,"ieogrado22":16,"ieogrado23":49,"ieogrado24":56,"ieogrado25":45,"ieogrado26":0,"ieogrado41":0,"ieogrado42":0,"ieogrado43":0,"ieogrado44":0,"ieogrado45":0,"ieogrado99":0,"ieomatrtot":1401,"ieoestrat0":60,"ieoestrat1":1058,"ieoestrat2":199,"ieoestrat3":61,"ieoestrat4":3,"ieoestrat5":0,"ieoestrat6":0,"ieoestrat9":20,"ieofemen":723,"ieomascul":678,"ieoalgdisc":8,"ieonarp":65,"ieoindigen":60,"ieofecha":"2024-04-03Z"}},{"type":"Feature","id":"esf_establecimiento_educativo.fid--215d4958_1a0d9e21907_-76aa","geometry":{"type":"Point","coordinates":[-76.54844537,3.39157797]},"geometry_name":"the_geom","properties":{"gid":34,"eecoddane":"176001013310","eenomins":"Institucion Educativa Politecnico Municipal De Cali","eecodanant":"176001004868","eeconsede":"17600101331000","eenomsede":"Celimo Rueda","eeidclasede":"SEDE","eeclasede":"Sede","eeidestado":"OF","eeestado":"Oficial","eedirecc":"KR 73 3 94","eenomcorto":"SD Celimo Rueda","eeidestado2":"SEDOF","eeestado2":"Sede - Oficial","eeidcomcor":"18","ecrcomcor":"Comuna 18","eeidbarver":"1813","eebarver":"Alférez Real","eefecact":"2023-06-30Z","ieogrado_2":0,"ieogrado_1":0,"ieogrado0":56,"ieogrado1":77,"ieogrado2":72,"ieogrado3":66,"ieogrado4":79,"ieogrado5":73,"ieogrado6":0,"ieogrado7":0,"ieogrado8":0,"ieogrado9":0,"ieogrado10":0,"ieogrado11":0,"ieogrado21":0,"ieogrado22":0,"ieogrado23":10,"ieogrado24":15,"ieogrado25":22,"ieogrado26":0,"ieogrado41":0,"ieogrado42":0,"ieogrado43":0,"ieogrado44":0,"ieogrado45":0,"ieogrado99":0,"ieomatrtot":470,"ieoestrat0":3,"ieoestrat1":174,"ieoestrat2":149,"ieoestrat3":127,"ieoestrat4":11,"ieoestrat5":3,"ieoestrat6":1,"ieoestrat9":2,"ieofemen":207,"ieomascul":263,"ieoalgdisc":10,"ieonarp":19,"ieoindigen":7,"ieofecha":"2024-04-03Z"}},{"type":"Feature","id":"esf_establecimiento_educativo.fid--215d4958_1a0d9e21907_-76a9","geometry":{"type":"Point","coordinates":[-76.54839036,3.39162898]},"geometry_name":"the_geom","properties":{"gid":35,"eecoddane":"176001013310","eenomins":"Institucion Educativa Politecnico Municipal De Cali","eecodanant":"176001042417","eeconsede":"17600101331000","eenomsede":"Buenos Aires","eeidclasede":"SEDE","eeclasede":"Sede","eeidestado":"OF","eeestado":"Oficial","eedirecc":"KR 73 3 94","eenomcorto":"SD Buenos Aires","eeidestado2":"SEDOF","eeestado2":"Sede - Oficial","eeidcomcor":"18","ecrcomcor":"Comuna 18","eeidbarver":"1813","eebarver":"Alférez Real","eefecact":"2023-06-30Z","ieogrado_2":0,"ieogrado_1":0,"ieogrado0":0,"ieogrado1":0,"ieogrado2":0,"ieogrado3":0,"ieogrado4":0,"ieogrado5":0,"ieogrado6":0,"ieogrado7":0,"ieogrado8":0,"ieogrado9":0,"ieogrado10":0,"ieogrado11":0,"ieogrado21":0,"ieogrado22":0,"ieogrado23":0,"ieogrado24":0,"ieogrado25":0,"ieogrado26":0,"ieogrado41":0,"ieogrado42":0,"ieogrado43":0,"ieogrado44":0,"ieogrado45":0,"ieogrado99":0,"ieomatrtot":0,"ieoestrat0":0,"ieoestrat1":0,"ieoestrat2":0,"ieoestrat3":0,"ieoestrat4":0,"ieoestrat5":0,"ieoestrat6":0,"ieoestrat9":0,"ieofemen":0,"ieomascul":0,"ieoalgdisc":0,"ieonarp":0,"ieoindigen":0,"ieofecha":"2024-04-03Z"}},{"type":"Feature","id":"esf_establecimiento_educativo.fid--215d4958_1a0d9e21907_-76a8","geometry":{"type":"Point","coordinates":[-76.59199616,3.39173406]},"geometry_name":"the_geom","properties":{"gid":36,"eecoddane":"276001005133","eenomins":"Institucion Educativa Villacarmelo","eecodanant":"276001005133","eeconsede":"27600100513300","eenomsede":"Institucion Educativa Villacarmelo -Cacique Calarca","eeidclasede":"PRIN","eeclasede":"Principal","eeidestado":"OF","eeestado":"Oficial","eedirecc":"VEREDA LA FONDA","eenomcorto":"IE Villacarmelo","eeidestado2":"IEOOF","eeestado2":"IEO - Oficial","eeidcomcor":"55","ecrcomcor":"Correg. Villacarmelo","eeidbarver":"5502","eebarver":"La Fonda","eefecact":"2023-06-30Z","ieogrado_2":0,"ieogrado_1":0,"ieogrado0":0,"ieogrado1":0,"ieogrado2":0,"ieogrado3":0,"ieogrado4":0,"ieogrado5":0,"ieogrado6":61,"ieogrado7":42,"ieogrado8":44,"ieogrado9":35,"ieogrado10":27,"ieogrado11":23,"ieogrado21":0,"ieogrado22":0,"ieogrado23":0,"ieogrado24":0,"ieogrado25":0,"ieogrado26":0,"ieogrado41":0,"ieogrado42":0,"ieogrado43":0,"ieogrado44":0,"ieogrado45":0,"ieogrado99":0,"ieomatrtot":232,"ieoestrat0":10,"ieoestrat1":159,"ieoestrat2":36,"ieoestrat3":18,"ieoestrat4":1,"ieoestrat5":1,"ieoestrat6":0,"ieoestrat9":7,"ieofemen":118,"ieomascul":114,"ieoalgdisc":1,"ieonarp":6,"ieoindigen":16,"ieofecha":"2024-04-03Z"}},{"type":"Feature","id":"esf_establecimiento_educativo.fid--215d4958_1a0d9e21907_-76a7","geometry":{"type":"Point","coordinates":[-76.46546901,3.39218635]},"geometry_name":"the_geom","properties":{"gid":37,"eecoddane":"276001003289","eenomins":"Institucion Educativa Navarro","eecodanant":"276001003289","eeconsede":"27600100328900","eenomsede":"Institucion Educativa Navarro - Juan Bautista De La Salle","eeidclasede":"PRIN","eeclasede":"Principal","eeidestado":"OF","eeestado":"Oficial","eedirecc":"CABECERA CORREGIMIENTO NAVARRO","eenomcorto":"IE Navarro","eeidestado2":"IEOOF","eeestado2":"IEO - Oficial","eeidcomcor":"51","ecrcomcor":"Correg. Navarro","eeidbarver":"5101","eebarver":"Navarro (Cabecera)","eefecact":"2023-06-30Z","ieogrado_2":0,"ieogrado_1":0,"ieogrado0":22,"ieogrado1":45,"ieogrado2":39,"ieogrado3":55,"ieogrado4":26,"ieogrado5":26,"ieogrado6":48,"ieogrado7":61,"ieogrado8":35,"ieogrado9":35,"ieogrado10":32,"ieogrado11":18,"ieogrado21":0,"ieogrado22":14,"ieogrado23":15,"ieogrado24":11,"ieogrado25":9,"ieogrado26":5,"ieogrado41":0,"ieogrado42":0,"ieogrado43":0,"ieogrado44":0,"ieogrado45":0,"ieogrado99":26,"ieomatrtot":522,"ieoestrat0":27,"ieoestrat1":464,"ieoestrat2":21,"ieoestrat3":5,"ieoestrat4":1,"ieoestrat5":0,"ieoestrat6":0,"ieoestrat9":4,"ieofemen":264,"ieomascul":258,"ieoalgdisc":3,"ieonarp":90,"ieoindigen":0,"ieofecha":"2024-04-03Z"}},{"type":"Feature","id":"esf_establecimiento_educativo.fid--215d4958_1a0d9e21907_-76a6","geometry":{"type":"Point","coordinates":[-76.50473752,3.39248411]},"geometry_name":"the_geom","properties":{"gid":38,"eecoddane":"176001800052","eenomins":"Institucion Educativa Llano Verde","eecodanant":"176001800052","eeconsede":"17600180005200","eenomsede":"Institucion Educativa Llano Verde  - Sede Principal","eeidclasede":"PRIN","eeclasede":"Principal","eeidestado":"MC","eeestado":"Matricula contratada","eedirecc":"CL 57 KR 47 50","eenomcorto":"IE Llano Verde","eeidestado2":"IEOMC","eeestado2":"IEO - Matricula Contratada","eeidcomcor":"15","ecrcomcor":"Comuna 15","eeidbarver":"1599","eebarver":"El Morichal","eefecact":"2023-06-30Z","ieogrado_2":0,"ieogrado_1":0,"ieogrado0":149,"ieogrado1":186,"ieogrado2":221,"ieogrado3":186,"ieogrado4":185,"ieogrado5":157,"ieogrado6":170,"ieogrado7":169,"ieogrado8":143,"ieogrado9":127,"ieogrado10":106,"ieogrado11":121,"ieogrado21":0,"ieogrado22":0,"ieogrado23":0,"ieogrado24":0,"ieogrado25":0,"ieogrado26":0,"ieogrado41":0,"ieogrado42":0,"ieogrado43":0,"ieogrado44":0,"ieogrado45":0,"ieogrado99":0,"ieomatrtot":1920,"ieoestrat0":17,"ieoestrat1":953,"ieoestrat2":875,"ieoestrat3":55,"ieoestrat4":2,"ieoestrat5":0,"ieoestrat6":1,"ieoestrat9":17,"ieofemen":964,"ieomascul":956,"ieoalgdisc":26,"ieonarp":568,"ieoindigen":5,"ieofecha":"2024-04-03Z"}},{"type":"Feature","id":"esf_establecimiento_educativo.fid--215d4958_1a0d9e21907_-76a5","geometry":{"type":"Point","coordinates":[-76.54604799,3.3930372]},"geometry_name":"the_geom","properties":{"gid":39,"eecoddane":"176001013310","eenomins":"Institucion Educativa Politecnico Municipal De Cali","eecodanant":"176001004469","eeconsede":"17600101331000","eenomsede":"General Santander","eeidclasede":"SEDE","eeclasede":"Sede","eeidestado":"OF","eeestado":"Oficial","eedirecc":"CL 5 70 160","eenomcorto":"SD General Santander","eeidestado2":"SEDOF","eeestado2":"Sede - Oficial","eeidcomcor":"18","ecrcomcor":"Comuna 18","eeidbarver":"1801","eebarver":"Buenos Aires","eefecact":"2023-06-30Z","ieogrado_2":0,"ieogrado_1":0,"ieogrado0":29,"ieogrado1":39,"ieogrado2":39,"ieogrado3":32,"ieogrado4":38,"ieogrado5":39,"ieogrado6":0,"ieogrado7":0,"ieogrado8":0,"ieogrado9":0,"ieogrado10":0,"ieogrado11":0,"ieogrado21":0,"ieogrado22":0,"ieogrado23":0,"ieogrado24":0,"ieogrado25":0,"ieogrado26":0,"ieogrado41":0,"ieogrado42":0,"ieogrado43":0,"ieogrado44":0,"ieogrado45":0,"ieogrado99":0,"ieomatrtot":216,"ieoestrat0":0,"ieoestrat1":80,"ieoestrat2":50,"ieoestrat3":72,"ieoestrat4":10,"ieoestrat5":4,"ieoestrat6":0,"ieoestrat9":0,"ieofemen":95,"ieomascul":121,"ieoalgdisc":1,"ieonarp":10,"ieoindigen":2,"ieofecha":"2024-04-03Z"}},{"type":"Feature","id":"esf_establecimiento_educativo.fid--215d4958_1a0d9e21907_-76a4","geometry":{"type":"Point","coordinates":[-76.54916848,3.39522255]},"geometry_name":"the_geom","properties":{"gid":40,"eecoddane":"176001013310","eenomins":"Institucion Educativa Politecnico Municipal De Cali","eecodanant":"176001004442","eeconsede":"17600101331000","eenomsede":"Jhon F. Kennedy","eeidclasede":"SEDE","eeclasede":"Sede","eeidestado":"OF","eeestado":"Oficial","eedirecc":"KR 68 3 83","eenomcorto":"SD Jhon F. Kennedy","eeidestado2":"SEDOF","eeestado2":"Sede - Oficial","eeidcomcor":"18","ecrcomcor":"Comuna 18","eeidbarver":"1802","eebarver":"Caldas","eefecact":"2023-06-30Z","ieogrado_2":0,"ieogrado_1":0,"ieogrado0":54,"ieogrado1":74,"ieogrado2":76,"ieogrado3":92,"ieogrado4":76,"ieogrado5":68,"ieogrado6":0,"ieogrado7":0,"ieogrado8":0,"ieogrado9":0,"ieogrado10":0,"ieogrado11":0,"ieogrado21":0,"ieogrado22":0,"ieogrado23":0,"ieogrado24":0,"ieogrado25":0,"ieogrado26":0,"ieogrado41":0,"ieogrado42":0,"ieogrado43":0,"ieogrado44":0,"ieogrado45":0,"ieogrado99":0,"ieomatrtot":440,"ieoestrat0":0,"ieoestrat1":181,"ieoestrat2":105,"ieoestrat3":120,"ieoestrat4":22,"ieoestrat5":6,"ieoestrat6":2,"ieoestrat9":4,"ieofemen":211,"ieomascul":229,"ieoalgdisc":6,"ieonarp":9,"ieoindigen":4,"ieofecha":"2024-04-03Z"}},{"type":"Feature","id":"esf_establecimiento_educativo.fid--215d4958_1a0d9e21907_-76a3","geometry":{"type":"Point","coordinates":[-76.51414399,3.39599167]},"geometry_name":"the_geom","properties":{"gid":41,"eecoddane":"176001015975","eenomins":"Institucion Educativa Ciudad Cordoba","eecodanant":"176001015975","eeconsede":"17600101597500","eenomsede":"Institucion Educativa Ciudad Cordoba - Sede Principal","eeidclasede":"PRIN","eeclasede":"Principal","eeidestado":"OF","eeestado":"Oficial","eedirecc":"CL 50 49 C 100","eenomcorto":"IE Ciudad Cordoba","eeidestado2":"IEOOF","eeestado2":"IEO - Oficial","eeidcomcor":"15","ecrcomcor":"Comuna 15","eeidbarver":"1596","eebarver":"Ciudad Córdoba","eefecact":"2023-06-30Z","ieogrado_2":0,"ieogrado_1":0,"ieogrado0":57,"ieogrado1":92,"ieogrado2":93,"ieogrado3":102,"ieogrado4":96,"ieogrado5":93,"ieogrado6":95,"ieogrado7":90,"ieogrado8":88,"ieogrado9":72,"ieogrado10":66,"ieogrado11":53,"ieogrado21":0,"ieogrado22":8,"ieogrado23":2,"ieogrado24":1,"ieogrado25":1,"ieogrado26":0,"ieogrado41":0,"ieogrado42":0,"ieogrado43":0,"ieogrado44":0,"ieogrado45":0,"ieogrado99":0,"ieomatrtot":1009,"ieoestrat0":13,"ieoestrat1":375,"ieoestrat2":382,"ieoestrat3":214,"ieoestrat4":11,"ieoestrat5":0,"ieoestrat6":1,"ieoestrat9":13,"ieofemen":510,"ieomascul":499,"ieoalgdisc":27,"ieonarp":250,"ieoindigen":5,"ieofecha":"2024-04-03Z"}},{"type":"Feature","id":"esf_establecimiento_educativo.fid--215d4958_1a0d9e21907_-76a2","geometry":{"type":"Point","coordinates":[-76.51430502,3.40140053]},"geometry_name":"the_geom","properties":{"gid":42,"eecoddane":"176001004256","eenomins":"Institucion Educativa Cristobal Colon","eecodanant":"176001007883","eeconsede":"17600100425600","eenomsede":"Bienestar Social","eeidclasede":"SEDE","eeclasede":"Sede","eeidestado":"OF","eeestado":"Oficial","eedirecc":"KR 47 B 45 74","eenomcorto":"SD Bienestar Social","eeidestado2":"SEDOF","eeestado2":"Sede - Oficial","eeidcomcor":"16","ecrcomcor":"Comuna 16","eeidbarver":"1601","eebarver":"Mariano Ramos","eefecact":"2023-06-30Z","ieogrado_2":0,"ieogrado_1":13,"ieogrado0":70,"ieogrado1":71,"ieogrado2":98,"ieogrado3":112,"ieogrado4":78,"ieogrado5":30,"ieogrado6":0,"ieogrado7":0,"ieogrado8":0,"ieogrado9":0,"ieogrado10":0,"ieogrado11":0,"ieogrado21":0,"ieogrado22":0,"ieogrado23":0,"ieogrado24":0,"ieogrado25":0,"ieogrado26":0,"ieogrado41":0,"ieogrado42":0,"ieogrado43":0,"ieogrado44":0,"ieogrado45":0,"ieogrado99":0,"ieomatrtot":472,"ieoestrat0":8,"ieoestrat1":101,"ieoestrat2":331,"ieoestrat3":22,"ieoestrat4":2,"ieoestrat5":0,"ieoestrat6":0,"ieoestrat9":8,"ieofemen":231,"ieomascul":241,"ieoalgdisc":1,"ieonarp":60,"ieoindigen":2,"ieofecha":"2024-04-03Z"}},{"type":"Feature","id":"esf_establecimiento_educativo.fid--215d4958_1a0d9e21907_-76a1","geometry":{"type":"Point","coordinates":[-76.52225527,3.40157356]},"geometry_name":"the_geom","properties":{"gid":43,"eecoddane":"176001040119","eenomins":"Institucion Educativa Rodrigo Lloreda Caicedo","eecodanant":"176001030745","eeconsede":"17600104011900","eenomsede":"Sede Primitivo Crespo","eeidclasede":"SEDE","eeclasede":"Sede","eeidestado":"OF","eeestado":"Oficial","eedirecc":"CL 41 51 A 30","eenomcorto":"SD Primitivo Crespo","eeidestado2":"SEDOF","eeestado2":"Sede - Oficial","eeidcomcor":"16","ecrcomcor":"Comuna 16","eeidbarver":"1605","eebarver":"Brisas del Limonar","eefecact":"2023-06-30Z","ieogrado_2":0,"ieogrado_1":0,"ieogrado0":25,"ieogrado1":64,"ieogrado2":57,"ieogrado3":58,"ieogrado4":60,"ieogrado5":62,"ieogrado6":0,"ieogrado7":0,"ieogrado8":0,"ieogrado9":0,"ieogrado10":0,"ieogrado11":0,"ieogrado21":0,"ieogrado22":0,"ieogrado23":0,"ieogrado24":0,"ieogrado25":0,"ieogrado26":0,"ieogrado41":0,"ieogrado42":0,"ieogrado43":0,"ieogrado44":0,"ieogrado45":0,"ieogrado99":0,"ieomatrtot":326,"ieoestrat0":2,"ieoestrat1":43,"ieoestrat2":159,"ieoestrat3":86,"ieoestrat4":26,"ieoestrat5":1,"ieoestrat6":0,"ieoestrat9":9,"ieofemen":141,"ieomascul":185,"ieoalgdisc":3,"ieonarp":23,"ieoindigen":0,"ieofecha":"2024-04-03Z"}},{"type":"Feature","id":"esf_establecimiento_educativo.fid--215d4958_1a0d9e21907_-76a0","geometry":{"type":"Point","coordinates":[-76.51517416,3.40284577]},"geometry_name":"the_geom","properties":{"gid":44,"eecoddane":"176001004256","eenomins":"Institucion Educativa Cristobal Colon","eecodanant":"176001004256","eeconsede":"17600100425600","eenomsede":"Institucion Educativa Cristobal Colon - Sede Principal","eeidclasede":"PRIN","eeclasede":"Principal","eeidestado":"OF","eeestado":"Oficial","eedirecc":"KR 47 A 44 62","eenomcorto":"IE Cristobal Colon","eeidestado2":"IEOOF","eeestado2":"IEO - Oficial","eeidcomcor":"16","ecrcomcor":"Comuna 16","eeidbarver":"1601","eebarver":"Mariano Ramos","eefecact":"2023-06-30Z","ieogrado_2":0,"ieogrado_1":0,"ieogrado0":0,"ieogrado1":0,"ieogrado2":0,"ieogrado3":0,"ieogrado4":0,"ieogrado5":57,"ieogrado6":126,"ieogrado7":115,"ieogrado8":89,"ieogrado9":109,"ieogrado10":87,"ieogrado11":69,"ieogrado21":0,"ieogrado22":10,"ieogrado23":18,"ieogrado24":22,"ieogrado25":26,"ieogrado26":1,"ieogrado41":0,"ieogrado42":0,"ieogrado43":0,"ieogrado44":0,"ieogrado45":0,"ieogrado99":26,"ieomatrtot":755,"ieoestrat0":19,"ieoestrat1":253,"ieoestrat2":428,"ieoestrat3":48,"ieoestrat4":1,"ieoestrat5":0,"ieoestrat6":0,"ieoestrat9":6,"ieofemen":410,"ieomascul":345,"ieoalgdisc":12,"ieonarp":302,"ieoindigen":4,"ieofecha":"2024-04-03Z"}},{"type":"Feature","id":"esf_establecimiento_educativo.fid--215d4958_1a0d9e21907_-769f","geometry":{"type":"Point","coordinates":[-76.55269503,3.40349188]},"geometry_name":"the_geom","properties":{"gid":45,"eecoddane":"176001013310","eenomins":"Institucion Educativa Politecnico Municipal De Cali","eecodanant":"176001013310","eeconsede":"17600101331000","eenomsede":"Institucion Educativa Politecnico Municipal De Cali - Sede Principal","eeidclasede":"PRIN","eeclasede":"Principal","eeidestado":"OF","eeestado":"Oficial","eedirecc":"KR 62 2 28","eenomcorto":"IE Politecnico Municipal De Cali","eeidestado2":"IEOOF","eeestado2":"IEO - Oficial","eeidcomcor":"19","ecrcomcor":"Comuna 19","eeidbarver":"1994","eebarver":"Pampa Linda","eefecact":"2023-06-30Z","ieogrado_2":0,"ieogrado_1":0,"ieogrado0":0,"ieogrado1":0,"ieogrado2":0,"ieogrado3":0,"ieogrado4":0,"ieogrado5":0,"ieogrado6":255,"ieogrado7":216,"ieogrado8":179,"ieogrado9":216,"ieogrado10":178,"ieogrado11":155,"ieogrado21":0,"ieogrado22":0,"ieogrado23":0,"ieogrado24":0,"ieogrado25":0,"ieogrado26":0,"ieogrado41":0,"ieogrado42":0,"ieogrado43":0,"ieogrado44":0,"ieogrado45":0,"ieogrado99":0,"ieomatrtot":1199,"ieoestrat0":7,"ieoestrat1":424,"ieoestrat2":325,"ieoestrat3":290,"ieoestrat4":92,"ieoestrat5":57,"ieoestrat6":1,"ieoestrat9":3,"ieofemen":572,"ieomascul":627,"ieoalgdisc":17,"ieonarp":99,"ieoindigen":17,"ieofecha":"2024-04-03Z"}},{"type":"Feature","id":"esf_establecimiento_educativo.fid--215d4958_1a0d9e21907_-769e","geometry":{"type":"Point","coordinates":[-76.52361048,3.40363589]},"geometry_name":"the_geom","properties":{"gid":46,"eecoddane":"176001032055","eenomins":"Institucion Educativa Tecnico Industrial Comuna 17","eecodanant":"176001032055","eeconsede":"17600103205500","eenomsede":"Institucion Educativa Tecnico Industrial Comuna 17 - Sede Principal","eeidclasede":"PRIN","eeclasede":"Principal","eeidestado":"OF","eeestado":"Oficial","eedirecc":"KR 53 18 A 25","eenomcorto":"IETI Comuna 17","eeidestado2":"IEOOF","eeestado2":"IEO - Oficial","eeidcomcor":"17","ecrcomcor":"Comuna 17","eeidbarver":"1786","eebarver":"Cañaverales - Los Samanes","eefecact":"2023-06-30Z","ieogrado_2":0,"ieogrado_1":0,"ieogrado0":0,"ieogrado1":0,"ieogrado2":0,"ieogrado3":0,"ieogrado4":0,"ieogrado5":0,"ieogrado6":162,"ieogrado7":157,"ieogrado8":153,"ieogrado9":166,"ieogrado10":123,"ieogrado11":122,"ieogrado21":7,"ieogrado22":10,"ieogrado23":13,"ieogrado24":8,"ieogrado25":0,"ieogrado26":0,"ieogrado41":0,"ieogrado42":0,"ieogrado43":0,"ieogrado44":0,"ieogrado45":0,"ieogrado99":0,"ieomatrtot":921,"ieoestrat0":2,"ieoestrat1":74,"ieoestrat2":298,"ieoestrat3":355,"ieoestrat4":172,"ieoestrat5":12,"ieoestrat6":1,"ieoestrat9":7,"ieofemen":477,"ieomascul":444,"ieoalgdisc":31,"ieonarp":100,"ieoindigen":6,"ieofecha":"2024-04-03Z"}},{"type":"Feature","id":"esf_establecimiento_educativo.fid--215d4958_1a0d9e21907_-769d","geometry":{"type":"Point","coordinates":[-76.5320788,3.40389194]},"geometry_name":"the_geom","properties":{"gid":47,"eecoddane":"176001032055","eenomins":"Institucion Educativa Tecnico Industrial Comuna 17","eecodanant":"176001004914","eeconsede":"17600103205500","eenomsede":"Sede Luis Carlos Rojas Garcés","eeidclasede":"SEDE","eeclasede":"Sede","eeidestado":"OF","eeestado":"Oficial","eedirecc":"KR 56 13 F 40","eenomcorto":"SD Luis Carlos Rojas Garcés","eeidestado2":"SEDOF","eeestado2":"Sede - Oficial","eeidcomcor":"17","ecrcomcor":"Comuna 17","eeidbarver":"1702","eebarver":"Primero de Mayo","eefecact":"2023-06-30Z","ieogrado_2":0,"ieogrado_1":0,"ieogrado0":64,"ieogrado1":78,"ieogrado2":80,"ieogrado3":82,"ieogrado4":81,"ieogrado5":120,"ieogrado6":0,"ieogrado7":0,"ieogrado8":0,"ieogrado9":0,"ieogrado10":0,"ieogrado11":0,"ieogrado21":0,"ieogrado22":0,"ieogrado23":0,"ieogrado24":0,"ieogrado25":0,"ieogrado26":0,"ieogrado41":0,"ieogrado42":0,"ieogrado43":0,"ieogrado44":0,"ieogrado45":0,"ieogrado99":0,"ieomatrtot":505,"ieoestrat0":2,"ieoestrat1":25,"ieoestrat2":131,"ieoestrat3":204,"ieoestrat4":120,"ieoestrat5":11,"ieoestrat6":0,"ieoestrat9":12,"ieofemen":259,"ieomascul":246,"ieoalgdisc":4,"ieonarp":17,"ieoindigen":3,"ieofecha":"2024-04-03Z"}},{"type":"Feature","id":"esf_establecimiento_educativo.fid--215d4958_1a0d9e21907_-769c","geometry":{"type":"Point","coordinates":[-76.51221869,3.40479208]},"geometry_name":"the_geom","properties":{"gid":48,"eecoddane":"176001004256","eenomins":"Institucion Educativa Cristobal Colon","eecodanant":"176001002946","eeconsede":"17600100425600","eenomsede":"Jose Joaquin Jaramillo","eeidclasede":"SEDE","eeclasede":"Sede","eeidestado":"OF","eeestado":"Oficial","eedirecc":"KR 44 44 64","eenomcorto":"SD Jose Joaquin Jaramillo","eeidestado2":"SEDOF","eeestado2":"Sede - Oficial","eeidcomcor":"16","ecrcomcor":"Comuna 16","eeidbarver":"1602","eebarver":"República de Israel","eefecact":"2023-06-30Z","ieogrado_2":0,"ieogrado_1":0,"ieogrado0":34,"ieogrado1":34,"ieogrado2":26,"ieogrado3":31,"ieogrado4":30,"ieogrado5":24,"ieogrado6":0,"ieogrado7":0,"ieogrado8":0,"ieogrado9":0,"ieogrado10":0,"ieogrado11":0,"ieogrado21":0,"ieogrado22":0,"ieogrado23":0,"ieogrado24":0,"ieogrado25":0,"ieogrado26":0,"ieogrado41":0,"ieogrado42":0,"ieogrado43":0,"ieogrado44":0,"ieogrado45":0,"ieogrado99":0,"ieomatrtot":179,"ieoestrat0":0,"ieoestrat1":28,"ieoestrat2":140,"ieoestrat3":9,"ieoestrat4":0,"ieoestrat5":0,"ieoestrat6":0,"ieoestrat9":2,"ieofemen":92,"ieomascul":87,"ieoalgdisc":2,"ieonarp":12,"ieoindigen":0,"ieofecha":"2024-04-03Z"}},{"type":"Feature","id":"esf_establecimiento_educativo.fid--215d4958_1a0d9e21907_-769b","geometry":{"type":"Point","coordinates":[-76.47168918,3.40526728]},"geometry_name":"the_geom","properties":{"gid":49,"eecoddane":"176001030788","eenomins":"Institucion Educativa Tecnica Ciudadela Desepaz","eecodanant":"176001800419","eeconsede":"17600103078800","eenomsede":"Nuevo Amanecer","eeidclasede":"SEDE","eeclasede":"Sede","eeidestado":"OF","eeestado":"Oficial","eedirecc":"IND CL 123 28D4 - 54","eenomcorto":"SD Nuevo Amanecer","eeidestado2":"SEDOF","eeestado2":"Sede - Oficial","eeidcomcor":"21","ecrcomcor":"Comuna 21","eeidbarver":"2196","eebarver":"Potrero Grande","eefecact":"2023-06-30Z","ieogrado_2":0,"ieogrado_1":0,"ieogrado0":80,"ieogrado1":72,"ieogrado2":78,"ieogrado3":103,"ieogrado4":82,"ieogrado5":60,"ieogrado6":0,"ieogrado7":0,"ieogrado8":0,"ieogrado9":0,"ieogrado10":0,"ieogrado11":0,"ieogrado21":0,"ieogrado22":0,"ieogrado23":0,"ieogrado24":0,"ieogrado25":0,"ieogrado26":0,"ieogrado41":0,"ieogrado42":0,"ieogrado43":0,"ieogrado44":0,"ieogrado45":0,"ieogrado99":0,"ieomatrtot":475,"ieoestrat0":3,"ieoestrat1":446,"ieoestrat2":15,"ieoestrat3":4,"ieoestrat4":0,"ieoestrat5":1,"ieoestrat6":0,"ieoestrat9":6,"ieofemen":245,"ieomascul":230,"ieoalgdisc":3,"ieonarp":262,"ieoindigen":0,"ieofecha":"2024-04-03Z"}},{"type":"Feature","id":"esf_establecimiento_educativo.fid--215d4958_1a0d9e21907_-769a","geometry":{"type":"Point","coordinates":[-76.54541989,3.40572824]},"geometry_name":"the_geom","properties":{"gid":50,"eecoddane":"176001013310","eenomins":"Institucion Educativa Politecnico Municipal De Cali","eecodanant":"176001012844","eeconsede":"17600101331000","eenomsede":"25 De Julio","eeidclasede":"SEDE","eeclasede":"Sede","eeidestado":"OF","eeestado":"Oficial","eedirecc":"CL 6 59 A 51","eenomcorto":"SD 25 De Julio","eeidestado2":"SEDOF","eeestado2":"Sede - Oficial","eeidcomcor":"19","ecrcomcor":"Comuna 19","eeidbarver":"1922","eebarver":"Camino Real - Joaquin Borrero Sinisterra","eefecact":"2023-06-30Z","ieogrado_2":0,"ieogrado_1":0,"ieogrado0":13,"ieogrado1":34,"ieogrado2":29,"ieogrado3":33,"ieogrado4":36,"ieogrado5":36,"ieogrado6":0,"ieogrado7":0,"ieogrado8":0,"ieogrado9":0,"ieogrado10":0,"ieogrado11":0,"ieogrado21":0,"ieogrado22":0,"ieogrado23":0,"ieogrado24":0,"ieogrado25":0,"ieogrado26":0,"ieogrado41":0,"ieogrado42":0,"ieogrado43":0,"ieogrado44":0,"ieogrado45":0,"ieogrado99":0,"ieomatrtot":181,"ieoestrat0":0,"ieoestrat1":47,"ieoestrat2":27,"ieoestrat3":44,"ieoestrat4":35,"ieoestrat5":26,"ieoestrat6":0,"ieoestrat9":2,"ieofemen":93,"ieomascul":88,"ieoalgdisc":4,"ieonarp":5,"ieoindigen":1,"ieofecha":"2024-04-03Z"}},{"type":"Feature","id":"esf_establecimiento_educativo.fid--215d4958_1a0d9e21907_-7699","geometry":{"type":"Point","coordinates":[-76.51083548,3.4061643]},"geometry_name":"the_geom","properties":{"gid":51,"eecoddane":"176001007131","eenomins":"Institucion Educativa Carlos Holmes Trujillo","eecodanant":"176001007131","eeconsede":"17600100713100","eenomsede":"Institucion Educativa Carlos Holmes Trujillo - Sede Principal","eeidclasede":"PRIN","eeclasede":"Principal","eeidestado":"OF","eeestado":"Oficial","eedirecc":"IND CL 44 KR 43 ESQUINA","eenomcorto":"IE Carlos Holmes Trujillo","eeidestado2":"IEOOF","eeestado2":"IEO - Oficial","eeidcomcor":"16","ecrcomcor":"Comuna 16","eeidbarver":"1602","eebarver":"República de Israel","eefecact":"2023-06-30Z","ieogrado_2":0,"ieogrado_1":0,"ieogrado0":34,"ieogrado1":82,"ieogrado2":54,"ieogrado3":61,"ieogrado4":57,"ieogrado5":50,"ieogrado6":134,"ieogrado7":96,"ieogrado8":91,"ieogrado9":101,"ieogrado10":102,"ieogrado11":72,"ieogrado21":0,"ieogrado22":0,"ieogrado23":0,"ieogrado24":0,"ieogrado25":0,"ieogrado26":0,"ieogrado41":0,"ieogrado42":0,"ieogrado43":0,"ieogrado44":0,"ieogrado45":0,"ieogrado99":0,"ieomatrtot":934,"ieoestrat0":30,"ieoestrat1":298,"ieoestrat2":526,"ieoestrat3":69,"ieoestrat4":2,"ieoestrat5":0,"ieoestrat6":0,"ieoestrat9":9,"ieofemen":479,"ieomascul":455,"ieoalgdisc":9,"ieonarp":233,"ieoindigen":2,"ieofecha":"2024-04-03Z"}},{"type":"Feature","id":"esf_establecimiento_educativo.fid--215d4958_1a0d9e21907_-7698","geometry":{"type":"Point","coordinates":[-76.51878072,3.4067934]},"geometry_name":"the_geom","properties":{"gid":52,"eecoddane":"176001040119","eenomins":"Institucion Educativa Rodrigo Lloreda Caicedo","eecodanant":"176001040119","eeconsede":"17600104011900","eenomsede":"Institucion Educativa Rodrigo Lloreda Caicedo - Sede Principal","eeidclasede":"PRIN","eeclasede":"Principal","eeidestado":"OF","eeestado":"Oficial","eedirecc":"CL 38 A 47 A 45","eenomcorto":"IE Rodrigo Lloreda Caicedo","eeidestado2":"IEOOF","eeestado2":"IEO - Oficial","eeidcomcor":"16","ecrcomcor":"Comuna 16","eeidbarver":"1601","eebarver":"Mariano Ramos","eefecact":"2023-06-30Z","ieogrado_2":0,"ieogrado_1":0,"ieogrado0":0,"ieogrado1":0,"ieogrado2":0,"ieogrado3":0,"ieogrado4":0,"ieogrado5":0,"ieogrado6":183,"ieogrado7":134,"ieogrado8":124,"ieogrado9":130,"ieogrado10":111,"ieogrado11":105,"ieogrado21":0,"ieogrado22":0,"ieogrado23":0,"ieogrado24":0,"ieogrado25":0,"ieogrado26":0,"ieogrado41":0,"ieogrado42":0,"ieogrado43":0,"ieogrado44":0,"ieogrado45":0,"ieogrado99":0,"ieomatrtot":787,"ieoestrat0":4,"ieoestrat1":123,"ieoestrat2":557,"ieoestrat3":91,"ieoestrat4":4,"ieoestrat5":2,"ieoestrat6":0,"ieoestrat9":6,"ieofemen":398,"ieomascul":389,"ieoalgdisc":8,"ieonarp":311,"ieoindigen":3,"ieofecha":"2024-04-03Z"}},{"type":"Feature","id":"esf_establecimiento_educativo.fid--215d4958_1a0d9e21907_-7697","geometry":{"type":"Point","coordinates":[-76.51769255,3.40689442]},"geometry_name":"the_geom","properties":{"gid":53,"eecoddane":"176001040119","eenomins":"Institucion Educativa Rodrigo Lloreda Caicedo","eecodanant":"176001007905","eeconsede":"17600104011900","eenomsede":"Sede Luis Enrique Montoya","eeidclasede":"SEDE","eeclasede":"Sede","eeidestado":"OF","eeestado":"Oficial","eedirecc":"KR 46 C 38 A 50","eenomcorto":"SD Luis Enrique Montoya","eeidestado2":"SEDOF","eeestado2":"Sede - Oficial","eeidcomcor":"16","ecrcomcor":"Comuna 16","eeidbarver":"1601","eebarver":"Mariano Ramos","eefecact":"2023-06-30Z","ieogrado_2":0,"ieogrado_1":0,"ieogrado0":35,"ieogrado1":36,"ieogrado2":31,"ieogrado3":53,"ieogrado4":59,"ieogrado5":68,"ieogrado6":0,"ieogrado7":0,"ieogrado8":0,"ieogrado9":0,"ieogrado10":0,"ieogrado11":0,"ieogrado21":0,"ieogrado22":0,"ieogrado23":0,"ieogrado24":0,"ieogrado25":0,"ieogrado26":0,"ieogrado41":0,"ieogrado42":0,"ieogrado43":0,"ieogrado44":0,"ieogrado45":0,"ieogrado99":0,"ieomatrtot":282,"ieoestrat0":3,"ieoestrat1":29,"ieoestrat2":226,"ieoestrat3":12,"ieoestrat4":4,"ieoestrat5":1,"ieoestrat6":0,"ieoestrat9":7,"ieofemen":142,"ieomascul":140,"ieoalgdisc":1,"ieonarp":31,"ieoindigen":2,"ieofecha":"2024-04-03Z"}},{"type":"Feature","id":"esf_establecimiento_educativo.fid--215d4958_1a0d9e21907_-7696","geometry":{"type":"Point","coordinates":[-76.5014,3.40709945]},"geometry_name":"the_geom","properties":{"gid":54,"eecoddane":"176001015975","eenomins":"Institucion Educativa Ciudad Cordoba","eecodanant":"176001015959","eeconsede":"17600101597500","eenomsede":"Sede Enrique Olaya Herrera","eeidclasede":"SEDE","eeclasede":"Sede","eeidestado":"OF","eeestado":"Oficial","eedirecc":"CL 51 40 A 08","eenomcorto":"SD Enrique Olaya Herrera","eeidestado2":"SEDOF","eeestado2":"Sede - Oficial","eeidcomcor":"15","ecrcomcor":"Comuna 15","eeidbarver":"1504","eebarver":"El Vallado","eefecact":"2023-06-30Z","ieogrado_2":0,"ieogrado_1":0,"ieogrado0":38,"ieogrado1":82,"ieogrado2":109,"ieogrado3":117,"ieogrado4":113,"ieogrado5":122,"ieogrado6":120,"ieogrado7":111,"ieogrado8":89,"ieogrado9":68,"ieogrado10":62,"ieogrado11":45,"ieogrado21":9,"ieogrado22":15,"ieogrado23":39,"ieogrado24":32,"ieogrado25":40,"ieogrado26":2,"ieogrado41":0,"ieogrado42":0,"ieogrado43":0,"ieogrado44":0,"ieogrado45":0,"ieogrado99":0,"ieomatrtot":1213,"ieoestrat0":24,"ieoestrat1":515,"ieoestrat2":593,"ieoestrat3":66,"ieoestrat4":1,"ieoestrat5":0,"ieoestrat6":0,"ieoestrat9":14,"ieofemen":623,"ieomascul":590,"ieoalgdisc":26,"ieonarp":384,"ieoindigen":5,"ieofecha":"2024-04-03Z"}},{"type":"Feature","id":"esf_establecimiento_educativo.fid--215d4958_1a0d9e21907_-7695","geometry":{"type":"Point","coordinates":[-76.51196365,3.40721647]},"geometry_name":"the_geom","properties":{"gid":55,"eecoddane":"176001004256","eenomins":"Institucion Educativa Cristobal Colon","eecodanant":"176001002814","eeconsede":"17600100425600","eenomsede":"Antonia Santos","eeidclasede":"SEDE","eeclasede":"Sede","eeidestado":"OF","eeestado":"Oficial","eedirecc":"CL 43 43 04","eenomcorto":"SD Antonia Santos","eeidestado2":"SEDOF","eeestado2":"Sede - Oficial","eeidcomcor":"16","ecrcomcor":"Comuna 16","eeidbarver":"1602","eebarver":"República de Israel","eefecact":"2023-06-30Z","ieogrado_2":0,"ieogrado_1":0,"ieogrado0":27,"ieogrado1":33,"ieogrado2":31,"ieogrado3":32,"ieogrado4":32,"ieogrado5":32,"ieogrado6":0,"ieogrado7":0,"ieogrado8":0,"ieogrado9":0,"ieogrado10":0,"ieogrado11":0,"ieogrado21":0,"ieogrado22":0,"ieogrado23":0,"ieogrado24":0,"ieogrado25":0,"ieogrado26":0,"ieogrado41":0,"ieogrado42":0,"ieogrado43":0,"ieogrado44":0,"ieogrado45":0,"ieogrado99":0,"ieomatrtot":187,"ieoestrat0":2,"ieoestrat1":25,"ieoestrat2":144,"ieoestrat3":11,"ieoestrat4":1,"ieoestrat5":0,"ieoestrat6":0,"ieoestrat9":4,"ieofemen":91,"ieomascul":96,"ieoalgdisc":1,"ieonarp":25,"ieoindigen":0,"ieofecha":"2024-04-03Z"}},{"type":"Feature","id":"esf_establecimiento_educativo.fid--215d4958_1a0d9e21907_-7694","geometry":{"type":"Point","coordinates":[-76.5180166,3.40729548]},"geometry_name":"the_geom","properties":{"gid":56,"eecoddane":"176001040119","eenomins":"Institucion Educativa Rodrigo Lloreda Caicedo","eecodanant":"176001002903","eeconsede":"17600104011900","eenomsede":"Sede Micaela Castro Borrero","eeidclasede":"SEDE","eeclasede":"Sede","eeidestado":"OF","eeestado":"Oficial","eedirecc":"KR 46 C 38 A 39","eenomcorto":"SD Micaela Castro Borrero","eeidestado2":"SEDOF","eeestado2":"Sede - Oficial","eeidcomcor":"16","ecrcomcor":"Comuna 16","eeidbarver":"1601","eebarver":"Mariano Ramos","eefecact":"2023-06-30Z","ieogrado_2":0,"ieogrado_1":0,"ieogrado0":41,"ieogrado1":70,"ieogrado2":63,"ieogrado3":77,"ieogrado4":40,"ieogrado5":39,"ieogrado6":0,"ieogrado7":0,"ieogrado8":0,"ieogrado9":0,"ieogrado10":0,"ieogrado11":0,"ieogrado21":0,"ieogrado22":0,"ieogrado23":0,"ieogrado24":0,"ieogrado25":0,"ieogrado26":0,"ieogrado41":0,"ieogrado42":0,"ieogrado43":0,"ieogrado44":0,"ieogrado45":0,"ieogrado99":0,"ieomatrtot":330,"ieoestrat0":2,"ieoestrat1":37,"ieoestrat2":239,"ieoestrat3":35,"ieoestrat4":3,"ieoestrat5":2,"ieoestrat6":0,"ieoestrat9":12,"ieofemen":172,"ieomascul":158,"ieoalgdisc":5,"ieonarp":39,"ieoindigen":0,"ieofecha":"2024-04-03Z"}},{"type":"Feature","id":"esf_establecimiento_educativo.fid--215d4958_1a0d9e21907_-7693","geometry":{"type":"Point","coordinates":[-76.469419,3.40756155]},"geometry_name":"the_geom","properties":{"gid":57,"eecoddane":"376001043455","eenomins":"Institucion Educativa Nelson Garcés Vernaza","eecodanant":"376001043455","eeconsede":"37600104345500","eenomsede":"Institucion Educativa Nelson Garcés Vernaza  - Sede Principal","eeidclasede":"PRIN","eeclasede":"Principal","eeidestado":"MC","eeestado":"Matricula contratada","eedirecc":"IND CR 28 D 123 -75","eenomcorto":"IE Nelson Garcés Vernaza","eeidestado2":"IEOMC","eeestado2":"IEO - Matricula Contratada","eeidcomcor":"21","ecrcomcor":"Comuna 21","eeidbarver":"2196","eebarver":"Potrero Grande","eefecact":"2023-06-30Z","ieogrado_2":0,"ieogrado_1":0,"ieogrado0":100,"ieogrado1":148,"ieogrado2":151,"ieogrado3":150,"ieogrado4":145,"ieogrado5":131,"ieogrado6":143,"ieogrado7":111,"ieogrado8":110,"ieogrado9":108,"ieogrado10":78,"ieogrado11":61,"ieogrado21":0,"ieogrado22":0,"ieogrado23":0,"ieogrado24":0,"ieogrado25":0,"ieogrado26":0,"ieogrado41":0,"ieogrado42":0,"ieogrado43":0,"ieogrado44":0,"ieogrado45":0,"ieogrado99":0,"ieomatrtot":1436,"ieoestrat0":18,"ieoestrat1":1342,"ieoestrat2":60,"ieoestrat3":7,"ieoestrat4":0,"ieoestrat5":0,"ieoestrat6":0,"ieoestrat9":9,"ieofemen":770,"ieomascul":666,"ieoalgdisc":14,"ieonarp":283,"ieoindigen":3,"ieofecha":"2024-04-03Z"}},{"type":"Feature","id":"esf_establecimiento_educativo.fid--215d4958_1a0d9e21907_-7692","geometry":{"type":"Point","coordinates":[-76.57494651,3.40806863]},"geometry_name":"the_geom","properties":{"gid":58,"eecoddane":"176001037600","eenomins":"Institucion Educativa Tecnico Industrial  Multiproposito","eecodanant":"276001005877","eeconsede":"17600103760000","eenomsede":"Santa Luisa","eeidclasede":"SEDE","eeclasede":"Sede","eeidestado":"OF","eeestado":"Oficial","eedirecc":"CALLE PRINCIPAL VEREDA LA SIRENA","eenomcorto":"SD Santa Luisa","eeidestado2":"SEDOF","eeestado2":"Sede - Oficial","eeidcomcor":"56","ecrcomcor":"Correg. Los Andes","eeidbarver":"5608","eebarver":"La Carolina - Andes Bajo","eefecact":"2023-06-30Z","ieogrado_2":0,"ieogrado_1":20,"ieogrado0":49,"ieogrado1":71,"ieogrado2":70,"ieogrado3":67,"ieogrado4":69,"ieogrado5":63,"ieogrado6":0,"ieogrado7":0,"ieogrado8":0,"ieogrado9":0,"ieogrado10":0,"ieogrado11":0,"ieogrado21":2,"ieogrado22":4,"ieogrado23":10,"ieogrado24":10,"ieogrado25":12,"ieogrado26":0,"ieogrado41":0,"ieogrado42":0,"ieogrado43":0,"ieogrado44":0,"ieogrado45":0,"ieogrado99":28,"ieomatrtot":475,"ieoestrat0":0,"ieoestrat1":409,"ieoestrat2":57,"ieoestrat3":2,"ieoestrat4":0,"ieoestrat5":0,"ieoestrat6":0,"ieoestrat9":7,"ieofemen":216,"ieomascul":259,"ieoalgdisc":9,"ieonarp":15,"ieoindigen":6,"ieofecha":"2024-04-03Z"}},{"type":"Feature","id":"esf_establecimiento_educativo.fid--215d4958_1a0d9e21907_-7691","geometry":{"type":"Point","coordinates":[-76.51454406,3.4086717]},"geometry_name":"the_geom","properties":{"gid":59,"eecoddane":"176001028970","eenomins":"Institucion Educativa Tecnico Industrial Donald Rodrigo Tafur","eecodanant":"176001028970","eeconsede":"17600102897000","eenomsede":"Institucion Educativa Tecnico Industrial Donald Rodrigo Tafur - Sede Principal","eeidclasede":"PRIN","eeclasede":"Principal","eeidestado":"OF","eeestado":"Oficial","eedirecc":"KR 43 B 40 11","eenomcorto":"IETI Donald Rodrigo Tafur","eeidestado2":"IEOOF","eeestado2":"IEO - Oficial","eeidcomcor":"16","ecrcomcor":"Comuna 16","eeidbarver":"1602","eebarver":"República de Israel","eefecact":"2023-06-30Z","ieogrado_2":0,"ieogrado_1":0,"ieogrado0":0,"ieogrado1":0,"ieogrado2":0,"ieogrado3":0,"ieogrado4":0,"ieogrado5":0,"ieogrado6":318,"ieogrado7":268,"ieogrado8":231,"ieogrado9":224,"ieogrado10":212,"ieogrado11":165,"ieogrado21":0,"ieogrado22":21,"ieogrado23":62,"ieogrado24":111,"ieogrado25":125,"ieogrado26":32,"ieogrado41":0,"ieogrado42":0,"ieogrado43":0,"ieogrado44":0,"ieogrado45":0,"ieogrado99":0,"ieomatrtot":1769,"ieoestrat0":10,"ieoestrat1":260,"ieoestrat2":1376,"ieoestrat3":110,"ieoestrat4":4,"ieoestrat5":2,"ieoestrat6":0,"ieoestrat9":7,"ieofemen":826,"ieomascul":943,"ieoalgdisc":24,"ieonarp":573,"ieoindigen":13,"ieofecha":"2024-04-03Z"}},{"type":"Feature","id":"esf_establecimiento_educativo.fid--215d4958_1a0d9e21907_-7690","geometry":{"type":"Point","coordinates":[-76.4963262,3.40868871]},"geometry_name":"the_geom","properties":{"gid":60,"eecoddane":"176001028872","eenomins":"Institucion Educativa Tecnico Industrial Carlos Holguin Mallarino","eecodanant":"176001800001","eeconsede":"17600102887200","eenomsede":"El Retiro","eeidclasede":"SEDE","eeclasede":"Sede","eeidestado":"OF","eeestado":"Oficial","eedirecc":"KR 37 54 A 10","eenomcorto":"SD El Retiro","eeidestado2":"SEDOF","eeestado2":"Sede - Oficial","eeidcomcor":"15","ecrcomcor":"Comuna 15","eeidbarver":"1503","eebarver":"Laureano Gómez","eefecact":"2023-06-30Z","ieogrado_2":0,"ieogrado_1":0,"ieogrado0":26,"ieogrado1":50,"ieogrado2":39,"ieogrado3":75,"ieogrado4":28,"ieogrado5":28,"ieogrado6":0,"ieogrado7":0,"ieogrado8":0,"ieogrado9":0,"ieogrado10":0,"ieogrado11":0,"ieogrado21":0,"ieogrado22":0,"ieogrado23":0,"ieogrado24":0,"ieogrado25":0,"ieogrado26":0,"ieogrado41":0,"ieogrado42":0,"ieogrado43":0,"ieogrado44":0,"ieogrado45":0,"ieogrado99":33,"ieomatrtot":279,"ieoestrat0":54,"ieoestrat1":181,"ieoestrat2":40,"ieoestrat3":4,"ieoestrat4":0,"ieoestrat5":0,"ieoestrat6":0,"ieoestrat9":0,"ieofemen":130,"ieomascul":149,"ieoalgdisc":1,"ieonarp":80,"ieoindigen":0,"ieofecha":"2024-04-03Z"}},{"type":"Feature","id":"esf_establecimiento_educativo.fid--215d4958_1a0d9e21907_-768f","geometry":{"type":"Point","coordinates":[-76.52001091,3.4086897]},"geometry_name":"the_geom","properties":{"gid":61,"eecoddane":"176001029411","eenomins":"Institucion Educativa Agustin Nieto Caballero","eecodanant":"176001005333","eeconsede":"17600102941100","eenomsede":"Antonio Ricaurte","eeidclasede":"SEDE","eeclasede":"Sede","eeidestado":"OF","eeestado":"Oficial","eedirecc":"CL 26 B KR 46","eenomcorto":"SD Antonio Ricaurte","eeidestado2":"SEDOF","eeestado2":"Sede - Oficial","eeidcomcor":"11","ecrcomcor":"Comuna 11","eeidbarver":"1115","eebarver":"José Holguín Garcés","eefecact":"2023-06-30Z","ieogrado_2":0,"ieogrado_1":0,"ieogrado0":32,"ieogrado1":48,"ieogrado2":32,"ieogrado3":0,"ieogrado4":0,"ieogrado5":0,"ieogrado6":0,"ieogrado7":0,"ieogrado8":0,"ieogrado9":0,"ieogrado10":0,"ieogrado11":0,"ieogrado21":0,"ieogrado22":0,"ieogrado23":0,"ieogrado24":0,"ieogrado25":0,"ieogrado26":0,"ieogrado41":0,"ieogrado42":0,"ieogrado43":0,"ieogrado44":0,"ieogrado45":0,"ieogrado99":0,"ieomatrtot":112,"ieoestrat0":1,"ieoestrat1":10,"ieoestrat2":25,"ieoestrat3":73,"ieoestrat4":1,"ieoestrat5":0,"ieoestrat6":0,"ieoestrat9":2,"ieofemen":60,"ieomascul":52,"ieoalgdisc":2,"ieonarp":1,"ieoindigen":0,"ieofecha":"2024-04-03Z"}},{"type":"Feature","id":"esf_establecimiento_educativo.fid--215d4958_1a0d9e21907_-768e","geometry":{"type":"Point","coordinates":[-76.49337674,3.40917379]},"geometry_name":"the_geom","properties":{"gid":62,"eecoddane":"176001016491","eenomins":"Institucion Educativa Tecnica Gabriel Garcia Marquez","eecodanant":"376001017438","eeconsede":"17600101649100","eenomsede":"Sede Alfonso Bonilla Naar","eeidclasede":"SEDE","eeclasede":"Sede","eeidestado":"OF","eeestado":"Oficial","eedirecc":"CL 57 33 11","eenomcorto":"SD Alfonso Bonilla Naar","eeidestado2":"SEDOF","eeestado2":"Sede - Oficial","eeidcomcor":"15","ecrcomcor":"Comuna 15","eeidbarver":"1502","eebarver":"Los Comuneros I","eefecact":"2023-06-30Z","ieogrado_2":0,"ieogrado_1":0,"ieogrado0":67,"ieogrado1":129,"ieogrado2":120,"ieogrado3":122,"ieogrado4":104,"ieogrado5":79,"ieogrado6":0,"ieogrado7":0,"ieogrado8":0,"ieogrado9":0,"ieogrado10":0,"ieogrado11":0,"ieogrado21":0,"ieogrado22":0,"ieogrado23":0,"ieogrado24":0,"ieogrado25":0,"ieogrado26":0,"ieogrado41":0,"ieogrado42":0,"ieogrado43":0,"ieogrado44":0,"ieogrado45":0,"ieogrado99":81,"ieomatrtot":702,"ieoestrat0":188,"ieoestrat1":387,"ieoestrat2":118,"ieoestrat3":0,"ieoestrat4":0,"ieoestrat5":0,"ieoestrat6":0,"ieoestrat9":9,"ieofemen":344,"ieomascul":358,"ieoalgdisc":1,"ieonarp":385,"ieoindigen":1,"ieofecha":"2024-04-03Z"}},{"type":"Feature","id":"esf_establecimiento_educativo.fid--215d4958_1a0d9e21907_-768d","geometry":{"type":"Point","coordinates":[-76.50832108,3.4093058]},"geometry_name":"the_geom","properties":{"gid":63,"eecoddane":"176001007131","eenomins":"Institucion Educativa Carlos Holmes Trujillo","eecodanant":"176001025661","eeconsede":"17600100713100","eenomsede":"Cristo Maestro","eeidclasede":"SEDE","eeclasede":"Sede","eeidestado":"OF","eeestado":"Oficial","eedirecc":"CL 44 KR 41 F","eenomcorto":"SD Cristo Maestro","eeidestado2":"SEDOF","eeestado2":"Sede - Oficial","eeidcomcor":"16","ecrcomcor":"Comuna 16","eeidbarver":"1603","eebarver":"Unión de Vivienda Popular","eefecact":"2023-06-30Z","ieogrado_2":0,"ieogrado_1":0,"ieogrado0":53,"ieogrado1":96,"ieogrado2":104,"ieogrado3":75,"ieogrado4":63,"ieogrado5":69,"ieogrado6":0,"ieogrado7":0,"ieogrado8":0,"ieogrado9":0,"ieogrado10":0,"ieogrado11":0,"ieogrado21":0,"ieogrado22":0,"ieogrado23":0,"ieogrado24":0,"ieogrado25":0,"ieogrado26":0,"ieogrado41":0,"ieogrado42":0,"ieogrado43":0,"ieogrado44":0,"ieogrado45":0,"ieogrado99":0,"ieomatrtot":460,"ieoestrat0":3,"ieoestrat1":67,"ieoestrat2":342,"ieoestrat3":32,"ieoestrat4":1,"ieoestrat5":0,"ieoestrat6":0,"ieoestrat9":15,"ieofemen":226,"ieomascul":234,"ieoalgdisc":6,"ieonarp":24,"ieoindigen":1,"ieofecha":"2024-04-03Z"}},{"type":"Feature","id":"esf_establecimiento_educativo.fid--215d4958_1a0d9e21907_-768c","geometry":{"type":"Point","coordinates":[-76.52984445,3.40961685]},"geometry_name":"the_geom","properties":{"gid":64,"eecoddane":"176001001796","eenomins":"Institucion Educativa Tecnico Comercial Jose Maria Vivas Balcazar","eecodanant":"176001001796","eeconsede":"17600100179600","eenomsede":"Institucion Educativa Tecnico Comercial Jose Maria Vivas Balcazar","eeidclasede":"PRIN","eeclasede":"Principal","eeidestado":"OF","eeestado":"Oficial","eedirecc":"CL 14 48 A 32","eenomcorto":"IETIC Jose Maria Vivas Balcazar","eeidestado2":"IEOOF","eeestado2":"IEO - Oficial","eeidcomcor":"10","ecrcomcor":"Comuna 10","eeidbarver":"1010","eebarver":"La Selva","eefecact":"2023-06-30Z","ieogrado_2":0,"ieogrado_1":0,"ieogrado0":0,"ieogrado1":0,"ieogrado2":0,"ieogrado3":0,"ieogrado4":0,"ieogrado5":0,"ieogrado6":198,"ieogrado7":236,"ieogrado8":186,"ieogrado9":200,"ieogrado10":179,"ieogrado11":118,"ieogrado21":0,"ieogrado22":0,"ieogrado23":14,"ieogrado24":26,"ieogrado25":21,"ieogrado26":0,"ieogrado41":0,"ieogrado42":0,"ieogrado43":0,"ieogrado44":0,"ieogrado45":0,"ieogrado99":0,"ieomatrtot":1178,"ieoestrat0":19,"ieoestrat1":231,"ieoestrat2":255,"ieoestrat3":606,"ieoestrat4":47,"ieoestrat5":12,"ieoestrat6":0,"ieoestrat9":8,"ieofemen":575,"ieomascul":603,"ieoalgdisc":40,"ieonarp":113,"ieoindigen":12,"ieofecha":"2024-04-03Z"}},{"type":"Feature","id":"esf_establecimiento_educativo.fid--215d4958_1a0d9e21907_-768b","geometry":{"type":"Point","coordinates":[-76.51539319,3.40963886]},"geometry_name":"the_geom","properties":{"gid":65,"eecoddane":"176001028970","eenomins":"Institucion Educativa Tecnico Industrial Donald Rodrigo Tafur","eecodanant":"176001003403","eeconsede":"17600102897000","eenomsede":"Sede Francisco Jose Ruiz","eeidclasede":"SEDE","eeclasede":"Sede","eeidestado":"OF","eeestado":"Oficial","eedirecc":"KR 43 B 38 A 16","eenomcorto":"SD Francisco Jose Ruiz","eeidestado2":"SEDOF","eeestado2":"Sede - Oficial","eeidcomcor":"16","ecrcomcor":"Comuna 16","eeidbarver":"1602","eebarver":"República de Israel","eefecact":"2023-06-30Z","ieogrado_2":0,"ieogrado_1":0,"ieogrado0":80,"ieogrado1":94,"ieogrado2":102,"ieogrado3":111,"ieogrado4":97,"ieogrado5":118,"ieogrado6":0,"ieogrado7":0,"ieogrado8":0,"ieogrado9":0,"ieogrado10":0,"ieogrado11":0,"ieogrado21":0,"ieogrado22":0,"ieogrado23":0,"ieogrado24":0,"ieogrado25":0,"ieogrado26":0,"ieogrado41":0,"ieogrado42":0,"ieogrado43":0,"ieogrado44":0,"ieogrado45":0,"ieogrado99":0,"ieomatrtot":602,"ieoestrat0":1,"ieoestrat1":44,"ieoestrat2":501,"ieoestrat3":48,"ieoestrat4":4,"ieoestrat5":1,"ieoestrat6":0,"ieoestrat9":3,"ieofemen":295,"ieomascul":307,"ieoalgdisc":4,"ieonarp":36,"ieoindigen":0,"ieofecha":"2024-04-03Z"}},{"type":"Feature","id":"esf_establecimiento_educativo.fid--215d4958_1a0d9e21907_-768a","geometry":{"type":"Point","coordinates":[-76.49390982,3.41008893]},"geometry_name":"the_geom","properties":{"gid":66,"eecoddane":"176001028872","eenomins":"Institucion Educativa Tecnico Industrial Carlos Holguin Mallarino","eecodanant":"176001028872","eeconsede":"17600102887200","eenomsede":"Institucion Educativa Tecnico Industrial Carlos Holguin Mallarino - Sede Principal","eeidclasede":"PRIN","eeclasede":"Principal","eeidestado":"OF","eeestado":"Oficial","eedirecc":"CL 55 A 30 B 50","eenomcorto":"IETI Carlos Holguin Mallarino","eeidestado2":"IEOOF","eeestado2":"IEO - Oficial","eeidcomcor":"15","ecrcomcor":"Comuna 15","eeidbarver":"1502","eebarver":"Los Comuneros I","eefecact":"2023-06-30Z","ieogrado_2":0,"ieogrado_1":0,"ieogrado0":0,"ieogrado1":0,"ieogrado2":0,"ieogrado3":0,"ieogrado4":0,"ieogrado5":0,"ieogrado6":112,"ieogrado7":140,"ieogrado8":87,"ieogrado9":122,"ieogrado10":73,"ieogrado11":59,"ieogrado21":5,"ieogrado22":28,"ieogrado23":52,"ieogrado24":69,"ieogrado25":74,"ieogrado26":0,"ieogrado41":0,"ieogrado42":0,"ieogrado43":0,"ieogrado44":0,"ieogrado45":0,"ieogrado99":0,"ieomatrtot":821,"ieoestrat0":49,"ieoestrat1":607,"ieoestrat2":149,"ieoestrat3":8,"ieoestrat4":0,"ieoestrat5":0,"ieoestrat6":0,"ieoestrat9":8,"ieofemen":448,"ieomascul":373,"ieoalgdisc":8,"ieonarp":401,"ieoindigen":4,"ieofecha":"2024-04-03Z"}},{"type":"Feature","id":"esf_establecimiento_educativo.fid--215d4958_1a0d9e21907_-7689","geometry":{"type":"Point","coordinates":[-76.49796846,3.41032797]},"geometry_name":"the_geom","properties":{"gid":67,"eecoddane":"176001007115","eenomins":"Institucion Educativa  El Diamante","eecodanant":"176001800061","eeconsede":"17600100711500","eenomsede":"Señor De Los Milagros","eeidclasede":"SEDE","eeclasede":"Sede","eeidestado":"OF","eeestado":"Oficial","eedirecc":"KR 36 51 A 02","eenomcorto":"SD Señor De Los Milagros","eeidestado2":"SEDOF","eeestado2":"Sede - Oficial","eeidcomcor":"15","ecrcomcor":"Comuna 15","eeidbarver":"1501","eebarver":"El Retiro","eefecact":"2023-06-30Z","ieogrado_2":0,"ieogrado_1":0,"ieogrado0":79,"ieogrado1":73,"ieogrado2":93,"ieogrado3":58,"ieogrado4":66,"ieogrado5":43,"ieogrado6":0,"ieogrado7":0,"ieogrado8":0,"ieogrado9":0,"ieogrado10":0,"ieogrado11":0,"ieogrado21":0,"ieogrado22":0,"ieogrado23":0,"ieogrado24":0,"ieogrado25":0,"ieogrado26":0,"ieogrado41":0,"ieogrado42":0,"ieogrado43":0,"ieogrado44":0,"ieogrado45":0,"ieogrado99":0,"ieomatrtot":412,"ieoestrat0":7,"ieoestrat1":333,"ieoestrat2":68,"ieoestrat3":2,"ieoestrat4":0,"ieoestrat5":0,"ieoestrat6":0,"ieoestrat9":2,"ieofemen":216,"ieomascul":196,"ieoalgdisc":0,"ieonarp":286,"ieoindigen":0,"ieofecha":"2024-04-03Z"}},{"type":"Feature","id":"esf_establecimiento_educativo.fid--215d4958_1a0d9e21907_-7688","geometry":{"type":"Point","coordinates":[-76.52295137,3.41080904]},"geometry_name":"the_geom","properties":{"gid":68,"eecoddane":"176001001796","eenomins":"Institucion Educativa Tecnico Comercial Jose Maria Vivas Balcazar","eecodanant":"176001004922","eeconsede":"17600100179600","eenomsede":"Fernando Velasco","eeidclasede":"SEDE","eeclasede":"Sede","eeidestado":"OF","eeestado":"Oficial","eedirecc":"CL 23 44 A 16","eenomcorto":"SD Fernando Velasco","eeidestado2":"SEDOF","eeestado2":"Sede - Oficial","eeidcomcor":"10","ecrcomcor":"Comuna 10","eeidbarver":"1017","eebarver":"San Judas Tadeo I","eefecact":"2023-06-30Z","ieogrado_2":0,"ieogrado_1":0,"ieogrado0":48,"ieogrado1":68,"ieogrado2":70,"ieogrado3":70,"ieogrado4":74,"ieogrado5":80,"ieogrado6":0,"ieogrado7":0,"ieogrado8":0,"ieogrado9":0,"ieogrado10":0,"ieogrado11":0,"ieogrado21":0,"ieogrado22":0,"ieogrado23":0,"ieogrado24":0,"ieogrado25":0,"ieogrado26":0,"ieogrado41":0,"ieogrado42":0,"ieogrado43":0,"ieogrado44":0,"ieogrado45":0,"ieogrado99":0,"ieomatrtot":410,"ieoestrat0":5,"ieoestrat1":62,"ieoestrat2":72,"ieoestrat3":254,"ieoestrat4":3,"ieoestrat5":1,"ieoestrat6":1,"ieoestrat9":12,"ieofemen":208,"ieomascul":202,"ieoalgdisc":7,"ieonarp":9,"ieoindigen":1,"ieofecha":"2024-04-03Z"}},{"type":"Feature","id":"esf_establecimiento_educativo.fid--215d4958_1a0d9e21907_-7687","geometry":{"type":"Point","coordinates":[-76.56111935,3.41102509]},"geometry_name":"the_geom","properties":{"gid":69,"eecoddane":"176001037600","eenomins":"Institucion Educativa Tecnico Industrial  Multiproposito","eecodanant":"176001037600","eeconsede":"17600103760000","eenomsede":"Institucion Educativa Tecnico Industrial  Multiproposito - Sede Principal","eeidclasede":"PRIN","eeclasede":"Principal","eeidestado":"OF","eeestado":"Oficial","eedirecc":"IND KR 56 7 OESTE - 190","eenomcorto":"IETI  Multiproposito","eeidestado2":"IEOOF","eeestado2":"IEO - Oficial","eeidcomcor":"19","ecrcomcor":"Comuna 19","eeidbarver":"1995","eebarver":"Sector Cañaveralejo Guadalupe","eefecact":"2023-06-30Z","ieogrado_2":0,"ieogrado_1":0,"ieogrado0":0,"ieogrado1":0,"ieogrado2":0,"ieogrado3":0,"ieogrado4":0,"ieogrado5":0,"ieogrado6":123,"ieogrado7":146,"ieogrado8":86,"ieogrado9":84,"ieogrado10":80,"ieogrado11":79,"ieogrado21":0,"ieogrado22":0,"ieogrado23":0,"ieogrado24":0,"ieogrado25":0,"ieogrado26":0,"ieogrado41":0,"ieogrado42":0,"ieogrado43":0,"ieogrado44":0,"ieogrado45":0,"ieogrado99":0,"ieomatrtot":598,"ieoestrat0":1,"ieoestrat1":533,"ieoestrat2":57,"ieoestrat3":5,"ieoestrat4":0,"ieoestrat5":0,"ieoestrat6":0,"ieoestrat9":2,"ieofemen":282,"ieomascul":316,"ieoalgdisc":12,"ieonarp":18,"ieoindigen":14,"ieofecha":"2024-04-03Z"}},{"type":"Feature","id":"esf_establecimiento_educativo.fid--215d4958_1a0d9e21907_-7686","geometry":{"type":"Point","coordinates":[-76.50414643,3.41110609]},"geometry_name":"the_geom","properties":{"gid":70,"eecoddane":"176001007131","eenomins":"Institucion Educativa Carlos Holmes Trujillo","eecodanant":"176001004060","eeconsede":"17600100713100","eenomsede":"Lizandro Franky","eeidclasede":"SEDE","eeclasede":"Sede","eeidestado":"OF","eeestado":"Oficial","eedirecc":"CL 46 KR 40 EQ","eenomcorto":"SD Lizandro Franky","eeidestado2":"SEDOF","eeestado2":"Sede - Oficial","eeidcomcor":"16","ecrcomcor":"Comuna 16","eeidbarver":"1604","eebarver":"Antonio Nariño","eefecact":"2023-06-30Z","ieogrado_2":0,"ieogrado_1":0,"ieogrado0":24,"ieogrado1":56,"ieogrado2":37,"ieogrado3":41,"ieogrado4":33,"ieogrado5":43,"ieogrado6":70,"ieogrado7":50,"ieogrado8":34,"ieogrado9":42,"ieogrado10":33,"ieogrado11":23,"ieogrado21":2,"ieogrado22":2,"ieogrado23":5,"ieogrado24":11,"ieogrado25":13,"ieogrado26":0,"ieogrado41":0,"ieogrado42":0,"ieogrado43":0,"ieogrado44":0,"ieogrado45":0,"ieogrado99":0,"ieomatrtot":519,"ieoestrat0":10,"ieoestrat1":297,"ieoestrat2":191,"ieoestrat3":16,"ieoestrat4":0,"ieoestrat5":0,"ieoestrat6":0,"ieoestrat9":5,"ieofemen":271,"ieomascul":248,"ieoalgdisc":2,"ieonarp":138,"ieoindigen":0,"ieofecha":"2024-04-03Z"}},{"type":"Feature","id":"esf_establecimiento_educativo.fid--215d4958_1a0d9e21907_-7685","geometry":{"type":"Point","coordinates":[-76.53506227,3.4111611]},"geometry_name":"the_geom","properties":{"gid":71,"eecoddane":"176001020359","eenomins":"Institucion Educativa Rafael Navia Varon","eecodanant":"176001004761","eeconsede":"17600102035900","eenomsede":"Panamericana","eeidclasede":"SEDE","eeclasede":"Sede","eeidestado":"OF","eeestado":"Oficial","eedirecc":"CL 12 A 48 A 12","eenomcorto":"SD Panamericana","eeidestado2":"SEDOF","eeestado2":"Sede - Oficial","eeidcomcor":"10","ecrcomcor":"Comuna 10","eeidbarver":"1013","eebarver":"Panamericano","eefecact":"2023-06-30Z","ieogrado_2":0,"ieogrado_1":0,"ieogrado0":24,"ieogrado1":28,"ieogrado2":49,"ieogrado3":40,"ieogrado4":71,"ieogrado5":63,"ieogrado6":0,"ieogrado7":0,"ieogrado8":0,"ieogrado9":0,"ieogrado10":0,"ieogrado11":0,"ieogrado21":0,"ieogrado22":0,"ieogrado23":0,"ieogrado24":0,"ieogrado25":0,"ieogrado26":0,"ieogrado41":0,"ieogrado42":0,"ieogrado43":0,"ieogrado44":0,"ieogrado45":0,"ieogrado99":0,"ieomatrtot":275,"ieoestrat0":3,"ieoestrat1":31,"ieoestrat2":62,"ieoestrat3":151,"ieoestrat4":19,"ieoestrat5":3,"ieoestrat6":0,"ieoestrat9":6,"ieofemen":146,"ieomascul":129,"ieoalgdisc":5,"ieonarp":8,"ieoindigen":2,"ieofecha":"2024-04-03Z"}},{"type":"Feature","id":"esf_establecimiento_educativo.fid--215d4958_1a0d9e21907_-7684","geometry":{"type":"Point","coordinates":[-76.48614661,3.41117311]},"geometry_name":"the_geom","properties":{"gid":72,"eecoddane":"176001043791","eenomins":"Institucion Educativa Nuevo Latir","eecodanant":"176001800214","eeconsede":"17600104379100","eenomsede":"Isaias Duarte Cancino","eeidclasede":"SEDE","eeclasede":"Sede","eeidestado":"OF","eeestado":"Oficial","eedirecc":"IND CALLE 96 KR 28 E3 - 02","eenomcorto":"SD Isaias Duarte Cancino","eeidestado2":"SEDOF","eeestado2":"Sede - Oficial","eeidcomcor":"51","ecrcomcor":"Correg. Navarro","eeidbarver":"5101","eebarver":"Navarro (Cabecera)","eefecact":"2023-06-30Z","ieogrado_2":0,"ieogrado_1":0,"ieogrado0":111,"ieogrado1":169,"ieogrado2":146,"ieogrado3":161,"ieogrado4":131,"ieogrado5":147,"ieogrado6":196,"ieogrado7":167,"ieogrado8":78,"ieogrado9":152,"ieogrado10":107,"ieogrado11":106,"ieogrado21":0,"ieogrado22":0,"ieogrado23":0,"ieogrado24":0,"ieogrado25":0,"ieogrado26":0,"ieogrado41":0,"ieogrado42":0,"ieogrado43":0,"ieogrado44":0,"ieogrado45":0,"ieogrado99":118,"ieomatrtot":1789,"ieoestrat0":133,"ieoestrat1":1390,"ieoestrat2":190,"ieoestrat3":26,"ieoestrat4":1,"ieoestrat5":0,"ieoestrat6":0,"ieoestrat9":49,"ieofemen":906,"ieomascul":883,"ieoalgdisc":37,"ieonarp":819,"ieoindigen":5,"ieofecha":"2024-04-03Z"}},{"type":"Feature","id":"esf_establecimiento_educativo.fid--215d4958_1a0d9e21907_-7683","geometry":{"type":"Point","coordinates":[-76.53060657,3.41121411]},"geometry_name":"the_geom","properties":{"gid":73,"eecoddane":"176001001796","eenomins":"Institucion Educativa Tecnico Comercial Jose Maria Vivas Balcazar","eecodanant":"176001004744","eeconsede":"17600100179600","eenomsede":"Santo Domingo","eeidclasede":"SEDE","eeclasede":"Sede","eeidestado":"OF","eeestado":"Oficial","eedirecc":"KR 47 13 C 100","eenomcorto":"SD Santo Domingo","eeidestado2":"SEDOF","eeestado2":"Sede - Oficial","eeidcomcor":"10","ecrcomcor":"Comuna 10","eeidbarver":"1010","eebarver":"La Selva","eefecact":"2023-06-30Z","ieogrado_2":0,"ieogrado_1":0,"ieogrado0":45,"ieogrado1":62,"ieogrado2":68,"ieogrado3":64,"ieogrado4":62,"ieogrado5":62,"ieogrado6":0,"ieogrado7":0,"ieogrado8":0,"ieogrado9":0,"ieogrado10":0,"ieogrado11":0,"ieogrado21":0,"ieogrado22":0,"ieogrado23":0,"ieogrado24":0,"ieogrado25":0,"ieogrado26":0,"ieogrado41":0,"ieogrado42":0,"ieogrado43":0,"ieogrado44":0,"ieogrado45":0,"ieogrado99":0,"ieomatrtot":363,"ieoestrat0":0,"ieoestrat1":33,"ieoestrat2":45,"ieoestrat3":254,"ieoestrat4":19,"ieoestrat5":2,"ieoestrat6":0,"ieoestrat9":10,"ieofemen":167,"ieomascul":196,"ieoalgdisc":6,"ieonarp":6,"ieoindigen":0,"ieofecha":"2024-04-03Z"}},{"type":"Feature","id":"esf_establecimiento_educativo.fid--215d4958_1a0d9e21907_-7682","geometry":{"type":"Point","coordinates":[-76.51953584,3.41126212]},"geometry_name":"the_geom","properties":{"gid":74,"eecoddane":"176001029411","eenomins":"Institucion Educativa Agustin Nieto Caballero","eecodanant":"176001003012","eeconsede":"17600102941100","eenomsede":"Marino Rengifo Salcedo","eeidclasede":"SEDE","eeclasede":"Sede","eeidestado":"OF","eeestado":"Oficial","eedirecc":"CL 26 C 44 00","eenomcorto":"SD Marino Rengifo Salcedo","eeidestado2":"SEDOF","eeestado2":"Sede - Oficial","eeidcomcor":"11","ecrcomcor":"Comuna 11","eeidbarver":"1114","eebarver":"Villa del Sur","eefecact":"2023-06-30Z","ieogrado_2":0,"ieogrado_1":0,"ieogrado0":0,"ieogrado1":0,"ieogrado2":0,"ieogrado3":39,"ieogrado4":47,"ieogrado5":28,"ieogrado6":61,"ieogrado7":64,"ieogrado8":61,"ieogrado9":45,"ieogrado10":80,"ieogrado11":57,"ieogrado21":0,"ieogrado22":0,"ieogrado23":0,"ieogrado24":0,"ieogrado25":0,"ieogrado26":0,"ieogrado41":0,"ieogrado42":0,"ieogrado43":0,"ieogrado44":0,"ieogrado45":0,"ieogrado99":0,"ieomatrtot":482,"ieoestrat0":4,"ieoestrat1":100,"ieoestrat2":200,"ieoestrat3":170,"ieoestrat4":4,"ieoestrat5":0,"ieoestrat6":0,"ieoestrat9":4,"ieofemen":201,"ieomascul":281,"ieoalgdisc":9,"ieonarp":60,"ieoindigen":0,"ieofecha":"2024-04-03Z"}},{"type":"Feature","id":"esf_establecimiento_educativo.fid--215d4958_1a0d9e21907_-7681","geometry":{"type":"Point","coordinates":[-76.5116446,3.41200223]},"geometry_name":"the_geom","properties":{"gid":75,"eecoddane":"176001006356","eenomins":"Institucion Educativa  Libardo Madrid Valderrama","eecodanant":"176001005309","eeconsede":"17600100635600","eenomsede":"Sede Angelica Sierra Arizabaleta","eeidclasede":"SEDE","eeclasede":"Sede","eeidestado":"OF","eeestado":"Oficial","eedirecc":"IND CARRERA 41F 39 58","eenomcorto":"SD Angelica Sierra Arizabaleta","eeidestado2":"SEDOF","eeestado2":"Sede - Oficial","eeidcomcor":"16","ecrcomcor":"Comuna 16","eeidbarver":"1603","eebarver":"Unión de Vivienda Popular","eefecact":"2023-06-30Z","ieogrado_2":0,"ieogrado_1":0,"ieogrado0":20,"ieogrado1":53,"ieogrado2":72,"ieogrado3":67,"ieogrado4":59,"ieogrado5":75,"ieogrado6":0,"ieogrado7":0,"ieogrado8":0,"ieogrado9":0,"ieogrado10":0,"ieogrado11":0,"ieogrado21":0,"ieogrado22":0,"ieogrado23":0,"ieogrado24":0,"ieogrado25":0,"ieogrado26":0,"ieogrado41":0,"ieogrado42":0,"ieogrado43":0,"ieogrado44":0,"ieogrado45":0,"ieogrado99":0,"ieomatrtot":346,"ieoestrat0":3,"ieoestrat1":77,"ieoestrat2":235,"ieoestrat3":22,"ieoestrat4":2,"ieoestrat5":0,"ieoestrat6":0,"ieoestrat9":7,"ieofemen":159,"ieomascul":187,"ieoalgdisc":1,"ieonarp":34,"ieoindigen":0,"ieofecha":"2024-04-03Z"}},{"type":"Feature","id":"esf_establecimiento_educativo.fid--215d4958_1a0d9e21907_-7680","geometry":{"type":"Point","coordinates":[-76.5116526,3.41203024]},"geometry_name":"the_geom","properties":{"gid":76,"eecoddane":"176001006356","eenomins":"Institucion Educativa  Libardo Madrid Valderrama","eecodanant":"176001006356","eeconsede":"17600100635600","eenomsede":"Institucion Educativa Libardo Madrid Valderrama - Sede Principal","eeidclasede":"PRIN","eeclasede":"Principal","eeidestado":"OF","eeestado":"Oficial","eedirecc":"KR 41 H 39 73","eenomcorto":"IE  Libardo Madrid Valderrama","eeidestado2":"IEOOF","eeestado2":"IEO - Oficial","eeidcomcor":"16","ecrcomcor":"Comuna 16","eeidbarver":"1603","eebarver":"Unión de Vivienda Popular","eefecact":"2023-06-30Z","ieogrado_2":0,"ieogrado_1":0,"ieogrado0":0,"ieogrado1":0,"ieogrado2":0,"ieogrado3":0,"ieogrado4":0,"ieogrado5":0,"ieogrado6":119,"ieogrado7":116,"ieogrado8":137,"ieogrado9":124,"ieogrado10":107,"ieogrado11":114,"ieogrado21":0,"ieogrado22":0,"ieogrado23":17,"ieogrado24":50,"ieogrado25":35,"ieogrado26":0,"ieogrado41":0,"ieogrado42":0,"ieogrado43":0,"ieogrado44":0,"ieogrado45":0,"ieogrado99":0,"ieomatrtot":819,"ieoestrat0":7,"ieoestrat1":244,"ieoestrat2":522,"ieoestrat3":44,"ieoestrat4":0,"ieoestrat5":0,"ieoestrat6":0,"ieoestrat9":2,"ieofemen":389,"ieomascul":430,"ieoalgdisc":13,"ieonarp":293,"ieoindigen":8,"ieofecha":"2024-04-03Z"}},{"type":"Feature","id":"esf_establecimiento_educativo.fid--215d4958_1a0d9e21907_-767f","geometry":{"type":"Point","coordinates":[-76.49291267,3.41223228]},"geometry_name":"the_geom","properties":{"gid":77,"eecoddane":"176001016491","eenomins":"Institucion Educativa Tecnica Gabriel Garcia Marquez","eecodanant":"176001016491","eeconsede":"17600101649100","eenomsede":"Institucion Educativa Tecnica Gabriel Garcia Marquez - Sede Principal","eeidclasede":"PRIN","eeclasede":"Principal","eeidestado":"OF","eeestado":"Oficial","eedirecc":"KR 29 B 54 00","eenomcorto":"IE Tecnica Gabriel Garcia Marquez","eeidestado2":"IEOOF","eeestado2":"IEO - Oficial","eeidcomcor":"15","ecrcomcor":"Comuna 15","eeidbarver":"1502","eebarver":"Los Comuneros I","eefecact":"2023-06-30Z","ieogrado_2":0,"ieogrado_1":0,"ieogrado0":0,"ieogrado1":0,"ieogrado2":0,"ieogrado3":0,"ieogrado4":0,"ieogrado5":0,"ieogrado6":336,"ieogrado7":229,"ieogrado8":237,"ieogrado9":184,"ieogrado10":150,"ieogrado11":126,"ieogrado21":0,"ieogrado22":49,"ieogrado23":98,"ieogrado24":79,"ieogrado25":96,"ieogrado26":0,"ieogrado41":0,"ieogrado42":0,"ieogrado43":0,"ieogrado44":0,"ieogrado45":0,"ieogrado99":0,"ieomatrtot":1584,"ieoestrat0":211,"ieoestrat1":1109,"ieoestrat2":255,"ieoestrat3":1,"ieoestrat4":0,"ieoestrat5":0,"ieoestrat6":0,"ieoestrat9":8,"ieofemen":920,"ieomascul":664,"ieoalgdisc":10,"ieonarp":982,"ieoindigen":18,"ieofecha":"2024-04-03Z"}},{"type":"Feature","id":"esf_establecimiento_educativo.fid--215d4958_1a0d9e21907_-767e","geometry":{"type":"Point","coordinates":[-76.50544663,3.41250232]},"geometry_name":"the_geom","properties":{"gid":78,"eecoddane":"176001007131","eenomins":"Institucion Educativa Carlos Holmes Trujillo","eecodanant":"176001006496","eeconsede":"17600100713100","eenomsede":"Policarpa Salavarrieta","eeidclasede":"SEDE","eeclasede":"Sede","eeidestado":"OF","eeestado":"Oficial","eedirecc":"CL 44 KR 40","eenomcorto":"SD Policarpa Salavarrieta","eeidestado2":"SEDOF","eeestado2":"Sede - Oficial","eeidcomcor":"16","ecrcomcor":"Comuna 16","eeidbarver":"1604","eebarver":"Antonio Nariño","eefecact":"2023-06-30Z","ieogrado_2":0,"ieogrado_1":0,"ieogrado0":36,"ieogrado1":63,"ieogrado2":60,"ieogrado3":62,"ieogrado4":50,"ieogrado5":44,"ieogrado6":69,"ieogrado7":49,"ieogrado8":38,"ieogrado9":0,"ieogrado10":0,"ieogrado11":0,"ieogrado21":0,"ieogrado22":0,"ieogrado23":0,"ieogrado24":0,"ieogrado25":0,"ieogrado26":0,"ieogrado41":0,"ieogrado42":0,"ieogrado43":0,"ieogrado44":0,"ieogrado45":0,"ieogrado99":0,"ieomatrtot":471,"ieoestrat0":8,"ieoestrat1":186,"ieoestrat2":259,"ieoestrat3":11,"ieoestrat4":1,"ieoestrat5":0,"ieoestrat6":0,"ieoestrat9":6,"ieofemen":209,"ieomascul":262,"ieoalgdisc":8,"ieonarp":88,"ieoindigen":2,"ieofecha":"2024-04-03Z"}},{"type":"Feature","id":"esf_establecimiento_educativo.fid--215d4958_1a0d9e21907_-767d","geometry":{"type":"Point","coordinates":[-76.51265276,3.41288838]},"geometry_name":"the_geom","properties":{"gid":79,"eecoddane":"176001028970","eenomins":"Institucion Educativa Tecnico Industrial Donald Rodrigo Tafur","eecodanant":"176001003055","eeconsede":"17600102897000","eenomsede":"Sede Alejandro Montaño","eeidclasede":"SEDE","eeclasede":"Sede","eeidestado":"OF","eeestado":"Oficial","eedirecc":"KR 41 H 38 44","eenomcorto":"SD Alejandro Montaño","eeidestado2":"SEDOF","eeestado2":"Sede - Oficial","eeidcomcor":"16","ecrcomcor":"Comuna 16","eeidbarver":"1603","eebarver":"Unión de Vivienda Popular","eefecact":"2023-06-30Z","ieogrado_2":0,"ieogrado_1":0,"ieogrado0":94,"ieogrado1":126,"ieogrado2":127,"ieogrado3":139,"ieogrado4":108,"ieogrado5":92,"ieogrado6":0,"ieogrado7":0,"ieogrado8":0,"ieogrado9":0,"ieogrado10":0,"ieogrado11":0,"ieogrado21":0,"ieogrado22":0,"ieogrado23":0,"ieogrado24":0,"ieogrado25":0,"ieogrado26":0,"ieogrado41":0,"ieogrado42":0,"ieogrado43":0,"ieogrado44":0,"ieogrado45":0,"ieogrado99":0,"ieomatrtot":686,"ieoestrat0":0,"ieoestrat1":50,"ieoestrat2":595,"ieoestrat3":33,"ieoestrat4":1,"ieoestrat5":0,"ieoestrat6":0,"ieoestrat9":7,"ieofemen":339,"ieomascul":347,"ieoalgdisc":7,"ieonarp":22,"ieoindigen":0,"ieofecha":"2024-04-03Z"}},{"type":"Feature","id":"esf_establecimiento_educativo.fid--215d4958_1a0d9e21907_-767c","geometry":{"type":"Point","coordinates":[-76.47492986,3.41323245]},"geometry_name":"the_geom","properties":{"gid":80,"eecoddane":"176001017374","eenomins":"Institucion Educativa Gabriela Mistral","eecodanant":"176001022441","eeconsede":"17600101737400","eenomsede":"Isaias Hernan Ibarra","eeidclasede":"SEDE","eeclasede":"Sede","eeidestado":"OF","eeestado":"Oficial","eedirecc":"IND CRA 27F CALLE 112 Y 113","eenomcorto":"SD Isaias Hernan Ibarra","eeidestado2":"SEDOF","eeestado2":"Sede - Oficial","eeidcomcor":"14","ecrcomcor":"Comuna 14","eeidbarver":"1404","eebarver":"Las Orquídeas","eefecact":"2023-06-30Z","ieogrado_2":0,"ieogrado_1":0,"ieogrado0":55,"ieogrado1":73,"ieogrado2":72,"ieogrado3":66,"ieogrado4":69,"ieogrado5":65,"ieogrado6":67,"ieogrado7":61,"ieogrado8":60,"ieogrado9":57,"ieogrado10":0,"ieogrado11":0,"ieogrado21":0,"ieogrado22":0,"ieogrado23":0,"ieogrado24":0,"ieogrado25":0,"ieogrado26":0,"ieogrado41":0,"ieogrado42":0,"ieogrado43":0,"ieogrado44":0,"ieogrado45":0,"ieogrado99":0,"ieomatrtot":645,"ieoestrat0":64,"ieoestrat1":496,"ieoestrat2":65,"ieoestrat3":6,"ieoestrat4":0,"ieoestrat5":0,"ieoestrat6":0,"ieoestrat9":14,"ieofemen":295,"ieomascul":350,"ieoalgdisc":2,"ieonarp":149,"ieoindigen":0,"ieofecha":"2024-04-03Z"}},{"type":"Feature","id":"esf_establecimiento_educativo.fid--215d4958_1a0d9e21907_-767b","geometry":{"type":"Point","coordinates":[-76.5352163,3.41338346]},"geometry_name":"the_geom","properties":{"gid":81,"eecoddane":"176001020359","eenomins":"Institucion Educativa Rafael Navia Varon","eecodanant":"176001003373","eeconsede":"17600102035900","eenomsede":"Francisco Montes Idrobo","eeidclasede":"SEDE","eeclasede":"Sede","eeidestado":"OF","eeestado":"Oficial","eedirecc":"CL 12 46 40","eenomcorto":"SD Francisco Montes Idrobo","eeidestado2":"SEDOF","eeestado2":"Sede - Oficial","eeidcomcor":"10","ecrcomcor":"Comuna 10","eeidbarver":"1013","eebarver":"Panamericano","eefecact":"2023-06-30Z","ieogrado_2":0,"ieogrado_1":0,"ieogrado0":32,"ieogrado1":54,"ieogrado2":58,"ieogrado3":69,"ieogrado4":67,"ieogrado5":73,"ieogrado6":0,"ieogrado7":0,"ieogrado8":0,"ieogrado9":0,"ieogrado10":0,"ieogrado11":0,"ieogrado21":0,"ieogrado22":0,"ieogrado23":0,"ieogrado24":0,"ieogrado25":0,"ieogrado26":0,"ieogrado41":0,"ieogrado42":0,"ieogrado43":0,"ieogrado44":0,"ieogrado45":0,"ieogrado99":0,"ieomatrtot":353,"ieoestrat0":2,"ieoestrat1":37,"ieoestrat2":75,"ieoestrat3":201,"ieoestrat4":26,"ieoestrat5":7,"ieoestrat6":0,"ieoestrat9":5,"ieofemen":173,"ieomascul":180,"ieoalgdisc":1,"ieonarp":9,"ieoindigen":0,"ieofecha":"2024-04-03Z"}},{"type":"Feature","id":"esf_establecimiento_educativo.fid--215d4958_1a0d9e21907_-767a","geometry":{"type":"Point","coordinates":[-76.49601115,3.41369051]},"geometry_name":"the_geom","properties":{"gid":82,"eecoddane":"176001016491","eenomins":"Institucion Educativa Tecnica Gabriel Garcia Marquez","eecodanant":"176001015983","eeconsede":"17600101649100","eenomsede":"Sede Jose Ramon Bejarano","eeidclasede":"SEDE","eeclasede":"Sede","eeidestado":"OF","eeestado":"Oficial","eedirecc":"KR 32 Q 49 00","eenomcorto":"SD Jose Ramon Bejarano","eeidestado2":"SEDOF","eeestado2":"Sede - Oficial","eeidcomcor":"15","ecrcomcor":"Comuna 15","eeidbarver":"1503","eebarver":"Laureano Gómez","eefecact":"2023-06-30Z","ieogrado_2":0,"ieogrado_1":0,"ieogrado0":197,"ieogrado1":251,"ieogrado2":249,"ieogrado3":249,"ieogrado4":224,"ieogrado5":216,"ieogrado6":0,"ieogrado7":0,"ieogrado8":0,"ieogrado9":0,"ieogrado10":0,"ieogrado11":0,"ieogrado21":0,"ieogrado22":0,"ieogrado23":0,"ieogrado24":0,"ieogrado25":0,"ieogrado26":0,"ieogrado41":0,"ieogrado42":0,"ieogrado43":0,"ieogrado44":0,"ieogrado45":0,"ieogrado99":70,"ieomatrtot":1456,"ieoestrat0":141,"ieoestrat1":834,"ieoestrat2":465,"ieoestrat3":0,"ieoestrat4":0,"ieoestrat5":0,"ieoestrat6":0,"ieoestrat9":16,"ieofemen":718,"ieomascul":738,"ieoalgdisc":6,"ieonarp":486,"ieoindigen":3,"ieofecha":"2024-04-03Z"}},{"type":"Feature","id":"esf_establecimiento_educativo.fid--215d4958_1a0d9e21907_-7679","geometry":{"type":"Point","coordinates":[-76.53620045,3.41369451]},"geometry_name":"the_geom","properties":{"gid":83,"eecoddane":"176001020359","eenomins":"Institucion Educativa Rafael Navia Varon","eecodanant":"176001020359","eeconsede":"17600102035900","eenomsede":"Institucion Educativa Rafael Navia Varon","eeidclasede":"PRIN","eeclasede":"Principal","eeidestado":"OF","eeestado":"Oficial","eedirecc":"CL 11 46 45","eenomcorto":"IE Rafael Navia Varon","eeidestado2":"IEOOF","eeestado2":"IEO - Oficial","eeidcomcor":"10","ecrcomcor":"Comuna 10","eeidbarver":"1011","eebarver":"Departamental","eefecact":"2023-06-30Z","ieogrado_2":0,"ieogrado_1":0,"ieogrado0":0,"ieogrado1":0,"ieogrado2":0,"ieogrado3":0,"ieogrado4":0,"ieogrado5":0,"ieogrado6":152,"ieogrado7":168,"ieogrado8":175,"ieogrado9":157,"ieogrado10":157,"ieogrado11":187,"ieogrado21":0,"ieogrado22":0,"ieogrado23":0,"ieogrado24":0,"ieogrado25":0,"ieogrado26":0,"ieogrado41":0,"ieogrado42":0,"ieogrado43":0,"ieogrado44":0,"ieogrado45":0,"ieogrado99":0,"ieomatrtot":996,"ieoestrat0":6,"ieoestrat1":127,"ieoestrat2":251,"ieoestrat3":535,"ieoestrat4":60,"ieoestrat5":14,"ieoestrat6":0,"ieoestrat9":3,"ieofemen":444,"ieomascul":552,"ieoalgdisc":21,"ieonarp":61,"ieoindigen":5,"ieofecha":"2024-04-03Z"}},{"type":"Feature","id":"esf_establecimiento_educativo.fid--215d4958_1a0d9e21907_-7678","geometry":{"type":"Point","coordinates":[-76.48560652,3.41426961]},"geometry_name":"the_geom","properties":{"gid":84,"eecoddane":"176001028872","eenomins":"Institucion Educativa Tecnico Industrial Carlos Holguin Mallarino","eecodanant":"176001003411","eeconsede":"17600102887200","eenomsede":"Miguel De Pombo","eeidclasede":"SEDE","eeclasede":"Sede","eeidestado":"OF","eeestado":"Oficial","eedirecc":"IND CL 92 28D4 - 13","eenomcorto":"SD Miguel De Pombo","eeidestado2":"SEDOF","eeestado2":"Sede - Oficial","eeidcomcor":"15","ecrcomcor":"Comuna 15","eeidbarver":"1598","eebarver":"Mojica","eefecact":"2023-06-30Z","ieogrado_2":0,"ieogrado_1":0,"ieogrado0":52,"ieogrado1":69,"ieogrado2":71,"ieogrado3":70,"ieogrado4":60,"ieogrado5":54,"ieogrado6":109,"ieogrado7":51,"ieogrado8":49,"ieogrado9":24,"ieogrado10":46,"ieogrado11":35,"ieogrado21":0,"ieogrado22":6,"ieogrado23":22,"ieogrado24":18,"ieogrado25":19,"ieogrado26":0,"ieogrado41":0,"ieogrado42":0,"ieogrado43":0,"ieogrado44":0,"ieogrado45":0,"ieogrado99":0,"ieomatrtot":755,"ieoestrat0":21,"ieoestrat1":661,"ieoestrat2":61,"ieoestrat3":7,"ieoestrat4":0,"ieoestrat5":0,"ieoestrat6":0,"ieoestrat9":5,"ieofemen":397,"ieomascul":358,"ieoalgdisc":3,"ieonarp":223,"ieoindigen":14,"ieofecha":"2024-04-03Z"}},{"type":"Feature","id":"esf_establecimiento_educativo.fid--215d4958_1a0d9e21907_-7677","geometry":{"type":"Point","coordinates":[-76.46795077,3.41445465]},"geometry_name":"the_geom","properties":{"gid":85,"eecoddane":"176001800052","eenomins":"Institucion Educativa Llano Verde","eecodanant":"176001800087","eeconsede":"17600180005200","eenomsede":"Calimio Desepaz","eeidclasede":"SEDE","eeclasede":"Sede","eeidestado":"MC","eeestado":"Matricula contratada","eedirecc":"IND CL 123 26M3 01","eenomcorto":"SD Calimio Desepaz","eeidestado2":"SEDMC","eeestado2":"Sede - Matricula Contratada","eeidcomcor":"21","ecrcomcor":"Comuna 21","eeidbarver":"2103","eebarver":"Calimio Desepaz","eefecact":"2023-06-30Z","ieogrado_2":0,"ieogrado_1":0,"ieogrado0":151,"ieogrado1":241,"ieogrado2":224,"ieogrado3":232,"ieogrado4":210,"ieogrado5":171,"ieogrado6":235,"ieogrado7":248,"ieogrado8":164,"ieogrado9":191,"ieogrado10":161,"ieogrado11":159,"ieogrado21":0,"ieogrado22":0,"ieogrado23":0,"ieogrado24":0,"ieogrado25":0,"ieogrado26":0,"ieogrado41":0,"ieogrado42":0,"ieogrado43":0,"ieogrado44":0,"ieogrado45":0,"ieogrado99":0,"ieomatrtot":2387,"ieoestrat0":23,"ieoestrat1":2016,"ieoestrat2":156,"ieoestrat3":38,"ieoestrat4":2,"ieoestrat5":0,"ieoestrat6":2,"ieoestrat9":150,"ieofemen":1232,"ieomascul":1155,"ieoalgdisc":17,"ieonarp":290,"ieoindigen":8,"ieofecha":"2024-04-03Z"}},{"type":"Feature","id":"esf_establecimiento_educativo.fid--215d4958_1a0d9e21907_-7676","geometry":{"type":"Point","coordinates":[-76.51434503,3.41469067]},"geometry_name":"the_geom","properties":{"gid":86,"eecoddane":"176001005121","eenomins":"Institucion Educativa Tecnico Comercial Villa Del Sur","eecodanant":"176001005121","eeconsede":"17600100512100","eenomsede":"Institucion Educativa Tecnico Comercial Villa Del Sur","eeidclasede":"PRIN","eeclasede":"Principal","eeidestado":"OF","eeestado":"Oficial","eedirecc":"CL 30 A 41 E 99","eenomcorto":"IETIC Villa Del Sur","eeidestado2":"IEOOF","eeestado2":"IEO - Oficial","eeidcomcor":"11","ecrcomcor":"Comuna 11","eeidbarver":"1113","eebarver":"Los Sauces","eefecact":"2023-06-30Z","ieogrado_2":0,"ieogrado_1":0,"ieogrado0":0,"ieogrado1":0,"ieogrado2":0,"ieogrado3":0,"ieogrado4":0,"ieogrado5":0,"ieogrado6":118,"ieogrado7":121,"ieogrado8":117,"ieogrado9":112,"ieogrado10":97,"ieogrado11":76,"ieogrado21":0,"ieogrado22":0,"ieogrado23":0,"ieogrado24":0,"ieogrado25":0,"ieogrado26":0,"ieogrado41":0,"ieogrado42":0,"ieogrado43":0,"ieogrado44":0,"ieogrado45":0,"ieogrado99":0,"ieomatrtot":641,"ieoestrat0":11,"ieoestrat1":208,"ieoestrat2":314,"ieoestrat3":94,"ieoestrat4":2,"ieoestrat5":0,"ieoestrat6":0,"ieoestrat9":12,"ieofemen":334,"ieomascul":307,"ieoalgdisc":8,"ieonarp":99,"ieoindigen":8,"ieofecha":"2024-04-03Z"}},{"type":"Feature","id":"esf_establecimiento_educativo.fid--215d4958_1a0d9e21907_-7675","geometry":{"type":"Point","coordinates":[-76.52715803,3.41478268]},"geometry_name":"the_geom","properties":{"gid":87,"eecoddane":"176001008642","eenomins":"Institucion Educativa Carlos Holguin Lloreda","eecodanant":"176001008995","eeconsede":"17600100864200","eenomsede":"Jardin Infantil Nacional No. 2","eeidclasede":"SEDE","eeclasede":"Sede","eeidestado":"OF","eeestado":"Oficial","eedirecc":"KR 42 A 14 B 15","eenomcorto":"SD Jardin Infantil Nacional No. 2","eeidestado2":"SEDOF","eeestado2":"Sede - Oficial","eeidcomcor":"10","ecrcomcor":"Comuna 10","eeidbarver":"1002","eebarver":"El Guabal","eefecact":"2023-06-30Z","ieogrado_2":0,"ieogrado_1":78,"ieogrado0":115,"ieogrado1":0,"ieogrado2":0,"ieogrado3":0,"ieogrado4":0,"ieogrado5":0,"ieogrado6":0,"ieogrado7":0,"ieogrado8":0,"ieogrado9":0,"ieogrado10":0,"ieogrado11":0,"ieogrado21":0,"ieogrado22":0,"ieogrado23":0,"ieogrado24":0,"ieogrado25":0,"ieogrado26":0,"ieogrado41":0,"ieogrado42":0,"ieogrado43":0,"ieogrado44":0,"ieogrado45":0,"ieogrado99":0,"ieomatrtot":193,"ieoestrat0":0,"ieoestrat1":4,"ieoestrat2":14,"ieoestrat3":170,"ieoestrat4":1,"ieoestrat5":0,"ieoestrat6":1,"ieoestrat9":3,"ieofemen":100,"ieomascul":93,"ieoalgdisc":1,"ieonarp":1,"ieoindigen":1,"ieofecha":"2024-04-03Z"}},{"type":"Feature","id":"esf_establecimiento_educativo.fid--215d4958_1a0d9e21907_-7674","geometry":{"type":"Point","coordinates":[-76.56294964,3.41495272]},"geometry_name":"the_geom","properties":{"gid":88,"eecoddane":"176001037600","eenomins":"Institucion Educativa Tecnico Industrial  Multiproposito","eecodanant":"176001004493","eeconsede":"17600103760000","eenomsede":"Republica De Panama","eeidclasede":"SEDE","eeclasede":"Sede","eeidestado":"OF","eeestado":"Oficial","eedirecc":"IND DG. 48 12 06 OESTE","eenomcorto":"SD Republica De Panama","eeidestado2":"SEDOF","eeestado2":"Sede - Oficial","eeidcomcor":"20","ecrcomcor":"Comuna 20","eeidbarver":"2008","eebarver":"Pueblo Joven","eefecact":"2023-06-30Z","ieogrado_2":0,"ieogrado_1":0,"ieogrado0":59,"ieogrado1":64,"ieogrado2":67,"ieogrado3":68,"ieogrado4":43,"ieogrado5":46,"ieogrado6":0,"ieogrado7":0,"ieogrado8":0,"ieogrado9":0,"ieogrado10":0,"ieogrado11":0,"ieogrado21":0,"ieogrado22":0,"ieogrado23":0,"ieogrado24":0,"ieogrado25":0,"ieogrado26":0,"ieogrado41":0,"ieogrado42":0,"ieogrado43":0,"ieogrado44":0,"ieogrado45":0,"ieogrado99":0,"ieomatrtot":347,"ieoestrat0":0,"ieoestrat1":287,"ieoestrat2":51,"ieoestrat3":1,"ieoestrat4":0,"ieoestrat5":0,"ieoestrat6":0,"ieoestrat9":8,"ieofemen":155,"ieomascul":192,"ieoalgdisc":3,"ieonarp":4,"ieoindigen":8,"ieofecha":"2024-04-03Z"}},{"type":"Feature","id":"esf_establecimiento_educativo.fid--215d4958_1a0d9e21907_-7673","geometry":{"type":"Point","coordinates":[-76.48856199,3.41497272]},"geometry_name":"the_geom","properties":{"gid":89,"eecoddane":"176001028872","eenomins":"Institucion Educativa Tecnico Industrial Carlos Holguin Mallarino","eecodanant":"176001030478","eeconsede":"17600102887200","eenomsede":"Niño Jesus De Atocha","eeidclasede":"SEDE","eeclasede":"Sede","eeidestado":"OF","eeestado":"Oficial","eedirecc":"IND CL 83 28E3 - 05","eenomcorto":"SD Niño Jesus De Atocha","eeidestado2":"SEDOF","eeestado2":"Sede - Oficial","eeidcomcor":"15","ecrcomcor":"Comuna 15","eeidbarver":"1598","eebarver":"Mojica","eefecact":"2023-06-30Z","ieogrado_2":0,"ieogrado_1":0,"ieogrado0":50,"ieogrado1":79,"ieogrado2":69,"ieogrado3":89,"ieogrado4":67,"ieogrado5":57,"ieogrado6":72,"ieogrado7":53,"ieogrado8":52,"ieogrado9":28,"ieogrado10":36,"ieogrado11":30,"ieogrado21":0,"ieogrado22":0,"ieogrado23":0,"ieogrado24":0,"ieogrado25":0,"ieogrado26":0,"ieogrado41":0,"ieogrado42":0,"ieogrado43":0,"ieogrado44":0,"ieogrado45":0,"ieogrado99":23,"ieomatrtot":705,"ieoestrat0":65,"ieoestrat1":543,"ieoestrat2":84,"ieoestrat3":5,"ieoestrat4":1,"ieoestrat5":1,"ieoestrat6":0,"ieoestrat9":6,"ieofemen":355,"ieomascul":350,"ieoalgdisc":5,"ieonarp":307,"ieoindigen":1,"ieofecha":"2024-04-03Z"}},{"type":"Feature","id":"esf_establecimiento_educativo.fid--215d4958_1a0d9e21907_-7672","geometry":{"type":"Point","coordinates":[-76.55207494,3.41537778]},"geometry_name":"the_geom","properties":{"gid":90,"eecoddane":"176001001770","eenomins":"Institucion Educativa Eustaquio Palacios","eecodanant":"176001001770","eeconsede":"17600100177000","eenomsede":"Institucion Educativa Eustaquio Palacios - Sede Principal","eeidclasede":"PRIN","eeclasede":"Principal","eeidestado":"OF","eeestado":"Oficial","eedirecc":"KR 52 2 51","eenomcorto":"IE Eustaquio Palacios","eeidestado2":"IEOOF","eeestado2":"IEO - Oficial","eeidcomcor":"19","ecrcomcor":"Comuna 19","eeidbarver":"1903","eebarver":"El Lido","eefecact":"2023-06-30Z","ieogrado_2":0,"ieogrado_1":0,"ieogrado0":59,"ieogrado1":92,"ieogrado2":93,"ieogrado3":90,"ieogrado4":95,"ieogrado5":97,"ieogrado6":297,"ieogrado7":247,"ieogrado8":288,"ieogrado9":279,"ieogrado10":278,"ieogrado11":192,"ieogrado21":1,"ieogrado22":6,"ieogrado23":27,"ieogrado24":17,"ieogrado25":25,"ieogrado26":12,"ieogrado41":0,"ieogrado42":0,"ieogrado43":0,"ieogrado44":0,"ieogrado45":0,"ieogrado99":0,"ieomatrtot":2195,"ieoestrat0":38,"ieoestrat1":1812,"ieoestrat2":235,"ieoestrat3":65,"ieoestrat4":12,"ieoestrat5":2,"ieoestrat6":1,"ieoestrat9":30,"ieofemen":1094,"ieomascul":1101,"ieoalgdisc":25,"ieonarp":59,"ieoindigen":38,"ieofecha":"2024-04-03Z"}},{"type":"Feature","id":"esf_establecimiento_educativo.fid--215d4958_1a0d9e21907_-7671","geometry":{"type":"Point","coordinates":[-76.526963,3.41569783]},"geometry_name":"the_geom","properties":{"gid":91,"eecoddane":"176001008642","eenomins":"Institucion Educativa Carlos Holguin Lloreda","eecodanant":"176001005015","eeconsede":"17600100864200","eenomsede":"Republica De Costa Rica","eeidclasede":"SEDE","eeclasede":"Sede","eeidestado":"OF","eeestado":"Oficial","eedirecc":"CL 14 C 41 A 05","eenomcorto":"SD Republica De Costa Rica","eeidestado2":"SEDOF","eeestado2":"Sede - Oficial","eeidcomcor":"10","ecrcomcor":"Comuna 10","eeidbarver":"1002","eebarver":"El Guabal","eefecact":"2023-06-30Z","ieogrado_2":0,"ieogrado_1":0,"ieogrado0":0,"ieogrado1":122,"ieogrado2":124,"ieogrado3":131,"ieogrado4":110,"ieogrado5":109,"ieogrado6":0,"ieogrado7":0,"ieogrado8":0,"ieogrado9":0,"ieogrado10":0,"ieogrado11":0,"ieogrado21":0,"ieogrado22":0,"ieogrado23":11,"ieogrado24":14,"ieogrado25":19,"ieogrado26":0,"ieogrado41":0,"ieogrado42":0,"ieogrado43":0,"ieogrado44":0,"ieogrado45":0,"ieogrado99":0,"ieomatrtot":640,"ieoestrat0":5,"ieoestrat1":69,"ieoestrat2":83,"ieoestrat3":449,"ieoestrat4":9,"ieoestrat5":5,"ieoestrat6":0,"ieoestrat9":20,"ieofemen":310,"ieomascul":330,"ieoalgdisc":14,"ieonarp":18,"ieoindigen":3,"ieofecha":"2024-04-03Z"}},{"type":"Feature","id":"esf_establecimiento_educativo.fid--215d4958_1a0d9e21907_-7670","geometry":{"type":"Point","coordinates":[-76.48365422,3.41577785]},"geometry_name":"the_geom","properties":{"gid":92,"eecoddane":"176001017374","eenomins":"Institucion Educativa Gabriela Mistral","eecodanant":"176001005031","eeconsede":"17600101737400","eenomsede":"Damaso Zapata","eeidclasede":"SEDE","eeclasede":"Sede","eeidestado":"OF","eeestado":"Oficial","eedirecc":"CL 92 28 C 12","eenomcorto":"SD Damaso Zapata","eeidestado2":"SEDOF","eeestado2":"Sede - Oficial","eeidcomcor":"15","ecrcomcor":"Comuna 15","eeidbarver":"1598","eebarver":"Mojica","eefecact":"2023-06-30Z","ieogrado_2":0,"ieogrado_1":0,"ieogrado0":45,"ieogrado1":66,"ieogrado2":63,"ieogrado3":53,"ieogrado4":56,"ieogrado5":54,"ieogrado6":0,"ieogrado7":0,"ieogrado8":0,"ieogrado9":0,"ieogrado10":0,"ieogrado11":0,"ieogrado21":0,"ieogrado22":0,"ieogrado23":0,"ieogrado24":0,"ieogrado25":0,"ieogrado26":0,"ieogrado41":0,"ieogrado42":0,"ieogrado43":0,"ieogrado44":0,"ieogrado45":0,"ieogrado99":0,"ieomatrtot":337,"ieoestrat0":37,"ieoestrat1":245,"ieoestrat2":47,"ieoestrat3":1,"ieoestrat4":0,"ieoestrat5":0,"ieoestrat6":0,"ieoestrat9":7,"ieofemen":150,"ieomascul":187,"ieoalgdisc":0,"ieonarp":41,"ieoindigen":0,"ieofecha":"2024-04-03Z"}},{"type":"Feature","id":"esf_establecimiento_educativo.fid--215d4958_1a0d9e21907_-766f","geometry":{"type":"Point","coordinates":[-76.50943126,3.41605388]},"geometry_name":"the_geom","properties":{"gid":93,"eecoddane":"176001028970","eenomins":"Institucion Educativa Tecnico Industrial Donald Rodrigo Tafur","eecodanant":"176001004230","eeconsede":"17600102897000","eenomsede":"Sede Antonio Nariño","eeidclasede":"SEDE","eeclasede":"Sede","eeidestado":"OF","eeestado":"Oficial","eedirecc":"KR 40 A 38 38","eenomcorto":"SD Antonio Nariño","eeidestado2":"SEDOF","eeestado2":"Sede - Oficial","eeidcomcor":"16","ecrcomcor":"Comuna 16","eeidbarver":"1604","eebarver":"Antonio Nariño","eefecact":"2023-06-30Z","ieogrado_2":0,"ieogrado_1":0,"ieogrado0":63,"ieogrado1":93,"ieogrado2":77,"ieogrado3":70,"ieogrado4":95,"ieogrado5":93,"ieogrado6":0,"ieogrado7":0,"ieogrado8":0,"ieogrado9":0,"ieogrado10":0,"ieogrado11":0,"ieogrado21":0,"ieogrado22":0,"ieogrado23":0,"ieogrado24":0,"ieogrado25":0,"ieogrado26":0,"ieogrado41":0,"ieogrado42":0,"ieogrado43":0,"ieogrado44":0,"ieogrado45":0,"ieogrado99":0,"ieomatrtot":491,"ieoestrat0":1,"ieoestrat1":79,"ieoestrat2":395,"ieoestrat3":12,"ieoestrat4":0,"ieoestrat5":0,"ieoestrat6":0,"ieoestrat9":4,"ieofemen":232,"ieomascul":259,"ieoalgdisc":6,"ieonarp":25,"ieoindigen":1,"ieofecha":"2024-04-03Z"}},{"type":"Feature","id":"esf_establecimiento_educativo.fid--215d4958_1a0d9e21907_-766e","geometry":{"type":"Point","coordinates":[-76.50787501,3.41624691]},"geometry_name":"the_geom","properties":{"gid":94,"eecoddane":"176001028970","eenomins":"Institucion Educativa Tecnico Industrial Donald Rodrigo Tafur","eecodanant":"176001007298","eeconsede":"17600102897000","eenomsede":"Sede Jose Maria Carbonell","eeidclasede":"SEDE","eeclasede":"Sede","eeidestado":"OF","eeestado":"Oficial","eedirecc":"KR 39 D 39 36","eenomcorto":"SD Jose Maria Carbonell","eeidestado2":"SEDOF","eeestado2":"Sede - Oficial","eeidcomcor":"16","ecrcomcor":"Comuna 16","eeidbarver":"1604","eebarver":"Antonio Nariño","eefecact":"2023-06-30Z","ieogrado_2":0,"ieogrado_1":0,"ieogrado0":41,"ieogrado1":63,"ieogrado2":66,"ieogrado3":57,"ieogrado4":0,"ieogrado5":0,"ieogrado6":0,"ieogrado7":0,"ieogrado8":0,"ieogrado9":0,"ieogrado10":0,"ieogrado11":0,"ieogrado21":0,"ieogrado22":0,"ieogrado23":0,"ieogrado24":0,"ieogrado25":0,"ieogrado26":0,"ieogrado41":0,"ieogrado42":0,"ieogrado43":0,"ieogrado44":0,"ieogrado45":0,"ieogrado99":0,"ieomatrtot":227,"ieoestrat0":2,"ieoestrat1":23,"ieoestrat2":191,"ieoestrat3":2,"ieoestrat4":1,"ieoestrat5":0,"ieoestrat6":0,"ieoestrat9":8,"ieofemen":123,"ieomascul":104,"ieoalgdisc":0,"ieonarp":6,"ieoindigen":0,"ieofecha":"2024-04-03Z"}},{"type":"Feature","id":"esf_establecimiento_educativo.fid--215d4958_1a0d9e21907_-766d","geometry":{"type":"Point","coordinates":[-76.55965146,3.41660361]},"geometry_name":"the_geom","properties":{"gid":95,"eecoddane":"176001037600","eenomins":"Institucion Educativa Tecnico Industrial  Multiproposito","eecodanant":"176001004981","eeconsede":"17600103760000","eenomsede":"Jorge Elieser Gonzalez Rubio","eeidclasede":"SEDE","eeclasede":"Sede","eeidestado":"OF","eeestado":"Oficial","eedirecc":"CL 8 OESTE 52 16","eenomcorto":"SD Jorge Elieser Gonzalez Rubio","eeidestado2":"SEDOF","eeestado2":"Sede - Oficial","eeidcomcor":"20","ecrcomcor":"Comuna 20","eeidbarver":"2001","eebarver":"El Cortijo","eefecact":"2023-06-30Z","ieogrado_2":0,"ieogrado_1":0,"ieogrado0":0,"ieogrado1":51,"ieogrado2":67,"ieogrado3":54,"ieogrado4":58,"ieogrado5":50,"ieogrado6":0,"ieogrado7":0,"ieogrado8":0,"ieogrado9":0,"ieogrado10":0,"ieogrado11":0,"ieogrado21":12,"ieogrado22":9,"ieogrado23":13,"ieogrado24":15,"ieogrado25":10,"ieogrado26":0,"ieogrado41":0,"ieogrado42":0,"ieogrado43":0,"ieogrado44":0,"ieogrado45":0,"ieogrado99":0,"ieomatrtot":339,"ieoestrat0":0,"ieoestrat1":262,"ieoestrat2":63,"ieoestrat3":4,"ieoestrat4":0,"ieoestrat5":0,"ieoestrat6":0,"ieoestrat9":10,"ieofemen":171,"ieomascul":168,"ieoalgdisc":6,"ieonarp":4,"ieoindigen":5,"ieofecha":"2024-04-03Z"}},{"type":"Feature","id":"esf_establecimiento_educativo.fid--215d4958_1a0d9e21907_-766c","geometry":{"type":"Point","coordinates":[-76.50839109,3.41684701]},"geometry_name":"the_geom","properties":{"gid":96,"eecoddane":"176001006356","eenomins":"Institucion Educativa  Libardo Madrid Valderrama","eecodanant":"176001042778","eeconsede":"17600100635600","eenomsede":"Sede Pablo Neruda","eeidclasede":"SEDE","eeclasede":"Sede","eeidestado":"OF","eeestado":"Oficial","eedirecc":"KR 39 D 38 44","eenomcorto":"SD Pablo Neruda","eeidestado2":"SEDOF","eeestado2":"Sede - Oficial","eeidcomcor":"16","ecrcomcor":"Comuna 16","eeidbarver":"1604","eebarver":"Antonio Nariño","eefecact":"2023-06-30Z","ieogrado_2":0,"ieogrado_1":0,"ieogrado0":16,"ieogrado1":28,"ieogrado2":39,"ieogrado3":31,"ieogrado4":22,"ieogrado5":45,"ieogrado6":0,"ieogrado7":0,"ieogrado8":0,"ieogrado9":0,"ieogrado10":0,"ieogrado11":0,"ieogrado21":0,"ieogrado22":0,"ieogrado23":0,"ieogrado24":0,"ieogrado25":0,"ieogrado26":0,"ieogrado41":0,"ieogrado42":0,"ieogrado43":0,"ieogrado44":0,"ieogrado45":0,"ieogrado99":0,"ieomatrtot":181,"ieoestrat0":2,"ieoestrat1":46,"ieoestrat2":119,"ieoestrat3":7,"ieoestrat4":0,"ieoestrat5":1,"ieoestrat6":0,"ieoestrat9":6,"ieofemen":79,"ieomascul":102,"ieoalgdisc":2,"ieonarp":22,"ieoindigen":0,"ieofecha":"2024-04-03Z"}},{"type":"Feature","id":"esf_establecimiento_educativo.fid--215d4958_1a0d9e21907_-766b","geometry":{"type":"Point","coordinates":[-76.50110195,3.41724908]},"geometry_name":"the_geom","properties":{"gid":97,"eecoddane":"176001007115","eenomins":"Institucion Educativa  El Diamante","eecodanant":"176001013026","eeconsede":"17600100711500","eenomsede":"Juan Pablo Ii","eeidclasede":"SEDE","eeclasede":"Sede","eeidestado":"OF","eeestado":"Oficial","eedirecc":"KR 33 42 C 09","eenomcorto":"SD Juan Pablo Ii","eeidestado2":"SEDOF","eeestado2":"Sede - Oficial","eeidcomcor":"13","ecrcomcor":"Comuna 13","eeidbarver":"1302","eebarver":"El Vergel","eefecact":"2023-06-30Z","ieogrado_2":0,"ieogrado_1":0,"ieogrado0":125,"ieogrado1":143,"ieogrado2":160,"ieogrado3":139,"ieogrado4":134,"ieogrado5":141,"ieogrado6":0,"ieogrado7":182,"ieogrado8":158,"ieogrado9":0,"ieogrado10":0,"ieogrado11":0,"ieogrado21":0,"ieogrado22":0,"ieogrado23":0,"ieogrado24":0,"ieogrado25":0,"ieogrado26":0,"ieogrado41":0,"ieogrado42":0,"ieogrado43":0,"ieogrado44":0,"ieogrado45":0,"ieogrado99":0,"ieomatrtot":1182,"ieoestrat0":15,"ieoestrat1":823,"ieoestrat2":294,"ieoestrat3":30,"ieoestrat4":1,"ieoestrat5":0,"ieoestrat6":0,"ieoestrat9":19,"ieofemen":593,"ieomascul":589,"ieoalgdisc":6,"ieonarp":552,"ieoindigen":1,"ieofecha":"2024-04-03Z"}},{"type":"Feature","id":"esf_establecimiento_educativo.fid--215d4958_1a0d9e21907_-766a","geometry":{"type":"Point","coordinates":[-76.55336514,3.41748112]},"geometry_name":"the_geom","properties":{"gid":98,"eecoddane":"176001004485","eenomins":"Institucion Educativa Juana De Caicedo Y Cuero","eecodanant":"176001004485","eeconsede":"17600100448500","eenomsede":"Institucion Educativa Juana De Caicedo Y Cuero","eeidclasede":"PRIN","eeclasede":"Principal","eeidestado":"OF","eeestado":"Oficial","eedirecc":"KR 50 1 85","eenomcorto":"IE Juana De Caicedo Y Cuero","eeidestado2":"IEOOF","eeestado2":"IEO - Oficial","eeidcomcor":"19","ecrcomcor":"Comuna 19","eeidbarver":"1903","eebarver":"El Lido","eefecact":"2023-06-30Z","ieogrado_2":0,"ieogrado_1":0,"ieogrado0":0,"ieogrado1":0,"ieogrado2":0,"ieogrado3":102,"ieogrado4":104,"ieogrado5":113,"ieogrado6":200,"ieogrado7":215,"ieogrado8":203,"ieogrado9":185,"ieogrado10":174,"ieogrado11":114,"ieogrado21":0,"ieogrado22":7,"ieogrado23":12,"ieogrado24":28,"ieogrado25":25,"ieogrado26":13,"ieogrado41":0,"ieogrado42":0,"ieogrado43":0,"ieogrado44":0,"ieogrado45":0,"ieogrado99":0,"ieomatrtot":1495,"ieoestrat0":29,"ieoestrat1":1212,"ieoestrat2":198,"ieoestrat3":47,"ieoestrat4":7,"ieoestrat5":2,"ieoestrat6":0,"ieoestrat9":0,"ieofemen":794,"ieomascul":701,"ieoalgdisc":26,"ieonarp":30,"ieoindigen":29,"ieofecha":"2024-04-03Z"}},{"type":"Feature","id":"esf_establecimiento_educativo.fid--215d4958_1a0d9e21907_-7669","geometry":{"type":"Point","coordinates":[-76.48024469,3.41756714]},"geometry_name":"the_geom","properties":{"gid":99,"eecoddane":"176001017374","eenomins":"Institucion Educativa Gabriela Mistral","eecodanant":"176001017374","eeconsede":"17600101737400","eenomsede":"Institucion Educativa Gabriela Mistral","eeidclasede":"PRIN","eeclasede":"Principal","eeidestado":"OF","eeestado":"Oficial","eedirecc":"KR 27 D 96 06","eenomcorto":"IE Gabriela Mistral","eeidestado2":"IEOOF","eeestado2":"IEO - Oficial","eeidcomcor":"14","ecrcomcor":"Comuna 14","eeidbarver":"1401","eebarver":"Alfonso Bonilla Aragón","eefecact":"2023-06-30Z","ieogrado_2":0,"ieogrado_1":0,"ieogrado0":52,"ieogrado1":68,"ieogrado2":68,"ieogrado3":71,"ieogrado4":69,"ieogrado5":100,"ieogrado6":156,"ieogrado7":131,"ieogrado8":122,"ieogrado9":106,"ieogrado10":165,"ieogrado11":172,"ieogrado21":0,"ieogrado22":39,"ieogrado23":61,"ieogrado24":55,"ieogrado25":67,"ieogrado26":0,"ieogrado41":0,"ieogrado42":0,"ieogrado43":0,"ieogrado44":0,"ieogrado45":0,"ieogrado99":0,"ieomatrtot":1502,"ieoestrat0":70,"ieoestrat1":1174,"ieoestrat2":200,"ieoestrat3":28,"ieoestrat4":1,"ieoestrat5":0,"ieoestrat6":0,"ieoestrat9":29,"ieofemen":793,"ieomascul":709,"ieoalgdisc":9,"ieonarp":594,"ieoindigen":8,"ieofecha":"2024-04-03Z"}},{"type":"Feature","id":"esf_establecimiento_educativo.fid--215d4958_1a0d9e21907_-7668","geometry":{"type":"Point","coordinates":[-76.55858731,3.41782368]},"geometry_name":"the_geom","properties":{"gid":100,"eecoddane":"176001037600","eenomins":"Institucion Educativa Tecnico Industrial  Multiproposito","eecodanant":"176001003268","eeconsede":"17600103760000","eenomsede":"Luis Alberto Rosales","eeidclasede":"SEDE","eeclasede":"Sede","eeidestado":"OF","eeestado":"Oficial","eedirecc":"IND KR 51B 6H - 00 OESTE","eenomcorto":"SD Luis Alberto Rosales","eeidestado2":"SEDOF","eeestado2":"Sede - Oficial","eeidcomcor":"20","ecrcomcor":"Comuna 20","eeidbarver":"2003","eebarver":"Siloé","eefecact":"2023-06-30Z","ieogrado_2":0,"ieogrado_1":0,"ieogrado0":14,"ieogrado1":16,"ieogrado2":12,"ieogrado3":20,"ieogrado4":22,"ieogrado5":13,"ieogrado6":0,"ieogrado7":0,"ieogrado8":0,"ieogrado9":0,"ieogrado10":0,"ieogrado11":0,"ieogrado21":0,"ieogrado22":0,"ieogrado23":0,"ieogrado24":0,"ieogrado25":0,"ieogrado26":0,"ieogrado41":0,"ieogrado42":0,"ieogrado43":0,"ieogrado44":0,"ieogrado45":0,"ieogrado99":0,"ieomatrtot":97,"ieoestrat0":1,"ieoestrat1":81,"ieoestrat2":11,"ieoestrat3":1,"ieoestrat4":0,"ieoestrat5":0,"ieoestrat6":0,"ieoestrat9":3,"ieofemen":52,"ieomascul":45,"ieoalgdisc":3,"ieonarp":1,"ieoindigen":0,"ieofecha":"2024-04-03Z"}},{"type":"Feature","id":"esf_establecimiento_educativo.fid--215d4958_1a0d9e21907_-7667","geometry":{"type":"Point","coordinates":[-76.51380194,3.41788217]},"geometry_name":"the_geom","properties":{"gid":101,"eecoddane":"176001005805","eenomins":"Institucion Educativa Ciudad Modelo","eecodanant":"176001005805","eeconsede":"17600100580500","eenomsede":"Institucion Educativa Ciudad Modelo","eeidclasede":"PRIN","eeclasede":"Principal","eeidestado":"OF","eeestado":"Oficial","eedirecc":"IND KR 40 B CL 31 C -00","eenomcorto":"IE Ciudad Modelo","eeidestado2":"IEOOF","eeestado2":"IEO - Oficial","eeidcomcor":"11","ecrcomcor":"Comuna 11","eeidbarver":"1113","eebarver":"Los Sauces","eefecact":"2023-06-30Z","ieogrado_2":0,"ieogrado_1":0,"ieogrado0":74,"ieogrado1":91,"ieogrado2":79,"ieogrado3":78,"ieogrado4":83,"ieogrado5":76,"ieogrado6":76,"ieogrado7":75,"ieogrado8":65,"ieogrado9":66,"ieogrado10":63,"ieogrado11":64,"ieogrado21":0,"ieogrado22":0,"ieogrado23":0,"ieogrado24":0,"ieogrado25":0,"ieogrado26":0,"ieogrado41":0,"ieogrado42":0,"ieogrado43":0,"ieogrado44":0,"ieogrado45":0,"ieogrado99":0,"ieomatrtot":890,"ieoestrat0":6,"ieoestrat1":147,"ieoestrat2":323,"ieoestrat3":394,"ieoestrat4":11,"ieoestrat5":2,"ieoestrat6":0,"ieoestrat9":7,"ieofemen":463,"ieomascul":427,"ieoalgdisc":15,"ieonarp":42,"ieoindigen":2,"ieofecha":"2024-04-03Z"}},{"type":"Feature","id":"esf_establecimiento_educativo.fid--215d4958_1a0d9e21907_-7666","geometry":{"type":"Point","coordinates":[-76.49783244,3.4180182]},"geometry_name":"the_geom","properties":{"gid":102,"eecoddane":"176001032063","eenomins":"Institucion Educativa Tecnico Industrial Luz Haydee Guerrero Molina","eecodanant":"176001012976","eeconsede":"17600103206300","eenomsede":"Rodrigo Lloreda Caicedo","eeidclasede":"SEDE","eeclasede":"Sede","eeidestado":"OF","eeestado":"Oficial","eedirecc":"KR 30 44 A 21","eenomcorto":"SD Rodrigo Lloreda Caicedo","eeidestado2":"SEDOF","eeestado2":"Sede - Oficial","eeidcomcor":"13","ecrcomcor":"Comuna 13","eeidbarver":"1303","eebarver":"El Poblado I","eefecact":"2023-06-30Z","ieogrado_2":0,"ieogrado_1":0,"ieogrado0":104,"ieogrado1":143,"ieogrado2":165,"ieogrado3":158,"ieogrado4":146,"ieogrado5":127,"ieogrado6":0,"ieogrado7":0,"ieogrado8":0,"ieogrado9":0,"ieogrado10":0,"ieogrado11":0,"ieogrado21":0,"ieogrado22":0,"ieogrado23":0,"ieogrado24":0,"ieogrado25":0,"ieogrado26":0,"ieogrado41":0,"ieogrado42":0,"ieogrado43":0,"ieogrado44":0,"ieogrado45":0,"ieogrado99":0,"ieomatrtot":843,"ieoestrat0":3,"ieoestrat1":141,"ieoestrat2":667,"ieoestrat3":15,"ieoestrat4":0,"ieoestrat5":1,"ieoestrat6":0,"ieoestrat9":16,"ieofemen":391,"ieomascul":452,"ieoalgdisc":2,"ieonarp":361,"ieoindigen":2,"ieofecha":"2024-04-03Z"}},{"type":"Feature","id":"esf_establecimiento_educativo.fid--215d4958_1a0d9e21907_-7665","geometry":{"type":"Point","coordinates":[-76.52231927,3.41820423]},"geometry_name":"the_geom","properties":{"gid":103,"eecoddane":"176001008642","eenomins":"Institucion Educativa Carlos Holguin Lloreda","eecodanant":"176001008642","eeconsede":"17600100864200","eenomsede":"Institucion Educativa Carlos Holguin Lloreda - Sede Principal","eeidclasede":"PRIN","eeclasede":"Principal","eeidestado":"OF","eeestado":"Oficial","eedirecc":"KR 40 18 85","eenomcorto":"IE Carlos Holguin Lloreda","eeidestado2":"IEOOF","eeestado2":"IEO - Oficial","eeidcomcor":"10","ecrcomcor":"Comuna 10","eeidbarver":"1002","eebarver":"El Guabal","eefecact":"2023-06-30Z","ieogrado_2":0,"ieogrado_1":0,"ieogrado0":0,"ieogrado1":0,"ieogrado2":0,"ieogrado3":0,"ieogrado4":0,"ieogrado5":0,"ieogrado6":124,"ieogrado7":116,"ieogrado8":106,"ieogrado9":90,"ieogrado10":82,"ieogrado11":61,"ieogrado21":0,"ieogrado22":0,"ieogrado23":0,"ieogrado24":0,"ieogrado25":0,"ieogrado26":0,"ieogrado41":0,"ieogrado42":0,"ieogrado43":0,"ieogrado44":0,"ieogrado45":0,"ieogrado99":0,"ieomatrtot":579,"ieoestrat0":7,"ieoestrat1":95,"ieoestrat2":102,"ieoestrat3":365,"ieoestrat4":3,"ieoestrat5":0,"ieoestrat6":1,"ieoestrat9":6,"ieofemen":273,"ieomascul":306,"ieoalgdisc":11,"ieonarp":48,"ieoindigen":4,"ieofecha":"2024-04-03Z"}},{"type":"Feature","id":"esf_establecimiento_educativo.fid--215d4958_1a0d9e21907_-7664","geometry":{"type":"Point","coordinates":[-76.56169244,3.4186123]},"geometry_name":"the_geom","properties":{"gid":104,"eecoddane":"176001001770","eenomins":"Institucion Educativa Eustaquio Palacios","eecodanant":"176001005058","eeconsede":"17600100177000","eenomsede":"Sofia Camargo De Lleras","eeidclasede":"SEDE","eeclasede":"Sede","eeidestado":"OF","eeestado":"Oficial","eedirecc":"CL 12 A OESTE KR 51","eenomcorto":"SD Sofia Camargo De Lleras","eeidestado2":"SEDOF","eeestado2":"Sede - Oficial","eeidcomcor":"20","ecrcomcor":"Comuna 20","eeidbarver":"2004","eebarver":"Lleras Camargo","eefecact":"2023-06-30Z","ieogrado_2":0,"ieogrado_1":0,"ieogrado0":17,"ieogrado1":25,"ieogrado2":25,"ieogrado3":19,"ieogrado4":29,"ieogrado5":22,"ieogrado6":0,"ieogrado7":0,"ieogrado8":0,"ieogrado9":0,"ieogrado10":0,"ieogrado11":0,"ieogrado21":0,"ieogrado22":0,"ieogrado23":0,"ieogrado24":0,"ieogrado25":0,"ieogrado26":0,"ieogrado41":0,"ieogrado42":0,"ieogrado43":0,"ieogrado44":0,"ieogrado45":0,"ieogrado99":0,"ieomatrtot":137,"ieoestrat0":0,"ieoestrat1":123,"ieoestrat2":9,"ieoestrat3":2,"ieoestrat4":0,"ieoestrat5":0,"ieoestrat6":0,"ieoestrat9":3,"ieofemen":61,"ieomascul":76,"ieoalgdisc":1,"ieonarp":1,"ieoindigen":0,"ieofecha":"2024-04-03Z"}},{"type":"Feature","id":"esf_establecimiento_educativo.fid--215d4958_1a0d9e21907_-7663","geometry":{"type":"Point","coordinates":[-76.50571367,3.4186463]},"geometry_name":"the_geom","properties":{"gid":105,"eecoddane":"176001006356","eenomins":"Institucion Educativa  Libardo Madrid Valderrama","eecodanant":"176001007158","eeconsede":"17600100635600","eenomsede":"Sede Primero De Mayo","eeidclasede":"SEDE","eeclasede":"Sede","eeidestado":"OF","eeestado":"Oficial","eedirecc":"IND CALLE 39  37 - 14 ESQUINA","eenomcorto":"SD Primero De Mayo","eeidestado2":"SEDOF","eeestado2":"Sede - Oficial","eeidcomcor":"16","ecrcomcor":"Comuna 16","eeidbarver":"1604","eebarver":"Antonio Nariño","eefecact":"2023-06-30Z","ieogrado_2":0,"ieogrado_1":0,"ieogrado0":0,"ieogrado1":11,"ieogrado2":0,"ieogrado3":22,"ieogrado4":21,"ieogrado5":18,"ieogrado6":0,"ieogrado7":0,"ieogrado8":0,"ieogrado9":0,"ieogrado10":0,"ieogrado11":0,"ieogrado21":0,"ieogrado22":0,"ieogrado23":0,"ieogrado24":0,"ieogrado25":0,"ieogrado26":0,"ieogrado41":0,"ieogrado42":0,"ieogrado43":0,"ieogrado44":0,"ieogrado45":0,"ieogrado99":0,"ieomatrtot":72,"ieoestrat0":0,"ieoestrat1":21,"ieoestrat2":46,"ieoestrat3":5,"ieoestrat4":0,"ieoestrat5":0,"ieoestrat6":0,"ieoestrat9":0,"ieofemen":35,"ieomascul":37,"ieoalgdisc":2,"ieonarp":16,"ieoindigen":0,"ieofecha":"2024-04-03Z"}},{"type":"Feature","id":"esf_establecimiento_educativo.fid--215d4958_1a0d9e21907_-7662","geometry":{"type":"Point","coordinates":[-76.51845767,3.4192684]},"geometry_name":"the_geom","properties":{"gid":106,"eecoddane":"176001008791","eenomins":"Institucion Educativa Boyaca","eecodanant":"176001003021","eeconsede":"17600100879100","eenomsede":"La Independencia","eeidclasede":"SEDE","eeclasede":"Sede","eeidestado":"OF","eeestado":"Oficial","eedirecc":"KR 39 26 C 30","eenomcorto":"SD La Independencia","eeidestado2":"SEDOF","eeestado2":"Sede - Oficial","eeidcomcor":"11","ecrcomcor":"Comuna 11","eeidbarver":"1103","eebarver":"La Independencia","eefecact":"2023-06-30Z","ieogrado_2":0,"ieogrado_1":0,"ieogrado0":8,"ieogrado1":32,"ieogrado2":32,"ieogrado3":32,"ieogrado4":33,"ieogrado5":31,"ieogrado6":41,"ieogrado7":0,"ieogrado8":0,"ieogrado9":0,"ieogrado10":0,"ieogrado11":0,"ieogrado21":0,"ieogrado22":0,"ieogrado23":0,"ieogrado24":0,"ieogrado25":0,"ieogrado26":0,"ieogrado41":0,"ieogrado42":0,"ieogrado43":0,"ieogrado44":0,"ieogrado45":0,"ieogrado99":0,"ieomatrtot":209,"ieoestrat0":4,"ieoestrat1":82,"ieoestrat2":34,"ieoestrat3":79,"ieoestrat4":7,"ieoestrat5":0,"ieoestrat6":0,"ieoestrat9":3,"ieofemen":85,"ieomascul":124,"ieoalgdisc":1,"ieonarp":19,"ieoindigen":3,"ieofecha":"2024-04-03Z"}},{"type":"Feature","id":"esf_establecimiento_educativo.fid--215d4958_1a0d9e21907_-7661","geometry":{"type":"Point","coordinates":[-76.50180106,3.4198935]},"geometry_name":"the_geom","properties":{"gid":107,"eecoddane":"176001007115","eenomins":"Institucion Educativa  El Diamante","eecodanant":"176001007115","eeconsede":"17600100711500","eenomsede":"Institucion Educativa El Diamante - Sede Principal","eeidclasede":"PRIN","eeclasede":"Principal","eeidestado":"OF","eeestado":"Oficial","eedirecc":"KR 31 41 00","eenomcorto":"IE  El Diamante","eeidestado2":"IEOOF","eeestado2":"IEO - Oficial","eeidcomcor":"13","ecrcomcor":"Comuna 13","eeidbarver":"1308","eebarver":"El Diamante","eefecact":"2023-06-30Z","ieogrado_2":0,"ieogrado_1":0,"ieogrado0":30,"ieogrado1":31,"ieogrado2":28,"ieogrado3":35,"ieogrado4":25,"ieogrado5":31,"ieogrado6":224,"ieogrado7":0,"ieogrado8":0,"ieogrado9":136,"ieogrado10":134,"ieogrado11":83,"ieogrado21":5,"ieogrado22":11,"ieogrado23":32,"ieogrado24":25,"ieogrado25":37,"ieogrado26":0,"ieogrado41":0,"ieogrado42":0,"ieogrado43":0,"ieogrado44":0,"ieogrado45":0,"ieogrado99":0,"ieomatrtot":867,"ieoestrat0":12,"ieoestrat1":513,"ieoestrat2":306,"ieoestrat3":21,"ieoestrat4":2,"ieoestrat5":1,"ieoestrat6":0,"ieoestrat9":12,"ieofemen":443,"ieomascul":424,"ieoalgdisc":13,"ieonarp":423,"ieoindigen":4,"ieofecha":"2024-04-03Z"}},{"type":"Feature","id":"esf_establecimiento_educativo.fid--215d4958_1a0d9e21907_-7660","geometry":{"type":"Point","coordinates":[-76.47693717,3.42005453]},"geometry_name":"the_geom","properties":{"gid":108,"eecoddane":"176001027001","eenomins":"Institucion Educativa  Monseñor Ramon Arcila","eecodanant":"176001023811","eeconsede":"17600102700100","eenomsede":"Alfonso Reyes Echandia","eeidclasede":"SEDE","eeclasede":"Sede","eeidestado":"OF","eeestado":"Oficial","eedirecc":"IND DIAGONAL 26 P 16 NO 105 - 04","eenomcorto":"SD Alfonso Reyes Echandia","eeidestado2":"SEDOF","eeestado2":"Sede - Oficial","eeidcomcor":"14","ecrcomcor":"Comuna 14","eeidbarver":"1406","eebarver":"José Manuel Marroquín I","eefecact":"2023-06-30Z","ieogrado_2":0,"ieogrado_1":0,"ieogrado0":41,"ieogrado1":73,"ieogrado2":74,"ieogrado3":63,"ieogrado4":53,"ieogrado5":70,"ieogrado6":74,"ieogrado7":0,"ieogrado8":0,"ieogrado9":0,"ieogrado10":0,"ieogrado11":0,"ieogrado21":0,"ieogrado22":0,"ieogrado23":0,"ieogrado24":0,"ieogrado25":0,"ieogrado26":0,"ieogrado41":0,"ieogrado42":0,"ieogrado43":0,"ieogrado44":0,"ieogrado45":0,"ieogrado99":0,"ieomatrtot":448,"ieoestrat0":6,"ieoestrat1":264,"ieoestrat2":148,"ieoestrat3":7,"ieoestrat4":1,"ieoestrat5":0,"ieoestrat6":0,"ieoestrat9":22,"ieofemen":206,"ieomascul":242,"ieoalgdisc":3,"ieonarp":107,"ieoindigen":1,"ieofecha":"2024-04-03Z"}},{"type":"Feature","id":"esf_establecimiento_educativo.fid--215d4958_1a0d9e21907_-765f","geometry":{"type":"Point","coordinates":[-76.51824764,3.42029656]},"geometry_name":"the_geom","properties":{"gid":109,"eecoddane":"176001029411","eenomins":"Institucion Educativa Agustin Nieto Caballero","eecodanant":"176001029411","eeconsede":"17600102941100","eenomsede":"Institucion Educativa Agustin Nieto Caballero","eeidclasede":"PRIN","eeclasede":"Principal","eeidestado":"OF","eeestado":"Oficial","eedirecc":"KR 37 26 C 51","eenomcorto":"IE Agustin Nieto Caballero","eeidestado2":"IEOOF","eeestado2":"IEO - Oficial","eeidcomcor":"11","ecrcomcor":"Comuna 11","eeidbarver":"1106","eebarver":"El Jardín","eefecact":"2023-06-30Z","ieogrado_2":0,"ieogrado_1":0,"ieogrado0":0,"ieogrado1":0,"ieogrado2":0,"ieogrado3":0,"ieogrado4":0,"ieogrado5":0,"ieogrado6":174,"ieogrado7":169,"ieogrado8":175,"ieogrado9":126,"ieogrado10":155,"ieogrado11":100,"ieogrado21":0,"ieogrado22":0,"ieogrado23":0,"ieogrado24":0,"ieogrado25":0,"ieogrado26":0,"ieogrado41":0,"ieogrado42":0,"ieogrado43":0,"ieogrado44":0,"ieogrado45":0,"ieogrado99":0,"ieomatrtot":899,"ieoestrat0":17,"ieoestrat1":209,"ieoestrat2":263,"ieoestrat3":403,"ieoestrat4":2,"ieoestrat5":1,"ieoestrat6":0,"ieoestrat9":4,"ieofemen":466,"ieomascul":433,"ieoalgdisc":9,"ieonarp":88,"ieoindigen":3,"ieofecha":"2024-04-03Z"}},{"type":"Feature","id":"esf_establecimiento_educativo.fid--215d4958_1a0d9e21907_-765e","geometry":{"type":"Point","coordinates":[-76.48650466,3.42066363]},"geometry_name":"the_geom","properties":{"gid":110,"eecoddane":"176001043791","eenomins":"Institucion Educativa Nuevo Latir","eecodanant":"176001043791","eeconsede":"17600104379100","eenomsede":"Institucion Educativa Nuevo Latir - Sede Principal","eeidclasede":"PRIN","eeclasede":"Principal","eeidestado":"OF","eeestado":"Oficial","eedirecc":"CL 76 28 20","eenomcorto":"IE Nuevo Latir","eeidestado2":"IEOOF","eeestado2":"IEO - Oficial","eeidcomcor":"14","ecrcomcor":"Comuna 14","eeidbarver":"1401","eebarver":"Alfonso Bonilla Aragón","eefecact":"2023-06-30Z","ieogrado_2":0,"ieogrado_1":0,"ieogrado0":109,"ieogrado1":123,"ieogrado2":112,"ieogrado3":117,"ieogrado4":119,"ieogrado5":100,"ieogrado6":115,"ieogrado7":117,"ieogrado8":117,"ieogrado9":104,"ieogrado10":122,"ieogrado11":82,"ieogrado21":10,"ieogrado22":7,"ieogrado23":25,"ieogrado24":25,"ieogrado25":21,"ieogrado26":15,"ieogrado41":0,"ieogrado42":0,"ieogrado43":0,"ieogrado44":0,"ieogrado45":0,"ieogrado99":27,"ieomatrtot":1467,"ieoestrat0":41,"ieoestrat1":1035,"ieoestrat2":351,"ieoestrat3":29,"ieoestrat4":0,"ieoestrat5":1,"ieoestrat6":0,"ieoestrat9":10,"ieofemen":720,"ieomascul":747,"ieoalgdisc":57,"ieonarp":471,"ieoindigen":9,"ieofecha":"2024-04-03Z"}},{"type":"Feature","id":"esf_establecimiento_educativo.fid--215d4958_1a0d9e21907_-765d","geometry":{"type":"Point","coordinates":[-76.49418387,3.42080765]},"geometry_name":"the_geom","properties":{"gid":111,"eecoddane":"176001032063","eenomins":"Institucion Educativa Tecnico Industrial Luz Haydee Guerrero Molina","eecodanant":"176001032063","eeconsede":"17600103206300","eenomsede":"Institucion Educativa Tecnico Industrial Luz Haydee Guerrero Molina - Sede Principal","eeidclasede":"PRIN","eeclasede":"Principal","eeidestado":"OF","eeestado":"Oficial","eedirecc":"IND KR 28E2 72 S 02","eenomcorto":"IETI Luz Haydee Guerrero Molina","eeidestado2":"IEOOF","eeestado2":"IEO - Oficial","eeidcomcor":"13","ecrcomcor":"Comuna 13","eeidbarver":"1311","eebarver":"Los Robles","eefecact":"2023-06-30Z","ieogrado_2":0,"ieogrado_1":0,"ieogrado0":0,"ieogrado1":0,"ieogrado2":0,"ieogrado3":0,"ieogrado4":0,"ieogrado5":0,"ieogrado6":229,"ieogrado7":137,"ieogrado8":132,"ieogrado9":105,"ieogrado10":122,"ieogrado11":75,"ieogrado21":0,"ieogrado22":3,"ieogrado23":32,"ieogrado24":29,"ieogrado25":34,"ieogrado26":0,"ieogrado41":0,"ieogrado42":0,"ieogrado43":0,"ieogrado44":0,"ieogrado45":0,"ieogrado99":0,"ieomatrtot":898,"ieoestrat0":10,"ieoestrat1":282,"ieoestrat2":585,"ieoestrat3":16,"ieoestrat4":0,"ieoestrat5":0,"ieoestrat6":0,"ieoestrat9":5,"ieofemen":458,"ieomascul":440,"ieoalgdisc":6,"ieonarp":446,"ieoindigen":4,"ieofecha":"2024-04-03Z"}},{"type":"Feature","id":"esf_establecimiento_educativo.fid--215d4958_1a0d9e21907_-765c","geometry":{"type":"Point","coordinates":[-76.50888018,3.42098173]},"geometry_name":"the_geom","properties":{"gid":112,"eecoddane":"176001005805","eenomins":"Institucion Educativa Ciudad Modelo","eecodanant":"176001009045","eeconsede":"17600100580500","eenomsede":"Sede Primavera","eeidclasede":"SEDE","eeclasede":"Sede","eeidestado":"OF","eeestado":"Oficial","eedirecc":"KR 35 34 C 21","eenomcorto":"SD Primavera","eeidestado2":"SEDOF","eeestado2":"Sede - Oficial","eeidcomcor":"11","ecrcomcor":"Comuna 11","eeidbarver":"1122","eebarver":"Primavera","eefecact":"2023-06-30Z","ieogrado_2":0,"ieogrado_1":0,"ieogrado0":46,"ieogrado1":72,"ieogrado2":71,"ieogrado3":70,"ieogrado4":63,"ieogrado5":59,"ieogrado6":84,"ieogrado7":64,"ieogrado8":78,"ieogrado9":54,"ieogrado10":67,"ieogrado11":48,"ieogrado21":0,"ieogrado22":9,"ieogrado23":22,"ieogrado24":25,"ieogrado25":24,"ieogrado26":0,"ieogrado41":0,"ieogrado42":0,"ieogrado43":0,"ieogrado44":0,"ieogrado45":0,"ieogrado99":0,"ieomatrtot":856,"ieoestrat0":11,"ieoestrat1":123,"ieoestrat2":509,"ieoestrat3":203,"ieoestrat4":1,"ieoestrat5":1,"ieoestrat6":0,"ieoestrat9":8,"ieofemen":450,"ieomascul":406,"ieoalgdisc":8,"ieonarp":55,"ieoindigen":1,"ieofecha":"2024-04-03Z"}},{"type":"Feature","id":"esf_establecimiento_educativo.fid--215d4958_1a0d9e21907_-765b","geometry":{"type":"Point","coordinates":[-76.51880472,3.42109769]},"geometry_name":"the_geom","properties":{"gid":113,"eecoddane":"176001029411","eenomins":"Institucion Educativa Agustin Nieto Caballero","eecodanant":"176001002920","eeconsede":"17600102941100","eenomsede":"Jose Maria Vivas Balcazar","eeidclasede":"SEDE","eeclasede":"Sede","eeidestado":"OF","eeestado":"Oficial","eedirecc":"KR 36 26 B 28","eenomcorto":"SD Jose Maria Vivas Balcazar","eeidestado2":"SEDOF","eeestado2":"Sede - Oficial","eeidcomcor":"11","ecrcomcor":"Comuna 11","eeidbarver":"1106","eebarver":"El Jardín","eefecact":"2023-06-30Z","ieogrado_2":0,"ieogrado_1":0,"ieogrado0":40,"ieogrado1":96,"ieogrado2":90,"ieogrado3":85,"ieogrado4":91,"ieogrado5":108,"ieogrado6":0,"ieogrado7":0,"ieogrado8":0,"ieogrado9":0,"ieogrado10":0,"ieogrado11":0,"ieogrado21":0,"ieogrado22":0,"ieogrado23":0,"ieogrado24":0,"ieogrado25":0,"ieogrado26":0,"ieogrado41":0,"ieogrado42":0,"ieogrado43":0,"ieogrado44":0,"ieogrado45":0,"ieogrado99":21,"ieomatrtot":531,"ieoestrat0":6,"ieoestrat1":82,"ieoestrat2":123,"ieoestrat3":302,"ieoestrat4":0,"ieoestrat5":0,"ieoestrat6":0,"ieoestrat9":18,"ieofemen":264,"ieomascul":267,"ieoalgdisc":2,"ieonarp":16,"ieoindigen":1,"ieofecha":"2024-04-03Z"}},{"type":"Feature","id":"esf_establecimiento_educativo.fid--215d4958_1a0d9e21907_-765a","geometry":{"type":"Point","coordinates":[-76.48377096,3.42117891]},"geometry_name":"the_geom","properties":{"gid":114,"eecoddane":"176001800052","eenomins":"Institucion Educativa Llano Verde","eecodanant":"176001800281","eeconsede":"17600180005200","eenomsede":"La Providencia","eeidclasede":"SEDE","eeclasede":"Sede","eeidestado":"MC","eeestado":"Matricula contratada","eedirecc":"IND CL 80 KR 27 C ESQUINA","eenomcorto":"SD La Providencia","eeidestado2":"SEDMC","eeestado2":"Sede - Matricula Contratada","eeidcomcor":"14","ecrcomcor":"Comuna 14","eeidbarver":"1401","eebarver":"Alfonso Bonilla Aragón","eefecact":"2023-06-30Z","ieogrado_2":0,"ieogrado_1":0,"ieogrado0":117,"ieogrado1":116,"ieogrado2":120,"ieogrado3":133,"ieogrado4":111,"ieogrado5":122,"ieogrado6":105,"ieogrado7":86,"ieogrado8":46,"ieogrado9":71,"ieogrado10":56,"ieogrado11":45,"ieogrado21":0,"ieogrado22":0,"ieogrado23":0,"ieogrado24":0,"ieogrado25":0,"ieogrado26":0,"ieogrado41":0,"ieogrado42":0,"ieogrado43":0,"ieogrado44":0,"ieogrado45":0,"ieogrado99":0,"ieomatrtot":1128,"ieoestrat0":8,"ieoestrat1":818,"ieoestrat2":276,"ieoestrat3":15,"ieoestrat4":0,"ieoestrat5":0,"ieoestrat6":0,"ieoestrat9":11,"ieofemen":598,"ieomascul":530,"ieoalgdisc":12,"ieonarp":140,"ieoindigen":1,"ieofecha":"2024-04-03Z"}},{"type":"Feature","id":"esf_establecimiento_educativo.fid--215d4958_1a0d9e21907_-7659","geometry":{"type":"Point","coordinates":[-76.52549777,3.42157276]},"geometry_name":"the_geom","properties":{"gid":115,"eecoddane":"176001005716","eenomins":"Institucion Educativa Joaquin De Caycedo Y Cuero","eecodanant":"176001005716","eeconsede":"17600100571600","eenomsede":"Institucion Educativa Joaquin De Caycedo Y Cuero","eeidclasede":"PRIN","eeclasede":"Principal","eeidestado":"OF","eeestado":"Oficial","eedirecc":"KR 35 15 33","eenomcorto":"IE Joaquin De Caycedo Y Cuero","eeidestado2":"IEOOF","eeestado2":"IEO - Oficial","eeidcomcor":"10","ecrcomcor":"Comuna 10","eeidbarver":"1009","eebarver":"Cristóbal Colón","eefecact":"2023-06-30Z","ieogrado_2":0,"ieogrado_1":0,"ieogrado0":0,"ieogrado1":0,"ieogrado2":0,"ieogrado3":0,"ieogrado4":0,"ieogrado5":0,"ieogrado6":119,"ieogrado7":115,"ieogrado8":73,"ieogrado9":92,"ieogrado10":0,"ieogrado11":0,"ieogrado21":0,"ieogrado22":0,"ieogrado23":6,"ieogrado24":9,"ieogrado25":15,"ieogrado26":0,"ieogrado41":0,"ieogrado42":0,"ieogrado43":0,"ieogrado44":0,"ieogrado45":0,"ieogrado99":0,"ieomatrtot":429,"ieoestrat0":0,"ieoestrat1":14,"ieoestrat2":63,"ieoestrat3":333,"ieoestrat4":16,"ieoestrat5":0,"ieoestrat6":0,"ieoestrat9":3,"ieofemen":185,"ieomascul":244,"ieoalgdisc":13,"ieonarp":34,"ieoindigen":6,"ieofecha":"2024-04-03Z"}},{"type":"Feature","id":"esf_establecimiento_educativo.fid--215d4958_1a0d9e21907_-7658","geometry":{"type":"Point","coordinates":[-76.52862026,3.42174979]},"geometry_name":"the_geom","properties":{"gid":116,"eecoddane":"176001007166","eenomins":"Institucion Educativa Tecnico Industrial Jose Maria Carbonell","eecodanant":"176001004728","eeconsede":"17600100716600","eenomsede":"Honorio Villegas","eeidclasede":"SEDE","eeclasede":"Sede","eeidestado":"OF","eeestado":"Oficial","eedirecc":"KR 35 13 A 20","eenomcorto":"SD Honorio Villegas","eeidestado2":"SEDOF","eeestado2":"Sede - Oficial","eeidcomcor":"10","ecrcomcor":"Comuna 10","eeidbarver":"1001","eebarver":"El Dorado","eefecact":"2023-06-30Z","ieogrado_2":0,"ieogrado_1":0,"ieogrado0":33,"ieogrado1":58,"ieogrado2":70,"ieogrado3":74,"ieogrado4":72,"ieogrado5":73,"ieogrado6":0,"ieogrado7":0,"ieogrado8":0,"ieogrado9":0,"ieogrado10":0,"ieogrado11":0,"ieogrado21":0,"ieogrado22":0,"ieogrado23":0,"ieogrado24":0,"ieogrado25":0,"ieogrado26":0,"ieogrado41":0,"ieogrado42":0,"ieogrado43":0,"ieogrado44":0,"ieogrado45":0,"ieogrado99":0,"ieomatrtot":380,"ieoestrat0":0,"ieoestrat1":26,"ieoestrat2":73,"ieoestrat3":242,"ieoestrat4":28,"ieoestrat5":1,"ieoestrat6":0,"ieoestrat9":10,"ieofemen":190,"ieomascul":190,"ieoalgdisc":2,"ieonarp":10,"ieoindigen":3,"ieofecha":"2024-04-03Z"}},{"type":"Feature","id":"esf_establecimiento_educativo.fid--215d4958_1a0d9e21907_-7657","geometry":{"type":"Point","coordinates":[-76.5307446,3.4218178]},"geometry_name":"the_geom","properties":{"gid":117,"eecoddane":"176001004531","eenomins":"Institucion Educativa Normal Superior Santiago De Cali","eecodanant":"176001013018","eeconsede":"17600100453100","eenomsede":"Joaquin De Caicedo Y Cuero","eeidclasede":"SEDE","eeclasede":"Sede","eeidestado":"OF","eeestado":"Oficial","eedirecc":"IND KR 36A NO. 12C - 00","eenomcorto":"SD Joaquin De Caicedo Y Cuero","eeidestado2":"SEDOF","eeestado2":"Sede - Oficial","eeidcomcor":"10","ecrcomcor":"Comuna 10","eeidbarver":"1008","eebarver":"Olímpico","eefecact":"2023-06-30Z","ieogrado_2":0,"ieogrado_1":0,"ieogrado0":112,"ieogrado1":117,"ieogrado2":125,"ieogrado3":138,"ieogrado4":129,"ieogrado5":150,"ieogrado6":0,"ieogrado7":0,"ieogrado8":0,"ieogrado9":0,"ieogrado10":0,"ieogrado11":0,"ieogrado21":0,"ieogrado22":0,"ieogrado23":0,"ieogrado24":0,"ieogrado25":0,"ieogrado26":0,"ieogrado41":0,"ieogrado42":0,"ieogrado43":0,"ieogrado44":0,"ieogrado45":0,"ieogrado99":0,"ieomatrtot":771,"ieoestrat0":1,"ieoestrat1":106,"ieoestrat2":222,"ieoestrat3":324,"ieoestrat4":104,"ieoestrat5":3,"ieoestrat6":0,"ieoestrat9":11,"ieofemen":436,"ieomascul":335,"ieoalgdisc":5,"ieonarp":15,"ieoindigen":1,"ieofecha":"2024-04-03Z"}},{"type":"Feature","id":"esf_establecimiento_educativo.fid--215d4958_1a0d9e21907_-7656","geometry":{"type":"Point","coordinates":[-76.552505,3.42189282]},"geometry_name":"the_geom","properties":{"gid":118,"eecoddane":"176001001770","eenomins":"Institucion Educativa Eustaquio Palacios","eecodanant":"176001004876","eeconsede":"17600100177000","eenomsede":"General Anzoategui","eeidclasede":"SEDE","eeclasede":"Sede","eeidestado":"OF","eeestado":"Oficial","eedirecc":"CL 1 A 43 68","eenomcorto":"SD General Anzoategui","eeidestado2":"SEDOF","eeestado2":"Sede - Oficial","eeidcomcor":"19","ecrcomcor":"Comuna 19","eeidbarver":"1903","eebarver":"El Lido","eefecact":"2023-06-30Z","ieogrado_2":0,"ieogrado_1":0,"ieogrado0":17,"ieogrado1":33,"ieogrado2":36,"ieogrado3":51,"ieogrado4":55,"ieogrado5":30,"ieogrado6":0,"ieogrado7":0,"ieogrado8":0,"ieogrado9":0,"ieogrado10":0,"ieogrado11":0,"ieogrado21":0,"ieogrado22":0,"ieogrado23":0,"ieogrado24":0,"ieogrado25":0,"ieogrado26":0,"ieogrado41":0,"ieogrado42":0,"ieogrado43":0,"ieogrado44":0,"ieogrado45":0,"ieogrado99":0,"ieomatrtot":222,"ieoestrat0":1,"ieoestrat1":160,"ieoestrat2":33,"ieoestrat3":8,"ieoestrat4":8,"ieoestrat5":1,"ieoestrat6":1,"ieoestrat9":10,"ieofemen":102,"ieomascul":120,"ieoalgdisc":4,"ieonarp":1,"ieoindigen":2,"ieofecha":"2024-04-03Z"}},{"type":"Feature","id":"esf_establecimiento_educativo.fid--215d4958_1a0d9e21907_-7655","geometry":{"type":"Point","coordinates":[-76.56022237,3.42205802]},"geometry_name":"the_geom","properties":{"gid":119,"eecoddane":"176001001770","eenomins":"Institucion Educativa Eustaquio Palacios","eecodanant":"176001005261","eeconsede":"17600100177000","eenomsede":"Mariscal Jorge Robledo","eeidclasede":"SEDE","eeclasede":"Sede","eeidestado":"OF","eeestado":"Oficial","eedirecc":"KR 49 OESTE 9 02","eenomcorto":"SD Mariscal Jorge Robledo","eeidestado2":"SEDOF","eeestado2":"Sede - Oficial","eeidcomcor":"20","ecrcomcor":"Comuna 20","eeidbarver":"2004","eebarver":"Lleras Camargo","eefecact":"2023-06-30Z","ieogrado_2":0,"ieogrado_1":0,"ieogrado0":25,"ieogrado1":32,"ieogrado2":25,"ieogrado3":26,"ieogrado4":21,"ieogrado5":23,"ieogrado6":0,"ieogrado7":0,"ieogrado8":0,"ieogrado9":0,"ieogrado10":0,"ieogrado11":0,"ieogrado21":0,"ieogrado22":0,"ieogrado23":0,"ieogrado24":0,"ieogrado25":0,"ieogrado26":0,"ieogrado41":0,"ieogrado42":0,"ieogrado43":0,"ieogrado44":0,"ieogrado45":0,"ieogrado99":0,"ieomatrtot":152,"ieoestrat0":1,"ieoestrat1":132,"ieoestrat2":10,"ieoestrat3":1,"ieoestrat4":0,"ieoestrat5":0,"ieoestrat6":0,"ieoestrat9":8,"ieofemen":69,"ieomascul":83,"ieoalgdisc":1,"ieonarp":0,"ieoindigen":1,"ieofecha":"2024-04-03Z"}},{"type":"Feature","id":"esf_establecimiento_educativo.fid--215d4958_1a0d9e21907_-7654","geometry":{"type":"Point","coordinates":[-76.56449961,3.42218987]},"geometry_name":"the_geom","properties":{"gid":120,"eecoddane":"176001001770","eenomins":"Institucion Educativa Eustaquio Palacios","eecodanant":"176001004825","eeconsede":"17600100177000","eenomsede":"Santiago Rengifo Salcedo","eeidclasede":"SEDE","eeclasede":"Sede","eeidestado":"OF","eeestado":"Oficial","eedirecc":"CL 23 OESTE 47 06","eenomcorto":"SD Santiago Rengifo Salcedo","eeidestado2":"SEDOF","eeestado2":"Sede - Oficial","eeidcomcor":"20","ecrcomcor":"Comuna 20","eeidbarver":"2099","eebarver":"La Sultana","eefecact":"2023-06-30Z","ieogrado_2":0,"ieogrado_1":0,"ieogrado0":21,"ieogrado1":35,"ieogrado2":39,"ieogrado3":31,"ieogrado4":27,"ieogrado5":25,"ieogrado6":55,"ieogrado7":56,"ieogrado8":35,"ieogrado9":0,"ieogrado10":0,"ieogrado11":0,"ieogrado21":0,"ieogrado22":0,"ieogrado23":0,"ieogrado24":0,"ieogrado25":0,"ieogrado26":0,"ieogrado41":0,"ieogrado42":0,"ieogrado43":0,"ieogrado44":0,"ieogrado45":0,"ieogrado99":0,"ieomatrtot":324,"ieoestrat0":8,"ieoestrat1":297,"ieoestrat2":13,"ieoestrat3":1,"ieoestrat4":0,"ieoestrat5":0,"ieoestrat6":0,"ieoestrat9":5,"ieofemen":159,"ieomascul":165,"ieoalgdisc":5,"ieonarp":1,"ieoindigen":4,"ieofecha":"2024-04-03Z"}},{"type":"Feature","id":"esf_establecimiento_educativo.fid--215d4958_1a0d9e21907_-7653","geometry":{"type":"Point","coordinates":[-76.5531531,3.42220987]},"geometry_name":"the_geom","properties":{"gid":121,"eecoddane":"176001004485","eenomins":"Institucion Educativa Juana De Caicedo Y Cuero","eecodanant":"176001004396","eeconsede":"17600100448500","eenomsede":"Sede Simon Bolivar","eeidclasede":"SEDE","eeclasede":"Sede","eeidestado":"OF","eeestado":"Oficial","eedirecc":"CL 1 OESTE 42 A 94","eenomcorto":"SD Simon Bolivar","eeidestado2":"SEDOF","eeestado2":"Sede - Oficial","eeidcomcor":"20","ecrcomcor":"Comuna 20","eeidbarver":"2003","eebarver":"Siloé","eefecact":"2023-06-30Z","ieogrado_2":0,"ieogrado_1":23,"ieogrado0":73,"ieogrado1":102,"ieogrado2":91,"ieogrado3":0,"ieogrado4":0,"ieogrado5":0,"ieogrado6":0,"ieogrado7":0,"ieogrado8":0,"ieogrado9":0,"ieogrado10":0,"ieogrado11":0,"ieogrado21":0,"ieogrado22":0,"ieogrado23":0,"ieogrado24":0,"ieogrado25":0,"ieogrado26":0,"ieogrado41":0,"ieogrado42":0,"ieogrado43":0,"ieogrado44":0,"ieogrado45":0,"ieogrado99":0,"ieomatrtot":289,"ieoestrat0":4,"ieoestrat1":239,"ieoestrat2":35,"ieoestrat3":5,"ieoestrat4":4,"ieoestrat5":2,"ieoestrat6":0,"ieoestrat9":0,"ieofemen":142,"ieomascul":147,"ieoalgdisc":0,"ieonarp":1,"ieoindigen":2,"ieofecha":"2024-04-03Z"}},{"type":"Feature","id":"esf_establecimiento_educativo.fid--215d4958_1a0d9e21907_-7652","geometry":{"type":"Point","coordinates":[-76.56181746,3.4223419]},"geometry_name":"the_geom","properties":{"gid":122,"eecoddane":"176001001770","eenomins":"Institucion Educativa Eustaquio Palacios","eecodanant":"176001004451","eeconsede":"17600100177000","eenomsede":"Fray Cristobal De Torres","eeidclasede":"SEDE","eeclasede":"Sede","eeidestado":"OF","eeestado":"Oficial","eedirecc":"KR 48 OESTE CL 14 OESTE","eenomcorto":"SD Fray Cristobal De Torres","eeidestado2":"SEDOF","eeestado2":"Sede - Oficial","eeidcomcor":"20","ecrcomcor":"Comuna 20","eeidbarver":"2004","eebarver":"Lleras Camargo","eefecact":"2023-06-30Z","ieogrado_2":0,"ieogrado_1":0,"ieogrado0":25,"ieogrado1":33,"ieogrado2":43,"ieogrado3":32,"ieogrado4":41,"ieogrado5":41,"ieogrado6":0,"ieogrado7":0,"ieogrado8":0,"ieogrado9":0,"ieogrado10":0,"ieogrado11":0,"ieogrado21":0,"ieogrado22":0,"ieogrado23":0,"ieogrado24":0,"ieogrado25":0,"ieogrado26":0,"ieogrado41":0,"ieogrado42":0,"ieogrado43":0,"ieogrado44":0,"ieogrado45":0,"ieogrado99":0,"ieomatrtot":215,"ieoestrat0":0,"ieoestrat1":192,"ieoestrat2":10,"ieoestrat3":5,"ieoestrat4":0,"ieoestrat5":0,"ieoestrat6":0,"ieoestrat9":8,"ieofemen":118,"ieomascul":97,"ieoalgdisc":3,"ieonarp":0,"ieoindigen":3,"ieofecha":"2024-04-03Z"}},{"type":"Feature","id":"esf_establecimiento_educativo.fid--215d4958_1a0d9e21907_-7651","geometry":{"type":"Point","coordinates":[-76.48835695,3.42247691]},"geometry_name":"the_geom","properties":{"gid":123,"eecoddane":"176001025946","eenomins":"Institucion Educativa Santa Rosa","eecodanant":"176001025946","eeconsede":"17600102594600","eenomsede":"Institucion Educativa Santa Rosa - Sede Principal","eeidclasede":"PRIN","eeclasede":"Principal","eeidestado":"OF","eeestado":"Oficial","eedirecc":"IND CL 72 X 28-3 - 35","eenomcorto":"IE Santa Rosa","eeidestado2":"IEOOF","eeestado2":"IEO - Oficial","eeidcomcor":"13","ecrcomcor":"Comuna 13","eeidbarver":"1304","eebarver":"El Poblado II","eefecact":"2023-06-30Z","ieogrado_2":0,"ieogrado_1":0,"ieogrado0":67,"ieogrado1":105,"ieogrado2":115,"ieogrado3":96,"ieogrado4":81,"ieogrado5":105,"ieogrado6":176,"ieogrado7":127,"ieogrado8":97,"ieogrado9":69,"ieogrado10":64,"ieogrado11":52,"ieogrado21":0,"ieogrado22":18,"ieogrado23":33,"ieogrado24":50,"ieogrado25":39,"ieogrado26":0,"ieogrado41":0,"ieogrado42":0,"ieogrado43":0,"ieogrado44":0,"ieogrado45":0,"ieogrado99":59,"ieomatrtot":1353,"ieoestrat0":26,"ieoestrat1":1012,"ieoestrat2":315,"ieoestrat3":0,"ieoestrat4":0,"ieoestrat5":0,"ieoestrat6":0,"ieoestrat9":0,"ieofemen":670,"ieomascul":683,"ieoalgdisc":24,"ieonarp":851,"ieoindigen":2,"ieofecha":"2024-04-03Z"}},{"type":"Feature","id":"esf_establecimiento_educativo.fid--215d4958_1a0d9e21907_-7650","geometry":{"type":"Point","coordinates":[-76.55444831,3.42287098]},"geometry_name":"the_geom","properties":{"gid":124,"eecoddane":"176001001770","eenomins":"Institucion Educativa Eustaquio Palacios","eecodanant":"176001004841","eeconsede":"17600100177000","eenomsede":"Luis Lopez De Mesa","eeidclasede":"SEDE","eeclasede":"Sede","eeidestado":"OF","eeestado":"Oficial","eedirecc":"CL 3 A OESTE 42 44","eenomcorto":"SD Luis Lopez De Mesa","eeidestado2":"SEDOF","eeestado2":"Sede - Oficial","eeidcomcor":"20","ecrcomcor":"Comuna 20","eeidbarver":"2003","eebarver":"Siloé","eefecact":"2023-06-30Z","ieogrado_2":0,"ieogrado_1":0,"ieogrado0":19,"ieogrado1":35,"ieogrado2":21,"ieogrado3":30,"ieogrado4":21,"ieogrado5":27,"ieogrado6":0,"ieogrado7":0,"ieogrado8":0,"ieogrado9":0,"ieogrado10":0,"ieogrado11":0,"ieogrado21":0,"ieogrado22":0,"ieogrado23":0,"ieogrado24":0,"ieogrado25":0,"ieogrado26":0,"ieogrado41":0,"ieogrado42":0,"ieogrado43":0,"ieogrado44":0,"ieogrado45":0,"ieogrado99":0,"ieomatrtot":153,"ieoestrat0":2,"ieoestrat1":132,"ieoestrat2":9,"ieoestrat3":1,"ieoestrat4":0,"ieoestrat5":0,"ieoestrat6":0,"ieoestrat9":9,"ieofemen":80,"ieomascul":73,"ieoalgdisc":1,"ieonarp":0,"ieoindigen":6,"ieofecha":"2024-04-03Z"}},{"type":"Feature","id":"esf_establecimiento_educativo.fid--215d4958_1a0d9e21907_-764f","geometry":{"type":"Point","coordinates":[-76.5566959,3.42293713]},"geometry_name":"the_geom","properties":{"gid":125,"eecoddane":"176001001770","eenomins":"Institucion Educativa Eustaquio Palacios","eecodanant":"176001008421","eeconsede":"17600100177000","eenomsede":"Miguel Antonio Caro","eeidclasede":"SEDE","eeclasede":"Sede","eeidestado":"OF","eeestado":"Oficial","eedirecc":"IND CALLE 6 OESTE 42B ESQUINA","eenomcorto":"SD Miguel Antonio Caro","eeidestado2":"SEDOF","eeestado2":"Sede - Oficial","eeidcomcor":"20","ecrcomcor":"Comuna 20","eeidbarver":"2003","eebarver":"Siloé","eefecact":"2023-06-30Z","ieogrado_2":0,"ieogrado_1":0,"ieogrado0":25,"ieogrado1":20,"ieogrado2":26,"ieogrado3":28,"ieogrado4":21,"ieogrado5":16,"ieogrado6":0,"ieogrado7":0,"ieogrado8":0,"ieogrado9":0,"ieogrado10":0,"ieogrado11":0,"ieogrado21":0,"ieogrado22":0,"ieogrado23":0,"ieogrado24":0,"ieogrado25":0,"ieogrado26":0,"ieogrado41":0,"ieogrado42":0,"ieogrado43":0,"ieogrado44":0,"ieogrado45":0,"ieogrado99":0,"ieomatrtot":136,"ieoestrat0":5,"ieoestrat1":116,"ieoestrat2":2,"ieoestrat3":3,"ieoestrat4":0,"ieoestrat5":0,"ieoestrat6":0,"ieoestrat9":10,"ieofemen":65,"ieomascul":71,"ieoalgdisc":1,"ieonarp":1,"ieoindigen":2,"ieofecha":"2024-04-03Z"}},{"type":"Feature","id":"esf_establecimiento_educativo.fid--215d4958_1a0d9e21907_-764e","geometry":{"type":"Point","coordinates":[-76.51379094,3.42342506]},"geometry_name":"the_geom","properties":{"gid":126,"eecoddane":"176001005121","eenomins":"Institucion Educativa Tecnico Comercial Villa Del Sur","eecodanant":"176001002962","eeconsede":"17600100512100","eenomsede":"Susana Vinasco De Quintana","eeidclasede":"SEDE","eeclasede":"Sede","eeidestado":"OF","eeestado":"Oficial","eedirecc":"CL 31 33 A 00","eenomcorto":"SD Susana Vinasco De Quintana","eeidestado2":"SEDOF","eeestado2":"Sede - Oficial","eeidcomcor":"11","ecrcomcor":"Comuna 11","eeidbarver":"1101","eebarver":"San Carlos","eefecact":"2023-06-30Z","ieogrado_2":0,"ieogrado_1":0,"ieogrado0":58,"ieogrado1":70,"ieogrado2":76,"ieogrado3":71,"ieogrado4":106,"ieogrado5":77,"ieogrado6":0,"ieogrado7":0,"ieogrado8":0,"ieogrado9":0,"ieogrado10":0,"ieogrado11":0,"ieogrado21":0,"ieogrado22":0,"ieogrado23":0,"ieogrado24":0,"ieogrado25":0,"ieogrado26":0,"ieogrado41":0,"ieogrado42":0,"ieogrado43":0,"ieogrado44":0,"ieogrado45":0,"ieogrado99":0,"ieomatrtot":458,"ieoestrat0":1,"ieoestrat1":73,"ieoestrat2":203,"ieoestrat3":171,"ieoestrat4":1,"ieoestrat5":0,"ieoestrat6":0,"ieoestrat9":9,"ieofemen":247,"ieomascul":211,"ieoalgdisc":4,"ieonarp":13,"ieoindigen":2,"ieofecha":"2024-04-03Z"}},{"type":"Feature","id":"esf_establecimiento_educativo.fid--215d4958_1a0d9e21907_-764d","geometry":{"type":"Point","coordinates":[-76.52027896,3.42348007]},"geometry_name":"the_geom","properties":{"gid":127,"eecoddane":"176001008791","eenomins":"Institucion Educativa Boyaca","eecodanant":"176001008791","eeconsede":"17600100879100","eenomsede":"Institucion Educativa Boyaca","eeidclasede":"PRIN","eeclasede":"Principal","eeidestado":"OF","eeestado":"Oficial","eedirecc":"KR 33 A 25 25","eenomcorto":"IE Boyaca","eeidestado2":"IEOOF","eeestado2":"IEO - Oficial","eeidcomcor":"11","ecrcomcor":"Comuna 11","eeidbarver":"1105","eebarver":"Urbanización Boyaca","eefecact":"2023-06-30Z","ieogrado_2":0,"ieogrado_1":0,"ieogrado0":0,"ieogrado1":0,"ieogrado2":0,"ieogrado3":0,"ieogrado4":0,"ieogrado5":0,"ieogrado6":30,"ieogrado7":50,"ieogrado8":53,"ieogrado9":33,"ieogrado10":26,"ieogrado11":21,"ieogrado21":0,"ieogrado22":0,"ieogrado23":0,"ieogrado24":0,"ieogrado25":0,"ieogrado26":0,"ieogrado41":0,"ieogrado42":0,"ieogrado43":0,"ieogrado44":0,"ieogrado45":0,"ieogrado99":0,"ieomatrtot":213,"ieoestrat0":2,"ieoestrat1":57,"ieoestrat2":39,"ieoestrat3":111,"ieoestrat4":0,"ieoestrat5":0,"ieoestrat6":0,"ieoestrat9":4,"ieofemen":94,"ieomascul":119,"ieoalgdisc":7,"ieonarp":38,"ieoindigen":0,"ieofecha":"2024-04-03Z"}},{"type":"Feature","id":"esf_establecimiento_educativo.fid--215d4958_1a0d9e21907_-764c","geometry":{"type":"Point","coordinates":[-76.47192139,3.42370312]},"geometry_name":"the_geom","properties":{"gid":128,"eecoddane":"176001017374","eenomins":"Institucion Educativa Gabriela Mistral","eecodanant":"176001025849","eeconsede":"17600101737400","eenomsede":"Elias Salazar Garcia","eeidclasede":"SEDE","eeclasede":"Sede","eeidestado":"OF","eeestado":"Oficial","eedirecc":"IND KR 26 I CALLE 106 - 108","eenomcorto":"SD Elias Salazar Garcia","eeidestado2":"SEDOF","eeestado2":"Sede - Oficial","eeidcomcor":"14","ecrcomcor":"Comuna 14","eeidbarver":"1403","eebarver":"Manuela Beltrán","eefecact":"2023-06-30Z","ieogrado_2":0,"ieogrado_1":0,"ieogrado0":25,"ieogrado1":61,"ieogrado2":57,"ieogrado3":60,"ieogrado4":40,"ieogrado5":65,"ieogrado6":76,"ieogrado7":47,"ieogrado8":60,"ieogrado9":46,"ieogrado10":0,"ieogrado11":0,"ieogrado21":0,"ieogrado22":0,"ieogrado23":0,"ieogrado24":0,"ieogrado25":0,"ieogrado26":0,"ieogrado41":0,"ieogrado42":0,"ieogrado43":0,"ieogrado44":0,"ieogrado45":0,"ieogrado99":59,"ieomatrtot":596,"ieoestrat0":57,"ieoestrat1":442,"ieoestrat2":75,"ieoestrat3":6,"ieoestrat4":0,"ieoestrat5":0,"ieoestrat6":0,"ieoestrat9":16,"ieofemen":283,"ieomascul":313,"ieoalgdisc":2,"ieonarp":208,"ieoindigen":0,"ieofecha":"2024-04-03Z"}},{"type":"Feature","id":"esf_establecimiento_educativo.fid--215d4958_1a0d9e21907_-764b","geometry":{"type":"Point","coordinates":[-76.53120967,3.42387813]},"geometry_name":"the_geom","properties":{"gid":129,"eecoddane":"176001004531","eenomins":"Institucion Educativa Normal Superior Santiago De Cali","eecodanant":"176001004531","eeconsede":"17600100453100","eenomsede":"Institucion Educativa Normal Superior Santiago De Cali","eeidclasede":"PRIN","eeclasede":"Principal","eeidestado":"OF","eeestado":"Oficial","eedirecc":"KR 33 A 12 60","eenomcorto":"IE Normal Superior Santiago De Cali","eeidestado2":"IEOOF","eeestado2":"IEO - Oficial","eeidcomcor":"10","ecrcomcor":"Comuna 10","eeidbarver":"1014","eebarver":"Colseguros Andes","eefecact":"2023-06-30Z","ieogrado_2":0,"ieogrado_1":0,"ieogrado0":0,"ieogrado1":0,"ieogrado2":0,"ieogrado3":0,"ieogrado4":0,"ieogrado5":0,"ieogrado6":216,"ieogrado7":183,"ieogrado8":185,"ieogrado9":216,"ieogrado10":222,"ieogrado11":180,"ieogrado21":0,"ieogrado22":0,"ieogrado23":0,"ieogrado24":0,"ieogrado25":0,"ieogrado26":0,"ieogrado41":17,"ieogrado42":62,"ieogrado43":25,"ieogrado44":53,"ieogrado45":25,"ieogrado99":0,"ieomatrtot":1384,"ieoestrat0":5,"ieoestrat1":247,"ieoestrat2":453,"ieoestrat3":550,"ieoestrat4":109,"ieoestrat5":16,"ieoestrat6":0,"ieoestrat9":4,"ieofemen":875,"ieomascul":509,"ieoalgdisc":26,"ieonarp":178,"ieoindigen":5,"ieofecha":"2024-04-03Z"}},{"type":"Feature","id":"esf_establecimiento_educativo.fid--215d4958_1a0d9e21907_-764a","geometry":{"type":"Point","coordinates":[-76.57084552,3.42399912]},"geometry_name":"the_geom","properties":{"gid":130,"eecoddane":"176001001770","eenomins":"Institucion Educativa Eustaquio Palacios","eecodanant":"276001019193","eeconsede":"17600100177000","eenomsede":"Tulio Enrique Tascon","eeidclasede":"SEDE","eeclasede":"Sede","eeidestado":"OF","eeestado":"Oficial","eedirecc":"IND KM 5 VIA CRISTO REY","eenomcorto":"SD Tulio Enrique Tascon","eeidestado2":"SEDOF","eeestado2":"Sede - Oficial","eeidcomcor":"56","ecrcomcor":"Correg. Los Andes","eeidbarver":"5607","eebarver":"El Mango - La Reforma","eefecact":"2023-06-30Z","ieogrado_2":0,"ieogrado_1":0,"ieogrado0":0,"ieogrado1":4,"ieogrado2":4,"ieogrado3":2,"ieogrado4":4,"ieogrado5":5,"ieogrado6":0,"ieogrado7":0,"ieogrado8":0,"ieogrado9":0,"ieogrado10":0,"ieogrado11":0,"ieogrado21":0,"ieogrado22":0,"ieogrado23":0,"ieogrado24":0,"ieogrado25":0,"ieogrado26":0,"ieogrado41":0,"ieogrado42":0,"ieogrado43":0,"ieogrado44":0,"ieogrado45":0,"ieogrado99":0,"ieomatrtot":19,"ieoestrat0":1,"ieoestrat1":14,"ieoestrat2":1,"ieoestrat3":1,"ieoestrat4":0,"ieoestrat5":0,"ieoestrat6":0,"ieoestrat9":2,"ieofemen":7,"ieomascul":12,"ieoalgdisc":0,"ieonarp":0,"ieoindigen":3,"ieofecha":"2024-04-03Z"}},{"type":"Feature","id":"esf_establecimiento_educativo.fid--215d4958_1a0d9e21907_-7649","geometry":{"type":"Point","coordinates":[-76.52510871,3.42404816]},"geometry_name":"the_geom","properties":{"gid":131,"eecoddane":"176001007166","eenomins":"Institucion Educativa Tecnico Industrial Jose Maria Carbonell","eecodanant":"176001003225","eeconsede":"17600100716600","eenomsede":"Isabel De Castilla","eeidclasede":"SEDE","eeclasede":"Sede","eeidestado":"OF","eeestado":"Oficial","eedirecc":"KR 33 15 82","eenomcorto":"SD Isabel De Castilla","eeidestado2":"SEDOF","eeestado2":"Sede - Oficial","eeidcomcor":"10","ecrcomcor":"Comuna 10","eeidbarver":"1009","eebarver":"Cristóbal Colón","eefecact":"2023-06-30Z","ieogrado_2":0,"ieogrado_1":0,"ieogrado0":56,"ieogrado1":96,"ieogrado2":91,"ieogrado3":74,"ieogrado4":77,"ieogrado5":102,"ieogrado6":0,"ieogrado7":0,"ieogrado8":0,"ieogrado9":0,"ieogrado10":0,"ieogrado11":0,"ieogrado21":0,"ieogrado22":0,"ieogrado23":0,"ieogrado24":0,"ieogrado25":0,"ieogrado26":0,"ieogrado41":0,"ieogrado42":0,"ieogrado43":0,"ieogrado44":0,"ieogrado45":0,"ieogrado99":0,"ieomatrtot":496,"ieoestrat0":3,"ieoestrat1":45,"ieoestrat2":85,"ieoestrat3":332,"ieoestrat4":24,"ieoestrat5":2,"ieoestrat6":0,"ieoestrat9":5,"ieofemen":254,"ieomascul":242,"ieoalgdisc":3,"ieonarp":12,"ieoindigen":3,"ieofecha":"2024-04-03Z"}},{"type":"Feature","id":"esf_establecimiento_educativo.fid--215d4958_1a0d9e21907_-7648","geometry":{"type":"Point","coordinates":[-76.52142313,3.42412517]},"geometry_name":"the_geom","properties":{"gid":132,"eecoddane":"176001008642","eenomins":"Institucion Educativa Carlos Holguin Lloreda","eecodanant":"176001004612","eeconsede":"17600100864200","eenomsede":"Santa Elena","eeidclasede":"SEDE","eeclasede":"Sede","eeidestado":"OF","eeestado":"Oficial","eedirecc":"CL 23 32 79","eenomcorto":"SD Santa Elena","eeidestado2":"SEDOF","eeestado2":"Sede - Oficial","eeidcomcor":"10","ecrcomcor":"Comuna 10","eeidbarver":"1009","eebarver":"Cristóbal Colón","eefecact":"2023-06-30Z","ieogrado_2":0,"ieogrado_1":0,"ieogrado0":18,"ieogrado1":38,"ieogrado2":38,"ieogrado3":29,"ieogrado4":23,"ieogrado5":18,"ieogrado6":0,"ieogrado7":0,"ieogrado8":0,"ieogrado9":0,"ieogrado10":0,"ieogrado11":0,"ieogrado21":0,"ieogrado22":0,"ieogrado23":0,"ieogrado24":0,"ieogrado25":0,"ieogrado26":0,"ieogrado41":0,"ieogrado42":0,"ieogrado43":0,"ieogrado44":0,"ieogrado45":0,"ieogrado99":0,"ieomatrtot":164,"ieoestrat0":0,"ieoestrat1":17,"ieoestrat2":34,"ieoestrat3":102,"ieoestrat4":0,"ieoestrat5":0,"ieoestrat6":0,"ieoestrat9":11,"ieofemen":83,"ieomascul":81,"ieoalgdisc":0,"ieonarp":5,"ieoindigen":1,"ieofecha":"2024-04-03Z"}},{"type":"Feature","id":"esf_establecimiento_educativo.fid--215d4958_1a0d9e21907_-7647","geometry":{"type":"Point","coordinates":[-76.61712605,3.42424724]},"geometry_name":"the_geom","properties":{"gid":133,"eecoddane":"276001011184","eenomins":"Institucion Educativa Los Andes","eecodanant":"276001005524","eeconsede":"27600101118400","eenomsede":"Francisco Jose De Caldas","eeidclasede":"SEDE","eeclasede":"Sede","eeidestado":"OF","eeestado":"Oficial","eedirecc":"CORREGIMIENTO LOS ANDES CABECERA","eenomcorto":"SD Francisco Jose De Caldas","eeidestado2":"SEDOF","eeestado2":"Sede - Oficial","eeidcomcor":"56","ecrcomcor":"Correg. Los Andes","eeidbarver":"5601","eebarver":"Los Andes (Cabecera)","eefecact":"2023-06-30Z","ieogrado_2":0,"ieogrado_1":0,"ieogrado0":0,"ieogrado1":3,"ieogrado2":1,"ieogrado3":6,"ieogrado4":10,"ieogrado5":8,"ieogrado6":2,"ieogrado7":5,"ieogrado8":0,"ieogrado9":0,"ieogrado10":0,"ieogrado11":0,"ieogrado21":0,"ieogrado22":0,"ieogrado23":0,"ieogrado24":0,"ieogrado25":0,"ieogrado26":0,"ieogrado41":0,"ieogrado42":0,"ieogrado43":0,"ieogrado44":0,"ieogrado45":0,"ieogrado99":0,"ieomatrtot":35,"ieoestrat0":3,"ieoestrat1":27,"ieoestrat2":4,"ieoestrat3":0,"ieoestrat4":1,"ieoestrat5":0,"ieoestrat6":0,"ieoestrat9":0,"ieofemen":17,"ieomascul":18,"ieoalgdisc":0,"ieonarp":5,"ieoindigen":1,"ieofecha":"2024-04-03Z"}},{"type":"Feature","id":"esf_establecimiento_educativo.fid--215d4958_1a0d9e21907_-7646","geometry":{"type":"Point","coordinates":[-76.53867484,3.4242682]},"geometry_name":"the_geom","properties":{"gid":134,"eecoddane":"176001001745","eenomins":"Institucion Educativa  Liceo Departamental","eecodanant":"176001001745","eeconsede":"17600100174500","eenomsede":"Institucion Educativa Liceo Departamental - Sede Principal","eeidclasede":"PRIN","eeclasede":"Principal","eeidestado":"OF","eeestado":"Oficial","eedirecc":"KR 37 A 8 38","eenomcorto":"IE  Liceo Departamental","eeidestado2":"IEOOF","eeestado2":"IEO - Oficial","eeidcomcor":"19","ecrcomcor":"Comuna 19","eeidbarver":"1905","eebarver":"Eucaristico","eefecact":"2023-06-30Z","ieogrado_2":0,"ieogrado_1":0,"ieogrado0":0,"ieogrado1":0,"ieogrado2":0,"ieogrado3":0,"ieogrado4":0,"ieogrado5":0,"ieogrado6":253,"ieogrado7":240,"ieogrado8":221,"ieogrado9":206,"ieogrado10":299,"ieogrado11":195,"ieogrado21":0,"ieogrado22":0,"ieogrado23":0,"ieogrado24":0,"ieogrado25":0,"ieogrado26":0,"ieogrado41":0,"ieogrado42":0,"ieogrado43":0,"ieogrado44":0,"ieogrado45":0,"ieogrado99":0,"ieomatrtot":1414,"ieoestrat0":3,"ieoestrat1":216,"ieoestrat2":434,"ieoestrat3":578,"ieoestrat4":146,"ieoestrat5":29,"ieoestrat6":2,"ieoestrat9":6,"ieofemen":866,"ieomascul":548,"ieoalgdisc":19,"ieonarp":85,"ieoindigen":5,"ieofecha":"2024-04-03Z"}},{"type":"Feature","id":"esf_establecimiento_educativo.fid--215d4958_1a0d9e21907_-7645","geometry":{"type":"Point","coordinates":[-76.52955541,3.42441922]},"geometry_name":"the_geom","properties":{"gid":135,"eecoddane":"176001007166","eenomins":"Institucion Educativa Tecnico Industrial Jose Maria Carbonell","eecodanant":"176001007166","eeconsede":"17600100716600","eenomsede":"Institucion Educativa Tecnico Industrial Jose Maria Carbonell","eeidclasede":"PRIN","eeclasede":"Principal","eeidestado":"OF","eeestado":"Oficial","eedirecc":"CL 13 32 88","eenomcorto":"IETI Jose Maria Carbonell","eeidestado2":"IEOOF","eeestado2":"IEO - Oficial","eeidcomcor":"10","ecrcomcor":"Comuna 10","eeidbarver":"1014","eebarver":"Colseguros Andes","eefecact":"2023-06-30Z","ieogrado_2":0,"ieogrado_1":0,"ieogrado0":0,"ieogrado1":0,"ieogrado2":0,"ieogrado3":0,"ieogrado4":0,"ieogrado5":0,"ieogrado6":215,"ieogrado7":196,"ieogrado8":176,"ieogrado9":153,"ieogrado10":196,"ieogrado11":123,"ieogrado21":0,"ieogrado22":0,"ieogrado23":11,"ieogrado24":20,"ieogrado25":18,"ieogrado26":0,"ieogrado41":0,"ieogrado42":0,"ieogrado43":0,"ieogrado44":0,"ieogrado45":0,"ieogrado99":0,"ieomatrtot":1108,"ieoestrat0":4,"ieoestrat1":101,"ieoestrat2":238,"ieoestrat3":705,"ieoestrat4":51,"ieoestrat5":8,"ieoestrat6":0,"ieoestrat9":1,"ieofemen":567,"ieomascul":541,"ieoalgdisc":20,"ieonarp":123,"ieoindigen":4,"ieofecha":"2024-04-03Z"}},{"type":"Feature","id":"esf_establecimiento_educativo.fid--215d4958_1a0d9e21907_-7644","geometry":{"type":"Point","coordinates":[-76.50502356,3.42443422]},"geometry_name":"the_geom","properties":{"gid":136,"eecoddane":"176001006119","eenomins":"Institucion Educativa General Francisco De Paula Santander","eecodanant":"176001012763","eeconsede":"17600100611900","eenomsede":"San Pedro Codenal","eeidclasede":"SEDE","eeclasede":"Sede","eeidestado":"OF","eeestado":"Oficial","eedirecc":"KR 31 D 31 10","eenomcorto":"SD San Pedro Codenal","eeidestado2":"SEDOF","eeestado2":"Sede - Oficial","eeidcomcor":"11","ecrcomcor":"Comuna 11","eeidbarver":"1118","eebarver":"San Pedro Claver","eefecact":"2023-06-30Z","ieogrado_2":0,"ieogrado_1":0,"ieogrado0":22,"ieogrado1":30,"ieogrado2":29,"ieogrado3":15,"ieogrado4":34,"ieogrado5":14,"ieogrado6":0,"ieogrado7":0,"ieogrado8":0,"ieogrado9":0,"ieogrado10":0,"ieogrado11":0,"ieogrado21":0,"ieogrado22":0,"ieogrado23":0,"ieogrado24":0,"ieogrado25":0,"ieogrado26":0,"ieogrado41":0,"ieogrado42":0,"ieogrado43":0,"ieogrado44":0,"ieogrado45":0,"ieogrado99":0,"ieomatrtot":144,"ieoestrat0":1,"ieoestrat1":16,"ieoestrat2":110,"ieoestrat3":13,"ieoestrat4":0,"ieoestrat5":0,"ieoestrat6":0,"ieoestrat9":4,"ieofemen":67,"ieomascul":77,"ieoalgdisc":2,"ieonarp":5,"ieoindigen":0,"ieofecha":"2024-04-03Z"}},{"type":"Feature","id":"esf_establecimiento_educativo.fid--215d4958_1a0d9e21907_-7643","geometry":{"type":"Point","coordinates":[-76.52544176,3.42496431]},"geometry_name":"the_geom","properties":{"gid":137,"eecoddane":"176001005716","eenomins":"Institucion Educativa Joaquin De Caycedo Y Cuero","eecodanant":"176001005112","eeconsede":"17600100571600","eenomsede":"San Roque","eeidclasede":"SEDE","eeclasede":"Sede","eeidestado":"OF","eeestado":"Oficial","eedirecc":"KR 32 A 15 A 59","eenomcorto":"SD San Roque","eeidestado2":"SEDOF","eeestado2":"Sede - Oficial","eeidcomcor":"10","ecrcomcor":"Comuna 10","eeidbarver":"1009","eebarver":"Cristóbal Colón","eefecact":"2023-06-30Z","ieogrado_2":0,"ieogrado_1":0,"ieogrado0":28,"ieogrado1":52,"ieogrado2":60,"ieogrado3":61,"ieogrado4":72,"ieogrado5":43,"ieogrado6":0,"ieogrado7":0,"ieogrado8":0,"ieogrado9":0,"ieogrado10":0,"ieogrado11":0,"ieogrado21":0,"ieogrado22":0,"ieogrado23":0,"ieogrado24":0,"ieogrado25":0,"ieogrado26":0,"ieogrado41":0,"ieogrado42":0,"ieogrado43":0,"ieogrado44":0,"ieogrado45":0,"ieogrado99":22,"ieomatrtot":338,"ieoestrat0":0,"ieoestrat1":4,"ieoestrat2":42,"ieoestrat3":284,"ieoestrat4":6,"ieoestrat5":0,"ieoestrat6":0,"ieoestrat9":2,"ieofemen":153,"ieomascul":185,"ieoalgdisc":1,"ieonarp":12,"ieoindigen":1,"ieofecha":"2024-04-03Z"}},{"type":"Feature","id":"esf_establecimiento_educativo.fid--215d4958_1a0d9e21907_-7642","geometry":{"type":"Point","coordinates":[-76.49238258,3.42535737]},"geometry_name":"the_geom","properties":{"gid":138,"eecoddane":"176001025946","eenomins":"Institucion Educativa Santa Rosa","eecodanant":"176001020383","eeconsede":"17600102594600","eenomsede":"Jose Cardona Hoyos","eeidclasede":"SEDE","eeclasede":"Sede","eeidestado":"OF","eeestado":"Oficial","eedirecc":"IND CL 72M1 NO 28B1 - 22","eenomcorto":"SD Jose Cardona Hoyos","eeidestado2":"SEDOF","eeestado2":"Sede - Oficial","eeidcomcor":"13","ecrcomcor":"Comuna 13","eeidbarver":"1305","eebarver":"Los Comuneros II","eefecact":"2023-06-30Z","ieogrado_2":0,"ieogrado_1":0,"ieogrado0":34,"ieogrado1":65,"ieogrado2":57,"ieogrado3":60,"ieogrado4":45,"ieogrado5":47,"ieogrado6":0,"ieogrado7":0,"ieogrado8":0,"ieogrado9":0,"ieogrado10":0,"ieogrado11":0,"ieogrado21":0,"ieogrado22":9,"ieogrado23":11,"ieogrado24":8,"ieogrado25":17,"ieogrado26":0,"ieogrado41":0,"ieogrado42":0,"ieogrado43":0,"ieogrado44":0,"ieogrado45":0,"ieogrado99":0,"ieomatrtot":353,"ieoestrat0":23,"ieoestrat1":187,"ieoestrat2":143,"ieoestrat3":0,"ieoestrat4":0,"ieoestrat5":0,"ieoestrat6":0,"ieoestrat9":0,"ieofemen":172,"ieomascul":181,"ieoalgdisc":8,"ieonarp":151,"ieoindigen":1,"ieofecha":"2024-04-03Z"}},{"type":"Feature","id":"esf_establecimiento_educativo.fid--215d4958_1a0d9e21907_-7641","geometry":{"type":"Point","coordinates":[-76.50636077,3.42570342]},"geometry_name":"the_geom","properties":{"gid":139,"eecoddane":"176001006119","eenomins":"Institucion Educativa General Francisco De Paula Santander","eecodanant":"176001006488","eeconsede":"17600100611900","eenomsede":"Julio Arboleda","eeidclasede":"SEDE","eeclasede":"Sede","eeidestado":"OF","eeestado":"Oficial","eedirecc":"CL 35 E 30 24","eenomcorto":"SD Julio Arboleda","eeidestado2":"SEDOF","eeestado2":"Sede - Oficial","eeidcomcor":"11","ecrcomcor":"Comuna 11","eeidbarver":"1119","eebarver":"Los Conquistadores","eefecact":"2023-06-30Z","ieogrado_2":0,"ieogrado_1":0,"ieogrado0":20,"ieogrado1":35,"ieogrado2":33,"ieogrado3":23,"ieogrado4":30,"ieogrado5":14,"ieogrado6":0,"ieogrado7":0,"ieogrado8":0,"ieogrado9":0,"ieogrado10":0,"ieogrado11":0,"ieogrado21":0,"ieogrado22":0,"ieogrado23":0,"ieogrado24":0,"ieogrado25":0,"ieogrado26":0,"ieogrado41":0,"ieogrado42":0,"ieogrado43":0,"ieogrado44":0,"ieogrado45":0,"ieogrado99":0,"ieomatrtot":155,"ieoestrat0":1,"ieoestrat1":22,"ieoestrat2":114,"ieoestrat3":16,"ieoestrat4":0,"ieoestrat5":0,"ieoestrat6":0,"ieoestrat9":2,"ieofemen":78,"ieomascul":77,"ieoalgdisc":3,"ieonarp":4,"ieoindigen":0,"ieofecha":"2024-04-03Z"}},{"type":"Feature","id":"esf_establecimiento_educativo.fid--215d4958_1a0d9e21907_-7640","geometry":{"type":"Point","coordinates":[-76.47255549,3.42571444]},"geometry_name":"the_geom","properties":{"gid":140,"eecoddane":"176001027001","eenomins":"Institucion Educativa  Monseñor Ramon Arcila","eecodanant":"176001042280","eeconsede":"17600102700100","eenomsede":"Puertas Del Sol Iv Y V","eeidclasede":"SEDE","eeclasede":"Sede","eeidestado":"OF","eeestado":"Oficial","eedirecc":"DG 108 26 I 40","eenomcorto":"SD Puertas Del Sol Iv Y V","eeidestado2":"SEDOF","eeestado2":"Sede - Oficial","eeidcomcor":"14","ecrcomcor":"Comuna 14","eeidbarver":"1498","eebarver":"Promociones Populares B","eefecact":"2023-06-30Z","ieogrado_2":0,"ieogrado_1":0,"ieogrado0":45,"ieogrado1":76,"ieogrado2":75,"ieogrado3":68,"ieogrado4":64,"ieogrado5":47,"ieogrado6":72,"ieogrado7":74,"ieogrado8":0,"ieogrado9":0,"ieogrado10":0,"ieogrado11":0,"ieogrado21":0,"ieogrado22":0,"ieogrado23":0,"ieogrado24":0,"ieogrado25":0,"ieogrado26":0,"ieogrado41":0,"ieogrado42":0,"ieogrado43":0,"ieogrado44":0,"ieogrado45":0,"ieogrado99":0,"ieomatrtot":521,"ieoestrat0":13,"ieoestrat1":341,"ieoestrat2":130,"ieoestrat3":12,"ieoestrat4":1,"ieoestrat5":0,"ieoestrat6":0,"ieoestrat9":24,"ieofemen":265,"ieomascul":256,"ieoalgdisc":7,"ieonarp":144,"ieoindigen":4,"ieofecha":"2024-04-03Z"}},{"type":"Feature","id":"esf_establecimiento_educativo.fid--215d4958_1a0d9e21907_-763f","geometry":{"type":"Point","coordinates":[-76.49262362,3.42575644]},"geometry_name":"the_geom","properties":{"gid":141,"eecoddane":"176001800052","eenomins":"Institucion Educativa Llano Verde","eecodanant":"176001800109","eeconsede":"17600180005200","eenomsede":"Comuneros Ii","eeidclasede":"SEDE","eeclasede":"Sede","eeidestado":"MC","eeestado":"Matricula contratada","eedirecc":"IND CL 72 L 28 3 24","eenomcorto":"SD Comuneros Ii","eeidestado2":"SEDMC","eeestado2":"Sede - Matricula Contratada","eeidcomcor":"13","ecrcomcor":"Comuna 13","eeidbarver":"1305","eebarver":"Los Comuneros II","eefecact":"2023-06-30Z","ieogrado_2":0,"ieogrado_1":0,"ieogrado0":97,"ieogrado1":113,"ieogrado2":116,"ieogrado3":88,"ieogrado4":79,"ieogrado5":84,"ieogrado6":86,"ieogrado7":87,"ieogrado8":67,"ieogrado9":108,"ieogrado10":85,"ieogrado11":63,"ieogrado21":0,"ieogrado22":0,"ieogrado23":0,"ieogrado24":0,"ieogrado25":0,"ieogrado26":0,"ieogrado41":0,"ieogrado42":0,"ieogrado43":0,"ieogrado44":0,"ieogrado45":0,"ieogrado99":0,"ieomatrtot":1073,"ieoestrat0":9,"ieoestrat1":240,"ieoestrat2":752,"ieoestrat3":43,"ieoestrat4":0,"ieoestrat5":0,"ieoestrat6":0,"ieoestrat9":29,"ieofemen":565,"ieomascul":508,"ieoalgdisc":15,"ieonarp":44,"ieoindigen":1,"ieofecha":"2024-04-03Z"}},{"type":"Feature","id":"esf_establecimiento_educativo.fid--215d4958_1a0d9e21907_-763e","geometry":{"type":"Point","coordinates":[-76.51711346,3.42579344]},"geometry_name":"the_geom","properties":{"gid":142,"eecoddane":"176001006119","eenomins":"Institucion Educativa General Francisco De Paula Santander","eecodanant":"176001006119","eeconsede":"17600100611900","eenomsede":"Institucion Educativa General Francisco De Paula Santander - Sede Principal","eeidclasede":"PRIN","eeclasede":"Principal","eeidestado":"OF","eeestado":"Oficial","eedirecc":"CL 27 31 A 60","eenomcorto":"IE General Francisco De Paula Santander","eeidestado2":"IEOOF","eeestado2":"IEO - Oficial","eeidcomcor":"11","ecrcomcor":"Comuna 11","eeidbarver":"1106","eebarver":"El Jardín","eefecact":"2023-06-30Z","ieogrado_2":0,"ieogrado_1":0,"ieogrado0":0,"ieogrado1":0,"ieogrado2":0,"ieogrado3":0,"ieogrado4":0,"ieogrado5":0,"ieogrado6":0,"ieogrado7":0,"ieogrado8":0,"ieogrado9":0,"ieogrado10":87,"ieogrado11":72,"ieogrado21":0,"ieogrado22":0,"ieogrado23":7,"ieogrado24":16,"ieogrado25":21,"ieogrado26":0,"ieogrado41":0,"ieogrado42":0,"ieogrado43":0,"ieogrado44":0,"ieogrado45":0,"ieogrado99":0,"ieomatrtot":203,"ieoestrat0":8,"ieoestrat1":59,"ieoestrat2":81,"ieoestrat3":52,"ieoestrat4":2,"ieoestrat5":0,"ieoestrat6":0,"ieoestrat9":1,"ieofemen":100,"ieomascul":103,"ieoalgdisc":6,"ieonarp":33,"ieoindigen":1,"ieofecha":"2024-04-03Z"}},{"type":"Feature","id":"esf_establecimiento_educativo.fid--215d4958_1a0d9e21907_-763d","geometry":{"type":"Point","coordinates":[-76.51383095,3.42635953]},"geometry_name":"the_geom","properties":{"gid":143,"eecoddane":"176001006119","eenomins":"Institucion Educativa General Francisco De Paula Santander","eecodanant":"176001002806","eeconsede":"17600100611900","eenomsede":"Jose Vicente Concha","eeidclasede":"SEDE","eeclasede":"Sede","eeidestado":"OF","eeestado":"Oficial","eedirecc":"KR 30 A 30 A 27","eenomcorto":"SD Jose Vicente Concha","eeidestado2":"SEDOF","eeestado2":"Sede - Oficial","eeidcomcor":"11","ecrcomcor":"Comuna 11","eeidbarver":"1107","eebarver":"La Fortaleza","eefecact":"2023-06-30Z","ieogrado_2":0,"ieogrado_1":22,"ieogrado0":25,"ieogrado1":35,"ieogrado2":35,"ieogrado3":34,"ieogrado4":37,"ieogrado5":29,"ieogrado6":56,"ieogrado7":150,"ieogrado8":66,"ieogrado9":69,"ieogrado10":0,"ieogrado11":0,"ieogrado21":0,"ieogrado22":0,"ieogrado23":0,"ieogrado24":0,"ieogrado25":0,"ieogrado26":0,"ieogrado41":0,"ieogrado42":0,"ieogrado43":0,"ieogrado44":0,"ieogrado45":0,"ieogrado99":60,"ieomatrtot":618,"ieoestrat0":6,"ieoestrat1":142,"ieoestrat2":237,"ieoestrat3":218,"ieoestrat4":1,"ieoestrat5":0,"ieoestrat6":0,"ieoestrat9":14,"ieofemen":287,"ieomascul":331,"ieoalgdisc":14,"ieonarp":94,"ieoindigen":9,"ieofecha":"2024-04-03Z"}},{"type":"Feature","id":"esf_establecimiento_educativo.fid--215d4958_1a0d9e21907_-763c","geometry":{"type":"Point","coordinates":[-76.55691269,3.42660958]},"geometry_name":"the_geom","properties":{"gid":144,"eecoddane":"176001001770","eenomins":"Institucion Educativa Eustaquio Palacios","eecodanant":"176001030699","eeconsede":"17600100177000","eenomsede":"Manuel Maria Buenaventura","eeidclasede":"SEDE","eeclasede":"Sede","eeidestado":"OF","eeestado":"Oficial","eedirecc":"KR 40 B OESTE 6 52","eenomcorto":"SD Manuel Maria Buenaventura","eeidestado2":"SEDOF","eeestado2":"Sede - Oficial","eeidcomcor":"20","ecrcomcor":"Comuna 20","eeidbarver":"2003","eebarver":"Siloé","eefecact":"2023-06-30Z","ieogrado_2":0,"ieogrado_1":0,"ieogrado0":3,"ieogrado1":18,"ieogrado2":15,"ieogrado3":11,"ieogrado4":12,"ieogrado5":7,"ieogrado6":0,"ieogrado7":0,"ieogrado8":0,"ieogrado9":0,"ieogrado10":0,"ieogrado11":0,"ieogrado21":0,"ieogrado22":0,"ieogrado23":0,"ieogrado24":0,"ieogrado25":0,"ieogrado26":0,"ieogrado41":0,"ieogrado42":0,"ieogrado43":0,"ieogrado44":0,"ieogrado45":0,"ieogrado99":0,"ieomatrtot":66,"ieoestrat0":2,"ieoestrat1":58,"ieoestrat2":1,"ieoestrat3":0,"ieoestrat4":0,"ieoestrat5":0,"ieoestrat6":0,"ieoestrat9":5,"ieofemen":34,"ieomascul":32,"ieoalgdisc":0,"ieonarp":1,"ieoindigen":4,"ieofecha":"2024-04-03Z"}},{"type":"Feature","id":"esf_establecimiento_educativo.fid--215d4958_1a0d9e21907_-763b","geometry":{"type":"Point","coordinates":[-76.50817706,3.42664858]},"geometry_name":"the_geom","properties":{"gid":145,"eecoddane":"176001006119","eenomins":"Institucion Educativa General Francisco De Paula Santander","eecodanant":"176001007611","eeconsede":"17600100611900","eenomsede":"Leon Xiii","eeidclasede":"SEDE","eeclasede":"Sede","eeidestado":"OF","eeestado":"Oficial","eedirecc":"CL 35 KR 29 B","eenomcorto":"SD Leon Xiii","eeidestado2":"SEDOF","eeestado2":"Sede - Oficial","eeidcomcor":"11","ecrcomcor":"Comuna 11","eeidbarver":"1116","eebarver":"León XIII","eefecact":"2023-06-30Z","ieogrado_2":0,"ieogrado_1":0,"ieogrado0":18,"ieogrado1":14,"ieogrado2":0,"ieogrado3":16,"ieogrado4":0,"ieogrado5":15,"ieogrado6":46,"ieogrado7":35,"ieogrado8":33,"ieogrado9":26,"ieogrado10":0,"ieogrado11":0,"ieogrado21":0,"ieogrado22":0,"ieogrado23":0,"ieogrado24":0,"ieogrado25":0,"ieogrado26":0,"ieogrado41":0,"ieogrado42":0,"ieogrado43":0,"ieogrado44":0,"ieogrado45":0,"ieogrado99":0,"ieomatrtot":203,"ieoestrat0":1,"ieoestrat1":37,"ieoestrat2":137,"ieoestrat3":19,"ieoestrat4":1,"ieoestrat5":0,"ieoestrat6":0,"ieoestrat9":8,"ieofemen":99,"ieomascul":104,"ieoalgdisc":5,"ieonarp":10,"ieoindigen":2,"ieofecha":"2024-04-03Z"}},{"type":"Feature","id":"esf_establecimiento_educativo.fid--215d4958_1a0d9e21907_-763a","geometry":{"type":"Point","coordinates":[-76.50139,3.42668558]},"geometry_name":"the_geom","properties":{"gid":146,"eecoddane":"176001003918","eenomins":"Institucion Educativa Tecnico Comercial Juan Xxiii","eecodanant":"176001023285","eeconsede":"17600100391800","eenomsede":"Julio Rincon","eeidclasede":"SEDE","eeclasede":"Sede","eeidestado":"OF","eeestado":"Oficial","eedirecc":"CL 70 28 E BIS 00","eenomcorto":"SD Julio Rincon","eeidestado2":"SEDOF","eeestado2":"Sede - Oficial","eeidcomcor":"12","ecrcomcor":"Comuna 12","eeidbarver":"1208","eebarver":"Julio Rincón","eefecact":"2023-06-30Z","ieogrado_2":0,"ieogrado_1":0,"ieogrado0":19,"ieogrado1":33,"ieogrado2":56,"ieogrado3":42,"ieogrado4":57,"ieogrado5":41,"ieogrado6":0,"ieogrado7":0,"ieogrado8":0,"ieogrado9":0,"ieogrado10":0,"ieogrado11":0,"ieogrado21":0,"ieogrado22":0,"ieogrado23":0,"ieogrado24":0,"ieogrado25":0,"ieogrado26":0,"ieogrado41":0,"ieogrado42":0,"ieogrado43":0,"ieogrado44":0,"ieogrado45":0,"ieogrado99":0,"ieomatrtot":248,"ieoestrat0":1,"ieoestrat1":26,"ieoestrat2":121,"ieoestrat3":97,"ieoestrat4":0,"ieoestrat5":0,"ieoestrat6":0,"ieoestrat9":3,"ieofemen":121,"ieomascul":127,"ieoalgdisc":4,"ieonarp":12,"ieoindigen":1,"ieofecha":"2024-04-03Z"}},{"type":"Feature","id":"esf_establecimiento_educativo.fid--215d4958_1a0d9e21907_-7639","geometry":{"type":"Point","coordinates":[-76.4905353,3.42671659]},"geometry_name":"the_geom","properties":{"gid":147,"eecoddane":"176001024273","eenomins":"Institucion Educativa  Jesus Villafane Franco","eecodanant":"376001023667","eeconsede":"17600102427300","eenomsede":"Omaira Sanchez","eeidclasede":"SEDE","eeclasede":"Sede","eeidestado":"OF","eeestado":"Oficial","eedirecc":"IND CARRERA 27G1 72M2 - 10","eenomcorto":"SD Omaira Sanchez","eeidestado2":"SEDOF","eeestado2":"Sede - Oficial","eeidcomcor":"13","ecrcomcor":"Comuna 13","eeidbarver":"1397","eebarver":"Sector Laguna del Pondaje","eefecact":"2023-06-30Z","ieogrado_2":0,"ieogrado_1":0,"ieogrado0":8,"ieogrado1":24,"ieogrado2":28,"ieogrado3":24,"ieogrado4":16,"ieogrado5":17,"ieogrado6":22,"ieogrado7":21,"ieogrado8":23,"ieogrado9":10,"ieogrado10":17,"ieogrado11":17,"ieogrado21":0,"ieogrado22":0,"ieogrado23":0,"ieogrado24":0,"ieogrado25":0,"ieogrado26":0,"ieogrado41":0,"ieogrado42":0,"ieogrado43":0,"ieogrado44":0,"ieogrado45":0,"ieogrado99":0,"ieomatrtot":227,"ieoestrat0":6,"ieoestrat1":94,"ieoestrat2":113,"ieoestrat3":7,"ieoestrat4":0,"ieoestrat5":0,"ieoestrat6":0,"ieoestrat9":7,"ieofemen":108,"ieomascul":119,"ieoalgdisc":2,"ieonarp":191,"ieoindigen":0,"ieofecha":"2024-04-03Z"}},{"type":"Feature","id":"esf_establecimiento_educativo.fid--215d4958_1a0d9e21907_-7638","geometry":{"type":"Point","coordinates":[-76.50413242,3.42712865]},"geometry_name":"the_geom","properties":{"gid":148,"eecoddane":"176001003918","eenomins":"Institucion Educativa Tecnico Comercial Juan Xxiii","eecodanant":"176001003918","eeconsede":"17600100391800","eenomsede":"Ciudad De Cali - Sede Principal","eeidclasede":"PRIN","eeclasede":"Principal","eeidestado":"OF","eeestado":"Oficial","eedirecc":"CL 46 28 F 31","eenomcorto":"IETIC Juan Xxiii","eeidestado2":"IEOOF","eeestado2":"IEO - Oficial","eeidcomcor":"12","ecrcomcor":"Comuna 12","eeidbarver":"1209","eebarver":"Doce de Octubre","eefecact":"2023-06-30Z","ieogrado_2":0,"ieogrado_1":0,"ieogrado0":0,"ieogrado1":0,"ieogrado2":0,"ieogrado3":0,"ieogrado4":0,"ieogrado5":0,"ieogrado6":59,"ieogrado7":35,"ieogrado8":31,"ieogrado9":96,"ieogrado10":99,"ieogrado11":62,"ieogrado21":0,"ieogrado22":0,"ieogrado23":0,"ieogrado24":0,"ieogrado25":0,"ieogrado26":0,"ieogrado41":0,"ieogrado42":0,"ieogrado43":0,"ieogrado44":0,"ieogrado45":0,"ieogrado99":0,"ieomatrtot":382,"ieoestrat0":3,"ieoestrat1":49,"ieoestrat2":225,"ieoestrat3":102,"ieoestrat4":0,"ieoestrat5":0,"ieoestrat6":0,"ieoestrat9":3,"ieofemen":215,"ieomascul":167,"ieoalgdisc":9,"ieonarp":41,"ieoindigen":6,"ieofecha":"2024-04-03Z"}},{"type":"Feature","id":"esf_establecimiento_educativo.fid--215d4958_1a0d9e21907_-7637","geometry":{"type":"Point","coordinates":[-76.50502857,3.42722867]},"geometry_name":"the_geom","properties":{"gid":149,"eecoddane":"176001003918","eenomins":"Institucion Educativa Tecnico Comercial Juan Xxiii","eecodanant":"176001015860","eeconsede":"17600100391800","eenomsede":"San Buenaventura","eeidclasede":"SEDE","eeclasede":"Sede","eeidestado":"OF","eeestado":"Oficial","eedirecc":"IND DG 29B T29 30","eenomcorto":"SD San Buenaventura","eeidestado2":"SEDOF","eeestado2":"Sede - Oficial","eeidcomcor":"12","ecrcomcor":"Comuna 12","eeidbarver":"1203","eebarver":"Eduardo Santos","eefecact":"2023-06-30Z","ieogrado_2":0,"ieogrado_1":22,"ieogrado0":18,"ieogrado1":0,"ieogrado2":0,"ieogrado3":0,"ieogrado4":0,"ieogrado5":0,"ieogrado6":0,"ieogrado7":0,"ieogrado8":0,"ieogrado9":0,"ieogrado10":0,"ieogrado11":0,"ieogrado21":0,"ieogrado22":0,"ieogrado23":0,"ieogrado24":0,"ieogrado25":0,"ieogrado26":0,"ieogrado41":0,"ieogrado42":0,"ieogrado43":0,"ieogrado44":0,"ieogrado45":0,"ieogrado99":0,"ieomatrtot":40,"ieoestrat0":0,"ieoestrat1":1,"ieoestrat2":30,"ieoestrat3":9,"ieoestrat4":0,"ieoestrat5":0,"ieoestrat6":0,"ieoestrat9":0,"ieofemen":18,"ieomascul":22,"ieoalgdisc":0,"ieonarp":0,"ieoindigen":0,"ieofecha":"2024-04-03Z"}},{"type":"Feature","id":"esf_establecimiento_educativo.fid--215d4958_1a0d9e21907_-7636","geometry":{"type":"Point","coordinates":[-76.46331605,3.4273717]},"geometry_name":"the_geom","properties":{"gid":150,"eecoddane":"176001030788","eenomins":"Institucion Educativa Tecnica Ciudadela Desepaz","eecodanant":"176001030788","eeconsede":"17600103078800","eenomsede":"Institucion Educativa Tecnica Ciudadela Desepaz - Sede Principal","eeidclasede":"PRIN","eeclasede":"Principal","eeidestado":"OF","eeestado":"Oficial","eedirecc":"KR 23 120 G 16","eenomcorto":"IE Tecnica Ciudadela Desepaz","eeidestado2":"IEOOF","eeestado2":"IEO - Oficial","eeidcomcor":"21","ecrcomcor":"Comuna 21","eeidbarver":"2106","eebarver":"Desepaz Invicali","eefecact":"2023-06-30Z","ieogrado_2":0,"ieogrado_1":0,"ieogrado0":57,"ieogrado1":72,"ieogrado2":61,"ieogrado3":97,"ieogrado4":75,"ieogrado5":85,"ieogrado6":0,"ieogrado7":23,"ieogrado8":103,"ieogrado9":121,"ieogrado10":126,"ieogrado11":92,"ieogrado21":36,"ieogrado22":73,"ieogrado23":117,"ieogrado24":157,"ieogrado25":133,"ieogrado26":0,"ieogrado41":0,"ieogrado42":0,"ieogrado43":0,"ieogrado44":0,"ieogrado45":0,"ieogrado99":25,"ieomatrtot":1453,"ieoestrat0":30,"ieoestrat1":1243,"ieoestrat2":141,"ieoestrat3":19,"ieoestrat4":0,"ieoestrat5":0,"ieoestrat6":0,"ieoestrat9":20,"ieofemen":745,"ieomascul":708,"ieoalgdisc":17,"ieonarp":686,"ieoindigen":3,"ieofecha":"2024-04-03Z"}},{"type":"Feature","id":"esf_establecimiento_educativo.fid--215d4958_1a0d9e21907_-7635","geometry":{"type":"Point","coordinates":[-76.49520603,3.4274267]},"geometry_name":"the_geom","properties":{"gid":151,"eecoddane":"176001020693","eenomins":"Institucion Educativa Humberto Jordan Mazuera","eecodanant":"376001017608","eeconsede":"17600102069300","eenomsede":"Miguel Camacho Perea","eeidclasede":"SEDE","eeclasede":"Sede","eeidestado":"OF","eeestado":"Oficial","eedirecc":"KR 28 A 72 F 09","eenomcorto":"SD Miguel Camacho Perea","eeidestado2":"SEDOF","eeestado2":"Sede - Oficial","eeidcomcor":"13","ecrcomcor":"Comuna 13","eeidbarver":"1305","eebarver":"Los Comuneros II","eefecact":"2023-06-30Z","ieogrado_2":0,"ieogrado_1":0,"ieogrado0":41,"ieogrado1":64,"ieogrado2":69,"ieogrado3":76,"ieogrado4":63,"ieogrado5":57,"ieogrado6":74,"ieogrado7":60,"ieogrado8":55,"ieogrado9":44,"ieogrado10":37,"ieogrado11":34,"ieogrado21":0,"ieogrado22":15,"ieogrado23":34,"ieogrado24":39,"ieogrado25":37,"ieogrado26":0,"ieogrado41":0,"ieogrado42":0,"ieogrado43":0,"ieogrado44":0,"ieogrado45":0,"ieogrado99":0,"ieomatrtot":799,"ieoestrat0":40,"ieoestrat1":247,"ieoestrat2":458,"ieoestrat3":28,"ieoestrat4":0,"ieoestrat5":0,"ieoestrat6":0,"ieoestrat9":26,"ieofemen":377,"ieomascul":422,"ieoalgdisc":13,"ieonarp":193,"ieoindigen":0,"ieofecha":"2024-04-03Z"}},{"type":"Feature","id":"esf_establecimiento_educativo.fid--215d4958_1a0d9e21907_-7634","geometry":{"type":"Point","coordinates":[-76.48086678,3.42750672]},"geometry_name":"the_geom","properties":{"gid":152,"eecoddane":"176001027001","eenomins":"Institucion Educativa  Monseñor Ramon Arcila","eecodanant":"176001022416","eeconsede":"17600102700100","eenomsede":"Raul Silva Holguin","eeidclasede":"SEDE","eeclasede":"Sede","eeidestado":"OF","eeestado":"Oficial","eedirecc":"DG 26 K 83 24","eenomcorto":"SD Raul Silva Holguin","eeidestado2":"SEDOF","eeestado2":"Sede - Oficial","eeidcomcor":"14","ecrcomcor":"Comuna 14","eeidbarver":"1405","eebarver":"José Manuel Marroquín II","eefecact":"2023-06-30Z","ieogrado_2":0,"ieogrado_1":0,"ieogrado0":120,"ieogrado1":113,"ieogrado2":108,"ieogrado3":114,"ieogrado4":113,"ieogrado5":104,"ieogrado6":114,"ieogrado7":150,"ieogrado8":0,"ieogrado9":0,"ieogrado10":0,"ieogrado11":0,"ieogrado21":0,"ieogrado22":0,"ieogrado23":0,"ieogrado24":0,"ieogrado25":0,"ieogrado26":0,"ieogrado41":0,"ieogrado42":0,"ieogrado43":0,"ieogrado44":0,"ieogrado45":0,"ieogrado99":0,"ieomatrtot":936,"ieoestrat0":2,"ieoestrat1":509,"ieoestrat2":361,"ieoestrat3":12,"ieoestrat4":0,"ieoestrat5":1,"ieoestrat6":0,"ieoestrat9":51,"ieofemen":455,"ieomascul":481,"ieoalgdisc":5,"ieonarp":210,"ieoindigen":1,"ieofecha":"2024-04-03Z"}},{"type":"Feature","id":"esf_establecimiento_educativo.fid--215d4958_1a0d9e21907_-7633","geometry":{"type":"Point","coordinates":[-76.55386322,3.42768174]},"geometry_name":"the_geom","properties":{"gid":153,"eecoddane":"176001004485","eenomins":"Institucion Educativa Juana De Caicedo Y Cuero","eecodanant":"176001042786","eeconsede":"17600100448500","eenomsede":"Sede Antonia Santos","eeidclasede":"SEDE","eeclasede":"Sede","eeidestado":"OF","eeestado":"Oficial","eedirecc":"KR 38 A 3 A 14","eenomcorto":"SD Antonia Santos","eeidestado2":"SEDOF","eeestado2":"Sede - Oficial","eeidcomcor":"20","ecrcomcor":"Comuna 20","eeidbarver":"2005","eebarver":"Belén","eefecact":"2023-06-30Z","ieogrado_2":0,"ieogrado_1":0,"ieogrado0":16,"ieogrado1":30,"ieogrado2":29,"ieogrado3":20,"ieogrado4":17,"ieogrado5":26,"ieogrado6":0,"ieogrado7":0,"ieogrado8":0,"ieogrado9":0,"ieogrado10":0,"ieogrado11":0,"ieogrado21":0,"ieogrado22":0,"ieogrado23":0,"ieogrado24":0,"ieogrado25":0,"ieogrado26":0,"ieogrado41":0,"ieogrado42":0,"ieogrado43":0,"ieogrado44":0,"ieogrado45":0,"ieogrado99":0,"ieomatrtot":138,"ieoestrat0":1,"ieoestrat1":107,"ieoestrat2":27,"ieoestrat3":3,"ieoestrat4":0,"ieoestrat5":0,"ieoestrat6":0,"ieoestrat9":0,"ieofemen":74,"ieomascul":64,"ieoalgdisc":1,"ieonarp":0,"ieoindigen":3,"ieofecha":"2024-04-03Z"}},{"type":"Feature","id":"esf_establecimiento_educativo.fid--215d4958_1a0d9e21907_-7632","geometry":{"type":"Point","coordinates":[-76.46338906,3.42773176]},"geometry_name":"the_geom","properties":{"gid":154,"eecoddane":"176001800052","eenomins":"Institucion Educativa Llano Verde","eecodanant":"176001800125","eeconsede":"17600180005200","eenomsede":"Invicali Desepaz","eeidclasede":"SEDE","eeclasede":"Sede","eeidestado":"MC","eeestado":"Matricula contratada","eedirecc":"KR 23 120 F 22","eenomcorto":"SD Invicali Desepaz","eeidestado2":"SEDMC","eeestado2":"Sede - Matricula Contratada","eeidcomcor":"21","ecrcomcor":"Comuna 21","eeidbarver":"2106","eebarver":"Desepaz Invicali","eefecact":"2023-06-30Z","ieogrado_2":0,"ieogrado_1":0,"ieogrado0":107,"ieogrado1":126,"ieogrado2":132,"ieogrado3":131,"ieogrado4":127,"ieogrado5":147,"ieogrado6":152,"ieogrado7":122,"ieogrado8":106,"ieogrado9":139,"ieogrado10":101,"ieogrado11":103,"ieogrado21":0,"ieogrado22":0,"ieogrado23":0,"ieogrado24":0,"ieogrado25":0,"ieogrado26":0,"ieogrado41":0,"ieogrado42":0,"ieogrado43":0,"ieogrado44":0,"ieogrado45":0,"ieogrado99":0,"ieomatrtot":1493,"ieoestrat0":30,"ieoestrat1":1165,"ieoestrat2":244,"ieoestrat3":33,"ieoestrat4":3,"ieoestrat5":1,"ieoestrat6":0,"ieoestrat9":17,"ieofemen":785,"ieomascul":708,"ieoalgdisc":17,"ieonarp":173,"ieoindigen":8,"ieofecha":"2024-04-03Z"}},{"type":"Feature","id":"esf_establecimiento_educativo.fid--215d4958_1a0d9e21907_-7631","geometry":{"type":"Point","coordinates":[-76.65112024,3.42799786]},"geometry_name":"the_geom","properties":{"gid":155,"eecoddane":"276001011184","eenomins":"Institucion Educativa Los Andes","eecodanant":"276001008434","eeconsede":"27600101118400","eenomsede":"Juan Pablo I","eeidclasede":"SEDE","eeclasede":"Sede","eeidestado":"OF","eeestado":"Oficial","eedirecc":"CORREGIMIENTO LOS ANDES VEREDE PEÑAS BLANCAS","eenomcorto":"SD Juan Pablo I","eeidestado2":"SEDOF","eeestado2":"Sede - Oficial","eeidcomcor":"56","ecrcomcor":"Correg. Los Andes","eeidbarver":"5602","eebarver":"Carpatos","eefecact":"2023-06-30Z","ieogrado_2":0,"ieogrado_1":0,"ieogrado0":0,"ieogrado1":3,"ieogrado2":4,"ieogrado3":2,"ieogrado4":3,"ieogrado5":11,"ieogrado6":1,"ieogrado7":9,"ieogrado8":15,"ieogrado9":16,"ieogrado10":15,"ieogrado11":13,"ieogrado21":0,"ieogrado22":0,"ieogrado23":0,"ieogrado24":0,"ieogrado25":0,"ieogrado26":0,"ieogrado41":0,"ieogrado42":0,"ieogrado43":0,"ieogrado44":0,"ieogrado45":0,"ieogrado99":0,"ieomatrtot":92,"ieoestrat0":5,"ieoestrat1":61,"ieoestrat2":17,"ieoestrat3":8,"ieoestrat4":0,"ieoestrat5":0,"ieoestrat6":0,"ieoestrat9":1,"ieofemen":44,"ieomascul":48,"ieoalgdisc":3,"ieonarp":9,"ieoindigen":2,"ieofecha":"2024-04-03Z"}},{"type":"Feature","id":"esf_establecimiento_educativo.fid--215d4958_1a0d9e21907_-7630","geometry":{"type":"Point","coordinates":[-76.51777156,3.42813281]},"geometry_name":"the_geom","properties":{"gid":156,"eecoddane":"176001008791","eenomins":"Institucion Educativa Boyaca","eecodanant":"176001003039","eeconsede":"17600100879100","eenomsede":"Santo Domingo","eeidclasede":"SEDE","eeclasede":"Sede","eeidestado":"OF","eeestado":"Oficial","eedirecc":"KR 24 A 26 B 64","eenomcorto":"SD Santo Domingo","eeidestado2":"SEDOF","eeestado2":"Sede - Oficial","eeidcomcor":"11","ecrcomcor":"Comuna 11","eeidbarver":"1106","eebarver":"El Jardín","eefecact":"2023-06-30Z","ieogrado_2":0,"ieogrado_1":0,"ieogrado0":21,"ieogrado1":37,"ieogrado2":29,"ieogrado3":20,"ieogrado4":28,"ieogrado5":14,"ieogrado6":0,"ieogrado7":0,"ieogrado8":0,"ieogrado9":0,"ieogrado10":0,"ieogrado11":0,"ieogrado21":0,"ieogrado22":0,"ieogrado23":0,"ieogrado24":0,"ieogrado25":0,"ieogrado26":0,"ieogrado41":0,"ieogrado42":0,"ieogrado43":0,"ieogrado44":0,"ieogrado45":0,"ieogrado99":0,"ieomatrtot":149,"ieoestrat0":0,"ieoestrat1":10,"ieoestrat2":20,"ieoestrat3":108,"ieoestrat4":1,"ieoestrat5":0,"ieoestrat6":0,"ieoestrat9":10,"ieofemen":72,"ieomascul":77,"ieoalgdisc":1,"ieonarp":4,"ieoindigen":2,"ieofecha":"2024-04-03Z"}},{"type":"Feature","id":"esf_establecimiento_educativo.fid--215d4958_1a0d9e21907_-762f","geometry":{"type":"Point","coordinates":[-76.48133986,3.42813582]},"geometry_name":"the_geom","properties":{"gid":157,"eecoddane":"176001027001","eenomins":"Institucion Educativa  Monseñor Ramon Arcila","eecodanant":"176001027001","eeconsede":"17600102700100","eenomsede":"Institucion Educativa Monseñor Ramon Arcila - Sede Principal","eeidclasede":"PRIN","eeclasede":"Principal","eeidestado":"OF","eeestado":"Oficial","eedirecc":"IND DG 26I3 T 80 A 18","eenomcorto":"IE  Monseñor Ramon Arcila","eeidestado2":"IEOOF","eeestado2":"IEO - Oficial","eeidcomcor":"14","ecrcomcor":"Comuna 14","eeidbarver":"1405","eebarver":"José Manuel Marroquín II","eefecact":"2023-06-30Z","ieogrado_2":0,"ieogrado_1":0,"ieogrado0":0,"ieogrado1":0,"ieogrado2":0,"ieogrado3":0,"ieogrado4":0,"ieogrado5":0,"ieogrado6":0,"ieogrado7":0,"ieogrado8":245,"ieogrado9":255,"ieogrado10":228,"ieogrado11":146,"ieogrado21":0,"ieogrado22":17,"ieogrado23":50,"ieogrado24":74,"ieogrado25":73,"ieogrado26":0,"ieogrado41":0,"ieogrado42":0,"ieogrado43":0,"ieogrado44":0,"ieogrado45":0,"ieogrado99":0,"ieomatrtot":1088,"ieoestrat0":23,"ieoestrat1":792,"ieoestrat2":247,"ieoestrat3":23,"ieoestrat4":0,"ieoestrat5":1,"ieoestrat6":0,"ieoestrat9":2,"ieofemen":613,"ieomascul":475,"ieoalgdisc":16,"ieonarp":512,"ieoindigen":4,"ieofecha":"2024-04-03Z"}},{"type":"Feature","id":"esf_establecimiento_educativo.fid--215d4958_1a0d9e21907_-762e","geometry":{"type":"Point","coordinates":[-76.46372811,3.42831685]},"geometry_name":"the_geom","properties":{"gid":158,"eecoddane":"176001800052","eenomins":"Institucion Educativa Llano Verde","eecodanant":"176001800117","eeconsede":"17600180005200","eenomsede":"San Felipe","eeidclasede":"SEDE","eeclasede":"Sede","eeidestado":"MC","eeestado":"Matricula contratada","eedirecc":"CL 119 KR 23 EQSQUINA","eenomcorto":"SD San Felipe","eeidestado2":"SEDMC","eeestado2":"Sede - Matricula Contratada","eeidcomcor":"21","ecrcomcor":"Comuna 21","eeidbarver":"2106","eebarver":"Desepaz Invicali","eefecact":"2023-06-30Z","ieogrado_2":0,"ieogrado_1":0,"ieogrado0":96,"ieogrado1":121,"ieogrado2":137,"ieogrado3":92,"ieogrado4":92,"ieogrado5":95,"ieogrado6":140,"ieogrado7":123,"ieogrado8":120,"ieogrado9":126,"ieogrado10":113,"ieogrado11":105,"ieogrado21":4,"ieogrado22":5,"ieogrado23":12,"ieogrado24":26,"ieogrado25":26,"ieogrado26":29,"ieogrado41":0,"ieogrado42":0,"ieogrado43":0,"ieogrado44":0,"ieogrado45":0,"ieogrado99":0,"ieomatrtot":1462,"ieoestrat0":34,"ieoestrat1":1172,"ieoestrat2":195,"ieoestrat3":31,"ieoestrat4":2,"ieoestrat5":0,"ieoestrat6":0,"ieoestrat9":28,"ieofemen":740,"ieomascul":722,"ieoalgdisc":19,"ieonarp":206,"ieoindigen":4,"ieofecha":"2024-04-03Z"}},{"type":"Feature","id":"esf_establecimiento_educativo.fid--215d4958_1a0d9e21907_-762d","geometry":{"type":"Point","coordinates":[-76.49485797,3.42901295]},"geometry_name":"the_geom","properties":{"gid":159,"eecoddane":"176001020693","eenomins":"Institucion Educativa Humberto Jordan Mazuera","eecodanant":"176001025962","eeconsede":"17600102069300","eenomsede":"Villablanca","eeidclasede":"SEDE","eeclasede":"Sede","eeidestado":"OF","eeestado":"Oficial","eedirecc":"DG 72 F 28 A 05","eenomcorto":"SD Villablanca","eeidestado2":"SEDOF","eeestado2":"Sede - Oficial","eeidcomcor":"13","ecrcomcor":"Comuna 13","eeidbarver":"1397","eebarver":"Sector Laguna del Pondaje","eefecact":"2023-06-30Z","ieogrado_2":0,"ieogrado_1":0,"ieogrado0":36,"ieogrado1":38,"ieogrado2":42,"ieogrado3":33,"ieogrado4":33,"ieogrado5":26,"ieogrado6":35,"ieogrado7":66,"ieogrado8":47,"ieogrado9":32,"ieogrado10":25,"ieogrado11":15,"ieogrado21":0,"ieogrado22":0,"ieogrado23":0,"ieogrado24":0,"ieogrado25":0,"ieogrado26":0,"ieogrado41":0,"ieogrado42":0,"ieogrado43":0,"ieogrado44":0,"ieogrado45":0,"ieogrado99":56,"ieomatrtot":484,"ieoestrat0":22,"ieoestrat1":212,"ieoestrat2":173,"ieoestrat3":20,"ieoestrat4":0,"ieoestrat5":0,"ieoestrat6":1,"ieoestrat9":56,"ieofemen":241,"ieomascul":243,"ieoalgdisc":4,"ieonarp":173,"ieoindigen":2,"ieofecha":"2024-04-03Z"}},{"type":"Feature","id":"esf_establecimiento_educativo.fid--215d4958_1a0d9e21907_-762c","geometry":{"type":"Point","coordinates":[-76.51209467,3.42943002]},"geometry_name":"the_geom","properties":{"gid":160,"eecoddane":"176001005341","eenomins":"Institucion Educativa Tecnica Ciudad De Cali","eecodanant":"176001800231","eeconsede":"17600100534100","eenomsede":"Centro De Formacion Juvenil Buen Pastor","eeidclasede":"SEDE","eeclasede":"Sede","eeidestado":"OF","eeestado":"Oficial","eedirecc":"IND CL 31A 28M1 - 34","eenomcorto":"SD Centro De Formacion Juvenil Buen Pastor","eeidestado2":"SEDOF","eeestado2":"Sede - Oficial","eeidcomcor":"11","ecrcomcor":"Comuna 11","eeidbarver":"1112","eebarver":"Prados de Oriente","eefecact":"2023-06-30Z","ieogrado_2":0,"ieogrado_1":0,"ieogrado0":0,"ieogrado1":0,"ieogrado2":0,"ieogrado3":0,"ieogrado4":2,"ieogrado5":10,"ieogrado6":31,"ieogrado7":42,"ieogrado8":39,"ieogrado9":28,"ieogrado10":24,"ieogrado11":28,"ieogrado21":0,"ieogrado22":0,"ieogrado23":0,"ieogrado24":0,"ieogrado25":0,"ieogrado26":0,"ieogrado41":0,"ieogrado42":0,"ieogrado43":0,"ieogrado44":0,"ieogrado45":0,"ieogrado99":0,"ieomatrtot":204,"ieoestrat0":3,"ieoestrat1":119,"ieoestrat2":55,"ieoestrat3":10,"ieoestrat4":2,"ieoestrat5":0,"ieoestrat6":0,"ieoestrat9":15,"ieofemen":0,"ieomascul":204,"ieoalgdisc":4,"ieonarp":54,"ieoindigen":0,"ieofecha":"2024-04-03Z"}},{"type":"Feature","id":"esf_establecimiento_educativo.fid--215d4958_1a0d9e21907_-762b","geometry":{"type":"Point","coordinates":[-76.50143,3.43000511]},"geometry_name":"the_geom","properties":{"gid":161,"eecoddane":"176001003918","eenomins":"Institucion Educativa Tecnico Comercial Juan Xxiii","eecodanant":"176001003063","eeconsede":"17600100391800","eenomsede":"Juan Xxiii","eeidclasede":"SEDE","eeclasede":"Sede","eeidestado":"OF","eeestado":"Oficial","eedirecc":"KR 28 C 50 16","eenomcorto":"SD Juan Xxiii","eeidestado2":"SEDOF","eeestado2":"Sede - Oficial","eeidcomcor":"12","ecrcomcor":"Comuna 12","eeidbarver":"1211","eebarver":"Sindical","eefecact":"2023-06-30Z","ieogrado_2":0,"ieogrado_1":0,"ieogrado0":40,"ieogrado1":66,"ieogrado2":64,"ieogrado3":63,"ieogrado4":94,"ieogrado5":78,"ieogrado6":0,"ieogrado7":0,"ieogrado8":0,"ieogrado9":0,"ieogrado10":0,"ieogrado11":0,"ieogrado21":0,"ieogrado22":0,"ieogrado23":0,"ieogrado24":0,"ieogrado25":0,"ieogrado26":0,"ieogrado41":0,"ieogrado42":0,"ieogrado43":0,"ieogrado44":0,"ieogrado45":0,"ieogrado99":0,"ieomatrtot":405,"ieoestrat0":1,"ieoestrat1":18,"ieoestrat2":188,"ieoestrat3":188,"ieoestrat4":1,"ieoestrat5":0,"ieoestrat6":0,"ieoestrat9":9,"ieofemen":196,"ieomascul":209,"ieoalgdisc":5,"ieonarp":11,"ieoindigen":0,"ieofecha":"2024-04-03Z"}},{"type":"Feature","id":"esf_establecimiento_educativo.fid--215d4958_1a0d9e21907_-762a","geometry":{"type":"Point","coordinates":[-76.51489411,3.43015913]},"geometry_name":"the_geom","properties":{"gid":162,"eecoddane":"176001005341","eenomins":"Institucion Educativa Tecnica Ciudad De Cali","eecodanant":"176001003934","eeconsede":"17600100534100","eenomsede":"El Recuerdo","eeidclasede":"SEDE","eeclasede":"Sede","eeidestado":"OF","eeestado":"Oficial","eedirecc":"KR 27 29 25","eenomcorto":"SD El Recuerdo","eeidestado2":"SEDOF","eeestado2":"Sede - Oficial","eeidcomcor":"11","ecrcomcor":"Comuna 11","eeidbarver":"1108","eebarver":"El Recuerdo","eefecact":"2023-06-30Z","ieogrado_2":0,"ieogrado_1":0,"ieogrado0":17,"ieogrado1":36,"ieogrado2":26,"ieogrado3":27,"ieogrado4":31,"ieogrado5":27,"ieogrado6":0,"ieogrado7":0,"ieogrado8":0,"ieogrado9":0,"ieogrado10":0,"ieogrado11":0,"ieogrado21":0,"ieogrado22":0,"ieogrado23":0,"ieogrado24":0,"ieogrado25":0,"ieogrado26":0,"ieogrado41":0,"ieogrado42":0,"ieogrado43":0,"ieogrado44":0,"ieogrado45":0,"ieogrado99":0,"ieomatrtot":164,"ieoestrat0":0,"ieoestrat1":16,"ieoestrat2":64,"ieoestrat3":79,"ieoestrat4":1,"ieoestrat5":0,"ieoestrat6":0,"ieoestrat9":4,"ieofemen":90,"ieomascul":74,"ieoalgdisc":4,"ieonarp":3,"ieoindigen":0,"ieofecha":"2024-04-03Z"}},{"type":"Feature","id":"esf_establecimiento_educativo.fid--215d4958_1a0d9e21907_-7629","geometry":{"type":"Point","coordinates":[-76.50213711,3.43037217]},"geometry_name":"the_geom","properties":{"gid":163,"eecoddane":"176001003918","eenomins":"Institucion Educativa Tecnico Comercial Juan Xxiii","eecodanant":"176001005643","eeconsede":"17600100391800","eenomsede":"Niño Jesus De Praga","eeidclasede":"SEDE","eeclasede":"Sede","eeidestado":"OF","eeestado":"Oficial","eedirecc":"KR 28 C 44 90","eenomcorto":"SD Niño Jesus De Praga","eeidestado2":"SEDOF","eeestado2":"Sede - Oficial","eeidcomcor":"12","ecrcomcor":"Comuna 12","eeidbarver":"1211","eebarver":"Sindical","eefecact":"2023-06-30Z","ieogrado_2":0,"ieogrado_1":0,"ieogrado0":0,"ieogrado1":0,"ieogrado2":0,"ieogrado3":0,"ieogrado4":0,"ieogrado5":0,"ieogrado6":93,"ieogrado7":116,"ieogrado8":79,"ieogrado9":37,"ieogrado10":0,"ieogrado11":0,"ieogrado21":0,"ieogrado22":0,"ieogrado23":13,"ieogrado24":13,"ieogrado25":9,"ieogrado26":0,"ieogrado41":0,"ieogrado42":0,"ieogrado43":0,"ieogrado44":0,"ieogrado45":0,"ieogrado99":0,"ieomatrtot":360,"ieoestrat0":3,"ieoestrat1":32,"ieoestrat2":177,"ieoestrat3":148,"ieoestrat4":0,"ieoestrat5":0,"ieoestrat6":0,"ieoestrat9":0,"ieofemen":179,"ieomascul":181,"ieoalgdisc":5,"ieonarp":37,"ieoindigen":1,"ieofecha":"2024-04-03Z"}},{"type":"Feature","id":"esf_establecimiento_educativo.fid--215d4958_1a0d9e21907_-7628","geometry":{"type":"Point","coordinates":[-76.54007506,3.43145334]},"geometry_name":"the_geom","properties":{"gid":164,"eecoddane":"176001001745","eenomins":"Institucion Educativa  Liceo Departamental","eecodanant":"176001001001","eeconsede":"17600100174500","eenomsede":"Sede La Presentacion","eeidclasede":"SEDE","eeclasede":"Sede","eeidestado":"OF","eeestado":"Oficial","eedirecc":"IND CALLE 5B1#29-06","eenomcorto":"SD La Presentacion","eeidestado2":"SEDOF","eeestado2":"Sede - Oficial","eeidcomcor":"19","ecrcomcor":"Comuna 19","eeidbarver":"1912","eebarver":"3 de Julio","eefecact":"2023-06-30Z","ieogrado_2":0,"ieogrado_1":0,"ieogrado0":28,"ieogrado1":40,"ieogrado2":37,"ieogrado3":36,"ieogrado4":66,"ieogrado5":38,"ieogrado6":0,"ieogrado7":0,"ieogrado8":0,"ieogrado9":0,"ieogrado10":0,"ieogrado11":0,"ieogrado21":0,"ieogrado22":0,"ieogrado23":0,"ieogrado24":0,"ieogrado25":0,"ieogrado26":0,"ieogrado41":0,"ieogrado42":0,"ieogrado43":0,"ieogrado44":0,"ieogrado45":0,"ieogrado99":0,"ieomatrtot":245,"ieoestrat0":0,"ieoestrat1":21,"ieoestrat2":44,"ieoestrat3":87,"ieoestrat4":70,"ieoestrat5":12,"ieoestrat6":0,"ieoestrat9":11,"ieofemen":132,"ieomascul":113,"ieoalgdisc":0,"ieonarp":3,"ieoindigen":1,"ieofecha":"2024-04-03Z"}},{"type":"Feature","id":"esf_establecimiento_educativo.fid--215d4958_1a0d9e21907_-7627","geometry":{"type":"Point","coordinates":[-76.47474083,3.43146635]},"geometry_name":"the_geom","properties":{"gid":165,"eecoddane":"176001014359","eenomins":"Institucion Educativa La Anunciacion","eecodanant":"176001030117","eeconsede":"17600101435900","eenomsede":"Puerta Del Sol","eeidclasede":"SEDE","eeclasede":"Sede","eeidestado":"OF","eeestado":"Oficial","eedirecc":"CL 84 26 C 04","eenomcorto":"SD Puerta Del Sol","eeidestado2":"SEDOF","eeestado2":"Sede - Oficial","eeidcomcor":"14","ecrcomcor":"Comuna 14","eeidbarver":"1499","eebarver":"Los Naranjos II","eefecact":"2023-06-30Z","ieogrado_2":0,"ieogrado_1":0,"ieogrado0":57,"ieogrado1":75,"ieogrado2":67,"ieogrado3":71,"ieogrado4":66,"ieogrado5":63,"ieogrado6":81,"ieogrado7":75,"ieogrado8":54,"ieogrado9":39,"ieogrado10":34,"ieogrado11":35,"ieogrado21":0,"ieogrado22":0,"ieogrado23":0,"ieogrado24":0,"ieogrado25":0,"ieogrado26":0,"ieogrado41":0,"ieogrado42":0,"ieogrado43":0,"ieogrado44":0,"ieogrado45":0,"ieogrado99":0,"ieomatrtot":717,"ieoestrat0":2,"ieoestrat1":619,"ieoestrat2":88,"ieoestrat3":2,"ieoestrat4":0,"ieoestrat5":0,"ieoestrat6":0,"ieoestrat9":6,"ieofemen":356,"ieomascul":361,"ieoalgdisc":5,"ieonarp":272,"ieoindigen":4,"ieofecha":"2024-04-03Z"}},{"type":"Feature","id":"esf_establecimiento_educativo.fid--215d4958_1a0d9e21907_-7626","geometry":{"type":"Point","coordinates":[-76.51826164,3.43169938]},"geometry_name":"the_geom","properties":{"gid":166,"eecoddane":"176001002881","eenomins":"Institucion Educativa Tecnico Industrial Diez De  Mayo","eecodanant":"176001002881","eeconsede":"17600100288100","eenomsede":"Institucion Educativa Tecnico Industrial Diez De Mayo - Sede Principal","eeidclasede":"PRIN","eeclasede":"Principal","eeidestado":"OF","eeestado":"Oficial","eedirecc":"KR 25 A 26 A 13","eenomcorto":"IETI Diez De  Mayo","eeidestado2":"IEOOF","eeestado2":"IEO - Oficial","eeidcomcor":"11","ecrcomcor":"Comuna 11","eeidbarver":"1109","eebarver":"Aguablanca","eefecact":"2023-06-30Z","ieogrado_2":0,"ieogrado_1":0,"ieogrado0":0,"ieogrado1":0,"ieogrado2":27,"ieogrado3":70,"ieogrado4":90,"ieogrado5":101,"ieogrado6":159,"ieogrado7":136,"ieogrado8":141,"ieogrado9":148,"ieogrado10":141,"ieogrado11":129,"ieogrado21":0,"ieogrado22":3,"ieogrado23":9,"ieogrado24":25,"ieogrado25":23,"ieogrado26":0,"ieogrado41":0,"ieogrado42":0,"ieogrado43":0,"ieogrado44":0,"ieogrado45":0,"ieogrado99":0,"ieomatrtot":1202,"ieoestrat0":10,"ieoestrat1":159,"ieoestrat2":349,"ieoestrat3":660,"ieoestrat4":1,"ieoestrat5":1,"ieoestrat6":0,"ieoestrat9":22,"ieofemen":587,"ieomascul":615,"ieoalgdisc":15,"ieonarp":113,"ieoindigen":10,"ieofecha":"2024-04-03Z"}},{"type":"Feature","id":"esf_establecimiento_educativo.fid--215d4958_1a0d9e21907_-7625","geometry":{"type":"Point","coordinates":[-76.50901719,3.43178639]},"geometry_name":"the_geom","properties":{"gid":167,"eecoddane":"176001002911","eenomins":"Institucion Educativa Eva Riascos Plata","eecodanant":"176001004264","eeconsede":"17600100291100","eenomsede":"Hernando Caicedo","eeidclasede":"SEDE","eeclasede":"Sede","eeidestado":"OF","eeestado":"Oficial","eedirecc":"IND TRANSVERSAL 29 32 66","eenomcorto":"SD Hernando Caicedo","eeidestado2":"SEDOF","eeestado2":"Sede - Oficial","eeidcomcor":"12","ecrcomcor":"Comuna 12","eeidbarver":"1201","eebarver":"Villanueva","eefecact":"2023-06-30Z","ieogrado_2":0,"ieogrado_1":22,"ieogrado0":23,"ieogrado1":34,"ieogrado2":28,"ieogrado3":38,"ieogrado4":30,"ieogrado5":33,"ieogrado6":0,"ieogrado7":0,"ieogrado8":0,"ieogrado9":0,"ieogrado10":0,"ieogrado11":0,"ieogrado21":0,"ieogrado22":0,"ieogrado23":4,"ieogrado24":14,"ieogrado25":17,"ieogrado26":0,"ieogrado41":0,"ieogrado42":0,"ieogrado43":0,"ieogrado44":0,"ieogrado45":0,"ieogrado99":0,"ieomatrtot":243,"ieoestrat0":3,"ieoestrat1":27,"ieoestrat2":172,"ieoestrat3":39,"ieoestrat4":0,"ieoestrat5":0,"ieoestrat6":0,"ieoestrat9":2,"ieofemen":109,"ieomascul":134,"ieoalgdisc":8,"ieonarp":9,"ieoindigen":0,"ieofecha":"2024-04-03Z"}},{"type":"Feature","id":"esf_establecimiento_educativo.fid--215d4958_1a0d9e21907_-7624","geometry":{"type":"Point","coordinates":[-76.52507471,3.4318544]},"geometry_name":"the_geom","properties":{"gid":168,"eecoddane":"176001005716","eenomins":"Institucion Educativa Joaquin De Caycedo Y Cuero","eecodanant":"176001004710","eeconsede":"17600100571600","eenomsede":"General Carlos Alban","eeidclasede":"SEDE","eeclasede":"Sede","eeidestado":"OF","eeestado":"Oficial","eedirecc":"CL 18 A 24 65","eenomcorto":"SD General Carlos Alban","eeidestado2":"SEDOF","eeestado2":"Sede - Oficial","eeidcomcor":"10","ecrcomcor":"Comuna 10","eeidbarver":"1004","eebarver":"Santa Elena","eefecact":"2023-06-30Z","ieogrado_2":0,"ieogrado_1":0,"ieogrado0":24,"ieogrado1":27,"ieogrado2":25,"ieogrado3":58,"ieogrado4":31,"ieogrado5":21,"ieogrado6":0,"ieogrado7":0,"ieogrado8":0,"ieogrado9":0,"ieogrado10":0,"ieogrado11":0,"ieogrado21":0,"ieogrado22":0,"ieogrado23":0,"ieogrado24":0,"ieogrado25":0,"ieogrado26":0,"ieogrado41":0,"ieogrado42":0,"ieogrado43":0,"ieogrado44":0,"ieogrado45":0,"ieogrado99":0,"ieomatrtot":186,"ieoestrat0":0,"ieoestrat1":0,"ieoestrat2":14,"ieoestrat3":169,"ieoestrat4":0,"ieoestrat5":0,"ieoestrat6":0,"ieoestrat9":3,"ieofemen":73,"ieomascul":113,"ieoalgdisc":2,"ieonarp":9,"ieoindigen":0,"ieofecha":"2024-04-03Z"}},{"type":"Feature","id":"esf_establecimiento_educativo.fid--215d4958_1a0d9e21907_-7623","geometry":{"type":"Point","coordinates":[-76.514188,3.43214045]},"geometry_name":"the_geom","properties":{"gid":169,"eecoddane":"176001005341","eenomins":"Institucion Educativa Tecnica Ciudad De Cali","eecodanant":"176001005341","eeconsede":"17600100534100","eenomsede":"Institucion Educativa Tecnica Ciudad De Cali","eeidclasede":"PRIN","eeclasede":"Principal","eeidestado":"OF","eeestado":"Oficial","eedirecc":"CL 30 25 00","eenomcorto":"IE Tecnica Ciudad De Cali","eeidestado2":"IEOOF","eeestado2":"IEO - Oficial","eeidcomcor":"11","ecrcomcor":"Comuna 11","eeidbarver":"1112","eebarver":"Prados de Oriente","eefecact":"2023-06-30Z","ieogrado_2":0,"ieogrado_1":0,"ieogrado0":0,"ieogrado1":0,"ieogrado2":0,"ieogrado3":0,"ieogrado4":0,"ieogrado5":0,"ieogrado6":90,"ieogrado7":65,"ieogrado8":99,"ieogrado9":81,"ieogrado10":129,"ieogrado11":112,"ieogrado21":0,"ieogrado22":75,"ieogrado23":69,"ieogrado24":96,"ieogrado25":119,"ieogrado26":0,"ieogrado41":0,"ieogrado42":0,"ieogrado43":0,"ieogrado44":0,"ieogrado45":0,"ieogrado99":0,"ieomatrtot":935,"ieoestrat0":14,"ieoestrat1":206,"ieoestrat2":458,"ieoestrat3":206,"ieoestrat4":4,"ieoestrat5":1,"ieoestrat6":1,"ieoestrat9":45,"ieofemen":340,"ieomascul":595,"ieoalgdisc":12,"ieonarp":79,"ieoindigen":7,"ieofecha":"2024-04-03Z"}},{"type":"Feature","id":"esf_establecimiento_educativo.fid--215d4958_1a0d9e21907_-7622","geometry":{"type":"Point","coordinates":[-76.53019251,3.43239349]},"geometry_name":"the_geom","properties":{"gid":170,"eecoddane":"176001005716","eenomins":"Institucion Educativa Joaquin De Caycedo Y Cuero","eecodanant":"176001004701","eeconsede":"17600100571600","eenomsede":"Camilo Torres","eeidclasede":"SEDE","eeclasede":"Sede","eeidestado":"OF","eeestado":"Oficial","eedirecc":"KR 24 10 A 98","eenomcorto":"SD Camilo Torres","eeidestado2":"SEDOF","eeestado2":"Sede - Oficial","eeidcomcor":"19","ecrcomcor":"Comuna 19","eeidbarver":"1915","eebarver":"Urbanización Colseguros","eefecact":"2023-06-30Z","ieogrado_2":0,"ieogrado_1":0,"ieogrado0":15,"ieogrado1":27,"ieogrado2":30,"ieogrado3":28,"ieogrado4":32,"ieogrado5":32,"ieogrado6":0,"ieogrado7":30,"ieogrado8":26,"ieogrado9":0,"ieogrado10":92,"ieogrado11":87,"ieogrado21":0,"ieogrado22":0,"ieogrado23":0,"ieogrado24":0,"ieogrado25":0,"ieogrado26":0,"ieogrado41":0,"ieogrado42":0,"ieogrado43":0,"ieogrado44":0,"ieogrado45":0,"ieogrado99":0,"ieomatrtot":399,"ieoestrat0":0,"ieoestrat1":3,"ieoestrat2":56,"ieoestrat3":328,"ieoestrat4":12,"ieoestrat5":0,"ieoestrat6":0,"ieoestrat9":0,"ieofemen":173,"ieomascul":226,"ieoalgdisc":7,"ieonarp":30,"ieoindigen":2,"ieofecha":"2024-04-03Z"}},{"type":"Feature","id":"esf_establecimiento_educativo.fid--215d4958_1a0d9e21907_-7621","geometry":{"type":"Point","coordinates":[-76.48725078,3.43253052]},"geometry_name":"the_geom","properties":{"gid":171,"eecoddane":"176001024273","eenomins":"Institucion Educativa  Jesus Villafane Franco","eecodanant":"176001024273","eeconsede":"17600102427300","eenomsede":"Institucion Educativa Jesus Villafane Franco - Sede Principal","eeidclasede":"PRIN","eeclasede":"Principal","eeidestado":"OF","eeestado":"Oficial","eedirecc":"IND CL 72 P TRANSV. 72 S ESQUINA","eenomcorto":"IE  Jesus Villafane Franco","eeidestado2":"IEOOF","eeestado2":"IEO - Oficial","eeidcomcor":"13","ecrcomcor":"Comuna 13","eeidbarver":"1397","eebarver":"Sector Laguna del Pondaje","eefecact":"2023-06-30Z","ieogrado_2":0,"ieogrado_1":0,"ieogrado0":73,"ieogrado1":108,"ieogrado2":106,"ieogrado3":87,"ieogrado4":83,"ieogrado5":65,"ieogrado6":133,"ieogrado7":99,"ieogrado8":100,"ieogrado9":95,"ieogrado10":76,"ieogrado11":72,"ieogrado21":0,"ieogrado22":17,"ieogrado23":20,"ieogrado24":18,"ieogrado25":35,"ieogrado26":0,"ieogrado41":0,"ieogrado42":0,"ieogrado43":0,"ieogrado44":0,"ieogrado45":0,"ieogrado99":24,"ieomatrtot":1211,"ieoestrat0":40,"ieoestrat1":551,"ieoestrat2":584,"ieoestrat3":26,"ieoestrat4":0,"ieoestrat5":0,"ieoestrat6":0,"ieoestrat9":10,"ieofemen":637,"ieomascul":574,"ieoalgdisc":16,"ieonarp":959,"ieoindigen":6,"ieofecha":"2024-04-03Z"}},{"type":"Feature","id":"esf_establecimiento_educativo.fid--215d4958_1a0d9e21907_-7620","geometry":{"type":"Point","coordinates":[-76.51111352,3.43263553]},"geometry_name":"the_geom","properties":{"gid":172,"eecoddane":"176001002911","eenomins":"Institucion Educativa Eva Riascos Plata","eecodanant":"176001002911","eeconsede":"17600100291100","eenomsede":"Institucion Educativa Eva Riascos Plata - Sede Principal","eeidclasede":"PRIN","eeclasede":"Principal","eeidestado":"OF","eeestado":"Oficial","eedirecc":"IND TRANVERSAL 25 NO 31B 69","eenomcorto":"IE Eva Riascos Plata","eeidestado2":"IEOOF","eeestado2":"IEO - Oficial","eeidcomcor":"12","ecrcomcor":"Comuna 12","eeidbarver":"1201","eebarver":"Villanueva","eefecact":"2023-06-30Z","ieogrado_2":0,"ieogrado_1":0,"ieogrado0":0,"ieogrado1":0,"ieogrado2":0,"ieogrado3":0,"ieogrado4":0,"ieogrado5":54,"ieogrado6":97,"ieogrado7":111,"ieogrado8":99,"ieogrado9":95,"ieogrado10":77,"ieogrado11":46,"ieogrado21":0,"ieogrado22":0,"ieogrado23":0,"ieogrado24":0,"ieogrado25":0,"ieogrado26":0,"ieogrado41":0,"ieogrado42":0,"ieogrado43":0,"ieogrado44":0,"ieogrado45":0,"ieogrado99":0,"ieomatrtot":579,"ieoestrat0":7,"ieoestrat1":74,"ieoestrat2":388,"ieoestrat3":106,"ieoestrat4":0,"ieoestrat5":0,"ieoestrat6":0,"ieoestrat9":4,"ieofemen":290,"ieomascul":289,"ieoalgdisc":11,"ieonarp":59,"ieoindigen":5,"ieofecha":"2024-04-03Z"}},{"type":"Feature","id":"esf_establecimiento_educativo.fid--215d4958_1a0d9e21907_-761f","geometry":{"type":"Point","coordinates":[-76.49972273,3.43273455]},"geometry_name":"the_geom","properties":{"gid":173,"eecoddane":"176001002555","eenomins":"Institucion Educativa Tecnica Comercial Hernando Navia Varon","eecodanant":"176001002555","eeconsede":"17600100255500","eenomsede":"Institucion Educativa Tecnica Comercial Hernando Navia Varon - Sede Principal","eeidclasede":"PRIN","eeclasede":"Principal","eeidestado":"OF","eeestado":"Oficial","eedirecc":"KR 26 P 50 39","eenomcorto":"IETIC Hernando Navia Varon","eeidestado2":"IEOOF","eeestado2":"IEO - Oficial","eeidcomcor":"12","ecrcomcor":"Comuna 12","eeidbarver":"1207","eebarver":"Nueva Floresta","eefecact":"2023-06-30Z","ieogrado_2":0,"ieogrado_1":0,"ieogrado0":0,"ieogrado1":0,"ieogrado2":0,"ieogrado3":0,"ieogrado4":0,"ieogrado5":0,"ieogrado6":137,"ieogrado7":117,"ieogrado8":140,"ieogrado9":111,"ieogrado10":135,"ieogrado11":85,"ieogrado21":5,"ieogrado22":6,"ieogrado23":17,"ieogrado24":43,"ieogrado25":53,"ieogrado26":0,"ieogrado41":0,"ieogrado42":0,"ieogrado43":0,"ieogrado44":0,"ieogrado45":0,"ieogrado99":0,"ieomatrtot":849,"ieoestrat0":6,"ieoestrat1":209,"ieoestrat2":386,"ieoestrat3":246,"ieoestrat4":1,"ieoestrat5":0,"ieoestrat6":1,"ieoestrat9":0,"ieofemen":432,"ieomascul":417,"ieoalgdisc":6,"ieonarp":164,"ieoindigen":4,"ieofecha":"2024-04-03Z"}},{"type":"Feature","id":"esf_establecimiento_educativo.fid--215d4958_1a0d9e21907_-761e","geometry":{"type":"Point","coordinates":[-76.50405441,3.43293958]},"geometry_name":"the_geom","properties":{"gid":174,"eecoddane":"176001003918","eenomins":"Institucion Educativa Tecnico Comercial Juan Xxiii","eecodanant":"176001003004","eeconsede":"17600100391800","eenomsede":"Bello Horizonte","eeidclasede":"SEDE","eeclasede":"Sede","eeidestado":"OF","eeestado":"Oficial","eedirecc":"CL 36 A 27 A 30","eenomcorto":"SD Bello Horizonte","eeidestado2":"SEDOF","eeestado2":"Sede - Oficial","eeidcomcor":"12","ecrcomcor":"Comuna 12","eeidbarver":"1212","eebarver":"Bello Horizonte","eefecact":"2023-06-30Z","ieogrado_2":0,"ieogrado_1":0,"ieogrado0":17,"ieogrado1":22,"ieogrado2":31,"ieogrado3":25,"ieogrado4":0,"ieogrado5":0,"ieogrado6":0,"ieogrado7":0,"ieogrado8":0,"ieogrado9":0,"ieogrado10":0,"ieogrado11":0,"ieogrado21":0,"ieogrado22":0,"ieogrado23":0,"ieogrado24":0,"ieogrado25":0,"ieogrado26":0,"ieogrado41":0,"ieogrado42":0,"ieogrado43":0,"ieogrado44":0,"ieogrado45":0,"ieogrado99":0,"ieomatrtot":95,"ieoestrat0":1,"ieoestrat1":3,"ieoestrat2":49,"ieoestrat3":34,"ieoestrat4":0,"ieoestrat5":0,"ieoestrat6":0,"ieoestrat9":8,"ieofemen":46,"ieomascul":49,"ieoalgdisc":2,"ieonarp":2,"ieoindigen":0,"ieofecha":"2024-04-03Z"}},{"type":"Feature","id":"esf_establecimiento_educativo.fid--215d4958_1a0d9e21907_-761d","geometry":{"type":"Point","coordinates":[-76.47987363,3.43302059]},"geometry_name":"the_geom","properties":{"gid":175,"eecoddane":"176001014359","eenomins":"Institucion Educativa La Anunciacion","eecodanant":"176001028040","eeconsede":"17600101435900","eenomsede":"Los Naranjos","eeidclasede":"SEDE","eeclasede":"Sede","eeidestado":"OF","eeestado":"Oficial","eedirecc":"IND CR 23 G3 78 00","eenomcorto":"SD Los Naranjos","eeidestado2":"SEDOF","eeestado2":"Sede - Oficial","eeidcomcor":"14","ecrcomcor":"Comuna 14","eeidbarver":"1496","eebarver":"Los Naranjos","eefecact":"2023-06-30Z","ieogrado_2":0,"ieogrado_1":0,"ieogrado0":44,"ieogrado1":74,"ieogrado2":73,"ieogrado3":74,"ieogrado4":61,"ieogrado5":51,"ieogrado6":0,"ieogrado7":0,"ieogrado8":0,"ieogrado9":0,"ieogrado10":0,"ieogrado11":0,"ieogrado21":0,"ieogrado22":0,"ieogrado23":0,"ieogrado24":0,"ieogrado25":0,"ieogrado26":0,"ieogrado41":0,"ieogrado42":0,"ieogrado43":0,"ieogrado44":0,"ieogrado45":0,"ieogrado99":0,"ieomatrtot":377,"ieoestrat0":0,"ieoestrat1":320,"ieoestrat2":52,"ieoestrat3":1,"ieoestrat4":0,"ieoestrat5":0,"ieoestrat6":0,"ieoestrat9":4,"ieofemen":184,"ieomascul":193,"ieoalgdisc":1,"ieonarp":98,"ieoindigen":0,"ieofecha":"2024-04-03Z"}},{"type":"Feature","id":"esf_establecimiento_educativo.fid--215d4958_1a0d9e21907_-761c","geometry":{"type":"Point","coordinates":[-76.49866357,3.43318862]},"geometry_name":"the_geom","properties":{"gid":176,"eecoddane":"176001002555","eenomins":"Institucion Educativa Tecnica Comercial Hernando Navia Varon","eecodanant":"176001002890","eeconsede":"17600100255500","eenomsede":"Fray Jose Ignacio Ortiz","eeidclasede":"SEDE","eeclasede":"Sede","eeidestado":"OF","eeestado":"Oficial","eedirecc":"KR 26 52 58","eenomcorto":"SD Fray Jose Ignacio Ortiz","eeidestado2":"SEDOF","eeestado2":"Sede - Oficial","eeidcomcor":"12","ecrcomcor":"Comuna 12","eeidbarver":"1207","eebarver":"Nueva Floresta","eefecact":"2023-06-30Z","ieogrado_2":0,"ieogrado_1":0,"ieogrado0":73,"ieogrado1":96,"ieogrado2":99,"ieogrado3":110,"ieogrado4":94,"ieogrado5":98,"ieogrado6":0,"ieogrado7":0,"ieogrado8":0,"ieogrado9":0,"ieogrado10":0,"ieogrado11":0,"ieogrado21":0,"ieogrado22":0,"ieogrado23":0,"ieogrado24":0,"ieogrado25":0,"ieogrado26":0,"ieogrado41":0,"ieogrado42":0,"ieogrado43":0,"ieogrado44":0,"ieogrado45":0,"ieogrado99":0,"ieomatrtot":570,"ieoestrat0":3,"ieoestrat1":97,"ieoestrat2":259,"ieoestrat3":203,"ieoestrat4":0,"ieoestrat5":0,"ieoestrat6":0,"ieoestrat9":8,"ieofemen":291,"ieomascul":279,"ieoalgdisc":2,"ieonarp":39,"ieoindigen":0,"ieofecha":"2024-04-03Z"}},{"type":"Feature","id":"esf_establecimiento_educativo.fid--215d4958_1a0d9e21907_-761b","geometry":{"type":"Point","coordinates":[-76.51771855,3.43323362]},"geometry_name":"the_geom","properties":{"gid":177,"eecoddane":"176001002881","eenomins":"Institucion Educativa Tecnico Industrial Diez De  Mayo","eecodanant":"176001002784","eeconsede":"17600100288100","eenomsede":"Republica De Italia","eeidclasede":"SEDE","eeclasede":"Sede","eeidestado":"OF","eeestado":"Oficial","eedirecc":"KR 24 B CL 26 B","eenomcorto":"SD Republica De Italia","eeidestado2":"SEDOF","eeestado2":"Sede - Oficial","eeidcomcor":"11","ecrcomcor":"Comuna 11","eeidbarver":"1109","eebarver":"Aguablanca","eefecact":"2023-06-30Z","ieogrado_2":0,"ieogrado_1":33,"ieogrado0":64,"ieogrado1":95,"ieogrado2":50,"ieogrado3":34,"ieogrado4":0,"ieogrado5":0,"ieogrado6":0,"ieogrado7":0,"ieogrado8":0,"ieogrado9":0,"ieogrado10":0,"ieogrado11":0,"ieogrado21":0,"ieogrado22":0,"ieogrado23":0,"ieogrado24":0,"ieogrado25":0,"ieogrado26":0,"ieogrado41":0,"ieogrado42":0,"ieogrado43":0,"ieogrado44":0,"ieogrado45":0,"ieogrado99":0,"ieomatrtot":276,"ieoestrat0":0,"ieoestrat1":20,"ieoestrat2":54,"ieoestrat3":197,"ieoestrat4":0,"ieoestrat5":0,"ieoestrat6":0,"ieoestrat9":5,"ieofemen":127,"ieomascul":149,"ieoalgdisc":0,"ieonarp":28,"ieoindigen":0,"ieofecha":"2024-04-03Z"}},{"type":"Feature","id":"esf_establecimiento_educativo.fid--215d4958_1a0d9e21907_-761a","geometry":{"type":"Point","coordinates":[-76.50921222,3.43386072]},"geometry_name":"the_geom","properties":{"gid":178,"eecoddane":"176001002911","eenomins":"Institucion Educativa Eva Riascos Plata","eecodanant":"176001002849","eeconsede":"17600100291100","eenomsede":"Alfonso Barberena","eeidclasede":"SEDE","eeclasede":"Sede","eeidestado":"OF","eeestado":"Oficial","eedirecc":"CL 33 C 25 BIS 00","eenomcorto":"SD Alfonso Barberena","eeidestado2":"SEDOF","eeestado2":"Sede - Oficial","eeidcomcor":"12","ecrcomcor":"Comuna 12","eeidbarver":"1204","eebarver":"Alfonso Barberena A.","eefecact":"2023-06-30Z","ieogrado_2":0,"ieogrado_1":22,"ieogrado0":76,"ieogrado1":101,"ieogrado2":82,"ieogrado3":99,"ieogrado4":63,"ieogrado5":23,"ieogrado6":0,"ieogrado7":0,"ieogrado8":0,"ieogrado9":0,"ieogrado10":0,"ieogrado11":0,"ieogrado21":0,"ieogrado22":0,"ieogrado23":0,"ieogrado24":0,"ieogrado25":0,"ieogrado26":0,"ieogrado41":0,"ieogrado42":0,"ieogrado43":0,"ieogrado44":0,"ieogrado45":0,"ieogrado99":0,"ieomatrtot":466,"ieoestrat0":5,"ieoestrat1":45,"ieoestrat2":318,"ieoestrat3":84,"ieoestrat4":2,"ieoestrat5":0,"ieoestrat6":0,"ieoestrat9":12,"ieofemen":214,"ieomascul":252,"ieoalgdisc":8,"ieonarp":9,"ieoindigen":1,"ieofecha":"2024-04-03Z"}},{"type":"Feature","id":"esf_establecimiento_educativo.fid--215d4958_1a0d9e21907_-7619","geometry":{"type":"Point","coordinates":[-76.49218555,3.43406976]},"geometry_name":"the_geom","properties":{"gid":179,"eecoddane":"176001020693","eenomins":"Institucion Educativa Humberto Jordan Mazuera","eecodanant":"176001020693","eeconsede":"17600102069300","eenomsede":"Institucion Educativa Humberto Jordan Mazuera - Sede Principal","eeidclasede":"PRIN","eeclasede":"Principal","eeidestado":"OF","eeestado":"Oficial","eedirecc":"IND KR 26 I NO 72H2 - 25","eenomcorto":"IE Humberto Jordan Mazuera","eeidestado2":"IEOOF","eeestado2":"IEO - Oficial","eeidcomcor":"13","ecrcomcor":"Comuna 13","eeidbarver":"1306","eebarver":"Ricardo Balcázar","eefecact":"2023-06-30Z","ieogrado_2":0,"ieogrado_1":0,"ieogrado0":54,"ieogrado1":73,"ieogrado2":68,"ieogrado3":68,"ieogrado4":69,"ieogrado5":62,"ieogrado6":73,"ieogrado7":99,"ieogrado8":80,"ieogrado9":41,"ieogrado10":62,"ieogrado11":64,"ieogrado21":0,"ieogrado22":24,"ieogrado23":37,"ieogrado24":50,"ieogrado25":50,"ieogrado26":0,"ieogrado41":0,"ieogrado42":0,"ieogrado43":0,"ieogrado44":0,"ieogrado45":0,"ieogrado99":29,"ieomatrtot":1003,"ieoestrat0":11,"ieoestrat1":259,"ieoestrat2":557,"ieoestrat3":156,"ieoestrat4":0,"ieoestrat5":1,"ieoestrat6":0,"ieoestrat9":19,"ieofemen":502,"ieomascul":501,"ieoalgdisc":23,"ieonarp":314,"ieoindigen":1,"ieofecha":"2024-04-03Z"}},{"type":"Feature","id":"esf_establecimiento_educativo.fid--215d4958_1a0d9e21907_-7618","geometry":{"type":"Point","coordinates":[-76.51372693,3.4349919]},"geometry_name":"the_geom","properties":{"gid":180,"eecoddane":"176001005341","eenomins":"Institucion Educativa Tecnica Ciudad De Cali","eecodanant":"176001002938","eeconsede":"17600100534100","eenomsede":"General Alfredo Vasquez Cobo","eeidclasede":"SEDE","eeclasede":"Sede","eeidestado":"OF","eeestado":"Oficial","eedirecc":"DG 23 25 T 25","eenomcorto":"SD General Alfredo Vasquez Cobo","eeidestado2":"SEDOF","eeestado2":"Sede - Oficial","eeidcomcor":"11","ecrcomcor":"Comuna 11","eeidbarver":"1111","eebarver":"20 de Julio","eefecact":"2023-06-30Z","ieogrado_2":0,"ieogrado_1":0,"ieogrado0":14,"ieogrado1":29,"ieogrado2":35,"ieogrado3":31,"ieogrado4":27,"ieogrado5":28,"ieogrado6":29,"ieogrado7":28,"ieogrado8":30,"ieogrado9":21,"ieogrado10":0,"ieogrado11":0,"ieogrado21":0,"ieogrado22":0,"ieogrado23":0,"ieogrado24":0,"ieogrado25":0,"ieogrado26":0,"ieogrado41":0,"ieogrado42":0,"ieogrado43":0,"ieogrado44":0,"ieogrado45":0,"ieogrado99":0,"ieomatrtot":272,"ieoestrat0":2,"ieoestrat1":41,"ieoestrat2":110,"ieoestrat3":118,"ieoestrat4":1,"ieoestrat5":0,"ieoestrat6":0,"ieoestrat9":0,"ieofemen":138,"ieomascul":134,"ieoalgdisc":7,"ieonarp":14,"ieoindigen":1,"ieofecha":"2024-04-03Z"}},{"type":"Feature","id":"esf_establecimiento_educativo.fid--215d4958_1a0d9e21907_-7617","geometry":{"type":"Point","coordinates":[-76.50367055,3.43501152]},"geometry_name":"the_geom","properties":{"gid":181,"eecoddane":"176001002989","eenomins":"Institucion Educativa Industrial Marice Sinisterra","eecodanant":"176001002989","eeconsede":"17600100298900","eenomsede":"Institucion Educativa Industrial  Marice Sinisterra - Sede Principal","eeidclasede":"PRIN","eeclasede":"Principal","eeidestado":"OF","eeestado":"Oficial","eedirecc":"CL 39 25 A 43","eenomcorto":"IE Industrial Marice Sinisterra","eeidestado2":"IEOOF","eeestado2":"IEO - Oficial","eeidcomcor":"12","ecrcomcor":"Comuna 12","eeidbarver":"1210","eebarver":"El Rodeo","eefecact":"2023-06-30Z","ieogrado_2":0,"ieogrado_1":0,"ieogrado0":0,"ieogrado1":27,"ieogrado2":31,"ieogrado3":22,"ieogrado4":24,"ieogrado5":0,"ieogrado6":62,"ieogrado7":52,"ieogrado8":42,"ieogrado9":35,"ieogrado10":30,"ieogrado11":30,"ieogrado21":0,"ieogrado22":0,"ieogrado23":18,"ieogrado24":15,"ieogrado25":17,"ieogrado26":0,"ieogrado41":0,"ieogrado42":0,"ieogrado43":0,"ieogrado44":0,"ieogrado45":0,"ieogrado99":0,"ieomatrtot":405,"ieoestrat0":4,"ieoestrat1":55,"ieoestrat2":286,"ieoestrat3":50,"ieoestrat4":0,"ieoestrat5":0,"ieoestrat6":0,"ieoestrat9":10,"ieofemen":187,"ieomascul":218,"ieoalgdisc":4,"ieonarp":29,"ieoindigen":1,"ieofecha":"2024-04-03Z"}},{"type":"Feature","id":"esf_establecimiento_educativo.fid--215d4958_1a0d9e21907_-7616","geometry":{"type":"Point","coordinates":[-76.52697401,3.43511692]},"geometry_name":"the_geom","properties":{"gid":182,"eecoddane":"176001001753","eenomins":"Institucion Educativa Tecnico Industrial Antonio Jose Camacho","eecodanant":"176001003209","eeconsede":"17600100175300","eenomsede":"Olga Lucia Lloreda","eeidclasede":"SEDE","eeclasede":"Sede","eeidestado":"OF","eeestado":"Oficial","eedirecc":"KR 23 A 13 B 11","eenomcorto":"SD Olga Lucia Lloreda","eeidestado2":"SEDOF","eeestado2":"Sede - Oficial","eeidcomcor":"09","ecrcomcor":"Comuna 09","eeidbarver":"0903","eebarver":"Junín","eefecact":"2023-06-30Z","ieogrado_2":0,"ieogrado_1":0,"ieogrado0":32,"ieogrado1":56,"ieogrado2":44,"ieogrado3":47,"ieogrado4":51,"ieogrado5":44,"ieogrado6":0,"ieogrado7":0,"ieogrado8":0,"ieogrado9":0,"ieogrado10":0,"ieogrado11":0,"ieogrado21":0,"ieogrado22":0,"ieogrado23":0,"ieogrado24":0,"ieogrado25":0,"ieogrado26":0,"ieogrado41":0,"ieogrado42":0,"ieogrado43":0,"ieogrado44":0,"ieogrado45":0,"ieogrado99":0,"ieomatrtot":274,"ieoestrat0":1,"ieoestrat1":37,"ieoestrat2":34,"ieoestrat3":194,"ieoestrat4":3,"ieoestrat5":1,"ieoestrat6":0,"ieoestrat9":4,"ieofemen":116,"ieomascul":158,"ieoalgdisc":3,"ieonarp":2,"ieoindigen":1,"ieofecha":"2024-04-03Z"}},{"type":"Feature","id":"esf_establecimiento_educativo.fid--215d4958_1a0d9e21907_-7615","geometry":{"type":"Point","coordinates":[-76.47121928,3.435591]},"geometry_name":"the_geom","properties":{"gid":183,"eecoddane":"176001800052","eenomins":"Institucion Educativa Llano Verde","eecodanant":"176001800141","eeconsede":"17600180005200","eenomsede":"Nariño","eeidclasede":"SEDE","eeclasede":"Sede","eeidestado":"MC","eeestado":"Matricula contratada","eedirecc":"IND KR 24F 82 90","eenomcorto":"SD Nariño","eeidestado2":"SEDMC","eeestado2":"Sede - Matricula Contratada","eeidcomcor":"21","ecrcomcor":"Comuna 21","eeidbarver":"2198","eebarver":"Valle Grande","eefecact":"2023-06-30Z","ieogrado_2":0,"ieogrado_1":0,"ieogrado0":119,"ieogrado1":145,"ieogrado2":151,"ieogrado3":152,"ieogrado4":148,"ieogrado5":148,"ieogrado6":149,"ieogrado7":154,"ieogrado8":111,"ieogrado9":151,"ieogrado10":119,"ieogrado11":123,"ieogrado21":0,"ieogrado22":0,"ieogrado23":0,"ieogrado24":0,"ieogrado25":0,"ieogrado26":0,"ieogrado41":0,"ieogrado42":0,"ieogrado43":0,"ieogrado44":0,"ieogrado45":0,"ieogrado99":0,"ieomatrtot":1670,"ieoestrat0":13,"ieoestrat1":716,"ieoestrat2":829,"ieoestrat3":59,"ieoestrat4":3,"ieoestrat5":0,"ieoestrat6":0,"ieoestrat9":50,"ieofemen":812,"ieomascul":858,"ieoalgdisc":26,"ieonarp":116,"ieoindigen":4,"ieofecha":"2024-04-03Z"}},{"type":"Feature","id":"esf_establecimiento_educativo.fid--215d4958_1a0d9e21907_-7614","geometry":{"type":"Point","coordinates":[-76.53673873,3.43591213]},"geometry_name":"the_geom","properties":{"gid":184,"eecoddane":"176001001745","eenomins":"Institucion Educativa  Liceo Departamental","eecodanant":"176001004990","eeconsede":"17600100174500","eenomsede":"Sede La Gran Colombia","eeidclasede":"SEDE","eeclasede":"Sede","eeidestado":"OF","eeestado":"Oficial","eedirecc":"KR 24 7 74","eenomcorto":"SD La Gran Colombia","eeidestado2":"SEDOF","eeestado2":"Sede - Oficial","eeidcomcor":"19","ecrcomcor":"Comuna 19","eeidbarver":"1913","eebarver":"El Cedro","eefecact":"2023-06-30Z","ieogrado_2":0,"ieogrado_1":34,"ieogrado0":85,"ieogrado1":104,"ieogrado2":73,"ieogrado3":101,"ieogrado4":89,"ieogrado5":148,"ieogrado6":0,"ieogrado7":0,"ieogrado8":0,"ieogrado9":0,"ieogrado10":0,"ieogrado11":0,"ieogrado21":0,"ieogrado22":0,"ieogrado23":0,"ieogrado24":0,"ieogrado25":0,"ieogrado26":0,"ieogrado41":0,"ieogrado42":0,"ieogrado43":0,"ieogrado44":0,"ieogrado45":0,"ieogrado99":0,"ieomatrtot":634,"ieoestrat0":5,"ieoestrat1":73,"ieoestrat2":166,"ieoestrat3":289,"ieoestrat4":82,"ieoestrat5":4,"ieoestrat6":0,"ieoestrat9":15,"ieofemen":345,"ieomascul":289,"ieoalgdisc":7,"ieonarp":10,"ieoindigen":4,"ieofecha":"2024-04-03Z"}},{"type":"Feature","id":"esf_establecimiento_educativo.fid--215d4958_1a0d9e21907_-7613","geometry":{"type":"Point","coordinates":[-76.49383681,3.43594706]},"geometry_name":"the_geom","properties":{"gid":185,"eecoddane":"176001003161","eenomins":"Institucion Educativa Bartolomé Loboguerrero","eecodanant":"176001003161","eeconsede":"17600100316100","eenomsede":"Institucion Educativa Bartolomé Loboguerrero - Sede Principal","eeidclasede":"PRIN","eeclasede":"Principal","eeidestado":"OF","eeestado":"Oficial","eedirecc":"CL 71 26 E 25","eenomcorto":"IE Bartolomé Loboguerrero","eeidestado2":"IEOOF","eeestado2":"IEO - Oficial","eeidcomcor":"13","ecrcomcor":"Comuna 13","eeidbarver":"1309","eebarver":"Lleras Restrepo","eefecact":"2023-06-30Z","ieogrado_2":0,"ieogrado_1":0,"ieogrado0":0,"ieogrado1":0,"ieogrado2":0,"ieogrado3":0,"ieogrado4":0,"ieogrado5":0,"ieogrado6":165,"ieogrado7":143,"ieogrado8":147,"ieogrado9":123,"ieogrado10":120,"ieogrado11":115,"ieogrado21":0,"ieogrado22":0,"ieogrado23":0,"ieogrado24":21,"ieogrado25":17,"ieogrado26":0,"ieogrado41":0,"ieogrado42":0,"ieogrado43":0,"ieogrado44":0,"ieogrado45":0,"ieogrado99":0,"ieomatrtot":851,"ieoestrat0":16,"ieoestrat1":325,"ieoestrat2":336,"ieoestrat3":167,"ieoestrat4":1,"ieoestrat5":0,"ieoestrat6":0,"ieoestrat9":6,"ieofemen":407,"ieomascul":444,"ieoalgdisc":22,"ieonarp":326,"ieoindigen":2,"ieofecha":"2024-04-03Z"}},{"type":"Feature","id":"esf_establecimiento_educativo.fid--215d4958_1a0d9e21907_-7612","geometry":{"type":"Point","coordinates":[-76.47345905,3.43616518]},"geometry_name":"the_geom","properties":{"gid":186,"eecoddane":"176001030788","eenomins":"Institucion Educativa Tecnica Ciudadela Desepaz","eecodanant":"176001800401","eeconsede":"17600103078800","eenomsede":"Progresando Juntos","eeidclasede":"SEDE","eeclasede":"Sede","eeidestado":"OF","eeestado":"Oficial","eedirecc":"IND KR 82 24 F 30","eenomcorto":"SD Progresando Juntos","eeidestado2":"SEDOF","eeestado2":"Sede - Oficial","eeidcomcor":"21","ecrcomcor":"Comuna 21","eeidbarver":"2198","eebarver":"Valle Grande","eefecact":"2023-06-30Z","ieogrado_2":0,"ieogrado_1":0,"ieogrado0":74,"ieogrado1":76,"ieogrado2":79,"ieogrado3":76,"ieogrado4":45,"ieogrado5":40,"ieogrado6":156,"ieogrado7":141,"ieogrado8":0,"ieogrado9":0,"ieogrado10":0,"ieogrado11":0,"ieogrado21":0,"ieogrado22":0,"ieogrado23":0,"ieogrado24":0,"ieogrado25":0,"ieogrado26":0,"ieogrado41":0,"ieogrado42":0,"ieogrado43":0,"ieogrado44":0,"ieogrado45":0,"ieogrado99":0,"ieomatrtot":687,"ieoestrat0":12,"ieoestrat1":540,"ieoestrat2":102,"ieoestrat3":23,"ieoestrat4":0,"ieoestrat5":1,"ieoestrat6":0,"ieoestrat9":9,"ieofemen":335,"ieomascul":352,"ieoalgdisc":7,"ieonarp":242,"ieoindigen":2,"ieofecha":"2024-04-03Z"}},{"type":"Feature","id":"esf_establecimiento_educativo.fid--215d4958_1a0d9e21907_-7611","geometry":{"type":"Point","coordinates":[-76.49752039,3.4362101]},"geometry_name":"the_geom","properties":{"gid":187,"eecoddane":"176001003951","eenomins":"Institucion Educativa Julio Caicedo Y Tellez","eecodanant":"176001002776","eeconsede":"17600100395100","eenomsede":"Francisco De Paula Santander","eeidclasede":"SEDE","eeclasede":"Sede","eeidestado":"OF","eeestado":"Oficial","eedirecc":"KR 26 H 50 53","eenomcorto":"SD Francisco De Paula Santander","eeidestado2":"SEDOF","eeestado2":"Sede - Oficial","eeidcomcor":"12","ecrcomcor":"Comuna 12","eeidbarver":"1207","eebarver":"Nueva Floresta","eefecact":"2023-06-30Z","ieogrado_2":0,"ieogrado_1":0,"ieogrado0":0,"ieogrado1":59,"ieogrado2":70,"ieogrado3":34,"ieogrado4":36,"ieogrado5":66,"ieogrado6":61,"ieogrado7":66,"ieogrado8":32,"ieogrado9":33,"ieogrado10":64,"ieogrado11":43,"ieogrado21":0,"ieogrado22":0,"ieogrado23":0,"ieogrado24":0,"ieogrado25":0,"ieogrado26":0,"ieogrado41":0,"ieogrado42":0,"ieogrado43":0,"ieogrado44":0,"ieogrado45":0,"ieogrado99":0,"ieomatrtot":564,"ieoestrat0":3,"ieoestrat1":28,"ieoestrat2":198,"ieoestrat3":329,"ieoestrat4":1,"ieoestrat5":0,"ieoestrat6":1,"ieoestrat9":4,"ieofemen":304,"ieomascul":260,"ieoalgdisc":5,"ieonarp":24,"ieoindigen":1,"ieofecha":"2024-04-03Z"}},{"type":"Feature","id":"esf_establecimiento_educativo.fid--215d4958_1a0d9e21907_-7610","geometry":{"type":"Point","coordinates":[-76.53233285,3.43634712]},"geometry_name":"the_geom","properties":{"gid":188,"eecoddane":"176001001753","eenomins":"Institucion Educativa Tecnico Industrial Antonio Jose Camacho","eecodanant":"176001004949","eeconsede":"17600100175300","eenomsede":"Republica Del Peru","eeidclasede":"SEDE","eeclasede":"Sede","eeidestado":"OF","eeestado":"Oficial","eedirecc":"CL 9 E 23 02","eenomcorto":"SD Republica Del Peru","eeidestado2":"SEDOF","eeestado2":"Sede - Oficial","eeidcomcor":"09","ecrcomcor":"Comuna 09","eeidbarver":"0902","eebarver":"Bretaña","eefecact":"2023-06-30Z","ieogrado_2":0,"ieogrado_1":0,"ieogrado0":16,"ieogrado1":59,"ieogrado2":41,"ieogrado3":33,"ieogrado4":50,"ieogrado5":17,"ieogrado6":0,"ieogrado7":0,"ieogrado8":0,"ieogrado9":0,"ieogrado10":0,"ieogrado11":0,"ieogrado21":0,"ieogrado22":0,"ieogrado23":0,"ieogrado24":0,"ieogrado25":0,"ieogrado26":0,"ieogrado41":0,"ieogrado42":0,"ieogrado43":0,"ieogrado44":0,"ieogrado45":0,"ieogrado99":0,"ieomatrtot":216,"ieoestrat0":2,"ieoestrat1":37,"ieoestrat2":23,"ieoestrat3":139,"ieoestrat4":11,"ieoestrat5":2,"ieoestrat6":0,"ieoestrat9":2,"ieofemen":95,"ieomascul":121,"ieoalgdisc":7,"ieonarp":3,"ieoindigen":4,"ieofecha":"2024-04-03Z"}},{"type":"Feature","id":"esf_establecimiento_educativo.fid--215d4958_1a0d9e21907_-760f","geometry":{"type":"Point","coordinates":[-76.52542076,3.43668017]},"geometry_name":"the_geom","properties":{"gid":189,"eecoddane":"176001001702","eenomins":"Institucion Educativa General Alfredo Vasquez Cobo","eecodanant":"176001001702","eeconsede":"17600100170200","eenomsede":"Institucion Educativa General Alfredo Vasquez Cobo","eeidclasede":"PRIN","eeclasede":"Principal","eeidestado":"OF","eeestado":"Oficial","eedirecc":"CL 15 A 22 A 37","eenomcorto":"IE General Alfredo Vasquez Cobo","eeidestado2":"IEOOF","eeestado2":"IEO - Oficial","eeidcomcor":"09","ecrcomcor":"Comuna 09","eeidbarver":"0904","eebarver":"Guayaquil","eefecact":"2023-06-30Z","ieogrado_2":0,"ieogrado_1":0,"ieogrado0":0,"ieogrado1":0,"ieogrado2":0,"ieogrado3":0,"ieogrado4":0,"ieogrado5":0,"ieogrado6":113,"ieogrado7":107,"ieogrado8":102,"ieogrado9":85,"ieogrado10":78,"ieogrado11":59,"ieogrado21":0,"ieogrado22":0,"ieogrado23":0,"ieogrado24":0,"ieogrado25":0,"ieogrado26":0,"ieogrado41":0,"ieogrado42":0,"ieogrado43":0,"ieogrado44":0,"ieogrado45":0,"ieogrado99":0,"ieomatrtot":544,"ieoestrat0":2,"ieoestrat1":120,"ieoestrat2":114,"ieoestrat3":300,"ieoestrat4":6,"ieoestrat5":0,"ieoestrat6":0,"ieoestrat9":2,"ieofemen":280,"ieomascul":264,"ieoalgdisc":9,"ieonarp":35,"ieoindigen":0,"ieofecha":"2024-04-03Z"}},{"type":"Feature","id":"esf_establecimiento_educativo.fid--215d4958_1a0d9e21907_-760e","geometry":{"type":"Point","coordinates":[-76.49980275,3.43702623]},"geometry_name":"the_geom","properties":{"gid":190,"eecoddane":"176001002989","eenomins":"Institucion Educativa Industrial Marice Sinisterra","eecodanant":"176001003861","eeconsede":"17600100298900","eenomsede":"Fenalco Asturias","eeidclasede":"SEDE","eeclasede":"Sede","eeidestado":"OF","eeestado":"Oficial","eedirecc":"CL 44 25 A 12","eenomcorto":"SD Fenalco Asturias","eeidestado2":"SEDOF","eeestado2":"Sede - Oficial","eeidcomcor":"12","ecrcomcor":"Comuna 12","eeidbarver":"1207","eebarver":"Nueva Floresta","eefecact":"2023-06-30Z","ieogrado_2":0,"ieogrado_1":0,"ieogrado0":18,"ieogrado1":22,"ieogrado2":18,"ieogrado3":25,"ieogrado4":27,"ieogrado5":37,"ieogrado6":0,"ieogrado7":0,"ieogrado8":0,"ieogrado9":0,"ieogrado10":0,"ieogrado11":0,"ieogrado21":0,"ieogrado22":0,"ieogrado23":0,"ieogrado24":0,"ieogrado25":0,"ieogrado26":0,"ieogrado41":0,"ieogrado42":0,"ieogrado43":0,"ieogrado44":0,"ieogrado45":0,"ieogrado99":0,"ieomatrtot":147,"ieoestrat0":1,"ieoestrat1":10,"ieoestrat2":94,"ieoestrat3":39,"ieoestrat4":0,"ieoestrat5":0,"ieoestrat6":0,"ieoestrat9":3,"ieofemen":61,"ieomascul":86,"ieoalgdisc":3,"ieonarp":3,"ieoindigen":0,"ieofecha":"2024-04-03Z"}},{"type":"Feature","id":"esf_establecimiento_educativo.fid--215d4958_1a0d9e21907_-760d","geometry":{"type":"Point","coordinates":[-76.61312867,3.43708499]},"geometry_name":"the_geom","properties":{"gid":191,"eecoddane":"276001022267","eenomins":"Institucion Educativa Pichinde","eecodanant":"276001005494","eeconsede":"27600102226700","eenomsede":"La Inmaculada Concepcion","eeidclasede":"SEDE","eeclasede":"Sede","eeidestado":"OF","eeestado":"Oficial","eedirecc":"CORREGIMIENTO PICHINDE","eenomcorto":"SD La Inmaculada Concepcion","eeidestado2":"SEDOF","eeestado2":"Sede - Oficial","eeidcomcor":"57","ecrcomcor":"Correg. Pichinde","eeidbarver":"5701","eebarver":"Pichinde (Cabecera)","eefecact":"2023-06-30Z","ieogrado_2":0,"ieogrado_1":0,"ieogrado0":13,"ieogrado1":13,"ieogrado2":11,"ieogrado3":27,"ieogrado4":27,"ieogrado5":17,"ieogrado6":0,"ieogrado7":0,"ieogrado8":0,"ieogrado9":0,"ieogrado10":0,"ieogrado11":0,"ieogrado21":0,"ieogrado22":0,"ieogrado23":0,"ieogrado24":0,"ieogrado25":0,"ieogrado26":0,"ieogrado41":0,"ieogrado42":0,"ieogrado43":0,"ieogrado44":0,"ieogrado45":0,"ieogrado99":0,"ieomatrtot":108,"ieoestrat0":1,"ieoestrat1":74,"ieoestrat2":23,"ieoestrat3":4,"ieoestrat4":0,"ieoestrat5":0,"ieoestrat6":0,"ieoestrat9":6,"ieofemen":55,"ieomascul":53,"ieoalgdisc":2,"ieonarp":0,"ieoindigen":2,"ieofecha":"2024-04-03Z"}},{"type":"Feature","id":"esf_establecimiento_educativo.fid--215d4958_1a0d9e21907_-760c","geometry":{"type":"Point","coordinates":[-76.6135635,3.43712726]},"geometry_name":"the_geom","properties":{"gid":192,"eecoddane":"276001022267","eenomins":"Institucion Educativa Pichinde","eecodanant":"276001022267","eeconsede":"27600102226700","eenomsede":"Jose Holguin Garces","eeidclasede":"PRIN","eeclasede":"Principal","eeidestado":"OF","eeestado":"Oficial","eedirecc":"CORREGIMIENTO PICHINDE","eenomcorto":"IE Pichinde","eeidestado2":"IEOOF","eeestado2":"IEO - Oficial","eeidcomcor":"57","ecrcomcor":"Correg. Pichinde","eeidbarver":"5701","eebarver":"Pichinde (Cabecera)","eefecact":"2023-06-30Z","ieogrado_2":0,"ieogrado_1":0,"ieogrado0":0,"ieogrado1":0,"ieogrado2":0,"ieogrado3":0,"ieogrado4":0,"ieogrado5":0,"ieogrado6":28,"ieogrado7":0,"ieogrado8":0,"ieogrado9":20,"ieogrado10":44,"ieogrado11":23,"ieogrado21":0,"ieogrado22":1,"ieogrado23":3,"ieogrado24":12,"ieogrado25":9,"ieogrado26":0,"ieogrado41":0,"ieogrado42":0,"ieogrado43":0,"ieogrado44":0,"ieogrado45":0,"ieogrado99":0,"ieomatrtot":140,"ieoestrat0":6,"ieoestrat1":101,"ieoestrat2":22,"ieoestrat3":9,"ieoestrat4":1,"ieoestrat5":0,"ieoestrat6":0,"ieoestrat9":1,"ieofemen":72,"ieomascul":68,"ieoalgdisc":2,"ieonarp":8,"ieoindigen":2,"ieofecha":"2024-04-03Z"}},{"type":"Feature","id":"esf_establecimiento_educativo.fid--215d4958_1a0d9e21907_-760b","geometry":{"type":"Point","coordinates":[-76.61351575,3.43719993]},"geometry_name":"the_geom","properties":{"gid":193,"eecoddane":"276001022267","eenomins":"Institucion Educativa Pichinde","eecodanant":"276001005478","eeconsede":"27600102226700","eenomsede":"Sergio Cantillo","eeidclasede":"SEDE","eeclasede":"Sede","eeidestado":"OF","eeestado":"Oficial","eedirecc":"CORREGIMIENTO PICHINDE","eenomcorto":"SD Sergio Cantillo","eeidestado2":"SEDOF","eeestado2":"Sede - Oficial","eeidcomcor":"57","ecrcomcor":"Correg. Pichinde","eeidbarver":"5701","eebarver":"Pichinde (Cabecera)","eefecact":"2023-06-30Z","ieogrado_2":0,"ieogrado_1":0,"ieogrado0":0,"ieogrado1":0,"ieogrado2":0,"ieogrado3":0,"ieogrado4":0,"ieogrado5":0,"ieogrado6":0,"ieogrado7":31,"ieogrado8":36,"ieogrado9":0,"ieogrado10":0,"ieogrado11":0,"ieogrado21":0,"ieogrado22":0,"ieogrado23":0,"ieogrado24":0,"ieogrado25":0,"ieogrado26":0,"ieogrado41":0,"ieogrado42":0,"ieogrado43":0,"ieogrado44":0,"ieogrado45":0,"ieogrado99":0,"ieomatrtot":67,"ieoestrat0":7,"ieoestrat1":40,"ieoestrat2":17,"ieoestrat3":2,"ieoestrat4":0,"ieoestrat5":1,"ieoestrat6":0,"ieoestrat9":0,"ieofemen":27,"ieomascul":40,"ieoalgdisc":1,"ieonarp":1,"ieoindigen":3,"ieofecha":"2024-04-03Z"}},{"type":"Feature","id":"esf_establecimiento_educativo.fid--215d4958_1a0d9e21907_-760a","geometry":{"type":"Point","coordinates":[-76.51426901,3.43724726]},"geometry_name":"the_geom","properties":{"gid":194,"eecoddane":"176001004329","eenomins":"Institucion Educativa Evaristo Garcia","eecodanant":"176001002822","eeconsede":"17600100432900","eenomsede":"Fernando De Aragon","eeidclasede":"SEDE","eeclasede":"Sede","eeidestado":"OF","eeestado":"Oficial","eedirecc":"IND CARRRERA 17 F 5 NO 33A - 80","eenomcorto":"SD Fernando De Aragon","eeidestado2":"SEDOF","eeestado2":"Sede - Oficial","eeidcomcor":"08","ecrcomcor":"Comuna 08","eeidbarver":"0801","eebarver":"Primitivo Crespo","eefecact":"2023-06-30Z","ieogrado_2":0,"ieogrado_1":0,"ieogrado0":22,"ieogrado1":25,"ieogrado2":33,"ieogrado3":19,"ieogrado4":26,"ieogrado5":32,"ieogrado6":0,"ieogrado7":0,"ieogrado8":0,"ieogrado9":0,"ieogrado10":0,"ieogrado11":0,"ieogrado21":0,"ieogrado22":0,"ieogrado23":0,"ieogrado24":0,"ieogrado25":0,"ieogrado26":0,"ieogrado41":0,"ieogrado42":0,"ieogrado43":0,"ieogrado44":0,"ieogrado45":0,"ieogrado99":0,"ieomatrtot":157,"ieoestrat0":2,"ieoestrat1":18,"ieoestrat2":98,"ieoestrat3":26,"ieoestrat4":0,"ieoestrat5":0,"ieoestrat6":0,"ieoestrat9":13,"ieofemen":75,"ieomascul":82,"ieoalgdisc":0,"ieonarp":1,"ieoindigen":2,"ieofecha":"2024-04-03Z"}},{"type":"Feature","id":"esf_establecimiento_educativo.fid--215d4958_1a0d9e21907_-7609","geometry":{"type":"Point","coordinates":[-76.48303794,3.43831906]},"geometry_name":"the_geom","properties":{"gid":195,"eecoddane":"176001800052","eenomins":"Institucion Educativa Llano Verde","eecodanant":"176001800338","eeconsede":"17600180005200","eenomsede":"Bartolome Mitre","eeidclasede":"SEDE","eeclasede":"Sede","eeidestado":"MC","eeestado":"Matricula contratada","eedirecc":"IND DG 26 B 73 25","eenomcorto":"SD Bartolome Mitre","eeidestado2":"SEDMC","eeestado2":"Sede - Matricula Contratada","eeidcomcor":"14","ecrcomcor":"Comuna 14","eeidbarver":"1405","eebarver":"José Manuel Marroquín II","eefecact":"2023-06-30Z","ieogrado_2":0,"ieogrado_1":0,"ieogrado0":103,"ieogrado1":108,"ieogrado2":116,"ieogrado3":125,"ieogrado4":117,"ieogrado5":90,"ieogrado6":100,"ieogrado7":92,"ieogrado8":122,"ieogrado9":179,"ieogrado10":155,"ieogrado11":115,"ieogrado21":0,"ieogrado22":0,"ieogrado23":0,"ieogrado24":0,"ieogrado25":0,"ieogrado26":0,"ieogrado41":0,"ieogrado42":0,"ieogrado43":0,"ieogrado44":0,"ieogrado45":0,"ieogrado99":0,"ieomatrtot":1422,"ieoestrat0":19,"ieoestrat1":788,"ieoestrat2":533,"ieoestrat3":66,"ieoestrat4":0,"ieoestrat5":0,"ieoestrat6":0,"ieoestrat9":16,"ieofemen":744,"ieomascul":678,"ieoalgdisc":15,"ieonarp":114,"ieoindigen":4,"ieofecha":"2024-04-03Z"}},{"type":"Feature","id":"esf_establecimiento_educativo.fid--215d4958_1a0d9e21907_-7608","geometry":{"type":"Point","coordinates":[-76.50159803,3.43833144]},"geometry_name":"the_geom","properties":{"gid":196,"eecoddane":"176001002989","eenomins":"Institucion Educativa Industrial Marice Sinisterra","eecodanant":"176001007891","eeconsede":"17600100298900","eenomsede":"Asturias","eeidclasede":"SEDE","eeclasede":"Sede","eeidestado":"OF","eeestado":"Oficial","eedirecc":"KR 24 B 43 40","eenomcorto":"SD Asturias","eeidestado2":"SEDOF","eeestado2":"Sede - Oficial","eeidcomcor":"12","ecrcomcor":"Comuna 12","eeidbarver":"1202","eebarver":"Asturias","eefecact":"2023-06-30Z","ieogrado_2":0,"ieogrado_1":0,"ieogrado0":28,"ieogrado1":27,"ieogrado2":28,"ieogrado3":25,"ieogrado4":21,"ieogrado5":20,"ieogrado6":0,"ieogrado7":0,"ieogrado8":0,"ieogrado9":0,"ieogrado10":0,"ieogrado11":0,"ieogrado21":0,"ieogrado22":0,"ieogrado23":0,"ieogrado24":0,"ieogrado25":0,"ieogrado26":0,"ieogrado41":0,"ieogrado42":0,"ieogrado43":0,"ieogrado44":0,"ieogrado45":0,"ieogrado99":0,"ieomatrtot":149,"ieoestrat0":0,"ieoestrat1":8,"ieoestrat2":124,"ieoestrat3":15,"ieoestrat4":0,"ieoestrat5":0,"ieoestrat6":0,"ieoestrat9":2,"ieofemen":65,"ieomascul":84,"ieoalgdisc":0,"ieonarp":1,"ieoindigen":0,"ieofecha":"2024-04-03Z"}},{"type":"Feature","id":"esf_establecimiento_educativo.fid--215d4958_1a0d9e21907_-7607","geometry":{"type":"Point","coordinates":[-76.51777656,3.43859848]},"geometry_name":"the_geom","properties":{"gid":197,"eecoddane":"176001004329","eenomins":"Institucion Educativa Evaristo Garcia","eecodanant":"176001002831","eeconsede":"17600100432900","eenomsede":"Jose Hilario Lopez","eeidclasede":"SEDE","eeclasede":"Sede","eeidestado":"OF","eeestado":"Oficial","eedirecc":"CL 27 17 G 19","eenomcorto":"SD Jose Hilario Lopez","eeidestado2":"SEDOF","eeestado2":"Sede - Oficial","eeidcomcor":"08","ecrcomcor":"Comuna 08","eeidbarver":"0801","eebarver":"Primitivo Crespo","eefecact":"2023-06-30Z","ieogrado_2":0,"ieogrado_1":0,"ieogrado0":19,"ieogrado1":28,"ieogrado2":30,"ieogrado3":25,"ieogrado4":27,"ieogrado5":22,"ieogrado6":0,"ieogrado7":0,"ieogrado8":0,"ieogrado9":0,"ieogrado10":0,"ieogrado11":0,"ieogrado21":0,"ieogrado22":0,"ieogrado23":0,"ieogrado24":0,"ieogrado25":0,"ieogrado26":0,"ieogrado41":0,"ieogrado42":0,"ieogrado43":0,"ieogrado44":0,"ieogrado45":0,"ieogrado99":0,"ieomatrtot":151,"ieoestrat0":1,"ieoestrat1":17,"ieoestrat2":97,"ieoestrat3":30,"ieoestrat4":0,"ieoestrat5":1,"ieoestrat6":0,"ieoestrat9":5,"ieofemen":76,"ieomascul":75,"ieoalgdisc":2,"ieonarp":1,"ieoindigen":1,"ieofecha":"2024-04-03Z"}},{"type":"Feature","id":"esf_establecimiento_educativo.fid--215d4958_1a0d9e21907_-7606","geometry":{"type":"Point","coordinates":[-76.52482367,3.4393946]},"geometry_name":"the_geom","properties":{"gid":198,"eecoddane":"176001001702","eenomins":"Institucion Educativa General Alfredo Vasquez Cobo","eecodanant":"176001004965","eeconsede":"17600100170200","eenomsede":"Republica Del Ecuador","eeidclasede":"SEDE","eeclasede":"Sede","eeidestado":"OF","eeestado":"Oficial","eedirecc":"CL 16 18 A 54","eenomcorto":"SD Republica Del Ecuador","eeidestado2":"SEDOF","eeestado2":"Sede - Oficial","eeidcomcor":"09","ecrcomcor":"Comuna 09","eeidbarver":"0904","eebarver":"Guayaquil","eefecact":"2023-06-30Z","ieogrado_2":0,"ieogrado_1":0,"ieogrado0":30,"ieogrado1":49,"ieogrado2":37,"ieogrado3":34,"ieogrado4":34,"ieogrado5":38,"ieogrado6":0,"ieogrado7":0,"ieogrado8":0,"ieogrado9":0,"ieogrado10":0,"ieogrado11":0,"ieogrado21":0,"ieogrado22":6,"ieogrado23":8,"ieogrado24":25,"ieogrado25":20,"ieogrado26":14,"ieogrado41":0,"ieogrado42":0,"ieogrado43":0,"ieogrado44":0,"ieogrado45":0,"ieogrado99":0,"ieomatrtot":295,"ieoestrat0":5,"ieoestrat1":54,"ieoestrat2":49,"ieoestrat3":172,"ieoestrat4":4,"ieoestrat5":2,"ieoestrat6":0,"ieoestrat9":9,"ieofemen":140,"ieomascul":155,"ieoalgdisc":5,"ieonarp":11,"ieoindigen":1,"ieofecha":"2024-04-03Z"}},{"type":"Feature","id":"esf_establecimiento_educativo.fid--215d4958_1a0d9e21907_-7605","geometry":{"type":"Point","coordinates":[-76.49163647,3.43944361]},"geometry_name":"the_geom","properties":{"gid":199,"eecoddane":"176001003161","eenomins":"Institucion Educativa Bartolomé Loboguerrero","eecodanant":"176001002768","eeconsede":"17600100316100","eenomsede":"Enrique Olaya Herrera","eeidclasede":"SEDE","eeclasede":"Sede","eeidestado":"OF","eeestado":"Oficial","eedirecc":"CL 71 25 A 15","eenomcorto":"SD Enrique Olaya Herrera","eeidestado2":"SEDOF","eeestado2":"Sede - Oficial","eeidcomcor":"13","ecrcomcor":"Comuna 13","eeidbarver":"1301","eebarver":"Ulpiano Lloreda","eefecact":"2023-06-30Z","ieogrado_2":0,"ieogrado_1":0,"ieogrado0":129,"ieogrado1":174,"ieogrado2":173,"ieogrado3":160,"ieogrado4":168,"ieogrado5":133,"ieogrado6":0,"ieogrado7":0,"ieogrado8":0,"ieogrado9":0,"ieogrado10":0,"ieogrado11":0,"ieogrado21":0,"ieogrado22":0,"ieogrado23":0,"ieogrado24":0,"ieogrado25":0,"ieogrado26":0,"ieogrado41":0,"ieogrado42":0,"ieogrado43":0,"ieogrado44":0,"ieogrado45":0,"ieogrado99":0,"ieomatrtot":937,"ieoestrat0":10,"ieoestrat1":215,"ieoestrat2":397,"ieoestrat3":294,"ieoestrat4":0,"ieoestrat5":1,"ieoestrat6":1,"ieoestrat9":19,"ieofemen":466,"ieomascul":471,"ieoalgdisc":11,"ieonarp":149,"ieoindigen":0,"ieofecha":"2024-04-03Z"}},{"type":"Feature","id":"esf_establecimiento_educativo.fid--215d4958_1a0d9e21907_-7604","geometry":{"type":"Point","coordinates":[-76.59487293,3.43951325]},"geometry_name":"the_geom","properties":{"gid":200,"eecoddane":"276001011184","eenomins":"Institucion Educativa Los Andes","eecodanant":"276001011184","eeconsede":"27600101118400","eenomsede":"Tierra De Hombres Sede Principal","eeidclasede":"PRIN","eeclasede":"Principal","eeidestado":"OF","eeestado":"Oficial","eedirecc":"CORREGIMIENTO LOS ANDES VEREDA EL CABUYAL SECTOR VENTIADEROS","eenomcorto":"IE Los Andes","eeidestado2":"IEOOF","eeestado2":"IEO - Oficial","eeidcomcor":"56","ecrcomcor":"Correg. Los Andes","eeidbarver":"5612","eebarver":"Dinastia Ventiaderos","eefecact":"2023-06-30Z","ieogrado_2":0,"ieogrado_1":0,"ieogrado0":12,"ieogrado1":23,"ieogrado2":23,"ieogrado3":17,"ieogrado4":17,"ieogrado5":23,"ieogrado6":20,"ieogrado7":18,"ieogrado8":15,"ieogrado9":16,"ieogrado10":0,"ieogrado11":0,"ieogrado21":0,"ieogrado22":0,"ieogrado23":0,"ieogrado24":0,"ieogrado25":0,"ieogrado26":0,"ieogrado41":0,"ieogrado42":0,"ieogrado43":0,"ieogrado44":0,"ieogrado45":0,"ieogrado99":0,"ieomatrtot":184,"ieoestrat0":7,"ieoestrat1":136,"ieoestrat2":32,"ieoestrat3":7,"ieoestrat4":0,"ieoestrat5":0,"ieoestrat6":0,"ieoestrat9":2,"ieofemen":94,"ieomascul":90,"ieoalgdisc":11,"ieonarp":5,"ieoindigen":6,"ieofecha":"2024-04-03Z"}},{"type":"Feature","id":"esf_establecimiento_educativo.fid--215d4958_1a0d9e21907_-7603","geometry":{"type":"Point","coordinates":[-76.51068545,3.43971666]},"geometry_name":"the_geom","properties":{"gid":201,"eecoddane":"176001006071","eenomins":"Institucion Educativa Santa Fe","eecodanant":"176001004311","eeconsede":"17600100607100","eenomsede":"Manuel Rebolledo","eeidclasede":"SEDE","eeclasede":"Sede","eeidestado":"OF","eeestado":"Oficial","eedirecc":"DG 23 17 F 00","eenomcorto":"SD Manuel Rebolledo","eeidestado2":"SEDOF","eeestado2":"Sede - Oficial","eeidcomcor":"08","ecrcomcor":"Comuna 08","eeidbarver":"0804","eebarver":"Rafael Uribe Uribe","eefecact":"2023-06-30Z","ieogrado_2":0,"ieogrado_1":0,"ieogrado0":0,"ieogrado1":0,"ieogrado2":0,"ieogrado3":99,"ieogrado4":93,"ieogrado5":101,"ieogrado6":0,"ieogrado7":0,"ieogrado8":0,"ieogrado9":0,"ieogrado10":0,"ieogrado11":0,"ieogrado21":0,"ieogrado22":0,"ieogrado23":0,"ieogrado24":0,"ieogrado25":0,"ieogrado26":0,"ieogrado41":0,"ieogrado42":0,"ieogrado43":0,"ieogrado44":0,"ieogrado45":0,"ieogrado99":0,"ieomatrtot":293,"ieoestrat0":0,"ieoestrat1":2,"ieoestrat2":30,"ieoestrat3":253,"ieoestrat4":0,"ieoestrat5":0,"ieoestrat6":0,"ieoestrat9":8,"ieofemen":127,"ieomascul":166,"ieoalgdisc":13,"ieonarp":6,"ieoindigen":1,"ieofecha":"2024-04-03Z"}},{"type":"Feature","id":"esf_establecimiento_educativo.fid--215d4958_1a0d9e21907_-7602","geometry":{"type":"Point","coordinates":[-76.52174018,3.43978867]},"geometry_name":"the_geom","properties":{"gid":202,"eecoddane":"176001001702","eenomins":"Institucion Educativa General Alfredo Vasquez Cobo","eecodanant":"176001004680","eeconsede":"17600100170200","eenomsede":"Nuestra Señora De Los Remedios","eeidclasede":"SEDE","eeclasede":"Sede","eeidestado":"OF","eeestado":"Oficial","eedirecc":"KR 17 D 18 46","eenomcorto":"SD Nuestra Señora De Los Remedios","eeidestado2":"SEDOF","eeestado2":"Sede - Oficial","eeidcomcor":"09","ecrcomcor":"Comuna 09","eeidbarver":"0908","eebarver":"Belalcázar","eefecact":"2023-06-30Z","ieogrado_2":0,"ieogrado_1":31,"ieogrado0":28,"ieogrado1":65,"ieogrado2":59,"ieogrado3":64,"ieogrado4":57,"ieogrado5":53,"ieogrado6":0,"ieogrado7":0,"ieogrado8":0,"ieogrado9":0,"ieogrado10":0,"ieogrado11":0,"ieogrado21":0,"ieogrado22":0,"ieogrado23":0,"ieogrado24":0,"ieogrado25":0,"ieogrado26":0,"ieogrado41":0,"ieogrado42":0,"ieogrado43":0,"ieogrado44":0,"ieogrado45":0,"ieogrado99":0,"ieomatrtot":357,"ieoestrat0":2,"ieoestrat1":40,"ieoestrat2":46,"ieoestrat3":259,"ieoestrat4":3,"ieoestrat5":0,"ieoestrat6":0,"ieoestrat9":7,"ieofemen":159,"ieomascul":198,"ieoalgdisc":5,"ieonarp":3,"ieoindigen":0,"ieofecha":"2024-04-03Z"}},{"type":"Feature","id":"esf_establecimiento_educativo.fid--215d4958_1a0d9e21907_-7601","geometry":{"type":"Point","coordinates":[-76.47996364,3.43982767]},"geometry_name":"the_geom","properties":{"gid":203,"eecoddane":"176001014359","eenomins":"Institucion Educativa La Anunciacion","eecodanant":"176001014359","eeconsede":"17600101435900","eenomsede":"Institucion Educativa La Anunciacion - Sede Principal","eeidclasede":"PRIN","eeclasede":"Principal","eeidestado":"OF","eeestado":"Oficial","eedirecc":"KR 26 A 74 00","eenomcorto":"IE La Anunciacion","eeidestado2":"IEOOF","eeestado2":"IEO - Oficial","eeidcomcor":"14","ecrcomcor":"Comuna 14","eeidbarver":"1402","eebarver":"Alirio Mora Beltrán","eefecact":"2023-06-30Z","ieogrado_2":0,"ieogrado_1":0,"ieogrado0":54,"ieogrado1":68,"ieogrado2":70,"ieogrado3":69,"ieogrado4":57,"ieogrado5":47,"ieogrado6":127,"ieogrado7":95,"ieogrado8":80,"ieogrado9":54,"ieogrado10":63,"ieogrado11":62,"ieogrado21":0,"ieogrado22":20,"ieogrado23":33,"ieogrado24":29,"ieogrado25":29,"ieogrado26":0,"ieogrado41":0,"ieogrado42":0,"ieogrado43":0,"ieogrado44":0,"ieogrado45":0,"ieogrado99":21,"ieomatrtot":978,"ieoestrat0":13,"ieoestrat1":734,"ieoestrat2":214,"ieoestrat3":5,"ieoestrat4":0,"ieoestrat5":0,"ieoestrat6":0,"ieoestrat9":12,"ieofemen":527,"ieomascul":451,"ieoalgdisc":11,"ieonarp":374,"ieoindigen":3,"ieofecha":"2024-04-03Z"}},{"type":"Feature","id":"esf_establecimiento_educativo.fid--215d4958_1a0d9e21907_-7600","geometry":{"type":"Point","coordinates":[-76.53492539,3.4403789]},"geometry_name":"the_geom","properties":{"gid":204,"eecoddane":"176001001753","eenomins":"Institucion Educativa Tecnico Industrial Antonio Jose Camacho","eecodanant":"176001003381","eeconsede":"17600100175300","eenomsede":"Marco Fidel Suarez","eeidclasede":"SEDE","eeclasede":"Sede","eeidestado":"OF","eeestado":"Oficial","eedirecc":"KR 16 6 61","eenomcorto":"SD Marco Fidel Suarez","eeidestado2":"SEDOF","eeestado2":"Sede - Oficial","eeidcomcor":"09","ecrcomcor":"Comuna 09","eeidbarver":"0901","eebarver":"Alameda","eefecact":"2023-06-30Z","ieogrado_2":0,"ieogrado_1":0,"ieogrado0":19,"ieogrado1":59,"ieogrado2":54,"ieogrado3":49,"ieogrado4":59,"ieogrado5":60,"ieogrado6":0,"ieogrado7":0,"ieogrado8":0,"ieogrado9":0,"ieogrado10":0,"ieogrado11":0,"ieogrado21":0,"ieogrado22":0,"ieogrado23":0,"ieogrado24":0,"ieogrado25":0,"ieogrado26":0,"ieogrado41":0,"ieogrado42":0,"ieogrado43":0,"ieogrado44":0,"ieogrado45":0,"ieogrado99":0,"ieomatrtot":300,"ieoestrat0":3,"ieoestrat1":83,"ieoestrat2":37,"ieoestrat3":162,"ieoestrat4":3,"ieoestrat5":3,"ieoestrat6":0,"ieoestrat9":9,"ieofemen":145,"ieomascul":155,"ieoalgdisc":3,"ieonarp":8,"ieoindigen":36,"ieofecha":"2024-04-03Z"}},{"type":"Feature","id":"esf_establecimiento_educativo.fid--215d4958_1a0d9e21907_-75ff","geometry":{"type":"Point","coordinates":[-76.49418687,3.44044177]},"geometry_name":"the_geom","properties":{"gid":205,"eecoddane":"176001003951","eenomins":"Institucion Educativa Julio Caicedo Y Tellez","eecodanant":"176001003951","eeconsede":"17600100395100","eenomsede":"Institucion Educativa Julio Caicedo Y Tellez - Sede Principal","eeidclasede":"PRIN","eeclasede":"Principal","eeidestado":"OF","eeestado":"Oficial","eedirecc":"KR 24 C 57 25","eenomcorto":"IE Julio Caicedo Y Tellez","eeidestado2":"IEOOF","eeestado2":"IEO - Oficial","eeidcomcor":"12","ecrcomcor":"Comuna 12","eeidbarver":"1207","eebarver":"Nueva Floresta","eefecact":"2023-06-30Z","ieogrado_2":0,"ieogrado_1":0,"ieogrado0":0,"ieogrado1":44,"ieogrado2":34,"ieogrado3":61,"ieogrado4":59,"ieogrado5":53,"ieogrado6":82,"ieogrado7":82,"ieogrado8":75,"ieogrado9":78,"ieogrado10":78,"ieogrado11":37,"ieogrado21":0,"ieogrado22":0,"ieogrado23":0,"ieogrado24":0,"ieogrado25":0,"ieogrado26":0,"ieogrado41":0,"ieogrado42":0,"ieogrado43":0,"ieogrado44":0,"ieogrado45":0,"ieogrado99":0,"ieomatrtot":683,"ieoestrat0":3,"ieoestrat1":55,"ieoestrat2":198,"ieoestrat3":416,"ieoestrat4":2,"ieoestrat5":1,"ieoestrat6":0,"ieoestrat9":8,"ieofemen":329,"ieomascul":354,"ieoalgdisc":6,"ieonarp":29,"ieoindigen":1,"ieofecha":"2024-04-03Z"}},{"type":"Feature","id":"esf_establecimiento_educativo.fid--215d4958_1a0d9e21907_-75fe","geometry":{"type":"Point","coordinates":[-76.48592357,3.44052578]},"geometry_name":"the_geom","properties":{"gid":206,"eecoddane":"176001020693","eenomins":"Institucion Educativa Humberto Jordan Mazuera","eecodanant":"176001008677","eeconsede":"17600102069300","eenomsede":"Charco Azul","eeidclasede":"SEDE","eeclasede":"Sede","eeidestado":"OF","eeestado":"Oficial","eedirecc":"IND DG 70 B1  22 B BIS 01","eenomcorto":"SD Charco Azul","eeidestado2":"SEDOF","eeestado2":"Sede - Oficial","eeidcomcor":"13","ecrcomcor":"Comuna 13","eeidbarver":"1313","eebarver":"Charco Azul","eefecact":"2023-06-30Z","ieogrado_2":0,"ieogrado_1":0,"ieogrado0":14,"ieogrado1":23,"ieogrado2":22,"ieogrado3":22,"ieogrado4":8,"ieogrado5":15,"ieogrado6":0,"ieogrado7":0,"ieogrado8":0,"ieogrado9":0,"ieogrado10":0,"ieogrado11":0,"ieogrado21":0,"ieogrado22":0,"ieogrado23":0,"ieogrado24":0,"ieogrado25":0,"ieogrado26":0,"ieogrado41":0,"ieogrado42":0,"ieogrado43":0,"ieogrado44":0,"ieogrado45":0,"ieogrado99":0,"ieomatrtot":104,"ieoestrat0":5,"ieoestrat1":67,"ieoestrat2":6,"ieoestrat3":4,"ieoestrat4":0,"ieoestrat5":0,"ieoestrat6":0,"ieoestrat9":22,"ieofemen":52,"ieomascul":52,"ieoalgdisc":2,"ieonarp":23,"ieoindigen":0,"ieofecha":"2024-04-03Z"}},{"type":"Feature","id":"esf_establecimiento_educativo.fid--215d4958_1a0d9e21907_-75fd","geometry":{"type":"Point","coordinates":[-76.54005806,3.44068181]},"geometry_name":"the_geom","properties":{"gid":207,"eecoddane":"176001002253","eenomins":"Institucion Educativa Normal Superior Los Farallones","eecodanant":"176001004523","eeconsede":"17600100225300","eenomsede":"Salvador Iglesias","eeidclasede":"SEDE","eeclasede":"Sede","eeidestado":"OF","eeestado":"Oficial","eedirecc":"CL 2 B 22 70","eenomcorto":"SD Salvador Iglesias","eeidestado2":"SEDOF","eeestado2":"Sede - Oficial","eeidcomcor":"03","ecrcomcor":"Comuna 03","eeidbarver":"0305","eebarver":"Los Libertadores","eefecact":"2023-06-30Z","ieogrado_2":0,"ieogrado_1":0,"ieogrado0":0,"ieogrado1":0,"ieogrado2":0,"ieogrado3":0,"ieogrado4":0,"ieogrado5":165,"ieogrado6":0,"ieogrado7":0,"ieogrado8":0,"ieogrado9":0,"ieogrado10":0,"ieogrado11":0,"ieogrado21":0,"ieogrado22":0,"ieogrado23":0,"ieogrado24":0,"ieogrado25":0,"ieogrado26":0,"ieogrado41":0,"ieogrado42":0,"ieogrado43":0,"ieogrado44":0,"ieogrado45":0,"ieogrado99":0,"ieomatrtot":165,"ieoestrat0":3,"ieoestrat1":56,"ieoestrat2":36,"ieoestrat3":60,"ieoestrat4":7,"ieoestrat5":0,"ieoestrat6":0,"ieoestrat9":3,"ieofemen":84,"ieomascul":81,"ieoalgdisc":4,"ieonarp":1,"ieoindigen":0,"ieofecha":"2024-04-03Z"}},{"type":"Feature","id":"esf_establecimiento_educativo.fid--215d4958_1a0d9e21907_-75fc","geometry":{"type":"Point","coordinates":[-76.49529004,3.44076982]},"geometry_name":"the_geom","properties":{"gid":208,"eecoddane":"176001003951","eenomins":"Institucion Educativa Julio Caicedo Y Tellez","eecodanant":"176001012488","eeconsede":"17600100395100","eenomsede":"Jardín Infantil Mi Bosquesito","eeidclasede":"SEDE","eeclasede":"Sede","eeidestado":"OF","eeestado":"Oficial","eedirecc":"CL 57 24 A 03","eenomcorto":"SD Jardín Infantil Mi Bosquesito","eeidestado2":"SEDOF","eeestado2":"Sede - Oficial","eeidcomcor":"12","ecrcomcor":"Comuna 12","eeidbarver":"1207","eebarver":"Nueva Floresta","eefecact":"2023-06-30Z","ieogrado_2":0,"ieogrado_1":0,"ieogrado0":86,"ieogrado1":0,"ieogrado2":0,"ieogrado3":0,"ieogrado4":0,"ieogrado5":0,"ieogrado6":0,"ieogrado7":0,"ieogrado8":0,"ieogrado9":0,"ieogrado10":0,"ieogrado11":0,"ieogrado21":0,"ieogrado22":0,"ieogrado23":0,"ieogrado24":0,"ieogrado25":0,"ieogrado26":0,"ieogrado41":0,"ieogrado42":0,"ieogrado43":0,"ieogrado44":0,"ieogrado45":0,"ieogrado99":0,"ieomatrtot":86,"ieoestrat0":0,"ieoestrat1":2,"ieoestrat2":16,"ieoestrat3":68,"ieoestrat4":0,"ieoestrat5":0,"ieoestrat6":0,"ieoestrat9":0,"ieofemen":37,"ieomascul":49,"ieoalgdisc":0,"ieonarp":1,"ieoindigen":0,"ieofecha":"2024-04-03Z"}},{"type":"Feature","id":"esf_establecimiento_educativo.fid--215d4958_1a0d9e21907_-75fb","geometry":{"type":"Point","coordinates":[-76.51383795,3.44084683]},"geometry_name":"the_geom","properties":{"gid":209,"eecoddane":"176001004329","eenomins":"Institucion Educativa Evaristo Garcia","eecodanant":"176001003101","eeconsede":"17600100432900","eenomsede":"Saavedra Galindo","eeidclasede":"SEDE","eeclasede":"Sede","eeidestado":"OF","eeestado":"Oficial","eedirecc":"IND KR 17 F TRANSV 31 18","eenomcorto":"SD Saavedra Galindo","eeidestado2":"SEDOF","eeestado2":"Sede - Oficial","eeidcomcor":"08","ecrcomcor":"Comuna 08","eeidbarver":"0803","eebarver":"Saavedra Galindo","eefecact":"2023-06-30Z","ieogrado_2":0,"ieogrado_1":0,"ieogrado0":21,"ieogrado1":56,"ieogrado2":52,"ieogrado3":61,"ieogrado4":30,"ieogrado5":35,"ieogrado6":0,"ieogrado7":0,"ieogrado8":0,"ieogrado9":0,"ieogrado10":0,"ieogrado11":0,"ieogrado21":0,"ieogrado22":0,"ieogrado23":0,"ieogrado24":0,"ieogrado25":0,"ieogrado26":0,"ieogrado41":0,"ieogrado42":0,"ieogrado43":0,"ieogrado44":0,"ieogrado45":0,"ieogrado99":0,"ieomatrtot":255,"ieoestrat0":2,"ieoestrat1":26,"ieoestrat2":143,"ieoestrat3":70,"ieoestrat4":0,"ieoestrat5":0,"ieoestrat6":0,"ieoestrat9":14,"ieofemen":113,"ieomascul":142,"ieoalgdisc":4,"ieonarp":2,"ieoindigen":1,"ieofecha":"2024-04-03Z"}},{"type":"Feature","id":"esf_establecimiento_educativo.fid--215d4958_1a0d9e21907_-75fa","geometry":{"type":"Point","coordinates":[-76.53513492,3.44091215]},"geometry_name":"the_geom","properties":{"gid":210,"eecoddane":"176001001753","eenomins":"Institucion Educativa Tecnico Industrial Antonio Jose Camacho","eecodanant":"176001021843","eeconsede":"17600100175300","eenomsede":"Jardin Infantil Divino Salvador","eeidclasede":"SEDE","eeclasede":"Sede","eeidestado":"OF","eeestado":"Oficial","eedirecc":"KR 15 6 110","eenomcorto":"SD Jardin Infantil Divino Salvador","eeidestado2":"SEDOF","eeestado2":"Sede - Oficial","eeidcomcor":"09","ecrcomcor":"Comuna 09","eeidbarver":"0901","eebarver":"Alameda","eefecact":"2023-06-30Z","ieogrado_2":0,"ieogrado_1":28,"ieogrado0":32,"ieogrado1":0,"ieogrado2":0,"ieogrado3":0,"ieogrado4":0,"ieogrado5":0,"ieogrado6":0,"ieogrado7":0,"ieogrado8":0,"ieogrado9":0,"ieogrado10":0,"ieogrado11":0,"ieogrado21":0,"ieogrado22":0,"ieogrado23":0,"ieogrado24":0,"ieogrado25":0,"ieogrado26":0,"ieogrado41":0,"ieogrado42":0,"ieogrado43":0,"ieogrado44":0,"ieogrado45":0,"ieogrado99":0,"ieomatrtot":60,"ieoestrat0":0,"ieoestrat1":6,"ieoestrat2":11,"ieoestrat3":41,"ieoestrat4":1,"ieoestrat5":1,"ieoestrat6":0,"ieoestrat9":0,"ieofemen":30,"ieomascul":30,"ieoalgdisc":0,"ieonarp":0,"ieoindigen":1,"ieofecha":"2024-04-03Z"}},{"type":"Feature","id":"esf_establecimiento_educativo.fid--215d4958_1a0d9e21907_-75f9","geometry":{"type":"Point","coordinates":[-76.49450192,3.44118389]},"geometry_name":"the_geom","properties":{"gid":211,"eecoddane":"176001003951","eenomins":"Institucion Educativa Julio Caicedo Y Tellez","eecodanant":"176001002873","eeconsede":"17600100395100","eenomsede":"Esther Zorrilla","eeidclasede":"SEDE","eeclasede":"Sede","eeidestado":"OF","eeestado":"Oficial","eedirecc":"CL 59 24 00","eenomcorto":"SD Esther Zorrilla","eeidestado2":"SEDOF","eeestado2":"Sede - Oficial","eeidcomcor":"12","ecrcomcor":"Comuna 12","eeidbarver":"1207","eebarver":"Nueva Floresta","eefecact":"2023-06-30Z","ieogrado_2":0,"ieogrado_1":0,"ieogrado0":0,"ieogrado1":27,"ieogrado2":34,"ieogrado3":33,"ieogrado4":34,"ieogrado5":30,"ieogrado6":0,"ieogrado7":0,"ieogrado8":0,"ieogrado9":0,"ieogrado10":0,"ieogrado11":0,"ieogrado21":0,"ieogrado22":0,"ieogrado23":0,"ieogrado24":0,"ieogrado25":0,"ieogrado26":0,"ieogrado41":0,"ieogrado42":0,"ieogrado43":0,"ieogrado44":0,"ieogrado45":0,"ieogrado99":0,"ieomatrtot":158,"ieoestrat0":0,"ieoestrat1":12,"ieoestrat2":28,"ieoestrat3":114,"ieoestrat4":0,"ieoestrat5":0,"ieoestrat6":0,"ieoestrat9":4,"ieofemen":72,"ieomascul":86,"ieoalgdisc":1,"ieonarp":3,"ieoindigen":1,"ieofecha":"2024-04-03Z"}},{"type":"Feature","id":"esf_establecimiento_educativo.fid--215d4958_1a0d9e21907_-75f8","geometry":{"type":"Point","coordinates":[-76.507813,3.44130291]},"geometry_name":"the_geom","properties":{"gid":212,"eecoddane":"176001006071","eenomins":"Institucion Educativa Santa Fe","eecodanant":"176001006071","eeconsede":"17600100607100","eenomsede":"Institucion Educativa Santa Fe","eeidclasede":"PRIN","eeclasede":"Principal","eeidestado":"OF","eeestado":"Oficial","eedirecc":"CL 34 17 B 41","eenomcorto":"IE Santa Fe","eeidestado2":"IEOOF","eeestado2":"IEO - Oficial","eeidcomcor":"08","ecrcomcor":"Comuna 08","eeidbarver":"0813","eebarver":"Santa Fé","eefecact":"2023-06-30Z","ieogrado_2":0,"ieogrado_1":0,"ieogrado0":0,"ieogrado1":0,"ieogrado2":0,"ieogrado3":0,"ieogrado4":0,"ieogrado5":0,"ieogrado6":0,"ieogrado7":0,"ieogrado8":0,"ieogrado9":124,"ieogrado10":124,"ieogrado11":116,"ieogrado21":1,"ieogrado22":4,"ieogrado23":20,"ieogrado24":41,"ieogrado25":39,"ieogrado26":0,"ieogrado41":0,"ieogrado42":0,"ieogrado43":0,"ieogrado44":0,"ieogrado45":0,"ieogrado99":0,"ieomatrtot":469,"ieoestrat0":4,"ieoestrat1":19,"ieoestrat2":137,"ieoestrat3":303,"ieoestrat4":1,"ieoestrat5":1,"ieoestrat6":0,"ieoestrat9":4,"ieofemen":241,"ieomascul":228,"ieoalgdisc":13,"ieonarp":43,"ieoindigen":5,"ieofecha":"2024-04-03Z"}},{"type":"Feature","id":"esf_establecimiento_educativo.fid--215d4958_1a0d9e21907_-75f7","geometry":{"type":"Point","coordinates":[-76.53495321,3.44134512]},"geometry_name":"the_geom","properties":{"gid":213,"eecoddane":"176001001818","eenomins":"Institucion Educativa De Santa Librada","eecodanant":"176001001818","eeconsede":"17600100181800","eenomsede":"Colegio De Santa Librada","eeidclasede":"PRIN","eeclasede":"Principal","eeidestado":"OF","eeestado":"Oficial","eedirecc":"IND CL 7 # 14 A - 106","eenomcorto":"IE De Santa Librada","eeidestado2":"IEOOF","eeestado2":"IEO - Oficial","eeidcomcor":"03","ecrcomcor":"Comuna 03","eeidbarver":"0306","eebarver":"San Juan Bosco","eefecact":"2023-06-30Z","ieogrado_2":0,"ieogrado_1":0,"ieogrado0":0,"ieogrado1":0,"ieogrado2":0,"ieogrado3":0,"ieogrado4":36,"ieogrado5":31,"ieogrado6":137,"ieogrado7":198,"ieogrado8":143,"ieogrado9":166,"ieogrado10":154,"ieogrado11":120,"ieogrado21":0,"ieogrado22":3,"ieogrado23":54,"ieogrado24":26,"ieogrado25":22,"ieogrado26":0,"ieogrado41":0,"ieogrado42":0,"ieogrado43":0,"ieogrado44":0,"ieogrado45":0,"ieogrado99":24,"ieomatrtot":1114,"ieoestrat0":28,"ieoestrat1":451,"ieoestrat2":232,"ieoestrat3":347,"ieoestrat4":8,"ieoestrat5":8,"ieoestrat6":0,"ieoestrat9":40,"ieofemen":521,"ieomascul":593,"ieoalgdisc":79,"ieonarp":88,"ieoindigen":106,"ieofecha":"2024-04-03Z"}},{"type":"Feature","id":"esf_establecimiento_educativo.fid--215d4958_1a0d9e21907_-75f6","geometry":{"type":"Point","coordinates":[-76.5295074,3.44167397]},"geometry_name":"the_geom","properties":{"gid":214,"eecoddane":"176001001753","eenomins":"Institucion Educativa Tecnico Industrial Antonio Jose Camacho","eecodanant":"176001001753","eeconsede":"17600100175300","eenomsede":"Institucion Educativa Tecnica Industrial Antonio Jose Camacho","eeidclasede":"PRIN","eeclasede":"Principal","eeidestado":"OF","eeestado":"Oficial","eedirecc":"KR 16 12 00","eenomcorto":"IETI Antonio Jose Camacho","eeidestado2":"IEOOF","eeestado2":"IEO - Oficial","eeidcomcor":"09","ecrcomcor":"Comuna 09","eeidbarver":"0904","eebarver":"Guayaquil","eefecact":"2023-06-30Z","ieogrado_2":0,"ieogrado_1":0,"ieogrado0":0,"ieogrado1":0,"ieogrado2":0,"ieogrado3":0,"ieogrado4":0,"ieogrado5":0,"ieogrado6":151,"ieogrado7":181,"ieogrado8":196,"ieogrado9":185,"ieogrado10":209,"ieogrado11":186,"ieogrado21":0,"ieogrado22":0,"ieogrado23":0,"ieogrado24":0,"ieogrado25":0,"ieogrado26":0,"ieogrado41":0,"ieogrado42":0,"ieogrado43":0,"ieogrado44":0,"ieogrado45":0,"ieogrado99":0,"ieomatrtot":1108,"ieoestrat0":9,"ieoestrat1":297,"ieoestrat2":312,"ieoestrat3":476,"ieoestrat4":8,"ieoestrat5":5,"ieoestrat6":0,"ieoestrat9":1,"ieofemen":404,"ieomascul":704,"ieoalgdisc":8,"ieonarp":92,"ieoindigen":31,"ieofecha":"2024-04-03Z"}},{"type":"Feature","id":"esf_establecimiento_educativo.fid--215d4958_1a0d9e21907_-75f5","geometry":{"type":"Point","coordinates":[-76.50697987,3.44191901]},"geometry_name":"the_geom","properties":{"gid":215,"eecoddane":"176001006071","eenomins":"Institucion Educativa Santa Fe","eecodanant":"176001003071","eeconsede":"17600100607100","eenomsede":"Ricardo Nieto","eeidclasede":"SEDE","eeclasede":"Sede","eeidestado":"OF","eeestado":"Oficial","eedirecc":"KR 17 CON CL 36","eenomcorto":"SD Ricardo Nieto","eeidestado2":"SEDOF","eeestado2":"Sede - Oficial","eeidcomcor":"08","ecrcomcor":"Comuna 08","eeidbarver":"0813","eebarver":"Santa Fé","eefecact":"2023-06-30Z","ieogrado_2":0,"ieogrado_1":0,"ieogrado0":0,"ieogrado1":0,"ieogrado2":0,"ieogrado3":0,"ieogrado4":0,"ieogrado5":0,"ieogrado6":122,"ieogrado7":124,"ieogrado8":116,"ieogrado9":0,"ieogrado10":0,"ieogrado11":0,"ieogrado21":0,"ieogrado22":0,"ieogrado23":0,"ieogrado24":0,"ieogrado25":0,"ieogrado26":0,"ieogrado41":0,"ieogrado42":0,"ieogrado43":0,"ieogrado44":0,"ieogrado45":0,"ieogrado99":0,"ieomatrtot":362,"ieoestrat0":0,"ieoestrat1":23,"ieoestrat2":69,"ieoestrat3":267,"ieoestrat4":1,"ieoestrat5":1,"ieoestrat6":0,"ieoestrat9":1,"ieofemen":182,"ieomascul":180,"ieoalgdisc":3,"ieonarp":23,"ieoindigen":1,"ieofecha":"2024-04-03Z"}},{"type":"Feature","id":"esf_establecimiento_educativo.fid--215d4958_1a0d9e21907_-75f4","geometry":{"type":"Point","coordinates":[-76.54909447,3.44199202]},"geometry_name":"the_geom","properties":{"gid":216,"eecoddane":"176001002253","eenomins":"Institucion Educativa Normal Superior Los Farallones","eecodanant":"176001011791","eeconsede":"17600100225300","eenomsede":"Los Cristales","eeidclasede":"SEDE","eeclasede":"Sede","eeidestado":"OF","eeestado":"Oficial","eedirecc":"CL 11 24 C 50 OESTE","eenomcorto":"SD Los Cristales","eeidestado2":"SEDOF","eeestado2":"Sede - Oficial","eeidcomcor":"19","ecrcomcor":"Comuna 19","eeidbarver":"1917","eebarver":"El Mortiñal","eefecact":"2023-06-30Z","ieogrado_2":0,"ieogrado_1":0,"ieogrado0":0,"ieogrado1":0,"ieogrado2":0,"ieogrado3":0,"ieogrado4":0,"ieogrado5":0,"ieogrado6":0,"ieogrado7":0,"ieogrado8":0,"ieogrado9":0,"ieogrado10":0,"ieogrado11":0,"ieogrado21":0,"ieogrado22":0,"ieogrado23":0,"ieogrado24":0,"ieogrado25":0,"ieogrado26":0,"ieogrado41":0,"ieogrado42":0,"ieogrado43":0,"ieogrado44":0,"ieogrado45":0,"ieogrado99":0,"ieomatrtot":0,"ieoestrat0":0,"ieoestrat1":0,"ieoestrat2":0,"ieoestrat3":0,"ieoestrat4":0,"ieoestrat5":0,"ieoestrat6":0,"ieoestrat9":0,"ieofemen":0,"ieomascul":0,"ieoalgdisc":0,"ieonarp":0,"ieoindigen":0,"ieofecha":"2024-04-03Z"}},{"type":"Feature","id":"esf_establecimiento_educativo.fid--215d4958_1a0d9e21907_-75f3","geometry":{"type":"Point","coordinates":[-76.54293851,3.44231707]},"geometry_name":"the_geom","properties":{"gid":217,"eecoddane":"176001002253","eenomins":"Institucion Educativa Normal Superior Los Farallones","eecodanant":"176001001788","eeconsede":"17600100225300","eenomsede":"Martin Restrepo Mejia","eeidclasede":"SEDE","eeclasede":"Sede","eeidestado":"OF","eeestado":"Oficial","eedirecc":"KR 22 OESTE 2 65","eenomcorto":"SD Martin Restrepo Mejia","eeidestado2":"SEDOF","eeestado2":"Sede - Oficial","eeidcomcor":"03","ecrcomcor":"Comuna 03","eeidbarver":"0315","eebarver":"Navarro - La Chanca","eefecact":"2023-06-30Z","ieogrado_2":0,"ieogrado_1":46,"ieogrado0":102,"ieogrado1":163,"ieogrado2":157,"ieogrado3":0,"ieogrado4":0,"ieogrado5":0,"ieogrado6":0,"ieogrado7":0,"ieogrado8":0,"ieogrado9":0,"ieogrado10":0,"ieogrado11":0,"ieogrado21":0,"ieogrado22":0,"ieogrado23":0,"ieogrado24":0,"ieogrado25":0,"ieogrado26":0,"ieogrado41":0,"ieogrado42":0,"ieogrado43":0,"ieogrado44":0,"ieogrado45":0,"ieogrado99":0,"ieomatrtot":468,"ieoestrat0":0,"ieoestrat1":130,"ieoestrat2":130,"ieoestrat3":155,"ieoestrat4":24,"ieoestrat5":5,"ieoestrat6":0,"ieoestrat9":24,"ieofemen":255,"ieomascul":213,"ieoalgdisc":8,"ieonarp":1,"ieoindigen":0,"ieofecha":"2024-04-03Z"}},{"type":"Feature","id":"esf_establecimiento_educativo.fid--215d4958_1a0d9e21907_-75f2","geometry":{"type":"Point","coordinates":[-76.54330756,3.44243309]},"geometry_name":"the_geom","properties":{"gid":218,"eecoddane":"176001002253","eenomins":"Institucion Educativa Normal Superior Los Farallones","eecodanant":"176001002253","eeconsede":"17600100225300","eenomsede":"Institucion Educativa Normal Superior Los Farallones","eeidclasede":"PRIN","eeclasede":"Principal","eeidestado":"OF","eeestado":"Oficial","eedirecc":"KR 22 2 65 OESTE","eenomcorto":"IE Normal Superior Los Farallones","eeidestado2":"IEOOF","eeestado2":"IEO - Oficial","eeidcomcor":"03","ecrcomcor":"Comuna 03","eeidbarver":"0315","eebarver":"Navarro - La Chanca","eefecact":"2023-06-30Z","ieogrado_2":0,"ieogrado_1":0,"ieogrado0":0,"ieogrado1":0,"ieogrado2":0,"ieogrado3":0,"ieogrado4":0,"ieogrado5":0,"ieogrado6":197,"ieogrado7":164,"ieogrado8":204,"ieogrado9":222,"ieogrado10":166,"ieogrado11":195,"ieogrado21":0,"ieogrado22":0,"ieogrado23":0,"ieogrado24":0,"ieogrado25":0,"ieogrado26":0,"ieogrado41":15,"ieogrado42":53,"ieogrado43":16,"ieogrado44":64,"ieogrado45":15,"ieogrado99":0,"ieomatrtot":1311,"ieoestrat0":21,"ieoestrat1":520,"ieoestrat2":384,"ieoestrat3":330,"ieoestrat4":36,"ieoestrat5":9,"ieoestrat6":2,"ieoestrat9":9,"ieofemen":799,"ieomascul":512,"ieoalgdisc":22,"ieonarp":85,"ieoindigen":31,"ieofecha":"2024-04-03Z"}},{"type":"Feature","id":"esf_establecimiento_educativo.fid--215d4958_1a0d9e21907_-75f1","geometry":{"type":"Point","coordinates":[-76.53765068,3.44246809]},"geometry_name":"the_geom","properties":{"gid":219,"eecoddane":"176001001818","eenomins":"Institucion Educativa De Santa Librada","eecodanant":"176001004582","eeconsede":"17600100181800","eenomsede":"Sede Eustaquio Palacios","eeidclasede":"SEDE","eeclasede":"Sede","eeidestado":"OF","eeestado":"Oficial","eedirecc":"KR 17 3 A 55","eenomcorto":"SD Eustaquio Palacios","eeidestado2":"SEDOF","eeestado2":"Sede - Oficial","eeidcomcor":"03","ecrcomcor":"Comuna 03","eeidbarver":"0305","eebarver":"Los Libertadores","eefecact":"2023-06-30Z","ieogrado_2":0,"ieogrado_1":0,"ieogrado0":16,"ieogrado1":28,"ieogrado2":31,"ieogrado3":25,"ieogrado4":31,"ieogrado5":32,"ieogrado6":0,"ieogrado7":0,"ieogrado8":0,"ieogrado9":0,"ieogrado10":0,"ieogrado11":0,"ieogrado21":0,"ieogrado22":0,"ieogrado23":0,"ieogrado24":0,"ieogrado25":0,"ieogrado26":0,"ieogrado41":0,"ieogrado42":0,"ieogrado43":0,"ieogrado44":0,"ieogrado45":0,"ieogrado99":0,"ieomatrtot":163,"ieoestrat0":9,"ieoestrat1":82,"ieoestrat2":32,"ieoestrat3":21,"ieoestrat4":1,"ieoestrat5":3,"ieoestrat6":0,"ieoestrat9":15,"ieofemen":82,"ieomascul":81,"ieoalgdisc":0,"ieonarp":6,"ieoindigen":69,"ieofecha":"2024-04-03Z"}},{"type":"Feature","id":"esf_establecimiento_educativo.fid--215d4958_1a0d9e21907_-75f0","geometry":{"type":"Point","coordinates":[-76.5135269,3.44267913]},"geometry_name":"the_geom","properties":{"gid":220,"eecoddane":"176001004329","eenomins":"Institucion Educativa Evaristo Garcia","eecodanant":"176001004329","eeconsede":"17600100432900","eenomsede":"Institucion Educativa Evaristo Garcia","eeidclasede":"PRIN","eeclasede":"Principal","eeidestado":"OF","eeestado":"Oficial","eedirecc":"CL 32 17 41","eenomcorto":"IE Evaristo Garcia","eeidestado2":"IEOOF","eeestado2":"IEO - Oficial","eeidcomcor":"08","ecrcomcor":"Comuna 08","eeidbarver":"0803","eebarver":"Saavedra Galindo","eefecact":"2023-06-30Z","ieogrado_2":0,"ieogrado_1":0,"ieogrado0":18,"ieogrado1":0,"ieogrado2":0,"ieogrado3":0,"ieogrado4":0,"ieogrado5":0,"ieogrado6":101,"ieogrado7":105,"ieogrado8":92,"ieogrado9":62,"ieogrado10":66,"ieogrado11":53,"ieogrado21":0,"ieogrado22":0,"ieogrado23":0,"ieogrado24":0,"ieogrado25":0,"ieogrado26":0,"ieogrado41":0,"ieogrado42":0,"ieogrado43":0,"ieogrado44":0,"ieogrado45":0,"ieogrado99":0,"ieomatrtot":497,"ieoestrat0":7,"ieoestrat1":81,"ieoestrat2":249,"ieoestrat3":147,"ieoestrat4":7,"ieoestrat5":2,"ieoestrat6":0,"ieoestrat9":4,"ieofemen":251,"ieomascul":246,"ieoalgdisc":11,"ieonarp":21,"ieoindigen":4,"ieofecha":"2024-04-03Z"}},{"type":"Feature","id":"esf_establecimiento_educativo.fid--215d4958_1a0d9e21907_-75ef","geometry":{"type":"Point","coordinates":[-76.51047442,3.44274614]},"geometry_name":"the_geom","properties":{"gid":221,"eecoddane":"176001006071","eenomins":"Institucion Educativa Santa Fe","eecodanant":"176001004345","eeconsede":"17600100607100","eenomsede":"Estado De Puerto Rico","eeidclasede":"SEDE","eeclasede":"Sede","eeidestado":"OF","eeestado":"Oficial","eedirecc":"KR 17 33 D 10","eenomcorto":"SD Estado De Puerto Rico","eeidestado2":"SEDOF","eeestado2":"Sede - Oficial","eeidcomcor":"08","ecrcomcor":"Comuna 08","eeidbarver":"0806","eebarver":"La Floresta","eefecact":"2023-06-30Z","ieogrado_2":0,"ieogrado_1":29,"ieogrado0":76,"ieogrado1":0,"ieogrado2":0,"ieogrado3":0,"ieogrado4":0,"ieogrado5":0,"ieogrado6":0,"ieogrado7":0,"ieogrado8":0,"ieogrado9":0,"ieogrado10":0,"ieogrado11":0,"ieogrado21":0,"ieogrado22":0,"ieogrado23":0,"ieogrado24":0,"ieogrado25":0,"ieogrado26":0,"ieogrado41":0,"ieogrado42":0,"ieogrado43":0,"ieogrado44":0,"ieogrado45":0,"ieogrado99":0,"ieomatrtot":105,"ieoestrat0":0,"ieoestrat1":1,"ieoestrat2":27,"ieoestrat3":76,"ieoestrat4":0,"ieoestrat5":1,"ieoestrat6":0,"ieoestrat9":0,"ieofemen":39,"ieomascul":66,"ieoalgdisc":0,"ieonarp":0,"ieoindigen":0,"ieofecha":"2024-04-03Z"}},{"type":"Feature","id":"esf_establecimiento_educativo.fid--215d4958_1a0d9e21907_-75ee","geometry":{"type":"Point","coordinates":[-76.54494482,3.44283015]},"geometry_name":"the_geom","properties":{"gid":222,"eecoddane":"176001002253","eenomins":"Institucion Educativa Normal Superior Los Farallones","eecodanant":"176001005210","eeconsede":"17600100225300","eenomsede":"Maria Perlaza","eeidclasede":"SEDE","eeclasede":"Sede","eeidestado":"OF","eeestado":"Oficial","eedirecc":"CL 5 OESTE 18 02","eenomcorto":"SD Maria Perlaza","eeidestado2":"SEDOF","eeestado2":"Sede - Oficial","eeidcomcor":"03","ecrcomcor":"Comuna 03","eeidbarver":"0315","eebarver":"Navarro - La Chanca","eefecact":"2023-06-30Z","ieogrado_2":0,"ieogrado_1":0,"ieogrado0":0,"ieogrado1":0,"ieogrado2":0,"ieogrado3":175,"ieogrado4":0,"ieogrado5":0,"ieogrado6":0,"ieogrado7":0,"ieogrado8":0,"ieogrado9":0,"ieogrado10":0,"ieogrado11":0,"ieogrado21":0,"ieogrado22":0,"ieogrado23":0,"ieogrado24":0,"ieogrado25":0,"ieogrado26":0,"ieogrado41":0,"ieogrado42":0,"ieogrado43":0,"ieogrado44":0,"ieogrado45":0,"ieogrado99":0,"ieomatrtot":175,"ieoestrat0":0,"ieoestrat1":58,"ieoestrat2":46,"ieoestrat3":60,"ieoestrat4":2,"ieoestrat5":4,"ieoestrat6":1,"ieoestrat9":4,"ieofemen":91,"ieomascul":84,"ieoalgdisc":6,"ieonarp":2,"ieoindigen":2,"ieofecha":"2024-04-03Z"}},{"type":"Feature","id":"esf_establecimiento_educativo.fid--215d4958_1a0d9e21907_-75ed","geometry":{"type":"Point","coordinates":[-76.5004398,3.44298846]},"geometry_name":"the_geom","properties":{"gid":223,"eecoddane":"176001003951","eenomins":"Institucion Educativa Julio Caicedo Y Tellez","eecodanant":"176001002733","eeconsede":"17600100395100","eenomsede":"Batalla De Carabobo","eeidclasede":"SEDE","eeclasede":"Sede","eeidestado":"OF","eeestado":"Oficial","eedirecc":"CL 16 51 00","eenomcorto":"SD Batalla De Carabobo","eeidestado2":"SEDOF","eeestado2":"Sede - Oficial","eeidcomcor":"12","ecrcomcor":"Comuna 12","eeidbarver":"1207","eebarver":"Nueva Floresta","eefecact":"2023-06-30Z","ieogrado_2":0,"ieogrado_1":0,"ieogrado0":20,"ieogrado1":35,"ieogrado2":34,"ieogrado3":30,"ieogrado4":33,"ieogrado5":24,"ieogrado6":0,"ieogrado7":0,"ieogrado8":0,"ieogrado9":0,"ieogrado10":0,"ieogrado11":0,"ieogrado21":0,"ieogrado22":0,"ieogrado23":0,"ieogrado24":0,"ieogrado25":0,"ieogrado26":0,"ieogrado41":0,"ieogrado42":0,"ieogrado43":0,"ieogrado44":0,"ieogrado45":0,"ieogrado99":0,"ieomatrtot":176,"ieoestrat0":0,"ieoestrat1":3,"ieoestrat2":28,"ieoestrat3":142,"ieoestrat4":1,"ieoestrat5":0,"ieoestrat6":0,"ieoestrat9":2,"ieofemen":80,"ieomascul":96,"ieoalgdisc":4,"ieonarp":3,"ieoindigen":0,"ieofecha":"2024-04-03Z"}},{"type":"Feature","id":"esf_establecimiento_educativo.fid--215d4958_1a0d9e21907_-75ec","geometry":{"type":"Point","coordinates":[-76.4982105,3.44299718]},"geometry_name":"the_geom","properties":{"gid":224,"eecoddane":"176001001681","eenomins":"Institucion Educativa Alberto Carvajal Borrero","eecodanant":"176001003128","eeconsede":"17600100168100","eenomsede":"Cacique De Guatavita","eeidclasede":"SEDE","eeclasede":"Sede","eeidestado":"OF","eeestado":"Oficial","eedirecc":"IND CL 54 15 A 20","eenomcorto":"SD Cacique De Guatavita","eeidestado2":"SEDOF","eeestado2":"Sede - Oficial","eeidcomcor":"08","ecrcomcor":"Comuna 08","eeidbarver":"0814","eebarver":"Chapinero","eefecact":"2023-06-30Z","ieogrado_2":0,"ieogrado_1":10,"ieogrado0":18,"ieogrado1":20,"ieogrado2":28,"ieogrado3":26,"ieogrado4":26,"ieogrado5":29,"ieogrado6":0,"ieogrado7":60,"ieogrado8":0,"ieogrado9":44,"ieogrado10":0,"ieogrado11":0,"ieogrado21":0,"ieogrado22":0,"ieogrado23":0,"ieogrado24":0,"ieogrado25":0,"ieogrado26":0,"ieogrado41":0,"ieogrado42":0,"ieogrado43":0,"ieogrado44":0,"ieogrado45":0,"ieogrado99":52,"ieomatrtot":313,"ieoestrat0":3,"ieoestrat1":106,"ieoestrat2":69,"ieoestrat3":133,"ieoestrat4":0,"ieoestrat5":1,"ieoestrat6":0,"ieoestrat9":1,"ieofemen":126,"ieomascul":187,"ieoalgdisc":11,"ieonarp":62,"ieoindigen":1,"ieofecha":"2024-04-03Z"}},{"type":"Feature","id":"esf_establecimiento_educativo.fid--215d4958_1a0d9e21907_-75eb","geometry":{"type":"Point","coordinates":[-76.53487124,3.44325922]},"geometry_name":"the_geom","properties":{"gid":225,"eecoddane":"176001001818","eenomins":"Institucion Educativa De Santa Librada","eecodanant":"176001004558","eeconsede":"17600100181800","eenomsede":"Sede Luis Carlos Peña","eeidclasede":"SEDE","eeclasede":"Sede","eeidestado":"OF","eeestado":"Oficial","eedirecc":"CL 7 14 36","eenomcorto":"SD Luis Carlos Peña","eeidestado2":"SEDOF","eeestado2":"Sede - Oficial","eeidcomcor":"03","ecrcomcor":"Comuna 03","eeidbarver":"0306","eebarver":"San Juan Bosco","eefecact":"2023-06-30Z","ieogrado_2":0,"ieogrado_1":0,"ieogrado0":20,"ieogrado1":25,"ieogrado2":35,"ieogrado3":21,"ieogrado4":0,"ieogrado5":0,"ieogrado6":0,"ieogrado7":0,"ieogrado8":0,"ieogrado9":0,"ieogrado10":0,"ieogrado11":0,"ieogrado21":0,"ieogrado22":0,"ieogrado23":0,"ieogrado24":0,"ieogrado25":0,"ieogrado26":0,"ieogrado41":0,"ieogrado42":0,"ieogrado43":0,"ieogrado44":0,"ieogrado45":0,"ieogrado99":0,"ieomatrtot":101,"ieoestrat0":1,"ieoestrat1":22,"ieoestrat2":8,"ieoestrat3":56,"ieoestrat4":2,"ieoestrat5":3,"ieoestrat6":0,"ieoestrat9":9,"ieofemen":51,"ieomascul":50,"ieoalgdisc":1,"ieonarp":2,"ieoindigen":3,"ieofecha":"2024-04-03Z"}},{"type":"Feature","id":"esf_establecimiento_educativo.fid--215d4958_1a0d9e21907_-75ea","geometry":{"type":"Point","coordinates":[-76.52422611,3.44338971]},"geometry_name":"the_geom","properties":{"gid":226,"eecoddane":"176001005368","eenomins":"Institucion Educativa Republica De Argentina","eecodanant":"176001005414","eeconsede":"17600100536800","eenomsede":"Sebastian De Belalcazar","eeidclasede":"SEDE","eeclasede":"Sede","eeidestado":"OF","eeestado":"Oficial","eedirecc":"CL 17 14 57","eenomcorto":"SD Sebastian De Belalcazar","eeidestado2":"SEDOF","eeestado2":"Sede - Oficial","eeidcomcor":"09","ecrcomcor":"Comuna 09","eeidbarver":"0909","eebarver":"Sucre","eefecact":"2023-06-30Z","ieogrado_2":0,"ieogrado_1":0,"ieogrado0":11,"ieogrado1":25,"ieogrado2":22,"ieogrado3":17,"ieogrado4":22,"ieogrado5":23,"ieogrado6":0,"ieogrado7":0,"ieogrado8":0,"ieogrado9":0,"ieogrado10":0,"ieogrado11":0,"ieogrado21":0,"ieogrado22":0,"ieogrado23":0,"ieogrado24":0,"ieogrado25":0,"ieogrado26":0,"ieogrado41":0,"ieogrado42":0,"ieogrado43":0,"ieogrado44":0,"ieogrado45":0,"ieogrado99":23,"ieomatrtot":143,"ieoestrat0":2,"ieoestrat1":67,"ieoestrat2":43,"ieoestrat3":30,"ieoestrat4":0,"ieoestrat5":0,"ieoestrat6":0,"ieoestrat9":1,"ieofemen":64,"ieomascul":79,"ieoalgdisc":7,"ieonarp":9,"ieoindigen":0,"ieofecha":"2024-04-03Z"}},{"type":"Feature","id":"esf_establecimiento_educativo.fid--215d4958_1a0d9e21907_-75e9","geometry":{"type":"Point","coordinates":[-76.50432946,3.44348925]},"geometry_name":"the_geom","properties":{"gid":227,"eecoddane":"176001006071","eenomins":"Institucion Educativa Santa Fe","eecodanant":"176001003896","eeconsede":"0","eenomsede":"Croydon","eeidclasede":"SEDE","eeclasede":"Sede","eeidestado":"OF","eeestado":"Oficial","eedirecc":"KR 16 42 54","eenomcorto":"SD Croydon","eeidestado2":"SEDCT","eeestado2":"Sede - Cierre Temporal","eeidcomcor":"08","ecrcomcor":"Comuna 08","eeidbarver":"0812","eebarver":"Atanasio Girardot","eefecact":"2023-06-30Z","ieogrado_2":0,"ieogrado_1":0,"ieogrado0":0,"ieogrado1":122,"ieogrado2":130,"ieogrado3":0,"ieogrado4":0,"ieogrado5":0,"ieogrado6":0,"ieogrado7":0,"ieogrado8":0,"ieogrado9":0,"ieogrado10":0,"ieogrado11":0,"ieogrado21":0,"ieogrado22":0,"ieogrado23":0,"ieogrado24":0,"ieogrado25":0,"ieogrado26":0,"ieogrado41":0,"ieogrado42":0,"ieogrado43":0,"ieogrado44":0,"ieogrado45":0,"ieogrado99":0,"ieomatrtot":252,"ieoestrat0":1,"ieoestrat1":5,"ieoestrat2":70,"ieoestrat3":172,"ieoestrat4":0,"ieoestrat5":0,"ieoestrat6":0,"ieoestrat9":4,"ieofemen":119,"ieomascul":133,"ieoalgdisc":2,"ieonarp":1,"ieoindigen":0,"ieofecha":"2024-04-03Z"}},{"type":"Feature","id":"esf_establecimiento_educativo.fid--215d4958_1a0d9e21907_-75e8","geometry":{"type":"Point","coordinates":[-76.54345859,3.44387332]},"geometry_name":"the_geom","properties":{"gid":228,"eecoddane":"176001002253","eenomins":"Institucion Educativa Normal Superior Los Farallones","eecodanant":"176001004779","eeconsede":"17600100225300","eenomsede":"Manuel Sinisterra Patiño","eeidclasede":"SEDE","eeclasede":"Sede","eeidestado":"OF","eeestado":"Oficial","eedirecc":"IND KR 14 CON CL 3 OESTE  NO. 3-50","eenomcorto":"SD Manuel Sinisterra Patiño","eeidestado2":"SEDOF","eeestado2":"Sede - Oficial","eeidcomcor":"03","ecrcomcor":"Comuna 03","eeidbarver":"0303","eebarver":"San Antonio","eefecact":"2023-06-30Z","ieogrado_2":0,"ieogrado_1":0,"ieogrado0":0,"ieogrado1":0,"ieogrado2":0,"ieogrado3":0,"ieogrado4":171,"ieogrado5":0,"ieogrado6":0,"ieogrado7":0,"ieogrado8":0,"ieogrado9":0,"ieogrado10":0,"ieogrado11":0,"ieogrado21":0,"ieogrado22":0,"ieogrado23":0,"ieogrado24":0,"ieogrado25":0,"ieogrado26":0,"ieogrado41":0,"ieogrado42":0,"ieogrado43":0,"ieogrado44":0,"ieogrado45":0,"ieogrado99":0,"ieomatrtot":171,"ieoestrat0":2,"ieoestrat1":46,"ieoestrat2":52,"ieoestrat3":65,"ieoestrat4":4,"ieoestrat5":1,"ieoestrat6":0,"ieoestrat9":1,"ieofemen":87,"ieomascul":84,"ieoalgdisc":2,"ieonarp":2,"ieoindigen":2,"ieofecha":"2024-04-03Z"}},{"type":"Feature","id":"esf_establecimiento_educativo.fid--215d4958_1a0d9e21907_-75e7","geometry":{"type":"Point","coordinates":[-76.48744081,3.44395033]},"geometry_name":"the_geom","properties":{"gid":229,"eecoddane":"176001005970","eenomins":"Institucion Educativa Siete De Agosto","eecodanant":"176001004663","eeconsede":"17600100597000","eenomsede":"Unidad Vecinal Siete De Agosto","eeidclasede":"SEDE","eeclasede":"Sede","eeidestado":"OF","eeestado":"Oficial","eedirecc":"CL 71 DG 17 20","eenomcorto":"SD Unidad Vecinal Siete De Agosto","eeidestado2":"SEDOF","eeestado2":"Sede - Oficial","eeidcomcor":"07","ecrcomcor":"Comuna 07","eeidbarver":"0707","eebarver":"Siete de Agosto","eefecact":"2023-06-30Z","ieogrado_2":0,"ieogrado_1":0,"ieogrado0":29,"ieogrado1":52,"ieogrado2":66,"ieogrado3":45,"ieogrado4":51,"ieogrado5":53,"ieogrado6":0,"ieogrado7":0,"ieogrado8":0,"ieogrado9":0,"ieogrado10":0,"ieogrado11":0,"ieogrado21":0,"ieogrado22":0,"ieogrado23":0,"ieogrado24":0,"ieogrado25":0,"ieogrado26":0,"ieogrado41":0,"ieogrado42":0,"ieogrado43":0,"ieogrado44":0,"ieogrado45":0,"ieogrado99":0,"ieomatrtot":296,"ieoestrat0":0,"ieoestrat1":122,"ieoestrat2":75,"ieoestrat3":78,"ieoestrat4":0,"ieoestrat5":0,"ieoestrat6":1,"ieoestrat9":20,"ieofemen":139,"ieomascul":157,"ieoalgdisc":3,"ieonarp":257,"ieoindigen":1,"ieofecha":"2024-04-03Z"}},{"type":"Feature","id":"esf_establecimiento_educativo.fid--215d4958_1a0d9e21907_-75e6","geometry":{"type":"Point","coordinates":[-76.49488498,3.44434539]},"geometry_name":"the_geom","properties":{"gid":230,"eecoddane":"176001001681","eenomins":"Institucion Educativa Alberto Carvajal Borrero","eecodanant":"176001001681","eeconsede":"17600100168100","eenomsede":"Institucion Educativa Alberto Carvajal Borrero","eeidclasede":"PRIN","eeclasede":"Principal","eeidestado":"OF","eeestado":"Oficial","eedirecc":"IND KR 14 58 00","eenomcorto":"IE Alberto Carvajal Borrero","eeidestado2":"IEOOF","eeestado2":"IEO - Oficial","eeidcomcor":"08","ecrcomcor":"Comuna 08","eeidbarver":"0816","eebarver":"El Trébol","eefecact":"2023-06-30Z","ieogrado_2":0,"ieogrado_1":0,"ieogrado0":0,"ieogrado1":0,"ieogrado2":0,"ieogrado3":0,"ieogrado4":0,"ieogrado5":0,"ieogrado6":70,"ieogrado7":93,"ieogrado8":83,"ieogrado9":65,"ieogrado10":108,"ieogrado11":72,"ieogrado21":0,"ieogrado22":0,"ieogrado23":0,"ieogrado24":0,"ieogrado25":0,"ieogrado26":0,"ieogrado41":0,"ieogrado42":0,"ieogrado43":0,"ieogrado44":0,"ieogrado45":0,"ieogrado99":0,"ieomatrtot":491,"ieoestrat0":3,"ieoestrat1":147,"ieoestrat2":123,"ieoestrat3":215,"ieoestrat4":2,"ieoestrat5":0,"ieoestrat6":0,"ieoestrat9":1,"ieofemen":247,"ieomascul":244,"ieoalgdisc":15,"ieonarp":99,"ieoindigen":5,"ieofecha":"2024-04-03Z"}},{"type":"Feature","id":"esf_establecimiento_educativo.fid--215d4958_1a0d9e21907_-75e5","geometry":{"type":"Point","coordinates":[-76.49577712,3.4444244]},"geometry_name":"the_geom","properties":{"gid":231,"eecoddane":"176001001681","eenomins":"Institucion Educativa Alberto Carvajal Borrero","eecodanant":"176001004191","eeconsede":"17600100168100","eenomsede":"Abrahan Dominguez","eeidclasede":"SEDE","eeclasede":"Sede","eeidestado":"OF","eeestado":"Oficial","eedirecc":"KR 14 57 19","eenomcorto":"SD Abrahan Dominguez","eeidestado2":"SEDOF","eeestado2":"Sede - Oficial","eeidcomcor":"08","ecrcomcor":"Comuna 08","eeidbarver":"0816","eebarver":"El Trébol","eefecact":"2023-06-30Z","ieogrado_2":0,"ieogrado_1":0,"ieogrado0":14,"ieogrado1":18,"ieogrado2":28,"ieogrado3":32,"ieogrado4":28,"ieogrado5":34,"ieogrado6":0,"ieogrado7":0,"ieogrado8":0,"ieogrado9":0,"ieogrado10":0,"ieogrado11":0,"ieogrado21":0,"ieogrado22":0,"ieogrado23":0,"ieogrado24":0,"ieogrado25":0,"ieogrado26":0,"ieogrado41":0,"ieogrado42":0,"ieogrado43":0,"ieogrado44":0,"ieogrado45":0,"ieogrado99":0,"ieomatrtot":154,"ieoestrat0":4,"ieoestrat1":47,"ieoestrat2":31,"ieoestrat3":67,"ieoestrat4":1,"ieoestrat5":0,"ieoestrat6":0,"ieoestrat9":4,"ieofemen":78,"ieomascul":76,"ieoalgdisc":5,"ieonarp":16,"ieoindigen":0,"ieofecha":"2024-04-03Z"}},{"type":"Feature","id":"esf_establecimiento_educativo.fid--215d4958_1a0d9e21907_-75e4","geometry":{"type":"Point","coordinates":[-76.55260802,3.44524553]},"geometry_name":"the_geom","properties":{"gid":232,"eecoddane":"176001002253","eenomins":"Institucion Educativa Normal Superior Los Farallones","eecodanant":"176001004591","eeconsede":"17600100225300","eenomsede":"Francisco Jose De Caldas","eeidclasede":"SEDE","eeclasede":"Sede","eeidestado":"OF","eeestado":"Oficial","eedirecc":"KR 4 OESTE 12 A 59","eenomcorto":"SD Francisco Jose De Caldas","eeidestado2":"SEDOF","eeestado2":"Sede - Oficial","eeidcomcor":"19","ecrcomcor":"Comuna 19","eeidbarver":"1909","eebarver":"Bellavista","eefecact":"2023-06-30Z","ieogrado_2":0,"ieogrado_1":0,"ieogrado0":27,"ieogrado1":30,"ieogrado2":30,"ieogrado3":24,"ieogrado4":27,"ieogrado5":30,"ieogrado6":0,"ieogrado7":0,"ieogrado8":0,"ieogrado9":0,"ieogrado10":0,"ieogrado11":0,"ieogrado21":0,"ieogrado22":0,"ieogrado23":0,"ieogrado24":0,"ieogrado25":0,"ieogrado26":0,"ieogrado41":0,"ieogrado42":0,"ieogrado43":0,"ieogrado44":0,"ieogrado45":0,"ieogrado99":0,"ieomatrtot":168,"ieoestrat0":1,"ieoestrat1":64,"ieoestrat2":81,"ieoestrat3":14,"ieoestrat4":0,"ieoestrat5":2,"ieoestrat6":2,"ieoestrat9":4,"ieofemen":73,"ieomascul":95,"ieoalgdisc":2,"ieonarp":3,"ieoindigen":0,"ieofecha":"2024-04-03Z"}},{"type":"Feature","id":"esf_establecimiento_educativo.fid--215d4958_1a0d9e21907_-75e3","geometry":{"type":"Point","coordinates":[-76.49833206,3.44597816]},"geometry_name":"the_geom","properties":{"gid":233,"eecoddane":"176001001800","eenomins":"Institucion Educativa Villacolombia","eecodanant":"176001003985","eeconsede":"17600100180000","eenomsede":"Republica De Colombia","eeidclasede":"SEDE","eeclasede":"Sede","eeidestado":"OF","eeestado":"Oficial","eedirecc":"CL 53 12 E 11","eenomcorto":"SD Republica De Colombia","eeidestado2":"SEDOF","eeestado2":"Sede - Oficial","eeidcomcor":"08","ecrcomcor":"Comuna 08","eeidbarver":"0815","eebarver":"Villa Colombia","eefecact":"2023-06-30Z","ieogrado_2":0,"ieogrado_1":0,"ieogrado0":0,"ieogrado1":0,"ieogrado2":0,"ieogrado3":86,"ieogrado4":100,"ieogrado5":91,"ieogrado6":0,"ieogrado7":0,"ieogrado8":0,"ieogrado9":0,"ieogrado10":0,"ieogrado11":0,"ieogrado21":0,"ieogrado22":0,"ieogrado23":0,"ieogrado24":0,"ieogrado25":0,"ieogrado26":0,"ieogrado41":0,"ieogrado42":0,"ieogrado43":0,"ieogrado44":0,"ieogrado45":0,"ieogrado99":0,"ieomatrtot":277,"ieoestrat0":0,"ieoestrat1":7,"ieoestrat2":18,"ieoestrat3":251,"ieoestrat4":0,"ieoestrat5":0,"ieoestrat6":0,"ieoestrat9":1,"ieofemen":158,"ieomascul":119,"ieoalgdisc":1,"ieonarp":8,"ieoindigen":0,"ieofecha":"2024-04-03Z"}},{"type":"Feature","id":"esf_establecimiento_educativo.fid--215d4958_1a0d9e21907_-75e2","geometry":{"type":"Point","coordinates":[-76.50198418,3.4463582]},"geometry_name":"the_geom","properties":{"gid":234,"eecoddane":"176001001800","eenomins":"Institucion Educativa Villacolombia","eecodanant":"176001001800","eeconsede":"17600100180000","eenomsede":"Institucion Educativa Villacolombia","eeidclasede":"PRIN","eeclasede":"Principal","eeidestado":"OF","eeestado":"Oficial","eedirecc":"KR 12 E 48 36","eenomcorto":"IE Villacolombia","eeidestado2":"IEOOF","eeestado2":"IEO - Oficial","eeidcomcor":"08","ecrcomcor":"Comuna 08","eeidbarver":"0815","eebarver":"Villa Colombia","eefecact":"2023-06-30Z","ieogrado_2":0,"ieogrado_1":0,"ieogrado0":0,"ieogrado1":0,"ieogrado2":0,"ieogrado3":0,"ieogrado4":0,"ieogrado5":0,"ieogrado6":135,"ieogrado7":113,"ieogrado8":109,"ieogrado9":146,"ieogrado10":112,"ieogrado11":81,"ieogrado21":0,"ieogrado22":0,"ieogrado23":0,"ieogrado24":0,"ieogrado25":0,"ieogrado26":0,"ieogrado41":0,"ieogrado42":0,"ieogrado43":0,"ieogrado44":0,"ieogrado45":0,"ieogrado99":0,"ieomatrtot":696,"ieoestrat0":0,"ieoestrat1":14,"ieoestrat2":67,"ieoestrat3":611,"ieoestrat4":1,"ieoestrat5":0,"ieoestrat6":0,"ieoestrat9":3,"ieofemen":382,"ieomascul":314,"ieoalgdisc":13,"ieonarp":43,"ieoindigen":1,"ieofecha":"2024-04-03Z"}},{"type":"Feature","id":"esf_establecimiento_educativo.fid--215d4958_1a0d9e21907_-75e1","geometry":{"type":"Point","coordinates":[-76.51760354,3.44681378]},"geometry_name":"the_geom","properties":{"gid":235,"eecoddane":"176001001826","eenomins":"Institucion Educativa Jose Manuel Saavedra Galindo","eecodanant":"176001004019","eeconsede":"17600100182600","eenomsede":"Benjamin Herrera","eeidclasede":"SEDE","eeclasede":"Sede","eeidestado":"OF","eeestado":"Oficial","eedirecc":"CL 26 12 34","eenomcorto":"SD Benjamin Herrera","eeidestado2":"SEDOF","eeestado2":"Sede - Oficial","eeidcomcor":"08","ecrcomcor":"Comuna 08","eeidbarver":"0807","eebarver":"Benjamín Herrera","eefecact":"2023-06-30Z","ieogrado_2":0,"ieogrado_1":0,"ieogrado0":30,"ieogrado1":33,"ieogrado2":39,"ieogrado3":36,"ieogrado4":37,"ieogrado5":30,"ieogrado6":0,"ieogrado7":0,"ieogrado8":0,"ieogrado9":0,"ieogrado10":0,"ieogrado11":0,"ieogrado21":0,"ieogrado22":0,"ieogrado23":0,"ieogrado24":0,"ieogrado25":0,"ieogrado26":0,"ieogrado41":0,"ieogrado42":0,"ieogrado43":0,"ieogrado44":0,"ieogrado45":0,"ieogrado99":0,"ieomatrtot":205,"ieoestrat0":1,"ieoestrat1":13,"ieoestrat2":52,"ieoestrat3":135,"ieoestrat4":0,"ieoestrat5":0,"ieoestrat6":0,"ieoestrat9":4,"ieofemen":105,"ieomascul":100,"ieoalgdisc":1,"ieonarp":6,"ieoindigen":0,"ieofecha":"2024-04-03Z"}},{"type":"Feature","id":"esf_establecimiento_educativo.fid--215d4958_1a0d9e21907_-75e0","geometry":{"type":"Point","coordinates":[-76.50728092,3.44720084]},"geometry_name":"the_geom","properties":{"gid":236,"eecoddane":"176001022360","eenomins":"Institucion Educativa Tecnica Comercial Las Americas","eecodanant":"176001002741","eeconsede":"17600102236000","eenomsede":"Rafael Uribe Uribe","eeidclasede":"SEDE","eeclasede":"Sede","eeidestado":"OF","eeestado":"Oficial","eedirecc":"KR 12 38 62","eenomcorto":"SD Rafael Uribe Uribe","eeidestado2":"SEDOF","eeestado2":"Sede - Oficial","eeidcomcor":"08","ecrcomcor":"Comuna 08","eeidbarver":"0811","eebarver":"Las Américas","eefecact":"2023-06-30Z","ieogrado_2":0,"ieogrado_1":0,"ieogrado0":0,"ieogrado1":0,"ieogrado2":0,"ieogrado3":0,"ieogrado4":0,"ieogrado5":0,"ieogrado6":0,"ieogrado7":0,"ieogrado8":0,"ieogrado9":0,"ieogrado10":184,"ieogrado11":148,"ieogrado21":0,"ieogrado22":0,"ieogrado23":0,"ieogrado24":0,"ieogrado25":0,"ieogrado26":0,"ieogrado41":0,"ieogrado42":0,"ieogrado43":0,"ieogrado44":0,"ieogrado45":0,"ieogrado99":0,"ieomatrtot":332,"ieoestrat0":0,"ieoestrat1":29,"ieoestrat2":65,"ieoestrat3":237,"ieoestrat4":1,"ieoestrat5":0,"ieoestrat6":0,"ieoestrat9":0,"ieofemen":179,"ieomascul":153,"ieoalgdisc":6,"ieonarp":14,"ieoindigen":1,"ieofecha":"2024-04-03Z"}},{"type":"Feature","id":"esf_establecimiento_educativo.fid--215d4958_1a0d9e21907_-75df","geometry":{"type":"Point","coordinates":[-76.50698177,3.44729465]},"geometry_name":"the_geom","properties":{"gid":237,"eecoddane":"176001022360","eenomins":"Institucion Educativa Tecnica Comercial Las Americas","eecodanant":"176001022360","eeconsede":"17600102236000","eenomsede":"Institucion Educativa Tecnica Comercial Las Americas - Sede Principal","eeidclasede":"PRIN","eeclasede":"Principal","eeidestado":"OF","eeestado":"Oficial","eedirecc":"KR 12 38 58","eenomcorto":"IE Tecnica Comercial Las Americas","eeidestado2":"IEOOF","eeestado2":"IEO - Oficial","eeidcomcor":"08","ecrcomcor":"Comuna 08","eeidbarver":"0811","eebarver":"Las Américas","eefecact":"2023-06-30Z","ieogrado_2":0,"ieogrado_1":0,"ieogrado0":0,"ieogrado1":0,"ieogrado2":0,"ieogrado3":0,"ieogrado4":0,"ieogrado5":0,"ieogrado6":33,"ieogrado7":50,"ieogrado8":174,"ieogrado9":132,"ieogrado10":0,"ieogrado11":0,"ieogrado21":0,"ieogrado22":8,"ieogrado23":18,"ieogrado24":21,"ieogrado25":47,"ieogrado26":0,"ieogrado41":0,"ieogrado42":0,"ieogrado43":0,"ieogrado44":0,"ieogrado45":0,"ieogrado99":0,"ieomatrtot":483,"ieoestrat0":5,"ieoestrat1":51,"ieoestrat2":84,"ieoestrat3":340,"ieoestrat4":1,"ieoestrat5":0,"ieoestrat6":0,"ieoestrat9":2,"ieofemen":246,"ieomascul":237,"ieoalgdisc":6,"ieonarp":31,"ieoindigen":0,"ieofecha":"2024-04-03Z"}},{"type":"Feature","id":"esf_establecimiento_educativo.fid--215d4958_1a0d9e21907_-75de","geometry":{"type":"Point","coordinates":[-76.48694173,3.44741588]},"geometry_name":"the_geom","properties":{"gid":238,"eecoddane":"176001005970","eenomins":"Institucion Educativa Siete De Agosto","eecodanant":"176001005970","eeconsede":"17600100597000","eenomsede":"Institucion Educativa Siete De Agosto","eeidclasede":"PRIN","eeclasede":"Principal","eeidestado":"OF","eeestado":"Oficial","eedirecc":"CL 72 11 C 27","eenomcorto":"IE Siete De Agosto","eeidestado2":"IEOOF","eeestado2":"IEO - Oficial","eeidcomcor":"07","ecrcomcor":"Comuna 07","eeidbarver":"0707","eebarver":"Siete de Agosto","eefecact":"2023-06-30Z","ieogrado_2":0,"ieogrado_1":0,"ieogrado0":50,"ieogrado1":65,"ieogrado2":59,"ieogrado3":61,"ieogrado4":0,"ieogrado5":0,"ieogrado6":0,"ieogrado7":0,"ieogrado8":0,"ieogrado9":0,"ieogrado10":0,"ieogrado11":0,"ieogrado21":0,"ieogrado22":0,"ieogrado23":0,"ieogrado24":0,"ieogrado25":0,"ieogrado26":0,"ieogrado41":0,"ieogrado42":0,"ieogrado43":0,"ieogrado44":0,"ieogrado45":0,"ieogrado99":0,"ieomatrtot":235,"ieoestrat0":4,"ieoestrat1":66,"ieoestrat2":65,"ieoestrat3":72,"ieoestrat4":0,"ieoestrat5":0,"ieoestrat6":0,"ieoestrat9":28,"ieofemen":120,"ieomascul":115,"ieoalgdisc":4,"ieonarp":198,"ieoindigen":0,"ieofecha":"2024-04-03Z"}},{"type":"Feature","id":"esf_establecimiento_educativo.fid--215d4958_1a0d9e21907_-75dd","geometry":{"type":"Point","coordinates":[-76.51922179,3.4475559]},"geometry_name":"the_geom","properties":{"gid":239,"eecoddane":"176001005368","eenomins":"Institucion Educativa Republica De Argentina","eecodanant":"176001005368","eeconsede":"17600100536800","eenomsede":"Institucion Educativa Republica De Argentina","eeidclasede":"PRIN","eeclasede":"Principal","eeidestado":"OF","eeestado":"Oficial","eedirecc":"KR 11 D 23 49","eenomcorto":"IE Republica De Argentina","eeidestado2":"IEOOF","eeestado2":"IEO - Oficial","eeidcomcor":"09","ecrcomcor":"Comuna 09","eeidbarver":"0910","eebarver":"Barrio Obrero","eefecact":"2023-06-30Z","ieogrado_2":0,"ieogrado_1":0,"ieogrado0":0,"ieogrado1":0,"ieogrado2":0,"ieogrado3":0,"ieogrado4":0,"ieogrado5":0,"ieogrado6":76,"ieogrado7":76,"ieogrado8":34,"ieogrado9":52,"ieogrado10":36,"ieogrado11":23,"ieogrado21":0,"ieogrado22":0,"ieogrado23":0,"ieogrado24":0,"ieogrado25":0,"ieogrado26":0,"ieogrado41":0,"ieogrado42":0,"ieogrado43":0,"ieogrado44":0,"ieogrado45":0,"ieogrado99":0,"ieomatrtot":297,"ieoestrat0":4,"ieoestrat1":118,"ieoestrat2":135,"ieoestrat3":27,"ieoestrat4":2,"ieoestrat5":0,"ieoestrat6":0,"ieoestrat9":11,"ieofemen":130,"ieomascul":167,"ieoalgdisc":3,"ieonarp":30,"ieoindigen":3,"ieofecha":"2024-04-03Z"}},{"type":"Feature","id":"esf_establecimiento_educativo.fid--215d4958_1a0d9e21907_-75dc","geometry":{"type":"Point","coordinates":[-76.48498143,3.44782294]},"geometry_name":"the_geom","properties":{"gid":240,"eecoddane":"176001005970","eenomins":"Institucion Educativa Siete De Agosto","eecodanant":"176001004221","eeconsede":"17600100597000","eenomsede":"Eleazar Libreros","eeidclasede":"SEDE","eeclasede":"Sede","eeidestado":"OF","eeestado":"Oficial","eedirecc":"CL 72 11 C 27","eenomcorto":"SD Eleazar Libreros","eeidestado2":"SEDOF","eeestado2":"Sede - Oficial","eeidcomcor":"07","ecrcomcor":"Comuna 07","eeidbarver":"0707","eebarver":"Siete de Agosto","eefecact":"2023-06-30Z","ieogrado_2":0,"ieogrado_1":0,"ieogrado0":0,"ieogrado1":2,"ieogrado2":1,"ieogrado3":0,"ieogrado4":59,"ieogrado5":58,"ieogrado6":154,"ieogrado7":111,"ieogrado8":87,"ieogrado9":116,"ieogrado10":85,"ieogrado11":100,"ieogrado21":0,"ieogrado22":12,"ieogrado23":29,"ieogrado24":41,"ieogrado25":47,"ieogrado26":1,"ieogrado41":0,"ieogrado42":0,"ieogrado43":0,"ieogrado44":0,"ieogrado45":0,"ieogrado99":0,"ieomatrtot":903,"ieoestrat0":16,"ieoestrat1":304,"ieoestrat2":314,"ieoestrat3":218,"ieoestrat4":0,"ieoestrat5":0,"ieoestrat6":1,"ieoestrat9":50,"ieofemen":475,"ieomascul":428,"ieoalgdisc":14,"ieonarp":822,"ieoindigen":3,"ieofecha":"2024-04-03Z"}},{"type":"Feature","id":"esf_establecimiento_educativo.fid--215d4958_1a0d9e21907_-75db","geometry":{"type":"Point","coordinates":[-76.53944596,3.44796896]},"geometry_name":"the_geom","properties":{"gid":241,"eecoddane":"176001001818","eenomins":"Institucion Educativa De Santa Librada","eecodanant":"176001003292","eeconsede":"17600100181800","eenomsede":"Sede Carlos Alberto Sardi Garces","eeidclasede":"SEDE","eeclasede":"Sede","eeidestado":"OF","eeestado":"Oficial","eedirecc":"KR 5 2 69","eenomcorto":"SD Carlos Alberto Sardi Garces","eeidestado2":"SEDOF","eeestado2":"Sede - Oficial","eeidcomcor":"03","ecrcomcor":"Comuna 03","eeidbarver":"0303","eebarver":"San Antonio","eefecact":"2023-06-30Z","ieogrado_2":0,"ieogrado_1":22,"ieogrado0":44,"ieogrado1":54,"ieogrado2":57,"ieogrado3":60,"ieogrado4":51,"ieogrado5":55,"ieogrado6":0,"ieogrado7":0,"ieogrado8":0,"ieogrado9":0,"ieogrado10":0,"ieogrado11":0,"ieogrado21":0,"ieogrado22":0,"ieogrado23":0,"ieogrado24":0,"ieogrado25":0,"ieogrado26":0,"ieogrado41":0,"ieogrado42":0,"ieogrado43":0,"ieogrado44":0,"ieogrado45":0,"ieogrado99":0,"ieomatrtot":343,"ieoestrat0":1,"ieoestrat1":184,"ieoestrat2":48,"ieoestrat3":62,"ieoestrat4":14,"ieoestrat5":1,"ieoestrat6":1,"ieoestrat9":32,"ieofemen":162,"ieomascul":181,"ieoalgdisc":6,"ieonarp":11,"ieoindigen":7,"ieofecha":"2024-04-03Z"}},{"type":"Feature","id":"esf_establecimiento_educativo.fid--215d4958_1a0d9e21907_-75da","geometry":{"type":"Point","coordinates":[-76.49502117,3.44803745]},"geometry_name":"the_geom","properties":{"gid":242,"eecoddane":"176001003586","eenomins":"Institucion Educativa Juan De Ampudia","eecodanant":"176001003586","eeconsede":"17600100358600","eenomsede":"Institucion Educativa Juan De Ampudia","eeidclasede":"PRIN","eeclasede":"Principal","eeidestado":"OF","eeestado":"Oficial","eedirecc":"KR 12 57 13","eenomcorto":"IE Juan De Ampudia","eeidestado2":"IEOOF","eeestado2":"IEO - Oficial","eeidcomcor":"08","ecrcomcor":"Comuna 08","eeidbarver":"0817","eebarver":"La Base","eefecact":"2023-06-30Z","ieogrado_2":0,"ieogrado_1":0,"ieogrado0":0,"ieogrado1":0,"ieogrado2":0,"ieogrado3":0,"ieogrado4":0,"ieogrado5":0,"ieogrado6":129,"ieogrado7":109,"ieogrado8":99,"ieogrado9":148,"ieogrado10":132,"ieogrado11":116,"ieogrado21":0,"ieogrado22":0,"ieogrado23":0,"ieogrado24":0,"ieogrado25":0,"ieogrado26":0,"ieogrado41":0,"ieogrado42":0,"ieogrado43":0,"ieogrado44":0,"ieogrado45":0,"ieogrado99":0,"ieomatrtot":733,"ieoestrat0":8,"ieoestrat1":124,"ieoestrat2":235,"ieoestrat3":357,"ieoestrat4":2,"ieoestrat5":1,"ieoestrat6":0,"ieoestrat9":6,"ieofemen":366,"ieomascul":367,"ieoalgdisc":20,"ieonarp":127,"ieoindigen":8,"ieofecha":"2024-04-03Z"}},{"type":"Feature","id":"esf_establecimiento_educativo.fid--215d4958_1a0d9e21907_-75d9","geometry":{"type":"Point","coordinates":[-76.50214511,3.44811399]},"geometry_name":"the_geom","properties":{"gid":243,"eecoddane":"176001001800","eenomins":"Institucion Educativa Villacolombia","eecodanant":"176001004035","eeconsede":"17600100180000","eenomsede":"Santisima Trinidad","eeidclasede":"SEDE","eeclasede":"Sede","eeidestado":"OF","eeestado":"Oficial","eedirecc":"CL 48 12 84","eenomcorto":"SD Santisima Trinidad","eeidestado2":"SEDOF","eeestado2":"Sede - Oficial","eeidcomcor":"08","ecrcomcor":"Comuna 08","eeidbarver":"0810","eebarver":"El Troncal","eefecact":"2023-06-30Z","ieogrado_2":0,"ieogrado_1":0,"ieogrado0":70,"ieogrado1":75,"ieogrado2":83,"ieogrado3":0,"ieogrado4":0,"ieogrado5":0,"ieogrado6":0,"ieogrado7":0,"ieogrado8":0,"ieogrado9":0,"ieogrado10":0,"ieogrado11":0,"ieogrado21":0,"ieogrado22":0,"ieogrado23":0,"ieogrado24":0,"ieogrado25":0,"ieogrado26":0,"ieogrado41":0,"ieogrado42":0,"ieogrado43":0,"ieogrado44":0,"ieogrado45":0,"ieogrado99":0,"ieomatrtot":228,"ieoestrat0":0,"ieoestrat1":4,"ieoestrat2":12,"ieoestrat3":207,"ieoestrat4":0,"ieoestrat5":0,"ieoestrat6":0,"ieoestrat9":5,"ieofemen":119,"ieomascul":109,"ieoalgdisc":1,"ieonarp":0,"ieoindigen":0,"ieofecha":"2024-04-03Z"}},{"type":"Feature","id":"esf_establecimiento_educativo.fid--215d4958_1a0d9e21907_-75d8","geometry":{"type":"Point","coordinates":[-76.49466894,3.44842604]},"geometry_name":"the_geom","properties":{"gid":244,"eecoddane":"176001003586","eenomins":"Institucion Educativa Juan De Ampudia","eecodanant":"176001001290","eeconsede":"17600100358600","eenomsede":"Jardin Nacional No.1","eeidclasede":"SEDE","eeclasede":"Sede","eeidestado":"OF","eeestado":"Oficial","eedirecc":"CL 58 11 B 48","eenomcorto":"SD Jardin Nacional No.1","eeidestado2":"SEDOF","eeestado2":"Sede - Oficial","eeidcomcor":"08","ecrcomcor":"Comuna 08","eeidbarver":"0817","eebarver":"La Base","eefecact":"2023-06-30Z","ieogrado_2":0,"ieogrado_1":35,"ieogrado0":64,"ieogrado1":79,"ieogrado2":0,"ieogrado3":0,"ieogrado4":0,"ieogrado5":0,"ieogrado6":0,"ieogrado7":0,"ieogrado8":0,"ieogrado9":0,"ieogrado10":0,"ieogrado11":0,"ieogrado21":0,"ieogrado22":0,"ieogrado23":0,"ieogrado24":0,"ieogrado25":0,"ieogrado26":0,"ieogrado41":0,"ieogrado42":0,"ieogrado43":0,"ieogrado44":0,"ieogrado45":0,"ieogrado99":0,"ieomatrtot":178,"ieoestrat0":0,"ieoestrat1":7,"ieoestrat2":40,"ieoestrat3":109,"ieoestrat4":0,"ieoestrat5":1,"ieoestrat6":0,"ieoestrat9":21,"ieofemen":98,"ieomascul":80,"ieoalgdisc":2,"ieonarp":0,"ieoindigen":0,"ieofecha":"2024-04-03Z"}},{"type":"Feature","id":"esf_establecimiento_educativo.fid--215d4958_1a0d9e21907_-75d7","geometry":{"type":"Point","coordinates":[-76.48198896,3.44856706]},"geometry_name":"the_geom","properties":{"gid":245,"eecoddane":"176001004001","eenomins":"Institucion Educativa San Juan Bautista De La Salle","eecodanant":"176001004361","eeconsede":"17600100400100","eenomsede":"Juan Bautista De La Salle","eeidclasede":"SEDE","eeclasede":"Sede","eeidestado":"OF","eeestado":"Oficial","eedirecc":"CL 74 9 19","eenomcorto":"SD Juan Bautista De La Salle","eeidestado2":"SEDOF","eeestado2":"Sede - Oficial","eeidcomcor":"07","ecrcomcor":"Comuna 07","eeidbarver":"0706","eebarver":"Urbanización El Angel del Hogar","eefecact":"2023-06-30Z","ieogrado_2":0,"ieogrado_1":0,"ieogrado0":26,"ieogrado1":57,"ieogrado2":62,"ieogrado3":46,"ieogrado4":52,"ieogrado5":34,"ieogrado6":0,"ieogrado7":0,"ieogrado8":0,"ieogrado9":0,"ieogrado10":0,"ieogrado11":0,"ieogrado21":0,"ieogrado22":0,"ieogrado23":0,"ieogrado24":0,"ieogrado25":0,"ieogrado26":0,"ieogrado41":0,"ieogrado42":0,"ieogrado43":0,"ieogrado44":0,"ieogrado45":0,"ieogrado99":17,"ieomatrtot":294,"ieoestrat0":6,"ieoestrat1":154,"ieoestrat2":97,"ieoestrat3":27,"ieoestrat4":0,"ieoestrat5":0,"ieoestrat6":0,"ieoestrat9":10,"ieofemen":150,"ieomascul":144,"ieoalgdisc":3,"ieonarp":46,"ieoindigen":1,"ieofecha":"2024-04-03Z"}},{"type":"Feature","id":"esf_establecimiento_educativo.fid--215d4958_1a0d9e21907_-75d6","geometry":{"type":"Point","coordinates":[-76.47926253,3.44857406]},"geometry_name":"the_geom","properties":{"gid":246,"eecoddane":"176001004001","eenomins":"Institucion Educativa San Juan Bautista De La Salle","eecodanant":"176001004001","eeconsede":"17600100400100","eenomsede":"Manuel Maria Mallarino","eeidclasede":"PRIN","eeclasede":"Principal","eeidestado":"OF","eeestado":"Oficial","eedirecc":"KR 9 A 78 14","eenomcorto":"IE San Juan Bautista De La Salle","eeidestado2":"IEOOF","eeestado2":"IEO - Oficial","eeidcomcor":"07","ecrcomcor":"Comuna 07","eeidbarver":"0705","eebarver":"Puerto Mallarino","eefecact":"2023-06-30Z","ieogrado_2":0,"ieogrado_1":0,"ieogrado0":0,"ieogrado1":0,"ieogrado2":0,"ieogrado3":0,"ieogrado4":0,"ieogrado5":0,"ieogrado6":66,"ieogrado7":49,"ieogrado8":46,"ieogrado9":39,"ieogrado10":27,"ieogrado11":19,"ieogrado21":0,"ieogrado22":0,"ieogrado23":0,"ieogrado24":0,"ieogrado25":0,"ieogrado26":0,"ieogrado41":0,"ieogrado42":0,"ieogrado43":0,"ieogrado44":0,"ieogrado45":0,"ieogrado99":0,"ieomatrtot":246,"ieoestrat0":5,"ieoestrat1":133,"ieoestrat2":86,"ieoestrat3":12,"ieoestrat4":0,"ieoestrat5":0,"ieoestrat6":0,"ieoestrat9":10,"ieofemen":130,"ieomascul":116,"ieoalgdisc":3,"ieonarp":100,"ieoindigen":3,"ieofecha":"2024-04-03Z"}},{"type":"Feature","id":"esf_establecimiento_educativo.fid--215d4958_1a0d9e21907_-75d5","geometry":{"type":"Point","coordinates":[-76.52049899,3.44893712]},"geometry_name":"the_geom","properties":{"gid":247,"eecoddane":"176001005368","eenomins":"Institucion Educativa Republica De Argentina","eecodanant":"176001004671","eeconsede":"17600100536800","eenomsede":"Policarpa Salavarrieta","eeidclasede":"SEDE","eeclasede":"Sede","eeidestado":"OF","eeestado":"Oficial","eedirecc":"KR 11 22 A 30","eenomcorto":"SD Policarpa Salavarrieta","eeidestado2":"SEDOF","eeestado2":"Sede - Oficial","eeidcomcor":"09","ecrcomcor":"Comuna 09","eeidbarver":"0910","eebarver":"Barrio Obrero","eefecact":"2023-06-30Z","ieogrado_2":0,"ieogrado_1":0,"ieogrado0":39,"ieogrado1":69,"ieogrado2":54,"ieogrado3":58,"ieogrado4":35,"ieogrado5":23,"ieogrado6":0,"ieogrado7":0,"ieogrado8":0,"ieogrado9":0,"ieogrado10":0,"ieogrado11":0,"ieogrado21":0,"ieogrado22":15,"ieogrado23":25,"ieogrado24":25,"ieogrado25":15,"ieogrado26":0,"ieogrado41":0,"ieogrado42":0,"ieogrado43":0,"ieogrado44":0,"ieogrado45":0,"ieogrado99":0,"ieomatrtot":358,"ieoestrat0":1,"ieoestrat1":93,"ieoestrat2":221,"ieoestrat3":35,"ieoestrat4":1,"ieoestrat5":0,"ieoestrat6":0,"ieoestrat9":7,"ieofemen":176,"ieomascul":182,"ieoalgdisc":5,"ieonarp":10,"ieoindigen":1,"ieofecha":"2024-04-03Z"}},{"type":"Feature","id":"esf_establecimiento_educativo.fid--215d4958_1a0d9e21907_-75d4","geometry":{"type":"Point","coordinates":[-76.49878059,3.44915615]},"geometry_name":"the_geom","properties":{"gid":248,"eecoddane":"176001003586","eenomins":"Institucion Educativa Juan De Ampudia","eecodanant":"176001004248","eeconsede":"17600100358600","eenomsede":"Once De Noviembre","eeidclasede":"SEDE","eeclasede":"Sede","eeidestado":"OF","eeestado":"Oficial","eedirecc":"KR 11 D 52 09","eenomcorto":"SD Once De Noviembre","eeidestado2":"SEDOF","eeestado2":"Sede - Oficial","eeidcomcor":"08","ecrcomcor":"Comuna 08","eeidbarver":"0815","eebarver":"Villa Colombia","eefecact":"2023-06-30Z","ieogrado_2":0,"ieogrado_1":0,"ieogrado0":0,"ieogrado1":10,"ieogrado2":98,"ieogrado3":103,"ieogrado4":96,"ieogrado5":84,"ieogrado6":0,"ieogrado7":0,"ieogrado8":0,"ieogrado9":0,"ieogrado10":0,"ieogrado11":0,"ieogrado21":0,"ieogrado22":0,"ieogrado23":0,"ieogrado24":0,"ieogrado25":0,"ieogrado26":0,"ieogrado41":0,"ieogrado42":0,"ieogrado43":0,"ieogrado44":0,"ieogrado45":0,"ieogrado99":0,"ieomatrtot":391,"ieoestrat0":5,"ieoestrat1":46,"ieoestrat2":117,"ieoestrat3":203,"ieoestrat4":5,"ieoestrat5":1,"ieoestrat6":0,"ieoestrat9":14,"ieofemen":192,"ieomascul":199,"ieoalgdisc":8,"ieonarp":20,"ieoindigen":0,"ieofecha":"2024-04-03Z"}},{"type":"Feature","id":"esf_establecimiento_educativo.fid--215d4958_1a0d9e21907_-75d3","geometry":{"type":"Point","coordinates":[-76.50732893,3.44929117]},"geometry_name":"the_geom","properties":{"gid":249,"eecoddane":"176001022360","eenomins":"Institucion Educativa Tecnica Comercial Las Americas","eecodanant":"176001003969","eeconsede":"17600102236000","eenomsede":"Gabriel Montaño","eeidclasede":"SEDE","eeclasede":"Sede","eeidestado":"OF","eeestado":"Oficial","eedirecc":"KR 11 C 38 60","eenomcorto":"SD Gabriel Montaño","eeidestado2":"SEDOF","eeestado2":"Sede - Oficial","eeidcomcor":"08","ecrcomcor":"Comuna 08","eeidbarver":"0810","eebarver":"El Troncal","eefecact":"2023-06-30Z","ieogrado_2":0,"ieogrado_1":0,"ieogrado0":42,"ieogrado1":71,"ieogrado2":65,"ieogrado3":78,"ieogrado4":75,"ieogrado5":96,"ieogrado6":0,"ieogrado7":0,"ieogrado8":0,"ieogrado9":0,"ieogrado10":0,"ieogrado11":0,"ieogrado21":0,"ieogrado22":0,"ieogrado23":0,"ieogrado24":0,"ieogrado25":0,"ieogrado26":0,"ieogrado41":0,"ieogrado42":0,"ieogrado43":0,"ieogrado44":0,"ieogrado45":0,"ieogrado99":0,"ieomatrtot":427,"ieoestrat0":1,"ieoestrat1":57,"ieoestrat2":166,"ieoestrat3":188,"ieoestrat4":0,"ieoestrat5":0,"ieoestrat6":1,"ieoestrat9":14,"ieofemen":200,"ieomascul":227,"ieoalgdisc":6,"ieonarp":6,"ieoindigen":0,"ieofecha":"2024-04-03Z"}},{"type":"Feature","id":"esf_establecimiento_educativo.fid--215d4958_1a0d9e21907_-75d2","geometry":{"type":"Point","coordinates":[-76.50941625,3.44969824]},"geometry_name":"the_geom","properties":{"gid":250,"eecoddane":"176001022360","eenomins":"Institucion Educativa Tecnica Comercial Las Americas","eecodanant":"176001043987","eeconsede":"17600102236000","eenomsede":"Atanasio Girardot","eeidclasede":"SEDE","eeclasede":"Sede","eeidestado":"OF","eeestado":"Oficial","eedirecc":"KR 11 B 35 00","eenomcorto":"SD Atanasio Girardot","eeidestado2":"SEDOF","eeestado2":"Sede - Oficial","eeidcomcor":"08","ecrcomcor":"Comuna 08","eeidbarver":"0810","eebarver":"El Troncal","eefecact":"2023-06-30Z","ieogrado_2":0,"ieogrado_1":0,"ieogrado0":0,"ieogrado1":0,"ieogrado2":0,"ieogrado3":0,"ieogrado4":0,"ieogrado5":0,"ieogrado6":147,"ieogrado7":108,"ieogrado8":0,"ieogrado9":0,"ieogrado10":0,"ieogrado11":0,"ieogrado21":0,"ieogrado22":0,"ieogrado23":0,"ieogrado24":0,"ieogrado25":0,"ieogrado26":0,"ieogrado41":0,"ieogrado42":0,"ieogrado43":0,"ieogrado44":0,"ieogrado45":0,"ieogrado99":0,"ieomatrtot":255,"ieoestrat0":2,"ieoestrat1":26,"ieoestrat2":57,"ieoestrat3":166,"ieoestrat4":3,"ieoestrat5":0,"ieoestrat6":0,"ieoestrat9":1,"ieofemen":123,"ieomascul":132,"ieoalgdisc":1,"ieonarp":8,"ieoindigen":3,"ieofecha":"2024-04-03Z"}},{"type":"Feature","id":"esf_establecimiento_educativo.fid--215d4958_1a0d9e21907_-75d1","geometry":{"type":"Point","coordinates":[-76.51583226,3.44992828]},"geometry_name":"the_geom","properties":{"gid":251,"eecoddane":"176001001826","eenomins":"Institucion Educativa Jose Manuel Saavedra Galindo","eecodanant":"176001001826","eeconsede":"17600100182600","eenomsede":"Institucion Educativa Jose Manuel Saavedra Galindo","eeidclasede":"PRIN","eeclasede":"Principal","eeidestado":"OF","eeestado":"Oficial","eedirecc":"KR 11 A 28 25","eenomcorto":"IE Jose Manuel Saavedra Galindo","eeidestado2":"IEOOF","eeestado2":"IEO - Oficial","eeidcomcor":"08","ecrcomcor":"Comuna 08","eeidbarver":"0809","eebarver":"Industrial","eefecact":"2023-06-30Z","ieogrado_2":0,"ieogrado_1":0,"ieogrado0":0,"ieogrado1":0,"ieogrado2":0,"ieogrado3":0,"ieogrado4":0,"ieogrado5":0,"ieogrado6":72,"ieogrado7":60,"ieogrado8":64,"ieogrado9":67,"ieogrado10":61,"ieogrado11":63,"ieogrado21":0,"ieogrado22":0,"ieogrado23":0,"ieogrado24":0,"ieogrado25":0,"ieogrado26":0,"ieogrado41":0,"ieogrado42":0,"ieogrado43":0,"ieogrado44":0,"ieogrado45":0,"ieogrado99":0,"ieomatrtot":387,"ieoestrat0":0,"ieoestrat1":54,"ieoestrat2":138,"ieoestrat3":191,"ieoestrat4":1,"ieoestrat5":0,"ieoestrat6":0,"ieoestrat9":3,"ieofemen":186,"ieomascul":201,"ieoalgdisc":6,"ieonarp":26,"ieoindigen":2,"ieofecha":"2024-04-03Z"}},{"type":"Feature","id":"esf_establecimiento_educativo.fid--215d4958_1a0d9e21907_-75d0","geometry":{"type":"Point","coordinates":[-76.52540176,3.45012431]},"geometry_name":"the_geom","properties":{"gid":252,"eecoddane":"176001005368","eenomins":"Institucion Educativa Republica De Argentina","eecodanant":"176001005406","eeconsede":"17600100536800","eenomsede":"Jose Maria Cordoba","eeidclasede":"SEDE","eeclasede":"Sede","eeidestado":"OF","eeestado":"Oficial","eedirecc":"CL 18 8 A 15","eenomcorto":"SD Jose Maria Cordoba","eeidestado2":"SEDOF","eeestado2":"Sede - Oficial","eeidcomcor":"09","ecrcomcor":"Comuna 09","eeidbarver":"0909","eebarver":"Sucre","eefecact":"2023-06-30Z","ieogrado_2":0,"ieogrado_1":0,"ieogrado0":24,"ieogrado1":29,"ieogrado2":23,"ieogrado3":17,"ieogrado4":19,"ieogrado5":13,"ieogrado6":0,"ieogrado7":0,"ieogrado8":0,"ieogrado9":0,"ieogrado10":0,"ieogrado11":0,"ieogrado21":0,"ieogrado22":0,"ieogrado23":0,"ieogrado24":0,"ieogrado25":0,"ieogrado26":0,"ieogrado41":0,"ieogrado42":0,"ieogrado43":0,"ieogrado44":0,"ieogrado45":0,"ieogrado99":0,"ieomatrtot":125,"ieoestrat0":3,"ieoestrat1":59,"ieoestrat2":51,"ieoestrat3":9,"ieoestrat4":0,"ieoestrat5":0,"ieoestrat6":0,"ieoestrat9":3,"ieofemen":68,"ieomascul":57,"ieoalgdisc":0,"ieonarp":1,"ieoindigen":3,"ieofecha":"2024-04-03Z"}},{"type":"Feature","id":"esf_establecimiento_educativo.fid--215d4958_1a0d9e21907_-75cf","geometry":{"type":"Point","coordinates":[-76.48435633,3.45039335]},"geometry_name":"the_geom","properties":{"gid":253,"eecoddane":"176001005970","eenomins":"Institucion Educativa Siete De Agosto","eecodanant":"176001004302","eeconsede":"17600100597000","eenomsede":"Ana Maria Vernaza","eeidclasede":"SEDE","eeclasede":"Sede","eeidestado":"OF","eeestado":"Oficial","eedirecc":"CL 72 B 8 B 32","eenomcorto":"SD Ana Maria Vernaza","eeidestado2":"SEDOF","eeestado2":"Sede - Oficial","eeidcomcor":"07","ecrcomcor":"Comuna 07","eeidbarver":"0707","eebarver":"Siete de Agosto","eefecact":"2023-06-30Z","ieogrado_2":0,"ieogrado_1":0,"ieogrado0":0,"ieogrado1":0,"ieogrado2":0,"ieogrado3":0,"ieogrado4":0,"ieogrado5":0,"ieogrado6":0,"ieogrado7":0,"ieogrado8":0,"ieogrado9":0,"ieogrado10":0,"ieogrado11":0,"ieogrado21":0,"ieogrado22":0,"ieogrado23":0,"ieogrado24":0,"ieogrado25":0,"ieogrado26":0,"ieogrado41":0,"ieogrado42":0,"ieogrado43":0,"ieogrado44":0,"ieogrado45":0,"ieogrado99":0,"ieomatrtot":0,"ieoestrat0":0,"ieoestrat1":0,"ieoestrat2":0,"ieoestrat3":0,"ieoestrat4":0,"ieoestrat5":0,"ieoestrat6":0,"ieoestrat9":0,"ieofemen":0,"ieomascul":0,"ieoalgdisc":0,"ieonarp":0,"ieoindigen":0,"ieofecha":"2024-04-03Z"}},{"type":"Feature","id":"esf_establecimiento_educativo.fid--215d4958_1a0d9e21907_-75ce","geometry":{"type":"Point","coordinates":[-76.51616557,3.4506101]},"geometry_name":"the_geom","properties":{"gid":254,"eecoddane":"176001001826","eenomins":"Institucion Educativa Jose Manuel Saavedra Galindo","eecodanant":"176001004213","eeconsede":"17600100182600","eenomsede":"Nuestra Señora De Fatima","eeidclasede":"SEDE","eeclasede":"Sede","eeidestado":"OF","eeestado":"Oficial","eedirecc":"KR 10 28 10","eenomcorto":"SD Nuestra Señora De Fatima","eeidestado2":"SEDOF","eeestado2":"Sede - Oficial","eeidcomcor":"08","ecrcomcor":"Comuna 08","eeidbarver":"0809","eebarver":"Industrial","eefecact":"2023-06-30Z","ieogrado_2":0,"ieogrado_1":0,"ieogrado0":36,"ieogrado1":46,"ieogrado2":47,"ieogrado3":43,"ieogrado4":30,"ieogrado5":32,"ieogrado6":0,"ieogrado7":0,"ieogrado8":0,"ieogrado9":0,"ieogrado10":0,"ieogrado11":0,"ieogrado21":0,"ieogrado22":0,"ieogrado23":0,"ieogrado24":0,"ieogrado25":0,"ieogrado26":0,"ieogrado41":0,"ieogrado42":0,"ieogrado43":0,"ieogrado44":0,"ieogrado45":0,"ieogrado99":0,"ieomatrtot":234,"ieoestrat0":1,"ieoestrat1":25,"ieoestrat2":93,"ieoestrat3":110,"ieoestrat4":0,"ieoestrat5":0,"ieoestrat6":0,"ieoestrat9":5,"ieofemen":110,"ieomascul":124,"ieoalgdisc":1,"ieonarp":5,"ieoindigen":0,"ieofecha":"2024-04-03Z"}},{"type":"Feature","id":"esf_establecimiento_educativo.fid--215d4958_1a0d9e21907_-75cd","geometry":{"type":"Point","coordinates":[-76.52688899,3.45121948]},"geometry_name":"the_geom","properties":{"gid":255,"eecoddane":"176001001818","eenomins":"Institucion Educativa De Santa Librada","eecodanant":"176001004698","eeconsede":"17600100181800","eenomsede":"Sede Santiago De Cali","eeidclasede":"SEDE","eeclasede":"Sede","eeidestado":"OF","eeestado":"Oficial","eedirecc":"CL 17 7 74","eenomcorto":"SD Santiago De Cali","eeidestado2":"SEDOF","eeestado2":"Sede - Oficial","eeidcomcor":"03","ecrcomcor":"Comuna 03","eeidbarver":"0312","eebarver":"San Nicolás","eefecact":"2023-06-30Z","ieogrado_2":0,"ieogrado_1":0,"ieogrado0":8,"ieogrado1":25,"ieogrado2":20,"ieogrado3":14,"ieogrado4":14,"ieogrado5":17,"ieogrado6":0,"ieogrado7":0,"ieogrado8":0,"ieogrado9":0,"ieogrado10":0,"ieogrado11":0,"ieogrado21":0,"ieogrado22":0,"ieogrado23":0,"ieogrado24":0,"ieogrado25":0,"ieogrado26":0,"ieogrado41":0,"ieogrado42":0,"ieogrado43":0,"ieogrado44":0,"ieogrado45":0,"ieogrado99":42,"ieomatrtot":140,"ieoestrat0":4,"ieoestrat1":41,"ieoestrat2":43,"ieoestrat3":37,"ieoestrat4":0,"ieoestrat5":3,"ieoestrat6":0,"ieoestrat9":12,"ieofemen":63,"ieomascul":77,"ieoalgdisc":3,"ieonarp":10,"ieoindigen":1,"ieofecha":"2024-04-03Z"}},{"type":"Feature","id":"esf_establecimiento_educativo.fid--215d4958_1a0d9e21907_-75cc","geometry":{"type":"Point","coordinates":[-76.56862652,3.4514005]},"geometry_name":"the_geom","properties":{"gid":256,"eecoddane":"176001008669","eenomins":"Institucion Educativa Jose Holguin Garces","eecodanant":"176001004507","eeconsede":"17600100866900","eenomsede":"Ulpiano Lloreda","eeidclasede":"SEDE","eeclasede":"Sede","eeidestado":"OF","eeestado":"Oficial","eedirecc":"AV 4 BIS 25 08","eenomcorto":"SD Ulpiano Lloreda","eeidestado2":"SEDOF","eeestado2":"Sede - Oficial","eeidcomcor":"01","ecrcomcor":"Comuna 01","eeidbarver":"0101","eebarver":"Terron Colorado","eefecact":"2023-06-30Z","ieogrado_2":0,"ieogrado_1":0,"ieogrado0":53,"ieogrado1":72,"ieogrado2":71,"ieogrado3":64,"ieogrado4":62,"ieogrado5":59,"ieogrado6":0,"ieogrado7":0,"ieogrado8":0,"ieogrado9":0,"ieogrado10":0,"ieogrado11":0,"ieogrado21":0,"ieogrado22":0,"ieogrado23":0,"ieogrado24":0,"ieogrado25":0,"ieogrado26":0,"ieogrado41":0,"ieogrado42":0,"ieogrado43":0,"ieogrado44":0,"ieogrado45":0,"ieogrado99":0,"ieomatrtot":381,"ieoestrat0":4,"ieoestrat1":313,"ieoestrat2":48,"ieoestrat3":8,"ieoestrat4":0,"ieoestrat5":0,"ieoestrat6":0,"ieoestrat9":8,"ieofemen":177,"ieomascul":204,"ieoalgdisc":3,"ieonarp":4,"ieoindigen":0,"ieofecha":"2024-04-03Z"}},{"type":"Feature","id":"esf_establecimiento_educativo.fid--215d4958_1a0d9e21907_-75cb","geometry":{"type":"Point","coordinates":[-76.55596755,3.45163754]},"geometry_name":"the_geom","properties":{"gid":257,"eecoddane":"176001004973","eenomins":"Institucion Educativa Isaias Gamboa","eecodanant":"176001004973","eeconsede":"17600100497300","eenomsede":"Institucion Educativa Isaias Gamboa - Sede Principal","eeidclasede":"PRIN","eeclasede":"Principal","eeidestado":"OF","eeestado":"Oficial","eedirecc":"AV 4 OESTE 12 05","eenomcorto":"IE Isaias Gamboa","eeidestado2":"IEOOF","eeestado2":"IEO - Oficial","eeidcomcor":"01","ecrcomcor":"Comuna 01","eeidbarver":"0101","eebarver":"Terron Colorado","eefecact":"2023-06-30Z","ieogrado_2":0,"ieogrado_1":0,"ieogrado0":14,"ieogrado1":19,"ieogrado2":23,"ieogrado3":22,"ieogrado4":21,"ieogrado5":22,"ieogrado6":0,"ieogrado7":50,"ieogrado8":0,"ieogrado9":27,"ieogrado10":0,"ieogrado11":0,"ieogrado21":0,"ieogrado22":0,"ieogrado23":0,"ieogrado24":0,"ieogrado25":0,"ieogrado26":0,"ieogrado41":0,"ieogrado42":0,"ieogrado43":0,"ieogrado44":0,"ieogrado45":0,"ieogrado99":41,"ieomatrtot":239,"ieoestrat0":2,"ieoestrat1":167,"ieoestrat2":51,"ieoestrat3":13,"ieoestrat4":0,"ieoestrat5":0,"ieoestrat6":0,"ieoestrat9":6,"ieofemen":100,"ieomascul":139,"ieoalgdisc":5,"ieonarp":6,"ieoindigen":0,"ieofecha":"2024-04-03Z"}},{"type":"Feature","id":"esf_establecimiento_educativo.fid--215d4958_1a0d9e21907_-75ca","geometry":{"type":"Point","coordinates":[-76.56746534,3.45229664]},"geometry_name":"the_geom","properties":{"gid":258,"eecoddane":"176001008669","eenomins":"Institucion Educativa Jose Holguin Garces","eecodanant":"176001008669","eeconsede":"17600100866900","eenomsede":"Institucion Educativa  Jose Holguin Garces - Sede Principal","eeidclasede":"PRIN","eeclasede":"Principal","eeidestado":"OF","eeestado":"Oficial","eedirecc":"AV 4 A OESTE 23 108","eenomcorto":"IE Jose Holguin Garces","eeidestado2":"IEOOF","eeestado2":"IEO - Oficial","eeidcomcor":"01","ecrcomcor":"Comuna 01","eeidbarver":"0101","eebarver":"Terron Colorado","eefecact":"2023-06-30Z","ieogrado_2":0,"ieogrado_1":0,"ieogrado0":0,"ieogrado1":0,"ieogrado2":0,"ieogrado3":0,"ieogrado4":0,"ieogrado5":0,"ieogrado6":228,"ieogrado7":253,"ieogrado8":241,"ieogrado9":199,"ieogrado10":168,"ieogrado11":182,"ieogrado21":0,"ieogrado22":22,"ieogrado23":43,"ieogrado24":63,"ieogrado25":65,"ieogrado26":0,"ieogrado41":0,"ieogrado42":0,"ieogrado43":0,"ieogrado44":0,"ieogrado45":0,"ieogrado99":0,"ieomatrtot":1464,"ieoestrat0":20,"ieoestrat1":1012,"ieoestrat2":378,"ieoestrat3":38,"ieoestrat4":2,"ieoestrat5":1,"ieoestrat6":0,"ieoestrat9":13,"ieofemen":733,"ieomascul":731,"ieoalgdisc":7,"ieonarp":61,"ieoindigen":17,"ieofecha":"2024-04-03Z"}},{"type":"Feature","id":"esf_establecimiento_educativo.fid--215d4958_1a0d9e21907_-75c9","geometry":{"type":"Point","coordinates":[-76.56852451,3.45246667]},"geometry_name":"the_geom","properties":{"gid":259,"eecoddane":"176001008669","eenomins":"Institucion Educativa Jose Holguin Garces","eecodanant":"176001004434","eeconsede":"17600100866900","eenomsede":"Ana Maria Lloreda","eeidclasede":"SEDE","eeclasede":"Sede","eeidestado":"OF","eeestado":"Oficial","eedirecc":"AV 4 OESTE CL 25","eenomcorto":"SD Ana Maria Lloreda","eeidestado2":"SEDOF","eeestado2":"Sede - Oficial","eeidcomcor":"01","ecrcomcor":"Comuna 01","eeidbarver":"0101","eebarver":"Terron Colorado","eefecact":"2023-06-30Z","ieogrado_2":0,"ieogrado_1":0,"ieogrado0":50,"ieogrado1":64,"ieogrado2":75,"ieogrado3":60,"ieogrado4":60,"ieogrado5":61,"ieogrado6":0,"ieogrado7":0,"ieogrado8":0,"ieogrado9":0,"ieogrado10":0,"ieogrado11":0,"ieogrado21":0,"ieogrado22":0,"ieogrado23":0,"ieogrado24":0,"ieogrado25":0,"ieogrado26":0,"ieogrado41":0,"ieogrado42":0,"ieogrado43":0,"ieogrado44":0,"ieogrado45":0,"ieogrado99":0,"ieomatrtot":370,"ieoestrat0":5,"ieoestrat1":282,"ieoestrat2":66,"ieoestrat3":11,"ieoestrat4":0,"ieoestrat5":0,"ieoestrat6":0,"ieoestrat9":6,"ieofemen":162,"ieomascul":208,"ieoalgdisc":2,"ieonarp":4,"ieoindigen":2,"ieofecha":"2024-04-03Z"}},{"type":"Feature","id":"esf_establecimiento_educativo.fid--215d4958_1a0d9e21907_-75c8","geometry":{"type":"Point","coordinates":[-76.57644174,3.4526397]},"geometry_name":"the_geom","properties":{"gid":260,"eecoddane":"176001008669","eenomins":"Institucion Educativa Jose Holguin Garces","eecodanant":"176001004426","eeconsede":"17600100866900","eenomsede":"Marice Sinisterra","eeidclasede":"SEDE","eeclasede":"Sede","eeidestado":"OF","eeestado":"Oficial","eedirecc":"CL 30 BIS OESTE 4 A 00","eenomcorto":"SD Marice Sinisterra","eeidestado2":"SEDOF","eeestado2":"Sede - Oficial","eeidcomcor":"01","ecrcomcor":"Comuna 01","eeidbarver":"0102","eebarver":"Vista Hermosa","eefecact":"2023-06-30Z","ieogrado_2":0,"ieogrado_1":0,"ieogrado0":25,"ieogrado1":28,"ieogrado2":33,"ieogrado3":31,"ieogrado4":30,"ieogrado5":31,"ieogrado6":0,"ieogrado7":0,"ieogrado8":0,"ieogrado9":0,"ieogrado10":0,"ieogrado11":0,"ieogrado21":0,"ieogrado22":0,"ieogrado23":0,"ieogrado24":0,"ieogrado25":0,"ieogrado26":0,"ieogrado41":0,"ieogrado42":0,"ieogrado43":0,"ieogrado44":0,"ieogrado45":0,"ieogrado99":0,"ieomatrtot":178,"ieoestrat0":0,"ieoestrat1":148,"ieoestrat2":26,"ieoestrat3":1,"ieoestrat4":0,"ieoestrat5":0,"ieoestrat6":0,"ieoestrat9":3,"ieofemen":88,"ieomascul":90,"ieoalgdisc":3,"ieonarp":0,"ieoindigen":1,"ieofecha":"2024-04-03Z"}},{"type":"Feature","id":"esf_establecimiento_educativo.fid--215d4958_1a0d9e21907_-75c7","geometry":{"type":"Point","coordinates":[-76.63202533,3.45347179]},"geometry_name":"the_geom","properties":{"gid":261,"eecoddane":"476001020719","eenomins":"Institucion Educativa La Leonera","eecodanant":"276001005532","eeconsede":"47600102071900","eenomsede":"Juan De Los Barrios","eeidclasede":"SEDE","eeclasede":"Sede","eeidestado":"OF","eeestado":"Oficial","eedirecc":"CORREGIMIENTO LA LEONERA VEREDA EL PAJUIL","eenomcorto":"SD Juan De Los Barrios","eeidestado2":"SEDOF","eeestado2":"Sede - Oficial","eeidcomcor":"58","ecrcomcor":"Correg. La Leonera","eeidbarver":"5804","eebarver":"El Pajuil","eefecact":"2023-06-30Z","ieogrado_2":0,"ieogrado_1":7,"ieogrado0":17,"ieogrado1":19,"ieogrado2":19,"ieogrado3":0,"ieogrado4":0,"ieogrado5":0,"ieogrado6":0,"ieogrado7":0,"ieogrado8":0,"ieogrado9":0,"ieogrado10":0,"ieogrado11":0,"ieogrado21":0,"ieogrado22":0,"ieogrado23":0,"ieogrado24":0,"ieogrado25":0,"ieogrado26":0,"ieogrado41":0,"ieogrado42":0,"ieogrado43":0,"ieogrado44":0,"ieogrado45":0,"ieogrado99":0,"ieomatrtot":62,"ieoestrat0":2,"ieoestrat1":15,"ieoestrat2":13,"ieoestrat3":0,"ieoestrat4":1,"ieoestrat5":0,"ieoestrat6":0,"ieoestrat9":31,"ieofemen":32,"ieomascul":30,"ieoalgdisc":0,"ieonarp":0,"ieoindigen":1,"ieofecha":"2024-04-03Z"}},{"type":"Feature","id":"esf_establecimiento_educativo.fid--215d4958_1a0d9e21907_-75c6","geometry":{"type":"Point","coordinates":[-76.48043672,3.45349584]},"geometry_name":"the_geom","properties":{"gid":262,"eecoddane":"176001001664","eenomins":"Institucion Educativa  Vicente Borrero Costa","eecodanant":"176001001664","eeconsede":"17600100166400","eenomsede":"Institucion Educativa Vicente Borrero Costa","eeidclasede":"PRIN","eeclasede":"Principal","eeidestado":"OF","eeestado":"Oficial","eedirecc":"CL 76 KR 7 S 00 EQ","eenomcorto":"IE  Vicente Borrero Costa","eeidestado2":"IEOOF","eeestado2":"IEO - Oficial","eeidcomcor":"07","ecrcomcor":"Comuna 07","eeidbarver":"0703","eebarver":"Alfonso Lopez P. 3a Etapa","eefecact":"2023-06-30Z","ieogrado_2":0,"ieogrado_1":0,"ieogrado0":0,"ieogrado1":0,"ieogrado2":0,"ieogrado3":0,"ieogrado4":0,"ieogrado5":0,"ieogrado6":193,"ieogrado7":154,"ieogrado8":142,"ieogrado9":122,"ieogrado10":99,"ieogrado11":95,"ieogrado21":0,"ieogrado22":34,"ieogrado23":68,"ieogrado24":72,"ieogrado25":69,"ieogrado26":19,"ieogrado41":0,"ieogrado42":0,"ieogrado43":0,"ieogrado44":0,"ieogrado45":0,"ieogrado99":0,"ieomatrtot":1067,"ieoestrat0":26,"ieoestrat1":470,"ieoestrat2":414,"ieoestrat3":145,"ieoestrat4":0,"ieoestrat5":1,"ieoestrat6":0,"ieoestrat9":11,"ieofemen":529,"ieomascul":538,"ieoalgdisc":13,"ieonarp":724,"ieoindigen":7,"ieofecha":"2024-04-03Z"}},{"type":"Feature","id":"esf_establecimiento_educativo.fid--215d4958_1a0d9e21907_-75c5","geometry":{"type":"Point","coordinates":[-76.64441522,3.4535798]},"geometry_name":"the_geom","properties":{"gid":263,"eecoddane":"476001020719","eenomins":"Institucion Educativa La Leonera","eecodanant":"276001005371","eeconsede":"47600102071900","eenomsede":"Jorge Eliecer Gaitan","eeidclasede":"SEDE","eeclasede":"Sede","eeidestado":"OF","eeestado":"Oficial","eedirecc":"CORREGIMIENTO LA LEONERA VEREDA EL PORVENIR","eenomcorto":"SD Jorge Eliecer Gaitan","eeidestado2":"SEDOF","eeestado2":"Sede - Oficial","eeidcomcor":"58","ecrcomcor":"Correg. La Leonera","eeidbarver":"5803","eebarver":"El Porvenir","eefecact":"2023-06-30Z","ieogrado_2":0,"ieogrado_1":0,"ieogrado0":0,"ieogrado1":0,"ieogrado2":0,"ieogrado3":23,"ieogrado4":23,"ieogrado5":0,"ieogrado6":0,"ieogrado7":0,"ieogrado8":0,"ieogrado9":0,"ieogrado10":0,"ieogrado11":0,"ieogrado21":0,"ieogrado22":0,"ieogrado23":0,"ieogrado24":0,"ieogrado25":0,"ieogrado26":0,"ieogrado41":0,"ieogrado42":0,"ieogrado43":0,"ieogrado44":0,"ieogrado45":0,"ieogrado99":0,"ieomatrtot":46,"ieoestrat0":1,"ieoestrat1":23,"ieoestrat2":12,"ieoestrat3":3,"ieoestrat4":0,"ieoestrat5":0,"ieoestrat6":0,"ieoestrat9":7,"ieofemen":15,"ieomascul":31,"ieoalgdisc":2,"ieonarp":0,"ieoindigen":1,"ieofecha":"2024-04-03Z"}},{"type":"Feature","id":"esf_establecimiento_educativo.fid--215d4958_1a0d9e21907_-75c4","geometry":{"type":"Point","coordinates":[-76.57696082,3.4539459]},"geometry_name":"the_geom","properties":{"gid":264,"eecoddane":"176001008669","eenomins":"Institucion Educativa Jose Holguin Garces","eecodanant":"176001005066","eeconsede":"17600100866900","eenomsede":"Jose Acevedo Y Gomez","eeidclasede":"SEDE","eeclasede":"Sede","eeidestado":"OF","eeestado":"Oficial","eedirecc":"AV 5 OESTE 30 164","eenomcorto":"SD Jose Acevedo Y Gomez","eeidestado2":"SEDOF","eeestado2":"Sede - Oficial","eeidcomcor":"01","ecrcomcor":"Comuna 01","eeidbarver":"0102","eebarver":"Vista Hermosa","eefecact":"2023-06-30Z","ieogrado_2":0,"ieogrado_1":0,"ieogrado0":50,"ieogrado1":67,"ieogrado2":64,"ieogrado3":58,"ieogrado4":58,"ieogrado5":62,"ieogrado6":0,"ieogrado7":0,"ieogrado8":0,"ieogrado9":0,"ieogrado10":0,"ieogrado11":0,"ieogrado21":0,"ieogrado22":0,"ieogrado23":0,"ieogrado24":0,"ieogrado25":0,"ieogrado26":0,"ieogrado41":0,"ieogrado42":0,"ieogrado43":0,"ieogrado44":0,"ieogrado45":0,"ieogrado99":0,"ieomatrtot":359,"ieoestrat0":2,"ieoestrat1":304,"ieoestrat2":35,"ieoestrat3":13,"ieoestrat4":0,"ieoestrat5":0,"ieoestrat6":0,"ieoestrat9":5,"ieofemen":161,"ieomascul":198,"ieoalgdisc":4,"ieonarp":1,"ieoindigen":0,"ieofecha":"2024-04-03Z"}},{"type":"Feature","id":"esf_establecimiento_educativo.fid--215d4958_1a0d9e21907_-75c3","geometry":{"type":"Point","coordinates":[-76.52511771,3.45427797]},"geometry_name":"the_geom","properties":{"gid":265,"eecoddane":"176001001818","eenomins":"Institucion Educativa De Santa Librada","eecodanant":"176001005431","eeconsede":"17600100181800","eenomsede":"Sede Republica De Mexico","eeidclasede":"SEDE","eeclasede":"Sede","eeidestado":"OF","eeestado":"Oficial","eedirecc":"CL 20 5 65","eenomcorto":"SD Republica De Mexico","eeidestado2":"SEDOF","eeestado2":"Sede - Oficial","eeidcomcor":"03","ecrcomcor":"Comuna 03","eeidbarver":"0312","eebarver":"San Nicolás","eefecact":"2023-06-30Z","ieogrado_2":0,"ieogrado_1":0,"ieogrado0":15,"ieogrado1":27,"ieogrado2":23,"ieogrado3":15,"ieogrado4":12,"ieogrado5":28,"ieogrado6":0,"ieogrado7":0,"ieogrado8":0,"ieogrado9":0,"ieogrado10":0,"ieogrado11":0,"ieogrado21":0,"ieogrado22":0,"ieogrado23":0,"ieogrado24":0,"ieogrado25":0,"ieogrado26":0,"ieogrado41":0,"ieogrado42":0,"ieogrado43":0,"ieogrado44":0,"ieogrado45":0,"ieogrado99":0,"ieomatrtot":120,"ieoestrat0":3,"ieoestrat1":22,"ieoestrat2":27,"ieoestrat3":55,"ieoestrat4":1,"ieoestrat5":0,"ieoestrat6":0,"ieoestrat9":12,"ieofemen":64,"ieomascul":56,"ieoalgdisc":2,"ieonarp":1,"ieoindigen":0,"ieofecha":"2024-04-03Z"}},{"type":"Feature","id":"esf_establecimiento_educativo.fid--215d4958_1a0d9e21907_-75c2","geometry":{"type":"Point","coordinates":[-76.50769398,3.45429197]},"geometry_name":"the_geom","properties":{"gid":266,"eecoddane":"176001022360","eenomins":"Institucion Educativa Tecnica Comercial Las Americas","eecodanant":"176001002750","eeconsede":"17600102236000","eenomsede":"Nuestra Señora De Loreto","eeidclasede":"SEDE","eeclasede":"Sede","eeidestado":"OF","eeestado":"Oficial","eedirecc":"KR 8 38 55","eenomcorto":"SD Nuestra Señora De Loreto","eeidestado2":"SEDOF","eeestado2":"Sede - Oficial","eeidcomcor":"07","ecrcomcor":"Comuna 07","eeidbarver":"0797","eebarver":"Parque de la Caña","eefecact":"2023-06-30Z","ieogrado_2":0,"ieogrado_1":0,"ieogrado0":13,"ieogrado1":25,"ieogrado2":48,"ieogrado3":30,"ieogrado4":32,"ieogrado5":28,"ieogrado6":0,"ieogrado7":0,"ieogrado8":0,"ieogrado9":0,"ieogrado10":0,"ieogrado11":0,"ieogrado21":0,"ieogrado22":0,"ieogrado23":0,"ieogrado24":0,"ieogrado25":0,"ieogrado26":0,"ieogrado41":0,"ieogrado42":0,"ieogrado43":0,"ieogrado44":0,"ieogrado45":0,"ieogrado99":0,"ieomatrtot":176,"ieoestrat0":1,"ieoestrat1":14,"ieoestrat2":83,"ieoestrat3":65,"ieoestrat4":2,"ieoestrat5":0,"ieoestrat6":0,"ieoestrat9":11,"ieofemen":69,"ieomascul":107,"ieoalgdisc":1,"ieonarp":4,"ieoindigen":0,"ieofecha":"2024-04-03Z"}},{"type":"Feature","id":"esf_establecimiento_educativo.fid--215d4958_1a0d9e21907_-75c1","geometry":{"type":"Point","coordinates":[-76.48381982,3.45430386]},"geometry_name":"the_geom","properties":{"gid":267,"eecoddane":"176001040101","eenomins":"Institucion Educativa  Alfonso Lopez Pumarejo","eecodanant":"176001040101","eeconsede":"17600104010100","eenomsede":"Institucion Educativa Alfonso Lopez Pumarejo","eeidclasede":"PRIN","eeclasede":"Principal","eeidestado":"OF","eeestado":"Oficial","eedirecc":"KR 7 S BIS CL 72 Y 73","eenomcorto":"IE  Alfonso Lopez Pumarejo","eeidestado2":"IEOOF","eeestado2":"IEO - Oficial","eeidcomcor":"07","ecrcomcor":"Comuna 07","eeidbarver":"0703","eebarver":"Alfonso Lopez P. 3a Etapa","eefecact":"2023-06-30Z","ieogrado_2":0,"ieogrado_1":0,"ieogrado0":0,"ieogrado1":0,"ieogrado2":0,"ieogrado3":0,"ieogrado4":0,"ieogrado5":0,"ieogrado6":0,"ieogrado7":0,"ieogrado8":0,"ieogrado9":0,"ieogrado10":179,"ieogrado11":169,"ieogrado21":0,"ieogrado22":7,"ieogrado23":22,"ieogrado24":27,"ieogrado25":28,"ieogrado26":0,"ieogrado41":0,"ieogrado42":0,"ieogrado43":0,"ieogrado44":0,"ieogrado45":0,"ieogrado99":0,"ieomatrtot":432,"ieoestrat0":6,"ieoestrat1":141,"ieoestrat2":205,"ieoestrat3":77,"ieoestrat4":0,"ieoestrat5":1,"ieoestrat6":0,"ieoestrat9":2,"ieofemen":226,"ieomascul":206,"ieoalgdisc":6,"ieonarp":323,"ieoindigen":2,"ieofecha":"2024-04-03Z"}},{"type":"Feature","id":"esf_establecimiento_educativo.fid--215d4958_1a0d9e21907_-75c0","geometry":{"type":"Point","coordinates":[-76.48280909,3.45436997]},"geometry_name":"the_geom","properties":{"gid":268,"eecoddane":"176001040101","eenomins":"Institucion Educativa  Alfonso Lopez Pumarejo","eecodanant":"176001006470","eeconsede":"17600104010100","eenomsede":"Rafael Pombo","eeidclasede":"SEDE","eeclasede":"Sede","eeidestado":"OF","eeestado":"Oficial","eedirecc":"KR 7 R BIS 72 124","eenomcorto":"SD Rafael Pombo","eeidestado2":"SEDOF","eeestado2":"Sede - Oficial","eeidcomcor":"07","ecrcomcor":"Comuna 07","eeidbarver":"0703","eebarver":"Alfonso Lopez P. 3a Etapa","eefecact":"2023-06-30Z","ieogrado_2":0,"ieogrado_1":0,"ieogrado0":42,"ieogrado1":69,"ieogrado2":72,"ieogrado3":100,"ieogrado4":72,"ieogrado5":89,"ieogrado6":0,"ieogrado7":0,"ieogrado8":0,"ieogrado9":0,"ieogrado10":0,"ieogrado11":0,"ieogrado21":0,"ieogrado22":0,"ieogrado23":0,"ieogrado24":0,"ieogrado25":0,"ieogrado26":0,"ieogrado41":0,"ieogrado42":0,"ieogrado43":0,"ieogrado44":0,"ieogrado45":0,"ieogrado99":0,"ieomatrtot":444,"ieoestrat0":4,"ieoestrat1":117,"ieoestrat2":242,"ieoestrat3":72,"ieoestrat4":2,"ieoestrat5":0,"ieoestrat6":0,"ieoestrat9":7,"ieofemen":229,"ieomascul":215,"ieoalgdisc":6,"ieonarp":293,"ieoindigen":0,"ieofecha":"2024-04-03Z"}},{"type":"Feature","id":"esf_establecimiento_educativo.fid--215d4958_1a0d9e21907_-75bf","geometry":{"type":"Point","coordinates":[-76.63775121,3.45466897]},"geometry_name":"the_geom","properties":{"gid":269,"eecoddane":"476001020719","eenomins":"Institucion Educativa La Leonera","eecodanant":"476001020719","eeconsede":"47600102071900","eenomsede":"Institucion Educativa La Leonera","eeidclasede":"PRIN","eeclasede":"Principal","eeidestado":"OF","eeestado":"Oficial","eedirecc":"CORREGIMIENTO LA LEONERA","eenomcorto":"IE La Leonera","eeidestado2":"IEOOF","eeestado2":"IEO - Oficial","eeidcomcor":"58","ecrcomcor":"Correg. La Leonera","eeidbarver":"5801","eebarver":"La Leonera (Cabecera)","eefecact":"2023-06-30Z","ieogrado_2":0,"ieogrado_1":0,"ieogrado0":0,"ieogrado1":0,"ieogrado2":0,"ieogrado3":0,"ieogrado4":0,"ieogrado5":20,"ieogrado6":29,"ieogrado7":21,"ieogrado8":20,"ieogrado9":17,"ieogrado10":17,"ieogrado11":17,"ieogrado21":1,"ieogrado22":2,"ieogrado23":7,"ieogrado24":8,"ieogrado25":6,"ieogrado26":0,"ieogrado41":0,"ieogrado42":0,"ieogrado43":0,"ieogrado44":0,"ieogrado45":0,"ieogrado99":0,"ieomatrtot":165,"ieoestrat0":3,"ieoestrat1":80,"ieoestrat2":60,"ieoestrat3":6,"ieoestrat4":0,"ieoestrat5":0,"ieoestrat6":0,"ieoestrat9":16,"ieofemen":77,"ieomascul":88,"ieoalgdisc":8,"ieonarp":12,"ieoindigen":0,"ieofecha":"2024-04-03Z"}},{"type":"Feature","id":"esf_establecimiento_educativo.fid--215d4958_1a0d9e21907_-75be","geometry":{"type":"Point","coordinates":[-76.558864,3.45474403]},"geometry_name":"the_geom","properties":{"gid":270,"eecoddane":"176001004973","eenomins":"Institucion Educativa Isaias Gamboa","eecodanant":"176001003365","eeconsede":"17600100497300","eenomsede":"Jose Celestino Mutis","eeidclasede":"SEDE","eeclasede":"Sede","eeidestado":"OF","eeestado":"Oficial","eedirecc":"AV 7 B OESTE 18 02","eenomcorto":"SD Jose Celestino Mutis","eeidestado2":"SEDOF","eeestado2":"Sede - Oficial","eeidcomcor":"01","ecrcomcor":"Comuna 01","eeidbarver":"0101","eebarver":"Terron Colorado","eefecact":"2023-06-30Z","ieogrado_2":0,"ieogrado_1":0,"ieogrado0":31,"ieogrado1":30,"ieogrado2":19,"ieogrado3":30,"ieogrado4":22,"ieogrado5":23,"ieogrado6":31,"ieogrado7":30,"ieogrado8":26,"ieogrado9":15,"ieogrado10":0,"ieogrado11":0,"ieogrado21":0,"ieogrado22":0,"ieogrado23":0,"ieogrado24":0,"ieogrado25":0,"ieogrado26":0,"ieogrado41":0,"ieogrado42":0,"ieogrado43":0,"ieogrado44":0,"ieogrado45":0,"ieogrado99":41,"ieomatrtot":298,"ieoestrat0":6,"ieoestrat1":220,"ieoestrat2":59,"ieoestrat3":8,"ieoestrat4":0,"ieoestrat5":0,"ieoestrat6":0,"ieoestrat9":5,"ieofemen":149,"ieomascul":149,"ieoalgdisc":1,"ieonarp":7,"ieoindigen":4,"ieofecha":"2024-04-03Z"}},{"type":"Feature","id":"esf_establecimiento_educativo.fid--215d4958_1a0d9e21907_-75bd","geometry":{"type":"Point","coordinates":[-76.55191391,3.45511009]},"geometry_name":"the_geom","properties":{"gid":271,"eecoddane":"176001004973","eenomins":"Institucion Educativa Isaias Gamboa","eecodanant":"176001006062","eeconsede":"17600100497300","eenomsede":"La Inmaculada","eeidclasede":"SEDE","eeclasede":"Sede","eeidestado":"OF","eeestado":"Oficial","eedirecc":"CL 10 OESTE 5 45","eenomcorto":"SD La Inmaculada","eeidestado2":"SEDOF","eeestado2":"Sede - Oficial","eeidcomcor":"01","ecrcomcor":"Comuna 01","eeidbarver":"0101","eebarver":"Terron Colorado","eefecact":"2023-06-30Z","ieogrado_2":0,"ieogrado_1":0,"ieogrado0":23,"ieogrado1":22,"ieogrado2":22,"ieogrado3":30,"ieogrado4":29,"ieogrado5":28,"ieogrado6":57,"ieogrado7":45,"ieogrado8":44,"ieogrado9":31,"ieogrado10":0,"ieogrado11":0,"ieogrado21":0,"ieogrado22":0,"ieogrado23":24,"ieogrado24":21,"ieogrado25":22,"ieogrado26":0,"ieogrado41":0,"ieogrado42":0,"ieogrado43":0,"ieogrado44":0,"ieogrado45":0,"ieogrado99":0,"ieomatrtot":398,"ieoestrat0":12,"ieoestrat1":262,"ieoestrat2":101,"ieoestrat3":17,"ieoestrat4":1,"ieoestrat5":0,"ieoestrat6":0,"ieoestrat9":5,"ieofemen":201,"ieomascul":197,"ieoalgdisc":4,"ieonarp":11,"ieoindigen":9,"ieofecha":"2024-04-03Z"}},{"type":"Feature","id":"esf_establecimiento_educativo.fid--215d4958_1a0d9e21907_-75bc","geometry":{"type":"Point","coordinates":[-76.48112482,3.45535513]},"geometry_name":"the_geom","properties":{"gid":272,"eecoddane":"176001001664","eenomins":"Institucion Educativa  Vicente Borrero Costa","eecodanant":"176001006445","eeconsede":"17600100166400","eenomsede":"Presbitero Eloy Valenzuela","eeidclasede":"SEDE","eeclasede":"Sede","eeidestado":"OF","eeestado":"Oficial","eedirecc":"IND CALLE 74 7 PBIS-46","eenomcorto":"SD Presbitero Eloy Valenzuela","eeidestado2":"SEDOF","eeestado2":"Sede - Oficial","eeidcomcor":"07","ecrcomcor":"Comuna 07","eeidbarver":"0703","eebarver":"Alfonso Lopez P. 3a Etapa","eefecact":"2023-06-30Z","ieogrado_2":0,"ieogrado_1":36,"ieogrado0":85,"ieogrado1":115,"ieogrado2":109,"ieogrado3":96,"ieogrado4":71,"ieogrado5":82,"ieogrado6":0,"ieogrado7":0,"ieogrado8":0,"ieogrado9":0,"ieogrado10":0,"ieogrado11":0,"ieogrado21":0,"ieogrado22":0,"ieogrado23":0,"ieogrado24":0,"ieogrado25":0,"ieogrado26":0,"ieogrado41":0,"ieogrado42":0,"ieogrado43":0,"ieogrado44":0,"ieogrado45":0,"ieogrado99":156,"ieomatrtot":750,"ieoestrat0":28,"ieoestrat1":235,"ieoestrat2":301,"ieoestrat3":172,"ieoestrat4":0,"ieoestrat5":0,"ieoestrat6":0,"ieoestrat9":14,"ieofemen":356,"ieomascul":394,"ieoalgdisc":2,"ieonarp":359,"ieoindigen":3,"ieofecha":"2024-04-03Z"}},{"type":"Feature","id":"esf_establecimiento_educativo.fid--215d4958_1a0d9e21907_-75bb","geometry":{"type":"Point","coordinates":[-76.5704098,3.45552115]},"geometry_name":"the_geom","properties":{"gid":273,"eecoddane":"176001004973","eenomins":"Institucion Educativa Isaias Gamboa","eecodanant":"176001014120","eeconsede":"17600100497300","eenomsede":"Alejandro Cabal Pombo","eeidclasede":"SEDE","eeclasede":"Sede","eeidestado":"OF","eeestado":"Oficial","eedirecc":"CL 26 OESTE 8 17","eenomcorto":"SD Alejandro Cabal Pombo","eeidestado2":"SEDOF","eeestado2":"Sede - Oficial","eeidcomcor":"01","ecrcomcor":"Comuna 01","eeidbarver":"0101","eebarver":"Terron Colorado","eefecact":"2023-06-30Z","ieogrado_2":0,"ieogrado_1":0,"ieogrado0":23,"ieogrado1":30,"ieogrado2":21,"ieogrado3":29,"ieogrado4":30,"ieogrado5":29,"ieogrado6":0,"ieogrado7":0,"ieogrado8":0,"ieogrado9":0,"ieogrado10":0,"ieogrado11":0,"ieogrado21":0,"ieogrado22":0,"ieogrado23":0,"ieogrado24":0,"ieogrado25":0,"ieogrado26":0,"ieogrado41":0,"ieogrado42":0,"ieogrado43":0,"ieogrado44":0,"ieogrado45":0,"ieogrado99":22,"ieomatrtot":184,"ieoestrat0":5,"ieoestrat1":139,"ieoestrat2":30,"ieoestrat3":6,"ieoestrat4":0,"ieoestrat5":0,"ieoestrat6":0,"ieoestrat9":4,"ieofemen":83,"ieomascul":101,"ieoalgdisc":0,"ieonarp":3,"ieoindigen":3,"ieofecha":"2024-04-03Z"}},{"type":"Feature","id":"esf_establecimiento_educativo.fid--215d4958_1a0d9e21907_-75ba","geometry":{"type":"Point","coordinates":[-76.57736289,3.45552315]},"geometry_name":"the_geom","properties":{"gid":274,"eecoddane":"176001008669","eenomins":"Institucion Educativa Jose Holguin Garces","eecodanant":"376001020501","eeconsede":"17600100866900","eenomsede":"Villa Del Mar","eeidclasede":"SEDE","eeclasede":"Sede","eeidestado":"OF","eeestado":"Oficial","eedirecc":"AV 8 OESTE 30 C 40","eenomcorto":"SD Villa Del Mar","eeidestado2":"SEDOF","eeestado2":"Sede - Oficial","eeidcomcor":"01","ecrcomcor":"Comuna 01","eeidbarver":"0102","eebarver":"Vista Hermosa","eefecact":"2023-06-30Z","ieogrado_2":0,"ieogrado_1":0,"ieogrado0":26,"ieogrado1":27,"ieogrado2":32,"ieogrado3":32,"ieogrado4":28,"ieogrado5":31,"ieogrado6":0,"ieogrado7":0,"ieogrado8":0,"ieogrado9":0,"ieogrado10":0,"ieogrado11":0,"ieogrado21":0,"ieogrado22":0,"ieogrado23":0,"ieogrado24":0,"ieogrado25":0,"ieogrado26":0,"ieogrado41":0,"ieogrado42":0,"ieogrado43":0,"ieogrado44":0,"ieogrado45":0,"ieogrado99":0,"ieomatrtot":176,"ieoestrat0":2,"ieoestrat1":140,"ieoestrat2":25,"ieoestrat3":6,"ieoestrat4":0,"ieoestrat5":0,"ieoestrat6":0,"ieoestrat9":3,"ieofemen":86,"ieomascul":90,"ieoalgdisc":2,"ieonarp":2,"ieoindigen":0,"ieofecha":"2024-04-03Z"}},{"type":"Feature","id":"esf_establecimiento_educativo.fid--215d4958_1a0d9e21907_-75b9","geometry":{"type":"Point","coordinates":[-76.47758827,3.45587921]},"geometry_name":"the_geom","properties":{"gid":275,"eecoddane":"176001001664","eenomins":"Institucion Educativa  Vicente Borrero Costa","eecodanant":"176001002725","eeconsede":"0","eenomsede":"Carlos Villafañe","eeidclasede":"SEDE","eeclasede":"Sede","eeidestado":"OF","eeestado":"Oficial","eedirecc":"CL 81 KR 7 M EQ","eenomcorto":"SD Carlos Villafañe","eeidestado2":"SEDCT","eeestado2":"Sede - Cierre Temporal","eeidcomcor":"07","ecrcomcor":"Comuna 07","eeidbarver":"0703","eebarver":"Alfonso Lopez P. 3a Etapa","eefecact":"2023-06-30Z","ieogrado_2":0,"ieogrado_1":0,"ieogrado0":0,"ieogrado1":0,"ieogrado2":0,"ieogrado3":0,"ieogrado4":0,"ieogrado5":0,"ieogrado6":0,"ieogrado7":0,"ieogrado8":0,"ieogrado9":0,"ieogrado10":0,"ieogrado11":0,"ieogrado21":0,"ieogrado22":0,"ieogrado23":0,"ieogrado24":0,"ieogrado25":0,"ieogrado26":0,"ieogrado41":0,"ieogrado42":0,"ieogrado43":0,"ieogrado44":0,"ieogrado45":0,"ieogrado99":0,"ieomatrtot":0,"ieoestrat0":0,"ieoestrat1":0,"ieoestrat2":0,"ieoestrat3":0,"ieoestrat4":0,"ieoestrat5":0,"ieoestrat6":0,"ieoestrat9":0,"ieofemen":0,"ieomascul":0,"ieoalgdisc":0,"ieonarp":0,"ieoindigen":0,"ieofecha":"2024-04-03Z"}},{"type":"Feature","id":"esf_establecimiento_educativo.fid--215d4958_1a0d9e21907_-75b8","geometry":{"type":"Point","coordinates":[-76.48558352,3.45609725]},"geometry_name":"the_geom","properties":{"gid":276,"eecoddane":"176001008723","eenomins":"Institucion Educativa Manuel Maria Mallarino","eecodanant":"176001007093","eeconsede":"17600100872300","eenomsede":"Los Pinos","eeidclasede":"SEDE","eeclasede":"Sede","eeidestado":"OF","eeestado":"Oficial","eedirecc":"IND CL 69A 7MBIS 00","eenomcorto":"SD Los Pinos","eeidestado2":"SEDOF","eeestado2":"Sede - Oficial","eeidcomcor":"07","ecrcomcor":"Comuna 07","eeidbarver":"0710","eebarver":"Las Ceibas","eefecact":"2023-06-30Z","ieogrado_2":0,"ieogrado_1":0,"ieogrado0":26,"ieogrado1":28,"ieogrado2":26,"ieogrado3":24,"ieogrado4":28,"ieogrado5":24,"ieogrado6":0,"ieogrado7":0,"ieogrado8":0,"ieogrado9":0,"ieogrado10":0,"ieogrado11":0,"ieogrado21":0,"ieogrado22":0,"ieogrado23":0,"ieogrado24":0,"ieogrado25":0,"ieogrado26":0,"ieogrado41":0,"ieogrado42":0,"ieogrado43":0,"ieogrado44":0,"ieogrado45":0,"ieogrado99":0,"ieomatrtot":156,"ieoestrat0":1,"ieoestrat1":16,"ieoestrat2":65,"ieoestrat3":73,"ieoestrat4":0,"ieoestrat5":0,"ieoestrat6":0,"ieoestrat9":1,"ieofemen":83,"ieomascul":73,"ieoalgdisc":2,"ieonarp":48,"ieoindigen":0,"ieofecha":"2024-04-03Z"}},{"type":"Feature","id":"esf_establecimiento_educativo.fid--215d4958_1a0d9e21907_-75b7","geometry":{"type":"Point","coordinates":[-76.56283762,3.45617226]},"geometry_name":"the_geom","properties":{"gid":277,"eecoddane":"176001800052","eenomins":"Institucion Educativa Llano Verde","eecodanant":"176001800079","eeconsede":"17600180005200","eenomsede":"Aguacatal","eeidclasede":"SEDE","eeclasede":"Sede","eeidestado":"MC","eeestado":"Matricula contratada","eedirecc":"IND AV 9 OESTE 19C1 - 100","eenomcorto":"SD Aguacatal","eeidestado2":"SEDMC","eeestado2":"Sede - Matricula Contratada","eeidcomcor":"01","ecrcomcor":"Comuna 01","eeidbarver":"0199","eebarver":"Aguacatal","eefecact":"2023-06-30Z","ieogrado_2":0,"ieogrado_1":0,"ieogrado0":32,"ieogrado1":44,"ieogrado2":45,"ieogrado3":46,"ieogrado4":43,"ieogrado5":44,"ieogrado6":57,"ieogrado7":58,"ieogrado8":56,"ieogrado9":57,"ieogrado10":38,"ieogrado11":34,"ieogrado21":0,"ieogrado22":0,"ieogrado23":0,"ieogrado24":0,"ieogrado25":0,"ieogrado26":0,"ieogrado41":0,"ieogrado42":0,"ieogrado43":0,"ieogrado44":0,"ieogrado45":0,"ieogrado99":0,"ieomatrtot":554,"ieoestrat0":5,"ieoestrat1":442,"ieoestrat2":78,"ieoestrat3":20,"ieoestrat4":1,"ieoestrat5":0,"ieoestrat6":1,"ieoestrat9":7,"ieofemen":271,"ieomascul":283,"ieoalgdisc":12,"ieonarp":13,"ieoindigen":3,"ieofecha":"2024-04-03Z"}},{"type":"Feature","id":"esf_establecimiento_educativo.fid--215d4958_1a0d9e21907_-75b6","geometry":{"type":"Point","coordinates":[-76.48830295,3.45747647]},"geometry_name":"the_geom","properties":{"gid":278,"eecoddane":"176001008723","eenomins":"Institucion Educativa Manuel Maria Mallarino","eecodanant":"176001008723","eeconsede":"17600100872300","eenomsede":"Institucion Educativa Manuel Maria Mallarino","eeidclasede":"PRIN","eeclasede":"Principal","eeidestado":"OF","eeestado":"Oficial","eedirecc":"IND  CALLE 63 CR 7 L BIS # 63-10","eenomcorto":"IE Manuel Maria Mallarino","eeidestado2":"IEOOF","eeestado2":"IEO - Oficial","eeidcomcor":"07","ecrcomcor":"Comuna 07","eeidbarver":"0710","eebarver":"Las Ceibas","eefecact":"2023-06-30Z","ieogrado_2":0,"ieogrado_1":0,"ieogrado0":0,"ieogrado1":0,"ieogrado2":0,"ieogrado3":0,"ieogrado4":0,"ieogrado5":0,"ieogrado6":133,"ieogrado7":104,"ieogrado8":102,"ieogrado9":102,"ieogrado10":81,"ieogrado11":63,"ieogrado21":0,"ieogrado22":0,"ieogrado23":0,"ieogrado24":0,"ieogrado25":0,"ieogrado26":0,"ieogrado41":0,"ieogrado42":0,"ieogrado43":0,"ieogrado44":0,"ieogrado45":0,"ieogrado99":38,"ieomatrtot":623,"ieoestrat0":2,"ieoestrat1":149,"ieoestrat2":280,"ieoestrat3":187,"ieoestrat4":1,"ieoestrat5":0,"ieoestrat6":1,"ieoestrat9":3,"ieofemen":306,"ieomascul":317,"ieoalgdisc":6,"ieonarp":259,"ieoindigen":3,"ieofecha":"2024-04-03Z"}},{"type":"Feature","id":"esf_establecimiento_educativo.fid--215d4958_1a0d9e21907_-75b5","geometry":{"type":"Point","coordinates":[-76.51648636,3.45761349]},"geometry_name":"the_geom","properties":{"gid":279,"eecoddane":"176001040079","eenomins":"Institucion Educativa Santo Tomas","eecodanant":"176001006453","eeconsede":"17600104007900","eenomsede":"Jorge Isaacs","eeidclasede":"SEDE","eeclasede":"Sede","eeidestado":"OF","eeestado":"Oficial","eedirecc":"CL 30 5 33","eenomcorto":"SD Jorge Isaacs","eeidestado2":"SEDOF","eeestado2":"Sede - Oficial","eeidcomcor":"04","ecrcomcor":"Comuna 04","eeidbarver":"0401","eebarver":"Jorge Isaacs","eefecact":"2023-06-30Z","ieogrado_2":0,"ieogrado_1":0,"ieogrado0":23,"ieogrado1":38,"ieogrado2":26,"ieogrado3":34,"ieogrado4":33,"ieogrado5":36,"ieogrado6":0,"ieogrado7":0,"ieogrado8":0,"ieogrado9":0,"ieogrado10":0,"ieogrado11":0,"ieogrado21":0,"ieogrado22":0,"ieogrado23":0,"ieogrado24":0,"ieogrado25":0,"ieogrado26":0,"ieogrado41":0,"ieogrado42":0,"ieogrado43":0,"ieogrado44":0,"ieogrado45":0,"ieogrado99":0,"ieomatrtot":190,"ieoestrat0":0,"ieoestrat1":33,"ieoestrat2":144,"ieoestrat3":11,"ieoestrat4":1,"ieoestrat5":0,"ieoestrat6":0,"ieoestrat9":1,"ieofemen":85,"ieomascul":105,"ieoalgdisc":0,"ieonarp":4,"ieoindigen":2,"ieofecha":"2024-04-03Z"}},{"type":"Feature","id":"esf_establecimiento_educativo.fid--215d4958_1a0d9e21907_-75b4","geometry":{"type":"Point","coordinates":[-76.48190865,3.45784013]},"geometry_name":"the_geom","properties":{"gid":280,"eecoddane":"176001040101","eenomins":"Institucion Educativa  Alfonso Lopez Pumarejo","eecodanant":"176001007336","eeconsede":"17600104010100","eenomsede":"Purificacion Trujillo","eeidclasede":"SEDE","eeclasede":"Sede","eeidestado":"OF","eeestado":"Oficial","eedirecc":"KR 7 J BIS 73 00","eenomcorto":"SD Purificacion Trujillo","eeidestado2":"SEDOF","eeestado2":"Sede - Oficial","eeidcomcor":"07","ecrcomcor":"Comuna 07","eeidbarver":"0702","eebarver":"Alfonso Lopez P. 2a Etapa","eefecact":"2023-06-30Z","ieogrado_2":0,"ieogrado_1":0,"ieogrado0":31,"ieogrado1":67,"ieogrado2":100,"ieogrado3":59,"ieogrado4":71,"ieogrado5":74,"ieogrado6":0,"ieogrado7":0,"ieogrado8":0,"ieogrado9":0,"ieogrado10":0,"ieogrado11":0,"ieogrado21":0,"ieogrado22":0,"ieogrado23":0,"ieogrado24":0,"ieogrado25":0,"ieogrado26":0,"ieogrado41":0,"ieogrado42":0,"ieogrado43":0,"ieogrado44":0,"ieogrado45":0,"ieogrado99":0,"ieomatrtot":402,"ieoestrat0":6,"ieoestrat1":129,"ieoestrat2":226,"ieoestrat3":35,"ieoestrat4":0,"ieoestrat5":0,"ieoestrat6":0,"ieoestrat9":6,"ieofemen":198,"ieomascul":204,"ieoalgdisc":3,"ieonarp":298,"ieoindigen":1,"ieofecha":"2024-04-03Z"}},{"type":"Feature","id":"esf_establecimiento_educativo.fid--215d4958_1a0d9e21907_-75b3","geometry":{"type":"Point","coordinates":[-76.48868993,3.458002]},"geometry_name":"the_geom","properties":{"gid":281,"eecoddane":"176001008723","eenomins":"Institucion Educativa Manuel Maria Mallarino","eecodanant":"176001038070","eeconsede":"17600100872300","eenomsede":"Laura Vicuña","eeidclasede":"SEDE","eeclasede":"Sede","eeidestado":"OF","eeestado":"Oficial","eedirecc":"IND CALLE 63 CR 7 L BIS # 63-10","eenomcorto":"SD Laura Vicuña","eeidestado2":"SEDOF","eeestado2":"Sede - Oficial","eeidcomcor":"07","ecrcomcor":"Comuna 07","eeidbarver":"0710","eebarver":"Las Ceibas","eefecact":"2023-06-30Z","ieogrado_2":0,"ieogrado_1":0,"ieogrado0":26,"ieogrado1":60,"ieogrado2":32,"ieogrado3":64,"ieogrado4":34,"ieogrado5":36,"ieogrado6":0,"ieogrado7":0,"ieogrado8":0,"ieogrado9":0,"ieogrado10":0,"ieogrado11":0,"ieogrado21":0,"ieogrado22":0,"ieogrado23":0,"ieogrado24":0,"ieogrado25":0,"ieogrado26":0,"ieogrado41":0,"ieogrado42":0,"ieogrado43":0,"ieogrado44":0,"ieogrado45":0,"ieogrado99":0,"ieomatrtot":252,"ieoestrat0":3,"ieoestrat1":42,"ieoestrat2":116,"ieoestrat3":90,"ieoestrat4":1,"ieoestrat5":0,"ieoestrat6":0,"ieoestrat9":0,"ieofemen":127,"ieomascul":125,"ieoalgdisc":3,"ieonarp":79,"ieoindigen":3,"ieofecha":"2024-04-03Z"}},{"type":"Feature","id":"esf_establecimiento_educativo.fid--215d4958_1a0d9e21907_-75b2","geometry":{"type":"Point","coordinates":[-76.48197196,3.45810056]},"geometry_name":"the_geom","properties":{"gid":282,"eecoddane":"176001040101","eenomins":"Institucion Educativa  Alfonso Lopez Pumarejo","eecodanant":"176001003888","eeconsede":"17600104010100","eenomsede":"Los Farallones","eeidclasede":"SEDE","eeclasede":"Sede","eeidestado":"OF","eeestado":"Oficial","eedirecc":"KR 7 J BIS 72 00","eenomcorto":"SD Los Farallones","eeidestado2":"SEDOF","eeestado2":"Sede - Oficial","eeidcomcor":"07","ecrcomcor":"Comuna 07","eeidbarver":"0702","eebarver":"Alfonso Lopez P. 2a Etapa","eefecact":"2023-06-30Z","ieogrado_2":0,"ieogrado_1":0,"ieogrado0":0,"ieogrado1":0,"ieogrado2":0,"ieogrado3":0,"ieogrado4":0,"ieogrado5":0,"ieogrado6":274,"ieogrado7":187,"ieogrado8":163,"ieogrado9":153,"ieogrado10":0,"ieogrado11":0,"ieogrado21":0,"ieogrado22":0,"ieogrado23":0,"ieogrado24":0,"ieogrado25":0,"ieogrado26":0,"ieogrado41":0,"ieogrado42":0,"ieogrado43":0,"ieogrado44":0,"ieogrado45":0,"ieogrado99":0,"ieomatrtot":777,"ieoestrat0":11,"ieoestrat1":264,"ieoestrat2":375,"ieoestrat3":117,"ieoestrat4":2,"ieoestrat5":1,"ieoestrat6":0,"ieoestrat9":7,"ieofemen":394,"ieomascul":383,"ieoalgdisc":10,"ieonarp":557,"ieoindigen":3,"ieofecha":"2024-04-03Z"}},{"type":"Feature","id":"esf_establecimiento_educativo.fid--215d4958_1a0d9e21907_-75b1","geometry":{"type":"Point","coordinates":[-76.58391191,3.45835659]},"geometry_name":"the_geom","properties":{"gid":283,"eecoddane":"176001008766","eenomins":"Institucion Educativa Luis Fernando Caicedo","eecodanant":"176001007638","eeconsede":"17600100876600","eenomsede":"Cecilia Caballero De Lopez","eeidclasede":"SEDE","eeclasede":"Sede","eeidestado":"OF","eeestado":"Oficial","eedirecc":"AV 5 A OESTE 34 100","eenomcorto":"SD Cecilia Caballero De Lopez","eeidestado2":"SEDOF","eeestado2":"Sede - Oficial","eeidcomcor":"01","ecrcomcor":"Comuna 01","eeidbarver":"0196","eebarver":"Sector Patio Bonito","eefecact":"2023-06-30Z","ieogrado_2":0,"ieogrado_1":0,"ieogrado0":0,"ieogrado1":16,"ieogrado2":20,"ieogrado3":17,"ieogrado4":18,"ieogrado5":0,"ieogrado6":32,"ieogrado7":34,"ieogrado8":19,"ieogrado9":0,"ieogrado10":24,"ieogrado11":0,"ieogrado21":0,"ieogrado22":0,"ieogrado23":0,"ieogrado24":0,"ieogrado25":0,"ieogrado26":0,"ieogrado41":0,"ieogrado42":0,"ieogrado43":0,"ieogrado44":0,"ieogrado45":0,"ieogrado99":0,"ieomatrtot":180,"ieoestrat0":1,"ieoestrat1":160,"ieoestrat2":17,"ieoestrat3":1,"ieoestrat4":0,"ieoestrat5":0,"ieoestrat6":0,"ieoestrat9":1,"ieofemen":88,"ieomascul":92,"ieoalgdisc":1,"ieonarp":3,"ieoindigen":0,"ieofecha":"2024-04-03Z"}},{"type":"Feature","id":"esf_establecimiento_educativo.fid--215d4958_1a0d9e21907_-75b0","geometry":{"type":"Point","coordinates":[-76.51282079,3.45852164]},"geometry_name":"the_geom","properties":{"gid":284,"eecoddane":"176001030796","eenomins":"Institucion Educativa Tecnico Industrial Veinte De Julio","eecodanant":"176001004124","eeconsede":"17600103079600","eenomsede":"Adan Cordovez Cordoba","eeidclasede":"SEDE","eeclasede":"Sede","eeidestado":"OF","eeestado":"Oficial","eedirecc":"KR 5 A 34 31","eenomcorto":"SD Adan Cordovez Cordoba","eeidestado2":"SEDOF","eeestado2":"Sede - Oficial","eeidcomcor":"04","ecrcomcor":"Comuna 04","eeidbarver":"0403","eebarver":"Porvenir","eefecact":"2023-06-30Z","ieogrado_2":0,"ieogrado_1":0,"ieogrado0":0,"ieogrado1":0,"ieogrado2":0,"ieogrado3":0,"ieogrado4":0,"ieogrado5":0,"ieogrado6":30,"ieogrado7":37,"ieogrado8":41,"ieogrado9":48,"ieogrado10":37,"ieogrado11":25,"ieogrado21":0,"ieogrado22":0,"ieogrado23":0,"ieogrado24":0,"ieogrado25":0,"ieogrado26":0,"ieogrado41":0,"ieogrado42":0,"ieogrado43":0,"ieogrado44":0,"ieogrado45":0,"ieogrado99":0,"ieomatrtot":218,"ieoestrat0":1,"ieoestrat1":87,"ieoestrat2":86,"ieoestrat3":41,"ieoestrat4":2,"ieoestrat5":0,"ieoestrat6":0,"ieoestrat9":1,"ieofemen":105,"ieomascul":113,"ieoalgdisc":1,"ieonarp":13,"ieoindigen":2,"ieofecha":"2024-04-03Z"}},{"type":"Feature","id":"esf_establecimiento_educativo.fid--215d4958_1a0d9e21907_-75af","geometry":{"type":"Point","coordinates":[-76.48780687,3.46044994]},"geometry_name":"the_geom","properties":{"gid":285,"eecoddane":"176001008723","eenomins":"Institucion Educativa Manuel Maria Mallarino","eecodanant":"176001004043","eeconsede":"17600100872300","eenomsede":"Carlos Holguin Sardi","eeidclasede":"SEDE","eeclasede":"Sede","eeidestado":"OF","eeestado":"Oficial","eedirecc":"IND PASAJE 7M BIS 64-00","eenomcorto":"SD Carlos Holguin Sardi","eeidestado2":"SEDOF","eeestado2":"Sede - Oficial","eeidcomcor":"07","ecrcomcor":"Comuna 07","eeidbarver":"0709","eebarver":"San Marino","eefecact":"2023-06-30Z","ieogrado_2":0,"ieogrado_1":0,"ieogrado0":27,"ieogrado1":30,"ieogrado2":19,"ieogrado3":0,"ieogrado4":27,"ieogrado5":27,"ieogrado6":0,"ieogrado7":0,"ieogrado8":0,"ieogrado9":0,"ieogrado10":0,"ieogrado11":0,"ieogrado21":0,"ieogrado22":0,"ieogrado23":0,"ieogrado24":0,"ieogrado25":0,"ieogrado26":0,"ieogrado41":0,"ieogrado42":0,"ieogrado43":0,"ieogrado44":0,"ieogrado45":0,"ieogrado99":0,"ieomatrtot":130,"ieoestrat0":3,"ieoestrat1":23,"ieoestrat2":66,"ieoestrat3":38,"ieoestrat4":0,"ieoestrat5":0,"ieoestrat6":0,"ieoestrat9":0,"ieofemen":56,"ieomascul":74,"ieoalgdisc":2,"ieonarp":64,"ieoindigen":1,"ieofecha":"2024-04-03Z"}},{"type":"Feature","id":"esf_establecimiento_educativo.fid--215d4958_1a0d9e21907_-75ae","geometry":{"type":"Point","coordinates":[-76.50781,3.46132008]},"geometry_name":"the_geom","properties":{"gid":286,"eecoddane":"176001005091","eenomins":"Institucion Educativa Republica De Israel","eecodanant":"176001003331","eeconsede":"17600100509100","eenomsede":"Manuel Santiago Vallecilla","eeidclasede":"SEDE","eeclasede":"Sede","eeidestado":"OF","eeestado":"Oficial","eedirecc":"CL 43 4 B 33","eenomcorto":"SD Manuel Santiago Vallecilla","eeidestado2":"SEDOF","eeestado2":"Sede - Oficial","eeidcomcor":"04","ecrcomcor":"Comuna 04","eeidbarver":"0404","eebarver":"Las Delicias","eefecact":"2023-06-30Z","ieogrado_2":0,"ieogrado_1":0,"ieogrado0":0,"ieogrado1":0,"ieogrado2":0,"ieogrado3":0,"ieogrado4":54,"ieogrado5":41,"ieogrado6":58,"ieogrado7":76,"ieogrado8":0,"ieogrado9":0,"ieogrado10":0,"ieogrado11":0,"ieogrado21":0,"ieogrado22":0,"ieogrado23":0,"ieogrado24":0,"ieogrado25":0,"ieogrado26":0,"ieogrado41":0,"ieogrado42":0,"ieogrado43":0,"ieogrado44":0,"ieogrado45":0,"ieogrado99":0,"ieomatrtot":229,"ieoestrat0":3,"ieoestrat1":37,"ieoestrat2":84,"ieoestrat3":100,"ieoestrat4":3,"ieoestrat5":1,"ieoestrat6":0,"ieoestrat9":1,"ieofemen":104,"ieomascul":125,"ieoalgdisc":8,"ieonarp":13,"ieoindigen":0,"ieofecha":"2024-04-03Z"}},{"type":"Feature","id":"esf_establecimiento_educativo.fid--215d4958_1a0d9e21907_-75ad","geometry":{"type":"Point","coordinates":[-76.50689086,3.46180616]},"geometry_name":"the_geom","properties":{"gid":287,"eecoddane":"176001001699","eenomins":"Institucion Educativa La Merced","eecodanant":"176001027213","eeconsede":"17600100169900","eenomsede":"Cendoe","eeidclasede":"SEDE","eeclasede":"Sede","eeidestado":"OF","eeestado":"Oficial","eedirecc":"CL 44 A 4 B 00","eenomcorto":"SD Cendoe","eeidestado2":"SEDOF","eeestado2":"Sede - Oficial","eeidcomcor":"04","ecrcomcor":"Comuna 04","eeidbarver":"0404","eebarver":"Las Delicias","eefecact":"2023-06-30Z","ieogrado_2":0,"ieogrado_1":0,"ieogrado0":0,"ieogrado1":0,"ieogrado2":0,"ieogrado3":0,"ieogrado4":87,"ieogrado5":79,"ieogrado6":0,"ieogrado7":0,"ieogrado8":0,"ieogrado9":0,"ieogrado10":0,"ieogrado11":0,"ieogrado21":0,"ieogrado22":0,"ieogrado23":0,"ieogrado24":0,"ieogrado25":0,"ieogrado26":0,"ieogrado41":0,"ieogrado42":0,"ieogrado43":0,"ieogrado44":0,"ieogrado45":0,"ieogrado99":0,"ieomatrtot":166,"ieoestrat0":1,"ieoestrat1":11,"ieoestrat2":36,"ieoestrat3":118,"ieoestrat4":0,"ieoestrat5":0,"ieoestrat6":0,"ieoestrat9":0,"ieofemen":83,"ieomascul":83,"ieoalgdisc":2,"ieonarp":11,"ieoindigen":0,"ieofecha":"2024-04-03Z"}},{"type":"Feature","id":"esf_establecimiento_educativo.fid--215d4958_1a0d9e21907_-75ac","geometry":{"type":"Point","coordinates":[-76.52315541,3.46184016]},"geometry_name":"the_geom","properties":{"gid":288,"eecoddane":"176001001818","eenomins":"Institucion Educativa De Santa Librada","eecodanant":"176001013271","eeconsede":"17600100181800","eenomsede":"Sede El Piloto","eeidclasede":"SEDE","eeclasede":"Sede","eeidestado":"OF","eeestado":"Oficial","eedirecc":"KR 4 24 40","eenomcorto":"SD El Piloto","eeidestado2":"SEDOF","eeestado2":"Sede - Oficial","eeidcomcor":"03","ecrcomcor":"Comuna 03","eeidbarver":"0314","eebarver":"El Piloto","eefecact":"2023-06-30Z","ieogrado_2":0,"ieogrado_1":0,"ieogrado0":6,"ieogrado1":10,"ieogrado2":11,"ieogrado3":8,"ieogrado4":9,"ieogrado5":10,"ieogrado6":0,"ieogrado7":0,"ieogrado8":0,"ieogrado9":0,"ieogrado10":0,"ieogrado11":0,"ieogrado21":0,"ieogrado22":0,"ieogrado23":0,"ieogrado24":0,"ieogrado25":0,"ieogrado26":0,"ieogrado41":0,"ieogrado42":0,"ieogrado43":0,"ieogrado44":0,"ieogrado45":0,"ieogrado99":0,"ieomatrtot":54,"ieoestrat0":1,"ieoestrat1":8,"ieoestrat2":24,"ieoestrat3":10,"ieoestrat4":3,"ieoestrat5":1,"ieoestrat6":0,"ieoestrat9":7,"ieofemen":23,"ieomascul":31,"ieoalgdisc":1,"ieonarp":2,"ieoindigen":0,"ieofecha":"2024-04-03Z"}},{"type":"Feature","id":"esf_establecimiento_educativo.fid--215d4958_1a0d9e21907_-75ab","geometry":{"type":"Point","coordinates":[-76.56033523,3.4621152]},"geometry_name":"the_geom","properties":{"gid":289,"eecoddane":"176001004973","eenomins":"Institucion Educativa Isaias Gamboa","eecodanant":"276001043884","eeconsede":"17600100497300","eenomsede":"El Aguacatal","eeidclasede":"SEDE","eeclasede":"Sede","eeidestado":"OF","eeestado":"Oficial","eedirecc":"IND KILOMETRO 2 VIA AGUACATAL","eenomcorto":"SD El Aguacatal","eeidestado2":"SEDOF","eeestado2":"Sede - Oficial","eeidcomcor":"01","ecrcomcor":"Comuna 01","eeidbarver":"0199","eebarver":"Aguacatal","eefecact":"2023-06-30Z","ieogrado_2":0,"ieogrado_1":0,"ieogrado0":0,"ieogrado1":0,"ieogrado2":0,"ieogrado3":0,"ieogrado4":0,"ieogrado5":0,"ieogrado6":71,"ieogrado7":34,"ieogrado8":79,"ieogrado9":60,"ieogrado10":135,"ieogrado11":121,"ieogrado21":0,"ieogrado22":0,"ieogrado23":0,"ieogrado24":0,"ieogrado25":0,"ieogrado26":0,"ieogrado41":0,"ieogrado42":0,"ieogrado43":0,"ieogrado44":0,"ieogrado45":0,"ieogrado99":0,"ieomatrtot":500,"ieoestrat0":9,"ieoestrat1":338,"ieoestrat2":121,"ieoestrat3":26,"ieoestrat4":2,"ieoestrat5":0,"ieoestrat6":1,"ieoestrat9":3,"ieofemen":258,"ieomascul":242,"ieoalgdisc":5,"ieonarp":17,"ieoindigen":8,"ieofecha":"2024-04-03Z"}},{"type":"Feature","id":"esf_establecimiento_educativo.fid--215d4958_1a0d9e21907_-75aa","geometry":{"type":"Point","coordinates":[-76.50391039,3.46231924]},"geometry_name":"the_geom","properties":{"gid":290,"eecoddane":"176001001699","eenomins":"Institucion Educativa La Merced","eecodanant":"176001004094","eeconsede":"17600100169900","eenomsede":"San Pedro Alejandrino","eeidclasede":"SEDE","eeclasede":"Sede","eeidestado":"OF","eeestado":"Oficial","eedirecc":"KR 4 E 46 04","eenomcorto":"SD San Pedro Alejandrino","eeidestado2":"SEDOF","eeestado2":"Sede - Oficial","eeidcomcor":"04","ecrcomcor":"Comuna 04","eeidbarver":"0406","eebarver":"Salomia","eefecact":"2023-06-30Z","ieogrado_2":0,"ieogrado_1":0,"ieogrado0":0,"ieogrado1":0,"ieogrado2":0,"ieogrado3":0,"ieogrado4":0,"ieogrado5":0,"ieogrado6":130,"ieogrado7":140,"ieogrado8":126,"ieogrado9":0,"ieogrado10":0,"ieogrado11":0,"ieogrado21":0,"ieogrado22":0,"ieogrado23":0,"ieogrado24":0,"ieogrado25":0,"ieogrado26":0,"ieogrado41":0,"ieogrado42":0,"ieogrado43":0,"ieogrado44":0,"ieogrado45":0,"ieogrado99":0,"ieomatrtot":396,"ieoestrat0":1,"ieoestrat1":24,"ieoestrat2":113,"ieoestrat3":252,"ieoestrat4":4,"ieoestrat5":2,"ieoestrat6":0,"ieoestrat9":0,"ieofemen":201,"ieomascul":195,"ieoalgdisc":7,"ieonarp":25,"ieoindigen":3,"ieofecha":"2024-04-03Z"}},{"type":"Feature","id":"esf_establecimiento_educativo.fid--215d4958_1a0d9e21907_-75a9","geometry":{"type":"Point","coordinates":[-76.50273921,3.46237824]},"geometry_name":"the_geom","properties":{"gid":291,"eecoddane":"176001001699","eenomins":"Institucion Educativa La Merced","eecodanant":"176001001699","eeconsede":"17600100169900","eenomsede":"Institucion Educativa La Merced","eeidclasede":"PRIN","eeclasede":"Principal","eeidestado":"OF","eeestado":"Oficial","eedirecc":"CL 47 4 E 30","eenomcorto":"IE La Merced","eeidestado2":"IEOOF","eeestado2":"IEO - Oficial","eeidcomcor":"04","ecrcomcor":"Comuna 04","eeidbarver":"0406","eebarver":"Salomia","eefecact":"2023-06-30Z","ieogrado_2":0,"ieogrado_1":0,"ieogrado0":0,"ieogrado1":0,"ieogrado2":0,"ieogrado3":0,"ieogrado4":0,"ieogrado5":0,"ieogrado6":0,"ieogrado7":0,"ieogrado8":0,"ieogrado9":152,"ieogrado10":140,"ieogrado11":146,"ieogrado21":0,"ieogrado22":0,"ieogrado23":0,"ieogrado24":0,"ieogrado25":0,"ieogrado26":0,"ieogrado41":0,"ieogrado42":0,"ieogrado43":0,"ieogrado44":0,"ieogrado45":0,"ieogrado99":0,"ieomatrtot":438,"ieoestrat0":1,"ieoestrat1":36,"ieoestrat2":129,"ieoestrat3":258,"ieoestrat4":11,"ieoestrat5":1,"ieoestrat6":1,"ieoestrat9":1,"ieofemen":244,"ieomascul":194,"ieoalgdisc":1,"ieonarp":41,"ieoindigen":3,"ieofecha":"2024-04-03Z"}},{"type":"Feature","id":"esf_establecimiento_educativo.fid--215d4958_1a0d9e21907_-75a8","geometry":{"type":"Point","coordinates":[-76.53792772,3.46239825]},"geometry_name":"the_geom","properties":{"gid":292,"eecoddane":"176001001672","eenomins":"Institucion Educativa Tecnico De Comercio Santa Cecilia","eecodanant":"276001011745","eeconsede":"17600100167200","eenomsede":"La Inmaculada - Bataclan","eeidclasede":"SEDE","eeclasede":"Sede","eeidestado":"OF","eeestado":"Oficial","eedirecc":"IND VEREDA BATACLAN CERRO TRES CRUCES","eenomcorto":"SD La Inmaculada - Bataclan","eeidestado2":"SEDOF","eeestado2":"Sede - Oficial","eeidcomcor":"65","ecrcomcor":"Correg. Golondrinas","eeidbarver":"6599","eebarver":"Sector Geográfico Tres Cruces","eefecact":"2023-06-30Z","ieogrado_2":0,"ieogrado_1":0,"ieogrado0":18,"ieogrado1":0,"ieogrado2":0,"ieogrado3":14,"ieogrado4":0,"ieogrado5":0,"ieogrado6":0,"ieogrado7":0,"ieogrado8":0,"ieogrado9":0,"ieogrado10":0,"ieogrado11":0,"ieogrado21":0,"ieogrado22":0,"ieogrado23":0,"ieogrado24":0,"ieogrado25":0,"ieogrado26":0,"ieogrado41":0,"ieogrado42":0,"ieogrado43":0,"ieogrado44":0,"ieogrado45":0,"ieogrado99":0,"ieomatrtot":32,"ieoestrat0":0,"ieoestrat1":29,"ieoestrat2":0,"ieoestrat3":0,"ieoestrat4":0,"ieoestrat5":0,"ieoestrat6":0,"ieoestrat9":3,"ieofemen":13,"ieomascul":19,"ieoalgdisc":1,"ieonarp":0,"ieoindigen":0,"ieofecha":"2024-04-03Z"}},{"type":"Feature","id":"esf_establecimiento_educativo.fid--215d4958_1a0d9e21907_-75a7","geometry":{"type":"Point","coordinates":[-76.51435403,3.46278231]},"geometry_name":"the_geom","properties":{"gid":293,"eecoddane":"176001040079","eenomins":"Institucion Educativa Santo Tomas","eecodanant":"176001003322","eeconsede":"17600104007900","eenomsede":"Manuela Beltran","eeidclasede":"SEDE","eeclasede":"Sede","eeidestado":"OF","eeestado":"Oficial","eedirecc":"KR 2 A 34 23","eenomcorto":"SD Manuela Beltran","eeidestado2":"SEDOF","eeestado2":"Sede - Oficial","eeidcomcor":"04","ecrcomcor":"Comuna 04","eeidbarver":"0402","eebarver":"Santander","eefecact":"2023-06-30Z","ieogrado_2":0,"ieogrado_1":0,"ieogrado0":0,"ieogrado1":0,"ieogrado2":0,"ieogrado3":0,"ieogrado4":0,"ieogrado5":0,"ieogrado6":43,"ieogrado7":44,"ieogrado8":50,"ieogrado9":50,"ieogrado10":0,"ieogrado11":0,"ieogrado21":0,"ieogrado22":0,"ieogrado23":0,"ieogrado24":0,"ieogrado25":0,"ieogrado26":0,"ieogrado41":0,"ieogrado42":0,"ieogrado43":0,"ieogrado44":0,"ieogrado45":0,"ieogrado99":0,"ieomatrtot":187,"ieoestrat0":0,"ieoestrat1":50,"ieoestrat2":106,"ieoestrat3":27,"ieoestrat4":4,"ieoestrat5":0,"ieoestrat6":0,"ieoestrat9":0,"ieofemen":90,"ieomascul":97,"ieoalgdisc":4,"ieonarp":7,"ieoindigen":4,"ieofecha":"2024-04-03Z"}},{"type":"Feature","id":"esf_establecimiento_educativo.fid--215d4958_1a0d9e21907_-75a6","geometry":{"type":"Point","coordinates":[-76.66105623,3.46301964]},"geometry_name":"the_geom","properties":{"gid":294,"eecoddane":"276001012831","eenomins":"Institucion Educativa Felidia","eecodanant":"276001003271","eeconsede":"27600101283100","eenomsede":"Cristobal Colon","eeidclasede":"SEDE","eeclasede":"Sede","eeidestado":"OF","eeestado":"Oficial","eedirecc":"CORREGIMIENTO FELIDIA/VEREDA EL DIAMANTE","eenomcorto":"SD Cristobal Colon","eeidestado2":"SEDOF","eeestado2":"Sede - Oficial","eeidcomcor":"59","ecrcomcor":"Correg. Felidia","eeidbarver":"5904","eebarver":"El Diamante","eefecact":"2023-06-30Z","ieogrado_2":0,"ieogrado_1":0,"ieogrado0":2,"ieogrado1":5,"ieogrado2":2,"ieogrado3":0,"ieogrado4":0,"ieogrado5":0,"ieogrado6":0,"ieogrado7":0,"ieogrado8":0,"ieogrado9":0,"ieogrado10":0,"ieogrado11":0,"ieogrado21":0,"ieogrado22":0,"ieogrado23":0,"ieogrado24":0,"ieogrado25":0,"ieogrado26":0,"ieogrado41":0,"ieogrado42":0,"ieogrado43":0,"ieogrado44":0,"ieogrado45":0,"ieogrado99":0,"ieomatrtot":9,"ieoestrat0":1,"ieoestrat1":4,"ieoestrat2":4,"ieoestrat3":0,"ieoestrat4":0,"ieoestrat5":0,"ieoestrat6":0,"ieoestrat9":0,"ieofemen":3,"ieomascul":6,"ieoalgdisc":1,"ieonarp":0,"ieoindigen":0,"ieofecha":"2024-04-03Z"}},{"type":"Feature","id":"esf_establecimiento_educativo.fid--215d4958_1a0d9e21907_-75a5","geometry":{"type":"Point","coordinates":[-76.4816149,3.46305734]},"geometry_name":"the_geom","properties":{"gid":295,"eecoddane":"176001040101","eenomins":"Institucion Educativa  Alfonso Lopez Pumarejo","eecodanant":"176001003942","eeconsede":"17600104010100","eenomsede":"Central Provivienda","eeidclasede":"SEDE","eeclasede":"Sede","eeidestado":"OF","eeestado":"Oficial","eedirecc":"CL 72 A 7 C BIS 10","eenomcorto":"SD Central Provivienda","eeidestado2":"SEDOF","eeestado2":"Sede - Oficial","eeidcomcor":"07","ecrcomcor":"Comuna 07","eeidbarver":"0701","eebarver":"Alfonso Lopez P. 1a Etapa","eefecact":"2023-06-30Z","ieogrado_2":0,"ieogrado_1":0,"ieogrado0":38,"ieogrado1":45,"ieogrado2":37,"ieogrado3":64,"ieogrado4":68,"ieogrado5":60,"ieogrado6":0,"ieogrado7":0,"ieogrado8":0,"ieogrado9":0,"ieogrado10":0,"ieogrado11":0,"ieogrado21":0,"ieogrado22":0,"ieogrado23":0,"ieogrado24":0,"ieogrado25":0,"ieogrado26":0,"ieogrado41":0,"ieogrado42":0,"ieogrado43":0,"ieogrado44":0,"ieogrado45":0,"ieogrado99":0,"ieomatrtot":312,"ieoestrat0":0,"ieoestrat1":71,"ieoestrat2":193,"ieoestrat3":45,"ieoestrat4":0,"ieoestrat5":0,"ieoestrat6":0,"ieoestrat9":3,"ieofemen":138,"ieomascul":174,"ieoalgdisc":5,"ieonarp":216,"ieoindigen":0,"ieofecha":"2024-04-03Z"}},{"type":"Feature","id":"esf_establecimiento_educativo.fid--215d4958_1a0d9e21907_-75a4","geometry":{"type":"Point","coordinates":[-76.50835309,3.46310136]},"geometry_name":"the_geom","properties":{"gid":296,"eecoddane":"176001005091","eenomins":"Institucion Educativa Republica De Israel","eecodanant":"176001005091","eeconsede":"17600100509100","eenomsede":"Institucion Educativa Republica De Israel","eeidclasede":"PRIN","eeclasede":"Principal","eeidestado":"OF","eeestado":"Oficial","eedirecc":"KR 3 43 49","eenomcorto":"IE Republica De Israel","eeidestado2":"IEOOF","eeestado2":"IEO - Oficial","eeidcomcor":"04","ecrcomcor":"Comuna 04","eeidbarver":"0404","eebarver":"Las Delicias","eefecact":"2023-06-30Z","ieogrado_2":0,"ieogrado_1":0,"ieogrado0":0,"ieogrado1":0,"ieogrado2":0,"ieogrado3":0,"ieogrado4":0,"ieogrado5":0,"ieogrado6":0,"ieogrado7":0,"ieogrado8":85,"ieogrado9":78,"ieogrado10":72,"ieogrado11":90,"ieogrado21":0,"ieogrado22":0,"ieogrado23":0,"ieogrado24":0,"ieogrado25":0,"ieogrado26":0,"ieogrado41":0,"ieogrado42":0,"ieogrado43":0,"ieogrado44":0,"ieogrado45":0,"ieogrado99":0,"ieomatrtot":325,"ieoestrat0":0,"ieoestrat1":52,"ieoestrat2":131,"ieoestrat3":131,"ieoestrat4":8,"ieoestrat5":2,"ieoestrat6":0,"ieoestrat9":1,"ieofemen":140,"ieomascul":185,"ieoalgdisc":21,"ieonarp":41,"ieoindigen":0,"ieofecha":"2024-04-03Z"}},{"type":"Feature","id":"esf_establecimiento_educativo.fid--215d4958_1a0d9e21907_-75a3","geometry":{"type":"Point","coordinates":[-76.50984832,3.46316237]},"geometry_name":"the_geom","properties":{"gid":297,"eecoddane":"176001005091","eenomins":"Institucion Educativa Republica De Israel","eecodanant":"176001003098","eeconsede":"17600100509100","eenomsede":"San Jose","eeidclasede":"SEDE","eeclasede":"Sede","eeidestado":"OF","eeestado":"Oficial","eedirecc":"CL 40 2 C 21","eenomcorto":"SD San Jose","eeidestado2":"SEDOF","eeestado2":"Sede - Oficial","eeidcomcor":"04","ecrcomcor":"Comuna 04","eeidbarver":"0404","eebarver":"Las Delicias","eefecact":"2023-06-30Z","ieogrado_2":0,"ieogrado_1":17,"ieogrado0":26,"ieogrado1":41,"ieogrado2":40,"ieogrado3":45,"ieogrado4":0,"ieogrado5":0,"ieogrado6":0,"ieogrado7":0,"ieogrado8":0,"ieogrado9":0,"ieogrado10":0,"ieogrado11":0,"ieogrado21":0,"ieogrado22":0,"ieogrado23":0,"ieogrado24":0,"ieogrado25":0,"ieogrado26":0,"ieogrado41":0,"ieogrado42":0,"ieogrado43":0,"ieogrado44":0,"ieogrado45":0,"ieogrado99":0,"ieomatrtot":169,"ieoestrat0":0,"ieoestrat1":17,"ieoestrat2":77,"ieoestrat3":74,"ieoestrat4":0,"ieoestrat5":0,"ieoestrat6":0,"ieoestrat9":1,"ieofemen":75,"ieomascul":94,"ieoalgdisc":7,"ieonarp":3,"ieoindigen":0,"ieofecha":"2024-04-03Z"}},{"type":"Feature","id":"esf_establecimiento_educativo.fid--215d4958_1a0d9e21907_-75a2","geometry":{"type":"Point","coordinates":[-76.4777943,3.46376645]},"geometry_name":"the_geom","properties":{"gid":298,"eecoddane":"176001001664","eenomins":"Institucion Educativa  Vicente Borrero Costa","eecodanant":"176001004353","eeconsede":"17600100166400","eenomsede":"Jose Maria Villegas","eeidclasede":"SEDE","eeclasede":"Sede","eeidestado":"OF","eeestado":"Oficial","eedirecc":"CL 82 KR 7 D 1","eenomcorto":"SD Jose Maria Villegas","eeidestado2":"SEDOF","eeestado2":"Sede - Oficial","eeidcomcor":"07","ecrcomcor":"Comuna 07","eeidbarver":"0701","eebarver":"Alfonso Lopez P. 1a Etapa","eefecact":"2023-06-30Z","ieogrado_2":0,"ieogrado_1":0,"ieogrado0":0,"ieogrado1":0,"ieogrado2":0,"ieogrado3":56,"ieogrado4":33,"ieogrado5":46,"ieogrado6":0,"ieogrado7":0,"ieogrado8":0,"ieogrado9":0,"ieogrado10":0,"ieogrado11":0,"ieogrado21":0,"ieogrado22":0,"ieogrado23":0,"ieogrado24":0,"ieogrado25":0,"ieogrado26":0,"ieogrado41":0,"ieogrado42":0,"ieogrado43":0,"ieogrado44":0,"ieogrado45":0,"ieogrado99":0,"ieomatrtot":135,"ieoestrat0":1,"ieoestrat1":55,"ieoestrat2":64,"ieoestrat3":13,"ieoestrat4":1,"ieoestrat5":0,"ieoestrat6":0,"ieoestrat9":1,"ieofemen":66,"ieomascul":69,"ieoalgdisc":0,"ieonarp":72,"ieoindigen":2,"ieofecha":"2024-04-03Z"}},{"type":"Feature","id":"esf_establecimiento_educativo.fid--215d4958_1a0d9e21907_-75a1","geometry":{"type":"Point","coordinates":[-76.58952478,3.4642095]},"geometry_name":"the_geom","properties":{"gid":299,"eecoddane":"176001008766","eenomins":"Institucion Educativa Luis Fernando Caicedo","eecodanant":"176001008766","eeconsede":"17600100876600","eenomsede":"Institucion Educativa Luis Fernando Caicedo - Sede Principal","eeidclasede":"PRIN","eeclasede":"Principal","eeidestado":"OF","eeestado":"Oficial","eedirecc":"AV 5 A OESTE 47 04","eenomcorto":"IE Luis Fernando Caicedo","eeidestado2":"IEOOF","eeestado2":"IEO - Oficial","eeidcomcor":"60","ecrcomcor":"Correg. El Saladito","eeidbarver":"6005","eebarver":"Montañuelas","eefecact":"2023-06-30Z","ieogrado_2":0,"ieogrado_1":0,"ieogrado0":17,"ieogrado1":20,"ieogrado2":22,"ieogrado3":13,"ieogrado4":21,"ieogrado5":21,"ieogrado6":25,"ieogrado7":26,"ieogrado8":20,"ieogrado9":32,"ieogrado10":0,"ieogrado11":27,"ieogrado21":0,"ieogrado22":0,"ieogrado23":0,"ieogrado24":0,"ieogrado25":0,"ieogrado26":0,"ieogrado41":0,"ieogrado42":0,"ieogrado43":0,"ieogrado44":0,"ieogrado45":0,"ieogrado99":0,"ieomatrtot":244,"ieoestrat0":1,"ieoestrat1":225,"ieoestrat2":12,"ieoestrat3":4,"ieoestrat4":1,"ieoestrat5":0,"ieoestrat6":0,"ieoestrat9":1,"ieofemen":121,"ieomascul":123,"ieoalgdisc":8,"ieonarp":7,"ieoindigen":1,"ieofecha":"2024-04-03Z"}},{"type":"Feature","id":"esf_establecimiento_educativo.fid--215d4958_1a0d9e21907_-75a0","geometry":{"type":"Point","coordinates":[-76.51616431,3.46471462]},"geometry_name":"the_geom","properties":{"gid":300,"eecoddane":"176001040079","eenomins":"Institucion Educativa Santo Tomas","eecodanant":"176001004132","eeconsede":"17600104007900","eenomsede":"Santo Tomas De Aquino","eeidclasede":"SEDE","eeclasede":"Sede","eeidestado":"OF","eeestado":"Oficial","eedirecc":"IND CL 33 2N -11","eenomcorto":"SD Santo Tomas De Aquino","eeidestado2":"SEDOF","eeestado2":"Sede - Oficial","eeidcomcor":"04","ecrcomcor":"Comuna 04","eeidbarver":"0408","eebarver":"Sultana - Berlín - San Francisco","eefecact":"2023-06-30Z","ieogrado_2":0,"ieogrado_1":0,"ieogrado0":24,"ieogrado1":32,"ieogrado2":28,"ieogrado3":33,"ieogrado4":32,"ieogrado5":34,"ieogrado6":36,"ieogrado7":36,"ieogrado8":33,"ieogrado9":36,"ieogrado10":0,"ieogrado11":0,"ieogrado21":0,"ieogrado22":0,"ieogrado23":0,"ieogrado24":0,"ieogrado25":0,"ieogrado26":0,"ieogrado41":0,"ieogrado42":0,"ieogrado43":0,"ieogrado44":0,"ieogrado45":0,"ieogrado99":0,"ieomatrtot":324,"ieoestrat0":0,"ieoestrat1":128,"ieoestrat2":137,"ieoestrat3":50,"ieoestrat4":6,"ieoestrat5":2,"ieoestrat6":0,"ieoestrat9":1,"ieofemen":150,"ieomascul":174,"ieoalgdisc":1,"ieonarp":4,"ieoindigen":3,"ieofecha":"2024-04-03Z"}},{"type":"Feature","id":"esf_establecimiento_educativo.fid--215d4958_1a0d9e21907_-759f","geometry":{"type":"Point","coordinates":[-76.50383238,3.46516968]},"geometry_name":"the_geom","properties":{"gid":301,"eecoddane":"176001001729","eenomins":"Institucion Educativa Tecnica De Comercio Simon Rodriguez","eecodanant":"176001004272","eeconsede":"17600100172900","eenomsede":"Maria Panesso","eeidclasede":"SEDE","eeclasede":"Sede","eeidestado":"OF","eeestado":"Oficial","eedirecc":"CL 46 C 3 00","eenomcorto":"SD Maria Panesso","eeidestado2":"SEDOF","eeestado2":"Sede - Oficial","eeidcomcor":"05","ecrcomcor":"Comuna 05","eeidbarver":"0501","eebarver":"El Sena","eefecact":"2023-06-30Z","ieogrado_2":0,"ieogrado_1":0,"ieogrado0":0,"ieogrado1":0,"ieogrado2":0,"ieogrado3":142,"ieogrado4":139,"ieogrado5":131,"ieogrado6":0,"ieogrado7":0,"ieogrado8":0,"ieogrado9":0,"ieogrado10":0,"ieogrado11":0,"ieogrado21":0,"ieogrado22":0,"ieogrado23":0,"ieogrado24":0,"ieogrado25":0,"ieogrado26":0,"ieogrado41":0,"ieogrado42":0,"ieogrado43":0,"ieogrado44":0,"ieogrado45":0,"ieogrado99":0,"ieomatrtot":412,"ieoestrat0":3,"ieoestrat1":41,"ieoestrat2":80,"ieoestrat3":270,"ieoestrat4":9,"ieoestrat5":2,"ieoestrat6":0,"ieoestrat9":7,"ieofemen":215,"ieomascul":197,"ieoalgdisc":9,"ieonarp":8,"ieoindigen":0,"ieofecha":"2024-04-03Z"}},{"type":"Feature","id":"esf_establecimiento_educativo.fid--215d4958_1a0d9e21907_-759e","geometry":{"type":"Point","coordinates":[-76.50633977,3.46536872]},"geometry_name":"the_geom","properties":{"gid":302,"eecoddane":"176001001699","eenomins":"Institucion Educativa La Merced","eecodanant":"176001012119","eeconsede":"17600100169900","eenomsede":"San Vicente De Paul","eeidclasede":"SEDE","eeclasede":"Sede","eeidestado":"OF","eeestado":"Oficial","eedirecc":"KR 2 B 45 A 20","eenomcorto":"SD San Vicente De Paul","eeidestado2":"SEDOF","eeestado2":"Sede - Oficial","eeidcomcor":"04","ecrcomcor":"Comuna 04","eeidbarver":"0406","eebarver":"Salomia","eefecact":"2023-06-30Z","ieogrado_2":0,"ieogrado_1":14,"ieogrado0":30,"ieogrado1":58,"ieogrado2":61,"ieogrado3":77,"ieogrado4":0,"ieogrado5":0,"ieogrado6":0,"ieogrado7":0,"ieogrado8":0,"ieogrado9":0,"ieogrado10":0,"ieogrado11":0,"ieogrado21":0,"ieogrado22":0,"ieogrado23":0,"ieogrado24":0,"ieogrado25":0,"ieogrado26":0,"ieogrado41":0,"ieogrado42":0,"ieogrado43":0,"ieogrado44":0,"ieogrado45":0,"ieogrado99":0,"ieomatrtot":240,"ieoestrat0":0,"ieoestrat1":13,"ieoestrat2":45,"ieoestrat3":173,"ieoestrat4":2,"ieoestrat5":0,"ieoestrat6":0,"ieoestrat9":7,"ieofemen":126,"ieomascul":114,"ieoalgdisc":2,"ieonarp":4,"ieoindigen":0,"ieofecha":"2024-04-03Z"}},{"type":"Feature","id":"esf_establecimiento_educativo.fid--215d4958_1a0d9e21907_-759d","geometry":{"type":"Point","coordinates":[-76.47785131,3.46624084]},"geometry_name":"the_geom","properties":{"gid":303,"eecoddane":"176001001664","eenomins":"Institucion Educativa  Vicente Borrero Costa","eecodanant":"176001003870","eeconsede":"17600100166400","eenomsede":"Alfonso Lopez Pumarejo","eeidclasede":"SEDE","eeclasede":"Sede","eeidestado":"OF","eeestado":"Oficial","eedirecc":"CL 84 KR 7 A BIS EQ","eenomcorto":"SD Alfonso Lopez Pumarejo","eeidestado2":"SEDOF","eeestado2":"Sede - Oficial","eeidcomcor":"07","ecrcomcor":"Comuna 07","eeidbarver":"0701","eebarver":"Alfonso Lopez P. 1a Etapa","eefecact":"2023-06-30Z","ieogrado_2":0,"ieogrado_1":18,"ieogrado0":36,"ieogrado1":50,"ieogrado2":52,"ieogrado3":0,"ieogrado4":0,"ieogrado5":0,"ieogrado6":0,"ieogrado7":0,"ieogrado8":0,"ieogrado9":0,"ieogrado10":0,"ieogrado11":0,"ieogrado21":0,"ieogrado22":0,"ieogrado23":0,"ieogrado24":0,"ieogrado25":0,"ieogrado26":0,"ieogrado41":0,"ieogrado42":0,"ieogrado43":0,"ieogrado44":0,"ieogrado45":0,"ieogrado99":0,"ieomatrtot":156,"ieoestrat0":5,"ieoestrat1":48,"ieoestrat2":90,"ieoestrat3":13,"ieoestrat4":0,"ieoestrat5":0,"ieoestrat6":0,"ieoestrat9":0,"ieofemen":70,"ieomascul":86,"ieoalgdisc":1,"ieonarp":33,"ieoindigen":1,"ieofecha":"2024-04-03Z"}},{"type":"Feature","id":"esf_establecimiento_educativo.fid--215d4958_1a0d9e21907_-759c","geometry":{"type":"Point","coordinates":[-76.51667439,3.46658591]},"geometry_name":"the_geom","properties":{"gid":304,"eecoddane":"176001040079","eenomins":"Institucion Educativa Santo Tomas","eecodanant":"176001040079","eeconsede":"17600104007900","eenomsede":"Institucion Educativa Santo Tomas  Casd","eeidclasede":"PRIN","eeclasede":"Principal","eeidestado":"OF","eeestado":"Oficial","eedirecc":"IND CL 34 NO 3N 15","eenomcorto":"IE Santo Tomas","eeidestado2":"IEOOF","eeestado2":"IEO - Oficial","eeidcomcor":"04","ecrcomcor":"Comuna 04","eeidbarver":"0408","eebarver":"Sultana - Berlín - San Francisco","eefecact":"2023-06-30Z","ieogrado_2":0,"ieogrado_1":0,"ieogrado0":0,"ieogrado1":0,"ieogrado2":0,"ieogrado3":0,"ieogrado4":0,"ieogrado5":0,"ieogrado6":0,"ieogrado7":0,"ieogrado8":0,"ieogrado9":0,"ieogrado10":132,"ieogrado11":129,"ieogrado21":0,"ieogrado22":5,"ieogrado23":8,"ieogrado24":17,"ieogrado25":23,"ieogrado26":5,"ieogrado41":0,"ieogrado42":0,"ieogrado43":0,"ieogrado44":0,"ieogrado45":0,"ieogrado99":0,"ieomatrtot":319,"ieoestrat0":0,"ieoestrat1":62,"ieoestrat2":188,"ieoestrat3":59,"ieoestrat4":9,"ieoestrat5":0,"ieoestrat6":0,"ieoestrat9":1,"ieofemen":164,"ieomascul":155,"ieoalgdisc":3,"ieonarp":13,"ieoindigen":1,"ieofecha":"2024-04-03Z"}},{"type":"Feature","id":"esf_establecimiento_educativo.fid--215d4958_1a0d9e21907_-759b","geometry":{"type":"Point","coordinates":[-76.51745251,3.46719601]},"geometry_name":"the_geom","properties":{"gid":305,"eecoddane":"176001030796","eenomins":"Institucion Educativa Tecnico Industrial Veinte De Julio","eecodanant":"176001030796","eeconsede":"17600103079600","eenomsede":"Institucion Educativa Tecnico Industrial Veinte De Julio - Sede Principal","eeidclasede":"PRIN","eeclasede":"Principal","eeidestado":"OF","eeestado":"Oficial","eedirecc":"KR 5 NORTE 33 01","eenomcorto":"IETI Veinte De Julio","eeidestado2":"IEOOF","eeestado2":"IEO - Oficial","eeidcomcor":"04","ecrcomcor":"Comuna 04","eeidbarver":"0408","eebarver":"Sultana - Berlín - San Francisco","eefecact":"2023-06-30Z","ieogrado_2":0,"ieogrado_1":0,"ieogrado0":0,"ieogrado1":0,"ieogrado2":0,"ieogrado3":0,"ieogrado4":0,"ieogrado5":0,"ieogrado6":68,"ieogrado7":73,"ieogrado8":79,"ieogrado9":64,"ieogrado10":29,"ieogrado11":41,"ieogrado21":0,"ieogrado22":0,"ieogrado23":0,"ieogrado24":0,"ieogrado25":0,"ieogrado26":0,"ieogrado41":0,"ieogrado42":0,"ieogrado43":0,"ieogrado44":0,"ieogrado45":0,"ieogrado99":0,"ieomatrtot":354,"ieoestrat0":4,"ieoestrat1":140,"ieoestrat2":155,"ieoestrat3":46,"ieoestrat4":6,"ieoestrat5":0,"ieoestrat6":0,"ieoestrat9":3,"ieofemen":159,"ieomascul":195,"ieoalgdisc":4,"ieonarp":26,"ieoindigen":4,"ieofecha":"2024-04-03Z"}},{"type":"Feature","id":"esf_establecimiento_educativo.fid--215d4958_1a0d9e21907_-759a","geometry":{"type":"Point","coordinates":[-76.62757564,3.46740348]},"geometry_name":"the_geom","properties":{"gid":306,"eecoddane":"276001012831","eenomins":"Institucion Educativa Felidia","eecodanant":"276001012831","eeconsede":"27600101283100","eenomsede":"Jose Holguin Garces","eeidclasede":"PRIN","eeclasede":"Principal","eeidestado":"OF","eeestado":"Oficial","eedirecc":"CORREGIMIENTO FELIDIA","eenomcorto":"IE Felidia","eeidestado2":"IEOOF","eeestado2":"IEO - Oficial","eeidcomcor":"59","ecrcomcor":"Correg. Felidia","eeidbarver":"5901","eebarver":"Felidia (Cabecera)","eefecact":"2023-06-30Z","ieogrado_2":0,"ieogrado_1":0,"ieogrado0":0,"ieogrado1":0,"ieogrado2":0,"ieogrado3":0,"ieogrado4":0,"ieogrado5":0,"ieogrado6":28,"ieogrado7":27,"ieogrado8":26,"ieogrado9":25,"ieogrado10":18,"ieogrado11":25,"ieogrado21":0,"ieogrado22":0,"ieogrado23":5,"ieogrado24":7,"ieogrado25":11,"ieogrado26":0,"ieogrado41":0,"ieogrado42":0,"ieogrado43":0,"ieogrado44":0,"ieogrado45":0,"ieogrado99":0,"ieomatrtot":172,"ieoestrat0":4,"ieoestrat1":56,"ieoestrat2":106,"ieoestrat3":6,"ieoestrat4":0,"ieoestrat5":0,"ieoestrat6":0,"ieoestrat9":0,"ieofemen":91,"ieomascul":81,"ieoalgdisc":6,"ieonarp":8,"ieoindigen":3,"ieofecha":"2024-04-03Z"}},{"type":"Feature","id":"esf_establecimiento_educativo.fid--215d4958_1a0d9e21907_-7599","geometry":{"type":"Point","coordinates":[-76.62784968,3.46764556]},"geometry_name":"the_geom","properties":{"gid":307,"eecoddane":"276001012831","eenomins":"Institucion Educativa Felidia","eecodanant":"276001005451","eeconsede":"27600101283100","eenomsede":"Republica De Cuba","eeidclasede":"SEDE","eeclasede":"Sede","eeidestado":"OF","eeestado":"Oficial","eedirecc":"CORREGIMIENTO  FELIDIA","eenomcorto":"SD Republica De Cuba","eeidestado2":"SEDOF","eeestado2":"Sede - Oficial","eeidcomcor":"59","ecrcomcor":"Correg. Felidia","eeidbarver":"5901","eebarver":"Felidia (Cabecera)","eefecact":"2023-06-30Z","ieogrado_2":0,"ieogrado_1":0,"ieogrado0":18,"ieogrado1":25,"ieogrado2":21,"ieogrado3":22,"ieogrado4":24,"ieogrado5":24,"ieogrado6":0,"ieogrado7":0,"ieogrado8":0,"ieogrado9":0,"ieogrado10":0,"ieogrado11":0,"ieogrado21":0,"ieogrado22":0,"ieogrado23":0,"ieogrado24":0,"ieogrado25":0,"ieogrado26":0,"ieogrado41":0,"ieogrado42":0,"ieogrado43":0,"ieogrado44":0,"ieogrado45":0,"ieogrado99":0,"ieomatrtot":134,"ieoestrat0":1,"ieoestrat1":34,"ieoestrat2":96,"ieoestrat3":1,"ieoestrat4":2,"ieoestrat5":0,"ieoestrat6":0,"ieoestrat9":0,"ieofemen":64,"ieomascul":70,"ieoalgdisc":5,"ieonarp":0,"ieoindigen":1,"ieofecha":"2024-04-03Z"}},{"type":"Feature","id":"esf_establecimiento_educativo.fid--215d4958_1a0d9e21907_-7598","geometry":{"type":"Point","coordinates":[-76.51717147,3.46766408]},"geometry_name":"the_geom","properties":{"gid":308,"eecoddane":"176001030796","eenomins":"Institucion Educativa Tecnico Industrial Veinte De Julio","eecodanant":"176001004116","eeconsede":"17600103079600","eenomsede":"Cristina Serrano De Lourido","eeidclasede":"SEDE","eeclasede":"Sede","eeidestado":"OF","eeestado":"Oficial","eedirecc":"KR 5 NORTE 33 03","eenomcorto":"SD Cristina Serrano De Lourido","eeidestado2":"SEDOF","eeestado2":"Sede - Oficial","eeidcomcor":"04","ecrcomcor":"Comuna 04","eeidbarver":"0408","eebarver":"Sultana - Berlín - San Francisco","eefecact":"2023-06-30Z","ieogrado_2":0,"ieogrado_1":0,"ieogrado0":25,"ieogrado1":34,"ieogrado2":33,"ieogrado3":20,"ieogrado4":33,"ieogrado5":30,"ieogrado6":0,"ieogrado7":0,"ieogrado8":0,"ieogrado9":0,"ieogrado10":0,"ieogrado11":0,"ieogrado21":0,"ieogrado22":0,"ieogrado23":0,"ieogrado24":0,"ieogrado25":0,"ieogrado26":0,"ieogrado41":0,"ieogrado42":0,"ieogrado43":0,"ieogrado44":0,"ieogrado45":0,"ieogrado99":0,"ieomatrtot":175,"ieoestrat0":1,"ieoestrat1":45,"ieoestrat2":97,"ieoestrat3":26,"ieoestrat4":3,"ieoestrat5":2,"ieoestrat6":0,"ieoestrat9":1,"ieofemen":76,"ieomascul":99,"ieoalgdisc":4,"ieonarp":3,"ieoindigen":1,"ieofecha":"2024-04-03Z"}},{"type":"Feature","id":"esf_establecimiento_educativo.fid--215d4958_1a0d9e21907_-7597","geometry":{"type":"Point","coordinates":[-76.51251974,3.46918632]},"geometry_name":"the_geom","properties":{"gid":309,"eecoddane":"176001003195","eenomins":"Institucion Educativa Jose Antonio Galan","eecodanant":"176001003195","eeconsede":"17600100319500","eenomsede":"Institucion Educativa Jose Antonio Galan","eeidclasede":"PRIN","eeclasede":"Principal","eeidestado":"OF","eeestado":"Oficial","eedirecc":"IND CL 41 3N - 11","eenomcorto":"IE Jose Antonio Galan","eeidestado2":"IEOOF","eeestado2":"IEO - Oficial","eeidcomcor":"04","ecrcomcor":"Comuna 04","eeidbarver":"0410","eebarver":"Popular","eefecact":"2023-06-30Z","ieogrado_2":0,"ieogrado_1":0,"ieogrado0":0,"ieogrado1":0,"ieogrado2":0,"ieogrado3":0,"ieogrado4":0,"ieogrado5":0,"ieogrado6":51,"ieogrado7":110,"ieogrado8":55,"ieogrado9":91,"ieogrado10":56,"ieogrado11":35,"ieogrado21":6,"ieogrado22":9,"ieogrado23":38,"ieogrado24":47,"ieogrado25":27,"ieogrado26":0,"ieogrado41":0,"ieogrado42":0,"ieogrado43":0,"ieogrado44":0,"ieogrado45":0,"ieogrado99":0,"ieomatrtot":525,"ieoestrat0":8,"ieoestrat1":141,"ieoestrat2":272,"ieoestrat3":85,"ieoestrat4":4,"ieoestrat5":0,"ieoestrat6":1,"ieoestrat9":14,"ieofemen":234,"ieomascul":291,"ieoalgdisc":13,"ieonarp":61,"ieoindigen":6,"ieofecha":"2024-04-03Z"}},{"type":"Feature","id":"esf_establecimiento_educativo.fid--215d4958_1a0d9e21907_-7596","geometry":{"type":"Point","coordinates":[-76.50404741,3.47052053]},"geometry_name":"the_geom","properties":{"gid":310,"eecoddane":"176001001729","eenomins":"Institucion Educativa Tecnica De Comercio Simon Rodriguez","eecodanant":"176001001729","eeconsede":"17600100172900","eenomsede":"Institucion Educativa Tecnica De Comercio Simon Rodriguez","eeidclasede":"PRIN","eeclasede":"Principal","eeidestado":"OF","eeestado":"Oficial","eedirecc":"KR 1 D BIS 49 98","eenomcorto":"IETIC Simon Rodriguez","eeidestado2":"IEOOF","eeestado2":"IEO - Oficial","eeidcomcor":"05","ecrcomcor":"Comuna 05","eeidbarver":"0501","eebarver":"El Sena","eefecact":"2023-06-30Z","ieogrado_2":0,"ieogrado_1":0,"ieogrado0":0,"ieogrado1":0,"ieogrado2":0,"ieogrado3":0,"ieogrado4":0,"ieogrado5":0,"ieogrado6":123,"ieogrado7":175,"ieogrado8":178,"ieogrado9":122,"ieogrado10":130,"ieogrado11":141,"ieogrado21":0,"ieogrado22":0,"ieogrado23":7,"ieogrado24":18,"ieogrado25":20,"ieogrado26":0,"ieogrado41":0,"ieogrado42":0,"ieogrado43":0,"ieogrado44":0,"ieogrado45":0,"ieogrado99":0,"ieomatrtot":914,"ieoestrat0":4,"ieoestrat1":110,"ieoestrat2":212,"ieoestrat3":572,"ieoestrat4":13,"ieoestrat5":2,"ieoestrat6":0,"ieoestrat9":1,"ieofemen":471,"ieomascul":443,"ieoalgdisc":25,"ieonarp":58,"ieoindigen":0,"ieofecha":"2024-04-03Z"}},{"type":"Feature","id":"esf_establecimiento_educativo.fid--215d4958_1a0d9e21907_-7595","geometry":{"type":"Point","coordinates":[-76.51362591,3.4709556]},"geometry_name":"the_geom","properties":{"gid":311,"eecoddane":"176001030796","eenomins":"Institucion Educativa Tecnico Industrial Veinte De Julio","eecodanant":"176001004078","eeconsede":"17600103079600","eenomsede":"Ignacio Rengifo","eeidclasede":"SEDE","eeclasede":"Sede","eeidestado":"OF","eeestado":"Oficial","eedirecc":"CL 41 5 23","eenomcorto":"SD Ignacio Rengifo","eeidestado2":"SEDOF","eeestado2":"Sede - Oficial","eeidcomcor":"04","ecrcomcor":"Comuna 04","eeidbarver":"0411","eebarver":"Ignacio Rengifo","eefecact":"2023-06-30Z","ieogrado_2":0,"ieogrado_1":0,"ieogrado0":37,"ieogrado1":62,"ieogrado2":53,"ieogrado3":48,"ieogrado4":50,"ieogrado5":59,"ieogrado6":0,"ieogrado7":0,"ieogrado8":0,"ieogrado9":0,"ieogrado10":0,"ieogrado11":0,"ieogrado21":0,"ieogrado22":0,"ieogrado23":0,"ieogrado24":0,"ieogrado25":0,"ieogrado26":0,"ieogrado41":0,"ieogrado42":0,"ieogrado43":0,"ieogrado44":0,"ieogrado45":0,"ieogrado99":0,"ieomatrtot":309,"ieoestrat0":3,"ieoestrat1":124,"ieoestrat2":142,"ieoestrat3":32,"ieoestrat4":2,"ieoestrat5":0,"ieoestrat6":0,"ieoestrat9":6,"ieofemen":140,"ieomascul":169,"ieoalgdisc":2,"ieonarp":7,"ieoindigen":5,"ieofecha":"2024-04-03Z"}},{"type":"Feature","id":"esf_establecimiento_educativo.fid--215d4958_1a0d9e21907_-7594","geometry":{"type":"Point","coordinates":[-76.50347932,3.47122064]},"geometry_name":"the_geom","properties":{"gid":312,"eecoddane":"176001001729","eenomins":"Institucion Educativa Tecnica De Comercio Simon Rodriguez","eecodanant":"176001004281","eeconsede":"17600100172900","eenomsede":"Mario Lloreda","eeidclasede":"SEDE","eeclasede":"Sede","eeidestado":"OF","eeestado":"Oficial","eedirecc":"KR 1 D 51 16","eenomcorto":"SD Mario Lloreda","eeidestado2":"SEDOF","eeestado2":"Sede - Oficial","eeidcomcor":"05","ecrcomcor":"Comuna 05","eeidbarver":"0501","eebarver":"El Sena","eefecact":"2023-06-30Z","ieogrado_2":0,"ieogrado_1":40,"ieogrado0":97,"ieogrado1":135,"ieogrado2":138,"ieogrado3":0,"ieogrado4":0,"ieogrado5":0,"ieogrado6":0,"ieogrado7":0,"ieogrado8":0,"ieogrado9":0,"ieogrado10":0,"ieogrado11":0,"ieogrado21":0,"ieogrado22":0,"ieogrado23":0,"ieogrado24":0,"ieogrado25":0,"ieogrado26":0,"ieogrado41":0,"ieogrado42":0,"ieogrado43":0,"ieogrado44":0,"ieogrado45":0,"ieogrado99":0,"ieomatrtot":410,"ieoestrat0":1,"ieoestrat1":19,"ieoestrat2":65,"ieoestrat3":300,"ieoestrat4":6,"ieoestrat5":0,"ieoestrat6":0,"ieoestrat9":19,"ieofemen":215,"ieomascul":195,"ieoalgdisc":5,"ieonarp":3,"ieoindigen":0,"ieofecha":"2024-04-03Z"}},{"type":"Feature","id":"esf_establecimiento_educativo.fid--215d4958_1a0d9e21907_-7593","geometry":{"type":"Point","coordinates":[-76.55528844,3.47198775]},"geometry_name":"the_geom","properties":{"gid":313,"eecoddane":"276001011354","eenomins":"Institucion Educativa Montebello","eecodanant":"276001011770","eeconsede":"27600101135400","eenomsede":"Sede Andres Joaquin Lenis","eeidclasede":"SEDE","eeclasede":"Sede","eeidestado":"OF","eeestado":"Oficial","eedirecc":"VEREDA CAMPOALEGRE","eenomcorto":"SD Andres Joaquin Lenis","eeidestado2":"SEDOF","eeestado2":"Sede - Oficial","eeidcomcor":"64","ecrcomcor":"Correg. Montebello","eeidbarver":"6402","eebarver":"Campoalegre","eefecact":"2023-06-30Z","ieogrado_2":0,"ieogrado_1":0,"ieogrado0":27,"ieogrado1":36,"ieogrado2":32,"ieogrado3":27,"ieogrado4":27,"ieogrado5":28,"ieogrado6":0,"ieogrado7":0,"ieogrado8":0,"ieogrado9":0,"ieogrado10":0,"ieogrado11":0,"ieogrado21":0,"ieogrado22":0,"ieogrado23":0,"ieogrado24":0,"ieogrado25":0,"ieogrado26":0,"ieogrado41":0,"ieogrado42":0,"ieogrado43":0,"ieogrado44":0,"ieogrado45":0,"ieogrado99":0,"ieomatrtot":177,"ieoestrat0":3,"ieoestrat1":144,"ieoestrat2":19,"ieoestrat3":8,"ieoestrat4":0,"ieoestrat5":0,"ieoestrat6":0,"ieoestrat9":3,"ieofemen":94,"ieomascul":83,"ieoalgdisc":3,"ieonarp":1,"ieoindigen":2,"ieofecha":"2024-04-03Z"}},{"type":"Feature","id":"esf_establecimiento_educativo.fid--215d4958_1a0d9e21907_-7592","geometry":{"type":"Point","coordinates":[-76.50954927,3.47211678]},"geometry_name":"the_geom","properties":{"gid":314,"eecoddane":"176001003195","eenomins":"Institucion Educativa Jose Antonio Galan","eecodanant":"176001004141","eeconsede":"17600100319500","eenomsede":"Rafael Zamorano","eeidclasede":"SEDE","eeclasede":"Sede","eeidestado":"OF","eeestado":"Oficial","eedirecc":"IND KR 2N 45A - 12","eenomcorto":"SD Rafael Zamorano","eeidestado2":"SEDOF","eeestado2":"Sede - Oficial","eeidcomcor":"04","ecrcomcor":"Comuna 04","eeidbarver":"0412","eebarver":"Guillermo Valencia","eefecact":"2023-06-30Z","ieogrado_2":0,"ieogrado_1":0,"ieogrado0":31,"ieogrado1":54,"ieogrado2":57,"ieogrado3":53,"ieogrado4":55,"ieogrado5":40,"ieogrado6":0,"ieogrado7":0,"ieogrado8":0,"ieogrado9":0,"ieogrado10":0,"ieogrado11":0,"ieogrado21":0,"ieogrado22":0,"ieogrado23":0,"ieogrado24":0,"ieogrado25":0,"ieogrado26":0,"ieogrado41":0,"ieogrado42":0,"ieogrado43":0,"ieogrado44":0,"ieogrado45":0,"ieogrado99":64,"ieomatrtot":354,"ieoestrat0":11,"ieoestrat1":94,"ieoestrat2":170,"ieoestrat3":54,"ieoestrat4":2,"ieoestrat5":1,"ieoestrat6":0,"ieoestrat9":22,"ieofemen":159,"ieomascul":195,"ieoalgdisc":10,"ieonarp":10,"ieoindigen":2,"ieofecha":"2024-04-03Z"}},{"type":"Feature","id":"esf_establecimiento_educativo.fid--215d4958_1a0d9e21907_-7591","geometry":{"type":"Point","coordinates":[-76.48462637,3.47216378]},"geometry_name":"the_geom","properties":{"gid":315,"eecoddane":"176001007875","eenomins":"Institucion Educativa Tecnico Industrial Pedro Antonio Molina","eecodanant":"176001002792","eeconsede":"17600100787500","eenomsede":"Jorge Eliecer Gaitan","eeidclasede":"SEDE","eeclasede":"Sede","eeidestado":"OF","eeestado":"Oficial","eedirecc":"IND CL 71 Y 72 - KR 2 C Y 2 D","eenomcorto":"SD Jorge Eliecer Gaitan","eeidestado2":"SEDOF","eeestado2":"Sede - Oficial","eeidcomcor":"06","ecrcomcor":"Comuna 06","eeidbarver":"0602","eebarver":"Jorge Eliécer Gaitán","eefecact":"2023-06-30Z","ieogrado_2":0,"ieogrado_1":0,"ieogrado0":0,"ieogrado1":0,"ieogrado2":0,"ieogrado3":0,"ieogrado4":0,"ieogrado5":0,"ieogrado6":205,"ieogrado7":103,"ieogrado8":198,"ieogrado9":128,"ieogrado10":93,"ieogrado11":70,"ieogrado21":0,"ieogrado22":0,"ieogrado23":0,"ieogrado24":0,"ieogrado25":0,"ieogrado26":0,"ieogrado41":0,"ieogrado42":0,"ieogrado43":0,"ieogrado44":0,"ieogrado45":0,"ieogrado99":0,"ieomatrtot":797,"ieoestrat0":2,"ieoestrat1":80,"ieoestrat2":616,"ieoestrat3":97,"ieoestrat4":1,"ieoestrat5":0,"ieoestrat6":0,"ieoestrat9":1,"ieofemen":394,"ieomascul":403,"ieoalgdisc":13,"ieonarp":88,"ieoindigen":6,"ieofecha":"2024-04-03Z"}},{"type":"Feature","id":"esf_establecimiento_educativo.fid--215d4958_1a0d9e21907_-7590","geometry":{"type":"Point","coordinates":[-76.48900106,3.4722568]},"geometry_name":"the_geom","properties":{"gid":316,"eecoddane":"176001020065","eenomins":"Institucion Educativa Celmira Bueno De Orejuela","eecodanant":"176001012798","eeconsede":"17600102006500","eenomsede":"Mariano Ospina Perez","eeidclasede":"SEDE","eeclasede":"Sede","eeidestado":"OF","eeestado":"Oficial","eedirecc":"KR 2 CL 67 EQ","eenomcorto":"SD Mariano Ospina Perez","eeidestado2":"SEDOF","eeestado2":"Sede - Oficial","eeidcomcor":"05","ecrcomcor":"Comuna 05","eeidbarver":"0503","eebarver":"Los Guayacanes","eefecact":"2023-06-30Z","ieogrado_2":0,"ieogrado_1":44,"ieogrado0":130,"ieogrado1":162,"ieogrado2":171,"ieogrado3":191,"ieogrado4":0,"ieogrado5":0,"ieogrado6":0,"ieogrado7":0,"ieogrado8":0,"ieogrado9":0,"ieogrado10":0,"ieogrado11":0,"ieogrado21":0,"ieogrado22":0,"ieogrado23":0,"ieogrado24":0,"ieogrado25":0,"ieogrado26":0,"ieogrado41":0,"ieogrado42":0,"ieogrado43":0,"ieogrado44":0,"ieogrado45":0,"ieogrado99":0,"ieomatrtot":698,"ieoestrat0":0,"ieoestrat1":3,"ieoestrat2":49,"ieoestrat3":636,"ieoestrat4":1,"ieoestrat5":1,"ieoestrat6":0,"ieoestrat9":8,"ieofemen":346,"ieomascul":352,"ieoalgdisc":3,"ieonarp":14,"ieoindigen":1,"ieofecha":"2024-04-03Z"}},{"type":"Feature","id":"esf_establecimiento_educativo.fid--215d4958_1a0d9e21907_-758f","geometry":{"type":"Point","coordinates":[-76.51142957,3.47421411]},"geometry_name":"the_geom","properties":{"gid":317,"eecoddane":"176001001656","eenomins":"Institucion Educativa Guillermo Valencia","eecodanant":"176001001656","eeconsede":"17600100165600","eenomsede":"Institucion Educativa Guillermo Valencia","eeidclasede":"PRIN","eeclasede":"Principal","eeidestado":"OF","eeestado":"Oficial","eedirecc":"KR 7 NORTE 45 A 08","eenomcorto":"IE Guillermo Valencia","eeidestado2":"IEOOF","eeestado2":"IEO - Oficial","eeidcomcor":"04","ecrcomcor":"Comuna 04","eeidbarver":"0412","eebarver":"Guillermo Valencia","eefecact":"2023-06-30Z","ieogrado_2":0,"ieogrado_1":0,"ieogrado0":0,"ieogrado1":0,"ieogrado2":0,"ieogrado3":0,"ieogrado4":0,"ieogrado5":0,"ieogrado6":60,"ieogrado7":47,"ieogrado8":46,"ieogrado9":33,"ieogrado10":27,"ieogrado11":22,"ieogrado21":0,"ieogrado22":0,"ieogrado23":0,"ieogrado24":0,"ieogrado25":0,"ieogrado26":0,"ieogrado41":0,"ieogrado42":0,"ieogrado43":0,"ieogrado44":0,"ieogrado45":0,"ieogrado99":0,"ieomatrtot":235,"ieoestrat0":3,"ieoestrat1":76,"ieoestrat2":124,"ieoestrat3":26,"ieoestrat4":2,"ieoestrat5":1,"ieoestrat6":0,"ieoestrat9":3,"ieofemen":120,"ieomascul":115,"ieoalgdisc":3,"ieonarp":18,"ieoindigen":1,"ieofecha":"2024-04-03Z"}},{"type":"Feature","id":"esf_establecimiento_educativo.fid--215d4958_1a0d9e21907_-758e","geometry":{"type":"Point","coordinates":[-76.48596358,3.4748592]},"geometry_name":"the_geom","properties":{"gid":318,"eecoddane":"176001007875","eenomins":"Institucion Educativa Tecnico Industrial Pedro Antonio Molina","eecodanant":"176001012216","eeconsede":"17600100787500","eenomsede":"Tres De Julio","eeidclasede":"SEDE","eeclasede":"Sede","eeidestado":"OF","eeestado":"Oficial","eedirecc":"CL 70 C 1 F 00","eenomcorto":"SD Tres De Julio","eeidestado2":"SEDOF","eeestado2":"Sede - Oficial","eeidcomcor":"06","ecrcomcor":"Comuna 06","eeidbarver":"0607","eebarver":"La Rivera I","eefecact":"2023-06-30Z","ieogrado_2":0,"ieogrado_1":0,"ieogrado0":26,"ieogrado1":63,"ieogrado2":66,"ieogrado3":88,"ieogrado4":78,"ieogrado5":74,"ieogrado6":0,"ieogrado7":0,"ieogrado8":0,"ieogrado9":0,"ieogrado10":0,"ieogrado11":0,"ieogrado21":0,"ieogrado22":0,"ieogrado23":0,"ieogrado24":0,"ieogrado25":0,"ieogrado26":0,"ieogrado41":0,"ieogrado42":0,"ieogrado43":0,"ieogrado44":0,"ieogrado45":0,"ieogrado99":0,"ieomatrtot":395,"ieoestrat0":0,"ieoestrat1":14,"ieoestrat2":322,"ieoestrat3":49,"ieoestrat4":0,"ieoestrat5":0,"ieoestrat6":1,"ieoestrat9":9,"ieofemen":196,"ieomascul":199,"ieoalgdisc":7,"ieonarp":13,"ieoindigen":0,"ieofecha":"2024-04-03Z"}},{"type":"Feature","id":"esf_establecimiento_educativo.fid--215d4958_1a0d9e21907_-758d","geometry":{"type":"Point","coordinates":[-76.48150288,3.47591337]},"geometry_name":"the_geom","properties":{"gid":319,"eecoddane":"176001007875","eenomins":"Institucion Educativa Tecnico Industrial Pedro Antonio Molina","eecodanant":"176001015941","eeconsede":"17600100787500","eenomsede":"San Jorge","eeidclasede":"SEDE","eeclasede":"Sede","eeidestado":"OF","eeestado":"Oficial","eedirecc":"KR 1 I 74 23","eenomcorto":"SD San Jorge","eeidestado2":"SEDOF","eeestado2":"Sede - Oficial","eeidcomcor":"06","ecrcomcor":"Comuna 06","eeidbarver":"0609","eebarver":"Petecuy Tercera Etapa","eefecact":"2023-06-30Z","ieogrado_2":0,"ieogrado_1":0,"ieogrado0":54,"ieogrado1":100,"ieogrado2":68,"ieogrado3":70,"ieogrado4":69,"ieogrado5":59,"ieogrado6":0,"ieogrado7":0,"ieogrado8":0,"ieogrado9":0,"ieogrado10":0,"ieogrado11":0,"ieogrado21":0,"ieogrado22":0,"ieogrado23":0,"ieogrado24":0,"ieogrado25":0,"ieogrado26":0,"ieogrado41":0,"ieogrado42":0,"ieogrado43":0,"ieogrado44":0,"ieogrado45":0,"ieogrado99":0,"ieomatrtot":420,"ieoestrat0":0,"ieoestrat1":19,"ieoestrat2":391,"ieoestrat3":2,"ieoestrat4":0,"ieoestrat5":0,"ieoestrat6":0,"ieoestrat9":8,"ieofemen":188,"ieomascul":232,"ieoalgdisc":3,"ieonarp":10,"ieoindigen":0,"ieofecha":"2024-04-03Z"}},{"type":"Feature","id":"esf_establecimiento_educativo.fid--215d4958_1a0d9e21907_-758c","geometry":{"type":"Point","coordinates":[-76.50595271,3.47705856]},"geometry_name":"the_geom","properties":{"gid":320,"eecoddane":"176001005813","eenomins":"Institucion Educativa Inem Jorge Isaacs","eecodanant":"176001009011","eeconsede":"17600100581300","eenomsede":"Centro Educativo Del Norte","eeidclasede":"SEDE","eeclasede":"Sede","eeidestado":"OF","eeestado":"Oficial","eedirecc":"IND KR 4N  51AN 33","eenomcorto":"SD Centro Educativo Del Norte","eeidestado2":"SEDOF","eeestado2":"Sede - Oficial","eeidcomcor":"04","ecrcomcor":"Comuna 04","eeidbarver":"0415","eebarver":"Evaristo Garcia","eefecact":"2023-06-30Z","ieogrado_2":0,"ieogrado_1":0,"ieogrado0":21,"ieogrado1":38,"ieogrado2":28,"ieogrado3":30,"ieogrado4":48,"ieogrado5":30,"ieogrado6":0,"ieogrado7":0,"ieogrado8":0,"ieogrado9":0,"ieogrado10":0,"ieogrado11":0,"ieogrado21":0,"ieogrado22":0,"ieogrado23":0,"ieogrado24":0,"ieogrado25":0,"ieogrado26":0,"ieogrado41":0,"ieogrado42":0,"ieogrado43":0,"ieogrado44":0,"ieogrado45":0,"ieogrado99":0,"ieomatrtot":195,"ieoestrat0":0,"ieoestrat1":34,"ieoestrat2":126,"ieoestrat3":34,"ieoestrat4":1,"ieoestrat5":0,"ieoestrat6":0,"ieoestrat9":0,"ieofemen":101,"ieomascul":94,"ieoalgdisc":2,"ieonarp":6,"ieoindigen":0,"ieofecha":"2024-04-03Z"}},{"type":"Feature","id":"esf_establecimiento_educativo.fid--215d4958_1a0d9e21907_-758b","geometry":{"type":"Point","coordinates":[-76.4931327,3.47813572]},"geometry_name":"the_geom","properties":{"gid":321,"eecoddane":"176001020065","eenomins":"Institucion Educativa Celmira Bueno De Orejuela","eecodanant":"176001020065","eeconsede":"17600102006500","eenomsede":"Institucion Educativa Celmira Bueno De Orejuela","eeidclasede":"PRIN","eeclasede":"Principal","eeidestado":"OF","eeestado":"Oficial","eedirecc":"IND CL 62B 1A9-250","eenomcorto":"IE Celmira Bueno De Orejuela","eeidestado2":"IEOOF","eeestado2":"IEO - Oficial","eeidcomcor":"05","ecrcomcor":"Comuna 05","eeidbarver":"0504","eebarver":"Chiminangos II","eefecact":"2023-06-30Z","ieogrado_2":0,"ieogrado_1":0,"ieogrado0":0,"ieogrado1":0,"ieogrado2":0,"ieogrado3":0,"ieogrado4":165,"ieogrado5":178,"ieogrado6":194,"ieogrado7":131,"ieogrado8":151,"ieogrado9":119,"ieogrado10":143,"ieogrado11":117,"ieogrado21":0,"ieogrado22":13,"ieogrado23":25,"ieogrado24":24,"ieogrado25":35,"ieogrado26":0,"ieogrado41":0,"ieogrado42":0,"ieogrado43":0,"ieogrado44":0,"ieogrado45":0,"ieogrado99":0,"ieomatrtot":1295,"ieoestrat0":5,"ieoestrat1":50,"ieoestrat2":163,"ieoestrat3":1059,"ieoestrat4":12,"ieoestrat5":1,"ieoestrat6":2,"ieoestrat9":3,"ieofemen":644,"ieomascul":651,"ieoalgdisc":14,"ieonarp":182,"ieoindigen":11,"ieofecha":"2024-04-03Z"}},{"type":"Feature","id":"esf_establecimiento_educativo.fid--215d4958_1a0d9e21907_-758a","geometry":{"type":"Point","coordinates":[-76.48589557,3.47883783]},"geometry_name":"the_geom","properties":{"gid":322,"eecoddane":"176001007875","eenomins":"Institucion Educativa Tecnico Industrial Pedro Antonio Molina","eecodanant":"176001006461","eeconsede":"17600100787500","eenomsede":"San Luis","eeidclasede":"SEDE","eeclasede":"Sede","eeidestado":"OF","eeestado":"Oficial","eedirecc":"CL 72 1 B 03","eenomcorto":"SD San Luis","eeidestado2":"SEDOF","eeestado2":"Sede - Oficial","eeidcomcor":"06","ecrcomcor":"Comuna 06","eeidbarver":"0601","eebarver":"San Luis","eefecact":"2023-06-30Z","ieogrado_2":0,"ieogrado_1":45,"ieogrado0":71,"ieogrado1":98,"ieogrado2":80,"ieogrado3":72,"ieogrado4":100,"ieogrado5":81,"ieogrado6":0,"ieogrado7":0,"ieogrado8":0,"ieogrado9":0,"ieogrado10":0,"ieogrado11":0,"ieogrado21":0,"ieogrado22":0,"ieogrado23":0,"ieogrado24":0,"ieogrado25":0,"ieogrado26":0,"ieogrado41":0,"ieogrado42":0,"ieogrado43":0,"ieogrado44":0,"ieogrado45":0,"ieogrado99":0,"ieomatrtot":547,"ieoestrat0":1,"ieoestrat1":32,"ieoestrat2":465,"ieoestrat3":42,"ieoestrat4":1,"ieoestrat5":0,"ieoestrat6":0,"ieoestrat9":6,"ieofemen":255,"ieomascul":292,"ieoalgdisc":1,"ieonarp":13,"ieoindigen":0,"ieofecha":"2024-04-03Z"}},{"type":"Feature","id":"esf_establecimiento_educativo.fid--215d4958_1a0d9e21907_-7589","geometry":{"type":"Point","coordinates":[-76.50871114,3.47910788]},"geometry_name":"the_geom","properties":{"gid":323,"eecoddane":"176001001656","eenomins":"Institucion Educativa Guillermo Valencia","eecodanant":"176001004159","eeconsede":"17600100165600","eenomsede":"Presbitero Angel Piedrahita","eeidclasede":"SEDE","eeclasede":"Sede","eeidestado":"OF","eeestado":"Oficial","eedirecc":"KR 8 NORTE 51 35","eenomcorto":"SD Presbitero Angel Piedrahita","eeidestado2":"SEDOF","eeestado2":"Sede - Oficial","eeidcomcor":"04","ecrcomcor":"Comuna 04","eeidbarver":"0418","eebarver":"Olaya Herrera","eefecact":"2023-06-30Z","ieogrado_2":0,"ieogrado_1":0,"ieogrado0":64,"ieogrado1":71,"ieogrado2":66,"ieogrado3":52,"ieogrado4":40,"ieogrado5":56,"ieogrado6":0,"ieogrado7":0,"ieogrado8":0,"ieogrado9":0,"ieogrado10":0,"ieogrado11":0,"ieogrado21":0,"ieogrado22":0,"ieogrado23":0,"ieogrado24":0,"ieogrado25":0,"ieogrado26":0,"ieogrado41":0,"ieogrado42":0,"ieogrado43":0,"ieogrado44":0,"ieogrado45":0,"ieogrado99":0,"ieomatrtot":349,"ieoestrat0":8,"ieoestrat1":107,"ieoestrat2":204,"ieoestrat3":19,"ieoestrat4":4,"ieoestrat5":1,"ieoestrat6":0,"ieoestrat9":6,"ieofemen":175,"ieomascul":174,"ieoalgdisc":1,"ieonarp":8,"ieoindigen":1,"ieofecha":"2024-04-03Z"}},{"type":"Feature","id":"esf_establecimiento_educativo.fid--215d4958_1a0d9e21907_-7588","geometry":{"type":"Point","coordinates":[-76.60627362,3.48147708]},"geometry_name":"the_geom","properties":{"gid":324,"eecoddane":"276001010994","eenomins":"Institucion Educativa Francisco Jose Lloreda Mera","eecodanant":"276001010994","eeconsede":"27600101099400","eenomsede":"Institucion Educativa Francisco Jose Lloreda Mera - Sede Principal","eeidclasede":"PRIN","eeclasede":"Principal","eeidestado":"OF","eeestado":"Oficial","eedirecc":"EL SALADITO KM. 14 VIA AL MAR","eenomcorto":"IE Francisco Jose Lloreda Mera","eeidestado2":"IEOOF","eeestado2":"IEO - Oficial","eeidcomcor":"60","ecrcomcor":"Correg. El Saladito","eeidbarver":"6001","eebarver":"El Saladito (Cabecera)","eefecact":"2023-06-30Z","ieogrado_2":0,"ieogrado_1":0,"ieogrado0":0,"ieogrado1":0,"ieogrado2":0,"ieogrado3":0,"ieogrado4":0,"ieogrado5":0,"ieogrado6":0,"ieogrado7":42,"ieogrado8":73,"ieogrado9":70,"ieogrado10":99,"ieogrado11":109,"ieogrado21":2,"ieogrado22":1,"ieogrado23":5,"ieogrado24":6,"ieogrado25":7,"ieogrado26":0,"ieogrado41":0,"ieogrado42":0,"ieogrado43":0,"ieogrado44":0,"ieogrado45":0,"ieogrado99":0,"ieomatrtot":414,"ieoestrat0":4,"ieoestrat1":289,"ieoestrat2":84,"ieoestrat3":30,"ieoestrat4":5,"ieoestrat5":1,"ieoestrat6":1,"ieoestrat9":0,"ieofemen":209,"ieomascul":205,"ieoalgdisc":9,"ieonarp":18,"ieoindigen":0,"ieofecha":"2024-04-03Z"}},{"type":"Feature","id":"esf_establecimiento_educativo.fid--215d4958_1a0d9e21907_-7587","geometry":{"type":"Point","coordinates":[-76.48394426,3.48166727]},"geometry_name":"the_geom","properties":{"gid":325,"eecoddane":"176001007875","eenomins":"Institucion Educativa Tecnico Industrial Pedro Antonio Molina","eecodanant":"176001015991","eeconsede":"17600100787500","eenomsede":"Inmaculada Concepcion","eeidclasede":"SEDE","eeclasede":"Sede","eeidestado":"OF","eeestado":"Oficial","eedirecc":"IND CLL 73A 1A 14 21","eenomcorto":"SD Inmaculada Concepcion","eeidestado2":"SEDOF","eeestado2":"Sede - Oficial","eeidcomcor":"06","ecrcomcor":"Comuna 06","eeidbarver":"0606","eebarver":"Petecuy Segunda Etapa","eefecact":"2023-06-30Z","ieogrado_2":0,"ieogrado_1":0,"ieogrado0":50,"ieogrado1":75,"ieogrado2":71,"ieogrado3":60,"ieogrado4":58,"ieogrado5":63,"ieogrado6":0,"ieogrado7":0,"ieogrado8":0,"ieogrado9":0,"ieogrado10":0,"ieogrado11":0,"ieogrado21":0,"ieogrado22":0,"ieogrado23":0,"ieogrado24":0,"ieogrado25":0,"ieogrado26":0,"ieogrado41":0,"ieogrado42":0,"ieogrado43":0,"ieogrado44":0,"ieogrado45":0,"ieogrado99":0,"ieomatrtot":377,"ieoestrat0":0,"ieoestrat1":24,"ieoestrat2":340,"ieoestrat3":7,"ieoestrat4":0,"ieoestrat5":0,"ieoestrat6":0,"ieoestrat9":6,"ieofemen":177,"ieomascul":200,"ieoalgdisc":1,"ieonarp":16,"ieoindigen":0,"ieofecha":"2024-04-03Z"}},{"type":"Feature","id":"esf_establecimiento_educativo.fid--215d4958_1a0d9e21907_-7586","geometry":{"type":"Point","coordinates":[-76.48791089,3.4818443]},"geometry_name":"the_geom","properties":{"gid":326,"eecoddane":"176001007875","eenomins":"Institucion Educativa Tecnico Industrial Pedro Antonio Molina","eecodanant":"176001007875","eeconsede":"17600100787500","eenomsede":"Institucion Educativa Tecnico Industrial Pedro Antonio Molina","eeidclasede":"PRIN","eeclasede":"Principal","eeidestado":"OF","eeestado":"Oficial","eedirecc":"IND CRA 1A 10 #71 00","eenomcorto":"IETI Pedro Antonio Molina","eeidestado2":"IEOOF","eeestado2":"IEO - Oficial","eeidcomcor":"06","ecrcomcor":"Comuna 06","eeidbarver":"0601","eebarver":"San Luis","eefecact":"2023-06-30Z","ieogrado_2":0,"ieogrado_1":0,"ieogrado0":0,"ieogrado1":0,"ieogrado2":0,"ieogrado3":0,"ieogrado4":0,"ieogrado5":0,"ieogrado6":144,"ieogrado7":226,"ieogrado8":101,"ieogrado9":145,"ieogrado10":167,"ieogrado11":123,"ieogrado21":0,"ieogrado22":0,"ieogrado23":11,"ieogrado24":22,"ieogrado25":36,"ieogrado26":0,"ieogrado41":0,"ieogrado42":0,"ieogrado43":0,"ieogrado44":0,"ieogrado45":0,"ieogrado99":0,"ieomatrtot":975,"ieoestrat0":1,"ieoestrat1":77,"ieoestrat2":792,"ieoestrat3":100,"ieoestrat4":0,"ieoestrat5":0,"ieoestrat6":0,"ieoestrat9":5,"ieofemen":471,"ieomascul":504,"ieoalgdisc":16,"ieonarp":55,"ieoindigen":4,"ieofecha":"2024-04-03Z"}},{"type":"Feature","id":"esf_establecimiento_educativo.fid--215d4958_1a0d9e21907_-7585","geometry":{"type":"Point","coordinates":[-76.52849624,3.48226038]},"geometry_name":"the_geom","properties":{"gid":327,"eecoddane":"176001001672","eenomins":"Institucion Educativa Tecnico De Comercio Santa Cecilia","eecodanant":"176001004655","eeconsede":"17600100167200","eenomsede":"Republica  De Brasil","eeidclasede":"SEDE","eeclasede":"Sede","eeidestado":"OF","eeestado":"Oficial","eedirecc":"CL 43 7 03","eenomcorto":"SD Republica  De Brasil","eeidestado2":"SEDOF","eeestado2":"Sede - Oficial","eeidcomcor":"02","ecrcomcor":"Comuna 02","eeidbarver":"0213","eebarver":"La Campiña","eefecact":"2023-06-30Z","ieogrado_2":0,"ieogrado_1":0,"ieogrado0":29,"ieogrado1":40,"ieogrado2":35,"ieogrado3":30,"ieogrado4":52,"ieogrado5":56,"ieogrado6":48,"ieogrado7":45,"ieogrado8":27,"ieogrado9":0,"ieogrado10":0,"ieogrado11":0,"ieogrado21":0,"ieogrado22":5,"ieogrado23":13,"ieogrado24":26,"ieogrado25":29,"ieogrado26":0,"ieogrado41":0,"ieogrado42":0,"ieogrado43":0,"ieogrado44":0,"ieogrado45":0,"ieogrado99":26,"ieomatrtot":461,"ieoestrat0":2,"ieoestrat1":329,"ieoestrat2":46,"ieoestrat3":36,"ieoestrat4":30,"ieoestrat5":13,"ieoestrat6":0,"ieoestrat9":5,"ieofemen":224,"ieomascul":237,"ieoalgdisc":6,"ieonarp":28,"ieoindigen":14,"ieofecha":"2024-04-03Z"}},{"type":"Feature","id":"esf_establecimiento_educativo.fid--215d4958_1a0d9e21907_-7584","geometry":{"type":"Point","coordinates":[-76.50245716,3.4824474]},"geometry_name":"the_geom","properties":{"gid":328,"eecoddane":"176001005813","eenomins":"Institucion Educativa Inem Jorge Isaacs","eecodanant":"176001005813","eeconsede":"17600100581300","eenomsede":"Institucion Educativa Inem Jorge Isaacs","eeidclasede":"PRIN","eeclasede":"Principal","eeidestado":"OF","eeestado":"Oficial","eedirecc":"KR 5 NORTE 61 126","eenomcorto":"IE Inem Jorge Isaacs","eeidestado2":"IEOOF","eeestado2":"IEO - Oficial","eeidcomcor":"04","ecrcomcor":"Comuna 04","eeidbarver":"0420","eebarver":"Flora Industrial","eefecact":"2023-06-30Z","ieogrado_2":0,"ieogrado_1":0,"ieogrado0":0,"ieogrado1":0,"ieogrado2":0,"ieogrado3":0,"ieogrado4":0,"ieogrado5":0,"ieogrado6":383,"ieogrado7":412,"ieogrado8":408,"ieogrado9":446,"ieogrado10":491,"ieogrado11":472,"ieogrado21":0,"ieogrado22":0,"ieogrado23":0,"ieogrado24":0,"ieogrado25":0,"ieogrado26":0,"ieogrado41":0,"ieogrado42":0,"ieogrado43":0,"ieogrado44":0,"ieogrado45":0,"ieogrado99":0,"ieomatrtot":2612,"ieoestrat0":20,"ieoestrat1":619,"ieoestrat2":1405,"ieoestrat3":538,"ieoestrat4":23,"ieoestrat5":7,"ieoestrat6":0,"ieoestrat9":0,"ieofemen":1320,"ieomascul":1292,"ieoalgdisc":28,"ieonarp":299,"ieoindigen":15,"ieofecha":"2024-04-03Z"}},{"type":"Feature","id":"esf_establecimiento_educativo.fid--215d4958_1a0d9e21907_-7583","geometry":{"type":"Point","coordinates":[-76.50500856,3.48245841]},"geometry_name":"the_geom","properties":{"gid":329,"eecoddane":"176001005813","eenomins":"Institucion Educativa Inem Jorge Isaacs","eecodanant":"176001030125","eeconsede":"17600100581300","eenomsede":"Camilo Torres","eeidclasede":"SEDE","eeclasede":"Sede","eeidestado":"OF","eeestado":"Oficial","eedirecc":"IND KR 9N  56BN 57","eenomcorto":"SD Camilo Torres","eeidestado2":"SEDOF","eeestado2":"Sede - Oficial","eeidcomcor":"04","ecrcomcor":"Comuna 04","eeidbarver":"0420","eebarver":"Flora Industrial","eefecact":"2023-06-30Z","ieogrado_2":0,"ieogrado_1":5,"ieogrado0":8,"ieogrado1":0,"ieogrado2":0,"ieogrado3":0,"ieogrado4":0,"ieogrado5":0,"ieogrado6":0,"ieogrado7":0,"ieogrado8":0,"ieogrado9":0,"ieogrado10":0,"ieogrado11":0,"ieogrado21":0,"ieogrado22":0,"ieogrado23":0,"ieogrado24":0,"ieogrado25":0,"ieogrado26":0,"ieogrado41":0,"ieogrado42":0,"ieogrado43":0,"ieogrado44":0,"ieogrado45":0,"ieogrado99":0,"ieomatrtot":13,"ieoestrat0":0,"ieoestrat1":5,"ieoestrat2":4,"ieoestrat3":3,"ieoestrat4":0,"ieoestrat5":1,"ieoestrat6":0,"ieoestrat9":0,"ieofemen":8,"ieomascul":5,"ieoalgdisc":0,"ieonarp":0,"ieoindigen":0,"ieofecha":"2024-04-03Z"}},{"type":"Feature","id":"esf_establecimiento_educativo.fid--215d4958_1a0d9e21907_-7582","geometry":{"type":"Point","coordinates":[-76.60647172,3.48269215]},"geometry_name":"the_geom","properties":{"gid":330,"eecoddane":"276001010994","eenomins":"Institucion Educativa Francisco Jose Lloreda Mera","eecodanant":"276001005168","eeconsede":"27600101099400","eenomsede":"Luis Fernando Lloreda Zamorano","eeidclasede":"SEDE","eeclasede":"Sede","eeidestado":"OF","eeestado":"Oficial","eedirecc":"KM 14 VIA AL MAR CORREGIMIENTO SALADITO CABECERA","eenomcorto":"SD Luis Fernando Lloreda Zamorano","eeidestado2":"SEDOF","eeestado2":"Sede - Oficial","eeidcomcor":"60","ecrcomcor":"Correg. El Saladito","eeidbarver":"6001","eebarver":"El Saladito (Cabecera)","eefecact":"2023-06-30Z","ieogrado_2":0,"ieogrado_1":0,"ieogrado0":0,"ieogrado1":37,"ieogrado2":20,"ieogrado3":27,"ieogrado4":22,"ieogrado5":31,"ieogrado6":112,"ieogrado7":41,"ieogrado8":0,"ieogrado9":0,"ieogrado10":0,"ieogrado11":0,"ieogrado21":0,"ieogrado22":0,"ieogrado23":0,"ieogrado24":0,"ieogrado25":0,"ieogrado26":0,"ieogrado41":0,"ieogrado42":0,"ieogrado43":0,"ieogrado44":0,"ieogrado45":0,"ieogrado99":0,"ieomatrtot":290,"ieoestrat0":7,"ieoestrat1":168,"ieoestrat2":86,"ieoestrat3":12,"ieoestrat4":0,"ieoestrat5":0,"ieoestrat6":0,"ieoestrat9":17,"ieofemen":132,"ieomascul":158,"ieoalgdisc":5,"ieonarp":5,"ieoindigen":2,"ieofecha":"2024-04-03Z"}},{"type":"Feature","id":"esf_establecimiento_educativo.fid--215d4958_1a0d9e21907_-7581","geometry":{"type":"Point","coordinates":[-76.50314341,3.48384721]},"geometry_name":"the_geom","properties":{"gid":331,"eecoddane":"376001002546","eenomins":"Colegio Nuestra Señora De Fatima","eecodanant":"376001002546","eeconsede":"37600100254600","eenomsede":"Colegio Nuestra Señora De Fatima","eeidclasede":"PRIN","eeclasede":"Principal","eeidestado":"RE","eeestado":"Régimen Especial","eedirecc":"CL 62 6 31","eenomcorto":"Colegio Nuestra Señora De Fatima","eeidestado2":"IEORE","eeestado2":"IEO - Régimen Especial","eeidcomcor":"04","ecrcomcor":"Comuna 04","eeidbarver":"0420","eebarver":"Flora Industrial","eefecact":"2023-06-30Z","ieogrado_2":0,"ieogrado_1":35,"ieogrado0":49,"ieogrado1":62,"ieogrado2":63,"ieogrado3":65,"ieogrado4":68,"ieogrado5":65,"ieogrado6":65,"ieogrado7":68,"ieogrado8":64,"ieogrado9":61,"ieogrado10":69,"ieogrado11":63,"ieogrado21":0,"ieogrado22":0,"ieogrado23":0,"ieogrado24":0,"ieogrado25":0,"ieogrado26":0,"ieogrado41":0,"ieogrado42":0,"ieogrado43":0,"ieogrado44":0,"ieogrado45":0,"ieogrado99":0,"ieomatrtot":797,"ieoestrat0":0,"ieoestrat1":71,"ieoestrat2":282,"ieoestrat3":395,"ieoestrat4":32,"ieoestrat5":7,"ieoestrat6":0,"ieoestrat9":10,"ieofemen":410,"ieomascul":387,"ieoalgdisc":12,"ieonarp":10,"ieoindigen":2,"ieofecha":"2024-04-03Z"}},{"type":"Feature","id":"esf_establecimiento_educativo.fid--215d4958_1a0d9e21907_-7580","geometry":{"type":"Point","coordinates":[-76.54744174,3.48391406]},"geometry_name":"the_geom","properties":{"gid":332,"eecoddane":"276001011354","eenomins":"Institucion Educativa Montebello","eecodanant":"276001011354","eeconsede":"27600101135400","eenomsede":"Antonio Ricaurte - Sede Principal","eeidclasede":"PRIN","eeclasede":"Principal","eeidestado":"OF","eeestado":"Oficial","eedirecc":"AVENIDA 43 OESTE 5A 49","eenomcorto":"IE Montebello","eeidestado2":"IEOOF","eeestado2":"IEO - Oficial","eeidcomcor":"64","ecrcomcor":"Correg. Montebello","eeidbarver":"6401","eebarver":"Montebello (Cabecera)","eefecact":"2023-06-30Z","ieogrado_2":0,"ieogrado_1":0,"ieogrado0":0,"ieogrado1":0,"ieogrado2":0,"ieogrado3":0,"ieogrado4":0,"ieogrado5":0,"ieogrado6":107,"ieogrado7":92,"ieogrado8":106,"ieogrado9":75,"ieogrado10":72,"ieogrado11":57,"ieogrado21":0,"ieogrado22":0,"ieogrado23":0,"ieogrado24":0,"ieogrado25":0,"ieogrado26":0,"ieogrado41":0,"ieogrado42":0,"ieogrado43":0,"ieogrado44":0,"ieogrado45":0,"ieogrado99":0,"ieomatrtot":509,"ieoestrat0":7,"ieoestrat1":426,"ieoestrat2":43,"ieoestrat3":31,"ieoestrat4":0,"ieoestrat5":0,"ieoestrat6":0,"ieoestrat9":2,"ieofemen":235,"ieomascul":274,"ieoalgdisc":11,"ieonarp":18,"ieoindigen":7,"ieofecha":"2024-04-03Z"}},{"type":"Feature","id":"esf_establecimiento_educativo.fid--215d4958_1a0d9e21907_-757f","geometry":{"type":"Point","coordinates":[-76.50248217,3.48513683]},"geometry_name":"the_geom","properties":{"gid":333,"eecoddane":"176001005813","eenomins":"Institucion Educativa Inem Jorge Isaacs","eecodanant":"176001004108","eeconsede":"17600100581300","eenomsede":"Fray Domingo De Las Casas","eeidclasede":"SEDE","eeclasede":"Sede","eeidestado":"OF","eeestado":"Oficial","eedirecc":"CL 65 6 40","eenomcorto":"SD Fray Domingo De Las Casas","eeidestado2":"SEDOF","eeestado2":"Sede - Oficial","eeidcomcor":"04","ecrcomcor":"Comuna 04","eeidbarver":"0421","eebarver":"Calima","eefecact":"2023-06-30Z","ieogrado_2":0,"ieogrado_1":22,"ieogrado0":49,"ieogrado1":85,"ieogrado2":86,"ieogrado3":88,"ieogrado4":75,"ieogrado5":86,"ieogrado6":0,"ieogrado7":0,"ieogrado8":0,"ieogrado9":0,"ieogrado10":0,"ieogrado11":0,"ieogrado21":0,"ieogrado22":0,"ieogrado23":0,"ieogrado24":0,"ieogrado25":0,"ieogrado26":0,"ieogrado41":0,"ieogrado42":0,"ieogrado43":0,"ieogrado44":0,"ieogrado45":0,"ieogrado99":0,"ieomatrtot":491,"ieoestrat0":1,"ieoestrat1":64,"ieoestrat2":183,"ieoestrat3":231,"ieoestrat4":11,"ieoestrat5":1,"ieoestrat6":0,"ieoestrat9":0,"ieofemen":253,"ieomascul":238,"ieoalgdisc":1,"ieonarp":13,"ieoindigen":0,"ieofecha":"2024-04-03Z"}},{"type":"Feature","id":"esf_establecimiento_educativo.fid--215d4958_1a0d9e21907_-757e","geometry":{"type":"Point","coordinates":[-76.55047769,3.4856709]},"geometry_name":"the_geom","properties":{"gid":334,"eecoddane":"276001011354","eenomins":"Institucion Educativa Montebello","eecodanant":"276001025452","eeconsede":"27600101135400","eenomsede":"Sede San Pedro Apostol","eeidclasede":"SEDE","eeclasede":"Sede","eeidestado":"OF","eeestado":"Oficial","eedirecc":"AV LOS ESTUDIANTES SECTOR LA ESCUELA","eenomcorto":"SD San Pedro Apostol","eeidestado2":"SEDOF","eeestado2":"Sede - Oficial","eeidcomcor":"64","ecrcomcor":"Correg. Montebello","eeidbarver":"6401","eebarver":"Montebello (Cabecera)","eefecact":"2023-06-30Z","ieogrado_2":0,"ieogrado_1":0,"ieogrado0":62,"ieogrado1":112,"ieogrado2":88,"ieogrado3":92,"ieogrado4":100,"ieogrado5":79,"ieogrado6":0,"ieogrado7":0,"ieogrado8":0,"ieogrado9":0,"ieogrado10":0,"ieogrado11":0,"ieogrado21":8,"ieogrado22":18,"ieogrado23":44,"ieogrado24":43,"ieogrado25":45,"ieogrado26":19,"ieogrado41":0,"ieogrado42":0,"ieogrado43":0,"ieogrado44":0,"ieogrado45":0,"ieogrado99":0,"ieomatrtot":710,"ieoestrat0":18,"ieoestrat1":617,"ieoestrat2":46,"ieoestrat3":16,"ieoestrat4":2,"ieoestrat5":1,"ieoestrat6":0,"ieoestrat9":10,"ieofemen":322,"ieomascul":388,"ieoalgdisc":15,"ieonarp":20,"ieoindigen":4,"ieofecha":"2024-04-03Z"}},{"type":"Feature","id":"esf_establecimiento_educativo.fid--215d4958_1a0d9e21907_-757d","geometry":{"type":"Point","coordinates":[-76.50574568,3.48663706]},"geometry_name":"the_geom","properties":{"gid":335,"eecoddane":"176001001672","eenomins":"Institucion Educativa Tecnico De Comercio Santa Cecilia","eecodanant":"176001003110","eeconsede":"17600100167200","eenomsede":"Republica De Francia","eeidclasede":"SEDE","eeclasede":"Sede","eeidestado":"OF","eeestado":"Oficial","eedirecc":"IND CALLE 62N # 2BN-00","eenomcorto":"SD Republica De Francia","eeidestado2":"SEDOF","eeestado2":"Sede - Oficial","eeidcomcor":"02","ecrcomcor":"Comuna 02","eeidbarver":"0217","eebarver":"Ciudad de Los Alamos","eefecact":"2023-06-30Z","ieogrado_2":0,"ieogrado_1":0,"ieogrado0":0,"ieogrado1":0,"ieogrado2":0,"ieogrado3":0,"ieogrado4":0,"ieogrado5":0,"ieogrado6":236,"ieogrado7":161,"ieogrado8":137,"ieogrado9":0,"ieogrado10":0,"ieogrado11":0,"ieogrado21":0,"ieogrado22":0,"ieogrado23":0,"ieogrado24":0,"ieogrado25":0,"ieogrado26":0,"ieogrado41":0,"ieogrado42":0,"ieogrado43":0,"ieogrado44":0,"ieogrado45":0,"ieogrado99":0,"ieomatrtot":534,"ieoestrat0":1,"ieoestrat1":108,"ieoestrat2":130,"ieoestrat3":262,"ieoestrat4":22,"ieoestrat5":9,"ieoestrat6":0,"ieoestrat9":2,"ieofemen":299,"ieomascul":235,"ieoalgdisc":6,"ieonarp":23,"ieoindigen":6,"ieofecha":"2024-04-03Z"}},{"type":"Feature","id":"esf_establecimiento_educativo.fid--215d4958_1a0d9e21907_-757c","geometry":{"type":"Point","coordinates":[-76.49145544,3.48738517]},"geometry_name":"the_geom","properties":{"gid":336,"eecoddane":"176001007875","eenomins":"Institucion Educativa Tecnico Industrial Pedro Antonio Molina","eecodanant":"176001003993","eeconsede":"17600100787500","eenomsede":"Atanasio Girardot","eeidclasede":"SEDE","eeclasede":"Sede","eeidestado":"OF","eeestado":"Oficial","eedirecc":"IND KR 1A3 70B 00","eenomcorto":"SD Atanasio Girardot","eeidestado2":"SEDOF","eeestado2":"Sede - Oficial","eeidcomcor":"06","ecrcomcor":"Comuna 06","eeidbarver":"0604","eebarver":"Los Alcazares Primera Etapa","eefecact":"2023-06-30Z","ieogrado_2":0,"ieogrado_1":28,"ieogrado0":45,"ieogrado1":80,"ieogrado2":74,"ieogrado3":55,"ieogrado4":74,"ieogrado5":76,"ieogrado6":0,"ieogrado7":0,"ieogrado8":0,"ieogrado9":0,"ieogrado10":0,"ieogrado11":0,"ieogrado21":0,"ieogrado22":0,"ieogrado23":0,"ieogrado24":0,"ieogrado25":0,"ieogrado26":0,"ieogrado41":0,"ieogrado42":0,"ieogrado43":0,"ieogrado44":0,"ieogrado45":0,"ieogrado99":62,"ieomatrtot":494,"ieoestrat0":0,"ieoestrat1":34,"ieoestrat2":256,"ieoestrat3":192,"ieoestrat4":2,"ieoestrat5":0,"ieoestrat6":0,"ieoestrat9":10,"ieofemen":230,"ieomascul":264,"ieoalgdisc":3,"ieonarp":26,"ieoindigen":2,"ieofecha":"2024-04-03Z"}},{"type":"Feature","id":"esf_establecimiento_educativo.fid--215d4958_1a0d9e21907_-757b","geometry":{"type":"Point","coordinates":[-76.50871414,3.48785826]},"geometry_name":"the_geom","properties":{"gid":337,"eecoddane":"176001001672","eenomins":"Institucion Educativa Tecnico De Comercio Santa Cecilia","eecodanant":"176001001672","eeconsede":"17600100167200","eenomsede":"Institucion Educativa Tecnico De Comercio Santa Cecilia - Sede Principal","eeidclasede":"PRIN","eeclasede":"Principal","eeidestado":"OF","eeestado":"Oficial","eedirecc":"IND CALLE 61AN # 2GN-62","eenomcorto":"IE Tecnico De Comercio Santa Cecilia","eeidestado2":"IEOOF","eeestado2":"IEO - Oficial","eeidcomcor":"02","ecrcomcor":"Comuna 02","eeidbarver":"0217","eebarver":"Ciudad de Los Alamos","eefecact":"2023-06-30Z","ieogrado_2":0,"ieogrado_1":0,"ieogrado0":22,"ieogrado1":32,"ieogrado2":34,"ieogrado3":34,"ieogrado4":33,"ieogrado5":56,"ieogrado6":0,"ieogrado7":0,"ieogrado8":0,"ieogrado9":174,"ieogrado10":150,"ieogrado11":126,"ieogrado21":0,"ieogrado22":0,"ieogrado23":0,"ieogrado24":0,"ieogrado25":0,"ieogrado26":0,"ieogrado41":0,"ieogrado42":0,"ieogrado43":0,"ieogrado44":0,"ieogrado45":0,"ieogrado99":0,"ieomatrtot":661,"ieoestrat0":4,"ieoestrat1":117,"ieoestrat2":110,"ieoestrat3":377,"ieoestrat4":41,"ieoestrat5":8,"ieoestrat6":0,"ieoestrat9":4,"ieofemen":359,"ieomascul":302,"ieoalgdisc":2,"ieonarp":27,"ieoindigen":4,"ieofecha":"2024-04-03Z"}},{"type":"Feature","id":"esf_establecimiento_educativo.fid--215d4958_1a0d9e21907_-757a","geometry":{"type":"Point","coordinates":[-76.48774186,3.48837632]},"geometry_name":"the_geom","properties":{"gid":338,"eecoddane":"176001007875","eenomins":"Institucion Educativa Tecnico Industrial Pedro Antonio Molina","eecodanant":"176001012089","eeconsede":"17600100787500","eenomsede":"Los Vencedores","eeidclasede":"SEDE","eeclasede":"Sede","eeidestado":"OF","eeestado":"Oficial","eedirecc":"IND KR 1A4 72D 19","eenomcorto":"SD Los Vencedores","eeidestado2":"SEDOF","eeestado2":"Sede - Oficial","eeidcomcor":"06","ecrcomcor":"Comuna 06","eeidbarver":"0696","eebarver":"San Luis II","eefecact":"2023-06-30Z","ieogrado_2":0,"ieogrado_1":0,"ieogrado0":26,"ieogrado1":60,"ieogrado2":66,"ieogrado3":89,"ieogrado4":59,"ieogrado5":65,"ieogrado6":164,"ieogrado7":123,"ieogrado8":131,"ieogrado9":102,"ieogrado10":89,"ieogrado11":90,"ieogrado21":0,"ieogrado22":0,"ieogrado23":0,"ieogrado24":0,"ieogrado25":0,"ieogrado26":0,"ieogrado41":0,"ieogrado42":0,"ieogrado43":0,"ieogrado44":0,"ieogrado45":0,"ieogrado99":0,"ieomatrtot":1064,"ieoestrat0":1,"ieoestrat1":86,"ieoestrat2":797,"ieoestrat3":167,"ieoestrat4":1,"ieoestrat5":1,"ieoestrat6":0,"ieoestrat9":11,"ieofemen":507,"ieomascul":557,"ieoalgdisc":12,"ieonarp":82,"ieoindigen":2,"ieofecha":"2024-04-03Z"}},{"type":"Feature","id":"esf_establecimiento_educativo.fid--215d4958_1a0d9e21907_-7579","geometry":{"type":"Point","coordinates":[-76.48510345,3.48902542]},"geometry_name":"the_geom","properties":{"gid":339,"eecoddane":"176001800052","eenomins":"Institucion Educativa Llano Verde","eecodanant":"176001800095","eeconsede":"17600180005200","eenomsede":"Calimio Norte","eeidclasede":"SEDE","eeclasede":"Sede","eeidestado":"MC","eeestado":"Matricula contratada","eedirecc":"IND CL 73 A NO 1A2 - 165","eenomcorto":"SD Calimio Norte","eeidestado2":"SEDMC","eeestado2":"Sede - Matricula Contratada","eeidcomcor":"06","ecrcomcor":"Comuna 06","eeidbarver":"0697","eebarver":"Urbanización Calimio","eefecact":"2023-06-30Z","ieogrado_2":0,"ieogrado_1":0,"ieogrado0":60,"ieogrado1":73,"ieogrado2":78,"ieogrado3":75,"ieogrado4":65,"ieogrado5":43,"ieogrado6":77,"ieogrado7":76,"ieogrado8":68,"ieogrado9":86,"ieogrado10":62,"ieogrado11":62,"ieogrado21":0,"ieogrado22":0,"ieogrado23":0,"ieogrado24":0,"ieogrado25":0,"ieogrado26":0,"ieogrado41":0,"ieogrado42":0,"ieogrado43":0,"ieogrado44":0,"ieogrado45":0,"ieogrado99":0,"ieomatrtot":825,"ieoestrat0":7,"ieoestrat1":296,"ieoestrat2":479,"ieoestrat3":37,"ieoestrat4":1,"ieoestrat5":0,"ieoestrat6":0,"ieoestrat9":5,"ieofemen":438,"ieomascul":387,"ieoalgdisc":12,"ieonarp":39,"ieoindigen":2,"ieofecha":"2024-04-03Z"}},{"type":"Feature","id":"esf_establecimiento_educativo.fid--215d4958_1a0d9e21907_-7578","geometry":{"type":"Point","coordinates":[-76.48882703,3.4895205]},"geometry_name":"the_geom","properties":{"gid":340,"eecoddane":"176001800052","eenomins":"Institucion Educativa Llano Verde","eecodanant":"176001800133","eeconsede":"17600180005200","eenomsede":"San Luis","eeidclasede":"SEDE","eeclasede":"Sede","eeidestado":"MC","eeestado":"Matricula contratada","eedirecc":"IND CL 72C 1A2 49","eenomcorto":"SD San Luis","eeidestado2":"SEDMC","eeestado2":"Sede - Matricula Contratada","eeidcomcor":"06","ecrcomcor":"Comuna 06","eeidbarver":"0696","eebarver":"San Luis II","eefecact":"2023-06-30Z","ieogrado_2":0,"ieogrado_1":0,"ieogrado0":49,"ieogrado1":86,"ieogrado2":72,"ieogrado3":78,"ieogrado4":84,"ieogrado5":90,"ieogrado6":90,"ieogrado7":91,"ieogrado8":79,"ieogrado9":77,"ieogrado10":74,"ieogrado11":54,"ieogrado21":0,"ieogrado22":0,"ieogrado23":0,"ieogrado24":0,"ieogrado25":0,"ieogrado26":0,"ieogrado41":0,"ieogrado42":0,"ieogrado43":0,"ieogrado44":0,"ieogrado45":0,"ieogrado99":0,"ieomatrtot":924,"ieoestrat0":4,"ieoestrat1":112,"ieoestrat2":702,"ieoestrat3":84,"ieoestrat4":8,"ieoestrat5":2,"ieoestrat6":2,"ieoestrat9":10,"ieofemen":482,"ieomascul":442,"ieoalgdisc":13,"ieonarp":26,"ieoindigen":1,"ieofecha":"2024-04-03Z"}},{"type":"Feature","id":"esf_establecimiento_educativo.fid--215d4958_1a0d9e21907_-7577","geometry":{"type":"Point","coordinates":[-76.53379908,3.49000059]},"geometry_name":"the_geom","properties":{"gid":341,"eecoddane":"176001001672","eenomins":"Institucion Educativa Tecnico De Comercio Santa Cecilia","eecodanant":"176001042409","eeconsede":"17600100167200","eenomsede":"Alto Menga","eeidclasede":"SEDE","eeclasede":"Sede","eeidestado":"OF","eeestado":"Oficial","eedirecc":"CL 53 AN 8 27","eenomcorto":"SD Alto Menga","eeidestado2":"SEDOF","eeestado2":"Sede - Oficial","eeidcomcor":"02","ecrcomcor":"Comuna 02","eeidbarver":"0296","eebarver":"Altos de Menga","eefecact":"2023-06-30Z","ieogrado_2":0,"ieogrado_1":0,"ieogrado0":45,"ieogrado1":52,"ieogrado2":66,"ieogrado3":57,"ieogrado4":15,"ieogrado5":18,"ieogrado6":0,"ieogrado7":0,"ieogrado8":0,"ieogrado9":0,"ieogrado10":0,"ieogrado11":0,"ieogrado21":0,"ieogrado22":0,"ieogrado23":0,"ieogrado24":0,"ieogrado25":0,"ieogrado26":0,"ieogrado41":0,"ieogrado42":0,"ieogrado43":0,"ieogrado44":0,"ieogrado45":0,"ieogrado99":0,"ieomatrtot":253,"ieoestrat0":1,"ieoestrat1":236,"ieoestrat2":5,"ieoestrat3":7,"ieoestrat4":1,"ieoestrat5":0,"ieoestrat6":0,"ieoestrat9":3,"ieofemen":114,"ieomascul":139,"ieoalgdisc":5,"ieonarp":9,"ieoindigen":1,"ieofecha":"2024-04-03Z"}},{"type":"Feature","id":"esf_establecimiento_educativo.fid--215d4958_1a0d9e21907_-7576","geometry":{"type":"Point","coordinates":[-76.50471952,3.49160384]},"geometry_name":"the_geom","properties":{"gid":342,"eecoddane":"176001001672","eenomins":"Institucion Educativa Tecnico De Comercio Santa Cecilia","eecodanant":"176001042760","eeconsede":"17600100167200","eenomsede":"Brisas De Los Alamos","eeidclasede":"SEDE","eeclasede":"Sede","eeidestado":"OF","eeestado":"Oficial","eedirecc":"AV 2 BN CL 72","eenomcorto":"SD Brisas De Los Alamos","eeidestado2":"SEDOF","eeestado2":"Sede - Oficial","eeidcomcor":"02","ecrcomcor":"Comuna 02","eeidbarver":"0219","eebarver":"Brisas de Los Alamos","eefecact":"2023-06-30Z","ieogrado_2":0,"ieogrado_1":0,"ieogrado0":42,"ieogrado1":73,"ieogrado2":59,"ieogrado3":64,"ieogrado4":90,"ieogrado5":72,"ieogrado6":0,"ieogrado7":0,"ieogrado8":0,"ieogrado9":0,"ieogrado10":0,"ieogrado11":0,"ieogrado21":0,"ieogrado22":0,"ieogrado23":10,"ieogrado24":21,"ieogrado25":20,"ieogrado26":0,"ieogrado41":0,"ieogrado42":0,"ieogrado43":0,"ieogrado44":0,"ieogrado45":0,"ieogrado99":0,"ieomatrtot":451,"ieoestrat0":0,"ieoestrat1":41,"ieoestrat2":78,"ieoestrat3":308,"ieoestrat4":15,"ieoestrat5":3,"ieoestrat6":0,"ieoestrat9":6,"ieofemen":207,"ieomascul":244,"ieoalgdisc":12,"ieonarp":18,"ieoindigen":1,"ieofecha":"2024-04-03Z"}},{"type":"Feature","id":"esf_establecimiento_educativo.fid--215d4958_1a0d9e21907_-7575","geometry":{"type":"Point","coordinates":[-76.48997621,3.49337111]},"geometry_name":"the_geom","properties":{"gid":343,"eecoddane":"176001005813","eenomins":"Institucion Educativa Inem Jorge Isaacs","eecodanant":"176001003837","eeconsede":"17600100581300","eenomsede":"Pablo Emilio Caicedo","eeidclasede":"SEDE","eeclasede":"Sede","eeidestado":"OF","eeestado":"Oficial","eedirecc":"KR 5 DG 7 39","eenomcorto":"SD Pablo Emilio Caicedo","eeidestado2":"SEDOF","eeestado2":"Sede - Oficial","eeidcomcor":"06","ecrcomcor":"Comuna 06","eeidbarver":"0603","eebarver":"Paso del Comercio","eefecact":"2023-06-30Z","ieogrado_2":0,"ieogrado_1":0,"ieogrado0":43,"ieogrado1":84,"ieogrado2":103,"ieogrado3":96,"ieogrado4":83,"ieogrado5":91,"ieogrado6":0,"ieogrado7":0,"ieogrado8":0,"ieogrado9":0,"ieogrado10":0,"ieogrado11":0,"ieogrado21":0,"ieogrado22":0,"ieogrado23":0,"ieogrado24":0,"ieogrado25":0,"ieogrado26":0,"ieogrado41":0,"ieogrado42":0,"ieogrado43":0,"ieogrado44":0,"ieogrado45":0,"ieogrado99":0,"ieomatrtot":500,"ieoestrat0":2,"ieoestrat1":136,"ieoestrat2":335,"ieoestrat3":27,"ieoestrat4":0,"ieoestrat5":0,"ieoestrat6":0,"ieoestrat9":0,"ieofemen":232,"ieomascul":268,"ieoalgdisc":6,"ieonarp":17,"ieoindigen":0,"ieofecha":"2024-04-03Z"}},{"type":"Feature","id":"esf_establecimiento_educativo.fid--215d4958_1a0d9e21907_-7574","geometry":{"type":"Point","coordinates":[-76.57634592,3.49386388]},"geometry_name":"the_geom","properties":{"gid":344,"eecoddane":"276001042756","eenomins":"Institucion Educativa La Paz","eecodanant":"276001005559","eeconsede":"27600104275600","eenomsede":"Sede Sagrado Corazon De Jesus","eeidclasede":"SEDE","eeclasede":"Sede","eeidestado":"OF","eeestado":"Oficial","eedirecc":"CORREGIMIENTO LA CASTILLA VEREDA EL FILO","eenomcorto":"SD Sagrado Corazon De Jesus","eeidestado2":"SEDOF","eeestado2":"Sede - Oficial","eeidcomcor":"62","ecrcomcor":"Correg. La Castilla","eeidbarver":"6201","eebarver":"La Castilla (Cabecera)","eefecact":"2023-06-30Z","ieogrado_2":0,"ieogrado_1":0,"ieogrado0":13,"ieogrado1":10,"ieogrado2":12,"ieogrado3":14,"ieogrado4":6,"ieogrado5":9,"ieogrado6":13,"ieogrado7":0,"ieogrado8":0,"ieogrado9":0,"ieogrado10":0,"ieogrado11":0,"ieogrado21":0,"ieogrado22":0,"ieogrado23":0,"ieogrado24":0,"ieogrado25":0,"ieogrado26":0,"ieogrado41":0,"ieogrado42":0,"ieogrado43":0,"ieogrado44":0,"ieogrado45":0,"ieogrado99":0,"ieomatrtot":77,"ieoestrat0":2,"ieoestrat1":64,"ieoestrat2":11,"ieoestrat3":0,"ieoestrat4":0,"ieoestrat5":0,"ieoestrat6":0,"ieoestrat9":0,"ieofemen":33,"ieomascul":44,"ieoalgdisc":1,"ieonarp":1,"ieoindigen":6,"ieofecha":"2024-04-03Z"}},{"type":"Feature","id":"esf_establecimiento_educativo.fid--215d4958_1a0d9e21907_-7573","geometry":{"type":"Point","coordinates":[-76.49155745,3.4971627]},"geometry_name":"the_geom","properties":{"gid":345,"eecoddane":"176001005813","eenomins":"Institucion Educativa Inem Jorge Isaacs","eecodanant":"176001016009","eeconsede":"17600100581300","eenomsede":"Las Americas","eeidclasede":"SEDE","eeclasede":"Sede","eeidestado":"OF","eeestado":"Oficial","eedirecc":"IND CL 82  3AN -03","eenomcorto":"SD Las Americas","eeidestado2":"SEDOF","eeestado2":"Sede - Oficial","eeidcomcor":"06","ecrcomcor":"Comuna 06","eeidbarver":"0610","eebarver":"Ciudadela Floralia","eefecact":"2023-06-30Z","ieogrado_2":0,"ieogrado_1":85,"ieogrado0":148,"ieogrado1":158,"ieogrado2":172,"ieogrado3":131,"ieogrado4":122,"ieogrado5":134,"ieogrado6":0,"ieogrado7":0,"ieogrado8":0,"ieogrado9":0,"ieogrado10":0,"ieogrado11":0,"ieogrado21":0,"ieogrado22":10,"ieogrado23":28,"ieogrado24":28,"ieogrado25":29,"ieogrado26":0,"ieogrado41":0,"ieogrado42":0,"ieogrado43":0,"ieogrado44":0,"ieogrado45":0,"ieogrado99":0,"ieomatrtot":1045,"ieoestrat0":10,"ieoestrat1":238,"ieoestrat2":739,"ieoestrat3":57,"ieoestrat4":0,"ieoestrat5":0,"ieoestrat6":0,"ieoestrat9":1,"ieofemen":501,"ieomascul":544,"ieoalgdisc":12,"ieonarp":53,"ieoindigen":2,"ieofecha":"2024-04-03Z"}},{"type":"Feature","id":"esf_establecimiento_educativo.fid--215d4958_1a0d9e21907_-7572","geometry":{"type":"Point","coordinates":[-76.55173012,3.49744308]},"geometry_name":"the_geom","properties":{"gid":346,"eecoddane":"276001022232","eenomins":"Institucion Educativa Golondrinas","eecodanant":"276001005508","eeconsede":"27600102223200","eenomsede":"Antonio Barberena","eeidclasede":"SEDE","eeclasede":"Sede","eeidestado":"OF","eeestado":"Oficial","eedirecc":"CORREGIMIENTO GOLONDRINAS","eenomcorto":"SD Antonio Barberena","eeidestado2":"SEDOF","eeestado2":"Sede - Oficial","eeidcomcor":"65","ecrcomcor":"Correg. Golondrinas","eeidbarver":"6501","eebarver":"Golondrinas (Cabecera)","eefecact":"2023-06-30Z","ieogrado_2":0,"ieogrado_1":0,"ieogrado0":40,"ieogrado1":42,"ieogrado2":49,"ieogrado3":40,"ieogrado4":45,"ieogrado5":48,"ieogrado6":0,"ieogrado7":0,"ieogrado8":0,"ieogrado9":0,"ieogrado10":0,"ieogrado11":0,"ieogrado21":0,"ieogrado22":0,"ieogrado23":0,"ieogrado24":0,"ieogrado25":0,"ieogrado26":0,"ieogrado41":0,"ieogrado42":0,"ieogrado43":0,"ieogrado44":0,"ieogrado45":0,"ieogrado99":0,"ieomatrtot":264,"ieoestrat0":6,"ieoestrat1":187,"ieoestrat2":67,"ieoestrat3":1,"ieoestrat4":0,"ieoestrat5":0,"ieoestrat6":0,"ieoestrat9":3,"ieofemen":125,"ieomascul":139,"ieoalgdisc":3,"ieonarp":3,"ieoindigen":0,"ieofecha":"2024-04-03Z"}},{"type":"Feature","id":"esf_establecimiento_educativo.fid--215d4958_1a0d9e21907_-7571","geometry":{"type":"Point","coordinates":[-76.49513602,3.49801884]},"geometry_name":"the_geom","properties":{"gid":347,"eecoddane":"176001005813","eenomins":"Institucion Educativa Inem Jorge Isaacs","eecodanant":"176001028171","eeconsede":"17600100581300","eenomsede":"Cecilia Muñoz Ricaurte","eeidclasede":"SEDE","eeclasede":"Sede","eeidestado":"OF","eeestado":"Oficial","eedirecc":"CL 77 KR 8 NORTE","eenomcorto":"SD Cecilia Muñoz Ricaurte","eeidestado2":"SEDOF","eeestado2":"Sede - Oficial","eeidcomcor":"06","ecrcomcor":"Comuna 06","eeidbarver":"0610","eebarver":"Ciudadela Floralia","eefecact":"2023-06-30Z","ieogrado_2":0,"ieogrado_1":0,"ieogrado0":34,"ieogrado1":55,"ieogrado2":65,"ieogrado3":56,"ieogrado4":66,"ieogrado5":54,"ieogrado6":0,"ieogrado7":0,"ieogrado8":0,"ieogrado9":0,"ieogrado10":0,"ieogrado11":0,"ieogrado21":0,"ieogrado22":0,"ieogrado23":0,"ieogrado24":0,"ieogrado25":0,"ieogrado26":0,"ieogrado41":0,"ieogrado42":0,"ieogrado43":0,"ieogrado44":0,"ieogrado45":0,"ieogrado99":0,"ieomatrtot":330,"ieoestrat0":2,"ieoestrat1":62,"ieoestrat2":248,"ieoestrat3":18,"ieoestrat4":0,"ieoestrat5":0,"ieoestrat6":0,"ieoestrat9":0,"ieofemen":164,"ieomascul":166,"ieoalgdisc":4,"ieonarp":16,"ieoindigen":0,"ieofecha":"2024-04-03Z"}},{"type":"Feature","id":"esf_establecimiento_educativo.fid--215d4958_1a0d9e21907_-7570","geometry":{"type":"Point","coordinates":[-76.55125048,3.49821666]},"geometry_name":"the_geom","properties":{"gid":348,"eecoddane":"276001022232","eenomins":"Institucion Educativa Golondrinas","eecodanant":"276001022232","eeconsede":"27600102223200","eenomsede":"Institucion Educativa Golondrinas","eeidclasede":"PRIN","eeclasede":"Principal","eeidestado":"OF","eeestado":"Oficial","eedirecc":"CORREGIMIENTO GOLONDRINAS","eenomcorto":"IE Golondrinas","eeidestado2":"IEOOF","eeestado2":"IEO - Oficial","eeidcomcor":"65","ecrcomcor":"Correg. Golondrinas","eeidbarver":"6501","eebarver":"Golondrinas (Cabecera)","eefecact":"2023-06-30Z","ieogrado_2":0,"ieogrado_1":0,"ieogrado0":0,"ieogrado1":0,"ieogrado2":0,"ieogrado3":0,"ieogrado4":0,"ieogrado5":0,"ieogrado6":53,"ieogrado7":61,"ieogrado8":55,"ieogrado9":46,"ieogrado10":43,"ieogrado11":43,"ieogrado21":0,"ieogrado22":0,"ieogrado23":0,"ieogrado24":0,"ieogrado25":0,"ieogrado26":0,"ieogrado41":0,"ieogrado42":0,"ieogrado43":0,"ieogrado44":0,"ieogrado45":0,"ieogrado99":0,"ieomatrtot":301,"ieoestrat0":7,"ieoestrat1":191,"ieoestrat2":92,"ieoestrat3":9,"ieoestrat4":0,"ieoestrat5":0,"ieoestrat6":0,"ieoestrat9":2,"ieofemen":147,"ieomascul":154,"ieoalgdisc":8,"ieonarp":6,"ieoindigen":0,"ieofecha":"2024-04-03Z"}},{"type":"Feature","id":"esf_establecimiento_educativo.fid--215d4958_1a0d9e21907_-756f","geometry":{"type":"Point","coordinates":[-76.58257727,3.5011895]},"geometry_name":"the_geom","properties":{"gid":349,"eecoddane":"276001042756","eenomins":"Institucion Educativa La Paz","eecodanant":"276001043302","eeconsede":"27600104275600","eenomsede":"La Granja","eeidclasede":"SEDE","eeclasede":"Sede","eeidestado":"OF","eeestado":"Oficial","eedirecc":"IND VEREDA LA GRANJA","eenomcorto":"SD La Granja","eeidestado2":"SEDOF","eeestado2":"Sede - Oficial","eeidcomcor":"62","ecrcomcor":"Correg. La Castilla","eeidbarver":"6201","eebarver":"La Castilla (Cabecera)","eefecact":"2023-06-30Z","ieogrado_2":0,"ieogrado_1":0,"ieogrado0":0,"ieogrado1":0,"ieogrado2":0,"ieogrado3":0,"ieogrado4":0,"ieogrado5":0,"ieogrado6":0,"ieogrado7":11,"ieogrado8":9,"ieogrado9":12,"ieogrado10":9,"ieogrado11":11,"ieogrado21":0,"ieogrado22":0,"ieogrado23":0,"ieogrado24":0,"ieogrado25":0,"ieogrado26":0,"ieogrado41":0,"ieogrado42":0,"ieogrado43":0,"ieogrado44":0,"ieogrado45":0,"ieogrado99":0,"ieomatrtot":52,"ieoestrat0":0,"ieoestrat1":43,"ieoestrat2":7,"ieoestrat3":2,"ieoestrat4":0,"ieoestrat5":0,"ieoestrat6":0,"ieoestrat9":0,"ieofemen":20,"ieomascul":32,"ieoalgdisc":2,"ieonarp":2,"ieoindigen":3,"ieofecha":"2024-04-03Z"}},{"type":"Feature","id":"esf_establecimiento_educativo.fid--215d4958_1a0d9e21907_-756e","geometry":{"type":"Point","coordinates":[-76.60791319,3.50824929]},"geometry_name":"the_geom","properties":{"gid":350,"eecoddane":"276001010994","eenomins":"Institucion Educativa Francisco Jose Lloreda Mera","eecodanant":"276001011753","eeconsede":"27600101099400","eenomsede":"Nueva San Francisco","eeidclasede":"SEDE","eeclasede":"Sede","eeidestado":"OF","eeestado":"Oficial","eedirecc":"VDA. LOS LAURELES CORREGIMIENTO LA ELVIRA","eenomcorto":"SD Nueva San Francisco","eeidestado2":"SEDOF","eeestado2":"Sede - Oficial","eeidcomcor":"61","ecrcomcor":"Correg. La Elvira","eeidbarver":"6102","eebarver":"Los Laureles","eefecact":"2023-06-30Z","ieogrado_2":0,"ieogrado_1":0,"ieogrado0":15,"ieogrado1":0,"ieogrado2":0,"ieogrado3":0,"ieogrado4":0,"ieogrado5":0,"ieogrado6":0,"ieogrado7":0,"ieogrado8":0,"ieogrado9":0,"ieogrado10":0,"ieogrado11":0,"ieogrado21":0,"ieogrado22":0,"ieogrado23":0,"ieogrado24":0,"ieogrado25":0,"ieogrado26":0,"ieogrado41":0,"ieogrado42":0,"ieogrado43":0,"ieogrado44":0,"ieogrado45":0,"ieogrado99":0,"ieomatrtot":15,"ieoestrat0":1,"ieoestrat1":14,"ieoestrat2":0,"ieoestrat3":0,"ieoestrat4":0,"ieoestrat5":0,"ieoestrat6":0,"ieoestrat9":0,"ieofemen":6,"ieomascul":9,"ieoalgdisc":0,"ieonarp":0,"ieoindigen":0,"ieofecha":"2024-04-03Z"}},{"type":"Feature","id":"esf_establecimiento_educativo.fid--215d4958_1a0d9e21907_-756d","geometry":{"type":"Point","coordinates":[-76.565257,3.50859346]},"geometry_name":"the_geom","properties":{"gid":351,"eecoddane":"276001042756","eenomins":"Institucion Educativa La Paz","eecodanant":"276001020434","eeconsede":"27600104275600","eenomsede":"Sede Villa Del Rosario","eeidclasede":"SEDE","eeclasede":"Sede","eeidestado":"OF","eeestado":"Oficial","eedirecc":"CORREGIMIENTO LA PAZ VEREDA VILLA DEL ROSARIO","eenomcorto":"SD Villa Del Rosario","eeidestado2":"SEDOF","eeestado2":"Sede - Oficial","eeidcomcor":"63","ecrcomcor":"Correg. La Paz","eeidbarver":"6302","eebarver":"Villa del Rosario","eefecact":"2023-06-30Z","ieogrado_2":0,"ieogrado_1":0,"ieogrado0":0,"ieogrado1":0,"ieogrado2":0,"ieogrado3":0,"ieogrado4":0,"ieogrado5":0,"ieogrado6":0,"ieogrado7":0,"ieogrado8":0,"ieogrado9":0,"ieogrado10":22,"ieogrado11":16,"ieogrado21":0,"ieogrado22":0,"ieogrado23":0,"ieogrado24":0,"ieogrado25":0,"ieogrado26":0,"ieogrado41":0,"ieogrado42":0,"ieogrado43":0,"ieogrado44":0,"ieogrado45":0,"ieogrado99":0,"ieomatrtot":38,"ieoestrat0":0,"ieoestrat1":31,"ieoestrat2":4,"ieoestrat3":3,"ieoestrat4":0,"ieoestrat5":0,"ieoestrat6":0,"ieoestrat9":0,"ieofemen":21,"ieomascul":17,"ieoalgdisc":0,"ieonarp":3,"ieoindigen":1,"ieofecha":"2024-04-03Z"}},{"type":"Feature","id":"esf_establecimiento_educativo.fid--215d4958_1a0d9e21907_-756c","geometry":{"type":"Point","coordinates":[-76.61997048,3.51320801]},"geometry_name":"the_geom","properties":{"gid":352,"eecoddane":"276001010994","eenomins":"Institucion Educativa Francisco Jose Lloreda Mera","eecodanant":"276001007641","eeconsede":"27600101099400","eenomsede":"Francisco Miranda","eeidclasede":"SEDE","eeclasede":"Sede","eeidestado":"OF","eeestado":"Oficial","eedirecc":"KM 17 VIA AL MAR CORREGIMIENTO LA ELVIRA","eenomcorto":"SD Francisco Miranda","eeidestado2":"SEDOF","eeestado2":"Sede - Oficial","eeidcomcor":"61","ecrcomcor":"Correg. La Elvira","eeidbarver":"6102","eebarver":"Los Laureles","eefecact":"2023-06-30Z","ieogrado_2":0,"ieogrado_1":0,"ieogrado0":14,"ieogrado1":20,"ieogrado2":21,"ieogrado3":25,"ieogrado4":28,"ieogrado5":33,"ieogrado6":0,"ieogrado7":0,"ieogrado8":0,"ieogrado9":0,"ieogrado10":0,"ieogrado11":0,"ieogrado21":0,"ieogrado22":0,"ieogrado23":0,"ieogrado24":0,"ieogrado25":0,"ieogrado26":0,"ieogrado41":0,"ieogrado42":0,"ieogrado43":0,"ieogrado44":0,"ieogrado45":0,"ieogrado99":0,"ieomatrtot":141,"ieoestrat0":4,"ieoestrat1":65,"ieoestrat2":49,"ieoestrat3":9,"ieoestrat4":1,"ieoestrat5":0,"ieoestrat6":0,"ieoestrat9":13,"ieofemen":67,"ieomascul":74,"ieoalgdisc":2,"ieonarp":2,"ieoindigen":2,"ieofecha":"2024-04-03Z"}},{"type":"Feature","id":"esf_establecimiento_educativo.fid--215d4958_1a0d9e21907_-756b","geometry":{"type":"Point","coordinates":[-76.56710254,3.51640429]},"geometry_name":"the_geom","properties":{"gid":353,"eecoddane":"276001042756","eenomins":"Institucion Educativa La Paz","eecodanant":"276001005541","eeconsede":"27600104275600","eenomsede":"Sede Jorge Robledo","eeidclasede":"SEDE","eeclasede":"Sede","eeidestado":"OF","eeestado":"Oficial","eedirecc":"CORREGIMIENTO LA PAZ CABECERA","eenomcorto":"SD Jorge Robledo","eeidestado2":"SEDOF","eeestado2":"Sede - Oficial","eeidcomcor":"63","ecrcomcor":"Correg. La Paz","eeidbarver":"6301","eebarver":"La Paz (Cabecera)","eefecact":"2023-06-30Z","ieogrado_2":0,"ieogrado_1":0,"ieogrado0":10,"ieogrado1":12,"ieogrado2":21,"ieogrado3":19,"ieogrado4":15,"ieogrado5":14,"ieogrado6":0,"ieogrado7":0,"ieogrado8":0,"ieogrado9":0,"ieogrado10":0,"ieogrado11":0,"ieogrado21":0,"ieogrado22":0,"ieogrado23":0,"ieogrado24":0,"ieogrado25":0,"ieogrado26":0,"ieogrado41":0,"ieogrado42":0,"ieogrado43":0,"ieogrado44":0,"ieogrado45":0,"ieogrado99":0,"ieomatrtot":91,"ieoestrat0":1,"ieoestrat1":69,"ieoestrat2":17,"ieoestrat3":3,"ieoestrat4":0,"ieoestrat5":0,"ieoestrat6":0,"ieoestrat9":1,"ieofemen":44,"ieomascul":47,"ieoalgdisc":3,"ieonarp":2,"ieoindigen":0,"ieofecha":"2024-04-03Z"}},{"type":"Feature","id":"esf_establecimiento_educativo.fid--215d4958_1a0d9e21907_-756a","geometry":{"type":"Point","coordinates":[-76.57018177,3.52015024]},"geometry_name":"the_geom","properties":{"gid":354,"eecoddane":"276001042756","eenomins":"Institucion Educativa La Paz","eecodanant":"276001042756","eeconsede":"27600104275600","eenomsede":"Institucion Educativa La Paz- Saavedra Galindo","eeidclasede":"PRIN","eeclasede":"Principal","eeidestado":"OF","eeestado":"Oficial","eedirecc":"CORREGIMIENTO LA PAZ CABECERA","eenomcorto":"IE La Paz","eeidestado2":"IEOOF","eeestado2":"IEO - Oficial","eeidcomcor":"63","ecrcomcor":"Correg. La Paz","eeidbarver":"6301","eebarver":"La Paz (Cabecera)","eefecact":"2023-06-30Z","ieogrado_2":0,"ieogrado_1":0,"ieogrado0":0,"ieogrado1":0,"ieogrado2":0,"ieogrado3":0,"ieogrado4":0,"ieogrado5":0,"ieogrado6":21,"ieogrado7":24,"ieogrado8":24,"ieogrado9":25,"ieogrado10":0,"ieogrado11":0,"ieogrado21":0,"ieogrado22":0,"ieogrado23":0,"ieogrado24":0,"ieogrado25":0,"ieogrado26":0,"ieogrado41":0,"ieogrado42":0,"ieogrado43":0,"ieogrado44":0,"ieogrado45":0,"ieogrado99":0,"ieomatrtot":94,"ieoestrat0":0,"ieoestrat1":78,"ieoestrat2":14,"ieoestrat3":2,"ieoestrat4":0,"ieoestrat5":0,"ieoestrat6":0,"ieoestrat9":0,"ieofemen":42,"ieomascul":52,"ieoalgdisc":2,"ieonarp":4,"ieoindigen":1,"ieofecha":"2024-04-03Z"}},{"type":"Feature","id":"esf_establecimiento_educativo.fid--215d4958_1a0d9e21907_-7569","geometry":{"type":"Point","coordinates":[-76.60761758,3.52043516]},"geometry_name":"the_geom","properties":{"gid":355,"eecoddane":"276001010994","eenomins":"Institucion Educativa Francisco Jose Lloreda Mera","eecodanant":"276001005460","eeconsede":"27600101099400","eenomsede":"Boyacá","eeidclasede":"SEDE","eeclasede":"Sede","eeidestado":"OF","eeestado":"Oficial","eedirecc":"CORREGIMIENTO LA ELVIRA","eenomcorto":"SD Boyacá","eeidestado2":"SEDOF","eeestado2":"Sede - Oficial","eeidcomcor":"61","ecrcomcor":"Correg. La Elvira","eeidbarver":"6101","eebarver":"La Elvira (Cabecera)","eefecact":"2023-06-30Z","ieogrado_2":0,"ieogrado_1":0,"ieogrado0":0,"ieogrado1":0,"ieogrado2":0,"ieogrado3":0,"ieogrado4":0,"ieogrado5":0,"ieogrado6":17,"ieogrado7":22,"ieogrado8":13,"ieogrado9":11,"ieogrado10":21,"ieogrado11":17,"ieogrado21":0,"ieogrado22":0,"ieogrado23":0,"ieogrado24":0,"ieogrado25":0,"ieogrado26":0,"ieogrado41":0,"ieogrado42":0,"ieogrado43":0,"ieogrado44":0,"ieogrado45":0,"ieogrado99":0,"ieomatrtot":101,"ieoestrat0":1,"ieoestrat1":71,"ieoestrat2":17,"ieoestrat3":9,"ieoestrat4":3,"ieoestrat5":0,"ieoestrat6":0,"ieoestrat9":0,"ieofemen":44,"ieomascul":57,"ieoalgdisc":0,"ieonarp":0,"ieoindigen":1,"ieofecha":"2024-04-03Z"}},{"type":"Feature","id":"esf_establecimiento_educativo.fid--215d4958_1a0d9e21907_-7568","geometry":{"type":"Point","coordinates":[-76.59835172,3.52139022]},"geometry_name":"the_geom","properties":{"gid":356,"eecoddane":"276001010994","eenomins":"Institucion Educativa Francisco Jose Lloreda Mera","eecodanant":"276001005150","eeconsede":"27600101099400","eenomsede":"Ignacio Herrera Y Vergara","eeidclasede":"SEDE","eeclasede":"Sede","eeidestado":"OF","eeestado":"Oficial","eedirecc":"VEREDA ALTO AGUACATAL CORREGIMIENTO LA ELVIRA","eenomcorto":"SD Ignacio Herrera Y Vergara","eeidestado2":"SEDOF","eeestado2":"Sede - Oficial","eeidcomcor":"61","ecrcomcor":"Correg. La Elvira","eeidbarver":"6103","eebarver":"Alto Aguacatal","eefecact":"2023-06-30Z","ieogrado_2":0,"ieogrado_1":0,"ieogrado0":0,"ieogrado1":10,"ieogrado2":12,"ieogrado3":13,"ieogrado4":6,"ieogrado5":8,"ieogrado6":0,"ieogrado7":0,"ieogrado8":0,"ieogrado9":0,"ieogrado10":0,"ieogrado11":0,"ieogrado21":0,"ieogrado22":0,"ieogrado23":0,"ieogrado24":4,"ieogrado25":4,"ieogrado26":0,"ieogrado41":0,"ieogrado42":0,"ieogrado43":0,"ieogrado44":0,"ieogrado45":0,"ieogrado99":0,"ieomatrtot":57,"ieoestrat0":3,"ieoestrat1":25,"ieoestrat2":18,"ieoestrat3":6,"ieoestrat4":0,"ieoestrat5":0,"ieoestrat6":0,"ieoestrat9":5,"ieofemen":23,"ieomascul":34,"ieoalgdisc":0,"ieonarp":0,"ieoindigen":0,"ieofecha":"2024-04-03Z"}}],"totalFeatures":356,"numberMatched":356,"numberReturned":356,"timeStamp":"2026-09-25T18:59:44.938Z","crs":{"type":"name","properties":{"name":"urn:ogc:def:crs:EPSG::4326"}}}