{"type":"FeatureCollection","features":[{"type":"Feature","id":"pmih_barrios_precarios.1","geometry":{"type":"MultiPolygon","coordinates":[[[[-76.55955609,3.37960257],[-76.55949512,3.37961102],[-76.55946856,3.37962659],[-76.55942724,3.37965081],[-76.55936124,3.37970387],[-76.55933672,3.37974556],[-76.55934049,3.37983652],[-76.55936123,3.37989906],[-76.55940649,3.3799578],[-76.55943854,3.37999002],[-76.55948568,3.38002792],[-76.55952151,3.38006393],[-76.55952716,3.3801151],[-76.5595215,3.38016626],[-76.55951396,3.38020985],[-76.55951585,3.38025343],[-76.55952904,3.38030649],[-76.55954413,3.38035387],[-76.55955355,3.38043157],[-76.55955732,3.38052632],[-76.55955543,3.38055095],[-76.55952526,3.38056232],[-76.55949321,3.3805339],[-76.55946115,3.38048652],[-76.55943664,3.38045999],[-76.55937442,3.38042588],[-76.5593367,3.3804145],[-76.55929522,3.38039555],[-76.55925939,3.38036523],[-76.55924619,3.38033491],[-76.55922168,3.38030459],[-76.55920471,3.38028564],[-76.55914437,3.38025342],[-76.55910289,3.38021741],[-76.55905952,3.38017383],[-76.5590218,3.3801435],[-76.55891809,3.38008476],[-76.55883324,3.38002222],[-76.55876347,3.37997105],[-76.55870313,3.37991799],[-76.55868428,3.37990662],[-76.55864656,3.37989714],[-76.55861828,3.37990661],[-76.55864468,3.37996915],[-76.55867673,3.38004116],[-76.55868616,3.38009991],[-76.55869181,3.38015107],[-76.5587069,3.38021172],[-76.55872575,3.3802951],[-76.55873329,3.38042586],[-76.5587446,3.38055851],[-76.55874648,3.38066463],[-76.55874648,3.38068737],[-76.55873826,3.38071766],[-76.55873817,3.38071746],[-76.55873755,3.38071961],[-76.5587356,3.38071527],[-76.55866663,3.3806498],[-76.55858041,3.38057662],[-76.55852101,3.38052848],[-76.55846736,3.38046493],[-76.55843287,3.38039465],[-76.55838689,3.38030992],[-76.55834091,3.38021268],[-76.5582796,3.38009714],[-76.55820679,3.38000086],[-76.55811099,3.37990458],[-76.5580037,3.37981215],[-76.55788873,3.37971972],[-76.55780826,3.37963499],[-76.55771246,3.37953485],[-76.55758984,3.37940391],[-76.55755152,3.37935384],[-76.55746721,3.37939235],[-76.55731776,3.37946552],[-76.55716682,3.37951148],[-76.55714255,3.37949319],[-76.55709165,3.3794804],[-76.55702653,3.3794631],[-76.55696215,3.37944805],[-76.55692547,3.37942021],[-76.55686334,3.3793841],[-76.55681019,3.37935175],[-76.55679086,3.37933808],[-76.55678998,3.37933746],[-76.55676153,3.37932391],[-76.55671063,3.37931639],[-76.55667096,3.37930811],[-76.55663727,3.37929758],[-76.55655456,3.37924868],[-76.55649692,3.37922234],[-76.55644826,3.37921106],[-76.55640185,3.37920278],[-76.55636517,3.37920128],[-76.55631202,3.37919601],[-76.55626411,3.37918999],[-76.55621845,3.37917419],[-76.55620647,3.37916967],[-76.55611328,3.37912754],[-76.55604965,3.37909745],[-76.55601072,3.37907337],[-76.55597629,3.37905381],[-76.5559456,3.37901469],[-76.55590031,3.37894247],[-76.55589457,3.37893551],[-76.55588877,3.3789286],[-76.55588292,3.37892172],[-76.55587703,3.37891489],[-76.55587108,3.3789081],[-76.55586509,3.37890136],[-76.55585904,3.37889466],[-76.55585295,3.378888],[-76.55584682,3.37888138],[-76.55584063,3.37887482],[-76.5558344,3.37886829],[-76.55582812,3.37886181],[-76.5558218,3.37885538],[-76.55581543,3.37884899],[-76.55580901,3.37884265],[-76.55580255,3.37883636],[-76.55579604,3.37883011],[-76.55578949,3.37882391],[-76.5557829,3.37881776],[-76.55577626,3.37881165],[-76.55576958,3.37880559],[-76.55576109,3.37879803],[-76.55565778,3.37871978],[-76.55557993,3.37868066],[-76.5554946,3.37865207],[-76.55540777,3.37865056],[-76.55536285,3.37865658],[-76.55530371,3.37866861],[-76.55525431,3.37865357],[-76.55521388,3.37864153],[-76.55517945,3.37862498],[-76.55514352,3.37860542],[-76.55510739,3.37861643],[-76.55504095,3.37861761],[-76.55503195,3.37861769],[-76.55502295,3.37861771],[-76.55501395,3.37861764],[-76.55500496,3.37861751],[-76.55499596,3.3786173],[-76.55498697,3.37861701],[-76.55497797,3.37861666],[-76.55496899,3.37861623],[-76.55496,3.37861572],[-76.55495102,3.37861514],[-76.55494205,3.37861449],[-76.55493308,3.37861376],[-76.55492411,3.37861297],[-76.55491516,3.37861209],[-76.55490621,3.37861115],[-76.55489727,3.37861013],[-76.55488833,3.37860904],[-76.55487941,3.37860787],[-76.5548705,3.37860663],[-76.55486159,3.37860532],[-76.5548527,3.37860393],[-76.55484382,3.37860248],[-76.55483495,3.37860095],[-76.55482609,3.37859934],[-76.55481725,3.37859767],[-76.55480842,3.37859592],[-76.55479961,3.3785941],[-76.55479081,3.3785922],[-76.55478203,3.37859024],[-76.55477326,3.3785882],[-76.55476451,3.37858609],[-76.55475577,3.37858391],[-76.55474706,3.37858166],[-76.55473836,3.37857934],[-76.55472968,3.37857694],[-76.55472103,3.37857448],[-76.55471239,3.37857194],[-76.55470377,3.37856933],[-76.55469518,3.37856666],[-76.55468465,3.37856327],[-76.55448521,3.37849228],[-76.5544481,3.37846095],[-76.55435528,3.37843988],[-76.55425946,3.37844891],[-76.5541846,3.3784489],[-76.55413071,3.37843988],[-76.55401693,3.37841279],[-76.55393009,3.37841278],[-76.55366809,3.37842481],[-76.55337465,3.37840374],[-76.55318601,3.37840373],[-76.55306025,3.37841576],[-76.55283867,3.37842478],[-76.55271291,3.37841575],[-76.55263207,3.37838565],[-76.55253026,3.3783375],[-76.55245241,3.37830741],[-76.55236558,3.37827129],[-76.5523027,3.37825323],[-76.55223982,3.37824421],[-76.55218892,3.37822314],[-76.55213366,3.37820239],[-76.5521336,3.37820236],[-76.55213354,3.37819879],[-76.55213366,3.37819884],[-76.55213367,3.37794576],[-76.55218768,3.3776202],[-76.55220568,3.37752072],[-76.55223268,3.37739412],[-76.55225068,3.37726751],[-76.55234068,3.37681534],[-76.55235869,3.37668873],[-76.55238569,3.37655308],[-76.55242169,3.37640839],[-76.55244869,3.37631796],[-76.55247569,3.37620944],[-76.55251169,3.37603761],[-76.55252969,3.37601048],[-76.55255669,3.37588388],[-76.55256569,3.37585675],[-76.55272769,3.37502476],[-76.55275469,3.37497954],[-76.55278169,3.37496146],[-76.55280869,3.37493433],[-76.55283568,3.37489816],[-76.55284468,3.37486198],[-76.55285368,3.37483485],[-76.55285368,3.37479868],[-76.55283569,3.37475346],[-76.5527907,3.37467207],[-76.55276371,3.37459068],[-76.55273671,3.37451833],[-76.55269172,3.37439172],[-76.55268273,3.37435554],[-76.55269173,3.37431033],[-76.55270073,3.3742832],[-76.55272772,3.37425607],[-76.55274572,3.37424703],[-76.55284471,3.37421086],[-76.5528897,3.37419277],[-76.5529347,3.37418373],[-76.55298869,3.37417469],[-76.55297069,3.3740933],[-76.5529707,3.37404808],[-76.5529707,3.37397573],[-76.5529887,3.3739486],[-76.5530067,3.37389434],[-76.55304269,3.37383104],[-76.55310569,3.37373156],[-76.55313269,3.37369539],[-76.55315068,3.37365922],[-76.55316868,3.373614],[-76.55318668,3.37358687],[-76.55324067,3.3735507],[-76.55330367,3.37350549],[-76.55333966,3.37346932],[-76.55342965,3.37340601],[-76.55352864,3.37332463],[-76.55360063,3.37327941],[-76.55369062,3.37320707],[-76.55373561,3.37318898],[-76.55375361,3.37318898],[-76.55378061,3.37317994],[-76.5538076,3.37317994],[-76.55388859,3.37317995],[-76.55393358,3.37317995],[-76.55396958,3.37317995],[-76.55402357,3.37317091],[-76.55407756,3.37317091],[-76.55412256,3.37316187],[-76.55418555,3.37314378],[-76.55421255,3.3731257],[-76.55424854,3.37308953],[-76.55426654,3.37303527],[-76.55429354,3.37299909],[-76.55431154,3.37298101],[-76.55432054,3.37290866],[-76.5544523,3.37298222],[-76.55446569,3.37299111],[-76.55447315,3.37299617],[-76.55448058,3.37300127],[-76.55448798,3.37300642],[-76.55449535,3.37301161],[-76.55450268,3.37301685],[-76.55450998,3.37302213],[-76.55451725,3.37302746],[-76.55452449,3.37303284],[-76.55453169,3.37303826],[-76.55453886,3.37304372],[-76.554546,3.37304923],[-76.5545531,3.37305478],[-76.55456017,3.37306038],[-76.55456721,3.37306602],[-76.5545742,3.3730717],[-76.55458117,3.37307743],[-76.5545881,3.3730832],[-76.55459499,3.37308902],[-76.55460185,3.37309487],[-76.55460867,3.37310077],[-76.55461545,3.37310671],[-76.55462513,3.37311178],[-76.55463318,3.37311583],[-76.55464128,3.37311976],[-76.55464944,3.37312358],[-76.55465766,3.37312727],[-76.55466592,3.37313084],[-76.55467424,3.3731343],[-76.5546826,3.37313763],[-76.55469102,3.37314084],[-76.55469947,3.37314393],[-76.55470797,3.3731469],[-76.55471652,3.37314974],[-76.5547251,3.37315246],[-76.55473372,3.37315505],[-76.55474238,3.37315752],[-76.55475107,3.37315986],[-76.55475979,3.37316207],[-76.55476855,3.37316416],[-76.55477733,3.37316612],[-76.55478615,3.37316796],[-76.55479498,3.37316966],[-76.55480384,3.37317124],[-76.55481273,3.37317268],[-76.55482163,3.373174],[-76.55483055,3.37317519],[-76.55483949,3.37317625],[-76.55484844,3.37317718],[-76.5548574,3.37317798],[-76.55486637,3.37317865],[-76.55487536,3.37317919],[-76.55488435,3.3731796],[-76.55489365,3.37318102],[-76.55490256,3.37318231],[-76.55491148,3.37318355],[-76.5549204,3.37318472],[-76.55492933,3.37318583],[-76.55493827,3.37318688],[-76.55494721,3.37318787],[-76.55495616,3.37318879],[-76.55496512,3.37318966],[-76.55497408,3.37319046],[-76.55498305,3.3731912],[-76.55499202,3.37319188],[-76.555001,3.37319249],[-76.55500998,3.37319305],[-76.55501897,3.37319354],[-76.55502796,3.37319397],[-76.55503695,3.37319434],[-76.55504594,3.37319465],[-76.55505494,3.3731949],[-76.55506393,3.37319508],[-76.55507293,3.3731952],[-76.55508193,3.37319526],[-76.55509093,3.37319526],[-76.55509993,3.37319519],[-76.55510892,3.37319507],[-76.55511792,3.37319488],[-76.55512692,3.37319463],[-76.55513591,3.37319432],[-76.5551449,3.37319394],[-76.55515389,3.37319351],[-76.55516287,3.37319301],[-76.55517186,3.37319245],[-76.55518083,3.37319182],[-76.55518981,3.37319114],[-76.55519877,3.37319039],[-76.55520774,3.37318959],[-76.55521669,3.37318872],[-76.55522801,3.37319101],[-76.5552368,3.37319293],[-76.55524557,3.37319495],[-76.55525432,3.37319707],[-76.55526304,3.3731993],[-76.55527173,3.37320164],[-76.5552804,3.37320408],[-76.55528903,3.37320663],[-76.55529763,3.37320928],[-76.5553062,3.37321203],[-76.55531474,3.37321489],[-76.55532324,3.37321786],[-76.55533171,3.37322092],[-76.55534014,3.37322409],[-76.55534853,3.37322736],[-76.55535688,3.37323073],[-76.55536519,3.37323421],[-76.55537345,3.37323778],[-76.55538167,3.37324145],[-76.55538985,3.37324522],[-76.55539799,3.3732491],[-76.55540607,3.37325306],[-76.55541411,3.37325713],[-76.55542209,3.3732613],[-76.55543003,3.37326556],[-76.55543792,3.37326992],[-76.55544575,3.37327437],[-76.55545353,3.37327892],[-76.55546125,3.37328356],[-76.55546892,3.37328829],[-76.55547653,3.37329312],[-76.55548408,3.37329804],[-76.55549536,3.37330385],[-76.5555034,3.37330791],[-76.55551147,3.37331192],[-76.55551956,3.37331587],[-76.55552768,3.37331976],[-76.55553583,3.3733236],[-76.555544,3.37332739],[-76.5555522,3.37333112],[-76.55556042,3.37333479],[-76.55556867,3.3733384],[-76.55557694,3.37334197],[-76.55558524,3.37334547],[-76.55559356,3.37334892],[-76.5556019,3.37335231],[-76.55561026,3.37335564],[-76.55561865,3.37335892],[-76.55562706,3.37336214],[-76.55563549,3.3733653],[-76.55564394,3.37336841],[-76.55565242,3.37337145],[-76.55566091,3.37337444],[-76.55566942,3.37337737],[-76.55567795,3.37338025],[-76.5556865,3.37338306],[-76.55569624,3.37338611],[-76.55570487,3.37338865],[-76.55571355,3.37339106],[-76.55572226,3.37339333],[-76.555731,3.37339546],[-76.55573978,3.37339745],[-76.55574859,3.37339931],[-76.55575742,3.37340102],[-76.55576628,3.37340259],[-76.55577517,3.37340402],[-76.55578408,3.37340531],[-76.555793,3.37340646],[-76.55580194,3.37340747],[-76.5558109,3.37340833],[-76.55581987,3.37340905],[-76.55582885,3.37340963],[-76.55583784,3.37341007],[-76.55584683,3.37341037],[-76.55585583,3.37341052],[-76.55586483,3.37341053],[-76.55587383,3.3734104],[-76.55588913,3.37340953],[-76.55589809,3.37340876],[-76.55590704,3.37340779],[-76.55591596,3.37340662],[-76.55592486,3.37340525],[-76.55593372,3.37340369],[-76.55594255,3.37340193],[-76.55595133,3.37339998],[-76.55596007,3.37339783],[-76.55596877,3.37339549],[-76.55597741,3.37339297],[-76.55598599,3.37339025],[-76.55599451,3.37338734],[-76.55600296,3.37338424],[-76.55601135,3.37338096],[-76.55601966,3.37337749],[-76.55602789,3.37337385],[-76.55603605,3.37337002],[-76.55604411,3.37336601],[-76.55605209,3.37336182],[-76.55606534,3.37335349],[-76.55607304,3.37334881],[-76.55608078,3.37334421],[-76.55608858,3.3733397],[-76.55609643,3.37333528],[-76.55610433,3.37333094],[-76.55611227,3.37332669],[-76.55612026,3.37332253],[-76.5561283,3.37331845],[-76.55613637,3.37331447],[-76.5561445,3.37331058],[-76.55615266,3.37330677],[-76.55616086,3.37330306],[-76.55616911,3.37329944],[-76.55617739,3.3732959],[-76.55618571,3.37329246],[-76.55619407,3.37328912],[-76.55620247,3.37328586],[-76.5562109,3.3732827],[-76.55621936,3.37327963],[-76.55622786,3.37327665],[-76.55623639,3.37327377],[-76.55624844,3.37327329],[-76.55625744,3.37327327],[-76.55626643,3.37327353],[-76.55627541,3.37327408],[-76.55628437,3.37327491],[-76.5562933,3.37327602],[-76.55630219,3.37327742],[-76.55631103,3.3732791],[-76.55631982,3.37328106],[-76.55632854,3.37328329],[-76.55633718,3.37328581],[-76.55634574,3.37328859],[-76.55635421,3.37329165],[-76.55636258,3.37329497],[-76.55637084,3.37329856],[-76.55637899,3.3733024],[-76.556387,3.37330651],[-76.55639489,3.37331086],[-76.55640263,3.37331546],[-76.55641023,3.37332031],[-76.55641767,3.3733254],[-76.55643108,3.37333057],[-76.55643949,3.37333377],[-76.55644792,3.37333695],[-76.55645636,3.37334009],[-76.5564648,3.3733432],[-76.55647326,3.37334629],[-76.55648173,3.37334934],[-76.55649021,3.37335236],[-76.55649871,3.37335536],[-76.55650721,3.37335832],[-76.55651572,3.37336125],[-76.55652424,3.37336416],[-76.55653277,3.37336703],[-76.55654132,3.37336988],[-76.55654987,3.37337269],[-76.55655843,3.37337547],[-76.556567,3.37337823],[-76.55657558,3.37338095],[-76.55658417,3.37338364],[-76.55659277,3.3733863],[-76.55660138,3.37338893],[-76.55661,3.37339154],[-76.55661863,3.37339411],[-76.55662726,3.37339665],[-76.55663591,3.37339916],[-76.55664456,3.37340164],[-76.55665323,3.37340409],[-76.5566619,3.3734065],[-76.55667058,3.37340889],[-76.55667926,3.37341125],[-76.55668796,3.37341357],[-76.55669666,3.37341587],[-76.55670538,3.37341813],[-76.5567141,3.37342037],[-76.55672282,3.37342257],[-76.55673141,3.37342533],[-76.55674,3.37342801],[-76.55674862,3.37343063],[-76.55675725,3.37343317],[-76.55676591,3.37343563],[-76.55677459,3.37343803],[-76.55678328,3.37344036],[-76.556792,3.37344261],[-76.55680073,3.37344479],[-76.55680948,3.37344689],[-76.55681825,3.37344893],[-76.55682703,3.37345089],[-76.55683584,3.37345278],[-76.55684465,3.3734546],[-76.55685348,3.37345634],[-76.55686232,3.37345801],[-76.55687118,3.37345961],[-76.55688005,3.37346113],[-76.55688893,3.37346258],[-76.55689783,3.37346395],[-76.55690673,3.37346526],[-76.55691565,3.37346648],[-76.55692457,3.37346764],[-76.55693351,3.37346872],[-76.55694245,3.37346972],[-76.5569514,3.37347066],[-76.55696036,3.37347151],[-76.55696932,3.3734723],[-76.55697829,3.37347301],[-76.55698727,3.37347364],[-76.55699625,3.3734742],[-76.55701315,3.37347386],[-76.55702214,3.37347364],[-76.55703114,3.37347337],[-76.55704013,3.37347308],[-76.55704912,3.37347275],[-76.55705811,3.37347239],[-76.5570671,3.37347199],[-76.55707609,3.37347157],[-76.55708508,3.3734711],[-76.55709406,3.37347061],[-76.55710305,3.37347008],[-76.55711203,3.37346952],[-76.55712101,3.37346892],[-76.55712999,3.37346829],[-76.55713896,3.37346763],[-76.55714793,3.37346694],[-76.5571569,3.37346621],[-76.55716587,3.37346544],[-76.55717483,3.37346465],[-76.55718379,3.37346382],[-76.55719275,3.37346296],[-76.5572017,3.37346206],[-76.55721463,3.37346269],[-76.55722363,3.373463],[-76.55723262,3.37346323],[-76.55724162,3.37346335],[-76.55725062,3.37346338],[-76.55725962,3.37346332],[-76.55726861,3.37346315],[-76.55727761,3.3734629],[-76.5572866,3.37346254],[-76.55729559,3.3734621],[-76.55730457,3.37346155],[-76.55731355,3.37346091],[-76.55732251,3.37346018],[-76.55733147,3.37345935],[-76.55734043,3.37345842],[-76.55734937,3.3734574],[-76.5573583,3.37345629],[-76.55736721,3.37345507],[-76.55737612,3.37345377],[-76.55738501,3.37345237],[-76.55739388,3.37345087],[-76.55740274,3.37344928],[-76.55741158,3.3734476],[-76.55742041,3.37344582],[-76.55742921,3.37344395],[-76.55743799,3.37344199],[-76.55744676,3.37343993],[-76.5574555,3.37343778],[-76.55746492,3.37343544],[-76.55747365,3.37343323],[-76.55748236,3.37343097],[-76.55749106,3.37342866],[-76.55749975,3.37342631],[-76.55750843,3.37342391],[-76.55751709,3.37342146],[-76.55752574,3.37341897],[-76.55753438,3.37341644],[-76.557543,3.37341386],[-76.55755162,3.37341123],[-76.55756021,3.37340856],[-76.5575688,3.37340584],[-76.55757736,3.37340308],[-76.55758592,3.37340027],[-76.55759446,3.37339742],[-76.55760298,3.37339452],[-76.55761149,3.37339157],[-76.55761998,3.37338859],[-76.55762846,3.37338555],[-76.55763692,3.37338247],[-76.55764537,3.37337935],[-76.55765379,3.37337618],[-76.55766221,3.37337297],[-76.5576706,3.37336972],[-76.55767898,3.37336642],[-76.55768734,3.37336307],[-76.55769568,3.37335968],[-76.55770401,3.37335625],[-76.55771231,3.37335277],[-76.55772234,3.37334929],[-76.55773117,3.37334759],[-76.55774015,3.37334708],[-76.55774912,3.37334776],[-76.55775792,3.37334963],[-76.5577585,3.37334983],[-76.5577664,3.37335264],[-76.5577744,3.37335675],[-76.55778181,3.37336188],[-76.55779018,3.3733689],[-76.55779707,3.37337471],[-76.55780395,3.37338055],[-76.55781081,3.3733864],[-76.55781765,3.37339227],[-76.55782448,3.37339816],[-76.55783129,3.37340407],[-76.55783808,3.37341],[-76.55784486,3.37341595],[-76.55785162,3.37342192],[-76.55785837,3.37342791],[-76.55786509,3.37343391],[-76.5578718,3.37343994],[-76.5578785,3.37344598],[-76.55788517,3.37345204],[-76.55789183,3.37345813],[-76.55789848,3.37346423],[-76.5579051,3.37347035],[-76.55791171,3.37347649],[-76.5579183,3.37348264],[-76.55792487,3.37348882],[-76.55793143,3.37349501],[-76.55793797,3.37350122],[-76.55794449,3.37350746],[-76.557951,3.37351371],[-76.55795839,3.37351937],[-76.55796556,3.37352484],[-76.55797274,3.3735303],[-76.55797992,3.37353574],[-76.55798712,3.37354117],[-76.55799432,3.37354659],[-76.55800154,3.37355199],[-76.55800877,3.37355738],[-76.558016,3.37356276],[-76.55802325,3.37356812],[-76.5580305,3.37357347],[-76.55803777,3.37357881],[-76.55804504,3.37358413],[-76.55805232,3.37358944],[-76.55805962,3.37359474],[-76.55806692,3.37360003],[-76.55807423,3.3736053],[-76.55808155,3.37361055],[-76.55808888,3.3736158],[-76.55809622,3.37362103],[-76.55810357,3.37362625],[-76.55811093,3.37363145],[-76.5581183,3.37363664],[-76.55812568,3.37364182],[-76.55813307,3.37364698],[-76.55814047,3.37365213],[-76.55814787,3.37365727],[-76.55815529,3.37366239],[-76.55816271,3.3736675],[-76.55817015,3.3736726],[-76.55817759,3.37367768],[-76.5581919,3.37368605],[-76.55819951,3.37369087],[-76.55820701,3.37369587],[-76.55821438,3.37370105],[-76.55822163,3.37370642],[-76.55822874,3.37371196],[-76.55823572,3.37371767],[-76.55824255,3.37372355],[-76.55824924,3.3737296],[-76.55825578,3.37373581],[-76.55826217,3.37374218],[-76.5582684,3.3737487],[-76.55827447,3.37375537],[-76.55828038,3.3737622],[-76.55828612,3.37376916],[-76.55829169,3.37377626],[-76.55829709,3.3737835],[-76.5583023,3.37379087],[-76.55830734,3.37379836],[-76.5583122,3.37380598],[-76.55831687,3.37381371],[-76.55832134,3.37382155],[-76.55832563,3.3738295],[-76.55833279,3.37384422],[-76.55833664,3.37385239],[-76.55834042,3.3738606],[-76.55834414,3.37386883],[-76.55834778,3.3738771],[-76.55835136,3.3738854],[-76.55835487,3.37389373],[-76.5583583,3.37390209],[-76.55836166,3.37391048],[-76.55836496,3.37391889],[-76.55836818,3.37392734],[-76.55837133,3.37393581],[-76.55837441,3.3739443],[-76.55837742,3.37395283],[-76.55838035,3.37396138],[-76.55838321,3.37396995],[-76.558386,3.37397855],[-76.55838872,3.37398717],[-76.55839136,3.37399581],[-76.55839394,3.37400448],[-76.55839643,3.37401317],[-76.55839886,3.37402188],[-76.55840121,3.37403061],[-76.55840349,3.37403935],[-76.55840569,3.37404812],[-76.55840845,3.3740572],[-76.5584111,3.37406585],[-76.55841375,3.37407449],[-76.55841642,3.37408312],[-76.55841911,3.37409176],[-76.5584218,3.37410039],[-76.55842451,3.37410901],[-76.55842723,3.37411763],[-76.55842996,3.37412625],[-76.55843271,3.37413486],[-76.55843547,3.37414347],[-76.55843824,3.37415207],[-76.55844102,3.37416067],[-76.55844382,3.37416927],[-76.55844663,3.37417786],[-76.55844945,3.37418645],[-76.55845228,3.37419503],[-76.55845513,3.37420361],[-76.55845799,3.37421218],[-76.55846086,3.37422075],[-76.55846375,3.37422932],[-76.55846665,3.37423788],[-76.55846955,3.37424644],[-76.55847248,3.37425499],[-76.55847541,3.37426354],[-76.55847836,3.37427208],[-76.55848132,3.37428062],[-76.5584843,3.37428916],[-76.55848728,3.37429769],[-76.55849028,3.37430622],[-76.55849478,3.37432036],[-76.55849766,3.37432893],[-76.55850066,3.37433745],[-76.55850376,3.37434594],[-76.55850697,3.37435439],[-76.55851029,3.37436279],[-76.55851372,3.37437116],[-76.55851725,3.37437947],[-76.55852089,3.37438775],[-76.55852464,3.37439597],[-76.55852849,3.37440414],[-76.55853244,3.37441227],[-76.5585365,3.37442034],[-76.55854066,3.37442836],[-76.55854492,3.37443632],[-76.55854928,3.37444423],[-76.55855375,3.37445208],[-76.55855831,3.37445988],[-76.55856298,3.37446761],[-76.55856774,3.37447528],[-76.5585726,3.37448289],[-76.55857756,3.37449044],[-76.55858261,3.37449793],[-76.55858776,3.37450534],[-76.558593,3.37451269],[-76.55860146,3.37452097],[-76.55860793,3.37452725],[-76.55861442,3.37453351],[-76.55862094,3.37453975],[-76.55862747,3.37454596],[-76.55863403,3.37455216],[-76.55864061,3.37455833],[-76.55864721,3.37456448],[-76.55865382,3.37457061],[-76.55866046,3.37457671],[-76.55866712,3.3745828],[-76.5586738,3.37458886],[-76.5586805,3.3745949],[-76.55868721,3.37460091],[-76.55869395,3.37460691],[-76.55870071,3.37461288],[-76.55870749,3.37461883],[-76.55871429,3.37462475],[-76.55872111,3.37463065],[-76.55872794,3.37463653],[-76.5587348,3.37464239],[-76.55874168,3.37464822],[-76.55874857,3.37465403],[-76.55875549,3.37465982],[-76.55876242,3.37466559],[-76.55876937,3.37467133],[-76.55877635,3.37467704],[-76.55878334,3.37468274],[-76.55879102,3.37468818],[-76.55879828,3.37469353],[-76.55880543,3.37469902],[-76.55881247,3.37470465],[-76.5588194,3.37471042],[-76.55882621,3.37471633],[-76.55883291,3.37472236],[-76.5588395,3.37472853],[-76.55884596,3.37473482],[-76.5588523,3.37474124],[-76.55885851,3.37474778],[-76.5588646,3.37475444],[-76.55887055,3.37476122],[-76.55887638,3.37476811],[-76.55888207,3.37477512],[-76.55888762,3.37478224],[-76.55889303,3.37478946],[-76.5588983,3.37479679],[-76.55890343,3.37480422],[-76.55890841,3.37481175],[-76.55891325,3.37481938],[-76.55892229,3.37483214],[-76.55892745,3.37483955],[-76.55893258,3.37484698],[-76.55893767,3.37485444],[-76.55894271,3.37486193],[-76.55894772,3.37486944],[-76.55895269,3.37487698],[-76.55895762,3.37488455],[-76.55896251,3.37489214],[-76.55896736,3.37489976],[-76.55897217,3.3749074],[-76.55897694,3.37491507],[-76.55898167,3.37492276],[-76.55898636,3.37493048],[-76.55899101,3.37493823],[-76.55899561,3.37494599],[-76.55900018,3.37495378],[-76.55900471,3.3749616],[-76.55900919,3.37496944],[-76.55901364,3.3749773],[-76.55901804,3.37498519],[-76.5590224,3.3749931],[-76.55902672,3.37500103],[-76.559031,3.37500899],[-76.55903524,3.37501697],[-76.55903943,3.37502497],[-76.55904358,3.37503299],[-76.55904769,3.37504104],[-76.55905209,3.37505207],[-76.55905561,3.37506039],[-76.55905929,3.37506864],[-76.55906311,3.37507683],[-76.55906708,3.37508494],[-76.5590712,3.37509299],[-76.55907546,3.37510095],[-76.55907986,3.37510884],[-76.55908441,3.37511664],[-76.5590891,3.37512436],[-76.55909392,3.37513199],[-76.55909889,3.37513954],[-76.55910399,3.37514699],[-76.55910922,3.37515434],[-76.55911459,3.3751616],[-76.55912008,3.37516876],[-76.55912571,3.37517582],[-76.55913146,3.37518277],[-76.55913734,3.37518962],[-76.55914334,3.37519636],[-76.55914946,3.37520299],[-76.55915571,3.3752095],[-76.55916206,3.3752159],[-76.55916854,3.37522218],[-76.55917512,3.37522834],[-76.55918182,3.37523439],[-76.55918862,3.3752403],[-76.55919554,3.37524609],[-76.55920255,3.37525176],[-76.55920967,3.37525729],[-76.55921688,3.3752627],[-76.55922376,3.37526875],[-76.55923046,3.37527478],[-76.5592371,3.37528089],[-76.55924366,3.37528708],[-76.55925016,3.37529333],[-76.55925659,3.37529966],[-76.55926294,3.37530607],[-76.55926923,3.37531254],[-76.55927544,3.37531908],[-76.55928158,3.3753257],[-76.55928764,3.37533238],[-76.55929363,3.37533913],[-76.55929954,3.37534594],[-76.55930538,3.37535283],[-76.55931114,3.37535977],[-76.55931682,3.37536679],[-76.55932242,3.37537386],[-76.55932795,3.375381],[-76.55933339,3.3753882],[-76.55933875,3.37539546],[-76.55934404,3.37540279],[-76.55934924,3.37541017],[-76.55935435,3.3754176],[-76.55935939,3.3754251],[-76.55936434,3.37543265],[-76.55936921,3.37544026],[-76.55937399,3.37544792],[-76.55937993,3.37546156],[-76.55938348,3.37546987],[-76.55938697,3.3754782],[-76.55939041,3.37548656],[-76.5593938,3.37549494],[-76.55939713,3.37550334],[-76.55940042,3.37551176],[-76.55940365,3.3755202],[-76.55940682,3.37552866],[-76.55940995,3.37553714],[-76.55941302,3.37554564],[-76.55941604,3.37555416],[-76.55941901,3.37556269],[-76.55942193,3.37557125],[-76.55942479,3.37557982],[-76.55942759,3.37558842],[-76.55943035,3.37559703],[-76.55943305,3.37560565],[-76.55943569,3.3756143],[-76.55943829,3.37562296],[-76.55944083,3.37563163],[-76.55944331,3.37564032],[-76.55944574,3.37564903],[-76.55944812,3.37565775],[-76.55945044,3.37566649],[-76.55945271,3.37567524],[-76.55945492,3.37568401],[-76.55945708,3.37569279],[-76.55945919,3.37570158],[-76.55946124,3.37571039],[-76.55946323,3.3757192],[-76.55946517,3.37572803],[-76.55946706,3.37573688],[-76.55946889,3.37574573],[-76.55947066,3.3757546],[-76.55953863,3.376122],[-76.5596202,3.37634366],[-76.55971385,3.37655924],[-76.55983772,3.37689021],[-76.55992533,3.37706632],[-76.56002805,3.37727584],[-76.56007847,3.3773434],[-76.56011544,3.37739294],[-76.56011867,3.37737768],[-76.56016613,3.37744855],[-76.56058042,3.37792771],[-76.5607975,3.37801114],[-76.56100672,3.37805886],[-76.56115669,3.37814623],[-76.56129872,3.37832087],[-76.56138148,3.37859864],[-76.56139884,3.37874438],[-76.56144436,3.37912634],[-76.5614363,3.3794477],[-76.56139672,3.37963812],[-76.5613374,3.37983249],[-76.56115572,3.37997522],[-76.56088331,3.37999095],[-76.56072536,3.38007021],[-76.56058716,3.38010188],[-76.56046086,3.3800423],[-76.56038591,3.37993514],[-76.56026359,3.37982398],[-76.56010572,3.37972868],[-76.55990837,3.37966509],[-76.55962019,3.37962526],[-76.55956454,3.37962868],[-76.55955609,3.37960257]]]]},"geometry_name":"the_geom","properties":{"bpcodigo":"1897","bpnombre":"Sector Alto Jordán","bpcomuna":18,"bpestramod":1,"bpupu":13,"bpobserv":"Estudio técnico urbanistico de diagnostico Contrato Interadministrativo No. 4147.010.26.1.279-2020","bparea":52.6434818617,"bpperim":3419.47391322}},{"type":"Feature","id":"pmih_barrios_precarios.2","geometry":{"type":"MultiPolygon","coordinates":[[[[-76.5521336,3.37820236],[-76.55205268,3.37817198],[-76.55195088,3.37815392],[-76.55189997,3.37815693],[-76.55182811,3.37815692],[-76.55175325,3.3781509],[-76.55169636,3.37812382],[-76.55165145,3.37810275],[-76.55159157,3.37807567],[-76.55150773,3.37806062],[-76.55143586,3.37804557],[-76.55136699,3.37804557],[-76.55130112,3.37805158],[-76.55124722,3.37806061],[-76.55119333,3.37807264],[-76.55106757,3.37807865],[-76.55096875,3.37807564],[-76.5508939,3.3780636],[-76.55078011,3.37804855],[-76.55066034,3.37802447],[-76.55059447,3.3780004],[-76.55047769,3.37796127],[-76.5503205,3.37791914],[-76.55017977,3.37788302],[-76.55009293,3.37786496],[-76.55002406,3.37784992],[-76.54993124,3.37782885],[-76.549908,3.37782506],[-76.54990838,3.37782156],[-76.54992759,3.3776447],[-76.54994004,3.37751959],[-76.54993967,3.37751973],[-76.54987157,3.37754461],[-76.54976886,3.3775884],[-76.54962305,3.37765982],[-76.54962406,3.37765577],[-76.54964105,3.37758747],[-76.54965905,3.37754226],[-76.54969505,3.37746087],[-76.54973104,3.37737948],[-76.54976704,3.37728905],[-76.54978504,3.37724383],[-76.54989304,3.37699966],[-76.54992903,3.37692732],[-76.55003703,3.37668315],[-76.55006403,3.37659271],[-76.55010002,3.37652037],[-76.55011802,3.3764842],[-76.55013602,3.37640281],[-76.55023502,3.3760682],[-76.55024402,3.37599586],[-76.55028903,3.37576977],[-76.55028902,3.37576622],[-76.55028903,3.37571551],[-76.55028903,3.37571196],[-76.55028903,3.37564316],[-76.55028903,3.37563961],[-76.55028903,3.37559794],[-76.55028903,3.3755944],[-76.55027104,3.37547683],[-76.55025304,3.37542257],[-76.55021705,3.37535022],[-76.55017206,3.37526883],[-76.55011807,3.37519648],[-76.54984813,3.37485282],[-76.54977614,3.37474429],[-76.54974915,3.37471716],[-76.54965917,3.37460864],[-76.54962317,3.37456342],[-76.54955119,3.37448202],[-76.5494882,3.3744368],[-76.54943421,3.37440063],[-76.54935322,3.37435541],[-76.54928123,3.37431923],[-76.54924524,3.37430114],[-76.54920925,3.37427401],[-76.54916425,3.37424688],[-76.54911926,3.37421975],[-76.54907427,3.37417453],[-76.54902928,3.37413835],[-76.54898429,3.37409313],[-76.54891371,3.37410101],[-76.5489393,3.37401529],[-76.5489663,3.3739339],[-76.5489753,3.37388868],[-76.5489843,3.37380729],[-76.5489933,3.37374399],[-76.5490023,3.3737259],[-76.54900175,3.37372346],[-76.5490023,3.37372235],[-76.54895731,3.3735234],[-76.54894832,3.37346009],[-76.54894832,3.37341841],[-76.54894832,3.37341487],[-76.54893033,3.37329731],[-76.54889434,3.37307122],[-76.54887635,3.37297174],[-76.54885836,3.37287227],[-76.54885836,3.37279441],[-76.54885836,3.37279087],[-76.54884058,3.37265685],[-76.54884937,3.37257738],[-76.54885838,3.37248695],[-76.54887638,3.37242364],[-76.54891237,3.3723513],[-76.54894837,3.37227895],[-76.54896637,3.37224278],[-76.54899337,3.37219756],[-76.54902037,3.37215235],[-76.54904736,3.37208904],[-76.54904824,3.37208544],[-76.54918234,3.37207646],[-76.54920934,3.37207646],[-76.54924533,3.37209455],[-76.54926333,3.37209455],[-76.54932632,3.37211264],[-76.54940731,3.37212168],[-76.54963227,3.37214882],[-76.54974925,3.37215787],[-76.54992922,3.37217597],[-76.54998322,3.37218501],[-76.55011819,3.37219406],[-76.55056813,3.37223026],[-76.55067611,3.3722393],[-76.5507391,3.37224835],[-76.55095507,3.37227549],[-76.55109005,3.37228454],[-76.55118903,3.37229358],[-76.55123402,3.37229359],[-76.55130601,3.37230263],[-76.55143199,3.37230264],[-76.55161196,3.37232073],[-76.55165696,3.37232978],[-76.55175594,3.37233883],[-76.55181893,3.37234787],[-76.55190892,3.37234788],[-76.55196291,3.37236596],[-76.55219687,3.3723931],[-76.55229586,3.37241119],[-76.55233185,3.3724112],[-76.55235885,3.37240215],[-76.55239484,3.37239311],[-76.5524107,3.37239611],[-76.55242809,3.37240594],[-76.55246394,3.37241249],[-76.55255629,3.37243324],[-76.55262148,3.37244853],[-76.552741,3.37247365],[-76.55282791,3.37249222],[-76.55287355,3.37249986],[-76.55292027,3.37252061],[-76.55295123,3.37253808],[-76.55297948,3.37256756],[-76.55299795,3.37261124],[-76.55303163,3.37266365],[-76.55305662,3.37270406],[-76.55308921,3.37274664],[-76.55314462,3.37281434],[-76.55320003,3.37288859],[-76.55323262,3.37291917],[-76.55327499,3.3729552],[-76.55330704,3.37296831],[-76.55333095,3.37297377],[-76.55336897,3.37297923],[-76.55341135,3.37297814],[-76.55346785,3.37297596],[-76.55348414,3.37295958],[-76.5535037,3.37293337],[-76.55352543,3.37291699],[-76.55357759,3.37287769],[-76.55364169,3.37282091],[-76.55372644,3.37276195],[-76.55376882,3.37273575],[-76.55381771,3.37272592],[-76.5538905,3.37271828],[-76.55394592,3.37271719],[-76.5540035,3.37272156],[-76.55405674,3.37273576],[-76.55408825,3.37274886],[-76.55411432,3.37276743],[-76.55415235,3.37279254],[-76.55423166,3.3728526],[-76.55432054,3.37290866],[-76.55431154,3.37298101],[-76.55429354,3.37299909],[-76.55426654,3.37303527],[-76.55424854,3.37308953],[-76.55421255,3.3731257],[-76.55418555,3.37314378],[-76.55412256,3.37316187],[-76.55407756,3.37317091],[-76.55402357,3.37317091],[-76.55396958,3.37317995],[-76.55393358,3.37317995],[-76.55388859,3.37317995],[-76.5538076,3.37317994],[-76.55378061,3.37317994],[-76.55375361,3.37318898],[-76.55373561,3.37318898],[-76.55369062,3.37320707],[-76.55360063,3.37327941],[-76.55352864,3.37332463],[-76.55342965,3.37340601],[-76.55333966,3.37346932],[-76.55330367,3.37350549],[-76.55324067,3.3735507],[-76.55318668,3.37358687],[-76.55316868,3.373614],[-76.55315068,3.37365922],[-76.55313269,3.37369539],[-76.55310569,3.37373156],[-76.55304269,3.37383104],[-76.5530067,3.37389434],[-76.5529887,3.3739486],[-76.5529707,3.37397573],[-76.5529707,3.37404808],[-76.55297069,3.3740933],[-76.55298869,3.37417469],[-76.5529347,3.37418373],[-76.5528897,3.37419277],[-76.55284471,3.37421086],[-76.55274572,3.37424703],[-76.55272772,3.37425607],[-76.55270073,3.3742832],[-76.55269173,3.37431033],[-76.55268273,3.37435554],[-76.55269172,3.37439172],[-76.55273671,3.37451833],[-76.55276371,3.37459068],[-76.5527907,3.37467207],[-76.55283569,3.37475346],[-76.55285368,3.37479868],[-76.55285368,3.37483485],[-76.55284468,3.37486198],[-76.55283568,3.37489816],[-76.55280869,3.37493433],[-76.55278169,3.37496146],[-76.55275469,3.37497954],[-76.55272769,3.37502476],[-76.55256569,3.37585675],[-76.55255669,3.37588388],[-76.55252969,3.37601048],[-76.55251169,3.37603761],[-76.55247569,3.37620944],[-76.55244869,3.37631796],[-76.55242169,3.37640839],[-76.55238569,3.37655308],[-76.55235869,3.37668873],[-76.55234068,3.37681534],[-76.55225068,3.37726751],[-76.55223268,3.37739412],[-76.55220568,3.37752072],[-76.55218768,3.3776202],[-76.55213367,3.37794576],[-76.55213366,3.37819884],[-76.55213354,3.37819879],[-76.5521336,3.37820236]]]]},"geometry_name":"the_geom","properties":{"bpcodigo":"1815","bpnombre":"El Jordán","bpcomuna":18,"bpestramod":2,"bpupu":13,"bpobserv":"Estudio técnico urbanistico de diagnostico Contrato Interadministrativo No. 4147.010.26.1.279-2020","bparea":22.389974999,"bpperim":2378.00491072}},{"type":"Feature","id":"pmih_barrios_precarios.3","geometry":{"type":"MultiPolygon","coordinates":[[[[-76.55432054,3.37290866],[-76.55423166,3.3728526],[-76.55415235,3.37279254],[-76.55411432,3.37276743],[-76.55408825,3.37274886],[-76.55405674,3.37273576],[-76.5540035,3.37272156],[-76.55394592,3.37271719],[-76.5538905,3.37271828],[-76.55381771,3.37272592],[-76.55376882,3.37273575],[-76.55372644,3.37276195],[-76.55364169,3.37282091],[-76.55357759,3.37287769],[-76.55352543,3.37291699],[-76.5535037,3.37293337],[-76.55348414,3.37295958],[-76.55346785,3.37297596],[-76.55341135,3.37297814],[-76.55336897,3.37297923],[-76.55333095,3.37297377],[-76.55330704,3.37296831],[-76.55327499,3.3729552],[-76.55323262,3.37291917],[-76.55320003,3.37288859],[-76.55314462,3.37281434],[-76.55308921,3.37274664],[-76.55305662,3.37270406],[-76.55303163,3.37266365],[-76.55299795,3.37261124],[-76.55297948,3.37256756],[-76.55295123,3.37253808],[-76.55292027,3.37252061],[-76.55287355,3.37249986],[-76.55282791,3.37249222],[-76.552741,3.37247365],[-76.55262148,3.37244853],[-76.55255629,3.37243324],[-76.55246394,3.37241249],[-76.55242809,3.37240594],[-76.5524107,3.37239611],[-76.55239484,3.37239311],[-76.55235885,3.37240215],[-76.55233185,3.3724112],[-76.55229586,3.37241119],[-76.55219687,3.3723931],[-76.55196291,3.37236596],[-76.55190892,3.37234788],[-76.55181893,3.37234787],[-76.55175594,3.37233883],[-76.55165696,3.37232978],[-76.55161196,3.37232073],[-76.55143199,3.37230264],[-76.55130601,3.37230263],[-76.55123402,3.37229359],[-76.55118903,3.37229358],[-76.55109005,3.37228454],[-76.55095507,3.37227549],[-76.5507391,3.37224835],[-76.55067611,3.3722393],[-76.55056813,3.37223026],[-76.55011819,3.37219406],[-76.54998322,3.37218501],[-76.54992922,3.37217597],[-76.54974925,3.37215787],[-76.54963227,3.37214882],[-76.54940731,3.37212168],[-76.54932632,3.37211264],[-76.54926333,3.37209455],[-76.54924533,3.37209455],[-76.54920934,3.37207646],[-76.54918234,3.37207646],[-76.54904824,3.37208544],[-76.54908201,3.37194632],[-76.54908704,3.37193857],[-76.54909194,3.37193099],[-76.54909683,3.3719234],[-76.5491017,3.37191579],[-76.54910656,3.37190818],[-76.54911141,3.37190056],[-76.54911624,3.37189293],[-76.54912106,3.3718853],[-76.54912586,3.37187765],[-76.54913066,3.37187],[-76.54913544,3.37186233],[-76.5491402,3.37185466],[-76.54914495,3.37184698],[-76.54914969,3.37183929],[-76.54915441,3.3718316],[-76.54915913,3.37182389],[-76.54916382,3.37181618],[-76.54916851,3.37180846],[-76.54917318,3.37180073],[-76.54917783,3.37179299],[-76.54918247,3.37178524],[-76.5491871,3.37177748],[-76.54919172,3.37176972],[-76.54919632,3.37176195],[-76.54920091,3.37175417],[-76.54920548,3.37174638],[-76.54921004,3.37173858],[-76.54921459,3.37173078],[-76.54921912,3.37172297],[-76.54922364,3.37171515],[-76.54922814,3.37170732],[-76.54923263,3.37169948],[-76.54923711,3.37169164],[-76.54924157,3.37168378],[-76.54924602,3.37167592],[-76.54925046,3.37166805],[-76.54925488,3.37166018],[-76.54925928,3.37165229],[-76.54926368,3.3716444],[-76.54926806,3.3716365],[-76.54927242,3.37162859],[-76.54927677,3.37162067],[-76.54928111,3.37161275],[-76.54928543,3.37160482],[-76.54928974,3.37159688],[-76.54929403,3.37158893],[-76.54929832,3.37158098],[-76.54930258,3.37157302],[-76.54930683,3.37156505],[-76.54931107,3.37155707],[-76.5493153,3.37154908],[-76.5493226,3.3715363],[-76.54932689,3.37152835],[-76.54933103,3.37152032],[-76.54933502,3.37151221],[-76.54933886,3.37150404],[-76.54934255,3.37149579],[-76.54934608,3.37148747],[-76.54934946,3.37147909],[-76.54935268,3.37147064],[-76.54935574,3.37146214],[-76.54935865,3.37145358],[-76.54936139,3.37144497],[-76.54936398,3.3714363],[-76.5493664,3.37142759],[-76.54936866,3.37141884],[-76.54937076,3.37141005],[-76.54937269,3.37140122],[-76.54937446,3.37139235],[-76.54937672,3.37137832],[-76.54937793,3.37136936],[-76.54937896,3.37136037],[-76.54937981,3.37135137],[-76.54938048,3.37134235],[-76.54940933,3.37105585],[-76.54937003,3.37056415],[-76.54933538,3.37052631],[-76.54933487,3.37052576],[-76.54933538,3.37052276],[-76.54933539,3.37034465],[-76.54932541,3.37027152],[-76.54932204,3.37025951],[-76.549338,3.37018095],[-76.54934116,3.37016237],[-76.5493439,3.3701416],[-76.54934573,3.37011376],[-76.54935298,3.3700761],[-76.54935621,3.37005477],[-76.54936029,3.37001803],[-76.54936641,3.36999203],[-76.54937049,3.3699449],[-76.54936641,3.36989778],[-76.54936374,3.36988464],[-76.54935924,3.36986478],[-76.5493326,3.36979788],[-76.54931721,3.36975612],[-76.54931193,3.36973712],[-76.54928002,3.36966491],[-76.54929099,3.36961376],[-76.5492931,3.36960274],[-76.54929936,3.36958875],[-76.54931658,3.36956423],[-76.54933331,3.3695371],[-76.54934934,3.36950743],[-76.54937353,3.3694644],[-76.54938956,3.36943833],[-76.54939265,3.36943318],[-76.54941719,3.36939114],[-76.54942724,3.36937538],[-76.54944419,3.3693443],[-76.54948672,3.36925273],[-76.54951928,3.36918738],[-76.54953439,3.36915036],[-76.54958656,3.36899027],[-76.54958938,3.36898108],[-76.5496047,3.36892774],[-76.54960878,3.36891199],[-76.54961631,3.36887822],[-76.5496213,3.36885773],[-76.54969372,3.36865623],[-76.54970096,3.36863299],[-76.54971685,3.3685723],[-76.54972444,3.36855103],[-76.54973197,3.36852652],[-76.54974097,3.36849126],[-76.54974322,3.36848144],[-76.54974666,3.36846583],[-76.54976579,3.36842146],[-76.54977732,3.36838938],[-76.54981873,3.36824653],[-76.5498266,3.36821],[-76.54982998,3.36818711],[-76.54983385,3.36818089],[-76.54984636,3.36817333],[-76.54987638,3.36815666],[-76.54989396,3.36814599],[-76.54992545,3.36812522],[-76.54995196,3.3681053],[-76.54996778,3.36809181],[-76.54997853,3.36808495],[-76.55003583,3.36805253],[-76.55004265,3.3680485],[-76.55010016,3.36801367],[-76.55022572,3.36794924],[-76.55024779,3.36793667],[-76.55034411,3.3678752],[-76.55037286,3.36785401],[-76.55040619,3.36782052],[-76.55041561,3.36780766],[-76.55044436,3.36777813],[-76.55045899,3.36776188],[-76.55048802,3.36772684],[-76.55052599,3.3676836],[-76.55053351,3.36767463],[-76.55059383,3.3675996],[-76.55060086,3.36759049],[-76.55065668,3.36754132],[-76.5506673,3.3675315],[-76.55068937,3.36750995],[-76.55074084,3.36746615],[-76.55078991,3.36741132],[-76.55081065,3.36738059],[-76.55083835,3.36732788],[-76.55085276,3.36729129],[-76.55086711,3.36725646],[-76.550874,3.36723802],[-76.55088658,3.36720001],[-76.55089474,3.36716935],[-76.55089931,3.3671473],[-76.55092307,3.3670609],[-76.55092968,3.3670296],[-76.55093862,3.36697096],[-76.55100569,3.36688109],[-76.55102291,3.36685502],[-76.55107958,3.36675738],[-76.55109954,3.36671485],[-76.5511224,3.36665282],[-76.55112647,3.36664427],[-76.55116268,3.36664851],[-76.55137358,3.36675174],[-76.55142813,3.36678552],[-76.5514597,3.36680233],[-76.55151425,3.36682685],[-76.55161907,3.36688889],[-76.55163622,3.36690196],[-76.55167341,3.36692577],[-76.55170582,3.36694294],[-76.55176002,3.36696449],[-76.55176845,3.36696993],[-76.55181204,3.36699727],[-76.55184445,3.36701353],[-76.551868,3.36702398],[-76.55191236,3.36704115],[-76.55195208,3.3670668],[-76.55199222,3.36708821],[-76.55208937,3.36712983],[-76.55210161,3.36713463],[-76.55215025,3.36715272],[-76.55216656,3.36715823],[-76.55229613,3.36719717],[-76.55234014,3.3672065],[-76.55242309,3.36721688],[-76.55244749,3.36722056],[-76.55246633,3.36722459],[-76.55253051,3.36724402],[-76.55257677,3.3672537],[-76.5526257,3.3672595],[-76.55266957,3.36727419],[-76.55268651,3.36727921],[-76.55285291,3.36732309],[-76.55290465,3.36734351],[-76.55295689,3.36735828],[-76.55297467,3.36736139],[-76.55300624,3.36737008],[-76.55303148,3.3673775],[-76.55304976,3.36738442],[-76.55305552,3.36738704],[-76.55307028,3.36739997],[-76.55310909,3.36742844],[-76.55314058,3.36744745],[-76.55316751,3.36746172],[-76.55327015,3.36750878],[-76.55330881,3.36752298],[-76.55334389,3.36753295],[-76.55337103,3.36753917],[-76.55339198,3.36754284],[-76.55341419,3.36754941],[-76.55346481,3.36755916],[-76.55376893,3.36758807],[-76.55380401,3.36758913],[-76.55390103,3.3675856],[-76.55394722,3.36762793],[-76.55396915,3.36764594],[-76.55399973,3.36766855],[-76.55401498,3.36767908],[-76.55422961,3.36781601],[-76.5542694,3.36784632],[-76.55428416,3.36787734],[-76.55432465,3.36793831],[-76.55434363,3.36796933],[-76.55435474,3.367986],[-76.55438982,3.36803483],[-76.55440184,3.36805037],[-76.55440704,3.3680556],[-76.5545056,3.36817204],[-76.5545423,3.36820786],[-76.5546287,3.36827752],[-76.55470567,3.36832098],[-76.55476023,3.36834083],[-76.55477794,3.36835023],[-76.55481148,3.36836514],[-76.55485689,3.36837743],[-76.55487109,3.36837955],[-76.554908,3.36838408],[-76.55493732,3.36838606],[-76.55501113,3.36838698],[-76.5550614,3.36838288],[-76.55510682,3.36837059],[-76.55512502,3.36836324],[-76.55513655,3.36835985],[-76.55515448,3.3683559],[-76.55518956,3.36834685],[-76.55523301,3.36833159],[-76.55526717,3.36831619],[-76.55532046,3.36828433],[-76.55535105,3.36826088],[-76.55538599,3.3682288],[-76.55543731,3.36817271],[-76.55546663,3.3681342],[-76.55554129,3.36801572],[-76.55554509,3.36800958],[-76.55561574,3.36789046],[-76.55565237,3.36784906],[-76.55572275,3.3677859],[-76.55577836,3.36776054],[-76.55578883,3.36776301],[-76.55601,3.36784222],[-76.5560332,3.36784936],[-76.55611334,3.36787013],[-76.55614898,3.36787684],[-76.55626111,3.36789027],[-76.55635707,3.36790391],[-76.55637655,3.36790667],[-76.55640291,3.36791409],[-76.55641549,3.367915],[-76.55643609,3.36791734],[-76.55645409,3.36791826],[-76.5564768,3.36791578],[-76.55649669,3.36791529],[-76.55668679,3.3679112],[-76.55669994,3.36791042],[-76.55679692,3.36790227],[-76.55698972,3.36788606],[-76.55703563,3.36787815],[-76.55711479,3.36785731],[-76.55714558,3.36784713],[-76.55721082,3.36782128],[-76.55724583,3.36781118],[-76.55737933,3.36780532],[-76.55742215,3.36780002],[-76.55746173,3.36779182],[-76.55753372,3.36776583],[-76.55755235,3.36775587],[-76.55755832,3.36775714],[-76.55760521,3.36776124],[-76.5576474,3.36775792],[-76.55768698,3.36775163],[-76.55775594,3.36773093],[-76.55779376,3.36771377],[-76.55782175,3.367699],[-76.5578441,3.36768544],[-76.55786976,3.36767385],[-76.55789584,3.36766982],[-76.55795426,3.3676694],[-76.5579594,3.36767272],[-76.55798787,3.36769286],[-76.55800277,3.36770268],[-76.55806358,3.36773992],[-76.55807701,3.36775037],[-76.5581343,3.36780146],[-76.55815884,3.36782089],[-76.55821606,3.36786109],[-76.5582614,3.36790016],[-76.5583994,3.36804062],[-76.55842851,3.3680662],[-76.55849508,3.36811686],[-76.55853065,3.36813982],[-76.55856756,3.36815968],[-76.55859294,3.36817162],[-76.558745,3.36823401],[-76.55876982,3.36824284],[-76.55889038,3.36827902],[-76.5589171,3.36828552],[-76.55901158,3.36830361],[-76.5590191,3.36832721],[-76.55899794,3.36841192],[-76.55890998,3.36868032],[-76.5589019,3.36871091],[-76.55889381,3.36875076],[-76.55889086,3.36876821],[-76.55886836,3.36893368],[-76.55886589,3.36897041],[-76.55886589,3.36917749],[-76.5588687,3.36921663],[-76.55889295,3.36938394],[-76.55890138,3.36942237],[-76.55893154,3.36952383],[-76.55894398,3.36961349],[-76.55894791,3.36972533],[-76.55895178,3.36974836],[-76.55895361,3.3697596],[-76.55895445,3.36977867],[-76.55895571,3.36978673],[-76.55897146,3.36984035],[-76.55898018,3.36986981],[-76.55898594,3.36988536],[-76.55899606,3.36990733],[-76.55902805,3.36996004],[-76.55905329,3.36999261],[-76.55907543,3.37001776],[-76.55910418,3.37004666],[-76.55911937,3.37006086],[-76.55915086,3.37008799],[-76.55916935,3.37010255],[-76.559236,3.37015052],[-76.55926658,3.37016953],[-76.55932289,3.37019963],[-76.55937287,3.37022697],[-76.55942032,3.37024732],[-76.55945997,3.37025997],[-76.55949534,3.37026866],[-76.5595629,3.37028046],[-76.55958764,3.37028781],[-76.55961647,3.37029466],[-76.55965696,3.37030194],[-76.55968065,3.37030512],[-76.55972114,3.37030873],[-76.55974498,3.37030979],[-76.55978638,3.37030979],[-76.55984621,3.37030301],[-76.55988579,3.37029397],[-76.55992762,3.37028083],[-76.56004285,3.37023377],[-76.56009079,3.3702082],[-76.5601232,3.37018651],[-76.56019547,3.3701372],[-76.56021621,3.37012152],[-76.56024771,3.37009523],[-76.56027682,3.37006705],[-76.56030564,3.37003455],[-76.56032237,3.3700137],[-76.56034663,3.36998022],[-76.56036224,3.36995598],[-76.56037644,3.36993126],[-76.56039387,3.36995832],[-76.56046544,3.3700845],[-76.56046958,3.3701011],[-76.56048463,3.37012569],[-76.56048793,3.37013106],[-76.5604913,3.37014279],[-76.56049531,3.37014929],[-76.56050438,3.37016391],[-76.56050733,3.3701849],[-76.56052167,3.3702203],[-76.56053897,3.37025548],[-76.56054698,3.37026919],[-76.56055809,3.37029399],[-76.56058424,3.37033963],[-76.56060856,3.37037397],[-76.56063893,3.37040979],[-76.56070009,3.37047041],[-76.56071563,3.37048468],[-76.56087577,3.37062034],[-76.56090073,3.37063913],[-76.56110298,3.37077373],[-76.56133687,3.3709469],[-76.56139002,3.37097764],[-76.5614296,3.37099481],[-76.56150693,3.3710153],[-76.56150693,3.37104512],[-76.56150524,3.37105465],[-76.56149519,3.37108023],[-76.56148773,3.37110171],[-76.56146341,3.3711831],[-76.56145595,3.37121489],[-76.56142656,3.37138551],[-76.56140146,3.37142218],[-76.5613874,3.371445],[-76.56136758,3.37148117],[-76.56135415,3.3715095],[-76.56133798,3.37154928],[-76.56132877,3.3715757],[-76.56130536,3.37165617],[-76.56129453,3.37173629],[-76.56129614,3.37184531],[-76.56126788,3.37191554],[-76.56125888,3.37195538],[-76.56125628,3.37196831],[-76.5612522,3.37201544],[-76.56125627,3.37206256],[-76.5612685,3.3721082],[-76.56127068,3.37211378],[-76.5612685,3.37214233],[-76.56126942,3.37218571],[-76.56127342,3.37222711],[-76.56128565,3.37227275],[-76.56130548,3.37231564],[-76.56131975,3.37233606],[-76.56131511,3.37235746],[-76.56130899,3.37242084],[-76.5613099,3.37246429],[-76.56131391,3.37250569],[-76.56132614,3.37255133],[-76.56133942,3.37258214],[-76.56135826,3.37261916],[-76.56138132,3.37265661],[-76.56140656,3.37269101],[-76.56142807,3.37271497],[-76.56144185,3.37273037],[-76.56147334,3.37275927],[-76.56150407,3.37278364],[-76.56153732,3.37280625],[-76.56156101,3.37282059],[-76.56164945,3.37286829],[-76.56165577,3.37287344],[-76.56165606,3.37288842],[-76.56162779,3.3730069],[-76.56158216,3.37307678],[-76.56151101,3.37315336],[-76.56148402,3.37318763],[-76.56139705,3.37331833],[-76.56139037,3.37332695],[-76.56135557,3.37335938],[-76.56131768,3.37340318],[-76.56129799,3.37343158],[-76.56126544,3.37346839],[-76.56124808,3.37348881],[-76.5612357,3.37349672],[-76.56118972,3.37353388],[-76.56116364,3.37356016],[-76.5611429,3.37358369],[-76.56111949,3.3736135],[-76.56109755,3.37364593],[-76.56107773,3.37368882],[-76.56106549,3.37373446],[-76.56106402,3.373744],[-76.5610586,3.37378285],[-76.56105607,3.37381338],[-76.56105516,3.3738487],[-76.56105642,3.3738829],[-76.56106338,3.37395242],[-76.56106949,3.37402971],[-76.56105072,3.37409648],[-76.56104425,3.37411025],[-76.56102182,3.37418218],[-76.56101557,3.37422012],[-76.56101219,3.37425141],[-76.56101036,3.37428943],[-76.56101036,3.37431521],[-76.56101394,3.37439208],[-76.56102315,3.37445058],[-76.56105028,3.37455077],[-76.56105127,3.37455691],[-76.56105794,3.37476873],[-76.5610623,3.37480956],[-76.56106448,3.37482108],[-76.56105161,3.37491017],[-76.56104908,3.3749366],[-76.56104725,3.37497637],[-76.56104711,3.3749982],[-76.56104978,3.37507599],[-76.56105273,3.37510757],[-76.56106988,3.37522062],[-76.56107522,3.37524697],[-76.56110931,3.375381],[-76.56111037,3.37538856],[-76.56111093,3.37541131],[-76.56111444,3.37544918],[-76.5611207,3.37548719],[-76.56112379,3.37550294],[-76.56112794,3.37552124],[-76.56112365,3.37553622],[-76.56111557,3.37557239],[-76.56111311,3.37558476],[-76.56110903,3.37563188],[-76.56111275,3.37567674],[-76.56111908,3.37571469],[-76.56112126,3.37572373],[-76.56058865,3.37556976],[-76.56038082,3.37616471],[-76.56036704,3.37620421],[-76.56011544,3.37739294],[-76.56002805,3.37727584],[-76.55992533,3.37706632],[-76.55983772,3.37689021],[-76.55971385,3.37655924],[-76.5596202,3.37634366],[-76.55953863,3.376122],[-76.55947066,3.3757546],[-76.55946889,3.37574573],[-76.55946706,3.37573688],[-76.55946517,3.37572803],[-76.55946323,3.3757192],[-76.55946124,3.37571039],[-76.55945919,3.37570158],[-76.55945708,3.37569279],[-76.55945492,3.37568401],[-76.55945271,3.37567524],[-76.55945044,3.37566649],[-76.55944812,3.37565775],[-76.55944574,3.37564903],[-76.55944331,3.37564032],[-76.55944083,3.37563163],[-76.55943829,3.37562296],[-76.55943569,3.3756143],[-76.55943305,3.37560565],[-76.55943035,3.37559703],[-76.55942759,3.37558842],[-76.55942479,3.37557982],[-76.55942193,3.37557125],[-76.55941901,3.37556269],[-76.55941604,3.37555416],[-76.55941302,3.37554564],[-76.55940995,3.37553714],[-76.55940682,3.37552866],[-76.55940365,3.3755202],[-76.55940042,3.37551176],[-76.55939713,3.37550334],[-76.5593938,3.37549494],[-76.55939041,3.37548656],[-76.55938697,3.3754782],[-76.55938348,3.37546987],[-76.55937993,3.37546156],[-76.55937399,3.37544792],[-76.55936921,3.37544026],[-76.55936434,3.37543265],[-76.55935939,3.3754251],[-76.55935435,3.3754176],[-76.55934924,3.37541017],[-76.55934404,3.37540279],[-76.55933875,3.37539546],[-76.55933339,3.3753882],[-76.55932795,3.375381],[-76.55932242,3.37537386],[-76.55931682,3.37536679],[-76.55931114,3.37535977],[-76.55930538,3.37535283],[-76.55929954,3.37534594],[-76.55929363,3.37533913],[-76.55928764,3.37533238],[-76.55928158,3.3753257],[-76.55927544,3.37531908],[-76.55926923,3.37531254],[-76.55926294,3.37530607],[-76.55925659,3.37529966],[-76.55925016,3.37529333],[-76.55924366,3.37528708],[-76.5592371,3.37528089],[-76.55923046,3.37527478],[-76.55922376,3.37526875],[-76.55921688,3.3752627],[-76.55920967,3.37525729],[-76.55920255,3.37525176],[-76.55919554,3.37524609],[-76.55918862,3.3752403],[-76.55918182,3.37523439],[-76.55917512,3.37522834],[-76.55916854,3.37522218],[-76.55916206,3.3752159],[-76.55915571,3.3752095],[-76.55914946,3.37520299],[-76.55914334,3.37519636],[-76.55913734,3.37518962],[-76.55913146,3.37518277],[-76.55912571,3.37517582],[-76.55912008,3.37516876],[-76.55911459,3.3751616],[-76.55910922,3.37515434],[-76.55910399,3.37514699],[-76.55909889,3.37513954],[-76.55909392,3.37513199],[-76.5590891,3.37512436],[-76.55908441,3.37511664],[-76.55907986,3.37510884],[-76.55907546,3.37510095],[-76.5590712,3.37509299],[-76.55906708,3.37508494],[-76.55906311,3.37507683],[-76.55905929,3.37506864],[-76.55905561,3.37506039],[-76.55905209,3.37505207],[-76.55904769,3.37504104],[-76.55904358,3.37503299],[-76.55903943,3.37502497],[-76.55903524,3.37501697],[-76.559031,3.37500899],[-76.55902672,3.37500103],[-76.5590224,3.3749931],[-76.55901804,3.37498519],[-76.55901364,3.3749773],[-76.55900919,3.37496944],[-76.55900471,3.3749616],[-76.55900018,3.37495378],[-76.55899561,3.37494599],[-76.55899101,3.37493823],[-76.55898636,3.37493048],[-76.55898167,3.37492276],[-76.55897694,3.37491507],[-76.55897217,3.3749074],[-76.55896736,3.37489976],[-76.55896251,3.37489214],[-76.55895762,3.37488455],[-76.55895269,3.37487698],[-76.55894772,3.37486944],[-76.55894271,3.37486193],[-76.55893767,3.37485444],[-76.55893258,3.37484698],[-76.55892745,3.37483955],[-76.55892229,3.37483214],[-76.55891325,3.37481938],[-76.55890841,3.37481175],[-76.55890343,3.37480422],[-76.5588983,3.37479679],[-76.55889303,3.37478946],[-76.55888762,3.37478224],[-76.55888207,3.37477512],[-76.55887638,3.37476811],[-76.55887055,3.37476122],[-76.5588646,3.37475444],[-76.55885851,3.37474778],[-76.5588523,3.37474124],[-76.55884596,3.37473482],[-76.5588395,3.37472853],[-76.55883291,3.37472236],[-76.55882621,3.37471633],[-76.5588194,3.37471042],[-76.55881247,3.37470465],[-76.55880543,3.37469902],[-76.55879828,3.37469353],[-76.55879102,3.37468818],[-76.55878334,3.37468274],[-76.55877635,3.37467704],[-76.55876937,3.37467133],[-76.55876242,3.37466559],[-76.55875549,3.37465982],[-76.55874857,3.37465403],[-76.55874168,3.37464822],[-76.5587348,3.37464239],[-76.55872794,3.37463653],[-76.55872111,3.37463065],[-76.55871429,3.37462475],[-76.55870749,3.37461883],[-76.55870071,3.37461288],[-76.55869395,3.37460691],[-76.55868721,3.37460091],[-76.5586805,3.3745949],[-76.5586738,3.37458886],[-76.55866712,3.3745828],[-76.55866046,3.37457671],[-76.55865382,3.37457061],[-76.55864721,3.37456448],[-76.55864061,3.37455833],[-76.55863403,3.37455216],[-76.55862747,3.37454596],[-76.55862094,3.37453975],[-76.55861442,3.37453351],[-76.55860793,3.37452725],[-76.55860146,3.37452097],[-76.558593,3.37451269],[-76.55858776,3.37450534],[-76.55858261,3.37449793],[-76.55857756,3.37449044],[-76.5585726,3.37448289],[-76.55856774,3.37447528],[-76.55856298,3.37446761],[-76.55855831,3.37445988],[-76.55855375,3.37445208],[-76.55854928,3.37444423],[-76.55854492,3.37443632],[-76.55854066,3.37442836],[-76.5585365,3.37442034],[-76.55853244,3.37441227],[-76.55852849,3.37440414],[-76.55852464,3.37439597],[-76.55852089,3.37438775],[-76.55851725,3.37437947],[-76.55851372,3.37437116],[-76.55851029,3.37436279],[-76.55850697,3.37435439],[-76.55850376,3.37434594],[-76.55850066,3.37433745],[-76.55849766,3.37432893],[-76.55849478,3.37432036],[-76.55849028,3.37430622],[-76.55848728,3.37429769],[-76.5584843,3.37428916],[-76.55848132,3.37428062],[-76.55847836,3.37427208],[-76.55847541,3.37426354],[-76.55847248,3.37425499],[-76.55846955,3.37424644],[-76.55846665,3.37423788],[-76.55846375,3.37422932],[-76.55846086,3.37422075],[-76.55845799,3.37421218],[-76.55845513,3.37420361],[-76.55845228,3.37419503],[-76.55844945,3.37418645],[-76.55844663,3.37417786],[-76.55844382,3.37416927],[-76.55844102,3.37416067],[-76.55843824,3.37415207],[-76.55843547,3.37414347],[-76.55843271,3.37413486],[-76.55842996,3.37412625],[-76.55842723,3.37411763],[-76.55842451,3.37410901],[-76.5584218,3.37410039],[-76.55841911,3.37409176],[-76.55841642,3.37408312],[-76.55841375,3.37407449],[-76.5584111,3.37406585],[-76.55840845,3.3740572],[-76.55840569,3.37404812],[-76.55840349,3.37403935],[-76.55840121,3.37403061],[-76.55839886,3.37402188],[-76.55839643,3.37401317],[-76.55839394,3.37400448],[-76.55839136,3.37399581],[-76.55838872,3.37398717],[-76.558386,3.37397855],[-76.55838321,3.37396995],[-76.55838035,3.37396138],[-76.55837742,3.37395283],[-76.55837441,3.3739443],[-76.55837133,3.37393581],[-76.55836818,3.37392734],[-76.55836496,3.37391889],[-76.55836166,3.37391048],[-76.5583583,3.37390209],[-76.55835487,3.37389373],[-76.55835136,3.3738854],[-76.55834778,3.3738771],[-76.55834414,3.37386883],[-76.55834042,3.3738606],[-76.55833664,3.37385239],[-76.55833279,3.37384422],[-76.55832563,3.3738295],[-76.55832134,3.37382155],[-76.55831687,3.37381371],[-76.5583122,3.37380598],[-76.55830734,3.37379836],[-76.5583023,3.37379087],[-76.55829709,3.3737835],[-76.55829169,3.37377626],[-76.55828612,3.37376916],[-76.55828038,3.3737622],[-76.55827447,3.37375537],[-76.5582684,3.3737487],[-76.55826217,3.37374218],[-76.55825578,3.37373581],[-76.55824924,3.3737296],[-76.55824255,3.37372355],[-76.55823572,3.37371767],[-76.55822874,3.37371196],[-76.55822163,3.37370642],[-76.55821438,3.37370105],[-76.55820701,3.37369587],[-76.55819951,3.37369087],[-76.5581919,3.37368605],[-76.55817759,3.37367768],[-76.55817015,3.3736726],[-76.55816271,3.3736675],[-76.55815529,3.37366239],[-76.55814787,3.37365727],[-76.55814047,3.37365213],[-76.55813307,3.37364698],[-76.55812568,3.37364182],[-76.5581183,3.37363664],[-76.55811093,3.37363145],[-76.55810357,3.37362625],[-76.55809622,3.37362103],[-76.55808888,3.3736158],[-76.55808155,3.37361055],[-76.55807423,3.3736053],[-76.55806692,3.37360003],[-76.55805962,3.37359474],[-76.55805232,3.37358944],[-76.55804504,3.37358413],[-76.55803777,3.37357881],[-76.5580305,3.37357347],[-76.55802325,3.37356812],[-76.558016,3.37356276],[-76.55800877,3.37355738],[-76.55800154,3.37355199],[-76.55799432,3.37354659],[-76.55798712,3.37354117],[-76.55797992,3.37353574],[-76.55797274,3.3735303],[-76.55796556,3.37352484],[-76.55795839,3.37351937],[-76.557951,3.37351371],[-76.55794449,3.37350746],[-76.55793797,3.37350122],[-76.55793143,3.37349501],[-76.55792487,3.37348882],[-76.5579183,3.37348264],[-76.55791171,3.37347649],[-76.5579051,3.37347035],[-76.55789848,3.37346423],[-76.55789183,3.37345813],[-76.55788517,3.37345204],[-76.5578785,3.37344598],[-76.5578718,3.37343994],[-76.55786509,3.37343391],[-76.55785837,3.37342791],[-76.55785162,3.37342192],[-76.55784486,3.37341595],[-76.55783808,3.37341],[-76.55783129,3.37340407],[-76.55782448,3.37339816],[-76.55781765,3.37339227],[-76.55781081,3.3733864],[-76.55780395,3.37338055],[-76.55779707,3.37337471],[-76.55779018,3.3733689],[-76.55778181,3.37336188],[-76.5577744,3.37335675],[-76.5577664,3.37335264],[-76.5577585,3.37334983],[-76.55775792,3.37334963],[-76.55774912,3.37334776],[-76.55774015,3.37334708],[-76.55773117,3.37334759],[-76.55772234,3.37334929],[-76.55771231,3.37335277],[-76.55770401,3.37335625],[-76.55769568,3.37335968],[-76.55768734,3.37336307],[-76.55767898,3.37336642],[-76.5576706,3.37336972],[-76.55766221,3.37337297],[-76.55765379,3.37337618],[-76.55764537,3.37337935],[-76.55763692,3.37338247],[-76.55762846,3.37338555],[-76.55761998,3.37338859],[-76.55761149,3.37339157],[-76.55760298,3.37339452],[-76.55759446,3.37339742],[-76.55758592,3.37340027],[-76.55757736,3.37340308],[-76.5575688,3.37340584],[-76.55756021,3.37340856],[-76.55755162,3.37341123],[-76.557543,3.37341386],[-76.55753438,3.37341644],[-76.55752574,3.37341897],[-76.55751709,3.37342146],[-76.55750843,3.37342391],[-76.55749975,3.37342631],[-76.55749106,3.37342866],[-76.55748236,3.37343097],[-76.55747365,3.37343323],[-76.55746492,3.37343544],[-76.5574555,3.37343778],[-76.55744676,3.37343993],[-76.55743799,3.37344199],[-76.55742921,3.37344395],[-76.55742041,3.37344582],[-76.55741158,3.3734476],[-76.55740274,3.37344928],[-76.55739388,3.37345087],[-76.55738501,3.37345237],[-76.55737612,3.37345377],[-76.55736721,3.37345507],[-76.5573583,3.37345629],[-76.55734937,3.3734574],[-76.55734043,3.37345842],[-76.55733147,3.37345935],[-76.55732251,3.37346018],[-76.55731355,3.37346091],[-76.55730457,3.37346155],[-76.55729559,3.3734621],[-76.5572866,3.37346254],[-76.55727761,3.3734629],[-76.55726861,3.37346315],[-76.55725962,3.37346332],[-76.55725062,3.37346338],[-76.55724162,3.37346335],[-76.55723262,3.37346323],[-76.55722363,3.373463],[-76.55721463,3.37346269],[-76.5572017,3.37346206],[-76.55719275,3.37346296],[-76.55718379,3.37346382],[-76.55717483,3.37346465],[-76.55716587,3.37346544],[-76.5571569,3.37346621],[-76.55714793,3.37346694],[-76.55713896,3.37346763],[-76.55712999,3.37346829],[-76.55712101,3.37346892],[-76.55711203,3.37346952],[-76.55710305,3.37347008],[-76.55709406,3.37347061],[-76.55708508,3.3734711],[-76.55707609,3.37347157],[-76.5570671,3.37347199],[-76.55705811,3.37347239],[-76.55704912,3.37347275],[-76.55704013,3.37347308],[-76.55703114,3.37347337],[-76.55702214,3.37347364],[-76.55701315,3.37347386],[-76.55699625,3.3734742],[-76.55698727,3.37347364],[-76.55697829,3.37347301],[-76.55696932,3.3734723],[-76.55696036,3.37347151],[-76.5569514,3.37347066],[-76.55694245,3.37346972],[-76.55693351,3.37346872],[-76.55692457,3.37346764],[-76.55691565,3.37346648],[-76.55690673,3.37346526],[-76.55689783,3.37346395],[-76.55688893,3.37346258],[-76.55688005,3.37346113],[-76.55687118,3.37345961],[-76.55686232,3.37345801],[-76.55685348,3.37345634],[-76.55684465,3.3734546],[-76.55683584,3.37345278],[-76.55682703,3.37345089],[-76.55681825,3.37344893],[-76.55680948,3.37344689],[-76.55680073,3.37344479],[-76.556792,3.37344261],[-76.55678328,3.37344036],[-76.55677459,3.37343803],[-76.55676591,3.37343563],[-76.55675725,3.37343317],[-76.55674862,3.37343063],[-76.55674,3.37342801],[-76.55673141,3.37342533],[-76.55672282,3.37342257],[-76.5567141,3.37342037],[-76.55670538,3.37341813],[-76.55669666,3.37341587],[-76.55668796,3.37341357],[-76.55667926,3.37341125],[-76.55667058,3.37340889],[-76.5566619,3.3734065],[-76.55665323,3.37340409],[-76.55664456,3.37340164],[-76.55663591,3.37339916],[-76.55662726,3.37339665],[-76.55661863,3.37339411],[-76.55661,3.37339154],[-76.55660138,3.37338893],[-76.55659277,3.3733863],[-76.55658417,3.37338364],[-76.55657558,3.37338095],[-76.556567,3.37337823],[-76.55655843,3.37337547],[-76.55654987,3.37337269],[-76.55654132,3.37336988],[-76.55653277,3.37336703],[-76.55652424,3.37336416],[-76.55651572,3.37336125],[-76.55650721,3.37335832],[-76.55649871,3.37335536],[-76.55649021,3.37335236],[-76.55648173,3.37334934],[-76.55647326,3.37334629],[-76.5564648,3.3733432],[-76.55645636,3.37334009],[-76.55644792,3.37333695],[-76.55643949,3.37333377],[-76.55643108,3.37333057],[-76.55641767,3.3733254],[-76.55641023,3.37332031],[-76.55640263,3.37331546],[-76.55639489,3.37331086],[-76.556387,3.37330651],[-76.55637899,3.3733024],[-76.55637084,3.37329856],[-76.55636258,3.37329497],[-76.55635421,3.37329165],[-76.55634574,3.37328859],[-76.55633718,3.37328581],[-76.55632854,3.37328329],[-76.55631982,3.37328106],[-76.55631103,3.3732791],[-76.55630219,3.37327742],[-76.5562933,3.37327602],[-76.55628437,3.37327491],[-76.55627541,3.37327408],[-76.55626643,3.37327353],[-76.55625744,3.37327327],[-76.55624844,3.37327329],[-76.55623639,3.37327377],[-76.55622786,3.37327665],[-76.55621936,3.37327963],[-76.5562109,3.3732827],[-76.55620247,3.37328586],[-76.55619407,3.37328912],[-76.55618571,3.37329246],[-76.55617739,3.3732959],[-76.55616911,3.37329944],[-76.55616086,3.37330306],[-76.55615266,3.37330677],[-76.5561445,3.37331058],[-76.55613637,3.37331447],[-76.5561283,3.37331845],[-76.55612026,3.37332253],[-76.55611227,3.37332669],[-76.55610433,3.37333094],[-76.55609643,3.37333528],[-76.55608858,3.3733397],[-76.55608078,3.37334421],[-76.55607304,3.37334881],[-76.55606534,3.37335349],[-76.55605209,3.37336182],[-76.55604411,3.37336601],[-76.55603605,3.37337002],[-76.55602789,3.37337385],[-76.55601966,3.37337749],[-76.55601135,3.37338096],[-76.55600296,3.37338424],[-76.55599451,3.37338734],[-76.55598599,3.37339025],[-76.55597741,3.37339297],[-76.55596877,3.37339549],[-76.55596007,3.37339783],[-76.55595133,3.37339998],[-76.55594255,3.37340193],[-76.55593372,3.37340369],[-76.55592486,3.37340525],[-76.55591596,3.37340662],[-76.55590704,3.37340779],[-76.55589809,3.37340876],[-76.55588913,3.37340953],[-76.55587383,3.3734104],[-76.55586483,3.37341053],[-76.55585583,3.37341052],[-76.55584683,3.37341037],[-76.55583784,3.37341007],[-76.55582885,3.37340963],[-76.55581987,3.37340905],[-76.5558109,3.37340833],[-76.55580194,3.37340747],[-76.555793,3.37340646],[-76.55578408,3.37340531],[-76.55577517,3.37340402],[-76.55576628,3.37340259],[-76.55575742,3.37340102],[-76.55574859,3.37339931],[-76.55573978,3.37339745],[-76.555731,3.37339546],[-76.55572226,3.37339333],[-76.55571355,3.37339106],[-76.55570487,3.37338865],[-76.55569624,3.37338611],[-76.5556865,3.37338306],[-76.55567795,3.37338025],[-76.55566942,3.37337737],[-76.55566091,3.37337444],[-76.55565242,3.37337145],[-76.55564394,3.37336841],[-76.55563549,3.3733653],[-76.55562706,3.37336214],[-76.55561865,3.37335892],[-76.55561026,3.37335564],[-76.5556019,3.37335231],[-76.55559356,3.37334892],[-76.55558524,3.37334547],[-76.55557694,3.37334197],[-76.55556867,3.3733384],[-76.55556042,3.37333479],[-76.5555522,3.37333112],[-76.555544,3.37332739],[-76.55553583,3.3733236],[-76.55552768,3.37331976],[-76.55551956,3.37331587],[-76.55551147,3.37331192],[-76.5555034,3.37330791],[-76.55549536,3.37330385],[-76.55548408,3.37329804],[-76.55547653,3.37329312],[-76.55546892,3.37328829],[-76.55546125,3.37328356],[-76.55545353,3.37327892],[-76.55544575,3.37327437],[-76.55543792,3.37326992],[-76.55543003,3.37326556],[-76.55542209,3.3732613],[-76.55541411,3.37325713],[-76.55540607,3.37325306],[-76.55539799,3.3732491],[-76.55538985,3.37324522],[-76.55538167,3.37324145],[-76.55537345,3.37323778],[-76.55536519,3.37323421],[-76.55535688,3.37323073],[-76.55534853,3.37322736],[-76.55534014,3.37322409],[-76.55533171,3.37322092],[-76.55532324,3.37321786],[-76.55531474,3.37321489],[-76.5553062,3.37321203],[-76.55529763,3.37320928],[-76.55528903,3.37320663],[-76.5552804,3.37320408],[-76.55527173,3.37320164],[-76.55526304,3.3731993],[-76.55525432,3.37319707],[-76.55524557,3.37319495],[-76.5552368,3.37319293],[-76.55522801,3.37319101],[-76.55521669,3.37318872],[-76.55520774,3.37318959],[-76.55519877,3.37319039],[-76.55518981,3.37319114],[-76.55518083,3.37319182],[-76.55517186,3.37319245],[-76.55516287,3.37319301],[-76.55515389,3.37319351],[-76.5551449,3.37319394],[-76.55513591,3.37319432],[-76.55512692,3.37319463],[-76.55511792,3.37319488],[-76.55510892,3.37319507],[-76.55509993,3.37319519],[-76.55509093,3.37319526],[-76.55508193,3.37319526],[-76.55507293,3.3731952],[-76.55506393,3.37319508],[-76.55505494,3.3731949],[-76.55504594,3.37319465],[-76.55503695,3.37319434],[-76.55502796,3.37319397],[-76.55501897,3.37319354],[-76.55500998,3.37319305],[-76.555001,3.37319249],[-76.55499202,3.37319188],[-76.55498305,3.3731912],[-76.55497408,3.37319046],[-76.55496512,3.37318966],[-76.55495616,3.37318879],[-76.55494721,3.37318787],[-76.55493827,3.37318688],[-76.55492933,3.37318583],[-76.5549204,3.37318472],[-76.55491148,3.37318355],[-76.55490256,3.37318231],[-76.55489365,3.37318102],[-76.55488435,3.3731796],[-76.55487536,3.37317919],[-76.55486637,3.37317865],[-76.5548574,3.37317798],[-76.55484844,3.37317718],[-76.55483949,3.37317625],[-76.55483055,3.37317519],[-76.55482163,3.373174],[-76.55481273,3.37317268],[-76.55480384,3.37317124],[-76.55479498,3.37316966],[-76.55478615,3.37316796],[-76.55477733,3.37316612],[-76.55476855,3.37316416],[-76.55475979,3.37316207],[-76.55475107,3.37315986],[-76.55474238,3.37315752],[-76.55473372,3.37315505],[-76.5547251,3.37315246],[-76.55471652,3.37314974],[-76.55470797,3.3731469],[-76.55469947,3.37314393],[-76.55469102,3.37314084],[-76.5546826,3.37313763],[-76.55467424,3.3731343],[-76.55466592,3.37313084],[-76.55465766,3.37312727],[-76.55464944,3.37312358],[-76.55464128,3.37311976],[-76.55463318,3.37311583],[-76.55462513,3.37311178],[-76.55461545,3.37310671],[-76.55460867,3.37310077],[-76.55460185,3.37309487],[-76.55459499,3.37308902],[-76.5545881,3.3730832],[-76.55458117,3.37307743],[-76.5545742,3.3730717],[-76.55456721,3.37306602],[-76.55456017,3.37306038],[-76.5545531,3.37305478],[-76.554546,3.37304923],[-76.55453886,3.37304372],[-76.55453169,3.37303826],[-76.55452449,3.37303284],[-76.55451725,3.37302746],[-76.55450998,3.37302213],[-76.55450268,3.37301685],[-76.55449535,3.37301161],[-76.55448798,3.37300642],[-76.55448058,3.37300127],[-76.55447315,3.37299617],[-76.55446569,3.37299111],[-76.5544523,3.37298222],[-76.55432054,3.37290866]],[[-76.55658802,3.37324641],[-76.55655484,3.37332423],[-76.55691434,3.37340759],[-76.557213,3.37341314],[-76.55736233,3.3733909],[-76.55751166,3.3733631],[-76.55761121,3.37333531],[-76.5576997,3.37331307],[-76.55782137,3.37321302],[-76.55796516,3.37303515],[-76.55814214,3.37284061],[-76.55827487,3.37275167],[-76.55837442,3.37275167],[-76.55851269,3.37273499],[-76.55875051,3.37263493],[-76.55935335,3.37243481],[-76.55979026,3.37221246],[-76.55977643,3.37219857],[-76.55978473,3.37220135],[-76.55943626,3.37117309],[-76.55924821,3.37101191],[-76.55909335,3.37106194],[-76.55893849,3.37113976],[-76.55837437,3.37146216],[-76.5573125,3.37209028],[-76.55668202,3.37246826],[-76.55664884,3.37256831],[-76.55660459,3.37264613],[-76.55658247,3.37271838],[-76.55656588,3.37280732],[-76.55656036,3.37283511],[-76.55656589,3.37292404],[-76.55658249,3.37304632],[-76.55658802,3.37312969],[-76.55658802,3.37324641]]]]},"geometry_name":"the_geom","properties":{"bpcodigo":"1891","bpnombre":"Polvorines","bpcomuna":18,"bpestramod":1,"bpupu":13,"bpobserv":"Estudio técnico urbanistico de diagnostico Contrato Interadministrativo No. 4147.010.26.1.279-2020","bparea":72.610072034,"bpperim":5607.12432862}},{"type":"Feature","id":"pmih_barrios_precarios.12","geometry":{"type":"MultiPolygon","coordinates":[[[[-76.46828769,3.40251092],[-76.46784885,3.40134121],[-76.46748564,3.40040023],[-76.46735712,3.40006734],[-76.46735718,3.40006646],[-76.46735831,3.40003622],[-76.46736162,3.40000994],[-76.46736809,3.39998218],[-76.46738018,3.3999477],[-76.4673913,3.39991937],[-76.46741921,3.39989351],[-76.46742582,3.39990588],[-76.46744901,3.39994799],[-76.46747312,3.39998544],[-76.46748774,3.4000077],[-76.4675032,3.40002932],[-76.46753266,3.40006768],[-76.46754812,3.40008931],[-76.46756344,3.40011319],[-76.46759522,3.40015247],[-76.46761518,3.40017728],[-76.46763521,3.40019982],[-76.46766551,3.40023592],[-76.46768252,3.40025677],[-76.46769806,3.40027606],[-76.46771436,3.40029528],[-76.46773144,3.40031464],[-76.46774691,3.40033463],[-76.46776322,3.40035392],[-76.46778093,3.40037555],[-76.46780019,3.40039801],[-76.46782332,3.4004207],[-76.46784947,3.40044578],[-76.46787801,3.40046783],[-76.467905,3.4004898],[-76.46793509,3.40051199],[-76.46795695,3.40052676],[-76.46798261,3.40054485],[-76.46800363,3.40056117],[-76.46802395,3.40057594],[-76.46805558,3.40059891],[-76.46807667,3.40061368],[-76.46809628,3.40062689],[-76.46812869,3.40064986],[-76.46815653,3.40067035],[-76.46818437,3.40069007],[-76.46820946,3.40070264],[-76.4682527,3.40072448],[-76.46827323,3.40073381],[-76.46829832,3.40074568],[-76.46832419,3.400756],[-76.46834711,3.40076462],[-76.46837382,3.40077339],[-76.46839597,3.40077968],[-76.46842058,3.40078449],[-76.46844518,3.40078781],[-76.46846986,3.40079029],[-76.46849608,3.40079205],[-76.46852772,3.40079404],[-76.46855935,3.40079524],[-76.46859254,3.40079645],[-76.46862192,3.40079681],[-76.46865897,3.40079822],[-76.46868836,3.40079858],[-76.46873097,3.40079788],[-76.4687773,3.4007988],[-76.46882531,3.40079676],[-76.46886475,3.40079669],[-76.4689127,3.40079621],[-76.46895995,3.40079565],[-76.46900635,3.40079509],[-76.46905268,3.40079686],[-76.46909289,3.40079679],[-76.46913613,3.40079765],[-76.46917557,3.40079843],[-76.46921655,3.40079914],[-76.46925515,3.40079985],[-76.46928686,3.4007995],[-76.46932785,3.40079951],[-76.46936729,3.40079944],[-76.46940448,3.4007993],[-76.46943928,3.4007991],[-76.46949187,3.40079875],[-76.4695228,3.40079833],[-76.46955219,3.40079869],[-76.46957848,3.4007989],[-76.469604,3.40079912],[-76.46963177,3.40080018],[-76.46965884,3.4008004],[-76.46969047,3.4008016],[-76.46972218,3.40080203],[-76.46975923,3.40080345],[-76.46979867,3.40080416],[-76.46984113,3.40080579],[-76.46988437,3.40080742],[-76.46992838,3.40080912],[-76.46997316,3.40081075],[-76.47001795,3.40081245],[-76.47005275,3.4008138],[-76.47009598,3.40081543],[-76.47012607,3.40081656],[-76.47017008,3.40081826],[-76.47021487,3.40081996],[-76.47025649,3.40082308],[-76.47028819,3.40082428],[-76.47032911,3.40082662],[-76.47037305,3.4008291],[-76.47041629,3.40083151],[-76.4704456,3.40083257],[-76.47048729,3.4008342],[-76.47052512,3.40083639],[-76.47056294,3.40083937],[-76.47058677,3.40084184],[-76.47061989,3.40084623],[-76.47065068,3.40085047],[-76.4706814,3.40085478],[-76.47070833,3.40085888],[-76.47073905,3.4008639],[-76.47076675,3.40086808],[-76.47079754,3.40087239],[-76.47082679,3.40087501],[-76.47085765,3.40087777],[-76.47088697,3.40088045],[-76.47091706,3.40088237],[-76.47094708,3.40088505],[-76.47097871,3.40088781],[-76.4710126,3.40089142],[-76.47106645,3.40089814],[-76.47110104,3.4009033],[-76.47113563,3.40090853],[-76.47117493,3.40091391],[-76.47121563,3.40092013],[-76.47125866,3.40092876],[-76.471304,3.40093512],[-76.47134857,3.40094381],[-76.47139237,3.40095089],[-76.47143455,3.40095951],[-76.47147681,3.40096729],[-76.47152131,3.40097598],[-76.47156201,3.40098376],[-76.47160658,3.40099168],[-76.47164884,3.40099875],[-76.47169425,3.40100511],[-76.4717358,3.40101056],[-76.47178037,3.40101692],[-76.47181967,3.4010223],[-76.47185806,3.40102838],[-76.47189272,3.40103283],[-76.4719273,3.40103806],[-76.47196035,3.40104316],[-76.47199578,3.40104839],[-76.47203417,3.40105454],[-76.47206953,3.40106055],[-76.47210341,3.40106493],[-76.47213182,3.40106988],[-76.47216718,3.40107512],[-76.47220106,3.40107872],[-76.47223572,3.40108318],[-76.47226813,3.40108516],[-76.47230434,3.40108806],[-76.4723499,3.40108983],[-76.47237928,3.4010909],[-76.47240937,3.4010921],[-76.47243792,3.40109316],[-76.47246885,3.4010943],[-76.47250203,3.40109557],[-76.47255153,3.40109671],[-76.47258239,3.40109785],[-76.47261178,3.40109742],[-76.47264194,3.40109778],[-76.47266598,3.40109637],[-76.47270788,3.40109249],[-76.47274521,3.40108691],[-76.47279344,3.40107943],[-76.47283401,3.40107011],[-76.47286052,3.40106411],[-76.47288787,3.40105662],[-76.47291514,3.40104984],[-76.47294207,3.40104223],[-76.4729174,3.40254383],[-76.47310593,3.40289919],[-76.47439143,3.40404909],[-76.47437845,3.40410285],[-76.47437845,3.40412797],[-76.47440701,3.40420335],[-76.47446414,3.40430026],[-76.47455698,3.40444384],[-76.47468553,3.4046915],[-76.47484262,3.40507555],[-76.47493545,3.40531604],[-76.4750033,3.40536988],[-76.47511758,3.40544168],[-76.47529615,3.40549194],[-76.47551758,3.40553863],[-76.4755577,3.40558746],[-76.4735445,3.40920357],[-76.47128893,3.40347994],[-76.47117498,3.40306222],[-76.47086436,3.40225822],[-76.47091439,3.40204886],[-76.47103823,3.40175696],[-76.47103347,3.40172825],[-76.4707049,3.4016995],[-76.4705944,3.40171749],[-76.47058386,3.40169076],[-76.4701543,3.40173536],[-76.47008585,3.40168267],[-76.4696549,3.40165869],[-76.46913877,3.40178709],[-76.46899723,3.40180799],[-76.46880248,3.40192179],[-76.46854293,3.40216342],[-76.4685215,3.40249713],[-76.46828769,3.40251092]]]]},"geometry_name":"the_geom","properties":{"bpcodigo":"2102","bpnombre":"Pizamos II","bpcomuna":21,"bpestramod":1,"bpupu":4,"bpobserv":null,"bparea":25.6046483209,"bpperim":3306.13748788}},{"type":"Feature","id":"pmih_barrios_precarios.4","geometry":{"type":"MultiPolygon","coordinates":[[[[-76.55377058,3.3904586],[-76.55377098,3.39041122],[-76.55377098,3.39040765],[-76.55377098,3.39030269],[-76.55377098,3.39029913],[-76.55377098,3.39021773],[-76.55377099,3.390064],[-76.553771,3.38974748],[-76.55378001,3.38935861],[-76.55378002,3.38909635],[-76.55378003,3.38901496],[-76.55378004,3.38870749],[-76.55378004,3.38860801],[-76.55378004,3.38851757],[-76.55378005,3.38843618],[-76.55378005,3.3882734],[-76.55377106,3.38818297],[-76.55375306,3.38805636],[-76.55374407,3.38797497],[-76.55374407,3.38793879],[-76.55373507,3.3878574],[-76.55373508,3.38777601],[-76.55374408,3.38757706],[-76.55374409,3.38745045],[-76.5537441,3.38723341],[-76.5537441,3.38717915],[-76.55374411,3.38693498],[-76.55373512,3.38667272],[-76.55373512,3.3866275],[-76.55369016,3.38574124],[-76.55407711,3.38572317],[-76.55429308,3.38570509],[-76.55457204,3.38569606],[-76.554842,3.38567798],[-76.55509397,3.38567799],[-76.55542692,3.38566896],[-76.55548092,3.38566896],[-76.55553491,3.38567801],[-76.55565189,3.38568706],[-76.55570588,3.3856961],[-76.55578402,3.38571854],[-76.55577095,3.38579078],[-76.55577423,3.3858073],[-76.55577634,3.38581609],[-76.55577869,3.38582482],[-76.55578128,3.38583348],[-76.55578411,3.38584206],[-76.55578717,3.38585057],[-76.55579585,3.3858653],[-76.55580077,3.38587287],[-76.55580592,3.38588029],[-76.55581128,3.38588755],[-76.55581686,3.38589464],[-76.55582266,3.38590156],[-76.55582866,3.3859083],[-76.55583486,3.38591486],[-76.55584228,3.38592219],[-76.55581386,3.38601262],[-76.55586785,3.38616636],[-76.55592183,3.38632915],[-76.55594883,3.38641958],[-76.55596682,3.38648289],[-76.55596682,3.38650097],[-76.55596682,3.38655523],[-76.55596682,3.38657332],[-76.55595781,3.38676323],[-76.55593081,3.38682654],[-76.55592181,3.38689888],[-76.55592181,3.3869441],[-76.55592181,3.38697123],[-76.5559938,3.38699836],[-76.55603879,3.38705263],[-76.55606579,3.38707976],[-76.55608378,3.38712497],[-76.55611078,3.38721541],[-76.55612877,3.38733297],[-76.55614677,3.38737819],[-76.55616476,3.38749576],[-76.55618275,3.38758619],[-76.55623673,3.38791176],[-76.55627272,3.3880655],[-76.55629972,3.3881921],[-76.55631771,3.38825541],[-76.55633571,3.38835489],[-76.55638069,3.38855384],[-76.55639869,3.38865332],[-76.55643468,3.38882515],[-76.55645267,3.38892463],[-76.55646166,3.38908741],[-76.55647966,3.38925019],[-76.55650665,3.38935871],[-76.55654264,3.38953958],[-76.55655164,3.38957576],[-76.55656063,3.38963906],[-76.55662362,3.38991036],[-76.55663261,3.39001889],[-76.55664938,3.39006523],[-76.5566686,3.39011836],[-76.5566686,3.39013645],[-76.55666735,3.39014107],[-76.55659121,3.39018489],[-76.55657802,3.39019137],[-76.55656993,3.39019533],[-76.55656183,3.39019928],[-76.55655372,3.39020321],[-76.55654561,3.39020713],[-76.5565375,3.39021104],[-76.55652938,3.39021493],[-76.55652125,3.39021882],[-76.55651312,3.39022269],[-76.55650498,3.39022655],[-76.55649684,3.39023039],[-76.55648868,3.39023422],[-76.55648053,3.39023805],[-76.55647237,3.39024186],[-76.5564642,3.39024565],[-76.55645603,3.39024943],[-76.55644785,3.39025321],[-76.55643966,3.39025697],[-76.55643147,3.39026071],[-76.55642328,3.39026445],[-76.55641508,3.39026817],[-76.55640687,3.39027188],[-76.55639866,3.39027557],[-76.55639044,3.39027926],[-76.55638221,3.39028293],[-76.55637399,3.39028659],[-76.55636575,3.39029024],[-76.55635751,3.39029387],[-76.55634926,3.39029749],[-76.55634101,3.3903011],[-76.55633276,3.3903047],[-76.55632449,3.39030828],[-76.55630825,3.39031382],[-76.55629969,3.39031662],[-76.55629111,3.39031935],[-76.55628251,3.39032201],[-76.55627389,3.3903246],[-76.55626525,3.39032711],[-76.55625658,3.39032956],[-76.5562479,3.39033193],[-76.5562392,3.39033423],[-76.55623047,3.39033646],[-76.55622173,3.39033861],[-76.55621298,3.39034069],[-76.5562042,3.3903427],[-76.55619541,3.39034464],[-76.55618661,3.3903465],[-76.55617779,3.39034829],[-76.55616895,3.39035],[-76.5561601,3.39035165],[-76.55615124,3.39035322],[-76.55614236,3.39035471],[-76.55613348,3.39035613],[-76.55612458,3.39035748],[-76.55611567,3.39035875],[-76.55610675,3.39035995],[-76.55609782,3.39036107],[-76.55608888,3.39036212],[-76.55607994,3.3903631],[-76.55607098,3.390364],[-76.55606083,3.39036698],[-76.55605207,3.39036905],[-76.55604322,3.39037069],[-76.55603431,3.3903719],[-76.55602534,3.39037267],[-76.55601635,3.39037301],[-76.55600735,3.3903729],[-76.55599837,3.39037236],[-76.55598943,3.39037138],[-76.55598054,3.39036997],[-76.55596492,3.3903692],[-76.55595876,3.39036275],[-76.55595677,3.39035405],[-76.55594272,3.39035487],[-76.55593374,3.39035547],[-76.55592477,3.39035611],[-76.5559158,3.39035681],[-76.55590683,3.39035756],[-76.55589786,3.39035837],[-76.55588891,3.39035922],[-76.55587995,3.39036013],[-76.555871,3.39036109],[-76.55586206,3.3903621],[-76.55585313,3.39036316],[-76.5558442,3.39036428],[-76.55583527,3.39036544],[-76.55582635,3.39036666],[-76.55581744,3.39036793],[-76.55580854,3.39036925],[-76.55579965,3.39037063],[-76.5557871,3.39037248],[-76.55577823,3.39037399],[-76.55576938,3.39037567],[-76.55576057,3.39037752],[-76.5557518,3.39037953],[-76.55574307,3.3903817],[-76.55573437,3.39038404],[-76.55572573,3.39038654],[-76.55571713,3.3903892],[-76.55570548,3.39039799],[-76.55569812,3.3904032],[-76.55569066,3.39040825],[-76.55568308,3.39041313],[-76.5556754,3.39041784],[-76.55566761,3.39042237],[-76.55565567,3.39042655],[-76.55564707,3.39042922],[-76.5556384,3.39043163],[-76.55562966,3.39043379],[-76.55562086,3.39043569],[-76.55561201,3.39043733],[-76.55560312,3.39043871],[-76.55559419,3.39043983],[-76.55558524,3.39044069],[-76.55557626,3.39044128],[-76.55556726,3.39044161],[-76.55555544,3.39044314],[-76.55554656,3.39044457],[-76.55553771,3.39044623],[-76.55552891,3.39044813],[-76.55552017,3.39045026],[-76.55551148,3.39045262],[-76.55550286,3.39045521],[-76.55549431,3.39045803],[-76.55548584,3.39046107],[-76.55547744,3.39046433],[-76.55546914,3.39046782],[-76.55546093,3.39047152],[-76.55505451,3.3904715],[-76.55482132,3.3904648],[-76.55397518,3.39045472],[-76.55377058,3.3904586]]]]},"geometry_name":"the_geom","properties":{"bpcodigo":"1808","bpnombre":"Prados del Sur","bpcomuna":18,"bpestramod":2,"bpupu":13,"bpobserv":"Estudio técnico urbanistico de diagnostico Contrato Interadministrativo No. 4147.010.26.1.279-2020","bparea":14.4868118035,"bpperim":1597.45167094}},{"type":"Feature","id":"pmih_barrios_precarios.5","geometry":{"type":"MultiPolygon","coordinates":[[[[-76.55666735,3.39014107],[-76.5566686,3.39013645],[-76.5566686,3.39011836],[-76.55664938,3.39006523],[-76.55663261,3.39001889],[-76.55662362,3.38991036],[-76.55656063,3.38963906],[-76.55655164,3.38957576],[-76.55654264,3.38953958],[-76.55650665,3.38935871],[-76.55647966,3.38925019],[-76.55646166,3.38908741],[-76.55645267,3.38892463],[-76.55643468,3.38882515],[-76.55639869,3.38865332],[-76.55638069,3.38855384],[-76.55633571,3.38835489],[-76.55631771,3.38825541],[-76.55629972,3.3881921],[-76.55627272,3.3880655],[-76.55623673,3.38791176],[-76.55618275,3.38758619],[-76.55616476,3.38749576],[-76.55614677,3.38737819],[-76.55612877,3.38733297],[-76.55611078,3.38721541],[-76.55608378,3.38712497],[-76.55606579,3.38707976],[-76.55603879,3.38705263],[-76.5559938,3.38699836],[-76.55592181,3.38697123],[-76.55592181,3.3869441],[-76.55592181,3.38689888],[-76.55593081,3.38682654],[-76.55595781,3.38676323],[-76.55596682,3.38657332],[-76.55596682,3.38655523],[-76.55596682,3.38650097],[-76.55596682,3.38648289],[-76.55594883,3.38641958],[-76.55592183,3.38632915],[-76.55586785,3.38616636],[-76.55581386,3.38601262],[-76.55584228,3.38592219],[-76.55589485,3.38592219],[-76.55598484,3.38594933],[-76.55614681,3.38600359],[-76.55634478,3.3860669],[-76.55650676,3.38612117],[-76.55708268,3.38628397],[-76.55722666,3.38632015],[-76.55727165,3.38632919],[-76.55728065,3.38627494],[-76.55733465,3.38608503],[-76.55737065,3.38598555],[-76.55737965,3.38593129],[-76.55746064,3.38571425],[-76.55746964,3.38568712],[-76.55749664,3.38565095],[-76.55755963,3.38561478],[-76.55760463,3.38559669],[-76.55763162,3.38559669],[-76.55765862,3.38558765],[-76.55768562,3.38558765],[-76.55771261,3.38559669],[-76.5577846,3.38560574],[-76.5578386,3.38561479],[-76.55790159,3.38563287],[-76.55798257,3.38566001],[-76.55800957,3.38566905],[-76.55803657,3.38566905],[-76.55805456,3.38566905],[-76.55808156,3.38566905],[-76.55822554,3.38571428],[-76.55826153,3.38573236],[-76.55828853,3.3857595],[-76.55830653,3.38579567],[-76.55833352,3.38583184],[-76.55835152,3.38585897],[-76.55836951,3.38589515],[-76.55838751,3.38592228],[-76.55841451,3.38595845],[-76.5584505,3.38598559],[-76.55847749,3.38601272],[-76.55850449,3.38604889],[-76.55852249,3.38607602],[-76.55857648,3.38613029],[-76.55859448,3.38614837],[-76.55864847,3.38620263],[-76.55869346,3.38624785],[-76.55871145,3.38627498],[-76.55872945,3.38631116],[-76.55873845,3.38633829],[-76.55873845,3.38636319],[-76.55873845,3.38637446],[-76.55873845,3.38642872],[-76.55873845,3.38644681],[-76.55872045,3.38648298],[-76.55868445,3.38651916],[-76.55864845,3.38655533],[-76.55862146,3.38658246],[-76.55852247,3.38663671],[-76.55852245,3.38726071],[-76.55853145,3.3872788],[-76.55859444,3.38736923],[-76.55869342,3.38758628],[-76.55871141,3.3876315],[-76.55885538,3.38800228],[-76.55887338,3.3880475],[-76.55889137,3.38812889],[-76.55890937,3.38821932],[-76.55891365,3.38825811],[-76.55893636,3.3884635],[-76.55894535,3.38858106],[-76.55894535,3.38861723],[-76.55892735,3.38869862],[-76.55886435,3.38881619],[-76.55881036,3.38887045],[-76.55874737,3.38891566],[-76.55858538,3.38903322],[-76.55850439,3.38908748],[-76.5583964,3.38916886],[-76.55835141,3.38921408],[-76.55828842,3.38927738],[-76.55824342,3.3893226],[-76.55821642,3.38935877],[-76.55818943,3.38939494],[-76.55814443,3.3894492],[-76.55805444,3.38954868],[-76.55800944,3.38960294],[-76.55793745,3.38969337],[-76.55789245,3.38975667],[-76.55783846,3.38981997],[-76.55781146,3.38986519],[-76.55777546,3.3899104],[-76.55775746,3.38994658],[-76.55773047,3.39000084],[-76.55771247,3.39006414],[-76.55769447,3.39012744],[-76.55768547,3.39015457],[-76.55768953,3.3901913],[-76.55761347,3.39019979],[-76.55757748,3.39019074],[-76.5574515,3.3901817],[-76.55729351,3.39015876],[-76.5571883,3.39015463],[-76.55679775,3.39013288],[-76.55666735,3.39014107]]]]},"geometry_name":"the_geom","properties":{"bpcodigo":"1810","bpnombre":"Mario Correa Rengifo","bpcomuna":18,"bpestramod":2,"bpupu":13,"bpobserv":"Estudio técnico urbanistico de diagnostico Contrato Interadministrativo No. 4147.010.26.1.279-2020","bparea":11.7638266812,"bpperim":1523.18189287}},{"type":"Feature","id":"pmih_barrios_precarios.6","geometry":{"type":"MultiPolygon","coordinates":[[[[-76.55822677,3.39477054],[-76.55819572,3.39470228],[-76.5581711,3.39459342],[-76.55822855,3.39457168],[-76.55834916,3.39453347],[-76.55843307,3.39449455],[-76.55843749,3.39449265],[-76.55850193,3.39446828],[-76.55854925,3.39446645],[-76.55840161,3.39413062],[-76.55839637,3.39411741],[-76.55829755,3.39386977],[-76.55826967,3.39381067],[-76.55825667,3.39377887],[-76.55818137,3.39359076],[-76.55811683,3.39337238],[-76.55808991,3.39325579],[-76.55808443,3.39322972],[-76.55803493,3.39296221],[-76.55801143,3.39281021],[-76.55796841,3.39254211],[-76.55789526,3.39251832],[-76.55775971,3.39248156],[-76.55770266,3.3924803],[-76.55767964,3.39247483],[-76.55765158,3.39247917],[-76.5576314,3.39247873],[-76.5576674,3.39242447],[-76.55771239,3.39234308],[-76.55773039,3.39231595],[-76.55782938,3.39216221],[-76.55790138,3.3920537],[-76.55793737,3.39199944],[-76.55802737,3.3918457],[-76.55814436,3.39168292],[-76.55820735,3.39154728],[-76.55825235,3.39141163],[-76.55826135,3.3913845],[-76.55827035,3.39133928],[-76.55827035,3.39129406],[-76.55827036,3.39123076],[-76.55826136,3.39119458],[-76.55825236,3.39115841],[-76.55824336,3.39111319],[-76.55822537,3.39106798],[-76.55818937,3.39100467],[-76.55812638,3.39091423],[-76.5580634,3.39083284],[-76.55798241,3.39075145],[-76.55782044,3.39057962],[-76.55779344,3.3905344],[-76.55777545,3.39045301],[-76.55776645,3.39041683],[-76.55773945,3.39037162],[-76.55773046,3.39033544],[-76.55771246,3.39029022],[-76.55769446,3.39023596],[-76.55768953,3.3901913],[-76.55768547,3.39015457],[-76.55769447,3.39012744],[-76.55771247,3.39006414],[-76.55773047,3.39000084],[-76.55775746,3.38994658],[-76.55777546,3.3899104],[-76.55781146,3.38986519],[-76.55783846,3.38981997],[-76.55789245,3.38975667],[-76.55793745,3.38969337],[-76.55800944,3.38960294],[-76.55805444,3.38954868],[-76.55814443,3.3894492],[-76.55818943,3.38939494],[-76.55821642,3.38935877],[-76.55824342,3.3893226],[-76.55828842,3.38927738],[-76.55835141,3.38921408],[-76.5583964,3.38916886],[-76.55850439,3.38908748],[-76.55858538,3.38903322],[-76.55874737,3.38891566],[-76.55881036,3.38887045],[-76.55886435,3.38881619],[-76.55892735,3.38869862],[-76.55894535,3.38861723],[-76.55894535,3.38858106],[-76.55893636,3.3884635],[-76.55891365,3.38825811],[-76.55890937,3.38821932],[-76.55889137,3.38812889],[-76.55887338,3.3880475],[-76.55885538,3.38800228],[-76.55871141,3.3876315],[-76.55869342,3.38758628],[-76.55859444,3.38736923],[-76.55853145,3.3872788],[-76.55852245,3.38726071],[-76.55852247,3.38663671],[-76.55862146,3.38658246],[-76.55864845,3.38655533],[-76.55868445,3.38651916],[-76.55872045,3.38648298],[-76.55873845,3.38644681],[-76.55873845,3.38642872],[-76.55873845,3.38637446],[-76.55873845,3.38636319],[-76.55879023,3.38635105],[-76.55879902,3.38634908],[-76.55880782,3.3863472],[-76.55881664,3.3863454],[-76.55882547,3.38634368],[-76.55883432,3.38634205],[-76.55884319,3.3863405],[-76.55885207,3.38633904],[-76.55886096,3.38633767],[-76.55886987,3.38633638],[-76.55887879,3.38633517],[-76.55888772,3.38633405],[-76.55889666,3.38633302],[-76.55890561,3.38633207],[-76.55891456,3.38633121],[-76.55892353,3.38633044],[-76.5589325,3.38632975],[-76.55894148,3.38632914],[-76.55895046,3.38632863],[-76.55895945,3.3863282],[-76.55896845,3.38632785],[-76.55897744,3.38632759],[-76.55898644,3.38632742],[-76.55899544,3.38632734],[-76.55900443,3.38632734],[-76.55901343,3.38632742],[-76.55902243,3.3863276],[-76.55903143,3.38632786],[-76.55904042,3.3863282],[-76.55904941,3.38632864],[-76.55905839,3.38632916],[-76.55906737,3.38632976],[-76.55907634,3.38633045],[-76.55908531,3.38633123],[-76.55909426,3.38633209],[-76.55910321,3.38633304],[-76.55911215,3.38633408],[-76.55912802,3.38633613],[-76.55913702,3.38633607],[-76.55914602,3.3863362],[-76.55915501,3.38633651],[-76.559164,3.38633701],[-76.55917297,3.3863377],[-76.55918193,3.38633858],[-76.55919086,3.38633964],[-76.55919978,3.38634089],[-76.55920866,3.38634232],[-76.55921751,3.38634394],[-76.55922633,3.38634574],[-76.55923511,3.38634773],[-76.55924385,3.38634989],[-76.55925254,3.38635224],[-76.55926118,3.38635477],[-76.55926976,3.38635748],[-76.55927829,3.38636037],[-76.55928676,3.38636343],[-76.55929516,3.38636667],[-76.55930349,3.38637008],[-76.55931175,3.38637367],[-76.55932243,3.38637861],[-76.55933097,3.38638147],[-76.5593395,3.38638433],[-76.55934804,3.38638719],[-76.55935658,3.38639005],[-76.55936511,3.38639291],[-76.55937365,3.38639577],[-76.55938219,3.38639863],[-76.55939073,3.38640149],[-76.55939926,3.38640435],[-76.5594078,3.38640721],[-76.55941634,3.38641007],[-76.55942487,3.38641293],[-76.55943341,3.38641579],[-76.55944195,3.38641865],[-76.55945048,3.38642151],[-76.55945902,3.38642437],[-76.55946756,3.38642723],[-76.55947609,3.38643009],[-76.55948463,3.38643295],[-76.55949993,3.38643808],[-76.55950788,3.38644232],[-76.55951587,3.38644648],[-76.5595239,3.38645056],[-76.55953197,3.38645456],[-76.55954008,3.38645849],[-76.55954822,3.38646233],[-76.5595564,3.38646609],[-76.55956462,3.38646977],[-76.55957288,3.38647338],[-76.55958117,3.3864769],[-76.55958949,3.38648033],[-76.55959785,3.38648369],[-76.55960623,3.38648697],[-76.55961465,3.38649016],[-76.5596231,3.38649327],[-76.55963158,3.38649629],[-76.55964009,3.38649923],[-76.55964863,3.38650209],[-76.5596572,3.38650486],[-76.55966579,3.38650755],[-76.55967441,3.38651016],[-76.55968305,3.38651268],[-76.55969172,3.38651511],[-76.5597004,3.38651746],[-76.55970912,3.38651972],[-76.55971785,3.3865219],[-76.55972661,3.38652399],[-76.55973538,3.386526],[-76.55974417,3.38652792],[-76.55975299,3.38652975],[-76.55976196,3.38653152],[-76.55977043,3.38653456],[-76.55977894,3.38653751],[-76.55978748,3.38654037],[-76.55979604,3.38654314],[-76.55980464,3.38654581],[-76.55981326,3.3865484],[-76.55982191,3.38655089],[-76.55983059,3.38655329],[-76.55983929,3.38655559],[-76.55984802,3.38655781],[-76.55985676,3.38655992],[-76.55986553,3.38656195],[-76.55987433,3.38656388],[-76.55988314,3.38656572],[-76.55989197,3.38656746],[-76.55990081,3.38656911],[-76.55990968,3.38657066],[-76.55991856,3.38657212],[-76.55992746,3.38657348],[-76.55993637,3.38657475],[-76.55994529,3.38657593],[-76.55995422,3.386577],[-76.55996317,3.38657799],[-76.55997212,3.38657887],[-76.55998109,3.38657966],[-76.55999006,3.38658036],[-76.55999904,3.38658096],[-76.56000802,3.38658146],[-76.56001701,3.38658186],[-76.56002601,3.38658217],[-76.560035,3.38658239],[-76.560044,3.38658251],[-76.56005779,3.3865825],[-76.56006672,3.38658132],[-76.56007565,3.38658023],[-76.56008459,3.38657922],[-76.56009354,3.3865783],[-76.5601025,3.38657747],[-76.56011147,3.38657672],[-76.56012045,3.38657606],[-76.56012943,3.38657549],[-76.56013841,3.386575],[-76.5601474,3.3865746],[-76.56015639,3.38657428],[-76.56016539,3.38657405],[-76.56017439,3.38657391],[-76.56018339,3.38657386],[-76.56019239,3.38657389],[-76.56020138,3.38657401],[-76.56021038,3.38657421],[-76.56021937,3.38657451],[-76.56022837,3.38657488],[-76.56023735,3.38657535],[-76.56024633,3.3865759],[-76.56025531,3.38657654],[-76.56026428,3.38657727],[-76.56027324,3.38657808],[-76.5602822,3.38657898],[-76.56029114,3.38657996],[-76.56030008,3.38658103],[-76.56031137,3.38658251],[-76.56032028,3.38658379],[-76.56032917,3.38658519],[-76.56033804,3.3865867],[-76.56034689,3.38658833],[-76.56035572,3.38659007],[-76.56036453,3.38659192],[-76.56037331,3.38659389],[-76.56038207,3.38659597],[-76.5603908,3.38659817],[-76.5603995,3.38660047],[-76.56040817,3.38660289],[-76.56041681,3.38660541],[-76.56042542,3.38660805],[-76.56043399,3.3866108],[-76.56044253,3.38661366],[-76.56045103,3.38661663],[-76.56045949,3.38661971],[-76.56046791,3.38662289],[-76.56047629,3.38662619],[-76.56048463,3.38662959],[-76.56049292,3.3866331],[-76.56050117,3.38663672],[-76.56050937,3.38664044],[-76.56051753,3.38664427],[-76.56052563,3.3866482],[-76.56053368,3.38665223],[-76.56054168,3.38665637],[-76.56054963,3.38666061],[-76.56055753,3.38666496],[-76.56056536,3.3866694],[-76.56057314,3.38667394],[-76.56058086,3.38667859],[-76.56058849,3.38668338],[-76.56059632,3.38668784],[-76.56060434,3.38669194],[-76.56061253,3.38669569],[-76.56062087,3.38669907],[-76.56062936,3.38670209],[-76.56063797,3.38670473],[-76.56064668,3.38670698],[-76.56065548,3.38670885],[-76.56066436,3.38671034],[-76.56067329,3.38671143],[-76.56068226,3.38671213],[-76.56069125,3.38671243],[-76.56070025,3.38671233],[-76.56070924,3.38671185],[-76.56072554,3.38670994],[-76.56073378,3.38671356],[-76.56074208,3.38671707],[-76.56075043,3.38672045],[-76.56075882,3.3867237],[-76.56076726,3.38672683],[-76.56077575,3.38672983],[-76.56078428,3.38673271],[-76.56079286,3.38673546],[-76.56080147,3.38673808],[-76.56081012,3.38674057],[-76.56081881,3.38674293],[-76.56082753,3.38674516],[-76.56083628,3.38674726],[-76.56084506,3.38674923],[-76.56085387,3.38675107],[-76.56086271,3.38675278],[-76.56087157,3.38675435],[-76.56088046,3.38675579],[-76.56088936,3.3867571],[-76.56089828,3.38675828],[-76.56090722,3.38675932],[-76.56091617,3.38676023],[-76.56092514,3.38676101],[-76.56093411,3.38676165],[-76.5609431,3.38676216],[-76.56095209,3.38676253],[-76.56096109,3.38676277],[-76.56097008,3.38676288],[-76.56097908,3.38676285],[-76.56098808,3.38676269],[-76.56099707,3.38676239],[-76.56100606,3.38676196],[-76.56102138,3.38676091],[-76.56102907,3.3867656],[-76.56103684,3.38677016],[-76.56104469,3.38677458],[-76.56105262,3.38677887],[-76.56106061,3.38678302],[-76.56106868,3.38678703],[-76.56107681,3.3867909],[-76.56108501,3.38679463],[-76.56109327,3.38679822],[-76.56110158,3.38680167],[-76.56110996,3.38680497],[-76.56111839,3.38680813],[-76.56112688,3.38681114],[-76.56113541,3.38681401],[-76.56114931,3.38681833],[-76.56115829,3.3868189],[-76.56116728,3.38681938],[-76.56117627,3.38681976],[-76.56118526,3.38682004],[-76.56119426,3.38682022],[-76.56120326,3.3868203],[-76.56121226,3.38682028],[-76.56122375,3.38682011],[-76.5612327,3.38681913],[-76.56124165,3.38681818],[-76.5612506,3.38681725],[-76.56125955,3.38681634],[-76.56126851,3.38681545],[-76.56127747,3.38681458],[-76.56129465,3.38681299],[-76.56131415,3.38681299],[-76.56134605,3.38681299],[-76.56135491,3.3868146],[-76.56136379,3.38681604],[-76.5613815,3.38681833],[-76.56139048,3.38681783],[-76.5613993,3.38681608],[-76.56140779,3.38681312],[-76.56142049,3.38680587],[-76.56142619,3.38679887],[-76.56143161,3.38679165],[-76.56143999,3.38677915],[-76.56144849,3.3867762],[-76.56145722,3.38677402],[-76.56146611,3.38677262],[-76.56147899,3.38677203],[-76.56148798,3.3867719],[-76.56149698,3.3867721],[-76.56150596,3.38677261],[-76.56151492,3.38677345],[-76.56152385,3.3867746],[-76.56153925,3.38677737],[-76.56154824,3.38677769],[-76.56155723,3.38677811],[-76.56156621,3.38677861],[-76.56157519,3.38677921],[-76.56158417,3.38677989],[-76.56159313,3.38678067],[-76.56160209,3.38678154],[-76.56161104,3.3867825],[-76.56161998,3.38678355],[-76.5616289,3.38678469],[-76.56164028,3.38678628],[-76.56164872,3.3867894],[-76.56165724,3.38679233],[-76.56166581,3.38679507],[-76.56167445,3.38679762],[-76.56168313,3.38679998],[-76.56169187,3.38680214],[-76.5617094,3.38680588],[-76.56171773,3.38680927],[-76.56172648,3.38681133],[-76.56173545,3.38681201],[-76.56174485,3.38681122],[-76.56175176,3.38680543],[-76.56175868,3.38679964],[-76.56176612,3.38679341],[-76.56177261,3.3867872],[-76.56178067,3.38678324],[-76.56179625,3.38678272],[-76.56180243,3.38678929],[-76.56180947,3.38679491],[-76.56181724,3.38679946],[-76.56182993,3.3868041],[-76.56183739,3.38680914],[-76.56184506,3.38681387],[-76.56185293,3.38681827],[-76.56186097,3.38682233],[-76.56186917,3.38682605],[-76.56188133,3.38683082],[-76.56188694,3.38683788],[-76.56189241,3.38684507],[-76.56190259,3.38685932],[-76.56190427,3.38686819],[-76.56190776,3.3868765],[-76.56191291,3.3868839],[-76.5619195,3.38689003],[-76.56193272,3.38689673],[-76.5619405,3.38690127],[-76.5619487,3.38690499],[-76.56195724,3.38690784],[-76.56196602,3.38690979],[-76.56198235,3.38691098],[-76.56199108,3.38691317],[-76.56199981,3.38691536],[-76.56201071,3.3869181],[-76.5620196,3.38691673],[-76.56202858,3.38691618],[-76.56203757,3.38691646],[-76.5620465,3.38691756],[-76.56205679,3.38691988],[-76.56206366,3.38691408],[-76.56206887,3.38690674],[-76.56207275,3.38689495],[-76.56207646,3.38688671],[-76.56208013,3.38687845],[-76.56208376,3.38687018],[-76.56208736,3.38686189],[-76.56209224,3.38685042],[-76.56209413,3.38684158],[-76.56209619,3.38683277],[-76.56209841,3.38682401],[-76.56210079,3.38681529],[-76.56210465,3.38680233],[-76.5621108,3.38679573],[-76.56211794,3.38679025],[-76.56212589,3.38678604],[-76.56213656,3.38678273],[-76.56214431,3.38677813],[-76.56215191,3.3867733],[-76.56215937,3.38676825],[-76.56216668,3.38676297],[-76.56217998,3.38675245],[-76.56218116,3.38674349],[-76.56218187,3.38673447],[-76.56218209,3.38672544],[-76.56218176,3.38671505],[-76.56218715,3.38670783],[-76.56219403,3.38670203],[-76.56220203,3.38669794],[-76.56221721,3.38669546],[-76.56222595,3.38669671],[-76.5622367,3.38668655],[-76.56224309,3.38668024],[-76.56224695,3.38667212],[-76.56224734,3.38665983],[-76.56225334,3.3866531],[-76.56225874,3.38664586],[-76.56226349,3.38663819],[-76.56226757,3.38663013],[-76.56227094,3.38662175],[-76.56227393,3.38661174],[-76.56227525,3.38660279],[-76.56227679,3.38659389],[-76.56227857,3.38658502],[-76.56228102,3.38657433],[-76.56228617,3.38656692],[-76.56229104,3.38655932],[-76.56229814,3.38654727],[-76.56229929,3.38654727],[-76.5622997,3.38654819],[-76.56230219,3.38655385],[-76.56230013,3.38655996],[-76.56229929,3.38656901],[-76.56229929,3.38657257],[-76.56229929,3.38657805],[-76.56229929,3.38658161],[-76.56230081,3.38658942],[-76.56230013,3.38659614],[-76.56229837,3.38660518],[-76.56229563,3.3866133],[-76.56229204,3.38662235],[-76.56228937,3.38663047],[-76.56228663,3.38663952],[-76.56228579,3.38664856],[-76.56228607,3.38664909],[-76.56228579,3.38665212],[-76.56229029,3.38666032],[-76.56229746,3.38666569],[-76.56230555,3.38666116],[-76.56231187,3.38665488],[-76.56231637,3.3866476],[-76.56232087,3.38663948],[-76.56232537,3.38663135],[-76.56232896,3.38662322],[-76.56233529,3.38661595],[-76.56234246,3.38661143],[-76.56235237,3.38660966],[-76.56236045,3.38661234],[-76.56236762,3.38661779],[-76.56237487,3.38662323],[-76.56238386,3.38662414],[-76.56239195,3.38661962],[-76.56239828,3.38661326],[-76.56240728,3.38661058],[-76.56241627,3.38661143],[-76.56242345,3.38661595],[-76.56242977,3.38662231],[-76.56243336,3.38663043],[-76.56243511,3.38663948],[-76.56243961,3.3866476],[-76.56244685,3.38665304],[-76.56245311,3.3866594],[-76.56245677,3.38666753],[-76.56245761,3.38667657],[-76.56245852,3.38668561],[-76.56245944,3.38669466],[-76.56246211,3.3867037],[-76.56246576,3.38671183],[-76.56246844,3.38672087],[-76.56247202,3.38672899],[-76.56247476,3.38673719],[-76.56247835,3.38674623],[-76.56248102,3.38675436],[-76.56248552,3.38676248],[-76.56248826,3.38677061],[-76.56249002,3.38677965],[-76.56249185,3.3867887],[-76.56249634,3.38679597],[-76.56250352,3.38680226],[-76.56251076,3.3868077],[-76.5625161,3.38681491],[-76.56252151,3.38682219],[-76.56252601,3.38683031],[-76.56253051,3.38683844],[-76.56253325,3.38684656],[-76.56253501,3.3868556],[-76.56253574,3.38686284],[-76.562535,3.38687013],[-76.56253409,3.38687917],[-76.56253325,3.38688822],[-76.56253325,3.38689178],[-76.56253324,3.38689726],[-76.56253325,3.38690082],[-76.56253501,3.38690986],[-76.56253775,3.38691806],[-76.56254309,3.38692527],[-76.5625485,3.38693247],[-76.56255483,3.38693883],[-76.56256109,3.38694604],[-76.5625665,3.38695332],[-76.56257192,3.38696052],[-76.56257733,3.3869678],[-76.56258183,3.38697501],[-76.56258808,3.38698221],[-76.5625935,3.38698949],[-76.56259982,3.38699578],[-76.562607,3.38700214],[-76.56261332,3.38700758],[-76.56262049,3.38701302],[-76.56262773,3.38701839],[-76.5626349,3.38702383],[-76.56264299,3.38702927],[-76.56265023,3.38703379],[-76.56265923,3.38703648],[-76.56266823,3.38703563],[-76.56267389,3.38704049],[-76.56267272,3.38704648],[-76.56266822,3.38705376],[-76.5626619,3.38706005],[-76.56265381,3.38706457],[-76.5626484,3.38707184],[-76.56264481,3.38707997],[-76.56264481,3.38708353],[-76.56264481,3.38708901],[-76.56264482,3.38709257],[-76.5626484,3.38710162],[-76.56265199,3.38710974],[-76.56265557,3.38711787],[-76.56266007,3.38712514],[-76.56266457,3.38713327],[-76.56266907,3.38714139],[-76.56267448,3.38714867],[-76.56267898,3.3871568],[-76.56268348,3.387164],[-76.56268707,3.38717213],[-76.56268981,3.38718117],[-76.56269156,3.38719021],[-76.56269247,3.38719921],[-76.56269247,3.38719926],[-76.56269247,3.38720474],[-76.56269156,3.38721378],[-76.56269156,3.38721735],[-76.56269156,3.38722283],[-76.56269156,3.38722639],[-76.56269248,3.38723543],[-76.56269339,3.38724363],[-76.56269698,3.38725267],[-76.56270056,3.3872608],[-76.56270597,3.387268],[-76.56271322,3.38727344],[-76.56272039,3.3872798],[-76.56272671,3.38728517],[-76.56273297,3.38729153],[-76.56273627,3.38729749],[-76.56273205,3.38730245],[-76.56272305,3.38730337],[-76.56271497,3.38730153],[-76.56270597,3.38729793],[-76.56269788,3.38729341],[-76.56269071,3.38728889],[-76.56268256,3.38728437],[-76.56267539,3.38727892],[-76.56266997,3.38727172],[-76.56266639,3.38726352],[-76.56266456,3.38725448],[-76.56266098,3.38724635],[-76.56265472,3.38724091],[-76.56264572,3.38724183],[-76.56263672,3.38724459],[-76.56262948,3.38724996],[-76.56262048,3.38725363],[-76.56261148,3.38725363],[-76.5626034,3.38725087],[-76.56259531,3.38724635],[-76.56258807,3.38724091],[-76.56257999,3.38723639],[-76.56257282,3.38723187],[-76.56256473,3.3872265],[-76.56255749,3.38722106],[-76.56255032,3.38721654],[-76.56254308,3.3872111],[-76.56253591,3.38720566],[-76.56252874,3.38720021],[-76.56252058,3.38719661],[-76.56251158,3.38719393],[-76.56250259,3.38719117],[-76.5624945,3.3871894],[-76.5624855,3.38718757],[-76.5624765,3.3871858],[-76.5624675,3.3871858],[-76.56245851,3.3871858],[-76.56244951,3.38718848],[-76.56244142,3.38719117],[-76.56243242,3.38719392],[-76.56242342,3.38719569],[-76.56241534,3.38719753],[-76.56240634,3.38719753],[-76.56239734,3.38719569],[-76.56238926,3.38719209],[-76.56238026,3.38718848],[-76.5623721,3.38718488],[-76.56236402,3.38718128],[-76.56235593,3.3871776],[-76.56234785,3.387174],[-76.56233976,3.38716948],[-76.56233161,3.38716587],[-76.56232352,3.38716135],[-76.56231544,3.38715775],[-76.56230735,3.38715323],[-76.56229927,3.38714962],[-76.56229112,3.38714595],[-76.56228303,3.38714234],[-76.56227494,3.38713874],[-76.56226595,3.38713514],[-76.56225786,3.38713238],[-76.56224978,3.3871297],[-76.56224078,3.38712609],[-76.56223262,3.38712157],[-76.56222637,3.38711613],[-76.56222278,3.38710709],[-76.56221737,3.38710073],[-76.56220928,3.38709621],[-76.56220028,3.38709444],[-76.56219129,3.38709168],[-76.56218313,3.38708992],[-76.56217413,3.38708716],[-76.56216513,3.3870854],[-76.56215705,3.38708264],[-76.56214805,3.38708087],[-76.56213905,3.38707812],[-76.56213097,3.38707543],[-76.56212197,3.38707359],[-76.56211297,3.38707091],[-76.56205448,3.38706278],[-76.56203915,3.38706455],[-76.56203015,3.38706639],[-76.56202115,3.38706822],[-76.56201307,3.38706999],[-76.56200407,3.38706999],[-76.56199507,3.38706907],[-76.56198607,3.3870673],[-76.56197707,3.38706547],[-76.56196807,3.3870637],[-76.56196182,3.38706822],[-76.56195732,3.38707635],[-76.56195282,3.38708447],[-76.56194832,3.38709168],[-76.56193932,3.3870926],[-76.56193032,3.38709083],[-76.56192132,3.38708807],[-76.56191232,3.38708631],[-76.56190417,3.38708355],[-76.56189517,3.38708087],[-76.56188617,3.38707903],[-76.56187809,3.38707726],[-76.56186909,3.38707542],[-76.56186009,3.38707451],[-76.56185109,3.38707274],[-76.56184209,3.3870709],[-76.56183309,3.38706906],[-76.56182501,3.3870673],[-76.56181601,3.38706546],[-76.56180701,3.38706278],[-76.56179801,3.38706186],[-76.56178901,3.38706094],[-76.56178001,3.38706002],[-76.56177102,3.38706002],[-76.56176202,3.38706002],[-76.56175302,3.38706094],[-76.56174402,3.38706186],[-76.56173502,3.38706369],[-76.56172694,3.38706546],[-76.56171794,3.3870673],[-76.56170894,3.38706998],[-76.56170085,3.38707273],[-76.56169185,3.38707542],[-76.5616837,3.38707902],[-76.56167561,3.38708354],[-76.56166844,3.38708807],[-76.5616612,3.38709351],[-76.56165403,3.38709895],[-76.56164686,3.38710523],[-76.56164053,3.38711159],[-76.5616342,3.38711795],[-76.56162795,3.38712424],[-76.56162162,3.3871306],[-76.56161712,3.38713872],[-76.56161171,3.38714593],[-76.56160904,3.38715412],[-76.56160636,3.38716317],[-76.56160271,3.38717306],[-76.56160004,3.38718125],[-76.56159912,3.3871903],[-76.56159736,3.38719934],[-76.56159645,3.38720838],[-76.56159554,3.38721743],[-76.56159554,3.38722099],[-76.56159553,3.38722647],[-76.56159554,3.38723003],[-76.56159645,3.38723907],[-76.56159821,3.38724812],[-76.56160187,3.38726345],[-76.56161445,3.38729242],[-76.56162794,3.38732674],[-76.56162794,3.38733676],[-76.56162794,3.38734032],[-76.56162794,3.3873458],[-76.56162794,3.38734936],[-76.56162794,3.38735484],[-76.56162795,3.38735841],[-76.56162886,3.38736745],[-76.56163153,3.38737557],[-76.56163512,3.38738377],[-76.56163961,3.3873919],[-76.5616432,3.38740002],[-76.5616477,3.38740815],[-76.56165311,3.38741542],[-76.5616612,3.38741994],[-76.5616702,3.38741995],[-76.56167919,3.38741811],[-76.56168819,3.38741903],[-76.56169635,3.38742171],[-76.56170443,3.38742623],[-76.56171069,3.38743167],[-76.56171793,3.38743803],[-76.56172419,3.38744432],[-76.5617296,3.3874516],[-76.56173593,3.38745789],[-76.56174134,3.38746516],[-76.56174668,3.38747237],[-76.5617521,3.38747958],[-76.56175751,3.38748685],[-76.56176384,3.38749406],[-76.56176918,3.38750042],[-76.56177551,3.38750671],[-76.56178183,3.38751399],[-76.56178718,3.38752119],[-76.56179259,3.38752847],[-76.56179709,3.38753568],[-76.5618025,3.3875438],[-76.561807,3.38755108],[-76.56181241,3.38755828],[-76.56181691,3.38756641],[-76.56182233,3.38757369],[-76.56182767,3.38758089],[-76.56183308,3.3875881],[-76.56183941,3.38759446],[-76.56184391,3.38760258],[-76.56184841,3.38760986],[-76.56185291,3.38761799],[-76.56185741,3.38762611],[-76.56186191,3.38763424],[-76.56186641,3.38764151],[-76.5618709,3.38764964],[-76.5618754,3.38765776],[-76.5618799,3.38766497],[-76.5618844,3.38767317],[-76.56188799,3.38768129],[-76.56189249,3.3876885],[-76.56189607,3.38769754],[-76.56189881,3.38770567],[-76.5619024,3.38771471],[-76.56190866,3.38772015],[-76.56191765,3.38772107],[-76.56192665,3.38772015],[-76.56193565,3.38771839],[-76.56194381,3.38771471],[-76.56195098,3.38770843],[-76.56195731,3.38770207],[-76.56196356,3.38769578],[-76.56196898,3.3876885],[-76.56197439,3.38768129],[-76.5619798,3.38767402],[-76.56198515,3.38766681],[-76.56199056,3.38766045],[-76.5619978,3.38765416],[-76.56200497,3.38764872],[-76.56201214,3.38764328],[-76.5620203,3.38763876],[-76.56202747,3.38763332],[-76.56203288,3.38762704],[-76.5620383,3.38761891],[-76.56204364,3.38761163],[-76.56204814,3.38760443],[-76.56205355,3.38759715],[-76.56205897,3.38758994],[-76.56206438,3.38758274],[-76.56206979,3.38757546],[-76.56207605,3.38756825],[-76.56208146,3.3875619],[-76.56208779,3.38755561],[-76.56209496,3.38755017],[-76.56210396,3.38754657],[-76.56211296,3.38754565],[-76.56212105,3.38754741],[-76.56213004,3.38755017],[-76.56213813,3.38755285],[-76.56214713,3.38755561],[-76.56215613,3.38755738],[-76.56216512,3.38755921],[-76.56217328,3.38756098],[-76.56218228,3.3875619],[-76.56219128,3.3875619],[-76.56220028,3.38756013],[-76.56220928,3.38755738],[-76.56221736,3.38755286],[-76.56222453,3.38754833],[-76.56223262,3.38754473],[-76.56224077,3.38754021],[-76.56224886,3.38753569],[-76.56225694,3.38753209],[-76.56226503,3.38752756],[-76.56227311,3.38752396],[-76.56228127,3.38752212],[-76.56229027,3.38752029],[-76.56229926,3.38752029],[-76.56230826,3.38752029],[-76.56231726,3.38752121],[-76.56232626,3.38752305],[-76.56233526,3.38752573],[-76.56234334,3.38752849],[-76.56235234,3.38753117],[-76.56236043,3.38753385],[-76.56236943,3.38753661],[-76.56238025,3.38754021],[-76.56238384,3.38754742],[-76.56243783,3.38757095],[-76.56244592,3.38757547],[-76.56245309,3.38757999],[-76.56246124,3.3875836],[-76.56246933,3.38758812],[-76.56247741,3.38759179],[-76.5624855,3.38759632],[-76.56249358,3.38759992],[-76.56250173,3.38760444],[-76.56250891,3.38760896],[-76.56251699,3.3876144],[-76.56252423,3.38761893],[-76.5625314,3.38762429],[-76.56253857,3.38762974],[-76.56254581,3.38763518],[-76.56255299,3.38764154],[-76.56255931,3.3876469],[-76.56256648,3.38765326],[-76.56257281,3.38765962],[-76.56257907,3.38766591],[-76.56258448,3.38767319],[-76.56258989,3.38768039],[-76.56259439,3.38768852],[-76.56259798,3.38769664],[-76.56260071,3.38770567],[-76.56260071,3.38770569],[-76.56260071,3.38771117],[-76.56260071,3.38771473],[-76.56260071,3.38772021],[-76.56260071,3.38772377],[-76.56260071,3.38772926],[-76.56260072,3.38773282],[-76.56260156,3.38774186],[-76.5626043,3.38775006],[-76.5626088,3.38775818],[-76.56261422,3.38776539],[-76.56261956,3.38777175],[-76.56262589,3.38777895],[-76.56263221,3.38778531],[-76.56263938,3.38779075],[-76.56264571,3.38779704],[-76.56265288,3.38780248],[-76.56265921,3.38780884],[-76.56266638,3.38781421],[-76.56267355,3.38782057],[-76.56267988,3.38782601],[-76.56268705,3.3878323],[-76.5626952,3.38783682],[-76.56270329,3.38784049],[-76.56271137,3.3878441],[-76.56271946,3.38784862],[-76.56272754,3.38785222],[-76.5627357,3.38785583],[-76.56274378,3.38786035],[-76.56275187,3.38786487],[-76.56275995,3.38786847],[-76.56276804,3.38787215],[-76.56277619,3.38787575],[-76.56278428,3.38787936],[-76.56279236,3.38788296],[-76.56280136,3.38788656],[-76.56280944,3.38788932],[-76.56281753,3.38789384],[-76.56282477,3.38789928],[-76.56283194,3.38790465],[-76.56284003,3.38790741],[-76.56284902,3.38790649],[-76.56285802,3.38790465],[-76.56286618,3.38790197],[-76.56287518,3.38790197],[-76.56288418,3.38790197],[-76.56289317,3.38790197],[-76.56290217,3.38790197],[-76.56291117,3.3879038],[-76.56291926,3.38790649],[-76.56292551,3.3879137],[-76.56293093,3.38792097],[-76.56293725,3.38792726],[-76.56294534,3.3879327],[-76.56295251,3.38793722],[-76.56295884,3.38794358],[-76.56296516,3.38794987],[-76.56297233,3.38795623],[-76.5629795,3.38795983],[-76.5629885,3.38796344],[-76.56299666,3.38796711],[-76.56300474,3.3879698],[-76.56301191,3.38797524],[-76.56301465,3.38798334],[-76.56301465,3.38798336],[-76.56301465,3.38798884],[-76.56301465,3.3879924],[-76.56301465,3.38799789],[-76.56301282,3.38800693],[-76.56301191,3.38801597],[-76.56301209,3.38801778],[-76.56301191,3.38801953],[-76.56301283,3.38802858],[-76.5630155,3.38803762],[-76.56302365,3.38805119],[-76.56302351,3.3880526],[-76.56302857,3.38806178],[-76.56303139,3.38806715],[-76.56303448,3.38807182],[-76.56303757,3.38807719],[-76.56304109,3.38808312],[-76.56304516,3.38808906],[-76.56304875,3.38809414],[-76.56305494,3.3881029],[-76.56306028,3.38811244],[-76.56306492,3.3881193],[-76.56307075,3.38812763],[-76.56307357,3.38813194],[-76.56307975,3.38814014],[-76.56308531,3.38814791],[-76.56309079,3.38815582],[-76.56309571,3.38816381],[-76.56309908,3.38817017],[-76.56310316,3.38817737],[-76.56310654,3.38818529],[-76.56311068,3.3881932],[-76.56311434,3.38820076],[-76.563118,3.38820768],[-76.56312221,3.38821475],[-76.56312615,3.38822153],[-76.56312959,3.38822789],[-76.56313072,3.38822994],[-76.56313262,3.38823354],[-76.56313515,3.38823849],[-76.56313789,3.38824379],[-76.56314091,3.38824986],[-76.56314379,3.38825608],[-76.56314717,3.38826286],[-76.56315097,3.38826993],[-76.56315553,3.38827721],[-76.56315715,3.38828349],[-76.56315701,3.38828526],[-76.56315947,3.38829317],[-76.56316214,3.38830172],[-76.56316439,3.38830921],[-76.56316643,3.38831635],[-76.56316868,3.38832412],[-76.56317135,3.38833196],[-76.56317444,3.38833987],[-76.56317712,3.38834715],[-76.56317965,3.38835393],[-76.56318232,3.38836043],[-76.56318569,3.38836686],[-76.56318893,3.38837308],[-76.5631923,3.38837951],[-76.5631956,3.38838622],[-76.56319919,3.38839329],[-76.56320242,3.38839951],[-76.56320524,3.38840593],[-76.56320833,3.38841187],[-76.56321114,3.38841724],[-76.56321606,3.38842791],[-76.56322112,3.38843709],[-76.56322626,3.38844515],[-76.56323132,3.38845235],[-76.56323652,3.38845907],[-76.56324271,3.388465],[-76.56324889,3.38846966],[-76.56325599,3.38847475],[-76.56326443,3.38847956],[-76.56327216,3.38848422],[-76.56328095,3.38848839],[-76.56329051,3.38849234],[-76.56329909,3.38849574],[-76.56330759,3.38849884],[-76.56331603,3.38850195],[-76.56332067,3.38850351],[-76.563327,3.3885052],[-76.56333593,3.38850831],[-76.563349,3.38851524],[-76.56335498,3.38852082],[-76.56336039,3.38852711],[-76.56336461,3.38853346],[-76.56336728,3.38853841],[-76.56336988,3.38854491],[-76.56337248,3.38855141],[-76.56337424,3.38855706],[-76.56337586,3.3885625],[-76.5633774,3.38856816],[-76.56337944,3.38857465],[-76.56338141,3.3885813],[-76.56338268,3.3885849],[-76.56338682,3.38859529],[-76.563398,3.38861309],[-76.56340651,3.38862327],[-76.56341459,3.38863266],[-76.56342373,3.38864043],[-76.56343371,3.38865011],[-76.56344236,3.38865902],[-76.56345045,3.38866601],[-76.56345846,3.38867251],[-76.56346486,3.38867873],[-76.56346978,3.38868339],[-76.56347463,3.38868791],[-76.56348046,3.38869335],[-76.56348679,3.38869922],[-76.56349291,3.38870487],[-76.56349923,3.38871088],[-76.56350549,3.38871716],[-76.56351252,3.38872416],[-76.56351941,3.38873108],[-76.56352496,3.38873772],[-76.56352883,3.38874493],[-76.56353242,3.3887527],[-76.56353516,3.38876238],[-76.56353583,3.38876881],[-76.56353487,3.38877373],[-76.56352925,3.38878333],[-76.56352531,3.38878666],[-76.56351969,3.38879125],[-76.56351378,3.38879492],[-76.5635071,3.38879874],[-76.56350091,3.38880149],[-76.56349515,3.38880425],[-76.56348945,3.38880686],[-76.56348285,3.38881025],[-76.56347539,3.38881541],[-76.56346689,3.38882127],[-76.56346035,3.38882544],[-76.56345388,3.38882996],[-76.56344594,3.38883561],[-76.56343687,3.38884275],[-76.56342892,3.38884939],[-76.56342154,3.38885554],[-76.56341486,3.38886133],[-76.56340853,3.38886741],[-76.56340256,3.3888732],[-76.56339637,3.38887921],[-76.56339061,3.38888443],[-76.56338533,3.38888973],[-76.56338013,3.3888951],[-76.56337542,3.38890033],[-76.56337071,3.38890492],[-76.56336663,3.38890958],[-76.56336213,3.38891418],[-76.5633563,3.38891955],[-76.56334906,3.38892541],[-76.56334174,3.38893149],[-76.56333429,3.38893749],[-76.56332663,3.38894307],[-76.56331911,3.38894908],[-76.5633113,3.38895579],[-76.5633028,3.388963],[-76.5632952,3.38897027],[-76.56328726,3.38897748],[-76.56328072,3.38898461],[-76.56327496,3.38899196],[-76.56326982,3.38899924],[-76.56326286,3.38900998],[-76.56325822,3.38901789],[-76.56325527,3.38902171],[-76.56324831,3.3890299],[-76.56324079,3.38903612],[-76.56323474,3.38903993],[-76.56322785,3.38904219],[-76.56321977,3.38904332],[-76.56321358,3.38904396],[-76.56320781,3.38904311],[-76.56320191,3.38904085],[-76.56319122,3.38903591],[-76.56318356,3.38902933],[-76.5631773,3.38902403],[-76.56317098,3.38901676],[-76.56316528,3.38901174],[-76.56315446,3.38900326],[-76.56315038,3.38900001],[-76.56313027,3.3889856],[-76.56312479,3.38898214],[-76.56311403,3.388975],[-76.56310918,3.38897189],[-76.56309983,3.3889661],[-76.56306784,3.3889538],[-76.56306124,3.38895176],[-76.56305456,3.38894971],[-76.56304774,3.38894794],[-76.56304106,3.38894617],[-76.56303086,3.38894448],[-76.56301919,3.38894299],[-76.56300921,3.3889425],[-76.56300464,3.38894278],[-76.56299881,3.38894278],[-76.56299241,3.38894278],[-76.56298376,3.38894306],[-76.56297434,3.38894363],[-76.56296541,3.38894419],[-76.56295529,3.38894497],[-76.56294636,3.38894603],[-76.56293771,3.38894758],[-76.56293005,3.38894893],[-76.56292323,3.3889502],[-76.56291732,3.38895175],[-76.56291128,3.38895331],[-76.56290565,3.38895514],[-76.56289855,3.38895719],[-76.56289138,3.3889598],[-76.5628833,3.38896291],[-76.56287465,3.3889668],[-76.5628665,3.38897012],[-76.56285883,3.38897323],[-76.56285124,3.38897634],[-76.56284414,3.38897966],[-76.56283753,3.38898276],[-76.56283064,3.38898637],[-76.56282431,3.38899054],[-76.56281742,3.38899541],[-76.56281011,3.389],[-76.56280273,3.38900495],[-76.56279457,3.38900982],[-76.5627867,3.38901498],[-76.56277833,3.38902084],[-76.56276997,3.38902628],[-76.56276462,3.38902961],[-76.5627552,3.38903582],[-76.56274656,3.38904119],[-76.56273692,3.38904741],[-76.56272778,3.38905278],[-76.56271942,3.38905843],[-76.56271077,3.38906415],[-76.56270241,3.3890698],[-76.56269425,3.38907517],[-76.56268687,3.38907955],[-76.56267998,3.38908344],[-76.56267316,3.38908782],[-76.56266704,3.38909241],[-76.56266121,3.38909658],[-76.56265516,3.38910089],[-76.56264827,3.38910583],[-76.56264011,3.3891117],[-76.56263252,3.38911686],[-76.56262387,3.38912201],[-76.56261579,3.38912766],[-76.56260813,3.38913233],[-76.56260053,3.38913749],[-76.56259442,3.38914158],[-76.56258682,3.38914773],[-76.56258043,3.38915416],[-76.5625741,3.3891603],[-76.56257002,3.38916447],[-76.56256805,3.38916652],[-76.56256348,3.38917316],[-76.56255842,3.3891832],[-76.56255568,3.38919316],[-76.56255392,3.38919803],[-76.56255209,3.3892034],[-76.56254935,3.38920955],[-76.56254633,3.38921697],[-76.5625433,3.38922417],[-76.56254077,3.3892306],[-76.56253747,3.38923979],[-76.56253473,3.38924593],[-76.56253044,3.38925413],[-76.56252713,3.38926006],[-76.56252306,3.38926748],[-76.56251905,3.38927441],[-76.56251476,3.38928232],[-76.56251068,3.38928776],[-76.5625066,3.38929468],[-76.56250281,3.38929927],[-76.56249901,3.38930415],[-76.56249395,3.38930959],[-76.56248839,3.38931545],[-76.56248277,3.3893216],[-76.56247694,3.38932782],[-76.56246906,3.38933446],[-76.5624602,3.38934011],[-76.56245233,3.38934272],[-76.56244621,3.38934456],[-76.5624401,3.38934633],[-76.56243117,3.38934944],[-76.56242182,3.38935283],[-76.5624119,3.38935721],[-76.56240494,3.38936102],[-76.56239812,3.38936484],[-76.56239299,3.3893683],[-76.56238856,3.38937119],[-76.5623847,3.38937416],[-76.5623809,3.38937748],[-76.56234786,3.3894027],[-76.56234251,3.38940701],[-76.56233907,3.38940977],[-76.56232951,3.38941768],[-76.56232002,3.38942559],[-76.56231144,3.38943365],[-76.56230363,3.3894405],[-76.56229717,3.38944651],[-76.56229007,3.3894523],[-76.5622869,3.38945668],[-76.56228374,3.3894612],[-76.56228184,3.38946389],[-76.56227966,3.38946692],[-76.5622772,3.38946989],[-76.5622739,3.38947357],[-76.56227101,3.38947618],[-76.56226483,3.38948211],[-76.56226019,3.38948656],[-76.5622533,3.38949257],[-76.56224549,3.389499],[-76.56223677,3.38950613],[-76.56222862,3.38951263],[-76.56222089,3.38952034],[-76.5622083,3.38953326],[-76.56220211,3.38953955],[-76.56219691,3.38954506],[-76.56219157,3.38954944],[-76.56218672,3.38955354],[-76.56218194,3.38955792],[-76.56217582,3.38956435],[-76.56216949,3.38957177],[-76.56216366,3.38957919],[-76.56215838,3.38958639],[-76.56215304,3.3895936],[-76.56214875,3.3896013],[-76.56214622,3.38960893],[-76.56214467,3.38961663],[-76.56214425,3.38962461],[-76.56214432,3.38962695],[-76.56214426,3.38962818],[-76.56214454,3.38963765],[-76.56214503,3.38964577],[-76.5621451,3.38965248],[-76.5621451,3.38965298],[-76.56214509,3.38965704],[-76.5621451,3.38966061],[-76.56214538,3.38967085],[-76.56214594,3.38967905],[-76.56214981,3.38968724],[-76.5621529,3.38969155],[-76.56216028,3.38969975],[-76.56216464,3.38970378],[-76.56216949,3.38970816],[-76.56217406,3.38971275],[-76.56217891,3.38971755],[-76.56218376,3.38972243],[-76.56218869,3.38972653],[-76.56219452,3.38973161],[-76.56219965,3.38973621],[-76.56220577,3.38974179],[-76.56221167,3.38974716],[-76.56221779,3.38975253],[-76.56222419,3.38975832],[-76.56222974,3.38976348],[-76.56223537,3.38976857],[-76.5622405,3.38977316],[-76.56224563,3.38977719],[-76.56225069,3.38978128],[-76.5622561,3.38978538],[-76.56226222,3.38979068],[-76.56226806,3.38979633],[-76.56227445,3.38980192],[-76.56228008,3.389807],[-76.5622883,3.38981598],[-76.56229238,3.38982078],[-76.56229674,3.38982509],[-76.56230103,3.38982947],[-76.56230616,3.38983406],[-76.56231052,3.38983816],[-76.56231488,3.38984247],[-76.56232331,3.38984932],[-76.5623307,3.38985264],[-76.56233681,3.38985469],[-76.56234342,3.38985717],[-76.56234855,3.38985922],[-76.56235488,3.38986225],[-76.56236205,3.38986529],[-76.56236796,3.38986812],[-76.5623766,3.38987193],[-76.56238427,3.38987547],[-76.56239193,3.38987879],[-76.56239727,3.38988133],[-76.56240261,3.38988387],[-76.56241281,3.3898884],[-76.56242251,3.38989299],[-76.56243172,3.38989808],[-76.56243755,3.38990161],[-76.5624424,3.38990571],[-76.56244775,3.3899103],[-76.5624519,3.38991412],[-76.56246026,3.38992203],[-76.56246589,3.38992662],[-76.56246947,3.38993121],[-76.56247383,3.38993658],[-76.56248072,3.38994217],[-76.56248761,3.38994619],[-76.56249197,3.38995079],[-76.56249401,3.38995771],[-76.5624971,3.38996612],[-76.56249942,3.38997226],[-76.56250174,3.38997869],[-76.56250434,3.38998604],[-76.56250715,3.38999346],[-76.56250975,3.39000038],[-76.56251278,3.39000674],[-76.5625151,3.39001268],[-76.5625177,3.39001932],[-76.56252206,3.39002949],[-76.56252466,3.3900367],[-76.56252719,3.39004355],[-76.56253,3.3900497],[-76.56253492,3.39005867],[-76.56253696,3.39006503],[-76.56253851,3.39007167],[-76.56254083,3.39008008],[-76.56254314,3.39008856],[-76.56254596,3.39009442],[-76.56254982,3.3901],[-76.56255545,3.39010566],[-76.56256107,3.39010947],[-76.56256817,3.39011095],[-76.56257555,3.39011096],[-76.56258547,3.3901099],[-76.56259285,3.39010806],[-76.56259847,3.39010728],[-76.56260536,3.39010827],[-76.56261274,3.39011131],[-76.56261837,3.39011541],[-76.56262322,3.39011943],[-76.56262652,3.3901241],[-76.56262962,3.39012608],[-76.56263468,3.3901294],[-76.56264213,3.39013477],[-76.5626493,3.39014007],[-76.56265689,3.39014649],[-76.56266435,3.39015257],[-76.56267095,3.39015872],[-76.56267685,3.39016867],[-76.56267685,3.3901702],[-76.56267686,3.39017377],[-76.56267714,3.39017942],[-76.56267819,3.39018606],[-76.56267974,3.39019348],[-76.56268206,3.39020139],[-76.56268494,3.39020832],[-76.56268719,3.39021418],[-76.56269106,3.39022414],[-76.56269577,3.39022951],[-76.56270406,3.39023714],[-76.5627144,3.39024442],[-76.56272565,3.39025014],[-76.56273183,3.39025368],[-76.56273486,3.39025728],[-76.56273581,3.39025947],[-76.5627352,3.39026078],[-76.5627312,3.39026346],[-76.56272888,3.39026784],[-76.56272768,3.39027286],[-76.56272813,3.39027456],[-76.56272769,3.39027643],[-76.56272958,3.39028363],[-76.56273296,3.39028971],[-76.56273893,3.39029819],[-76.56274196,3.3903032],[-76.5627429,3.39031299],[-76.56274286,3.39031688],[-76.56274061,3.39032119],[-76.56273759,3.39032656],[-76.56273429,3.390332],[-76.5627307,3.39033835],[-76.56272719,3.39034429],[-76.56272339,3.39034945],[-76.5627158,3.39035736],[-76.56270659,3.39035997],[-76.56270103,3.39035997],[-76.56269435,3.39036004],[-76.56268627,3.39036004],[-76.56267706,3.39035983],[-76.56267045,3.39035927],[-76.56266792,3.39035912],[-76.56265745,3.39035863],[-76.56264802,3.39035764],[-76.56264064,3.39035715],[-76.56263277,3.39035679],[-76.56262918,3.39035665],[-76.56262004,3.39035693],[-76.56261161,3.39035778],[-76.56260345,3.39035856],[-76.56259713,3.39035983],[-76.56259488,3.39036032],[-76.56259129,3.39036117],[-76.56258412,3.39036244],[-76.56257702,3.39036407],[-76.56256886,3.39036484],[-76.5625638,3.39036484],[-76.56255565,3.39036435],[-76.56255002,3.39036315],[-76.56254313,3.39036159],[-76.56253575,3.39035954],[-76.5625276,3.39035728],[-76.56251972,3.39035531],[-76.56251255,3.39035326],[-76.56249983,3.3903505],[-76.56249069,3.3903505],[-76.56248555,3.39035205],[-76.56247817,3.39035467],[-76.56246777,3.39035855],[-76.56246242,3.3903606],[-76.56245251,3.39036477],[-76.56244766,3.3903671],[-76.56244211,3.39037014],[-76.56243599,3.39037431],[-76.56242938,3.39037968],[-76.56242179,3.39038561],[-76.56241469,3.39039225],[-76.56240681,3.39039946],[-76.56239922,3.39040716],[-76.56239282,3.39041387],[-76.56238776,3.39041952],[-76.5623827,3.39042588],[-76.56237764,3.39043104],[-76.56237307,3.3904362],[-76.562368,3.39044135],[-76.56236217,3.39044644],[-76.56235556,3.3904516],[-76.56234895,3.39045626],[-76.56234009,3.39046213],[-76.56233271,3.39046601],[-76.56232406,3.39046912],[-76.56231668,3.39047251],[-76.56231106,3.39047583],[-76.56230318,3.39047993],[-76.56229812,3.39048254],[-76.56229278,3.39048509],[-76.56228744,3.3904877],[-76.56228188,3.39049053],[-76.56227626,3.39049307],[-76.56226508,3.39049879],[-76.56225826,3.39050317],[-76.56224884,3.39050882],[-76.56224125,3.39051398],[-76.56223386,3.39051886],[-76.56222775,3.39052295],[-76.56222269,3.39052634],[-76.56221783,3.39052988],[-76.56221249,3.39053405],[-76.56220715,3.39053843],[-76.56220159,3.39054302],[-76.56219527,3.39054789],[-76.56218838,3.39055432],[-76.56218128,3.39056103],[-76.56217748,3.39056513],[-76.56217038,3.39057205],[-76.56216356,3.39058004],[-76.56215646,3.39058746],[-76.56214957,3.39059544],[-76.56214198,3.3906054],[-76.56213438,3.39061466],[-76.56212651,3.39062391],[-76.56211892,3.39063416],[-76.56211434,3.39064009],[-76.56211104,3.39064546],[-76.56210724,3.39065083],[-76.56210197,3.39065931],[-76.56209789,3.3906675],[-76.56209487,3.39067492],[-76.56209339,3.39068135],[-76.56209163,3.39069159],[-76.56209016,3.39069725],[-76.56208784,3.39070339],[-76.56208482,3.39070954],[-76.5620813,3.3907154],[-76.56207343,3.39072339],[-76.56206935,3.3907265],[-76.56206429,3.3907301],[-76.56205894,3.39073497],[-76.56205205,3.39074084],[-76.56204474,3.39074677],[-76.56203785,3.39075214],[-76.56202977,3.39075836],[-76.56202063,3.39076451],[-76.5620117,3.39077044],[-76.56200235,3.39077531],[-76.56199293,3.39077948],[-76.56198428,3.39078259],[-76.56197486,3.3907857],[-76.56196516,3.39078824],[-76.56195602,3.39079008],[-76.56194484,3.39079241],[-76.56193387,3.39079425],[-76.5619222,3.39079559],[-76.56191074,3.39079665],[-76.56190083,3.39079771],[-76.56189064,3.39079827],[-76.56188269,3.39079855],[-76.56187151,3.39079884],[-76.56186441,3.39079912],[-76.56185956,3.39079919],[-76.56185218,3.39079968],[-76.56184353,3.39080046],[-76.56183432,3.3908018],[-76.56182673,3.39080364],[-76.56181703,3.39080696],[-76.56181225,3.39080986],[-76.5618069,3.39081402],[-76.56180156,3.39081501],[-76.56179544,3.39081473],[-76.56178834,3.39081424],[-76.56178117,3.39081304],[-76.56177583,3.39081127],[-76.56176845,3.39080717],[-76.5617643,3.39080258],[-76.561761,3.3907977],[-76.56175615,3.39079134],[-76.56175284,3.39078753],[-76.56174897,3.39078371],[-76.56174462,3.39077962],[-76.56173955,3.39077608],[-76.56173548,3.39077375],[-76.56172676,3.39077177],[-76.56171994,3.39077177],[-76.56171558,3.39077177],[-76.56171052,3.39077184],[-76.5617044,3.39077184],[-76.56169646,3.39077184],[-76.56168704,3.39077191],[-76.56167712,3.39077191],[-76.56166616,3.39077198],[-76.56165625,3.39077255],[-76.56165329,3.39077297],[-76.56164711,3.39077382],[-76.56162264,3.39077368],[-76.56159213,3.39077354],[-76.56158777,3.39077304],[-76.56158215,3.39077283],[-76.56157603,3.39077283],[-76.5615697,3.39077283],[-76.56156253,3.3907729],[-76.5615484,3.3907736],[-76.56153497,3.39077495],[-76.56152872,3.39077721],[-76.56152204,3.3907806],[-76.5615169,3.39078385],[-76.56151205,3.39078788],[-76.56150776,3.3907912],[-76.56150362,3.39079473],[-76.56149947,3.39079819],[-76.56149694,3.39080215],[-76.56149427,3.39080653],[-76.56149321,3.39081147],[-76.5614933,3.39081463],[-76.56149322,3.39081504],[-76.56149336,3.39081984],[-76.56149483,3.39082542],[-76.56149701,3.39083051],[-76.56150053,3.3908351],[-76.56150075,3.39083687],[-76.56149806,3.39083995],[-76.56149342,3.39084263],[-76.56148885,3.39084673],[-76.56148435,3.39085217],[-76.56148224,3.39085626],[-76.56147992,3.39086164],[-76.56147852,3.39086679],[-76.56147746,3.39087202],[-76.56147662,3.3908788],[-76.56147598,3.39088325],[-76.56147556,3.39088785],[-76.56147493,3.39089569],[-76.56147416,3.39090063],[-76.56147289,3.39090784],[-76.56147113,3.39091476],[-76.56146937,3.39092317],[-76.56146712,3.39093109],[-76.56146649,3.39093476],[-76.56146516,3.39094211],[-76.56146291,3.39095087],[-76.56146037,3.39096055],[-76.56145763,3.39097079],[-76.56145658,3.39097355],[-76.56145433,3.39097955],[-76.56145053,3.39098746],[-76.56144652,3.39099545],[-76.56144217,3.39100131],[-76.56143865,3.39100774],[-76.56143788,3.39100901],[-76.56143535,3.39101311],[-76.56143183,3.39101954],[-76.56142979,3.39102597],[-76.56142881,3.39103261],[-76.56142881,3.39103618],[-76.56142881,3.39104024],[-76.56142881,3.39104381],[-76.56143043,3.39105356],[-76.56143401,3.39106302],[-76.56143886,3.39106889],[-76.5614425,3.39107587],[-76.56144223,3.39107959],[-76.56143766,3.3910863],[-76.56143485,3.39109139],[-76.56143162,3.39109761],[-76.56142803,3.39110503],[-76.56142452,3.39111449],[-76.561421,3.39112474],[-76.56141798,3.39113399],[-76.56141573,3.39114346],[-76.56141502,3.39115243],[-76.56141521,3.39115369],[-76.56141503,3.391156],[-76.56141552,3.39115932],[-76.5614158,3.39116384],[-76.5614158,3.39116391],[-76.5614158,3.39116671],[-76.56141559,3.39117391],[-76.5614156,3.39117706],[-76.56141559,3.39117748],[-76.56141566,3.3911896],[-76.56141566,3.39119048],[-76.56141565,3.39120182],[-76.56141495,3.39121666],[-76.56141404,3.39122789],[-76.56141277,3.39124223],[-76.56141158,3.39125679],[-76.56141059,3.39127014],[-76.5614101,3.39127989],[-76.56140911,3.3912919],[-76.5614089,3.39130313],[-76.56140869,3.39131183],[-76.56140871,3.39131467],[-76.5614087,3.39131539],[-76.56140876,3.39132378],[-76.56140876,3.39132436],[-76.56140876,3.39132793],[-76.56140877,3.3913315],[-76.56140933,3.39134203],[-76.56141059,3.3913469],[-76.56141116,3.39134966],[-76.56141193,3.39135453],[-76.56141242,3.39136068],[-76.5614127,3.39136838],[-76.56141277,3.39137673],[-76.56141277,3.39137735],[-76.56141277,3.39138248],[-76.56141277,3.39138604],[-76.56141284,3.39139366],[-76.56141284,3.39139424],[-76.56141284,3.39139781],[-76.56141284,3.39140138],[-76.5614134,3.39141084],[-76.56141572,3.39141515],[-76.56141875,3.39142186],[-76.56142212,3.39142921],[-76.56142571,3.39143642],[-76.56142775,3.39144278],[-76.56142908,3.39144942],[-76.56142957,3.39145479],[-76.56142985,3.39146143],[-76.5614299,3.39146715],[-76.56142971,3.39147581],[-76.56142922,3.39148478],[-76.56142795,3.39149347],[-76.5614276,3.3914946],[-76.56142598,3.39149983],[-76.56142289,3.3915047],[-76.56141656,3.39151113],[-76.56141178,3.39151707],[-76.56141079,3.39152399],[-76.56141079,3.39152756],[-76.56141079,3.39152936],[-76.56141079,3.39153293],[-76.56141079,3.39153551],[-76.5614108,3.39153908],[-76.56141087,3.39154621],[-76.56141115,3.39155363],[-76.56141143,3.39156133],[-76.5614122,3.39156847],[-76.56141249,3.39157384],[-76.56141271,3.39158011],[-76.56141255,3.39158744],[-76.56141023,3.3915933],[-76.56140953,3.39159563],[-76.56140643,3.391601],[-76.56140214,3.39160694],[-76.56139814,3.39161386],[-76.56139455,3.39162206],[-76.5613923,3.39163025],[-76.56138879,3.39163845],[-76.56138422,3.39164615],[-76.56138091,3.39165279],[-76.56137965,3.39165717],[-76.56137817,3.39166204],[-76.56137641,3.39166664],[-76.5613736,3.39167278],[-76.56137163,3.39167688],[-76.56136833,3.39168331],[-76.56136453,3.39169023],[-76.56135771,3.39169892],[-76.56135209,3.39170585],[-76.56135012,3.39171178],[-76.56134731,3.39171743],[-76.56134527,3.39172075],[-76.56134252,3.39172563],[-76.56134048,3.3917305],[-76.56133824,3.39173587],[-76.56133542,3.39174202],[-76.5613324,3.39175177],[-76.5613324,3.39175534],[-76.5613324,3.39175735],[-76.5613324,3.39176092],[-76.56133325,3.39176629],[-76.56133356,3.39177],[-76.56133275,3.39177607],[-76.5613305,3.39178222],[-76.56132748,3.39178809],[-76.56132368,3.39179374],[-76.56131988,3.39179889],[-76.56131658,3.39180299],[-76.56131152,3.39181069],[-76.5613092,3.39181479],[-76.56130695,3.39181889],[-76.5613047,3.39182405],[-76.56130315,3.39182963],[-76.56130167,3.39183479],[-76.56129914,3.39184425],[-76.5612976,3.39184884],[-76.56129436,3.3918545],[-76.56129387,3.39185732],[-76.56129402,3.39186006],[-76.56129387,3.39186089],[-76.56129437,3.39186986],[-76.5612957,3.39187495],[-76.56129978,3.39188414],[-76.56130365,3.39189028],[-76.56130744,3.39189565],[-76.56131236,3.39190074],[-76.56131714,3.39190561],[-76.56132024,3.39190964],[-76.56132284,3.39191452],[-76.56132467,3.39192448],[-76.56132516,3.39193062],[-76.56132572,3.39193727],[-76.56132727,3.39194369],[-76.56133036,3.39195034],[-76.56133416,3.39195542],[-76.56133851,3.39195846],[-76.56134259,3.39196079],[-76.56134716,3.39196305],[-76.56135461,3.39196892],[-76.56135918,3.39197401],[-76.56136326,3.39198093],[-76.56136361,3.39198178],[-76.56136586,3.39198828],[-76.5613663,3.39199411],[-76.56136593,3.39200011],[-76.56136466,3.39200704],[-76.5613634,3.39201318],[-76.56136269,3.3920158],[-76.56136094,3.39202237],[-76.5613584,3.39203007],[-76.56135742,3.39203388],[-76.56135636,3.39203925],[-76.56135587,3.39204568],[-76.56135591,3.39204888],[-76.56135588,3.39204925],[-76.56135595,3.39205617],[-76.56135602,3.39205879],[-76.56135623,3.39206232],[-76.56135749,3.39206896],[-76.56135904,3.39207454],[-76.56136136,3.39207892],[-76.56136572,3.39208712],[-76.56136662,3.39209036],[-76.56136628,3.39209705],[-76.56136072,3.39210955],[-76.56135826,3.39211994],[-76.56135784,3.39213244],[-76.56135793,3.39213352],[-76.56135784,3.39213601],[-76.56135862,3.39214548],[-76.56136115,3.39215212],[-76.56136319,3.3921577],[-76.561366,3.39216307],[-76.56136881,3.39216893],[-76.56137015,3.3921743],[-76.56137025,3.3921772],[-76.56136965,3.39218225],[-76.56136838,3.3921879],[-76.56136712,3.39219327],[-76.56136564,3.3921997],[-76.56136487,3.39220557],[-76.5613651,3.39220737],[-76.56136487,3.39220913],[-76.56136571,3.39221556],[-76.56136775,3.39222192],[-76.56137028,3.39222729],[-76.56137338,3.39223316],[-76.5613757,3.39223831],[-76.56137802,3.39224361],[-76.56138006,3.39224927],[-76.56138217,3.39225668],[-76.5613842,3.39226537],[-76.56138624,3.39227357],[-76.56138807,3.39228247],[-76.56138941,3.39229046],[-76.56139046,3.39229936],[-76.56139123,3.39230628],[-76.56139229,3.39231321],[-76.56139306,3.39231956],[-76.56139411,3.39232621],[-76.56139489,3.39233292],[-76.56139566,3.39233928],[-76.5613965,3.39234698],[-76.56139679,3.39235411],[-76.56139728,3.39236132],[-76.56139805,3.39236973],[-76.56139861,3.39237686],[-76.56139889,3.39238067],[-76.56139889,3.39238075],[-76.56139889,3.39238276],[-76.56139868,3.3923887],[-76.56139819,3.39239583],[-76.5613972,3.39240403],[-76.56139622,3.39241251],[-76.56139523,3.39241993],[-76.56139368,3.39242628],[-76.56138996,3.39243582],[-76.56138841,3.39244063],[-76.56138857,3.39244373],[-76.56138842,3.39244419],[-76.5613887,3.39244985],[-76.5613913,3.39245726],[-76.56139334,3.39246157],[-76.5613977,3.39246899],[-76.56140149,3.39247387],[-76.56140381,3.39247691],[-76.56140641,3.39248072],[-76.56140972,3.3924851],[-76.56141358,3.39248969],[-76.56141815,3.39249528],[-76.5614422,3.39251647],[-76.56144831,3.39251902],[-76.56145464,3.39252177],[-76.56146055,3.3925253],[-76.56146694,3.39253046],[-76.56147179,3.39253527],[-76.56147664,3.39254064],[-76.56148072,3.39254678],[-76.5614848,3.39255208],[-76.56148916,3.39255851],[-76.56149457,3.39256515],[-76.56150104,3.39257285],[-76.56150554,3.39257836],[-76.56151116,3.39258529],[-76.56151756,3.39259193],[-76.5615229,3.39259857],[-76.56152782,3.39260465],[-76.56153162,3.39261002],[-76.56154034,3.39261998],[-76.56154413,3.39262281],[-76.56154673,3.39262485],[-76.56155017,3.39262771],[-76.56156466,3.39263976],[-76.56156459,3.3949175],[-76.56121678,3.395015],[-76.55822677,3.39477054]]]]},"geometry_name":"the_geom","properties":{"bpcodigo":"1890","bpnombre":"Sector Alto de los Chorros","bpcomuna":18,"bpestramod":1,"bpupu":13,"bpobserv":"Estudio técnico urbanistico de diagnostico Contrato Interadministrativo No. 4147.010.26.1.279-2020","bparea":38.2998863875,"bpperim":3488.56723072}},{"type":"Feature","id":"pmih_barrios_precarios.43","geometry":{"type":"MultiPolygon","coordinates":[[[[-76.49639011,3.42820136],[-76.49697254,3.42719822],[-76.49697381,3.42719967],[-76.49714705,3.42739782],[-76.49772367,3.42806018],[-76.49801198,3.42836031],[-76.4983209,3.42856731],[-76.49866956,3.42874254],[-76.49857466,3.4289005],[-76.4981121,3.42973381],[-76.49794151,3.43005199],[-76.49794298,3.43005288],[-76.49794152,3.43005562],[-76.49722287,3.43139604],[-76.49670447,3.4323896],[-76.49588011,3.43395593],[-76.49587919,3.43395405],[-76.49588011,3.4339523],[-76.49571333,3.43361345],[-76.49549949,3.433179],[-76.49548149,3.43314282],[-76.49532854,3.43285342],[-76.49527455,3.43274489],[-76.49514859,3.43250975],[-76.49497763,3.43217513],[-76.49495964,3.43212991],[-76.49480668,3.43182242],[-76.49461774,3.43146067],[-76.49459074,3.43142449],[-76.49455343,3.43134949],[-76.49459075,3.43133406],[-76.49463575,3.43130693],[-76.49468075,3.43128885],[-76.49482474,3.43121651],[-76.49484274,3.43118939],[-76.49504976,3.4307915],[-76.49510377,3.43068298],[-76.49513977,3.43061968],[-76.49517577,3.43055638],[-76.49522078,3.43045691],[-76.49529279,3.43031222],[-76.49531079,3.43028509],[-76.4954098,3.43010423],[-76.4954458,3.43002285],[-76.49557181,3.42978773],[-76.49560782,3.42970634],[-76.49571583,3.42949836],[-76.49577883,3.42939889],[-76.49586884,3.42920898],[-76.49598585,3.42899195],[-76.49612035,3.4287348],[-76.49620599,3.42857562],[-76.49639011,3.42820136]]]]},"geometry_name":"the_geom","properties":{"bpcodigo":"1398","bpnombre":"El Pondaje","bpcomuna":13,"bpestramod":2,"bpupu":4,"bpobserv":null,"bparea":14.5537071239,"bpperim":1774.38779249}},{"type":"Feature","id":"pmih_barrios_precarios.7","geometry":{"type":"MultiPolygon","coordinates":[[[[-76.49137728,3.50559235],[-76.49148753,3.50486919],[-76.49151466,3.5035579],[-76.49151462,3.50355612],[-76.49151466,3.50355421],[-76.49148776,3.50252326],[-76.49148782,3.50196257],[-76.4914609,3.50121197],[-76.4914609,3.50118484],[-76.4914609,3.50113058],[-76.49146991,3.50107632],[-76.49146091,3.50104919],[-76.49146092,3.50102206],[-76.49146092,3.5009678],[-76.49145193,3.50091354],[-76.49144293,3.50085928],[-76.49143394,3.50080502],[-76.49143394,3.50077789],[-76.49141595,3.50073267],[-76.49140695,3.50067841],[-76.49138896,3.50062414],[-76.49137996,3.50059701],[-76.49137096,3.50057893],[-76.49134397,3.50052466],[-76.49133497,3.50049753],[-76.49130798,3.50045231],[-76.49128098,3.50040709],[-76.49127198,3.50037996],[-76.49124499,3.50033474],[-76.49120899,3.50028952],[-76.491182,3.5002443],[-76.491146,3.50020812],[-76.49111001,3.5001629],[-76.49109201,3.50014481],[-76.49107402,3.50012673],[-76.49103802,3.50008151],[-76.49102002,3.50006342],[-76.49099302,3.50004533],[-76.49051606,3.49976493],[-76.48990412,3.49934887],[-76.48760442,3.4982548],[-76.48613562,3.49765185],[-76.4861276,3.49764789],[-76.48611952,3.49764379],[-76.4861115,3.49763969],[-76.48610342,3.49763566],[-76.4860954,3.49763157],[-76.48608739,3.49762754],[-76.48607944,3.49762323],[-76.48607143,3.49761913],[-76.48606341,3.49761503],[-76.48605547,3.49761079],[-76.48604745,3.49760662],[-76.48603951,3.49760238],[-76.48603156,3.49759814],[-76.48602355,3.49759383],[-76.48601567,3.49758973],[-76.48600773,3.49758535],[-76.48599978,3.49758111],[-76.48599191,3.4975768],[-76.48598403,3.49757242],[-76.48597616,3.49756811],[-76.48596822,3.49756373],[-76.48596034,3.49755927],[-76.48595254,3.49755496],[-76.48594466,3.49755051],[-76.48593679,3.49754613],[-76.48592898,3.49754168],[-76.48592104,3.49753716],[-76.48591331,3.4975327],[-76.4859055,3.49752818],[-76.4858977,3.49752373],[-76.48588996,3.49751914],[-76.48588223,3.49751461],[-76.48587436,3.49751009],[-76.48586662,3.4975055],[-76.48585889,3.49750091],[-76.48585853,3.4975007],[-76.48613233,3.49712996],[-76.4866207,3.49652783],[-76.48682035,3.49626166],[-76.48707701,3.49594856],[-76.48743633,3.49576808],[-76.48788548,3.49555753],[-76.48846937,3.49528681],[-76.48899338,3.49504617],[-76.48936768,3.49474534],[-76.48965216,3.49439938],[-76.48993666,3.49396315],[-76.49014629,3.493557],[-76.49034095,3.49318094],[-76.49058052,3.49278984],[-76.49083506,3.49245891],[-76.4912992,3.49203774],[-76.49188312,3.49142103],[-76.49251197,3.49074414],[-76.49287131,3.49033801],[-76.49315579,3.48994691],[-76.49340361,3.48953196],[-76.4934053,3.48953284],[-76.4937466,3.48970976],[-76.49456695,3.49013783],[-76.4951879,3.49046346],[-76.4952689,3.49050868],[-76.49588985,3.49082526],[-76.4965378,3.49116898],[-76.4967636,3.49128699],[-76.49676533,3.49128789],[-76.49672678,3.49134986],[-76.49632173,3.49193764],[-76.49625872,3.49202807],[-76.49615971,3.49217276],[-76.49587168,3.49260681],[-76.49584467,3.49263394],[-76.49549363,3.49315842],[-76.49544915,3.49321651],[-76.49544715,3.49321912],[-76.49550262,3.49324885],[-76.49632156,3.49371919],[-76.49728448,3.49426189],[-76.49736548,3.49430711],[-76.49753297,3.49439776],[-76.49759946,3.49443374],[-76.49769845,3.49449706],[-76.49792343,3.49462368],[-76.49799543,3.49465987],[-76.49831227,3.49484184],[-76.498905,3.49517297],[-76.49890675,3.49517395],[-76.49884793,3.49526527],[-76.49879079,3.49536095],[-76.49868032,3.49549489],[-76.49859652,3.49559822],[-76.49854699,3.49568624],[-76.49846699,3.49584315],[-76.49840604,3.49598093],[-76.49833365,3.49615315],[-76.49827841,3.49628136],[-76.49818698,3.49652247],[-76.49808793,3.49675592],[-76.49796983,3.49698555],[-76.49782898,3.49722369],[-76.49767871,3.49745392],[-76.49748691,3.49777769],[-76.49738132,3.49794862],[-76.49734881,3.49800125],[-76.49725674,3.4982171],[-76.49722605,3.49838669],[-76.49724813,3.49852804],[-76.49723349,3.49871234],[-76.49722694,3.49887053],[-76.49722705,3.49887159],[-76.49722694,3.49887422],[-76.49724437,3.49903453],[-76.49727015,3.49923384],[-76.49731322,3.49951115],[-76.49731526,3.49953849],[-76.49731666,3.49956562],[-76.49731744,3.49959275],[-76.4973175,3.49961619],[-76.49731686,3.49964332],[-76.49731376,3.49969744],[-76.49731123,3.4997245],[-76.49730419,3.49977827],[-76.4973045,3.49977963],[-76.4973042,3.49978195],[-76.4972997,3.49980873],[-76.49729456,3.4998353],[-76.4972893,3.49985918],[-76.49728872,3.49986179],[-76.49727529,3.49991435],[-76.49726755,3.49994028],[-76.49725925,3.49996621],[-76.4972205,3.5000897],[-76.49718501,3.50018226],[-76.49714075,3.50029769],[-76.49711043,3.50036269],[-76.49711043,3.50036272],[-76.49711047,3.50036272],[-76.49710574,3.50038402],[-76.49710287,3.50039706],[-76.49710185,3.500398],[-76.49710176,3.50039809],[-76.49705208,3.5004768],[-76.49696188,3.50056007],[-76.49683268,3.50062374],[-76.49655967,3.50062862],[-76.49636953,3.50068738],[-76.49633052,3.50074372],[-76.49630126,3.50086128],[-76.49630146,3.50086419],[-76.49630127,3.50086497],[-76.49630857,3.5009703],[-76.49636462,3.50111972],[-76.49644017,3.50122995],[-76.49659861,3.50136223],[-76.49668391,3.50144797],[-76.49673754,3.50149941],[-76.49680848,3.50160415],[-76.49681463,3.50161735],[-76.49682569,3.50164103],[-76.49683433,3.50170384],[-76.49684073,3.50174178],[-76.49684253,3.50176578],[-76.49680535,3.50187063],[-76.49667675,3.50197829],[-76.4966196,3.50199408],[-76.49656807,3.50200921],[-76.4965162,3.50201021],[-76.49629408,3.50195645],[-76.49611172,3.50188065],[-76.49599106,3.50184895],[-76.49579597,3.50183407],[-76.49566596,3.50184276],[-76.49550128,3.50189936],[-76.49531926,3.50198643],[-76.49516325,3.50208221],[-76.49504623,3.50218671],[-76.49491188,3.50233039],[-76.49486419,3.50246973],[-76.49486478,3.50247174],[-76.4948642,3.50247342],[-76.49489452,3.50257793],[-76.49498986,3.50262584],[-76.49530622,3.50252136],[-76.49546222,3.50250832],[-76.49562256,3.50256059],[-76.49564389,3.50275794],[-76.49560519,3.50284864],[-76.49526715,3.50311423],[-76.49515446,3.50327534],[-76.49501577,3.50349305],[-76.49495318,3.50361558],[-76.49491478,3.50370191],[-76.49488186,3.50376253],[-76.49479038,3.50392412],[-76.4947167,3.50401556],[-76.49460835,3.50408957],[-76.49451735,3.5040765],[-76.49445746,3.50400341],[-76.49449571,3.50386682],[-76.49452606,3.50367958],[-76.49452596,3.50367646],[-76.49452606,3.50367589],[-76.49452174,3.5035409],[-76.49446542,3.50339719],[-76.49439608,3.50335364],[-76.49426604,3.50336394],[-76.49424227,3.50339856],[-76.49421857,3.50342456],[-76.49417757,3.50346793],[-76.49414523,3.50349605],[-76.49410213,3.50351124],[-76.49406753,3.50352854],[-76.49405371,3.50360181],[-76.49399303,3.50371067],[-76.49395401,3.5038413],[-76.4939541,3.50384474],[-76.49395402,3.50384499],[-76.49395834,3.50402788],[-76.49400165,3.50426738],[-76.49416195,3.5046593],[-76.49434779,3.50489951],[-76.49436291,3.50495801],[-76.49437726,3.50501812],[-76.49437792,3.50502078],[-76.49443039,3.50515958],[-76.49442189,3.50530445],[-76.49438288,3.50544379],[-76.49425286,3.50554393],[-76.49407518,3.50556133],[-76.49391051,3.50554825],[-76.49381726,3.50553354],[-76.4937285,3.50551775],[-76.49357579,3.50547861],[-76.49316839,3.50553185],[-76.49287262,3.50558733],[-76.4925801,3.50565589],[-76.49175128,3.50588115],[-76.49137728,3.50559235]]]]},"geometry_name":"the_geom","properties":{"bpcodigo":"0610","bpnombre":"Ciudadela Floralia","bpcomuna":6,"bpestramod":2,"bpupu":3,"bpobserv":null,"bparea":121.250935235,"bpperim":5795.8937073}},{"type":"Feature","id":"pmih_barrios_precarios.8","geometry":{"type":"MultiPolygon","coordinates":[[[[-76.55375287,3.39328345],[-76.55375289,3.39273537],[-76.55375933,3.39255456],[-76.5537619,3.39248216],[-76.5537619,3.39247859],[-76.55376192,3.39203903],[-76.55376192,3.39203546],[-76.55376193,3.39165016],[-76.55376193,3.39164659],[-76.55376194,3.39148738],[-76.55376232,3.39144217],[-76.55377055,3.39046216],[-76.55377058,3.3904586],[-76.55397518,3.39045472],[-76.55482132,3.3904648],[-76.55505451,3.3904715],[-76.55546093,3.39047152],[-76.55546914,3.39046782],[-76.55547744,3.39046433],[-76.55548584,3.39046107],[-76.55549431,3.39045803],[-76.55550286,3.39045521],[-76.55551148,3.39045262],[-76.55552017,3.39045026],[-76.55552891,3.39044813],[-76.55553771,3.39044623],[-76.55554656,3.39044457],[-76.55555544,3.39044314],[-76.55556726,3.39044161],[-76.55557626,3.39044128],[-76.55558524,3.39044069],[-76.55559419,3.39043983],[-76.55560312,3.39043871],[-76.55561201,3.39043733],[-76.55562086,3.39043569],[-76.55562966,3.39043379],[-76.5556384,3.39043163],[-76.55564707,3.39042922],[-76.55565567,3.39042655],[-76.55566761,3.39042237],[-76.5556754,3.39041784],[-76.55568308,3.39041313],[-76.55569066,3.39040825],[-76.55569812,3.3904032],[-76.55570548,3.39039799],[-76.55571713,3.3903892],[-76.55572573,3.39038654],[-76.55573437,3.39038404],[-76.55574307,3.3903817],[-76.5557518,3.39037953],[-76.55576057,3.39037752],[-76.55576938,3.39037567],[-76.55577823,3.39037399],[-76.5557871,3.39037248],[-76.55579965,3.39037063],[-76.55580854,3.39036925],[-76.55581744,3.39036793],[-76.55582635,3.39036666],[-76.55583527,3.39036544],[-76.5558442,3.39036428],[-76.55585313,3.39036316],[-76.55586206,3.3903621],[-76.555871,3.39036109],[-76.55587995,3.39036013],[-76.55588891,3.39035922],[-76.55589786,3.39035837],[-76.55590683,3.39035756],[-76.5559158,3.39035681],[-76.55592477,3.39035611],[-76.55593374,3.39035547],[-76.55594272,3.39035487],[-76.55595677,3.39035405],[-76.55595876,3.39036275],[-76.55596492,3.3903692],[-76.55598054,3.39036997],[-76.55598943,3.39037138],[-76.55599837,3.39037236],[-76.55600735,3.3903729],[-76.55601635,3.39037301],[-76.55602534,3.39037267],[-76.55603431,3.3903719],[-76.55604322,3.39037069],[-76.55605207,3.39036905],[-76.55606083,3.39036698],[-76.55607098,3.390364],[-76.55607994,3.3903631],[-76.55608888,3.39036212],[-76.55609782,3.39036107],[-76.55610675,3.39035995],[-76.55611567,3.39035875],[-76.55612458,3.39035748],[-76.55613348,3.39035613],[-76.55614236,3.39035471],[-76.55615124,3.39035322],[-76.5561601,3.39035165],[-76.55616895,3.39035],[-76.55617779,3.39034829],[-76.55618661,3.3903465],[-76.55619541,3.39034464],[-76.5562042,3.3903427],[-76.55621298,3.39034069],[-76.55622173,3.39033861],[-76.55623047,3.39033646],[-76.5562392,3.39033423],[-76.5562479,3.39033193],[-76.55625658,3.39032956],[-76.55626525,3.39032711],[-76.55627389,3.3903246],[-76.55628251,3.39032201],[-76.55629111,3.39031935],[-76.55629969,3.39031662],[-76.55630825,3.39031382],[-76.55632449,3.39030828],[-76.55633276,3.3903047],[-76.55634101,3.3903011],[-76.55634926,3.39029749],[-76.55635751,3.39029387],[-76.55636575,3.39029024],[-76.55637399,3.39028659],[-76.55638221,3.39028293],[-76.55639044,3.39027926],[-76.55639866,3.39027557],[-76.55640687,3.39027188],[-76.55641508,3.39026817],[-76.55642328,3.39026445],[-76.55643147,3.39026071],[-76.55643966,3.39025697],[-76.55644785,3.39025321],[-76.55645603,3.39024943],[-76.5564642,3.39024565],[-76.55647237,3.39024186],[-76.55648053,3.39023805],[-76.55648868,3.39023422],[-76.55649684,3.39023039],[-76.55650498,3.39022655],[-76.55651312,3.39022269],[-76.55652125,3.39021882],[-76.55652938,3.39021493],[-76.5565375,3.39021104],[-76.55654561,3.39020713],[-76.55655372,3.39020321],[-76.55656183,3.39019928],[-76.55656993,3.39019533],[-76.55657802,3.39019137],[-76.55659121,3.39018489],[-76.55666735,3.39014107],[-76.55679775,3.39013288],[-76.5571883,3.39015463],[-76.55729351,3.39015876],[-76.5574515,3.3901817],[-76.55757748,3.39019074],[-76.55761347,3.39019979],[-76.55768953,3.3901913],[-76.55769446,3.39023596],[-76.55771246,3.39029022],[-76.55773046,3.39033544],[-76.55773945,3.39037162],[-76.55776645,3.39041683],[-76.55777545,3.39045301],[-76.55779344,3.3905344],[-76.55782044,3.39057962],[-76.55798241,3.39075145],[-76.5580634,3.39083284],[-76.55812638,3.39091423],[-76.55818937,3.39100467],[-76.55822537,3.39106798],[-76.55824336,3.39111319],[-76.55825236,3.39115841],[-76.55826136,3.39119458],[-76.55827036,3.39123076],[-76.55827035,3.39129406],[-76.55827035,3.39133928],[-76.55826135,3.3913845],[-76.55825235,3.39141163],[-76.55820735,3.39154728],[-76.55814436,3.39168292],[-76.55802737,3.3918457],[-76.55793737,3.39199944],[-76.55790138,3.3920537],[-76.55782938,3.39216221],[-76.55773039,3.39231595],[-76.55771239,3.39234308],[-76.5576674,3.39242447],[-76.5576314,3.39247873],[-76.55748742,3.39252394],[-76.55730744,3.39256011],[-76.55720845,3.39257819],[-76.5567585,3.39269574],[-76.55665052,3.39271382],[-76.55609258,3.39284945],[-76.55605659,3.3928585],[-76.55592161,3.39289466],[-76.55579562,3.39292179],[-76.55557965,3.39297604],[-76.55546266,3.39300317],[-76.55483274,3.39315688],[-76.55467076,3.39319305],[-76.55459876,3.39322018],[-76.55441879,3.39326539],[-76.5543288,3.39328347],[-76.55424781,3.39330156],[-76.55419381,3.3933106],[-76.55404983,3.39333772],[-76.55391485,3.3933558],[-76.55385186,3.39336485],[-76.55376187,3.39337389],[-76.55375287,3.39328345]]]]},"geometry_name":"the_geom","properties":{"bpcodigo":"1811","bpnombre":"Lourdes","bpcomuna":18,"bpestramod":2,"bpupu":13,"bpobserv":"Estudio técnico urbanistico de diagnostico Contrato Interadministrativo No. 4147.010.26.1.279-2020","bparea":13.3601254593,"bpperim":1501.21146546}},{"type":"Feature","id":"pmih_barrios_precarios.9","geometry":{"type":"MultiPolygon","coordinates":[[[[-76.4755577,3.40558746],[-76.47551758,3.40553863],[-76.47529615,3.40549194],[-76.47511758,3.40544168],[-76.4750033,3.40536988],[-76.47493545,3.40531604],[-76.47484262,3.40507555],[-76.47468553,3.4046915],[-76.47455698,3.40444384],[-76.47446414,3.40430026],[-76.47440701,3.40420335],[-76.47437845,3.40412797],[-76.47437845,3.40410285],[-76.47439143,3.40404909],[-76.47310593,3.40289919],[-76.4729174,3.40254383],[-76.47294207,3.40104223],[-76.47294215,3.40104221],[-76.47294411,3.40104165],[-76.47295972,3.40103755],[-76.472991,3.40102788],[-76.47303333,3.40101319],[-76.47305766,3.40100323],[-76.47308044,3.4009932],[-76.47310329,3.40098317],[-76.47312459,3.40097158],[-76.47316017,3.40095117],[-76.47319026,3.4009321],[-76.47322513,3.40091006],[-76.47325283,3.40089169],[-76.47328546,3.4008681],[-76.47331161,3.40085122],[-76.47334177,3.40083137],[-76.47336969,3.40080834],[-76.47340105,3.4007769],[-76.47341652,3.40075493],[-76.47343599,3.40072999],[-76.47345568,3.40070046],[-76.47347783,3.40066712],[-76.47350336,3.40062607],[-76.47352551,3.40059273],[-76.47354688,3.40055861],[-76.47356088,3.40053579],[-76.47357663,3.40050689],[-76.47359161,3.4004787],[-76.47360666,3.40044974],[-76.47362156,3.40042388],[-76.4736357,3.40039718],[-76.4736499,3.40036899],[-76.4736582,3.40035373],[-76.47368,3.40030795],[-76.47369582,3.40027906],[-76.47371003,3.40025002],[-76.4737243,3.40022105],[-76.47373928,3.40019209],[-76.47375011,3.40017075],[-76.47376431,3.40014249],[-76.47378386,3.40009587],[-76.47379645,3.40007072],[-76.47381052,3.40004479],[-76.47382289,3.4000243],[-76.47383695,3.39999993],[-76.47385024,3.39997562],[-76.47386593,3.39994899],[-76.47388238,3.39992321],[-76.4738989,3.39989587],[-76.47391543,3.39986768],[-76.47393343,3.39984041],[-76.47395143,3.39981392],[-76.47397105,3.39978665],[-76.47398905,3.39975938],[-76.47400698,3.39973522],[-76.47402639,3.39971261],[-76.47404094,3.3996953],[-76.47405641,3.39967566],[-76.47408004,3.39964317],[-76.47409698,3.39962437],[-76.47411779,3.39960573],[-76.47415077,3.39957281],[-76.47416758,3.39955712],[-76.4741867,3.39954229],[-76.47421848,3.3995194],[-76.4742478,3.39950033],[-76.47428176,3.3994814],[-76.47431494,3.39946247],[-76.47434103,3.39944862],[-76.47436697,3.39943718],[-76.47439348,3.39943125],[-76.47442757,3.39942864],[-76.47446252,3.39942603],[-76.47449886,3.39942589],[-76.47453205,3.39942639],[-76.47455757,3.39942731],[-76.47458379,3.3994283],[-76.47460847,3.39943085],[-76.4746361,3.39943651],[-76.4746652,3.39944463],[-76.47469255,3.39945735],[-76.47471694,3.39946605],[-76.47474605,3.39947411],[-76.47478485,3.39949036],[-76.47482422,3.39951283],[-76.47486035,3.39953905],[-76.47487012,3.39954647],[-76.47490619,3.39957424],[-76.47492263,3.39959042],[-76.4749374,3.39960886],[-76.47495209,3.39962886],[-76.47496678,3.39965034],[-76.47498063,3.39967266],[-76.47499363,3.39969725],[-76.47500881,3.39972502],[-76.47502406,3.39975201],[-76.47504002,3.39977907],[-76.47506546,3.39982352],[-76.4750791,3.39985121],[-76.47509428,3.39987827],[-76.47512043,3.39992427],[-76.47513484,3.39995204],[-76.47514847,3.39998051],[-76.47516127,3.40000976],[-76.47517413,3.40003746],[-76.47518861,3.40006523],[-76.4752007,3.40009208],[-76.47521215,3.40011744],[-76.47522354,3.40014274],[-76.47523654,3.40016888],[-76.47524941,3.40019651],[-76.47526381,3.40022505],[-76.47527815,3.4002536],[-76.47529404,3.40028447],[-76.47530557,3.40030666],[-76.4753223,3.40033528],[-76.47533825,3.40036234],[-76.4753535,3.40038933],[-76.47537817,3.40043222],[-76.47539188,3.40045843],[-76.47540791,3.40048542],[-76.47543384,3.40053538],[-76.47545128,3.40056554],[-76.47546955,3.40059345],[-76.47548628,3.40062207],[-76.47550231,3.40064835],[-76.47551833,3.40067535],[-76.47553576,3.40070396],[-76.47555397,3.40073498],[-76.47557295,3.40076444],[-76.47559277,3.40079242],[-76.47561407,3.40082274],[-76.47563389,3.40085149],[-76.47565294,3.4008794],[-76.47567115,3.40090809],[-76.47569259,3.40093607],[-76.47571016,3.40096243],[-76.47572921,3.40099034],[-76.47574755,3.40101591],[-76.47576667,3.40104149],[-76.47578432,3.40106622],[-76.47579753,3.40108537],[-76.47581511,3.40111173],[-76.47583345,3.4011373],[-76.4758518,3.40116359],[-76.4758686,3.40118987],[-76.47589636,3.4012329],[-76.47591316,3.40125996],[-76.47593073,3.40128632],[-76.47594831,3.4013126],[-76.47596433,3.40133811],[-76.47598057,3.40135966],[-76.47599674,3.40138206],[-76.47601143,3.40140283],[-76.47602535,3.40142354],[-76.47603926,3.40144431],[-76.47605466,3.40146664],[-76.47607083,3.40148826],[-76.47608854,3.40151066],[-76.47610633,3.4015315],[-76.47612404,3.40155397],[-76.47614112,3.40157404],[-76.47617212,3.40161177],[-76.47620101,3.40164547],[-76.47621732,3.40166554],[-76.47623278,3.40168631],[-76.47626371,3.40172638],[-76.47628213,3.40175118],[-76.47630062,3.40177435],[-76.4763191,3.40179605],[-76.47633836,3.40181859],[-76.47635763,3.40184106],[-76.4763688,3.40185314],[-76.47639762,3.4018884],[-76.47641534,3.40191164],[-76.47643375,3.40193567],[-76.4764514,3.40195884],[-76.47646827,3.40198435],[-76.47648148,3.4020035],[-76.47649758,3.40202667],[-76.4765115,3.40204815],[-76.47651944,3.40206243],[-76.47653736,3.40209966],[-76.47655838,3.40213775],[-76.47658235,3.4021783],[-76.4765924,3.40219964],[-76.47660315,3.40222183],[-76.47661306,3.40224627],[-76.4766229,3.40227234],[-76.47663274,3.40229912],[-76.47664399,3.4023283],[-76.47665678,3.40235911],[-76.47667034,3.40238991],[-76.47668539,3.40242079],[-76.4766998,3.40244934],[-76.47671428,3.40247626],[-76.47672728,3.40250014],[-76.47673803,3.40252303],[-76.47675427,3.4025633],[-76.47676607,3.4025987],[-76.47678027,3.40263269],[-76.47679454,3.40266505],[-76.47681035,3.40269677],[-76.47682589,3.4027362],[-76.47683509,3.40275909],[-76.47684585,3.40278205],[-76.47686574,3.40282861],[-76.47688254,3.40287588],[-76.47688991,3.40290492],[-76.47689736,3.40293318],[-76.47690797,3.40297946],[-76.47691402,3.40300532],[-76.47692154,3.40303125],[-76.47693482,3.40306905],[-76.47694255,3.40308954],[-76.47694513,3.40309896],[-76.47695204,3.40312416],[-76.47696145,3.40316259],[-76.47696771,3.40320244],[-76.47696993,3.40324212],[-76.47696846,3.40328121],[-76.47696698,3.40332078],[-76.47696395,3.40335957],[-76.4769617,3.40339991],[-76.47695944,3.40343862],[-76.47695487,3.40347812],[-76.47694101,3.40351719],[-76.47691703,3.4035583],[-76.47690627,3.40357808],[-76.47688623,3.40361616],[-76.47686788,3.40365276],[-76.47685768,3.40367727],[-76.47684432,3.4037032],[-76.47681943,3.40374806],[-76.4768022,3.40377462],[-76.47678413,3.40380189],[-76.47675614,3.40384824],[-76.47673962,3.40387636],[-76.47672464,3.40390454],[-76.47670959,3.40393506],[-76.47669672,3.40396721],[-76.47668231,3.40400246],[-76.47666852,3.4040392],[-76.47665319,3.40407749],[-76.47663477,3.40411409],[-76.47661634,3.40415301],[-76.47659462,3.40419498],[-76.47656818,3.40424054],[-76.47654026,3.40428307],[-76.47651094,3.40432391],[-76.47649132,3.40435111],[-76.47646284,3.40438968],[-76.47643661,3.40442832],[-76.47640884,3.40446767],[-76.47639231,3.40449501],[-76.4763677,3.40453372],[-76.47634387,3.40457088],[-76.4763215,3.40461122],[-76.47630575,3.40463786],[-76.47628417,3.4046782],[-76.47626251,3.40471938],[-76.4762393,3.40476043],[-76.47622025,3.40479392],[-76.4761995,3.40483277],[-76.47618115,3.40486781],[-76.47616202,3.40490285],[-76.47614683,3.40493648],[-76.47612932,3.40499173],[-76.47612102,3.4050272],[-76.47611258,3.40506648],[-76.4761066,3.40510279],[-76.47610139,3.40513755],[-76.47609766,3.40517472],[-76.47609344,3.40520566],[-76.47608915,3.40523816],[-76.4760857,3.40526677],[-76.47608394,3.40529313],[-76.47608218,3.40531948],[-76.47608048,3.40536448],[-76.4760805,3.40536809],[-76.47608062,3.40540256],[-76.47608063,3.40540618],[-76.47608105,3.40543649],[-76.47608456,3.40546694],[-76.47609398,3.40550304],[-76.47610719,3.40554317],[-76.47608488,3.40552592],[-76.4759365,3.40562593],[-76.47593305,3.40562482],[-76.47578304,3.4056248],[-76.47568781,3.40561761],[-76.47562352,3.40559128],[-76.47556747,3.40556991],[-76.4755577,3.40558746]]]]},"geometry_name":"the_geom","properties":{"bpcodigo":"2101","bpnombre":"Pizamos I","bpcomuna":21,"bpestramod":1,"bpupu":4,"bpobserv":null,"bparea":18.2685348026,"bpperim":1760.15302919}},{"type":"Feature","id":"pmih_barrios_precarios.13","geometry":{"type":"MultiPolygon","coordinates":[[[[-76.47623296,3.40914],[-76.4761438,3.40802576],[-76.47613051,3.40761421],[-76.47615343,3.40711078],[-76.47619154,3.40702656],[-76.47623876,3.4070245],[-76.47642406,3.40703841],[-76.47652299,3.40703847],[-76.47689529,3.4070387],[-76.47706198,3.40705203],[-76.47708046,3.40705351],[-76.47734357,3.40713452],[-76.47733629,3.40717982],[-76.47764295,3.40732534],[-76.47805246,3.40745172],[-76.47817245,3.40751682],[-76.47817546,3.40751156],[-76.47830205,3.40726506],[-76.47830717,3.40726888],[-76.47833226,3.40728817],[-76.47835335,3.40730655],[-76.47838794,3.40733071],[-76.47842464,3.40734894],[-76.47844945,3.40736265],[-76.47846763,3.40737419],[-76.47847307,3.40737764],[-76.47849543,3.40739071],[-76.47852214,3.40740442],[-76.47855596,3.40742117],[-76.47859413,3.40743975],[-76.47863617,3.4074577],[-76.47865522,3.40746767],[-76.4786941,3.40748498],[-76.47872658,3.4075018],[-76.47875652,3.40751989],[-76.47878401,3.40753798],[-76.47881079,3.4075548],[-76.47882865,3.40756603],[-76.47886689,3.40758978],[-76.47890457,3.40761408],[-76.47894218,3.40763719],[-76.47896067,3.4076497],[-76.47898113,3.40766277],[-76.47901628,3.40768779],[-76.47904433,3.40770849],[-76.47906415,3.40772411],[-76.47908658,3.40774488],[-76.47910584,3.40776495],[-76.47910882,3.40776796],[-76.47895725,3.40784262],[-76.47835264,3.40814042],[-76.4778404,3.40841859],[-76.47721057,3.408341],[-76.47667258,3.40880383],[-76.47623296,3.40914]]],[[[-76.4748236,3.41030454],[-76.47475518,3.41029979],[-76.47475042,3.41030402],[-76.47477597,3.41027923],[-76.47477719,3.41027993],[-76.47485007,3.41022524],[-76.47491475,3.41016236],[-76.47493649,3.41014122],[-76.47581263,3.40944235],[-76.47616309,3.40917027],[-76.47621088,3.40914894],[-76.47622556,3.40914566],[-76.47538148,3.4097911],[-76.47562363,3.40980426],[-76.47574682,3.40981095],[-76.47739396,3.40990043],[-76.47744013,3.40977695],[-76.4794413,3.40942693],[-76.47944128,3.40942777],[-76.4794417,3.40946338],[-76.47944212,3.40949645],[-76.47944254,3.40952951],[-76.47944429,3.4095683],[-76.47944654,3.40959946],[-76.47945328,3.40963118],[-76.47946375,3.40966291],[-76.47947746,3.40969647],[-76.47949123,3.40973504],[-76.47950051,3.40977122],[-76.47950726,3.40980103],[-76.47951133,3.40982774],[-76.47951625,3.40986392],[-76.47952363,3.40990263],[-76.47953241,3.4099439],[-76.47953641,3.40996481],[-76.47954836,3.41000925],[-76.47955454,3.41004797],[-76.47955876,3.41008223],[-76.47956431,3.41012166],[-76.47956571,3.41013692],[-76.47957639,3.41018256],[-76.4795844,3.41021174],[-76.47959741,3.41024339],[-76.47960029,3.41025117],[-76.47833298,3.41055677],[-76.47713186,3.41055672],[-76.47549629,3.41035119],[-76.4748236,3.41030454]]]]},"geometry_name":"the_geom","properties":{"bpcodigo":"2194","bpnombre":"Villamercedes I - Villa Luz - Las Garzas","bpcomuna":21,"bpestramod":1,"bpupu":4,"bpobserv":null,"bparea":8.07854833275,"bpperim":2405.14103105}},{"type":"Feature","id":"pmih_barrios_precarios.44","geometry":{"type":"MultiPolygon","coordinates":[[[[-76.46183855,3.43012454],[-76.46193456,3.43011041],[-76.46245316,3.43002003],[-76.46282319,3.42995404],[-76.46308034,3.42990383],[-76.46325893,3.42985934],[-76.46390613,3.42960676],[-76.46392548,3.42959324],[-76.46408591,3.43008795],[-76.46411203,3.4300674],[-76.46411221,3.43006973],[-76.46429633,3.42994035],[-76.46460585,3.43007558],[-76.46473376,3.43011057],[-76.46486999,3.43011921],[-76.46504165,3.43003002],[-76.46636156,3.43004208],[-76.4673145,3.4300541],[-76.46761647,3.43007437],[-76.46770333,3.43018593],[-76.46784047,3.43017638],[-76.46813382,3.43017067],[-76.46833192,3.43016878],[-76.46854145,3.43019561],[-76.46882526,3.43026264],[-76.46929954,3.43041966],[-76.469362,3.43036389],[-76.46936598,3.43036506],[-76.4694031,3.4303475],[-76.4702076,3.42968189],[-76.47034882,3.4298608],[-76.47071446,3.43032209],[-76.47078608,3.4304093],[-76.47089685,3.43054417],[-76.47094392,3.43060149],[-76.47169866,3.43156355],[-76.47131504,3.43178605],[-76.47100547,3.43202766],[-76.47100216,3.43202828],[-76.47099119,3.43205399],[-76.47072925,3.43222624],[-76.47059637,3.43211938],[-76.4704202,3.43216112],[-76.46983159,3.43227781],[-76.46863343,3.43249588],[-76.46805625,3.43261448],[-76.46728477,3.43276178],[-76.46636233,3.43293154],[-76.46575277,3.43305349],[-76.46522655,3.43314674],[-76.46459556,3.4332639],[-76.46358835,3.43346476],[-76.46285735,3.43358909],[-76.46277878,3.433613],[-76.46264407,3.43363117],[-76.46263083,3.43357394],[-76.46196215,3.4306833],[-76.46185129,3.43018217],[-76.46183855,3.43012454]]]]},"geometry_name":"the_geom","properties":{"bpcodigo":"2107","bpnombre":"Compartir","bpcomuna":21,"bpestramod":2,"bpupu":4,"bpobserv":null,"bparea":31.0279255768,"bpperim":2742.26866882}},{"type":"Feature","id":"pmih_barrios_precarios.10","geometry":{"type":"MultiPolygon","coordinates":[[[[-76.50881072,3.38864382],[-76.50912765,3.38857023],[-76.50914263,3.38857044],[-76.50915162,3.38856959],[-76.50916048,3.38856811],[-76.5091692,3.38856599],[-76.50917778,3.38856317],[-76.50918607,3.3885597],[-76.50919409,3.38855561],[-76.50920182,3.38855095],[-76.50920913,3.38854572],[-76.50921602,3.38853986],[-76.50922376,3.38852813],[-76.50922924,3.38852099],[-76.50923515,3.38851421],[-76.50924148,3.38850771],[-76.50924809,3.38850163],[-76.50925505,3.38849591],[-76.50936479,3.38846625],[-76.50942046,3.38845539],[-76.50950927,3.38843807],[-76.50953975,3.3884308],[-76.51000209,3.3883749],[-76.51001454,3.38837416],[-76.51001539,3.3883777],[-76.51040682,3.38951209],[-76.51042295,3.38955885],[-76.51045931,3.38966424],[-76.51062435,3.39007446],[-76.51091087,3.39055456],[-76.5109331,3.39058458],[-76.51094235,3.39059709],[-76.5111298,3.39085032],[-76.51117619,3.39091299],[-76.51144062,3.39127023],[-76.51257398,3.3927422],[-76.51270252,3.39290914],[-76.51270412,3.39291122],[-76.51270778,3.39291606],[-76.51316997,3.39352829],[-76.51321362,3.39358577],[-76.51321534,3.39358803],[-76.51334075,3.39375318],[-76.51296284,3.39397781],[-76.5126807,3.39415367],[-76.51226998,3.39455565],[-76.51178783,3.39500428],[-76.51102513,3.39571301],[-76.5109573,3.39578402],[-76.50980299,3.3968259],[-76.50857042,3.39796608],[-76.50718133,3.39919472],[-76.50563571,3.4006101],[-76.50418451,3.40197637],[-76.50414149,3.40201079],[-76.50408749,3.40207409],[-76.50393449,3.40221877],[-76.50300753,3.40305973],[-76.50155858,3.40437089],[-76.5012256,3.40466025],[-76.50101225,3.40482102],[-76.50101023,3.40481894],[-76.50075765,3.40455713],[-76.50029876,3.40403257],[-76.49969589,3.40337234],[-76.49880231,3.40239102],[-76.49880453,3.40238921],[-76.49881149,3.40238349],[-76.49881845,3.40237777],[-76.49882541,3.40237205],[-76.49883237,3.40236632],[-76.49883933,3.4023606],[-76.49884629,3.40235488],[-76.49885325,3.40234909],[-76.4988631,3.40233814],[-76.49886907,3.40233143],[-76.49887512,3.40232471],[-76.4988811,3.40231793],[-76.49888707,3.40231115],[-76.49889305,3.40230437],[-76.49889896,3.40229759],[-76.49890486,3.4022908],[-76.49891084,3.40228395],[-76.49891675,3.40227717],[-76.49892258,3.40227032],[-76.49892849,3.40226346],[-76.49893439,3.40225661],[-76.49894023,3.40224976],[-76.49894607,3.40224284],[-76.4989519,3.40223598],[-76.49895767,3.40222906],[-76.4989635,3.40222214],[-76.49896927,3.40221521],[-76.49897503,3.40220829],[-76.4989808,3.40220136],[-76.49898657,3.40219437],[-76.49899226,3.40218745],[-76.49899803,3.40218045],[-76.49900372,3.40217346],[-76.49900942,3.40216647],[-76.49901511,3.4021594],[-76.49902074,3.40215241],[-76.49902643,3.40214534],[-76.49903206,3.40213835],[-76.49903768,3.40213128],[-76.49904331,3.40212422],[-76.49904886,3.40211708],[-76.49905449,3.40211002],[-76.49906004,3.40210288],[-76.4990656,3.40209582],[-76.49907115,3.40208868],[-76.49907671,3.40208155],[-76.49908219,3.40207441],[-76.49908767,3.40206728],[-76.49909316,3.40206007],[-76.49909864,3.40205294],[-76.49910413,3.40204573],[-76.49910954,3.40203853],[-76.49911503,3.40203132],[-76.49912044,3.40202411],[-76.49912585,3.40201684],[-76.4991312,3.40200963],[-76.49913661,3.40200235],[-76.49914196,3.40199508],[-76.4991473,3.40198787],[-76.49915264,3.40198053],[-76.49915799,3.40197325],[-76.49916326,3.40196597],[-76.4991686,3.40195862],[-76.49917388,3.40195135],[-76.49917915,3.401944],[-76.49918435,3.40193665],[-76.49918963,3.40192931],[-76.49919483,3.40192196],[-76.49920003,3.40191454],[-76.49920524,3.40190719],[-76.49921044,3.40189978],[-76.49921557,3.40189236],[-76.49922071,3.40188494],[-76.49922584,3.40187752],[-76.49923097,3.4018701],[-76.49923611,3.40186269],[-76.49924124,3.4018552],[-76.4992463,3.40184771],[-76.49925136,3.40184029],[-76.49925643,3.4018328],[-76.49926142,3.40182531],[-76.49926648,3.40181775],[-76.49927147,3.40181027],[-76.49927647,3.40180278],[-76.49928146,3.40179522],[-76.49928638,3.40178766],[-76.49929137,3.4017801],[-76.49929629,3.40177254],[-76.49930122,3.40176498],[-76.49930614,3.40175742],[-76.49931106,3.40174979],[-76.49931591,3.40174223],[-76.49932076,3.4017346],[-76.49932561,3.40172697],[-76.49933047,3.40171934],[-76.49933525,3.40171171],[-76.4993401,3.40170408],[-76.49934488,3.40169645],[-76.49934966,3.40168875],[-76.49935437,3.40168112],[-76.49935915,3.40167342],[-76.49936387,3.40166572],[-76.49936858,3.40165802],[-76.49945914,3.40149772],[-76.49953248,3.40135685],[-76.49960582,3.40122685],[-76.49968992,3.40106655],[-76.49979554,3.40087157],[-76.49985376,3.40074807],[-76.49999179,3.4004794],[-76.50014487,3.4001761],[-76.50023333,3.40001142],[-76.50030449,3.39987281],[-76.50041657,3.39966694],[-76.50053301,3.39944383],[-76.50061282,3.39929646],[-76.50068827,3.39914485],[-76.50078102,3.39898017],[-76.5008931,3.39875487],[-76.50100744,3.39853607],[-76.50110229,3.39835189],[-76.50118639,3.39819371],[-76.50127696,3.3980161],[-76.50138475,3.39781242],[-76.50146238,3.39766074],[-76.50154437,3.39750263],[-76.50161335,3.39736826],[-76.50170392,3.39720576],[-76.50178373,3.39705196],[-76.50188076,3.39688516],[-76.50201225,3.3966273],[-76.50210929,3.39643881],[-76.50219774,3.3962677],[-76.50226244,3.39614632],[-76.50235082,3.39596433],[-76.50243274,3.39578884],[-76.50253625,3.39559604],[-76.50260094,3.39548124],[-76.50268292,3.39533387],[-76.50281012,3.39508695],[-76.50290069,3.39492227],[-76.50299991,3.39470778],[-76.50312282,3.39443698],[-76.50321986,3.39423761],[-76.50327161,3.39414881],[-76.50338805,3.39397982],[-76.50349584,3.39383464],[-76.50363597,3.39363965],[-76.50378264,3.39344905],[-76.50395293,3.39319768],[-76.50415346,3.39292908],[-76.504313,3.39269072],[-76.50450495,3.39242862],[-76.50459981,3.39227475],[-76.50469466,3.39214045],[-76.50477664,3.39203426],[-76.50485426,3.39195415],[-76.50493188,3.39188047],[-76.50505479,3.39175698],[-76.50513023,3.39168549],[-76.50520785,3.39161399],[-76.50541055,3.3914277],[-76.50594525,3.39093806],[-76.50628589,3.39061959],[-76.50670852,3.39024051],[-76.5068767,3.39008453],[-76.50702765,3.38991116],[-76.50715055,3.38981586],[-76.50727774,3.38971837],[-76.50754076,3.38948659],[-76.50786847,3.38920274],[-76.50805176,3.38904675],[-76.50812073,3.38899695],[-76.50817466,3.38893627],[-76.50822859,3.38884965],[-76.50827387,3.38879546],[-76.50835578,3.38875647],[-76.50854982,3.38870018],[-76.50881072,3.38864382]]]]},"geometry_name":"the_geom","properties":{"bpcodigo":"1599","bpnombre":"El Morichal","bpcomuna":15,"bpestramod":2,"bpupu":4,"bpobserv":null,"bparea":119.916319287,"bpperim":4968.03330168}},{"type":"Feature","id":"pmih_barrios_precarios.11","geometry":{"type":"MultiPolygon","coordinates":[[[[-76.51088361,3.40198258],[-76.51161234,3.40132897],[-76.51304408,3.40002098],[-76.51429507,3.39885786],[-76.51617629,3.39709677],[-76.51630184,3.39720632],[-76.5177479,3.39842948],[-76.51831449,3.39891478],[-76.51884168,3.39935552],[-76.51896609,3.39947751],[-76.51908614,3.39959523],[-76.51914468,3.39965264],[-76.51946985,3.40003889],[-76.52005131,3.40083765],[-76.52009588,3.40089888],[-76.52016547,3.40099448],[-76.520243,3.40110099],[-76.52025568,3.4011184],[-76.52044782,3.4013858],[-76.52079762,3.40184138],[-76.52132233,3.4025495],[-76.52154896,3.40284661],[-76.52182979,3.40323781],[-76.52208106,3.40354978],[-76.52209961,3.40357654],[-76.52204054,3.40385793],[-76.52195905,3.40421787],[-76.521951,3.40425114],[-76.52187955,3.40455262],[-76.52186157,3.40469103],[-76.52183494,3.40461704],[-76.52159685,3.4041385],[-76.52132391,3.40353158],[-76.52087659,3.40283667],[-76.51878094,3.40485332],[-76.52089483,3.40710055],[-76.5207832,3.40721922],[-76.51944354,3.40855729],[-76.51839095,3.40954281],[-76.51833919,3.40959189],[-76.5182225,3.40970254],[-76.5178733,3.40935157],[-76.51778332,3.409234],[-76.51775632,3.40920687],[-76.51767534,3.40913451],[-76.51710845,3.4085376],[-76.51702746,3.40844716],[-76.51646957,3.40786834],[-76.51636159,3.40774173],[-76.51601066,3.40737996],[-76.51546176,3.40681019],[-76.51538978,3.40672879],[-76.51513783,3.40646651],[-76.51480489,3.40612284],[-76.51461593,3.40592387],[-76.51433698,3.40561637],[-76.51395906,3.40522747],[-76.51339217,3.40463961],[-76.51332019,3.40454917],[-76.5127353,3.40393417],[-76.51265432,3.40384373],[-76.51206044,3.40322873],[-76.51197946,3.40312924],[-76.51135858,3.40247807],[-76.5112956,3.40241476],[-76.51098066,3.40208013],[-76.51093567,3.40203491],[-76.51088361,3.40198258]]]]},"geometry_name":"the_geom","properties":{"bpcodigo":"1601","bpnombre":"Mariano Ramos","bpcomuna":16,"bpestramod":2,"bpupu":4,"bpobserv":null,"bparea":83.471186043,"bpperim":4395.43964583}},{"type":"Feature","id":"pmih_barrios_precarios.14","geometry":{"type":"MultiPolygon","coordinates":[[[[-76.46731718,3.41053776],[-76.46705111,3.40967962],[-76.46694047,3.40950587],[-76.46685874,3.40923209],[-76.4668578,3.40910027],[-76.46685778,3.40909665],[-76.46679734,3.40892369],[-76.46673029,3.40876846],[-76.46633726,3.40785813],[-76.46629558,3.40779044],[-76.46627519,3.40774515],[-76.46625931,3.4076981],[-76.46624807,3.40764963],[-76.46624631,3.40763585],[-76.46618792,3.40742883],[-76.46615743,3.40725072],[-76.46615066,3.40707283],[-76.46616733,3.4068938],[-76.46618369,3.4065534],[-76.46623362,3.40637982],[-76.46631063,3.40621662],[-76.46663542,3.40574966],[-76.46663788,3.40574266],[-76.46665849,3.40569745],[-76.46668303,3.40565428],[-76.46671123,3.40561345],[-76.46674294,3.40557523],[-76.46677782,3.40553998],[-76.46681571,3.40550798],[-76.46689172,3.40542653],[-76.46812397,3.40412175],[-76.46819133,3.404054],[-76.46821559,3.40401077],[-76.46821498,3.40400821],[-76.46821557,3.40400715],[-76.46821445,3.40400242],[-76.46820178,3.40394906],[-76.46835036,3.40290537],[-76.46835269,3.40279586],[-76.46835261,3.40279512],[-76.46835268,3.40279225],[-76.46834544,3.40272371],[-76.46833476,3.4026751],[-76.46832282,3.40262685],[-76.46830968,3.40257887],[-76.46829534,3.40253132],[-76.46828769,3.40251092],[-76.4685215,3.40249713],[-76.46854293,3.40216342],[-76.46880248,3.40192179],[-76.46899723,3.40180799],[-76.46913877,3.40178709],[-76.4696549,3.40165869],[-76.47008585,3.40168267],[-76.4701543,3.40173536],[-76.47058386,3.40169076],[-76.4705944,3.40171749],[-76.4707049,3.4016995],[-76.47103347,3.40172825],[-76.47103823,3.40175696],[-76.47091439,3.40204886],[-76.47086436,3.40225822],[-76.47117498,3.40306222],[-76.47128893,3.40347994],[-76.4735445,3.40920357],[-76.47341873,3.40942949],[-76.47355815,3.40950676],[-76.47391528,3.40968626],[-76.47491475,3.41016236],[-76.47485007,3.41022524],[-76.47477719,3.41027993],[-76.47477597,3.41027923],[-76.47475042,3.41030402],[-76.47448598,3.41053955],[-76.47405086,3.41087427],[-76.47389608,3.41100106],[-76.47382225,3.41109198],[-76.47378036,3.41116801],[-76.47376348,3.41118305],[-76.47363067,3.41130133],[-76.47363993,3.41140378],[-76.47364879,3.41150176],[-76.47364125,3.41152265],[-76.47358255,3.4117133],[-76.4734691,3.41170615],[-76.47331795,3.41197501],[-76.47233235,3.41143984],[-76.47221442,3.41141558],[-76.47223442,3.41138494],[-76.4714287,3.4112786],[-76.47059877,3.41118879],[-76.47059964,3.41118533],[-76.47050227,3.41117536],[-76.4705118,3.41114904],[-76.47056419,3.41104497],[-76.47017093,3.41081777],[-76.47015877,3.41081611],[-76.47011993,3.41079176],[-76.47004708,3.41078026],[-76.46993306,3.41076766],[-76.46993422,3.41074149],[-76.46988565,3.41074148],[-76.46925993,3.41068254],[-76.46869422,3.41061643],[-76.46815993,3.41056325],[-76.4681385,3.41056899],[-76.46802993,3.41057328],[-76.4677385,3.41054597],[-76.46758945,3.41054954],[-76.46747252,3.41053778],[-76.46731718,3.41053776]]]]},"geometry_name":"the_geom","properties":{"bpcodigo":"2196","bpnombre":"Potrero Grande","bpcomuna":21,"bpestramod":2,"bpupu":4,"bpobserv":null,"bparea":60.5918672219,"bpperim":3467.49231916}},{"type":"Feature","id":"pmih_barrios_precarios.45","geometry":{"type":"MultiPolygon","coordinates":[[[[-76.47315486,3.42852198],[-76.47414927,3.42777365],[-76.47424396,3.42792255],[-76.474796,3.42865464],[-76.4753898,3.42940072],[-76.47611986,3.43036956],[-76.47452252,3.43158507],[-76.47443095,3.43165583],[-76.47446851,3.43169358],[-76.47465746,3.43194682],[-76.47496217,3.43234318],[-76.47499185,3.43235273],[-76.47511184,3.432414],[-76.47522232,3.43246187],[-76.47467411,3.43326026],[-76.47435261,3.43375193],[-76.47422045,3.43387394],[-76.47400027,3.43405385],[-76.47394627,3.4341081],[-76.47382026,3.43421661],[-76.47377357,3.43425571],[-76.47377178,3.43425693],[-76.47376272,3.43424478],[-76.47346051,3.433866],[-76.473276,3.43362386],[-76.47327383,3.43362101],[-76.47276737,3.43295635],[-76.47276894,3.4329548],[-76.47263034,3.43277291],[-76.47192395,3.43185412],[-76.47179273,3.43168345],[-76.47169866,3.43156355],[-76.47094392,3.43060149],[-76.47089685,3.43054417],[-76.47078608,3.4304093],[-76.47095838,3.43025405],[-76.47178897,3.42958036],[-76.47238142,3.42913825],[-76.47315486,3.42852198]]]]},"geometry_name":"the_geom","properties":{"bpcodigo":"1495","bpnombre":"Puerta del Sol","bpcomuna":14,"bpestramod":1,"bpupu":4,"bpobserv":null,"bparea":20.8040943795,"bpperim":1996.236935}},{"type":"Feature","id":"pmih_barrios_precarios.15","geometry":{"type":"MultiPolygon","coordinates":[[[[-76.49664354,3.40817358],[-76.49660459,3.4081893],[-76.4965895,3.40819412],[-76.49641707,3.40825961],[-76.4962047,3.40833355],[-76.4959755,3.40840959],[-76.49579046,3.40848142],[-76.49565379,3.40854057],[-76.49555706,3.40858916],[-76.49545613,3.4086462],[-76.4953552,3.40870747],[-76.49525009,3.40878408],[-76.49525109,3.40878167],[-76.49562648,3.40830602],[-76.49578489,3.40814033],[-76.49580952,3.4081182],[-76.49594219,3.40797944],[-76.49594038,3.40797772],[-76.49594218,3.40797583],[-76.49579892,3.40783942],[-76.49578941,3.40783368],[-76.49541377,3.40746489],[-76.495412,3.40745955],[-76.49521404,3.40726058],[-76.49511506,3.40716109],[-76.49492649,3.40696175],[-76.49459112,3.40660722],[-76.4940193,3.40595628],[-76.49420223,3.40582152],[-76.49458765,3.40565086],[-76.49475738,3.40554794],[-76.494875,3.40547349],[-76.49510161,3.40533779],[-76.49545892,3.40510135],[-76.49573776,3.40492185],[-76.49589033,3.40481243],[-76.49603848,3.4046811],[-76.49615611,3.40456284],[-76.4962563,3.40446217],[-76.49650034,3.40427829],[-76.49670516,3.4040944],[-76.49694913,3.40387986],[-76.49722369,3.40363903],[-76.49761588,3.40329316],[-76.49778955,3.40314092],[-76.49805546,3.40296001],[-76.49806635,3.40295231],[-76.49807374,3.40294708],[-76.49808105,3.40294185],[-76.49808843,3.40293662],[-76.49809574,3.4029314],[-76.49810306,3.40292617],[-76.49811044,3.40292087],[-76.49811775,3.40291564],[-76.49812506,3.40291042],[-76.49813237,3.40290512],[-76.49813969,3.40289989],[-76.498147,3.40289459],[-76.49815431,3.40288929],[-76.49816162,3.40288407],[-76.49816894,3.40287877],[-76.49817625,3.40287347],[-76.49818349,3.40286817],[-76.4981908,3.40286287],[-76.49819811,3.40285758],[-76.49820536,3.40285228],[-76.49821267,3.40284698],[-76.49821991,3.40284161],[-76.49822722,3.40283631],[-76.49823446,3.40283094],[-76.49824177,3.40282564],[-76.49824902,3.40282028],[-76.49825626,3.40281498],[-76.49826357,3.40280961],[-76.49827081,3.40280424],[-76.49827805,3.40279887],[-76.4982853,3.4027935],[-76.49829254,3.40278813],[-76.49829978,3.40278277],[-76.49830702,3.4027774],[-76.49831426,3.40277203],[-76.49832143,3.40276666],[-76.49832868,3.40276129],[-76.49833592,3.40275585],[-76.49834316,3.40275048],[-76.49835033,3.40274504],[-76.49835757,3.40273967],[-76.49836475,3.40273423],[-76.49837199,3.40272879],[-76.49837916,3.40272335],[-76.49838633,3.40271799],[-76.49839357,3.40271255],[-76.49840074,3.40270711],[-76.49840792,3.40270167],[-76.49841509,3.40269616],[-76.49842226,3.40269072],[-76.49842943,3.40268528],[-76.4984366,3.40267984],[-76.49844377,3.40267433],[-76.49845094,3.40266889],[-76.49845812,3.40266338],[-76.49846529,3.40265794],[-76.49847246,3.40265243],[-76.49847956,3.40264692],[-76.49848673,3.40264141],[-76.4984939,3.40263597],[-76.498501,3.40263046],[-76.49850818,3.40262495],[-76.49851528,3.40261937],[-76.49852238,3.40261386],[-76.49852955,3.40260835],[-76.49853665,3.40260284],[-76.49854375,3.40259733],[-76.49855085,3.40259175],[-76.49855795,3.40258624],[-76.49856513,3.40258066],[-76.49857223,3.40257507],[-76.49857933,3.40256956],[-76.49858636,3.40256398],[-76.49859346,3.4025584],[-76.49860056,3.40255282],[-76.49860766,3.40254724],[-76.49861476,3.40254166],[-76.4986218,3.40253608],[-76.4986289,3.4025305],[-76.49863593,3.40252492],[-76.49864303,3.40251934],[-76.49865006,3.40251369],[-76.49865716,3.4025081],[-76.49866419,3.40250245],[-76.49867122,3.40249687],[-76.49867832,3.40249122],[-76.49868536,3.40248564],[-76.49869239,3.40247999],[-76.49869942,3.40247434],[-76.49870645,3.40246869],[-76.49871348,3.40246303],[-76.49872051,3.40245738],[-76.49872754,3.40245173],[-76.4987345,3.40244608],[-76.49874153,3.40244043],[-76.49874856,3.40243471],[-76.49875559,3.40242905],[-76.49876255,3.4024234],[-76.49876959,3.40241768],[-76.49877655,3.40241203],[-76.49878358,3.40240631],[-76.49879054,3.40240059],[-76.4987975,3.40239493],[-76.49880043,3.40239255],[-76.49880231,3.40239102],[-76.49969589,3.40337234],[-76.50029876,3.40403257],[-76.50075765,3.40455713],[-76.50101023,3.40481894],[-76.50101225,3.40482102],[-76.50101024,3.40482254],[-76.50133354,3.40515765],[-76.50159448,3.40546515],[-76.50181043,3.40570934],[-76.50227833,3.40622486],[-76.50275523,3.40676751],[-76.50333111,3.4074006],[-76.50355606,3.40763575],[-76.50379901,3.40788898],[-76.50407947,3.4081885],[-76.50406693,3.4081999],[-76.50339347,3.40881211],[-76.50180059,3.41030374],[-76.50106316,3.40954008],[-76.50102717,3.4095039],[-76.50051428,3.40897933],[-76.50045129,3.40892507],[-76.50001038,3.40844573],[-76.49997439,3.40839146],[-76.49985742,3.40828293],[-76.49972244,3.40814727],[-76.49949749,3.40792116],[-76.4994525,3.40787594],[-76.4990026,3.4073966],[-76.4989756,3.40736946],[-76.49845371,3.40682681],[-76.49837761,3.40675031],[-76.498274,3.40685495],[-76.49817714,3.40695017],[-76.4980256,3.40710374],[-76.49787302,3.40725522],[-76.49772096,3.40740931],[-76.49756265,3.4075634],[-76.49740277,3.40771696],[-76.49723561,3.40785065],[-76.49718718,3.40788308],[-76.49702732,3.40798746],[-76.49693619,3.40803873],[-76.4967305,3.40813683],[-76.49665551,3.40816874],[-76.49664354,3.40817358]]]]},"geometry_name":"the_geom","properties":{"bpcodigo":"1504","bpnombre":"El Vallado","bpcomuna":15,"bpestramod":2,"bpupu":4,"bpobserv":null,"bparea":42.2147161984,"bpperim":3273.98938332}},{"type":"Feature","id":"pmih_barrios_precarios.16","geometry":{"type":"MultiPolygon","coordinates":[[[[-76.47764295,3.40732534],[-76.47733629,3.40717982],[-76.47734357,3.40713452],[-76.47708046,3.40705351],[-76.47739267,3.40707848],[-76.47754965,3.40723643],[-76.47769361,3.40727598],[-76.47783446,3.40689327],[-76.47784215,3.40689699],[-76.47786661,3.406909],[-76.47788798,3.4069201],[-76.47790844,3.40693119],[-76.47792735,3.40694391],[-76.47794774,3.40695741],[-76.47796812,3.40697416],[-76.47799083,3.4069909],[-76.47801346,3.40701175],[-76.47803856,3.40703104],[-76.4780612,3.40705111],[-76.47808461,3.40707195],[-76.47810492,3.4070887],[-76.47812123,3.40710608],[-76.47813761,3.40712191],[-76.47815399,3.40713851],[-76.47817965,3.40716268],[-76.47821325,3.40719271],[-76.47822808,3.40720522],[-76.47825704,3.40723023],[-76.4782813,3.40724952],[-76.47830205,3.40726506],[-76.47817546,3.40751156],[-76.47817245,3.40751682],[-76.47805246,3.40745172],[-76.47764295,3.40732534]]],[[[-76.4735445,3.40920357],[-76.4755577,3.40558746],[-76.47556747,3.40556991],[-76.47562352,3.40559128],[-76.47568781,3.40561761],[-76.47578304,3.4056248],[-76.47593305,3.40562482],[-76.4759365,3.40562593],[-76.47585418,3.40568142],[-76.47579642,3.40567931],[-76.4757388,3.40568377],[-76.47568205,3.40569475],[-76.47562689,3.4057121],[-76.47557403,3.40573559],[-76.47523151,3.40632484],[-76.47520713,3.40636677],[-76.47511529,3.40670873],[-76.47531158,3.40680093],[-76.47557336,3.40681425],[-76.47607065,3.40701188],[-76.47616375,3.40701887],[-76.47623876,3.4070245],[-76.47619154,3.40702656],[-76.47615343,3.40711078],[-76.47613051,3.40761421],[-76.4761438,3.40802576],[-76.47623296,3.40914],[-76.47622556,3.40914566],[-76.47621088,3.40914894],[-76.47616309,3.40917027],[-76.47581263,3.40944235],[-76.47493649,3.41014122],[-76.47491475,3.41016236],[-76.47391528,3.40968626],[-76.47355815,3.40950676],[-76.47341873,3.40942949],[-76.4735445,3.40920357]]]]},"geometry_name":"the_geom","properties":{"bpcodigo":"2195","bpnombre":"Pizamos III - Las Dalias","bpcomuna":21,"bpestramod":1,"bpupu":4,"bpobserv":null,"bparea":7.96437269432,"bpperim":1791.50798341}},{"type":"Feature","id":"pmih_barrios_precarios.17","geometry":{"type":"MultiPolygon","coordinates":[[[[-76.50768943,3.40490452],[-76.50835893,3.40429185],[-76.50998564,3.40278796],[-76.51088172,3.40198427],[-76.51088361,3.40198258],[-76.51093567,3.40203491],[-76.51098066,3.40208013],[-76.5112956,3.40241476],[-76.51135858,3.40247807],[-76.51197946,3.40312924],[-76.51206044,3.40322873],[-76.51265432,3.40384373],[-76.5127353,3.40393417],[-76.51332019,3.40454917],[-76.51339217,3.40463961],[-76.51395906,3.40522747],[-76.51433698,3.40561637],[-76.51461593,3.40592387],[-76.51480489,3.40612284],[-76.51513783,3.40646651],[-76.51538978,3.40672879],[-76.51546176,3.40681019],[-76.51601066,3.40737996],[-76.51636159,3.40774173],[-76.51646957,3.40786834],[-76.51702746,3.40844716],[-76.51710845,3.4085376],[-76.51767534,3.40913451],[-76.51775632,3.40920687],[-76.51778332,3.409234],[-76.5178733,3.40935157],[-76.5182225,3.40970254],[-76.51782478,3.41007964],[-76.51618608,3.41165808],[-76.51510158,3.41268365],[-76.51506786,3.41271617],[-76.51461544,3.41224521],[-76.51452546,3.41214572],[-76.5142915,3.41189249],[-76.51420152,3.41180205],[-76.51394957,3.41153073],[-76.51386858,3.41144933],[-76.51363463,3.4111961],[-76.51352665,3.41108757],[-76.51330169,3.41085242],[-76.5132837,3.41082529],[-76.5132657,3.41081625],[-76.51316672,3.41070772],[-76.51299575,3.41052683],[-76.51293277,3.41045448],[-76.51291477,3.41044544],[-76.51288777,3.41040926],[-76.51232988,3.4098214],[-76.5122579,3.40974904],[-76.51165501,3.40911595],[-76.51147505,3.40892603],[-76.51089916,3.40831103],[-76.51082718,3.40822963],[-76.51025129,3.40763272],[-76.51018831,3.40755132],[-76.50956743,3.40690919],[-76.50953144,3.40685493],[-76.50891956,3.40621279],[-76.50809173,3.40534456],[-76.50768943,3.40490452]]]]},"geometry_name":"the_geom","properties":{"bpcodigo":"1602","bpnombre":"República de Israel","bpcomuna":16,"bpestramod":2,"bpupu":4,"bpobserv":null,"bparea":57.1778545368,"bpperim":3336.16117653}},{"type":"Feature","id":"pmih_barrios_precarios.32","geometry":{"type":"MultiPolygon","coordinates":[[[[-76.46765874,3.42189142],[-76.46802875,3.42124373],[-76.46803036,3.42124458],[-76.46809978,3.42112305],[-76.46877347,3.41997753],[-76.46880739,3.4199175],[-76.46880588,3.41991652],[-76.46880737,3.41991387],[-76.46912174,3.41935742],[-76.46943969,3.41879463],[-76.47010592,3.41760411],[-76.47079453,3.41642484],[-76.47148315,3.41524557],[-76.47205709,3.41422173],[-76.47342661,3.41500839],[-76.47374155,3.41518025],[-76.4740205,3.41533402],[-76.47429946,3.41548779],[-76.47461441,3.41564157],[-76.4746774,3.41566871],[-76.47476738,3.41573202],[-76.47483036,3.41577725],[-76.47515431,3.41594911],[-76.47543326,3.41611192],[-76.47548725,3.41613906],[-76.47571222,3.41625665],[-76.4757842,3.41631092],[-76.47600017,3.41642851],[-76.47609015,3.41650991],[-76.47656706,3.41678127],[-76.47681002,3.41692599],[-76.47732083,3.4172068],[-76.47712127,3.41757981],[-76.47684025,3.4178151],[-76.47657094,3.41802685],[-76.47632504,3.4182739],[-76.47591518,3.41885038],[-76.47532967,3.41973275],[-76.47483784,3.42049747],[-76.47453335,3.42112102],[-76.47446305,3.42154458],[-76.47461522,3.42183875],[-76.47526037,3.42241649],[-76.47555827,3.42275676],[-76.47576138,3.42310383],[-76.47611344,3.42353938],[-76.47639095,3.4239256],[-76.47607127,3.42399784],[-76.4756663,3.42408823],[-76.47554031,3.42412439],[-76.47514433,3.42422382],[-76.47461337,3.42434132],[-76.47443338,3.42437747],[-76.4742624,3.42442267],[-76.47391142,3.42449497],[-76.47322747,3.42465767],[-76.47297548,3.42472094],[-76.47294849,3.42472998],[-76.4727145,3.42477517],[-76.47252552,3.42481132],[-76.47211154,3.42491979],[-76.47205755,3.42493787],[-76.47160757,3.42508251],[-76.47124759,3.42520003],[-76.47086962,3.4253085],[-76.47047364,3.42543506],[-76.47038566,3.42546452],[-76.46994659,3.4256262],[-76.46980848,3.42567882],[-76.46969965,3.42545455],[-76.46969109,3.42545311],[-76.46939974,3.42499163],[-76.46864247,3.42363651],[-76.4680766,3.42266617],[-76.46765874,3.42189142]]]]},"geometry_name":"the_geom","properties":{"bpcodigo":"1403","bpnombre":"Manuela Beltrán","bpcomuna":14,"bpestramod":1,"bpupu":4,"bpobserv":null,"bparea":76.6748133547,"bpperim":3818.66169864}},{"type":"Feature","id":"pmih_barrios_precarios.51","geometry":{"type":"MultiPolygon","coordinates":[[[[-76.50825996,3.42437578],[-76.50819812,3.42437189],[-76.50771217,3.42431759],[-76.50756819,3.42429949],[-76.5074152,3.42428139],[-76.50723522,3.42425424],[-76.50715423,3.42424519],[-76.50705525,3.42421806],[-76.50660531,3.42399193],[-76.50646985,3.4239196],[-76.50652434,3.42381468],[-76.50671335,3.42345296],[-76.50684836,3.42318166],[-76.50710937,3.4226843],[-76.50733439,3.42223215],[-76.5074154,3.42207842],[-76.50759541,3.42172574],[-76.50777542,3.42137306],[-76.50798243,3.42096613],[-76.50811745,3.4206677],[-76.50828845,3.4203512],[-76.50843246,3.420098],[-76.50855686,3.4200059],[-76.50860345,3.4199714],[-76.50863045,3.41997141],[-76.50882843,3.41996238],[-76.50921539,3.41994432],[-76.50954836,3.41992627],[-76.5101603,3.41989919],[-76.51024619,3.419892],[-76.51016017,3.42067894],[-76.51009518,3.42127567],[-76.51000231,3.4223013],[-76.50992803,3.422926],[-76.50984445,3.4238211],[-76.5097647,3.42454187],[-76.50971896,3.4245348],[-76.50834211,3.42438095],[-76.50825996,3.42437578]]]]},"geometry_name":"the_geom","properties":{"bpcodigo":"1122","bpnombre":"Primavera","bpcomuna":11,"bpestramod":2,"bpupu":5,"bpobserv":null,"bparea":14.1466665682,"bpperim":1575.30370208}},{"type":"Feature","id":"pmih_barrios_precarios.18","geometry":{"type":"MultiPolygon","coordinates":[[[[-76.55752265,3.4156877],[-76.55763966,3.41516319],[-76.55764866,3.41509084],[-76.55772966,3.41477433],[-76.55780166,3.41444876],[-76.55788267,3.41408703],[-76.55793667,3.41379764],[-76.55795467,3.41370721],[-76.55801767,3.41342687],[-76.55804467,3.41332739],[-76.55807167,3.41325504],[-76.55814926,3.41318907],[-76.55815105,3.41318685],[-76.55817274,3.41320349],[-76.55820944,3.41323923],[-76.55826221,3.41331301],[-76.55832989,3.41340351],[-76.55836545,3.41343233],[-76.55844346,3.41352801],[-76.55849852,3.41358911],[-76.55854096,3.41365021],[-76.55856964,3.41369402],[-76.55858111,3.41373437],[-76.55858799,3.41377242],[-76.55861208,3.41381507],[-76.55863617,3.41383006],[-76.55867288,3.41383236],[-76.55872794,3.41383928],[-76.55875232,3.41384141],[-76.55877952,3.41385199],[-76.55890452,3.41386275],[-76.55897447,3.41385542],[-76.55902621,3.4138377],[-76.55911785,3.41379955],[-76.55920546,3.41376308],[-76.55942313,3.41368093],[-76.55965027,3.41358468],[-76.55971492,3.41357395],[-76.55977531,3.41355356],[-76.55985635,3.41354882],[-76.55992674,3.41354549],[-76.55996689,3.41355472],[-76.55999442,3.4135697],[-76.56001489,3.41359223],[-76.56001851,3.41359622],[-76.5600403,3.41361697],[-76.56007707,3.4136572],[-76.56011798,3.41367135],[-76.56012582,3.41367406],[-76.56013207,3.41367909],[-76.56014478,3.41368062],[-76.56016075,3.41368614],[-76.56019279,3.41369165],[-76.56024136,3.4136895],[-76.56028565,3.41368232],[-76.56032595,3.41366828],[-76.56035118,3.41366136],[-76.56037298,3.41365214],[-76.56039822,3.41364292],[-76.56043263,3.41361641],[-76.56048885,3.41357836],[-76.56053817,3.41353341],[-76.5605607,3.41351256],[-76.56057374,3.41349689],[-76.56058176,3.41348946],[-76.5606093,3.41347448],[-76.56062332,3.41346391],[-76.56063224,3.41346078],[-76.5606701,3.41343773],[-76.56069763,3.41341237],[-76.56072402,3.41338931],[-76.56073893,3.41337663],[-76.56076188,3.41335242],[-76.56077611,3.41333744],[-76.56078269,3.41332691],[-76.56078596,3.41332346],[-76.56080202,3.41330386],[-76.56082153,3.41328542],[-76.56085479,3.41326352],[-76.56088003,3.41325199],[-76.56090642,3.413237],[-76.56091673,3.41323072],[-76.5609294,3.41322661],[-76.56098064,3.41320996],[-76.56105064,3.41319202],[-76.56111291,3.41317029],[-76.56113127,3.41316222],[-76.56114962,3.41315299],[-76.56118136,3.41314033],[-76.56122878,3.41310371],[-76.56127921,3.41310587],[-76.56131993,3.41312955],[-76.56133374,3.41313167],[-76.56133444,3.41313178],[-76.56133546,3.41313586],[-76.56133947,3.41313989],[-76.56134578,3.41314277],[-76.56136758,3.41313932],[-76.56137962,3.41313413],[-76.56138298,3.41313076],[-76.56138776,3.41312956],[-76.56140493,3.41312524],[-76.56143186,3.41308973],[-76.56143642,3.41308527],[-76.56144617,3.41307087],[-76.56147493,3.41300608],[-76.56148774,3.41297235],[-76.56148951,3.4129677],[-76.56148976,3.41296755],[-76.56150117,3.4129672],[-76.56151654,3.41291805],[-76.56154321,3.41286063],[-76.56155478,3.41283156],[-76.56162777,3.41269167],[-76.56169491,3.4126084],[-76.56179491,3.41251077],[-76.56181074,3.41249117],[-76.56181561,3.41248737],[-76.56181823,3.4124819],[-76.56187618,3.41241014],[-76.56190261,3.41234701],[-76.56190903,3.41233166],[-76.56193522,3.41229529],[-76.56197236,3.41227375],[-76.56200903,3.41225126],[-76.5620137,3.41224254],[-76.56201646,3.41223738],[-76.56203278,3.41222816],[-76.56207581,3.41220184],[-76.56212071,3.41217458],[-76.56215813,3.4121445],[-76.56217318,3.41213304],[-76.56217804,3.41213293],[-76.5622376,3.41213161],[-76.56230903,3.41212587],[-76.56234379,3.41210242],[-76.56237807,3.41205648],[-76.56239059,3.41202988],[-76.56239265,3.41202549],[-76.56239853,3.41202324],[-76.56241537,3.41201008],[-76.56242098,3.4119988],[-76.56242473,3.41197812],[-76.56242829,3.41196939],[-76.56243117,3.41196593],[-76.56246283,3.41192918],[-76.56250104,3.41188551],[-76.56250566,3.41187914],[-76.56251827,3.4118719],[-76.56252856,3.41185968],[-76.56253417,3.41184745],[-76.56254821,3.41183335],[-76.56256037,3.41181361],[-76.56259217,3.41178259],[-76.56264736,3.41174875],[-76.56267169,3.41173653],[-76.56269039,3.41172525],[-76.56271097,3.41171397],[-76.56273155,3.41169893],[-76.56274933,3.41168295],[-76.56275383,3.41167984],[-76.56276429,3.41167261],[-76.56277645,3.41166514],[-76.56282092,3.41164395],[-76.56284161,3.41163379],[-76.5628747,3.41161835],[-76.56287819,3.41161583],[-76.56299687,3.41155756],[-76.56315639,3.41146783],[-76.56322172,3.41143828],[-76.56322757,3.41143604],[-76.56323172,3.41143376],[-76.56327544,3.41141399],[-76.56340758,3.4113757],[-76.56354925,3.41137569],[-76.56363497,3.41134339],[-76.56365193,3.41133417],[-76.56369522,3.41131064],[-76.56379044,3.41128531],[-76.5638592,3.41125745],[-76.56386592,3.41125604],[-76.56395758,3.41121536],[-76.56402901,3.41115195],[-76.56410565,3.41106573],[-76.56410882,3.41106356],[-76.56411268,3.41117137],[-76.56410449,3.41148053],[-76.5641045,3.4116145],[-76.56412296,3.41175465],[-76.56415988,3.41188037],[-76.56415989,3.41198755],[-76.56414349,3.41209885],[-76.56411683,3.41222664],[-76.56409838,3.41234206],[-76.56411072,3.41250376],[-76.56411749,3.41259251],[-76.56409099,3.41259746],[-76.56406889,3.41260236],[-76.56400786,3.4126159],[-76.56396893,3.41262453],[-76.56395916,3.4126267],[-76.56386376,3.41265319],[-76.5637542,3.41269038],[-76.56375218,3.41269106],[-76.56374741,3.4126936],[-76.56372587,3.41270506],[-76.56368061,3.41272914],[-76.56367841,3.41273053],[-76.5636538,3.41274605],[-76.56364417,3.41275212],[-76.56361206,3.41277238],[-76.56356095,3.4128094],[-76.56358361,3.41285528],[-76.5638183,3.41333378],[-76.56381744,3.41335405],[-76.56375797,3.41342207],[-76.56386496,3.41360419],[-76.56391044,3.41367613],[-76.56392636,3.41370131],[-76.56403741,3.41387697],[-76.56417422,3.41403469],[-76.56425658,3.41414527],[-76.56429997,3.41424253],[-76.5643111,3.41433197],[-76.56430888,3.41442588],[-76.56428716,3.41451441],[-76.56420098,3.41465171],[-76.56409028,3.41481121],[-76.56400186,3.41496475],[-76.56410087,3.41500164],[-76.56404723,3.41511007],[-76.56414799,3.41513513],[-76.56409237,3.41512317],[-76.56403558,3.41511461],[-76.56395323,3.41510319],[-76.56383681,3.41509178],[-76.56376298,3.41508321],[-76.56369199,3.41507465],[-76.56359828,3.41506323],[-76.56350885,3.41503872],[-76.56350458,3.41503755],[-76.56341087,3.41502613],[-76.56333988,3.41500901],[-76.56324618,3.41498903],[-76.56314111,3.41496905],[-76.56304173,3.41495193],[-76.5629324,3.4149505],[-76.56286141,3.4149562],[-76.5628103,3.41497047],[-76.56274215,3.4149933],[-76.56267968,3.41501898],[-76.56258881,3.41506463],[-76.56242127,3.41515023],[-76.56235596,3.41518162],[-76.56234802,3.41518694],[-76.5623304,3.41519874],[-76.56218558,3.41526152],[-76.56214583,3.41526152],[-76.5621004,3.41526151],[-76.56202657,3.41526151],[-76.56194706,3.41525295],[-76.56189027,3.41523868],[-76.56183064,3.41521014],[-76.56176817,3.41518161],[-76.56170002,3.41515877],[-76.56161199,3.41513594],[-76.56151261,3.41511596],[-76.56132804,3.41505603],[-76.56126557,3.4150332],[-76.56119458,3.41498754],[-76.56114914,3.41494189],[-76.56102884,3.41481494],[-76.56093331,3.41483413],[-76.56081632,3.41486126],[-76.56069934,3.4148703],[-76.56037537,3.41493359],[-76.56033937,3.41494263],[-76.56026738,3.41495168],[-76.56019539,3.4149788],[-76.56013239,3.41500593],[-76.55982642,3.41515966],[-76.55973643,3.41520487],[-76.55966444,3.41524105],[-76.55954745,3.41531339],[-76.55951804,3.41532816],[-76.55949345,3.41534052],[-76.55948445,3.4153586],[-76.55946645,3.41538573],[-76.55944845,3.41541286],[-76.559422,3.41543185],[-76.55938546,3.41545808],[-76.55936746,3.41546712],[-76.55931347,3.41547616],[-76.55842256,3.41553944],[-76.55835052,3.41554795],[-76.55826957,3.41555752],[-76.55817958,3.41555752],[-76.55811659,3.41556656],[-76.5580626,3.4155756],[-76.5579906,3.41560273],[-76.55756764,3.41579262],[-76.55749639,3.41582842],[-76.55752265,3.4156877]]]]},"geometry_name":"the_geom","properties":{"bpcodigo":"2098","bpnombre":"Venezuela - Urbanizacian Cañaveralejo","bpcomuna":20,"bpestramod":1,"bpupu":8,"bpobserv":null,"bparea":18.1888205703,"bpperim":2471.28849886}},{"type":"Feature","id":"pmih_barrios_precarios.19","geometry":{"type":"MultiPolygon","coordinates":[[[[-76.46430442,3.41632828],[-76.46454239,3.41615192],[-76.46523621,3.4157553],[-76.46529907,3.41571412],[-76.46533823,3.41568367],[-76.46537529,3.41565075],[-76.46541023,3.4156155],[-76.46544279,3.41557806],[-76.46547295,3.41553864],[-76.46550045,3.41549731],[-76.46552527,3.41545429],[-76.46554735,3.41540978],[-76.46610366,3.41441713],[-76.46634488,3.41385852],[-76.46639427,3.41358602],[-76.46649062,3.41333847],[-76.46655039,3.41325306],[-76.4673491,3.41121154],[-76.46736077,3.41116251],[-76.4673702,3.41111369],[-76.46737766,3.41106452],[-76.46738301,3.41101506],[-76.46738632,3.41096547],[-76.46738759,3.41091573],[-76.46738755,3.41091315],[-76.46738757,3.41091211],[-76.46738674,3.41086244],[-76.46738386,3.41081277],[-76.46737887,3.41076325],[-76.46737185,3.41071407],[-76.46731718,3.41053776],[-76.46747252,3.41053778],[-76.46758945,3.41054954],[-76.4677385,3.41054597],[-76.46802993,3.41057328],[-76.4681385,3.41056899],[-76.46815993,3.41056325],[-76.46869422,3.41061643],[-76.46925993,3.41068254],[-76.46988565,3.41074148],[-76.46993422,3.41074149],[-76.46993306,3.41076766],[-76.47004708,3.41078026],[-76.47011993,3.41079176],[-76.47015877,3.41081611],[-76.47017093,3.41081777],[-76.47056419,3.41104497],[-76.4705118,3.41114904],[-76.47050227,3.41117536],[-76.47059964,3.41118533],[-76.47059877,3.41118879],[-76.4714287,3.4112786],[-76.47223442,3.41138494],[-76.47221442,3.41141558],[-76.47233235,3.41143984],[-76.47331795,3.41197501],[-76.47283052,3.41284203],[-76.47215684,3.4140438],[-76.47205709,3.41422173],[-76.47148315,3.41524557],[-76.47079453,3.41642484],[-76.47010592,3.41760411],[-76.46943969,3.41879463],[-76.46912174,3.41935742],[-76.46844334,3.41894825],[-76.46822869,3.41863147],[-76.46663575,3.41770901],[-76.46430442,3.41632828]]]]},"geometry_name":"the_geom","properties":{"bpcodigo":"2103","bpnombre":"Calimio Desepaz","bpcomuna":21,"bpestramod":1,"bpupu":4,"bpobserv":null,"bparea":51.0638012546,"bpperim":3057.75942096}},{"type":"Feature","id":"pmih_barrios_precarios.33","geometry":{"type":"MultiPolygon","coordinates":[[[[-76.48727344,3.42767822],[-76.48744581,3.42738135],[-76.48761683,3.42705581],[-76.48785985,3.42659462],[-76.48794086,3.42644089],[-76.48821989,3.42590736],[-76.48852592,3.42529244],[-76.48881396,3.42472274],[-76.48902298,3.42430275],[-76.48902432,3.42430369],[-76.48907499,3.42420187],[-76.48907478,3.42419866],[-76.48907499,3.42419825],[-76.48906663,3.42407215],[-76.48920097,3.42418018],[-76.48956991,3.42450578],[-76.48968689,3.42459622],[-76.49002882,3.42488565],[-76.49007381,3.42492183],[-76.49028977,3.4251208],[-76.49042475,3.42523838],[-76.49063171,3.42541927],[-76.49083867,3.42560016],[-76.49101864,3.425772],[-76.49105463,3.42580818],[-76.49100063,3.42584435],[-76.49096463,3.42588052],[-76.49082063,3.42603424],[-76.49079363,3.42604328],[-76.49077563,3.42610658],[-76.49075763,3.42612467],[-76.49073063,3.4261518],[-76.49058662,3.42629648],[-76.49054162,3.42634169],[-76.49048762,3.42640499],[-76.49045162,3.4264502],[-76.49043362,3.42645924],[-76.49038862,3.42652254],[-76.49036162,3.42655871],[-76.48983959,3.4273183],[-76.48978558,3.42744491],[-76.48971357,3.42761672],[-76.48972257,3.42766194],[-76.48967756,3.4277795],[-76.48966855,3.42782472],[-76.48965054,3.42795132],[-76.48963254,3.42800558],[-76.48962353,3.4280508],[-76.48962353,3.42807793],[-76.48962353,3.4281141],[-76.48961452,3.4281774],[-76.48961452,3.42821358],[-76.48961451,3.42829497],[-76.4895965,3.42841253],[-76.48961449,3.42848488],[-76.48959648,3.42857531],[-76.48957848,3.42863861],[-76.48956047,3.42869287],[-76.48953346,3.42881948],[-76.48953167,3.42882756],[-76.4892455,3.42867475],[-76.48897554,3.42853003],[-76.48865159,3.42837626],[-76.48842662,3.42824962],[-76.48834563,3.4282677],[-76.48796768,3.42807775],[-76.48735577,3.42776117],[-76.48727344,3.42767822]]]]},"geometry_name":"the_geom","properties":{"bpcodigo":"1312","bpnombre":"Rodrigo Lara Bonilla","bpcomuna":13,"bpestramod":2,"bpupu":4,"bpobserv":null,"bparea":10.4314224028,"bpperim":1414.94236114}},{"type":"Feature","id":"pmih_barrios_precarios.57","geometry":{"type":"MultiPolygon","coordinates":[[[[-76.58286131,3.45750336],[-76.58294577,3.45735557],[-76.58295074,3.45734803],[-76.58295604,3.45734072],[-76.58296165,3.45733364],[-76.58296756,3.45732682],[-76.58297375,3.45732027],[-76.58298023,3.45731399],[-76.58298698,3.45730801],[-76.58299398,3.45730232],[-76.58300121,3.45729695],[-76.58301313,3.45728911],[-76.58301929,3.45728252],[-76.58302575,3.45727623],[-76.58303251,3.45727026],[-76.58303955,3.45726462],[-76.58304684,3.45725933],[-76.58305438,3.45725439],[-76.58306215,3.45724982],[-76.58307012,3.45724563],[-76.58307829,3.45724183],[-76.58308662,3.45723843],[-76.58309511,3.45723543],[-76.58310373,3.45723284],[-76.58311247,3.45723067],[-76.5831213,3.45722893],[-76.5831302,3.4572276],[-76.58313916,3.45722671],[-76.58314814,3.45722626],[-76.58315714,3.45722623],[-76.58316613,3.45722664],[-76.583176,3.45722758],[-76.5832282,3.45723612],[-76.58335354,3.45714483],[-76.58335489,3.45714751],[-76.58338846,3.45721408],[-76.58340367,3.45724004],[-76.58343677,3.4572782],[-76.58346546,3.45730023],[-76.5834787,3.45731967],[-76.5834847,3.45737867],[-76.58348917,3.45739246],[-76.5835077,3.45739962],[-76.58363583,3.45752829],[-76.58367063,3.45754779],[-76.58367851,3.45755217],[-76.58368631,3.45755669],[-76.58369412,3.45756115],[-76.58370192,3.45756567],[-76.58370972,3.45757019],[-76.58371746,3.45757478],[-76.58372526,3.45757937],[-76.583733,3.45758397],[-76.58374066,3.45758863],[-76.58374839,3.45759329],[-76.58375606,3.45759796],[-76.58376379,3.45760269],[-76.58377145,3.45760742],[-76.58377905,3.45761223],[-76.58378671,3.45761703],[-76.5837943,3.45762184],[-76.5838019,3.45762671],[-76.58380949,3.45763159],[-76.58381701,3.45763646],[-76.58382461,3.45764141],[-76.58383213,3.45764635],[-76.58383958,3.45765137],[-76.58384711,3.45765638],[-76.58385456,3.4576614],[-76.58386201,3.45766649],[-76.58386946,3.45767157],[-76.58387692,3.45767666],[-76.5838843,3.45768182],[-76.58389168,3.45768698],[-76.58389906,3.45769213],[-76.58390645,3.45769736],[-76.58391376,3.45770259],[-76.58392107,3.45770789],[-76.58392838,3.45771312],[-76.58393569,3.45771849],[-76.58394294,3.45772379],[-76.58395018,3.45772916],[-76.58395742,3.45773453],[-76.58396459,3.45773997],[-76.58397183,3.45774541],[-76.583979,3.45775085],[-76.5839861,3.45775636],[-76.58399327,3.45776187],[-76.58400038,3.45776738],[-76.58400748,3.45777296],[-76.58401458,3.45777854],[-76.58402161,3.45778412],[-76.58402864,3.45778978],[-76.58403567,3.45779543],[-76.5840427,3.45780115],[-76.58404966,3.4578068],[-76.58405662,3.45781253],[-76.58406358,3.45781832],[-76.58407047,3.45782411],[-76.58407736,3.45782991],[-76.58408425,3.4578357],[-76.58409114,3.45784156],[-76.58409796,3.45784743],[-76.58410478,3.45785329],[-76.5841116,3.45785923],[-76.58411842,3.45786516],[-76.58412517,3.45787117],[-76.58413192,3.45787717],[-76.5841386,3.45788318],[-76.58414535,3.45788918],[-76.58415702,3.45790112],[-76.58416335,3.45790755],[-76.58416961,3.45791405],[-76.58417593,3.45792048],[-76.58418219,3.45792698],[-76.58418845,3.45793348],[-76.58419471,3.45793998],[-76.58420089,3.45794648],[-76.58420715,3.45795305],[-76.58421334,3.45795962],[-76.58421953,3.45796612],[-76.58422571,3.45797269],[-76.5842319,3.45797926],[-76.58423809,3.45798591],[-76.5842442,3.45799248],[-76.58425039,3.45799912],[-76.58425651,3.45800569],[-76.58426262,3.45801233],[-76.58426874,3.45801897],[-76.58427486,3.45802561],[-76.5842809,3.45803232],[-76.58428695,3.45803896],[-76.58429307,3.45804568],[-76.58429911,3.45805239],[-76.58430516,3.4580591],[-76.58431114,3.45806581],[-76.58431718,3.45807252],[-76.58432316,3.45807924],[-76.58432914,3.45808602],[-76.58433511,3.45809273],[-76.58434109,3.45809951],[-76.58434706,3.4581063],[-76.58435297,3.45811308],[-76.58435895,3.45811993],[-76.58436485,3.45812671],[-76.58437076,3.45813357],[-76.58437659,3.45814042],[-76.5843825,3.4581472],[-76.5843884,3.45815413],[-76.58439424,3.45816098],[-76.58440008,3.45816783],[-76.58440591,3.45817476],[-76.58441175,3.45818161],[-76.58441751,3.45818853],[-76.58442335,3.45819546],[-76.58442911,3.45820238],[-76.58443488,3.45820931],[-76.58444064,3.4582163],[-76.58444641,3.45822322],[-76.5844521,3.45823022],[-76.58445787,3.45823721],[-76.58446356,3.45824414],[-76.58446926,3.4582512],[-76.58447495,3.4582582],[-76.58448058,3.45826519],[-76.58448627,3.45827226],[-76.5844919,3.45827925],[-76.58449752,3.45828632],[-76.58450315,3.45829338],[-76.58450877,3.45830045],[-76.5845144,3.45830751],[-76.58451995,3.45831465],[-76.58452551,3.45832171],[-76.58453106,3.45832885],[-76.58453661,3.45833598],[-76.58454217,3.45834312],[-76.58454772,3.45835026],[-76.58455321,3.45835739],[-76.58455869,3.45836453],[-76.58456417,3.45837173],[-76.58456966,3.45837887],[-76.58457514,3.45838608],[-76.58458056,3.45839328],[-76.58458597,3.45840049],[-76.58459138,3.4584077],[-76.5845968,3.45841497],[-76.58460221,3.45842218],[-76.58460762,3.45842946],[-76.58461297,3.45843666],[-76.58461831,3.45844394],[-76.58462365,3.45845122],[-76.584629,3.45845849],[-76.58463434,3.45846584],[-76.58463961,3.45847312],[-76.58464489,3.45848047],[-76.58465016,3.45848774],[-76.58465543,3.45849509],[-76.58466071,3.45850244],[-76.58466598,3.45850979],[-76.58467118,3.45851714],[-76.58467639,3.45852455],[-76.58468159,3.4585319],[-76.58468679,3.45853932],[-76.58469199,3.45854667],[-76.58469713,3.45855409],[-76.58470226,3.45856151],[-76.58470739,3.45856892],[-76.58471252,3.45857634],[-76.58471766,3.45858383],[-76.58472272,3.45859125],[-76.58472785,3.45859874],[-76.58473291,3.45860623],[-76.58473798,3.45861372],[-76.58474297,3.45862121],[-76.58474803,3.4586287],[-76.58475302,3.45863618],[-76.58475801,3.45864367],[-76.584763,3.45865123],[-76.584768,3.45865879],[-76.58477299,3.45866628],[-76.58477791,3.45867384],[-76.58478283,3.4586814],[-76.58478775,3.45868896],[-76.58479267,3.45869659],[-76.58479603,3.4586981],[-76.58479758,3.45870049],[-76.58480244,3.45870812],[-76.58480736,3.45871568],[-76.58481221,3.45872331],[-76.58481706,3.45873094],[-76.58482184,3.45873857],[-76.58482557,3.45875206],[-76.5848281,3.45876075],[-76.58483056,3.45876944],[-76.58483316,3.45877806],[-76.58483569,3.45878675],[-76.58483836,3.45879537],[-76.58484103,3.45880406],[-76.58484371,3.45881268],[-76.58484652,3.45882123],[-76.58484926,3.45882985],[-76.58485214,3.45883847],[-76.58485503,3.45884702],[-76.58485791,3.45885557],[-76.58486086,3.45886412],[-76.58486388,3.45887267],[-76.58486691,3.45888114],[-76.58486993,3.45888962],[-76.58487309,3.4588981],[-76.58487626,3.45890658],[-76.58487942,3.45891506],[-76.58488266,3.45892346],[-76.58488596,3.45893194],[-76.58488927,3.45894035],[-76.58489257,3.45894876],[-76.58489601,3.45895709],[-76.58489939,3.45896543],[-76.58490291,3.45897384],[-76.58490642,3.45898211],[-76.58490994,3.45899044],[-76.58491352,3.45899871],[-76.58491718,3.45900705],[-76.58492083,3.45901531],[-76.58492449,3.45902351],[-76.58492829,3.45903177],[-76.58493201,3.45903997],[-76.58493588,3.45904816],[-76.58493975,3.45905629],[-76.58494361,3.45906448],[-76.58494755,3.45907261],[-76.58495149,3.45908073],[-76.5849555,3.45908879],[-76.58495957,3.45909691],[-76.58496365,3.45910497],[-76.5849678,3.45911295],[-76.58497195,3.45912101],[-76.58497617,3.45912899],[-76.58498038,3.45913697],[-76.58498467,3.45914496],[-76.58498896,3.45915287],[-76.58499332,3.45916078],[-76.58499768,3.4591687],[-76.58500211,3.45917654],[-76.58500661,3.45918445],[-76.58501104,3.45919222],[-76.58501561,3.45920006],[-76.58502018,3.45920784],[-76.58502475,3.45921561],[-76.58502939,3.45922338],[-76.5850341,3.45923108],[-76.58503881,3.45923878],[-76.58504359,3.45924648],[-76.58504837,3.45925411],[-76.58505315,3.45926181],[-76.585058,3.45926937],[-76.58506293,3.459277],[-76.58506785,3.45928456],[-76.58507284,3.45929212],[-76.58507783,3.45929961],[-76.58508282,3.4593071],[-76.58508796,3.45931459],[-76.58509302,3.45932201],[-76.58509815,3.45932943],[-76.58510335,3.45933685],[-76.58510856,3.45934419],[-76.58511383,3.45935154],[-76.5851191,3.45935889],[-76.58512437,3.45936617],[-76.58512972,3.45937344],[-76.58513513,3.45938072],[-76.58514055,3.45938793],[-76.58514596,3.45939513],[-76.58514983,3.45940778],[-76.58515257,3.4594164],[-76.58515531,3.45942502],[-76.58515812,3.45943357],[-76.58516101,3.45944219],[-76.58516389,3.45945074],[-76.58516684,3.45945929],[-76.58516986,3.45946776],[-76.58517289,3.45947631],[-76.58517598,3.45948479],[-76.58517914,3.45949327],[-76.58518231,3.45950175],[-76.58518554,3.45951015],[-76.58518885,3.45951856],[-76.58519215,3.45952697],[-76.58519553,3.45953538],[-76.58519897,3.45954371],[-76.58520242,3.45955205],[-76.58520593,3.45956039],[-76.58520952,3.45956872],[-76.5852131,3.45957699],[-76.58521676,3.45958526],[-76.58522048,3.45959352],[-76.58522421,3.45960172],[-76.58522801,3.45960991],[-76.58523188,3.45961811],[-76.58523574,3.45962623],[-76.58523968,3.45963436],[-76.58524362,3.45964248],[-76.58524762,3.45965061],[-76.5852517,3.45965866],[-76.58525578,3.45966672],[-76.58526,3.45967477],[-76.58526415,3.45968276],[-76.58526836,3.45969074],[-76.58527265,3.45969865],[-76.58527701,3.45970664],[-76.58528137,3.45971448],[-76.5852858,3.45972239],[-76.58529023,3.45973023],[-76.58529473,3.45973808],[-76.5852993,3.45974585],[-76.58530387,3.45975369],[-76.58530851,3.45976139],[-76.58531322,3.45976916],[-76.58531793,3.45977686],[-76.58532271,3.45978449],[-76.58532749,3.45979212],[-76.58533234,3.45979975],[-76.5853372,3.45980739],[-76.58534219,3.45981495],[-76.58534711,3.4598225],[-76.58535217,3.45982999],[-76.58535723,3.45983748],[-76.5853623,3.4598449],[-76.58536743,3.45985232],[-76.58537263,3.45985974],[-76.58537783,3.45986709],[-76.58538311,3.45987443],[-76.58538838,3.45988171],[-76.58539372,3.45988899],[-76.58539914,3.45989626],[-76.58540455,3.45990347],[-76.58541003,3.45991068],[-76.58541552,3.45991781],[-76.58542107,3.45992495],[-76.58542663,3.45993201],[-76.58543225,3.45993908],[-76.58543795,3.45994615],[-76.58544364,3.45995314],[-76.58544934,3.45996006],[-76.58545517,3.45996706],[-76.58545554,3.45996749],[-76.58545554,3.45997114],[-76.58546095,3.45997758],[-76.58546685,3.4599845],[-76.58547269,3.45999128],[-76.58547867,3.45999814],[-76.58548464,3.46000485],[-76.58549062,3.46001163],[-76.58549667,3.46001834],[-76.58550271,3.46002498],[-76.58550883,3.46003162],[-76.58551502,3.46003819],[-76.5855212,3.46004477],[-76.58552746,3.46005134],[-76.58553372,3.46005777],[-76.58553998,3.46006427],[-76.5855463,3.46007069],[-76.5855527,3.46007705],[-76.5855591,3.46008341],[-76.58556557,3.46008977],[-76.58557204,3.46009599],[-76.5855785,3.46010228],[-76.58558504,3.46010849],[-76.58559165,3.46011464],[-76.58559826,3.46012079],[-76.58560494,3.46012686],[-76.58561162,3.46013294],[-76.5856202,3.46014311],[-76.58562603,3.46014997],[-76.58563194,3.46015682],[-76.58563784,3.46016367],[-76.58564375,3.46017046],[-76.58564973,3.46017724],[-76.58565563,3.46018402],[-76.58566168,3.4601908],[-76.58566766,3.46019751],[-76.5856737,3.46020423],[-76.58567975,3.46021094],[-76.58568579,3.46021765],[-76.58569191,3.46022429],[-76.58569796,3.46023093],[-76.58570415,3.46023757],[-76.58571026,3.46024414],[-76.58571645,3.46025072],[-76.58572264,3.46025729],[-76.58572882,3.46026386],[-76.58573508,3.46027036],[-76.58574134,3.46027686],[-76.58574759,3.46028336],[-76.58575385,3.46028986],[-76.58576018,3.46029629],[-76.58576651,3.46030271],[-76.58577284,3.46030914],[-76.58577923,3.4603155],[-76.58578563,3.46032186],[-76.58579203,3.46032822],[-76.58579843,3.46033458],[-76.5858049,3.46034087],[-76.58581136,3.46034716],[-76.58581783,3.46035344],[-76.58582437,3.46035966],[-76.58583091,3.46036588],[-76.58583745,3.46037209],[-76.58584399,3.46037831],[-76.5858506,3.46038446],[-76.58585721,3.46039061],[-76.58586381,3.46039668],[-76.58587042,3.46040283],[-76.5858771,3.4604089],[-76.58588378,3.46041498],[-76.58589046,3.46042099],[-76.58589721,3.46042699],[-76.58590396,3.460433],[-76.58591071,3.460439],[-76.58591746,3.46044494],[-76.58592428,3.46045087],[-76.58593103,3.46045681],[-76.58593792,3.46046267],[-76.58594474,3.46046861],[-76.58595163,3.4604744],[-76.58595845,3.46048026],[-76.58596541,3.46048606],[-76.5859723,3.46049185],[-76.58597926,3.46049757],[-76.58598615,3.46050337],[-76.58599318,3.46050909],[-76.58600014,3.46051474],[-76.58600717,3.46052046],[-76.5860142,3.46052612],[-76.58602123,3.4605317],[-76.58602827,3.46053735],[-76.58603537,3.46054293],[-76.58604247,3.46054851],[-76.58604957,3.46055402],[-76.58605667,3.46055953],[-76.58606384,3.46056504],[-76.58607101,3.46057056],[-76.58607818,3.460576],[-76.58608536,3.46058144],[-76.5860926,3.46058681],[-76.58609977,3.46059225],[-76.58610701,3.46059761],[-76.58611432,3.46060291],[-76.58612156,3.46060828],[-76.58612888,3.46061358],[-76.58613619,3.46061881],[-76.5861435,3.46062404],[-76.58615088,3.46062927],[-76.5861582,3.4606345],[-76.58616558,3.46063965],[-76.58617296,3.46064481],[-76.58618041,3.46064997],[-76.5861878,3.46065513],[-76.58619497,3.46066092],[-76.58620207,3.4606665],[-76.5862091,3.46067208],[-76.5862162,3.46067766],[-76.5862233,3.46068324],[-76.58623047,3.46068876],[-76.58623764,3.4606942],[-76.58624482,3.46069964],[-76.58625199,3.46070508],[-76.58625923,3.46071045],[-76.58626647,3.46071582],[-76.58627378,3.46072111],[-76.58628109,3.46072641],[-76.58628841,3.46073171],[-76.58629572,3.46073694],[-76.5863031,3.4607421],[-76.58631048,3.46074726],[-76.58631787,3.46075241],[-76.58632532,3.4607575],[-76.58633277,3.46076259],[-76.58634022,3.46076767],[-76.58634775,3.46077262],[-76.5863552,3.46077764],[-76.58636279,3.46078258],[-76.58637031,3.46078746],[-76.58637791,3.4607924],[-76.5863855,3.46079721],[-76.5863931,3.46080201],[-76.58640076,3.46080682],[-76.58640842,3.46081162],[-76.58641609,3.46081628],[-76.58642375,3.46082102],[-76.58643148,3.46082568],[-76.58643922,3.46083027],[-76.58644695,3.46083486],[-76.58645476,3.46083946],[-76.58646256,3.46084398],[-76.58647036,3.46084843],[-76.58647817,3.46085288],[-76.58648219,3.46085515],[-76.58649034,3.46085606],[-76.5864939,3.46085804],[-76.58650178,3.46086243],[-76.58650965,3.46086674],[-76.5865176,3.46087104],[-76.58652554,3.46087528],[-76.58653349,3.46087952],[-76.58654143,3.46088369],[-76.58654945,3.46088786],[-76.58655746,3.46089196],[-76.58656548,3.46089605],[-76.58657356,3.46090015],[-76.58658158,3.46090411],[-76.58658966,3.46090814],[-76.58659775,3.46091209],[-76.58660591,3.46091598],[-76.58661399,3.46091986],[-76.58662215,3.46092375],[-76.5866303,3.46092757],[-76.58663846,3.46093131],[-76.58664668,3.46093505],[-76.58665491,3.4609388],[-76.58666314,3.46094247],[-76.58667136,3.46094608],[-76.58667959,3.46094968],[-76.58668789,3.46095328],[-76.58669618,3.46095681],[-76.58670448,3.46096028],[-76.58671277,3.46096374],[-76.58672107,3.4609672],[-76.58672944,3.46097059],[-76.5867378,3.46097398],[-76.58674617,3.4609773],[-76.58675454,3.46098055],[-76.5867629,3.4609838],[-76.58677134,3.46098705],[-76.58677978,3.46099023],[-76.58678821,3.46099334],[-76.58679665,3.46099645],[-76.58680509,3.46099956],[-76.5868136,3.4610026],[-76.5868221,3.46100557],[-76.58683061,3.46100853],[-76.58683912,3.4610115],[-76.58684763,3.4610144],[-76.58685613,3.46101722],[-76.58686471,3.46102005],[-76.58687329,3.4610228],[-76.58688187,3.46102556],[-76.58689044,3.46102831],[-76.58689902,3.461031],[-76.58690767,3.46103361],[-76.58691625,3.46103623],[-76.58692489,3.46103877],[-76.58693354,3.46104131],[-76.58694219,3.46104379],[-76.58695084,3.46104626],[-76.58695949,3.46104866],[-76.5869682,3.46105106],[-76.58697685,3.4610534],[-76.58698557,3.46105573],[-76.58699429,3.46105799],[-76.58700301,3.46106025],[-76.58700669,3.46106117],[-76.58701961,3.461068],[-76.58702053,3.46106823],[-76.58702924,3.46107035],[-76.58703803,3.46107246],[-76.58704675,3.46107451],[-76.58705554,3.46107649],[-76.58706433,3.46107847],[-76.58707312,3.46108045],[-76.5870819,3.46108236],[-76.58709069,3.46108419],[-76.58710785,3.46108886],[-76.5871165,3.46109126],[-76.58712521,3.46109373],[-76.58713386,3.46109613],[-76.58714251,3.46109861],[-76.58715116,3.46110101],[-76.58715981,3.46110348],[-76.58716845,3.46110602],[-76.5871771,3.4611085],[-76.58718575,3.46111104],[-76.5871944,3.46111351],[-76.58720305,3.46111606],[-76.58721169,3.46111867],[-76.58722034,3.46112121],[-76.58722892,3.46112383],[-76.58723757,3.46112637],[-76.58724615,3.46112899],[-76.58725479,3.46113167],[-76.58726337,3.46113429],[-76.58727202,3.46113697],[-76.5872806,3.46113965],[-76.58728917,3.46114234],[-76.58729775,3.46114502],[-76.58730633,3.46114771],[-76.58731045,3.46114903],[-76.58735217,3.46117349],[-76.58735278,3.46117394],[-76.58735689,3.46117492],[-76.58744611,3.46119413],[-76.58745856,3.46119681],[-76.587479,3.46120567],[-76.58752247,3.46122453],[-76.58755878,3.46124934],[-76.58759074,3.46127707],[-76.58760817,3.46131793],[-76.58762124,3.46134129],[-76.58762705,3.46137923],[-76.58762851,3.46140842],[-76.5876198,3.46144053],[-76.58760818,3.4614741],[-76.58759801,3.46152081],[-76.58758059,3.46157481],[-76.58756897,3.46163903],[-76.58755881,3.46168428],[-76.58754574,3.46172076],[-76.58753703,3.46178644],[-76.5875196,3.46182731],[-76.58751235,3.46188131],[-76.58751235,3.46195283],[-76.58750074,3.46201851],[-76.58749493,3.46205791],[-76.58748567,3.46208674],[-76.58746607,3.46213272],[-76.58744211,3.46217869],[-76.5874323,3.4621984],[-76.58740072,3.46224875],[-76.5873822,3.46226736],[-76.58736695,3.46228926],[-76.58735497,3.46230349],[-76.58735061,3.46231991],[-76.58734953,3.46232976],[-76.58735279,3.4623418],[-76.5873867,3.46237333],[-76.58742483,3.46240726],[-76.58747276,3.46244557],[-76.58751198,3.46248388],[-76.58755665,3.46251891],[-76.58761329,3.4625594],[-76.58763835,3.46258129],[-76.58767648,3.46261851],[-76.587695,3.46264259],[-76.58772768,3.46266776],[-76.58775491,3.46268528],[-76.58778651,3.46270169],[-76.58781483,3.46271264],[-76.58784533,3.46272577],[-76.58787692,3.46274],[-76.58790851,3.46275423],[-76.58794228,3.46276627],[-76.58798041,3.46277502],[-76.58800982,3.46278159],[-76.58803597,3.46279034],[-76.58806429,3.46280019],[-76.58809152,3.46280895],[-76.58812856,3.46282317],[-76.58817867,3.46284287],[-76.58821135,3.46286039],[-76.58824076,3.46287242],[-76.58827236,3.46288556],[-76.58830068,3.4628976],[-76.58832682,3.46291292],[-76.58835515,3.46293262],[-76.58838238,3.46295342],[-76.58841179,3.4629775],[-76.58842923,3.46299501],[-76.58844883,3.46301362],[-76.58848043,3.46304207],[-76.58849459,3.46305959],[-76.5885142,3.46307491],[-76.58853381,3.4630968],[-76.58856213,3.46313621],[-76.58860135,3.4631789],[-76.58864057,3.46322925],[-76.58866236,3.46326208],[-76.58867652,3.46329054],[-76.58872228,3.46334199],[-76.58879418,3.46343722],[-76.5888846,3.46353135],[-76.58895214,3.46359921],[-76.58901642,3.46365503],[-76.58905237,3.4637021],[-76.58907634,3.46373275],[-76.5891003,3.46376887],[-76.58912209,3.46379623],[-76.58912863,3.46380937],[-76.58913843,3.46383454],[-76.58915478,3.46387942],[-76.58916894,3.46394181],[-76.589194,3.46400421],[-76.58921688,3.46405456],[-76.58923105,3.46410929],[-76.58925393,3.46417606],[-76.58927463,3.46421765],[-76.58928661,3.4642494],[-76.58929315,3.46426691],[-76.58931058,3.46429209],[-76.58933128,3.46431288],[-76.58935089,3.46433259],[-76.58936941,3.46434462],[-76.58939555,3.46436214],[-76.5894217,3.46438074],[-76.58945547,3.46439607],[-76.58947943,3.4644092],[-76.58950885,3.46442343],[-76.58953608,3.46443218],[-76.58957421,3.4644486],[-76.58959708,3.46445736],[-76.58961342,3.46446721],[-76.58963194,3.46448253],[-76.58965264,3.46450333],[-76.58967007,3.46452084],[-76.5896875,3.46454164],[-76.58970493,3.46456353],[-76.58972019,3.46458651],[-76.58973544,3.46460622],[-76.58975287,3.46462592],[-76.58976703,3.46464562],[-76.58977466,3.46465875],[-76.58978337,3.46467298],[-76.58979645,3.46470363],[-76.58980299,3.46472662],[-76.58981606,3.4647507],[-76.58982369,3.46477259],[-76.5898324,3.46479668],[-76.5898433,3.46482294],[-76.58985419,3.46484812],[-76.589864,3.4648722],[-76.58987598,3.4648919],[-76.5898847,3.4649127],[-76.58989341,3.46493678],[-76.58991085,3.46497181],[-76.58992174,3.4649948],[-76.58993264,3.46501231],[-76.58994462,3.46504296],[-76.58995878,3.46507799],[-76.58997839,3.46511082],[-76.58999692,3.46514585],[-76.59002633,3.46518307],[-76.59004921,3.46520933],[-76.59008298,3.46524874],[-76.59010477,3.46526625],[-76.59013091,3.46529143],[-76.59015161,3.46531003],[-76.59018974,3.46533849],[-76.59022896,3.46536367],[-76.59027442,3.46538597],[-76.5902758,3.46538665],[-76.59027747,3.46538733],[-76.59027973,3.46539103],[-76.59028452,3.46539866],[-76.59028944,3.46540622],[-76.59029443,3.46541378],[-76.59029949,3.4654212],[-76.59030469,3.46542862],[-76.59030997,3.46543597],[-76.59031531,3.46544325],[-76.59032079,3.46545038],[-76.59032635,3.46545752],[-76.5903518,3.46548959],[-76.59076513,3.46561931],[-76.59076466,3.46562224],[-76.59076446,3.46562277],[-76.59073626,3.46569749],[-76.59069323,3.46582483],[-76.59055326,3.46605735],[-76.59054152,3.46611252],[-76.59052821,3.46613482],[-76.5905075,3.46616306],[-76.590472,3.46619279],[-76.5904715,3.46619318],[-76.59017763,3.46668135],[-76.59013353,3.46675461],[-76.5901065,3.46673313],[-76.59007781,3.46670847],[-76.59004955,3.46667117],[-76.5900198,3.46661147],[-76.58998676,3.46652838],[-76.58997537,3.46650464],[-76.58994197,3.46644593],[-76.5898813,3.46632406],[-76.58986604,3.46629862],[-76.58982104,3.46623532],[-76.58981246,3.46622409],[-76.58976747,3.46616983],[-76.58975594,3.46615711],[-76.58953095,3.46593102],[-76.5895107,3.46591343],[-76.58949389,3.46590071],[-76.58947287,3.46587436],[-76.5894387,3.46584109],[-76.58942682,3.46583211],[-76.58938112,3.46576655],[-76.58932347,3.46568912],[-76.5893158,3.46567951],[-76.58927102,3.46562701],[-76.58923354,3.46556675],[-76.5892185,3.46554583],[-76.5891735,3.46549157],[-76.58916197,3.46547886],[-76.58908519,3.46540178],[-76.5890776,3.46539026],[-76.58906508,3.46537352],[-76.58904181,3.46535013],[-76.58903014,3.46534109],[-76.58897347,3.46530039],[-76.58886414,3.46520741],[-76.5887849,3.46513662],[-76.58875952,3.46511755],[-76.58868752,3.46507233],[-76.58867185,3.4650635],[-76.58853587,3.46499518],[-76.58847154,3.46495477],[-76.58845586,3.46494593],[-76.58839912,3.46491739],[-76.58835152,3.4648815],[-76.58833401,3.46486398],[-76.58832093,3.46484342],[-76.58828494,3.4647982],[-76.58827516,3.46478725],[-76.58824978,3.46472847],[-76.5882263,3.46466559],[-76.58819255,3.4645553],[-76.58815712,3.4644306],[-76.58815465,3.46442269],[-76.58811866,3.46431417],[-76.58810839,3.4642893],[-76.5880544,3.46418078],[-76.5880506,3.4641735],[-76.5880056,3.46409211],[-76.58780698,3.46373829],[-76.58780185,3.46372967],[-76.58773885,3.46363019],[-76.58771305,3.46359784],[-76.58765743,3.46354202],[-76.58762798,3.463505],[-76.58761405,3.46348932],[-76.58758706,3.46346218],[-76.58755823,3.46343845],[-76.58753559,3.46342333],[-76.58744257,3.46335317],[-76.58743406,3.46334462],[-76.58739561,3.46331488],[-76.58728867,3.46325221],[-76.58719966,3.46319851],[-76.58718693,3.46319152],[-76.58713293,3.46316439],[-76.5871252,3.46316072],[-76.5870442,3.46312454],[-76.58697889,3.46309635],[-76.58696419,3.46309077],[-76.58688474,3.46306413],[-76.58673506,3.46301108],[-76.5866902,3.46299412],[-76.58667586,3.46298338],[-76.58666728,3.46297723],[-76.5866201,3.46294565],[-76.58659789,3.46292785],[-76.58657504,3.46289909],[-76.58653271,3.46284801],[-76.58647555,3.46276591],[-76.58642465,3.46268919],[-76.58621133,3.46234088],[-76.58609518,3.46214341],[-76.58598227,3.46195999],[-76.58593418,3.46185529],[-76.58588271,3.46173454],[-76.58576706,3.4614306],[-76.5856121,3.46105488],[-76.58560654,3.46104273],[-76.58557954,3.46098847],[-76.5855581,3.46095476],[-76.58545011,3.46081911],[-76.58542058,3.46078944],[-76.58537558,3.46075327],[-76.58534204,3.46073172],[-76.58531251,3.46071688],[-76.58527378,3.46069349],[-76.58526105,3.4606865],[-76.58520705,3.46065937],[-76.58519144,3.46065237],[-76.5849924,3.46057409],[-76.58494607,3.46055085],[-76.58493348,3.46054506],[-76.58478316,3.46048288],[-76.58444379,3.46033027],[-76.58438311,3.46030413],[-76.58431611,3.4602705],[-76.58429136,3.46026019],[-76.58427427,3.46025446],[-76.5841802,3.4602108],[-76.58416544,3.46020091],[-76.58414512,3.46018911],[-76.58410441,3.46016862],[-76.58400317,3.46009599],[-76.58391577,3.4600081],[-76.58389679,3.45998274],[-76.58389081,3.45997511],[-76.58386754,3.45994706],[-76.58386065,3.45993038],[-76.58383619,3.45988114],[-76.58378746,3.4597669],[-76.58377825,3.4597392],[-76.5837715,3.45967781],[-76.58376975,3.45966579],[-76.58376124,3.45963386],[-76.58375674,3.45962326],[-76.58375308,3.45960136],[-76.58374472,3.45951714],[-76.58372616,3.45936779],[-76.58371673,3.45930116],[-76.58371139,3.45927587],[-76.58369473,3.45921723],[-76.58367012,3.45911012],[-76.58366204,3.45906165],[-76.5836569,3.45903912],[-76.58349492,3.45848747],[-76.58346546,3.45839838],[-76.58346215,3.45837775],[-76.58345695,3.45834553],[-76.58344795,3.4583184],[-76.583436,3.4582823],[-76.58341195,3.45820988],[-76.58340816,3.45819942],[-76.58337216,3.45810899],[-76.58336569,3.45809458],[-76.58332969,3.45802223],[-76.58332477,3.4580129],[-76.58328878,3.4579496],[-76.58326691,3.4579188],[-76.58320413,3.45784666],[-76.58302428,3.45763887],[-76.58296002,3.45756985],[-76.58286131,3.45750336]]]]},"geometry_name":"the_geom","properties":{"bpcodigo":"0196","bpnombre":"Sector Patio Bonito","bpcomuna":1,"bpestramod":1,"bpupu":8,"bpobserv":null,"bparea":14.4556052129,"bpperim":2942.81988436}},{"type":"Feature","id":"pmih_barrios_precarios.20","geometry":{"type":"MultiPolygon","coordinates":[[[[-76.48808337,3.41943216],[-76.48782524,3.41921528],[-76.48650707,3.41826255],[-76.48630868,3.41809479],[-76.48598118,3.41779726],[-76.48554661,3.41739211],[-76.4852632,3.4170566],[-76.48488533,3.41658183],[-76.48453265,3.41611972],[-76.48423036,3.41565761],[-76.48405403,3.41538541],[-76.48381469,3.41529677],[-76.48326671,3.41517012],[-76.48288412,3.41514751],[-76.48292061,3.4149462],[-76.48293434,3.41478999],[-76.48294377,3.41466451],[-76.48294413,3.41465547],[-76.48294455,3.41464643],[-76.48294511,3.41463738],[-76.48294589,3.41462841],[-76.48294666,3.41461937],[-76.48294765,3.4146104],[-76.4829487,3.41460142],[-76.48294983,3.41459245],[-76.48295116,3.41458348],[-76.48295257,3.41457458],[-76.48295412,3.41456567],[-76.48295574,3.41455677],[-76.4829575,3.41454787],[-76.48295939,3.41453904],[-76.48296136,3.41453021],[-76.48296347,3.41452145],[-76.48296572,3.41451269],[-76.48296805,3.41450393],[-76.48297051,3.41449524],[-76.48297311,3.41448662],[-76.48297578,3.41447793],[-76.48298092,3.41446239],[-76.48301812,3.41438941],[-76.48302121,3.41438093],[-76.48302459,3.41437252],[-76.48302824,3.41436425],[-76.48303211,3.41435606],[-76.48303633,3.41434808],[-76.48304069,3.41434016],[-76.4830454,3.41433246],[-76.48305025,3.41432483],[-76.48305539,3.41431742],[-76.4830608,3.41431021],[-76.48306642,3.41430315],[-76.48307226,3.41429622],[-76.48307831,3.41428951],[-76.48308457,3.41428301],[-76.48309103,3.41427672],[-76.48309764,3.41427065],[-76.48310453,3.41426479],[-76.48311445,3.41425694],[-76.48320065,3.41418729],[-76.48324291,3.41414992],[-76.48325043,3.41414498],[-76.48325781,3.41413982],[-76.4832652,3.41413459],[-76.48327244,3.41412922],[-76.48327961,3.41412378],[-76.48328664,3.4141182],[-76.48329367,3.41411248],[-76.48330056,3.41410669],[-76.48330738,3.41410083],[-76.48331413,3.41409475],[-76.48332074,3.41408868],[-76.48332728,3.41408246],[-76.48333368,3.4140761],[-76.48334001,3.41406967],[-76.48334626,3.41406317],[-76.48335238,3.41405653],[-76.48335843,3.41404982],[-76.48336434,3.41404304],[-76.48337017,3.41403612],[-76.48337587,3.41402912],[-76.48338149,3.41402206],[-76.48338698,3.41401492],[-76.48339232,3.41400765],[-76.48339759,3.4140003],[-76.48340273,3.41399288],[-76.48340779,3.41398539],[-76.48341271,3.41397783],[-76.48341749,3.4139702],[-76.48342375,3.41395975],[-76.48342853,3.41395205],[-76.48343303,3.41394428],[-76.48343732,3.41393629],[-76.48344133,3.41392824],[-76.48344513,3.41392004],[-76.48344865,3.41391171],[-76.48345195,3.4139033],[-76.48345497,3.41389475],[-76.48345779,3.4138862],[-76.48346025,3.41387751],[-76.4834625,3.41386875],[-76.48346454,3.41385992],[-76.48346623,3.41385102],[-76.48346771,3.41384212],[-76.4834689,3.41383314],[-76.48346982,3.41382417],[-76.48347045,3.41381513],[-76.4834708,3.41380609],[-76.48347094,3.41379704],[-76.4834709,3.41379531],[-76.48347093,3.41379343],[-76.48347072,3.41378438],[-76.4834703,3.41377534],[-76.4834696,3.41376637],[-76.48346862,3.41375739],[-76.48346686,3.41374559],[-76.48344831,3.41369289],[-76.48343474,3.41364194],[-76.48343475,3.41361843],[-76.48346014,3.41360141],[-76.48349733,3.41357258],[-76.48353453,3.413542],[-76.48365616,3.41345878],[-76.48371199,3.41341633],[-76.48379643,3.41337387],[-76.4839232,3.41331617],[-76.4840314,3.41327372],[-76.48496678,3.41289173],[-76.48590222,3.41251823],[-76.48676497,3.41214973],[-76.48684442,3.41209032],[-76.4874976,3.41168959],[-76.48777982,3.41151475],[-76.4890347,3.41075404],[-76.48906578,3.41073572],[-76.48921297,3.41096489],[-76.48928726,3.41094767],[-76.48944154,3.41093427],[-76.4895844,3.41095533],[-76.48970993,3.41100016],[-76.49122369,3.41260395],[-76.49004323,3.4136843],[-76.49004492,3.41368638],[-76.49004324,3.41368792],[-76.49014857,3.41381731],[-76.49062256,3.41432315],[-76.49102633,3.4147437],[-76.49165246,3.41540834],[-76.49249512,3.4162906],[-76.49307352,3.4168903],[-76.49306661,3.41689603],[-76.49305971,3.41690183],[-76.49305284,3.41690767],[-76.49304602,3.41691356],[-76.49303923,3.4169195],[-76.49303682,3.41692163],[-76.49303248,3.41692548],[-76.49302174,3.41693516],[-76.49289781,3.41707302],[-76.492796,3.4172509],[-76.49265437,3.4174021],[-76.49252602,3.41752661],[-76.49238438,3.41766891],[-76.49218964,3.41784456],[-76.49187983,3.41804466],[-76.49154347,3.41821808],[-76.49127793,3.41831144],[-76.49104779,3.41839147],[-76.49094157,3.41842704],[-76.4907911,3.41846705],[-76.4906362,3.41848927],[-76.49049901,3.41853818],[-76.49037951,3.41858486],[-76.49023789,3.41864266],[-76.49007413,3.41873604],[-76.48997234,3.41880719],[-76.48988824,3.4188561],[-76.48955351,3.41906068],[-76.48928301,3.41922719],[-76.48909516,3.41933454],[-76.48898977,3.41938927],[-76.48896396,3.41940237],[-76.4886651,3.41947918],[-76.48864084,3.41948101],[-76.48841857,3.419481],[-76.48833439,3.41947019],[-76.48808337,3.41943216]]]]},"geometry_name":"the_geom","properties":{"bpcodigo":"1598","bpnombre":"Mojica","bpcomuna":15,"bpestramod":1,"bpupu":4,"bpobserv":null,"bparea":60.1225313509,"bpperim":3311.21004382}},{"type":"Feature","id":"pmih_barrios_precarios.21","geometry":{"type":"MultiPolygon","coordinates":[[[[-76.55952037,3.41799928],[-76.55952037,3.41797215],[-76.55952937,3.41790884],[-76.55952937,3.41779128],[-76.55952038,3.41773702],[-76.55951138,3.41768276],[-76.5594124,3.41744763],[-76.5593674,3.41733006],[-76.55925942,3.4170678],[-76.55923243,3.41702258],[-76.55918743,3.41694119],[-76.55916044,3.41691406],[-76.55875549,3.41647092],[-76.55851253,3.4162177],[-76.55845854,3.41617248],[-76.55843154,3.41615439],[-76.55838655,3.41600065],[-76.55838655,3.41597352],[-76.55835052,3.41554795],[-76.55842256,3.41553944],[-76.55931347,3.41547616],[-76.55936746,3.41546712],[-76.55938546,3.41545808],[-76.559422,3.41543185],[-76.55944845,3.41541286],[-76.55946645,3.41538573],[-76.55948445,3.4153586],[-76.55949345,3.41534052],[-76.55951804,3.41532816],[-76.55952652,3.41533418],[-76.55953409,3.41533907],[-76.55954183,3.41534368],[-76.55954973,3.415348],[-76.55956185,3.41535391],[-76.55956826,3.41536025],[-76.5595756,3.41536548],[-76.55958834,3.41537109],[-76.55959704,3.41537338],[-76.55960566,3.41537598],[-76.55961418,3.41537889],[-76.5596226,3.4153821],[-76.55963106,3.41538569],[-76.55963836,3.41539098],[-76.55964558,3.41539637],[-76.55965274,3.41540185],[-76.55965983,3.41540742],[-76.55966695,3.41541316],[-76.55967292,3.41541993],[-76.55967882,3.41542676],[-76.55968465,3.41543365],[-76.55969041,3.4154406],[-76.5596961,3.4154476],[-76.55970283,3.4154561],[-76.55970673,3.41546425],[-76.5597108,3.41547231],[-76.55971506,3.41548028],[-76.55971949,3.41548815],[-76.55972409,3.41549592],[-76.55972886,3.41550359],[-76.55973381,3.41551114],[-76.55973892,3.41551859],[-76.55974419,3.41552591],[-76.55974963,3.41553312],[-76.55975666,3.41554196],[-76.55976217,3.41554911],[-76.55976745,3.41555644],[-76.55977249,3.41556393],[-76.55977729,3.41557157],[-76.55978185,3.41557937],[-76.55978616,3.41558731],[-76.55979254,3.41560035],[-76.55979635,3.41560855],[-76.55980029,3.41561667],[-76.55980436,3.41562474],[-76.55980857,3.41563273],[-76.55981291,3.41564066],[-76.55981737,3.41564851],[-76.55982197,3.41565628],[-76.55983099,3.41567076],[-76.55983529,3.4156787],[-76.55983927,3.41568681],[-76.55984294,3.41569507],[-76.55984628,3.41570347],[-76.5598493,3.41571198],[-76.55985406,3.41572829],[-76.55985618,3.41573708],[-76.55985864,3.41574578],[-76.55986142,3.41575438],[-76.55986452,3.41576287],[-76.55986793,3.41577123],[-76.55987165,3.41577947],[-76.55987568,3.41578755],[-76.55988396,3.41580213],[-76.5598897,3.4158091],[-76.55989548,3.41581602],[-76.55990131,3.41582292],[-76.55990717,3.41582978],[-76.55991307,3.41583661],[-76.55991902,3.4158434],[-76.55992582,3.41585108],[-76.55994248,3.41588156],[-76.55997495,3.41592106],[-76.55998022,3.41592839],[-76.5599859,3.4159354],[-76.55999196,3.41594208],[-76.55999839,3.41594841],[-76.56000517,3.41595436],[-76.56001227,3.41595991],[-76.56001967,3.41596505],[-76.56002736,3.41596975],[-76.56003529,3.41597401],[-76.56004346,3.41597782],[-76.56005954,3.41598374],[-76.56006848,3.41598476],[-76.56007743,3.41598573],[-76.56008638,3.41598667],[-76.56009533,3.41598756],[-76.56010429,3.41598841],[-76.56011325,3.41598923],[-76.56012222,3.41599],[-76.56013119,3.41599073],[-76.56014016,3.41599141],[-76.56014914,3.41599206],[-76.56016634,3.41599319],[-76.56017531,3.41599249],[-76.5601843,3.41599211],[-76.5601933,3.41599204],[-76.5602023,3.41599229],[-76.56021128,3.41599286],[-76.56022023,3.41599374],[-76.56022915,3.41599494],[-76.56024324,3.41599749],[-76.56025168,3.4160006],[-76.56025964,3.41600481],[-76.56026697,3.41601004],[-76.56027356,3.4160162],[-76.56027928,3.41602317],[-76.56028403,3.41603084],[-76.56028852,3.41604128],[-76.56031586,3.4160885],[-76.56032526,3.41611598],[-76.56033936,3.41613788],[-76.56034375,3.41614577],[-76.56034822,3.41615362],[-76.56035277,3.41616142],[-76.5603574,3.41616917],[-76.56036212,3.41617687],[-76.56036691,3.41618453],[-76.56037179,3.41619213],[-76.56037674,3.41619968],[-76.56038177,3.41620718],[-76.56039147,3.41622116],[-76.5604265,3.41628556],[-76.56045299,3.4163242],[-76.56045826,3.41633153],[-76.56046344,3.41633893],[-76.56046851,3.4163464],[-76.56047349,3.41635393],[-76.56047837,3.41636153],[-76.56048315,3.41636919],[-76.56048783,3.41637692],[-76.56049241,3.4163847],[-76.56049688,3.41639255],[-76.56050297,3.41640363],[-76.56050797,3.41641115],[-76.56051262,3.41641889],[-76.56051691,3.41642684],[-76.56052084,3.41643497],[-76.56052439,3.41644328],[-76.56052757,3.41645174],[-76.56053035,3.41646034],[-76.56053373,3.41647318],[-76.56053407,3.41648222],[-76.56053432,3.41649126],[-76.56053449,3.4165003],[-76.56053458,3.41650934],[-76.56053459,3.41651838],[-76.56053451,3.41652743],[-76.56053435,3.41653647],[-76.56053411,3.41654551],[-76.56053378,3.41655455],[-76.56053337,3.41656358],[-76.56053287,3.41657278],[-76.56052988,3.41661958],[-76.5605386,3.41664696],[-76.56053447,3.41665115],[-76.56053742,3.41666498],[-76.5605381,3.416674],[-76.56053781,3.41668303],[-76.56053658,3.41669199],[-76.5605344,3.41670076],[-76.56053131,3.41670925],[-76.56052735,3.41671736],[-76.56051918,3.41672955],[-76.56051359,3.41673663],[-76.56050758,3.41674336],[-76.56050117,3.41674971],[-76.5604944,3.41675566],[-76.56048728,3.41676119],[-76.56046236,3.41678088],[-76.56043209,3.41679966],[-76.56041428,3.41681219],[-76.5603849,3.41679161],[-76.56031814,3.41673614],[-76.56024526,3.41666651],[-76.56023133,3.41677844],[-76.56014132,3.41732104],[-76.56013232,3.41742052],[-76.56013232,3.41745669],[-76.56013232,3.41749287],[-76.56011432,3.41763756],[-76.56010531,3.41770991],[-76.56009631,3.41777321],[-76.56008731,3.41780938],[-76.56006031,3.41786364],[-76.56006449,3.41793578],[-76.56010336,3.41810766],[-76.56014223,3.41828345],[-76.56020053,3.41855689],[-76.56021219,3.41864283],[-76.56023127,3.41869564],[-76.56021327,3.41867756],[-76.56019528,3.41866851],[-76.56014128,3.41864138],[-76.56009629,3.41861425],[-76.56007829,3.41859616],[-76.5600333,3.41855998],[-76.5600063,3.4185419],[-76.5599793,3.41851477],[-76.55994331,3.41846955],[-76.55991631,3.41842433],[-76.55986232,3.41834294],[-76.55971834,3.41816207],[-76.55970504,3.41814335],[-76.55968797,3.41811933],[-76.55967335,3.41809876],[-76.55963735,3.41807163],[-76.55959236,3.4180445],[-76.55952037,3.41799928]]]]},"geometry_name":"the_geom","properties":{"bpcodigo":"2001","bpnombre":"El Cortijo","bpcomuna":20,"bpestramod":2,"bpupu":8,"bpobserv":null,"bparea":4.05650078697,"bpperim":1040.75030587}},{"type":"Feature","id":"pmih_barrios_precarios.22","geometry":{"type":"MultiPolygon","coordinates":[[[[-76.56630293,3.41734189],[-76.56624046,3.41729623],[-76.5661496,3.41722203],[-76.5661212,3.41715355],[-76.56609849,3.41711359],[-76.56604737,3.4170394],[-76.56601898,3.41699945],[-76.56597923,3.41696521],[-76.56588836,3.41694808],[-76.56582589,3.41693667],[-76.5657407,3.41690813],[-76.56567823,3.41689101],[-76.56561576,3.41684535],[-76.56555329,3.41681681],[-76.56547946,3.41683393],[-76.56532612,3.41679968],[-76.56524094,3.41681109],[-76.56513871,3.4168168],[-76.56503081,3.41682821],[-76.5649513,3.41683392],[-76.56487179,3.41684533],[-76.5647866,3.41686245],[-76.56471845,3.41687386],[-76.56466734,3.41687957],[-76.56453104,3.41682249],[-76.56441746,3.41674829],[-76.5642698,3.41664556],[-76.56423857,3.41657993],[-76.56418746,3.4164829],[-76.5641477,3.41642583],[-76.56411931,3.41636305],[-76.5640682,3.41632881],[-76.56397165,3.41630027],[-76.56385807,3.41625461],[-76.56376153,3.41619754],[-76.56366498,3.41612905],[-76.56352869,3.41600349],[-76.56348893,3.41596924],[-76.56339239,3.41589505],[-76.56332424,3.41584939],[-76.56327313,3.41580944],[-76.56315955,3.41575236],[-76.56310276,3.41574665],[-76.56302325,3.41574094],[-76.56293238,3.41572953],[-76.56284152,3.41568387],[-76.56271658,3.41561538],[-76.56264843,3.4155583],[-76.5625746,3.41552406],[-76.56249509,3.41546698],[-76.56246102,3.41540991],[-76.56242695,3.41533572],[-76.56239855,3.41529577],[-76.56234802,3.41518694],[-76.56235596,3.41518162],[-76.56242127,3.41515023],[-76.56258881,3.41506463],[-76.56267968,3.41501898],[-76.56274215,3.4149933],[-76.5628103,3.41497047],[-76.56286141,3.4149562],[-76.5629324,3.4149505],[-76.56304173,3.41495193],[-76.56314111,3.41496905],[-76.56324618,3.41498903],[-76.56333988,3.41500901],[-76.56341087,3.41502613],[-76.56350458,3.41503755],[-76.56350885,3.41503872],[-76.56359828,3.41506323],[-76.56369199,3.41507465],[-76.56376298,3.41508321],[-76.56383681,3.41509178],[-76.56395323,3.41510319],[-76.56403558,3.41511461],[-76.56409237,3.41512317],[-76.56414799,3.41513513],[-76.56425482,3.4151617],[-76.56446153,3.41521311],[-76.56457079,3.41524435],[-76.56466773,3.41527207],[-76.56472815,3.41528935],[-76.56479484,3.41529646],[-76.56485788,3.41530317],[-76.56486352,3.41530377],[-76.56502957,3.41531218],[-76.56507495,3.41531448],[-76.56510758,3.41531613],[-76.56539967,3.4153291],[-76.56544546,3.41533113],[-76.5655953,3.41536521],[-76.56560597,3.41536763],[-76.56561941,3.41537465],[-76.56564707,3.41538907],[-76.565768,3.41545213],[-76.56581545,3.41548634],[-76.56603668,3.41564586],[-76.56607066,3.41567353],[-76.566117,3.41571128],[-76.56613973,3.41572978],[-76.56623153,3.41580455],[-76.56635132,3.41589768],[-76.56639927,3.41593496],[-76.56651252,3.41602301],[-76.56664829,3.41615175],[-76.56665471,3.41615784],[-76.56665815,3.41616109],[-76.56673023,3.41626843],[-76.56674474,3.41629004],[-76.56675279,3.41630202],[-76.56675968,3.41631228],[-76.56677464,3.41633455],[-76.56681622,3.41642791],[-76.56683426,3.41646841],[-76.56685711,3.41651971],[-76.56696787,3.41676497],[-76.56698441,3.41680218],[-76.56700094,3.41683937],[-76.56706222,3.41697726],[-76.56714427,3.41711741],[-76.56721401,3.41721839],[-76.56731246,3.41728228],[-76.56742363,3.41731342],[-76.56754627,3.41728639],[-76.56765291,3.41724104],[-76.56774725,3.41718951],[-76.56781904,3.41718333],[-76.56790313,3.41719363],[-76.56801388,3.41717301],[-76.56808976,3.41711736],[-76.56823333,3.41704315],[-76.5683207,3.41716366],[-76.56811081,3.41737473],[-76.56796668,3.41749298],[-76.56779607,3.41755507],[-76.56768135,3.41759351],[-76.56753721,3.41772063],[-76.56737249,3.41790687],[-76.56726954,3.41800147],[-76.56714305,3.41810198],[-76.56712458,3.4181602],[-76.56709902,3.41824075],[-76.56709758,3.41824366],[-76.56709703,3.41824504],[-76.56701281,3.41811808],[-76.56692194,3.41802105],[-76.5668538,3.41795827],[-76.56679701,3.4179012],[-76.56676861,3.41783271],[-76.56675157,3.41775852],[-76.56672318,3.41772998],[-76.56667775,3.41768433],[-76.56654713,3.41762154],[-76.56646762,3.41757018],[-76.56641651,3.41748457],[-76.56630293,3.41734189]]]]},"geometry_name":"the_geom","properties":{"bpcodigo":"2008","bpnombre":"Pueblo Joven","bpcomuna":20,"bpestramod":1,"bpupu":8,"bpobserv":null,"bparea":7.86032235267,"bpperim":1652.29074268}},{"type":"Feature","id":"pmih_barrios_precarios.23","geometry":{"type":"MultiPolygon","coordinates":[[[[-76.48004824,3.41212193],[-76.48004659,3.41212588],[-76.48003955,3.41212963],[-76.48003294,3.41213578],[-76.4800264,3.41214199],[-76.48002,3.41214835],[-76.48001368,3.41215478],[-76.48000742,3.41216128],[-76.4800013,3.41216792],[-76.47999525,3.41217463],[-76.47998928,3.41218141],[-76.47998344,3.41218827],[-76.47997768,3.41219526],[-76.47997205,3.41220225],[-76.4799665,3.41220939],[-76.47996108,3.41221659],[-76.47995574,3.41222387],[-76.47995053,3.41223129],[-76.4799454,3.41223871],[-76.47994041,3.4122462],[-76.47993556,3.41225383],[-76.47993078,3.41226145],[-76.47992606,3.41226923],[-76.47992156,3.412277],[-76.47991706,3.41228491],[-76.47991277,3.41229282],[-76.47990855,3.41230081],[-76.47990448,3.41230886],[-76.47990047,3.41231698],[-76.4798966,3.41232511],[-76.47989287,3.41233337],[-76.47988929,3.41234164],[-76.47988577,3.41234998],[-76.47988239,3.41235838],[-76.47987916,3.41236679],[-76.47987606,3.41237527],[-76.47987304,3.41238382],[-76.47987016,3.41239237],[-76.47986741,3.41240099],[-76.47986481,3.41240961],[-76.47986228,3.41241844],[-76.47980968,3.412568],[-76.47972647,3.41284085],[-76.47971256,3.41294169],[-76.479687,3.41312691],[-76.47968503,3.41313574],[-76.47968327,3.41314457],[-76.47968179,3.41315348],[-76.47968046,3.41316245],[-76.4796794,3.41317142],[-76.47967856,3.41318039],[-76.47967792,3.41318944],[-76.4796775,3.41319848],[-76.47967729,3.41320752],[-76.47967736,3.41321657],[-76.47967764,3.41322561],[-76.47967813,3.41323465],[-76.47967883,3.41324363],[-76.47967981,3.41325267],[-76.47968079,3.41326046],[-76.47925089,3.41543523],[-76.47873827,3.41819203],[-76.47867269,3.41812898],[-76.47853772,3.41800236],[-76.47832176,3.41780338],[-76.47822278,3.41772198],[-76.47815979,3.41767675],[-76.47800682,3.41759534],[-76.47768288,3.41740539],[-76.47738593,3.41724258],[-76.47732083,3.4172068],[-76.47681002,3.41692599],[-76.47656706,3.41678127],[-76.47609015,3.41650991],[-76.47600017,3.41642851],[-76.4757842,3.41631092],[-76.47571222,3.41625665],[-76.47548725,3.41613906],[-76.47543326,3.41611192],[-76.47515431,3.41594911],[-76.47483036,3.41577725],[-76.47476738,3.41573202],[-76.4746774,3.41566871],[-76.47461441,3.41564157],[-76.47429946,3.41548779],[-76.4740205,3.41533402],[-76.47374155,3.41518025],[-76.47342661,3.41500839],[-76.47205709,3.41422173],[-76.47215684,3.4140438],[-76.47283052,3.41284203],[-76.47331795,3.41197501],[-76.4734691,3.41170615],[-76.47358255,3.4117133],[-76.47366841,3.41171872],[-76.47368176,3.41186634],[-76.47530671,3.41186641],[-76.47635975,3.41188851],[-76.47691548,3.41190017],[-76.47963873,3.4119302],[-76.47983657,3.41193207],[-76.48002819,3.41193387],[-76.48004816,3.41212119],[-76.48004824,3.41212193]]]]},"geometry_name":"the_geom","properties":{"bpcodigo":"1404","bpnombre":"Las Orquídeas","bpcomuna":14,"bpestramod":1,"bpupu":4,"bpobserv":null,"bparea":37.5068076645,"bpperim":2639.79998915}},{"type":"Feature","id":"pmih_barrios_precarios.24","geometry":{"type":"MultiPolygon","coordinates":[[[[-76.5642888,3.4201973],[-76.56432178,3.42013554],[-76.56434427,3.42009487],[-76.5643705,3.42005947],[-76.56439149,3.42002181],[-76.56439749,3.41999469],[-76.56439413,3.4199863],[-76.56439053,3.41997801],[-76.56438669,3.41996983],[-76.5643825,3.41996155],[-76.56437445,3.4199575],[-76.5643664,3.41995346],[-76.56435835,3.41994942],[-76.56434352,3.41994196],[-76.56433535,3.41993818],[-76.56432718,3.41993439],[-76.56431901,3.41993058],[-76.56431086,3.41992676],[-76.56430155,3.41992238],[-76.56429604,3.41991523],[-76.56429086,3.41990783],[-76.56428602,3.41990021],[-76.56427906,3.41988773],[-76.56427907,3.41984103],[-76.56427157,3.41979885],[-76.56424909,3.41976571],[-76.56422585,3.41973031],[-76.56419737,3.4196821],[-76.56419479,3.41967344],[-76.56419236,3.41966473],[-76.56418838,3.41964896],[-76.56418492,3.41964061],[-76.56418149,3.41963225],[-76.5641781,3.41962388],[-76.56417189,3.41960829],[-76.56416819,3.41960005],[-76.56416538,3.41959146],[-76.56416349,3.41958263],[-76.56416254,3.41957364],[-76.5641629,3.41956008],[-76.56416329,3.41955107],[-76.5641584,3.41953598],[-76.56414341,3.41950284],[-76.56411793,3.41945463],[-76.56409844,3.41941697],[-76.56406968,3.41936927],[-76.56406846,3.41936726],[-76.56405647,3.41934316],[-76.56405365,3.41933457],[-76.56405148,3.4193258],[-76.56404997,3.41931688],[-76.56404898,3.41930098],[-76.56404523,3.41924901],[-76.56403624,3.41918724],[-76.56401525,3.41913904],[-76.56400626,3.41910439],[-76.56399727,3.41907727],[-76.56397628,3.41904112],[-76.56396129,3.41902153],[-76.56392981,3.41900647],[-76.56390133,3.4189914],[-76.56389353,3.41898691],[-76.56388656,3.41898121],[-76.5638806,3.41897445],[-76.5638758,3.41896681],[-76.56387135,3.41895525],[-76.56386236,3.41892361],[-76.56385187,3.41888595],[-76.56384137,3.41885884],[-76.56384096,3.41884981],[-76.56383933,3.41884092],[-76.56383652,3.41883234],[-76.56383258,3.41882422],[-76.56382758,3.41881671],[-76.56381739,3.41880611],[-76.56379191,3.41879255],[-76.56376942,3.41878653],[-76.56374993,3.41878201],[-76.56371845,3.41877749],[-76.56367198,3.41877749],[-76.56353782,3.41877824],[-76.56348535,3.41877221],[-76.56342839,3.41876166],[-76.56339391,3.41873756],[-76.56336693,3.41871044],[-76.56333695,3.41867429],[-76.56330547,3.41864868],[-76.56327999,3.41862006],[-76.56325451,3.41859294],[-76.56324102,3.41856733],[-76.56323203,3.41852967],[-76.56323353,3.41848448],[-76.56322453,3.41843326],[-76.56321554,3.41840012],[-76.56319156,3.41835342],[-76.56317357,3.41831124],[-76.56314959,3.41827207],[-76.56311736,3.41822914],[-76.56307688,3.41820202],[-76.56304241,3.41817942],[-76.56299744,3.41815833],[-76.56297345,3.41813875],[-76.56294647,3.41810711],[-76.56288052,3.41803028],[-76.56281306,3.41795647],[-76.56273137,3.41786382],[-76.5626759,3.4178126],[-76.56263693,3.41776138],[-76.56263073,3.41775483],[-76.56262475,3.41774807],[-76.562619,3.41774111],[-76.56261349,3.41773396],[-76.56260821,3.41772664],[-76.56260319,3.41771914],[-76.56259841,3.41771147],[-76.56259389,3.41770365],[-76.56258671,3.41768982],[-76.56258248,3.41768185],[-76.5625785,3.41767373],[-76.56257478,3.4176655],[-76.56257132,3.41765715],[-76.56256812,3.4176487],[-76.5625652,3.41764015],[-76.56256255,3.41763151],[-76.56256017,3.41762278],[-76.56255807,3.41761399],[-76.56255524,3.41759944],[-76.56255279,3.41759074],[-76.56254971,3.41758224],[-76.56254603,3.41757399],[-76.56254175,3.41756604],[-76.56253691,3.41755842],[-76.56253152,3.41755118],[-76.56252562,3.41754435],[-76.56251924,3.41753798],[-76.56250577,3.41752713],[-76.56249799,3.41752258],[-76.56249014,3.41751816],[-76.56248221,3.41751388],[-76.56247422,3.41750973],[-76.56246615,3.41750572],[-76.56245802,3.41750185],[-76.56244731,3.417497],[-76.56241433,3.41748645],[-76.56238435,3.41747892],[-76.56236336,3.41748043],[-76.56232439,3.41748796],[-76.5623034,3.41750151],[-76.56228092,3.4175226],[-76.56226443,3.41755574],[-76.56224944,3.41758437],[-76.56222095,3.41760696],[-76.56220596,3.41762805],[-76.56218947,3.41764462],[-76.5621505,3.41767173],[-76.56210702,3.41768228],[-76.56207105,3.41768378],[-76.56203207,3.41767022],[-76.5619886,3.41765817],[-76.56197061,3.41765064],[-76.56193314,3.41762654],[-76.56188067,3.4175949],[-76.56182821,3.41756326],[-76.56175101,3.41752334],[-76.56174253,3.4175203],[-76.56173423,3.41751682],[-76.56172612,3.41751289],[-76.56171823,3.41750855],[-76.56171058,3.41750379],[-76.56170319,3.41749863],[-76.56169609,3.41749308],[-76.56168928,3.41748717],[-76.56168279,3.4174809],[-76.56167606,3.41747363],[-76.56162659,3.41742542],[-76.56159062,3.41738173],[-76.56155314,3.41733503],[-76.56151867,3.41728532],[-76.56148719,3.41724163],[-76.5614647,3.41721452],[-76.56143172,3.41719192],[-76.56139275,3.41717836],[-76.56135827,3.41716028],[-76.56132979,3.41713467],[-76.5613118,3.4171181],[-76.56127808,3.41708421],[-76.56123161,3.41705106],[-76.56119563,3.41702395],[-76.56116415,3.41700738],[-76.5610967,3.41699833],[-76.56104123,3.41699683],[-76.56098277,3.41700285],[-76.5609408,3.41700436],[-76.56085683,3.41698677],[-76.56085067,3.41698366],[-76.56084301,3.41697892],[-76.56083578,3.41697355],[-76.56082747,3.41696748],[-76.56082039,3.4169619],[-76.5608135,3.41695608],[-76.56080682,3.41695003],[-76.56080034,3.41694375],[-76.56079409,3.41693725],[-76.56078806,3.41693053],[-76.56078227,3.41692361],[-76.56077705,3.41691302],[-76.56077311,3.41690489],[-76.56076921,3.41689674],[-76.56076535,3.41688857],[-76.56076154,3.41688038],[-76.56075777,3.41687217],[-76.56075404,3.41686393],[-76.56075035,3.41685568],[-76.56074671,3.41684741],[-76.56074312,3.41683912],[-76.56073956,3.41683082],[-76.56073605,3.41682249],[-76.56073258,3.41681414],[-76.5607219,3.41680013],[-76.56071622,3.41679311],[-76.56071041,3.41678621],[-76.56070446,3.41677943],[-76.56069838,3.41677276],[-76.56069217,3.41676621],[-76.56068583,3.4167598],[-76.56067937,3.4167535],[-76.56067278,3.41674734],[-76.56066608,3.4167413],[-76.56065926,3.4167354],[-76.56065232,3.41672964],[-76.56064165,3.41672372],[-76.56063386,3.41671919],[-76.56062616,3.41671452],[-76.56061853,3.41670972],[-76.56061099,3.41670479],[-76.56060353,3.41669973],[-76.56059616,3.41669454],[-76.56058888,3.41668922],[-76.56058169,3.41668378],[-76.5605746,3.41667821],[-76.5605676,3.41667252],[-76.56056071,3.41666671],[-76.56055391,3.41666079],[-76.5605386,3.41664696],[-76.56052988,3.41661958],[-76.56053287,3.41657278],[-76.56053337,3.41656358],[-76.56053378,3.41655455],[-76.56053411,3.41654551],[-76.56053435,3.41653647],[-76.56053451,3.41652743],[-76.56053459,3.41651838],[-76.56053458,3.41650934],[-76.56053449,3.4165003],[-76.56053432,3.41649126],[-76.56053407,3.41648222],[-76.56053373,3.41647318],[-76.56053035,3.41646034],[-76.56052757,3.41645174],[-76.56052439,3.41644328],[-76.56052084,3.41643497],[-76.56051691,3.41642684],[-76.56051262,3.41641889],[-76.56050797,3.41641115],[-76.56050297,3.41640363],[-76.56049688,3.41639255],[-76.56049241,3.4163847],[-76.56048783,3.41637692],[-76.56048315,3.41636919],[-76.56047837,3.41636153],[-76.56047349,3.41635393],[-76.56046851,3.4163464],[-76.56046344,3.41633893],[-76.56045826,3.41633153],[-76.56045299,3.4163242],[-76.5604265,3.41628556],[-76.56039147,3.41622116],[-76.56038177,3.41620718],[-76.56037674,3.41619968],[-76.56037179,3.41619213],[-76.56036691,3.41618453],[-76.56036212,3.41617687],[-76.5603574,3.41616917],[-76.56035277,3.41616142],[-76.56034822,3.41615362],[-76.56034375,3.41614577],[-76.56033936,3.41613788],[-76.56032526,3.41611598],[-76.56031586,3.4160885],[-76.56028852,3.41604128],[-76.56028403,3.41603084],[-76.56027928,3.41602317],[-76.56027356,3.4160162],[-76.56026697,3.41601004],[-76.56025964,3.41600481],[-76.56025168,3.4160006],[-76.56024324,3.41599749],[-76.56022915,3.41599494],[-76.56022023,3.41599374],[-76.56021128,3.41599286],[-76.5602023,3.41599229],[-76.5601933,3.41599204],[-76.5601843,3.41599211],[-76.56017531,3.41599249],[-76.56016634,3.41599319],[-76.56014914,3.41599206],[-76.56014016,3.41599141],[-76.56013119,3.41599073],[-76.56012222,3.41599],[-76.56011325,3.41598923],[-76.56010429,3.41598841],[-76.56009533,3.41598756],[-76.56008638,3.41598667],[-76.56007743,3.41598573],[-76.56006848,3.41598476],[-76.56005954,3.41598374],[-76.56004346,3.41597782],[-76.56003529,3.41597401],[-76.56002736,3.41596975],[-76.56001967,3.41596505],[-76.56001227,3.41595991],[-76.56000517,3.41595436],[-76.55999839,3.41594841],[-76.55999196,3.41594208],[-76.5599859,3.4159354],[-76.55998022,3.41592839],[-76.55997495,3.41592106],[-76.55994248,3.41588156],[-76.55992582,3.41585108],[-76.55991902,3.4158434],[-76.55991307,3.41583661],[-76.55990717,3.41582978],[-76.55990131,3.41582292],[-76.55989548,3.41581602],[-76.5598897,3.4158091],[-76.55988396,3.41580213],[-76.55987568,3.41578755],[-76.55987165,3.41577947],[-76.55986793,3.41577123],[-76.55986452,3.41576287],[-76.55986142,3.41575438],[-76.55985864,3.41574578],[-76.55985618,3.41573708],[-76.55985406,3.41572829],[-76.5598493,3.41571198],[-76.55984628,3.41570347],[-76.55984294,3.41569507],[-76.55983927,3.41568681],[-76.55983529,3.4156787],[-76.55983099,3.41567076],[-76.55982197,3.41565628],[-76.55981737,3.41564851],[-76.55981291,3.41564066],[-76.55980857,3.41563273],[-76.55980436,3.41562474],[-76.55980029,3.41561667],[-76.55979635,3.41560855],[-76.55979254,3.41560035],[-76.55978616,3.41558731],[-76.55978185,3.41557937],[-76.55977729,3.41557157],[-76.55977249,3.41556393],[-76.55976745,3.41555644],[-76.55976217,3.41554911],[-76.55975666,3.41554196],[-76.55974963,3.41553312],[-76.55974419,3.41552591],[-76.55973892,3.41551859],[-76.55973381,3.41551114],[-76.55972886,3.41550359],[-76.55972409,3.41549592],[-76.55971949,3.41548815],[-76.55971506,3.41548028],[-76.5597108,3.41547231],[-76.55970673,3.41546425],[-76.55970283,3.4154561],[-76.5596961,3.4154476],[-76.55969041,3.4154406],[-76.55968465,3.41543365],[-76.55967882,3.41542676],[-76.55967292,3.41541993],[-76.55966695,3.41541316],[-76.55965983,3.41540742],[-76.55965274,3.41540185],[-76.55964558,3.41539637],[-76.55963836,3.41539098],[-76.55963106,3.41538569],[-76.5596226,3.4153821],[-76.55961418,3.41537889],[-76.55960566,3.41537598],[-76.55959704,3.41537338],[-76.55958834,3.41537109],[-76.5595756,3.41536548],[-76.55956826,3.41536025],[-76.55956185,3.41535391],[-76.55954973,3.415348],[-76.55954183,3.41534368],[-76.55953409,3.41533907],[-76.55952652,3.41533418],[-76.55951804,3.41532816],[-76.55954745,3.41531339],[-76.55966444,3.41524105],[-76.55973643,3.41520487],[-76.55982642,3.41515966],[-76.56013239,3.41500593],[-76.56019539,3.4149788],[-76.56026738,3.41495168],[-76.56033937,3.41494263],[-76.56037537,3.41493359],[-76.56069934,3.4148703],[-76.56081632,3.41486126],[-76.56093331,3.41483413],[-76.56102884,3.41481494],[-76.56114914,3.41494189],[-76.56119458,3.41498754],[-76.56126557,3.4150332],[-76.56132804,3.41505603],[-76.56151261,3.41511596],[-76.56161199,3.41513594],[-76.56170002,3.41515877],[-76.56176817,3.41518161],[-76.56183064,3.41521014],[-76.56189027,3.41523868],[-76.56194706,3.41525295],[-76.56202657,3.41526151],[-76.5621004,3.41526151],[-76.56214583,3.41526152],[-76.56218558,3.41526152],[-76.5623304,3.41519874],[-76.56234802,3.41518694],[-76.56239855,3.41529577],[-76.56242695,3.41533572],[-76.56246102,3.41540991],[-76.56249509,3.41546698],[-76.5625746,3.41552406],[-76.56264843,3.4155583],[-76.56271658,3.41561538],[-76.56284152,3.41568387],[-76.56293238,3.41572953],[-76.56302325,3.41574094],[-76.56310276,3.41574665],[-76.56315955,3.41575236],[-76.56327313,3.41580944],[-76.56332424,3.41584939],[-76.56339239,3.41589505],[-76.56348893,3.41596924],[-76.56352869,3.41600349],[-76.56366498,3.41612905],[-76.56376153,3.41619754],[-76.56385807,3.41625461],[-76.56397165,3.41630027],[-76.5640682,3.41632881],[-76.56411931,3.41636305],[-76.5641477,3.41642583],[-76.56418746,3.4164829],[-76.56423857,3.41657993],[-76.5642698,3.41664556],[-76.56441746,3.41674829],[-76.56453104,3.41682249],[-76.56466734,3.41687957],[-76.56471845,3.41687386],[-76.5647866,3.41686245],[-76.56487179,3.41684533],[-76.5649513,3.41683392],[-76.56503081,3.41682821],[-76.56513871,3.4168168],[-76.56524094,3.41681109],[-76.56532612,3.41679968],[-76.56547946,3.41683393],[-76.56555329,3.41681681],[-76.56561576,3.41684535],[-76.56567823,3.41689101],[-76.5657407,3.41690813],[-76.56582589,3.41693667],[-76.56588836,3.41694808],[-76.56597923,3.41696521],[-76.56601898,3.41699945],[-76.56604737,3.4170394],[-76.56609849,3.41711359],[-76.5661212,3.41715355],[-76.5661496,3.41722203],[-76.56624046,3.41729623],[-76.56630293,3.41734189],[-76.56641651,3.41748457],[-76.56646762,3.41757018],[-76.56654713,3.41762154],[-76.56667775,3.41768433],[-76.56672318,3.41772998],[-76.56675157,3.41775852],[-76.56676861,3.41783271],[-76.56679701,3.4179012],[-76.5668538,3.41795827],[-76.56692194,3.41802105],[-76.56701281,3.41811808],[-76.56709703,3.41824504],[-76.56709758,3.41824366],[-76.56709902,3.41824075],[-76.56709669,3.41824811],[-76.5670945,3.41825499],[-76.56709284,3.41826024],[-76.56709208,3.41826108],[-76.5670895,3.41826394],[-76.56699304,3.418371],[-76.56681949,3.41850403],[-76.56679424,3.41852826],[-76.56678177,3.41854022],[-76.56669388,3.41862454],[-76.56664666,3.41866984],[-76.56662536,3.41869028],[-76.56652422,3.41878896],[-76.56637809,3.41888481],[-76.56624884,3.41894156],[-76.56615765,3.4190273],[-76.56614949,3.41904897],[-76.56610848,3.41910392],[-76.5660849,3.4192156],[-76.56611521,3.41933912],[-76.56618918,3.41953693],[-76.56620611,3.41958578],[-76.56621154,3.41960145],[-76.56622172,3.41963083],[-76.5662398,3.41968939],[-76.56606132,3.41978245],[-76.56592324,3.41984505],[-76.56581043,3.41994996],[-76.56569172,3.42006079],[-76.56561426,3.42013693],[-76.56556374,3.42017923],[-76.56553175,3.42019277],[-76.56547787,3.42020799],[-76.56546929,3.42021072],[-76.56546059,3.42021304],[-76.5654518,3.42021495],[-76.56544293,3.42021645],[-76.56543399,3.42021752],[-76.56542502,3.42021818],[-76.56541602,3.42021841],[-76.56540547,3.42021814],[-76.56539652,3.42021721],[-76.56538761,3.42021591],[-76.56537877,3.42021425],[-76.56537,3.42021222],[-76.56536132,3.42020984],[-76.56535274,3.42020711],[-76.56534148,3.42020291],[-76.56533348,3.42019877],[-76.56532534,3.42019492],[-76.56531707,3.42019136],[-76.56530868,3.42018809],[-76.56530018,3.42018513],[-76.56529158,3.42018247],[-76.56527918,3.42017922],[-76.56523877,3.42017415],[-76.56518994,3.42016738],[-76.56508891,3.42016907],[-76.56506113,3.42020544],[-76.56500893,3.42021052],[-76.56492474,3.42023421],[-76.56485571,3.42024943],[-76.56479004,3.42025958],[-76.5647109,3.42027312],[-76.56465702,3.42028665],[-76.5645863,3.4203408],[-76.56454757,3.42038818],[-76.56451221,3.42046263],[-76.56450884,3.42051339],[-76.56446415,3.42056953],[-76.5644357,3.42054981],[-76.56438023,3.42052118],[-76.56433076,3.42049557],[-76.56428879,3.42046695],[-76.56424382,3.42045339],[-76.56420785,3.42043381],[-76.56417936,3.42041573],[-76.56417416,3.42040837],[-76.56417055,3.4204001],[-76.56416869,3.42039127],[-76.56417037,3.42037355],[-76.56417261,3.4203648],[-76.56417593,3.42035639],[-76.56418026,3.42034848],[-76.56418555,3.42034116],[-76.5641917,3.42033458],[-76.56419863,3.42032881],[-76.56420935,3.42032233],[-76.56423933,3.42028317],[-76.56426481,3.42024099],[-76.5642888,3.4201973]]]]},"geometry_name":"the_geom","properties":{"bpcodigo":"2006","bpnombre":"Brisas de Mayo","bpcomuna":20,"bpestramod":1,"bpupu":8,"bpobserv":null,"bparea":20.7266267245,"bpperim":2408.55549701}},{"type":"Feature","id":"pmih_barrios_precarios.25","geometry":{"type":"MultiPolygon","coordinates":[[[[-76.46291039,3.4202832],[-76.46291286,3.42025298],[-76.4629638,3.41963208],[-76.46310449,3.41791682],[-76.46310752,3.41786136],[-76.4631121,3.41781183],[-76.46311843,3.41776252],[-76.46312659,3.41771341],[-76.46313644,3.41766474],[-76.46314805,3.41761634],[-76.46316134,3.41756844],[-76.46317639,3.41752111],[-76.46319313,3.41747427],[-76.46321149,3.41742806],[-76.46323153,3.41738257],[-76.46325319,3.41733785],[-76.4632764,3.41729398],[-76.46330115,3.41725088],[-76.46332745,3.41720878],[-76.46335523,3.41716759],[-76.46338448,3.41712746],[-76.46341521,3.41708847],[-76.4634472,3.41705053],[-76.4634806,3.4170138],[-76.46351526,3.41697834],[-76.46355119,3.41694415],[-76.46358832,3.41691123],[-76.46362657,3.41687965],[-76.46366595,3.41684956],[-76.46428266,3.41634441],[-76.46430171,3.41633029],[-76.46430442,3.41632828],[-76.46663575,3.41770901],[-76.46822869,3.41863147],[-76.46844334,3.41894825],[-76.46912174,3.41935742],[-76.46880737,3.41991387],[-76.46875064,3.4198805],[-76.46777269,3.41924293],[-76.46720888,3.41901224],[-76.46646984,3.41872794],[-76.46538222,3.41830101],[-76.46479079,3.41807702],[-76.46441746,3.41793152],[-76.46438027,3.41871681],[-76.46431591,3.41997299],[-76.46429797,3.42038853],[-76.4644214,3.42040061],[-76.46441988,3.42042746],[-76.46424719,3.42041153],[-76.46347956,3.42034286],[-76.46291039,3.4202832]]]]},"geometry_name":"the_geom","properties":{"bpcodigo":"2104","bpnombre":"El Remanso","bpcomuna":21,"bpestramod":1,"bpupu":4,"bpobserv":null,"bparea":11.9401957128,"bpperim":2192.35293887}},{"type":"Feature","id":"pmih_barrios_precarios.26","geometry":{"type":"MultiPolygon","coordinates":[[[[-76.49703547,3.41537989],[-76.49694235,3.41526928],[-76.49694108,3.41526416],[-76.49692429,3.41524729],[-76.49692294,3.41524564],[-76.49692093,3.41523958],[-76.49676003,3.41505742],[-76.49717512,3.41465285],[-76.49743612,3.41439966],[-76.49749911,3.41433636],[-76.49763411,3.41420976],[-76.49765983,3.41418393],[-76.49779611,3.414047],[-76.49797611,3.41387519],[-76.4981741,3.4136853],[-76.4984621,3.41342307],[-76.49868709,3.41320604],[-76.49888509,3.41300711],[-76.49909209,3.41281722],[-76.49942508,3.41250073],[-76.49961408,3.41231988],[-76.49989307,3.4120486],[-76.50010907,3.41182253],[-76.50034306,3.41160551],[-76.50048706,3.41146083],[-76.50049163,3.41145624],[-76.50049318,3.41145468],[-76.50060632,3.41160387],[-76.50080486,3.41176773],[-76.50101177,3.4120135],[-76.50122807,3.41224352],[-76.50153112,3.41256912],[-76.5017004,3.41276447],[-76.50181326,3.41288211],[-76.50186655,3.41293778],[-76.50211526,3.41319195],[-76.50259699,3.41368455],[-76.5033431,3.4144828],[-76.50413833,3.4153178],[-76.50455841,3.41575263],[-76.50359964,3.41669421],[-76.50309626,3.41716385],[-76.50304774,3.41720853],[-76.50298826,3.41726332],[-76.50281726,3.41742609],[-76.50264627,3.41758885],[-76.50252027,3.4177064],[-76.50239427,3.41784204],[-76.50190828,3.41827608],[-76.50174628,3.41843885],[-76.50162928,3.4185564],[-76.50153028,3.41865587],[-76.50140429,3.41878247],[-76.50129629,3.41887289],[-76.50117929,3.41899044],[-76.50110729,3.41905374],[-76.50105329,3.419108],[-76.50068123,3.41937617],[-76.50063931,3.41933404],[-76.50042336,3.4190989],[-76.50038736,3.41906272],[-76.50001844,3.41866477],[-76.49982948,3.41845676],[-76.49932558,3.41789602],[-76.4992536,3.41782367],[-76.49917261,3.41772418],[-76.4987317,3.41724484],[-76.49867772,3.41718153],[-76.49817382,3.41662079],[-76.49811983,3.41655748],[-76.49782289,3.41624093],[-76.49756195,3.41595152],[-76.49753495,3.41592439],[-76.49718403,3.41553549],[-76.49704006,3.41538174],[-76.49703547,3.41537989]]]]},"geometry_name":"the_geom","properties":{"bpcodigo":"1302","bpnombre":"El Vergel","bpcomuna":13,"bpestramod":1,"bpupu":4,"bpobserv":null,"bparea":38.0758551816,"bpperim":2467.13562595}},{"type":"Feature","id":"pmih_barrios_precarios.41","geometry":{"type":"MultiPolygon","coordinates":[[[[-76.48655443,3.431704],[-76.48637445,3.43170398],[-76.48617646,3.43171301],[-76.4857625,3.431722],[-76.48543853,3.43172197],[-76.48530354,3.43170387],[-76.48510556,3.43167672],[-76.48383872,3.43104001],[-76.48383881,3.43104368],[-76.48383873,3.43104364],[-76.48383368,3.43083448],[-76.48381074,3.42984639],[-76.48378782,3.42871935],[-76.48378784,3.42871745],[-76.48379556,3.4281404],[-76.48388009,3.42789339],[-76.48407986,3.42747656],[-76.48410602,3.42741835],[-76.48411796,3.4273918],[-76.48429499,3.42699798],[-76.4845795,3.42633466],[-76.48460871,3.42626656],[-76.48460738,3.42626601],[-76.4846087,3.42626293],[-76.48552006,3.42672098],[-76.48554705,3.42673907],[-76.48639293,3.42718229],[-76.48643792,3.42720038],[-76.4872118,3.42760741],[-76.48727344,3.42767822],[-76.48735577,3.42776117],[-76.48796768,3.42807775],[-76.48834563,3.4282677],[-76.48842662,3.42824962],[-76.48865159,3.42837626],[-76.48897554,3.42853003],[-76.4892455,3.42867475],[-76.48953167,3.42882756],[-76.48951546,3.42890086],[-76.48918242,3.42957004],[-76.48911941,3.42969664],[-76.48877737,3.43034773],[-76.48875037,3.43043816],[-76.48871436,3.4305105],[-76.48858835,3.43077275],[-76.48852534,3.43091744],[-76.48844433,3.43107117],[-76.48839932,3.43115255],[-76.48838132,3.43118872],[-76.4881383,3.43159565],[-76.48802129,3.43177651],[-76.48797629,3.43183981],[-76.48791329,3.43191215],[-76.48776028,3.43208396],[-76.48766128,3.43216533],[-76.48760728,3.4322015],[-76.48722028,3.43251798],[-76.48717528,3.43256319],[-76.48715728,3.43259936],[-76.48719017,3.43270406],[-76.48707629,3.43256318],[-76.48702231,3.43243657],[-76.48700432,3.43237326],[-76.48690536,3.43206578],[-76.48688737,3.43202056],[-76.48677941,3.43171307],[-76.48676141,3.43170403],[-76.48655443,3.431704]]]]},"geometry_name":"the_geom","properties":{"bpcodigo":"1395","bpnombre":"Los Lagos","bpcomuna":13,"bpestramod":2,"bpupu":4,"bpobserv":null,"bparea":27.3213473118,"bpperim":2144.54274908}},{"type":"Feature","id":"pmih_barrios_precarios.27","geometry":{"type":"MultiPolygon","coordinates":[[[[-76.55952037,3.41799928],[-76.55959236,3.4180445],[-76.55963735,3.41807163],[-76.55967335,3.41809876],[-76.55968797,3.41811933],[-76.55970504,3.41814335],[-76.55971834,3.41816207],[-76.55986232,3.41834294],[-76.55991631,3.41842433],[-76.55994331,3.41846955],[-76.5599793,3.41851477],[-76.5600063,3.4185419],[-76.5600333,3.41855998],[-76.56007829,3.41859616],[-76.56009629,3.41861425],[-76.56014128,3.41864138],[-76.56019528,3.41866851],[-76.56021327,3.41867756],[-76.56023127,3.41869564],[-76.56025827,3.41876799],[-76.56027626,3.41885842],[-76.56029426,3.41891269],[-76.56030326,3.41896695],[-76.56031225,3.41903025],[-76.56032125,3.41904834],[-76.56034825,3.41911164],[-76.56035725,3.41914782],[-76.56038424,3.41927443],[-76.56039324,3.41930156],[-76.56038424,3.41934677],[-76.56037524,3.41941008],[-76.56036623,3.41946434],[-76.56035723,3.41952764],[-76.56034823,3.4195819],[-76.56033923,3.41960903],[-76.56033023,3.4196452],[-76.56031223,3.41967233],[-76.56030323,3.41969946],[-76.56028524,3.41974468],[-76.56024924,3.41979894],[-76.56022224,3.41984415],[-76.56017724,3.41993459],[-76.56016824,3.41996172],[-76.56012324,3.42006119],[-76.56007824,3.42016067],[-76.56003324,3.4202511],[-76.56002425,3.42026014],[-76.55994325,3.42033249],[-76.55993425,3.42033249],[-76.55992525,3.42034153],[-76.55991625,3.42035057],[-76.55990725,3.42035057],[-76.55990726,3.42035962],[-76.55989826,3.42035962],[-76.55988026,3.42036866],[-76.55987126,3.4203777],[-76.55985326,3.42039579],[-76.55984426,3.42040483],[-76.55983526,3.42040483],[-76.55982626,3.42041388],[-76.55981726,3.42042292],[-76.55980826,3.42043196],[-76.55979926,3.42043196],[-76.55979027,3.420441],[-76.55978127,3.420441],[-76.55977227,3.420441],[-76.55976327,3.42045005],[-76.55975427,3.42045005],[-76.55975427,3.42045909],[-76.55974527,3.42046813],[-76.55973627,3.42047718],[-76.55972727,3.42048622],[-76.55971827,3.42049526],[-76.55970927,3.42050431],[-76.55970927,3.42051335],[-76.55970027,3.42051335],[-76.55969127,3.42052239],[-76.55969127,3.42053144],[-76.55968227,3.42054048],[-76.55968227,3.42055857],[-76.55968227,3.42056761],[-76.55969127,3.4205857],[-76.55969127,3.42060378],[-76.55970027,3.42061283],[-76.55970027,3.42062187],[-76.55970927,3.42063091],[-76.55971827,3.420649],[-76.55971827,3.42065804],[-76.55972726,3.42066709],[-76.55972726,3.42067613],[-76.55973626,3.42068517],[-76.55974526,3.42069422],[-76.55975426,3.42071231],[-76.55977226,3.42073039],[-76.55978126,3.42074848],[-76.55978126,3.42075752],[-76.55980825,3.42080274],[-76.55980825,3.42080409],[-76.55981247,3.42091805],[-76.55976826,3.42108204],[-76.55971046,3.42126311],[-76.55968666,3.4213451],[-76.5601052,3.42146292],[-76.55996017,3.42188191],[-76.5599522,3.42187891],[-76.55993421,3.42186987],[-76.55991621,3.42186987],[-76.55990721,3.42186987],[-76.55988021,3.42186082],[-76.55984422,3.42185178],[-76.55983522,3.42185178],[-76.55979922,3.42184273],[-76.55979022,3.42183369],[-76.55976323,3.42182464],[-76.55964624,3.42177942],[-76.55960124,3.42177038],[-76.55955625,3.42176133],[-76.55952925,3.42175229],[-76.55945726,3.42174324],[-76.55940326,3.42174324],[-76.55937627,3.4217342],[-76.55934927,3.4217342],[-76.55931327,3.4217342],[-76.55927728,3.42173419],[-76.55925028,3.42173419],[-76.55922328,3.42174324],[-76.55919628,3.42174324],[-76.55915129,3.42176132],[-76.55913329,3.42176132],[-76.55909729,3.42176132],[-76.5590523,3.42176132],[-76.5589893,3.42175227],[-76.55895331,3.42174323],[-76.55889031,3.42173418],[-76.55886332,3.42172514],[-76.55882732,3.42171609],[-76.55880932,3.42169801],[-76.55878233,3.42167992],[-76.55869234,3.42159853],[-76.55865634,3.42156235],[-76.55861135,3.42151713],[-76.55858435,3.42149904],[-76.55854836,3.42146287],[-76.55853936,3.42144478],[-76.55851236,3.42139956],[-76.55850756,3.42136453],[-76.55850584,3.42135565],[-76.55850445,3.42134672],[-76.55850341,3.42133773],[-76.55850272,3.42132872],[-76.55850238,3.42131968],[-76.5585027,3.42130203],[-76.55850368,3.4212405],[-76.55853867,3.42114284],[-76.55855217,3.4211103],[-76.5584965,3.42108336],[-76.55845363,3.42105161],[-76.55840882,3.42100658],[-76.5583128,3.42092938],[-76.55827439,3.42089722],[-76.55817197,3.42101944],[-76.55813356,3.42098727],[-76.55797353,3.42085218],[-76.55784551,3.42073638],[-76.55801835,3.420582],[-76.55812718,3.42048551],[-76.55833202,3.4203247],[-76.55844085,3.42022821],[-76.55853687,3.42011885],[-76.55870332,3.41991301],[-76.55882495,3.41973932],[-76.55888256,3.4195785],[-76.55892098,3.41941768],[-76.55897219,3.41923113],[-76.55903621,3.41907031],[-76.55913223,3.41893523],[-76.55918985,3.41885803],[-76.55924106,3.41878084],[-76.55926667,3.41871008],[-76.55929868,3.41860716],[-76.5593883,3.41840131],[-76.55947153,3.41824692],[-76.55950994,3.41811827],[-76.55952037,3.41799928]]]]},"geometry_name":"the_geom","properties":{"bpcodigo":"2007","bpnombre":"Tierra Blanca","bpcomuna":20,"bpestramod":1,"bpupu":8,"bpobserv":null,"bparea":5.83939487153,"bpperim":1225.4413464}},{"type":"Feature","id":"pmih_barrios_precarios.28","geometry":{"type":"MultiPolygon","coordinates":[[[[-76.50304774,3.41720853],[-76.50309626,3.41716385],[-76.50359964,3.41669421],[-76.50455841,3.41575263],[-76.50413833,3.4153178],[-76.5033431,3.4144828],[-76.50259699,3.41368455],[-76.50211526,3.41319195],[-76.50186655,3.41293778],[-76.50181326,3.41288211],[-76.5017004,3.41276447],[-76.50153112,3.41256912],[-76.50122807,3.41224352],[-76.50101177,3.4120135],[-76.50080486,3.41176773],[-76.50060632,3.41160387],[-76.50049318,3.41145468],[-76.50056806,3.41137945],[-76.50070305,3.41127094],[-76.50095504,3.41109914],[-76.50145903,3.41063797],[-76.50161416,3.41048609],[-76.5018006,3.41030735],[-76.50179879,3.41030547],[-76.50180059,3.41030374],[-76.50339347,3.40881211],[-76.50406693,3.4081999],[-76.50443808,3.40857295],[-76.50449187,3.40863061],[-76.50455485,3.40868487],[-76.50504975,3.40922752],[-76.5053107,3.4094898],[-76.50541868,3.40959833],[-76.50600356,3.41021334],[-76.50606654,3.41029473],[-76.50632749,3.4105751],[-76.50663343,3.41089165],[-76.50674141,3.41101826],[-76.50730829,3.41162422],[-76.50736228,3.41166944],[-76.50763223,3.4119679],[-76.50766822,3.41199503],[-76.50793817,3.41230253],[-76.50814513,3.4125015],[-76.50822611,3.4125829],[-76.50873001,3.41311651],[-76.508784,3.41317981],[-76.50934189,3.41375864],[-76.50945887,3.41387621],[-76.50973782,3.41416563],[-76.51004376,3.41449122],[-76.51009775,3.41455452],[-76.51069163,3.41517857],[-76.51080861,3.4152871],[-76.51099758,3.41547703],[-76.51116854,3.41566695],[-76.51155086,3.41608964],[-76.51012563,3.41745098],[-76.50950364,3.41802786],[-76.50887366,3.41866084],[-76.50812806,3.41934188],[-76.5079606,3.41950212],[-76.50794859,3.41951391],[-76.50726683,3.42018317],[-76.50666078,3.42077607],[-76.50654572,3.4208853],[-76.50639149,3.42072261],[-76.50633268,3.42065944],[-76.50598088,3.42028232],[-76.50580011,3.42009278],[-76.50547237,3.41974507],[-76.50493139,3.41917525],[-76.50445034,3.41867357],[-76.50390056,3.41808464],[-76.5037916,3.41797058],[-76.50348642,3.41765021],[-76.50336887,3.41752842],[-76.50310574,3.41726485],[-76.50304774,3.41720853]]]]},"geometry_name":"the_geom","properties":{"bpcodigo":"1604","bpnombre":"Antonio Nariño","bpcomuna":16,"bpestramod":2,"bpupu":4,"bpobserv":null,"bparea":77.9967673128,"bpperim":3962.32285629}},{"type":"Feature","id":"pmih_barrios_precarios.29","geometry":{"type":"MultiPolygon","coordinates":[[[[-76.48114038,3.42304513],[-76.48113426,3.42303458],[-76.48099005,3.42283647],[-76.48078334,3.42259005],[-76.48052857,3.42229048],[-76.48030744,3.42200057],[-76.4801344,3.42172516],[-76.48004308,3.42148841],[-76.47994696,3.42118402],[-76.47983162,3.42081199],[-76.47971145,3.42053176],[-76.47957687,3.42027085],[-76.47944228,3.42005826],[-76.47922595,3.41984082],[-76.47897117,3.41966203],[-76.47877407,3.4195074],[-76.47863316,3.41932884],[-76.4785698,3.41923576],[-76.47871765,3.41839125],[-76.47872045,3.41828788],[-76.47873827,3.41819203],[-76.47925089,3.41543523],[-76.47968079,3.41326046],[-76.47968094,3.41326164],[-76.47968234,3.41327054],[-76.47968396,3.41327945],[-76.47968579,3.41328828],[-76.47968782,3.41329711],[-76.47969014,3.41330587],[-76.4796926,3.41331456],[-76.47969534,3.41332318],[-76.47969823,3.41333173],[-76.47970139,3.41334021],[-76.47970469,3.41334862],[-76.47970828,3.41335688],[-76.47971207,3.41336508],[-76.47971601,3.41337321],[-76.47972015,3.41338126],[-76.47972451,3.41338917],[-76.47973077,3.41339977],[-76.47974015,3.41340979],[-76.47974104,3.41341074],[-76.47974467,3.41342908],[-76.4797477,3.41343198],[-76.48024082,3.41403886],[-76.4806808,3.4145245],[-76.48071588,3.41455615],[-76.4807447,3.41458237],[-76.48090095,3.41467512],[-76.48103008,3.41475513],[-76.48115822,3.41483452],[-76.48118751,3.4148476],[-76.48129256,3.41489454],[-76.48143408,3.41495776],[-76.48154706,3.41498212],[-76.48160575,3.41499478],[-76.481618,3.41499742],[-76.48196396,3.41505023],[-76.4822179,3.41506786],[-76.48236863,3.41507801],[-76.48241487,3.41508112],[-76.48251113,3.41509988],[-76.4825958,3.41510209],[-76.48260324,3.41510315],[-76.48267033,3.41511463],[-76.48288347,3.41515109],[-76.48288391,3.41514864],[-76.48288412,3.41514751],[-76.48326671,3.41517012],[-76.48381469,3.41529677],[-76.48405403,3.41538541],[-76.48423036,3.41565761],[-76.48453265,3.41611972],[-76.48488533,3.41658183],[-76.4852632,3.4170566],[-76.48554661,3.41739211],[-76.48598118,3.41779726],[-76.48630868,3.41809479],[-76.48650707,3.41826255],[-76.48782524,3.41921528],[-76.48808337,3.41943216],[-76.48805629,3.41942805],[-76.48793819,3.41941273],[-76.48783343,3.41940314],[-76.48771723,3.41940696],[-76.48762389,3.41944332],[-76.4875496,3.41950074],[-76.48748483,3.41956198],[-76.48747203,3.41958665],[-76.48746154,3.41959582],[-76.48741534,3.41969592],[-76.48739148,3.41974191],[-76.48735383,3.41982918],[-76.48723294,3.42009111],[-76.48705861,3.42050871],[-76.48693421,3.42078701],[-76.48659608,3.42160264],[-76.48626141,3.42238451],[-76.48618243,3.42258254],[-76.48608691,3.4228043],[-76.48601479,3.42297124],[-76.48589333,3.42324257],[-76.48577121,3.42350493],[-76.48550899,3.42413059],[-76.48529385,3.4246632],[-76.48490199,3.42553545],[-76.48470221,3.42604491],[-76.4846087,3.42626293],[-76.48460738,3.42626601],[-76.4842828,3.4261305],[-76.48398756,3.425963],[-76.48368756,3.42575721],[-76.48343994,3.42557535],[-76.48331614,3.42543178],[-76.48296852,3.42508722],[-76.48236852,3.42454404],[-76.48183996,3.42398173],[-76.48153282,3.4236252],[-76.48122569,3.42314186],[-76.48114038,3.42304513]]]]},"geometry_name":"the_geom","properties":{"bpcodigo":"1401","bpnombre":"Alfonso Bonilla Aragón","bpcomuna":14,"bpestramod":1,"bpupu":4,"bpobserv":null,"bparea":78.5902957596,"bpperim":3814.80997544}},{"type":"Feature","id":"pmih_barrios_precarios.42","geometry":{"type":"MultiPolygon","coordinates":[[[[-76.49480528,3.42839148],[-76.49492073,3.42830573],[-76.49512719,3.4281453],[-76.49535411,3.42795173],[-76.49562812,3.42776246],[-76.49563779,3.42776949],[-76.49566513,3.42774202],[-76.49584341,3.42758701],[-76.49604741,3.42740961],[-76.49615712,3.42728732],[-76.49621884,3.42721498],[-76.49626855,3.42718398],[-76.49637654,3.42712714],[-76.49646568,3.42709098],[-76.49657024,3.42708065],[-76.49666966,3.42708411],[-76.49682221,3.42711341],[-76.49691936,3.42713739],[-76.4969234,3.42714201],[-76.49697254,3.42719822],[-76.49639011,3.42820136],[-76.49620599,3.42857562],[-76.49612035,3.4287348],[-76.49598585,3.42899195],[-76.49586884,3.42920898],[-76.49577883,3.42939889],[-76.49571583,3.42949836],[-76.49560782,3.42970634],[-76.49557181,3.42978773],[-76.4954458,3.43002285],[-76.4954098,3.43010423],[-76.49531079,3.43028509],[-76.49529279,3.43031222],[-76.49522078,3.43045691],[-76.49517577,3.43055638],[-76.49513977,3.43061968],[-76.49510377,3.43068298],[-76.49504976,3.4307915],[-76.49484274,3.43118939],[-76.49482474,3.43121651],[-76.49468075,3.43128885],[-76.49463575,3.43130693],[-76.49459075,3.43133406],[-76.49455343,3.43134949],[-76.49443776,3.43139734],[-76.49428477,3.43146063],[-76.49415877,3.43152392],[-76.49399678,3.43159626],[-76.49377179,3.43169571],[-76.49373579,3.43171379],[-76.49369079,3.43172283],[-76.49366379,3.43172283],[-76.4935738,3.43177708],[-76.4933758,3.43187654],[-76.49335781,3.43188558],[-76.49322285,3.43160522],[-76.49308788,3.4313339],[-76.4930339,3.43123442],[-76.49279097,3.43078223],[-76.49272798,3.43065561],[-76.49267698,3.43055445],[-76.49279376,3.43053491],[-76.49307631,3.43054354],[-76.4932604,3.43048763],[-76.49398822,3.43018656],[-76.49424082,3.43007042],[-76.49440779,3.42996504],[-76.49458333,3.42979727],[-76.49473748,3.42953055],[-76.49487451,3.42920791],[-76.49490878,3.42890676],[-76.49487456,3.42867444],[-76.49480528,3.42839148]]]]},"geometry_name":"the_geom","properties":{"bpcodigo":"1314","bpnombre":"Villablanca","bpcomuna":13,"bpestramod":2,"bpupu":4,"bpobserv":null,"bparea":7.37525498618,"bpperim":1543.82331736}},{"type":"Feature","id":"pmih_barrios_precarios.30","geometry":{"type":"MultiPolygon","coordinates":[[[[-76.56610848,3.41910392],[-76.56614949,3.41904897],[-76.56614675,3.41905626],[-76.56611648,3.41913667],[-76.56612825,3.41930222],[-76.56617238,3.41948845],[-76.56618918,3.41953693],[-76.56611521,3.41933912],[-76.5660849,3.4192156],[-76.56610848,3.41910392]]],[[[-76.56351795,3.42399932],[-76.56351633,3.42392598],[-76.56351633,3.4239162],[-76.56351633,3.42386568],[-76.56352444,3.42382005],[-76.56353255,3.42376627],[-76.56354877,3.42370271],[-76.56356256,3.4236473],[-76.56356587,3.42363491],[-76.56356803,3.42362613],[-76.56357003,3.42361731],[-76.56357188,3.42360846],[-76.56357357,3.42359958],[-76.56357512,3.42359067],[-76.5635765,3.42358174],[-76.56357774,3.42357278],[-76.56357882,3.4235638],[-76.56357974,3.42355481],[-76.56358051,3.4235458],[-76.56358113,3.42353677],[-76.56358159,3.42352774],[-76.56358189,3.4235187],[-76.56358203,3.42350966],[-76.56358202,3.42350062],[-76.56358356,3.42348842],[-76.56358471,3.42347945],[-76.56358586,3.42347048],[-76.56358702,3.42346151],[-76.56358819,3.42345254],[-76.56358937,3.42344358],[-76.56359056,3.42343461],[-76.56359175,3.42342565],[-76.56359151,3.42341554],[-76.56359123,3.4234065],[-76.56359091,3.42339746],[-76.56359053,3.42338843],[-76.5635901,3.42337939],[-76.56358962,3.42337036],[-76.56358909,3.42336133],[-76.56358851,3.42335231],[-76.56357998,3.42333738],[-76.56357568,3.42332944],[-76.5635715,3.42332143],[-76.56356745,3.42331335],[-76.56356353,3.42330521],[-76.56355974,3.42329701],[-76.56355608,3.42328875],[-76.56355622,3.42327676],[-76.56355603,3.42326772],[-76.5635556,3.42325869],[-76.56355493,3.42324967],[-76.56355401,3.42324067],[-76.56355284,3.42323171],[-76.56355129,3.42322113],[-76.56355002,3.42321218],[-76.56354876,3.42320322],[-76.56354753,3.42319426],[-76.56354633,3.4231853],[-76.56354515,3.42317633],[-76.563544,3.42316737],[-76.56354286,3.42315839],[-76.56354176,3.42314942],[-76.56354068,3.42314044],[-76.56353956,3.42312986],[-76.56353774,3.423121],[-76.56353513,3.42311235],[-76.56353176,3.42310397],[-76.56352765,3.42309593],[-76.56352284,3.42308829],[-76.56352024,3.4230766],[-76.56351715,3.42306811],[-76.56351313,3.42306002],[-76.56350824,3.42305243],[-76.5634904,3.42301006],[-76.56344986,3.42294161],[-76.56341581,3.42287805],[-76.56339959,3.4228373],[-76.56338337,3.4227933],[-76.56337904,3.42277887],[-76.56337607,3.42277034],[-76.56337282,3.42276191],[-76.5633693,3.42275358],[-76.56336551,3.42274538],[-76.56336145,3.42273731],[-76.56335714,3.42272938],[-76.56335256,3.42272159],[-76.56332824,3.42269225],[-76.56332095,3.42268349],[-76.56331284,3.42267968],[-76.56330391,3.42267921],[-76.56329398,3.42267931],[-76.56328505,3.4226782],[-76.56327634,3.42267595],[-76.56326316,3.42266596],[-76.56325751,3.42265893],[-76.56325315,3.42265103],[-76.56325021,3.42264249],[-76.56324877,3.42263358],[-76.56324197,3.42261901],[-76.56323891,3.42261051],[-76.5632364,3.42260183],[-76.56323447,3.422593],[-76.56323311,3.42258406],[-76.56323234,3.42257505],[-76.56323215,3.42256601],[-76.56323286,3.42255732],[-76.56322149,3.42251143],[-76.56321175,3.42249186],[-76.56318741,3.42238911],[-76.56319228,3.42233528],[-76.56325071,3.42219339],[-76.56329454,3.42206617],[-76.56333836,3.42192917],[-76.56342601,3.42178728],[-76.56346009,3.42159646],[-76.56349418,3.42145945],[-76.56355261,3.42132735],[-76.56352462,3.42123071],[-76.5634808,3.42116465],[-76.56341994,3.42107903],[-76.56341751,3.42100808],[-76.56342238,3.42094447],[-76.56345403,3.42086863],[-76.56350029,3.42076833],[-76.56355385,3.42065334],[-76.56359767,3.42057261],[-76.56360984,3.42052857],[-76.56364636,3.42046986],[-76.56367193,3.42044662],[-76.56372548,3.42040258],[-76.56378148,3.42034876],[-76.56381313,3.42031451],[-76.56384234,3.42029005],[-76.56385208,3.42025825],[-76.56385452,3.42021176],[-76.56386913,3.42017507],[-76.56388617,3.42014082],[-76.56389347,3.42009678],[-76.56389364,3.42008124],[-76.56389337,3.4200722],[-76.56389283,3.42006317],[-76.56389203,3.42005416],[-76.56389096,3.42004518],[-76.56388963,3.42003624],[-76.56388803,3.42002734],[-76.56388617,3.42001849],[-76.56387029,3.42001072],[-76.56386264,3.42000596],[-76.56385533,3.42000069],[-76.5638484,3.41999492],[-76.56384188,3.4199887],[-76.56383579,3.41998204],[-76.56383017,3.41997497],[-76.56382505,3.41996754],[-76.56382044,3.41995978],[-76.56381095,3.41994529],[-76.56380621,3.4199376],[-76.56380163,3.41992982],[-76.5637972,3.41992195],[-76.56379292,3.41991399],[-76.56378879,3.41990595],[-76.56377773,3.41990302],[-76.56376934,3.41989975],[-76.56376131,3.41989568],[-76.56375371,3.41989084],[-76.56374662,3.41988527],[-76.56374011,3.41987904],[-76.56370116,3.41983011],[-76.56371576,3.41981298],[-76.56373524,3.41979831],[-76.56376689,3.4197347],[-76.56379854,3.419698],[-76.5638521,3.41962706],[-76.56390322,3.41958302],[-76.56391109,3.41957144],[-76.56391609,3.41956392],[-76.56392104,3.41955637],[-76.56392594,3.41954878],[-76.56393079,3.41954116],[-76.56393558,3.41953351],[-76.56394032,3.41952582],[-76.563945,3.4195181],[-76.56394963,3.41951034],[-76.56395421,3.41950256],[-76.56395873,3.41949474],[-76.56396319,3.41948689],[-76.5639676,3.419479],[-76.56397196,3.41947109],[-76.56397626,3.41946315],[-76.56398605,3.41945331],[-76.56399241,3.41944692],[-76.56399878,3.41944052],[-76.56400514,3.41943413],[-76.5640115,3.41942773],[-76.56401787,3.41942134],[-76.56402423,3.41941494],[-76.56403059,3.41940855],[-76.56403696,3.41940215],[-76.56404332,3.41939576],[-76.56404968,3.41938937],[-76.56405605,3.41938297],[-76.56406241,3.41937658],[-76.56406968,3.41936927],[-76.56409844,3.41941697],[-76.56411793,3.41945463],[-76.56414341,3.41950284],[-76.5641584,3.41953598],[-76.56416329,3.41955107],[-76.5641629,3.41956008],[-76.56416254,3.41957364],[-76.56416349,3.41958263],[-76.56416538,3.41959146],[-76.56416819,3.41960005],[-76.56417189,3.41960829],[-76.5641781,3.41962388],[-76.56418149,3.41963225],[-76.56418492,3.41964061],[-76.56418838,3.41964896],[-76.56419236,3.41966473],[-76.56419479,3.41967344],[-76.56419737,3.4196821],[-76.56422585,3.41973031],[-76.56424909,3.41976571],[-76.56427157,3.41979885],[-76.56427907,3.41984103],[-76.56427906,3.41988773],[-76.56428602,3.41990021],[-76.56429086,3.41990783],[-76.56429604,3.41991523],[-76.56430155,3.41992238],[-76.56431086,3.41992676],[-76.56431901,3.41993058],[-76.56432718,3.41993439],[-76.56433535,3.41993818],[-76.56434352,3.41994196],[-76.56435835,3.41994942],[-76.5643664,3.41995346],[-76.56437445,3.4199575],[-76.5643825,3.41996155],[-76.56438669,3.41996983],[-76.56439053,3.41997801],[-76.56439413,3.4199863],[-76.56439749,3.41999469],[-76.56439149,3.42002181],[-76.5643705,3.42005947],[-76.56434427,3.42009487],[-76.56432178,3.42013554],[-76.5642888,3.4201973],[-76.56426481,3.42024099],[-76.56423933,3.42028317],[-76.56420935,3.42032233],[-76.56419863,3.42032881],[-76.5641917,3.42033458],[-76.56418555,3.42034116],[-76.56418026,3.42034848],[-76.56417593,3.42035639],[-76.56417261,3.4203648],[-76.56417037,3.42037355],[-76.56416869,3.42039127],[-76.56417055,3.4204001],[-76.56417416,3.42040837],[-76.56417936,3.42041573],[-76.56420785,3.42043381],[-76.56424382,3.42045339],[-76.56428879,3.42046695],[-76.56433076,3.42049557],[-76.56438023,3.42052118],[-76.5644357,3.42054981],[-76.56446415,3.42056953],[-76.56450884,3.42051339],[-76.56451221,3.42046263],[-76.56454757,3.42038818],[-76.5645863,3.4203408],[-76.56465702,3.42028665],[-76.5647109,3.42027312],[-76.56479004,3.42025958],[-76.56485571,3.42024943],[-76.56492474,3.42023421],[-76.56500893,3.42021052],[-76.56506113,3.42020544],[-76.56508891,3.42016907],[-76.56518994,3.42016738],[-76.56523877,3.42017415],[-76.56527918,3.42017922],[-76.56529158,3.42018247],[-76.56530018,3.42018513],[-76.56530868,3.42018809],[-76.56531707,3.42019136],[-76.56532534,3.42019492],[-76.56533348,3.42019877],[-76.56534148,3.42020291],[-76.56535274,3.42020711],[-76.56536132,3.42020984],[-76.56537,3.42021222],[-76.56537877,3.42021425],[-76.56538761,3.42021591],[-76.56539652,3.42021721],[-76.56540547,3.42021814],[-76.56541602,3.42021841],[-76.56542502,3.42021818],[-76.56543399,3.42021752],[-76.56544293,3.42021645],[-76.5654518,3.42021495],[-76.56546059,3.42021304],[-76.56546929,3.42021072],[-76.56547787,3.42020799],[-76.56553175,3.42019277],[-76.56556374,3.42017923],[-76.56561426,3.42013693],[-76.56569172,3.42006079],[-76.56581043,3.41994996],[-76.56592324,3.41984505],[-76.56606132,3.41978245],[-76.5662398,3.41968939],[-76.56622172,3.41963083],[-76.56624296,3.41969215],[-76.56631066,3.41988752],[-76.56644599,3.42019495],[-76.56650189,3.42034866],[-76.56650779,3.42066497],[-76.5665931,3.42088667],[-76.56664879,3.42095941],[-76.56670692,3.42107623],[-76.56672181,3.42113775],[-76.56672181,3.42120759],[-76.5666788,3.4212741],[-76.56661261,3.42134893],[-76.56659772,3.42142376],[-76.56660104,3.42148695],[-76.56662374,3.42153485],[-76.5666762,3.42159304],[-76.56674709,3.42166175],[-76.56645715,3.42205548],[-76.56642126,3.42206114],[-76.56632204,3.42209592],[-76.5661963,3.42215737],[-76.56605198,3.42223833],[-76.56598403,3.42229187],[-76.5659102,3.42237534],[-76.56586059,3.4224565],[-76.56581906,3.42257128],[-76.56578677,3.42267446],[-76.56577062,3.42277069],[-76.56576832,3.42284373],[-76.5657787,3.42291213],[-76.56578339,3.42297047],[-76.56572458,3.42305033],[-76.56570487,3.42305125],[-76.56561604,3.4230501],[-76.56550067,3.42303851],[-76.56540261,3.42302924],[-76.56531147,3.4230107],[-76.56525494,3.42306403],[-76.56519726,3.42305128],[-76.56511419,3.42301882],[-76.56501036,3.42299564],[-76.56494691,3.42299912],[-76.56489845,3.42302926],[-76.56485279,3.42305591],[-76.5648523,3.42305721],[-76.56474409,3.42315145],[-76.56438704,3.42354565],[-76.56437424,3.4235835],[-76.56435957,3.42362792],[-76.56435464,3.42368169],[-76.56436501,3.4237534],[-76.56437883,3.42379651],[-76.56438424,3.42380839],[-76.56438491,3.42382656],[-76.56439672,3.42387217],[-76.5644063,3.42390814],[-76.5644212,3.42394199],[-76.56443618,3.42396613],[-76.5644609,3.42400438],[-76.56448334,3.42404274],[-76.56450455,3.42407963],[-76.56448881,3.42407354],[-76.56445459,3.42404978],[-76.56443114,3.42403403],[-76.56441688,3.42402602],[-76.56438117,3.42400639],[-76.56435929,3.42399221],[-76.56433828,3.42397559],[-76.56431772,3.42396794],[-76.56428915,3.42396525],[-76.56427461,3.42396976],[-76.56424234,3.42398212],[-76.56423758,3.42396768],[-76.56421434,3.42395844],[-76.56418669,3.42395797],[-76.56414978,3.42395684],[-76.56410981,3.42395874],[-76.56408696,3.42396586],[-76.56406172,3.42397274],[-76.56403204,3.42398702],[-76.56401012,3.42400121],[-76.56397681,3.42400448],[-76.56392731,3.42403622],[-76.56390257,3.42405495],[-76.56386904,3.42408213],[-76.56385033,3.42409439],[-76.56383663,3.42410481],[-76.56383515,3.42410499],[-76.56381264,3.42412306],[-76.56379497,3.42413567],[-76.56378038,3.42414734],[-76.56375783,3.42416568],[-76.56373607,3.42418181],[-76.56371403,3.42420836],[-76.5637001,3.42423589],[-76.56368663,3.42427072],[-76.56367951,3.42430437],[-76.56367669,3.42434033],[-76.56367118,3.42436026],[-76.56366715,3.42435881],[-76.56366471,3.42435461],[-76.56366431,3.42434504],[-76.56366283,3.42433613],[-76.56366031,3.42432745],[-76.56365677,3.42431914],[-76.56365227,3.42431132],[-76.56364687,3.42430409],[-76.56363823,3.42429125],[-76.56363327,3.4242837],[-76.56362837,3.42427612],[-76.56362353,3.42426849],[-76.56361875,3.42426083],[-76.56361404,3.42425312],[-76.56360939,3.42424538],[-76.5636048,3.4242376],[-76.56360028,3.42422978],[-76.56359582,3.42422193],[-76.56359142,3.42421404],[-76.56358708,3.42420611],[-76.56358281,3.42419815],[-76.56354552,3.42412318],[-76.56353092,3.42407103],[-76.56351795,3.42399932]]]]},"geometry_name":"the_geom","properties":{"bpcodigo":"2099","bpnombre":"La Sultana","bpcomuna":20,"bpestramod":1,"bpupu":8,"bpobserv":null,"bparea":11.9308277005,"bpperim":1966.04557418}},{"type":"Feature","id":"pmih_barrios_precarios.31","geometry":{"type":"MultiPolygon","coordinates":[[[[-76.55966899,3.42444821],[-76.55966408,3.42444063],[-76.55967446,3.42445108],[-76.55970523,3.42450466],[-76.55972164,3.42455207],[-76.55971959,3.42460978],[-76.55971389,3.42463367],[-76.55971211,3.42463621],[-76.55970529,3.42454028],[-76.55970339,3.42453133],[-76.55970121,3.42452255],[-76.55969875,3.42451386],[-76.55969599,3.42450525],[-76.55969296,3.42449673],[-76.55968964,3.42448833],[-76.55968605,3.42448004],[-76.55968218,3.42447187],[-76.55967805,3.42446384],[-76.55967365,3.42445595],[-76.55966899,3.42444821]]],[[[-76.5612817,3.42476922],[-76.56125867,3.42476663],[-76.56124181,3.42475822],[-76.56124155,3.42473007],[-76.56124632,3.42469859],[-76.5612527,3.42465484],[-76.56125177,3.4246256],[-76.56124724,3.42460315],[-76.56124511,3.42458002],[-76.56124469,3.42455774],[-76.56124423,3.42453336],[-76.56124386,3.42451714],[-76.56124315,3.42447181],[-76.56124284,3.42445881],[-76.56123319,3.42443501],[-76.56122549,3.42442807],[-76.56122456,3.424413],[-76.56123332,3.42438978],[-76.56123094,3.42437082],[-76.56122734,3.42434937],[-76.56122307,3.42432358],[-76.56122449,3.42430571],[-76.5612422,3.42429885],[-76.56126118,3.4242938],[-76.56124864,3.42423209],[-76.56119326,3.42409142],[-76.56113173,3.42398167],[-76.56109634,3.4239353],[-76.56105481,3.42390284],[-76.56100712,3.42387656],[-76.56094713,3.42386884],[-76.56090378,3.42386666],[-76.56089839,3.42386845],[-76.56086471,3.42387846],[-76.56083263,3.42388324],[-76.56077379,3.42388933],[-76.56073479,3.4238863],[-76.56062404,3.42388012],[-76.56054405,3.42384509],[-76.5604456,3.4237915],[-76.56036971,3.42372968],[-76.56025507,3.42366459],[-76.56015846,3.42362251],[-76.5600436,3.42361839],[-76.55997797,3.42363488],[-76.5599226,3.42366374],[-76.55985492,3.4237029],[-76.55978724,3.42378535],[-76.5597011,3.42388634],[-76.55963342,3.42396261],[-76.55956164,3.42403887],[-76.55948166,3.42409452],[-76.55938936,3.42413781],[-76.55940988,3.42418521],[-76.55949397,3.42427383],[-76.55959047,3.42436699],[-76.5595876,3.42436505],[-76.5594699,3.42426429],[-76.5593958,3.42418543],[-76.55933913,3.42415477],[-76.55915168,3.42415038],[-76.55899475,3.42414161],[-76.55885525,3.4240978],[-76.55868088,3.42401456],[-76.55867107,3.42400943],[-76.55866308,3.42400526],[-76.5586551,3.4240011],[-76.55864711,3.42399694],[-76.55863911,3.42399278],[-76.55863112,3.42398863],[-76.55862312,3.42398449],[-76.55861512,3.42398034],[-76.55860712,3.42397621],[-76.55859911,3.42397208],[-76.5585911,3.42396795],[-76.55858309,3.42396383],[-76.55857508,3.42395971],[-76.55856707,3.4239556],[-76.55855905,3.42395149],[-76.55855103,3.42394739],[-76.55854301,3.42394329],[-76.55853498,3.4239392],[-76.55852695,3.42393511],[-76.55851892,3.42393103],[-76.55851089,3.42392695],[-76.55850286,3.42392288],[-76.55849482,3.42391881],[-76.55848678,3.42391475],[-76.55847874,3.42391069],[-76.5584707,3.42390663],[-76.55846265,3.42390258],[-76.5584546,3.42389854],[-76.55844655,3.4238945],[-76.55843849,3.42389046],[-76.55843044,3.42388643],[-76.55842238,3.42388241],[-76.55841432,3.42387839],[-76.55840626,3.42387437],[-76.55829728,3.42374733],[-76.55819886,3.42364403],[-76.55832331,3.42355189],[-76.55833231,3.42354284],[-76.5584853,3.42346146],[-76.55858429,3.4234072],[-76.55865629,3.42336199],[-76.55869228,3.4233439],[-76.55871028,3.42332582],[-76.55877328,3.4232806],[-76.55882727,3.42323539],[-76.55888127,3.42319017],[-76.55893527,3.42314495],[-76.55901626,3.42308165],[-76.55906126,3.42305452],[-76.55908825,3.42303644],[-76.55915125,3.42300931],[-76.55925924,3.4229641],[-76.55928624,3.42292792],[-76.55930424,3.42290984],[-76.55932224,3.42288271],[-76.55933124,3.42285558],[-76.55935824,3.42281941],[-76.55942123,3.42270184],[-76.55946623,3.4226295],[-76.55951123,3.4225662],[-76.55955623,3.42246672],[-76.55959223,3.42239437],[-76.55961922,3.42233107],[-76.55964622,3.42228585],[-76.55967322,3.42224968],[-76.55969122,3.42222255],[-76.55970922,3.42218638],[-76.55972722,3.42216829],[-76.55977222,3.42213212],[-76.55980821,3.42210499],[-76.55983521,3.42208691],[-76.55986221,3.42207786],[-76.5598892,3.42205978],[-76.5599162,3.42204169],[-76.5599342,3.42201456],[-76.5599612,3.42198743],[-76.5599702,3.42196934],[-76.5600242,3.42190604],[-76.55996017,3.42188191],[-76.5601052,3.42146292],[-76.55968666,3.4213451],[-76.55971046,3.42126311],[-76.55976826,3.42108204],[-76.55981247,3.42091805],[-76.55980825,3.42080409],[-76.55980825,3.42080274],[-76.55978126,3.42075752],[-76.55978126,3.42074848],[-76.55977226,3.42073039],[-76.55975426,3.42071231],[-76.55974526,3.42069422],[-76.55973626,3.42068517],[-76.55972726,3.42067613],[-76.55972726,3.42066709],[-76.55971827,3.42065804],[-76.55971827,3.420649],[-76.55970927,3.42063091],[-76.55970027,3.42062187],[-76.55970027,3.42061283],[-76.55969127,3.42060378],[-76.55969127,3.4205857],[-76.55968227,3.42056761],[-76.55968227,3.42055857],[-76.55968227,3.42054048],[-76.55969127,3.42053144],[-76.55969127,3.42052239],[-76.55970027,3.42051335],[-76.55970927,3.42051335],[-76.55970927,3.42050431],[-76.55971827,3.42049526],[-76.55972727,3.42048622],[-76.55973627,3.42047718],[-76.55974527,3.42046813],[-76.55975427,3.42045909],[-76.55975427,3.42045005],[-76.55976327,3.42045005],[-76.55977227,3.420441],[-76.55978127,3.420441],[-76.55979027,3.420441],[-76.55979926,3.42043196],[-76.55980826,3.42043196],[-76.55981726,3.42042292],[-76.55982626,3.42041388],[-76.55983526,3.42040483],[-76.55984426,3.42040483],[-76.55985326,3.42039579],[-76.55987126,3.4203777],[-76.55988026,3.42036866],[-76.55989826,3.42035962],[-76.55990726,3.42035962],[-76.55990725,3.42035057],[-76.55991625,3.42035057],[-76.55992525,3.42034153],[-76.55993425,3.42033249],[-76.55994325,3.42033249],[-76.56002425,3.42026014],[-76.56003324,3.4202511],[-76.56007824,3.42016067],[-76.56012324,3.42006119],[-76.56016824,3.41996172],[-76.56017724,3.41993459],[-76.56022224,3.41984415],[-76.56024924,3.41979894],[-76.56028524,3.41974468],[-76.56030323,3.41969946],[-76.56031223,3.41967233],[-76.56033023,3.4196452],[-76.56033923,3.41960903],[-76.56034823,3.4195819],[-76.56035723,3.41952764],[-76.56036623,3.41946434],[-76.56037524,3.41941008],[-76.56038424,3.41934677],[-76.56039324,3.41930156],[-76.56038424,3.41927443],[-76.56035725,3.41914782],[-76.56034825,3.41911164],[-76.56032125,3.41904834],[-76.56031225,3.41903025],[-76.56030326,3.41896695],[-76.56029426,3.41891269],[-76.56027626,3.41885842],[-76.56025827,3.41876799],[-76.56023127,3.41869564],[-76.56021219,3.41864283],[-76.56020053,3.41855689],[-76.56014223,3.41828345],[-76.56010336,3.41810766],[-76.56006449,3.41793578],[-76.56006031,3.41786364],[-76.56008731,3.41780938],[-76.56009631,3.41777321],[-76.56010531,3.41770991],[-76.56011432,3.41763756],[-76.56013232,3.41749287],[-76.56013232,3.41745669],[-76.56013232,3.41742052],[-76.56014132,3.41732104],[-76.56023133,3.41677844],[-76.56024526,3.41666651],[-76.56031814,3.41673614],[-76.5603849,3.41679161],[-76.56041428,3.41681219],[-76.56043209,3.41679966],[-76.56046236,3.41678088],[-76.56048728,3.41676119],[-76.5604944,3.41675566],[-76.56050117,3.41674971],[-76.56050758,3.41674336],[-76.56051359,3.41673663],[-76.56051918,3.41672955],[-76.56052735,3.41671736],[-76.56053131,3.41670925],[-76.5605344,3.41670076],[-76.56053658,3.41669199],[-76.56053781,3.41668303],[-76.5605381,3.416674],[-76.56053742,3.41666498],[-76.56053447,3.41665115],[-76.5605386,3.41664696],[-76.56055391,3.41666079],[-76.56056071,3.41666671],[-76.5605676,3.41667252],[-76.5605746,3.41667821],[-76.56058169,3.41668378],[-76.56058888,3.41668922],[-76.56059616,3.41669454],[-76.56060353,3.41669973],[-76.56061099,3.41670479],[-76.56061853,3.41670972],[-76.56062616,3.41671452],[-76.56063386,3.41671919],[-76.56064165,3.41672372],[-76.56065232,3.41672964],[-76.56065926,3.4167354],[-76.56066608,3.4167413],[-76.56067278,3.41674734],[-76.56067937,3.4167535],[-76.56068583,3.4167598],[-76.56069217,3.41676621],[-76.56069838,3.41677276],[-76.56070446,3.41677943],[-76.56071041,3.41678621],[-76.56071622,3.41679311],[-76.5607219,3.41680013],[-76.56073258,3.41681414],[-76.56073605,3.41682249],[-76.56073956,3.41683082],[-76.56074312,3.41683912],[-76.56074671,3.41684741],[-76.56075035,3.41685568],[-76.56075404,3.41686393],[-76.56075777,3.41687217],[-76.56076154,3.41688038],[-76.56076535,3.41688857],[-76.56076921,3.41689674],[-76.56077311,3.41690489],[-76.56077705,3.41691302],[-76.56078227,3.41692361],[-76.56078806,3.41693053],[-76.56079409,3.41693725],[-76.56080034,3.41694375],[-76.56080682,3.41695003],[-76.5608135,3.41695608],[-76.56082039,3.4169619],[-76.56082747,3.41696748],[-76.56083578,3.41697355],[-76.56084301,3.41697892],[-76.56085067,3.41698366],[-76.56085683,3.41698677],[-76.5609408,3.41700436],[-76.56098277,3.41700285],[-76.56104123,3.41699683],[-76.5610967,3.41699833],[-76.56116415,3.41700738],[-76.56119563,3.41702395],[-76.56123161,3.41705106],[-76.56127808,3.41708421],[-76.5613118,3.4171181],[-76.56132979,3.41713467],[-76.56135827,3.41716028],[-76.56139275,3.41717836],[-76.56143172,3.41719192],[-76.5614647,3.41721452],[-76.56148719,3.41724163],[-76.56151867,3.41728532],[-76.56155314,3.41733503],[-76.56159062,3.41738173],[-76.56162659,3.41742542],[-76.56167606,3.41747363],[-76.56168279,3.4174809],[-76.56168928,3.41748717],[-76.56169609,3.41749308],[-76.56170319,3.41749863],[-76.56171058,3.41750379],[-76.56171823,3.41750855],[-76.56172612,3.41751289],[-76.56173423,3.41751682],[-76.56174253,3.4175203],[-76.56175101,3.41752334],[-76.56182821,3.41756326],[-76.56188067,3.4175949],[-76.56193314,3.41762654],[-76.56197061,3.41765064],[-76.5619886,3.41765817],[-76.56203207,3.41767022],[-76.56207105,3.41768378],[-76.56210702,3.41768228],[-76.5621505,3.41767173],[-76.56218947,3.41764462],[-76.56220596,3.41762805],[-76.56222095,3.41760696],[-76.56224944,3.41758437],[-76.56226443,3.41755574],[-76.56228092,3.4175226],[-76.5623034,3.41750151],[-76.56232439,3.41748796],[-76.56236336,3.41748043],[-76.56238435,3.41747892],[-76.56241433,3.41748645],[-76.56244731,3.417497],[-76.56245802,3.41750185],[-76.56246615,3.41750572],[-76.56247422,3.41750973],[-76.56248221,3.41751388],[-76.56249014,3.41751816],[-76.56249799,3.41752258],[-76.56250577,3.41752713],[-76.56251924,3.41753798],[-76.56252562,3.41754435],[-76.56253152,3.41755118],[-76.56253691,3.41755842],[-76.56254175,3.41756604],[-76.56254603,3.41757399],[-76.56254971,3.41758224],[-76.56255279,3.41759074],[-76.56255524,3.41759944],[-76.56255807,3.41761399],[-76.56256017,3.41762278],[-76.56256255,3.41763151],[-76.5625652,3.41764015],[-76.56256812,3.4176487],[-76.56257132,3.41765715],[-76.56257478,3.4176655],[-76.5625785,3.41767373],[-76.56258248,3.41768185],[-76.56258671,3.41768982],[-76.56259389,3.41770365],[-76.56259841,3.41771147],[-76.56260319,3.41771914],[-76.56260821,3.41772664],[-76.56261349,3.41773396],[-76.562619,3.41774111],[-76.56262475,3.41774807],[-76.56263073,3.41775483],[-76.56263693,3.41776138],[-76.5626759,3.4178126],[-76.56273137,3.41786382],[-76.56281306,3.41795647],[-76.56288052,3.41803028],[-76.56294647,3.41810711],[-76.56297345,3.41813875],[-76.56299744,3.41815833],[-76.56304241,3.41817942],[-76.56307688,3.41820202],[-76.56311736,3.41822914],[-76.56314959,3.41827207],[-76.56317357,3.41831124],[-76.56319156,3.41835342],[-76.56321554,3.41840012],[-76.56322453,3.41843326],[-76.56323353,3.41848448],[-76.56323203,3.41852967],[-76.56324102,3.41856733],[-76.56325451,3.41859294],[-76.56327999,3.41862006],[-76.56330547,3.41864868],[-76.56333695,3.41867429],[-76.56336693,3.41871044],[-76.56339391,3.41873756],[-76.56342839,3.41876166],[-76.56348535,3.41877221],[-76.56353782,3.41877824],[-76.56367198,3.41877749],[-76.56371845,3.41877749],[-76.56374993,3.41878201],[-76.56376942,3.41878653],[-76.56379191,3.41879255],[-76.56381739,3.41880611],[-76.56382758,3.41881671],[-76.56383258,3.41882422],[-76.56383652,3.41883234],[-76.56383933,3.41884092],[-76.56384096,3.41884981],[-76.56384137,3.41885884],[-76.56385187,3.41888595],[-76.56386236,3.41892361],[-76.56387135,3.41895525],[-76.5638758,3.41896681],[-76.5638806,3.41897445],[-76.56388656,3.41898121],[-76.56389353,3.41898691],[-76.56390133,3.4189914],[-76.56392981,3.41900647],[-76.56396129,3.41902153],[-76.56397628,3.41904112],[-76.56399727,3.41907727],[-76.56400626,3.41910439],[-76.56401525,3.41913904],[-76.56403624,3.41918724],[-76.56404523,3.41924901],[-76.56404898,3.41930098],[-76.56404997,3.41931688],[-76.56405148,3.4193258],[-76.56405365,3.41933457],[-76.56405647,3.41934316],[-76.56406846,3.41936726],[-76.56406968,3.41936927],[-76.56406241,3.41937658],[-76.56405605,3.41938297],[-76.56404968,3.41938937],[-76.56404332,3.41939576],[-76.56403696,3.41940215],[-76.56403059,3.41940855],[-76.56402423,3.41941494],[-76.56401787,3.41942134],[-76.5640115,3.41942773],[-76.56400514,3.41943413],[-76.56399878,3.41944052],[-76.56399241,3.41944692],[-76.56398605,3.41945331],[-76.56397626,3.41946315],[-76.56397196,3.41947109],[-76.5639676,3.419479],[-76.56396319,3.41948689],[-76.56395873,3.41949474],[-76.56395421,3.41950256],[-76.56394963,3.41951034],[-76.563945,3.4195181],[-76.56394032,3.41952582],[-76.56393558,3.41953351],[-76.56393079,3.41954116],[-76.56392594,3.41954878],[-76.56392104,3.41955637],[-76.56391609,3.41956392],[-76.56391109,3.41957144],[-76.56390322,3.41958302],[-76.5638521,3.41962706],[-76.56379854,3.419698],[-76.56376689,3.4197347],[-76.56373524,3.41979831],[-76.56371576,3.41981298],[-76.56370116,3.41983011],[-76.56374011,3.41987904],[-76.56374662,3.41988527],[-76.56375371,3.41989084],[-76.56376131,3.41989568],[-76.56376934,3.41989975],[-76.56377773,3.41990302],[-76.56378879,3.41990595],[-76.56379292,3.41991399],[-76.5637972,3.41992195],[-76.56380163,3.41992982],[-76.56380621,3.4199376],[-76.56381095,3.41994529],[-76.56382044,3.41995978],[-76.56382505,3.41996754],[-76.56383017,3.41997497],[-76.56383579,3.41998204],[-76.56384188,3.4199887],[-76.5638484,3.41999492],[-76.56385533,3.42000069],[-76.56386264,3.42000596],[-76.56387029,3.42001072],[-76.56388617,3.42001849],[-76.56388803,3.42002734],[-76.56388963,3.42003624],[-76.56389096,3.42004518],[-76.56389203,3.42005416],[-76.56389283,3.42006317],[-76.56389337,3.4200722],[-76.56389364,3.42008124],[-76.56389347,3.42009678],[-76.56388617,3.42014082],[-76.56386913,3.42017507],[-76.56385452,3.42021176],[-76.56385208,3.42025825],[-76.56384234,3.42029005],[-76.56381313,3.42031451],[-76.56378148,3.42034876],[-76.56372548,3.42040258],[-76.56367193,3.42044662],[-76.56364636,3.42046986],[-76.56360984,3.42052857],[-76.56359767,3.42057261],[-76.56355385,3.42065334],[-76.56350029,3.42076833],[-76.56345403,3.42086863],[-76.56342238,3.42094447],[-76.56341751,3.42100808],[-76.56341994,3.42107903],[-76.5634808,3.42116465],[-76.56352462,3.42123071],[-76.56355261,3.42132735],[-76.56349418,3.42145945],[-76.56346009,3.42159646],[-76.56342601,3.42178728],[-76.56333836,3.42192917],[-76.56329454,3.42206617],[-76.56325071,3.42219339],[-76.56319228,3.42233528],[-76.56318741,3.42238911],[-76.56321175,3.42249186],[-76.56322149,3.42251143],[-76.56323286,3.42255732],[-76.56323215,3.42256601],[-76.56323234,3.42257505],[-76.56323311,3.42258406],[-76.56323447,3.422593],[-76.5632364,3.42260183],[-76.56323891,3.42261051],[-76.56324197,3.42261901],[-76.56324877,3.42263358],[-76.56325021,3.42264249],[-76.56325315,3.42265103],[-76.56325751,3.42265893],[-76.56326316,3.42266596],[-76.56327634,3.42267595],[-76.56328505,3.4226782],[-76.56329398,3.42267931],[-76.56330391,3.42267921],[-76.56331284,3.42267968],[-76.56332095,3.42268349],[-76.56332824,3.42269225],[-76.56335256,3.42272159],[-76.56335714,3.42272938],[-76.56336145,3.42273731],[-76.56336551,3.42274538],[-76.5633693,3.42275358],[-76.56337282,3.42276191],[-76.56337607,3.42277034],[-76.56337904,3.42277887],[-76.56338337,3.4227933],[-76.56339959,3.4228373],[-76.56341581,3.42287805],[-76.56344986,3.42294161],[-76.5634904,3.42301006],[-76.56350824,3.42305243],[-76.56351313,3.42306002],[-76.56351715,3.42306811],[-76.56352024,3.4230766],[-76.56352284,3.42308829],[-76.56352765,3.42309593],[-76.56353176,3.42310397],[-76.56353513,3.42311235],[-76.56353774,3.423121],[-76.56353956,3.42312986],[-76.56354068,3.42314044],[-76.56354176,3.42314942],[-76.56354286,3.42315839],[-76.563544,3.42316737],[-76.56354515,3.42317633],[-76.56354633,3.4231853],[-76.56354753,3.42319426],[-76.56354876,3.42320322],[-76.56355002,3.42321218],[-76.56355129,3.42322113],[-76.56355284,3.42323171],[-76.56355401,3.42324067],[-76.56355493,3.42324967],[-76.5635556,3.42325869],[-76.56355603,3.42326772],[-76.56355622,3.42327676],[-76.56355608,3.42328875],[-76.56355974,3.42329701],[-76.56356353,3.42330521],[-76.56356745,3.42331335],[-76.5635715,3.42332143],[-76.56357568,3.42332944],[-76.56357998,3.42333738],[-76.56358851,3.42335231],[-76.56358909,3.42336133],[-76.56358962,3.42337036],[-76.5635901,3.42337939],[-76.56359053,3.42338843],[-76.56359091,3.42339746],[-76.56359123,3.4234065],[-76.56359151,3.42341554],[-76.56359175,3.42342565],[-76.56359056,3.42343461],[-76.56358937,3.42344358],[-76.56358819,3.42345254],[-76.56358702,3.42346151],[-76.56358586,3.42347048],[-76.56358471,3.42347945],[-76.56358356,3.42348842],[-76.56358202,3.42350062],[-76.56358203,3.42350966],[-76.56358189,3.4235187],[-76.56358159,3.42352774],[-76.56358113,3.42353677],[-76.56358051,3.4235458],[-76.56357974,3.42355481],[-76.56357882,3.4235638],[-76.56357774,3.42357278],[-76.5635765,3.42358174],[-76.56357512,3.42359067],[-76.56357357,3.42359958],[-76.56357188,3.42360846],[-76.56357003,3.42361731],[-76.56356803,3.42362613],[-76.56356587,3.42363491],[-76.56356256,3.4236473],[-76.56354877,3.42370271],[-76.56353255,3.42376627],[-76.56352444,3.42382005],[-76.56351633,3.42386568],[-76.56351633,3.4239162],[-76.56351633,3.42392598],[-76.56351795,3.42399932],[-76.56353092,3.42407103],[-76.56354552,3.42412318],[-76.56358281,3.42419815],[-76.56358708,3.42420611],[-76.56359142,3.42421404],[-76.56359582,3.42422193],[-76.56360028,3.42422978],[-76.5636048,3.4242376],[-76.56360939,3.42424538],[-76.56361404,3.42425312],[-76.56361875,3.42426083],[-76.56362353,3.42426849],[-76.56362837,3.42427612],[-76.56363327,3.4242837],[-76.56363823,3.42429125],[-76.56364687,3.42430409],[-76.56365227,3.42431132],[-76.56365677,3.42431914],[-76.56366031,3.42432745],[-76.56366283,3.42433613],[-76.56366431,3.42434504],[-76.56366471,3.42435461],[-76.56366715,3.42435881],[-76.5636647,3.42435793],[-76.56365295,3.42435369],[-76.56362308,3.42435648],[-76.56359817,3.42434631],[-76.56357436,3.42433284],[-76.56354456,3.4243106],[-76.56352295,3.42428964],[-76.56349078,3.42427784],[-76.56346815,3.42427652],[-76.56344646,3.4242846],[-76.56341681,3.42430993],[-76.56336619,3.42434949],[-76.56332219,3.4243717],[-76.56327191,3.42439447],[-76.56324345,3.42439719],[-76.56320488,3.42439574],[-76.56316059,3.42438565],[-76.56312343,3.42437363],[-76.56308771,3.42435625],[-76.56307172,3.42431807],[-76.56306942,3.42429343],[-76.56305734,3.42426574],[-76.563024,3.42425246],[-76.56300019,3.42424726],[-76.56294913,3.42423464],[-76.56291093,3.42423289],[-76.56291058,3.42424682],[-76.56291106,3.42426869],[-76.56289758,3.42427508],[-76.56287266,3.42428578],[-76.5628556,3.42429725],[-76.56283449,3.42431603],[-76.56281114,3.42434179],[-76.56279268,3.42436884],[-76.56277653,3.42440055],[-76.56276123,3.42443614],[-76.56274935,3.42446464],[-76.56273971,3.4244892],[-76.56272993,3.42450938],[-76.56271415,3.42453857],[-76.56269225,3.42456534],[-76.5626713,3.42458637],[-76.56265017,3.42460619],[-76.56262488,3.42462439],[-76.56259577,3.42464908],[-76.56255938,3.42467006],[-76.56252923,3.42468318],[-76.56250668,3.42469323],[-76.56247428,3.42471327],[-76.56247801,3.42473704],[-76.56247219,3.42475398],[-76.56245119,3.42476189],[-76.56242695,3.42476947],[-76.56240168,3.42478533],[-76.56238653,3.42480954],[-76.56237249,3.42483199],[-76.56235764,3.42482015],[-76.56233572,3.42480611],[-76.56230392,3.42479236],[-76.56227485,3.42477835],[-76.56226047,3.4247723],[-76.56223902,3.42476839],[-76.56220388,3.42478409],[-76.56217944,3.42480652],[-76.56216631,3.42483179],[-76.56216095,3.42484429],[-76.56216101,3.42489792],[-76.56215897,3.42494686],[-76.56215616,3.4249943],[-76.56215723,3.42503148],[-76.56215646,3.4250896],[-76.5621531,3.42511798],[-76.56197938,3.42504091],[-76.56132763,3.42502667],[-76.56132719,3.42501583],[-76.56132732,3.42495338],[-76.56132693,3.4249164],[-76.56132617,3.42489339],[-76.5613142,3.42485156],[-76.56129925,3.42481991],[-76.56129609,3.42479708],[-76.56129332,3.4247815],[-76.5612817,3.42476922]]]]},"geometry_name":"the_geom","properties":{"bpcodigo":"2004","bpnombre":"Lleras Camargo","bpcomuna":20,"bpestramod":1,"bpupu":8,"bpobserv":null,"bparea":32.2050989313,"bpperim":3156.70663702}},{"type":"Feature","id":"pmih_barrios_precarios.34","geometry":{"type":"MultiPolygon","coordinates":[[[[-76.49105463,3.42580818],[-76.49101864,3.425772],[-76.49083867,3.42560016],[-76.49063171,3.42541927],[-76.49042475,3.42523838],[-76.49028977,3.4251208],[-76.49007381,3.42492183],[-76.49002882,3.42488565],[-76.48968689,3.42459622],[-76.48956991,3.42450578],[-76.48920097,3.42418018],[-76.48906663,3.42407215],[-76.48906622,3.42406588],[-76.48921902,3.42381302],[-76.48933603,3.42365025],[-76.48942603,3.42354174],[-76.48951603,3.42343323],[-76.48959703,3.42335185],[-76.48964203,3.42330664],[-76.48981303,3.42313483],[-76.48989403,3.42307153],[-76.49008303,3.42289973],[-76.49021803,3.42278218],[-76.49035303,3.42266463],[-76.49059603,3.42243857],[-76.49077603,3.42226676],[-76.49085703,3.42218538],[-76.49103703,3.42201357],[-76.49113019,3.42191551],[-76.491253,3.42203168],[-76.49170027,3.42240373],[-76.49181991,3.42234826],[-76.49184691,3.42233017],[-76.49197291,3.42225784],[-76.4920989,3.42219455],[-76.4921799,3.42215838],[-76.49231489,3.42209509],[-76.49239682,3.42200529],[-76.49258486,3.42213129],[-76.49262086,3.42214034],[-76.49266585,3.42217652],[-76.49272884,3.42223079],[-76.49276483,3.42225792],[-76.49300779,3.42246594],[-76.49305278,3.42250212],[-76.49316976,3.42260161],[-76.49331373,3.42273728],[-76.4934847,3.42289103],[-76.49351169,3.42290912],[-76.49355668,3.4229453],[-76.49357468,3.42293626],[-76.49362868,3.42290913],[-76.49369167,3.42289105],[-76.49379967,3.42286393],[-76.49410735,3.42279277],[-76.49433972,3.42277483],[-76.49455422,3.42278833],[-76.49466564,3.42281969],[-76.49461502,3.42343391],[-76.49461532,3.42343405],[-76.49461503,3.42343753],[-76.49464553,3.42345184],[-76.4948255,3.42356038],[-76.49487949,3.42362369],[-76.49505046,3.42375031],[-76.49507745,3.42377744],[-76.49529342,3.42394025],[-76.49533841,3.42398547],[-76.49569723,3.42424695],[-76.49559934,3.42436169],[-76.49549213,3.42447967],[-76.49549434,3.42448086],[-76.49549213,3.42448329],[-76.49562632,3.42455523],[-76.49595927,3.42474517],[-76.49630468,3.4248951],[-76.49620221,3.42505809],[-76.49619321,3.42507618],[-76.4961302,3.42522087],[-76.4960222,3.42533842],[-76.4959592,3.42542885],[-76.4959142,3.42548311],[-76.4959052,3.42549215],[-76.4956391,3.42583154],[-76.49564077,3.42583303],[-76.4956391,3.42583516],[-76.49591415,3.42608046],[-76.49621004,3.42634218],[-76.49654984,3.42671476],[-76.49668098,3.42686475],[-76.49686929,3.42708012],[-76.49691936,3.42713739],[-76.49682221,3.42711341],[-76.49666966,3.42708411],[-76.49657024,3.42708065],[-76.49646568,3.42709098],[-76.49637654,3.42712714],[-76.49626855,3.42718398],[-76.49621884,3.42721498],[-76.49615712,3.42728732],[-76.49604741,3.42740961],[-76.49584341,3.42758701],[-76.49566513,3.42774202],[-76.49563779,3.42776949],[-76.49562812,3.42776246],[-76.49535411,3.42795173],[-76.49512719,3.4281453],[-76.49492073,3.42830573],[-76.49480528,3.42839148],[-76.49437441,3.42871152],[-76.49423093,3.42856117],[-76.49295328,3.42745427],[-76.49289929,3.42740905],[-76.49282731,3.4273367],[-76.49275532,3.42727339],[-76.49268333,3.42721007],[-76.49253036,3.42708345],[-76.49235939,3.42694778],[-76.4923234,3.42691161],[-76.49228741,3.42687543],[-76.49220642,3.42681212],[-76.49217043,3.42677594],[-76.49213443,3.42673072],[-76.49211644,3.42670359],[-76.49204445,3.42664932],[-76.49199046,3.4266041],[-76.49190947,3.42654078],[-76.49183748,3.42649556],[-76.4917655,3.42642321],[-76.49171151,3.42636894],[-76.49162153,3.4262785],[-76.49154054,3.42623327],[-76.49143256,3.42612474],[-76.49138757,3.42608856],[-76.49135158,3.42606143],[-76.49129758,3.42602525],[-76.49125259,3.42598907],[-76.4911986,3.4259348],[-76.49109062,3.42584436],[-76.49105463,3.42580818]]]]},"geometry_name":"the_geom","properties":{"bpcodigo":"1305","bpnombre":"Los Comuneros II","bpcomuna":13,"bpestramod":2,"bpupu":4,"bpobserv":null,"bparea":33.4875025995,"bpperim":2614.61963918}},{"type":"Feature","id":"pmih_barrios_precarios.35","geometry":{"type":"MultiPolygon","coordinates":[[[[-76.55965977,3.4249725],[-76.55965957,3.42499024],[-76.55965952,3.42499385],[-76.55965945,3.42500004],[-76.55965898,3.42501717],[-76.55965776,3.42504333],[-76.55965611,3.42506098],[-76.55964815,3.42508798],[-76.55961865,3.42519353],[-76.55937764,3.42515272],[-76.55895225,3.42514697],[-76.55870861,3.42520026],[-76.55869757,3.42520862],[-76.55867687,3.42522321],[-76.55866038,3.42523326],[-76.5586425,3.42524255],[-76.55862299,3.42525072],[-76.55861707,3.42525224],[-76.5585964,3.42525526],[-76.55857649,3.42526056],[-76.55855864,3.42526651],[-76.55853238,3.42527944],[-76.55850222,3.42529754],[-76.55843571,3.42533835],[-76.55840279,3.42537054],[-76.55837994,3.42539698],[-76.55835863,3.42543132],[-76.55834585,3.42545798],[-76.55833851,3.42550019],[-76.55833815,3.42550581],[-76.558334,3.42551442],[-76.55832968,3.42552062],[-76.55832208,3.42552852],[-76.55831634,3.42553337],[-76.55829899,3.42557122],[-76.55828121,3.4256135],[-76.55827556,3.42563639],[-76.55825325,3.42568379],[-76.55824061,3.42570799],[-76.55822465,3.4257548],[-76.5582132,3.42577272],[-76.55817455,3.42580313],[-76.55814038,3.42584773],[-76.5581221,3.42587466],[-76.55809814,3.42590492],[-76.55806466,3.42593092],[-76.55802825,3.42597174],[-76.55800214,3.42600843],[-76.55797954,3.42603787],[-76.55797442,3.42604421],[-76.55797405,3.42604467],[-76.55795112,3.42607302],[-76.55794275,3.42608337],[-76.55792438,3.42610652],[-76.55790578,3.42614705],[-76.55789306,3.42619136],[-76.55788915,3.42625992],[-76.55788927,3.42628041],[-76.55788716,3.42630583],[-76.55787273,3.42632508],[-76.55785396,3.42633707],[-76.55783443,3.42634989],[-76.55781365,3.42636191],[-76.55779179,3.42637391],[-76.55775761,3.42640834],[-76.55774642,3.42644722],[-76.55775312,3.42648751],[-76.55777012,3.42652123],[-76.55779853,3.42656687],[-76.55781392,3.42658802],[-76.5578201,3.42659856],[-76.55782029,3.42662567],[-76.55781287,3.42664809],[-76.55780478,3.42666016],[-76.5577882,3.42668342],[-76.55777452,3.42670619],[-76.55776881,3.42673088],[-76.55776476,3.42677904],[-76.5577675,3.42682514],[-76.55776495,3.42685903],[-76.55775512,3.42688965],[-76.55774323,3.42692542],[-76.55774241,3.42695537],[-76.55767406,3.42705196],[-76.55755112,3.42719666],[-76.55738899,3.4274848],[-76.55723934,3.42775618],[-76.55721569,3.42779622],[-76.55720365,3.42782297],[-76.55715632,3.42789232],[-76.55697724,3.42821834],[-76.55708946,3.42842744],[-76.55682903,3.42865543],[-76.55622163,3.42865535],[-76.55622159,3.42865535],[-76.55617543,3.42864966],[-76.55618021,3.42864325],[-76.55618278,3.4286312],[-76.55618449,3.42861829],[-76.55618449,3.4286028],[-76.55618278,3.42857956],[-76.55618278,3.42856063],[-76.55618278,3.42854771],[-76.55618535,3.42853394],[-76.55618535,3.42852361],[-76.55617764,3.42851156],[-76.55617251,3.42850124],[-76.55617165,3.42848919],[-76.55617422,3.42847025],[-76.55617679,3.42845648],[-76.55617679,3.42844572],[-76.55616823,3.42843625],[-76.55615941,3.42843286],[-76.55615281,3.42842678],[-76.55612711,3.42841473],[-76.55610827,3.42840268],[-76.55609029,3.42839063],[-76.55607744,3.42837772],[-76.55607658,3.42836739],[-76.55607744,3.42834071],[-76.5560783,3.42830972],[-76.55607573,3.42827357],[-76.55607402,3.42824087],[-76.55608173,3.42821117],[-76.55608687,3.42818707],[-76.55609029,3.42816211],[-76.55609115,3.42814231],[-76.55609629,3.4281208],[-76.55610057,3.42810702],[-76.55610828,3.42808981],[-76.55611428,3.42806743],[-76.55611942,3.428033],[-76.55612113,3.42799944],[-76.55612199,3.42796587],[-76.55612028,3.42794478],[-76.55611171,3.42792584],[-76.55610572,3.42790002],[-76.55610743,3.42786818],[-76.55611172,3.42783117],[-76.556116,3.42779545],[-76.55611857,3.42777135],[-76.55611857,3.42774725],[-76.55611857,3.42772659],[-76.55612457,3.42771024],[-76.55612533,3.42769346],[-76.55612543,3.42768441],[-76.55612543,3.42765343],[-76.55612543,3.42764396],[-76.55613142,3.42763105],[-76.55613399,3.4276147],[-76.55613485,3.42759232],[-76.55613271,3.42757637],[-76.55613196,3.42756736],[-76.55613153,3.42755832],[-76.55613143,3.42754928],[-76.55612629,3.4275269],[-76.55611858,3.42749506],[-76.55611344,3.4274701],[-76.55611259,3.427446],[-76.55611349,3.42742986],[-76.55611266,3.42742086],[-76.55611088,3.427412],[-76.55610659,3.42739478],[-76.55609974,3.42737585],[-76.55609546,3.42735605],[-76.55609289,3.42733109],[-76.55609118,3.42730269],[-76.55609375,3.42728375],[-76.55609803,3.42726094],[-76.55610403,3.42723168],[-76.55610574,3.42720327],[-76.55610403,3.42715852],[-76.55610403,3.42712581],[-76.55610061,3.42709224],[-76.55609547,3.4270733],[-76.5560869,3.42705953],[-76.55607234,3.42704662],[-76.55606121,3.42703113],[-76.55605961,3.42701962],[-76.55605607,3.42701133],[-76.55605522,3.42698809],[-76.5560512,3.42697205],[-76.5560458,3.42696485],[-76.55603723,3.42693602],[-76.55602952,3.42691622],[-76.55602781,3.42689556],[-76.55602696,3.42687921],[-76.55602266,3.42686582],[-76.55601879,3.42685766],[-76.55601411,3.42684995],[-76.55600983,3.42683876],[-76.55600554,3.42682499],[-76.55599355,3.42680519],[-76.55598328,3.42678539],[-76.55597814,3.42676775],[-76.55597043,3.42673762],[-76.55595844,3.42671955],[-76.55594474,3.42670577],[-76.55592932,3.42669028],[-76.55591647,3.42667393],[-76.55590277,3.42665413],[-76.55589335,3.42664036],[-76.5558805,3.426624],[-76.55586937,3.42661109],[-76.55585936,3.42660024],[-76.55585395,3.42659302],[-76.55584196,3.42657838],[-76.55582826,3.42656461],[-76.5558077,3.42654912],[-76.55577002,3.42652502],[-76.55575803,3.42651813],[-76.55574946,3.42651813],[-76.55574603,3.42651813],[-76.55573404,3.42652243],[-76.55572328,3.42652794],[-76.55571434,3.42652846],[-76.55568865,3.42652674],[-76.55567192,3.42652559],[-76.55566307,3.42652394],[-76.55565439,3.42652157],[-76.55563726,3.42651985],[-76.55562698,3.42652329],[-76.55561156,3.42652673],[-76.55559389,3.42652785],[-76.55558501,3.42652931],[-76.55555589,3.42653362],[-76.55552163,3.42653792],[-76.55549508,3.42653534],[-76.55548495,3.42653364],[-76.55547709,3.42652931],[-76.55546724,3.42652718],[-76.55545834,3.42652585],[-76.55544938,3.42652504],[-76.55544039,3.42652478],[-76.55542968,3.42652419],[-76.5554208,3.42652277],[-76.55541208,3.42652054],[-76.55540361,3.42651749],[-76.55539546,3.42651366],[-76.5553877,3.42650909],[-76.55537086,3.42650645],[-76.55536193,3.42650534],[-76.55535297,3.42650443],[-76.555344,3.42650372],[-76.55533502,3.4265032],[-76.55532511,3.42650344],[-76.55531612,3.42650331],[-76.55530713,3.42650283],[-76.55529817,3.42650201],[-76.55528924,3.42650085],[-76.55528037,3.42649935],[-76.55527156,3.42649752],[-76.55526282,3.42649536],[-76.55524928,3.42649087],[-76.55524071,3.42648811],[-76.55523211,3.42648542],[-76.5552235,3.42648279],[-76.55521488,3.42648022],[-76.55520623,3.42647771],[-76.55517111,3.42645025],[-76.55513989,3.42639143],[-76.55512038,3.42632868],[-76.55511665,3.42631643],[-76.55511414,3.42630775],[-76.55511174,3.42629903],[-76.55510945,3.42629029],[-76.55510727,3.42628151],[-76.55510519,3.42627271],[-76.55510322,3.42626389],[-76.55510137,3.42625504],[-76.55509962,3.42624617],[-76.55509798,3.42623728],[-76.55509645,3.42622837],[-76.55509503,3.42621944],[-76.55509372,3.42621049],[-76.55509252,3.42620153],[-76.55509143,3.42619255],[-76.55509045,3.42618356],[-76.55508958,3.42617456],[-76.55508882,3.42616555],[-76.55508817,3.42615653],[-76.55508764,3.4261475],[-76.55508721,3.42613847],[-76.55508136,3.42611494],[-76.55507589,3.42610498],[-76.55507149,3.42609709],[-76.55506706,3.42608922],[-76.55506258,3.42608138],[-76.55505807,3.42607355],[-76.55505351,3.42606575],[-76.55504892,3.42605798],[-76.55504429,3.42605023],[-76.55503089,3.42603851],[-76.5550244,3.42603224],[-76.55501812,3.42602576],[-76.55501206,3.42601907],[-76.55500623,3.42601219],[-76.55500063,3.42600511],[-76.55499526,3.42599785],[-76.55499014,3.42599042],[-76.55498526,3.42598282],[-76.55498039,3.42597448],[-76.55497599,3.4259637],[-76.554976,3.42595389],[-76.55497404,3.42594017],[-76.55496868,3.42593036],[-76.55496136,3.42592203],[-76.55495161,3.42591467],[-76.55493356,3.4259083],[-76.55492038,3.42590438],[-76.55490136,3.42589898],[-76.55489132,3.42589701],[-76.5548838,3.42589212],[-76.55487453,3.42588575],[-76.55486429,3.42587986],[-76.55484916,3.42587202],[-76.55483697,3.42586516],[-76.55482233,3.42585829],[-76.5548094,3.4258527],[-76.55480066,3.42585057],[-76.55479172,3.42584959],[-76.55475562,3.42584959],[-76.55472785,3.4258482],[-76.5546862,3.42584401],[-76.55464593,3.42583843],[-76.55463228,3.4258349],[-76.55462418,3.42583098],[-76.55461677,3.42582587],[-76.55460703,3.42582432],[-76.55459918,3.42581997],[-76.55459317,3.42581331],[-76.55457953,3.42581183],[-76.55457095,3.42580912],[-76.55455741,3.42580789],[-76.55454872,3.42580558],[-76.5545404,3.42580214],[-76.55450986,3.42578958],[-76.55437934,3.42574632],[-76.55429364,3.42571582],[-76.55425622,3.42571055],[-76.5542163,3.42570901],[-76.55413954,3.42570283],[-76.55409502,3.42569975],[-76.55404743,3.42568278],[-76.55400905,3.42566272],[-76.55397374,3.42563341],[-76.55395072,3.42560255],[-76.5539369,3.42557324],[-76.55392769,3.42554855],[-76.55393383,3.42551461],[-76.55394919,3.42548221],[-76.55396761,3.42545136],[-76.55397836,3.42541433],[-76.55397068,3.42536188],[-76.55397068,3.42535417],[-76.5539584,3.42532948],[-76.55394612,3.42529863],[-76.55392617,3.4252616],[-76.55390314,3.42523846],[-76.55386937,3.4252184],[-76.55384327,3.42520297],[-76.5538141,3.42517983],[-76.55377265,3.42516131],[-76.55372352,3.42513509],[-76.55368207,3.42511811],[-76.55363448,3.42509189],[-76.55362067,3.42507337],[-76.55359918,3.42504406],[-76.55359457,3.425024],[-76.55358536,3.42499778],[-76.55357462,3.42496384],[-76.55357155,3.42492218],[-76.55356234,3.42490675],[-76.5535562,3.42487898],[-76.55354392,3.42486201],[-76.55353163,3.4248435],[-76.55351628,3.42482344],[-76.55350247,3.42479413],[-76.55348712,3.42476327],[-76.55347177,3.4247355],[-76.55344567,3.42469693],[-76.55342571,3.42467842],[-76.55340576,3.42466299],[-76.55339194,3.42465528],[-76.5533597,3.42465373],[-76.55331978,3.42465065],[-76.55328601,3.4246491],[-76.55326759,3.42465219],[-76.55324149,3.42466299],[-76.55319697,3.42467533],[-76.55316012,3.42468612],[-76.55310793,3.42469229],[-76.55305573,3.4247],[-76.55301121,3.4247],[-76.55299602,3.42469785],[-76.55298722,3.42469596],[-76.55297853,3.42469361],[-76.55296997,3.42469082],[-76.55296157,3.42468758],[-76.55295334,3.42468392],[-76.55294532,3.42467982],[-76.55293752,3.42467532],[-76.55289914,3.42463829],[-76.55285923,3.42459355],[-76.55281931,3.42455189],[-76.55277633,3.42449481],[-76.55275944,3.42445315],[-76.55275484,3.42442847],[-76.55267365,3.42431967],[-76.55267439,3.42431804],[-76.5526781,3.4243098],[-76.5526818,3.42430156],[-76.55268549,3.42429331],[-76.55268916,3.42428505],[-76.55269281,3.42427678],[-76.55269644,3.42426851],[-76.55270005,3.42426023],[-76.55270365,3.42425194],[-76.55270724,3.42424364],[-76.5527108,3.42423534],[-76.55271435,3.42422703],[-76.55271788,3.42421871],[-76.55272139,3.42421038],[-76.55272489,3.42420205],[-76.55272837,3.42419371],[-76.55273183,3.42418536],[-76.55273527,3.42417701],[-76.5527387,3.42416865],[-76.55274211,3.42416028],[-76.5527455,3.4241519],[-76.55274888,3.42414352],[-76.55275223,3.42413513],[-76.55275557,3.42412673],[-76.5527589,3.42411833],[-76.5527622,3.42410991],[-76.55276549,3.4241015],[-76.55276876,3.42409307],[-76.55277202,3.42408464],[-76.55277525,3.4240762],[-76.55277847,3.42406776],[-76.55278167,3.4240593],[-76.55278486,3.42405085],[-76.55278802,3.42404238],[-76.55279117,3.42403391],[-76.5527943,3.42402543],[-76.55279742,3.42401695],[-76.55280051,3.42400846],[-76.55280359,3.42399996],[-76.55280666,3.42399145],[-76.5528097,3.42398294],[-76.55281273,3.42397443],[-76.55281573,3.4239659],[-76.55281873,3.42395737],[-76.5528217,3.42394884],[-76.55282158,3.42394557],[-76.5528217,3.42394523],[-76.55282116,3.42393075],[-76.55284517,3.42376883],[-76.5529732,3.42271072],[-76.55308296,3.42167098],[-76.55313783,3.42124222],[-76.55322014,3.42062665],[-76.55333292,3.42003098],[-76.55379009,3.41900657],[-76.55408877,3.41837263],[-76.55409981,3.41835194],[-76.55410825,3.41833596],[-76.55411662,3.41831995],[-76.55412492,3.4183039],[-76.55413316,3.41828782],[-76.55414134,3.41827171],[-76.55414945,3.41825557],[-76.5541575,3.41823939],[-76.55416548,3.41822318],[-76.5541734,3.41820694],[-76.55418126,3.41819066],[-76.55418904,3.41817436],[-76.55419677,3.41815802],[-76.55420443,3.41814165],[-76.55421202,3.41812525],[-76.55421955,3.41810882],[-76.55422701,3.41809236],[-76.5542344,3.41807588],[-76.55424173,3.41805936],[-76.554249,3.41804281],[-76.55425619,3.41802623],[-76.55426333,3.41800962],[-76.55427039,3.41799299],[-76.55427739,3.41797633],[-76.55428432,3.41795963],[-76.55429119,3.41794291],[-76.55429799,3.41792617],[-76.55430472,3.41790939],[-76.55431138,3.41789259],[-76.55431798,3.41787577],[-76.55432451,3.41785891],[-76.55433097,3.41784203],[-76.55433737,3.41782512],[-76.55434369,3.41780819],[-76.55434995,3.41779123],[-76.55435615,3.41777425],[-76.55436227,3.41775724],[-76.55436833,3.41774021],[-76.55437432,3.41772315],[-76.55438024,3.41770608],[-76.55438609,3.41768897],[-76.55439187,3.41767184],[-76.55439759,3.41765469],[-76.55440323,3.41763752],[-76.55440881,3.41762032],[-76.55441432,3.4176031],[-76.55441976,3.41758586],[-76.55442513,3.4175686],[-76.55443044,3.41755132],[-76.55443567,3.41753401],[-76.55444084,3.41751669],[-76.55444593,3.41749934],[-76.55445096,3.41748197],[-76.55445591,3.41746458],[-76.5544608,3.41744718],[-76.55446562,3.41742975],[-76.55447037,3.4174123],[-76.55447505,3.41739484],[-76.55447965,3.41737736],[-76.55448419,3.41735985],[-76.55448866,3.41734233],[-76.55449306,3.41732479],[-76.55449739,3.41730724],[-76.55450165,3.41728967],[-76.55450584,3.41727208],[-76.5545086,3.41726028],[-76.55518286,3.41690848],[-76.55529085,3.41686327],[-76.5558488,3.41660103],[-76.55609178,3.41648347],[-76.55644275,3.41630262],[-76.55655974,3.41625741],[-76.5569287,3.41608559],[-76.55701869,3.41604038],[-76.55747765,3.41584144],[-76.55749565,3.4158324],[-76.55749639,3.41582842],[-76.55756764,3.41579262],[-76.5579906,3.41560273],[-76.5580626,3.4155756],[-76.55811659,3.41556656],[-76.55817958,3.41555752],[-76.55826957,3.41555752],[-76.55835052,3.41554795],[-76.55838655,3.41597352],[-76.55838655,3.41600065],[-76.55843154,3.41615439],[-76.55845854,3.41617248],[-76.55851253,3.4162177],[-76.55875549,3.41647092],[-76.55916044,3.41691406],[-76.55918743,3.41694119],[-76.55923243,3.41702258],[-76.55925942,3.4170678],[-76.5593674,3.41733006],[-76.5594124,3.41744763],[-76.55951138,3.41768276],[-76.55952038,3.41773702],[-76.55952937,3.41779128],[-76.55952937,3.41790884],[-76.55952037,3.41797215],[-76.55952037,3.41799928],[-76.55950994,3.41811827],[-76.55947153,3.41824692],[-76.5593883,3.41840131],[-76.55929868,3.41860716],[-76.55926667,3.41871008],[-76.55924106,3.41878084],[-76.55918985,3.41885803],[-76.55913223,3.41893523],[-76.55903621,3.41907031],[-76.55897219,3.41923113],[-76.55892098,3.41941768],[-76.55888256,3.4195785],[-76.55882495,3.41973932],[-76.55870332,3.41991301],[-76.55853687,3.42011885],[-76.55844085,3.42022821],[-76.55833202,3.4203247],[-76.55812718,3.42048551],[-76.55801835,3.420582],[-76.55784551,3.42073638],[-76.55797353,3.42085218],[-76.55813356,3.42098727],[-76.55817197,3.42101944],[-76.55827439,3.42089722],[-76.5583128,3.42092938],[-76.55840882,3.42100658],[-76.55845363,3.42105161],[-76.5584965,3.42108336],[-76.55855217,3.4211103],[-76.55853867,3.42114284],[-76.55850368,3.4212405],[-76.5585027,3.42130203],[-76.55850238,3.42131968],[-76.55850272,3.42132872],[-76.55850341,3.42133773],[-76.55850445,3.42134672],[-76.55850584,3.42135565],[-76.55850756,3.42136453],[-76.55851236,3.42139956],[-76.55853936,3.42144478],[-76.55854836,3.42146287],[-76.55858435,3.42149904],[-76.55861135,3.42151713],[-76.55865634,3.42156235],[-76.55869234,3.42159853],[-76.55878233,3.42167992],[-76.55880932,3.42169801],[-76.55882732,3.42171609],[-76.55886332,3.42172514],[-76.55889031,3.42173418],[-76.55895331,3.42174323],[-76.5589893,3.42175227],[-76.5590523,3.42176132],[-76.55909729,3.42176132],[-76.55913329,3.42176132],[-76.55915129,3.42176132],[-76.55919628,3.42174324],[-76.55922328,3.42174324],[-76.55925028,3.42173419],[-76.55927728,3.42173419],[-76.55931327,3.4217342],[-76.55934927,3.4217342],[-76.55937627,3.4217342],[-76.55940326,3.42174324],[-76.55945726,3.42174324],[-76.55952925,3.42175229],[-76.55955625,3.42176133],[-76.55960124,3.42177038],[-76.55964624,3.42177942],[-76.55976323,3.42182464],[-76.55979022,3.42183369],[-76.55979922,3.42184273],[-76.55983522,3.42185178],[-76.55984422,3.42185178],[-76.55988021,3.42186082],[-76.55990721,3.42186987],[-76.55991621,3.42186987],[-76.55993421,3.42186987],[-76.5599522,3.42187891],[-76.55996017,3.42188191],[-76.5600242,3.42190604],[-76.5599702,3.42196934],[-76.5599612,3.42198743],[-76.5599342,3.42201456],[-76.5599162,3.42204169],[-76.5598892,3.42205978],[-76.55986221,3.42207786],[-76.55983521,3.42208691],[-76.55980821,3.42210499],[-76.55977222,3.42213212],[-76.55972722,3.42216829],[-76.55970922,3.42218638],[-76.55969122,3.42222255],[-76.55967322,3.42224968],[-76.55964622,3.42228585],[-76.55961922,3.42233107],[-76.55959223,3.42239437],[-76.55955623,3.42246672],[-76.55951123,3.4225662],[-76.55946623,3.4226295],[-76.55942123,3.42270184],[-76.55935824,3.42281941],[-76.55933124,3.42285558],[-76.55932224,3.42288271],[-76.55930424,3.42290984],[-76.55928624,3.42292792],[-76.55925924,3.4229641],[-76.55915125,3.42300931],[-76.55908825,3.42303644],[-76.55906126,3.42305452],[-76.55901626,3.42308165],[-76.55893527,3.42314495],[-76.55888127,3.42319017],[-76.55882727,3.42323539],[-76.55877328,3.4232806],[-76.55871028,3.42332582],[-76.55869228,3.4233439],[-76.55865629,3.42336199],[-76.55858429,3.4234072],[-76.5584853,3.42346146],[-76.55833231,3.42354284],[-76.55832331,3.42355189],[-76.55819886,3.42364403],[-76.55829728,3.42374733],[-76.55840626,3.42387437],[-76.55841432,3.42387839],[-76.55842238,3.42388241],[-76.55843044,3.42388643],[-76.55843849,3.42389046],[-76.55844655,3.4238945],[-76.5584546,3.42389854],[-76.55846265,3.42390258],[-76.5584707,3.42390663],[-76.55847874,3.42391069],[-76.55848678,3.42391475],[-76.55849482,3.42391881],[-76.55850286,3.42392288],[-76.55851089,3.42392695],[-76.55851892,3.42393103],[-76.55852695,3.42393511],[-76.55853498,3.4239392],[-76.55854301,3.42394329],[-76.55855103,3.42394739],[-76.55855905,3.42395149],[-76.55856707,3.4239556],[-76.55857508,3.42395971],[-76.55858309,3.42396383],[-76.5585911,3.42396795],[-76.55859911,3.42397208],[-76.55860712,3.42397621],[-76.55861512,3.42398034],[-76.55862312,3.42398449],[-76.55863112,3.42398863],[-76.55863911,3.42399278],[-76.55864711,3.42399694],[-76.5586551,3.4240011],[-76.55866308,3.42400526],[-76.55867107,3.42400943],[-76.55868088,3.42401456],[-76.55885525,3.4240978],[-76.55899475,3.42414161],[-76.55915168,3.42415038],[-76.55933913,3.42415477],[-76.5593958,3.42418543],[-76.5594699,3.42426429],[-76.5595876,3.42436505],[-76.55959047,3.42436699],[-76.55959857,3.42437482],[-76.5596042,3.42438047],[-76.55965483,3.42443135],[-76.55966408,3.42444063],[-76.55966899,3.42444821],[-76.55967365,3.42445595],[-76.55967805,3.42446384],[-76.55968218,3.42447187],[-76.55968605,3.42448004],[-76.55968964,3.42448833],[-76.55969296,3.42449673],[-76.55969599,3.42450525],[-76.55969875,3.42451386],[-76.55970121,3.42452255],[-76.55970339,3.42453133],[-76.55970529,3.42454028],[-76.55971211,3.42463621],[-76.55971188,3.42463654],[-76.55968711,3.42467191],[-76.55967448,3.42469006],[-76.55966145,3.42472547],[-76.55965133,3.42475299],[-76.55965078,3.42477372],[-76.55965696,3.42480315],[-76.55965723,3.42484388],[-76.55965751,3.42487588],[-76.55965791,3.42490257],[-76.55965933,3.42495375],[-76.55965897,3.42497232],[-76.55965977,3.4249725]]]]},"geometry_name":"the_geom","properties":{"bpcodigo":"2003","bpnombre":"Siloé","bpcomuna":20,"bpestramod":1,"bpupu":8,"bpobserv":null,"bparea":69.6543272855,"bpperim":4251.19921765}},{"type":"Feature","id":"pmih_barrios_precarios.36","geometry":{"type":"MultiPolygon","coordinates":[[[[-76.4846087,3.42626293],[-76.48470221,3.42604491],[-76.48490199,3.42553545],[-76.48529385,3.4246632],[-76.48550899,3.42413059],[-76.48577121,3.42350493],[-76.48589333,3.42324257],[-76.48601479,3.42297124],[-76.48608691,3.4228043],[-76.48609218,3.42280886],[-76.4860911,3.42281155],[-76.48653735,3.42319779],[-76.48696926,3.42357766],[-76.48698726,3.42359574],[-76.48701426,3.42355957],[-76.48719427,3.42335159],[-76.48721227,3.42333351],[-76.48721436,3.42332721],[-76.48742786,3.4230889],[-76.48817137,3.42373773],[-76.48817513,3.42374057],[-76.48820212,3.4237677],[-76.4883101,3.42385814],[-76.4883371,3.42389432],[-76.48840009,3.42394859],[-76.48847207,3.4240119],[-76.48849907,3.4240119],[-76.48850807,3.4240119],[-76.48863405,3.42409331],[-76.48867004,3.42410235],[-76.48879603,3.42413854],[-76.48884102,3.42417472],[-76.48902298,3.42430275],[-76.48881396,3.42472274],[-76.48852592,3.42529244],[-76.48821989,3.42590736],[-76.48794086,3.42644089],[-76.48785985,3.42659462],[-76.48761683,3.42705581],[-76.48744581,3.42738135],[-76.48727344,3.42767822],[-76.4872118,3.42760741],[-76.48643792,3.42720038],[-76.48639293,3.42718229],[-76.48554705,3.42673907],[-76.48552006,3.42672098],[-76.4846087,3.42626293]]]]},"geometry_name":"the_geom","properties":{"bpcodigo":"1307","bpnombre":"Omar Torrijos","bpcomuna":13,"bpestramod":2,"bpupu":4,"bpobserv":null,"bparea":14.7974901655,"bpperim":1605.64341571}},{"type":"Feature","id":"pmih_barrios_precarios.37","geometry":{"type":"MultiPolygon","coordinates":[[[[-76.4702076,3.42968189],[-76.46999064,3.42940702],[-76.46922019,3.42841506],[-76.46844974,3.42743061],[-76.46780242,3.42658491],[-76.46714017,3.42574672],[-76.46688087,3.42539607],[-76.4666794,3.42506605],[-76.46656377,3.42473229],[-76.46652089,3.42443416],[-76.46653214,3.42404792],[-76.46660307,3.42379669],[-76.46674491,3.42346671],[-76.46742607,3.42229869],[-76.46765874,3.42189142],[-76.4680766,3.42266617],[-76.46864247,3.42363651],[-76.46939974,3.42499163],[-76.46969109,3.42545311],[-76.46969965,3.42545455],[-76.46980848,3.42567882],[-76.46994659,3.4256262],[-76.47038566,3.42546452],[-76.47047364,3.42543506],[-76.47086962,3.4253085],[-76.47124759,3.42520003],[-76.47160757,3.42508251],[-76.47205755,3.42493787],[-76.47211154,3.42491979],[-76.47252552,3.42481132],[-76.4727145,3.42477517],[-76.47294849,3.42472998],[-76.47297548,3.42472094],[-76.47322747,3.42465767],[-76.47391142,3.42449497],[-76.4742624,3.42442267],[-76.47443338,3.42437747],[-76.47461337,3.42434132],[-76.47514433,3.42422382],[-76.47554031,3.42412439],[-76.4756663,3.42408823],[-76.47607127,3.42399784],[-76.47639095,3.4239256],[-76.47646299,3.42390932],[-76.47646526,3.42391244],[-76.47653461,3.42401241],[-76.47699012,3.42477554],[-76.47733315,3.42549908],[-76.4774906,3.42588347],[-76.47755806,3.4261774],[-76.47759176,3.42657307],[-76.47759731,3.42726266],[-76.47760693,3.42748577],[-76.47761974,3.42778269],[-76.4776253,3.42838749],[-76.47764212,3.42882273],[-76.47767585,3.42903187],[-76.47773376,3.42925022],[-76.47733052,3.42944212],[-76.47730352,3.42945116],[-76.47634052,3.43020164],[-76.47632495,3.43021349],[-76.47611986,3.43036956],[-76.4753898,3.42940072],[-76.474796,3.42865464],[-76.47424396,3.42792255],[-76.47414927,3.42777365],[-76.47315486,3.42852198],[-76.47238142,3.42913825],[-76.47178897,3.42958036],[-76.47095838,3.43025405],[-76.47078608,3.4304093],[-76.47071446,3.43032209],[-76.47034882,3.4298608],[-76.4702076,3.42968189]]]]},"geometry_name":"the_geom","properties":{"bpcodigo":"1498","bpnombre":"Promociones Populares B","bpcomuna":14,"bpestramod":1,"bpupu":4,"bpobserv":null,"bparea":58.0426004246,"bpperim":4056.26682733}},{"type":"Feature","id":"pmih_barrios_precarios.38","geometry":{"type":"MultiPolygon","coordinates":[[[[-76.46392548,3.42959324],[-76.46399042,3.4295479],[-76.46406701,3.4294878],[-76.46406463,3.42945726],[-76.46401735,3.42938042],[-76.46400307,3.42931725],[-76.46401071,3.4291957],[-76.46403548,3.42909425],[-76.46405968,3.42904107],[-76.46409971,3.4285814],[-76.46412056,3.42837542],[-76.46412869,3.42823132],[-76.46414589,3.42779489],[-76.46420693,3.42714981],[-76.46422539,3.42708425],[-76.46424066,3.42683541],[-76.4642645,3.42661433],[-76.4642912,3.42640377],[-76.46431789,3.42618077],[-76.46433316,3.42597117],[-76.4643675,3.42557589],[-76.46438466,3.42542946],[-76.4644085,3.42522273],[-76.46445522,3.42478151],[-76.46449432,3.42437284],[-76.46451244,3.42419291],[-76.46454772,3.42387612],[-76.46458683,3.42344543],[-76.46464141,3.42303987],[-76.46463143,3.42288194],[-76.46467001,3.42279868],[-76.46473022,3.42269338],[-76.46474743,3.42256482],[-76.46475867,3.42213543],[-76.46478298,3.42195741],[-76.46479443,3.42174637],[-76.46476301,3.4217076],[-76.46476302,3.42164444],[-76.46480876,3.42145924],[-76.46480879,3.42118647],[-76.46484738,3.42110034],[-76.46488882,3.42100703],[-76.46469168,3.42090363],[-76.46490101,3.42047184],[-76.46492953,3.42047447],[-76.46495479,3.42047862],[-76.46520815,3.42052022],[-76.465845,3.42058316],[-76.4664193,3.42063466],[-76.4668287,3.420669],[-76.46703592,3.4207153],[-76.4670459,3.42072115],[-76.46802875,3.42124373],[-76.46765874,3.42189142],[-76.46742607,3.42229869],[-76.46674491,3.42346671],[-76.46660307,3.42379669],[-76.46653214,3.42404792],[-76.46652089,3.42443416],[-76.46656377,3.42473229],[-76.4666794,3.42506605],[-76.46688087,3.42539607],[-76.46714017,3.42574672],[-76.46780242,3.42658491],[-76.46844974,3.42743061],[-76.46922019,3.42841506],[-76.46999064,3.42940702],[-76.4702076,3.42968189],[-76.4694031,3.4303475],[-76.46936598,3.43036506],[-76.469362,3.43036389],[-76.46929954,3.43041966],[-76.46882526,3.43026264],[-76.46854145,3.43019561],[-76.46833192,3.43016878],[-76.46813382,3.43017067],[-76.46784047,3.43017638],[-76.46770333,3.43018593],[-76.46761647,3.43007437],[-76.4673145,3.4300541],[-76.46636156,3.43004208],[-76.46504165,3.43003002],[-76.46486999,3.43011921],[-76.46473376,3.43011057],[-76.46460585,3.43007558],[-76.46429633,3.42994035],[-76.46411221,3.43006973],[-76.46411203,3.4300674],[-76.46408591,3.43008795],[-76.46392548,3.42959324]]]]},"geometry_name":"the_geom","properties":{"bpcodigo":"2197","bpnombre":"Ciudadela del Rio - CVC","bpcomuna":21,"bpestramod":2,"bpupu":4,"bpobserv":null,"bparea":40.5436744816,"bpperim":3312.3757184}},{"type":"Feature","id":"pmih_barrios_precarios.39","geometry":{"type":"MultiPolygon","coordinates":[[[[-76.46291039,3.4202832],[-76.46347956,3.42034286],[-76.46424719,3.42041153],[-76.46441988,3.42042746],[-76.46490101,3.42047184],[-76.46469168,3.42090363],[-76.46488882,3.42100703],[-76.46484738,3.42110034],[-76.46480879,3.42118647],[-76.46480876,3.42145924],[-76.46476302,3.42164444],[-76.46476301,3.4217076],[-76.46479443,3.42174637],[-76.46478298,3.42195741],[-76.46475867,3.42213543],[-76.46474743,3.42256482],[-76.46473022,3.42269338],[-76.46467001,3.42279868],[-76.46463143,3.42288194],[-76.46464141,3.42303987],[-76.46458683,3.42344543],[-76.46454772,3.42387612],[-76.46451244,3.42419291],[-76.46449432,3.42437284],[-76.46445522,3.42478151],[-76.4644085,3.42522273],[-76.46438466,3.42542946],[-76.4643675,3.42557589],[-76.46433316,3.42597117],[-76.46431789,3.42618077],[-76.4642912,3.42640377],[-76.4642645,3.42661433],[-76.46424066,3.42683541],[-76.46422539,3.42708425],[-76.46420693,3.42714981],[-76.46414589,3.42779489],[-76.46412869,3.42823132],[-76.46412056,3.42837542],[-76.46409971,3.4285814],[-76.46405968,3.42904107],[-76.46403548,3.42909425],[-76.46401071,3.4291957],[-76.46400307,3.42931725],[-76.46401735,3.42938042],[-76.46406463,3.42945726],[-76.46406701,3.4294878],[-76.46399042,3.4295479],[-76.46392548,3.42959324],[-76.46390613,3.42960676],[-76.46325893,3.42985934],[-76.46308034,3.42990383],[-76.46282319,3.42995404],[-76.46245316,3.43002003],[-76.46193456,3.43011041],[-76.46183855,3.43012454],[-76.46174644,3.42970821],[-76.46168494,3.42958456],[-76.46166147,3.42949618],[-76.46162163,3.42924197],[-76.46163651,3.42912549],[-76.46163623,3.42912389],[-76.46163649,3.42912186],[-76.4613016,3.42720349],[-76.46125826,3.42686739],[-76.46124773,3.42680006],[-76.46124373,3.42675053],[-76.46124287,3.42670367],[-76.46124502,3.42665476],[-76.4612503,3.4266053],[-76.46125868,3.42655627],[-76.46127007,3.42650787],[-76.46128449,3.42646033],[-76.46130179,3.4264137],[-76.46233719,3.42316034],[-76.46234495,3.42296505],[-76.46241944,3.42269129],[-76.46251416,3.42254251],[-76.46271575,3.42186011],[-76.4627436,3.42178911],[-76.46275949,3.42174206],[-76.4627737,3.42169437],[-76.46278615,3.42164626],[-76.46279677,3.42159765],[-76.46280564,3.42154876],[-76.46281268,3.42149952],[-76.46281788,3.42145007],[-76.46282127,3.42140047],[-76.46282282,3.42135073],[-76.46290633,3.42033266],[-76.46291009,3.42028679],[-76.46291039,3.4202832]]]]},"geometry_name":"the_geom","properties":{"bpcodigo":"2106","bpnombre":"Desepaz Invicali","bpcomuna":21,"bpestramod":1,"bpupu":4,"bpobserv":null,"bparea":29.0422080854,"bpperim":2634.41838852}},{"type":"Feature","id":"pmih_barrios_precarios.40","geometry":{"type":"MultiPolygon","coordinates":[[[[-76.55186188,3.4293161],[-76.55114206,3.4289688],[-76.55116226,3.42874086],[-76.55116196,3.42874059],[-76.55116226,3.42873724],[-76.55115239,3.42872833],[-76.5511466,3.42872142],[-76.55114162,3.42871389],[-76.55113752,3.42870584],[-76.55113435,3.42869739],[-76.55113214,3.42868862],[-76.55113093,3.42867967],[-76.5511308,3.42867358],[-76.55113155,3.42866525],[-76.55113139,3.42866337],[-76.55113155,3.42866163],[-76.55113068,3.42865143],[-76.55112996,3.42864242],[-76.55112929,3.4286334],[-76.55112867,3.42862438],[-76.5511281,3.42861535],[-76.55112758,3.42860632],[-76.55112712,3.42859729],[-76.5511267,3.42858826],[-76.55112633,3.42857922],[-76.55112601,3.42857019],[-76.55112575,3.42856115],[-76.55112553,3.42855211],[-76.55112536,3.42854306],[-76.55112524,3.42853402],[-76.55112518,3.42852498],[-76.55112517,3.42851955],[-76.55112517,3.42851888],[-76.5511252,3.42851051],[-76.55112528,3.42850147],[-76.55112542,3.42849242],[-76.55112537,3.4284919],[-76.55112541,3.42848881],[-76.55112417,3.42847567],[-76.55112365,3.42846664],[-76.55112343,3.42845814],[-76.55112345,3.42845218],[-76.55112375,3.42844314],[-76.55112433,3.42843412],[-76.55112519,3.42842511],[-76.55112631,3.42841614],[-76.55112771,3.42840721],[-76.55112938,3.42839832],[-76.55113131,3.42838949],[-76.55113352,3.42838072],[-76.55113598,3.42837203],[-76.55113872,3.42836341],[-76.55114171,3.42835488],[-76.55114495,3.42834645],[-76.55114846,3.42833812],[-76.55115326,3.42832752],[-76.55115707,3.42831933],[-76.55116095,3.42831117],[-76.55116491,3.42830305],[-76.55116894,3.42829496],[-76.55117304,3.42828691],[-76.55117721,3.4282789],[-76.55118146,3.42827093],[-76.55118577,3.42826299],[-76.55119016,3.4282551],[-76.55119462,3.42824724],[-76.55119914,3.42823942],[-76.55120374,3.42823165],[-76.55120843,3.4282191],[-76.55121044,3.42821029],[-76.55121148,3.42820131],[-76.55121154,3.42819227],[-76.55121151,3.42819201],[-76.55121154,3.42818866],[-76.55121063,3.42817966],[-76.55120875,3.42817082],[-76.55120593,3.42816224],[-76.5512022,3.42815402],[-76.5511976,3.42814625],[-76.55118783,3.42813169],[-76.55118207,3.42812475],[-76.55117584,3.42811822],[-76.55116918,3.42811214],[-76.55116212,3.42810654],[-76.55115469,3.42810144],[-76.55114693,3.42809687],[-76.55113628,3.42809156],[-76.55112817,3.42808765],[-76.55112001,3.42808382],[-76.55111181,3.42808009],[-76.55110358,3.42807644],[-76.5510953,3.42807289],[-76.55108699,3.42806942],[-76.55107864,3.42806605],[-76.55107026,3.42806277],[-76.55106183,3.42805958],[-76.55105338,3.42805648],[-76.55104489,3.42805348],[-76.55103637,3.42805057],[-76.5507262,3.42798883],[-76.55071407,3.42798686],[-76.55070518,3.42798544],[-76.55069629,3.42798403],[-76.5506874,3.42798264],[-76.55067851,3.42798126],[-76.55066961,3.4279799],[-76.55066071,3.42797856],[-76.55065181,3.42797723],[-76.5506429,3.42797592],[-76.550634,3.42797463],[-76.55062509,3.42797335],[-76.55061618,3.42797209],[-76.55060726,3.42797084],[-76.55059835,3.42796961],[-76.55058943,3.4279684],[-76.55058051,3.4279672],[-76.55057159,3.42796602],[-76.55056266,3.42796485],[-76.55055374,3.4279637],[-76.55054481,3.42796257],[-76.55053588,3.42796145],[-76.55052695,3.42796035],[-76.55051801,3.42795927],[-76.55050908,3.4279582],[-76.55050014,3.42795715],[-76.5504912,3.42795612],[-76.55048226,3.4279551],[-76.55047331,3.42795409],[-76.55046437,3.42795311],[-76.55045542,3.42795214],[-76.55044647,3.42795118],[-76.55043752,3.42795025],[-76.55043417,3.42793485],[-76.55043276,3.42792592],[-76.55043173,3.42791694],[-76.55043108,3.42790792],[-76.55043083,3.42789994],[-76.5504309,3.42789346],[-76.55043138,3.42788443],[-76.55043123,3.42788366],[-76.55043138,3.42788081],[-76.55042792,3.42786381],[-76.55042612,3.42785495],[-76.55042432,3.42784609],[-76.55042252,3.42783723],[-76.55042071,3.42782837],[-76.55041891,3.42781951],[-76.55041711,3.42781065],[-76.55041531,3.42780179],[-76.55041351,3.42779293],[-76.55041171,3.42778407],[-76.55040991,3.42777521],[-76.55040811,3.42776634],[-76.55040631,3.42775748],[-76.55040451,3.42774862],[-76.55040271,3.42773976],[-76.55040091,3.4277309],[-76.55039911,3.42772204],[-76.55039732,3.42771318],[-76.55039552,3.42770432],[-76.55039372,3.42769546],[-76.55039192,3.4276866],[-76.55039012,3.42767774],[-76.55038833,3.42766887],[-76.55038653,3.42766001],[-76.55038473,3.42765115],[-76.55038294,3.42764229],[-76.55038114,3.42763343],[-76.55037934,3.42762457],[-76.55037755,3.42761571],[-76.55037575,3.42760684],[-76.55037396,3.42759798],[-76.55037216,3.42758912],[-76.55037037,3.42758026],[-76.55036857,3.4275714],[-76.55036678,3.42756254],[-76.55036498,3.42755367],[-76.55028439,3.42713781],[-76.55028006,3.42712074],[-76.55027877,3.42711179],[-76.55027812,3.42710277],[-76.55027811,3.42709735],[-76.55028175,3.42708924],[-76.55028942,3.42708479],[-76.55029833,3.42708355],[-76.55030723,3.42708221],[-76.55031611,3.42708076],[-76.55032498,3.42707922],[-76.55033383,3.42707758],[-76.55034266,3.42707583],[-76.55035152,3.42707427],[-76.55036041,3.42707287],[-76.55036933,3.42707164],[-76.55037826,3.42707057],[-76.55038722,3.42706966],[-76.55039619,3.42706892],[-76.55040517,3.42706835],[-76.55041416,3.42706794],[-76.55042315,3.4270677],[-76.55043215,3.42706762],[-76.55044115,3.42706771],[-76.55045015,3.42706797],[-76.55045914,3.42706839],[-76.55046812,3.42706898],[-76.55047708,3.42706973],[-76.55048604,3.42707066],[-76.550495,3.42707143],[-76.55050398,3.42707212],[-76.55051295,3.4270727],[-76.55052194,3.42707319],[-76.55053093,3.42707359],[-76.55053993,3.42707388],[-76.55054892,3.42707409],[-76.55055792,3.42707419],[-76.55056692,3.4270742],[-76.55057592,3.42707411],[-76.55058492,3.42707393],[-76.55059391,3.42707365],[-76.5506029,3.42707327],[-76.55061189,3.4270728],[-76.55062088,3.42707231],[-76.55062986,3.42707177],[-76.55063884,3.42707118],[-76.55064782,3.42707055],[-76.55065679,3.42706987],[-76.55066576,3.42706915],[-76.55067473,3.42706838],[-76.55068369,3.42706757],[-76.55069265,3.42706671],[-76.5507016,3.42706581],[-76.55071055,3.42706486],[-76.5507195,3.42706386],[-76.55072844,3.42706282],[-76.55073737,3.42706174],[-76.5507463,3.42706061],[-76.55075522,3.42705943],[-76.55076414,3.42705821],[-76.55077305,3.42705694],[-76.55089485,3.4270186],[-76.5509259,3.42700077],[-76.5509619,3.4269646],[-76.55121388,3.42672948],[-76.55127688,3.42663905],[-76.55134888,3.4265667],[-76.55139388,3.42652149],[-76.55156487,3.42635871],[-76.55190685,3.42605125],[-76.55199684,3.42597891],[-76.55202384,3.42595178],[-76.55203284,3.42594273],[-76.55206884,3.42589752],[-76.55208684,3.42586135],[-76.55211383,3.42581613],[-76.55213184,3.42577091],[-76.55214084,3.42574378],[-76.55214464,3.42573405],[-76.5521483,3.42572579],[-76.55215191,3.42571751],[-76.55215546,3.4257092],[-76.55215895,3.42570086],[-76.55216238,3.4256925],[-76.55216576,3.42568412],[-76.55216907,3.42567571],[-76.55217233,3.42566728],[-76.55217552,3.42565882],[-76.55217866,3.42565035],[-76.55218174,3.42564185],[-76.55218475,3.42563333],[-76.55218771,3.42562479],[-76.55219061,3.42561623],[-76.55219345,3.42560765],[-76.55219622,3.42559904],[-76.55219894,3.42559042],[-76.5522016,3.42558178],[-76.55220419,3.42557312],[-76.55220673,3.42556444],[-76.5522092,3.42555575],[-76.55221162,3.42554704],[-76.55221397,3.42553831],[-76.55221626,3.42552956],[-76.55221849,3.4255208],[-76.55222065,3.42551202],[-76.55222276,3.42550323],[-76.5522248,3.42549442],[-76.55222678,3.4254856],[-76.5522287,3.42547677],[-76.55223056,3.42546792],[-76.55223236,3.42545906],[-76.55223409,3.42545018],[-76.55223576,3.4254413],[-76.55223737,3.4254324],[-76.55223984,3.42541822],[-76.55230284,3.42514693],[-76.55235684,3.42498415],[-76.55242884,3.42479424],[-76.55245448,3.42471946],[-76.55255202,3.42455284],[-76.55264698,3.42437739],[-76.55265172,3.42436729],[-76.55265554,3.4243591],[-76.55265934,3.4243509],[-76.55266313,3.4243427],[-76.5526669,3.42433449],[-76.55267065,3.42432627],[-76.55267263,3.42432191],[-76.55267365,3.42431967],[-76.55275484,3.42442847],[-76.55275944,3.42445315],[-76.55277633,3.42449481],[-76.55281931,3.42455189],[-76.55285923,3.42459355],[-76.55289914,3.42463829],[-76.55293752,3.42467532],[-76.55294532,3.42467982],[-76.55295334,3.42468392],[-76.55296157,3.42468758],[-76.55296997,3.42469082],[-76.55297853,3.42469361],[-76.55298722,3.42469596],[-76.55299602,3.42469785],[-76.55301121,3.4247],[-76.55305573,3.4247],[-76.55310793,3.42469229],[-76.55316012,3.42468612],[-76.55319697,3.42467533],[-76.55324149,3.42466299],[-76.55326759,3.42465219],[-76.55328601,3.4246491],[-76.55331978,3.42465065],[-76.5533597,3.42465373],[-76.55339194,3.42465528],[-76.55340576,3.42466299],[-76.55342571,3.42467842],[-76.55344567,3.42469693],[-76.55347177,3.4247355],[-76.55348712,3.42476327],[-76.55350247,3.42479413],[-76.55351628,3.42482344],[-76.55353163,3.4248435],[-76.55354392,3.42486201],[-76.5535562,3.42487898],[-76.55356234,3.42490675],[-76.55357155,3.42492218],[-76.55357462,3.42496384],[-76.55358536,3.42499778],[-76.55359457,3.425024],[-76.55359918,3.42504406],[-76.55362067,3.42507337],[-76.55363448,3.42509189],[-76.55368207,3.42511811],[-76.55372352,3.42513509],[-76.55377265,3.42516131],[-76.5538141,3.42517983],[-76.55384327,3.42520297],[-76.55386937,3.4252184],[-76.55390314,3.42523846],[-76.55392617,3.4252616],[-76.55394612,3.42529863],[-76.5539584,3.42532948],[-76.55397068,3.42535417],[-76.55397068,3.42536188],[-76.55397836,3.42541433],[-76.55396761,3.42545136],[-76.55394919,3.42548221],[-76.55393383,3.42551461],[-76.55392769,3.42554855],[-76.5539369,3.42557324],[-76.55395072,3.42560255],[-76.55397374,3.42563341],[-76.55400905,3.42566272],[-76.55404743,3.42568278],[-76.55409502,3.42569975],[-76.55413954,3.42570283],[-76.5542163,3.42570901],[-76.55425622,3.42571055],[-76.55429364,3.42571582],[-76.55437934,3.42574632],[-76.55450986,3.42578958],[-76.5545404,3.42580214],[-76.55454872,3.42580558],[-76.55455741,3.42580789],[-76.55457095,3.42580912],[-76.55457953,3.42581183],[-76.55459317,3.42581331],[-76.55459918,3.42581997],[-76.55460703,3.42582432],[-76.55461677,3.42582587],[-76.55462418,3.42583098],[-76.55463228,3.4258349],[-76.55464593,3.42583843],[-76.5546862,3.42584401],[-76.55472785,3.4258482],[-76.55475562,3.42584959],[-76.55479172,3.42584959],[-76.55480066,3.42585057],[-76.5548094,3.4258527],[-76.55482233,3.42585829],[-76.55483697,3.42586516],[-76.55484916,3.42587202],[-76.55486429,3.42587986],[-76.55487453,3.42588575],[-76.5548838,3.42589212],[-76.55489132,3.42589701],[-76.55490136,3.42589898],[-76.55492038,3.42590438],[-76.55493356,3.4259083],[-76.55495161,3.42591467],[-76.55496136,3.42592203],[-76.55496868,3.42593036],[-76.55497404,3.42594017],[-76.554976,3.42595389],[-76.55497599,3.4259637],[-76.55498039,3.42597448],[-76.55498526,3.42598282],[-76.55499014,3.42599042],[-76.55499526,3.42599785],[-76.55500063,3.42600511],[-76.55500623,3.42601219],[-76.55501206,3.42601907],[-76.55501812,3.42602576],[-76.5550244,3.42603224],[-76.55503089,3.42603851],[-76.55504429,3.42605023],[-76.55504892,3.42605798],[-76.55505351,3.42606575],[-76.55505807,3.42607355],[-76.55506258,3.42608138],[-76.55506706,3.42608922],[-76.55507149,3.42609709],[-76.55507589,3.42610498],[-76.55508136,3.42611494],[-76.55508721,3.42613847],[-76.55508764,3.4261475],[-76.55508817,3.42615653],[-76.55508882,3.42616555],[-76.55508958,3.42617456],[-76.55509045,3.42618356],[-76.55509143,3.42619255],[-76.55509252,3.42620153],[-76.55509372,3.42621049],[-76.55509503,3.42621944],[-76.55509645,3.42622837],[-76.55509798,3.42623728],[-76.55509962,3.42624617],[-76.55510137,3.42625504],[-76.55510322,3.42626389],[-76.55510519,3.42627271],[-76.55510727,3.42628151],[-76.55510945,3.42629029],[-76.55511174,3.42629903],[-76.55511414,3.42630775],[-76.55511665,3.42631643],[-76.55512038,3.42632868],[-76.55513989,3.42639143],[-76.55517111,3.42645025],[-76.55520623,3.42647771],[-76.55521488,3.42648022],[-76.5552235,3.42648279],[-76.55523211,3.42648542],[-76.55524071,3.42648811],[-76.55524928,3.42649087],[-76.55526282,3.42649536],[-76.55527156,3.42649752],[-76.55528037,3.42649935],[-76.55528924,3.42650085],[-76.55529817,3.42650201],[-76.55530713,3.42650283],[-76.55531612,3.42650331],[-76.55532511,3.42650344],[-76.55533502,3.4265032],[-76.555344,3.42650372],[-76.55535297,3.42650443],[-76.55536193,3.42650534],[-76.55537086,3.42650645],[-76.5553877,3.42650909],[-76.55539546,3.42651366],[-76.55540361,3.42651749],[-76.55541208,3.42652054],[-76.5554208,3.42652277],[-76.55542968,3.42652419],[-76.55544039,3.42652478],[-76.55544938,3.42652504],[-76.55545834,3.42652585],[-76.55546724,3.42652718],[-76.55547709,3.42652931],[-76.55548495,3.42653364],[-76.55549508,3.42653534],[-76.55552163,3.42653792],[-76.55555589,3.42653362],[-76.55558501,3.42652931],[-76.55559389,3.42652785],[-76.55561156,3.42652673],[-76.55562698,3.42652329],[-76.55563726,3.42651985],[-76.55565439,3.42652157],[-76.55566307,3.42652394],[-76.55567192,3.42652559],[-76.55568865,3.42652674],[-76.55571434,3.42652846],[-76.55572328,3.42652794],[-76.55573404,3.42652243],[-76.55574603,3.42651813],[-76.55574946,3.42651813],[-76.55575803,3.42651813],[-76.55577002,3.42652502],[-76.5558077,3.42654912],[-76.55582826,3.42656461],[-76.55584196,3.42657838],[-76.55585395,3.42659302],[-76.55585936,3.42660024],[-76.55586937,3.42661109],[-76.5558805,3.426624],[-76.55589335,3.42664036],[-76.55590277,3.42665413],[-76.55591647,3.42667393],[-76.55592932,3.42669028],[-76.55594474,3.42670577],[-76.55595844,3.42671955],[-76.55597043,3.42673762],[-76.55597814,3.42676775],[-76.55598328,3.42678539],[-76.55599355,3.42680519],[-76.55600554,3.42682499],[-76.55600983,3.42683876],[-76.55601411,3.42684995],[-76.55601879,3.42685766],[-76.55602266,3.42686582],[-76.55602696,3.42687921],[-76.55602781,3.42689556],[-76.55602952,3.42691622],[-76.55603723,3.42693602],[-76.5560458,3.42696485],[-76.5560512,3.42697205],[-76.55605522,3.42698809],[-76.55605607,3.42701133],[-76.55605961,3.42701962],[-76.55606121,3.42703113],[-76.55607234,3.42704662],[-76.5560869,3.42705953],[-76.55609547,3.4270733],[-76.55610061,3.42709224],[-76.55610403,3.42712581],[-76.55610403,3.42715852],[-76.55610574,3.42720327],[-76.55610403,3.42723168],[-76.55609803,3.42726094],[-76.55609375,3.42728375],[-76.55609118,3.42730269],[-76.55609289,3.42733109],[-76.55609546,3.42735605],[-76.55609974,3.42737585],[-76.55610659,3.42739478],[-76.55611088,3.427412],[-76.55611266,3.42742086],[-76.55611349,3.42742986],[-76.55611259,3.427446],[-76.55611344,3.4274701],[-76.55611858,3.42749506],[-76.55612629,3.4275269],[-76.55613143,3.42754928],[-76.55613153,3.42755832],[-76.55613196,3.42756736],[-76.55613271,3.42757637],[-76.55613485,3.42759232],[-76.55613399,3.4276147],[-76.55613142,3.42763105],[-76.55612543,3.42764396],[-76.55612543,3.42765343],[-76.55612543,3.42768441],[-76.55612533,3.42769346],[-76.55612457,3.42771024],[-76.55611857,3.42772659],[-76.55611857,3.42774725],[-76.55611857,3.42777135],[-76.556116,3.42779545],[-76.55611172,3.42783117],[-76.55610743,3.42786818],[-76.55610572,3.42790002],[-76.55611171,3.42792584],[-76.55612028,3.42794478],[-76.55612199,3.42796587],[-76.55612113,3.42799944],[-76.55611942,3.428033],[-76.55611428,3.42806743],[-76.55610828,3.42808981],[-76.55610057,3.42810702],[-76.55609629,3.4281208],[-76.55609115,3.42814231],[-76.55609029,3.42816211],[-76.55608687,3.42818707],[-76.55608173,3.42821117],[-76.55607402,3.42824087],[-76.55607573,3.42827357],[-76.5560783,3.42830972],[-76.55607744,3.42834071],[-76.55607658,3.42836739],[-76.55607744,3.42837772],[-76.55609029,3.42839063],[-76.55610827,3.42840268],[-76.55612711,3.42841473],[-76.55615281,3.42842678],[-76.55615941,3.42843286],[-76.55616823,3.42843625],[-76.55617679,3.42844572],[-76.55617679,3.42845648],[-76.55617422,3.42847025],[-76.55617165,3.42848919],[-76.55617251,3.42850124],[-76.55617764,3.42851156],[-76.55618535,3.42852361],[-76.55618535,3.42853394],[-76.55618278,3.42854771],[-76.55618278,3.42856063],[-76.55618278,3.42857956],[-76.55618449,3.4286028],[-76.55618449,3.42861829],[-76.55618278,3.4286312],[-76.55618021,3.42864325],[-76.55617543,3.42864966],[-76.55622159,3.42865535],[-76.55622149,3.4286554],[-76.55622192,3.42865902],[-76.5562215,3.42865902],[-76.55621773,3.42865911],[-76.55617561,3.42866009],[-76.55580158,3.42866878],[-76.55546711,3.42866121],[-76.5552172,3.42861306],[-76.55506773,3.42858936],[-76.55510072,3.42852077],[-76.55496649,3.42720898],[-76.55470485,3.42715998],[-76.55451997,3.42714374],[-76.55432276,3.42712409],[-76.55415626,3.42711896],[-76.55422567,3.42718033],[-76.55425186,3.42727125],[-76.55423758,3.42739567],[-76.55417806,3.42763973],[-76.55414473,3.42772109],[-76.55398752,3.42794572],[-76.55398605,3.42794781],[-76.55436112,3.4283381],[-76.55436312,3.42834018],[-76.55435101,3.42834958],[-76.55434973,3.42835901],[-76.55434811,3.4283679],[-76.55434608,3.42837671],[-76.55434366,3.42838542],[-76.55434144,3.42839742],[-76.55433972,3.4284063],[-76.55433794,3.42841516],[-76.55433611,3.42842402],[-76.55433422,3.42843286],[-76.55433114,3.42844934],[-76.55432958,3.42845825],[-76.55432808,3.42846717],[-76.55432666,3.4284761],[-76.5543253,3.42848504],[-76.55432323,3.42850166],[-76.55432173,3.42851057],[-76.55431998,3.42851944],[-76.55431796,3.42852826],[-76.55431166,3.42854407],[-76.55430434,3.42855255],[-76.55429907,3.42855988],[-76.55429197,3.4285694],[-76.55428623,3.42857636],[-76.55428019,3.42858307],[-76.5542698,3.42859515],[-76.55426341,3.42860151],[-76.55425622,3.42861344],[-76.55425024,3.42862019],[-76.5542431,3.42863352],[-76.55424044,3.42864215],[-76.55423906,3.42865108],[-76.5542378,3.42866148],[-76.55423752,3.42866882],[-76.55423745,3.42867051],[-76.55423778,3.42867955],[-76.55423878,3.42868853],[-76.55423997,3.42869487],[-76.55424045,3.42869742],[-76.55423486,3.42871005],[-76.55422788,3.42871567],[-76.55422137,3.42872247],[-76.55421579,3.42872955],[-76.5542109,3.42873714],[-76.55420674,3.42874516],[-76.55420049,3.42876039],[-76.55419783,3.42876903],[-76.5541923,3.42878499],[-76.5541897,3.42879365],[-76.55418735,3.42880237],[-76.55418551,3.4288148],[-76.55418392,3.4288237],[-76.55418211,3.42883256],[-76.55418053,3.42884243],[-76.55417878,3.4288513],[-76.55417675,3.42886011],[-76.55417442,3.42886884],[-76.55417181,3.42887749],[-76.55416795,3.4288893],[-76.55416534,3.42889795],[-76.5541629,3.42890666],[-76.55416062,3.42891541],[-76.55415659,3.42892512],[-76.55415256,3.42893321],[-76.55414805,3.42894103],[-76.55414082,3.42895214],[-76.55413512,3.42895913],[-76.55412884,3.4289656],[-76.55411451,3.42897403],[-76.5541008,3.42897575],[-76.55409181,3.42897578],[-76.5540807,3.42897702],[-76.55407172,3.42897764],[-76.55406273,3.42897793],[-76.55405373,3.42897789],[-76.55403835,3.4289779],[-76.55402936,3.42897764],[-76.55402037,3.42897718],[-76.55400974,3.42897474],[-76.55400081,3.42897367],[-76.55398464,3.42897051],[-76.55397566,3.42897086],[-76.55396176,3.42897076],[-76.55395279,3.42897141],[-76.55394387,3.42897262],[-76.5539305,3.42897323],[-76.55392151,3.42897379],[-76.55391254,3.42897445],[-76.55390357,3.42897523],[-76.55389462,3.42897613],[-76.55388109,3.42897743],[-76.55387214,3.4289784],[-76.5538632,3.42897946],[-76.55385428,3.4289806],[-76.55384536,3.42898183],[-76.55383646,3.42898314],[-76.55382229,3.42898577],[-76.55381342,3.42898727],[-76.55380453,3.42898868],[-76.55379562,3.42898998],[-76.5537867,3.42899117],[-76.55377777,3.42899227],[-76.55376781,3.42899472],[-76.55375911,3.42899703],[-76.55375045,3.42899949],[-76.55374184,3.42900211],[-76.55373327,3.42900488],[-76.55372475,3.4290078],[-76.55371629,3.42901087],[-76.55370589,3.42901501],[-76.55369711,3.42901695],[-76.55368814,3.4290176],[-76.55253921,3.42847691],[-76.55253559,3.4284752],[-76.55254564,3.42848995],[-76.55255375,3.4285113],[-76.55255466,3.42852418],[-76.5525549,3.4285276],[-76.55254718,3.42853381],[-76.55253714,3.42853226],[-76.55252903,3.42852721],[-76.55252362,3.42852411],[-76.55251783,3.42852488],[-76.55251554,3.42853571],[-76.55251512,3.42853769],[-76.55252053,3.42855865],[-76.55253018,3.42858931],[-76.55253292,3.42859792],[-76.55253609,3.42860639],[-76.55253968,3.42861468],[-76.55254467,3.42862463],[-76.55254846,3.42863283],[-76.55255219,3.42864106],[-76.55255585,3.42864932],[-76.55255943,3.42865762],[-76.5525632,3.42866655],[-76.55256562,3.42867526],[-76.55256809,3.42868396],[-76.55257061,3.42869264],[-76.55257319,3.4287013],[-76.55257595,3.42871041],[-76.5525785,3.42871908],[-76.55258085,3.42872781],[-76.552583,3.42873659],[-76.55258496,3.42874542],[-76.55258734,3.42875776],[-76.55258912,3.42876662],[-76.55259103,3.42877546],[-76.55259305,3.42878427],[-76.5525952,3.42879306],[-76.55259746,3.42880181],[-76.55259996,3.4288105],[-76.55260226,3.42881924],[-76.55260435,3.42882803],[-76.55260665,3.42883888],[-76.55261025,3.42884716],[-76.55261327,3.42885568],[-76.55261727,3.42887187],[-76.55262024,3.4288804],[-76.55262287,3.42888905],[-76.55262516,3.4288978],[-76.55262721,3.4289066],[-76.55262864,3.42891553],[-76.55262962,3.42892892],[-76.55262983,3.42893514],[-76.55262992,3.42893795],[-76.55262893,3.42894694],[-76.55262537,3.4289592],[-76.552619,3.42897666],[-76.5526156,3.42898504],[-76.55261227,3.42899343],[-76.55260899,3.42900186],[-76.55260579,3.42901031],[-76.552602,3.42902052],[-76.55259866,3.42902891],[-76.5525957,3.42903745],[-76.55259316,3.42904613],[-76.55259042,3.42905778],[-76.5525888,3.42906667],[-76.55258739,3.42907561],[-76.55258597,3.42908661],[-76.55258578,3.42908805],[-76.55258656,3.42909706],[-76.55258836,3.42910591],[-76.5525937,3.42912027],[-76.55259694,3.4291287],[-76.55260018,3.42913714],[-76.55260341,3.42914558],[-76.55260665,3.42915402],[-76.55260988,3.42916246],[-76.55261378,3.42917266],[-76.55261672,3.42918121],[-76.55261891,3.42918998],[-76.55262031,3.42919891],[-76.55262089,3.42921258],[-76.55262092,3.42921342],[-76.55262082,3.4292224],[-76.55261165,3.42923593],[-76.55260393,3.42924048],[-76.55258732,3.42924136],[-76.55257833,3.42924124],[-76.55256944,3.42923989],[-76.55255913,3.4292367],[-76.55255036,3.42923464],[-76.55254156,3.42923278],[-76.552529,3.42923049],[-76.55252009,3.42922921],[-76.55251112,3.42922856],[-76.55250212,3.42922854],[-76.55249154,3.42922933],[-76.55248275,3.42923127],[-76.55247402,3.42923348],[-76.55246296,3.4292367],[-76.55245495,3.42924082],[-76.55244733,3.42924563],[-76.55243669,3.42925416],[-76.55242723,3.42926076],[-76.55242057,3.42926684],[-76.55241394,3.42927296],[-76.55240736,3.42927912],[-76.5524008,3.42928532],[-76.55239429,3.42929156],[-76.55238781,3.42929784],[-76.55237895,3.42930656],[-76.55237211,3.42931243],[-76.5523655,3.42931857],[-76.55235914,3.42932496],[-76.55235302,3.4293316],[-76.55234535,3.42934071],[-76.552339,3.42934712],[-76.55233296,3.42935382],[-76.55232725,3.42936081],[-76.55231831,3.42937331],[-76.55231312,3.4293807],[-76.5523083,3.42938833],[-76.55230383,3.42939618],[-76.55229842,3.42940708],[-76.5522945,3.42941522],[-76.5522911,3.42942359],[-76.55228822,3.42943216],[-76.55228451,3.42944744],[-76.55228322,3.42945639],[-76.55228193,3.42946534],[-76.55228064,3.42947429],[-76.55227935,3.42948324],[-76.55227678,3.429501],[-76.55226658,3.42951498],[-76.55188352,3.42933016],[-76.55188233,3.42932959],[-76.55188352,3.42932654],[-76.55186188,3.4293161]]]]},"geometry_name":"the_geom","properties":{"bpcodigo":"2005","bpnombre":"Belén","bpcomuna":20,"bpestramod":1,"bpupu":8,"bpobserv":null,"bparea":18.7931319404,"bpperim":2563.85823827}},{"type":"Feature","id":"pmih_barrios_precarios.46","geometry":{"type":"MultiPolygon","coordinates":[[[[-76.47435261,3.43375193],[-76.47467411,3.43326026],[-76.47522232,3.43246187],[-76.47511184,3.432414],[-76.47499185,3.43235273],[-76.47496217,3.43234318],[-76.47465746,3.43194682],[-76.47446851,3.43169358],[-76.47443095,3.43165583],[-76.47452252,3.43158507],[-76.47611986,3.43036956],[-76.47632495,3.43021349],[-76.47634052,3.43020164],[-76.47730352,3.42945116],[-76.47733052,3.42944212],[-76.47773376,3.42925022],[-76.47773462,3.42925345],[-76.47774331,3.42928624],[-76.47777705,3.42941625],[-76.47785577,3.42964235],[-76.477912,3.42980628],[-76.4779851,3.42999847],[-76.47813131,3.43024154],[-76.4782719,3.4304733],[-76.4784575,3.43067116],[-76.47863747,3.4308464],[-76.47890181,3.43102731],[-76.47929552,3.43128172],[-76.47961611,3.43147959],[-76.47999294,3.43173399],[-76.48018978,3.43190358],[-76.48033039,3.43199404],[-76.48038383,3.43201399],[-76.48038567,3.43201467],[-76.47962488,3.43324424],[-76.47958888,3.43331658],[-76.47950787,3.43344318],[-76.47938187,3.43363728],[-76.47938199,3.43363736],[-76.47938083,3.43363823],[-76.47937425,3.43364845],[-76.47937285,3.43364753],[-76.47918388,3.43350282],[-76.47910287,3.43368367],[-76.47903985,3.43388262],[-76.47897684,3.43397305],[-76.47883283,3.43419007],[-76.47877883,3.43427146],[-76.47864813,3.43447228],[-76.47840513,3.43432044],[-76.47755754,3.43375327],[-76.47711232,3.43347326],[-76.47698134,3.43364313],[-76.47636454,3.43460255],[-76.47606686,3.43503081],[-76.47551675,3.43576771],[-76.47530241,3.4361242],[-76.47523892,3.43620657],[-76.47523742,3.4362082],[-76.47442125,3.43512797],[-76.47377358,3.43425934],[-76.47377178,3.43425693],[-76.47377357,3.43425571],[-76.47382026,3.43421661],[-76.47394627,3.4341081],[-76.47400027,3.43405385],[-76.47422045,3.43387394],[-76.47435261,3.43375193]]]]},"geometry_name":"the_geom","properties":{"bpcodigo":"1499","bpnombre":"Los Naranjos II","bpcomuna":14,"bpestramod":1,"bpupu":4,"bpobserv":null,"bparea":26.0411848091,"bpperim":2484.65486982}},{"type":"Feature","id":"pmih_barrios_precarios.47","geometry":{"type":"MultiPolygon","coordinates":[[[[-76.47276894,3.4329548],[-76.47276737,3.43295635],[-76.47174163,3.43375611],[-76.4719995,3.43408263],[-76.47200174,3.43408546],[-76.4674478,3.43573512],[-76.46719085,3.43582819],[-76.46620492,3.43791663],[-76.46542362,3.43710131],[-76.4653631,3.43703673],[-76.46532802,3.43700168],[-76.46529217,3.43696734],[-76.46525554,3.43693392],[-76.46521821,3.43690127],[-76.46518011,3.43686947],[-76.46514131,3.4368386],[-76.46510187,3.43680856],[-76.46506173,3.43677952],[-76.46502088,3.43675132],[-76.46497947,3.43672405],[-76.46493751,3.43669776],[-76.4648949,3.43667246],[-76.46487741,3.43666258],[-76.46485174,3.43664808],[-76.46480808,3.43662469],[-76.46413361,3.43620486],[-76.46406282,3.43615978],[-76.46402162,3.43613222],[-76.46398078,3.43610409],[-76.46394043,3.43607533],[-76.4639005,3.43604594],[-76.46386099,3.4360159],[-76.46382204,3.43598531],[-76.46378352,3.43595407],[-76.46374549,3.43592228],[-76.46370788,3.43588984],[-76.46367083,3.43585684],[-76.46363435,3.43582328],[-76.46359828,3.43578922],[-76.46356285,3.43575452],[-76.46352792,3.43571926],[-76.46349347,3.43568351],[-76.46345966,3.43564726],[-76.46342634,3.43561045],[-76.46339365,3.43557307],[-76.46336152,3.43553527],[-76.46332996,3.43549697],[-76.46329903,3.43545811],[-76.46326867,3.43541882],[-76.46323893,3.43537911],[-76.46320976,3.43533891],[-76.46318129,3.43529821],[-76.46315338,3.43525715],[-76.46312611,3.43521561],[-76.46309954,3.43517364],[-76.46307353,3.43513131],[-76.4630483,3.43508857],[-76.46302363,3.43504546],[-76.46299966,3.43500194],[-76.46297632,3.43495806],[-76.46295369,3.43491383],[-76.46286183,3.4346481],[-76.46279416,3.43442815],[-76.46278012,3.4342193],[-76.46264407,3.43363117],[-76.46277878,3.433613],[-76.46285735,3.43358909],[-76.46358835,3.43346476],[-76.46459556,3.4332639],[-76.46522655,3.43314674],[-76.46575277,3.43305349],[-76.46636233,3.43293154],[-76.46728477,3.43276178],[-76.46805625,3.43261448],[-76.46863343,3.43249588],[-76.46983159,3.43227781],[-76.4704202,3.43216112],[-76.47059637,3.43211938],[-76.47072925,3.43222624],[-76.47099119,3.43205399],[-76.47100216,3.43202828],[-76.47100547,3.43202766],[-76.47131504,3.43178605],[-76.47169866,3.43156355],[-76.47179273,3.43168345],[-76.47192395,3.43185412],[-76.47263034,3.43277291],[-76.47276894,3.4329548]]]]},"geometry_name":"the_geom","properties":{"bpcodigo":"2108","bpnombre":"Ciudad Talanga","bpcomuna":21,"bpestramod":1,"bpupu":4,"bpobserv":null,"bparea":34.4438938882,"bpperim":2901.66631312}},{"type":"Feature","id":"pmih_barrios_precarios.48","geometry":{"type":"MultiPolygon","coordinates":[[[[-76.47636454,3.43460255],[-76.47698134,3.43364313],[-76.47711232,3.43347326],[-76.47755754,3.43375327],[-76.47840513,3.43432044],[-76.47864813,3.43447228],[-76.47877883,3.43427146],[-76.47883283,3.43419007],[-76.47897684,3.43397305],[-76.47903985,3.43388262],[-76.47910287,3.43368367],[-76.47918388,3.43350282],[-76.47937285,3.43364753],[-76.47937425,3.43364845],[-76.47938083,3.43363823],[-76.47938199,3.43363736],[-76.48026657,3.43422489],[-76.48084019,3.43461309],[-76.48087562,3.43463707],[-76.48154151,3.43508931],[-76.4815865,3.4351074],[-76.48233547,3.43560339],[-76.48233583,3.43560363],[-76.48232677,3.43569093],[-76.48232109,3.43621095],[-76.48231543,3.43658401],[-76.48225914,3.4369401],[-76.48218598,3.43727359],[-76.4820847,3.43754489],[-76.48199723,3.43788167],[-76.48199438,3.43788897],[-76.48182384,3.43832548],[-76.4816738,3.43893322],[-76.48162378,3.43946441],[-76.481619,3.43984246],[-76.4815547,3.44014873],[-76.48151422,3.44036646],[-76.48148563,3.44062009],[-76.48152134,3.44090961],[-76.48159442,3.44105075],[-76.4813719,3.44091478],[-76.48136124,3.44090827],[-76.48135737,3.44090592],[-76.4808783,3.44061525],[-76.48059549,3.44044366],[-76.4804745,3.4403687],[-76.4804286,3.44034072],[-76.4797402,3.4399228],[-76.47969345,3.43989383],[-76.47878726,3.43931587],[-76.47875668,3.43929601],[-76.47805029,3.43886545],[-76.47800888,3.43884008],[-76.47736185,3.43842828],[-76.47735938,3.43842671],[-76.47735381,3.43842316],[-76.47732681,3.43840415],[-76.4771828,3.43830537],[-76.47648545,3.43782704],[-76.4764503,3.4377963],[-76.4764338,3.4377745],[-76.47614499,3.43739688],[-76.4759062,3.43710811],[-76.47531176,3.43630806],[-76.47524581,3.4362193],[-76.47524128,3.43621331],[-76.47523742,3.4362082],[-76.47523892,3.43620657],[-76.47530241,3.4361242],[-76.47551675,3.43576771],[-76.47606686,3.43503081],[-76.47636454,3.43460255]]]]},"geometry_name":"the_geom","properties":{"bpcodigo":"1402","bpnombre":"Alirio Mora Beltrán","bpcomuna":14,"bpestramod":2,"bpupu":4,"bpobserv":null,"bparea":38.4255216165,"bpperim":2629.84033936}},{"type":"Feature","id":"pmih_barrios_precarios.49","geometry":{"type":"MultiPolygon","coordinates":[[[[-76.55011612,3.4436751],[-76.55009616,3.44366474],[-76.54857268,3.4436654],[-76.54849669,3.44348827],[-76.54841843,3.44320323],[-76.54841762,3.44320388],[-76.54837713,3.44305642],[-76.54837595,3.44305165],[-76.54827049,3.44262767],[-76.54818951,3.44228401],[-76.54804554,3.44171427],[-76.54803251,3.44165752],[-76.54803326,3.44165714],[-76.54808154,3.44163288],[-76.54809954,3.4416148],[-76.54809954,3.44161116],[-76.54809954,3.44160575],[-76.54810854,3.44159671],[-76.54811754,3.44157863],[-76.54811754,3.44157499],[-76.54811754,3.44152437],[-76.54812655,3.44146106],[-76.54813555,3.4414068],[-76.54813555,3.44140317],[-76.54813555,3.44137063],[-76.54813555,3.44136699],[-76.54813555,3.44136158],[-76.54813555,3.44135795],[-76.54813555,3.44129828],[-76.54814203,3.44126376],[-76.54816297,3.44123337],[-76.54822115,3.44116556],[-76.54828165,3.44109541],[-76.54835612,3.44099486],[-76.54844455,3.44086626],[-76.5485865,3.44068387],[-76.54881971,3.44038705],[-76.54904705,3.44035474],[-76.5492769,3.44040782],[-76.54948685,3.44049194],[-76.54949817,3.44049285],[-76.5512696,3.44063415],[-76.5518251,3.44116784],[-76.55185359,3.44119521],[-76.55185559,3.44119324],[-76.55194009,3.44126365],[-76.55182612,3.44138962],[-76.55177669,3.44158828],[-76.55178656,3.44181676],[-76.55180632,3.44209489],[-76.55183597,3.44229356],[-76.55179642,3.44249223],[-76.55167779,3.4427207],[-76.55159871,3.44290943],[-76.55146031,3.44308823],[-76.5513318,3.44320742],[-76.55120329,3.44327695],[-76.55103524,3.44338622],[-76.55100346,3.44340053],[-76.55057112,3.44358572],[-76.55049487,3.4436368],[-76.55043513,3.44365851],[-76.5503665,3.44367894],[-76.5503271,3.44369043],[-76.55029914,3.44370193],[-76.55025847,3.44370703],[-76.55022542,3.44370703],[-76.55018221,3.44370575],[-76.5501479,3.44369553],[-76.55011612,3.4436751]]]]},"geometry_name":"the_geom","properties":{"bpcodigo":"1917","bpnombre":"El Mortiñal","bpcomuna":19,"bpestramod":2,"bpupu":8,"bpobserv":null,"bparea":12.6614612487,"bpperim":1338.17403395}},{"type":"Feature","id":"pmih_barrios_precarios.50","geometry":{"type":"MultiPolygon","coordinates":[[[[-76.49571168,3.43361373],[-76.49571333,3.43361345],[-76.49588011,3.4339523],[-76.49587919,3.43395405],[-76.49571334,3.43361708],[-76.49571168,3.43361373]]],[[[-76.48414871,3.44371456],[-76.4841304,3.44344908],[-76.48412858,3.44325912],[-76.48412856,3.44325911],[-76.48412315,3.44269315],[-76.48410851,3.4423613],[-76.48409752,3.44217326],[-76.48407552,3.44202208],[-76.48406821,3.44185247],[-76.48406825,3.44185004],[-76.4840719,3.44164229],[-76.4840866,3.44136944],[-76.48408649,3.44136778],[-76.48406829,3.44110765],[-76.48406467,3.44062094],[-76.48405918,3.44053383],[-76.4840594,3.44053383],[-76.48405916,3.44053008],[-76.48432167,3.44053011],[-76.48483463,3.44052113],[-76.48496961,3.44053923],[-76.48505061,3.44053019],[-76.48509561,3.44052115],[-76.4851676,3.44051212],[-76.48520361,3.44036743],[-76.48520361,3.44035788],[-76.48524135,3.44028965],[-76.4853713,3.44015909],[-76.48547168,3.44004449],[-76.48550063,3.44003286],[-76.48552762,3.44001477],[-76.48561762,3.43996052],[-76.48571662,3.43988818],[-76.48574362,3.4398701],[-76.48579762,3.43983393],[-76.48583362,3.43979776],[-76.48586063,3.43976159],[-76.48588763,3.43973447],[-76.48590563,3.43969829],[-76.48600463,3.43956265],[-76.48604964,3.43949031],[-76.48607664,3.43945414],[-76.48609464,3.43941797],[-76.48611264,3.43939084],[-76.48614865,3.43933658],[-76.48615765,3.4393185],[-76.48617565,3.43928233],[-76.48619365,3.4392552],[-76.48622966,3.43918286],[-76.48625666,3.4391286],[-76.48627466,3.43908338],[-76.48629267,3.43905626],[-76.48632867,3.439002],[-76.48634667,3.43896583],[-76.48636467,3.43894774],[-76.48638267,3.43892061],[-76.48640067,3.43889349],[-76.48641868,3.43886636],[-76.48642768,3.43885732],[-76.48643668,3.43884827],[-76.48647107,3.43880507],[-76.48647269,3.4388067],[-76.48649068,3.43882478],[-76.48668865,3.43901472],[-76.48677863,3.43909612],[-76.48682362,3.43915038],[-76.48683262,3.43915943],[-76.48695858,3.4394217],[-76.48735446,3.44028991],[-76.48739944,3.44038939],[-76.48755106,3.44069419],[-76.48755255,3.44069718],[-76.4874714,3.44073305],[-76.4873994,3.44082347],[-76.48734539,3.44089581],[-76.48730039,3.44094103],[-76.48724639,3.44098624],[-76.48720139,3.44104049],[-76.48714739,3.44110379],[-76.48709339,3.44116709],[-76.48705738,3.44122135],[-76.48702138,3.44126656],[-76.48697638,3.44132081],[-76.48693138,3.44135698],[-76.48690438,3.44138411],[-76.48684138,3.44142932],[-76.48673338,3.44151974],[-76.48667938,3.441574],[-76.48662537,3.44161921],[-76.48658037,3.44167346],[-76.48652637,3.44175485],[-76.48650836,3.44185432],[-76.48646918,3.44191035],[-76.48642436,3.44196561],[-76.48638769,3.44200654],[-76.48632861,3.44205362],[-76.4862838,3.44207408],[-76.48624306,3.44207612],[-76.48617788,3.44206793],[-76.48612899,3.44205564],[-76.48608825,3.44205768],[-76.48603121,3.44208224],[-76.48599047,3.4421109],[-76.48592324,3.4421723],[-76.4858112,3.44230329],[-76.48574235,3.44238019],[-76.48574113,3.44238155],[-76.48578086,3.44245526],[-76.48584503,3.44255662],[-76.48591226,3.44266105],[-76.48592129,3.44267619],[-76.48592384,3.44268045],[-76.48600452,3.44284331],[-76.48591737,3.44289212],[-76.48573494,3.44312787],[-76.48564324,3.44325379],[-76.48555765,3.44336127],[-76.48547206,3.44345954],[-76.48540787,3.44351175],[-76.48537425,3.44353324],[-76.48529173,3.44356395],[-76.48519087,3.44357315],[-76.4851114,3.44357007],[-76.48505333,3.44357928],[-76.48500443,3.44360999],[-76.48496775,3.44363762],[-76.48492801,3.44366219],[-76.48486077,3.44369904],[-76.48475074,3.44375431],[-76.48467738,3.44378502],[-76.48459486,3.44381265],[-76.48453373,3.44383414],[-76.48445732,3.4438587],[-76.48438702,3.44388326],[-76.48434728,3.44390476],[-76.4842831,3.44395082],[-76.48419446,3.44400917],[-76.48412557,3.44402738],[-76.48412554,3.44402753],[-76.48412546,3.44402733],[-76.48412541,3.44402442],[-76.48412556,3.44402374],[-76.48413768,3.44396897],[-76.48415237,3.44383624],[-76.48414871,3.44371456]]]]},"geometry_name":"the_geom","properties":{"bpcodigo":"1313","bpnombre":"Charco Azul","bpcomuna":13,"bpestramod":1,"bpupu":4,"bpobserv":null,"bparea":11.3609042756,"bpperim":1684.87332745}},{"type":"Feature","id":"pmih_barrios_precarios.52","geometry":{"type":"MultiPolygon","coordinates":[[[[-76.55547816,3.44809228],[-76.55538292,3.44798921],[-76.55528108,3.4479278],[-76.55515207,3.44791415],[-76.55490085,3.4479005],[-76.55460888,3.44789366],[-76.55444593,3.44783907],[-76.55437803,3.44775719],[-76.55435767,3.44766167],[-76.5543582,3.44766053],[-76.5544052,3.44755932],[-76.55445273,3.44743651],[-76.55454101,3.44728641],[-76.55458854,3.44717724],[-76.55459533,3.44705442],[-76.55459516,3.44705393],[-76.55453423,3.44688384],[-76.55441881,3.44668597],[-76.5543577,3.44667914],[-76.55413364,3.44676101],[-76.55386204,3.44675418],[-76.55364477,3.4466723],[-76.55343429,3.44649489],[-76.55330529,3.44641301],[-76.55313554,3.44644712],[-76.55302011,3.44655628],[-76.5529522,3.4467405],[-76.55289109,3.44693154],[-76.55280961,3.44699977],[-76.55237505,3.44719763],[-76.55229578,3.44721735],[-76.55220053,3.44719247],[-76.55207481,3.44706422],[-76.55198788,3.44695185],[-76.55197347,3.44693663],[-76.5519167,3.44687664],[-76.55181003,3.4468575],[-76.55171288,3.44688621],[-76.55162656,3.44692785],[-76.55161901,3.4469315],[-76.55106765,3.44719746],[-76.55101029,3.44723851],[-76.55051461,3.44760694],[-76.55022266,3.447334],[-76.55010723,3.44741587],[-76.54993621,3.44752225],[-76.5499322,3.44751519],[-76.54983975,3.44754378],[-76.54974729,3.44755092],[-76.54967617,3.44756997],[-76.54960031,3.44759618],[-76.54951971,3.44760808],[-76.54943437,3.44755091],[-76.5493348,3.44745085],[-76.54925421,3.44736985],[-76.54903891,3.44723666],[-76.54880439,3.44711688],[-76.54870605,3.44709126],[-76.54867156,3.44711105],[-76.54859139,3.44714127],[-76.54850118,3.4471614],[-76.54835753,3.44716475],[-76.5481905,3.44713453],[-76.54797001,3.44710095],[-76.54762926,3.44705058],[-76.54744886,3.44701029],[-76.54726249,3.44695848],[-76.54726235,3.4469585],[-76.54698395,3.44697597],[-76.54670555,3.44697596],[-76.54649675,3.44689727],[-76.54629665,3.44676612],[-76.54611037,3.44660699],[-76.54611131,3.44660415],[-76.54611948,3.44657954],[-76.54613748,3.44653432],[-76.54618248,3.44644389],[-76.54618248,3.44644025],[-76.54618248,3.44634441],[-76.54618248,3.44634439],[-76.54617349,3.44625398],[-76.5461645,3.44610929],[-76.54616449,3.44610565],[-76.5461645,3.44604598],[-76.5461735,3.44598268],[-76.5461825,3.44592842],[-76.5462005,3.44587416],[-76.5462275,3.44582894],[-76.5462545,3.44578373],[-76.5462815,3.44574756],[-76.5463175,3.44572043],[-76.5463625,3.44568425],[-76.5464075,3.44565713],[-76.5464525,3.44563],[-76.54647949,3.44562096],[-76.54653349,3.44561192],[-76.54656949,3.44560287],[-76.54775741,3.44546727],[-76.54779676,3.44546233],[-76.54794749,3.44544173],[-76.54824333,3.44540899],[-76.54843638,3.44536365],[-76.54859685,3.44528304],[-76.54879492,3.44508905],[-76.54891035,3.44491064],[-76.54895435,3.44468959],[-76.54896335,3.44461725],[-76.54896335,3.44461361],[-76.54896335,3.44454488],[-76.54895436,3.44449064],[-76.54895435,3.444487],[-76.54895436,3.44442732],[-76.54893636,3.44436403],[-76.54891837,3.44430977],[-76.54889137,3.44425551],[-76.54888237,3.44423742],[-76.5486754,3.44390281],[-76.54862141,3.44380333],[-76.54859442,3.44374906],[-76.54858542,3.44370385],[-76.54858204,3.44369084],[-76.54857269,3.44366903],[-76.54849669,3.44349191],[-76.54841844,3.44320687],[-76.54841762,3.44320388],[-76.54841843,3.44320323],[-76.54849669,3.44348827],[-76.54857268,3.4436654],[-76.55009616,3.44366474],[-76.55011612,3.4436751],[-76.5501479,3.44369553],[-76.55018221,3.44370575],[-76.55022542,3.44370703],[-76.55025847,3.44370703],[-76.55029914,3.44370193],[-76.5503271,3.44369043],[-76.5503665,3.44367894],[-76.55043513,3.44365851],[-76.55049487,3.4436368],[-76.55057112,3.44358572],[-76.55100346,3.44340053],[-76.55103524,3.44338622],[-76.55120329,3.44327695],[-76.5513318,3.44320742],[-76.55146031,3.44308823],[-76.55159871,3.44290943],[-76.55167779,3.4427207],[-76.55179642,3.44249223],[-76.55183597,3.44229356],[-76.55180632,3.44209489],[-76.55178656,3.44181676],[-76.55177669,3.44158828],[-76.55182612,3.44138962],[-76.55194009,3.44126365],[-76.55185559,3.44119324],[-76.55185868,3.44119021],[-76.5518377,3.44106571],[-76.55180087,3.44097152],[-76.55173183,3.44084379],[-76.55173856,3.44082025],[-76.55174253,3.44078636],[-76.55174753,3.44075726],[-76.55175363,3.44072813],[-76.55175886,3.4407087],[-76.55176416,3.44069445],[-76.55177064,3.44066991],[-76.55177413,3.44065185],[-76.55178258,3.44063313],[-76.55179153,3.44061195],[-76.55180313,3.4406001],[-76.55181021,3.44059099],[-76.55180804,3.4405818],[-76.55179455,3.44057839],[-76.55177822,3.4405745],[-76.55176312,3.44056843],[-76.55173801,3.44055683],[-76.55172302,3.44054663],[-76.55171423,3.44053293],[-76.55171166,3.44051553],[-76.55171125,3.44049648],[-76.55171577,3.44047693],[-76.55172176,3.4404601],[-76.55172443,3.44044178],[-76.55172428,3.44042113],[-76.55171531,3.44040797],[-76.55170911,3.44040542],[-76.55170173,3.44040227],[-76.55168954,3.44039367],[-76.55166981,3.44039337],[-76.55165326,3.44039371],[-76.55163652,3.44040093],[-76.55162344,3.4404072],[-76.55161924,3.44040776],[-76.55191168,3.43998622],[-76.55206064,3.44006713],[-76.55215324,3.44014804],[-76.55224987,3.44031796],[-76.55250859,3.44095138],[-76.55269001,3.44088472],[-76.55295662,3.44078674],[-76.55298073,3.4407766],[-76.55298238,3.44077591],[-76.55301248,3.44082925],[-76.55302702,3.4408563],[-76.55316433,3.44111186],[-76.55326529,3.44130149],[-76.55334093,3.44143545],[-76.55337081,3.44147537],[-76.55342621,3.44153013],[-76.55348724,3.44157492],[-76.5535747,3.44163011],[-76.55369492,3.44170083],[-76.55383201,3.44175898],[-76.55397446,3.44181057],[-76.55407879,3.44185897],[-76.55414797,3.44190376],[-76.55420147,3.44194446],[-76.55427283,3.44200232],[-76.55436606,3.44208979],[-76.5544559,3.44216582],[-76.55455328,3.44223365],[-76.55460601,3.44225795],[-76.55469276,3.44230777],[-76.554696,3.4423096],[-76.55474549,3.44234034],[-76.55479857,3.44237291],[-76.5548319,3.44239185],[-76.55487507,3.44242265],[-76.55491289,3.44245247],[-76.55494614,3.44248681],[-76.55497405,3.44252573],[-76.55501279,3.44259172],[-76.55503079,3.44263602],[-76.55504337,3.44268216],[-76.55505054,3.44273013],[-76.55504963,3.44276991],[-76.55503612,3.4428477],[-76.55502804,3.44288655],[-76.55501904,3.44291913],[-76.55501186,3.44296159],[-76.55499225,3.44301684],[-76.55497179,3.4430629],[-76.55688605,3.44679598],[-76.55864066,3.44705329],[-76.55864068,3.44705896],[-76.5585837,3.44712306],[-76.55856839,3.44714028],[-76.55853253,3.44716245],[-76.55844807,3.44721466],[-76.55843358,3.44722362],[-76.55840434,3.44723189],[-76.55814856,3.44730426],[-76.55811076,3.44731495],[-76.55803829,3.44733516],[-76.55780253,3.44737413],[-76.55764195,3.44741839],[-76.55743059,3.4474625],[-76.55738712,3.44747157],[-76.55716539,3.44753473],[-76.5571539,3.44754025],[-76.55701315,3.44760786],[-76.55687416,3.44769096],[-76.55686985,3.44769411],[-76.55686985,3.44769437],[-76.55665663,3.44786318],[-76.55665536,3.44786202],[-76.55665525,3.44786192],[-76.55655867,3.44777368],[-76.55651368,3.44773751],[-76.55639669,3.44768324],[-76.55635169,3.44766515],[-76.55633369,3.44766515],[-76.55629769,3.44766515],[-76.5562527,3.44766515],[-76.5562257,3.44767419],[-76.5561897,3.44768324],[-76.5561447,3.44770132],[-76.55608171,3.44772845],[-76.55607271,3.44773749],[-76.55596471,3.44780984],[-76.55591072,3.44785505],[-76.55581172,3.44795452],[-76.55577572,3.4479907],[-76.55573072,3.44801783],[-76.55569472,3.44803591],[-76.55565873,3.448054],[-76.55561373,3.44807208],[-76.55560473,3.44807208],[-76.55548102,3.44809539],[-76.55547816,3.44809228]]]]},"geometry_name":"the_geom","properties":{"bpcodigo":"1909","bpnombre":"Bellavista","bpcomuna":19,"bpestramod":2,"bpupu":8,"bpobserv":null,"bparea":48.9859738139,"bpperim":4359.35336413}},{"type":"Feature","id":"pmih_barrios_precarios.53","geometry":{"type":"MultiPolygon","coordinates":[[[[-76.48412857,3.44326002],[-76.48412856,3.44325911],[-76.48412858,3.44325912],[-76.4841304,3.44344908],[-76.48414871,3.44371456],[-76.48415237,3.44383624],[-76.48413768,3.44396897],[-76.48412556,3.44402374],[-76.48412541,3.44402442],[-76.48412546,3.44402733],[-76.48412554,3.44402753],[-76.48411566,3.44407217],[-76.48410831,3.44422703],[-76.48410316,3.44433032],[-76.48410095,3.44437451],[-76.48408176,3.44448247],[-76.48408121,3.44448554],[-76.48406424,3.44458099],[-76.4840275,3.44495708],[-76.48397608,3.44545854],[-76.48394668,3.44592681],[-76.48392464,3.44608167],[-76.48391362,3.4462439],[-76.48389525,3.44644301],[-76.48387322,3.44658681],[-76.48385119,3.44673798],[-76.48381814,3.44696659],[-76.48379977,3.44717307],[-76.4837447,3.44743485],[-76.48366027,3.44776669],[-76.48361989,3.44792155],[-76.48356849,3.44819808],[-76.48347672,3.44856679],[-76.48341799,3.44877327],[-76.48337027,3.44895763],[-76.483314,3.44930473],[-76.48326777,3.4494866],[-76.48315073,3.4499478],[-76.48299767,3.45061699],[-76.48294181,3.45086543],[-76.48294167,3.45086606],[-76.48294092,3.45086571],[-76.48213372,3.45061325],[-76.48202573,3.45058611],[-76.48165677,3.4504685],[-76.48158477,3.45044136],[-76.48152178,3.45040518],[-76.48145611,3.45032267],[-76.48139526,3.45010561],[-76.48135084,3.4500163],[-76.48121596,3.44970899],[-76.4811801,3.44961877],[-76.4811799,3.44961837],[-76.48112591,3.44950984],[-76.48104494,3.44932896],[-76.48099995,3.44923853],[-76.48089198,3.44900338],[-76.48081101,3.44884964],[-76.48060408,3.44837031],[-76.48051411,3.44817135],[-76.48046912,3.44806282],[-76.48028918,3.44766489],[-76.4802442,3.44752924],[-76.48021721,3.44744784],[-76.4801549,3.44716145],[-76.48023526,3.44708071],[-76.48026227,3.44698124],[-76.48028027,3.44693602],[-76.48031628,3.44686368],[-76.48037929,3.44676421],[-76.48041529,3.446719],[-76.48046029,3.44667378],[-76.4805323,3.4465924],[-76.48083831,3.44623974],[-76.48085631,3.44621262],[-76.48093732,3.4461041],[-76.48098233,3.4459775],[-76.48112636,3.44560674],[-76.48116237,3.44550727],[-76.4812884,3.44518172],[-76.48133341,3.44504607],[-76.48137842,3.44493756],[-76.48139642,3.44490138],[-76.48141442,3.44486521],[-76.48143243,3.44483808],[-76.48143656,3.44483393],[-76.48143908,3.44482774],[-76.4814618,3.44477205],[-76.48205897,3.44330797],[-76.48412857,3.44326002]]]]},"geometry_name":"the_geom","properties":{"bpcodigo":"0706","bpnombre":"Urbanización El Angel del Hogar","bpcomuna":7,"bpestramod":2,"bpupu":4,"bpobserv":null,"bparea":24.1326141957,"bpperim":2122.7966812}},{"type":"Feature","id":"pmih_barrios_precarios.54","geometry":{"type":"MultiPolygon","coordinates":[[[[-76.48079279,3.450879],[-76.4789137,3.45031104],[-76.47887599,3.45030905],[-76.478777,3.45030903],[-76.47845302,3.45029091],[-76.47837203,3.4502909],[-76.47824604,3.45029993],[-76.47794005,3.45031798],[-76.47767907,3.45033604],[-76.47733709,3.45035408],[-76.47725439,3.45036874],[-76.47725391,3.45036882],[-76.47725327,3.45036529],[-76.47725389,3.45036518],[-76.47724063,3.45029214],[-76.47722756,3.45018298],[-76.47721457,3.45004323],[-76.47718851,3.44986865],[-76.47716244,3.44975949],[-76.47712336,3.44965464],[-76.47707127,3.44955861],[-76.47698002,3.44944945],[-76.47686269,3.44935335],[-76.47683644,3.44933669],[-76.47678723,3.44930547],[-76.47686613,3.44920609],[-76.47691407,3.4491457],[-76.47697086,3.44905941],[-76.47707096,3.4489073],[-76.47713617,3.44879844],[-76.47718422,3.44873048],[-76.47724108,3.44869107],[-76.47732467,3.44862361],[-76.47741561,3.44855021],[-76.47767984,3.44836749],[-76.47778331,3.44830831],[-76.47791663,3.44823206],[-76.47822302,3.44807987],[-76.47846383,3.44796653],[-76.4784647,3.44796612],[-76.47852352,3.44796317],[-76.47868823,3.44790112],[-76.47899756,3.44778046],[-76.47905405,3.44777974],[-76.47907403,3.44777949],[-76.47912992,3.4477726],[-76.47919561,3.44773221],[-76.47939611,3.44759382],[-76.48009959,3.44721276],[-76.48009977,3.44721318],[-76.48015425,3.44715845],[-76.4801549,3.44716145],[-76.48021721,3.44744784],[-76.4802442,3.44752924],[-76.48028918,3.44766489],[-76.48046912,3.44806282],[-76.48051411,3.44817135],[-76.48060408,3.44837031],[-76.48081101,3.44884964],[-76.48089198,3.44900338],[-76.48099995,3.44923852],[-76.48104494,3.44932896],[-76.48112591,3.44950984],[-76.4811799,3.44961837],[-76.4811801,3.44961877],[-76.48121596,3.44970899],[-76.48135084,3.4500163],[-76.48139526,3.45010561],[-76.48145611,3.45032267],[-76.48152178,3.45040518],[-76.48158477,3.45044136],[-76.48165677,3.4504685],[-76.48202573,3.45058611],[-76.48213372,3.45061325],[-76.48294092,3.45086571],[-76.48294104,3.45086519],[-76.48294181,3.45086543],[-76.48294167,3.45086606],[-76.48294093,3.45086935],[-76.48284055,3.45150034],[-76.48284,3.45150382],[-76.48255661,3.4514218],[-76.48252294,3.45141144],[-76.48155771,3.45111422],[-76.48079279,3.450879]]]]},"geometry_name":"the_geom","properties":{"bpcodigo":"0705","bpnombre":"Puerto Mallarino","bpcomuna":7,"bpestramod":2,"bpupu":4,"bpobserv":null,"bparea":13.7658336013,"bpperim":1859.09259537}},{"type":"Feature","id":"pmih_barrios_precarios.55","geometry":{"type":"MultiPolygon","coordinates":[[[[-76.57001447,3.45647956],[-76.56993153,3.45627118],[-76.56993153,3.45626214],[-76.56992253,3.45625309],[-76.56991353,3.45623501],[-76.56991353,3.45622596],[-76.56990453,3.45620788],[-76.56990453,3.45619883],[-76.56990453,3.45618979],[-76.56989554,3.4561717],[-76.56989554,3.45615362],[-76.56989554,3.45614457],[-76.56989554,3.45613553],[-76.56989554,3.4561084],[-76.56989554,3.45609031],[-76.56989554,3.45606318],[-76.56989554,3.45605414],[-76.56990454,3.45604509],[-76.56990454,3.45602701],[-76.56991354,3.45600892],[-76.56993154,3.45598179],[-76.56994054,3.4559637],[-76.56995854,3.45593657],[-76.56996753,3.45592753],[-76.56998553,3.45591849],[-76.56999453,3.4559004],[-76.57001253,3.45588232],[-76.57002153,3.45587327],[-76.57003053,3.45586423],[-76.57004853,3.45584614],[-76.57006653,3.4558371],[-76.57007553,3.45581901],[-76.57009353,3.45580997],[-76.57011153,3.45580093],[-76.57012953,3.45579188],[-76.57013853,3.45578284],[-76.57017453,3.45574667],[-76.57019252,3.45573763],[-76.57021052,3.45571954],[-76.57021952,3.45571954],[-76.57024652,3.45569241],[-76.57025552,3.45568337],[-76.57027352,3.45565624],[-76.57028252,3.45564719],[-76.57029152,3.45562006],[-76.57030052,3.45560198],[-76.57030952,3.45559293],[-76.57030952,3.45558389],[-76.57031852,3.4555658],[-76.57031852,3.45554772],[-76.57031852,3.45551154],[-76.57031852,3.45549346],[-76.57031852,3.45546633],[-76.57031852,3.45544824],[-76.57030952,3.45543015],[-76.57030052,3.45541207],[-76.57030052,3.45540302],[-76.57029152,3.45538494],[-76.57028253,3.45537589],[-76.57027353,3.4553578],[-76.57024653,3.45531259],[-76.57023753,3.4552945],[-76.57022853,3.45528546],[-76.57021953,3.45526737],[-76.57019253,3.45524928],[-76.57018353,3.45524024],[-76.57015654,3.45521311],[-76.57014754,3.45520406],[-76.57013854,3.45519502],[-76.57012054,3.45518598],[-76.57011154,3.45517693],[-76.57007554,3.45515885],[-76.57006654,3.4551498],[-76.57003955,3.45514076],[-76.57003055,3.45513171],[-76.56997655,3.45511363],[-76.56994055,3.45510458],[-76.56990456,3.45509554],[-76.56982356,3.45506841],[-76.56980556,3.45505936],[-76.56977856,3.45505032],[-76.56975157,3.45504128],[-76.56973357,3.45503223],[-76.56971557,3.45502319],[-76.56969757,3.45501414],[-76.56967957,3.45499606],[-76.56966157,3.45498701],[-76.56963458,3.45497797],[-76.56961658,3.45496893],[-76.56957158,3.45495988],[-76.56955358,3.45495988],[-76.56949058,3.45495084],[-76.56948159,3.45495084],[-76.56945459,3.45494179],[-76.56941859,3.45494179],[-76.56936459,3.45493275],[-76.5692926,3.45489657],[-76.5692746,3.45489657],[-76.5692386,3.45488753],[-76.56920261,3.45487848],[-76.56914861,3.4548604],[-76.56911261,3.45485135],[-76.56906761,3.45486039],[-76.56898662,3.45489657],[-76.56886963,3.45493274],[-76.56878863,3.45495987],[-76.56868064,3.45498699],[-76.56861764,3.45500508],[-76.56845565,3.45506838],[-76.56840165,3.45508647],[-76.56837466,3.45509551],[-76.56833866,3.45510455],[-76.56830266,3.45510455],[-76.56826666,3.45509551],[-76.56823066,3.45507742],[-76.56820367,3.45505933],[-76.56819467,3.45505029],[-76.56815867,3.45501411],[-76.56811367,3.45497794],[-76.56809568,3.45495985],[-76.56797869,3.45485133],[-76.5678437,3.45471567],[-76.5678167,3.45469759],[-76.5677807,3.45467046],[-76.56775371,3.45465237],[-76.56772671,3.45464333],[-76.56768171,3.45463428],[-76.56764571,3.45461619],[-76.56758272,3.45458906],[-76.56753772,3.45458002],[-76.56750172,3.45457097],[-76.56749272,3.45457097],[-76.56745673,3.45458002],[-76.56742073,3.45458906],[-76.56738473,3.4545981],[-76.56733073,3.45461619],[-76.56727674,3.45462523],[-76.56723174,3.45463427],[-76.56718674,3.45462523],[-76.56712375,3.45462522],[-76.56702475,3.45460714],[-76.56690776,3.45459809],[-76.56687176,3.45458905],[-76.56675477,3.45455287],[-76.56669178,3.45453478],[-76.56665578,3.45452574],[-76.56658378,3.45451669],[-76.56654779,3.45451669],[-76.56645779,3.45451669],[-76.56643079,3.45451669],[-76.5663498,3.45450764],[-76.56624181,3.4544986],[-76.56618781,3.4544986],[-76.56614282,3.45448955],[-76.56605282,3.45448051],[-76.56601682,3.45447146],[-76.56599882,3.45447146],[-76.56593583,3.4544805],[-76.56589983,3.4544805],[-76.56587283,3.4544805],[-76.56584583,3.4544805],[-76.56580984,3.45447146],[-76.56578284,3.45446241],[-76.56574684,3.45443528],[-76.56571084,3.45441719],[-76.56567485,3.45438102],[-76.56563885,3.45434485],[-76.56554886,3.45425441],[-76.56551286,3.45421823],[-76.56547687,3.45418206],[-76.56544087,3.45415493],[-76.56540487,3.45413684],[-76.56538687,3.4541278],[-76.56536887,3.45411875],[-76.56534188,3.45410971],[-76.56533288,3.45410971],[-76.56529688,3.45410067],[-76.56525188,3.45410066],[-76.56521588,3.45410066],[-76.56518889,3.45410066],[-76.56516189,3.45410066],[-76.56510789,3.45410066],[-76.56507189,3.4541097],[-76.5650359,3.45411875],[-76.5649819,3.45413683],[-76.5649369,3.45414587],[-76.56470292,3.45416395],[-76.56456793,3.45418204],[-76.56448693,3.45420012],[-76.56436994,3.45422725],[-76.56425294,3.45423629],[-76.56423495,3.45423629],[-76.56416295,3.45423629],[-76.56413595,3.45424533],[-76.56410895,3.45424533],[-76.56408196,3.45424533],[-76.56403696,3.45424533],[-76.56400096,3.45425437],[-76.56396496,3.45425437],[-76.56388397,3.45423628],[-76.56376698,3.45420915],[-76.56373098,3.45419106],[-76.56369498,3.45417297],[-76.56365899,3.45415488],[-76.56363199,3.45414584],[-76.56359599,3.45415488],[-76.56356899,3.45415488],[-76.56354199,3.45417297],[-76.563506,3.45418201],[-76.563488,3.45419105],[-76.563461,3.45420914],[-76.56330801,3.45428148],[-76.56328101,3.45429053],[-76.56327201,3.45429957],[-76.56321801,3.45430861],[-76.56319101,3.45431765],[-76.56317301,3.45431765],[-76.56303802,3.4543086],[-76.56302002,3.4543086],[-76.56300203,3.45429956],[-76.56294803,3.45429052],[-76.56292103,3.45428147],[-76.56290303,3.45428147],[-76.56289403,3.45428147],[-76.56286703,3.45428147],[-76.56284904,3.45428147],[-76.56284004,3.45429051],[-76.56283104,3.45429051],[-76.56280404,3.4543086],[-76.56275004,3.45433573],[-76.56268704,3.4543719],[-76.56263305,3.45439903],[-76.56261505,3.45440807],[-76.56256105,3.4544352],[-76.56255205,3.45444424],[-76.56253405,3.45445329],[-76.56252505,3.45447137],[-76.56250705,3.45448946],[-76.56248005,3.45453467],[-76.56240806,3.45462511],[-76.56230006,3.45475171],[-76.56225506,3.45481501],[-76.56222806,3.4548331],[-76.56220106,3.45486023],[-76.56217406,3.45487832],[-76.56213807,3.4548964],[-76.56210207,3.45490544],[-76.56206607,3.45490544],[-76.56203907,3.45490544],[-76.56196708,3.45488735],[-76.56180509,3.45482404],[-76.56178709,3.454815],[-76.56174209,3.45480596],[-76.5616611,3.45478787],[-76.5616251,3.45477882],[-76.5616161,3.45476074],[-76.5616071,3.4547336],[-76.56158011,3.4547336],[-76.56152611,3.45474265],[-76.56144511,3.45476073],[-76.56132812,3.45480594],[-76.56122913,3.4548602],[-76.56117513,3.45488733],[-76.56113013,3.4549235],[-76.56109413,3.45496872],[-76.56104913,3.45502298],[-76.56099513,3.45505915],[-76.56097714,3.45507724],[-76.56093214,3.45510436],[-76.56087814,3.45513149],[-76.56083314,3.45514958],[-76.56080614,3.45515862],[-76.56076115,3.45517671],[-76.56074315,3.45517671],[-76.56070715,3.4551767],[-76.56067115,3.4551767],[-76.56060816,3.45515861],[-76.56057216,3.45514957],[-76.56057216,3.45514053],[-76.56043717,3.45507722],[-76.56041017,3.45506818],[-76.56028418,3.455032],[-76.56014019,3.45500486],[-76.5600502,3.45498677],[-76.55978022,3.45491442],[-76.55968123,3.45488729],[-76.55963623,3.45487824],[-76.55960023,3.4548692],[-76.55958223,3.4548692],[-76.55954623,3.45486919],[-76.55952824,3.45486919],[-76.55944705,3.45491003],[-76.55942924,3.45492345],[-76.55942024,3.45494154],[-76.55940224,3.45495962],[-76.55938424,3.45502293],[-76.55935724,3.45513145],[-76.55933024,3.45518571],[-76.55931224,3.45523092],[-76.55929424,3.45525805],[-76.55926724,3.45528518],[-76.55924024,3.45530327],[-76.55915025,3.45536657],[-76.55893426,3.45547508],[-76.55885326,3.45553838],[-76.55883526,3.45554743],[-76.55880826,3.4555836],[-76.55879026,3.45561977],[-76.55877308,3.45566293],[-76.55813499,3.45566291],[-76.55809817,3.4556614],[-76.55800807,3.45566105],[-76.55795262,3.45566105],[-76.55790618,3.45566105],[-76.55785662,3.45566105],[-76.55784242,3.45566105],[-76.55779667,3.45566105],[-76.55775647,3.4556607],[-76.5577232,3.4556607],[-76.5576733,3.45566069],[-76.55765597,3.45566069],[-76.55761438,3.45566069],[-76.55755582,3.45566069],[-76.55754577,3.45566034],[-76.55750938,3.45566069],[-76.55745809,3.45566034],[-76.557377,3.45565999],[-76.55734892,3.45565999],[-76.55726367,3.45565964],[-76.55720892,3.45565998],[-76.55706163,3.45565963],[-76.55702421,3.45565963],[-76.55691331,3.45565928],[-76.55685578,3.45565893],[-76.55668181,3.45565857],[-76.55662567,3.45565822],[-76.55651096,3.45565822],[-76.55645933,3.45565822],[-76.55642917,3.45565856],[-76.55632486,3.45565856],[-76.55624342,3.45565821],[-76.55619317,3.45565786],[-76.55608158,3.45565751],[-76.5560452,3.45565785],[-76.55598212,3.4556575],[-76.55590969,3.45566029],[-76.55585979,3.45566168],[-76.55583692,3.45566272],[-76.55580365,3.45566377],[-76.55570176,3.45566725],[-76.55563314,3.45566933],[-76.55559745,3.45567072],[-76.55551324,3.45567351],[-76.555437,3.45567559],[-76.55539957,3.45567768],[-76.55533442,3.45567942],[-76.55526788,3.45568221],[-76.55522283,3.4556836],[-76.55518505,3.45568464],[-76.5551147,3.45568673],[-76.55504608,3.45568951],[-76.55502564,3.45569021],[-76.55482845,3.45569682],[-76.55463126,3.45570342],[-76.55443373,3.45571003],[-76.55423619,3.45571664],[-76.55405356,3.45572325],[-76.55387058,3.45572917],[-76.55368725,3.45573578],[-76.55350392,3.45574169],[-76.5533206,3.4557483],[-76.55313727,3.45575456],[-76.55295394,3.45576082],[-76.55277062,3.45576674],[-76.55258729,3.45577265],[-76.55240293,3.45577926],[-76.55221856,3.45578552],[-76.55203419,3.45579178],[-76.55166546,3.45580431],[-76.55148109,3.45581057],[-76.55111236,3.45582309],[-76.55092834,3.45582831],[-76.55074432,3.45583352],[-76.5505603,3.45583874],[-76.55037628,3.45584395],[-76.55019226,3.45584987],[-76.55000825,3.45585508],[-76.54982423,3.4558603],[-76.54964021,3.45586656],[-76.54945619,3.45587143],[-76.54927217,3.45587664],[-76.54908815,3.45588082],[-76.54897828,3.45588404],[-76.54899072,3.4558184],[-76.54899944,3.45572501],[-76.54898492,3.45565204],[-76.5489675,3.45559658],[-76.54894136,3.45553237],[-76.54887746,3.45545065],[-76.54877872,3.45533973],[-76.54868578,3.4552259],[-76.54852314,3.45507413],[-76.54838663,3.45495154],[-76.54822689,3.45477349],[-76.54818807,3.45471974],[-76.54835097,3.45462827],[-76.54839377,3.45460481],[-76.54844997,3.45457401],[-76.54925994,3.45412187],[-76.54936793,3.45406762],[-76.54961992,3.45395006],[-76.54966492,3.45388676],[-76.54968292,3.45385059],[-76.54984491,3.45371495],[-76.54988991,3.45367877],[-76.55023189,3.45378731],[-76.55030388,3.45381444],[-76.55036687,3.45383253],[-76.55051086,3.45387775],[-76.55060986,3.45390489],[-76.55069085,3.45392298],[-76.55077184,3.45392298],[-76.55085284,3.45392298],[-76.55088884,3.45392299],[-76.55095183,3.45392299],[-76.55099683,3.45391395],[-76.55114082,3.45390491],[-76.55117682,3.45389587],[-76.55134781,3.45388683],[-76.5514828,3.45386875],[-76.55159079,3.45384162],[-76.55166279,3.4538145],[-76.55172579,3.45379641],[-76.55187878,3.45373311],[-76.55208577,3.45365173],[-76.55215777,3.4536246],[-76.55244575,3.45351609],[-76.55272474,3.45341663],[-76.55288673,3.45336237],[-76.55315671,3.45326291],[-76.55321071,3.45323578],[-76.55326471,3.45319961],[-76.55330971,3.45317248],[-76.5533547,3.45312726],[-76.5534177,3.45305492],[-76.5534987,3.45297353],[-76.5535707,3.45289214],[-76.5536697,3.45278362],[-76.55373269,3.45272032],[-76.55380469,3.45263894],[-76.55410168,3.45231338],[-76.55420068,3.45220487],[-76.55436268,3.45203305],[-76.55449767,3.45188836],[-76.55453367,3.45185219],[-76.55455167,3.45182506],[-76.55458767,3.45177984],[-76.55461467,3.45173462],[-76.55463267,3.45168941],[-76.55465067,3.45163515],[-76.55470468,3.4514362],[-76.55471368,3.45139098],[-76.55472268,3.45136385],[-76.55473168,3.45133672],[-76.55475868,3.4512915],[-76.55478568,3.45125533],[-76.55481268,3.45121011],[-76.55484867,3.45118299],[-76.55489367,3.45114681],[-76.55493867,3.45112873],[-76.55500167,3.45111064],[-76.55510066,3.45108352],[-76.55545164,3.45099309],[-76.55640558,3.45074896],[-76.55645958,3.45073087],[-76.55651358,3.45070374],[-76.55655857,3.45067661],[-76.55660357,3.45064044],[-76.55663957,3.45060427],[-76.55667557,3.45055905],[-76.55699056,3.45021542],[-76.55703556,3.45018829],[-76.55707156,3.45016116],[-76.55711655,3.45014307],[-76.55717055,3.45012499],[-76.5571872,3.45012079],[-76.5572059,3.45011789],[-76.5572338,3.45011355],[-76.55728323,3.45010588],[-76.55730546,3.45010289],[-76.557452,3.45008317],[-76.55764901,3.45006187],[-76.55781495,3.45004129],[-76.5579535,3.45002554],[-76.55808849,3.45003458],[-76.55818991,3.45005121],[-76.55826123,3.45007036],[-76.55839328,3.45011009],[-76.5586828,3.45019807],[-76.55894901,3.45027683],[-76.55908106,3.45034423],[-76.55918699,3.45041944],[-76.55923995,3.45047053],[-76.55929644,3.45052375],[-76.55934305,3.45056774],[-76.5595662,3.45080048],[-76.55963046,3.4508615],[-76.55968135,3.4509028],[-76.55975545,3.45093813],[-76.55982112,3.45095871],[-76.55989733,3.45097515],[-76.55996093,3.45097786],[-76.56009369,3.45097714],[-76.56035566,3.45098352],[-76.56058022,3.45099344],[-76.560636,3.45099628],[-76.56069108,3.45100621],[-76.56073769,3.45102395],[-76.56077027,3.45103848],[-76.56101379,3.45115663],[-76.56122923,3.45125554],[-76.56128919,3.45127086],[-76.56134144,3.45127938],[-76.56140217,3.45126873],[-76.5614403,3.45126021],[-76.56147137,3.45124673],[-76.56149962,3.45123325],[-76.56152622,3.45121033],[-76.56153916,3.45118925],[-76.56150667,3.45116796],[-76.56152715,3.4511339],[-76.56150102,3.45110694],[-76.56146501,3.4510821],[-76.561441,3.45104946],[-76.56142264,3.45102037],[-76.56140498,3.45097638],[-76.56139792,3.45095793],[-76.56138223,3.45093902],[-76.56136261,3.450926],[-76.56134637,3.45092032],[-76.56131036,3.45090542],[-76.56121361,3.45085505],[-76.56119243,3.45083234],[-76.56117054,3.45081176],[-76.561143,3.45078551],[-76.56111334,3.45075216],[-76.56109215,3.45072165],[-76.56107267,3.45070205],[-76.56105967,3.45069043],[-76.56103919,3.45066701],[-76.56103283,3.45064998],[-76.56101447,3.45062018],[-76.56099541,3.45059677],[-76.56098411,3.45058896],[-76.56093891,3.45055632],[-76.56089019,3.45051871],[-76.56085982,3.45048891],[-76.56083935,3.45046408],[-76.56081816,3.45042434],[-76.56081887,3.45040813],[-76.56081796,3.45039732],[-76.5608117,3.45037832],[-76.5608072,3.45036744],[-76.56080446,3.45035663],[-76.56079912,3.45033762],[-76.56079096,3.45029332],[-76.56078471,3.45027524],[-76.56077747,3.45026711],[-76.5607613,3.45025715],[-76.56074421,3.45024535],[-76.56073247,3.4502291],[-76.56072438,3.45021101],[-76.5607253,3.45017484],[-76.56072622,3.45011153],[-76.56072797,3.45008984],[-76.56074239,3.4500618],[-76.5607523,3.45004463],[-76.56075497,3.45003467],[-76.5607568,3.45002379],[-76.56075947,3.45001298],[-76.56076039,3.45000118],[-76.56076236,3.44997588],[-76.5607658,3.44995872],[-76.5607703,3.44994784],[-76.56078648,3.44991802],[-76.56080966,3.44988576],[-76.5608288,3.44986645],[-76.56083689,3.44985924],[-76.56085489,3.44984928],[-76.56087289,3.44984207],[-76.5608828,3.44984292],[-76.5608918,3.44984207],[-76.56090263,3.44984292],[-76.56092421,3.44984116],[-76.56094524,3.44983041],[-76.56097913,3.44982331],[-76.56100244,3.4498226],[-76.56102362,3.44983112],[-76.56104551,3.44985169],[-76.56105752,3.4498666],[-76.5610674,3.44989214],[-76.56116178,3.44988638],[-76.56116536,3.44986646],[-76.56116536,3.44985649],[-76.56116087,3.44984745],[-76.5611402,3.44982399],[-76.56113295,3.4498158],[-76.56112578,3.44981043],[-76.5610997,3.44979503],[-76.5610592,3.44976698],[-76.56102862,3.44973985],[-76.56101238,3.4497272],[-76.56098721,3.4497118],[-76.56096021,3.44969194],[-76.56094397,3.44967746],[-76.5609368,3.44966841],[-76.56093139,3.44966029],[-76.56092422,3.4496422],[-76.56092511,3.44963545],[-76.5609233,3.44962136],[-76.56092422,3.44961147],[-76.56092689,3.44960059],[-76.56093497,3.4495825],[-76.56095122,3.44955721],[-76.5609593,3.44954993],[-76.56097013,3.44954541],[-76.56101238,3.44954089],[-76.56105197,3.44953545],[-76.56108797,3.44952556],[-76.56109971,3.44952281],[-76.56114288,3.44952012],[-76.56122837,3.44951652],[-76.56125087,3.44951377],[-76.56128145,3.44950381],[-76.56129861,3.44949116],[-76.56130578,3.44948572],[-76.56132286,3.44947399],[-76.56133095,3.44947039],[-76.56135795,3.44945774],[-76.56136878,3.44945138],[-76.5613886,3.44944234],[-76.56140027,3.44943598],[-76.56142819,3.44942518],[-76.56144794,3.44941882],[-76.56146777,3.44941521],[-76.5614876,3.44941161],[-76.56150644,3.44940977],[-76.56151635,3.44940801],[-76.56153709,3.44940617],[-76.56154609,3.44940434],[-76.56156676,3.44940349],[-76.56158659,3.44940073],[-76.56160543,3.44939805],[-76.56162617,3.44939805],[-76.56164684,3.44939805],[-76.56166758,3.44939621],[-76.56168734,3.44939622],[-76.56170599,3.44939753],[-76.56172067,3.44939805],[-76.56173958,3.44939445],[-76.56174942,3.4493917],[-76.56176925,3.44938626],[-76.56180525,3.44937545],[-76.56180937,3.44937713],[-76.56182179,3.44937895],[-76.56182833,3.44938076],[-76.5618327,3.44938116],[-76.56184133,3.44938528],[-76.56185267,3.44939341],[-76.56186272,3.44940559],[-76.5618684,3.44941837],[-76.56187045,3.4494261],[-76.56187242,3.44942945],[-76.56189204,3.44947387],[-76.56191064,3.44950859],[-76.56193153,3.44953138],[-76.56195085,3.44954716],[-76.56197604,3.44956638],[-76.56198447,3.44957792],[-76.56199003,3.44958908],[-76.56199227,3.44960556],[-76.56199355,3.44962788],[-76.56199419,3.44963808],[-76.56199608,3.44964764],[-76.56200246,3.44966248],[-76.56201767,3.44968249],[-76.56202347,3.44969142],[-76.56205477,3.44974857],[-76.56207913,3.44979606],[-76.56208608,3.44980781],[-76.56209943,3.44981604],[-76.56210649,3.44981325],[-76.56211327,3.44980875],[-76.56213035,3.44979194],[-76.56213697,3.44978548],[-76.56216366,3.44976813],[-76.56217456,3.44975886],[-76.56218745,3.44974823],[-76.56220484,3.4497397],[-76.56221185,3.4497375],[-76.56222782,3.44973431],[-76.56224426,3.44972853],[-76.56225153,3.44972432],[-76.56227141,3.44971559],[-76.56228127,3.44970974],[-76.56231123,3.44969512],[-76.56232035,3.4496951],[-76.56232747,3.44970249],[-76.56233545,3.44970791],[-76.56236094,3.44970019],[-76.56237803,3.44969835],[-76.56239544,3.44969765],[-76.56241662,3.44969855],[-76.56245169,3.44970612],[-76.56246251,3.44970813],[-76.562475,3.44971068],[-76.56248275,3.44971538],[-76.56249882,3.4497212],[-76.56253636,3.44973416],[-76.56255509,3.44974729],[-76.5625619,3.44975542],[-76.5625714,3.44976448],[-76.56257938,3.44977033],[-76.56259256,3.44977135],[-76.56260369,3.44976641],[-76.5626164,3.44975732],[-76.56262644,3.4497487],[-76.56264192,3.44973772],[-76.56266423,3.44972228],[-76.56267716,3.44971081],[-76.56269905,3.44969121],[-76.56270528,3.44968611],[-76.56271273,3.44967855],[-76.56271967,3.44967064],[-76.56272882,3.44965975],[-76.5627434,3.44963982],[-76.56275034,3.44962845],[-76.56275684,3.44961994],[-76.56276673,3.44961147],[-76.56277563,3.44960537],[-76.56278365,3.44960534],[-76.56279307,3.44960877],[-76.56280594,3.44961122],[-76.56281789,3.44960662],[-76.56283083,3.44960415],[-76.56284255,3.44960494],[-76.5628564,3.44960804],[-76.56289946,3.44962239],[-76.56292853,3.44964336],[-76.56295629,3.44966664],[-76.56296677,3.44968763],[-76.56297967,3.44970637],[-76.56306699,3.44976811],[-76.56318588,3.44976597],[-76.5633897,3.44975743],[-76.56350222,3.44975849],[-76.563602,3.44978195],[-76.56370603,3.44985128],[-76.56385689,3.44991601],[-76.56397092,3.44994061],[-76.56405038,3.44993972],[-76.56421686,3.44992056],[-76.56438545,3.44992308],[-76.56463839,3.44993173],[-76.56484797,3.44997762],[-76.56496166,3.45002672],[-76.56507741,3.45007223],[-76.56518519,3.45010103],[-76.5653448,3.45011467],[-76.56554516,3.45009419],[-76.56566062,3.45003617],[-76.56578626,3.44994403],[-76.56595265,3.44984847],[-76.56611907,3.44977413],[-76.5661495,3.4499739],[-76.56621978,3.45032755],[-76.56633052,3.45095714],[-76.56645635,3.45144767],[-76.56649373,3.4516696],[-76.56652681,3.45167017],[-76.56663501,3.451655],[-76.56673985,3.45164656],[-76.56682373,3.45164656],[-76.56743097,3.45168698],[-76.56752826,3.45167012],[-76.56759872,3.45163978],[-76.56766246,3.45160943],[-76.5680751,3.45130599],[-76.56861055,3.45088044],[-76.56863644,3.45086212],[-76.56871926,3.45080038],[-76.56875927,3.45077742],[-76.56878689,3.45076789],[-76.56880497,3.45076166],[-76.56886353,3.45074732],[-76.56891781,3.45074443],[-76.56900471,3.45074365],[-76.56906391,3.45075333],[-76.56909576,3.4507611],[-76.56912754,3.45077495],[-76.56915939,3.45079396],[-76.56919032,3.45081381],[-76.56922126,3.45083974],[-76.56924017,3.45085528],[-76.56926428,3.45088298],[-76.5693038,3.45092445],[-76.56932355,3.45095724],[-76.56934078,3.45099094],[-76.56936826,3.45106957],[-76.56938978,3.45113613],[-76.56939667,3.45121815],[-76.56939666,3.45127694],[-76.56939238,3.45130633],[-76.56937775,3.45135522],[-76.56933049,3.45159065],[-76.56930371,3.45172409],[-76.5692663,3.45189577],[-76.56925435,3.45196805],[-76.5692554,3.45198309],[-76.56926257,3.45202874],[-76.56927558,3.45207303],[-76.56929407,3.45211536],[-76.5693179,3.45215485],[-76.56934652,3.45219102],[-76.56937949,3.45222317],[-76.56941633,3.4522508],[-76.56944558,3.45226733],[-76.56945641,3.45227348],[-76.56949768,3.45229018],[-76.56954814,3.45228424],[-76.56962332,3.45227574],[-76.56970249,3.45226773],[-76.56976722,3.45226423],[-76.56986133,3.45225523],[-76.56996683,3.45225028],[-76.56996691,3.4522503],[-76.56996713,3.45225038],[-76.5699673,3.45225043],[-76.56996749,3.45225049],[-76.56996761,3.45225053],[-76.56997661,3.45225053],[-76.5701386,3.45223244],[-76.57014288,3.45223145],[-76.5702556,3.45220531],[-76.57039959,3.45219627],[-76.57055258,3.45218723],[-76.57069657,3.45218724],[-76.57096655,3.45216011],[-76.57117354,3.45215107],[-76.57136252,3.4521149],[-76.57157851,3.45207873],[-76.57181249,3.45202448],[-76.57198348,3.4519883],[-76.57207348,3.45197926],[-76.57219047,3.451925],[-76.57242445,3.45185266],[-76.57265844,3.45177127],[-76.57288439,3.45166874],[-76.57293742,3.45164467],[-76.57296618,3.45164983],[-76.57296668,3.45164992],[-76.57311518,3.45167657],[-76.57318941,3.45168989],[-76.57337839,3.45176224],[-76.57360337,3.45189789],[-76.57360336,3.45214746],[-76.57365736,3.45214746],[-76.57368436,3.45215651],[-76.57371135,3.45216555],[-76.57371367,3.45216602],[-76.57375635,3.45217459],[-76.57377435,3.45218364],[-76.57380135,3.45221077],[-76.57383734,3.45224694],[-76.57385534,3.45227407],[-76.57388234,3.45231929],[-76.57389134,3.45235546],[-76.57389134,3.45239164],[-76.57389134,3.45242781],[-76.57388234,3.4524459],[-76.57387334,3.45247303],[-76.57385534,3.4525092],[-76.57382834,3.45253633],[-76.57381934,3.45254537],[-76.57379234,3.4525725],[-76.57375634,3.45258155],[-76.57372035,3.45259963],[-76.57370235,3.45259963],[-76.57365735,3.45259963],[-76.57361235,3.45259963],[-76.57356736,3.45259059],[-76.57352236,3.45258154],[-76.57348636,3.45256346],[-76.57345037,3.45254537],[-76.57340537,3.45251824],[-76.57330638,3.45247302],[-76.57323438,3.4524278],[-76.57318039,3.45240971],[-76.57312639,3.45238258],[-76.57308139,3.45237354],[-76.5730274,3.45236449],[-76.5729824,3.45235545],[-76.5729374,3.45236449],[-76.57290141,3.45236449],[-76.57286541,3.45237353],[-76.57284741,3.45238258],[-76.57281141,3.45238258],[-76.57273942,3.45241875],[-76.57269442,3.45243684],[-76.57245143,3.45253631],[-76.57228044,3.4526177],[-76.57202846,3.45272621],[-76.57165048,3.45287994],[-76.57156049,3.45291611],[-76.57113751,3.45306984],[-76.57097552,3.4531241],[-76.57070554,3.45320549],[-76.57066954,3.45322357],[-76.57065154,3.45323262],[-76.57052555,3.45332305],[-76.57050755,3.45335922],[-76.57049855,3.45337731],[-76.57048955,3.45341348],[-76.57048955,3.45344061],[-76.57048955,3.45347679],[-76.57049855,3.45349487],[-76.57050755,3.45354009],[-76.57052554,3.45358531],[-76.57054354,3.45362148],[-76.57057954,3.45365765],[-76.57060654,3.45369383],[-76.57062454,3.45370287],[-76.57066953,3.45372096],[-76.57072353,3.45373905],[-76.57076853,3.45373905],[-76.5708042,3.45374502],[-76.57080371,3.45439006],[-76.57077688,3.45440175],[-76.57075107,3.45440516],[-76.57072669,3.45440345],[-76.57072227,3.45440423],[-76.57073268,3.45444393],[-76.57075797,3.45448888],[-76.57077966,3.45452179],[-76.57080357,3.4545682],[-76.57080225,3.45630864],[-76.5707561,3.45638805],[-76.57071061,3.45646994],[-76.57069578,3.4565023],[-76.57069101,3.45650566],[-76.57068387,3.45650853],[-76.57066244,3.45652116],[-76.57065016,3.45654424],[-76.57064814,3.45654803],[-76.57064233,3.45655841],[-76.5706371,3.45656967],[-76.57061029,3.45659151],[-76.57059836,3.45661073],[-76.57059086,3.45662109],[-76.57058358,3.45662995],[-76.57057665,3.45663731],[-76.57056744,3.4566432],[-76.57055673,3.45664544],[-76.57050266,3.45667089],[-76.5704865,3.4566703],[-76.57048581,3.45667049],[-76.57048492,3.45667037],[-76.57048133,3.45666981],[-76.57047782,3.45666917],[-76.57047423,3.45666846],[-76.57047072,3.45666776],[-76.5704672,3.45666691],[-76.57046368,3.45666606],[-76.57046024,3.45666507],[-76.57045672,3.45666408],[-76.57045328,3.45666302],[-76.57044983,3.45666189],[-76.57044646,3.45666069],[-76.57044308,3.45665949],[-76.57043971,3.45665815],[-76.57038571,3.45663688],[-76.57034233,3.45661455],[-76.57026612,3.45657414],[-76.57018569,3.45651783],[-76.57018203,3.45651557],[-76.57017999,3.45651437],[-76.57017796,3.45651331],[-76.57017585,3.45651218],[-76.57017381,3.45651112],[-76.5701717,3.45651013],[-76.57016959,3.45650914],[-76.57016741,3.45650822],[-76.5701653,3.4565073],[-76.57016312,3.45650638],[-76.57016094,3.45650561],[-76.57015869,3.45650476],[-76.57015651,3.45650405],[-76.57015426,3.45650334],[-76.57015201,3.45650264],[-76.57014976,3.456502],[-76.57014751,3.45650144],[-76.57014526,3.45650087],[-76.57014301,3.45650038],[-76.57014069,3.45649988],[-76.57013837,3.45649946],[-76.57013612,3.45649903],[-76.5701338,3.45649868],[-76.57013148,3.4564984],[-76.57012916,3.45649812],[-76.57012684,3.4564979],[-76.57012452,3.45649769],[-76.5701222,3.45649755],[-76.57011981,3.45649741],[-76.57011749,3.45649734],[-76.57011517,3.45649734],[-76.57011285,3.45649734],[-76.57011053,3.45649741],[-76.57010814,3.45649748],[-76.57010582,3.45649762],[-76.5701035,3.45649776],[-76.57010118,3.45649804],[-76.57009886,3.45649826],[-76.57009654,3.45649854],[-76.57009422,3.45649889],[-76.5700919,3.45649932],[-76.57008965,3.45649974],[-76.57008733,3.45650016],[-76.57008508,3.45650066],[-76.57008276,3.45650122],[-76.57008051,3.45650179],[-76.57007826,3.45650242],[-76.57007601,3.45650306],[-76.57007383,3.45650377],[-76.57007158,3.45650454],[-76.5700694,3.45650532],[-76.57006722,3.4565061],[-76.57006683,3.45650619],[-76.57004351,3.45649437],[-76.57002097,3.45647956],[-76.57001447,3.45647956]]]]},"geometry_name":"the_geom","properties":{"bpcodigo":"0101","bpnombre":"Terron Colorado","bpcomuna":1,"bpestramod":2,"bpupu":8,"bpobserv":null,"bparea":106.765764648,"bpperim":7666.8555623}},{"type":"Feature","id":"pmih_barrios_precarios.56","geometry":{"type":"MultiPolygon","coordinates":[[[[-76.57080225,3.45630864],[-76.57080357,3.4545682],[-76.57082937,3.45461821],[-76.57089954,3.45475951],[-76.57093691,3.45489146],[-76.5709428,3.45492912],[-76.57094858,3.45495595],[-76.57096025,3.45498722],[-76.57096998,3.45504585],[-76.57097193,3.45507516],[-76.57097209,3.4551011],[-76.57097777,3.45514747],[-76.57098555,3.45516311],[-76.57099138,3.45519242],[-76.57100111,3.45522173],[-76.57097973,3.45549729],[-76.57097779,3.45554029],[-76.57097196,3.4555696],[-76.57097001,3.45560087],[-76.57097196,3.45561846],[-76.57100113,3.45564387],[-76.57102836,3.45567709],[-76.57105505,3.45571109],[-76.57107698,3.45573767],[-76.5711081,3.45576894],[-76.57115358,3.45579853],[-76.57117892,3.45582257],[-76.57117029,3.45582859],[-76.57114886,3.45585012],[-76.5711305,3.45585967],[-76.57111172,3.4558774],[-76.57109671,3.45589105],[-76.57108707,3.45590109],[-76.57107798,3.45591162],[-76.57106324,3.45595076],[-76.57105415,3.45596159],[-76.57104569,3.45597246],[-76.57103804,3.45598359],[-76.57102316,3.45600789],[-76.57100808,3.45603218],[-76.57100189,3.45604275],[-76.57099609,3.45605191],[-76.57098987,3.45606079],[-76.57098357,3.45606908],[-76.57097773,3.45607791],[-76.57097242,3.45608703],[-76.57095243,3.45612317],[-76.57094586,3.45613354],[-76.57093903,3.45614361],[-76.57092515,3.45616501],[-76.57091684,3.45617556],[-76.57090679,3.4562092],[-76.57090361,3.45621192],[-76.57089974,3.4562151],[-76.57089588,3.45621821],[-76.57089194,3.45622125],[-76.57088793,3.45622429],[-76.57088392,3.45622718],[-76.57087978,3.45623001],[-76.57087563,3.45623283],[-76.57087148,3.45623552],[-76.57086719,3.45623813],[-76.57083759,3.4562647],[-76.57080799,3.45629875],[-76.57080225,3.45630864]]],[[[-76.57538791,3.45707126],[-76.57537853,3.45706259],[-76.57536122,3.45706679],[-76.57533405,3.45707401],[-76.57530618,3.45706661],[-76.575282,3.45705289],[-76.57524657,3.457034],[-76.57521265,3.45701382],[-76.57518854,3.45699764],[-76.5751583,3.4569848],[-76.57512181,3.4569777],[-76.57507878,3.45696749],[-76.57505394,3.45695674],[-76.57502324,3.45693191],[-76.57500574,3.45691594],[-76.57497721,3.45689926],[-76.57494942,3.4568941],[-76.57493152,3.45688625],[-76.57491162,3.45688422],[-76.57488317,3.45688611],[-76.57485638,3.45687327],[-76.57483483,3.45685266],[-76.57481828,3.45682805],[-76.57479693,3.45680701],[-76.57477521,3.4567922],[-76.57475137,3.45677799],[-76.57473148,3.45675542],[-76.57471153,3.45673822],[-76.57468577,3.45674816],[-76.57464056,3.45676735],[-76.57460361,3.45678025],[-76.57455862,3.45680103],[-76.57452365,3.45682557],[-76.57449088,3.45684258],[-76.57445214,3.45685623],[-76.57441394,3.45687266],[-76.57438227,3.4568818],[-76.5743534,3.45688619],[-76.57432669,3.45689187],[-76.57431019,3.45687872],[-76.57430342,3.4568653],[-76.57430244,3.45684619],[-76.57430298,3.45682512],[-76.5743042,3.45680744],[-76.57430749,3.45676455],[-76.57431124,3.45673235],[-76.57431522,3.45670552],[-76.57432035,3.4566815],[-76.57432722,3.45665011],[-76.57433865,3.45659442],[-76.57434556,3.45655442],[-76.57435343,3.45651173],[-76.57436184,3.45646789],[-76.57436808,3.45643151],[-76.57437076,3.45638827],[-76.57437112,3.45635782],[-76.57437086,3.45632669],[-76.57436139,3.45629326],[-76.57434553,3.45625842],[-76.57432156,3.45622356],[-76.5742959,3.45618811],[-76.57427474,3.45615074],[-76.57425686,3.45611587],[-76.57423364,3.45606975],[-76.57420964,3.45603215],[-76.57417956,3.45600128],[-76.57415741,3.45597357],[-76.57413336,3.45595336],[-76.57410035,3.45593397],[-76.57406417,3.4559217],[-76.57402994,3.45591196],[-76.57399645,3.45590349],[-76.57396128,3.45590022],[-76.57392703,3.45589184],[-76.57391052,3.45588357],[-76.57389397,3.45587172],[-76.57386834,3.45584149],[-76.57384347,3.4558134],[-76.57380748,3.45577309],[-76.57378443,3.4557455],[-76.57376299,3.45572163],[-76.57374187,3.45569317],[-76.5737213,3.4556578],[-76.5737151,3.45563106],[-76.57371283,3.45561419],[-76.57370355,3.45559864],[-76.57369288,3.45558126],[-76.57368462,3.4555594],[-76.57367868,3.45553729],[-76.5736731,3.45550425],[-76.57366992,3.45548004],[-76.57366818,3.45545682],[-76.57366265,3.45543553],[-76.57365185,3.4554004],[-76.57364709,3.45537612],[-76.57364721,3.45535384],[-76.57365282,3.45533051],[-76.57366641,3.45530026],[-76.57368186,3.45527468],[-76.57369349,3.45525475],[-76.57370886,3.4552254],[-76.57372543,3.45519828],[-76.57374599,3.45517633],[-76.57376676,3.45515207],[-76.57378539,3.45513197],[-76.57378503,3.45511997],[-76.57376636,3.45510723],[-76.57374285,3.455096],[-76.57371633,3.45508505],[-76.57369416,3.45506772],[-76.5736776,3.45503938],[-76.57366972,3.45502653],[-76.57365851,3.45502294],[-76.57363697,3.45503775],[-76.57361705,3.45504655],[-76.57359686,3.45505356],[-76.57357563,3.45505843],[-76.57354452,3.45506139],[-76.57352239,3.45506113],[-76.57349517,3.45506082],[-76.57346863,3.45504701],[-76.57345847,3.45503606],[-76.57344476,3.45501888],[-76.57343453,3.45500145],[-76.57342775,3.45498484],[-76.57341929,3.45496385],[-76.57340858,3.45495],[-76.57339375,3.45493894],[-76.57337885,3.45493703],[-76.57335684,3.45493551],[-76.5733383,3.4549247],[-76.57332091,3.45491405],[-76.57330706,3.45491365],[-76.57329242,3.45491482],[-76.57327786,3.45491422],[-76.5732573,3.45489932],[-76.57324229,3.45488281],[-76.57323292,3.45486587],[-76.57321979,3.45484499],[-76.57321187,3.45483461],[-76.57320095,3.45482629],[-76.57318539,3.45483099],[-76.57316794,3.4548345],[-76.57315978,3.45483371],[-76.57315272,3.45482754],[-76.57314217,3.45481785],[-76.57312864,3.45481034],[-76.57312141,3.45480833],[-76.57310007,3.45481401],[-76.57308164,3.45482255],[-76.57306821,3.45482732],[-76.57304848,3.45482848],[-76.57301848,3.45481788],[-76.5729937,3.45480666],[-76.5729822,3.4547984],[-76.57296808,3.45478885],[-76.57295597,3.45479476],[-76.57294196,3.45480416],[-76.57292391,3.45481337],[-76.57289787,3.45481862],[-76.57287849,3.45481405],[-76.57286058,3.45480672],[-76.5728376,3.45478924],[-76.57282618,3.45478263],[-76.57280799,3.45477526],[-76.57278056,3.45476801],[-76.57275998,3.45476618],[-76.5727254,3.45476557],[-76.57267518,3.45476493],[-76.57263444,3.45476458],[-76.57260146,3.45476289],[-76.57257854,3.45475634],[-76.57254806,3.45475491],[-76.57252425,3.45474679],[-76.57249434,3.45472889],[-76.5724634,3.45472059],[-76.57243019,3.45471382],[-76.57240216,3.45470488],[-76.57237208,3.45469326],[-76.57235458,3.45468014],[-76.57234293,3.45465554],[-76.57233302,3.45462754],[-76.57231976,3.45460122],[-76.57230209,3.45457346],[-76.57229753,3.45454486],[-76.57229966,3.45452317],[-76.57230919,3.45448911],[-76.57232038,3.45446259],[-76.57233274,3.45443964],[-76.57233938,3.45442974],[-76.5723545,3.45440904],[-76.57235033,3.45439951],[-76.57233156,3.45439532],[-76.57231078,3.45439503],[-76.5722911,3.45439199],[-76.57227153,3.45438144],[-76.57225954,3.45437262],[-76.57224699,3.45436081],[-76.57224134,3.45436024],[-76.57223118,3.45437172],[-76.57222093,3.45438014],[-76.57220291,3.45438891],[-76.57218441,3.45438724],[-76.57216739,3.45437766],[-76.5721407,3.45436478],[-76.57213134,3.45436263],[-76.57211261,3.45436391],[-76.57209698,3.45436396],[-76.5720658,3.45436002],[-76.57204738,3.45435496],[-76.57203961,3.45435376],[-76.57202396,3.45435889],[-76.57199517,3.45437755],[-76.57197061,3.4543877],[-76.57195751,3.45439266],[-76.57193985,3.45439348],[-76.57192509,3.4543799],[-76.57190682,3.45435441],[-76.57189478,3.45433908],[-76.57187664,3.45431924],[-76.5718465,3.45428891],[-76.57184053,3.45428439],[-76.57182805,3.45427839],[-76.57181514,3.45427534],[-76.57179145,3.45426544],[-76.57177144,3.45424785],[-76.57175784,3.45425556],[-76.5717427,3.45427032],[-76.57171476,3.45427715],[-76.57168881,3.45426716],[-76.57167541,3.45426097],[-76.5716619,3.45425636],[-76.57163847,3.45426072],[-76.57161045,3.45427416],[-76.57158427,3.45427903],[-76.57156174,3.45426894],[-76.57153713,3.45425932],[-76.5715239,3.45425868],[-76.57149714,3.45426397],[-76.57147123,3.45427733],[-76.57144273,3.45429364],[-76.57142269,3.45430691],[-76.57139819,3.45432674],[-76.57136759,3.45434636],[-76.57133621,3.45436326],[-76.57130232,3.45437686],[-76.57126382,3.45438186],[-76.57123386,3.45438088],[-76.57118483,3.45437716],[-76.57113742,3.45436923],[-76.57110175,3.45436486],[-76.57107786,3.45435968],[-76.57105599,3.45435397],[-76.57104361,3.45434761],[-76.5710242,3.45432966],[-76.57101313,3.45432578],[-76.57100451,3.45433555],[-76.5709858,3.4543498],[-76.57096422,3.45435186],[-76.57095037,3.45434759],[-76.57093689,3.45434442],[-76.57091424,3.45435194],[-76.57087814,3.45436539],[-76.57085427,3.45437061],[-76.57083275,3.45437602],[-76.57080759,3.45438838],[-76.57080371,3.45439006],[-76.5708042,3.45374502],[-76.57076853,3.45373905],[-76.57072353,3.45373905],[-76.57066953,3.45372096],[-76.57062454,3.45370287],[-76.57060654,3.45369383],[-76.57057954,3.45365765],[-76.57054354,3.45362148],[-76.57052554,3.45358531],[-76.57050755,3.45354009],[-76.57049855,3.45349487],[-76.57048955,3.45347679],[-76.57048955,3.45344061],[-76.57048955,3.45341348],[-76.57049855,3.45337731],[-76.57050755,3.45335922],[-76.57052555,3.45332305],[-76.57065154,3.45323262],[-76.57066954,3.45322357],[-76.57070554,3.45320549],[-76.57097552,3.4531241],[-76.57113751,3.45306984],[-76.57156049,3.45291611],[-76.57165048,3.45287994],[-76.57202846,3.45272621],[-76.57228044,3.4526177],[-76.57245143,3.45253631],[-76.57269442,3.45243684],[-76.57273942,3.45241875],[-76.57281141,3.45238258],[-76.57284741,3.45238258],[-76.57286541,3.45237353],[-76.57290141,3.45236449],[-76.5729374,3.45236449],[-76.5729824,3.45235545],[-76.5730274,3.45236449],[-76.57308139,3.45237354],[-76.57312639,3.45238258],[-76.57318039,3.45240971],[-76.57323438,3.4524278],[-76.57330638,3.45247302],[-76.57340537,3.45251824],[-76.57345037,3.45254537],[-76.57348636,3.45256346],[-76.57352236,3.45258154],[-76.57356736,3.45259059],[-76.57361235,3.45259963],[-76.57365735,3.45259963],[-76.57370235,3.45259963],[-76.57372035,3.45259963],[-76.57375634,3.45258155],[-76.57379234,3.4525725],[-76.57381934,3.45254537],[-76.57382834,3.45253633],[-76.57385534,3.4525092],[-76.57387334,3.45247303],[-76.57388234,3.4524459],[-76.57389134,3.45242781],[-76.57389134,3.45239164],[-76.57389134,3.45235546],[-76.57388234,3.45231929],[-76.57385534,3.45227407],[-76.57383734,3.45224694],[-76.57380135,3.45221077],[-76.57377435,3.45218364],[-76.57375635,3.45217459],[-76.57371367,3.45216602],[-76.57371135,3.45216555],[-76.57368436,3.45215651],[-76.57365736,3.45214746],[-76.57360336,3.45214746],[-76.57360337,3.45189789],[-76.57376536,3.4519612],[-76.57399934,3.45206068],[-76.57411633,3.45212399],[-76.57421533,3.4521873],[-76.57438631,3.45226869],[-76.5746203,3.45234104],[-76.57483628,3.45243148],[-76.57500727,3.45249478],[-76.57511526,3.45254],[-76.57525925,3.45257618],[-76.57548424,3.45263044],[-76.57575422,3.45265757],[-76.57606019,3.4527028],[-76.57632118,3.45274802],[-76.57651016,3.45271184],[-76.57674415,3.45267567],[-76.57697813,3.45265759],[-76.57720312,3.45263046],[-76.57741911,3.45259429],[-76.57750021,3.45256324],[-76.57759891,3.45252546],[-76.57759946,3.45252525],[-76.57760809,3.45252195],[-76.57768909,3.45258525],[-76.57771357,3.45262461],[-76.57773408,3.4526576],[-76.57780608,3.45276612],[-76.57792307,3.45296508],[-76.57795906,3.45301029],[-76.57806705,3.45319116],[-76.57817505,3.45331777],[-76.57829204,3.45339916],[-76.57846302,3.45344438],[-76.57863401,3.45350769],[-76.578805,3.45356195],[-76.57905698,3.4536343],[-76.57919423,3.45365938],[-76.57920424,3.45367095],[-76.57922175,3.45368697],[-76.57923946,3.45369734],[-76.5792766,3.45370962],[-76.57931458,3.45372673],[-76.57934866,3.45374787],[-76.57936829,3.45376221],[-76.57939185,3.45379061],[-76.57941546,3.45383424],[-76.57943004,3.45385447],[-76.57945242,3.45388137],[-76.57948252,3.45390526],[-76.5795105,3.45392436],[-76.57953892,3.45394343],[-76.57955844,3.45396688],[-76.57956366,3.45397575],[-76.5795861,3.45398731],[-76.57961017,3.45399787],[-76.57964055,3.45402001],[-76.5796577,3.45404064],[-76.57966931,3.45405935],[-76.579679,3.4540914],[-76.57968052,3.45411028],[-76.57968023,3.45412261],[-76.57968478,3.45412596],[-76.57966655,3.45413472],[-76.57963152,3.45415179],[-76.57958163,3.45417419],[-76.57956337,3.45418444],[-76.57934034,3.45439815],[-76.57937206,3.45441024],[-76.57938736,3.45441872],[-76.57944003,3.45445589],[-76.57950245,3.45448881],[-76.5795503,3.45450909],[-76.57959372,3.45453297],[-76.5796542,3.45457642],[-76.57968556,3.4546028],[-76.57972388,3.4546487],[-76.57974472,3.45468566],[-76.57975832,3.45473164],[-76.57976856,3.45477055],[-76.57977685,3.45484634],[-76.57978552,3.45486853],[-76.57981571,3.4549043],[-76.57983825,3.45492116],[-76.57989619,3.45495583],[-76.57995439,3.45498174],[-76.58002478,3.45501206],[-76.58006106,3.45501429],[-76.58008978,3.45500784],[-76.58011773,3.45498935],[-76.58013432,3.45497655],[-76.58015324,3.45497392],[-76.58016943,3.45498275],[-76.58018722,3.45500614],[-76.58019083,3.45504537],[-76.58019104,3.45507422],[-76.58018251,3.45509899],[-76.58018037,3.45511082],[-76.58018748,3.4551213],[-76.58020588,3.45513239],[-76.58022053,3.45515203],[-76.58024215,3.45519347],[-76.58025836,3.45522648],[-76.58027609,3.45524901],[-76.58029073,3.4552759],[-76.58030376,3.4553115],[-76.58031898,3.45533536],[-76.58033972,3.45535527],[-76.58036455,3.45536988],[-76.58039517,3.45538444],[-76.5804278,3.45539192],[-76.58046053,3.4553953],[-76.58050443,3.45539581],[-76.58053414,3.4554044],[-76.58055967,3.45541442],[-76.58057869,3.45541826],[-76.58059957,3.45542131],[-76.58061922,3.45543309],[-76.58062956,3.45544392],[-76.58064549,3.45546551],[-76.58065492,3.45548511],[-76.58065492,3.45550538],[-76.58065322,3.45552947],[-76.58068146,3.45553098],[-76.58072355,3.45553236],[-76.58074606,3.45553419],[-76.58076138,3.45553769],[-76.58077786,3.45554736],[-76.58079542,3.45556515],[-76.5808173,3.45559382],[-76.58083154,3.45561037],[-76.58085324,3.4556315],[-76.5808668,3.45563967],[-76.58088941,3.4556482],[-76.58091191,3.45566062],[-76.58092765,3.45567186],[-76.58094357,3.45568524],[-76.58096254,3.45569665],[-76.58097845,3.45570184],[-76.58099598,3.45570601],[-76.5810257,3.45572],[-76.58105039,3.45573289],[-76.58107493,3.45574666],[-76.58110176,3.45575678],[-76.58112374,3.45576275],[-76.58116305,3.45576775],[-76.58118797,3.45577025],[-76.58119598,3.45577089],[-76.58122091,3.45578592],[-76.58122888,3.45579011],[-76.58124004,3.45578001],[-76.5812539,3.4557704],[-76.58127222,3.45576748],[-76.58129282,3.45575909],[-76.58131477,3.45574607],[-76.58134677,3.45572704],[-76.58137789,3.45571067],[-76.58141331,3.45569935],[-76.58145623,3.45569584],[-76.58148846,3.455693],[-76.58152042,3.45569664],[-76.58154033,3.45569618],[-76.5815401,3.45568317],[-76.58153387,3.45565147],[-76.58152109,3.45558837],[-76.58150624,3.45554078],[-76.5815053,3.45552651],[-76.58150523,3.45550176],[-76.58151441,3.45547703],[-76.58153311,3.45546643],[-76.58155951,3.45546061],[-76.58158413,3.45545406],[-76.5816022,3.4554515],[-76.58164614,3.45545266],[-76.58169607,3.45545614],[-76.58172812,3.45546371],[-76.58174932,3.4554713],[-76.58176661,3.45546945],[-76.58177581,3.45545171],[-76.58179287,3.45542317],[-76.58181873,3.45537633],[-76.58183425,3.45535197],[-76.58185306,3.45532948],[-76.58187191,3.45531542],[-76.58189128,3.45530497],[-76.58190945,3.45530111],[-76.5819439,3.45529917],[-76.5819729,3.45529896],[-76.58202173,3.45531268],[-76.58204663,3.45533073],[-76.58207934,3.45535904],[-76.58208363,3.45535978],[-76.58208054,3.45538689],[-76.58207736,3.45540609],[-76.58208373,3.45543382],[-76.58211085,3.45547537],[-76.58214743,3.45557356],[-76.58216268,3.45563318],[-76.58220117,3.45571299],[-76.58221647,3.45570547],[-76.58222935,3.45569988],[-76.58227199,3.45569553],[-76.58229299,3.45570008],[-76.58230736,3.45570777],[-76.58232243,3.45572921],[-76.58234109,3.45576965],[-76.58235856,3.45580122],[-76.5823753,3.45583809],[-76.58239581,3.45588696],[-76.58241339,3.45590237],[-76.58241751,3.45590807],[-76.58243515,3.45592154],[-76.58246029,3.45592143],[-76.58247661,3.45591858],[-76.58249505,3.45591276],[-76.5825149,3.45591092],[-76.58254037,3.45591748],[-76.58255824,3.45593654],[-76.58261773,3.45608172],[-76.5827358,3.45629249],[-76.58274585,3.45631121],[-76.58275406,3.45632945],[-76.58276895,3.45634231],[-76.58278187,3.45635439],[-76.5827875,3.45637078],[-76.58279075,3.45640292],[-76.58280465,3.45644996],[-76.58282177,3.45647814],[-76.58285575,3.45652894],[-76.58287545,3.45655714],[-76.58289583,3.45657794],[-76.58291117,3.45659763],[-76.58291594,3.45661669],[-76.58292187,3.45664753],[-76.58293048,3.45665546],[-76.58295572,3.45667262],[-76.58297605,3.45667679],[-76.58299111,3.45668226],[-76.58301499,3.45669845],[-76.58303098,3.45670751],[-76.58307013,3.45673175],[-76.58310541,3.45676127],[-76.58312307,3.45677753],[-76.58313986,3.45680447],[-76.58317352,3.45685539],[-76.58319367,3.45689588],[-76.58321192,3.45692106],[-76.58323226,3.45694302],[-76.58325629,3.4569767],[-76.58327168,3.45701141],[-76.58329147,3.45704384],[-76.58332748,3.45709071],[-76.58334251,3.45712295],[-76.58335354,3.45714483],[-76.5832282,3.45723612],[-76.583176,3.45722758],[-76.58316613,3.45722664],[-76.58315714,3.45722623],[-76.58314814,3.45722626],[-76.58313916,3.45722671],[-76.5831302,3.4572276],[-76.5831213,3.45722893],[-76.58311247,3.45723067],[-76.58310373,3.45723284],[-76.58309511,3.45723543],[-76.58308662,3.45723843],[-76.58307829,3.45724183],[-76.58307012,3.45724563],[-76.58306215,3.45724982],[-76.58305438,3.45725439],[-76.58304684,3.45725933],[-76.58303955,3.45726462],[-76.58303251,3.45727026],[-76.58302575,3.45727623],[-76.58301929,3.45728252],[-76.58301313,3.45728911],[-76.58300121,3.45729695],[-76.58299398,3.45730232],[-76.58298698,3.45730801],[-76.58298023,3.45731399],[-76.58297375,3.45732027],[-76.58296756,3.45732682],[-76.58296165,3.45733364],[-76.58295604,3.45734072],[-76.58295074,3.45734803],[-76.58294577,3.45735557],[-76.58286131,3.45750336],[-76.58260888,3.45770443],[-76.58267752,3.45757744],[-76.58267703,3.457577],[-76.58258407,3.4574836],[-76.58249369,3.45737982],[-76.58241106,3.4572916],[-76.58235684,3.45723712],[-76.58231552,3.45718523],[-76.58221481,3.45709183],[-76.58214251,3.45701399],[-76.58204955,3.45691021],[-76.58200565,3.45685572],[-76.581954,3.45680643],[-76.58190752,3.45675713],[-76.58187912,3.45671562],[-76.5817939,3.45665076],[-76.58167512,3.45655995],[-76.5816209,3.45651065],[-76.58156409,3.45647952],[-76.58146597,3.45643023],[-76.58136784,3.45637575],[-76.5812155,3.45631089],[-76.58100893,3.45623306],[-76.58079977,3.4561241],[-76.58067583,3.45607221],[-76.58058287,3.45602292],[-76.58044343,3.45594768],[-76.58040851,3.45592763],[-76.58033498,3.45588542],[-76.58022653,3.45581277],[-76.58017489,3.4558024],[-76.5801155,3.45578683],[-76.5800871,3.45579981],[-76.5800587,3.45584911],[-76.58004579,3.45588803],[-76.58004321,3.4559529],[-76.58005096,3.45601257],[-76.58006388,3.45606447],[-76.58007162,3.45612155],[-76.58007679,3.45617604],[-76.5800768,3.45623053],[-76.58007164,3.45628501],[-76.58005873,3.45632134],[-76.58002258,3.45636026],[-76.57998127,3.45640178],[-76.57991672,3.4564459],[-76.57987024,3.45647963],[-76.57982635,3.45652115],[-76.57976955,3.45657304],[-76.5797205,3.45666127],[-76.57969468,3.45675208],[-76.57967661,3.45683511],[-76.57967661,3.45686366],[-76.57965854,3.45688701],[-76.57963037,3.45690558],[-76.57961958,3.4569127],[-76.57958883,3.45693372],[-76.5795501,3.45699599],[-76.57942979,3.4571169],[-76.57937453,3.45717244],[-76.5792818,3.45725211],[-76.57917557,3.45728085],[-76.57905623,3.45730854],[-76.57895524,3.45731316],[-76.57884507,3.45731778],[-76.57873949,3.45726704],[-76.57865242,3.4571737],[-76.57845293,3.45697145],[-76.5782915,3.45684638],[-76.57807525,3.45672837],[-76.57805422,3.45671155],[-76.5780445,3.45671937],[-76.57802824,3.45673701],[-76.57798903,3.45676827],[-76.57797272,3.45677996],[-76.57794945,3.4567872],[-76.57794161,3.45678679],[-76.57794027,3.4567872],[-76.57787612,3.45678378],[-76.57781572,3.45677449],[-76.57780586,3.45680382],[-76.57777954,3.45685273],[-76.5777061,3.45699573],[-76.57765102,3.45706031],[-76.57759594,3.45708799],[-76.57740315,3.45715258],[-76.57731823,3.45719411],[-76.57731211,3.45723716],[-76.57728152,3.45734172],[-76.57719584,3.45748933],[-76.57714688,3.45756314],[-76.57701835,3.45757545],[-76.57683474,3.45760621],[-76.57666949,3.45771693],[-76.57650424,3.45777844],[-76.57639407,3.45776615],[-76.57624718,3.4576985],[-76.57609416,3.4576001],[-76.5759056,3.45742864],[-76.57586874,3.45740749],[-76.5758382,3.45738094],[-76.57580298,3.45734972],[-76.5757845,3.45733782],[-76.57575945,3.45731346],[-76.57573443,3.45728902],[-76.57570478,3.45726458],[-76.57567459,3.45723445],[-76.57565254,3.45721513],[-76.57560507,3.45718943],[-76.57556563,3.45716851],[-76.57552092,3.45715425],[-76.57548033,3.45714449],[-76.57546056,3.45713705],[-76.5754335,3.45712798],[-76.57540433,3.45710388],[-76.5753971,3.45709014],[-76.57538791,3.45707126]]]]},"geometry_name":"the_geom","properties":{"bpcodigo":"0102","bpnombre":"Vista Hermosa","bpcomuna":1,"bpestramod":1,"bpupu":8,"bpobserv":null,"bparea":42.4732194751,"bpperim":4555.39159393}},{"type":"Feature","id":"pmih_barrios_precarios.58","geometry":{"type":"MultiPolygon","coordinates":[[[[-76.48496961,3.44053923],[-76.48483463,3.44052113],[-76.48432167,3.44053011],[-76.48405916,3.44053008],[-76.4840594,3.44053383],[-76.48405918,3.44053383],[-76.48405917,3.44053372],[-76.48405002,3.44038864],[-76.48403169,3.44021166],[-76.48403185,3.44020963],[-76.48403395,3.44018217],[-76.48404639,3.44001992],[-76.48404637,3.44001648],[-76.48404278,3.43951109],[-76.48401714,3.43905387],[-76.48400988,3.43831274],[-76.48400987,3.43830911],[-76.48400995,3.43765273],[-76.48400995,3.43765257],[-76.48396966,3.43704066],[-76.48396965,3.43703702],[-76.48396969,3.43666456],[-76.48396969,3.43666093],[-76.48396974,3.4362774],[-76.48396974,3.43627714],[-76.48394048,3.43550309],[-76.48392951,3.43509381],[-76.48391007,3.43471735],[-76.48390911,3.4346221],[-76.48390914,3.43462211],[-76.48423523,3.43463178],[-76.48433432,3.43463041],[-76.48451186,3.43462766],[-76.48471279,3.43461523],[-76.48475133,3.43461109],[-76.48481601,3.43459312],[-76.48487382,3.43457376],[-76.48495915,3.43455303],[-76.48502246,3.4345309],[-76.48502229,3.43452733],[-76.48502245,3.43452727],[-76.48501155,3.43429258],[-76.48501285,3.43426052],[-76.48512158,3.43426054],[-76.48555648,3.43424399],[-76.48571475,3.43421496],[-76.48581031,3.43418904],[-76.48586459,3.43417899],[-76.48586093,3.43416323],[-76.48583335,3.43395032],[-76.48583426,3.43392771],[-76.48583596,3.43388309],[-76.48628319,3.43387203],[-76.48647174,3.43386237],[-76.48660799,3.43384441],[-76.48661762,3.43383888],[-76.48661761,3.43383524],[-76.48661762,3.433731],[-76.48704565,3.43371583],[-76.48704705,3.43349593],[-76.48727138,3.4334766],[-76.48743516,3.43346278],[-76.48746269,3.43346002],[-76.48749297,3.43344343],[-76.48755077,3.43341162],[-76.48756454,3.43338949],[-76.48757005,3.43335769],[-76.48756983,3.43335523],[-76.48757004,3.43335406],[-76.48756729,3.43332225],[-76.48756179,3.4332849],[-76.48755353,3.43326001],[-76.48753151,3.43323649],[-76.48748197,3.43318117],[-76.4874362,3.433142],[-76.48734621,3.43309677],[-76.48732822,3.43306964],[-76.48730122,3.43300633],[-76.48721126,3.43277119],[-76.48719017,3.43270406],[-76.48715728,3.43259936],[-76.48717528,3.43256319],[-76.48722028,3.43251798],[-76.48760728,3.4322015],[-76.48766128,3.43216533],[-76.48776028,3.43208396],[-76.48791329,3.43191215],[-76.48797629,3.43183981],[-76.48802129,3.43177651],[-76.4881383,3.43159565],[-76.48838132,3.43118872],[-76.48839932,3.43115255],[-76.48844433,3.43107117],[-76.48852534,3.43091744],[-76.48858835,3.43077275],[-76.48871436,3.4305105],[-76.48875037,3.43043816],[-76.48877737,3.43034773],[-76.48911941,3.42969664],[-76.48918242,3.42957004],[-76.48951546,3.42890086],[-76.48953167,3.42882756],[-76.48953346,3.42881948],[-76.48956047,3.42869287],[-76.48957848,3.42863861],[-76.48959648,3.42857531],[-76.48961449,3.42848488],[-76.4895965,3.42841253],[-76.48961451,3.42829497],[-76.48961452,3.42821358],[-76.48961452,3.4281774],[-76.48962353,3.4281141],[-76.48962353,3.42807793],[-76.48962353,3.4280508],[-76.48963254,3.42800558],[-76.48965054,3.42795132],[-76.48966855,3.42782472],[-76.48967756,3.4277795],[-76.48972257,3.42766194],[-76.48971357,3.42761672],[-76.48978558,3.42744491],[-76.48983959,3.4273183],[-76.49036162,3.42655871],[-76.49038862,3.42652254],[-76.49043362,3.42645924],[-76.49045162,3.4264502],[-76.49048762,3.42640499],[-76.49054162,3.42634169],[-76.49058662,3.42629648],[-76.49073063,3.4261518],[-76.49075763,3.42612467],[-76.49077563,3.42610658],[-76.49079363,3.42604328],[-76.49082063,3.42603424],[-76.49096463,3.42588052],[-76.49100063,3.42584435],[-76.49105463,3.42580818],[-76.49109062,3.42584436],[-76.4911986,3.4259348],[-76.49125259,3.42598907],[-76.49129758,3.42602525],[-76.49135158,3.42606143],[-76.49138757,3.42608856],[-76.49143256,3.42612474],[-76.49154054,3.42623327],[-76.49162153,3.4262785],[-76.49171151,3.42636894],[-76.4917655,3.42642321],[-76.49183748,3.42649556],[-76.49190947,3.42654078],[-76.49199046,3.4266041],[-76.49204445,3.42664932],[-76.49211644,3.42670359],[-76.49213443,3.42673072],[-76.49217043,3.42677594],[-76.49220642,3.42681212],[-76.49228741,3.42687543],[-76.4923234,3.42691161],[-76.49235939,3.42694778],[-76.49253036,3.42708345],[-76.49268333,3.42721007],[-76.49275532,3.42727339],[-76.49282731,3.4273367],[-76.49289929,3.42740905],[-76.49295328,3.42745427],[-76.49423093,3.42856117],[-76.49437441,3.42871152],[-76.49480528,3.42839148],[-76.49487456,3.42867444],[-76.49490878,3.42890676],[-76.49487451,3.42920791],[-76.49473748,3.42953055],[-76.49458333,3.42979727],[-76.49440779,3.42996504],[-76.49424082,3.43007042],[-76.49398822,3.43018656],[-76.4932604,3.43048763],[-76.49307631,3.43054354],[-76.49279376,3.43053491],[-76.49267698,3.43055445],[-76.49272798,3.43065561],[-76.49279097,3.43078223],[-76.4930339,3.43123442],[-76.49308788,3.4313339],[-76.49322285,3.43160522],[-76.49335781,3.43188558],[-76.49328581,3.43192175],[-76.49268283,3.4322382],[-76.49261983,3.43226533],[-76.49254784,3.43230149],[-76.49249383,3.43240097],[-76.49233184,3.43249138],[-76.49195385,3.43270839],[-76.49180085,3.43278976],[-76.49169286,3.43284401],[-76.49130587,3.43307006],[-76.49101788,3.43324185],[-76.49081988,3.43335035],[-76.49076495,3.43338325],[-76.49076584,3.43338636],[-76.49076496,3.43338688],[-76.49035362,3.43363325],[-76.4903519,3.43363428],[-76.49038789,3.43368854],[-76.49047787,3.43386942],[-76.49074779,3.43435779],[-76.49077479,3.43441205],[-76.49079278,3.43448441],[-76.49080177,3.43453867],[-76.49081975,3.43460194],[-76.49081975,3.43460197],[-76.49081975,3.43464356],[-76.49081976,3.43464719],[-76.49082875,3.43468333],[-76.49082874,3.43468336],[-76.49082874,3.43476112],[-76.49082874,3.43476475],[-76.49082873,3.43478825],[-76.49082873,3.43479188],[-76.49082873,3.43484251],[-76.49082874,3.43484614],[-76.49078372,3.43502701],[-76.49077472,3.43509031],[-76.49076571,3.43513553],[-76.49074771,3.4351717],[-76.4907297,3.43524404],[-76.4907027,3.43528926],[-76.4906757,3.4353616],[-76.49064869,3.43540682],[-76.49060369,3.43547012],[-76.49059469,3.4354882],[-76.49054969,3.43554246],[-76.49052269,3.43557863],[-76.49048668,3.43565097],[-76.49036968,3.43576852],[-76.49029768,3.43583182],[-76.49024368,3.43588607],[-76.49012668,3.43595841],[-76.48981168,3.43622968],[-76.48959568,3.43641957],[-76.48940668,3.43657329],[-76.48928968,3.43665466],[-76.48919068,3.43669987],[-76.48913669,3.436727],[-76.48904669,3.43676316],[-76.48895669,3.43679932],[-76.48778674,3.43730563],[-76.48772374,3.4373418],[-76.48764274,3.43736892],[-76.48755275,3.43741413],[-76.48728276,3.43750453],[-76.48719276,3.43753165],[-76.48711177,3.43756782],[-76.48701277,3.43763111],[-76.48692277,3.4376944],[-76.48688677,3.43773057],[-76.48685977,3.43774866],[-76.48680577,3.43780291],[-76.48672476,3.43789334],[-76.48666176,3.43799281],[-76.48660775,3.43809228],[-76.48657175,3.43818271],[-76.48647272,3.43851731],[-76.48646371,3.43861678],[-76.48642769,3.43873434],[-76.48642769,3.43874879],[-76.4864277,3.43875243],[-76.48645469,3.43878861],[-76.48647107,3.43880507],[-76.48643668,3.43884827],[-76.48642768,3.43885732],[-76.48641868,3.43886636],[-76.48640067,3.43889349],[-76.48638267,3.43892061],[-76.48636467,3.43894774],[-76.48634667,3.43896583],[-76.48632867,3.439002],[-76.48629267,3.43905626],[-76.48627466,3.43908338],[-76.48625666,3.4391286],[-76.48622966,3.43918286],[-76.48619365,3.4392552],[-76.48617565,3.43928233],[-76.48615765,3.4393185],[-76.48614865,3.43933658],[-76.48611264,3.43939084],[-76.48609464,3.43941797],[-76.48607664,3.43945414],[-76.48604964,3.43949031],[-76.48600463,3.43956265],[-76.48590563,3.43969829],[-76.48588763,3.43973447],[-76.48586063,3.43976159],[-76.48583362,3.43979776],[-76.48579762,3.43983393],[-76.48574362,3.4398701],[-76.48571662,3.43988818],[-76.48561762,3.43996052],[-76.48552762,3.44001477],[-76.48550063,3.44003286],[-76.48547168,3.44004449],[-76.4853713,3.44015909],[-76.48524135,3.44028965],[-76.48520361,3.44035788],[-76.48520361,3.44036743],[-76.4851676,3.44051212],[-76.48509561,3.44052115],[-76.48505061,3.44053019],[-76.48496961,3.44053923]]]]},"geometry_name":"the_geom","properties":{"bpcodigo":"1397","bpnombre":"Sector Laguna del Pondaje","bpcomuna":13,"bpestramod":1,"bpupu":4,"bpobserv":null,"bparea":73.2886243633,"bpperim":4878.54424601}},{"type":"Feature","id":"pmih_barrios_precarios.59","geometry":{"type":"MultiPolygon","coordinates":[[[[-76.47930471,3.47852985],[-76.47930471,3.47847559],[-76.47929573,3.47832185],[-76.47928674,3.47822237],[-76.47928351,3.47818662],[-76.47927776,3.47804992],[-76.47927776,3.47804964],[-76.47927777,3.47802342],[-76.47926879,3.47781542],[-76.47926874,3.47781437],[-76.47926635,3.47774921],[-76.47926074,3.47758996],[-76.47925249,3.47750021],[-76.47925083,3.47747177],[-76.47924889,3.47746105],[-76.47924466,3.47741503],[-76.47921606,3.47726983],[-76.47918451,3.47712796],[-76.47916683,3.47707769],[-76.47916088,3.47705576],[-76.47915487,3.47704367],[-76.47912809,3.47696752],[-76.4791249,3.47695628],[-76.47912098,3.47694742],[-76.47905581,3.4767915],[-76.47900977,3.47669082],[-76.47896584,3.47661479],[-76.47891292,3.47655184],[-76.47885496,3.47647695],[-76.47882797,3.47644077],[-76.47878297,3.47639555],[-76.47875598,3.47635937],[-76.47871999,3.47631415],[-76.47869299,3.47627798],[-76.47863713,3.47621381],[-76.479215,3.47602482],[-76.47944,3.4759525],[-76.479593,3.47589826],[-76.479719,3.4758621],[-76.479818,3.47582594],[-76.48046599,3.47562706],[-76.48056499,3.4755909],[-76.48119499,3.47540106],[-76.48125798,3.47538298],[-76.48227769,3.47506573],[-76.48230197,3.47513893],[-76.48236494,3.47536502],[-76.4824549,3.47566346],[-76.48255386,3.47597094],[-76.48267981,3.47636887],[-76.48274278,3.476604],[-76.48281476,3.47682105],[-76.48285974,3.47695671],[-76.48296769,3.47731845],[-76.48308465,3.47771638],[-76.48313544,3.47783812],[-76.48284163,3.4779153],[-76.48259864,3.47798762],[-76.48230164,3.47808707],[-76.48186964,3.47822267],[-76.48142864,3.47837636],[-76.48133864,3.47841252],[-76.48087964,3.47854812],[-76.48034864,3.47871084],[-76.48012364,3.47881933],[-76.47980864,3.47892781],[-76.47952066,3.47889161],[-76.47946666,3.47886447],[-76.47943967,3.47883734],[-76.47941267,3.4788102],[-76.47939468,3.47877403],[-76.47930471,3.47852985]]]]},"geometry_name":"the_geom","properties":{"bpcodigo":"0609","bpnombre":"Petecuy III","bpcomuna":6,"bpestramod":2,"bpupu":3,"bpobserv":null,"bparea":13.1931925305,"bpperim":1490.41507311}},{"type":"Feature","id":"pmih_barrios_precarios.64","geometry":{"type":"MultiPolygon","coordinates":[[[[-76.48479386,3.48427302],[-76.48473988,3.48406501],[-76.48463194,3.4835857],[-76.48452399,3.48316065],[-76.48441604,3.48272656],[-76.48438006,3.4825909],[-76.48436322,3.48246387],[-76.48434409,3.4823196],[-76.48429011,3.48216585],[-76.48419115,3.48181315],[-76.48411019,3.48145141],[-76.48402024,3.48108966],[-76.48393927,3.48083644],[-76.4838763,3.48059226],[-76.48378634,3.4801853],[-76.48376836,3.48009486],[-76.48372338,3.47991399],[-76.48363342,3.47959746],[-76.48352546,3.47923571],[-76.4834355,3.47891014],[-76.48335454,3.47858457],[-76.48329157,3.47831326],[-76.48320161,3.47799673],[-76.48313544,3.47783812],[-76.48342663,3.47776163],[-76.48376863,3.47764411],[-76.48397925,3.4775764],[-76.48421862,3.47749946],[-76.48448157,3.47741749],[-76.48471592,3.47734444],[-76.48526262,3.47717402],[-76.48530572,3.47715958],[-76.48537062,3.47713785],[-76.48617161,3.47688473],[-76.4873776,3.47650504],[-76.4876296,3.47643272],[-76.48780611,3.47637747],[-76.48780723,3.47638079],[-76.48789957,3.47665345],[-76.4880885,3.47725034],[-76.48822345,3.47766635],[-76.48824342,3.4777237],[-76.48828643,3.47784722],[-76.4883584,3.47810949],[-76.48852933,3.47865211],[-76.48864629,3.47901386],[-76.48873626,3.47929421],[-76.48888021,3.4797464],[-76.48901515,3.48019858],[-76.4891411,3.48064172],[-76.48926706,3.4810306],[-76.48940199,3.48158226],[-76.48941099,3.48161843],[-76.48956394,3.48207966],[-76.48987289,3.48287935],[-76.48987408,3.48288243],[-76.48905983,3.48329142],[-76.48880782,3.483418],[-76.48796973,3.48386821],[-76.48751179,3.48411421],[-76.48736779,3.48416845],[-76.48736351,3.48416989],[-76.48736231,3.48416661],[-76.48734078,3.48417382],[-76.48705054,3.48426923],[-76.48684578,3.48433654],[-76.48645878,3.48445407],[-76.48598178,3.48461679],[-76.48529778,3.48481567],[-76.48492638,3.48482615],[-76.48491981,3.48470711],[-76.48479386,3.48427302]]]]},"geometry_name":"the_geom","properties":{"bpcodigo":"0601","bpnombre":"San Luis","bpcomuna":6,"bpestramod":2,"bpupu":3,"bpobserv":null,"bparea":44.5937747613,"bpperim":2693.47107514}},{"type":"Feature","id":"pmih_barrios_precarios.60","geometry":{"type":"MultiPolygon","coordinates":[[[[-76.48227769,3.47506573],[-76.48218501,3.47478622],[-76.48207705,3.47446065],[-76.48198709,3.47415316],[-76.48190612,3.47389994],[-76.48178917,3.47352915],[-76.48167222,3.47315835],[-76.48158225,3.472878],[-76.48149229,3.47257051],[-76.48139333,3.47226303],[-76.48131235,3.47210928],[-76.48126736,3.4720731],[-76.48119537,3.4719917],[-76.48114513,3.47187556],[-76.47802911,3.47281598],[-76.47802742,3.47281428],[-76.47796442,3.47283236],[-76.47773943,3.47291373],[-76.47771243,3.47292277],[-76.47769443,3.47293181],[-76.47734343,3.47303124],[-76.47728943,3.47304028],[-76.47727143,3.47304932],[-76.47721743,3.4730674],[-76.47716343,3.47308548],[-76.47710943,3.47310356],[-76.47705543,3.47312164],[-76.47699243,3.47313972],[-76.47696543,3.47314876],[-76.47692943,3.47316684],[-76.47688443,3.47317588],[-76.47685743,3.47318492],[-76.47683044,3.47318492],[-76.47678544,3.473203],[-76.47674944,3.473203],[-76.47671344,3.47321204],[-76.47667744,3.47321203],[-76.47664144,3.47322107],[-76.47660544,3.47323011],[-76.47656944,3.47323915],[-76.47652444,3.47325723],[-76.47650644,3.47326627],[-76.47644742,3.47328603],[-76.47643812,3.47325565],[-76.47641485,3.47315822],[-76.47636252,3.47274292],[-76.47636251,3.47274281],[-76.47636251,3.47273269],[-76.47636251,3.47270141],[-76.47636253,3.47270073],[-76.47636482,3.47258206],[-76.47636494,3.47257564],[-76.47636849,3.47250453],[-76.47636889,3.47250045],[-76.47638071,3.47237957],[-76.47640344,3.47212771],[-76.47640467,3.47211401],[-76.47640758,3.47209062],[-76.47641187,3.47205195],[-76.4764134,3.47204186],[-76.47643694,3.47188714],[-76.47644295,3.4718354],[-76.47644363,3.47182962],[-76.47646819,3.47161829],[-76.47646923,3.47160934],[-76.47647064,3.47160229],[-76.47648865,3.47150281],[-76.47649766,3.47143951],[-76.47649767,3.47136716],[-76.47650667,3.47129482],[-76.47654268,3.4711863],[-76.47655171,3.47100543],[-76.47656972,3.470915],[-76.47657872,3.4708517],[-76.47657873,3.47077031],[-76.47657874,3.47071605],[-76.47657874,3.47067987],[-76.47658775,3.47060753],[-76.47659676,3.4705171],[-76.47660577,3.47048092],[-76.47661478,3.47034527],[-76.47661479,3.47022771],[-76.4766238,3.47013728],[-76.47663281,3.47004684],[-76.47663018,3.46998315],[-76.47663622,3.46989988],[-76.47662295,3.46981998],[-76.47660586,3.46963085],[-76.47657888,3.46954945],[-76.47657299,3.46953051],[-76.47655085,3.46943554],[-76.47650871,3.46934778],[-76.47646192,3.46924196],[-76.47638994,3.46909726],[-76.47636295,3.46905204],[-76.47628197,3.46891638],[-76.47624098,3.46885164],[-76.47617443,3.46873374],[-76.476156,3.46869932],[-76.47611101,3.46861793],[-76.47610305,3.46860726],[-76.47608797,3.46858054],[-76.47605148,3.46852451],[-76.47597604,3.46839183],[-76.47595805,3.46836469],[-76.47591647,3.4683229],[-76.47588009,3.46828182],[-76.47592199,3.46826871],[-76.47685332,3.46797731],[-76.47826636,3.46752471],[-76.47916753,3.46723988],[-76.47974246,3.46705715],[-76.48047002,3.4668259],[-76.48095064,3.46666658],[-76.48165956,3.46643485],[-76.48206088,3.46630812],[-76.48319516,3.4659231],[-76.48359167,3.46578792],[-76.48437749,3.46553687],[-76.48439725,3.46553029],[-76.48495771,3.46733844],[-76.48506567,3.46764593],[-76.4857494,3.46982546],[-76.48592032,3.47037444],[-76.48541302,3.47052838],[-76.48468799,3.47075132],[-76.48484028,3.47123247],[-76.48485827,3.47130482],[-76.48495724,3.47162135],[-76.48498423,3.4716937],[-76.48511004,3.47211832],[-76.48496617,3.47216395],[-76.48491218,3.47218203],[-76.48502913,3.47255282],[-76.48506512,3.4726523],[-76.48516408,3.47297788],[-76.48518207,3.47305023],[-76.48529003,3.4733758],[-76.48530802,3.47346624],[-76.48543792,3.47386886],[-76.48539797,3.47388224],[-76.48485798,3.47404496],[-76.48481139,3.47405772],[-76.48486695,3.47424392],[-76.48510086,3.47497646],[-76.48517367,3.47521433],[-76.48512783,3.47522967],[-76.48479484,3.47533816],[-76.4847401,3.47534274],[-76.48474983,3.47540146],[-76.48484879,3.47572703],[-76.48487578,3.47581747],[-76.48501073,3.47623348],[-76.48510969,3.47654096],[-76.48513668,3.47665853],[-76.48525363,3.47701123],[-76.48530572,3.47715958],[-76.48526262,3.47717402],[-76.48471592,3.47734444],[-76.48448157,3.47741749],[-76.48421862,3.47749946],[-76.48397925,3.4775764],[-76.48376863,3.47764411],[-76.48342663,3.47776163],[-76.48313544,3.47783812],[-76.48308465,3.47771638],[-76.48296769,3.47731845],[-76.48285974,3.47695671],[-76.48281476,3.47682105],[-76.48274278,3.476604],[-76.48267981,3.47636887],[-76.48255386,3.47597094],[-76.4824549,3.47566346],[-76.48236494,3.47536502],[-76.48230197,3.47513893],[-76.48227769,3.47506573]]]]},"geometry_name":"the_geom","properties":{"bpcodigo":"0602","bpnombre":"Jorge Eliécer Gaitán","bpcomuna":6,"bpestramod":2,"bpupu":3,"bpobserv":null,"bparea":79.3998780814,"bpperim":4618.43802649}},{"type":"Feature","id":"pmih_barrios_precarios.61","geometry":{"type":"MultiPolygon","coordinates":[[[[-76.48592032,3.47037444],[-76.48592136,3.47037779],[-76.48594504,3.47045385],[-76.48594702,3.47046019],[-76.48648711,3.47219491],[-76.48672102,3.47290032],[-76.48685597,3.47336155],[-76.48775562,3.4762284],[-76.48780611,3.47637747],[-76.4876296,3.47643272],[-76.4873776,3.47650504],[-76.48617161,3.47688473],[-76.48537062,3.47713785],[-76.48530572,3.47715958],[-76.48525363,3.47701123],[-76.48513668,3.47665853],[-76.48510969,3.47654096],[-76.48501073,3.47623348],[-76.48487578,3.47581747],[-76.48484879,3.47572703],[-76.48474983,3.47540146],[-76.4847401,3.47534274],[-76.48479484,3.47533816],[-76.48512783,3.47522967],[-76.48517367,3.47521433],[-76.48510086,3.47497646],[-76.48486695,3.47424392],[-76.48481139,3.47405772],[-76.48485798,3.47404496],[-76.48539797,3.47388224],[-76.48543792,3.47386886],[-76.48530802,3.47346624],[-76.48529003,3.4733758],[-76.48518207,3.47305023],[-76.48516408,3.47297788],[-76.48506512,3.4726523],[-76.48502913,3.47255282],[-76.48491218,3.47218203],[-76.48496617,3.47216395],[-76.48511004,3.47211832],[-76.48498423,3.4716937],[-76.48495724,3.47162135],[-76.48485827,3.47130482],[-76.48484028,3.47123247],[-76.48468799,3.47075132],[-76.48541302,3.47052838],[-76.48592032,3.47037444]]]]},"geometry_name":"the_geom","properties":{"bpcodigo":"0607","bpnombre":"La Rivera I","bpcomuna":6,"bpestramod":2,"bpupu":3,"bpobserv":null,"bparea":14.8236787537,"bpperim":1974.96056845}},{"type":"Feature","id":"pmih_barrios_precarios.62","geometry":{"type":"MultiPolygon","coordinates":[[[[-76.47644742,3.47328603],[-76.47650644,3.47326627],[-76.47652444,3.47325723],[-76.47656944,3.47323915],[-76.47660544,3.47323011],[-76.47664144,3.47322107],[-76.47667744,3.47321203],[-76.47671344,3.47321204],[-76.47674944,3.473203],[-76.47678544,3.473203],[-76.47683044,3.47318492],[-76.47685743,3.47318492],[-76.47688443,3.47317588],[-76.47692943,3.47316684],[-76.47696543,3.47314876],[-76.47699243,3.47313972],[-76.47705543,3.47312164],[-76.47710943,3.47310356],[-76.47716343,3.47308548],[-76.47721743,3.4730674],[-76.47727143,3.47304932],[-76.47728943,3.47304028],[-76.47734343,3.47303124],[-76.47769443,3.47293181],[-76.47771243,3.47292277],[-76.47773943,3.47291373],[-76.47796442,3.47283236],[-76.47802742,3.47281428],[-76.47802911,3.47281598],[-76.48114513,3.47187556],[-76.48119537,3.4719917],[-76.48126736,3.4720731],[-76.48131235,3.47210928],[-76.48139333,3.47226303],[-76.48149229,3.47257051],[-76.48158225,3.472878],[-76.48167222,3.47315835],[-76.48178917,3.47352915],[-76.48190612,3.47389994],[-76.48198709,3.47415316],[-76.48207705,3.47446065],[-76.48218501,3.47478622],[-76.48227769,3.47506573],[-76.48125798,3.47538298],[-76.48119499,3.47540106],[-76.48056499,3.4755909],[-76.48046599,3.47562706],[-76.479818,3.47582594],[-76.479719,3.4758621],[-76.479593,3.47589826],[-76.47944,3.4759525],[-76.479215,3.47602482],[-76.47863713,3.47621381],[-76.47863,3.47620562],[-76.47855802,3.47612422],[-76.47853781,3.4761001],[-76.47838305,3.4759015],[-76.47833994,3.47585556],[-76.47832406,3.47583481],[-76.47819808,3.47569914],[-76.4780901,3.47558156],[-76.47800011,3.47548208],[-76.47790113,3.47537354],[-76.47774895,3.47520529],[-76.4776792,3.47512335],[-76.47759519,3.47502082],[-76.47728924,3.47467713],[-76.47713627,3.47450529],[-76.47711667,3.47448408],[-76.4771057,3.47447165],[-76.47701761,3.47436389],[-76.47693473,3.47426243],[-76.47683828,3.47412238],[-76.47678317,3.47403272],[-76.47673685,3.47395726],[-76.47662546,3.47375348],[-76.47661438,3.4737275],[-76.47658739,3.47367323],[-76.4765424,3.47356471],[-76.47651541,3.4735014],[-76.47648842,3.47342001],[-76.47647043,3.4733567],[-76.47645244,3.47330244],[-76.47644742,3.47328603]]]]},"geometry_name":"the_geom","properties":{"bpcodigo":"0605","bpnombre":"Petecuy I","bpcomuna":6,"bpestramod":2,"bpupu":3,"bpobserv":null,"bparea":18.9015010222,"bpperim":1755.13189559}},{"type":"Feature","id":"pmih_barrios_precarios.63","geometry":{"type":"MultiPolygon","coordinates":[[[[-76.47930471,3.47852985],[-76.47939468,3.47877403],[-76.47941267,3.4788102],[-76.47943967,3.47883734],[-76.47946666,3.47886447],[-76.47952066,3.47889161],[-76.47980864,3.47892781],[-76.48012364,3.47881933],[-76.48034864,3.47871084],[-76.48087964,3.47854812],[-76.48133864,3.47841252],[-76.48142864,3.47837636],[-76.48186964,3.47822267],[-76.48230164,3.47808707],[-76.48259864,3.47798762],[-76.48284163,3.4779153],[-76.48313544,3.47783812],[-76.48320161,3.47799673],[-76.48329157,3.47831326],[-76.48335454,3.47858457],[-76.4834355,3.47891014],[-76.48352546,3.47923571],[-76.48363342,3.47959746],[-76.48372338,3.47991399],[-76.48376836,3.48009486],[-76.48378634,3.4801853],[-76.4838763,3.48059226],[-76.48393927,3.48083644],[-76.48402024,3.48108966],[-76.48411019,3.48145141],[-76.48419115,3.48181315],[-76.48429011,3.48216585],[-76.48434409,3.4823196],[-76.48436322,3.48246387],[-76.48357007,3.48275359],[-76.48333607,3.48283496],[-76.48312007,3.48291632],[-76.48298507,3.48296152],[-76.48289507,3.48299769],[-76.48260706,3.48310618],[-76.48245406,3.48316042],[-76.48208583,3.48328371],[-76.48206367,3.48322134],[-76.48205759,3.48319987],[-76.48205739,3.48319875],[-76.48204908,3.48311516],[-76.48203109,3.48303376],[-76.4820131,3.48296141],[-76.4820041,3.48293428],[-76.48199189,3.4829036],[-76.4819626,3.48282165],[-76.48195912,3.48280767],[-76.48195371,3.4827968],[-76.48194964,3.48278541],[-76.48191532,3.48270273],[-76.48188714,3.48261775],[-76.48186915,3.48258158],[-76.48185022,3.48255621],[-76.48183619,3.48252752],[-76.48183125,3.48251801],[-76.48182416,3.48250018],[-76.48176117,3.48238261],[-76.4816622,3.48220173],[-76.48162621,3.48214747],[-76.48156322,3.48207511],[-76.48150023,3.48200276],[-76.48143724,3.4819304],[-76.48134725,3.48183092],[-76.48128426,3.48175856],[-76.48123027,3.48169525],[-76.48114029,3.48161385],[-76.48109529,3.48156863],[-76.48105577,3.48153387],[-76.48099428,3.4814709],[-76.48097543,3.48145283],[-76.48092432,3.48139679],[-76.48066336,3.48115258],[-76.48049238,3.48098978],[-76.48034983,3.48085447],[-76.48032429,3.48082954],[-76.48016843,3.48066418],[-76.48002445,3.48051947],[-76.47982648,3.48031145],[-76.47979949,3.48028432],[-76.4797455,3.48022101],[-76.47967351,3.48012152],[-76.47963136,3.48006857],[-76.47959191,3.48000847],[-76.47953625,3.47990891],[-76.47951821,3.47987264],[-76.47950304,3.47983358],[-76.47949355,3.47980499],[-76.47946656,3.47973264],[-76.47944596,3.4796774],[-76.47943811,3.4796544],[-76.47942158,3.47958794],[-76.47941835,3.47957819],[-76.4794003,3.47947927],[-76.47937887,3.47933909],[-76.47936216,3.47919277],[-76.47935028,3.47906272],[-76.47934964,3.47905437],[-76.47934066,3.47895489],[-76.47934066,3.47890967],[-76.47933172,3.47886471],[-76.47933077,3.47885463],[-76.47932739,3.47883868],[-76.47930469,3.47870167],[-76.47929843,3.47870167],[-76.4792965,3.47869252],[-76.47929631,3.47869164],[-76.4792969,3.47868214],[-76.4792972,3.47868131],[-76.47930548,3.47865779],[-76.47930459,3.47856266],[-76.47930456,3.47855932],[-76.4793047,3.47855698],[-76.47930471,3.47852985]]]]},"geometry_name":"the_geom","properties":{"bpcodigo":"0606","bpnombre":"Petecuy II","bpcomuna":6,"bpestramod":2,"bpupu":3,"bpobserv":null,"bparea":19.399760039,"bpperim":1902.52187591}},{"type":"Feature","id":"pmih_barrios_precarios.65","geometry":{"type":"MultiPolygon","coordinates":[[[[-76.48208583,3.48328371],[-76.48245406,3.48316042],[-76.48260706,3.48310618],[-76.48289507,3.48299769],[-76.48298507,3.48296152],[-76.48312007,3.48291632],[-76.48333607,3.48283496],[-76.48357007,3.48275359],[-76.48436322,3.48246387],[-76.48438006,3.4825909],[-76.48441604,3.48272656],[-76.48452399,3.48316065],[-76.48463194,3.4835857],[-76.48473988,3.48406501],[-76.48479386,3.48427302],[-76.48491981,3.48470711],[-76.48492638,3.48482615],[-76.48492879,3.48486989],[-76.48494678,3.48496033],[-76.48499176,3.48509599],[-76.48505474,3.48531303],[-76.48511771,3.4855753],[-76.48518968,3.48582852],[-76.48524365,3.48605461],[-76.48527963,3.48623548],[-76.48529762,3.4862807],[-76.48533361,3.48638923],[-76.48536959,3.48655201],[-76.48541457,3.48676001],[-76.48544155,3.48686854],[-76.48550452,3.48715793],[-76.48559448,3.48747446],[-76.48562147,3.48759203],[-76.48567544,3.48784525],[-76.48573842,3.48802612],[-76.48580139,3.48830647],[-76.48581937,3.48846926],[-76.48590933,3.48884004],[-76.4859813,3.48908422],[-76.48600828,3.48921988],[-76.48604426,3.48941883],[-76.48607124,3.48959066],[-76.48607123,3.48964492],[-76.48606223,3.48970822],[-76.48606222,3.48981675],[-76.48604421,3.48988909],[-76.48597218,3.49016038],[-76.48592716,3.49034125],[-76.48523636,3.4923023],[-76.48460397,3.49239394],[-76.48448698,3.49242106],[-76.48422898,3.49245807],[-76.484163,3.49224016],[-76.48414967,3.49216642],[-76.48414643,3.49206069],[-76.48414595,3.49204488],[-76.48414956,3.4918667],[-76.48414505,3.49179768],[-76.48414505,3.49179703],[-76.48414496,3.49179631],[-76.48413061,3.49157628],[-76.48412709,3.49148051],[-76.48412042,3.49142018],[-76.48411811,3.49138471],[-76.48410262,3.49119923],[-76.48410012,3.49116399],[-76.48409115,3.49096504],[-76.48408268,3.49084569],[-76.48407411,3.49064767],[-76.48406871,3.49049125],[-76.48404711,3.4903487],[-76.48404622,3.49034104],[-76.48404417,3.49032929],[-76.48403007,3.49023619],[-76.48398418,3.48996305],[-76.48395583,3.48985522],[-76.48394728,3.48981651],[-76.48389463,3.48962245],[-76.48387623,3.48955248],[-76.48385544,3.48947799],[-76.48383932,3.48941859],[-76.48375836,3.48912919],[-76.48372238,3.4889845],[-76.48367673,3.48884268],[-76.48360764,3.48860301],[-76.48359643,3.4885504],[-76.48353345,3.48831526],[-76.48346148,3.48808013],[-76.4834075,3.4879083],[-76.48338051,3.48784499],[-76.48337565,3.48783155],[-76.48334095,3.48772297],[-76.48332849,3.48768104],[-76.48331754,3.48763699],[-76.48329954,3.48757368],[-76.48327256,3.48744707],[-76.48323658,3.48729333],[-76.48321859,3.48722098],[-76.4831826,3.48709437],[-76.48315561,3.48699489],[-76.48313762,3.48693158],[-76.48313564,3.48692601],[-76.48309356,3.48677431],[-76.48305465,3.48666126],[-76.48304766,3.48663314],[-76.48303893,3.48661561],[-76.48301948,3.4865591],[-76.48300177,3.48650752],[-76.48287941,3.48603633],[-76.48285515,3.485952],[-76.48282275,3.48582826],[-76.4827874,3.48571657],[-76.4827787,3.48568631],[-76.48275719,3.48561488],[-76.48270223,3.48543217],[-76.48269499,3.48534901],[-76.48264842,3.48519273],[-76.48264283,3.48515903],[-76.4826023,3.48503681],[-76.48254692,3.48483664],[-76.48250789,3.48467971],[-76.48244492,3.48447171],[-76.48236395,3.4842004],[-76.48227398,3.48392004],[-76.48220201,3.48368491],[-76.48216603,3.48355829],[-76.48211205,3.48336838],[-76.48210306,3.4833322],[-76.48208583,3.48328371]]]]},"geometry_name":"the_geom","properties":{"bpcodigo":"0697","bpnombre":"Urbanización Calimio","bpcomuna":6,"bpestramod":2,"bpupu":3,"bpobserv":null,"bparea":24.8600087375,"bpperim":2555.74307912}},{"type":"Feature","id":"pmih_barrios_precarios.66","geometry":{"type":"MultiPolygon","coordinates":[[[[-76.48492638,3.48482615],[-76.48529778,3.48481567],[-76.48598178,3.48461679],[-76.48645878,3.48445407],[-76.48684578,3.48433654],[-76.48705054,3.48426923],[-76.48734078,3.48417382],[-76.48736231,3.48416661],[-76.48736351,3.48416989],[-76.48736232,3.48417028],[-76.48742004,3.48432776],[-76.48759076,3.48471574],[-76.48789512,3.48525294],[-76.48810297,3.48564839],[-76.48832647,3.48604344],[-76.48834856,3.48603149],[-76.48836656,3.48602245],[-76.48837556,3.48601341],[-76.48840256,3.48599532],[-76.48865457,3.48585066],[-76.48871757,3.48582354],[-76.48892458,3.48569695],[-76.48899196,3.48566111],[-76.48904157,3.48573314],[-76.48909556,3.48582358],[-76.48974342,3.4869812],[-76.48978841,3.48707164],[-76.4898424,3.48717112],[-76.48988738,3.48725251],[-76.49020232,3.48782228],[-76.4902743,3.48795794],[-76.49034629,3.48807551],[-76.49067022,3.48866336],[-76.4907332,3.48877189],[-76.49087717,3.48901608],[-76.49124609,3.48968533],[-76.49128208,3.48975768],[-76.49148004,3.49011943],[-76.49148904,3.49013752],[-76.49182298,3.4907402],[-76.49151595,3.49090253],[-76.49102094,3.49112856],[-76.49073294,3.49125514],[-76.49040893,3.49138171],[-76.48995893,3.49152636],[-76.48967993,3.49158059],[-76.48899594,3.49169808],[-76.48845594,3.49177942],[-76.48764595,3.49191498],[-76.48763959,3.49191601],[-76.48613966,3.49215975],[-76.48591535,3.4921962],[-76.48547697,3.49226744],[-76.48523636,3.4923023],[-76.48592716,3.49034125],[-76.48597218,3.49016038],[-76.48604421,3.48988909],[-76.48606222,3.48981675],[-76.48606223,3.48970822],[-76.48607123,3.48964492],[-76.48607124,3.48959066],[-76.48604426,3.48941883],[-76.48600828,3.48921988],[-76.4859813,3.48908422],[-76.48590933,3.48884004],[-76.48581937,3.48846926],[-76.48580139,3.48830647],[-76.48573842,3.48802612],[-76.48567544,3.48784525],[-76.48562147,3.48759203],[-76.48559448,3.48747446],[-76.48550452,3.48715793],[-76.48544155,3.48686854],[-76.48541457,3.48676001],[-76.48536959,3.48655201],[-76.48533361,3.48638923],[-76.48529762,3.4862807],[-76.48527963,3.48623548],[-76.48524365,3.48605461],[-76.48518968,3.48582852],[-76.48511771,3.4855753],[-76.48505474,3.48531303],[-76.48499176,3.48509599],[-76.48494678,3.48496033],[-76.48492879,3.48486989],[-76.48492638,3.48482615]]]]},"geometry_name":"the_geom","properties":{"bpcodigo":"0696","bpnombre":"San Luis II","bpcomuna":6,"bpestramod":2,"bpupu":3,"bpobserv":null,"bparea":40.410280438,"bpperim":2859.42279371}},{"type":"Feature","id":"pmih_barrios_precarios.67","geometry":{"type":"MultiPolygon","coordinates":[[[[-76.48422898,3.49245807],[-76.48448698,3.49242106],[-76.48460397,3.49239394],[-76.48523636,3.4923023],[-76.48547697,3.49226744],[-76.48591535,3.4921962],[-76.48613966,3.49215975],[-76.48763959,3.49191601],[-76.48764595,3.49191498],[-76.48845594,3.49177942],[-76.48899594,3.49169808],[-76.48967993,3.49158059],[-76.48995893,3.49152636],[-76.49040893,3.49138171],[-76.49073294,3.49125514],[-76.49102094,3.49112856],[-76.49151595,3.49090253],[-76.49182298,3.4907402],[-76.49182456,3.49074304],[-76.49185797,3.49072538],[-76.49194797,3.49066208],[-76.49201117,3.49061691],[-76.49241599,3.49032753],[-76.49274901,3.49004722],[-76.49323505,3.48954988],[-76.49330059,3.48947855],[-76.49340361,3.48953196],[-76.49315579,3.48994691],[-76.49287131,3.49033801],[-76.49251197,3.49074414],[-76.49188312,3.49142103],[-76.4912992,3.49203774],[-76.49083506,3.49245891],[-76.49058052,3.49278984],[-76.49034095,3.49318094],[-76.49014629,3.493557],[-76.48993666,3.49396315],[-76.48965216,3.49439938],[-76.48936768,3.49474534],[-76.48899338,3.49504617],[-76.48846937,3.49528681],[-76.48788548,3.49555753],[-76.48743633,3.49576808],[-76.48707701,3.49594856],[-76.48682035,3.49626166],[-76.4866207,3.49652783],[-76.48613233,3.49712996],[-76.48585853,3.4975007],[-76.48585108,3.49749638],[-76.48584335,3.49749165],[-76.48583569,3.49748691],[-76.48582795,3.49748232],[-76.48582022,3.49747766],[-76.48581256,3.49747299],[-76.48580489,3.49746826],[-76.48579716,3.49746359],[-76.4857895,3.49745879],[-76.48578183,3.49745406],[-76.48577424,3.49744932],[-76.48576658,3.49744452],[-76.48575898,3.49743971],[-76.48575132,3.4974349],[-76.48574373,3.49743003],[-76.48573613,3.49742529],[-76.48572861,3.49742035],[-76.48572095,3.49741547],[-76.4857135,3.49741053],[-76.48570583,3.49740565],[-76.48569831,3.49740063],[-76.48569079,3.49739576],[-76.48568319,3.49739081],[-76.48567574,3.49738579],[-76.48566822,3.49738085],[-76.48566069,3.49737576],[-76.48565324,3.49737081],[-76.48564579,3.49736587],[-76.48563834,3.49736071],[-76.48563082,3.49735562],[-76.4856235,3.49735053],[-76.48561598,3.49734552],[-76.4856086,3.49734036],[-76.48560115,3.4973352],[-76.48559376,3.49733004],[-76.48558638,3.49732488],[-76.485579,3.49731972],[-76.48557162,3.4973145],[-76.48556438,3.49730934],[-76.48555699,3.49730418],[-76.48554961,3.49729881],[-76.4855423,3.49729358],[-76.48553499,3.49728835],[-76.48552775,3.49728305],[-76.48552036,3.49727768],[-76.48551312,3.49727238],[-76.48550588,3.49726708],[-76.48549857,3.49726171],[-76.48549133,3.49725627],[-76.48548409,3.49725097],[-76.48547685,3.4972456],[-76.48546968,3.49724009],[-76.4854625,3.49723472],[-76.48545526,3.49722928],[-76.48544809,3.49722384],[-76.48544085,3.4972184],[-76.48543375,3.49721288],[-76.48542665,3.49720737],[-76.48541948,3.49720186],[-76.48541238,3.49719635],[-76.48540528,3.49719084],[-76.4853981,3.49718518],[-76.48539114,3.49717967],[-76.48538397,3.49717409],[-76.48537701,3.49716851],[-76.48536984,3.49716286],[-76.48536288,3.49715727],[-76.48535578,3.49715169],[-76.48534875,3.49714597],[-76.48534179,3.49714024],[-76.48533476,3.49713459],[-76.48532773,3.49712887],[-76.48532084,3.49712314],[-76.48531388,3.49711735],[-76.48530685,3.49711156],[-76.48529996,3.4971059],[-76.48529314,3.49710011],[-76.48528618,3.49709431],[-76.48527929,3.49708852],[-76.4852724,3.49708273],[-76.48526551,3.49707686],[-76.48525862,3.497071],[-76.4852518,3.49706513],[-76.48524491,3.4970592],[-76.48523816,3.4970534],[-76.48523127,3.49704747],[-76.48522452,3.49704146],[-76.4852177,3.4970356],[-76.48521095,3.49702966],[-76.4852042,3.49702365],[-76.48519746,3.49701772],[-76.48519071,3.49701171],[-76.48518396,3.49700571],[-76.48517721,3.4969997],[-76.48517053,3.49699362],[-76.48516392,3.49698762],[-76.48515717,3.49698154],[-76.48515049,3.49697546],[-76.48514388,3.49696939],[-76.48513713,3.49696324],[-76.4851306,3.49695723],[-76.48512406,3.49695101],[-76.48511738,3.49694487],[-76.48511077,3.49693872],[-76.48510423,3.4969325],[-76.48509762,3.49692635],[-76.48509108,3.49692014],[-76.48508455,3.49691385],[-76.48507801,3.4969077],[-76.48507154,3.49690148],[-76.485065,3.49689512],[-76.48505853,3.49688891],[-76.48505207,3.49688262],[-76.48504567,3.49687633],[-76.48503913,3.49687004],[-76.4850328,3.49686368],[-76.48502627,3.49685732],[-76.48501994,3.49685103],[-76.4850134,3.49684467],[-76.48500714,3.49683838],[-76.48500075,3.49683181],[-76.48499442,3.49682545],[-76.48498802,3.49681909],[-76.48498176,3.49681266],[-76.48497544,3.49680616],[-76.48496918,3.49679973],[-76.48496285,3.49679323],[-76.48495653,3.4967868],[-76.48495027,3.4967803],[-76.48494408,3.4967738],[-76.48493782,3.4967673],[-76.48493157,3.49676073],[-76.48492545,3.49675416],[-76.48491919,3.49674752],[-76.48491301,3.49674102],[-76.48490682,3.49673444],[-76.4849007,3.4967278],[-76.48489459,3.49672123],[-76.4848884,3.49671466],[-76.48488229,3.49670795],[-76.48487617,3.49670131],[-76.48487019,3.49669466],[-76.48486408,3.49668795],[-76.48485803,3.49668138],[-76.48485198,3.4966746],[-76.48484594,3.49666788],[-76.48483996,3.4966611],[-76.48483392,3.49665439],[-76.48482794,3.49664761],[-76.48482197,3.49664089],[-76.48481599,3.49663411],[-76.48481008,3.49662733],[-76.48480418,3.49662047],[-76.4847982,3.49661369],[-76.4847923,3.49660684],[-76.48478646,3.49660005],[-76.48478056,3.4965932],[-76.48477472,3.49658627],[-76.48476896,3.49657942],[-76.48476305,3.49657257],[-76.48475722,3.49656564],[-76.48475138,3.49655872],[-76.48474562,3.49655186],[-76.48473985,3.49654487],[-76.48473409,3.49653787],[-76.48472832,3.49653095],[-76.48472256,3.49652395],[-76.48471693,3.49651689],[-76.48471124,3.49650996],[-76.48470562,3.49650297],[-76.48469985,3.49649597],[-76.48469423,3.49648891],[-76.4846886,3.49648191],[-76.48468291,3.49647485],[-76.48467735,3.49646778],[-76.48467173,3.49646064],[-76.48466611,3.49645358],[-76.48466062,3.49644644],[-76.484655,3.49643945],[-76.48464944,3.49643224],[-76.48464396,3.4964251],[-76.48463848,3.49641797],[-76.48463299,3.49641076],[-76.48462744,3.49640362],[-76.48462196,3.49639649],[-76.48461661,3.49638921],[-76.48461113,3.496382],[-76.48460558,3.49637487],[-76.4846003,3.49636759],[-76.48459489,3.49636031],[-76.48458948,3.4963531],[-76.48458414,3.49634583],[-76.48457879,3.49633855],[-76.48457345,3.49633127],[-76.48456818,3.49632392],[-76.48456283,3.49631672],[-76.48455756,3.4963093],[-76.48455222,3.49630202],[-76.48454702,3.49629474],[-76.48454181,3.49628732],[-76.48453661,3.49627997],[-76.48453134,3.49627256],[-76.48452621,3.49626521],[-76.48452101,3.49625779],[-76.4845158,3.49625037],[-76.48451067,3.49624295],[-76.48450554,3.49623553],[-76.48450041,3.49622811],[-76.48449535,3.49622062],[-76.48449021,3.4962132],[-76.48448515,3.49620571],[-76.48448009,3.49619822],[-76.4844751,3.49619073],[-76.48446997,3.49618332],[-76.48446505,3.49617568],[-76.48445999,3.49616819],[-76.48445507,3.49616071],[-76.48445014,3.49615315],[-76.48444515,3.49614558],[-76.48444023,3.4961381],[-76.48443524,3.49613039],[-76.48443053,3.4961229],[-76.48442554,3.4961152],[-76.48442069,3.49610764],[-76.48441584,3.49610001],[-76.48441099,3.49609238],[-76.48440621,3.49608468],[-76.48440136,3.49607712],[-76.48439658,3.49606942],[-76.4843918,3.49606186],[-76.48438716,3.49605401],[-76.48438224,3.49604638],[-76.4843776,3.49603868],[-76.48437289,3.49603098],[-76.48436818,3.49602328],[-76.48436354,3.49601558],[-76.48435876,3.49600781],[-76.48435419,3.49600017],[-76.48434955,3.49599233],[-76.48434505,3.49598456],[-76.48434034,3.49597679],[-76.48433577,3.49596902],[-76.48433113,3.49596117],[-76.48432663,3.4959534],[-76.48432213,3.49594549],[-76.48431763,3.49593771],[-76.48431313,3.49592994],[-76.48430863,3.4959221],[-76.48430413,3.49591426],[-76.48429788,3.49590302],[-76.48429275,3.4958956],[-76.48428761,3.49588818],[-76.48428255,3.4958807],[-76.48427742,3.49587313],[-76.48427243,3.49586572],[-76.4842673,3.49585837],[-76.48426231,3.49585081],[-76.48425732,3.49584332],[-76.48425218,3.49583583],[-76.48424719,3.49582834],[-76.4842422,3.49582078],[-76.48423714,3.49581329],[-76.48423215,3.49580573],[-76.48422723,3.49579831],[-76.48422231,3.49579068],[-76.48421724,3.49578312],[-76.48421232,3.49577556],[-76.4842074,3.495768],[-76.48420248,3.49576051],[-76.48419756,3.49575288],[-76.48419271,3.49574532],[-76.48418772,3.49573769],[-76.48418287,3.49573006],[-76.48417795,3.49572249],[-76.48417303,3.49571486],[-76.48416832,3.4957073],[-76.48416347,3.49569967],[-76.48415854,3.49569204],[-76.48415383,3.49568441],[-76.48414891,3.49567685],[-76.4841442,3.49566901],[-76.48413928,3.49566145],[-76.48413457,3.49565382],[-76.48412979,3.49564604],[-76.48412501,3.49563841],[-76.4841203,3.49563078],[-76.48411559,3.49562308],[-76.48411081,3.49561538],[-76.4841061,3.49560761],[-76.48410146,3.49559998],[-76.48409668,3.49559228],[-76.48409204,3.4955845],[-76.48408733,3.4955768],[-76.48408269,3.4955691],[-76.48407805,3.49556133],[-76.48407348,3.49555356],[-76.48406877,3.49554585],[-76.48406406,3.49553808],[-76.48405949,3.49553031],[-76.48405492,3.49552254],[-76.48405036,3.49551477],[-76.48404572,3.49550699],[-76.48404115,3.49549908],[-76.48403665,3.49549145],[-76.48403208,3.49548361],[-76.48402744,3.49547576],[-76.48402294,3.49546792],[-76.48401844,3.49546015],[-76.48401394,3.49545238],[-76.48400944,3.49544446],[-76.48400494,3.49543662],[-76.48400044,3.49542878],[-76.48399609,3.49542094],[-76.48399166,3.49541309],[-76.48398716,3.49540511],[-76.48398273,3.49539734],[-76.48397837,3.49538942],[-76.48397394,3.49538151],[-76.48396951,3.49537367],[-76.48396508,3.49536568],[-76.4839608,3.49535784],[-76.48395651,3.49534986],[-76.48395208,3.49534201],[-76.48394772,3.49533403],[-76.48394336,3.49532619],[-76.48393908,3.4953182],[-76.48393479,3.49531036],[-76.4839305,3.49530237],[-76.48392614,3.49529446],[-76.48392192,3.49528648],[-76.48391763,3.49527849],[-76.48391335,3.49527051],[-76.48390913,3.4952626],[-76.48390491,3.49525468],[-76.48390069,3.49524663],[-76.48389648,3.49523857],[-76.48389226,3.49523059],[-76.48388797,3.4952226],[-76.48388389,3.49521455],[-76.48387974,3.49520657],[-76.4838756,3.49519858],[-76.48387145,3.49519053],[-76.4838673,3.49518247],[-76.48386315,3.49517449],[-76.48385915,3.4951665],[-76.48385486,3.49515845],[-76.48385085,3.49515025],[-76.48384678,3.4951422],[-76.48384277,3.49513421],[-76.48383862,3.49512602],[-76.48383462,3.49511796],[-76.48383054,3.49510998],[-76.48382653,3.49510192],[-76.48382252,3.49509373],[-76.48381852,3.49508567],[-76.48381451,3.49507755],[-76.48381064,3.49506942],[-76.48380657,3.4950613],[-76.48380263,3.49505324],[-76.48379862,3.49504498],[-76.48379476,3.49503699],[-76.48379082,3.4950288],[-76.48378689,3.49502067],[-76.48378302,3.49501255],[-76.48377915,3.49500428],[-76.48377529,3.4949963],[-76.48377142,3.49498803],[-76.48376755,3.49497983],[-76.48376362,3.49497164],[-76.48375975,3.49496351],[-76.48375603,3.49495532],[-76.48375223,3.49494719],[-76.48374843,3.49493892],[-76.48374464,3.49493073],[-76.48374091,3.49492253],[-76.48373705,3.49491434],[-76.48373332,3.49490607],[-76.48372967,3.49489787],[-76.48372587,3.49488961],[-76.48372214,3.49488141],[-76.48371842,3.49487314],[-76.48371469,3.49486495],[-76.48371104,3.49485675],[-76.48370738,3.49484841],[-76.48370366,3.49484015],[-76.48370007,3.49483188],[-76.48369642,3.49482362],[-76.48369276,3.49481542],[-76.48368918,3.49480708],[-76.48368552,3.49479882],[-76.48368194,3.49479055],[-76.48367835,3.49478221],[-76.48367477,3.49477387],[-76.48367118,3.49476568],[-76.48366767,3.49475727],[-76.48366415,3.494749],[-76.48366057,3.49474067],[-76.48365705,3.4947324],[-76.48365354,3.49472392],[-76.48365009,3.49471565],[-76.48364658,3.49470732],[-76.4836432,3.49469898],[-76.48363969,3.49469064],[-76.48363618,3.49468223],[-76.4836328,3.49467383],[-76.48362929,3.49466556],[-76.48362591,3.49465722],[-76.48362254,3.49464881],[-76.48361916,3.49464041],[-76.48361579,3.49463207],[-76.48361242,3.49462366],[-76.48360904,3.49461525],[-76.48360567,3.49460692],[-76.4836023,3.49459851],[-76.48359906,3.4945901],[-76.48359576,3.49458169],[-76.48359245,3.49457329],[-76.48358922,3.49456481],[-76.48358585,3.4945564],[-76.48358261,3.49454799],[-76.48357938,3.49453958],[-76.48357608,3.49453118],[-76.48357284,3.4945227],[-76.48356968,3.49451422],[-76.48356645,3.49450581],[-76.48356328,3.49449733],[-76.48356005,3.49448878],[-76.48355689,3.49448037],[-76.48355372,3.49447197],[-76.48355056,3.49446349],[-76.48354747,3.49445501],[-76.48354431,3.49444646],[-76.48354121,3.49443805],[-76.48353812,3.4944295],[-76.48353503,3.49442095],[-76.48353193,3.49441255],[-76.48352891,3.49440407],[-76.48352582,3.49439552],[-76.4835228,3.49438704],[-76.4835197,3.49437849],[-76.48351675,3.49437001],[-76.48351373,3.49436146],[-76.48351071,3.49435291],[-76.48350775,3.49434451],[-76.4835048,3.49433589],[-76.48350171,3.49432727],[-76.48349883,3.49431879],[-76.48349595,3.49431017],[-76.48349299,3.49430169],[-76.48349011,3.49429314],[-76.48348716,3.49428459],[-76.48348428,3.49427604],[-76.4834814,3.49426742],[-76.48347852,3.4942588],[-76.4834757,3.49425032],[-76.48347289,3.49424178],[-76.48347001,3.49423316],[-76.4834672,3.49422454],[-76.48346439,3.49421599],[-76.48346165,3.49420737],[-76.48345876,3.49419882],[-76.48345602,3.49419013],[-76.48345321,3.49418158],[-76.48345054,3.49417289],[-76.48344773,3.49416434],[-76.48344506,3.49415572],[-76.48344239,3.49414703],[-76.48343965,3.49413848],[-76.48343691,3.49412979],[-76.48343423,3.49412117],[-76.48343156,3.49411248],[-76.48342896,3.49410393],[-76.48342622,3.49409524],[-76.48342376,3.49408662],[-76.48342102,3.49407793],[-76.48341842,3.49406931],[-76.48341582,3.49406062],[-76.48341329,3.494052],[-76.48341069,3.49404331],[-76.48340809,3.49403476],[-76.48340556,3.49402593],[-76.48340303,3.49401731],[-76.4834005,3.49400862],[-76.48339804,3.49399993],[-76.48339551,3.49399124],[-76.48339305,3.49398255],[-76.48339052,3.49397386],[-76.48338799,3.49396517],[-76.4833856,3.49395648],[-76.48338328,3.49394786],[-76.48338075,3.49393902],[-76.48337843,3.49393033],[-76.4833759,3.49392171],[-76.48337351,3.49391288],[-76.48337112,3.49390426],[-76.4833688,3.49389543],[-76.48336641,3.49388681],[-76.48336409,3.49387798],[-76.48336177,3.49386929],[-76.48335938,3.49386053],[-76.48335713,3.49385177],[-76.48335481,3.49384308],[-76.48335257,3.49383432],[-76.48335025,3.49382555],[-76.483348,3.49381679],[-76.48334575,3.49380803],[-76.4833435,3.4937992],[-76.48334132,3.49379058],[-76.48333907,3.49378175],[-76.48333689,3.49377299],[-76.48333464,3.49376423],[-76.48333254,3.49375547],[-76.48333036,3.49374663],[-76.48332818,3.4937378],[-76.48332607,3.49372911],[-76.48332389,3.49372028],[-76.48332178,3.49371152],[-76.48331967,3.49370276],[-76.48331771,3.493694],[-76.48331553,3.49368517],[-76.48331356,3.49367634],[-76.48331138,3.4936675],[-76.48330927,3.49365867],[-76.48330731,3.49364991],[-76.48330534,3.49364108],[-76.4833033,3.49363232],[-76.48330133,3.49362349],[-76.48329929,3.49361465],[-76.48329733,3.49360582],[-76.48329536,3.49359699],[-76.48329346,3.49358816],[-76.48329149,3.49357933],[-76.4832896,3.4935705],[-76.4832877,3.49356166],[-76.4832858,3.49355276],[-76.48328397,3.493544],[-76.48328208,3.49353517],[-76.48328018,3.49352627],[-76.48327828,3.49351744],[-76.48327645,3.4935086],[-76.48327456,3.4934997],[-76.4832728,3.49349087],[-76.48327104,3.49348211],[-76.48326922,3.49347314],[-76.48326746,3.49346423],[-76.4832657,3.4934554],[-76.48326395,3.4934465],[-76.48326219,3.49343767],[-76.48326043,3.49342884],[-76.48325875,3.49341994],[-76.48325706,3.49341096],[-76.4832553,3.49340213],[-76.48325369,3.4933933],[-76.483252,3.4933844],[-76.48325031,3.49337542],[-76.4832487,3.49336659],[-76.48324708,3.49335776],[-76.48324547,3.49334886],[-76.48324385,3.49333989],[-76.48324223,3.49333105],[-76.48324069,3.49332215],[-76.48323907,3.49331325],[-76.48323753,3.49330428],[-76.48323598,3.49329545],[-76.4832345,3.49328647],[-76.48323296,3.49327757],[-76.48323141,3.49326867],[-76.48323001,3.49325977],[-76.48322846,3.49325086],[-76.48322699,3.49324189],[-76.48322551,3.49323299],[-76.48322403,3.49322409],[-76.48322263,3.49321511],[-76.48322122,3.49320628],[-76.48321982,3.49319724],[-76.48321834,3.49318833],[-76.48321701,3.49317936],[-76.4832156,3.49317046],[-76.48321427,3.49316149],[-76.483213,3.49315259],[-76.4832116,3.49314354],[-76.48321026,3.49313471],[-76.48320893,3.49312574],[-76.48320766,3.49311684],[-76.48320633,3.49310786],[-76.48320507,3.49309889],[-76.4832038,3.49308992],[-76.48320254,3.49308101],[-76.48320134,3.49307204],[-76.48320015,3.49306307],[-76.48319888,3.49305417],[-76.48319769,3.49304512],[-76.48319649,3.49303615],[-76.48319523,3.49302725],[-76.48319418,3.4930182],[-76.48319298,3.4930093],[-76.48319186,3.49300033],[-76.48319073,3.49299136],[-76.48318961,3.49298245],[-76.48318849,3.49297341],[-76.48318743,3.49296444],[-76.48318624,3.49295546],[-76.48318525,3.49294642],[-76.4831842,3.49293745],[-76.48318315,3.4929284],[-76.48318216,3.4929195],[-76.48318111,3.49291053],[-76.48318013,3.49290156],[-76.48317914,3.49289251],[-76.48317816,3.49288354],[-76.48317718,3.4928745],[-76.48317619,3.49286559],[-76.48317528,3.49285655],[-76.48317437,3.49284758],[-76.48317338,3.49283861],[-76.48317254,3.49282956],[-76.48317163,3.49282066],[-76.48317071,3.49281162],[-76.48316987,3.49280257],[-76.48316903,3.4927936],[-76.48316819,3.49278456],[-76.48316741,3.49277558],[-76.4831665,3.49276661],[-76.4831658,3.49275757],[-76.48316418,3.49273969],[-76.48316369,3.49273065],[-76.48316327,3.49272161],[-76.48316292,3.49271256],[-76.48316243,3.49270352],[-76.48316201,3.49269448],[-76.48316152,3.49268543],[-76.48316117,3.49267646],[-76.48316075,3.49266742],[-76.48316033,3.49265837],[-76.48315991,3.49264933],[-76.48315948,3.49264029],[-76.48315906,3.49263124],[-76.48315857,3.4926222],[-76.48315815,3.4926133],[-76.48315766,3.49260425],[-76.48315749,3.49260058],[-76.48415661,3.49247113],[-76.48415661,3.49246745],[-76.48422898,3.49245807]]]]},"geometry_name":"the_geom","properties":{"bpcodigo":"0603","bpnombre":"Paso del Comercio","bpcomuna":6,"bpestramod":2,"bpupu":3,"bpobserv":null,"bparea":34.7460676462,"bpperim":3103.89883178}},{"type":"Feature","id":"pmih_barrios_precarios.68","geometry":{"type":"MultiPolygon","coordinates":[[[[-76.53479193,3.49239924],[-76.53479107,3.49239939],[-76.53479106,3.49240029],[-76.53478837,3.49240356],[-76.53474354,3.49245794],[-76.5347273,3.49247871],[-76.5347138,3.49250224],[-76.53471113,3.49252937],[-76.53469746,3.49257326],[-76.53466939,3.49261761],[-76.53464234,3.49263906],[-76.53461021,3.49265561],[-76.53455977,3.49267543],[-76.53454344,3.49268211],[-76.53454338,3.49268156],[-76.53453516,3.49268463],[-76.53452032,3.49269157],[-76.53450161,3.49270895],[-76.53448269,3.49273633],[-76.53447516,3.49275083],[-76.53444831,3.49277945],[-76.53442322,3.4928024],[-76.53440337,3.49281664],[-76.53437708,3.49283636],[-76.53435801,3.4928479],[-76.53432374,3.49287468],[-76.5342972,3.49288489],[-76.53426361,3.49287607],[-76.53424025,3.49287745],[-76.53406677,3.49264215],[-76.53399117,3.49250435],[-76.53398845,3.49250032],[-76.53396314,3.49246293],[-76.53378084,3.49219356],[-76.5336283,3.49199942],[-76.53352322,3.49174057],[-76.53341475,3.49144765],[-76.53336391,3.49126032],[-76.53335992,3.49117611],[-76.53336233,3.49103333],[-76.5333551,3.49095589],[-76.53331175,3.49088329],[-76.53324914,3.49080343],[-76.53316144,3.49077303],[-76.53310118,3.49075769],[-76.53305619,3.49075401],[-76.53301386,3.4907685],[-76.53299403,3.49078842],[-76.53297336,3.49081823],[-76.53295718,3.49083992],[-76.53293102,3.49087701],[-76.53291218,3.49090774],[-76.53289502,3.49093939],[-76.53287168,3.49098828],[-76.53280716,3.49093244],[-76.53274495,3.49083643],[-76.53252587,3.49040813],[-76.53249373,3.49020686],[-76.53263911,3.48990195],[-76.5324616,3.4896249],[-76.53229972,3.4896672],[-76.53220681,3.48970042],[-76.53212806,3.48973791],[-76.53206588,3.48980455],[-76.5319747,3.48991284],[-76.5318545,3.49005028],[-76.53179752,3.49011322],[-76.53173627,3.49016597],[-76.53167211,3.49022166],[-76.53160794,3.49024803],[-76.53150878,3.49026562],[-76.5314417,3.4902539],[-76.53140379,3.49023924],[-76.53133379,3.49028027],[-76.53127255,3.49033889],[-76.53124392,3.49033981],[-76.53122091,3.49034056],[-76.53119617,3.49029703],[-76.53119045,3.49026976],[-76.53119474,3.49020659],[-76.53119474,3.49013481],[-76.53120616,3.49009748],[-76.53121188,3.49001421],[-76.53121188,3.48995679],[-76.53120902,3.48985486],[-76.53117187,3.48985342],[-76.53116544,3.48983404],[-76.5311633,3.48972493],[-76.53120973,3.48971847],[-76.53121118,3.4896258],[-76.53121364,3.48961566],[-76.53121398,3.48961429],[-76.53121398,3.48961102],[-76.53121398,3.48960958],[-76.53121398,3.48960631],[-76.53121398,3.48959727],[-76.53121398,3.48958823],[-76.53121398,3.48958482],[-76.53121398,3.48957918],[-76.53121398,3.48957014],[-76.53121398,3.48956018],[-76.53121398,3.48955515],[-76.53121398,3.48955113],[-76.53121398,3.48954209],[-76.53121398,3.48953305],[-76.53121398,3.4895269],[-76.53121398,3.48952525],[-76.53121398,3.489524],[-76.53121398,3.48951496],[-76.53121398,3.48950592],[-76.53121398,3.48949687],[-76.53121398,3.48948783],[-76.5312149,3.48947879],[-76.5312149,3.48946974],[-76.5312149,3.4894607],[-76.53121581,3.48945166],[-76.53121666,3.48944261],[-76.53121757,3.48943449],[-76.5312194,3.48942545],[-76.53122207,3.4894164],[-76.53122482,3.48940828],[-76.53122819,3.48939978],[-76.5312284,3.48939923],[-76.53123107,3.48939111],[-76.53123382,3.48938207],[-76.5312374,3.48937394],[-76.53124008,3.48936575],[-76.53124366,3.4893567],[-76.53124732,3.48934858],[-76.53124999,3.48934045],[-76.53125358,3.48933141],[-76.53125632,3.48932329],[-76.53125899,3.48931424],[-76.53126258,3.48930612],[-76.53126441,3.48929708],[-76.53126708,3.48928888],[-76.53126982,3.48927984],[-76.53127158,3.48927079],[-76.53127341,3.48926267],[-76.53127432,3.48925362],[-76.53127517,3.48924458],[-76.53127608,3.48923554],[-76.531277,3.4892265],[-76.53127791,3.48921745],[-76.53127883,3.48920841],[-76.53127967,3.48919937],[-76.53128058,3.48919032],[-76.5312815,3.48918128],[-76.53128241,3.48917223],[-76.53128333,3.48916319],[-76.53128509,3.48915415],[-76.531286,3.4891451],[-76.53128783,3.48913606],[-76.53128959,3.48912794],[-76.53129233,3.48911889],[-76.53129311,3.48911712],[-76.53129592,3.48911077],[-76.53130042,3.48910264],[-76.53130668,3.48909629],[-76.53131392,3.48909085],[-76.531322,3.48908633],[-76.53133009,3.48908364],[-76.53133909,3.48908089],[-76.53134809,3.48908004],[-76.53135709,3.48907912],[-76.53136609,3.48907912],[-76.53137995,3.48907668],[-76.5314078,3.48908295],[-76.53143699,3.48908183],[-76.53147222,3.48907003],[-76.53154724,3.48906785],[-76.53158317,3.48904985],[-76.53158286,3.48902506],[-76.53157,3.48899132],[-76.53156214,3.48896691],[-76.531555,3.48893533],[-76.53154285,3.4888937],[-76.53152142,3.48883196],[-76.53150499,3.48880182],[-76.53148927,3.48876712],[-76.53147784,3.48870635],[-76.53148141,3.48868266],[-76.53149174,3.48865134],[-76.53151146,3.48863629],[-76.53154242,3.48862199],[-76.53154337,3.48862079],[-76.53154253,3.48861248],[-76.53153894,3.48860435],[-76.53153536,3.48859623],[-76.53152994,3.48858895],[-76.53152453,3.48858174],[-76.53151644,3.48857722],[-76.53150836,3.48857362],[-76.5315002,3.4885691],[-76.53149303,3.48856366],[-76.53148762,3.48855638],[-76.53148586,3.48854733],[-76.5314867,3.48853829],[-76.53148671,3.48852925],[-76.53148853,3.4885202],[-76.53148945,3.48851116],[-76.53149212,3.48850304],[-76.53149212,3.48849399],[-76.53149121,3.48848495],[-76.53149112,3.48848451],[-76.53149048,3.4884812],[-76.53148945,3.48847591],[-76.53148671,3.48846686],[-76.53148312,3.48845874],[-76.53147862,3.48845153],[-76.53147321,3.48844425],[-76.53146871,3.48843613],[-76.53146421,3.488428],[-76.53146063,3.48841988],[-76.53145613,3.48841168],[-76.53145254,3.48840356],[-76.53144804,3.48839635],[-76.53144354,3.48838823],[-76.53143904,3.48838003],[-76.53143454,3.48837282],[-76.53143004,3.4883647],[-76.53142554,3.48835657],[-76.53142013,3.4883493],[-76.53141563,3.48834209],[-76.53141022,3.48833396],[-76.53140488,3.48832669],[-76.53140038,3.48831948],[-76.53139496,3.4883122],[-76.53138955,3.48830499],[-76.53138414,3.48829779],[-76.53137872,3.48829051],[-76.53137338,3.4882833],[-76.53136797,3.48827603],[-76.53136164,3.48826882],[-76.53135622,3.48826161],[-76.53135088,3.48825434],[-76.53134547,3.48824713],[-76.53134005,3.48823985],[-76.53133464,3.48823264],[-76.53132923,3.48822544],[-76.53132388,3.48821816],[-76.53131847,3.48821095],[-76.53131214,3.48820459],[-76.53130589,3.48819915],[-76.53129773,3.48819378],[-76.53129056,3.48818926],[-76.53128247,3.48818474],[-76.53127439,3.48818022],[-76.53126715,3.4881757],[-76.53125906,3.48817117],[-76.53125098,3.48816665],[-76.53124289,3.48816213],[-76.53123565,3.48815845],[-76.53122665,3.48815669],[-76.53121765,3.48815577],[-76.53120865,3.48815485],[-76.53119965,3.48815485],[-76.53119065,3.48815485],[-76.53118165,3.48815485],[-76.53117265,3.48815393],[-76.53116365,3.48815393],[-76.53115465,3.48815393],[-76.53114565,3.48815393],[-76.53113665,3.48815393],[-76.53112765,3.48815393],[-76.53111865,3.48815392],[-76.53110965,3.48815308],[-76.53110065,3.48815392],[-76.53109165,3.48815484],[-76.53108265,3.48815576],[-76.53107365,3.48815844],[-76.53106557,3.4881612],[-76.53105657,3.48816388],[-76.53104757,3.48816572],[-76.53103948,3.4881684],[-76.53103048,3.48817116],[-76.5310224,3.48817384],[-76.5310134,3.48817653],[-76.53100524,3.48817928],[-76.53099624,3.48818197],[-76.53098815,3.48818472],[-76.53097915,3.48818741],[-76.53097107,3.48819009],[-76.53096207,3.48819284],[-76.53095398,3.48819645],[-76.53094498,3.48819828],[-76.53093598,3.48820097],[-76.53092698,3.48820189],[-76.53091798,3.48820188],[-76.53090898,3.4882028],[-76.53089998,3.48820365],[-76.5308919,3.48820641],[-76.53088374,3.48821093],[-76.53087657,3.48821637],[-76.53087207,3.48822357],[-76.5308694,3.48823262],[-76.53086757,3.48824166],[-76.53086665,3.4882507],[-76.53086398,3.48825883],[-76.53086215,3.48826787],[-76.53085948,3.48827691],[-76.53085765,3.48828504],[-76.53085674,3.48829408],[-76.53085589,3.48830313],[-76.53085406,3.48831217],[-76.53085048,3.48832036],[-76.53084689,3.48832849],[-76.53084506,3.48833753],[-76.53084239,3.48834657],[-76.53084148,3.48835562],[-76.53084148,3.48836466],[-76.53083515,3.48837095],[-76.53082706,3.48837462],[-76.53081806,3.48837823],[-76.53080998,3.48838091],[-76.53080189,3.48838451],[-76.53079289,3.48838819],[-76.53078473,3.48839179],[-76.53076948,3.48839991],[-76.53076048,3.4884026],[-76.53075148,3.48840535],[-76.53074339,3.48840627],[-76.53073439,3.48840535],[-76.53072539,3.48840535],[-76.53071639,3.48840535],[-76.53070739,3.48840535],[-76.53069839,3.48840535],[-76.53068939,3.48840535],[-76.53068039,3.48840627],[-76.53067139,3.48840895],[-76.53066239,3.48841079],[-76.53065424,3.48841347],[-76.53064524,3.48841531],[-76.53063624,3.48841615],[-76.53062724,3.48841531],[-76.53061824,3.48841531],[-76.53060924,3.48841439],[-76.53060024,3.48841439],[-76.53059124,3.48841438],[-76.53058224,3.48841347],[-76.53057324,3.48841347],[-76.53056424,3.48841255],[-76.53055524,3.48841255],[-76.53054624,3.48841254],[-76.53053724,3.48841346],[-76.53052824,3.48841346],[-76.53051924,3.4884153],[-76.53051024,3.4884153],[-76.53050124,3.4884153],[-76.53049224,3.48841438],[-76.53048324,3.48841438],[-76.53047424,3.48841614],[-76.53046616,3.4884189],[-76.53045807,3.48842342],[-76.53044998,3.48842794],[-76.53044274,3.48843246],[-76.53043466,3.48843607],[-76.53042566,3.48843698],[-76.53041666,3.4884379],[-76.53040766,3.48844059],[-76.53040048,3.48844511],[-76.53039598,3.48844779],[-76.53038874,3.48845415],[-76.53038248,3.48846051],[-76.53037707,3.48846771],[-76.53037257,3.48847584],[-76.53036898,3.48848396],[-76.53036357,3.48849124],[-76.53035815,3.48849753],[-76.5303519,3.4885048],[-76.53034648,3.48851201],[-76.53033924,3.48851745],[-76.53033207,3.48852289],[-76.53032398,3.48852649],[-76.53031498,3.48852833],[-76.53030598,3.48852918],[-76.53029698,3.48852833],[-76.5302889,3.48852465],[-76.5302799,3.4885238],[-76.5302709,3.4885238],[-76.5302619,3.48852465],[-76.53025374,3.48852917],[-76.53024657,3.48853461],[-76.5302394,3.48854097],[-76.53023398,3.48854726],[-76.53022765,3.48855453],[-76.5302214,3.48855997],[-76.53021324,3.4885645],[-76.53020515,3.4885681],[-76.53019615,3.4885717],[-76.53018807,3.48857262],[-76.53017907,3.48857354],[-76.53017007,3.48857438],[-76.53016107,3.48857438],[-76.53015207,3.48857438],[-76.53014215,3.48857353],[-76.53013407,3.4885717],[-76.53012507,3.48856809],[-76.53011698,3.48856449],[-76.53010974,3.48855997],[-76.53010257,3.48855453],[-76.5300954,3.48854909],[-76.53008816,3.48854273],[-76.53008099,3.48853736],[-76.53007466,3.488531],[-76.53006749,3.48852556],[-76.53006116,3.48851927],[-76.5300549,3.48851291],[-76.53004858,3.4885057],[-76.53004316,3.48849934],[-76.53003866,3.48849122],[-76.53003508,3.48848309],[-76.53003241,3.48847405],[-76.53002608,3.48846769],[-76.53001799,3.48846409],[-76.52989826,3.48835648],[-76.52989355,3.48835313],[-76.52989109,3.488361],[-76.529865,3.48836729],[-76.52983892,3.48837541],[-76.52981276,3.48840077],[-76.52979926,3.48842338],[-76.52979391,3.48845051],[-76.52979026,3.48847672],[-76.52978576,3.48849481],[-76.52977676,3.48851021],[-76.52976058,3.4885319],[-76.52974617,3.4885545],[-76.52972999,3.48858707],[-76.52971558,3.48860968],[-76.52970208,3.48863314],[-76.52969125,3.48865758],[-76.5296769,3.48866931],[-76.5296454,3.48868655],[-76.52960758,3.48871],[-76.52959225,3.48871996],[-76.52956975,3.48873444],[-76.52953916,3.48875437],[-76.52952257,3.48876987],[-76.52951518,3.48877677],[-76.52951307,3.48877874],[-76.52949957,3.48879138],[-76.5294789,3.48884027],[-76.52947166,3.48885744],[-76.52946736,3.48886718],[-76.52946613,3.48886996],[-76.5294609,3.48888181],[-76.5294474,3.4889153],[-76.52943474,3.48894964],[-76.52942756,3.48898496],[-76.52942306,3.48901209],[-76.52941856,3.48903831],[-76.52941765,3.48906544],[-76.52944556,3.48908261],[-76.52946356,3.48908529],[-76.52948156,3.48908805],[-76.52949323,3.48909978],[-76.52949505,3.48911786],[-76.52949322,3.48914499],[-76.52948696,3.48917121],[-76.52947888,3.48918753],[-76.52946538,3.48921105],[-76.52944738,3.48923182],[-76.52943655,3.48926616],[-76.52942846,3.48929152],[-76.52942937,3.48931865],[-76.52943204,3.48934578],[-76.52943113,3.48936387],[-76.52942213,3.4893792],[-76.52940954,3.48939192],[-76.52940145,3.48940725],[-76.52940054,3.48942533],[-76.52939962,3.48945246],[-76.52939871,3.48947959],[-76.52938886,3.48951308],[-76.52937353,3.48955286],[-76.52937261,3.48957999],[-76.52936636,3.4896062],[-76.52936003,3.48964237],[-76.52934744,3.4896659],[-76.52932494,3.48969394],[-76.52929702,3.48971472],[-76.52927185,3.48970927],[-76.52925111,3.4896921],[-76.52922019,3.48968873],[-76.52830035,3.48845053],[-76.52812781,3.48821828],[-76.52811723,3.48808363],[-76.52815416,3.48808775],[-76.52822616,3.48806967],[-76.52829737,3.48803787],[-76.52832646,3.4880252],[-76.52832573,3.48802101],[-76.52833882,3.48801987],[-76.52843316,3.48797925],[-76.52849616,3.48795212],[-76.52856816,3.48790691],[-76.52868516,3.48785266],[-76.52874816,3.48781649],[-76.52879316,3.48778936],[-76.52887416,3.48774415],[-76.52892816,3.48769893],[-76.52898216,3.48765372],[-76.52912616,3.48755425],[-76.52921616,3.4875],[-76.52928816,3.48746383],[-76.52932416,3.48745479],[-76.52935116,3.48744575],[-76.52937816,3.48744575],[-76.52941416,3.48743671],[-76.52946816,3.48744575],[-76.52952216,3.4874548],[-76.52979214,3.48752716],[-76.52988214,3.4875543],[-76.52995414,3.48756335],[-76.53026012,3.48766284],[-76.5306201,3.4877533],[-76.53086309,3.48781662],[-76.53106108,3.48787994],[-76.53121408,3.48792516],[-76.53130407,3.4879523],[-76.53136707,3.48797943],[-76.53143906,3.4880337],[-76.53144562,3.48804358],[-76.53146108,3.48806676],[-76.53146137,3.48806719],[-76.53152686,3.48815318],[-76.53162402,3.48833503],[-76.53172689,3.48851113],[-76.53186107,3.48875555],[-76.53198907,3.48901875],[-76.53209027,3.48914735],[-76.53216766,3.48914735],[-76.53226885,3.48901575],[-76.53243851,3.48891705],[-76.53265877,3.48882433],[-76.53281355,3.48877946],[-76.53298321,3.4887675],[-76.5331737,3.48877049],[-76.53331062,3.48876749],[-76.53341479,3.4887316],[-76.53348623,3.48868075],[-76.53351302,3.48862393],[-76.53353683,3.48855514],[-76.53356659,3.48849831],[-76.533641,3.48847438],[-76.53373327,3.48846541],[-76.53381959,3.4884325],[-76.5338821,3.48833081],[-76.53393269,3.48825305],[-76.53403477,3.48817843],[-76.53420473,3.48838295],[-76.53431895,3.48852489],[-76.53457429,3.48871506],[-76.53461144,3.48873803],[-76.53471145,3.48881077],[-76.53475717,3.48885288],[-76.53482194,3.48891987],[-76.53487813,3.48898112],[-76.53494481,3.48905291],[-76.53498672,3.48909885],[-76.53500481,3.48913617],[-76.53500377,3.48916],[-76.53500101,3.48922327],[-76.53500291,3.48928261],[-76.53501815,3.4893161],[-76.5350153,3.4894434],[-76.53512197,3.4894434],[-76.53516674,3.48944052],[-76.53519699,3.48944881],[-76.53521913,3.48945488],[-76.53525532,3.48946541],[-76.53529628,3.48948263],[-76.53531437,3.48949412],[-76.53532961,3.48950369],[-76.53533819,3.48951709],[-76.53534295,3.48953049],[-76.53534009,3.4895525],[-76.53533533,3.4896061],[-76.53533312,3.48963235],[-76.53532962,3.48967405],[-76.53533724,3.48972191],[-76.53535629,3.48975062],[-76.53538985,3.48976842],[-76.53542367,3.48977328],[-76.53545915,3.48977837],[-76.5354944,3.48977741],[-76.5355344,3.4897755],[-76.53558107,3.4897688],[-76.53561155,3.48977167],[-76.53563727,3.48977837],[-76.53566441,3.4897889],[-76.5357187,3.48981904],[-76.53577416,3.48985888],[-76.53576966,3.48986707],[-76.53576692,3.4898752],[-76.53576242,3.48988332],[-76.535757,3.48989144],[-76.53574983,3.48989597],[-76.53574083,3.48989597],[-76.53573183,3.48989596],[-76.53572283,3.48989505],[-76.53571475,3.48989236],[-76.53570575,3.48988968],[-76.53569766,3.48988692],[-76.53568866,3.48988423],[-76.53567966,3.48988148],[-76.53567151,3.48987971],[-76.53566251,3.48987971],[-76.53565351,3.48988148],[-76.53564451,3.48988423],[-76.53563642,3.48988783],[-76.53562925,3.48989236],[-76.53562201,3.4898978],[-76.53561484,3.48990408],[-76.53560851,3.48990952],[-76.53560225,3.48991588],[-76.53559501,3.48992217],[-76.53558875,3.48992853],[-76.53558609,3.48993052],[-76.53558151,3.48993397],[-76.53557434,3.48993849],[-76.53556625,3.48994393],[-76.53555816,3.48994753],[-76.53555001,3.48995113],[-76.53554192,3.48995474],[-76.53553292,3.48995834],[-76.53552575,3.48996286],[-76.53551225,3.48997558],[-76.53549242,3.49000539],[-76.53548792,3.49001352],[-76.53548433,3.49002164],[-76.53548075,3.49002984],[-76.53547716,3.49003796],[-76.53547442,3.49004609],[-76.53547083,3.49005513],[-76.53546724,3.49006325],[-76.53546366,3.49007138],[-76.53546,3.49007957],[-76.53545642,3.4900877],[-76.53545283,3.49009674],[-76.53545016,3.49010487],[-76.5354465,3.49011299],[-76.53544383,3.49012203],[-76.535442,3.49013108],[-76.53543933,3.4901392],[-76.53543666,3.49014825],[-76.53543483,3.49015729],[-76.535433,3.49016548],[-76.53543033,3.49017453],[-76.5354285,3.49018357],[-76.53542674,3.49019169],[-76.53542491,3.49020074],[-76.53542224,3.49020978],[-76.53542132,3.49021883],[-76.53541949,3.49022787],[-76.53541682,3.49023599],[-76.53541232,3.49024412],[-76.53540782,3.49025224],[-76.53540149,3.4902586],[-76.53539341,3.4902622],[-76.53538441,3.4902622],[-76.53537541,3.49025952],[-76.53536732,3.49026312],[-76.53536732,3.49027216],[-76.53536099,3.4902776],[-76.53535382,3.49028121],[-76.53535199,3.49029025],[-76.53534932,3.49029837],[-76.53534749,3.49030742],[-76.53534573,3.49031646],[-76.53534391,3.4903255],[-76.53534299,3.49033363],[-76.53534123,3.49034267],[-76.5353394,3.49035172],[-76.53533673,3.49036076],[-76.53533315,3.49036895],[-76.53532865,3.49037708],[-76.53532415,3.49038429],[-76.53531873,3.49039156],[-76.53531064,3.49039693],[-76.5353034,3.49040145],[-76.53529623,3.49040781],[-76.5352899,3.49041325],[-76.53528364,3.49041954],[-76.53527732,3.49042681],[-76.5352719,3.49043402],[-76.5352674,3.4904413],[-76.53526199,3.4904485],[-76.53525749,3.49045663],[-76.53525214,3.49046391],[-76.53524673,3.49047111],[-76.53524131,3.49047832],[-76.53523681,3.49048651],[-76.53523049,3.4904928],[-76.53522423,3.49049916],[-76.53521699,3.4905046],[-76.5352089,3.49050912],[-76.53520173,3.49051449],[-76.53519449,3.49051993],[-76.53518731,3.49052537],[-76.53517923,3.49052897],[-76.53517114,3.49053173],[-76.53516214,3.49053441],[-76.53515314,3.49053625],[-76.53514414,3.49053709],[-76.53513514,3.49053709],[-76.53512614,3.49053709],[-76.53511714,3.49053533],[-76.53510899,3.49053257],[-76.5351009,3.49052805],[-76.53509373,3.49052268],[-76.5350874,3.49051632],[-76.53508199,3.49050819],[-76.53507749,3.49050092],[-76.53507215,3.49049371],[-76.53506765,3.49048559],[-76.53506223,3.49047831],[-76.53505499,3.49047202],[-76.53504782,3.49046842],[-76.53503882,3.49046658],[-76.53502982,3.49046658],[-76.53502082,3.49046566],[-76.53501182,3.49046658],[-76.53500282,3.49046841],[-76.53499382,3.4904711],[-76.53498573,3.49047562],[-76.53497849,3.49048014],[-76.53497041,3.49048466],[-76.53496323,3.49048918],[-76.53495515,3.4904937],[-76.53494699,3.49049822],[-76.53493982,3.49050366],[-76.53493265,3.4905091],[-76.53492632,3.49051539],[-76.53492091,3.49052352],[-76.53491641,3.49053079],[-76.53491191,3.49053892],[-76.53490923,3.49054704],[-76.53490649,3.49055609],[-76.53490565,3.49056513],[-76.53490473,3.49057417],[-76.5349029,3.49058322],[-76.53490199,3.49059134],[-76.53490114,3.49060038],[-76.53490023,3.49060943],[-76.53490023,3.49061847],[-76.53490023,3.49062751],[-76.53490023,3.49063656],[-76.53490023,3.4906456],[-76.53490023,3.49065464],[-76.53490023,3.49066369],[-76.53490023,3.49067273],[-76.53490023,3.49068177],[-76.53489931,3.49069082],[-76.5348984,3.49070078],[-76.5348984,3.4907089],[-76.53490022,3.49071795],[-76.5349029,3.49072699],[-76.53490472,3.49073519],[-76.53490739,3.49074423],[-76.53490922,3.49075327],[-76.53491189,3.4907614],[-76.53491463,3.49077044],[-76.53491731,3.49077857],[-76.53491998,3.49078761],[-76.5349218,3.49079665],[-76.53492448,3.49080478],[-76.53492722,3.49081382],[-76.53492989,3.49082195],[-76.53493263,3.49083099],[-76.5349353,3.49084004],[-76.53493797,3.49084823],[-76.53494072,3.49085727],[-76.53494339,3.4908654],[-76.53494613,3.49087713],[-76.53496771,3.49093047],[-76.5349713,3.49093867],[-76.53497488,3.49094771],[-76.53497762,3.49095584],[-76.53497938,3.49096488],[-76.53498121,3.49097392],[-76.53498212,3.49098297],[-76.53498388,3.49099201],[-76.53498479,3.49100105],[-76.53498571,3.49100918],[-76.5349857,3.49101822],[-76.53498662,3.49102727],[-76.53498662,3.49103631],[-76.5349857,3.49104535],[-76.53498479,3.49105439],[-76.53498387,3.49106344],[-76.53498212,3.49107248],[-76.5349812,3.49108152],[-76.53497937,3.49109057],[-76.53497761,3.49109961],[-76.5349767,3.49110866],[-76.53497579,3.4911177],[-76.53497396,3.49112674],[-76.53497311,3.49113487],[-76.5349722,3.49114391],[-76.53497037,3.49115295],[-76.53496945,3.491162],[-76.5349677,3.49117104],[-76.53496587,3.49118008],[-76.53496411,3.49118913],[-76.53496228,3.49119725],[-76.53496045,3.49120629],[-76.53495869,3.49121534],[-76.53495687,3.49122438],[-76.53495511,3.49123342],[-76.53495419,3.49124247],[-76.53495328,3.49125151],[-76.53495236,3.49125971],[-76.53495145,3.49126875],[-76.5349506,3.49127779],[-76.53494878,3.49128684],[-76.53494786,3.49129588],[-76.5349461,3.49130492],[-76.53494428,3.49131397],[-76.53494336,3.49132301],[-76.5349416,3.49133113],[-76.53493886,3.49134018],[-76.5349371,3.49134922],[-76.53493527,3.49135826],[-76.5349326,3.49136639],[-76.53493077,3.49137543],[-76.5349281,3.49138448],[-76.53492536,3.4913926],[-76.53492269,3.49140164],[-76.5349191,3.49140977],[-76.53491636,3.49141796],[-76.53491277,3.49142609],[-76.53490827,3.49143421],[-76.53490377,3.49144234],[-76.53489927,3.49145046],[-76.53489568,3.49145866],[-76.53489118,3.49146678],[-76.5348876,3.49147491],[-76.53488394,3.49148303],[-76.53488218,3.49149207],[-76.53488035,3.49150112],[-76.53487944,3.49151016],[-76.53487944,3.49151921],[-76.53487944,3.49152825],[-76.53487944,3.49153729],[-76.53487944,3.49154634],[-76.53487768,3.49155446],[-76.53487493,3.4915635],[-76.53487135,3.4915717],[-76.53511433,3.4917978],[-76.5353339,3.49189545],[-76.53551664,3.49195516],[-76.53550314,3.49196597],[-76.53547705,3.49197416],[-76.53543472,3.49198949],[-76.5354014,3.49200306],[-76.53536814,3.49201662],[-76.53535105,3.49202206],[-76.53531864,3.49203746],[-76.53529255,3.49206275],[-76.53526372,3.49209892],[-76.53524572,3.49212061],[-76.53522681,3.49213962],[-76.53520705,3.49215678],[-76.53517555,3.49217218],[-76.53514939,3.49217847],[-76.53510439,3.49218666],[-76.53506389,3.49219479],[-76.53503854,3.49220458],[-76.53500482,3.49221184],[-76.53497122,3.49221739],[-76.53495322,3.49222099],[-76.53492622,3.49222643],[-76.53489205,3.49223724],[-76.53486322,3.492259],[-76.53484614,3.49228973],[-76.53484072,3.49231686],[-76.53483531,3.49233494],[-76.5348173,3.49236568],[-76.53479572,3.49239464],[-76.53479193,3.49239924]]]]},"geometry_name":"the_geom","properties":{"bpcodigo":"0296","bpnombre":"Altos de Menga","bpcomuna":2,"bpestramod":1,"bpupu":1,"bpobserv":null,"bparea":15.9389219934,"bpperim":3187.14325341}},{"type":"Feature","id":"pmih_barrios_precarios.69","geometry":{"type":"MultiPolygon","coordinates":[[[[-76.56230219,3.38655385],[-76.56230288,3.3865554],[-76.56230013,3.38656352],[-76.56229929,3.38657257],[-76.56229929,3.38656901],[-76.56230013,3.38655996],[-76.56230219,3.38655385]]],[[[-76.56230219,3.38655385],[-76.5622997,3.38654819],[-76.56229929,3.38654727],[-76.56229814,3.38654727],[-76.56229104,3.38655932],[-76.56228617,3.38656692],[-76.56228102,3.38657433],[-76.56227857,3.38658502],[-76.56227679,3.38659389],[-76.56227525,3.38660279],[-76.56227393,3.38661174],[-76.56227094,3.38662175],[-76.56226757,3.38663013],[-76.56226349,3.38663819],[-76.56225874,3.38664586],[-76.56225334,3.3866531],[-76.56224734,3.38665983],[-76.56224695,3.38667212],[-76.56224309,3.38668024],[-76.5622367,3.38668655],[-76.56222595,3.38669671],[-76.56221721,3.38669546],[-76.56220203,3.38669794],[-76.56219403,3.38670203],[-76.56218715,3.38670783],[-76.56218176,3.38671505],[-76.56218209,3.38672543],[-76.56218187,3.38673447],[-76.56218116,3.38674349],[-76.56217998,3.38675245],[-76.56216668,3.38676297],[-76.56215937,3.38676825],[-76.56215191,3.3867733],[-76.56214431,3.38677813],[-76.56213656,3.38678273],[-76.56212589,3.38678604],[-76.56211794,3.38679025],[-76.5621108,3.38679573],[-76.56210465,3.38680232],[-76.56210079,3.38681529],[-76.56209841,3.38682401],[-76.56209619,3.38683277],[-76.56209413,3.38684158],[-76.56209224,3.38685042],[-76.56208736,3.38686189],[-76.56208376,3.38687018],[-76.56208013,3.38687845],[-76.56207646,3.38688671],[-76.56207275,3.38689495],[-76.56206887,3.38690674],[-76.56206366,3.38691408],[-76.56205679,3.38691988],[-76.5620465,3.38691756],[-76.56203757,3.38691646],[-76.56202858,3.38691618],[-76.5620196,3.38691673],[-76.56201071,3.3869181],[-76.56199981,3.38691536],[-76.56199108,3.38691317],[-76.56198235,3.38691098],[-76.56196602,3.38690979],[-76.56195724,3.38690784],[-76.5619487,3.38690499],[-76.5619405,3.38690127],[-76.56193272,3.38689673],[-76.5619195,3.38689003],[-76.56191291,3.3868839],[-76.56190776,3.3868765],[-76.56190427,3.38686819],[-76.56190259,3.38685932],[-76.56189241,3.38684507],[-76.56188694,3.38683788],[-76.56188133,3.38683082],[-76.56186917,3.38682605],[-76.56186097,3.38682233],[-76.56185293,3.38681827],[-76.56184506,3.38681387],[-76.56183739,3.38680914],[-76.56182993,3.3868041],[-76.56181724,3.38679946],[-76.56180947,3.38679491],[-76.56180243,3.38678929],[-76.56179625,3.38678272],[-76.56178067,3.38678324],[-76.56177261,3.3867872],[-76.56176612,3.38679341],[-76.56175868,3.38679964],[-76.56175176,3.38680543],[-76.56174485,3.38681122],[-76.56173545,3.38681201],[-76.56172648,3.38681133],[-76.56171773,3.38680927],[-76.5617094,3.38680588],[-76.56169187,3.38680214],[-76.56168313,3.38679998],[-76.56167445,3.38679762],[-76.56166581,3.38679507],[-76.56165724,3.38679233],[-76.56164872,3.3867894],[-76.56164028,3.38678628],[-76.5616289,3.38678469],[-76.56161998,3.38678355],[-76.56161104,3.3867825],[-76.56160209,3.38678154],[-76.56159313,3.38678067],[-76.56158417,3.38677989],[-76.56157519,3.38677921],[-76.56156621,3.38677861],[-76.56155723,3.38677811],[-76.56154824,3.38677769],[-76.56153925,3.38677737],[-76.56152385,3.3867746],[-76.56151492,3.38677345],[-76.56150596,3.38677261],[-76.56149698,3.3867721],[-76.56148798,3.3867719],[-76.56147899,3.38677203],[-76.56146611,3.38677262],[-76.56145722,3.38677402],[-76.56144849,3.3867762],[-76.56143999,3.38677915],[-76.56143161,3.38679165],[-76.56142619,3.38679887],[-76.56142049,3.38680587],[-76.56140779,3.38681312],[-76.5613993,3.38681608],[-76.56139048,3.38681783],[-76.5613815,3.38681833],[-76.56136379,3.38681604],[-76.56135491,3.3868146],[-76.56134605,3.38681299],[-76.56131415,3.38681299],[-76.56129465,3.38681299],[-76.56127747,3.38681458],[-76.56126851,3.38681545],[-76.56125955,3.38681634],[-76.5612506,3.38681725],[-76.56124165,3.38681818],[-76.5612327,3.38681913],[-76.56122375,3.38682011],[-76.56121226,3.38682028],[-76.56120326,3.3868203],[-76.56119426,3.38682022],[-76.56118526,3.38682004],[-76.56117627,3.38681976],[-76.56116728,3.38681938],[-76.56115829,3.3868189],[-76.56114931,3.38681833],[-76.56113541,3.38681401],[-76.56112688,3.38681114],[-76.56111839,3.38680813],[-76.56110996,3.38680497],[-76.56110159,3.38680167],[-76.56109327,3.38679822],[-76.56108501,3.38679463],[-76.56107681,3.3867909],[-76.56106868,3.38678703],[-76.56106061,3.38678302],[-76.56105262,3.38677887],[-76.56104469,3.38677458],[-76.56103684,3.38677016],[-76.56102907,3.3867656],[-76.56102138,3.38676091],[-76.56100606,3.38676196],[-76.56099707,3.38676239],[-76.56098808,3.38676269],[-76.56097908,3.38676285],[-76.56097008,3.38676288],[-76.56096109,3.38676277],[-76.56095209,3.38676253],[-76.5609431,3.38676216],[-76.56093411,3.38676165],[-76.56092514,3.38676101],[-76.56091617,3.38676023],[-76.56090722,3.38675932],[-76.56089828,3.38675828],[-76.56088936,3.3867571],[-76.56088046,3.38675579],[-76.56087157,3.38675435],[-76.56086271,3.38675278],[-76.56085387,3.38675107],[-76.56084506,3.38674923],[-76.56083628,3.38674726],[-76.56082753,3.38674516],[-76.56081881,3.38674293],[-76.56081012,3.38674057],[-76.56080147,3.38673808],[-76.56079286,3.38673546],[-76.56078428,3.38673271],[-76.56077575,3.38672983],[-76.56076726,3.38672683],[-76.56075882,3.3867237],[-76.56075043,3.38672045],[-76.56074208,3.38671707],[-76.56073378,3.38671356],[-76.56072554,3.38670994],[-76.56070924,3.38671185],[-76.56070025,3.38671233],[-76.56069125,3.38671243],[-76.56068226,3.38671213],[-76.56067329,3.38671143],[-76.56066436,3.38671034],[-76.56065548,3.38670885],[-76.56064668,3.38670698],[-76.56063797,3.38670473],[-76.56062936,3.38670209],[-76.56062088,3.38669907],[-76.56061253,3.38669569],[-76.56060434,3.38669194],[-76.56059632,3.38668784],[-76.56058849,3.38668338],[-76.56058086,3.38667859],[-76.56057314,3.38667394],[-76.56056536,3.3866694],[-76.56055753,3.38666496],[-76.56054963,3.38666061],[-76.56054169,3.38665637],[-76.56053368,3.38665223],[-76.56052563,3.3866482],[-76.56051753,3.38664427],[-76.56050937,3.38664044],[-76.56050117,3.38663672],[-76.56049292,3.3866331],[-76.56048463,3.38662959],[-76.56047629,3.38662619],[-76.56046791,3.38662289],[-76.56045949,3.38661971],[-76.56045103,3.38661663],[-76.56044253,3.38661366],[-76.56043399,3.3866108],[-76.56042542,3.38660805],[-76.56041681,3.38660541],[-76.56040817,3.38660289],[-76.5603995,3.38660047],[-76.5603908,3.38659816],[-76.56038207,3.38659597],[-76.56037331,3.38659389],[-76.56036453,3.38659192],[-76.56035572,3.38659007],[-76.56034689,3.38658833],[-76.56033804,3.3865867],[-76.56032917,3.38658519],[-76.56032028,3.38658379],[-76.56031137,3.38658251],[-76.56030008,3.38658103],[-76.56029114,3.38657996],[-76.5602822,3.38657897],[-76.56027324,3.38657808],[-76.56026428,3.38657727],[-76.56025531,3.38657654],[-76.56024633,3.3865759],[-76.56023735,3.38657535],[-76.56022837,3.38657488],[-76.56021938,3.38657451],[-76.56021038,3.38657421],[-76.56020138,3.38657401],[-76.56019239,3.38657389],[-76.56018339,3.38657386],[-76.56017439,3.38657391],[-76.56016539,3.38657405],[-76.5601564,3.38657428],[-76.5601474,3.3865746],[-76.56013841,3.386575],[-76.56012943,3.38657548],[-76.56012045,3.38657606],[-76.56011147,3.38657672],[-76.5601025,3.38657747],[-76.56009354,3.3865783],[-76.56008459,3.38657922],[-76.56007565,3.38658023],[-76.56006672,3.38658132],[-76.56005779,3.3865825],[-76.560044,3.38658251],[-76.560035,3.38658239],[-76.56002601,3.38658217],[-76.56001702,3.38658186],[-76.56000803,3.38658146],[-76.55999904,3.38658095],[-76.55999006,3.38658036],[-76.55998109,3.38657966],[-76.55997213,3.38657887],[-76.55996317,3.38657799],[-76.55995422,3.386577],[-76.55994529,3.38657592],[-76.55993637,3.38657475],[-76.55992746,3.38657348],[-76.55991856,3.38657212],[-76.55990968,3.38657066],[-76.55990082,3.38656911],[-76.55989197,3.38656746],[-76.55988314,3.38656572],[-76.55987433,3.38656388],[-76.55986554,3.38656195],[-76.55985677,3.38655992],[-76.55984802,3.38655781],[-76.55983929,3.38655559],[-76.55983059,3.38655329],[-76.55982191,3.38655089],[-76.55981326,3.3865484],[-76.55980464,3.38654581],[-76.55979604,3.38654314],[-76.55978748,3.38654037],[-76.55977894,3.38653751],[-76.55977043,3.38653456],[-76.55976196,3.38653152],[-76.55975299,3.38652975],[-76.55974417,3.38652792],[-76.55973538,3.386526],[-76.55972661,3.38652399],[-76.55971785,3.3865219],[-76.55970912,3.38651972],[-76.5597004,3.38651746],[-76.55969171,3.38651511],[-76.55968305,3.38651268],[-76.55967441,3.38651016],[-76.55966579,3.38650755],[-76.5596572,3.38650486],[-76.55964863,3.38650209],[-76.55964009,3.38649923],[-76.55963158,3.38649629],[-76.5596231,3.38649327],[-76.55961465,3.38649016],[-76.55960623,3.38648697],[-76.55959785,3.38648369],[-76.55958949,3.38648033],[-76.55958117,3.3864769],[-76.55957288,3.38647338],[-76.55956462,3.38646977],[-76.5595564,3.38646609],[-76.55954822,3.38646233],[-76.55954008,3.38645849],[-76.55953197,3.38645456],[-76.5595239,3.38645056],[-76.55951587,3.38644648],[-76.55950788,3.38644232],[-76.55949993,3.38643808],[-76.55948463,3.38643295],[-76.55947609,3.38643009],[-76.55946756,3.38642723],[-76.55945902,3.38642437],[-76.55945048,3.38642151],[-76.55944195,3.38641865],[-76.55943341,3.38641579],[-76.55942487,3.38641293],[-76.55941634,3.38641007],[-76.5594078,3.38640721],[-76.55939926,3.38640435],[-76.55939073,3.38640149],[-76.55938219,3.38639863],[-76.55937365,3.38639577],[-76.55936511,3.38639291],[-76.55935658,3.38639005],[-76.55934804,3.38638719],[-76.5593395,3.38638433],[-76.55933097,3.38638147],[-76.55932243,3.38637861],[-76.55931175,3.38637367],[-76.55930349,3.38637008],[-76.55929516,3.38636667],[-76.55928676,3.38636343],[-76.55927829,3.38636036],[-76.55926976,3.38635748],[-76.55926118,3.38635477],[-76.55925254,3.38635224],[-76.55924385,3.38634989],[-76.55923511,3.38634773],[-76.55922633,3.38634574],[-76.55921751,3.38634394],[-76.55920866,3.38634232],[-76.55919978,3.38634089],[-76.55919086,3.38633964],[-76.55918193,3.38633858],[-76.55917297,3.3863377],[-76.559164,3.38633701],[-76.55915501,3.38633651],[-76.55914602,3.3863362],[-76.55913702,3.38633607],[-76.55912802,3.38633613],[-76.55911215,3.38633408],[-76.55910321,3.38633304],[-76.55909426,3.38633209],[-76.55908531,3.38633123],[-76.55907634,3.38633045],[-76.55906737,3.38632976],[-76.55905839,3.38632916],[-76.55904941,3.38632864],[-76.55904042,3.3863282],[-76.55903143,3.38632786],[-76.55902243,3.3863276],[-76.55901343,3.38632742],[-76.55900443,3.38632734],[-76.55899544,3.38632734],[-76.55898644,3.38632742],[-76.55897744,3.38632759],[-76.55896845,3.38632785],[-76.55895945,3.3863282],[-76.55895046,3.38632863],[-76.55894148,3.38632914],[-76.5589325,3.38632975],[-76.55892353,3.38633044],[-76.55891456,3.38633121],[-76.55890561,3.38633207],[-76.55889666,3.38633302],[-76.55888772,3.38633405],[-76.55887879,3.38633517],[-76.55886987,3.38633638],[-76.55886096,3.38633767],[-76.55885207,3.38633904],[-76.55884319,3.3863405],[-76.55883432,3.38634205],[-76.55882547,3.38634368],[-76.55881664,3.3863454],[-76.55880782,3.3863472],[-76.55879902,3.38634908],[-76.55879023,3.38635105],[-76.55873845,3.38636319],[-76.55873845,3.38633829],[-76.55872945,3.38631116],[-76.55871145,3.38627498],[-76.55869346,3.38624785],[-76.55864847,3.38620263],[-76.55859448,3.38614837],[-76.55857648,3.38613028],[-76.55852249,3.38607602],[-76.55850449,3.38604889],[-76.55847749,3.38601272],[-76.5584505,3.38598559],[-76.55841451,3.38595845],[-76.55838751,3.38592228],[-76.55836951,3.38589515],[-76.55835152,3.38585897],[-76.55833352,3.38583184],[-76.55830653,3.38579567],[-76.55828853,3.38575949],[-76.55826153,3.38573236],[-76.55822554,3.38571428],[-76.5581917,3.38570365],[-76.55815119,3.38569092],[-76.55808156,3.38566905],[-76.55805456,3.38566905],[-76.55803657,3.38566905],[-76.55800957,3.38566905],[-76.55798257,3.38566001],[-76.55790159,3.38563287],[-76.5578386,3.38561479],[-76.5577846,3.38560574],[-76.55771261,3.38559669],[-76.55768562,3.38558765],[-76.55765862,3.38558765],[-76.55763162,3.38559669],[-76.55760463,3.38559669],[-76.55755963,3.38561478],[-76.55749664,3.38565095],[-76.55746964,3.38568712],[-76.55746064,3.38571425],[-76.55737965,3.38593129],[-76.55737065,3.38598555],[-76.55733465,3.38608503],[-76.55728065,3.38627494],[-76.55727165,3.38632919],[-76.55722666,3.38632015],[-76.55708268,3.38628397],[-76.55650676,3.38612117],[-76.55634478,3.3860669],[-76.55614681,3.38600359],[-76.55598484,3.38594933],[-76.55589485,3.38592219],[-76.55584228,3.38592219],[-76.55583486,3.38591486],[-76.55582866,3.3859083],[-76.55582266,3.38590156],[-76.55581686,3.38589464],[-76.55581128,3.38588755],[-76.55580592,3.38588029],[-76.55580077,3.38587287],[-76.55579585,3.3858653],[-76.55578717,3.38585057],[-76.55578411,3.38584206],[-76.55578128,3.38583348],[-76.55577869,3.38582482],[-76.55577634,3.38581609],[-76.55577423,3.3858073],[-76.55577095,3.38579078],[-76.55578402,3.38571854],[-76.55570588,3.3856961],[-76.55565189,3.38568706],[-76.55553491,3.38567801],[-76.55548092,3.38566896],[-76.55542692,3.38566896],[-76.55509397,3.38567799],[-76.554842,3.38567798],[-76.55471865,3.38568624],[-76.55457204,3.38569606],[-76.55429308,3.38570509],[-76.55407711,3.38572317],[-76.55369016,3.38574124],[-76.55369031,3.38574417],[-76.55373512,3.3866275],[-76.55373512,3.38667272],[-76.55374411,3.38693498],[-76.5537441,3.38703193],[-76.5537441,3.38717915],[-76.5537441,3.38723341],[-76.55374409,3.38745045],[-76.55374408,3.38757706],[-76.55373508,3.38777601],[-76.55373507,3.3878574],[-76.55374407,3.38793879],[-76.55374407,3.38797497],[-76.55375306,3.38805636],[-76.55377106,3.38818297],[-76.55378005,3.3882734],[-76.55378005,3.38830727],[-76.55378005,3.38843618],[-76.55378004,3.38851757],[-76.55378004,3.38860801],[-76.55378004,3.38870749],[-76.55378003,3.38901496],[-76.55378002,3.38909635],[-76.55378001,3.38935861],[-76.553771,3.38974748],[-76.55377099,3.390064],[-76.55377099,3.39009942],[-76.55377098,3.39021774],[-76.55377098,3.39029913],[-76.55376964,3.39029767],[-76.55377,3.39029901],[-76.55377098,3.39029913],[-76.55377098,3.39030269],[-76.5537673,3.39029869],[-76.55372325,3.39025081],[-76.55358484,3.39010036],[-76.55358202,3.39009469],[-76.55357302,3.39008564],[-76.55340204,3.38992286],[-76.55322207,3.38976911],[-76.55317708,3.38972389],[-76.55256518,3.38924457],[-76.55252019,3.38921744],[-76.5524302,3.38914509],[-76.55239421,3.38911795],[-76.55223937,3.38899809],[-76.55172832,3.38860245],[-76.55133238,3.388304],[-76.55127839,3.38824974],[-76.55127911,3.38824689],[-76.55127839,3.38824617],[-76.55134802,3.38797286],[-76.55094644,3.38776743],[-76.55090907,3.3877128],[-76.55081525,3.38757568],[-76.55080117,3.38743533],[-76.55079964,3.38741656],[-76.55080198,3.38740783],[-76.55080388,3.38739992],[-76.55080409,3.38739904],[-76.55080597,3.3873902],[-76.55080762,3.38738131],[-76.55080904,3.38737238],[-76.55081023,3.38736341],[-76.55081117,3.38735442],[-76.55081189,3.38734541],[-76.55081237,3.38733638],[-76.55081261,3.38732734],[-76.55081261,3.38732186],[-76.55081261,3.38732167],[-76.55081239,3.38731282],[-76.55081192,3.38730379],[-76.55081122,3.38729477],[-76.55081028,3.38728578],[-76.55080911,3.38727681],[-76.5508077,3.38726788],[-76.55080607,3.38725899],[-76.55080288,3.38724453],[-76.55080135,3.38723562],[-76.55079966,3.38722674],[-76.55079781,3.38721788],[-76.55079582,3.38720907],[-76.55079367,3.38720029],[-76.55079136,3.38719154],[-76.5507889,3.38718284],[-76.5507863,3.38717419],[-76.55078354,3.38716558],[-76.55078063,3.38715702],[-76.55077757,3.38714852],[-76.55077437,3.38714007],[-76.55077102,3.38713167],[-76.55076752,3.38712334],[-76.55076388,3.38711507],[-76.5507601,3.38710687],[-76.55075617,3.38709873],[-76.5507521,3.38709067],[-76.55074789,3.38708267],[-76.55074355,3.38707475],[-76.55073906,3.38706691],[-76.55073444,3.38705915],[-76.55072968,3.38705148],[-76.550722,3.38703966],[-76.55071789,3.38703161],[-76.55071384,3.38702354],[-76.55070983,3.38701544],[-76.55070587,3.38700732],[-76.55070196,3.38699918],[-76.5506981,3.38699101],[-76.55069428,3.38698282],[-76.55069052,3.3869746],[-76.55068681,3.38696636],[-76.55068314,3.3869581],[-76.55067953,3.38694982],[-76.55067597,3.38694152],[-76.55067245,3.38693319],[-76.55066899,3.38692484],[-76.55066558,3.38691648],[-76.55066221,3.38690809],[-76.5506589,3.38689968],[-76.55065564,3.38689125],[-76.55065243,3.3868828],[-76.55064927,3.38687433],[-76.55064434,3.3868608],[-76.55064208,3.38685205],[-76.55063987,3.38684328],[-76.55063772,3.3868345],[-76.55063562,3.38682571],[-76.55063359,3.3868169],[-76.5506316,3.38680808],[-76.55062967,3.38679925],[-76.5506278,3.3867904],[-76.55062599,3.38678154],[-76.55062423,3.38677267],[-76.55062253,3.38676379],[-76.55062088,3.3867549],[-76.55061929,3.386746],[-76.55061776,3.38673709],[-76.55061629,3.38672817],[-76.55061487,3.38671924],[-76.55061351,3.3867103],[-76.55061221,3.38670135],[-76.55061096,3.38669239],[-76.55060876,3.38667545],[-76.55060669,3.38666664],[-76.55060463,3.38665784],[-76.55060257,3.38664904],[-76.55060051,3.38664023],[-76.55059845,3.38663143],[-76.5505964,3.38662263],[-76.55059434,3.38661382],[-76.55059229,3.38660502],[-76.55059024,3.38659621],[-76.55058819,3.38658741],[-76.55058614,3.3865786],[-76.5505841,3.38656979],[-76.55058206,3.38656098],[-76.55058001,3.38655218],[-76.55057797,3.38654337],[-76.55057593,3.38653456],[-76.5505739,3.38652575],[-76.55057186,3.38651694],[-76.55056983,3.38650813],[-76.5505678,3.38649932],[-76.55056577,3.38649051],[-76.55056374,3.3864817],[-76.55056171,3.38647289],[-76.55055969,3.38646408],[-76.55055766,3.38645527],[-76.55055564,3.38644646],[-76.55055362,3.38643764],[-76.5505516,3.38642883],[-76.55054959,3.38642002],[-76.55054757,3.3864112],[-76.55054405,3.38639578],[-76.55046964,3.38617465],[-76.55038646,3.38587032],[-76.55038745,3.38587041],[-76.55064664,3.38589153],[-76.55162338,3.38592978],[-76.55193264,3.38594527],[-76.55201916,3.38594523],[-76.5520903,3.38593565],[-76.55209308,3.38593528],[-76.55209853,3.38593284],[-76.55217478,3.38589878],[-76.55224872,3.38582603],[-76.55229035,3.3857662],[-76.55240422,3.3855096],[-76.55255929,3.38512224],[-76.5526501,3.38488636],[-76.55289912,3.38401256],[-76.55297433,3.38379229],[-76.55311684,3.38361857],[-76.55329619,3.38351765],[-76.55347822,3.38348733],[-76.55403093,3.38349926],[-76.55460031,3.38355349],[-76.55473949,3.38357684],[-76.5555993,3.38368045],[-76.55579661,3.38369144],[-76.55600522,3.38370239],[-76.55617367,3.38371103],[-76.55647353,3.38373323],[-76.55663222,3.38374678],[-76.55670378,3.38375446],[-76.55672199,3.38375641],[-76.55688014,3.38377358],[-76.55694729,3.38378022],[-76.55698603,3.38378223],[-76.55703911,3.38377848],[-76.5570879,3.38377127],[-76.55714242,3.38375656],[-76.55723309,3.38371676],[-76.55725232,3.38370355],[-76.55725958,3.38369856],[-76.55728302,3.38368244],[-76.55736566,3.38360919],[-76.55750703,3.38347509],[-76.55764323,3.38335166],[-76.55775571,3.38325476],[-76.5579933,3.38305789],[-76.55820066,3.38289255],[-76.55830396,3.38282064],[-76.55840726,3.38277565],[-76.55849641,3.38275642],[-76.55858441,3.38274719],[-76.55871883,3.38273489],[-76.5588081,3.38272322],[-76.55888484,3.38270668],[-76.55894913,3.38270296],[-76.55905797,3.38271268],[-76.55911564,3.38272687],[-76.55913494,3.38272805],[-76.55921607,3.38274288],[-76.55932117,3.38277253],[-76.55941336,3.38281608],[-76.5594779,3.38285129],[-76.55952584,3.38273085],[-76.55959407,3.38252887],[-76.55962541,3.38251775],[-76.55964017,3.3824881],[-76.55965861,3.38241398],[-76.55966967,3.38235654],[-76.55968568,3.3823065],[-76.55968627,3.38230466],[-76.55965582,3.3822162],[-76.55961426,3.38210735],[-76.55958151,3.38202001],[-76.55954122,3.3819061],[-76.55953189,3.38187681],[-76.55954223,3.38186017],[-76.55954534,3.38185488],[-76.55954702,3.38184549],[-76.5595475,3.38182647],[-76.55954741,3.38182619],[-76.55953864,3.38179663],[-76.55950511,3.38180529],[-76.55948978,3.38176437],[-76.55946535,3.38170504],[-76.5594505,3.38167688],[-76.55942296,3.38161442],[-76.55939087,3.38154714],[-76.559331,3.38141885],[-76.55930753,3.38136974],[-76.55921651,3.38141547],[-76.55915137,3.38144435],[-76.55908239,3.38144411],[-76.55908394,3.38144056],[-76.55910346,3.38139597],[-76.55910306,3.38139333],[-76.55910036,3.38137566],[-76.5590958,3.38134591],[-76.55905557,3.38128814],[-76.55900383,3.38123807],[-76.55892528,3.38113794],[-76.55887355,3.38103588],[-76.55883331,3.38095116],[-76.55879116,3.38083947],[-76.55873826,3.38072122],[-76.55873755,3.38071961],[-76.55873817,3.38071746],[-76.55873826,3.38071766],[-76.55874648,3.38068737],[-76.55874648,3.38066463],[-76.5587446,3.38055851],[-76.55873329,3.38042586],[-76.55872575,3.3802951],[-76.5587069,3.38021172],[-76.55869181,3.38015107],[-76.55868616,3.38009991],[-76.55867673,3.38004116],[-76.55864468,3.37996915],[-76.55861828,3.37990661],[-76.55864656,3.37989714],[-76.55868428,3.37990661],[-76.55870313,3.37991799],[-76.55876347,3.37997105],[-76.55883324,3.38002222],[-76.55891809,3.38008476],[-76.5590218,3.3801435],[-76.55905952,3.38017383],[-76.55910289,3.38021741],[-76.55914437,3.38025342],[-76.55920471,3.38028564],[-76.55922168,3.38030459],[-76.55924619,3.38033491],[-76.55925939,3.38036523],[-76.55929522,3.38039555],[-76.5593367,3.3804145],[-76.55937441,3.38042588],[-76.55943664,3.38045999],[-76.55946115,3.38048652],[-76.55949321,3.3805339],[-76.55952526,3.38056232],[-76.55955543,3.38055095],[-76.55955732,3.38052632],[-76.55955355,3.38043157],[-76.55954413,3.38035387],[-76.55952904,3.38030649],[-76.55951584,3.38025343],[-76.55951396,3.38020985],[-76.5595215,3.38016626],[-76.55952716,3.3801151],[-76.55952151,3.38006393],[-76.55948568,3.38002792],[-76.55943854,3.37999002],[-76.55940649,3.3799578],[-76.55936123,3.37989906],[-76.55934049,3.37983652],[-76.55933672,3.37974556],[-76.55936124,3.37970387],[-76.55942724,3.37965081],[-76.55949512,3.37961102],[-76.55955609,3.37960257],[-76.55956454,3.37962868],[-76.55956341,3.37962875],[-76.55992726,3.3807532],[-76.55996201,3.3808606],[-76.55996266,3.38086259],[-76.56004127,3.38110554],[-76.56004283,3.38110684],[-76.56046006,3.38145357],[-76.56159118,3.38239357],[-76.56112181,3.38295401],[-76.56117327,3.38301028],[-76.5612947,3.38307966],[-76.56139946,3.38314187],[-76.5614895,3.38326265],[-76.56151558,3.38336757],[-76.56153174,3.38347425],[-76.56153174,3.38348384],[-76.56153174,3.38348739],[-76.56153174,3.38348878],[-76.56153174,3.38349234],[-76.56153174,3.38349783],[-76.56153174,3.38350138],[-76.56153174,3.38350687],[-76.56153174,3.38351043],[-76.56153174,3.38351591],[-76.56153174,3.38351947],[-76.56153174,3.38352588],[-76.56153265,3.38353492],[-76.56153265,3.38353844],[-76.56153265,3.38353848],[-76.56153265,3.38354396],[-76.56153356,3.38355301],[-76.56153356,3.38355652],[-76.56153357,3.38355656],[-76.56153357,3.38356205],[-76.56153356,3.38356561],[-76.56153356,3.38357109],[-76.56153356,3.38357465],[-76.56153356,3.38358014],[-76.56153356,3.38358369],[-76.56153356,3.38358918],[-76.56153357,3.38359274],[-76.56152815,3.38359909],[-76.56151915,3.38359909],[-76.56151016,3.38359818],[-76.56150116,3.38359634],[-76.56149216,3.38359634],[-76.56148316,3.38359818],[-76.56147866,3.3836063],[-76.56147774,3.38361534],[-76.56147683,3.38362439],[-76.56147683,3.38362987],[-76.56147598,3.38363892],[-76.56147598,3.38364247],[-76.56147598,3.38364796],[-76.56147507,3.383657],[-76.56147324,3.38366605],[-76.56147057,3.38367417],[-76.56146783,3.38368321],[-76.56146515,3.38369134],[-76.56146157,3.38369953],[-76.56145707,3.38370766],[-76.56145348,3.38371578],[-76.56144983,3.38372391],[-76.56144624,3.38373295],[-76.56144266,3.38374108],[-76.56143998,3.38374927],[-76.56143724,3.38375832],[-76.56143366,3.38376644],[-76.56143099,3.38377548],[-76.56142824,3.38378361],[-76.56142557,3.38379265],[-76.56142199,3.38380078],[-76.56141924,3.38380982],[-76.56141657,3.38381795],[-76.56141383,3.38382699],[-76.56141116,3.38383518],[-76.56140849,3.38384423],[-76.56140574,3.38385235],[-76.56140307,3.3838614],[-76.56139949,3.38386952],[-76.56139674,3.38387856],[-76.56139225,3.38389213],[-76.56136349,3.38394999],[-76.56135899,3.38395904],[-76.56135625,3.38396716],[-76.56135266,3.38397536],[-76.56134999,3.3839844],[-76.56134816,3.38399252],[-76.56134633,3.38400157],[-76.56134458,3.38401061],[-76.56134366,3.38401965],[-76.56134275,3.3840287],[-76.56134275,3.38403225],[-76.56134275,3.38403774],[-76.56134275,3.3840413],[-76.56134275,3.38404678],[-76.56134275,3.38405034],[-76.56134275,3.38405583],[-76.56134275,3.38405938],[-76.56134275,3.38406487],[-76.56134275,3.38406843],[-76.56134275,3.38407391],[-76.56134275,3.38407747],[-76.56134275,3.38408296],[-76.56134275,3.38408652],[-76.56134275,3.384092],[-76.56134275,3.38409556],[-76.56134275,3.38410104],[-76.56134275,3.3841046],[-76.56134275,3.38411009],[-76.56134099,3.38411913],[-76.56133916,3.38412818],[-76.56133649,3.3841363],[-76.56133375,3.38414534],[-76.56133199,3.38415347],[-76.56133107,3.38416251],[-76.56133126,3.38416431],[-76.56133199,3.38417155],[-76.56133374,3.3841806],[-76.56133466,3.38418964],[-76.56133649,3.38419868],[-76.56133824,3.38420773],[-76.56134007,3.38421677],[-76.56134183,3.3842249],[-76.56134366,3.38423394],[-76.56134548,3.38424298],[-76.56134724,3.38425203],[-76.56134907,3.38426107],[-76.56135083,3.38426927],[-76.56135265,3.38427831],[-76.56135448,3.38428735],[-76.56135715,3.38429548],[-76.56136074,3.38430452],[-76.56136524,3.38431173],[-76.56137248,3.38431809],[-76.56137873,3.38432438],[-76.56138598,3.38432982],[-76.56139223,3.38433618],[-76.56139947,3.38434162],[-76.56140664,3.38434974],[-76.56141297,3.38435518],[-76.56142106,3.3843597],[-76.56142914,3.38436331],[-76.56143722,3.38436691],[-76.56144622,3.38436959],[-76.56145431,3.38437327],[-76.56146246,3.38437779],[-76.56147055,3.38438139],[-76.56147863,3.384385],[-76.5614858,3.38439044],[-76.56149213,3.38439673],[-76.56149754,3.384404],[-76.56150296,3.38441121],[-76.56150746,3.38441849],[-76.5615128,3.38442569],[-76.56151821,3.38443382],[-76.56152271,3.3844411],[-76.56152721,3.38444922],[-76.56153262,3.38445643],[-76.56153712,3.38446371],[-76.56154254,3.38447091],[-76.56154879,3.38447812],[-76.56155603,3.38448356],[-76.5615632,3.384489],[-76.56157044,3.38449444],[-76.56157762,3.38449988],[-76.5615857,3.38450348],[-76.56159379,3.38450709],[-76.56160278,3.38450977],[-76.56161094,3.38451345],[-76.56161811,3.38451882],[-76.56162444,3.38452518],[-76.56163069,3.38453153],[-76.56164419,3.38453874],[-76.56165319,3.38453966],[-76.56166219,3.38453966],[-76.56167119,3.38453874],[-76.56168651,3.38453782],[-76.56169551,3.38453966],[-76.5617036,3.38454326],[-76.56171077,3.3845487],[-76.56171618,3.38455591],[-76.56171709,3.38456496],[-76.56171681,3.38456561],[-76.56171351,3.38457308],[-76.5617081,3.38458036],[-76.56170001,3.38458488],[-76.56169101,3.38458488],[-76.56168293,3.38458396],[-76.56167393,3.38458304],[-76.56166493,3.38458304],[-76.56165593,3.38458488],[-76.56164693,3.38458664],[-76.56163793,3.38458848],[-76.56162893,3.3845894],[-76.56162078,3.38459208],[-76.56161361,3.38459752],[-76.56161002,3.38460565],[-76.56160728,3.38461469],[-76.56160278,3.38462281],[-76.56159561,3.38462734],[-76.56158661,3.38462734],[-76.56157761,3.38463009],[-76.56157044,3.38463553],[-76.56156411,3.38464182],[-76.56156053,3.38464994],[-76.56156156,3.38465116],[-76.56156053,3.3846535],[-76.56156595,3.38465986],[-76.56157403,3.38466438],[-76.56158212,3.38466799],[-76.5615902,3.38467343],[-76.56159458,3.38467857],[-76.56159202,3.38468435],[-76.56158394,3.38468796],[-76.56157578,3.38469156],[-76.5615677,3.38469608],[-76.56156228,3.38470244],[-76.56156144,3.38471148],[-76.56156172,3.38471211],[-76.56156503,3.38471961],[-76.56156411,3.38472108],[-76.56156053,3.38472681],[-76.56155328,3.38473133],[-76.56154703,3.38473769],[-76.56154429,3.38474674],[-76.56154253,3.38475578],[-76.56154161,3.38476482],[-76.56153894,3.38477295],[-76.56153529,3.38478199],[-76.56153261,3.38479012],[-76.56152903,3.38479831],[-76.56152453,3.38480644],[-76.56151911,3.38481364],[-76.56151279,3.38482],[-76.56150744,3.38482721],[-76.56150379,3.38483533],[-76.56150203,3.38484438],[-76.5615002,3.38485342],[-76.56149844,3.38486246],[-76.5614957,3.38487066],[-76.56149212,3.3848797],[-76.56148944,3.38488783],[-76.5614867,3.38489595],[-76.56148312,3.38490499],[-76.56148045,3.38491312],[-76.56147862,3.38492216],[-76.5614777,3.38493121],[-76.56147679,3.38494025],[-76.56147594,3.38494929],[-76.56147503,3.38495834],[-76.56147503,3.38496189],[-76.56147503,3.38496738],[-76.56147412,3.38497642],[-76.5614732,3.38498547],[-76.5614732,3.38498902],[-76.5614732,3.38499451],[-76.56147229,3.38500355],[-76.56147144,3.3850126],[-76.5614687,3.38502164],[-76.56146512,3.38502976],[-76.56146153,3.38503796],[-76.56145703,3.38504608],[-76.56145253,3.38505329],[-76.56144803,3.38506142],[-76.56144262,3.38506869],[-76.5614372,3.3850759],[-76.5614327,3.38508318],[-76.5614282,3.3850913],[-76.56142462,3.38509943],[-76.56142012,3.38510755],[-76.56141653,3.38511568],[-76.56141203,3.38512387],[-76.56140662,3.38513108],[-76.56140121,3.38513828],[-76.56139579,3.38514556],[-76.56139129,3.38515277],[-76.56138862,3.38516181],[-76.56138504,3.38516993],[-76.5613823,3.38517898],[-76.5613778,3.38518717],[-76.5613733,3.38519438],[-76.56136795,3.38520159],[-76.56136254,3.38520886],[-76.56135713,3.38521607],[-76.5613508,3.38522243],[-76.56134454,3.38522872],[-76.56133821,3.38523507],[-76.56133196,3.38524228],[-76.56132654,3.38524956],[-76.56132204,3.38525676],[-76.56131754,3.38526489],[-76.56131396,3.38527308],[-76.56131122,3.38528213],[-76.56130946,3.38529117],[-76.56130763,3.3852993],[-76.56130763,3.38530285],[-76.56130763,3.38530834],[-76.56130763,3.3853119],[-76.56130763,3.38531738],[-76.56130763,3.38532094],[-76.56130763,3.38532643],[-76.56130763,3.38532999],[-76.56130763,3.38533547],[-76.56130671,3.38534451],[-76.56130404,3.38535356],[-76.56129954,3.38536168],[-76.56129504,3.38536889],[-76.56128963,3.38537616],[-76.56128422,3.38538337],[-76.5612788,3.38539065],[-76.56127346,3.38539785],[-76.56126805,3.38540506],[-76.56126263,3.38541234],[-76.56125722,3.38541954],[-76.56125181,3.38542682],[-76.56124555,3.38543403],[-76.56124013,3.38544123],[-76.56123472,3.38544759],[-76.56122846,3.3854548],[-76.56122214,3.38546116],[-76.56121672,3.38546836],[-76.56121314,3.38547656],[-76.56120955,3.38548468],[-76.56120772,3.38549373],[-76.56120773,3.38549729],[-76.56120773,3.38550277],[-76.56120772,3.38550633],[-76.56120773,3.38551181],[-76.56120773,3.38551537],[-76.56120773,3.38552086],[-76.56120772,3.38552442],[-76.56120773,3.3855299],[-76.56120955,3.38553894],[-76.56121405,3.38554615],[-76.56122031,3.38555251],[-76.56122846,3.38555703],[-76.56123655,3.38556063],[-76.56124554,3.38556247],[-76.56125454,3.38556424],[-76.56126263,3.38556608],[-76.56127163,3.38556876],[-76.56127971,3.38557236],[-76.5612878,3.3855778],[-76.56129504,3.38558324],[-76.56130221,3.38558868],[-76.56130854,3.38559412],[-76.56131571,3.38559949],[-76.56132295,3.38560494],[-76.56133012,3.38561129],[-76.56133553,3.38561758],[-76.56134179,3.38562486],[-76.5613472,3.38563207],[-76.5613517,3.38564019],[-76.56135529,3.38564839],[-76.56135894,3.38565651],[-76.56136161,3.38566464],[-76.56136344,3.38567368],[-76.5613652,3.38568272],[-76.56136611,3.38569177],[-76.56136702,3.38570081],[-76.56136702,3.38570434],[-76.56136703,3.38570437],[-76.56136703,3.38570985],[-76.56136794,3.3857189],[-76.56137152,3.38573698],[-76.56137694,3.38574334],[-76.56138502,3.38574787],[-76.56139219,3.38575323],[-76.5613976,3.38576051],[-76.5614021,3.38576772],[-76.5614066,3.38577584],[-76.56140927,3.38578489],[-76.56141019,3.38579393],[-76.56141019,3.38579745],[-76.56141019,3.38579749],[-76.56141019,3.38580297],[-76.5614111,3.38581202],[-76.5614111,3.38581554],[-76.5614111,3.38581558],[-76.5614111,3.38582106],[-76.56141201,3.38583102],[-76.56143627,3.38587624],[-76.56143901,3.38589341],[-76.56143878,3.38589549],[-76.56143718,3.38590973],[-76.56143542,3.38591877],[-76.56143451,3.38592782],[-76.56143469,3.38592962],[-76.56143542,3.38593686],[-76.56143718,3.38594499],[-76.56143901,3.38595403],[-76.56144168,3.38596307],[-76.56144442,3.3859712],[-76.56144801,3.38598024],[-76.56145068,3.38598837],[-76.56145518,3.38599656],[-76.5614615,3.38600285],[-76.56146959,3.38600737],[-76.56147767,3.38601189],[-76.56148576,3.3860155],[-76.56149391,3.38601733],[-76.56150291,3.38602002],[-76.56151191,3.38602277],[-76.56151908,3.3860273],[-76.5615254,3.38604114],[-76.56152717,3.38604711],[-76.561529,3.38605615],[-76.56153075,3.38606519],[-76.56153349,3.38607332],[-76.56153708,3.38608236],[-76.56153975,3.38609056],[-76.56154425,3.38609868],[-76.56155058,3.38610497],[-76.5615569,3.38611133],[-76.56156316,3.38611769],[-76.56156949,3.38612398],[-76.56157574,3.38613125],[-76.56158024,3.38613846],[-76.56158474,3.38614659],[-76.56159016,3.38615386],[-76.56159466,3.38616199],[-76.56159916,3.3861692],[-76.56160457,3.38617732],[-76.56160815,3.38618459],[-76.56160815,3.38619008],[-76.56160815,3.38619364],[-76.56160815,3.38619912],[-76.56161089,3.38620817],[-76.56161447,3.38621629],[-76.56161897,3.38622442],[-76.56162439,3.38623169],[-76.56162973,3.3862389],[-76.56163423,3.38624703],[-76.56163697,3.38625515],[-76.56163873,3.3862642],[-76.56164056,3.38627324],[-76.56164238,3.38628143],[-76.56164414,3.38629048],[-76.56164688,3.38629952],[-76.56165047,3.38630765],[-76.56165497,3.38631577],[-76.56165947,3.38632298],[-76.56166572,3.38633026],[-76.56167205,3.38633654],[-76.56167922,3.38634198],[-76.56168555,3.38634834],[-76.56169187,3.38635463],[-76.56169722,3.38636191],[-76.56170263,3.38636911],[-76.56170713,3.38637724],[-76.56171254,3.38638452],[-76.56171887,3.38639081],[-76.56172604,3.38639625],[-76.56173413,3.38640077],[-76.56174137,3.38640529],[-76.56174854,3.38641073],[-76.56175395,3.38641886],[-76.56175845,3.38642613],[-76.56176295,3.38643334],[-76.56176836,3.38644146],[-76.56177286,3.38644959],[-76.56177462,3.38645778],[-76.56177736,3.38646683],[-76.56178003,3.38647495],[-76.56178186,3.386484],[-76.56178453,3.38649304],[-76.5617872,3.38650117],[-76.56178994,3.38651021],[-76.56179261,3.38651833],[-76.56179536,3.38652738],[-76.56179803,3.3865355],[-76.56180161,3.38654455],[-76.56180435,3.38655274],[-76.56180703,3.38656087],[-76.56181694,3.38657168],[-76.56182594,3.38657168],[-76.56183311,3.3865762],[-76.56183943,3.38658256],[-76.56184393,3.38659068],[-76.56184569,3.38659973],[-76.56184523,3.38660089],[-76.56184211,3.38660877],[-76.56184119,3.38661689],[-76.56184145,3.38661818],[-76.56184302,3.38662594],[-76.5618466,3.38663413],[-76.5618511,3.38664226],[-76.56185469,3.38665038],[-76.56185919,3.38665851],[-76.56186284,3.38666663],[-76.56186734,3.38667483],[-76.56187184,3.38668295],[-76.56187634,3.38669108],[-76.56188084,3.38669829],[-76.56188618,3.38670556],[-76.5618916,3.38671185],[-76.56190059,3.38671553],[-76.56190959,3.38671729],[-76.56191859,3.38671637],[-76.56192668,3.38671277],[-76.56193118,3.38670465],[-76.56193392,3.38669652],[-76.56193568,3.38668748],[-76.56193641,3.38668019],[-76.56193659,3.38667844],[-76.56193568,3.38666939],[-76.56193568,3.38666391],[-76.56194384,3.38665847],[-76.56195101,3.38666116],[-76.56195459,3.38666935],[-76.56195909,3.38667747],[-76.56196633,3.38668292],[-76.56197442,3.38668744],[-76.5619825,3.38668829],[-76.5619915,3.38668744],[-76.5620005,3.38668468],[-76.56200858,3.38668016],[-76.56201667,3.38667564],[-76.562023,3.3866702],[-76.56202841,3.38666299],[-76.56203291,3.38665487],[-76.5620365,3.38664674],[-76.562041,3.38663855],[-76.56204732,3.38663226],[-76.56205632,3.38663042],[-76.56206258,3.38663587],[-76.56206532,3.38664491],[-76.562066,3.38665215],[-76.56206616,3.38665395],[-76.56206532,3.386663],[-76.56206458,3.38667028],[-76.56206532,3.38667752],[-76.56206799,3.38668565],[-76.56207431,3.38669292],[-76.56208331,3.38669469],[-76.5620914,3.38669017],[-76.56209765,3.38668388],[-76.56210398,3.38667752],[-76.56211298,3.3866766],[-76.56212198,3.3866766],[-76.56213098,3.38667844],[-76.56213906,3.38668296],[-76.56214715,3.38668748],[-76.5621553,3.38668925],[-76.5621643,3.3866884],[-76.56217239,3.38668473],[-76.56217956,3.38667844],[-76.56218497,3.38667117],[-76.56218947,3.38666396],[-76.56219397,3.38665583],[-76.56219847,3.38664771],[-76.56220655,3.38664404],[-76.56221555,3.38664404],[-76.56222455,3.38664404],[-76.56223355,3.38664135],[-76.56224079,3.38663683],[-76.56224614,3.38662962],[-76.56225155,3.38662235],[-76.56225605,3.38661422],[-76.56226055,3.38660702],[-76.56226505,3.38659882],[-76.56226955,3.3865907],[-76.56227138,3.38658165],[-76.56227229,3.38657261],[-76.56227405,3.38656448],[-76.56227763,3.38655544],[-76.56228305,3.38654823],[-76.56229029,3.38654371],[-76.56229929,3.38654371],[-76.56229969,3.38654463],[-76.56230287,3.38655184],[-76.56230219,3.38655385]]]]},"geometry_name":"the_geom","properties":{"bpcodigo":"1898","bpnombre":"Alto Napoles","bpcomuna":18,"bpestramod":1,"bpupu":13,"bpobserv":"Estudio técnico urbanistico de diagnostico Contrato Interadministrativo No. 4147.010.26.1.279-2020","bparea":46.503717355,"bpperim":5255.31312869}},{"type":"Feature","id":"pmih_barrios_precarios.70","geometry":{"type":"MultiPolygon","coordinates":[[[[-76.55894269,3.46298029],[-76.55893369,3.46297577],[-76.55892369,3.4629772],[-76.55890395,3.46297168],[-76.55888229,3.46297168],[-76.55887154,3.4629726],[-76.55886162,3.46297168],[-76.55884904,3.46296991],[-76.55883913,3.46296899],[-76.55882654,3.46296716],[-76.55881663,3.46296539],[-76.55877382,3.46296756],[-76.55876482,3.46296572],[-76.55875224,3.46296388],[-76.55872239,3.46296893],[-76.55871339,3.46296716],[-76.55867739,3.4629644],[-76.55864977,3.46296081],[-76.55863719,3.46296173],[-76.55862819,3.46296265],[-76.55860478,3.46296448],[-76.55859128,3.46296533],[-76.55856695,3.46296717],[-76.55855619,3.462969],[-76.55854178,3.46297169],[-76.55851031,3.46296788],[-76.55849948,3.46296964],[-76.55848598,3.46297056],[-76.55847607,3.46297056],[-76.5584644,3.46297148],[-76.55845266,3.46297148],[-76.55843016,3.46297331],[-76.55840435,3.46297844],[-76.55839535,3.46298028],[-76.55838551,3.46298297],[-76.55837651,3.46298657],[-76.55835917,3.46299238],[-76.55835017,3.46299513],[-76.55833843,3.46299781],[-76.55832768,3.46300057],[-76.55831868,3.46300325],[-76.55830693,3.46300594],[-76.55826265,3.46301886],[-76.5582297,3.46303444],[-76.55821979,3.46303896],[-76.55820896,3.46304257],[-76.55818801,3.46305488],[-76.55817901,3.46305856],[-76.55817001,3.46306393],[-76.55815264,3.46307055],[-76.55814021,3.46307855],[-76.55813121,3.46308491],[-76.55812397,3.46309035],[-76.55811497,3.46309579],[-76.55809835,3.46311218],[-76.55806409,3.46313402],[-76.55805692,3.46313946],[-76.55804274,3.46315706],[-76.55803549,3.46316243],[-76.55802266,3.46317566],[-76.55801549,3.4631811],[-76.55800825,3.4631883],[-76.55799257,3.46319829],[-76.55798448,3.46320458],[-76.55796878,3.463218],[-76.55795978,3.46322704],[-76.55795254,3.46323333],[-76.55794121,3.4632457],[-76.55793129,3.46325567],[-76.55792318,3.46326467],[-76.55791692,3.46327011],[-76.55789436,3.46329354],[-76.5578862,3.46330167],[-76.5578772,3.46330888],[-76.55786118,3.4633273],[-76.55785218,3.4633345],[-76.55784051,3.46334263],[-76.55783327,3.46334715],[-76.55781977,3.46335619],[-76.5578081,3.46336438],[-76.55779818,3.46337343],[-76.55778743,3.46337972],[-76.55777843,3.46338424],[-76.55776577,3.46338784],[-76.55775501,3.46338968],[-76.55771435,3.46340525],[-76.55770359,3.46341161],[-76.55769276,3.46341705],[-76.55767926,3.46342157],[-76.55766576,3.46342517],[-76.55764235,3.46342517],[-76.55762351,3.46341881],[-76.55760433,3.46340364],[-76.55758147,3.46338641],[-76.55756576,3.46337349],[-76.55754861,3.46336057],[-76.55754004,3.46335626],[-76.55753086,3.46335239],[-76.55752004,3.46334334],[-76.55751195,3.4633379],[-76.55750562,3.46333162],[-76.55748432,3.46331894],[-76.55747006,3.46330565],[-76.55746289,3.46330028],[-76.55745122,3.46329123],[-76.55743954,3.4632808],[-76.55743146,3.46327444],[-76.55741503,3.46325865],[-76.55740694,3.46325137],[-76.55739886,3.46324324],[-76.55738788,3.46323568],[-76.55736934,3.46322319],[-76.55736216,3.46321414],[-76.55735584,3.4632051],[-76.55734951,3.46319782],[-76.55733526,3.46318394],[-76.557329,3.46317489],[-76.55732359,3.46316677],[-76.55731359,3.46315098],[-76.55729644,3.46312801],[-76.55728951,3.46311408],[-76.55728501,3.46310504],[-76.55727115,3.46308146],[-76.55726215,3.46307058],[-76.55725582,3.46306246],[-76.55725048,3.46305342],[-76.55719895,3.46301635],[-76.5571863,3.46300187],[-76.55718004,3.46299374],[-76.55717104,3.46298286],[-76.55716471,3.46297566],[-76.55715754,3.46296845],[-76.5571503,3.46296025],[-76.55714221,3.46295305],[-76.55713504,3.46294492],[-76.55712696,3.4629368],[-76.55711072,3.46291871],[-76.55710355,3.46291051],[-76.55709722,3.46290239],[-76.55708913,3.46289066],[-76.55708105,3.4628807],[-76.55708142,3.46288235],[-76.55704755,3.46280557],[-76.55701612,3.46276681],[-76.55699041,3.46272662],[-76.55695755,3.4626936],[-76.55693611,3.46267206],[-76.55689897,3.46264048],[-76.55688182,3.46262469],[-76.55686468,3.46261177],[-76.55685744,3.46260456],[-76.55684218,3.46258739],[-76.55683032,3.46258248],[-76.55682314,3.46257252],[-76.55681682,3.4625644],[-76.55681147,3.46255712],[-76.55680162,3.46254895],[-76.55679347,3.46254082],[-76.55678538,3.46252994],[-76.55678035,3.46251853],[-76.55677043,3.46250857],[-76.55676143,3.46250044],[-76.55675244,3.46249415],[-76.55674218,3.46248958],[-76.55671966,3.46245673],[-76.55670601,3.4624337],[-76.55669793,3.46242465],[-76.55669252,3.46241653],[-76.55667799,3.46239992],[-76.55666991,3.46238996],[-76.55666273,3.46237908],[-76.55665549,3.46237003],[-76.55663825,3.46234753],[-76.55663108,3.46233757],[-76.55662025,3.46231949],[-76.556614,3.46230952],[-76.55660733,3.46229872],[-76.55660108,3.46228876],[-76.55659475,3.46227788],[-76.55658393,3.46226005],[-76.55657627,3.46224469],[-76.5565691,3.46223564],[-76.55656277,3.46222568],[-76.55655201,3.46220943],[-76.55654393,3.46219947],[-76.55653668,3.46218859],[-76.55653043,3.46217954],[-76.55652319,3.46216781],[-76.5565151,3.46215693],[-76.55650877,3.46214612],[-76.5565016,3.46213524],[-76.55649527,3.46212443],[-76.5564881,3.46211355],[-76.55648093,3.46210091],[-76.55646534,3.46206739],[-76.55645455,3.46204877],[-76.5564483,3.46203605],[-76.55644106,3.46202432],[-76.55642972,3.46201028],[-76.55642248,3.46199848],[-76.55640935,3.46197113],[-76.55640309,3.46195933],[-76.55639676,3.46194852],[-76.55639135,3.46193764],[-76.5563836,3.46192639],[-76.55637819,3.4619155],[-76.55636247,3.4618911],[-76.55635256,3.46186941],[-76.55634883,3.46185986],[-76.55634348,3.46185082],[-76.55633533,3.46184085],[-76.55632274,3.46182277],[-76.55631733,3.46181556],[-76.55628135,3.46175598],[-76.55627593,3.46174602],[-76.5562696,3.46173605],[-76.55625302,3.46170602],[-76.55624852,3.4616979],[-76.55624317,3.46169069],[-76.55623776,3.46168256],[-76.55620972,3.46164904],[-76.55620431,3.46163908],[-76.55619081,3.46161739],[-76.55618273,3.46160474],[-76.55617373,3.46159386],[-76.55616473,3.46158122],[-76.55615482,3.46156765],[-76.55614582,3.46155684],[-76.55613773,3.46154596],[-76.5561314,3.46153875],[-76.55612515,3.46152971],[-76.55611791,3.46152152],[-76.55610982,3.46151162],[-76.55610265,3.46150343],[-76.55609541,3.46149438],[-76.55608824,3.46148626],[-76.55607382,3.46146817],[-76.55606757,3.46145913],[-76.55605941,3.46144917],[-76.55605133,3.46143836],[-76.55604233,3.46142748],[-76.55603157,3.46141751],[-76.55602341,3.46140847],[-76.55600366,3.46139038],[-76.55599192,3.46138134],[-76.55598116,3.46137413],[-76.55597125,3.46136601],[-76.55596042,3.46135965],[-76.55595142,3.46135244],[-76.55593884,3.46134431],[-76.55592717,3.46133704],[-76.55591542,3.46133075],[-76.55590467,3.46132347],[-76.55589475,3.46131718],[-76.55588484,3.46131174],[-76.55587675,3.46130814],[-76.55586775,3.46130362],[-76.55585876,3.46129994],[-76.55585067,3.46129542],[-76.55583809,3.4612909],[-76.55582726,3.46128913],[-76.55580835,3.46128729],[-76.55573818,3.46126829],[-76.55572018,3.46126468],[-76.55571027,3.46126376],[-76.55568235,3.46126016],[-76.55565985,3.46126016],[-76.55564238,3.46126011],[-76.55562888,3.46126195],[-76.55561812,3.4612628],[-76.55556054,3.46127007],[-76.55553713,3.46127636],[-76.5555263,3.46127912],[-76.55550333,3.46127945],[-76.55549348,3.4612822],[-76.55548448,3.46128397],[-76.55547548,3.46128672],[-76.55545299,3.46129125],[-76.55544399,3.46129393],[-76.55543133,3.46129845],[-76.55542233,3.46130205],[-76.55541249,3.46130841],[-76.5553933,3.46130955],[-76.55538339,3.46131315],[-76.55537354,3.46131583],[-76.55535458,3.46132246],[-76.55532867,3.46132142],[-76.55531967,3.46132686],[-76.55531158,3.46133139],[-76.5553035,3.46133499],[-76.55529267,3.46134043],[-76.55524845,3.46135341],[-76.55523495,3.46135977],[-76.55522679,3.46136521],[-76.55521695,3.46137058],[-76.55520795,3.46137694],[-76.55519621,3.46138414],[-76.55518545,3.4613905],[-76.55516646,3.46140431],[-76.55515838,3.46140791],[-76.55514396,3.46141335],[-76.55512962,3.46141787],[-76.55511576,3.46142864],[-76.55510409,3.46143232],[-76.55508159,3.46144136],[-76.55507168,3.46144588],[-76.55506,3.46144856],[-76.555051,3.46145125],[-76.55502759,3.46145853],[-76.55503026,3.46145682],[-76.55500685,3.46146134],[-76.55496551,3.46146678],[-76.55494568,3.46147038],[-76.55493668,3.46147222],[-76.55492587,3.46148248],[-76.55491687,3.46148432],[-76.55490622,3.46149549],[-76.55489479,3.46150411],[-76.55487765,3.46151272],[-76.55485907,3.46152564],[-76.55480497,3.4615445],[-76.55479055,3.46154542],[-76.55477171,3.46154726],[-76.55476088,3.4615481],[-76.55474556,3.46154902],[-76.55472221,3.46154902],[-76.55469156,3.46155177],[-76.55466822,3.46155354],[-76.55465648,3.46155354],[-76.55464748,3.46155538],[-76.5546358,3.46155714],[-76.55462498,3.46155806],[-76.55461331,3.4615599],[-76.55459439,3.46156258],[-76.55458448,3.46156442],[-76.55457189,3.46156618],[-76.55456198,3.4615671],[-76.55455298,3.4615671],[-76.5545404,3.46156618],[-76.55453048,3.46156442],[-76.55451698,3.46155897],[-76.55450707,3.46155177],[-76.55449899,3.46154449],[-76.55447399,3.46153498],[-76.55446674,3.46152593],[-76.55446049,3.46151866],[-76.55445325,3.46151053],[-76.55444699,3.46150241],[-76.55444249,3.46149428],[-76.55444066,3.46148524],[-76.55443708,3.4614644],[-76.55441943,3.46140912],[-76.55440825,3.46138209],[-76.55440284,3.46136944],[-76.55439567,3.46134775],[-76.55439201,3.4613351],[-76.5543881,3.46130635],[-76.55438269,3.46128014],[-76.55438093,3.46126657],[-76.55437819,3.46122227],[-76.55437852,3.46112619],[-76.55437944,3.46111354],[-76.55437944,3.46109906],[-76.55438035,3.46108733],[-76.55438035,3.46107553],[-76.55438218,3.46105568],[-76.55438752,3.46102402],[-76.55439027,3.46101498],[-76.55439385,3.46099689],[-76.55439568,3.46098693],[-76.55439835,3.46097697],[-76.55440018,3.46096701],[-76.55440194,3.4609562],[-76.55440735,3.46093444],[-76.55441003,3.46092271],[-76.55442086,3.46087205],[-76.55442268,3.46086033],[-76.55442444,3.46084768],[-76.55442536,3.46083588],[-76.55442719,3.46082592],[-76.55442803,3.46081688],[-76.55442986,3.46080698],[-76.55443253,3.46079427],[-76.55443527,3.46078254],[-76.55443703,3.46077081],[-76.55443977,3.46075993],[-76.55444244,3.4607482],[-76.55444603,3.4607364],[-76.55444877,3.46072468],[-76.55445145,3.46071111],[-76.55445686,3.46068123],[-76.55445869,3.46067218],[-76.55446045,3.46065954],[-76.55446403,3.46064781],[-76.55447128,3.46062244],[-76.55447395,3.4606098],[-76.55447753,3.46059623],[-76.55448028,3.46058267],[-76.55448836,3.46054741],[-76.55449104,3.46053477],[-76.55449378,3.46052297],[-76.55449645,3.4605094],[-76.55449828,3.46049499],[-76.55449919,3.46048142],[-76.55450095,3.46046786],[-76.55450278,3.46045698],[-76.55450454,3.4604425],[-76.55451087,3.4603982],[-76.55451178,3.46038732],[-76.55451354,3.46037743],[-76.55451445,3.46036655],[-76.55451445,3.46035658],[-76.55451537,3.46034662],[-76.5545172,3.46032133],[-76.5545172,3.46031137],[-76.55451896,3.46030056],[-76.55452079,3.46027519],[-76.5545217,3.46026438],[-76.55452346,3.46025258],[-76.55452437,3.46024086],[-76.5545262,3.46022906],[-76.55452796,3.46021464],[-76.55452887,3.46020193],[-76.5545307,3.4601902],[-76.55453155,3.46017755],[-76.55453696,3.46014046],[-76.55453879,3.4601305],[-76.55454055,3.46011969],[-76.5545442,3.46010068],[-76.55454596,3.46008804],[-76.55454779,3.46007808],[-76.55455046,3.4600672],[-76.55455138,3.46005815],[-76.55455321,3.46004819],[-76.55455405,3.46003646],[-76.55455588,3.4600265],[-76.55455771,3.46000665],[-76.55455855,3.45999577],[-76.55456038,3.45997676],[-76.55456221,3.45996595],[-76.55456488,3.45995599],[-76.55456755,3.45994511],[-76.55457205,3.4599343],[-76.55457479,3.45992434],[-76.55458021,3.45990625],[-76.55458197,3.45989361],[-76.55458288,3.45988456],[-76.55458471,3.4598746],[-76.55458738,3.45985828],[-76.55462343,3.4597802],[-76.5546306,3.4597648],[-76.55465328,3.45972708],[-76.55457682,3.45972737],[-76.55455416,3.45973491],[-76.55454182,3.45969686],[-76.55417231,3.45986175],[-76.55399463,3.45991924],[-76.55373525,3.46002539],[-76.55351697,3.46011645],[-76.55339046,3.46016923],[-76.55324433,3.4602188],[-76.55302492,3.46028924],[-76.55282095,3.46035473],[-76.55265889,3.46039794],[-76.55266247,3.46044314],[-76.55266953,3.46053234],[-76.5524717,3.46062062],[-76.5501955,3.45978027],[-76.54905369,3.45822797],[-76.54905369,3.45822305],[-76.54905545,3.45821492],[-76.54905545,3.45820404],[-76.54905461,3.458195],[-76.54905461,3.45818596],[-76.54905278,3.45817599],[-76.54905278,3.45816518],[-76.54905011,3.45815614],[-76.54904645,3.4581471],[-76.5490447,3.45813713],[-76.5490402,3.45812993],[-76.54903746,3.45811997],[-76.5490312,3.45811269],[-76.5490267,3.45810456],[-76.5490222,3.45809552],[-76.5490177,3.4580874],[-76.54901412,3.45807835],[-76.54901137,3.45806931],[-76.54900779,3.45806026],[-76.54900512,3.4580503],[-76.54899696,3.4580431],[-76.5489907,3.45803497],[-76.54898346,3.45802861],[-76.54897896,3.4580214],[-76.54897271,3.45801321],[-76.54896462,3.45800692],[-76.54895829,3.45799964],[-76.54895112,3.45799336],[-76.5489448,3.45798523],[-76.5489358,3.45798071],[-76.54893038,3.45797251],[-76.54892413,3.45796531],[-76.54891688,3.45796078],[-76.54876299,3.45780612],[-76.54874415,3.45776451],[-76.54873782,3.45775822],[-76.54872973,3.45775094],[-76.54872432,3.45774373],[-76.54871982,3.45773469],[-76.54871349,3.45772565],[-76.54870632,3.45771568],[-76.54870274,3.45770664],[-76.54869732,3.45769852],[-76.54869374,3.45768947],[-76.548691,3.45767951],[-76.54868741,3.45766955],[-76.54868565,3.4576605],[-76.54868565,3.45765061],[-76.54868474,3.45764065],[-76.54868115,3.45763161],[-76.54867666,3.45762256],[-76.54867124,3.4576126],[-76.54866941,3.45760264],[-76.54866674,3.4575936],[-76.54866224,3.45758455],[-76.54865683,3.45757551],[-76.54865416,3.45756647],[-76.54865325,3.45755742],[-76.54865325,3.45754838],[-76.548655,3.45753842],[-76.54865592,3.45752853],[-76.54865683,3.45751765],[-76.54865592,3.45750768],[-76.54865501,3.45749772],[-76.54865233,3.45748783],[-76.54864692,3.45747964],[-76.54863975,3.45747335],[-76.54863167,3.45746882],[-76.54862351,3.4574643],[-76.54861451,3.4574607],[-76.54860551,3.45745702],[-76.54860101,3.45744798],[-76.54860017,3.45743894],[-76.54860017,3.45742813],[-76.54860017,3.45741725],[-76.54859926,3.4574082],[-76.54859926,3.45739739],[-76.54859651,3.4573856],[-76.54859476,3.45737655],[-76.54859202,3.45736751],[-76.54858484,3.45736122],[-76.54857676,3.4573567],[-76.54856776,3.45735302],[-76.54855967,3.4573485],[-76.54855067,3.45734398],[-76.54854343,3.45733769],[-76.54854252,3.45732773],[-76.54854435,3.45731869],[-76.54854702,3.45730964],[-76.54854793,3.45729876],[-76.54854794,3.45728795],[-76.54854702,3.45727799],[-76.54854702,3.45726711],[-76.54854527,3.45725807],[-76.54854252,3.45724818],[-76.54853802,3.45723821],[-76.54853444,3.45723009],[-76.54852903,3.45722189],[-76.54852368,3.45721469],[-76.54852003,3.45720564],[-76.54851827,3.4571966],[-76.54851827,3.45718572],[-76.54851827,3.45717491],[-76.54851736,3.45716403],[-76.54851644,3.45715322],[-76.54851644,3.45714326],[-76.54851553,3.45713421],[-76.54851286,3.45712517],[-76.54850744,3.45711789],[-76.54850027,3.45711069],[-76.54849219,3.45710525],[-76.54848495,3.45710072],[-76.54847686,3.45709712],[-76.54846786,3.45709528],[-76.54845886,3.45709528],[-76.54844986,3.4570962],[-76.54844086,3.4570962],[-76.54843004,3.45709712],[-76.54841928,3.45709804],[-76.54841028,3.45709804],[-76.54839945,3.45709804],[-76.54838954,3.45709804],[-76.54838054,3.45709803],[-76.5483707,3.45709803],[-76.54835987,3.45709803],[-76.54834996,3.45709803],[-76.54834004,3.45709895],[-76.5483302,3.45709895],[-76.5483212,3.45709711],[-76.5483122,3.45709259],[-76.54830496,3.45708623],[-76.5482987,3.45707903],[-76.54829237,3.4570709],[-76.54828696,3.45706278],[-76.54828155,3.45705458],[-76.54827705,3.45704737],[-76.54827079,3.45703925],[-76.54826629,3.45703112],[-76.54826088,3.45702385],[-76.54825455,3.45701572],[-76.54824829,3.45700936],[-76.54824288,3.45700124],[-76.54823838,3.45699311],[-76.5482348,3.45698499],[-76.54822938,3.45697686],[-76.54822397,3.45696866],[-76.54821856,3.45696146],[-76.5482123,3.45695333],[-76.54820597,3.45694606],[-76.5481988,3.45693793],[-76.5481943,3.45692981],[-76.5481898,3.45691984],[-76.54818797,3.4569108],[-76.54818439,3.45690084],[-76.54818256,3.45689095],[-76.54817989,3.45688007],[-76.54817806,3.45687194],[-76.54817539,3.45686198],[-76.54817181,3.45685202],[-76.54816822,3.45684297],[-76.54816456,3.45683301],[-76.54816098,3.45682397],[-76.54815739,3.45681492],[-76.54815289,3.45680588],[-76.54815022,3.45679684],[-76.54814748,3.45678695],[-76.54814572,3.45677607],[-76.5481439,3.45676434],[-76.54814298,3.45675254],[-76.54814123,3.45674258],[-76.54814031,3.45673268],[-76.5481394,3.45672089],[-76.54813849,3.45671184],[-76.54813673,3.45670103],[-76.54791048,3.45619151],[-76.54788793,3.45614071],[-76.54801333,3.4560906],[-76.54803132,3.45608341],[-76.54805085,3.45607681],[-76.54841476,3.45595392],[-76.54853675,3.45590492],[-76.54854825,3.4559003],[-76.54854652,3.45589789],[-76.54840132,3.45569637],[-76.54819262,3.45540988],[-76.54799409,3.45514898],[-76.54796864,3.45506713],[-76.54796355,3.45500063],[-76.54796375,3.45499963],[-76.54797883,3.4549239],[-76.54801956,3.45486251],[-76.54805519,3.45480624],[-76.54818501,3.45471915],[-76.54818697,3.45472035],[-76.54818807,3.45471974],[-76.54822689,3.45477349],[-76.54838663,3.45495154],[-76.54852314,3.45507413],[-76.54868578,3.4552259],[-76.54877872,3.45533973],[-76.54887746,3.45545065],[-76.54894136,3.45553237],[-76.5489675,3.45559658],[-76.54898492,3.45565204],[-76.54899944,3.45572501],[-76.54899072,3.4558184],[-76.54897828,3.45588404],[-76.54908815,3.45588082],[-76.54927217,3.45587664],[-76.54945619,3.45587143],[-76.54964021,3.45586656],[-76.54982423,3.4558603],[-76.55000825,3.45585508],[-76.55019226,3.45584987],[-76.55037628,3.45584395],[-76.5505603,3.45583874],[-76.55074432,3.45583352],[-76.55092834,3.45582831],[-76.55111236,3.45582309],[-76.55148109,3.45581057],[-76.55166546,3.45580431],[-76.55203419,3.45579178],[-76.55221856,3.45578552],[-76.55240293,3.45577926],[-76.55258729,3.45577265],[-76.55277062,3.45576674],[-76.55295394,3.45576082],[-76.55313727,3.45575456],[-76.5533206,3.4557483],[-76.55350392,3.45574169],[-76.55368725,3.45573578],[-76.55387058,3.45572917],[-76.55405356,3.45572325],[-76.55423619,3.45571664],[-76.55443373,3.45571003],[-76.55463126,3.45570342],[-76.55482845,3.45569682],[-76.55502564,3.45569021],[-76.55504608,3.45568951],[-76.5551147,3.45568673],[-76.55518505,3.45568464],[-76.55522283,3.4556836],[-76.55526788,3.45568221],[-76.55533442,3.45567942],[-76.55539957,3.45567768],[-76.555437,3.45567559],[-76.55551324,3.45567351],[-76.55559745,3.45567072],[-76.55563314,3.45566933],[-76.55570176,3.45566725],[-76.55580365,3.45566377],[-76.55583692,3.45566272],[-76.55585979,3.45566168],[-76.55590969,3.45566029],[-76.55598212,3.4556575],[-76.5560452,3.45565785],[-76.55608158,3.45565751],[-76.55619317,3.45565786],[-76.55624342,3.45565821],[-76.55632486,3.45565856],[-76.55642917,3.45565856],[-76.55645933,3.45565822],[-76.55651096,3.45565822],[-76.55662567,3.45565822],[-76.55668181,3.45565857],[-76.55685578,3.45565893],[-76.55691331,3.45565928],[-76.55702421,3.45565963],[-76.55706163,3.45565963],[-76.55720892,3.45565998],[-76.55726367,3.45565964],[-76.55734892,3.45565999],[-76.557377,3.45565999],[-76.55745809,3.45566034],[-76.55750938,3.45566069],[-76.55754577,3.45566034],[-76.55755582,3.45566069],[-76.55761438,3.45566069],[-76.55765597,3.45566069],[-76.5576733,3.45566069],[-76.5577232,3.4556607],[-76.55775647,3.4556607],[-76.55779667,3.45566105],[-76.55784242,3.45566105],[-76.55785662,3.45566105],[-76.55790618,3.45566105],[-76.55795262,3.45566105],[-76.55800807,3.45566105],[-76.55809817,3.4556614],[-76.55813499,3.45566291],[-76.55877308,3.45566293],[-76.55879026,3.45561977],[-76.55880826,3.4555836],[-76.55883526,3.45554743],[-76.55885326,3.45553838],[-76.55893426,3.45547508],[-76.55915025,3.45536657],[-76.55924024,3.45530327],[-76.55926724,3.45528518],[-76.55929424,3.45525805],[-76.55931224,3.45523092],[-76.55933024,3.45518571],[-76.55935724,3.45513145],[-76.55938424,3.45502293],[-76.55940224,3.45495962],[-76.55942024,3.45494154],[-76.55942924,3.45492345],[-76.55944705,3.45491003],[-76.55952824,3.45486919],[-76.55954623,3.45486919],[-76.55958223,3.4548692],[-76.55960023,3.4548692],[-76.55963623,3.45487824],[-76.55968123,3.45488729],[-76.55978022,3.45491442],[-76.5600502,3.45498677],[-76.56014019,3.45500486],[-76.56028418,3.455032],[-76.56041017,3.45506818],[-76.56043717,3.45507722],[-76.56057216,3.45514053],[-76.56057216,3.45514957],[-76.56060816,3.45515861],[-76.56067115,3.4551767],[-76.56070715,3.4551767],[-76.56074315,3.45517671],[-76.56076115,3.45517671],[-76.56080614,3.45515862],[-76.56083314,3.45514958],[-76.56087814,3.45513149],[-76.56093214,3.45510436],[-76.56097714,3.45507724],[-76.56099513,3.45505915],[-76.56104913,3.45502298],[-76.56109413,3.45496872],[-76.56113013,3.4549235],[-76.56117513,3.45488733],[-76.56122913,3.4548602],[-76.56132812,3.45480594],[-76.56144511,3.45476073],[-76.56152611,3.45474265],[-76.56158011,3.4547336],[-76.5616071,3.4547336],[-76.5616161,3.45476074],[-76.5616251,3.45477882],[-76.5616611,3.45478787],[-76.56174209,3.45480596],[-76.56178709,3.454815],[-76.56180509,3.45482404],[-76.56196708,3.45488735],[-76.56203907,3.45490544],[-76.56206607,3.45490544],[-76.56210207,3.45490544],[-76.56213807,3.4548964],[-76.56217406,3.45487832],[-76.56220106,3.45486023],[-76.56222806,3.4548331],[-76.56225506,3.45481501],[-76.56230006,3.45475171],[-76.56240806,3.45462511],[-76.56248005,3.45453467],[-76.56250705,3.45448946],[-76.56252505,3.45447137],[-76.56253405,3.45445329],[-76.56255205,3.45444424],[-76.56256105,3.4544352],[-76.56261505,3.45440807],[-76.56263305,3.45439903],[-76.56268704,3.4543719],[-76.56275004,3.45433573],[-76.56280404,3.4543086],[-76.56283104,3.45429051],[-76.56284004,3.45429051],[-76.56284904,3.45428147],[-76.56286703,3.45428147],[-76.56289403,3.45428147],[-76.56290303,3.45428147],[-76.56292103,3.45428147],[-76.56294803,3.45429052],[-76.56300203,3.45429956],[-76.56302002,3.4543086],[-76.56303802,3.4543086],[-76.56317301,3.45431765],[-76.56319101,3.45431765],[-76.56321801,3.45430861],[-76.56327201,3.45429957],[-76.56328101,3.45429053],[-76.56330801,3.45428148],[-76.563461,3.45420914],[-76.563488,3.45419105],[-76.563506,3.45418201],[-76.56354199,3.45417297],[-76.56356899,3.45415488],[-76.56359599,3.45415488],[-76.56363199,3.45414584],[-76.56365899,3.45415488],[-76.56369498,3.45417297],[-76.56373098,3.45419106],[-76.56376698,3.45420915],[-76.56388397,3.45423628],[-76.56396496,3.45425437],[-76.56400096,3.45425437],[-76.56403696,3.45424533],[-76.56408196,3.45424533],[-76.56410895,3.45424533],[-76.56413595,3.45424533],[-76.56416295,3.45423629],[-76.56423495,3.45423629],[-76.56425294,3.45423629],[-76.56436994,3.45422725],[-76.56448693,3.45420012],[-76.56456793,3.45418204],[-76.56470292,3.45416395],[-76.5649369,3.45414587],[-76.5649819,3.45413683],[-76.5650359,3.45411875],[-76.56507189,3.4541097],[-76.56510789,3.45410066],[-76.56516189,3.45410066],[-76.56518889,3.45410066],[-76.56521588,3.45410066],[-76.56525188,3.45410066],[-76.56529688,3.45410067],[-76.56533288,3.45410971],[-76.56534188,3.45410971],[-76.56536887,3.45411875],[-76.56538687,3.4541278],[-76.56540487,3.45413684],[-76.56544087,3.45415493],[-76.56547687,3.45418206],[-76.56551286,3.45421823],[-76.56554886,3.45425441],[-76.56563885,3.45434485],[-76.56567485,3.45438102],[-76.56571084,3.45441719],[-76.56574684,3.45443528],[-76.56578284,3.45446241],[-76.56580984,3.45447146],[-76.56584583,3.4544805],[-76.56587283,3.4544805],[-76.56589983,3.4544805],[-76.56593583,3.4544805],[-76.56599882,3.45447146],[-76.56601682,3.45447146],[-76.56605282,3.45448051],[-76.56614282,3.45448955],[-76.56618781,3.4544986],[-76.56624181,3.4544986],[-76.5663498,3.45450764],[-76.56643079,3.45451669],[-76.56645779,3.45451669],[-76.56654779,3.45451669],[-76.56658378,3.45451669],[-76.56665578,3.45452574],[-76.56669178,3.45453478],[-76.56675477,3.45455287],[-76.56687176,3.45458905],[-76.56690776,3.45459809],[-76.56702475,3.45460714],[-76.56712375,3.45462522],[-76.56718674,3.45462523],[-76.56723174,3.45463427],[-76.56727674,3.45462523],[-76.56733073,3.45461619],[-76.56738473,3.4545981],[-76.56742073,3.45458906],[-76.56745673,3.45458002],[-76.56749272,3.45457097],[-76.56750172,3.45457097],[-76.56753772,3.45458002],[-76.56758272,3.45458906],[-76.56764571,3.45461619],[-76.56768171,3.45463428],[-76.56772671,3.45464333],[-76.56775371,3.45465237],[-76.5677807,3.45467046],[-76.5678167,3.45469759],[-76.5678437,3.45471567],[-76.56797869,3.45485133],[-76.56809568,3.45495985],[-76.56811367,3.45497794],[-76.56815867,3.45501411],[-76.56819467,3.45505029],[-76.56820367,3.45505933],[-76.56823066,3.45507742],[-76.56826666,3.45509551],[-76.56830266,3.45510455],[-76.56833866,3.45510455],[-76.56837466,3.45509551],[-76.56840165,3.45508647],[-76.56845565,3.45506838],[-76.56861764,3.45500508],[-76.56868064,3.45498699],[-76.56878863,3.45495987],[-76.56886963,3.45493274],[-76.56898662,3.45489657],[-76.56906761,3.45486039],[-76.56911261,3.45485135],[-76.56914861,3.4548604],[-76.56920261,3.45487848],[-76.5692386,3.45488753],[-76.5692746,3.45489657],[-76.5692926,3.45489657],[-76.56936459,3.45493275],[-76.56941859,3.45494179],[-76.56945459,3.45494179],[-76.56948159,3.45495084],[-76.56949058,3.45495084],[-76.56955358,3.45495988],[-76.56957158,3.45495988],[-76.56961658,3.45496893],[-76.56963458,3.45497797],[-76.56966157,3.45498701],[-76.56967957,3.45499606],[-76.56969757,3.45501414],[-76.56971557,3.45502319],[-76.56973357,3.45503223],[-76.56975157,3.45504128],[-76.56977856,3.45505032],[-76.56980556,3.45505936],[-76.56982356,3.45506841],[-76.56990456,3.45509554],[-76.56994055,3.45510458],[-76.56997655,3.45511363],[-76.57003055,3.45513171],[-76.57003955,3.45514076],[-76.57006654,3.4551498],[-76.57007554,3.45515885],[-76.57011154,3.45517693],[-76.57012054,3.45518598],[-76.57013854,3.45519502],[-76.57014754,3.45520406],[-76.57015654,3.45521311],[-76.57018353,3.45524024],[-76.57019253,3.45524928],[-76.57021953,3.45526737],[-76.57022853,3.45528546],[-76.57023753,3.4552945],[-76.57024653,3.45531259],[-76.57027353,3.4553578],[-76.57028253,3.45537589],[-76.57029152,3.45538494],[-76.57030052,3.45540302],[-76.57030052,3.45541207],[-76.57030952,3.45543015],[-76.57031852,3.45544824],[-76.57031852,3.45546633],[-76.57031852,3.45549346],[-76.57031852,3.45551154],[-76.57031852,3.45554772],[-76.57031852,3.4555658],[-76.57030952,3.45558389],[-76.57030952,3.45559293],[-76.57030052,3.45560198],[-76.57029152,3.45562006],[-76.57028252,3.45564719],[-76.57027352,3.45565624],[-76.57025552,3.45568337],[-76.57024652,3.45569241],[-76.57021952,3.45571954],[-76.57021052,3.45571954],[-76.57019252,3.45573763],[-76.57017453,3.45574667],[-76.57013853,3.45578284],[-76.57012953,3.45579188],[-76.57011153,3.45580093],[-76.57009353,3.45580997],[-76.57007553,3.45581901],[-76.57006653,3.4558371],[-76.57004853,3.45584614],[-76.57003053,3.45586423],[-76.57002153,3.45587327],[-76.57001253,3.45588232],[-76.56999453,3.4559004],[-76.56998553,3.45591849],[-76.56996753,3.45592753],[-76.56995854,3.45593657],[-76.56994054,3.4559637],[-76.56993154,3.45598179],[-76.56991354,3.45600892],[-76.56990454,3.45602701],[-76.56990454,3.45604509],[-76.56989554,3.45605414],[-76.56989554,3.45606318],[-76.56989554,3.45609031],[-76.56989554,3.4561084],[-76.56989554,3.45613553],[-76.56989554,3.45614457],[-76.56989554,3.45615362],[-76.56989554,3.4561717],[-76.56990453,3.45618979],[-76.56990453,3.45619883],[-76.56990453,3.45620788],[-76.56991353,3.45622596],[-76.56991353,3.45623501],[-76.56992253,3.45625309],[-76.56993153,3.45626214],[-76.56993153,3.45627118],[-76.57001447,3.45647956],[-76.57001303,3.45647956],[-76.57000382,3.45647956],[-76.56997954,3.45647669],[-76.56996239,3.4564767],[-76.56995382,3.45647382],[-76.56993872,3.45646887],[-76.56991047,3.45647544],[-76.56989704,3.4564792],[-76.56988347,3.45648251],[-76.56986963,3.45648471],[-76.56985595,3.45648565],[-76.56984242,3.45648568],[-76.56981667,3.45648532],[-76.56980378,3.45648365],[-76.56979044,3.45648073],[-76.56977791,3.45647777],[-76.56976587,3.45647419],[-76.56975402,3.45647028],[-76.56973666,3.45646666],[-76.56972643,3.45647111],[-76.56971523,3.45646522],[-76.5697038,3.45646379],[-76.56968266,3.45645661],[-76.56966409,3.45645518],[-76.56964875,3.45644728],[-76.56963929,3.45644469],[-76.56962584,3.45643833],[-76.56961551,3.45643652],[-76.56960694,3.45642503],[-76.56959122,3.45641355],[-76.56958288,3.45640871],[-76.56957263,3.45640442],[-76.56956408,3.45639919],[-76.56955683,3.45639282],[-76.56954475,3.45638397],[-76.5695355,3.45637622],[-76.56953762,3.45637569],[-76.56951729,3.45636069],[-76.56950693,3.45635325],[-76.56950035,3.45634613],[-76.56948865,3.45633863],[-76.56947835,3.45633029],[-76.56945892,3.45630846],[-76.56944035,3.45629267],[-76.56941749,3.45627114],[-76.56939749,3.45625535],[-76.56938699,3.45624807],[-76.56938053,3.45623725],[-76.56937108,3.4562231],[-76.5693632,3.45621372],[-76.56935657,3.45620493],[-76.56935037,3.4561957],[-76.56934348,3.45618464],[-76.56933734,3.45617489],[-76.56933107,3.45616451],[-76.56932141,3.45614779],[-76.56931434,3.45613503],[-76.56930895,3.4561161],[-76.56929935,3.45610083],[-76.56929319,3.45607734],[-76.56925894,3.45603695],[-76.56926587,3.45604194],[-76.56925978,3.45603271],[-76.56925537,3.45602255],[-76.56925219,3.45601206],[-76.56923889,3.45598689],[-76.56922751,3.45596505],[-76.56922603,3.45595531],[-76.56922253,3.45594612],[-76.56921513,3.45593669],[-76.5692068,3.45592948],[-76.56920189,3.4559065],[-76.5691856,3.45589519],[-76.5691776,3.45588784],[-76.56917125,3.45588031],[-76.56917002,3.45587127],[-76.5691656,3.45585748],[-76.56915693,3.45585041],[-76.56914809,3.45584512],[-76.56913454,3.45582442],[-76.56912474,3.45582324],[-76.56911526,3.45582268],[-76.56910616,3.4558175],[-76.56909759,3.4558218],[-76.5690833,3.45581893],[-76.56907247,3.45583209],[-76.56906169,3.45583249],[-76.56905043,3.45583598],[-76.56903819,3.45584047],[-76.56902544,3.45584419],[-76.56901423,3.45584705],[-76.5690046,3.45585038],[-76.56898571,3.45585341],[-76.56897306,3.4558568],[-76.56896047,3.45585945],[-76.56894788,3.45586246],[-76.56892922,3.45586595],[-76.56891636,3.45586656],[-76.5688932,3.45588189],[-76.56888083,3.45588411],[-76.5688663,3.45588785],[-76.56885074,3.45589806],[-76.5688411,3.45590263],[-76.56883201,3.45590939],[-76.56882532,3.4559168],[-76.56881769,3.45592369],[-76.56881448,3.45593458],[-76.56880738,3.45594049],[-76.56879722,3.45594462],[-76.56878772,3.45594528],[-76.56877762,3.45594569],[-76.56876728,3.45594793],[-76.56875709,3.45595119],[-76.56874774,3.45595567],[-76.56872915,3.45597113],[-76.56872343,3.45597974],[-76.56871166,3.45600074],[-76.56870693,3.45600978],[-76.56869985,3.45601782],[-76.56869052,3.45602501],[-76.56866834,3.45603993],[-76.56865729,3.45604642],[-76.56863429,3.45606064],[-76.56862464,3.45606682],[-76.56861341,3.45607538],[-76.56860353,3.45608417],[-76.56859447,3.4560931],[-76.56858632,3.4561019],[-76.56857909,3.45611047],[-76.56856658,3.45612613],[-76.56855992,3.45613491],[-76.5685525,3.45614343],[-76.56854413,3.45615126],[-76.56853508,3.45615846],[-76.5685176,3.45617105],[-76.56850861,3.45617714],[-76.56849907,3.45618264],[-76.5684887,3.45618793],[-76.56847756,3.45619398],[-76.56846668,3.4562009],[-76.56844744,3.45621562],[-76.56843772,3.45622285],[-76.56842773,3.45622984],[-76.56841704,3.45623682],[-76.56840603,3.45624433],[-76.56839572,3.45625189],[-76.56837996,3.45626218],[-76.56835821,3.45627462],[-76.56834664,3.4562806],[-76.56833849,3.45628558],[-76.56832387,3.45629574],[-76.56830662,3.45630852],[-76.56828576,3.4563226],[-76.5682778,3.45632743],[-76.56826545,3.45633741],[-76.56825273,3.4563471],[-76.56823887,3.45635815],[-76.56822835,3.45636792],[-76.56821297,3.45638586],[-76.56820589,3.4563973],[-76.56819851,3.45641143],[-76.5681821,3.45644474],[-76.56817542,3.45645597],[-76.56817241,3.45647038],[-76.56816177,3.45649964],[-76.5681566,3.4565127],[-76.56815105,3.45652823],[-76.5681474,3.45654085],[-76.56814203,3.45655833],[-76.56814086,3.45660858],[-76.56813673,3.45663234],[-76.56812943,3.45666072],[-76.56812086,3.45669185],[-76.56811805,3.45670934],[-76.56811687,3.45671342],[-76.56811561,3.45671999],[-76.56811483,3.45672465],[-76.56811413,3.45672932],[-76.5681135,3.45673398],[-76.568113,3.45673864],[-76.56811251,3.45674338],[-76.56811216,3.45674804],[-76.56811188,3.45675277],[-76.56811167,3.45675744],[-76.56811153,3.45676217],[-76.56811146,3.4567669],[-76.56811149,3.45676896],[-76.56811146,3.45677056],[-76.56811153,3.45677529],[-76.5681116,3.45677996],[-76.56811181,3.45678469],[-76.5681121,3.45678935],[-76.56811245,3.45679409],[-76.56811272,3.45679665],[-76.56811415,3.45682389],[-76.56812135,3.45684765],[-76.5681225,3.45685308],[-76.56812329,3.45685726],[-76.56811673,3.45688336],[-76.56811387,3.45691925],[-76.56811484,3.4569425],[-76.56811518,3.45695837],[-76.56811433,3.45697875],[-76.56811179,3.45700528],[-76.56810974,3.45702012],[-76.56810484,3.4570359],[-76.56809485,3.45705623],[-76.56807766,3.45707367],[-76.5680711,3.45708068],[-76.56806142,3.45708346],[-76.56804466,3.45708556],[-76.56802916,3.4570808],[-76.56801465,3.45707309],[-76.56800386,3.45706641],[-76.56799581,3.45706119],[-76.56798369,3.45705161],[-76.56796421,3.45703465],[-76.56793857,3.45701153],[-76.56792694,3.45699965],[-76.56791307,3.45698666],[-76.56790004,3.45697325],[-76.56789025,3.45696185],[-76.56787491,3.45694531],[-76.56784972,3.45691673],[-76.56783954,3.45690458],[-76.5678211,3.4568843],[-76.56780249,3.45686121],[-76.56778605,3.45683997],[-76.56777311,3.45682141],[-76.56775133,3.45678838],[-76.56773388,3.45676357],[-76.56771926,3.45673722],[-76.56770835,3.45671879],[-76.56769738,3.456693],[-76.56768278,3.45665489],[-76.56767279,3.45663677],[-76.56764023,3.45657152],[-76.56763238,3.45654659],[-76.56762259,3.45650762],[-76.56760849,3.45644255],[-76.56760214,3.4564118],[-76.56759356,3.45638517],[-76.56758142,3.45635608],[-76.56755354,3.45630133],[-76.56754468,3.45628543],[-76.56753543,3.45626975],[-76.56752407,3.45625512],[-76.56751375,3.45624508],[-76.56750085,3.45623511],[-76.56749027,3.45622896],[-76.56748033,3.45622404],[-76.56747025,3.45622024],[-76.56744355,3.45621354],[-76.56742972,3.45621111],[-76.56741042,3.45620858],[-76.56739085,3.45620667],[-76.56736835,3.456207],[-76.56734264,3.45621112],[-76.56732236,3.45621641],[-76.56729236,3.45623076],[-76.56726807,3.45624656],[-76.56724379,3.45625948],[-76.56721521,3.45627958],[-76.56718474,3.45629108],[-76.56717542,3.45630088],[-76.56716295,3.45631358],[-76.56715242,3.45632163],[-76.56714187,3.45632802],[-76.56712843,3.45633882],[-76.56711325,3.45634912],[-76.56708678,3.45636847],[-76.56707253,3.45638139],[-76.56706107,3.4563887],[-76.56704462,3.45639658],[-76.56702051,3.45640625],[-76.56700199,3.4564132],[-76.56698008,3.45641931],[-76.5669611,3.45642378],[-76.56693941,3.45642721],[-76.5669082,3.45644469],[-76.56687374,3.45645157],[-76.56685125,3.45645382],[-76.56681326,3.45645304],[-76.56677888,3.45644481],[-76.56676436,3.45644002],[-76.56674449,3.45643145],[-76.56672533,3.45642099],[-76.56670988,3.45641142],[-76.56669946,3.45640312],[-76.56669308,3.45639419],[-76.56668623,3.45638365],[-76.5666759,3.45636519],[-76.56666965,3.45634807],[-76.56666346,3.4563198],[-76.56666154,3.45630784],[-76.56666205,3.45629227],[-76.56666305,3.45627657],[-76.56666625,3.45625623],[-76.56667009,3.45623968],[-76.56667674,3.4562228],[-76.56671075,3.45619777],[-76.56672218,3.45617767],[-76.56673646,3.45615901],[-76.56673789,3.45614322],[-76.56674932,3.45612455],[-76.56670844,3.45611331],[-76.56674011,3.45604665],[-76.56675066,3.45599769],[-76.56674223,3.45595516],[-76.56672845,3.45590733],[-76.5667179,3.45588288],[-76.56671628,3.45587999],[-76.56671523,3.45587808],[-76.5667141,3.45587624],[-76.56671298,3.4558744],[-76.56671178,3.45587257],[-76.56671059,3.45587073],[-76.56670932,3.45586896],[-76.56670806,3.4558672],[-76.56670679,3.45586543],[-76.56670546,3.45586374],[-76.56670412,3.45586204],[-76.56670271,3.45586034],[-76.56670131,3.45585865],[-76.56669983,3.45585702],[-76.56669836,3.45585547],[-76.56669688,3.45585392],[-76.56669533,3.45585236],[-76.56669379,3.45585081],[-76.56669217,3.45584932],[-76.56669055,3.45584784],[-76.56668893,3.45584643],[-76.56668732,3.45584501],[-76.56668563,3.45584367],[-76.56668387,3.45584226],[-76.56668219,3.45584099],[-76.56668043,3.45583971],[-76.56667867,3.45583844],[-76.56667684,3.45583717],[-76.56667501,3.45583604],[-76.56667319,3.45583484],[-76.56667136,3.45583371],[-76.56666946,3.45583265],[-76.56666756,3.45583159],[-76.56666566,3.45583053],[-76.56666369,3.45582954],[-76.5666618,3.45582855],[-76.56665983,3.45582763],[-76.56665786,3.45582678],[-76.56665582,3.45582587],[-76.56665385,3.45582509],[-76.56665181,3.45582431],[-76.56664977,3.45582353],[-76.56664773,3.45582283],[-76.56664562,3.45582212],[-76.56664359,3.45582148],[-76.56664148,3.45582085],[-76.56663937,3.45582028],[-76.56663733,3.45581979],[-76.56663515,3.45581929],[-76.56663304,3.4558188],[-76.56663093,3.45581838],[-76.56662882,3.45581802],[-76.56662664,3.45581767],[-76.56662453,3.45581739],[-76.56662235,3.4558171],[-76.56662017,3.45581682],[-76.56661806,3.45581668],[-76.56661589,3.45581647],[-76.56661371,3.4558164],[-76.56661153,3.45581626],[-76.56660935,3.45581626],[-76.56660717,3.45581626],[-76.56660499,3.45581626],[-76.56660288,3.45581633],[-76.5666007,3.45581647],[-76.56659852,3.45581661],[-76.56659634,3.45581675],[-76.56659423,3.45581703],[-76.56659205,3.45581724],[-76.56658987,3.45581753],[-76.56658776,3.45581788],[-76.56658558,3.45581823],[-76.56658347,3.45581866],[-76.56658136,3.45581915],[-76.56657925,3.45581958],[-76.56657715,3.45582014],[-76.56649671,3.45583717],[-76.56646922,3.45584246],[-76.56639195,3.45586267],[-76.56638084,3.45586564],[-76.56637402,3.45586733],[-76.5663672,3.45586889],[-76.56636038,3.4558703],[-76.56635349,3.45587157],[-76.5663466,3.45587277],[-76.56633971,3.45587383],[-76.56633275,3.45587475],[-76.56632579,3.4558756],[-76.5663189,3.4558763],[-76.56631187,3.45587687],[-76.56630491,3.45587729],[-76.56629795,3.45587764],[-76.56629099,3.45587786],[-76.56628396,3.45587793],[-76.566277,3.45587786],[-76.56626997,3.45587771],[-76.56626301,3.45587743],[-76.56625605,3.45587701],[-76.56624909,3.45587651],[-76.56615066,3.45587545],[-76.56603212,3.45587651],[-76.56588925,3.45588286],[-76.56575911,3.45588498],[-76.56559508,3.45588603],[-76.56545327,3.45588603],[-76.56544814,3.45588589],[-76.56544336,3.45588561],[-76.56543858,3.45588532],[-76.56543387,3.4558849],[-76.56542909,3.45588441],[-76.56542437,3.45588377],[-76.56541959,3.45588313],[-76.56541488,3.45588243],[-76.56541017,3.45588158],[-76.56540553,3.45588066],[-76.56540082,3.45587967],[-76.56539618,3.45587861],[-76.56539154,3.45587741],[-76.5653869,3.45587621],[-76.56538233,3.45587487],[-76.56537776,3.45587345],[-76.56537326,3.45587204],[-76.56536869,3.45587042],[-76.56536426,3.45586879],[-76.56535976,3.45586709],[-76.56535533,3.45586533],[-76.56535097,3.45586342],[-76.56534654,3.45586151],[-76.56534226,3.45585946],[-76.56533797,3.45585734],[-76.56533368,3.45585522],[-76.56528186,3.45582541],[-76.56522787,3.45578287],[-76.56510616,3.45571695],[-76.56497075,3.45564672],[-76.56486487,3.45559995],[-76.56475168,3.45555212],[-76.56460987,3.45551488],[-76.56448711,3.45549891],[-76.56448394,3.45549884],[-76.56446011,3.45549806],[-76.56444366,3.45549792],[-76.56442728,3.45549806],[-76.56441089,3.45549848],[-76.56439451,3.45549919],[-76.56437813,3.45550025],[-76.56436175,3.45550152],[-76.56434544,3.45550307],[-76.56432913,3.45550498],[-76.56431288,3.4555071],[-76.56429664,3.45550957],[-76.56419716,3.45552448],[-76.56413894,3.45553507],[-76.56406167,3.45554143],[-76.56401724,3.45554037],[-76.56397597,3.45553931],[-76.56391986,3.45553189],[-76.56385216,3.45551592],[-76.56381194,3.45550532],[-76.56376223,3.4554808],[-76.56373151,3.45545742],[-76.56369558,3.45543191],[-76.56366697,3.455417],[-76.56357915,3.45539573],[-76.56354632,3.45539573],[-76.56349134,3.45540746],[-76.56344683,3.45541912],[-76.56343713,3.45542293],[-76.56343017,3.45542547],[-76.56342321,3.45542788],[-76.56341618,3.45543021],[-76.56340908,3.45543233],[-76.56340198,3.45543438],[-76.56339487,3.45543628],[-76.5633877,3.45543812],[-76.56338046,3.45543974],[-76.56337322,3.4554413],[-76.56336598,3.45544271],[-76.56335874,3.45544398],[-76.56335142,3.45544518],[-76.56334411,3.45544617],[-76.56333673,3.45544709],[-76.56332942,3.45544787],[-76.56326909,3.45545952],[-76.56323626,3.45546595],[-76.56315266,3.45549146],[-76.56310401,3.45551166],[-76.56306274,3.45555525],[-76.56303623,3.45559778],[-76.56303391,3.45560294],[-76.56303243,3.45560619],[-76.5630311,3.45560944],[-76.56302983,3.45561269],[-76.56302857,3.45561601],[-76.56302737,3.45561933],[-76.56302625,3.45562272],[-76.56302519,3.45562611],[-76.56302414,3.4556295],[-76.56302322,3.4556329],[-76.56302231,3.45563629],[-76.56302147,3.45563975],[-76.56302069,3.45564321],[-76.56301999,3.45564667],[-76.56301929,3.45565013],[-76.56301872,3.4556536],[-76.56301816,3.45565713],[-76.56301774,3.45566066],[-76.56301732,3.45566412],[-76.56301696,3.45566766],[-76.56301668,3.45567119],[-76.5630164,3.45567472],[-76.56301626,3.45567825],[-76.56301619,3.45568179],[-76.56301591,3.45569139],[-76.56301584,3.45569761],[-76.56301591,3.45570376],[-76.56301605,3.45570991],[-76.56301633,3.45571605],[-76.56301675,3.45572227],[-76.56301724,3.45572842],[-76.56301781,3.45573449],[-76.56301851,3.45574064],[-76.56301935,3.45574679],[-76.56302027,3.45575286],[-76.56302125,3.45575894],[-76.56302245,3.45576501],[-76.56302364,3.45577102],[-76.56302498,3.4557771],[-76.56302645,3.45578303],[-76.563028,3.45578904],[-76.56302962,3.45579497],[-76.56303137,3.4558009],[-76.56303327,3.45580677],[-76.56303517,3.45581256],[-76.56303826,3.45582443],[-76.56304023,3.45583121],[-76.56304227,3.455838],[-76.56304445,3.45584464],[-76.5630467,3.45585135],[-76.56304909,3.45585792],[-76.56305162,3.45586449],[-76.56305422,3.45587106],[-76.56305696,3.45587749],[-76.56305985,3.45588392],[-76.5630628,3.45589035],[-76.56306582,3.45589664],[-76.56306906,3.45590293],[-76.56307229,3.45590914],[-76.56307573,3.45591529],[-76.56307918,3.45592144],[-76.56308284,3.45592744],[-76.56309169,3.45594313],[-76.56309887,3.45595514],[-76.56310618,3.45596708],[-76.5631137,3.45597881],[-76.56312143,3.45599039],[-76.56312938,3.45600191],[-76.56324791,3.45615396],[-76.56334311,3.45626241],[-76.56339816,3.45631455],[-76.56345215,3.45636026],[-76.56349869,3.45640916],[-76.56350087,3.4564117],[-76.5635027,3.45641396],[-76.56350453,3.45641629],[-76.56350629,3.45641855],[-76.56350805,3.45642096],[-76.56350973,3.45642329],[-76.56351142,3.45642569],[-76.56351304,3.45642816],[-76.56351458,3.45643063],[-76.56351613,3.45643311],[-76.56351761,3.45643565],[-76.56351901,3.45643819],[-76.56352042,3.45644074],[-76.56352175,3.45644335],[-76.56352309,3.45644597],[-76.56352436,3.45644858],[-76.56352555,3.45645127],[-76.56352675,3.45645395],[-76.5635278,3.45645664],[-76.56352893,3.45645939],[-76.56352991,3.45646207],[-76.56353089,3.45646483],[-76.56353181,3.45646766],[-76.56353272,3.45647041],[-76.56353357,3.45647324],[-76.56353434,3.45647606],[-76.56353504,3.45647889],[-76.56353574,3.45648172],[-76.56353638,3.45648461],[-76.56353694,3.45648744],[-76.56353694,3.45652806],[-76.56354354,3.45673288],[-76.5634901,3.4569507],[-76.56341319,3.45707966],[-76.56340313,3.45709277],[-76.5633729,3.45713043],[-76.56333422,3.45718996],[-76.56330763,3.45723006],[-76.56328103,3.45727865],[-76.56325927,3.45731145],[-76.56324356,3.45735883],[-76.56323268,3.45739285],[-76.56322301,3.45742565],[-76.56321455,3.45746453],[-76.56320508,3.45751211],[-76.56314302,3.45767252],[-76.56313114,3.45769778],[-76.56310938,3.45774031],[-76.56309366,3.45776582],[-76.5630719,3.45779984],[-76.5630441,3.45784357],[-76.56302355,3.45787151],[-76.56299574,3.45790553],[-76.56296552,3.45793955],[-76.56292442,3.45797721],[-76.56289299,3.45800637],[-76.56285914,3.45803553],[-76.56282166,3.45807441],[-76.56279023,3.45810599],[-76.56276243,3.45813272],[-76.56273099,3.45816431],[-76.56269352,3.45820197],[-76.56265613,3.45823602],[-76.56261136,3.45827504],[-76.56241325,3.45839375],[-76.56230666,3.45844618],[-76.56225831,3.45847291],[-76.56220149,3.45850206],[-76.5621495,3.45853001],[-76.56210961,3.45855795],[-76.56207817,3.45858104],[-76.56205521,3.45860533],[-76.56202982,3.45864057],[-76.56199355,3.45871589],[-76.56195487,3.45881915],[-76.56192102,3.4589127],[-76.56190048,3.45896737],[-76.56187751,3.45902204],[-76.56185696,3.45905849],[-76.56182794,3.45909979],[-76.56180497,3.45912773],[-76.56178563,3.45914717],[-76.56173607,3.45918848],[-76.56163573,3.45927474],[-76.56155715,3.45933306],[-76.5614689,3.45939866],[-76.56140966,3.45944362],[-76.56132382,3.45950436],[-76.5612259,3.45957361],[-76.56112677,3.45965258],[-76.56107962,3.45969511],[-76.56104819,3.45972305],[-76.56100467,3.45978136],[-76.56097445,3.45982389],[-76.56095511,3.45986398],[-76.5609406,3.45989556],[-76.56092972,3.45992594],[-76.56091763,3.45995995],[-76.56090434,3.46000976],[-76.56089588,3.46005228],[-76.56089422,3.46009303],[-76.56065152,3.46038937],[-76.56062234,3.46049471],[-76.56060195,3.4605684],[-76.56056236,3.46071139],[-76.56054372,3.46115996],[-76.5606053,3.46155971],[-76.56069984,3.46229964],[-76.56072942,3.46284924],[-76.56077483,3.463267],[-76.56082692,3.46355046],[-76.55937037,3.46353334],[-76.55936058,3.46344932],[-76.55935966,3.46343575],[-76.55935784,3.46342127],[-76.55935517,3.46340586],[-76.55934945,3.46339438],[-76.55934231,3.46337715],[-76.55934082,3.46335947],[-76.55933467,3.46335835],[-76.5592964,3.4632857],[-76.55929373,3.46327666],[-76.5592816,3.46324551],[-76.55927801,3.46323646],[-76.55927527,3.46322742],[-76.55927168,3.46321838],[-76.55926627,3.46320573],[-76.55926086,3.46319485],[-76.55925369,3.46318489],[-76.55923557,3.46314829],[-76.55922657,3.46313741],[-76.55921666,3.46312751],[-76.55920447,3.46310793],[-76.55919371,3.46310065],[-76.5591838,3.46309253],[-76.55917238,3.4630783],[-76.55916514,3.46307194],[-76.55915705,3.4630665],[-76.55914212,3.46306141],[-76.55913228,3.46305328],[-76.55911985,3.46304959],[-76.55911085,3.46304323],[-76.55908842,3.46302942],[-76.55907551,3.46302104],[-76.55906084,3.46301452],[-76.55903656,3.46300735],[-76.55902671,3.4630019],[-76.5590037,3.4629973],[-76.55897369,3.46299012],[-76.55895443,3.46298658],[-76.55894269,3.46298029]],[[-76.55634282,3.45880239],[-76.55646552,3.45722419],[-76.55652415,3.4572287],[-76.55780574,3.45732709],[-76.55822187,3.45662064],[-76.5585438,3.45591225],[-76.55855579,3.45588121],[-76.55855432,3.45587825],[-76.55860661,3.45574976],[-76.55852118,3.45574803],[-76.55776718,3.45573272],[-76.55731785,3.4557236],[-76.55724821,3.45572218],[-76.55670338,3.45570971],[-76.55594354,3.45569231],[-76.55462613,3.45574088],[-76.55260635,3.45581535],[-76.55241318,3.4565695],[-76.552253,3.45713283],[-76.55190406,3.45818064],[-76.55188591,3.45821571],[-76.55203862,3.45817212],[-76.55209146,3.45797191],[-76.55244843,3.45798855],[-76.55290954,3.45801305],[-76.55473611,3.45828317],[-76.55452375,3.4592376],[-76.55483285,3.45946636],[-76.55566593,3.45943401],[-76.55593799,3.45908811],[-76.55632677,3.45900881],[-76.55634282,3.45880239]]]]},"geometry_name":"the_geom","properties":{"bpcodigo":"0199","bpnombre":"Aguacatal","bpcomuna":1,"bpestramod":1,"bpupu":8,"bpobserv":null,"bparea":91.6313406353,"bpperim":9473.61797624}},{"type":"Feature","id":"pmih_barrios_precarios.71","geometry":{"type":"MultiPolygon","coordinates":[[[[-76.54155902,3.45595373],[-76.54154826,3.45595373],[-76.54153926,3.45595373],[-76.54153118,3.45594829],[-76.54152795,3.45594544],[-76.54152302,3.45594108],[-76.54151402,3.4559338],[-76.54150685,3.45592928],[-76.54149785,3.45592568],[-76.54148794,3.45592207],[-76.54147986,3.45591755],[-76.54147268,3.45590943],[-76.54146636,3.45590215],[-76.54145827,3.45589402],[-76.54144927,3.45588682],[-76.54143845,3.45588046],[-76.54142945,3.45587594],[-76.54142136,3.45586958],[-76.54141503,3.45586329],[-76.54140969,3.45585516],[-76.54140604,3.45584612],[-76.54140428,3.45583708],[-76.54140336,3.45582711],[-76.54140245,3.45581623],[-76.54140154,3.45580627],[-76.54139978,3.45579638],[-76.54139887,3.45578642],[-76.54139704,3.45577554],[-76.54139528,3.45576558],[-76.54139528,3.45575653],[-76.54139437,3.45574572],[-76.54139437,3.45573392],[-76.54139437,3.45572128],[-76.54139346,3.45570771],[-76.54139346,3.45569415],[-76.54139254,3.45568058],[-76.54139255,3.45566702],[-76.54139255,3.45565529],[-76.54139255,3.45564625],[-76.54139255,3.45563628],[-76.5413917,3.45562364],[-76.5413917,3.45561007],[-76.54139171,3.45559742],[-76.54139171,3.45558386],[-76.54139171,3.45557114],[-76.54139171,3.4555585],[-76.54139079,3.45554493],[-76.54139079,3.45553045],[-76.54139079,3.45551603],[-76.5413908,3.45550607],[-76.5413908,3.45549611],[-76.5413908,3.45548615],[-76.5413908,3.45547619],[-76.5413908,3.4554663],[-76.5413908,3.45546402],[-76.5413908,3.45545633],[-76.5413908,3.45544637],[-76.5413908,3.45543641],[-76.5413908,3.45542645],[-76.5413908,3.4554174],[-76.5413908,3.45540751],[-76.5413908,3.45539395],[-76.5413908,3.45538215],[-76.5413908,3.45536858],[-76.5413908,3.45535686],[-76.5413908,3.45534598],[-76.5413908,3.45533333],[-76.54138989,3.45532337],[-76.54139896,3.45526344],[-76.54137801,3.45514715],[-76.54136656,3.45512394],[-76.54132758,3.45505113],[-76.5412833,3.45496841],[-76.54125833,3.45492177],[-76.54122333,3.45486133],[-76.54115901,3.45475042],[-76.54112741,3.45470084],[-76.54107922,3.45464015],[-76.54105653,3.45459516],[-76.54103154,3.45453232],[-76.54101339,3.45447534],[-76.54098124,3.45418827],[-76.54096253,3.45392017],[-76.54097948,3.45374986],[-76.5412831,3.45384354],[-76.54130806,3.45378146],[-76.5413513,3.45374169],[-76.54139539,3.45367931],[-76.54142956,3.45362413],[-76.54145206,3.45357531],[-76.54147365,3.45351561],[-76.54147561,3.45351013],[-76.54148668,3.45347917],[-76.54149262,3.45344635],[-76.54148965,3.45339861],[-76.54148668,3.45333894],[-76.54148371,3.45328523],[-76.54148074,3.45322854],[-76.54147183,3.45317782],[-76.54146886,3.45313605],[-76.54147183,3.45305549],[-76.54146886,3.45297791],[-76.54147479,3.45290928],[-76.54147182,3.45285856],[-76.54148073,3.45278994],[-76.54147776,3.45272429],[-76.54147182,3.4526139],[-76.54144938,3.45254792],[-76.54142266,3.45249123],[-76.54139593,3.45243156],[-76.5413732,3.45238438],[-76.54135483,3.45233907],[-76.54133813,3.4523055],[-76.54132613,3.45226761],[-76.54130813,3.45223504],[-76.54128472,3.45220975],[-76.54125864,3.4521853],[-76.54123029,3.45217117],[-76.5412125,3.45216593],[-76.54119115,3.45216361],[-76.54145322,3.45200754],[-76.54160324,3.4524131],[-76.54169254,3.45276842],[-76.54172112,3.45311656],[-76.54176346,3.45329471],[-76.54194922,3.45349793],[-76.54201724,3.45356936],[-76.54235831,3.45392754],[-76.54238875,3.45395951],[-76.54239072,3.45396147],[-76.54239789,3.45397051],[-76.54240598,3.45397871],[-76.54241322,3.45398775],[-76.54242222,3.45399588],[-76.5424303,3.45400216],[-76.54243839,3.4540076],[-76.54244739,3.45401396],[-76.54245456,3.4540194],[-76.54246356,3.45402477],[-76.5424708,3.45403022],[-76.54247706,3.45403749],[-76.54248338,3.4540447],[-76.5424888,3.45405191],[-76.54249597,3.45405918],[-76.54250405,3.45406547],[-76.54251129,3.45407183],[-76.54252029,3.45407727],[-76.54252746,3.45408356],[-76.54253471,3.45409084],[-76.5425437,3.45409896],[-76.54255179,3.45410617],[-76.54255987,3.45411345],[-76.54256887,3.45411974],[-76.54257604,3.45412426],[-76.5425842,3.4541297],[-76.5425932,3.45413514],[-76.5426022,3.45414058],[-76.54261296,3.45414602],[-76.54262195,3.45415139],[-76.54263004,3.45415506],[-76.5426382,3.45416043],[-76.54264628,3.45416587],[-76.54265436,3.45417315],[-76.54266154,3.45417944],[-76.54266878,3.4541858],[-76.54267869,3.45419392],[-76.54268678,3.45420028],[-76.54269486,3.45420749],[-76.54270386,3.45421562],[-76.54271194,3.45422289],[-76.54271919,3.45422918],[-76.54272453,3.45423914],[-76.54272903,3.45425002],[-76.54273268,3.45425992],[-76.54273536,3.45426896],[-76.54273627,3.45428076],[-76.54273894,3.45429157],[-76.54274344,3.45430061],[-76.54274618,3.45431057],[-76.54274885,3.45432054],[-76.54275068,3.45432958],[-76.54275335,3.45434046],[-76.54275694,3.45435219],[-76.54276052,3.45436392],[-76.54277043,3.45437663],[-76.54277943,3.45438928],[-76.54278935,3.45440193],[-76.54279926,3.45441458],[-76.54280467,3.45441641],[-76.54281093,3.4544191],[-76.54281634,3.45442185],[-76.54282176,3.45442454],[-76.54282717,3.45442814],[-76.54283167,3.45443266],[-76.54283617,3.45443719],[-76.54284517,3.45444446],[-76.54285325,3.45445167],[-76.54286134,3.45445888],[-76.54287125,3.45446792],[-76.54288201,3.45447696],[-76.54288925,3.45448332],[-76.54289916,3.45449145],[-76.54290725,3.45450049],[-76.54291625,3.45451137],[-76.54292524,3.4545231],[-76.54292883,3.45453575],[-76.54293241,3.45454571],[-76.54293516,3.45455475],[-76.54293783,3.45456472],[-76.5429405,3.4545756],[-76.54294415,3.45458549],[-76.54294683,3.45459637],[-76.5429495,3.45460633],[-76.54295132,3.45461629],[-76.54295315,3.45462618],[-76.54295491,3.45463615],[-76.54295674,3.45464519],[-76.54295849,3.45465515],[-76.54295941,3.45466511],[-76.54296032,3.45467592],[-76.54296123,3.45468864],[-76.54296215,3.45469942],[-76.54296215,3.45469945],[-76.54296215,3.45470576],[-76.54296215,3.45470941],[-76.54296214,3.45471572],[-76.54296215,3.45471937],[-76.54296299,3.45473294],[-76.5429639,3.45474198],[-76.54296481,3.45475102],[-76.54296481,3.45475734],[-76.54296482,3.45476099],[-76.54296573,3.45477364],[-76.54296664,3.45478536],[-76.54296749,3.45479893],[-76.54297381,3.45482429],[-76.54299631,3.45486675],[-76.54299891,3.45488225],[-76.54300032,3.45489118],[-76.54300198,3.45490007],[-76.5430039,3.4549089],[-76.54300608,3.45491767],[-76.54300852,3.45492638],[-76.54301121,3.45493501],[-76.54301416,3.45494355],[-76.54301735,3.45495201],[-76.54302079,3.45496037],[-76.54302447,3.45496862],[-76.54302839,3.45497676],[-76.54303255,3.45498478],[-76.54303694,3.45499267],[-76.54304156,3.45500043],[-76.5430464,3.45500805],[-76.54305147,3.45501552],[-76.54305675,3.45502284],[-76.54306225,3.45503001],[-76.54307012,3.45504042],[-76.5430818,3.45504855],[-76.54309171,3.45505399],[-76.54310071,3.45505943],[-76.54310971,3.45506395],[-76.54311871,3.45506932],[-76.54312679,3.45507384],[-76.54313488,3.45507836],[-76.54314296,3.4550838],[-76.54315288,3.45508833],[-76.54316187,3.45509285],[-76.54317362,3.45509829],[-76.54318261,3.45510097],[-76.54319337,3.45510465],[-76.54320328,3.45510733],[-76.54321496,3.45511094],[-76.54322578,3.45511369],[-76.5432357,3.45511546],[-76.54324192,3.45511719],[-76.54324172,3.45511725],[-76.54356143,3.45521227],[-76.54354884,3.45521771],[-76.54354076,3.45522131],[-76.54352817,3.45522852],[-76.54351826,3.45523488],[-76.54350835,3.45523848],[-76.54349843,3.45524208],[-76.54348859,3.45524484],[-76.54347685,3.45524752],[-76.54346609,3.45524936],[-76.54345435,3.4552502],[-76.54344268,3.45525112],[-76.54343185,3.45525112],[-76.54342109,3.45525112],[-76.54340844,3.45525112],[-76.54339859,3.4552502],[-76.54338685,3.45524843],[-76.54337427,3.45524751],[-76.54336168,3.45524751],[-76.54334818,3.45524659],[-76.54333918,3.45524391],[-76.5433266,3.45524031],[-76.54331577,3.45523755],[-76.54330586,3.45523578],[-76.54329686,3.45523578],[-76.54328786,3.45523303],[-76.54327886,3.45523126],[-76.5432681,3.45522942],[-76.54325728,3.4552285],[-76.54324469,3.45522758],[-76.54323386,3.45522582],[-76.54322395,3.4552249],[-76.54321495,3.45522398],[-76.54320419,3.45522306],[-76.54319337,3.45521854],[-76.54318437,3.45521677],[-76.54317445,3.45521402],[-76.54316637,3.45521041],[-76.5431547,3.45520681],[-76.54314296,3.45520137],[-76.54313037,3.45519593],[-76.54312229,3.45519141],[-76.5431097,3.4551878],[-76.54309887,3.45518512],[-76.5430872,3.45518236],[-76.54307638,3.45518059],[-76.54306562,3.45517876],[-76.54305479,3.45517784],[-76.54304488,3.45517515],[-76.54303496,3.45517331],[-76.54302421,3.45517331],[-76.54301429,3.45517331],[-76.54300529,3.45517331],[-76.54299629,3.45517423],[-76.5429873,3.45517607],[-76.54297738,3.45517875],[-76.54296662,3.45518151],[-76.54295488,3.45518511],[-76.54294497,3.45518871],[-76.54293513,3.45519323],[-76.54292521,3.45519775],[-76.54291713,3.45520228],[-76.5429108,3.45520772],[-76.5429018,3.455214],[-76.5428928,3.45522036],[-76.54288471,3.45522757],[-76.54287663,3.45523661],[-76.5428703,3.45524481],[-76.54286439,3.45525141],[-76.54286221,3.45525385],[-76.54285497,3.45525922],[-76.5428478,3.45526558],[-76.54284147,3.45527914],[-76.54283697,3.45529362],[-76.54282263,3.45531171],[-76.54279739,3.45532436],[-76.54278747,3.45532252],[-76.54277847,3.45531983],[-76.54276863,3.455318],[-76.54275963,3.45532167],[-76.54275422,3.45532887],[-76.5427488,3.45533792],[-76.54274522,3.45534604],[-76.54274163,3.45535692],[-76.5427398,3.45536957],[-76.54273713,3.45538045],[-76.5427353,3.45539218],[-76.5427353,3.45540214],[-76.54273439,3.45541295],[-76.54273439,3.45542475],[-76.54273438,3.45543379],[-76.54273438,3.45544017],[-76.54273438,3.45544552],[-76.54273326,3.45545303],[-76.54273263,3.45545732],[-76.54273171,3.45547088],[-76.5427308,3.45548445],[-76.54272988,3.45549618],[-76.54272988,3.45550706],[-76.54272988,3.45551313],[-76.54272988,3.45551878],[-76.54272988,3.45553143],[-76.54272988,3.45554139],[-76.54272988,3.45555312],[-76.54272988,3.45556308],[-76.54272721,3.45557488],[-76.54272271,3.4555893],[-76.54271821,3.45560018],[-76.54268762,3.45564899],[-76.54265429,3.45570233],[-76.54264796,3.45570961],[-76.54264262,3.45571682],[-76.54262729,3.45573766],[-76.54262096,3.45574939],[-76.54261646,3.45576111],[-76.5426102,3.45577199],[-76.54260479,3.45578196],[-76.54259846,3.455791],[-76.54259038,3.45579912],[-76.54258138,3.45580908],[-76.54257421,3.45581629],[-76.54256696,3.45582265],[-76.54255888,3.45582809],[-76.54254988,3.45583169],[-76.54254673,3.45583191],[-76.54253638,3.45583261],[-76.54252562,3.45583261],[-76.54251388,3.45583169],[-76.54250221,3.45582985],[-76.54249321,3.45582717],[-76.54248421,3.45582265],[-76.54247613,3.4558172],[-76.5424698,3.45581085],[-76.54246263,3.45580456],[-76.54245538,3.45580004],[-76.54244463,3.45579368],[-76.5424338,3.45579007],[-76.54242389,3.45578647],[-76.54241313,3.45578371],[-76.5424023,3.45578195],[-76.54239063,3.45578103],[-76.5423798,3.45578103],[-76.54236898,3.45578011],[-76.54235913,3.45578011],[-76.54234922,3.45578011],[-76.54233664,3.45578011],[-76.54232314,3.45578102],[-76.54230964,3.45578286],[-76.54229972,3.45578371],[-76.54228981,3.45578554],[-76.54227723,3.45578823],[-76.5422664,3.4557919],[-76.54225473,3.4557955],[-76.54224481,3.45579911],[-76.5422349,3.45580271],[-76.5422259,3.45580723],[-76.54221331,3.45581267],[-76.54220249,3.45581811],[-76.5421944,3.4558244],[-76.54218723,3.45583076],[-76.54218181,3.45583796],[-76.54217549,3.45584616],[-76.54216923,3.4558552],[-76.5421629,3.45586424],[-76.5421539,3.45587237],[-76.54214764,3.45587597],[-76.5421449,3.45587689],[-76.54213414,3.45588049],[-76.54212514,3.4558841],[-76.54211699,3.45588954],[-76.54210799,3.45589314],[-76.54209815,3.45589674],[-76.54208732,3.45590041],[-76.54207832,3.4559031],[-76.54206932,3.45590126],[-76.54205849,3.45589674],[-76.54204949,3.45589137],[-76.54204141,3.45588593],[-76.54203241,3.45587957],[-76.54202791,3.45587597],[-76.54202432,3.45587328],[-76.54201624,3.45586692],[-76.542009,3.45585971],[-76.54200091,3.45585336],[-76.54199191,3.45584883],[-76.541982,3.45584431],[-76.54197216,3.45584247],[-76.54196224,3.455847],[-76.54195591,3.45585427],[-76.54195233,3.4558624],[-76.5419505,3.45587236],[-76.54194966,3.45587596],[-76.54194874,3.45588409],[-76.54194783,3.45589313],[-76.54194515,3.45590401],[-76.54194333,3.45591482],[-76.541937,3.45592386],[-76.541928,3.45592478],[-76.54191816,3.45592386],[-76.54191,3.45591934],[-76.541901,3.45591213],[-76.54189292,3.45590577],[-76.54188483,3.45589949],[-76.541874,3.45589404],[-76.541865,3.45588952],[-76.54185692,3.45588592],[-76.54184701,3.45588232],[-76.54183716,3.45587956],[-76.54182634,3.45587596],[-76.54182542,3.45587596],[-76.54181642,3.45587327],[-76.54180384,3.4558696],[-76.54179575,3.45586691],[-76.54178584,3.45586423],[-76.54177593,3.45586239],[-76.54176334,3.45586055],[-76.54175343,3.4558597],[-76.54174443,3.4558597],[-76.54173276,3.45586055],[-76.54172376,3.4558633],[-76.54171293,3.45586599],[-76.54170126,3.45587143],[-76.54169226,3.45587595],[-76.54169134,3.45587687],[-76.54168326,3.45588139],[-76.54167334,3.45588768],[-76.54166617,3.45589312],[-76.54165802,3.45589856],[-76.54164817,3.455904],[-76.54163826,3.45591028],[-76.54163017,3.4559148],[-76.54162117,3.45592024],[-76.54161217,3.4559266],[-76.54160402,3.45593289],[-76.54159685,3.45593833],[-76.54158876,3.45594469],[-76.54157885,3.45595013],[-76.54156951,3.45595323],[-76.54156802,3.45595373],[-76.54155902,3.45595373]]]]},"geometry_name":"the_geom","properties":{"bpcodigo":"0297","bpnombre":"Sector Altos de Normandia - Bataclán","bpcomuna":2,"bpestramod":1,"bpupu":9,"bpobserv":null,"bparea":4.7384297676,"bpperim":1284.75777352}}],"totalFeatures":71,"numberMatched":71,"numberReturned":71,"timeStamp":"2026-09-25T19:00:36.437Z","crs":{"type":"name","properties":{"name":"urn:ogc:def:crs:EPSG::4326"}}}